Ticker,MarketCap,PE,ForwardPE,PEG,PS,PB,PC,PFCF,EPSThisY,EPSNextY,EPSPast5Y,EPSNext5Y,SalesPast5Y,Price,Change,Volume
A,38.18B,27.15,20.48,2.19,5.28,5.36,21.13,35.13,8.33%,9.01%,14.68%,9.34%,5.41%,135.20,0.87%,"1,683,906"
AA,12.95B,12.34,7.43,0.31,1.00,1.90,8.64,45.11,79.84%,-2.58%,-,24.22%,7.07%,49.06,0.70%,"4,239,772"
AAA,-,-,-,-,-,-,-,-,-,-,-,-,-,24.97,0.08%,"1,211"
AAAA,-,-,-,-,-,-,-,-,-,-,-,-,-,30.32,0.58%,"10,635"
AAAC,-,-,-,-,-,-,-,-,-,-,-,-,-,20.05,0.07%,"100,010"
AAAD,-,-,-,-,-,-,-,-,-,-,-,-,-,49.96,0.27%,14
AAAP,-,-,-,-,-,-,-,-,-,-,-,-,-,25.25,0.08%,8
AAAU,-,-,-,-,-,-,-,-,-,-,-,-,-,39.99,1.37%,"1,242,161"
AAC-U,347.77M,-,-,-,-,67200.00,-,-,-,-,-,-,-,10.08,0.10%,"100,556"
AACB,292.25M,53.63,-,-,-,1.36,14612.34,-,-,-,-,-,-,10.56,0.09%,"3,776"
AACG,43.03M,-,-,-,1.15,6.93,3.53,-,-,-,14.26%,-,9.68%,1.00,5.15%,"3,622"
AACI,339.80M,-,-,-,-,1.41,377.56,-,-,-,-,-,-,9.99,0.15%,87
AACO,312.83M,-,-,-,-,1.40,237.00,-,-,-,-,-,-,9.98,0.10%,"7,431"
AACP,234.23M,-,-,-,-,-,-,-,-,-,-,-,-,9.98,-0.10%,"1,618"
AADR,-,-,-,-,-,-,-,-,-,-,-,-,-,83.40,0.23%,707
AADX,3.28B,-,-,-,6.29,14.04,206.24,-,-,-,-,-,-,19.23,2.72%,"681,810"
AAEQ,-,-,-,-,-,-,-,-,-,-,-,-,-,53.64,0.45%,29
AAL,10.36B,51.16,6.04,0.05,0.19,-,1.29,9.42,67.11%,330.99%,-,110.11%,25.80%,15.67,-3.92%,"138,419,701"
AALG,-,-,-,-,-,-,-,-,-,-,-,-,-,15.31,-7.65%,"12,258"
AAME,33.25M,7.23,-,-,0.16,0.30,-,1.37,-,-,-42.60%,-,-1.03%,1.63,-1.81%,"8,948"
AAMI,2.87B,34.29,12.92,-,4.48,37.06,19.15,15.36,53.85%,24.80%,-8.76%,-,3.76%,80.62,2.30%,"340,942"
AAOG,-,-,-,-,-,-,-,-,-,-,-,-,-,4.76,23.96%,"1,557,530"
AAOI,10.07B,-,21.90,-,19.85,8.96,22.40,-,497.54%,454.14%,24.98%,-,14.20%,125.45,12.13%,"9,987,001"
AAON,9.25B,79.44,32.36,0.64,5.72,9.89,8409.36,-,67.70%,54.15%,5.45%,50.26%,22.89%,112.93,0.66%,"835,384"
AAOX,-,-,-,-,-,-,-,-,-,-,-,-,-,21.26,24.77%,"5,587,377"
AAP,3.34B,76.53,13.82,0.47,0.39,1.50,1.13,-,29.49%,36.99%,-36.70%,29.14%,-3.17%,55.41,0.18%,"1,734,795"
AAPB,-,-,-,-,-,-,-,-,-,-,-,-,-,40.05,-1.57%,"30,040"
AAPD,-,-,-,-,-,-,-,-,-,-,-,-,-,11.12,0.82%,"11,115,204"
AAPE,-,-,-,-,-,-,-,-,-,-,-,-,-,15.16,-1.50%,"5,114"
AAPG,1.79B,-,-,-,22.37,9.44,5.06,-,56.60%,68.34%,-1.32%,52.87%,113.42%,19.24,-1.84%,"3,065"
AAPL,4624.46B,38.09,32.61,2.55,10.24,43.37,67.50,35.80,17.44%,10.22%,17.91%,12.79%,8.71%,314.86,-0.77%,"36,336,829"
AAPR,-,-,-,-,-,-,-,-,-,-,-,-,-,29.55,0.24%,"5,176"
AAPU,-,-,-,-,-,-,-,-,-,-,-,-,-,41.15,-1.65%,"1,104,871"
AAPW,-,-,-,-,-,-,-,-,-,-,-,-,-,40.76,-0.95%,"10,278"
AAPX,-,-,-,-,-,-,-,-,-,-,-,-,-,37.19,-1.81%,"21,385"
AAPY,-,-,-,-,-,-,-,-,-,-,-,-,-,26.70,-0.76%,"1,194"
AARD,137.00M,-,-,-,-,1.57,1.50,-,-22.43%,9.08%,-,0.02%,-,6.26,5.03%,"337,294"
AAT,1.55B,83.63,-,-,3.53,1.36,13.06,16.70,-,-,14.72%,-,6.88%,25.18,0.16%,"282,108"
AAUA,-,-,-,-,-,-,-,-,-,-,-,-,-,57.44,0.39%,12
AAUC,2.85B,-,2.44,0.03,2.06,8.50,6.71,72.11,237.68%,92.95%,-,96.01%,-,22.60,0.62%,"685,009"
AAUM,-,-,-,-,-,-,-,-,-,-,-,-,-,20.04,0.00%,0
AAUS,-,-,-,-,-,-,-,-,-,-,-,-,-,60.28,0.39%,"2,617"
AAVM,-,-,-,-,-,-,-,-,-,-,-,-,-,33.66,1.05%,"1,109"
AAXJ,-,-,-,-,-,-,-,-,-,-,-,-,-,113.94,1.89%,"530,590"
AB,3.52B,11.56,9.62,1.04,-,2.76,-,10.81,5.29%,11.52%,0.57%,9.23%,-,37.63,0.75%,"209,008"
ABAT,356.05M,-,-,-,21.87,3.06,9.25,-,18.97%,60.64%,5.77%,19.73%,-,2.61,4.40%,"2,686,404"
ABBV,432.48B,120.73,14.94,0.67,6.88,-,46.05,21.65,40.87%,16.27%,-2.81%,22.46%,5.95%,244.78,-1.30%,"5,247,226"
ABCB,6.06B,14.18,12.68,-,3.61,1.49,-,12.01,12.36%,5.61%,9.71%,-,7.93%,90.11,0.32%,"371,005"
ABCL,2.06B,-,-,-,25.98,2.18,3.89,-,-20.41%,-9.23%,-,-18.48%,-20.27%,6.74,3.37%,"4,262,296"
ABCS,-,-,-,-,-,-,-,-,-,-,-,-,-,34.14,-0.52%,"3,458"
ABEO,402.39M,7.53,-,-,27.67,2.77,2.39,-,-174.09%,90.65%,-,-26.72%,-10.26%,7.06,0.71%,"1,094,951"
ABEQ,-,-,-,-,-,-,-,-,-,-,-,-,-,37.21,-0.60%,"2,770"
ABEV,48.19B,16.85,14.31,1.79,2.97,2.79,12.81,11.98,12.76%,6.47%,4.85%,8.01%,6.89%,3.09,0.98%,"18,134,172"
ABFL,-,-,-,-,-,-,-,-,-,-,-,-,-,83.50,1.05%,"7,928"
ABG,3.96B,7.54,7.24,1.47,0.22,1.01,144.07,8.33,-8.26%,14.05%,13.75%,4.91%,20.34%,212.79,0.98%,"137,664"
ABI,-,-,-,-,-,-,-,-,-,-,-,-,-,24.78,0.08%,240
ABIG,-,-,-,-,-,-,-,-,-,-,-,-,-,34.77,0.69%,"10,087"
ABLD,-,-,-,-,-,-,-,-,-,-,-,-,-,30.31,0.76%,"6,971"
ABLG,-,-,-,-,-,-,-,-,-,-,-,-,-,31.48,1.71%,81
ABLS,-,-,-,-,-,-,-,-,-,-,-,-,-,23.02,0.81%,"4,900"
ABLV,52.35M,-,-,-,0.50,6.74,5.81,44.75,-,-,-,-,-2.69%,1.06,0.95%,"35,064"
ABM,2.65B,17.45,10.40,1.08,0.29,1.52,27.96,7.95,15.62%,9.49%,256.47%,9.66%,7.87%,45.30,-0.13%,"399,600"
ABNB,88.32B,36.09,24.15,1.13,6.95,11.42,7.32,19.45,27.16%,18.41%,-,21.28%,29.50%,146.54,0.14%,"3,085,361"
ABNG,-,-,-,-,-,-,-,-,-,-,-,-,-,18.74,0.49%,"3,648"
ABOS,182.73M,-,-,-,-,2.09,1.42,-,28.89%,-2.77%,-61.49%,16.30%,-,2.53,-4.17%,"546,296"
ABOT,-,-,-,-,-,-,-,-,-,-,-,-,-,40.41,-0.20%,64
ABR,961.80M,13.01,8.24,-,0.80,0.43,1.20,4.07,-70.09%,89.52%,-16.98%,-,12.27%,5.00,1.83%,"3,046,517"
ABSI,1.73B,-,-,-,941.83,9.24,13.79,-,10.95%,6.56%,-9.45%,19.27%,-10.14%,10.23,0.20%,"3,287,544"
ABT,154.95B,24.78,14.70,1.57,3.43,2.98,21.24,21.00,6.25%,10.57%,8.23%,9.38%,5.08%,88.96,-3.42%,"12,473,878"
ABTC,393.22M,-,-,-,1.91,0.55,39.13,-,-,-,86.80%,-,63.91%,5.40,2.18%,"1,629,829"
ABTS,3.52M,-,-,-,0.39,0.36,43.99,-,-,-,-,-,57.35%,1.19,1.71%,"9,192"
ABUF,-,-,-,-,-,-,-,-,-,-,-,-,-,27.22,0.25%,"2,547"
ABUS,910.65M,5.60,-,-,4.76,3.49,9.56,-,541.18%,-112.00%,29.45%,-,15.29%,4.61,-1.18%,"1,685,534"
ABVC,34.84M,-,-,-,-,3.21,174.20,-,-,-,39.78%,-,-,1.34,-0.74%,"59,267"
ABVX,11.76B,-,-,-,-,21.61,20.76,-,30.66%,9.57%,-12.77%,-,-,134.91,-0.79%,"933,134"
ABX,1.07B,27.93,9.63,0.59,4.27,2.56,28.72,8.28,16.38%,15.53%,-,16.41%,-,11.14,1.27%,"774,685"
ABXB,-,-,-,-,-,-,-,-,-,-,-,-,-,19.19,0.26%,15
ACA,7.11B,32.05,28.89,-,2.52,2.69,46.42,29.91,-4.29%,17.37%,14.24%,-,8.30%,145.08,0.11%,"881,995"
ACAA,356.47M,-,-,-,-,-,891.18,-,-,-,-,-,-,9.99,0.00%,"10,362"
ACAD,4.36B,11.61,32.18,-,3.99,3.49,5.13,38.43,-83.48%,108.44%,-,-13.27%,19.39%,25.49,-0.04%,"1,221,006"
ACB,164.76M,-,-,-,0.71,0.43,1.40,-,69.84%,91.76%,45.34%,-,3.95%,2.66,-0.37%,"1,092,450"
ACCL,26.22M,368.63,-,-,41.62,35.27,32.37,262.21,-,-,-,-,-,1.88,-1.05%,"18,889"
ACCO,359.81M,4.96,4.08,-,0.23,0.53,3.03,7.36,3.57%,9.96%,-7.40%,-,-1.63%,3.90,-1.02%,"785,745"
ACCS,26.86M,-,11.16,-,1.20,0.90,7.70,40.09,-22.81%,40.91%,14.85%,-,4.07%,6.92,1.02%,"4,590"
ACDC,966.12M,-,-,-,0.54,1.57,28.84,483.06,29.11%,49.21%,-21.59%,47.42%,28.81%,5.34,2.69%,"1,390,381"
ACEI,-,-,-,-,-,-,-,-,-,-,-,-,-,23.28,-0.09%,"21,143"
ACEL,1.02B,20.49,15.76,-,0.75,3.75,3.71,15.94,-19.94%,11.79%,-,-0.63%,33.29%,12.50,-1.73%,"302,736"
ACEP,-,-,-,-,-,-,-,-,-,-,-,-,-,19.79,-0.56%,662
ACES,-,-,-,-,-,-,-,-,-,-,-,-,-,33.19,1.93%,"13,803"
ACET,82.55M,-,-,-,-,0.61,0.60,-,54.62%,52.26%,26.71%,-,-,8.83,3.27%,"119,827"
ACFN,45.27M,23.30,-,-,4.27,5.40,10.63,24.47,-,-,104.28%,-,14.15%,18.05,-1.37%,"3,368"
ACGC,295.21M,-,-,-,-,-,-,-,-,-,-,-,-,9.97,0.00%,495
ACGL,35.47B,7.79,10.31,4.54,1.85,1.53,-,6.05,-5.82%,5.93%,28.39%,2.27%,18.36%,101.53,-1.48%,"1,235,432"
ACGO,-,-,-,-,-,-,-,-,-,-,-,-,-,38.25,1.17%,"2,059"
ACGR,-,-,-,-,-,-,-,-,-,-,-,-,-,68.96,1.11%,258
ACH,276.47M,-,4.74,-,0.10,-,0.82,-,-55.35%,69.04%,-,-3.33%,-20.10%,3.61,7.12%,"384,557"
ACHC,2.91B,-,17.98,32.70,0.86,1.46,18.34,-,-24.68%,16.63%,-,0.55%,9.65%,31.60,3.40%,"3,728,092"
ACHR,3.68B,-,-,-,1938.97,1.77,2.07,-,-32.17%,7.97%,-36.00%,-0.74%,-,4.85,6.59%,"28,415,966"
ACHV,647.78M,-,-,-,-,31.46,22.13,-,43.59%,30.65%,25.38%,-,-,6.31,3.44%,"1,631,323"
ACHX,-,-,-,-,-,-,-,-,-,-,-,-,-,26.05,13.21%,63
ACI,7.16B,46.29,-,-,0.09,3.97,33.02,13.57,3.92%,-,-24.70%,6.39%,3.60%,14.61,-1.22%,"4,144,701"
ACIC,524.86M,5.15,10.67,-,1.57,1.58,-,13.58,-53.85%,5.73%,-,-25.79%,-16.90%,10.83,-3.04%,"154,783"
ACII,-,-,-,-,-,-,-,-,-,-,-,-,-,25.64,0.23%,"29,835"
ACIO,-,-,-,-,-,-,-,-,-,-,-,-,-,46.50,0.32%,"144,480"
ACIU,245.28M,-,148.77,-,53.32,4.33,2.64,-,57.23%,104.38%,1.71%,-,-23.52%,2.41,-1.63%,"164,959"
ACIW,5.60B,27.71,18.91,-,3.13,3.72,34.64,18.98,16.78%,15.56%,28.58%,-,6.34%,55.11,-2.34%,"777,688"
ACKY,-,-,-,-,-,-,-,-,-,-,-,-,-,17.77,-0.59%,"8,644"
ACLC,-,-,-,-,-,-,-,-,-,-,-,-,-,84.58,0.20%,"1,585"
ACLO,-,-,-,-,-,-,-,-,-,-,-,-,-,50.37,-0.01%,103
ACLS,4.37B,44.31,29.34,33.34,5.17,4.18,11.92,49.41,-21.43%,26.45%,20.99%,0.88%,12.07%,142.24,4.16%,"473,693"
ACLZ,-,-,-,-,-,-,-,-,-,-,-,-,-,15.76,8.36%,6
ACM,8.81B,14.57,10.22,0.85,0.55,3.87,8.52,21.48,13.55%,12.36%,-,12.06%,4.04%,68.55,-0.19%,"1,274,956"
ACMM,-,-,-,-,-,-,-,-,-,-,-,-,-,22.52,9.65%,482
ACMR,6.83B,75.19,34.58,0.87,7.12,4.14,5.31,-,24.05%,43.20%,35.88%,39.81%,41.91%,98.89,5.12%,"672,976"
ACN,82.34B,10.75,9.18,1.37,1.13,2.58,8.10,6.54,7.19%,5.73%,9.01%,6.71%,9.47%,134.56,-2.86%,"6,876,437"
ACNB,608.94M,12.18,10.89,-,3.06,1.45,-,8.74,6.04%,1.42%,11.08%,-,12.73%,59.63,-0.52%,"59,573"
ACNT,135.66M,143.64,-,-,1.77,1.69,2.84,-,-,-,28.02%,-,-21.78%,15.01,-1.12%,"29,571"
ACOG,175.28M,-,-,-,16.19,3.05,3.23,-,-17.38%,55.99%,45.28%,-,-,8.05,-3.94%,"133,456"
ACOM,-,-,-,-,-,-,-,-,-,-,-,-,-,21.39,1.50%,824
ACON,6.57M,-,-,-,82.13,0.33,0.35,-,66.96%,-19.07%,83.48%,-,9.25%,2.67,-0.74%,"36,544"
ACP,653.70M,15.79,-,-,7.17,0.88,-,-,-,-,-,-,-,5.21,0.39%,"371,813"
ACR,124.87M,27.08,12.20,-,0.75,0.30,2.51,13.19,355.13%,116.33%,-,-,-,17.51,-0.85%,"25,100"
ACRE,247.45M,-,12.45,-,3.11,0.50,1.84,-,208.01%,176.35%,-,-,-8.16%,4.46,2.76%,"350,395"
ACRS,758.37M,-,-,-,90.61,5.28,7.19,-,-26.24%,-14.63%,15.08%,-13.26%,3.84%,5.43,-1.27%,"832,207"
ACRV,91.17M,-,-,-,-,0.86,0.93,-,-2.41%,5.92%,-51.39%,1.99%,-,2.13,7.58%,"1,019,676"
ACSG,-,-,-,-,-,-,-,-,-,-,-,-,-,49.14,0.72%,"2,554"
ACSI,-,-,-,-,-,-,-,-,-,-,-,-,-,76.52,0.57%,"1,355"
ACSV,-,-,-,-,-,-,-,-,-,-,-,-,-,49.48,0.18%,"1,960"
ACT,6.37B,9.90,9.18,1.98,5.13,1.20,-,8.83,4.58%,5.15%,14.70%,4.64%,2.24%,45.65,0.46%,"268,696"
ACTG,422.10M,-,-,-,1.96,0.63,1.29,8.05,-246.67%,-,-31.48%,-,57.13%,4.37,-0.91%,"135,689"
ACTU,41.39M,-,-,-,-,10.84,5.09,-,24.31%,-5.95%,-,4.18%,-,1.73,15.33%,"2,721,277"
ACU,178.10M,20.22,20.41,-,0.88,1.53,42.40,21.85,-21.29%,16.84%,1.55%,-9.92%,3.69%,46.74,-1.52%,"4,077"
ACV,288.49M,5.40,-,-,-,-,-,-,-,-,-,-,-,27.75,0.00%,"15,811"
ACVA,1.26B,-,21.71,0.46,1.62,2.92,3.70,16.06,19.66%,61.13%,-7.82%,47.24%,29.53%,7.23,6.17%,"3,318,392"
ACVF,-,-,-,-,-,-,-,-,-,-,-,-,-,54.13,0.29%,"3,940"
ACVT,-,-,-,-,-,-,-,-,-,-,-,-,-,28.10,0.07%,11
ACVU,-,-,-,-,-,-,-,-,-,-,-,-,-,31.18,-0.44%,"6,895"
ACWI,-,-,-,-,-,-,-,-,-,-,-,-,-,156.94,0.64%,"1,987,353"
ACWV,-,-,-,-,-,-,-,-,-,-,-,-,-,121.74,-0.39%,"53,731"
ACWX,-,-,-,-,-,-,-,-,-,-,-,-,-,75.15,1.08%,"807,660"
ACXP,7.09M,-,-,-,-,0.80,0.77,-,68.92%,-6.85%,10.54%,27.59%,-,1.65,4.43%,"129,966"
ACYN,-,-,-,-,-,-,-,-,-,-,-,-,-,20.66,0.19%,"2,068,138"
ACYQ,-,-,-,-,-,-,-,-,-,-,-,-,-,20.29,0.65%,"119,541"
ACYS,-,-,-,-,-,-,-,-,-,-,-,-,-,20.44,0.20%,"241,305"
AD,2.95B,6.58,31.44,1.02,2.75,1.59,11.64,30.88,411.22%,-62.05%,4.83%,30.95%,-47.37%,34.16,0.41%,"166,289"
ADAC,290.09M,-,-,-,-,1.30,293.02,-,-,-,-,-,-,10.09,0.40%,806
ADAG,171.08M,-,-,-,22.25,4.84,2.30,-,-103.33%,14.75%,21.03%,-14.47%,61.40%,3.61,-5.50%,"226,845"
ADAM,822.23M,7.81,8.34,0.32,1.06,0.90,2.25,9.72,4.85%,-4.89%,-,26.24%,35.33%,9.15,0.99%,"736,114"
ADBE,87.76B,12.63,8.03,0.55,3.48,7.65,15.60,8.54,16.40%,12.75%,9.04%,14.50%,13.06%,220.78,-4.26%,"5,823,430"
ADBG,-,-,-,-,-,-,-,-,-,-,-,-,-,3.43,-8.53%,"7,970,019"
ADBU,-,-,-,-,-,-,-,-,-,-,-,-,-,19.28,-8.72%,"32,358"
ADC,9.37B,42.23,38.11,7.29,12.49,1.54,300.22,18.16,9.35%,5.73%,0.32%,5.23%,23.65%,77.99,-0.80%,"885,126"
ADCT,156.45M,-,-,-,1.98,-,0.68,-,23.57%,22.61%,21.50%,37.84%,-,1.23,-1.60%,"699,106"
ADDS,-,-,-,-,-,-,-,-,-,-,-,-,-,25.78,1.39%,"8,762"
ADEA,3.08B,25.89,18.05,-,6.69,6.60,26.62,19.58,-13.92%,9.01%,-10.86%,-,-13.05%,27.94,0.94%,"986,310"
ADFI,-,-,-,-,-,-,-,-,-,-,-,-,-,8.41,0.06%,"8,392"
ADGM,12.88M,-,-,-,-,2.25,1.00,-,21.85%,-14.41%,-364.47%,-1.02%,-,0.58,1.58%,"11,625"
ADI,191.30B,58.37,26.24,0.87,15.02,5.67,55.62,41.91,58.50%,21.21%,6.82%,30.12%,14.49%,392.75,1.75%,"3,139,538"
ADIL,5.80M,-,-,-,-,1.08,1.27,-,67.76%,60.23%,53.46%,47.67%,-,2.65,-6.36%,"65,831"
ADIU,-,-,-,-,-,-,-,-,-,-,-,-,-,12.24,3.15%,"7,491"
ADIV,-,-,-,-,-,-,-,-,-,-,-,-,-,18.99,0.37%,"2,162"
ADM,39.66B,36.84,14.93,0.97,0.49,1.74,6.45,8.27,35.34%,18.72%,-6.68%,15.37%,4.52%,82.28,0.29%,"2,317,227"
ADMA,2.06B,13.08,9.21,0.32,4.03,5.28,14.88,19.05,23.84%,18.43%,-,29.21%,64.60%,8.87,-1.11%,"2,704,520"
ADME,-,-,-,-,-,-,-,-,-,-,-,-,-,55.83,0.37%,"6,045"
ADNT,1.51B,27.04,5.84,0.20,0.10,0.88,1.82,5.55,10.70%,54.49%,10.31%,28.49%,2.78%,19.26,0.31%,"759,823"
ADP,98.51B,22.97,20.21,2.01,4.56,15.55,30.51,18.61,10.61%,10.11%,11.86%,10.04%,7.10%,246.44,-1.84%,"2,191,173"
ADPT,3.43B,-,-,-,11.61,15.82,15.71,-,-17.92%,46.67%,18.85%,34.30%,23.00%,21.43,1.95%,"1,889,331"
ADPV,-,-,-,-,-,-,-,-,-,-,-,-,-,46.09,0.69%,"5,205"
ADSE,904.52M,-,-,-,25.32,-,110.17,-,159.86%,-,15.07%,-,-2.27%,12.06,-0.17%,"13,571"
ADSK,43.45B,30.09,14.50,0.90,5.78,13.62,14.86,15.92,20.79%,12.75%,-0.79%,16.18%,13.69%,205.92,-2.97%,"1,594,790"
ADT,4.93B,9.54,6.95,1.28,0.96,1.43,32.51,3.30,2.68%,5.98%,-,5.41%,-0.71%,6.73,-0.74%,"4,925,409"
ADTN,1.02B,-,16.43,0.26,0.91,7.38,8.36,15.14,128.80%,45.70%,-,63.76%,16.43%,12.60,1.37%,"917,408"
ADUR,542.29M,-,-,-,3189.97,18.24,18.76,-,-20.51%,27.60%,-18.77%,12.37%,-1.07%,16.03,2.89%,"264,773"
ADUS,2.03B,20.06,14.50,1.70,1.40,1.81,19.65,14.74,12.36%,6.91%,20.22%,8.54%,13.22%,108.50,-0.33%,"226,820"
ADV,534.47M,-,26.62,-,0.15,1.08,3.43,8.62,85.58%,159.92%,-4.58%,-,2.34%,40.20,-2.38%,"162,352"
ADVB,8.41M,31.97,-,-,-,24.42,105.17,-,-,-,-12.01%,-,-,5.09,-0.20%,"8,081"
ADVE,-,-,-,-,-,-,-,-,-,-,-,-,-,45.80,1.11%,192
ADX,3.20B,6.51,-,-,97.56,1.06,-,-,-,-,-,-,-,26.11,0.58%,"229,166"
ADXN,5.74M,-,-,-,41.01,1.41,4.95,-,-,-,31.85%,-,-44.27%,5.80,1.58%,"5,989"
AEAQ,313.43M,120.75,-,-,-,1.14,467.81,-,-,-,-,-,-,10.01,0.00%,"2,231"
AEBI,934.73M,86.27,9.50,-,0.47,0.92,6.48,-,326.47%,75.17%,-,-,-,12.06,1.43%,"358,449"
AEC,82.58M,-,-,-,-,2.10,14.21,-,-,-,25.35%,-,-,4.53,8.63%,"24,941"
AEE,31.26B,20.29,19.44,2.48,3.52,2.31,359.30,-,7.01%,7.93%,8.84%,7.84%,8.72%,112.95,-0.42%,"1,706,656"
AEF,367.85M,3.92,-,-,56.75,1.19,-,-,-,-,-,-,-,9.06,1.34%,"128,131"
AEG,13.31B,12.53,8.45,0.46,0.41,1.51,-,12.87,52.11%,-0.81%,95.22%,18.25%,7.38%,8.85,1.14%,"5,656,107"
AEHG,-,-,-,-,-,-,-,-,-,-,-,-,-,7.19,12.17%,"996,636"
AEHL,14.82M,-,-,-,0.15,0.12,8.33,-,-,-,82.94%,-,25.06%,0.82,-2.73%,"204,141"
AEHR,2.26B,-,240.03,-,50.04,16.06,61.36,-,406.67%,97.37%,-1.55%,-,21.48%,72.01,5.87%,"5,060,756"
AEI,47.07M,-,-,-,10.75,0.39,1.53,-,-,-,21.71%,-,-22.74%,1.21,-4.36%,"15,326"
AEIS,11.61B,64.24,25.28,0.72,6.09,8.38,16.59,169.94,46.53%,28.54%,1.93%,35.28%,4.90%,305.20,2.24%,"310,275"
AEM,73.57B,13.58,10.55,0.71,5.43,2.74,23.56,16.27,55.68%,6.15%,33.22%,14.96%,30.57%,144.41,0.63%,"2,023,267"
AEMD,1.80M,-,-,-,-,0.22,0.36,-,71.87%,39.70%,54.12%,-,-,0.69,2.39%,"88,178"
AEMS,-,-,-,-,-,-,-,-,-,-,-,-,-,2.35,0.00%,0
AENT,301.80M,13.52,12.60,1.06,0.27,2.52,243.39,17.67,52.22%,2.92%,-,11.87%,-,5.92,-1.00%,"6,544"
AEO,2.71B,9.98,8.30,0.56,0.48,1.65,26.20,14.63,17.20%,10.66%,-,14.83%,8.09%,16.15,0.75%,"4,696,382"
AEON,9.39M,-,-,-,-,-,1.50,-,73.42%,-,-253.12%,-,-,0.36,10.84%,"46,924,791"
AEP,73.42B,19.96,19.70,2.38,3.28,2.31,133.74,-,6.36%,7.90%,8.53%,8.27%,7.88%,134.94,-0.51%,"4,535,941"
AER,23.14B,6.43,8.58,1.49,3.10,1.29,14.62,58.82,12.41%,-0.99%,-,5.75%,10.91%,146.75,-1.60%,"786,662"
AERO,2.28B,6.67,6.84,1.22,0.41,-,2.24,3.81,-52.28%,99.18%,-,5.60%,32.31%,15.65,2.29%,"244,337"
AERT,36.65M,14.93,-,-,0.52,-,7.51,6.47,-,-,-,-,-,6.39,-2.82%,"23,106"
AES,10.55B,7.66,5.98,1.56,0.85,2.39,4.69,-,-1.39%,7.33%,82.82%,3.84%,4.83%,14.80,0.27%,"5,561,973"
AESI,1.84B,-,41.20,-,1.73,1.57,46.16,98.50,-58.68%,154.84%,-3.59%,-,57.85%,14.70,-0.47%,"1,861,047"
AESP,203.14M,-,-,-,-,-,-,-,-,-,-,-,-,9.89,0.00%,"3,599"
AESR,-,-,-,-,-,-,-,-,-,-,-,-,-,20.17,1.04%,"18,350"
AETH,-,-,-,-,-,-,-,-,-,-,-,-,-,30.65,5.99%,429
AEVA,1.34B,-,-,-,63.83,-,13.45,-,3.43%,9.35%,-23.11%,13.57%,30.14%,19.82,5.37%,"864,024"
AEXA,583.15M,-,-,-,-,1.76,2082.66,-,-,-,-,-,-,11.79,-0.08%,"233,204"
AEYE,88.21M,-,6.28,-,2.14,27.57,10.30,14.73,30.56%,19.68%,20.37%,-,14.51%,7.06,-3.95%,"67,753"
AFB,323.38M,14.06,-,-,11.42,0.94,-,-,-,-,-,-,-,11.25,0.63%,"71,327"
AFBI,138.05M,16.44,-,-,2.59,1.07,-,10.00,-,-,23.51%,-,10.26%,22.65,-0.13%,"2,711"
AFCG,65.47M,-,2.86,0.07,2.00,0.36,0.58,4.82,148.72%,3.61%,-,41.72%,41.13%,2.87,0.70%,"69,171"
AFG,11.73B,13.39,11.65,1.62,1.45,2.51,-,7.63,13.19%,4.01%,4.21%,7.17%,7.53%,141.15,-1.53%,"339,332"
AFGR,-,-,-,-,-,-,-,-,-,-,-,-,-,37.00,1.14%,"4,212"
AFIF,-,-,-,-,-,-,-,-,-,-,-,-,-,9.41,0.32%,"427,203"
AFIX,-,-,-,-,-,-,-,-,-,-,-,-,-,24.62,0.31%,"814,361"
AFJK,37.02M,70.81,-,-,-,4.58,1850.92,-,-,-,-,-,-,11.69,-4.49%,"21,419"
AFK,-,-,-,-,-,-,-,-,-,-,-,-,-,25.89,1.29%,"24,469"
AFL,62.12B,13.85,16.17,8.51,3.43,2.08,-,21.17,-6.22%,7.49%,0.43%,1.90%,-4.97%,122.05,-1.01%,"1,791,504"
AFLG,-,-,-,-,-,-,-,-,-,-,-,-,-,43.74,0.30%,"81,304"
AFMC,-,-,-,-,-,-,-,-,-,-,-,-,-,40.31,0.29%,"14,660"
AFOS,-,-,-,-,-,-,-,-,-,-,-,-,-,45.03,1.51%,"13,677"
AFRI,289.06M,-,-,-,1.64,-,20.20,-,-,-,-87.01%,-,-,10.72,1.13%,"8,941"
AFRM,28.28B,76.74,46.99,0.30,7.69,7.47,9.53,35.90,733.72%,43.71%,-,157.72%,53.66%,84.45,3.08%,"3,348,364"
AFRU,-,-,-,-,-,-,-,-,-,-,-,-,-,13.89,5.14%,"15,336"
AFSC,-,-,-,-,-,-,-,-,-,-,-,-,-,37.99,0.40%,164
AFSM,-,-,-,-,-,-,-,-,-,-,-,-,-,40.08,0.28%,"4,653"
AFYA,1.26B,9.13,7.15,2.21,1.82,1.38,4.95,6.14,-8.79%,12.03%,19.50%,3.23%,23.23%,14.05,-1.40%,"66,625"
AG,8.36B,28.85,16.31,0.52,5.61,2.89,7.33,15.59,94.20%,16.19%,26.09%,31.53%,28.14%,16.93,3.23%,"8,192,760"
AGBK,1.13B,-,3.71,0.16,-,-,-,-,6.01%,37.07%,-,23.20%,-,7.07,-0.70%,"143,766"
AGCC,559.30M,842.70,-,-,90.06,52.26,35.35,-,-,-,-,-,-,15.00,5.71%,"35,610"
AGCO,8.26B,11.02,14.34,0.57,0.80,1.92,16.05,15.15,14.48%,31.70%,11.57%,25.35%,1.96%,114.14,0.05%,"743,913"
AGD,316.19M,6.71,-,-,15.66,1.04,-,-,-,-,-,-,-,12.08,0.00%,"124,450"
AGEM,-,-,-,-,-,-,-,-,-,-,-,-,-,47.71,1.82%,"10,052"
AGEN,211.54M,3.04,-,-,1.71,-,6.04,-,135.00%,-124.06%,82.55%,39.06%,5.31%,5.08,-16.99%,"11,110,968"
AGG,-,-,-,-,-,-,-,-,-,-,-,-,-,98.00,0.30%,"6,715,099"
AGGA,-,-,-,-,-,-,-,-,-,-,-,-,-,24.98,0.14%,"23,003"
AGGH,-,-,-,-,-,-,-,-,-,-,-,-,-,20.05,0.35%,"119,282"
AGGS,-,-,-,-,-,-,-,-,-,-,-,-,-,40.47,0.27%,347
AGGY,-,-,-,-,-,-,-,-,-,-,-,-,-,43.08,0.21%,"70,455"
AGI,12.33B,11.68,9.66,0.24,5.95,2.68,17.52,35.83,59.76%,35.88%,41.75%,40.42%,19.31%,29.37,1.77%,"4,266,475"
AGIG,46.66M,-,-,-,71.79,1.32,2.88,-,-,-,31.97%,-,-5.76%,1.06,4.95%,"118,443"
AGIO,2.37B,-,-,-,35.94,2.14,3.22,-,12.67%,26.11%,-8.46%,22.72%,-,39.92,-1.55%,"672,959"
AGIQ,-,-,-,-,-,-,-,-,-,-,-,-,-,24.10,1.20%,"3,821"
AGIX,-,-,-,-,-,-,-,-,-,-,-,-,-,44.60,0.86%,"109,205"
AGL,2.05B,-,-,-,0.35,11.22,6.75,-,87.38%,67.84%,-36.60%,-,37.24%,122.61,5.84%,"365,205"
AGM,2.10B,11.44,9.32,-,1.82,1.78,2.71,9.47,17.17%,9.38%,14.98%,-,17.34%,198.88,-1.87%,"158,401"
AGMB,586.83M,-,-,-,-,3.82,4.29,-,98.94%,-19.00%,-,76.18%,-,12.04,-2.19%,"49,014"
AGMH,2.22M,0.03,-,-,0.05,0.06,4.19,1.05,-,-,-,-,149.72%,1.10,0.00%,"9,847"
AGMI,-,-,-,-,-,-,-,-,-,-,-,-,-,60.82,2.76%,472
AGNC,12.83B,9.27,7.42,10.16,3.36,1.26,5.44,15.13,3.94%,-3.30%,-,0.73%,41.14%,11.18,1.73%,"14,373,462"
AGNG,-,-,-,-,-,-,-,-,-,-,-,-,-,36.03,-1.28%,"5,858"
AGNT,703.30M,-,47.56,-,0.15,2.75,3.69,7.83,135.71%,80.00%,-,-,21.56%,4.28,-5.31%,"1,165,561"
AGO,3.66B,9.53,12.56,-,4.01,0.67,-,10.11,-20.55%,-8.75%,19.70%,-2.81%,-1.19%,82.68,-1.25%,"302,713"
AGOX,-,-,-,-,-,-,-,-,-,-,-,-,-,33.63,0.42%,"151,148"
AGPU,79.81M,-,-,-,1596.20,0.96,11.52,-,-,-,54.21%,-,-36.90%,7.01,0.00%,"209,297"
AGQ,-,-,-,-,-,-,-,-,-,-,-,-,-,66.50,3.91%,"2,000,075"
AGQI,-,-,-,-,-,-,-,-,-,-,-,-,-,18.11,0.47%,"1,350"
AGRH,-,-,-,-,-,-,-,-,-,-,-,-,-,26.29,0.31%,"4,429"
AGRO,1.51B,614.12,8.70,-,1.08,0.86,6.56,93.34,1161.42%,-37.16%,-,-,12.13%,10.44,0.58%,"387,655"
AGRW,-,-,-,-,-,-,-,-,-,-,-,-,-,32.29,1.01%,"2,475"
AGRZ,8.58M,-,-,-,-,2.22,9.98,-,-,-,-,-,-,0.40,4.27%,"15,908"
AGX,8.70B,54.54,39.71,1.51,8.35,18.38,8.94,17.87,24.11%,29.30%,45.23%,26.23%,19.22%,620.74,3.50%,"207,608"
AGYS,2.94B,76.33,32.71,0.85,9.20,8.99,25.12,43.09,36.73%,30.23%,-,38.40%,18.41%,104.26,-5.00%,"300,369"
AGZ,-,-,-,-,-,-,-,-,-,-,-,-,-,108.75,0.20%,"10,055"
AGZD,-,-,-,-,-,-,-,-,-,-,-,-,-,22.62,0.12%,"33,749"
AHCO,1.39B,-,8.75,0.30,0.42,0.92,28.91,7.22,35.97%,38.38%,29.83%,29.51%,25.16%,10.19,-0.97%,"855,577"
AHD,-,-,-,-,-,-,-,-,-,-,-,-,-,25.59,0.19%,"4,688"
AHG,1.30B,-,-,-,87.42,6.57,116.63,179.05,-,-,35.90%,-,16.43%,1.52,2.70%,"2,594"
AHLT,-,-,-,-,-,-,-,-,-,-,-,-,-,28.90,-0.32%,"9,673"
AHMA,52.62M,158.04,-,-,9.55,15.47,61.18,-,-,-,-,-,25.41%,1.77,-1.12%,"69,853"
AHR,11.42B,94.79,67.49,1.92,4.82,2.99,72.79,67.50,35.88%,42.09%,103.46%,35.23%,12.68%,54.73,0.70%,"2,002,197"
AHRT,688.69M,-,-,-,2.10,1.36,22.54,18.52,-,-,-,-,-5.78%,7.08,0.28%,"419,940"
AHT,20.66M,-,-,-,0.02,-,0.09,0.58,-,-,59.49%,-,16.79%,3.19,-0.62%,"10,790"
AHYB,-,-,-,-,-,-,-,-,-,-,-,-,-,46.04,0.18%,714
AI,1.42B,-,-,-,5.68,2.07,2.47,-,41.70%,42.72%,-43.76%,33.71%,6.44%,9.15,-0.11%,"5,776,674"
AIA,-,-,-,-,-,-,-,-,-,-,-,-,-,136.21,2.14%,"142,799"
AIAI,736.29M,-,-,-,-,-,-,-,-,-,-,-,-,9.45,-6.34%,"156,316"
AIB,133.72M,-,-,-,361.41,-,607.83,-,-,-,-,-,-,1.76,-7.37%,"624,447"
AIBD,-,-,-,-,-,-,-,-,-,-,-,-,-,5.39,0.35%,"47,529"
AIBU,-,-,-,-,-,-,-,-,-,-,-,-,-,61.37,0.54%,"2,855"
AIBZ,423.96M,-,-,-,-,26.21,132.90,-,-,-,-,-,-,8.21,5.26%,"445,685"
AIDX,6.73M,-,-,-,-,2.25,1.59,-,44.74%,9.52%,3.60%,17.29%,-2.58%,0.55,-3.65%,"196,258"
AIEQ,-,-,-,-,-,-,-,-,-,-,-,-,-,50.30,0.80%,"2,624"
AIFA,13.08M,-,-,-,1.80,0.45,0.42,-,-,-,12.00%,-,19.96%,2.05,2.50%,"14,985"
AIFC,75.29M,-,-,-,3.13,0.08,4.85,-,-,-,-5.19%,-,-6.01%,0.54,1.53%,"1,329,566"
AIFD,-,-,-,-,-,-,-,-,-,-,-,-,-,52.11,1.20%,"4,025"
AIFF,17.48M,-,-,-,11.06,1.97,5.59,-,-,-,-,-,-39.34%,1.12,-2.61%,"109,267"
AIFU,210.96M,-,-,-,2.65,0.35,37.47,-,-,-,-,-,-30.78%,36.00,1.55%,"12,799"
AIG,41.89B,13.95,8.90,0.86,1.57,1.04,-,11.88,13.38%,10.41%,-,10.33%,-9.35%,79.00,-1.13%,"2,273,010"
AIHS,20.09M,-,-,-,8.10,-,5.64,-,-,-,39.50%,-,-6.72%,1.38,-4.82%,"14,389"
AII,365.95M,4.27,6.20,-,1.24,1.09,-,5.17,-53.18%,7.75%,-,-17.72%,-,18.68,-2.96%,"56,411"
AIIA,195.79M,90.79,-,-,-,1.38,174.81,-,-,-,-,-,-,10.15,0.00%,19
AIIO,78.22M,-,-,-,82.34,-,14.68,-,-,-,-,-,-,3.99,-0.25%,"978,656"
AIIR,1.17B,67.62,-,-,-,0.92,39080.78,-,-,-,-,-,-,7.31,2.67%,"15,690"
AIM,7.37M,-,-,-,81.89,1.03,1.25,-,89.56%,21.67%,28.21%,56.09%,-11.60%,0.27,0.00%,"585,994"
AIMD,16.20M,-,-,-,810.00,2.04,5.70,-,-,-,23.68%,-,49.61%,1.90,0.00%,"48,359"
AIMS,-,-,-,-,-,-,-,-,-,-,-,-,-,28.38,0.18%,"1,812"
AIN,2.09B,-,23.11,-,1.74,2.87,17.08,23.06,323.73%,20.83%,-,-,5.60%,73.73,2.57%,"173,894"
AINP,-,-,-,-,-,-,-,-,-,-,-,-,-,24.91,0.16%,"10,553"
AINT,-,-,-,-,-,-,-,-,-,-,-,-,-,28.75,0.61%,273
AIO,916.77M,6.15,-,-,-,-,-,-,-,-,-,-,-,26.62,1.26%,"78,717"
AIOO,-,-,-,-,-,-,-,-,-,-,-,-,-,26.35,0.11%,"3,195"
AIOS,43.48M,-,-,-,0.18,0.02,4.31,-,-,-,-46.27%,-,-34.48%,13.38,-1.62%,"11,237"
AIOT,576.98M,-,20.48,-,1.30,1.21,14.13,65.27,138.89%,260.00%,21.73%,-,28.59%,4.30,-0.46%,"1,216,711"
AIP,1.54B,-,278.42,-,20.04,593.43,40.38,-,73.45%,236.95%,-51.10%,-,17.28%,33.41,1.89%,"540,825"
AIPI,-,-,-,-,-,-,-,-,-,-,-,-,-,36.44,0.08%,"138,452"
AIPO,-,-,-,-,-,-,-,-,-,-,-,-,-,30.68,1.42%,"1,347,224"
AIQ,-,-,-,-,-,-,-,-,-,-,-,-,-,61.96,1.08%,"1,275,089"
AIQD,-,-,-,-,-,-,-,-,-,-,-,-,-,64.46,-2.77%,446
AIQU,-,-,-,-,-,-,-,-,-,-,-,-,-,16.23,2.13%,"2,498"
AIR,5.35B,29.60,24.05,1.30,1.71,3.25,53.41,92.50,25.47%,13.95%,23.23%,18.44%,6.06%,134.46,2.72%,"293,662"
AIRE,8.58M,-,-,-,1.94,1.04,1.66,-,-,-,-,-,-,1.60,-4.19%,"75,758"
AIRG,78.40M,-,19.95,-,1.53,2.79,11.00,-,138.24%,376.92%,-9.96%,-,1.32%,6.18,4.30%,"65,853"
AIRI,13.05M,-,-,-,0.28,0.67,3.09,-,-,-,-,-,-0.88%,2.69,0.00%,"63,603"
AIRJ,290.33M,-,-,-,-,1.14,9.34,-,-423.33%,62.74%,-78.38%,-21.14%,-,4.01,1.26%,"848,001"
AIRO,216.04M,-,-,-,2.45,0.30,3.97,-,-411.80%,78.14%,-38.92%,-,-,6.87,13.55%,"801,276"
AIRR,-,-,-,-,-,-,-,-,-,-,-,-,-,123.31,1.53%,"1,163,260"
AIRS,296.29M,-,-,-,1.95,2.96,17.75,42.63,20.00%,50.00%,-,-,19.32%,4.20,0.00%,"286,685"
AIRT,73.02M,0.94,-,-,0.22,0.92,2.78,-,-,-,-,-,13.31%,27.13,-4.47%,"3,102"
AIS,-,-,-,-,-,-,-,-,-,-,-,-,-,74.04,2.92%,"404,181"
AISP,74.39M,23.66,54.00,-,4.60,-,5.92,-,-107.89%,166.67%,58.21%,-,-,2.16,-0.92%,"219,777"
AIT,12.10B,30.93,27.79,3.64,2.50,6.52,70.54,27.58,4.36%,10.05%,75.02%,7.64%,7.05%,327.49,-0.56%,"274,223"
AIUP,-,-,-,-,-,-,-,-,-,-,-,-,-,27.97,0.82%,"1,000"
AIV,399.92M,-,-,-,2.29,1.08,0.98,-,-,-,-,-,-1.77%,2.78,-0.71%,"1,044,131"
AIVC,-,-,-,-,-,-,-,-,-,-,-,-,-,108.66,1.49%,"15,434"
AIVI,-,-,-,-,-,-,-,-,-,-,-,-,-,57.02,0.61%,180
AIVL,-,-,-,-,-,-,-,-,-,-,-,-,-,130.42,-0.52%,"2,420"
AIX,-,-,-,-,-,-,-,-,-,-,-,-,-,24.14,1.04%,234
AIXC,20.04M,-,-,-,-,1.22,3.23,-,-,-,77.22%,-,-,0.99,7.61%,"32,266"
AIXI,1.60M,-,-,-,0.13,-,0.66,-,-,-,-53.94%,-,-2.29%,1.74,2.96%,"152,668"
AIYY,-,-,-,-,-,-,-,-,-,-,-,-,-,8.10,0.75%,"56,687"
AIZ,13.72B,14.10,12.34,1.67,1.04,2.34,-,9.45,6.55%,6.54%,20.60%,7.41%,5.96%,276.98,-1.04%,"230,703"
AJAN,-,-,-,-,-,-,-,-,-,-,-,-,-,28.48,0.16%,292
AJG,65.21B,40.97,17.03,1.06,4.36,2.74,46.15,35.01,23.72%,12.67%,6.47%,16.09%,15.25%,253.83,-2.83%,"1,369,590"
AJUL,-,-,-,-,-,-,-,-,-,-,-,-,-,30.11,0.27%,"9,298"
AKA,119.37M,-,-,-,0.20,1.26,9.20,-,41.30%,44.07%,-,-,22.69%,11.03,-1.34%,"3,262"
AKAF,-,-,-,-,-,-,-,-,-,-,-,-,-,31.55,-0.09%,14
AKAM,18.33B,42.48,17.67,4.87,4.30,3.74,19.71,23.98,-5.99%,6.65%,-1.83%,3.63%,5.64%,126.11,0.78%,"2,751,649"
AKAN,7.45M,-,-,-,28.66,-,14.90,-,-,-,31.61%,-,162.72%,9.48,-1.04%,"10,085"
AKBA,375.57M,-,-,-,1.62,13.70,2.29,6.26,-620.00%,-83.33%,62.40%,-,-4.37%,1.40,1.45%,"2,882,518"
AKO-A,1.78B,11.76,10.69,2.22,0.49,2.56,4.46,9.28,5.43%,1.49%,12.89%,4.81%,10.40%,22.60,0.00%,111
AKO-B,2.40B,14.38,14.38,2.99,0.65,3.13,6.00,12.49,5.43%,1.49%,12.89%,4.81%,10.40%,30.40,-0.65%,"1,555"
AKR,2.90B,71.32,75.09,9.00,7.09,1.25,59.45,83.04,91.26%,-29.96%,-,8.34%,10.36%,21.36,0.09%,"1,742,814"
AKRE,-,-,-,-,-,-,-,-,-,-,-,-,-,54.98,-1.59%,"483,854"
AKTS,1.39B,-,-,-,-,2.75,2.58,-,97.92%,-28.30%,-,67.55%,-,25.17,-1.56%,"754,124"
AKTX,15.30M,-,-,-,-,1.07,5.41,-,72.10%,18.89%,-,32.82%,-,13.42,0.15%,"41,390"
ALA,-,-,-,-,-,-,-,-,-,-,-,-,-,18.51,0.08%,"1,694"
ALAB,62.01B,243.85,81.18,1.73,61.92,41.48,52.35,180.89,63.96%,47.71%,-,46.85%,-,361.78,-0.07%,"3,280,874"
ALAI,-,-,-,-,-,-,-,-,-,-,-,-,-,44.16,-0.20%,"54,770"
ALAR,16.24M,14.25,-,-,0.36,0.48,1.16,-,-500.00%,-350.00%,-,-,52.87%,2.21,4.25%,"336,590"
ALB,15.18B,-,10.57,-,2.76,1.99,13.93,26.30,1687.87%,-2.91%,-,-,10.45%,128.75,2.35%,"2,234,060"
ALBG,-,-,-,-,-,-,-,-,-,-,-,-,-,6.76,4.24%,"29,372"
ALBT,3.08M,-,-,-,2.94,-,3.95,-,-,-,25.06%,-,-,0.26,-2.70%,"19,092,752"
ALC,32.59B,40.33,16.83,1.23,3.06,1.47,19.64,18.85,12.87%,14.61%,-,13.70%,8.77%,66.86,-3.10%,"3,401,535"
ALCO,303.70M,-,-,-,18.50,2.98,5.74,23.99,98.32%,-314.93%,-,-,-13.78%,40.95,-0.34%,"15,682"
ALDB,-,-,-,-,-,-,-,-,-,-,-,-,-,25.36,0.26%,244
ALDF,319.59M,45.98,-,-,-,1.30,887.75,35.24,-,-,-,-,-,10.70,0.00%,"3,793"
ALDX,116.42M,-,-,-,-,2.76,1.79,-,46.43%,25.00%,12.61%,46.66%,-,1.93,0.00%,"837,777"
ALEC,154.33M,-,-,-,8.38,14.86,0.75,-,36.42%,28.71%,10.72%,21.01%,-0.05%,1.39,-7.95%,"529,650"
ALF,394.38M,34.63,-,-,-,1.32,13146.10,-,-,-,-,-,-,10.95,1.14%,"1,112"
ALG,1.99B,19.50,13.61,-,1.22,1.67,10.17,17.93,22.72%,13.69%,11.99%,-,6.63%,163.16,0.57%,"123,609"
ALGM,9.75B,-,35.34,0.63,10.95,10.16,55.59,78.05,83.62%,49.31%,-,56.07%,8.53%,52.32,2.88%,"1,839,040"
ALGN,12.78B,29.91,14.45,1.61,3.12,3.08,12.06,21.90,8.22%,8.59%,-24.08%,8.97%,10.30%,178.46,-1.18%,"417,755"
ALGS,37.78M,-,-,-,8.02,1.19,0.69,-,-187.66%,36.37%,-,-4.92%,-,6.11,-4.01%,"102,514"
ALGT,2.80B,-,8.78,0.15,1.06,1.76,3.04,-,99.38%,56.85%,26.48%,56.97%,21.36%,104.29,-2.43%,"457,802"
ALH,5.13B,-,17.64,1.04,-,11.91,33.68,-,26.39%,13.61%,-,17.00%,-,25.84,-0.08%,"361,417"
ALHC,4.38B,231.95,49.55,-,1.03,21.18,-,19.38,-,124.48%,50.33%,-,32.71%,21.20,4.02%,"3,877,517"
ALIL,-,-,-,-,-,-,-,-,-,-,-,-,-,31.46,1.20%,"1,639"
ALIS,85.58M,-,-,-,-,1.40,329.15,-,-,-,-,-,-,10.15,-0.25%,"3,376"
ALIT,589.36M,-,3.73,-,0.26,0.56,1.41,2.28,-43.79%,4.72%,-49.03%,-21.83%,-3.68%,21.94,5.28%,"936,796"
ALK,5.22B,87.61,7.16,0.13,0.36,1.40,2.91,-,-97.15%,9306.13%,-,55.00%,31.90%,46.87,0.15%,"2,300,920"
ALKS,8.60B,57.37,91.64,-,5.51,4.90,16.80,38.78,-126.83%,246.78%,-,-2.29%,7.28%,51.60,-0.52%,"1,776,619"
ALKT,1.83B,-,15.43,0.38,3.87,4.93,23.51,44.30,53.76%,42.00%,7.41%,40.83%,31.66%,17.06,-3.51%,"925,614"
ALL,64.45B,5.52,9.51,-,0.95,2.18,-,5.59,-12.13%,-13.98%,17.07%,-9.36%,10.06%,250.35,-2.38%,"1,455,981"
ALLE,11.73B,18.64,14.24,1.56,2.82,5.58,37.98,16.66,7.98%,9.04%,16.90%,9.15%,8.38%,136.51,0.11%,"693,108"
ALLO,638.54M,-,-,-,-,1.62,2.39,-,19.26%,-6.71%,16.08%,7.44%,-,1.85,-4.15%,"5,422,350"
ALLR,18.46M,-,-,-,54.29,2.65,0.62,-,-17.95%,-5.43%,94.60%,-,-,1.16,2.65%,"100,042"
ALLT,427.10M,72.51,23.59,2.94,4.06,3.67,4.38,16.93,30.43%,23.33%,-,8.03%,-5.58%,8.73,4.43%,"419,744"
ALLW,-,-,-,-,-,-,-,-,-,-,-,-,-,29.29,0.90%,"273,943"
ALLY,13.90B,11.05,6.99,0.28,0.89,1.05,-,-,40.26%,21.46%,-3.80%,24.61%,7.13%,45.35,0.51%,"2,704,454"
ALM,4.48B,-,10.86,-,123.49,17.49,24.06,-,186.45%,195.88%,-58.78%,-,4.46%,15.79,5.16%,"5,017,459"
ALMR,1.87B,-,-,-,-,-,29.03,-,-567.62%,49.36%,-,-28.20%,-,27.05,-1.28%,"222,945"
ALMS,3.48B,-,-,-,414.04,6.12,6.65,-,0.13%,4.28%,-,12.06%,-,27.28,-2.92%,"1,992,345"
ALMU,311.92M,-,-,-,59.98,7.70,8.26,-,-1750.00%,-64.86%,-,-,-,17.04,5.06%,"472,057"
ALNT,1.51B,62.55,28.67,1.94,2.69,4.94,36.65,36.97,16.36%,22.63%,6.71%,14.76%,8.62%,88.78,1.73%,"313,784"
ALNY,37.55B,66.83,26.61,0.33,8.76,34.90,12.48,58.55,217.87%,42.69%,-,80.15%,49.77%,281.26,-2.36%,"1,093,297"
ALOT,221.87M,-,-,-,1.46,2.84,47.51,22.05,-,-,-,-,5.34%,28.55,0.11%,"150,103"
ALOV,373.69M,-,-,-,-,1.29,349.24,-,-,-,-,-,-,9.96,0.20%,374
ALOY,740.79M,-,-,-,290.50,6.49,14.80,-,-51.25%,83.06%,-45.99%,70.76%,-6.31%,10.77,-2.71%,"1,166,043"
ALP,7.81M,-,-,-,-,0.20,43.39,-,-,-,10.10%,-,-,0.33,14.51%,"7,437,588"
ALPS,79.44M,-,-,-,-,-,220.66,-,-,-,-,-,-,0.48,-4.73%,"257,387"
ALPX,145.98M,-,-,-,-,-,-,-,-,-,-,-,-,9.87,0.10%,"375,651"
ALRG,-,-,-,-,-,-,-,-,-,-,-,-,-,30.25,0.12%,20
ALRM,2.58B,21.67,17.58,2.58,2.49,3.00,5.19,15.30,5.89%,7.11%,9.96%,6.80%,10.35%,52.23,-0.02%,"308,363"
ALRS,785.02M,30.16,11.20,-,2.35,1.37,-,9.32,7.99%,-7.06%,-23.04%,-,6.04%,31.24,-0.06%,"182,759"
ALSN,9.54B,17.87,10.66,0.49,2.61,5.02,30.68,16.51,20.72%,21.98%,22.82%,21.64%,7.66%,115.06,-0.79%,"547,234"
ALT,569.81M,-,-,-,14245.29,1.34,1.72,-,35.00%,-9.36%,12.17%,8.05%,-65.33%,2.93,-2.01%,"3,298,979"
ALTG,215.38M,-,-,-,0.12,-,9.01,4.09,54.98%,27.35%,-23.07%,31.21%,16.01%,6.62,-3.78%,"117,715"
ALTI,524.60M,-,8.65,-,1.93,1.43,13.21,-,121.95%,48.15%,-472.06%,-,-,3.46,0.58%,"32,208"
ALTL,-,-,-,-,-,-,-,-,-,-,-,-,-,48.69,1.48%,"6,590"
ALTO,435.47M,15.33,9.18,-,0.48,1.75,20.12,14.18,167.03%,43.34%,-,-,0.46%,5.62,-4.26%,"2,570,809"
ALTY,-,-,-,-,-,-,-,-,-,-,-,-,-,12.44,0.69%,"86,915"
ALUB,361.71M,-,-,-,-,1.32,441.11,-,-,-,-,-,-,10.06,0.00%,6
ALV,9.09B,13.06,10.02,0.85,0.83,3.45,26.59,15.71,7.02%,14.97%,34.94%,11.83%,7.75%,121.48,-0.33%,"743,035"
ALVO,1.12B,-,13.87,-,2.00,-,17.49,-,85.22%,1709.65%,-,-,-,3.30,-2.37%,"705,866"
ALX,1.41B,68.96,-,-,6.67,15.55,9.28,21.86,-,-,-7.67%,-,1.37%,276.26,0.02%,"25,911"
ALXO,269.13M,-,-,-,-,1.78,1.92,-,67.72%,5.73%,-8.19%,33.08%,-,2.00,1.52%,"767,635"
ALZN,4.60M,-,-,-,-,2.11,1.70,-,-,-,30.49%,-,-,1.21,4.31%,"71,588"
AM,10.81B,26.67,17.84,0.95,8.41,5.58,-,13.47,28.54%,15.44%,-,18.74%,5.33%,22.76,1.34%,"1,851,267"
AMA,-,-,-,-,-,-,-,-,-,-,-,-,-,38.91,7.43%,"248,130"
AMAA,-,-,-,-,-,-,-,-,-,-,-,-,-,29.57,0.60%,"1,572"
AMAL,1.39B,13.47,10.21,-,2.97,1.72,-,9.13,7.97%,15.65%,18.19%,-,15.25%,46.40,-0.13%,"135,602"
AMAN,97.72M,-,-,-,-,-,-,-,-,-,-,-,-,10.12,0.15%,"32,543"
AMAT,472.96B,55.97,35.32,1.12,16.30,19.78,57.39,88.52,30.26%,37.46%,17.18%,31.45%,10.52%,595.70,3.53%,"6,513,928"
AMAU,-,-,-,-,-,-,-,-,-,-,-,-,-,23.57,7.33%,"209,753"
AMAX,-,-,-,-,-,-,-,-,-,-,-,-,-,7.52,0.53%,"10,721"
AMBA,3.20B,-,67.59,2.04,7.89,5.28,11.49,175.81,27.45%,36.48%,-0.60%,33.08%,11.87%,72.90,1.25%,"1,079,559"
AMBO,5.76M,-,-,-,-,0.72,0.84,-,-,-,-,-,-34.22%,2.20,0.00%,"9,473"
AMBP,2.64B,-,15.12,0.89,0.46,-,18.60,12.01,17.95%,18.06%,-,16.90%,9.76%,4.42,-0.90%,"1,648,018"
AMBQ,2.04B,-,-,-,24.91,7.76,9.97,-,57.76%,42.28%,-8.62%,-,9.21%,85.48,5.08%,"401,707"
AMBR,121.88M,-,10.07,-,1.91,1.29,2.24,-,-100.00%,-,-,-,-23.64%,1.41,0.00%,"23,313"
AMC,1.75B,-,-,-,0.35,-,4.59,-,82.14%,42.38%,67.07%,63.64%,31.30%,1.96,4.81%,"28,572,160"
AMCI,123.40M,-,-,-,-,11.77,18.61,-,-,-,-,-,-,5.46,9.64%,"310,146"
AMCR,19.78B,29.48,9.91,1.08,0.89,1.70,12.46,26.50,11.83%,8.46%,-3.49%,9.15%,3.78%,42.78,0.82%,"2,907,437"
AMCX,431.37M,16.47,8.86,-,0.19,0.45,0.78,1.82,-9.62%,-39.56%,-18.57%,-19.84%,-3.86%,9.82,-1.50%,"346,181"
AMD,893.78B,179.90,40.96,0.65,23.86,13.86,72.32,104.24,79.18%,79.09%,5.13%,63.22%,28.82%,548.13,2.57%,"21,201,370"
AMDC,-,-,-,-,-,-,-,-,-,-,-,-,-,25.60,5.46%,"2,582"
AMDD,-,-,-,-,-,-,-,-,-,-,-,-,-,2.76,-2.65%,"16,292,311"
AMDG,-,-,-,-,-,-,-,-,-,-,-,-,-,121.53,4.91%,"63,855"
AMDL,-,-,-,-,-,-,-,-,-,-,-,-,-,71.49,4.81%,"2,673,328"
AMDW,-,-,-,-,-,-,-,-,-,-,-,-,-,104.30,2.90%,"74,317"
AMDY,-,-,-,-,-,-,-,-,-,-,-,-,-,54.63,2.15%,"275,677"
AME,53.62B,35.34,26.46,2.95,7.06,4.91,111.43,31.49,9.74%,8.44%,11.14%,8.98%,10.27%,233.96,0.80%,"617,063"
AMEI,-,-,-,-,-,-,-,-,-,-,-,-,-,25.85,-0.27%,"6,438"
AMEM,-,-,-,-,-,-,-,-,-,-,-,-,-,24.34,1.49%,"4,076"
AMG,9.67B,14.91,8.85,0.35,4.54,3.14,25.70,8.84,37.59%,15.44%,39.32%,25.16%,0.54%,366.00,1.73%,"194,444"
AMGN,191.73B,24.71,15.17,4.00,5.14,20.86,15.93,22.30,2.25%,4.84%,2.93%,3.79%,7.79%,355.25,-1.44%,"1,862,958"
AMGR,-,-,-,-,-,-,-,-,-,-,-,-,-,24.95,-0.11%,"4,968"
AMH,12.18B,27.44,42.90,-,6.48,1.78,58.53,15.79,-25.15%,-10.64%,33.63%,-15.87%,9.55%,33.86,0.18%,"1,948,983"
AMHI,-,-,-,-,-,-,-,-,-,-,-,-,-,25.06,0.05%,6
AMID,-,-,-,-,-,-,-,-,-,-,-,-,-,36.06,1.25%,"4,583"
AMIX,2.82M,-,-,-,-,0.48,0.40,-,53.45%,13.89%,35.84%,29.01%,-,5.19,-9.74%,"92,199"
AMJB,-,-,-,-,-,-,-,-,-,-,-,-,-,35.86,0.44%,"16,959"
AMKL,-,-,-,-,-,-,-,-,-,-,-,-,-,16.01,12.51%,"58,790"
AMKR,17.40B,40.05,30.77,1.26,2.46,3.84,9.41,104.06,38.72%,9.64%,1.52%,24.39%,5.84%,70.20,6.27%,"5,395,196"
AMKX,-,-,-,-,-,-,-,-,-,-,-,-,-,24.75,12.67%,"1,265"
AMLP,-,-,-,-,-,-,-,-,-,-,-,-,-,53.82,0.24%,"1,144,327"
AMLX,2.02B,-,-,-,-,7.40,7.23,-,7.85%,10.32%,-15.37%,26.18%,-,18.20,4.54%,"2,020,671"
AMN,1.26B,-,29.93,-,0.37,1.76,2.16,1.78,95.68%,-59.19%,-,-1.99%,2.67%,32.50,-4.36%,"912,310"
AMOD,18.24M,-,-,-,1823.69,-,455.92,-,51.72%,42.86%,-,53.06%,-,4.12,2.74%,"42,376"
AMOM,-,-,-,-,-,-,-,-,-,-,-,-,-,60.42,2.17%,"1,373"
AMP,46.62B,12.90,10.40,0.79,2.42,7.52,5.50,6.33,15.56%,9.80%,24.35%,13.25%,9.47%,518.60,0.07%,"560,221"
AMPG,178.13M,-,19.00,-,6.61,3.68,9.67,-,172.73%,54.17%,1.96%,-,48.76%,7.03,10.36%,"3,209,433"
AMPH,829.16M,11.30,6.19,5.16,1.15,1.09,2.82,6.13,-19.16%,15.71%,134.65%,1.20%,15.53%,18.81,-2.51%,"334,748"
AMPL,1.29B,-,72.17,1.21,3.60,5.91,7.06,52.22,-16.05%,166.55%,-22.85%,59.67%,27.35%,9.69,3.53%,"2,203,466"
AMPU,-,-,-,-,-,-,-,-,-,-,-,-,-,3.45,1.47%,"150,420"
AMPX,1.57B,-,176.51,-,17.45,14.16,25.18,-,80.86%,194.03%,-36.92%,-,73.24%,11.12,0.36%,"5,378,592"
AMPY,170.52M,18.04,4.49,-,0.75,0.41,4.11,-,-168.20%,237.64%,-,-,5.43%,4.13,0.00%,"562,712"
AMR,1.96B,-,8.58,-,0.92,1.29,5.33,87.30,135.42%,1069.51%,27.94%,-,8.50%,153.94,3.52%,"219,149"
AMRC,1.32B,42.87,14.83,0.44,0.67,1.24,6.78,-,24.32%,50.72%,-5.51%,33.68%,13.36%,25.00,5.26%,"565,019"
AMRN,301.48M,-,-,-,1.39,0.67,0.98,-,66.67%,33.33%,-14.55%,23.69%,-19.12%,14.37,-2.24%,"51,974"
AMRX,5.33B,44.75,14.82,0.97,1.75,-,26.41,25.96,18.28%,14.71%,-18.36%,15.21%,8.66%,16.69,-2.85%,"1,519,279"
AMRZ,27.51B,23.81,15.75,0.83,2.31,2.10,25.03,20.86,29.41%,14.14%,-,19.07%,-,49.77,1.36%,"2,758,279"
AMS,9.20M,-,-,-,0.32,0.39,1.76,-,78.26%,-,27.12%,-,9.50%,1.39,-6.08%,"26,035"
AMSC,1.72B,11.84,25.60,-,5.74,3.04,11.91,94.11,-72.08%,37.81%,-,-24.73%,27.98%,35.46,3.74%,"419,457"
AMSF,637.05M,13.98,16.31,-,1.96,2.58,-,79.73,-4.06%,-0.62%,-11.19%,-,-1.35%,34.06,-3.49%,"203,816"
AMSS,16.56M,-,-,-,-,-,16.73,-,-,-,-,-,-,1.45,-1.36%,"63,014"
AMST,6.09M,-,-,-,17.90,3.78,9.51,-,-,-,19.75%,-,13.08%,1.04,-3.70%,"60,888"
AMT,78.66B,27.25,24.97,2.13,7.27,22.33,45.26,20.86,21.93%,2.70%,7.32%,11.74%,5.77%,168.83,-0.40%,"2,200,506"
AMTB,985.95M,18.17,11.84,-,1.55,1.12,-,8.12,4.62%,19.61%,-,-,14.41%,25.63,0.00%,"248,581"
AMTD,40.37M,1.51,-,-,0.71,0.06,0.68,-,-,-,-32.81%,-,-4.34%,0.95,0.00%,"2,506"
AMTM,5.01B,33.78,7.42,0.62,0.35,1.09,11.70,11.40,8.84%,14.35%,192.57%,12.01%,25.04%,20.49,0.29%,"1,557,780"
AMTX,116.81M,-,-,-,0.53,-,24.33,-,21.35%,47.15%,5.95%,-,4.67%,1.66,4.40%,"1,548,603"
AMUB,-,-,-,-,-,-,-,-,-,-,-,-,-,22.54,0.32%,17
AMUN,-,-,-,-,-,-,-,-,-,-,-,-,-,26.05,0.04%,199
AMUU,-,-,-,-,-,-,-,-,-,-,-,-,-,252.48,4.91%,"77,078"
AMWL,181.79M,-,-,-,0.77,0.80,1.01,-,46.50%,28.99%,20.73%,42.33%,0.33%,10.88,-1.18%,"207,136"
AMX,80.13B,16.66,12.26,0.69,1.56,3.84,28.06,11.38,25.97%,14.71%,16.72%,17.69%,4.70%,26.18,0.58%,"1,217,755"
AMYY,-,-,-,-,-,-,-,-,-,-,-,-,-,15.44,0.70%,"11,730"
AMZA,-,-,-,-,-,-,-,-,-,-,-,-,-,48.09,-0.64%,"39,359"
AMZD,-,-,-,-,-,-,-,-,-,-,-,-,-,9.11,-0.11%,"12,368,220"
AMZE,5.43M,-,-,-,2.41,0.55,6.39,-,97.68%,-,-29.48%,-,55.40%,0.09,0.00%,0
AMZG,-,-,-,-,-,-,-,-,-,-,-,-,-,15.38,0.71%,"6,517"
AMZN,2662.28B,29.58,24.56,1.11,3.58,6.02,18.24,-,23.01%,14.23%,27.96%,22.06%,13.18%,247.49,0.07%,"30,108,054"
AMZO,-,-,-,-,-,-,-,-,-,-,-,-,-,16.76,-0.88%,"2,245"
AMZP,-,-,-,-,-,-,-,-,-,-,-,-,-,26.89,0.45%,"14,986"
AMZU,-,-,-,-,-,-,-,-,-,-,-,-,-,35.70,0.11%,"2,650,269"
AMZW,-,-,-,-,-,-,-,-,-,-,-,-,-,37.00,0.10%,"15,210"
AMZY,-,-,-,-,-,-,-,-,-,-,-,-,-,10.87,0.00%,"149,747"
AMZZ,-,-,-,-,-,-,-,-,-,-,-,-,-,33.11,0.36%,"106,900"
AN,6.57B,10.64,8.05,0.75,0.24,2.99,54.64,-,7.11%,12.53%,31.69%,10.76%,6.27%,196.28,1.47%,"403,729"
ANAB,1.85B,-,31.96,-,7.96,142.36,6.46,419.69,-395.84%,228.64%,8.82%,-,25.62%,62.51,-10.46%,"623,074"
ANDE,2.55B,19.93,12.56,-,0.23,2.02,35.24,-,90.92%,11.95%,64.37%,-,6.42%,74.92,0.17%,"266,196"
ANDG,4.85B,41.04,19.56,3.21,5.56,-,22.87,-,-9.82%,24.40%,-,6.09%,-,42.91,2.24%,"163,748"
ANEL,-,-,-,-,-,-,-,-,-,-,-,-,-,23.97,1.48%,"186,386"
ANET,229.89B,62.52,41.00,1.88,23.68,17.05,18.61,43.56,21.81%,22.68%,40.70%,21.85%,31.19%,182.57,0.78%,"7,566,287"
ANEW,-,-,-,-,-,-,-,-,-,-,-,-,-,51.45,-0.30%,103
ANF,4.13B,8.92,7.93,0.84,0.78,3.08,6.66,9.92,8.41%,9.60%,-,9.47%,11.00%,92.87,1.40%,"1,102,469"
ANGH,29.91M,-,-,-,0.30,1.09,1.34,-,-,-,-,-,-,3.30,-0.30%,"59,004"
ANGI,246.73M,14.88,8.67,-,0.24,0.27,1.01,9.54,-74.47%,193.06%,-,-6.43%,-6.83%,6.10,-1.13%,"464,739"
ANGL,-,-,-,-,-,-,-,-,-,-,-,-,-,29.03,0.24%,"399,533"
ANGO,537.15M,-,325.00,-,1.71,3.13,14.21,-,-60.00%,116.67%,28.31%,-,2.06%,13.00,1.76%,"1,664,471"
ANGX,762.43M,-,-,-,2.53,-,19.61,-,62.20%,33.73%,-,44.27%,-,4.09,0.99%,"821,353"
ANIK,206.50M,-,100.13,1.23,1.78,1.55,5.03,198.56,-209.09%,229.17%,14.76%,81.71%,-2.86%,15.52,-1.59%,"60,042"
ANIP,1.83B,20.43,7.46,0.46,1.98,3.28,5.62,9.58,19.70%,14.33%,-,16.30%,33.48%,80.55,-0.65%,"240,288"
ANIX,108.53M,-,-,-,-,7.48,7.93,-,6.35%,-3.17%,5.67%,-1.16%,-,3.19,4.25%,"185,957"
ANL,315.93M,-,-,-,63.06,-,13.28,-,19.82%,-26.07%,10.50%,-6.54%,-,9.20,-0.43%,"221,389"
ANNA,224.90M,23.22,-,-,6.67,3.73,6.94,36.45,-,-,-,-,-,3.36,-1.75%,"176,606"
ANNX,909.32M,-,-,-,-,4.41,4.04,-,28.47%,14.86%,20.17%,-,-,5.55,-1.42%,"5,555,931"
ANPA,66.45M,3384.62,-,-,83.06,75.78,135.61,-,-,-,-,-,-,4.40,0.23%,"3,974"
ANRO,975.61M,-,-,-,-,4.00,3.70,-,-36.23%,-7.54%,-57.17%,-14.36%,-,27.80,-0.82%,"559,916"
ANSC,475.72M,52.69,-,-,-,1.40,-,144.60,-,-,-,-,-,11.44,0.57%,"1,664"
ANTA,104.61M,5.29,43.60,-,1.21,0.84,0.20,-,-87.33%,5.26%,-,-,-,4.36,-0.46%,997
ANTX,171.43M,-,-,-,-,2.10,2.01,-,17.24%,-8.33%,-8.39%,-,-,4.76,4.62%,"352,792"
ANV,-,-,-,-,-,-,-,-,-,-,-,-,-,25.09,0.76%,"2,243"
ANVS,72.74M,-,-,-,-,15.61,5.12,-,-26.19%,29.81%,-10.15%,-10.42%,-,1.71,-2.84%,"1,591,499"
ANY,12.56M,-,-,-,1.22,0.36,3.99,-,-,-,36.02%,-,18.19%,1.89,-0.53%,"140,015"
AOA,-,-,-,-,-,-,-,-,-,-,-,-,-,97.10,0.57%,"69,238"
AOCT,-,-,-,-,-,-,-,-,-,-,-,-,-,27.45,0.24%,244
AOD,1.10B,4.00,-,-,14.33,1.04,-,-,-,-,-,-,-,10.45,0.77%,"300,636"
AOHY,-,-,-,-,-,-,-,-,-,-,-,-,-,11.04,0.14%,"26,853"
AOK,-,-,-,-,-,-,-,-,-,-,-,-,-,41.12,0.39%,"135,760"
AOM,-,-,-,-,-,-,-,-,-,-,-,-,-,49.27,0.65%,"112,623"
AOMR,222.99M,14.01,6.37,0.18,1.58,0.87,5.11,13.39,105.35%,15.99%,130.86%,34.62%,45.99%,8.95,-0.78%,"111,448"
AON,76.65B,19.69,16.80,1.42,4.36,7.80,54.13,21.92,12.03%,11.69%,15.04%,11.82%,9.34%,358.89,-2.30%,"1,168,290"
AOR,-,-,-,-,-,-,-,-,-,-,-,-,-,68.85,0.50%,"220,866"
AORT,1.12B,96.33,56.76,1.02,2.45,2.49,20.14,77.01,-60.12%,386.57%,-,55.53%,11.75%,23.13,-3.75%,"400,951"
AOS,8.39B,16.24,14.69,2.82,2.20,4.47,41.15,12.96,-2.19%,10.05%,12.66%,5.21%,5.76%,60.87,2.25%,"1,431,174"
AOSL,1.04B,-,-,-,1.52,1.30,5.46,-,-433.64%,9.81%,-65.51%,91.29%,8.41%,34.81,0.35%,"385,440"
AOTG,-,-,-,-,-,-,-,-,-,-,-,-,-,64.26,1.38%,811
AOTS,-,-,-,-,-,-,-,-,-,-,-,-,-,23.21,-0.77%,157
AOUT,176.23M,-,17.61,-,0.92,1.30,8.22,41.27,105.36%,39.13%,-,-,-7.19%,14.09,-0.84%,"83,422"
AP,162.20M,-,-,-,0.37,5.16,17.57,-,-,-,-,-,1.78%,7.98,3.77%,"114,744"
APA,12.21B,8.05,8.61,1.17,1.42,1.89,41.66,8.24,56.39%,-31.99%,-,7.34%,15.00%,34.53,-0.40%,"6,171,425"
APAC,81.79M,118.95,-,-,-,1.39,247.85,-,-,-,-,-,-,10.17,0.00%,6
APAM,3.11B,9.96,9.62,-,2.41,7.00,10.35,7.24,-3.05%,4.66%,3.56%,-2.08%,6.77%,38.36,4.58%,"1,482,726"
APC,945.69M,-,14.99,1.08,-,3.87,42.20,-,32.55%,6.42%,-,13.87%,-,19.88,-1.44%,"140,380"
APCB,-,-,-,-,-,-,-,-,-,-,-,-,-,29.14,0.21%,"79,909"
APD,66.67B,31.67,20.99,2.38,5.35,4.26,70.11,-,9.82%,7.99%,-,8.81%,6.33%,299.40,-0.85%,"1,064,820"
APDB,-,-,-,-,-,-,-,-,-,-,-,-,-,25.81,0.25%,106
APEI,1.06B,30.67,19.52,0.51,1.62,3.49,4.82,14.43,87.41%,16.67%,1.63%,38.50%,15.06%,58.04,-1.74%,"216,007"
APG,18.15B,-,21.26,1.82,2.22,5.21,28.14,26.69,15.05%,14.67%,14.03%,11.70%,17.14%,41.51,0.27%,"1,823,222"
APGE,10.07B,-,-,-,-,7.99,9.50,-,-5.26%,-24.72%,-,-12.96%,-,133.96,0.10%,"1,365,160"
APH,194.83B,45.51,27.48,1.12,7.52,13.93,42.51,42.06,44.57%,19.36%,27.85%,24.61%,21.85%,158.37,1.53%,"5,207,936"
APHG,-,-,-,-,-,-,-,-,-,-,-,-,-,14.68,2.80%,"3,880"
APHU,-,-,-,-,-,-,-,-,-,-,-,-,-,25.42,5.83%,"7,150"
API,296.39M,37.76,14.57,0.22,2.03,0.67,0.87,-,27.54%,114.20%,-,67.51%,1.12%,3.98,-4.56%,"311,706"
APIE,-,-,-,-,-,-,-,-,-,-,-,-,-,38.55,0.36%,"46,534"
APLD,8.14B,-,-,-,22.89,5.14,4.22,-,-1075.93%,-3.64%,-46.17%,-,-,28.47,-1.28%,"17,439,474"
APLE,3.94B,23.01,23.58,6.05,2.77,1.26,189.49,14.37,-6.76%,2.54%,-,3.90%,18.60%,16.68,1.89%,"2,785,138"
APLM,34.48M,-,-,-,4.06,-,10.51,-,-,-,18.23%,-,-,15.70,10.49%,"166,585"
APLU,-,-,-,-,-,-,-,-,-,-,-,-,-,24.43,0.33%,"10,356"
APLX,-,-,-,-,-,-,-,-,-,-,-,-,-,11.53,-2.78%,"1,210,072"
APLY,-,-,-,-,-,-,-,-,-,-,-,-,-,12.27,-0.32%,"39,846"
APLZ,-,-,-,-,-,-,-,-,-,-,-,-,-,30.54,2.59%,"103,128"
APM,6.64M,-,-,-,-,0.29,1.92,-,-,-,-,-,-,0.81,0.59%,"16,615"
APMC,147.71M,-,-,-,-,-,-,-,-,-,-,-,-,9.91,0.10%,"225,232"
APMI,-,-,-,-,-,-,-,-,-,-,-,-,-,24.97,7.19%,765
APMU,-,-,-,-,-,-,-,-,-,-,-,-,-,24.90,0.10%,"10,612"
APNAU,-,-,-,-,-,-,-,-,-,-,-,-,-,-,-,0
APO,69.14B,78.86,11.29,0.79,2.18,3.73,2.89,8.20,5.72%,19.95%,65.65%,14.23%,68.23%,119.93,0.93%,"4,002,660"
APOC,-,-,-,-,-,-,-,-,-,-,-,-,-,26.35,0.03%,"8,764"
APOG,804.05M,12.13,-,-,0.57,1.59,24.60,6.52,-15.85%,-,33.79%,-,2.68%,38.53,-1.21%,"258,905"
APP,150.83B,39.61,20.79,0.48,24.47,63.88,54.68,34.04,65.14%,34.13%,-,42.91%,30.45%,448.98,1.38%,"6,664,245"
APPC,-,-,-,-,-,-,-,-,-,-,-,-,-,24.12,2.92%,203
APPF,6.17B,41.45,21.21,0.88,6.20,13.12,40.61,26.27,28.64%,20.86%,-2.64%,24.19%,25.12%,174.46,-3.02%,"239,050"
APPN,1.85B,2289.09,20.05,0.55,2.42,-,8.97,28.94,61.55%,27.44%,-,36.75%,19.00%,25.18,-3.34%,"552,717"
APPS,1.18B,-,9.26,-,2.10,6.15,31.21,105.89,35.71%,39.47%,-,-,12.51%,9.82,-1.31%,"1,974,236"
APPX,-,-,-,-,-,-,-,-,-,-,-,-,-,29.40,2.51%,"400,635"
APRB,-,-,-,-,-,-,-,-,-,-,-,-,-,27.01,0.28%,"2,995"
APRE,9.02M,-,-,-,75.16,0.21,0.19,-,64.38%,4.73%,47.99%,27.52%,-,0.73,0.89%,"145,648"
APRH,-,-,-,-,-,-,-,-,-,-,-,-,-,25.01,0.12%,"1,494"
APRJ,-,-,-,-,-,-,-,-,-,-,-,-,-,24.76,0.12%,"1,194"
APRP,-,-,-,-,-,-,-,-,-,-,-,-,-,32.69,0.19%,"2,240"
APRT,-,-,-,-,-,-,-,-,-,-,-,-,-,46.06,0.23%,49
APRW,-,-,-,-,-,-,-,-,-,-,-,-,-,37.25,0.17%,"175,246"
APRZ,-,-,-,-,-,-,-,-,-,-,-,-,-,40.10,0.39%,176
APT,52.31M,14.75,-,-,0.87,0.82,3.10,9.15,-,-,-30.05%,-,-10.45%,5.12,1.79%,"19,765"
APTV,12.29B,34.32,8.58,1.52,0.59,1.34,3.87,11.26,-10.81%,14.52%,-35.19%,5.63%,9.32%,58.06,-1.98%,"1,984,292"
APUE,-,-,-,-,-,-,-,-,-,-,-,-,-,46.42,0.37%,"89,877"
APUR,146.27M,-,-,-,-,-,7313.45,-,-,-,-,-,-,9.93,0.00%,6
APUS,11.05M,-,-,-,-,0.07,1.05,-,-,-,-,-,-,0.73,-0.62%,"688,367"
APVO,5.76M,-,-,-,-,0.48,0.40,-,73.24%,48.09%,89.05%,49.02%,-,4.62,11.33%,"80,596"
APWC,30.10M,4.87,-,-,0.06,0.15,0.41,-,-,-,-,-,9.32%,1.46,-1.35%,"19,487"
APXM,-,-,-,-,-,-,-,-,-,-,-,-,-,31.80,0.05%,6
APXT,462.82M,98.73,-,-,-,1.37,608.97,-,-,-,-,-,-,10.07,0.10%,"33,439"
APYX,176.87M,-,-,-,3.16,13.77,5.68,-,0.74%,6.72%,4.74%,25.87%,13.78%,4.22,-0.94%,"61,806"
AQB,4.94M,-,-,-,-,-,11.23,-,-,-,11.96%,-,-,0.96,-3.15%,"35,149"
AQEC,-,-,-,-,-,-,-,-,-,-,-,-,-,24.49,-1.37%,"1,043"
AQLG,-,-,-,-,-,-,-,-,-,-,-,-,-,26.03,0.53%,9
AQLT,-,-,-,-,-,-,-,-,-,-,-,-,-,31.40,0.26%,"58,544"
AQMS,9.78M,-,-,-,-,0.63,1.43,-,-,-,29.11%,-,-,2.75,5.36%,"30,926"
AQN,4.61B,28.14,14.47,1.68,1.84,1.03,82.98,-,4.52%,13.03%,-30.67%,8.61%,7.87%,5.81,1.57%,"3,724,841"
AQST,506.89M,-,-,-,10.08,-,4.58,-,47.44%,7.32%,13.92%,28.30%,-0.58%,4.04,-0.49%,"901,361"
AQWA,-,-,-,-,-,-,-,-,-,-,-,-,-,19.35,0.83%,"2,772"
AR,10.51B,10.99,8.05,0.17,1.82,1.30,-,-,143.29%,0.96%,-,46.24%,15.05%,33.92,-1.05%,"3,333,984"
ARAI,19.76M,-,-,-,152.01,5.28,2.33,-,7.50%,10.81%,-,20.63%,-,0.38,-3.27%,"402,428"
ARAY,31.40M,-,-,-,0.07,0.75,0.82,-,-,-,-,-,3.67%,0.26,-3.05%,"1,112,633"
ARB,-,-,-,-,-,-,-,-,-,-,-,-,-,29.69,0.01%,"6,983"
ARBB,7.93M,-,-,-,0.13,0.18,1.00,3.11,-,-,-,-,38.47%,4.49,6.40%,"1,682"
ARBE,107.20M,-,-,-,73.93,2.21,1.37,-,34.15%,22.22%,-,39.68%,25.31%,0.87,27.02%,"10,800,408"
ARBK,41.42M,0.66,-,-,2.67,3.21,18.41,-,-,-,-17.52%,-,-8.54%,3.10,-1.59%,"9,644"
ARCB,3.37B,62.22,16.75,0.35,0.83,2.62,39.04,24.83,70.68%,43.30%,-0.53%,47.50%,6.40%,151.58,1.39%,"288,168"
ARCC,13.49B,11.55,9.77,-,4.03,0.96,20.60,12.56,-4.93%,0.66%,10.24%,-2.32%,18.46%,18.79,0.80%,"3,264,601"
ARCI,355.09M,-,-,-,-,1.32,319.90,-,-,-,-,-,-,10.07,0.10%,520
ARCL,177.72M,-,-,-,-,-,-,-,-,-,-,-,-,9.91,0.10%,"1,306"
ARCM,-,-,-,-,-,-,-,-,-,-,-,-,-,100.18,0.03%,14
ARCO,1.71B,7.37,9.75,-,0.35,2.23,6.42,30.22,-27.11%,14.20%,-,-1.40%,18.71%,8.20,-1.09%,"1,347,762"
ARCT,181.06M,-,-,-,4.28,0.95,0.86,-,-68.03%,1.28%,7.53%,-13.75%,47.77%,6.37,-5.07%,"649,658"
ARCX,-,-,-,-,-,-,-,-,-,-,-,-,-,10.90,11.91%,"24,808"
ARDC,305.81M,13.29,-,-,-,-,-,-,-,-,-,-,-,12.76,-0.23%,"118,553"
ARDT,1.40B,10.35,8.23,0.84,0.22,1.05,2.30,6.52,8.18%,14.66%,-,9.85%,8.73%,9.80,-2.68%,"635,961"
ARDX,1.27B,-,10.72,-,2.98,8.57,5.35,-,76.75%,896.57%,24.66%,-,121.90%,5.16,0.39%,"2,661,324"
ARE,8.28B,-,-,-,2.82,0.52,19.55,5.90,125.47%,-119.29%,-,69.69%,9.93%,47.50,-1.21%,"1,501,594"
AREC,197.90M,-,2.20,-,1978.98,-,37.20,-,5.48%,343.48%,-,-,-,1.85,3.35%,"3,178,558"
AREN,43.55M,0.37,1.99,-,0.35,-,3.88,1.39,-43.33%,35.29%,-,-,1.04%,0.92,-2.65%,"40,537"
ARES,39.68B,55.69,16.34,0.75,5.82,10.57,27.59,-,24.77%,23.97%,15.13%,21.91%,31.26%,120.30,-0.12%,"1,671,778"
ARGT,-,-,-,-,-,-,-,-,-,-,-,-,-,94.74,0.28%,"54,820"
ARGX,53.77B,43.88,23.90,0.76,12.93,7.26,12.11,64.05,35.38%,35.70%,-,31.43%,151.37%,859.43,-1.92%,"269,859"
ARHS,1.11B,17.14,14.24,1.56,0.80,2.97,6.15,83.58,-0.84%,15.27%,82.33%,9.14%,22.14%,7.83,1.29%,"696,692"
ARI,1.39B,13.19,17.83,-,2.04,0.80,10.95,50.36,-56.18%,29.29%,143.06%,-,15.69%,10.61,2.91%,"4,355,856"
ARIS,3.00B,17.49,4.25,0.10,2.62,1.91,6.35,18.15,77.50%,50.53%,-,43.72%,18.87%,14.53,2.40%,"1,973,253"
ARKB,-,-,-,-,-,-,-,-,-,-,-,-,-,21.42,3.83%,"1,805,080"
ARKD,-,-,-,-,-,-,-,-,-,-,-,-,-,20.16,0.77%,24
ARKE,-,-,-,-,-,-,-,-,-,-,-,-,-,19.82,0.86%,710
ARKF,-,-,-,-,-,-,-,-,-,-,-,-,-,42.04,1.74%,"81,530"
ARKG,-,-,-,-,-,-,-,-,-,-,-,-,-,41.05,1.13%,"2,733,069"
ARKI,-,-,-,-,-,-,-,-,-,-,-,-,-,21.97,0.93%,18
ARKK,-,-,-,-,-,-,-,-,-,-,-,-,-,79.52,1.64%,"3,133,477"
ARKO,858.22M,38.79,19.62,-,0.11,2.17,2.90,22.78,93.33%,34.48%,0.14%,-,13.77%,7.65,-5.56%,"845,150"
ARKQ,-,-,-,-,-,-,-,-,-,-,-,-,-,122.28,1.31%,"114,496"
ARKR,20.70M,-,-,-,0.13,0.65,1.80,-,-,-,-18.88%,-,9.25%,5.74,-0.35%,451
ARKT,-,-,-,-,-,-,-,-,-,-,-,-,-,19.05,0.69%,33
ARKW,-,-,-,-,-,-,-,-,-,-,-,-,-,148.42,1.67%,"78,860"
ARKX,-,-,-,-,-,-,-,-,-,-,-,-,-,31.74,1.41%,"541,154"
ARL,293.16M,24.06,-,-,5.82,0.47,2.88,107.39,-,-,11.55%,-,-3.26%,18.15,-6.68%,"18,452"
ARLI,-,-,-,-,-,-,-,-,-,-,-,-,-,26.21,0.59%,7
ARLO,1.43B,47.36,13.39,-,2.56,9.00,8.55,22.31,19.79%,17.44%,-,-,8.18%,13.19,0.61%,"923,076"
ARLP,3.21B,13.17,8.48,0.95,1.48,1.82,111.14,9.47,-3.12%,26.45%,-,8.91%,10.57%,24.94,1.01%,"227,780"
ARLU,-,-,-,-,-,-,-,-,-,-,-,-,-,32.08,0.25%,"12,844"
ARM,299.16B,332.20,93.22,2.99,60.81,36.10,83.08,305.58,22.82%,38.74%,17.48%,31.13%,19.40%,281.17,-5.96%,"8,484,344"
ARMA,-,-,-,-,-,-,-,-,-,-,-,-,-,16.19,-11.68%,"4,086"
ARMG,-,-,-,-,-,-,-,-,-,-,-,-,-,23.82,-12.01%,"1,673,519"
ARMH,-,-,-,-,-,-,-,-,-,-,-,-,-,11.93,-6.08%,"13,114"
ARMK,15.25B,43.26,21.55,1.09,0.79,4.65,28.20,38.78,22.16%,19.75%,-,19.68%,7.60%,58.00,-0.26%,"3,317,917"
ARMP,143.90M,-,-,-,27.67,-,30.30,-,20.73%,64.78%,-28.83%,40.13%,42.90%,3.92,-1.26%,"149,046"
ARMW,-,-,-,-,-,-,-,-,-,-,-,-,-,52.34,-7.23%,"98,138"
ARMY,-,-,-,-,-,-,-,-,-,-,-,-,-,23.50,0.50%,"2,553"
AROC,6.75B,20.93,18.07,1.94,4.45,4.45,1514.09,27.62,1.37%,14.96%,-,9.31%,11.23%,38.53,1.13%,"1,439,848"
AROW,674.39M,13.15,9.42,-,2.73,1.53,-,16.31,40.88%,16.07%,1.92%,-,10.91%,40.80,-0.29%,"81,165"
ARP,-,-,-,-,-,-,-,-,-,-,-,-,-,32.94,1.10%,"1,963"
ARQ,95.30M,-,-,-,0.78,0.57,20.41,-,99.66%,-819.21%,-2.40%,-,12.30%,2.22,0.00%,"103,131"
ARQQ,325.95M,-,-,-,299.03,10.89,11.29,-,-,-,-285.78%,-,-,18.73,3.94%,"286,520"
ARQT,3.35B,-,25.03,-,8.07,17.68,14.95,124.57,262.15%,408.12%,49.34%,-,-,26.81,-1.14%,"771,512"
ARR,2.12B,8.87,5.68,3.32,2.14,0.91,9.91,15.81,-3.31%,1.77%,-,1.71%,-,17.11,1.42%,"7,498,583"
ARRY,966.03M,-,6.89,0.44,0.80,-,4.78,16.57,8.89%,24.99%,-,15.82%,8.03%,6.28,2.61%,"3,177,731"
ARTC,347.64M,-,-,-,-,-,133.20,-,-,-,-,-,-,9.98,0.00%,474
ARTL,4.04M,-,-,-,-,0.15,0.39,-,-,-,35.60%,-,-,1.16,10.48%,"286,991"
ARTNA,354.51M,15.23,-,-,3.09,1.40,83.41,-,-,-,4.28%,-,5.08%,34.42,-0.17%,"20,988"
ARTV,454.30M,-,-,-,-,2.63,5.24,-,22.26%,-9.17%,-27.38%,3.82%,-,9.35,4.70%,"432,592"
ARTW,12.28M,-,-,-,0.47,0.91,-,-,-,-,-,-,0.50%,2.37,-3.27%,"23,221"
ARTY,-,-,-,-,-,-,-,-,-,-,-,-,-,69.96,0.45%,"317,011"
ARVN,533.59M,-,-,-,5.97,1.38,0.87,-,-148.16%,-24.98%,17.70%,-,64.50%,8.27,2.10%,"636,799"
ARVR,-,-,-,-,-,-,-,-,-,-,-,-,-,55.95,0.34%,15
ARW,10.56B,14.77,9.58,0.31,0.32,1.56,36.85,34.76,80.96%,8.14%,8.02%,30.41%,1.48%,206.50,2.34%,"405,784"
ARWG,-,-,-,-,-,-,-,-,-,-,-,-,-,26.66,1.30%,"1,262"
ARWR,10.13B,-,-,-,16.28,16.46,5.68,-,-31743.19%,-29.08%,57.10%,-,56.63%,71.91,-2.97%,"1,635,673"
ARX,2.76B,-,13.73,1.53,4.58,4.05,-,-,-21.01%,24.39%,-,8.98%,-,12.67,-5.02%,"1,295,586"
ARXS,17.64B,-,60.53,1.43,-,5.54,73.85,-,13.74%,101.49%,-,42.24%,-,43.00,1.53%,"469,238"
AS,19.84B,42.50,21.98,0.88,2.82,2.94,29.02,-,30.27%,23.54%,-,24.84%,21.83%,34.31,0.47%,"2,195,472"
ASA,973.03M,1.47,-,-,244.46,0.88,-,-,-,-,-,-,-,51.79,1.71%,"45,440"
ASAN,1.72B,-,15.87,0.55,2.13,12.74,4.04,16.02,38.07%,26.10%,9.45%,28.76%,28.35%,7.46,-2.99%,"5,537,020"
ASB,5.10B,10.68,9.35,1.15,2.06,1.06,-,8.38,5.45%,10.81%,8.22%,8.10%,15.79%,30.71,-0.19%,"1,277,943"
ASBP,7.81M,-,-,-,260.26,0.26,1.33,-,-,-,-,-,-,6.03,1.01%,"22,965"
ASC,660.19M,12.22,14.36,2.09,2.04,1.01,13.98,-,215.09%,-62.36%,-,6.88%,7.11%,16.18,2.21%,"459,217"
ASCE,-,-,-,-,-,-,-,-,-,-,-,-,-,34.24,1.45%,"31,731"
ASCI,-,-,-,-,-,-,-,-,-,-,-,-,-,35.93,0.29%,376
ASD,-,-,-,-,-,-,-,-,-,-,-,-,-,26.89,-0.38%,186
ASEA,-,-,-,-,-,-,-,-,-,-,-,-,-,20.90,1.06%,"19,551"
ASEC,-,-,-,-,-,-,-,-,-,-,-,-,-,49.88,-0.08%,8
ASG,345.35M,24.64,-,-,203.35,0.92,-,-,-,-,-,-,-,5.42,1.88%,"180,173"
ASGI,756.25M,4.66,-,-,-,-,-,-,-,-,-,-,-,23.91,1.83%,"201,695"
ASGM,-,-,-,-,-,-,-,-,-,-,-,-,-,31.32,0.33%,249
ASH,3.06B,-,15.69,1.25,1.69,1.64,7.78,12.47,5.60%,19.19%,-15.51%,12.54%,-1.98%,66.74,1.24%,"397,780"
ASHR,-,-,-,-,-,-,-,-,-,-,-,-,-,35.48,2.84%,"6,947,485"
ASHS,-,-,-,-,-,-,-,-,-,-,-,-,-,44.94,2.88%,"16,613"
ASIA,-,-,-,-,-,-,-,-,-,-,-,-,-,41.88,2.22%,"3,674"
ASIC,1.17B,13.03,9.83,0.42,2.50,1.86,-,7.30,25.65%,22.92%,-,23.45%,-,24.45,-2.63%,"61,849"
ASIX,566.95M,56.14,8.09,-,0.37,0.71,32.27,-,-37.06%,81.18%,1.96%,-,5.62%,21.03,0.48%,"348,467"
ASLE,283.98M,27.38,17.68,-,0.83,0.67,136.53,-,-18.18%,25.93%,-2.26%,-,9.92%,6.01,-0.33%,"497,469"
ASLV,-,-,-,-,-,-,-,-,-,-,-,-,-,30.15,-0.17%,25
ASM,1.02B,26.72,10.31,0.28,9.14,3.66,7.34,80.02,123.53%,52.63%,-,36.25%,40.96%,5.98,4.18%,"2,158,028"
ASMB,530.31M,-,-,-,7.46,2.14,2.34,-,-209.39%,-88.60%,51.83%,-,-1.78%,26.76,-0.74%,"104,872"
ASMF,-,-,-,-,-,-,-,-,-,-,-,-,-,25.80,-0.15%,"6,414"
ASMG,-,-,-,-,-,-,-,-,-,-,-,-,-,51.31,6.35%,"164,210"
ASMH,-,-,-,-,-,-,-,-,-,-,-,-,-,12.20,2.62%,"25,265"
ASML,684.37B,59.21,34.41,1.19,17.52,28.52,70.91,68.24,25.83%,38.84%,23.58%,28.90%,18.27%,1775.64,2.87%,"2,529,139"
ASMU,-,-,-,-,-,-,-,-,-,-,-,-,-,33.28,5.58%,"306,838"
ASMZ,-,-,-,-,-,-,-,-,-,-,-,-,-,21.84,6.01%,281
ASND,16.49B,29.93,23.11,-,16.41,29.34,24.99,326.17,454.05%,-24.43%,14.76%,-,152.45%,265.57,0.13%,"516,502"
ASO,2.88B,8.17,6.65,0.77,0.47,1.39,8.52,12.14,11.98%,7.81%,10.32%,8.63%,1.25%,46.43,-0.13%,"1,017,166"
ASPC,24.71M,935.43,-,-,-,58.96,274.52,-,-,-,-,-,-,10.57,-2.58%,962
ASPI,591.75M,-,-,-,21.97,2.05,2.02,-,77.73%,31.91%,-129.60%,-,-,4.70,2.40%,"2,904,836"
ASPN,436.77M,-,-,-,1.90,2.04,2.49,12.28,83.67%,84.47%,-41.75%,-,22.01%,5.27,1.74%,"640,331"
ASPS,77.94M,12.63,4.61,0.06,0.46,-,2.48,19.39,117.50%,72.41%,-,77.84%,-15.07%,6.91,-4.82%,"13,212"
ASR,7.63B,15.55,10.88,1.00,3.78,3.52,9.97,29.59,10.32%,13.04%,42.88%,10.86%,26.99%,275.61,-1.09%,"61,484"
ASRV,64.97M,11.61,-,-,0.73,0.54,-,79.23,-,-,4.73%,-,6.94%,3.83,0.26%,"10,477"
ASST,1.03B,-,-,-,179.37,1.20,7.06,-,59.66%,91.10%,-,-,131.15%,12.41,4.90%,"2,474,439"
ASTC,17.80M,-,-,-,17.63,1.28,2.71,-,-,-,26.69%,-,16.54%,8.86,3.50%,"60,713"
ASTE,1.29B,50.24,13.30,0.85,0.87,1.90,16.73,33.67,8.03%,16.96%,-3.91%,15.57%,6.60%,55.94,0.21%,"179,942"
ASTG,-,-,-,-,-,-,-,-,-,-,-,-,-,12.16,3.24%,"9,679"
ASTH,2.43B,79.88,26.11,0.32,0.69,3.00,5.08,15.68,176.34%,47.61%,-14.74%,81.27%,35.87%,49.00,2.85%,"652,636"
ASTI,38.68M,-,-,-,351.62,2.23,2.41,-,76.05%,32.43%,-,-,2.88%,3.94,3.14%,"865,856"
ASTL,385.73M,-,-,-,0.29,1.56,8.24,-,-,-,-75.55%,-,1.92%,3.66,1.39%,"358,983"
ASTN,-,-,-,-,-,-,-,-,-,-,-,-,-,5.86,-5.10%,"1,005,570"
ASTS,26.71B,-,-,-,314.47,9.88,8.81,-,-74.75%,49.50%,-23.49%,-,64.06%,68.82,1.83%,"9,555,509"
ASTT,-,-,-,-,-,-,-,-,-,-,-,-,-,25.72,3.18%,14
ASTX,-,-,-,-,-,-,-,-,-,-,-,-,-,16.09,3.41%,"4,004,882"
ASTY,-,-,-,-,-,-,-,-,-,-,-,-,-,8.85,3.87%,"69,806"
ASUP,-,-,-,-,-,-,-,-,-,-,-,-,-,11.10,3.64%,"8,061"
ASUR,234.91M,-,7.76,-,1.58,1.17,12.22,73.41,21.07%,24.24%,14.14%,-,16.49%,8.19,0.12%,"79,852"
ASX,88.55B,59.92,25.38,0.47,4.07,8.07,25.25,-,89.01%,49.92%,6.47%,54.51%,5.04%,40.36,-0.49%,"7,301,982"
ASYS,326.60M,111.86,23.35,-,4.14,4.84,13.37,33.60,115.09%,150.00%,-44.25%,-,3.93%,18.68,3.72%,"393,320"
ATAI,2.09B,-,-,-,598.14,10.43,9.05,-,85.14%,-2.94%,36.94%,46.41%,-,5.67,14.08%,"11,875,426"
ATAT,3.50B,16.68,11.70,0.61,2.32,7.98,4.20,11.34,20.05%,19.23%,-,19.13%,43.10%,31.03,-1.21%,"866,369"
ATC,-,-,-,-,-,-,-,-,-,-,-,-,-,21.50,1.84%,359
ATCH,26.93M,-,-,-,1.66,1.20,0.65,-,-,-,-55.15%,-,-,0.18,3.53%,"728,977"
ATCL,-,-,-,-,-,-,-,-,-,-,-,-,-,24.64,-0.40%,"19,139"
ATCX,18.24M,-,-,-,202.67,15.77,34.42,-,35.50%,-,-12.12%,-,-,3.65,0.27%,"1,658"
ATEC,1.38B,-,15.43,0.10,1.75,-,9.86,198.49,535.00%,83.07%,4.12%,157.63%,39.46%,8.97,-7.91%,"2,889,060"
ATEN,2.71B,61.52,32.01,2.57,9.05,12.23,7.33,52.75,15.57%,13.04%,20.80%,12.46%,5.20%,37.64,2.31%,"1,264,854"
ATER,13.13M,-,-,-,0.24,1.37,3.94,-,-,-,44.17%,-,-17.97%,1.21,1.68%,"108,346"
ATEX,2.06B,21.87,23.45,-,317.29,7.63,19.71,376.34,-77.43%,313.76%,-,-,47.82%,105.77,2.34%,"342,492"
ATFV,-,-,-,-,-,-,-,-,-,-,-,-,-,39.30,1.76%,"19,233"
ATGL,174.50M,-,-,-,183.68,55.36,43.95,-,-,-,-185.14%,-,16.09%,10.60,0.57%,124
ATHE,91.19M,-,-,-,-,0.05,2.78,-,49.69%,-14.75%,69.97%,16.56%,-,5.03,-6.51%,"22,521"
ATHM,2.41B,16.14,15.37,-,2.84,0.74,0.90,-,-30.16%,12.14%,-16.03%,-6.22%,-6.48%,20.86,2.41%,"547,594"
ATHR,53.07M,-,-,-,39.02,22.67,65.52,-,-44.83%,73.81%,-,-,-,4.37,1.39%,"16,822"
ATI,25.85B,62.47,34.77,1.38,5.63,14.60,64.36,46.79,37.65%,22.18%,-,25.25%,9.00%,189.44,3.10%,"1,699,616"
ATII,319.57M,37.45,-,-,-,1.36,295.90,-,-,-,-,-,-,10.80,0.00%,"99,912"
ATKR,2.48B,-,12.08,2.62,0.86,1.94,5.62,17.87,-11.51%,13.74%,-,4.61%,10.06%,73.58,2.65%,"202,213"
ATLC,1.48B,14.59,7.58,0.17,0.64,2.28,1.84,1.87,59.68%,35.60%,8.55%,45.44%,28.43%,97.83,1.26%,"146,718"
ATLO,259.34M,12.07,10.38,-,2.60,1.25,-,11.93,32.35%,4.44%,0.75%,-,5.96%,29.28,0.34%,"31,226"
ATLX,94.08M,-,-,-,672.00,1.95,2.74,-,-2.60%,-,-17.96%,-,31.58%,3.19,0.63%,"298,485"
ATMP,-,-,-,-,-,-,-,-,-,-,-,-,-,35.95,0.53%,"2,349"
ATMU,4.25B,20.36,16.09,1.91,2.33,10.54,20.29,26.92,7.88%,9.89%,7.88%,8.43%,7.44%,52.07,1.60%,"523,329"
ATNI,366.07M,-,21.83,-,0.50,0.84,2.95,9.74,121.74%,263.33%,-9.27%,-,9.83%,23.80,2.10%,"101,927"
ATNM,28.08M,-,-,-,311.99,12.19,0.67,-,13.76%,12.23%,9.91%,35.68%,-,0.90,-1.09%,"123,131"
ATO,29.79B,21.97,19.79,2.09,6.10,2.00,234.34,-,13.06%,6.90%,8.82%,9.48%,10.76%,178.45,-0.58%,"1,021,506"
ATOM,247.40M,-,-,-,3534.29,6.10,6.02,-,23.08%,-,3.79%,-,0.95%,6.39,2.24%,"572,407"
ATOS,22.54M,-,-,-,-,0.64,0.71,-,-7.26%,20.08%,32.87%,-,-,2.26,-5.83%,"157,797"
ATPC,2.60M,-,-,-,1.72,0.12,0.11,-,-,-,-,-,-15.09%,2.60,-1.14%,"30,828"
ATR,8.19B,21.98,20.26,2.81,2.11,3.12,35.58,25.04,-4.36%,15.33%,12.87%,7.22%,5.22%,128.28,2.71%,"739,896"
ATRA,72.44M,-,8.98,-,3.13,-,8.67,-,-150.39%,169.11%,-,-,-,8.04,-7.27%,"203,209"
ATRC,1.74B,-,100.18,-,3.15,3.53,11.89,32.40,114.96%,854.32%,26.83%,-,20.95%,34.32,-1.38%,"1,165,623"
ATRO,3.11B,61.93,24.33,-,3.51,16.06,261.98,129.41,55.95%,19.03%,-,-,11.40%,72.45,0.58%,"415,626"
ATS,2.67B,51.82,16.85,1.30,1.24,2.07,13.03,8.82,12.57%,17.14%,0.14%,12.98%,14.67%,27.17,-0.48%,"311,610"
ATTR,-,-,-,-,-,-,-,-,-,-,-,-,-,94.57,0.10%,649
ATXG,4.02M,-,-,-,0.73,0.14,0.32,-,-,-,21.38%,-,-26.32%,3.89,5.71%,"2,733"
ATYR,47.66M,-,-,-,250.82,0.82,0.72,-,28.44%,-12.66%,14.76%,9.31%,-55.14%,0.49,-3.59%,"938,178"
AU,40.57B,11.79,7.80,0.33,3.63,4.75,12.77,10.14,80.91%,5.98%,17.92%,23.30%,17.45%,80.34,0.73%,"2,384,829"
AUAU,-,-,-,-,-,-,-,-,-,-,-,-,-,32.13,1.65%,389
AUB,5.99B,17.78,10.41,0.75,2.68,1.18,-,14.43,8.76%,7.42%,0.94%,13.95%,21.54%,41.82,-0.48%,"1,028,244"
AUBN,94.32M,11.91,-,-,2.12,1.01,-,8.92,-,-,-0.14%,-,5.51%,27.00,0.00%,"1,364"
AUC,80.76M,-,-,-,67.30,2.09,53.13,-,-,-,30.22%,-,13.22%,7.83,7.18%,"4,373"
AUDC,252.73M,40.45,15.83,-,1.02,1.73,3.85,10.59,0.00%,3.28%,-18.64%,-,2.15%,9.97,-2.06%,"108,432"
AUGM,-,-,-,-,-,-,-,-,-,-,-,-,-,35.17,0.06%,6
AUGO,4.78B,53.63,5.60,0.07,4.19,15.84,17.64,29.15,285.34%,7.36%,-,75.40%,25.18%,57.07,6.65%,"1,018,744"
AUGP,-,-,-,-,-,-,-,-,-,-,-,-,-,33.23,0.11%,"1,899"
AUGT,-,-,-,-,-,-,-,-,-,-,-,-,-,38.29,0.07%,532
AUGU,-,-,-,-,-,-,-,-,-,-,-,-,-,31.88,0.38%,874
AUGW,-,-,-,-,-,-,-,-,-,-,-,-,-,34.18,0.07%,"1,523"
AUGZ,-,-,-,-,-,-,-,-,-,-,-,-,-,45.60,0.49%,498
AUID,18.71M,-,-,-,8.43,3.60,15.72,-,-,-,22.72%,-,-0.95%,1.16,6.42%,"98,192"
AUMI,-,-,-,-,-,-,-,-,-,-,-,-,-,77.75,2.02%,990
AUNA,374.51M,20.94,4.74,8.46,0.29,0.75,3.05,4.55,-31.07%,20.47%,-,0.56%,24.38%,5.06,-3.62%,"187,861"
AUPH,2.06B,7.39,12.93,-,6.89,3.68,5.43,12.31,-53.62%,28.75%,-,-4.55%,41.38%,15.98,-0.31%,"824,376"
AUR,12.02B,-,-,-,3005.54,6.11,9.80,-,-5.58%,6.85%,-18.39%,9.98%,-,6.13,1.32%,"20,422,320"
AURA,724.05M,-,-,-,-,4.19,6.31,-,9.38%,-4.55%,-11.28%,4.66%,-,7.00,0.00%,"625,644"
AURE,63.87M,-,-,-,35.68,0.49,30.86,-,-,-,-,-,-6.97%,1.65,-4.07%,"158,703"
AUSF,-,-,-,-,-,-,-,-,-,-,-,-,-,50.08,-0.57%,"29,324"
AUSM,-,-,-,-,-,-,-,-,-,-,-,-,-,25.09,0.00%,13
AUST,14.11M,-,-,-,-,1.83,5.45,-,-,-,-17.33%,-,-,1.03,0.98%,"62,180"
AUTL,385.93M,-,-,-,4.16,4.73,1.67,-,18.85%,30.10%,17.04%,24.63%,215.43%,1.45,-2.03%,"3,005,274"
AUUD,6.92M,-,-,-,-,0.03,4.91,-,-,-,48.36%,-,-,1.29,0.00%,"106,144"
AV,-,-,-,-,-,-,-,-,-,-,-,-,-,28.08,-0.23%,"17,983"
AVA,3.46B,16.61,14.93,2.10,1.80,1.24,192.00,-,9.28%,7.73%,4.60%,7.12%,8.24%,41.82,-0.62%,"379,650"
AVAH,2.03B,7.92,12.03,0.90,0.81,8.46,10.75,16.20,17.87%,9.77%,-,13.35%,10.23%,9.34,-3.41%,"1,867,253"
AVAL,1.87B,13.57,8.91,0.39,0.16,1.21,-,6.63,17.32%,24.25%,-9.10%,22.70%,0.83%,4.95,0.81%,"372,014"
AVAT,25.59M,2.13,-,-,-,0.07,365.51,-,-,-,-,-,-,0.55,8.69%,"527,344"
AVAV,7.26B,-,32.14,1.57,3.67,1.65,11.48,-,-1.69%,37.19%,-,20.46%,38.00%,143.47,1.18%,"1,073,421"
AVAZ,-,-,-,-,-,-,-,-,-,-,-,-,-,8.01,6.42%,313
AVB,27.20B,23.80,35.52,-,8.88,2.32,93.46,19.35,-18.34%,-10.67%,4.70%,-7.12%,6.16%,191.75,-1.43%,"685,243"
AVBC,409.15M,27.00,14.45,-,2.71,1.07,-,11.79,827.78%,7.63%,-,-,-,20.38,0.25%,"47,147"
AVBH,351.77M,-,8.44,-,3.74,1.22,-,-,22.23%,11.18%,-,-,10.80%,32.11,-0.56%,"135,716"
AVBP,1.52B,-,-,-,-,4.55,4.64,-,6.34%,14.88%,-29.43%,30.77%,-,32.54,-3.27%,"293,343"
AVD,75.52M,-,-,-,0.14,0.40,1.06,-,-,-,-,-,2.35%,2.64,-0.75%,"81,783"
AVDE,-,-,-,-,-,-,-,-,-,-,-,-,-,90.05,0.87%,"1,009,742"
AVDS,-,-,-,-,-,-,-,-,-,-,-,-,-,75.69,0.89%,"11,917"
AVDV,-,-,-,-,-,-,-,-,-,-,-,-,-,104.14,1.01%,"576,297"
AVEE,-,-,-,-,-,-,-,-,-,-,-,-,-,67.38,0.26%,"7,819"
AVEM,-,-,-,-,-,-,-,-,-,-,-,-,-,92.43,1.57%,"1,566,038"
AVES,-,-,-,-,-,-,-,-,-,-,-,-,-,64.23,0.06%,"94,067"
AVEX,1.99B,28.09,31.27,-,3.34,3.87,72.47,-,286.84%,49.65%,-,-,-,16.61,4.40%,"1,195,287"
AVGB,-,-,-,-,-,-,-,-,-,-,-,-,-,50.93,0.11%,"2,494"
AVGC,-,-,-,-,-,-,-,-,-,-,-,-,-,26.98,2.37%,88
AVGE,-,-,-,-,-,-,-,-,-,-,-,-,-,99.14,0.58%,"51,936"
AVGG,-,-,-,-,-,-,-,-,-,-,-,-,-,28.60,2.55%,"137,586"
AVGO,1851.22B,64.78,20.02,0.36,24.53,21.11,94.32,56.51,69.68%,67.99%,49.76%,56.05%,21.74%,389.11,1.32%,"20,118,722"
AVGU,-,-,-,-,-,-,-,-,-,-,-,-,-,36.60,2.51%,"76,758"
AVGV,-,-,-,-,-,-,-,-,-,-,-,-,-,85.23,0.18%,"58,642"
AVGW,-,-,-,-,-,-,-,-,-,-,-,-,-,40.50,1.84%,"21,681"
AVGX,-,-,-,-,-,-,-,-,-,-,-,-,-,48.95,2.97%,"386,800"
AVIE,-,-,-,-,-,-,-,-,-,-,-,-,-,75.93,-0.56%,83
AVIG,-,-,-,-,-,-,-,-,-,-,-,-,-,40.98,0.27%,"108,493"
AVIR,376.13M,-,-,-,-,1.61,1.47,-,0.88%,28.08%,-71.02%,21.13%,-,4.70,-0.84%,"341,636"
AVIV,-,-,-,-,-,-,-,-,-,-,-,-,-,78.94,0.87%,"88,774"
AVK,571.28M,3.93,-,-,13.50,0.96,-,-,-,-,-,-,-,12.94,0.54%,"142,304"
AVL,-,-,-,-,-,-,-,-,-,-,-,-,-,46.41,3.07%,"258,082"
AVLC,-,-,-,-,-,-,-,-,-,-,-,-,-,89.96,0.41%,"36,020"
AVLN,1.25B,-,-,-,-,-,10.18,-,28.45%,14.18%,-,9.19%,-,28.28,1.58%,"203,783"
AVLV,-,-,-,-,-,-,-,-,-,-,-,-,-,91.85,0.11%,"2,278,422"
AVMA,-,-,-,-,-,-,-,-,-,-,-,-,-,72.72,0.44%,"5,867"
AVMC,-,-,-,-,-,-,-,-,-,-,-,-,-,79.35,-0.04%,"30,242"
AVMU,-,-,-,-,-,-,-,-,-,-,-,-,-,46.17,-0.04%,"7,502"
AVMV,-,-,-,-,-,-,-,-,-,-,-,-,-,80.54,-0.19%,"31,391"
AVNM,-,-,-,-,-,-,-,-,-,-,-,-,-,82.07,0.90%,"95,457"
AVNS,1.17B,-,19.94,-,1.63,1.49,17.80,155.72,6.38%,25.00%,-22.58%,-,-0.38%,24.93,0.00%,"357,269"
AVNT,3.28B,20.82,10.60,1.06,1.00,1.37,7.68,16.32,9.14%,9.78%,-9.29%,10.00%,0.11%,35.81,0.67%,"548,987"
AVNV,-,-,-,-,-,-,-,-,-,-,-,-,-,82.80,0.66%,"8,347"
AVNW,274.18M,30.44,7.49,0.27,0.63,0.98,3.51,23.12,-6.16%,80.49%,34.80%,28.16%,12.74%,21.19,0.52%,"69,860"
AVO,1.18B,41.80,16.29,-,0.95,1.63,33.62,34.40,-22.15%,33.33%,5.30%,-3.95%,10.04%,13.36,0.68%,"1,072,096"
AVOS,-,-,-,-,-,-,-,-,-,-,-,-,-,26.97,0.43%,125
AVPT,2.75B,64.05,26.11,1.17,6.21,6.27,6.20,26.09,22.35%,23.20%,-,22.41%,22.59%,12.99,2.44%,"2,315,278"
AVR,871.21M,-,-,-,470.92,3.13,3.08,-,57.67%,9.36%,-,31.58%,-,8.95,-4.38%,"790,594"
AVRE,-,-,-,-,-,-,-,-,-,-,-,-,-,47.96,-0.08%,"53,358"
AVRY,-,-,-,-,-,-,-,-,-,-,-,-,-,25.12,0.57%,"10,914"
AVS,-,-,-,-,-,-,-,-,-,-,-,-,-,7.60,-1.29%,"13,581,088"
AVSC,-,-,-,-,-,-,-,-,-,-,-,-,-,72.50,0.26%,"91,402"
AVSD,-,-,-,-,-,-,-,-,-,-,-,-,-,80.28,0.72%,"7,639"
AVSE,-,-,-,-,-,-,-,-,-,-,-,-,-,77.86,1.25%,"10,998"
AVSF,-,-,-,-,-,-,-,-,-,-,-,-,-,46.38,0.16%,"18,795"
AVSU,-,-,-,-,-,-,-,-,-,-,-,-,-,88.17,0.55%,"7,256"
AVT,7.06B,33.52,10.83,0.29,0.28,1.43,34.87,214.66,49.01%,54.94%,-,37.18%,4.71%,86.05,1.06%,"539,747"
AVTM,-,-,-,-,-,-,-,-,-,-,-,-,-,54.51,0.82%,"1,016"
AVTR,7.71B,-,13.24,16.15,1.18,1.38,27.60,17.56,-12.42%,8.15%,-,0.82%,0.49%,11.29,6.91%,"13,327,997"
AVTX,968.25M,-,-,-,16137.55,6.64,11.79,-,48.80%,0.00%,70.20%,22.98%,-61.19%,18.42,-2.59%,"850,695"
AVUQ,-,-,-,-,-,-,-,-,-,-,-,-,-,66.50,0.72%,"16,185"
AVUS,-,-,-,-,-,-,-,-,-,-,-,-,-,128.28,0.38%,"323,721"
AVUV,-,-,-,-,-,-,-,-,-,-,-,-,-,124.08,0.09%,"1,989,162"
AVX,33.48M,-,-,-,7.31,0.20,1.53,-,-,-,82.54%,-,-,4.35,-8.03%,"22,647"
AVXC,-,-,-,-,-,-,-,-,-,-,-,-,-,80.99,1.21%,"37,068"
AVXL,225.19M,-,-,-,-,1.78,1.71,-,-,-,-3.79%,-,-,2.43,3.40%,"885,549"
AVXX,-,-,-,-,-,-,-,-,-,-,-,-,-,4.95,2.06%,"599,131"
AVY,12.02B,17.70,14.16,1.54,1.33,5.24,46.87,13.77,5.11%,10.83%,5.86%,9.18%,4.90%,157.16,-1.31%,"508,159"
AWAY,-,-,-,-,-,-,-,-,-,-,-,-,-,18.27,0.27%,"1,608"
AWF,878.68M,13.59,-,-,12.19,0.91,-,-,-,-,-,-,-,10.19,0.39%,"278,679"
AWI,6.64B,22.08,16.58,1.51,4.03,7.42,83.18,27.82,12.11%,12.89%,-,11.00%,11.59%,155.53,-0.10%,"298,893"
AWK,25.69B,23.28,20.06,2.63,4.94,2.33,127.19,-,6.86%,7.89%,7.90%,7.62%,6.36%,131.57,0.03%,"1,172,773"
AWP,369.96M,6.77,-,-,35.06,1.05,-,-,-,-,-,-,-,11.99,0.25%,"159,984"
AWR,3.33B,24.79,22.31,4.47,4.91,3.13,150.35,87.68,8.75%,3.96%,7.62%,4.99%,6.15%,85.01,-0.05%,"205,979"
AWRE,27.49M,-,-,-,1.61,1.20,1.40,-,-,-,4.81%,-,8.87%,1.27,-2.31%,"26,888"
AWX,9.94M,17.00,-,-,0.12,0.27,4.18,6.03,-,-,86.99%,-,7.31%,2.55,-1.16%,"4,571"
AX,5.56B,11.87,10.17,0.80,2.63,1.81,-,21.15,13.97%,13.50%,20.05%,12.75%,22.02%,97.77,0.63%,"255,351"
AXG,622.78M,-,-,-,642.04,12.91,231.52,-,-,-,-118.12%,-,24.14%,3.27,0.62%,"41,857"
AXGN,2.06B,-,52.09,1.01,8.66,8.42,19.90,222.17,72.41%,48.86%,10.54%,51.78%,14.93%,38.77,-1.82%,"1,167,257"
AXIA,23.51B,16.09,8.78,0.77,2.93,1.34,4.33,10.55,10.75%,32.19%,-12.42%,11.33%,5.56%,10.29,0.78%,"1,340,744"
AXIL,41.86M,53.91,-,-,1.49,3.65,7.58,49.25,-,-,-,-,91.76%,6.14,1.49%,"34,092"
AXIN,281.66M,39.95,-,-,-,1.08,391.19,-,-,-,-,-,-,10.33,0.00%,"9,339"
AXON,44.11B,219.06,51.41,1.93,14.79,12.48,58.88,2260.91,12.24%,38.44%,-,26.59%,32.48%,547.26,0.04%,"522,318"
AXP,242.27B,22.15,17.61,1.23,2.94,7.12,4.51,16.78,15.18%,13.84%,32.49%,14.33%,16.08%,355.06,0.18%,"3,530,900"
AXPG,-,-,-,-,-,-,-,-,-,-,-,-,-,14.60,0.52%,"5,337"
AXR,135.87M,10.64,14.39,-,2.56,0.97,2.69,10.36,-10.97%,-15.64%,-,-7.59%,21.48%,25.61,2.19%,"11,049"
AXS,8.29B,8.38,7.78,1.10,1.25,1.43,-,48.94,1.05%,10.75%,-,7.04%,5.92%,112.44,-1.82%,"691,899"
AXSM,12.11B,-,43.71,-,17.09,221.61,39.68,-,40.54%,345.99%,-5.89%,-,-,235.26,3.06%,"482,756"
AXTA,6.87B,18.81,11.40,1.61,1.35,2.84,11.25,14.12,4.36%,8.39%,27.59%,7.08%,6.48%,32.12,0.16%,"1,909,586"
AXTC,-,-,-,-,-,-,-,-,-,-,-,-,-,19.59,29.84%,"18,900"
AXTI,3.77B,-,74.00,-,39.28,11.79,30.56,-,172.68%,161.07%,-,-,-1.52%,57.57,14.09%,"10,302,723"
AXTL,-,-,-,-,-,-,-,-,-,-,-,-,-,3.24,28.57%,"477,944"
AXTU,-,-,-,-,-,-,-,-,-,-,-,-,-,4.49,27.92%,"651,590"
AXTX,-,-,-,-,-,-,-,-,-,-,-,-,-,8.37,27.98%,"6,609,438"
AYA,2.87B,33.66,-,-,10.06,6.25,16.71,27.57,-,-,-,-,71.00%,20.04,4.81%,"444,559"
AYI,9.80B,21.72,15.04,1.51,2.13,3.46,23.80,15.33,9.99%,9.88%,14.86%,9.96%,5.49%,327.48,0.65%,"284,840"
AYTU,23.61M,-,-,-,0.42,0.67,0.88,14.40,53.10%,92.45%,48.61%,-,19.16%,2.20,0.92%,"10,889"
AZ,249.72M,-,38.21,-,25.82,3.55,4.36,-,39.58%,125.00%,-2.27%,-,49.22%,5.54,-0.54%,"132,658"
AZI,93.27M,-,-,-,1.29,-,490.90,-,-,-,1.46%,-,16.26%,1.37,1.48%,"212,082"
AZIO,24.83M,-,-,-,3.27,-,12.35,-,-,-,95.40%,-,131.81%,1.92,2.13%,"225,944"
AZN,255.12B,24.72,14.21,1.17,4.22,5.39,33.24,21.83,11.89%,12.98%,22.05%,12.16%,16.31%,164.50,-2.93%,"3,605,457"
AZO,49.50B,20.85,17.27,1.62,2.48,-,156.54,30.31,4.50%,16.01%,15.03%,10.69%,8.44%,3032.07,-1.52%,"195,581"
AZTA,1.17B,-,41.44,2.25,1.97,0.75,3.06,39.02,-12.02%,36.82%,-,18.45%,8.85%,25.44,-2.34%,"880,376"
AZTD,-,-,-,-,-,-,-,-,-,-,-,-,-,32.65,0.11%,10
AZTR,2.09M,-,-,-,-,0.20,0.21,-,88.44%,59.62%,67.17%,64.00%,-,0.13,-1.08%,"927,422"
AZUL,1.56B,-,4.29,-,0.39,-,3.90,-,1302.58%,-31.60%,-,-,28.31%,8.47,-3.42%,"83,594"
AZYY,-,-,-,-,-,-,-,-,-,-,-,-,-,15.34,0.39%,689
AZZ,4.51B,22.84,-,-,2.69,3.27,4252.28,26.64,14.28%,-,47.17%,10.59%,14.49%,149.99,2.39%,"332,076"
B,61.14B,10.05,8.56,0.33,3.21,2.24,8.57,11.32,55.61%,13.17%,17.48%,25.61%,6.13%,36.49,1.53%,"8,673,780"
BA,171.15B,111.62,52.68,0.60,1.86,28.60,8.19,-,-113.73%,2622.52%,-,87.40%,8.99%,217.11,0.74%,"3,849,699"
BAB,-,-,-,-,-,-,-,-,-,-,-,-,-,26.61,0.19%,"253,380"
BABA,269.24B,18.14,12.58,0.30,1.87,1.70,5.18,-,60.85%,40.25%,-4.77%,41.99%,6.38%,112.32,-0.03%,"8,272,278"
BABC,-,-,-,-,-,-,-,-,-,-,-,-,-,25.54,0.40%,6
BABO,-,-,-,-,-,-,-,-,-,-,-,-,-,8.23,-0.32%,"23,045"
BABU,-,-,-,-,-,-,-,-,-,-,-,-,-,10.15,0.00%,"202,570"
BABW,-,-,-,-,-,-,-,-,-,-,-,-,-,22.45,0.26%,"1,887"
BABX,-,-,-,-,-,-,-,-,-,-,-,-,-,18.67,-0.16%,"706,804"
BAC,430.20B,15.04,11.78,0.77,2.21,1.57,-,6.67,19.31%,13.18%,15.28%,15.28%,15.40%,60.62,1.88%,"49,432,700"
BACC,295.00M,79.56,-,-,-,1.48,819.44,-,-,-,-,-,-,10.55,-4.40%,"2,222,394"
BAER,110.09M,-,-,-,0.95,-,12.23,-,-23.81%,85.58%,-302.51%,-,-,1.91,0.53%,"190,438"
BAFE,-,-,-,-,-,-,-,-,-,-,-,-,-,29.40,0.06%,"29,210"
BAFN,22.59M,-,-,-,0.23,0.34,-,0.11,-,-,-,-,-5.73%,5.50,1.85%,"5,018"
BAGY,-,-,-,-,-,-,-,-,-,-,-,-,-,23.28,4.57%,"2,168"
BAH,7.62B,9.21,9.28,1.72,0.68,6.92,10.47,8.02,-3.53%,9.03%,9.61%,5.40%,7.37%,63.56,-1.91%,"1,526,021"
BAI,-,-,-,-,-,-,-,-,-,-,-,-,-,46.65,2.71%,"2,797,836"
BAIG,-,-,-,-,-,-,-,-,-,-,-,-,-,18.27,2.49%,"26,602"
BAIV,-,-,-,-,-,-,-,-,-,-,-,-,-,26.70,0.56%,"1,579"
BAK,460.66M,-,-,-,0.04,-,0.40,-,108.82%,-188.80%,-6.36%,71.89%,2.21%,2.67,-1.48%,"1,267,457"
BALI,-,-,-,-,-,-,-,-,-,-,-,-,-,33.91,0.33%,"235,614"
BALL,16.10B,17.52,13.38,1.09,1.17,2.87,21.55,27.01,12.28%,12.72%,13.53%,12.28%,2.31%,60.46,-1.37%,"1,673,395"
BALQ,-,-,-,-,-,-,-,-,-,-,-,-,-,56.05,1.12%,"1,186"
BALT,-,-,-,-,-,-,-,-,-,-,-,-,-,34.41,0.11%,"415,937"
BALY,639.27M,-,-,-,0.23,0.81,0.98,-,45.57%,36.09%,-141.69%,25.16%,48.11%,13.06,-1.06%,"66,607"
BAM,75.88B,30.59,21.85,1.37,14.95,10.25,69.23,32.01,10.89%,18.85%,-,15.93%,-,47.52,1.91%,"2,198,024"
BAMA,-,-,-,-,-,-,-,-,-,-,-,-,-,36.50,0.60%,"3,546"
BAMB,-,-,-,-,-,-,-,-,-,-,-,-,-,25.87,0.27%,"3,401"
BAMD,-,-,-,-,-,-,-,-,-,-,-,-,-,33.80,0.60%,"15,170"
BAMG,-,-,-,-,-,-,-,-,-,-,-,-,-,44.45,0.24%,"11,199"
BAMO,-,-,-,-,-,-,-,-,-,-,-,-,-,34.64,0.18%,"4,229"
BAMU,-,-,-,-,-,-,-,-,-,-,-,-,-,25.26,0.02%,"3,914"
BAMV,-,-,-,-,-,-,-,-,-,-,-,-,-,35.91,-0.37%,"11,541"
BAMY,-,-,-,-,-,-,-,-,-,-,-,-,-,27.48,0.16%,"5,272"
BANC,3.18B,15.86,10.03,0.33,1.74,1.04,-,11.10,44.68%,21.22%,-,29.99%,42.45%,20.59,0.49%,"1,789,133"
BAND,2.43B,-,33.59,1.27,3.08,5.98,48.07,35.02,25.87%,25.33%,25.10%,26.43%,17.05%,75.77,2.66%,"682,706"
BANF,3.86B,15.76,15.27,-,4.07,2.03,-,16.41,3.19%,2.68%,18.85%,-,15.06%,115.03,0.11%,"107,758"
BANL,11.54M,-,-,-,0.09,2.35,3.75,12.15,-,-,-,-,17.67%,0.42,-1.25%,"72,807"
BANR,2.35B,11.62,10.33,-,2.66,1.19,-,6.98,9.28%,8.50%,11.56%,-,7.38%,69.05,0.70%,"1,066,473"
BANX,194.20M,8.12,-,-,7.32,0.91,-,-,-,-,-,-,-,20.05,0.20%,"27,373"
BAOS,3.65M,-,-,-,6.40,1.11,2.24,-,-,-,-,-,-45.57%,2.38,-11.19%,"86,874"
BAP,31.20B,15.07,11.62,0.86,3.50,2.72,-,21.47,16.80%,12.93%,81.27%,13.50%,8.79%,392.24,0.78%,"259,783"
BAPR,-,-,-,-,-,-,-,-,-,-,-,-,-,53.48,0.18%,"44,804"
BAR,-,-,-,-,-,-,-,-,-,-,-,-,-,39.90,1.29%,"177,356"
BARK,81.42M,-,-,-,0.21,1.12,3.23,-,22.69%,55.72%,25.39%,-,0.84%,9.26,-2.11%,"29,998"
BASG,-,-,-,-,-,-,-,-,-,-,-,-,-,27.20,0.39%,"40,047"
BASV,-,-,-,-,-,-,-,-,-,-,-,-,-,30.71,-0.40%,"31,988"
BATL,37.00M,-,-,-,0.24,-,0.68,-,-,-,30.87%,-,2.36%,1.68,-11.11%,"22,684,769"
BATRA,3.34B,-,-,-,4.42,7.05,19.81,-,86.45%,19.02%,-15.30%,27.38%,6.77%,57.01,-0.77%,"37,360"
BATRK,3.34B,-,3124.18,81.64,4.41,6.44,19.78,-,105.41%,-16.66%,-15.30%,38.27%,6.77%,52.08,-0.91%,"366,978"
BATT,-,-,-,-,-,-,-,-,-,-,-,-,-,14.72,3.01%,"50,910"
BAUG,-,-,-,-,-,-,-,-,-,-,-,-,-,53.94,0.15%,"1,336"
BAVA,-,-,-,-,-,-,-,-,-,-,-,-,-,18.05,3.18%,159
BAX,11.26B,-,10.99,-,0.99,1.86,5.58,15.57,-13.12%,3.36%,-,-0.93%,-0.75%,21.80,-3.41%,"5,047,591"
BAY,-,-,-,-,-,-,-,-,-,-,-,-,-,29.20,1.13%,7
BAYA,33.26M,-,-,-,-,5.65,665.27,-,-,-,-,-,-,12.14,0.00%,0
BB,6.45B,113.16,-,-,11.12,8.60,18.39,95.56,18.75%,-,-,20.51%,-9.27%,11.01,2.80%,"22,240,457"
BBAG,-,-,-,-,-,-,-,-,-,-,-,-,-,45.46,0.22%,"36,636"
BBAI,1.48B,-,-,-,11.66,1.87,4.18,-,69.51%,44.00%,-310.83%,-,-,3.10,0.32%,"21,344,360"
BBAR,4.10B,24.47,11.03,0.19,0.86,1.45,-,2.14,49.33%,57.31%,3.33%,56.58%,18.61%,20.05,0.35%,"323,492"
BBAX,-,-,-,-,-,-,-,-,-,-,-,-,-,61.96,1.44%,"362,058"
BBB,-,-,-,-,-,-,-,-,-,-,-,-,-,29.68,1.26%,864
BBBI,-,-,-,-,-,-,-,-,-,-,-,-,-,50.88,0.29%,"10,084"
BBBL,-,-,-,-,-,-,-,-,-,-,-,-,-,46.76,0.20%,816
BBBS,-,-,-,-,-,-,-,-,-,-,-,-,-,50.76,0.17%,"41,530"
BBBY,383.64M,-,-,-,0.36,1.77,2.36,-,29.61%,65.99%,-,-,-15.97%,5.15,2.59%,"1,796,674"
BBC,-,-,-,-,-,-,-,-,-,-,-,-,-,51.57,0.45%,"16,044"
BBCA,-,-,-,-,-,-,-,-,-,-,-,-,-,102.11,0.80%,"148,292"
BBCB,-,-,-,-,-,-,-,-,-,-,-,-,-,44.73,0.29%,"2,975"
BBCP,525.61M,73.24,40.12,-,1.28,2.00,13.59,32.57,88.89%,52.94%,-,-,5.24%,10.43,-4.31%,"174,513"
BBCQ,396.75M,-,-,-,-,1.44,298.31,-,-,-,-,-,-,10.35,0.29%,"30,306"
BBD,19.16B,8.99,6.00,0.49,0.27,1.11,-,0.34,14.44%,14.22%,5.94%,12.12%,9.98%,3.63,0.55%,"42,618,401"
BBDC,888.96M,9.98,8.78,-,3.72,0.77,9.29,10.83,-12.21%,-1.71%,41.92%,-7.32%,50.04%,8.49,0.35%,"458,714"
BBEM,-,-,-,-,-,-,-,-,-,-,-,-,-,76.07,1.85%,"2,200"
BBEU,-,-,-,-,-,-,-,-,-,-,-,-,-,77.32,0.49%,"176,707"
BBGI,45.64M,-,-,-,0.23,-,7.10,-,-,-,-54.24%,-,-0.02%,22.70,3.18%,"48,025"
BBH,-,-,-,-,-,-,-,-,-,-,-,-,-,202.83,-0.80%,"4,880"
BBHL,-,-,-,-,-,-,-,-,-,-,-,-,-,17.34,0.41%,"35,854"
BBHM,-,-,-,-,-,-,-,-,-,-,-,-,-,11.87,0.17%,"116,195"
BBHY,-,-,-,-,-,-,-,-,-,-,-,-,-,45.82,0.15%,"23,015"
BBIB,-,-,-,-,-,-,-,-,-,-,-,-,-,97.08,0.26%,"1,192"
BBIN,-,-,-,-,-,-,-,-,-,-,-,-,-,78.24,0.89%,"42,731"
BBIO,16.48B,-,154.04,-,28.42,-,17.52,-,41.23%,124.58%,0.09%,-,127.44%,84.09,1.22%,"2,739,102"
BBJP,-,-,-,-,-,-,-,-,-,-,-,-,-,75.78,1.30%,"1,292,569"
BBLB,-,-,-,-,-,-,-,-,-,-,-,-,-,79.52,0.17%,"1,319"
BBLG,2.26M,-,-,-,-,0.48,0.50,-,55.85%,45.30%,68.85%,-,-,1.26,-3.08%,"85,888"
BBLU,-,-,-,-,-,-,-,-,-,-,-,-,-,16.72,-0.62%,"56,435"
BBMC,-,-,-,-,-,-,-,-,-,-,-,-,-,124.73,0.21%,"6,819"
BBN,985.59M,12.56,-,-,-,-,-,-,-,-,-,-,-,15.95,-0.06%,"131,534"
BBNX,751.31M,-,-,-,6.82,2.77,3.76,-,-20.17%,1.98%,-,5.54%,-,16.86,-0.53%,"1,476,016"
BBOT,706.54M,-,-,-,-,1.90,2.80,-,46.81%,4.82%,-572.84%,18.93%,-,8.82,3.52%,"424,376"
BBP,-,-,-,-,-,-,-,-,-,-,-,-,-,97.59,-0.52%,"7,023"
BBRE,-,-,-,-,-,-,-,-,-,-,-,-,-,108.72,0.03%,"10,011"
BBSB,-,-,-,-,-,-,-,-,-,-,-,-,-,98.08,0.16%,230
BBSC,-,-,-,-,-,-,-,-,-,-,-,-,-,89.89,0.42%,"1,379"
BBSI,944.56M,25.03,17.30,-,0.75,4.59,4.39,50.57,-26.32%,45.08%,13.66%,-,7.08%,38.46,-1.31%,"210,756"
BBT,2.53B,23.64,8.80,-,2.40,1.01,-,14.39,91.32%,10.28%,-,-,13.11%,30.09,-0.33%,"792,454"
BBUC,6.30B,-,4.90,-,0.54,1.15,1.14,88.36,-0.60%,7.35%,-40.91%,-,-5.69%,30.45,2.91%,"246,203"
BBUL,-,-,-,-,-,-,-,-,-,-,-,-,-,23.20,5.05%,"4,847"
BBUS,-,-,-,-,-,-,-,-,-,-,-,-,-,135.58,0.39%,"154,394"
BBVA,141.68B,11.73,9.76,0.87,1.75,2.21,-,1.07,11.77%,12.08%,66.09%,11.28%,18.72%,25.67,1.10%,"1,114,669"
BBW,412.61M,7.71,7.60,0.97,0.78,2.61,15.72,14.24,1.50%,6.91%,-,7.81%,15.72%,32.91,-2.11%,"433,267"
BBWI,4.04B,5.62,7.06,-,0.56,-,4.93,4.44,-17.51%,7.23%,-8.66%,-1.03%,-1.55%,20.04,-1.86%,"4,379,902"
BBY,17.70B,15.54,11.93,1.91,0.42,5.74,8.08,11.03,1.83%,7.55%,-5.91%,6.24%,-2.48%,83.98,2.85%,"3,891,372"
BBYY,-,-,-,-,-,-,-,-,-,-,-,-,-,9.68,0.05%,"1,737"
BC,5.04B,-,14.08,0.52,0.91,3.15,17.41,14.81,32.08%,27.46%,-,27.08%,4.29%,77.50,0.71%,"417,219"
BCAB,6.74M,-,-,-,3.37,-,3.44,-,-,-,0.99%,-,36.06%,4.06,3.84%,"77,009"
BCACU,-,-,-,-,-,-,-,-,-,-,-,-,-,-,-,0
BCAL,673.53M,11.43,11.22,-,2.90,1.17,-,11.54,-12.93%,11.33%,31.66%,-,34.22%,20.94,-0.85%,"212,939"
BCAR,421.84M,66.20,-,-,-,1.49,1757.65,-,-,-,-,-,-,10.40,0.10%,"383,692"
BCAT,1.68B,7.54,-,-,-,-,-,-,-,-,-,-,-,15.98,0.06%,"956,503"
BCAX,1.85B,-,-,-,-,3.58,3.42,-,-38.35%,-6.17%,-,-11.94%,-,28.10,-0.18%,"688,904"
BCBP,179.89M,-,8.52,-,1.10,0.59,-,5.19,226.98%,14.06%,-,-,6.51%,10.36,0.19%,"149,590"
BCC,2.61B,25.10,13.81,0.47,0.41,1.30,7.70,70.91,5.91%,43.52%,-4.47%,29.55%,3.19%,74.09,-0.84%,"1,042,524"
BCCC,-,-,-,-,-,-,-,-,-,-,-,-,-,11.97,3.18%,"12,266"
BCCQU,347.07M,-,-,-,-,-,-,-,-,-,-,-,-,10.06,0.05%,"1,612"
BCD,-,-,-,-,-,-,-,-,-,-,-,-,-,35.81,0.71%,"24,287"
BCDA,11.94M,-,-,-,-,-,12.57,-,44.72%,22.79%,43.92%,30.66%,-,0.80,-11.89%,"745,185"
BCDF,-,-,-,-,-,-,-,-,-,-,-,-,-,31.31,0.53%,636
BCE,19.77B,4.33,11.16,15.94,1.11,1.37,20.05,9.89,-10.58%,3.83%,20.83%,0.70%,0.52%,21.20,-1.17%,"4,332,439"
BCEM,-,-,-,-,-,-,-,-,-,-,-,-,-,26.16,1.13%,800
BCFN,-,-,-,-,-,-,-,-,-,-,-,-,-,22.66,0.26%,"3,917"
BCG,24.88M,12.56,-,-,0.14,8.11,2.36,5.44,-,-,-,-,-,1.48,0.00%,"6,036"
BCGD,-,-,-,-,-,-,-,-,-,-,-,-,-,26.58,0.79%,421
BCGS,-,-,-,-,-,-,-,-,-,-,-,-,-,26.84,1.18%,6
BCH,20.69B,17.04,13.72,1.75,4.50,3.54,-,38.82,4.70%,10.23%,16.47%,7.83%,7.41%,40.97,2.81%,"285,863"
BCHI,-,-,-,-,-,-,-,-,-,-,-,-,-,37.62,1.03%,657
BCHP,-,-,-,-,-,-,-,-,-,-,-,-,-,37.19,0.42%,"23,665"
BCHT,49.19M,-,37.40,-,2.64,4.40,3.34,-,-12.50%,127.78%,15.98%,-,16.66%,1.87,-2.60%,"20,709"
BCI,-,-,-,-,-,-,-,-,-,-,-,-,-,23.60,1.09%,"5,152,326"
BCIC,90.35M,-,4.63,-,2.08,0.47,1.03,14.81,-24.56%,-8.03%,-30.34%,-17.17%,-4.64%,7.30,-0.54%,"63,930"
BCIL,-,-,-,-,-,-,-,-,-,-,-,-,-,29.27,1.40%,"1,348"
BCKT,-,-,-,-,-,-,-,-,-,-,-,-,-,41.01,0.15%,11
BCLO,-,-,-,-,-,-,-,-,-,-,-,-,-,49.53,0.05%,"2,335"
BCML,365.89M,13.88,11.92,-,2.55,1.06,-,13.43,25.23%,3.05%,13.67%,-,8.08%,33.54,-0.47%,"29,216"
BCO,4.49B,25.48,10.30,0.64,0.83,17.16,2.14,8.26,14.78%,14.61%,71.69%,16.20%,7.35%,109.12,1.58%,"551,829"
BCOR,-,-,-,-,-,-,-,-,-,-,-,-,-,22.92,3.31%,32
BCPC,5.17B,33.04,29.19,-,4.89,4.02,70.93,29.37,10.18%,5.29%,12.78%,-,8.07%,160.86,-0.36%,"172,800"
BCPL,-,-,-,-,-,-,-,-,-,-,-,-,-,24.63,0.24%,"39,562"
BCRX,2.48B,-,17.68,-,2.79,-,10.35,8.45,-311.36%,121.55%,-,-15.20%,117.89%,9.74,-1.72%,"3,968,215"
BCS,92.82B,11.28,7.99,0.39,2.34,1.12,-,-,22.05%,22.03%,38.51%,20.30%,15.25%,27.53,0.88%,"6,623,172"
BCSF,829.67M,11.27,8.62,-,3.29,0.76,24.27,8.05,-10.37%,-11.97%,60.94%,-9.58%,7.44%,12.79,0.87%,"319,297"
BCSM,-,-,-,-,-,-,-,-,-,-,-,-,-,24.71,0.52%,"2,847"
BCSS,595.10M,71.76,-,-,-,1.31,929.84,-,-,-,-,-,-,10.19,0.00%,346
BCTK,-,-,-,-,-,-,-,-,-,-,-,-,-,30.53,1.72%,"8,138"
BCTX,32.19M,-,-,-,-,1.12,1.41,-,-,-,39.57%,-,-,3.70,-1.33%,"193,106"
BCUS,-,-,-,-,-,-,-,-,-,-,-,-,-,36.33,0.93%,"3,560"
BCV,139.62M,3.70,-,-,35.09,1.01,-,-,-,-,-,-,-,24.81,0.24%,"13,731"
BCX,887.41M,4.16,-,-,-,-,-,-,-,-,-,-,-,11.64,0.69%,"136,558"
BCYC,211.64M,-,-,-,3.34,0.53,0.38,-,28.57%,-3.42%,-3.36%,11.75%,47.36%,4.21,-3.22%,"286,246"
BD,-,-,-,-,-,-,-,-,-,-,-,-,-,24.95,0.20%,6
BDBT,-,-,-,-,-,-,-,-,-,-,-,-,-,24.99,0.24%,"16,386"
BDC,4.08B,17.65,11.44,0.93,1.46,3.18,14.99,22.62,6.75%,13.73%,-,12.28%,7.83%,104.76,2.44%,"593,939"
BDCI,350.94M,-,-,-,-,-,242.03,-,-,-,-,-,-,10.10,0.00%,344
BDCX,-,-,-,-,-,-,-,-,-,-,-,-,-,19.38,-5.04%,"2,140"
BDCZ,-,-,-,-,-,-,-,-,-,-,-,-,-,14.34,-5.81%,"7,620"
BDEC,-,-,-,-,-,-,-,-,-,-,-,-,-,53.53,0.30%,"7,600"
BDGS,-,-,-,-,-,-,-,-,-,-,-,-,-,36.72,0.10%,211
BDIV,-,-,-,-,-,-,-,-,-,-,-,-,-,24.56,0.19%,"1,120"
BDJ,1.72B,6.20,-,-,38.97,1.00,-,-,-,-,-,-,-,9.74,0.93%,"456,071"
BDL,75.74M,12.69,-,-,0.36,1.10,3.32,14.00,-,-,35.30%,-,12.68%,40.75,0.99%,"36,687"
BDMD,45.08M,-,-,-,2.00,1.08,79.09,-,-,-,-152.36%,-,-,1.10,-2.65%,"36,915"
BDN,541.85M,-,-,-,1.11,0.74,8.17,8.44,24.83%,19.48%,-,15.00%,-1.96%,3.11,-1.27%,"1,675,069"
BDRX,1.02M,-,-,-,-,1.14,0.09,-,100.00%,-,89.65%,-,-,2.27,-1.73%,"16,963"
BDRY,-,-,-,-,-,-,-,-,-,-,-,-,-,13.10,-1.73%,"18,028"
BDSX,218.82M,-,-,-,2.28,23.39,8.52,-,36.71%,40.28%,27.68%,39.19%,14.20%,21.13,-1.35%,"56,732"
BDTX,106.58M,-,-,-,-,1.02,0.90,-,-265.97%,-55.26%,-,-,-,1.86,-2.11%,"609,905"
BDVG,-,-,-,-,-,-,-,-,-,-,-,-,-,14.54,0.17%,"19,246"
BDVL,-,-,-,-,-,-,-,-,-,-,-,-,-,26.05,-0.00%,"143,899"
BDX,41.51B,38.20,11.22,1.39,1.94,1.72,40.78,13.53,11.22%,6.64%,16.45%,8.09%,6.32%,150.65,-2.07%,"1,908,103"
BDYN,-,-,-,-,-,-,-,-,-,-,-,-,-,27.78,0.76%,"326,724"
BE,69.23B,-,54.62,0.48,28.27,75.07,27.77,302.66,181.87%,108.01%,20.18%,113.59%,20.57%,243.40,4.24%,"8,768,338"
BEAG,334.00M,35.22,-,-,-,1.27,642.31,-,-,-,-,-,-,10.66,0.23%,"31,276"
BEAM,3.18B,-,-,-,19.38,2.73,2.62,-,-442.61%,-3.84%,28.04%,-,466.27%,30.89,-0.35%,"2,008,765"
BEAT,31.13M,-,-,-,-,36.32,15.26,-,42.15%,22.25%,-36.66%,39.83%,-,0.56,-2.96%,"11,640,332"
BEBE,199.80M,-,-,-,-,1.19,270.00,-,-,-,-,-,-,9.99,0.00%,18
BEC,-,-,-,-,-,-,-,-,-,-,-,-,-,18.56,8.05%,"1,541"
BEDY,-,-,-,-,-,-,-,-,-,-,-,-,-,29.03,-0.82%,"35,379"
BEDZ,-,-,-,-,-,-,-,-,-,-,-,-,-,36.22,0.66%,351
BEEM,23.54M,-,-,-,0.94,1.04,11.95,-,51.14%,16.10%,-13.71%,27.64%,35.37%,1.06,-5.36%,"1,289,002"
BEEP,74.99M,-,-,-,2.16,0.54,5.28,-,23.64%,52.38%,-105.19%,-,-,1.82,1.68%,"10,871"
BEEX,-,-,-,-,-,-,-,-,-,-,-,-,-,26.92,0.07%,"3,256"
BEEZ,-,-,-,-,-,-,-,-,-,-,-,-,-,33.63,-0.14%,25
BEG,-,-,-,-,-,-,-,-,-,-,-,-,-,52.00,8.64%,"178,017"
BEGS,-,-,-,-,-,-,-,-,-,-,-,-,-,13.78,6.18%,"9,305"
BEKE,17.14B,38.74,13.94,4.62,1.35,1.94,2.20,-,-13.29%,16.09%,-7.87%,3.02%,5.20%,16.10,0.19%,"3,057,760"
BELFA,3.88B,57.29,24.40,1.21,5.53,6.75,65.33,52.66,19.86%,13.13%,34.22%,20.13%,7.72%,234.86,6.27%,"147,377"
BELFB,3.88B,68.15,28.94,1.54,5.53,8.02,65.25,52.59,20.63%,12.74%,34.22%,18.80%,7.72%,279.39,6.13%,"349,290"
BELT,-,-,-,-,-,-,-,-,-,-,-,-,-,39.60,0.84%,134
BEMB,-,-,-,-,-,-,-,-,-,-,-,-,-,52.94,0.14%,118
BEN,17.22B,25.32,10.66,0.68,1.92,1.42,4.83,18.68,26.52%,10.63%,-10.54%,15.75%,9.49%,33.14,0.94%,"5,779,306"
BENF,41.52M,-,-,-,65.90,-,9.70,-,84.59%,-,-,-,-,2.86,-9.21%,"22,464"
BENJ,-,-,-,-,-,-,-,-,-,-,-,-,-,52.86,-0.01%,"10,606"
BEP,9.83B,-,-,-,1.51,2.64,3.20,-,-443.13%,18.80%,19.10%,-,11.72%,32.11,0.78%,"725,409"
BEPC,6.30B,-,-,-,1.23,-,6.51,-,-78.65%,17.80%,-12.42%,-10.39%,4.70%,34.53,1.02%,"1,109,963"
BERZ,-,-,-,-,-,-,-,-,-,-,-,-,-,23.96,-3.89%,"29,094"
BESF,-,-,-,-,-,-,-,-,-,-,-,-,-,39.94,0.22%,511
BESO,-,-,-,-,-,-,-,-,-,-,-,-,-,25.70,4.40%,12
BESS,28.60M,-,3.20,-,-,0.95,3.21,-,94.29%,2089.48%,11.61%,-,-,4.03,4.95%,"275,275"
BETA,4.20B,-,-,-,-,2.43,2.64,-,83.39%,-0.51%,-,47.80%,-,18.21,4.30%,"1,322,947"
BETE,-,-,-,-,-,-,-,-,-,-,-,-,-,30.61,4.98%,"1,768"
BETH,-,-,-,-,-,-,-,-,-,-,-,-,-,35.82,4.21%,766
BETR,463.45M,-,131.60,-,2.24,54.19,6.29,-,40.29%,102.98%,-257.48%,-,-,24.56,3.32%,"160,982"
BETZ,-,-,-,-,-,-,-,-,-,-,-,-,-,19.40,-1.07%,"13,164"
BEX,-,-,-,-,-,-,-,-,-,-,-,-,-,37.15,8.78%,"1,410,862"
BEZ,-,-,-,-,-,-,-,-,-,-,-,-,-,15.78,-8.57%,"675,666"
BF-A,11.68B,16.83,15.03,3.24,2.96,2.93,35.72,13.08,11.35%,0.44%,-4.00%,4.64%,2.71%,25.71,-3.60%,"142,755"
BF-B,11.59B,16.43,14.67,2.96,2.94,2.86,35.43,12.97,11.31%,0.49%,-4.00%,4.95%,2.71%,25.10,-4.38%,"3,303,029"
BFAM,3.85B,21.98,12.73,1.00,1.29,3.37,25.87,13.97,10.24%,14.48%,49.81%,12.72%,14.13%,73.09,-2.23%,"757,751"
BFAP,-,-,-,-,-,-,-,-,-,-,-,-,-,14.34,1.73%,"1,868"
BFC,1.64B,20.42,13.23,-,6.25,2.00,-,-,30.59%,14.19%,7.45%,-,15.47%,146.38,-0.38%,"60,986"
BFEB,-,-,-,-,-,-,-,-,-,-,-,-,-,52.95,0.33%,"97,599"
BFEW,-,-,-,-,-,-,-,-,-,-,-,-,-,21.37,-0.09%,6
BFH,3.98B,8.07,7.58,0.92,0.84,1.22,-,1.84,-6.52%,14.24%,19.49%,8.23%,4.34%,98.49,1.35%,"516,025"
BFIX,-,-,-,-,-,-,-,-,-,-,-,-,-,25.00,-0.18%,"1,872"
BFJA,-,-,-,-,-,-,-,-,-,-,-,-,-,17.48,0.85%,6
BFJL,-,-,-,-,-,-,-,-,-,-,-,-,-,17.30,1.62%,8
BFLB,-,-,-,-,-,-,-,-,-,-,-,-,-,54.73,0.21%,80
BFLX,-,-,-,-,-,-,-,-,-,-,-,-,-,25.46,0.47%,"72,918"
BFLY,2.02B,-,-,-,19.67,10.59,14.68,-,-4.17%,26.00%,58.99%,-,16.11%,7.75,-4.32%,"7,014,718"
BFOC,-,-,-,-,-,-,-,-,-,-,-,-,-,17.00,0.62%,"10,616"
BFOR,-,-,-,-,-,-,-,-,-,-,-,-,-,23.54,0.09%,"4,235"
BFRG,12.85M,-,-,-,107.06,2.61,2.53,-,-,-,-59.71%,-,-,0.69,1.72%,"164,958"
BFRI,13.57M,-,5.58,-,0.31,2.07,2.14,-,77.88%,182.61%,44.08%,-,17.21%,1.06,-4.50%,"452,061"
BFRZ,-,-,-,-,-,-,-,-,-,-,-,-,-,27.13,0.22%,"38,485"
BFS,889.42M,34.37,45.31,-,2.99,7.63,95.33,9.01,-47.71%,40.35%,-2.77%,-1.55%,4.81%,36.25,-0.11%,"96,714"
BFST,986.22M,10.73,9.27,-,1.88,0.97,-,10.81,6.22%,8.32%,11.16%,-,24.79%,30.18,-0.63%,"155,785"
BFXU,-,-,-,-,-,-,-,-,-,-,-,-,-,23.34,0.50%,127
BG,22.63B,27.14,10.47,0.64,0.28,1.41,13.24,-,24.10%,18.54%,-8.06%,16.35%,11.17%,116.63,-0.66%,"1,068,434"
BGB,506.66M,16.93,-,-,-,-,-,-,-,-,-,-,-,11.34,0.18%,"66,460"
BGC,5.24B,29.78,6.92,-,1.62,4.76,6.53,19.86,19.49%,12.06%,21.14%,-,7.43%,10.94,-0.36%,"2,031,201"
BGCG,-,-,-,-,-,-,-,-,-,-,-,-,-,26.66,0.99%,703
BGDE,36.99M,-,-,-,1.20,5.58,15.16,-,-,-,25.07%,-,54.96%,6.70,-2.76%,"83,209"
BGDV,-,-,-,-,-,-,-,-,-,-,-,-,-,31.10,0.33%,"8,245"
BGEG,-,-,-,-,-,-,-,-,-,-,-,-,-,23.42,2.11%,361
BGGG,-,-,-,-,-,-,-,-,-,-,-,-,-,35.59,0.80%,"30,007"
BGH,285.17M,14.20,-,-,-,-,-,-,-,-,-,-,-,14.20,0.42%,"97,436"
BGI,10.77M,-,-,-,0.08,-,6.90,-,-,-,2.28%,-,0.08%,0.55,-0.09%,"18,603"
BGIA,-,-,-,-,-,-,-,-,-,-,-,-,-,24.74,0.97%,32
BGIG,-,-,-,-,-,-,-,-,-,-,-,-,-,35.91,-0.35%,"92,645"
BGIN,214.95M,-,-,-,3.19,3.94,8.18,-,-,-,-,-,33.03%,1.90,-2.06%,"4,193"
BGL,8.85M,-,-,-,-,-,-,-,-,-,-,-,-,0.23,-0.17%,"471,299"
BGLC,3.97M,-,-,-,0.75,0.49,1.00,-,-,-,-,-,-8.20%,1.64,-5.75%,"6,942"
BGLD,-,-,-,-,-,-,-,-,-,-,-,-,-,16.38,0.65%,"3,861"
BGM,125.07M,-,-,-,-,-,-,-,-,-,-,-,-11.45%,0.31,-7.66%,"119,476"
BGMS,5.00M,-,-,-,3.29,0.74,1.50,-,-,-,77.93%,-,-,0.90,-0.29%,"30,183"
BGR,409.84M,10.19,-,-,30.38,1.14,-,-,-,-,-,-,-,16.10,0.75%,"90,903"
BGRN,-,-,-,-,-,-,-,-,-,-,-,-,-,47.07,-0.03%,"35,371"
BGRO,-,-,-,-,-,-,-,-,-,-,-,-,-,42.73,1.50%,753
BGS,307.62M,-,5.81,0.35,0.17,0.76,4.77,6.53,18.43%,8.05%,-,16.67%,-1.46%,3.79,-2.57%,"1,667,989"
BGSF,59.70M,-,-,-,0.64,1.33,3.16,-,-,-,-,-,-14.74%,5.57,0.18%,"4,807"
BGSI,2.68B,145.96,17.77,0.50,0.80,1.55,49.20,8.35,37.97%,41.33%,-17.14%,35.24%,15.02%,96.32,-0.43%,"17,543"
BGT,321.51M,15.18,-,-,10.29,0.91,-,-,-,-,-,-,-,10.78,1.13%,"144,731"
BGX,137.63M,15.47,-,-,-,-,-,-,-,-,-,-,-,10.83,0.28%,"70,696"
BGY,522.85M,6.41,-,-,33.77,0.92,-,-,-,-,-,-,-,5.77,0.52%,"92,486"
BH,1.22B,-,-,-,3.06,2.33,3.88,14.96,-,-,0.27%,-,-1.84%,384.81,-1.37%,"52,291"
BHAV,139.77M,-,-,-,-,1.38,135.70,-,-,-,-,-,-,9.96,0.10%,"100,006"
BHB,625.15M,15.26,9.69,-,2.47,1.16,-,14.67,11.50%,6.05%,1.23%,-,7.61%,37.34,-0.35%,"79,800"
BHC,1.77B,-,1.13,-,0.17,-,1.35,1.79,13.63%,-3.99%,-,-10.56%,5.04%,4.75,-2.06%,"1,928,696"
BHDG,-,-,-,-,-,-,-,-,-,-,-,-,-,23.89,-2.05%,"3,092"
BHE,2.97B,87.58,26.36,-,1.10,2.71,9.13,32.54,15.10%,13.67%,12.39%,-,5.31%,82.76,1.21%,"482,071"
BHF,3.79B,-,3.14,-,0.64,0.68,-,-,-29.89%,7.10%,-,-11.95%,-4.47%,65.90,-1.07%,"504,503"
BHK,657.24M,12.82,-,-,11.51,0.91,-,-,-,-,-,-,-,9.10,0.55%,"334,191"
BHM,36.01M,-,-,-,0.50,0.28,0.19,36.37,-,-,8.12%,-,56.30%,8.78,-1.29%,"1,862"
BHP,214.28B,20.92,16.39,2.18,3.96,4.25,15.51,20.79,26.37%,1.69%,2.45%,7.51%,3.59%,84.35,3.66%,"2,530,610"
BHR,142.86M,-,-,-,0.20,0.97,0.96,-,-,-,20.56%,-,25.85%,2.08,-0.95%,"216,219"
BHRB,1.42B,9.12,8.00,1.10,2.90,1.24,-,16.68,5.21%,8.34%,16.79%,7.24%,32.56%,70.37,0.01%,"119,916"
BHST,63.24M,-,-,-,1.80,2.75,3.30,-,34.17%,58.86%,2.26%,-,144.37%,2.79,0.72%,"31,295"
BHV,20.18M,-,-,-,14.48,1.10,-,-,-,-,-,-,-,12.70,1.64%,791
BHVN,2.25B,-,-,-,-,17.36,6.44,-,56.32%,18.47%,-30.08%,31.63%,-,14.94,-1.52%,"1,433,814"
BHYB,-,-,-,-,-,-,-,-,-,-,-,-,-,53.98,0.13%,12
BHYP,-,-,-,-,-,-,-,-,-,-,-,-,-,36.55,2.50%,"214,282"
BIAF,4.46M,-,-,-,0.79,0.87,1.44,-,-,-,21.77%,-,-,0.71,1.36%,"167,451"
BIB,-,-,-,-,-,-,-,-,-,-,-,-,-,98.80,-1.09%,"8,967"
BIBL,-,-,-,-,-,-,-,-,-,-,-,-,-,56.16,0.48%,"42,671"
BIDD,-,-,-,-,-,-,-,-,-,-,-,-,-,29.81,1.07%,"14,469"
BIDG,-,-,-,-,-,-,-,-,-,-,-,-,-,10.09,-8.94%,"60,671"
BIDU,30.53B,-,12.66,1.28,1.68,0.96,1.80,-,-4.03%,14.56%,-29.62%,9.85%,2.97%,109.73,-3.23%,"3,943,421"
BIDWU,144.19M,-,-,-,-,-,-,-,-,-,-,-,-,9.98,0.00%,0
BIGY,-,-,-,-,-,-,-,-,-,-,-,-,-,52.31,-0.21%,"5,433"
BIIB,28.34B,20.60,11.72,1.89,2.95,1.52,6.62,11.70,-10.08%,19.16%,-18.74%,6.19%,-5.06%,191.95,-8.17%,"3,902,309"
BIII,229.31M,-,-,-,-,1.37,314.12,-,-,-,-,-,-,9.96,0.20%,706
BIL,-,-,-,-,-,-,-,-,-,-,-,-,-,91.51,0.01%,"6,089,150"
BILD,-,-,-,-,-,-,-,-,-,-,-,-,-,30.08,0.13%,10
BILI,5.92B,39.93,13.27,0.52,1.36,3.20,1.69,-,20.21%,26.23%,-,25.37%,19.42%,17.48,-0.63%,"3,125,133"
BILL,4.12B,-,12.36,0.55,2.57,1.08,1.80,12.62,19.80%,26.37%,-,22.56%,56.14%,41.37,-3.48%,"1,926,709"
BILS,-,-,-,-,-,-,-,-,-,-,-,-,-,99.24,0.01%,"181,609"
BILT,-,-,-,-,-,-,-,-,-,-,-,-,-,28.65,0.14%,"74,441"
BILZ,-,-,-,-,-,-,-,-,-,-,-,-,-,100.77,0.01%,"117,927"
BINC,-,-,-,-,-,-,-,-,-,-,-,-,-,52.02,0.04%,"1,388,317"
BINT,-,-,-,-,-,-,-,-,-,-,-,-,-,32.12,1.04%,"11,559"
BINV,-,-,-,-,-,-,-,-,-,-,-,-,-,42.98,-0.07%,"26,609"
BIO,8.04B,49.11,29.94,7.56,3.11,1.17,5.14,22.52,-8.86%,10.21%,-26.08%,3.96%,0.29%,298.34,0.26%,"227,777"
BIOA,1.01B,-,-,-,98.12,2.67,2.64,-,-14.15%,26.56%,-,-6.84%,-,22.78,4.57%,"500,401"
BIOX,22.13M,-,-,-,0.08,0.34,1.49,0.32,-,-,-,-,14.10%,0.35,2.64%,"95,954"
BIOY,-,-,-,-,-,-,-,-,-,-,-,-,-,22.32,0.09%,"3,673"
BIP,17.63B,52.02,23.18,0.94,0.73,3.78,7.17,-,37.47%,33.00%,33.89%,24.78%,21.06%,38.15,1.44%,"711,736"
BIPC,5.40B,-,30.31,-,1.49,-,8.87,-,107.78%,907.69%,25.58%,-,20.73%,39.71,0.81%,"535,229"
BIRD,26.01M,-,-,-,0.18,1.59,1.67,-,-,-,-21.50%,-,-7.01%,2.95,-1.67%,"301,306"
BIRK,8.16B,19.96,15.91,1.00,3.23,2.45,35.14,27.50,8.08%,22.10%,40.11%,15.84%,19.14%,44.36,-0.60%,"1,037,330"
BIS,-,-,-,-,-,-,-,-,-,-,-,-,-,13.74,0.95%,"4,410"
BIT,710.43M,11.75,-,-,-,-,-,-,-,-,-,-,-,12.45,-0.40%,"427,857"
BITA,-,-,-,-,-,-,-,-,-,-,-,-,-,52.02,3.18%,"27,377"
BITB,-,-,-,-,-,-,-,-,-,-,-,-,-,35.05,3.76%,"1,573,434"
BITC,-,-,-,-,-,-,-,-,-,-,-,-,-,36.86,3.92%,"1,750"
BITI,-,-,-,-,-,-,-,-,-,-,-,-,-,24.97,-3.81%,"1,455,162"
BITK,-,-,-,-,-,-,-,-,-,-,-,-,-,9.84,0.00%,0
BITO,-,-,-,-,-,-,-,-,-,-,-,-,-,8.75,3.67%,"407,703,010"
BITQ,-,-,-,-,-,-,-,-,-,-,-,-,-,23.57,1.68%,"57,688"
BITS,-,-,-,-,-,-,-,-,-,-,-,-,-,56.94,2.63%,788
BITU,-,-,-,-,-,-,-,-,-,-,-,-,-,9.67,7.33%,"5,561,021"
BITW,-,-,-,-,-,-,-,-,-,-,-,-,-,41.67,4.33%,"47,580"
BITX,-,-,-,-,-,-,-,-,-,-,-,-,-,12.40,7.45%,"9,877,399"
BITY,-,-,-,-,-,-,-,-,-,-,-,-,-,25.99,4.25%,"46,401"
BIV,-,-,-,-,-,-,-,-,-,-,-,-,-,75.92,0.26%,"1,571,050"
BIVI,11.92M,-,-,-,-,0.76,0.91,-,-,-,55.38%,-,-,1.58,-3.66%,"269,038"
BIXI,301.03M,-,-,-,-,1.39,126.48,-,-,-,-,-,-,10.00,-0.10%,23
BIYA,2.06M,-,-,-,0.13,0.07,2.99,-,-,-,-,-,-,3.50,-14.63%,"103,445"
BIZD,-,-,-,-,-,-,-,-,-,-,-,-,-,12.56,0.72%,"2,786,930"
BJ,11.46B,20.61,18.36,3.16,0.52,5.39,411.62,52.46,2.72%,8.13%,7.63%,5.80%,6.82%,89.71,-0.45%,"1,931,332"
BJAN,-,-,-,-,-,-,-,-,-,-,-,-,-,59.25,0.30%,"91,399"
BJDX,1.29M,-,-,-,-,0.31,0.35,-,-,-,65.04%,-,-,1.25,2.46%,"17,264,652"
BJRI,1.30B,31.09,23.62,3.04,0.92,3.48,57.14,16.16,-2.32%,18.19%,-,7.76%,12.44%,61.63,-1.22%,"209,964"
BJUL,-,-,-,-,-,-,-,-,-,-,-,-,-,54.61,0.29%,"13,725"
BJUN,-,-,-,-,-,-,-,-,-,-,-,-,-,48.95,0.35%,"103,790"
BKAG,-,-,-,-,-,-,-,-,-,-,-,-,-,41.55,0.28%,"93,824"
BKCG,-,-,-,-,-,-,-,-,-,-,-,-,-,37.90,0.33%,209
BKCH,-,-,-,-,-,-,-,-,-,-,-,-,-,67.40,0.99%,"53,715"
BKCI,-,-,-,-,-,-,-,-,-,-,-,-,-,53.19,-0.17%,"3,095"
BKD,3.39B,-,99.00,-,1.08,-,11.25,362.79,88.10%,207.50%,-,-,-1.38%,14.19,-1.46%,"5,250,244"
BKDV,-,-,-,-,-,-,-,-,-,-,-,-,-,33.56,-0.56%,"437,065"
BKE,2.19B,9.75,10.10,6.16,1.66,4.77,7.55,9.91,2.79%,-1.21%,9.27%,1.64%,7.57%,42.48,-0.16%,"462,086"
BKEM,-,-,-,-,-,-,-,-,-,-,-,-,-,90.63,1.71%,"1,647"
BKF,-,-,-,-,-,-,-,-,-,-,-,-,-,39.86,1.37%,"13,753"
BKFI,-,-,-,-,-,-,-,-,-,-,-,-,-,23.66,0.15%,"14,970"
BKGI,-,-,-,-,-,-,-,-,-,-,-,-,-,45.43,1.21%,"219,502"
BKH,5.75B,19.64,16.38,2.51,2.52,1.46,183.14,-,5.82%,6.30%,1.79%,6.53%,6.36%,75.54,-0.34%,"708,797"
BKHA,50.80M,104.20,-,-,-,2.51,282.21,-,-,-,-,-,-,12.16,-1.94%,70
BKHY,-,-,-,-,-,-,-,-,-,-,-,-,-,47.32,0.11%,"10,847"
BKIE,-,-,-,-,-,-,-,-,-,-,-,-,-,99.99,0.59%,"124,666"
BKKT,365.82M,-,-,-,0.24,1.47,4.42,-,104.43%,-,-13.59%,-,-,8.20,1.36%,"881,524"
BKLC,-,-,-,-,-,-,-,-,-,-,-,-,-,144.15,0.36%,"120,589"
BKLG,-,-,-,-,-,-,-,-,-,-,-,-,-,25.24,0.64%,290
BKLN,-,-,-,-,-,-,-,-,-,-,-,-,-,20.46,0.10%,"2,475,591"
BKMC,-,-,-,-,-,-,-,-,-,-,-,-,-,120.87,0.36%,"5,423"
BKMI,-,-,-,-,-,-,-,-,-,-,-,-,-,26.28,0.23%,"58,416"
BKMS,-,-,-,-,-,-,-,-,-,-,-,-,-,25.49,0.03%,"43,127"
BKNG,135.49B,22.99,14.18,0.88,4.89,-,8.37,15.00,14.42%,18.11%,158.57%,16.17%,31.69%,174.85,-0.54%,"5,409,847"
BKR,57.32B,18.42,19.96,2.28,2.05,2.97,3.59,25.01,-7.88%,20.87%,-,8.77%,6.02%,57.78,0.20%,"6,316,257"
BKSE,-,-,-,-,-,-,-,-,-,-,-,-,-,132.53,0.43%,545
BKSY,952.59M,-,-,-,9.74,11.68,8.10,-,28.96%,58.29%,29.68%,-,38.21%,25.67,-1.53%,"1,404,953"
BKT,342.03M,11.12,-,-,28.01,0.92,-,-,-,-,-,-,-,10.56,0.19%,"69,602"
BKTI,304.26M,22.74,19.26,-,3.44,6.38,10.50,13.27,-17.82%,18.87%,113.67%,-,14.31%,81.26,-2.57%,"58,335"
BKU,3.49B,13.39,10.51,1.06,1.85,1.17,-,9.37,15.63%,11.75%,11.36%,9.96%,9.67%,47.95,0.04%,"886,656"
BKUI,-,-,-,-,-,-,-,-,-,-,-,-,-,49.64,0.03%,"21,448"
BKV,2.80B,7.75,12.93,0.56,2.66,1.26,9.19,-,12.92%,25.20%,-,23.26%,49.13%,25.59,-0.78%,"527,731"
BKYI,5.43M,-,-,-,0.82,1.11,2.41,-,-,-,50.83%,-,15.92%,5.00,4.17%,"6,053"
BL,1.71B,68.61,10.40,0.63,2.38,5.63,3.25,10.36,16.21%,13.10%,-,16.45%,14.77%,29.11,-3.26%,"901,028"
BLBD,2.45B,18.96,14.43,1.92,1.64,8.21,8.86,13.31,9.23%,11.91%,53.90%,7.51%,10.98%,77.28,0.94%,"212,916"
BLCK,-,-,-,-,-,-,-,-,-,-,-,-,-,23.23,1.37%,58
BLCN,-,-,-,-,-,-,-,-,-,-,-,-,-,24.27,0.09%,"13,814"
BLCO,5.69B,-,14.87,0.37,1.09,0.89,20.40,6616.65,58.86%,32.50%,-,39.66%,8.38%,15.96,-1.54%,"338,910"
BLCR,-,-,-,-,-,-,-,-,-,-,-,-,-,49.80,0.73%,"390,437"
BLCV,-,-,-,-,-,-,-,-,-,-,-,-,-,41.64,-0.75%,"11,738"
BLDG,-,-,-,-,-,-,-,-,-,-,-,-,-,27.02,0.56%,"7,694"
BLDP,895.40M,-,-,-,8.66,1.55,1.72,-,49.83%,12.00%,-7.93%,25.81%,-0.88%,2.97,0.68%,"3,132,218"
BLDR,8.08B,28.69,12.15,6.40,0.55,2.02,82.21,9.38,-38.35%,45.60%,7.92%,1.90%,12.16%,75.16,2.24%,"1,817,269"
BLDX,-,-,-,-,-,-,-,-,-,-,-,-,-,26.24,0.44%,"1,613"
BLES,-,-,-,-,-,-,-,-,-,-,-,-,-,48.05,0.47%,"6,520"
BLFS,1.40B,-,85.64,-,14.03,3.76,17.28,166.05,158.29%,129.58%,-55.02%,-,14.88%,28.65,1.96%,"452,006"
BLGR,-,-,-,-,-,-,-,-,-,-,-,-,-,31.92,0.88%,"8,133"
BLIN,15.37M,-,-,-,0.99,1.66,11.22,-,-,-,15.50%,-,7.12%,1.22,-6.15%,"103,808"
BLIV,23.14M,-,-,-,39.90,3.39,3.47,-,-,-,23.25%,-,-27.85%,2.13,-10.50%,21
BLK,166.74B,26.45,16.46,1.15,6.35,2.95,16.94,44.35,12.74%,14.89%,2.08%,14.37%,8.04%,1025.44,-0.59%,"719,071"
BLKB,1.37B,10.12,5.03,-,1.21,40.06,3.03,4.48,16.80%,14.33%,71.80%,-,4.31%,29.90,-3.64%,"499,165"
BLLN,5.74B,269.87,103.44,0.74,16.20,11.36,10.69,-,601.02%,23.00%,-,140.60%,-,124.87,1.31%,"566,137"
BLMN,711.45M,33.11,8.58,-,0.18,1.79,9.98,5.97,-22.16%,10.05%,-,-0.95%,4.53%,8.31,-1.54%,"1,234,718"
BLND,430.96M,-,17.45,0.12,3.38,-,7.07,-,440.00%,88.89%,21.70%,141.01%,5.18%,1.78,2.30%,"1,633,468"
BLNE,34.57M,-,2.26,-,3.79,0.64,17.37,-,99.77%,4800.00%,59.46%,-,-11.12%,1.06,1.92%,"138,538"
BLNK,81.74M,-,-,-,0.79,1.51,2.15,-,65.46%,30.16%,-5.17%,48.30%,75.43%,0.57,4.81%,"907,550"
BLOK,-,-,-,-,-,-,-,-,-,-,-,-,-,61.26,0.74%,"288,240"
BLOX,-,-,-,-,-,-,-,-,-,-,-,-,-,14.18,0.93%,"244,292"
BLRK,174.91M,-,-,-,-,1.38,349.83,-,-,-,-,-,-,10.02,-0.05%,"2,006"
BLRX,13.33M,-,-,-,9.45,0.80,0.77,-,-,31.18%,66.78%,-,-,3.05,-1.61%,"8,876"
BLSG,-,-,-,-,-,-,-,-,-,-,-,-,-,1.90,18.27%,"101,653"
BLSH,3.74B,-,27.29,0.47,0.02,1.41,10.38,54.35,91.70%,56.51%,-,57.67%,-,24.85,8.66%,"1,454,452"
BLST,-,-,-,-,-,-,-,-,-,-,-,-,-,24.93,0.20%,"4,145"
BLTD,-,-,-,-,-,-,-,-,-,-,-,-,-,24.78,0.24%,"9,285"
BLTE,5.88B,-,153.71,-,-,7.39,21.27,-,-42.18%,129.06%,-549.64%,-,-,146.68,-0.24%,"107,874"
BLUC,-,-,-,-,-,-,-,-,-,-,-,-,-,31.36,0.54%,"11,043"
BLUI,-,-,-,-,-,-,-,-,-,-,-,-,-,25.61,-0.29%,"2,202"
BLUW,333.41M,46.61,-,-,-,1.32,793.84,-,-,-,-,-,-,10.32,-0.19%,"25,298"
BLUX,-,-,-,-,-,-,-,-,-,-,-,-,-,32.02,0.44%,"15,638"
BLV,-,-,-,-,-,-,-,-,-,-,-,-,-,67.20,0.19%,"1,133,329"
BLW,498.12M,10.44,-,-,8.25,0.92,-,-,-,-,-,-,-,12.74,0.00%,"146,408"
BLX,2.01B,9.54,7.84,0.81,2.41,1.41,-,5.68,9.17%,9.75%,30.66%,9.65%,34.57%,57.36,-0.42%,"149,581"
BLZE,993.00M,-,99.90,2.64,6.62,11.74,21.83,60.11,47.07%,60.93%,-15.82%,37.88%,22.08%,16.55,2.22%,"1,691,761"
BLZR,348.56M,66.40,-,-,-,1.29,348.56,-,-,-,-,-,-,10.14,-0.15%,970
BMA,5.79B,20.80,7.74,0.11,1.17,1.39,-,3.38,95.58%,86.54%,-11.50%,68.64%,19.30%,92.16,1.63%,"163,994"
BMAR,-,-,-,-,-,-,-,-,-,-,-,-,-,57.94,0.29%,"88,579"
BMAY,-,-,-,-,-,-,-,-,-,-,-,-,-,47.67,0.41%,"107,190"
BMBL,382.16M,-,3.00,-,0.41,0.62,1.56,1.41,117.21%,-5.86%,-36.39%,-,10.65%,2.93,-5.79%,"2,042,181"
BME,549.40M,7.18,-,-,71.02,0.97,-,-,-,-,-,-,-,42.51,-1.02%,"24,891"
BMEA,93.27M,-,-,-,-,4.98,2.07,-,25.99%,-35.81%,-46.26%,3.23%,-,1.29,-3.01%,"722,115"
BMED,-,-,-,-,-,-,-,-,-,-,-,-,-,30.39,-0.88%,"2,904"
BMEZ,950.65M,5.99,-,-,-,-,-,-,-,-,-,-,-,15.21,-1.04%,"195,687"
BMGL,12.71M,-,-,-,1.14,2.60,12.22,-,-,-,-,-,-,8.12,32.25%,"321,367"
BMHL,155.42M,119.65,-,-,19.55,14.10,165.34,-,-,-,-,-,-,6.09,-0.04%,"1,385"
BMI,4.13B,31.99,28.67,4.46,4.60,5.98,20.10,24.42,-6.39%,10.05%,23.19%,6.43%,16.59%,141.46,0.96%,"471,879"
BMM,526.22M,-,-,-,-,3.13,17.63,-,27.98%,12.73%,-24.03%,67.84%,-,6.35,4.79%,"97,123"
BMN,157.53M,21.90,-,-,-,-,-,-,-,-,-,-,-,25.62,0.19%,"3,530"
BMNG,-,-,-,-,-,-,-,-,-,-,-,-,-,13.13,22.48%,"2,338,463"
BMNR,9.28B,-,23.78,-,555.26,0.82,10.55,-,-156.50%,109.05%,-,-,-,16.29,11.50%,"51,558,133"
BMNU,-,-,-,-,-,-,-,-,-,-,-,-,-,9.52,21.90%,"7,325,538"
BMNZ,-,-,-,-,-,-,-,-,-,-,-,-,-,18.90,-22.19%,"1,143,746"
BMO,127.72B,19.15,15.48,1.08,2.30,2.21,-,3.71,19.20%,12.30%,7.81%,14.30%,16.93%,180.86,1.21%,"505,304"
BMOP,-,-,-,-,-,-,-,-,-,-,-,-,-,25.08,0.12%,"101,592"
BMR,21.28M,-,-,-,6.89,1.35,1.85,-,5.13%,-,-26.29%,-,-0.52%,1.37,-1.44%,"49,810"
BMRA,5.03M,-,-,-,1.16,1.49,3.76,-,-,-,-3.30%,-,-4.52%,1.63,-3.55%,"4,280"
BMRC,457.52M,-,11.79,-,5.43,1.16,-,13.79,197.62%,9.60%,-,-,-6.87%,28.26,-0.14%,"176,244"
BMRN,11.33B,42.79,8.84,0.14,3.45,1.82,5.10,14.78,174.88%,34.10%,-16.79%,62.34%,11.97%,58.64,-0.95%,"1,393,757"
BMVP,-,-,-,-,-,-,-,-,-,-,-,-,-,52.03,-0.63%,665
BMY,116.30B,15.99,9.20,-,2.40,5.79,11.09,9.77,3.05%,-2.32%,-,-4.09%,2.54%,56.95,-4.03%,"14,056,030"
BN,97.52B,87.85,12.59,0.54,1.26,2.28,4.95,-,23.30%,23.86%,-,23.35%,4.05%,43.66,0.69%,"3,203,094"
BNAI,92.73M,-,-,-,250.62,12.23,51.52,-,-,-,-339.66%,-,-,13.72,8.89%,"282,074"
BNBX,1.17M,-,-,-,0.56,0.07,1.23,-,-,-,69.38%,-,2.04%,0.16,0.00%,0
BNC,118.99M,-,-,-,4.06,0.40,38.89,-,-,-,33.79%,-,-16.39%,2.89,2.85%,"193,199"
BND,-,-,-,-,-,-,-,-,-,-,-,-,-,72.70,0.28%,"8,081,122"
BNDC,-,-,-,-,-,-,-,-,-,-,-,-,-,21.86,0.21%,789
BNDD,-,-,-,-,-,-,-,-,-,-,-,-,-,97.89,-0.61%,"31,095"
BNDI,-,-,-,-,-,-,-,-,-,-,-,-,-,46.79,0.28%,"23,409"
BNDP,-,-,-,-,-,-,-,-,-,-,-,-,-,73.52,0.21%,"2,102"
BNDS,-,-,-,-,-,-,-,-,-,-,-,-,-,50.68,0.16%,"21,679"
BNDW,-,-,-,-,-,-,-,-,-,-,-,-,-,67.83,0.21%,"76,811"
BNDX,-,-,-,-,-,-,-,-,-,-,-,-,-,47.96,0.15%,"3,462,612"
BNDY,-,-,-,-,-,-,-,-,-,-,-,-,-,24.94,0.32%,"24,069"
BNED,429.23M,25.87,-,-,0.25,1.45,15.21,12.68,32.41%,-,-,-,3.64%,12.39,-1.12%,"730,011"
BNGE,-,-,-,-,-,-,-,-,-,-,-,-,-,31.43,-0.45%,22
BNGO,13.20M,-,-,-,0.46,0.35,0.54,-,64.49%,58.01%,54.05%,56.92%,27.37%,1.15,-1.71%,"80,159"
BNKD,-,-,-,-,-,-,-,-,-,-,-,-,-,28.26,-2.62%,255
BNKK,10.48M,-,-,-,1.27,0.31,11.78,-,-,-,3.55%,-,29.82%,1.31,11.02%,"253,899"
BNKU,-,-,-,-,-,-,-,-,-,-,-,-,-,45.15,2.82%,"46,560"
BNL,4.19B,33.70,25.47,1.28,8.95,1.45,206.50,14.59,63.81%,4.82%,2.92%,19.95%,7.24%,21.87,-0.32%,"2,082,727"
BNMC,-,-,-,-,-,-,-,-,-,-,-,-,-,30.22,23.78%,31
BNO,-,-,-,-,-,-,-,-,-,-,-,-,-,47.29,2.80%,"3,889,312"
BNOV,-,-,-,-,-,-,-,-,-,-,-,-,-,48.15,0.33%,"3,097"
BNR,87.37M,-,-,-,1.21,1.40,1.35,-,-,-,40.80%,-,3.80%,9.94,-6.75%,"7,356"
BNRG,0.38M,-,-,-,0.98,0.03,0.08,-,-,-,22.81%,-,-,0.75,3.65%,"392,044"
BNS,109.68B,16.98,13.39,0.97,2.16,1.92,-,8.81,17.31%,11.75%,0.65%,13.81%,10.16%,88.99,1.12%,"1,810,517"
BNT,11.95B,-,-,-,1.12,0.72,-,4.78,-,-,-,-,86.60%,43.82,0.78%,"17,038"
BNTC,445.86M,-,-,-,-,2.43,2.41,-,2.86%,5.07%,62.31%,-12.00%,-,12.98,-0.08%,"65,266"
BNTX,22.86B,-,-,-,7.00,1.06,1.36,18.56,3.91%,-4.84%,-,1.96%,42.57%,90.40,0.37%,"923,470"
BNY,106.05B,19.14,15.70,1.15,2.61,2.69,-,72.88,20.66%,10.20%,14.10%,13.70%,19.27%,154.50,2.14%,"4,771,489"
BNZI,4.00M,-,-,-,0.34,0.29,28.54,-,87.78%,49.24%,43.71%,-,-,2.74,14.17%,"456,307"
BOAT,-,-,-,-,-,-,-,-,-,-,-,-,-,41.82,3.05%,"12,313"
BOBP,-,-,-,-,-,-,-,-,-,-,-,-,-,31.14,1.48%,"3,649"
BOBS,2.04B,-,14.74,3.72,-,4.31,53.75,-,-12.31%,13.86%,-,3.96%,-,15.60,-0.64%,"1,188,060"
BOC,426.03M,-,-,-,3.71,0.85,5.39,-,-,-,-190.87%,-,20.12%,14.10,0.36%,"90,979"
BOCT,-,-,-,-,-,-,-,-,-,-,-,-,-,53.40,0.32%,"2,281"
BODI,80.81M,16.78,25.48,-,0.35,2.35,1.98,5.89,117.07%,525.71%,57.20%,-,-21.85%,11.16,-0.04%,"12,850"
BOE,677.21M,6.66,-,-,43.56,0.95,-,-,-,-,-,-,-,12.18,-0.65%,"97,953"
BOEG,-,-,-,-,-,-,-,-,-,-,-,-,-,13.43,1.46%,"20,963"
BOEU,-,-,-,-,-,-,-,-,-,-,-,-,-,33.89,1.33%,"24,008"
BOF,63.26M,-,-,-,4.81,10.15,68.76,-,-,-,-36.51%,-,109.27%,4.13,0.73%,"14,424"
BOH,3.25B,16.55,11.94,-,3.05,2.15,-,17.03,29.77%,14.42%,3.72%,-,8.97%,82.08,-0.36%,"344,236"
BOIL,-,-,-,-,-,-,-,-,-,-,-,-,-,22.33,2.15%,"3,948,436"
BOKF,8.41B,13.98,13.15,2.53,2.47,1.41,-,30.06,12.80%,1.77%,8.16%,5.19%,11.06%,138.45,0.28%,"210,395"
BOLD,55.29M,-,-,-,-,0.64,0.60,-,7.69%,61.25%,-23.10%,-,-,2.46,0.82%,"307,004"
BOLT,7.78M,-,-,-,1.20,0.39,0.34,-,11.06%,-25.53%,11.84%,-19.99%,101.61%,4.05,7.14%,"30,735"
BON,9.76M,-,-,-,0.52,0.17,1.56,-,-,-,-,-,0.49%,1.20,3.45%,"8,633"
BOND,-,-,-,-,-,-,-,-,-,-,-,-,-,91.19,0.30%,"706,021"
BOOM,132.84M,-,12.02,-,0.23,0.56,4.22,4.17,17.14%,286.21%,-56.57%,-,21.62%,6.49,-0.92%,"156,302"
BOOT,4.73B,21.19,15.68,0.94,2.10,3.59,33.50,37.40,16.31%,16.14%,29.54%,16.73%,20.33%,155.70,-5.25%,"637,072"
BORR,1.36B,34.16,15.33,0.28,1.29,1.14,5.51,-,-205.75%,260.40%,-,55.72%,27.12%,4.42,-0.90%,"2,738,425"
BOSC,29.68M,9.41,7.65,-,0.63,1.01,2.78,-,-16.95%,12.24%,-,-,8.55%,4.21,-0.71%,"18,711"
BOT,744.26M,-,-,-,-,-,-,-,-,-,-,-,-,36.71,13.23%,"380,959"
BOTJ,118.49M,10.82,-,-,1.86,1.46,-,8.06,-,-,13.75%,-,9.22%,26.08,-0.11%,"17,748"
BOTT,-,-,-,-,-,-,-,-,-,-,-,-,-,45.24,1.53%,"9,596"
BOTZ,-,-,-,-,-,-,-,-,-,-,-,-,-,35.88,0.03%,"477,099"
BOUT,-,-,-,-,-,-,-,-,-,-,-,-,-,46.67,1.09%,"6,893"
BOW,1.01B,17.73,12.85,0.72,1.74,2.21,-,2.97,19.87%,21.33%,-,17.84%,-,30.84,-2.31%,"308,149"
BOX,4.16B,45.98,16.66,1.11,3.44,-,8.68,11.46,9.44%,14.29%,-,14.98%,8.84%,30.00,2.01%,"3,474,442"
BOXA,-,-,-,-,-,-,-,-,-,-,-,-,-,104.97,0.25%,342
BOXL,2.61M,-,-,-,0.02,-,0.38,-,56.29%,13.47%,15.78%,-,14.76%,3.91,-8.22%,"21,007"
BOXX,-,-,-,-,-,-,-,-,-,-,-,-,-,117.42,0.02%,"1,368,044"
BP,106.61B,34.50,10.52,0.97,0.55,1.91,2.98,9.32,79.12%,-23.73%,-,10.82%,12.37%,41.40,1.40%,"10,193,772"
BPAC,74.74M,556.59,-,-,-,1.31,747.36,-,-,-,-,-,-,10.13,-0.10%,6
BPAY,-,-,-,-,-,-,-,-,-,-,-,-,-,26.59,0.74%,"1,084"
BPH,-,-,-,-,-,-,-,-,-,-,-,-,-,64.72,1.14%,840
BPI,-,-,-,-,-,-,-,-,-,-,-,-,-,20.91,2.88%,278
BPOP,10.91B,12.47,10.05,0.65,2.42,1.74,-,15.58,24.22%,11.44%,1.42%,15.39%,10.09%,169.00,0.17%,"397,701"
BPRE,-,-,-,-,-,-,-,-,-,-,-,-,-,13.32,1.76%,"592,616"
BPRN,259.71M,13.32,10.07,-,1.89,0.95,-,10.61,33.99%,4.25%,6.18%,-,15.89%,38.13,-0.91%,"7,815"
BPRO,-,-,-,-,-,-,-,-,-,-,-,-,-,19.06,1.94%,157
BQ,2.35M,-,-,-,0.04,0.22,0.33,-,-,-,64.66%,-,-16.87%,0.81,-4.30%,"171,804"
BR,16.89B,15.63,14.04,1.40,2.31,5.99,55.26,12.82,11.70%,8.87%,12.41%,10.01%,8.11%,146.02,-3.32%,"884,859"
BRAG,44.49M,-,-,-,0.36,0.62,11.32,2.74,63.56%,24.85%,28.60%,-,17.74%,1.74,-3.87%,"12,369"
BRAI,1.20B,-,-,-,-,-,10866.49,-,-,-,-,-,-,5.80,-9.80%,"438,798"
BRAZ,-,-,-,-,-,-,-,-,-,-,-,-,-,30.56,1.56%,588
BRBI,-,-,-,-,-,-,-,-,-,-,-,-,-,12.37,5.37%,110
BRBR,1.41B,9.36,8.97,-,0.60,-,42.38,7.55,-42.63%,8.37%,23.11%,-9.13%,18.57%,12.10,-5.10%,"3,529,928"
BRBS,313.79M,28.56,-,-,2.18,1.13,-,14.31,-,-,-44.41%,-,17.61%,3.49,0.58%,"213,163"
BRC,4.26B,20.58,15.31,1.25,2.62,3.17,24.25,23.47,14.67%,11.85%,13.27%,12.27%,6.96%,90.33,-0.08%,"152,856"
BRCB,401.95M,-,30.55,-,-,3.06,20.08,-,120.73%,30.50%,-,-,-,8.03,-2.67%,"290,747"
BRCC,291.91M,-,39.00,-,0.70,2.91,29.28,-,100.00%,-,-,-,19.43%,1.17,-2.50%,"186,594"
BRCE,-,-,-,-,-,-,-,-,-,-,-,-,-,29.56,0.43%,"2,760"
BREE,-,-,-,-,-,-,-,-,-,-,-,-,-,26.55,1.43%,6
BREM,-,-,-,-,-,-,-,-,-,-,-,-,-,51.15,0.10%,26
BRES,-,-,-,-,-,-,-,-,-,-,-,-,-,27.39,0.96%,429
BREW,-,-,-,-,-,-,-,-,-,-,-,-,-,26.94,-0.98%,447
BREZ,143.63M,-,-,-,-,-,-,-,-,-,-,-,-,9.94,0.40%,134
BRF,-,-,-,-,-,-,-,-,-,-,-,-,-,16.88,2.13%,"1,060"
BRFH,30.19M,-,15.58,-,1.79,17.95,16.59,-,70.59%,340.00%,15.21%,-,40.80%,1.87,-6.03%,"18,768"
BRHY,-,-,-,-,-,-,-,-,-,-,-,-,-,50.99,0.14%,"5,260"
BRIA,48.08M,-,-,-,-,-,-,-,400.00%,-,-,-,-,1.57,4.67%,"32,678"
BRID,58.28M,-,-,-,0.25,0.53,70.21,-,-,-,-,-,3.13%,6.42,1.10%,"2,380"
BRIE,-,-,-,-,-,-,-,-,-,-,-,-,-,29.89,0.95%,"129,282"
BRIF,-,-,-,-,-,-,-,-,-,-,-,-,-,37.09,0.62%,"3,678"
BRK-A,1060.13B,14.63,22.87,13.14,2.82,1.46,2.67,44.41,0.92%,3.29%,11.79%,1.74%,8.63%,737000.00,-1.05%,99
BRK-B,1059.00B,14.62,22.85,13.13,2.82,1.46,2.66,44.36,0.92%,3.29%,11.79%,1.74%,8.63%,491.09,-1.16%,"4,110,227"
BRKC,-,-,-,-,-,-,-,-,-,-,-,-,-,40.22,-0.77%,"1,853"
BRKH,-,-,-,-,-,-,-,-,-,-,-,-,-,9.95,-,"20,840"
BRKHU,84.07M,-,-,-,-,-,-,-,-,-,-,-,-,10.09,0.80%,"10,671"
BRKL,-,-,-,-,-,-,-,-,-,-,-,-,-,23.46,-2.10%,6
BRKR,9.11B,-,24.63,1.58,2.63,3.72,68.27,177.54,15.87%,14.56%,-,15.58%,11.57%,59.83,1.46%,"1,468,304"
BRKU,-,-,-,-,-,-,-,-,-,-,-,-,-,22.09,-2.07%,"43,620"
BRKW,-,-,-,-,-,-,-,-,-,-,-,-,-,38.65,-1.23%,"4,742"
BRLN,-,-,-,-,-,-,-,-,-,-,-,-,-,50.74,0.17%,"3,902"
BRLS,21.46M,-,-,-,0.70,-,44.72,-,-,-,-162.69%,-,-,1.00,4.40%,"171,182"
BRLT,121.44M,-,18.18,-,0.27,1.70,2.07,-,200.00%,120.00%,-,-,11.68%,1.20,0.00%,"24,773"
BRN,14.83M,-,-,-,1.30,1.71,3.69,-,-,-,-3.64%,-,-5.34%,1.03,-2.83%,"96,941"
BRNS,25.01M,-,-,-,-,0.38,0.37,-,16.46%,-6.57%,-,-,-,0.61,0.36%,"27,067"
BRNY,-,-,-,-,-,-,-,-,-,-,-,-,-,58.51,0.80%,"6,324"
BRO,23.22B,22.06,14.07,1.98,3.63,1.82,23.15,16.27,5.48%,8.37%,13.38%,7.10%,17.72%,68.50,-1.03%,"2,657,261"
BROL,-,-,-,-,-,-,-,-,-,-,-,-,-,25.65,0.72%,234
BROS,10.55B,101.04,52.63,1.94,6.04,11.71,40.05,148.65,19.45%,34.06%,-,27.17%,37.99%,64.05,-3.63%,"2,858,548"
BRR,174.81M,-,-,-,-,0.52,6.73,-,-,-,-,-,-,1.93,12.21%,"2,801,605"
BRRR,-,-,-,-,-,-,-,-,-,-,-,-,-,18.19,3.76%,"78,559"
BRSL,1.97B,24.59,13.28,-,0.78,2.39,1.55,-,-28.61%,24.15%,-,-2.41%,-4.28%,10.71,-1.02%,"1,678,145"
BRSM,-,-,-,-,-,-,-,-,-,-,-,-,-,25.57,0.23%,"16,299"
BRSP,696.99M,-,7.64,-,2.06,0.76,3.68,9.49,-4.30%,14.29%,37.61%,-0.52%,-5.00%,5.35,1.90%,"1,040,007"
BRT,277.25M,-,-,-,2.84,1.57,9.56,20.42,-16.67%,0.65%,11.48%,-,28.14%,14.73,-2.71%,"23,937"
BRTR,-,-,-,-,-,-,-,-,-,-,-,-,-,49.77,0.21%,"68,788"
BRTX,8.41M,-,-,-,23.36,2.78,2.34,-,79.11%,12.12%,43.92%,40.67%,36.11%,0.33,-2.42%,"359,586"
BRUN,1.96B,202.21,23.45,-,-,-,-,-,134.90%,64.00%,-,-,-,25.64,-0.16%,"1,245,226"
BRW,341.00M,8.59,-,-,13.69,0.80,-,-,-,-,-,-,-,6.70,0.90%,"288,938"
BRX,9.71B,21.96,28.38,-,6.99,3.20,22.87,27.38,-7.54%,-3.55%,25.30%,-1.23%,5.42%,31.64,0.86%,"2,593,694"
BRZE,2.95B,-,27.19,0.57,3.75,5.03,7.60,45.59,66.62%,52.13%,-28.69%,47.98%,37.50%,26.19,-1.54%,"1,642,191"
BRZU,-,-,-,-,-,-,-,-,-,-,-,-,-,96.58,3.69%,"20,866"
BRZX,-,-,-,-,-,-,-,-,-,-,-,-,-,25.40,3.52%,6
BSAA,88.72M,596.52,-,-,-,10.60,521.87,-,-,-,-,-,-,11.99,0.59%,"4,799"
BSAC,15.95B,14.58,11.43,1.47,2.89,3.14,-,-,5.67%,8.23%,10.45%,7.77%,9.91%,33.85,0.86%,"309,439"
BSBK,116.08M,55.16,-,-,2.65,0.80,-,30.15,-,-,-0.52%,-,12.92%,9.03,0.00%,"5,652"
BSBR,20.18B,16.96,5.44,0.57,0.58,2.50,-,-,3.88%,14.55%,-2.57%,9.58%,19.46%,5.39,0.75%,"1,929,050"
BSCA,-,-,-,-,-,-,-,-,-,-,-,-,-,19.99,0.28%,692
BSCQ,-,-,-,-,-,-,-,-,-,-,-,-,-,19.55,0.03%,"743,093"
BSCR,-,-,-,-,-,-,-,-,-,-,-,-,-,19.65,0.05%,"433,672"
BSCS,-,-,-,-,-,-,-,-,-,-,-,-,-,20.36,0.17%,"761,490"
BSCT,-,-,-,-,-,-,-,-,-,-,-,-,-,18.56,0.22%,"847,049"
BSCU,-,-,-,-,-,-,-,-,-,-,-,-,-,16.59,0.27%,"371,458"
BSCV,-,-,-,-,-,-,-,-,-,-,-,-,-,16.33,0.31%,"320,505"
BSCW,-,-,-,-,-,-,-,-,-,-,-,-,-,20.39,0.25%,"254,470"
BSCX,-,-,-,-,-,-,-,-,-,-,-,-,-,20.92,0.24%,"73,787"
BSCY,-,-,-,-,-,-,-,-,-,-,-,-,-,20.50,0.29%,"43,531"
BSCZ,-,-,-,-,-,-,-,-,-,-,-,-,-,20.28,0.31%,"36,708"
BSEP,-,-,-,-,-,-,-,-,-,-,-,-,-,53.07,0.17%,"2,789"
BSET,186.06M,33.89,18.26,6.57,0.56,1.13,3.45,51.12,15.71%,45.27%,-,2.78%,-2.77%,21.49,0.02%,"60,391"
BSGR,-,-,-,-,-,-,-,-,-,-,-,-,-,25.09,0.08%,430
BSGT,-,-,-,-,-,-,-,-,-,-,-,-,-,25.10,0.16%,10
BSIN,62.26M,-,-,-,9.21,1.62,5.86,-,54.65%,87.18%,35.95%,-,25.84%,1.19,-0.83%,"2,236,626"
BSJQ,-,-,-,-,-,-,-,-,-,-,-,-,-,22.95,0.04%,"210,748"
BSJR,-,-,-,-,-,-,-,-,-,-,-,-,-,22.40,0.06%,"97,903"
BSJS,-,-,-,-,-,-,-,-,-,-,-,-,-,21.80,0.19%,"145,306"
BSJT,-,-,-,-,-,-,-,-,-,-,-,-,-,21.15,0.19%,"57,134"
BSJU,-,-,-,-,-,-,-,-,-,-,-,-,-,25.81,0.17%,"59,221"
BSJV,-,-,-,-,-,-,-,-,-,-,-,-,-,26.15,-0.01%,"4,790"
BSJW,-,-,-,-,-,-,-,-,-,-,-,-,-,25.30,0.12%,"8,497"
BSJX,-,-,-,-,-,-,-,-,-,-,-,-,-,25.17,0.24%,"1,477"
BSJY,-,-,-,-,-,-,-,-,-,-,-,-,-,25.12,0.24%,226
BSL,170.43M,22.96,-,-,7.30,0.93,-,-,-,-,-,-,-,13.09,-0.08%,"36,993"
BSM,3.05B,11.36,12.35,3.09,5.68,3.94,262.28,9.90,-41.67%,55.36%,21.25%,4.00%,7.32%,14.33,0.14%,"342,200"
BSMC,-,-,-,-,-,-,-,-,-,-,-,-,-,39.25,-0.63%,"37,666"
BSMQ,-,-,-,-,-,-,-,-,-,-,-,-,-,23.58,0.08%,"24,711"
BSMR,-,-,-,-,-,-,-,-,-,-,-,-,-,23.63,0.02%,"12,790"
BSMS,-,-,-,-,-,-,-,-,-,-,-,-,-,23.43,0.09%,"20,436"
BSMT,-,-,-,-,-,-,-,-,-,-,-,-,-,23.09,0.08%,"18,293"
BSMU,-,-,-,-,-,-,-,-,-,-,-,-,-,21.91,0.05%,"14,114"
BSMV,-,-,-,-,-,-,-,-,-,-,-,-,-,20.95,0.09%,"12,664"
BSMW,-,-,-,-,-,-,-,-,-,-,-,-,-,25.06,-0.01%,"11,613"
BSMY,-,-,-,-,-,-,-,-,-,-,-,-,-,24.56,0.04%,"6,465"
BSMZ,-,-,-,-,-,-,-,-,-,-,-,-,-,25.49,0.06%,"4,122"
BSOL,-,-,-,-,-,-,-,-,-,-,-,-,-,10.51,2.84%,"2,435,129"
BSP,20.17B,-,-,-,-,19.43,27.22,-,-,-,-,-,-,32.50,2.27%,"2,727,109"
BSR,-,-,-,-,-,-,-,-,-,-,-,-,-,30.29,0.41%,10
BSRR,537.29M,12.01,10.58,-,2.66,1.48,-,185.27,20.06%,4.02%,6.07%,-,8.10%,41.08,-0.48%,"59,607"
BSSX,-,-,-,-,-,-,-,-,-,-,-,-,-,25.71,0.04%,"5,220"
BST,1.66B,6.61,-,-,-,-,-,-,-,-,-,-,-,47.76,1.94%,"67,302"
BSTP,-,-,-,-,-,-,-,-,-,-,-,-,-,39.50,0.25%,"2,866"
BSTS,-,-,-,-,-,-,-,-,-,-,-,-,-,25.09,0.14%,8
BSTU,-,-,-,-,-,-,-,-,-,-,-,-,-,25.10,0.24%,260
BSTV,-,-,-,-,-,-,-,-,-,-,-,-,-,25.10,0.26%,"1,302"
BSTZ,2.02B,6.32,-,-,-,-,-,-,-,-,-,-,-,29.41,1.17%,"150,714"
BSV,-,-,-,-,-,-,-,-,-,-,-,-,-,77.61,0.18%,"1,563,562"
BSVN,483.58M,10.88,11.05,-,3.43,1.86,-,10.17,-1.11%,3.30%,16.97%,-,20.08%,50.80,0.87%,"23,605"
BSVO,-,-,-,-,-,-,-,-,-,-,-,-,-,29.05,0.03%,"125,892"
BSX,63.36B,17.88,11.54,1.12,3.07,2.45,41.58,18.23,9.63%,10.08%,-,10.35%,15.16%,42.63,-4.52%,"20,088,278"
BSY,9.46B,35.60,20.18,1.73,6.08,7.71,89.99,19.25,13.89%,11.99%,15.16%,11.69%,13.38%,31.15,-1.89%,"2,765,156"
BTAI,31.80M,-,-,-,46.77,-,1.85,-,70.90%,8.05%,37.62%,48.34%,-,1.03,16.75%,"4,830,273"
BTAL,-,-,-,-,-,-,-,-,-,-,-,-,-,11.67,-1.60%,"452,929"
BTBD,6.86M,-,-,-,0.52,1.25,1.89,16.74,-,-,-,-,10.57%,1.15,3.98%,"68,334"
BTBT,576.16M,-,165.00,-,4.95,1.19,1.52,-,-67.74%,101.92%,-37.92%,-,40.07%,1.65,0.61%,"25,796,195"
BTC,-,-,-,-,-,-,-,-,-,-,-,-,-,28.55,3.74%,"1,839,811"
BTCC,-,-,-,-,-,-,-,-,-,-,-,-,-,13.05,1.47%,"5,800"
BTCI,-,-,-,-,-,-,-,-,-,-,-,-,-,29.13,3.08%,"428,505"
BTCK,-,-,-,-,-,-,-,-,-,-,-,-,-,24.97,7.19%,"2,839"
BTCL,-,-,-,-,-,-,-,-,-,-,-,-,-,12.68,7.09%,"59,458"
BTCO,-,-,-,-,-,-,-,-,-,-,-,-,-,64.18,3.75%,"50,610"
BTCS,50.27M,-,-,-,2.97,0.72,179.54,-,-,-,-3.24%,-,-,1.01,1.31%,"860,767"
BTCT,8.57M,-,-,-,-,-,-,-,26.36%,-,49.40%,-,-36.64%,0.90,0.00%,"223,397"
BTCU,-,-,-,-,-,-,-,-,-,-,-,-,-,17.28,7.72%,"19,852"
BTCW,-,-,-,-,-,-,-,-,-,-,-,-,-,68.21,3.85%,"13,298"
BTCZ,-,-,-,-,-,-,-,-,-,-,-,-,-,5.41,-7.44%,"22,978,186"
BTDL,-,-,-,-,-,-,-,-,-,-,-,-,-,25.91,-,20
BTDR,3.01B,-,-,-,4.07,4.08,10.16,-,-51.78%,64.18%,-18.95%,-9.13%,11.97%,12.36,1.90%,"6,365,452"
BTE,3.14B,21.32,14.10,-,1.44,2.03,5.78,10.61,136.40%,44.92%,29.58%,-,11.86%,4.24,0.71%,"20,201,309"
BTF,-,-,-,-,-,-,-,-,-,-,-,-,-,17.49,4.79%,"5,785"
BTG,5.05B,10.36,3.14,0.07,1.37,1.38,10.48,11.61,48.50%,76.42%,-12.82%,44.60%,11.34%,3.79,0.26%,"18,631,562"
BTGD,-,-,-,-,-,-,-,-,-,-,-,-,-,21.28,4.72%,"10,582"
BTGO,600.67M,-,15.53,-,-,1.37,0.12,-,-27.81%,168.68%,-,-,-,5.18,1.77%,"1,021,443"
BTI,125.99B,12.68,11.17,2.05,3.73,1.96,24.37,21.57,0.37%,7.94%,5.20%,5.46%,0.45%,58.20,-1.27%,"5,033,094"
BTMD,82.30M,4.87,5.09,-,0.44,-,15.47,2.85,-56.76%,34.37%,11.37%,-6.24%,10.52%,2.19,-5.60%,"193,985"
BTO,780.78M,11.16,-,-,29.79,1.09,-,-,-,-,-,-,-,39.40,0.56%,"45,433"
BTOC,13.55M,-,-,-,0.07,1.01,5.08,27.10,-,-,-,-,-,0.30,1.43%,"21,784"
BTOG,1.50M,-,-,-,37.42,-,0.17,-,-,-,45.90%,-,-72.31%,0.93,-4.05%,"193,905"
BTOT,-,-,-,-,-,-,-,-,-,-,-,-,-,49.17,0.23%,"3,099"
BTQ,489.14M,-,-,-,9782.82,29.17,55.97,-,1.02%,-,-54.83%,-,-,3.45,-2.27%,"1,642,758"
BTR,-,-,-,-,-,-,-,-,-,-,-,-,-,27.84,0.05%,111
BTRN,-,-,-,-,-,-,-,-,-,-,-,-,-,24.80,0.99%,114
BTSG,13.67B,64.76,32.47,0.85,1.00,6.80,15.38,33.18,71.02%,25.45%,-20.78%,38.19%,18.27%,69.67,0.04%,"1,816,976"
BTT,1.45B,16.54,-,-,17.55,0.92,-,-,-,-,-,-,-,22.83,0.18%,"59,367"
BTTC,8.62M,-,-,-,-,0.00,26.11,-,-,-,-97.93%,-,-,0.80,5.86%,"536,282"
BTU,2.93B,-,7.06,-,0.75,0.84,5.95,-,268.99%,368.45%,53.10%,-,5.85%,24.04,1.86%,"1,867,475"
BTX,-,-,-,-,-,-,-,-,-,-,-,-,-,8.53,1.67%,"733,101"
BTZ,956.58M,9.32,-,-,17.21,0.72,-,-,-,-,-,-,-,10.25,0.20%,"226,167"
BUCK,-,-,-,-,-,-,-,-,-,-,-,-,-,23.46,0.06%,"184,540"
BUD,137.21B,23.35,16.29,1.27,2.31,1.77,11.49,12.25,17.65%,11.04%,-,12.82%,4.75%,79.37,0.05%,"1,161,689"
BUDA,133.34M,-,30.31,0.77,-,6.34,6.72,-,20.00%,45.83%,-,39.25%,-,10.61,-1.21%,"7,077"
BUFB,-,-,-,-,-,-,-,-,-,-,-,-,-,39.47,0.11%,"14,501"
BUFC,-,-,-,-,-,-,-,-,-,-,-,-,-,42.72,0.12%,"30,739"
BUFD,-,-,-,-,-,-,-,-,-,-,-,-,-,29.88,0.20%,"275,477"
BUFE,-,-,-,-,-,-,-,-,-,-,-,-,-,21.05,0.92%,8
BUFF,-,-,-,-,-,-,-,-,-,-,-,-,-,52.96,0.26%,"55,020"
BUFG,-,-,-,-,-,-,-,-,-,-,-,-,-,29.49,0.35%,"25,260"
BUFH,-,-,-,-,-,-,-,-,-,-,-,-,-,21.45,0.07%,"7,767"
BUFI,-,-,-,-,-,-,-,-,-,-,-,-,-,42.43,0.47%,"1,382"
BUFM,-,-,-,-,-,-,-,-,-,-,-,-,-,40.70,0.22%,430
BUFP,-,-,-,-,-,-,-,-,-,-,-,-,-,32.25,0.28%,"71,471"
BUFQ,-,-,-,-,-,-,-,-,-,-,-,-,-,39.13,0.57%,"108,948"
BUFR,-,-,-,-,-,-,-,-,-,-,-,-,-,36.75,0.30%,"1,022,011"
BUFS,-,-,-,-,-,-,-,-,-,-,-,-,-,25.01,0.06%,"13,026"
BUFT,-,-,-,-,-,-,-,-,-,-,-,-,-,25.99,0.13%,"8,587"
BUFX,-,-,-,-,-,-,-,-,-,-,-,-,-,22.25,0.09%,43
BUFY,-,-,-,-,-,-,-,-,-,-,-,-,-,23.46,0.28%,"15,112"
BUFZ,-,-,-,-,-,-,-,-,-,-,-,-,-,28.03,0.25%,"114,106"
BUG,-,-,-,-,-,-,-,-,-,-,-,-,-,41.99,5.93%,"1,627,585"
BUI,754.31M,6.32,-,-,-,-,-,-,-,-,-,-,-,28.42,1.21%,"43,946"
BUL,-,-,-,-,-,-,-,-,-,-,-,-,-,58.61,-0.49%,"3,081"
BULD,-,-,-,-,-,-,-,-,-,-,-,-,-,35.31,1.52%,"2,990"
BULG,-,-,-,-,-,-,-,-,-,-,-,-,-,42.75,7.12%,"4,439"
BULL,4.00B,-,28.24,-,6.53,3.93,2.05,-,-49.73%,150.00%,-444.21%,-,-,7.53,3.43%,"10,675,887"
BULZ,-,-,-,-,-,-,-,-,-,-,-,-,-,37.31,4.04%,"531,906"
BUR,895.90M,-,7.20,0.45,-,1.09,1.19,-,-2501.82%,108.43%,-18.06%,15.91%,12.98%,4.08,-2.86%,"2,225,933"
BURL,21.04B,34.33,24.34,1.30,1.77,11.46,28.16,54.95,20.97%,16.33%,-,18.76%,14.95%,334.31,2.05%,"494,035"
BURU,22.60M,-,-,-,55.11,8.98,2.47,-,-,-,8.13%,-,-,0.13,4.90%,"35,693,036"
BUSA,-,-,-,-,-,-,-,-,-,-,-,-,-,40.00,-0.78%,"19,758"
BUSE,2.48B,13.09,10.82,-,2.21,1.04,-,11.46,91.14%,9.91%,-4.25%,-,18.00%,29.31,0.14%,"612,362"
BUUU,318.50M,-,-,-,-,406.38,436.30,-,-,-,-,-,-,19.10,8.46%,"16,712"
BUXX,-,-,-,-,-,-,-,-,-,-,-,-,-,20.23,0.10%,"247,356"
BUYB,-,-,-,-,-,-,-,-,-,-,-,-,-,41.88,-0.53%,"5,421"
BUYO,-,-,-,-,-,-,-,-,-,-,-,-,-,32.93,0.26%,"1,429"
BUYW,-,-,-,-,-,-,-,-,-,-,-,-,-,14.57,0.14%,"368,714"
BUYZ,-,-,-,-,-,-,-,-,-,-,-,-,-,35.13,0.41%,"1,223"
BUZZ,-,-,-,-,-,-,-,-,-,-,-,-,-,35.54,0.45%,"49,899"
BV,1.34B,-,19.83,6.44,0.49,1.08,132.33,-,-13.42%,9.88%,-,3.08%,2.64%,14.34,0.07%,"1,287,802"
BVAL,-,-,-,-,-,-,-,-,-,-,-,-,-,31.36,-0.13%,"9,116"
BVC,95.09M,20.79,-,-,288.15,6.50,6.67,-,-,-,-,-,-,11.32,-3.33%,"20,154"
BVFL,182.27M,15.17,-,-,3.46,1.00,-,9.99,-,-,5.87%,-,17.76%,21.05,-2.64%,"8,908"
BVN,7.87B,8.04,8.02,1.03,3.83,1.90,10.36,19.79,45.91%,-13.90%,-,7.79%,20.69%,31.03,4.06%,"937,976"
BVS,965.66M,28.04,12.71,0.77,1.68,4.14,26.94,9.66,14.81%,16.48%,33.74%,16.55%,12.08%,11.56,-4.23%,"530,223"
BW,1.65B,-,25.24,-,2.47,-,9.89,-,128.64%,240.81%,-27.93%,-,0.74%,11.09,1.46%,"2,732,875"
BWA,13.14B,38.75,10.95,1.00,0.92,2.42,6.23,10.72,5.62%,12.75%,-11.34%,10.97%,7.09%,64.04,0.63%,"1,550,412"
BWAY,579.88M,64.60,26.76,0.57,10.25,7.63,9.85,45.16,83.33%,63.64%,-,46.85%,18.84%,14.45,2.48%,"68,378"
BWB,600.88M,12.24,9.95,-,1.98,1.30,-,20.58,21.88%,16.87%,9.87%,-,19.26%,21.55,0.23%,"177,606"
BWEN,119.13M,23.22,-,-,0.77,1.80,126.73,-,-3.76%,10.00%,-,-0.39%,-4.45%,5.09,18.37%,"865,983"
BWET,-,-,-,-,-,-,-,-,-,-,-,-,-,257.35,21.99%,"112,329"
BWFG,464.99M,11.71,10.43,-,2.19,1.49,-,15.44,22.33%,2.72%,42.75%,-,20.91%,58.32,-0.26%,"62,283"
BWG,132.49M,8.97,-,-,-,-,-,-,-,-,-,-,-,7.89,0.00%,"90,446"
BWIN,3.78B,-,10.54,0.48,2.33,2.66,8.29,-,20.55%,24.89%,2.93%,21.97%,44.25%,26.51,-2.96%,"858,520"
BWIV,180.35M,-,-,-,-,1.43,-,-,-,-,-,-,-,9.90,-0.10%,"3,728"
BWLP,3.18B,8.81,-,-,0.89,1.67,11.05,7.46,-,-,-1.93%,-,34.57%,20.93,3.97%,"508,681"
BWMN,476.03M,45.02,11.31,-,0.95,1.86,39.50,14.99,3.51%,38.30%,50.91%,-,32.06%,27.19,0.44%,"101,181"
BWMX,671.51M,10.61,5.59,0.18,0.87,8.17,38.86,5.88,57.37%,27.79%,26.29%,30.39%,17.05%,18.03,-1.10%,"45,958"
BWOW,-,-,-,-,-,-,-,-,-,-,-,-,-,12.17,3.39%,229
BWQG,-,-,-,-,-,-,-,-,-,-,-,-,-,25.16,0.57%,"2,927"
BWTG,-,-,-,-,-,-,-,-,-,-,-,-,-,42.58,0.93%,682
BWX,-,-,-,-,-,-,-,-,-,-,-,-,-,21.59,0.65%,"464,757"
BWXT,16.48B,47.95,34.44,2.58,4.88,12.87,31.96,50.21,17.24%,11.07%,4.23%,13.37%,8.54%,179.83,1.52%,"1,252,731"
BWZ,-,-,-,-,-,-,-,-,-,-,-,-,-,26.83,0.79%,"26,521"
BX,152.15B,31.96,16.79,1.17,10.23,18.31,56.14,174.93,4.83%,27.04%,20.88%,14.34%,16.10%,124.56,2.06%,"3,932,354"
BXC,433.95M,-,31.15,-,0.15,0.71,1.36,45.02,-37.80%,196.69%,-68.34%,-,-0.94%,55.76,2.82%,"132,135"
BXDC,-,-,-,-,-,-,-,-,-,-,-,-,-,20.80,0.10%,"344,955"
BXMT,2.88B,28.15,9.31,-,1.88,0.84,5.25,8.85,200.52%,27.82%,-7.97%,-,14.41%,17.10,1.66%,"1,792,174"
BXP,11.86B,34.00,37.28,6.35,3.40,2.08,20.41,18.08,17.90%,-11.44%,-20.65%,5.87%,4.72%,67.72,1.01%,"1,056,321"
BXSL,5.46B,12.30,9.16,-,4.44,0.89,15.55,9.60,-15.20%,-6.40%,1.40%,-8.96%,26.88%,23.48,0.47%,"918,926"
BY,1.69B,12.09,10.99,-,2.66,1.32,-,10.21,9.39%,3.15%,24.69%,-,15.99%,37.20,-0.45%,"193,227"
BYAH,2.45M,-,-,-,0.97,0.07,0.65,-,-,-,-,-,-,0.40,-13.77%,"622,881"
BYD,6.40B,3.77,11.00,1.77,1.56,2.54,16.88,22.76,-3.41%,9.49%,-,6.21%,13.44%,86.09,0.40%,"782,194"
BYFC,90.46M,-,-,-,1.40,0.81,-,16.63,-,-,-76.46%,-,27.55%,9.75,0.00%,982
BYLD,-,-,-,-,-,-,-,-,-,-,-,-,-,22.43,0.18%,"31,132"
BYND,320.23M,-,-,-,1.21,-,1.64,-,82.68%,9.33%,-16.69%,-,-7.50%,0.62,0.05%,"25,868,673"
BYRE,-,-,-,-,-,-,-,-,-,-,-,-,-,27.45,0.04%,"4,505"
BYRN,80.34M,-,-,-,0.74,1.41,7.69,-,-253.13%,79.59%,-,-,48.12%,3.54,-7.33%,"1,049,677"
BYSI,54.69M,-,-,-,-,-,6.96,-,-,-,37.25%,-,-,1.33,0.00%,"19,964"
BZ,5.58B,14.05,10.04,0.86,4.71,2.32,1.88,-,7.90%,13.00%,-,11.69%,32.49%,14.23,-0.35%,"2,268,995"
BZAI,163.64M,-,-,-,4.05,5.55,4.93,-,69.95%,31.09%,-484.50%,-,-,1.15,3.14%,"2,263,990"
BZFD,55.24M,-,-,-,0.31,1.44,2.44,-,-,-,-,-,-10.43%,1.38,-2.13%,"220,234"
BZH,890.26M,-,23.18,-,0.42,0.79,7.39,-,-147.04%,296.50%,-2.72%,-,2.20%,32.57,3.43%,"381,609"
BZQ,-,-,-,-,-,-,-,-,-,-,-,-,-,21.03,-3.85%,"22,512"
BZUN,145.98M,-,3.99,-,0.10,0.30,0.34,-,123.26%,57.82%,-,-,1.53%,2.72,-1.81%,"212,345"
BZZ,-,-,-,-,-,-,-,-,-,-,-,-,-,23.66,2.57%,516
C,228.55B,16.51,10.58,0.38,1.31,1.19,-,5.97,56.75%,14.95%,8.24%,27.92%,13.72%,133.27,-5.29%,"32,127,845"
CAAA,-,-,-,-,-,-,-,-,-,-,-,-,-,20.25,0.05%,"5,730"
CAAP,4.06B,14.00,10.47,0.53,1.93,2.25,5.25,11.99,27.43%,21.78%,-,19.84%,26.43%,24.86,0.53%,"154,442"
CAAS,132.15M,3.08,-,-,0.17,0.33,0.57,-,-,-,-,-,12.89%,4.38,0.11%,"3,520"
CABA,435.36M,-,-,-,-,2.88,3.73,-,34.93%,9.61%,-7.84%,19.24%,-,2.67,-3.44%,"3,180,465"
CABO,243.99M,-,1.68,-,0.17,0.16,1.47,0.86,136.01%,12.66%,-,-,2.53%,43.01,13.39%,"294,878"
CABR,-,-,-,-,-,-,-,-,-,-,-,-,-,1.31,-10.88%,"74,977"
CABZ,-,-,-,-,-,-,-,-,-,-,-,-,-,22.56,1.54%,"1,211"
CAC,910.69M,11.48,9.30,-,2.44,1.28,-,11.55,21.93%,8.12%,-0.57%,-,12.39%,53.84,-0.15%,"84,615"
CACC,6.46B,15.35,10.88,0.49,2.78,4.25,11.58,6.14,22.63%,17.05%,9.16%,22.16%,6.78%,617.78,-1.33%,"134,343"
CACI,10.35B,19.33,15.00,1.42,1.13,2.42,65.51,17.95,6.54%,10.71%,12.09%,10.56%,8.57%,468.55,-1.97%,"268,877"
CADL,723.18M,-,-,-,-,5.24,3.71,-,-29.33%,25.52%,-3.52%,-,-,9.87,2.39%,"1,425,091"
CAE,8.01B,35.49,23.69,1.73,2.25,2.11,20.25,18.83,2.74%,17.89%,-,13.66%,9.54%,24.92,0.04%,"567,070"
CAES,330.20M,-,-,-,-,-,-,-,-,-,-,-,-,10.07,0.00%,"16,289"
CAF,283.48M,5.08,-,-,-,-,-,-,-,-,-,-,-,21.07,1.94%,"15,503"
CAFG,-,-,-,-,-,-,-,-,-,-,-,-,-,33.20,0.02%,"1,807"
CAFX,-,-,-,-,-,-,-,-,-,-,-,-,-,24.56,0.16%,"15,441"
CAG,6.77B,-,9.09,-,0.61,0.83,122.87,8.04,-26.28%,-8.19%,6.92%,-10.96%,0.99%,14.15,-1.26%,"16,852,275"
CAGE,-,-,-,-,-,-,-,-,-,-,-,-,-,28.06,0.86%,"78,027"
CAH,53.89B,35.19,19.09,1.06,0.21,-,13.69,12.27,30.77%,11.88%,-,18.07%,7.80%,230.11,-1.52%,"3,127,441"
CAI,4.79B,-,47.68,-,5.28,8.07,5.82,41.39,131.33%,178.66%,-,-,-,16.95,-0.64%,"3,670,347"
CAIE,-,-,-,-,-,-,-,-,-,-,-,-,-,27.08,0.52%,"491,650"
CAII,303.55M,-,-,-,-,992000.01,-,-,-,-,-,-,-,9.92,0.00%,"25,657"
CAIQ,-,-,-,-,-,-,-,-,-,-,-,-,-,26.19,0.78%,"143,261"
CAKE,4.00B,23.57,18.01,1.83,1.05,8.72,17.00,23.35,7.36%,10.34%,-,9.84%,13.60%,80.44,-1.84%,"975,312"
CAL,379.90M,-,4.97,0.07,0.14,0.62,10.07,16.00,166.81%,39.88%,55.50%,66.85%,5.43%,11.31,-4.48%,"469,649"
CALC,11.76M,-,-,-,-,-,1.44,-,62.44%,-54.73%,38.92%,20.76%,-,0.74,-8.98%,"335,023"
CALF,-,-,-,-,-,-,-,-,-,-,-,-,-,51.77,-0.66%,"515,712"
CALI,-,-,-,-,-,-,-,-,-,-,-,-,-,50.42,0.02%,"129,080"
CALM,3.94B,5.79,32.67,-,1.14,1.46,3.42,5.45,-70.33%,-65.62%,131.11%,-,25.82%,83.14,-0.32%,"960,127"
CALX,2.49B,80.17,15.61,0.42,2.35,3.41,10.24,22.83,32.65%,40.78%,-13.74%,37.61%,13.06%,39.06,-1.69%,"1,142,038"
CALY,3.41B,-,23.96,0.41,1.10,1.62,6.83,12.17,222.32%,17.01%,-1.46%,58.93%,5.32%,18.98,2.76%,"1,978,912"
CAM,-,-,-,-,-,-,-,-,-,-,-,-,-,25.03,0.12%,"135,673"
CAMC,-,-,-,-,-,-,-,-,-,-,-,-,-,18.65,19.52%,21
CAML,-,-,-,-,-,-,-,-,-,-,-,-,-,40.15,0.96%,"34,777"
CAMP,231.07M,-,-,-,58.80,7.48,2.31,-,69.33%,9.67%,-,33.58%,-,4.45,-1.11%,"164,447"
CAMT,6.99B,179.56,33.13,2.01,14.01,10.11,10.43,-,7.46%,29.17%,13.57%,16.52%,26.06%,149.90,9.59%,"715,836"
CAMX,-,-,-,-,-,-,-,-,-,-,-,-,-,34.58,-0.61%,"1,842"
CAN,203.44M,-,-,-,0.40,0.55,4.68,-,3.51%,-8.24%,-17.64%,0.57%,52.28%,0.29,-3.59%,"3,177,041"
CANC,-,-,-,-,-,-,-,-,-,-,-,-,-,40.85,-0.22%,"21,495"
CANE,-,-,-,-,-,-,-,-,-,-,-,-,-,9.84,0.92%,"246,332"
CANF,6.89M,-,-,-,16.81,0.75,0.81,-,88.61%,60.29%,45.72%,-,-11.88%,3.22,-1.23%,"1,251,583"
CANG,80.64M,-,2.86,-,0.13,0.34,11.25,-,68.40%,109.90%,-,-,18.27%,0.20,-2.01%,"396,182"
CANQ,-,-,-,-,-,-,-,-,-,-,-,-,-,30.52,0.16%,717
CAOS,-,-,-,-,-,-,-,-,-,-,-,-,-,90.49,0.06%,"27,685"
CAPE,-,-,-,-,-,-,-,-,-,-,-,-,-,32.55,-0.28%,"10,624"
CAPL,857.33M,15.34,26.44,-,0.24,-,116.64,11.39,3.92%,-19.81%,-18.66%,-3.03%,13.64%,22.47,-0.58%,"24,933"
CAPN,58.70M,58.18,-,-,-,1.72,978.31,-,-,-,-,-,-,11.10,0.27%,"10,831"
CAPR,1.20B,-,-,-,-,4.28,4.30,-,89.72%,-197.61%,-20.84%,-,-,20.68,0.34%,"1,085,441"
CAPS,3.90M,-,-,-,0.08,0.22,9.29,-,104.85%,-,-,-,0.62%,0.26,1.66%,"3,415,742"
CAQ,249.16M,-,-,-,-,1.38,262.27,-,-,-,-,-,-,9.93,0.00%,6
CAR,5.64B,-,17.94,0.41,0.48,-,10.59,-,19.32%,86.06%,-21.09%,43.55%,16.62%,159.78,2.52%,"333,243"
CARD,-,-,-,-,-,-,-,-,-,-,-,-,-,2.52,-1.82%,"21,621"
CARE,710.44M,6.57,12.26,0.38,2.21,1.40,-,2.16,362.59%,-59.46%,-,32.32%,8.92%,31.97,1.17%,"215,949"
CARG,3.07B,22.33,11.68,0.98,3.21,12.91,42.62,11.42,10.22%,16.00%,17.91%,11.87%,10.46%,34.05,0.89%,"794,933"
CARK,-,-,-,-,-,-,-,-,-,-,-,-,-,47.69,0.90%,17
CARL,293.60M,-,-,-,5.20,3.18,3.02,-,31.37%,3.21%,-,21.74%,-,10.80,-10.82%,"475,952"
CARR,57.94B,45.83,21.78,1.82,2.65,4.31,42.17,34.37,8.38%,14.11%,-4.96%,11.94%,4.49%,69.76,1.68%,"5,292,981"
CARS,630.02M,25.93,4.48,0.41,0.87,1.40,9.75,4.61,24.17%,18.52%,-,10.92%,5.73%,11.27,1.53%,"758,041"
CART,11.21B,26.76,15.89,0.51,2.90,4.71,14.02,12.71,52.84%,22.74%,-,31.07%,20.43%,47.71,-1.18%,"4,357,888"
CARU,-,-,-,-,-,-,-,-,-,-,-,-,-,23.17,1.71%,"3,829"
CARX,-,-,-,-,-,-,-,-,-,-,-,-,-,26.41,-2.48%,8
CARY,-,-,-,-,-,-,-,-,-,-,-,-,-,20.74,0.10%,"317,972"
CARZ,-,-,-,-,-,-,-,-,-,-,-,-,-,109.46,1.93%,"2,493"
CAS,-,-,-,-,-,-,-,-,-,-,-,-,-,27.05,2.61%,"2,007"
CASH,1.92B,10.79,9.41,-,2.28,2.28,-,4.17,11.31%,10.39%,21.80%,-,10.26%,90.97,0.21%,"156,729"
CASS,670.20M,19.88,15.09,-,3.21,2.77,2.74,26.34,21.95%,15.00%,6.29%,-,6.97%,52.07,-0.74%,"77,615"
CAST,115.34M,-,-,-,202.36,-,961.19,-,-,-,-36.71%,-,0.69%,2.79,-14.94%,"425,901"
CASY,31.35B,44.20,35.94,3.42,1.79,7.91,59.94,43.44,11.07%,10.78%,18.00%,10.52%,18.07%,847.19,-1.39%,"405,120"
CAT,429.93B,46.43,30.72,1.24,6.08,23.04,105.58,54.41,29.89%,22.74%,28.05%,24.68%,10.12%,933.34,0.20%,"2,028,632"
CATF,-,-,-,-,-,-,-,-,-,-,-,-,-,50.03,0.06%,"3,440"
CATG,-,-,-,-,-,-,-,-,-,-,-,-,-,14.25,-0.35%,"19,424"
CATH,-,-,-,-,-,-,-,-,-,-,-,-,-,89.56,0.50%,"54,296"
CATO,64.47M,659.18,-,-,0.10,0.39,0.77,-,-,-,31.02%,-,2.60%,3.23,0.00%,"41,625"
CATX,347.84M,-,-,-,561.03,1.00,1.28,-,22.15%,-0.20%,-22.26%,10.35%,-38.04%,3.05,-1.29%,"2,810,138"
CATY,4.12B,12.66,10.41,-,2.97,1.38,-,11.32,20.97%,7.36%,9.60%,-,12.53%,61.39,-0.44%,"571,386"
CAVA,8.15B,134.35,93.64,3.70,6.34,10.06,20.22,68.74,2.34%,35.21%,-,25.31%,23.93%,69.97,-3.54%,"3,120,983"
CB,134.28B,12.23,11.83,1.34,2.20,1.82,-,7.93,9.52%,7.80%,26.94%,8.84%,10.65%,346.22,-2.40%,"1,799,585"
CBAN,431.63M,12.78,8.63,0.62,2.14,1.13,-,9.53,10.61%,19.44%,5.01%,13.97%,17.13%,20.40,0.44%,"339,810"
CBAT,44.52M,-,2.09,-,0.19,0.42,0.45,1.21,-10.00%,318.18%,3.55%,-,39.04%,0.50,0.46%,"172,563"
CBC,7.41B,17.55,15.10,2.30,5.89,1.95,-,22.00,5.97%,6.78%,10.03%,6.56%,9.01%,30.92,-0.80%,"485,843"
CBFV,181.55M,29.36,10.79,-,2.57,1.14,-,11.55,11.44%,9.82%,-,-,3.65%,35.79,-1.40%,"2,442"
CBIL,-,-,-,-,-,-,-,-,-,-,-,-,-,25.06,0.02%,"4,013"
CBIO,421.98M,-,-,-,35.52,2.35,2.23,-,75.02%,-1.49%,33.26%,35.34%,1.31%,15.31,-2.45%,"77,928"
CBK,449.54M,11.34,10.42,-,3.45,1.53,-,12.28,-1.01%,7.51%,-,-,-,32.81,-1.23%,"60,204"
CBL,1.62B,9.54,-,-,2.78,4.08,7.62,5.62,-25.35%,-,-,-,0.09%,52.41,1.37%,"226,188"
CBLL,725.84M,-,-,-,7.63,5.14,5.14,-,-16.92%,32.82%,-,16.79%,-,19.13,-2.00%,"387,150"
CBLS,-,-,-,-,-,-,-,-,-,-,-,-,-,32.50,0.76%,"28,862"
CBNA,271.46M,12.51,10.76,-,4.39,1.55,-,20.96,52.49%,-18.17%,-,-,-,41.37,-0.72%,"64,939"
CBNK,571.87M,10.58,9.46,-,1.93,1.40,-,8.65,1.57%,8.78%,12.75%,-,12.86%,35.11,-0.85%,"34,449"
CBOA,-,-,-,-,-,-,-,-,-,-,-,-,-,24.18,0.42%,"4,359"
CBOE,28.78B,23.48,18.82,1.29,6.01,5.36,13.27,29.46,28.56%,6.52%,19.51%,14.55%,6.59%,274.98,-0.78%,"824,861"
CBOJ,-,-,-,-,-,-,-,-,-,-,-,-,-,23.70,0.16%,"3,714"
CBOL,-,-,-,-,-,-,-,-,-,-,-,-,-,23.45,0.30%,8
CBON,-,-,-,-,-,-,-,-,-,-,-,-,-,23.86,0.06%,"2,017"
CBOO,-,-,-,-,-,-,-,-,-,-,-,-,-,24.53,0.04%,796
CBOT,-,-,-,-,-,-,-,-,-,-,-,-,-,24.64,0.52%,798
CBOX,-,-,-,-,-,-,-,-,-,-,-,-,-,100.96,0.00%,"131,230"
CBOY,-,-,-,-,-,-,-,-,-,-,-,-,-,24.49,0.48%,"1,012"
CBRE,38.98B,30.37,15.10,0.94,0.92,4.58,20.92,43.46,21.00%,14.22%,11.60%,16.01%,11.22%,133.13,-3.55%,"1,615,150"
CBRG,-,-,-,-,-,-,-,-,-,-,-,-,-,4.74,-0.73%,"10,678,677"
CBRL,1.19B,46.22,71.92,-,0.36,2.56,45.78,20.15,-111.41%,305.76%,-,-29.78%,6.67%,53.36,1.93%,"987,611"
CBRS,56.50B,176.60,-,-,93.57,-,17.33,-,-,-,-,-,-,203.81,-0.40%,"4,744,613"
CBRX,-,-,-,-,-,-,-,-,-,-,-,-,-,13.90,-0.91%,"216,531"
CBRZ,-,-,-,-,-,-,-,-,-,-,-,-,-,18.27,1.11%,"244,081"
CBSE,-,-,-,-,-,-,-,-,-,-,-,-,-,49.82,1.16%,"7,192"
CBSH,8.44B,14.24,13.03,2.23,3.88,1.97,-,14.32,3.68%,6.08%,12.13%,5.84%,8.75%,57.91,-0.99%,"1,064,376"
CBT,4.53B,16.59,12.49,6.90,1.27,2.89,17.97,9.87,-12.78%,11.09%,-,1.81%,7.27%,87.74,-0.11%,"439,644"
CBTA,-,-,-,-,-,-,-,-,-,-,-,-,-,21.00,2.08%,39
CBTJ,-,-,-,-,-,-,-,-,-,-,-,-,-,17.89,1.50%,"8,501"
CBTL,-,-,-,-,-,-,-,-,-,-,-,-,-,17.73,1.45%,"7,331"
CBTO,-,-,-,-,-,-,-,-,-,-,-,-,-,19.73,0.10%,652
CBTY,-,-,-,-,-,-,-,-,-,-,-,-,-,19.70,1.86%,"43,294"
CBU,3.57B,16.52,12.67,-,3.48,1.76,-,14.76,12.73%,12.37%,5.20%,-,10.36%,67.88,0.28%,"297,719"
CBUS,182.44M,-,-,-,42.53,5.14,6.02,-,56.00%,32.56%,46.96%,43.93%,-31.34%,2.39,12.21%,"1,630,095"
CBXA,-,-,-,-,-,-,-,-,-,-,-,-,-,21.47,1.33%,"1,147"
CBXJ,-,-,-,-,-,-,-,-,-,-,-,-,-,20.16,0.98%,"7,640"
CBXL,-,-,-,-,-,-,-,-,-,-,-,-,-,19.94,0.88%,"1,748"
CBXO,-,-,-,-,-,-,-,-,-,-,-,-,-,22.08,0.05%,"2,643"
CBXY,-,-,-,-,-,-,-,-,-,-,-,-,-,22.11,1.25%,"4,427"
CBZ,2.20B,16.49,9.11,0.79,0.79,1.17,31.66,9.13,12.70%,10.45%,5.24%,11.60%,23.40%,40.92,1.11%,"1,146,724"
CC,2.80B,-,8.27,0.20,0.48,13.03,4.98,18.19,36.66%,73.44%,-,40.53%,3.17%,18.63,2.81%,"3,374,552"
CCAP,405.30M,27.09,7.37,-,2.77,0.60,7.48,12.19,-13.70%,-4.48%,-13.95%,-6.02%,20.33%,11.00,0.36%,"171,661"
CCAQ,211.84M,51.53,-,-,-,1.48,2648.01,-,-,-,-,-,-,10.47,0.05%,"265,266"
CCB,1.20B,24.71,11.30,-,1.79,2.39,-,4.78,47.86%,55.28%,19.80%,-,56.17%,78.85,0.32%,"81,481"
CCBG,843.78M,13.96,13.43,-,2.93,1.45,-,12.00,0.46%,1.57%,13.91%,-,6.46%,49.34,-0.62%,"76,341"
CCC,3.56B,111.17,11.98,0.66,3.28,2.07,96.55,14.11,22.42%,14.96%,-,18.22%,10.80%,6.07,-2.57%,"9,073,212"
CCCC,421.26M,-,-,-,12.08,1.69,1.79,-,26.48%,-7.94%,3.84%,1.38%,1.61%,3.81,-2.81%,"3,046,515"
CCCTU,237.12M,-,-,-,-,14112.68,-,-,-,-,-,-,-,10.02,0.05%,"53,025"
CCD,727.72M,2.93,-,-,-,-,-,-,-,-,-,-,-,25.46,-1.01%,"83,578"
CCEC,1.36B,12.03,8.36,0.41,3.41,0.90,2.56,-,-11.39%,59.52%,11.98%,20.55%,22.76%,22.68,1.36%,"9,174"
CCEF,-,-,-,-,-,-,-,-,-,-,-,-,-,29.74,0.52%,"6,187"
CCEL,27.38M,-,170.00,-,0.88,-,9.44,5.54,136.67%,-81.82%,-,-,0.27%,3.40,-2.86%,"4,039"
CCEP,46.76B,21.89,19.04,2.09,1.98,5.15,41.60,19.77,8.06%,9.26%,30.96%,9.09%,14.30%,105.50,-0.47%,"1,175,282"
CCFE,-,-,-,-,-,-,-,-,-,-,-,-,-,26.82,0.77%,6
CCG,36.64M,-,-,-,0.09,0.72,1.71,-,-,-,28.42%,-,-,0.44,0.82%,"81,564"
CCHH,3.32M,-,-,-,1.48,1.67,33.21,-,-,-,-,-,-,1.71,-3.93%,"259,063"
CCI,34.50B,16.07,27.30,0.61,8.19,-,155.41,12.66,107.90%,37.89%,13.21%,45.08%,-6.10%,79.05,-0.99%,"2,914,919"
CCIF,60.42M,-,5.53,-,-,-,-,-,-55.42%,39.19%,-,-,-,2.85,0.00%,"114,440"
CCII,359.60M,57.88,-,-,-,1.44,246.30,-,-,-,-,-,-,10.39,0.29%,249
CCIX,398.52M,54.32,-,-,-,1.33,2344.26,-,-,-,-,-,-,10.87,-0.09%,"117,780"
CCJ,39.88B,84.90,48.09,1.53,15.60,7.88,50.15,63.94,8.92%,65.50%,-,31.49%,13.18%,91.57,1.52%,"4,234,669"
CCK,12.24B,17.43,12.43,1.79,0.96,4.25,17.61,12.30,4.18%,8.58%,8.18%,6.95%,5.70%,109.50,-0.22%,"626,228"
CCL,36.30B,11.93,10.07,0.91,1.33,2.80,16.18,11.45,-0.71%,17.80%,-,11.05%,36.61%,26.50,-0.41%,"14,215,571"
CCLD,98.58M,22.81,7.91,-,0.79,1.69,25.61,4.38,87.50%,56.44%,-,-,2.77%,2.32,-2.52%,"226,893"
CCM,12.32M,-,-,-,0.19,-,0.29,-,-,-,33.20%,-,14.67%,4.37,-6.62%,"20,939"
CCNE,990.32M,11.95,8.83,-,2.13,1.19,-,15.03,19.58%,7.30%,4.79%,-,17.24%,33.43,-0.74%,"170,810"
CCNR,-,-,-,-,-,-,-,-,-,-,-,-,-,38.06,1.73%,"8,141"
CCO,1.23B,-,305.45,17.16,0.75,-,6.65,42.89,-278.28%,111.00%,29.98%,17.80%,-2.86%,2.41,0.00%,"3,713,711"
CCOI,613.45M,-,-,-,0.63,-,3.42,-,5.94%,19.72%,-,16.83%,11.43%,12.25,-5.26%,"1,133,196"
CCOM,-,-,-,-,-,-,-,-,-,-,-,-,-,23.34,-1.89%,74
CCOR,-,-,-,-,-,-,-,-,-,-,-,-,-,26.03,-0.39%,"1,953"
CCPX,-,-,-,-,-,-,-,-,-,-,-,-,-,21.56,2.00%,6
CCRN,427.09M,-,53.95,0.36,0.43,1.32,4.05,10.79,362.68%,164.82%,-52.13%,148.13%,4.74%,13.22,0.00%,"535,422"
CCRP,-,-,-,-,-,-,-,-,-,-,-,-,-,19.52,0.20%,6
CCS,1.88B,14.73,12.85,-,0.48,0.74,20.91,19.85,-34.47%,29.43%,-4.54%,-,5.14%,65.28,1.52%,"224,563"
CCSB,-,-,-,-,-,-,-,-,-,-,-,-,-,19.92,0.18%,"2,500"
CCSI,700.96M,8.34,6.32,-,2.00,31.86,7.60,6.44,4.18%,3.03%,-8.48%,-,1.09%,38.10,0.82%,"119,055"
CCSO,-,-,-,-,-,-,-,-,-,-,-,-,-,27.09,1.57%,771
CCTG,3.48M,-,-,-,1.61,0.80,9.67,-,-,-,-,-,-,0.89,1.25%,"137,106"
CCU,2.05B,16.55,13.87,1.77,0.65,1.21,3.07,13.89,14.28%,2.35%,0.29%,7.83%,5.45%,11.11,0.73%,"327,097"
CCUP,-,-,-,-,-,-,-,-,-,-,-,-,-,1.48,0.34%,"7,073,322"
CCXI,889.53M,250.71,-,-,-,2.21,2169.59,-,-,-,-,-,-,15.97,11.37%,"4,038,521"
CD,217.99M,-,-,-,116.57,5.14,5.46,-,-,-,-156.16%,-,5.89%,3.12,2.63%,"122,044"
CDC,-,-,-,-,-,-,-,-,-,-,-,-,-,75.58,-0.71%,"4,774"
CDE,16.49B,13.23,8.47,0.26,6.43,1.59,19.56,18.02,105.57%,14.87%,55.25%,32.77%,21.64%,16.00,2.63%,"16,671,008"
CDEI,-,-,-,-,-,-,-,-,-,-,-,-,-,91.30,0.00%,31
CDIG,-,-,-,-,-,-,-,-,-,-,-,-,-,25.93,1.08%,"5,280"
CDIO,5.33M,-,-,-,266.48,0.60,0.75,-,-,-,30.61%,-,101.40%,1.80,0.56%,"17,748"
CDL,-,-,-,-,-,-,-,-,-,-,-,-,-,78.85,-0.71%,"10,242"
CDLR,2.24B,6.65,4.37,-,2.85,1.16,8.78,-,-21.98%,84.44%,-,-0.22%,99.36%,23.21,3.25%,"91,610"
CDLX,24.51M,-,-,-,0.12,-,0.41,2.45,57.95%,10.37%,0.88%,-,4.53%,4.22,1.20%,"61,008"
CDNA,1.49B,-,25.51,0.67,3.62,4.73,7.98,23.05,61.03%,21.41%,0.09%,38.17%,14.59%,28.93,0.59%,"942,556"
CDNG,-,-,-,-,-,-,-,-,-,-,-,-,-,13.91,-0.23%,"1,644"
CDNL,3.31B,-,32.73,-,-,15.14,75.25,-,130.04%,14.31%,-,-,-,69.72,7.49%,"766,696"
CDNS,103.93B,87.97,40.23,2.63,18.80,15.84,67.22,72.68,11.21%,17.97%,13.95%,15.28%,14.57%,376.80,-0.30%,"1,257,270"
CDP,8.26B,26.67,26.49,5.02,10.64,2.74,289.13,29.46,-0.41%,3.39%,9.15%,5.28%,5.58%,36.55,0.22%,"1,217,373"
CDPI,-,-,-,-,-,-,-,-,-,-,-,-,-,19.99,-,"250,014"
CDRE,1.21B,32.18,19.47,0.94,1.91,3.61,27.83,20.04,11.96%,27.67%,-1.90%,20.73%,8.57%,28.38,0.18%,"172,540"
CDRO,429.69M,-,22.90,-,1.81,12.75,7.32,22.10,3854.48%,-3.76%,-,-,24.20%,9.45,-1.15%,"4,215"
CDT,1.70M,-,-,-,-,-,1.12,-,-,-,-99.07%,-,-,0.35,-2.40%,"184,390"
CDTG,5.23M,-,-,-,2.06,0.21,522.82,-,-,-,-42.29%,-,14.45%,1.73,-4.42%,"526,197"
CDW,17.81B,16.97,11.82,1.38,0.78,6.98,30.77,16.55,7.35%,9.61%,8.20%,8.55%,3.96%,139.38,-3.45%,"1,715,673"
CDX,-,-,-,-,-,-,-,-,-,-,-,-,-,20.89,0.19%,"127,722"
CDXS,193.61M,-,-,-,2.48,4.48,2.95,-,22.67%,25.52%,-4.52%,78.46%,0.38%,2.13,-5.33%,"925,698"
CDZI,332.98M,-,-,-,22.21,21.26,20.13,-,-6.55%,26.85%,15.24%,-,97.64%,3.96,3.53%,"1,001,224"
CE,5.24B,-,7.17,0.28,0.55,1.29,2.98,5.96,53.30%,9.14%,-,25.75%,11.03%,47.75,-0.35%,"922,417"
CECO,4.84B,221.94,32.28,0.53,6.02,9.51,106.32,-,106.30%,38.99%,42.82%,60.63%,19.63%,82.85,1.16%,"517,882"
CEE,138.55M,3.16,-,-,33.60,1.31,-,-,-,-,-,-,-,21.25,1.43%,"24,805"
CEF,7.42B,-,-,-,-,-,-,-,-,-,-,-,-,40.32,1.46%,"536,944"
CEFA,-,-,-,-,-,-,-,-,-,-,-,-,-,39.89,0.78%,"9,232"
CEFD,-,-,-,-,-,-,-,-,-,-,-,-,-,19.08,-0.85%,121
CEFS,-,-,-,-,-,-,-,-,-,-,-,-,-,25.35,0.24%,"105,624"
CEFZ,-,-,-,-,-,-,-,-,-,-,-,-,-,8.21,0.15%,"3,625"
CEG,92.08B,22.27,18.91,0.84,3.23,2.77,78.64,80.99,25.06%,15.49%,32.58%,22.58%,8.81%,256.43,-0.44%,"3,217,085"
CEGX,-,-,-,-,-,-,-,-,-,-,-,-,-,12.31,-0.81%,"118,526"
CELC,5.42B,-,-,-,-,100.31,13.99,-,-6.09%,89.43%,-32.62%,-,-,111.05,6.99%,"2,150,348"
CELH,7.70B,71.95,15.18,0.81,2.60,6.18,14.03,26.12,19.81%,23.69%,45.65%,18.74%,80.65%,30.14,1.04%,"6,165,179"
CELU,21.86M,-,-,-,0.82,-,3.54,-,-,-,49.85%,-,13.21%,0.75,-0.01%,"50,806"
CELZ,3.99M,-,-,-,-,0.51,0.68,-,54.76%,24.56%,66.83%,30.94%,-48.43%,0.84,-1.42%,"394,218"
CEMB,-,-,-,-,-,-,-,-,-,-,-,-,-,45.36,0.13%,"33,051"
CENN,7.87M,-,-,-,0.46,0.12,2.11,-,-,-,-192.39%,-,-19.13%,3.19,-0.93%,"5,447"
CENT,2.37B,15.39,13.73,2.12,0.75,1.60,3.55,8.47,8.64%,4.05%,7.67%,6.47%,3.03%,42.36,-1.79%,"139,206"
CENTA,2.38B,13.49,12.03,1.86,0.75,1.40,3.56,8.51,8.64%,4.05%,7.67%,6.47%,3.03%,37.12,-1.36%,"219,409"
CENX,4.56B,13.78,4.27,0.05,1.79,3.96,13.67,167.06,318.70%,4.76%,-,91.48%,9.51%,46.08,1.48%,"1,284,003"
CEPF,597.22M,58.02,-,-,-,1.30,19907.38,-,-,-,-,-,-,10.45,0.10%,116
CEPI,-,-,-,-,-,-,-,-,-,-,-,-,-,32.43,0.94%,"36,108"
CEPL,356.54M,-,25.09,-,3.36,-,12.34,-,104.88%,197.76%,-14.46%,-,9.40%,11.69,13.50%,"518,658"
CEPO,271.70M,-,-,-,-,1.43,9056.58,-,-,-,-,-,-,10.65,0.05%,"24,175"
CEPS,151.88M,-,-,-,-,1.32,3037.68,-,-,-,-,-,-,10.40,-0.10%,16
CEPT,289.55M,147.62,61.66,0.83,-,1.48,9651.75,2895.52,-569.95%,140.65%,-,74.59%,-,11.78,0.00%,0
CEPU,2.23B,6.81,8.57,1.59,2.51,1.16,15.03,42.24,16.42%,-11.03%,23.37%,5.38%,10.33%,14.87,0.61%,"172,224"
CEPV,331.97M,97.48,-,-,-,1.31,11065.54,-,-,-,-,-,-,10.45,0.02%,"8,246"
CERS,615.13M,-,-,-,2.84,9.10,7.65,-,58.33%,90.00%,25.82%,-,17.53%,3.07,-0.65%,"1,922,363"
CERT,1.04B,-,16.11,3.38,2.47,1.01,6.94,11.67,-12.71%,7.79%,50.19%,4.76%,11.45%,6.67,-1.77%,"2,220,047"
CERY,-,-,-,-,-,-,-,-,-,-,-,-,-,35.43,0.80%,"189,933"
CET,1.57B,5.80,-,-,49.18,0.88,-,-,-,-,-,-,-,53.07,0.17%,"29,521"
CETX,4.65M,-,-,-,0.07,0.08,0.36,-,-,-,82.26%,-,11.94%,2.70,9.31%,"225,873"
CETY,11.48M,-,-,-,5.32,1.42,19.14,-,-,-,10.36%,-,8.98%,0.94,6.82%,"63,987"
CEV,74.56M,-,-,-,14.95,0.95,-,-,-,-,-,-,-,10.60,0.28%,"33,324"
CEVA,1.21B,-,53.10,1.57,10.79,3.59,5.62,-,25.73%,55.24%,-32.41%,33.89%,1.78%,43.53,1.92%,"584,775"
CEW,-,-,-,-,-,-,-,-,-,-,-,-,-,19.43,0.36%,"1,756"
CF,18.31B,10.71,10.57,-,2.47,3.43,8.97,11.30,79.38%,-34.33%,43.52%,-2.25%,11.43%,119.19,-1.43%,"1,848,364"
CFA,-,-,-,-,-,-,-,-,-,-,-,-,-,99.20,-0.18%,"4,067"
CFBK,210.94M,11.68,7.71,-,1.69,1.11,-,10.21,34.57%,16.02%,-9.71%,-,4.93%,32.40,1.00%,"58,140"
CFFI,250.84M,8.85,-,-,1.32,0.94,-,22.16,-,-,6.46%,-,4.09%,77.08,-0.99%,"7,199"
CFFN,1.08B,14.10,11.40,0.64,2.47,1.06,-,16.16,25.96%,13.74%,2.25%,17.80%,5.30%,8.49,0.00%,"480,413"
CFG,29.74B,16.65,10.94,0.46,2.45,1.25,-,11.89,35.15%,23.21%,11.73%,23.98%,9.35%,70.32,-0.06%,"4,941,188"
CFIT,-,-,-,-,-,-,-,-,-,-,-,-,-,25.85,0.16%,"8,441"
CFND,-,-,-,-,-,-,-,-,-,-,-,-,-,3.40,2.72%,"38,030"
CFO,-,-,-,-,-,-,-,-,-,-,-,-,-,80.39,-0.17%,"2,374"
CFR,9.88B,15.33,14.13,2.88,3.39,2.25,-,14.84,7.23%,4.73%,14.28%,4.90%,14.57%,157.38,-0.33%,"442,572"
CG,16.37B,31.08,8.88,0.65,3.91,3.03,5.92,10.80,-5.24%,34.47%,17.55%,13.58%,10.93%,45.48,3.04%,"2,536,417"
CGAU,3.18B,5.16,7.91,0.31,2.10,1.52,5.76,24.17,61.19%,13.16%,15.53%,25.17%,12.95%,16.02,0.95%,"1,272,275"
CGBD,724.16M,14.74,7.40,-,3.35,0.65,7.45,10.05,-11.64%,3.54%,65.88%,-2.61%,9.85%,10.42,-0.57%,"450,458"
CGBL,-,-,-,-,-,-,-,-,-,-,-,-,-,37.43,0.24%,"1,990,707"
CGC,401.09M,-,-,-,1.95,0.81,1.51,-,65.76%,13.19%,55.23%,54.77%,-13.01%,0.96,-0.14%,"1,569,012"
CGCB,-,-,-,-,-,-,-,-,-,-,-,-,-,26.02,0.27%,"1,099,112"
CGCFU,273.62M,-,-,-,-,38269.23,-,-,-,-,-,-,-,9.95,-0.10%,"16,206"
CGCP,-,-,-,-,-,-,-,-,-,-,-,-,-,22.15,0.23%,"1,680,680"
CGCV,-,-,-,-,-,-,-,-,-,-,-,-,-,32.85,-0.39%,"654,052"
CGDG,-,-,-,-,-,-,-,-,-,-,-,-,-,37.67,-0.08%,"901,868"
CGDV,-,-,-,-,-,-,-,-,-,-,-,-,-,49.01,-0.10%,"3,604,117"
CGEM,1.09B,-,-,-,-,3.01,3.10,-,9.68%,20.51%,-25.62%,3.86%,-,17.77,-0.56%,"636,865"
CGEN,217.47M,6.28,-,-,2.99,2.28,1.61,-,-176.54%,1.75%,-,-,105.20%,2.30,0.00%,"142,019"
CGGE,-,-,-,-,-,-,-,-,-,-,-,-,-,34.69,0.76%,"399,663"
CGGG,-,-,-,-,-,-,-,-,-,-,-,-,-,28.67,1.18%,"70,969"
CGGO,-,-,-,-,-,-,-,-,-,-,-,-,-,40.39,1.08%,"967,312"
CGGR,-,-,-,-,-,-,-,-,-,-,-,-,-,46.64,0.73%,"2,259,228"
CGHM,-,-,-,-,-,-,-,-,-,-,-,-,-,25.80,0.04%,"257,972"
CGHY,-,-,-,-,-,-,-,-,-,-,-,-,-,25.28,0.16%,"115,341"
CGIB,-,-,-,-,-,-,-,-,-,-,-,-,-,25.43,0.37%,"143,436"
CGIC,-,-,-,-,-,-,-,-,-,-,-,-,-,35.73,0.85%,"355,316"
CGIE,-,-,-,-,-,-,-,-,-,-,-,-,-,36.43,0.69%,"540,393"
CGMM,-,-,-,-,-,-,-,-,-,-,-,-,-,32.43,0.37%,"653,571"
CGMS,-,-,-,-,-,-,-,-,-,-,-,-,-,27.26,0.18%,"906,877"
CGMU,-,-,-,-,-,-,-,-,-,-,-,-,-,27.39,0.04%,"1,368,247"
CGNG,-,-,-,-,-,-,-,-,-,-,-,-,-,36.19,1.46%,"869,957"
CGNT,662.82M,-,11.74,-,1.62,3.42,6.07,23.69,60.71%,71.67%,-,-,-2.04%,9.07,0.33%,"797,207"
CGNX,10.82B,76.95,36.14,1.25,10.34,7.32,36.47,44.89,46.39%,20.50%,-7.50%,28.93%,4.16%,65.03,1.75%,"1,696,490"
CGO,130.60M,2.97,-,-,45.95,0.92,-,-,-,-,-,-,-,13.29,-0.67%,"21,491"
CGON,6.33B,-,-,-,1248.58,5.79,5.88,-,-31.40%,-3.81%,-65.75%,60.72%,-20.97%,71.77,-1.01%,"1,109,735"
CGOV,-,-,-,-,-,-,-,-,-,-,-,-,-,25.08,0.06%,"18,614"
CGRO,-,-,-,-,-,-,-,-,-,-,-,-,-,21.50,1.16%,17
CGSD,-,-,-,-,-,-,-,-,-,-,-,-,-,25.70,0.14%,"402,427"
CGSM,-,-,-,-,-,-,-,-,-,-,-,-,-,26.37,0.04%,"224,761"
CGTL,7.60M,-,-,-,2.80,3.28,379.86,-,-,-,-,-,13.56%,4.43,-1.34%,"24,828"
CGTX,90.40M,-,-,-,-,3.02,2.89,-,-0.78%,14.21%,10.12%,-10.35%,-,1.01,-0.98%,"1,302,884"
CGUI,-,-,-,-,-,-,-,-,-,-,-,-,-,25.31,0.00%,"95,298"
CGUS,-,-,-,-,-,-,-,-,-,-,-,-,-,44.51,0.16%,"899,308"
CGV,-,-,-,-,-,-,-,-,-,-,-,-,-,15.44,0.65%,"10,692"
CGVV,-,-,-,-,-,-,-,-,-,-,-,-,-,30.66,-0.16%,"45,277"
CGW,-,-,-,-,-,-,-,-,-,-,-,-,-,65.72,0.66%,"20,921"
CGXU,-,-,-,-,-,-,-,-,-,-,-,-,-,34.13,1.53%,"1,005,545"
CHA,1.42B,16.05,7.92,0.42,0.77,1.90,1.23,-,42.11%,9.84%,-,19.07%,-,11.28,-3.42%,"393,131"
CHAI,10.07M,-,-,-,1.04,-,4.01,-,-,-,94.73%,-,55.94%,0.46,-3.18%,"144,997"
CHAR,115.26M,40.13,-,-,-,1.34,-,-,-,-,-,-,-,10.80,-0.18%,8
CHAT,-,-,-,-,-,-,-,-,-,-,-,-,-,88.79,1.32%,"419,917"
CHAU,-,-,-,-,-,-,-,-,-,-,-,-,-,23.27,5.53%,"79,670"
CHCI,164.56M,9.65,-,-,2.43,2.29,8.38,-,-,-,46.20%,-,22.83%,16.04,4.22%,"25,891"
CHCO,1.89B,14.78,14.16,-,4.72,2.38,-,14.08,1.50%,4.57%,10.00%,-,8.83%,134.17,0.14%,"119,173"
CHCT,505.43M,162.00,-,-,4.12,1.20,192.91,14.46,-,-,-37.30%,-,9.87%,17.69,-2.10%,"164,663"
CHD,22.61B,31.47,23.70,3.34,3.64,5.40,44.91,21.19,6.36%,7.24%,-0.65%,7.10%,4.85%,95.41,-1.80%,"1,536,513"
CHDN,5.82B,15.48,11.18,1.26,1.98,5.33,20.00,10.31,14.07%,6.80%,-,8.87%,22.65%,83.50,-0.30%,"743,946"
CHE,6.53B,26.81,18.30,1.79,2.57,7.67,387.27,17.31,12.96%,10.43%,-1.20%,10.21%,4.00%,491.89,-0.08%,"165,917"
CHEC,175.51M,113.74,-,-,-,1.82,381.55,-,-,-,-,-,-,10.18,-0.29%,238
CHEF,4.03B,53.91,37.57,2.20,0.95,6.61,32.83,49.65,17.76%,17.53%,-,17.10%,30.14%,98.79,1.39%,"335,594"
CHGG,92.13M,-,-,-,0.29,0.76,1.40,-,-530.34%,17.91%,-80.95%,-,-10.17%,0.82,-2.63%,"964,825"
CHGX,-,-,-,-,-,-,-,-,-,-,-,-,-,32.75,-0.15%,"10,543"
CHH,4.93B,14.60,14.07,2.76,3.07,35.96,112.33,22.02,2.48%,8.25%,42.40%,5.09%,15.58%,108.32,-0.39%,"556,407"
CHI,1.06B,3.38,-,-,70.98,1.10,-,-,-,-,-,-,-,13.16,-0.75%,"113,188"
CHIQ,-,-,-,-,-,-,-,-,-,-,-,-,-,17.17,1.03%,"19,082"
CHKP,14.28B,14.09,12.00,7.60,5.18,5.07,5.16,11.28,-12.35%,9.53%,9.80%,1.58%,5.71%,137.02,2.01%,"1,240,629"
CHMG,360.33M,19.86,9.99,-,2.52,1.37,-,7.81,23.28%,4.62%,-4.76%,-,9.89%,74.76,-0.19%,"52,526"
CHMI,84.50M,19.69,3.83,-,0.81,0.69,1.06,2.72,13.83%,12.15%,52.67%,-,4.93%,2.30,1.32%,"118,547"
CHNL,-,-,-,-,-,-,-,-,-,-,-,-,-,19.06,5.56%,"8,664"
CHNR,4.73M,-,-,-,-,0.38,67.53,-,-,-,-,-,-,3.76,-2.34%,"42,692"
CHNU,-,-,-,-,-,-,-,-,-,-,-,-,-,15.88,9.89%,"1,811"
CHOW,13.36M,-,-,-,0.41,1.53,4.81,-,-,-,-,-,-,0.38,1.13%,"204,290"
CHPG,103.97M,55.76,-,-,-,1.37,5198.49,-,-,-,-,-,-,10.41,0.19%,901
CHPS,-,-,-,-,-,-,-,-,-,-,-,-,-,90.60,2.67%,"17,264"
CHPT,163.16M,-,-,-,0.39,-,1.70,-,35.36%,25.06%,51.83%,36.72%,22.93%,6.30,3.79%,"573,660"
CHPX,-,-,-,-,-,-,-,-,-,-,-,-,-,96.31,1.52%,"55,148"
CHPY,-,-,-,-,-,-,-,-,-,-,-,-,-,77.54,2.12%,"518,858"
CHR,4.34M,0.02,-,-,0.03,0.01,0.02,0.24,-,-,-43.40%,-,3.76%,1.85,-1.60%,"32,064"
CHRD,6.87B,-,8.70,0.47,1.29,0.85,30.42,13.71,102.52%,-27.36%,-,18.34%,38.63%,121.99,-0.30%,"580,947"
CHRI,-,-,-,-,-,-,-,-,-,-,-,-,-,89.38,0.43%,248
CHRN,3.34B,-,-,-,289.05,39.23,837.44,-,-,-,31.73%,-,7.58%,23.01,16.68%,"331,775"
CHRS,223.66M,-,-,-,4.77,2.84,1.34,-,34.94%,37.14%,-,32.26%,-38.41%,1.45,-1.36%,"421,901"
CHRW,23.53B,40.41,26.86,1.57,1.45,13.84,147.37,27.43,21.08%,20.60%,5.38%,17.07%,0.03%,199.61,1.58%,"1,842,603"
CHSN,3.90M,-,-,-,0.21,0.01,0.45,2.33,-,-,-,-,12.11%,1.07,-8.55%,"216,498"
CHT,32.15B,25.48,24.46,3.54,4.08,2.59,15.65,19.64,3.53%,3.51%,1.83%,6.90%,1.45%,41.44,-0.10%,"432,920"
CHTR,17.72B,3.46,2.86,0.22,0.32,0.96,28.48,4.40,12.51%,9.66%,18.65%,13.07%,2.63%,127.91,-2.63%,"1,929,949"
CHW,559.45M,3.06,-,-,41.59,0.93,-,-,-,-,-,-,-,8.76,-0.68%,"206,422"
CHWY,8.33B,33.78,18.64,0.55,0.65,19.66,16.02,14.25,51.82%,38.26%,-,33.78%,12.01%,20.35,0.15%,"7,078,319"
CHY,1.09B,3.25,-,-,67.45,1.07,-,-,-,-,-,-,-,13.60,-0.58%,"138,515"
CHYG,-,-,-,-,-,-,-,-,-,-,-,-,-,24.98,-0.14%,"113,612"
CHYM,8.18B,-,28.28,-,3.76,5.70,7.97,60.87,107.48%,137.72%,-,-,-,21.46,2.43%,"4,619,081"
CI,80.25B,12.85,9.07,1.22,0.29,1.90,-,10.48,2.07%,9.86%,-0.69%,7.41%,11.35%,303.35,-0.38%,"1,028,069"
CIA,279.57M,15.36,15.36,-,1.08,1.17,-,17.20,7.14%,20.00%,-,-,1.37%,5.53,-1.43%,"77,604"
CIB,9.14B,41.76,8.36,0.25,0.87,1.96,-,3.67,106.98%,8.53%,60.73%,33.32%,10.57%,82.10,2.09%,"173,317"
CIBR,-,-,-,-,-,-,-,-,-,-,-,-,-,94.73,3.15%,"1,366,831"
CIEG,-,-,-,-,-,-,-,-,-,-,-,-,-,7.73,0.65%,"274,864"
CIEI,-,-,-,-,-,-,-,-,-,-,-,-,-,25.03,0.27%,6
CIEN,63.26B,148.76,46.33,0.61,11.36,21.88,52.60,75.98,147.48%,47.63%,-18.19%,75.55%,6.19%,446.93,0.33%,"1,248,209"
CIEX,-,-,-,-,-,-,-,-,-,-,-,-,-,20.31,0.80%,"3,380"
CIFC,-,-,-,-,-,-,-,-,-,-,-,-,-,15.13,-1.28%,329
CIFG,-,-,-,-,-,-,-,-,-,-,-,-,-,8.50,-1.17%,"78,767"
CIFR,8.13B,-,-,-,38.74,11.28,2.14,-,57.79%,81.86%,-,-,-,19.87,-1.07%,"18,913,847"
CIFU,-,-,-,-,-,-,-,-,-,-,-,-,-,21.00,-0.66%,"266,954"
CIG,4.15B,7.01,10.26,-,0.52,1.13,12.09,6.98,-29.32%,-8.13%,9.56%,-3.63%,9.37%,2.18,2.35%,"4,087,086"
CIGI,4.86B,58.61,11.28,0.90,0.85,3.21,19.55,41.03,13.52%,12.82%,10.46%,12.60%,14.81%,95.09,-1.64%,"127,876"
CII,1.13B,5.09,-,-,138.25,1.14,-,-,-,-,-,-,-,25.88,0.90%,"67,549"
CIIT,4.18M,-,-,-,0.29,0.59,5.80,-,-,-,-61.15%,-,-,0.43,3.87%,"451,827"
CIK,136.05M,17.71,-,-,7.61,0.87,-,-,-,-,-,-,-,2.48,0.40%,"426,429"
CIM,1.09B,-,5.86,0.55,1.27,0.71,2.29,-,28.45%,3.08%,53.78%,10.67%,4.21%,13.04,1.09%,"663,559"
CINF,27.85B,10.29,19.72,6.07,2.15,1.77,-,8.10,9.81%,4.58%,15.17%,3.25%,10.88%,180.03,-1.45%,"563,308"
CING,63.44M,-,-,-,-,2.97,2.45,-,45.46%,50.58%,50.70%,36.63%,-,4.71,0.64%,"205,285"
CINT,433.80M,10.87,7.14,0.61,0.84,1.36,9.02,10.73,2.69%,17.85%,10.40%,11.61%,21.43%,3.37,1.81%,"145,368"
CION,319.65M,-,5.86,-,1.66,0.49,3.01,17.56,-41.57%,5.29%,-14.53%,-,16.46%,6.42,0.16%,"306,289"
CIR,-,-,-,-,-,-,-,-,-,-,-,-,-,20.84,-0.13%,"2,464"
CIRC,63.87M,-,-,-,0.15,-,798.43,-,-,-,21.24%,-,321.02%,0.71,3.57%,"3,306,075"
CISO,12.14M,-,-,-,0.47,0.88,18.97,-,-,-,1.95%,-,29.73%,0.27,-0.74%,"350,277"
CISS,0.85M,-,-,-,0.02,0.01,0.03,0.09,-,-,-,-,-,1.57,-2.48%,"451,792"
CITR,109.33M,-,-,-,62.12,10.76,25.48,-,-,-,-,-,-,4.89,-3.55%,"83,016"
CIVB,580.27M,10.29,9.62,-,2.24,1.05,-,11.07,1.79%,2.17%,5.78%,-,14.77%,27.92,0.14%,"134,295"
CIVG,-,-,-,-,-,-,-,-,-,-,-,-,-,24.98,0.09%,8
CIX,309.06M,15.30,-,-,1.95,2.20,6.25,16.69,-,-,13.77%,-,6.68%,25.08,-3.54%,"1,073"
CJMB,-,-,-,-,-,-,-,-,-,-,-,-,-,0.75,-1.09%,"4,783"
CJUL,-,-,-,-,-,-,-,-,-,-,-,-,-,25.23,0.60%,6
CJUN,-,-,-,-,-,-,-,-,-,-,-,-,-,25.06,0.12%,6
CKX,22.58M,7.66,-,-,34.21,1.08,1.26,77.86,-,-,53.14%,-,4.53%,11.00,0.00%,708
CL,72.84B,35.32,22.52,4.24,3.50,502.35,51.33,19.34,3.14%,6.20%,-3.47%,5.31%,4.35%,91.03,-2.34%,"3,770,642"
CLAR,125.32M,-,16.10,-,0.49,0.65,4.20,-,109.09%,84.09%,-,-,2.37%,3.26,-3.55%,"102,134"
CLB,532.42M,17.46,14.99,-,1.01,1.98,23.33,23.54,-36.13%,60.88%,-,-,1.56%,11.55,0.87%,"574,992"
CLBK,2.22B,38.86,27.77,-,4.33,1.90,-,34.59,36.20%,4.05%,-0.63%,-,9.23%,21.38,0.42%,"430,335"
CLBR,410.57M,-,-,-,-,1.38,1710.71,-,-,-,-,-,-,10.25,0.00%,8
CLBT,4.04B,56.77,36.64,1.63,8.13,7.91,9.41,25.44,5.79%,34.67%,46.15%,22.53%,19.53%,16.18,0.31%,"1,251,811"
CLCG,-,-,-,-,-,-,-,-,-,-,-,-,-,28.99,0.99%,304
CLCV,-,-,-,-,-,-,-,-,-,-,-,-,-,30.33,-0.53%,407
CLDI,2.35M,-,-,-,-,0.29,0.35,-,-,-,-,-,-,0.12,-8.06%,"3,170,324"
CLDT,619.00M,855.48,-,-,2.11,0.86,32.06,12.44,-157.14%,-37.50%,-,-,15.28%,13.26,3.03%,"418,460"
CLDX,3.00B,-,-,-,3443.73,5.57,6.71,-,-11.60%,-0.58%,-14.07%,7.31%,-26.93%,38.17,-0.93%,"702,069"
CLF,5.58B,-,23.02,-,0.30,0.96,124.10,-,83.02%,200.98%,-55.32%,-,28.89%,9.79,0.82%,"12,910,180"
CLFD,448.59M,-,27.00,-,3.29,1.85,4.93,27.88,190.95%,131.75%,-,-,10.03%,33.01,0.82%,"182,035"
CLGN,5.26M,-,-,-,13.50,1.08,1.14,-,-,-,-2.35%,-,-17.32%,0.37,3.02%,"8,500"
CLH,16.13B,41.32,32.12,2.28,2.66,5.81,24.10,34.60,18.77%,9.86%,24.62%,14.09%,13.91%,305.16,0.50%,"339,552"
CLIK,4.56M,-,-,-,-,0.18,3.51,-,-,-,-,-,-,1.40,-1.41%,"43,674"
CLIP,-,-,-,-,-,-,-,-,-,-,-,-,-,100.18,0.00%,"405,320"
CLIR,23.40M,-,-,-,4.66,2.63,3.02,-,0.51%,24.37%,16.73%,82.84%,-,3.71,2.49%,"10,555"
CLIX,-,-,-,-,-,-,-,-,-,-,-,-,-,58.52,0.71%,659
CLLS,207.95M,-,-,-,3.05,4.83,1.12,-,-32.96%,25.34%,18.84%,-25.41%,-0.34%,2.88,-0.86%,"15,960"
CLM,2.26B,6.95,-,-,86.38,1.13,-,-,-,-,-,-,-,7.58,0.00%,"4,282,281"
CLMB,475.72M,22.42,14.41,0.65,0.68,3.99,11.39,20.48,9.25%,27.93%,35.58%,22.24%,21.00%,25.58,0.83%,"95,683"
CLMT,3.45B,-,27.72,-,0.83,-,19.31,841.08,-247.05%,205.47%,26.87%,-,12.77%,39.57,-0.03%,"1,290,332"
CLNE,513.12M,-,43.15,0.33,1.17,0.92,4.00,17.90,-180.00%,775.00%,-82.87%,132.08%,8.05%,2.33,0.43%,"1,944,388"
CLNK,-,-,-,-,-,-,-,-,-,-,-,-,-,15.06,5.02%,"11,471"
CLNN,79.09M,-,-,-,608.42,-,13.32,-,32.60%,17.58%,34.50%,-,-0.59%,6.19,-3.13%,"73,125"
CLOA,-,-,-,-,-,-,-,-,-,-,-,-,-,51.83,0.03%,"301,544"
CLOB,-,-,-,-,-,-,-,-,-,-,-,-,-,50.35,0.03%,"5,114"
CLOC,-,-,-,-,-,-,-,-,-,-,-,-,-,25.00,-0.08%,"4,298"
CLOD,-,-,-,-,-,-,-,-,-,-,-,-,-,31.93,1.12%,"2,461"
CLOI,-,-,-,-,-,-,-,-,-,-,-,-,-,52.83,0.08%,"340,869"
CLOO,-,-,-,-,-,-,-,-,-,-,-,-,-,25.17,0.00%,6
CLOU,-,-,-,-,-,-,-,-,-,-,-,-,-,24.26,0.62%,"295,946"
CLOV,2.54B,-,95.20,1.86,1.15,6.96,-,46.55,7.17%,30.72%,35.85%,51.31%,22.90%,4.82,5.47%,"4,917,475"
CLOX,-,-,-,-,-,-,-,-,-,-,-,-,-,25.54,-0.04%,"49,296"
CLOZ,-,-,-,-,-,-,-,-,-,-,-,-,-,26.33,0.21%,"469,332"
CLPR,46.37M,-,-,-,0.31,-,0.85,-,-,-,-35.13%,-,4.51%,2.87,-0.35%,"60,350"
CLPS,25.29M,-,-,-,0.15,0.44,0.86,-,-,-,-,-,12.96%,0.85,2.45%,"9,743"
CLPT,478.64M,-,-,-,11.79,25.40,13.45,-,-23.70%,15.57%,-16.08%,1.12%,23.58%,15.96,-3.33%,"522,264"
CLRB,21.02M,-,-,-,-,3.96,2.52,-,74.01%,17.63%,48.41%,65.77%,-,2.63,0.00%,"44,285"
CLRO,17.71M,-,-,-,9.23,33.29,16.87,-,-,-,-,-,-,6.62,0.30%,"1,682,760"
CLRS,-,-,-,-,-,-,-,-,-,-,-,-,-,-,-,0
CLS,39.67B,41.70,22.75,0.50,2.88,18.91,104.94,80.55,69.70%,47.75%,72.48%,45.44%,16.60%,345.03,-0.04%,"1,256,103"
CLSE,-,-,-,-,-,-,-,-,-,-,-,-,-,34.15,0.23%,"186,277"
CLSK,3.45B,-,-,-,4.66,3.50,13.10,-,-386.19%,84.78%,-,-,138.03%,13.45,8.82%,"76,378,268"
CLSM,-,-,-,-,-,-,-,-,-,-,-,-,-,27.07,0.48%,"86,535"
CLST,67.87M,30.98,-,-,4.40,0.83,-,19.96,-,-,-,-,11.38%,16.75,-1.47%,"4,572"
CLSX,-,-,-,-,-,-,-,-,-,-,-,-,-,16.86,16.84%,"1,029,135"
CLUB,-,-,-,-,-,-,-,-,-,-,-,-,-,25.25,0.37%,450
CLVT,1.48B,-,2.94,0.35,0.61,0.31,6.12,4.44,7.34%,6.66%,16.31%,8.41%,14.38%,2.32,1.31%,"3,325,773"
CLW,242.52M,-,-,-,0.16,0.30,6.64,-,-2700.00%,66.85%,-,-,-3.60%,15.04,-0.99%,"116,711"
CLWT,12.01M,78.64,-,-,0.90,0.82,2.32,-,-,-,-26.95%,-,-0.14%,1.62,-1.82%,"39,845"
CLX,11.46B,15.39,15.64,-,1.69,-,9.65,30.15,-28.34%,9.47%,-2.39%,-5.55%,1.11%,94.75,-0.32%,"3,202,941"
CLYM,758.16M,-,-,-,-,4.27,6.92,-,0.88%,-20.06%,-0.24%,-17.95%,-,13.24,0.23%,"816,181"
CM,109.87B,16.22,14.85,1.14,2.47,2.53,-,5.07,19.83%,7.81%,15.01%,12.99%,18.91%,118.57,1.02%,"674,872"
CMAG,-,-,-,-,-,-,-,-,-,-,-,-,-,25.33,0.90%,"17,046"
CMAY,-,-,-,-,-,-,-,-,-,-,-,-,-,25.61,0.10%,6
CMBO,-,-,-,-,-,-,-,-,-,-,-,-,-,102.85,0.00%,"1,146"
CMBS,-,-,-,-,-,-,-,-,-,-,-,-,-,48.34,-0.08%,"33,627"
CMBT,4.58B,9.27,9.97,0.31,2.35,1.56,22.57,-,237.27%,-32.96%,-20.83%,32.10%,6.60%,15.78,2.20%,"921,578"
CMC,7.32B,12.47,9.37,0.32,0.83,1.62,13.00,18.08,103.55%,10.82%,-20.41%,29.42%,7.33%,66.19,3.96%,"1,401,815"
CMCI,-,-,-,-,-,-,-,-,-,-,-,-,-,28.90,0.66%,18
CMCL,329.67M,5.32,5.93,0.33,1.23,1.27,1.94,6.53,13.89%,-10.85%,10.56%,17.74%,21.75%,17.05,-1.62%,"279,920"
CMCM,31.39M,-,-,-,0.19,0.41,0.17,-,-,-,-,-,-6.58%,3.03,-1.30%,"2,909"
CMCO,380.01M,-,5.26,-,0.32,0.58,3.94,-,-5.75%,42.27%,-,-,12.93%,13.18,1.46%,"548,928"
CMCSA,82.84B,4.56,6.29,-,0.66,0.94,8.75,4.06,-19.43%,6.23%,18.80%,-2.26%,3.62%,23.19,-3.25%,"26,068,380"
CMCT,7.78M,-,-,-,0.07,0.04,0.21,-,-89.83%,84.76%,34.49%,-,9.00%,2.82,-13.76%,"53,595"
CMDB,482.16M,-,-,-,-,0.62,1.64,-,-,-,-,-,-,19.94,1.94%,"89,823"
CMDT,-,-,-,-,-,-,-,-,-,-,-,-,-,32.10,0.71%,"74,524"
CMDY,-,-,-,-,-,-,-,-,-,-,-,-,-,58.27,0.90%,"19,053"
CME,88.27B,20.79,18.95,2.65,13.06,3.31,35.00,20.39,9.04%,5.25%,13.70%,7.16%,5.95%,243.61,-0.61%,"1,873,819"
CMF,-,-,-,-,-,-,-,-,-,-,-,-,-,57.34,0.03%,"325,981"
CMG,46.73B,33.37,26.88,2.51,3.85,19.47,53.63,31.02,-3.03%,19.47%,35.50%,10.71%,14.79%,36.43,-0.55%,"17,566,512"
CMGG,-,-,-,-,-,-,-,-,-,-,-,-,-,17.03,-1.25%,"5,037"
CMI,93.22B,35.06,19.94,1.07,2.75,7.55,29.30,34.90,22.13%,16.52%,11.29%,18.72%,11.19%,675.54,1.68%,"776,880"
CMII,317.40M,-,-,-,-,1.37,266.72,-,-,-,-,-,-,10.13,0.10%,"89,953"
CMMB,11.02M,-,-,-,-,1.03,1.37,-,-11.11%,-50.00%,43.73%,-,-,1.53,-7.27%,"190,106"
CMND,2.87M,-,-,-,-,0.17,0.21,-,-,-,39.75%,-,-,1.93,-3.02%,"112,034"
CMP,1.25B,197.88,25.18,-,0.97,4.56,16.87,12.45,270.40%,44.71%,-,-,2.77%,29.80,0.91%,"283,778"
CMPR,2.39B,55.33,19.15,0.13,0.65,-,12.63,12.14,575.86%,31.25%,-27.84%,142.98%,6.52%,98.52,-1.38%,"108,518"
CMPS,1.81B,-,-,-,-,5.53,3.87,-,74.37%,-75.93%,-12.77%,56.76%,-,13.39,1.55%,"2,798,237"
CMPX,394.39M,-,-,-,-,2.12,2.03,-,-3.81%,-6.57%,5.72%,30.12%,-,2.19,-3.10%,"2,013,765"
CMRC,259.91M,-,6.67,0.19,0.75,5.54,1.66,8.27,67.03%,8.78%,15.35%,34.31%,17.58%,3.15,-1.56%,"408,590"
CMRE,1.84B,5.68,5.97,-,2.22,0.86,3.06,-,-18.43%,0.59%,-,-14.65%,12.96%,15.28,-1.16%,"433,082"
CMS,23.19B,20.78,17.98,2.35,2.63,2.51,88.19,-,7.59%,7.50%,5.98%,7.66%,5.88%,75.08,-0.88%,"2,334,222"
CMT,210.03M,21.24,11.80,-,0.78,1.28,8.93,-,-29.61%,86.92%,5.71%,-,4.25%,23.60,-0.08%,"22,315"
CMTG,322.50M,-,-,-,1.40,0.22,2.47,-,47.75%,57.12%,-,-,-5.88%,2.30,2.68%,"481,592"
CMTL,55.73M,-,-,-,0.12,1.06,1.96,3.63,65.32%,10.37%,-,42.81%,-4.13%,1.86,-2.11%,"247,862"
CMTV,218.68M,12.34,-,-,3.18,1.87,-,11.48,-,-,8.21%,-,11.35%,39.11,-1.83%,"12,079"
CNA,13.77B,11.41,10.66,-,0.92,1.27,-,6.36,-17.34%,17.18%,13.12%,-,6.76%,50.91,-1.93%,"539,184"
CNAV,-,-,-,-,-,-,-,-,-,-,-,-,-,43.40,3.39%,"9,538"
CNBS,-,-,-,-,-,-,-,-,-,-,-,-,-,27.32,-0.52%,"1,885"
CNC,33.93B,-,15.21,0.35,0.17,1.58,-,4.77,68.94%,28.55%,-,42.91%,11.88%,68.72,0.63%,"3,362,655"
CNCG,-,-,-,-,-,-,-,-,-,-,-,-,-,37.43,0.85%,181
CNCK,390.11M,-,110.26,-,-,3.42,1.04,-,18.35%,136.45%,-,-,-,2.87,7.09%,"57,838"
CNDT,238.85M,-,-,-,0.08,0.37,0.95,-,-0.78%,89.23%,-13.27%,-,-6.08%,1.54,0.65%,"1,751,946"
CNEQ,-,-,-,-,-,-,-,-,-,-,-,-,-,39.83,0.58%,"100,001"
CNET,3.55M,-,-,-,1.06,0.74,4.94,11.11,-,-,32.71%,-,-34.55%,0.97,-0.15%,"1,868"
CNEY,4.22M,0.12,-,-,0.12,0.04,10.82,-,-,-,-,-,23.31%,0.75,56.35%,"58,330,078"
CNF,15.30M,-,-,-,0.18,0.03,0.32,-,-,-,-,-,-20.82%,2.23,-13.56%,"22,201"
CNH,12.92B,33.79,14.78,0.71,0.71,1.66,5.52,10.26,-26.12%,73.51%,-,20.92%,-7.02%,10.42,0.00%,"7,469,508"
CNI,75.70B,22.71,20.03,2.42,6.05,4.93,180.27,29.29,2.99%,11.49%,7.72%,8.27%,3.75%,124.79,-0.41%,"1,231,192"
CNK,3.43B,23.61,12.15,0.32,1.07,9.00,13.11,13.18,107.93%,11.77%,-,37.64%,35.33%,29.37,0.75%,"2,077,477"
CNL,1.12B,-,-,-,-,8.95,9.91,-,32.63%,15.80%,-91.99%,23.13%,-,12.99,4.59%,"30,949"
CNM,8.75B,19.18,15.06,0.97,1.14,4.16,58.34,14.44,11.06%,17.04%,58.46%,15.51%,15.99%,45.22,1.07%,"1,633,725"
CNMD,1.26B,23.55,8.84,1.54,0.92,1.24,35.89,10.16,-5.41%,8.76%,36.14%,5.74%,9.82%,41.75,-1.56%,"994,270"
CNNE,653.39M,-,-,-,1.57,0.71,4.81,-,76.73%,21.14%,-,-,-6.27%,14.87,-0.13%,"434,409"
CNO,4.87B,20.91,10.55,1.41,1.08,1.96,-,7.08,0.53%,11.80%,1.73%,7.51%,3.32%,52.19,-0.02%,"1,014,802"
CNOB,1.63B,18.69,8.90,-,2.20,1.10,-,16.23,99.88%,11.79%,-1.79%,-,16.08%,32.41,0.43%,"268,049"
CNP,28.63B,26.80,21.00,2.36,3.04,2.50,23.64,-,8.47%,9.17%,-,8.89%,4.75%,43.76,-0.84%,"6,890,822"
CNQ,88.67B,12.75,12.20,1.07,3.17,2.78,153.14,18.35,63.49%,-17.65%,-,11.43%,17.11%,42.62,-1.00%,"8,713,432"
CNQQ,-,-,-,-,-,-,-,-,-,-,-,-,-,25.52,2.82%,"7,887"
CNR,4.36B,-,13.76,-,1.03,1.20,9.68,18.02,204.35%,102.05%,-51.45%,-,32.88%,86.47,3.12%,"471,127"
CNRG,-,-,-,-,-,-,-,-,-,-,-,-,-,101.00,2.81%,"6,401"
CNS,3.96B,25.51,19.94,-,6.80,7.03,74.62,20.56,14.72%,9.03%,13.58%,-,6.24%,77.07,0.65%,"270,062"
CNSP,7.10M,-,-,-,-,55.78,2.41,-,95.38%,-0.61%,85.25%,62.53%,-,4.86,-4.52%,"4,157"
CNTB,148.27M,-,-,-,644.66,3.46,3.22,-,-8.02%,14.73%,12.68%,3.33%,-,2.36,4.20%,"1,119,308"
CNTN,177.38M,-,-,-,-,0.28,4.27,-,-,-,58.22%,-,-,2.30,1.32%,"709,967"
CNTX,57.23M,-,-,-,-,1.10,1.05,-,-3.22%,-10.27%,-,-11.58%,-,0.62,-0.14%,"1,741,620"
CNTY,35.45M,-,-,-,0.06,-,0.59,-,22.12%,24.13%,-4.66%,44.79%,13.49%,1.26,1.61%,"65,907"
CNVS,61.35M,-,26.20,-,0.93,1.32,18.10,-,75.51%,183.33%,45.18%,-,15.91%,2.62,0.38%,"58,043"
CNX,4.58B,4.50,7.93,0.36,1.98,0.99,741.04,8.22,18.65%,35.54%,-,22.26%,14.56%,32.37,0.09%,"1,527,318"
CNXC,1.44B,-,2.04,-,0.14,0.53,5.24,2.80,-2.23%,5.52%,-,-,15.80%,23.57,-5.27%,"1,465,318"
CNXN,1.96B,22.55,18.32,-,0.68,2.12,4.76,15.73,14.10%,7.90%,9.06%,-,2.09%,77.59,-1.15%,"99,470"
CNXT,-,-,-,-,-,-,-,-,-,-,-,-,-,54.91,3.96%,"129,926"
CNXU,254.20M,-,-,-,-,35.32,34.82,-,-,-,-,-,-,9.50,-8.12%,"151,614"
CNYA,-,-,-,-,-,-,-,-,-,-,-,-,-,36.64,2.74%,"136,562"
COAG,2.02B,-,-,-,-,-,12.37,-,95.91%,10.41%,-,63.92%,-,43.31,9.62%,"323,847"
COAL,-,-,-,-,-,-,-,-,-,-,-,-,-,23.61,2.93%,"137,846"
COCH,58.33M,-,-,-,253.60,5.74,2.31,-,-,-,-,-,-,0.76,9.37%,"1,171,194"
COCO,4.23B,53.63,37.77,1.60,6.42,12.00,20.81,65.53,46.07%,12.76%,15.11%,23.66%,14.44%,74.03,-0.81%,"1,056,192"
COCP,12.97M,-,-,-,56.38,3.15,2.72,-,12.18%,6.57%,17.90%,3.54%,-,0.94,-2.05%,"61,485"
CODA,112.80M,22.87,17.09,1.02,4.04,1.84,3.68,18.86,28.38%,23.16%,4.39%,16.83%,5.79%,10.00,1.63%,"114,648"
CODI,733.55M,-,34.82,-,0.40,-,12.07,72.56,289.18%,-0.88%,-60.18%,-,6.62%,9.75,-1.81%,"669,321"
CODX,9.47M,-,-,-,18.57,0.58,1.15,-,-,-,-,-,-64.54%,2.57,-1.53%,"67,870"
COE,69.61M,-,-,-,0.64,-,1.96,-,-,-,-,-,-20.27%,16.34,-5.39%,"15,726"
COF,126.46B,72.37,8.52,0.67,1.69,1.13,-,4.63,-0.20%,23.09%,-4.88%,12.74%,16.93%,205.29,1.12%,"4,173,851"
COFS,492.53M,8.87,8.93,-,2.04,1.05,-,16.70,-1.99%,2.13%,-0.58%,-,23.64%,32.89,-1.23%,"49,812"
COGT,6.58B,-,-,-,-,12.12,7.59,-,-3.94%,65.17%,30.89%,-,-,38.51,2.80%,"2,076,049"
COHC,-,-,-,-,-,-,-,-,-,-,-,-,-,21.24,2.58%,710
COHH,-,-,-,-,-,-,-,-,-,-,-,-,-,8.45,2.48%,"229,782"
COHN,35.12M,2.65,-,-,0.08,0.67,1.85,0.12,-,-,-10.71%,-,19.63%,13.99,2.87%,"16,135"
COHR,60.80B,148.37,37.25,0.70,9.21,5.69,24.72,-,54.52%,52.97%,8.01%,53.56%,19.54%,310.77,1.10%,"3,093,676"
COHU,2.63B,-,37.75,-,5.47,3.42,5.38,65.51,363.07%,155.29%,-36.97%,-,-6.56%,55.78,5.62%,"1,163,425"
COHX,-,-,-,-,-,-,-,-,-,-,-,-,-,33.77,2.09%,"335,214"
COIA,-,-,-,-,-,-,-,-,-,-,-,-,-,7.77,5.00%,"90,578"
COIG,-,-,-,-,-,-,-,-,-,-,-,-,-,5.00,5.04%,"95,897"
COIN,42.55B,60.73,31.97,2.37,6.43,3.16,3.96,24.22,-88.23%,864.46%,52.26%,13.51%,41.24%,161.50,2.62%,"7,407,823"
COIW,-,-,-,-,-,-,-,-,-,-,-,-,-,8.81,3.16%,"144,824"
COIX,-,-,-,-,-,-,-,-,-,-,-,-,-,31.32,5.11%,"4,023"
COKE,11.79B,25.86,-,-,1.57,-,50.62,17.73,-,-,30.04%,-,7.62%,177.15,-0.48%,"530,991"
COLA,47.96M,88.92,-,-,-,2.32,479.55,-,-,-,-,-,-,10.67,-0.09%,89
COLB,9.34B,12.87,9.55,1.97,2.75,1.22,-,8.80,-2.46%,10.95%,1.17%,4.84%,38.87%,32.25,0.84%,"2,074,045"
COLD,4.54B,-,82.87,-,1.74,1.61,113.89,12.28,108.44%,468.15%,-,-,5.53%,15.90,1.34%,"4,681,507"
COLL,1.14B,17.14,4.66,-,1.43,3.63,2.57,3.44,4.89%,-3.50%,17.92%,-6.63%,20.28%,35.02,0.57%,"552,746"
COLM,3.21B,19.89,14.85,2.61,0.94,2.03,5.99,18.39,4.23%,9.78%,14.88%,5.68%,6.31%,62.70,-1.60%,"398,486"
COLO,-,-,-,-,-,-,-,-,-,-,-,-,-,44.36,1.60%,"71,306"
COM,-,-,-,-,-,-,-,-,-,-,-,-,-,33.62,0.34%,"31,754"
COMB,-,-,-,-,-,-,-,-,-,-,-,-,-,25.53,1.31%,"20,057"
COMD,-,-,-,-,-,-,-,-,-,-,-,-,-,27.25,1.19%,914
COMP,8.84B,1091.59,37.84,-,1.06,3.09,18.27,559.81,225.97%,145.02%,31.41%,-,13.35%,11.68,1.57%,"7,960,498"
COMT,-,-,-,-,-,-,-,-,-,-,-,-,-,32.35,0.59%,"464,337"
CON,3.95B,22.65,18.28,1.68,1.77,9.31,64.08,18.74,10.50%,11.67%,-6.16%,10.89%,5.72%,30.90,-1.56%,"1,029,582"
CONI,-,-,-,-,-,-,-,-,-,-,-,-,-,50.05,-4.99%,"77,661"
CONL,-,-,-,-,-,-,-,-,-,-,-,-,-,5.11,5.36%,"19,225,798"
CONX,-,-,-,-,-,-,-,-,-,-,-,-,-,6.17,5.11%,"76,135"
CONY,-,-,-,-,-,-,-,-,-,-,-,-,-,19.90,2.26%,"360,679"
COO,13.36B,57.86,13.69,1.39,3.16,1.62,96.13,23.46,12.34%,8.16%,9.30%,9.84%,10.98%,68.51,-3.94%,"2,191,677"
COOK,185.80M,-,100.98,-,0.36,1.05,5.51,3.66,65.69%,132.13%,-,-,0.50%,66.79,-3.50%,"118,801"
COOT,19.95M,-,-,-,0.74,6.89,26.61,-,-,-,7.22%,-,-,0.43,-5.02%,"26,215"
COP,136.29B,19.02,12.93,0.90,2.36,2.11,21.42,23.29,54.25%,-8.92%,-,14.32%,25.63%,111.87,-0.87%,"6,455,507"
COPA,-,-,-,-,-,-,-,-,-,-,-,-,-,48.65,5.49%,"3,641"
COPJ,-,-,-,-,-,-,-,-,-,-,-,-,-,40.29,4.55%,"88,933"
COPL,191.24M,351.18,-,-,-,11.15,-,-,-,-,-,-,-,10.43,0.00%,16
COPP,-,-,-,-,-,-,-,-,-,-,-,-,-,38.45,4.06%,"207,074"
COPR,52.95M,-,-,-,-,-,330.93,-,-21.74%,25.00%,25.25%,-,-,2.99,-14.57%,"74,739"
COPX,-,-,-,-,-,-,-,-,-,-,-,-,-,78.72,5.88%,"5,014,942"
COPY,-,-,-,-,-,-,-,-,-,-,-,-,-,15.19,-0.03%,"68,716"
COPZ,-,-,-,-,-,-,-,-,-,-,-,-,-,14.29,11.82%,"13,469"
COR,58.81B,23.19,15.24,1.35,0.18,17.31,26.30,37.75,11.16%,11.48%,-,11.29%,11.09%,302.28,-1.26%,"1,141,781"
CORB,-,-,-,-,-,-,-,-,-,-,-,-,-,29.24,0.28%,"245,757"
CORD,-,-,-,-,-,-,-,-,-,-,-,-,-,7.63,8.00%,"2,479,519"
CORN,-,-,-,-,-,-,-,-,-,-,-,-,-,17.49,-0.34%,"215,256"
CORO,-,-,-,-,-,-,-,-,-,-,-,-,-,35.87,0.93%,"1,738,975"
CORP,-,-,-,-,-,-,-,-,-,-,-,-,-,95.64,0.25%,"32,864"
CORT,9.71B,258.49,34.61,0.39,12.63,15.22,28.72,81.08,-28.59%,346.42%,-0.84%,87.68%,16.56%,90.47,5.32%,"1,159,606"
CORZ,7.02B,-,50.15,-,19.80,-,6.59,-,-20.13%,141.66%,-435.73%,-,-,22.09,-2.73%,"6,777,485"
COSM,19.06M,-,4.39,-,0.27,0.77,8.70,-,101.59%,600.00%,-,-,3.33%,0.31,-0.42%,"7,118,171"
COSO,322.33M,12.07,10.17,-,2.33,1.21,-,-,7.41%,12.28%,22.07%,-,25.35%,26.49,-0.53%,"54,451"
COST,408.78B,46.36,40.64,3.66,1.39,12.20,20.44,46.42,12.79%,10.43%,15.09%,11.10%,10.54%,921.75,-0.51%,"2,409,202"
COSW,-,-,-,-,-,-,-,-,-,-,-,-,-,39.11,-0.68%,"2,846"
COTG,-,-,-,-,-,-,-,-,-,-,-,-,-,12.23,-0.98%,"41,292"
COTY,1.98B,-,6.53,0.31,0.34,0.64,7.33,6.38,-2.03%,59.98%,19.99%,21.15%,4.55%,2.25,0.45%,"7,113,090"
COUR,1.64B,-,7.42,0.32,2.11,1.53,2.07,23.87,40.99%,39.98%,9.17%,22.96%,20.88%,5.71,0.71%,"6,416,261"
COWG,-,-,-,-,-,-,-,-,-,-,-,-,-,38.95,0.98%,"198,806"
COWS,-,-,-,-,-,-,-,-,-,-,-,-,-,36.80,-0.65%,"2,664"
COWZ,-,-,-,-,-,-,-,-,-,-,-,-,-,63.83,-1.08%,"1,066,428"
COYA,114.23M,-,-,-,14.39,2.33,2.25,-,-6.86%,-2.54%,-75.69%,4.68%,-,4.87,0.31%,"441,275"
COYY,-,-,-,-,-,-,-,-,-,-,-,-,-,18.00,0.87%,"11,108"
COZX,-,-,-,-,-,-,-,-,-,-,-,-,-,15.91,-5.47%,"18,425"
CP,81.10B,28.16,21.74,1.61,7.48,2.45,276.71,54.88,11.00%,15.46%,3.74%,13.50%,13.42%,91.35,0.00%,"2,358,753"
CPA,6.06B,8.58,7.43,0.61,1.61,2.09,4.54,-,3.60%,17.51%,-,12.27%,35.20%,147.32,2.27%,"362,072"
CPAC,1.01B,19.60,17.55,-,1.62,2.81,45.04,14.60,-20.70%,60.15%,21.16%,-,9.86%,11.96,1.79%,"14,697"
CPAG,-,-,-,-,-,-,-,-,-,-,-,-,-,101.92,0.27%,"2,773"
CPAI,-,-,-,-,-,-,-,-,-,-,-,-,-,51.49,0.86%,"33,712"
CPAY,23.28B,21.29,11.63,0.63,4.87,6.71,2.64,17.77,25.18%,14.39%,13.14%,18.51%,13.65%,356.16,-1.63%,"350,500"
CPB,6.59B,10.87,11.35,-,0.66,1.64,16.39,9.65,-26.78%,-10.47%,0.70%,-11.56%,3.36%,22.10,-0.23%,"4,674,728"
CPBI,81.56M,18.68,-,-,2.69,0.86,-,14.91,-,-,5.25%,-,17.94%,19.50,-1.27%,"2,405"
CPER,-,-,-,-,-,-,-,-,-,-,-,-,-,38.54,1.58%,"389,603"
CPF,999.41M,12.77,10.75,-,2.74,1.68,-,11.33,13.72%,9.53%,16.71%,-,7.40%,38.29,-0.16%,"97,360"
CPHC,81.48M,-,-,-,1.36,0.97,3.81,16.60,-,-,-,-,12.44%,15.82,0.13%,"1,112"
CPHI,24.92M,-,-,-,6.24,0.67,146.57,166.11,-,-,53.14%,-,-17.53%,0.61,-1.63%,"298,038"
CPHY,-,-,-,-,-,-,-,-,-,-,-,-,-,51.60,0.16%,"1,113"
CPII,-,-,-,-,-,-,-,-,-,-,-,-,-,18.95,-0.42%,89
CPIX,104.66M,-,-,-,2.50,4.84,9.51,76.39,-,-,2.82%,-,3.52%,6.99,6.80%,"121,914"
CPK,3.15B,21.02,17.88,1.89,3.20,1.91,669.73,-,7.25%,13.78%,7.03%,9.45%,13.76%,131.13,-2.08%,"197,867"
CPLB,-,-,-,-,-,-,-,-,-,-,-,-,-,20.82,0.22%,"38,803"
CPLS,-,-,-,-,-,-,-,-,-,-,-,-,-,34.78,0.25%,"2,772"
CPNG,31.84B,-,49.75,0.55,0.91,8.17,4.98,111.59,-312.00%,252.92%,-,90.25%,23.61%,17.74,-1.00%,"29,011,745"
CPNJ,-,-,-,-,-,-,-,-,-,-,-,-,-,27.61,0.18%,"6,213"
CPNM,-,-,-,-,-,-,-,-,-,-,-,-,-,26.80,0.04%,"6,949"
CPNQ,-,-,-,-,-,-,-,-,-,-,-,-,-,27.43,0.15%,539
CPNS,-,-,-,-,-,-,-,-,-,-,-,-,-,28.17,-0.00%,"2,541"
CPNX,-,-,-,-,-,-,-,-,-,-,-,-,-,16.45,-1.83%,"6,775"
CPOP,5.18M,-,-,-,0.04,0.07,0.74,-,-,-,-,-,46.99%,0.49,6.29%,"11,789,968"
CPRA,-,-,-,-,-,-,-,-,-,-,-,-,-,27.71,0.14%,10
CPRI,1.91B,21.77,6.52,0.31,0.55,24.01,13.21,136.97,42.43%,19.70%,-,20.78%,-3.07%,16.68,-4.52%,"3,193,586"
CPRJ,-,-,-,-,-,-,-,-,-,-,-,-,-,27.62,0.13%,"20,063"
CPRO,-,-,-,-,-,-,-,-,-,-,-,-,-,28.24,0.09%,572
CPRT,25.48B,17.15,16.39,3.16,5.49,2.90,6.07,19.02,-0.33%,5.96%,16.72%,5.18%,16.07%,27.52,0.27%,"9,606,390"
CPRX,3.85B,18.10,13.08,0.85,6.46,3.80,5.10,18.52,16.27%,23.21%,19.00%,15.37%,37.68%,31.49,0.03%,"15,513,864"
CPRY,-,-,-,-,-,-,-,-,-,-,-,-,-,28.03,0.10%,6
CPS,489.16M,-,6.10,-,0.18,-,4.03,-,242.20%,83.65%,56.98%,-,2.90%,27.55,1.96%,"179,648"
CPSA,-,-,-,-,-,-,-,-,-,-,-,-,-,27.84,-0.00%,"20,011"
CPSD,-,-,-,-,-,-,-,-,-,-,-,-,-,26.80,0.07%,"1,741"
CPSF,-,-,-,-,-,-,-,-,-,-,-,-,-,26.28,0.06%,"1,681"
CPSH,89.02M,825.00,25.67,-,2.77,3.41,7.11,989.08,33.33%,350.00%,-16.68%,-,9.32%,4.62,2.21%,"316,948"
CPSJ,-,-,-,-,-,-,-,-,-,-,-,-,-,27.78,0.20%,"12,648"
CPSL,-,-,-,-,-,-,-,-,-,-,-,-,-,28.05,0.11%,"25,786"
CPSM,-,-,-,-,-,-,-,-,-,-,-,-,-,29.33,0.13%,"2,379"
CPSN,-,-,-,-,-,-,-,-,-,-,-,-,-,27.77,-0.02%,"2,392"
CPSO,-,-,-,-,-,-,-,-,-,-,-,-,-,27.94,0.04%,"1,577"
CPSP,-,-,-,-,-,-,-,-,-,-,-,-,-,26.98,0.07%,"1,630"
CPSR,-,-,-,-,-,-,-,-,-,-,-,-,-,25.91,0.10%,"1,796"
CPSS,206.14M,11.24,-,-,0.47,0.66,1.11,0.69,-,-,-2.33%,-,7.31%,9.50,5.20%,"19,861"
CPST,-,-,-,-,-,-,-,-,-,-,-,-,-,27.91,0.05%,"1,929"
CPSU,-,-,-,-,-,-,-,-,-,-,-,-,-,27.73,0.16%,313
CPSY,-,-,-,-,-,-,-,-,-,-,-,-,-,25.77,0.12%,"1,705"
CPT,15.28B,31.57,93.45,-,9.65,2.92,117.25,41.24,-68.28%,7.67%,23.26%,-23.67%,8.46%,112.98,-1.06%,"1,234,879"
CPXR,-,-,-,-,-,-,-,-,-,-,-,-,-,30.22,2.82%,"16,549"
CPZ,255.22M,61.90,-,-,-,-,-,-,-,-,-,-,-,13.00,-0.46%,"59,194"
CQP,31.21B,14.99,14.66,-,2.75,10.63,103.68,10.98,-21.90%,8.93%,14.40%,-5.69%,12.72%,64.47,0.48%,"60,020"
CQQQ,-,-,-,-,-,-,-,-,-,-,-,-,-,54.01,1.52%,"1,541,874"
CQTM,-,-,-,-,-,-,-,-,-,-,-,-,-,25.12,-0.24%,"39,841"
CR,12.50B,39.62,28.15,2.17,5.12,5.96,35.17,34.58,12.91%,12.59%,15.24%,13.00%,-3.55%,216.47,0.29%,"492,344"
CRAC,226.82M,217.13,-,-,-,1.08,-,-,-,-,-,-,-,10.14,0.00%,"10,870"
CRAI,1.06B,22.81,17.04,-,1.38,5.33,32.64,-,4.46%,12.06%,21.53%,-,8.13%,164.12,-2.89%,"221,637"
CRAK,-,-,-,-,-,-,-,-,-,-,-,-,-,52.68,1.39%,"214,414"
CRAN,368.15M,152.62,-,-,-,1.42,188.79,-,-,-,-,-,-,10.18,-0.20%,226
CRAQ,321.27M,46.05,-,-,-,1.41,334.66,-,-,-,-,-,-,10.32,-0.33%,14
CRBG,13.68B,51.56,5.29,0.36,0.75,1.36,-,8.35,3.17%,27.23%,-,14.51%,3.75%,30.68,-0.45%,"5,212,237"
CRBN,-,-,-,-,-,-,-,-,-,-,-,-,-,252.89,0.53%,"4,168"
CRBP,167.30M,-,-,-,-,1.27,1.21,-,21.34%,-10.99%,32.70%,2.38%,-,9.03,-0.11%,"326,580"
CRBU,173.57M,-,-,-,15.50,1.66,1.48,-,24.91%,-18.93%,-22.62%,-3.70%,-2.03%,1.75,-2.78%,"3,961,253"
CRC,4.65B,-,13.26,0.82,1.34,1.59,116.14,11.91,35.95%,-29.39%,-28.73%,16.10%,16.16%,52.32,-1.91%,"773,093"
CRCA,-,-,-,-,-,-,-,-,-,-,-,-,-,12.70,0.40%,"1,926,395"
CRCD,-,-,-,-,-,-,-,-,-,-,-,-,-,6.57,-0.30%,"1,818,027"
CRCG,-,-,-,-,-,-,-,-,-,-,-,-,-,8.56,0.35%,"4,604,531"
CRCL,15.71B,-,37.94,-,5.49,4.57,10.35,32.03,300.01%,89.33%,-,-,-,63.22,0.35%,"15,796,927"
CRCO,-,-,-,-,-,-,-,-,-,-,-,-,-,13.00,-0.08%,"43,953"
CRCT,940.34M,13.13,22.97,-,1.33,2.63,3.68,6.85,-45.00%,1.30%,-12.60%,-18.42%,-5.87%,4.48,-0.88%,"349,105"
CRD,-,-,-,-,-,-,-,-,-,-,-,-,-,24.95,-,"9,582"
CRD-A,519.22M,30.88,10.49,-,0.40,3.03,8.06,4.76,0.73%,14.18%,-5.79%,-,5.27%,10.98,-0.90%,"40,093"
CRD-B,512.17M,28.12,9.55,-,0.39,2.76,7.95,4.69,0.73%,14.18%,-5.79%,-,5.27%,10.00,-2.25%,"1,985"
CRDD,-,-,-,-,-,-,-,-,-,-,-,-,-,13.08,3.45%,"1,398"
CRDF,89.57M,-,-,-,168.99,2.58,1.94,-,1.32%,-20.42%,8.71%,-17.89%,10.13%,1.31,-2.96%,"664,644"
CRDL,132.56M,-,-,-,-,7.42,6.68,-,-29.85%,47.08%,11.60%,-,-,1.15,8.49%,"3,334,147"
CRDO,44.04B,95.24,26.41,0.60,32.99,21.22,30.52,108.21,76.40%,46.52%,-,44.25%,86.80%,236.18,-0.30%,"4,162,756"
CRDT,-,-,-,-,-,-,-,-,-,-,-,-,-,23.44,1.29%,"1,174"
CRDU,-,-,-,-,-,-,-,-,-,-,-,-,-,68.76,-1.15%,"363,345"
CRDX,-,-,-,-,-,-,-,-,-,-,-,-,-,7.48,6.70%,"44,778"
CRE,6.38M,8.47,-,-,0.38,0.97,0.91,4.59,-,-,-,-,-,3.17,1.28%,"20,276"
CRED,-,-,-,-,-,-,-,-,-,-,-,-,-,22.83,0.09%,28
CREG,4.20M,-,-,-,12.00,0.02,0.03,1.94,-,-,-,-,-,1.53,-7.27%,"53,836"
CRESY,707.73M,4.95,-,-,0.85,0.73,1.49,6.67,-,-,4.48%,-,-15.36%,10.91,2.25%,"254,510"
CREX,43.62M,-,13.94,-,0.68,2.69,23.84,-,2.95%,141.54%,30.38%,-,26.80%,3.33,-6.20%,"35,662"
CRF,1.17B,7.10,-,-,86.12,1.11,-,-,-,-,-,-,-,7.24,0.00%,"4,067,939"
CRGO,64.61M,-,-,-,2.18,1.71,2.42,-,30.00%,79.59%,6.03%,-,21.52%,1.25,0.81%,"54,678"
CRGY,3.31B,-,4.65,0.77,0.87,0.71,217.49,4.86,28.34%,-6.84%,-,6.06%,36.54%,10.01,0.20%,"4,205,473"
CRH,69.43B,19.25,15.59,1.54,1.82,3.01,21.17,22.16,6.43%,12.46%,30.98%,10.12%,6.30%,103.91,1.17%,"3,385,088"
CRI,1.40B,15.33,10.40,2.21,0.47,1.51,2.96,11.02,-5.91%,11.90%,0.20%,4.70%,-0.85%,38.00,-1.50%,"840,861"
CRIB,-,-,-,-,-,-,-,-,-,-,-,-,-,25.47,0.14%,7
CRIS,9.07M,-,-,-,1.28,0.73,0.60,-,-172.41%,35.76%,45.78%,-27.42%,-2.71%,4.65,-2.11%,"73,296"
CRK,3.81B,6.13,14.38,0.39,1.90,1.38,257.75,-,-9.73%,85.13%,-,37.19%,17.58%,12.98,-1.96%,"2,624,878"
CRL,11.14B,-,18.72,2.00,2.77,3.79,57.48,28.46,8.03%,11.19%,-,9.34%,6.55%,231.21,0.64%,"964,835"
CRM,137.23B,19.40,10.72,0.84,3.20,4.01,11.59,9.36,13.06%,10.39%,12.24%,12.72%,14.34%,167.56,-2.14%,"13,507,932"
CRMD,648.80M,3.94,93.98,-,1.62,1.48,3.63,3.33,-75.29%,-82.54%,-,-,319.75%,8.27,-0.60%,"806,842"
CRMG,-,-,-,-,-,-,-,-,-,-,-,-,-,4.63,-4.14%,"6,742,233"
CRML,1.16B,-,-,-,-,6.69,14.39,-,-140.74%,68.46%,-461.53%,-,-,7.93,6.44%,"4,330,858"
CRMT,35.53M,-,-,-,0.03,0.07,0.15,2.52,95.92%,-229.93%,-20.61%,-,13.31%,4.28,41.72%,"5,360,330"
CRMU,-,-,-,-,-,-,-,-,-,-,-,-,-,3.48,13.92%,"134,105"
CRMX,-,-,-,-,-,-,-,-,-,-,-,-,-,8.08,10.99%,"83,429"
CRNC,462.73M,-,13.36,0.92,1.53,2.92,4.27,6.16,4.10%,7.99%,2.93%,14.52%,-5.32%,10.24,-0.68%,"493,774"
CRNT,206.75M,-,10.95,-,0.62,1.21,5.28,8.56,48.89%,56.72%,35.62%,-,5.20%,2.30,0.44%,"251,962"
CRNX,8.86B,-,-,-,490.31,6.88,6.86,-,4.46%,13.26%,-15.33%,22.41%,-,83.71,0.05%,"5,086,341"
CRON,1.03B,-,25.77,-,6.44,0.96,1.25,38.73,569.88%,13.54%,34.75%,-,25.70%,2.75,0.00%,"550,515"
CROX,6.52B,-,9.03,1.75,1.62,4.64,49.80,10.14,9.24%,6.28%,-,5.16%,23.86%,131.17,0.54%,"798,218"
CRPT,-,-,-,-,-,-,-,-,-,-,-,-,-,12.10,3.42%,"73,997"
CRS,28.66B,60.72,44.65,1.65,9.46,13.86,97.23,70.35,41.54%,22.05%,217.98%,27.11%,5.70%,576.87,1.77%,"532,732"
CRSH,-,-,-,-,-,-,-,-,-,-,-,-,-,20.63,-0.29%,"4,903"
CRSP,4.87B,-,-,-,1187.03,2.68,1.99,-,25.11%,23.64%,-4.10%,26.62%,37.31%,50.46,-0.34%,"1,726,808"
CRSR,1.03B,115.29,12.58,1.38,0.71,1.59,8.63,22.85,14.99%,7.63%,-,9.12%,-2.86%,9.65,1.90%,"1,071,294"
CRT,55.98M,17.44,-,-,12.41,26.34,37.32,-,-,-,-0.80%,-,1.72%,9.33,0.86%,"9,464"
CRTC,-,-,-,-,-,-,-,-,-,-,-,-,-,39.18,0.32%,"9,280"
CRTO,1.12B,10.46,4.60,0.71,0.58,0.99,3.22,6.26,-8.41%,15.14%,17.43%,6.43%,-1.33%,22.39,-3.82%,"321,190"
CRUC,-,-,-,-,-,-,-,-,-,-,-,-,-,18.57,-12.74%,9
CRUS,6.93B,17.51,14.60,-,3.47,3.27,7.81,10.89,-4.42%,6.27%,16.74%,-,7.84%,137.36,-6.25%,"972,759"
CRUX,-,-,-,-,-,-,-,-,-,-,-,-,-,29.66,0.17%,"160,708"
CRVL,3.17B,29.04,-,-,3.30,8.02,13.59,28.71,-,-,20.24%,-,11.64%,62.08,-1.88%,"149,383"
CRVO,41.66M,-,-,-,19.93,2.69,3.22,-,9.83%,11.62%,33.23%,7.92%,-,3.08,-6.95%,"892,964"
CRVS,1.26B,-,-,-,-,5.23,5.32,-,-258.33%,-25.46%,-21.44%,-,-,14.97,1.77%,"1,432,133"
CRWC,-,-,-,-,-,-,-,-,-,-,-,-,-,31.01,-,"8,088"
CRWD,214.58B,-,135.45,4.65,42.12,46.30,46.73,149.92,32.04%,26.36%,-8.78%,29.10%,40.64%,210.73,12.14%,"12,139,544"
CRWG,-,-,-,-,-,-,-,-,-,-,-,-,-,19.59,-8.24%,"1,412,284"
CRWL,-,-,-,-,-,-,-,-,-,-,-,-,-,75.78,23.72%,"233,311"
CRWS,31.64M,17.13,-,-,0.38,1.04,158.20,4.27,-,-,-22.00%,-,0.77%,2.94,-1.34%,"29,906"
CRWU,-,-,-,-,-,-,-,-,-,-,-,-,-,3.74,-8.11%,"4,551,813"
CRWV,43.61B,-,-,-,7.00,8.94,14.33,-,-137.91%,66.62%,-,-,-,79.94,-4.05%,"25,969,037"
CRWX,-,-,-,-,-,-,-,-,-,-,-,-,-,20.99,-8.01%,"10,004"
CRXP,-,-,-,-,-,-,-,-,-,-,-,-,-,19.68,-0.01%,"50,313"
CRY,-,-,-,-,-,-,-,-,-,-,-,-,-,18.19,-0.51%,"19,918"
CSAI,10.59M,-,-,-,2.09,1.14,1.25,-,43.64%,33.87%,-28.36%,58.26%,123.42%,0.42,6.80%,"260,395"
CSAN,3.01B,-,8.94,-,0.41,4.50,0.73,104.40,90.80%,297.15%,-,-,22.54%,3.07,0.33%,"1,101,074"
CSB,-,-,-,-,-,-,-,-,-,-,-,-,-,66.05,0.07%,"4,755"
CSBR,78.60M,-,-,-,1.36,18.35,11.02,20.58,-,-,-,-,12.13%,5.66,-2.58%,"31,473"
CSCL,-,-,-,-,-,-,-,-,-,-,-,-,-,61.60,-3.78%,"25,529"
CSCO,461.50B,38.17,24.47,2.14,7.60,9.44,27.73,39.15,12.22%,11.91%,-0.69%,11.45%,2.82%,117.09,-1.81%,"21,935,646"
CSCS,-,-,-,-,-,-,-,-,-,-,-,-,-,13.17,1.80%,"3,645"
CSD,-,-,-,-,-,-,-,-,-,-,-,-,-,137.52,0.41%,"19,878"
CSEN,-,-,-,-,-,-,-,-,-,-,-,-,-,24.33,0.84%,"38,049"
CSEX,-,-,-,-,-,-,-,-,-,-,-,-,-,16.49,-0.12%,"89,982"
CSGP,11.30B,459.04,15.61,0.42,3.31,1.42,8.59,24.40,56.21%,30.46%,-51.08%,37.14%,14.37%,27.68,-3.79%,"14,088,957"
CSHI,-,-,-,-,-,-,-,-,-,-,-,-,-,49.88,0.03%,"392,505"
CSHP,-,-,-,-,-,-,-,-,-,-,-,-,-,99.29,0.16%,"1,371"
CSHR,578.51M,23.25,-,-,-,0.56,6427.92,-,-,-,-,-,-,4.39,4.03%,"209,095"
CSIO,-,-,-,-,-,-,-,-,-,-,-,-,-,28.92,0.41%,"1,950"
CSIQ,1.03B,-,11.66,-,0.19,0.36,0.55,-,65.79%,252.36%,-,-,9.98%,15.19,3.12%,"2,822,859"
CSL,13.69B,19.74,14.46,1.35,2.75,8.29,17.75,14.83,7.55%,12.12%,24.22%,10.73%,4.79%,338.35,1.55%,"371,741"
CSM,-,-,-,-,-,-,-,-,-,-,-,-,-,86.06,0.09%,"9,632"
CSMD,-,-,-,-,-,-,-,-,-,-,-,-,-,34.77,0.40%,"31,162"
CSNR,-,-,-,-,-,-,-,-,-,-,-,-,-,34.53,1.05%,"5,968"
CSPF,-,-,-,-,-,-,-,-,-,-,-,-,-,26.07,0.19%,"34,361"
CSPI,81.98M,-,-,-,1.41,1.82,3.55,-,-,-,44.10%,-,-1.01%,8.14,-1.57%,"35,534"
CSQ,3.28B,3.09,-,-,41.66,0.94,-,-,-,-,-,-,-,20.46,-0.44%,"151,578"
CSR,976.39M,-,-,-,2.78,1.33,95.07,16.27,-202.65%,60.73%,-,-,14.68%,55.15,-1.13%,"177,879"
CSRE,-,-,-,-,-,-,-,-,-,-,-,-,-,28.85,-0.17%,"72,119"
CSSD,-,-,-,-,-,-,-,-,-,-,-,-,-,25.17,0.10%,"5,921"
CSTE,88.17M,-,-,-,0.23,0.75,1.69,-,-,-,-,-,-3.97%,2.55,0.00%,"259,139"
CSTK,-,-,-,-,-,-,-,-,-,-,-,-,-,32.94,-0.16%,314
CSTL,701.23M,-,-,-,2.06,1.52,2.68,155.14,-77.95%,35.22%,-8.93%,13.44%,40.60%,23.12,0.61%,"251,257"
CSTM,3.97B,9.41,11.27,0.35,0.44,3.55,27.76,22.56,155.32%,-18.03%,-,31.92%,8.68%,29.16,1.21%,"1,758,219"
CSV,607.75M,13.83,10.18,-,1.46,2.28,208.85,15.03,7.87%,8.98%,29.65%,-,4.87%,38.29,-2.84%,"158,124"
CSW,4.78B,43.83,22.20,1.85,4.41,4.56,141.40,36.10,15.83%,9.71%,20.39%,11.97%,20.89%,292.85,3.46%,"152,914"
CSWC,1.49B,12.60,10.35,-,6.04,1.43,50.43,13.49,-3.48%,0.95%,-6.58%,-,32.81%,23.90,1.06%,"544,235"
CSX,92.76B,30.53,22.52,1.53,6.55,6.83,83.64,48.72,21.09%,13.72%,5.15%,14.72%,5.89%,49.92,0.56%,"11,198,408"
CTA,-,-,-,-,-,-,-,-,-,-,-,-,-,26.89,1.17%,"356,909"
CTAA,165.86M,-,-,-,-,1.38,106.32,-,-,-,-,-,-,9.94,0.30%,6
CTAP,-,-,-,-,-,-,-,-,-,-,-,-,-,27.50,1.36%,"34,956"
CTAS,73.75B,38.90,33.93,2.98,6.69,15.40,402.55,41.22,11.27%,10.97%,16.77%,11.40%,7.85%,184.33,0.32%,"3,092,744"
CTBI,1.31B,12.63,11.51,-,3.17,1.51,-,13.02,13.01%,2.28%,10.15%,-,12.39%,72.25,0.01%,"120,393"
CTEC,-,-,-,-,-,-,-,-,-,-,-,-,-,58.94,2.79%,"1,365"
CTEF,-,-,-,-,-,-,-,-,-,-,-,-,-,90.35,0.53%,788
CTEV,483.48M,-,-,-,0.49,-,13.92,-,7.93%,12.89%,17.12%,8.96%,0.58%,28.36,-4.96%,"218,354"
CTEX,-,-,-,-,-,-,-,-,-,-,-,-,-,37.97,2.95%,327
CTGO,553.32M,-,3.97,-,-,1.62,5.67,-,160.27%,155.41%,-,-,-,17.11,5.29%,"298,238"
CTIF,-,-,-,-,-,-,-,-,-,-,-,-,-,52.55,0.42%,13
CTJL,-,-,-,-,-,-,-,-,-,-,-,-,-,25.25,0.54%,6
CTJN,-,-,-,-,-,-,-,-,-,-,-,-,-,24.98,0.12%,6
CTKB,596.64M,-,-,-,2.92,1.82,2.28,-,32.69%,23.81%,-,23.81%,16.76%,4.62,2.44%,"987,882"
CTM,60.62M,-,32.01,-,1.09,1.68,3.84,36.08,0.00%,0.00%,31.45%,-,31.71%,0.64,1.73%,"1,005,275"
CTMA,-,-,-,-,-,-,-,-,-,-,-,-,-,25.46,0.11%,207
CTMX,796.79M,-,-,-,22.42,2.49,2.30,-,-177.09%,-19.39%,27.00%,-,-5.36%,3.66,-1.08%,"4,612,566"
CTNM,544.72M,-,-,-,-,2.18,2.21,-,24.10%,-10.11%,-,4.19%,-,14.57,-0.34%,"255,832"
CTNT,5.09M,-,-,-,5.65,0.01,0.12,-,99.19%,39.01%,-8.85%,-,-33.56%,1.72,6.83%,"248,441"
CTO,730.06M,102.22,37.69,-,4.71,1.25,38.69,14.83,462.50%,27.41%,-57.20%,-,21.54%,21.61,0.79%,"301,039"
CTOR,60.43M,-,6.50,-,10.77,1.71,22.98,-,-52.94%,119.23%,-309.67%,-,-,0.65,-7.78%,"34,453"
CTOS,2.40B,-,44.02,-,1.21,2.98,250.15,-,179.43%,115.93%,20.60%,-,45.05%,10.57,-0.94%,"1,030,224"
CTRE,9.57B,25.93,25.18,8.45,18.30,2.22,42.85,24.09,-4.66%,7.42%,13.11%,2.98%,21.73%,40.49,0.40%,"2,008,533"
CTRI,2.65B,77.66,26.46,0.61,0.84,3.07,43.96,-,66.17%,39.03%,-21.00%,43.48%,8.89%,26.28,1.58%,"1,470,723"
CTRM,20.00M,1.64,-,-,0.24,0.04,0.09,1.02,-,-,-,-,45.64%,2.07,0.98%,"16,628"
CTRN,526.28M,45.19,26.60,-,0.62,4.21,6.49,18.31,345.54%,51.27%,-23.03%,-,0.92%,63.18,6.72%,"230,779"
CTS,1.72B,25.58,20.78,-,3.09,3.08,18.90,19.60,8.97%,18.93%,15.54%,-,5.03%,60.05,1.66%,"175,766"
CTSH,20.39B,9.34,6.97,0.76,0.95,1.35,13.44,8.26,7.85%,8.39%,12.13%,9.15%,4.86%,43.03,-2.56%,"8,502,831"
CTSO,24.41M,-,12.95,-,0.66,11.11,5.08,-,-30.77%,117.65%,8.19%,-,-2.00%,0.39,2.24%,"69,255"
CTVA,56.79B,49.86,20.47,1.77,3.17,2.34,26.50,27.76,12.28%,10.64%,12.11%,11.54%,4.12%,84.91,-1.35%,"2,884,369"
CTW,165.36M,41.80,132.50,-,1.83,5.75,13.37,-,-200.00%,133.33%,-,-,-,2.65,8.16%,"7,521"
CTWO,-,-,-,-,-,-,-,-,-,-,-,-,-,17.60,3.83%,"2,807"
CTXR,14.60M,-,-,-,2.60,0.19,3.18,-,44.67%,56.68%,21.29%,-,-,0.53,-1.48%,"179,805"
CUB,282.43M,41.84,-,-,-,1.39,2353.56,-,-,-,-,-,-,10.80,-0.14%,"4,592"
CUBE,9.21B,28.33,27.03,16.48,8.14,3.46,972.98,16.22,0.40%,2.26%,11.38%,1.64%,10.58%,40.52,-0.22%,"2,473,131"
CUBI,2.58B,9.68,7.99,0.41,1.72,1.20,-,6.11,33.59%,14.24%,9.00%,19.46%,19.25%,76.29,0.18%,"200,690"
CUE,131.38M,-,-,-,4.01,4.71,8.02,-,20.95%,-42.32%,29.04%,-,54.16%,31.28,1.16%,"163,143"
CULP,47.99M,-,37.90,-,0.24,1.00,4.92,-,141.98%,-70.59%,-,-,-7.45%,3.79,9.54%,"138,025"
CUPR,3.77M,-,-,-,94.22,2.79,1.56,-,-,-,-75.01%,-,-3.22%,4.09,-5.54%,"22,263"
CURB,3.46B,98.86,187.93,-,16.99,1.69,11.31,34.73,-57.80%,3.33%,-,-,-,30.32,0.03%,"1,116,905"
CURE,-,-,-,-,-,-,-,-,-,-,-,-,-,110.62,-5.67%,"80,340"
CURI,154.74M,-,14.91,-,2.16,4.24,7.57,12.56,175.00%,112.12%,37.69%,-,12.58%,2.61,1.56%,"193,263"
CURR,332.35M,-,-,-,8.79,-,4.41,45.03,-,-,-155.82%,-,-,2.96,3.86%,"33,713"
CURV,202.03M,-,54.66,-,0.21,-,8.69,50.26,67.35%,262.50%,-,-,0.54%,2.03,1.50%,"132,494"
CURX,5.95M,-,-,-,-,0.74,1.48,-,-,-,-,-,-,0.21,-0.43%,"39,217"
CUSD,-,-,-,-,-,-,-,-,-,-,-,-,-,19.56,0.00%,0
CUST,-,-,-,-,-,-,-,-,-,-,-,-,-,25.04,0.07%,8
CUT,-,-,-,-,-,-,-,-,-,-,-,-,-,27.83,0.52%,"1,073"
CUZ,5.11B,-,77.93,3.13,5.08,1.13,810.95,40.73,-65.39%,379.68%,-24.70%,24.92%,6.07%,31.05,1.80%,"1,334,926"
CV,317.76M,-,-,-,23.43,15.68,17.72,-,49.51%,19.23%,-,-,-,6.36,2.25%,"76,552"
CVAR,-,-,-,-,-,-,-,-,-,-,-,-,-,29.03,-0.95%,"1,546"
CVBF,3.99B,14.82,11.95,-,6.11,1.32,-,16.79,-5.15%,31.10%,3.19%,-,6.49%,22.59,0.62%,"1,157,925"
CVCO,4.33B,23.43,19.55,1.63,1.93,3.94,15.85,18.66,-0.13%,19.98%,23.80%,11.96%,15.25%,561.83,1.22%,"144,052"
CVE,51.40B,15.09,11.03,0.54,1.46,2.21,27.86,16.38,101.26%,-21.14%,-,20.59%,28.64%,27.51,-0.36%,"6,613,924"
CVEO,350.40M,-,46.41,-,0.52,2.18,21.17,176.08,30.50%,162.44%,30.28%,-,3.82%,32.02,2.79%,"108,750"
CVGD,-,-,-,-,-,-,-,-,-,-,-,-,-,25.64,-0.56%,"4,465"
CVGI,175.67M,-,49.76,-,0.27,1.17,6.13,9.54,76.04%,184.06%,10.87%,-,-1.99%,4.81,-2.04%,"275,993"
CVI,3.38B,-,21.18,-,0.45,6.27,6.59,15.21,96.17%,3489.27%,-,-,12.75%,33.58,0.36%,"1,103,966"
CVIE,-,-,-,-,-,-,-,-,-,-,-,-,-,83.43,1.31%,"14,872"
CVKD,6.94M,-,-,-,-,3.38,3.00,-,16.82%,38.08%,-,26.75%,-,2.42,0.00%,"49,432"
CVLC,-,-,-,-,-,-,-,-,-,-,-,-,-,94.27,0.38%,"8,040"
CVLG,1.17B,319.53,16.21,0.43,0.97,2.86,104.04,-,14.38%,63.81%,-,37.76%,6.79%,46.46,0.52%,"112,616"
CVLT,6.16B,93.95,24.47,1.12,5.20,818.22,6.84,25.96,20.34%,16.05%,-,21.77%,10.35%,148.63,-0.01%,"782,774"
CVM,20.10M,-,-,-,-,1.42,10.63,-,-,-,23.99%,-,-,1.15,-5.74%,"321,741"
CVMC,-,-,-,-,-,-,-,-,-,-,-,-,-,75.61,-0.09%,"3,437"
CVNA,77.20B,35.32,34.34,2.21,3.43,13.53,25.70,104.32,-9.85%,34.54%,-,15.57%,29.47%,70.38,8.29%,"9,811,606"
CVNY,-,-,-,-,-,-,-,-,-,-,-,-,-,22.40,6.19%,"11,323"
CVR,9.51M,-,-,-,0.35,0.52,6.56,-,-,-,-,-,0.22%,9.85,-1.01%,"3,974"
CVRD,-,-,-,-,-,-,-,-,-,-,-,-,-,17.98,-0.61%,16
CVRT,-,-,-,-,-,-,-,-,-,-,-,-,-,49.03,0.89%,"3,453"
CVRX,136.93M,-,-,-,2.32,4.68,1.89,-,3.81%,3.42%,-22.44%,6.50%,56.40%,5.16,-4.97%,"221,290"
CVS,135.48B,46.63,12.60,0.99,0.33,1.75,11.47,18.32,10.25%,13.20%,-23.94%,12.73%,8.40%,106.18,0.26%,"11,396,145"
CVSA,4.50B,22.29,14.86,1.04,2.35,3.30,30.21,13.37,20.76%,10.34%,10.18%,14.30%,11.19%,132.11,-0.80%,"252,407"
CVSB,-,-,-,-,-,-,-,-,-,-,-,-,-,50.66,0.06%,"20,300"
CVSM,-,-,-,-,-,-,-,-,-,-,-,-,-,26.01,0.03%,"6,384"
CVU,69.61M,40.29,-,-,0.98,2.55,69.61,-,-,-,26.51%,-,-4.59%,5.27,0.96%,"27,185"
CVV,49.97M,-,-,-,2.59,2.15,6.09,-,-,-,24.09%,-,8.79%,7.20,3.90%,"51,696"
CVX,361.99B,31.54,14.60,0.74,1.92,1.97,65.51,25.91,93.24%,-11.61%,-,19.81%,14.35%,181.76,-0.24%,"6,823,340"
CVY,-,-,-,-,-,-,-,-,-,-,-,-,-,29.61,0.02%,"2,014"
CW,27.79B,55.09,44.01,3.24,7.70,10.56,80.90,47.03,15.18%,12.17%,21.83%,13.58%,7.91%,752.17,1.64%,"146,389"
CWB,-,-,-,-,-,-,-,-,-,-,-,-,-,104.14,0.27%,"553,447"
CWBC,729.09M,12.41,8.94,-,3.66,1.23,-,17.76,10.30%,36.17%,4.35%,-,19.71%,26.87,-0.78%,"299,114"
CWCO,462.25M,26.79,21.24,-,3.60,2.07,3.66,16.59,-23.28%,52.81%,36.13%,-,12.70%,28.89,-0.03%,"90,615"
CWD,6.34M,-,-,-,0.37,5.01,1.37,-,-,-,-8.25%,-,-11.91%,0.72,4.06%,"330,714"
CWEB,-,-,-,-,-,-,-,-,-,-,-,-,-,21.54,-0.32%,"392,083"
CWEN,7.07B,555.65,31.97,54.18,4.82,2.36,10.40,10.78,-172.07%,204.56%,45.81%,0.59%,2.44%,34.45,3.80%,"1,267,687"
CWH,636.45M,-,5.55,0.05,0.10,1.83,3.18,-,242.09%,71.39%,-,102.55%,3.18%,6.18,0.65%,"2,243,744"
CWI,-,-,-,-,-,-,-,-,-,-,-,-,-,40.21,1.03%,"231,738"
CWK,3.02B,41.04,7.52,0.10,0.29,1.54,4.87,24.74,321.56%,17.33%,-,77.90%,5.58%,12.87,-3.38%,"1,607,048"
CWS,-,-,-,-,-,-,-,-,-,-,-,-,-,68.01,-0.79%,"13,502"
CWST,6.14B,859.71,55.52,3.79,3.27,3.91,48.35,59.96,6.81%,28.09%,-41.82%,14.63%,18.85%,96.46,-1.66%,"508,590"
CWT,2.99B,25.09,17.92,-,2.96,1.78,28.85,-,21.86%,6.49%,1.81%,-,4.72%,50.01,0.02%,"275,751"
CWVX,-,-,-,-,-,-,-,-,-,-,-,-,-,16.13,-8.72%,"1,278,271"
CWY,-,-,-,-,-,-,-,-,-,-,-,-,-,18.20,-1.37%,"1,038"
CX,19.35B,41.04,13.80,0.72,1.16,1.40,28.17,14.16,25.53%,11.93%,-,19.12%,4.73%,12.80,2.81%,"7,024,096"
CXAI,10.52M,-,-,-,2.44,0.54,0.85,-,56.90%,32.00%,-37.19%,-,-,0.15,1.01%,"2,452,182"
CXDO,258.35M,56.17,15.36,0.80,3.55,3.55,35.63,27.84,16.95%,23.28%,-18.86%,19.22%,32.99%,7.97,-2.92%,"294,444"
CXII,594.38M,-,-,-,-,-,-,-,-,-,-,-,-,10.70,0.47%,756
CXM,1.33B,50.67,10.44,1.35,1.53,2.72,2.99,10.47,-0.06%,11.10%,-,7.72%,17.24%,5.68,-0.87%,"3,090,946"
CXRN,-,-,-,-,-,-,-,-,-,-,-,-,-,16.40,-1.53%,"2,480"
CXSE,-,-,-,-,-,-,-,-,-,-,-,-,-,38.63,2.26%,"13,669"
CXT,2.92B,22.64,10.70,1.49,1.70,2.35,12.57,14.12,4.28%,11.80%,-4.06%,7.20%,-9.71%,50.66,0.38%,"548,304"
CXW,3.10B,25.36,15.89,-,1.33,2.22,13.82,118.77,49.07%,22.57%,19.27%,-,3.02%,31.36,-0.22%,"821,752"
CYAB,5.11M,-,-,-,3.60,-,1.54,-,-,-,-1101.65%,-,-,0.36,8.96%,"498,042"
CYCN,16.58M,-,-,-,8.33,2.39,5.88,-,-,-,53.53%,-,-2.01%,3.83,0.26%,"30,566"
CYCU,5.58M,-,-,-,0.38,0.15,2.75,-,82.56%,26.07%,-393.32%,-,-,0.49,9.15%,"922,642"
CYD,1.71B,22.89,11.08,0.36,0.48,1.24,1.51,-,58.93%,22.12%,0.47%,30.48%,2.84%,45.45,2.30%,"90,795"
CYH,449.52M,0.93,29.07,-,0.04,-,0.63,-,-148.34%,119.08%,-2.98%,-,1.15%,3.19,-8.33%,"3,218,807"
CYN,17.74M,-,-,-,63.37,0.33,0.40,-,-,-,73.94%,-,-,1.23,0.82%,"89,244"
CYPH,77.91M,-,-,-,-,0.81,11.65,-,-828.57%,82.35%,-,-,-,0.73,4.74%,"2,022,489"
CYRX,809.96M,-,-,-,4.43,1.79,2.01,-,-155.63%,15.98%,13.68%,-,17.49%,16.07,2.29%,"501,274"
CYTK,10.19B,-,-,-,96.35,-,12.41,-,3.13%,26.49%,-27.07%,32.56%,9.54%,81.93,-0.38%,"1,439,629"
CZA,-,-,-,-,-,-,-,-,-,-,-,-,-,123.18,-0.47%,854
CZAR,-,-,-,-,-,-,-,-,-,-,-,-,-,31.91,0.03%,10
CZFS,342.69M,8.70,8.58,-,1.96,1.00,-,8.48,8.01%,0.97%,3.96%,-,16.35%,71.32,0.03%,"7,867"
CZNC,410.83M,21.16,8.49,-,2.28,1.22,-,11.19,6.49%,37.06%,2.38%,-,10.83%,22.93,-0.43%,"45,770"
CZR,6.08B,-,86.36,-,0.53,1.78,6.34,12.26,78.63%,166.83%,29.15%,-,25.92%,29.85,0.64%,"2,807,947"
CZWI,221.53M,15.03,10.37,-,2.24,1.16,-,20.08,24.66%,21.70%,5.01%,-,4.23%,22.97,-0.61%,"41,896"
D,62.71B,21.09,18.70,3.15,3.53,2.23,128.77,-,4.93%,6.23%,-,5.94%,3.41%,71.30,0.71%,"4,544,172"
DAAQ,239.43M,44.85,-,-,-,1.39,392.50,-,-,-,-,-,-,10.41,-0.26%,"53,546"
DABS,-,-,-,-,-,-,-,-,-,-,-,-,-,50.46,0.18%,"9,636"
DAC,2.36B,4.57,4.73,1.68,2.26,0.60,2.31,7.89,5.99%,-1.74%,32.68%,2.81%,17.70%,129.59,0.19%,"67,040"
DADS,-,-,-,-,-,-,-,-,-,-,-,-,-,19.99,0.60%,428
DAIC,1.73M,-,-,-,0.32,-,2.03,-,-,-,-326.98%,-,-,1.43,2.88%,"76,449"
DAIO,31.94M,-,22.67,-,1.72,3.05,5.59,-,43.51%,150.00%,-3.36%,-,1.13%,3.40,1.80%,"40,738"
DAK,-,-,-,-,-,-,-,-,-,-,-,-,-,29.23,0.21%,554
DAKT,957.97M,21.62,13.53,-,1.14,3.18,7.28,27.93,13.02%,23.60%,30.62%,-,11.71%,19.84,-1.83%,"545,646"
DAL,56.23B,14.21,9.74,0.48,0.82,2.58,11.84,16.49,13.36%,33.05%,-,20.10%,29.96%,85.51,-0.79%,"6,732,350"
DALI,-,-,-,-,-,-,-,-,-,-,-,-,-,28.66,1.22%,"6,415"
DAMD,-,-,-,-,-,-,-,-,-,-,-,-,-,1.49,-4.49%,"51,017,096"
DAN,2.91B,-,7.52,0.06,0.38,1.51,6.03,19.03,558.22%,47.75%,-,125.89%,1.08%,27.07,-0.62%,"989,010"
DANA,-,-,-,-,-,-,-,-,-,-,-,-,-,25.08,0.06%,9
DAO,436.36M,169.91,40.47,0.76,0.52,-,5.89,-,61.35%,60.77%,-,53.20%,17.56%,13.95,1.31%,"27,565"
DAPP,-,-,-,-,-,-,-,-,-,-,-,-,-,18.26,2.18%,"246,293"
DAPR,-,-,-,-,-,-,-,-,-,-,-,-,-,41.05,0.17%,"2,679"
DAR,9.83B,44.50,12.68,0.10,1.56,2.02,71.09,17.82,1040.85%,9.61%,-26.07%,129.98%,11.37%,61.83,-0.32%,"1,544,430"
DARE,31.01M,-,-,-,26.73,41.07,1.67,-,21.11%,49.30%,35.73%,-,-,2.07,-0.96%,"61,329"
DARP,-,-,-,-,-,-,-,-,-,-,-,-,-,57.65,1.57%,"1,167"
DASH,81.82B,89.45,42.02,0.85,5.56,8.03,14.03,46.70,18.80%,76.60%,-,49.28%,36.58%,187.79,-0.94%,"3,099,210"
DAT,-,-,-,-,-,-,-,-,-,-,-,-,-,44.74,-0.18%,121
DAUG,-,-,-,-,-,-,-,-,-,-,-,-,-,47.07,0.14%,"2,233"
DAVA,121.58M,-,3.60,-,0.12,0.70,1.90,5.73,-58.78%,26.77%,-1.44%,-10.43%,17.72%,2.85,0.00%,"332,655"
DAVE,5.30B,26.81,21.57,0.92,8.77,26.02,30.14,16.24,17.78%,21.32%,-,23.38%,37.95%,417.00,7.04%,"437,425"
DAX,-,-,-,-,-,-,-,-,-,-,-,-,-,44.27,0.23%,"46,011"
DB,67.05B,10.46,8.17,0.79,0.98,0.86,-,-,2.02%,15.67%,67.82%,10.37%,13.67%,35.64,1.14%,"2,947,204"
DBA,-,-,-,-,-,-,-,-,-,-,-,-,-,27.63,-0.32%,"602,654"
DBAW,-,-,-,-,-,-,-,-,-,-,-,-,-,47.72,0.64%,"36,372"
DBB,-,-,-,-,-,-,-,-,-,-,-,-,-,24.62,0.57%,"191,702"
DBC,-,-,-,-,-,-,-,-,-,-,-,-,-,28.63,1.06%,"868,242"
DBCA,432.28M,-,-,-,-,1.49,847.61,-,-,-,-,-,-,9.99,0.00%,"53,701"
DBD,2.96B,29.08,12.60,-,0.77,2.91,7.93,10.52,-1.79%,23.74%,-,-,-0.49%,85.57,-0.07%,"153,745"
DBE,-,-,-,-,-,-,-,-,-,-,-,-,-,29.52,1.79%,"23,919"
DBEF,-,-,-,-,-,-,-,-,-,-,-,-,-,54.66,0.44%,"612,095"
DBEM,-,-,-,-,-,-,-,-,-,-,-,-,-,39.12,1.10%,"3,731"
DBEU,-,-,-,-,-,-,-,-,-,-,-,-,-,53.45,0.06%,"9,933"
DBEZ,-,-,-,-,-,-,-,-,-,-,-,-,-,61.88,0.33%,740
DBGI,16.78M,-,-,-,2.46,3.08,3.28,-,-,-,89.01%,-,7.09%,0.73,3.83%,"183,191"
DBI,269.63M,28.08,9.12,0.12,0.09,0.96,5.38,3.65,143.09%,49.78%,52.12%,74.58%,5.30%,5.31,-0.93%,"434,735"
DBJP,-,-,-,-,-,-,-,-,-,-,-,-,-,115.05,1.15%,"21,557"
DBL,281.75M,21.27,-,-,-,-,-,-,-,-,-,-,-,14.25,0.00%,"42,189"
DBMF,-,-,-,-,-,-,-,-,-,-,-,-,-,31.02,0.10%,"1,430,671"
DBND,-,-,-,-,-,-,-,-,-,-,-,-,-,45.15,0.20%,"56,301"
DBO,-,-,-,-,-,-,-,-,-,-,-,-,-,19.98,1.99%,"718,577"
DBP,-,-,-,-,-,-,-,-,-,-,-,-,-,93.32,1.58%,"351,659"
DBRG,2.96B,32.36,-,-,6.08,2.19,7.08,17.60,-,-,-,-,2.46%,15.73,0.25%,"2,434,116"
DBVT,942.30M,-,-,-,-,4.53,4.11,-,9.76%,48.87%,18.68%,-,-,15.92,-0.38%,"252,506"
DBX,6.74B,16.36,8.66,1.12,2.67,-,5.23,6.88,8.76%,12.08%,-,7.76%,5.66%,29.97,1.32%,"4,079,540"
DC,586.61M,-,-,-,-,3.06,5.49,-,12.14%,23.77%,-151.43%,18.32%,-,4.38,0.92%,"1,135,163"
DCBO,463.69M,15.69,9.21,0.45,1.85,-,7.34,10.35,20.92%,18.81%,-,20.59%,31.00%,18.27,-4.30%,"50,123"
DCGO,63.69M,-,-,-,0.21,0.48,1.79,3.83,81.25%,35.51%,-49.56%,-,27.91%,0.64,1.18%,"393,504"
DCH,1.23B,-,4.70,0.12,0.18,0.82,1.22,101.42,52.22%,36.32%,49.29%,39.29%,4.38%,5.17,0.98%,"1,937,378"
DCI,10.40B,24.13,20.51,1.86,2.73,6.13,50.96,26.75,11.04%,10.66%,8.76%,11.01%,7.41%,89.73,0.50%,"786,030"
DCMT,-,-,-,-,-,-,-,-,-,-,-,-,-,33.06,0.74%,"11,304"
DCO,2.55B,-,32.94,1.98,3.03,3.80,65.11,-,10.90%,23.17%,-,16.66%,5.57%,168.75,3.21%,"212,879"
DCOM,1.76B,15.09,9.23,-,2.37,1.33,-,10.71,30.73%,27.64%,6.33%,-,24.20%,39.88,-0.18%,"205,677"
DCOR,-,-,-,-,-,-,-,-,-,-,-,-,-,82.59,0.25%,"79,701"
DCOY,3.06M,-,-,-,-,0.79,0.39,-,-,-,62.32%,-,-,5.75,-1.54%,"21,433"
DCRE,-,-,-,-,-,-,-,-,-,-,-,-,-,51.56,-0.02%,"40,917"
DCTH,453.61M,2190.00,-,-,5.02,4.02,5.08,23.64,-902.86%,4.98%,-,-,120.21%,13.14,2.10%,"281,694"
DCX,19.02M,-,-,-,4.63,-,0.47,-,-,-,58.08%,-,-,0.96,-3.12%,"95,018"
DD,18.12B,-,17.00,0.88,1.87,1.31,24.09,17.62,42.12%,10.17%,14.20%,19.32%,-13.74%,134.17,1.14%,"745,707"
DDC,32.03M,-,-,-,-,-,-,-,96.42%,55.00%,30.35%,-,9.24%,0.65,-0.41%,"199,774"
DDD,485.12M,12.29,-,-,1.25,1.85,5.69,-,60.81%,12.07%,-,-,-7.04%,2.97,-1.00%,"1,808,644"
DDDD,-,-,-,-,-,-,-,-,-,-,-,-,-,31.74,-0.90%,"6,860"
DDEC,-,-,-,-,-,-,-,-,-,-,-,-,-,47.65,0.19%,"6,413"
DDFA,-,-,-,-,-,-,-,-,-,-,-,-,-,20.27,0.27%,"5,344"
DDFD,-,-,-,-,-,-,-,-,-,-,-,-,-,20.07,0.17%,"76,862"
DDFF,-,-,-,-,-,-,-,-,-,-,-,-,-,20.03,0.32%,963
DDFJ,-,-,-,-,-,-,-,-,-,-,-,-,-,19.80,-0.05%,"11,977"
DDFL,-,-,-,-,-,-,-,-,-,-,-,-,-,21.31,0.24%,"156,975"
DDFM,-,-,-,-,-,-,-,-,-,-,-,-,-,19.80,-0.03%,"17,367"
DDFN,-,-,-,-,-,-,-,-,-,-,-,-,-,20.18,0.30%,"43,715"
DDFO,-,-,-,-,-,-,-,-,-,-,-,-,-,22.58,0.04%,"7,838"
DDFS,-,-,-,-,-,-,-,-,-,-,-,-,-,22.07,0.02%,"113,536"
DDFY,-,-,-,-,-,-,-,-,-,-,-,-,-,20.17,0.60%,"10,813"
DDFZ,-,-,-,-,-,-,-,-,-,-,-,-,-,19.47,0.26%,"53,067"
DDI,561.40M,4.90,4.73,0.83,1.51,0.56,1.07,3.96,20.39%,-3.89%,11.42%,5.73%,0.07%,11.33,-0.18%,"78,670"
DDIV,-,-,-,-,-,-,-,-,-,-,-,-,-,46.62,0.38%,"7,230"
DDL,419.27M,9.49,-,-,0.16,2.95,7.80,-,-,-,-,-,15.59%,2.30,2.68%,"439,544"
DDLS,-,-,-,-,-,-,-,-,-,-,-,-,-,44.42,0.23%,"17,652"
DDM,-,-,-,-,-,-,-,-,-,-,-,-,-,65.92,0.00%,"166,323"
DDNQ,-,-,-,-,-,-,-,-,-,-,-,-,-,20.57,0.71%,"26,748"
DDOG,96.37B,722.52,95.14,4.90,26.24,24.16,20.25,90.83,18.05%,17.59%,-,19.42%,41.53%,270.73,4.03%,"4,101,022"
DDS,8.24B,12.53,15.28,7.21,1.25,4.07,5.81,10.92,10.67%,-8.60%,-,2.12%,8.16%,527.39,0.36%,"84,154"
DDSQ,-,-,-,-,-,-,-,-,-,-,-,-,-,21.14,0.18%,"15,275"
DDTA,-,-,-,-,-,-,-,-,-,-,-,-,-,20.52,0.17%,138
DDTD,-,-,-,-,-,-,-,-,-,-,-,-,-,20.44,0.22%,"1,891"
DDTF,-,-,-,-,-,-,-,-,-,-,-,-,-,20.34,0.37%,6
DDTJ,-,-,-,-,-,-,-,-,-,-,-,-,-,20.19,0.24%,473
DDTL,-,-,-,-,-,-,-,-,-,-,-,-,-,22.08,0.25%,"25,073"
DDTM,-,-,-,-,-,-,-,-,-,-,-,-,-,20.16,0.17%,6
DDTN,-,-,-,-,-,-,-,-,-,-,-,-,-,20.53,0.28%,"2,250"
DDTO,-,-,-,-,-,-,-,-,-,-,-,-,-,23.08,0.33%,"13,607"
DDTS,-,-,-,-,-,-,-,-,-,-,-,-,-,22.66,0.07%,"2,590"
DDTY,-,-,-,-,-,-,-,-,-,-,-,-,-,20.31,0.29%,"2,574"
DDTZ,-,-,-,-,-,-,-,-,-,-,-,-,-,19.47,0.49%,"8,686"
DDV,-,-,-,-,-,-,-,-,-,-,-,-,-,25.33,0.22%,588
DDWM,-,-,-,-,-,-,-,-,-,-,-,-,-,46.41,0.45%,"62,368"
DDX,-,-,-,-,-,-,-,-,-,-,-,-,-,25.09,0.25%,47
DDXX,-,-,-,-,-,-,-,-,-,-,-,-,-,27.81,0.36%,112
DE,157.75B,33.12,25.85,1.89,3.33,5.76,16.90,41.87,-2.18%,24.95%,16.32%,13.68%,5.13%,584.40,-0.21%,"951,040"
DEA,1.15B,105.56,88.21,15.13,3.29,0.88,90.48,4.37,-33.33%,55.56%,-5.89%,5.83%,6.52%,24.70,-0.56%,"302,361"
DEC,958.29M,-,5.80,-,0.80,1.00,10.11,5.96,-19.49%,-36.09%,-,-20.55%,39.04%,13.34,-2.91%,"651,606"
DECK,14.80B,15.14,12.81,1.19,2.71,5.97,7.76,13.49,6.73%,11.11%,25.63%,10.78%,16.45%,106.60,-1.11%,"1,902,517"
DECM,-,-,-,-,-,-,-,-,-,-,-,-,-,33.83,0.06%,172
DECO,-,-,-,-,-,-,-,-,-,-,-,-,-,76.37,2.00%,236
DECP,-,-,-,-,-,-,-,-,-,-,-,-,-,32.72,0.26%,"4,413"
DECT,-,-,-,-,-,-,-,-,-,-,-,-,-,39.51,0.29%,"5,200"
DECU,-,-,-,-,-,-,-,-,-,-,-,-,-,29.34,0.32%,"5,048"
DECW,-,-,-,-,-,-,-,-,-,-,-,-,-,35.84,0.19%,"6,505"
DECZ,-,-,-,-,-,-,-,-,-,-,-,-,-,43.46,0.39%,868
DEED,-,-,-,-,-,-,-,-,-,-,-,-,-,21.37,0.35%,"21,694"
DEEF,-,-,-,-,-,-,-,-,-,-,-,-,-,39.09,0.82%,583
DEEP,-,-,-,-,-,-,-,-,-,-,-,-,-,42.29,-0.55%,939
DEFI,-,-,-,-,-,-,-,-,-,-,-,-,-,73.18,3.92%,59
DEFR,-,-,-,-,-,-,-,-,-,-,-,-,-,26.62,0.11%,"33,157"
DEFT,180.68M,4.84,13.31,-,3.56,1.18,0.35,-,-87.39%,63.33%,45.54%,-,105.14%,0.47,3.12%,"1,762,015"
DEHP,-,-,-,-,-,-,-,-,-,-,-,-,-,40.70,2.07%,"17,802"
DEI,2.09B,-,-,-,2.08,1.12,5.85,12.33,-193.75%,44.65%,-20.75%,-,2.40%,12.47,2.38%,"2,666,649"
DELL,296.61B,36.36,20.58,0.57,2.21,-,25.24,31.41,79.00%,20.60%,15.51%,36.14%,5.56%,457.54,7.12%,"7,198,306"
DEM,-,-,-,-,-,-,-,-,-,-,-,-,-,53.83,0.56%,"108,556"
DEMZ,-,-,-,-,-,-,-,-,-,-,-,-,-,47.24,-0.10%,424
DEO,44.99B,18.73,12.73,10.88,2.27,3.88,16.71,17.81,-2.09%,-1.15%,7.08%,1.17%,6.57%,80.94,-1.89%,"1,049,492"
DERM,196.05M,-,6.86,-,3.03,6.31,7.20,-,113.83%,1496.15%,-,-,6.79%,7.12,3.79%,"134,379"
DES,-,-,-,-,-,-,-,-,-,-,-,-,-,40.27,0.17%,"134,862"
DESK,-,-,-,-,-,-,-,-,-,-,-,-,-,42.06,1.21%,"25,425"
DETX,19.92M,-,-,-,-,-,996.16,-,-,-,43.96%,-,-,3.52,-2.76%,"12,669"
DEUS,-,-,-,-,-,-,-,-,-,-,-,-,-,65.68,-0.38%,"6,528"
DEW,-,-,-,-,-,-,-,-,-,-,-,-,-,70.03,0.06%,"3,504"
DEXC,-,-,-,-,-,-,-,-,-,-,-,-,-,78.14,1.57%,"8,116"
DFAC,-,-,-,-,-,-,-,-,-,-,-,-,-,44.47,0.23%,"2,502,056"
DFAE,-,-,-,-,-,-,-,-,-,-,-,-,-,38.70,1.47%,"1,082,744"
DFAI,-,-,-,-,-,-,-,-,-,-,-,-,-,41.54,0.73%,"1,591,542"
DFAL,-,-,-,-,-,-,-,-,-,-,-,-,-,50.51,0.32%,"10,572"
DFAR,-,-,-,-,-,-,-,-,-,-,-,-,-,26.50,-0.11%,"1,301,988"
DFAS,-,-,-,-,-,-,-,-,-,-,-,-,-,80.86,0.19%,"505,943"
DFAT,-,-,-,-,-,-,-,-,-,-,-,-,-,69.71,0.03%,"198,240"
DFAU,-,-,-,-,-,-,-,-,-,-,-,-,-,51.97,0.29%,"631,666"
DFAW,-,-,-,-,-,-,-,-,-,-,-,-,-,82.96,0.52%,"77,861"
DFAX,-,-,-,-,-,-,-,-,-,-,-,-,-,36.63,1.02%,"1,006,089"
DFCA,-,-,-,-,-,-,-,-,-,-,-,-,-,50.07,0.12%,"13,392"
DFCF,-,-,-,-,-,-,-,-,-,-,-,-,-,41.93,0.29%,"1,020,938"
DFDV,93.97M,-,-,-,6.83,9.03,22.16,-,15.12%,71.13%,-,-,48.79%,3.12,9.86%,"795,068"
DFE,-,-,-,-,-,-,-,-,-,-,-,-,-,73.38,0.41%,"7,348"
DFEB,-,-,-,-,-,-,-,-,-,-,-,-,-,50.74,0.23%,"6,484"
DFEM,-,-,-,-,-,-,-,-,-,-,-,-,-,39.15,1.29%,"786,634"
DFEN,-,-,-,-,-,-,-,-,-,-,-,-,-,72.19,0.06%,"107,564"
DFEV,-,-,-,-,-,-,-,-,-,-,-,-,-,41.32,1.40%,"202,748"
DFGP,-,-,-,-,-,-,-,-,-,-,-,-,-,54.08,0.22%,"210,158"
DFGR,-,-,-,-,-,-,-,-,-,-,-,-,-,29.33,-0.02%,"317,593"
DFGX,-,-,-,-,-,-,-,-,-,-,-,-,-,53.15,0.24%,"126,071"
DFH,1.44B,9.40,10.19,-,0.34,1.02,3.01,-,-37.38%,15.30%,20.19%,-,30.69%,15.75,1.35%,"447,699"
DFIC,-,-,-,-,-,-,-,-,-,-,-,-,-,37.56,0.75%,"1,967,727"
DFII,-,-,-,-,-,-,-,-,-,-,-,-,-,11.89,3.50%,"11,555"
DFIN,1.17B,36.14,8.86,-,1.51,3.15,44.65,8.16,10.78%,10.50%,-,-,-3.03%,46.65,3.09%,"355,945"
DFIP,-,-,-,-,-,-,-,-,-,-,-,-,-,41.12,0.11%,"79,513"
DFIS,-,-,-,-,-,-,-,-,-,-,-,-,-,35.43,0.85%,"532,171"
DFIV,-,-,-,-,-,-,-,-,-,-,-,-,-,55.78,0.83%,"1,152,157"
DFJ,-,-,-,-,-,-,-,-,-,-,-,-,-,107.01,0.83%,"6,615"
DFLI,21.40M,-,-,-,0.39,5.19,2.48,-,90.88%,77.78%,-,-,4.44%,1.67,-1.18%,"182,180"
DFLV,-,-,-,-,-,-,-,-,-,-,-,-,-,40.03,-0.10%,"809,236"
DFMC,-,-,-,-,-,-,-,-,-,-,-,-,-,60.02,0.30%,"25,784"
DFNL,-,-,-,-,-,-,-,-,-,-,-,-,-,50.81,0.43%,"25,986"
DFNM,-,-,-,-,-,-,-,-,-,-,-,-,-,48.22,0.02%,"138,314"
DFNS,6.92M,-,-,-,1.90,0.08,0.88,-,-,-,-,-,-,0.07,-22.28%,"21,167,864"
DFP,430.89M,11.16,-,-,-,-,-,-,-,-,-,-,-,20.98,0.77%,"63,520"
DFSB,-,-,-,-,-,-,-,-,-,-,-,-,-,51.62,0.10%,"28,273"
DFSC,5.41M,-,-,-,1.20,1.10,2.51,-,-,-,61.01%,-,40.72%,2.03,-0.25%,"36,413"
DFSD,-,-,-,-,-,-,-,-,-,-,-,-,-,47.65,0.19%,"532,957"
DFSE,-,-,-,-,-,-,-,-,-,-,-,-,-,47.44,1.43%,"16,772"
DFSI,-,-,-,-,-,-,-,-,-,-,-,-,-,45.29,0.64%,"45,244"
DFSU,-,-,-,-,-,-,-,-,-,-,-,-,-,47.28,0.28%,"75,200"
DFSV,-,-,-,-,-,-,-,-,-,-,-,-,-,38.93,0.13%,"534,950"
DFTT,-,-,-,-,-,-,-,-,-,-,-,-,-,31.06,2.29%,299
DFTX,6.10B,-,-,-,-,17.16,16.34,-,-8.06%,28.26%,-1.48%,30.70%,-,45.98,5.34%,"1,416,724"
DFUS,-,-,-,-,-,-,-,-,-,-,-,-,-,82.21,0.39%,"1,654,768"
DFUV,-,-,-,-,-,-,-,-,-,-,-,-,-,55.12,0.18%,"329,887"
DFVE,-,-,-,-,-,-,-,-,-,-,-,-,-,36.00,-0.34%,"2,346"
DFVX,-,-,-,-,-,-,-,-,-,-,-,-,-,82.84,-0.12%,"24,456"
DG,26.50B,16.99,15.00,1.70,0.62,3.00,19.59,12.04,7.61%,8.68%,-8.39%,8.80%,4.83%,120.14,-2.67%,"2,719,718"
DGAC-U,162.41M,-,-,-,-,-,-,-,-,-,-,-,-,10.07,0.20%,"11,155"
DGAP,-,-,-,-,-,-,-,-,-,-,-,-,-,30.61,0.18%,109
DGCB,-,-,-,-,-,-,-,-,-,-,-,-,-,54.13,0.06%,"72,484"
DGICA,736.38M,10.46,9.87,-,0.76,1.05,-,11.40,-20.12%,9.62%,3.67%,-,4.69%,18.76,-1.99%,"200,872"
DGII,2.55B,59.59,24.40,-,5.37,3.83,80.33,20.16,16.57%,13.24%,30.59%,-,9.03%,67.63,2.11%,"535,495"
DGIN,-,-,-,-,-,-,-,-,-,-,-,-,-,35.79,0.16%,310
DGJA,-,-,-,-,-,-,-,-,-,-,-,-,-,31.69,0.03%,6
DGLO,-,-,-,-,-,-,-,-,-,-,-,-,-,23.78,0.52%,18
DGNX,33.76M,-,-,-,11.56,3.28,18.45,-,-,-,-,-,-,1.16,0.87%,"389,972"
DGOC,-,-,-,-,-,-,-,-,-,-,-,-,-,32.58,0.08%,70
DGP,-,-,-,-,-,-,-,-,-,-,-,-,-,131.57,2.08%,"100,550"
DGRE,-,-,-,-,-,-,-,-,-,-,-,-,-,38.92,1.41%,"11,885"
DGRO,-,-,-,-,-,-,-,-,-,-,-,-,-,76.52,-0.89%,"1,349,466"
DGRS,-,-,-,-,-,-,-,-,-,-,-,-,-,58.88,0.21%,"94,638"
DGRW,-,-,-,-,-,-,-,-,-,-,-,-,-,96.26,-0.31%,"607,481"
DGS,-,-,-,-,-,-,-,-,-,-,-,-,-,63.34,0.06%,"32,890"
DGT,-,-,-,-,-,-,-,-,-,-,-,-,-,184.85,0.13%,"6,544"
DGX,22.80B,22.72,17.65,1.98,2.02,3.10,58.02,17.20,9.11%,8.60%,-3.64%,8.92%,3.18%,206.00,-0.65%,"866,179"
DGXX,371.65M,-,6.09,-,11.92,2.44,6.43,-,67.61%,391.30%,-7.56%,-,57.27%,4.08,-4.00%,"3,337,996"
DGZ,-,-,-,-,-,-,-,-,-,-,-,-,-,6.14,2.15%,"20,547"
DH,122.00M,-,4.69,-,0.51,0.61,0.69,4.51,-23.23%,-1.70%,-19.83%,0.00%,15.34%,0.85,5.76%,"249,799"
DHC,2.16B,-,-,-,1.42,1.33,15.42,-,49.58%,26.67%,-15.19%,34.79%,-1.18%,8.91,1.83%,"1,374,560"
DHDG,-,-,-,-,-,-,-,-,-,-,-,-,-,36.83,0.13%,"2,001,118"
DHF,175.30M,14.18,-,-,8.39,0.90,-,-,-,-,-,-,-,2.41,1.26%,"255,111"
DHI,42.53B,14.05,12.60,2.08,1.28,1.81,21.54,12.16,-8.42%,12.38%,12.53%,6.05%,11.02%,149.99,0.77%,"2,372,841"
DHLX,-,-,-,-,-,-,-,-,-,-,-,-,-,13.28,-0.75%,"14,412"
DHR,140.88B,38.47,21.81,2.56,5.69,2.66,24.71,26.63,8.37%,7.96%,0.65%,8.51%,1.97%,199.05,-0.55%,"4,188,554"
DHS,-,-,-,-,-,-,-,-,-,-,-,-,-,114.00,-1.03%,"13,003"
DHSB,-,-,-,-,-,-,-,-,-,-,-,-,-,27.20,0.19%,202
DHT,2.93B,8.83,9.79,1.31,5.18,2.38,23.19,-,143.33%,-41.76%,-5.14%,7.46%,-6.37%,18.18,5.03%,"3,479,244"
DHX,170.63M,-,21.64,-,1.36,1.86,56.69,8.34,160.00%,1.39%,13.46%,-,2.83%,3.95,1.28%,"161,689"
DHY,241.76M,17.50,-,-,9.66,0.86,-,-,-,-,-,-,-,1.75,1.16%,"874,489"
DIA,-,-,-,-,-,-,-,-,-,-,-,-,-,524.69,0.04%,"3,664,069"
DIAL,-,-,-,-,-,-,-,-,-,-,-,-,-,18.00,0.14%,"50,233"
DIBS,163.59M,-,-,-,1.83,1.95,1.92,-,39.47%,-4.35%,12.48%,-,1.83%,4.63,-1.91%,"64,148"
DIEM,-,-,-,-,-,-,-,-,-,-,-,-,-,41.87,1.72%,"9,553"
DIG,-,-,-,-,-,-,-,-,-,-,-,-,-,56.21,0.68%,"47,469"
DIHP,-,-,-,-,-,-,-,-,-,-,-,-,-,33.99,0.58%,"586,686"
DIM,-,-,-,-,-,-,-,-,-,-,-,-,-,86.07,0.83%,"2,692"
DIME,-,-,-,-,-,-,-,-,-,-,-,-,-,7.99,2.63%,"2,154"
DIN,452.61M,34.46,6.92,0.80,0.51,-,3.00,12.58,1.45%,14.22%,-,8.61%,4.99%,35.68,-0.86%,"196,050"
DINE,-,-,-,-,-,-,-,-,-,-,-,-,-,25.29,0.24%,228
DINO,14.98B,12.52,10.06,2.14,0.54,1.55,13.05,10.74,113.94%,-23.71%,-,4.70%,19.15%,83.11,1.73%,"2,348,769"
DINT,-,-,-,-,-,-,-,-,-,-,-,-,-,29.13,0.93%,"5,788"
DIOD,4.37B,51.57,20.56,-,2.81,2.31,10.68,33.95,115.03%,76.37%,-5.41%,-,3.81%,95.13,3.08%,"300,894"
DIPR,-,-,-,-,-,-,-,-,-,-,-,-,-,22.95,1.09%,555
DIPS,-,-,-,-,-,-,-,-,-,-,-,-,-,37.29,-2.86%,"2,875"
DIS,166.48B,15.34,12.84,1.07,1.71,1.54,29.30,23.41,14.81%,9.70%,-,11.95%,7.66%,95.87,-0.14%,"7,651,585"
DISV,-,-,-,-,-,-,-,-,-,-,-,-,-,41.07,0.83%,"256,495"
DIT,66.45M,154.03,-,-,0.02,0.61,103.83,4.67,-,-,-37.61%,-,13.11%,70.50,0.00%,51
DIV,-,-,-,-,-,-,-,-,-,-,-,-,-,19.44,0.26%,"154,092"
DIVB,-,-,-,-,-,-,-,-,-,-,-,-,-,62.77,-2.17%,"151,425"
DIVD,-,-,-,-,-,-,-,-,-,-,-,-,-,43.14,-0.37%,"1,946"
DIVE,-,-,-,-,-,-,-,-,-,-,-,-,-,26.41,-0.41%,127
DIVG,-,-,-,-,-,-,-,-,-,-,-,-,-,37.20,-0.28%,"1,043"
DIVI,-,-,-,-,-,-,-,-,-,-,-,-,-,42.86,0.87%,"81,740"
DIVL,-,-,-,-,-,-,-,-,-,-,-,-,-,24.82,-0.18%,474
DIVN,-,-,-,-,-,-,-,-,-,-,-,-,-,29.30,-0.78%,"10,894"
DIVO,-,-,-,-,-,-,-,-,-,-,-,-,-,46.31,-0.58%,"737,808"
DIVP,-,-,-,-,-,-,-,-,-,-,-,-,-,26.83,-1.97%,"5,348"
DIVS,-,-,-,-,-,-,-,-,-,-,-,-,-,33.10,-0.50%,"1,077"
DIVY,-,-,-,-,-,-,-,-,-,-,-,-,-,29.20,-1.36%,"5,215"
DIVZ,-,-,-,-,-,-,-,-,-,-,-,-,-,38.05,-0.39%,"309,227"
DJAN,-,-,-,-,-,-,-,-,-,-,-,-,-,45.71,0.11%,"7,250"
DJCO,786.24M,56.29,-,-,8.36,2.26,1.74,56.85,-,-,94.47%,-,11.92%,570.68,-1.86%,"33,828"
DJD,-,-,-,-,-,-,-,-,-,-,-,-,-,63.87,-1.01%,"66,844"
DJIA,-,-,-,-,-,-,-,-,-,-,-,-,-,22.32,0.36%,"43,527"
DJP,-,-,-,-,-,-,-,-,-,-,-,-,-,46.59,1.17%,"31,802"
DJT,2.50B,-,-,-,670.48,2.00,2.40,337.50,-,-,-,-,-,9.03,5.99%,"5,278,340"
DJTU,-,-,-,-,-,-,-,-,-,-,-,-,-,12.72,11.68%,"106,151"
DJUL,-,-,-,-,-,-,-,-,-,-,-,-,-,50.32,0.08%,"12,133"
DJUN,-,-,-,-,-,-,-,-,-,-,-,-,-,49.51,0.27%,"34,489"
DK,3.74B,-,23.86,-,0.35,71.07,5.99,7.53,3.51%,-62.61%,46.11%,-,7.99%,60.95,5.07%,"1,282,496"
DKI,10.18M,-,-,-,7.89,7.07,44.26,-,-,-,-,-,-,4.90,0.00%,"3,193"
DKL,2.94B,17.44,14.74,1.56,2.77,-,296.74,24.92,-0.47%,14.26%,-4.66%,9.43%,12.17%,55.31,0.44%,"57,806"
DKNG,22.42B,418.77,27.75,-,3.56,20.66,22.23,31.41,2078.08%,317.02%,71.12%,-,58.02%,25.21,-4.69%,"12,374,044"
DKNX,-,-,-,-,-,-,-,-,-,-,-,-,-,19.35,-9.07%,"9,303"
DKS,18.92B,20.10,12.89,1.05,0.99,3.34,18.95,47.10,8.54%,14.49%,11.75%,12.30%,12.43%,211.37,-2.19%,"1,532,170"
DLAG,-,-,-,-,-,-,-,-,-,-,-,-,-,33.20,0.11%,6
DLB,4.59B,19.17,10.56,1.87,3.36,1.75,6.81,15.22,1.63%,6.64%,3.08%,5.65%,3.04%,48.51,-1.72%,"859,721"
DLFE,-,-,-,-,-,-,-,-,-,-,-,-,-,31.86,0.20%,"3,991"
DLHC,76.08M,-,-,-,0.26,0.69,585.27,4.01,-755.56%,30.51%,-29.55%,-,10.49%,5.25,0.57%,"17,697"
DLLL,-,-,-,-,-,-,-,-,-,-,-,-,-,27.46,14.23%,"1,873,122"
DLMY,-,-,-,-,-,-,-,-,-,-,-,-,-,30.02,0.10%,"2,093"
DLN,-,-,-,-,-,-,-,-,-,-,-,-,-,97.65,-0.27%,"93,634"
DLNG,133.16M,2.09,-,-,0.85,0.32,2.51,1.31,-,-,16.88%,-,2.69%,3.66,0.83%,"28,857"
DLNV,-,-,-,-,-,-,-,-,-,-,-,-,-,33.08,0.22%,8
DLO,4.38B,22.10,13.73,0.68,4.00,7.69,5.31,10.00,7.30%,31.39%,47.31%,20.33%,60.05%,14.84,-0.54%,"976,674"
DLPN,14.65M,-,3.63,-,0.26,1.93,2.03,-,62.96%,410.00%,25.37%,-,18.71%,1.12,2.27%,"15,822"
DLR,61.92B,45.79,77.86,-,9.65,2.67,25.52,-,-43.08%,9.12%,28.98%,-9.77%,9.38%,173.11,-2.70%,"3,531,686"
DLS,-,-,-,-,-,-,-,-,-,-,-,-,-,84.54,0.77%,"12,967"
DLTH,155.81M,-,-,-,0.28,0.98,25.42,2.63,48.84%,84.09%,-,-,-2.42%,4.10,1.23%,"54,476"
DLTR,23.94B,19.46,16.21,1.17,1.21,6.87,23.76,15.36,21.24%,10.25%,1.91%,13.85%,-5.32%,124.56,-1.44%,"1,706,567"
DLUX,-,-,-,-,-,-,-,-,-,-,-,-,-,50.28,0.02%,"1,065"
DLX,1.13B,10.87,5.99,-,0.53,1.62,18.73,6.32,2.82%,9.01%,75.48%,-,3.56%,24.63,-2.07%,"347,376"
DLXY,7.57M,-,-,-,0.03,92.81,5.45,-,-,-,-,-,-,0.46,-8.19%,"72,294"
DLY,685.86M,24.36,-,-,-,-,-,-,-,-,-,-,-,14.13,0.36%,"204,285"
DMA,69.55M,-,-,-,-,-,-,-,-,-,-,-,-,7.76,0.39%,"34,708"
DMAA,259.04M,53.83,-,-,-,1.53,25903.72,-,-,-,-,-,-,10.67,-0.09%,"48,819"
DMAC,400.36M,-,-,-,-,8.48,7.80,-,-11.95%,-6.94%,2.31%,-9.93%,-,7.43,-0.80%,"152,253"
DMAR,-,-,-,-,-,-,-,-,-,-,-,-,-,44.92,0.12%,"6,845"
DMAX,-,-,-,-,-,-,-,-,-,-,-,-,-,27.44,0.11%,"9,919"
DMAY,-,-,-,-,-,-,-,-,-,-,-,-,-,47.34,0.25%,"18,937"
DMB,203.20M,35.61,-,-,12.85,0.92,-,-,-,-,-,-,-,11.04,0.91%,"69,851"
DMBS,-,-,-,-,-,-,-,-,-,-,-,-,-,48.65,0.39%,"44,027"
DMC,1.33B,19.36,8.31,-,0.31,0.66,20.09,6.43,-41.58%,56.74%,12.78%,-,0.59%,27.99,-0.85%,"303,089"
DMII,643.05M,75.34,-,-,-,1.31,1837.28,-,-,-,-,-,-,10.10,0.05%,"1,432"
DMLP,1.31B,19.57,-,-,7.76,4.34,46.47,10.64,-,-,13.70%,-,26.64%,27.12,1.16%,"154,475"
DMO,122.38M,8.93,-,-,5.36,0.92,-,-,-,-,-,-,-,10.71,0.47%,"23,701"
DMRA,1.91B,-,-,-,-,4.93,3.58,-,50.76%,-7.92%,-34.72%,13.94%,-,30.99,10.68%,"528,478"
DMRC,150.35M,-,-,-,4.68,4.37,15.10,-,14.43%,2.75%,15.23%,-,7.17%,6.71,-2.61%,"113,485"
DMX,-,-,-,-,-,-,-,-,-,-,-,-,-,50.10,0.18%,"14,621"
DMXF,-,-,-,-,-,-,-,-,-,-,-,-,-,84.14,0.87%,"18,268"
DNA,590.54M,-,-,-,4.18,1.20,1.55,-,30.67%,15.47%,-7.49%,-,17.29%,9.04,-0.11%,"703,218"
DNL,-,-,-,-,-,-,-,-,-,-,-,-,-,45.43,0.73%,"18,319"
DNLI,3.59B,-,-,-,-,3.88,3.64,-,17.22%,2.71%,-,25.47%,-,22.65,-14.46%,"5,778,165"
DNMX,268.87M,135.22,-,-,-,-,266.21,-,-,-,-,-,-,10.02,0.00%,"1,970"
DNN,2.87B,-,-,-,853.84,15.38,7.13,-,45.35%,59.67%,-55.13%,-,-20.02%,3.17,4.62%,"24,736,603"
DNNG,-,-,-,-,-,-,-,-,-,-,-,-,-,7.48,9.09%,40
DNOV,-,-,-,-,-,-,-,-,-,-,-,-,-,51.59,0.17%,"3,977"
DNOW,2.40B,-,15.17,2.67,0.70,1.12,20.65,45.19,-60.08%,151.94%,28.00%,5.68%,11.74%,13.12,0.54%,"1,520,525"
DNP,4.21B,9.58,-,-,25.49,1.07,-,-,-,-,-,-,-,11.11,0.45%,"582,515"
DNTH,5.54B,-,-,-,4131.79,4.60,4.98,-,10.74%,-19.44%,31.21%,-4.99%,-,101.28,2.68%,"1,195,293"
DNUT,574.09M,-,36.43,-,0.38,0.91,7.68,-,88.85%,920.13%,-50.59%,-,6.30%,3.33,-4.03%,"3,028,224"
DOC,15.30B,67.94,196.09,10.73,5.33,1.92,12.09,13.56,235.90%,-67.12%,-,18.27%,11.40%,21.66,-0.32%,"4,546,721"
DOCK,-,-,-,-,-,-,-,-,-,-,-,-,-,27.75,0.19%,57
DOCN,13.18B,55.21,72.88,6.53,13.89,14.85,17.78,76.71,-41.87%,40.61%,-,11.16%,23.14%,126.30,2.42%,"2,474,140"
DOCS,3.99B,22.22,13.66,2.06,6.18,4.20,5.33,12.55,-5.62%,11.22%,52.71%,6.63%,25.53%,21.80,-2.20%,"3,402,483"
DOCT,-,-,-,-,-,-,-,-,-,-,-,-,-,46.92,0.17%,"22,804"
DOCU,9.43B,32.06,9.69,0.74,2.87,5.24,11.33,8.42,17.81%,12.59%,-,13.02%,17.25%,49.38,-0.98%,"2,382,582"
DOG,-,-,-,-,-,-,-,-,-,-,-,-,-,21.60,0.00%,"1,923,484"
DOGG,-,-,-,-,-,-,-,-,-,-,-,-,-,21.45,-1.15%,"32,374"
DOGZ,14.00M,-,-,-,0.86,0.15,2.11,-,-,-,-3.15%,-,1.55%,0.96,-3.51%,"13,198"
DOJE,-,-,-,-,-,-,-,-,-,-,-,-,-,6.89,3.61%,"24,775"
DOL,-,-,-,-,-,-,-,-,-,-,-,-,-,74.10,0.73%,"9,057"
DOLE,1.34B,23.15,9.37,1.29,0.14,0.98,4.79,15.38,13.74%,10.27%,4.47%,7.24%,16.11%,14.10,-0.56%,"535,471"
DOMH,63.54M,-,-,-,0.44,2.01,1.40,-,-,-,26.80%,-,-,2.81,0.72%,"30,780"
DOMO,149.45M,-,34.87,-,0.47,-,3.83,515.34,274.72%,81.11%,12.90%,-,8.69%,3.31,-2.36%,"809,347"
DON,-,-,-,-,-,-,-,-,-,-,-,-,-,56.64,0.21%,"73,589"
DOO,4.31B,22.15,17.17,1.29,0.66,8.43,8.43,6.25,-38.50%,48.09%,-1.59%,13.36%,6.39%,58.82,-0.29%,"206,473"
DORM,4.14B,22.35,14.79,3.32,1.93,2.84,96.20,58.57,-6.69%,13.25%,15.00%,4.46%,14.28%,138.62,-0.21%,"234,281"
DOUG,168.18M,-,-,-,0.17,0.97,1.67,-,-,-,-,-,5.94%,1.85,1.09%,"369,061"
DOV,28.84B,26.68,18.31,1.95,3.48,3.85,17.56,25.39,11.05%,9.62%,11.05%,9.41%,3.90%,214.15,-0.06%,"602,624"
DOW,21.85B,-,13.30,-,0.56,1.43,4.70,-,407.80%,-21.21%,-,-,0.73%,30.31,-0.20%,"8,629,996"
DOX,5.59B,10.43,6.45,0.69,1.21,1.63,26.06,8.23,5.98%,8.77%,6.38%,9.31%,1.70%,51.96,-1.52%,"1,237,989"
DOYU,139.13M,12.69,13.34,-,0.27,0.48,0.43,-,175.20%,224.31%,-,-,-17.51%,4.61,0.22%,"3,798"
DPC,6.68B,-,-,-,-,-,202.33,-,-,-,-,-,-,46.00,-1.88%,"1,166,658"
DPG,535.64M,3.47,-,-,-,-,-,-,-,-,-,-,-,14.88,1.02%,"54,977"
DPRE,-,-,-,-,-,-,-,-,-,-,-,-,-,26.36,0.13%,13
DPRO,173.38M,-,-,-,28.19,1.55,1.64,-,52.85%,24.24%,35.93%,29.47%,11.21%,4.75,2.70%,"633,634"
DPST,-,-,-,-,-,-,-,-,-,-,-,-,-,141.25,-0.35%,"160,387"
DPZ,10.31B,17.83,14.88,1.74,2.07,-,20.64,15.76,8.62%,9.13%,7.23%,8.53%,3.71%,309.85,0.00%,"857,652"
DQ,801.21M,-,-,-,1.41,0.18,0.42,-,4.68%,77.66%,-,-,-0.29%,11.84,1.81%,"577,537"
DQJN,-,-,-,-,-,-,-,-,-,-,-,-,-,29.30,1.77%,"343,147"
DRAI,-,-,-,-,-,-,-,-,-,-,-,-,-,33.60,0.35%,691
DRAL,-,-,-,-,-,-,-,-,-,-,-,-,-,14.21,14.14%,"365,577"
DRAM,-,-,-,-,-,-,-,-,-,-,-,-,-,61.23,6.86%,"87,158,108"
DRAY,-,-,-,-,-,-,-,-,-,-,-,-,-,16.01,-3.33%,"10,220"
DRCT,1.90M,-,-,-,0.06,-,2.38,-,89.33%,84.08%,-33.57%,-,22.69%,2.57,-0.39%,"5,581"
DRD,1.79B,10.00,4.99,0.14,3.50,2.76,17.14,20.50,96.48%,40.88%,22.15%,34.89%,10.18%,20.73,-0.67%,"250,539"
DRDB,324.19M,61.32,-,-,-,1.35,6483.79,-,-,-,-,-,-,10.57,-0.08%,"2,154"
DRES,-,-,-,-,-,-,-,-,-,-,-,-,-,30.69,0.24%,"1,597"
DRGN,-,-,-,-,-,-,-,-,-,-,-,-,-,37.45,1.45%,"5,383"
DRH,2.48B,25.92,21.17,2.53,2.21,1.71,32.52,15.40,24.77%,4.13%,-,8.37%,30.20%,12.10,1.85%,"2,408,934"
DRI,22.42B,18.85,15.77,1.88,1.70,10.67,98.50,20.16,6.09%,9.95%,16.80%,8.40%,12.92%,195.74,-0.48%,"1,313,199"
DRIO,47.75M,-,-,-,2.25,0.76,2.36,-,63.32%,47.65%,38.06%,53.24%,24.17%,6.53,-2.54%,"4,386"
DRIP,-,-,-,-,-,-,-,-,-,-,-,-,-,4.60,-0.65%,"27,816,373"
DRIV,-,-,-,-,-,-,-,-,-,-,-,-,-,35.66,0.82%,"27,013"
DRKY,-,-,-,-,-,-,-,-,-,-,-,-,-,20.68,-0.10%,"7,371"
DRLL,-,-,-,-,-,-,-,-,-,-,-,-,-,36.19,0.26%,"36,721"
DRMA,5.31M,-,-,-,-,0.83,0.76,-,72.92%,31.22%,61.24%,-,-,1.32,-2.22%,"62,332"
DRMP,-,-,-,-,-,-,-,-,-,-,-,-,-,26.10,5.88%,"9,630"
DRN,-,-,-,-,-,-,-,-,-,-,-,-,-,10.80,-1.28%,"669,470"
DRNL,-,-,-,-,-,-,-,-,-,-,-,-,-,5.85,10.75%,"3,557"
DRNZ,-,-,-,-,-,-,-,-,-,-,-,-,-,20.91,2.19%,"67,700"
DRS,11.84B,41.09,30.87,2.66,3.20,4.26,36.09,39.32,13.07%,10.56%,12.76%,11.61%,5.60%,44.37,2.35%,"622,596"
DRSK,-,-,-,-,-,-,-,-,-,-,-,-,-,28.63,0.28%,"183,857"
DRTS,1.09B,-,-,-,-,16.05,13.54,-,-24.38%,21.65%,-19.21%,49.52%,-,12.34,1.31%,"392,074"
DRUG,724.54M,-,-,-,-,3.29,3.27,-,-256.69%,-88.26%,-35.46%,-,-,74.03,-2.50%,"249,124"
DRUP,-,-,-,-,-,-,-,-,-,-,-,-,-,64.10,-0.23%,418
DRV,-,-,-,-,-,-,-,-,-,-,-,-,-,18.57,1.42%,"136,149"
DRVN,2.55B,16.15,10.43,0.85,1.26,3.20,13.04,22.53,0.83%,21.68%,-,12.22%,15.55%,15.48,1.11%,"476,283"
DRVR,-,-,-,-,-,-,-,-,-,-,-,-,-,24.96,-0.18%,"9,431"
DSAC,345.29M,-,-,-,-,1.07,338.52,-,-,-,-,-,-,10.15,-0.10%,"20,372"
DSC,192.68M,-,-,-,2.04,-,6.36,-,-,-,-39.09%,-,11.90%,5.75,0.52%,"26,800"
DSCO,-,-,-,-,-,-,-,-,-,-,-,-,-,24.82,0.17%,"942,871"
DSEP,-,-,-,-,-,-,-,-,-,-,-,-,-,47.70,0.15%,"7,870"
DSGN,853.79M,-,-,-,-,3.91,3.83,-,-11.48%,-20.27%,-52.23%,-16.95%,-,13.67,-1.34%,"582,411"
DSGR,1.27B,240.33,24.34,-,0.64,1.97,19.61,46.60,338.89%,43.46%,-26.23%,-,41.29%,27.59,-0.50%,"40,707"
DSGX,6.15B,35.72,26.80,1.50,8.16,3.79,16.33,21.80,23.59%,15.96%,24.80%,17.83%,15.89%,71.82,-1.29%,"413,704"
DSI,-,-,-,-,-,-,-,-,-,-,-,-,-,142.29,0.59%,"93,790"
DSL,1.25B,34.16,-,-,-,-,-,-,-,-,-,-,-,10.93,-0.55%,"556,403"
DSM,300.53M,-,-,-,13.20,0.93,-,-,-,-,-,-,-,6.08,0.16%,"114,254"
DSMC,-,-,-,-,-,-,-,-,-,-,-,-,-,41.01,-0.70%,"1,003"
DSP,832.28M,88.01,26.81,1.05,2.30,9.50,4.48,14.14,-10.32%,46.70%,4.84%,25.63%,15.81%,12.70,-1.01%,"229,073"
DSPY,-,-,-,-,-,-,-,-,-,-,-,-,-,65.76,0.21%,"3,935"
DSS,5.67M,-,-,-,0.28,1.68,0.96,-,48.12%,-,-,-,6.20%,0.56,1.09%,"33,392"
DSTL,-,-,-,-,-,-,-,-,-,-,-,-,-,61.85,-1.20%,"24,275"
DSTX,-,-,-,-,-,-,-,-,-,-,-,-,-,33.83,1.05%,"9,183"
DSU,623.53M,14.09,-,-,11.92,0.96,-,-,-,-,-,-,-,9.72,0.41%,"295,759"
DSWL,55.14M,5.19,-,-,0.90,0.50,0.67,11.71,-,-,5.23%,-,-1.12%,3.46,-3.35%,"7,851"
DSX,261.90M,6.21,3.19,0.02,1.23,0.50,0.97,-,583.50%,68.35%,-,146.92%,4.70%,2.12,-0.47%,"233,506"
DSY,28.55M,-,-,-,14.13,4.64,6.34,-,-,-,-169.01%,-,-,3.46,-7.49%,"43,582"
DT,13.07B,84.01,19.98,1.20,6.48,5.08,11.15,24.68,14.59%,15.71%,15.17%,16.65%,23.47%,45.04,1.01%,"4,419,315"
DTAN,-,-,-,-,-,-,-,-,-,-,-,-,-,31.76,-0.38%,133
DTCR,-,-,-,-,-,-,-,-,-,-,-,-,-,28.53,0.49%,"955,499"
DTCX,81.24M,-,-,-,-,0.92,1.91,-,-,-,-278.08%,-,-,2.09,2.96%,"57,316"
DTD,-,-,-,-,-,-,-,-,-,-,-,-,-,94.42,-0.14%,"11,246"
DTE,31.01B,24.50,17.87,2.52,1.90,2.52,111.55,-,4.82%,8.12%,-0.08%,7.10%,5.80%,149.07,-1.04%,"1,072,774"
DTEC,-,-,-,-,-,-,-,-,-,-,-,-,-,48.77,0.08%,"2,540"
DTF,81.26M,28.20,-,-,29.69,0.96,-,-,-,-,-,-,-,11.56,0.22%,"13,578"
DTH,-,-,-,-,-,-,-,-,-,-,-,-,-,55.41,0.72%,"57,521"
DTI,79.42M,-,8.69,0.21,0.51,0.66,27.96,-,20.00%,116.67%,-86.21%,40.95%,-,2.26,-0.44%,"210,144"
DTIL,221.38M,-,-,-,4.91,2.91,2.19,-,21.18%,17.75%,43.45%,16.67%,7.13%,8.58,-0.12%,"334,554"
DTM,15.12B,32.86,28.99,3.07,11.85,3.18,100.83,29.48,12.82%,5.42%,5.96%,9.44%,10.51%,148.26,1.48%,"689,291"
DTRE,-,-,-,-,-,-,-,-,-,-,-,-,-,42.58,0.23%,214
DTSQ,41.43M,72.59,-,-,-,2.48,-,-,-,-,-,-,-,11.36,-0.18%,42
DTSS,8.52M,-,-,-,0.15,2.38,12.72,11.21,-,-,10.43%,-,119.21%,0.82,1.94%,"11,490"
DTST,7.46M,-,-,-,1.19,0.68,0.77,-,-750.00%,-,-,-,-31.72%,3.44,-2.27%,"17,183"
DUBS,-,-,-,-,-,-,-,-,-,-,-,-,-,41.95,0.46%,"85,417"
DUG,-,-,-,-,-,-,-,-,-,-,-,-,-,18.52,-0.75%,"59,915"
DUHP,-,-,-,-,-,-,-,-,-,-,-,-,-,41.47,-0.26%,"621,156"
DUK,98.52B,19.34,17.63,2.63,2.97,1.84,44.42,-,6.24%,6.95%,29.70%,6.69%,6.20%,126.37,-0.39%,"2,391,564"
DUKH,-,-,-,-,-,-,-,-,-,-,-,-,-,23.88,0.11%,"11,571"
DUKQ,-,-,-,-,-,-,-,-,-,-,-,-,-,31.47,0.49%,383
DUKR,18.54M,-,-,-,48.80,-,36.36,-,-,-,9.16%,-,-,5.44,0.18%,"22,791"
DUKX,-,-,-,-,-,-,-,-,-,-,-,-,-,28.16,0.89%,331
DUKZ,-,-,-,-,-,-,-,-,-,-,-,-,-,25.39,0.24%,"4,581"
DULL,-,-,-,-,-,-,-,-,-,-,-,-,-,74.28,-4.10%,"26,458"
DUNK,-,-,-,-,-,-,-,-,-,-,-,-,-,26.21,0.34%,"12,674"
DUO,23.71M,-,-,-,0.48,0.29,1.12,-,-,-,49.99%,-,-32.61%,0.62,0.99%,"23,534"
DUOG,-,-,-,-,-,-,-,-,-,-,-,-,-,47.49,-5.89%,"6,856"
DUOL,5.98B,14.94,37.16,-,5.44,4.32,4.78,14.37,-66.65%,21.26%,-,-21.82%,45.03%,128.35,-3.01%,"771,207"
DUOT,265.75M,-,24.17,-,10.72,2.34,8.05,-,329.69%,-76.19%,20.53%,-,27.44%,8.46,-4.51%,"798,363"
DURA,-,-,-,-,-,-,-,-,-,-,-,-,-,37.47,-0.76%,"2,623"
DUSA,-,-,-,-,-,-,-,-,-,-,-,-,-,57.56,-0.05%,"55,968"
DUSB,-,-,-,-,-,-,-,-,-,-,-,-,-,50.83,0.04%,"214,139"
DUSG,-,-,-,-,-,-,-,-,-,-,-,-,-,51.37,0.16%,"1,595"
DUSL,-,-,-,-,-,-,-,-,-,-,-,-,-,95.83,-0.44%,"19,591"
DUST,-,-,-,-,-,-,-,-,-,-,-,-,-,63.62,-4.03%,"657,330"
DUTY,-,-,-,-,-,-,-,-,-,-,-,-,-,26.34,2.57%,"1,750"
DV,1.78B,35.05,19.05,0.55,2.33,1.67,10.24,13.20,58.36%,28.17%,18.42%,34.50%,25.13%,11.60,-2.60%,"1,521,802"
DVA,14.92B,22.31,13.41,0.65,1.08,-,19.93,9.99,38.03%,16.48%,8.29%,20.68%,3.39%,232.41,-1.35%,"771,371"
DVAL,-,-,-,-,-,-,-,-,-,-,-,-,-,15.90,-0.34%,"4,871"
DVDN,-,-,-,-,-,-,-,-,-,-,-,-,-,15.85,0.95%,"3,731"
DVGR,-,-,-,-,-,-,-,-,-,-,-,-,-,26.32,0.22%,"7,385"
DVIN,-,-,-,-,-,-,-,-,-,-,-,-,-,30.47,0.09%,11
DVLT,330.33M,-,-,-,7.89,1.08,149.47,-,-,-,89.31%,-,74.67%,0.39,9.04%,"26,364,617"
DVLU,-,-,-,-,-,-,-,-,-,-,-,-,-,40.64,0.34%,"6,705"
DVN,50.06B,12.04,8.26,0.52,2.97,1.75,27.58,20.34,27.07%,5.50%,-,15.79%,31.53%,43.40,-0.75%,"8,817,715"
DVND,-,-,-,-,-,-,-,-,-,-,-,-,-,38.24,-0.79%,20
DVOL,-,-,-,-,-,-,-,-,-,-,-,-,-,37.17,0.02%,"4,254"
DVQQ,-,-,-,-,-,-,-,-,-,-,-,-,-,31.42,0.80%,12
DVRE,-,-,-,-,-,-,-,-,-,-,-,-,-,24.72,-0.48%,11
DVSP,-,-,-,-,-,-,-,-,-,-,-,-,-,29.13,0.51%,19
DVUT,-,-,-,-,-,-,-,-,-,-,-,-,-,27.65,0.03%,6
DVVY,-,-,-,-,-,-,-,-,-,-,-,-,-,26.76,-0.64%,48
DVXB,-,-,-,-,-,-,-,-,-,-,-,-,-,27.38,0.31%,11
DVXC,-,-,-,-,-,-,-,-,-,-,-,-,-,24.40,-0.14%,6
DVXE,-,-,-,-,-,-,-,-,-,-,-,-,-,37.99,0.48%,223
DVXF,-,-,-,-,-,-,-,-,-,-,-,-,-,27.40,0.58%,"3,731"
DVXK,-,-,-,-,-,-,-,-,-,-,-,-,-,37.03,1.04%,903
DVXP,-,-,-,-,-,-,-,-,-,-,-,-,-,25.19,-1.54%,416
DVXV,-,-,-,-,-,-,-,-,-,-,-,-,-,31.85,-1.96%,7
DVXY,-,-,-,-,-,-,-,-,-,-,-,-,-,22.68,-0.05%,6
DVY,-,-,-,-,-,-,-,-,-,-,-,-,-,159.48,-0.63%,"241,250"
DVYA,-,-,-,-,-,-,-,-,-,-,-,-,-,49.31,1.32%,"1,411"
DVYE,-,-,-,-,-,-,-,-,-,-,-,-,-,33.32,1.25%,"120,059"
DWAS,-,-,-,-,-,-,-,-,-,-,-,-,-,118.80,1.94%,"11,647"
DWAW,-,-,-,-,-,-,-,-,-,-,-,-,-,50.45,0.84%,13
DWLD,-,-,-,-,-,-,-,-,-,-,-,-,-,47.28,0.55%,"25,493"
DWM,-,-,-,-,-,-,-,-,-,-,-,-,-,73.61,0.63%,"9,070"
DWMF,-,-,-,-,-,-,-,-,-,-,-,-,-,33.78,0.82%,15
DWSH,-,-,-,-,-,-,-,-,-,-,-,-,-,6.18,1.79%,"7,599"
DWSN,130.42M,27.70,-,-,1.35,5.59,74.95,37.26,-,-,35.58%,-,-2.56%,4.20,-4.98%,"777,961"
DWTX,48.09M,-,-,-,-,0.59,3.64,-,91.80%,-27.35%,25.53%,53.01%,-,1.43,3.62%,"47,512"
DWUS,-,-,-,-,-,-,-,-,-,-,-,-,-,60.76,1.41%,13
DWWN,-,-,-,-,-,-,-,-,-,-,-,-,-,25.16,0.09%,6
DWX,-,-,-,-,-,-,-,-,-,-,-,-,-,46.99,0.49%,"9,304"
DX,2.84B,7.87,7.97,0.37,4.04,1.05,3.68,15.43,64.07%,12.75%,-18.63%,21.59%,18.10%,13.22,1.85%,"8,276,895"
DXC,1.48B,156.31,2.98,0.94,0.12,0.52,0.85,1.43,-20.67%,20.00%,-,3.17%,-6.54%,9.16,-5.66%,"3,469,397"
DXCM,28.60B,31.70,23.97,1.15,5.94,9.67,11.84,20.01,24.07%,19.24%,10.55%,20.89%,19.33%,74.12,-2.92%,"4,002,909"
DXD,-,-,-,-,-,-,-,-,-,-,-,-,-,17.10,0.06%,"603,981"
DXF,0.85M,-,-,-,0.69,0.13,1.77,-,-,-,-,-,-39.57%,0.54,-4.51%,"313,342"
DXIV,-,-,-,-,-,-,-,-,-,-,-,-,-,70.81,1.09%,"7,436"
DXJ,-,-,-,-,-,-,-,-,-,-,-,-,-,176.97,1.10%,"609,754"
DXLG,34.66M,-,-,-,0.08,0.34,2.14,-,-2.38%,13.95%,-,27.51%,-2.94%,0.63,0.85%,"93,462"
DXPE,2.54B,30.58,21.77,-,1.23,4.95,11.88,26.09,13.28%,22.31%,-,-,14.94%,163.52,2.07%,"116,139"
DXR,62.20M,5.88,-,-,124.39,1.17,-,-,-320.00%,85.71%,-,-,-,10.65,5.34%,"1,398"
DXST,3.90M,-,-,-,0.30,0.18,6.84,-,-,-,-,-,42.53%,2.15,-6.52%,"112,288"
DXUV,-,-,-,-,-,-,-,-,-,-,-,-,-,67.19,-0.06%,"21,885"
DXYZ,790.70M,7.33,-,-,-,1.30,3.85,-,-,-,-,-,-,25.95,-3.32%,"702,848"
DY,12.58B,39.85,20.97,0.80,2.01,6.63,23.29,28.57,38.80%,20.25%,54.95%,26.30%,11.63%,418.87,2.14%,"265,391"
DYAI,44.09M,-,26.89,0.41,11.57,-,6.76,-,56.52%,145.00%,7.84%,64.84%,14.04%,1.21,18.63%,"771,943"
DYFI,-,-,-,-,-,-,-,-,-,-,-,-,-,22.72,0.15%,"4,589"
DYLD,-,-,-,-,-,-,-,-,-,-,-,-,-,22.35,0.02%,"3,584"
DYLG,-,-,-,-,-,-,-,-,-,-,-,-,-,28.06,0.08%,326
DYN,3.93B,-,-,-,-,4.54,4.04,-,10.97%,4.28%,3.39%,13.94%,-,23.78,0.59%,"2,176,515"
DYNB,-,-,-,-,-,-,-,-,-,-,-,-,-,39.09,0.17%,"1,551"
DYNC,238.82M,-,-,-,-,1.24,1256.94,-,-,-,-,-,-,10.79,-0.09%,"13,397"
DYNF,-,-,-,-,-,-,-,-,-,-,-,-,-,68.04,0.65%,"2,091,858"
DYOR,231.38M,-,-,-,-,1.37,246.15,-,-,-,-,-,-,10.06,0.09%,"150,002"
DYTA,-,-,-,-,-,-,-,-,-,-,-,-,-,31.54,0.77%,"7,656"
DZZ,-,-,-,-,-,-,-,-,-,-,-,-,-,2.02,2.28%,"3,647"
E,70.33B,27.34,9.21,0.67,0.76,1.29,4.13,20.56,52.44%,-7.41%,-,13.79%,13.08%,49.55,0.22%,"335,158"
EA,51.82B,59.08,21.65,5.14,6.84,7.66,17.39,22.31,2.99%,8.06%,4.11%,4.21%,6.00%,206.65,0.15%,"1,553,116"
EAD,379.96M,9.46,-,-,8.76,0.89,-,-,-,-,-,-,-,6.43,0.47%,"232,343"
EAF,172.43M,-,-,-,0.33,-,1.43,-,10.80%,34.34%,-,-,-16.26%,6.62,16.14%,"367,845"
EAFG,-,-,-,-,-,-,-,-,-,-,-,-,-,25.57,1.26%,19
EAGG,-,-,-,-,-,-,-,-,-,-,-,-,-,46.92,0.23%,"249,121"
EAGL,-,-,-,-,-,-,-,-,-,-,-,-,-,33.32,-0.54%,"95,044"
EALT,-,-,-,-,-,-,-,-,-,-,-,-,-,36.01,0.16%,"9,488"
EAOA,-,-,-,-,-,-,-,-,-,-,-,-,-,45.04,0.58%,"2,328"
EAOK,-,-,-,-,-,-,-,-,-,-,-,-,-,28.10,0.42%,562
EAOM,-,-,-,-,-,-,-,-,-,-,-,-,-,31.08,0.33%,62
EAOR,-,-,-,-,-,-,-,-,-,-,-,-,-,37.53,0.50%,39
EAPR,-,-,-,-,-,-,-,-,-,-,-,-,-,32.42,0.96%,"3,730"
EARN,164.60M,-,4.52,-,3.48,1.07,2.85,0.30,-2.27%,12.79%,-,-,12.51%,4.38,-0.45%,"317,057"
EART,-,-,-,-,-,-,-,-,-,-,-,-,-,27.37,3.28%,"28,114"
EASG,-,-,-,-,-,-,-,-,-,-,-,-,-,38.29,0.73%,751
EASY,-,-,-,-,-,-,-,-,-,-,-,-,-,27.10,-1.11%,"5,096"
EAT,7.95B,18.15,14.84,0.94,1.39,19.58,139.20,15.76,20.92%,16.04%,67.66%,15.71%,11.83%,185.33,-2.08%,"694,104"
EBAY,49.97B,25.55,16.68,1.58,4.27,11.38,11.30,23.70,10.70%,10.42%,11.61%,10.58%,4.64%,112.54,-2.22%,"4,464,944"
EBC,5.19B,12.55,10.38,-,3.69,1.22,-,14.40,19.98%,15.53%,26.68%,-,12.20%,22.44,0.76%,"2,378,686"
EBF,531.77M,12.59,-,-,1.35,1.71,10.83,9.61,-5.42%,-,12.35%,-,1.85%,21.02,-1.31%,"106,459"
EBI,-,-,-,-,-,-,-,-,-,-,-,-,-,65.24,0.04%,"5,476"
EBIT,-,-,-,-,-,-,-,-,-,-,-,-,-,39.66,0.16%,38
EBIZ,-,-,-,-,-,-,-,-,-,-,-,-,-,29.12,0.76%,"1,220"
EBMT,184.80M,11.66,10.77,-,1.44,0.96,-,8.07,7.19%,5.73%,-9.42%,-,5.73%,23.20,-1.11%,"22,936"
EBND,-,-,-,-,-,-,-,-,-,-,-,-,-,20.89,0.19%,"286,035"
EBON,13.21M,-,-,-,2.02,0.05,0.06,-,-,-,21.54%,-,-19.22%,2.02,-5.01%,"5,707"
EBS,386.98M,-,8.24,-,0.57,0.74,2.40,2.86,-78.76%,180.00%,-30.38%,-,-13.74%,7.50,-6.37%,"1,204,676"
EBUF,-,-,-,-,-,-,-,-,-,-,-,-,-,31.31,0.97%,"17,214"
EC,33.22B,14.75,8.11,0.60,1.12,1.52,8.81,7.27,74.87%,-9.95%,37.30%,13.61%,15.88%,16.16,1.76%,"2,726,279"
ECAT,1.58B,7.39,-,-,-,-,-,-,-,-,-,-,-,15.89,0.06%,"507,171"
ECBK,176.05M,17.38,-,-,2.11,1.00,-,13.97,-,-,15.40%,-,28.41%,20.11,0.50%,"2,752"
ECC,497.10M,-,4.73,-,2.56,0.90,-,-,-21.43%,3.25%,-,-,-,3.76,-0.27%,"559,158"
ECF,173.73M,4.03,-,-,36.24,1.02,-,-,-,-,-,-,-,12.72,0.39%,"4,582"
ECG,7.06B,31.66,27.33,1.88,1.78,10.27,24.06,30.74,14.62%,11.76%,16.45%,14.50%,16.25%,138.28,3.72%,"747,463"
ECH,-,-,-,-,-,-,-,-,-,-,-,-,-,40.01,1.60%,"194,949"
ECHO,27.39B,-,72.63,-,1.85,4.85,18.06,-,98.20%,243.02%,-161.79%,-,51.37%,94.50,1.72%,"7,040,390"
ECHX,-,-,-,-,-,-,-,-,-,-,-,-,-,9.36,3.56%,"244,347"
ECL,75.92B,36.47,28.72,2.30,4.61,7.59,146.05,40.59,8.93%,14.50%,-,12.51%,6.40%,269.75,-0.77%,"849,288"
ECML,-,-,-,-,-,-,-,-,-,-,-,-,-,39.12,-0.49%,11
ECNS,-,-,-,-,-,-,-,-,-,-,-,-,-,28.45,1.79%,"1,603"
ECO,2.18B,10.02,10.13,0.98,4.52,3.05,12.68,-,201.40%,-50.70%,3.87%,10.29%,6.72%,56.73,4.67%,"527,364"
ECON,-,-,-,-,-,-,-,-,-,-,-,-,-,34.49,1.65%,"10,071"
ECOR,51.02M,-,-,-,1.46,-,5.78,-,10.06%,71.36%,28.87%,-,55.74%,6.15,-5.67%,"83,124"
ECOW,-,-,-,-,-,-,-,-,-,-,-,-,-,27.17,1.00%,"31,584"
ECPG,1.92B,6.95,6.41,-,1.04,1.86,8.45,11.56,18.68%,8.01%,10.31%,-,3.27%,89.59,-1.45%,"254,771"
ECVT,1.33B,-,13.80,0.35,1.63,2.32,8.20,15.38,70.28%,32.91%,37.68%,39.21%,7.85%,12.18,2.18%,"1,027,232"
ECX,431.66M,-,9.86,-,0.53,-,3.65,-,101.47%,4226.69%,-296.10%,-,-,1.21,6.14%,"584,308"
ED,41.26B,18.86,17.27,2.62,2.40,1.46,280.68,-,7.05%,6.21%,11.45%,6.60%,6.69%,111.96,0.13%,"1,619,828"
EDBL,0.42M,-,-,-,0.03,-,0.22,-,99.29%,62.65%,72.14%,-,6.29%,3.48,-17.14%,"198,412"
EDC,-,-,-,-,-,-,-,-,-,-,-,-,-,77.22,5.21%,"76,639"
EDD,377.71M,4.84,-,-,-,-,-,-,-,-,-,-,-,5.86,1.38%,"625,978"
EDEN,-,-,-,-,-,-,-,-,-,-,-,-,-,114.77,0.93%,"1,194"
EDF,169.57M,6.00,-,-,-,-,-,-,-,-,-,-,-,5.28,-2.40%,"333,631"
EDGE,-,-,-,-,-,-,-,-,-,-,-,-,-,50.30,0.48%,"13,908"
EDGF,-,-,-,-,-,-,-,-,-,-,-,-,-,24.62,0.06%,"52,654"
EDGH,-,-,-,-,-,-,-,-,-,-,-,-,-,32.88,0.92%,"26,058"
EDGI,-,-,-,-,-,-,-,-,-,-,-,-,-,30.86,1.01%,"14,654"
EDGQ,-,-,-,-,-,-,-,-,-,-,-,-,-,27.92,0.92%,"16,814"
EDGU,-,-,-,-,-,-,-,-,-,-,-,-,-,31.68,0.36%,"30,312"
EDGX,-,-,-,-,-,-,-,-,-,-,-,-,-,26.73,0.35%,"3,705"
EDHL,-,-,-,-,-,-,-,-,-,-,-,-,-,3.64,-8.31%,"18,083"
EDIT,484.94M,-,-,-,12.53,70.16,3.92,-,44.82%,4.27%,1.84%,16.74%,-14.89%,3.16,0.00%,"1,843,178"
EDIV,-,-,-,-,-,-,-,-,-,-,-,-,-,42.18,1.10%,"104,883"
EDN,557.68M,4.67,-,-,0.24,0.60,1.00,-,-,-,-,-,13.24%,25.20,2.52%,"27,399"
EDOG,-,-,-,-,-,-,-,-,-,-,-,-,-,24.13,0.50%,164
EDOW,-,-,-,-,-,-,-,-,-,-,-,-,-,44.35,-0.94%,"12,393"
EDRY,67.02M,-,7.93,-,1.20,0.72,3.12,6.82,223.87%,-4.74%,13.93%,-,18.58%,23.38,3.73%,"27,743"
EDSA,64.93M,-,-,-,-,32.87,6.49,-,-30.71%,2.41%,-11.35%,-10.64%,-,6.74,-1.03%,"85,278"
EDTK,15.06M,-,-,-,19.55,1.17,26.41,-,-,-,-,-,-50.00%,0.94,-2.17%,"3,499"
EDU,8.21B,18.81,11.66,0.79,1.52,1.98,1.65,-,9.45%,22.58%,-2.63%,14.80%,6.54%,49.59,1.91%,"899,530"
EDUC,12.62M,6.44,-,-,0.61,0.30,6.97,17.05,-,-,-28.94%,-,-35.46%,1.48,0.00%,"626,634"
EDV,-,-,-,-,-,-,-,-,-,-,-,-,-,61.75,0.05%,"1,138,394"
EDZ,-,-,-,-,-,-,-,-,-,-,-,-,-,16.06,-5.75%,"133,143"
EE,4.41B,31.60,19.52,0.66,3.27,1.80,8.10,19.93,19.23%,30.02%,-4.24%,29.75%,23.31%,38.73,-0.69%,"224,259"
EEA,74.62M,4.05,-,-,31.72,0.92,-,-,-,-,-,-,-,10.94,0.74%,"5,624"
EEE,-,-,-,-,-,-,-,-,-,-,-,-,-,20.64,1.76%,8
EEFT,2.94B,11.14,6.34,0.54,0.68,2.43,1.38,10.43,14.11%,11.13%,-,11.78%,11.32%,77.22,-0.57%,"289,302"
EEIQ,4.05M,-,-,-,0.41,0.51,6.23,-,-,-,-,-,-0.27%,2.46,-3.15%,"10,234"
EELV,-,-,-,-,-,-,-,-,-,-,-,-,-,28.18,0.34%,"35,572"
EEM,-,-,-,-,-,-,-,-,-,-,-,-,-,65.67,1.81%,"18,557,844"
EEMA,-,-,-,-,-,-,-,-,-,-,-,-,-,113.09,1.39%,"33,531"
EEMO,-,-,-,-,-,-,-,-,-,-,-,-,-,21.91,3.79%,"6,863"
EEMS,-,-,-,-,-,-,-,-,-,-,-,-,-,73.56,0.18%,"11,189"
EEMV,-,-,-,-,-,-,-,-,-,-,-,-,-,72.78,0.97%,"297,737"
EEMX,-,-,-,-,-,-,-,-,-,-,-,-,-,51.76,1.61%,"5,139"
EES,-,-,-,-,-,-,-,-,-,-,-,-,-,67.46,-0.09%,"11,156"
EET,-,-,-,-,-,-,-,-,-,-,-,-,-,107.20,3.47%,"39,184"
EETH,-,-,-,-,-,-,-,-,-,-,-,-,-,22.89,5.83%,"29,170"
EEV,-,-,-,-,-,-,-,-,-,-,-,-,-,11.36,-3.89%,"26,846"
EEX,997.46M,-,17.38,-,2.12,2.95,8.24,16.85,411.22%,38.10%,55.73%,-,29.47%,5.04,0.00%,0
EFA,-,-,-,-,-,-,-,-,-,-,-,-,-,103.96,0.70%,"9,932,197"
EFAA,-,-,-,-,-,-,-,-,-,-,-,-,-,55.72,0.35%,"51,342"
EFAD,-,-,-,-,-,-,-,-,-,-,-,-,-,42.99,0.62%,"1,744"
EFAS,-,-,-,-,-,-,-,-,-,-,-,-,-,21.94,0.94%,"11,822"
EFAV,-,-,-,-,-,-,-,-,-,-,-,-,-,90.03,0.35%,"201,284"
EFAX,-,-,-,-,-,-,-,-,-,-,-,-,-,53.98,0.67%,"17,563"
EFC,1.71B,8.25,7.07,-,2.90,1.00,8.92,2.46,4.10%,-0.44%,24.76%,-0.90%,32.40%,13.62,1.26%,"1,481,526"
EFFE,-,-,-,-,-,-,-,-,-,-,-,-,-,26.79,1.43%,16
EFFI,-,-,-,-,-,-,-,-,-,-,-,-,-,25.58,0.47%,254
EFG,-,-,-,-,-,-,-,-,-,-,-,-,-,121.45,0.81%,"536,138"
EFIV,-,-,-,-,-,-,-,-,-,-,-,-,-,72.80,0.71%,"163,239"
EFNL,-,-,-,-,-,-,-,-,-,-,-,-,-,52.09,0.48%,"7,217"
EFO,-,-,-,-,-,-,-,-,-,-,-,-,-,72.99,1.55%,376
EFOI,18.91M,-,-,-,4.86,4.76,16.73,-,-,-,57.15%,-,-26.70%,3.00,1.01%,"20,239"
EFOR,701.51M,7.56,3.81,0.50,0.18,0.39,4.89,2.41,-21.25%,25.29%,-7.08%,7.55%,2.59%,17.11,-6.40%,"831,354"
EFR,315.61M,20.96,-,-,7.35,0.90,-,-,-,-,-,-,-,10.69,0.38%,"48,694"
EFRA,-,-,-,-,-,-,-,-,-,-,-,-,-,35.65,0.57%,41
EFSC,2.39B,12.34,11.00,-,2.35,1.22,-,11.74,4.41%,7.11%,14.00%,-,22.76%,65.29,-0.88%,"133,991"
EFSI,226.81M,11.92,11.47,2.94,1.90,1.19,-,9.00,-4.25%,10.60%,-13.47%,3.90%,17.25%,41.90,0.71%,"58,867"
EFT,287.04M,22.50,-,-,6.40,0.86,-,-,-,-,-,-,-,10.80,0.37%,"48,791"
EFU,-,-,-,-,-,-,-,-,-,-,-,-,-,7.29,-1.43%,"10,830"
EFV,-,-,-,-,-,-,-,-,-,-,-,-,-,78.49,0.59%,"1,773,072"
EFX,19.88B,29.40,16.24,0.91,3.16,4.39,108.38,17.45,12.60%,19.33%,4.67%,17.84%,8.04%,166.93,-3.29%,"1,124,891"
EFXT,2.96B,36.06,12.75,0.22,1.14,2.59,63.01,18.00,184.77%,28.48%,-6.59%,58.79%,23.16%,24.26,1.80%,"289,136"
EFZ,-,-,-,-,-,-,-,-,-,-,-,-,-,22.92,-0.84%,468
EG,14.71B,7.57,6.18,0.41,0.85,0.97,-,4.84,17.93%,14.58%,24.23%,15.03%,12.76%,371.85,-1.60%,"281,655"
EGAN,180.89M,4.77,15.45,-,1.96,1.98,2.25,13.23,101.67%,5.79%,37.92%,-,3.99%,6.59,-3.51%,"142,799"
EGBN,819.12M,-,10.29,-,1.33,0.72,-,-,141.14%,50.69%,-,-,7.99%,26.86,-0.11%,"189,522"
EGG,201.92M,500.69,-,-,59.92,16.28,19.72,-,-,-,-,-,23.53%,7.21,0.14%,"41,562"
EGGQ,-,-,-,-,-,-,-,-,-,-,-,-,-,56.46,2.86%,"6,309"
EGGS,-,-,-,-,-,-,-,-,-,-,-,-,-,39.39,1.92%,"3,819"
EGGY,-,-,-,-,-,-,-,-,-,-,-,-,-,37.77,2.50%,"118,749"
EGHA,211.77M,47.60,-,-,-,1.41,460.36,-,-,-,-,-,-,10.33,0.10%,"46,435"
EGHT,307.67M,221.43,6.05,-,0.42,2.09,3.24,7.73,-10.59%,0.35%,-,-,6.69%,2.17,-2.25%,"1,535,841"
EGLE,-,-,-,-,-,-,-,-,-,-,-,-,-,30.95,0.25%,14
EGO,7.69B,10.44,5.04,0.10,3.85,1.34,12.22,-,120.00%,51.84%,27.92%,48.29%,12.06%,29.48,1.17%,"1,540,612"
EGP,11.36B,38.43,36.51,4.83,15.41,3.18,362.11,27.19,20.40%,-1.31%,12.06%,7.56%,14.49%,211.25,0.10%,"309,196"
EGUS,-,-,-,-,-,-,-,-,-,-,-,-,-,58.76,1.14%,"1,461"
EGY,566.12M,-,7.15,-,1.82,1.64,11.76,-,1629.92%,24.17%,13.62%,-,39.84%,5.43,-0.55%,"1,003,997"
EH,302.80M,-,-,-,4.24,2.88,2.09,-,-117.36%,70.99%,-17.72%,-,17.38%,5.45,0.74%,"1,089,987"
EHC,10.79B,18.15,16.63,1.63,1.78,4.29,53.80,23.23,10.20%,8.86%,14.24%,10.18%,5.03%,108.73,-1.19%,"1,348,851"
EHCC,-,-,-,-,-,-,-,-,-,-,-,-,-,19.86,3.96%,116
EHGO,6.07M,-,-,-,0.42,0.33,1.02,-,-,-,-,-,-7.05%,1.88,-11.32%,"1,152,963"
EHI,179.98M,11.21,-,-,7.49,0.88,-,-,-,-,-,-,-,5.94,0.17%,"94,547"
EHLD,23.55M,3.92,-,-,1.31,1.07,4.04,-,-,-,-,-,-,8.36,3.59%,"2,268"
EHLS,-,-,-,-,-,-,-,-,-,-,-,-,-,26.26,0.55%,197
EHTH,49.83M,-,1.91,-,0.09,0.08,0.45,-,-69.81%,45.44%,-,-,-1.01%,1.57,-0.63%,"277,050"
EHY,-,-,-,-,-,-,-,-,-,-,-,-,-,7.73,8.20%,"1,585"
EIC,231.59M,-,7.04,-,3.93,0.84,-,-,-10.60%,5.68%,-,-,-,10.05,0.50%,"69,372"
EIDO,-,-,-,-,-,-,-,-,-,-,-,-,-,12.07,0.75%,"917,079"
EIG,914.52M,149.11,19.95,-,1.06,1.08,-,30.79,140.52%,12.34%,-35.03%,-,3.84%,50.13,-2.20%,"184,033"
EIKN,551.68M,-,-,-,-,1.00,1.08,-,94.00%,3.62%,-,63.03%,-,10.19,-2.39%,"270,737"
EIM,512.70M,43.39,-,-,12.61,0.96,-,-,-,-,-,-,-,9.98,0.30%,"221,461"
EINC,-,-,-,-,-,-,-,-,-,-,-,-,-,123.14,0.56%,"29,750"
EIPI,-,-,-,-,-,-,-,-,-,-,-,-,-,22.38,-0.13%,"44,169"
EIPX,-,-,-,-,-,-,-,-,-,-,-,-,-,32.28,0.05%,"16,974"
EIRL,-,-,-,-,-,-,-,-,-,-,-,-,-,78.62,0.27%,"1,563"
EIS,-,-,-,-,-,-,-,-,-,-,-,-,-,120.17,1.84%,"55,968"
EIX,29.47B,8.31,11.75,6.42,1.50,1.71,175.40,-,-6.55%,6.47%,42.36%,1.83%,7.31%,76.58,0.80%,"2,089,042"
EJAN,-,-,-,-,-,-,-,-,-,-,-,-,-,35.73,0.60%,"1,756"
EJH,5.34M,0.07,-,-,0.11,0.00,0.02,-,-,-,-,-,1.35%,1.67,1.21%,"2,777"
EJUL,-,-,-,-,-,-,-,-,-,-,-,-,-,30.48,1.14%,"62,387"
EKG,-,-,-,-,-,-,-,-,-,-,-,-,-,19.48,-1.09%,"11,236"
EL,29.25B,-,25.41,0.69,1.97,7.33,9.36,22.77,61.27%,30.69%,-,36.63%,0.04%,80.86,-0.36%,"1,952,245"
ELA,579.50M,27.68,34.08,-,1.99,7.64,15.01,27.31,29.46%,-9.66%,18.85%,-,16.17%,22.32,-0.31%,"80,797"
ELAB,5.09M,-,-,-,4.00,0.17,0.34,-,-,-,15.55%,-,-,1.12,2.75%,"2,306,931"
ELAN,12.76B,-,21.30,1.59,2.61,1.96,29.82,40.51,13.33%,12.60%,18.11%,13.40%,7.57%,25.55,1.63%,"4,615,328"
ELBM,60.84M,-,-,-,-,1.00,2.11,-,99.84%,-1399.98%,-55.53%,-,-,0.58,3.83%,"341,825"
ELCV,-,-,-,-,-,-,-,-,-,-,-,-,-,32.18,0.25%,"38,614"
ELD,-,-,-,-,-,-,-,-,-,-,-,-,-,28.81,0.26%,"13,471"
ELDN,312.61M,-,-,-,-,6.86,2.81,-,-70.00%,10.07%,48.72%,-15.56%,-,4.05,4.92%,"1,027,195"
ELE,402.02M,1887.21,32.36,0.28,7.14,1.33,4.68,-,481.28%,43.80%,-,113.85%,53.50%,16.23,5.66%,"257,808"
ELF,4.26B,161.92,19.80,2.22,2.60,3.78,14.70,22.40,5.50%,10.53%,29.90%,8.92%,38.76%,72.25,-3.79%,"1,783,894"
ELFY,-,-,-,-,-,-,-,-,-,-,-,-,-,42.62,1.06%,"12,263"
ELIL,-,-,-,-,-,-,-,-,-,-,-,-,-,28.57,-5.64%,"105,031"
ELLO,249.35M,-,-,-,5.05,1.61,2.08,-,-,-,15.77%,-,34.47%,18.09,-3.75%,"19,344"
ELM,-,-,-,-,-,-,-,-,-,-,-,-,-,29.22,0.36%,"5,168"
ELMD,367.14M,38.10,29.96,1.08,5.12,7.47,21.62,39.27,43.14%,21.64%,12.39%,27.70%,14.53%,44.34,-3.59%,"106,769"
ELME,136.84M,-,-,-,0.55,0.15,14.59,2.78,-,-,-,-,-4.79%,1.54,1.32%,"895,096"
ELMT,438.00M,-,27.18,1.16,-,7.18,164.66,-,8.33%,27.22%,-,23.43%,-,14.61,-0.41%,"176,917"
ELOG,9.85M,5.38,-,-,0.21,0.62,1.66,89.54,-,-,-,-,-,0.82,-5.75%,"3,808"
ELOX,0.48M,-,-,-,-,-,0.07,-,-,-,61.60%,-,-,11.26,-0.79%,"10,572"
ELPC,8.89B,17.74,12.84,1.63,1.77,1.95,8.97,19.71,8.40%,24.24%,-10.14%,7.87%,5.29%,11.97,1.27%,"479,200"
ELPW,1.96M,-,-,-,0.96,-,0.26,-,-,-,-214.04%,-,-,0.30,-18.59%,"10,760,191"
ELS,12.84B,32.71,29.16,4.91,8.32,7.05,327.24,37.49,0.84%,8.42%,9.89%,5.94%,7.09%,64.08,-1.39%,"1,888,275"
ELSE,27.20M,105.48,-,-,2.60,1.83,2.52,40.60,-,-,-,-,5.88%,7.70,0.00%,858
ELTK,59.46M,-,-,-,1.20,1.34,5.38,-,-,-,-26.83%,-,7.13%,8.85,0.81%,"1,432"
ELTX,72.98M,-,-,-,-,-,4.88,-,19.86%,-17.53%,37.53%,-1.53%,-,3.11,-5.47%,"781,940"
ELUT,40.32M,-,-,-,2.52,1.79,1.42,-,-168.97%,13.33%,20.42%,-,-22.04%,0.91,-0.33%,"38,441"
ELV,92.68B,18.16,14.55,3.49,0.46,2.11,-,14.37,-11.27%,9.11%,6.99%,4.17%,10.32%,426.79,0.38%,"2,193,772"
ELVA,390.63M,69.39,21.82,0.33,5.48,6.22,16.59,-,40.31%,186.32%,13.11%,67.11%,34.45%,7.89,1.28%,"492,127"
ELVN,3.70B,-,-,-,-,6.95,8.17,-,6.59%,-35.30%,33.56%,-16.86%,-,51.73,1.69%,"749,919"
ELVR,1.21B,-,-,-,8.28,1.85,14.95,-,-,-,-59.56%,-,-,63.11,4.31%,"36,711"
ELWT,48.39M,-,20.31,-,2.27,21.23,13.71,-,7.50%,148.65%,-,-,-,7.31,9.60%,"46,493"
EMA,16.56B,22.70,20.54,5.84,2.67,1.81,9.36,-,6.51%,-2.93%,-3.02%,3.52%,8.50%,54.15,0.86%,"263,372"
EMAT,3.42B,-,550.00,-,1819.07,-,634.48,-,-2075.00%,102.30%,-201.33%,-,-,5.50,0.18%,"35,505"
EMB,-,-,-,-,-,-,-,-,-,-,-,-,-,95.57,0.20%,"5,672,544"
EMBC,183.91M,1.63,1.78,-,0.18,-,0.95,0.90,-45.99%,9.15%,-,-13.14%,-0.10%,3.10,-3.43%,"1,313,935"
EMBD,-,-,-,-,-,-,-,-,-,-,-,-,-,23.75,0.30%,"11,472"
EMBJ,11.55B,38.21,17.50,0.55,1.46,3.53,5.46,27.86,46.27%,31.96%,-,32.03%,14.51%,64.91,0.67%,"602,032"
EMBX,-,-,-,-,-,-,-,-,-,-,-,-,-,51.06,0.29%,"14,370"
EMC,-,-,-,-,-,-,-,-,-,-,-,-,-,36.25,1.41%,940
EMCB,-,-,-,-,-,-,-,-,-,-,-,-,-,66.18,0.23%,"1,923"
EMCR,-,-,-,-,-,-,-,-,-,-,-,-,-,43.06,1.17%,"4,430"
EMCS,-,-,-,-,-,-,-,-,-,-,-,-,-,45.12,2.04%,456
EMD,623.16M,6.16,-,-,9.15,0.95,-,-,-,-,-,-,-,10.72,0.85%,"194,495"
EMDM,-,-,-,-,-,-,-,-,-,-,-,-,-,41.32,2.17%,"34,628"
EMDV,-,-,-,-,-,-,-,-,-,-,-,-,-,45.50,-0.15%,13
EME,34.43B,25.93,23.58,1.85,1.94,8.90,37.57,31.91,13.46%,11.93%,63.69%,12.74%,14.07%,774.74,1.29%,"355,985"
EMEM,-,-,-,-,-,-,-,-,-,-,-,-,-,25.42,1.71%,"8,524"
EMEQ,-,-,-,-,-,-,-,-,-,-,-,-,-,66.14,3.64%,"55,112"
EMES,-,-,-,-,-,-,-,-,-,-,-,-,-,27.69,1.91%,8
EMET,-,-,-,-,-,-,-,-,-,-,-,-,-,39.37,4.30%,"4,910"
EMF,329.30M,2.34,-,-,47.62,0.97,-,-,-,-,-,-,-,22.03,0.73%,"18,726"
EMFI,-,-,-,-,-,-,-,-,-,-,-,-,-,50.51,0.28%,111
EMGF,-,-,-,-,-,-,-,-,-,-,-,-,-,69.91,1.22%,"992,047"
EMHC,-,-,-,-,-,-,-,-,-,-,-,-,-,25.18,0.28%,"35,758"
EMHY,-,-,-,-,-,-,-,-,-,-,-,-,-,40.38,0.21%,"85,528"
EMIF,-,-,-,-,-,-,-,-,-,-,-,-,-,25.98,0.26%,"4,432"
EMIS,160.54M,75.59,-,-,-,1.36,205.83,-,-,-,-,-,-,10.19,0.01%,6
EMJL,-,-,-,-,-,-,-,-,-,-,-,-,-,24.76,1.08%,407
EMJN,-,-,-,-,-,-,-,-,-,-,-,-,-,22.81,1.06%,6
EMKT,-,-,-,-,-,-,-,-,-,-,-,-,-,30.89,1.37%,"16,157"
EML,152.94M,40.43,-,-,0.63,1.23,20.07,15.57,-,-,-0.57%,-,4.73%,25.36,-2.20%,"12,317"
EMLC,-,-,-,-,-,-,-,-,-,-,-,-,-,25.48,0.35%,"1,252,387"
EMLP,-,-,-,-,-,-,-,-,-,-,-,-,-,44.32,0.02%,"162,865"
EMM,-,-,-,-,-,-,-,-,-,-,-,-,-,42.57,1.28%,"1,378"
EMMF,-,-,-,-,-,-,-,-,-,-,-,-,-,37.26,1.42%,"16,813"
EMMY,-,-,-,-,-,-,-,-,-,-,-,-,-,24.05,0.73%,6
EMN,7.69B,19.45,9.79,0.84,0.89,1.28,11.56,15.44,16.28%,9.02%,3.21%,11.68%,0.70%,67.23,0.03%,"845,480"
EMNT,-,-,-,-,-,-,-,-,-,-,-,-,-,98.79,0.05%,"2,133"
EMO,1.05B,-,-,-,-,-,-,-,-,-,-,-,-,52.34,1.36%,"48,589"
EMOP,-,-,-,-,-,-,-,-,-,-,-,-,-,50.37,1.71%,"33,929"
EMOT,-,-,-,-,-,-,-,-,-,-,-,-,-,26.57,-0.57%,10
EMPB,-,-,-,-,-,-,-,-,-,-,-,-,-,33.30,0.37%,"6,117"
EMPD,102.61M,-,-,-,39.16,0.64,13.02,-,94.78%,-,84.20%,-,-,3.65,1.67%,"334,103"
EMQQ,-,-,-,-,-,-,-,-,-,-,-,-,-,33.02,0.13%,"13,934"
EMR,76.22B,31.40,18.91,1.85,4.16,3.75,42.56,24.47,8.43%,10.64%,4.55%,10.20%,1.41%,136.09,0.52%,"1,831,770"
EMSC,-,-,-,-,-,-,-,-,-,-,-,-,-,25.31,0.45%,"5,550"
EMSF,-,-,-,-,-,-,-,-,-,-,-,-,-,39.45,1.81%,"1,070"
EMTL,-,-,-,-,-,-,-,-,-,-,-,-,-,42.48,-0.06%,"23,027"
EMTY,-,-,-,-,-,-,-,-,-,-,-,-,-,24.44,0.78%,422
EMXC,-,-,-,-,-,-,-,-,-,-,-,-,-,95.95,1.79%,"2,771,909"
EMXF,-,-,-,-,-,-,-,-,-,-,-,-,-,56.14,1.16%,"8,176"
EMXX,-,-,-,-,-,-,-,-,-,-,-,-,-,22.98,0.96%,13
ENB,122.05B,26.11,24.71,6.87,2.43,2.93,93.53,64.84,-6.74%,9.47%,16.03%,3.60%,9.97%,55.89,1.49%,"2,512,964"
ENDW,-,-,-,-,-,-,-,-,-,-,-,-,-,34.06,0.72%,"4,846"
ENFR,-,-,-,-,-,-,-,-,-,-,-,-,-,39.80,0.53%,"72,906"
ENGN,126.94M,-,-,-,-,0.50,0.49,-,22.97%,15.54%,-255.92%,24.37%,-,1.89,1.88%,"1,351,249"
ENGS,63.29M,-,-,-,8.42,291.83,1582.35,-,-,-,-,-,-,2.93,1.38%,"2,595,603"
ENHA,1.02B,137.04,24.67,-,-,2.81,20421.55,-,90.08%,140.38%,-,-,-,2.59,-0.38%,"212,461"
ENHI,-,-,-,-,-,-,-,-,-,-,-,-,-,26.64,0.71%,27
ENHU,-,-,-,-,-,-,-,-,-,-,-,-,-,27.98,0.33%,8
ENIC,6.10B,11.60,12.10,22.84,1.36,1.15,13.39,8.48,0.39%,-1.04%,-,0.53%,6.94%,4.41,0.68%,"697,322"
ENLT,12.62B,205.72,102.89,3.24,23.57,5.97,10.87,-,-51.64%,81.38%,-,31.76%,47.38%,90.25,8.81%,"304,211"
ENLV,101.83M,0.02,-,-,-,0.05,17.35,-,-,-,-,-,-,6.05,-9.30%,"51,991"
ENOR,-,-,-,-,-,-,-,-,-,-,-,-,-,33.15,1.62%,"18,541"
ENOV,1.42B,-,6.04,0.56,0.62,0.96,42.83,39.50,10.51%,11.84%,-,10.71%,-6.05%,24.65,-6.10%,"859,569"
ENPH,5.93B,44.27,19.29,-,4.24,5.38,6.37,40.87,-31.57%,15.16%,6.42%,-2.87%,13.72%,44.99,4.47%,"3,329,043"
ENR,1.40B,7.48,5.59,1.58,0.47,8.07,8.10,8.85,-0.50%,4.22%,48.05%,3.53%,1.47%,20.41,-0.29%,"738,821"
ENRD,158.93M,21.03,-,-,-,1.32,305.63,-,-,-,-,-,-,6.16,-1.44%,"60,204"
ENS,7.34B,26.08,14.69,1.88,1.96,3.85,16.72,15.69,14.28%,13.50%,18.33%,7.80%,4.73%,201.23,0.07%,"393,207"
ENSC,4.49M,-,-,-,0.95,-,5.99,-,50.25%,94.44%,-,-,5.21%,0.29,6.17%,"19,763,842"
ENSG,9.74B,27.13,20.02,1.73,1.85,4.12,16.37,24.00,15.04%,10.21%,13.84%,11.59%,16.50%,166.73,-0.99%,"434,536"
ENTA,381.22M,-,-,-,5.51,3.27,2.33,-,40.18%,9.84%,-16.17%,17.92%,-11.81%,13.11,-3.89%,"136,868"
ENTG,21.45B,81.05,30.00,1.19,6.63,5.29,48.44,42.44,32.79%,28.34%,-6.49%,25.24%,11.45%,140.63,3.20%,"2,038,377"
ENTL,-,-,-,-,-,-,-,-,-,-,-,-,-,8.18,6.33%,"1,262"
ENTX,79.85M,-,-,-,-,7.07,6.69,-,-36.00%,-67.65%,16.47%,-,-35.11%,1.62,-1.22%,"151,570"
ENVA,5.74B,18.68,11.55,0.43,1.75,4.10,13.62,3.09,26.92%,21.45%,-0.31%,26.89%,23.80%,230.64,-0.59%,"413,352"
ENVB,4.86M,-,-,-,-,0.49,0.99,-,-,-,67.96%,-,-,1.32,0.76%,"39,815"
ENVX,1.10B,-,-,-,32.16,4.58,2.09,-,-4.55%,-1.36%,11.35%,-,-,5.06,2.22%,"4,784,954"
ENZL,-,-,-,-,-,-,-,-,-,-,-,-,-,46.43,1.00%,"59,634"
EO,-,-,-,-,-,-,-,-,-,-,-,-,-,12.39,-1.62%,429
EOCT,-,-,-,-,-,-,-,-,-,-,-,-,-,34.06,0.48%,"1,620"
EOD,284.24M,3.69,-,-,-,-,-,-,-,-,-,-,-,6.60,0.00%,"58,290"
EOG,73.51B,13.57,9.54,0.67,3.12,2.39,19.10,18.53,63.50%,-12.92%,-,14.33%,17.92%,138.01,-1.15%,"2,896,272"
EOI,824.55M,8.52,-,-,129.78,1.03,-,-,-,-,-,-,-,20.11,1.00%,"49,056"
EOLS,412.91M,-,23.51,-,1.37,-,8.29,-,78.64%,384.35%,30.19%,-,39.36%,6.27,-3.83%,"567,719"
EONR,27.33M,-,-,-,1.58,0.40,31.06,-,-,-,-,-,-,0.55,-3.01%,"867,715"
EOS,1.19B,7.47,-,-,183.68,0.91,-,-,-,-,-,-,-,22.25,0.45%,"79,374"
EOSE,1.52B,-,-,-,9.43,-,3.36,-,95.95%,58.64%,-35.89%,-,249.50%,4.29,-1.38%,"18,536,336"
EOSU,-,-,-,-,-,-,-,-,-,-,-,-,-,12.15,0.58%,"197,771"
EOT,273.44M,24.31,-,-,-,-,-,-,-,-,-,-,-,17.50,0.17%,"19,589"
EP,103.06M,-,-,-,3.13,27.93,11.72,-,-,-,6.51%,-,41.69%,2.59,-3.72%,"166,594"
EPAC,1.75B,19.30,16.60,2.21,2.75,4.12,15.10,15.55,3.13%,10.18%,169.38%,7.52%,4.57%,34.15,-1.73%,"836,645"
EPAI,-,-,-,-,-,-,-,-,-,-,-,-,-,28.19,1.92%,101
EPAM,4.41B,12.12,5.95,0.57,0.79,1.30,4.25,8.12,13.44%,8.89%,3.71%,10.49%,15.46%,84.50,-2.18%,"2,641,180"
EPC,1.26B,-,13.42,-,0.60,0.87,4.22,26.03,-25.08%,8.30%,-15.49%,-5.50%,2.66%,27.45,0.81%,"457,451"
EPD,81.63B,14.03,11.74,1.28,1.60,2.76,58.94,35.98,8.90%,10.91%,9.13%,9.14%,14.32%,37.73,-1.51%,"3,894,635"
EPEM,-,-,-,-,-,-,-,-,-,-,-,-,-,29.10,1.05%,508
EPHE,-,-,-,-,-,-,-,-,-,-,-,-,-,25.18,1.00%,"89,073"
EPI,-,-,-,-,-,-,-,-,-,-,-,-,-,42.30,-0.07%,"447,716"
EPIN,-,-,-,-,-,-,-,-,-,-,-,-,-,28.08,0.82%,10
EPM,138.11M,-,77.00,-,1.66,2.36,52.71,-,-700.00%,127.78%,-28.66%,-,23.73%,3.85,0.52%,"212,021"
EPMB,-,-,-,-,-,-,-,-,-,-,-,-,-,26.39,0.33%,112
EPMV,-,-,-,-,-,-,-,-,-,-,-,-,-,26.72,0.25%,11
EPOL,-,-,-,-,-,-,-,-,-,-,-,-,-,40.78,1.54%,"199,217"
EPOW,28.81M,-,-,-,0.62,-,1.02,-,-,-,-,-,14.90%,0.53,-0.15%,"37,262"
EPP,-,-,-,-,-,-,-,-,-,-,-,-,-,54.92,1.16%,"209,358"
EPR,4.56B,18.42,19.30,-,6.28,1.97,61.10,10.47,-7.20%,1.36%,-,-0.38%,11.87%,59.54,-0.45%,"499,375"
EPRF,-,-,-,-,-,-,-,-,-,-,-,-,-,16.67,0.67%,"9,152"
EPRT,6.75B,24.72,22.40,5.14,11.32,1.54,417.25,-,1.61%,7.10%,402.11%,4.36%,28.08%,31.20,-0.57%,"825,412"
EPRX,414.19M,-,-,-,-,3.63,2.98,-,16.01%,-3.11%,-34.75%,-4.44%,-,6.34,-1.40%,"186,669"
EPS,-,-,-,-,-,-,-,-,-,-,-,-,-,78.70,0.31%,"35,352"
EPSB,-,-,-,-,-,-,-,-,-,-,-,-,-,27.35,0.34%,"2,360"
EPSM,3.41M,-,-,-,0.67,1.50,1.69,-,-,-,-,-,-23.67%,1.28,-0.78%,"2,961"
EPSN,166.36M,-,-,-,2.73,1.34,21.03,16.25,-,-,-,-,16.13%,5.50,0.92%,"165,199"
EPSV,-,-,-,-,-,-,-,-,-,-,-,-,-,30.40,0.51%,90
EPU,-,-,-,-,-,-,-,-,-,-,-,-,-,86.76,1.82%,"16,486"
EPV,-,-,-,-,-,-,-,-,-,-,-,-,-,18.36,-1.08%,"6,561"
EQ,174.50M,-,-,-,-,2.93,2.85,-,40.17%,-8.10%,23.22%,8.32%,-,2.76,-4.17%,"285,012"
EQAL,-,-,-,-,-,-,-,-,-,-,-,-,-,59.17,-0.02%,"13,424"
EQBK,1.01B,38.86,9.40,-,2.92,1.24,-,33.86,272.49%,13.65%,-,-,11.67%,48.97,0.25%,"168,753"
EQH,12.91B,-,5.31,0.23,1.07,-,-,21.48,26.31%,25.03%,-25.44%,23.06%,-0.54%,47.30,-1.05%,"2,248,672"
EQIN,-,-,-,-,-,-,-,-,-,-,-,-,-,52.31,-0.85%,"17,694"
EQIX,100.95B,70.78,53.82,3.60,10.70,7.06,32.43,-,25.31%,10.30%,26.89%,14.96%,8.96%,1023.54,-1.54%,"428,256"
EQL,-,-,-,-,-,-,-,-,-,-,-,-,-,51.06,0.08%,"40,344"
EQLT,-,-,-,-,-,-,-,-,-,-,-,-,-,37.56,1.05%,414
EQNR,86.52B,16.48,9.33,0.70,0.83,2.08,4.31,41.15,100.90%,-21.81%,-,13.25%,18.29%,36.19,0.36%,"3,752,935"
EQPT,4.38B,-,21.54,-,-,3.65,10.72,-,4665.70%,68.92%,-,-,-,17.34,3.06%,"3,152,350"
EQR,25.75B,27.72,44.01,-,8.22,2.42,742.51,20.13,-49.92%,6.05%,5.27%,-15.21%,3.91%,68.72,-1.43%,"2,942,849"
EQRR,-,-,-,-,-,-,-,-,-,-,-,-,-,81.78,0.73%,"1,422"
EQS,16.62M,-,-,-,-,0.79,118.75,-,-,-,-2.59%,-,-,1.19,-2.46%,"9,397"
EQT,31.16B,9.44,11.76,0.57,3.26,1.24,95.40,7.68,44.56%,-3.95%,-,20.80%,25.73%,49.81,0.18%,"5,812,752"
EQTY,-,-,-,-,-,-,-,-,-,-,-,-,-,28.54,-0.12%,"7,654"
EQWL,-,-,-,-,-,-,-,-,-,-,-,-,-,129.08,-0.71%,"83,893"
EQX,7.50B,14.49,5.99,0.19,2.64,1.22,15.01,77.74,89.34%,25.10%,27.35%,32.25%,16.54%,9.50,0.53%,"9,120,575"
ERAS,6.06B,-,-,-,-,15.40,24.87,-,-115.80%,42.40%,12.46%,-14.47%,-,19.50,8.94%,"10,704,537"
ERC,258.09M,9.68,-,-,9.13,0.93,-,-,-,-,-,-,-,9.20,-0.22%,"35,905"
ERET,-,-,-,-,-,-,-,-,-,-,-,-,-,29.17,0.27%,290
ERH,108.19M,4.88,-,-,18.56,0.88,-,-,-,-,-,-,-,12.25,1.32%,"26,428"
ERIC,31.15B,12.78,15.12,-,1.27,3.14,4.70,8.90,-39.35%,17.04%,8.75%,-8.08%,-0.90%,10.14,-13.48%,"39,448,216"
ERIE,11.11B,21.99,-,-,2.72,4.72,34.33,20.68,18.43%,-,13.78%,-,9.90%,238.47,-3.52%,"217,362"
ERII,446.38M,22.68,25.93,2.58,3.27,2.45,5.18,16.42,-101.90%,4275.00%,-1.87%,10.06%,2.56%,8.66,0.00%,"570,740"
ERNA,7.07M,-,-,-,-,1.03,0.77,-,67.76%,89.68%,69.90%,71.68%,-,6.06,9.39%,"18,781"
ERO,2.70B,9.26,5.55,0.19,2.92,2.46,29.60,22.33,85.11%,18.82%,33.60%,28.60%,19.38%,25.89,5.03%,"684,091"
EROC,2.72B,-,-,-,-,-,9.05,-,-,-,-,-,-,12.40,2.39%,"945,219"
EROK,2.83B,-,-,-,-,-,-,-,-,-,-,-,-,21.81,0.37%,"106,659"
ERTH,-,-,-,-,-,-,-,-,-,-,-,-,-,46.38,1.33%,"1,559"
ERX,-,-,-,-,-,-,-,-,-,-,-,-,-,87.09,0.51%,"283,407"
ERY,-,-,-,-,-,-,-,-,-,-,-,-,-,11.33,-0.79%,"1,458,379"
ES,28.07B,15.97,15.18,4.61,2.01,1.70,103.90,118.59,-2.28%,5.71%,5.17%,3.29%,8.75%,74.64,-0.29%,"1,606,005"
ESAB,5.31B,25.91,13.38,1.09,1.82,2.42,5.28,24.30,8.76%,13.42%,7.02%,12.28%,7.83%,87.17,0.52%,"492,447"
ESBA,1.51B,26.11,-,-,1.94,0.87,14.26,25.14,-,-,-,-,4.75%,5.41,-1.46%,"3,429"
ESBG,-,-,-,-,-,-,-,-,-,-,-,-,-,20.65,1.16%,88
ESCA,250.84M,16.26,-,-,1.04,1.42,19.22,8.21,9.09%,-,-11.52%,-,-2.58%,18.17,-1.68%,"37,101"
ESE,8.43B,62.26,35.80,1.77,6.76,5.32,91.40,37.50,35.84%,11.00%,41.77%,20.23%,8.44%,325.46,1.45%,"199,115"
ESEA,505.94M,3.78,4.44,-,2.23,1.03,2.61,4.68,-13.03%,-5.74%,102.30%,-,33.72%,71.71,0.55%,"49,521"
ESG,-,-,-,-,-,-,-,-,-,-,-,-,-,175.82,-0.15%,266
ESGD,-,-,-,-,-,-,-,-,-,-,-,-,-,103.08,0.74%,"174,920"
ESGE,-,-,-,-,-,-,-,-,-,-,-,-,-,52.55,1.78%,"405,581"
ESGG,-,-,-,-,-,-,-,-,-,-,-,-,-,232.05,0.30%,336
ESGU,-,-,-,-,-,-,-,-,-,-,-,-,-,165.23,0.43%,"264,924"
ESGV,-,-,-,-,-,-,-,-,-,-,-,-,-,133.29,0.58%,"108,637"
ESI,9.91B,66.35,19.89,1.23,3.54,3.62,55.87,81.93,18.87%,15.37%,21.04%,16.14%,6.60%,40.65,2.65%,"4,005,941"
ESIM,-,-,-,-,-,-,-,-,-,-,-,-,-,29.22,0.98%,"28,705"
ESLA,35.12M,-,-,-,-,-,18.19,-,-,-,-70.08%,-,-,0.82,-6.81%,"43,137"
ESLG,-,-,-,-,-,-,-,-,-,-,-,-,-,28.55,0.78%,"1,972"
ESLT,34.50B,59.61,42.24,2.10,4.19,8.04,37.28,54.30,28.42%,19.17%,16.19%,20.13%,11.25%,736.30,0.12%,"93,626"
ESLV,-,-,-,-,-,-,-,-,-,-,-,-,-,28.65,-0.38%,"2,139"
ESML,-,-,-,-,-,-,-,-,-,-,-,-,-,54.35,0.43%,"418,819"
ESMV,-,-,-,-,-,-,-,-,-,-,-,-,-,30.60,-0.65%,172
ESN,-,-,-,-,-,-,-,-,-,-,-,-,-,19.87,-0.02%,"76,085"
ESNT,5.99B,9.26,8.65,1.83,4.78,1.06,-,7.32,3.69%,5.10%,12.18%,4.72%,5.73%,65.01,0.12%,"662,689"
ESOA,303.04M,29.34,19.68,-,0.69,3.71,29.97,31.57,3150.00%,26.92%,-28.64%,-,28.09%,16.24,-1.04%,"76,795"
ESP,174.30M,15.35,15.68,2.41,4.13,2.90,3.74,39.52,18.93%,-1.59%,44.13%,6.51%,6.87%,58.18,4.32%,"201,777"
ESPO,-,-,-,-,-,-,-,-,-,-,-,-,-,91.55,-0.25%,"4,998"
ESPR,819.46M,-,12.72,-,1.96,-,5.25,-,-25.00%,281.82%,53.87%,-,12.12%,3.18,0.00%,0
ESQ,1.03B,20.06,13.99,-,5.98,3.42,-,16.80,15.42%,25.83%,28.87%,-,25.29%,119.28,0.48%,"125,436"
ESRT,955.26M,26.74,-,-,1.23,0.90,9.00,15.87,-,-,-,-,4.75%,5.54,0.00%,"992,901"
ESS,19.81B,33.53,48.67,-,10.39,3.53,417.84,17.62,-42.93%,3.20%,3.69%,-14.18%,4.76%,298.13,0.22%,"536,974"
ESSC,-,-,-,-,-,-,-,-,-,-,-,-,-,31.10,0.51%,790
ESTA,2.55B,-,5354.98,-,11.10,172.12,37.42,-,33.33%,101.41%,-1.07%,-,20.04%,86.59,-1.49%,"317,618"
ESTC,6.48B,17.81,16.16,0.69,3.72,5.11,4.72,20.13,26.20%,18.88%,-,23.32%,23.37%,62.32,-0.18%,"2,070,090"
ESUM,-,-,-,-,-,-,-,-,-,-,-,-,-,30.47,0.59%,"27,838"
ET,69.06B,16.86,12.57,1.08,0.75,2.22,71.13,18.69,23.28%,7.00%,-,11.63%,17.04%,20.07,-0.55%,"6,003,341"
ETB,460.30M,7.68,-,-,74.58,0.96,-,-,-,-,-,-,-,15.67,0.51%,"48,319"
ETCO,-,-,-,-,-,-,-,-,-,-,-,-,-,8.35,-0.23%,558
ETD,565.67M,14.10,15.33,-,0.95,1.19,5.31,12.65,-29.66%,1.05%,42.60%,-,0.83%,22.23,0.45%,"310,142"
ETEC,-,-,-,-,-,-,-,-,-,-,-,-,-,27.71,0.93%,902
ETFT,-,-,-,-,-,-,-,-,-,-,-,-,-,9.73,-0.82%,656
ETG,1.79B,3.64,-,-,20.69,0.95,-,-,-,-,-,-,-,23.43,0.86%,"47,140"
ETH,-,-,-,-,-,-,-,-,-,-,-,-,-,17.88,5.86%,"3,132,416"
ETHA,-,-,-,-,-,-,-,-,-,-,-,-,-,14.18,6.06%,"43,598,795"
ETHB,-,-,-,-,-,-,-,-,-,-,-,-,-,24.14,5.88%,"495,867"
ETHD,-,-,-,-,-,-,-,-,-,-,-,-,-,62.21,-11.58%,"260,402"
ETHE,-,-,-,-,-,-,-,-,-,-,-,-,-,15.15,5.87%,"2,945,849"
ETHO,-,-,-,-,-,-,-,-,-,-,-,-,-,79.35,0.46%,"2,081"
ETHT,-,-,-,-,-,-,-,-,-,-,-,-,-,10.39,11.48%,"2,242,286"
ETHU,-,-,-,-,-,-,-,-,-,-,-,-,-,15.95,11.46%,"9,072,697"
ETHV,-,-,-,-,-,-,-,-,-,-,-,-,-,27.42,5.75%,"39,104"
ETHW,-,-,-,-,-,-,-,-,-,-,-,-,-,13.43,5.83%,"980,903"
ETJ,572.07M,11.49,-,-,-,-,-,-,-,-,-,-,-,8.50,0.35%,"80,920"
ETN,161.35B,40.62,26.42,1.79,5.66,8.18,214.84,42.73,10.57%,17.84%,24.52%,14.72%,8.98%,415.52,3.15%,"1,918,564"
ETNG,-,-,-,-,-,-,-,-,-,-,-,-,-,13.81,6.56%,"11,573"
ETO,506.39M,3.69,-,-,20.34,0.94,-,-,-,-,-,-,-,30.90,0.65%,"14,525"
ETON,1.03B,-,19.76,0.19,11.82,33.52,52.26,66.59,129.34%,136.45%,33.66%,105.03%,359.57%,37.51,0.46%,"470,083"
ETOR,3.03B,15.62,11.39,0.60,3.20,2.29,2.38,10.13,26.17%,16.92%,-,18.89%,-,38.14,-0.20%,"680,927"
ETR,52.84B,29.40,22.73,1.64,3.98,3.05,14.80,-,12.57%,15.34%,2.50%,13.89%,5.38%,115.41,0.50%,"2,015,802"
ETS,-,-,-,-,-,-,-,-,-,-,-,-,-,0.86,7.49%,"31,927"
ETSS,197.60M,-,-,-,-,-,-,-,-,-,-,-,-,9.88,-0.10%,"39,509"
ETSY,7.88B,33.94,20.30,0.40,2.75,-,5.53,11.69,156.20%,14.92%,-12.32%,51.18%,10.81%,83.06,3.14%,"2,859,538"
ETTY,-,-,-,-,-,-,-,-,-,-,-,-,-,8.48,7.19%,"1,870"
ETU,-,-,-,-,-,-,-,-,-,-,-,-,-,4.21,11.38%,"72,061"
ETV,1.77B,7.93,-,-,88.72,0.97,-,-,-,-,-,-,-,15.15,0.20%,"166,530"
ETW,1.05B,5.62,-,-,52.30,0.95,-,-,-,-,-,-,-,9.66,0.94%,"165,946"
ETX,203.21M,23.91,-,-,-,-,-,-,-,-,-,-,-,18.65,0.11%,"1,817"
ETY,2.32B,5.24,-,-,123.74,0.93,-,-,-,-,-,-,-,14.56,0.48%,"168,816"
EU,242.79M,-,-,-,5.63,1.02,2.53,-,35.82%,40.77%,-56.13%,-,-,1.25,2.46%,"2,540,553"
EUAD,-,-,-,-,-,-,-,-,-,-,-,-,-,41.43,-0.46%,"93,031"
EUDA,27.89M,-,-,-,4.09,-,79.69,-,-,-,-,-,-10.32%,11.18,8.02%,"1,641"
EUDG,-,-,-,-,-,-,-,-,-,-,-,-,-,38.61,0.03%,"3,164"
EUDV,-,-,-,-,-,-,-,-,-,-,-,-,-,52.74,0.20%,17
EUFN,-,-,-,-,-,-,-,-,-,-,-,-,-,40.05,0.81%,"2,030,713"
EUHY,-,-,-,-,-,-,-,-,-,-,-,-,-,53.49,-0.06%,"33,229"
EUIG,-,-,-,-,-,-,-,-,-,-,-,-,-,50.00,0.11%,112
EUM,-,-,-,-,-,-,-,-,-,-,-,-,-,16.12,-1.65%,"64,500"
EUO,-,-,-,-,-,-,-,-,-,-,-,-,-,30.72,-0.48%,"6,486"
EURK,60.33M,187.69,-,-,-,-,402.17,-,-,-,-,-,-,12.50,-2.95%,545
EURL,-,-,-,-,-,-,-,-,-,-,-,-,-,45.80,2.30%,"15,686"
EUSA,-,-,-,-,-,-,-,-,-,-,-,-,-,114.45,-0.15%,"274,284"
EUSB,-,-,-,-,-,-,-,-,-,-,-,-,-,43.04,0.27%,"46,152"
EUV,-,-,-,-,-,-,-,-,-,-,-,-,-,26.51,3.23%,"751,616"
EUVX,-,-,-,-,-,-,-,-,-,-,-,-,-,19.00,7.83%,"15,134"
EVAC,596.17M,46.72,-,-,-,1.31,405.56,-,-,-,-,-,-,10.20,0.20%,"194,475"
EVAX,25.27M,-,-,-,3.37,1.91,1.37,-,-25.00%,-20.00%,51.86%,-14.47%,-,3.03,0.33%,"22,014"
EVC,1.06B,-,-,-,1.92,16.36,14.78,27.10,-,-,-79.36%,-,5.40%,11.55,3.68%,"1,134,487"
EVCM,1.94B,59.67,14.48,6.44,3.27,2.73,15.02,26.90,-6.96%,7.30%,-,2.25%,11.78%,10.98,1.48%,"267,211"
EVER,910.86M,8.79,10.59,33.10,1.27,3.78,5.10,9.47,-20.10%,15.70%,-,0.32%,14.83%,25.75,1.06%,"552,380"
EVEX,832.44M,-,-,-,-,14.85,1.89,-,-5.66%,14.69%,-3.78%,14.91%,-,2.39,4.82%,"1,136,222"
EVF,90.31M,24.85,-,-,5.94,0.83,-,-,-,-,-,-,-,4.97,-0.40%,"58,161"
EVG,146.41M,10.46,-,-,12.24,0.97,-,-,-,-,-,-,-,10.88,0.55%,"52,144"
EVGN,5.84M,-,-,-,3.18,-,0.45,-,-57.76%,52.94%,33.52%,20.08%,29.94%,0.48,3.96%,"188,680"
EVGO,552.40M,-,-,-,1.32,6.36,4.01,-,-35.38%,18.06%,-54.67%,0.48%,-,1.76,1.73%,"2,290,670"
EVH,696.26M,-,16.93,0.22,0.37,1.76,4.19,497.33,101.29%,101.87%,-5.21%,76.13%,15.20%,6.19,4.56%,"2,204,406"
EVHY,-,-,-,-,-,-,-,-,-,-,-,-,-,52.29,0.15%,"1,842"
EVI,215.56M,37.61,18.41,-,0.50,1.48,49.90,21.09,8.16%,71.70%,52.81%,-,10.58%,16.75,4.88%,"40,853"
EVIM,-,-,-,-,-,-,-,-,-,-,-,-,-,53.12,0.06%,"43,078"
EVLN,-,-,-,-,-,-,-,-,-,-,-,-,-,48.67,0.11%,"19,090"
EVLU,-,-,-,-,-,-,-,-,-,-,-,-,-,40.49,1.14%,907
EVLV,1.08B,-,-,-,6.75,8.94,17.70,-,7.50%,27.03%,42.26%,-,98.08%,6.01,0.50%,"1,293,711"
EVMN,431.86M,-,-,-,43.19,1.42,2.04,-,73.38%,-7.40%,-,33.72%,-,11.99,-0.91%,"572,913"
EVMO,-,-,-,-,-,-,-,-,-,-,-,-,-,49.92,0.18%,"94,243"
EVMT,-,-,-,-,-,-,-,-,-,-,-,-,-,17.70,0.25%,"2,387"
EVMU,-,-,-,-,-,-,-,-,-,-,-,-,-,18.97,12.11%,"3,900"
EVN,444.16M,1113.00,-,-,14.71,1.02,-,-,-,-,-,-,-,11.13,0.36%,"39,362"
EVNT,-,-,-,-,-,-,-,-,-,-,-,-,-,12.19,0.00%,460
EVO,760.21M,-,-,-,0.88,0.94,1.48,-,-21.65%,78.12%,-,-,9.27%,2.14,-11.93%,"271,091"
EVOX,322.24M,-,-,-,-,1.37,319.05,-,-,-,-,-,-,10.07,0.10%,"4,620"
EVPF,-,-,-,-,-,-,-,-,-,-,-,-,-,50.10,-0.10%,"4,351"
EVR,13.24B,19.30,14.71,0.70,2.89,7.43,6.55,8.82,36.34%,17.21%,11.30%,20.94%,11.18%,342.20,2.41%,"486,967"
EVRG,19.93B,22.90,18.96,2.11,3.34,1.96,624.70,-,11.22%,7.03%,6.15%,8.97%,3.80%,86.45,0.00%,"2,340,913"
EVSB,-,-,-,-,-,-,-,-,-,-,-,-,-,50.86,0.04%,"12,902"
EVSD,-,-,-,-,-,-,-,-,-,-,-,-,-,50.83,0.19%,"97,905"
EVSM,-,-,-,-,-,-,-,-,-,-,-,-,-,50.29,0.06%,"67,799"
EVT,2.04B,4.29,-,-,32.47,0.96,-,-,-,-,-,-,-,27.43,0.88%,"69,235"
EVTC,1.79B,14.06,6.69,0.66,1.88,2.68,5.70,9.08,8.24%,10.89%,8.98%,10.11%,12.79%,29.07,-1.82%,"338,968"
EVTL,208.82M,-,-,-,-,-,2.16,-,-96.22%,30.21%,-,-7.03%,-,1.64,3.14%,"1,402,547"
EVTR,-,-,-,-,-,-,-,-,-,-,-,-,-,50.40,0.28%,"462,377"
EVUS,-,-,-,-,-,-,-,-,-,-,-,-,-,35.62,-0.35%,"16,633"
EVV,1.08B,15.02,-,-,7.95,0.92,-,-,-,-,-,-,-,9.31,-0.21%,"431,262"
EVX,-,-,-,-,-,-,-,-,-,-,-,-,-,41.30,-0.09%,"4,361"
EVYM,-,-,-,-,-,-,-,-,-,-,-,-,-,50.81,0.23%,"2,372"
EW,51.87B,48.95,26.71,1.92,8.23,5.03,14.12,47.61,17.58%,12.07%,6.79%,13.91%,6.70%,90.09,-1.85%,"5,249,221"
EWA,-,-,-,-,-,-,-,-,-,-,-,-,-,28.71,1.27%,"1,293,630"
EWAVU,-,-,-,-,-,-,-,-,-,-,-,-,-,-,-,0
EWBC,17.98B,13.09,11.63,1.45,3.88,2.00,-,11.57,11.45%,6.31%,19.12%,8.02%,21.14%,131.21,-0.15%,"575,173"
EWC,-,-,-,-,-,-,-,-,-,-,-,-,-,59.18,0.77%,"1,081,138"
EWD,-,-,-,-,-,-,-,-,-,-,-,-,-,49.98,0.68%,"443,500"
EWG,-,-,-,-,-,-,-,-,-,-,-,-,-,41.39,0.39%,"531,497"
EWH,-,-,-,-,-,-,-,-,-,-,-,-,-,21.67,1.74%,"5,519,740"
EWI,-,-,-,-,-,-,-,-,-,-,-,-,-,60.63,0.26%,"405,315"
EWJ,-,-,-,-,-,-,-,-,-,-,-,-,-,93.89,1.26%,"4,475,744"
EWJV,-,-,-,-,-,-,-,-,-,-,-,-,-,46.18,1.12%,"413,963"
EWK,-,-,-,-,-,-,-,-,-,-,-,-,-,26.30,0.46%,"14,033"
EWL,-,-,-,-,-,-,-,-,-,-,-,-,-,62.42,0.00%,"758,920"
EWM,-,-,-,-,-,-,-,-,-,-,-,-,-,28.09,2.15%,"453,080"
EWN,-,-,-,-,-,-,-,-,-,-,-,-,-,67.46,0.55%,"322,331"
EWO,-,-,-,-,-,-,-,-,-,-,-,-,-,42.34,1.24%,"8,808"
EWP,-,-,-,-,-,-,-,-,-,-,-,-,-,59.25,0.53%,"697,593"
EWQ,-,-,-,-,-,-,-,-,-,-,-,-,-,45.04,0.47%,"207,143"
EWS,-,-,-,-,-,-,-,-,-,-,-,-,-,31.63,0.64%,"700,854"
EWT,-,-,-,-,-,-,-,-,-,-,-,-,-,101.88,0.00%,"7,077,939"
EWTX,4.27B,-,-,-,-,8.66,8.56,-,-21.68%,16.12%,-36.19%,-1.23%,-,39.73,-3.73%,"1,212,749"
EWU,-,-,-,-,-,-,-,-,-,-,-,-,-,46.31,-0.11%,"1,404,600"
EWUS,-,-,-,-,-,-,-,-,-,-,-,-,-,42.40,0.35%,712
EWV,-,-,-,-,-,-,-,-,-,-,-,-,-,17.45,-2.78%,"1,734"
EWW,-,-,-,-,-,-,-,-,-,-,-,-,-,75.34,1.60%,"1,631,709"
EWX,-,-,-,-,-,-,-,-,-,-,-,-,-,71.80,0.14%,"13,968"
EWY,-,-,-,-,-,-,-,-,-,-,-,-,-,176.98,5.33%,"29,670,280"
EWZ,-,-,-,-,-,-,-,-,-,-,-,-,-,36.03,1.81%,"18,359,189"
EWZS,-,-,-,-,-,-,-,-,-,-,-,-,-,13.57,1.74%,"29,934"
EXC,48.01B,17.18,15.46,2.79,1.94,1.64,37.71,-,3.12%,6.25%,6.36%,5.54%,-6.24%,46.92,-0.36%,"5,560,706"
EXE,21.01B,6.54,10.76,0.74,1.63,1.08,7.68,7.53,40.50%,-4.78%,-,14.61%,20.35%,87.81,0.82%,"3,473,170"
EXEL,14.02B,18.48,14.03,0.98,5.90,7.31,18.04,15.28,14.79%,12.46%,51.19%,14.35%,18.63%,55.77,-0.48%,"1,799,548"
EXFY,174.55M,-,25.86,-,1.25,1.26,2.02,8.76,49.42%,-19.23%,-61.50%,-19.73%,10.04%,1.81,1.12%,"963,919"
EXG,3.00B,4.39,-,-,-,-,-,-,-,-,-,-,-,9.79,0.41%,"295,374"
EXI,-,-,-,-,-,-,-,-,-,-,-,-,-,196.44,0.53%,"26,657"
EXK,2.39B,-,7.17,-,3.94,3.71,9.93,-,4128.57%,39.83%,-,-,27.39%,8.08,3.06%,"5,798,115"
EXLS,4.17B,17.43,10.84,0.67,1.94,5.37,15.68,14.07,14.79%,12.61%,24.43%,16.08%,16.85%,27.32,-4.11%,"2,120,360"
EXOD,155.76M,-,9.49,-,1.44,0.70,2.09,-,-130.26%,160.88%,-,-,41.73%,5.19,6.13%,"23,448"
EXOZ,64.97M,-,-,-,-,38.84,45.12,-,-,-,-74.96%,-,-,7.00,9.89%,"2,736"
EXP,6.33B,15.63,13.94,1.38,2.74,4.34,21.26,32.08,-5.87%,13.00%,10.77%,10.12%,7.31%,204.99,-0.07%,"409,905"
EXPD,23.31B,28.79,25.42,3.65,2.08,10.30,17.71,25.32,15.41%,2.09%,7.86%,6.97%,2.92%,178.22,1.55%,"1,772,036"
EXPE,31.96B,23.45,11.49,0.57,2.11,55.47,3.97,7.79,24.54%,17.35%,-,20.16%,23.16%,266.28,0.24%,"1,082,774"
EXPO,3.01B,28.97,24.44,2.63,5.00,8.92,25.40,26.56,9.39%,12.20%,5.97%,9.29%,7.79%,62.08,-2.37%,"521,040"
EXR,32.11B,33.10,29.92,7.73,9.41,2.30,231.02,18.84,0.55%,5.36%,4.33%,3.87%,20.02%,145.50,0.12%,"1,092,882"
EXTR,4.32B,274.48,25.26,1.22,3.45,55.41,20.55,41.03,22.99%,26.51%,44.37%,20.64%,3.76%,33.02,0.33%,"1,966,554"
EXUS,-,-,-,-,-,-,-,-,-,-,-,-,-,28.47,1.10%,"3,687"
EXYN,44.55M,-,-,-,-,-,40.50,-,-,-,-,-,-,5.60,1.45%,"85,667"
EYE,1.61B,35.05,17.00,0.72,0.80,1.79,23.73,15.26,20.94%,22.29%,-3.46%,23.72%,3.03%,20.11,4.25%,"2,560,851"
EYEG,-,-,-,-,-,-,-,-,-,-,-,-,-,34.83,0.20%,16
EYES,-,-,-,-,-,-,-,-,-,-,-,-,-,26.67,0.69%,"9,591"
EYLD,-,-,-,-,-,-,-,-,-,-,-,-,-,46.22,0.68%,"44,032"
EYPT,1.15B,-,-,-,151.07,4.97,5.17,-,-11.93%,18.69%,2.18%,22.35%,-1.85%,13.73,-3.85%,"1,064,508"
EZA,-,-,-,-,-,-,-,-,-,-,-,-,-,63.45,1.10%,"86,193"
EZBC,-,-,-,-,-,-,-,-,-,-,-,-,-,37.29,3.76%,"136,748"
EZET,-,-,-,-,-,-,-,-,-,-,-,-,-,14.22,5.76%,"85,552"
EZGO,2.84M,-,-,-,0.14,0.00,5.46,-,-,-,-,-,6.09%,1.23,-3.15%,"216,207"
EZJ,-,-,-,-,-,-,-,-,-,-,-,-,-,65.44,2.63%,"2,565"
EZM,-,-,-,-,-,-,-,-,-,-,-,-,-,74.85,0.08%,"14,971"
EZMO,-,-,-,-,-,-,-,-,-,-,-,-,-,26.21,0.69%,67
EZPW,1.96B,17.40,14.89,0.79,1.33,1.75,5.52,14.56,38.46%,8.08%,-,18.76%,9.14%,31.86,-2.48%,"1,544,245"
EZPZ,-,-,-,-,-,-,-,-,-,-,-,-,-,16.09,3.93%,"15,961"
EZRA,1.44M,-,-,-,0.12,0.19,0.44,-,-,-,85.39%,-,11.24%,2.59,0.39%,"39,987"
EZRO,-,-,-,-,-,-,-,-,-,-,-,-,-,24.80,1.28%,87
EZU,-,-,-,-,-,-,-,-,-,-,-,-,-,68.33,0.63%,"542,986"
F,55.55B,-,7.65,0.32,0.29,1.57,1.82,5.82,53.26%,9.14%,-44.90%,24.21%,8.05%,13.94,0.65%,"42,722,014"
FA,3.63B,434.29,14.76,0.72,2.26,2.82,16.05,21.86,17.75%,16.98%,18.22%,20.57%,25.33%,21.15,2.77%,"1,091,575"
FAAA,-,-,-,-,-,-,-,-,-,-,-,-,-,50.24,0.02%,"8,289"
FAAR,-,-,-,-,-,-,-,-,-,-,-,-,-,31.45,0.31%,"34,510"
FAB,-,-,-,-,-,-,-,-,-,-,-,-,-,102.43,-0.39%,"47,725"
FABC,17.63M,-,-,-,-,3.27,2.60,-,-,-,18.53%,-,-,2.65,1.92%,"132,316"
FAC,650.70M,26.48,-,-,-,0.77,1626.75,-,-,-,-,-,-,6.08,1.33%,"790,102"
FACT,258.78M,56.21,-,-,-,1.47,631.17,-,-,-,-,-,-,10.64,0.05%,"8,607"
FAD,-,-,-,-,-,-,-,-,-,-,-,-,-,188.91,0.86%,"21,649"
FAF,7.11B,10.71,9.83,-,0.92,1.30,-,8.62,11.33%,6.25%,-0.54%,-,1.01%,69.76,-0.43%,"580,524"
FAI,-,-,-,-,-,-,-,-,-,-,-,-,-,52.38,2.01%,"76,084"
FALN,-,-,-,-,-,-,-,-,-,-,-,-,-,27.08,0.26%,"407,686"
FAMI,5.73M,-,-,-,0.20,0.01,7.17,0.11,-,-,-,-,-0.28%,0.19,-2.99%,"410,586"
FAN,-,-,-,-,-,-,-,-,-,-,-,-,-,24.31,1.89%,"43,744"
FANG,53.64B,215.01,11.18,1.09,3.53,1.47,304.79,11.37,43.33%,-11.03%,-,10.28%,39.81%,190.69,-0.47%,"2,032,112"
FAPR,-,-,-,-,-,-,-,-,-,-,-,-,-,46.95,0.24%,"9,481"
FARX,-,-,-,-,-,-,-,-,-,-,-,-,-,29.07,0.30%,280
FAS,-,-,-,-,-,-,-,-,-,-,-,-,-,168.20,0.71%,"918,213"
FAST,52.51B,40.50,33.04,2.89,6.22,13.16,170.16,45.13,15.10%,10.34%,7.95%,11.42%,7.75%,45.74,-2.78%,"20,523,990"
FATE,348.51M,-,-,-,55.14,1.93,1.99,-,5.93%,4.70%,11.42%,2.41%,-26.71%,2.99,-0.99%,"1,876,259"
FATN,69.01M,13.85,14.19,-,3.59,2.74,13.25,-,-16.19%,18.18%,-,-,-,4.92,-0.81%,"41,867"
FAUG,-,-,-,-,-,-,-,-,-,-,-,-,-,56.80,0.19%,"12,220"
FAX,599.01M,16.49,-,-,10.24,0.87,-,-,-,-,-,-,-,14.51,-0.14%,"147,767"
FAZ,-,-,-,-,-,-,-,-,-,-,-,-,-,34.08,-0.79%,"708,080"
FB,-,-,-,-,-,-,-,-,-,-,-,-,-,44.67,-0.02%,383
FBCG,-,-,-,-,-,-,-,-,-,-,-,-,-,61.80,1.36%,"360,359"
FBCV,-,-,-,-,-,-,-,-,-,-,-,-,-,40.35,-0.66%,"4,860"
FBDC,-,-,-,-,-,-,-,-,-,-,-,-,-,17.11,0.89%,"9,319"
FBGL,8.10M,-,-,-,-,-,-,-,-,-,-,-,-,0.60,0.00%,"41,298"
FBIN,6.04B,22.45,14.11,2.86,1.36,2.56,26.90,17.77,-13.00%,14.23%,-8.97%,4.94%,-6.03%,50.62,0.68%,"2,138,176"
FBIO,123.90M,1.17,-,-,1.87,0.76,0.48,0.81,3528.57%,-120.83%,62.98%,-,6.77%,3.73,13.03%,"1,246,052"
FBIZ,529.33M,10.43,9.40,-,1.87,1.43,-,9.38,4.71%,8.26%,24.66%,-,18.16%,63.30,-0.63%,"59,240"
FBK,3.01B,15.62,11.37,-,2.92,1.51,-,15.48,17.36%,9.69%,7.96%,-,8.87%,58.40,3.23%,"780,616"
FBL,-,-,-,-,-,-,-,-,-,-,-,-,-,28.26,1.22%,"983,286"
FBLA,245.65M,435.53,-,-,3.05,0.79,-,52.38,-,-,-,-,-,15.20,0.86%,"59,516"
FBLG,5.18M,-,-,-,-,1.15,3.50,-,52.26%,-11.97%,-71.12%,13.01%,-,0.85,-0.82%,"39,376"
FBNC,2.65B,21.87,12.93,-,4.72,1.57,-,13.47,73.58%,6.41%,-0.96%,-,11.50%,63.98,-0.37%,"218,825"
FBND,-,-,-,-,-,-,-,-,-,-,-,-,-,45.20,0.22%,"3,096,896"
FBOT,-,-,-,-,-,-,-,-,-,-,-,-,-,37.93,0.47%,"16,394"
FBP,4.13B,11.90,11.10,1.55,3.28,2.10,-,9.43,4.66%,7.02%,36.21%,7.17%,9.46%,26.72,0.30%,"1,065,945"
FBRT,621.09M,15.73,6.76,-,1.10,0.55,4.55,5.10,86.94%,30.35%,-6.74%,-,25.37%,8.07,1.00%,"1,005,856"
FBRX,884.69M,-,-,-,-,14.27,15.20,-,12.82%,-3.56%,50.46%,3.98%,-,43.20,-2.09%,"678,955"
FBT,-,-,-,-,-,-,-,-,-,-,-,-,-,246.00,-0.62%,"24,724"
FBTC,-,-,-,-,-,-,-,-,-,-,-,-,-,56.22,3.86%,"5,160,708"
FBUF,-,-,-,-,-,-,-,-,-,-,-,-,-,32.72,0.32%,"2,294"
FBX,-,-,-,-,-,-,-,-,-,-,-,-,-,36.18,1.21%,36
FBY,-,-,-,-,-,-,-,-,-,-,-,-,-,10.17,0.79%,"56,111"
FBYD,1.30B,50.21,-,-,70.03,34.74,1101.46,-,-,-,-27.76%,-,-,10.72,-17.98%,"181,174"
FBYY,-,-,-,-,-,-,-,-,-,-,-,-,-,11.86,0.29%,322
FC,231.53M,121.52,20.81,-,0.88,5.40,19.34,12.00,67.71%,144.72%,-,-,6.12%,20.50,-0.05%,"67,808"
FCA,-,-,-,-,-,-,-,-,-,-,-,-,-,26.59,1.72%,"3,940"
FCAL,-,-,-,-,-,-,-,-,-,-,-,-,-,49.46,-0.02%,"9,129"
FCAP,206.58M,11.83,-,-,3.09,1.50,-,9.37,-,-,10.08%,-,11.14%,61.75,-0.23%,"7,986"
FCBC,824.28M,16.54,14.38,-,4.36,1.58,-,23.28,6.65%,2.47%,5.62%,-,5.21%,43.69,-0.57%,"52,474"
FCBD,-,-,-,-,-,-,-,-,-,-,-,-,-,25.18,0.12%,"3,258"
FCBM,384.17M,-,-,-,-,1.09,-,-,-,-,-,-,-,12.70,0.00%,"119,336"
FCCO,304.22M,12.74,10.24,-,2.54,1.38,-,34.37,11.84%,7.75%,12.89%,-,14.62%,32.37,-0.64%,"39,913"
FCEF,-,-,-,-,-,-,-,-,-,-,-,-,-,23.88,-0.39%,"75,766"
FCEL,1.71B,-,-,-,10.17,1.88,4.38,-,63.72%,52.50%,9.89%,57.30%,17.42%,21.35,11.90%,"19,602,198"
FCF,2.08B,13.47,10.39,-,2.80,1.34,-,10.23,17.12%,14.13%,14.39%,-,12.85%,20.42,0.00%,"549,452"
FCFS,9.21B,26.29,16.80,0.83,2.38,4.01,70.43,19.79,24.63%,14.51%,23.70%,20.19%,17.55%,210.06,-2.12%,"399,488"
FCFY,-,-,-,-,-,-,-,-,-,-,-,-,-,27.70,-0.87%,371
FCG,-,-,-,-,-,-,-,-,-,-,-,-,-,27.54,-0.18%,"392,370"
FCHL,11.61M,-,-,-,3.66,0.07,7.49,25.24,-,-,-,-,-,1.16,-4.13%,"35,479"
FCLD,-,-,-,-,-,-,-,-,-,-,-,-,-,39.09,-0.31%,"19,227"
FCLO,-,-,-,-,-,-,-,-,-,-,-,-,-,50.27,0.03%,"1,850"
FCN,4.80B,18.94,14.27,1.16,1.24,2.89,24.22,18.76,4.95%,20.47%,7.75%,12.34%,9.01%,159.34,-1.41%,"308,300"
FCNCA,23.62B,11.86,10.33,1.63,1.64,1.19,-,17.21,0.02%,12.19%,28.32%,6.32%,49.14%,2062.25,-2.08%,"86,653"
FCOM,-,-,-,-,-,-,-,-,-,-,-,-,-,72.09,0.15%,"85,912"
FCOR,-,-,-,-,-,-,-,-,-,-,-,-,-,46.67,0.09%,"24,717"
FCPI,-,-,-,-,-,-,-,-,-,-,-,-,-,54.10,-0.23%,"28,529"
FCPT,2.76B,22.74,21.25,7.56,9.18,1.66,93.09,14.69,7.32%,1.17%,0.21%,2.81%,11.46%,25.15,-0.16%,"618,379"
FCRS,367.28M,89.89,-,-,-,1.31,510.11,-,-,-,-,-,-,10.22,0.00%,"63,445"
FCSH,-,-,-,-,-,-,-,-,-,-,-,-,-,24.06,0.12%,18
FCT,249.70M,14.78,-,-,9.70,0.93,-,-,-,-,-,-,-,9.61,0.10%,"166,228"
FCTE,-,-,-,-,-,-,-,-,-,-,-,-,-,28.85,-0.15%,"20,358"
FCTR,-,-,-,-,-,-,-,-,-,-,-,-,-,40.11,1.26%,"2,181"
FCUS,-,-,-,-,-,-,-,-,-,-,-,-,-,39.79,3.26%,"6,626"
FCUV,2.26M,-,-,-,20.54,0.47,0.38,-,-,-,-11.33%,-,-31.40%,3.22,9.15%,"24,103"
FCVT,-,-,-,-,-,-,-,-,-,-,-,-,-,51.04,0.63%,"5,656"
FCX,89.06B,32.96,15.88,0.45,3.45,4.56,22.17,50.83,54.76%,42.44%,30.14%,35.49%,12.62%,61.95,3.30%,"11,627,862"
FCXG,-,-,-,-,-,-,-,-,-,-,-,-,-,12.37,6.55%,"10,065"
FDAT,-,-,-,-,-,-,-,-,-,-,-,-,-,22.28,0.04%,715
FDBC,296.06M,9.98,-,-,2.07,1.21,-,15.75,-,-,11.49%,-,16.86%,51.00,-0.41%,"4,206"
FDCF,-,-,-,-,-,-,-,-,-,-,-,-,-,50.95,0.37%,"3,776"
FDD,-,-,-,-,-,-,-,-,-,-,-,-,-,19.02,0.85%,"199,001"
FDEC,-,-,-,-,-,-,-,-,-,-,-,-,-,54.76,0.20%,"5,619"
FDEM,-,-,-,-,-,-,-,-,-,-,-,-,-,35.36,1.55%,"39,865"
FDEV,-,-,-,-,-,-,-,-,-,-,-,-,-,36.17,0.77%,"14,019"
FDFF,-,-,-,-,-,-,-,-,-,-,-,-,-,34.84,0.40%,"2,615"
FDG,-,-,-,-,-,-,-,-,-,-,-,-,-,133.03,1.33%,"3,226"
FDHY,-,-,-,-,-,-,-,-,-,-,-,-,-,49.09,0.25%,"58,542"
FDIF,-,-,-,-,-,-,-,-,-,-,-,-,-,39.95,0.59%,"1,545"
FDIG,-,-,-,-,-,-,-,-,-,-,-,-,-,41.51,1.16%,"31,301"
FDIQ,-,-,-,-,-,-,-,-,-,-,-,-,-,68.99,-0.81%,116
FDIS,-,-,-,-,-,-,-,-,-,-,-,-,-,101.82,-0.03%,"45,733"
FDIV,-,-,-,-,-,-,-,-,-,-,-,-,-,27.75,-0.33%,"3,851"
FDL,-,-,-,-,-,-,-,-,-,-,-,-,-,49.72,-0.96%,"1,060,716"
FDLO,-,-,-,-,-,-,-,-,-,-,-,-,-,69.65,-0.92%,"45,665"
FDLS,-,-,-,-,-,-,-,-,-,-,-,-,-,42.27,0.19%,"15,426"
FDM,-,-,-,-,-,-,-,-,-,-,-,-,-,91.09,-0.24%,"11,789"
FDMMU,282.11M,-,-,-,-,49800.00,-,-,-,-,-,-,-,9.96,0.10%,"284,261"
FDMO,-,-,-,-,-,-,-,-,-,-,-,-,-,95.91,1.28%,"73,469"
FDMT,611.63M,-,-,-,6.93,1.35,1.56,-,-66.79%,0.01%,-2.62%,-17.39%,44.32%,11.70,3.54%,"651,783"
FDN,-,-,-,-,-,-,-,-,-,-,-,-,-,275.42,0.22%,"194,591"
FDND,-,-,-,-,-,-,-,-,-,-,-,-,-,21.83,0.29%,862
FDNI,-,-,-,-,-,-,-,-,-,-,-,-,-,26.91,0.37%,"5,591"
FDRR,-,-,-,-,-,-,-,-,-,-,-,-,-,66.72,-0.23%,"15,247"
FDRS,-,-,-,-,-,-,-,-,-,-,-,-,-,24.11,2.68%,"18,871"
FDRV,-,-,-,-,-,-,-,-,-,-,-,-,-,18.48,0.75%,"2,100"
FDRX,-,-,-,-,-,-,-,-,-,-,-,-,-,22.09,3.48%,79
FDS,8.98B,16.65,12.90,1.48,3.68,4.45,29.03,12.68,4.65%,10.19%,10.02%,8.69%,9.22%,252.61,-3.99%,"889,221"
FDSB,92.92M,20.66,-,-,3.45,0.72,-,102.11,-,-,-,-,-,17.65,1.15%,"7,983"
FDT,-,-,-,-,-,-,-,-,-,-,-,-,-,91.49,1.52%,"65,018"
FDTS,-,-,-,-,-,-,-,-,-,-,-,-,-,65.88,1.34%,30
FDTX,-,-,-,-,-,-,-,-,-,-,-,-,-,54.10,1.80%,"40,487"
FDUS,775.41M,8.98,10.44,-,5.36,1.04,4.80,11.38,-0.38%,-7.82%,12.69%,-5.46%,13.61%,20.43,1.59%,"504,004"
FDV,-,-,-,-,-,-,-,-,-,-,-,-,-,32.04,-0.71%,"58,285"
FDVV,-,-,-,-,-,-,-,-,-,-,-,-,-,62.05,0.18%,"665,137"
FDX,74.84B,16.91,-,-,0.79,2.52,5.62,14.63,-,-,-0.98%,-,2.48%,313.66,-0.03%,"1,440,139"
FDXF,21.55B,-,-,-,-,-,5.86,-,-,-,-,-,-,144.75,-2.44%,"1,799,684"
FE,28.48B,26.75,16.71,2.20,1.83,2.25,355.95,-,7.15%,7.84%,-0.91%,7.60%,6.94%,49.23,1.65%,"7,492,251"
FEAC,-,-,-,-,-,-,-,-,-,-,-,-,-,32.60,0.47%,463
FEAM,54.80M,-,-,-,-,0.75,2.16,-,91.17%,47.43%,-,68.61%,-,1.32,2.33%,"75,529"
FEBM,-,-,-,-,-,-,-,-,-,-,-,-,-,31.34,0.11%,689
FEBO,8.96M,-,-,-,0.82,1.96,3.66,44.81,-,-,-,-,-11.90%,0.81,0.01%,9
FEBP,-,-,-,-,-,-,-,-,-,-,-,-,-,34.24,0.25%,"1,637"
FEBT,-,-,-,-,-,-,-,-,-,-,-,-,-,41.16,-0.20%,"10,441"
FEBU,-,-,-,-,-,-,-,-,-,-,-,-,-,29.82,0.28%,"2,307"
FEBW,-,-,-,-,-,-,-,-,-,-,-,-,-,35.72,0.17%,"3,659"
FEBZ,-,-,-,-,-,-,-,-,-,-,-,-,-,40.56,0.27%,41
FECM,-,-,-,-,-,-,-,-,-,-,-,-,-,25.09,0.00%,6
FEDM,-,-,-,-,-,-,-,-,-,-,-,-,-,62.81,0.69%,779
FEDU,22.68M,5.31,-,-,0.64,0.33,0.67,-,-,-,-,-,-2.77%,10.03,0.00%,18
FEED,2.82M,-,-,-,1.29,0.05,1.24,-,-,-,50.78%,-,32.59%,0.46,1.11%,"174,675"
FEGE,-,-,-,-,-,-,-,-,-,-,-,-,-,49.47,-0.40%,"316,173"
FEIG,-,-,-,-,-,-,-,-,-,-,-,-,-,40.30,0.20%,"1,516"
FEIM,579.98M,78.36,53.41,-,8.55,9.63,6444.21,-,-72.18%,59.90%,-,-14.32%,10.96%,58.93,8.13%,"241,587"
FELC,-,-,-,-,-,-,-,-,-,-,-,-,-,42.47,0.43%,"579,684"
FELE,4.62B,31.55,20.41,-,2.12,3.44,54.62,27.23,10.89%,11.52%,8.55%,-,11.31%,104.47,1.22%,"369,628"
FELG,-,-,-,-,-,-,-,-,-,-,-,-,-,43.94,1.22%,"438,630"
FELV,-,-,-,-,-,-,-,-,-,-,-,-,-,40.85,-0.32%,"86,818"
FEM,-,-,-,-,-,-,-,-,-,-,-,-,-,31.66,0.70%,"94,708"
FEMB,-,-,-,-,-,-,-,-,-,-,-,-,-,29.53,0.31%,"65,176"
FEMD,-,-,-,-,-,-,-,-,-,-,-,-,-,36.01,0.05%,408
FEMG,-,-,-,-,-,-,-,-,-,-,-,-,-,26.19,0.79%,707
FEMR,-,-,-,-,-,-,-,-,-,-,-,-,-,40.59,1.78%,"40,535"
FEMS,-,-,-,-,-,-,-,-,-,-,-,-,-,45.50,0.62%,"15,704"
FEMV,-,-,-,-,-,-,-,-,-,-,-,-,-,26.69,-0.10%,573
FEMY,10.87M,-,-,-,4.57,1.49,2.02,-,53.90%,-21.54%,4.34%,24.37%,17.18%,3.60,3.75%,"28,491"
FENC,387.66M,-,12.47,-,7.60,10.23,9.65,-,170.95%,260.40%,14.90%,-,204.69%,11.16,3.81%,"169,635"
FENG,7.78M,9.35,-,-,0.07,0.10,0.06,-,-,-,-76.09%,-,-9.47%,1.44,-1.37%,"4,279"
FENI,-,-,-,-,-,-,-,-,-,-,-,-,-,40.17,0.75%,"1,957,542"
FENY,-,-,-,-,-,-,-,-,-,-,-,-,-,31.65,0.44%,"1,061,678"
FEOE,-,-,-,-,-,-,-,-,-,-,-,-,-,53.64,0.42%,"154,743"
FEP,-,-,-,-,-,-,-,-,-,-,-,-,-,57.60,0.80%,"26,658"
FEPI,-,-,-,-,-,-,-,-,-,-,-,-,-,42.44,1.11%,"151,765"
FER,45.92B,46.08,47.43,6.45,4.21,6.62,9.15,27.57,-9.48%,18.15%,-,7.35%,7.85%,63.72,0.03%,"1,128,659"
FERA,326.42M,55.77,-,-,-,1.19,725.38,-,-,-,-,-,-,10.44,0.10%,"30,367"
FERG,45.51B,25.73,18.66,1.58,1.49,7.76,55.50,21.94,13.63%,11.36%,-,11.80%,6.18%,234.68,0.64%,"1,374,954"
FESC,-,-,-,-,-,-,-,-,-,-,-,-,-,24.00,0.62%,226
FESM,-,-,-,-,-,-,-,-,-,-,-,-,-,47.33,0.42%,"572,182"
FET,590.54M,-,18.96,-,0.73,2.11,15.75,10.09,242.86%,27.55%,45.80%,-,9.08%,52.24,3.28%,"157,035"
FETH,-,-,-,-,-,-,-,-,-,-,-,-,-,18.70,5.89%,"3,194,796"
FEUS,-,-,-,-,-,-,-,-,-,-,-,-,-,81.68,0.26%,317
FEUZ,-,-,-,-,-,-,-,-,-,-,-,-,-,66.64,0.81%,413
FEX,-,-,-,-,-,-,-,-,-,-,-,-,-,136.60,0.14%,"19,534"
FEZ,-,-,-,-,-,-,-,-,-,-,-,-,-,67.90,0.64%,"905,599"
FF,207.04M,-,-,-,1.88,1.46,9.26,-,-,-,-,-,-14.08%,4.72,0.43%,"184,676"
FFA,451.73M,5.59,-,-,69.16,0.95,-,-,-,-,-,-,-,22.60,0.27%,"11,814"
FFAI,57.66M,-,-,-,78.99,-,4.70,-,74.20%,59.26%,79.64%,-,-,0.16,-6.66%,"30,846,891"
FFBC,3.59B,12.08,9.91,-,2.70,1.22,-,4.49,20.81%,7.46%,10.85%,-,12.30%,34.23,-0.55%,"818,435"
FFC,783.85M,10.99,-,-,8.77,0.92,-,-,-,-,-,-,-,16.27,0.43%,"42,838"
FFDI,-,-,-,-,-,-,-,-,-,-,-,-,-,32.17,0.88%,113
FFEB,-,-,-,-,-,-,-,-,-,-,-,-,-,61.35,0.24%,"10,161"
FFEM,-,-,-,-,-,-,-,-,-,-,-,-,-,41.88,2.06%,"14,663"
FFF,-,-,-,-,-,-,-,-,-,-,-,-,-,25.07,2.01%,542
FFGX,-,-,-,-,-,-,-,-,-,-,-,-,-,33.88,1.09%,259
FFIN,4.96B,18.85,16.07,-,5.84,2.54,-,15.66,15.14%,5.79%,4.52%,-,10.65%,34.64,-0.23%,"680,015"
FFIU,-,-,-,-,-,-,-,-,-,-,-,-,-,21.59,-0.14%,"9,440"
FFIV,24.33B,35.40,24.43,3.38,7.55,6.71,16.86,25.28,4.28%,7.07%,18.69%,7.22%,5.61%,431.26,2.45%,"588,612"
FFLC,-,-,-,-,-,-,-,-,-,-,-,-,-,59.24,0.63%,"55,331"
FFLG,-,-,-,-,-,-,-,-,-,-,-,-,-,33.67,1.72%,"88,208"
FFLS,-,-,-,-,-,-,-,-,-,-,-,-,-,23.11,0.68%,"1,182"
FFLV,-,-,-,-,-,-,-,-,-,-,-,-,-,27.97,-0.25%,"2,812"
FFND,-,-,-,-,-,-,-,-,-,-,-,-,-,32.49,0.54%,"3,607"
FFOG,-,-,-,-,-,-,-,-,-,-,-,-,-,50.23,1.60%,"21,958"
FFOX,-,-,-,-,-,-,-,-,-,-,-,-,-,29.39,0.33%,"12,989"
FFSM,-,-,-,-,-,-,-,-,-,-,-,-,-,36.77,0.52%,"225,485"
FFTY,-,-,-,-,-,-,-,-,-,-,-,-,-,39.73,1.48%,"19,747"
FFUT,-,-,-,-,-,-,-,-,-,-,-,-,-,59.65,0.10%,"7,956"
FG,4.01B,8.12,5.94,0.38,0.66,0.88,-,0.77,-2.61%,43.58%,-30.90%,15.72%,9.96%,30.26,-1.88%,"1,713,240"
FGBI,164.89M,-,-,-,0.76,0.83,-,4.68,-,-,-,-,12.15%,10.02,0.96%,"54,319"
FGD,-,-,-,-,-,-,-,-,-,-,-,-,-,33.32,0.88%,"92,383"
FGDL,-,-,-,-,-,-,-,-,-,-,-,-,-,53.92,1.35%,"8,449"
FGI,9.16M,-,11.85,-,0.07,0.57,3.44,6.64,76.74%,229.03%,-,-,-0.65%,4.74,0.64%,"25,672"
FGII,345.23M,-,-,-,-,1.25,383.59,-,-,-,-,-,-,9.97,0.20%,173
FGL,1.40M,-,-,-,-,-,-,-,-,-,-,-,-,1.22,-5.43%,"54,084"
FGM,-,-,-,-,-,-,-,-,-,-,-,-,-,62.84,0.66%,414
FGMC,13.29M,71.75,-,-,-,1.19,55.37,7.64,-,-,-,-,-,9.60,-2.14%,"58,579"
FGNX,32.52M,1.52,-,-,-,0.50,2.30,-,1.75%,-2.30%,44.91%,-,32.83%,5.67,11.61%,"132,142"
FGRU,-,-,-,-,-,-,-,-,-,-,-,-,-,9.77,1.40%,"12,787"
FGSI,-,-,-,-,-,-,-,-,-,-,-,-,-,20.56,0.00%,16
FGSM,-,-,-,-,-,-,-,-,-,-,-,-,-,34.60,0.56%,"1,370"
FHB,3.47B,12.48,11.31,1.70,2.97,1.25,-,8.07,6.84%,7.28%,9.06%,6.64%,8.61%,28.53,-2.09%,"6,535,654"
FHDG,-,-,-,-,-,-,-,-,-,-,-,-,-,36.46,0.25%,"2,044"
FHEQ,-,-,-,-,-,-,-,-,-,-,-,-,-,33.43,0.45%,"37,534"
FHI,4.46B,11.40,9.90,0.88,2.39,3.68,6.91,14.61,4.62%,10.52%,9.71%,11.26%,4.59%,58.74,1.07%,"477,535"
FHIL,-,-,-,-,-,-,-,-,-,-,-,-,-,24.70,0.90%,12
FHLC,-,-,-,-,-,-,-,-,-,-,-,-,-,77.16,-1.64%,"663,932"
FHN,12.21B,12.89,10.92,0.90,2.45,1.45,-,21.30,12.83%,10.49%,-0.25%,12.09%,8.88%,25.72,-0.39%,"8,583,662"
FHTX,315.88M,-,-,-,11.19,-,1.71,-,9.40%,5.44%,8.80%,20.85%,135.14%,5.38,-1.10%,"239,054"
FHYS,-,-,-,-,-,-,-,-,-,-,-,-,-,23.08,0.15%,"53,825"
FIAT,-,-,-,-,-,-,-,-,-,-,-,-,-,20.82,-1.91%,"49,169"
FIAX,-,-,-,-,-,-,-,-,-,-,-,-,-,17.59,0.17%,"12,092"
FIBK,3.78B,12.70,13.00,4.55,2.74,1.13,-,14.93,-8.68%,11.56%,3.04%,2.86%,16.01%,38.94,0.28%,"897,822"
FICO,28.07B,38.36,22.30,0.77,12.44,-,127.94,32.91,43.99%,26.15%,27.43%,29.13%,8.99%,1210.52,-5.30%,"342,497"
FICS,-,-,-,-,-,-,-,-,-,-,-,-,-,41.90,0.35%,"4,098"
FID,-,-,-,-,-,-,-,-,-,-,-,-,-,21.98,0.69%,"10,047"
FIDI,-,-,-,-,-,-,-,-,-,-,-,-,-,28.16,0.80%,"92,808"
FIDU,-,-,-,-,-,-,-,-,-,-,-,-,-,96.11,0.27%,"68,716"
FIEE,27.72M,31.37,-,-,3.33,3.73,6.05,8.20,-,-,-,-,-33.60%,3.25,-21.69%,176
FIG,12.61B,-,69.92,89.64,10.86,8.62,7.65,53.26,-39.30%,24.54%,-,0.78%,-,23.86,0.89%,"33,220,835"
FIGB,-,-,-,-,-,-,-,-,-,-,-,-,-,42.48,0.05%,"79,516"
FIGG,-,-,-,-,-,-,-,-,-,-,-,-,-,23.48,0.41%,"332,831"
FIGR,6.61B,45.45,23.77,0.56,12.65,5.07,4.09,-,76.88%,31.97%,-,42.10%,-,29.96,0.74%,"2,326,096"
FIGS,1.62B,44.40,30.36,1.55,2.44,3.76,5.86,41.16,38.09%,22.01%,-9.21%,19.59%,19.12%,9.72,-2.80%,"1,901,951"
FIGX,198.80M,53.02,-,-,-,1.33,231.16,-,-,-,-,-,-,10.26,0.34%,25
FIIG,-,-,-,-,-,-,-,-,-,-,-,-,-,20.57,0.32%,"83,843"
FIMU,-,-,-,-,-,-,-,-,-,-,-,-,-,19.98,0.07%,"4,977"
FINA,-,-,-,-,-,-,-,-,-,-,-,-,-,25.14,0.38%,"3,966"
FINS,-,-,-,-,-,-,-,-,-,-,-,-,-,12.82,0.00%,"77,783"
FINT,-,-,-,-,-,-,-,-,-,-,-,-,-,35.66,0.92%,"2,137"
FINV,596.47M,3.89,3.22,0.68,0.32,0.47,0.45,-,-14.80%,18.33%,6.65%,4.71%,11.04%,4.59,0.44%,"643,533"
FINW,191.74M,12.65,7.86,-,1.12,0.98,-,-,-0.29%,57.99%,6.04%,-,28.35%,13.99,0.14%,"15,689"
FINX,-,-,-,-,-,-,-,-,-,-,-,-,-,25.49,0.12%,"70,357"
FINY,-,-,-,-,-,-,-,-,-,-,-,-,-,25.40,0.40%,66
FIP,527.01M,-,-,-,0.89,-,2.32,-,-5.09%,67.58%,-32.35%,-,48.94%,4.46,-0.67%,"672,521"
FIRY,125.49M,-,-,-,1.12,1.23,0.68,-,40.13%,37.04%,10.53%,41.56%,-14.61%,8.04,-4.74%,"81,701"
FIS,20.97B,7.85,5.93,0.62,1.83,1.31,27.78,7.54,9.21%,9.06%,23.62%,9.52%,-3.18%,40.58,-3.22%,"6,326,840"
FISI,763.44M,10.11,9.23,-,2.04,1.24,-,25.91,11.22%,4.61%,9.50%,-,13.47%,38.78,0.08%,"103,844"
FISN,642.51M,-,-,-,-,6.84,7.58,-,-,-,-,-,-,10.65,2.70%,"94,004"
FISR,-,-,-,-,-,-,-,-,-,-,-,-,-,25.39,0.32%,"154,207"
FISV,26.42B,8.40,5.55,0.90,1.25,1.01,31.87,6.33,-6.10%,9.99%,35.23%,6.16%,7.37%,49.54,-3.20%,"5,553,939"
FITB,51.71B,19.13,11.58,0.73,3.67,1.62,-,30.34,-12.69%,59.88%,14.06%,15.81%,10.29%,57.05,-0.23%,"6,672,761"
FITE,-,-,-,-,-,-,-,-,-,-,-,-,-,111.15,2.44%,"4,980"
FITZ,-,-,-,-,-,-,-,-,-,-,-,-,-,24.61,1.01%,"20,008"
FIVA,-,-,-,-,-,-,-,-,-,-,-,-,-,38.83,0.94%,"90,361"
FIVE,10.68B,24.36,19.92,1.10,2.10,4.62,9.59,21.13,35.60%,7.20%,24.07%,18.04%,19.41%,193.11,0.82%,"974,242"
FIVN,1.96B,38.83,6.77,0.52,1.67,2.36,2.71,9.06,9.88%,16.20%,-,13.13%,21.45%,25.58,-0.89%,"2,312,674"
FIW,-,-,-,-,-,-,-,-,-,-,-,-,-,107.90,0.38%,"76,999"
FIX,62.49B,51.24,32.77,0.98,6.17,22.19,56.04,45.31,51.07%,24.16%,47.85%,33.33%,26.08%,1775.10,2.49%,"285,755"
FIXD,-,-,-,-,-,-,-,-,-,-,-,-,-,43.28,0.23%,"314,127"
FIXP,-,-,-,-,-,-,-,-,-,-,-,-,-,19.96,0.47%,694
FIXT,-,-,-,-,-,-,-,-,-,-,-,-,-,37.40,0.24%,"8,510"
FIYY,-,-,-,-,-,-,-,-,-,-,-,-,-,24.33,0.16%,24
FIZZ,2.89B,15.77,15.06,4.22,2.45,4.55,8.28,18.54,-0.68%,5.48%,1.06%,3.57%,1.94%,30.92,-0.67%,"689,449"
FJAN,-,-,-,-,-,-,-,-,-,-,-,-,-,55.48,0.34%,"13,812"
FJET,234.73M,-,-,-,-,9.32,14.62,-,-,-,-,-,-,4.73,0.00%,"611,954"
FJP,-,-,-,-,-,-,-,-,-,-,-,-,-,75.61,0.95%,"10,604"
FJUL,-,-,-,-,-,-,-,-,-,-,-,-,-,59.81,0.03%,"17,674"
FJUN,-,-,-,-,-,-,-,-,-,-,-,-,-,60.28,0.33%,"30,123"
FKU,-,-,-,-,-,-,-,-,-,-,-,-,-,53.47,0.02%,"1,412"
FKWL,28.04M,-,-,-,0.80,0.84,0.85,-,-,-,-,-,-9.30%,2.38,3.03%,"7,724"
FLAG,-,-,-,-,-,-,-,-,-,-,-,-,-,27.56,-0.95%,36
FLAO,-,-,-,-,-,-,-,-,-,-,-,-,-,28.36,0.07%,153
FLAU,-,-,-,-,-,-,-,-,-,-,-,-,-,34.15,0.86%,"4,857"
FLAX,-,-,-,-,-,-,-,-,-,-,-,-,-,35.73,1.78%,"8,324"
FLBL,-,-,-,-,-,-,-,-,-,-,-,-,-,22.89,-0.04%,"132,588"
FLBR,-,-,-,-,-,-,-,-,-,-,-,-,-,22.48,1.71%,"144,917"
FLC,176.82M,10.98,-,-,8.46,0.89,-,-,-,-,-,-,-,16.91,0.06%,"19,468"
FLCA,-,-,-,-,-,-,-,-,-,-,-,-,-,52.85,0.72%,"20,819"
FLCB,-,-,-,-,-,-,-,-,-,-,-,-,-,21.18,0.19%,"343,749"
FLCC,-,-,-,-,-,-,-,-,-,-,-,-,-,35.74,0.44%,"8,225"
FLCE,-,-,-,-,-,-,-,-,-,-,-,-,-,31.28,0.29%,"3,122"
FLCG,-,-,-,-,-,-,-,-,-,-,-,-,-,34.47,1.11%,"38,192"
FLCH,-,-,-,-,-,-,-,-,-,-,-,-,-,21.17,1.38%,"40,691"
FLCO,-,-,-,-,-,-,-,-,-,-,-,-,-,21.14,0.24%,"38,512"
FLCV,-,-,-,-,-,-,-,-,-,-,-,-,-,35.86,-0.36%,"16,418"
FLD,21.78M,-,-,-,0.72,0.59,1.30,-,39.60%,51.34%,-388.27%,-,-,0.43,-8.24%,"189,764"
FLDB,-,-,-,-,-,-,-,-,-,-,-,-,-,50.32,0.12%,"14,465"
FLDR,-,-,-,-,-,-,-,-,-,-,-,-,-,50.14,0.04%,"115,400"
FLDZ,-,-,-,-,-,-,-,-,-,-,-,-,-,30.00,0.99%,10
FLEE,-,-,-,-,-,-,-,-,-,-,-,-,-,38.48,0.44%,"1,114"
FLEU,-,-,-,-,-,-,-,-,-,-,-,-,-,35.31,0.74%,824
FLEX,48.45B,56.71,19.56,0.46,1.74,9.40,20.28,46.06,34.13%,52.71%,13.64%,42.17%,2.96%,132.24,2.12%,"2,439,920"
FLG,6.24B,-,10.29,-,1.35,0.82,-,-,181.14%,258.37%,-,-,22.25%,14.96,0.54%,"2,910,944"
FLGB,-,-,-,-,-,-,-,-,-,-,-,-,-,35.61,0.03%,"21,764"
FLGR,-,-,-,-,-,-,-,-,-,-,-,-,-,32.25,0.45%,"5,514"
FLGT,581.08M,-,-,-,1.81,0.56,2.10,-,-469.05%,25.81%,-,-,-5.21%,20.46,0.20%,"254,328"
FLGV,-,-,-,-,-,-,-,-,-,-,-,-,-,20.08,0.20%,"76,918"
FLHY,-,-,-,-,-,-,-,-,-,-,-,-,-,24.18,0.17%,"133,186"
FLIA,-,-,-,-,-,-,-,-,-,-,-,-,-,20.36,0.25%,"80,942"
FLIN,-,-,-,-,-,-,-,-,-,-,-,-,-,35.03,0.06%,"286,164"
FLJH,-,-,-,-,-,-,-,-,-,-,-,-,-,45.92,1.15%,"14,117"
FLJJ,-,-,-,-,-,-,-,-,-,-,-,-,-,33.97,0.21%,192
FLJP,-,-,-,-,-,-,-,-,-,-,-,-,-,40.08,1.26%,"910,400"
FLKR,-,-,-,-,-,-,-,-,-,-,-,-,-,57.78,4.65%,"940,275"
FLL,91.38M,-,-,-,0.30,-,2.91,29.10,24.88%,2.18%,-,-7.14%,19.21%,2.52,-2.33%,"64,216"
FLLA,-,-,-,-,-,-,-,-,-,-,-,-,-,27.38,1.40%,"36,186"
FLMB,-,-,-,-,-,-,-,-,-,-,-,-,-,23.83,0.07%,"1,956"
FLMI,-,-,-,-,-,-,-,-,-,-,-,-,-,24.99,0.04%,"457,062"
FLMX,-,-,-,-,-,-,-,-,-,-,-,-,-,36.72,1.66%,"2,316"
FLN,-,-,-,-,-,-,-,-,-,-,-,-,-,25.78,1.47%,"1,624"
FLNA,52.65M,-,-,-,-,0.77,0.61,-,49.47%,-25.26%,-50.67%,14.38%,-,1.09,-5.22%,"532,951"
FLNC,2.88B,-,69.82,-,1.11,5.63,6.97,-,65.89%,277.17%,17.04%,-,32.16%,15.61,2.97%,"6,564,925"
FLNG,1.64B,22.04,14.37,1.82,4.82,2.39,4.21,14.67,19.47%,-3.49%,55.98%,7.90%,16.15%,30.81,2.22%,"421,747"
FLNT,109.27M,-,-,-,0.55,8.22,10.61,546.36,52.38%,83.33%,-,77.17%,-7.65%,3.66,4.42%,"22,689"
FLO,1.76B,24.25,10.01,-,0.33,1.35,152.55,5.77,-23.44%,-0.77%,-11.24%,-8.52%,3.68%,8.29,0.00%,"3,160,294"
FLOC,1.85B,33.12,11.43,1.23,2.39,2.55,106.97,9.06,8.92%,15.41%,-,9.32%,-,20.53,-1.72%,"318,589"
FLOT,-,-,-,-,-,-,-,-,-,-,-,-,-,50.97,-0.02%,"1,905,792"
FLOW,-,-,-,-,-,-,-,-,-,-,-,-,-,39.10,-1.22%,"1,964"
FLQL,-,-,-,-,-,-,-,-,-,-,-,-,-,77.99,0.55%,"46,413"
FLQM,-,-,-,-,-,-,-,-,-,-,-,-,-,58.67,-0.73%,"117,987"
FLQS,-,-,-,-,-,-,-,-,-,-,-,-,-,49.06,0.13%,"2,566"
FLR,7.14B,40.81,15.71,0.77,0.47,2.52,1.94,-,18.04%,25.89%,36.81%,20.30%,1.83%,51.12,3.00%,"1,837,540"
FLRG,-,-,-,-,-,-,-,-,-,-,-,-,-,41.06,0.17%,"13,717"
FLRN,-,-,-,-,-,-,-,-,-,-,-,-,-,30.79,-0.03%,"1,503,988"
FLRT,-,-,-,-,-,-,-,-,-,-,-,-,-,46.74,0.04%,"59,813"
FLS,8.89B,25.76,15.08,1.26,1.91,4.01,11.22,20.37,11.55%,13.68%,21.58%,11.96%,4.87%,69.59,1.80%,"1,419,232"
FLSA,-,-,-,-,-,-,-,-,-,-,-,-,-,31.75,-0.60%,682
FLSP,-,-,-,-,-,-,-,-,-,-,-,-,-,27.76,-0.04%,"47,491"
FLSW,-,-,-,-,-,-,-,-,-,-,-,-,-,43.14,0.07%,"3,528"
FLTB,-,-,-,-,-,-,-,-,-,-,-,-,-,50.06,0.16%,"33,933"
FLTR,-,-,-,-,-,-,-,-,-,-,-,-,-,25.55,-0.08%,"1,526,019"
FLTW,-,-,-,-,-,-,-,-,-,-,-,-,-,98.42,-0.09%,"611,368"
FLUD,-,-,-,-,-,-,-,-,-,-,-,-,-,24.97,-0.04%,"103,928"
FLUT,18.87B,-,13.05,0.90,1.11,2.09,5.35,15.11,-27.36%,44.11%,-,14.54%,23.68%,108.47,-3.50%,"2,657,860"
FLUX,15.31M,-,-,-,0.30,3.32,41.37,-,9.17%,34.86%,32.27%,-,31.58%,0.72,-1.89%,"70,917"
FLV,-,-,-,-,-,-,-,-,-,-,-,-,-,82.84,-0.63%,"1,478"
FLWS,246.78M,-,-,-,0.16,1.28,4.87,-,-43.90%,49.44%,-,-,2.50%,3.85,-0.77%,"200,085"
FLX,112.66M,14.44,-,-,0.20,1.28,0.91,-,-,-,-,-,13.73%,2.15,-1.38%,"137,602"
FLXI,-,-,-,-,-,-,-,-,-,-,-,-,-,48.81,-0.22%,6
FLXN,-,-,-,-,-,-,-,-,-,-,-,-,-,24.96,0.21%,"4,384"
FLXR,-,-,-,-,-,-,-,-,-,-,-,-,-,38.99,0.23%,"297,564"
FLXS,383.62M,13.00,14.23,1.35,0.84,2.07,6.70,9.91,13.55%,6.34%,-,10.52%,3.75%,71.63,0.18%,"40,132"
FLY,3.54B,-,-,-,19.14,3.12,6.42,-,-40.29%,34.10%,-,28.25%,-,21.55,-3.23%,"2,833,310"
FLYD,-,-,-,-,-,-,-,-,-,-,-,-,-,47.36,2.01%,"1,825"
FLYE,3.33M,-,-,-,0.20,0.16,11.11,-,-,-,-,-,-,2.04,0.99%,"8,371"
FLYT,-,-,-,-,-,-,-,-,-,-,-,-,-,5.57,-6.54%,"157,159"
FLYU,-,-,-,-,-,-,-,-,-,-,-,-,-,45.74,-2.03%,182
FLYW,2.17B,75.95,26.32,0.27,3.20,2.55,6.68,13.47,305.26%,49.91%,-,99.14%,36.44%,17.59,-1.07%,"959,847"
FLYX,145.97M,-,-,-,0.38,-,7.44,-,-,-,-,-,-,1.52,-3.80%,"569,077"
FLZH,98.51M,-,-,-,9.27,0.02,317.77,-,-,-,-9.88%,-,-7.60%,1.84,-2.13%,"29,615"
FMAC,156.96M,-,-,-,-,1.39,1046.37,-,-,-,-,-,-,9.96,-0.39%,202
FMAG,-,-,-,-,-,-,-,-,-,-,-,-,-,36.47,1.00%,"107,883"
FMAO,410.43M,11.44,9.89,-,2.14,1.09,-,12.44,16.87%,6.10%,6.12%,-,17.09%,29.81,-0.90%,"79,854"
FMAR,-,-,-,-,-,-,-,-,-,-,-,-,-,52.56,0.23%,"11,871"
FMAT,-,-,-,-,-,-,-,-,-,-,-,-,-,57.77,0.49%,"46,901"
FMAY,-,-,-,-,-,-,-,-,-,-,-,-,-,56.49,0.30%,"40,876"
FMB,-,-,-,-,-,-,-,-,-,-,-,-,-,51.20,0.00%,"223,687"
FMBH,1.28B,12.14,9.80,-,2.66,1.19,-,12.64,15.89%,10.43%,7.21%,-,17.98%,48.04,-0.60%,"139,502"
FMC,1.34B,-,5.16,-,0.39,0.74,3.43,-,-43.88%,24.96%,-,-7.55%,-5.67%,10.72,-1.74%,"3,015,804"
FMCE,-,-,-,-,-,-,-,-,-,-,-,-,-,28.40,0.04%,17
FMCX,-,-,-,-,-,-,-,-,-,-,-,-,-,36.26,0.11%,32
FMDE,-,-,-,-,-,-,-,-,-,-,-,-,-,40.57,0.17%,"530,175"
FMED,-,-,-,-,-,-,-,-,-,-,-,-,-,29.06,-0.00%,"3,981"
FMET,-,-,-,-,-,-,-,-,-,-,-,-,-,37.29,-0.40%,"3,359"
FMF,-,-,-,-,-,-,-,-,-,-,-,-,-,50.37,-0.02%,"25,992"
FMFC,4.76M,-,-,-,0.31,0.60,2.87,-,-,-,-,-,-,0.26,0.00%,"118,994"
FMHI,-,-,-,-,-,-,-,-,-,-,-,-,-,48.39,0.06%,"97,665"
FMKT,-,-,-,-,-,-,-,-,-,-,-,-,-,21.96,0.35%,"4,023"
FMN,89.13M,95.00,-,-,11.57,0.91,-,-,-,-,-,-,-,11.40,0.66%,"15,710"
FMNB,844.41M,9.83,8.15,-,2.88,1.10,-,17.93,4.14%,15.89%,-0.33%,-,13.37%,14.26,-0.97%,"327,716"
FMNY,-,-,-,-,-,-,-,-,-,-,-,-,-,26.78,0.09%,"3,741"
FMQQ,-,-,-,-,-,-,-,-,-,-,-,-,-,12.28,0.54%,"3,920"
FMS,11.84B,12.70,9.63,2.38,0.53,0.85,8.29,5.83,-8.67%,8.94%,-3.43%,4.05%,1.71%,24.14,-1.27%,"502,282"
FMST,28.36M,-,-,-,-,1.10,6.25,-,-,-,11.61%,-,-,1.72,-3.37%,"83,812"
FMTL,-,-,-,-,-,-,-,-,-,-,-,-,-,32.25,2.57%,"2,741"
FMTM,-,-,-,-,-,-,-,-,-,-,-,-,-,40.51,1.78%,"229,029"
FMUB,-,-,-,-,-,-,-,-,-,-,-,-,-,51.31,0.08%,"63,694"
FMUN,-,-,-,-,-,-,-,-,-,-,-,-,-,50.34,0.03%,"12,771"
FMX,26.84B,28.89,24.60,1.03,0.58,3.85,4.53,10.32,74.60%,-4.07%,-,23.91%,13.82%,133.17,3.22%,"535,146"
FMY,49.13M,16.42,-,-,15.84,0.92,-,-,-,-,-,-,-,11.66,-0.08%,815
FN,17.30B,41.51,28.10,1.02,4.08,7.51,18.30,377.60,35.75%,24.45%,24.42%,27.68%,15.80%,482.78,1.71%,"619,917"
FNB,6.76B,11.71,9.83,0.97,2.50,0.99,-,11.78,7.86%,12.68%,12.82%,10.14%,13.09%,18.99,0.32%,"6,820,816"
FNCL,-,-,-,-,-,-,-,-,-,-,-,-,-,80.12,0.33%,"73,342"
FND,6.07B,30.53,25.38,2.03,1.30,2.47,20.68,57.58,-0.29%,15.60%,0.93%,12.51%,14.07%,56.17,2.22%,"2,392,337"
FNDA,-,-,-,-,-,-,-,-,-,-,-,-,-,37.41,0.24%,"519,723"
FNDB,-,-,-,-,-,-,-,-,-,-,-,-,-,30.74,-0.09%,"169,813"
FNDC,-,-,-,-,-,-,-,-,-,-,-,-,-,48.69,0.70%,"92,627"
FNDE,-,-,-,-,-,-,-,-,-,-,-,-,-,40.44,0.77%,"1,082,324"
FNDF,-,-,-,-,-,-,-,-,-,-,-,-,-,53.16,1.08%,"1,570,964"
FNDX,-,-,-,-,-,-,-,-,-,-,-,-,-,31.44,-0.13%,"2,864,886"
FNF,13.43B,17.74,8.46,1.00,0.90,1.85,-,2.17,5.00%,12.97%,-15.01%,8.43%,6.05%,49.90,-0.28%,"1,104,874"
FNG,-,-,-,-,-,-,-,-,-,-,-,-,-,8.19,3.50%,"16,978"
FNGD,-,-,-,-,-,-,-,-,-,-,-,-,-,32.73,-3.62%,"590,180"
FNGG,-,-,-,-,-,-,-,-,-,-,-,-,-,239.64,2.50%,"4,101"
FNGO,-,-,-,-,-,-,-,-,-,-,-,-,-,136.92,2.50%,"2,385"
FNGR,22.20M,-,-,-,0.92,1.46,317.12,-,-,-,2.02%,-,7.66%,0.36,-2.08%,"179,932"
FNGS,-,-,-,-,-,-,-,-,-,-,-,-,-,75.90,1.04%,"12,905"
FNGU,-,-,-,-,-,-,-,-,-,-,-,-,-,28.90,3.58%,"5,188,590"
FNK,-,-,-,-,-,-,-,-,-,-,-,-,-,61.62,-0.07%,662
FNKO,310.42M,-,34.69,-,0.34,1.83,9.05,-,91.90%,382.35%,-,-,6.84%,5.55,-2.46%,"1,340,700"
FNLC,381.01M,10.44,-,-,2.13,1.33,-,6.80,-,-,4.35%,-,14.77%,33.79,1.05%,"30,811"
FNOV,-,-,-,-,-,-,-,-,-,-,-,-,-,58.79,0.23%,"7,854"
FNRN,298.28M,13.04,-,-,3.28,1.40,-,57.03,-,-,12.69%,-,9.30%,18.18,0.00%,"164,093"
FNUC,26.17M,-,-,-,-,-,-,-,-,-,-84.19%,-,-,1.69,3.68%,"217,602"
FNV,39.14B,28.57,21.01,0.98,18.61,4.83,54.77,-,53.68%,12.64%,27.48%,21.38%,12.42%,202.95,1.23%,"733,871"
FNWB,107.15M,20.49,15.04,-,0.93,0.68,-,7.94,141.67%,275.00%,-,-,11.91%,11.28,0.80%,"30,106"
FNWD,157.18M,15.81,11.94,-,1.55,0.91,-,11.41,40.43%,15.15%,-16.36%,-,7.98%,36.30,0.14%,"13,168"
FNX,-,-,-,-,-,-,-,-,-,-,-,-,-,142.41,0.30%,"8,482"
FNY,-,-,-,-,-,-,-,-,-,-,-,-,-,104.45,0.80%,"37,228"
FOA,448.45M,-,4.92,-,1.57,1.26,1.19,-,56.25%,12.63%,-,-,-,26.34,3.78%,"139,276"
FOCL,202.95M,-,-,-,2.74,20.09,13.52,-,-8.58%,25.77%,-63.72%,16.35%,8.30%,5.41,-0.28%,"121,369"
FOCT,-,-,-,-,-,-,-,-,-,-,-,-,-,52.66,0.29%,"8,585"
FOF,381.16M,6.04,-,-,-,-,-,-,-,-,-,-,-,13.72,-1.01%,"48,639"
FOFO,23.47M,-,-,-,78.22,21.36,24.70,-,-,-,-,-,-,3.10,-1.90%,"34,268"
FOMG,-,-,-,-,-,-,-,-,-,-,-,-,-,7.20,10.87%,"10,649"
FOPC,-,-,-,-,-,-,-,-,-,-,-,-,-,25.23,0.15%,"2,046"
FOR,1.55B,9.26,9.54,-,0.91,0.85,4.27,5.84,-10.51%,8.03%,21.07%,-,12.27%,30.34,0.76%,"72,861"
FORH,-,-,-,-,-,-,-,-,-,-,-,-,-,24.19,0.14%,11
FORM,9.07B,133.76,37.94,1.24,10.80,8.56,29.81,248.11,88.71%,24.97%,-6.93%,30.51%,2.51%,116.33,5.47%,"1,075,858"
FORR,200.14M,-,11.39,-,0.51,1.86,1.38,17.56,-34.05%,18.30%,-,-,-2.44%,10.31,1.18%,"153,555"
FORTY,1.64B,2.71,-,-,0.56,1.14,1.39,-,-,-,-9.66%,-,6.34%,107.00,-5.30%,87
FOSL,238.18M,-,40.30,-,0.24,2.38,2.89,-,65.26%,130.30%,5.09%,-,-9.04%,4.03,-2.18%,"546,690"
FOTO,-,-,-,-,-,-,-,-,-,-,-,-,-,21.15,3.57%,"231,338"
FOUR,3.97B,58.25,7.35,0.49,0.89,6.12,3.23,7.48,8.07%,21.76%,-,14.92%,40.37%,50.01,1.58%,"849,100"
FOWF,-,-,-,-,-,-,-,-,-,-,-,-,-,33.90,-0.02%,"1,455"
FOX,21.90B,13.06,8.51,1.33,1.35,1.90,6.08,10.25,5.71%,15.15%,24.80%,6.42%,5.79%,49.50,-1.43%,"1,748,634"
FOXA,21.81B,14.48,9.46,1.48,1.35,2.10,6.06,10.21,5.85%,14.66%,24.80%,6.37%,5.79%,54.87,-1.84%,"3,280,635"
FOXF,728.85M,-,9.97,-,0.49,1.11,13.52,60.74,31.92%,24.67%,-,-,10.50%,17.38,0.29%,"438,077"
FOXX,20.84M,-,-,-,0.35,-,6.53,-,-,-,-,-,-,2.96,0.34%,"24,434"
FOXY,-,-,-,-,-,-,-,-,-,-,-,-,-,29.51,0.03%,"104,797"
FPA,-,-,-,-,-,-,-,-,-,-,-,-,-,47.94,2.79%,998
FPAA,-,-,-,-,-,-,-,-,-,-,-,-,-,24.96,0.06%,"2,454"
FPAG,-,-,-,-,-,-,-,-,-,-,-,-,-,40.59,0.02%,"59,054"
FPAS,-,-,-,-,-,-,-,-,-,-,-,-,-,24.52,-0.42%,"1,027"
FPE,-,-,-,-,-,-,-,-,-,-,-,-,-,17.93,0.06%,"941,045"
FPEI,-,-,-,-,-,-,-,-,-,-,-,-,-,19.25,0.03%,"308,219"
FPF,1.10B,9.20,-,-,-,-,-,-,-,-,-,-,-,18.13,0.67%,"105,248"
FPFD,-,-,-,-,-,-,-,-,-,-,-,-,-,21.38,-0.02%,"21,347"
FPH,573.55M,8.55,-,-,5.19,0.45,1.72,150.14,-,-,-,-,-6.46%,5.20,1.56%,"96,746"
FPI,421.35M,18.22,49.54,-,8.10,0.92,23.75,22.22,-69.67%,5.41%,-,-,0.58%,9.66,0.62%,"296,111"
FPRO,-,-,-,-,-,-,-,-,-,-,-,-,-,25.12,-0.14%,"2,213"
FPS,13.14B,-,-,-,-,28.08,140.00,-,-,-,-,-,-,41.18,-3.33%,"11,440,988"
FPSX,-,-,-,-,-,-,-,-,-,-,-,-,-,6.30,-7.08%,"12,293"
FPWR,-,-,-,-,-,-,-,-,-,-,-,-,-,37.70,-0.08%,"9,280"
FPX,-,-,-,-,-,-,-,-,-,-,-,-,-,191.62,1.23%,"47,775"
FPXE,-,-,-,-,-,-,-,-,-,-,-,-,-,33.53,0.42%,536
FPXI,-,-,-,-,-,-,-,-,-,-,-,-,-,73.89,2.11%,"22,995"
FQAL,-,-,-,-,-,-,-,-,-,-,-,-,-,82.08,0.12%,"26,254"
FR,8.87B,25.08,34.20,29.74,11.91,3.11,238.81,37.99,28.19%,-21.03%,4.05%,1.15%,10.07%,64.75,-0.54%,"1,344,421"
FRA,385.88M,15.56,-,-,8.83,0.84,-,-,-,-,-,-,-,10.89,0.37%,"176,794"
FRAF,277.74M,11.58,9.54,-,2.06,1.55,-,11.88,23.02%,11.07%,10.10%,-,16.93%,61.81,-0.68%,"36,702"
FRBA,434.32M,10.35,9.58,-,1.75,0.96,-,8.08,-9.96%,15.11%,12.34%,-,20.91%,17.28,-1.37%,"74,563"
FRBT,998.77M,-,-,-,-,1.20,-,-,-,-,-,-,-,20.10,3.29%,"77,419"
FRD,248.76M,12.81,-,-,0.38,1.64,76.54,180.26,-,-,11.15%,-,38.68%,35.00,1.42%,"267,313"
FRDM,-,-,-,-,-,-,-,-,-,-,-,-,-,68.05,2.79%,"200,304"
FREI,-,-,-,-,-,-,-,-,-,-,-,-,-,24.88,0.05%,"4,518"
FREL,-,-,-,-,-,-,-,-,-,-,-,-,-,29.64,-0.24%,"214,905"
FRGN,-,-,-,-,-,-,-,-,-,-,-,-,-,31.06,1.26%,"8,876"
FRGT,2.52M,-,-,-,0.19,0.27,7.19,-,-,-,84.50%,-,104.45%,4.39,10.86%,"26,964"
FRHC,9.13B,59.35,-,-,4.38,6.13,4.55,-,-,-,0.60%,-,51.08%,148.91,-7.41%,"211,923"
FRI,-,-,-,-,-,-,-,-,-,-,-,-,-,32.04,-0.06%,"24,179"
FRIZ,-,-,-,-,-,-,-,-,-,-,-,-,-,26.46,-0.41%,18
FRME,2.73B,12.76,9.40,-,2.60,1.02,-,9.73,-5.54%,25.69%,7.21%,-,13.48%,43.30,0.00%,"450,645"
FRMI,4.30B,-,8.82,-,-,3.96,17.66,-,105.63%,1205.48%,-,-,-,6.74,6.81%,"19,310,178"
FRMM,89.83M,-,12.48,-,9.55,0.82,1.36,-,86.68%,110.70%,53.41%,-,-,6.80,4.94%,"627,376"
FRNW,-,-,-,-,-,-,-,-,-,-,-,-,-,23.34,2.65%,"31,499"
FRO,8.54B,9.44,10.48,0.63,3.79,3.01,18.11,14.43,367.96%,-53.96%,-4.20%,16.66%,10.27%,38.38,3.95%,"2,745,308"
FROG,11.04B,-,81.38,3.96,19.60,11.95,14.88,72.93,16.32%,17.46%,-25.03%,20.57%,28.66%,91.17,-0.92%,"2,238,320"
FRPH,457.98M,487.55,-,-,10.62,1.07,4.25,-,-,-,-23.35%,-,12.68%,23.89,-0.67%,"33,111"
FRPT,2.67B,14.53,29.46,-,2.35,2.11,6.99,56.96,-32.75%,3.70%,-,-8.87%,28.16%,54.23,-3.02%,"845,040"
FRSH,3.01B,16.49,13.11,1.05,3.45,2.87,3.86,13.55,-5.42%,27.98%,-,12.53%,27.43%,10.47,-3.32%,"10,286,261"
FRST,389.85M,8.39,8.29,-,1.30,0.91,-,-,305.88%,19.38%,21.10%,-,18.93%,15.67,-0.57%,"143,388"
FRSX,7.26M,-,-,-,18.14,0.35,1.15,-,-,-,24.48%,-,-,1.39,-0.71%,"180,694"
FRT,10.61B,21.18,40.12,-,8.10,3.35,91.79,31.64,-14.40%,-24.03%,23.55%,-8.97%,9.55%,122.11,0.22%,"458,489"
FRTT,-,-,-,-,-,-,-,-,-,-,-,-,-,0.87,-15.02%,"312,533"
FRTY,-,-,-,-,-,-,-,-,-,-,-,-,-,23.03,0.83%,"37,787"
FRVO,7.37B,-,-,-,-,-,26.26,-,-,-,-,-,-,25.02,-3.25%,"1,916,912"
FRWD,-,-,-,-,-,-,-,-,-,-,-,-,-,32.15,1.81%,"41,964"
FSBC,1.02B,15.11,12.08,-,3.82,2.22,-,13.62,22.69%,10.85%,6.57%,-,25.01%,47.65,-0.29%,"101,937"
FSBW,320.75M,10.08,8.43,-,1.45,1.03,-,6.10,5.44%,13.41%,-0.90%,-,10.52%,43.26,0.79%,"10,970"
FSCC,-,-,-,-,-,-,-,-,-,-,-,-,-,35.81,0.14%,"24,582"
FSCO,962.80M,6.26,-,-,-,-,-,-,-,-,-,-,-,4.76,-1.45%,"931,882"
FSCS,-,-,-,-,-,-,-,-,-,-,-,-,-,36.85,-0.15%,"5,091"
FSEA,79.26M,-,-,-,2.76,1.14,-,240.17,-,-,-,-,9.94%,16.89,0.06%,"4,424"
FSEC,-,-,-,-,-,-,-,-,-,-,-,-,-,43.63,0.32%,"214,589"
FSEG,-,-,-,-,-,-,-,-,-,-,-,-,-,27.59,0.58%,"3,695"
FSEP,-,-,-,-,-,-,-,-,-,-,-,-,-,55.44,0.22%,"36,401"
FSEV,-,-,-,-,-,-,-,-,-,-,-,-,-,26.46,-0.03%,"2,330"
FSGS,-,-,-,-,-,-,-,-,-,-,-,-,-,31.93,-0.52%,702
FSHP,55.64M,54.70,-,-,-,1.85,-,-,-,-,-,-,-,11.07,-2.20%,15
FSI,74.70M,101.03,8.03,-,1.90,1.92,11.55,-,333.33%,180.77%,-24.88%,-,4.16%,5.86,1.03%,"4,389"
FSIG,-,-,-,-,-,-,-,-,-,-,-,-,-,18.84,0.21%,"329,136"
FSK,3.02B,-,6.99,-,3.38,0.57,22.72,17.47,-29.60%,-6.23%,-,-17.00%,51.03%,10.79,-0.19%,"1,736,417"
FSLR,23.70B,14.25,9.17,0.33,4.37,2.40,9.77,14.21,24.49%,35.98%,30.65%,27.68%,14.00%,220.58,-0.20%,"1,436,179"
FSLY,3.27B,-,52.97,0.99,5.01,3.34,9.90,105.21,149.88%,21.46%,2.21%,53.63%,16.49%,20.90,4.34%,"3,896,678"
FSM,2.58B,7.91,5.18,0.14,2.36,1.47,3.75,7.02,109.93%,7.18%,51.01%,37.92%,27.90%,8.51,1.67%,"4,303,924"
FSMB,-,-,-,-,-,-,-,-,-,-,-,-,-,20.00,0.05%,"110,752"
FSMD,-,-,-,-,-,-,-,-,-,-,-,-,-,51.20,0.43%,"109,837"
FSML,-,-,-,-,-,-,-,-,-,-,-,-,-,30.01,0.41%,"2,181"
FSOL,-,-,-,-,-,-,-,-,-,-,-,-,-,9.08,2.48%,"200,199"
FSP,50.73M,-,-,-,0.48,0.09,2.14,-,-,-,-,-,-14.76%,0.49,1.56%,"240,305"
FSPC,-,-,-,-,-,-,-,-,-,-,-,-,-,18.95,0.26%,"7,944"
FSS,7.22B,26.85,21.33,1.37,3.08,5.03,101.10,24.84,17.53%,11.61%,20.79%,15.51%,14.03%,118.33,1.19%,"453,640"
FSSL,822.19M,-,-,-,-,-,-,-,-,-,-,-,-,10.83,-0.82%,"401,587"
FSTA,-,-,-,-,-,-,-,-,-,-,-,-,-,52.74,-1.24%,"109,356"
FSTB,-,-,-,-,-,-,-,-,-,-,-,-,-,20.01,-0.02%,19
FSTR,437.48M,40.53,21.13,0.39,0.78,2.49,109.65,10.80,152.17%,13.79%,-15.93%,54.41%,1.66%,41.83,1.19%,"56,478"
FSUN,1.56B,10.40,7.73,-,2.63,0.84,-,23.78,-6.88%,37.78%,6.12%,-,13.08%,35.30,-0.51%,"203,232"
FSV,6.65B,40.87,21.36,2.69,1.20,4.66,31.20,18.16,7.08%,10.04%,9.43%,7.94%,14.67%,144.71,1.00%,"133,926"
FSYD,-,-,-,-,-,-,-,-,-,-,-,-,-,48.56,0.10%,"24,329"
FSZ,-,-,-,-,-,-,-,-,-,-,-,-,-,82.55,0.81%,"1,958"
FT,203.57M,6.23,-,-,13.34,0.89,-,-,-,-,-,-,-,8.10,0.12%,"34,700"
FTA,-,-,-,-,-,-,-,-,-,-,-,-,-,98.17,-0.65%,"30,537"
FTAG,-,-,-,-,-,-,-,-,-,-,-,-,-,29.30,0.37%,657
FTAI,21.15B,41.01,17.28,0.32,7.46,49.01,51.32,-,52.47%,70.16%,-,54.34%,46.65%,206.22,-1.74%,"1,106,574"
FTBD,-,-,-,-,-,-,-,-,-,-,-,-,-,48.89,0.27%,"1,306"
FTBI,-,-,-,-,-,-,-,-,-,-,-,-,-,21.64,-0.04%,"5,560"
FTC,-,-,-,-,-,-,-,-,-,-,-,-,-,182.84,1.09%,"11,734"
FTCA,-,-,-,-,-,-,-,-,-,-,-,-,-,7.38,0.14%,"123,293"
FTCB,-,-,-,-,-,-,-,-,-,-,-,-,-,20.70,0.22%,"348,961"
FTCE,-,-,-,-,-,-,-,-,-,-,-,-,-,27.08,-1.04%,"6,154"
FTCI,73.79M,-,-,-,0.77,-,13.08,-,115.64%,-172.19%,-24.85%,65.95%,-11.86%,4.61,-12.69%,"134,270"
FTCS,-,-,-,-,-,-,-,-,-,-,-,-,-,96.01,-0.96%,"521,571"
FTDR,5.23B,21.23,14.81,1.28,2.47,22.82,8.64,13.58,11.00%,10.70%,21.18%,11.57%,7.26%,74.43,-0.48%,"390,262"
FTDS,-,-,-,-,-,-,-,-,-,-,-,-,-,62.50,-0.57%,"2,168"
FTEC,-,-,-,-,-,-,-,-,-,-,-,-,-,279.70,1.31%,"202,578"
FTEK,49.86M,-,-,-,1.89,1.30,2.31,-,-50.00%,58.33%,15.40%,-,3.42%,1.60,0.63%,"138,578"
FTF,235.16M,13.86,-,-,7.14,0.88,-,-,-,-,-,-,-,5.82,0.34%,"181,167"
FTFT,2.41M,0.48,-,-,0.69,0.05,0.07,-,-,-,36.52%,-,59.70%,1.64,-10.38%,"303,538"
FTGC,-,-,-,-,-,-,-,-,-,-,-,-,-,28.62,1.13%,"488,105"
FTGS,-,-,-,-,-,-,-,-,-,-,-,-,-,37.85,0.05%,"108,190"
FTH,853.79M,-,-,-,-,-,4.21,-,-691.77%,95.07%,-4.83%,29.95%,-,33.12,-0.72%,"233,759"
FTHA,137.61M,-,-,-,-,-,-,-,-,-,-,-,-,9.95,0.30%,34
FTHF,-,-,-,-,-,-,-,-,-,-,-,-,-,46.37,2.94%,"8,976"
FTHI,-,-,-,-,-,-,-,-,-,-,-,-,-,23.89,0.29%,"530,046"
FTHM,31.38M,-,-,-,0.07,0.80,5.30,-,-,-,-49.36%,-,18.92%,0.92,2.39%,"107,383"
FTHY,500.11M,13.20,-,-,-,-,-,-,-,-,-,-,-,13.60,0.52%,"58,161"
FTI,29.73B,28.53,20.81,1.10,2.92,8.84,30.94,22.11,21.73%,20.15%,-,18.90%,8.49%,74.57,2.09%,"2,601,345"
FTIF,-,-,-,-,-,-,-,-,-,-,-,-,-,27.35,0.37%,34
FTK,968.47M,34.18,28.62,-,3.84,8.19,167.56,-,-34.75%,58.82%,-,-4.75%,34.88%,26.77,7.25%,"316,360"
FTKI,-,-,-,-,-,-,-,-,-,-,-,-,-,20.16,0.64%,109
FTLF,104.34M,18.42,10.10,0.29,1.15,2.30,87.68,13.76,36.51%,27.91%,-8.21%,35.00%,29.80%,11.11,-0.71%,"13,540"
FTLS,-,-,-,-,-,-,-,-,-,-,-,-,-,74.68,0.08%,"80,098"
FTMA,-,-,-,-,-,-,-,-,-,-,-,-,-,9.07,0.00%,"281,547"
FTMH,-,-,-,-,-,-,-,-,-,-,-,-,-,11.80,0.27%,"242,372"
FTMN,-,-,-,-,-,-,-,-,-,-,-,-,-,8.84,-0.23%,"20,451"
FTMS,-,-,-,-,-,-,-,-,-,-,-,-,-,9.93,0.05%,"88,934"
FTMU,-,-,-,-,-,-,-,-,-,-,-,-,-,7.88,0.05%,"117,299"
FTNJ,-,-,-,-,-,-,-,-,-,-,-,-,-,8.77,-0.11%,"92,284"
FTNT,122.23B,64.46,48.80,4.29,17.19,123.73,37.10,50.19,14.18%,8.49%,32.99%,11.38%,21.25%,166.83,3.87%,"4,685,215"
FTNY,-,-,-,-,-,-,-,-,-,-,-,-,-,7.91,-0.25%,"309,933"
FTOH,-,-,-,-,-,-,-,-,-,-,-,-,-,8.43,-0.14%,"41,966"
FTPA,-,-,-,-,-,-,-,-,-,-,-,-,-,8.70,0.00%,"75,830"
FTQI,-,-,-,-,-,-,-,-,-,-,-,-,-,22.29,0.45%,"253,931"
FTRA-U,232.41M,-,-,-,-,40420.00,-,-,-,-,-,-,-,10.10,0.25%,"18,834"
FTRB,-,-,-,-,-,-,-,-,-,-,-,-,-,24.91,0.14%,"119,364"
FTRE,1.71B,-,17.74,0.41,0.63,3.24,11.56,8.96,87.48%,26.08%,-21.68%,43.43%,1.09%,18.03,0.95%,"736,286"
FTRI,-,-,-,-,-,-,-,-,-,-,-,-,-,16.36,1.36%,"31,521"
FTRK,9.38M,-,-,-,5.52,1.07,4.99,-,-,-,-,-,-,0.43,-27.50%,"3,500,329"
FTS,29.39B,23.51,20.71,4.85,3.32,1.80,114.23,-,0.23%,7.13%,4.66%,4.27%,5.51%,57.72,0.42%,"501,890"
FTSD,-,-,-,-,-,-,-,-,-,-,-,-,-,90.14,0.03%,"47,363"
FTSL,-,-,-,-,-,-,-,-,-,-,-,-,-,44.96,0.11%,"199,915"
FTSM,-,-,-,-,-,-,-,-,-,-,-,-,-,59.81,0.04%,"650,562"
FTV,18.50B,36.34,18.84,2.14,3.90,3.05,51.95,19.05,10.43%,7.65%,-16.65%,8.80%,-2.14%,60.68,-2.62%,"3,002,531"
FTW,380.84M,78.72,91.44,-,-,2.25,12.09,-,-8258.25%,104.08%,-,-,-,12.17,0.66%,"40,760"
FTWO,-,-,-,-,-,-,-,-,-,-,-,-,-,43.04,0.52%,"3,533"
FTXG,-,-,-,-,-,-,-,-,-,-,-,-,-,22.60,-1.00%,"1,373"
FTXH,-,-,-,-,-,-,-,-,-,-,-,-,-,37.72,-1.37%,"25,860"
FTXL,-,-,-,-,-,-,-,-,-,-,-,-,-,248.45,2.83%,"169,698"
FTXN,-,-,-,-,-,-,-,-,-,-,-,-,-,35.97,0.17%,"209,224"
FTXO,-,-,-,-,-,-,-,-,-,-,-,-,-,41.99,-0.37%,"72,159"
FTXR,-,-,-,-,-,-,-,-,-,-,-,-,-,44.91,-0.11%,"35,294"
FUBO,1.03B,2.21,-,-,0.64,0.35,4.35,7.47,-,-,19.08%,-,228.06%,9.54,-2.95%,"1,396,979"
FUFU,241.65M,-,-,-,0.51,2.10,6.40,-,29.41%,-,-560.39%,-,-,1.45,8.21%,"117,212"
FUL,3.01B,16.64,10.52,0.84,0.86,1.45,26.41,21.40,14.83%,9.35%,3.11%,12.50%,4.48%,56.02,-0.07%,"681,736"
FULC,239.21M,-,-,-,-,0.72,0.72,-,33.72%,14.08%,15.80%,18.03%,-,3.59,1.41%,"1,301,232"
FULT,4.63B,11.55,10.39,1.60,2.45,1.31,-,11.39,-3.20%,15.76%,13.77%,6.50%,14.37%,24.21,0.17%,"1,572,907"
FUMB,-,-,-,-,-,-,-,-,-,-,-,-,-,20.08,0.00%,"5,887"
FUN,1.92B,-,44.13,-,0.62,6.87,16.48,67.10,97.40%,203.22%,-8.74%,-,76.39%,18.81,-0.58%,"1,831,184"
FUNC,286.94M,11.41,9.46,-,2.36,1.40,-,13.02,9.25%,8.50%,13.81%,-,9.55%,44.51,-0.85%,"42,701"
FUND,292.68M,5.35,-,-,34.99,1.02,-,-,-,-,-,-,-,9.79,0.67%,"45,716"
FURY,101.49M,13.55,-,-,-,1.21,1.96,-,-77.86%,-,26.90%,-,-,0.53,3.65%,"102,510"
FUSB,91.91M,15.95,-,-,1.44,0.88,-,8.33,-,-,19.84%,-,6.87%,16.51,-0.30%,700
FUSD,-,-,-,-,-,-,-,-,-,-,-,-,-,25.08,0.06%,8
FUSE,28.94M,12.14,-,-,3.02,-,16.35,-,-,-,-148.83%,-,-,1.00,0.00%,"17,278"
FUSI,-,-,-,-,-,-,-,-,-,-,-,-,-,50.55,0.07%,"1,335"
FUTG,-,-,-,-,-,-,-,-,-,-,-,-,-,3.47,3.71%,"340,025"
FUTU,9.40B,10.78,8.43,0.89,3.05,2.62,3.19,-,-10.93%,27.59%,50.82%,9.49%,47.00%,98.13,1.85%,"1,145,419"
FUTY,-,-,-,-,-,-,-,-,-,-,-,-,-,58.92,0.00%,"248,347"
FV,-,-,-,-,-,-,-,-,-,-,-,-,-,71.95,0.89%,"67,711"
FVAL,-,-,-,-,-,-,-,-,-,-,-,-,-,79.31,0.01%,"20,011"
FVAV,366.61M,-,-,-,-,1.34,345.86,-,-,-,-,-,-,10.15,0.35%,6
FVC,-,-,-,-,-,-,-,-,-,-,-,-,-,41.50,0.76%,"2,093"
FVCB,314.76M,13.65,10.97,-,2.55,1.21,-,12.09,22.92%,8.14%,6.60%,-,11.76%,17.49,-0.40%,"138,032"
FVD,-,-,-,-,-,-,-,-,-,-,-,-,-,48.92,-0.73%,"380,458"
FVN,82.75M,289.45,-,-,-,9.17,9.12,-,-,-,-,-,-,10.97,-0.27%,"3,201"
FVR,603.78M,-,910.13,-,8.74,1.15,64.99,14.68,98.91%,1084.39%,-,-,-,21.47,1.37%,"90,743"
FVRR,397.97M,14.16,5.50,-,0.93,0.95,1.44,3.85,-30.71%,-1.50%,-,-7.51%,17.86%,11.07,-1.77%,"471,770"
FWACU,89.32M,-,-,-,-,-,-,-,-,-,-,-,-,10.06,0.00%,101
FWD,-,-,-,-,-,-,-,-,-,-,-,-,-,135.58,1.66%,"186,388"
FWDI,334.84M,-,18.92,-,7.47,0.63,20.13,-,63.75%,102.69%,-67.73%,-,-12.01%,4.54,10.46%,"1,117,894"
FWONA,24.90B,29.59,41.40,4.71,5.25,2.99,18.69,34.11,-19.81%,25.32%,-,8.79%,31.38%,92.14,0.55%,"143,210"
FWONK,25.07B,32.40,44.52,4.48,5.28,3.27,18.82,34.34,-19.03%,26.04%,-,9.93%,31.38%,100.87,1.23%,"1,603,772"
FWRD,404.48M,-,-,-,0.16,4.99,2.87,10.55,60.61%,78.02%,-,-,14.47%,12.79,-0.08%,"506,675"
FWRG,748.37M,43.58,44.06,6.58,0.59,1.19,31.75,-,-46.42%,65.90%,-,6.70%,28.99%,12.14,-0.49%,"782,724"
FXA,-,-,-,-,-,-,-,-,-,-,-,-,-,69.04,0.81%,"23,631"
FXAC,126.57M,-,-,-,-,-,-,-,-,-,-,-,-,10.02,0.20%,"3,102"
FXB,-,-,-,-,-,-,-,-,-,-,-,-,-,128.69,0.30%,"35,223"
FXC,-,-,-,-,-,-,-,-,-,-,-,-,-,69.44,0.58%,"30,986"
FXD,-,-,-,-,-,-,-,-,-,-,-,-,-,68.36,-0.34%,"6,076"
FXE,-,-,-,-,-,-,-,-,-,-,-,-,-,105.39,0.36%,"115,937"
FXED,-,-,-,-,-,-,-,-,-,-,-,-,-,17.40,0.13%,"7,238"
FXF,-,-,-,-,-,-,-,-,-,-,-,-,-,108.87,0.63%,"18,724"
FXG,-,-,-,-,-,-,-,-,-,-,-,-,-,63.45,-1.26%,"6,348"
FXH,-,-,-,-,-,-,-,-,-,-,-,-,-,121.88,-1.44%,"128,752"
FXHO,4.12M,-,-,-,0.14,0.15,0.10,-,-,-,21.82%,-,4.64%,20.86,33.72%,"105,975"
FXI,-,-,-,-,-,-,-,-,-,-,-,-,-,33.77,0.99%,"22,145,991"
FXL,-,-,-,-,-,-,-,-,-,-,-,-,-,205.48,0.98%,"64,334"
FXN,-,-,-,-,-,-,-,-,-,-,-,-,-,21.12,0.21%,"575,255"
FXNC,264.27M,12.57,11.58,-,2.27,1.40,-,11.07,11.85%,6.49%,1.59%,-,23.19%,29.23,-0.17%,"30,485"
FXO,-,-,-,-,-,-,-,-,-,-,-,-,-,64.27,-0.51%,"43,393"
FXP,-,-,-,-,-,-,-,-,-,-,-,-,-,22.34,-2.23%,"1,504"
FXR,-,-,-,-,-,-,-,-,-,-,-,-,-,88.44,0.22%,"20,667"
FXU,-,-,-,-,-,-,-,-,-,-,-,-,-,50.00,-0.04%,"247,697"
FXY,-,-,-,-,-,-,-,-,-,-,-,-,-,56.57,0.19%,"206,393"
FXZ,-,-,-,-,-,-,-,-,-,-,-,-,-,77.63,1.27%,"93,881"
FYC,-,-,-,-,-,-,-,-,-,-,-,-,-,121.02,0.64%,"83,997"
FYEE,-,-,-,-,-,-,-,-,-,-,-,-,-,29.37,0.27%,"66,679"
FYLD,-,-,-,-,-,-,-,-,-,-,-,-,-,37.86,1.32%,"55,256"
FYT,-,-,-,-,-,-,-,-,-,-,-,-,-,70.06,-0.19%,"12,522"
FYX,-,-,-,-,-,-,-,-,-,-,-,-,-,141.14,0.25%,"12,357"
G,5.00B,9.08,6.59,0.55,0.97,2.02,5.39,7.48,11.59%,10.02%,14.71%,11.99%,6.51%,29.52,-3.15%,"1,572,150"
GAA,-,-,-,-,-,-,-,-,-,-,-,-,-,34.90,-0.03%,"5,097"
GAB,1.76B,5.78,-,-,49.24,1.01,-,-,-,-,-,-,-,5.66,-0.18%,"912,111"
GABC,1.77B,13.08,11.88,-,3.55,1.51,-,10.89,22.28%,6.15%,5.48%,-,16.34%,47.20,-0.36%,"122,039"
GABF,-,-,-,-,-,-,-,-,-,-,-,-,-,45.34,0.49%,"12,701"
GAEM,-,-,-,-,-,-,-,-,-,-,-,-,-,26.89,0.27%,"5,261"
GAIA,52.65M,-,-,-,0.53,0.60,4.02,-,-76.39%,83.46%,-,-,8.17%,2.08,-2.35%,"44,877"
GAIN,657.86M,3.52,17.81,-,9.20,0.98,37.38,15.62,969.87%,6.64%,30.12%,-,1.24%,16.52,0.49%,"171,997"
GAL,-,-,-,-,-,-,-,-,-,-,-,-,-,52.87,0.51%,"8,487"
GALT,351.67M,-,-,-,-,-,24.92,-,22.92%,10.81%,-3.21%,-,-,5.34,16.09%,"2,124,225"
GAM,1.73B,4.42,-,-,71.29,0.99,-,-,-,-,-,-,-,64.40,0.25%,"12,048"
GAMB,65.28M,-,2.83,-,0.40,0.61,7.76,56.76,136.81%,92.18%,-,-,42.68%,1.86,-1.59%,"489,767"
GAME,36.29M,-,-,-,0.60,2.46,8.64,-,67.21%,100.00%,56.91%,-,33.67%,0.35,4.79%,"707,023"
GAMR,-,-,-,-,-,-,-,-,-,-,-,-,-,93.47,0.28%,"1,833"
GANX,71.66M,-,-,-,-,5.10,4.33,-,8.52%,-33.33%,-15.21%,-7.70%,-,1.68,-4.55%,"1,468,565"
GAP,7.25B,7.95,7.75,0.73,0.47,1.99,2.83,6.45,11.00%,9.93%,-,10.64%,2.17%,20.13,1.67%,"6,580,888"
GAPR,-,-,-,-,-,-,-,-,-,-,-,-,-,41.86,0.25%,"5,571"
GARA,-,-,-,-,-,-,-,-,-,-,-,-,-,27.72,0.26%,10
GARP,-,-,-,-,-,-,-,-,-,-,-,-,-,81.35,0.94%,"360,919"
GARY,-,-,-,-,-,-,-,-,-,-,-,-,-,26.59,1.12%,"5,748"
GASS,326.12M,5.22,6.13,-,1.87,0.46,2.49,4.20,2.82%,-21.43%,39.30%,-,3.61%,8.77,0.69%,"93,369"
GASZ,-,-,-,-,-,-,-,-,-,-,-,-,-,24.54,1.17%,398
GATX,6.31B,19.07,15.91,1.46,3.32,2.27,8.52,-,14.74%,11.24%,16.91%,10.87%,7.55%,177.74,-1.39%,"274,352"
GAU,475.40M,16.91,1.92,0.03,0.88,1.87,4.14,8.89,137.68%,73.78%,-,60.87%,49.90%,1.82,1.11%,"1,696,732"
GAUG,-,-,-,-,-,-,-,-,-,-,-,-,-,41.59,0.06%,"4,637"
GAUZ,6.94M,-,-,-,0.07,0.39,5.10,-,-,-,-44.37%,-,116.17%,0.37,-2.50%,"138,204"
GAVA,-,-,-,-,-,-,-,-,-,-,-,-,-,16.19,3.14%,"6,343"
GBAB,391.50M,14.32,-,-,-,-,-,-,-,-,-,-,-,14.18,-0.14%,"71,514"
GBCI,6.74B,24.15,14.19,-,4.45,1.59,-,18.12,55.19%,18.19%,-6.61%,-,12.45%,51.79,0.06%,"1,152,545"
GBDC,3.39B,16.95,10.26,-,4.33,0.91,25.09,13.28,-11.96%,-7.61%,30.90%,-6.55%,20.18%,13.02,0.77%,"698,600"
GBF,-,-,-,-,-,-,-,-,-,-,-,-,-,102.72,0.21%,"6,063"
GBFH,442.64M,24.91,8.64,-,3.89,2.64,-,216.98,21.69%,75.25%,20.33%,-,30.69%,30.59,0.16%,"74,408"
GBHI,-,-,-,-,-,-,-,-,-,-,-,-,-,25.17,0.18%,6
GBIL,-,-,-,-,-,-,-,-,-,-,-,-,-,100.00,0.02%,"396,486"
GBLI,398.68M,11.83,8.68,-,0.88,0.57,-,-,38.02%,16.82%,-,-,-5.06%,27.29,1.34%,"3,461"
GBND,-,-,-,-,-,-,-,-,-,-,-,-,-,50.03,0.22%,"24,291"
GBR,3.45M,-,-,-,21.58,0.77,10.79,-,-,-,26.96%,-,8.94%,0.67,-5.14%,"119,235"
GBTC,-,-,-,-,-,-,-,-,-,-,-,-,-,50.03,3.75%,"2,366,770"
GBTG,4.92B,59.11,20.24,-,1.67,3.06,11.12,189.06,18.18%,78.85%,-,-,-,9.41,0.11%,"1,058,629"
GBUG,-,-,-,-,-,-,-,-,-,-,-,-,-,38.66,2.11%,"15,872"
GBX,1.46B,13.91,12.14,-,0.56,0.93,4.54,-,-53.97%,28.57%,34.10%,-8.49%,2.98%,47.34,-1.72%,"563,767"
GCAD,-,-,-,-,-,-,-,-,-,-,-,-,-,54.39,0.82%,"3,462"
GCAL,-,-,-,-,-,-,-,-,-,-,-,-,-,50.95,0.05%,"5,373"
GCBC,551.12M,14.13,-,-,3.85,2.06,-,15.17,-,-,10.75%,-,16.49%,32.37,-1.43%,"23,627"
GCC,-,-,-,-,-,-,-,-,-,-,-,-,-,24.04,1.17%,"29,635"
GCDT,-,-,-,-,-,-,-,-,-,-,-,-,-,0.56,-8.77%,"199,023"
GCGR,469.75M,-,-,-,-,-,-,-,-,-,-,-,-,10.17,0.30%,"412,663"
GCL,53.13M,-,-,-,-,1.54,2.69,-,-,-,-,-,-,0.41,8.98%,"76,981"
GCMG,2.79B,30.69,13.13,-,5.08,32.19,16.97,14.62,2.82%,21.81%,-,-,4.84%,13.81,1.54%,"576,258"
GCO,381.52M,19.92,12.00,0.39,0.16,0.69,14.07,4.46,55.17%,27.22%,-,31.00%,6.40%,34.35,-0.20%,"110,205"
GCOR,-,-,-,-,-,-,-,-,-,-,-,-,-,40.76,0.28%,"55,357"
GCOW,-,-,-,-,-,-,-,-,-,-,-,-,-,44.23,-0.05%,"165,995"
GCSH,-,-,-,-,-,-,-,-,-,-,-,-,-,50.22,0.07%,"2,155"
GCT,1.30B,8.92,8.13,-,0.95,2.54,3.58,8.56,14.28%,6.20%,61.67%,-,36.17%,35.40,0.00%,"590,587"
GCTK,3.31M,-,-,-,-,-,0.84,-,-,-,50.71%,-,-,0.53,14.13%,"39,545,723"
GCTS,217.40M,-,-,-,50.68,-,30.28,-,64.63%,87.93%,-,-,-,2.39,1.70%,"910,257"
GCV,94.49M,4.64,-,-,47.47,1.13,-,-,-,-,-,-,-,4.69,-0.21%,"17,697"
GD,99.92B,23.23,20.19,2.39,1.86,3.83,27.35,16.11,8.34%,9.31%,7.04%,8.44%,6.74%,369.50,-0.88%,"1,387,534"
GDC,6.08M,-,-,-,-,0.00,303.92,-,-,-,-6.40%,-,-,1.46,-0.68%,"673,553"
GDDY,12.06B,14.40,10.16,0.49,2.40,50.93,9.56,7.35,14.36%,26.08%,-,20.71%,8.35%,91.10,0.26%,"1,159,414"
GDE,-,-,-,-,-,-,-,-,-,-,-,-,-,62.06,1.85%,"135,303"
GDEC,-,-,-,-,-,-,-,-,-,-,-,-,-,40.03,0.23%,"13,137"
GDEV,215.08M,3.01,2.27,-,0.53,-,1.99,6.75,20.55%,18.41%,-,-,9.16%,11.85,-3.66%,"1,065"
GDHG,71.64M,-,-,-,6.31,0.14,0.46,16.82,-,-,-,-,-11.29%,1.52,10.14%,"218,863"
GDIV,-,-,-,-,-,-,-,-,-,-,-,-,-,18.68,0.22%,"11,698"
GDL,92.12M,12.04,-,-,-,-,-,-,-,-,-,-,-,8.43,0.00%,"11,727"
GDLC,-,-,-,-,-,-,-,-,-,-,-,-,-,29.17,4.33%,"162,834"
GDMA,-,-,-,-,-,-,-,-,-,-,-,-,-,41.73,0.32%,"10,871"
GDMN,-,-,-,-,-,-,-,-,-,-,-,-,-,72.40,2.69%,"39,424"
GDO,79.71M,8.76,-,-,-,-,-,-,-,-,-,-,-,10.60,0.38%,"37,765"
GDOC,-,-,-,-,-,-,-,-,-,-,-,-,-,35.75,-1.11%,12
GDOG,-,-,-,-,-,-,-,-,-,-,-,-,-,8.73,3.56%,"29,676"
GDOT,755.55M,-,7.98,-,0.35,0.80,0.46,14.33,17.49%,0.80%,-,-,10.66%,13.33,-0.60%,"208,805"
GDRX,1.02B,51.45,8.41,1.24,1.29,1.63,4.32,6.15,-11.70%,15.77%,-,6.78%,7.67%,3.01,-0.99%,"582,907"
GDS,6.25B,21.65,136.43,2.33,3.67,1.61,2.91,-,1010.52%,-73.93%,-,58.45%,13.85%,32.07,-2.23%,"2,000,106"
GDT,-,-,-,-,-,-,-,-,-,-,-,-,-,33.81,1.20%,"1,965"
GDTC,12.06M,-,-,-,48.26,2.37,7.40,-,-,-,-226.97%,-,-,1.02,6.21%,"2,009"
GDV,2.64B,6.18,-,-,41.68,0.97,-,-,-,-,-,-,-,29.90,0.44%,"121,857"
GDX,-,-,-,-,-,-,-,-,-,-,-,-,-,74.88,2.06%,"18,329,057"
GDXD,-,-,-,-,-,-,-,-,-,-,-,-,-,49.46,-6.87%,"481,536"
GDXJ,-,-,-,-,-,-,-,-,-,-,-,-,-,98.37,3.11%,"5,013,706"
GDXU,-,-,-,-,-,-,-,-,-,-,-,-,-,81.57,6.42%,"1,751,014"
GDXW,-,-,-,-,-,-,-,-,-,-,-,-,-,35.25,2.25%,"60,167"
GDXY,-,-,-,-,-,-,-,-,-,-,-,-,-,9.96,1.53%,"254,850"
GDYN,487.54M,95.73,11.34,0.80,1.17,0.92,1.49,20.81,11.25%,15.51%,-,14.26%,29.91%,5.83,-1.35%,"1,238,918"
GE,369.06B,43.60,40.86,2.58,7.64,20.44,33.61,49.50,18.80%,14.41%,69.37%,15.85%,-9.57%,353.73,0.09%,"4,416,160"
GECC,74.05M,-,5.23,-,1.69,0.69,7.71,6.62,-20.77%,-9.33%,29.14%,-,30.15%,5.33,0.57%,"13,838"
GEF,3.65B,22.58,15.98,0.50,0.94,1.38,12.76,-,93.58%,15.84%,-,32.00%,-1.01%,71.65,0.41%,"293,966"
GEG,67.73M,-,-,-,2.97,1.62,0.81,5.91,-,-,-,-,-22.67%,2.16,-1.37%,"3,547"
GEHC,28.05B,14.76,11.42,1.21,1.34,2.63,12.28,18.47,6.34%,10.66%,0.61%,9.43%,3.74%,61.66,-5.59%,"12,141,807"
GEL,1.79B,-,47.93,-,1.06,-,424.12,8.92,107.86%,429.97%,30.22%,-,-2.23%,14.58,-0.55%,"229,695"
GELS,5.68M,-,-,-,51.60,0.63,567.61,-,-,-,-,-,-,0.53,-1.80%,"37,966"
GEM,-,-,-,-,-,-,-,-,-,-,-,-,-,50.06,1.59%,"166,790"
GEMD,-,-,-,-,-,-,-,-,-,-,-,-,-,41.96,0.16%,"1,655"
GEME,-,-,-,-,-,-,-,-,-,-,-,-,-,41.71,1.21%,"159,743"
GEMG,-,-,-,-,-,-,-,-,-,-,-,-,-,8.59,4.55%,"3,437"
GEMI,517.72M,-,-,-,2.87,1.12,0.88,-,58.61%,25.24%,-,33.26%,-,4.34,2.12%,"837,625"
GEN,16.01B,16.79,8.06,0.62,3.20,6.09,38.95,10.51,13.62%,13.40%,11.23%,12.92%,14.41%,26.57,1.57%,"4,295,425"
GENB,1.82B,-,-,-,-,3.54,3.53,-,50.83%,4.03%,-,27.56%,-,14.21,-0.49%,"393,673"
GENC,227.19M,17.43,16.15,4.14,2.20,1.04,1.46,22.17,-25.23%,20.00%,23.25%,3.90%,8.32%,15.50,0.71%,"27,564"
GEND,-,-,-,-,-,-,-,-,-,-,-,-,-,12.91,-0.57%,30
GENI,1.72B,-,14.85,-,2.41,2.38,8.70,59.76,93.53%,1619.36%,13.19%,-,34.92%,6.42,-2.87%,"3,412,089"
GENK,57.03M,-,-,-,0.27,0.69,12.87,-,-250.00%,46.03%,-14.94%,-,27.67%,1.73,-1.70%,"11,060"
GENM,-,-,-,-,-,-,-,-,-,-,-,-,-,10.27,0.10%,"3,787"
GENT,-,-,-,-,-,-,-,-,-,-,-,-,-,10.20,0.29%,"22,219"
GENW,-,-,-,-,-,-,-,-,-,-,-,-,-,15.12,0.39%,114
GENZ,-,-,-,-,-,-,-,-,-,-,-,-,-,38.24,-0.74%,"2,204"
GEO,3.98B,15.14,17.83,-,1.46,2.66,49.60,-,43.41%,35.41%,14.08%,-,2.29%,29.78,-1.52%,"1,068,506"
GEOA,-,-,-,-,-,-,-,-,-,-,-,-,-,36.11,-0.83%,11
GEOS,94.30M,-,-,-,0.93,0.90,7.06,-,-,-,11.78%,-,4.76%,7.29,1.39%,"92,135"
GEQ,-,-,-,-,-,-,-,-,-,-,-,-,-,51.10,0.09%,19
GERN,885.30M,-,21.79,-,4.51,3.86,2.82,-,82.05%,371.43%,14.78%,-,273.49%,1.38,-2.82%,"11,736,079"
GETY,272.83M,-,12.53,-,0.28,0.51,0.37,4.23,104.60%,126.05%,-5.24%,-,-,0.65,-7.42%,"3,890,410"
GEV,286.46B,31.06,43.25,1.73,7.28,20.58,28.16,38.06,67.54%,-16.83%,-,24.93%,-,1066.01,2.25%,"1,771,505"
GEVC,-,-,-,-,-,-,-,-,-,-,-,-,-,24.59,4.90%,108
GEVG,-,-,-,-,-,-,-,-,-,-,-,-,-,29.83,4.92%,"22,549"
GEVO,348.08M,-,-,-,2.00,0.78,4.41,-,-14.11%,46.97%,27.19%,-,96.11%,1.43,-4.03%,"2,258,862"
GEVX,-,-,-,-,-,-,-,-,-,-,-,-,-,23.36,5.18%,"139,714"
GEW,-,-,-,-,-,-,-,-,-,-,-,-,-,55.09,0.35%,138
GF,186.82M,3.36,-,-,50.39,0.91,-,-,-,-,-,-,-,11.51,1.59%,"25,058"
GFAI,11.97M,-,-,-,0.34,0.20,0.49,-,-,-,57.45%,-,-1.32%,0.38,1.32%,"94,253"
GFEB,-,-,-,-,-,-,-,-,-,-,-,-,-,44.23,0.21%,"3,939"
GFF,4.17B,145.77,15.78,5.30,1.78,44.35,37.99,15.02,-7.96%,10.66%,17.86%,2.98%,4.05%,90.83,0.97%,"248,601"
GFGF,-,-,-,-,-,-,-,-,-,-,-,-,-,36.16,-0.07%,47
GFI,29.83B,8.43,6.05,0.35,3.40,3.54,16.77,9.56,77.33%,3.64%,37.26%,17.03%,17.73%,33.33,-0.60%,"5,142,321"
GFL,13.96B,89.89,50.89,1.83,2.88,2.66,13.57,68.59,5.80%,34.62%,-,27.76%,8.64%,38.66,-1.28%,"3,625,855"
GFLW,-,-,-,-,-,-,-,-,-,-,-,-,-,33.09,0.91%,"186,748"
GFR,766.36M,-,-,-,1.92,0.98,1965.02,-,-,-,-,-,-,6.11,1.50%,"188,005"
GFS,34.78B,45.54,25.73,1.08,5.09,2.97,11.58,32.39,10.05%,30.16%,-,23.80%,6.96%,63.39,-0.86%,"3,712,704"
GFSG,-,-,-,-,-,-,-,-,-,-,-,-,-,7.13,-2.83%,"5,202"
GFUZ,421.97M,-,-,-,-,-,629.80,-,-,-,-,-,-,13.76,25.09%,"1,608,144"
GGAL,6.73B,93.59,6.87,0.06,0.67,1.31,-,-,278.68%,72.26%,-17.81%,112.39%,19.98%,50.80,-1.19%,"1,164,074"
GGB,5.73B,30.94,7.80,0.12,0.45,0.89,5.35,14.00,299.88%,10.30%,-10.35%,63.47%,8.04%,4.61,2.67%,"10,864,384"
GGG,12.25B,24.08,21.90,2.71,5.45,4.47,17.20,19.41,5.22%,8.60%,9.93%,8.07%,6.27%,73.81,-0.15%,"993,386"
GGLL,-,-,-,-,-,-,-,-,-,-,-,-,-,114.56,3.90%,"590,064"
GGLS,-,-,-,-,-,-,-,-,-,-,-,-,-,5.69,-2.08%,"11,805,453"
GGM,-,-,-,-,-,-,-,-,-,-,-,-,-,30.45,0.13%,8
GGME,-,-,-,-,-,-,-,-,-,-,-,-,-,62.29,0.28%,"2,149"
GGN,767.06M,2.45,-,-,33.38,0.89,-,-,-,-,-,-,-,4.91,0.61%,"332,778"
GGOV,-,-,-,-,-,-,-,-,-,-,-,-,-,50.13,0.24%,"733,628"
GGR,56.14M,-,-,-,0.20,0.65,0.73,-,-,-,7.06%,-,-5.02%,3.80,-2.06%,"5,266"
GGRP,17.54M,-,-,-,2.56,6.30,8.16,-,-,-,23.16%,-,40.18%,0.81,7.81%,"91,816"
GGRW,-,-,-,-,-,-,-,-,-,-,-,-,-,37.72,0.89%,12
GGT,176.85M,3.38,-,-,39.62,1.11,-,-,-,-,-,-,-,4.23,0.00%,"335,661"
GGTL,-,-,-,-,-,-,-,-,-,-,-,-,-,38.85,0.76%,194
GGUS,-,-,-,-,-,-,-,-,-,-,-,-,-,67.25,1.42%,"9,185"
GGZ,122.32M,5.39,-,-,-,-,-,-,-,-,-,-,-,16.01,0.31%,"9,873"
GH,21.23B,-,-,-,19.65,-,19.25,-,13.31%,34.82%,-4.99%,-,27.92%,160.11,1.08%,"1,345,206"
GHC,5.07B,17.43,17.58,1.35,1.02,1.07,4.33,17.76,3.81%,-2.90%,2.72%,13.04%,11.20%,1178.12,-0.52%,"16,283"
GHG,75.02M,3.90,-,-,0.49,0.50,0.26,-,-,-,-8.99%,-,2.53%,1.13,-3.86%,"6,341"
GHI,124.25M,-,8.61,-,1.53,0.47,3.83,-,37.80%,-45.13%,-,-,8.37%,5.34,1.14%,"51,778"
GHM,1.25B,95.21,48.40,1.42,5.10,8.45,190.20,-,46.43%,34.88%,36.32%,34.09%,20.27%,107.05,4.24%,"138,906"
GHRS,1.84B,-,-,-,-,6.31,6.87,-,-77.06%,-42.63%,-162.03%,-,-,26.77,5.60%,"98,074"
GHTA,-,-,-,-,-,-,-,-,-,-,-,-,-,30.41,0.19%,213
GHXIU,364.18M,-,-,-,-,-,-,-,-,-,-,-,-,10.15,0.00%,0
GHY,487.44M,9.52,-,-,-,-,-,-,-,-,-,-,-,11.90,0.76%,"108,588"
GHYB,-,-,-,-,-,-,-,-,-,-,-,-,-,44.63,0.20%,"9,544"
GHYG,-,-,-,-,-,-,-,-,-,-,-,-,-,45.20,0.16%,"12,145"
GIAX,-,-,-,-,-,-,-,-,-,-,-,-,-,16.27,0.62%,"84,617"
GIB,13.73B,11.83,9.31,1.10,1.16,1.92,26.76,7.88,10.18%,8.72%,10.93%,8.46%,4.71%,65.56,-3.23%,"481,003"
GIBO,68.34M,-,-,-,-,-,170.85,-,-,-,-,-,-,28.00,-1.75%,"4,333"
GIC,1.29B,17.73,15.21,2.15,0.91,4.03,20.89,16.71,2.97%,16.27%,1.62%,7.06%,6.03%,33.68,-0.15%,"171,111"
GIEQ,-,-,-,-,-,-,-,-,-,-,-,-,-,41.36,0.76%,8
GIFT,29.22M,-,-,-,0.36,1.36,6.99,-,37.14%,18.18%,10.45%,-,99.31%,0.86,-3.45%,"33,109"
GIGB,-,-,-,-,-,-,-,-,-,-,-,-,-,45.26,0.20%,"64,073"
GIGL,-,-,-,-,-,-,-,-,-,-,-,-,-,49.94,0.18%,"10,699"
GIGM,15.81M,-,-,-,4.69,0.43,0.48,-,-,-,-3.74%,-,-12.76%,1.43,-0.69%,"3,255"
GII,-,-,-,-,-,-,-,-,-,-,-,-,-,76.37,0.25%,"18,846"
GIII,1.44B,12.10,13.83,-,0.50,0.79,3.66,8.60,-14.86%,11.22%,25.68%,-,7.55%,34.18,-0.93%,"278,861"
GIL,9.54B,30.05,9.61,0.46,2.35,2.80,40.24,29.27,22.20%,24.98%,-,21.01%,12.78%,51.52,-0.31%,"683,781"
GILD,161.45B,17.69,13.34,1.44,5.42,6.87,16.45,15.78,-109.49%,1361.10%,133.64%,9.29%,3.63%,130.04,-1.04%,"5,255,960"
GILT,903.19M,23.64,15.78,1.74,1.92,1.65,5.28,285.82,-7.29%,27.53%,-11.49%,9.05%,22.14%,11.94,3.38%,"409,880"
GIND,-,-,-,-,-,-,-,-,-,-,-,-,-,24.24,0.08%,"42,071"
GINN,-,-,-,-,-,-,-,-,-,-,-,-,-,78.75,-0.05%,"1,870"
GINX,-,-,-,-,-,-,-,-,-,-,-,-,-,35.22,0.08%,"6,620"
GIPR,1.07M,-,-,-,0.11,-,3.34,1.70,-27.27%,-,-16.58%,-,23.00%,1.28,-8.57%,"115,610"
GIS,19.46B,-,11.35,-,1.06,2.64,42.88,11.97,-13.15%,4.23%,-,-1.50%,0.33%,36.46,-0.38%,"11,517,354"
GISC,-,-,-,-,-,-,-,-,-,-,-,-,-,50.21,0.06%,218
GITS,8.08M,-,-,-,-,2.74,-,-,-,-,16.97%,-,-,2.20,12.24%,"56,687"
GIW,367.28M,-,-,-,-,1.42,349.79,-,-,-,-,-,-,10.09,-0.49%,"39,703"
GIX,363.28M,-,-,-,-,1.42,195.31,-,-,-,-,-,-,9.94,0.00%,"53,461"
GJAN,-,-,-,-,-,-,-,-,-,-,-,-,-,45.22,0.22%,"9,955"
GJUL,-,-,-,-,-,-,-,-,-,-,-,-,-,43.63,0.07%,"25,770"
GJUN,-,-,-,-,-,-,-,-,-,-,-,-,-,41.40,0.34%,"32,237"
GK,-,-,-,-,-,-,-,-,-,-,-,-,-,28.92,1.43%,"1,893"
GKAT,-,-,-,-,-,-,-,-,-,-,-,-,-,44.03,0.56%,963
GKOS,8.95B,-,343.22,-,16.24,13.26,32.36,-,43.01%,186.60%,-3.95%,-,17.67%,152.45,-0.18%,"517,354"
GL,13.90B,12.37,10.79,1.42,2.29,2.29,-,11.30,7.69%,6.04%,15.57%,7.58%,4.82%,178.99,0.21%,"327,381"
GLAD,447.34M,11.33,10.03,-,5.21,0.93,131.96,8.69,-1.49%,-0.80%,-,-,29.94%,19.80,-0.10%,"156,805"
GLAM,-,-,-,-,-,-,-,-,-,-,-,-,-,27.49,-0.97%,"9,609"
GLAS,884.25M,-,49.65,-,4.98,11.63,36.20,-,71.85%,281.58%,-,-,30.40%,11.42,0.09%,"145,694"
GLBE,6.49B,58.20,25.23,0.33,6.34,7.20,11.75,21.84,190.80%,35.41%,62.44%,76.98%,47.81%,38.75,0.18%,"797,171"
GLBL,-,-,-,-,-,-,-,-,-,-,-,-,-,28.01,0.18%,10
GLBS,58.92M,76.69,34.13,-,1.23,0.33,2.10,32.02,462.50%,-72.41%,65.82%,-,30.34%,2.73,-1.27%,"44,334"
GLCR,-,-,-,-,-,-,-,-,-,-,-,-,-,23.29,0.17%,134
GLD,-,-,-,-,-,-,-,-,-,-,-,-,-,372.15,1.37%,"6,303,402"
GLDB,-,-,-,-,-,-,-,-,-,-,-,-,-,19.72,2.68%,"68,486"
GLDG,181.90M,-,-,-,-,1.03,4.60,-,-81.66%,15.44%,3.09%,-,-,0.85,0.70%,"376,295"
GLDI,-,-,-,-,-,-,-,-,-,-,-,-,-,142.18,1.33%,"79,999"
GLDM,-,-,-,-,-,-,-,-,-,-,-,-,-,80.25,1.36%,"2,076,395"
GLDN,-,-,-,-,-,-,-,-,-,-,-,-,-,14.18,1.27%,"2,853"
GLDW,-,-,-,-,-,-,-,-,-,-,-,-,-,40.87,1.57%,"5,223"
GLE,8.02M,-,-,-,5.69,1.08,3.47,-,-,-,-,-,18.23%,0.44,2.82%,"112,053"
GLED,159.51M,-,-,-,-,138.94,162.77,-,-,-,-,-,-,9.98,0.00%,111
GLGG,-,-,-,-,-,-,-,-,-,-,-,-,-,5.91,6.99%,"37,481"
GLIBA,859.38M,-,5.49,-,0.83,0.51,1.98,9.55,133.70%,17.86%,-,-,113.07%,21.75,-2.16%,"59,466"
GLIBK,859.98M,-,-,-,0.83,0.50,1.98,9.56,-,-,-,-,113.07%,21.54,-2.09%,"441,020"
GLIN,-,-,-,-,-,-,-,-,-,-,-,-,-,45.31,0.05%,"7,190"
GLIX,-,-,-,-,-,-,-,-,-,-,-,-,-,27.93,0.05%,"5,276"
GLL,-,-,-,-,-,-,-,-,-,-,-,-,-,26.45,-2.61%,"1,621,056"
GLMD,3.92M,-,-,-,-,0.24,0.25,-,34.73%,42.31%,60.33%,31.74%,-,0.51,-4.75%,"27,724"
GLND,93.59M,32.92,-,-,-,17.23,29.90,-,-,-,-,-,-,2.14,-2.73%,"565,061"
GLNG,5.27B,80.10,97.29,2.35,11.26,2.77,5.16,-,-36.58%,-45.00%,-,41.44%,-2.15%,51.92,1.66%,"602,546"
GLNK,-,-,-,-,-,-,-,-,-,-,-,-,-,7.36,4.99%,"265,618"
GLO,255.31M,3.45,-,-,33.94,0.91,-,-,-,-,-,-,-,5.97,1.02%,"174,998"
GLOB,1.34B,12.61,4.69,0.97,0.54,0.61,6.66,4.41,1.09%,6.14%,10.58%,4.84%,24.70%,30.92,-3.74%,"1,609,445"
GLOF,-,-,-,-,-,-,-,-,-,-,-,-,-,59.22,0.85%,"11,560"
GLOO,304.51M,-,-,-,2.46,2.23,9.16,-,92.87%,98.52%,-,-,-,3.38,6.96%,"1,069,903"
GLOW,-,-,-,-,-,-,-,-,-,-,-,-,-,34.39,0.35%,"7,339"
GLP,1.66B,13.56,13.14,0.49,0.09,2.61,90.24,10.94,123.22%,-21.23%,-5.13%,26.98%,17.40%,48.76,0.06%,"57,760"
GLPI,12.42B,13.89,13.15,2.35,7.67,2.68,45.23,16.69,9.60%,3.11%,5.05%,5.60%,6.70%,43.84,-0.45%,"2,064,674"
GLQ,159.09M,2.89,-,-,49.78,0.92,-,-,-,-,-,-,-,8.49,0.71%,"54,403"
GLRE,551.56M,7.07,11.06,-,0.81,0.76,-,2.33,-17.00%,-16.52%,83.31%,-,8.99%,16.63,-2.92%,"149,656"
GLRY,-,-,-,-,-,-,-,-,-,-,-,-,-,42.06,1.58%,"19,018"
GLSI,279.03M,-,-,-,-,52.90,26.55,-,-10.20%,-,-57.71%,-,-,19.01,2.37%,"93,523"
GLTR,-,-,-,-,-,-,-,-,-,-,-,-,-,182.61,1.62%,"52,149"
GLU,117.41M,3.91,-,-,29.61,1.07,-,-,-,-,-,-,-,19.60,0.67%,"6,548"
GLUE,1.98B,-,-,-,46.14,3.79,2.97,-,-260.08%,-10.86%,10.62%,-,-,23.46,6.73%,"1,155,153"
GLV,80.41M,4.10,-,-,27.15,0.93,-,-,-,-,-,-,-,6.48,1.09%,"15,070"
GLW,161.49B,90.06,44.02,1.37,9.89,14.41,90.78,107.66,26.88%,33.30%,27.86%,32.16%,6.68%,187.64,2.47%,"6,966,290"
GLWG,-,-,-,-,-,-,-,-,-,-,-,-,-,23.20,4.22%,"1,286,561"
GLX,-,-,-,-,-,-,-,-,-,-,-,-,-,17.60,6.58%,111
GLXG,3.28M,-,-,-,7.29,5.56,5.96,-,-,-,-,-,-,1.30,0.00%,"41,987"
GLXU,-,-,-,-,-,-,-,-,-,-,-,-,-,6.91,6.89%,"191,753"
GLXY,9.44B,-,89.03,-,0.16,2.56,6.15,-,32.43%,166.00%,-,-,-,24.22,3.73%,"4,865,867"
GM,69.31B,31.01,5.31,0.38,0.38,1.11,2.45,-,22.22%,11.84%,-5.48%,13.85%,8.60%,76.87,0.20%,"4,962,879"
GMAB,17.09B,21.67,17.04,0.98,4.37,3.10,11.24,19.53,-26.98%,50.21%,6.84%,17.34%,19.27%,28.73,-0.24%,"1,633,339"
GMAR,-,-,-,-,-,-,-,-,-,-,-,-,-,44.43,0.14%,"1,773"
GMAY,-,-,-,-,-,-,-,-,-,-,-,-,-,43.25,0.20%,"8,322"
GME,10.06B,17.09,16.37,-,2.70,1.72,1.20,13.59,10.17%,5.38%,-,-,-6.54%,22.43,1.82%,"2,782,904"
GMEC,-,-,-,-,-,-,-,-,-,-,-,-,-,25.66,3.43%,76
GMED,10.29B,17.66,14.73,1.17,3.32,2.17,16.33,16.85,19.15%,8.57%,31.11%,12.64%,30.08%,75.82,-4.93%,"3,021,363"
GMEU,-,-,-,-,-,-,-,-,-,-,-,-,-,8.47,3.80%,"157,766"
GMEX,1.62M,-,-,-,0.47,0.04,0.28,-,-,-,-,-,-10.85%,1.46,-21.93%,"10,982,145"
GMEY,-,-,-,-,-,-,-,-,-,-,-,-,-,28.27,0.93%,242
GMF,-,-,-,-,-,-,-,-,-,-,-,-,-,152.85,0.37%,"34,255"
GMHS,52.46M,9.76,-,-,0.47,1.40,2.58,-,-,-,-,-,-,0.92,1.36%,"13,208"
GMM,6.61M,1.42,-,-,0.12,0.03,1.57,0.30,-,-,-30.65%,-,61.81%,3.39,-1.74%,"791,260"
GMMA,-,-,-,-,-,-,-,-,-,-,-,-,-,21.64,0.30%,119
GMMF,-,-,-,-,-,-,-,-,-,-,-,-,-,100.31,0.00%,"7,068"
GMNY,-,-,-,-,-,-,-,-,-,-,-,-,-,50.13,0.04%,440
GMOC,-,-,-,-,-,-,-,-,-,-,-,-,-,50.12,0.01%,133
GMOD,-,-,-,-,-,-,-,-,-,-,-,-,-,27.42,0.38%,"31,848"
GMOI,-,-,-,-,-,-,-,-,-,-,-,-,-,38.62,0.78%,"33,366"
GMOM,-,-,-,-,-,-,-,-,-,-,-,-,-,36.23,0.84%,"8,857"
GMOV,-,-,-,-,-,-,-,-,-,-,-,-,-,30.68,-0.78%,"16,119"
GMRS,758.87M,-,-,-,-,14.74,1.52,-,-,-,-,-,-,14.05,-2.84%,"310,611"
GMTL,403.63M,-,-,-,-,4.41,7.35,-,-136.67%,2.82%,-,-,-,10.36,-7.17%,"249,127"
GMUB,-,-,-,-,-,-,-,-,-,-,-,-,-,51.24,0.01%,"25,126"
GNE,370.44M,22.33,15.42,-,0.73,1.47,1.77,21.56,-28.89%,42.19%,15.75%,-2.66%,7.06%,14.03,-0.07%,"55,655"
GNK,1.11B,67.45,14.74,-,2.88,1.25,20.25,-,5630.83%,-21.96%,54.88%,-,-0.77%,25.45,0.39%,"283,951"
GNL,1.87B,-,-,-,3.95,1.20,13.58,12.24,85.95%,64.71%,-60.60%,-,8.57%,8.81,-0.11%,"2,621,514"
GNLN,1.54M,-,-,-,0.46,0.03,0.12,-,-,-,91.06%,-,-49.92%,2.45,0.82%,"6,828"
GNLX,129.59M,-,-,-,12959.11,5.65,4.94,-,5.23%,6.50%,-8.40%,46.39%,-,2.89,-2.36%,"178,480"
GNMA,-,-,-,-,-,-,-,-,-,-,-,-,-,43.85,0.48%,"19,533"
GNMX,-,-,-,-,-,-,-,-,-,-,-,-,-,30.56,0.08%,107
GNOM,-,-,-,-,-,-,-,-,-,-,-,-,-,55.76,0.28%,"41,304"
GNOV,-,-,-,-,-,-,-,-,-,-,-,-,-,42.00,0.17%,"1,360"
GNPX,5.06M,-,-,-,-,0.25,0.28,-,-,-,55.62%,-,-,0.46,-13.45%,"379,995"
GNR,-,-,-,-,-,-,-,-,-,-,-,-,-,69.61,1.06%,"196,881"
GNRC,13.25B,70.57,20.17,0.65,3.06,4.95,49.91,40.06,41.66%,24.26%,-13.26%,30.96%,11.11%,225.12,-0.81%,"768,277"
GNS,35.12M,-,-,-,4.19,0.32,14.51,-,-,-,16.45%,-,1.90%,0.18,-2.92%,"1,660,859"
GNSS,77.42M,-,17.00,-,1.30,25.53,80.65,-,113.97%,114.28%,-,-,-1.07%,1.70,2.41%,"57,957"
GNT,136.84M,2.83,-,-,-,-,-,-,-,-,-,-,-,8.19,0.24%,"64,047"
GNTA,29.29M,-,-,-,-,1.14,0.89,-,-,-,-1.23%,-,-,1.25,-5.30%,"75,979"
GNTX,5.05B,13.36,10.64,0.90,1.92,2.02,28.83,10.82,10.45%,11.45%,4.36%,11.86%,8.46%,23.70,-0.88%,"1,572,425"
GNW,3.72B,18.41,8.63,-,0.54,0.42,-,9.68,211.43%,3.21%,9.13%,-,-3.35%,9.71,1.57%,"2,640,161"
GO,972.41M,-,15.64,-,0.21,1.20,16.48,38.71,-32.81%,23.10%,-,-3.87%,8.39%,9.83,-0.81%,"1,121,257"
GOAI,89.87M,-,-,-,5.21,7.28,14.66,-,-,-,-,-,-,2.46,-2.77%,"13,988"
GOAU,-,-,-,-,-,-,-,-,-,-,-,-,-,36.79,2.31%,"43,463"
GOCT,-,-,-,-,-,-,-,-,-,-,-,-,-,41.76,0.20%,"3,365"
GOEX,-,-,-,-,-,-,-,-,-,-,-,-,-,69.91,2.53%,"2,649"
GOF,2.31B,6.29,-,-,-,-,-,-,-,-,-,-,-,10.88,-0.09%,"1,352,533"
GOGL,-,-,-,-,-,-,-,-,-,-,-,-,-,27.11,3.97%,911
GOGO,467.92M,34.36,6.78,-,0.52,3.96,4.52,191.77,277.78%,50.00%,-,-,27.55%,3.46,-2.26%,"973,646"
GOLD,1.13B,13.33,11.42,0.13,0.05,1.31,7.89,12.06,464.79%,-14.66%,-19.94%,85.06%,14.99%,39.07,2.71%,"420,291"
GOLF,6.58B,39.69,27.30,2.15,2.52,7.98,127.37,74.22,20.69%,9.72%,19.47%,12.69%,9.68%,112.42,3.01%,"245,797"
GOLI,-,-,-,-,-,-,-,-,-,-,-,-,-,12.57,0.90%,"11,813"
GOLS,-,-,-,-,-,-,-,-,-,-,-,-,-,26.02,-0.77%,"5,527"
GOLY,-,-,-,-,-,-,-,-,-,-,-,-,-,24.86,0.65%,"15,579"
GOOD,613.14M,71.18,65.02,-,3.70,3.75,39.25,9.01,61.90%,-14.71%,9.07%,-,3.91%,12.57,0.24%,"389,540"
GOOG,4362.80B,27.26,24.16,1.45,10.31,9.04,34.40,67.71,31.93%,3.70%,29.82%,16.69%,17.18%,357.33,1.90%,"11,252,555"
GOOGL,4366.50B,27.42,24.31,1.45,10.32,9.10,34.43,67.77,31.97%,3.67%,29.82%,16.72%,17.18%,359.51,1.99%,"18,259,355"
GOOL,-,-,-,-,-,-,-,-,-,-,-,-,-,14.37,3.96%,"2,723"
GOOP,-,-,-,-,-,-,-,-,-,-,-,-,-,40.78,2.08%,"9,015"
GOOS,922.89M,71.05,11.87,1.08,0.83,2.10,3.16,8.95,28.45%,9.12%,-19.04%,10.95%,10.03%,9.45,-1.15%,"332,340"
GOOW,-,-,-,-,-,-,-,-,-,-,-,-,-,67.39,2.45%,"13,352"
GOOX,-,-,-,-,-,-,-,-,-,-,-,-,-,81.54,3.73%,"52,995"
GOOY,-,-,-,-,-,-,-,-,-,-,-,-,-,13.24,1.38%,"276,282"
GOP,-,-,-,-,-,-,-,-,-,-,-,-,-,44.16,0.91%,"6,574"
GORO,202.60M,61.08,-,-,1.66,4.11,6.53,20.80,-,-,12.30%,-,0.55%,1.24,-3.12%,"1,485,100"
GOSS,68.48M,-,-,-,1.23,-,0.69,-,47.20%,76.70%,26.82%,-,-,0.14,-2.78%,"41,841,690"
GOTU,211.84M,-,13.47,-,0.24,2.31,0.53,-,105.54%,1145.46%,26.25%,-,-3.70%,1.81,-1.09%,"110,419"
GOU,-,-,-,-,-,-,-,-,-,-,-,-,-,28.93,4.07%,"27,234"
GOVI,-,-,-,-,-,-,-,-,-,-,-,-,-,26.77,0.19%,"135,691"
GOVM,-,-,-,-,-,-,-,-,-,-,-,-,-,24.91,0.20%,12
GOVT,-,-,-,-,-,-,-,-,-,-,-,-,-,22.57,0.22%,"6,642,659"
GOVX,5.47M,-,-,-,6.43,5.99,4.31,-,61.18%,64.69%,51.11%,49.07%,6.42%,1.05,-5.41%,"327,607"
GOVZ,-,-,-,-,-,-,-,-,-,-,-,-,-,34.96,-0.16%,"208,306"
GP,10.41M,-,-,-,0.64,4.74,14.07,-,-,-,18.38%,-,21.48%,1.46,-0.68%,"163,289"
GPAC,294.39M,-,-,-,-,1.31,288.62,-,-,-,-,-,-,10.01,0.00%,"2,012"
GPAT,400.26M,35.94,-,-,-,1.35,3335.46,-,-,-,-,-,-,11.14,1.16%,12
GPC,16.81B,283.57,14.55,1.82,0.68,3.76,33.62,30.68,4.56%,8.98%,-18.81%,7.99%,8.00%,122.16,-1.10%,"1,696,990"
GPCR,3.60B,-,-,-,-,2.48,2.47,-,-79.36%,-36.31%,-40.35%,-26.19%,-,50.59,-2.03%,"565,872"
GPGI,4.25B,-,12.23,0.88,-,1.36,653.30,-,-3.85%,25.85%,-,13.84%,-25.50%,14.65,2.73%,"953,123"
GPI,3.56B,11.45,6.46,0.79,0.16,1.25,85.36,15.17,1.32%,12.34%,10.13%,8.20%,16.32%,299.18,1.19%,"100,251"
GPIQ,-,-,-,-,-,-,-,-,-,-,-,-,-,57.75,1.05%,"914,019"
GPIX,-,-,-,-,-,-,-,-,-,-,-,-,-,55.51,0.29%,"818,804"
GPK,3.06B,11.27,8.79,-,0.35,0.94,16.17,19.98,-53.82%,41.42%,19.87%,-10.31%,5.61%,10.33,-0.48%,"4,969,102"
GPMT,64.21M,-,-,-,0.47,0.12,1.45,-,49.83%,51.01%,-9.87%,-,-8.16%,1.34,2.29%,"325,411"
GPN,20.76B,20.22,4.74,0.30,2.35,0.87,3.39,19.56,13.04%,15.97%,24.36%,15.61%,0.75%,75.89,-1.25%,"2,145,945"
GPOR,2.72B,5.18,5.18,0.24,1.76,1.52,932.27,7.53,19.44%,20.01%,-,21.26%,10.56%,151.49,-1.94%,"294,206"
GPRE,1.20B,-,11.51,-,0.61,1.53,6.55,13.28,201.25%,-18.35%,10.57%,-,1.75%,17.12,-1.10%,"1,047,732"
GPRF,-,-,-,-,-,-,-,-,-,-,-,-,-,49.81,0.17%,"1,481"
GPRK,669.43M,9.66,5.50,0.29,1.38,1.89,2.44,-,40.31%,39.16%,-,19.11%,4.58%,10.35,3.50%,"380,060"
GPRO,122.56M,-,-,-,0.20,-,3.01,-,-,-,-5.64%,-,-6.09%,0.70,-1.86%,"4,885,469"
GPT,-,-,-,-,-,-,-,-,-,-,-,-,-,33.88,0.60%,164
GPTY,-,-,-,-,-,-,-,-,-,-,-,-,-,43.12,-0.88%,"41,645"
GPUS,61.12M,-,-,-,0.50,0.51,1.68,-,-,-,93.75%,-,33.73%,0.13,3.84%,"33,148,132"
GPZ,-,-,-,-,-,-,-,-,-,-,-,-,-,22.48,1.35%,"233,534"
GQGU,-,-,-,-,-,-,-,-,-,-,-,-,-,26.01,-0.15%,"46,724"
GQI,-,-,-,-,-,-,-,-,-,-,-,-,-,59.69,0.44%,"15,901"
GQQQ,-,-,-,-,-,-,-,-,-,-,-,-,-,35.46,0.78%,"22,691"
GQRE,-,-,-,-,-,-,-,-,-,-,-,-,-,64.76,0.33%,"6,284"
GRAB,15.58B,43.98,23.37,0.44,4.38,2.38,2.49,1557.52,86.62%,45.19%,-,52.83%,48.35%,3.80,-3.55%,"33,915,974"
GRAF,153.20M,39.13,-,-,-,1.31,-,-,-,-,-,-,-,10.82,0.19%,590
GRAG,-,-,-,-,-,-,-,-,-,-,-,-,-,6.95,-7.00%,"9,997"
GRAL,3.14B,-,-,-,20.10,1.20,3.81,-,6.98%,-2.74%,-41.05%,3.23%,-,73.12,1.84%,"386,317"
GRAN,35.37M,-,-,-,-,29.68,23.58,-,-,-,-,-,-,1.42,0.71%,180
GRBK,3.12B,10.64,11.21,-,1.55,1.67,17.62,15.96,-17.54%,10.63%,25.85%,-,15.89%,72.31,0.57%,"218,623"
GRC,2.11B,35.87,26.71,1.41,3.04,4.96,70.78,23.88,23.05%,13.80%,15.87%,18.93%,14.35%,80.03,1.82%,"188,107"
GRCE,40.04M,-,-,-,-,0.62,2.36,-,-10.04%,-18.87%,43.17%,-,-,2.46,1.23%,"153,267"
GRDN,2.51B,47.49,29.20,2.42,1.73,11.37,38.71,35.88,17.76%,7.80%,31.17%,12.08%,16.29%,39.67,-1.54%,"299,989"
GRDX,26.55M,-,-,-,379.28,1.26,68.08,-,-,-,88.24%,-,-,3.84,-5.65%,"62,051"
GREE,33.19M,5.39,-,-,0.55,-,2.42,-,-,-,-,-,23.92%,2.08,2.46%,"86,358"
GREK,-,-,-,-,-,-,-,-,-,-,-,-,-,76.59,0.68%,"205,120"
GRF,40.47M,8.03,-,-,40.60,0.85,-,-,-,-,-,-,-,10.20,0.00%,156
GRFS,1.81B,9.93,5.67,0.24,0.21,0.76,2.24,2.10,12.30%,29.32%,-8.34%,23.99%,6.88%,7.02,-2.50%,"579,209"
GRI,2.78M,-,-,-,-,0.24,0.25,-,96.08%,46.86%,83.24%,88.20%,-,1.57,-3.09%,"67,170"
GRID,-,-,-,-,-,-,-,-,-,-,-,-,-,183.71,1.27%,"527,184"
GRIN,-,-,-,-,-,-,-,-,-,-,-,-,-,32.22,0.94%,"1,216"
GRML,27.58M,-,-,-,-,0.42,2.76,-,-,-,-418.96%,-,-,0.18,-14.24%,"5,657,044"
GRMN,46.55B,26.92,23.10,1.83,6.24,5.02,17.24,32.07,12.64%,8.37%,10.69%,12.61%,11.59%,241.39,-0.91%,"735,937"
GRN,-,-,-,-,-,-,-,-,-,-,-,-,-,32.37,1.46%,393
GRNB,-,-,-,-,-,-,-,-,-,-,-,-,-,23.92,0.17%,"31,457"
GRND,2.78B,31.44,20.51,0.75,5.84,3306.55,116.74,18.33,40.76%,17.76%,-,27.35%,-,15.64,-0.06%,"1,432,129"
GRNI,-,-,-,-,-,-,-,-,-,-,-,-,-,21.26,0.80%,"8,730"
GRNJ,-,-,-,-,-,-,-,-,-,-,-,-,-,29.48,0.96%,"150,014"
GRNQ,25.11M,-,-,-,11.79,1.21,31.78,-,-,-,10.71%,-,-1.66%,1.39,-0.71%,"3,523"
GRNT,608.05M,-,7.66,0.48,1.33,1.11,12.75,-,-3.49%,44.98%,28.80%,16.08%,-,4.61,-1.07%,"663,552"
GRNY,-,-,-,-,-,-,-,-,-,-,-,-,-,27.82,0.72%,"1,052,566"
GRO,137.91M,-,-,-,-,0.59,4.40,-,42.01%,36.92%,-30.32%,31.23%,-,2.25,1.81%,"61,932"
GROV,45.81M,-,-,-,0.28,-,4.86,-,41.18%,45.00%,74.44%,-,-17.97%,1.09,0.93%,"31,666"
GROW,36.22M,11.17,-,-,3.59,0.79,1.42,78.74,-,-,39.56%,-,14.66%,2.92,-0.68%,"5,355"
GROY,659.00M,-,22.60,-,33.54,0.83,40.68,165.16,653.57%,107.02%,-30.65%,-,-,2.59,1.17%,"1,961,165"
GROZ,-,-,-,-,-,-,-,-,-,-,-,-,-,32.28,1.06%,"11,581"
GRPM,-,-,-,-,-,-,-,-,-,-,-,-,-,131.70,-0.42%,"4,074"
GRPN,972.39M,-,30.72,-,1.95,-,3.81,24.24,93.59%,725.00%,27.10%,-,-18.86%,25.60,8.75%,"1,232,009"
GRPZ,-,-,-,-,-,-,-,-,-,-,-,-,-,32.22,-0.03%,50
GRRR,465.49M,-,-,-,4.18,2.64,4.50,-,-591.70%,-8.09%,28.56%,-,17.42%,16.77,1.70%,"656,934"
GRVY,432.29M,8.26,-,-,1.05,0.98,1.08,-,-,-,-2.23%,-,2.77%,62.20,-1.58%,"34,532"
GRW,-,-,-,-,-,-,-,-,-,-,-,-,-,31.65,0.49%,876
GRWG,89.53M,-,-,-,0.54,0.96,2.18,-,62.31%,66.20%,-,-,-3.51%,1.49,2.76%,"258,723"
GRX,139.67M,63.03,-,-,-,-,-,-,-,-,-,-,-,9.45,-1.10%,"20,425"
GS,336.31B,20.83,16.86,1.31,2.61,3.08,-,2.98,21.46%,8.49%,15.71%,12.87%,18.70%,1140.00,9.00%,"3,792,586"
GSAT,10.32B,-,800.70,-,36.47,30.06,28.80,76.28,48.71%,193.81%,31.42%,-,16.27%,80.15,0.40%,"734,978"
GSBC,838.34M,12.16,13.49,-,2.50,1.32,-,11.30,-7.19%,-0.70%,8.05%,-,6.21%,76.96,-0.76%,"169,098"
GSBD,1.00B,13.90,8.23,-,3.73,0.73,23.94,11.33,-28.28%,-3.98%,-20.58%,-12.72%,13.40%,8.90,1.02%,"498,078"
GSC,-,-,-,-,-,-,-,-,-,-,-,-,-,66.86,0.72%,"7,421"
GSEE,-,-,-,-,-,-,-,-,-,-,-,-,-,67.59,1.51%,"2,012"
GSEP,-,-,-,-,-,-,-,-,-,-,-,-,-,41.14,0.10%,"20,119"
GSEU,-,-,-,-,-,-,-,-,-,-,-,-,-,48.45,0.62%,"6,112"
GSEW,-,-,-,-,-,-,-,-,-,-,-,-,-,94.76,-0.22%,"48,468"
GSG,-,-,-,-,-,-,-,-,-,-,-,-,-,31.00,1.57%,"682,098"
GSGO,-,-,-,-,-,-,-,-,-,-,-,-,-,44.40,1.41%,"9,577"
GSHD,1.79B,43.84,18.39,0.80,4.68,-,61.57,22.59,16.34%,26.43%,15.53%,22.99%,25.57%,50.30,-8.33%,"286,903"
GSHR,214.05M,49.36,-,-,-,1.47,362.80,-,-,-,-,-,-,10.47,0.00%,12
GSIB,-,-,-,-,-,-,-,-,-,-,-,-,-,62.59,1.53%,"5,541"
GSID,-,-,-,-,-,-,-,-,-,-,-,-,-,75.26,0.58%,"5,723"
GSIE,-,-,-,-,-,-,-,-,-,-,-,-,-,46.05,0.72%,"340,297"
GSIT,237.12M,-,-,-,9.44,2.78,3.53,-,-,-,14.46%,-,-1.96%,6.20,2.31%,"478,482"
GSIW,40.11M,-,-,-,4.92,1.56,2.12,-,-,-,-,-,-,28.40,4.03%,"12,475"
GSJY,-,-,-,-,-,-,-,-,-,-,-,-,-,52.91,1.34%,"1,860"
GSK,102.64B,13.40,9.78,1.80,2.34,4.38,22.61,12.99,1.75%,9.58%,0.08%,5.43%,-0.31%,51.25,-1.99%,"3,315,365"
GSKH,-,-,-,-,-,-,-,-,-,-,-,-,-,71.54,-2.18%,347
GSL,1.48B,3.93,4.48,-,1.91,0.79,2.70,3.66,-3.25%,-7.22%,56.52%,-4.77%,22.07%,41.24,1.05%,"307,477"
GSLC,-,-,-,-,-,-,-,-,-,-,-,-,-,143.11,0.21%,"239,056"
GSM,642.80M,-,8.39,-,0.47,0.96,6.67,-,64.10%,392.86%,8.64%,-,3.13%,3.44,4.24%,"1,034,576"
GSOL,-,-,-,-,-,-,-,-,-,-,-,-,-,5.82,2.83%,"5,524,941"
GSPY,-,-,-,-,-,-,-,-,-,-,-,-,-,41.08,0.34%,"1,993"
GSRF,299.64M,74.65,-,-,-,1.32,228.73,-,-,-,-,-,-,10.18,0.35%,"156,687"
GSRV,299.64M,-,-,-,-,-,-,-,-,-,-,-,-,9.85,-0.10%,"35,115"
GSSC,-,-,-,-,-,-,-,-,-,-,-,-,-,90.04,0.29%,"39,539"
GSST,-,-,-,-,-,-,-,-,-,-,-,-,-,50.47,0.03%,"149,374"
GSUI,-,-,-,-,-,-,-,-,-,-,-,-,-,11.07,6.02%,"8,817"
GSUN,3.28M,-,-,-,0.09,0.31,4.21,-,-,-,-,-,35.61%,0.33,-7.60%,"569,938"
GSUS,-,-,-,-,-,-,-,-,-,-,-,-,-,103.87,0.34%,"118,468"
GSWO,-,-,-,-,-,-,-,-,-,-,-,-,-,63.82,0.46%,"41,248"
GSY,-,-,-,-,-,-,-,-,-,-,-,-,-,50.21,0.02%,"597,972"
GT,1.91B,-,10.31,0.26,0.11,0.64,2.28,-,-168.44%,300.82%,-2.20%,40.07%,8.21%,6.66,0.30%,"5,729,314"
GTBP,16.36M,-,-,-,-,1.71,1.81,-,94.91%,20.59%,49.68%,67.47%,-,0.37,-4.82%,"1,960,784"
GTE,232.31M,-,6.78,-,0.38,2.13,1.86,1.47,106.08%,192.27%,23.79%,-,20.20%,6.57,-1.65%,"289,959"
GTEC,14.92M,2.10,-,-,0.16,0.18,0.45,1.19,90.32%,-,-14.62%,-,6.29%,0.56,1.57%,"79,178"
GTEK,-,-,-,-,-,-,-,-,-,-,-,-,-,57.52,1.30%,"10,261"
GTEN,472.83M,66.39,-,-,-,1.38,1099.62,-,-,-,-,-,-,10.49,-0.05%,"15,537"
GTERA,245.34M,1055.10,-,-,-,24.70,12267.00,-,-,-,-,-,-,10.34,0.00%,6
GTES,6.66B,27.27,13.97,1.24,1.93,1.98,8.49,15.55,7.27%,15.16%,28.83%,11.26%,4.27%,26.24,0.00%,"1,502,767"
GTIM,15.09M,8.40,-,-,0.11,0.45,5.49,7.51,-,-,-,-,5.21%,1.43,-0.69%,"3,675"
GTIP,-,-,-,-,-,-,-,-,-,-,-,-,-,48.11,0.08%,"16,538"
GTLB,5.57B,-,32.42,4.88,5.54,5.65,4.10,21.14,-15.36%,25.20%,24.18%,6.64%,44.39%,32.98,-1.46%,"4,212,828"
GTLS,10.05B,-,24.40,7.07,2.42,3.18,37.30,994.87,-28.37%,23.56%,-32.08%,3.45%,29.36%,209.91,0.06%,"584,495"
GTM,890.05M,7.45,2.71,0.79,0.71,0.61,5.08,2.37,1.44%,0.61%,-,3.44%,21.28%,3.02,-1.95%,"6,193,151"
GTN,426.92M,-,-,-,0.14,0.19,1.65,9.28,236.60%,-148.81%,-,-,5.39%,3.81,-2.31%,"653,444"
GTND,-,-,-,-,-,-,-,-,-,-,-,-,-,25.28,0.69%,390
GTO,-,-,-,-,-,-,-,-,-,-,-,-,-,46.53,0.19%,"217,980"
GTOC,-,-,-,-,-,-,-,-,-,-,-,-,-,24.88,0.24%,"10,014"
GTOH,-,-,-,-,-,-,-,-,-,-,-,-,-,25.45,0.14%,305
GTOP,-,-,-,-,-,-,-,-,-,-,-,-,-,49.25,1.91%,"55,255"
GTOQ,-,-,-,-,-,-,-,-,-,-,-,-,-,22.33,0.18%,656
GTOS,-,-,-,-,-,-,-,-,-,-,-,-,-,24.95,0.07%,187
GTPE,-,-,-,-,-,-,-,-,-,-,-,-,-,60.53,0.71%,651
GTR,-,-,-,-,-,-,-,-,-,-,-,-,-,27.19,0.27%,"20,333"
GTX,5.93B,18.40,14.59,0.91,1.61,-,41.18,15.61,15.80%,14.13%,7.69%,15.95%,3.39%,31.68,0.57%,"1,592,785"
GTY,2.08B,22.71,20.28,2.21,9.31,1.91,255.91,15.85,18.27%,6.37%,-3.59%,9.19%,8.24%,34.45,-0.03%,"302,901"
GUAC,391.73M,-,-,-,-,422.83,19586.68,-,-,-,-,-,-,9.94,-0.05%,"2,744"
GUG,-,-,-,-,-,-,-,-,-,-,-,-,-,16.25,0.74%,"78,392"
GUMI,-,-,-,-,-,-,-,-,-,-,-,-,-,50.32,-0.01%,"1,395"
GUNR,-,-,-,-,-,-,-,-,-,-,-,-,-,51.01,1.09%,"170,494"
GURE,4.82M,-,-,-,0.23,0.04,0.83,-,-,-,-15.05%,-,-6.28%,3.49,-7.96%,"3,736"
GURU,-,-,-,-,-,-,-,-,-,-,-,-,-,68.76,0.52%,722
GUSA,-,-,-,-,-,-,-,-,-,-,-,-,-,65.06,0.50%,13
GUSE,-,-,-,-,-,-,-,-,-,-,-,-,-,45.42,0.70%,"3,518"
GUSH,-,-,-,-,-,-,-,-,-,-,-,-,-,35.31,0.66%,"1,007,013"
GUT,628.99M,13.00,-,-,55.33,2.31,-,-,-,-,-,-,-,7.02,0.43%,"293,338"
GUTS,126.92M,-,-,-,-,5.94,2.01,-,81.18%,-40.22%,-16.69%,44.73%,-,0.80,5.03%,"1,377,363"
GV,1.01M,-,-,-,-,-,-,-,-,-,-,-,40.16%,0.18,1.53%,"36,195"
GVA,5.29B,35.49,17.25,0.66,1.14,5.13,16.80,17.51,50.29%,20.84%,-,26.26%,7.17%,120.93,1.84%,"764,786"
GVAL,-,-,-,-,-,-,-,-,-,-,-,-,-,36.98,1.26%,"222,052"
GVH,9.46M,1.13,-,-,0.62,1.02,1.90,63.08,-,-,-36.67%,-,11.11%,4.47,-3.25%,"135,268"
GVI,-,-,-,-,-,-,-,-,-,-,-,-,-,105.49,0.21%,"96,833"
GVIP,-,-,-,-,-,-,-,-,-,-,-,-,-,179.42,1.22%,"21,958"
GVLE,-,-,-,-,-,-,-,-,-,-,-,-,-,47.15,0.17%,"12,166"
GVLU,-,-,-,-,-,-,-,-,-,-,-,-,-,26.85,-0.70%,"2,882"
GVUS,-,-,-,-,-,-,-,-,-,-,-,-,-,63.24,-0.49%,334
GWAV,2.48M,-,-,-,0.05,0.10,2.64,-,-,-,84.03%,-,482.40%,2.99,1.70%,"8,979"
GWH,25.56M,-,-,-,23.02,2.57,1.15,-,61.29%,52.98%,10.93%,-,-,0.87,7.88%,"412,676"
GWRE,11.72B,75.81,34.15,1.38,8.25,8.89,15.63,36.65,31.42%,18.33%,-,24.72%,10.13%,140.71,0.29%,"1,713,612"
GWRS,203.36M,94.52,83.18,-,3.59,2.41,112.98,-,-57.14%,41.67%,17.38%,-5.01%,7.62%,7.07,-0.56%,"80,422"
GWW,64.73B,36.72,27.20,2.31,3.52,16.48,93.14,46.94,15.63%,10.44%,22.39%,11.78%,8.75%,1371.07,-1.48%,"291,411"
GWX,-,-,-,-,-,-,-,-,-,-,-,-,-,43.74,0.88%,"38,227"
GXAI,12.03M,-,-,-,3.23,0.72,1.02,-,-16.36%,3.13%,-159.64%,-,-,1.12,0.00%,"65,825"
GXC,-,-,-,-,-,-,-,-,-,-,-,-,-,88.73,1.33%,"9,377"
GXDW,-,-,-,-,-,-,-,-,-,-,-,-,-,24.30,1.18%,"1,524"
GXIG,-,-,-,-,-,-,-,-,-,-,-,-,-,24.60,0.30%,27
GXLC,-,-,-,-,-,-,-,-,-,-,-,-,-,90.78,0.38%,19
GXO,5.71B,43.42,14.13,0.70,0.42,1.92,7.18,45.72,21.32%,15.47%,-,20.16%,16.30%,49.67,1.39%,"1,559,854"
GXPC,-,-,-,-,-,-,-,-,-,-,-,-,-,30.89,1.25%,"64,945"
GXPD,-,-,-,-,-,-,-,-,-,-,-,-,-,26.08,-0.00%,"4,393"
GXPE,-,-,-,-,-,-,-,-,-,-,-,-,-,33.19,0.35%,236
GXPS,-,-,-,-,-,-,-,-,-,-,-,-,-,26.23,-1.39%,"20,579"
GXPT,-,-,-,-,-,-,-,-,-,-,-,-,-,32.57,1.21%,"32,683"
GXRP,-,-,-,-,-,-,-,-,-,-,-,-,-,21.61,4.50%,"20,158"
GXUS,-,-,-,-,-,-,-,-,-,-,-,-,-,62.79,1.06%,289
GYLD,-,-,-,-,-,-,-,-,-,-,-,-,-,14.44,0.31%,"23,880"
GYRE,706.84M,-,-,-,6.04,5.72,14.19,413.36,-1550.00%,65.52%,-,-,40.96%,6.34,0.00%,"80,233"
GYRO,13.93M,-,-,-,-,-,-,-,-,-,-,-,-,6.23,3.12%,20
H,17.86B,-,38.97,0.99,2.49,5.53,26.62,158.07,62.21%,37.01%,39.89%,39.43%,27.72%,189.70,2.70%,"593,858"
HACK,-,-,-,-,-,-,-,-,-,-,-,-,-,114.29,4.58%,"330,131"
HACQ,376.74M,-,-,-,-,1.39,369.36,-,-,-,-,-,-,10.08,0.10%,623
HAE,3.38B,36.62,13.01,1.61,2.53,4.23,13.78,12.98,5.18%,9.60%,5.81%,8.06%,8.91%,74.41,-3.23%,"650,537"
HAFC,953.72M,11.93,9.44,-,2.13,1.19,-,4.68,25.90%,7.44%,12.80%,-,10.87%,32.04,-0.74%,"233,170"
HAFN,3.63B,8.27,8.59,-,1.51,1.43,15.43,8.76,100.33%,-36.04%,10.80%,-4.35%,21.16%,7.48,2.19%,"1,177,861"
HAIL,-,-,-,-,-,-,-,-,-,-,-,-,-,37.27,0.87%,"68,842"
HAIN,53.70M,-,9.13,0.37,0.04,0.25,1.21,1.28,-274.00%,141.63%,-52.71%,24.81%,-5.36%,0.60,5.80%,"578,353"
HAKY,-,-,-,-,-,-,-,-,-,-,-,-,-,31.69,4.41%,"5,042"
HAL,29.59B,19.43,12.09,0.99,1.33,2.74,14.77,17.63,-2.37%,24.05%,-,12.25%,8.96%,35.42,0.60%,"8,653,708"
HALO,8.90B,26.99,7.57,0.19,5.90,40.50,27.94,13.33,95.38%,22.23%,22.89%,38.97%,39.16%,75.05,-1.39%,"1,784,234"
HALX,-,-,-,-,-,-,-,-,-,-,-,-,-,25.49,-0.14%,"3,647"
HAO,0.63M,-,-,-,0.01,0.01,0.09,-,-,-,67.01%,-,26.41%,0.28,7.34%,"115,368,104"
HAP,-,-,-,-,-,-,-,-,-,-,-,-,-,69.82,0.76%,"26,897"
HAPI,-,-,-,-,-,-,-,-,-,-,-,-,-,44.85,-0.10%,266
HAPN,2.30B,13.35,8.49,0.18,1.47,1.51,2.80,-,49.81%,35.17%,-,45.93%,20.71%,19.95,1.73%,"1,029,811"
HAPS,-,-,-,-,-,-,-,-,-,-,-,-,-,37.49,0.22%,18
HARD,-,-,-,-,-,-,-,-,-,-,-,-,-,31.13,1.24%,"16,061"
HAS,11.10B,-,12.24,1.44,2.31,17.13,8.19,10.87,7.75%,7.38%,-,8.51%,-2.96%,78.42,-1.40%,"1,495,376"
HASI,4.92B,107.49,11.56,1.10,11.49,2.01,32.44,17.68,10.72%,11.28%,5.15%,10.47%,16.47%,38.46,1.48%,"997,940"
HAUS,-,-,-,-,-,-,-,-,-,-,-,-,-,18.86,-0.28%,73
HAUZ,-,-,-,-,-,-,-,-,-,-,-,-,-,22.66,0.55%,"66,894"
HAVA,209.52M,-,-,-,-,2234.00,-,-,-,-,-,-,-,10.12,0.00%,8
HAWK,1.90B,-,146.09,-,13.16,-,17.92,-,-1166.67%,224.55%,-,-,-,19.41,-0.67%,"814,638"
HAWX,-,-,-,-,-,-,-,-,-,-,-,-,-,45.33,0.63%,"22,448"
HAYW,3.45B,21.98,16.67,1.45,3.00,2.14,14.93,43.19,11.31%,11.14%,139.80%,11.53%,5.09%,15.88,1.93%,"2,191,388"
HBAN,36.18B,13.67,9.35,0.62,2.76,1.22,-,19.12,7.00%,28.30%,14.84%,15.12%,20.03%,17.85,-0.45%,"14,903,855"
HBB,292.72M,10.34,-,-,0.49,1.58,6.17,36.96,-,-,-10.39%,-,0.10%,21.61,-0.51%,"173,621"
HBCP,536.36M,11.48,10.92,-,2.57,1.21,-,10.93,-0.62%,5.16%,15.59%,-,12.05%,68.39,-0.67%,"68,889"
HBDC,-,-,-,-,-,-,-,-,-,-,-,-,-,24.75,0.12%,"2,175"
HBIO,26.74M,-,13.48,-,0.31,2.66,3.77,14.00,-250.00%,162.86%,-44.59%,-,-3.25%,5.93,-3.10%,"17,826"
HBM,9.99B,13.58,11.44,0.28,4.24,2.53,9.95,43.54,122.18%,32.15%,-,40.36%,14.84%,22.50,7.81%,"5,963,024"
HBMX,-,-,-,-,-,-,-,-,-,-,-,-,-,26.88,5.07%,"82,302"
HBNB,1.26B,56.84,-,-,74.64,1.84,145.34,-,-,-,-110.31%,-,-,5.40,1.89%,"1,012"
HBNC,1.01B,-,8.84,-,9.52,1.44,-,11.64,3.45%,5.71%,-,-,-16.62%,19.62,-0.66%,"430,940"
HBR,-,-,-,-,-,-,-,-,-,-,-,-,-,9.07,0.44%,"33,065"
HBT,1.16B,14.63,10.29,-,3.80,1.55,-,16.81,16.98%,4.68%,12.72%,-,13.11%,31.77,-0.84%,"142,150"
HBTA,-,-,-,-,-,-,-,-,-,-,-,-,-,32.75,1.26%,"13,366"
HBTC,-,-,-,-,-,-,-,-,-,-,-,-,-,18.27,3.06%,12
HCA,80.66B,12.50,10.98,1.15,1.06,-,75.81,10.18,7.11%,9.56%,20.99%,9.53%,7.97%,363.60,-6.95%,"4,227,674"
HCAC,293.43M,-,-,-,-,1.19,523.98,-,-,-,-,-,-,10.05,0.00%,120
HCAI,9.03M,6466.67,-,-,0.47,0.38,180.63,-,-,-,-,-,-,7.76,0.13%,"15,983"
HCAT,169.22M,-,24.82,-,0.56,1.22,1.56,-,-76.74%,120.35%,2.63%,-,10.50%,2.29,0.00%,"458,859"
HCC,4.40B,31.91,10.67,0.11,2.99,2.00,18.86,-,444.04%,31.27%,-,101.41%,10.85%,83.33,1.47%,"539,212"
HCI,2.30B,7.90,9.92,-,2.48,2.13,-,5.32,-21.86%,2.21%,45.46%,-4.42%,26.87%,179.94,-1.65%,"175,845"
HCIC,354.25M,-,-,-,-,1.49,437.35,-,-,-,-,-,-,9.98,0.00%,6
HCKT,247.10M,18.65,5.89,-,0.83,3.74,40.71,11.08,-3.23%,11.00%,22.39%,-,5.00%,9.81,-7.54%,"486,718"
HCM,1.96B,4.29,40.98,-,3.57,1.59,1.44,-,-91.89%,30.24%,-,-,19.22%,11.25,0.99%,"20,769"
HCMA,347.45M,88.87,-,-,-,1.41,418.61,-,-,-,-,-,-,10.30,0.00%,190
HCMT,-,-,-,-,-,-,-,-,-,-,-,-,-,40.53,0.45%,"15,150"
HCOW,-,-,-,-,-,-,-,-,-,-,-,-,-,24.15,-0.26%,"9,433"
HCRB,-,-,-,-,-,-,-,-,-,-,-,-,-,34.77,0.29%,"15,009"
HCSG,1.65B,25.26,20.74,2.39,0.89,3.22,7.67,10.57,-1.59%,6.80%,-9.33%,8.69%,0.86%,23.98,-0.25%,"444,870"
HCTI,3.53M,-,-,-,0.18,0.12,0.82,-,63.82%,37.14%,-,-,-15.02%,1.74,-1.69%,"42,032"
HCWB,7.19M,-,-,-,1.09,0.88,5.84,-,95.48%,8.33%,-6.63%,67.95%,-57.90%,4.50,1.81%,"25,884"
HCWC,4.98M,-,-,-,-,-,-,-,-,-,-,-,-,0.19,0.48%,"686,156"
HD,336.77B,23.98,21.00,3.52,2.02,24.27,210.35,23.53,1.74%,7.61%,3.58%,5.97%,4.51%,337.74,0.19%,"2,807,323"
HDB,133.32B,15.55,12.96,0.94,2.37,2.17,-,-,10.71%,15.80%,23.51%,13.72%,21.84%,25.97,-1.67%,"5,327,518"
HDEF,-,-,-,-,-,-,-,-,-,-,-,-,-,32.73,0.12%,"89,725"
HDG,-,-,-,-,-,-,-,-,-,-,-,-,-,54.39,0.17%,187
HDGE,-,-,-,-,-,-,-,-,-,-,-,-,-,15.95,0.50%,"38,847"
HDL,744.91M,25.94,13.73,0.58,0.86,1.88,2.71,-,18.67%,29.49%,-,23.57%,30.55%,12.66,0.32%,"1,234"
HDLB,-,-,-,-,-,-,-,-,-,-,-,-,-,16.45,-3.27%,"1,056"
HDMV,-,-,-,-,-,-,-,-,-,-,-,-,-,38.01,0.65%,446
HDRN,139.42M,23.69,-,-,-,0.31,2788.40,-,-,-,-,-,-,1.95,0.00%,"129,706"
HDSN,262.09M,20.38,14.16,-,1.04,1.10,13.53,-,2.70%,15.79%,-,-,10.81%,6.23,0.48%,"411,169"
HDUS,-,-,-,-,-,-,-,-,-,-,-,-,-,71.90,0.22%,"9,710"
HDV,-,-,-,-,-,-,-,-,-,-,-,-,-,27.64,-1.04%,"4,202,084"
HE,2.33B,18.43,12.03,1.46,0.76,1.43,2.50,52.76,8.32%,20.60%,-17.02%,8.25%,3.65%,13.52,0.15%,"1,517,574"
HEAL,-,-,-,-,-,-,-,-,-,-,-,-,-,28.10,-1.37%,"5,633"
HECA,-,-,-,-,-,-,-,-,-,-,-,-,-,27.36,0.37%,"66,663"
HECO,-,-,-,-,-,-,-,-,-,-,-,-,-,65.41,1.03%,"1,729"
HEDG,-,-,-,-,-,-,-,-,-,-,-,-,-,30.12,0.08%,"23,283"
HEDJ,-,-,-,-,-,-,-,-,-,-,-,-,-,56.31,0.11%,"26,965"
HEEM,-,-,-,-,-,-,-,-,-,-,-,-,-,42.40,1.95%,"71,342"
HEFA,-,-,-,-,-,-,-,-,-,-,-,-,-,46.21,0.26%,"360,160"
HEFT,-,-,-,-,-,-,-,-,-,-,-,-,-,26.24,0.11%,"14,434"
HEGD,-,-,-,-,-,-,-,-,-,-,-,-,-,26.83,0.39%,"114,155"
HEI,40.22B,61.73,50.22,3.00,8.19,10.11,191.23,43.44,24.42%,12.88%,16.48%,16.76%,20.21%,345.61,0.44%,"519,550"
HEI-A,40.11B,44.60,36.40,2.21,8.17,7.31,190.70,43.32,24.31%,12.61%,16.48%,16.45%,20.21%,249.70,0.16%,"146,408"
HELE,634.01M,-,-,-,0.35,0.75,26.22,7.88,1.20%,-,-,6.47%,-3.10%,27.22,-1.87%,"552,293"
HELO,-,-,-,-,-,-,-,-,-,-,-,-,-,68.15,0.21%,"178,157"
HELP,414.03M,-,-,-,-,1.49,2.63,-,33.06%,21.73%,14.41%,29.44%,-,6.68,-0.30%,"709,193"
HELS,-,-,-,-,-,-,-,-,-,-,-,-,-,24.66,0.86%,"9,815"
HELX,-,-,-,-,-,-,-,-,-,-,-,-,-,39.49,-0.59%,"4,776"
HEMI,-,-,-,-,-,-,-,-,-,-,-,-,-,42.18,0.87%,"12,052"
HEPS,1.05B,-,-,-,0.50,38.37,4.65,37.20,-21.10%,16.25%,-,21.97%,18.72%,2.95,-0.34%,"25,769"
HEQ,138.07M,7.34,-,-,-,-,-,-,-,-,-,-,-,11.45,0.53%,"13,726"
HEQQ,-,-,-,-,-,-,-,-,-,-,-,-,-,60.86,0.52%,9
HEQT,-,-,-,-,-,-,-,-,-,-,-,-,-,33.72,0.18%,"19,890"
HERD,-,-,-,-,-,-,-,-,-,-,-,-,-,47.90,-0.36%,"4,201"
HERE,69.86M,14.25,-,-,0.46,0.87,0.72,-,-,-,-,-,7.29%,1.85,3.35%,"99,970"
HERO,-,-,-,-,-,-,-,-,-,-,-,-,-,25.11,-0.38%,"16,183"
HERZ,34.10M,-,-,-,2.07,0.80,2.06,-,-,-,-,-,-,17.05,0.24%,"11,225"
HESM,8.22B,13.79,13.07,3.31,5.04,9.87,1786.13,10.32,2.71%,3.81%,16.67%,3.95%,8.23%,39.85,1.63%,"921,237"
HEWJ,-,-,-,-,-,-,-,-,-,-,-,-,-,64.41,1.13%,"27,690"
HEZU,-,-,-,-,-,-,-,-,-,-,-,-,-,48.64,0.52%,"8,000"
HF,-,-,-,-,-,-,-,-,-,-,-,-,-,22.35,0.25%,"2,821"
HFBL,67.43M,11.42,-,-,1.97,1.14,-,10.75,-,-,3.35%,-,6.02%,22.08,-0.67%,519
HFEQ,-,-,-,-,-,-,-,-,-,-,-,-,-,24.09,0.48%,"5,053"
HFFG,88.23M,-,8.05,-,0.07,0.43,7.98,26.26,-90.63%,583.33%,35.54%,-,16.73%,1.65,-2.37%,"39,476"
HFGM,-,-,-,-,-,-,-,-,-,-,-,-,-,31.15,1.00%,"26,722"
HFGO,-,-,-,-,-,-,-,-,-,-,-,-,-,29.37,1.12%,"20,406"
HFMF,-,-,-,-,-,-,-,-,-,-,-,-,-,21.88,0.34%,"3,493"
HFND,-,-,-,-,-,-,-,-,-,-,-,-,-,24.40,0.23%,"3,981"
HFRO,422.75M,-,-,-,-,-,-,-,-,-,-,-,-,7.63,-0.65%,"215,627"
HFSI,-,-,-,-,-,-,-,-,-,-,-,-,-,35.01,0.13%,"312,660"
HFSP,-,-,-,-,-,-,-,-,-,-,-,-,-,13.80,0.55%,20
HFWA,1.22B,14.50,10.59,-,3.45,1.09,-,15.21,4.93%,35.90%,8.77%,-,6.00%,29.61,-0.67%,"373,437"
HFXI,-,-,-,-,-,-,-,-,-,-,-,-,-,37.40,1.36%,"247,072"
HG,3.46B,5.50,7.51,3.22,1.21,1.27,-,3.81,-5.54%,1.56%,-,2.33%,-,34.86,-0.83%,"431,240"
HGBL,43.07M,13.57,6.44,0.33,0.86,0.64,3.72,-,55.00%,24.19%,-19.28%,19.35%,14.25%,1.24,0.00%,"25,448"
HGER,-,-,-,-,-,-,-,-,-,-,-,-,-,31.58,1.45%,"918,141"
HGLB,175.75M,18.62,-,-,-,-,-,-,-,-,-,-,-,7.45,-0.53%,"89,816"
HGRO,-,-,-,-,-,-,-,-,-,-,-,-,-,31.05,0.80%,"25,305"
HGTY,4.21B,59.18,21.43,1.19,2.97,5.66,-,25.56,-123.41%,695.55%,-11.59%,18.01%,23.86%,12.25,-1.76%,"100,340"
HGV,3.90B,26.01,8.57,0.16,0.75,3.31,7.06,11.89,152.84%,9.20%,-,52.29%,41.36%,49.19,-0.97%,"1,110,789"
HHH,4.30B,35.28,21.10,0.80,2.84,1.14,1.73,10.30,36.20%,13.45%,-,26.35%,16.09%,72.05,0.53%,"264,289"
HHS,17.73M,-,-,-,0.11,0.88,3.91,-,-,-,20.18%,-,-2.04%,2.39,-1.04%,"7,360"
HIBL,-,-,-,-,-,-,-,-,-,-,-,-,-,111.29,4.17%,"54,630"
HIBS,-,-,-,-,-,-,-,-,-,-,-,-,-,19.86,-4.15%,"230,100"
HIDE,-,-,-,-,-,-,-,-,-,-,-,-,-,24.25,0.23%,"43,509"
HIDV,-,-,-,-,-,-,-,-,-,-,-,-,-,89.53,0.65%,"14,642"
HIFS,627.45M,12.62,-,-,2.76,1.31,-,16.87,-,-,1.26%,-,15.57%,287.79,-0.61%,"13,624"
HIG,37.87B,9.71,9.95,2.69,1.32,2.05,-,6.51,-5.91%,9.99%,22.85%,3.70%,6.69%,138.15,-1.87%,"1,195,291"
HIGH,-,-,-,-,-,-,-,-,-,-,-,-,-,21.60,0.05%,"13,950"
HIHO,3.88M,-,-,-,0.72,0.66,0.76,-,-,-,-32.77%,-,-10.01%,0.84,-0.80%,"10,203"
HII,11.03B,18.22,13.92,0.92,0.86,2.14,51.08,13.93,12.33%,16.33%,-2.13%,15.12%,5.93%,280.00,-1.71%,"253,769"
HIMC,-,-,-,-,-,-,-,-,-,-,-,-,-,26.06,-,"9,589"
HIMS,8.14B,-,75.40,4.95,3.43,18.18,10.83,132.01,-123.55%,488.21%,-,15.24%,73.63%,35.15,2.24%,"7,734,341"
HIMU,-,-,-,-,-,-,-,-,-,-,-,-,-,49.40,0.08%,"244,112"
HIMX,2.46B,76.49,16.42,0.20,3.01,2.69,2.88,35.01,58.73%,115.00%,-1.61%,80.42%,-1.30%,14.12,-1.05%,"1,629,291"
HIMZ,-,-,-,-,-,-,-,-,-,-,-,-,-,49.26,4.23%,"192,196"
HIND,15.30M,-,-,-,11.42,2.27,1.74,-,85.33%,-29.79%,93.71%,43.86%,-50.98%,2.18,-2.68%,"10,810"
HIO,346.16M,12.13,-,-,10.53,0.93,-,-,-,-,-,-,-,3.64,0.28%,"203,797"
HIPO,742.55M,6.61,23.52,-,1.55,1.65,-,13.96,-85.59%,278.91%,-,-4.39%,-,28.52,-3.91%,"207,819"
HIPS,-,-,-,-,-,-,-,-,-,-,-,-,-,11.64,0.30%,"42,106"
HIS,-,-,-,-,-,-,-,-,-,-,-,-,-,25.58,0.83%,"9,261"
HISF,-,-,-,-,-,-,-,-,-,-,-,-,-,44.15,0.17%,"5,117"
HIT,70.15M,-,6.48,-,2.06,3.25,6.79,-,-383.33%,391.17%,-,-,-,1.07,0.94%,"75,275"
HITI,189.80M,-,15.31,-,0.39,2.91,7.06,16.84,106.55%,414.45%,-5.39%,-,46.96%,2.16,-0.92%,"514,533"
HIVE,850.43M,-,-,-,2.86,1.56,19.47,-,-5.41%,34.10%,-,-,34.88%,3.18,-0.31%,"11,389,875"
HIW,3.54B,38.74,39.41,-,4.29,1.51,67.24,20.36,-10.11%,-37.52%,-15.59%,-15.33%,2.03%,32.09,2.43%,"1,199,699"
HIX,358.48M,7.80,-,-,7.37,0.95,-,-,-,-,-,-,-,3.98,0.76%,"253,629"
HIYY,-,-,-,-,-,-,-,-,-,-,-,-,-,16.14,1.57%,"25,924"
HJLY,-,-,-,-,-,-,-,-,-,-,-,-,-,25.19,0.57%,6
HJUN,-,-,-,-,-,-,-,-,-,-,-,-,-,25.04,0.02%,6
HKD,319.17M,9.32,-,-,6.37,1.92,5.87,-,-,-,7.02%,-,14.67%,1.62,6.58%,"185,317"
HKIT,32.91M,0.16,-,-,5.03,0.00,1.52,-,-,-,-43.66%,-,2.40%,3.66,-6.63%,"74,515"
HKPD,-,-,-,-,-,-,-,-,-,-,-,-,-,0.46,5.83%,"3,018"
HL,10.40B,22.28,13.09,0.42,6.62,4.04,17.12,21.50,88.64%,43.78%,-,30.95%,14.97%,15.50,1.64%,"30,191,574"
HLAL,-,-,-,-,-,-,-,-,-,-,-,-,-,71.66,0.81%,"44,423"
HLF,1.27B,5.38,3.90,0.19,0.25,-,2.80,3.39,22.62%,20.61%,-4.47%,20.24%,-1.89%,12.24,-6.56%,"3,297,056"
HLI,9.52B,22.03,14.58,1.25,3.64,4.06,7.98,13.97,3.08%,20.53%,6.43%,11.63%,11.43%,136.93,3.33%,"926,945"
HLIO,2.68B,44.28,24.12,1.73,3.07,2.87,41.72,24.83,14.61%,14.53%,26.82%,13.97%,9.91%,81.06,1.71%,"236,852"
HLIT,1.48B,-,17.80,1.09,2.96,4.18,13.56,32.64,36.52%,19.69%,-4.77%,16.34%,-0.99%,13.67,0.00%,"1,271,289"
HLLY,318.98M,13.57,6.73,0.16,0.52,0.70,9.65,16.48,79.17%,22.09%,-19.94%,41.85%,4.00%,2.65,4.74%,"1,574,355"
HLMN,1.56B,44.09,11.61,0.79,1.00,1.28,56.18,70.65,0.49%,17.38%,-,14.62%,2.55%,7.94,1.02%,"961,065"
HLN,42.72B,19.91,16.06,1.77,2.94,1.95,23.99,15.83,8.39%,9.46%,9.00%,9.07%,2.76%,9.70,-1.62%,"4,293,440"
HLNE,4.58B,13.93,11.40,1.15,6.03,3.94,12.31,10.07,6.30%,15.27%,16.10%,9.89%,16.82%,82.42,1.68%,"673,380"
HLP,82.96M,42.05,-,-,4.23,1.41,43.90,125.70,-,-,-33.31%,-,11.93%,1.11,-4.31%,"187,308"
HLT,74.18B,49.81,31.38,2.30,6.04,-,119.84,33.66,10.92%,15.43%,-,13.63%,22.71%,325.86,1.06%,"1,918,555"
HLX,1.40B,98.25,17.45,0.92,1.08,0.90,2.80,8.38,-25.98%,122.32%,9.64%,19.05%,11.98%,9.53,0.11%,"1,246,655"
HLXC,224.45M,-,-,-,-,1.33,94.70,-,-,-,-,-,-,10.30,-3.51%,"33,305"
HMAY,-,-,-,-,-,-,-,-,-,-,-,-,-,25.20,0.00%,6
HMC,36.45B,-,7.23,-,0.25,0.49,1.14,10.53,190.38%,113.72%,-,-,3.10%,28.09,0.90%,"899,358"
HMH,877.41M,20.50,8.82,0.27,1.10,1.24,8.66,11.89,36.43%,57.56%,-,32.87%,-,19.94,0.15%,"94,341"
HMN,2.11B,13.15,10.37,2.36,1.23,1.44,-,4.46,-4.09%,11.65%,4.21%,4.40%,5.36%,52.30,-0.46%,"295,832"
HMOP,-,-,-,-,-,-,-,-,-,-,-,-,-,39.09,0.05%,"66,069"
HMR,63.07M,-,7.45,-,1.13,5.89,2.29,6.44,3775.00%,-6.45%,-,-,-,1.08,-1.82%,"57,925"
HMY,9.52B,10.52,4.06,0.09,1.91,3.04,20.54,15.43,103.24%,41.54%,-,45.70%,17.18%,15.24,1.67%,"2,834,897"
HMYY,-,-,-,-,-,-,-,-,-,-,-,-,-,6.70,0.64%,"3,607"
HNDL,-,-,-,-,-,-,-,-,-,-,-,-,-,22.75,-0.19%,"63,900"
HNGE,6.91B,-,26.26,1.34,10.69,61.82,21.88,34.08,-0.83%,30.92%,-,19.58%,-,89.31,-0.77%,"1,349,214"
HNI,2.86B,93.45,8.21,0.47,0.80,1.61,36.54,361.70,16.26%,20.20%,2.58%,17.41%,7.74%,39.69,-0.05%,"342,904"
HNNA,78.86M,9.47,-,-,2.39,0.79,1.08,7.58,-,-,3.66%,-,1.26%,9.98,-0.50%,"1,495"
HNRG,812.52M,32.19,16.70,0.91,1.83,3.95,18.74,-,-81.18%,471.52%,-,18.32%,13.67%,17.24,3.36%,"613,207"
HNST,435.91M,-,41.68,1.79,1.24,2.64,4.82,21.37,-6.32%,35.71%,2.55%,23.28%,4.32%,3.96,1.54%,"819,950"
HNVR,174.84M,23.24,8.40,-,1.23,0.89,-,31.22,77.97%,21.02%,-3.31%,-,28.13%,24.43,-0.33%,"33,151"
HODL,-,-,-,-,-,-,-,-,-,-,-,-,-,18.26,3.81%,"1,320,646"
HODO,4.40M,-,-,-,-,1.84,31.43,-,-,-,-,-,-,1.30,6.56%,"10,547,047"
HODU,-,-,-,-,-,-,-,-,-,-,-,-,-,15.53,6.08%,"101,905"
HOFT,154.15M,-,10.71,-,0.53,0.91,14.51,8.86,164.17%,74.03%,-16.56%,-,-12.43%,14.35,-4.08%,"54,802"
HOG,2.64B,14.23,13.13,-,0.61,0.86,1.46,60.18,-85.29%,367.15%,219.23%,-0.14%,1.99%,25.08,-1.22%,"1,481,802"
HOLA,-,-,-,-,-,-,-,-,-,-,-,-,-,55.37,0.53%,"7,731"
HOLD,-,-,-,-,-,-,-,-,-,-,-,-,-,32.14,-0.49%,449
HOLO,35.05M,0.35,-,-,0.62,0.09,0.09,4.44,-,-,56.23%,-,-,1.53,5.52%,"569,950"
HOMB,5.84B,11.96,11.19,2.83,3.97,1.31,-,11.70,4.91%,5.09%,13.15%,3.95%,13.31%,29.00,-0.34%,"1,600,986"
HOMZ,-,-,-,-,-,-,-,-,-,-,-,-,-,46.25,0.57%,"1,019"
HON,70.55B,15.78,20.35,2.73,1.78,5.19,5.69,16.79,3.38%,3.25%,1.83%,7.45%,2.78%,222.68,0.19%,"2,123,931"
HONA,65.76B,-,-,-,-,-,65.76,-,-,-,-,-,-,207.51,-2.60%,"3,334,248"
HONG,-,-,-,-,-,-,-,-,-,-,-,-,-,14.46,0.60%,781
HOOC,-,-,-,-,-,-,-,-,-,-,-,-,-,24.20,6.60%,121
HOOD,102.25B,54.87,42.12,2.41,22.00,10.97,20.07,-,-6.36%,40.33%,259.78%,17.44%,36.27%,113.45,3.27%,"17,916,688"
HOOG,-,-,-,-,-,-,-,-,-,-,-,-,-,37.79,6.34%,"291,199"
HOOW,-,-,-,-,-,-,-,-,-,-,-,-,-,31.98,4.10%,"183,450"
HOOX,-,-,-,-,-,-,-,-,-,-,-,-,-,42.67,6.56%,"37,089"
HOOY,-,-,-,-,-,-,-,-,-,-,-,-,-,32.56,2.78%,"108,232"
HOOZ,-,-,-,-,-,-,-,-,-,-,-,-,-,9.33,-6.61%,"305,727"
HOPE,1.71B,25.79,8.81,-,1.75,0.75,-,12.29,126.53%,36.94%,-11.60%,-,8.33%,13.39,-0.37%,"825,166"
HOUR,71.79M,38.27,-,-,0.49,9.18,72.52,-,-,-,-15.84%,-,29.80%,2.04,-1.45%,"65,125"
HOV,731.57M,36.24,-,-,0.25,1.09,2.09,2.69,-83.04%,-373.81%,1.13%,-,4.95%,128.76,2.76%,"125,185"
HOVR,106.85M,-,-,-,-,13.51,7.40,-,-566.92%,-0.31%,-,-,-,1.73,0.58%,"407,204"
HOWL,16.73M,-,-,-,-,1.37,0.36,-,-,-,-6.15%,-,-,0.34,0.76%,"1,315,616"
HOYY,-,-,-,-,-,-,-,-,-,-,-,-,-,5.63,0.54%,"10,032"
HP,3.37B,-,21.66,0.41,0.84,1.33,15.01,13.17,-125.50%,749.76%,18.42%,52.49%,16.13%,33.74,-0.68%,"863,224"
HPAI,22.21M,-,-,-,0.62,1.26,32.19,2.18,-,-,-30.11%,-,-,0.59,-5.84%,"57,087"
HPE,65.63B,46.61,12.36,0.40,1.69,2.59,12.26,16.45,75.97%,17.44%,29.09%,31.15%,4.96%,49.56,4.91%,"17,133,532"
HPEL,-,-,-,-,-,-,-,-,-,-,-,-,-,15.06,8.82%,"12,446"
HPF,344.90M,12.25,-,-,8.96,1.00,-,-,-,-,-,-,-,15.93,0.13%,"29,158"
HPI,434.30M,12.57,-,-,9.11,1.01,-,-,-,-,-,-,-,16.21,0.37%,"49,135"
HPK,946.42M,-,-,-,1.23,0.64,9.88,-,-145.24%,-405.27%,-,10.72%,103.69%,7.49,1.90%,"424,767"
HPP,861.71M,-,-,-,1.05,0.34,5.30,7.27,77.36%,0.52%,-,39.19%,0.79%,15.54,0.84%,"556,210"
HPQ,22.52B,9.09,8.14,4.20,0.39,-,6.08,5.96,-3.07%,0.04%,5.79%,1.94%,-0.43%,24.63,-0.57%,"18,984,135"
HPS,462.59M,12.29,-,-,9.03,1.00,-,-,-,-,-,-,-,14.38,0.21%,"56,267"
HQ,674.55M,-,-,-,-,13.03,6.98,-,-40.74%,-18.42%,-,-28.28%,-,21.19,-0.89%,"383,741"
HQGO,-,-,-,-,-,-,-,-,-,-,-,-,-,65.87,0.35%,15
HQH,1.20B,4.71,-,-,217.14,1.06,-,-,-,-,-,-,-,21.04,-0.38%,"260,719"
HQI,175.55M,27.03,21.59,-,5.91,2.61,173.81,16.86,-21.83%,5.41%,2.90%,-2.40%,17.28%,12.63,-2.47%,"6,124"
HQL,605.73M,3.00,-,-,545.82,1.08,-,-,-,-,-,-,-,19.92,0.20%,"139,279"
HQY,7.90B,35.40,17.28,1.17,5.91,3.87,29.77,16.20,17.95%,15.88%,83.98%,14.78%,12.36%,94.50,-1.21%,"1,049,480"
HR,7.24B,-,446.84,-,6.24,1.63,275.98,15.66,100.88%,651.99%,-,-,9.94%,20.89,0.38%,"4,127,780"
HRB,5.19B,7.28,7.03,0.38,1.33,-,5.85,6.82,10.73%,12.84%,-,18.43%,7.34%,40.94,0.20%,"1,404,724"
HRI,4.92B,-,15.46,0.63,1.06,2.59,114.34,-,-19.15%,54.75%,-58.20%,24.47%,19.69%,147.24,-0.32%,"606,329"
HRL,13.65B,29.26,15.78,2.22,1.12,1.72,15.88,19.70,8.88%,5.43%,-12.16%,7.11%,4.73%,24.81,1.43%,"4,034,680"
HRMY,2.02B,14.02,8.26,0.36,2.24,2.21,3.14,5.90,27.81%,21.74%,-,22.77%,40.30%,34.81,-2.05%,"938,752"
HROW,1.54B,-,17.94,-,5.74,53.71,16.29,107.91,277.68%,827.14%,-1.53%,-,40.99%,41.37,-1.05%,"309,095"
HRSK,-,-,-,-,-,-,-,-,-,-,-,-,-,25.52,0.18%,"1,028"
HRTG,834.62M,4.22,5.81,-,0.98,1.60,-,4.21,-30.91%,8.40%,80.14%,-,7.38%,27.50,-3.13%,"237,547"
HRTS,-,-,-,-,-,-,-,-,-,-,-,-,-,35.82,-1.58%,"2,071"
HRTX,81.37M,-,-,-,0.54,10.03,1.82,-,45.83%,84.62%,45.44%,-,11.81%,0.43,3.12%,"3,548,206"
HRZN,321.51M,11.85,6.17,-,7.98,0.68,4.39,8.03,-36.14%,13.86%,-,-11.21%,5.47%,4.71,1.07%,"642,447"
HSAI,16.25B,279.25,17.67,0.42,36.26,1.89,19.63,-,15.86%,73.29%,-,42.02%,47.56%,15.61,3.17%,"1,216,062"
HSBC,341.09B,16.40,10.68,1.03,2.55,1.95,-,-,11.26%,10.66%,44.18%,10.33%,12.13%,99.25,1.18%,"1,425,528"
HSBH,-,-,-,-,-,-,-,-,-,-,-,-,-,109.43,0.90%,"10,977"
HSCS,8.62M,-,-,-,862.42,3.15,2.54,-,62.51%,26.51%,24.72%,40.70%,-41.63%,2.62,-0.76%,"42,813"
HSCZ,-,-,-,-,-,-,-,-,-,-,-,-,-,42.85,0.61%,"22,625"
HSDT,102.18M,-,-,-,10.65,0.49,23.27,-,64.32%,91.67%,91.60%,41.00%,55.54%,1.75,2.34%,"114,601"
HSHP,739.71M,25.17,10.43,0.18,5.15,4.71,30.19,12.09,370.96%,-17.67%,-,58.89%,-,15.69,4.39%,"361,641"
HSIC,9.90B,26.25,14.71,1.59,0.74,3.04,71.74,22.25,7.58%,10.49%,3.12%,9.28%,5.43%,86.91,1.31%,"1,384,893"
HSLV,933.70M,84.07,-,-,50.94,2.26,9.05,-,-,-,-3.43%,-,-,4.59,2.91%,"355,258"
HSMV,-,-,-,-,-,-,-,-,-,-,-,-,-,38.51,-0.18%,770
HST,16.01B,15.97,23.70,-,2.60,2.35,9.40,17.42,17.22%,-23.49%,-,-4.44%,30.43%,23.38,1.34%,"7,473,586"
HSTM,830.30M,42.59,35.17,-,2.66,2.37,12.49,26.33,20.33%,10.08%,6.68%,-,4.43%,28.42,-1.04%,"140,083"
HSY,34.78B,31.90,17.24,0.89,2.90,7.35,39.66,18.78,33.60%,17.96%,-6.59%,19.35%,7.49%,171.46,-2.16%,"1,375,040"
HTAB,-,-,-,-,-,-,-,-,-,-,-,-,-,19.11,0.05%,"36,153"
HTAX,-,-,-,-,-,-,-,-,-,-,-,-,-,24.81,0.22%,"2,485"
HTB,815.56M,12.53,13.05,-,2.81,1.38,-,9.68,-2.37%,2.42%,31.65%,-,12.90%,48.53,-1.06%,"102,034"
HTCO,27.91M,-,-,-,0.13,2.63,2.75,6.03,-,-,-51.80%,-,-,3.08,-0.32%,"81,724"
HTCR,4.18M,0.54,-,-,0.38,0.60,1.00,-,-,-,95.75%,-,-0.13%,2.90,-2.36%,"34,950"
HTD,915.56M,5.35,-,-,12.53,0.94,-,-,-,-,-,-,-,25.84,-0.08%,"53,924"
HTEC,-,-,-,-,-,-,-,-,-,-,-,-,-,37.63,-1.03%,"5,902"
HTFL,2.20B,-,-,-,11.48,7.68,13.89,-,69.66%,46.22%,-,-,-,25.49,-2.56%,"1,986,660"
HTGC,3.00B,9.03,8.13,-,5.83,1.35,66.80,9.64,0.28%,2.51%,-1.60%,-0.15%,16.30%,16.04,0.75%,"944,719"
HTH,2.24B,14.55,15.93,-,1.39,1.05,-,-,22.11%,1.16%,-10.52%,-,-5.77%,38.28,0.21%,"226,026"
HTHT,12.66B,18.78,13.86,1.07,3.47,7.99,5.53,12.56,14.04%,13.64%,-,12.90%,18.97%,41.21,0.81%,"1,555,517"
HTLD,1.17B,-,26.97,-,1.53,1.56,26.08,-,105.76%,1344.97%,-,-,4.54%,15.04,1.14%,"473,283"
HTLM,179.37M,11.79,-,-,0.50,7.51,8.69,-,-,-,-,-,-,2.00,8.40%,"17,200"
HTO,2.63B,21.57,22.22,3.40,3.23,1.44,17.21,-,-8.09%,3.06%,6.39%,6.53%,7.24%,62.94,0.75%,"550,170"
HTOO,8.57M,-,-,-,0.53,0.31,12.61,-,-,-,55.06%,-,-,2.60,1.56%,"3,912"
HTRB,-,-,-,-,-,-,-,-,-,-,-,-,-,33.51,0.25%,"156,393"
HTT,249.75M,4.64,-,-,43.66,0.25,0.18,-,-,-,1.52%,-,-60.31%,2.68,-2.19%,"64,821"
HTUS,-,-,-,-,-,-,-,-,-,-,-,-,-,44.17,0.32%,"21,828"
HTZ,581.01M,-,32.52,-,0.07,-,0.48,-,58.97%,106.73%,26.75%,-,10.09%,1.84,0.55%,"16,458,753"
HUBB,25.57B,28.59,21.97,2.19,4.26,6.84,49.47,28.12,8.94%,11.02%,20.85%,10.02%,9.68%,483.89,1.44%,"347,251"
HUBC,4.19M,-,-,-,0.14,-,-,-,-,-,-156.81%,-,-3.39%,1.26,-3.82%,"253,610"
HUBG,2.89B,27.21,23.86,2.69,0.78,1.70,19.74,48.20,-24.31%,43.83%,1.24%,8.88%,1.47%,47.28,-0.86%,"842,453"
HUBS,10.74B,109.95,13.42,0.54,3.26,5.46,6.35,14.51,35.23%,19.08%,-,24.66%,28.81%,209.68,-3.64%,"1,514,447"
HUDI,12.19M,-,-,-,0.21,0.16,1.28,-,-,-,-,-,1.24%,0.85,5.48%,"7,243"
HUHU,124.92M,-,-,-,41.92,111.31,183.71,328.74,-,-,-,-,35.62%,4.90,-15.95%,"159,094"
HUIZ,10.51M,4.90,-,-,0.06,0.22,0.26,-,-,-,-,-,4.48%,1.22,5.31%,"3,125"
HULL,-,-,-,-,-,-,-,-,-,-,-,-,-,25.94,0.84%,"7,008"
HUM,48.84B,43.53,25.22,1.57,0.36,2.63,-,38.39,-47.76%,80.13%,-17.23%,16.05%,10.94%,406.77,0.19%,"967,136"
HUMA,190.68M,-,-,-,94.40,13.51,3.92,-,-31.05%,27.58%,53.14%,52.34%,-,0.71,2.31%,"7,742,477"
HUMN,-,-,-,-,-,-,-,-,-,-,-,-,-,31.88,1.50%,"57,434"
HUN,2.07B,-,128.60,-,0.36,0.77,5.60,15.30,77.66%,159.23%,-,-,-1.14%,11.91,2.58%,"4,091,843"
HURA,151.56M,-,-,-,-,6.60,24.06,-,11.11%,-0.60%,81.38%,4.43%,-,2.38,0.00%,"558,548"
HURC,146.36M,-,-,-,0.81,0.76,2.92,20.94,-,-,-20.37%,-,0.91%,22.60,-1.18%,"21,225"
HURN,1.78B,18.74,10.74,1.16,1.02,4.53,67.23,14.37,12.85%,15.64%,-,9.29%,14.30%,109.74,-1.34%,"245,006"
HUSV,-,-,-,-,-,-,-,-,-,-,-,-,-,39.92,-0.90%,"3,654"
HUT,11.07B,-,-,-,38.94,8.02,68.92,-,-36.47%,38.00%,-,-,50.60%,98.33,-0.85%,"2,721,445"
HUTG,-,-,-,-,-,-,-,-,-,-,-,-,-,21.32,-1.67%,"70,080"
HUYA,189.77M,-,13.84,-,0.20,0.81,0.40,-,251.88%,57.15%,-,-,-10.57%,2.39,0.84%,"426,081"
HVAC,-,-,-,-,-,-,-,-,-,-,-,-,-,37.44,1.29%,"12,393"
HVII,272.34M,83.92,-,-,-,1.44,851.06,-,-,-,-,-,-,10.47,-0.03%,132
HVMC,299.25M,62.04,-,-,-,1.32,409.93,-,-,-,-,-,-,10.18,0.05%,6
HVT,409.45M,20.70,9.74,-,0.53,1.32,3.59,17.73,35.71%,60.06%,-17.57%,-,0.29%,25.19,0.68%,"62,673"
HWAY,-,-,-,-,-,-,-,-,-,-,-,-,-,37.63,0.53%,571
HWBK,265.52M,11.03,-,-,2.36,1.51,-,11.31,-,-,11.86%,-,7.59%,38.50,-0.95%,"9,248"
HWC,6.17B,15.62,10.41,0.89,3.21,1.40,-,10.86,14.35%,12.59%,-,11.68%,8.10%,76.02,0.11%,"836,519"
HWH,9.19M,-,-,-,14.37,4.42,5.89,-,-,-,-133.89%,-,-,1.19,1.71%,"21,280"
HWKN,2.89B,35.32,28.80,-,2.67,5.37,739.16,33.57,8.76%,12.88%,15.19%,-,12.67%,138.24,3.26%,"129,662"
HWM,110.74B,64.21,45.66,1.91,12.84,20.10,45.46,66.87,34.33%,19.70%,50.77%,23.96%,9.43%,276.78,2.03%,"1,653,408"
HWSM,-,-,-,-,-,-,-,-,-,-,-,-,-,30.84,-0.51%,8
HXHX,7.82M,14.14,-,-,1.70,1.98,39.11,-,-,-,19.58%,-,17.86%,0.57,-1.11%,"20,554"
HXL,7.68B,67.60,33.15,1.17,4.02,6.07,142.04,37.18,30.52%,33.78%,29.37%,28.23%,4.52%,101.88,2.70%,"1,022,007"
HY,579.58M,-,21.42,-,0.16,1.35,7.09,20.77,-0.44%,144.22%,-,-,6.03%,32.35,1.00%,"61,253"
HYBB,-,-,-,-,-,-,-,-,-,-,-,-,-,46.57,0.26%,"6,219"
HYBI,-,-,-,-,-,-,-,-,-,-,-,-,-,49.36,0.20%,"9,751"
HYBL,-,-,-,-,-,-,-,-,-,-,-,-,-,27.92,0.14%,"60,179"
HYBX,-,-,-,-,-,-,-,-,-,-,-,-,-,29.72,0.46%,376
HYD,-,-,-,-,-,-,-,-,-,-,-,-,-,51.18,0.03%,"605,682"
HYDB,-,-,-,-,-,-,-,-,-,-,-,-,-,46.49,0.20%,"116,443"
HYDR,-,-,-,-,-,-,-,-,-,-,-,-,-,45.60,2.78%,"102,636"
HYDW,-,-,-,-,-,-,-,-,-,-,-,-,-,46.65,0.17%,"1,181"
HYEM,-,-,-,-,-,-,-,-,-,-,-,-,-,20.05,0.20%,"151,799"
HYFI,-,-,-,-,-,-,-,-,-,-,-,-,-,37.18,0.08%,"35,356"
HYFM,3.33M,-,-,-,0.03,-,0.62,-,-,-,-84.12%,-,-17.07%,0.70,-6.67%,"22,323"
HYFT,69.13M,-,-,-,5.25,6.30,6.65,-,66.67%,17.28%,-19.06%,42.49%,10.84%,1.48,4.96%,"193,901"
HYG,-,-,-,-,-,-,-,-,-,-,-,-,-,79.68,0.20%,"28,248,702"
HYGH,-,-,-,-,-,-,-,-,-,-,-,-,-,86.42,-0.07%,"80,966"
HYGM,-,-,-,-,-,-,-,-,-,-,-,-,-,24.71,0.26%,78
HYGV,-,-,-,-,-,-,-,-,-,-,-,-,-,40.08,0.19%,"95,062"
HYGW,-,-,-,-,-,-,-,-,-,-,-,-,-,28.94,0.28%,"15,542"
HYHG,-,-,-,-,-,-,-,-,-,-,-,-,-,64.71,-0.34%,"7,384"
HYI,135.44M,14.09,-,-,-,-,-,-,-,-,-,-,-,10.57,0.09%,"32,219"
HYIN,-,-,-,-,-,-,-,-,-,-,-,-,-,14.31,0.98%,"27,559"
HYLB,-,-,-,-,-,-,-,-,-,-,-,-,-,36.35,0.25%,"570,195"
HYLN,729.36M,-,-,-,125.32,4.01,10.06,-,7.05%,-19.51%,-,20.97%,-,4.09,6.23%,"2,307,116"
HYLS,-,-,-,-,-,-,-,-,-,-,-,-,-,40.75,0.15%,"144,166"
HYMB,-,-,-,-,-,-,-,-,-,-,-,-,-,25.24,0.08%,"1,247,789"
HYMC,2.00B,-,-,-,-,8.92,10.53,-,-4.55%,32.85%,52.57%,35.96%,-,21.86,7.00%,"1,253,166"
HYNE,133.76M,-,-,-,6.23,0.83,-,-,-,-,-,-,-,16.52,-0.48%,"8,879"
HYNX,-,-,-,-,-,-,-,-,-,-,-,-,-,38.77,-,"776,479"
HYP,-,-,-,-,-,-,-,-,-,-,-,-,-,28.68,2.59%,"4,370"
HYPD,44.87M,-,6.80,-,43.14,0.44,6.08,-,108.40%,-44.94%,34.01%,-,-16.47%,2.96,-0.34%,"132,258"
HYPG,-,-,-,-,-,-,-,-,-,-,-,-,-,23.08,2.50%,"113,450"
HYPR,103.24M,-,-,-,6.73,2.98,2.50,-,19.38%,3.37%,14.09%,10.33%,115.18%,1.04,-0.95%,"427,706"
HYS,-,-,-,-,-,-,-,-,-,-,-,-,-,92.96,0.11%,"48,819"
HYSA,-,-,-,-,-,-,-,-,-,-,-,-,-,14.88,0.10%,"27,406"
HYSD,-,-,-,-,-,-,-,-,-,-,-,-,-,20.14,0.19%,"11,214"
HYT,1.67B,9.36,-,-,11.17,0.88,-,-,-,-,-,-,-,8.52,0.47%,"569,628"
HYTI,-,-,-,-,-,-,-,-,-,-,-,-,-,19.04,0.00%,"42,653"
HYTR,-,-,-,-,-,-,-,-,-,-,-,-,-,21.36,0.07%,"63,772"
HYUP,-,-,-,-,-,-,-,-,-,-,-,-,-,41.52,0.28%,"3,235"
HYXF,-,-,-,-,-,-,-,-,-,-,-,-,-,46.42,0.09%,"4,042"
HYZD,-,-,-,-,-,-,-,-,-,-,-,-,-,22.60,0.04%,"51,073"
HZO,752.70M,-,21.63,0.35,0.34,0.81,3.98,4.44,21.81%,112.60%,-,61.65%,8.87%,34.17,-0.20%,"121,131"
IACO,434.87M,-,-,-,-,1.28,-,-,-,-,-,-,-,9.94,0.00%,"5,872"
IACQ,321.09M,-,-,-,-,-,-,-,-,-,-,-,-,9.95,-0.30%,786
IAE,92.13M,3.32,-,-,-,-,-,-,-,-,-,-,-,8.57,-0.12%,"51,618"
IAF,120.55M,8.68,-,-,28.35,0.84,-,-,-,-,-,-,-,12.58,1.08%,"6,858"
IAG,8.66B,8.74,6.44,0.31,2.54,2.01,15.72,7.02,83.96%,2.88%,69.94%,21.00%,18.10%,14.99,1.15%,"5,379,298"
IAGG,-,-,-,-,-,-,-,-,-,-,-,-,-,49.91,0.18%,"774,916"
IAI,-,-,-,-,-,-,-,-,-,-,-,-,-,193.47,2.52%,"346,645"
IAK,-,-,-,-,-,-,-,-,-,-,-,-,-,145.36,-1.74%,"57,156"
IALT,-,-,-,-,-,-,-,-,-,-,-,-,-,28.49,0.46%,"1,141,908"
IAPR,-,-,-,-,-,-,-,-,-,-,-,-,-,33.35,0.46%,"10,679"
IART,1.43B,-,7.03,0.81,0.87,1.37,5.39,350.85,9.88%,6.85%,-,8.68%,3.57%,18.40,-0.97%,"1,070,166"
IAT,-,-,-,-,-,-,-,-,-,-,-,-,-,63.20,-0.25%,"241,144"
IAU,-,-,-,-,-,-,-,-,-,-,-,-,-,76.27,1.36%,"3,520,866"
IAUG,-,-,-,-,-,-,-,-,-,-,-,-,-,30.28,0.08%,851
IAUI,-,-,-,-,-,-,-,-,-,-,-,-,-,49.03,1.16%,"134,370"
IAUM,-,-,-,-,-,-,-,-,-,-,-,-,-,40.40,1.30%,"1,729,936"
IAUX,1.17B,-,-,-,8.78,3.88,2.28,-,5.80%,98.07%,-81.09%,-,-,1.36,1.49%,"6,737,994"
IBAC,53.84M,134.04,-,-,-,8.11,-,-,-,-,-,-,-,10.75,-0.37%,32
IBAT,-,-,-,-,-,-,-,-,-,-,-,-,-,40.98,1.38%,"25,808"
IBB,-,-,-,-,-,-,-,-,-,-,-,-,-,188.67,-0.46%,"1,206,633"
IBBQ,-,-,-,-,-,-,-,-,-,-,-,-,-,32.46,-0.46%,"16,170"
IBCA,-,-,-,-,-,-,-,-,-,-,-,-,-,25.26,0.24%,"41,411"
IBCB,-,-,-,-,-,-,-,-,-,-,-,-,-,24.80,0.36%,"29,784"
IBCP,739.55M,10.73,9.38,-,2.33,1.45,-,28.29,6.67%,7.77%,5.29%,-,7.90%,35.89,-0.91%,"215,024"
IBD,-,-,-,-,-,-,-,-,-,-,-,-,-,23.70,0.17%,"74,104"
IBDR,-,-,-,-,-,-,-,-,-,-,-,-,-,24.19,0.00%,"423,333"
IBDS,-,-,-,-,-,-,-,-,-,-,-,-,-,24.15,0.04%,"518,056"
IBDT,-,-,-,-,-,-,-,-,-,-,-,-,-,25.16,0.12%,"420,459"
IBDU,-,-,-,-,-,-,-,-,-,-,-,-,-,23.05,0.17%,"371,030"
IBDV,-,-,-,-,-,-,-,-,-,-,-,-,-,21.65,0.23%,"482,570"
IBDW,-,-,-,-,-,-,-,-,-,-,-,-,-,20.67,0.24%,"392,542"
IBDX,-,-,-,-,-,-,-,-,-,-,-,-,-,24.95,0.36%,"136,954"
IBDY,-,-,-,-,-,-,-,-,-,-,-,-,-,25.47,0.26%,"142,732"
IBDZ,-,-,-,-,-,-,-,-,-,-,-,-,-,25.74,0.31%,"102,614"
IBEX,453.23M,10.56,9.34,0.66,0.72,2.83,29.41,14.03,28.00%,2.98%,39.92%,14.24%,6.62%,33.85,-1.60%,"81,261"
IBFR,-,-,-,-,-,-,-,-,-,-,-,-,-,50.48,0.90%,936
IBG,1.81M,-,-,-,-,0.16,9.52,-,-,-,-,-,7.66%,1.00,0.53%,"43,062"
IBGA,-,-,-,-,-,-,-,-,-,-,-,-,-,23.89,0.17%,"15,763"
IBGB,-,-,-,-,-,-,-,-,-,-,-,-,-,23.83,0.19%,953
IBGC,-,-,-,-,-,-,-,-,-,-,-,-,-,24.44,0.19%,29
IBGK,-,-,-,-,-,-,-,-,-,-,-,-,-,22.75,0.11%,"1,934"
IBGL,-,-,-,-,-,-,-,-,-,-,-,-,-,23.38,0.09%,45
IBGM,-,-,-,-,-,-,-,-,-,-,-,-,-,24.30,0.08%,"3,213"
IBHF,-,-,-,-,-,-,-,-,-,-,-,-,-,22.53,0.04%,"119,324"
IBHG,-,-,-,-,-,-,-,-,-,-,-,-,-,22.00,0.20%,"65,583"
IBHH,-,-,-,-,-,-,-,-,-,-,-,-,-,23.39,0.17%,"94,382"
IBHI,-,-,-,-,-,-,-,-,-,-,-,-,-,23.26,0.09%,"90,643"
IBHJ,-,-,-,-,-,-,-,-,-,-,-,-,-,26.30,0.05%,"13,155"
IBHK,-,-,-,-,-,-,-,-,-,-,-,-,-,25.58,0.02%,"24,168"
IBHL,-,-,-,-,-,-,-,-,-,-,-,-,-,25.21,-0.25%,"1,563"
IBHM,-,-,-,-,-,-,-,-,-,-,-,-,-,25.30,0.24%,"1,224"
IBIC,-,-,-,-,-,-,-,-,-,-,-,-,-,25.56,-0.07%,"3,592"
IBID,-,-,-,-,-,-,-,-,-,-,-,-,-,25.67,-0.14%,"53,699"
IBIE,-,-,-,-,-,-,-,-,-,-,-,-,-,25.69,-0.06%,"25,354"
IBIF,-,-,-,-,-,-,-,-,-,-,-,-,-,25.69,0.01%,"8,104"
IBIG,-,-,-,-,-,-,-,-,-,-,-,-,-,25.62,0.06%,"3,708"
IBIH,-,-,-,-,-,-,-,-,-,-,-,-,-,25.65,0.08%,"11,337"
IBII,-,-,-,-,-,-,-,-,-,-,-,-,-,25.29,0.06%,"8,065"
IBIJ,-,-,-,-,-,-,-,-,-,-,-,-,-,25.30,0.16%,"4,335"
IBIK,-,-,-,-,-,-,-,-,-,-,-,-,-,25.10,0.14%,"8,052"
IBIL,-,-,-,-,-,-,-,-,-,-,-,-,-,24.84,0.16%,"4,874"
IBIM,-,-,-,-,-,-,-,-,-,-,-,-,-,24.74,0.26%,"4,066"
IBIO,71.53M,-,-,-,238.44,0.64,0.96,-,81.01%,6.67%,64.37%,38.86%,-24.57%,1.44,-0.69%,"1,109,019"
IBIT,-,-,-,-,-,-,-,-,-,-,-,-,-,36.58,3.86%,"46,954,115"
IBKR,42.59B,41.10,31.91,1.94,3.96,7.63,0.42,1.19,18.43%,15.53%,29.67%,16.48%,33.08%,95.61,2.19%,"3,094,804"
IBLC,-,-,-,-,-,-,-,-,-,-,-,-,-,44.53,0.08%,"4,728"
IBM,204.02B,19.19,16.28,2.04,2.96,6.19,17.25,15.80,6.83%,7.69%,12.36%,7.99%,4.12%,217.07,-25.21%,"67,440,997"
IBMO,-,-,-,-,-,-,-,-,-,-,-,-,-,25.61,0.00%,"32,310"
IBMP,-,-,-,-,-,-,-,-,-,-,-,-,-,25.41,0.14%,"97,440"
IBMQ,-,-,-,-,-,-,-,-,-,-,-,-,-,25.55,0.04%,"94,322"
IBMR,-,-,-,-,-,-,-,-,-,-,-,-,-,25.33,0.04%,"44,017"
IBMS,-,-,-,-,-,-,-,-,-,-,-,-,-,25.84,0.02%,"72,899"
IBMT,-,-,-,-,-,-,-,-,-,-,-,-,-,25.70,0.04%,"52,954"
IBMU,-,-,-,-,-,-,-,-,-,-,-,-,-,25.27,0.08%,210
IBMV,-,-,-,-,-,-,-,-,-,-,-,-,-,25.27,-0.02%,"14,005"
IBMW,-,-,-,-,-,-,-,-,-,-,-,-,-,25.15,0.02%,10
IBMX,-,-,-,-,-,-,-,-,-,-,-,-,-,24.97,-0.06%,8
IBN,104.02B,17.14,15.05,1.07,2.95,2.67,-,-,12.10%,15.17%,18.52%,14.06%,10.18%,29.00,-0.89%,"4,250,573"
IBND,-,-,-,-,-,-,-,-,-,-,-,-,-,30.93,0.39%,"37,900"
IBO,51.75M,-,-,-,1293.82,4.51,2587.65,-,-,-,-48.53%,-,-,0.48,3.67%,"57,931"
IBOC,4.68B,11.22,11.40,4.83,4.41,1.42,-,9.77,-1.51%,1.23%,20.37%,2.36%,12.78%,75.22,-0.86%,"315,803"
IBOT,-,-,-,-,-,-,-,-,-,-,-,-,-,64.97,0.82%,"21,498"
IBP,6.05B,23.93,19.95,3.95,2.05,9.06,12.75,19.22,-11.67%,11.32%,24.31%,5.05%,12.44%,224.40,0.84%,"302,922"
IBRN,-,-,-,-,-,-,-,-,-,-,-,-,-,37.78,-1.14%,"7,118"
IBRX,8.25B,-,-,-,58.54,-,21.67,-,-123.68%,81.57%,15.60%,-,299.74%,7.88,1.16%,"7,466,371"
IBTA,708.72M,-,-,-,2.08,2.87,4.31,8.41,-873.61%,50.27%,-,-,-,30.45,-1.55%,"112,872"
IBTG,-,-,-,-,-,-,-,-,-,-,-,-,-,22.85,0.00%,"316,146"
IBTH,-,-,-,-,-,-,-,-,-,-,-,-,-,22.33,0.07%,"467,618"
IBTI,-,-,-,-,-,-,-,-,-,-,-,-,-,22.08,0.18%,"372,633"
IBTJ,-,-,-,-,-,-,-,-,-,-,-,-,-,21.57,0.16%,"209,548"
IBTK,-,-,-,-,-,-,-,-,-,-,-,-,-,19.43,0.18%,"177,489"
IBTL,-,-,-,-,-,-,-,-,-,-,-,-,-,20.05,0.25%,"353,177"
IBTM,-,-,-,-,-,-,-,-,-,-,-,-,-,22.51,0.24%,"55,992"
IBTO,-,-,-,-,-,-,-,-,-,-,-,-,-,23.91,0.29%,"92,330"
IBTP,-,-,-,-,-,-,-,-,-,-,-,-,-,25.13,0.30%,"33,219"
IBTQ,-,-,-,-,-,-,-,-,-,-,-,-,-,24.80,0.28%,"18,433"
IBTR,-,-,-,-,-,-,-,-,-,-,-,-,-,24.59,0.26%,"28,334"
IBUF,-,-,-,-,-,-,-,-,-,-,-,-,-,31.55,0.30%,"15,984"
IBUY,-,-,-,-,-,-,-,-,-,-,-,-,-,70.84,0.35%,"3,517"
IBX,-,-,-,-,-,-,-,-,-,-,-,-,-,15.48,-50.38%,"14,029,382"
ICAP,-,-,-,-,-,-,-,-,-,-,-,-,-,28.45,0.71%,"22,822"
ICCC,106.03M,-,-,-,3.54,3.64,15.57,31.37,-,-,4.06%,-,12.50%,11.72,5.78%,"58,580"
ICCM,10.11M,-,-,-,2.84,1.15,1.24,-,21.25%,31.69%,32.65%,38.44%,-2.67%,3.60,1.69%,"105,174"
ICE,77.82B,20.04,15.69,1.34,6.02,2.64,32.73,16.66,16.11%,8.66%,8.90%,11.75%,9.86%,137.61,-0.04%,"3,802,078"
ICF,-,-,-,-,-,-,-,-,-,-,-,-,-,68.44,-0.31%,"107,461"
ICFI,1.38B,16.51,9.94,1.50,0.76,1.34,25.96,9.17,3.72%,9.37%,11.48%,6.64%,4.44%,76.35,-3.51%,"312,818"
ICG,23.84M,-,-,-,0.78,0.36,0.34,-,-,-,-,-,31.18%,0.83,-16.99%,"75,762"
ICHR,3.31B,-,35.15,0.52,3.45,4.93,37.12,-,499.38%,95.75%,-,67.46%,0.72%,94.85,4.91%,"957,976"
ICL,6.47B,24.79,11.15,1.16,0.87,1.07,11.13,29.28,16.06%,7.52%,82.71%,9.59%,7.24%,5.01,1.62%,"1,732,031"
ICLN,-,-,-,-,-,-,-,-,-,-,-,-,-,19.07,2.39%,"3,805,973"
ICLO,-,-,-,-,-,-,-,-,-,-,-,-,-,25.63,0.00%,"115,838"
ICLR,12.86B,77.36,14.08,6.07,1.56,1.38,16.81,16.36,-15.12%,12.18%,-14.31%,2.32%,24.15%,167.97,1.13%,"661,320"
ICMB,11.88M,-,-,-,0.73,0.23,1.03,-,-,-,19.32%,-,-10.48%,0.82,-6.47%,"352,051"
ICOI,-,-,-,-,-,-,-,-,-,-,-,-,-,10.69,3.89%,"59,633"
ICON,-,-,-,-,-,-,-,-,-,-,-,-,-,0.95,1.19%,"79,296"
ICOP,-,-,-,-,-,-,-,-,-,-,-,-,-,49.66,4.42%,"68,534"
ICOW,-,-,-,-,-,-,-,-,-,-,-,-,-,42.52,0.35%,"229,891"
ICPI,-,-,-,-,-,-,-,-,-,-,-,-,-,50.19,-0.22%,"2,959"
ICPY,-,-,-,-,-,-,-,-,-,-,-,-,-,12.65,0.30%,"6,742"
ICRC,-,-,-,-,-,-,-,-,-,-,-,-,-,17.70,-0.05%,145
ICSH,-,-,-,-,-,-,-,-,-,-,-,-,-,50.47,0.04%,"1,777,662"
ICU,19.19M,-,-,-,13.33,2.62,2.05,-,37.88%,35.85%,-125.73%,49.38%,-,4.80,0.21%,"67,113"
ICUI,3.84B,82.88,16.49,1.76,1.78,1.82,13.31,46.39,5.22%,13.97%,-62.61%,9.36%,11.90%,153.49,-2.61%,"352,720"
ICVT,-,-,-,-,-,-,-,-,-,-,-,-,-,116.57,0.16%,"611,218"
IDA,8.40B,25.21,21.81,2.46,4.71,2.31,24.87,-,8.25%,8.84%,4.68%,8.85%,6.09%,151.59,0.41%,"480,339"
IDAC,127.49M,-,-,-,-,522.56,-,-,-,-,-,-,-,9.96,0.10%,"3,160"
IDAI,12.65M,-,28.25,-,3.78,1.66,3.25,-,60.30%,107.55%,20.20%,-,3.46%,2.26,-1.31%,"6,806"
IDCC,6.86B,24.99,30.77,3.99,8.28,6.22,6.28,11.87,-38.93%,19.70%,52.24%,7.72%,18.36%,265.48,1.52%,"221,996"
IDE,207.04M,3.30,-,-,-,-,-,-,-,-,-,-,-,13.66,1.11%,"26,525"
IDEC,-,-,-,-,-,-,-,-,-,-,-,-,-,34.42,0.51%,21
IDEF,-,-,-,-,-,-,-,-,-,-,-,-,-,31.50,0.29%,"1,065,270"
IDEQ,-,-,-,-,-,-,-,-,-,-,-,-,-,34.56,1.11%,"242,295"
IDEV,-,-,-,-,-,-,-,-,-,-,-,-,-,89.46,0.79%,"674,242"
IDGT,-,-,-,-,-,-,-,-,-,-,-,-,-,117.99,-0.65%,"20,567"
IDHQ,-,-,-,-,-,-,-,-,-,-,-,-,-,43.13,0.33%,"136,660"
IDIAU,-,-,-,-,-,-,-,-,-,-,-,-,-,-,-,0
IDJL,-,-,-,-,-,-,-,-,-,-,-,-,-,24.87,-0.10%,"2,006"
IDJN,-,-,-,-,-,-,-,-,-,-,-,-,-,24.82,0.35%,504
IDLV,-,-,-,-,-,-,-,-,-,-,-,-,-,35.32,0.79%,"15,516"
IDMO,-,-,-,-,-,-,-,-,-,-,-,-,-,59.89,1.34%,"430,638"
IDMY,-,-,-,-,-,-,-,-,-,-,-,-,-,25.15,0.23%,807
IDN,82.62M,37.60,24.00,-,3.55,3.83,8.21,19.86,125.00%,25.93%,-,-,16.12%,4.08,-0.49%,"335,839"
IDNA,-,-,-,-,-,-,-,-,-,-,-,-,-,32.82,-0.39%,"28,605"
IDOG,-,-,-,-,-,-,-,-,-,-,-,-,-,42.17,0.48%,"18,564"
IDR,486.94M,22.13,20.40,-,9.82,4.17,10.03,66.52,33.33%,-0.66%,-,-,49.52%,30.80,3.74%,"129,180"
IDRV,-,-,-,-,-,-,-,-,-,-,-,-,-,36.70,0.96%,"19,503"
IDT,1.55B,19.13,15.79,1.57,1.22,4.33,4.08,28.04,20.69%,2.60%,29.99%,10.04%,-1.76%,62.38,1.60%,"238,939"
IDU,-,-,-,-,-,-,-,-,-,-,-,-,-,115.94,-0.09%,"50,667"
IDUB,-,-,-,-,-,-,-,-,-,-,-,-,-,27.41,1.29%,"89,606"
IDV,-,-,-,-,-,-,-,-,-,-,-,-,-,42.54,0.90%,"681,217"
IDVO,-,-,-,-,-,-,-,-,-,-,-,-,-,42.43,0.57%,"225,196"
IDVY,-,-,-,-,-,-,-,-,-,-,-,-,-,25.89,0.57%,520
IDVZ,-,-,-,-,-,-,-,-,-,-,-,-,-,34.88,1.10%,"269,805"
IDX,-,-,-,-,-,-,-,-,-,-,-,-,-,10.57,1.54%,"36,043"
IDXX,42.65B,39.78,32.65,2.56,9.59,27.53,212.69,39.50,12.00%,13.03%,14.28%,12.75%,9.72%,540.68,-4.17%,"780,143"
IDYA,3.48B,-,-,-,15.47,3.44,5.19,-,-233.92%,13.87%,1.64%,-,62.11%,36.65,1.38%,"1,214,533"
IDYN,-,-,-,-,-,-,-,-,-,-,-,-,-,30.06,0.90%,"352,545"
IE,1.45B,-,-,-,430.72,2.68,4.97,-,94.97%,-1373.36%,-23.80%,29.89%,-6.88%,9.17,3.85%,"1,634,707"
IEAG,443.69M,-,-,-,-,1.33,7394.79,-,-,-,-,-,-,10.20,-0.15%,10
IEDI,-,-,-,-,-,-,-,-,-,-,-,-,-,54.69,-0.24%,"1,372"
IEF,-,-,-,-,-,-,-,-,-,-,-,-,-,93.55,0.28%,"5,316,003"
IEFA,-,-,-,-,-,-,-,-,-,-,-,-,-,96.89,0.77%,"6,799,536"
IEI,-,-,-,-,-,-,-,-,-,-,-,-,-,116.74,0.25%,"1,203,330"
IEMG,-,-,-,-,-,-,-,-,-,-,-,-,-,79.72,1.57%,"11,205,932"
IEO,-,-,-,-,-,-,-,-,-,-,-,-,-,118.71,0.41%,"66,118"
IEP,5.00B,-,13.53,-,0.50,2.43,1.52,-,23.08%,237.50%,41.06%,-,8.25%,7.44,-1.13%,"550,164"
IESC,12.28B,32.86,27.75,1.19,3.38,11.44,46.59,34.36,44.14%,12.75%,50.08%,23.32%,22.88%,616.15,2.20%,"172,354"
IETC,-,-,-,-,-,-,-,-,-,-,-,-,-,106.19,0.78%,"20,346"
IETH,-,-,-,-,-,-,-,-,-,-,-,-,-,18.99,5.10%,39
IEUR,-,-,-,-,-,-,-,-,-,-,-,-,-,74.88,0.46%,"356,450"
IEUS,-,-,-,-,-,-,-,-,-,-,-,-,-,69.94,0.80%,893
IEV,-,-,-,-,-,-,-,-,-,-,-,-,-,72.55,0.47%,"43,149"
IEX,16.49B,32.90,24.14,3.01,4.67,4.09,27.99,26.96,6.91%,8.58%,5.35%,8.03%,8.01%,222.74,0.57%,"728,992"
IEZ,-,-,-,-,-,-,-,-,-,-,-,-,-,27.69,0.65%,"267,042"
IFBD,9.42M,-,-,-,1.08,0.53,1.84,-,-,-,-,-,-9.74%,1.15,-0.86%,"3,531"
IFEB,-,-,-,-,-,-,-,-,-,-,-,-,-,31.35,0.34%,"14,869"
IFED,-,-,-,-,-,-,-,-,-,-,-,-,-,44.64,0.00%,16
IFF,19.06B,22.87,15.74,2.40,1.77,1.35,33.92,47.90,5.57%,6.99%,-,6.56%,16.46%,74.67,-0.57%,"1,902,015"
IFGL,-,-,-,-,-,-,-,-,-,-,-,-,-,22.52,0.45%,"1,852"
IFLN,-,-,-,-,-,-,-,-,-,-,-,-,-,18.25,0.21%,"14,574"
IFLO,-,-,-,-,-,-,-,-,-,-,-,-,-,33.49,0.42%,"7,958"
IFLR,-,-,-,-,-,-,-,-,-,-,-,-,-,53.59,1.41%,"19,815"
IFN,491.35M,-,-,-,93.92,0.78,-,-,-,-,-,-,-,11.52,0.35%,"76,851"
IFRA,-,-,-,-,-,-,-,-,-,-,-,-,-,62.02,0.50%,"315,488"
IFRX,296.06M,-,-,-,-,3.42,6.46,-,55.34%,-35.41%,11.77%,14.22%,-,2.01,-2.43%,"1,552,671"
IFS,6.95B,11.16,9.02,0.63,2.28,1.89,-,5.15,19.96%,11.51%,38.56%,14.37%,7.05%,59.97,0.32%,"128,954"
IFV,-,-,-,-,-,-,-,-,-,-,-,-,-,25.72,1.48%,"50,622"
IG,-,-,-,-,-,-,-,-,-,-,-,-,-,20.35,0.12%,"50,986"
IGA,152.80M,8.10,-,-,31.83,0.93,-,-,-,-,-,-,-,9.96,0.61%,"64,675"
IGAC,182.10M,246.68,-,-,-,1.43,256.48,-,-,-,-,-,-,10.04,0.10%,"24,765"
IGBH,-,-,-,-,-,-,-,-,-,-,-,-,-,24.37,0.04%,"62,012"
IGC,26.72M,-,-,-,22.27,4.31,116.17,-,-,-,12.85%,-,-20.77%,0.27,0.41%,"399,684"
IGCB,-,-,-,-,-,-,-,-,-,-,-,-,-,45.25,0.09%,12
IGD,498.45M,8.32,-,-,34.12,1.00,-,-,-,-,-,-,-,6.32,1.28%,"255,032"
IGE,-,-,-,-,-,-,-,-,-,-,-,-,-,58.45,0.65%,"86,549"
IGEB,-,-,-,-,-,-,-,-,-,-,-,-,-,44.54,0.23%,"411,696"
IGF,-,-,-,-,-,-,-,-,-,-,-,-,-,67.12,0.16%,"525,189"
IGGY,-,-,-,-,-,-,-,-,-,-,-,-,-,28.49,0.69%,8
IGHG,-,-,-,-,-,-,-,-,-,-,-,-,-,77.93,0.07%,"9,192"
IGI,96.40M,16.08,-,-,-,-,-,-,-,-,-,-,-,16.08,0.09%,"4,477"
IGIB,-,-,-,-,-,-,-,-,-,-,-,-,-,52.57,0.29%,"1,732,324"
IGIC,1.18B,9.99,8.84,-,2.30,1.75,-,-,-1.51%,10.13%,37.32%,-,10.92%,27.71,-2.87%,"141,553"
IGLB,-,-,-,-,-,-,-,-,-,-,-,-,-,48.73,0.19%,"2,010,494"
IGLD,-,-,-,-,-,-,-,-,-,-,-,-,-,20.83,1.36%,"195,506"
IGM,-,-,-,-,-,-,-,-,-,-,-,-,-,160.06,1.23%,"248,752"
IGME,-,-,-,-,-,-,-,-,-,-,-,-,-,23.41,1.67%,"1,295"
IGOV,-,-,-,-,-,-,-,-,-,-,-,-,-,40.79,0.53%,"154,906"
IGPT,-,-,-,-,-,-,-,-,-,-,-,-,-,96.37,1.95%,"69,715"
IGR,705.52M,38.83,-,-,17.27,1.04,-,-,-,-,-,-,-,4.66,1.30%,"370,069"
IGRO,-,-,-,-,-,-,-,-,-,-,-,-,-,89.43,0.40%,"14,613"
IGSB,-,-,-,-,-,-,-,-,-,-,-,-,-,52.13,0.17%,"1,723,980"
IGTR,-,-,-,-,-,-,-,-,-,-,-,-,-,33.30,0.00%,0
IGV,-,-,-,-,-,-,-,-,-,-,-,-,-,93.63,1.00%,"17,202,777"
IH,31.23M,7.30,-,-,0.28,0.52,0.20,-,-,-,-,-,7.82%,1.40,-1.41%,"6,576"
IHAK,-,-,-,-,-,-,-,-,-,-,-,-,-,65.28,4.18%,"696,511"
IHD,131.95M,3.05,-,-,-,-,-,-,-,-,-,-,-,7.44,0.54%,"27,467"
IHDG,-,-,-,-,-,-,-,-,-,-,-,-,-,52.25,0.21%,"81,527"
IHE,-,-,-,-,-,-,-,-,-,-,-,-,-,98.85,-1.14%,"107,336"
IHF,-,-,-,-,-,-,-,-,-,-,-,-,-,57.02,-0.82%,"314,692"
IHG,23.49B,32.50,24.52,1.82,4.52,-,20.75,27.10,13.85%,13.43%,-,13.46%,16.61%,158.74,-2.26%,"342,051"
IHI,-,-,-,-,-,-,-,-,-,-,-,-,-,49.22,-4.13%,"5,237,235"
IHRT,573.98M,-,95.00,-,0.15,-,4.25,-,95.51%,129.09%,25.23%,-,5.56%,3.80,-5.47%,"701,985"
IHS,2.75B,14.92,8.92,0.24,1.77,-,2.93,5.53,115.48%,1.66%,-,37.21%,2.43%,8.21,-0.12%,"747,522"
IHT,20.83M,-,-,-,2.75,5.49,520.66,-,-,-,1.73%,-,17.64%,1.73,-4.95%,"50,207"
IHY,-,-,-,-,-,-,-,-,-,-,-,-,-,21.59,0.47%,"26,611"
IIF,215.87M,-,-,-,121.00,0.82,-,-,-,-,-,-,-,22.86,-0.61%,"48,265"
IIGD,-,-,-,-,-,-,-,-,-,-,-,-,-,24.41,0.18%,"31,957"
III,188.01M,18.71,13.84,-,0.76,1.99,8.29,8.06,22.11%,22.41%,27.49%,-,-0.36%,3.93,-3.44%,"131,221"
IIIN,576.58M,13.66,12.84,-,0.84,1.58,38.21,86.70,-22.14%,41.28%,16.42%,-,6.51%,29.67,3.16%,"232,990"
IIIV,582.93M,126.18,16.41,1.64,2.69,1.35,81.64,13.32,8.35%,11.79%,-64.36%,9.98%,7.26%,20.87,-1.56%,"160,637"
IIM,605.26M,32.13,-,-,13.54,1.02,-,-,-,-,-,-,-,12.85,-0.70%,"100,415"
IINC,-,-,-,-,-,-,-,-,-,-,-,-,-,25.44,-0.27%,"19,009"
IIPR,1.85B,16.26,-,-,7.02,1.01,20.73,10.12,8.91%,-,3.76%,-,17.87%,63.72,-0.11%,"249,016"
IJAN,-,-,-,-,-,-,-,-,-,-,-,-,-,38.18,0.52%,"1,910"
IJH,-,-,-,-,-,-,-,-,-,-,-,-,-,75.57,0.44%,"7,270,901"
IJJ,-,-,-,-,-,-,-,-,-,-,-,-,-,146.78,0.27%,"119,964"
IJK,-,-,-,-,-,-,-,-,-,-,-,-,-,113.58,0.60%,"122,557"
IJR,-,-,-,-,-,-,-,-,-,-,-,-,-,145.38,0.27%,"2,445,815"
IJS,-,-,-,-,-,-,-,-,-,-,-,-,-,135.40,0.17%,"184,963"
IJT,-,-,-,-,-,-,-,-,-,-,-,-,-,173.27,0.42%,"73,413"
IJUL,-,-,-,-,-,-,-,-,-,-,-,-,-,36.07,0.52%,"275,786"
IJUN,-,-,-,-,-,-,-,-,-,-,-,-,-,31.25,0.47%,226
IKT,271.98M,-,-,-,-,1.62,1.60,-,12.76%,-4.09%,22.00%,6.39%,-,2.06,5.10%,"4,077,439"
ILAG,7.68M,-,-,-,1.71,1.58,11.82,-,-,-,-76.02%,-,-16.72%,3.70,-3.34%,"12,871"
ILCB,-,-,-,-,-,-,-,-,-,-,-,-,-,104.30,0.44%,"8,314"
ILCG,-,-,-,-,-,-,-,-,-,-,-,-,-,116.03,1.40%,"68,659"
ILCV,-,-,-,-,-,-,-,-,-,-,-,-,-,103.32,-0.52%,"14,630"
ILDR,-,-,-,-,-,-,-,-,-,-,-,-,-,38.49,1.37%,"46,197"
ILF,-,-,-,-,-,-,-,-,-,-,-,-,-,34.71,1.76%,"3,567,280"
ILIT,-,-,-,-,-,-,-,-,-,-,-,-,-,15.07,2.25%,"7,929"
ILLR,45.97M,-,-,-,2.10,-,3.80,-,-,-,-136.97%,-,-,2.31,8.45%,"309,535"
ILLU,386.86M,-,-,-,-,-,103.44,-,-,-,-,-,-,9.92,0.00%,15
ILMN,28.93B,34.70,32.34,2.69,6.59,10.86,25.05,29.70,8.05%,13.06%,4.22%,12.04%,6.02%,191.20,0.61%,"1,994,908"
ILOW,-,-,-,-,-,-,-,-,-,-,-,-,-,45.60,0.51%,"24,408"
ILPT,595.32M,-,-,-,1.31,1.24,3.20,11.95,28.00%,11.11%,-,-,12.01%,8.93,2.41%,"409,014"
ILS,-,-,-,-,-,-,-,-,-,-,-,-,-,19.75,-0.00%,"9,376"
ILTB,-,-,-,-,-,-,-,-,-,-,-,-,-,48.05,0.17%,"16,402"
IMA,71.10M,-,-,-,-,0.55,0.61,-,57.43%,25.18%,8.22%,25.70%,-38.64%,6.02,-1.47%,"3,836"
IMAR,-,-,-,-,-,-,-,-,-,-,-,-,-,30.58,0.77%,"17,081"
IMAX,2.11B,58.13,19.79,1.31,5.21,6.29,14.46,18.24,15.88%,15.75%,-,15.07%,24.52%,38.49,0.37%,"649,670"
IMAY,-,-,-,-,-,-,-,-,-,-,-,-,-,31.82,0.47%,"1,675"
IMCB,-,-,-,-,-,-,-,-,-,-,-,-,-,97.12,0.11%,"26,939"
IMCC,0.88M,-,-,-,0.02,-,1.06,-,-,-,43.53%,-,27.02%,0.14,-4.07%,"650,397"
IMCG,-,-,-,-,-,-,-,-,-,-,-,-,-,97.00,0.53%,"113,350"
IMCR,1.70B,-,-,-,4.12,4.35,2.01,-,117.06%,-471.70%,-,-,59.68%,33.47,3.02%,"994,364"
IMCV,-,-,-,-,-,-,-,-,-,-,-,-,-,93.75,-0.29%,"20,485"
IMDX,144.01M,-,-,-,73.85,-,4.98,-,49.39%,-1.80%,29.01%,21.77%,27.24%,4.46,-2.83%,"538,528"
IMF,-,-,-,-,-,-,-,-,-,-,-,-,-,51.45,0.05%,228
IMFL,-,-,-,-,-,-,-,-,-,-,-,-,-,33.80,1.35%,"18,331"
IMKTA,1.67B,16.29,-,-,0.31,1.01,4.00,11.08,-,-,-12.97%,-,2.96%,89.95,-0.84%,"86,272"
IMMP,63.78M,-,-,-,23.89,0.97,0.96,-,4.37%,49.00%,-4.46%,1.99%,-,0.43,-3.93%,"317,598"
IMMR,224.09M,-,-,-,0.13,0.76,1.22,21.49,773.68%,-,-,-,112.45%,6.77,0.00%,"658,503"
IMMX,760.31M,-,-,-,-,6.71,8.39,-,22.28%,-7.23%,-43.32%,24.70%,-,10.68,1.52%,"1,187,195"
IMNM,2.56B,-,-,-,637.99,4.34,4.39,-,12.73%,-1.59%,-7.71%,22.58%,-,22.59,-0.92%,"1,960,816"
IMNN,8.28M,-,-,-,-,2.30,1.73,-,55.05%,29.89%,44.66%,38.61%,-,1.97,0.51%,"18,843"
IMO,59.25B,29.00,15.38,1.92,1.80,3.63,80.36,21.23,49.81%,-15.58%,-,8.03%,16.10%,122.52,-0.91%,"517,227"
IMOM,-,-,-,-,-,-,-,-,-,-,-,-,-,42.26,2.01%,"17,831"
IMOS,2.26B,85.22,17.11,0.16,2.75,2.93,5.78,-,504.92%,40.93%,-27.36%,107.10%,-0.35%,64.47,-6.75%,"147,279"
IMPP,220.56M,3.19,2.27,-,1.16,0.39,1.04,2.27,69.10%,-10.68%,-,-,51.31%,4.94,1.02%,"135,550"
IMRA,-,-,-,-,-,-,-,-,-,-,-,-,-,15.86,0.25%,"2,819"
IMRN,10.01M,-,-,-,2.07,1.16,1.50,-,98.57%,-26.89%,-5.64%,-,22.82%,1.24,1.64%,"14,344"
IMRX,337.07M,-,-,-,-,1.63,2.15,-,12.32%,-19.70%,-13.77%,-0.91%,-,5.21,0.97%,"566,409"
IMSR,567.28M,-,-,-,-,1.97,2.06,-,-67.95%,-25.19%,-,-,-,5.36,-0.74%,"1,477,382"
IMST,-,-,-,-,-,-,-,-,-,-,-,-,-,7.43,4.21%,"14,212"
IMTB,-,-,-,-,-,-,-,-,-,-,-,-,-,43.23,0.28%,"33,998"
IMTE,1.76M,-,-,-,25.08,0.12,-,-,-,-,45.36%,-,-43.11%,0.51,3.89%,"17,253"
IMTG,-,-,-,-,-,-,-,-,-,-,-,-,-,48.85,0.39%,6
IMTM,-,-,-,-,-,-,-,-,-,-,-,-,-,52.56,1.19%,"251,299"
IMTX,1.25B,-,-,-,28.93,2.43,2.40,-,-5.56%,1.53%,18.43%,2.66%,8.86%,9.35,1.30%,"194,610"
IMUX,200.10M,-,-,-,-,1.32,1.07,-,29.30%,19.10%,25.99%,19.08%,-,14.69,0.34%,"176,204"
IMVP,-,-,-,-,-,-,-,-,-,-,-,-,-,20.03,-0.47%,"16,915"
IMVT,7.96B,-,-,-,-,9.27,8.82,-,4.34%,-0.30%,-17.75%,20.02%,-,38.77,0.18%,"762,110"
IMXI,417.11M,16.27,8.65,-,0.83,2.57,2.45,-,-26.78%,31.83%,4.21%,-9.47%,10.89%,13.86,-1.00%,"322,535"
INAB,13.59M,-,-,-,-,0.60,0.62,-,72.04%,14.57%,22.63%,45.30%,-,1.38,2.99%,"16,249"
INAC,151.69M,53.60,-,-,-,1.32,329.75,-,-,-,-,-,-,10.28,0.19%,"14,250"
INBK,230.74M,-,5.73,-,0.71,0.64,-,2.09,427.58%,113.60%,-,-,13.51%,26.47,1.15%,"24,924"
INBS,5.38M,-,-,-,1.38,0.50,0.78,-,82.90%,-51.46%,49.80%,41.23%,-,2.25,-2.17%,"107,741"
INBX,1.37B,-,-,-,1051.92,-,8.46,-,-2.16%,29.29%,-,23.96%,-,93.21,1.13%,"353,723"
INCE,-,-,-,-,-,-,-,-,-,-,-,-,-,67.22,-0.53%,"11,725"
INCM,-,-,-,-,-,-,-,-,-,-,-,-,-,29.02,-0.14%,"347,735"
INCO,-,-,-,-,-,-,-,-,-,-,-,-,-,58.56,-0.64%,"19,616"
INCR,58.64M,-,-,-,0.75,0.44,3.84,-,-,-,14.69%,-,32.88%,0.99,4.21%,"19,222"
INCY,22.95B,16.25,12.92,1.06,4.28,4.09,5.72,15.82,12.95%,15.77%,-,12.15%,14.03%,114.88,0.57%,"1,300,773"
IND,-,-,-,-,-,-,-,-,-,-,-,-,-,22.82,0.00%,269
INDA,-,-,-,-,-,-,-,-,-,-,-,-,-,48.73,-0.12%,"4,363,751"
INDB,4.06B,16.71,10.01,-,3.25,1.15,-,11.95,29.82%,14.88%,4.05%,-,18.59%,84.19,0.89%,"369,376"
INDE,-,-,-,-,-,-,-,-,-,-,-,-,-,29.31,0.33%,"1,035"
INDH,-,-,-,-,-,-,-,-,-,-,-,-,-,39.16,0.40%,"1,317"
INDI,946.19M,-,82.56,-,4.33,2.89,5.12,-,47.30%,131.95%,25.31%,-,57.25%,4.17,1.21%,"5,645,936"
INDL,-,-,-,-,-,-,-,-,-,-,-,-,-,43.80,-0.43%,"23,053"
INDO,45.24M,-,-,-,22.51,2.24,8.29,-,-,-,18.03%,-,0.32%,2.94,-2.00%,"397,127"
INDP,297.83M,-,-,-,-,238.66,198.55,-,-,-,36.34%,-,-,2.63,0.00%,"23,808"
INDQ,-,-,-,-,-,-,-,-,-,-,-,-,-,25.61,-0.03%,11
INDS,-,-,-,-,-,-,-,-,-,-,-,-,-,41.12,0.45%,"10,235"
INDV,4.90B,20.38,10.04,0.54,3.80,-,28.03,-,48.03%,8.32%,-,18.64%,13.88%,40.23,0.05%,"992,052"
INDY,-,-,-,-,-,-,-,-,-,-,-,-,-,42.88,-0.33%,"30,979"
INDZ,-,-,-,-,-,-,-,-,-,-,-,-,-,25.07,0.03%,6
INEO,11.51M,-,-,-,0.20,2.37,8.40,2.60,-,-,-,-,3.61%,0.71,-2.87%,"217,832"
INEQ,-,-,-,-,-,-,-,-,-,-,-,-,-,39.60,0.89%,"12,778"
INFH,-,-,-,-,-,-,-,-,-,-,-,-,-,6.39,6.50%,"147,871"
INFL,-,-,-,-,-,-,-,-,-,-,-,-,-,50.64,0.54%,"88,874"
INFO,-,-,-,-,-,-,-,-,-,-,-,-,-,27.54,0.58%,"12,991"
INFQ,2.28B,-,-,-,241.03,3.87,5.14,-,43.48%,6.07%,-,12.16%,-,10.45,3.16%,"7,994,172"
INFU,185.47M,24.40,16.86,-,1.30,3.16,87.90,8.06,37.10%,28.24%,-17.01%,-,8.05%,9.19,-1.18%,"86,031"
INFY,44.84B,13.67,12.85,2.95,2.22,4.57,11.10,11.59,1.76%,5.66%,5.69%,4.36%,8.36%,11.05,-3.91%,"23,874,982"
ING,94.21B,12.95,9.96,0.71,3.50,1.61,-,-,10.81%,17.31%,26.87%,14.07%,16.70%,32.75,1.39%,"3,208,572"
INGM,6.82B,19.37,8.00,0.66,0.13,1.62,7.36,5016.17,13.04%,12.31%,-12.57%,12.19%,1.36%,29.45,1.62%,"911,386"
INGN,171.38M,-,-,-,0.49,0.95,1.54,-,8.91%,40.43%,-26.38%,27.33%,2.48%,6.33,-3.21%,"221,185"
INGR,6.19B,9.46,8.56,2.63,0.86,1.41,6.75,13.79,-2.95%,6.20%,16.78%,3.25%,3.81%,98.20,-1.15%,"547,970"
INIO,23.11B,-,-,-,-,102.97,27.47,-,-,-,-,-,-,30.81,-2.44%,"6,059,679"
INKM,-,-,-,-,-,-,-,-,-,-,-,-,-,34.39,-0.06%,394
INKT,56.85M,-,-,-,-,-,5.96,-,6.31%,-4.01%,9.83%,-6.00%,-,11.41,2.33%,"11,736"
INLF,0.19M,-,-,-,0.01,0.00,0.03,-,-,-,-,-,-,2.81,-4.75%,"183,564"
INLX,24.27M,-,-,-,1.49,2.31,11.67,43.34,-,-,13.79%,-,14.98%,5.40,-5.26%,451
INM,5.17M,-,-,-,1.59,0.75,0.99,-,-,-,60.38%,-,-,1.56,-0.64%,"50,059"
INMB,53.70M,-,-,-,-,2.74,2.51,-,62.23%,-22.42%,-12.95%,35.46%,35.58%,2.02,8.60%,"1,043,791"
INMD,857.61M,10.93,10.31,-,2.29,1.43,1.60,9.46,-16.46%,8.27%,6.62%,-2.00%,12.44%,14.92,-1.52%,"601,291"
INMU,-,-,-,-,-,-,-,-,-,-,-,-,-,24.09,-0.04%,"138,438"
INN,793.07M,-,-,-,1.09,0.84,15.73,9.96,-59.09%,0.00%,31.80%,-,25.48%,6.54,-0.61%,"779,409"
INNV,1.58B,-,28.25,-,1.66,6.88,11.37,37.03,149.12%,280.24%,-,-,8.52%,11.61,3.02%,"356,473"
INO,95.44M,-,-,-,-,13.34,2.53,-,50.66%,56.92%,32.44%,-,-61.18%,1.16,0.00%,"975,258"
INOD,2.19B,60.55,38.85,-,7.74,17.09,18.68,35.38,17.34%,60.10%,107.13%,-,34.00%,67.14,-1.44%,"778,665"
INOV,-,-,-,-,-,-,-,-,-,-,-,-,-,36.83,0.57%,"258,095"
INQQ,-,-,-,-,-,-,-,-,-,-,-,-,-,13.04,-0.53%,"4,723"
INR,820.20M,4.48,3.24,0.15,1.92,1.34,11.24,-,34.32%,18.50%,-,22.24%,-,12.91,-1.90%,"269,203"
INRO,-,-,-,-,-,-,-,-,-,-,-,-,-,36.27,0.54%,"1,689"
INSE,186.99M,-,9.84,-,0.62,-,4.42,8.13,161.11%,101.09%,16.56%,-,8.76%,7.01,-3.84%,"104,691"
INSG,130.37M,12.82,12.52,-,0.77,-,6.76,11.22,-56.62%,333.90%,56.70%,-,-11.94%,8.01,-3.73%,"206,784"
INSM,23.87B,-,273.43,-,29.12,33.82,19.51,-,58.56%,115.14%,-16.32%,-,29.83%,110.11,0.89%,"1,848,330"
INSP,1.42B,10.99,39.69,-,1.55,1.79,4.99,14.64,-62.69%,37.14%,-,-8.40%,51.21%,49.15,-4.30%,"580,085"
INSW,4.36B,8.02,12.18,2.95,4.43,1.99,11.58,35.87,170.89%,-50.73%,-,4.13%,14.87%,88.12,2.26%,"508,954"
INT,-,-,-,-,-,-,-,-,-,-,-,-,-,22.85,7.61%,"2,022"
INTA,2.14B,-,17.91,0.64,3.82,6.67,14.54,16.71,31.00%,25.77%,25.28%,27.80%,21.96%,27.74,-2.87%,"628,277"
INTC,541.60B,-,67.61,0.84,10.07,4.86,16.52,-,158.94%,46.56%,-,80.37%,-7.46%,107.76,4.50%,"91,129,016"
INTF,-,-,-,-,-,-,-,-,-,-,-,-,-,41.30,0.78%,"336,725"
INTG,85.61M,-,-,-,1.19,-,4.65,12.34,-,-,-8.51%,-,2.10%,39.84,-6.48%,"163,182"
INTJ,5.96M,-,-,-,2.52,0.46,0.69,-,-,-,-,-,-4.93%,3.88,2.65%,"57,552"
INTL,-,-,-,-,-,-,-,-,-,-,-,-,-,30.42,1.13%,"15,090"
INTM,-,-,-,-,-,-,-,-,-,-,-,-,-,52.15,-0.08%,521
INTR,2.51B,9.62,5.74,0.23,0.85,1.29,-,4.01,28.60%,27.22%,159.41%,24.60%,59.62%,5.70,0.88%,"5,117,434"
INTS,13.16M,-,-,-,-,1.24,1.29,-,59.61%,1.76%,5.76%,16.24%,-,4.87,-1.02%,"53,339"
INTT,186.08M,317.13,23.38,0.19,1.54,1.78,11.87,-,677.78%,35.71%,-18.86%,124.62%,16.16%,14.81,2.70%,"171,651"
INTU,77.26B,17.10,10.31,0.67,3.69,3.75,11.39,10.01,18.26%,14.94%,14.60%,15.37%,19.65%,282.43,-2.53%,"5,302,564"
INTW,-,-,-,-,-,-,-,-,-,-,-,-,-,29.05,8.88%,"3,693,567"
INTZ,21.12M,-,-,-,3.40,5.11,15.42,-,8.70%,26.19%,44.88%,-,1.40%,0.93,-8.99%,"458,407"
INUV,20.40M,-,-,-,0.30,1.51,7.06,-,30.00%,-36.73%,17.88%,26.32%,14.07%,1.24,-1.59%,"234,025"
INV,381.98M,-,-,-,116.81,1.63,6.33,-,84.46%,51.04%,-,-,-,4.55,1.79%,"965,068"
INVA,1.60B,3.62,9.71,-,3.69,1.20,2.62,8.82,8.12%,-37.22%,10.35%,-14.67%,3.93%,21.74,-2.12%,"817,587"
INVE,71.30M,-,-,-,3.02,0.52,0.57,-,27.85%,15.20%,-18.08%,-,-24.39%,2.97,3.48%,"203,373"
INVG,-,-,-,-,-,-,-,-,-,-,-,-,-,25.17,0.26%,"3,979"
INVH,17.96B,53.19,41.80,-,6.39,1.98,48.15,20.53,-19.49%,-6.42%,18.79%,-6.15%,10.09%,30.23,0.40%,"5,448,330"
INVN,-,-,-,-,-,-,-,-,-,-,-,-,-,22.52,-1.65%,"1,551"
INVX,1.80B,34.43,13.13,0.51,1.84,1.71,8.95,12.32,42.37%,19.80%,-,25.84%,21.80%,25.72,0.86%,"220,144"
INVZ,134.80M,-,-,-,3.01,2.33,2.24,-,8.82%,24.73%,-44.20%,19.10%,-,0.63,7.46%,"1,295,289"
INYY,-,-,-,-,-,-,-,-,-,-,-,-,-,46.04,3.75%,"17,500"
IOCT,-,-,-,-,-,-,-,-,-,-,-,-,-,37.12,0.39%,"8,989"
ION,-,-,-,-,-,-,-,-,-,-,-,-,-,48.60,3.54%,"3,074"
IONC,-,-,-,-,-,-,-,-,-,-,-,-,-,12.84,1.37%,153
IONL,-,-,-,-,-,-,-,-,-,-,-,-,-,14.28,1.85%,"629,338"
IONQ,14.67B,-,-,-,78.38,2.95,7.21,-,79.52%,-397.41%,-69.38%,-4.61%,-,39.29,1.05%,"17,284,381"
IONR,294.87M,-,-,-,-,1.11,16.51,-,100.00%,-,5.18%,-,-,3.82,-2.80%,"47,506"
IONS,9.08B,-,-,-,8.58,18.54,4.59,-,-54.28%,51.71%,5.62%,-,5.29%,54.93,-3.21%,"4,700,265"
IONX,-,-,-,-,-,-,-,-,-,-,-,-,-,26.64,1.83%,"922,875"
IONZ,-,-,-,-,-,-,-,-,-,-,-,-,-,4.44,-1.99%,"14,067,679"
IOO,-,-,-,-,-,-,-,-,-,-,-,-,-,138.95,0.58%,"190,780"
IOPP,-,-,-,-,-,-,-,-,-,-,-,-,-,26.06,-0.35%,"32,970"
IOR,78.14M,19.48,-,-,-,0.62,-,-,-,-,-0.59%,-,-,19.22,0.50%,"6,577"
IOSP,2.01B,17.79,13.44,-,1.12,1.50,6.96,26.18,-9.30%,27.06%,32.14%,-,8.31%,81.64,-0.48%,"102,559"
IOSX,-,-,-,-,-,-,-,-,-,-,-,-,-,31.00,-1.64%,23
IOT,21.57B,380.02,40.71,1.52,12.46,14.26,26.71,91.81,26.79%,27.68%,48.51%,26.80%,45.30%,36.90,0.19%,"4,356,787"
IOTR,15.56M,-,-,-,1.36,3.82,8.84,-,-,-,-,-,41.08%,3.20,0.00%,"35,707"
IOVA,1.75B,-,-,-,6.15,2.39,5.60,-,49.60%,43.74%,10.23%,-,-,3.93,-2.72%,"13,351,020"
IOYY,-,-,-,-,-,-,-,-,-,-,-,-,-,7.36,0.00%,"12,470"
IP,19.33B,-,13.04,-,0.77,1.30,14.88,34.95,1830.26%,102.18%,-,-,6.12%,36.50,-1.35%,"5,414,285"
IPAC,-,-,-,-,-,-,-,-,-,-,-,-,-,83.06,1.23%,"84,378"
IPAR,3.77B,22.34,21.11,3.49,2.52,4.28,15.91,19.05,-7.06%,14.58%,34.12%,6.05%,22.53%,117.80,-0.57%,"526,698"
IPAV,-,-,-,-,-,-,-,-,-,-,-,-,-,31.49,0.97%,322
IPAY,-,-,-,-,-,-,-,-,-,-,-,-,-,48.38,-0.32%,"19,556"
IPCX,358.52M,158.54,-,-,-,1.45,431.96,-,-,-,-,-,-,10.40,0.10%,"50,413"
IPDN,5.91M,-,-,-,0.90,0.34,2.37,-,-,-,22.96%,-,7.99%,0.46,-13.46%,"161,038"
IPEX,157.19M,1815.53,-,-,-,1.50,15719.00,-,-,-,-,-,-,10.53,0.19%,"19,359"
IPFX,344.42M,-,-,-,-,1.42,158.72,-,-,-,-,-,-,10.21,-0.20%,"14,854"
IPGP,4.52B,156.87,49.67,0.93,4.34,2.14,5.56,-,74.04%,68.74%,-24.47%,53.48%,-3.52%,106.48,1.67%,"269,742"
IPHA,168.08M,-,-,-,53.70,-,4.17,-,19.67%,-9.28%,7.69%,8.98%,-45.26%,1.79,0.00%,"4,901"
IPI,479.69M,33.78,58.51,-,1.60,0.95,4.83,11.72,-5.06%,-55.36%,-,-,8.66%,35.71,0.22%,"180,663"
IPKW,-,-,-,-,-,-,-,-,-,-,-,-,-,58.45,0.73%,"29,463"
IPM,16.44M,-,14.00,-,0.67,1.36,2.03,-,146.67%,85.71%,-,-,12.97%,1.82,2.25%,"36,072"
IPO,-,-,-,-,-,-,-,-,-,-,-,-,-,55.44,-0.48%,"13,069"
IPOS,-,-,-,-,-,-,-,-,-,-,-,-,-,23.60,0.48%,347
IPSC,384.16M,-,-,-,-,1.45,2.84,-,-224.60%,3.16%,35.31%,-,-,2.13,-3.18%,"1,651,745"
IPST,1.86M,-,-,-,0.17,0.04,20.62,-,-,-,15.27%,-,5.12%,2.57,9.83%,"54,965"
IPVVU,200.04M,-,-,-,-,-,20004.00,-,-,-,-,-,-,9.94,0.00%,45
IPW,2.37M,-,-,-,0.07,0.02,0.81,5.14,-,-,-,-,10.62%,1.25,3.31%,"506,411"
IPWR,72.42M,-,-,-,2414.01,3.00,4.41,-,16.38%,17.53%,12.06%,15.09%,-38.48%,4.41,-5.57%,"409,956"
IPX,922.99M,-,-,-,-,7.92,14.02,-,-646.65%,72.87%,-49.42%,-,-,25.49,3.32%,"402,677"
IQ,615.47M,-,15.12,0.30,0.17,0.59,1.07,-,-115.82%,1232.89%,53.02%,50.88%,-2.48%,1.16,2.65%,"5,551,100"
IQDF,-,-,-,-,-,-,-,-,-,-,-,-,-,34.62,1.29%,"154,417"
IQDG,-,-,-,-,-,-,-,-,-,-,-,-,-,43.04,0.54%,"27,159"
IQDY,-,-,-,-,-,-,-,-,-,-,-,-,-,42.51,1.28%,"3,869"
IQHI,-,-,-,-,-,-,-,-,-,-,-,-,-,25.88,0.06%,898
IQI,543.65M,30.24,-,-,13.27,0.99,-,-,-,-,-,-,-,10.28,0.00%,"196,412"
IQLT,-,-,-,-,-,-,-,-,-,-,-,-,-,49.36,0.53%,"1,825,313"
IQM,-,-,-,-,-,-,-,-,-,-,-,-,-,111.44,2.19%,"14,303"
IQMM,-,-,-,-,-,-,-,-,-,-,-,-,-,100.06,-0.08%,"11,462,783"
IQMX,-,-,-,-,-,-,-,-,-,-,-,-,-,12.56,7.35%,"576,707"
IQQ,-,-,-,-,-,-,-,-,-,-,-,-,-,24.35,1.08%,"1,302,012"
IQQQ,-,-,-,-,-,-,-,-,-,-,-,-,-,49.25,1.08%,"38,976"
IQRA,-,-,-,-,-,-,-,-,-,-,-,-,-,30.68,0.34%,8
IQSI,-,-,-,-,-,-,-,-,-,-,-,-,-,38.15,0.73%,321
IQSM,-,-,-,-,-,-,-,-,-,-,-,-,-,39.26,0.46%,"1,068"
IQST,9.15M,-,-,-,0.03,0.48,3.52,-,75.87%,84.06%,18.80%,-,47.81%,0.95,-10.37%,"665,570"
IQSU,-,-,-,-,-,-,-,-,-,-,-,-,-,62.09,0.50%,"1,827"
IQSZ,-,-,-,-,-,-,-,-,-,-,-,-,-,31.67,0.74%,11
IQV,34.69B,25.76,14.71,1.54,2.09,5.58,16.49,16.39,7.45%,10.34%,40.52%,9.56%,7.50%,207.83,0.13%,"1,104,851"
IR,30.92B,53.25,20.51,2.59,3.97,3.04,24.26,26.64,5.01%,9.82%,-,7.92%,14.00%,79.01,0.57%,"3,511,484"
IRAB,227.90M,-,-,-,-,5.14,990.87,-,-,-,-,-,-,9.95,0.00%,14
IRD,293.94M,-,-,-,24.54,-,4.90,-,-40.86%,32.72%,31.49%,23.83%,-,3.56,-6.56%,"971,328"
IRDM,5.18B,49.28,35.93,2.24,5.91,11.03,46.37,16.98,8.73%,18.00%,-,16.07%,8.36%,48.86,0.56%,"1,117,880"
IRE,-,-,-,-,-,-,-,-,-,-,-,-,-,11.25,-2.26%,"6,094,395"
IREC,-,-,-,-,-,-,-,-,-,-,-,-,-,24.43,-,"10,462"
IREG,-,-,-,-,-,-,-,-,-,-,-,-,-,8.85,-2.21%,"729,380"
IREN,13.77B,132.89,182.17,2.03,27.59,7.21,9.08,-,-231.50%,142.39%,-,89.74%,171.29%,38.59,-1.00%,"35,274,535"
IREX,-,-,-,-,-,-,-,-,-,-,-,-,-,15.67,-2.79%,"852,614"
IREZ,-,-,-,-,-,-,-,-,-,-,-,-,-,9.77,2.25%,"3,840,728"
IRHO,294.37M,115.80,-,-,-,1.32,5887.46,-,-,-,-,-,-,10.04,0.10%,"6,006"
IRIX,18.62M,-,53.50,-,0.35,-,4.06,-,80.77%,140.00%,10.54%,-,7.70%,1.07,0.00%,"42,928"
IRM,36.49B,134.69,47.17,3.45,5.04,-,145.56,-,11.87%,9.65%,-16.38%,13.66%,10.72%,122.66,0.24%,"2,580,680"
IRMD,1.17B,49.93,38.93,3.29,13.58,11.89,20.79,47.89,7.51%,13.49%,73.89%,11.84%,21.45%,91.67,-6.16%,"176,010"
IROC,-,-,-,-,-,-,-,-,-,-,-,-,-,51.19,-0.03%,"2,276"
IRON,2.87B,-,-,-,-,4.16,3.92,-,-15.77%,-5.98%,25.96%,1.49%,-,75.01,-1.28%,"362,829"
IRS,1.30B,4.37,-,-,3.01,0.87,3.59,6.39,-,-,-9.40%,-,-22.50%,15.36,1.52%,"37,432"
IRT,4.00B,81.53,117.13,-,6.04,1.15,92.43,22.24,-44.61%,6.28%,9.08%,-19.44%,25.67%,16.55,-1.72%,"2,546,976"
IRTC,3.70B,-,101.86,-,4.69,22.94,6.73,197.26,99.42%,13912.50%,2.49%,-,23.02%,112.55,-5.17%,"540,722"
IRTR,-,-,-,-,-,-,-,-,-,-,-,-,-,31.85,0.35%,"18,496"
IRVH,-,-,-,-,-,-,-,-,-,-,-,-,-,19.14,-0.36%,13
IRWD,655.16M,6.66,3.22,0.03,1.81,-,2.97,5.84,690.00%,4.22%,-25.92%,111.05%,-5.33%,3.98,-5.46%,"2,118,770"
ISBA,287.95M,14.49,9.94,-,2.50,1.23,-,12.60,38.67%,11.27%,13.78%,-,7.50%,39.27,-0.48%,"32,934"
ISBG,-,-,-,-,-,-,-,-,-,-,-,-,-,11.90,7.02%,"6,123"
ISCB,-,-,-,-,-,-,-,-,-,-,-,-,-,74.27,0.28%,"1,288"
ISCF,-,-,-,-,-,-,-,-,-,-,-,-,-,43.77,0.85%,"22,011"
ISCG,-,-,-,-,-,-,-,-,-,-,-,-,-,63.52,0.53%,"23,052"
ISCV,-,-,-,-,-,-,-,-,-,-,-,-,-,78.29,-0.03%,"5,337"
ISD,424.47M,10.88,-,-,-,-,-,-,-,-,-,-,-,12.73,-0.24%,"92,328"
ISEP,-,-,-,-,-,-,-,-,-,-,-,-,-,34.77,0.41%,"2,754"
ISHG,-,-,-,-,-,-,-,-,-,-,-,-,-,74.31,0.48%,"29,563"
ISHP,-,-,-,-,-,-,-,-,-,-,-,-,-,34.55,0.47%,17
ISMD,-,-,-,-,-,-,-,-,-,-,-,-,-,49.10,0.16%,"13,216"
ISMF,-,-,-,-,-,-,-,-,-,-,-,-,-,28.08,0.22%,"3,987"
ISNRU,199.92M,-,-,-,-,334000.02,-,-,-,-,-,-,-,10.02,-0.59%,359
ISOU,668.10M,-,-,-,-,1.81,5.11,-,-,-,45.44%,-,-,10.28,4.47%,"63,714"
ISPC,3.64M,-,-,-,3.53,2.18,1.29,-,-,-,30.62%,-,-25.10%,2.39,2.14%,"234,160"
ISPR,100.44M,-,-,-,1.12,-,5.56,456.56,47.83%,91.67%,-,-,19.08%,1.75,-2.23%,"128,149"
ISPY,-,-,-,-,-,-,-,-,-,-,-,-,-,48.18,0.35%,"61,390"
ISRA,-,-,-,-,-,-,-,-,-,-,-,-,-,64.99,1.79%,"8,973"
ISRG,134.40B,46.03,32.07,2.20,12.70,7.70,29.55,47.42,16.95%,13.31%,21.79%,14.56%,18.22%,379.50,-6.78%,"5,748,074"
ISSB,-,-,-,-,-,-,-,-,-,-,-,-,-,17.75,5.31%,587
ISSC,328.69M,19.53,18.37,1.24,3.63,4.54,48.62,24.90,4.55%,8.70%,35.61%,14.76%,31.31%,18.37,0.11%,"244,471"
ISTB,-,-,-,-,-,-,-,-,-,-,-,-,-,48.04,0.18%,"288,573"
ISTM,-,-,-,-,-,-,-,-,-,-,-,-,-,29.11,1.28%,"8,984"
ISTR,402.50M,13.58,8.96,-,2.33,1.04,-,17.83,39.76%,4.49%,9.78%,-,7.72%,29.18,-1.82%,"223,841"
ISUL,-,-,-,-,-,-,-,-,-,-,-,-,-,15.31,-13.60%,"187,106"
ISVL,-,-,-,-,-,-,-,-,-,-,-,-,-,51.23,0.83%,"15,179"
ISWN,-,-,-,-,-,-,-,-,-,-,-,-,-,22.11,0.75%,"1,353"
IT,8.90B,13.14,8.66,0.82,1.38,142.40,5.34,7.08,3.84%,12.26%,26.62%,10.56%,9.65%,132.97,-5.90%,"1,741,161"
ITA,-,-,-,-,-,-,-,-,-,-,-,-,-,235.27,0.09%,"444,541"
ITAN,-,-,-,-,-,-,-,-,-,-,-,-,-,41.84,-0.74%,846
ITB,-,-,-,-,-,-,-,-,-,-,-,-,-,97.13,0.86%,"3,435,408"
ITDB,-,-,-,-,-,-,-,-,-,-,-,-,-,34.96,0.42%,"17,022"
ITDC,-,-,-,-,-,-,-,-,-,-,-,-,-,36.60,0.48%,"13,363"
ITDD,-,-,-,-,-,-,-,-,-,-,-,-,-,38.44,0.50%,"11,855"
ITDE,-,-,-,-,-,-,-,-,-,-,-,-,-,39.97,0.50%,"7,744"
ITDF,-,-,-,-,-,-,-,-,-,-,-,-,-,41.40,0.59%,"4,542"
ITDG,-,-,-,-,-,-,-,-,-,-,-,-,-,42.10,0.59%,"6,260"
ITDH,-,-,-,-,-,-,-,-,-,-,-,-,-,42.12,0.62%,"4,741"
ITDI,-,-,-,-,-,-,-,-,-,-,-,-,-,42.10,0.56%,"3,204"
ITDJ,-,-,-,-,-,-,-,-,-,-,-,-,-,32.73,0.61%,"7,933"
ITEQ,-,-,-,-,-,-,-,-,-,-,-,-,-,66.66,2.50%,"3,072"
ITG,632.63M,-,-,-,-,18.98,388.11,-,-,-,-,-,-,13.06,-1.43%,"211,028"
ITGR,3.17B,23.25,13.71,3.14,1.71,1.87,390.19,31.75,-4.96%,11.92%,4.37%,4.36%,11.47%,93.31,-3.19%,"450,235"
ITHA,304.83M,-,-,-,-,1.37,468.97,-,-,-,-,-,-,9.97,-0.50%,304
ITIC,526.22M,13.87,-,-,1.88,1.93,-,19.23,-,-,-2.24%,-,2.90%,278.72,-0.17%,"28,395"
ITM,-,-,-,-,-,-,-,-,-,-,-,-,-,46.66,0.02%,"155,665"
ITOC,5.57M,-,-,-,10.71,0.76,1.90,-,-,-,-,-,-7.12%,0.33,0.71%,"24,208"
ITOT,-,-,-,-,-,-,-,-,-,-,-,-,-,164.88,0.41%,"1,209,646"
ITP,2.95M,-,-,-,0.04,0.02,0.32,0.77,-,-,-,-,-8.40%,0.17,2.29%,"61,252"
ITRG,446.97M,62.08,3.87,0.11,1.80,1.74,4.21,-,25.72%,62.20%,58.05%,36.34%,-,2.21,3.27%,"1,436,285"
ITRI,3.70B,13.33,12.58,3.45,1.58,2.30,5.19,9.97,-15.94%,10.66%,-,3.65%,1.72%,83.46,0.08%,"298,432"
ITRN,1.10B,18.22,14.39,1.06,2.93,6.25,10.17,14.65,20.89%,8.64%,30.36%,13.59%,7.89%,55.20,-1.04%,"112,902"
ITT,17.43B,34.37,21.47,1.39,4.11,3.68,29.01,35.95,16.26%,16.19%,49.04%,15.41%,9.71%,194.93,0.22%,"812,343"
ITUB,46.20B,11.71,8.39,0.61,0.60,2.24,-,3.72,20.41%,11.31%,16.95%,13.67%,15.71%,8.55,0.94%,"14,810,623"
ITW,78.33B,25.28,22.47,3.20,4.83,24.26,94.72,28.60,7.78%,7.19%,9.62%,7.03%,4.99%,272.28,0.29%,"1,329,811"
ITWO,-,-,-,-,-,-,-,-,-,-,-,-,-,45.81,0.37%,"53,110"
IUS,-,-,-,-,-,-,-,-,-,-,-,-,-,66.78,-0.38%,"25,244"
IUSB,-,-,-,-,-,-,-,-,-,-,-,-,-,45.69,0.23%,"3,234,462"
IUSG,-,-,-,-,-,-,-,-,-,-,-,-,-,188.37,1.10%,"364,862"
IUSV,-,-,-,-,-,-,-,-,-,-,-,-,-,111.42,-0.41%,"513,972"
IVA,1.04B,-,-,-,212.13,-,8.91,-,65.75%,-15.55%,-13.59%,45.24%,64.18%,4.40,2.33%,"1,294,830"
IVAL,-,-,-,-,-,-,-,-,-,-,-,-,-,35.19,0.93%,"8,247"
IVDA,3.31M,-,-,-,0.62,0.56,0.58,-,-,-,15.03%,-,28.89%,0.29,4.12%,"168,988"
IVE,-,-,-,-,-,-,-,-,-,-,-,-,-,229.94,-0.41%,"652,258"
IVEP,-,-,-,-,-,-,-,-,-,-,-,-,-,26.75,1.25%,"36,465"
IVES,-,-,-,-,-,-,-,-,-,-,-,-,-,37.55,0.24%,"364,691"
IVF,2.02M,-,-,-,0.28,0.13,0.41,-,-,-,72.72%,-,45.83%,1.13,0.00%,"310,134"
IVLU,-,-,-,-,-,-,-,-,-,-,-,-,-,42.44,0.78%,"730,149"
IVOG,-,-,-,-,-,-,-,-,-,-,-,-,-,141.54,0.68%,"15,701"
IVOL,-,-,-,-,-,-,-,-,-,-,-,-,-,17.34,0.55%,"110,713"
IVOO,-,-,-,-,-,-,-,-,-,-,-,-,-,127.94,0.46%,"58,017"
IVOV,-,-,-,-,-,-,-,-,-,-,-,-,-,113.54,0.32%,"7,975"
IVR,751.87M,10.98,3.94,-,2.36,1.00,3.94,4.58,-11.60%,-1.00%,-,-4.06%,-,8.10,3.05%,"3,343,076"
IVRS,-,-,-,-,-,-,-,-,-,-,-,-,-,32.13,0.40%,67
IVSI,-,-,-,-,-,-,-,-,-,-,-,-,-,28.86,0.46%,265
IVSS,-,-,-,-,-,-,-,-,-,-,-,-,-,30.18,0.68%,"2,164"
IVSX,-,-,-,-,-,-,-,-,-,-,-,-,-,24.71,0.66%,327
IVT,2.77B,25.35,209.12,-,8.96,1.56,80.54,24.69,-88.20%,1.49%,-,-,7.52%,35.55,0.62%,"507,897"
IVV,-,-,-,-,-,-,-,-,-,-,-,-,-,755.12,0.34%,"4,372,635"
IVVB,-,-,-,-,-,-,-,-,-,-,-,-,-,34.82,0.27%,"30,542"
IVVD,235.92M,-,-,-,4.22,1.12,1.28,-,-40.00%,32.54%,12.29%,25.73%,-,0.80,1.69%,"1,717,619"
IVVM,-,-,-,-,-,-,-,-,-,-,-,-,-,37.22,0.30%,"5,967"
IVVW,-,-,-,-,-,-,-,-,-,-,-,-,-,44.66,0.43%,"30,969"
IVW,-,-,-,-,-,-,-,-,-,-,-,-,-,137.89,1.05%,"1,449,684"
IVZ,12.74B,-,8.95,0.40,1.88,1.31,7.46,7.21,36.44%,15.93%,-,22.10%,0.83%,28.73,1.16%,"4,108,874"
IWB,-,-,-,-,-,-,-,-,-,-,-,-,-,411.48,0.36%,"343,258"
IWC,-,-,-,-,-,-,-,-,-,-,-,-,-,193.95,0.24%,"46,187"
IWD,-,-,-,-,-,-,-,-,-,-,-,-,-,246.37,-0.50%,"1,062,394"
IWDL,-,-,-,-,-,-,-,-,-,-,-,-,-,64.10,-1.17%,539
IWF,-,-,-,-,-,-,-,-,-,-,-,-,-,123.23,1.35%,"3,933,460"
IWFG,-,-,-,-,-,-,-,-,-,-,-,-,-,54.34,1.36%,421
IWFL,-,-,-,-,-,-,-,-,-,-,-,-,-,59.80,2.71%,138
IWL,-,-,-,-,-,-,-,-,-,-,-,-,-,186.28,0.48%,"44,861"
IWLG,-,-,-,-,-,-,-,-,-,-,-,-,-,56.59,1.30%,"35,610"
IWM,-,-,-,-,-,-,-,-,-,-,-,-,-,294.51,0.35%,"18,326,950"
IWMI,-,-,-,-,-,-,-,-,-,-,-,-,-,52.89,0.42%,"317,470"
IWML,-,-,-,-,-,-,-,-,-,-,-,-,-,32.35,0.88%,8
IWMW,-,-,-,-,-,-,-,-,-,-,-,-,-,39.38,0.34%,"9,227"
IWMY,-,-,-,-,-,-,-,-,-,-,-,-,-,19.28,0.26%,"17,969"
IWN,-,-,-,-,-,-,-,-,-,-,-,-,-,219.60,-0.08%,"454,585"
IWO,-,-,-,-,-,-,-,-,-,-,-,-,-,381.96,0.79%,"396,981"
IWP,-,-,-,-,-,-,-,-,-,-,-,-,-,141.56,0.61%,"478,983"
IWR,-,-,-,-,-,-,-,-,-,-,-,-,-,109.80,0.02%,"1,087,405"
IWS,-,-,-,-,-,-,-,-,-,-,-,-,-,165.46,-0.14%,"268,448"
IWV,-,-,-,-,-,-,-,-,-,-,-,-,-,427.95,0.35%,"104,440"
IWX,-,-,-,-,-,-,-,-,-,-,-,-,-,107.32,-0.68%,"1,546,787"
IWY,-,-,-,-,-,-,-,-,-,-,-,-,-,288.76,1.44%,"351,901"
IX,44.17B,15.09,13.18,1.45,2.00,1.57,3.15,-,53.28%,-21.64%,12.57%,9.12%,-0.17%,40.21,1.85%,"243,626"
IXC,-,-,-,-,-,-,-,-,-,-,-,-,-,52.75,0.40%,"473,758"
IXG,-,-,-,-,-,-,-,-,-,-,-,-,-,130.19,0.57%,"112,944"
IXHL,1.10B,-,-,-,-,0.58,14.74,-,96.14%,6.71%,-136.42%,64.25%,-29.33%,3.17,-4.23%,"312,393"
IXJ,-,-,-,-,-,-,-,-,-,-,-,-,-,97.66,-1.56%,"166,114"
IXN,-,-,-,-,-,-,-,-,-,-,-,-,-,138.92,1.65%,"221,766"
IXP,-,-,-,-,-,-,-,-,-,-,-,-,-,118.11,0.45%,"18,408"
IXUS,-,-,-,-,-,-,-,-,-,-,-,-,-,94.56,1.06%,"1,447,133"
IYC,-,-,-,-,-,-,-,-,-,-,-,-,-,100.41,-0.39%,"102,547"
IYE,-,-,-,-,-,-,-,-,-,-,-,-,-,60.50,0.38%,"928,582"
IYF,-,-,-,-,-,-,-,-,-,-,-,-,-,133.64,0.26%,"202,711"
IYG,-,-,-,-,-,-,-,-,-,-,-,-,-,94.60,0.64%,"75,791"
IYH,-,-,-,-,-,-,-,-,-,-,-,-,-,66.74,-1.85%,"511,333"
IYJ,-,-,-,-,-,-,-,-,-,-,-,-,-,163.30,0.23%,"106,123"
IYK,-,-,-,-,-,-,-,-,-,-,-,-,-,73.09,-1.47%,"176,335"
IYLD,-,-,-,-,-,-,-,-,-,-,-,-,-,22.12,0.32%,"12,808"
IYM,-,-,-,-,-,-,-,-,-,-,-,-,-,177.79,0.58%,"34,214"
IYR,-,-,-,-,-,-,-,-,-,-,-,-,-,103.59,-0.31%,"4,143,539"
IYRI,-,-,-,-,-,-,-,-,-,-,-,-,-,49.69,-0.22%,"86,911"
IYT,-,-,-,-,-,-,-,-,-,-,-,-,-,87.62,-0.48%,"375,543"
IYW,-,-,-,-,-,-,-,-,-,-,-,-,-,248.19,1.40%,"331,051"
IYY,-,-,-,-,-,-,-,-,-,-,-,-,-,183.16,0.33%,"11,978"
IYZ,-,-,-,-,-,-,-,-,-,-,-,-,-,41.55,-0.22%,"723,364"
IZEA,63.05M,-,-,-,2.11,1.29,1.36,-,-,-,-,-,11.70%,3.60,0.84%,"11,223"
IZM,3.32M,2.59,-,-,0.02,0.21,0.40,1.23,-,-,12.53%,-,2.51%,0.28,-0.18%,"124,552"
IZRL,-,-,-,-,-,-,-,-,-,-,-,-,-,30.60,0.39%,"3,652"
J,15.26B,39.82,15.61,1.03,1.16,4.64,10.25,31.53,18.42%,14.29%,-3.70%,15.15%,-2.27%,129.26,2.15%,"1,096,595"
JA,-,-,-,-,-,-,-,-,-,-,-,-,-,50.15,0.00%,"11,169"
JAAA,-,-,-,-,-,-,-,-,-,-,-,-,-,50.54,-0.06%,"8,767,335"
JABRU,176.50M,-,-,-,-,201600.00,-,-,-,-,-,-,-,10.08,0.00%,198
JABS,-,-,-,-,-,-,-,-,-,-,-,-,-,49.81,-0.05%,598
JACK,289.92M,3.52,4.27,-,0.23,-,4.18,13.24,-23.10%,4.29%,-,-4.68%,7.48%,15.20,0.53%,"554,375"
JACS,257.00M,35.88,-,-,-,1.30,658.97,-,-,-,-,-,-,10.74,0.00%,7
JADB,-,-,-,-,-,-,-,-,-,-,-,-,-,25.83,0.25%,6
JADE,-,-,-,-,-,-,-,-,-,-,-,-,-,77.56,1.61%,575
JAGU,33.92M,-,-,-,-,1.78,2.35,-,-,-,-,-,-,1.68,4.35%,"48,033"
JAGX,10.54M,-,-,-,0.36,-,1.05,-,-,-,85.33%,-,4.17%,2.17,-3.56%,"17,307"
JAJL,-,-,-,-,-,-,-,-,-,-,-,-,-,30.02,0.20%,"18,483"
JAKK,260.93M,33.15,6.97,-,0.46,1.08,3.81,14.07,36.73%,47.63%,-,-,2.04%,22.80,0.71%,"51,730"
JAN,8.52B,-,85.20,0.66,-,2.56,8.21,-,452.57%,56.97%,-,129.34%,-,29.56,1.48%,"689,091"
JANB,-,-,-,-,-,-,-,-,-,-,-,-,-,27.41,0.24%,"9,883"
JANH,-,-,-,-,-,-,-,-,-,-,-,-,-,24.83,0.16%,"2,721"
JANI,-,-,-,-,-,-,-,-,-,-,-,-,-,25.71,0.53%,63
JANJ,-,-,-,-,-,-,-,-,-,-,-,-,-,24.78,0.08%,359
JANM,-,-,-,-,-,-,-,-,-,-,-,-,-,33.97,0.07%,"25,481"
JANP,-,-,-,-,-,-,-,-,-,-,-,-,-,34.93,0.25%,"2,969"
JANT,-,-,-,-,-,-,-,-,-,-,-,-,-,44.27,0.29%,"1,085"
JANU,-,-,-,-,-,-,-,-,-,-,-,-,-,30.24,0.35%,"6,619"
JANW,-,-,-,-,-,-,-,-,-,-,-,-,-,38.87,0.18%,"160,174"
JANX,962.34M,-,-,-,70.09,1.02,1.01,-,6.83%,-57.36%,-62.26%,-20.92%,-,15.78,-2.23%,"847,319"
JANZ,-,-,-,-,-,-,-,-,-,-,-,-,-,41.15,0.38%,769
JAPN,-,-,-,-,-,-,-,-,-,-,-,-,-,24.82,0.47%,"2,351"
JATT,87.20M,-,-,-,-,-,-,-,-,-,-,-,-,10.76,0.56%,"3,611"
JAVA,-,-,-,-,-,-,-,-,-,-,-,-,-,80.07,-0.56%,"317,326"
JAZZ,14.95B,-,9.24,0.18,3.37,3.29,5.20,11.78,202.63%,1.63%,-,52.44%,12.54%,238.05,0.46%,"747,011"
JBBB,-,-,-,-,-,-,-,-,-,-,-,-,-,47.44,0.16%,"232,356"
JBDI,-,-,-,-,-,-,-,-,-,-,-,-,-,1.41,12.80%,"40,756"
JBGS,1.09B,-,-,-,2.16,0.75,9.51,-,-,-,-33.66%,-,-3.72%,14.66,0.41%,"426,353"
JBHT,26.49B,43.48,29.13,1.23,2.18,7.37,5808.29,25.67,22.50%,28.60%,5.26%,23.61%,4.48%,280.87,-0.75%,"830,561"
JBI,731.07M,17.33,8.32,-,0.82,1.31,6.53,7.00,-13.02%,23.51%,-,-6.62%,-,5.36,3.28%,"1,044,834"
JBIO,1.30B,-,-,-,-,3.55,4.17,-,17.72%,0.49%,21.92%,7.01%,-,21.34,0.19%,"1,218,118"
JBL,34.25B,40.79,19.55,0.72,1.02,25.89,25.18,26.22,30.83%,31.04%,76.36%,27.29%,1.79%,326.82,1.51%,"818,323"
JBLG,-,-,-,-,-,-,-,-,-,-,-,-,-,13.82,2.59%,608
JBLU,1.98B,-,-,-,0.22,1.10,0.87,-,-34.68%,76.38%,19.37%,-,25.10%,5.33,-4.82%,"31,261,491"
JBND,-,-,-,-,-,-,-,-,-,-,-,-,-,52.98,0.25%,"989,607"
JBS,12.64B,7.06,7.50,2.97,0.14,1.46,3.66,-,-27.37%,14.97%,23.07%,2.52%,10.43%,11.83,0.25%,"2,806,038"
JBSS,989.41M,14.84,14.78,2.67,0.85,2.55,766.98,20.24,-,-,1.40%,5.53%,4.70%,84.66,-2.20%,"110,923"
JBTM,7.13B,42.75,14.63,0.71,1.84,1.59,30.85,21.57,29.23%,12.94%,-,20.62%,17.05%,136.85,-1.68%,"585,289"
JCAL,-,-,-,-,-,-,-,-,-,-,-,-,-,50.00,-0.12%,"16,106"
JCAP,1.16B,6.87,6.46,-,1.82,2.35,25.34,3.76,-20.59%,5.23%,-,-,-,18.76,-0.58%,"408,218"
JCE,280.03M,6.10,-,-,-,-,-,-,-,-,-,-,-,16.47,0.18%,"24,718"
JCHI,-,-,-,-,-,-,-,-,-,-,-,-,-,53.51,1.77%,593
JCI,88.61B,25.98,25.21,1.20,3.63,6.56,125.87,64.87,30.21%,17.67%,26.74%,20.95%,1.12%,145.24,0.91%,"3,944,612"
JCPB,-,-,-,-,-,-,-,-,-,-,-,-,-,46.46,0.26%,"2,025,912"
JCPI,-,-,-,-,-,-,-,-,-,-,-,-,-,47.68,0.10%,"33,528"
JCSE,6.66M,2.76,-,-,0.43,0.46,0.86,4.63,-,-,41.08%,-,0.03%,1.33,2.31%,"6,374"
JCTC,9.33M,-,-,-,0.22,0.60,16.96,-,-,-,-,-,-1.68%,2.65,3.52%,"27,242"
JD,34.99B,21.95,6.80,0.27,0.19,1.46,1.12,-,23.84%,30.15%,-17.65%,25.49%,11.00%,28.84,-0.14%,"4,912,138"
JDIV,-,-,-,-,-,-,-,-,-,-,-,-,-,56.54,0.30%,452
JDOC,-,-,-,-,-,-,-,-,-,-,-,-,-,59.68,-1.51%,264
JDST,-,-,-,-,-,-,-,-,-,-,-,-,-,40.72,-6.13%,"381,370"
JDVI,-,-,-,-,-,-,-,-,-,-,-,-,-,38.69,0.46%,"16,095"
JDVL,-,-,-,-,-,-,-,-,-,-,-,-,-,31.66,0.60%,"49,424"
JEDI,-,-,-,-,-,-,-,-,-,-,-,-,-,25.21,2.56%,"128,056"
JEF,10.45B,15.04,11.28,0.47,0.89,1.04,0.68,1.32,25.78%,34.37%,1.47%,24.03%,5.32%,53.96,2.61%,"1,484,143"
JELD,105.97M,-,-,-,0.03,8.70,2.02,-,17.83%,70.87%,-,-,-5.39%,1.23,5.13%,"712,676"
JELH,-,-,-,-,-,-,-,-,-,-,-,-,-,25.30,-0.17%,"2,196"
JELM,-,-,-,-,-,-,-,-,-,-,-,-,-,25.33,0.14%,"4,660"
JEM,-,-,-,-,-,-,-,-,-,-,-,-,-,6.05,0.17%,"391,668"
JEMA,-,-,-,-,-,-,-,-,-,-,-,-,-,61.18,1.67%,"36,441"
JEMB,-,-,-,-,-,-,-,-,-,-,-,-,-,53.49,0.44%,662
JENA,302.50M,-,-,-,-,1.35,403.33,-,-,-,-,-,-,10.44,0.00%,129
JEPI,-,-,-,-,-,-,-,-,-,-,-,-,-,56.58,-0.32%,"4,098,185"
JEPQ,-,-,-,-,-,-,-,-,-,-,-,-,-,60.19,1.01%,"9,480,090"
JETD,-,-,-,-,-,-,-,-,-,-,-,-,-,2.52,1.33%,"125,352"
JETS,-,-,-,-,-,-,-,-,-,-,-,-,-,30.85,-1.19%,"2,445,444"
JETU,-,-,-,-,-,-,-,-,-,-,-,-,-,35.38,-1.85%,"4,234"
JF,16.74M,-,-,-,3.40,-,3.54,-,-,-,56.32%,-,-50.66%,0.98,-1.70%,"1,275"
JFB,79.73M,-,-,-,2.14,2.84,11.86,-,-,-,-,-,-,4.55,-3.40%,"219,820"
JFIN,69.91M,1.11,-,-,0.10,0.23,1.12,-,-,-,43.25%,-,35.66%,2.76,-5.80%,"53,025"
JFLI,-,-,-,-,-,-,-,-,-,-,-,-,-,53.72,0.44%,"14,225"
JFLX,-,-,-,-,-,-,-,-,-,-,-,-,-,50.02,-0.02%,"112,334"
JFR,1.24B,22.74,-,-,7.01,0.91,-,-,-,-,-,-,-,7.73,0.39%,"495,136"
JFU,20.93M,1.23,-,-,0.32,0.05,0.19,-,-,-,-,-,-19.70%,2.40,4.35%,"1,456"
JG,18.03M,41.03,-,-,0.34,2.49,0.88,-,-,-,-,-,-5.26%,3.82,-9.05%,"33,339"
JGH,354.67M,10.69,-,-,-,-,-,-,-,-,-,-,-,12.61,0.16%,"105,925"
JGLO,-,-,-,-,-,-,-,-,-,-,-,-,-,71.88,0.62%,"28,484"
JGRO,-,-,-,-,-,-,-,-,-,-,-,-,-,96.39,1.63%,"321,859"
JGRW,-,-,-,-,-,-,-,-,-,-,-,-,-,27.33,-0.40%,"33,330"
JHAC,-,-,-,-,-,-,-,-,-,-,-,-,-,15.14,-0.33%,46
JHAI,-,-,-,-,-,-,-,-,-,-,-,-,-,34.35,1.63%,"7,223"
JHCB,-,-,-,-,-,-,-,-,-,-,-,-,-,21.01,0.17%,"9,244"
JHCP,-,-,-,-,-,-,-,-,-,-,-,-,-,24.87,0.10%,"120,921"
JHCR,-,-,-,-,-,-,-,-,-,-,-,-,-,25.11,0.44%,"22,453"
JHDG,-,-,-,-,-,-,-,-,-,-,-,-,-,27.51,0.68%,12
JHDV,-,-,-,-,-,-,-,-,-,-,-,-,-,46.83,0.17%,19
JHEM,-,-,-,-,-,-,-,-,-,-,-,-,-,38.98,1.76%,"7,357"
JHHY,-,-,-,-,-,-,-,-,-,-,-,-,-,25.62,0.24%,"3,083"
JHI,116.30M,8.64,-,-,7.56,0.91,-,-,-,-,-,-,-,13.30,-0.19%,830
JHID,-,-,-,-,-,-,-,-,-,-,-,-,-,42.48,0.84%,313
JHLN,-,-,-,-,-,-,-,-,-,-,-,-,-,24.65,-0.12%,"13,625"
JHMB,-,-,-,-,-,-,-,-,-,-,-,-,-,21.83,0.32%,"41,454"
JHMD,-,-,-,-,-,-,-,-,-,-,-,-,-,44.69,0.70%,"40,501"
JHML,-,-,-,-,-,-,-,-,-,-,-,-,-,89.34,0.28%,"76,513"
JHMM,-,-,-,-,-,-,-,-,-,-,-,-,-,73.95,0.16%,"168,040"
JHMU,-,-,-,-,-,-,-,-,-,-,-,-,-,26.22,0.11%,617
JHPI,-,-,-,-,-,-,-,-,-,-,-,-,-,22.71,0.04%,"50,178"
JHS,127.65M,14.05,-,-,10.25,0.90,-,-,-,-,-,-,-,10.96,-0.27%,"2,558"
JHSC,-,-,-,-,-,-,-,-,-,-,-,-,-,48.05,0.48%,"44,493"
JHX,14.96B,119.85,17.71,1.09,3.09,2.33,27.56,74.16,9.21%,22.29%,-20.29%,16.30%,10.70%,25.78,6.13%,"8,812,237"
JIDE,-,-,-,-,-,-,-,-,-,-,-,-,-,50.37,0.95%,51
JIG,-,-,-,-,-,-,-,-,-,-,-,-,-,83.29,1.17%,"15,369"
JIII,-,-,-,-,-,-,-,-,-,-,-,-,-,49.77,0.26%,"10,294"
JILL,236.83M,11.60,6.47,-,0.40,1.91,6.46,12.14,-16.89%,20.71%,-,-,6.93%,15.84,-0.75%,"98,394"
JIRE,-,-,-,-,-,-,-,-,-,-,-,-,-,82.37,0.65%,"591,229"
JIVE,-,-,-,-,-,-,-,-,-,-,-,-,-,93.64,1.12%,"343,651"
JJSF,1.42B,25.38,17.26,9.81,0.91,1.61,23.75,15.81,-7.18%,10.60%,28.39%,1.76%,9.15%,75.67,-1.21%,"229,736"
JKHY,10.33B,20.33,20.07,2.49,4.11,4.85,502.12,14.20,9.79%,5.74%,10.10%,8.07%,6.96%,145.37,-3.56%,"1,603,144"
JKS,781.54M,-,16.18,-,0.09,0.34,0.17,-,65.73%,131.51%,-,-,12.35%,15.55,1.97%,"455,063"
JL,22.95M,68.77,-,-,4.19,10.72,15.72,-,-,-,2.52%,-,13.39%,6.10,0.00%,"28,927"
JLHL,169.44M,46.55,-,-,4.85,17.27,19.39,-,-,-,-,-,-,7.90,-4.70%,"2,009,101"
JLL,14.59B,16.90,11.97,0.73,0.55,1.99,28.79,14.18,22.45%,14.10%,16.32%,16.39%,9.50%,314.39,-2.35%,"446,891"
JLQD,-,-,-,-,-,-,-,-,-,-,-,-,-,40.79,0.15%,95
JLS,96.33M,10.11,-,-,-,-,-,-,-,-,-,-,-,17.59,0.69%,"31,892"
JMBS,-,-,-,-,-,-,-,-,-,-,-,-,-,44.76,0.40%,"585,013"
JMEE,-,-,-,-,-,-,-,-,-,-,-,-,-,76.36,0.39%,"95,035"
JMHI,-,-,-,-,-,-,-,-,-,-,-,-,-,50.17,0.18%,"23,377"
JMIA,848.37M,-,-,-,4.16,64.90,13.56,-,43.33%,83.82%,26.31%,-,3.39%,6.85,2.09%,"764,596"
JMID,-,-,-,-,-,-,-,-,-,-,-,-,-,31.14,0.37%,572
JMM,54.98M,11.62,-,-,11.53,0.88,-,-,-,-,-,-,-,5.81,0.00%,"2,317"
JMMF,-,-,-,-,-,-,-,-,-,-,-,-,-,100.12,0.00%,"19,479"
JMOM,-,-,-,-,-,-,-,-,-,-,-,-,-,83.31,0.81%,"75,341"
JMSB,307.65M,13.76,10.41,-,2.64,1.15,-,12.86,23.15%,14.17%,1.98%,-,9.23%,21.80,-0.59%,"29,077"
JMSI,-,-,-,-,-,-,-,-,-,-,-,-,-,50.06,0.15%,"19,689"
JMST,-,-,-,-,-,-,-,-,-,-,-,-,-,50.93,0.00%,"1,517,343"
JMTG,-,-,-,-,-,-,-,-,-,-,-,-,-,50.21,0.08%,"308,852"
JMUB,-,-,-,-,-,-,-,-,-,-,-,-,-,50.34,-0.02%,"752,506"
JNEU,-,-,-,-,-,-,-,-,-,-,-,-,-,33.26,0.30%,"2,811"
JNJ,611.07B,29.35,19.82,2.10,6.34,7.52,27.71,34.36,7.39%,10.52%,14.90%,9.45%,2.67%,253.85,-1.52%,"8,770,569"
JNK,-,-,-,-,-,-,-,-,-,-,-,-,-,95.90,0.15%,"2,297,209"
JNUG,-,-,-,-,-,-,-,-,-,-,-,-,-,119.65,6.31%,"258,816"
JOB,23.18M,-,-,-,0.26,0.46,1.14,32.65,-,-,19.56%,-,-5.76%,0.21,0.43%,"92,226"
JOBC,-,-,-,-,-,-,-,-,-,-,-,-,-,24.14,10.30%,6
JOBX,-,-,-,-,-,-,-,-,-,-,-,-,-,13.80,10.31%,"74,468"
JOBY,7.76B,-,-,-,99.92,3.95,3.15,-,28.01%,1.35%,-0.49%,15.08%,-,7.89,5.48%,"49,054,520"
JOE,3.48B,31.23,-,-,6.71,4.54,25.50,17.46,-,-,21.10%,-,26.17%,60.54,-0.21%,"244,786"
JOET,-,-,-,-,-,-,-,-,-,-,-,-,-,45.70,0.40%,"11,232"
JOF,330.09M,2.30,-,-,34.61,0.84,-,-,-,-,-,-,-,11.65,0.00%,"70,226"
JOJO,-,-,-,-,-,-,-,-,-,-,-,-,-,15.16,-0.03%,"11,802"
JONEU,271.19M,-,-,-,-,-,-,-,-,-,-,-,-,9.93,-,"7,280,543"
JOUL,-,-,-,-,-,-,-,-,-,-,-,-,-,24.50,1.81%,"26,561"
JOUT,464.14M,-,19.06,-,0.71,1.11,4.30,18.58,122.39%,213.33%,-,-,-0.06%,44.78,1.20%,"36,991"
JOYT,-,-,-,-,-,-,-,-,-,-,-,-,-,57.81,0.40%,"1,626"
JOYY,2.37B,16.13,11.02,1.05,1.08,0.54,2.07,-,1.52%,17.32%,-24.59%,10.48%,2.08%,69.71,-0.06%,"173,473"
JPAN,-,-,-,-,-,-,-,-,-,-,-,-,-,42.52,1.11%,"3,967"
JPC,2.96B,8.76,-,-,11.01,0.97,-,-,-,-,-,-,-,7.88,0.38%,"904,678"
JPEF,-,-,-,-,-,-,-,-,-,-,-,-,-,80.93,0.72%,"279,510"
JPEM,-,-,-,-,-,-,-,-,-,-,-,-,-,63.50,0.93%,"4,542"
JPFP,-,-,-,-,-,-,-,-,-,-,-,-,-,49.81,0.60%,971
JPHY,-,-,-,-,-,-,-,-,-,-,-,-,-,50.19,0.13%,"14,933"
JPIB,-,-,-,-,-,-,-,-,-,-,-,-,-,48.01,-0.05%,"125,206"
JPIE,-,-,-,-,-,-,-,-,-,-,-,-,-,45.86,0.20%,"1,775,507"
JPIN,-,-,-,-,-,-,-,-,-,-,-,-,-,73.34,0.78%,"3,568"
JPLD,-,-,-,-,-,-,-,-,-,-,-,-,-,51.96,0.12%,"490,198"
JPM,918.78B,16.42,14.32,1.56,3.23,2.67,-,6.19,14.95%,4.04%,17.66%,9.17%,17.27%,342.89,2.50%,"14,537,940"
JPMB,-,-,-,-,-,-,-,-,-,-,-,-,-,39.83,0.14%,"14,935"
JPME,-,-,-,-,-,-,-,-,-,-,-,-,-,124.27,-0.04%,"9,688"
JPO,-,-,-,-,-,-,-,-,-,-,-,-,-,14.50,1.91%,"29,173"
JPRE,-,-,-,-,-,-,-,-,-,-,-,-,-,53.06,-0.07%,"14,230"
JPRF,-,-,-,-,-,-,-,-,-,-,-,-,-,50.13,-0.06%,"176,541"
JPSE,-,-,-,-,-,-,-,-,-,-,-,-,-,59.49,0.18%,"16,314"
JPST,-,-,-,-,-,-,-,-,-,-,-,-,-,50.47,0.06%,"4,741,689"
JPSV,-,-,-,-,-,-,-,-,-,-,-,-,-,68.62,0.09%,254
JPUS,-,-,-,-,-,-,-,-,-,-,-,-,-,140.49,-0.20%,"3,128"
JPXN,-,-,-,-,-,-,-,-,-,-,-,-,-,100.17,0.96%,"3,843"
JPY,-,-,-,-,-,-,-,-,-,-,-,-,-,37.75,0.96%,"2,488"
JQC,711.00M,17.18,-,-,6.66,0.88,-,-,-,-,-,-,-,4.81,0.21%,"887,939"
JQUA,-,-,-,-,-,-,-,-,-,-,-,-,-,72.33,0.25%,"422,784"
JRE,-,-,-,-,-,-,-,-,-,-,-,-,-,27.58,-0.08%,16
JRI,361.77M,7.49,-,-,-,-,-,-,-,-,-,-,-,13.18,1.07%,"147,009"
JRS,245.87M,-,-,-,18.04,1.04,-,-,-,-,-,-,-,8.51,-0.70%,"56,727"
JRSH,57.40M,16.86,10.04,0.33,0.35,0.89,5.33,-,42.59%,16.88%,-6.05%,30.50%,13.01%,4.52,-4.44%,"86,816"
JRVR,210.37M,14.83,4.70,0.57,0.32,0.41,-,7.43,-19.38%,16.32%,33.36%,8.30%,0.56%,4.55,-0.66%,"169,103"
JSCP,-,-,-,-,-,-,-,-,-,-,-,-,-,46.92,0.15%,"978,002"
JSI,-,-,-,-,-,-,-,-,-,-,-,-,-,51.21,0.12%,"137,778"
JSMD,-,-,-,-,-,-,-,-,-,-,-,-,-,96.84,0.92%,"86,772"
JSML,-,-,-,-,-,-,-,-,-,-,-,-,-,89.94,1.13%,"20,029"
JSPR,20.25M,-,-,-,-,5.95,1.43,-,77.52%,-47.40%,48.97%,40.26%,-,0.72,18.90%,"3,126,983"
JSTC,-,-,-,-,-,-,-,-,-,-,-,-,-,22.63,0.66%,"21,220"
JTAI,6.93M,0.06,-,-,0.94,0.09,0.51,-,-,-,-,-,-,4.87,-15.01%,"1,341,072"
JTEK,-,-,-,-,-,-,-,-,-,-,-,-,-,103.93,2.45%,"659,427"
JTNY,-,-,-,-,-,-,-,-,-,-,-,-,-,49.84,-0.09%,"51,723"
JUCY,-,-,-,-,-,-,-,-,-,-,-,-,-,22.00,0.27%,"55,645"
JUDB,-,-,-,-,-,-,-,-,-,-,-,-,-,25.94,0.22%,452
JUDO,-,-,-,-,-,-,-,-,-,-,-,-,-,27.97,0.62%,"2,008"
JULB,-,-,-,-,-,-,-,-,-,-,-,-,-,27.68,0.22%,"10,285"
JULC,-,-,-,-,-,-,-,-,-,-,-,-,-,25.30,0.59%,6
JULH,-,-,-,-,-,-,-,-,-,-,-,-,-,24.89,0.19%,"1,298"
JULI,-,-,-,-,-,-,-,-,-,-,-,-,-,24.99,0.54%,"1,503"
JULJ,-,-,-,-,-,-,-,-,-,-,-,-,-,24.77,0.18%,12
JULM,-,-,-,-,-,-,-,-,-,-,-,-,-,34.67,0.00%,570
JULP,-,-,-,-,-,-,-,-,-,-,-,-,-,32.78,0.24%,"12,281"
JULT,-,-,-,-,-,-,-,-,-,-,-,-,-,47.98,0.33%,"118,031"
JULU,-,-,-,-,-,-,-,-,-,-,-,-,-,32.19,0.33%,"26,538"
JULW,-,-,-,-,-,-,-,-,-,-,-,-,-,40.92,0.25%,"189,412"
JULZ,-,-,-,-,-,-,-,-,-,-,-,-,-,45.57,0.47%,698
JUNC,-,-,-,-,-,-,-,-,-,-,-,-,-,24.99,0.16%,6
JUNM,-,-,-,-,-,-,-,-,-,-,-,-,-,35.18,0.07%,"8,993"
JUNP,-,-,-,-,-,-,-,-,-,-,-,-,-,31.81,0.31%,"9,025"
JUNS,8.58M,-,-,-,214.54,-,3.64,-,-,-,-7.78%,-,-,0.18,-2.04%,"829,437"
JUNT,-,-,-,-,-,-,-,-,-,-,-,-,-,37.94,0.18%,"9,597"
JUNW,-,-,-,-,-,-,-,-,-,-,-,-,-,34.46,0.23%,"31,271"
JUNZ,-,-,-,-,-,-,-,-,-,-,-,-,-,35.38,0.39%,31
JUSA,-,-,-,-,-,-,-,-,-,-,-,-,-,67.80,0.32%,"59,698"
JUST,-,-,-,-,-,-,-,-,-,-,-,-,-,107.36,0.31%,"5,769"
JVA,20.21M,13.32,-,-,0.20,0.70,8.71,9.36,-,-,-,-,7.83%,3.54,0.28%,"16,550"
JVAL,-,-,-,-,-,-,-,-,-,-,-,-,-,57.99,0.00%,"121,469"
JWEL,4.19M,-,-,-,0.03,0.40,1.53,-,-,-,-,-,11.24%,1.93,3.21%,"2,865"
JXG,134.47M,-,-,-,1.62,0.88,192.10,-,-,-,57.34%,-,50.13%,11.15,-1.33%,"1,062"
JXI,-,-,-,-,-,-,-,-,-,-,-,-,-,85.65,0.38%,"24,599"
JXN,8.50B,-,4.35,0.35,1.46,0.96,-,1.63,4.38%,18.44%,57.53%,12.36%,15.82%,121.92,0.93%,"720,710"
JXX,-,-,-,-,-,-,-,-,-,-,-,-,-,31.37,0.04%,564
JYD,5.89M,-,-,-,0.07,0.15,1.07,-,-,-,-,-,14.72%,0.71,1.21%,"36,828"
JYNT,127.58M,40.48,29.34,-,2.25,8.25,5.95,47.96,1483.34%,10.24%,-26.62%,-,-1.33%,8.95,-3.35%,"58,291"
JZ,0.93M,-,-,-,0.09,0.16,0.51,-,-,-,-,-,-30.14%,3.59,-9.11%,"33,200"
JZXN,1.71M,-,-,-,0.59,0.11,0.37,-,-,-,-,-,-18.89%,1.23,-18.54%,"930,047"
KAI,3.54B,34.24,21.15,-,3.24,3.56,29.57,23.02,34.13%,14.25%,12.62%,-,10.63%,300.07,2.79%,"104,942"
KALA,17.91M,-,-,-,-,1.66,2.04,-,-,-,49.38%,-,-,0.96,-11.62%,"236,075"
KALU,2.63B,17.56,15.25,0.52,0.71,3.00,87.78,108.82,72.59%,1.51%,30.19%,29.18%,23.53%,161.16,1.82%,"250,877"
KAMO,-,-,-,-,-,-,-,-,-,-,-,-,-,24.58,0.22%,"67,652"
KAPA,7.27M,-,-,-,-,1.37,1.98,-,-23.33%,-81.08%,-29.30%,-,-,0.34,0.62%,"54,516"
KAPR,-,-,-,-,-,-,-,-,-,-,-,-,-,39.71,0.28%,"9,168"
KARD,2.07B,-,-,-,-,-,7.22,-,-,-,-,-,-,22.26,-5.40%,"279,004"
KARO,1.79B,31.48,-,-,5.69,8.68,24.67,-,18.62%,-,15.50%,19.71%,17.68%,57.90,1.24%,"143,793"
KARS,-,-,-,-,-,-,-,-,-,-,-,-,-,30.20,1.42%,"25,985"
KAT,-,-,-,-,-,-,-,-,-,-,-,-,-,55.81,-0.21%,"14,485"
KAUG,-,-,-,-,-,-,-,-,-,-,-,-,-,28.69,-0.05%,"6,500"
KAZR,84.63M,1217.39,-,-,13.85,15.76,70.52,-,-,-,-,-,-,2.80,-2.10%,"76,422"
KB,40.71B,10.73,9.22,0.90,1.13,1.19,-,10.37,17.18%,7.37%,7.67%,10.26%,3.63%,120.72,-2.05%,"434,553"
KBA,-,-,-,-,-,-,-,-,-,-,-,-,-,33.92,3.04%,"10,984"
KBAB,-,-,-,-,-,-,-,-,-,-,-,-,-,7.32,0.02%,"83,991"
KBDC,914.30M,10.78,8.66,-,3.89,0.85,27.99,10.03,-2.51%,-2.21%,-,-2.56%,-,13.78,0.29%,"475,502"
KBDU,-,-,-,-,-,-,-,-,-,-,-,-,-,17.73,-6.44%,"8,592"
KBE,-,-,-,-,-,-,-,-,-,-,-,-,-,68.78,-0.06%,"827,686"
KBFR,-,-,-,-,-,-,-,-,-,-,-,-,-,27.21,0.24%,973
KBH,3.40B,13.47,12.28,-,0.62,0.90,16.95,9.45,-45.90%,35.77%,14.45%,-2.16%,8.31%,55.49,1.24%,"1,335,612"
KBON,444.55M,-,-,-,-,1.32,635.07,-,-,-,-,-,-,10.10,0.00%,"13,960"
KBR,4.50B,10.77,8.59,7.60,0.59,2.84,11.85,9.21,-0.06%,5.23%,-,1.13%,6.19%,35.51,-0.67%,"1,582,147"
KBSX,37.60M,-,7.64,-,-,2.22,5.00,-,173.68%,57.14%,-58.06%,-,-,0.84,-5.22%,"7,425"
KBUF,-,-,-,-,-,-,-,-,-,-,-,-,-,26.68,-0.01%,30
KBWB,-,-,-,-,-,-,-,-,-,-,-,-,-,96.96,1.04%,"3,029,129"
KBWD,-,-,-,-,-,-,-,-,-,-,-,-,-,12.44,0.97%,"281,965"
KBWP,-,-,-,-,-,-,-,-,-,-,-,-,-,132.14,-1.93%,"15,925"
KBWY,-,-,-,-,-,-,-,-,-,-,-,-,-,18.62,0.38%,"96,691"
KC,2.88B,-,-,-,1.98,2.21,4.02,-,28.15%,40.27%,11.75%,28.26%,6.89%,9.73,-6.35%,"2,121,436"
KCA-U,241.14M,-,-,-,-,-,-,-,-,-,-,-,-,10.02,-1.18%,"25,600"
KCAC-U,244.95M,-,-,-,-,-,118.91,-,-,-,-,-,-,10.65,0.38%,"2,145"
KCAI,-,-,-,-,-,-,-,-,-,-,-,-,-,32.19,2.32%,15
KCCA,-,-,-,-,-,-,-,-,-,-,-,-,-,17.47,0.34%,"12,966"
KCE,-,-,-,-,-,-,-,-,-,-,-,-,-,157.67,1.45%,"8,444"
KCHV,355.94M,46.61,-,-,-,1.40,773.77,-,-,-,-,-,-,10.39,0.19%,552
KCOP,-,-,-,-,-,-,-,-,-,-,-,-,-,22.91,4.06%,"12,801"
KCSH,-,-,-,-,-,-,-,-,-,-,-,-,-,25.08,0.04%,100
KD,2.56B,13.79,4.51,0.19,0.17,2.20,0.97,7.53,22.74%,43.51%,-,23.30%,-4.85%,11.61,-5.76%,"6,423,212"
KDEC,-,-,-,-,-,-,-,-,-,-,-,-,-,28.35,0.25%,"4,171"
KDEF,-,-,-,-,-,-,-,-,-,-,-,-,-,38.36,-1.36%,"69,311"
KDK,903.29M,-,-,-,247.48,-,9.95,-,92.53%,-40.39%,-1238.45%,56.18%,-,4.53,-2.79%,"806,853"
KDP,41.17B,22.51,11.99,1.25,2.43,1.63,2.20,28.45,11.57%,10.36%,10.36%,9.60%,7.40%,30.26,-3.17%,"14,469,769"
KDRN,-,-,-,-,-,-,-,-,-,-,-,-,-,23.07,0.15%,8
KDVD,-,-,-,-,-,-,-,-,-,-,-,-,-,28.08,-0.04%,92
KE,604.83M,24.12,18.02,1.30,0.42,1.05,7.15,10.98,33.21%,-6.43%,-1.04%,13.86%,4.37%,25.15,1.95%,"134,094"
KEAT,-,-,-,-,-,-,-,-,-,-,-,-,-,32.00,-0.00%,"3,177"
KEEL,2.71B,-,-,-,11.56,6.46,7.59,-,-0.66%,45.84%,-22.32%,-0.87%,45.88%,4.49,2.98%,"26,185,871"
KEEX,-,-,-,-,-,-,-,-,-,-,-,-,-,63.92,6.34%,"14,332"
KELYA,518.71M,-,8.23,-,0.13,0.50,20.11,7.84,-28.37%,89.47%,-31.63%,-,-1.20%,14.07,-1.68%,"281,021"
KEMQ,-,-,-,-,-,-,-,-,-,-,-,-,-,25.72,0.74%,750
KEMX,-,-,-,-,-,-,-,-,-,-,-,-,-,49.87,1.46%,"6,947"
KEN,3.47B,42.83,-,-,3.45,2.31,1.86,388.60,-,-,-33.00%,-,17.67%,66.67,2.21%,"16,035"
KEP,14.82B,2.41,2.87,5.74,0.22,0.45,3.16,4.07,-28.51%,25.88%,28.93%,0.50%,6.67%,11.54,-1.20%,"2,573,457"
KEQU,104.22M,11.26,-,-,0.37,1.39,8.97,7.09,-,-,-,-,13.84%,36.31,-2.37%,"1,665"
KEX,7.76B,22.28,17.62,1.22,2.27,2.27,133.76,15.61,10.86%,17.32%,-,14.48%,9.15%,145.04,1.60%,"594,142"
KEY,25.15B,14.27,10.78,0.64,2.26,1.45,-,15.11,20.19%,18.34%,3.70%,16.92%,9.03%,23.30,0.34%,"9,876,328"
KEYG,-,-,-,-,-,-,-,-,-,-,-,-,-,12.04,3.70%,410
KEYS,55.67B,53.67,27.54,1.23,9.14,8.79,22.93,41.05,42.16%,16.22%,8.17%,22.33%,4.95%,325.73,1.53%,"1,237,983"
KEYX,-,-,-,-,-,-,-,-,-,-,-,-,-,20.80,3.33%,213
KEYY,378.32M,-,-,-,-,-,-,-,-,-,-,-,-,9.87,0.00%,"1,416"
KF,270.50M,2.98,-,-,130.14,1.54,-,-,-,-,-,-,-,65.05,2.85%,"41,737"
KFEB,-,-,-,-,-,-,-,-,-,-,-,-,-,30.97,0.30%,6
KFFB,39.63M,28.21,-,-,1.89,0.80,-,42.61,-,-,-,-,8.25%,4.90,2.09%,"5,157"
KFII,415.33M,37.76,-,-,-,1.42,1887.86,-,-,-,-,-,-,10.58,0.00%,50
KFRC,992.71M,28.43,18.98,0.90,0.75,8.51,740.83,22.93,15.17%,21.86%,-5.64%,21.11%,-1.00%,55.67,-0.64%,"183,211"
KFY,3.74B,14.04,11.86,1.29,1.27,1.87,3.30,11.54,7.84%,8.97%,20.06%,9.16%,10.06%,73.56,-2.43%,"509,417"
KG,78.01M,0.89,-,-,1.80,0.64,-,-,-,-,-15.53%,-,-28.84%,9.97,1.94%,"23,480"
KGC,28.55B,10.13,7.51,0.36,3.59,3.14,12.98,9.47,56.85%,10.38%,12.92%,20.59%,10.85%,23.91,1.83%,"7,279,603"
KGEI,189.20M,13.91,6.90,-,3.15,0.90,70.33,-,47.73%,18.46%,-,-,42.78%,5.31,3.91%,"97,475"
KGLD,-,-,-,-,-,-,-,-,-,-,-,-,-,26.21,1.39%,"37,105"
KGRN,-,-,-,-,-,-,-,-,-,-,-,-,-,23.45,1.54%,"9,176"
KGS,6.97B,93.53,23.46,0.37,5.27,5.09,73.89,34.81,145.30%,34.91%,-,63.24%,19.70%,69.09,3.77%,"1,636,956"
KHC,29.74B,-,12.08,-,1.19,0.71,6.99,7.54,-20.87%,0.95%,-,-5.93%,-0.97%,25.08,-0.59%,"10,125,598"
KHPI,-,-,-,-,-,-,-,-,-,-,-,-,-,26.04,0.19%,"46,651"
KHYB,-,-,-,-,-,-,-,-,-,-,-,-,-,24.07,0.04%,305
KIDS,494.43M,-,-,-,2.03,1.46,9.72,-,29.91%,31.80%,1.52%,44.59%,27.16%,19.25,-7.09%,"230,405"
KIDZ,1.30M,-,-,-,0.42,0.02,0.61,-,-,-,-,-,-,0.63,-6.68%,"443,538"
KIE,-,-,-,-,-,-,-,-,-,-,-,-,-,63.48,-1.52%,"1,575,705"
KIM,17.03B,29.15,29.58,7.41,7.83,1.64,100.40,21.82,0.15%,3.92%,-18.36%,3.99%,15.28%,25.25,0.56%,"3,083,632"
KINS,288.54M,9.26,6.64,-,1.37,2.52,-,4.51,-6.81%,15.38%,99.77%,-,10.98%,19.92,-3.49%,"115,850"
KIO,461.49M,11.61,-,-,-,-,-,-,-,-,-,-,-,11.26,0.18%,"220,950"
KIQQ,-,-,-,-,-,-,-,-,-,-,-,-,-,25.83,1.15%,129
KITT,5.95M,-,-,-,1.13,0.88,1.01,-,-,-,-227.57%,-,-,0.87,-9.38%,"313,972"
KJAN,-,-,-,-,-,-,-,-,-,-,-,-,-,45.65,0.36%,"4,557"
KJD,-,-,-,-,-,-,-,-,-,-,-,-,-,17.74,-0.47%,"5,047"
KJUL,-,-,-,-,-,-,-,-,-,-,-,-,-,33.70,0.32%,"1,868,838"
KJUN,-,-,-,-,-,-,-,-,-,-,-,-,-,29.62,0.33%,"14,869"
KKR,87.28B,33.13,13.24,0.63,3.90,3.09,4.48,10.22,24.71%,20.87%,-7.04%,20.89%,35.78%,97.21,0.31%,"2,524,461"
KLAC,300.93B,65.13,44.33,1.84,22.99,51.65,60.70,75.00,11.47%,40.09%,31.57%,24.15%,15.93%,230.37,3.65%,"9,033,098"
KLAG,-,-,-,-,-,-,-,-,-,-,-,-,-,41.69,7.73%,"84,638"
KLAR,7.41B,-,24.70,-,1.94,3.02,2.64,-,126.20%,284.07%,-,-,-,19.63,1.87%,"2,049,104"
KLC,596.88M,-,17.15,-,0.22,1.27,4.49,16.52,-73.05%,55.81%,3.37%,-9.61%,14.87%,5.04,-1.37%,"397,264"
KLIC,5.76B,105.79,24.85,0.14,7.50,6.72,11.81,1333.64,1556.55%,29.82%,-65.56%,179.54%,0.97%,110.09,3.38%,"626,836"
KLIP,-,-,-,-,-,-,-,-,-,-,-,-,-,23.91,-0.29%,"12,129"
KLMN,-,-,-,-,-,-,-,-,-,-,-,-,-,30.90,0.45%,201
KLMT,-,-,-,-,-,-,-,-,-,-,-,-,-,34.49,0.61%,"1,073"
KLRA,2.46B,-,-,-,-,-,4.74,-,-159.42%,-6.56%,-,-,-,19.01,-4.81%,"309,009"
KLRS,99.32M,-,-,-,-,1.53,1.02,-,28.90%,19.74%,45.59%,7.15%,-,4.55,2.94%,"35,440"
KLTR,190.97M,-,19.14,-,1.07,40.90,2.92,12.28,-101.50%,6419.05%,23.75%,-,8.47%,1.27,-1.55%,"177,917"
KLXE,49.58M,-,-,-,0.08,-,8.85,19.07,13.93%,39.37%,39.56%,-,18.12%,2.49,-2.35%,"104,996"
KMAR,-,-,-,-,-,-,-,-,-,-,-,-,-,32.05,0.33%,18
KMAY,-,-,-,-,-,-,-,-,-,-,-,-,-,30.22,0.25%,"4,159"
KMB,35.46B,16.80,14.14,5.46,2.14,19.74,65.42,19.30,0.09%,0.24%,-2.45%,2.59%,-2.99%,106.82,-3.05%,"4,164,691"
KMCA,-,-,-,-,-,-,-,-,-,-,-,-,-,18.11,0.97%,"6,809"
KMDA,419.41M,20.80,11.85,0.44,2.31,1.62,5.73,24.23,17.24%,43.47%,-2.03%,26.89%,6.25%,7.27,1.39%,"38,897"
KMEM,-,-,-,-,-,-,-,-,-,-,-,-,-,20.50,8.15%,"342,311"
KMI,72.40B,21.95,21.73,2.73,4.16,2.31,402.20,17.40,12.86%,2.05%,96.40%,7.96%,7.93%,32.54,0.93%,"7,359,821"
KMID,-,-,-,-,-,-,-,-,-,-,-,-,-,25.16,-0.09%,"22,516"
KMLI,-,-,-,-,-,-,-,-,-,-,-,-,-,10.10,0.60%,"46,010"
KMLM,-,-,-,-,-,-,-,-,-,-,-,-,-,28.81,0.42%,"124,725"
KMPR,1.69B,46.40,6.47,0.46,0.36,0.64,-,3.67,-44.61%,122.12%,-17.90%,13.99%,-1.33%,28.64,-4.25%,"852,505"
KMRK,21.94M,-,-,-,-,22.55,22.85,-,-,-,-,-,-,1.04,0.00%,"28,179"
KMT,2.62B,19.36,8.75,0.42,1.22,1.93,24.48,35.77,191.02%,0.55%,-,20.63%,0.85%,34.32,1.90%,"625,904"
KMTS,1.41B,-,-,-,16.86,4.90,4.85,-,11.04%,9.11%,-,12.87%,-,24.18,-2.34%,"432,703"
KMX,7.91B,36.68,-,-,0.28,1.29,10.87,7.95,-8.25%,-,-18.02%,0.77%,6.67%,55.73,1.57%,"1,859,175"
KN,3.15B,56.35,23.61,-,5.12,4.03,76.75,43.05,16.44%,20.50%,50.23%,-,-4.94%,36.78,2.45%,"503,355"
KNCT,-,-,-,-,-,-,-,-,-,-,-,-,-,198.57,1.70%,"1,564"
KNDI,67.78M,-,-,-,-,-,-,-,-,-,-43.32%,-,2.60%,0.68,1.67%,"70,317"
KNF,4.54B,31.13,20.95,1.64,1.42,2.91,60.21,-,18.90%,16.46%,1.17%,12.74%,7.63%,80.06,2.10%,"252,680"
KNG,-,-,-,-,-,-,-,-,-,-,-,-,-,50.58,-1.04%,"212,638"
KNGZ,-,-,-,-,-,-,-,-,-,-,-,-,-,40.51,-1.08%,"19,467"
KNO,-,-,-,-,-,-,-,-,-,-,-,-,-,61.93,0.01%,146
KNOP,369.37M,20.00,16.97,-,0.99,0.69,3.99,2.40,-1.81%,-6.44%,-22.96%,-,5.52%,10.69,-0.65%,"58,145"
KNOV,-,-,-,-,-,-,-,-,-,-,-,-,-,31.72,0.29%,"1,994,085"
KNOW,-,-,-,-,-,-,-,-,-,-,-,-,-,12.96,0.27%,214
KNRG,-,-,-,-,-,-,-,-,-,-,-,-,-,25.75,-0.13%,"2,460"
KNRX,-,-,-,-,-,-,-,-,-,-,-,-,-,0.42,-3.05%,"218,423"
KNSA,4.77B,68.31,32.80,0.67,6.32,7.85,10.19,29.04,80.63%,39.51%,-,48.99%,-,61.98,1.71%,"555,368"
KNSL,7.78B,14.84,15.58,3.54,4.06,4.02,-,7.67,6.52%,4.15%,41.12%,4.40%,32.44%,337.14,-2.27%,"186,189"
KNTK,8.45B,20.67,31.12,-,5.18,-,11736.02,120.11,-65.76%,80.39%,71.44%,-5.27%,63.58%,50.55,0.04%,"693,855"
KNX,12.22B,359.90,19.44,0.32,1.63,1.73,41.68,25.15,65.73%,85.28%,-29.95%,60.54%,9.83%,75.22,1.20%,"2,646,579"
KO,357.45B,26.16,23.85,3.19,7.18,10.63,25.86,28.45,8.96%,6.56%,11.14%,7.47%,7.94%,83.08,-1.39%,"13,775,420"
KOCT,-,-,-,-,-,-,-,-,-,-,-,-,-,37.40,0.27%,"3,558"
KOD,2.71B,-,-,-,-,23.99,15.97,-,13.38%,16.69%,-8.23%,41.69%,-,43.26,5.26%,"895,123"
KODK,788.15M,-,-,-,0.73,1.31,2.57,1.71,-,-,28.85%,-,0.77%,8.05,-1.23%,"519,557"
KOF,5.43B,17.44,13.47,1.63,0.34,2.84,2.37,6.40,6.91%,10.23%,20.97%,8.28%,12.22%,103.39,-0.08%,"113,524"
KOID,-,-,-,-,-,-,-,-,-,-,-,-,-,38.61,1.13%,"84,020"
KOKU,-,-,-,-,-,-,-,-,-,-,-,-,-,129.92,0.32%,97
KOLD,-,-,-,-,-,-,-,-,-,-,-,-,-,27.40,-2.07%,"1,736,508"
KOMP,-,-,-,-,-,-,-,-,-,-,-,-,-,67.78,1.01%,"68,819"
KONG,-,-,-,-,-,-,-,-,-,-,-,-,-,31.59,-0.49%,7
KOOL,-,-,-,-,-,-,-,-,-,-,-,-,-,14.39,0.54%,"1,246"
KOP,933.32M,12.74,10.27,-,0.50,1.70,21.81,6.70,1.54%,14.40%,-7.41%,-,2.40%,48.53,1.59%,"78,491"
KOPN,696.73M,298.41,-,-,17.71,10.94,11.71,-,-580.00%,75.00%,-,-,-0.40%,3.76,3.58%,"3,831,536"
KORE,163.19M,-,-,-,0.58,-,5.64,9.26,-,-,10.50%,-,5.99%,9.26,0.11%,"71,086"
KORP,-,-,-,-,-,-,-,-,-,-,-,-,-,46.21,0.16%,"169,648"
KORU,-,-,-,-,-,-,-,-,-,-,-,-,-,481.34,14.83%,"2,646,940"
KOS,1.48B,-,10.75,-,1.04,2.88,11.41,-,140.05%,-20.44%,-7.60%,-,9.90%,2.50,2.46%,"27,597,486"
KOSS,35.88M,-,-,-,2.79,1.21,1.90,-,-,-,-8.23%,-,-7.17%,3.79,-2.82%,"46,865"
KOYN,321.10M,99.71,-,-,-,1.40,114.68,-,-,-,-,-,-,10.15,0.00%,640
KPDD,-,-,-,-,-,-,-,-,-,-,-,-,-,5.49,-1.61%,"163,314"
KPET,287.79M,-,-,-,-,-,163.52,-,-,-,-,-,-,9.97,0.00%,384
KPHO,-,-,-,-,-,-,-,-,-,-,-,-,-,22.79,0.20%,611
KPLT,34.08M,5.59,-,-,0.11,-,1.21,-,-,-,66.17%,27.67%,-,7.11,-0.42%,"7,710"
KPRO,-,-,-,-,-,-,-,-,-,-,-,-,-,26.85,0.04%,11
KPRX,10.99M,-,-,-,-,0.71,0.79,-,-0.76%,61.28%,65.58%,24.19%,-,2.48,0.81%,"22,135"
KPTI,226.85M,-,-,-,1.50,-,2.50,-,77.24%,23.53%,15.19%,55.85%,6.21%,10.01,-0.40%,"481,544"
KQQQ,-,-,-,-,-,-,-,-,-,-,-,-,-,29.85,0.57%,"61,691"
KR,35.99B,34.35,10.62,1.59,0.24,5.56,8.78,12.50,7.29%,6.26%,-13.99%,6.69%,2.19%,58.74,-0.96%,"7,133,098"
KRAQ,432.24M,-,-,-,-,1.32,527.12,-,-,-,-,-,-,10.02,0.18%,"1,012"
KRBN,-,-,-,-,-,-,-,-,-,-,-,-,-,33.84,0.65%,"9,545"
KRC,4.63B,21.60,59.51,-,4.16,0.87,24.01,7.98,-88.37%,145.59%,7.33%,-25.72%,4.37%,39.44,1.23%,"879,495"
KRE,-,-,-,-,-,-,-,-,-,-,-,-,-,75.00,-0.16%,"10,894,490"
KREF,483.93M,-,51.94,2.13,1.10,0.63,3.57,6.96,-373.85%,113.48%,-,24.36%,11.15%,7.48,1.77%,"804,646"
KRG,5.83B,35.69,54.14,-,7.00,2.04,26.11,22.43,-70.91%,32.94%,-,-24.63%,24.97%,28.69,0.84%,"2,441,440"
KRKR,5.01M,3.44,-,-,0.16,0.30,0.30,-,-,-,-,-,-10.76%,2.77,-2.81%,"1,206"
KRMA,-,-,-,-,-,-,-,-,-,-,-,-,-,47.89,0.11%,"1,290"
KRMD,190.63M,-,129.69,-,4.41,11.31,21.74,1059.03,26.67%,172.73%,-14.59%,-,11.21%,4.15,-1.89%,"117,534"
KRMN,6.07B,202.52,49.77,0.98,11.62,14.97,82.30,-,55.98%,59.56%,-,50.90%,-,45.83,1.55%,"1,498,834"
KRNT,727.08M,-,57.26,5.38,3.46,1.04,1.66,199.75,-42.58%,53.93%,-21.45%,10.65%,0.94%,15.69,0.26%,"86,175"
KRNY,607.26M,16.49,11.95,0.36,1.76,0.77,-,17.25,48.81%,25.60%,-5.29%,33.53%,6.31%,9.38,0.11%,"409,739"
KRO,737.49M,-,22.89,-,0.39,0.99,26.15,59.00,93.23%,530.77%,-,-,2.56%,6.41,-0.77%,"310,771"
KROP,-,-,-,-,-,-,-,-,-,-,-,-,-,35.11,0.20%,"1,428"
KROS,209.20M,-,-,-,6.31,0.73,0.74,-,-353.23%,7.14%,-,-,-,10.57,-4.77%,"157,512"
KRP,1.71B,36.29,18.48,8.48,5.42,2.78,46.09,7.10,-11.19%,8.66%,-,2.18%,28.19%,14.65,-2.01%,"748,049"
KRRO,191.38M,-,-,-,49.84,1.60,1.66,-,56.56%,0.59%,21.21%,25.06%,-29.61%,13.27,-1.70%,"199,890"
KRSP,486.25M,-,-,-,-,1.44,210.50,-,-,-,-,-,-,10.57,0.19%,"1,757"
KRT,707.71M,22.46,15.92,0.80,1.47,4.80,20.56,24.43,11.59%,23.93%,6.59%,19.83%,9.62%,35.45,2.07%,"151,792"
KRUS,619.64M,-,213.02,-,1.94,2.68,13.98,-,5.51%,258.36%,40.16%,-,44.32%,51.00,-0.29%,"325,343"
KRWX,-,-,-,-,-,-,-,-,-,-,-,-,-,15.12,9.29%,"5,591"
KRYP,-,-,-,-,-,-,-,-,-,-,-,-,-,18.12,3.91%,49
KRYS,10.01B,45.37,35.36,1.52,23.98,7.83,12.15,42.15,11.20%,26.22%,-,23.27%,-,339.43,-6.61%,"498,834"
KSA,-,-,-,-,-,-,-,-,-,-,-,-,-,36.90,-0.57%,"568,266"
KSCP,27.95M,-,-,-,1.94,0.78,2.45,-,35.38%,16.05%,47.26%,-,27.73%,1.62,-0.61%,"309,244"
KSEP,-,-,-,-,-,-,-,-,-,-,-,-,-,30.92,0.22%,8
KSLV,-,-,-,-,-,-,-,-,-,-,-,-,-,25.03,2.46%,"31,893"
KSPI,16.95B,8.28,6.52,0.58,2.04,3.01,-,7.45,2.04%,12.40%,26.88%,11.17%,38.04%,89.19,0.59%,"254,661"
KSPY,-,-,-,-,-,-,-,-,-,-,-,-,-,29.54,0.20%,"48,692"
KSS,1.86B,6.98,11.04,-,0.12,0.46,4.34,1.77,-11.59%,3.88%,-,-2.48%,-0.54%,16.43,-0.73%,"2,659,895"
KSTR,-,-,-,-,-,-,-,-,-,-,-,-,-,28.94,1.65%,"531,800"
KT,8.36B,7.71,8.18,-,0.42,0.70,2.72,5.50,-19.14%,10.42%,17.11%,-1.21%,-0.39%,17.34,-0.23%,"1,339,971"
KTB,4.63B,16.98,12.94,1.25,1.47,7.47,82.16,11.58,-6.90%,24.46%,28.13%,10.38%,8.49%,83.85,-1.17%,"918,830"
KTCC,44.20M,-,-,-,0.11,0.42,102.80,3.15,-,-,-,-,0.81%,4.07,3.30%,"8,335"
KTEC,-,-,-,-,-,-,-,-,-,-,-,-,-,12.99,0.74%,"46,809"
KTF,361.17M,-,-,-,13.46,0.98,-,-,-,-,-,-,-,9.22,0.11%,"92,034"
KTOS,9.44B,297.81,47.17,1.30,6.67,2.77,6.45,-,38.92%,39.74%,-27.62%,36.23%,12.49%,50.36,7.24%,"5,195,157"
KTTA,16.10M,-,-,-,-,0.22,0.32,-,73.88%,-32.89%,-117.71%,23.55%,-,0.48,-1.65%,"159,234"
KTUP,-,-,-,-,-,-,-,-,-,-,-,-,-,6.43,14.21%,"345,873"
KTWO,199.60M,-,-,-,-,1.17,164.96,-,-,-,-,-,-,9.96,0.30%,6
KULR,135.52M,-,-,-,7.30,1.43,17.65,-,64.74%,47.27%,-41.15%,-,91.74%,2.93,-1.01%,"1,120,729"
KURA,997.83M,-,-,-,13.93,9.25,1.72,-,-10.02%,25.04%,-13.48%,14.34%,-,11.24,3.02%,"1,591,652"
KURE,-,-,-,-,-,-,-,-,-,-,-,-,-,17.22,2.14%,"110,049"
KUST,0.64M,-,-,-,0.05,0.12,0.52,-,-,-,74.03%,-,5.52%,1.01,4.49%,"5,669,872"
KVAC,68.07M,83.27,-,-,-,11.64,6806.73,-,-,-,-,-,-,12.24,0.99%,6
KVHI,177.04M,-,12.11,-,1.50,1.34,2.99,133.11,142.11%,368.75%,21.06%,-,-6.90%,9.08,2.48%,"213,342"
KVLE,-,-,-,-,-,-,-,-,-,-,-,-,-,28.29,-0.06%,"2,196"
KVUE,36.02B,22.25,14.87,2.06,2.36,3.40,33.51,19.76,10.84%,5.36%,-,7.23%,0.89%,18.76,-2.44%,"19,474,443"
KVYO,5.24B,-,16.90,0.72,3.99,4.59,5.32,25.95,26.70%,22.04%,23.28%,23.57%,43.55%,17.51,0.29%,"3,243,300"
KWEB,-,-,-,-,-,-,-,-,-,-,-,-,-,26.18,-0.19%,"10,725,588"
KWIN,-,-,-,-,-,-,-,-,-,-,-,-,-,25.67,0.13%,"12,372"
KWM,9.19M,-,-,-,-,-,-,-,-,-,-648.60%,-,-,0.12,-6.92%,"334,211"
KWR,2.60B,539.04,17.09,1.23,1.35,1.89,15.34,29.23,-0.06%,25.07%,-,13.93%,5.90%,149.96,1.34%,"84,690"
KWT,-,-,-,-,-,-,-,-,-,-,-,-,-,36.30,0.29%,"2,678"
KWY,282.52M,-,-,-,1.91,21.24,18.55,-,-,-,-4.00%,-,16.12%,9.76,0.00%,"83,507"
KXI,-,-,-,-,-,-,-,-,-,-,-,-,-,67.77,-0.63%,"40,045"
KXIN,8.60M,-,-,-,66.14,0.20,10.00,-,-,-,16.74%,-,-36.06%,5.20,-1.52%,"42,914"
KYC,-,-,-,-,-,-,-,-,-,-,-,-,-,25.65,-0.20%,327
KYIV,3.49B,38.03,9.51,0.21,3.71,2.60,9.88,-,150.86%,11.12%,-,45.73%,-,15.11,0.20%,"360,505"
KYLD,-,-,-,-,-,-,-,-,-,-,-,-,-,21.99,1.71%,"17,985"
KYMR,9.22B,-,-,-,179.09,5.98,14.16,-,5.82%,-23.48%,-3.19%,-8.26%,2.87%,112.08,1.52%,"434,503"
KYN,2.44B,-,-,-,24.57,0.91,-,-,-,-,-,-,-,14.43,0.56%,"357,340"
KYNB,29.63M,0.27,-,-,3.98,-,0.34,-,-130.30%,16.81%,-,-,-48.42%,7.32,-0.34%,"11,095"
KYTX,482.72M,-,-,-,-,2.46,2.04,-,21.29%,-2.68%,-56.27%,13.10%,-,7.94,2.19%,"1,322,004"
KZIA,152.75M,-,-,-,5091.66,4.93,3.30,-,16.01%,-36.79%,25.92%,-12.50%,-,13.47,-0.88%,"187,835"
L,23.55B,14.54,-,-,1.27,1.26,-,8.47,-,-,-,-,5.99%,114.47,-1.74%,"965,875"
LAB,328.00M,-,-,-,3.80,0.58,0.72,-,78.00%,-162.58%,23.22%,19.57%,-9.19%,0.84,-1.28%,"2,562,263"
LABD,-,-,-,-,-,-,-,-,-,-,-,-,-,8.03,-0.25%,"17,425,585"
LABT,4.46M,-,-,-,-,-,446.48,-,-,-,-,-,-,2.55,-6.59%,"81,852"
LABU,-,-,-,-,-,-,-,-,-,-,-,-,-,274.05,0.44%,"403,719"
LABX,-,-,-,-,-,-,-,-,-,-,-,-,-,115.10,-0.74%,"143,056"
LAC,1.09B,-,-,-,-,0.81,0.91,-,76.97%,21.18%,-26.03%,76.57%,-,3.15,0.32%,"14,538,752"
LACG,-,-,-,-,-,-,-,-,-,-,-,-,-,3.72,-0.58%,"7,116"
LAD,7.28B,11.19,7.86,0.74,0.19,1.14,17.18,-,2.82%,18.01%,10.58%,10.62%,23.45%,319.25,0.41%,"276,206"
LADM,-,-,-,-,-,-,-,-,-,-,-,-,-,32.32,0.19%,"1,152"
LADR,1.25B,22.55,8.32,-,3.12,0.87,37.96,12.61,18.71%,18.48%,-,-,1.84%,9.83,1.13%,"1,072,342"
LAES,626.34M,-,-,-,27.97,0.93,1.16,-,25.00%,-16.67%,15.06%,-,7.58%,2.72,0.37%,"11,032,576"
LAFA,158.39M,-,-,-,-,1.21,226.27,-,-,-,-,-,-,10.08,0.00%,6
LAKE,105.99M,-,19.09,-,0.55,0.81,6.08,-,90.68%,329.59%,-,-,3.91%,10.74,-2.36%,"38,180"
LALT,-,-,-,-,-,-,-,-,-,-,-,-,-,24.16,0.08%,"111,641"
LAMR,15.95B,29.04,24.93,3.66,6.97,16.45,406.29,22.80,2.43%,6.70%,19.11%,6.81%,7.63%,157.23,0.00%,"480,127"
LAND,373.56M,-,-,-,4.24,0.53,43.34,59.87,-104.41%,21.59%,-7.78%,-,9.15%,8.66,0.70%,"506,233"
LANV,184.62M,-,-,-,0.68,-,5.56,-,30.04%,6.05%,-645.20%,15.07%,-,1.47,19.51%,"24,178"
LAPR,-,-,-,-,-,-,-,-,-,-,-,-,-,25.32,0.08%,83
LAR,1.18B,-,16.95,-,-,1.51,12.16,-,194.67%,-4.16%,-3.35%,-,-,7.23,2.12%,"1,466,702"
LARK,184.20M,9.68,-,-,1.90,1.14,-,9.32,-,-,-0.91%,-,7.49%,30.21,-0.89%,"9,098"
LASC,-,-,-,-,-,-,-,-,-,-,-,-,-,26.52,8.29%,"1,605"
LASE,58.61M,-,-,-,8.41,-,35.95,-,-,-,-,-,31.09%,1.23,0.82%,"737,930"
LASR,4.03B,-,105.81,1.63,13.91,9.39,12.12,181.87,118.52%,28.81%,2.96%,65.10%,3.24%,71.48,3.91%,"855,478"
LATA,232.53M,80.05,-,-,-,1.36,301.99,-,-,-,-,-,-,10.11,0.10%,"11,296"
LATR,-,-,-,-,-,-,-,-,-,-,-,-,-,27.95,1.34%,"14,560"
LAUR,5.58B,21.01,16.24,0.87,3.21,5.32,34.21,21.15,23.87%,15.09%,-,18.61%,10.68%,39.83,-0.70%,"1,052,766"
LAW,262.31M,-,-,-,1.62,2.12,2.55,-,-2.53%,84.97%,-12.23%,-,18.04%,4.09,0.99%,"184,241"
LAZ,4.27B,17.18,10.64,0.40,1.29,4.85,4.16,7.99,5.22%,58.79%,-8.51%,26.59%,3.45%,43.39,5.57%,"1,948,128"
LB,6.06B,81.51,25.52,0.54,29.42,6.36,204.32,-,56.20%,44.31%,-,47.40%,-,78.74,0.27%,"142,189"
LBAY,-,-,-,-,-,-,-,-,-,-,-,-,-,25.26,-1.04%,109
LBGJ,4.43M,-,-,-,0.35,0.01,1.27,-,-,-,-,-,2.14%,1.32,0.00%,"15,831"
LBO,-,-,-,-,-,-,-,-,-,-,-,-,-,24.75,0.90%,82
LBRDA,4.31B,-,4.93,-,16.50,0.73,4.21,-,148.49%,-23.18%,-,-,-,29.95,-2.54%,"200,307"
LBRDK,4.31B,-,-,-,16.50,0.73,4.21,-,-,-,-,-,-,30.03,-2.50%,"1,383,029"
LBRT,4.12B,27.73,35.48,0.36,1.02,2.10,5.90,-,95.72%,142.59%,-,99.91%,32.91%,25.27,0.16%,"3,705,769"
LBRX,918.22M,-,-,-,-,2.42,2.51,-,-11.06%,-24.78%,-,-4.09%,-,32.02,-0.71%,"213,512"
LBTYA,3.60B,-,-,-,0.72,0.38,1.92,-,93.15%,-1.83%,-50.47%,61.52%,-15.83%,10.73,-1.56%,"1,246,193"
LBTYK,3.60B,-,-,-,0.72,0.37,1.92,-,93.07%,-1.83%,-50.47%,61.38%,-15.83%,10.37,-1.61%,"713,541"
LCAP,-,-,-,-,-,-,-,-,-,-,-,-,-,33.56,0.78%,"29,427"
LCCC,92.97M,51.58,-,-,-,1.33,157.58,-,-,-,-,-,-,10.44,0.00%,"105,007"
LCDL,-,-,-,-,-,-,-,-,-,-,-,-,-,0.29,-51.25%,"179,658,940"
LCDS,-,-,-,-,-,-,-,-,-,-,-,-,-,72.12,0.45%,916
LCF,-,-,-,-,-,-,-,-,-,-,-,-,-,44.20,0.15%,100
LCFY,5.42M,-,-,-,2.62,1.76,5.47,-,-,-,-2.36%,-,9.28%,3.01,-1.63%,"6,743"
LCID,1.80B,-,-,-,1.29,-,2.44,-,12.84%,42.10%,47.07%,29.16%,220.94%,4.62,-16.15%,"155,794,999"
LCII,2.51B,12.72,10.53,-,0.60,1.81,17.68,12.48,17.54%,12.11%,3.84%,-,8.07%,103.55,1.48%,"285,078"
LCLG,-,-,-,-,-,-,-,-,-,-,-,-,-,73.19,0.88%,578
LCLN,2.36B,-,-,-,-,6.75,9.58,-,-,-,-,-,-,22.50,0.67%,"1,521,076"
LCNB,250.59M,10.87,9.72,-,2.02,0.91,-,7.36,2.76%,8.06%,1.02%,-,9.38%,17.59,-0.96%,"14,617"
LCO,-,-,-,-,-,-,-,-,-,-,-,-,-,26.48,1.25%,6
LCOW,-,-,-,-,-,-,-,-,-,-,-,-,-,25.84,0.06%,"1,609"
LCR,-,-,-,-,-,-,-,-,-,-,-,-,-,39.64,0.16%,"1,050"
LCTD,-,-,-,-,-,-,-,-,-,-,-,-,-,57.95,0.66%,"3,145"
LCTO,-,-,-,-,-,-,-,-,-,-,-,-,-,24.98,0.49%,185
LCTU,-,-,-,-,-,-,-,-,-,-,-,-,-,80.96,0.46%,"17,977"
LCTX,304.14M,-,-,-,20.58,5.65,5.70,-,75.51%,-33.33%,-14.94%,-,79.88%,1.22,0.83%,"771,333"
LCUT,188.78M,-,9.98,-,0.29,0.96,13.62,10.47,-14.27%,19.17%,-53.80%,-13.32%,-3.37%,8.26,-5.82%,"155,097"
LDDR,-,-,-,-,-,-,-,-,-,-,-,-,-,78.08,0.22%,939
LDEM,-,-,-,-,-,-,-,-,-,-,-,-,-,59.65,1.54%,"1,858"
LDI,378.36M,-,7.00,-,0.31,1.27,1.06,-,70.24%,366.67%,-,-,-23.27%,1.12,3.70%,"1,216,799"
LDOS,13.40B,9.75,8.14,1.28,0.77,2.67,24.91,7.21,2.94%,6.01%,20.63%,6.37%,6.91%,106.56,-0.02%,"1,059,986"
LDP,615.32M,9.57,-,-,-,-,-,-,-,-,-,-,-,21.16,-0.28%,"55,590"
LDRC,-,-,-,-,-,-,-,-,-,-,-,-,-,25.04,0.12%,"4,662"
LDRH,-,-,-,-,-,-,-,-,-,-,-,-,-,24.52,0.09%,"3,601"
LDRI,-,-,-,-,-,-,-,-,-,-,-,-,-,24.94,0.04%,"38,972"
LDRT,-,-,-,-,-,-,-,-,-,-,-,-,-,24.97,0.18%,"194,534"
LDRX,-,-,-,-,-,-,-,-,-,-,-,-,-,36.02,1.05%,"10,018"
LDSF,-,-,-,-,-,-,-,-,-,-,-,-,-,18.89,0.16%,"19,511"
LDUR,-,-,-,-,-,-,-,-,-,-,-,-,-,95.21,0.09%,"53,831"
LE,340.92M,1.01,13.28,-,0.26,0.68,14.46,-,-41.28%,65.35%,-11.77%,-,-1.33%,11.09,-2.97%,"304,826"
LEA,6.81B,13.60,7.82,0.54,0.29,1.34,7.66,9.30,16.69%,16.34%,25.45%,14.60%,6.41%,135.91,0.45%,"376,196"
LEAD,-,-,-,-,-,-,-,-,-,-,-,-,-,85.92,0.13%,"1,965"
LECO,13.84B,26.07,20.97,2.13,3.18,9.16,46.30,31.56,10.98%,9.98%,22.18%,9.83%,9.75%,252.58,0.55%,"211,084"
LEDS,18.49M,-,-,-,0.54,12.30,4.65,8.45,-,-,-1.09%,-,47.95%,2.24,47.37%,"45,772,369"
LEE,173.84M,-,-,-,0.33,-,3.26,204.52,-,-,-62.37%,-,-1.87%,7.82,-0.64%,"79,142"
LEG,1.48B,6.75,10.69,3.31,0.37,1.41,2.89,7.13,-16.67%,15.71%,-1.81%,3.23%,-1.07%,10.82,1.12%,"1,817,843"
LEGH,619.51M,14.86,12.12,-,3.79,1.15,43.91,20.70,24.33%,-0.62%,2.15%,-,-1.42%,26.05,1.05%,"82,367"
LEGN,4.77B,-,31.68,-,4.17,4.93,5.71,-,102.00%,4904.93%,6.49%,-,68.87%,25.67,-0.31%,"1,582,485"
LEGO,311.42M,-,-,-,-,1.37,128.16,-,-,-,-,-,-,9.96,0.00%,105
LEGR,-,-,-,-,-,-,-,-,-,-,-,-,-,64.31,0.44%,"1,041"
LEMB,-,-,-,-,-,-,-,-,-,-,-,-,-,42.53,0.33%,"62,772"
LEN,20.11B,13.09,12.88,-,0.61,0.93,9.38,21.03,-31.01%,18.10%,0.35%,-0.17%,8.73%,83.71,1.05%,"2,173,426"
LEND,-,-,-,-,-,-,-,-,-,-,-,-,-,24.92,0.02%,"58,006"
LENS,-,-,-,-,-,-,-,-,-,-,-,-,-,39.84,1.20%,"2,041"
LENZ,154.57M,-,-,-,7.36,0.63,0.60,-,-57.88%,24.06%,19.13%,17.29%,-,4.93,-5.74%,"1,629,721"
LEO,398.66M,32.00,-,-,13.24,0.95,-,-,-,-,-,-,-,6.40,-0.16%,"489,462"
LESL,30.88M,-,-,-,0.03,-,1.83,11.15,35.32%,87.17%,-,-,2.23%,3.30,-41.07%,"12,146,078"
LEU,3.14B,52.79,57.32,-,6.93,4.04,1.68,-,-27.25%,-2.00%,46.79%,-16.75%,12.66%,159.38,2.13%,"640,642"
LEUX,-,-,-,-,-,-,-,-,-,-,-,-,-,10.97,4.28%,"70,578"
LEVI,9.16B,19.47,13.92,1.04,1.39,4.03,9.36,15.91,14.97%,10.96%,-,13.37%,7.14%,23.79,-1.65%,"2,531,141"
LEXI,-,-,-,-,-,-,-,-,-,-,-,-,-,40.34,0.42%,"11,616"
LEXX,14.56M,-,-,-,76.63,3.07,4.02,-,60.61%,-19.23%,14.15%,24.86%,17.53%,0.59,-1.29%,"50,641"
LFAC,191.96M,-,-,-,-,1.39,190.06,-,-,-,-,-,-,10.03,0.15%,6
LFAI,-,-,-,-,-,-,-,-,-,-,-,-,-,147.72,0.22%,12
LFAO,-,-,-,-,-,-,-,-,-,-,-,-,-,161.08,0.21%,8
LFAW,-,-,-,-,-,-,-,-,-,-,-,-,-,171.88,0.19%,10
LFBE,-,-,-,-,-,-,-,-,-,-,-,-,-,181.08,0.16%,8
LFCR,172.92M,-,-,-,1.34,-,8.31,-,-,-,0.55%,-,-26.24%,4.61,-0.43%,"104,954"
LFDR,-,-,-,-,-,-,-,-,-,-,-,-,-,181.17,0.16%,10
LFEQ,-,-,-,-,-,-,-,-,-,-,-,-,-,59.85,0.37%,"4,608"
LFGY,-,-,-,-,-,-,-,-,-,-,-,-,-,20.46,2.25%,"48,142"
LFMD,218.12M,-,60.71,8.17,0.99,14.26,6.33,57.40,-209.14%,127.23%,44.86%,7.43%,39.08%,4.51,-5.25%,"550,376"
LFS,57.55M,19.16,-,-,0.74,4.70,3.74,20.55,-,-,-,-,-,2.20,-2.65%,"75,468"
LFSC,-,-,-,-,-,-,-,-,-,-,-,-,-,45.63,0.96%,"1,846"
LFST,4.18B,182.26,54.05,0.31,2.80,2.83,21.48,29.34,580.33%,46.72%,-,172.02%,30.44%,10.79,-0.83%,"3,086,772"
LFT,48.99M,-,3.74,-,0.63,0.31,1.60,-,-7.14%,92.31%,-,-,18.19%,0.93,0.06%,"160,583"
LFTO,3.89B,174.35,-,-,5.25,-,19.37,-,-,-,-,-,-,23.38,-2.46%,"459,049"
LFUS,10.53B,-,24.45,1.05,4.23,4.17,21.84,27.16,36.14%,17.13%,-,23.24%,10.54%,416.31,2.23%,"554,556"
LFVN,78.22M,13.94,13.58,-,0.40,2.34,6.27,20.80,-30.08%,-20.35%,-0.93%,-20.63%,-0.38%,6.20,0.16%,"137,962"
LFWD,22.51M,-,-,-,1.08,3.53,1.97,-,66.54%,60.43%,24.32%,57.23%,38.06%,8.00,0.63%,"5,607"
LGCF,-,-,-,-,-,-,-,-,-,-,-,-,-,36.95,-0.07%,9
LGCL,57.34M,0.02,-,-,0.39,0.08,11.40,-,-,-,-,-,34.17%,1.34,2.29%,"115,448"
LGCY,155.62M,20.15,15.44,0.79,2.00,3.14,7.18,32.76,14.12%,18.32%,-,19.43%,31.33%,12.30,5.04%,"102,460"
LGDS,-,-,-,-,-,-,-,-,-,-,-,-,-,49.70,1.24%,"135,705"
LGDX,-,-,-,-,-,-,-,-,-,-,-,-,-,25.13,0.12%,9
LGH,-,-,-,-,-,-,-,-,-,-,-,-,-,65.12,1.50%,"33,002"
LGHL,1.25M,-,-,-,0.14,0.05,0.05,-,-,-,67.55%,-,-2.36%,2.42,10.88%,"33,435,883"
LGHT,-,-,-,-,-,-,-,-,-,-,-,-,-,8.57,-2.51%,111
LGI,238.92M,7.17,-,-,50.34,1.00,-,-,-,-,-,-,-,18.36,0.44%,"20,809"
LGIH,1.37B,19.31,15.58,-,0.82,0.65,22.46,-,-7.09%,21.70%,-24.55%,-,-6.35%,58.84,1.87%,"177,082"
LGL,90.65M,279.44,351.96,-,34.34,1.03,1.94,394.14,-208.33%,115.38%,-10.37%,-,-39.85%,6.93,0.43%,"50,256"
LGLV,-,-,-,-,-,-,-,-,-,-,-,-,-,183.70,-0.75%,"12,593"
LGN,7.54B,-,34.35,-,-,14.92,30.83,-,358.24%,38.03%,-,-,-,69.80,2.15%,"1,503,625"
LGND,6.03B,40.81,26.71,1.53,21.98,6.04,7.74,49.00,12.01%,23.76%,-,17.46%,7.54%,300.97,-2.68%,"649,076"
LGO,55.57M,-,-,-,0.51,0.44,4.79,-,83.17%,-,-,-,-1.74%,0.66,-0.88%,"460,108"
LGOV,-,-,-,-,-,-,-,-,-,-,-,-,-,21.15,0.00%,"126,193"
LGPS,26.49M,5.24,-,-,0.18,1.00,1.61,-,-,-,-,-,-,1.12,8.74%,"1,460,811"
LGRO,-,-,-,-,-,-,-,-,-,-,-,-,-,44.32,0.46%,"1,421"
LGVN,19.67M,-,-,-,16.12,1.20,1.25,-,50.39%,27.73%,8.03%,46.28%,-26.60%,0.62,-1.38%,"187,898"
LH,22.61B,24.43,14.16,1.62,1.60,2.60,23.04,16.33,9.62%,8.06%,-8.01%,8.76%,-0.04%,275.68,-0.36%,"751,715"
LHAI,19.80M,-,-,-,0.98,2.64,5.71,-,-,-,-,-,-,1.22,22.00%,"93,359,442"
LHSW,8.70M,6.75,-,-,0.19,0.48,96.67,-,-,-,-,-,-,2.53,0.00%,"130,649"
LHX,54.03B,31.49,21.25,1.55,2.40,2.75,91.57,20.87,8.40%,17.34%,10.46%,13.73%,3.74%,290.01,0.46%,"1,034,225"
LI,10.40B,-,18.92,0.52,0.68,1.33,0.77,-,-78.32%,813.56%,-,36.51%,62.71%,12.47,2.38%,"3,011,640"
LIAE,-,-,-,-,-,-,-,-,-,-,-,-,-,204.96,0.10%,10
LIAM,-,-,-,-,-,-,-,-,-,-,-,-,-,232.42,0.11%,10
LIAU,-,-,-,-,-,-,-,-,-,-,-,-,-,257.08,0.11%,8
LIBD,-,-,-,-,-,-,-,-,-,-,-,-,-,272.77,0.09%,12
LICN,22.36M,-,-,-,0.91,0.31,0.83,-,-,-,-,-,-4.38%,1.36,-2.16%,"70,000"
LIDR,60.68M,-,-,-,224.73,0.80,0.79,-,34.92%,6.34%,22.15%,26.60%,-31.80%,1.31,1.55%,"602,910"
LIEN,226.16M,6.59,5.88,0.77,3.83,0.74,67.51,6.48,13.45%,2.13%,-,7.67%,-,9.88,-0.10%,"36,312"
LIF,4.29B,30.51,28.82,8.84,8.12,7.16,9.39,46.63,-45.58%,39.09%,-,3.26%,43.42%,53.00,1.49%,"560,127"
LIFE,1.25B,-,27.53,-,2.57,2.83,8.64,-,-306.19%,128.65%,-,-15.19%,-,19.84,2.74%,"554,576"
LIFT,-,-,-,-,-,-,-,-,-,-,-,-,-,23.38,0.10%,12
LII,19.58B,25.34,21.10,2.74,3.72,16.14,390.13,29.64,5.38%,9.26%,19.78%,7.71%,7.41%,562.77,2.10%,"439,301"
LILA,1.45B,-,25.44,-,0.33,2.69,2.13,4.45,95.57%,409.16%,2.57%,-,3.37%,7.24,-3.34%,"367,448"
LILAK,1.46B,-,20.02,-,0.33,2.69,2.14,4.46,98.98%,1796.73%,2.57%,-,3.37%,7.23,-2.95%,"1,447,431"
LIME,1.69B,-,-,-,-,-,4.99,-,-,-,-,-,-,26.39,2.05%,"243,687"
LIMI,-,-,-,-,-,-,-,-,-,-,-,-,-,42.54,3.02%,200
LIMN,5.24M,-,-,-,-,-,2.74,-,-,-,-,-,-,0.10,-4.52%,"2,893,029"
LIN,241.73B,34.68,26.68,2.83,6.98,6.27,61.06,47.43,8.77%,9.41%,25.41%,9.43%,4.52%,522.54,-0.29%,"2,153,756"
LINC,1.70B,74.87,49.32,1.71,3.12,8.53,101.70,-,22.66%,38.22%,-15.53%,28.88%,12.07%,53.51,-0.67%,"325,313"
LIND,1.72B,-,83.38,-,2.15,-,5.35,24.07,125.40%,96.25%,20.78%,-,56.41%,26.18,-1.17%,"735,291"
LINE,10.02B,-,-,-,1.87,1.24,149.52,65.47,-84.63%,24.05%,15.41%,-3.44%,9.67%,44.00,0.34%,"489,840"
LINK,67.25M,-,-,-,5.47,7.69,31.87,-,-,-,-,-,11.54%,4.27,0.71%,"13,294"
LINT,-,-,-,-,-,-,-,-,-,-,-,-,-,147.46,8.83%,"108,296"
LION,3.86B,-,32.75,-,1.47,-,9.20,338.82,485.08%,17.08%,-813.68%,-,-,13.29,0.00%,"2,481,557"
LIQT,23.21M,-,-,-,1.45,1.01,8.50,-,11.24%,11.39%,24.85%,-,-6.03%,0.77,-1.89%,"69,926"
LIT,-,-,-,-,-,-,-,-,-,-,-,-,-,71.58,1.91%,"224,630"
LITB,58.43M,6.29,3.59,-,0.25,-,3.42,-,40.00%,42.86%,-8.99%,-,-10.83%,3.23,1.89%,"3,890"
LITC,-,-,-,-,-,-,-,-,-,-,-,-,-,26.83,13.11%,684
LITE,63.39B,151.22,44.18,0.31,25.47,19.65,19.98,556.07,298.99%,124.37%,-26.60%,142.02%,-0.40%,814.80,6.07%,"3,768,910"
LITL,-,-,-,-,-,-,-,-,-,-,-,-,-,34.03,-0.05%,403
LITP,-,-,-,-,-,-,-,-,-,-,-,-,-,11.21,2.25%,"28,745"
LITS,33.92M,-,-,-,-,0.62,4.50,-,-,-,25.03%,-,-,1.00,5.40%,"119,605"
LITU,-,-,-,-,-,-,-,-,-,-,-,-,-,18.86,12.33%,"89,494"
LITX,-,-,-,-,-,-,-,-,-,-,-,-,-,29.90,11.65%,"2,701,654"
LITZ,-,-,-,-,-,-,-,-,-,-,-,-,-,15.88,-12.27%,"630,423"
LIVE,33.30M,14.58,-,-,0.08,0.36,2.19,1.71,-,-,9.77%,-,18.34%,10.84,-1.81%,"2,155"
LIVN,4.35B,40.84,17.13,1.86,3.03,3.59,8.05,26.99,8.90%,8.74%,9.06%,9.21%,8.24%,79.12,-4.65%,"828,625"
LJAN,-,-,-,-,-,-,-,-,-,-,-,-,-,24.73,0.04%,175
LJUL,-,-,-,-,-,-,-,-,-,-,-,-,-,23.91,0.06%,178
LKFN,1.51B,14.19,13.50,-,3.55,2.02,-,14.16,7.79%,3.82%,3.97%,-,12.38%,60.56,-0.26%,"116,529"
LKFT,1.94B,3.40,-,-,1.60,0.52,0.57,-,-161.09%,24.49%,-,-,18.16%,29.47,-1.11%,"169,337"
LKOR,-,-,-,-,-,-,-,-,-,-,-,-,-,40.78,0.18%,"1,287"
LKQ,6.33B,12.30,7.48,1.76,0.45,0.98,18.91,7.84,-1.35%,11.96%,2.38%,4.25%,3.26%,24.86,-2.16%,"2,224,303"
LKSP,198.49M,116.70,-,-,-,1.42,1102.71,-,-,-,-,-,-,10.16,0.05%,"9,659"
LLDR,-,-,-,-,-,-,-,-,-,-,-,-,-,43.90,0.19%,21
LLY,1085.39B,41.49,25.52,0.88,15.02,34.86,205.49,91.80,47.14%,26.80%,27.59%,29.09%,21.58%,1152.54,-2.48%,"2,643,118"
LLYVA,9.48B,-,-,-,-,-,18.08,-,-247.37%,13.33%,-,-,-,100.25,-0.83%,"100,330"
LLYVK,9.48B,-,-,-,-,-,18.08,-,-247.37%,13.33%,-,-,-,104.13,-0.83%,"251,005"
LLYX,-,-,-,-,-,-,-,-,-,-,-,-,-,25.48,-5.28%,"570,839"
LMAT,2.24B,36.06,30.06,2.57,8.73,5.50,6.09,28.26,19.04%,8.53%,19.43%,11.68%,14.05%,97.86,-2.42%,"225,519"
LMB,890.51M,27.18,14.66,2.90,1.36,4.54,56.25,26.46,10.47%,2.25%,35.05%,5.06%,2.62%,74.70,2.13%,"159,724"
LMBS,-,-,-,-,-,-,-,-,-,-,-,-,-,49.71,0.15%,"845,919"
LMFA,1.93M,-,-,-,0.23,0.09,0.44,-,73.17%,39.77%,26.24%,-,47.58%,2.79,-4.45%,"131,904"
LMND,5.39B,-,-,-,7.43,10.40,-,276.32,22.32%,52.84%,9.24%,-,50.72%,70.14,-0.68%,"705,408"
LMNR,246.96M,-,26.53,-,1.86,1.83,277.48,-,56.12%,248.08%,0.70%,-,-0.59%,13.62,-2.16%,"64,284"
LMNX,-,-,-,-,-,-,-,-,-,-,-,-,-,18.50,-1.04%,"22,163"
LMRI,1.05B,-,12.82,-,-,1.75,20.46,-,214.55%,12.56%,-,-,-,10.91,-2.15%,"439,120"
LMT,118.74B,24.94,16.08,0.95,1.58,15.82,62.69,20.97,39.24%,7.06%,-2.43%,16.88%,2.79%,514.99,-1.09%,"698,465"
LMTL,-,-,-,-,-,-,-,-,-,-,-,-,-,31.07,-2.27%,"5,422"
LMUB,-,-,-,-,-,-,-,-,-,-,-,-,-,50.76,-0.02%,"99,918"
LNAI,13.51M,-,-,-,675.50,-,4.28,-,-,-,-34.35%,-,-,2.98,5.30%,"32,225"
LNC,7.89B,4.77,4.89,1.06,0.40,0.86,-,32.47,-6.45%,9.70%,17.86%,4.59%,1.55%,41.26,1.00%,"2,079,760"
LND,369.55M,-,-,-,2.35,0.95,20.52,236.89,-,-,-12.47%,-,7.07%,3.71,2.49%,"51,206"
LNG,55.54B,43.38,16.20,-,2.65,14.83,31.41,25.24,-110.60%,739.46%,-,-14.66%,15.90%,265.03,0.66%,"1,759,985"
LNGX,-,-,-,-,-,-,-,-,-,-,-,-,-,41.48,0.02%,"5,346"
LNKS,2.55M,-,-,-,0.49,0.01,0.59,-,-,-,-,-,-7.87%,1.44,4.35%,"47,244"
LNN,1.17B,22.15,19.04,-,1.87,2.35,7.59,26.15,-23.46%,16.86%,13.78%,-2.21%,7.34%,115.46,0.46%,"142,574"
LNOK,-,-,-,-,-,-,-,-,-,-,-,-,-,48.80,0.31%,"139,886"
LNSR,69.72M,-,-,-,1.21,6.46,5.17,-,127.35%,-144.59%,-9.65%,-,17.24%,5.76,-1.03%,"32,869"
LNT,19.71B,23.99,20.72,2.68,4.46,2.65,171.38,-,6.23%,7.67%,4.94%,7.74%,5.01%,76.31,-0.42%,"1,795,734"
LNTH,6.66B,24.69,16.07,2.04,4.31,4.88,13.37,17.67,-11.45%,18.35%,-,7.86%,35.35%,102.37,-2.87%,"783,012"
LNZA,75.26M,-,-,-,1.29,1.21,3.17,-,83.25%,-,-,-,-,5.75,-1.20%,"51,376"
LOAN,50.29M,10.04,10.00,-,5.94,1.17,239.49,10.24,-2.22%,0.00%,0.35%,-,4.34%,4.40,4.02%,"39,419"
LOAR,6.69B,100.73,47.34,2.47,12.43,5.67,70.47,77.88,20.48%,20.40%,-,19.15%,-,71.41,-0.71%,"534,704"
LOB,1.92B,15.88,10.03,-,1.84,1.63,-,15.23,64.75%,36.43%,9.39%,-,21.22%,41.54,0.05%,"114,079"
LOBO,9.48M,-,-,-,0.41,1.23,5.71,-,-,-,-,-,13.22%,0.69,-2.72%,"110,928"
LOCL,29.63M,-,-,-,0.59,-,1.58,-,-,-,-12.04%,-,258.21%,1.30,-0.76%,"8,572"
LOCO,504.34M,16.74,15.33,-,1.01,1.67,129.32,18.78,-0.68%,10.96%,5.67%,-,2.84%,16.56,-1.08%,"285,369"
LOCT,-,-,-,-,-,-,-,-,-,-,-,-,-,23.92,0.02%,79
LODE,326.43M,-,13.44,-,302.25,2.04,6.16,-,64.96%,178.05%,-,-,50.43%,4.30,2.87%,"688,237"
LODI,-,-,-,-,-,-,-,-,-,-,-,-,-,25.19,0.04%,"5,730"
LOFF,-,-,-,-,-,-,-,-,-,-,-,-,-,15.88,-4.11%,"524,566"
LOGI,14.43B,20.97,16.57,3.45,2.98,6.53,8.29,14.45,-2.62%,7.84%,-3.11%,4.81%,-1.62%,100.59,-1.59%,"959,493"
LOGO,-,-,-,-,-,-,-,-,-,-,-,-,-,20.61,0.88%,"1,924"
LOHA,-,-,-,-,-,-,-,-,-,-,-,-,-,25.60,-0.04%,"19,755"
LOMA,1.33B,48.71,13.54,0.18,2.14,1.52,39.21,-,187.61%,39.01%,-34.51%,76.31%,2.95%,11.37,1.97%,"468,331"
LONA,89.43M,-,-,-,-,1.81,1.32,-,89.59%,30.37%,-32.09%,56.56%,-,9.52,-2.46%,"13,304"
LONZ,-,-,-,-,-,-,-,-,-,-,-,-,-,49.19,0.04%,"36,243"
LOOP,45.93M,-,-,-,90.06,-,19.46,-,25.00%,-,21.98%,-,-,0.95,12.05%,"372,692"
LOPE,3.95B,18.61,13.35,1.30,3.51,5.72,15.70,15.19,10.94%,10.82%,7.18%,10.26%,5.55%,149.00,-2.85%,"208,485"
LOPP,-,-,-,-,-,-,-,-,-,-,-,-,-,38.32,0.98%,20
LOT,653.48M,-,-,-,1.26,-,1.45,-,3.93%,31.64%,-,-,-,1.02,-7.27%,"122,725"
LOTI,-,-,-,-,-,-,-,-,-,-,-,-,-,26.17,-0.30%,"3,198"
LOUP,-,-,-,-,-,-,-,-,-,-,-,-,-,92.80,0.92%,"6,563"
LOVE,256.76M,68.57,17.17,0.23,0.37,1.25,4.50,7.18,98.81%,83.53%,-22.04%,76.13%,16.80%,17.54,2.21%,"192,908"
LOW,116.45B,17.56,15.46,2.44,1.32,-,93.61,15.28,1.52%,7.67%,8.87%,6.34%,-0.75%,207.68,-0.01%,"3,032,662"
LOWV,-,-,-,-,-,-,-,-,-,-,-,-,-,80.96,-0.06%,"2,435"
LPA,108.14M,32.95,7.83,3.07,2.05,0.43,3.83,-,-97.39%,3175.08%,-,2.55%,-,3.42,0.29%,"42,470"
LPAA,341.55M,44.23,-,-,-,1.45,1265.00,-,-,-,-,-,-,11.88,8.00%,369
LPBB,308.77M,35.69,-,-,-,1.32,2205.53,-,-,-,-,-,-,10.74,0.05%,"2,830"
LPCN,19.04M,-,-,-,9.52,0.76,0.77,-,-12.72%,13.39%,22.70%,17.47%,-,2.31,-1.70%,"28,610"
LPCV,286.50M,-,-,-,-,1.29,314.83,-,-,-,-,-,-,9.99,-0.50%,8
LPG,1.78B,9.17,11.19,-,3.70,1.56,5.44,15.62,52.30%,-46.57%,19.59%,-15.23%,8.79%,41.63,3.71%,"654,232"
LPL,3.51B,-,5.48,0.08,0.20,0.83,3.53,29.83,-92.32%,5141.64%,-,67.89%,-2.45%,3.51,-2.23%,"13,168,711"
LPLA,25.70B,28.69,10.89,0.52,1.41,4.53,8.83,-,16.35%,26.27%,13.26%,20.78%,23.68%,321.35,0.09%,"628,956"
LPRE,-,-,-,-,-,-,-,-,-,-,-,-,-,30.00,-0.27%,"21,609"
LPRO,371.54M,-,18.12,-,4.16,4.93,2.01,864.04,367.86%,61.78%,49.57%,-,-3.06%,3.14,0.64%,"1,945,763"
LPSN,21.83M,-,-,-,0.09,-,0.22,-,22.37%,-,12.74%,-,-7.84%,1.77,1.14%,"30,752"
LPTH,764.48M,-,418.91,-,12.18,7.91,13.84,-,42.36%,113.25%,-,-,1.25%,11.52,4.44%,"1,849,296"
LPX,5.27B,64.38,20.43,0.94,2.06,3.05,32.13,-,-30.22%,99.65%,-14.08%,21.79%,-0.58%,75.41,4.45%,"2,251,310"
LQ,-,-,-,-,-,-,-,-,-,-,-,-,-,23.88,0.38%,98
LQAI,-,-,-,-,-,-,-,-,-,-,-,-,-,46.01,0.89%,58
LQD,-,-,-,-,-,-,-,-,-,-,-,-,-,107.21,0.23%,"33,689,077"
LQDA,6.80B,540.18,13.43,-,23.61,62.21,30.53,165.30,514.50%,71.77%,14.60%,-,192.49%,76.49,7.41%,"1,154,679"
LQDB,-,-,-,-,-,-,-,-,-,-,-,-,-,85.31,0.21%,"1,464"
LQDH,-,-,-,-,-,-,-,-,-,-,-,-,-,92.37,-0.02%,"24,133"
LQDI,-,-,-,-,-,-,-,-,-,-,-,-,-,26.07,0.64%,"3,475"
LQDM,-,-,-,-,-,-,-,-,-,-,-,-,-,24.20,0.21%,"1,743"
LQDT,1.21B,41.70,22.97,-,2.53,5.46,5.95,15.61,17.58%,12.62%,-,-,18.28%,38.93,0.13%,"120,654"
LQDW,-,-,-,-,-,-,-,-,-,-,-,-,-,23.59,0.28%,"265,839"
LQID,-,-,-,-,-,-,-,-,-,-,-,-,-,25.05,-0.04%,"4,428"
LQTI,-,-,-,-,-,-,-,-,-,-,-,-,-,19.00,0.26%,"381,733"
LRCC,-,-,-,-,-,-,-,-,-,-,-,-,-,24.00,9.62%,748
LRCU,-,-,-,-,-,-,-,-,-,-,-,-,-,67.96,9.23%,"112,108"
LRCX,432.82B,65.33,42.96,1.29,19.96,40.89,91.10,72.08,37.38%,41.65%,22.42%,33.23%,12.92%,346.10,4.90%,"10,699,071"
LRE,18.28M,2.68,-,-,0.15,0.64,2.79,-,-,-,45.01%,-,9.42%,1.34,3.88%,"7,217"
LRGC,-,-,-,-,-,-,-,-,-,-,-,-,-,84.94,0.40%,"49,210"
LRGE,-,-,-,-,-,-,-,-,-,-,-,-,-,87.51,1.28%,"13,764"
LRGF,-,-,-,-,-,-,-,-,-,-,-,-,-,76.29,0.58%,"181,155"
LRGG,-,-,-,-,-,-,-,-,-,-,-,-,-,28.44,-0.03%,"20,270"
LRHC,1.69M,-,-,-,0.02,-,0.35,-,-,-,-,-,23.21%,1.05,3.96%,"63,970"
LRMR,386.44M,-,-,-,-,2.46,1.93,-,29.16%,23.94%,8.74%,38.49%,-,3.72,-0.13%,"1,842,147"
LRN,3.69B,13.40,11.57,1.07,1.46,2.25,4.58,8.92,17.98%,6.98%,58.07%,10.78%,18.24%,86.88,-5.59%,"1,315,387"
LRND,-,-,-,-,-,-,-,-,-,-,-,-,-,44.92,0.62%,113
LRNX,-,-,-,-,-,-,-,-,-,-,-,-,-,26.91,-12.04%,706
LRNZ,-,-,-,-,-,-,-,-,-,-,-,-,-,62.90,2.65%,"3,743"
LSAF,-,-,-,-,-,-,-,-,-,-,-,-,-,53.04,-0.17%,"6,354"
LSAK,416.98M,-,8.84,-,0.59,2.17,4.60,28.58,170.28%,56.52%,6.41%,-,35.52%,4.86,0.41%,"57,826"
LSAT,-,-,-,-,-,-,-,-,-,-,-,-,-,45.08,-0.31%,"3,641"
LSBK,131.66M,15.79,-,-,3.28,0.88,-,13.64,-,-,11.35%,-,7.51%,17.00,-0.23%,"2,285"
LSCC,18.35B,943.03,56.67,1.24,31.96,24.76,131.09,143.54,72.72%,30.30%,-41.85%,45.56%,5.10%,133.91,2.42%,"1,384,203"
LSCP,-,-,-,-,-,-,-,-,-,-,-,-,-,24.90,0.10%,8
LSE,77.04M,62.76,-,-,1.59,1.70,2.67,-,-,-,-,-,-,4.53,3.55%,"1,498"
LSEQ,-,-,-,-,-,-,-,-,-,-,-,-,-,34.55,1.39%,661
LSF,49.63M,-,14.55,-,0.95,3.64,4.72,-,168.82%,45.31%,28.34%,-,14.11%,4.51,-1.10%,"21,375"
LSGR,-,-,-,-,-,-,-,-,-,-,-,-,-,43.35,0.54%,"43,593"
LSH,13.12M,-,-,-,0.63,0.87,10.10,-,-,-,-,-,-,0.38,-7.25%,"69,828"
LSPD,1.42B,-,11.19,0.34,1.16,0.96,3.11,19.87,39.70%,49.56%,2.56%,33.07%,40.80%,10.29,-0.77%,"503,796"
LST,-,-,-,-,-,-,-,-,-,-,-,-,-,45.83,-1.31%,"11,403"
LSTA,33.78M,-,-,-,198.71,3.09,2.59,-,54.58%,-6.42%,24.76%,25.81%,-,3.71,0.27%,"23,326"
LSTB,-,-,-,-,-,-,-,-,-,-,-,-,-,24.91,0.14%,6
LSTR,7.17B,58.39,28.38,0.77,1.51,8.98,17.45,30.71,75.89%,27.96%,-7.82%,37.03%,2.79%,211.41,-0.69%,"570,430"
LSVD,-,-,-,-,-,-,-,-,-,-,-,-,-,34.83,0.28%,386
LTAX,-,-,-,-,-,-,-,-,-,-,-,-,-,25.20,0.12%,"1,186"
LTBR,280.47M,-,-,-,-,1.28,1.30,-,-,-,25.98%,-,-,7.98,3.64%,"595,782"
LTC,2.05B,16.09,22.12,-,6.59,1.80,94.55,16.78,-25.50%,-3.60%,0.84%,-12.30%,7.70%,40.03,0.91%,"898,650"
LTCC,-,-,-,-,-,-,-,-,-,-,-,-,-,10.97,3.98%,"2,832"
LTGRU,172.85M,-,-,-,-,-,8.23,-,-,-,-,-,-,10.02,-0.20%,192
LTH,9.25B,24.41,24.37,4.80,3.01,2.87,61.62,-,-9.07%,13.01%,-,5.08%,25.86%,41.57,0.24%,"1,678,951"
LTL,-,-,-,-,-,-,-,-,-,-,-,-,-,24.53,-0.22%,"4,975"
LTM,15.36B,9.41,8.09,0.86,1.03,7.95,5.87,8.78,-0.61%,34.41%,-,9.40%,29.28%,53.51,0.34%,"869,604"
LTPZ,-,-,-,-,-,-,-,-,-,-,-,-,-,49.03,0.08%,"172,838"
LTRN,39.17M,-,-,-,-,10.03,6.20,-,3.82%,-33.77%,-10.59%,-10.36%,-,3.07,-11.27%,"156,237"
LTRX,239.10M,-,19.28,0.52,2.02,2.87,10.17,28.26,8.57%,82.89%,7.06%,37.00%,15.47%,5.36,0.94%,"674,355"
LTTI,-,-,-,-,-,-,-,-,-,-,-,-,-,17.93,0.17%,"14,404"
LU,1.08B,-,4.82,-,0.26,0.10,0.18,0.59,98.54%,2663.46%,-,-,-13.48%,1.29,3.20%,"705,524"
LUCD,203.07M,-,-,-,39.58,-,7.28,-,44.96%,26.76%,-25.34%,29.61%,-,1.00,0.90%,"760,412"
LUCK,1.12B,-,62.43,-,0.90,-,19.13,45.52,-24.04%,171.32%,-322.04%,-,-,7.18,-2.31%,"124,336"
LUCY,6.13M,-,-,-,2.06,0.72,1.08,-,35.26%,65.85%,1.99%,-,115.71%,0.96,-8.79%,"739,388"
LUD,100.38M,-,-,-,-,-,-,-,-,-,-,-,-,4.42,-0.14%,"4,977"
LULG,-,-,-,-,-,-,-,-,-,-,-,-,-,6.35,-5.16%,"100,293"
LULU,13.92B,9.47,10.30,-,1.24,2.78,9.19,10.88,-17.30%,3.84%,24.13%,-2.24%,20.33%,117.32,-2.48%,"2,217,803"
LUMN,6.56B,-,-,-,0.54,-,4.03,14.68,-535.43%,58.90%,-8.90%,-,-9.75%,6.37,-1.24%,"9,496,433"
LUNG,62.51M,-,-,-,0.71,1.37,1.01,-,14.14%,8.58%,-8.01%,16.03%,22.55%,1.48,1.37%,"191,629"
LUNL,-,-,-,-,-,-,-,-,-,-,-,-,-,4.59,-2.96%,"869,118"
LUNR,3.24B,-,319.48,-,9.68,-,13.30,-,56.85%,114.81%,-83.76%,-,36.54%,14.91,-1.58%,"10,474,047"
LUV,23.25B,30.30,9.82,0.12,0.80,3.57,6.99,-,231.88%,56.88%,-,78.58%,25.41%,47.56,-0.75%,"5,182,226"
LUXE,1.07B,1.92,-,-,0.38,0.75,3.00,-,47.37%,90.42%,139.46%,-,22.53%,7.83,2.09%,"106,078"
LVDS,-,-,-,-,-,-,-,-,-,-,-,-,-,58.13,-0.40%,"1,126"
LVHD,-,-,-,-,-,-,-,-,-,-,-,-,-,44.45,-0.67%,"34,384"
LVHI,-,-,-,-,-,-,-,-,-,-,-,-,-,41.61,0.22%,"606,348"
LVIG,-,-,-,-,-,-,-,-,-,-,-,-,-,98.17,0.32%,730
LVLN,-,-,-,-,-,-,-,-,-,-,-,-,-,24.67,0.18%,"20,247"
LVLU,26.61M,-,-,-,0.10,-,3.58,-,-,-,8.32%,-,2.57%,9.29,11.66%,"188,449"
LVO,70.66M,-,-,-,0.92,-,13.13,-,56.68%,54.68%,19.75%,-,3.41%,5.21,2.36%,"38,117"
LVS,29.67B,16.57,12.49,1.60,2.16,24.78,8.91,13.44,9.64%,8.66%,-,7.79%,34.66%,44.78,-2.44%,"3,887,858"
LVWR,147.79M,-,-,-,5.27,5.22,2.19,-,-,-,1.68%,-,-,0.72,1.28%,"172,717"
LW,6.42B,21.70,15.88,-,0.99,3.54,111.66,10.12,-17.21%,5.56%,0.13%,-0.09%,11.21%,46.50,-1.02%,"1,077,501"
LWAC,309.17M,56.86,-,-,-,1.44,490.75,-,-,-,-,-,-,10.28,0.29%,18
LWAY,494.06M,33.38,21.84,0.99,2.15,5.47,88.23,-,24.72%,33.33%,34.19%,22.10%,15.81%,32.33,1.83%,"122,370"
LWLG,1.06B,-,-,-,4410.55,12.72,14.09,-,-,-,-16.65%,-,-,6.87,6.18%,"2,533,540"
LX,190.93M,1.25,1.52,0.10,0.10,0.14,0.41,-,1.66%,34.13%,22.69%,15.77%,1.36%,1.44,-3.36%,"8,280,871"
LXEH,2.54M,-,-,-,0.59,0.12,1.39,-,-,-,-,-,2.87%,1.36,6.25%,"15,076"
LXEO,362.77M,-,-,-,-,1.48,1.88,-,37.66%,-10.51%,-57.31%,25.87%,-,4.62,-0.54%,"606,557"
LXFR,461.60M,80.05,12.08,1.60,1.24,2.05,26.99,28.60,2.25%,24.67%,-17.19%,7.53%,3.44%,17.09,0.29%,"82,486"
LXP,3.24B,36.96,137.05,-,9.34,1.63,24.91,19.45,-95.90%,437.68%,-11.22%,-,1.17%,55.04,0.68%,"671,424"
LXRX,941.70M,-,-,-,13.52,4.43,5.52,-,-13.33%,-30.01%,23.47%,12.50%,15.72%,2.12,-2.30%,"1,541,127"
LXU,804.99M,17.64,16.60,0.51,1.26,1.48,4.43,12.03,203.63%,-34.72%,-,32.37%,11.86%,11.19,-0.62%,"714,594"
LYB,18.90B,-,8.47,0.14,0.64,1.88,7.16,20.81,425.13%,-22.58%,-,61.46%,1.68%,58.55,0.39%,"4,420,530"
LYEL,312.68M,-,-,-,10422.64,1.14,1.23,-,52.16%,-4.00%,0.99%,23.93%,-65.85%,13.40,-6.49%,"171,353"
LYFT,5.93B,2.19,15.57,-,0.91,1.97,3.44,5.28,-91.20%,67.29%,-,-,21.71%,15.61,-0.38%,"8,258,492"
LYG,86.20B,14.14,9.15,0.36,3.23,1.37,-,-,42.82%,19.49%,42.58%,25.36%,14.58%,5.93,0.68%,"18,218,234"
LYLD,-,-,-,-,-,-,-,-,-,-,-,-,-,30.79,-0.58%,270
LYTS,878.53M,31.68,17.31,1.10,1.44,2.49,85.05,23.25,4.91%,23.16%,16.90%,15.76%,13.41%,23.93,0.76%,"169,311"
LYV,42.25B,-,74.21,-,1.65,-,4.65,34.83,-9.18%,1033.76%,50.70%,-,68.39%,181.56,-0.92%,"1,335,515"
LZ,1.28B,120.29,8.87,0.71,1.64,8.82,7.00,8.74,19.48%,13.68%,17.74%,12.44%,9.94%,7.47,-3.24%,"2,173,652"
LZB,1.54B,15.61,11.68,1.95,0.72,1.48,4.99,12.12,-3.18%,12.23%,1.45%,5.99%,4.16%,38.58,-0.49%,"347,546"
LZM,319.16M,-,-,-,301.09,4.03,15.85,-,-70.59%,31.03%,-89.25%,-,-,3.55,6.61%,"358,449"
LZMH,9.82M,-,-,-,-,1.00,4.42,-,-,-,-35.40%,-,88.02%,1.25,-0.79%,"39,371"
M,6.11B,9.55,10.17,12.55,0.27,1.26,4.72,4.28,-5.19%,3.80%,-,0.81%,4.56%,23.21,1.89%,"5,159,770"
MA,475.39B,31.14,23.57,1.48,13.98,71.03,54.21,27.38,15.71%,15.97%,20.99%,15.90%,16.50%,538.02,0.06%,"3,323,798"
MAA,15.95B,40.54,39.95,-,7.21,2.80,187.96,23.27,-9.63%,-2.04%,11.53%,-0.53%,5.65%,133.68,-1.63%,"1,079,409"
MAAS,6.15B,-,-,-,-,9.24,18073.66,-,-,-,58.10%,-,43.51%,14.11,6.57%,"57,679"
MAAY,-,-,-,-,-,-,-,-,-,-,-,-,-,6.09,-0.28%,"38,978"
MAC,7.74B,-,202.39,-,8.25,2.66,28.59,34.51,84.03%,198.71%,-,-,5.32%,24.89,0.57%,"2,936,963"
MACI,236.76M,49.98,-,-,-,1.43,23676.11,-,-,-,-,-,-,10.95,0.46%,8
MADE,-,-,-,-,-,-,-,-,-,-,-,-,-,37.26,0.65%,"17,345"
MAGA,-,-,-,-,-,-,-,-,-,-,-,-,-,56.36,-0.23%,122
MAGC,-,-,-,-,-,-,-,-,-,-,-,-,-,19.01,0.60%,"1,757"
MAGG,-,-,-,-,-,-,-,-,-,-,-,-,-,20.07,0.12%,"7,346"
MAGN,449.65M,-,7.46,-,0.14,0.43,1.48,3.51,210.19%,81.96%,6.73%,-,28.13%,12.56,-3.31%,"571,711"
MAGO,-,-,-,-,-,-,-,-,-,-,-,-,-,22.98,0.00%,0
MAGS,-,-,-,-,-,-,-,-,-,-,-,-,-,67.44,0.67%,"2,942,280"
MAGX,-,-,-,-,-,-,-,-,-,-,-,-,-,55.84,1.53%,"40,039"
MAGY,-,-,-,-,-,-,-,-,-,-,-,-,-,43.13,0.68%,"38,180"
MAIA,87.56M,-,1.29,-,-,3.15,2.54,-,25.71%,315.38%,-2.25%,-,-,1.44,1.41%,"1,463,951"
MAIN,4.94B,11.17,13.53,9.02,7.10,1.59,237.46,14.72,-3.68%,3.13%,65.31%,1.50%,41.38%,53.09,1.10%,"609,084"
MAIR,17.71B,-,28.11,1.44,-,1596.21,77.49,-,24.61%,20.82%,-,19.53%,-,35.34,-0.03%,"874,357"
MAKO,645.32M,13.60,-,-,3.48,3.70,6.86,14.50,-,-,-,-,154.23%,7.37,1.80%,"111,987"
MAKX,-,-,-,-,-,-,-,-,-,-,-,-,-,67.87,1.63%,397
MAMA,762.74M,126.39,50.58,1.21,4.03,13.70,31.25,83.54,84.62%,53.47%,1.32%,41.72%,33.33%,18.63,-2.10%,"383,727"
MAMB,-,-,-,-,-,-,-,-,-,-,-,-,-,23.78,0.38%,"32,427"
MAMO,41.64M,16.08,-,-,0.60,1.84,10.03,27.04,-,-,-24.97%,-,-3.42%,1.00,-0.99%,"37,807"
MAN,1.82B,-,8.23,0.30,0.10,0.88,8.10,-,22.31%,31.06%,-,27.10%,-0.05%,39.18,-3.55%,"1,078,373"
MANE,4.60B,-,-,-,-,10.50,11.78,-,11.80%,10.24%,-,19.86%,-,110.17,-0.01%,"525,049"
MANH,9.38B,44.43,26.62,2.46,8.52,45.73,41.50,24.72,5.97%,11.10%,21.58%,10.84%,13.02%,158.60,0.18%,"644,594"
MANI,-,-,-,-,-,-,-,-,-,-,-,-,-,25.68,0.01%,12
MANU,3.80B,-,366.34,-,4.15,16.07,47.32,35.06,-192.50%,115.00%,-7.01%,-,6.11%,22.05,-1.17%,"164,838"
MAPP,-,-,-,-,-,-,-,-,-,-,-,-,-,27.64,0.70%,374
MAR,95.77B,38.11,27.91,2.15,3.60,-,210.95,33.91,15.77%,12.19%,-,12.95%,19.89%,363.19,0.09%,"1,736,816"
MARA,4.64B,-,-,-,5.34,2.08,8.79,-,28.23%,65.70%,-95.80%,-,190.86%,12.16,-0.25%,"57,203,422"
MARM,-,-,-,-,-,-,-,-,-,-,-,-,-,34.25,0.10%,"5,686"
MARO,-,-,-,-,-,-,-,-,-,-,-,-,-,5.31,-0.19%,"336,408"
MARPS,9.72M,15.49,-,-,10.13,10.33,10.34,-,-,-,4.86%,-,5.78%,4.86,-0.61%,"15,988"
MARS,-,-,-,-,-,-,-,-,-,-,-,-,-,26.86,0.67%,"24,400"
MART,-,-,-,-,-,-,-,-,-,-,-,-,-,42.17,0.31%,113
MARU,-,-,-,-,-,-,-,-,-,-,-,-,-,29.81,0.38%,"3,286"
MARW,-,-,-,-,-,-,-,-,-,-,-,-,-,36.27,0.16%,230
MARZ,-,-,-,-,-,-,-,-,-,-,-,-,-,36.91,0.30%,52
MAS,15.71B,19.34,16.57,1.75,2.05,-,40.48,16.67,7.97%,9.89%,10.68%,9.47%,1.02%,77.85,2.19%,"2,194,871"
MASK,2.01M,1.55,-,-,0.37,0.18,0.78,-,-,-,-,-,-,1.74,-3.87%,"71,706"
MASS,334.79M,-,-,-,5.79,2.28,3.00,-,-88.03%,-7.76%,-16.61%,-15.88%,15.88%,8.16,2.64%,"248,738"
MAT,3.97B,8.63,8.56,0.99,0.74,1.89,4.59,11.87,-5.82%,20.22%,28.40%,8.68%,3.11%,13.67,-1.23%,"5,957,112"
MATE,-,-,-,-,-,-,-,-,-,-,-,-,-,30.43,0.89%,"2,575"
MATH,42.97M,5.41,-,-,-,1.16,0.10,22.50,-,-,-,-,-,0.99,0.00%,"19,168"
MATV,426.05M,5.73,6.18,-,0.21,0.90,4.88,3.67,21.43%,47.06%,-,-,13.01%,7.73,-0.64%,"611,818"
MATW,825.62M,90.99,21.43,3.58,0.68,1.61,22.88,-,-13.49%,13.30%,22.39%,5.98%,-0.01%,26.46,-0.64%,"227,232"
MATX,6.38B,15.50,13.67,1.86,1.92,2.34,63.78,32.34,6.58%,4.84%,25.49%,7.35%,7.01%,210.95,2.83%,"247,660"
MAUG,-,-,-,-,-,-,-,-,-,-,-,-,-,32.65,0.11%,6
MAVF,-,-,-,-,-,-,-,-,-,-,-,-,-,136.90,0.08%,51
MAX,878.52M,22.15,11.29,0.21,0.76,401.20,33.72,21.95,161.01%,22.64%,-,53.48%,13.75%,14.09,1.59%,"865,397"
MAXI,-,-,-,-,-,-,-,-,-,-,-,-,-,9.40,7.66%,"23,582"
MAXJ,-,-,-,-,-,-,-,-,-,-,-,-,-,29.21,0.10%,"44,732"
MAYC,-,-,-,-,-,-,-,-,-,-,-,-,-,25.76,0.14%,31
MAYM,-,-,-,-,-,-,-,-,-,-,-,-,-,32.99,0.11%,884
MAYP,-,-,-,-,-,-,-,-,-,-,-,-,-,32.63,0.29%,"1,521"
MAYS,75.67M,-,-,-,3.53,1.48,24.10,-,-,-,31.54%,-,1.93%,38.00,-2.19%,124
MAYT,-,-,-,-,-,-,-,-,-,-,-,-,-,39.17,0.28%,"15,582"
MAYU,-,-,-,-,-,-,-,-,-,-,-,-,-,34.30,0.33%,"2,328"
MAYW,-,-,-,-,-,-,-,-,-,-,-,-,-,34.94,0.20%,"27,423"
MAYZ,-,-,-,-,-,-,-,-,-,-,-,-,-,36.29,0.37%,50
MAZE,1.65B,-,-,-,82.69,4.35,4.69,-,10.49%,-17.96%,-,-6.03%,-,29.88,2.40%,"411,327"
MB,76.34M,-,-,-,1.30,12.53,4.02,-,-,-,-,-,-,4.45,9.88%,182
MBAI,7.93M,1.53,-,-,-,2.31,36.05,-,-,-,-,-,-,1.13,0.00%,"221,060"
MBAV,390.82M,85.36,-,-,-,1.35,444.11,-,-,-,-,-,-,10.88,0.14%,"60,692"
MBB,-,-,-,-,-,-,-,-,-,-,-,-,-,93.67,0.44%,"1,688,456"
MBBA,-,-,-,-,-,-,-,-,-,-,-,-,-,49.22,0.30%,"13,170"
MBBB,-,-,-,-,-,-,-,-,-,-,-,-,-,21.09,0.14%,"2,386"
MBBC,44.32M,36.13,-,-,3.76,0.93,-,34.35,-,-,-34.52%,-,7.38%,15.02,-0.86%,457
MBC,1.83B,-,17.49,-,0.68,0.86,13.21,146.30,-59.34%,37.84%,-28.91%,-,2.06%,8.92,1.25%,"1,145,258"
MBCE,-,-,-,-,-,-,-,-,-,-,-,-,-,39.23,1.38%,"23,733"
MBGL,6.06B,-,-,-,-,0.52,49.71,-,-,-,-,-,-,20.57,1.53%,"6,641,961"
MBI,323.94M,-,-,-,3.60,-,-,6.75,-162.78%,5.42%,18.16%,-,-22.27%,6.36,0.95%,"236,604"
MBIN,2.23B,11.85,8.56,0.53,1.64,1.25,-,-,35.98%,10.44%,-0.36%,16.00%,26.93%,48.58,1.91%,"118,861"
MBIO,5.02M,-,-,-,-,0.58,0.31,-,-,-,78.52%,-,-,0.66,-0.21%,"21,674"
MBLY,8.50B,-,29.31,1.47,4.22,1.04,6.32,16.86,-22.15%,22.82%,-14.39%,19.89%,14.39%,10.09,3.49%,"6,973,487"
MBND,-,-,-,-,-,-,-,-,-,-,-,-,-,27.18,0.01%,"8,591"
MBOT,125.60M,-,-,-,1255.98,1.69,1.71,-,3.45%,-5.95%,25.94%,10.92%,-,1.87,-0.53%,"472,583"
MBOX,-,-,-,-,-,-,-,-,-,-,-,-,-,40.78,0.30%,"4,081"
MBRX,12.06M,-,-,-,-,0.79,1.17,-,81.30%,37.35%,46.71%,56.87%,-,2.26,2.26%,"125,886"
MBS,-,-,-,-,-,-,-,-,-,-,-,-,-,8.60,0.12%,"37,250"
MBSD,-,-,-,-,-,-,-,-,-,-,-,-,-,20.47,0.21%,"1,731"
MBSF,-,-,-,-,-,-,-,-,-,-,-,-,-,25.71,-0.04%,"82,368"
MBSX,-,-,-,-,-,-,-,-,-,-,-,-,-,26.49,-4.40%,"3,385"
MBUU,523.72M,-,10.81,0.41,0.63,1.01,10.44,13.08,-6.03%,66.12%,-23.86%,26.45%,4.34%,26.67,-0.37%,"209,076"
MBVI,438.80M,61.26,-,-,-,1.30,555.44,-,-,-,-,-,-,10.18,0.15%,7
MBWM,985.50M,10.23,9.68,-,2.59,1.34,-,22.87,0.06%,7.64%,15.04%,-,13.95%,57.05,-0.64%,"92,928"
MBX,2.69B,-,-,-,-,6.15,6.12,-,-17.90%,-38.36%,-,-20.76%,-,56.59,-5.75%,"1,383,166"
MC,5.45B,24.04,17.21,1.40,3.56,10.23,35.47,13.08,2.79%,26.59%,-0.03%,12.26%,10.24%,66.97,5.28%,"702,408"
MCAH,89.96M,-,-,-,-,-,2998.57,-,-,-,-,-,-,9.94,0.05%,103
MCB,1.20B,11.93,8.32,0.29,2.21,1.27,-,9.30,58.20%,11.24%,7.28%,28.83%,26.92%,96.90,-0.27%,"108,626"
MCBS,1.01B,12.75,10.69,-,3.82,1.83,-,16.31,23.86%,1.22%,13.31%,-,18.57%,35.37,-0.92%,"79,690"
MCD,191.08B,22.17,18.98,2.49,6.96,-,163.32,27.15,6.29%,9.28%,13.64%,7.62%,6.96%,268.94,-1.35%,"3,834,482"
MCDS,-,-,-,-,-,-,-,-,-,-,-,-,-,67.40,0.11%,17
MCFT,581.56M,35.44,12.27,0.42,1.95,2.05,6.87,22.67,79.97%,17.17%,-,29.54%,-4.78%,23.80,-1.49%,"98,785"
MCGA,241.24M,163.94,-,-,-,1.41,4020.67,-,-,-,-,-,-,10.23,0.00%,"51,963"
MCH,-,-,-,-,-,-,-,-,-,-,-,-,-,28.21,2.18%,108
MCHB,3.72B,21.27,13.37,-,4.31,1.33,-,17.94,23.23%,18.36%,-18.92%,-,17.92%,16.09,-0.80%,"327,748"
MCHG,-,-,-,-,-,-,-,-,-,-,-,-,-,10.84,6.44%,"4,816"
MCHI,-,-,-,-,-,-,-,-,-,-,-,-,-,53.23,1.33%,"2,970,905"
MCHP,47.30B,403.47,21.04,0.53,10.04,7.34,196.84,54.31,93.49%,30.47%,-19.53%,39.67%,-2.82%,87.11,3.42%,"10,238,657"
MCHS,-,-,-,-,-,-,-,-,-,-,-,-,-,46.45,3.03%,"19,756"
MCHU,-,-,-,-,-,-,-,-,-,-,-,-,-,18.93,6.83%,"4,523"
MCHX,75.35M,-,-,-,1.69,2.61,8.35,-,183.33%,-,32.16%,-,-2.37%,1.70,0.00%,"7,452"
MCI,-,-,-,-,-,-,-,-,-,-,-,-,-,16.85,-2.83%,"64,237"
MCK,94.06B,20.89,15.94,1.16,0.23,-,23.12,16.45,13.11%,13.91%,-,13.78%,11.11%,803.37,-1.10%,"1,115,812"
MCN,118.40M,18.19,-,-,32.96,0.88,-,-,-,-,-,-,-,5.64,-0.70%,"29,119"
MCO,86.43B,35.47,26.49,2.26,10.98,28.86,57.24,31.46,12.13%,11.49%,7.79%,11.70%,7.52%,494.73,-0.20%,"652,245"
MCOW,-,-,-,-,-,-,-,-,-,-,-,-,-,21.24,0.72%,41
MCRB,51.66M,-,-,-,44.92,1.93,1.73,-,-1274.22%,12.51%,-,-,-52.67%,5.34,-5.07%,"223,167"
MCRI,2.23B,21.32,18.00,1.37,4.01,4.05,18.56,14.41,22.61%,4.81%,34.07%,13.10%,24.21%,125.59,1.13%,"220,274"
MCRP,44.65M,-,-,-,-,-,-,-,-,-,-,-,-,1.28,-3.03%,"106,350"
MCS,655.85M,48.89,30.98,1.15,0.86,1.49,45.70,17.51,33.54%,28.77%,-,27.01%,26.12%,21.84,-0.14%,"142,105"
MCVT,-,-,-,-,-,-,-,-,-,-,-,-,-,28.31,0.34%,370
MCY,5.97B,7.11,10.03,0.64,0.97,2.30,-,4.21,45.57%,-6.51%,7.62%,15.75%,9.63%,107.78,-2.34%,"256,505"
MD,1.98B,11.75,10.20,2.58,1.02,2.25,6.02,8.34,11.89%,3.52%,-,3.96%,1.99%,24.11,-7.77%,"1,247,331"
MDA,4.70B,57.59,27.76,3.24,3.72,3.55,12.06,1309.82,-6.78%,22.52%,-,8.56%,39.61%,33.89,7.69%,"2,825,774"
MDAA,-,-,-,-,-,-,-,-,-,-,-,-,-,115.84,1.27%,20
MDAI,53.14M,-,-,-,3.18,-,4.56,-,-93.10%,50.00%,-,3.57%,-,1.67,-0.60%,"84,865"
MDB,27.72B,-,47.08,2.11,10.65,9.45,11.42,46.89,23.19%,19.57%,28.00%,22.35%,33.07%,344.67,1.98%,"2,275,194"
MDBH,36.22M,-,-,-,6.04,0.63,2.89,-,-,-,-93.72%,-,-15.49%,3.47,1.46%,256
MDCR,-,-,-,-,-,-,-,-,-,-,-,-,-,32.43,0.18%,6
MDCX,20.61M,-,-,-,-,15.31,4.52,-,81.14%,23.87%,-,47.64%,-,0.36,-2.26%,"1,213,405"
MDEV,-,-,-,-,-,-,-,-,-,-,-,-,-,19.45,-1.71%,"1,913"
MDGL,12.38B,-,53.88,-,10.93,22.76,15.13,-,43.21%,236.53%,0.37%,-,-,536.86,1.10%,"241,715"
MDIA,84.79M,-,-,-,0.62,2.35,27.26,-,-,-,26.86%,-,27.70%,1.03,0.98%,"14,466"
MDIV,-,-,-,-,-,-,-,-,-,-,-,-,-,16.73,-0.02%,"101,305"
MDLN,50.79B,32.34,23.33,2.51,1.74,2.90,22.69,48.60,5.70%,9.59%,-,9.30%,-,38.66,-4.73%,"7,154,443"
MDLV,-,-,-,-,-,-,-,-,-,-,-,-,-,31.08,-1.47%,"16,484"
MDLZ,75.48B,29.15,17.50,2.34,1.92,2.93,46.28,29.31,4.43%,10.20%,-5.21%,7.47%,7.71%,58.80,-1.77%,"8,906,366"
MDPL,-,-,-,-,-,-,-,-,-,-,-,-,-,26.31,-0.93%,"18,871"
MDRR,23.46M,3.17,-,-,2.29,0.76,2.48,-,-,-,41.54%,-,2.35%,11.94,1.19%,150
MDST,-,-,-,-,-,-,-,-,-,-,-,-,-,29.86,0.78%,"33,796"
MDT,101.51B,21.28,12.41,1.60,2.79,2.05,11.01,18.71,7.66%,7.30%,6.95%,7.77%,3.84%,79.30,-5.11%,"8,499,354"
MDU,4.44B,23.14,20.11,2.74,2.46,1.53,83.29,-,4.57%,8.59%,-13.77%,7.35%,-19.46%,21.24,-0.38%,"1,636,223"
MDV,181.18M,-,140.40,-,3.91,1.14,40.44,11.73,127.42%,47.06%,45.05%,-,3.94%,17.55,0.11%,"20,800"
MDWD,183.05M,-,-,-,12.64,4.42,4.10,-,-9.92%,7.73%,2.36%,18.50%,-4.87%,14.25,0.00%,"82,123"
MDXG,625.57M,20.56,53.12,-,1.61,2.57,3.92,9.02,-117.97%,237.50%,-,-20.85%,11.02%,4.20,2.94%,"1,406,578"
MDXH,21.32M,-,-,-,0.19,-,0.49,-,4.33%,29.97%,27.91%,28.01%,42.48%,0.42,-3.49%,"633,196"
MDY,-,-,-,-,-,-,-,-,-,-,-,-,-,689.19,0.47%,"648,991"
MDYG,-,-,-,-,-,-,-,-,-,-,-,-,-,108.42,0.63%,"34,801"
MDYV,-,-,-,-,-,-,-,-,-,-,-,-,-,94.34,0.27%,"40,591"
MEAR,-,-,-,-,-,-,-,-,-,-,-,-,-,50.27,0.00%,"187,837"
MEC,879.29M,-,35.48,0.48,1.58,3.03,424.78,65.67,-63.42%,757.15%,-2.14%,74.69%,8.85%,34.49,5.06%,"486,754"
MED,117.97M,-,-,-,0.34,0.60,0.70,-,-208.33%,67.57%,-,-,-16.22%,10.61,-3.81%,"150,348"
MEDI,-,-,-,-,-,-,-,-,-,-,-,-,-,33.38,-1.20%,"6,805"
MEDP,15.31B,33.73,28.87,2.69,5.72,25.53,23.46,21.54,11.19%,9.31%,31.79%,10.72%,22.27%,536.17,1.13%,"286,900"
MEDX,-,-,-,-,-,-,-,-,-,-,-,-,-,34.89,-1.74%,"2,723"
MEGI,808.30M,7.54,-,-,-,-,-,-,-,-,-,-,-,15.53,0.91%,"80,824"
MEGL,5.92M,-,-,-,4.00,0.38,0.38,-,-,-,-,-,-10.89%,1.17,0.00%,"17,248"
MEI,617.91M,-,64.52,-,0.61,0.91,4.43,39.61,53.47%,157.45%,-,-,-1.30%,17.42,10.11%,"1,099,166"
MELI,95.00B,49.48,33.24,1.30,2.99,13.05,5.55,11.09,-0.27%,43.50%,-,25.53%,48.70%,1873.88,0.35%,"411,092"
MEM,-,-,-,-,-,-,-,-,-,-,-,-,-,43.35,1.33%,"6,156"
MEMA,-,-,-,-,-,-,-,-,-,-,-,-,-,30.04,0.80%,"4,473"
MEME,-,-,-,-,-,-,-,-,-,-,-,-,-,7.91,1.41%,"48,344"
MEMS,-,-,-,-,-,-,-,-,-,-,-,-,-,30.64,0.43%,960
MEMX,-,-,-,-,-,-,-,-,-,-,-,-,-,46.97,1.33%,905
MEMY,-,-,-,-,-,-,-,-,-,-,-,-,-,19.41,0.35%,"3,616"
MENS,168.78M,-,-,-,-,-,143.03,-,-,-,-2.18%,-,-,2.22,0.45%,"49,499"
MEOH,4.18B,-,9.49,0.30,1.14,1.74,11.03,7.59,354.93%,-38.32%,-,31.19%,6.26%,54.04,6.13%,"1,418,923"
MERC,36.69M,-,-,-,0.02,-,0.41,-,64.05%,65.05%,-95.26%,56.32%,5.59%,0.55,-6.30%,"793,746"
MESH,432.11M,-,-,-,-,1.29,474.85,-,-,-,-,-,-,10.02,0.00%,"32,077"
MESO,2.16B,-,292.45,-,33.05,3.75,16.65,-,50.51%,113.67%,9.59%,-,-11.49%,16.74,3.21%,"270,605"
MET,59.54B,17.90,8.41,0.72,0.77,2.19,-,3.60,12.14%,11.09%,-3.68%,11.68%,2.59%,92.54,-0.53%,"3,466,241"
META,1678.00B,24.03,18.90,0.96,7.81,6.88,20.58,34.78,40.09%,6.29%,18.41%,19.63%,18.51%,661.04,0.66%,"16,748,239"
METC,793.83M,-,248.76,-,1.52,1.98,2.23,-,24.24%,106.96%,-49.98%,-,26.01%,12.99,2.85%,"1,230,090"
METD,-,-,-,-,-,-,-,-,-,-,-,-,-,14.69,-0.54%,"642,384"
METG,-,-,-,-,-,-,-,-,-,-,-,-,-,17.95,1.33%,"1,605"
METL,-,-,-,-,-,-,-,-,-,-,-,-,-,25.25,3.23%,"9,925"
METU,-,-,-,-,-,-,-,-,-,-,-,-,-,27.33,1.26%,"4,690,788"
METV,-,-,-,-,-,-,-,-,-,-,-,-,-,19.00,0.69%,"85,149"
METW,-,-,-,-,-,-,-,-,-,-,-,-,-,28.84,0.66%,"13,458"
MEVO,398.00M,-,-,-,-,1.37,382.69,-,-,-,-,-,-,9.95,0.00%,"35,331"
MEXX,-,-,-,-,-,-,-,-,-,-,-,-,-,28.26,4.66%,"17,756"
MFA,961.10M,10.84,6.41,0.37,1.24,0.54,2.34,5.94,25.27%,17.86%,-,17.46%,-,9.46,0.53%,"1,656,556"
MFC,69.58B,16.55,11.80,1.72,1.57,2.21,-,3.32,3.16%,10.58%,0.16%,6.85%,-5.47%,41.69,0.97%,"1,384,112"
MFDX,-,-,-,-,-,-,-,-,-,-,-,-,-,41.50,0.90%,"6,207"
MFEB,-,-,-,-,-,-,-,-,-,-,-,-,-,32.82,0.22%,6
MFEM,-,-,-,-,-,-,-,-,-,-,-,-,-,27.32,1.03%,"8,134"
MFG,126.39B,15.78,13.05,1.05,2.23,1.81,-,-,12.35%,13.84%,13.76%,12.41%,15.59%,10.57,0.76%,"3,706,305"
MFI,444.07M,5.09,-,-,102.32,0.86,15.47,-,-,-,21.29%,-,1.15%,8.85,4.36%,"7,749"
MFIC,804.78M,176.99,7.88,-,3.15,0.71,18.85,6.95,-8.17%,-11.22%,-16.95%,-6.01%,6.60%,9.77,0.00%,"330,648"
MFIG,-,-,-,-,-,-,-,-,-,-,-,-,-,21.09,0.34%,"4,926"
MFIN,230.43M,6.76,7.07,-,0.66,0.58,1.63,1.71,-36.80%,25.27%,-,-,16.23%,9.97,-0.10%,"35,600"
MFLX,-,-,-,-,-,-,-,-,-,-,-,-,-,17.31,-0.03%,222
MFM,229.83M,13.61,-,-,13.23,0.93,-,-,-,-,-,-,-,5.58,0.72%,"338,174"
MFMO,-,-,-,-,-,-,-,-,-,-,-,-,-,24.10,2.47%,"5,783"
MFP,-,-,-,-,-,-,-,-,-,-,-,-,-,43.50,2.11%,"1,480,950"
MFSB,-,-,-,-,-,-,-,-,-,-,-,-,-,24.76,0.08%,"152,877"
MFSG,-,-,-,-,-,-,-,-,-,-,-,-,-,30.11,1.21%,"59,175"
MFSI,-,-,-,-,-,-,-,-,-,-,-,-,-,32.53,0.77%,"206,551"
MFSM,-,-,-,-,-,-,-,-,-,-,-,-,-,25.07,-0.03%,"10,421"
MFSV,-,-,-,-,-,-,-,-,-,-,-,-,-,29.10,-0.21%,"57,892"
MFUL,-,-,-,-,-,-,-,-,-,-,-,-,-,22.31,0.11%,"5,767"
MFUS,-,-,-,-,-,-,-,-,-,-,-,-,-,65.50,-0.17%,"7,515"
MFUT,-,-,-,-,-,-,-,-,-,-,-,-,-,19.11,0.74%,"5,205"
MFVL,-,-,-,-,-,-,-,-,-,-,-,-,-,20.65,-1.13%,"1,083"
MG,523.06M,23.48,13.42,0.71,0.72,2.24,20.93,128.83,18.47%,17.51%,-,18.92%,4.09%,16.44,1.54%,"190,278"
MGA,17.58B,27.13,8.51,0.66,0.42,1.49,10.80,5.98,18.19%,12.01%,3.04%,12.98%,5.18%,64.59,0.81%,"1,036,014"
MGC,-,-,-,-,-,-,-,-,-,-,-,-,-,275.50,0.45%,"81,261"
MGEE,3.06B,20.80,19.64,3.46,3.99,2.21,302.46,-,5.65%,5.17%,7.44%,5.68%,6.66%,81.17,-1.22%,"173,685"
MGF,92.56M,17.75,-,-,21.88,0.89,-,-,-,-,-,-,-,2.84,-0.35%,"55,763"
MGIH,18.68M,-,-,-,0.85,0.85,2.72,-,-,-,-,-,-15.95%,1.66,10.67%,"950,845"
MGK,-,-,-,-,-,-,-,-,-,-,-,-,-,88.58,1.01%,"1,184,563"
MGKX,-,-,-,-,-,-,-,-,-,-,-,-,-,22.94,2.00%,509
MGLD,47.95M,-,-,-,1.65,2.10,4.40,-,-,-,-,-,2.43%,1.12,-0.88%,"18,563"
MGM,11.94B,64.37,21.46,-,0.67,4.91,5.21,6.78,-47.34%,24.78%,-,-6.10%,27.71%,46.67,-1.21%,"2,017,563"
MGMT,-,-,-,-,-,-,-,-,-,-,-,-,-,50.46,0.44%,"26,924"
MGN,3.52M,32.35,-,-,0.72,0.61,1.98,-,-,-,-58.24%,-,-18.76%,0.11,-3.08%,"888,727"
MGNI,2.89B,19.51,16.32,1.24,4.00,3.15,15.67,61.19,22.17%,16.47%,-,13.14%,26.36%,20.20,-1.03%,"1,706,290"
MGNR,-,-,-,-,-,-,-,-,-,-,-,-,-,48.95,1.60%,"81,084"
MGNX,272.68M,-,-,-,1.74,12.86,1.77,-,22.47%,-34.81%,13.74%,-3.15%,7.35%,4.29,-4.67%,"1,279,751"
MGOV,-,-,-,-,-,-,-,-,-,-,-,-,-,20.03,0.25%,"8,356"
MGPI,366.30M,-,8.44,-,0.70,0.63,35.36,6.78,-43.93%,27.16%,-,-4.03%,6.28%,17.14,-2.11%,"220,060"
MGRC,2.85B,18.41,16.52,-,3.00,2.30,1206.02,143.97,0.30%,10.12%,8.83%,-,10.52%,115.88,-1.10%,"159,745"
MGRT,1.07B,4664.07,-,-,754.22,535.14,10709.88,-,-,-,-,-,-,77.89,-3.31%,"12,454"
MGRX,6.72M,-,-,-,16.38,0.49,39.50,-,-,-,-244.95%,-,-,0.39,8.66%,"2,844,988"
MGTX,1.15B,-,-,-,14.44,-,16.10,276.94,-16.90%,8.43%,1.58%,-7.76%,39.22%,12.44,0.81%,"1,283,385"
MGV,-,-,-,-,-,-,-,-,-,-,-,-,-,162.83,-0.34%,"247,289"
MGX,49.69M,-,-,-,2.23,0.36,0.35,-,8.85%,9.99%,-42.49%,3.49%,219.15%,1.32,0.00%,"225,161"
MGY,5.08B,15.48,11.20,0.83,3.85,2.43,40.86,28.67,52.45%,-11.06%,-,13.51%,19.37%,26.68,-0.07%,"1,713,640"
MGYR,112.26M,9.83,-,-,1.84,0.91,-,9.94,-,-,38.39%,-,15.57%,17.37,0.35%,601
MH,1.93B,54.37,4.94,3.60,0.92,2.65,7.61,7.83,-4.20%,4.48%,-,1.37%,-,10.08,-4.18%,"1,272,536"
MHD,2.09B,38.61,-,-,39.98,0.93,-,-,-,-,-,-,-,11.97,0.67%,"528,236"
MHF,156.90M,18.58,-,-,23.61,1.02,-,-,-,-,-,-,-,7.06,-0.28%,"40,143"
MHH,93.59M,40.10,7.76,-,0.51,1.03,2.79,8.80,-36.81%,120.88%,-42.69%,-,-0.28%,7.80,5.26%,"9,798"
MHIG,-,-,-,-,-,-,-,-,-,-,-,-,-,19.74,-0.16%,10
MHIP,-,-,-,-,-,-,-,-,-,-,-,-,-,19.99,-0.52%,7
MHK,6.70B,16.50,11.18,1.37,0.61,0.80,7.68,9.44,-4.10%,14.43%,-3.87%,8.18%,2.46%,109.92,2.10%,"1,024,737"
MHM,-,-,-,-,-,-,-,-,-,-,-,-,-,-,-,0
MHO,3.79B,11.15,9.73,16.49,0.87,1.19,4.94,19.66,-21.20%,17.91%,12.37%,0.59%,7.69%,148.11,1.40%,"215,456"
MHX,-,-,-,-,-,-,-,-,-,-,-,-,-,24.99,-,"10,288"
MHY,-,-,-,-,-,-,-,-,-,-,-,-,-,25.55,0.07%,"113,211"
MI,2.14M,-,-,-,2.94,0.02,0.30,-,-,-,43.45%,-,-,9.29,-6.35%,"15,352"
MIACU,201.15M,-,-,-,-,41583.33,-,-,-,-,-,-,-,9.98,0.10%,"3,198"
MIAX,4.00B,61.35,22.07,6.34,2.84,3.65,5.96,20.91,-11.15%,15.72%,-20.10%,3.48%,24.70%,41.30,-2.39%,"1,333,375"
MIC,-,-,-,-,-,-,-,-,-,-,-,-,-,15.76,9.47%,"2,132"
MICC,11.33B,36.78,15.59,2.78,1.27,15.44,21.49,883.32,-3.20%,10.94%,-,5.61%,-,18.51,0.27%,"1,431,090"
MID,-,-,-,-,-,-,-,-,-,-,-,-,-,69.58,0.99%,"18,124"
MIDD,6.09B,-,15.21,0.87,1.66,2.64,34.37,11.94,15.25%,13.79%,-,17.39%,4.96%,134.59,-0.24%,"1,082,276"
MIDDV,6.10B,-,-,-,-,-,-,-,-,-,-,-,-,149.00,0.00%,0
MIDE,-,-,-,-,-,-,-,-,-,-,-,-,-,37.83,0.45%,"5,340"
MIDU,-,-,-,-,-,-,-,-,-,-,-,-,-,70.04,1.35%,"10,518"
MIG,-,-,-,-,-,-,-,-,-,-,-,-,-,21.06,0.25%,519
MIGO,-,-,-,-,-,-,-,-,-,-,-,-,-,29.90,1.25%,"3,237"
MILK,-,-,-,-,-,-,-,-,-,-,-,-,-,24.34,0.21%,734
MILN,-,-,-,-,-,-,-,-,-,-,-,-,-,44.62,-0.25%,"14,952"
MIMI,6.71M,-,-,-,18.14,9.43,12.66,-,-,-,-,-,-,2.44,-17.57%,"839,013"
MIN,278.81M,25.55,-,-,23.79,0.93,21.11,-,-,-,-8.13%,-,-16.11%,2.45,-0.41%,"89,985"
MIND,50.27M,31.67,8.13,-,1.18,1.21,2.85,-,-71.03%,750.00%,-,-,14.06%,5.53,3.17%,"102,075"
MINE,151.06M,-,-,-,-,4.55,6.53,-,-,-,-13.69%,-,-,2.25,-2.60%,"7,640"
MINN,-,-,-,-,-,-,-,-,-,-,-,-,-,22.31,0.01%,72
MINO,-,-,-,-,-,-,-,-,-,-,-,-,-,45.41,0.07%,"92,106"
MINT,-,-,-,-,-,-,-,-,-,-,-,-,-,100.56,0.02%,"1,359,215"
MINV,-,-,-,-,-,-,-,-,-,-,-,-,-,50.93,0.43%,"3,599"
MINY,-,-,-,-,-,-,-,-,-,-,-,-,-,36.81,1.57%,"3,383"
MIR,4.08B,172.56,25.13,1.30,4.16,2.22,10.01,45.50,16.81%,20.66%,-,19.37%,-,16.29,0.62%,"2,935,514"
MIRA,38.25M,-,-,-,-,4.09,4.06,-,-,-,-211.56%,-,-,0.91,0.04%,"26,285"
MIRM,7.37B,-,-,-,12.94,30.37,19.09,-,-3226.49%,95.81%,35.25%,-,-,120.89,1.55%,"714,994"
MISL,-,-,-,-,-,-,-,-,-,-,-,-,-,43.71,0.16%,"62,427"
MIST,161.85M,-,-,-,90.93,4.25,0.88,-,-24.00%,-9.86%,15.09%,17.74%,-,1.30,1.56%,"868,386"
MITK,878.79M,56.29,16.03,1.00,4.64,3.65,11.33,19.73,17.26%,8.98%,0.40%,16.07%,12.14%,19.46,0.41%,"462,720"
MITQ,6.43M,-,-,-,0.34,1.32,2.73,-,-,-,-2.62%,-,2.09%,0.65,3.44%,"18,870"
MITT,245.20M,19.18,6.16,0.36,0.50,0.76,3.62,3.43,26.41%,15.13%,-,16.93%,-,7.71,1.05%,"117,770"
MIVL,-,-,-,-,-,-,-,-,-,-,-,-,-,25.45,0.51%,"7,508"
MIY,359.13M,36.45,-,-,13.63,1.00,-,-,-,-,-,-,-,12.39,0.10%,"37,287"
MJ,-,-,-,-,-,-,-,-,-,-,-,-,-,24.05,-0.62%,"27,095"
MJSC,-,-,-,-,-,-,-,-,-,-,-,-,-,61.72,0.84%,"1,575"
MJUN,-,-,-,-,-,-,-,-,-,-,-,-,-,32.48,0.23%,10
MKAM,-,-,-,-,-,-,-,-,-,-,-,-,-,31.97,0.22%,"1,849"
MKC,14.20B,8.80,16.04,2.42,1.92,2.03,42.89,13.93,2.90%,6.74%,1.08%,6.63%,4.08%,52.85,-1.67%,"2,670,023"
MKDW,48.28M,-,-,-,15.93,9.23,4.58,-,-,-,-,-,-,11.50,-0.95%,"14,606"
MKL,24.32B,14.06,16.25,4.75,1.52,1.34,-,11.12,-2.24%,6.98%,24.92%,3.42%,11.24%,1943.22,-0.97%,"70,422"
MKLY,247.58M,74.61,-,-,-,1.43,175.59,-,-,-,-,-,-,10.17,0.05%,"44,472"
MKOR,-,-,-,-,-,-,-,-,-,-,-,-,-,60.02,3.38%,"13,629"
MKSI,24.21B,74.92,23.55,0.78,5.95,8.58,42.55,63.71,49.02%,29.63%,-7.20%,30.03%,11.03%,358.43,1.82%,"828,599"
MKTN,-,-,-,-,-,-,-,-,-,-,-,-,-,26.43,-0.15%,"14,951"
MKTW,336.51M,12.63,8.20,2.40,1.05,-,6.39,8.14,-18.95%,35.79%,-,3.41%,-2.06%,20.83,1.09%,"12,141"
MKTX,4.08B,13.58,13.39,1.57,4.65,3.43,9.27,18.64,6.64%,8.90%,-3.29%,8.52%,4.27%,114.87,-0.43%,"448,557"
MKZR,3.86M,-,-,-,0.20,0.07,0.89,-,-,-,-14.21%,-,15.73%,1.71,0.00%,"26,300"
MLAA,487.41M,-,-,-,-,1.39,310.45,-,-,-,-,-,-,9.95,0.10%,"1,309"
MLAB,522.88M,78.37,7.66,-,2.10,2.81,19.42,13.21,3.24%,4.92%,13.55%,-,13.22%,94.64,-0.33%,"210,245"
MLCI,37.71M,-,10.06,-,-,0.56,0.61,-,98.87%,518.75%,-96.89%,-,-,3.37,-1.17%,"10,449"
MLCO,2.02B,8.90,7.11,0.26,0.38,-,2.14,-,10.45%,43.12%,-,27.41%,24.50%,5.19,-4.24%,"3,600,660"
MLDR,-,-,-,-,-,-,-,-,-,-,-,-,-,48.31,0.26%,254
MLEC,5.43M,-,-,-,-,0.59,5.03,-,-,-,-583.54%,-,-,7.48,0.78%,"4,732"
MLGO,49.62M,1.61,-,-,0.83,0.13,0.15,20.01,-,-,-,-,-,3.99,3.64%,"46,581"
MLI,12.91B,15.30,13.45,1.31,2.95,3.87,9.17,19.80,18.00%,7.23%,40.88%,10.24%,11.75%,58.39,3.45%,"2,148,332"
MLKN,1.41B,15.54,8.65,-,0.37,1.05,8.38,16.98,8.33%,17.99%,-14.80%,-,9.28%,20.56,1.43%,"587,445"
MLM,34.45B,13.68,25.09,1.44,5.26,3.05,126.20,33.32,17.61%,19.01%,10.20%,17.46%,5.39%,573.75,0.77%,"403,119"
MLN,-,-,-,-,-,-,-,-,-,-,-,-,-,17.66,0.06%,"92,400"
MLP,323.99M,-,-,-,18.99,10.08,84.15,-,-,-,-31.80%,-,20.88%,16.31,0.12%,"7,936"
MLPA,-,-,-,-,-,-,-,-,-,-,-,-,-,55.07,0.03%,"114,427"
MLPB,-,-,-,-,-,-,-,-,-,-,-,-,-,29.65,-1.20%,"13,256"
MLPD,-,-,-,-,-,-,-,-,-,-,-,-,-,25.15,-0.07%,"6,002"
MLPI,-,-,-,-,-,-,-,-,-,-,-,-,-,56.49,0.64%,"278,633"
MLPR,-,-,-,-,-,-,-,-,-,-,-,-,-,72.27,-1.90%,305
MLPX,-,-,-,-,-,-,-,-,-,-,-,-,-,76.15,0.45%,"305,679"
MLR,558.62M,36.64,15.61,0.71,0.75,1.34,10.55,5.07,-8.33%,73.00%,-5.40%,22.05%,3.94%,49.02,0.45%,"105,073"
MLSS,35.65M,-,-,-,4.01,14.19,29.96,-,50.00%,14.29%,9.75%,-,10.54%,0.40,2.18%,"89,022"
MLTX,1.61B,-,-,-,-,5.54,4.51,-,-8.24%,4.93%,-256.78%,6.41%,-,19.52,-4.36%,"1,087,686"
MLYS,2.40B,-,-,-,-,3.52,3.72,-,-0.87%,9.25%,-101.68%,20.15%,-,27.28,-1.12%,"567,548"
MMA,12.67M,-,-,-,-,2.87,30.91,-,-,-,-,-,-,0.48,1.29%,"42,771"
MMAR,-,-,-,-,-,-,-,-,-,-,-,-,-,32.45,0.22%,8
MMAX,-,-,-,-,-,-,-,-,-,-,-,-,-,27.15,0.11%,"2,469"
MMAY,-,-,-,-,-,-,-,-,-,-,-,-,-,32.83,0.21%,6
MMCA,-,-,-,-,-,-,-,-,-,-,-,-,-,21.66,-0.06%,"38,227"
MMD,288.83M,153.80,-,-,12.65,0.94,-,-,-,-,-,-,-,15.38,0.79%,"44,022"
MMED,4.22B,-,23.06,-,-,1.17,14.17,-,152.09%,-2.93%,-,-,-,15.04,-6.58%,"964,446"
MMI,1.13B,-,33.56,-,1.45,1.99,5.68,13.68,950.00%,109.41%,-,-,1.05%,29.87,-1.94%,"137,267"
MMID,-,-,-,-,-,-,-,-,-,-,-,-,-,26.46,-0.29%,114
MMIN,-,-,-,-,-,-,-,-,-,-,-,-,-,24.08,-0.01%,"79,519"
MMIT,-,-,-,-,-,-,-,-,-,-,-,-,-,24.28,0.00%,"262,713"
MMK,-,-,-,-,-,-,-,-,-,-,-,-,-,100.14,0.01%,721
MMKT,-,-,-,-,-,-,-,-,-,-,-,-,-,100.21,0.00%,"8,441"
MMLP,84.51M,-,-,-,0.12,-,1690.13,-,-,-,-16.68%,-,1.28%,2.16,-4.85%,"27,405"
MMM,81.67B,30.21,16.43,1.92,3.26,25.03,19.68,39.64,8.27%,9.24%,-8.50%,8.56%,-4.97%,156.58,-0.71%,"3,579,270"
MMMA,-,-,-,-,-,-,-,-,-,-,-,-,-,25.39,0.06%,6
MMS,3.03B,8.63,6.35,-,0.57,1.80,12.37,8.14,14.61%,7.53%,10.21%,-,9.43%,57.60,-1.30%,"607,854"
MMSC,-,-,-,-,-,-,-,-,-,-,-,-,-,28.52,1.07%,"1,521"
MMSD,-,-,-,-,-,-,-,-,-,-,-,-,-,25.35,0.20%,"2,097"
MMSI,4.24B,30.65,16.14,2.16,2.75,2.60,8.64,19.19,6.34%,8.03%,-,7.47%,9.46%,71.02,-3.06%,"514,539"
MMT,242.20M,11.66,-,-,10.87,0.90,-,-,-,-,-,-,-,4.43,0.23%,"177,684"
MMTM,-,-,-,-,-,-,-,-,-,-,-,-,-,309.85,1.15%,"1,940"
MMTX,89.78M,3631.75,-,-,-,41.03,8977.69,-,-,-,-,-,-,10.17,0.19%,6
MMU,568.04M,260.00,-,-,14.69,0.94,-,-,-,-,-,-,-,10.40,0.39%,"177,222"
MMYT,5.29B,118.97,54.78,0.72,5.07,-,6.91,-,19.14%,80.84%,-,76.33%,44.90%,55.75,-2.33%,"858,269"
MNA,-,-,-,-,-,-,-,-,-,-,-,-,-,36.65,0.41%,"10,123"
MNBD,-,-,-,-,-,-,-,-,-,-,-,-,-,26.01,0.08%,"1,903"
MNDO,21.39M,7.27,-,-,1.09,0.90,1.53,5.19,-,-,-14.14%,-,-3.60%,1.05,1.94%,"64,670"
MNDR,3.80M,-,-,-,0.68,0.29,1.40,-,-,-,-127.16%,-,31.71%,3.22,-3.01%,"15,955"
MNDY,4.19B,35.62,15.21,1.32,3.22,5.52,3.45,12.97,1.18%,20.87%,-,11.56%,50.21%,81.84,-5.76%,"1,249,826"
MNKD,1.20B,-,27.47,0.28,3.32,-,8.96,91.72,-175.00%,1041.67%,-,97.67%,39.89%,3.88,-3.96%,"4,649,492"
MNOV,67.43M,-,-,-,112.39,1.71,2.47,-,-8.33%,-44.23%,4.75%,-,-,1.37,0.74%,"15,860"
MNPR,668.50M,-,-,-,-,4.94,4.86,-,-50.50%,-25.06%,8.44%,-1.55%,-,99.79,-3.43%,"498,249"
MNR,2.19B,18.68,9.97,1.26,1.81,1.18,41.50,7.68,1.69%,18.66%,-,7.92%,-,13.11,0.92%,"347,327"
MNRO,541.51M,4951.43,29.57,1.01,0.47,0.88,37.01,13.96,-26.19%,89.03%,-51.26%,29.28%,0.55%,17.33,4.97%,"609,625"
MNRS,-,-,-,-,-,-,-,-,-,-,-,-,-,35.84,-0.03%,"8,052"
MNSB,171.74M,12.17,9.97,-,1.29,0.94,-,10.91,28.41%,7.08%,-1.06%,-,14.25%,24.13,-0.25%,"33,264"
MNSO,3.52B,12.18,7.26,0.15,1.10,2.21,3.45,-,149.96%,9.75%,-,47.70%,16.85%,11.53,0.96%,"522,762"
MNST,95.85B,47.56,37.70,3.03,10.90,10.98,32.11,46.27,11.64%,13.03%,7.99%,12.43%,12.52%,98.00,0.96%,"4,590,977"
MNSX,-,-,-,-,-,-,-,-,-,-,-,-,-,27.30,2.25%,109
MNTK,234.86M,107.14,8.65,-,1.30,0.90,9.05,-,1133.33%,54.63%,-17.74%,-,12.06%,1.65,0.00%,"88,560"
MNTN,748.85M,33.29,8.88,-,2.50,2.35,3.50,12.15,814.74%,22.77%,-,-,40.97%,10.13,-2.88%,"1,234,023"
MNTS,108.30M,-,-,-,27.08,1.24,4.59,-,-,-,75.99%,-,24.91%,5.75,2.86%,"873,372"
MNVR,-,-,-,-,-,-,-,-,-,-,-,-,-,32.81,0.15%,6
MNVT,-,-,-,-,-,-,-,-,-,-,-,-,-,28.38,1.94%,"39,622"
MNY,41.25M,-,10.46,-,0.55,1.18,1.46,-,80.00%,550.00%,36.96%,-,-,0.94,2.62%,"20,072"
MNZL,-,-,-,-,-,-,-,-,-,-,-,-,-,60.55,0.40%,"7,827"
MO,117.16B,14.66,11.92,2.80,5.74,-,33.13,13.59,4.93%,3.49%,11.40%,4.25%,-0.71%,70.16,-2.38%,"5,956,831"
MOAT,-,-,-,-,-,-,-,-,-,-,-,-,-,105.81,-0.55%,"679,937"
MOB,62.66M,-,14.59,-,18.65,6.87,3.28,-,86.75%,195.77%,-224.94%,-,18.78%,4.96,-2.17%,"80,241"
MOBI,384.69M,-,-,-,-,-,6.90,-,95.45%,15.85%,-,66.94%,-,11.57,1.49%,"136,137"
MOBX,30.85M,-,-,-,4.36,2.42,12.05,-,-,-,-,-,-,2.03,5.18%,"297,364"
MOD,12.19B,102.56,20.26,0.43,3.83,10.15,165.42,115.67,55.37%,45.28%,-,47.54%,11.96%,229.57,-2.01%,"1,367,955"
MODD,23.33M,-,-,-,-,1.55,3.36,-,-,-,19.08%,-,-,4.31,8.02%,"321,088"
MODL,-,-,-,-,-,-,-,-,-,-,-,-,-,51.50,0.26%,"25,440"
MOG-A,12.44B,44.04,33.78,-,2.98,6.05,40.34,40.08,22.06%,9.27%,92.76%,-,6.00%,391.50,-0.13%,"224,968"
MOGU,13.17M,-,-,-,0.75,0.19,0.31,-,-,-,-,-,-24.32%,1.84,-5.64%,"11,513"
MOH,12.59B,71.24,25.66,3.75,0.28,3.08,-,50.14,-53.40%,83.15%,-4.51%,6.84%,18.68%,241.56,-0.54%,"1,339,191"
MOLN,150.04M,-,-,-,-,1.76,1.53,-,15.00%,9.66%,5.73%,4.16%,-,4.00,-0.25%,886
MOMO,645.36M,9.45,6.43,0.70,0.45,0.56,0.52,7.35,26.73%,5.07%,-14.69%,9.16%,-7.90%,6.00,-1.96%,"396,045"
MOO,-,-,-,-,-,-,-,-,-,-,-,-,-,81.51,0.04%,"80,416"
MOOD,-,-,-,-,-,-,-,-,-,-,-,-,-,43.78,0.57%,"26,188"
MORN,6.48B,17.37,12.67,0.73,2.58,6.36,12.18,14.82,20.89%,12.87%,11.37%,17.44%,11.97%,170.48,-1.77%,"318,336"
MORT,-,-,-,-,-,-,-,-,-,-,-,-,-,10.00,1.52%,"1,222,290"
MOS,7.29B,180.06,12.41,-,0.59,0.62,25.57,-,-65.64%,136.92%,-0.60%,-4.17%,6.78%,22.94,2.82%,"8,429,796"
MOTG,-,-,-,-,-,-,-,-,-,-,-,-,-,38.48,-0.14%,479
MOTI,-,-,-,-,-,-,-,-,-,-,-,-,-,34.04,-0.55%,"2,816"
MOTO,-,-,-,-,-,-,-,-,-,-,-,-,-,62.92,1.07%,"1,384"
MOV,596.33M,26.90,16.37,-,0.87,1.66,2.64,8.77,35.82%,26.92%,-,-,5.51%,37.81,-0.08%,"180,439"
MOVE,30.76M,-,-,-,41.57,19.46,1.05,-,-,-,26.66%,-,-,15.53,2.98%,"70,633"
MP,9.04B,-,52.35,-,26.01,4.59,5.20,-,161.21%,560.34%,-13.01%,-,15.45%,50.79,2.61%,"3,142,686"
MPA,147.43M,34.50,-,-,12.98,0.92,-,-,-,-,-,-,-,11.39,0.53%,"21,901"
MPAA,262.49M,24.66,7.34,0.26,0.33,0.99,15.74,16.98,77.55%,8.62%,-10.95%,28.10%,7.87%,13.87,-3.41%,"92,270"
MPB,871.10M,15.66,9.46,-,2.38,0.98,-,10.52,3.56%,16.14%,-3.83%,-,22.76%,34.37,-1.24%,"145,798"
MPC,88.57B,19.83,12.07,0.52,0.65,5.31,41.18,15.53,229.05%,-28.58%,-,23.20%,13.89%,303.40,2.20%,"2,266,013"
MPG,-,-,-,-,-,-,-,-,-,-,-,-,-,4.80,5.25%,"68,980"
MPL,-,-,-,-,-,-,-,-,-,-,-,-,-,13.07,5.25%,"11,348"
MPLT,1.62B,-,-,-,-,4.29,5.21,-,72.22%,19.87%,-,36.77%,-,37.91,3.66%,"272,066"
MPLX,57.34B,12.25,11.72,5.16,4.88,4.08,38.08,14.73,-10.79%,12.11%,-,2.27%,6.80%,56.51,-1.22%,"1,821,626"
MPLY,-,-,-,-,-,-,-,-,-,-,-,-,-,31.83,0.31%,"4,693"
MPRO,-,-,-,-,-,-,-,-,-,-,-,-,-,32.59,-0.00%,"34,880"
MPT,2.76B,-,38.71,-,2.76,0.61,6.49,12.76,128.90%,-10.43%,-,-,-4.89%,4.61,2.67%,"8,304,452"
MPTI,358.03M,30.05,27.68,2.18,6.35,4.05,6.89,41.25,-2.25%,20.54%,24.76%,12.69%,12.66%,82.85,1.11%,"183,369"
MPU,17.09M,-,-,-,0.65,0.94,2.34,-,-,-,32.78%,-,10.25%,0.25,0.81%,"171,891"
MPV,172.37M,13.01,-,-,9.89,1.05,-,-,-,-,-,-,-,16.00,1.14%,"14,259"
MPWC,-,-,-,-,-,-,-,-,-,-,-,-,-,25.81,12.93%,19
MPWR,67.62B,99.16,45.39,1.79,22.87,18.39,49.46,107.41,35.27%,26.14%,29.77%,25.40%,27.00%,1376.41,6.58%,"786,153"
MPWX,-,-,-,-,-,-,-,-,-,-,-,-,-,16.41,12.86%,"24,884"
MQ,1.71B,746.76,37.47,-,2.62,2.31,1.72,14.58,230.32%,175.29%,19.44%,-,16.57%,16.13,-1.83%,"964,165"
MQQQ,-,-,-,-,-,-,-,-,-,-,-,-,-,234.05,2.40%,"138,670"
MQY,1.75B,37.55,-,-,25.09,0.94,-,-,-,-,-,-,-,11.64,0.69%,"667,463"
MRA,-,-,-,-,-,-,-,-,-,-,-,-,-,22.30,0.84%,175
MRAL,-,-,-,-,-,-,-,-,-,-,-,-,-,52.52,-0.31%,"84,210"
MRAM,410.10M,1766.67,127.97,-,7.20,5.81,10.13,-,133.33%,1266.67%,43.54%,-,5.60%,17.49,3.31%,"682,866"
MRBK,237.81M,10.85,7.94,-,1.15,1.19,-,32.40,2.91%,29.56%,-2.40%,-,7.79%,20.00,0.00%,"92,730"
MRCOU,150.30M,-,-,-,-,-,-,-,-,-,-,-,-,10.02,0.00%,"26,533"
MRCP,-,-,-,-,-,-,-,-,-,-,-,-,-,34.55,0.21%,"2,596"
MRCY,6.02B,-,64.88,1.30,6.23,4.04,18.15,85.63,69.15%,42.84%,-,49.74%,2.74%,100.32,2.10%,"683,019"
MRDN,177.75M,-,11.82,-,0.93,3.63,10.72,9.25,108.63%,77.11%,-,-,103.63%,14.03,-2.09%,"59,280"
MREO,50.12M,-,-,-,98.28,1.47,1.38,-,24.00%,10.53%,38.96%,-6.27%,-,0.31,-2.18%,"553,992"
MRGR,-,-,-,-,-,-,-,-,-,-,-,-,-,45.43,-0.18%,"1,086"
MRK,298.31B,33.99,12.60,2.20,4.55,6.50,51.67,21.13,-69.19%,246.57%,21.23%,5.72%,9.34%,120.78,-2.62%,"9,932,948"
MRKR,24.01M,-,-,-,7.50,1.74,1.53,-,-21.94%,-5.19%,33.49%,-,50.02%,1.44,-1.37%,"21,460"
MRLN,402.51M,-,-,-,402.51,-,3.27,-,-173.33%,41.02%,-,-22.46%,-,4.17,-2.80%,"883,777"
MRM,7.79M,2.69,-,-,0.14,4.64,28.86,-,-,-,-,-,-33.60%,0.99,1.15%,"4,183"
MRNA,26.76B,-,-,-,12.03,3.61,5.14,-,-19.44%,44.93%,-29.93%,27.74%,19.33%,67.44,0.64%,"5,812,332"
MRNO,19.77M,-,-,-,-,-,-,-,-,-,-363.74%,-,-,0.25,2.69%,"148,938"
MRNX,-,-,-,-,-,-,-,-,-,-,-,-,-,37.81,0.69%,"22,698"
MRNY,-,-,-,-,-,-,-,-,-,-,-,-,-,18.09,0.89%,"176,406"
MRP,4.37B,10.16,8.76,-,6.13,0.80,88.66,0.98,26.91%,4.41%,-,-,-,28.33,0.57%,"1,219,554"
MRSH,85.78B,22.28,15.75,1.94,3.11,5.89,53.25,17.41,6.55%,8.82%,16.42%,8.11%,9.45%,178.05,-1.92%,"3,234,118"
MRSK,-,-,-,-,-,-,-,-,-,-,-,-,-,38.82,0.17%,"33,106"
MRT,123.90M,-,-,-,3.16,-,25.98,-,48.11%,71.82%,-83.53%,-,-,1.44,2.86%,"85,655"
MRTN,1.42B,98.09,26.82,-,1.65,1.86,19.01,-,47.62%,109.68%,-23.85%,-,0.21%,17.43,0.11%,"574,130"
MRVI,1.68B,-,-,-,8.21,4.54,10.13,-,60.67%,19.63%,-,43.44%,-8.15%,6.51,2.36%,"6,440,545"
MRVL,194.81B,76.01,35.98,0.77,22.35,10.69,50.68,116.97,42.66%,52.61%,-,46.84%,22.51%,222.44,2.26%,"20,705,465"
MRVU,-,-,-,-,-,-,-,-,-,-,-,-,-,123.34,5.16%,"177,992"
MRVX,-,-,-,-,-,-,-,-,-,-,-,-,-,26.32,-,"10,050"
MRX,4.72B,15.18,10.94,0.55,1.15,3.71,0.32,-,33.49%,12.70%,51.48%,19.79%,43.68%,65.68,1.24%,"441,652"
MS,359.10B,20.62,17.39,1.48,2.90,3.44,-,9.20,18.74%,7.99%,9.56%,11.79%,17.76%,227.67,2.98%,"9,306,204"
MSA,6.48B,22.65,17.30,1.64,3.38,4.81,35.73,20.93,11.95%,9.28%,17.57%,10.52%,6.82%,167.83,-0.43%,"193,652"
MSAI,11.05M,-,-,-,1.84,0.37,0.49,-,-,-,-83.75%,-,-,5.47,8.32%,"35,314"
MSB,334.04M,29.49,-,-,22.21,18.21,16.46,25.97,-,-,-9.94%,-,-7.55%,25.46,1.19%,"25,105"
MSBI,632.88M,25.86,9.71,-,1.43,1.42,-,5.50,151.14%,0.13%,-,-,8.17%,30.53,-0.75%,"173,851"
MSBT,-,-,-,-,-,-,-,-,-,-,-,-,-,18.52,3.81%,"334,366"
MSC,337.03M,-,-,-,0.47,0.73,3.88,-,-,-,41.26%,-,69.80%,1.75,0.00%,"2,335"
MSCI,44.51B,34.92,26.76,1.83,13.74,-,115.53,28.85,15.45%,14.55%,17.11%,14.61%,13.08%,611.43,-1.42%,"483,809"
MSD,147.89M,6.96,-,-,11.11,0.93,-,-,-,-,-,-,-,7.31,0.55%,"79,107"
MSDL,1.32B,15.33,8.49,-,3.65,0.78,13.09,8.76,-8.98%,-0.10%,-10.38%,-4.38%,74.30%,15.52,0.45%,"334,547"
MSEP,-,-,-,-,-,-,-,-,-,-,-,-,-,32.35,0.12%,6
MSEX,1.03B,23.06,19.74,1.99,5.18,2.05,505.50,-,6.78%,11.31%,1.54%,9.93%,6.58%,55.37,-0.09%,"143,066"
MSFC,-,-,-,-,-,-,-,-,-,-,-,-,-,29.50,-3.02%,551
MSFD,-,-,-,-,-,-,-,-,-,-,-,-,-,13.77,1.62%,"917,862"
MSFL,-,-,-,-,-,-,-,-,-,-,-,-,-,15.58,-3.23%,"1,756,865"
MSFO,-,-,-,-,-,-,-,-,-,-,-,-,-,10.62,-1.16%,"44,107"
MSFT,2859.43B,22.93,19.80,1.06,8.98,6.90,36.53,39.22,23.18%,15.72%,18.80%,18.63%,14.52%,384.93,-1.55%,"27,863,916"
MSFU,-,-,-,-,-,-,-,-,-,-,-,-,-,23.43,-3.06%,"7,872,307"
MSFW,-,-,-,-,-,-,-,-,-,-,-,-,-,25.07,-1.84%,"10,562"
MSFX,-,-,-,-,-,-,-,-,-,-,-,-,-,15.51,-3.18%,"353,664"
MSFY,-,-,-,-,-,-,-,-,-,-,-,-,-,16.98,-1.54%,"32,840"
MSGE,3.48B,72.40,31.61,0.57,3.42,72.55,10.76,11.14,49.19%,102.83%,-,55.23%,10.03%,73.65,-1.79%,"340,750"
MSGM,21.45M,3.75,19.13,-,1.58,3.17,3.66,3.99,-,-,-,-,-9.92%,4.40,-1.12%,"6,053"
MSGS,9.25B,-,-,-,8.57,-,86.42,169.46,64.76%,-78.73%,34.30%,-,11.49%,384.23,-0.49%,"220,144"
MSGY,6.12M,-,-,-,-,5.47,25.49,-,-,-,-,-,-,0.43,-6.03%,"199,889"
MSI,68.67B,33.35,22.34,2.36,5.79,27.03,77.51,27.60,10.26%,9.19%,18.67%,9.46%,9.52%,413.71,-1.04%,"765,413"
MSIF,518.30M,6.23,7.72,3.88,3.42,0.72,33.31,11.16,-2.40%,3.25%,-,1.99%,30.65%,11.43,-0.35%,"234,035"
MSIX,-,-,-,-,-,-,-,-,-,-,-,-,-,28.01,-2.25%,9
MSLC,-,-,-,-,-,-,-,-,-,-,-,-,-,59.28,0.32%,"58,260"
MSLE,187.57M,-,-,-,-,2.65,2.68,-,-33.31%,3.92%,36.03%,-6.67%,-,9.01,-1.26%,"60,625"
MSM,6.93B,30.03,22.88,1.25,1.77,4.88,93.55,31.51,22.70%,17.59%,-4.60%,18.35%,3.38%,124.11,0.10%,"820,949"
MSMR,-,-,-,-,-,-,-,-,-,-,-,-,-,35.05,0.40%,"17,446"
MSN,7.57M,-,-,-,1.20,0.55,0.61,-,-,-,-1.58%,-,-3.25%,0.36,-0.99%,"22,724"
MSOS,-,-,-,-,-,-,-,-,-,-,-,-,-,4.69,-0.21%,"2,607,988"
MSOX,-,-,-,-,-,-,-,-,-,-,-,-,-,2.80,-0.71%,"1,456,448"
MSR,-,-,-,-,-,-,-,-,-,-,-,-,-,14.16,6.99%,536
MSS,2.49M,-,-,-,0.02,0.17,1.64,-,110.64%,-,3.91%,-,31.78%,0.58,-1.97%,"216,105"
MSSM,-,-,-,-,-,-,-,-,-,-,-,-,-,60.10,0.23%,"8,947"
MSSS,-,-,-,-,-,-,-,-,-,-,-,-,-,35.75,-0.24%,"15,127"
MSST,-,-,-,-,-,-,-,-,-,-,-,-,-,22.61,4.18%,"1,511"
MST,-,-,-,-,-,-,-,-,-,-,-,-,-,8.51,10.28%,"63,767"
MSTB,-,-,-,-,-,-,-,-,-,-,-,-,-,43.16,0.39%,"5,219"
MSTC,-,-,-,-,-,-,-,-,-,-,-,-,-,31.31,11.78%,767
MSTI,-,-,-,-,-,-,-,-,-,-,-,-,-,20.20,0.10%,694
MSTP,-,-,-,-,-,-,-,-,-,-,-,-,-,13.81,11.40%,"63,833"
MSTQ,-,-,-,-,-,-,-,-,-,-,-,-,-,38.95,1.15%,732
MSTR,34.20B,-,24.90,-,69.72,0.92,15.48,-,156.14%,-54.17%,-187.39%,-,-0.15%,97.58,5.95%,"18,043,697"
MSTU,-,-,-,-,-,-,-,-,-,-,-,-,-,1.98,11.24%,"76,308,711"
MSTW,-,-,-,-,-,-,-,-,-,-,-,-,-,3.50,7.03%,"443,477"
MSTX,-,-,-,-,-,-,-,-,-,-,-,-,-,9.08,11.55%,"7,157,893"
MSTY,-,-,-,-,-,-,-,-,-,-,-,-,-,13.20,5.01%,"1,007,511"
MSTZ,-,-,-,-,-,-,-,-,-,-,-,-,-,11.68,-11.25%,"13,089,474"
MT,50.99B,16.20,10.16,0.50,0.83,0.94,9.31,108.53,12.65%,42.37%,-,20.48%,2.79%,66.99,1.62%,"2,427,548"
MTA,684.92M,-,45.41,-,52.36,2.71,68.70,1223.06,232.27%,224.15%,26.62%,-,39.21%,7.33,4.56%,"531,507"
MTAL,313.42M,-,-,-,-,1.15,118.72,-,-,-,-,-,-,10.22,0.10%,"14,979"
MTB,35.42B,13.54,11.58,1.07,2.68,1.39,-,10.19,9.85%,11.80%,11.33%,10.78%,16.66%,241.85,-0.29%,"1,281,720"
MTBA,-,-,-,-,-,-,-,-,-,-,-,-,-,48.93,0.27%,"99,560"
MTC,253.95M,-,-,-,-,17.49,31.01,-,-,-,39.09%,-,-,2.55,4.94%,"27,566"
MTCH,8.94B,14.63,12.38,0.81,2.54,-,8.74,8.77,11.52%,16.66%,2.63%,15.23%,7.84%,38.34,-0.52%,"2,952,977"
MTD,26.57B,30.84,25.71,2.57,6.50,-,438.66,33.47,9.23%,9.55%,11.04%,10.00%,5.47%,1314.83,1.18%,"146,872"
MTDR,6.52B,13.51,6.19,0.40,1.81,1.17,70.48,109.69,28.84%,14.19%,-,15.41%,33.72%,52.48,-1.19%,"1,263,536"
MTEK,10.09M,-,-,-,7.53,13.96,3.96,-,-,-,-50.23%,-,6.31%,1.04,-1.89%,"21,119"
MTEN,8.18M,-,-,-,5.05,0.03,35.58,-,-,-,-,-,20.52%,1.07,-0.93%,"175,872"
MTEX,8.80M,-,-,-,0.08,-,1.23,-,-,-,-,-,-6.53%,4.56,-3.80%,"8,715"
MTG,6.04B,9.08,8.74,4.55,5.01,1.21,-,8.57,-2.79%,7.07%,19.50%,1.92%,0.24%,28.55,0.46%,"1,991,352"
MTGP,-,-,-,-,-,-,-,-,-,-,-,-,-,43.99,0.38%,"37,496"
MTH,4.92B,13.51,11.62,1.56,0.88,0.97,6.41,20.64,-21.65%,27.47%,2.91%,7.47%,5.41%,73.72,-0.15%,"1,159,814"
MTLS,396.45M,34.05,23.33,0.51,1.28,2.70,2.59,45.67,40.85%,38.76%,-,45.59%,9.22%,6.77,-1.02%,"52,194"
MTN,5.26B,33.54,23.43,-,1.86,9.54,13.58,30.32,-42.53%,45.63%,25.47%,-1.38%,8.59%,147.64,-2.53%,"832,433"
MTNB,2.24M,-,-,-,-,0.74,0.91,-,-,-,19.44%,-,-,0.35,-27.13%,"4,392,463"
MTNE,284.08M,-,-,-,-,-,-,-,-,-,-,-,-,9.84,0.00%,"1,379"
MTNE-U,288.99M,-,-,-,-,-,-,-,-,-,-,-,-,10.01,0.00%,"1,010"
MTR,5.89M,15.27,-,-,9.50,1.87,2.78,-,-,-,-4.45%,-,-4.01%,3.16,-0.32%,"10,764"
MTRA,-,-,-,-,-,-,-,-,-,-,-,-,-,26.75,1.38%,16
MTRN,5.27B,69.21,33.73,-,2.75,5.51,325.41,799.45,17.92%,17.04%,36.67%,-,8.72%,253.27,2.64%,"221,577"
MTRX,350.55M,-,17.93,-,0.41,2.51,1.50,7.02,103.30%,1885.71%,3.11%,-,-6.92%,12.46,1.38%,"274,682"
MTSG,-,-,-,-,-,-,-,-,-,-,-,-,-,8.24,3.78%,"9,011"
MTSI,23.02B,130.84,44.09,1.35,21.44,16.24,34.63,137.30,44.83%,36.19%,-1.16%,32.56%,12.78%,301.76,2.56%,"1,095,655"
MTUL,-,-,-,-,-,-,-,-,-,-,-,-,-,59.40,3.66%,"1,454"
MTUM,-,-,-,-,-,-,-,-,-,-,-,-,-,319.76,1.63%,"1,301,262"
MTUS,803.42M,345.26,14.46,-,0.68,1.18,7.67,-,124.32%,60.84%,53.91%,-,6.87%,19.30,-0.97%,"385,140"
MTVA,9.97M,-,-,-,-,1.10,0.73,-,66.17%,3.22%,72.69%,40.10%,-,1.93,-3.02%,"482,575"
MTW,455.69M,62.45,14.00,0.46,0.20,0.66,5.81,253.16,97.81%,43.18%,-,30.58%,9.20%,12.69,-0.24%,"157,264"
MTX,2.24B,13.99,10.27,-,1.05,1.30,6.98,18.96,13.22%,12.69%,-,-,5.38%,72.32,0.19%,"184,098"
MTYY,-,-,-,-,-,-,-,-,-,-,-,-,-,19.10,1.63%,"1,203"
MTZ,28.85B,63.83,29.96,0.87,1.89,8.72,105.42,112.38,37.85%,34.97%,2.97%,34.40%,17.73%,365.10,1.36%,"703,263"
MU,1110.33B,22.26,6.40,0.04,12.30,11.02,42.62,42.42,782.97%,109.74%,26.19%,171.80%,11.76%,983.12,4.92%,"30,835,225"
MUA,550.88M,35.29,-,-,17.25,0.97,-,-,-,-,-,-,-,10.94,0.37%,"78,437"
MUB,-,-,-,-,-,-,-,-,-,-,-,-,-,106.95,0.05%,"3,046,701"
MUC,1.38B,47.91,-,-,16.08,0.93,-,-,-,-,-,-,-,11.02,0.46%,"418,185"
MUD,-,-,-,-,-,-,-,-,-,-,-,-,-,11.25,-4.98%,"10,639,497"
MUFG,253.97B,15.92,13.50,1.39,2.99,1.81,-,-,12.91%,10.03%,19.92%,9.69%,11.04%,22.50,2.55%,"5,126,253"
MUJ,656.84M,26.85,-,-,13.34,0.98,-,-,-,-,-,-,-,12.35,0.00%,"89,187"
MULL,-,-,-,-,-,-,-,-,-,-,-,-,-,25.81,9.74%,"6,172,711"
MULT,-,-,-,-,-,-,-,-,-,-,-,-,-,25.06,0.32%,51
MUNA,-,-,-,-,-,-,-,-,-,-,-,-,-,100.44,0.04%,56
MUNB,-,-,-,-,-,-,-,-,-,-,-,-,-,100.63,0.00%,8
MUNC,-,-,-,-,-,-,-,-,-,-,-,-,-,102.07,-0.01%,422
MUND,-,-,-,-,-,-,-,-,-,-,-,-,-,102.81,0.08%,10
MUNI,-,-,-,-,-,-,-,-,-,-,-,-,-,52.25,-0.02%,"362,410"
MUNX,-,-,-,-,-,-,-,-,-,-,-,-,-,25.07,0.04%,792
MUNY,-,-,-,-,-,-,-,-,-,-,-,-,-,103.34,0.07%,"31,694"
MUR,5.01B,59.86,10.85,0.28,1.82,0.98,13.24,28.17,144.87%,-3.89%,-,39.14%,8.96%,34.97,0.20%,"1,388,168"
MUSA,11.30B,21.14,20.61,2.17,0.57,17.16,95.28,20.35,31.12%,-9.03%,13.01%,9.51%,11.47%,611.81,0.17%,"265,434"
MUSE,-,-,-,-,-,-,-,-,-,-,-,-,-,49.69,-0.00%,19
MUSI,-,-,-,-,-,-,-,-,-,-,-,-,-,43.34,0.26%,"9,308"
MUSQ,-,-,-,-,-,-,-,-,-,-,-,-,-,25.57,-0.63%,913
MUST,-,-,-,-,-,-,-,-,-,-,-,-,-,20.61,0.10%,"132,737"
MUU,-,-,-,-,-,-,-,-,-,-,-,-,-,742.65,9.50%,"1,628,216"
MUX,1.07B,16.28,7.48,0.08,4.52,1.62,15.22,-,134.19%,72.73%,-,99.35%,13.52%,17.85,2.18%,"620,519"
MUYY,-,-,-,-,-,-,-,-,-,-,-,-,-,21.94,1.01%,"145,427"
MUZ,-,-,-,-,-,-,-,-,-,-,-,-,-,12.77,-9.88%,"6,981,617"
MUZE,271.97M,-,-,-,-,1.39,292.44,-,-,-,-,-,-,9.97,0.00%,6
MVAL,-,-,-,-,-,-,-,-,-,-,-,-,-,36.97,-1.08%,34
MVBF,368.53M,13.12,11.61,-,1.93,1.10,-,-,-21.17%,52.11%,-7.63%,-,8.17%,28.68,-0.49%,"23,789"
MVFD,-,-,-,-,-,-,-,-,-,-,-,-,-,30.24,0.27%,"11,602"
MVFG,-,-,-,-,-,-,-,-,-,-,-,-,-,34.63,0.11%,"14,022"
MVIS,118.42M,-,-,-,76.40,2.80,2.54,-,-,-,-5.27%,-,-13.54%,0.34,-8.88%,"12,278,219"
MVLL,-,-,-,-,-,-,-,-,-,-,-,-,-,30.63,4.65%,"2,626,003"
MVO,9.53M,1.03,-,-,0.94,5.20,8.83,-,-,-,13.06%,-,10.74%,0.83,8.17%,"845,820"
MVPA,-,-,-,-,-,-,-,-,-,-,-,-,-,34.90,0.53%,723
MVPL,-,-,-,-,-,-,-,-,-,-,-,-,-,42.93,0.76%,305
MVRL,-,-,-,-,-,-,-,-,-,-,-,-,-,13.88,1.90%,"3,833"
MVST,323.26M,-,6.06,0.08,0.87,0.69,1.86,13.22,175.00%,45.45%,35.68%,79.15%,31.79%,0.97,-0.54%,"5,249,535"
MVV,-,-,-,-,-,-,-,-,-,-,-,-,-,88.18,0.94%,"1,501"
MWA,3.86B,18.74,15.75,2.17,2.64,3.61,9.18,27.37,12.72%,6.21%,21.80%,7.26%,8.20%,24.70,0.41%,"926,583"
MWC,173.51M,15.67,-,-,1.19,3.04,3.27,14.64,-,-,-,-,-,2.92,-6.11%,"65,949"
MWG,6.18M,-,-,-,0.18,3.50,3.94,1.54,-,-,-,-,9.60%,1.20,-2.23%,"1,178"
MWH,6.04B,-,16.62,0.47,-,13.49,15.70,-,41.96%,54.75%,-,35.12%,-,28.81,5.45%,"1,211,200"
MWHS,-,-,-,-,-,-,-,-,-,-,-,-,-,23.17,5.92%,"14,827"
MWYN,19.53M,-,-,-,2.92,8.46,65.10,-,-,-,-,-,-,0.97,-4.27%,"85,062"
MX,141.98M,-,-,-,0.79,0.61,1.50,-,-,-,-,-,-18.67%,3.89,2.10%,"1,009,480"
MXC,17.29M,13.33,-,-,2.64,0.87,6.22,11.01,-,-,52.70%,-,18.58%,8.45,-1.05%,"3,692"
MXCT,152.11M,-,-,-,4.71,0.91,1.42,-,34.52%,7.88%,-19.78%,21.91%,4.76%,1.42,2.90%,"1,347,975"
MXE,58.52M,2.70,-,-,27.15,0.84,-,-,-,-,-,-,-,13.30,3.58%,168
MXF,311.04M,3.38,-,-,22.59,0.98,-,-,-,-,-,-,-,21.57,1.41%,"35,429"
MXI,-,-,-,-,-,-,-,-,-,-,-,-,-,106.15,1.45%,"6,174"
MXL,8.29B,-,49.38,0.55,16.29,18.25,132.66,816.85,331.38%,40.21%,-3.21%,89.27%,-0.46%,92.59,3.68%,"2,000,399"
MYCF,-,-,-,-,-,-,-,-,-,-,-,-,-,25.02,0.04%,"41,578"
MYCG,-,-,-,-,-,-,-,-,-,-,-,-,-,24.93,0.06%,402
MYCH,-,-,-,-,-,-,-,-,-,-,-,-,-,24.83,0.16%,"138,888"
MYCI,-,-,-,-,-,-,-,-,-,-,-,-,-,24.66,0.22%,817
MYCJ,-,-,-,-,-,-,-,-,-,-,-,-,-,24.52,0.20%,245
MYCK,-,-,-,-,-,-,-,-,-,-,-,-,-,24.62,0.29%,"4,736"
MYCL,-,-,-,-,-,-,-,-,-,-,-,-,-,24.45,0.27%,"4,953"
MYCM,-,-,-,-,-,-,-,-,-,-,-,-,-,24.41,0.25%,120
MYCN,-,-,-,-,-,-,-,-,-,-,-,-,-,24.22,0.27%,10
MYCO,-,-,-,-,-,-,-,-,-,-,-,-,-,24.18,0.29%,833
MYE,1.16B,44.07,16.50,0.72,1.48,4.00,25.98,13.08,47.27%,15.43%,-1.90%,22.86%,10.10%,30.85,1.35%,"488,388"
MYFW,320.38M,21.36,11.60,-,1.69,1.17,-,168.62,80.74%,16.39%,-15.32%,-,12.21%,32.93,-1.41%,"56,696"
MYGN,570.47M,-,39.97,0.61,0.69,1.69,4.59,-,2.08%,146.71%,-8.03%,65.44%,5.24%,6.04,3.07%,"896,466"
MYHA,-,-,-,-,-,-,-,-,-,-,-,-,-,24.93,0.07%,12
MYHB,-,-,-,-,-,-,-,-,-,-,-,-,-,24.94,0.13%,8
MYHC,-,-,-,-,-,-,-,-,-,-,-,-,-,25.09,0.19%,6
MYHD,-,-,-,-,-,-,-,-,-,-,-,-,-,24.97,0.08%,6
MYHE,-,-,-,-,-,-,-,-,-,-,-,-,-,24.86,0.10%,6
MYI,1.35B,29.13,-,-,21.95,0.93,-,-,-,-,-,-,-,11.07,0.73%,"294,812"
MYLD,-,-,-,-,-,-,-,-,-,-,-,-,-,32.28,-0.17%,"1,290"
MYMF,-,-,-,-,-,-,-,-,-,-,-,-,-,24.87,0.02%,8
MYMG,-,-,-,-,-,-,-,-,-,-,-,-,-,24.65,0.06%,437
MYMH,-,-,-,-,-,-,-,-,-,-,-,-,-,24.53,0.02%,410
MYMI,-,-,-,-,-,-,-,-,-,-,-,-,-,24.67,0.08%,211
MYMJ,-,-,-,-,-,-,-,-,-,-,-,-,-,24.78,0.04%,6
MYMK,-,-,-,-,-,-,-,-,-,-,-,-,-,24.97,0.00%,95
MYN,956.30M,63.50,-,-,30.17,0.94,-,-,-,-,-,-,-,10.16,0.59%,"137,336"
MYND,18.49M,-,-,-,0.11,-,1.00,-,-,-,38.31%,-,8.91%,0.40,5.26%,"8,623"
MYO,42.50M,-,-,-,1.03,4.71,2.71,-,17.30%,22.22%,36.74%,-,40.10%,1.10,0.00%,"235,920"
MYPS,93.81M,-,-,-,0.41,0.43,0.90,3.63,28.13%,42.25%,-,38.63%,-2.72%,0.73,-4.19%,"882,206"
MYRG,6.52B,46.19,31.32,1.06,1.71,9.28,39.98,28.30,51.90%,16.98%,16.70%,29.62%,10.23%,419.04,1.74%,"195,219"
MYSE,13.70M,-,-,-,-,2.99,5.78,-,-,-,-18.14%,-,-,2.67,2.30%,"435,008"
MYSZ,2.26M,-,-,-,0.22,0.57,2.48,-,-,-,61.56%,-,131.11%,0.47,3.53%,"26,489"
MYX,144.58M,-,-,-,-,41417.92,-,-,-,-,-,-,-,9.94,0.10%,10
MYY,-,-,-,-,-,-,-,-,-,-,-,-,-,15.28,-0.46%,"8,881"
MZTI,2.93B,16.73,14.86,4.54,1.51,2.81,13.43,11.83,0.37%,6.75%,4.08%,3.27%,7.43%,106.96,-6.27%,"432,402"
MZYX,375.56M,-,-,-,-,1.30,291.13,-,-,-,-,-,-,10.02,-0.25%,"3,214"
MZZ,-,-,-,-,-,-,-,-,-,-,-,-,-,5.99,-0.84%,700
NA,42.47M,2.27,-,-,11.27,0.39,8.23,-,-,-,-,-,64.90%,1.83,1.10%,"58,668"
NAAS,34.98M,-,-,-,-,-,3.35,-,-,-,48.32%,-,-,3.45,-0.61%,"15,531"
NABL,849.58M,-,9.40,-,1.61,1.06,7.21,11.41,6.41%,15.66%,-31.92%,-,11.05%,4.51,2.04%,"1,622,962"
NAC,1.89B,-,-,-,14.09,1.01,-,-,-,-,-,-,-,12.11,0.25%,"515,084"
NACP,-,-,-,-,-,-,-,-,-,-,-,-,-,59.77,0.41%,853
NAD,2.80B,15.18,-,-,12.22,0.98,-,-,-,-,-,-,-,11.99,0.42%,"707,329"
NAGE,262.03M,15.07,11.55,0.51,2.01,3.18,3.94,64.86,13.00%,26.00%,-,22.76%,16.91%,3.29,-5.19%,"861,925"
NAII,13.87M,-,-,-,0.10,0.22,1.51,-,-,-,-56.18%,-,2.21%,2.21,0.00%,"15,515"
NAIL,-,-,-,-,-,-,-,-,-,-,-,-,-,41.20,2.44%,"1,012,577"
NAK,974.94M,-,-,-,-,32.10,25.92,-,99.99%,-313988.89%,-6.38%,46.20%,-,1.74,6.10%,"2,914,338"
NAKA,69.27M,-,-,-,17.67,0.19,1.96,-,12.21%,81.16%,-,-,-7.65%,3.98,18.10%,"444,581"
NAMI,10.49M,-,-,-,0.18,0.87,0.93,-,-,-,0.44%,-,10.55%,3.32,-2.35%,"51,732"
NAMM,81.72M,-,-,-,-,-,-,-,-,-,-,-,-,1.50,-2.60%,"261,623"
NAMS,3.89B,-,-,-,172.43,5.84,6.11,-,-4.99%,22.81%,-,46.29%,-,33.29,0.03%,"638,441"
NAN,386.05M,32.53,-,-,13.53,1.01,-,-,-,-,-,-,-,11.71,0.34%,"18,490"
NANC,-,-,-,-,-,-,-,-,-,-,-,-,-,50.48,0.88%,"15,559"
NANR,-,-,-,-,-,-,-,-,-,-,-,-,-,77.91,0.74%,"14,544"
NAPR,-,-,-,-,-,-,-,-,-,-,-,-,-,59.29,0.40%,"18,707"
NASA,-,-,-,-,-,-,-,-,-,-,-,-,-,25.21,0.64%,"1,467,335"
NAT,1.33B,24.52,20.46,0.43,3.99,2.92,16.42,-,1087.50%,-56.84%,-29.59%,48.12%,-3.83%,6.29,3.28%,"2,954,895"
NATH,410.87M,20.67,-,-,2.54,-,16.84,23.01,-,-,12.53%,-,16.40%,100.35,-0.20%,"19,246"
NATL,3.37B,19.68,9.23,0.63,0.76,8.52,5.77,30.94,1.57%,18.00%,-,14.63%,-,45.70,0.51%,"295,803"
NATO,-,-,-,-,-,-,-,-,-,-,-,-,-,39.92,0.16%,"11,137"
NATR,360.31M,18.77,15.12,-,0.74,2.16,4.11,15.65,-4.37%,12.45%,-0.22%,-,4.50%,20.49,-5.05%,"84,421"
NAUG,-,-,-,-,-,-,-,-,-,-,-,-,-,31.77,0.11%,80
NAUT,222.39M,-,-,-,-,1.54,2.32,-,-9.57%,-0.97%,0.21%,2.92%,-,1.75,-1.69%,"554,115"
NAVI,796.09M,-,8.97,-,0.26,0.33,0.37,2.46,303.91%,32.32%,-,-,-2.83%,8.47,0.47%,"608,218"
NAVN,6.56B,-,67.02,-,8.58,5.27,8.18,-,-,51.81%,-,-,-,25.80,-1.26%,"3,755,608"
NAZ,162.16M,22.57,-,-,16.72,1.06,-,-,-,-,-,-,-,12.64,0.08%,"21,727"
NB,706.09M,-,-,-,-,1.62,1.68,-,-25.69%,46.22%,-16.23%,0.47%,-,4.85,12.79%,"4,214,687"
NBB,457.38M,16.55,-,-,-,-,-,-,-,-,-,-,-,15.56,-0.06%,"25,554"
NBBK,866.58M,15.25,8.35,-,2.27,1.03,-,11.90,14.91%,27.23%,20.92%,-,37.39%,20.88,-0.67%,"178,921"
NBCE,-,-,-,-,-,-,-,-,-,-,-,-,-,40.97,3.12%,12
NBCM,-,-,-,-,-,-,-,-,-,-,-,-,-,28.20,1.26%,"70,389"
NBCR,-,-,-,-,-,-,-,-,-,-,-,-,-,33.87,0.47%,"24,869"
NBDS,-,-,-,-,-,-,-,-,-,-,-,-,-,41.39,1.67%,"5,298"
NBET,-,-,-,-,-,-,-,-,-,-,-,-,-,40.44,0.39%,"5,483"
NBFC,-,-,-,-,-,-,-,-,-,-,-,-,-,50.54,0.06%,214
NBFR,-,-,-,-,-,-,-,-,-,-,-,-,-,26.80,0.85%,"3,514"
NBGX,-,-,-,-,-,-,-,-,-,-,-,-,-,29.59,1.04%,"2,993"
NBH,308.62M,14.89,-,-,11.02,0.93,-,-,-,-,-,-,-,10.42,0.39%,"81,927"
NBHC,2.02B,16.78,10.87,-,3.29,1.21,-,36.23,13.24%,19.48%,0.05%,-,10.67%,45.01,0.78%,"273,591"
NBIC,-,-,-,-,-,-,-,-,-,-,-,-,-,21.25,-,"12,015"
NBIE,-,-,-,-,-,-,-,-,-,-,-,-,-,26.47,0.78%,"28,036"
NBIG,-,-,-,-,-,-,-,-,-,-,-,-,-,18.09,-15.59%,"2,437,918"
NBIL,-,-,-,-,-,-,-,-,-,-,-,-,-,26.08,-15.57%,"2,898,833"
NBIS,48.84B,64.75,-,-,55.64,6.81,5.25,-,-35.86%,-22.49%,-19.43%,8.30%,-29.39%,194.09,-7.80%,"17,928,458"
NBIX,17.30B,26.45,17.49,0.46,5.58,5.08,13.14,20.81,65.99%,26.92%,2.31%,38.32%,22.29%,172.04,-1.18%,"1,054,074"
NBIZ,-,-,-,-,-,-,-,-,-,-,-,-,-,11.48,15.73%,"2,313,025"
NBJP,-,-,-,-,-,-,-,-,-,-,-,-,-,36.42,0.64%,56
NBN,1.03B,11.11,8.94,-,2.73,1.95,-,348.28,20.04%,19.83%,31.86%,-,29.31%,129.66,-1.17%,"96,130"
NBOS,-,-,-,-,-,-,-,-,-,-,-,-,-,28.23,0.18%,"626,030"
NBP,207.68M,-,-,-,-,0.90,0.99,-,-130.95%,-50.52%,-,-,-,1.80,-3.23%,"354,095"
NBR,1.24B,6.54,22.81,-,0.38,2.17,2.47,423.36,-112.96%,262.52%,-,-19.99%,8.34%,83.55,-0.13%,"236,091"
NBRG,75.16M,-,-,-,-,114.59,313.19,-,-,-,-,-,-,9.96,-0.10%,206
NBSD,-,-,-,-,-,-,-,-,-,-,-,-,-,50.56,-0.02%,"234,902"
NBSM,-,-,-,-,-,-,-,-,-,-,-,-,-,28.11,-0.50%,"4,863"
NBTB,2.63B,14.42,11.31,-,2.81,1.38,-,11.49,9.55%,7.03%,6.99%,-,12.86%,50.64,0.06%,"442,461"
NBTR,-,-,-,-,-,-,-,-,-,-,-,-,-,49.52,0.14%,571
NBTX,2.11B,-,-,-,64.39,-,34.01,-,77.00%,45.38%,18.47%,-,257.86%,41.64,6.36%,"73,660"
NBXG,1.25B,3.59,-,-,-,-,-,-,-,-,-,-,-,15.92,1.40%,"189,988"
NC,358.46M,16.56,-,-,1.31,0.82,6.74,-,-,-,2.31%,-,16.63%,47.53,1.95%,"8,944"
NCA,309.69M,26.71,-,-,23.38,1.00,-,-,-,-,-,-,-,9.35,-0.11%,"43,889"
NCDL,632.65M,10.72,8.47,-,3.33,0.73,12.55,6.36,-15.75%,-3.49%,24.74%,-8.20%,71.23%,12.81,0.47%,"61,298"
NCEL,21.27M,-,-,-,-,0.59,6.93,-,45.37%,49.15%,60.94%,30.03%,-,3.98,-0.50%,"28,090"
NCEW,55.11M,-,-,-,8.39,84.89,423.91,-,-,-,-,-,-11.53%,16.81,2.81%,691
NCI,28.21M,141.85,-,-,1.60,0.83,94.03,12.65,-,-,-50.38%,-,-13.15%,11.93,0.42%,"44,034"
NCIQ,-,-,-,-,-,-,-,-,-,-,-,-,-,16.14,4.23%,"27,695"
NCLH,8.93B,16.66,9.64,2.19,0.89,3.67,48.28,-,-21.30%,21.62%,-,4.40%,50.33%,19.46,-0.87%,"8,060,427"
NCLO,-,-,-,-,-,-,-,-,-,-,-,-,-,24.94,-0.10%,"51,007"
NCMI,364.80M,-,31.76,-,1.50,1.06,7.07,21.71,47.73%,313.04%,57.78%,-,21.89%,3.89,-2.51%,"316,745"
NCNA,5.45M,-,-,-,-,0.32,0.19,-,-,-,68.08%,-,-,1.31,2.34%,"94,318"
NCNO,1.92B,144.67,11.76,0.70,3.15,1.96,18.64,17.33,18.87%,17.11%,-,16.84%,23.83%,17.52,0.69%,"1,747,609"
NCPB,-,-,-,-,-,-,-,-,-,-,-,-,-,24.72,0.18%,"5,222"
NCPL,3.59M,-,-,-,4.85,0.14,4.98,-,-,-,-,-,-13.09%,0.46,-1.19%,"59,155"
NCRA,2.25M,-,-,-,0.26,-,0.42,-,-,-,-19.42%,-,56.63%,1.45,-1.36%,"163,727"
NCSM,117.24M,6.47,11.34,-,0.65,0.94,3.40,4.93,-36.91%,55.73%,-,-,11.54%,44.67,0.74%,"1,963"
NCT,4.20M,-,-,-,0.17,0.14,1.04,-,-,-,-,-,-,2.92,0.00%,"640,432"
NCTY,59.29M,-,-,-,3.96,2.20,1.33,-,-,-,-,-,177.86%,3.95,-2.23%,"90,171"
NCV,378.44M,4.50,-,-,16.92,0.95,-,-,-,-,-,-,-,16.75,-0.42%,"107,983"
NCZ,290.95M,4.29,-,-,17.46,0.96,-,-,-,-,-,-,-,15.29,-0.13%,"86,646"
NDAA,-,-,-,-,-,-,-,-,-,-,-,-,-,23.93,0.73%,330
NDAQ,49.77B,26.51,19.46,1.38,6.02,4.13,88.25,24.84,14.88%,13.12%,10.65%,14.12%,7.98%,88.01,-1.35%,"3,613,731"
NDEC,-,-,-,-,-,-,-,-,-,-,-,-,-,30.00,0.33%,"3,047"
NDIA,-,-,-,-,-,-,-,-,-,-,-,-,-,27.10,0.28%,"10,576"
NDIV,-,-,-,-,-,-,-,-,-,-,-,-,-,32.98,0.19%,"12,801"
NDLS,70.00M,-,32.11,-,0.14,-,48.61,-,88.30%,184.09%,-11.84%,-,4.69%,11.88,-5.56%,"44,281"
NDMO,627.78M,16.97,-,-,14.56,1.00,-,-,-,-,-36.62%,-,-7.58%,10.38,0.58%,"157,771"
NDOW,-,-,-,-,-,-,-,-,-,-,-,-,-,29.26,0.35%,"11,119"
NDRA,7.04M,-,-,-,-,3.85,19.56,-,60.36%,14.12%,79.05%,-,-,5.54,0.73%,"96,353"
NDSN,15.98B,30.60,22.79,2.43,5.50,4.99,156.65,22.39,13.28%,8.51%,14.81%,9.36%,5.65%,286.83,0.08%,"279,927"
NE,6.65B,29.35,15.50,0.19,2.08,1.45,9.98,16.53,61.68%,148.24%,-,80.07%,27.79%,41.68,-0.26%,"1,613,582"
NEA,3.52B,14.94,-,-,13.04,0.99,-,-,-,-,-,-,-,11.65,0.60%,"792,102"
NEAR,-,-,-,-,-,-,-,-,-,-,-,-,-,50.50,0.10%,"754,306"
NEBX,-,-,-,-,-,-,-,-,-,-,-,-,-,26.87,-15.00%,"2,324,510"
NECB,361.68M,8.13,7.84,4.87,2.34,0.98,-,7.15,-5.08%,8.27%,33.62%,1.61%,25.21%,26.18,-0.87%,"25,923"
NEE,186.75B,22.73,20.25,2.29,6.78,3.38,75.45,79.03,9.61%,8.76%,17.36%,8.86%,9.21%,89.54,1.31%,"10,677,718"
NEGG,295.30M,-,-,-,-,1.61,5.10,-,-,-,-,-,-7.34%,14.08,1.51%,"82,039"
NEHI,-,-,-,-,-,-,-,-,-,-,-,-,-,27.18,4.83%,"31,062"
NELS,-,-,-,-,-,-,-,-,-,-,-,-,-,28.87,0.63%,"2,940"
NEM,101.15B,12.29,8.71,0.42,4.14,2.91,11.52,10.95,41.08%,11.96%,12.75%,20.71%,14.12%,94.75,1.77%,"7,397,692"
NEMD,-,-,-,-,-,-,-,-,-,-,-,-,-,52.91,0.27%,"3,044"
NEMG,-,-,-,-,-,-,-,-,-,-,-,-,-,13.86,3.27%,"3,400"
NEN,161.75M,-,-,-,1.75,-,6.33,6.56,-,-,34.63%,-,7.51%,57.97,0.00%,14
NEO,1.85B,-,39.03,0.64,2.48,2.23,12.68,-,50.00%,102.53%,-,61.23%,10.35%,14.23,0.85%,"1,503,301"
NEOG,2.10B,-,32.23,-,2.42,1.00,13.16,514.64,107.36%,-18.92%,-,-,16.43%,9.67,0.21%,"1,647,731"
NEON,13.95M,1.67,-,-,6.46,0.61,0.60,-,-,-,-,-,-19.19%,0.83,0.81%,"76,127"
NEOV,126.80M,-,-,-,7.02,4.31,11.05,-,-133.33%,32.14%,-5.01%,-,33.17%,2.24,0.90%,"633,209"
NEPH,38.54M,50.21,35.50,-,2.02,3.60,9.59,23.36,-59.09%,122.22%,-,-,17.02%,3.55,-1.11%,"5,261"
NERD,-,-,-,-,-,-,-,-,-,-,-,-,-,20.54,-0.82%,"1,210"
NERV,187.28M,-,-,-,-,-,2.40,-,-87.04%,77.51%,-,23.99%,-,4.02,-5.85%,"170,812"
NESR,2.95B,45.79,11.82,0.20,2.07,2.97,31.78,23.60,105.45%,45.26%,-1.73%,58.76%,9.68%,29.29,3.87%,"1,367,861"
NET,100.06B,-,177.98,5.48,42.97,65.21,23.97,342.93,28.80%,32.15%,5.92%,32.45%,38.13%,281.75,4.53%,"3,983,667"
NETG,-,-,-,-,-,-,-,-,-,-,-,-,-,17.43,8.92%,"76,189"
NETL,-,-,-,-,-,-,-,-,-,-,-,-,-,27.17,-0.20%,"7,730"
NEU,6.75B,16.77,-,-,2.50,3.90,92.24,13.95,-,-,12.52%,-,6.27%,733.67,-3.11%,"116,618"
NEUP,19.28M,-,-,-,-,0.65,0.99,-,-1669.57%,40.29%,-20.01%,-,246.61%,3.57,2.29%,"35,807"
NEWP,739.76M,-,-,-,-,4.65,18.56,-,-6.81%,10.99%,-,-0.00%,-,4.02,1.77%,"457,511"
NEWT,428.17M,6.54,5.92,0.58,1.07,1.20,1.06,-,12.76%,5.85%,6.50%,10.14%,25.48%,14.82,0.61%,"130,455"
NEWZ,-,-,-,-,-,-,-,-,-,-,-,-,-,29.97,0.15%,"1,381"
NEXA,1.92B,9.15,4.76,0.14,0.59,1.69,4.86,11.93,178.60%,9.47%,-,35.00%,8.94%,14.52,5.37%,"434,367"
NEXM,81.82M,-,-,-,-,1.59,4.35,-,-,-,0.67%,-,-,2.30,4.32%,"43,125"
NEXN,552.74M,32.57,8.07,1.21,1.48,1.18,5.85,8.83,8.38%,15.70%,67.36%,6.69%,11.47%,9.92,0.51%,"495,405"
NEXR,2.67M,-,-,-,0.16,0.01,1.61,-,-,-,-,-,49.03%,0.44,-0.50%,"302,970"
NEXT,2.17B,-,-,-,-,-,4.66,-,-85.45%,72.28%,-36.70%,11.20%,-,8.18,0.25%,"1,519,041"
NFBK,614.77M,127.56,9.81,-,2.28,0.88,-,10.00,6650.00%,11.11%,-51.76%,-,8.17%,14.72,0.68%,"214,961"
NFE,99.97M,-,-,-,0.08,-,0.53,-,-,-,-31.14%,-,27.20%,0.35,-0.74%,"2,743,169"
NFEB,-,-,-,-,-,-,-,-,-,-,-,-,-,30.32,0.45%,"3,560"
NFG,7.59B,10.81,10.28,2.28,3.15,1.98,285.32,24.75,6.89%,5.17%,-,4.50%,9.09%,79.86,-1.30%,"545,913"
NFGC,560.82M,-,10.24,-,49.32,1.73,18.02,-,61.69%,306.70%,7.59%,-,-,1.46,2.10%,"740,960"
NFJ,1.41B,9.52,-,-,50.11,1.02,-,-,-,-,-,-,-,15.13,0.00%,"166,958"
NFLP,-,-,-,-,-,-,-,-,-,-,-,-,-,18.18,-0.33%,"3,568"
NFLT,-,-,-,-,-,-,-,-,-,-,-,-,-,22.89,0.24%,"46,144"
NFLU,-,-,-,-,-,-,-,-,-,-,-,-,-,17.29,-1.31%,"194,305"
NFLW,-,-,-,-,-,-,-,-,-,-,-,-,-,16.57,-0.34%,"8,885"
NFLX,309.62B,23.76,19.21,0.88,6.55,9.95,25.18,26.03,40.77%,7.48%,32.98%,21.94%,12.61%,73.53,-0.41%,"33,312,090"
NFLY,-,-,-,-,-,-,-,-,-,-,-,-,-,7.82,-0.89%,"83,133"
NFRA,-,-,-,-,-,-,-,-,-,-,-,-,-,65.46,0.09%,"37,043"
NFRX,-,-,-,-,-,-,-,-,-,-,-,-,-,27.24,0.34%,12
NFTY,-,-,-,-,-,-,-,-,-,-,-,-,-,53.28,-0.49%,"6,025"
NFX,-,-,-,-,-,-,-,-,-,-,-,-,-,23.32,-0.73%,250
NFXL,-,-,-,-,-,-,-,-,-,-,-,-,-,16.39,-0.97%,"962,486"
NFXS,-,-,-,-,-,-,-,-,-,-,-,-,-,20.95,0.53%,"25,948"
NG,2.59B,-,-,-,-,6.15,6.97,-,21.91%,-41.56%,-19.91%,21.40%,-,5.90,1.03%,"3,035,336"
NGEN,143.01M,-,-,-,-,35.49,12.05,-,36.73%,-21.77%,-10.94%,15.68%,-,1.74,-9.84%,"1,305,483"
NGG,83.01B,19.11,12.68,1.16,3.50,1.60,22.26,-,14.38%,9.39%,9.47%,10.91%,5.85%,83.41,0.16%,"727,161"
NGHT,-,-,-,-,-,-,-,-,-,-,-,-,-,21.97,3.18%,"40,830"
NGL,1.92B,-,12.39,-,0.61,-,225.28,13.25,125.71%,51.22%,9.26%,-,-9.60%,15.36,-0.84%,"93,506"
NGNE,778.74M,-,-,-,-,2.57,3.20,-,-30.01%,-0.04%,-45.84%,-3.61%,-,39.08,1.98%,"245,803"
NGS,521.81M,24.02,15.80,0.77,2.91,1.85,225.89,-,31.21%,26.86%,63.03%,20.54%,20.42%,41.30,1.80%,"169,783"
NGVC,739.38M,15.50,14.18,2.31,0.55,3.20,35.68,42.71,-2.32%,6.76%,17.65%,6.14%,5.12%,32.09,-1.81%,"84,101"
NGVT,2.54B,-,12.28,0.88,2.09,65.42,14.05,10.31,10.04%,18.64%,-,13.94%,-0.80%,72.94,1.87%,"324,794"
NHC,3.29B,26.76,-,-,2.17,3.02,10.57,19.55,-,-,23.00%,-,9.68%,210.79,1.40%,"89,306"
NHI,3.69B,24.57,22.59,4.37,9.12,2.43,147.88,16.32,16.67%,-4.35%,-6.14%,5.17%,3.07%,76.12,0.29%,"313,558"
NHIC,297.11M,56.81,-,-,-,1.46,479.21,-,-,-,-,-,-,10.76,-0.28%,"94,915"
NHIV,276.90M,-,-,-,-,-,-,-,-,-,-,-,-,10.08,-0.20%,"872,607"
NHP,325.55M,-,260.50,-,0.95,1.79,3.05,34.38,107.10%,-66.04%,-4.72%,-,-2.28%,15.63,3.37%,"856,611"
NHS,194.94M,10.35,-,-,8.26,0.91,-,-,-,-,-,-,-,6.21,0.16%,"164,305"
NHTC,15.36M,-,-,-,0.40,0.93,0.72,-,-,-,-,-,-8.52%,1.79,-2.19%,"27,439"
NHYB,-,-,-,-,-,-,-,-,-,-,-,-,-,24.67,0.24%,864
NHYM,-,-,-,-,-,-,-,-,-,-,-,-,-,24.98,0.08%,"30,547"
NI,22.35B,23.20,20.73,2.33,3.28,2.31,230.19,-,8.34%,9.24%,-,8.89%,7.25%,46.62,-0.96%,"5,131,531"
NIC,3.50B,19.33,12.42,-,5.75,1.56,-,28.48,21.38%,11.26%,11.39%,-,21.30%,164.68,0.06%,"184,001"
NICE,5.99B,12.00,8.08,1.04,1.97,1.68,19.32,10.14,-9.82%,14.18%,25.27%,7.76%,12.34%,102.28,-1.16%,"309,298"
NICM,-,-,-,-,-,-,-,-,-,-,-,-,-,6.20,2.31%,911
NICO,-,-,-,-,-,-,-,-,-,-,-,-,-,25.06,-1.30%,"5,982"
NIE,738.72M,6.46,-,-,-,-,-,-,-,-,-,-,-,26.66,0.57%,"46,758"
NIHI,-,-,-,-,-,-,-,-,-,-,-,-,-,51.69,0.58%,"50,981"
NIKL,-,-,-,-,-,-,-,-,-,-,-,-,-,13.07,3.40%,"33,715"
NIM,118.24M,25.00,-,-,23.90,0.96,-,-,-,-,-,-,-,9.50,1.28%,"60,339"
NINE,498.50M,1.75,16.68,-,0.92,1.20,22.80,-,498.40%,-86.14%,37.10%,-,12.57%,11.51,2.49%,"23,583"
NIO,11.65B,-,46.16,-,0.82,17.90,1.67,-,93.54%,266.03%,-6.76%,-,38.88%,5.01,1.62%,"23,121,950"
NIOG,-,-,-,-,-,-,-,-,-,-,-,-,-,12.52,3.78%,"7,728"
NIPG,20.07M,-,-,-,0.16,0.32,1.94,-,-,-,-92.71%,-,86.06%,6.12,-4.37%,"3,509"
NIQ,3.26B,-,9.13,0.11,0.76,3.56,9.00,28.45,325.26%,23.68%,-,84.80%,-,11.05,-0.18%,"1,617,723"
NISM,-,-,-,-,-,-,-,-,-,-,-,-,-,24.51,0.94%,6
NITE,-,-,-,-,-,-,-,-,-,-,-,-,-,37.24,-0.00%,70
NIU,154.66M,-,13.41,-,0.24,1.45,0.78,-,255.25%,185.08%,-,-,11.09%,2.19,1.86%,"179,472"
NIVF,4.89M,-,0.05,0.00,1.03,0.00,6.43,-,55.92%,97.05%,-,69.10%,-,1.43,1.42%,"148,674"
NIXT,-,-,-,-,-,-,-,-,-,-,-,-,-,32.58,-0.47%,175
NIXX,40.77M,-,-,-,0.32,3.73,12.98,-,-,-,64.40%,-,63.02%,1.40,22.81%,"2,974,930"
NJAN,-,-,-,-,-,-,-,-,-,-,-,-,-,58.94,0.40%,"68,680"
NJNK,-,-,-,-,-,-,-,-,-,-,-,-,-,20.01,0.20%,"2,221"
NJR,5.93B,17.45,17.11,3.99,2.68,2.24,44.23,-,8.00%,-3.33%,14.21%,4.29%,0.81%,58.76,-0.76%,"416,000"
NJUL,-,-,-,-,-,-,-,-,-,-,-,-,-,76.60,0.67%,"38,024"
NJUN,-,-,-,-,-,-,-,-,-,-,-,-,-,32.56,0.51%,"7,839"
NKE,63.47B,20.43,19.47,4.16,1.37,4.50,7.03,60.56,-17.30%,26.78%,-10.02%,4.68%,0.84%,42.86,-2.06%,"13,090,257"
NKLR,543.66M,1.00,-,-,-,-,5.62,-,-102.39%,-36.56%,-,-,-,4.92,6.03%,"224,364"
NKSH,230.03M,13.08,10.78,-,2.67,1.23,-,13.84,16.25%,4.04%,0.06%,-,10.42%,36.12,0.36%,"77,277"
NKTR,2.27B,-,-,-,40.79,2.38,3.99,-,8.50%,-22.82%,23.59%,-5.04%,-18.43%,67.17,-1.68%,"814,761"
NKTX,189.59M,-,-,-,-,0.66,0.82,-,-0.87%,2.35%,23.69%,4.76%,-,2.65,-5.02%,"801,905"
NKX,675.53M,29.40,-,-,14.38,1.02,-,-,-,-,-,-,-,12.64,0.16%,"213,889"
NL,292.69M,-,-,-,1.85,0.81,2.79,69.69,-,-,-,-,6.68%,5.99,0.34%,"17,221"
NLOP,168.44M,-,-,-,1.69,0.99,2.39,3.05,-,-,-,-,-,11.37,1.52%,"77,754"
NLR,-,-,-,-,-,-,-,-,-,-,-,-,-,111.37,1.73%,"486,286"
NLSI,-,-,-,-,-,-,-,-,-,-,-,-,-,53.53,-0.54%,152
NLY,16.86B,7.76,7.71,-,2.37,1.16,8.82,-,2.94%,-0.77%,-,-0.25%,35.16%,23.01,2.13%,"5,962,670"
NMAD,117.58M,-,-,-,-,8.45,36.18,-,-,-,15.39%,-,-,5.77,2.30%,"302,198"
NMAI,475.71M,5.85,-,-,6.51,0.99,46.05,55.83,-,-,58.75%,-,-1.72%,14.23,0.85%,"82,423"
NMAR,-,-,-,-,-,-,-,-,-,-,-,-,-,32.16,0.30%,"7,999"
NMAX,1.07B,-,46.17,-,5.49,10.03,7.20,-,93.23%,376.92%,-,-,-,8.31,-1.07%,"500,678"
NMAY,-,-,-,-,-,-,-,-,-,-,-,-,-,29.44,0.46%,"12,608"
NMB,-,-,-,-,-,-,-,-,-,-,-,-,-,24.85,0.10%,"6,519"
NMBL,-,-,-,-,-,-,-,-,-,-,-,-,-,20.56,0.54%,110
NMCO,610.93M,22.29,-,-,9.77,1.00,-,-,-,-,-,-,-,10.92,0.74%,"181,732"
NMFC,662.11M,-,6.66,-,2.34,0.64,12.95,10.17,-14.29%,-3.99%,-25.76%,-7.56%,6.45%,7.01,0.29%,"638,855"
NMG,510.12M,-,-,-,-,4.49,12.29,-,63.90%,29.83%,0.85%,47.53%,-,1.55,1.97%,"314,659"
NMI,130.23M,18.92,-,-,24.09,1.09,-,-,-,-,-,-,-,10.78,-0.08%,"7,353"
NMIH,3.18B,8.52,7.83,1.86,4.44,1.21,-,7.44,4.62%,3.99%,18.26%,4.22%,10.27%,41.91,0.92%,"524,083"
NML,592.65M,116.22,-,-,-,-,-,-,-,-,-,-,-,10.46,0.48%,"92,792"
NMM,2.12B,6.27,4.39,0.20,1.52,0.63,5.03,-,72.32%,-0.97%,-,22.35%,42.75%,74.52,-1.18%,"127,160"
NMP,164.42M,67.73,-,-,-,1.39,1027.62,-,-,-,-,-,-,10.30,0.05%,"149,907"
NMR,28.29B,12.29,11.02,1.71,0.90,1.21,0.90,-,11.07%,3.01%,10.83%,6.45%,15.72%,9.75,1.35%,"1,183,944"
NMRA,292.74M,-,-,-,-,4.07,1.99,-,36.94%,19.47%,-17.29%,20.41%,-,1.58,-1.25%,"771,862"
NMRK,2.61B,18.15,6.78,0.51,0.75,1.86,7.79,37.46,19.67%,11.76%,11.78%,13.28%,12.29%,14.70,-2.58%,"1,117,100"
NMS,78.06M,-,-,-,-,-,-,-,-,-,-,-,-,12.18,0.23%,"2,087"
NMT,130.42M,-,-,-,17.01,1.12,-,-,-,-,-,-,-,12.72,-0.47%,"22,197"
NMTC,21.15M,-,-,-,2.30,4.12,7.55,-,-137.04%,-13.02%,48.67%,-10.06%,44.41%,2.43,-8.65%,"66,351"
NMZ,2.25B,15.14,-,-,20.24,0.98,-,-,-,-,-,-,-,10.45,0.48%,"724,734"
NN,2.09B,-,-,-,517.99,-,14.60,-,63.73%,-30.10%,26.88%,-,51.71%,15.30,-0.91%,"1,187,082"
NNBR,180.49M,-,12.91,-,0.41,6.92,21.31,-,350.00%,253.33%,32.73%,-,-0.25%,3.42,0.00%,"1,301,770"
NNDM,311.99M,-,-,-,2.63,0.64,0.71,-,-,-,-3.80%,-,97.65%,1.50,1.35%,"3,104,506"
NNE,944.79M,-,-,-,-,1.59,1.66,-,15.25%,-57.14%,-,-22.62%,-,18.14,0.67%,"1,714,409"
NNI,4.74B,11.69,13.77,-,2.10,1.27,5.71,12.79,-31.72%,17.11%,5.11%,-,4.89%,131.87,-0.01%,"92,114"
NNN,9.01B,23.10,22.71,14.46,9.63,2.05,1668.55,13.84,-2.18%,3.00%,11.14%,1.57%,6.99%,47.36,0.00%,"1,190,841"
NNNN,1.37B,58.09,-,-,140.49,11.79,97.88,-,-,-,23.44%,-,16.85%,9.51,-4.61%,"25,524"
NNOV,-,-,-,-,-,-,-,-,-,-,-,-,-,31.40,0.53%,"7,368"
NNOX,73.78M,-,-,-,5.08,0.58,1.68,-,46.84%,38.38%,1.18%,44.81%,-,1.06,0.95%,"696,380"
NNVC,40.68M,-,-,-,-,4.19,12.67,-,34.13%,2.41%,23.52%,-,-,1.77,7.27%,"680,132"
NNY,164.50M,27.22,-,-,21.66,0.97,-,-,-,-,-,-,-,8.71,0.35%,"23,232"
NOA,376.33M,17.66,6.90,0.24,0.41,1.08,4.34,-,72.25%,35.16%,-8.29%,28.67%,19.85%,13.45,-1.18%,"31,754"
NOAH,590.13M,8.20,5.68,1.07,1.59,0.40,0.80,-,11.66%,7.69%,-,5.33%,-5.25%,8.77,0.80%,"68,223"
NOBL,-,-,-,-,-,-,-,-,-,-,-,-,-,56.30,-1.15%,"1,908,128"
NOC,75.09B,16.52,17.52,2.32,1.77,4.39,35.93,22.72,6.09%,7.97%,8.86%,7.54%,2.66%,528.67,-2.43%,"773,508"
NOCT,-,-,-,-,-,-,-,-,-,-,-,-,-,62.60,0.29%,"2,999"
NODE,-,-,-,-,-,-,-,-,-,-,-,-,-,39.87,0.79%,"3,331"
NODK,322.99M,-,-,-,1.18,1.29,-,-,-,-,-,-,-1.43%,15.77,-0.50%,"8,515"
NOEM,100.51M,64.64,-,-,-,1.44,3350.37,-,-,-,-,-,-,10.48,0.02%,142
NOEQ,-,-,-,-,-,-,-,-,-,-,-,-,-,28.82,0.26%,41
NOG,2.19B,-,5.15,-,1.06,1.19,59.15,-,-19.62%,6.50%,-,-1.96%,45.25%,20.14,-1.08%,"2,937,448"
NOK,65.43B,72.99,24.81,1.51,2.82,2.68,9.74,39.98,12.15%,21.54%,-,16.44%,-2.06%,11.70,0.09%,"87,528,302"
NOMA,50.92M,-,-,-,44.67,4.20,25.98,-,-,-,-,-,-,2.93,-5.49%,"14,540"
NOMD,1.61B,11.15,6.20,4.77,0.46,0.56,4.94,11.05,-9.88%,8.53%,-4.90%,1.30%,3.60%,11.50,0.17%,"1,566,685"
NORW,-,-,-,-,-,-,-,-,-,-,-,-,-,33.49,1.61%,"32,078"
NOV,6.93B,80.96,14.51,0.25,0.80,1.12,5.16,9.44,113.68%,59.60%,-,59.06%,7.56%,19.30,0.89%,"2,387,605"
NOVM,-,-,-,-,-,-,-,-,-,-,-,-,-,33.85,0.09%,"1,298"
NOVP,-,-,-,-,-,-,-,-,-,-,-,-,-,32.76,0.27%,"2,192"
NOVT,5.22B,105.90,35.39,-,5.20,3.98,13.43,77.57,9.12%,15.41%,2.97%,-,10.67%,146.62,-2.11%,"488,050"
NOVZ,-,-,-,-,-,-,-,-,-,-,-,-,-,47.25,0.29%,93
NOW,108.13B,62.37,20.74,1.00,7.75,9.22,20.83,23.34,18.34%,21.73%,70.18%,20.84%,24.05%,104.85,-5.76%,"23,213,081"
NOWL,-,-,-,-,-,-,-,-,-,-,-,-,-,4.80,-11.44%,"22,372,039"
NOWX,-,-,-,-,-,-,-,-,-,-,-,-,-,22.15,-,"10,789"
NP,4.40B,139.92,48.87,2.05,27.56,-,72.82,-,30.82%,21.29%,-,23.84%,-,31.79,-1.21%,"376,198"
NPAC,398.50M,43.76,-,-,-,1.33,1245.31,-,-,-,-,-,-,10.38,0.00%,"25,469"
NPB,644.26M,8.39,6.24,-,1.30,1.09,-,26.08,27.80%,10.63%,-,-,-,18.63,-0.48%,"136,110"
NPCE,540.04M,-,-,-,5.43,37.16,10.00,-,2.51%,47.50%,8.43%,34.08%,19.44%,15.84,-7.48%,"205,700"
NPCT,286.40M,11.07,-,-,-,-,-,-,-,-,-,-,-,9.96,0.40%,"126,738"
NPFD,454.29M,8.74,-,-,9.44,0.93,-,-,-,-,-,-,-,18.80,0.05%,"46,291"
NPFE,-,-,-,-,-,-,-,-,-,-,-,-,-,27.27,-0.12%,"3,542"
NPFI,-,-,-,-,-,-,-,-,-,-,-,-,-,25.96,-0.10%,"10,192"
NPK,879.63M,27.30,-,-,1.70,2.22,125.84,234.57,-,-,-7.05%,-,7.38%,122.75,-0.20%,"91,935"
NPKI,1.23B,35.02,23.31,-,4.26,3.41,187.36,38.38,26.79%,16.90%,-,-,-10.87%,14.51,1.26%,"839,820"
NPO,7.02B,163.68,31.90,-,5.98,4.49,88.60,40.42,16.65%,12.86%,-,-,1.26%,332.14,1.88%,"205,089"
NPT,58.79M,-,-,-,0.10,13.09,86.45,-,-,-,-,-,-,2.65,-2.57%,"29,010"
NPV,223.80M,-,-,-,13.40,0.99,-,-,-,-,-,-,-,11.44,0.53%,"78,365"
NPWR,330.40M,-,-,-,-,0.63,1.07,-,96.05%,15.43%,-138.42%,67.03%,-,1.47,1.38%,"971,690"
NQLT,-,-,-,-,-,-,-,-,-,-,-,-,-,24.99,-,"1,667"
NRC,495.36M,56.33,-,-,3.57,36.71,194.26,28.42,-,-,-19.02%,-,0.61%,21.98,0.69%,"96,977"
NRDS,617.19M,10.07,8.18,0.27,0.73,1.84,10.96,5.03,42.23%,25.90%,51.46%,30.05%,27.81%,9.38,-1.16%,"472,176"
NRDY,167.17M,-,-,-,0.93,5.70,3.74,-,42.00%,24.66%,-,-,11.48%,0.88,-3.11%,"319,918"
NREF,312.69M,6.43,9.30,-,2.38,0.80,12.38,19.21,-7.65%,5.52%,10.37%,-,16.03%,16.59,0.73%,"35,568"
NRES,-,-,-,-,-,-,-,-,-,-,-,-,-,31.77,0.92%,"1,680"
NRG,29.19B,161.48,12.15,0.69,0.90,6.97,124.22,-,16.06%,21.58%,14.08%,17.49%,27.88%,138.36,-0.80%,"1,791,087"
NRGD,-,-,-,-,-,-,-,-,-,-,-,-,-,23.08,-0.65%,"14,650"
NRGU,-,-,-,-,-,-,-,-,-,-,-,-,-,38.34,0.89%,"92,050"
NRGV,597.04M,-,-,-,2.75,19.13,8.64,-,-32.86%,26.82%,-,36.70%,-,3.35,1.82%,"4,303,718"
NRIM,604.17M,9.41,10.06,-,2.32,1.80,-,3.86,5.88%,7.14%,17.58%,-,11.96%,27.16,-1.16%,"133,283"
NRIX,2.38B,-,-,-,64.86,5.92,5.38,-,22.29%,6.35%,-2.04%,23.99%,36.35%,22.98,1.19%,"1,572,819"
NRK,938.65M,33.63,-,-,12.35,0.97,-,-,-,-,-,-,-,10.76,0.65%,"353,740"
NRO,193.89M,8.50,-,-,16.39,0.94,-,-,-,-,-,-,-,3.06,-0.65%,"206,078"
NRP,1.31B,11.57,-,-,6.73,2.10,41.43,-,-,-,-,-,9.42%,98.49,-1.31%,"32,300"
NRSH,-,-,-,-,-,-,-,-,-,-,-,-,-,33.11,2.35%,59
NRSN,25.81M,-,-,-,-,-,-,-,4.55%,-41.67%,21.42%,-,-,0.73,0.00%,"24,608"
NRT,68.83M,7.33,-,-,6.65,36.44,17.60,-,-,-,19.29%,-,16.60%,7.49,-4.46%,"91,977"
NRXP,181.61M,-,12.28,-,79.31,-,27.07,-,72.07%,194.21%,38.42%,-,-,4.33,4.34%,"1,401,344"
NRXS,88.54M,-,-,-,20.69,14.25,12.51,-,28.42%,91.18%,-6.18%,-,13.08%,7.15,3.92%,"113,421"
NSA,6.02B,59.25,66.83,-,8.02,6.06,212.06,20.31,-14.13%,12.98%,5.47%,-5.77%,11.74%,44.74,-0.71%,"2,460,584"
NSC,73.40B,27.55,23.71,3.44,6.02,4.64,54.74,45.37,-0.81%,11.27%,10.22%,6.90%,4.47%,326.83,-0.23%,"866,714"
NSCI,-,-,-,-,-,-,-,-,-,-,-,-,-,25.14,0.04%,"122,183"
NSEP,-,-,-,-,-,-,-,-,-,-,-,-,-,31.35,0.18%,636
NSI,-,-,-,-,-,-,-,-,-,-,-,-,-,37.63,0.67%,728
NSIG,-,-,-,-,-,-,-,-,-,-,-,-,-,25.31,1.16%,"1,032"
NSIT,3.62B,20.93,9.74,-,0.44,2.26,8.21,15.41,15.76%,7.60%,32.83%,-,30.33%,119.77,-1.30%,"342,520"
NSIV,-,-,-,-,-,-,-,-,-,-,-,-,-,25.18,-0.50%,728
NSLR,294.60M,1.65,-,-,8.17,0.79,6.80,-,137.06%,-111.65%,-13.79%,-,13.82%,11.30,3.57%,"579,310"
NSP,1.81B,-,16.99,0.32,0.26,26.25,2.86,27.06,99.42%,36.12%,-,52.60%,9.70%,47.50,-1.84%,"1,175,300"
NSPR,33.61M,-,-,-,3.10,0.77,0.81,-,2.63%,17.57%,35.83%,-,29.29%,0.72,-0.21%,"15,170"
NSRX,26.27M,-,-,-,-,31.66,19.32,-,-90.41%,5.04%,-,-5.61%,-,3.05,-0.97%,"13,282"
NSSC,1.28B,34.89,22.03,-,6.50,7.21,10.27,22.75,25.21%,9.39%,38.85%,-,12.37%,35.90,0.45%,"241,873"
NSTS,72.55M,-,-,-,5.41,0.85,-,13.66,-,-,-,-,11.74%,13.79,0.07%,"14,383"
NSYS,39.35M,40.24,-,-,0.32,1.14,17.81,11.28,-,-,31.03%,-,2.60%,14.08,3.15%,"92,619"
NTAL,-,-,-,-,-,-,-,-,-,-,-,-,-,-,-,-
NTAP,34.20B,27.45,17.72,1.99,4.94,25.32,9.54,18.30,9.58%,10.56%,14.47%,8.90%,3.84%,174.55,6.48%,"3,037,284"
NTB,2.42B,10.50,10.34,0.66,3.04,2.11,-,9.69,12.66%,-4.90%,14.01%,15.61%,8.32%,60.58,-0.07%,"123,093"
NTCL,5.12M,-,-,-,0.52,0.28,2.91,-,-,-,-,-,26.93%,4.00,-6.98%,"21,793"
NTCT,3.09B,33.35,15.21,-,3.59,1.87,4.62,10.82,9.54%,4.54%,37.80%,-,0.67%,43.21,0.16%,"395,323"
NTES,81.97B,17.19,12.20,1.21,5.08,3.41,3.23,11.33,11.28%,10.50%,22.50%,10.12%,7.98%,128.39,-2.31%,"1,881,571"
NTGR,617.32M,-,37.91,-,0.89,1.33,2.08,-,-54.55%,203.33%,-,-,-11.02%,23.00,0.61%,"176,783"
NTHI,95.43M,-,-,-,-,-,681.66,-,78.06%,11.59%,-109.20%,40.67%,-,3.68,-14.81%,"169,983"
NTIC,76.92M,-,27.00,-,0.84,1.06,10.57,-,10100.00%,200.00%,-,-,12.07%,8.10,0.00%,"3,340"
NTIP,33.61M,-,-,-,-,0.88,0.97,-,-,-,-8.26%,-,-9.93%,1.47,1.38%,"3,722"
NTLA,1.86B,-,-,-,28.12,2.58,4.94,-,16.26%,44.27%,-9.70%,47.92%,3.13%,13.30,2.15%,"4,053,636"
NTNX,14.99B,58.12,25.37,2.00,5.45,-,7.43,19.45,8.25%,13.46%,-,12.67%,14.18%,55.47,0.45%,"2,056,448"
NTR,32.95B,13.98,13.21,7.64,1.18,1.31,42.40,14.08,24.53%,-8.52%,42.06%,1.73%,5.16%,68.64,1.54%,"2,406,841"
NTRA,39.05B,-,-,-,15.61,21.94,35.89,373.64,-6.46%,81.57%,11.70%,-,42.61%,272.66,-0.08%,"954,842"
NTRB,36.23M,-,-,-,20.13,6.05,9.03,-,-,-,-42.74%,-,16.63%,2.98,1.36%,"9,253"
NTRL,-,-,-,-,-,-,-,-,-,-,-,-,-,20.78,-0.96%,"25,494"
NTRP,29.14M,-,-,-,7.83,5.23,17.14,-,66.30%,-,45.14%,-,35.70%,2.01,-3.37%,"18,483"
NTRS,34.54B,19.54,15.05,0.95,2.37,2.85,-,14.43,23.69%,11.38%,9.85%,15.92%,17.81%,186.64,1.38%,"890,902"
NTSD,-,-,-,-,-,-,-,-,-,-,-,-,-,46.46,0.76%,"1,665"
NTSE,-,-,-,-,-,-,-,-,-,-,-,-,-,46.16,2.09%,"5,706"
NTSI,-,-,-,-,-,-,-,-,-,-,-,-,-,46.87,0.80%,"10,555"
NTSK,5.76B,-,659.73,-,7.66,32.82,5.22,-,62.65%,112.06%,-,-,-,14.27,11.48%,"10,155,448"
NTST,2.09B,178.78,50.35,0.71,10.10,1.38,188.98,20.62,299.85%,32.88%,59.27%,71.32%,42.16%,21.40,-1.25%,"1,029,859"
NTSX,-,-,-,-,-,-,-,-,-,-,-,-,-,59.13,0.27%,"21,211"
NTWK,51.42M,28.96,-,-,0.71,1.38,3.49,-,-,-,26.00%,-,3.23%,4.33,-0.46%,"10,231"
NTWO,257.81M,40.79,-,-,-,1.45,515.62,-,-,-,-,-,-,10.69,-0.09%,167
NTZ,18.06M,-,-,-,0.05,0.67,0.76,-,-,-,-3.65%,-,-1.46%,1.64,4.46%,"5,650"
NU,67.58B,21.57,12.57,0.36,4.20,5.40,-,8.20,45.29%,31.00%,-,35.12%,86.16%,13.99,2.34%,"152,753,307"
NUAG,-,-,-,-,-,-,-,-,-,-,-,-,-,20.79,0.22%,"4,160"
NUAI,421.37M,-,-,-,309.83,25.23,116.40,-,58.65%,-91.86%,-535.98%,15.84%,-,4.16,0.97%,"4,841,606"
NUBD,-,-,-,-,-,-,-,-,-,-,-,-,-,21.92,0.32%,"21,766"
NUCL,185.17M,-,-,-,-,12.83,5.92,-,-,-,-,-,-,6.26,-1.11%,"314,570"
NUDM,-,-,-,-,-,-,-,-,-,-,-,-,-,40.12,0.51%,"37,735"
NUDV,-,-,-,-,-,-,-,-,-,-,-,-,-,33.02,-1.02%,"3,964"
NUE,53.33B,23.20,13.53,0.44,1.56,2.49,21.49,100.24,111.12%,6.29%,26.03%,30.62%,10.04%,234.16,0.50%,"903,260"
NUEM,-,-,-,-,-,-,-,-,-,-,-,-,-,40.84,1.61%,"8,050"
NUG,-,-,-,-,-,-,-,-,-,-,-,-,-,9.70,4.19%,"3,814"
NUGO,-,-,-,-,-,-,-,-,-,-,-,-,-,43.37,1.40%,487
NUGT,-,-,-,-,-,-,-,-,-,-,-,-,-,114.38,4.04%,"596,104"
NUGY,-,-,-,-,-,-,-,-,-,-,-,-,-,13.53,0.97%,"5,115"
NUHY,-,-,-,-,-,-,-,-,-,-,-,-,-,21.33,0.16%,"15,118"
NUIF,-,-,-,-,-,-,-,-,-,-,-,-,-,26.27,0.17%,58
NUKX,-,-,-,-,-,-,-,-,-,-,-,-,-,36.65,1.30%,"4,325"
NUKZ,-,-,-,-,-,-,-,-,-,-,-,-,-,64.79,1.27%,"55,036"
NULC,-,-,-,-,-,-,-,-,-,-,-,-,-,54.68,0.29%,"7,028"
NULG,-,-,-,-,-,-,-,-,-,-,-,-,-,115.86,1.36%,"37,711"
NULV,-,-,-,-,-,-,-,-,-,-,-,-,-,51.25,-0.60%,"55,575"
NUMG,-,-,-,-,-,-,-,-,-,-,-,-,-,47.05,0.20%,"12,592"
NUMI,-,-,-,-,-,-,-,-,-,-,-,-,-,25.12,0.18%,"13,748"
NUMV,-,-,-,-,-,-,-,-,-,-,-,-,-,44.24,-0.29%,"9,762"
NURE,-,-,-,-,-,-,-,-,-,-,-,-,-,32.30,-0.13%,"2,303"
NUS,241.29M,4.54,3.77,-,0.17,0.30,1.20,5.80,-21.26%,32.00%,-2.56%,-,-10.47%,4.97,-5.69%,"724,715"
NUSA,-,-,-,-,-,-,-,-,-,-,-,-,-,23.06,0.13%,280
NUSB,-,-,-,-,-,-,-,-,-,-,-,-,-,25.21,0.02%,35
NUSC,-,-,-,-,-,-,-,-,-,-,-,-,-,51.04,0.43%,"91,698"
NUTX,1.23B,13.77,7.75,-,1.39,3.58,5.83,4.56,105.34%,7.02%,-,-,253.48%,178.37,-0.44%,"92,770"
NUV,1.93B,18.04,-,-,21.36,1.00,-,-,-,-,-,-,-,9.20,0.33%,"530,236"
NUVB,2.06B,-,-,-,14.40,6.40,3.86,-,41.54%,26.52%,-7.00%,36.62%,-,5.90,2.25%,"7,294,772"
NUVL,9.79B,-,-,-,-,8.33,7.61,-,3.46%,22.91%,-80.97%,39.50%,-,123.96,0.02%,"3,085,847"
NUW,259.94M,16.64,-,-,-,-,-,-,-,-,-,-,-,14.48,0.49%,"45,874"
NUWE,1.17M,-,-,-,0.13,0.09,0.56,-,-,-,88.99%,-,2.14%,3.22,15.00%,"180,261"
NVA,190.14M,-,-,-,-,23.02,4.82,-,-,-,3.15%,-,-,4.98,3.32%,"219,122"
NVAX,1.38B,-,-,-,2.32,-,1.75,-,-118.29%,42.77%,-,-,18.76%,8.42,-5.50%,"3,798,121"
NVBT,-,-,-,-,-,-,-,-,-,-,-,-,-,39.87,0.26%,6
NVBU,-,-,-,-,-,-,-,-,-,-,-,-,-,30.97,0.33%,"3,844"
NVBW,-,-,-,-,-,-,-,-,-,-,-,-,-,35.80,0.20%,8
NVC,-,-,-,-,-,-,-,-,-,-,-,-,-,28.88,7.54%,45
NVCR,1.80B,-,-,-,2.67,5.45,4.08,-,-30.08%,33.29%,-,23.50%,5.80%,15.55,-3.36%,"1,156,812"
NVCT,576.60M,-,-,-,-,34.12,22.94,-,22.88%,-2.75%,-340.28%,-1.68%,-,18.29,-0.81%,"100,720"
NVD,-,-,-,-,-,-,-,-,-,-,-,-,-,4.57,-8.23%,"62,217,957"
NVDA,5125.56B,32.44,16.73,0.35,20.22,26.24,63.61,43.04,88.42%,40.88%,95.27%,47.60%,66.90%,211.80,4.06%,"124,379,646"
NVDB,-,-,-,-,-,-,-,-,-,-,-,-,-,31.18,8.18%,"21,638"
NVDD,-,-,-,-,-,-,-,-,-,-,-,-,-,32.05,-4.01%,"118,169"
NVDG,-,-,-,-,-,-,-,-,-,-,-,-,-,18.94,8.35%,"265,916"
NVDL,-,-,-,-,-,-,-,-,-,-,-,-,-,33.17,8.05%,"16,308,706"
NVDQ,-,-,-,-,-,-,-,-,-,-,-,-,-,10.42,-8.19%,"3,421,063"
NVDS,-,-,-,-,-,-,-,-,-,-,-,-,-,20.73,-6.03%,"253,136"
NVDU,-,-,-,-,-,-,-,-,-,-,-,-,-,132.10,8.25%,"429,715"
NVDW,-,-,-,-,-,-,-,-,-,-,-,-,-,37.56,4.89%,"47,441"
NVDX,-,-,-,-,-,-,-,-,-,-,-,-,-,18.83,7.97%,"6,182,033"
NVDY,-,-,-,-,-,-,-,-,-,-,-,-,-,12.80,2.98%,"1,569,352"
NVEC,437.42M,28.79,-,-,16.61,7.51,22.05,30.23,-,-,5.37%,-,4.27%,90.43,2.41%,"228,809"
NVG,2.77B,14.43,-,-,12.32,0.99,-,-,-,-,-,-,-,12.84,0.63%,"544,554"
NVGS,1.30B,12.95,11.67,0.81,2.26,1.09,6.52,8.47,77.27%,-13.29%,-,14.47%,12.04%,21.08,2.93%,"480,295"
NVII,-,-,-,-,-,-,-,-,-,-,-,-,-,25.07,2.96%,"65,331"
NVIR,-,-,-,-,-,-,-,-,-,-,-,-,-,38.90,0.12%,143
NVIT,-,-,-,-,-,-,-,-,-,-,-,-,-,49.93,1.92%,"6,656"
NVMI,15.05B,59.39,36.85,1.93,16.68,10.85,13.70,72.55,21.56%,22.63%,36.08%,19.10%,26.73%,473.54,4.60%,"430,164"
NVNI,16.02M,-,-,-,0.45,-,6.54,89.00,-,-,-79.63%,-,-,1.37,10.48%,"682,189"
NVNO,7.27M,-,-,-,-,0.30,0.29,-,-,-,34.00%,48.08%,-,10.90,-0.91%,"3,241"
NVO,164.78B,11.52,14.96,-,3.24,6.96,49.41,25.69,-9.45%,-0.43%,20.36%,-0.86%,19.21%,49.07,-0.43%,"6,623,666"
NVOC,-,-,-,-,-,-,-,-,-,-,-,-,-,24.86,-,"9,924"
NVOH,-,-,-,-,-,-,-,-,-,-,-,-,-,26.72,-0.49%,694
NVOX,-,-,-,-,-,-,-,-,-,-,-,-,-,16.69,-0.95%,"213,204"
NVPS,-,-,-,-,-,-,-,-,-,-,-,-,-,23.90,2.85%,"7,747"
NVR,17.22B,15.55,15.19,2.71,1.79,4.79,9.95,13.99,-17.31%,16.37%,13.67%,5.60%,6.51%,6378.80,-0.92%,"23,208"
NVRI,633.74M,-,-,-,-,2.72,5.22,-,-,-,-,-,-,22.55,-1.61%,"230,492"
NVS,275.24B,21.43,15.48,2.52,5.04,7.45,39.45,15.60,-3.13%,11.63%,15.38%,6.14%,2.41%,150.36,-1.96%,"1,239,870"
NVST,4.25B,64.68,16.60,1.28,1.51,1.38,3.92,19.30,20.34%,9.84%,6.49%,12.95%,7.11%,26.11,-0.42%,"2,382,000"
NVT,26.16B,54.41,27.79,0.99,6.05,6.89,137.70,68.51,37.33%,26.53%,-,28.12%,14.27%,161.78,2.38%,"1,620,645"
NVTC,-,-,-,-,-,-,-,-,-,-,-,-,-,18.05,3.78%,32
NVTS,3.10B,-,-,-,76.60,7.23,13.89,-,15.62%,17.78%,1.13%,30.66%,31.12%,13.09,1.71%,"10,144,804"
NVTX,-,-,-,-,-,-,-,-,-,-,-,-,-,24.64,3.70%,"161,015"
NVVE,8.29M,-,-,-,1.72,-,1.43,-,-,-,61.43%,-,2.63%,15.80,0.89%,"390,975"
NVX,112.55M,-,-,-,20.03,0.61,1.34,-,-,-,-29.91%,-,7.60%,0.45,0.31%,"120,177"
NVYY,-,-,-,-,-,-,-,-,-,-,-,-,-,12.72,0.96%,"27,885"
NWAX,504.72M,199.12,-,-,-,1.45,586.88,-,-,-,-,-,-,10.14,-0.05%,"5,020"
NWBI,2.21B,16.04,10.56,-,2.45,1.16,-,19.25,9.23%,4.00%,8.22%,-,9.42%,15.11,0.40%,"721,566"
NWE,4.48B,26.80,18.37,3.17,2.73,1.54,162.42,-,4.27%,6.33%,-0.79%,5.80%,6.09%,72.91,-0.40%,"238,961"
NWFL,342.19M,11.57,8.55,-,2.37,1.21,-,13.01,9.32%,8.09%,7.58%,-,15.49%,31.42,0.13%,"28,844"
NWG,68.57B,9.22,7.83,0.85,1.68,1.33,-,-,5.36%,12.84%,-,9.26%,17.39%,17.23,-1.54%,"6,120,589"
NWGL,1.30M,-,-,-,0.09,1.15,1.06,-,-,-,-33.01%,-,-17.20%,0.26,5.42%,"2,783,519"
NWL,2.13B,-,7.53,0.74,0.30,0.91,8.78,112.26,1.09%,15.71%,17.80%,10.12%,-5.15%,5.02,-2.33%,"6,842,580"
NWN,2.13B,17.24,15.65,2.97,1.66,1.35,52.70,-,4.30%,5.70%,3.63%,5.27%,10.72%,50.56,-1.33%,"176,226"
NWPX,1.33B,32.38,27.40,1.75,2.43,3.30,93.40,18.57,39.70%,1.41%,13.05%,15.64%,12.94%,138.21,3.77%,"138,681"
NWS,15.72B,41.61,24.52,1.32,1.79,2.00,7.24,28.07,19.00%,19.93%,-,18.54%,-1.27%,31.15,-0.83%,"1,004,075"
NWSA,15.78B,36.87,21.73,1.17,1.79,1.77,7.27,28.18,19.00%,19.93%,-,18.54%,-1.27%,27.60,-0.47%,"2,441,600"
NWTG,4.46M,-,-,-,0.56,-,7.55,-,-2.45%,52.10%,30.24%,-,113.82%,0.97,11.95%,"100,209"
NX,789.05M,-,8.17,-,0.42,1.08,11.96,8.85,-28.26%,27.42%,-,-,16.63%,17.18,1.18%,"285,524"
NXB,49.20M,-,-,-,0.40,4.69,9.23,-,171.43%,-,-,-,-,2.02,-0.49%,"48,645"
NXDR,953.47M,-,-,-,3.60,2.35,2.56,141.67,50.00%,23.81%,23.15%,52.50%,15.88%,2.50,5.04%,"4,253,394"
NXDT,297.93M,-,-,-,3.66,0.44,6.06,1241.36,-,-,-1.26%,-,-,5.76,7.66%,"345,381"
NXE,6.20B,-,-,-,-,5.09,8.49,-,41.16%,29.70%,-11.26%,20.09%,-,9.36,3.88%,"4,388,062"
NXG,366.32M,11.09,-,-,-,-,-,-,-,-,-,-,-,63.24,1.12%,"216,600"
NXGL,5.54M,-,1.17,-,0.49,1.00,2.61,-,68.42%,433.33%,-77.47%,-,76.12%,0.47,-0.51%,"58,773"
NXL,9.03M,-,-,-,32.24,2.92,3.33,-,24.00%,18.42%,-1.42%,-,4.43%,0.41,3.17%,"437,668"
NXP,911.84M,25.39,-,-,24.56,1.02,-,-,-,-,-,-,-,14.47,0.84%,"166,057"
NXPG,-,-,-,-,-,-,-,-,-,-,-,-,-,11.87,2.92%,"1,120"
NXPI,71.67B,27.16,15.93,0.77,5.68,6.56,19.33,25.72,25.29%,20.46%,112.19%,20.72%,7.33%,283.87,1.97%,"3,013,262"
NXPL,18.93M,-,12.26,-,0.38,1.14,1.72,-,87.53%,203.64%,46.76%,-,57.03%,6.99,3.33%,"11,639"
NXPX,-,-,-,-,-,-,-,-,-,-,-,-,-,17.77,3.99%,711
NXRT,694.37M,-,-,-,2.76,2.54,13.16,8.83,-25.81%,-24.56%,-,-,4.18%,27.13,-2.23%,"257,076"
NXST,5.36B,37.90,8.38,0.06,1.05,2.47,12.30,7.57,1021.72%,-37.74%,-29.63%,140.76%,1.91%,175.56,0.06%,"187,602"
NXT,15.87B,27.30,18.46,1.24,4.46,6.70,14.50,31.02,2.52%,22.91%,7.19%,14.85%,24.38%,104.66,5.01%,"3,227,854"
NXTC,23.75M,-,-,-,-,0.89,0.80,-,63.66%,-1.68%,-4.25%,34.63%,-,6.58,201.83%,"111,531,798"
NXTE,-,-,-,-,-,-,-,-,-,-,-,-,-,48.66,1.21%,"1,418"
NXTG,-,-,-,-,-,-,-,-,-,-,-,-,-,149.34,0.18%,"12,519"
NXTI,-,-,-,-,-,-,-,-,-,-,-,-,-,34.82,-0.84%,91
NXTS,3.87M,-,-,-,18.41,0.15,0.62,-,-,-,57.47%,-,-,2.66,-14.47%,"93,896"
NXTT,74.57M,0.22,-,-,6.17,0.15,0.47,-,-,-,-28.27%,-,13.12%,0.98,-4.14%,"108,758"
NXUS,-,-,-,-,-,-,-,-,-,-,-,-,-,24.81,0.18%,55
NXXT,45.74M,-,-,-,0.53,-,217.80,-,63.38%,7.69%,33.87%,31.32%,86.92%,0.29,-3.14%,"2,524,000"
NYAX,2.29B,79.72,46.87,1.54,5.37,9.91,5.66,39.41,-15.75%,67.89%,-,30.35%,38.43%,62.53,-0.07%,"9,890"
NYC,24.56M,-,-,-,0.64,0.40,3.01,-,-,-,20.12%,-,-6.30%,8.41,0.12%,"14,852"
NYF,-,-,-,-,-,-,-,-,-,-,-,-,-,53.60,-0.02%,"110,280"
NYM,-,-,-,-,-,-,-,-,-,-,-,-,-,25.02,0.00%,"61,428"
NYNY,-,-,-,-,-,-,-,-,-,-,-,-,-,26.94,0.55%,105
NYSX,-,-,-,-,-,-,-,-,-,-,-,-,-,125.87,1.03%,429
NYT,11.81B,31.35,22.80,1.80,4.07,5.90,19.87,21.79,16.49%,11.72%,28.48%,12.65%,9.63%,72.98,-2.75%,"1,378,534"
NYXH,158.11M,-,-,-,8.86,1.67,5.29,-,50.21%,27.76%,-28.17%,46.91%,170.10%,1.58,-3.66%,"282,960"
NYYY,-,-,-,-,-,-,-,-,-,-,-,-,-,43.44,3.39%,41
NZAC,-,-,-,-,-,-,-,-,-,-,-,-,-,45.84,0.43%,"1,686"
NZF,2.48B,13.88,-,-,11.85,0.98,-,-,-,-,-,-,-,12.63,0.64%,"575,709"
O,59.46B,52.40,36.81,2.51,10.03,1.52,159.19,15.07,31.25%,12.82%,0.30%,14.64%,27.82%,63.77,-0.62%,"5,126,605"
OABI,310.24M,-,-,-,10.72,1.18,6.32,-,28.32%,34.73%,-14.88%,38.90%,-14.39%,2.14,1.42%,"545,976"
OACC,262.30M,37.45,-,-,-,1.34,204.93,-,-,-,-,-,-,10.70,-0.47%,"3,040"
OACP,-,-,-,-,-,-,-,-,-,-,-,-,-,22.56,0.20%,"39,164"
OAEM,-,-,-,-,-,-,-,-,-,-,-,-,-,47.63,2.11%,"11,268"
OAIM,-,-,-,-,-,-,-,-,-,-,-,-,-,46.67,1.24%,"29,715"
OAKG,-,-,-,-,-,-,-,-,-,-,-,-,-,25.62,-0.29%,112
OAKI,-,-,-,-,-,-,-,-,-,-,-,-,-,25.96,-0.26%,"6,733"
OAKM,-,-,-,-,-,-,-,-,-,-,-,-,-,29.07,-1.06%,"169,402"
OALC,-,-,-,-,-,-,-,-,-,-,-,-,-,40.69,0.64%,"32,132"
OARK,-,-,-,-,-,-,-,-,-,-,-,-,-,30.56,1.45%,"4,143"
OASC,-,-,-,-,-,-,-,-,-,-,-,-,-,34.70,0.25%,"19,317"
OBA,326.06M,65.04,-,-,-,1.82,562.17,-,-,-,-,-,-,10.29,0.39%,8
OBAI,15.90M,-,-,-,-,-,4.23,-,-,-,-,-,-,0.65,8.70%,"789,358"
OBDC,5.45B,15.58,8.40,-,3.25,0.76,11.98,13.23,-18.61%,1.64%,4.44%,-7.33%,17.43%,10.99,1.20%,"3,197,408"
OBE,628.68M,-,8.02,1.28,1.77,0.64,587.55,-,163.61%,23.37%,-,6.26%,13.73%,9.34,3.66%,"1,198,249"
OBIL,-,-,-,-,-,-,-,-,-,-,-,-,-,50.06,0.09%,"59,005"
OBIO,220.96M,-,-,-,6.75,5.25,2.34,-,-40.88%,7.12%,-164.92%,7.92%,-,3.69,-3.40%,"361,841"
OBK,1.57B,19.72,11.99,-,2.66,1.25,-,9.57,63.75%,7.84%,9.19%,-,16.81%,50.83,-0.35%,"140,377"
OBND,-,-,-,-,-,-,-,-,-,-,-,-,-,25.58,0.21%,"2,378"
OBOR,-,-,-,-,-,-,-,-,-,-,-,-,-,26.04,1.88%,55
OBT,495.02M,10.86,9.49,-,3.09,1.70,-,10.61,20.23%,14.31%,20.76%,-,19.50%,36.92,0.16%,"62,819"
OBTC,-,-,-,-,-,-,-,-,-,-,-,-,-,20.69,3.79%,"4,671"
OC,11.50B,-,12.13,2.22,1.17,3.16,41.09,13.91,-21.45%,24.46%,-11.88%,5.46%,7.45%,142.86,1.24%,"571,543"
OCAC-U,104.22M,-,-,-,-,-,-,-,-,-,-,-,-,10.27,0.20%,"3,160"
OCC,141.50M,139.76,-,-,1.81,8.62,943.33,-,-,-,26.31%,-,5.73%,16.03,7.80%,"149,131"
OCCI,77.84M,-,2.45,-,1.77,0.71,-,-,-26.32%,10.20%,-,-,-,2.65,0.38%,"201,623"
OCDB,-,-,-,-,-,-,-,-,-,-,-,-,-,25.91,0.25%,107
OCFC,1.86B,16.41,8.29,0.34,2.67,0.66,-,18.69,30.24%,24.71%,2.78%,24.36%,9.44%,19.26,0.63%,"669,541"
OCG,2.95M,-,-,-,1.56,0.00,0.08,-,-,-,-,-,-35.89%,1.52,-5.59%,"73,836"
OCGN,484.09M,-,-,-,108.54,83.33,15.19,-,1.86%,-7.22%,5.89%,-,152.94%,1.43,1.42%,"4,964,447"
OCIO,-,-,-,-,-,-,-,-,-,-,-,-,-,37.41,0.67%,957
OCS,739.20M,-,-,-,-,3.19,2.68,-,3.83%,2.87%,-,7.00%,-,12.93,-1.67%,"312,409"
OCSL,1.07B,21.56,8.85,-,3.83,0.77,20.88,85.48,-15.52%,-8.23%,-13.94%,-8.13%,18.33%,12.15,1.00%,"278,031"
OCTB,-,-,-,-,-,-,-,-,-,-,-,-,-,27.39,0.37%,"2,400"
OCTH,-,-,-,-,-,-,-,-,-,-,-,-,-,24.05,0.12%,519
OCTJ,-,-,-,-,-,-,-,-,-,-,-,-,-,24.00,0.02%,431
OCTM,-,-,-,-,-,-,-,-,-,-,-,-,-,33.73,0.06%,15
OCTP,-,-,-,-,-,-,-,-,-,-,-,-,-,32.51,0.29%,"2,686"
OCTT,-,-,-,-,-,-,-,-,-,-,-,-,-,46.90,0.26%,960
OCTU,-,-,-,-,-,-,-,-,-,-,-,-,-,30.59,0.53%,"5,028"
OCTV,4.46B,-,12.55,23.69,-,0.58,25.42,-,-9.00%,4.29%,-,0.53%,-,16.62,-1.95%,"716,755"
OCTW,-,-,-,-,-,-,-,-,-,-,-,-,-,41.13,0.11%,"153,171"
OCTZ,-,-,-,-,-,-,-,-,-,-,-,-,-,45.86,0.17%,519
OCUL,2.12B,-,-,-,40.81,3.65,3.19,-,-12.52%,9.88%,11.13%,7.37%,24.45%,9.70,-1.82%,"1,427,317"
ODC,1.39B,26.81,-,-,2.85,4.89,22.16,28.22,-,-,23.20%,-,11.38%,103.84,-2.44%,"153,455"
ODD,754.14M,20.68,16.01,-,1.02,3.10,2.55,-,-94.27%,706.14%,54.03%,-19.85%,48.90%,16.35,-1.21%,"848,577"
ODDS,-,-,-,-,-,-,-,-,-,-,-,-,-,25.03,-0.90%,"2,534"
ODDZ,-,-,-,-,-,-,-,-,-,-,-,-,-,26.26,-1.74%,"9,438"
ODFL,47.54B,47.80,35.29,2.19,8.71,10.82,165.04,46.71,15.14%,16.24%,11.25%,16.11%,6.48%,228.61,-1.84%,"1,321,217"
ODHY,-,-,-,-,-,-,-,-,-,-,-,-,-,9.97,0.15%,8
ODTE,-,-,-,-,-,-,-,-,-,-,-,-,-,26.73,0.70%,"5,239"
ODTX,831.42M,-,-,-,-,-,4.73,-,12.07%,7.61%,-,5.86%,-,17.31,-1.70%,"522,613"
ODV,724.95M,-,-,-,26.72,1.03,1.70,-,-,-,-33.73%,-,-,2.38,1.28%,"1,275,407"
ODYS,82.35M,-,-,-,79.95,3.88,3.78,-,-,-,4.13%,-,43.76%,4.90,1.34%,"28,231"
OEC,343.40M,-,16.22,1.66,0.19,0.90,6.60,12.55,-70.05%,150.81%,-,9.75%,9.72%,6.09,1.50%,"596,592"
OEF,-,-,-,-,-,-,-,-,-,-,-,-,-,370.64,0.34%,"195,726"
OEFA,-,-,-,-,-,-,-,-,-,-,-,-,-,34.40,0.24%,461
OEI,-,-,-,-,-,-,-,-,-,-,-,-,-,25.78,0.31%,"1,249"
OESX,41.25M,-,9.33,-,0.48,2.48,12.62,-,147.57%,157.48%,-,-,-5.88%,10.17,-1.07%,"51,454"
OFAL,-,-,-,-,-,-,-,-,-,-,-,-,-,0.14,-13.93%,"2,606,872"
OFG,2.11B,10.30,10.35,2.40,2.31,1.54,-,11.12,3.45%,1.65%,28.35%,4.32%,8.68%,49.85,-0.24%,"205,620"
OFIX,442.62M,-,-,-,0.54,1.02,3.66,-,50.30%,23.78%,-,47.61%,15.13%,10.95,-7.12%,"320,731"
OFLX,299.60M,22.46,-,-,3.06,3.62,6.02,21.02,-,-,-5.73%,-,-1.46%,29.68,-0.47%,"106,421"
OFRM,738.73M,-,35.89,-,2.81,4.68,7.40,-,90.09%,297.40%,-,-,-,17.63,-4.39%,"420,092"
OFS,48.50M,-,6.96,-,2.63,0.44,14.88,3.35,-34.78%,-13.33%,-,-,-4.25%,3.62,0.56%,"46,159"
OGC,5.30B,7.20,-,-,2.36,2.22,8.55,7.33,-,-,-,-,28.13%,23.69,-1.90%,"442,646"
OGE,10.22B,21.95,19.00,2.85,3.13,2.07,51077.65,45.40,4.70%,7.24%,-,6.66%,8.96%,49.50,1.04%,"2,000,957"
OGEN,2.55M,-,-,-,-,0.40,0.42,-,-,-,64.78%,-,-,0.57,-0.74%,"20,300"
OGI,121.49M,-,32.14,-,0.61,0.46,3.10,-,165.63%,-68.82%,43.19%,-,23.51%,0.89,-0.63%,"725,544"
OGIG,-,-,-,-,-,-,-,-,-,-,-,-,-,46.84,0.65%,"6,954"
OGN,3.55B,14.38,3.75,3.18,0.58,3.93,3.18,5.19,-7.42%,6.29%,-39.04%,1.18%,-1.00%,13.50,0.00%,"2,040,315"
OGS,4.97B,17.90,15.73,2.33,2.14,1.41,216.08,-,8.25%,3.74%,3.48%,6.75%,9.67%,79.15,-1.53%,"567,810"
OGSP,-,-,-,-,-,-,-,-,-,-,-,-,-,10.02,0.20%,"2,714"
OHAC,249.10M,-,-,-,-,-,-,-,-,-,-,-,-,9.94,0.20%,29
OHI,14.38B,23.41,23.98,9.99,11.55,2.77,269.71,16.76,2.42%,1.34%,23.40%,2.40%,6.42%,48.29,-0.31%,"1,308,479"
OI,1.30B,-,4.50,0.31,0.20,1.02,4.09,64.77,-27.73%,62.44%,-,14.41%,1.08%,8.45,-11.98%,"11,861,620"
OIA,297.66M,32.68,-,-,13.06,0.99,-,-,-,-,-,-,-,6.21,0.98%,"171,018"
OIH,-,-,-,-,-,-,-,-,-,-,-,-,-,385.41,0.66%,"391,033"
OII,4.32B,12.86,19.60,1.95,1.54,3.90,7.11,17.09,-5.56%,21.13%,-,10.03%,8.78%,43.28,0.14%,"756,964"
OILD,-,-,-,-,-,-,-,-,-,-,-,-,-,41.98,-0.78%,"30,904"
OILK,-,-,-,-,-,-,-,-,-,-,-,-,-,51.80,0.76%,"128,110"
OILT,-,-,-,-,-,-,-,-,-,-,-,-,-,28.59,-0.19%,"2,327"
OILU,-,-,-,-,-,-,-,-,-,-,-,-,-,39.47,0.61%,"204,251"
OIM,363.33M,-,-,-,-,1.33,471.86,-,-,-,-,-,-,10.11,0.00%,"28,842"
OIO,716.93M,-,-,-,122.97,2.13,1352.69,-,-,-,-194.91%,-,-,2.06,-5.94%,"139,180"
OIS,506.83M,-,11.65,-,0.77,0.89,8.59,7.49,38.74%,40.75%,24.96%,-,0.95%,8.42,-0.59%,"594,819"
OKE,57.90B,16.41,14.83,1.84,1.64,2.59,336.63,25.83,5.62%,8.22%,30.79%,8.05%,31.75%,91.90,-0.31%,"3,040,996"
OKLC,-,-,-,-,-,-,-,-,-,-,-,-,-,19.26,0.07%,336
OKLL,-,-,-,-,-,-,-,-,-,-,-,-,-,3.73,1.36%,"8,525,556"
OKLO,8.05B,-,-,-,-,3.05,3.64,-,0.53%,-15.96%,-157.20%,-8.62%,-,46.24,0.94%,"6,568,281"
OKLS,-,-,-,-,-,-,-,-,-,-,-,-,-,29.90,-2.35%,"99,171"
OKTA,26.87B,112.30,36.30,3.21,8.97,3.93,10.38,29.50,9.89%,10.76%,-,11.31%,28.43%,154.62,10.81%,"4,672,896"
OKTG,-,-,-,-,-,-,-,-,-,-,-,-,-,35.98,21.84%,"32,648"
OKUR,170.47M,-,-,-,-,0.92,0.89,-,43.11%,14.91%,11.29%,21.79%,-,4.22,2.68%,"87,748"
OKYO,81.16M,-,-,-,-,-,19.23,-,-15.38%,0.00%,-114.91%,-,-,1.58,1.94%,"35,191"
OLB,5.28M,-,-,-,0.66,0.56,2.27,-,79.89%,-,10.98%,-,-2.34%,0.36,0.59%,"709,083"
OLED,3.68B,17.54,15.93,2.63,5.87,2.16,7.12,15.51,-16.29%,16.08%,12.62%,6.06%,8.69%,78.65,0.91%,"697,755"
OLLI,3.99B,16.29,13.00,0.94,1.46,2.12,15.97,18.74,15.59%,13.66%,1.12%,13.90%,7.93%,65.94,0.93%,"1,860,291"
OLMA,1.04B,-,-,-,-,2.15,2.05,-,-18.21%,-8.51%,-25.06%,0.31%,-,11.85,0.00%,"817,009"
OLN,2.47B,-,26.69,-,0.37,1.42,12.84,8.15,138.26%,2599.50%,32.25%,-,3.32%,21.66,2.41%,"3,009,346"
OLOX,7.12M,-,-,-,2.41,0.95,16.57,-,-,-,56.05%,-,-19.54%,5.47,3.99%,"17,713"
OLP,534.58M,19.63,116.67,-,5.27,1.74,26.15,15.72,-8.70%,-80.00%,-2.85%,-,3.51%,24.50,-1.05%,"55,943"
OLPX,1.39B,-,20.70,-,3.27,1.58,4.27,20.27,0.00%,25.00%,-,-,8.43%,2.07,0.00%,0
OM,84.06M,-,-,-,0.71,0.75,0.54,-,32.25%,25.06%,28.06%,25.54%,19.06%,4.54,4.13%,"162,393"
OMAB,4.53B,18.18,12.29,0.76,5.17,7.50,22.30,13.57,19.58%,14.65%,40.74%,16.24%,27.21%,107.64,1.42%,"108,989"
OMAH,-,-,-,-,-,-,-,-,-,-,-,-,-,18.92,-0.32%,"813,227"
OMC,23.01B,202.03,6.67,0.41,1.16,2.68,5.37,7.70,22.39%,14.31%,-,16.47%,5.57%,80.75,-2.18%,"3,012,617"
OMCL,2.09B,104.13,20.93,1.69,1.71,1.66,7.18,18.69,19.60%,13.29%,-43.00%,12.39%,5.84%,45.94,-1.59%,"655,541"
OMDA,1.39B,-,54.33,-,4.92,5.93,6.58,64.96,179.76%,54.55%,-,-,-,23.44,-0.26%,"567,054"
OMER,759.94M,12.26,-,-,76.84,-,5.62,-,198.00%,-674.08%,53.45%,-,-,10.50,4.90%,"1,389,751"
OMEX,40.10M,-,-,-,167.08,-,19.10,-,-,-,4.83%,-,-29.55%,0.68,1.65%,"430,949"
OMF,6.93B,8.93,6.99,0.49,1.09,2.05,4.43,2.16,7.52%,19.82%,3.94%,14.23%,4.82%,59.96,1.20%,"1,337,786"
OMFL,-,-,-,-,-,-,-,-,-,-,-,-,-,68.90,-0.01%,"89,550"
OMFS,-,-,-,-,-,-,-,-,-,-,-,-,-,52.75,0.38%,"5,595"
OMH,7.93M,-,-,-,1.09,2.83,2.86,-,-,-,12.08%,-,24.66%,0.36,2.06%,"48,889"
OMSE,191.02M,5.93,-,-,1.23,1.01,1.24,3.63,-,-,-,-,-,4.50,0.67%,"6,485"
ON,36.48B,66.81,21.79,0.62,6.02,5.03,15.17,30.89,31.49%,39.18%,-12.08%,35.05%,2.67%,93.73,3.72%,"7,632,646"
ONB,10.17B,13.63,9.14,0.69,2.53,1.23,-,13.85,17.17%,11.20%,5.58%,13.31%,32.85%,26.31,-0.06%,"3,575,977"
ONC,31.36B,68.41,31.25,0.43,5.45,7.16,6.49,28.06,160.22%,43.36%,-,72.07%,76.88%,306.56,0.86%,"446,984"
ONCH,222.09M,51.78,-,-,-,1.31,1168.89,-,-,-,-,-,-,10.31,0.00%,11
ONCO,3.13M,-,-,-,4.23,0.02,0.84,-,-,-,52.21%,-,-,0.85,-1.54%,"250,127"
ONCY,108.40M,-,-,-,-,-,19.74,-,-14.41%,16.63%,6.32%,10.76%,-,0.91,-2.23%,"1,897,368"
OND,-,-,-,-,-,-,-,-,-,-,-,-,-,34.50,-0.10%,10
ONDC,-,-,-,-,-,-,-,-,-,-,-,-,-,21.94,12.63%,196
ONDG,-,-,-,-,-,-,-,-,-,-,-,-,-,2.56,11.65%,"1,710,413"
ONDL,-,-,-,-,-,-,-,-,-,-,-,-,-,6.66,11.00%,"871,177"
ONDS,3.85B,36.76,-,-,39.86,3.21,2.59,-,180.23%,-133.69%,1.28%,-,87.94%,7.36,5.75%,"108,473,885"
ONDU,-,-,-,-,-,-,-,-,-,-,-,-,-,4.09,9.95%,"175,260"
ONEG,18.88M,-,-,-,-,11.61,30.95,-,-,-,-,-,-,1.18,1.72%,"51,481"
ONEH,-,-,-,-,-,-,-,-,-,-,-,-,-,24.66,0.26%,"1,779"
ONEO,-,-,-,-,-,-,-,-,-,-,-,-,-,152.17,-0.02%,149
ONEQ,-,-,-,-,-,-,-,-,-,-,-,-,-,102.86,0.94%,"201,208"
ONEV,-,-,-,-,-,-,-,-,-,-,-,-,-,144.88,-0.73%,"3,844"
ONEW,203.40M,-,11.02,0.19,0.11,0.75,2.66,2.99,19.75%,110.75%,-,57.75%,12.85%,12.24,5.15%,"90,494"
ONEY,-,-,-,-,-,-,-,-,-,-,-,-,-,130.21,-0.60%,"10,966"
ONEZ,-,-,-,-,-,-,-,-,-,-,-,-,-,27.77,0.33%,"38,822"
ONFO,1.09M,-,-,-,0.11,-,1.30,-,-,-,-21.00%,-,70.20%,0.16,-5.07%,"1,712,045"
ONG,-,-,-,-,-,-,-,-,-,-,-,-,-,7.37,7.37%,"35,091"
ONIT,324.89M,1.95,6.00,-,0.28,0.52,1.06,-,-77.83%,35.04%,-,-26.45%,3.35%,38.53,0.50%,"74,316"
ONL,151.17M,-,-,-,1.04,0.25,2.50,-,81.45%,52.17%,-31.11%,-,16.65%,2.66,-2.21%,"199,907"
ONLN,-,-,-,-,-,-,-,-,-,-,-,-,-,57.32,0.48%,"3,642"
ONMD,41.39M,-,-,-,31.35,-,179.95,-,-,-,-,-,-,0.73,-2.55%,"57,920"
ONOF,-,-,-,-,-,-,-,-,-,-,-,-,-,40.16,0.45%,"4,434"
ONON,12.49B,39.88,17.55,0.44,3.21,5.71,9.84,33.73,76.56%,23.20%,-,40.33%,51.61%,37.74,-0.47%,"2,709,349"
ONT,745.55M,1265.64,37.80,-,0.91,1.69,74.18,10.43,181.29%,379.53%,49.40%,-,20.40%,20.63,3.00%,"525,492"
ONTO,15.88B,148.24,32.73,0.94,15.41,7.45,24.28,66.52,45.65%,35.59%,34.65%,34.74%,12.55%,319.32,4.97%,"1,051,834"
ONTX,-,-,-,-,-,-,-,-,-,-,-,-,-,23.52,9.12%,815
ONX,-,-,-,-,-,-,-,-,-,-,-,-,-,11.55,5.58%,"48,118"
OOMA,564.84M,62.58,13.75,0.68,1.95,5.89,32.92,23.01,25.96%,14.07%,-,20.36%,10.12%,20.54,0.64%,"431,483"
OOSP,-,-,-,-,-,-,-,-,-,-,-,-,-,10.13,0.60%,"2,331"
OPAD,22.76M,-,-,-,0.05,0.50,0.55,0.26,57.95%,57.07%,24.23%,51.97%,-11.81%,4.81,3.00%,"21,887"
OPAL,393.20M,36.76,195.99,7.26,1.17,8.31,2.93,-,-124.70%,130.99%,-,26.98%,20.40%,2.25,10.29%,"307,125"
OPBK,219.25M,8.05,7.43,-,1.29,0.94,-,7.80,9.30%,5.32%,15.15%,-,20.95%,14.72,-1.60%,"23,341"
OPCH,3.35B,16.70,10.38,1.01,0.59,2.48,18.91,15.92,6.89%,11.84%,-,10.27%,13.25%,21.35,-1.61%,"1,729,488"
OPEG,-,-,-,-,-,-,-,-,-,-,-,-,-,4.08,2.27%,"72,962"
OPEN,4.39B,-,-,-,1.11,4.59,4.11,4.10,77.19%,44.95%,6.03%,49.81%,11.09%,4.55,1.45%,"98,376,298"
OPER,-,-,-,-,-,-,-,-,-,-,-,-,-,100.21,0.00%,"5,259"
OPEX,-,-,-,-,-,-,-,-,-,-,-,-,-,16.44,3.55%,"146,102"
OPFI,1.33B,12.48,4.19,0.19,2.18,10.35,13.27,3.39,12.58%,22.63%,10.28%,22.32%,24.42%,9.20,-0.11%,"550,881"
OPHC,73.61M,6.77,6.38,-,0.97,0.58,-,3.42,18.78%,11.46%,-,-,58.98%,6.00,0.00%,"11,281"
OPI,-,-,-,-,-,-,-,-,-,-,-,-,-,17.96,5.15%,"55,522"
OPK,921.21M,-,-,-,1.59,0.76,2.69,-,-1.11%,3.85%,-,31.84%,-15.82%,1.22,-0.81%,"3,136,962"
OPLN,4.27B,-,23.62,1.33,2.13,3.41,19.69,11.68,12.80%,21.99%,-42.66%,17.73%,-2.43%,40.31,1.97%,"426,843"
OPP,192.67M,7.71,-,-,-,-,-,-,-,-,-,-,-,7.71,-0.26%,"34,496"
OPPE,-,-,-,-,-,-,-,-,-,-,-,-,-,57.06,0.72%,"5,153"
OPPJ,-,-,-,-,-,-,-,-,-,-,-,-,-,57.63,1.19%,"22,109"
OPRA,1.80B,15.90,13.37,1.03,2.77,1.82,12.70,12.87,-1.85%,28.94%,9.60%,12.96%,30.05%,20.13,7.07%,"653,385"
OPRT,265.31M,15.62,3.06,0.16,0.28,0.67,-,0.65,14.71%,20.94%,-,19.31%,10.39%,5.78,1.23%,"524,401"
OPRX,122.53M,18.49,5.98,-,1.14,0.95,6.08,8.40,-10.70%,16.37%,-,-,20.37%,6.53,-0.31%,"258,633"
OPTH,23.14M,-,-,-,59.33,5.23,289.24,-,-,-,-72.14%,-,-,4.11,-11.04%,"266,452"
OPTT,51.11M,-,-,-,14.86,2.15,7.24,-,-11.76%,39.47%,34.77%,25.60%,28.36%,0.20,-7.78%,"8,555,498"
OPTU,395.44M,-,-,-,0.05,-,0.36,-,-64.40%,89.12%,-,38.98%,-2.79%,1.01,-5.61%,"4,522,094"
OPTX,330.30M,-,-,-,12.00,34.80,532.74,2752.48,-,-,-53.30%,-,-,8.20,-0.97%,"670,425"
OPTZ,-,-,-,-,-,-,-,-,-,-,-,-,-,46.87,0.69%,"1,532"
OPXS,91.04M,22.01,-,-,2.21,3.45,21.88,126.44,-,-,39.09%,-,9.81%,13.08,2.51%,"22,104"
OPY,1.25B,14.14,-,-,0.73,1.33,36.27,16.81,-,-,6.98%,-,6.45%,118.29,1.82%,"105,170"
OR,5.42B,21.52,20.22,0.77,16.66,3.68,57.08,38.25,49.76%,8.45%,69.91%,26.41%,11.73%,28.90,0.59%,"1,100,633"
ORA,6.60B,51.92,43.20,3.65,5.67,2.57,8.65,-,3.47%,7.22%,4.18%,11.82%,7.01%,107.36,0.51%,"747,634"
ORAC,-,-,-,-,-,-,-,-,-,-,-,-,-,18.70,-5.75%,"1,542"
ORBS,261.98M,-,-,-,8.55,0.77,6.53,-,-,-,-,-,43.06%,0.68,5.02%,"11,031,917"
ORBX,-,-,-,-,-,-,-,-,-,-,-,-,-,45.80,1.13%,"19,115"
ORC,1.37B,9.08,5.51,0.30,2.82,0.97,1.50,9.57,66.91%,9.25%,50.92%,18.45%,34.96%,6.83,1.64%,"7,067,970"
ORCL,368.53B,21.96,11.73,0.45,5.47,9.81,11.55,-,5.50%,35.50%,5.08%,26.30%,10.72%,127.94,-2.74%,"52,670,449"
ORCS,-,-,-,-,-,-,-,-,-,-,-,-,-,34.96,2.88%,"99,312"
ORCU,-,-,-,-,-,-,-,-,-,-,-,-,-,6.28,-5.71%,"6,137,872"
ORCX,-,-,-,-,-,-,-,-,-,-,-,-,-,17.55,-5.75%,"4,246,813"
ORGN,5.23M,-,-,-,0.37,0.06,0.16,-,-,-,-28.31%,-,-,0.95,0.00%,0
ORGO,301.10M,-,-,-,0.58,1.23,3.27,17.63,-383.32%,66.46%,-0.14%,-,10.77%,2.34,3.08%,"1,195,652"
ORI,10.08B,10.17,12.26,5.92,1.07,1.70,-,8.30,0.78%,6.30%,14.77%,2.07%,4.98%,41.39,-1.55%,"1,194,478"
ORIC,1.09B,-,-,-,-,2.63,3.87,-,0.14%,-9.57%,15.18%,-4.83%,-,10.55,0.86%,"948,272"
ORIO,17.08M,-,48.75,-,0.35,0.35,1.00,1.29,-214.38%,125.00%,24.62%,-,7.20%,0.72,3.83%,"53,064"
ORIQ,89.01M,112.92,-,-,-,1.66,136.94,-,-,-,-,-,-,10.31,0.00%,6
ORKA,5.28B,-,-,-,-,9.07,13.57,-,-14.20%,-19.01%,37.79%,-21.04%,-,87.47,3.44%,"900,325"
ORKT,5.95M,-,-,-,1.37,0.90,2.57,-,-,-,-,-,4.44%,1.02,-0.97%,"39,144"
ORLA,3.56B,14.33,5.62,0.14,2.75,4.34,8.33,10.92,65.34%,5.36%,-,40.78%,-,9.49,0.64%,"2,017,946"
ORLG,-,-,-,-,-,-,-,-,-,-,-,-,-,11.01,-3.25%,"1,081"
ORLY,71.06B,28.02,23.68,2.27,3.90,-,281.29,37.14,9.80%,11.02%,13.58%,10.45%,8.91%,85.75,-1.75%,"5,016,118"
ORMP,163.70M,1.55,-,-,-,0.69,2.49,-,79.07%,-,-,-,-5.90%,4.00,1.14%,"140,208"
ORN,550.52M,63.29,21.26,0.44,0.63,3.30,69.25,-,56.76%,63.20%,-37.74%,47.97%,3.72%,13.60,1.87%,"321,796"
ORO,-,-,-,-,-,-,-,-,-,-,-,-,-,18.32,2.77%,29
ORR,-,-,-,-,-,-,-,-,-,-,-,-,-,36.87,0.29%,"38,057"
ORRF,794.16M,9.26,9.38,-,2.21,1.31,-,9.13,-1.70%,2.46%,11.74%,-,22.75%,40.42,-0.71%,"187,233"
OSBC,1.18B,13.71,10.01,-,2.76,1.33,-,8.59,33.44%,6.32%,11.88%,-,23.14%,23.01,-0.22%,"215,927"
OSCG,-,-,-,-,-,-,-,-,-,-,-,-,-,30.83,-3.40%,"6,383"
OSCR,9.37B,-,20.62,-,0.70,5.59,-,3.35,164.58%,38.05%,0.13%,-,90.80%,31.07,-1.68%,"3,498,232"
OSCV,-,-,-,-,-,-,-,-,-,-,-,-,-,42.01,0.48%,"79,745"
OSCX,-,-,-,-,-,-,-,-,-,-,-,-,-,118.60,-3.42%,"5,440"
OSEA,-,-,-,-,-,-,-,-,-,-,-,-,-,29.67,0.17%,"28,418"
OSG,275.48M,-,7.71,-,0.94,0.39,-,-,180.46%,70.00%,18.32%,-,10.00%,6.12,-0.16%,"280,303"
OSIS,3.48B,24.13,18.49,1.58,1.93,3.89,10.08,55.38,11.27%,9.59%,16.58%,11.74%,8.00%,211.07,-1.00%,"161,771"
OSK,9.09B,16.24,10.42,0.74,0.87,2.04,36.31,11.13,0.65%,28.74%,16.27%,14.08%,8.73%,145.75,-0.07%,"841,204"
OSPN,574.26M,8.52,11.80,-,2.34,2.11,11.54,12.46,-18.36%,7.88%,-,-,2.43%,15.49,2.65%,"285,613"
OSPRU,270.08M,-,-,-,-,-,2077.54,-,-,-,-,-,-,10.06,0.00%,"3,014"
OSRH,12.71M,-,-,-,4.83,0.12,8.10,-,-,-,-214.49%,-,-,0.36,1.71%,"404,648"
OSS,336.12M,54.02,193.86,-,6.35,7.41,9.19,-,160.06%,115.38%,-,-,-9.10%,13.57,4.46%,"1,022,517"
OSSL,-,-,-,-,-,-,-,-,-,-,-,-,-,10.47,9.40%,"1,780"
OSTX,73.93M,-,-,-,-,-,80.36,-,20.15%,80.83%,67.91%,-,-,1.66,2.47%,"450,547"
OSUR,293.30M,-,-,-,2.60,0.94,1.66,-,-11.70%,21.90%,-33.45%,-,-7.70%,4.26,-0.93%,"377,037"
OSW,2.69B,35.17,20.44,1.45,2.72,4.79,155.83,41.54,14.65%,14.24%,-,14.08%,51.37%,26.51,1.57%,"867,257"
OTAI,136.69M,-,-,-,-,-,341.72,-,-,-,-,-,-,9.94,0.00%,"3,191"
OTEX,5.45B,10.97,5.01,0.36,1.05,1.37,4.33,6.55,10.96%,5.76%,13.84%,13.74%,10.69%,22.47,-4.67%,"1,218,223"
OTF,4.76B,11.38,7.78,-,3.30,0.62,9.74,18.73,0.29%,5.27%,4.23%,-0.42%,50.76%,10.28,1.28%,"1,711,054"
OTGA,300.26M,77.46,-,-,-,1.27,556.05,-,-,-,-,-,-,10.17,-0.10%,219
OTGL,-,-,-,-,-,-,-,-,-,-,-,-,-,10.74,0.95%,879
OTIS,27.84B,19.23,15.41,1.73,1.90,-,32.99,16.69,3.11%,12.76%,10.95%,8.90%,2.50%,72.56,-1.17%,"3,085,093"
OTLK,277.06M,-,-,-,183.48,-,35.75,-,73.18%,47.08%,33.18%,-,-,1.73,11.61%,"16,593,051"
OTLY,304.65M,-,-,-,0.34,86.22,6.17,-,43.88%,13.45%,-19.67%,33.14%,15.29%,9.76,-2.45%,"29,389"
OTTR,3.78B,13.53,16.76,-,2.88,1.98,9.38,2113.05,-9.93%,-8.92%,22.83%,-9.91%,7.94%,90.09,1.16%,"296,352"
OUNZ,-,-,-,-,-,-,-,-,-,-,-,-,-,38.98,1.35%,"1,237,272"
OUSA,-,-,-,-,-,-,-,-,-,-,-,-,-,59.21,-0.92%,"23,740"
OUSL,-,-,-,-,-,-,-,-,-,-,-,-,-,21.86,-,"10,322"
OUSM,-,-,-,-,-,-,-,-,-,-,-,-,-,47.38,-0.19%,"31,503"
OUST,2.67B,-,-,-,14.42,9.66,15.38,-,-1237.10%,66.88%,55.26%,-,55.05%,41.97,4.85%,"2,473,788"
OUT,5.84B,31.99,23.68,1.00,3.12,8.82,86.85,23.06,62.15%,5.31%,-,23.65%,8.18%,33.15,0.00%,"973,950"
OVB,-,-,-,-,-,-,-,-,-,-,-,-,-,20.34,0.37%,"11,610"
OVBC,203.46M,13.13,-,-,2.11,1.19,-,8.59,-,-,9.10%,-,11.17%,43.19,0.37%,"34,249"
OVF,-,-,-,-,-,-,-,-,-,-,-,-,-,31.57,1.13%,"31,726"
OVID,459.14M,-,-,-,64.49,2.08,2.95,-,-110.00%,-10.42%,29.81%,-,-10.48%,2.46,1.23%,"1,277,928"
OVL,-,-,-,-,-,-,-,-,-,-,-,-,-,57.07,0.48%,"80,498"
OVLH,-,-,-,-,-,-,-,-,-,-,-,-,-,41.96,0.31%,"5,234"
OVLY,280.09M,11.55,-,-,2.90,1.36,-,10.94,-,-,11.39%,-,13.28%,33.29,-1.74%,"22,183"
OVM,-,-,-,-,-,-,-,-,-,-,-,-,-,21.73,0.15%,"23,284"
OVS,-,-,-,-,-,-,-,-,-,-,-,-,-,41.83,0.43%,"16,220"
OVT,-,-,-,-,-,-,-,-,-,-,-,-,-,21.82,0.14%,"15,214"
OVV,15.82B,17.94,7.66,0.39,1.77,1.38,608.62,9.29,46.30%,0.29%,-,19.71%,9.38%,56.31,-0.35%,"2,940,593"
OWL,15.00B,117.60,9.87,0.98,5.10,3.10,78.75,11.69,3.66%,11.97%,-,10.07%,62.95%,9.62,3.55%,"12,733,017"
OWLS,499.08M,-,21.73,-,-,-,-,-,76.92%,388.89%,-,-,-,5.65,-1.91%,"23,628"
OWLT,185.43M,-,-,-,1.73,8.53,4.52,-,84.42%,81.25%,15.22%,-,6.99%,6.38,-0.31%,"219,042"
OWN,-,-,-,-,-,-,-,-,-,-,-,-,-,24.69,1.00%,648
OWNB,-,-,-,-,-,-,-,-,-,-,-,-,-,17.80,2.87%,"1,354"
OWNS,-,-,-,-,-,-,-,-,-,-,-,-,-,17.17,0.50%,"7,998"
OXBR,12.80M,-,-,-,5.10,2.05,-,-,71.43%,-125.00%,-100.41%,-,16.25%,1.58,-3.66%,"39,063"
OXLC,891.09M,-,1.77,-,2.27,0.86,9.21,1.28,23.15%,24.10%,-,-,46.40%,9.13,-0.65%,"794,466"
OXM,555.88M,-,12.33,0.79,0.38,1.06,59.39,23.35,16.75%,22.57%,20.24%,15.60%,14.56%,37.23,2.82%,"433,026"
OXSQ,162.84M,-,7.05,-,43.89,1.18,3.98,9.88,-43.33%,29.41%,-,-,-3.29%,1.55,5.44%,"1,806,386"
OXY,54.28B,62.28,14.33,0.69,2.30,1.77,14.18,15.11,152.46%,-31.73%,-,20.72%,4.70%,54.57,-0.44%,"11,115,197"
OYSE,351.14M,44.40,-,-,-,1.38,508.90,-,-,-,-,-,-,10.34,0.37%,8
OZ,182.50M,-,-,-,15.62,0.67,9.33,-,-,-,-137.82%,-,146.47%,45.65,1.98%,"14,765"
OZEM,-,-,-,-,-,-,-,-,-,-,-,-,-,32.33,-1.27%,"50,710"
OZK,5.76B,8.27,7.99,1.72,2.06,0.95,-,8.21,-3.58%,6.69%,22.32%,4.64%,18.77%,50.78,0.40%,"1,243,230"
P,25.61B,117.10,25.63,1.26,6.50,17.74,16.99,49.83,18.04%,23.50%,-,20.40%,16.81%,77.03,2.22%,"2,354,146"
PAA,16.66B,17.69,13.11,1.46,0.37,2.20,97.45,7.81,6.79%,9.55%,-,8.99%,13.42%,23.62,0.34%,"2,066,929"
PAAA,-,-,-,-,-,-,-,-,-,-,-,-,-,51.36,-0.02%,"4,408,592"
PAAC,177.06M,-,-,-,-,1.39,239.27,-,-,-,-,-,-,9.99,0.40%,"67,645"
PAAS,18.33B,13.94,8.77,0.35,4.58,2.49,11.36,13.50,58.84%,23.02%,24.80%,24.80%,22.00%,43.51,1.90%,"4,407,495"
PAAU,-,-,-,-,-,-,-,-,-,-,-,-,-,10.95,0.00%,0
PAB,-,-,-,-,-,-,-,-,-,-,-,-,-,41.81,0.13%,"5,977"
PABD,-,-,-,-,-,-,-,-,-,-,-,-,-,69.02,0.74%,49
PABU,-,-,-,-,-,-,-,-,-,-,-,-,-,76.24,-0.48%,"11,554"
PAC,9.70B,21.05,14.99,0.94,4.30,8.02,7.55,42.29,15.74%,13.42%,41.43%,15.97%,31.34%,225.95,-2.93%,"205,106"
PACB,465.91M,-,-,-,2.91,196.85,1.69,-,77.36%,-13.11%,-,39.65%,15.19%,1.50,0.67%,"2,740,350"
PACH,292.08M,47.75,-,-,-,1.30,512.41,-,-,-,-,-,-,10.27,0.59%,"251,006"
PACK,591.12M,-,-,-,1.46,1.13,12.19,-,58.89%,59.46%,-7.09%,-,5.78%,6.91,-0.58%,"305,527"
PACS,7.11B,29.86,18.24,1.36,1.31,6.81,25.99,18.68,23.75%,8.02%,-10.97%,13.38%,45.92%,44.95,3.88%,"1,274,859"
PAG,12.73B,14.45,13.40,2.61,0.41,2.25,152.04,20.60,-0.06%,8.45%,15.94%,5.14%,9.24%,193.55,0.17%,"281,046"
PAGP,19.28B,27.45,12.92,0.75,0.43,3.93,112.11,9.06,21.88%,23.64%,-,17.17%,13.42%,25.31,0.28%,"1,081,674"
PAGS,2.58B,6.89,5.20,0.65,0.71,0.93,1.99,13.77,7.70%,8.97%,11.05%,7.97%,22.21%,9.28,0.00%,"2,003,080"
PAHC,1.34B,14.19,9.88,0.48,0.89,3.70,17.30,104.95,47.04%,8.80%,7.45%,20.80%,10.12%,33.04,0.12%,"230,470"
PAI,114.99M,11.85,-,-,16.12,0.91,-,-,-,-,-,-,-,12.09,0.25%,"5,640"
PAII,279.19M,63.13,-,-,-,1.42,13959.54,-,-,-,-,-,-,10.24,0.19%,"25,506"
PAL,195.78M,-,14.69,0.22,0.46,0.64,20.06,6.22,-19.06%,433.33%,-,68.29%,-,7.05,-1.12%,"356,619"
PALC,-,-,-,-,-,-,-,-,-,-,-,-,-,57.55,0.62%,"13,618"
PALD,-,-,-,-,-,-,-,-,-,-,-,-,-,11.21,-6.88%,"49,791"
PALI,335.01M,-,-,-,-,2.54,2.53,-,21.25%,-20.11%,88.75%,-5.47%,-,1.93,2.12%,"3,330,749"
PALL,-,-,-,-,-,-,-,-,-,-,-,-,-,23.70,4.27%,"807,108"
PALO,211.22M,-,-,-,-,1.32,174.56,-,-,-,-,-,-,9.92,0.10%,14
PALU,-,-,-,-,-,-,-,-,-,-,-,-,-,54.32,13.66%,"115,229"
PAM,4.57B,10.13,6.80,0.26,2.10,1.21,6.76,-,37.01%,30.78%,26.72%,26.46%,13.44%,84.11,0.82%,"82,083"
PAMC,-,-,-,-,-,-,-,-,-,-,-,-,-,54.00,0.63%,"2,904"
PAMT,284.62M,-,-,-,0.49,1.35,3.50,-,-,-,-,-,4.20%,13.59,-1.38%,"12,647"
PANG,-,-,-,-,-,-,-,-,-,-,-,-,-,33.52,13.77%,"28,763"
PANL,469.68M,13.40,8.13,-,0.69,1.06,5.23,7.91,354.60%,-28.03%,2.93%,-,10.54%,7.18,1.56%,"353,341"
PANW,287.61B,290.28,85.89,6.56,27.12,10.37,92.27,75.82,12.96%,8.90%,-,13.10%,22.03%,352.89,6.84%,"6,013,223"
PAPI,-,-,-,-,-,-,-,-,-,-,-,-,-,27.14,-0.62%,"92,200"
PAPL,24.55M,-,49.27,-,1.40,0.91,1.37,-,-,-,-,-,39.06%,0.94,-2.43%,"32,239"
PAPR,-,-,-,-,-,-,-,-,-,-,-,-,-,42.44,0.33%,"30,651"
PAR,680.56M,-,12.82,0.09,1.43,0.82,8.75,-,314.68%,106.91%,-1.70%,144.52%,16.34%,16.50,-4.01%,"593,923"
PARK,90.48M,-,20.88,-,-,3.56,3.71,-,-65.78%,14.97%,-,-,-,20.04,-3.42%,"18,440"
PARR,3.69B,8.21,7.43,-,0.49,2.39,21.38,17.87,106.77%,-36.69%,-,-0.64%,19.02%,73.55,3.71%,"938,514"
PASG,14.27M,-,-,-,-,1.21,0.43,-,27.27%,7.08%,24.41%,14.82%,-,4.44,-0.45%,"59,034"
PASW,-,-,-,-,-,-,-,-,-,-,-,-,-,0.15,-1.87%,"21,378"
PATH,6.19B,19.70,13.24,0.99,3.70,3.27,4.73,16.49,8.71%,15.17%,-,13.43%,21.53%,11.94,0.76%,"85,806,763"
PATK,2.77B,21.69,14.61,-,0.70,2.35,74.00,14.32,5.89%,22.68%,6.83%,-,9.70%,84.28,1.02%,"342,246"
PATN,-,-,-,-,-,-,-,-,-,-,-,-,-,35.44,1.44%,"89,334"
PATX,-,-,-,-,-,-,-,-,-,-,-,-,-,9.29,0.76%,"188,214"
PAUG,-,-,-,-,-,-,-,-,-,-,-,-,-,45.81,0.09%,"27,464"
PAVE,-,-,-,-,-,-,-,-,-,-,-,-,-,56.71,0.85%,"10,103,049"
PAVM,40.59M,-,-,-,450.97,0.99,6.28,-,44.23%,59.24%,55.65%,-,-,5.67,3.09%,"6,390"
PAVS,7.27M,-,-,-,0.59,0.00,1.40,-,-,-,-,-,-74.40%,4.95,-10.81%,"56,943"
PAWZ,-,-,-,-,-,-,-,-,-,-,-,-,-,48.15,-1.55%,"1,895"
PAX,1.79B,20.86,7.23,0.63,4.42,2.93,20.62,6.94,6.25%,13.85%,2.88%,11.56%,27.59%,11.10,1.74%,"580,493"
PAXS,680.42M,7.95,-,-,-,-,-,-,-,-,-,-,-,14.47,-0.21%,"161,648"
PAY,3.56B,49.39,27.92,1.11,2.78,6.10,10.40,25.09,25.11%,22.66%,48.17%,25.14%,31.72%,28.28,-2.28%,"910,877"
PAYC,6.84B,16.60,11.70,0.94,3.27,8.25,44.47,15.35,17.89%,12.70%,26.84%,12.50%,19.51%,143.67,-1.93%,"511,503"
PAYH,-,-,-,-,-,-,-,-,-,-,-,-,-,25.25,0.64%,"13,657"
PAYM,-,-,-,-,-,-,-,-,-,-,-,-,-,25.29,-1.10%,"73,945"
PAYO,2.40B,36.08,20.75,0.54,2.25,3.64,6.98,12.05,40.61%,28.11%,-,38.08%,24.96%,7.10,0.00%,"2,434,591"
PAYP,9.69B,-,14.51,2.64,-,3.91,4.25,-,-28.76%,31.08%,-,5.50%,-,15.00,-1.70%,"538,921"
PAYR,-,-,-,-,-,-,-,-,-,-,-,-,-,54.34,-0.52%,"20,929"
PAYS,486.38M,50.85,27.84,-,5.32,8.82,2.71,6.95,82.69%,31.58%,-,-,27.74%,8.70,-4.61%,"657,783"
PAYX,38.95B,22.41,17.09,2.31,5.98,10.43,33.08,16.77,8.31%,7.41%,10.04%,7.41%,9.93%,109.52,-1.11%,"2,489,772"
PB,8.69B,13.14,10.17,1.09,4.85,0.89,-,16.32,-3.49%,29.08%,0.12%,9.30%,6.28%,72.50,-0.25%,"1,106,277"
PBA,29.07B,25.91,22.04,3.34,5.36,2.67,234.46,20.37,11.41%,3.98%,-,6.59%,4.37%,49.99,0.68%,"972,457"
PBAP,-,-,-,-,-,-,-,-,-,-,-,-,-,31.13,0.18%,6
PBAU,-,-,-,-,-,-,-,-,-,-,-,-,-,31.55,0.03%,69
PBD,-,-,-,-,-,-,-,-,-,-,-,-,-,18.50,1.42%,"20,123"
PBDC,-,-,-,-,-,-,-,-,-,-,-,-,-,26.74,0.83%,"154,362"
PBDE,-,-,-,-,-,-,-,-,-,-,-,-,-,31.08,0.18%,"63,144"
PBE,-,-,-,-,-,-,-,-,-,-,-,-,-,89.33,-1.35%,"2,984"
PBEU,-,-,-,-,-,-,-,-,-,-,-,-,-,33.49,1.15%,"40,129"
PBF,7.20B,16.36,9.04,-,0.24,1.30,13.30,-,312.16%,-23.11%,34.60%,-,14.18%,60.89,6.01%,"3,856,770"
PBFB,-,-,-,-,-,-,-,-,-,-,-,-,-,32.06,0.19%,"2,682"
PBFR,-,-,-,-,-,-,-,-,-,-,-,-,-,30.74,0.10%,"41,817"
PBFS,420.79M,20.72,-,-,3.25,1.25,-,20.06,-,-,31.78%,-,12.84%,16.78,-0.65%,"11,983"
PBH,2.24B,12.07,9.62,1.36,2.05,1.18,35.00,9.07,3.56%,8.13%,3.72%,7.10%,2.91%,47.19,-3.36%,"412,040"
PBHC,103.36M,-,-,-,1.28,0.84,-,23.81,-,-,-65.07%,-,11.06%,16.52,1.35%,"2,299"
PBI,2.41B,17.18,10.15,0.78,1.28,-,7.66,6.30,19.88%,8.14%,-,13.10%,-11.84%,17.77,-1.99%,"1,347,373"
PBJ,-,-,-,-,-,-,-,-,-,-,-,-,-,48.13,-0.98%,"12,051"
PBJA,-,-,-,-,-,-,-,-,-,-,-,-,-,32.44,0.19%,854
PBJL,-,-,-,-,-,-,-,-,-,-,-,-,-,31.40,0.23%,"2,008"
PBJN,-,-,-,-,-,-,-,-,-,-,-,-,-,30.96,0.25%,"2,038"
PBK,28.19M,-,15.07,-,1.00,1.37,2.96,-,67.56%,117.66%,-262.55%,-,51.01%,0.60,-3.53%,"622,623"
PBL,-,-,-,-,-,-,-,-,-,-,-,-,-,33.36,0.21%,168
PBLS,3.68B,-,-,-,-,-,11.19,-,-,-,-,-,-,31.15,5.13%,"540,560"
PBM,0.86M,-,-,-,-,0.07,0.12,-,-,-,-,-,-,2.87,0.70%,"23,707"
PBMR,-,-,-,-,-,-,-,-,-,-,-,-,-,32.22,0.23%,80
PBMY,-,-,-,-,-,-,-,-,-,-,-,-,-,31.29,0.22%,"1,283"
PBNV,-,-,-,-,-,-,-,-,-,-,-,-,-,31.14,0.19%,6
PBOC,-,-,-,-,-,-,-,-,-,-,-,-,-,30.78,0.14%,"6,299"
PBOG,-,-,-,-,-,-,-,-,-,-,-,-,-,31.59,0.21%,"36,416"
PBOT,-,-,-,-,-,-,-,-,-,-,-,-,-,32.99,2.48%,"1,700"
PBP,-,-,-,-,-,-,-,-,-,-,-,-,-,23.14,0.26%,"14,235"
PBPH,-,-,-,-,-,-,-,-,-,-,-,-,-,26.60,-1.43%,"78,458"
PBQQ,-,-,-,-,-,-,-,-,-,-,-,-,-,31.40,0.44%,"19,092"
PBR,66.68B,5.83,4.95,1.01,0.73,1.35,7.32,4.74,33.92%,-11.03%,70.66%,4.89%,11.04%,17.92,0.22%,"13,028,034"
PBR-A,43.71B,5.22,4.42,0.76,0.48,1.21,4.79,3.11,35.17%,-11.72%,70.66%,5.79%,11.04%,16.05,0.94%,"7,691,940"
PBRG,-,-,-,-,-,-,-,-,-,-,-,-,-,33.90,0.88%,"4,452"
PBSC,-,-,-,-,-,-,-,-,-,-,-,-,-,25.17,0.06%,11
PBSE,-,-,-,-,-,-,-,-,-,-,-,-,-,31.00,0.12%,8
PBT,1.30B,88.32,-,-,78.27,8020.11,813.03,-,-,-,5.47%,-,6.00%,27.91,-0.53%,"91,368"
PBTP,-,-,-,-,-,-,-,-,-,-,-,-,-,25.66,0.04%,"18,357"
PBUS,-,-,-,-,-,-,-,-,-,-,-,-,-,75.48,0.47%,"84,236"
PBW,-,-,-,-,-,-,-,-,-,-,-,-,-,34.98,2.88%,"459,743"
PBYI,421.45M,17.34,41.40,-,1.86,3.28,4.07,7.86,-52.46%,-31.03%,-,-,0.29%,8.28,2.48%,"426,218"
PCAP,326.62M,42.60,-,-,-,1.32,366.99,-,-,-,-,-,-,10.31,0.00%,"82,006"
PCAR,65.23B,26.37,18.26,1.17,2.35,3.30,7.36,21.05,13.82%,19.05%,12.60%,15.58%,8.73%,123.94,-0.26%,"2,159,171"
PCB,416.15M,10.51,9.52,-,1.96,1.27,-,9.31,12.66%,5.62%,19.83%,-,18.00%,29.24,0.19%,"33,301"
PCCE,-,-,-,-,-,-,-,-,-,-,-,-,-,12.35,1.92%,13
PCEB,-,-,-,-,-,-,-,-,-,-,-,-,-,24.45,0.09%,"22,532"
PCEF,-,-,-,-,-,-,-,-,-,-,-,-,-,20.33,0.21%,"77,828"
PCF,101.63M,25.86,-,-,15.65,0.81,-,-,-,-,-,-,-,5.43,0.93%,"28,643"
PCFI,-,-,-,-,-,-,-,-,-,-,-,-,-,22.61,0.11%,37
PCG,38.41B,13.67,9.68,1.02,1.49,1.21,25.78,-,9.89%,9.34%,-,9.53%,6.19%,17.44,0.40%,"14,800,309"
PCGG,-,-,-,-,-,-,-,-,-,-,-,-,-,11.07,0.01%,10
PCHI,-,-,-,-,-,-,-,-,-,-,-,-,-,24.40,0.13%,"63,084"
PCI,-,-,-,-,-,-,-,-,-,-,-,-,-,49.51,0.26%,6
PCIG,-,-,-,-,-,-,-,-,-,-,-,-,-,8.72,0.69%,"6,943"
PCL,-,-,-,-,-,-,-,-,-,-,-,-,-,48.62,0.21%,15
PCLA,43.24M,-,-,-,11.82,49.15,11.98,-,-,-,-,-,-,4.50,-7.79%,"608,363"
PCLC,-,-,-,-,-,-,-,-,-,-,-,-,-,24.93,2.24%,"1,135"
PCLG,-,-,-,-,-,-,-,-,-,-,-,-,-,21.94,-0.27%,"6,356"
PCLN,-,-,-,-,-,-,-,-,-,-,-,-,-,31.68,1.13%,19
PCLO,-,-,-,-,-,-,-,-,-,-,-,-,-,24.96,0.04%,"6,673"
PCM,70.39M,10.18,-,-,6.56,0.96,-,-,-,-,-,-,-,5.70,-1.38%,"49,453"
PCMM,-,-,-,-,-,-,-,-,-,-,-,-,-,49.74,-0.01%,"56,797"
PCN,868.26M,9.15,-,-,10.10,0.97,-,-,-,-,-,-,-,11.62,-0.68%,"376,212"
PCOR,6.49B,-,20.12,0.87,4.74,5.41,10.74,28.75,23.69%,27.13%,28.36%,23.05%,27.00%,43.04,-2.25%,"1,709,366"
PCPI,-,-,-,-,-,-,-,-,-,-,-,-,-,49.99,-0.16%,"61,482"
PCPP,-,-,-,-,-,-,-,-,-,-,-,-,-,26.12,0.77%,"25,927"
PCQ,168.55M,296.00,-,-,6.30,0.89,-,-,-,-,-,-,-,8.88,0.45%,"136,953"
PCR,-,-,-,-,-,-,-,-,-,-,-,-,-,19.50,0.91%,111
PCRX,983.77M,200.24,6.92,0.27,1.34,1.50,4.87,7.41,8.58%,25.62%,-45.77%,25.86%,11.07%,25.01,-2.08%,"466,643"
PCS,-,-,-,-,-,-,-,-,-,-,-,-,-,49.85,0.12%,138
PCSA,6.34M,-,-,-,-,2.41,3.75,-,-,-,61.77%,-,-,2.29,11.17%,"112,742"
PCSC,122.21M,1221.65,-,-,-,1.51,214.41,-,-,-,-,-,-,11.85,7.92%,"221,691"
PCSG,-,-,-,-,-,-,-,-,-,-,-,-,-,23.44,0.98%,230
PCT,1.34B,-,-,-,123.07,164.68,11.03,-,18.77%,30.09%,25.46%,24.06%,-,6.76,0.90%,"3,198,896"
PCTY,6.59B,26.26,14.17,1.41,3.82,5.58,22.00,13.54,12.94%,7.29%,28.31%,10.07%,23.23%,123.13,-1.10%,"604,399"
PCVX,8.12B,-,-,-,-,2.71,4.67,-,-48.90%,20.20%,-26.39%,-4.13%,-,56.21,-1.44%,"780,551"
PCY,-,-,-,-,-,-,-,-,-,-,-,-,-,21.37,0.19%,"190,889"
PCYO,252.54M,17.19,-,-,7.49,1.67,29.92,-,-,-,14.10%,-,0.18%,10.48,-3.05%,"45,972"
PD,847.58M,5.38,7.80,1.43,1.72,3.89,1.91,7.38,13.37%,7.12%,-,5.45%,18.19%,10.99,1.38%,"2,326,793"
PDBA,-,-,-,-,-,-,-,-,-,-,-,-,-,36.89,-0.33%,"49,128"
PDBC,-,-,-,-,-,-,-,-,-,-,-,-,-,17.08,1.07%,"7,456,437"
PDC,12.26M,-,-,-,4.26,23.51,16.57,-,-,-,-26.51%,-,9.16%,4.06,26.48%,"333,614"
PDCC,78.36M,10.01,-,-,3.95,0.80,76.08,3.68,-,-,-,-,-,9.58,0.10%,"9,023"
PDD,119.44B,9.15,6.80,0.61,1.92,1.95,1.61,-,-3.73%,19.99%,-,11.19%,47.45%,83.91,-0.77%,"8,887,232"
PDDL,-,-,-,-,-,-,-,-,-,-,-,-,-,13.25,-1.53%,"23,978"
PDEC,-,-,-,-,-,-,-,-,-,-,-,-,-,46.16,0.22%,"119,796"
PDEX,186.01M,16.07,20.96,-,2.49,4.12,16.94,26.69,47.57%,-29.44%,12.25%,-,13.84%,58.26,-5.35%,"38,447"
PDFS,2.27B,302.40,34.92,1.32,9.81,7.72,72.88,-,32.71%,24.45%,57.47%,26.55%,19.99%,54.22,2.71%,"277,524"
PDI,7.50B,7.89,-,-,-,-,-,-,-,-,-,-,-,16.25,-0.98%,"3,323,491"
PDLB,478.68M,15.18,11.18,-,2.42,1.40,-,10.92,37.50%,7.27%,48.52%,-,25.42%,19.79,-0.50%,"45,493"
PDM,1.19B,-,80.27,-,2.11,0.81,188.61,131.64,80.65%,191.76%,-,-,-0.27%,9.55,1.38%,"656,192"
PDN,-,-,-,-,-,-,-,-,-,-,-,-,-,45.23,0.90%,"8,585"
PDO,1.86B,7.23,-,-,-,-,-,-,-,-,-,-,-,13.02,-0.69%,"631,120"
PDP,-,-,-,-,-,-,-,-,-,-,-,-,-,141.97,1.94%,"11,901"
PDS,1.07B,-,9.49,-,0.79,0.93,36.08,10.37,5184.70%,60.36%,-,-,13.59%,82.84,-0.71%,"98,167"
PDSB,41.97M,-,-,-,-,10.78,1.94,-,29.73%,3.85%,3.46%,14.66%,-,0.75,0.91%,"451,632"
PDT,638.92M,5.09,-,-,10.69,0.87,-,-,-,-,-,-,-,12.99,0.62%,"67,913"
PDX,-,-,-,-,-,-,-,-,-,-,-,-,-,21.19,-0.33%,"88,156"
PDYN,252.29M,-,-,-,35.68,3.61,5.78,-,-482.29%,21.80%,-,-,-9.86%,5.34,3.69%,"796,655"
PEB,2.12B,-,-,-,1.41,0.87,10.80,10.89,64.00%,27.16%,22.58%,22.43%,27.21%,18.70,2.07%,"2,234,885"
PEBK,229.22M,11.54,-,-,2.04,1.45,-,11.83,-,-,13.19%,-,9.51%,41.97,-1.22%,"18,332"
PEBO,1.37B,12.26,10.31,-,2.21,1.13,-,9.60,7.80%,7.99%,11.54%,-,22.83%,38.22,-0.49%,"305,993"
PECE,86.59M,-,-,-,-,-,-,-,-,-,-,-,-,9.92,0.00%,"13,524"
PECO,5.89B,49.88,50.83,24.32,7.91,2.35,263.38,28.21,-12.61%,7.40%,-,2.09%,6.90%,42.46,0.74%,"709,906"
PED,166.13M,-,15.42,-,2.15,0.91,14.65,10.81,77.11%,257.28%,24.34%,-,41.52%,12.49,-2.57%,"32,482"
PEG,40.11B,17.80,17.13,2.26,3.08,2.32,98.56,219.21,8.17%,7.25%,2.32%,7.59%,5.71%,80.50,-0.48%,"2,193,935"
PEGA,5.13B,16.52,9.97,0.56,3.02,7.33,10.76,10.36,29.40%,13.26%,-,17.71%,11.40%,30.68,-3.94%,"2,382,588"
PEJ,-,-,-,-,-,-,-,-,-,-,-,-,-,65.46,-0.73%,"19,863"
PEMX,-,-,-,-,-,-,-,-,-,-,-,-,-,85.24,1.58%,329
PEN,12.44B,72.77,51.39,2.16,8.55,8.44,20.20,58.47,27.45%,25.73%,-,23.79%,20.16%,316.26,-0.84%,"661,579"
PENG,3.99B,55571.43,23.26,0.85,2.65,9.08,8.34,-,37.59%,27.92%,-,27.28%,4.05%,77.80,0.76%,"4,728,451"
PENN,2.70B,-,14.04,-,0.38,1.48,3.63,-,113.56%,81.82%,-3.14%,-,14.23%,20.18,-1.46%,"2,763,503"
PEO,716.26M,12.83,-,-,35.30,1.08,-,-,-,-,-,-,-,26.05,0.39%,"36,733"
PEP,184.87B,17.76,15.11,2.93,1.91,8.37,17.25,19.92,5.08%,4.82%,3.25%,5.16%,5.94%,135.45,-2.20%,"8,518,560"
PEPG,168.77M,-,-,-,-,1.26,1.28,-,47.45%,-6.47%,-63.43%,20.73%,-,2.44,0.00%,"2,122,864"
PEPS,-,-,-,-,-,-,-,-,-,-,-,-,-,32.46,0.51%,177
PERF,196.57M,34.84,27.87,-,2.77,1.28,1.22,15.33,33.00%,4.14%,-,-15.66%,-,1.93,0.00%,"481,296"
PERI,367.34M,-,7.17,-,0.83,0.58,1.25,6.61,3.98%,10.85%,-,-,6.04%,9.34,0.11%,"291,047"
PESI,304.06M,-,22.15,-,5.16,6.19,45.65,-,-16.16%,196.10%,-,-,-10.17%,14.34,0.63%,"417,257"
PETS,41.67M,-,21.67,-,0.23,1.44,1.95,-,102.55%,28.57%,-,-,-10.35%,1.95,2.09%,"218,754"
PETZ,11.56M,6.43,-,-,9.25,0.38,0.34,-,-,-,-,-,8.95%,1.12,-4.27%,"3,143"
PEVC,-,-,-,-,-,-,-,-,-,-,-,-,-,30.36,0.24%,"3,262"
PEW,78.50M,-,-,-,1.01,0.75,0.74,-,-92.31%,-8.00%,-,-,-,2.67,-3.61%,"413,868"
PEX,-,-,-,-,-,-,-,-,-,-,-,-,-,22.38,0.73%,"13,690"
PEXL,-,-,-,-,-,-,-,-,-,-,-,-,-,72.85,0.24%,291
PEY,-,-,-,-,-,-,-,-,-,-,-,-,-,23.77,-0.39%,"114,932"
PEZ,-,-,-,-,-,-,-,-,-,-,-,-,-,99.85,-0.09%,614
PFAI,41.45M,-,-,-,16.92,13.61,60.07,-,-,-,-,-,-,3.53,-4.17%,368
PFBC,1.42B,9.86,9.41,-,2.80,1.63,-,8.64,2.77%,5.10%,17.47%,-,17.76%,105.85,-0.08%,"53,501"
PFD,148.96M,12.07,-,-,8.96,0.92,-,-,-,-,-,-,-,11.59,0.61%,"37,544"
PFDE,-,-,-,-,-,-,-,-,-,-,-,-,-,27.95,0.68%,"261,527"
PFE,138.21B,18.59,8.57,-,2.18,1.53,10.57,14.57,-8.69%,-3.80%,-3.57%,-8.91%,8.48%,24.25,-0.94%,"40,863,353"
PFEB,-,-,-,-,-,-,-,-,-,-,-,-,-,43.27,0.23%,"31,691"
PFF,-,-,-,-,-,-,-,-,-,-,-,-,-,30.51,0.53%,"3,065,320"
PFFA,-,-,-,-,-,-,-,-,-,-,-,-,-,20.99,0.57%,"571,431"
PFFD,-,-,-,-,-,-,-,-,-,-,-,-,-,18.57,0.11%,"523,956"
PFFL,-,-,-,-,-,-,-,-,-,-,-,-,-,7.53,0.07%,21
PFFR,-,-,-,-,-,-,-,-,-,-,-,-,-,17.77,0.54%,"29,100"
PFFV,-,-,-,-,-,-,-,-,-,-,-,-,-,22.02,0.12%,"65,778"
PFG,24.39B,16.14,10.90,1.00,1.58,2.07,-,6.72,13.86%,9.97%,0.80%,10.88%,1.17%,112.92,-0.61%,"1,174,215"
PFGC,17.75B,53.92,19.54,1.23,0.27,3.73,386.70,17.48,2.92%,25.40%,-,15.89%,20.33%,112.99,-0.28%,"1,608,502"
PFI,-,-,-,-,-,-,-,-,-,-,-,-,-,62.62,1.44%,"1,310"
PFIG,-,-,-,-,-,-,-,-,-,-,-,-,-,23.81,0.25%,"4,910"
PFIS,667.53M,11.40,9.42,-,2.36,1.27,-,16.18,-35.42%,80.61%,7.99%,-,20.90%,66.68,-0.04%,"40,901"
PFIX,-,-,-,-,-,-,-,-,-,-,-,-,-,46.74,-0.23%,"66,952"
PFL,385.91M,9.82,-,-,9.66,0.97,-,-,-,-,-,-,-,7.76,0.52%,"321,244"
PFLD,-,-,-,-,-,-,-,-,-,-,-,-,-,19.60,0.02%,"14,867"
PFLT,712.38M,11.50,6.54,-,3.05,0.69,5.85,10.40,-6.90%,1.72%,8.59%,-2.66%,25.26%,7.18,0.84%,"914,094"
PFM,-,-,-,-,-,-,-,-,-,-,-,-,-,55.69,-0.54%,"8,196"
PFN,700.06M,13.65,-,-,8.45,0.99,-,-,-,-,-,-,-,7.10,0.57%,"746,899"
PFO,120.57M,11.38,-,-,8.41,0.89,-,-,-,-,-,-,-,9.22,0.22%,"19,217"
PFOE,-,-,-,-,-,-,-,-,-,-,-,-,-,22.89,-0.55%,"202,259"
PFRL,-,-,-,-,-,-,-,-,-,-,-,-,-,49.59,-0.06%,"9,957"
PFS,3.07B,10.02,9.34,-,2.20,1.07,-,7.23,6.41%,6.20%,9.89%,-,25.93%,23.53,0.09%,"701,530"
PFSA,1.06M,-,-,-,-,-,2.80,-,-,-,-,-,-,2.01,-9.05%,"172,397"
PFSI,4.31B,8.81,6.05,0.32,0.90,1.00,6.59,-,4.53%,41.06%,-14.97%,18.79%,0.08%,82.91,1.76%,"268,657"
PFX,92.77M,-,23.35,-,7.46,0.58,30.22,-,-6.62%,-17.23%,-,-,-,45.99,9.66%,"7,684"
PFXF,-,-,-,-,-,-,-,-,-,-,-,-,-,17.74,0.80%,"428,298"
PG,340.16B,21.36,20.80,6.91,3.92,6.33,27.64,22.63,0.76%,2.06%,5.58%,3.01%,3.50%,146.08,-1.54%,"7,668,089"
PGAC,31.85M,53.00,-,-,-,1.09,353.94,-,-,-,-,-,-,10.68,0.14%,9
PGC,813.63M,18.55,9.45,-,1.78,1.22,-,12.84,82.57%,29.54%,8.91%,-,14.30%,45.92,-0.84%,"155,380"
PGEN,1.83B,-,25.42,-,57.78,90.05,32.45,-,97.89%,796.39%,-6.02%,-,-37.70%,5.12,-0.97%,"2,904,684"
PGF,-,-,-,-,-,-,-,-,-,-,-,-,-,13.70,0.01%,"93,272"
PGHY,-,-,-,-,-,-,-,-,-,-,-,-,-,19.79,0.10%,"66,680"
PGJ,-,-,-,-,-,-,-,-,-,-,-,-,-,23.59,-0.16%,"25,918"
PGNY,2.53B,42.03,21.66,0.60,1.96,5.77,11.21,13.74,98.36%,15.86%,6.78%,36.07%,30.17%,32.36,1.19%,"1,211,104"
PGP,101.04M,4.15,-,-,9.03,0.98,-,-,-,-,-,-,-,8.72,0.58%,"34,825"
PGR,132.40B,11.51,13.83,-,1.48,4.13,-,8.06,-3.27%,-6.21%,14.75%,-3.58%,15.50%,226.58,-3.37%,"3,226,740"
PGRI,-,-,-,-,-,-,-,-,-,-,-,-,-,26.53,1.18%,6
PGRO,-,-,-,-,-,-,-,-,-,-,-,-,-,47.02,1.08%,"10,066"
PGX,-,-,-,-,-,-,-,-,-,-,-,-,-,10.85,0.18%,"1,859,216"
PGY,1.52B,18.22,9.40,0.21,1.19,2.86,3.99,6.47,48.75%,40.56%,-10.73%,44.40%,68.91%,18.27,3.87%,"2,144,152"
PGZ,69.35M,10.57,-,-,-,-,-,-,-,-,-,-,-,10.36,0.14%,"9,619"
PH,121.62B,35.58,28.31,2.53,5.79,8.32,255.50,33.06,14.56%,8.81%,23.89%,11.18%,7.71%,964.55,1.40%,"409,106"
PHAR,949.51M,77.81,46.21,0.43,2.56,3.50,5.56,18.71,475.83%,26.05%,-41.23%,108.01%,12.25%,13.41,-2.58%,"4,322"
PHAT,880.11M,-,8.41,-,4.30,-,4.87,-,79.43%,310.59%,4.82%,-,-,11.03,1.10%,"1,036,522"
PHDG,-,-,-,-,-,-,-,-,-,-,-,-,-,41.32,0.42%,996
PHEQ,-,-,-,-,-,-,-,-,-,-,-,-,-,34.63,0.12%,"9,672"
PHG,25.31B,22.35,13.27,2.43,1.24,1.89,8.48,11.52,-5.03%,11.24%,-4.98%,5.47%,0.39%,26.06,-4.68%,"1,459,068"
PHGE,2.48M,-,-,-,-,-,2.12,-,-,-,38.28%,-,-,0.21,-9.48%,"1,417,294"
PHI,4.16B,8.42,7.38,1.58,1.09,2.01,16.84,-,1.63%,6.65%,0.36%,4.66%,0.80%,19.24,3.05%,"320,435"
PHIN,2.90B,21.86,11.55,0.82,0.81,1.87,8.83,14.20,23.09%,10.94%,-,14.06%,27.49%,78.25,1.39%,"189,983"
PHIO,11.97M,-,-,-,-,0.73,0.70,-,5.17%,37.45%,62.91%,-,-,1.03,3.00%,"107,322"
PHK,865.21M,9.10,-,-,9.27,0.99,-,-,-,-,-,-,-,4.64,-0.22%,"1,266,990"
PHM,23.73B,12.04,11.18,2.02,1.41,1.83,12.87,12.86,-10.30%,11.68%,16.53%,5.54%,9.42%,124.56,0.65%,"1,743,728"
PHO,-,-,-,-,-,-,-,-,-,-,-,-,-,68.76,-0.20%,"74,864"
PHOE,560.52M,7414.29,-,-,615.96,581.84,2802.60,-,-,-,-,-,-,25.95,25.36%,"351,046"
PHR,663.86M,72.18,16.58,0.10,1.34,1.85,8.89,9.41,902.56%,61.50%,-,168.43%,26.45%,10.74,-2.63%,"591,771"
PHUN,44.58M,-,-,-,18.50,0.47,0.46,-,-,-,53.17%,-,-23.90%,2.18,-2.24%,"156,367"
PHVS,2.40B,-,-,-,-,8.27,8.45,-,11.71%,10.29%,-21.68%,33.90%,-,34.42,-1.85%,"283,080"
PHYL,-,-,-,-,-,-,-,-,-,-,-,-,-,34.88,0.26%,"230,574"
PHYS,14.58B,-,-,-,-,-,-,-,-,-,-,-,-,30.58,1.39%,"2,615,753"
PI,4.40B,-,51.28,2.24,12.20,21.60,33.41,72.06,-10.82%,49.86%,30.45%,22.92%,21.05%,144.60,-0.97%,"247,707"
PICB,-,-,-,-,-,-,-,-,-,-,-,-,-,23.06,0.57%,"75,178"
PICK,-,-,-,-,-,-,-,-,-,-,-,-,-,58.37,3.20%,"850,801"
PICS,1.47B,6694.12,3.69,0.05,0.67,1.27,1.72,0.57,80.39%,104.21%,-,75.14%,-,11.38,-3.64%,"247,108"
PID,-,-,-,-,-,-,-,-,-,-,-,-,-,22.73,-0.04%,"31,888"
PIE,-,-,-,-,-,-,-,-,-,-,-,-,-,31.91,-0.31%,"25,749"
PIEL,-,-,-,-,-,-,-,-,-,-,-,-,-,28.55,0.95%,"2,386"
PIEQ,-,-,-,-,-,-,-,-,-,-,-,-,-,35.63,1.11%,"68,883"
PIFI,-,-,-,-,-,-,-,-,-,-,-,-,-,93.11,0.20%,"1,088"
PII,3.84B,-,21.28,-,0.53,5.12,13.62,17.29,18818.41%,69.43%,-,-,0.35%,67.50,0.85%,"601,084"
PIII,75.57M,-,-,-,0.05,-,2.90,-,81.34%,64.54%,-2.64%,-,24.33%,10.43,-0.38%,"10,385"
PILL,-,-,-,-,-,-,-,-,-,-,-,-,-,18.33,0.38%,"82,152"
PIM,152.74M,14.41,-,-,15.42,0.91,-,-,-,-,-,-,-,3.17,-0.31%,"121,774"
PINC,-,-,-,-,-,-,-,-,-,-,-,-,-,50.01,0.12%,6
PINE,340.58M,-,35.29,-,5.26,1.09,12.59,-,335.97%,12.51%,-,-,25.75%,20.61,1.28%,"108,332"
PINK,-,-,-,-,-,-,-,-,-,-,-,-,-,38.97,-0.28%,"105,488"
PINS,12.67B,46.89,10.10,0.64,2.90,4.55,9.75,10.49,18.49%,18.03%,-,15.82%,20.06%,22.61,0.04%,"8,484,443"
PIO,-,-,-,-,-,-,-,-,-,-,-,-,-,45.05,-0.21%,"2,255"
PIPE,-,-,-,-,-,-,-,-,-,-,-,-,-,30.86,0.89%,732
PIPR,5.32B,18.94,13.39,-,2.63,3.79,15.46,9.18,5.64%,19.42%,42.22%,-,8.74%,74.94,4.11%,"495,143"
PIT,-,-,-,-,-,-,-,-,-,-,-,-,-,71.61,1.69%,"169,922"
PIZ,-,-,-,-,-,-,-,-,-,-,-,-,-,53.48,1.74%,"111,658"
PJAN,-,-,-,-,-,-,-,-,-,-,-,-,-,49.78,0.26%,"107,244"
PJBF,-,-,-,-,-,-,-,-,-,-,-,-,-,67.67,0.00%,0
PJFG,-,-,-,-,-,-,-,-,-,-,-,-,-,117.19,1.05%,"1,785"
PJFM,-,-,-,-,-,-,-,-,-,-,-,-,-,67.82,0.54%,8
PJFV,-,-,-,-,-,-,-,-,-,-,-,-,-,99.22,0.85%,"10,127"
PJIO,-,-,-,-,-,-,-,-,-,-,-,-,-,63.44,1.17%,259
PJP,-,-,-,-,-,-,-,-,-,-,-,-,-,115.91,-1.44%,"220,950"
PJT,4.25B,37.72,19.17,1.74,2.35,15.65,10.96,6.92,6.96%,15.05%,8.69%,11.00%,10.24%,164.70,4.82%,"970,889"
PJUL,-,-,-,-,-,-,-,-,-,-,-,-,-,48.99,0.18%,"635,971"
PJUN,-,-,-,-,-,-,-,-,-,-,-,-,-,43.45,0.23%,"60,115"
PJUS,-,-,-,-,-,-,-,-,-,-,-,-,-,51.87,0.52%,9
PK,2.92B,-,25.45,-,1.15,0.94,15.35,41.07,132.15%,23.75%,25.27%,-,24.43%,14.48,2.12%,"3,086,888"
PKB,-,-,-,-,-,-,-,-,-,-,-,-,-,103.80,1.60%,"18,018"
PKBK,383.72M,9.34,-,-,2.58,1.14,-,8.48,-,-,5.89%,-,10.42%,32.71,-0.76%,"73,755"
PKE,699.83M,59.94,-,-,9.55,5.39,7.83,73.98,16.61%,-,18.73%,19.68%,9.64%,33.52,0.33%,"208,638"
PKG,20.11B,27.46,17.62,1.57,2.18,4.38,37.00,28.65,5.34%,23.62%,12.11%,11.21%,6.19%,225.76,-0.04%,"408,483"
PKOH,531.15M,21.13,10.84,-,0.33,1.40,11.37,1770.51,13.83%,10.74%,-,-,4.31%,36.89,0.85%,"50,419"
PKW,-,-,-,-,-,-,-,-,-,-,-,-,-,142.31,-1.04%,"13,012"
PKX,15.61B,26.87,10.16,0.17,0.32,0.42,2.92,-,183.22%,25.87%,-18.57%,60.80%,-0.15%,51.61,0.76%,"507,697"
PL,9.11B,-,-,-,27.14,20.53,12.45,195.70,-147.44%,78.17%,22.92%,-,22.15%,25.56,-1.54%,"5,309,930"
PLA,-,-,-,-,-,-,-,-,-,-,-,-,-,24.56,1.02%,"1,159"
PLAB,1.74B,10.79,14.59,5.03,2.02,1.38,2.73,18.04,-7.46%,8.60%,34.53%,2.90%,6.85%,29.47,3.19%,"885,440"
PLAG,26.62M,-,-,-,3.11,-,4.87,8.53,-,-,21.08%,-,-3.53%,1.87,-0.53%,678
PLAY,331.89M,-,-,-,0.16,3.33,16.93,-,39.91%,75.63%,21.63%,15.32%,36.95%,9.54,-5.07%,"2,177,131"
PLBC,406.38M,12.35,10.11,-,3.53,1.53,-,17.81,22.13%,2.49%,10.43%,-,17.37%,58.32,-0.15%,"87,062"
PLBL,2.86B,-,-,-,-,-,-,-,-,-,-,-,-,7.81,7.72%,"469,655"
PLBY,135.68M,-,19.50,-,1.11,4.03,4.48,-,97.44%,1900.18%,11.84%,-,-3.92%,1.17,0.00%,"422,451"
PLCE,66.82M,-,-,-,0.06,-,13.98,-,-25.76%,55.98%,16.02%,-,-4.51%,3.01,0.50%,"189,151"
PLCIU,-,-,-,-,-,-,-,-,-,-,-,-,-,-,-,0
PLD,135.65B,35.89,40.56,20.59,15.16,2.49,157.53,31.89,-6.37%,5.40%,12.73%,1.97%,14.64%,142.49,0.23%,"3,588,437"
PLG,164.88M,-,-,-,-,2.28,3.69,-,-100.00%,12.50%,17.97%,-,-,1.30,0.78%,"1,018,205"
PLGI,-,-,-,-,-,-,-,-,-,-,-,-,-,24.76,0.20%,"1,304"
PLGO,2.16B,6.74,6.14,0.18,0.88,0.96,-,7.25,86.32%,14.87%,14.36%,33.73%,26.40%,25.23,-0.47%,"266,422"
PLMK,264.24M,43.55,-,-,-,1.51,2936.03,-,-,-,-,-,-,10.90,-3.54%,"2,811"
PLMR,3.61B,18.94,12.27,0.77,3.68,3.76,-,9.52,25.03%,12.86%,96.55%,15.88%,39.05%,136.07,-2.51%,"289,877"
PLNT,4.04B,18.39,14.14,1.37,2.92,-,7.29,15.21,4.22%,12.50%,-,10.31%,26.63%,50.90,0.79%,"1,688,237"
PLOW,1.01B,19.56,13.98,0.83,1.48,3.60,193.82,15.99,29.58%,7.24%,-,16.81%,6.44%,43.50,0.97%,"342,128"
PLPC,1.69B,49.78,30.64,2.17,2.43,3.57,24.35,48.71,12.07%,15.79%,3.61%,14.12%,7.49%,345.92,1.73%,"57,949"
PLRX,67.49M,-,-,-,-,0.41,0.39,-,42.64%,31.26%,-15.81%,30.12%,-,1.09,-4.39%,"2,638,754"
PLRZ,28.66M,-,-,-,-,1.05,2.34,-,-,-,39.74%,-,-,13.76,-0.76%,"113,043"
PLSE,1.76B,-,-,-,2349.44,26.20,25.79,-,-51.54%,-4.96%,12.82%,-6.05%,-,25.46,-1.66%,"219,459"
PLSM,25.29M,-,-,-,2.11,0.97,1.16,-,-,-,-1.94%,-,-,3.89,7.46%,"817,174"
PLTA,-,-,-,-,-,-,-,-,-,-,-,-,-,12.53,5.65%,"94,128"
PLTD,-,-,-,-,-,-,-,-,-,-,-,-,-,7.67,-2.79%,"48,847,383"
PLTG,-,-,-,-,-,-,-,-,-,-,-,-,-,11.65,5.62%,"432,383"
PLTK,1.50B,-,5.67,-,0.54,-,1.92,2.62,177.89%,62.35%,-,-,3.05%,3.94,-4.14%,"1,515,172"
PLTL,-,-,-,-,-,-,-,-,-,-,-,-,-,38.27,6.09%,"6,663"
PLTM,-,-,-,-,-,-,-,-,-,-,-,-,-,15.64,1.71%,"107,955"
PLTR,320.57B,150.65,64.15,1.07,61.36,37.94,39.89,119.25,94.33%,43.02%,-,59.78%,32.58%,133.72,2.83%,"49,963,655"
PLTU,-,-,-,-,-,-,-,-,-,-,-,-,-,32.65,5.63%,"2,735,033"
PLTW,-,-,-,-,-,-,-,-,-,-,-,-,-,19.10,3.57%,"236,443"
PLTY,-,-,-,-,-,-,-,-,-,-,-,-,-,31.36,2.15%,"134,380"
PLTZ,-,-,-,-,-,-,-,-,-,-,-,-,-,26.59,-5.58%,"860,068"
PLU,-,-,-,-,-,-,-,-,-,-,-,-,-,13.02,-3.41%,"79,816"
PLUG,3.17B,-,-,-,4.28,4.22,7.78,-,75.99%,51.63%,3.27%,56.93%,18.29%,2.27,4.61%,"42,871,675"
PLUL,-,-,-,-,-,-,-,-,-,-,-,-,-,9.33,9.07%,"17,327"
PLUN,142.59M,-,-,-,-,-,14259.00,-,-,-,-,-,-,10.00,0.00%,170
PLUR,18.13M,-,-,-,16.79,-,1.90,-,-,-,22.58%,-,125.33%,1.68,3.07%,"72,650"
PLUS,2.29B,17.90,14.97,-,0.94,2.15,5.57,-,1.02%,7.44%,11.99%,-,9.47%,87.56,-2.71%,"309,884"
PLUT,45.90M,-,-,-,-,-,-,-,-,-,-,-,-,2.99,-0.33%,543
PLX,186.12M,12.60,46.20,-,2.44,2.77,3.59,14.32,343.75%,-74.36%,17.78%,-,-3.46%,2.31,-3.35%,"813,471"
PLXS,6.97B,38.05,27.47,2.34,1.62,4.68,22.98,91.92,10.34%,15.59%,9.78%,11.72%,3.53%,260.36,0.51%,"178,680"
PLYX,112.65M,-,-,-,-,43.01,36.57,-,15.00%,-64.71%,-,-,-,2.26,2.73%,"67,163"
PLYY,-,-,-,-,-,-,-,-,-,-,-,-,-,8.86,1.08%,"3,996"
PM,274.23B,24.78,19.33,2.00,6.62,-,50.13,25.71,10.67%,9.10%,7.09%,9.68%,7.15%,175.95,-2.35%,"4,625,709"
PMA,19.47M,-,-,-,6.10,-,243.34,-,-,-,-,-,52.95%,1.50,9.49%,"408,987"
PMAP,-,-,-,-,-,-,-,-,-,-,-,-,-,27.34,0.05%,6
PMAR,-,-,-,-,-,-,-,-,-,-,-,-,-,48.03,0.15%,"13,541"
PMAU,-,-,-,-,-,-,-,-,-,-,-,-,-,26.69,0.04%,6
PMAX,2.77M,-,-,-,0.45,0.01,3.15,-,-,-,-,-,-,1.62,-2.12%,"18,098"
PMAY,-,-,-,-,-,-,-,-,-,-,-,-,-,41.55,0.36%,"27,209"
PMBS,-,-,-,-,-,-,-,-,-,-,-,-,-,48.96,0.40%,"68,904"
PMCB,7.40M,-,-,-,-,0.19,0.36,-,-,-,-,-,-,0.69,4.42%,"69,213"
PMDE,-,-,-,-,-,-,-,-,-,-,-,-,-,25.91,0.06%,715
PMEC,22.36M,-,-,-,0.30,1.52,3.92,-,-,-,-,-,9.25%,0.58,-5.95%,"2,814"
PMFB,-,-,-,-,-,-,-,-,-,-,-,-,-,27.35,0.05%,6
PMI,12.93M,-,-,-,2.36,-,107.74,-,77.33%,47.06%,-,-,-,0.14,-1.75%,"382,785,090"
PMIO,-,-,-,-,-,-,-,-,-,-,-,-,-,50.97,0.09%,"3,272"
PMJA,-,-,-,-,-,-,-,-,-,-,-,-,-,27.50,0.05%,7
PMJL,-,-,-,-,-,-,-,-,-,-,-,-,-,26.70,0.04%,"2,804"
PMJN,-,-,-,-,-,-,-,-,-,-,-,-,-,26.73,0.07%,"3,739"
PML,947.28M,755.00,-,-,15.17,0.93,-,-,-,-,-,-,-,7.55,0.40%,"255,260"
PMM,280.56M,11.91,-,-,14.22,0.98,-,-,-,-,-,-,-,6.55,1.08%,"54,679"
PMMF,-,-,-,-,-,-,-,-,-,-,-,-,-,100.31,0.00%,"185,181"
PMMR,-,-,-,-,-,-,-,-,-,-,-,-,-,27.16,0.11%,6
PMMY,-,-,-,-,-,-,-,-,-,-,-,-,-,26.84,0.09%,6
PMN,29.40M,-,-,-,-,2.02,0.46,-,76.36%,26.67%,-0.39%,44.96%,-,13.66,6.72%,"132,377"
PMNV,-,-,-,-,-,-,-,-,-,-,-,-,-,26.04,0.08%,6
PMO,295.64M,12.69,-,-,13.70,0.95,-,-,-,-,-,-,-,10.79,1.03%,"36,506"
PMOC,-,-,-,-,-,-,-,-,-,-,-,-,-,26.13,0.02%,6
PMSE,-,-,-,-,-,-,-,-,-,-,-,-,-,26.41,0.04%,6
PMT,882.49M,8.74,6.76,0.41,0.49,0.67,2.20,-,20.59%,25.32%,29.31%,16.50%,3.52%,10.12,-0.59%,"1,411,508"
PMTR,320.71M,46.91,-,-,-,1.33,641.42,-,-,-,-,-,-,10.40,-0.45%,371
PMTS,215.28M,18.16,5.53,-,0.38,-,11.15,4.21,27.23%,24.36%,-2.67%,-,11.73%,18.76,-2.49%,"25,161"
PMVP,75.73M,-,-,-,-,0.86,0.81,-,9.46%,23.88%,-13.98%,20.99%,-,1.42,10.94%,"1,117,386"
PN,54.38M,-,-,-,6.19,1.84,33.78,1359.60,-,-,-,-,9.11%,3.80,-4.52%,"7,666"
PNBK,141.20M,-,-,-,2.31,1.56,-,-,-,-,29.80%,-,7.91%,1.20,5.26%,"464,044"
PNC,101.15B,14.62,11.85,0.96,2.92,1.75,-,10.74,12.33%,14.04%,-0.44%,12.35%,13.20%,251.88,-0.38%,"2,585,565"
PNFP,15.21B,13.94,8.64,0.51,3.62,1.10,-,9.07,22.03%,14.09%,14.90%,16.89%,20.59%,100.63,0.49%,"819,884"
PNI,78.91M,-,-,-,7.61,0.90,-,-,-,-,-,-,-,7.04,0.57%,"77,476"
PNNT,220.05M,15.93,5.99,-,1.51,0.50,4.91,1.88,-22.61%,2.36%,-,-16.05%,-2.50%,3.37,-1.46%,"703,392"
PNOV,-,-,-,-,-,-,-,-,-,-,-,-,-,44.62,0.22%,"531,845"
PNQI,-,-,-,-,-,-,-,-,-,-,-,-,-,48.23,-0.39%,"12,412"
PNR,12.23B,18.58,13.01,1.57,2.91,3.21,180.65,17.09,8.72%,8.79%,13.02%,8.26%,6.71%,75.68,-1.11%,"3,347,436"
PNRG,304.59M,21.01,32.35,-,1.71,1.40,15.72,9.58,-9.81%,-58.34%,-,-0.41%,28.80%,188.25,3.18%,"59,138"
PNTG,1.38B,46.52,24.87,1.53,1.35,3.99,281.54,33.87,14.77%,18.04%,9.97%,16.24%,19.37%,39.76,-0.25%,"305,333"
PNW,13.21B,20.34,19.63,2.92,2.42,1.87,1942.56,-,-5.86%,16.82%,0.73%,6.73%,8.28%,109.00,0.34%,"754,499"
POAS,7.25M,-,-,-,-,-,241.54,-,-,-,-,-,-,0.25,-1.41%,"60,551"
POCI,52.54M,-,-,-,1.82,2.61,4.92,-,-,-,-20.93%,-,13.98%,4.80,0.00%,"34,893"
POCT,-,-,-,-,-,-,-,-,-,-,-,-,-,46.64,0.17%,"39,103"
PODC,126.57M,-,56.13,-,2.05,6.73,36.06,52.09,123.33%,221.43%,7.03%,-,20.94%,4.21,0.48%,"124,368"
PODD,11.02B,37.04,19.76,0.74,3.80,8.46,22.94,26.51,30.27%,24.37%,102.14%,26.66%,24.53%,159.12,-1.81%,"1,942,227"
POEL,-,-,-,-,-,-,-,-,-,-,-,-,-,14.50,20.28%,"732,433"
POET,1.52B,-,-,-,1078.38,3.00,3.54,-,-90.36%,41.18%,-1.65%,-,-,8.81,10.13%,"13,671,734"
POLA,6.05M,-,-,-,0.96,2.53,201.52,-,-,-,12.57%,-,-6.94%,1.66,2.47%,"20,642"
POLE,317.82M,40.10,-,-,-,1.35,2118.83,-,-,-,-,-,-,10.77,-0.09%,"2,385"
POM,9.75M,-,-,-,-,-,-,-,-,-,-10.17%,-,22.15%,1.44,1.41%,"22,891"
PONO,172.35M,-,-,-,-,1.20,292.12,-,-,-,-,-,-,9.94,-0.35%,6
PONX,-,-,-,-,-,-,-,-,-,-,-,-,-,3.16,7.61%,"89,777"
PONY,2.46B,-,-,-,22.20,1.87,2.30,-,-79.67%,2.84%,16.69%,-3.42%,82.54%,6.95,3.89%,"2,839,146"
POOL,7.66B,19.33,17.50,2.52,1.43,6.76,118.76,24.48,3.18%,8.42%,3.86%,6.95%,6.09%,210.07,-0.36%,"458,447"
POR,6.14B,23.70,14.88,2.02,1.84,1.49,767.87,93.08,11.19%,5.17%,9.83%,7.38%,10.15%,53.08,0.06%,"965,919"
POST,3.86B,14.32,9.80,0.92,0.46,1.21,14.21,7.46,6.70%,12.62%,244.23%,10.64%,7.44%,85.12,-1.82%,"815,288"
POW,-,-,-,-,-,-,-,-,-,-,-,-,-,27.85,1.90%,"26,909"
POWA,-,-,-,-,-,-,-,-,-,-,-,-,-,88.61,-0.67%,"6,003"
POWI,3.94B,237.69,38.08,1.32,8.83,5.86,15.33,46.65,6.72%,39.28%,-19.63%,28.79%,-1.91%,70.76,1.90%,"838,201"
POWL,8.53B,45.78,35.67,2.10,7.54,12.04,15.66,44.33,10.30%,20.21%,59.82%,17.02%,16.32%,234.25,3.81%,"747,667"
POWR,-,-,-,-,-,-,-,-,-,-,-,-,-,27.07,0.93%,"196,825"
POWW,277.63M,-,239.00,-,5.43,1.19,4.08,-,140.00%,-50.00%,16.88%,-,-3.93%,2.39,0.42%,"608,459"
PPA,-,-,-,-,-,-,-,-,-,-,-,-,-,171.70,0.18%,"135,738"
PPBT,2.28M,-,-,-,-,0.13,0.36,-,90.34%,83.43%,29.92%,86.03%,-,1.41,-7.24%,"54,926"
PPC,6.71B,7.58,8.68,-,0.36,1.80,12.38,12.48,-43.74%,11.72%,63.80%,-12.19%,8.88%,28.22,-1.02%,"1,413,071"
PPCB,3.72M,-,-,-,-,0.15,8.45,-,-,-,98.33%,-,-,1.63,1.87%,"96,815"
PPG,25.56B,16.43,13.31,1.72,1.59,3.15,15.74,20.83,3.98%,9.29%,9.22%,7.73%,2.79%,114.66,0.72%,"1,494,121"
PPH,-,-,-,-,-,-,-,-,-,-,-,-,-,106.78,-1.84%,"96,195"
PPHC,240.96M,-,6.35,-,1.45,2.18,5.62,14.67,-13.02%,7.00%,-165.77%,-0.87%,19.21%,8.21,-2.26%,"161,995"
PPI,-,-,-,-,-,-,-,-,-,-,-,-,-,21.07,0.71%,"45,331"
PPIH,204.29M,14.84,9.98,1.19,0.95,2.21,6.42,54.04,0.96%,19.43%,-,8.37%,20.02%,25.14,1.78%,"67,344"
PPL,27.16B,22.20,17.05,2.08,2.92,1.81,21.71,-,7.83%,8.47%,-3.63%,8.18%,10.56%,36.10,0.08%,"6,749,966"
PPLI,3.37B,33.47,44.36,-,1.50,0.74,3.03,59.27,43.57%,239.19%,-,-,-2.84%,45.30,-1.29%,"543,336"
PPLT,-,-,-,-,-,-,-,-,-,-,-,-,-,14.78,1.79%,"1,167,998"
PPSI,38.50M,-,-,-,1.53,1.44,2.84,-,19.83%,74.19%,-11.16%,-,7.23%,3.47,-2.80%,"56,940"
PPT,327.80M,11.06,-,-,15.67,0.91,-,-,-,-,-,-,-,3.43,0.00%,"113,534"
PPTA,2.38B,-,-,-,-,2.91,3.55,-,13.33%,42.84%,30.08%,-,-,18.99,1.77%,"1,015,181"
PPTY,-,-,-,-,-,-,-,-,-,-,-,-,-,34.53,-0.16%,"6,464"
PQAP,-,-,-,-,-,-,-,-,-,-,-,-,-,32.01,0.44%,849
PQDI,-,-,-,-,-,-,-,-,-,-,-,-,-,19.32,-0.10%,"15,383"
PQJA,-,-,-,-,-,-,-,-,-,-,-,-,-,31.68,0.46%,868
PQJL,-,-,-,-,-,-,-,-,-,-,-,-,-,30.84,0.85%,444
PQNT,-,-,-,-,-,-,-,-,-,-,-,-,-,22.74,0.99%,21
PQOC,-,-,-,-,-,-,-,-,-,-,-,-,-,31.30,0.45%,508
PQUS,-,-,-,-,-,-,-,-,-,-,-,-,-,27.92,0.41%,"15,582"
PQV,-,-,-,-,-,-,-,-,-,-,-,-,-,25.17,0.32%,46
PQX,-,-,-,-,-,-,-,-,-,-,-,-,-,25.14,0.18%,"1,215"
PQXV,-,-,-,-,-,-,-,-,-,-,-,-,-,25.12,0.15%,6
PQXX,-,-,-,-,-,-,-,-,-,-,-,-,-,25.10,0.12%,6
PR,16.40B,22.79,9.48,0.53,3.23,1.45,96.04,48.61,25.04%,29.16%,-,17.96%,54.23%,19.59,-0.15%,"13,079,058"
PRAA,685.01M,-,6.36,-,0.53,0.68,3.68,-,132.28%,12.33%,-,-,3.40%,17.96,-1.80%,"280,856"
PRAB,-,-,-,-,-,-,-,-,-,-,-,-,-,24.92,0.06%,78
PRAE,-,-,-,-,-,-,-,-,-,-,-,-,-,40.09,0.48%,"6,112"
PRAX,9.14B,-,-,-,-,6.47,11.61,-,-13.18%,31.81%,13.34%,-,-,327.68,4.17%,"374,664"
PRAY,-,-,-,-,-,-,-,-,-,-,-,-,-,35.36,0.55%,"1,461"
PRCH,1.50B,-,66.38,-,3.12,-,19.67,16.71,-42.86%,583.34%,56.28%,-,46.17%,13.75,2.54%,"2,014,562"
PRCS,-,-,-,-,-,-,-,-,-,-,-,-,-,28.58,0.16%,"10,192"
PRCT,1.10B,-,-,-,3.41,3.16,4.47,-,10.60%,41.86%,-7.02%,29.63%,109.04%,19.31,-9.00%,"1,890,452"
PRDO,2.28B,13.89,11.53,-,2.66,2.28,3.35,10.31,20.66%,7.88%,6.75%,-,4.24%,36.32,-0.63%,"556,828"
PRE,357.44M,-,-,-,3.22,2.93,3.37,-,13.93%,81.61%,34.71%,-,-23.93%,21.24,13.70%,"802,606"
PREF,-,-,-,-,-,-,-,-,-,-,-,-,-,18.93,-0.03%,"314,067"
PRF,-,-,-,-,-,-,-,-,-,-,-,-,-,54.41,-0.09%,"363,019"
PRFD,-,-,-,-,-,-,-,-,-,-,-,-,-,50.90,0.19%,"4,038"
PRFX,3.74M,-,-,-,186.98,0.12,0.90,-,-,-,55.23%,-,-,1.23,-0.81%,"77,927"
PRFZ,-,-,-,-,-,-,-,-,-,-,-,-,-,54.35,0.33%,"93,438"
PRG,1.81B,12.39,8.48,0.44,0.72,2.34,22.78,6.34,32.54%,14.62%,-,19.10%,-0.61%,45.21,1.30%,"384,588"
PRGO,1.37B,-,4.18,-,0.33,0.55,3.83,12.72,-23.02%,11.77%,-53.83%,-0.92%,0.80%,9.90,-2.65%,"2,635,046"
PRGS,1.54B,18.10,5.97,1.80,1.53,3.06,14.93,5.14,7.75%,1.82%,-1.14%,3.32%,17.20%,37.48,-1.96%,"655,668"
PRHI,20.68M,-,-,-,0.53,0.82,-,-,-,-,-,-,-15.95%,5.52,2.41%,"2,236"
PRI,9.56B,12.85,11.48,1.37,2.80,3.81,-,11.12,7.44%,8.49%,19.08%,8.35%,8.05%,306.66,-1.15%,"173,843"
PRIM,4.81B,19.57,16.32,3.07,0.64,2.85,13.10,29.23,-60.71%,146.03%,18.37%,5.32%,16.75%,88.63,4.00%,"1,343,558"
PRIV,-,-,-,-,-,-,-,-,-,-,-,-,-,24.91,0.24%,"41,526"
PRIZ,-,-,-,-,-,-,-,-,-,-,-,-,-,25.11,-0.04%,"61,237"
PRK,3.32B,16.81,14.42,-,4.77,1.95,-,16.06,10.10%,2.54%,7.35%,-,6.57%,183.37,-1.28%,"70,381"
PRKS,2.21B,17.71,11.51,1.07,1.34,-,76.35,11.57,15.08%,15.64%,-,10.73%,30.95%,46.88,0.17%,"397,709"
PRLB,1.83B,72.34,34.74,-,3.35,2.68,13.44,32.40,21.79%,9.61%,-14.26%,-,4.18%,76.98,3.02%,"210,324"
PRLD,349.65M,-,-,-,20.91,4.60,4.29,-,50.00%,4.91%,0.15%,62.14%,-,4.39,-1.13%,"325,465"
PRM,5.44B,-,17.41,1.12,7.70,4.51,59.33,53.60,25.76%,13.58%,-,15.55%,13.97%,33.32,1.37%,"1,111,386"
PRMB,8.77B,153.56,16.35,1.76,1.31,2.97,30.43,25.97,-3.51%,15.23%,-,9.29%,27.82%,24.17,1.60%,"1,886,195"
PRME,626.74M,-,-,-,155.52,8.17,4.63,-,26.15%,11.80%,-91.28%,16.03%,-2.32%,3.47,-1.28%,"3,513,239"
PRMR,-,-,-,-,-,-,-,-,-,-,-,-,-,28.27,0.44%,"7,069"
PRN,-,-,-,-,-,-,-,-,-,-,-,-,-,229.00,2.04%,"34,826"
PRNT,-,-,-,-,-,-,-,-,-,-,-,-,-,24.12,-0.18%,"6,335"
PROF,258.01M,-,-,-,13.72,4.34,5.13,-,40.14%,10.90%,-2.41%,-,17.12%,7.10,-0.70%,"67,140"
PROK,468.20M,-,-,-,526.06,-,2.08,-,-23.95%,-2.89%,12.93%,10.52%,-,1.55,-3.73%,"1,831,536"
PROP,71.84M,-,0.91,-,0.23,156.91,276.30,35.21,149.26%,22.11%,39.42%,-,257.76%,0.74,-4.79%,"935,798"
PROV,107.44M,18.51,14.62,2.86,1.81,0.86,-,14.52,11.29%,13.53%,-1.83%,5.11%,5.07%,17.18,0.35%,"5,310"
PRPL,34.12M,-,-,-,0.07,-,1.37,-,17.10%,23.17%,39.84%,32.80%,-6.29%,0.31,-4.49%,"241,275"
PRPO,41.47M,-,-,-,1.61,2.92,15.95,74.05,-,-,57.83%,-,31.60%,23.20,-3.33%,"100,840"
PRQR,234.75M,-,-,-,15.12,4.13,2.51,-,-14.56%,-9.31%,15.68%,4.77%,-,1.70,0.00%,"1,044,672"
PRSD,-,-,-,-,-,-,-,-,-,-,-,-,-,24.91,0.08%,"7,676"
PRSO,11.48M,-,-,-,1.24,2.09,4.30,-,-1.67%,49.18%,65.81%,-,6.05%,0.76,0.66%,"300,447"
PRSU,1.42B,49.48,27.94,0.69,3.03,2.26,41.03,-,104.38%,13.46%,-,40.74%,1.72%,51.82,-2.15%,"206,499"
PRT,27.13M,7.43,-,-,5.98,1.03,26.08,-,-,-,19.80%,-,11.96%,2.23,-0.89%,"41,785"
PRTA,452.33M,-,-,-,7.81,1.47,1.37,-,101.03%,-2307.13%,-10.24%,-,62.56%,8.64,-2.15%,"530,318"
PRTH,588.01M,10.16,5.70,0.60,0.60,-,5.42,30.83,8.50%,12.08%,12.37%,9.44%,18.71%,7.14,0.14%,"242,380"
PRTO,-,-,-,-,-,-,-,-,-,-,-,-,-,27.40,0.65%,406
PRTS,47.74M,-,-,-,0.09,0.76,1.26,-,61.59%,11.11%,-85.61%,-,4.29%,5.89,4.15%,"13,508"
PRU,39.83B,11.80,7.83,2.32,0.63,1.25,-,4.07,-4.75%,6.70%,-,3.37%,1.28%,114.79,-1.19%,"1,347,520"
PRVA,3.53B,167.04,69.02,1.40,1.57,4.68,8.42,25.83,35.83%,66.11%,-9.67%,49.15%,21.04%,28.03,0.50%,"1,110,161"
PRVS,-,-,-,-,-,-,-,-,-,-,-,-,-,32.50,0.24%,"4,250"
PRVT,-,-,-,-,-,-,-,-,-,-,-,-,-,20.64,1.32%,517
PRXG,-,-,-,-,-,-,-,-,-,-,-,-,-,39.42,0.88%,329
PRXI,-,-,-,-,-,-,-,-,-,-,-,-,-,24.94,0.68%,8
PRXV,-,-,-,-,-,-,-,-,-,-,-,-,-,35.14,-0.16%,586
PRZO,12.97M,-,-,-,41.83,9.93,9.90,-,-,-,1.35%,-,6.48%,0.50,1.30%,"309,627"
PS,14.15B,-,38.43,1.40,-,16.88,301.28,-,25.54%,26.40%,-,27.48%,-,35.37,3.60%,"166,878"
PSA,56.00B,32.92,32.17,6.00,11.53,11.49,416.00,19.48,12.28%,-1.99%,7.46%,5.36%,10.60%,318.93,-0.91%,"1,327,894"
PSAI,-,-,-,-,-,-,-,-,-,-,-,-,-,28.04,0.54%,572
PSBD,317.74M,-,7.28,-,3.13,0.77,7.42,7.23,52.53%,3056.21%,-,-,35.38%,10.21,0.89%,"127,308"
PSC,-,-,-,-,-,-,-,-,-,-,-,-,-,68.27,0.45%,"97,369"
PSCC,-,-,-,-,-,-,-,-,-,-,-,-,-,36.19,-0.49%,"1,781"
PSCD,-,-,-,-,-,-,-,-,-,-,-,-,-,116.87,-0.08%,295
PSCE,-,-,-,-,-,-,-,-,-,-,-,-,-,57.48,0.68%,"18,008"
PSCF,-,-,-,-,-,-,-,-,-,-,-,-,-,66.02,0.57%,"4,140"
PSCH,-,-,-,-,-,-,-,-,-,-,-,-,-,52.86,-0.94%,"13,007"
PSCI,-,-,-,-,-,-,-,-,-,-,-,-,-,178.46,0.98%,"4,408"
PSCJ,-,-,-,-,-,-,-,-,-,-,-,-,-,31.81,0.32%,924
PSCM,-,-,-,-,-,-,-,-,-,-,-,-,-,98.08,0.76%,460
PSCQ,-,-,-,-,-,-,-,-,-,-,-,-,-,31.40,0.20%,8
PSCT,-,-,-,-,-,-,-,-,-,-,-,-,-,82.58,1.10%,"20,111"
PSCU,-,-,-,-,-,-,-,-,-,-,-,-,-,64.06,-0.56%,148
PSCW,-,-,-,-,-,-,-,-,-,-,-,-,-,30.13,0.17%,6
PSCX,-,-,-,-,-,-,-,-,-,-,-,-,-,32.82,0.23%,26
PSDM,-,-,-,-,-,-,-,-,-,-,-,-,-,50.90,0.16%,"64,499"
PSEC,1.14B,-,6.43,-,9.53,0.38,32.88,4.86,-39.94%,-23.65%,-98.19%,-25.37%,-20.09%,2.27,0.89%,"4,183,848"
PSEP,-,-,-,-,-,-,-,-,-,-,-,-,-,46.26,0.11%,"10,232"
PSET,-,-,-,-,-,-,-,-,-,-,-,-,-,76.97,0.18%,"1,212"
PSF,240.92M,9.58,-,-,-,-,-,-,-,-,-,-,-,20.03,-0.05%,"26,250"
PSFD,-,-,-,-,-,-,-,-,-,-,-,-,-,40.03,0.20%,"1,674"
PSFE,411.04M,-,3.19,0.15,0.24,0.67,1.60,1.72,11.80%,15.47%,-8.39%,21.73%,3.59%,8.02,-1.72%,"179,163"
PSFF,-,-,-,-,-,-,-,-,-,-,-,-,-,34.42,0.22%,"37,524"
PSFJ,-,-,-,-,-,-,-,-,-,-,-,-,-,35.25,0.31%,"8,583"
PSFM,-,-,-,-,-,-,-,-,-,-,-,-,-,35.01,0.23%,6
PSFO,-,-,-,-,-,-,-,-,-,-,-,-,-,34.84,0.19%,617
PSH,-,-,-,-,-,-,-,-,-,-,-,-,-,49.86,0.12%,"31,697"
PSHG,20.76M,1.38,2.17,-,0.21,0.06,0.16,-,0.78%,-40.31%,-40.05%,-8.48%,14.89%,1.67,0.60%,"24,794"
PSI,-,-,-,-,-,-,-,-,-,-,-,-,-,157.90,4.10%,"199,420"
PSIG,17.68M,-,-,-,0.33,-,1.10,-,-,-,-289.18%,-,-,1.15,-8.73%,"696,101"
PSIL,-,-,-,-,-,-,-,-,-,-,-,-,-,23.73,2.15%,"27,012"
PSIX,752.13M,7.36,8.51,1.43,1.05,4.05,15.18,30.30,-52.21%,61.13%,-,5.93%,11.58%,32.63,1.40%,"388,969"
PSK,-,-,-,-,-,-,-,-,-,-,-,-,-,30.41,0.08%,"66,013"
PSKY,10.21B,-,11.19,0.28,0.35,0.87,5.26,31.31,47.21%,31.85%,-,39.80%,2.70%,9.12,-4.50%,"7,986,486"
PSL,-,-,-,-,-,-,-,-,-,-,-,-,-,113.92,-0.93%,70
PSLV,11.98B,-,-,-,-,-,-,-,-,-,-,-,-,18.85,1.67%,"4,385,615"
PSMD,-,-,-,-,-,-,-,-,-,-,-,-,-,34.48,0.22%,112
PSMJ,-,-,-,-,-,-,-,-,-,-,-,-,-,33.94,0.29%,"2,390"
PSMO,-,-,-,-,-,-,-,-,-,-,-,-,-,32.71,0.17%,29
PSMR,-,-,-,-,-,-,-,-,-,-,-,-,-,32.31,0.16%,127
PSMT,6.00B,37.39,30.33,1.53,1.06,4.31,18.06,81.44,15.35%,15.38%,13.55%,19.80%,9.62%,194.56,1.79%,"242,873"
PSN,5.78B,25.85,14.64,1.37,0.92,2.18,20.36,13.86,3.77%,12.21%,17.69%,10.66%,10.18%,54.03,-1.51%,"772,570"
PSNL,1.57B,-,-,-,24.39,6.18,6.75,-,-12.56%,11.85%,2.91%,6.03%,-2.40%,15.03,-0.07%,"3,497,655"
PSNY,2.20B,-,-,-,0.72,-,1.87,-,58.66%,34.47%,-,40.68%,38.04%,15.31,-14.99%,"380,022"
PSO,9.92B,25.03,15.76,1.44,2.10,2.24,22.14,7.83,10.74%,11.06%,5.19%,10.91%,1.59%,16.57,-5.91%,"3,037,390"
PSP,-,-,-,-,-,-,-,-,-,-,-,-,-,57.88,0.57%,"11,990"
PSQ,-,-,-,-,-,-,-,-,-,-,-,-,-,25.63,-1.16%,"7,704,892"
PSQA,-,-,-,-,-,-,-,-,-,-,-,-,-,20.51,-0.15%,"30,180"
PSQH,12.90M,-,-,-,0.48,1.51,0.70,-,40.74%,25.00%,-,-,-,3.64,-24.48%,"228,015"
PSQO,-,-,-,-,-,-,-,-,-,-,-,-,-,20.74,0.24%,"21,958"
PSR,-,-,-,-,-,-,-,-,-,-,-,-,-,104.30,-0.06%,"1,434"
PST,-,-,-,-,-,-,-,-,-,-,-,-,-,23.20,-0.64%,"8,982"
PSTL,787.20M,46.20,36.12,3.03,7.82,2.25,282.15,21.13,30.18%,7.69%,-,11.92%,31.53%,23.80,-0.21%,"242,675"
PSTP,-,-,-,-,-,-,-,-,-,-,-,-,-,36.99,0.43%,"12,905"
PSTR,-,-,-,-,-,-,-,-,-,-,-,-,-,30.77,-0.22%,"3,670"
PSTV,29.46M,-,-,-,5.69,1.99,1.95,-,45.10%,40.70%,59.95%,64.84%,76.66%,4.28,2.64%,"370,991"
PSUS,3.73B,-,5.34,-,-,-,-,-,-,243.84%,-,-,-,37.29,-0.40%,"361,702"
PSWD,-,-,-,-,-,-,-,-,-,-,-,-,-,44.83,4.67%,665
PSX,80.77B,19.83,11.19,0.30,0.59,2.83,15.68,678.73,202.15%,-7.51%,-,37.53%,15.72%,201.45,1.59%,"2,853,349"
PTA,1.06B,8.06,-,-,-,-,-,-,-,-,-,-,-,19.18,-0.83%,"147,125"
PTAC,217.05M,-,-,-,-,-,-,-,-,-,-,-,-,9.92,-0.70%,405
PTBD,-,-,-,-,-,-,-,-,-,-,-,-,-,19.10,0.18%,"7,683"
PTC,14.15B,11.69,14.24,2.04,4.72,3.67,32.18,15.26,0.55%,6.95%,40.15%,6.99%,13.44%,122.51,-2.32%,"1,278,993"
PTCT,6.48B,-,30.42,-,7.83,-,3.42,-,-93.17%,382.98%,-,-17.18%,35.37%,78.06,-4.02%,"1,619,044"
PTEN,3.74B,-,47.51,-,0.80,1.18,11.10,13.71,50.94%,289.64%,43.59%,-,33.83%,9.86,1.86%,"6,382,978"
PTEU,-,-,-,-,-,-,-,-,-,-,-,-,-,33.03,0.72%,"7,324"
PTF,-,-,-,-,-,-,-,-,-,-,-,-,-,113.12,3.71%,"185,502"
PTGX,8.44B,-,-,-,113.99,12.86,15.41,-,294.97%,-119.67%,-1.26%,-,9.96%,131.27,1.06%,"564,974"
PTH,-,-,-,-,-,-,-,-,-,-,-,-,-,59.30,1.02%,"11,827"
PTHS,88.29M,-,-,-,3.19,2.44,2.74,-,55.07%,83.89%,-82.26%,-,142.58%,25.40,-3.24%,"50,104"
PTIN,-,-,-,-,-,-,-,-,-,-,-,-,-,36.44,1.51%,"14,087"
PTIR,-,-,-,-,-,-,-,-,-,-,-,-,-,12.17,5.64%,"5,659,273"
PTL,-,-,-,-,-,-,-,-,-,-,-,-,-,282.64,0.64%,"14,005"
PTLC,-,-,-,-,-,-,-,-,-,-,-,-,-,58.64,0.39%,"121,994"
PTLE,63.12M,38.45,-,-,6.87,10.72,450.87,-,-,-,-,-,-,10.05,0.40%,"6,148"
PTLO,342.64M,20.42,18.70,1.62,0.46,0.69,14.28,-,-28.92%,25.94%,-,11.51%,9.96%,4.52,-4.84%,"1,056,255"
PTMC,-,-,-,-,-,-,-,-,-,-,-,-,-,40.98,0.45%,"18,101"
PTN,15.75M,-,-,-,1.22,1.48,1.55,-,93.50%,-10.69%,23.09%,53.79%,-,8.85,-7.04%,"17,828"
PTNQ,-,-,-,-,-,-,-,-,-,-,-,-,-,86.88,1.13%,"30,729"
PTNT,-,-,-,-,-,-,-,-,-,-,-,-,-,24.91,-2.49%,23
PTON,2.67B,137.19,20.44,-,1.09,-,2.37,6.65,144.46%,125.92%,1.21%,-,6.41%,6.16,1.32%,"7,143,163"
PTOR,339.91M,-,-,-,-,1.37,169.96,-,-,-,-,-,-,10.02,0.91%,"269,570"
PTRB,-,-,-,-,-,-,-,-,-,-,-,-,-,41.18,0.24%,"135,338"
PTRN,4.97B,-,39.79,-,1.82,8.14,14.43,-,140.97%,26.67%,-,-,-,28.08,-1.27%,"1,807,528"
PTY,2.50B,8.75,-,-,9.77,0.99,-,-,-,-,-,-,-,11.81,-1.09%,"1,473,484"
PUBM,635.81M,-,-,-,2.26,2.54,4.39,12.82,-18.02%,47.36%,-,-,13.72%,13.69,0.88%,"370,820"
PUI,-,-,-,-,-,-,-,-,-,-,-,-,-,47.34,0.03%,"4,759"
PUK,35.65B,9.31,9.88,0.60,1.28,1.80,-,16.49,22.82%,16.15%,13.46%,16.55%,-5.30%,28.59,0.67%,"776,561"
PUL,-,-,-,-,-,-,-,-,-,-,-,-,-,24.26,4.43%,"1,337"
PULM,5.92M,-,-,-,-,2.24,1.47,-,-,-,36.26%,-,-,1.62,-2.99%,"25,804"
PULS,-,-,-,-,-,-,-,-,-,-,-,-,-,49.61,0.02%,"2,622,624"
PUMP,1.69B,-,32.05,0.33,1.43,1.71,10.76,-,-74.75%,775.14%,-,98.10%,9.97%,13.75,4.32%,"2,983,610"
PUR,-,-,-,-,-,-,-,-,-,-,-,-,-,15.98,5.98%,"1,368"
PURR,1.44B,-,-,-,-,1.23,12.78,-,-,-,-,-,-,7.35,2.65%,"9,929,947"
PUSA,79.94M,-,-,-,25.70,1.80,2.13,-,-,-,-8.63%,-,23.34%,3.70,1.65%,"178,160"
PUSH,-,-,-,-,-,-,-,-,-,-,-,-,-,50.44,0.06%,"6,053"
PVAL,-,-,-,-,-,-,-,-,-,-,-,-,-,51.73,-0.27%,"1,679,843"
PVEX,-,-,-,-,-,-,-,-,-,-,-,-,-,30.68,0.36%,"10,131"
PVH,3.56B,24.50,6.19,0.78,0.40,0.73,6.01,6.47,5.51%,3.64%,-,7.93%,4.64%,77.19,-0.76%,"835,413"
PVI,-,-,-,-,-,-,-,-,-,-,-,-,-,24.84,0.36%,683
PVL,56.76M,11.50,-,-,8.48,1.49,17.79,-,-,-,-6.87%,-,-3.17%,1.72,0.00%,"37,622"
PVLA,2.15B,-,-,-,-,9.22,8.20,-,-48.88%,-16.45%,41.62%,12.81%,-,149.68,2.50%,"241,809"
PW,3.43M,-,-,-,1.71,-,1.68,15.60,-,-,-,-,-13.98%,9.35,0.32%,"15,813"
PWB,-,-,-,-,-,-,-,-,-,-,-,-,-,161.54,1.70%,"96,805"
PWER,-,-,-,-,-,-,-,-,-,-,-,-,-,40.90,1.15%,"1,088"
PWP,1.46B,63.95,10.98,0.30,2.12,-,18.54,15.17,33.82%,54.12%,-,36.51%,7.67%,15.40,3.29%,"591,633"
PWR,99.18B,90.68,40.33,1.84,3.29,10.97,269.55,58.96,30.27%,17.03%,17.25%,21.89%,20.52%,660.94,2.20%,"873,903"
PWRD,-,-,-,-,-,-,-,-,-,-,-,-,-,114.00,1.11%,"61,309"
PWRL,566.48M,-,-,-,-,-,-,-,-,-,-,-,-,13.10,0.38%,"263,055"
PWRZ,-,-,-,-,-,-,-,-,-,-,-,-,-,31.40,1.26%,653
PWS,-,-,-,-,-,-,-,-,-,-,-,-,-,32.57,0.22%,229
PWV,-,-,-,-,-,-,-,-,-,-,-,-,-,78.32,-0.33%,"104,983"
PWZ,-,-,-,-,-,-,-,-,-,-,-,-,-,24.42,0.04%,"99,700"
PXE,-,-,-,-,-,-,-,-,-,-,-,-,-,36.13,0.19%,"33,931"
PXED,1.24B,12.63,7.11,1.11,1.22,4.25,5.20,-,-2.07%,10.40%,-,6.41%,-,34.57,3.04%,"181,006"
PXF,-,-,-,-,-,-,-,-,-,-,-,-,-,76.05,1.12%,"53,101"
PXH,-,-,-,-,-,-,-,-,-,-,-,-,-,28.30,0.60%,"188,889"
PXI,-,-,-,-,-,-,-,-,-,-,-,-,-,58.78,1.24%,"4,729"
PXJ,-,-,-,-,-,-,-,-,-,-,-,-,-,41.41,1.15%,"23,370"
PXLW,38.18M,-,-,-,1.15,0.67,0.66,-,35.33%,-14.43%,12.19%,-,-55.75%,6.00,1.35%,"14,314"
PXS,43.68M,12.17,-,-,1.11,0.45,0.80,3.44,-,-,-,-,12.43%,4.27,1.18%,"5,746"
PY,-,-,-,-,-,-,-,-,-,-,-,-,-,55.16,-0.52%,"8,396"
PYLD,-,-,-,-,-,-,-,-,-,-,-,-,-,26.28,0.19%,"3,664,622"
PYPD,102.10M,-,-,-,-,11.68,9.20,-,31.71%,12.14%,14.14%,-,-,5.35,6.15%,"222,673"
PYPG,-,-,-,-,-,-,-,-,-,-,-,-,-,6.11,-1.45%,"438,571"
PYPL,41.79B,8.89,8.24,1.45,1.23,2.11,4.47,7.59,0.00%,8.21%,8.84%,5.69%,9.24%,47.37,-0.59%,"9,416,032"
PYPU,-,-,-,-,-,-,-,-,-,-,-,-,-,26.63,-1.42%,"5,801"
PYPY,-,-,-,-,-,-,-,-,-,-,-,-,-,26.27,-0.87%,"2,690"
PYXS,145.09M,-,-,-,10.47,4.60,3.41,-,4.39%,1.53%,-27.93%,2.26%,-,2.29,-6.15%,"1,081,265"
PYZ,-,-,-,-,-,-,-,-,-,-,-,-,-,120.88,1.26%,"1,642"
PZA,-,-,-,-,-,-,-,-,-,-,-,-,-,23.42,0.09%,"887,273"
PZG,105.52M,-,-,-,-,2.99,8.31,-,-,-,10.55%,-15.44%,-,1.23,8.85%,"546,575"
PZIV,-,-,-,-,-,-,-,-,-,-,-,-,-,28.86,0.35%,"1,518"
PZLV,-,-,-,-,-,-,-,-,-,-,-,-,-,29.10,-1.21%,775
PZT,-,-,-,-,-,-,-,-,-,-,-,-,-,22.60,0.30%,"29,289"
PZZA,1.09B,39.86,19.28,1.62,0.54,-,27.98,41.76,2.42%,17.59%,-6.79%,11.87%,2.52%,33.20,-0.15%,"585,317"
Q,29.66B,45.69,29.18,1.76,5.99,4.13,34.61,33.03,24.08%,16.81%,-,16.62%,-,141.67,0.49%,"1,567,694"
QABA,-,-,-,-,-,-,-,-,-,-,-,-,-,67.25,-0.17%,"6,349"
QADR,249.00M,-,-,-,-,1.29,200.81,-,-,-,-,-,-,9.98,0.10%,258
QAI,-,-,-,-,-,-,-,-,-,-,-,-,-,36.28,0.30%,"29,953"
QALT,-,-,-,-,-,-,-,-,-,-,-,-,-,26.38,0.15%,"10,122"
QARP,-,-,-,-,-,-,-,-,-,-,-,-,-,65.65,-0.34%,982
QAT,-,-,-,-,-,-,-,-,-,-,-,-,-,17.81,0.30%,"2,398"
QB,-,-,-,-,-,-,-,-,-,-,-,-,-,47.50,0.47%,11
QBER,-,-,-,-,-,-,-,-,-,-,-,-,-,23.81,-0.19%,"6,094"
QBF,-,-,-,-,-,-,-,-,-,-,-,-,-,15.61,2.71%,"7,317"
QBIF,-,-,-,-,-,-,-,-,-,-,-,-,-,26.15,0.23%,"1,185"
QBIG,-,-,-,-,-,-,-,-,-,-,-,-,-,40.26,1.18%,"2,355"
QBIV,-,-,-,-,-,-,-,-,-,-,-,-,-,26.74,0.49%,16
QBKF,-,-,-,-,-,-,-,-,-,-,-,-,-,26.05,0.15%,199
QBKV,-,-,-,-,-,-,-,-,-,-,-,-,-,27.30,0.31%,16
QBQF,-,-,-,-,-,-,-,-,-,-,-,-,-,25.91,0.41%,"2,441"
QBQV,-,-,-,-,-,-,-,-,-,-,-,-,-,26.77,0.86%,"1,556"
QBSF,-,-,-,-,-,-,-,-,-,-,-,-,-,27.07,0.11%,"16,906"
QBSV,-,-,-,-,-,-,-,-,-,-,-,-,-,26.79,0.22%,"1,418"
QBTS,7.02B,-,-,-,564.30,6.29,11.93,-,-13.49%,-26.61%,-8.63%,-13.27%,-,18.95,1.55%,"15,675,481"
QBTX,-,-,-,-,-,-,-,-,-,-,-,-,-,9.12,2.47%,"1,632,457"
QBTZ,-,-,-,-,-,-,-,-,-,-,-,-,-,5.43,-3.38%,"1,598,906"
QBUF,-,-,-,-,-,-,-,-,-,-,-,-,-,30.64,0.53%,"59,414"
QBUL,-,-,-,-,-,-,-,-,-,-,-,-,-,24.15,0.08%,487
QBY,-,-,-,-,-,-,-,-,-,-,-,-,-,7.40,0.07%,"4,196"
QCAP,-,-,-,-,-,-,-,-,-,-,-,-,-,24.87,0.28%,"3,375"
QCJA,-,-,-,-,-,-,-,-,-,-,-,-,-,23.36,0.30%,"5,819"
QCJL,-,-,-,-,-,-,-,-,-,-,-,-,-,25.11,-0.02%,"6,476"
QCLN,-,-,-,-,-,-,-,-,-,-,-,-,-,54.90,2.48%,"93,767"
QCLR,-,-,-,-,-,-,-,-,-,-,-,-,-,28.41,0.60%,19
QCLS,27.10M,-,-,-,-,1.32,2.09,-,-,-,77.48%,-,-,3.45,0.58%,"90,750"
QCMD,-,-,-,-,-,-,-,-,-,-,-,-,-,17.06,3.25%,"30,544"
QCML,-,-,-,-,-,-,-,-,-,-,-,-,-,18.15,-6.01%,"770,038"
QCMU,-,-,-,-,-,-,-,-,-,-,-,-,-,22.57,-6.42%,"238,529"
QCOC,-,-,-,-,-,-,-,-,-,-,-,-,-,23.95,0.31%,"3,551"
QCOM,187.72B,19.37,16.22,4.48,4.22,6.91,19.16,15.01,-10.51%,2.02%,2.08%,3.62%,13.48%,178.10,-3.20%,"13,090,378"
QCRH,1.59B,12.05,11.06,-,2.59,1.41,-,22.24,6.86%,6.44%,14.56%,-,14.09%,96.07,-0.76%,"86,759"
QDEC,-,-,-,-,-,-,-,-,-,-,-,-,-,35.60,0.51%,"9,269"
QDEF,-,-,-,-,-,-,-,-,-,-,-,-,-,87.79,-0.09%,"2,342"
QDEL,1.20B,-,7.18,0.62,0.45,0.65,8.58,-,-12.52%,32.54%,-,11.58%,10.42%,17.66,-1.29%,"784,679"
QDF,-,-,-,-,-,-,-,-,-,-,-,-,-,90.14,0.26%,"23,075"
QDIV,-,-,-,-,-,-,-,-,-,-,-,-,-,37.86,-1.14%,925
QDPL,-,-,-,-,-,-,-,-,-,-,-,-,-,45.68,0.18%,"85,588"
QDTE,-,-,-,-,-,-,-,-,-,-,-,-,-,30.33,1.17%,"412,832"
QDTY,-,-,-,-,-,-,-,-,-,-,-,-,-,41.16,1.82%,"19,673"
QDVO,-,-,-,-,-,-,-,-,-,-,-,-,-,29.99,0.77%,"194,635"
QEFA,-,-,-,-,-,-,-,-,-,-,-,-,-,96.90,0.39%,"20,449"
QEMM,-,-,-,-,-,-,-,-,-,-,-,-,-,78.03,0.52%,"2,454"
QETA,43.38M,-,-,-,-,3.06,-,-,-,-,-,-,-,11.57,-1.41%,9
QETH,-,-,-,-,-,-,-,-,-,-,-,-,-,18.64,5.61%,"27,559"
QEW,-,-,-,-,-,-,-,-,-,-,-,-,-,29.56,0.04%,"14,873"
QFF,-,-,-,-,-,-,-,-,-,-,-,-,-,24.94,-,"7,208"
QFHD,-,-,-,-,-,-,-,-,-,-,-,-,-,26.97,-0.56%,216
QFIN,1.50B,2.27,2.82,-,0.58,0.42,0.99,-,-38.18%,8.16%,12.50%,-7.82%,6.34%,12.27,-4.14%,"2,183,580"
QFLR,-,-,-,-,-,-,-,-,-,-,-,-,-,36.12,0.95%,"36,466"
QFRD,-,-,-,-,-,-,-,-,-,-,-,-,-,28.33,0.49%,"2,518"
QGEN,8.56B,21.47,16.00,2.67,4.08,2.57,13.25,20.83,1.16%,7.87%,3.60%,6.00%,2.25%,41.56,0.29%,"2,204,260"
QGRD,-,-,-,-,-,-,-,-,-,-,-,-,-,29.86,0.84%,"6,974"
QGRO,-,-,-,-,-,-,-,-,-,-,-,-,-,116.89,0.38%,"42,143"
QGRW,-,-,-,-,-,-,-,-,-,-,-,-,-,66.23,0.93%,"144,221"
QH,0.84M,-,-,-,0.00,0.02,0.15,-,-,-,-,-,-1.24%,6.03,0.33%,"27,539"
QHDG,-,-,-,-,-,-,-,-,-,-,-,-,-,30.24,0.00%,0
QHY,-,-,-,-,-,-,-,-,-,-,-,-,-,45.90,0.30%,"18,098"
QID,-,-,-,-,-,-,-,-,-,-,-,-,-,14.15,-2.21%,"15,314,742"
QIDX,-,-,-,-,-,-,-,-,-,-,-,-,-,11.73,-0.23%,118
QIG,-,-,-,-,-,-,-,-,-,-,-,-,-,43.95,0.22%,593
QINT,-,-,-,-,-,-,-,-,-,-,-,-,-,69.86,0.97%,"35,155"
QIS,-,-,-,-,-,-,-,-,-,-,-,-,-,10.31,2.57%,"1,032"
QJL,-,-,-,-,-,-,-,-,-,-,-,-,-,25.02,1.01%,962
QJN,-,-,-,-,-,-,-,-,-,-,-,-,-,24.63,0.60%,"3,108"
QJUN,-,-,-,-,-,-,-,-,-,-,-,-,-,33.37,0.77%,"42,850"
QLC,-,-,-,-,-,-,-,-,-,-,-,-,-,90.81,0.46%,"102,861"
QLD,-,-,-,-,-,-,-,-,-,-,-,-,-,92.13,2.22%,"3,908,639"
QLDY,-,-,-,-,-,-,-,-,-,-,-,-,-,44.52,1.07%,"34,580"
QLEP,277.46M,-,-,-,-,-,3082.84,-,-,-,-,-,-,9.96,-0.18%,"10,367"
QLTA,-,-,-,-,-,-,-,-,-,-,-,-,-,46.84,0.21%,"397,185"
QLTI,-,-,-,-,-,-,-,-,-,-,-,-,-,26.58,-0.23%,"26,999"
QLTY,-,-,-,-,-,-,-,-,-,-,-,-,-,41.68,-0.10%,"372,782"
QLV,-,-,-,-,-,-,-,-,-,-,-,-,-,76.81,-0.57%,"2,862"
QLVD,-,-,-,-,-,-,-,-,-,-,-,-,-,33.30,0.47%,"1,947"
QLVE,-,-,-,-,-,-,-,-,-,-,-,-,-,33.19,1.57%,123
QLYS,5.78B,29.45,19.76,2.73,8.43,10.19,12.26,19.90,7.53%,9.26%,19.39%,7.23%,13.07%,164.12,8.30%,"768,459"
QMAG,-,-,-,-,-,-,-,-,-,-,-,-,-,25.43,0.22%,"7,475"
QMAR,-,-,-,-,-,-,-,-,-,-,-,-,-,37.22,0.39%,"5,682"
QMCO,396.11M,-,182.91,-,1.42,-,24.41,-,87.73%,116.67%,13.59%,-,-4.37%,10.06,4.03%,"555,645"
QMFE,-,-,-,-,-,-,-,-,-,-,-,-,-,24.28,0.41%,6
QMID,-,-,-,-,-,-,-,-,-,-,-,-,-,29.05,-0.62%,514
QMMY,-,-,-,-,-,-,-,-,-,-,-,-,-,26.31,0.53%,"18,175"
QMNV,-,-,-,-,-,-,-,-,-,-,-,-,-,25.12,0.42%,"3,865"
QMOM,-,-,-,-,-,-,-,-,-,-,-,-,-,76.15,1.55%,"18,777"
QMY,-,-,-,-,-,-,-,-,-,-,-,-,-,25.75,0.53%,"5,920"
QNC,541.84M,-,-,-,27092.20,18.46,20.22,-,-2.63%,0.00%,-32.75%,-,-,2.47,0.41%,"800,227"
QNCX,18.87M,-,-,-,-,0.85,1.04,-,-,-,8.64%,45.76%,-,19.29,11.83%,"84,561"
QNDX,-,-,-,-,-,-,-,-,-,-,-,-,-,24.38,1.12%,"528,722"
QNRX,8.53M,-,-,-,-,0.97,0.61,-,57.06%,54.84%,61.71%,58.47%,-,4.35,2.84%,"24,621"
QNST,1.02B,15.73,11.63,0.46,0.86,3.28,9.98,10.66,37.69%,25.72%,-24.96%,25.40%,17.40%,17.72,0.62%,"629,406"
QNT,17.39B,-,-,-,-,678.10,25.47,-,-,-,-,-,-,66.63,3.96%,"1,400,419"
QNTM,22.34M,-,-,-,-,34.33,2.23,-,-,-,-24.71%,-,-,3.49,-1.13%,"46,308"
QNTU,-,-,-,-,-,-,-,-,-,-,-,-,-,15.96,8.17%,"18,113"
QNXT,-,-,-,-,-,-,-,-,-,-,-,-,-,30.71,-0.43%,"3,868"
QOWZ,-,-,-,-,-,-,-,-,-,-,-,-,-,34.73,-0.03%,62
QPUX,-,-,-,-,-,-,-,-,-,-,-,-,-,17.47,4.11%,"100,545"
QPX,-,-,-,-,-,-,-,-,-,-,-,-,-,48.31,0.79%,867
QQA,-,-,-,-,-,-,-,-,-,-,-,-,-,56.96,0.94%,"90,482"
QQDN,-,-,-,-,-,-,-,-,-,-,-,-,-,22.21,-1.96%,628
QQEW,-,-,-,-,-,-,-,-,-,-,-,-,-,157.44,0.30%,"28,842"
QQH,-,-,-,-,-,-,-,-,-,-,-,-,-,84.42,1.38%,"272,127"
QQHG,-,-,-,-,-,-,-,-,-,-,-,-,-,65.98,0.65%,232
QQJL,-,-,-,-,-,-,-,-,-,-,-,-,-,25.04,0.93%,6
QQJN,-,-,-,-,-,-,-,-,-,-,-,-,-,24.72,0.47%,6
QQLV,-,-,-,-,-,-,-,-,-,-,-,-,-,24.78,-0.82%,84
QQMG,-,-,-,-,-,-,-,-,-,-,-,-,-,50.12,1.22%,"12,331"
QQMY,-,-,-,-,-,-,-,-,-,-,-,-,-,25.69,0.25%,"1,029"
QQQ,-,-,-,-,-,-,-,-,-,-,-,-,-,719.69,1.12%,"29,448,117"
QQQA,-,-,-,-,-,-,-,-,-,-,-,-,-,76.13,1.90%,"29,889"
QQQD,-,-,-,-,-,-,-,-,-,-,-,-,-,12.63,-0.63%,"106,277"
QQQE,-,-,-,-,-,-,-,-,-,-,-,-,-,119.22,0.06%,"105,748"
QQQG,-,-,-,-,-,-,-,-,-,-,-,-,-,31.62,1.53%,"24,503"
QQQH,-,-,-,-,-,-,-,-,-,-,-,-,-,55.55,0.82%,"24,084"
QQQI,-,-,-,-,-,-,-,-,-,-,-,-,-,55.98,1.03%,"4,638,481"
QQQJ,-,-,-,-,-,-,-,-,-,-,-,-,-,44.57,0.00%,"116,844"
QQQM,-,-,-,-,-,-,-,-,-,-,-,-,-,296.31,1.11%,"2,465,332"
QQQP,-,-,-,-,-,-,-,-,-,-,-,-,-,222.32,2.25%,"3,050"
QQQS,-,-,-,-,-,-,-,-,-,-,-,-,-,43.23,-0.85%,"2,028"
QQQT,-,-,-,-,-,-,-,-,-,-,-,-,-,18.28,1.01%,"9,873"
QQQU,-,-,-,-,-,-,-,-,-,-,-,-,-,56.07,1.36%,"37,490"
QQQX,1.48B,8.11,-,-,-,-,-,-,-,-,-,-,-,30.41,0.50%,"117,556"
QQQY,-,-,-,-,-,-,-,-,-,-,-,-,-,23.24,1.00%,"56,167"
QQUP,-,-,-,-,-,-,-,-,-,-,-,-,-,60.02,1.94%,"3,381"
QQWZ,-,-,-,-,-,-,-,-,-,-,-,-,-,28.75,1.05%,"17,299"
QQXL,-,-,-,-,-,-,-,-,-,-,-,-,-,56.86,3.22%,516
QQXT,-,-,-,-,-,-,-,-,-,-,-,-,-,98.42,-0.85%,"8,335"
QRED,160.08M,-,-,-,-,1.37,197.63,-,-,-,-,-,-,9.98,0.00%,"4,052"
QRFT,-,-,-,-,-,-,-,-,-,-,-,-,-,69.81,0.08%,"1,979"
QRHC,28.45M,-,45.00,-,0.12,0.73,24.96,2.60,65.20%,124.00%,-,-,20.46%,1.35,3.85%,"10,455"
QRMI,-,-,-,-,-,-,-,-,-,-,-,-,-,15.48,0.73%,"2,408"
QRVO,7.28B,22.78,10.68,1.33,1.98,2.16,5.97,10.71,-2.37%,13.05%,-10.54%,8.00%,-1.74%,82.51,-2.18%,"919,305"
QS,3.95B,-,-,-,-,3.56,4.37,-,13.42%,4.23%,35.31%,20.87%,-,6.42,2.23%,"19,138,224"
QSEA,120.34M,112.14,-,-,-,1.47,12034.34,-,-,-,-,-,-,10.53,0.07%,"7,004"
QSI,188.62M,-,-,-,101.96,0.94,1.48,-,15.03%,8.54%,40.39%,15.29%,-,0.87,-0.36%,"1,213,247"
QSIG,-,-,-,-,-,-,-,-,-,-,-,-,-,48.27,0.16%,"1,638"
QSIX,-,-,-,-,-,-,-,-,-,-,-,-,-,42.63,1.04%,"2,284"
QSML,-,-,-,-,-,-,-,-,-,-,-,-,-,33.47,-0.09%,12
QSOL,-,-,-,-,-,-,-,-,-,-,-,-,-,7.76,2.92%,"8,092"
QSPT,-,-,-,-,-,-,-,-,-,-,-,-,-,34.89,0.72%,"28,515"
QSR,34.05B,29.69,16.81,1.77,3.55,6.92,33.64,23.21,10.04%,9.30%,7.87%,9.51%,13.68%,74.61,-1.27%,"4,369,737"
QSU,-,-,-,-,-,-,-,-,-,-,-,-,-,9.28,4.62%,"59,095"
QTAC,-,-,-,-,-,-,-,-,-,-,-,-,-,24.57,1.50%,"2,965"
QTAP,-,-,-,-,-,-,-,-,-,-,-,-,-,51.22,0.43%,116
QTEC,-,-,-,-,-,-,-,-,-,-,-,-,-,316.11,1.25%,"280,084"
QTEX,65.37M,-,-,-,225.42,23.21,20.05,-,122.22%,-,14.99%,-,-,1.50,1.35%,"2,354,511"
QTI,49.84M,-,362.00,-,2.20,11.47,7.17,-,73.63%,101.89%,-105.48%,-,-,3.62,-0.28%,"15,175"
QTJA,-,-,-,-,-,-,-,-,-,-,-,-,-,32.96,0.49%,"1,136"
QTJL,-,-,-,-,-,-,-,-,-,-,-,-,-,41.68,0.96%,"6,932"
QTOC,-,-,-,-,-,-,-,-,-,-,-,-,-,38.08,0.39%,318
QTOP,-,-,-,-,-,-,-,-,-,-,-,-,-,37.92,1.69%,"192,333"
QTPI,-,-,-,-,-,-,-,-,-,-,-,-,-,25.56,0.30%,"9,004"
QTR,-,-,-,-,-,-,-,-,-,-,-,-,-,34.51,0.80%,"1,234"
QTRX,192.19M,-,-,-,1.33,0.68,1.94,-,48.61%,-2.67%,-18.72%,22.35%,9.97%,4.08,5.15%,"584,745"
QTTB,437.16M,6.93,-,-,8.13,5.83,8.61,-,-171.90%,-13.33%,-,-,81.85%,18.46,-13.66%,"3,567,347"
QTUM,-,-,-,-,-,-,-,-,-,-,-,-,-,149.85,0.55%,"240,501"
QTUP,-,-,-,-,-,-,-,-,-,-,-,-,-,17.56,2.81%,"16,429"
QTWO,3.24B,46.58,15.58,0.99,3.94,5.30,8.50,16.07,10.17%,18.03%,-,15.77%,14.56%,51.75,-1.73%,"655,488"
QUA,-,-,-,-,-,-,-,-,-,-,-,-,-,20.00,3.68%,213
QUAD,431.04M,15.18,6.14,-,0.18,3.41,61.58,9.80,20.31%,12.09%,-,-,-3.75%,8.36,-0.24%,"97,914"
QUAL,-,-,-,-,-,-,-,-,-,-,-,-,-,219.24,0.27%,"827,928"
QUBT,1.88B,-,-,-,433.36,1.17,1.90,-,-47.27%,-21.40%,33.68%,-15.62%,-,8.32,4.00%,"7,535,826"
QUBX,-,-,-,-,-,-,-,-,-,-,-,-,-,7.76,6.74%,"189,682"
QUCY,28.69M,-,-,-,-,3.46,6.45,-,-,-,8.38%,-,1.70%,1.26,0.00%,"989,190"
QUIK,267.36M,-,106.21,-,18.44,10.72,44.19,-,96.73%,897.26%,4.36%,-,9.79%,14.67,0.20%,"258,645"
QUIZ,-,-,-,-,-,-,-,-,-,-,-,-,-,28.93,0.75%,"17,304"
QULL,-,-,-,-,-,-,-,-,-,-,-,-,-,66.98,0.53%,6
QUMS,112.31M,119.70,-,-,-,1.44,591.13,-,-,-,-,-,-,10.27,0.05%,11
QURE,2.82B,-,-,-,156.10,17.52,4.81,-,-6.38%,18.61%,-4.24%,24.98%,-15.57%,41.52,1.02%,"985,195"
QUS,-,-,-,-,-,-,-,-,-,-,-,-,-,188.25,-0.35%,"12,078"
QUSA,-,-,-,-,-,-,-,-,-,-,-,-,-,18.41,0.09%,"14,480"
QVAL,-,-,-,-,-,-,-,-,-,-,-,-,-,56.69,-0.17%,"19,396"
QVML,-,-,-,-,-,-,-,-,-,-,-,-,-,44.57,0.50%,"5,010"
QVMM,-,-,-,-,-,-,-,-,-,-,-,-,-,35.31,0.53%,271
QVMS,-,-,-,-,-,-,-,-,-,-,-,-,-,34.24,0.42%,114
QVMT,-,-,-,-,-,-,-,-,-,-,-,-,-,67.10,0.61%,"13,266"
QVOL,-,-,-,-,-,-,-,-,-,-,-,-,-,100.20,0.94%,"6,049"
QVOY,-,-,-,-,-,-,-,-,-,-,-,-,-,29.74,0.88%,"1,112"
QWLD,-,-,-,-,-,-,-,-,-,-,-,-,-,153.28,-0.12%,"1,109"
QXL,67.61M,-,-,-,6.11,3.13,36.75,-,-,-,0.12%,-,74.85%,5.07,-2.69%,"124,847"
QXO,15.01B,-,20.20,0.38,1.75,1.13,4.92,76.98,-11.07%,136.71%,-,53.23%,177.98%,14.46,4.10%,"28,160,627"
QXQ,-,-,-,-,-,-,-,-,-,-,-,-,-,31.92,1.02%,"12,154"
QYLD,-,-,-,-,-,-,-,-,-,-,-,-,-,18.37,1.21%,"3,045,597"
QYLG,-,-,-,-,-,-,-,-,-,-,-,-,-,29.97,1.11%,"19,894"
R,10.37B,22.56,15.15,0.85,0.82,3.63,56.99,21.70,13.25%,20.95%,-,17.74%,8.51%,268.06,1.04%,"251,993"
RA,711.68M,11.50,-,-,-,-,-,-,-,-,-,-,-,12.88,0.16%,"121,334"
RAA,-,-,-,-,-,-,-,-,-,-,-,-,-,29.58,0.70%,"69,897"
RAAA,-,-,-,-,-,-,-,-,-,-,-,-,-,25.07,-0.02%,"4,750"
RAAQ,308.66M,-,-,-,-,-,367.45,-,-,-,-,-,-,13.42,0.00%,0
RAAR,-,-,-,-,-,-,-,-,-,-,-,-,-,51.03,-0.01%,96
RAAX,-,-,-,-,-,-,-,-,-,-,-,-,-,39.85,1.37%,"365,007"
RAC,254.70M,34.07,-,-,-,1.32,1591.85,-,-,-,-,-,-,10.44,-0.10%,219
RACC,101.45M,-,-,-,-,-,362.30,-,-,-,-,-,-,11.15,-1.33%,"1,034"
RACD,108.59M,-,-,-,-,9060.87,-,-,-,-,-,-,-,10.42,0.77%,"59,832"
RACE,65.16B,35.48,29.91,3.81,7.80,13.97,29.89,29.01,3.63%,11.59%,21.96%,7.85%,15.38%,369.16,-1.02%,"281,157"
RACK,-,-,-,-,-,-,-,-,-,-,-,-,-,48.63,1.38%,"23,399"
RADX,50.78M,-,-,-,21.70,1.47,2.21,-,24.17%,-63.63%,-71.93%,-5.76%,-,4.30,-0.69%,"28,689"
RAFE,-,-,-,-,-,-,-,-,-,-,-,-,-,47.90,-0.56%,"12,639"
RAIL,258.93M,10.52,8.65,0.36,0.55,-,4.91,16.38,-8.67%,100.00%,-,23.86%,35.81%,7.90,0.77%,"113,030"
RAIN,16.34M,-,-,-,1633.75,-,28.17,-,-,-,-,-,-,1.58,-7.33%,"27,448"
RAL,7.56B,-,21.94,2.10,3.56,4.83,28.21,-,-1.43%,16.10%,-,10.45%,-,67.54,0.73%,"1,335,368"
RAM,-,-,-,-,-,-,-,-,-,-,-,-,-,16.72,13.97%,"15,512,687"
RAMP,2.31B,16.84,9.91,-,2.84,2.36,5.96,13.76,30.84%,28.84%,-,-,12.91%,37.94,0.32%,"1,114,107"
RAND,29.69M,-,-,-,7.69,0.58,89.98,20.20,-,-,-,-,-,10.00,-1.48%,"1,883"
RANG,171.44M,43.06,-,-,-,1.41,-,-,-,-,-,-,-,10.70,-0.14%,10
RANI,88.50M,-,-,-,27.92,2.28,2.03,-,58.33%,-13.33%,11.92%,23.46%,28.73%,0.65,2.59%,"468,959"
RAPP,1.98B,-,-,-,99.15,4.20,4.16,-,-20.88%,-26.14%,-,-19.85%,-,41.46,2.14%,"404,952"
RARE,3.15B,-,-,-,4.71,-,7.49,-,24.91%,84.10%,-13.72%,-,19.95%,32.03,-3.58%,"1,078,132"
RAUS,-,-,-,-,-,-,-,-,-,-,-,-,-,29.52,0.38%,"3,152"
RAVE,47.04M,16.12,-,-,3.72,2.86,3.92,14.70,-,-,-,-,3.72%,3.31,3.44%,"30,470"
RAVI,-,-,-,-,-,-,-,-,-,-,-,-,-,75.28,0.06%,"44,381"
RAY,17.09M,3.94,-,-,1.82,0.52,1.09,25.90,-,-,-,-,-,2.91,8.38%,"25,100"
RAYA,2.74M,-,-,-,0.12,0.01,0.55,-,-,-,-,-,10.17%,2.79,1.64%,"3,117"
RAYJ,-,-,-,-,-,-,-,-,-,-,-,-,-,38.35,1.48%,251
RB,-,-,-,-,-,-,-,-,-,-,-,-,-,46.93,-0.17%,212
RBA,20.34B,50.58,22.36,2.18,4.31,3.62,23.66,25.72,10.97%,9.96%,5.57%,10.25%,27.23%,109.16,0.35%,"741,879"
RBB,458.79M,11.47,10.74,-,1.88,0.87,-,10.30,27.87%,7.78%,2.03%,-,9.23%,27.09,-0.62%,"230,745"
RBBN,412.17M,13.71,12.00,-,0.50,0.98,5.92,24.73,-80.61%,52.34%,-18.49%,-,0.02%,2.34,2.63%,"2,606,909"
RBC,18.61B,64.70,36.34,2.81,9.95,5.54,324.73,54.31,16.08%,12.54%,20.50%,12.93%,25.17%,588.18,0.61%,"128,583"
RBCAA,1.55B,13.68,13.37,-,3.08,1.52,-,11.24,-1.04%,-0.45%,18.60%,-,9.26%,88.48,0.07%,"59,349"
RBIL,-,-,-,-,-,-,-,-,-,-,-,-,-,49.97,-0.13%,"27,433"
RBKB,185.64M,18.28,-,-,2.46,1.34,-,19.30,-,-,10.72%,-,7.62%,16.62,-1.95%,"19,924"
RBLD,-,-,-,-,-,-,-,-,-,-,-,-,-,89.28,0.54%,"1,597"
RBLU,-,-,-,-,-,-,-,-,-,-,-,-,-,8.81,-2.00%,"127,656"
RBLX,39.00B,-,-,-,7.36,90.25,12.19,25.58,2.54%,24.98%,-27.41%,20.71%,39.56%,54.47,-1.02%,"5,298,291"
RBLY,-,-,-,-,-,-,-,-,-,-,-,-,-,13.64,-0.83%,"12,959"
RBNE,3.39M,-,-,-,0.21,0.06,0.12,-,-,-,-,-,-,5.86,-12.74%,"52,165"
RBRK,18.12B,-,137.61,-,12.72,-,10.36,65.17,3199.04%,106.47%,-7.95%,-,27.69%,88.05,5.02%,"3,683,710"
RBUF,-,-,-,-,-,-,-,-,-,-,-,-,-,30.98,0.23%,"15,380"
RC,269.30M,-,-,-,0.76,0.22,1.13,-,-20.13%,69.50%,-,-,-5.77%,1.63,1.24%,"1,359,184"
RCAT,1.34B,-,-,-,24.51,4.49,10.14,-,15.07%,10.21%,-5.42%,6.15%,52.12%,8.79,4.89%,"6,356,974"
RCAX,-,-,-,-,-,-,-,-,-,-,-,-,-,3.99,9.92%,"207,496"
RCEL,99.86M,-,-,-,1.38,-,7.00,-,39.67%,48.42%,3.38%,69.23%,38.09%,4.02,1.77%,"142,657"
RCG,21.19M,27.45,-,-,64.70,1.07,-,-,-,-,-,-,-,3.02,0.67%,"1,208"
RCGE,-,-,-,-,-,-,-,-,-,-,-,-,-,30.03,-0.22%,9
RCI,17.78B,3.49,9.37,12.83,1.11,1.38,17.91,9.37,-9.36%,4.69%,31.20%,0.73%,8.41%,32.92,-1.38%,"1,003,891"
RCKT,397.46M,-,-,-,-,1.67,2.75,-,90.11%,-537.20%,4.46%,22.83%,-,3.64,-2.15%,"1,078,773"
RCKY,299.92M,16.15,9.72,-,0.61,1.19,179.59,30.17,12.58%,11.44%,0.70%,-,11.69%,39.77,-1.07%,"47,047"
RCL,75.92B,17.28,14.19,1.07,4.13,7.74,148.29,55.38,10.87%,15.07%,-,13.32%,52.02%,283.09,-1.91%,"2,263,345"
RCLO,-,-,-,-,-,-,-,-,-,-,-,-,-,24.84,0.04%,666
RCLR,-,-,-,-,-,-,-,-,-,-,-,-,-,50.65,0.07%,6
RCMT,194.77M,12.95,8.67,-,0.61,4.36,74.34,52.50,9.00%,16.33%,-,-,16.26%,27.48,-0.11%,"43,759"
RCON,31.56M,-,-,-,2.07,0.01,2.94,-,-,-,42.86%,-,-0.36%,0.44,-4.10%,"16,405"
RCS,248.39M,6.83,-,-,8.60,1.11,-,-,-,-,-,-,-,5.26,-0.19%,"120,525"
RCT,15.43M,-,-,-,-,-,-,-,-,-,-,-,-,0.26,4.84%,"2,076,747"
RCTR,-,-,-,-,-,-,-,-,-,-,-,-,-,33.20,1.24%,"2,957"
RCUS,3.56B,-,-,-,15.10,6.79,4.33,-,-11.81%,6.39%,-7.95%,11.07%,26.08%,28.33,0.93%,"801,993"
RDAC,37.49M,35.88,-,-,-,0.89,3749.09,-,-,-,-,-,-,6.30,18.87%,"158,699"
RDAG,388.31M,37.61,-,-,-,1.30,446.33,-,-,-,-,-,-,10.35,0.19%,"386,402"
RDCM,236.68M,18.98,11.00,-,3.22,1.91,2.18,-,9.17%,7.98%,-,-,13.74%,14.14,-1.81%,"103,362"
RDDC,-,-,-,-,-,-,-,-,-,-,-,-,-,25.66,-,"9,742"
RDDT,39.13B,57.64,31.13,0.65,15.82,12.30,14.12,45.04,88.89%,31.94%,-,47.62%,57.27%,203.27,1.16%,"2,433,308"
RDFI,-,-,-,-,-,-,-,-,-,-,-,-,-,23.92,1.53%,"26,838"
RDGT,1.45M,-,-,-,0.01,0.00,0.08,0.09,-,-,52.73%,-,0.45%,1.61,5.23%,"377,091"
RDHL,4.49M,-,-,-,-,-,1.48,-,-,-,86.32%,-,-66.14%,0.74,6.64%,"75,056"
RDI,39.58M,-,-,-,0.19,-,5.02,33.54,-,-,26.94%,-,21.12%,1.21,-1.22%,"10,340"
RDIV,-,-,-,-,-,-,-,-,-,-,-,-,-,59.91,-0.47%,"30,647"
RDN,4.91B,9.07,6.82,0.94,3.54,1.03,-,14.72,13.20%,7.43%,15.63%,7.29%,-3.64%,36.90,-2.92%,"6,349,991"
RDNT,4.94B,-,66.55,1.44,2.30,4.56,10.84,48.42,32.23%,82.92%,3.18%,46.15%,13.74%,62.78,-0.84%,"1,043,836"
RDNW,224.57M,-,36.38,-,0.20,-,4.84,-,97.33%,633.33%,34.49%,-,21.05%,5.82,-2.18%,"66,803"
RDOG,-,-,-,-,-,-,-,-,-,-,-,-,-,41.47,-0.09%,"2,451"
RDTE,-,-,-,-,-,-,-,-,-,-,-,-,-,28.90,0.56%,"103,713"
RDTL,-,-,-,-,-,-,-,-,-,-,-,-,-,28.01,2.64%,"316,339"
RDTY,-,-,-,-,-,-,-,-,-,-,-,-,-,38.32,0.63%,"22,953"
RDVI,-,-,-,-,-,-,-,-,-,-,-,-,-,29.04,0.48%,"1,078,695"
RDVT,965.34M,70.46,42.10,-,10.26,9.24,22.22,31.80,14.23%,9.43%,-,-,21.15%,68.42,-0.04%,"158,919"
RDVY,-,-,-,-,-,-,-,-,-,-,-,-,-,80.17,0.53%,"954,609"
RDW,2.33B,-,-,-,6.27,1.77,16.02,-,64.20%,38.22%,-40.08%,52.78%,42.32%,9.74,1.56%,"13,269,238"
RDWR,1.35B,71.87,23.99,-,4.35,4.12,5.34,35.67,1.45%,11.43%,16.92%,-,3.84%,31.19,1.20%,"233,008"
RDWU,-,-,-,-,-,-,-,-,-,-,-,-,-,6.13,3.03%,"749,635"
RDY,10.69B,21.86,19.81,1.63,2.81,2.58,11.55,30.77,-4.13%,25.75%,15.78%,12.14%,8.27%,12.84,-0.62%,"2,514,527"
RDYY,-,-,-,-,-,-,-,-,-,-,-,-,-,22.10,1.43%,"55,262"
RDZN,98.09M,-,11.60,-,1.78,-,7.21,-,75.86%,242.86%,-141.12%,-,-,1.16,-2.52%,"262,255"
REA,257.21M,-,-,-,-,26.97,12.63,-,-11.18%,6.08%,-,-1.45%,-,12.92,9.49%,"90,518"
REAI,-,-,-,-,-,-,-,-,-,-,-,-,-,21.22,-0.35%,24
REAL,1.31B,-,47.69,-,1.81,-,10.58,174.55,150.39%,277.28%,18.94%,-,18.23%,10.88,1.87%,"2,228,712"
REAX,429.22M,-,45.45,-,0.21,6.50,4.30,5.93,80.00%,650.00%,-0.78%,-,160.03%,2.00,-3.38%,"4,368,063"
REBN,11.25M,-,-,-,0.97,3.78,41.67,-,-,-,-172.93%,-,59.14%,1.37,-2.84%,"19,093"
RECI,-,-,-,-,-,-,-,-,-,-,-,-,-,20.13,-,"250,014"
RECS,-,-,-,-,-,-,-,-,-,-,-,-,-,44.45,0.61%,"426,740"
RECT,17.41M,8.02,-,-,0.67,1.07,4.89,-,-,-,-,-,-,1.20,-1.58%,"3,570"
REE,2.17M,-,-,-,1.67,0.33,0.15,-,-,-,-,-,27.30%,0.08,0.00%,0
REED,11.86M,-,-,-,0.38,4.55,2.59,-,20.42%,54.45%,48.03%,-,-3.92%,1.00,-6.54%,"20,271"
REET,-,-,-,-,-,-,-,-,-,-,-,-,-,27.93,0.07%,"2,482,019"
REFA,-,-,-,-,-,-,-,-,-,-,-,-,-,22.66,0.78%,6
REFI,229.13M,7.50,5.43,1.76,3.64,0.75,8.22,9.42,1.06%,4.21%,32.56%,3.09%,54.40%,10.75,0.19%,"147,398"
REFR,19.32M,-,-,-,27.60,10.83,15.09,-,-,-,3.93%,-,6.24%,0.55,1.74%,"32,314"
REG,14.71B,27.56,31.48,-,9.26,2.20,101.05,38.45,-12.19%,3.04%,60.48%,-0.36%,7.48%,80.33,0.49%,"1,028,222"
REGL,-,-,-,-,-,-,-,-,-,-,-,-,-,91.89,-0.28%,"239,316"
REGN,68.79B,15.99,12.22,1.08,4.61,2.19,7.85,16.72,3.76%,16.81%,6.33%,11.27%,11.04%,656.12,-1.05%,"477,991"
REGS,-,-,-,-,-,-,-,-,-,-,-,-,-,11.40,0.74%,"8,330"
REI,299.55M,-,4.45,-,0.99,0.40,288.03,6.38,-13.16%,60.61%,45.35%,-,22.14%,1.18,0.85%,"4,818,310"
REIT,-,-,-,-,-,-,-,-,-,-,-,-,-,30.73,0.03%,"15,912"
REK,-,-,-,-,-,-,-,-,-,-,-,-,-,15.50,0.52%,"181,773"
REKR,85.83M,-,-,-,1.73,2.49,6.81,-,50.00%,69.23%,16.33%,-,39.31%,0.62,-1.47%,"2,794,205"
RELL,251.19M,63.96,44.87,-,1.17,1.57,8.52,-,418.75%,52.94%,10.70%,-,6.03%,17.50,2.85%,"139,525"
RELX,57.12B,22.10,15.61,1.55,4.52,18.66,324.17,14.94,7.37%,11.05%,12.73%,10.07%,6.75%,32.65,-2.30%,"2,043,668"
RELY,4.95B,48.23,26.61,0.52,2.87,5.45,7.62,20.64,107.12%,37.65%,-,51.01%,44.79%,23.52,-0.68%,"2,147,088"
REM,-,-,-,-,-,-,-,-,-,-,-,-,-,22.24,1.55%,"640,279"
REMC,-,-,-,-,-,-,-,-,-,-,-,-,-,22.60,0.22%,506
REMG,-,-,-,-,-,-,-,-,-,-,-,-,-,35.84,1.66%,"11,067"
REMX,-,-,-,-,-,-,-,-,-,-,-,-,-,79.14,3.76%,"554,948"
RENT,108.82M,0.45,-,-,0.31,-,2.65,-,-,-,-,-,15.93%,3.24,-2.99%,"37,636"
RENX,5.39M,-,-,-,0.44,4.17,10.56,-,-,-,-64.93%,-,-,2.06,-0.96%,"41,719"
REPL,828.54M,-,-,-,-,4.91,3.08,-,35.13%,36.80%,-14.11%,43.49%,-,9.87,-0.65%,"3,297,961"
REPX,745.47M,12.42,4.08,0.13,1.85,1.34,47.15,11.47,17.13%,58.63%,-,31.08%,164.32%,34.36,-0.32%,"187,532"
RERE,518.98M,15.81,5.55,0.12,0.16,1.52,2.84,-,71.91%,34.52%,-,47.66%,32.99%,3.94,-1.01%,"339,089"
RES,1.30B,62.37,24.17,3.25,0.74,1.18,6.46,29.20,-25.60%,30.11%,-,7.43%,22.14%,5.85,1.21%,"1,079,040"
RESM,-,-,-,-,-,-,-,-,-,-,-,-,-,24.10,0.30%,584
RETL,-,-,-,-,-,-,-,-,-,-,-,-,-,9.01,0.56%,"324,233"
RETO,108.41M,-,-,-,32.17,0.07,416.97,-,-,-,59.73%,-,-16.57%,3.20,4.92%,"14,880"
REVB,4.07M,-,-,-,-,0.31,0.29,-,79.14%,44.44%,76.86%,-,-,1.04,5.38%,"94,862"
REVS,-,-,-,-,-,-,-,-,-,-,-,-,-,32.49,-0.47%,"15,373"
REW,-,-,-,-,-,-,-,-,-,-,-,-,-,12.11,-2.46%,"19,531"
REX,1.55B,16.77,-,-,2.36,2.46,4.23,33.67,-,-,98.48%,-,11.72%,47.06,-1.26%,"184,411"
REXC,-,-,-,-,-,-,-,-,-,-,-,-,-,18.06,1.90%,"75,491"
REXR,8.02B,37.77,32.01,4.33,8.09,0.99,155.00,37.56,45.11%,-11.11%,11.20%,7.39%,24.39%,35.51,2.19%,"3,347,806"
REYN,5.52B,16.78,15.75,5.25,1.46,2.44,77.78,16.94,-2.22%,3.74%,-4.22%,3.00%,2.66%,26.20,-0.38%,"922,121"
REZ,-,-,-,-,-,-,-,-,-,-,-,-,-,95.92,-0.16%,"40,478"
REZI,5.58B,-,12.15,1.01,0.73,2.29,12.74,-,6.36%,6.40%,-,12.05%,8.06%,36.86,4.12%,"2,444,735"
RF,26.39B,12.82,10.83,1.00,2.76,1.51,-,13.31,12.35%,9.10%,17.43%,10.87%,8.44%,30.92,-0.48%,"7,922,834"
RFAI,38.89M,79.93,-,-,-,2.49,1296.17,-,-,-,-,-,-,11.07,0.09%,"5,930"
RFAM,138.50M,-,-,-,-,1.76,192.36,-,-,-,-,-,-,9.94,0.10%,82
RFCI,-,-,-,-,-,-,-,-,-,-,-,-,-,22.17,0.17%,181
RFDA,-,-,-,-,-,-,-,-,-,-,-,-,-,71.18,-0.67%,105
RFDI,-,-,-,-,-,-,-,-,-,-,-,-,-,88.36,1.00%,"3,177"
RFEM,-,-,-,-,-,-,-,-,-,-,-,-,-,92.58,0.01%,"1,211"
RFFC,-,-,-,-,-,-,-,-,-,-,-,-,-,75.11,0.23%,"3,779"
RFG,-,-,-,-,-,-,-,-,-,-,-,-,-,60.95,0.64%,"1,213"
RFI,304.14M,27.07,-,-,27.97,1.03,-,-,-,-,-,-,-,11.37,-0.96%,"98,054"
RFIL,172.97M,128.14,17.91,-,2.11,4.69,51.02,140.63,72.50%,28.99%,-,-,13.36%,15.94,1.14%,"190,325"
RFIX,-,-,-,-,-,-,-,-,-,-,-,-,-,38.13,0.53%,"126,545"
RFL,124.83M,-,-,-,127.38,1.66,4.09,-,-,-,-9.76%,-,-28.51%,2.40,6.19%,"217,623"
RFLR,-,-,-,-,-,-,-,-,-,-,-,-,-,32.49,0.26%,"9,405"
RFM,91.47M,181.90,-,-,18.01,0.95,12.79,217.78,-,-,-,-,32.88%,14.97,0.40%,"4,633"
RFMZ,332.13M,208.56,-,-,19.17,0.95,13.98,134.47,-,-,-,-,51.23%,13.64,0.44%,"71,707"
RFV,-,-,-,-,-,-,-,-,-,-,-,-,-,145.75,0.42%,"5,814"
RGA,15.33B,12.70,8.00,0.65,0.61,1.15,-,2.77,18.83%,8.41%,22.91%,12.24%,10.18%,234.04,-1.67%,"379,413"
RGC,2.80B,-,-,-,-,2287.45,1186.20,-,-,-,-33.47%,-,-,5.65,11.88%,"458,116"
RGCO,258.51M,18.48,-,-,2.41,2.08,76.26,69.31,-,-,-0.12%,-,8.61%,24.84,1.35%,"6,361"
RGEF,-,-,-,-,-,-,-,-,-,-,-,-,-,34.80,0.95%,"52,271"
RGEN,8.30B,161.97,56.96,2.35,10.87,3.94,10.58,79.45,17.19%,28.91%,-4.91%,24.22%,15.05%,147.13,1.55%,"523,043"
RGLD,16.42B,23.03,14.91,0.62,12.57,2.21,70.14,-,45.92%,21.38%,17.16%,24.17%,15.62%,193.51,0.02%,"854,397"
RGLO,-,-,-,-,-,-,-,-,-,-,-,-,-,32.88,0.36%,"28,164"
RGNT,13.15M,-,-,-,-,2.77,1.78,-,-,-,-71.58%,-,-,2.54,-26.80%,"253,811"
RGNX,635.36M,-,-,-,7.23,30.09,4.22,-,26.96%,-1.53%,-4.73%,18.88%,1.97%,12.29,-3.61%,"1,574,285"
RGP,157.57M,-,153.00,-,0.32,0.84,1.90,10.57,98.15%,127.91%,-,-,-4.75%,4.59,-1.29%,"437,347"
RGR,603.81M,-,19.13,-,1.09,2.13,5.74,14.24,102.38%,16.47%,-,-,-0.82%,37.87,-1.46%,"83,779"
RGS,70.46M,0.64,17.74,-,0.31,0.37,1.72,5.13,-,-,-,-,-20.69%,28.20,2.73%,"10,647"
RGT,95.72M,5.03,-,-,-,-,-,-,-,-,-,-,-,14.59,1.43%,"11,831"
RGTC,-,-,-,-,-,-,-,-,-,-,-,-,-,27.56,-,"9,058"
RGTI,5.35B,-,-,-,534.43,9.17,12.80,-,-18.77%,-4.59%,-371.35%,-9.05%,-,16.11,4.88%,"20,989,780"
RGTU,-,-,-,-,-,-,-,-,-,-,-,-,-,13.07,9.83%,"74,120"
RGTX,-,-,-,-,-,-,-,-,-,-,-,-,-,12.36,9.38%,"539,744"
RGTZ,-,-,-,-,-,-,-,-,-,-,-,-,-,4.93,-9.87%,"3,863,546"
RGYY,-,-,-,-,-,-,-,-,-,-,-,-,-,7.16,0.42%,"27,499"
RH,3.30B,33.67,18.60,0.65,0.96,57.95,61.32,14.75,-22.15%,91.67%,-8.73%,28.49%,3.84%,174.55,7.87%,"637,001"
RHI,3.65B,27.57,17.20,0.64,0.68,2.96,13.10,16.75,-0.76%,57.02%,-13.28%,26.99%,1.03%,35.65,0.17%,"2,258,779"
RHLD,1.12B,19.71,-,-,1.46,37.03,9.34,23.75,-,-,-,-,-,135.89,3.82%,"90,691"
RHP,7.82B,32.84,26.56,1.61,2.95,10.55,17.34,11.82,9.02%,13.56%,-,16.49%,37.49%,123.97,-0.31%,"546,698"
RHRX,-,-,-,-,-,-,-,-,-,-,-,-,-,21.77,0.56%,"131,574"
RHTX,-,-,-,-,-,-,-,-,-,-,-,-,-,19.80,0.60%,71
RIBB,67.52M,13475.00,-,-,-,248.67,-,-,-,-,-,-,-,10.78,-0.28%,"5,182"
RICK,200.97M,-,-,-,0.71,0.88,7.47,5.72,-,-,-,-,16.13%,26.29,-0.79%,"38,920"
RIET,-,-,-,-,-,-,-,-,-,-,-,-,-,9.81,0.80%,"66,465"
RIFR,-,-,-,-,-,-,-,-,-,-,-,-,-,29.02,0.05%,"2,597"
RIG,5.93B,-,19.51,0.21,1.43,0.72,9.64,7.45,215.03%,116.04%,-26.92%,94.75%,4.70%,5.31,-1.12%,"37,610,449"
RIGL,761.73M,2.20,9.06,-,2.54,1.90,5.19,9.61,-84.60%,51.44%,-,-,22.06%,41.17,-0.31%,"271,746"
RIGS,-,-,-,-,-,-,-,-,-,-,-,-,-,22.60,0.87%,"2,559"
RILA,-,-,-,-,-,-,-,-,-,-,-,-,-,12.02,0.17%,"1,457"
RILY,280.96M,0.48,-,-,0.22,3.18,0.34,0.77,-,-,0.13%,-,2.19%,6.99,-2.51%,"430,601"
RIME,7.99M,-,-,-,0.97,1.46,0.73,-,73.55%,30.97%,57.07%,-,-35.22%,0.52,3.19%,"96,585"
RINF,-,-,-,-,-,-,-,-,-,-,-,-,-,32.47,0.14%,"5,871"
RING,-,-,-,-,-,-,-,-,-,-,-,-,-,64.29,1.64%,"209,099"
RINT,-,-,-,-,-,-,-,-,-,-,-,-,-,32.03,0.81%,"13,856"
RIO,117.04B,15.30,11.12,1.57,2.03,2.44,12.39,24.42,25.12%,0.16%,0.21%,7.07%,5.14%,93.29,3.83%,"3,067,900"
RIOT,7.63B,-,-,-,11.69,3.20,27.02,-,0.45%,59.71%,-45.17%,40.43%,121.73%,20.19,0.00%,"13,881,397"
RIOX,-,-,-,-,-,-,-,-,-,-,-,-,-,30.41,-0.52%,"170,846"
RISE,-,-,-,-,-,-,-,-,-,-,-,-,-,18.22,0.85%,9
RISN,-,-,-,-,-,-,-,-,-,-,-,-,-,31.35,0.20%,"5,740"
RISR,-,-,-,-,-,-,-,-,-,-,-,-,-,36.43,-0.14%,"94,195"
RITA,-,-,-,-,-,-,-,-,-,-,-,-,-,21.55,0.18%,822
RITM,5.15B,8.43,3.92,2.42,0.93,0.74,2.09,-,-4.11%,4.31%,-,1.62%,31.34%,9.22,1.65%,"6,449,606"
RITR,14.74M,-,-,-,0.48,0.61,4.32,-,-,-,15.24%,-,50.65%,0.24,-3.40%,"589,905"
RIV,320.52M,5.07,-,-,-,-,-,-,-,-,-,-,-,11.71,0.26%,"70,487"
RIVC,-,-,-,-,-,-,-,-,-,-,-,-,-,25.46,-,"10,709"
RIVN,25.33B,-,-,-,4.58,5.01,5.24,-,-0.11%,19.23%,-22.15%,19.12%,-,17.50,1.10%,"31,269,387"
RIZE,-,-,-,-,-,-,-,-,-,-,-,-,-,24.66,0.00%,6
RJDI,-,-,-,-,-,-,-,-,-,-,-,-,-,29.09,0.03%,"15,963"
RJET,842.93M,5.72,-,-,0.72,0.61,2.85,-,-,-,-30.63%,-,25.20%,18.00,-1.37%,"78,351"
RJF,32.63B,15.83,11.77,0.76,1.98,2.59,2.13,14.68,12.65%,18.50%,21.52%,15.40%,14.17%,167.43,0.27%,"1,434,638"
RJMI,-,-,-,-,-,-,-,-,-,-,-,-,-,25.59,0.04%,594
RJVI,-,-,-,-,-,-,-,-,-,-,-,-,-,24.89,-0.08%,996
RKDA,1.35M,-,-,-,0.28,0.44,0.36,-,-,-,38.02%,-,-9.57%,0.62,-0.74%,"24,530"
RKLB,47.14B,-,12793.83,-,69.37,20.04,34.08,-,49.58%,103.30%,11.84%,-,76.47%,78.81,2.71%,"15,801,675"
RKLX,-,-,-,-,-,-,-,-,-,-,-,-,-,25.79,5.14%,"2,359,903"
RKLZ,-,-,-,-,-,-,-,-,-,-,-,-,-,3.88,-5.60%,"10,562,448"
RKNG,-,-,-,-,-,-,-,-,-,-,-,-,-,24.54,2.43%,805
RKSG,-,-,-,-,-,-,-,-,-,-,-,-,-,27.64,-0.06%,8
RKT,40.46B,242.37,13.83,0.23,4.86,1.74,13.61,-,152.63%,46.16%,-,60.21%,-14.60%,14.30,2.80%,"26,585,328"
RKTL,-,-,-,-,-,-,-,-,-,-,-,-,-,10.72,5.54%,"14,270"
RKTO,17.88M,-,-,-,-,3.13,4.41,-,-,-,42.65%,-,-,0.80,-7.08%,"1,871,877"
RKX,-,-,-,-,-,-,-,-,-,-,-,-,-,15.64,4.91%,"5,882"
RL,21.97B,24.42,18.11,1.64,2.71,7.80,10.63,29.44,10.53%,11.10%,-,11.04%,13.02%,368.97,-1.47%,"628,153"
RLAY,4.16B,-,-,-,389.35,5.62,6.48,-,3.33%,-3.33%,8.85%,2.16%,-28.58%,19.08,1.87%,"1,700,383"
RLGT,436.01M,28.00,30.03,-,0.49,1.86,10.99,15.46,-17.14%,6.90%,11.45%,-,1.09%,9.31,-0.32%,"80,649"
RLI,5.53B,14.06,21.35,-,2.93,3.08,-,10.09,-19.91%,1.37%,20.32%,-8.03%,13.86%,60.14,-2.15%,"606,380"
RLJ,1.77B,-,527.51,-,1.30,0.99,4.57,12.15,-193.46%,335.26%,-,-,23.33%,11.60,1.67%,"1,225,436"
RLMD,651.37M,-,-,-,-,2.98,2.78,-,42.99%,-16.73%,17.54%,13.22%,-,6.21,-3.72%,"969,111"
RLTY,267.98M,14.84,-,-,-,-,-,-,-,-,-,-,-,16.02,-0.22%,"97,240"
RLX,1.80B,18.32,12.54,0.61,2.91,1.05,1.28,-,32.04%,16.03%,-,20.41%,-1.88%,1.98,0.51%,"1,117,894"
RLY,-,-,-,-,-,-,-,-,-,-,-,-,-,35.52,0.71%,"128,889"
RLYB,84.86M,-,-,-,98.67,1.68,1.81,-,-,-,24.69%,-,-,16.01,0.76%,"139,873"
RM,397.24M,8.76,5.86,0.32,0.60,1.07,3.85,1.23,25.84%,31.52%,13.15%,18.37%,11.54%,43.14,-0.28%,"75,528"
RMAX,363.17M,579.46,8.15,-,1.26,0.51,1.99,14.50,-0.77%,1.94%,-8.22%,-,1.85%,10.72,1.13%,"632,779"
RMBC,-,-,-,-,-,-,-,-,-,-,-,-,-,16.04,4.77%,"1,371"
RMBI,160.25M,12.14,-,-,1.75,1.11,-,11.24,-,-,7.48%,-,12.86%,15.26,0.39%,"305,277"
RMBS,11.40B,50.09,28.21,1.13,15.80,8.18,14.50,34.00,19.33%,25.27%,-,25.07%,23.50%,105.38,2.20%,"2,414,063"
RMBX,-,-,-,-,-,-,-,-,-,-,-,-,-,15.24,5.02%,"1,157"
RMCA,-,-,-,-,-,-,-,-,-,-,-,-,-,24.39,0.06%,225
RMCF,9.63M,-,-,-,0.35,1.82,7.90,-,-,-,-30.63%,-,3.21%,1.02,-3.77%,"34,726"
RMCO,35.60M,-,3.92,-,6.29,3.31,104.71,178.01,1700.00%,233.33%,-,-,-,2.35,3.52%,"7,643"
RMD,28.00B,18.61,15.89,1.34,5.06,4.31,16.81,15.96,16.32%,9.36%,17.37%,11.83%,11.72%,193.01,-2.77%,"1,622,359"
RMHY,-,-,-,-,-,-,-,-,-,-,-,-,-,25.04,-1.36%,"1,302"
RMI,100.07M,129.09,-,-,19.55,0.99,16.06,89.35,-,-,-,-,-6.27%,15.71,0.26%,"19,658"
RMIF,-,-,-,-,-,-,-,-,-,-,-,-,-,24.16,0.05%,"287,008"
RMIX,1.41B,-,46.96,0.24,-,-,-,-,366.67%,198.57%,-,199.17%,-,19.63,-1.36%,"307,311"
RMM,294.32M,78.47,-,-,-,-,-,-,-,-,-,-,-,14.91,0.20%,"67,247"
RMME,-,-,-,-,-,-,-,-,-,-,-,-,-,100.19,0.01%,6
RMMZ,-,-,-,-,-,-,-,-,-,-,-,-,-,15.03,0.84%,"24,854"
RMNI,432.25M,12.53,9.88,-,1.02,-,3.26,9.25,59.37%,33.10%,-,-,5.22%,4.67,-2.10%,"392,371"
RMNY,-,-,-,-,-,-,-,-,-,-,-,-,-,24.73,0.10%,"2,471"
RMOP,-,-,-,-,-,-,-,-,-,-,-,-,-,25.44,-0.03%,"57,336"
RMR,659.20M,16.97,27.39,-,1.03,1.54,8.23,7.16,-42.48%,15.38%,-9.97%,-,3.50%,20.54,0.49%,"201,759"
RMRC,-,-,-,-,-,-,-,-,-,-,-,-,-,25.48,-0.23%,7
RMSG,1.97M,-,-,-,-,-,-,-,-,-,-,-,-,0.39,-3.55%,"125,955"
RMT,756.19M,8.52,-,-,153.56,1.20,-,-,-,-,-,-,-,14.14,1.73%,"101,499"
RMTI,22.22M,-,-,-,0.33,0.62,0.93,12.63,41.33%,90.34%,49.20%,-,2.17%,5.63,-0.71%,"11,389"
RNA,209.03M,-,-,-,-,0.89,0.78,-,-4.84%,-19.45%,-,-10.69%,-,12.22,0.00%,"208,071"
RNAC,253.27M,-,-,-,143.09,-,2.13,-,17.31%,7.84%,24.48%,10.72%,-29.96%,8.62,-0.12%,"114,470"
RNAZ,8.15M,-,-,-,-,6.29,0.63,-,-,-,79.17%,-,-,8.58,0.23%,"17,232"
RND,-,-,-,-,-,-,-,-,-,-,-,-,-,31.97,0.21%,730
RNEM,-,-,-,-,-,-,-,-,-,-,-,-,-,55.54,0.67%,125
RNG,3.46B,43.60,7.58,0.64,1.36,-,29.71,6.49,12.52%,11.06%,-,11.90%,16.27%,41.30,-1.78%,"1,235,908"
RNGR,382.80M,25.22,11.21,0.25,0.67,1.28,55.48,21.51,98.77%,33.85%,-,45.69%,23.83%,16.11,0.25%,"402,925"
RNGT,315.30M,86.13,-,-,-,1.40,342.71,-,-,-,-,-,-,10.12,-0.50%,507
RNIN,-,-,-,-,-,-,-,-,-,-,-,-,-,33.53,-0.90%,225
RNMN,-,-,-,-,-,-,-,-,-,-,-,-,-,26.15,0.27%,"15,031"
RNP,984.96M,17.10,-,-,13.99,0.99,-,-,-,-,-,-,-,20.52,-0.63%,"78,124"
RNR,13.64B,5.34,7.85,1.92,1.19,1.28,-,3.23,5.96%,-1.59%,29.62%,4.08%,19.90%,319.92,-0.23%,"348,337"
RNRG,-,-,-,-,-,-,-,-,-,-,-,-,-,35.35,1.57%,"3,075"
RNST,3.93B,17.71,10.77,-,2.50,1.02,-,17.07,80.37%,5.84%,6.93%,-,14.91%,42.57,0.12%,"615,616"
RNTX,78.34M,-,-,-,-,-,17.60,-,72.96%,5.66%,30.56%,30.43%,-,0.92,0.91%,"378,923"
RNTY,-,-,-,-,-,-,-,-,-,-,-,-,-,50.00,-0.21%,461
RNW,2.26B,19.12,9.65,0.22,1.50,1.64,2.79,-,-17.18%,150.35%,-,44.72%,17.93%,6.20,0.81%,"1,371,279"
RNXT,38.29M,-,-,-,25.70,3.40,3.10,-,7.81%,50.85%,6.34%,-,-,0.85,-6.94%,"399,543"
ROAD,5.50B,42.79,25.88,-,1.69,5.62,71.49,28.76,35.45%,25.95%,18.69%,-,29.05%,97.35,4.11%,"879,396"
ROAM,-,-,-,-,-,-,-,-,-,-,-,-,-,34.74,0.72%,"11,400"
ROBN,-,-,-,-,-,-,-,-,-,-,-,-,-,37.75,6.07%,"384,205"
ROBO,-,-,-,-,-,-,-,-,-,-,-,-,-,80.78,0.27%,"114,495"
ROBT,-,-,-,-,-,-,-,-,-,-,-,-,-,55.54,0.04%,"20,395"
ROC,100.74M,-,-,-,-,5.51,6.06,-,-72.22%,100.00%,-,-,-,5.28,2.92%,"64,734"
ROCK,1.23B,-,8.70,0.69,0.99,1.40,60.64,17.27,-2.81%,25.46%,-,12.62%,1.92%,41.60,0.75%,"179,356"
ROCQ,-,-,-,-,-,-,-,-,-,-,-,-,-,56.53,1.02%,"138,373"
ROCY,-,-,-,-,-,-,-,-,-,-,-,-,-,54.56,0.47%,"66,066"
RODM,-,-,-,-,-,-,-,-,-,-,-,-,-,40.91,0.74%,"99,798"
ROE,-,-,-,-,-,-,-,-,-,-,-,-,-,42.07,0.32%,"16,688"
ROG,2.46B,-,31.51,0.94,2.99,2.05,12.54,35.03,52.30%,19.96%,-,33.61%,0.20%,137.59,2.05%,"235,105"
ROIV,25.11B,-,-,-,3039.92,5.55,5.85,-,-125.52%,20.63%,34.68%,-,-19.07%,34.91,1.16%,"4,052,843"
ROK,52.27B,48.81,32.17,2.06,5.94,14.85,123.58,39.04,23.73%,12.08%,-2.65%,15.59%,5.68%,469.77,2.02%,"547,542"
ROKT,-,-,-,-,-,-,-,-,-,-,-,-,-,110.90,0.58%,"32,419"
ROKU,21.03B,106.60,39.28,0.36,4.24,7.83,8.83,51.13,318.61%,46.12%,-,109.37%,21.65%,141.76,-0.41%,"1,924,210"
ROL,21.32B,40.47,32.15,2.76,5.55,15.43,182.98,34.33,12.88%,11.98%,15.44%,11.66%,11.72%,44.29,-1.40%,"3,655,583"
ROLR,72.40M,14.24,-,-,4.25,2.29,3.14,-,-,-,32.10%,-,11.06%,6.60,2.17%,"88,294"
ROM,-,-,-,-,-,-,-,-,-,-,-,-,-,143.25,2.39%,"45,176"
ROMA,496.68M,-,-,-,302.86,50.78,183.96,-,-,-,-,-,-2.94%,9.28,4.80%,"11,522"
ROMO,-,-,-,-,-,-,-,-,-,-,-,-,-,33.87,0.59%,147
RONB,-,-,-,-,-,-,-,-,-,-,-,-,-,23.16,-0.81%,"1,225,578"
ROOT,976.95M,19.56,23.58,4.43,0.63,2.97,-,5.17,34.94%,-17.79%,-,5.32%,34.33%,61.73,-0.96%,"95,540"
ROP,34.98B,21.66,14.50,1.61,4.31,1.89,91.36,13.71,9.53%,9.14%,9.58%,9.01%,10.24%,346.65,-3.87%,"691,271"
ROPE,-,-,-,-,-,-,-,-,-,-,-,-,-,29.93,-0.72%,257
ROSC,-,-,-,-,-,-,-,-,-,-,-,-,-,55.43,-0.36%,"2,679"
ROST,70.87B,30.79,25.65,2.05,2.98,11.25,17.07,26.92,18.36%,10.11%,93.97%,12.52%,12.67%,220.93,0.67%,"1,661,763"
ROUS,-,-,-,-,-,-,-,-,-,-,-,-,-,66.81,-0.18%,"30,285"
RPAR,-,-,-,-,-,-,-,-,-,-,-,-,-,21.98,0.65%,"12,895"
RPAY,345.30M,-,3.77,0.21,1.10,0.68,4.60,3.28,13.57%,11.70%,-8.20%,17.65%,14.81%,3.92,1.03%,"299,527"
RPC,875.88M,38.72,6.64,0.49,2.87,2.49,29.25,21.45,11.22%,17.79%,-20.12%,13.64%,34.57%,8.00,2.83%,"432,752"
RPD,866.79M,37.73,8.41,-,1.01,4.96,1.29,5.63,-25.20%,-0.82%,-,-7.72%,15.88%,12.97,8.81%,"3,716,001"
RPG,-,-,-,-,-,-,-,-,-,-,-,-,-,59.79,1.70%,"217,926"
RPGL,2.10M,-,-,-,-,0.01,-,-,-,-,-29.50%,-,-12.40%,1.94,-4.90%,"65,373"
RPHS,-,-,-,-,-,-,-,-,-,-,-,-,-,8.80,0.00%,0
RPID,103.13M,-,-,-,3.00,4.64,4.49,-,11.43%,15.05%,2.04%,23.50%,15.88%,2.07,2.99%,"293,134"
RPM,13.07B,19.74,17.31,2.21,1.69,4.16,44.43,22.73,3.79%,7.58%,17.97%,7.82%,6.01%,102.43,-0.08%,"1,010,196"
RPRX,32.06B,29.16,10.01,1.09,13.14,3.59,52.70,11.77,7.99%,6.63%,-7.26%,9.21%,2.30%,55.67,-1.38%,"2,231,398"
RPT,99.18M,-,58.00,-,1.90,0.41,1.02,-,-1058.33%,147.48%,-,-,-12.80%,12.76,-8.73%,"242,669"
RPV,-,-,-,-,-,-,-,-,-,-,-,-,-,117.41,-0.26%,"52,567"
RQI,1.64B,34.86,-,-,19.17,1.01,-,-,-,-,-,-,-,12.20,-0.16%,"1,548,831"
RR,373.41M,-,-,-,75.74,1.05,1.14,-,-,-,-12.38%,-,-4.36%,1.67,3.09%,"5,523,963"
RRBI,633.45M,14.42,12.63,-,3.67,1.69,-,14.23,14.16%,4.58%,10.73%,-,11.06%,96.20,-1.18%,"55,349"
RRC,8.59B,9.63,8.70,0.52,2.67,1.87,34363.15,10.61,35.55%,3.02%,-,16.79%,10.95%,36.46,0.61%,"3,222,205"
RREV,329.34M,-,-,-,-,-,-,-,-,-,-,-,-,9.88,-0.10%,"111,152"
RRGB,130.60M,-,65.67,-,0.11,-,3.85,-,50.00%,133.59%,41.61%,-,6.86%,7.06,2.17%,"100,154"
RRR,6.68B,20.62,21.49,1.08,3.30,26.22,49.83,26.35,50.88%,7.68%,-,19.96%,11.21%,64.00,-0.64%,"738,723"
RRX,14.06B,49.09,15.66,0.99,2.35,2.07,35.06,17.58,10.25%,26.76%,-1.99%,15.74%,15.34%,211.20,1.32%,"721,621"
RS,19.83B,25.34,18.24,1.54,1.34,2.78,79.40,32.39,41.01%,5.92%,19.85%,11.87%,10.16%,388.38,0.77%,"168,619"
RSBA,-,-,-,-,-,-,-,-,-,-,-,-,-,20.95,0.14%,"3,982"
RSBT,-,-,-,-,-,-,-,-,-,-,-,-,-,19.14,0.42%,"29,383"
RSBY,-,-,-,-,-,-,-,-,-,-,-,-,-,18.27,0.72%,"100,108"
RSDE,-,-,-,-,-,-,-,-,-,-,-,-,-,23.56,-0.14%,"1,615,373"
RSEE,-,-,-,-,-,-,-,-,-,-,-,-,-,39.10,0.96%,"10,684"
RSF,56.03M,13.07,-,-,7.63,0.95,12.37,7.17,-,-,-,-,-,14.59,-0.07%,"16,003"
RSG,67.70B,31.54,27.26,3.34,4.05,5.66,573.69,26.10,3.81%,10.75%,17.78%,8.16%,10.32%,220.03,-1.50%,"1,317,776"
RSI,7.81B,104.78,41.16,1.02,6.28,21.73,23.55,50.20,57.71%,39.53%,-,40.46%,32.43%,33.51,-1.96%,"2,090,330"
RSIT,-,-,-,-,-,-,-,-,-,-,-,-,-,20.59,0.73%,"26,452"
RSJN,-,-,-,-,-,-,-,-,-,-,-,-,-,37.33,-0.15%,"1,504,637"
RSKD,691.77M,-,14.07,0.77,1.97,2.74,2.50,16.95,21.25%,51.55%,-6.48%,18.17%,15.31%,5.17,-0.96%,"387,569"
RSMC,-,-,-,-,-,-,-,-,-,-,-,-,-,27.97,0.21%,"33,931"
RSMR,-,-,-,-,-,-,-,-,-,-,-,-,-,23.74,-0.06%,7
RSMV,-,-,-,-,-,-,-,-,-,-,-,-,-,29.17,0.50%,424
RSP,-,-,-,-,-,-,-,-,-,-,-,-,-,213.45,-0.36%,"9,049,634"
RSPA,-,-,-,-,-,-,-,-,-,-,-,-,-,53.62,-0.45%,"222,781"
RSPC,-,-,-,-,-,-,-,-,-,-,-,-,-,35.91,-1.03%,"3,500"
RSPD,-,-,-,-,-,-,-,-,-,-,-,-,-,55.18,-0.40%,"35,969"
RSPE,-,-,-,-,-,-,-,-,-,-,-,-,-,34.00,-0.29%,"6,141"
RSPF,-,-,-,-,-,-,-,-,-,-,-,-,-,81.84,-0.34%,"13,039"
RSPG,-,-,-,-,-,-,-,-,-,-,-,-,-,103.88,0.56%,"78,739"
RSPH,-,-,-,-,-,-,-,-,-,-,-,-,-,33.52,-1.70%,"107,505"
RSPM,-,-,-,-,-,-,-,-,-,-,-,-,-,38.46,0.19%,"8,962"
RSPN,-,-,-,-,-,-,-,-,-,-,-,-,-,62.85,-0.05%,"42,565"
RSPR,-,-,-,-,-,-,-,-,-,-,-,-,-,36.63,-0.33%,"1,543"
RSPS,-,-,-,-,-,-,-,-,-,-,-,-,-,30.19,-1.44%,"56,898"
RSPT,-,-,-,-,-,-,-,-,-,-,-,-,-,62.06,0.62%,"403,727"
RSPU,-,-,-,-,-,-,-,-,-,-,-,-,-,81.50,-0.15%,"37,223"
RSSB,-,-,-,-,-,-,-,-,-,-,-,-,-,30.57,0.76%,"36,705"
RSSE,-,-,-,-,-,-,-,-,-,-,-,-,-,23.25,-0.02%,739
RSSL,-,-,-,-,-,-,-,-,-,-,-,-,-,115.42,0.37%,"22,033"
RSSS,75.59M,16.20,14.74,0.28,1.55,3.93,6.27,13.22,225.00%,17.95%,-,51.83%,9.57%,2.26,-2.59%,"32,996"
RSST,-,-,-,-,-,-,-,-,-,-,-,-,-,33.16,0.24%,"81,599"
RSSX,-,-,-,-,-,-,-,-,-,-,-,-,-,24.02,2.69%,"15,590"
RSSY,-,-,-,-,-,-,-,-,-,-,-,-,-,25.56,0.91%,"23,481"
RSVR,668.01M,81.27,58.00,-,3.80,1.76,21.34,13.45,-3.85%,40.00%,-9.52%,-,16.96%,10.15,0.30%,"43,927"
RTAC,329.07M,47.93,-,-,-,1.37,32906.55,-,-,-,-,-,-,10.56,-0.85%,"54,348"
RTAI,-,-,-,-,-,-,-,-,-,-,-,-,-,21.58,0.47%,10
RTB,207.71M,-,-,-,19.06,-,36.06,-,-,-,20.65%,-,5.48%,15.25,1.94%,"259,178"
RTH,-,-,-,-,-,-,-,-,-,-,-,-,-,258.12,-0.36%,"3,535"
RTO,14.88B,31.87,18.22,1.66,2.15,2.71,6.41,19.42,11.58%,12.81%,7.73%,11.00%,14.12%,29.58,-0.03%,"525,655"
RTRE,-,-,-,-,-,-,-,-,-,-,-,-,-,24.67,0.19%,"35,493"
RTX,260.44B,36.24,25.35,2.45,2.88,3.93,38.20,30.80,10.53%,9.73%,-,10.33%,9.35%,193.39,-1.53%,"4,249,798"
RTXG,-,-,-,-,-,-,-,-,-,-,-,-,-,23.27,-2.78%,"9,120"
RTYY,-,-,-,-,-,-,-,-,-,-,-,-,-,10.48,0.07%,"30,945"
RUBI,-,-,-,-,-,-,-,-,-,-,-,-,-,4.28,-5.93%,"13,922"
RULE,-,-,-,-,-,-,-,-,-,-,-,-,-,31.76,2.21%,"1,106"
RUM,2.61B,-,-,-,25.50,8.13,11.92,-,12.50%,51.79%,-,-,-,5.99,1.01%,"1,902,511"
RUN,3.05B,5.98,28.04,-,0.96,0.90,2.80,-,-23.90%,-64.97%,-,-25.50%,26.24%,12.78,2.98%,"7,792,361"
RUNN,-,-,-,-,-,-,-,-,-,-,-,-,-,32.96,-1.04%,"63,179"
RUSC,-,-,-,-,-,-,-,-,-,-,-,-,-,38.01,0.21%,"8,019"
RUSHA,5.90B,22.94,16.71,1.44,0.81,2.59,24.64,10.57,12.68%,23.23%,19.13%,11.61%,9.44%,75.86,0.82%,"497,533"
RVER,-,-,-,-,-,-,-,-,-,-,-,-,-,34.95,1.38%,"8,351"
RVI,364.84M,-,-,-,-,2.70,-,-,-,-,-,-,-,28.91,-5.21%,"308,885"
RVLV,1.75B,27.42,22.84,1.33,1.37,3.32,5.21,37.94,4.59%,18.94%,1.67%,17.17%,16.12%,24.43,0.87%,"422,799"
RVMD,39.32B,-,-,-,-,24.69,20.61,-,-33.49%,32.27%,-29.13%,40.91%,-,184.97,0.55%,"3,123,169"
RVNL,-,-,-,-,-,-,-,-,-,-,-,-,-,31.34,2.54%,"93,365"
RVNU,-,-,-,-,-,-,-,-,-,-,-,-,-,25.21,0.04%,"8,326"
RVP,20.66M,-,-,-,0.56,0.30,0.58,-,-,-,-,-,-14.11%,0.69,0.74%,"85,330"
RVSB,108.12M,-,13.32,-,1.67,0.75,-,9.61,52.38%,25.00%,-,-,1.73%,5.33,0.00%,"54,033"
RVSN,10.96M,-,-,-,7.36,0.50,0.54,-,34.47%,-,48.00%,-,-,5.00,1.01%,"5,489"
RVT,2.22B,6.26,-,-,81.49,1.03,-,-,-,-,-,-,-,18.15,1.28%,"380,880"
RVTY,12.41B,52.71,19.13,2.27,4.27,1.73,14.41,25.18,3.58%,10.92%,-20.40%,8.44%,-5.47%,111.21,0.09%,"994,796"
RW,-,-,-,-,-,-,-,-,-,-,-,-,-,25.03,0.26%,842
RWAY,244.60M,-,4.54,-,1.89,0.47,105.89,8.64,-20.94%,3.46%,-3.96%,-8.43%,21.80%,5.76,8.88%,"1,239,618"
RWEM,-,-,-,-,-,-,-,-,-,-,-,-,-,35.14,2.15%,"7,549"
RWIN,-,-,-,-,-,-,-,-,-,-,-,-,-,26.49,0.95%,16
RWJ,-,-,-,-,-,-,-,-,-,-,-,-,-,59.65,-0.20%,"72,521"
RWK,-,-,-,-,-,-,-,-,-,-,-,-,-,146.44,0.11%,"36,965"
RWL,-,-,-,-,-,-,-,-,-,-,-,-,-,130.34,-0.30%,"202,667"
RWLC,-,-,-,-,-,-,-,-,-,-,-,-,-,37.76,0.31%,"4,058"
RWM,-,-,-,-,-,-,-,-,-,-,-,-,-,13.59,-0.29%,"11,233,881"
RWO,-,-,-,-,-,-,-,-,-,-,-,-,-,50.28,0.01%,"45,317"
RWR,-,-,-,-,-,-,-,-,-,-,-,-,-,114.56,-0.06%,"230,947"
RWT,637.34M,-,4.67,-,0.52,0.72,2.16,-,267.34%,6.88%,34.14%,-,22.36%,5.09,0.39%,"2,681,533"
RWX,-,-,-,-,-,-,-,-,-,-,-,-,-,27.37,0.74%,"10,733"
RXD,-,-,-,-,-,-,-,-,-,-,-,-,-,17.09,3.44%,"11,128"
RXI,-,-,-,-,-,-,-,-,-,-,-,-,-,194.62,0.09%,"1,332"
RXL,-,-,-,-,-,-,-,-,-,-,-,-,-,52.45,-3.96%,"20,218"
RXO,4.62B,-,50.98,-,0.81,3.06,210.20,-,257.81%,771.25%,-,-,11.33%,28.04,3.51%,"2,207,227"
RXRX,1.77B,-,-,-,26.69,1.73,2.69,-,35.76%,-0.41%,-22.39%,19.19%,79.91%,3.34,1.21%,"25,658,546"
RXST,203.67M,-,-,-,1.60,0.76,0.93,-,-30.82%,3.90%,-,-0.97%,55.74%,4.92,-2.77%,"748,645"
RXT,1.18B,-,27.03,-,0.44,-,12.61,15.35,7.86%,203.72%,7.12%,-,-0.16%,4.65,2.88%,"15,635,056"
RY,297.47B,19.20,16.94,1.69,2.98,3.12,-,11.09,11.63%,9.38%,11.56%,10.02%,16.80%,214.04,1.59%,"1,643,972"
RYAAY,33.38B,13.75,13.47,1.90,1.85,2.88,8.10,15.99,-6.34%,7.15%,-,7.08%,56.71%,64.29,0.59%,"1,190,694"
RYAM,487.58M,-,10.38,-,0.34,2.13,7.18,-,85.24%,174.64%,-382.85%,-,1.76%,7.23,1.83%,"793,447"
RYAN,10.86B,55.96,17.63,1.78,3.43,8.34,70.21,19.66,4.69%,13.85%,-6.16%,9.90%,24.67%,41.18,-1.39%,"1,261,299"
RYDE,105.97M,-,-,-,11.06,3.21,27.24,-,-,-,-58.50%,-,20.04%,0.64,1.17%,"46,043"
RYET,39.15M,-,-,-,-,4.79,14.08,-,-,-,-,-,-12.68%,1.05,1.94%,"9,085"
RYLD,-,-,-,-,-,-,-,-,-,-,-,-,-,16.06,0.37%,"468,314"
RYLG,-,-,-,-,-,-,-,-,-,-,-,-,-,24.54,0.36%,351
RYM,48.61M,-,-,-,1.62,1.33,1.46,-,-,-,64.33%,-,7.41%,22.62,0.62%,"9,763"
RYN,6.57B,52.44,34.38,3.21,9.68,1.23,9.63,32.03,-20.49%,39.42%,10.22%,10.72%,-,21.72,1.26%,"1,333,022"
RYOJ,50.13M,43400.00,-,-,835.46,1287.83,1253.19,-,-,-,-,-,-,4.34,-3.34%,"43,058"
RYTM,7.54B,-,-,-,34.73,61.24,22.14,-,-0.89%,76.47%,-0.46%,-,-,109.96,2.30%,"757,406"
RYZ,1.46B,-,11.97,-,0.29,1.14,54.67,-,180.45%,87.25%,-0.30%,-,5.69%,28.13,5.12%,"339,958"
RZG,-,-,-,-,-,-,-,-,-,-,-,-,-,70.24,0.91%,"10,207"
RZLT,465.10M,-,-,-,-,3.98,3.87,-,28.58%,7.06%,22.65%,30.63%,-,4.83,1.90%,"1,781,582"
RZLV,1.00B,-,-,-,21.39,3.42,9.01,-,21.05%,35.00%,-104.82%,-,-,2.51,0.80%,"19,388,091"
RZV,-,-,-,-,-,-,-,-,-,-,-,-,-,147.75,0.01%,"9,328"
S,6.83B,-,39.92,0.75,6.51,4.73,10.17,153.38,74.52%,42.96%,-27.12%,53.12%,60.83%,19.92,7.39%,"13,525,273"
SA,2.78B,-,-,-,-,3.23,26.84,-,60.26%,-40.32%,-17.59%,-18.87%,-,25.85,3.61%,"341,427"
SAA,-,-,-,-,-,-,-,-,-,-,-,-,-,36.36,0.81%,"6,185"
SAAQ,317.81M,-,-,-,-,1.39,206.37,-,-,-,-,-,-,10.15,0.10%,"10,277"
SABA,222.29M,9.26,-,-,5.13,0.86,1.99,-,-,-,-,-,-,8.31,1.22%,"41,827"
SABR,675.98M,1.58,15.76,-,0.24,-,1.02,-,62.94%,831.70%,-,-,15.74%,1.71,-2.84%,"2,758,332"
SABS,275.27M,-,-,-,-,1.20,2.56,-,-32.73%,31.78%,-,3.03%,-,3.60,-3.49%,"318,014"
SAC,316.21M,-,-,-,-,1.41,224.26,-,-,-,-,-,-,10.08,-0.30%,"166,013"
SACH,40.82M,-,-,-,0.90,0.25,0.86,116.62,-131.25%,-300.00%,-37.36%,-,19.58%,0.85,-2.40%,"94,774"
SAEF,-,-,-,-,-,-,-,-,-,-,-,-,-,31.24,-0.22%,"1,226"
SAFE,1.18B,10.37,9.49,3.89,2.99,0.49,41.87,38.84,-0.23%,5.27%,-,2.44%,3.63%,16.44,0.55%,"187,669"
SAFT,1.10B,17.66,11.08,-,0.87,1.28,-,6.45,-17.96%,42.11%,-6.11%,-,8.60%,74.82,-1.46%,"112,283"
SAFX,164.46M,1.00,-,-,7.90,5.26,156.63,-,-130.77%,84.38%,4.73%,-,-,0.46,-7.25%,"2,521,115"
SAGP,-,-,-,-,-,-,-,-,-,-,-,-,-,35.77,-0.43%,"2,375"
SAGT,17.52M,6.63,-,-,0.97,0.70,6.54,-,-,-,-,-,-,0.88,-0.44%,"109,916"
SAGU,160.31M,-,-,-,-,-,-,-,-,-,-,-,-,9.90,0.00%,845
SAH,2.92B,29.35,12.17,1.51,0.19,2.98,512.21,12.78,4.97%,9.58%,-,8.04%,9.18%,92.38,2.07%,"139,296"
SAIA,11.54B,45.45,29.58,1.22,3.55,4.38,294.57,59.29,25.77%,27.67%,12.85%,24.27%,12.16%,432.73,0.16%,"363,531"
SAIC,4.82B,12.81,10.36,2.03,0.66,3.44,43.00,7.99,-5.32%,8.08%,16.68%,5.09%,0.58%,113.92,0.54%,"469,376"
SAIH,23.10M,-,-,-,5.11,3.12,115.51,-,-,-,35.36%,-,-28.22%,12.61,0.88%,761
SAIL,8.62B,-,38.23,1.55,7.69,1.26,21.89,46.53,33.45%,24.14%,-47.01%,24.67%,24.22%,15.20,8.49%,"6,412,768"
SAM,1.76B,-,15.55,2.52,0.90,2.57,10.71,9.21,-3.93%,14.19%,-8.62%,6.17%,2.47%,168.75,-2.11%,"276,793"
SAMG,122.22M,34.55,10.95,0.89,0.98,1.69,10.50,13.92,-44.51%,87.13%,-11.91%,12.34%,3.00%,10.35,-0.96%,"33,307"
SAMM,-,-,-,-,-,-,-,-,-,-,-,-,-,31.61,0.95%,"3,400"
SAMO-U,199.00M,-,-,-,-,-,9950.00,-,-,-,-,-,-,9.95,-0.10%,"535,068"
SAMT,-,-,-,-,-,-,-,-,-,-,-,-,-,44.26,0.50%,"135,185"
SAN,200.06B,10.89,9.53,0.60,1.63,1.64,-,-,10.61%,21.85%,-,15.80%,13.80%,13.63,-0.22%,"7,129,581"
SANA,993.50M,-,-,-,-,8.08,9.43,-,36.26%,5.75%,8.72%,14.86%,-,3.57,-1.92%,"2,018,554"
SANG,135.45M,-,-,-,0.64,0.55,8.91,4.99,-78.67%,89.55%,-,-,19.31%,4.07,-0.73%,120
SANM,11.13B,43.96,16.00,0.60,0.98,4.59,6.89,15.15,84.82%,16.26%,17.69%,26.72%,3.15%,207.59,2.87%,"381,629"
SAP,180.75B,20.90,15.81,0.97,4.18,3.50,16.26,19.14,13.93%,17.17%,6.91%,16.28%,5.91%,154.81,-3.23%,"4,244,205"
SAPH,-,-,-,-,-,-,-,-,-,-,-,-,-,28.95,-3.24%,"2,045"
SAR,313.17M,19.18,-,-,2.46,0.83,5.15,12.89,-17.54%,-,11.83%,-,21.85%,19.20,0.79%,"146,614"
SARK,-,-,-,-,-,-,-,-,-,-,-,-,-,27.28,-1.59%,"105,458"
SARO,9.10B,31.05,17.14,0.54,1.45,3.38,102.01,61.26,55.67%,23.54%,-,31.68%,14.89%,27.36,-0.69%,"2,529,947"
SASS,-,-,-,-,-,-,-,-,-,-,-,-,-,24.73,1.01%,10
SATA,991.00M,-,-,-,-,-,-,-,-,-,-,-,-,97.92,1.20%,"101,153"
SATL,638.94M,-,-,-,31.27,-,4.95,-,-414.81%,89.93%,62.16%,37.00%,-,4.31,-0.46%,"3,268,223"
SATO,-,-,-,-,-,-,-,-,-,-,-,-,-,16.10,2.92%,"1,865"
SAUG,-,-,-,-,-,-,-,-,-,-,-,-,-,27.87,0.13%,"1,155"
SAWG,-,-,-,-,-,-,-,-,-,-,-,-,-,24.32,0.29%,118
SAWS,-,-,-,-,-,-,-,-,-,-,-,-,-,24.69,0.32%,770
SB,726.02M,16.02,13.58,0.64,2.54,0.86,4.23,-,176.56%,-40.68%,-,21.22%,6.83%,7.13,2.44%,"2,583,268"
SBAC,19.86B,19.69,22.35,-,6.96,-,45.15,-,-24.19%,12.77%,115.18%,-2.12%,6.21%,187.25,0.08%,"568,076"
SBAR,-,-,-,-,-,-,-,-,-,-,-,-,-,25.70,0.19%,"82,669"
SBB,-,-,-,-,-,-,-,-,-,-,-,-,-,22.53,-0.20%,"1,017"
SBC,317.80M,7.78,6.45,161.18,1.88,1.24,1.90,7.21,-7.60%,3.74%,-,0.04%,-,3.09,-0.32%,"46,698"
SBCF,3.21B,21.66,12.15,-,3.31,1.19,-,14.83,36.54%,8.04%,1.78%,-,21.99%,32.98,0.03%,"686,972"
SBET,1.26B,-,3.26,-,32.10,0.68,74.87,-,80.96%,230.15%,22.18%,-,65.22%,5.95,9.78%,"11,490,534"
SBEV,1.68M,-,-,-,1.65,-,4.43,-,-,-,42.21%,-,-49.84%,0.10,-15.89%,"5,281,929"
SBFG,165.92M,10.39,10.25,-,1.78,1.16,-,13.35,6.93%,4.45%,3.21%,-,4.61%,26.44,-0.43%,"21,370"
SBFM,4.08M,-,9.60,-,0.11,0.04,0.59,-,56.25%,103.17%,80.76%,-,247.73%,1.92,-1.54%,"50,892"
SBGI,996.61M,15.28,-,-,0.31,2.13,1.18,6.47,225.15%,-162.27%,44.29%,-,-11.82%,13.81,-3.09%,"416,994"
SBH,1.37B,7.92,6.41,0.67,0.37,1.64,8.70,5.99,8.42%,8.74%,13.82%,9.51%,1.04%,14.36,-2.31%,"1,257,171"
SBI,110.69M,71.45,-,-,15.66,0.92,-,-,-,-,-,-,-,7.86,0.38%,"49,629"
SBIL,-,-,-,-,-,-,-,-,-,-,-,-,-,100.21,0.00%,"153,690"
SBIO,-,-,-,-,-,-,-,-,-,-,-,-,-,65.29,-0.07%,"46,597"
SBIT,-,-,-,-,-,-,-,-,-,-,-,-,-,56.33,-7.55%,"830,321"
SBLK,3.02B,21.12,6.78,0.10,2.77,1.22,7.39,11.21,327.54%,-5.58%,48.64%,68.70%,8.54%,26.56,0.08%,"1,140,092"
SBMT,189.87M,-,-,-,-,3.37,25.25,-,14.75%,9.62%,-,15.35%,-,6.43,1.26%,"137,158"
SBND,-,-,-,-,-,-,-,-,-,-,-,-,-,18.71,0.21%,"32,712"
SBR,1.08B,15.84,-,-,14.98,157.04,131.09,-,-,-,17.13%,-,16.35%,74.27,0.86%,"48,444"
SBRA,4.98B,31.25,26.42,3.13,6.14,1.79,40.35,13.34,5.67%,10.52%,-0.96%,8.44%,5.48%,19.75,-0.05%,"2,038,988"
SBS,104.68B,35.68,11.09,0.50,14.34,2.50,28.47,73.86,20.20%,27.85%,52.55%,21.99%,14.59%,5.97,0.67%,"4,226,555"
SBSI,1.02B,14.55,9.87,-,2.41,1.20,-,10.50,47.14%,2.47%,-1.50%,-,8.27%,34.36,-0.81%,"98,775"
SBSW,6.06B,-,4.20,-,0.83,2.54,5.85,57.91,604.47%,-11.41%,-,-,-1.28%,8.57,1.78%,"4,210,318"
SBTU,-,-,-,-,-,-,-,-,-,-,-,-,-,2.25,18.42%,"121,990"
SBU,-,-,-,-,-,-,-,-,-,-,-,-,-,21.25,-1.97%,"2,753"
SBUX,121.00B,81.03,34.73,1.71,3.15,-,71.17,44.39,12.28%,27.83%,15.70%,20.30%,9.59%,106.17,-1.09%,"5,153,182"
SBXD,275.68M,53.43,-,-,-,1.37,-,-,-,-,-,-,-,10.83,-0.09%,"5,575"
SBXE,349.83M,-,-,-,-,1.36,522.13,-,-,-,-,-,-,10.14,-0.10%,"5,616"
SCA,-,-,-,-,-,-,-,-,-,-,-,-,-,20.36,0.81%,125
SCAG,26.87M,-,-,-,1.52,-,44.04,-,-,-,-56.73%,-,-,0.37,-0.56%,"126,664"
SCAP,-,-,-,-,-,-,-,-,-,-,-,-,-,38.17,0.46%,473
SCC,-,-,-,-,-,-,-,-,-,-,-,-,-,14.83,-0.19%,"6,731"
SCCO,152.16B,30.89,25.70,2.36,10.46,12.91,28.44,35.59,47.39%,-6.40%,22.29%,10.91%,10.94%,182.38,4.50%,"967,395"
SCCR,-,-,-,-,-,-,-,-,-,-,-,-,-,25.32,0.32%,"208,567"
SCD,354.59M,-,-,-,30.40,0.94,-,-,-,-,-,-,-,15.48,0.26%,"145,019"
SCDL,-,-,-,-,-,-,-,-,-,-,-,-,-,54.11,-2.15%,12
SCDS,-,-,-,-,-,-,-,-,-,-,-,-,-,75.50,0.42%,290
SCDV,-,-,-,-,-,-,-,-,-,-,-,-,-,27.45,0.68%,"4,567"
SCEC,-,-,-,-,-,-,-,-,-,-,-,-,-,24.74,0.10%,"77,266"
SCEP,-,-,-,-,-,-,-,-,-,-,-,-,-,25.03,0.56%,"22,387"
SCHA,-,-,-,-,-,-,-,-,-,-,-,-,-,34.57,0.73%,"6,402,494"
SCHB,-,-,-,-,-,-,-,-,-,-,-,-,-,29.07,0.38%,"7,212,491"
SCHC,-,-,-,-,-,-,-,-,-,-,-,-,-,48.24,0.86%,"218,195"
SCHD,-,-,-,-,-,-,-,-,-,-,-,-,-,32.20,-1.11%,"23,685,429"
SCHE,-,-,-,-,-,-,-,-,-,-,-,-,-,36.05,0.61%,"3,187,644"
SCHF,-,-,-,-,-,-,-,-,-,-,-,-,-,27.41,1.26%,"6,448,260"
SCHG,-,-,-,-,-,-,-,-,-,-,-,-,-,34.58,0.61%,"6,061,591"
SCHH,-,-,-,-,-,-,-,-,-,-,-,-,-,24.03,-0.04%,"5,972,965"
SCHI,-,-,-,-,-,-,-,-,-,-,-,-,-,22.37,0.22%,"3,283,716"
SCHJ,-,-,-,-,-,-,-,-,-,-,-,-,-,24.54,0.20%,"245,405"
SCHK,-,-,-,-,-,-,-,-,-,-,-,-,-,36.26,0.39%,"957,547"
SCHL,1.02B,18.82,17.91,0.21,0.63,1.17,9.72,45.99,272.92%,45.81%,44.15%,84.30%,1.80%,46.75,0.73%,"267,638"
SCHM,-,-,-,-,-,-,-,-,-,-,-,-,-,35.57,0.54%,"675,709"
SCHO,-,-,-,-,-,-,-,-,-,-,-,-,-,24.08,0.12%,"2,006,245"
SCHP,-,-,-,-,-,-,-,-,-,-,-,-,-,26.20,0.08%,"9,981,161"
SCHQ,-,-,-,-,-,-,-,-,-,-,-,-,-,30.54,0.16%,"410,292"
SCHR,-,-,-,-,-,-,-,-,-,-,-,-,-,24.49,0.20%,"4,828,920"
SCHV,-,-,-,-,-,-,-,-,-,-,-,-,-,34.20,-0.06%,"2,870,260"
SCHW,175.83B,20.05,13.27,0.59,6.21,4.14,2.61,18.02,29.71%,20.64%,17.02%,22.59%,17.98%,101.10,-1.25%,"7,747,158"
SCHX,-,-,-,-,-,-,-,-,-,-,-,-,-,29.63,0.34%,"22,371,024"
SCHY,-,-,-,-,-,-,-,-,-,-,-,-,-,32.19,0.28%,"617,274"
SCHZ,-,-,-,-,-,-,-,-,-,-,-,-,-,22.91,0.22%,"1,746,583"
SCI,10.89B,20.80,17.31,1.81,2.51,6.87,41.84,22.41,7.21%,10.33%,5.70%,9.58%,4.18%,78.83,-1.02%,"1,027,521"
SCII,250.72M,-,-,-,-,1.43,269.59,-,-,-,-,-,-,10.07,-0.20%,"36,807"
SCIO,-,-,-,-,-,-,-,-,-,-,-,-,-,20.62,0.10%,"123,186"
SCJ,-,-,-,-,-,-,-,-,-,-,-,-,-,106.60,0.83%,"34,845"
SCJL,-,-,-,-,-,-,-,-,-,-,-,-,-,24.88,0.15%,"1,508"
SCJN,-,-,-,-,-,-,-,-,-,-,-,-,-,25.40,0.13%,7
SCKT,4.47M,-,-,-,0.30,1.26,2.61,-,-,-,-28.80%,-,-0.80%,0.54,-1.15%,"14,388"
SCL,1.29B,-,14.53,-,0.55,1.08,9.18,34.72,39.29%,54.44%,-17.78%,-,4.52%,56.90,0.18%,"174,129"
SCLX,74.39M,-,-,-,2.20,-,22.14,20.05,-,-,-392.41%,-,-,8.76,-7.20%,"78,351"
SCLZ,-,-,-,-,-,-,-,-,-,-,-,-,-,56.53,0.61%,40
SCM,241.71M,10.07,8.09,-,2.22,0.67,1.52,6.86,-19.23%,-1.71%,-1.66%,-8.07%,17.38%,8.35,2.45%,"140,960"
SCMB,-,-,-,-,-,-,-,-,-,-,-,-,-,25.66,-0.06%,"917,087"
SCMC,-,-,-,-,-,-,-,-,-,-,-,-,-,24.98,0.14%,"18,939"
SCMY,-,-,-,-,-,-,-,-,-,-,-,-,-,25.58,0.15%,11
SCNI,0.85M,-,-,-,0.70,0.14,0.27,-,-,-,21.04%,-,-,0.24,0.12%,"6,498,950"
SCNM,-,-,-,-,-,-,-,-,-,-,-,-,-,25.07,0.01%,"6,840"
SCNX,15.80M,-,-,-,24.31,0.24,4.46,-,88.89%,80.00%,11.34%,-,-52.10%,0.39,9.27%,"1,627,758"
SCO,-,-,-,-,-,-,-,-,-,-,-,-,-,28.72,-1.31%,"3,538,426"
SCOP,-,-,-,-,-,-,-,-,-,-,-,-,-,10.66,3.29%,"94,318"
SCOR,105.36M,1.46,6.65,-,0.30,1.00,4.20,34.10,-91.20%,128.26%,-,-,0.08%,6.98,-4.90%,"13,990"
SCOW,-,-,-,-,-,-,-,-,-,-,-,-,-,22.06,0.60%,880
SCPQ,136.97M,-,-,-,-,1.40,263.40,-,-,-,-,-,-,10.04,0.00%,127
SCSB,-,-,-,-,-,-,-,-,-,-,-,-,-,24.91,0.20%,"6,228"
SCSC,1.10B,16.36,12.21,0.87,0.35,1.24,9.10,8.85,10.43%,11.92%,-,14.03%,-0.05%,53.89,0.06%,"127,412"
SCUB,-,-,-,-,-,-,-,-,-,-,-,-,-,25.00,-0.06%,"1,348"
SCUS,-,-,-,-,-,-,-,-,-,-,-,-,-,25.12,0.00%,"127,252"
SCWO,35.16M,-,-,-,18.41,9.61,78.14,-,-,-,-,-,19.96%,2.01,4.69%,"39,967"
SCYB,-,-,-,-,-,-,-,-,-,-,-,-,-,26.06,0.19%,"1,371,600"
SCYX,48.96M,-,-,-,2.41,0.93,0.83,-,-139.22%,40.16%,49.30%,-4.98%,-,4.93,10.04%,"90,803"
SCZ,-,-,-,-,-,-,-,-,-,-,-,-,-,83.10,0.73%,"610,345"
SCZM,602.81M,9.96,4.66,-,1.57,2.87,10.20,11.87,135.11%,26.24%,-,-,58.05%,6.50,2.36%,"352,137"
SD,505.78M,6.65,9.19,20.43,2.93,0.96,4.86,28.62,58.78%,-36.60%,-,0.45%,7.04%,13.70,0.00%,"267,099"
SDA,87.54M,476.72,5.36,-,0.17,2.64,2.28,13.10,375.00%,45.45%,-53.03%,-,-,0.86,4.00%,"89,718"
SDCI,-,-,-,-,-,-,-,-,-,-,-,-,-,28.36,1.18%,"349,932"
SDCP,-,-,-,-,-,-,-,-,-,-,-,-,-,25.57,0.02%,8
SDD,-,-,-,-,-,-,-,-,-,-,-,-,-,8.35,-0.67%,20
SDEM,-,-,-,-,-,-,-,-,-,-,-,-,-,32.70,0.93%,"2,696"
SDEV,61.55M,-,-,-,21.75,0.23,3.34,-,-,-,43.57%,-,-,1.22,4.27%,"140,167"
SDFI,-,-,-,-,-,-,-,-,-,-,-,-,-,35.42,0.13%,"8,942"
SDG,-,-,-,-,-,-,-,-,-,-,-,-,-,87.99,0.73%,800
SDGR,1.21B,-,-,-,4.73,3.83,2.97,-,-42.18%,39.27%,-28.10%,-,18.81%,16.13,-1.71%,"902,799"
SDHC,797.30M,16.54,23.49,-,0.84,1.66,28.49,-,-56.39%,28.80%,-38.53%,-25.10%,16.96%,15.70,1.55%,"34,697"
SDHI,363.88M,177.16,-,-,-,1.34,791.04,-,-,-,-,-,-,10.47,0.00%,6
SDHY,-,-,-,-,-,-,-,-,-,-,-,-,-,15.99,0.19%,"61,532"
SDIV,-,-,-,-,-,-,-,-,-,-,-,-,-,24.75,0.94%,"245,393"
SDMF,-,-,-,-,-,-,-,-,-,-,-,-,-,25.80,0.18%,"1,384"
SDOG,-,-,-,-,-,-,-,-,-,-,-,-,-,70.29,-0.18%,"20,478"
SDOT,12.20M,-,-,-,0.11,-,17.94,-,-,-,3.10%,-,123.05%,16.39,-9.05%,"550,816"
SDOW,-,-,-,-,-,-,-,-,-,-,-,-,-,23.94,-0.13%,"3,601,426"
SDP,-,-,-,-,-,-,-,-,-,-,-,-,-,21.14,-0.10%,"2,240"
SDRL,2.68B,-,12.27,-,1.84,0.94,8.15,-,162.48%,352.82%,51.57%,-,6.29%,43.06,1.89%,"1,021,377"
SDS,-,-,-,-,-,-,-,-,-,-,-,-,-,56.22,-0.74%,"2,558,374"
SDSI,-,-,-,-,-,-,-,-,-,-,-,-,-,51.14,0.13%,"50,390"
SDST,17.98M,-,-,-,-,-,14.50,-,28.64%,40.79%,-339.39%,-,-,1.70,1.19%,"161,283"
SDTY,-,-,-,-,-,-,-,-,-,-,-,-,-,41.77,0.52%,"11,444"
SDVD,-,-,-,-,-,-,-,-,-,-,-,-,-,23.04,0.04%,"116,490"
SDVY,-,-,-,-,-,-,-,-,-,-,-,-,-,42.92,0.14%,"875,392"
SDY,-,-,-,-,-,-,-,-,-,-,-,-,-,153.04,-0.99%,"215,749"
SE,61.96B,41.91,22.44,1.07,2.46,5.21,4.86,-,0.06%,39.12%,-,20.89%,39.28%,109.29,-1.24%,"5,027,656"
SEA,-,-,-,-,-,-,-,-,-,-,-,-,-,17.74,2.57%,"17,770"
SEAT,87.57M,-,-,-,0.16,-,0.61,-,93.85%,25.53%,-,64.93%,74.70%,7.97,-0.62%,"44,399"
SEB,4.45B,7.65,-,-,0.45,0.83,3.78,-,-,-,16.12%,-,6.46%,4645.75,-1.27%,"3,602"
SECR,-,-,-,-,-,-,-,-,-,-,-,-,-,25.25,0.36%,"1,523"
SECT,-,-,-,-,-,-,-,-,-,-,-,-,-,71.49,0.72%,"123,429"
SECU,-,-,-,-,-,-,-,-,-,-,-,-,-,49.58,-0.05%,"51,616"
SECZ,184.11M,93.86,39.20,0.53,-,0.94,6136.96,1841.09,-569.95%,140.65%,-,74.59%,-,7.49,-5.67%,"1,067,036"
SEDG,3.38B,-,35.35,-,2.65,8.22,5.80,43.40,101.18%,5474.66%,-,-,-4.09%,55.52,6.50%,"2,277,298"
SEED,12.86M,-,-,-,1.33,-,6.63,-,-,-,16.41%,-,11.05%,1.06,4.25%,"5,045"
SEEM,-,-,-,-,-,-,-,-,-,-,-,-,-,38.39,1.86%,"40,184"
SEER,119.49M,-,-,-,7.94,0.49,0.72,-,18.36%,6.18%,-18.95%,20.22%,89.71%,2.16,-0.46%,"142,655"
SEF,-,-,-,-,-,-,-,-,-,-,-,-,-,29.96,-0.27%,"4,198"
SEG,334.38M,-,290.22,-,2.63,0.81,2.31,-,46.95%,103.98%,-,-,-,26.12,1.95%,"36,153"
SEGG,18.10M,-,-,-,32.33,0.23,106.50,-,-,-,35.39%,-,-40.43%,0.79,-3.34%,"391,557"
SEI,5.11B,83.84,26.12,0.26,7.38,5.19,14.84,-,100.23%,101.37%,-,99.70%,43.30%,69.50,3.50%,"10,444,741"
SEIC,11.41B,16.19,13.96,0.97,4.82,4.66,28.88,17.41,17.37%,12.86%,13.40%,14.39%,6.44%,94.89,-1.34%,"781,173"
SEIE,-,-,-,-,-,-,-,-,-,-,-,-,-,35.52,0.74%,"110,768"
SEIM,-,-,-,-,-,-,-,-,-,-,-,-,-,54.56,1.11%,"931,737"
SEIQ,-,-,-,-,-,-,-,-,-,-,-,-,-,40.20,-0.89%,"731,220"
SEIS,-,-,-,-,-,-,-,-,-,-,-,-,-,32.39,0.29%,"44,777"
SEIV,-,-,-,-,-,-,-,-,-,-,-,-,-,48.17,-0.15%,"1,356,238"
SEIX,-,-,-,-,-,-,-,-,-,-,-,-,-,23.23,0.22%,"49,405"
SELF,58.82M,30.22,-,-,4.61,1.27,7.93,14.52,-,-,43.13%,-,6.68%,5.15,1.58%,"15,152"
SELV,-,-,-,-,-,-,-,-,-,-,-,-,-,32.96,-1.61%,"37,735"
SEMG,-,-,-,-,-,-,-,-,-,-,-,-,-,27.03,0.10%,"1,953"
SEMI,-,-,-,-,-,-,-,-,-,-,-,-,-,38.80,1.99%,"4,644"
SEMY,-,-,-,-,-,-,-,-,-,-,-,-,-,14.76,0.92%,"220,039"
SENEA,1.15B,10.19,12.15,-,0.69,1.52,22.95,6.36,-10.55%,-6.13%,3.88%,-3.15%,2.49%,169.26,-4.05%,"95,754"
SENS,262.58M,-,-,-,6.45,6.12,4.06,-,-44.49%,10.48%,35.96%,1.92%,48.10%,5.03,-4.91%,"574,438"
SEPI,-,-,-,-,-,-,-,-,-,-,-,-,-,28.36,0.60%,"25,232"
SEPM,-,-,-,-,-,-,-,-,-,-,-,-,-,32.94,0.06%,"1,988"
SEPN,1.56B,-,-,-,21.55,4.10,4.48,14.56,-49.73%,-45.36%,-,-,-,34.54,0.52%,"650,791"
SEPP,-,-,-,-,-,-,-,-,-,-,-,-,-,32.69,0.17%,"3,515"
SEPT,-,-,-,-,-,-,-,-,-,-,-,-,-,37.76,0.21%,"2,478"
SEPU,-,-,-,-,-,-,-,-,-,-,-,-,-,31.19,0.19%,"15,293"
SEPW,-,-,-,-,-,-,-,-,-,-,-,-,-,33.52,0.09%,"5,500"
SEPZ,-,-,-,-,-,-,-,-,-,-,-,-,-,45.59,0.31%,"7,615"
SER,31.34M,-,-,-,241.08,2.45,1.28,-,-2.03%,19.43%,28.41%,9.98%,19.21%,2.09,1.95%,"29,499"
SERA,77.53M,-,-,-,1292.16,1.15,1.64,-,2.24%,14.50%,-0.71%,7.37%,26.51%,1.98,3.13%,"52,237"
SERV,450.31M,-,-,-,86.60,1.39,2.40,-,-63.91%,14.35%,-29.19%,-6.20%,-,5.82,0.52%,"1,855,374"
SES,259.46M,-,-,-,11.84,1.27,1.46,-,-4.17%,21.00%,-366.40%,2.97%,-,0.70,0.19%,"12,946,967"
SETH,-,-,-,-,-,-,-,-,-,-,-,-,-,46.71,-5.83%,"48,418"
SETM,-,-,-,-,-,-,-,-,-,-,-,-,-,30.22,3.00%,"126,675"
SEUS,-,-,-,-,-,-,-,-,-,-,-,-,-,25.34,-,"34,477,327"
SEV,67.44M,-,-,-,-,2.27,3.81,-,44.40%,28.61%,-59.29%,33.14%,-,1.84,0.82%,"229,446"
SEVN,189.13M,9.51,7.24,-,3.19,0.58,3.34,11.55,-14.67%,11.02%,-,-3.12%,22.98%,8.37,-1.06%,"85,757"
SEZL,6.13B,43.40,27.85,1.03,12.75,31.15,48.99,25.65,42.68%,27.88%,-,26.98%,50.26%,182.39,13.82%,"743,410"
SF,11.71B,14.86,10.60,0.77,1.79,2.22,4.00,10.32,19.15%,14.54%,7.16%,13.71%,10.65%,76.34,1.52%,"947,423"
SFBC,118.84M,15.82,-,-,1.91,1.08,-,17.87,-,-,-4.30%,-,7.77%,46.31,0.51%,"30,555"
SFBS,4.67B,15.77,11.91,-,4.58,2.44,-,12.63,21.90%,12.08%,10.10%,-,19.54%,85.47,0.65%,"276,339"
SFD,9.71B,9.63,9.56,9.37,0.62,1.42,7.01,12.17,3.91%,-2.53%,20.28%,1.02%,0.65%,24.69,-0.16%,"1,552,508"
SFEB,-,-,-,-,-,-,-,-,-,-,-,-,-,26.15,0.27%,689
SFGV,-,-,-,-,-,-,-,-,-,-,-,-,-,35.28,-0.00%,"8,560"
SFHG,9.82M,-,-,-,0.45,1.48,1.65,-,-,-,-,-,1.18%,2.42,-3.97%,"20,036"
SFIX,496.34M,-,-,-,0.37,2.46,2.66,27.24,39.42%,75.20%,19.39%,53.37%,-5.84%,3.72,2.76%,"1,165,171"
SFL,1.64B,49.11,16.26,0.13,2.27,1.70,12.23,9.93,203.06%,124.19%,37.36%,122.71%,9.25%,11.30,1.71%,"1,351,475"
SFLO,-,-,-,-,-,-,-,-,-,-,-,-,-,36.03,-0.59%,"47,728"
SFLR,-,-,-,-,-,-,-,-,-,-,-,-,-,38.86,0.41%,"173,178"
SFM,7.09B,14.48,12.70,1.82,0.80,4.97,27.82,19.65,4.99%,6.41%,16.89%,6.97%,6.36%,75.35,-5.42%,"2,307,218"
SFNC,3.32B,-,10.39,0.86,5.37,0.97,-,7.60,19.85%,6.35%,-,12.15%,-8.92%,22.92,-0.26%,"845,439"
SFST,580.64M,14.33,9.96,0.48,2.52,1.33,-,20.21,34.53%,22.20%,9.70%,20.74%,13.17%,61.41,-0.49%,"109,006"
SFTX,-,-,-,-,-,-,-,-,-,-,-,-,-,30.36,0.60%,"32,487"
SFTY,-,-,-,-,-,-,-,-,-,-,-,-,-,30.98,0.26%,"37,675"
SFWL,62.37M,5.23,-,-,0.11,0.47,1.62,-,-,-,14.37%,-,14.77%,0.76,0.75%,"6,509"
SFY,-,-,-,-,-,-,-,-,-,-,-,-,-,149.05,0.95%,"16,010"
SFYF,-,-,-,-,-,-,-,-,-,-,-,-,-,61.80,0.71%,"4,103"
SFYI,-,-,-,-,-,-,-,-,-,-,-,-,-,24.68,0.70%,"3,152"
SG,842.48M,56.99,-,-,1.25,1.72,5.37,-,89.95%,-531.85%,2.73%,18.90%,25.23%,7.09,-14.27%,"7,854,545"
SGA,57.72M,-,-,-,0.55,0.39,1.90,41.83,49.52%,30.77%,-30.59%,-,2.25%,9.07,0.00%,"9,453"
SGC,200.59M,22.49,15.40,0.72,0.35,1.04,8.66,7.25,31.88%,37.36%,-29.62%,21.25%,1.46%,12.83,-2.28%,"23,703"
SGDJ,-,-,-,-,-,-,-,-,-,-,-,-,-,75.82,2.03%,"33,556"
SGDM,-,-,-,-,-,-,-,-,-,-,-,-,-,61.41,0.80%,"46,365"
SGHC,7.52B,30.57,14.90,0.40,3.24,10.28,17.83,-,99.23%,16.02%,-32.32%,36.93%,16.60%,14.81,-2.37%,"2,863,205"
SGHT,274.77M,-,-,-,3.45,5.06,3.23,-,13.74%,20.98%,0.13%,14.82%,22.86%,5.05,-5.43%,"107,207"
SGI,15.20B,29.47,18.55,0.85,1.98,4.83,137.19,20.63,16.48%,23.89%,-9.69%,21.82%,8.68%,72.26,0.70%,"1,460,364"
SGLC,-,-,-,-,-,-,-,-,-,-,-,-,-,44.04,0.70%,"12,481"
SGLY,1.78M,-,-,-,1.34,0.19,0.80,-,-,-,53.35%,-,-22.62%,0.24,-14.98%,"11,215,541"
SGML,1.34B,-,7.16,-,12.76,18.45,88.40,-,410.80%,39.13%,-94.97%,-,-,11.99,3.18%,"1,269,589"
SGMT,474.49M,-,-,-,-,2.47,4.54,-,24.06%,-4.23%,-24.29%,0.87%,-,7.76,8.46%,"1,168,248"
SGOL,-,-,-,-,-,-,-,-,-,-,-,-,-,38.61,1.34%,"2,371,587"
SGOV,-,-,-,-,-,-,-,-,-,-,-,-,-,100.52,0.00%,"14,999,637"
SGP,668.33M,-,-,-,-,2.67,2.66,-,87.35%,-18.13%,-,43.50%,-,19.99,0.45%,"176,114"
SGRP,24.65M,-,-,-,0.19,354.29,5.72,-,-,-,-,-,-10.00%,0.87,1.40%,"2,323"
SGRT,-,-,-,-,-,-,-,-,-,-,-,-,-,34.27,2.23%,"20,036"
SGRW,-,-,-,-,-,-,-,-,-,-,-,-,-,25.39,0.82%,706
SGRY,1.98B,-,24.08,1.13,0.59,1.17,10.85,9.51,-8.72%,46.38%,28.11%,21.27%,12.21%,15.12,-5.38%,"2,180,777"
SGU,429.13M,5.40,-,-,0.23,1.00,35.20,44.20,-,-,11.29%,-,3.99%,13.07,0.23%,"21,279"
SGVA,-,-,-,-,-,-,-,-,-,-,-,-,-,100.32,0.01%,"10,623"
SGVT,-,-,-,-,-,-,-,-,-,-,-,-,-,100.62,0.03%,"265,936"
SH,-,-,-,-,-,-,-,-,-,-,-,-,-,32.86,-0.33%,"8,798,808"
SHAG,-,-,-,-,-,-,-,-,-,-,-,-,-,47.29,0.17%,"1,435"
SHAK,2.57B,61.05,39.80,2.57,1.72,4.61,8.20,161.38,-12.79%,31.16%,-,15.50%,22.55%,60.09,-3.36%,"1,798,187"
SHAZ,2.51B,-,-,-,-,12.94,14.51,-,33.35%,-12.66%,-,13.49%,-,71.26,4.39%,"1,916,007"
SHBI,757.44M,12.05,10.19,-,2.19,1.26,-,8.53,17.19%,6.46%,6.99%,-,37.25%,22.64,0.13%,"125,880"
SHC,5.07B,43.31,16.77,1.60,4.26,8.14,16.04,54.79,12.42%,9.62%,-,10.46%,7.30%,17.77,-2.20%,"3,573,483"
SHDG,-,-,-,-,-,-,-,-,-,-,-,-,-,32.89,0.18%,517
SHE,-,-,-,-,-,-,-,-,-,-,-,-,-,153.73,0.19%,"1,209"
SHEH,-,-,-,-,-,-,-,-,-,-,-,-,-,61.25,0.35%,"6,753"
SHEL,235.34B,13.14,9.59,0.71,0.88,1.37,10.18,12.91,59.34%,-12.31%,-,13.46%,8.53%,84.41,0.51%,"6,118,042"
SHEN,673.82M,-,-,-,1.86,0.78,9.48,-,-37.11%,21.11%,-,22.54%,10.14%,12.18,-3.87%,"434,498"
SHFS,1.35M,-,-,-,0.17,0.14,0.18,-,-,-,-,-,2.30%,0.21,2.15%,"417,948"
SHG,33.68B,9.94,8.18,0.70,1.20,0.95,-,11.03,18.65%,9.90%,4.13%,11.72%,3.51%,71.27,-2.34%,"418,341"
SHIM,152.06M,-,9.05,-,0.33,-,9.15,-,111.63%,720.00%,-,-,-3.68%,3.71,-5.36%,"52,301"
SHIP,312.91M,8.28,5.00,0.11,1.77,1.08,4.55,12.06,161.88%,-11.55%,-,45.59%,20.07%,14.82,0.20%,"160,800"
SHLD,-,-,-,-,-,-,-,-,-,-,-,-,-,60.22,-0.41%,"909,395"
SHLS,1.81B,54.02,20.88,1.13,3.37,3.00,960.23,-,13.66%,25.97%,-1.10%,18.46%,22.05%,10.76,14.47%,"5,051,105"
SHM,-,-,-,-,-,-,-,-,-,-,-,-,-,47.87,0.02%,"184,831"
SHMD,313.50M,-,-,-,4.08,-,169.46,-,-,-,-,-,-,4.52,3.91%,"561,947"
SHNY,-,-,-,-,-,-,-,-,-,-,-,-,-,8.07,3.73%,"406,490"
SHO,2.12B,94.98,61.13,-,2.15,1.30,12.70,23.70,1003.31%,-57.89%,-,-,29.08%,11.36,0.53%,"2,382,093"
SHOC,-,-,-,-,-,-,-,-,-,-,-,-,-,112.30,3.55%,"12,234"
SHOE,388.54M,10.57,7.76,5.01,0.34,0.58,3.00,6.25,-21.23%,23.16%,27.60%,1.55%,3.05%,14.31,-6.96%,"1,222,433"
SHOO,3.10B,40.30,15.73,0.56,1.18,3.40,40.20,35.66,25.19%,26.82%,-,28.18%,16.09%,42.44,0.21%,"734,032"
SHOP,163.09B,123.54,53.30,1.76,13.19,13.08,28.40,76.78,29.34%,27.87%,28.70%,30.26%,31.58%,125.68,0.75%,"4,817,272"
SHOTU,201.90M,-,-,-,-,-,-,-,-,-,-,-,-,10.01,0.00%,"27,287"
SHPH,2.66M,-,-,-,-,0.69,2.44,-,-,-,11.76%,-,-,4.16,40.54%,"53,359,812"
SHPP,-,-,-,-,-,-,-,-,-,-,-,-,-,34.40,0.48%,19
SHPU,-,-,-,-,-,-,-,-,-,-,-,-,-,13.40,1.51%,"97,897"
SHRD,-,-,-,-,-,-,-,-,-,-,-,-,-,24.88,0.21%,32
SHRT,-,-,-,-,-,-,-,-,-,-,-,-,-,6.43,0.24%,"13,352"
SHRY,-,-,-,-,-,-,-,-,-,-,-,-,-,43.80,-1.15%,"3,943"
SHV,-,-,-,-,-,-,-,-,-,-,-,-,-,110.19,0.03%,"2,048,932"
SHW,81.02B,31.52,24.85,2.77,3.38,18.28,373.54,27.89,2.75%,12.55%,6.86%,8.98%,5.12%,328.50,-0.14%,"1,486,230"
SHY,-,-,-,-,-,-,-,-,-,-,-,-,-,81.93,0.17%,"2,767,062"
SHYD,-,-,-,-,-,-,-,-,-,-,-,-,-,22.80,-0.02%,"93,309"
SHYG,-,-,-,-,-,-,-,-,-,-,-,-,-,42.22,0.14%,"1,265,355"
SHYL,-,-,-,-,-,-,-,-,-,-,-,-,-,44.14,0.15%,"23,069"
SHYM,-,-,-,-,-,-,-,-,-,-,-,-,-,22.33,-0.04%,"275,104"
SI,447.74M,-,-,-,8.31,3.36,4.13,-,63.59%,19.47%,-,38.21%,-,21.59,-3.53%,"79,276"
SIBN,749.94M,-,-,-,3.64,4.18,5.18,-,1.15%,16.62%,21.79%,18.87%,22.32%,16.91,-5.27%,"638,989"
SID,1.37B,-,-,-,0.17,0.56,0.53,-,54.88%,18.76%,-,-,6.59%,1.03,0.00%,"3,007,190"
SIDU,208.14M,-,-,-,59.47,2.91,7.61,-,-,-,34.02%,-,13.37%,2.07,0.00%,"5,978,919"
SIEB,68.37M,-,-,-,0.77,0.78,0.33,1.36,-,-,5.33%,-,11.41%,1.67,1.21%,"6,381"
SIF,142.97M,18.97,-,-,1.50,3.45,102.86,25.08,-,-,-,-,-5.67%,22.86,2.51%,"58,063"
SIFI,-,-,-,-,-,-,-,-,-,-,-,-,-,43.42,0.14%,14
SIFY,1.08B,-,300.70,-,2.14,6.62,20.26,-,140.24%,150.00%,-,-,9.17%,14.96,-0.47%,"42,628"
SIG,3.35B,11.96,6.94,0.61,0.49,1.78,5.57,5.91,12.48%,13.90%,-,11.39%,5.45%,85.30,0.83%,"408,956"
SIGA,245.29M,12.14,-,-,2.62,1.62,1.69,8.95,-,-,-14.51%,-,-5.42%,3.42,-5.26%,"456,343"
SIGI,5.77B,13.17,11.00,1.54,1.06,1.70,-,4.90,5.83%,12.19%,12.88%,7.12%,12.77%,96.34,-1.39%,"390,652"
SIHY,-,-,-,-,-,-,-,-,-,-,-,-,-,45.44,0.07%,"22,985"
SII,2.74B,32.35,20.53,0.59,6.99,7.19,15.67,21.65,80.69%,9.96%,18.83%,35.02%,17.55%,106.05,2.00%,"108,806"
SIJ,-,-,-,-,-,-,-,-,-,-,-,-,-,16.32,0.15%,"1,339"
SIL,-,-,-,-,-,-,-,-,-,-,-,-,-,75.53,1.71%,"658,028"
SILC,246.10M,-,-,-,3.69,2.12,7.03,-,37.59%,47.73%,-,-,-10.43%,43.13,1.08%,"127,645"
SILJ,-,-,-,-,-,-,-,-,-,-,-,-,-,25.36,2.71%,"2,464,686"
SILO,5.79M,-,-,-,82.72,0.98,0.92,-,-,-,26.52%,-,-,5.13,-2.84%,"447,700"
SIM,4.95B,40.64,-,-,2.99,1.34,3.16,-,-,-,-10.63%,-,-1.11%,29.84,0.00%,179
SIMA,89.92M,39.03,-,-,-,1.36,191.32,-,-,-,-,-,-,10.94,0.00%,273
SIMO,10.35B,61.34,27.42,0.42,9.75,11.42,50.01,-,150.15%,26.66%,9.77%,65.41%,10.39%,308.41,2.97%,"566,867"
SIMS,-,-,-,-,-,-,-,-,-,-,-,-,-,45.51,1.24%,107
SIMX,-,-,-,-,-,-,-,-,-,-,-,-,-,22.37,5.77%,"16,302"
SIND,1.88B,-,-,-,-,63.15,103.57,-,-,-,-,-,-,12.60,3.28%,"42,767"
SINT,9.92M,-,-,-,9.63,7.11,5.25,-,65.21%,33.13%,80.47%,50.66%,11.38%,1.56,0.00%,"16,834"
SIO,-,-,-,-,-,-,-,-,-,-,-,-,-,25.49,-0.02%,"11,591"
SION,1.92B,-,-,-,-,6.66,8.90,-,-37.12%,-8.15%,-,-19.37%,-,42.59,-3.09%,"275,951"
SIOO,-,-,-,-,-,-,-,-,-,-,-,-,-,19.85,0.44%,"17,658"
SIRI,10.23B,12.63,8.92,0.52,1.19,0.87,136.40,7.53,40.57%,8.71%,50.12%,17.24%,1.26%,30.39,-0.91%,"2,777,423"
SITC,221.97M,1.28,-,-,2.38,0.66,1.12,-,-,-,61.11%,-,-24.20%,4.23,-0.94%,"890,642"
SITE,4.69B,31.36,20.15,1.32,1.00,2.89,55.83,19.06,3.16%,22.58%,4.12%,15.26%,11.71%,105.84,0.48%,"436,000"
SITM,16.47B,-,56.44,0.76,43.34,14.21,20.88,303.43,148.49%,39.00%,-24.12%,73.96%,22.97%,623.83,3.53%,"278,327"
SIVR,-,-,-,-,-,-,-,-,-,-,-,-,-,55.89,1.93%,"670,132"
SIXA,-,-,-,-,-,-,-,-,-,-,-,-,-,56.13,-0.73%,"9,871"
SIXD,-,-,-,-,-,-,-,-,-,-,-,-,-,31.06,0.44%,"38,075"
SIXF,-,-,-,-,-,-,-,-,-,-,-,-,-,34.31,0.20%,"1,531"
SIXH,-,-,-,-,-,-,-,-,-,-,-,-,-,42.93,-0.77%,"22,118"
SIXJ,-,-,-,-,-,-,-,-,-,-,-,-,-,36.68,0.27%,"13,650"
SIXL,-,-,-,-,-,-,-,-,-,-,-,-,-,39.62,-0.72%,"2,605"
SIXO,-,-,-,-,-,-,-,-,-,-,-,-,-,36.02,0.12%,"6,975"
SIXP,-,-,-,-,-,-,-,-,-,-,-,-,-,33.93,0.13%,403
SIXS,-,-,-,-,-,-,-,-,-,-,-,-,-,58.58,-0.53%,"4,890"
SIXZ,-,-,-,-,-,-,-,-,-,-,-,-,-,31.68,0.06%,"10,326"
SIZE,-,-,-,-,-,-,-,-,-,-,-,-,-,178.69,-0.18%,"4,339"
SJ,40.76M,-,-,-,0.23,0.45,0.84,-,-,-,-,-,-1.06%,0.96,-2.04%,"2,051"
SJB,-,-,-,-,-,-,-,-,-,-,-,-,-,15.15,-0.25%,"28,331"
SJCP,-,-,-,-,-,-,-,-,-,-,-,-,-,24.97,-0.16%,"1,675"
SJLD,-,-,-,-,-,-,-,-,-,-,-,-,-,25.17,-0.04%,8
SJM,11.63B,-,10.09,1.30,1.28,2.09,198.46,10.06,9.78%,7.32%,-,7.75%,2.49%,108.81,-1.56%,"1,363,431"
SJNK,-,-,-,-,-,-,-,-,-,-,-,-,-,24.91,0.12%,"2,462,892"
SJT,123.52M,-,-,-,-,64.09,12351.78,-,-,-,-,-,-73.35%,2.65,-0.75%,"216,587"
SK,-,-,-,-,-,-,-,-,-,-,-,-,-,38.49,-,"307,402"
SKAIU,-,-,-,-,-,-,-,-,-,-,-,-,-,-,-,0
SKDD,-,-,-,-,-,-,-,-,-,-,-,-,-,11.22,-,"11,262,459"
SKE,3.34B,-,-,-,-,25.39,107.66,-,-,-,-1.31%,-,-,26.95,3.45%,"537,610"
SKF,-,-,-,-,-,-,-,-,-,-,-,-,-,23.72,-0.44%,"15,832"
SKHU,-,-,-,-,-,-,-,-,-,-,-,-,-,30.83,-,"1,675,137"
SKHX,-,-,-,-,-,-,-,-,-,-,-,-,-,23.14,-,"3,354,167"
SKHY,1404.87B,26.47,6.21,0.06,15.26,12.81,39.58,48.41,430.12%,47.22%,49.26%,102.69%,20.38%,193.92,27.29%,"72,647,673"
SKHZ,-,-,-,-,-,-,-,-,-,-,-,-,-,11.03,-,"1,599,900"
SKIL,61.70M,-,-,-,0.13,-,0.52,2.94,0.96%,-,1.82%,-,-,6.88,-2.82%,"93,070"
SKIN,111.84M,-,-,-,0.38,2.02,0.55,3.93,-95.83%,56.12%,28.16%,-2.70%,20.36%,0.86,2.66%,"859,847"
SKK,11.43M,-,-,-,1.15,1.56,18.15,-,-,-,-,-,2.82%,4.69,0.64%,"2,719"
SKM,11.93B,51.58,13.29,0.24,1.00,1.43,10.31,10.08,214.75%,8.68%,-25.81%,54.75%,-2.47%,31.38,-0.44%,"2,288,650"
SKOR,-,-,-,-,-,-,-,-,-,-,-,-,-,48.13,0.20%,"88,213"
SKRE,-,-,-,-,-,-,-,-,-,-,-,-,-,6.26,0.17%,"10,769"
SKT,4.58B,37.33,33.98,2.99,7.68,6.83,17.41,24.43,7.41%,10.38%,-,11.37%,8.15%,39.88,0.03%,"889,815"
SKUU,-,-,-,-,-,-,-,-,-,-,-,-,-,38.57,-,"5,622,183"
SKWD,2.37B,14.06,10.65,0.73,1.51,2.12,-,5.60,22.49%,11.80%,-,14.67%,25.94%,58.36,-2.34%,"535,583"
SKY,4.47B,22.30,20.24,3.29,1.68,2.84,7.00,16.64,-11.76%,18.46%,19.72%,6.15%,13.39%,81.43,1.58%,"562,497"
SKYA,49.10M,-,-,-,4.75,0.26,3.86,-,-,-,63.36%,-,-,1.16,1.75%,"68,281"
SKYE,21.80M,-,-,-,-,2.42,1.27,-,33.33%,-16.21%,28.34%,5.13%,-,0.62,-6.33%,"434,062"
SKYH,733.90M,58.62,-,-,23.93,2.65,3.91,-,-716.67%,68.47%,-,38.67%,-,9.59,-1.54%,"112,496"
SKYQ,16.30M,-,-,-,2.65,6.40,232.88,-,-,-,-101.38%,-,163.02%,3.40,-14.79%,"4,744,178"
SKYT,1.59B,13.87,-,-,2.94,8.82,71.60,-,-3400.00%,60.61%,-,-,25.78%,32.35,1.70%,"907,070"
SKYU,-,-,-,-,-,-,-,-,-,-,-,-,-,38.63,-0.87%,650
SKYW,3.85B,9.32,8.11,0.96,0.93,1.41,6.15,17.12,4.55%,10.78%,-,8.43%,13.79%,97.19,-0.60%,"306,318"
SKYX,168.11M,-,-,-,1.79,14.93,5.56,-,30.73%,49.73%,-16.30%,68.50%,223.83%,1.25,6.84%,"1,079,376"
SKYY,-,-,-,-,-,-,-,-,-,-,-,-,-,139.31,-0.49%,"314,807"
SLAB,7.19B,-,51.69,-,8.76,6.54,16.38,408.29,200.69%,52.44%,-,-,8.96%,218.00,-0.34%,"241,048"
SLAI,8.64M,-,-,-,0.35,0.30,1.49,-,-,-,23.53%,-,48.81%,3.14,-3.09%,"10,858"
SLB,71.08B,20.85,14.33,1.52,1.98,2.72,20.98,15.20,-13.02%,30.20%,-,9.43%,8.62%,47.54,0.38%,"9,407,535"
SLBT,2.46B,-,-,-,-,-,-,-,-,-,-,-,-,4.39,1.39%,"61,960"
SLDB,948.07M,-,-,-,-,2.53,2.49,-,2.82%,0.23%,39.94%,12.46%,-,9.63,-0.93%,"907,961"
SLDE,2.39B,5.80,5.91,2.15,1.89,2.20,-,2.42,5.69%,-0.45%,-,2.75%,-,20.88,-2.34%,"1,122,114"
SLDP,533.21M,-,-,-,28.36,1.01,2.09,-,14.71%,-11.49%,-19.69%,-1.29%,59.56%,2.37,6.28%,"3,917,358"
SLDR,-,-,-,-,-,-,-,-,-,-,-,-,-,49.67,0.12%,"17,514"
SLE,4.65M,-,-,-,0.40,0.29,0.41,-,73.71%,31.14%,69.66%,-,40.60%,2.89,1.05%,"11,611"
SLF,44.07B,20.55,12.89,2.37,1.54,2.70,-,3.81,4.06%,8.21%,7.57%,5.43%,-2.08%,79.53,1.35%,"542,378"
SLG,3.84B,-,-,-,3.70,1.16,11.34,90.02,-60.95%,26.60%,-,10.76%,-0.40%,49.87,3.12%,"941,348"
SLGB,24.51M,-,-,-,0.28,1.26,54.47,-,-,-,-,-,-,0.57,4.03%,"57,187"
SLGL,246.45M,-,-,-,13.35,4.79,4.66,-,-314.43%,-1.17%,29.88%,-,17.19%,75.39,2.00%,"18,890"
SLGN,4.72B,16.82,10.94,1.82,0.72,2.04,10.85,15.39,2.36%,7.38%,-0.52%,6.02%,5.66%,44.71,-0.51%,"1,253,237"
SLI,563.32M,-,-,-,-,1.55,3.96,-,73.91%,-58.33%,-7.52%,-,-,2.31,0.87%,"1,629,623"
SLJY,-,-,-,-,-,-,-,-,-,-,-,-,-,27.33,2.02%,"29,013"
SLM,4.81B,7.09,7.55,2.14,1.55,2.20,0.89,-,-9.72%,8.20%,8.97%,3.53%,6.50%,25.53,2.57%,"2,501,917"
SLMT,59.41M,-,-,-,11.40,0.03,3.12,-,-,-,-,-,83.26%,5.56,-16.14%,"163,407"
SLN,460.49M,-,-,-,548.21,9.32,6.57,-,15.22%,-17.06%,-4.20%,-0.94%,-39.70%,9.75,4.95%,"338,977"
SLND,36.67M,-,-,-,0.05,-,1.15,-,75.31%,44.29%,-517.53%,-,-,0.68,4.05%,"27,316"
SLNG,70.30M,-,7.96,-,1.15,1.12,5.12,9.94,-335.71%,255.74%,28.89%,-,10.43%,3.78,-3.94%,"13,636"
SLNH,176.68M,-,-,-,5.33,2.65,2.26,-,-,-,-,-,118.62%,1.12,0.00%,"12,454,370"
SLNZ,-,-,-,-,-,-,-,-,-,-,-,-,-,45.74,0.18%,259
SLON,-,-,-,-,-,-,-,-,-,-,-,-,-,19.43,5.20%,"21,701"
SLP,368.49M,45.52,20.65,-,4.49,2.65,7.37,15.02,-16.50%,2.62%,-,-,13.74%,18.22,-0.16%,"617,725"
SLQD,-,-,-,-,-,-,-,-,-,-,-,-,-,50.15,0.17%,"150,188"
SLQT,130.89M,60.84,-,-,0.08,0.34,3.72,-,-119.64%,-363.64%,-,-,23.49%,0.74,3.38%,"876,772"
SLRC,712.49M,7.94,9.80,-,3.29,0.72,1.78,94.75,-16.90%,0.90%,35.92%,-6.25%,18.28%,13.06,0.93%,"198,519"
SLS,2.49B,-,-,-,-,22.60,23.24,-,16.00%,40.48%,34.92%,-,-,13.39,6.10%,"6,100,148"
SLSN,45.21M,52.47,-,-,0.75,2.66,79.32,-,-,-,-0.94%,-,29.38%,0.64,-5.73%,"141,297"
SLSR,1.31B,-,-,-,-,-,101.59,22.23,-3.18%,54.02%,5.25%,-,-,7.84,4.53%,"175,432"
SLTY,-,-,-,-,-,-,-,-,-,-,-,-,-,22.53,0.50%,"25,061"
SLV,-,-,-,-,-,-,-,-,-,-,-,-,-,53.17,1.94%,"13,214,361"
SLVM,1.50B,14.96,6.87,0.28,0.46,1.53,11.57,150.36,-37.01%,146.97%,-3.39%,24.61%,2.18%,37.84,-3.67%,"379,359"
SLVO,-,-,-,-,-,-,-,-,-,-,-,-,-,64.72,1.57%,"58,988"
SLVP,-,-,-,-,-,-,-,-,-,-,-,-,-,30.53,2.28%,"240,660"
SLVR,-,-,-,-,-,-,-,-,-,-,-,-,-,49.80,2.60%,"89,053"
SLVX,-,-,-,-,-,-,-,-,-,-,-,-,-,13.56,2.21%,"4,893"
SLVY,-,-,-,-,-,-,-,-,-,-,-,-,-,20.22,1.91%,"1,133"
SLWS,-,-,-,-,-,-,-,-,-,-,-,-,-,101.21,0.19%,9
SLX,-,-,-,-,-,-,-,-,-,-,-,-,-,101.25,1.95%,"17,375"
SLXN,2.66M,-,-,-,-,2.69,1.09,-,40.74%,61.77%,-38.17%,43.92%,-,2.50,0.00%,"26,238"
SLYG,-,-,-,-,-,-,-,-,-,-,-,-,-,115.61,0.38%,"80,723"
SLYV,-,-,-,-,-,-,-,-,-,-,-,-,-,108.00,0.16%,"126,993"
SM,7.13B,12.55,4.00,0.31,1.88,1.04,15.87,12.51,28.85%,6.29%,-,12.81%,22.86%,29.72,-0.57%,"3,473,143"
SMA,1.97B,215.38,67.76,-,6.70,1.57,44.90,17.83,363.67%,-7.11%,26.29%,-,17.78%,33.19,0.12%,"313,217"
SMAX,-,-,-,-,-,-,-,-,-,-,-,-,-,27.97,0.15%,"6,775"
SMAY,-,-,-,-,-,-,-,-,-,-,-,-,-,28.19,0.28%,"3,357"
SMB,-,-,-,-,-,-,-,-,-,-,-,-,-,17.28,0.06%,"34,989"
SMBC,828.93M,12.56,11.57,-,2.64,1.45,-,9.22,19.82%,4.78%,11.58%,-,20.17%,75.25,0.09%,"67,785"
SMBK,796.62M,14.93,11.15,-,2.45,1.42,-,14.19,20.90%,14.10%,12.96%,-,18.75%,46.59,-0.32%,"77,421"
SMBS,-,-,-,-,-,-,-,-,-,-,-,-,-,25.17,0.36%,"649,150"
SMC,617.08M,-,-,-,1.09,0.79,12.46,16.81,42.24%,-,-,-,7.95%,30.34,0.40%,"26,297"
SMCC,-,-,-,-,-,-,-,-,-,-,-,-,-,23.70,0.18%,6
SMCF,-,-,-,-,-,-,-,-,-,-,-,-,-,39.47,0.18%,8
SMCI,17.89B,14.58,8.73,0.41,0.53,2.20,13.71,-,26.05%,22.01%,59.92%,21.17%,45.76%,27.65,-0.04%,"22,413,519"
SMCL,-,-,-,-,-,-,-,-,-,-,-,-,-,10.68,-0.21%,"396,636"
SMCO,-,-,-,-,-,-,-,-,-,-,-,-,-,30.07,0.59%,"19,889"
SMCP,-,-,-,-,-,-,-,-,-,-,-,-,-,25.09,1.84%,"2,422"
SMCX,-,-,-,-,-,-,-,-,-,-,-,-,-,7.74,-0.51%,"3,111,848"
SMCY,-,-,-,-,-,-,-,-,-,-,-,-,-,4.74,0.42%,"285,497"
SMCZ,-,-,-,-,-,-,-,-,-,-,-,-,-,9.79,0.10%,"187,200"
SMDD,-,-,-,-,-,-,-,-,-,-,-,-,-,7.98,-1.35%,"6,050"
SMDV,-,-,-,-,-,-,-,-,-,-,-,-,-,76.47,-0.31%,"44,248"
SMDX,-,-,-,-,-,-,-,-,-,-,-,-,-,26.64,0.33%,32
SMFG,167.03B,15.92,13.31,1.17,2.51,1.68,-,-,14.10%,10.67%,18.38%,11.37%,14.20%,26.26,1.16%,"2,149,708"
SMG,3.73B,35.78,13.38,1.12,1.10,-,601.71,9.83,16.41%,10.10%,-18.33%,11.94%,-3.75%,64.12,0.33%,"710,538"
SMH,-,-,-,-,-,-,-,-,-,-,-,-,-,600.31,2.51%,"7,581,088"
SMHB,-,-,-,-,-,-,-,-,-,-,-,-,-,4.14,-1.45%,"16,925"
SMHC,-,-,-,-,-,-,-,-,-,-,-,-,-,60.93,5.05%,"20,613"
SMHI,224.62M,-,-,-,1.04,0.91,2.98,-,-206.60%,20.92%,19.72%,-,9.94%,8.30,5.60%,"109,165"
SMHX,-,-,-,-,-,-,-,-,-,-,-,-,-,59.69,1.69%,"128,830"
SMID,156.59M,14.88,-,-,1.70,2.81,11.85,32.35,-,-,35.62%,-,16.33%,29.51,-2.25%,"10,140"
SMIG,-,-,-,-,-,-,-,-,-,-,-,-,-,33.29,0.51%,"284,040"
SMIN,-,-,-,-,-,-,-,-,-,-,-,-,-,69.94,-0.26%,"58,998"
SMIZ,-,-,-,-,-,-,-,-,-,-,-,-,-,43.25,0.64%,"18,551"
SMJF,140.25M,-,-,-,-,26.68,149.21,-,-,-,-,-,-,5.10,-1.73%,"1,325,722"
SMLF,-,-,-,-,-,-,-,-,-,-,-,-,-,87.06,0.42%,"109,851"
SMLL,-,-,-,-,-,-,-,-,-,-,-,-,-,21.28,-0.00%,232
SMLV,-,-,-,-,-,-,-,-,-,-,-,-,-,157.08,-0.25%,"2,940"
SMMD,-,-,-,-,-,-,-,-,-,-,-,-,-,89.69,0.25%,"146,857"
SMMT,12.01B,-,-,-,-,21.99,20.04,-,24.45%,-1.67%,-13.76%,29.98%,-,15.47,1.11%,"3,037,037"
SMMU,-,-,-,-,-,-,-,-,-,-,-,-,-,50.35,0.00%,"169,885"
SMMV,-,-,-,-,-,-,-,-,-,-,-,-,-,46.39,-0.23%,"6,671"
SMN,-,-,-,-,-,-,-,-,-,-,-,-,-,20.38,-0.48%,"3,412"
SMOG,-,-,-,-,-,-,-,-,-,-,-,-,-,140.97,1.52%,"1,666"
SMOM,-,-,-,-,-,-,-,-,-,-,-,-,-,28.11,0.39%,"1,292"
SMOT,-,-,-,-,-,-,-,-,-,-,-,-,-,39.04,-0.36%,"23,010"
SMOX,-,-,-,-,-,-,-,-,-,-,-,-,-,30.12,0.52%,"6,506"
SMP,827.97M,18.32,7.53,0.97,0.45,1.19,13.98,21.01,9.45%,12.27%,-6.07%,7.76%,9.68%,37.19,-1.20%,"195,788"
SMPL,1.09B,-,7.27,-,0.78,0.77,8.82,9.15,-14.26%,3.18%,8.87%,-1.31%,12.18%,12.35,-7.21%,"3,214,254"
SMR,3.14B,-,-,-,168.35,2.39,3.51,-,73.33%,-25.65%,-36.94%,35.58%,-,8.60,2.99%,"24,043,688"
SMRF,-,-,-,-,-,-,-,-,-,-,-,-,-,24.46,1.26%,"13,246"
SMRI,-,-,-,-,-,-,-,-,-,-,-,-,-,42.40,-0.62%,783
SMRT,187.26M,-,-,-,1.25,0.81,1.89,-,71.88%,38.89%,38.32%,-,23.73%,0.97,-1.14%,"1,317,737"
SMRX,-,-,-,-,-,-,-,-,-,-,-,-,-,22.44,5.45%,103
SMSI,12.98M,-,-,-,0.77,0.71,7.46,-,71.92%,78.05%,-,-,-19.48%,2.54,-1.93%,"29,613"
SMST,-,-,-,-,-,-,-,-,-,-,-,-,-,58.76,-12.10%,"180,272"
SMTC,13.17B,-,36.38,0.71,12.08,22.96,80.63,81.25,55.41%,46.22%,-,51.57%,12.03%,141.36,6.97%,"3,170,539"
SMTG,-,-,-,-,-,-,-,-,-,-,-,-,-,9.13,13.33%,"32,551"
SMTH,-,-,-,-,-,-,-,-,-,-,-,-,-,25.54,0.12%,"331,595"
SMTI,214.90M,-,50.43,-,2.00,30.58,15.81,63.77,450.00%,165.71%,-41.80%,-,45.92%,23.45,-5.90%,"40,665"
SMTK,4.05M,-,-,-,5.88,0.74,0.54,-,-,-,-7.22%,-,49.32%,0.19,-7.44%,"251,093"
SMU,-,-,-,-,-,-,-,-,-,-,-,-,-,6.03,5.24%,"1,102,336"
SMUP,-,-,-,-,-,-,-,-,-,-,-,-,-,4.75,6.26%,"156,323"
SMWB,578.16M,-,28.12,0.33,2.00,27.76,8.06,60.86,140.62%,62.57%,24.47%,85.22%,24.76%,6.60,-7.43%,"922,007"
SMX,11.38M,-,-,-,-,0.08,0.93,-,-,-,-,-,-,17.50,7.96%,"29,452"
SMXT,18.54M,-,-,-,0.19,-,4.30,-,-,-,-,-,-6.86%,0.33,-7.92%,"250,279"
SMYY,-,-,-,-,-,-,-,-,-,-,-,-,-,6.84,0.08%,"61,088"
SMZ,-,-,-,-,-,-,-,-,-,-,-,-,-,29.63,-4.79%,"15,635"
SN,21.21B,30.21,21.20,1.40,3.22,7.68,41.45,55.05,16.49%,14.97%,15.96%,15.17%,18.37%,149.89,0.07%,"1,421,949"
SNA,20.96B,20.89,19.11,-,4.01,3.52,11.95,19.45,3.15%,6.97%,10.89%,-,5.52%,404.62,0.88%,"327,997"
SNAG,-,-,-,-,-,-,-,-,-,-,-,-,-,4.45,1.21%,"16,104"
SNAL,38.21M,-,0.74,-,0.43,-,2.64,4.62,189.19%,77.27%,-,-,-8.25%,4.32,-6.29%,"250,143"
SNAP,7.76B,-,40.55,-,1.27,3.81,2.75,12.74,74.63%,268.49%,15.99%,-,18.80%,4.68,0.43%,"29,934,118"
SNAV,-,-,-,-,-,-,-,-,-,-,-,-,-,38.46,-0.14%,890
SND,217.51M,9.18,-,-,0.61,0.85,11.18,7.72,-,-,-48.55%,-,21.96%,5.06,5.42%,"254,195"
SNDA,1.89B,-,-,-,4.60,2.14,18.59,-,12.09%,74.66%,49.98%,-,-0.14%,40.02,-0.60%,"466,897"
SNDC,-,-,-,-,-,-,-,-,-,-,-,-,-,12.52,10.08%,"160,271"
SNDG,-,-,-,-,-,-,-,-,-,-,-,-,-,14.46,9.88%,"1,819,282"
SNDK,260.32B,61.11,8.49,-,19.74,18.88,69.70,58.37,2131.59%,210.19%,-,-,-,1757.82,5.01%,"9,630,859"
SNDL,338.39M,-,40.93,-,0.50,0.43,2.02,8.29,66.93%,325.00%,64.21%,-,71.68%,1.30,-0.76%,"955,631"
SNDQ,-,-,-,-,-,-,-,-,-,-,-,-,-,2.68,-10.37%,"132,905,474"
SNDR,6.47B,66.33,22.65,0.42,1.14,2.14,24.40,24.88,51.30%,71.07%,-13.15%,53.32%,4.50%,36.93,0.68%,"802,340"
SNDU,-,-,-,-,-,-,-,-,-,-,-,-,-,36.67,9.43%,"5,927,818"
SNDX,2.14B,-,-,-,9.83,51.33,6.07,-,46.54%,64.74%,-12.05%,-,157.68%,24.13,5.42%,"2,081,837"
SNES,7.26M,-,-,-,3.26,0.94,1.07,-,24.10%,15.88%,80.37%,29.96%,51.10%,1.37,-4.20%,"64,860"
SNEX,8.97B,20.20,18.07,0.95,0.06,3.32,4.23,0.90,56.74%,1.79%,8.97%,18.93%,19.58%,113.24,0.77%,"735,825"
SNFCA,263.73M,7.00,-,-,0.77,0.59,-,3.91,-,-,-11.00%,-,-6.44%,9.71,-0.31%,"19,219"
SNGX,5.48M,-,-,-,-,1.26,0.91,-,81.31%,37.50%,57.52%,-,-,0.37,4.85%,"472,429"
SNK,-,-,-,-,-,-,-,-,-,-,-,-,-,25.41,4.18%,"1,652,141"
SNN,12.57B,20.79,12.12,1.16,2.04,2.40,22.57,14.81,8.48%,11.25%,6.97%,10.43%,6.10%,29.83,-4.02%,"1,963,879"
SNOA,5.89M,-,-,-,0.30,0.71,2.45,-,-,-,47.50%,-,0.95%,1.23,-2.38%,"86,336"
SNOU,-,-,-,-,-,-,-,-,-,-,-,-,-,47.92,5.41%,"65,127"
SNOV,-,-,-,-,-,-,-,-,-,-,-,-,-,27.11,0.18%,"3,726"
SNOW,95.64B,-,101.52,2.29,19.00,49.31,32.37,81.77,54.47%,40.78%,-16.08%,44.34%,51.23%,275.94,2.71%,"5,385,338"
SNOY,-,-,-,-,-,-,-,-,-,-,-,-,-,10.90,1.96%,"254,093"
SNPD,-,-,-,-,-,-,-,-,-,-,-,-,-,30.02,-0.19%,698
SNPE,-,-,-,-,-,-,-,-,-,-,-,-,-,68.69,0.67%,"166,211"
SNPG,-,-,-,-,-,-,-,-,-,-,-,-,-,59.19,1.08%,"2,021"
SNPS,81.55B,98.53,24.61,1.48,9.40,2.68,32.78,30.96,14.53%,17.03%,13.58%,16.66%,13.86%,425.90,-1.83%,"1,372,221"
SNSR,-,-,-,-,-,-,-,-,-,-,-,-,-,47.48,-0.01%,"7,491"
SNT,41.77M,-,-,-,-,0.99,3.64,-,-,-,1.38%,-,-17.05%,1.79,-0.56%,"10,136"
SNTG,5.83M,-,-,-,83.34,0.74,11.67,-,-,-,-,-,-54.66%,2.08,-0.95%,"3,532"
SNTH,-,-,-,-,-,-,-,-,-,-,-,-,-,29.85,0.20%,"166,209"
SNTI,30.13M,-,-,-,753.34,11.75,3.37,-,62.03%,8.36%,65.37%,24.71%,-70.12%,0.97,0.78%,"59,299"
SNTQ,-,-,-,-,-,-,-,-,-,-,-,-,-,25.24,0.82%,"84,406"
SNWV,102.84M,36.59,-,-,2.32,55.92,9.54,26.23,-,-,-,-,61.12%,11.96,6.22%,"124,024"
SNX,20.23B,18.10,11.81,0.51,0.29,2.24,18.49,54.00,43.85%,12.90%,-0.52%,23.08%,25.63%,252.96,0.66%,"417,411"
SNXX,-,-,-,-,-,-,-,-,-,-,-,-,-,22.93,9.19%,"49,599,096"
SNY,103.82B,18.09,8.22,1.22,2.10,1.24,11.52,9.90,5.20%,6.95%,-15.52%,6.74%,3.69%,43.18,-1.86%,"2,245,277"
SNYR,2.90M,-,1.30,-,0.10,-,7.43,-,85.04%,178.95%,37.04%,-,0.69%,0.19,0.62%,"87,585"
SO,108.18B,24.54,19.48,2.53,3.59,2.91,109.60,-,6.42%,7.63%,6.75%,7.69%,7.86%,95.96,-0.53%,"2,626,866"
SOAR,7.55M,0.12,-,-,0.14,-,2.29,8.99,-,-,-,-,-,0.14,0.00%,"1,593,082"
SOBO,7.84B,19.78,18.94,10.76,4.82,2.94,13.08,12.93,-10.73%,12.77%,-,1.76%,-,37.57,0.91%,"1,154,735"
SOBR,3.29M,-,-,-,7.64,1.22,1.56,-,-,-,75.14%,-,-,1.17,-2.50%,"18,431,103"
SOC,820.19M,-,2.97,-,645.82,1.56,15.72,-,90.47%,448.11%,-,-,-,4.39,-0.90%,"8,040,949"
SOCA,241.30M,69.67,-,-,-,1.41,219.37,-,-,-,-,-,-,10.29,0.10%,"3,107"
SOCL,-,-,-,-,-,-,-,-,-,-,-,-,-,46.30,0.44%,"2,203"
SOEZ,-,-,-,-,-,-,-,-,-,-,-,-,-,13.45,2.83%,"9,128"
SOFA,-,-,-,-,-,-,-,-,-,-,-,-,-,15.86,3.91%,"72,282"
SOFC,-,-,-,-,-,-,-,-,-,-,-,-,-,24.63,4.36%,6
SOFI,23.79B,42.07,22.97,0.60,4.63,2.20,6.33,23.76,53.38%,35.02%,-,38.28%,44.73%,18.55,2.32%,"89,343,010"
SOFR,-,-,-,-,-,-,-,-,-,-,-,-,-,100.28,0.02%,"1,558"
SOFX,-,-,-,-,-,-,-,-,-,-,-,-,-,10.81,4.65%,"718,990"
SOGP,30.55M,1.55,-,-,0.07,0.74,0.32,-,-,-,-,-,14.67%,10.15,1.70%,"6,459"
SOHU,333.70M,1.63,-,-,0.56,0.26,0.41,-,-115.99%,-72.26%,-,-,-4.85%,12.80,0.31%,"25,514"
SOLC,-,-,-,-,-,-,-,-,-,-,-,-,-,15.43,2.73%,851
SOLM,-,-,-,-,-,-,-,-,-,-,-,-,-,8.66,3.42%,656
SOLS,10.06B,-,19.71,0.57,-,6.77,15.68,-,79.05%,20.49%,-,34.47%,-,63.36,3.77%,"4,328,054"
SOLT,-,-,-,-,-,-,-,-,-,-,-,-,-,35.07,5.47%,"296,111"
SOLV,13.21B,9.34,10.79,1.31,1.59,2.66,23.55,-,7.06%,8.11%,1.23%,8.23%,0.47%,76.28,-1.47%,"760,440"
SOLZ,-,-,-,-,-,-,-,-,-,-,-,-,-,7.73,2.79%,"671,266"
SON,5.26B,12.97,8.26,1.11,0.70,1.47,23.43,24.29,2.31%,10.22%,14.20%,7.42%,7.46%,53.20,-0.84%,"1,107,885"
SONM,6.45M,-,-,-,0.11,-,5.37,-,-,-,52.37%,-,-,4.33,-0.23%,"45,625"
SONO,1.81B,89.48,29.27,-,1.24,4.86,7.28,15.53,176.47%,33.33%,-22.55%,-,1.70%,15.22,1.20%,"1,596,980"
SONY,119.04B,-,14.60,1.26,1.44,2.51,8.57,12.10,18.39%,9.26%,-,11.58%,-0.48%,20.80,0.58%,"4,229,230"
SOPH,476.52M,-,-,-,5.87,8.93,7.29,-,25.85%,24.50%,-13.68%,27.28%,22.16%,5.68,-0.70%,"120,863"
SOR,378.38M,6.35,-,-,18.25,0.95,-,-,-,-,-,-,-,45.97,0.46%,"24,998"
SORA,46.50M,-,-,-,-,16.60,18.98,-,-,-,-,-,-,1.87,0.00%,"33,098"
SORN,345.60M,-,-,-,-,1.34,174.54,-,-,-,-,-,-,9.95,0.10%,6
SOS,9.70M,-,-,-,0.06,0.04,1.79,-,-,-,-,-,25.13%,1.02,0.99%,"11,657"
SOTK,83.93M,40.73,-,-,3.91,4.07,5.04,14.35,-4.55%,-,9.93%,-10.07%,7.11%,5.34,-0.37%,"27,875"
SOUL,269.14M,45.17,-,-,-,1.42,4485.67,-,-,-,-,-,-,10.38,0.00%,"11,180"
SOUN,2.91B,-,-,-,15.84,6.19,13.52,-,-1305.56%,-9.57%,-,-,-,6.69,3.08%,"32,582,837"
SOUX,-,-,-,-,-,-,-,-,-,-,-,-,-,12.08,6.08%,"60,544"
SOVF,-,-,-,-,-,-,-,-,-,-,-,-,-,30.40,-0.86%,"5,125"
SOWG,74.65M,-,-,-,10.27,-,32.18,-,-,-,0.85%,-,-,3.71,-0.54%,"19,792"
SOXL,-,-,-,-,-,-,-,-,-,-,-,-,-,176.66,6.83%,"49,269,350"
SOXQ,-,-,-,-,-,-,-,-,-,-,-,-,-,99.65,2.63%,"3,189,766"
SOXS,-,-,-,-,-,-,-,-,-,-,-,-,-,4.28,-7.96%,"493,152,915"
SOXX,-,-,-,-,-,-,-,-,-,-,-,-,-,567.92,2.58%,"7,372,256"
SOXY,-,-,-,-,-,-,-,-,-,-,-,-,-,99.83,1.59%,"15,566"
SOYB,-,-,-,-,-,-,-,-,-,-,-,-,-,25.24,-0.36%,"152,787"
SPAB,-,-,-,-,-,-,-,-,-,-,-,-,-,25.27,0.32%,"1,094,374"
SPAI,79.17M,-,-,-,48.28,5.13,5.35,-,40.00%,56.21%,-,-,-,3.84,4.07%,"62,505"
SPAL,-,-,-,-,-,-,-,-,-,-,-,-,-,15.90,-4.22%,"527,312"
SPAM,-,-,-,-,-,-,-,-,-,-,-,-,-,44.08,4.31%,"2,342"
SPAQ,-,-,-,-,-,-,-,-,-,-,-,-,-,93.61,0.49%,116
SPAX,-,-,-,-,-,-,-,-,-,-,-,-,-,9.60,-4.15%,"2,065,487"
SPB,1.95B,16.17,15.47,3.70,0.69,1.03,15.60,6.73,-3.18%,3.40%,12.93%,4.18%,1.39%,84.12,-0.67%,"265,373"
SPBC,-,-,-,-,-,-,-,-,-,-,-,-,-,47.94,0.89%,"1,936"
SPBO,-,-,-,-,-,-,-,-,-,-,-,-,-,28.62,0.14%,"209,332"
SPBU,-,-,-,-,-,-,-,-,-,-,-,-,-,30.32,0.33%,"11,268"
SPBW,-,-,-,-,-,-,-,-,-,-,-,-,-,28.83,0.18%,"15,256"
SPBX,-,-,-,-,-,-,-,-,-,-,-,-,-,29.34,0.20%,"22,337"
SPCB,50.13M,33.53,8.44,-,1.76,1.39,4.53,-,-43.72%,-3.96%,-,-,18.84%,11.27,0.18%,"79,438"
SPCE,272.62M,-,-,-,208.10,0.95,1.09,-,53.74%,75.91%,37.89%,-,45.35%,2.61,7.85%,"18,495,054"
SPCF,-,-,-,-,-,-,-,-,-,-,-,-,-,15.85,-4.46%,"852,118"
SPCG,-,-,-,-,-,-,-,-,-,-,-,-,-,25.91,4.27%,"1,051,145"
SPCH,-,-,-,-,-,-,-,-,-,-,-,-,-,9.51,-4.47%,"10,227,411"
SPCI,-,-,-,-,-,-,-,-,-,-,-,-,-,25.66,3.50%,"19,967"
SPCK,-,-,-,-,-,-,-,-,-,-,-,-,-,22.20,0.07%,"2,906"
SPCL,-,-,-,-,-,-,-,-,-,-,-,-,-,28.62,-3.28%,"166,548"
SPCM,-,-,-,-,-,-,-,-,-,-,-,-,-,16.08,-4.23%,"756,533"
SPCQ,-,-,-,-,-,-,-,-,-,-,-,-,-,19.79,3.45%,"1,424,093"
SPCT,-,-,-,-,-,-,-,-,-,-,-,-,-,27.61,-0.13%,"16,948"
SPCU,-,-,-,-,-,-,-,-,-,-,-,-,-,12.72,-4.36%,"885,248"
SPCX,1805.39B,-,-,-,-,51.53,76.04,-,-,-,-,-,-,136.08,-2.20%,"46,694,833"
SPCZ,-,-,-,-,-,-,-,-,-,-,-,-,-,26.06,0.00%,0
SPD,-,-,-,-,-,-,-,-,-,-,-,-,-,41.74,0.45%,"3,972"
SPDF,-,-,-,-,-,-,-,-,-,-,-,-,-,27.62,0.49%,"14,337"
SPDG,-,-,-,-,-,-,-,-,-,-,-,-,-,45.80,-1.66%,625
SPDN,-,-,-,-,-,-,-,-,-,-,-,-,-,8.63,-0.46%,"36,023,756"
SPDV,-,-,-,-,-,-,-,-,-,-,-,-,-,39.27,-0.32%,"6,708"
SPDW,-,-,-,-,-,-,-,-,-,-,-,-,-,50.03,1.15%,"2,342,324"
SPE,144.05M,6.85,-,-,18.86,0.83,-,-,-,-,-,-,-,13.56,1.04%,"38,208"
SPEG,157.93M,153.73,-,-,-,1.43,658.04,-,-,-,-,-,-,10.30,0.00%,"5,009"
SPEM,-,-,-,-,-,-,-,-,-,-,-,-,-,51.27,0.61%,"1,557,558"
SPEU,-,-,-,-,-,-,-,-,-,-,-,-,-,54.74,0.53%,"23,451"
SPFF,-,-,-,-,-,-,-,-,-,-,-,-,-,9.41,0.80%,"36,988"
SPFI,807.57M,11.79,10.18,-,2.69,1.37,-,10.64,12.43%,7.18%,6.84%,-,-0.20%,42.18,-1.33%,"128,425"
SPG,71.76B,40.49,31.38,-,10.79,14.89,132.16,20.18,-52.71%,5.24%,6.99%,-17.98%,6.70%,221.28,0.82%,"1,611,333"
SPGI,129.91B,27.77,21.09,1.74,8.26,4.17,71.77,23.38,10.39%,11.78%,8.69%,12.09%,15.56%,438.87,0.24%,"1,109,167"
SPGM,-,-,-,-,-,-,-,-,-,-,-,-,-,85.49,0.49%,"66,945"
SPGP,-,-,-,-,-,-,-,-,-,-,-,-,-,123.22,-0.86%,"152,369"
SPH,1.22B,9.24,9.24,-,0.87,1.64,140.83,9.17,0.30%,-2.93%,10.90%,-0.47%,5.27%,18.34,-0.76%,"140,720"
SPHB,-,-,-,-,-,-,-,-,-,-,-,-,-,147.80,1.45%,"487,991"
SPHD,-,-,-,-,-,-,-,-,-,-,-,-,-,51.98,-0.38%,"772,349"
SPHL,33.85M,-,-,-,5.66,5.99,11.43,-,-,-,-,-,-,2.76,-5.80%,"22,627"
SPHQ,-,-,-,-,-,-,-,-,-,-,-,-,-,87.03,0.24%,"1,075,313"
SPHR,4.90B,71.11,-,-,3.70,2.24,7.78,14.71,-445.50%,23.12%,-1.70%,-,9.84%,137.02,-5.49%,"635,924"
SPHY,-,-,-,-,-,-,-,-,-,-,-,-,-,23.32,0.17%,"3,734,190"
SPIB,-,-,-,-,-,-,-,-,-,-,-,-,-,33.21,0.24%,"4,280,479"
SPIN,-,-,-,-,-,-,-,-,-,-,-,-,-,32.55,0.52%,"4,513"
SPIP,-,-,-,-,-,-,-,-,-,-,-,-,-,25.32,0.04%,"289,905"
SPIR,583.17M,9.22,-,-,9.18,5.33,11.79,-,41.37%,55.39%,-,-,20.22%,14.50,3.65%,"620,737"
SPIT,-,-,-,-,-,-,-,-,-,-,-,-,-,33.16,0.41%,"9,971"
SPKL,108.23M,-,-,-,-,6.04,832.57,-,-,-,-,-,-,12.50,3.31%,"38,122"
SPLB,-,-,-,-,-,-,-,-,-,-,-,-,-,21.78,0.18%,"2,463,454"
SPLS,-,-,-,-,-,-,-,-,-,-,-,-,-,54.36,0.28%,"2,016"
SPLV,-,-,-,-,-,-,-,-,-,-,-,-,-,75.91,-0.65%,"1,812,803"
SPMB,-,-,-,-,-,-,-,-,-,-,-,-,-,22.12,0.45%,"1,137,721"
SPMC,225.73M,-,7.44,-,3.41,1.14,38.85,2.64,-26.35%,8.44%,-,-,-,10.99,3.10%,"31,131"
SPMD,-,-,-,-,-,-,-,-,-,-,-,-,-,66.23,0.47%,"1,376,651"
SPMO,-,-,-,-,-,-,-,-,-,-,-,-,-,152.86,2.09%,"1,656,995"
SPNT,2.91B,6.16,8.92,1.32,0.89,1.25,-,8.89,0.95%,7.70%,19.84%,6.77%,29.83%,24.73,-1.79%,"466,122"
SPOG,-,-,-,-,-,-,-,-,-,-,-,-,-,6.79,0.09%,"6,846"
SPOK,219.73M,17.40,-,-,1.61,1.56,12.86,8.61,-,-,-,-,-1.17%,10.52,-0.28%,"146,656"
SPOT,98.92B,38.32,26.79,1.19,4.87,10.72,9.82,25.91,20.63%,24.02%,-,22.52%,16.64%,481.06,0.25%,"1,148,920"
SPPL,32.49M,-,-,-,7.20,7.20,10.09,-,-,-,-17.76%,-,11.97%,3.32,-5.14%,"21,253"
SPPP,-,-,-,-,-,-,-,-,-,-,-,-,-,13.19,2.81%,"558,523"
SPRB,127.60M,-,14.95,0.33,-,1.84,2.36,-,51.65%,112.62%,11.80%,45.86%,-,46.36,-4.18%,"88,884"
SPRC,2.45M,-,-,-,2.85,0.04,0.53,-,-,-,-13.87%,-,-,4.27,-6.56%,"57,283"
SPRE,-,-,-,-,-,-,-,-,-,-,-,-,-,21.30,-0.02%,"55,544"
SPRO,98.44M,6.98,2.54,-,1.80,1.86,1.75,13.60,-293.33%,331.03%,-,-,197.00%,1.70,-22.02%,"11,306,840"
SPRU,43.72M,-,-,-,0.39,0.37,0.51,51.43,-,-,24.18%,-,40.62%,2.38,2.15%,"22,578"
SPRX,-,-,-,-,-,-,-,-,-,-,-,-,-,48.66,0.96%,"73,361"
SPRY,755.70M,-,-,-,7.63,12.33,3.76,-,0.83%,46.11%,-12.85%,56.00%,-,7.61,-1.68%,"1,908,165"
SPSB,-,-,-,-,-,-,-,-,-,-,-,-,-,29.90,0.17%,"3,030,622"
SPSC,2.32B,26.35,12.13,1.02,3.05,2.43,15.06,13.92,11.06%,10.04%,14.36%,11.95%,19.17%,63.30,-0.05%,"804,805"
SPSK,-,-,-,-,-,-,-,-,-,-,-,-,-,17.91,-0.11%,"279,338"
SPSM,-,-,-,-,-,-,-,-,-,-,-,-,-,56.51,0.25%,"1,562,189"
SPT,509.69M,-,7.15,0.32,1.09,2.37,4.49,10.92,12.61%,28.37%,-3.70%,22.16%,28.04%,8.48,-0.93%,"876,500"
SPTB,-,-,-,-,-,-,-,-,-,-,-,-,-,29.80,0.24%,"20,417"
SPTE,-,-,-,-,-,-,-,-,-,-,-,-,-,46.71,0.78%,"34,074"
SPTI,-,-,-,-,-,-,-,-,-,-,-,-,-,28.17,0.21%,"2,412,612"
SPTL,-,-,-,-,-,-,-,-,-,-,-,-,-,25.61,0.20%,"4,659,264"
SPTM,-,-,-,-,-,-,-,-,-,-,-,-,-,91.27,0.36%,"387,932"
SPTS,-,-,-,-,-,-,-,-,-,-,-,-,-,28.93,0.14%,"1,121,583"
SPTU,-,-,-,-,-,-,-,-,-,-,-,-,-,25.05,0.04%,168
SPTX,1.09B,-,-,-,-,-,5.99,-,80.29%,60.99%,-,56.85%,-,20.44,1.69%,"263,141"
SPUC,-,-,-,-,-,-,-,-,-,-,-,-,-,49.61,0.48%,"1,959"
SPUS,-,-,-,-,-,-,-,-,-,-,-,-,-,57.26,0.46%,"233,704"
SPUT,-,-,-,-,-,-,-,-,-,-,-,-,-,28.28,0.13%,188
SPUU,-,-,-,-,-,-,-,-,-,-,-,-,-,217.55,0.61%,"24,795"
SPVM,-,-,-,-,-,-,-,-,-,-,-,-,-,75.78,-0.36%,"16,063"
SPWH,46.82M,-,-,-,0.04,0.28,22.84,3.52,40.18%,14.93%,-,-,-3.59%,1.20,-0.83%,"357,414"
SPWO,-,-,-,-,-,-,-,-,-,-,-,-,-,32.66,0.71%,"50,444"
SPWR,94.87M,-,1.23,-,0.34,-,10.00,-,39.29%,705.88%,-453.75%,-,-,0.63,-2.76%,"1,495,227"
SPXC,10.92B,41.54,23.98,1.69,4.65,4.78,69.75,40.47,18.86%,13.13%,17.66%,14.22%,14.96%,218.02,1.34%,"371,490"
SPXD,-,-,-,-,-,-,-,-,-,-,-,-,-,28.63,-0.47%,"1,031"
SPXE,-,-,-,-,-,-,-,-,-,-,-,-,-,81.10,0.39%,444
SPXL,-,-,-,-,-,-,-,-,-,-,-,-,-,275.63,1.07%,"1,605,719"
SPXN,-,-,-,-,-,-,-,-,-,-,-,-,-,82.32,0.43%,218
SPXS,-,-,-,-,-,-,-,-,-,-,-,-,-,26.02,-1.03%,"10,097,012"
SPXT,-,-,-,-,-,-,-,-,-,-,-,-,-,109.89,-0.16%,"7,998"
SPXU,-,-,-,-,-,-,-,-,-,-,-,-,-,36.44,-1.09%,"8,769,278"
SPXV,-,-,-,-,-,-,-,-,-,-,-,-,-,82.75,0.62%,210
SPXX,335.44M,8.37,-,-,83.87,0.97,-,-,-,-,-,-,-,18.66,1.08%,"257,041"
SPY,-,-,-,-,-,-,-,-,-,-,-,-,-,751.83,0.36%,"35,144,129"
SPYA,-,-,-,-,-,-,-,-,-,-,-,-,-,30.18,0.16%,11
SPYC,-,-,-,-,-,-,-,-,-,-,-,-,-,45.86,0.49%,"4,494"
SPYD,-,-,-,-,-,-,-,-,-,-,-,-,-,48.51,-0.33%,"877,815"
SPYG,-,-,-,-,-,-,-,-,-,-,-,-,-,119.36,1.07%,"3,845,716"
SPYH,-,-,-,-,-,-,-,-,-,-,-,-,-,56.21,0.28%,"61,148"
SPYI,-,-,-,-,-,-,-,-,-,-,-,-,-,53.56,0.36%,"1,981,829"
SPYM,-,-,-,-,-,-,-,-,-,-,-,-,-,88.50,0.36%,"6,921,314"
SPYQ,-,-,-,-,-,-,-,-,-,-,-,-,-,188.76,0.74%,554
SPYT,-,-,-,-,-,-,-,-,-,-,-,-,-,17.37,0.23%,"68,592"
SPYU,-,-,-,-,-,-,-,-,-,-,-,-,-,33.94,1.77%,"987,748"
SPYV,-,-,-,-,-,-,-,-,-,-,-,-,-,61.56,-0.45%,"1,616,561"
SPYX,-,-,-,-,-,-,-,-,-,-,-,-,-,61.67,0.36%,"122,376"
SQFT,3.39M,-,-,-,0.21,0.18,0.66,-,-,-,-0.35%,-,-7.14%,2.36,-2.88%,"7,925"
SQLT,-,-,-,-,-,-,-,-,-,-,-,-,-,28.24,0.08%,504
SQLV,-,-,-,-,-,-,-,-,-,-,-,-,-,52.41,-0.58%,"1,364"
SQM,10.42B,25.64,10.78,0.21,1.97,3.56,2.70,9.66,230.02%,-0.49%,27.12%,52.44%,20.12%,72.95,1.40%,"926,372"
SQMX,-,-,-,-,-,-,-,-,-,-,-,-,-,34.33,0.12%,"60,516"
SQNS,46.89M,-,-,-,1.84,0.65,4.41,-,36.04%,84.71%,-,-,-12.42%,3.13,3.30%,"21,324"
SQQQ,-,-,-,-,-,-,-,-,-,-,-,-,-,38.63,-3.30%,"51,166,817"
SQS,-,-,-,-,-,-,-,-,-,-,-,-,-,28.21,1.37%,"2,718"
SR,4.81B,14.29,14.75,1.28,1.90,1.41,97.20,-,-7.22%,33.91%,24.93%,11.55%,5.94%,81.39,-1.25%,"372,820"
SRAD,4.63B,60.46,19.77,0.46,3.01,4.47,12.48,9.53,26.62%,69.60%,57.89%,42.55%,25.83%,15.03,-3.59%,"2,003,855"
SRBK,141.51M,46.44,-,-,2.79,0.78,-,18.82,-,-,-,-,-,19.28,0.73%,"17,770"
SRCE,1.96B,12.38,11.60,-,3.26,1.53,-,9.69,6.14%,3.28%,15.32%,-,11.31%,81.50,-0.29%,"112,018"
SRE,61.03B,31.72,16.92,1.99,4.52,1.89,76.67,-,8.97%,7.99%,-15.67%,8.48%,3.85%,93.36,-1.11%,"2,330,509"
SRET,-,-,-,-,-,-,-,-,-,-,-,-,-,22.79,1.13%,"31,746"
SRFM,96.30M,-,-,-,0.89,-,23.15,-,79.11%,33.13%,-6.05%,53.34%,70.02%,0.86,1.52%,"1,703,448"
SRG,149.26M,-,-,-,9.63,0.50,2.54,-,-,-,14.67%,-,-31.14%,2.65,0.76%,"85,443"
SRHQ,-,-,-,-,-,-,-,-,-,-,-,-,-,46.64,-0.66%,16
SRHR,-,-,-,-,-,-,-,-,-,-,-,-,-,59.95,0.17%,178
SRI,201.60M,-,-,-,0.25,1.29,2.86,-,-,-,-65.92%,-,5.85%,7.14,-2.72%,"116,188"
SRL,83.13M,-,-,-,3.14,0.38,4.47,26.22,-,-,1.88%,-,-21.30%,5.46,0.92%,"23,767"
SRLN,-,-,-,-,-,-,-,-,-,-,-,-,-,40.33,-0.02%,"1,008,465"
SROI,-,-,-,-,-,-,-,-,-,-,-,-,-,37.05,0.67%,149
SRPT,1.90B,-,18.78,-,0.87,1.26,2.90,19.39,150.96%,-73.68%,-0.05%,-,32.41%,17.96,-4.57%,"2,962,206"
SRRK,6.44B,-,-,-,-,23.21,13.43,-,4.00%,20.43%,-3.21%,25.79%,-,53.78,-1.68%,"1,089,898"
SRS,-,-,-,-,-,-,-,-,-,-,-,-,-,39.46,0.77%,"3,038"
SRTA,456.86M,-,-,-,1.80,1.60,7.74,-,74.27%,84.62%,20.42%,-,-,5.28,5.39%,"805,598"
SRTS,50.70M,-,-,-,2.25,1.11,2.77,-,11.17%,72.46%,-2.60%,-,23.47%,3.08,0.00%,"6,830"
SRTY,-,-,-,-,-,-,-,-,-,-,-,-,-,22.76,-1.04%,"1,607,537"
SRV,317.33M,462.73,-,-,-,-,-,-,-,-,-,-,-,50.90,1.80%,"83,066"
SRVR,-,-,-,-,-,-,-,-,-,-,-,-,-,30.86,-0.36%,"53,505"
SRXH,45.09M,-,-,-,-,0.88,1.73,-,-,-,63.29%,-,-31.27%,2.31,-15.69%,"9,641,485"
SRZN,254.03M,-,-,-,33.92,-,2.38,-,59.65%,69.00%,4.68%,52.75%,-,21.88,-4.08%,"226,204"
SSAC,237.68M,454.55,-,-,-,1.49,766.72,-,-,-,-,-,-,10.00,-0.10%,"21,117"
SSB,9.83B,10.85,9.74,0.66,2.60,1.09,-,-,20.01%,9.44%,29.14%,14.66%,26.55%,100.68,0.24%,"941,473"
SSBI,88.93M,15.01,-,-,1.52,0.88,-,6.58,-,-,-8.50%,-,7.49%,13.32,-1.62%,"13,359"
SSCP,-,-,-,-,-,-,-,-,-,-,-,-,-,25.71,0.44%,"3,049"
SSD,7.78B,22.16,19.36,1.95,3.27,3.77,22.82,21.85,10.05%,7.74%,14.09%,9.94%,12.97%,189.18,1.93%,"358,149"
SSEA,78.49M,106.53,-,-,-,1.33,1308.21,-,-,-,-,-,-,10.28,0.19%,318
SSFI,-,-,-,-,-,-,-,-,-,-,-,-,-,21.14,0.24%,146
SSG,-,-,-,-,-,-,-,-,-,-,-,-,-,12.06,-7.02%,"875,513"
SSII,734.48M,-,-,-,15.18,13.47,31.11,-,0.00%,0.00%,33.24%,44.97%,-,3.67,0.82%,"144,446"
SSK,-,-,-,-,-,-,-,-,-,-,-,-,-,10.44,2.86%,"49,698"
SSL,6.87B,53.11,4.02,-,0.49,0.77,2.84,8.53,-35.90%,8.66%,-,-9.98%,2.45%,10.77,-1.10%,"1,350,099"
SSM,9.53M,-,-,-,68.05,-,39.70,-,-,-,-,-,-,3.93,1.03%,"5,341"
SSMG,-,-,-,-,-,-,-,-,-,-,-,-,-,26.52,0.62%,13
SSMR,1.86B,-,-,-,-,36.38,100.15,-,-,-,-,-,-,12.96,-1.52%,"55,703"
SSNC,16.09B,20.68,8.88,1.00,2.51,2.35,5.26,9.47,12.65%,8.79%,6.07%,8.89%,6.09%,66.79,-1.87%,"1,369,334"
SSO,-,-,-,-,-,-,-,-,-,-,-,-,-,68.15,0.71%,"3,751,830"
SSP,257.23M,-,-,-,0.12,0.31,2.71,16.88,117.38%,-286.92%,-,-,2.97%,2.81,-5.39%,"803,540"
SSPC,-,-,-,-,-,-,-,-,-,-,-,-,-,15.38,4.55%,"8,929,544"
SSPY,-,-,-,-,-,-,-,-,-,-,-,-,-,97.36,-0.61%,"10,468"
SSRM,5.77B,26.79,5.77,0.18,3.05,1.66,8.56,15.24,109.61%,14.33%,12.99%,32.10%,13.82%,27.81,-0.29%,"3,079,846"
SSS,-,-,-,-,-,-,-,-,-,-,-,-,-,20.43,0.90%,13
SST,26.02M,-,-,-,0.11,-,0.50,-,-,-,-12.46%,-,-,2.60,-0.38%,"24,092"
SSTI,109.98M,-,-,-,1.10,1.63,7.72,25.11,8.56%,61.58%,-,-,17.89%,8.49,-0.93%,"53,169"
SSTK,279.58M,-,-,-,0.30,0.51,1.72,2.43,-213.20%,81.63%,-8.66%,-,8.23%,7.61,-7.76%,"1,981,488"
SSUS,-,-,-,-,-,-,-,-,-,-,-,-,-,55.19,0.34%,"33,939"
SSXU,-,-,-,-,-,-,-,-,-,-,-,-,-,35.50,1.26%,631
SSYS,717.82M,-,46.28,-,1.31,0.88,3.02,-,-20.00%,50.00%,30.84%,-,1.14%,8.33,0.48%,"398,740"
ST,6.50B,138.04,11.06,1.27,1.75,2.27,10.23,12.41,8.15%,9.21%,-27.19%,8.72%,4.05%,44.67,0.61%,"1,115,441"
STAA,1.36B,-,28.58,-,4.69,3.83,8.31,-,171.29%,34.18%,-,-,7.93%,27.34,-1.58%,"508,853"
STAG,7.52B,30.38,34.58,-,8.71,2.10,192.13,94.62,-23.44%,1.79%,2.07%,-4.04%,11.82%,39.34,0.67%,"3,159,016"
STAK,-,-,-,-,-,-,-,-,-,-,-,-,-,2.23,-40.13%,"588,541"
STAX,-,-,-,-,-,-,-,-,-,-,-,-,-,25.43,0.04%,"4,789"
STBA,1.76B,13.69,12.80,-,3.07,1.24,-,12.17,7.20%,1.95%,45.61%,-,8.41%,48.82,-0.12%,"232,842"
STBF,-,-,-,-,-,-,-,-,-,-,-,-,-,25.34,0.04%,"4,960"
STBQ,-,-,-,-,-,-,-,-,-,-,-,-,-,21.06,2.12%,"5,631"
STC,2.10B,15.38,9.52,0.64,0.68,1.28,-,13.65,20.95%,22.37%,-8.24%,14.92%,5.01%,68.88,-0.78%,"135,653"
STCE,-,-,-,-,-,-,-,-,-,-,-,-,-,65.54,2.20%,"165,518"
STE,20.34B,26.31,17.12,1.89,3.43,2.84,46.27,20.92,9.76%,9.19%,11.37%,9.08%,13.82%,208.73,-3.83%,"886,161"
STEM,59.21M,-,-,-,0.39,-,1.62,-,26.83%,20.38%,34.80%,31.95%,33.90%,6.61,1.38%,"107,959"
STEN,-,-,-,-,-,-,-,-,-,-,-,-,-,27.75,0.33%,"1,248"
STEP,5.18B,-,13.10,0.83,2.59,-,4.63,12.67,14.33%,34.19%,-,15.83%,20.01%,43.42,1.42%,"743,852"
STEW,1.76B,10.12,-,-,54.18,0.79,-,-,-,-,-,-,-,18.22,0.22%,"71,494"
STEX,86.30M,-,2.51,-,-,0.51,2.82,-,96.99%,213.79%,12.41%,-,-,0.83,-1.48%,"638,950"
STFS,18.98M,-,-,-,0.95,0.98,172.53,-,-,-,-,-,-,15.90,-10.52%,"27,481"
STG,18.95M,0.97,-,-,0.07,0.34,0.17,-,-,-,-,-,-2.52%,3.73,-0.53%,"6,463"
STGW,1.88B,105.71,6.28,0.25,0.64,2.65,16.37,6.85,26.97%,14.73%,-35.60%,24.74%,26.71%,7.59,-3.56%,"728,352"
STHH,-,-,-,-,-,-,-,-,-,-,-,-,-,14.16,1.98%,"6,392"
STHO,109.82M,-,-,-,0.94,0.46,2.37,-,-,-,-,-,-20.86%,9.09,-0.55%,"22,061"
STI,63.98M,-,-,-,639.76,-,1599.39,-,-,-,-575.18%,-,-,7.53,-1.70%,"96,093"
STIM,123.17M,-,-,-,0.81,9.28,6.41,-,21.52%,27.01%,16.51%,19.31%,24.81%,1.77,-1.12%,"1,076,746"
STIP,-,-,-,-,-,-,-,-,-,-,-,-,-,101.28,-0.01%,"677,466"
STK,912.41M,5.82,-,-,-,-,-,-,-,-,-,-,-,51.65,2.32%,"34,569"
STKE,46.49M,-,-,-,-,1.38,178.80,-,-71.54%,86.45%,-160.48%,-,135.00%,1.21,-5.47%,"194,155"
STKH,0.92M,-,-,-,-,0.16,0.28,-,-,-,52.35%,-,-,0.52,-0.62%,"47,730"
STKS,61.23M,-,2.30,-,0.08,-,9.25,-,118.03%,153.00%,-55.59%,-,41.52%,1.94,-0.51%,"24,990"
STLA,16.45B,-,3.95,-,0.09,0.24,0.44,-,262.35%,79.16%,-,-,26.10%,5.69,2.15%,"24,797,990"
STLD,33.65B,25.00,12.10,0.37,1.77,3.68,60.47,50.62,105.78%,17.29%,25.23%,32.67%,13.61%,233.35,-0.34%,"954,318"
STLR,-,-,-,-,-,-,-,-,-,-,-,-,-,22.04,1.39%,321
STLU,-,-,-,-,-,-,-,-,-,-,-,-,-,18.96,2.86%,"2,186"
STM,62.33B,455.98,26.66,0.28,5.02,3.51,13.63,388.11,143.94%,103.47%,-31.59%,94.67%,2.85%,70.13,2.42%,"12,341,369"
STN,7.82B,22.05,13.97,0.92,1.30,3.23,30.53,15.94,14.23%,11.00%,21.34%,15.22%,10.57%,68.59,-0.26%,"457,324"
STNC,-,-,-,-,-,-,-,-,-,-,-,-,-,36.98,-0.23%,320
STNE,2.75B,4.52,4.95,0.59,4.62,1.17,1.41,5.29,7.96%,10.92%,22.14%,8.39%,15.31%,11.30,1.35%,"5,261,125"
STNG,4.03B,7.65,12.18,3.07,3.89,1.18,4.09,8.61,128.18%,-49.17%,34.68%,3.97%,0.48%,77.87,0.76%,"571,257"
STOK,1.81B,-,-,-,56.55,4.59,5.28,-,-2675.00%,4.98%,40.50%,-,-,29.13,-1.12%,"560,309"
STOT,-,-,-,-,-,-,-,-,-,-,-,-,-,46.86,0.07%,"73,857"
STOX,-,-,-,-,-,-,-,-,-,-,-,-,-,31.15,0.17%,"11,979"
STPZ,-,-,-,-,-,-,-,-,-,-,-,-,-,52.90,-0.00%,"20,308"
STRA,1.90B,14.85,10.39,0.64,1.50,1.16,11.34,10.93,16.29%,12.62%,7.47%,16.25%,4.30%,84.08,-1.91%,"249,423"
STRC,32.72B,-,-,-,-,-,-,-,-,-,-,-,-,88.21,1.37%,"1,289,336"
STRL,20.85B,60.76,28.26,0.73,7.23,17.53,40.74,47.37,73.65%,27.31%,44.26%,38.51%,11.77%,679.62,2.97%,"895,127"
STRN,-,-,-,-,-,-,-,-,-,-,-,-,-,27.36,2.04%,"4,871"
STRO,431.33M,-,-,-,4.33,-,2.13,-,62.06%,13.41%,-17.92%,31.48%,19.12%,26.03,-6.50%,"219,597"
STRR,42.06M,-,11.30,-,0.22,0.69,3.03,-,-130.00%,318.84%,-37.28%,-,11.16%,11.38,1.61%,582
STRS,163.33M,7.59,-,-,5.70,0.77,2.20,-,-,-,-,-,-7.57%,20.46,-2.25%,"118,870"
STRT,337.31M,13.32,14.32,3.69,0.58,1.37,3.15,5.83,15.06%,-8.97%,-,3.88%,7.96%,80.72,-0.48%,"79,036"
STRW,183.14M,21.47,16.89,-,1.16,14.95,2.63,2.07,12.50%,19.63%,-,-,-,13.64,1.04%,"17,948"
STRZ,461.04M,-,-,-,-,0.96,4.52,-,-,-,-70.97%,-,-18.84%,27.46,0.22%,"184,245"
STSM,-,-,-,-,-,-,-,-,-,-,-,-,-,18.77,0.48%,"14,286"
STT,50.83B,18.63,12.59,0.73,2.35,2.10,-,-,26.04%,12.12%,8.26%,17.35%,14.10%,183.65,3.08%,"2,700,421"
STTK,568.44M,-,-,-,568.44,4.96,6.29,-,27.44%,-2.43%,4.36%,5.91%,-36.82%,6.29,-2.18%,"749,941"
STUB,4.01B,-,15.89,-,2.23,2.55,2.62,12.08,107.24%,47.82%,-17.13%,-,117.76%,10.67,3.59%,"5,627,308"
STVN,5.41B,32.99,24.15,1.43,3.88,3.07,42.05,934.53,11.80%,19.01%,11.33%,16.85%,12.15%,19.82,0.20%,"254,218"
STWD,6.16B,17.25,8.68,1.88,3.10,0.92,9.25,10.29,-0.25%,13.49%,-0.11%,4.62%,10.58%,16.61,0.91%,"4,149,819"
STX,196.94B,83.37,30.96,0.40,17.89,180.00,171.70,81.65,83.98%,90.40%,12.31%,77.13%,-2.84%,878.31,2.05%,"3,771,510"
STXD,-,-,-,-,-,-,-,-,-,-,-,-,-,39.50,0.35%,"1,961"
STXE,-,-,-,-,-,-,-,-,-,-,-,-,-,49.03,2.24%,"14,121"
STXF,-,-,-,-,-,-,-,-,-,-,-,-,-,48.56,0.30%,"40,973"
STXG,-,-,-,-,-,-,-,-,-,-,-,-,-,55.38,0.61%,"3,053"
STXK,-,-,-,-,-,-,-,-,-,-,-,-,-,38.21,0.41%,"2,376"
STXL,-,-,-,-,-,-,-,-,-,-,-,-,-,38.56,3.85%,"97,686"
STXS,156.38M,-,-,-,5.01,10.86,10.70,-,23.00%,32.47%,-17.98%,-,3.99%,1.60,-2.44%,"672,281"
STXT,-,-,-,-,-,-,-,-,-,-,-,-,-,19.44,0.00%,"7,319"
STXU,-,-,-,-,-,-,-,-,-,-,-,-,-,14.67,4.41%,"62,662"
STXV,-,-,-,-,-,-,-,-,-,-,-,-,-,38.28,-0.29%,"4,537"
STXX,-,-,-,-,-,-,-,-,-,-,-,-,-,48.06,4.39%,"37,957"
STYL,-,-,-,-,-,-,-,-,-,-,-,-,-,26.09,-0.61%,209
STZ,22.43B,12.53,-,-,2.48,2.74,232.19,12.23,-0.15%,-,0.84%,3.81%,1.19%,131.34,-2.36%,"1,945,530"
SU,72.07B,16.03,11.38,0.59,1.95,2.20,30.75,13.80,101.80%,-21.17%,-,19.14%,13.74%,61.04,-0.38%,"4,496,488"
SUB,-,-,-,-,-,-,-,-,-,-,-,-,-,106.25,-0.01%,"315,693"
SUGP,2.50M,-,-,-,0.10,0.07,0.77,-,-,-,-,-,16.60%,0.56,4.65%,"542,337"
SUI,14.76B,10.89,44.12,-,6.26,2.19,29.70,34.64,-79.54%,22.39%,51.87%,-,10.68%,119.78,-0.84%,"2,362,816"
SUIG,92.94M,-,-,-,-,0.92,14.85,-,78.45%,69.37%,-,-,-,1.21,1.68%,"108,523"
SUIL,-,-,-,-,-,-,-,-,-,-,-,-,-,7.10,10.86%,"39,210"
SUIS,-,-,-,-,-,-,-,-,-,-,-,-,-,19.79,5.76%,900
SUJA,367.33M,-,20.86,-,-,9.08,12.94,-,115.67%,385.11%,-,-,-,9.51,-2.66%,"76,939"
SUMA,225.14M,-,-,-,-,1.69,268.03,-,-,-,-,-,-,9.92,-0.10%,193
SUN,14.81B,18.31,9.80,0.18,0.48,1.44,20.63,16.95,264.49%,-17.97%,7.19%,55.48%,18.67%,72.33,2.16%,"481,333"
SUNB,29.67B,-,15.63,1.29,-,4.01,1023.27,-,8.25%,15.06%,-,12.07%,-,72.42,-1.90%,"1,715,447"
SUNC,3.79B,-,16.74,12.31,-,1.46,5.28,-,15.38%,-22.49%,-,1.36%,-,73.58,3.53%,"508,956"
SUNE,11.96M,-,-,-,0.18,0.49,7.08,-,-,-,79.13%,-,54.84%,2.90,-14.71%,"7,648,485"
SUNS,111.66M,8.28,6.27,-,3.52,0.61,19.73,-,37.10%,3.33%,-,-,-,8.26,1.72%,"69,602"
SUPL,-,-,-,-,-,-,-,-,-,-,-,-,-,47.52,0.46%,212
SUPN,2.71B,-,11.91,0.64,3.49,2.51,7.05,32.93,-23.13%,57.54%,-,18.55%,6.68%,46.66,-1.46%,"824,025"
SUPP,-,-,-,-,-,-,-,-,-,-,-,-,-,83.08,1.12%,57
SUPV,735.23M,-,7.41,-,0.47,1.07,-,-,280.77%,111.92%,-,-,-1.35%,9.65,1.26%,"394,997"
SUPX,196.54M,-,-,-,34.54,1.54,1.05,-,-,-,-147.69%,-,-11.19%,7.37,3.80%,"109,903"
SURE,-,-,-,-,-,-,-,-,-,-,-,-,-,148.76,0.45%,971
SURG,8.64M,-,6.88,-,0.14,-,3.57,-,61.11%,107.14%,18.59%,-,0.92%,0.34,5.17%,"2,051,990"
SURI,-,-,-,-,-,-,-,-,-,-,-,-,-,18.19,1.28%,"3,063"
SUSA,-,-,-,-,-,-,-,-,-,-,-,-,-,155.22,0.39%,"23,999"
SUSB,-,-,-,-,-,-,-,-,-,-,-,-,-,24.85,0.18%,"85,880"
SUSC,-,-,-,-,-,-,-,-,-,-,-,-,-,22.84,0.22%,"174,331"
SUSL,-,-,-,-,-,-,-,-,-,-,-,-,-,133.00,0.42%,"8,741"
SUZ,10.07B,4.85,6.43,-,1.11,1.10,2.35,13.07,-32.96%,-9.36%,-,-17.82%,8.72%,8.15,0.49%,"2,724,405"
SVAC,337.33M,-,-,-,-,-,503.48,-,-,-,-,-,-,9.12,0.00%,0
SVAL,-,-,-,-,-,-,-,-,-,-,-,-,-,42.07,-0.10%,"8,102"
SVAQ,295.56M,-,-,-,-,1.41,208.14,-,-,-,-,-,-,10.08,0.00%,"28,855"
SVC,1.11B,-,-,-,0.64,0.58,28.10,-,43.28%,66.76%,8.43%,-,7.46%,8.54,-3.61%,"1,782,206"
SVCC,168.38M,41.45,-,-,-,1.50,935.42,-,-,-,-,-,-,10.60,0.04%,"1,005"
SVCO,334.71M,-,36.99,-,5.02,4.29,30.62,-,116.55%,405.98%,-,-,-,10.22,1.29%,"265,114"
SVIV,313.41M,-,-,-,-,1.41,290.20,-,-,-,-,-,-,10.22,0.20%,18
SVIX,-,-,-,-,-,-,-,-,-,-,-,-,-,24.41,1.43%,"2,206,000"
SVM,2.07B,-,5.78,0.13,4.74,2.20,4.91,11.85,45.48%,61.76%,-,43.65%,17.93%,9.38,1.74%,"2,674,967"
SVOL,-,-,-,-,-,-,-,-,-,-,-,-,-,16.21,0.43%,"149,177"
SVRA,1.17B,-,-,-,-,6.62,5.75,-,-0.94%,44.73%,8.57%,-,-,5.69,-0.87%,"1,858,901"
SVRE,2.39M,-,-,-,8.24,0.16,0.54,-,-,-,68.50%,-,26.24%,2.57,-1.15%,"49,806"
SVRN,15.09M,-,-,-,-,-,-,-,-,-,66.49%,-,8.42%,8.04,0.50%,"4,124"
SVV,1.49B,73.63,16.47,0.97,0.87,3.48,24.22,25.32,7.37%,21.77%,-,16.96%,15.02%,9.69,0.10%,"1,383,606"
SVXY,-,-,-,-,-,-,-,-,-,-,-,-,-,58.00,0.59%,"1,056,606"
SW,22.43B,59.80,12.83,0.56,0.72,1.25,33.29,21.17,14.19%,42.89%,-12.44%,22.75%,26.24%,42.91,-0.56%,"3,845,028"
SWAG,37.54M,99.50,-,-,0.32,1.20,2.94,24.07,-,-,-,-,25.21%,2.00,-2.91%,"20,585"
SWAN,-,-,-,-,-,-,-,-,-,-,-,-,-,33.19,0.41%,"6,755"
SWBI,679.41M,37.27,-,-,1.30,1.80,20.37,7.51,23.17%,-,-38.18%,-,-13.13%,15.19,-3.00%,"464,048"
SWIM,711.52M,88.47,22.81,1.04,1.29,1.79,25.89,39.18,15.93%,37.54%,-6.90%,21.99%,6.24%,6.06,2.36%,"711,517"
SWK,13.58B,35.80,14.05,1.02,0.89,1.51,39.61,18.72,14.95%,15.81%,-18.72%,13.81%,2.99%,87.37,0.97%,"1,262,900"
SWKS,8.51B,23.52,10.99,9.90,2.10,1.48,5.99,12.11,-15.86%,3.20%,-8.50%,1.11%,4.02%,56.58,-2.85%,"4,483,222"
SWMR,451.67M,-,154.07,-,-,25.13,19.24,-,96.08%,162.79%,-,-,-,41.60,4.05%,"173,775"
SWP,-,-,-,-,-,-,-,-,-,-,-,-,-,27.87,-1.10%,"5,930"
SWVL,14.65M,12.07,-,-,0.61,2.48,3.32,-,-,-,-,-,-,1.47,1.38%,"5,688"
SWX,6.69B,14.42,19.02,1.18,2.67,1.63,13.79,-,16.35%,14.36%,7.97%,16.09%,-10.07%,92.38,0.61%,"610,810"
SWZ,76.68M,-,-,-,-,-,-,-,-,-,-,-,-,5.91,-0.34%,"23,751"
SXC,727.19M,-,63.48,-,0.39,1.25,6.97,9.43,141.35%,-37.21%,-,-,6.63%,8.57,1.78%,"770,134"
SXI,3.78B,38.01,31.31,2.08,4.27,4.98,36.43,69.58,8.55%,14.98%,7.42%,15.03%,5.50%,311.88,1.41%,"158,562"
SXQG,-,-,-,-,-,-,-,-,-,-,-,-,-,32.08,-0.42%,"1,641"
SXT,4.83B,33.58,24.14,1.20,2.92,3.97,125.41,220.80,12.56%,20.06%,4.08%,20.18%,3.89%,113.54,-0.40%,"418,533"
SXTC,77.65M,-,-,-,68.11,0.08,2.76,-,-,-,84.85%,-,-24.94%,2.41,-5.49%,"33,800"
SXTP,3.89M,-,-,-,2.97,-,1.16,-,71.91%,35.05%,37.74%,62.88%,-11.18%,1.46,0.69%,"32,576"
SY,141.58M,-,-,-,0.61,0.77,1.11,-,46.66%,77.93%,-,-,2.47%,1.67,-2.34%,"66,673"
SYBT,2.27B,15.83,13.88,-,3.97,2.06,-,15.60,3.44%,12.89%,12.93%,-,23.10%,76.99,0.57%,"190,466"
SYF,24.78B,7.63,7.02,0.82,1.31,1.63,1.21,2.52,0.21%,12.81%,32.48%,8.55%,8.31%,73.68,0.64%,"2,814,365"
SYFI,-,-,-,-,-,-,-,-,-,-,-,-,-,35.59,0.11%,"58,094"
SYK,119.25B,36.03,18.61,1.70,4.72,5.19,40.22,26.09,9.89%,11.58%,14.84%,10.95%,11.84%,311.07,-6.15%,"4,053,002"
SYLD,-,-,-,-,-,-,-,-,-,-,-,-,-,81.10,-0.15%,"24,926"
SYM,26.31B,-,52.46,0.89,10.45,8.08,13.10,35.15,127.21%,62.47%,-278.76%,59.22%,-,43.66,2.90%,"1,001,359"
SYNA,4.80B,-,23.30,1.07,4.09,3.50,11.87,49.62,27.40%,14.34%,-,21.79%,-4.24%,122.84,3.10%,"582,631"
SYNX,7.03M,-,-,-,1.21,1.29,2.31,-,-,-,-77.96%,-,-11.77%,1.06,-0.93%,"26,401"
SYPR,46.48M,-,-,-,0.40,3.36,9.58,-,-,-,-,-,7.80%,2.02,0.50%,"25,170"
SYRE,8.59B,-,-,-,-,15.15,11.59,-,-52.10%,-6.56%,44.61%,-23.61%,-,98.95,5.57%,"2,776,366"
SYSB,-,-,-,-,-,-,-,-,-,-,-,-,-,87.74,0.23%,"45,052"
SYY,39.62B,22.98,16.73,2.81,0.47,17.25,20.85,21.76,2.86%,7.98%,54.79%,5.95%,9.00%,82.85,-0.73%,"2,786,290"
SYZ,-,-,-,-,-,-,-,-,-,-,-,-,-,30.18,0.39%,280
SZK,-,-,-,-,-,-,-,-,-,-,-,-,-,21.83,2.69%,222
SZZL,221.25M,40.00,-,-,-,1.42,340.39,-,-,-,-,-,-,10.38,0.10%,"18,301"
T,147.86B,7.14,8.36,0.78,1.17,1.35,12.02,8.52,9.31%,9.81%,-,10.70%,-6.06%,21.28,-1.25%,"53,556,176"
TABD,-,-,-,-,-,-,-,-,-,-,-,-,-,24.81,0.16%,12
TAC,4.15B,-,35.75,0.56,2.59,12.45,17.33,11.21,57.85%,77.21%,12.86%,64.06%,3.29%,13.93,0.00%,"1,657,666"
TACH,359.49M,39.26,-,-,-,1.31,718.98,-,-,-,-,-,-,10.42,-0.62%,"10,630"
TACK,-,-,-,-,-,-,-,-,-,-,-,-,-,31.72,-0.24%,"4,548"
TACN,-,-,-,-,-,-,-,-,-,-,-,-,-,28.39,0.79%,44
TACO,394.70M,39.04,-,-,-,1.32,1879.50,-,-,-,-,-,-,10.52,0.10%,"54,101"
TACT,54.26M,-,-,-,1.03,1.68,2.88,8.09,58.33%,-100.00%,29.77%,-,10.97%,5.28,-1.22%,"18,201"
TACU,-,-,-,-,-,-,-,-,-,-,-,-,-,27.49,0.35%,687
TAFI,-,-,-,-,-,-,-,-,-,-,-,-,-,25.15,-0.04%,"473,724"
TAFL,-,-,-,-,-,-,-,-,-,-,-,-,-,25.16,0.14%,"3,873"
TAFM,-,-,-,-,-,-,-,-,-,-,-,-,-,25.52,0.08%,"210,128"
TAGG,-,-,-,-,-,-,-,-,-,-,-,-,-,42.19,0.27%,"132,890"
TAGS,-,-,-,-,-,-,-,-,-,-,-,-,-,24.90,0.17%,"2,291"
TAIL,-,-,-,-,-,-,-,-,-,-,-,-,-,10.53,0.10%,"159,691"
TAJX,-,-,-,-,-,-,-,-,-,-,-,-,-,25.34,-0.25%,6
TAK,52.14B,-,26.90,1.07,1.74,1.11,13.94,10.34,-5.82%,68.05%,-,25.04%,-0.17%,16.39,-0.61%,"5,055,788"
TAL,4.18B,10.97,-,-,1.38,1.51,1.21,-,-11.83%,-,-,9.11%,-7.71%,10.30,-0.39%,"2,172,750"
TALK,874.41M,915.79,26.43,0.28,3.67,7.73,10.38,-,223.25%,52.75%,-,95.74%,24.61%,5.22,-0.19%,"1,257,733"
TALO,2.36B,-,58.66,-,1.36,1.26,6.12,7.18,152.89%,-45.66%,16.33%,-,25.32%,14.16,-0.49%,"1,443,216"
TALV,-,-,-,-,-,-,-,-,-,-,-,-,-,28.00,0.07%,78
TAN,-,-,-,-,-,-,-,-,-,-,-,-,-,55.13,3.78%,"623,346"
TANH,5.71M,0.79,-,-,0.15,0.02,0.17,-,-,-,63.54%,-,-1.93%,0.40,-2.18%,"1,994,692"
TAOP,13.06M,-,-,-,0.42,0.66,6.13,-,-,-,59.47%,-,22.74%,1.36,-1.45%,"4,534"
TAOX,27.95M,-,-,-,40.50,1.20,0.97,-,-,-,50.64%,-,-,3.74,1.63%,"34,131"
TAOZ,-,-,-,-,-,-,-,-,-,-,-,-,-,88.51,0.15%,"3,006"
TAP,7.32B,-,7.86,-,0.65,0.69,19.12,6.27,-12.92%,4.76%,-19.68%,-0.28%,2.91%,38.86,-2.56%,"3,224,359"
TAPR,-,-,-,-,-,-,-,-,-,-,-,-,-,26.53,0.11%,512
TARA,229.87M,-,-,-,-,1.24,1.69,-,1.60%,-19.50%,22.18%,25.24%,-,4.09,-2.15%,"416,098"
TARK,-,-,-,-,-,-,-,-,-,-,-,-,-,46.23,3.52%,"4,166"
TARS,2.41B,-,18.64,-,4.51,6.92,6.21,-,37.95%,405.08%,-3.80%,-,-,56.11,-5.40%,"2,079,500"
TASK,531.15M,5.11,3.77,1.95,0.44,1.93,3.49,6.03,-18.23%,15.43%,25.37%,1.93%,19.88%,5.80,3.20%,"917,870"
TATT,574.64M,34.48,21.96,1.13,3.25,3.18,11.22,45.28,12.93%,30.29%,-,19.37%,18.76%,44.26,4.56%,"281,949"
TAVI,170.91M,49.15,-,-,-,1.41,502.68,-,-,-,-,-,-,10.66,0.09%,31
TAX,-,-,-,-,-,-,-,-,-,-,-,-,-,30.81,0.05%,14
TAXE,-,-,-,-,-,-,-,-,-,-,-,-,-,51.06,-0.03%,"17,787"
TAXF,-,-,-,-,-,-,-,-,-,-,-,-,-,50.57,-0.04%,"48,395"
TAXI,-,-,-,-,-,-,-,-,-,-,-,-,-,51.15,0.03%,"2,261"
TAXM,-,-,-,-,-,-,-,-,-,-,-,-,-,50.12,0.04%,"2,324"
TAXS,-,-,-,-,-,-,-,-,-,-,-,-,-,50.28,0.03%,510
TAXT,-,-,-,-,-,-,-,-,-,-,-,-,-,51.44,0.06%,8
TAXX,-,-,-,-,-,-,-,-,-,-,-,-,-,50.58,0.04%,"10,064"
TAYD,180.14M,17.69,14.54,1.19,3.73,2.57,4.32,32.11,3.99%,23.00%,27.02%,12.19%,10.28%,55.96,0.41%,"39,647"
TBBB,4.88B,-,-,-,1.07,20.06,21.61,46.74,28.95%,71.79%,0.15%,-,37.13%,40.46,-3.02%,"662,845"
TBBK,2.75B,12.88,8.20,-,3.21,3.97,-,13.06,20.12%,36.49%,29.10%,-,23.92%,66.17,-0.48%,"297,141"
TBCH,254.64M,404.73,10.48,0.49,0.85,2.25,20.67,11.14,-8.31%,73.37%,-20.14%,21.61%,-2.34%,12.83,-0.23%,"431,675"
TBF,-,-,-,-,-,-,-,-,-,-,-,-,-,24.84,-0.12%,"220,421"
TBFC,-,-,-,-,-,-,-,-,-,-,-,-,-,29.27,0.42%,251
TBFG,-,-,-,-,-,-,-,-,-,-,-,-,-,32.52,0.58%,310
TBG,-,-,-,-,-,-,-,-,-,-,-,-,-,37.12,-0.54%,"33,434"
TBI,263.91M,-,13.93,-,0.16,1.03,10.94,-,64.22%,356.16%,16.72%,-,-2.63%,8.68,0.93%,"194,897"
TBIL,-,-,-,-,-,-,-,-,-,-,-,-,-,49.93,0.00%,"1,273,443"
TBJL,-,-,-,-,-,-,-,-,-,-,-,-,-,19.22,0.17%,"1,499"
TBLA,1.50B,14.60,18.30,0.49,0.77,1.57,9.99,6.59,237.18%,-31.56%,-,37.10%,753.13%,5.49,-1.44%,"1,920,803"
TBLD,704.84M,4.95,-,-,-,-,-,-,-,-,-,-,-,21.97,0.78%,"39,687"
TBLL,-,-,-,-,-,-,-,-,-,-,-,-,-,105.72,0.02%,"138,635"
TBLU,-,-,-,-,-,-,-,-,-,-,-,-,-,51.50,0.43%,"1,705"
TBN,1.11B,-,5.50,0.12,-,1.82,10.88,-,58.58%,102.83%,2.95%,45.05%,-,31.81,0.32%,"83,459"
TBPH,876.94M,7.67,9.07,-,7.99,3.00,2.22,3.26,28.91%,-29.79%,-,-17.11%,8.38%,16.92,0.12%,"544,634"
TBRG,393.60M,86.66,8.89,-,1.14,2.19,11.11,8.82,-4.32%,15.91%,-21.66%,-,5.57%,26.24,0.00%,0
TBT,-,-,-,-,-,-,-,-,-,-,-,-,-,36.65,-0.41%,"383,879"
TBUX,-,-,-,-,-,-,-,-,-,-,-,-,-,49.85,0.04%,"429,022"
TBX,-,-,-,-,-,-,-,-,-,-,-,-,-,28.55,-0.45%,"98,497"
TBXU,-,-,-,-,-,-,-,-,-,-,-,-,-,31.31,-2.24%,823
TC,3.73M,-,-,-,0.73,0.07,5.26,-,-,-,-,-,-55.62%,2.17,-1.36%,"337,700"
TCAF,-,-,-,-,-,-,-,-,-,-,-,-,-,41.64,0.10%,"577,605"
TCAI,-,-,-,-,-,-,-,-,-,-,-,-,-,50.29,0.94%,"38,381"
TCAL,-,-,-,-,-,-,-,-,-,-,-,-,-,22.65,-0.66%,"76,025"
TCAN,-,-,-,-,-,-,-,-,-,-,-,-,-,22.47,-0.32%,"1,759"
TCBI,4.45B,13.71,12.13,1.00,2.21,1.35,-,10.08,11.76%,10.75%,43.43%,12.16%,10.06%,101.98,0.11%,"353,251"
TCBK,1.88B,14.90,13.54,-,3.45,1.42,-,13.59,14.05%,2.92%,11.38%,-,10.80%,58.81,-2.10%,"2,061,039"
TCBS,50.21M,16.32,-,-,1.95,0.93,-,21.28,-,-,44.92%,-,15.65%,17.40,-1.47%,"3,424"
TCBX,668.00M,11.10,9.20,-,1.73,1.03,-,-,3.50%,11.54%,31.13%,-,34.06%,40.26,-0.96%,"94,531"
TCHI,-,-,-,-,-,-,-,-,-,-,-,-,-,24.77,1.78%,"3,465"
TCHP,-,-,-,-,-,-,-,-,-,-,-,-,-,50.53,1.61%,"327,576"
TCI,383.32M,40.98,-,-,7.76,0.45,3.77,-,-,-,15.66%,-,-2.96%,44.37,-0.69%,"7,274"
TCMD,623.00M,31.16,17.65,0.45,1.81,2.88,8.31,15.88,38.41%,37.89%,-,39.58%,11.98%,27.62,-4.89%,"264,902"
TCOM,29.24B,6.68,10.11,-,3.20,1.22,2.49,-,-46.68%,16.84%,-,-11.48%,26.75%,42.41,0.12%,"2,133,810"
TCPB,-,-,-,-,-,-,-,-,-,-,-,-,-,50.36,0.20%,"20,928"
TCPC,265.13M,-,4.53,-,-,0.47,2.84,3.81,-36.83%,-13.73%,-,-22.97%,-,3.16,0.32%,"629,777"
TCRT,5.10M,-,-,-,-,3.86,14.58,-,-,-,47.89%,-,-,2.09,0.29%,"7,238"
TCRX,60.78M,-,-,-,6.65,0.58,0.47,-,-2.91%,5.97%,2.08%,5.09%,56.92%,0.93,-9.71%,"1,640,085"
TCV,-,-,-,-,-,-,-,-,-,-,-,-,-,33.24,1.25%,"12,025"
TCX,116.73M,-,-,-,0.30,-,2.35,-,-,-,-,-,4.63%,10.47,-3.50%,"135,103"
TD,207.61B,20.00,15.94,1.21,2.53,2.45,-,6.35,15.51%,11.08%,11.56%,13.22%,16.41%,122.88,1.87%,"3,214,598"
TDAC,234.63M,37.76,-,-,-,1.33,11731.45,-,-,-,-,-,-,10.71,0.09%,"11,431"
TDAQ,-,-,-,-,-,-,-,-,-,-,-,-,-,27.35,-0.47%,"274,518"
TDAX,-,-,-,-,-,-,-,-,-,-,-,-,-,24.81,1.76%,"49,294"
TDAY,1.24B,189.64,29.55,0.31,0.54,8.70,14.50,20.49,301.59%,19.08%,-,95.46%,-7.53%,8.42,-1.98%,"794,135"
TDC,2.96B,7.20,10.93,1.50,1.75,5.33,3.62,4.41,2.84%,8.33%,3.09%,7.28%,-1.96%,31.42,-7.48%,"5,387,380"
TDCL,-,-,-,-,-,-,-,-,-,-,-,-,-,-,-,-
TDEC,-,-,-,-,-,-,-,-,-,-,-,-,-,26.03,0.78%,"12,311"
TDF,269.95M,3.53,-,-,42.15,0.82,-,-,-,-,-,-,-,10.72,0.37%,"58,792"
TDG,67.98B,37.91,25.86,1.98,7.15,-,17.50,36.75,7.26%,17.38%,31.12%,13.09%,11.58%,1215.34,-1.59%,"317,058"
TDI,-,-,-,-,-,-,-,-,-,-,-,-,-,44.89,1.45%,"45,971"
TDIC,5.42M,-,-,-,0.77,6.62,1.53,-,-,-,-,-,-,3.59,-7.47%,"208,850"
TDIV,-,-,-,-,-,-,-,-,-,-,-,-,-,110.70,-2.00%,"75,521"
TDOC,1.67B,-,-,-,0.67,1.25,2.23,6.06,20.10%,30.15%,26.67%,22.25%,18.26%,9.27,-3.94%,"3,258,364"
TDOG,-,-,-,-,-,-,-,-,-,-,-,-,-,14.93,3.45%,780
TDOT,-,-,-,-,-,-,-,-,-,-,-,-,-,10.19,1.25%,446
TDS,3.64B,63.97,271.78,6.27,1.71,1.01,2.66,59.92,300.94%,-90.35%,-,43.33%,-25.14%,34.26,2.61%,"1,999,270"
TDSB,-,-,-,-,-,-,-,-,-,-,-,-,-,24.60,0.29%,"2,707"
TDSC,-,-,-,-,-,-,-,-,-,-,-,-,-,27.81,0.26%,"10,043"
TDTF,-,-,-,-,-,-,-,-,-,-,-,-,-,23.52,0.17%,"128,578"
TDTH,11.37M,-,-,-,94.71,-,94.71,-,-,-,-,-,-29.15%,2.52,-4.55%,"174,099"
TDTT,-,-,-,-,-,-,-,-,-,-,-,-,-,23.70,0.06%,"167,559"
TDUP,818.12M,-,-,-,2.55,13.77,16.47,-,45.10%,36.54%,20.31%,46.78%,10.81%,6.34,2.59%,"1,028,332"
TDV,-,-,-,-,-,-,-,-,-,-,-,-,-,98.77,-0.68%,"3,772"
TDVG,-,-,-,-,-,-,-,-,-,-,-,-,-,49.36,-0.14%,"446,303"
TDVI,-,-,-,-,-,-,-,-,-,-,-,-,-,30.60,-2.05%,"117,489"
TDW,3.68B,12.39,12.36,2.17,2.73,2.69,6.66,13.05,-52.37%,89.18%,-,5.69%,27.78%,73.97,-0.51%,"502,948"
TDWD,236.51M,119.79,-,-,-,1.40,238.90,-,-,-,-,-,-,10.05,0.00%,"53,066"
TDY,28.87B,31.53,23.93,2.79,4.64,2.70,55.37,27.40,9.88%,7.76%,12.23%,8.57%,14.84%,623.10,-0.13%,"310,005"
TE,1.91B,-,53.20,-,2.17,8.06,16.39,-,86.18%,148.19%,-45.25%,-,-,6.84,4.43%,"33,565,635"
TEAD,79.69M,-,-,-,0.06,1.59,0.81,-,-85.71%,16.15%,-,-1.87%,11.13%,0.82,2.05%,"99,516"
TEAM,22.61B,-,14.45,0.56,3.65,25.93,19.89,17.79,48.92%,12.51%,7.30%,25.96%,26.43%,89.08,-7.36%,"4,320,614"
TEC,-,-,-,-,-,-,-,-,-,-,-,-,-,33.15,1.39%,142
TECB,-,-,-,-,-,-,-,-,-,-,-,-,-,71.88,0.60%,"10,463"
TECH,11.15B,102.31,34.68,5.35,9.21,5.35,53.15,41.37,0.18%,6.77%,-20.58%,6.48%,10.55%,71.23,-0.18%,"3,000,988"
TECK,29.43B,22.02,17.46,2.77,3.27,1.59,7.57,158.82,68.23%,-9.40%,-,6.31%,2.90%,60.09,2.77%,"4,491,253"
TECL,-,-,-,-,-,-,-,-,-,-,-,-,-,203.31,3.47%,"618,108"
TECS,-,-,-,-,-,-,-,-,-,-,-,-,-,6.77,-3.70%,"10,130,069"
TECX,656.84M,-,-,-,-,2.60,2.77,-,-31.73%,-6.43%,36.65%,-16.40%,-,34.81,1.37%,"266,106"
TECY,-,-,-,-,-,-,-,-,-,-,-,-,-,22.99,0.57%,"1,175"
TEI,319.26M,3.38,-,-,8.08,1.00,-,-,-,-,-,-,-,6.76,0.00%,"83,292"
TEK,-,-,-,-,-,-,-,-,-,-,-,-,-,39.38,2.82%,"3,385"
TEKX,-,-,-,-,-,-,-,-,-,-,-,-,-,66.27,1.97%,"1,201"
TEKY,-,-,-,-,-,-,-,-,-,-,-,-,-,44.85,2.05%,129
TEL,58.67B,20.53,15.95,0.94,3.14,4.44,52.85,17.30,28.22%,12.19%,-,16.90%,7.24%,200.98,1.41%,"1,472,606"
TELA,33.60M,-,-,-,0.42,-,0.85,-,21.22%,17.78%,17.97%,22.32%,34.54%,0.75,-8.17%,"67,470"
TELG,-,-,-,-,-,-,-,-,-,-,-,-,-,12.75,2.72%,"2,163"
TELO,85.28M,-,-,-,-,8.59,15.34,-,-,-,-189.25%,-,-,1.24,0.00%,"49,988"
TEM,10.54B,-,-,-,7.72,25.25,16.48,-,42.42%,79.84%,1.21%,-,46.57%,58.67,4.90%,"3,730,247"
TEMC,-,-,-,-,-,-,-,-,-,-,-,-,-,22.53,10.15%,6
TEMD,-,-,-,-,-,-,-,-,-,-,-,-,-,24.93,-0.02%,214
TEMT,-,-,-,-,-,-,-,-,-,-,-,-,-,24.51,9.54%,"119,760"
TEMX,-,-,-,-,-,-,-,-,-,-,-,-,-,36.73,1.69%,58
TEN,1.17B,6.47,10.90,-,1.37,0.63,3.64,-,83.32%,-50.65%,-,-0.20%,4.40%,39.75,2.37%,"268,662"
TENB,4.70B,-,19.72,1.36,4.60,19.69,13.05,18.62,22.75%,10.82%,6.60%,14.53%,17.82%,42.65,8.80%,"4,829,574"
TEND,-,-,-,-,-,-,-,-,-,-,-,-,-,27.41,0.30%,"3,796"
TENJ,-,-,-,-,-,-,-,-,-,-,-,-,-,27.75,0.23%,"1,276"
TENM,-,-,-,-,-,-,-,-,-,-,-,-,-,27.16,0.31%,486
TENX,412.73M,-,-,-,-,3.29,3.48,-,-37.31%,-5.71%,77.09%,-3.83%,-,15.56,-2.63%,"1,272,470"
TEO,1.74B,26.40,14.03,-,0.26,1.02,2.25,3.34,692.49%,-40.70%,-11.04%,-,8.40%,13.85,2.82%,"235,913"
TEQI,-,-,-,-,-,-,-,-,-,-,-,-,-,51.20,-0.26%,"9,524"
TER,55.30B,65.38,34.74,0.67,14.61,17.59,225.14,99.96,88.32%,36.35%,-4.13%,51.60%,0.43%,353.23,3.55%,"2,111,242"
TERC,-,-,-,-,-,-,-,-,-,-,-,-,-,21.29,7.13%,222
TERG,-,-,-,-,-,-,-,-,-,-,-,-,-,39.61,7.19%,"42,127"
TESC,-,-,-,-,-,-,-,-,-,-,-,-,-,27.21,0.97%,20
TESL,-,-,-,-,-,-,-,-,-,-,-,-,-,15.65,1.20%,705
TEST,-,-,-,-,-,-,-,-,-,-,-,-,-,43.63,0.13%,"7,063"
TETH,-,-,-,-,-,-,-,-,-,-,-,-,-,9.36,5.64%,"666,335"
TEUP,-,-,-,-,-,-,-,-,-,-,-,-,-,7.59,10.75%,"90,778"
TEVA,37.06B,23.65,10.37,1.91,2.11,4.50,9.91,83.43,-28.43%,46.28%,-,5.43%,0.80%,31.82,-1.12%,"3,452,187"
TEX,7.45B,31.70,11.23,1.07,1.26,1.53,19.00,23.13,-0.61%,18.50%,93.56%,10.54%,12.00%,65.21,-0.61%,"888,845"
TEXN,-,-,-,-,-,-,-,-,-,-,-,-,-,32.51,0.68%,"1,053"
TEXU,-,-,-,-,-,-,-,-,-,-,-,-,-,35.48,0.78%,489
TEXX,-,-,-,-,-,-,-,-,-,-,-,-,-,29.26,0.51%,148
TFC,64.72B,12.88,10.18,0.72,2.12,1.09,-,12.77,18.74%,12.47%,4.39%,14.09%,4.64%,51.95,0.00%,"7,627,039"
TFFI,-,-,-,-,-,-,-,-,-,-,-,-,-,20.02,-0.27%,"3,154"
TFGZ,-,-,-,-,-,-,-,-,-,-,-,-,-,36.30,1.10%,11
TFI,-,-,-,-,-,-,-,-,-,-,-,-,-,45.57,0.06%,"376,894"
TFII,12.27B,41.55,20.11,0.68,1.56,4.61,66.02,19.10,24.73%,36.13%,3.86%,29.54%,15.83%,149.25,1.10%,"372,158"
TFIN,1.86B,65.77,27.50,-,3.57,2.06,-,32.11,103.23%,50.53%,-18.17%,-,6.22%,78.24,-0.09%,"238,723"
TFJL,-,-,-,-,-,-,-,-,-,-,-,-,-,19.08,0.18%,"2,627"
TFLO,-,-,-,-,-,-,-,-,-,-,-,-,-,50.57,0.02%,"1,117,188"
TFLR,-,-,-,-,-,-,-,-,-,-,-,-,-,50.67,0.12%,"82,456"
TFNS,-,-,-,-,-,-,-,-,-,-,-,-,-,28.79,0.19%,307
TFPM,5.76B,18.45,18.04,0.99,12.70,2.68,27.47,33.34,32.40%,15.57%,26.90%,18.22%,28.12%,27.88,1.05%,"412,687"
TFPN,-,-,-,-,-,-,-,-,-,-,-,-,-,30.30,0.38%,"56,160"
TFSL,4.96B,54.08,47.81,-,6.09,2.58,-,53.18,4.69%,10.45%,1.69%,-,9.53%,17.69,0.17%,"678,978"
TFX,5.76B,-,12.30,0.67,2.05,1.87,17.78,24.77,-4.24%,58.30%,-,18.26%,-4.72%,130.16,-4.57%,"365,188"
TG,258.42M,9.01,-,-,0.35,1.15,16.55,12.60,-,-,-,-,-0.87%,7.38,-0.54%,"91,413"
TGB,2.91B,284.64,10.90,0.07,5.25,4.97,23.85,-,653.80%,89.53%,1.02%,149.89%,14.27%,7.97,13.53%,"5,944,972"
TGE,48.02M,-,-,-,0.88,0.07,2.72,-,-,-,-,-,-,0.99,-0.48%,"14,789"
TGEN,119.97M,-,21.87,-,4.59,6.08,12.86,-,21.11%,177.46%,-4.12%,-,-0.85%,4.01,0.75%,"207,759"
TGHL,16.73M,-,-,-,-,-,-,-,-,-,-,-,-,0.66,3.90%,"9,848,394"
TGL,7.51M,-,-,-,1.92,0.41,2.58,-,-,-,11.61%,-,54.10%,3.84,0.79%,"9,532"
TGLB,-,-,-,-,-,-,-,-,-,-,-,-,-,29.56,0.92%,"1,434"
TGLR,-,-,-,-,-,-,-,-,-,-,-,-,-,40.21,0.22%,"1,702"
TGLS,2.05B,13.70,12.39,-,2.03,2.67,21.74,125.26,-22.84%,29.23%,46.04%,-0.37%,21.13%,44.23,3.24%,"146,124"
TGRT,-,-,-,-,-,-,-,-,-,-,-,-,-,46.06,1.01%,"84,641"
TGRW,-,-,-,-,-,-,-,-,-,-,-,-,-,47.46,1.13%,"3,017"
TGS,2.18B,14.14,11.75,0.77,1.62,1.82,1.67,15.49,33.46%,-0.59%,49.07%,15.25%,11.76%,31.33,3.06%,"207,871"
TGT,60.86B,17.68,14.93,1.93,0.57,3.71,17.22,20.08,10.85%,6.96%,-1.21%,7.73%,2.29%,134.00,-0.57%,"2,507,068"
TGTX,8.40B,19.13,19.06,2.33,12.00,14.41,16.33,-,-52.23%,117.63%,-,8.18%,426.73%,54.89,-0.22%,"2,029,897"
TH,1.72B,-,26.65,-,5.33,4.60,315.90,-,48.11%,438.54%,-7.34%,-,7.33%,17.32,3.46%,"1,087,014"
THC,15.82B,9.55,10.39,2.07,0.74,3.29,5.33,4.72,6.88%,-1.46%,32.77%,5.03%,3.85%,183.69,-5.71%,"3,000,871"
THCH,57.51M,-,-,-,0.32,-,3.57,-,-,-,-399.13%,-,-,1.79,0.28%,593
THD,-,-,-,-,-,-,-,-,-,-,-,-,-,72.73,0.55%,"25,700"
THEQ,-,-,-,-,-,-,-,-,-,-,-,-,-,29.92,0.26%,919
THFF,890.22M,11.02,9.92,-,2.52,1.36,-,10.27,9.28%,3.42%,11.23%,-,11.36%,74.86,-0.90%,"138,158"
THG,7.49B,10.77,11.58,-,1.12,2.11,-,6.00,-3.44%,0.36%,14.03%,-1.69%,6.44%,214.16,-1.25%,"269,070"
THH,12.02M,-,-,-,-,-,-,-,-,-,-,-,-,0.24,-7.29%,"231,008"
THIR,-,-,-,-,-,-,-,-,-,-,-,-,-,34.40,0.73%,"356,838"
THLV,-,-,-,-,-,-,-,-,-,-,-,-,-,33.24,0.22%,"4,049"
THM,583.46M,-,-,-,-,3.43,5.09,-,-,-,1.29%,-,-,2.23,7.21%,"843,694"
THMR,-,-,-,-,-,-,-,-,-,-,-,-,-,25.52,0.93%,"31,703"
THMZ,-,-,-,-,-,-,-,-,-,-,-,-,-,33.55,0.10%,"1,632"
THNQ,-,-,-,-,-,-,-,-,-,-,-,-,-,88.18,1.04%,"11,292"
THNR,-,-,-,-,-,-,-,-,-,-,-,-,-,25.45,-0.76%,111
THO,3.76B,14.57,15.87,4.69,0.38,0.87,10.12,18.85,-27.23%,29.38%,3.76%,3.38%,3.24%,72.31,0.49%,"768,581"
THOR,-,-,-,-,-,-,-,-,-,-,-,-,-,25.28,0.40%,"12,925"
THQ,764.52M,-,-,-,-,-,-,-,-,-,-,-,-,18.45,-1.65%,"265,487"
THRM,1.10B,48.80,11.63,-,0.72,1.54,6.20,14.00,19.72%,13.58%,-20.03%,-,10.42%,35.89,-0.64%,"350,224"
THRO,-,-,-,-,-,-,-,-,-,-,-,-,-,43.06,0.49%,"712,698"
THRV,-,-,-,-,-,-,-,-,-,-,-,-,-,24.29,0.06%,134
THRY,185.38M,13.05,21.44,-,0.24,0.82,22.97,4.29,1975.00%,-6.02%,-72.54%,-,-6.68%,4.18,1.70%,"293,750"
THTA,-,-,-,-,-,-,-,-,-,-,-,-,-,15.61,0.48%,"80,636"
THW,531.34M,6.18,-,-,-,-,-,-,-,-,-,-,-,13.17,-1.64%,"185,727"
THY,-,-,-,-,-,-,-,-,-,-,-,-,-,21.86,0.16%,"5,504"
THYF,-,-,-,-,-,-,-,-,-,-,-,-,-,51.60,0.16%,"44,349"
THYM,-,-,-,-,-,-,-,-,-,-,-,-,-,50.94,0.21%,60
THYP,-,-,-,-,-,-,-,-,-,-,-,-,-,37.83,2.70%,"78,948"
TIC,1.57B,-,154.95,-,0.88,0.74,3.68,40.35,75.01%,130.56%,-,-,-,7.10,-0.28%,"1,094,457"
TIER,-,-,-,-,-,-,-,-,-,-,-,-,-,31.99,0.97%,"1,226"
TIGO,16.45B,13.35,16.51,-,2.56,5.25,13.51,11.44,-50.83%,54.38%,-,-4.49%,6.89%,98.16,2.53%,"1,161,329"
TIGR,837.98M,7.68,5.90,-,1.30,1.03,0.18,-,-52.79%,63.97%,51.69%,-6.55%,34.19%,4.62,0.65%,"1,137,679"
TII,211.32M,-,-,-,2.74,11.32,15.29,-,-,48.39%,65.39%,-,18.77%,2.15,3.37%,"296,271"
TIIV,-,-,-,-,-,-,-,-,-,-,-,-,-,29.98,0.64%,17
TIL,53.00M,-,-,-,-,0.48,0.71,-,89.07%,-,-12.70%,-,-,7.82,2.29%,"18,502"
TILC,-,-,-,-,-,-,-,-,-,-,-,-,-,25.19,0.85%,8
TILE,1.91B,15.37,14.12,-,1.35,3.01,31.23,15.85,9.92%,9.38%,-,-,4.68%,32.94,1.98%,"428,439"
TILL,-,-,-,-,-,-,-,-,-,-,-,-,-,18.08,0.11%,"9,411"
TILT,-,-,-,-,-,-,-,-,-,-,-,-,-,277.04,0.28%,"2,919"
TIMB,10.85B,13.74,10.58,0.91,2.18,2.32,9.65,6.64,5.43%,18.03%,16.72%,11.69%,7.32%,22.72,3.79%,"1,071,443"
TIME,-,-,-,-,-,-,-,-,-,-,-,-,-,26.50,0.19%,"1,400"
TINS,-,-,-,-,-,-,-,-,-,-,-,-,-,29.16,1.06%,6
TINT,-,-,-,-,-,-,-,-,-,-,-,-,-,38.44,1.00%,"2,119"
TINY,-,-,-,-,-,-,-,-,-,-,-,-,-,85.56,2.89%,"14,346"
TIP,-,-,-,-,-,-,-,-,-,-,-,-,-,108.01,0.09%,"1,451,503"
TIPA,-,-,-,-,-,-,-,-,-,-,-,-,-,99.22,-0.03%,6
TIPB,-,-,-,-,-,-,-,-,-,-,-,-,-,98.30,0.06%,10
TIPC,-,-,-,-,-,-,-,-,-,-,-,-,-,97.25,0.10%,6
TIPD,-,-,-,-,-,-,-,-,-,-,-,-,-,95.77,0.07%,13
TIPT,671.38M,53.23,-,-,0.63,1.33,-,3.64,-,-,-,-,-68.12%,17.87,-1.00%,"395,127"
TIPX,-,-,-,-,-,-,-,-,-,-,-,-,-,18.74,0.11%,"245,975"
TIPZ,-,-,-,-,-,-,-,-,-,-,-,-,-,51.56,0.04%,"3,610"
TISC,-,-,-,-,-,-,-,-,-,-,-,-,-,23.15,0.89%,8
TISI,76.71M,-,-,-,0.08,-,5.97,-,-,-,31.47%,-,1.01%,16.78,2.25%,"5,826"
TITN,442.98M,-,-,-,0.19,0.78,14.98,2.15,34.91%,68.69%,-,38.36%,11.45%,19.01,3.54%,"214,244"
TJAN,-,-,-,-,-,-,-,-,-,-,-,-,-,28.25,0.09%,746
TJGC,44.95M,-,-,-,10.96,9.64,65.14,-,-,-,-,-,-,4.45,-0.89%,"8,731"
TJUL,-,-,-,-,-,-,-,-,-,-,-,-,-,30.33,0.26%,"4,845"
TJUN,-,-,-,-,-,-,-,-,-,-,-,-,-,22.43,1.41%,451
TJX,166.08B,29.20,26.09,2.48,2.70,15.97,29.76,30.32,10.65%,10.11%,130.72%,10.50%,13.44%,150.34,-0.13%,"4,990,577"
TK,951.91M,10.55,-,-,0.95,1.30,0.98,-,-,-,-,-,-3.70%,10.94,1.02%,"495,097"
TKC,5.14B,11.54,5.72,0.15,0.85,0.79,1.90,3.33,47.50%,50.99%,-5.86%,37.41%,8.06%,5.90,1.72%,"1,421,529"
TKLF,9.43M,13.28,-,-,0.03,0.23,4.45,-,-,-,-35.33%,-,11.00%,2.23,-7.85%,"32,014"
TKNO,290.05M,-,-,-,6.94,4.47,16.31,-,-4.69%,17.91%,-,-,5.30%,5.41,0.00%,"209,586"
TKNQ,-,-,-,-,-,-,-,-,-,-,-,-,-,22.77,1.64%,"4,495"
TKNS,-,-,-,-,-,-,-,-,-,-,-,-,-,22.11,3.62%,35
TKO,35.27B,67.76,34.89,0.79,6.97,4.10,20.43,20.78,107.11%,13.01%,7.62%,43.94%,37.19%,184.56,1.99%,"1,775,437"
TKR,9.70B,31.77,19.29,1.12,2.08,3.02,26.68,25.32,15.52%,17.56%,1.98%,17.16%,5.45%,139.60,0.91%,"599,553"
TKVA,-,-,-,-,-,-,-,-,-,-,-,-,-,-,-,0
TLA,-,-,-,-,-,-,-,-,-,-,-,-,-,24.45,0.42%,"3,139"
TLCI,-,-,-,-,-,-,-,-,-,-,-,-,-,26.62,-0.67%,"1,943"
TLDR,-,-,-,-,-,-,-,-,-,-,-,-,-,25.01,-0.04%,"3,079"
TLF,19.47M,-,-,-,0.25,0.42,1.93,-,-,-,-,-,3.56%,2.39,-0.83%,"4,612"
TLG,-,-,-,-,-,-,-,-,-,-,-,-,-,26.82,1.17%,"2,703"
TLH,-,-,-,-,-,-,-,-,-,-,-,-,-,98.21,0.23%,"916,276"
TLIH,15.70M,3.56,-,-,0.27,1.21,1.89,2.24,-,-,34.81%,-,8.20%,5.34,6.59%,"12,428"
TLK,13.96B,14.17,11.27,1.27,1.57,1.77,6.06,5.49,13.74%,9.24%,-5.47%,8.90%,-1.07%,14.12,1.00%,"1,040,412"
TLN,18.02B,-,12.78,-,3.87,16.79,17.55,23.96,560.93%,40.73%,-,-,-,396.95,0.15%,"702,776"
TLNC,352.02M,76.57,-,-,-,1.43,132.84,-,-,-,-,-,-,10.36,-0.10%,"12,063"
TLPH,72.92M,-,-,-,-,3.81,3.45,-,30.15%,-2.11%,48.69%,23.87%,-65.11%,1.40,-1.06%,"307,996"
TLRY,525.61M,-,-,-,0.61,0.33,1.98,-,97.40%,38.86%,-62.75%,-,31.30%,4.38,-1.79%,"3,435,048"
TLS,367.37M,-,21.01,0.27,2.02,3.81,7.31,11.50,40.27%,85.09%,-,78.28%,-1.74%,4.91,0.41%,"521,591"
TLSA,159.10M,-,-,-,-,2883.72,39.68,-,1.47%,-,-0.19%,-,-,1.24,-6.77%,"546,371"
TLSI,248.12M,-,-,-,5.53,19.37,4.39,-,84.24%,50.86%,-140.62%,-,-,4.04,-4.49%,"265,645"
TLT,-,-,-,-,-,-,-,-,-,-,-,-,-,84.08,0.13%,"23,793,453"
TLTD,-,-,-,-,-,-,-,-,-,-,-,-,-,99.31,0.76%,"4,849"
TLTE,-,-,-,-,-,-,-,-,-,-,-,-,-,75.11,1.57%,"2,486"
TLTI,-,-,-,-,-,-,-,-,-,-,-,-,-,44.73,0.18%,"5,324"
TLTP,-,-,-,-,-,-,-,-,-,-,-,-,-,20.53,0.25%,"34,921"
TLTW,-,-,-,-,-,-,-,-,-,-,-,-,-,21.71,0.09%,"1,521,250"
TLTX,-,-,-,-,-,-,-,-,-,-,-,-,-,22.09,-0.23%,"10,148"
TLX,3.74B,-,108.44,-,4.65,8.99,26.39,-,257.92%,204.98%,29.38%,-,195.21%,11.02,0.46%,"98,365"
TLYS,128.05M,-,28.97,-,0.22,1.65,3.11,33.88,90.52%,363.64%,-71.93%,-,0.82%,4.20,1.94%,"90,344"
TM,187.51B,9.00,8.33,1.18,0.56,0.92,2.36,50.78,-1.12%,13.46%,5.28%,7.05%,5.56%,176.22,0.84%,"371,850"
TMAR,-,-,-,-,-,-,-,-,-,-,-,-,-,25.55,0.84%,"2,208"
TMAT,-,-,-,-,-,-,-,-,-,-,-,-,-,29.71,2.34%,"15,896"
TMB,-,-,-,-,-,-,-,-,-,-,-,-,-,25.33,-0.04%,"21,400"
TMC,1.81B,-,-,-,-,-,15.13,-,73.49%,11.36%,-21.27%,-,-,4.18,4.76%,"3,019,326"
TMCI,288.04M,-,-,-,1.39,3.73,5.56,-,3.23%,7.11%,-61.76%,8.10%,29.96%,4.44,-3.06%,"560,918"
TMCR,358.93M,-,-,-,-,7.48,11.46,-,-137.50%,73.68%,-,-,-,5.78,-2.45%,"33,337"
TMDE,21.21M,-,-,-,0.15,6.78,10.24,-,-,-,-,-,-,0.90,-5.96%,"241,067"
TMDV,-,-,-,-,-,-,-,-,-,-,-,-,-,51.40,-0.68%,16
TMDX,2.58B,17.12,24.24,-,4.05,5.22,5.58,17.03,-62.55%,68.74%,-,-2.35%,88.21%,74.59,-1.52%,"679,719"
TME,5.25B,10.72,8.91,3.87,1.12,1.17,1.36,-,-14.43%,9.74%,22.52%,2.30%,1.62%,8.78,-0.57%,"3,532,896"
TMED,-,-,-,-,-,-,-,-,-,-,-,-,-,34.20,-1.51%,"5,033"
TMF,-,-,-,-,-,-,-,-,-,-,-,-,-,32.92,0.34%,"4,201,633"
TMFC,-,-,-,-,-,-,-,-,-,-,-,-,-,77.80,0.82%,"85,828"
TMFE,-,-,-,-,-,-,-,-,-,-,-,-,-,30.08,0.01%,"3,428"
TMFG,-,-,-,-,-,-,-,-,-,-,-,-,-,31.18,-0.14%,"21,227"
TMFM,-,-,-,-,-,-,-,-,-,-,-,-,-,21.67,-0.68%,"5,810"
TMFS,-,-,-,-,-,-,-,-,-,-,-,-,-,35.45,-0.36%,"9,852"
TMFX,-,-,-,-,-,-,-,-,-,-,-,-,-,23.10,-0.24%,"3,213"
TMH,-,-,-,-,-,-,-,-,-,-,-,-,-,47.72,0.76%,170
TMHC,6.62B,10.73,11.00,-,0.87,1.09,10.13,9.10,-31.87%,23.49%,32.75%,-,5.79%,71.94,0.10%,"1,547,126"
TMLP,-,-,-,-,-,-,-,-,-,-,-,-,-,28.74,0.23%,684
TMNL,-,-,-,-,-,-,-,-,-,-,-,-,-,50.34,0.07%,6
TMNS,-,-,-,-,-,-,-,-,-,-,-,-,-,50.03,-0.05%,62
TMO,198.47B,29.36,19.64,2.07,4.39,3.82,60.88,29.41,8.68%,9.40%,2.11%,9.49%,6.70%,534.07,1.05%,"2,122,415"
TMP,1.31B,7.82,11.34,-,3.36,1.38,-,15.98,-33.23%,7.26%,16.64%,-,3.65%,91.28,-0.25%,"49,810"
TMQ,554.53M,-,-,-,-,4.78,14.28,-,63.46%,36.84%,-,46.42%,-,3.21,2.23%,"1,470,667"
TMS,485.90M,-,-,-,-,0.92,433.84,-,-,-,-,-,-,6.75,-8.78%,"72,492"
TMSF,-,-,-,-,-,-,-,-,-,-,-,-,-,50.14,0.14%,650
TMSL,-,-,-,-,-,-,-,-,-,-,-,-,-,42.83,0.52%,"608,703"
TMTS,309.31M,-,-,-,-,-,325.59,-,-,-,-,-,-,10.09,0.26%,7
TMUS,202.51B,19.90,13.82,0.71,2.24,3.64,53.00,12.96,7.07%,30.11%,29.65%,19.59%,5.24%,187.13,-0.68%,"2,885,290"
TMV,-,-,-,-,-,-,-,-,-,-,-,-,-,40.02,-0.35%,"452,465"
TMVE,-,-,-,-,-,-,-,-,-,-,-,-,-,17.82,-0.00%,"1,033"
TMYY,-,-,-,-,-,-,-,-,-,-,-,-,-,23.73,-0.11%,"1,188"
TNA,-,-,-,-,-,-,-,-,-,-,-,-,-,70.44,1.05%,"4,755,516"
TNC,1.45B,51.60,13.28,-,1.20,2.73,17.56,91.25,11.96%,25.28%,5.45%,-,3.73%,85.15,-0.16%,"130,228"
TNDM,1.06B,-,169.74,-,1.04,8.04,1.87,-,52.09%,113.09%,-40.10%,-,15.27%,15.54,-4.37%,"1,882,873"
TNET,2.61B,17.04,11.72,1.72,0.53,31.59,1.79,9.39,-3.95%,6.72%,-4.59%,6.80%,4.43%,56.84,-1.25%,"309,662"
TNGX,4.83B,-,-,-,84.71,10.92,12.71,-,-49.43%,-18.53%,11.68%,-24.36%,52.13%,29.65,4.55%,"1,931,288"
TNGY,-,-,-,-,-,-,-,-,-,-,-,-,-,10.26,0.20%,"70,977"
TNK,2.50B,5.88,8.93,3.04,2.49,1.14,2.51,18.11,110.36%,-44.72%,31.28%,2.94%,1.43%,72.27,2.19%,"263,677"
TNL,4.57B,20.46,8.66,0.54,1.13,-,10.02,10.34,16.24%,14.80%,-,16.11%,11.20%,73.23,0.23%,"636,651"
TNMG,1.00M,-,-,-,0.02,1.08,0.34,-,84.87%,-,-,-,-,0.39,2.58%,"451,798"
TNON,3.55M,-,-,-,0.77,-,0.77,-,50.29%,28.40%,16.41%,43.91%,145.95%,0.20,-4.84%,"1,568,995"
TNUK,-,-,-,-,-,-,-,-,-,-,-,-,-,23.95,1.04%,221
TNXP,176.31M,-,-,-,10.04,0.69,0.95,-,29.53%,37.06%,86.72%,41.56%,-,11.06,-5.51%,"617,550"
TNXT,-,-,-,-,-,-,-,-,-,-,-,-,-,27.79,0.16%,14
TNYA,187.62M,-,-,-,815.73,1.77,2.32,-,32.45%,-4.12%,8.63%,-,-,0.86,3.36%,"1,890,621"
TOAK,-,-,-,-,-,-,-,-,-,-,-,-,-,28.91,0.05%,"1,330"
TOAO,-,-,-,-,-,-,-,-,-,-,-,-,-,26.82,0.52%,6
TOCT,-,-,-,-,-,-,-,-,-,-,-,-,-,27.14,0.15%,"4,896"
TOGA,-,-,-,-,-,-,-,-,-,-,-,-,-,31.48,0.02%,"1,760"
TOI,627.89M,-,-,-,1.15,-,20.74,-,74.44%,81.88%,-17.58%,-,21.80%,6.28,0.48%,"3,457,301"
TOK,-,-,-,-,-,-,-,-,-,-,-,-,-,150.87,0.27%,"1,942"
TOL,14.26B,11.54,10.78,1.81,1.29,1.69,12.90,11.73,-5.09%,10.55%,31.72%,5.95%,9.15%,152.53,2.96%,"1,360,612"
TOLL,-,-,-,-,-,-,-,-,-,-,-,-,-,40.53,0.74%,"4,883"
TOLZ,-,-,-,-,-,-,-,-,-,-,-,-,-,60.42,0.37%,"4,865"
TOMZ,17.25M,-,18.49,-,3.02,-,61.60,-,21.05%,126.67%,-,-,-25.78%,0.74,-3.96%,"106,543"
TONX,196.16M,-,-,-,11.73,0.62,5.61,-,-,-,75.25%,-,5.10%,3.47,4.52%,"323,406"
TOON,34.90M,-,-,-,3.16,1.57,5.81,-,-,-,55.57%,-,73.53%,0.59,0.27%,"28,335,950"
TOP,62.75M,-,-,-,13.29,2.04,1.98,4.68,-,-,-,-,-22.51%,1.87,1.63%,"216,329"
TOPC,-,-,-,-,-,-,-,-,-,-,-,-,-,34.51,0.28%,"1,229"
TOPP,21.00M,-,-,-,1.25,2.10,25.00,-,-,-,-,-,-,0.85,10.52%,"69,520"
TOPS,5.51M,1.10,-,-,0.07,0.04,0.27,0.32,-,-,-,-,5.95%,0.74,0.86%,"61,609"
TOPT,-,-,-,-,-,-,-,-,-,-,-,-,-,33.53,1.02%,"474,009"
TOPW,-,-,-,-,-,-,-,-,-,-,-,-,-,34.58,-0.32%,"165,977"
TORO,145.70M,463.30,-,-,5.83,0.66,1.55,-,-,-,-,-,-8.93%,5.05,2.85%,"97,252"
TOS,-,-,-,-,-,-,-,-,-,-,-,-,-,29.49,0.74%,"1,832"
TOST,17.40B,45.88,17.93,0.58,2.70,8.74,9.83,26.61,36.59%,25.41%,-,30.67%,49.53%,30.00,0.13%,"7,639,920"
TOT,-,-,-,-,-,-,-,-,-,-,-,-,-,23.73,0.40%,166
TOTL,-,-,-,-,-,-,-,-,-,-,-,-,-,39.07,0.18%,"382,484"
TOTR,-,-,-,-,-,-,-,-,-,-,-,-,-,39.82,0.16%,"10,929"
TOUR,48.26M,17.08,-,-,0.58,0.35,0.34,-,-,-,-,-,4.27%,4.95,-0.20%,"1,424"
TOUS,-,-,-,-,-,-,-,-,-,-,-,-,-,38.31,0.68%,"164,082"
TOV,-,-,-,-,-,-,-,-,-,-,-,-,-,31.70,0.41%,"5,292"
TOVX,11.02M,-,-,-,36.73,0.72,0.76,-,89.18%,-6.67%,58.31%,46.42%,-,0.24,2.61%,"982,666"
TOWN,3.30B,17.94,10.16,-,2.80,1.14,-,25.78,5.08%,10.91%,1.89%,-,9.06%,35.76,-0.25%,"577,809"
TOXR,-,-,-,-,-,-,-,-,-,-,-,-,-,10.86,4.30%,"2,199"
TOYO,260.15M,5.60,1.83,0.03,0.61,1.64,4.42,6.31,134.18%,45.10%,-,60.34%,-,6.09,5.91%,"619,482"
TPAY,-,-,-,-,-,-,-,-,-,-,-,-,-,53.53,0.26%,"7,455"
TPB,1.55B,27.24,37.73,-,3.22,4.24,8.05,-,-54.66%,50.35%,10.94%,-,2.71%,79.99,-1.15%,"373,169"
TPC,4.09B,53.36,14.57,0.19,0.72,3.37,3.78,5.82,130.05%,53.70%,-6.63%,76.56%,0.83%,77.77,4.05%,"544,646"
TPCS,45.72M,-,-,-,1.44,5.96,106.32,-,-,-,-,-,15.20%,4.56,-2.98%,"14,047"
TPET,13.72M,-,-,-,19.60,0.37,0.62,-,-,-,-73.38%,-,-,0.31,-7.46%,"3,116,581"
TPFC,-,-,-,-,-,-,-,-,-,-,-,-,-,25.53,-0.20%,"2,193"
TPFG,-,-,-,-,-,-,-,-,-,-,-,-,-,26.37,0.93%,"1,166"
TPFI,-,-,-,-,-,-,-,-,-,-,-,-,-,24.76,0.30%,"2,958"
TPG,16.58B,197.30,11.98,0.57,4.01,6.10,19.18,-,17.07%,27.67%,-49.33%,21.01%,17.18%,43.15,1.58%,"1,293,051"
TPHD,-,-,-,-,-,-,-,-,-,-,-,-,-,42.99,-0.10%,"22,023"
TPIF,-,-,-,-,-,-,-,-,-,-,-,-,-,37.53,0.78%,"17,473"
TPL,28.69B,57.01,42.93,-,34.19,18.44,115.12,58.76,24.22%,11.90%,22.56%,-,21.41%,415.93,1.71%,"235,375"
TPLC,-,-,-,-,-,-,-,-,-,-,-,-,-,50.34,-0.09%,"6,975"
TPLS,-,-,-,-,-,-,-,-,-,-,-,-,-,24.95,0.13%,561
TPLX,-,-,-,-,-,-,-,-,-,-,-,-,-,30.77,2.36%,446
TPOR,-,-,-,-,-,-,-,-,-,-,-,-,-,43.34,-1.07%,"30,811"
TPR,27.35B,43.49,17.33,0.86,3.48,40.13,25.59,15.58,36.81%,11.95%,-,20.09%,7.16%,135.36,-0.57%,"2,424,321"
TPRY,-,-,-,-,-,-,-,-,-,-,-,-,-,19.68,1.13%,"5,037"
TPSC,-,-,-,-,-,-,-,-,-,-,-,-,-,47.36,0.19%,"18,065"
TPST,15.67M,-,-,-,-,17.11,8.71,-,-,-,76.03%,-,-,0.98,-0.31%,"174,362"
TPUT,-,-,-,-,-,-,-,-,-,-,-,-,-,25.20,0.04%,"6,574"
TPVG,190.41M,4.43,5.70,-,2.00,0.54,21.04,9.86,-10.95%,-12.03%,1.13%,-13.06%,-0.51%,4.69,1.74%,"284,809"
TPYP,-,-,-,-,-,-,-,-,-,-,-,-,-,43.51,0.37%,"24,310"
TPZ,-,-,-,-,-,-,-,-,-,-,-,-,-,22.24,-0.13%,"4,935"
TQQQ,-,-,-,-,-,-,-,-,-,-,-,-,-,75.02,3.28%,"58,097,269"
TQQY,-,-,-,-,-,-,-,-,-,-,-,-,-,12.88,0.50%,"8,599"
TR,2.92B,28.74,-,-,3.96,3.02,17.14,29.48,-,-,12.40%,-,9.23%,38.15,0.34%,"218,810"
TRAD,144.88M,-,-,-,-,1.26,249.79,-,-,-,-,-,-,9.95,0.00%,0
TRAK,159.75M,23.38,20.44,1.72,6.81,3.16,6.05,21.30,5.71%,16.22%,46.80%,11.87%,2.44%,8.79,-1.90%,"25,268"
TRAW,10.73M,-,-,-,3.93,-,3.43,-,-273.78%,10.53%,-,-,64.59%,0.70,2.91%,"133,486"
TRAX,-,-,-,-,-,-,-,-,-,-,-,-,-,34.37,-1.83%,"700,646"
TRBF,-,-,-,-,-,-,-,-,-,-,-,-,-,49.04,0.15%,999
TRC,490.40M,290.56,-,-,9.64,1.03,24.67,-,1000.00%,-,-,-,5.56%,18.16,-1.68%,"57,020"
TRDA,263.98M,-,-,-,45.99,0.97,1.04,-,-12.62%,8.20%,-32.56%,0.81%,-,6.80,3.03%,"245,939"
TREE,636.39M,3.54,6.77,0.21,0.53,2.09,7.44,8.65,65.68%,20.22%,-,32.54%,4.19%,45.61,0.82%,"134,567"
TREX,4.59B,24.60,23.16,3.36,3.90,4.61,1022.09,20.26,-7.69%,9.92%,3.31%,6.90%,5.92%,44.17,-3.77%,"4,722,507"
TRFK,-,-,-,-,-,-,-,-,-,-,-,-,-,98.08,2.71%,"204,939"
TRFM,-,-,-,-,-,-,-,-,-,-,-,-,-,60.47,1.17%,"54,170"
TRGP,60.44B,28.69,22.76,1.18,3.62,19.28,301.16,230.79,26.72%,14.32%,-,19.29%,15.75%,281.60,0.79%,"1,406,333"
TRGS,257.29M,-,-,-,-,1.35,214.41,-,-,-,-,-,-,9.90,-0.15%,306
TRI,40.05B,26.55,18.19,1.39,5.23,3.40,100.12,19.29,10.83%,14.29%,8.16%,13.04%,4.55%,91.74,-2.70%,"2,026,313"
TRIB,6.58M,-,-,-,0.14,-,1.28,-,-,-,-5.58%,-,-15.62%,0.34,-4.28%,"325,406"
TRIN,1.59B,9.37,8.45,-,6.35,1.33,80.82,12.09,0.32%,0.05%,-,-3.66%,38.51%,17.65,0.51%,"936,801"
TRIO,-,-,-,-,-,-,-,-,-,-,-,-,-,65.02,0.35%,789
TRIP,1.63B,145.08,8.76,0.54,0.87,2.61,1.45,8.99,5.18%,19.64%,-,16.30%,25.64%,14.00,-2.78%,"2,718,179"
TRLV,1.74B,-,24.37,-,1.49,1.49,4.94,7.34,127.97%,117.90%,-,-,17.76%,9.06,0.22%,"751,312"
TRMB,12.02B,27.05,12.65,0.83,3.26,2.12,51.36,25.02,14.60%,13.65%,2.58%,15.31%,2.65%,51.58,-1.36%,"1,970,315"
TRMD,3.01B,8.64,7.99,-,2.13,1.32,15.34,33.65,144.91%,-48.33%,19.63%,-8.01%,12.44%,29.42,1.96%,"366,725"
TRMK,2.71B,12.25,11.29,-,2.42,1.27,-,13.11,5.68%,4.77%,8.05%,-,11.03%,46.24,-0.32%,"288,005"
TRN,2.88B,11.62,15.25,-,1.40,2.67,11.40,-,-25.95%,2.15%,-,-6.70%,4.27%,36.23,-0.77%,"806,055"
TRND,-,-,-,-,-,-,-,-,-,-,-,-,-,36.79,0.73%,652
TRNO,7.56B,17.45,39.23,-,15.42,1.75,85.38,32.57,-50.34%,-6.85%,27.38%,-21.45%,21.29%,71.13,1.21%,"1,013,466"
TRNR,1.51M,-,-,-,0.10,0.15,0.32,-,89.11%,19.52%,77.71%,-,-,2.94,-2.33%,"1,153,794"
TRNS,838.14M,157.01,41.88,2.09,2.53,2.79,169.66,42.87,-4.35%,21.73%,-11.10%,20.01%,13.87%,89.73,-2.81%,"213,888"
TRON,697.34M,-,-,-,144.08,1.61,70.30,-,-,-,-,-,-,1.47,5.76%,"408,340"
TROO,254.10M,-,-,-,14.86,5.18,63.21,-,-,-,19.69%,-,31.83%,2.08,-4.15%,"196,893"
TROW,24.87B,12.44,11.16,9.62,3.36,2.31,6.67,9.22,4.93%,1.97%,-1.52%,1.16%,3.34%,116.07,2.13%,"2,186,582"
TROX,987.46M,-,-,-,0.34,0.77,7.16,-,19.26%,79.92%,-,-,0.87%,6.19,1.14%,"2,105,539"
TRP,68.53B,29.70,24.74,6.12,6.03,3.94,88.31,24.95,1.81%,5.70%,-7.92%,4.04%,2.60%,68.53,0.87%,"2,712,386"
TRPA,-,-,-,-,-,-,-,-,-,-,-,-,-,38.89,0.08%,"3,866"
TRS,1.46B,1.69,18.73,-,1.68,1.02,1.11,30.18,-19.95%,29.71%,-,-,-3.46%,40.64,0.27%,"231,330"
TRSG,24.20M,-,-,-,2.02,1.73,4.68,-,-,-,-,-,11.65%,1.51,1.00%,"9,453"
TRST,953.86M,15.98,-,-,3.40,1.42,-,16.12,-,-,3.67%,-,7.23%,54.58,-0.17%,"90,608"
TRSY,-,-,-,-,-,-,-,-,-,-,-,-,-,30.15,0.03%,"55,459"
TRT,103.75M,311.85,-,-,1.78,2.68,6.35,471.60,-,-,-,-,1.14%,10.26,5.66%,"708,116"
TRTX,658.67M,13.34,7.52,1.02,1.94,0.62,7.12,7.48,7.73%,8.45%,-,7.35%,32.70%,8.52,1.55%,"894,756"
TRTY,-,-,-,-,-,-,-,-,-,-,-,-,-,30.72,0.57%,"11,892"
TRU,14.57B,20.96,13.57,0.90,3.08,3.07,19.88,20.94,11.14%,16.51%,5.34%,15.02%,12.58%,75.58,-0.83%,"1,565,902"
TRUC,-,-,-,-,-,-,-,-,-,-,-,-,-,25.76,0.46%,"1,275"
TRUD,-,-,-,-,-,-,-,-,-,-,-,-,-,25.84,0.11%,"28,402"
TRUF,-,-,-,-,-,-,-,-,-,-,-,-,-,29.31,0.31%,808
TRUG,1.40M,-,-,-,0.08,0.33,0.13,-,89.63%,68.48%,-131.00%,-,-,1.26,3.28%,"350,966"
TRUH,-,-,-,-,-,-,-,-,-,-,-,-,-,27.62,-1.90%,"2,958"
TRUI,-,-,-,-,-,-,-,-,-,-,-,-,-,25.81,0.05%,176
TRUM,-,-,-,-,-,-,-,-,-,-,-,-,-,24.91,0.34%,347
TRUN,-,-,-,-,-,-,-,-,-,-,-,-,-,26.69,0.40%,7
TRUO,-,-,-,-,-,-,-,-,-,-,-,-,-,25.14,-1.34%,7
TRUP,1.13B,43.54,37.79,2.53,0.76,2.85,-,15.00,20.37%,26.15%,-,14.94%,23.45%,25.82,-5.66%,"211,227"
TRUR,-,-,-,-,-,-,-,-,-,-,-,-,-,25.14,-0.27%,351
TRUT,-,-,-,-,-,-,-,-,-,-,-,-,-,31.02,1.22%,"121,719"
TRUU,-,-,-,-,-,-,-,-,-,-,-,-,-,24.98,0.04%,10
TRV,71.63B,10.02,11.72,6.10,1.46,2.24,-,6.26,3.63%,0.55%,21.13%,1.92%,8.83%,336.83,-1.37%,"1,796,921"
TRVG,124.85M,28.21,52.46,1.43,0.19,11.19,0.78,9.07,90.79%,57.48%,-,36.75%,16.90%,5.40,1.69%,"70,422"
TRVI,2.54B,-,-,-,-,13.36,14.80,-,-47.34%,-25.23%,29.44%,-29.80%,-,17.91,8.41%,"2,525,209"
TRX,263.84M,-,4.63,-,2.77,3.10,10.14,135.30,-,2233.33%,-,-,-,0.81,5.60%,"893,738"
TS,28.43B,14.79,13.25,1.75,2.33,1.66,8.32,15.00,3.22%,12.49%,-,7.57%,18.33%,56.31,0.82%,"804,246"
TSAT,593.73M,-,-,-,2.11,1.60,1.59,-,33.83%,-11.45%,-,-0.84%,-13.33%,39.01,3.47%,"218,664"
TSBK,339.03M,11.11,-,-,2.88,1.25,-,10.77,-,-,4.94%,-,9.63%,43.31,-0.82%,"31,715"
TSCM,-,-,-,-,-,-,-,-,-,-,-,-,-,20.73,0.52%,"2,066"
TSCO,16.02B,15.01,13.44,1.84,1.02,6.39,71.44,28.95,1.63%,8.59%,10.06%,7.32%,7.89%,30.55,1.03%,"8,733,907"
TSCV,-,-,-,-,-,-,-,-,-,-,-,-,-,31.98,0.16%,897
TSDD,-,-,-,-,-,-,-,-,-,-,-,-,-,7.57,-0.79%,"17,790,903"
TSEC,-,-,-,-,-,-,-,-,-,-,-,-,-,25.70,0.08%,"22,439"
TSEG,-,-,-,-,-,-,-,-,-,-,-,-,-,11.08,24.26%,"251,270"
TSEL,-,-,-,-,-,-,-,-,-,-,-,-,-,29.06,2.01%,"9,445"
TSEM,28.55B,118.67,44.53,0.81,17.61,9.60,19.05,89.46,45.94%,71.69%,20.39%,54.68%,4.35%,255.49,11.24%,"4,656,155"
TSEP,-,-,-,-,-,-,-,-,-,-,-,-,-,25.92,0.69%,843
TSES,-,-,-,-,-,-,-,-,-,-,-,-,-,30.75,0.74%,491
TSEU,-,-,-,-,-,-,-,-,-,-,-,-,-,23.33,23.35%,"10,911"
TSHA,1.85B,-,-,-,247.89,7.73,6.68,-,-36.43%,1.25%,36.86%,11.94%,-,5.70,5.95%,"4,261,112"
TSI,211.69M,11.07,-,-,12.77,0.87,-,-,-,-,-,-,-,4.43,-0.45%,"174,365"
TSIC,-,-,-,-,-,-,-,-,-,-,-,-,-,24.96,-0.91%,226
TSII,-,-,-,-,-,-,-,-,-,-,-,-,-,15.92,-0.44%,"75,562"
TSL,-,-,-,-,-,-,-,-,-,-,-,-,-,15.45,0.49%,"382,933"
TSLA,1487.94B,361.94,160.34,6.34,15.20,17.69,33.01,212.56,18.37%,25.75%,38.32%,25.27%,24.63%,396.18,0.36%,"23,384,992"
TSLG,-,-,-,-,-,-,-,-,-,-,-,-,-,6.14,0.82%,"27,846,013"
TSLI,-,-,-,-,-,-,-,-,-,-,-,-,-,23.05,0.83%,"11,410"
TSLL,-,-,-,-,-,-,-,-,-,-,-,-,-,12.35,0.65%,"35,885,855"
TSLP,-,-,-,-,-,-,-,-,-,-,-,-,-,17.47,0.65%,"20,879"
TSLQ,-,-,-,-,-,-,-,-,-,-,-,-,-,17.96,-0.61%,"5,900,871"
TSLR,-,-,-,-,-,-,-,-,-,-,-,-,-,21.20,0.62%,"619,769"
TSLS,-,-,-,-,-,-,-,-,-,-,-,-,-,53.64,-0.33%,"414,620"
TSLT,-,-,-,-,-,-,-,-,-,-,-,-,-,17.29,0.76%,"1,624,511"
TSLW,-,-,-,-,-,-,-,-,-,-,-,-,-,21.73,0.46%,"95,685"
TSLX,1.63B,15.01,9.44,-,5.03,1.06,55.85,11.31,-20.15%,4.39%,-7.32%,-6.39%,7.62%,17.15,0.53%,"330,465"
TSLY,-,-,-,-,-,-,-,-,-,-,-,-,-,26.83,0.37%,"273,000"
TSLZ,-,-,-,-,-,-,-,-,-,-,-,-,-,11.45,-0.69%,"1,337,689"
TSM,2180.34B,34.94,20.59,0.60,16.41,11.83,20.60,60.25,50.96%,28.92%,25.67%,34.53%,21.86%,420.39,-0.28%,"14,279,066"
TSME,-,-,-,-,-,-,-,-,-,-,-,-,-,49.43,0.63%,"113,979"
TSMG,-,-,-,-,-,-,-,-,-,-,-,-,-,38.91,-0.56%,"105,854"
TSMU,-,-,-,-,-,-,-,-,-,-,-,-,-,70.28,-0.55%,"90,173"
TSMX,-,-,-,-,-,-,-,-,-,-,-,-,-,80.38,-0.67%,"812,687"
TSMY,-,-,-,-,-,-,-,-,-,-,-,-,-,16.01,0.44%,"214,944"
TSMZ,-,-,-,-,-,-,-,-,-,-,-,-,-,7.96,0.26%,"51,500"
TSN,19.84B,44.11,12.80,1.49,0.36,1.10,39.68,16.17,-2.53%,11.81%,-25.04%,8.61%,4.74%,57.48,-0.76%,"2,100,588"
TSNF,-,-,-,-,-,-,-,-,-,-,-,-,-,30.46,1.10%,932
TSOL,-,-,-,-,-,-,-,-,-,-,-,-,-,7.47,2.82%,"8,825"
TSPA,-,-,-,-,-,-,-,-,-,-,-,-,-,47.53,0.47%,"260,007"
TSPX,-,-,-,-,-,-,-,-,-,-,-,-,-,29.99,0.33%,6
TSPY,-,-,-,-,-,-,-,-,-,-,-,-,-,25.52,0.31%,"104,688"
TSQ,120.83M,-,23.21,-,0.28,-,55.43,5.91,180.28%,-49.12%,30.61%,-,2.85%,6.73,-0.30%,"43,237"
TSRS,-,-,-,-,-,-,-,-,-,-,-,-,-,27.90,-0.17%,82
TSSD,-,-,-,-,-,-,-,-,-,-,-,-,-,29.03,2.57%,"3,122"
TSSI,304.04M,20.95,36.02,-,1.50,3.86,4.49,-,-52.95%,14.12%,171.02%,-,40.39%,10.83,-3.39%,"763,263"
TSUI,-,-,-,-,-,-,-,-,-,-,-,-,-,15.23,5.67%,"11,637"
TSXD,-,-,-,-,-,-,-,-,-,-,-,-,-,5.57,-5.03%,"19,660"
TSXU,-,-,-,-,-,-,-,-,-,-,-,-,-,60.95,4.77%,"49,980"
TSYW,-,-,-,-,-,-,-,-,-,-,-,-,-,42.79,0.16%,"2,728"
TSYX,-,-,-,-,-,-,-,-,-,-,-,-,-,23.50,0.41%,"13,502"
TSYY,-,-,-,-,-,-,-,-,-,-,-,-,-,22.33,0.09%,"23,476"
TT,106.89B,37.41,28.33,1.94,4.95,12.45,99.51,33.16,14.20%,14.45%,29.52%,14.63%,11.35%,483.55,0.76%,"878,525"
TTAM,3.13B,16.94,13.59,1.03,1.88,2.95,13.73,27.28,7.89%,14.79%,31.55%,13.24%,9.62%,17.00,0.24%,"193,796"
TTAN,7.64B,-,48.94,1.82,7.53,4.90,18.13,64.81,28.32%,25.03%,-,26.91%,-,80.09,-0.32%,"1,428,234"
TTC,8.83B,26.72,18.28,1.82,1.89,6.46,48.95,11.63,9.63%,10.13%,0.86%,10.07%,5.99%,92.72,-0.67%,"578,146"
TTD,8.90B,21.35,15.84,0.97,3.00,3.64,6.33,10.57,10.78%,19.90%,12.67%,16.38%,28.21%,18.94,-4.30%,"13,739,162"
TTDU,-,-,-,-,-,-,-,-,-,-,-,-,-,2.91,-9.06%,"848,451"
TTE,180.17B,11.72,8.61,0.80,0.98,1.41,6.03,16.21,53.03%,-10.84%,-,10.75%,8.78%,80.91,-0.37%,"2,063,275"
TTEC,110.94M,-,1.83,0.24,0.05,1.33,1.25,1.28,5.68%,7.31%,-,7.59%,1.87%,2.28,-2.98%,"272,605"
TTEK,8.07B,18.62,18.15,2.70,1.57,4.33,36.11,12.07,-0.93%,10.92%,7.97%,6.71%,12.69%,31.11,-0.19%,"2,088,187"
TTEQ,-,-,-,-,-,-,-,-,-,-,-,-,-,42.08,2.02%,"47,874"
TTGT,266.06M,-,-,-,0.54,0.51,5.58,73.29,91.51%,61.03%,-,-,26.82%,3.68,-2.90%,"170,390"
TTI,1.39B,179.55,23.58,0.87,2.20,4.47,39.02,515.23,3.08%,50.00%,-,27.19%,10.81%,9.48,3.27%,"1,746,142"
TTMI,14.74B,77.17,26.69,0.69,4.75,8.02,35.96,-,63.82%,32.01%,-,38.88%,6.66%,141.97,4.13%,"1,872,250"
TTMX,-,-,-,-,-,-,-,-,-,-,-,-,-,13.81,7.20%,"16,294"
TTOP,-,-,-,-,-,-,-,-,-,-,-,-,-,15.18,3.99%,75
TTRX,287.15M,-,-,-,-,46.94,25.59,-,-,-,-,-,-,9.64,1.80%,"70,062"
TTT,-,-,-,-,-,-,-,-,-,-,-,-,-,71.40,-0.42%,"1,211"
TTWO,44.01B,-,23.74,0.62,6.61,12.52,21.98,95.36,63.97%,48.58%,-,38.13%,14.56%,237.04,-2.89%,"1,461,505"
TTXD,-,-,-,-,-,-,-,-,-,-,-,-,-,14.65,-3.14%,"3,091"
TTXU,-,-,-,-,-,-,-,-,-,-,-,-,-,31.74,3.50%,"8,973"
TU,16.43B,23.99,15.12,3.05,1.12,1.46,17.61,12.30,-4.72%,7.11%,-5.92%,4.96%,4.95%,10.44,-0.95%,"4,280,428"
TUA,-,-,-,-,-,-,-,-,-,-,-,-,-,20.39,0.84%,"480,953"
TUG,-,-,-,-,-,-,-,-,-,-,-,-,-,46.58,1.03%,933
TUGN,-,-,-,-,-,-,-,-,-,-,-,-,-,28.00,1.17%,"27,880"
TULP,17.13M,-,-,-,0.35,1.05,19.25,-,-,-,0.15%,-,11.90%,3.59,-1.37%,"2,462"
TUR,-,-,-,-,-,-,-,-,-,-,-,-,-,38.63,1.10%,"55,367"
TURB,16.31M,-,-,-,0.71,8.68,26.31,-,-,-,-,-,2.56%,1.48,-8.07%,"171,011"
TURF,-,-,-,-,-,-,-,-,-,-,-,-,-,32.08,1.27%,"19,454"
TUSB,-,-,-,-,-,-,-,-,-,-,-,-,-,50.46,0.14%,"18,080"
TUSI,-,-,-,-,-,-,-,-,-,-,-,-,-,25.33,-0.02%,"154,977"
TUSK,133.44M,-,-,-,2.13,0.51,0.97,-,-,-,7.09%,-,-32.37%,2.77,-4.81%,"130,434"
TUYA,977.33M,17.60,13.58,2.78,2.97,1.09,1.03,-,-9.62%,12.77%,-,4.89%,12.36%,1.80,-0.55%,"647,084"
TV,1.16B,-,11.51,-,0.37,0.27,0.60,7.14,128.68%,11.85%,-54.43%,-,-7.50%,2.70,-0.37%,"923,365"
TVA,316.31M,57.58,-,-,-,1.41,673.00,-,-,-,-,-,-,10.54,-0.06%,499
TVAI,281.21M,55.80,-,-,-,1.41,2163.12,573.89,-,-,-,-,-,10.34,-0.19%,328
TVAL,-,-,-,-,-,-,-,-,-,-,-,-,-,42.00,-0.40%,"72,285"
TVGN,21.18M,-,-,-,-,-,30.70,-,-,-,-305.12%,-,-,5.02,0.40%,"9,052"
TVIV,-,-,-,-,-,-,-,-,-,-,-,-,-,9.90,0.00%,"109,479"
TVIVU,150.30M,-,-,-,-,-,-,-,-,-,-,-,-,10.02,0.00%,490
TVRD,29.08M,-,-,-,-,2.00,1.16,-,23.31%,-1.78%,-,3.06%,-,3.10,-6.34%,"1,658,995"
TVTX,5.31B,-,23.49,-,9.90,53.40,20.05,133.96,167.29%,1144.85%,30.85%,-,19.87%,57.06,1.37%,"890,173"
TW,23.33B,24.39,21.59,1.50,10.80,3.18,12.03,20.06,16.04%,13.67%,33.73%,14.36%,18.12%,98.83,-0.85%,"1,181,638"
TWAV,4.32M,-,-,-,1.71,0.48,2.03,-,-,-,68.50%,-,-30.78%,1.25,-2.34%,"64,843"
TWFG,1.38B,47.22,23.08,1.83,5.20,5.23,9.62,23.06,16.56%,7.81%,-,12.62%,-,25.52,-2.30%,"110,726"
TWG,3.67M,4.12,-,-,3.14,1.03,11.84,-,-,-,-,-,364.11%,2.30,4.55%,"42,517"
TWI,486.00M,-,20.30,-,0.26,0.98,2.84,-,49.94%,397.10%,-0.07%,-,7.74%,7.55,2.72%,"616,746"
TWIN,328.26M,12.30,32.51,-,0.90,1.77,20.38,426.32,1521.43%,-64.82%,46.18%,-,6.66%,22.76,3.03%,"65,886"
TWLO,33.06B,337.88,32.76,2.01,6.24,4.26,14.09,36.76,16.87%,16.34%,-,16.31%,23.53%,217.83,-0.19%,"2,114,776"
TWLV,234.14M,161.63,-,-,-,1.40,468.28,-,-,-,-,-,-,10.01,0.00%,1
TWM,-,-,-,-,-,-,-,-,-,-,-,-,-,21.59,-0.69%,"518,230"
TWN,526.26M,2.36,-,-,79.58,1.55,-,-,-,-,-,-,-,91.65,-2.40%,"43,227"
TWO,1.27B,-,10.45,-,1.77,1.13,1.67,37.88,-0.95%,1.62%,27.83%,-,-,12.11,0.25%,"1,289,643"
TWOX,-,-,-,-,-,-,-,-,-,-,-,-,-,29.24,0.39%,989
TWSC,-,-,-,-,-,-,-,-,-,-,-,-,-,22.86,-0.71%,138
TWST,5.76B,-,-,-,14.07,12.64,33.56,-,-61.35%,32.78%,18.31%,12.34%,33.11%,92.53,2.41%,"1,300,021"
TX,8.79B,15.59,6.97,0.15,0.57,0.72,2.80,-,138.46%,22.47%,-11.30%,46.75%,11.95%,44.78,-0.11%,"585,767"
TXBC,-,-,-,-,-,-,-,-,-,-,-,-,-,13.39,4.47%,45
TXG,5.81B,-,-,-,9.10,7.25,10.77,47.58,-131.17%,10.33%,42.10%,-10.81%,16.55%,45.79,9.62%,"3,835,839"
TXMD,22.80M,127.92,-,-,6.81,0.85,2.71,8.54,-,-,72.84%,-,-45.84%,1.97,0.00%,"7,151"
TXN,278.08B,52.27,33.89,1.49,15.08,16.57,54.49,74.73,42.01%,16.48%,-1.81%,22.76%,4.10%,305.55,2.34%,"5,836,782"
TXNM,6.31B,41.19,17.54,1.19,2.88,1.82,1122.83,-,24.70%,11.82%,-7.23%,14.71%,7.30%,57.00,-0.16%,"523,529"
TXNU,-,-,-,-,-,-,-,-,-,-,-,-,-,54.50,4.77%,"16,052"
TXO,728.64M,-,15.08,-,1.67,1.21,92.35,-,15.27%,340.01%,39.68%,-,36.93%,13.19,0.46%,"77,065"
TXRH,12.43B,30.21,24.66,1.67,2.05,8.21,57.93,34.46,5.27%,19.41%,68.63%,14.75%,19.64%,189.09,-1.53%,"653,708"
TXS,-,-,-,-,-,-,-,-,-,-,-,-,-,40.63,0.32%,"2,751"
TXT,15.56B,17.10,12.24,1.23,1.02,1.94,9.67,18.12,6.66%,12.34%,30.51%,9.94%,4.90%,89.50,0.09%,"1,372,487"
TXUE,-,-,-,-,-,-,-,-,-,-,-,-,-,34.83,0.64%,"36,341"
TXUG,-,-,-,-,-,-,-,-,-,-,-,-,-,27.40,0.88%,11
TXXD,-,-,-,-,-,-,-,-,-,-,-,-,-,3.38,7.14%,"68,985"
TXXH,-,-,-,-,-,-,-,-,-,-,-,-,-,48.35,5.18%,"6,499"
TXXI,-,-,-,-,-,-,-,-,-,-,-,-,-,50.56,0.06%,"10,177"
TXXS,-,-,-,-,-,-,-,-,-,-,-,-,-,25.04,11.80%,"2,984"
TY,1.87B,7.15,-,-,27.38,0.97,-,-,-,-,-,-,-,35.10,-0.88%,"32,619"
TYA,-,-,-,-,-,-,-,-,-,-,-,-,-,12.47,0.61%,"115,155"
TYD,-,-,-,-,-,-,-,-,-,-,-,-,-,23.12,0.55%,"22,095"
TYG,1.11B,-,-,-,44.52,0.94,-,-,-,-,-,-,-,43.61,0.48%,"165,483"
TYGO,144.23M,57.06,13.57,-,1.31,3.53,12.47,197.57,241.67%,229.41%,-210.58%,-,-,1.90,1.06%,"844,972"
TYL,12.70B,41.62,20.25,1.31,5.34,3.59,36.68,18.47,14.01%,15.40%,8.96%,15.47%,15.87%,301.29,-4.11%,"598,159"
TYLD,-,-,-,-,-,-,-,-,-,-,-,-,-,25.25,-0.18%,"10,066"
TYLG,-,-,-,-,-,-,-,-,-,-,-,-,-,41.67,1.25%,"1,672"
TYO,-,-,-,-,-,-,-,-,-,-,-,-,-,14.35,-0.79%,"10,185"
TYRA,1.96B,-,-,-,-,5.05,5.10,-,-29.08%,-9.22%,-55.76%,-13.69%,-,32.88,0.64%,"580,367"
TYYY,-,-,-,-,-,-,-,-,-,-,-,-,-,43.05,0.53%,275
TZA,-,-,-,-,-,-,-,-,-,-,-,-,-,4.04,-0.98%,"220,040,212"
TZOO,110.92M,29.79,10.99,0.35,1.19,-,10.49,17.95,66.83%,43.57%,-,31.39%,11.34%,10.79,-2.71%,"75,797"
U,13.86B,-,59.33,-,7.21,4.66,6.47,29.93,1.40%,156.54%,1.50%,-,19.08%,31.75,3.49%,"5,596,228"
UA,2.79B,-,27.60,0.56,0.56,1.95,3.04,-,-9.62%,116.14%,0.80%,49.64%,2.22%,6.47,-2.12%,"1,992,942"
UAA,2.79B,-,28.63,0.60,0.56,1.99,3.04,-,-9.62%,112.86%,0.80%,47.34%,2.22%,6.61,-2.07%,"5,050,003"
UAC,138.19M,-,-,-,-,1.37,64.27,-,-,-,-,-,-,9.96,0.00%,6
UAE,-,-,-,-,-,-,-,-,-,-,-,-,-,19.25,0.52%,"324,810"
UAL,39.06B,10.74,7.99,0.45,0.65,2.46,2.76,12.18,-1.70%,44.30%,-,17.70%,30.93%,120.35,-0.67%,"4,178,782"
UAMY,955.80M,-,20.81,-,24.48,7.00,121.91,-,225.00%,520.00%,5.21%,-,49.62%,6.45,8.04%,"5,018,006"
UAN,1.22B,10.02,-,-,1.89,3.90,9.50,10.86,-,-,-,-,11.61%,115.17,-2.40%,"10,991"
UAPR,-,-,-,-,-,-,-,-,-,-,-,-,-,35.26,0.19%,"3,717"
UAUG,-,-,-,-,-,-,-,-,-,-,-,-,-,42.22,0.07%,"4,269"
UAVS,46.25M,-,-,-,4.38,1.11,1.27,-,-,-,72.72%,-,58.38%,0.79,3.73%,"385,728"
UBCP,88.57M,11.38,9.46,0.88,1.85,1.31,-,-,0.75%,20.00%,-0.59%,10.74%,6.58%,15.32,0.07%,"2,963"
UBER,146.73B,17.96,16.21,3.49,2.73,5.93,21.67,14.97,-29.35%,33.09%,-,4.65%,36.10%,72.08,-2.94%,"18,703,585"
UBEW,-,-,-,-,-,-,-,-,-,-,-,-,-,27.00,-3.54%,"18,322"
UBND,-,-,-,-,-,-,-,-,-,-,-,-,-,21.50,0.23%,"200,317"
UBOT,-,-,-,-,-,-,-,-,-,-,-,-,-,23.09,-0.13%,"26,759"
UBR,-,-,-,-,-,-,-,-,-,-,-,-,-,31.91,3.41%,"1,337"
UBRL,-,-,-,-,-,-,-,-,-,-,-,-,-,14.85,-6.07%,"220,495"
UBS,163.59B,19.28,12.92,0.66,2.05,1.81,-,-,27.42%,18.88%,6.13%,19.65%,19.62%,53.82,3.64%,"2,678,963"
UBSI,6.36B,12.97,12.13,-,3.46,1.17,-,12.21,10.55%,5.30%,6.37%,-,16.00%,46.19,0.09%,"952,945"
UBT,-,-,-,-,-,-,-,-,-,-,-,-,-,15.54,0.39%,"54,852"
UBXG,9.22M,-,-,-,0.38,0.15,0.93,-,-,-,-21.88%,-,-13.58%,4.61,-26.83%,"9,961,831"
UCAR,31.15M,-,-,-,5.44,0.02,9.77,-,-,-,-6.60%,-,93.28%,1.21,-9.02%,"263,329"
UCB,4.26B,13.02,11.21,-,2.76,1.17,-,9.87,10.70%,5.90%,6.49%,-,16.39%,35.61,0.20%,"917,469"
UCC,-,-,-,-,-,-,-,-,-,-,-,-,-,46.83,0.26%,750
UCIB,-,-,-,-,-,-,-,-,-,-,-,-,-,34.42,0.68%,338
UCL,24.30M,10.41,15.67,-,0.30,1.39,0.60,-,-239.53%,700.00%,-,-,-1.86%,0.94,-2.07%,"2,690"
UCO,-,-,-,-,-,-,-,-,-,-,-,-,-,39.33,1.52%,"5,727,571"
UCON,-,-,-,-,-,-,-,-,-,-,-,-,-,24.78,0.22%,"583,359"
UCOP,-,-,-,-,-,-,-,-,-,-,-,-,-,40.97,2.97%,761
UCRD,-,-,-,-,-,-,-,-,-,-,-,-,-,21.24,0.17%,216
UCTT,4.65B,-,21.44,0.24,2.25,7.40,14.38,-,146.77%,86.77%,-,89.64%,7.99%,103.77,5.62%,"919,954"
UCTX,-,-,-,-,-,-,-,-,-,-,-,-,-,16.16,10.72%,"6,278"
UCYB,-,-,-,-,-,-,-,-,-,-,-,-,-,84.42,6.12%,"6,139"
UDEC,-,-,-,-,-,-,-,-,-,-,-,-,-,41.96,0.22%,"7,843"
UDI,-,-,-,-,-,-,-,-,-,-,-,-,-,36.41,-0.22%,337
UDIV,-,-,-,-,-,-,-,-,-,-,-,-,-,60.49,0.40%,"2,717"
UDN,-,-,-,-,-,-,-,-,-,-,-,-,-,17.93,0.45%,"96,707"
UDOW,-,-,-,-,-,-,-,-,-,-,-,-,-,70.75,0.06%,"1,722,293"
UDR,20.98B,27.20,74.62,-,12.23,4.02,603.01,23.60,-20.66%,-40.26%,40.79%,-16.02%,6.65%,39.97,-0.52%,"2,908,395"
UE,3.06B,26.84,45.60,3.10,6.28,2.24,40.27,44.59,48.23%,-2.62%,-1.32%,14.70%,7.41%,22.92,0.48%,"661,851"
UEC,5.14B,-,-,-,254.54,3.61,10.54,-,9.52%,78.34%,-20.77%,-,-,10.39,3.18%,"5,125,817"
UECG,-,-,-,-,-,-,-,-,-,-,-,-,-,3.89,6.99%,"49,416"
UEIC,59.36M,-,7.23,-,0.17,0.43,1.99,5.79,12.90%,85.71%,-,-,-9.74%,4.70,-1.05%,"40,082"
UEVM,-,-,-,-,-,-,-,-,-,-,-,-,-,58.47,0.72%,"4,606"
UFCS,1.33B,10.31,11.14,-,0.93,1.39,-,4.63,-1.74%,2.58%,-,-,5.34%,51.67,-1.49%,"207,760"
UFEB,-,-,-,-,-,-,-,-,-,-,-,-,-,38.84,0.18%,"137,034"
UFG,23.34M,-,-,-,0.12,2.86,2.39,-,120.00%,-,-,-,-,0.72,-4.03%,"32,611"
UFI,121.19M,-,108.67,-,0.23,0.52,4.56,7.29,50.19%,104.62%,18.54%,-,-1.19%,6.52,8.49%,"301,773"
UFIV,-,-,-,-,-,-,-,-,-,-,-,-,-,48.08,0.25%,"7,146"
UFO,-,-,-,-,-,-,-,-,-,-,-,-,-,45.76,0.55%,"477,880"
UFOD,-,-,-,-,-,-,-,-,-,-,-,-,-,24.03,1.44%,"1,483"
UFOX,-,-,-,-,-,-,-,-,-,-,-,-,-,86.57,0.39%,"28,469"
UFPI,4.76B,18.51,15.28,1.44,0.77,1.55,6.20,15.85,-7.47%,18.97%,4.53%,10.59%,4.16%,84.34,-0.25%,"396,458"
UFPT,1.78B,26.12,21.58,1.93,2.92,4.06,89.11,25.64,8.60%,12.21%,37.73%,11.16%,27.43%,230.11,-3.01%,"261,359"
UG,33.10M,14.00,-,-,3.03,3.04,4.12,15.18,-,-,-8.62%,-,-0.82%,7.20,-0.62%,"1,186"
UGA,-,-,-,-,-,-,-,-,-,-,-,-,-,114.56,2.36%,"26,583"
UGE,-,-,-,-,-,-,-,-,-,-,-,-,-,18.77,-2.96%,"41,013"
UGI,7.78B,12.71,10.87,3.77,1.06,1.44,14.68,32.70,-11.22%,13.29%,4.06%,2.88%,2.16%,36.30,-0.03%,"1,002,684"
UGL,-,-,-,-,-,-,-,-,-,-,-,-,-,44.50,2.58%,"1,705,988"
UGLD,-,-,-,-,-,-,-,-,-,-,-,-,-,19.65,2.83%,"8,628"
UGP,6.35B,11.85,10.56,0.78,0.24,1.92,4.42,14.61,29.69%,-3.10%,20.85%,13.57%,12.16%,5.94,-1.00%,"18,324,343"
UHAL,11.97B,281.60,32.41,-,1.98,1.77,10.69,-,381.25%,83.55%,-62.09%,-,5.85%,68.71,0.88%,"153,909"
UHAL-B,11.95B,246.60,-,-,1.98,1.55,10.67,-,-,-,-62.09%,-,5.85%,60.17,0.70%,"326,587"
UHS,8.73B,6.01,5.71,0.66,0.49,1.17,73.34,9.56,7.86%,7.79%,15.93%,8.60%,8.48%,144.23,-5.59%,"1,652,471"
UHT,589.44M,33.01,-,-,5.94,3.99,83.49,11.77,-,-,-2.11%,-,4.92%,42.48,-1.46%,"81,510"
UI,33.26B,35.32,31.89,-,10.74,27.66,90.21,44.88,39.16%,13.00%,15.17%,-,14.91%,549.51,1.64%,"94,406"
UIS,293.08M,-,3.32,0.24,0.15,-,0.77,-,-9.03%,43.03%,0.57%,13.76%,-0.76%,4.02,-2.90%,"1,022,006"
UITB,-,-,-,-,-,-,-,-,-,-,-,-,-,46.36,0.22%,"111,984"
UIVM,-,-,-,-,-,-,-,-,-,-,-,-,-,73.55,1.24%,"2,684"
UJAN,-,-,-,-,-,-,-,-,-,-,-,-,-,45.56,0.13%,"114,859"
UJB,-,-,-,-,-,-,-,-,-,-,-,-,-,78.52,0.35%,"137,687"
UJUL,-,-,-,-,-,-,-,-,-,-,-,-,-,40.89,0.27%,"49,320"
UJUN,-,-,-,-,-,-,-,-,-,-,-,-,-,38.68,0.19%,"139,894"
UK,1.40M,-,-,-,0.08,0.03,0.14,-,-,-,62.43%,-,-50.88%,2.07,-3.27%,"9,882"
UL,131.07B,19.46,15.65,3.49,2.31,7.28,22.05,17.26,0.52%,5.65%,2.89%,4.48%,-0.29%,60.84,-1.04%,"4,074,031"
ULBI,94.28M,-,-,-,0.50,0.73,10.61,15.43,-,-,-,-,12.16%,5.66,0.00%,"35,872"
ULCC,1.47B,-,19.18,-,0.39,6.62,1.90,-,-23.98%,144.82%,10.48%,-,24.40%,6.39,-2.66%,"5,335,385"
ULE,-,-,-,-,-,-,-,-,-,-,-,-,-,12.35,0.58%,"1,963"
ULH,398.71M,-,13.75,-,0.26,0.74,22.25,-,111.87%,144.44%,-,-,2.30%,15.12,1.61%,"30,143"
ULS,17.65B,51.04,34.04,2.84,5.68,13.36,68.41,39.22,15.66%,11.75%,6.75%,11.99%,5.82%,87.56,0.03%,"739,177"
ULST,-,-,-,-,-,-,-,-,-,-,-,-,-,40.33,0.04%,"268,597"
ULTA,20.17B,17.58,14.70,1.31,1.59,7.86,91.13,17.85,12.25%,10.92%,52.49%,11.26%,15.04%,469.12,-0.89%,"448,509"
ULTI,-,-,-,-,-,-,-,-,-,-,-,-,-,9.48,2.00%,"84,419"
ULTY,-,-,-,-,-,-,-,-,-,-,-,-,-,28.74,1.41%,"449,670"
ULVM,-,-,-,-,-,-,-,-,-,-,-,-,-,107.21,-0.17%,205
UMAC,892.79M,-,-,-,51.76,2.69,3.15,-,57.66%,-74.47%,-141.20%,18.54%,588.32%,18.68,8.48%,"2,434,258"
UMAL,-,-,-,-,-,-,-,-,-,-,-,-,-,10.29,16.59%,"15,078"
UMAR,-,-,-,-,-,-,-,-,-,-,-,-,-,42.42,0.17%,"120,059"
UMAY,-,-,-,-,-,-,-,-,-,-,-,-,-,38.15,0.26%,"133,066"
UMBF,10.84B,12.65,10.36,0.97,2.53,1.44,-,10.99,14.04%,6.35%,9.41%,10.63%,26.89%,142.61,-1.16%,"548,823"
UMC,59.97B,36.96,25.63,0.76,7.69,4.71,14.28,35.59,38.13%,26.09%,5.48%,33.53%,4.89%,23.84,1.62%,"13,175,819"
UMCX,-,-,-,-,-,-,-,-,-,-,-,-,-,20.44,3.68%,"1,450"
UMDD,-,-,-,-,-,-,-,-,-,-,-,-,-,35.24,1.44%,"3,554"
UMH,1.31B,148.65,89.10,-,4.91,2.30,34.99,14.54,100.00%,23.21%,-,-,9.85%,15.37,-0.26%,"366,030"
UMI,-,-,-,-,-,-,-,-,-,-,-,-,-,61.20,0.58%,"10,621"
UMMA,-,-,-,-,-,-,-,-,-,-,-,-,-,36.98,1.66%,"45,894"
UN,-,-,-,-,-,-,-,-,-,-,-,-,-,25.78,-1.79%,"2,599"
UNB,114.43M,9.88,-,-,1.29,1.42,-,-,-,-,-3.27%,-,10.66%,24.80,2.61%,"5,265"
UNCY,139.37M,-,1.13,-,-,3.49,2.55,-,-9.40%,352.81%,-2.40%,-,-,5.22,2.55%,"599,395"
UNF,4.78B,43.44,34.04,22.85,1.92,2.18,28.32,54.91,-9.90%,8.65%,2.28%,1.49%,6.16%,275.26,0.85%,"100,747"
UNFI,3.00B,-,15.13,0.20,0.10,1.88,69.72,9.11,260.60%,27.87%,17.38%,74.81%,3.66%,49.54,1.14%,"730,366"
UNG,-,-,-,-,-,-,-,-,-,-,-,-,-,10.52,1.45%,"5,657,731"
UNH,386.13B,32.11,20.17,1.32,0.86,3.94,-,19.63,13.09%,13.99%,-3.76%,15.30%,11.72%,425.19,-0.91%,"5,135,865"
UNHG,-,-,-,-,-,-,-,-,-,-,-,-,-,23.77,-1.89%,"994,715"
UNHU,-,-,-,-,-,-,-,-,-,-,-,-,-,57.68,-1.83%,"1,420"
UNHW,-,-,-,-,-,-,-,-,-,-,-,-,-,54.34,-1.13%,"8,900"
UNIT,2.67B,3.36,-,-,0.91,8.09,2.36,-,-133.24%,-0.35%,-,-,15.93%,11.01,-0.27%,"1,243,349"
UNIY,-,-,-,-,-,-,-,-,-,-,-,-,-,48.03,0.22%,10
UNL,-,-,-,-,-,-,-,-,-,-,-,-,-,6.06,0.52%,"28,537"
UNM,14.14B,19.22,9.18,0.94,1.06,1.31,-,26.23,8.11%,9.67%,1.87%,9.80%,-0.16%,88.47,-1.05%,"1,520,163"
UNOV,-,-,-,-,-,-,-,-,-,-,-,-,-,40.40,0.21%,"1,072"
UNP,171.17B,23.73,20.82,2.22,6.93,8.81,163.95,30.04,9.12%,8.85%,8.75%,9.37%,4.64%,288.30,-0.29%,"2,945,751"
UNTY,557.68M,9.35,8.80,1.09,2.88,1.56,-,13.52,15.03%,8.20%,10.60%,8.07%,14.24%,55.54,-3.16%,"155,510"
UNX,-,-,-,-,-,-,-,-,-,-,-,-,-,56.67,7.00%,"2,007"
UOCT,-,-,-,-,-,-,-,-,-,-,-,-,-,41.36,0.17%,"2,900"
UONE,21.37M,-,-,-,0.06,0.98,0.76,2.41,-,-,-78.83%,-,-0.10%,5.00,4.60%,"24,145"
UP,235.33M,-,-,-,0.32,-,4.35,-,98.94%,-41.44%,38.76%,-,1.17%,6.49,-8.07%,"168,026"
UPAL,-,-,-,-,-,-,-,-,-,-,-,-,-,25.45,7.65%,222
UPAR,-,-,-,-,-,-,-,-,-,-,-,-,-,15.90,0.83%,113
UPB,388.56M,-,-,-,117.04,1.28,1.32,-,-5.35%,-1.88%,-,-5.14%,-,7.14,-1.92%,"344,693"
UPBD,1.23B,14.70,4.43,0.46,0.26,1.72,12.49,4.62,1.65%,13.27%,-19.66%,9.65%,10.78%,21.08,-0.33%,"871,628"
UPC,2.92M,-,-,-,0.16,0.05,0.09,-,-,-,-,-,-10.27%,4.62,3.82%,"51,685"
UPGD,-,-,-,-,-,-,-,-,-,-,-,-,-,82.29,-0.02%,288
UPGR,-,-,-,-,-,-,-,-,-,-,-,-,-,25.63,2.02%,"2,096"
UPLD,15.33M,-,0.74,-,0.08,-,0.50,0.70,-24.13%,1.07%,4.05%,-,-5.76%,5.22,4.40%,"10,293"
UPLT,-,-,-,-,-,-,-,-,-,-,-,-,-,22.46,3.30%,"1,373"
UPRO,-,-,-,-,-,-,-,-,-,-,-,-,-,144.28,1.09%,"1,920,839"
UPS,96.62B,18.40,14.30,2.35,1.09,6.13,16.65,21.40,-0.77%,11.90%,33.57%,6.09%,0.98%,113.67,0.69%,"3,066,730"
UPSC,-,-,-,-,-,-,-,-,-,-,-,-,-,22.67,1.95%,"1,706"
UPSD,-,-,-,-,-,-,-,-,-,-,-,-,-,29.00,0.29%,"6,186"
UPSG,-,-,-,-,-,-,-,-,-,-,-,-,-,18.39,1.45%,"1,158"
UPST,3.04B,81.88,16.65,0.68,2.67,4.14,3.26,-,-45.25%,110.09%,40.90%,24.65%,34.93%,31.72,0.83%,"3,282,254"
UPSX,-,-,-,-,-,-,-,-,-,-,-,-,-,18.09,1.39%,"37,367"
UPV,-,-,-,-,-,-,-,-,-,-,-,-,-,98.07,1.11%,650
UPW,-,-,-,-,-,-,-,-,-,-,-,-,-,24.20,-0.45%,"14,550"
UPWK,1.12B,11.25,5.15,0.39,1.41,1.96,1.92,5.43,9.65%,13.43%,-,13.21%,16.09%,9.03,-0.99%,"2,381,868"
UPXI,65.89M,-,-,-,2.52,-,0.56,-,-96.20%,91.29%,25.24%,-,16.36%,0.84,10.49%,"1,316,431"
URA,-,-,-,-,-,-,-,-,-,-,-,-,-,41.55,2.04%,"1,860,127"
URAA,-,-,-,-,-,-,-,-,-,-,-,-,-,23.05,4.02%,"103,997"
URAN,-,-,-,-,-,-,-,-,-,-,-,-,-,37.45,0.20%,"9,397"
URBN,6.01B,13.47,10.42,1.13,0.95,2.30,14.54,39.97,13.36%,9.19%,231.76%,9.19%,12.31%,70.19,0.49%,"795,438"
URE,-,-,-,-,-,-,-,-,-,-,-,-,-,70.27,-0.62%,"1,066"
URG,532.42M,-,97.45,-,17.10,6.42,4.32,-,33.89%,110.40%,-17.70%,-,26.75%,1.34,4.69%,"4,989,983"
URGN,1.91B,-,31.85,-,13.59,-,13.48,-,73.52%,245.66%,11.57%,-,56.22%,39.19,-0.81%,"556,069"
URI,66.77B,27.21,19.78,1.55,4.08,7.46,428.02,100.71,12.03%,14.37%,25.90%,12.79%,13.55%,1065.83,-1.80%,"433,772"
URNJ,-,-,-,-,-,-,-,-,-,-,-,-,-,23.09,2.49%,"153,488"
URNM,-,-,-,-,-,-,-,-,-,-,-,-,-,51.59,2.75%,"490,988"
UROY,399.89M,118.18,96.88,-,10.12,1.42,3.90,13.55,174.24%,30.52%,2.97%,-,-,2.73,3.02%,"1,810,914"
URSP,-,-,-,-,-,-,-,-,-,-,-,-,-,49.23,-0.69%,"25,433"
URTH,-,-,-,-,-,-,-,-,-,-,-,-,-,203.98,0.48%,"858,516"
URTY,-,-,-,-,-,-,-,-,-,-,-,-,-,81.94,1.05%,"639,562"
USA,1.83B,10.62,-,-,60.45,0.87,-,-,-,-,-,-,-,5.95,-0.17%,"1,506,591"
USAC,3.93B,27.70,17.82,0.61,3.62,12.41,270.58,12.98,36.69%,30.92%,-,29.10%,8.37%,27.10,0.78%,"205,399"
USAF,-,-,-,-,-,-,-,-,-,-,-,-,-,27.66,0.20%,224
USAI,-,-,-,-,-,-,-,-,-,-,-,-,-,47.13,0.59%,"9,493"
USAR,4.16B,-,-,-,566.33,2.11,2.38,-,37.35%,59.61%,-,-,-,18.19,5.69%,"10,182,381"
USAS,1.37B,-,10.11,-,8.42,5.75,11.22,-,150.95%,147.04%,11.57%,-,32.33%,4.20,3.96%,"2,328,320"
USAU,253.13M,-,-,-,-,4.80,7.01,-,-,-,10.69%,-,-,15.34,3.72%,"119,511"
USAX,-,-,-,-,-,-,-,-,-,-,-,-,-,13.31,11.19%,"65,769"
USB,96.80B,13.02,10.90,1.01,2.23,1.64,-,10.09,10.81%,11.35%,8.57%,10.76%,13.15%,62.14,-0.32%,"7,384,780"
USBC,119.89M,-,-,-,-,2.00,58.77,-,-,-,56.54%,-,-,0.31,-3.77%,"283,893"
USCA,-,-,-,-,-,-,-,-,-,-,-,-,-,44.49,0.36%,"2,292"
USCB,366.37M,13.98,9.14,-,2.36,1.64,-,8.54,19.95%,9.56%,11.61%,-,20.96%,20.06,-0.50%,"23,389"
USCI,-,-,-,-,-,-,-,-,-,-,-,-,-,99.28,1.17%,"7,959"
USCL,-,-,-,-,-,-,-,-,-,-,-,-,-,84.51,0.38%,764
USD,-,-,-,-,-,-,-,-,-,-,-,-,-,94.89,6.38%,"757,316"
USDE,42.78M,-,-,-,-,-,-,-,-,-,-,-,-,1.78,-6.32%,"1,465,883"
USDU,-,-,-,-,-,-,-,-,-,-,-,-,-,26.68,-0.37%,"222,156"
USDX,-,-,-,-,-,-,-,-,-,-,-,-,-,25.49,0.12%,"26,252"
USE,-,-,-,-,-,-,-,-,-,-,-,-,-,30.01,2.06%,"1,070"
USEA,25.37M,-,-,-,0.67,0.43,2.50,-,119.57%,-111.11%,-,-,55.74%,2.66,0.76%,"28,245"
USEP,-,-,-,-,-,-,-,-,-,-,-,-,-,41.53,0.08%,"5,825"
USEW,-,-,-,-,-,-,-,-,-,-,-,-,-,55.90,0.26%,348
USFD,22.24B,34.02,18.29,1.06,0.56,5.14,453.93,26.23,18.67%,16.92%,-,17.18%,11.49%,101.00,-0.31%,"1,929,546"
USFE,-,-,-,-,-,-,-,-,-,-,-,-,-,34.54,-0.68%,332
USFR,-,-,-,-,-,-,-,-,-,-,-,-,-,50.44,0.02%,"3,122,494"
USG,-,-,-,-,-,-,-,-,-,-,-,-,-,32.23,1.37%,"2,149"
USGG,-,-,-,-,-,-,-,-,-,-,-,-,-,8.03,11.37%,"132,227"
USGO,106.17M,-,-,-,-,16.97,22.35,-,10.91%,-,-62.17%,-,-,7.95,3.65%,"47,251"
USHY,-,-,-,-,-,-,-,-,-,-,-,-,-,36.86,0.16%,"9,462,733"
USIG,-,-,-,-,-,-,-,-,-,-,-,-,-,50.62,0.24%,"1,637,736"
USIN,-,-,-,-,-,-,-,-,-,-,-,-,-,49.22,0.26%,"4,192"
USIO,68.17M,-,39.52,-,0.77,3.77,8.82,-,100.00%,-,13.11%,-,21.50%,2.47,10.27%,"91,460"
USL,-,-,-,-,-,-,-,-,-,-,-,-,-,49.39,0.42%,"9,431"
USLM,2.98B,22.87,17.81,1.82,8.08,4.51,7.79,32.64,10.06%,13.62%,36.10%,9.79%,18.32%,104.01,0.66%,"162,722"
USLN,-,-,-,-,-,-,-,-,-,-,-,-,-,50.53,0.02%,335
USLV,-,-,-,-,-,-,-,-,-,-,-,-,-,13.77,3.42%,"463,070"
USMC,-,-,-,-,-,-,-,-,-,-,-,-,-,74.68,0.64%,"62,733"
USMD,-,-,-,-,-,-,-,-,-,-,-,-,-,30.98,1.07%,8
USMF,-,-,-,-,-,-,-,-,-,-,-,-,-,53.34,0.53%,"21,491"
USML,-,-,-,-,-,-,-,-,-,-,-,-,-,43.65,-1.75%,8
USMV,-,-,-,-,-,-,-,-,-,-,-,-,-,96.88,-0.96%,"1,933,552"
USNA,395.11M,45.01,7.73,-,0.43,0.73,2.43,133.48,9.84%,30.66%,-37.06%,-,-4.00%,21.40,-2.86%,"46,970"
USNG,-,-,-,-,-,-,-,-,-,-,-,-,-,36.15,1.30%,"2,747"
USNZ,-,-,-,-,-,-,-,-,-,-,-,-,-,47.69,0.47%,23
USO,-,-,-,-,-,-,-,-,-,-,-,-,-,120.17,2.02%,"10,213,291"
USOI,-,-,-,-,-,-,-,-,-,-,-,-,-,46.49,1.26%,"61,492"
USOY,-,-,-,-,-,-,-,-,-,-,-,-,-,7.17,1.56%,"685,595"
USPH,1.07B,140.90,20.55,1.86,1.34,2.27,37.46,15.67,6.36%,21.80%,-10.50%,11.03%,13.05%,70.00,-2.22%,"250,500"
USPX,-,-,-,-,-,-,-,-,-,-,-,-,-,65.74,0.39%,"34,947"
USRD,-,-,-,-,-,-,-,-,-,-,-,-,-,38.00,-0.86%,"1,211"
USRT,-,-,-,-,-,-,-,-,-,-,-,-,-,67.16,-0.09%,"291,170"
USSE,-,-,-,-,-,-,-,-,-,-,-,-,-,40.02,1.57%,"41,438"
USSG,-,-,-,-,-,-,-,-,-,-,-,-,-,69.70,0.32%,"12,065"
USSH,-,-,-,-,-,-,-,-,-,-,-,-,-,50.27,0.15%,"3,039"
UST,-,-,-,-,-,-,-,-,-,-,-,-,-,41.59,0.59%,316
USTB,-,-,-,-,-,-,-,-,-,-,-,-,-,50.43,0.12%,"198,584"
USVM,-,-,-,-,-,-,-,-,-,-,-,-,-,108.73,0.17%,"33,915"
USVN,-,-,-,-,-,-,-,-,-,-,-,-,-,47.31,0.28%,"2,709"
USX,-,-,-,-,-,-,-,-,-,-,-,-,-,24.43,0.74%,512
USXF,-,-,-,-,-,-,-,-,-,-,-,-,-,68.25,1.17%,"46,962"
UTEN,-,-,-,-,-,-,-,-,-,-,-,-,-,42.79,0.26%,"37,946"
UTES,-,-,-,-,-,-,-,-,-,-,-,-,-,81.96,-0.23%,"87,579"
UTF,3.11B,7.02,-,-,21.31,1.09,-,-,-,-,-,-,-,27.78,-0.22%,"255,308"
UTG,3.77B,2.97,-,-,41.30,0.93,-,-,-,-,-,-,-,40.98,0.56%,"240,040"
UTHR,22.35B,19.44,16.03,1.20,7.05,3.76,10.38,21.98,-0.23%,18.17%,19.27%,13.41%,16.50%,526.66,-1.66%,"372,647"
UTHY,-,-,-,-,-,-,-,-,-,-,-,-,-,39.73,0.06%,"114,871"
UTI,2.57B,60.89,54.52,8.68,2.96,7.56,15.26,1366.28,-30.85%,9.51%,84.22%,6.28%,22.68%,46.65,-2.91%,"833,691"
UTL,964.66M,17.13,15.46,2.84,1.66,1.52,57.08,-,3.32%,6.24%,6.66%,5.44%,5.07%,53.62,-0.65%,"158,917"
UTMD,217.31M,20.20,-,-,5.79,1.81,2.49,16.69,-,-,3.45%,-,-1.80%,68.25,-2.51%,"18,976"
UTRE,-,-,-,-,-,-,-,-,-,-,-,-,-,49.03,0.20%,"3,962"
UTSI,22.89M,-,-,-,2.55,0.61,0.56,-,-,-,20.00%,-,-18.06%,2.41,-5.12%,"114,079"
UTSL,-,-,-,-,-,-,-,-,-,-,-,-,-,46.42,-0.17%,"80,064"
UTWO,-,-,-,-,-,-,-,-,-,-,-,-,-,47.97,0.18%,"178,536"
UTWY,-,-,-,-,-,-,-,-,-,-,-,-,-,41.89,0.20%,49
UTZ,1.08B,-,8.94,2.01,0.74,0.93,14.60,25.38,-5.25%,7.72%,-,4.44%,8.33%,7.48,-2.35%,"2,299,250"
UUP,-,-,-,-,-,-,-,-,-,-,-,-,-,28.39,-0.39%,"2,503,657"
UUPP,-,-,-,-,-,-,-,-,-,-,-,-,-,25.10,0.02%,6
UUU,12.09M,-,-,-,2.49,3.51,3.48,22.39,-,-,-,-,-22.66%,3.99,-1.48%,"8,444"
UUUC,-,-,-,-,-,-,-,-,-,-,-,-,-,24.05,2.52%,18
UUUG,-,-,-,-,-,-,-,-,-,-,-,-,-,4.31,2.47%,"151,290"
UUUU,3.31B,-,78.74,-,38.96,4.47,3.63,-,53.76%,195.63%,-10.70%,-,108.88%,13.23,1.38%,"5,052,126"
UVE,1.16B,6.14,8.82,-,0.72,1.98,-,3.36,-25.40%,1.62%,60.26%,-,8.38%,41.45,-3.18%,"297,750"
UVIX,-,-,-,-,-,-,-,-,-,-,-,-,-,58.13,-2.56%,"1,265,263"
UVSP,1.21B,13.10,11.67,-,2.32,1.28,-,12.81,16.93%,1.82%,14.37%,-,13.48%,43.48,-0.46%,"136,845"
UVV,1.26B,39.14,11.51,-,0.43,0.89,20.21,15.66,62.88%,1.86%,-18.13%,-,8.08%,50.42,-1.10%,"192,169"
UVXY,-,-,-,-,-,-,-,-,-,-,-,-,-,23.80,-2.14%,"5,820,530"
UWM,-,-,-,-,-,-,-,-,-,-,-,-,-,64.48,0.62%,"266,046"
UWMC,3.23B,7.51,4.19,0.06,0.96,2.75,7.63,-,195.00%,36.16%,-,73.19%,-,2.02,1.00%,"12,630,249"
UX,-,-,-,-,-,-,-,-,-,-,-,-,-,28.24,2.57%,"4,117"
UXAP,-,-,-,-,-,-,-,-,-,-,-,-,-,43.25,0.41%,14
UXI,-,-,-,-,-,-,-,-,-,-,-,-,-,60.12,0.34%,"2,817"
UXIN,378.12M,-,-,-,0.70,-,55.04,-,-,47.17%,59.50%,-,35.98%,1.72,-0.58%,"69,082"
UXJA,-,-,-,-,-,-,-,-,-,-,-,-,-,38.26,0.41%,"2,662"
UXJL,-,-,-,-,-,-,-,-,-,-,-,-,-,36.67,0.48%,"1,246"
UXOC,-,-,-,-,-,-,-,-,-,-,-,-,-,39.42,0.42%,512
UXRP,-,-,-,-,-,-,-,-,-,-,-,-,-,11.17,9.40%,"59,509"
UYG,-,-,-,-,-,-,-,-,-,-,-,-,-,93.50,0.49%,"22,973"
UYLD,-,-,-,-,-,-,-,-,-,-,-,-,-,51.08,0.06%,"174,030"
UYM,-,-,-,-,-,-,-,-,-,-,-,-,-,29.45,0.59%,"10,619"
UYSC,82.21M,146.45,-,-,-,1.40,8221.00,-,-,-,-,-,-,10.73,0.00%,6
UZX,3.29M,-,-,-,109.70,36.56,-,-,-,-,-,-,-30.18%,0.27,6.85%,"276,985"
V,670.79B,31.30,23.88,1.75,15.59,19.10,42.13,31.66,14.63%,13.40%,16.47%,13.67%,12.86%,356.02,-0.48%,"6,632,434"
VABK,246.46M,12.32,-,-,2.97,1.32,-,9.49,-,-,3.83%,-,19.78%,45.45,0.35%,"2,301"
VABS,-,-,-,-,-,-,-,-,-,-,-,-,-,24.18,0.12%,344
VAC,3.33B,-,11.57,2.11,0.65,1.67,5.59,-,3.78%,12.84%,-5.80%,5.48%,11.76%,96.98,-0.69%,"272,980"
VACI,318.59M,-,-,-,-,1.41,318.59,-,-,-,-,-,-,10.17,-0.20%,"56,506"
VAIE,-,-,-,-,-,-,-,-,-,-,-,-,-,24.77,0.53%,"25,800"
VAL,5.44B,5.49,10.70,-,2.46,1.72,9.30,44.21,-78.47%,143.51%,-,-11.60%,10.67%,78.49,-1.36%,"916,958"
VALE,62.22B,22.27,7.69,0.15,1.57,1.70,11.79,18.56,258.87%,-3.85%,-10.52%,51.10%,-0.88%,14.59,2.89%,"23,953,798"
VALG,-,-,-,-,-,-,-,-,-,-,-,-,-,16.88,6.09%,852
VALN,484.53M,-,6.60,-,2.68,4.98,3.99,-,43.01%,185.34%,0.90%,-,9.40%,5.11,-2.85%,"60,756"
VALQ,-,-,-,-,-,-,-,-,-,-,-,-,-,68.85,-0.90%,"3,692"
VALU,366.57M,16.69,-,-,10.84,3.40,4.34,18.95,-,-,7.24%,-,-2.74%,39.05,-2.25%,645
VAMO,-,-,-,-,-,-,-,-,-,-,-,-,-,36.18,0.03%,752
VANI,120.73M,-,-,-,-,6.21,6.11,-,21.71%,-30.69%,27.77%,-0.00%,-,1.40,-1.41%,"224,613"
VATE,129.74M,-,-,-,0.10,-,0.96,0.74,-,-,13.79%,-,11.69%,9.51,-0.52%,"143,242"
VAVX,-,-,-,-,-,-,-,-,-,-,-,-,-,13.82,3.17%,"4,136"
VAW,-,-,-,-,-,-,-,-,-,-,-,-,-,225.73,0.44%,"44,776"
VB,-,-,-,-,-,-,-,-,-,-,-,-,-,296.89,0.24%,"329,766"
VBCA,-,-,-,-,-,-,-,-,-,-,-,-,-,75.49,0.08%,"5,161"
VBCB,-,-,-,-,-,-,-,-,-,-,-,-,-,75.35,0.15%,"14,778"
VBCC,-,-,-,-,-,-,-,-,-,-,-,-,-,75.21,0.19%,"4,715"
VBCD,-,-,-,-,-,-,-,-,-,-,-,-,-,75.01,0.19%,"2,709"
VBCE,-,-,-,-,-,-,-,-,-,-,-,-,-,75.01,0.22%,"4,982"
VBCF,-,-,-,-,-,-,-,-,-,-,-,-,-,75.00,0.28%,"2,484"
VBCG,-,-,-,-,-,-,-,-,-,-,-,-,-,74.67,0.27%,"2,404"
VBCH,-,-,-,-,-,-,-,-,-,-,-,-,-,74.75,0.27%,"1,116"
VBCI,-,-,-,-,-,-,-,-,-,-,-,-,-,74.69,0.25%,756
VBCJ,-,-,-,-,-,-,-,-,-,-,-,-,-,74.50,0.25%,"6,182"
VBF,170.01M,14.59,-,-,16.17,0.89,-,-,-,-,-,-,-,14.88,-0.47%,"35,076"
VBIL,-,-,-,-,-,-,-,-,-,-,-,-,-,75.58,0.00%,"2,428,389"
VBIO,1.95M,-,-,-,4.06,0.12,0.27,-,-,-,59.16%,-,-,0.47,-7.64%,"1,316,618"
VBK,-,-,-,-,-,-,-,-,-,-,-,-,-,350.89,0.49%,"151,250"
VBNB,-,-,-,-,-,-,-,-,-,-,-,-,-,22.53,2.66%,"1,995"
VBND,-,-,-,-,-,-,-,-,-,-,-,-,-,43.40,0.26%,"22,952"
VBNK,685.54M,31.03,11.39,-,2.91,1.69,-,12.39,49.50%,47.98%,1.24%,-,27.67%,21.29,-2.11%,"75,643"
VBR,-,-,-,-,-,-,-,-,-,-,-,-,-,241.92,0.06%,"211,293"
VBX,-,-,-,-,-,-,-,-,-,-,-,-,-,24.99,0.50%,310
VC,2.78B,17.22,10.26,0.58,0.73,1.78,4.07,13.09,11.25%,17.54%,-,17.57%,8.14%,103.97,0.42%,"344,597"
VCEB,-,-,-,-,-,-,-,-,-,-,-,-,-,61.89,0.16%,"68,276"
VCEL,2.35B,112.69,52.58,0.84,8.06,6.60,16.19,49.56,47.63%,85.56%,39.20%,62.51%,17.34%,46.09,-2.95%,"632,953"
VCHY,-,-,-,-,-,-,-,-,-,-,-,-,-,75.09,0.15%,"24,774"
VCIG,13.46M,-,-,-,-,-,-,-,-,-,32.62%,-,136.56%,2.03,-4.25%,"44,598"
VCIT,-,-,-,-,-,-,-,-,-,-,-,-,-,81.70,0.31%,"8,230,190"
VCLN,-,-,-,-,-,-,-,-,-,-,-,-,-,29.27,1.71%,346
VCLT,-,-,-,-,-,-,-,-,-,-,-,-,-,73.16,0.21%,"4,199,864"
VCOB,-,-,-,-,-,-,-,-,-,-,-,-,-,49.23,0.22%,216
VCR,-,-,-,-,-,-,-,-,-,-,-,-,-,392.10,-0.08%,"34,250"
VCRB,-,-,-,-,-,-,-,-,-,-,-,-,-,76.40,0.18%,"901,153"
VCRE,-,-,-,-,-,-,-,-,-,-,-,-,-,12.39,-2.06%,"11,356"
VCRM,-,-,-,-,-,-,-,-,-,-,-,-,-,75.91,0.03%,"111,952"
VCSH,-,-,-,-,-,-,-,-,-,-,-,-,-,78.60,0.19%,"2,069,734"
VCTR,6.11B,21.94,12.07,0.99,4.12,2.59,80.54,14.48,16.59%,8.80%,7.17%,12.21%,11.30%,97.70,6.22%,"798,836"
VCV,533.88M,41.81,-,-,14.16,1.11,-,-,-,-,-,-,-,10.87,0.00%,"104,031"
VCX,1.77B,-,-,-,-,-,-,-,-,-,-,-,-,62.31,-7.00%,"120,564"
VCYT,4.52B,52.12,29.69,7.28,8.34,3.36,10.29,29.08,2.86%,4.15%,-,4.08%,34.50%,56.62,-1.50%,"973,638"
VDC,-,-,-,-,-,-,-,-,-,-,-,-,-,226.29,-1.30%,"85,032"
VDE,-,-,-,-,-,-,-,-,-,-,-,-,-,160.91,0.47%,"393,720"
VDG,-,-,-,-,-,-,-,-,-,-,-,-,-,79.68,1.37%,"11,682"
VDI,-,-,-,-,-,-,-,-,-,-,-,-,-,35.69,1.17%,40
VDIG,-,-,-,-,-,-,-,-,-,-,-,-,-,62.79,-0.77%,"20,808"
VDV,-,-,-,-,-,-,-,-,-,-,-,-,-,76.16,1.10%,"5,403"
VEA,-,-,-,-,-,-,-,-,-,-,-,-,-,70.60,1.20%,"13,284,707"
VECA,131.60M,-,-,-,-,-,13160.00,-,-,-,-,-,-,9.95,0.00%,6
VECO,3.54B,151.29,17.36,-,5.40,4.01,9.24,84.31,22.75%,104.66%,-,-,7.90%,58.02,4.05%,"774,160"
VEEA,11.36M,-,-,-,42.06,2.07,7.14,-,-,-,-,-,-,0.21,2.95%,"511,143"
VEEE,20.39M,-,-,-,1.34,1.18,3.60,-,90.39%,-,-,-,6.02%,38.51,54.91%,"25,360,641"
VEEV,31.37B,34.38,19.25,1.62,9.45,4.31,4.29,19.12,11.88%,10.69%,18.15%,11.85%,16.88%,193.09,-1.89%,"1,691,939"
VEFA,-,-,-,-,-,-,-,-,-,-,-,-,-,80.12,0.88%,6
VEGA,-,-,-,-,-,-,-,-,-,-,-,-,-,52.41,0.50%,"2,593"
VEGI,-,-,-,-,-,-,-,-,-,-,-,-,-,44.30,0.33%,"21,174"
VEGN,-,-,-,-,-,-,-,-,-,-,-,-,-,78.58,0.87%,"2,749"
VEL,683.43M,6.30,5.80,1.36,1.03,0.99,6.10,33.63,-6.91%,10.73%,-,4.28%,29.35%,17.41,1.22%,"86,891"
VELL,-,-,-,-,-,-,-,-,-,-,-,-,-,5.70,12.20%,"68,387"
VELO,381.15M,-,-,-,7.55,6.51,23.02,-,78.68%,43.68%,47.31%,58.48%,19.36%,12.79,6.05%,"1,796,619"
VEM,-,-,-,-,-,-,-,-,-,-,-,-,-,26.88,2.63%,10
VEMY,-,-,-,-,-,-,-,-,-,-,-,-,-,28.86,0.14%,"42,272"
VENU,167.89M,-,-,-,9.17,1.01,2.97,-,-4.55%,67.83%,-,-,-,2.81,6.04%,"435,346"
VEON,3.65B,6.83,5.66,0.35,0.79,2.48,1.67,6.75,-7.41%,35.48%,-,16.38%,-9.10%,52.66,1.17%,"49,669"
VERA,3.10B,-,-,-,-,6.19,5.19,-,-32.78%,36.78%,-13.19%,-,-,43.13,3.93%,"2,587,282"
VERI,99.46M,-,-,-,1.12,2.03,6.00,-,53.71%,70.12%,-0.34%,-,9.82%,1.07,-2.73%,"1,629,200"
VERS,-,-,-,-,-,-,-,-,-,-,-,-,-,72.13,0.86%,18
VERU,37.08M,-,-,-,-,1.07,1.21,-,34.52%,2.96%,14.86%,24.70%,-,2.31,-9.77%,"467,688"
VERX,2.02B,-,12.01,0.49,2.63,8.15,7.48,22.64,25.39%,29.47%,-,24.55%,14.84%,12.48,-3.85%,"1,730,712"
VET,1.50B,-,9.44,-,1.16,1.02,128.36,6.73,113.62%,145.83%,15.76%,-,8.23%,9.82,0.61%,"936,885"
VETZ,-,-,-,-,-,-,-,-,-,-,-,-,-,19.58,0.48%,"1,119"
VEU,-,-,-,-,-,-,-,-,-,-,-,-,-,82.85,1.04%,"3,479,928"
VEXC,-,-,-,-,-,-,-,-,-,-,-,-,-,93.90,0.27%,"13,184"
VFC,6.54B,26.21,12.38,0.60,0.68,3.53,7.94,12.02,28.37%,24.90%,-9.15%,20.63%,0.78%,16.67,-1.24%,"4,066,242"
VFF,248.50M,5.61,7.35,0.23,1.10,0.79,4.47,17.14,-12.50%,76.19%,-11.92%,32.11%,4.89%,2.04,0.99%,"669,170"
VFH,-,-,-,-,-,-,-,-,-,-,-,-,-,137.61,0.27%,"841,131"
VFL,126.59M,42.96,-,-,10.12,0.91,-,-,-,-,-,-,-,10.31,0.00%,0
VFLO,-,-,-,-,-,-,-,-,-,-,-,-,-,47.46,-0.79%,"1,485,779"
VFMF,-,-,-,-,-,-,-,-,-,-,-,-,-,179.43,-0.27%,"31,891"
VFMO,-,-,-,-,-,-,-,-,-,-,-,-,-,235.17,1.48%,"49,689"
VFMV,-,-,-,-,-,-,-,-,-,-,-,-,-,141.18,-0.57%,"13,321"
VFQY,-,-,-,-,-,-,-,-,-,-,-,-,-,170.87,-0.16%,"5,112"
VFS,7.30B,-,-,-,1.97,-,21.02,-,7.03%,33.64%,-76.22%,20.79%,-,3.12,1.63%,"789,891"
VFVA,-,-,-,-,-,-,-,-,-,-,-,-,-,151.62,-0.68%,"7,028"
VG,32.87B,13.81,18.31,1.47,2.12,4.54,16.99,-,71.71%,-51.08%,-,12.42%,-,13.23,-0.97%,"13,713,146"
VGAS,49.45M,-,-,-,-,0.84,0.91,-,-,-,-355.00%,-,-,1.11,0.91%,"17,905"
VGHY,-,-,-,-,-,-,-,-,-,-,-,-,-,74.51,0.15%,"31,896"
VGI,83.15M,9.93,-,-,-,-,-,-,-,-,-,-,-,7.35,-0.81%,"129,011"
VGIT,-,-,-,-,-,-,-,-,-,-,-,-,-,58.55,0.26%,"2,633,979"
VGK,-,-,-,-,-,-,-,-,-,-,-,-,-,88.30,0.50%,"1,120,417"
VGLT,-,-,-,-,-,-,-,-,-,-,-,-,-,53.84,0.19%,"3,353,542"
VGM,574.32M,34.16,-,-,13.28,1.00,-,-,-,-,-,-,-,10.59,-0.09%,"227,090"
VGMS,-,-,-,-,-,-,-,-,-,-,-,-,-,51.01,0.19%,"46,749"
VGNT,2.81B,-,5.13,-,-,-,9.97,-,-23.26%,11.30%,-,-1.11%,-,39.64,-2.44%,"702,493"
VGRO,-,-,-,-,-,-,-,-,-,-,-,-,-,25.54,0.57%,596
VGSH,-,-,-,-,-,-,-,-,-,-,-,-,-,58.07,0.16%,"3,303,364"
VGSR,-,-,-,-,-,-,-,-,-,-,-,-,-,11.43,0.00%,"42,479"
VGT,-,-,-,-,-,-,-,-,-,-,-,-,-,117.11,1.32%,"4,868,604"
VGUS,-,-,-,-,-,-,-,-,-,-,-,-,-,75.54,0.03%,"184,658"
VGVT,-,-,-,-,-,-,-,-,-,-,-,-,-,74.47,0.05%,232
VGZ,245.23M,-,-,-,-,4.60,4.65,-,0.00%,-,-,-,-,1.68,1.20%,"802,295"
VHC,42.78M,-,-,-,267.35,2.27,2.48,-,-,-,-,-,-77.83%,10.22,-2.29%,"5,518"
VHCP,306.67M,-,-,-,-,-,131.06,-,-,-,-,-,-,10.00,0.00%,9
VHI,397.37M,-,-,-,0.19,0.39,1.88,13.29,-,-,-,-,2.35%,14.04,-0.28%,"8,594"
VHT,-,-,-,-,-,-,-,-,-,-,-,-,-,298.59,-1.65%,"250,935"
VHUB,96.70M,-,-,-,224.88,26.99,16.67,-,-,-,-,-,-,1.06,2.91%,"44,638"
VIA,1.52B,-,33.26,-,3.28,2.44,4.36,-,96.34%,1834.68%,-,-,-,18.67,1.97%,"783,528"
VIAG,-,-,-,-,-,-,-,-,-,-,-,-,-,14.45,4.37%,534
VIAV,10.32B,-,32.57,0.56,7.56,11.57,20.32,226.90,99.52%,37.05%,4.66%,57.74%,-0.93%,41.85,2.27%,"3,399,174"
VICE,-,-,-,-,-,-,-,-,-,-,-,-,-,33.42,-0.89%,531
VICI,28.09B,9.02,8.94,1.75,6.95,1.00,58.50,11.03,12.93%,-0.22%,8.40%,5.12%,26.73%,26.28,-0.45%,"6,985,985"
VICR,12.06B,88.58,44.41,1.00,28.25,15.98,29.82,138.07,16.60%,95.69%,44.90%,44.62%,6.57%,264.50,4.89%,"672,229"
VIDA,-,-,-,-,-,-,-,-,-,-,-,-,-,2.27,4.13%,"206,028"
VIDI,-,-,-,-,-,-,-,-,-,-,-,-,-,39.18,0.99%,"34,574"
VIG,-,-,-,-,-,-,-,-,-,-,-,-,-,237.30,-0.49%,"763,181"
VIGI,-,-,-,-,-,-,-,-,-,-,-,-,-,95.10,0.55%,"278,529"
VII-U,200.40M,-,-,-,-,-,-,-,-,-,-,-,-,10.02,0.10%,"4,501"
VIK,43.57B,36.37,22.35,0.85,6.54,40.33,10.77,38.92,27.56%,31.22%,-,26.27%,79.58%,97.65,-0.55%,"1,323,558"
VINP,651.89M,13.72,8.64,0.45,3.48,1.69,3.53,21.55,12.27%,18.95%,1.16%,19.12%,21.58%,9.95,1.63%,"21,030"
VIOG,-,-,-,-,-,-,-,-,-,-,-,-,-,148.86,0.31%,"28,094"
VIOO,-,-,-,-,-,-,-,-,-,-,-,-,-,134.79,0.28%,"59,292"
VIOT,27.79M,2.96,14.00,-,0.08,0.26,0.15,-,-59.57%,50.00%,-4.31%,-,-16.74%,0.84,0.12%,"1,041,747"
VIOV,-,-,-,-,-,-,-,-,-,-,-,-,-,116.27,0.16%,"39,653"
VIPS,5.58B,6.57,5.21,1.57,0.37,1.12,1.25,-,0.75%,4.67%,9.21%,3.33%,-0.03%,13.86,-0.43%,"1,842,674"
VIR,1.60B,-,-,-,24.44,1.88,3.35,-,38.81%,-20.57%,-4.76%,19.38%,-2.14%,9.49,-2.37%,"1,676,037"
VIRC,95.00M,-,18.30,0.37,0.48,0.93,25.47,20.09,-93.75%,3200.00%,-,49.07%,5.50%,6.04,-1.95%,"11,306"
VIRT,9.24B,9.86,8.73,1.61,2.58,2.99,8.97,18.56,22.96%,-3.18%,-0.13%,5.41%,2.26%,59.57,-7.89%,"2,213,840"
VIS,-,-,-,-,-,-,-,-,-,-,-,-,-,347.81,0.22%,"56,350"
VISN,2.73B,-,11.38,-,0.68,0.59,1.08,12.06,49.13%,-7.52%,-,-,-25.53%,12.09,-0.33%,"4,742,806"
VIST,6.26B,9.57,6.15,0.34,2.15,2.63,10.17,-,52.91%,2.42%,-,18.34%,55.33%,65.73,0.40%,"916,673"
VITL,561.74M,12.63,58.64,-,0.72,1.74,10.92,-,-130.46%,150.97%,40.04%,-,28.80%,13.11,2.58%,"1,251,137"
VIV,22.42B,19.21,11.25,0.47,2.01,1.68,12.63,10.57,34.12%,25.47%,4.58%,23.87%,4.99%,14.03,3.54%,"1,391,902"
VIVK,2.76M,-,-,-,0.03,0.03,8.91,-,-,-,-47.39%,-,134.97%,0.30,-1.76%,"49,051,769"
VIVO,79.09M,-,-,-,-,-,-,-,-,-,-38.56%,-,-73.65%,4.71,3.52%,"554,818"
VIVS,2.18M,1.79,-,-,15.55,0.49,0.51,-,-,-,45.28%,-,-42.01%,0.83,3.20%,"75,979"
VIXM,-,-,-,-,-,-,-,-,-,-,-,-,-,14.32,-0.42%,"143,121"
VIXY,-,-,-,-,-,-,-,-,-,-,-,-,-,20.66,-1.71%,"1,373,374"
VKI,416.20M,37.48,-,-,13.12,1.02,-,-,-,-,-,-,-,9.37,-0.85%,"91,817"
VKQ,552.25M,33.27,-,-,12.60,0.97,-,-,-,-,-,-,-,9.98,-0.50%,"158,129"
VKTX,4.41B,-,-,-,-,8.77,7.31,-,-48.95%,-0.37%,-42.46%,-7.01%,-,37.97,-0.39%,"1,341,034"
VLGEA,581.69M,11.59,-,-,0.24,1.13,4.52,10.31,-,-,17.24%,-,5.16%,43.53,0.28%,"61,299"
VLLU,-,-,-,-,-,-,-,-,-,-,-,-,-,26.27,0.04%,76
VLN,218.71M,-,-,-,3.10,2.13,2.51,-,4.76%,37.50%,33.55%,24.61%,4.41%,2.02,2.54%,"784,555"
VLO,89.50B,21.89,13.82,0.70,0.72,3.75,15.54,16.12,198.98%,-31.24%,-,19.71%,13.60%,301.43,1.91%,"3,576,794"
VLRS,895.91M,-,529.17,-,0.29,4.33,1.15,1.78,-58.53%,101.03%,14.24%,-,23.76%,7.80,-1.02%,"581,434"
VLT,67.57M,14.62,-,-,9.26,0.94,-,-,-,-,-,-,-,10.38,-0.98%,"17,035"
VLTO,22.57B,23.71,19.63,2.00,4.04,7.51,15.77,21.66,9.02%,10.12%,5.00%,9.82%,4.82%,91.90,-1.09%,"1,267,214"
VLU,-,-,-,-,-,-,-,-,-,-,-,-,-,241.03,-0.13%,"5,359"
VLUE,-,-,-,-,-,-,-,-,-,-,-,-,-,195.30,0.78%,"1,077,422"
VLY,8.08B,13.07,9.47,0.44,2.29,1.08,-,14.33,30.29%,19.35%,1.58%,21.29%,17.53%,14.58,0.21%,"9,027,578"
VMAR,0.96M,-,-,-,0.07,0.02,0.23,-,-,-,38.88%,-,50.42%,1.32,-6.38%,"94,208,814"
VMAX,-,-,-,-,-,-,-,-,-,-,-,-,-,63.28,0.11%,108
VMBS,-,-,-,-,-,-,-,-,-,-,-,-,-,46.46,0.48%,"1,639,362"
VMC,37.87B,34.73,27.00,1.60,4.70,4.50,263.56,33.93,14.76%,17.75%,13.09%,16.90%,10.33%,291.89,-0.30%,"736,173"
VMD,457.74M,31.78,19.57,0.61,1.60,3.20,46.90,17.66,22.97%,34.07%,-14.01%,31.95%,15.53%,11.94,-3.16%,"374,826"
VMET,487.72M,11.42,-,-,8.82,1.27,26.41,23.25,-,-,-,-,-,9.58,4.13%,"117,255"
VMI,10.55B,30.17,21.16,1.38,2.53,6.12,65.86,30.53,19.62%,12.45%,20.66%,15.35%,7.24%,543.47,0.68%,"125,642"
VMO,666.31M,35.29,-,-,12.45,0.97,-,-,-,-,-,-,-,9.88,-0.20%,"317,974"
VMSB,-,-,-,-,-,-,-,-,-,-,-,-,-,49.48,0.40%,6
VNAM,-,-,-,-,-,-,-,-,-,-,-,-,-,24.25,0.22%,"7,326"
VNCE,81.07M,9.05,8.89,-,0.26,1.68,106.67,28.85,34.09%,20.34%,-,-,6.41%,6.31,-2.02%,"94,641"
VNDA,351.79M,-,-,-,1.62,1.25,1.74,-,39.77%,66.15%,-,45.07%,-2.73%,5.85,-2.50%,"1,066,802"
VNET,2.17B,-,91.75,-,1.48,3.60,1.71,-,62.40%,258.50%,49.08%,-,14.62%,7.75,0.39%,"1,761,320"
VNIE,-,-,-,-,-,-,-,-,-,-,-,-,-,25.72,0.39%,8
VNLA,-,-,-,-,-,-,-,-,-,-,-,-,-,48.91,0.06%,"306,091"
VNM,-,-,-,-,-,-,-,-,-,-,-,-,-,17.67,0.80%,"893,018"
VNME,254.45M,46.47,-,-,-,1.23,620.61,-,-,-,-,-,-,10.17,-0.31%,622
VNO,8.02B,10.74,95.24,-,4.44,1.52,6.62,6.15,-99.39%,1493.93%,-,-,3.45%,39.13,2.14%,"1,823,345"
VNOM,15.32B,-,18.62,1.42,9.59,1.63,547.20,12.98,53.38%,-9.32%,29.81%,13.15%,40.37%,43.00,-0.49%,"1,076,430"
VNQ,-,-,-,-,-,-,-,-,-,-,-,-,-,97.57,-0.27%,"2,307,566"
VNQI,-,-,-,-,-,-,-,-,-,-,-,-,-,45.34,0.51%,"233,962"
VNRX,11.38M,-,-,-,4.61,-,3.67,-,49.18%,49.13%,13.42%,47.32%,164.15%,1.27,-2.31%,"161,708"
VNSE,-,-,-,-,-,-,-,-,-,-,-,-,-,41.68,0.64%,11
VNT,4.13B,10.37,7.91,0.89,1.34,3.29,17.68,11.08,6.74%,8.67%,6.42%,8.88%,2.60%,29.36,0.07%,"1,435,313"
VNTG,22.18M,-,-,-,-,1.77,1.90,-,-,-,-,-,-,0.70,2.16%,"26,469"
VO,-,-,-,-,-,-,-,-,-,-,-,-,-,80.84,0.00%,"2,536,170"
VOC,53.04M,7.09,-,-,6.38,5.46,29.97,-,-,-,14.09%,-,11.48%,3.12,-2.19%,"46,394"
VOD,35.83B,-,11.40,1.65,0.76,0.62,1.97,3.60,-7.07%,16.78%,-,6.90%,-1.68%,15.56,0.58%,"4,843,058"
VOE,-,-,-,-,-,-,-,-,-,-,-,-,-,201.79,-0.24%,"227,261"
VOLT,-,-,-,-,-,-,-,-,-,-,-,-,-,38.86,1.70%,"158,113"
VONE,-,-,-,-,-,-,-,-,-,-,-,-,-,340.58,0.45%,"51,812"
VONG,-,-,-,-,-,-,-,-,-,-,-,-,-,126.86,1.37%,"845,832"
VONV,-,-,-,-,-,-,-,-,-,-,-,-,-,108.01,-0.52%,"700,020"
VOO,-,-,-,-,-,-,-,-,-,-,-,-,-,691.10,0.38%,"4,612,464"
VOOG,-,-,-,-,-,-,-,-,-,-,-,-,-,82.88,1.05%,"1,813,429"
VOOV,-,-,-,-,-,-,-,-,-,-,-,-,-,221.95,-0.46%,"78,112"
VOOX,-,-,-,-,-,-,-,-,-,-,-,-,-,24.42,0.91%,"8,170"
VOR,1.00B,-,-,-,-,-,2.04,-,90.78%,46.39%,-21.58%,61.94%,-,18.50,2.61%,"911,979"
VOT,-,-,-,-,-,-,-,-,-,-,-,-,-,300.74,0.41%,"208,725"
VOTE,-,-,-,-,-,-,-,-,-,-,-,-,-,88.63,0.31%,"36,752"
VOX,-,-,-,-,-,-,-,-,-,-,-,-,-,191.02,0.17%,"114,802"
VOXP,-,-,-,-,-,-,-,-,-,-,-,-,-,38.91,0.42%,15
VOXR,306.96M,10.28,20.40,-,10.24,2.30,19.31,45.68,2700.00%,-22.02%,-,-,165.40%,4.45,-0.56%,"388,355"
VOYA,8.91B,14.86,8.74,0.67,1.08,1.95,-,6.23,6.32%,19.48%,61.06%,13.12%,1.37%,98.30,-0.67%,"825,239"
VOYG,1.76B,-,-,-,10.56,4.93,4.11,-,-48.39%,56.71%,-,33.64%,-,29.78,0.40%,"1,775,567"
VPC,-,-,-,-,-,-,-,-,-,-,-,-,-,15.02,0.62%,"6,506"
VPG,1.47B,250.50,61.27,0.73,4.61,4.41,17.88,-,105.78%,79.46%,-12.87%,84.44%,2.63%,110.87,4.92%,"284,795"
VPL,-,-,-,-,-,-,-,-,-,-,-,-,-,112.50,2.27%,"345,918"
VPLS,-,-,-,-,-,-,-,-,-,-,-,-,-,76.79,0.21%,"148,744"
VPU,-,-,-,-,-,-,-,-,-,-,-,-,-,197.39,-0.05%,"196,512"
VPV,200.07M,39.96,-,-,13.76,1.01,-,-,-,-,-,-,-,11.19,-0.53%,"11,104"
VRA,107.79M,-,-,-,0.39,0.85,8.62,115.90,52.54%,89.29%,-,-,-10.45%,3.79,-0.26%,"127,532"
VRAI,-,-,-,-,-,-,-,-,-,-,-,-,-,28.25,0.25%,"3,504"
VRAX,2.98M,-,-,-,297.73,0.29,0.46,-,-,-,2.45%,-,-36.86%,3.74,-8.11%,"251,801"
VRC,-,-,-,-,-,-,-,-,-,-,-,-,-,24.75,-,"9,928"
VRCA,101.87M,-,-,-,2.74,6.35,4.95,-,5.95%,41.61%,37.12%,40.72%,-,5.93,0.17%,"10,657"
VRDN,2.11B,-,-,-,29.71,3.88,2.76,-,-14.76%,34.57%,36.07%,67.57%,132.18%,19.08,0.47%,"1,140,795"
VREX,445.00M,-,9.62,0.74,0.52,0.94,5.04,-,0.74%,21.25%,-2.62%,13.04%,2.73%,10.57,-2.13%,"650,669"
VRIG,-,-,-,-,-,-,-,-,-,-,-,-,-,25.10,0.00%,"1,520,624"
VRM,38.57M,-,-,-,0.53,0.39,0.52,0.55,-,-,63.01%,-,-39.26%,7.37,1.80%,"16,146"
VRME,8.42M,-,-,-,0.61,0.81,2.39,30.06,-,-,23.49%,-,116.72%,0.64,-1.44%,"30,242"
VRNS,5.53B,-,125.33,2.27,8.37,12.20,7.04,46.41,-33.82%,222.79%,-2.55%,55.12%,16.30%,48.19,6.19%,"3,593,005"
VRP,-,-,-,-,-,-,-,-,-,-,-,-,-,24.36,0.00%,"371,013"
VRRM,659.28M,5.29,4.25,-,0.67,2.42,11.74,6.51,-7.02%,-16.75%,-,-5.65%,19.99%,4.34,-3.98%,"3,237,077"
VRSK,24.96B,29.02,21.97,2.05,8.05,-,47.53,22.15,7.06%,13.12%,8.51%,10.70%,1.99%,190.54,-1.64%,"1,449,225"
VRSN,24.47B,29.73,24.64,2.07,14.54,-,43.97,23.34,11.65%,10.93%,4.49%,11.92%,5.54%,268.85,-0.54%,"513,079"
VRT,116.61B,76.21,34.46,0.88,10.75,27.46,45.89,51.12,54.59%,35.67%,-,39.23%,18.54%,303.58,-0.75%,"3,560,924"
VRTL,-,-,-,-,-,-,-,-,-,-,-,-,-,41.93,-1.60%,"128,701"
VRTS,1.07B,9.46,6.30,5.78,1.31,1.17,3.91,4.52,-1.46%,3.28%,14.78%,1.09%,6.40%,160.77,2.28%,"103,163"
VRTX,120.89B,28.24,22.33,2.02,9.80,6.25,16.65,32.58,4.39%,11.04%,8.28%,11.04%,14.23%,476.31,-0.82%,"1,093,659"
VRXA,66.10M,9.76,-,-,-,-,2203.29,-,-,-,-,-,-,2.09,-2.34%,"373,935"
VS,7.94M,-,-,-,3.97,0.83,18.92,-,-,-,69.68%,-,9.45%,1.62,10.96%,"197,114"
VSA,1.84M,-,-,-,0.02,-,5.42,-,-,-,-,-,-77.91%,2.97,-7.19%,"8,463"
VSAT,9.54B,-,-,-,2.06,2.05,5.46,15.97,-386.39%,3.84%,-,-24.95%,15.51%,69.84,0.43%,"1,635,482"
VSDA,-,-,-,-,-,-,-,-,-,-,-,-,-,57.86,-0.59%,"4,010"
VSDB,-,-,-,-,-,-,-,-,-,-,-,-,-,75.94,0.11%,"42,798"
VSDM,-,-,-,-,-,-,-,-,-,-,-,-,-,76.38,0.01%,"93,521"
VSEC,5.85B,80.29,36.06,1.71,4.96,2.20,4.72,-,11.38%,32.49%,-,21.10%,10.95%,208.60,1.63%,"263,729"
VSEE,5.48M,-,-,-,0.38,0.74,4.06,-,-,-,-149.66%,-,-,0.10,0.41%,"23,176,259"
VSGX,-,-,-,-,-,-,-,-,-,-,-,-,-,80.81,0.97%,"133,157"
VSH,6.40B,2608.75,27.04,-,2.00,2.74,13.35,-,1580.87%,108.48%,-,-,4.17%,41.74,-0.48%,"5,090,114"
VSHY,-,-,-,-,-,-,-,-,-,-,-,-,-,21.74,0.13%,"1,230"
VSLU,-,-,-,-,-,-,-,-,-,-,-,-,-,47.15,-0.04%,"173,707"
VSME,3.90M,-,-,-,4.06,7.30,27.84,-,-,-,-17.67%,-,-9.02%,1.41,0.71%,"13,030"
VSMV,-,-,-,-,-,-,-,-,-,-,-,-,-,59.74,-0.74%,960
VSNT,4.91B,5.89,4.77,0.52,0.74,0.61,4.12,-,-25.75%,72.74%,-,9.15%,-,34.80,-2.41%,"1,919,810"
VSOL,-,-,-,-,-,-,-,-,-,-,-,-,-,10.31,2.77%,"10,120"
VSS,-,-,-,-,-,-,-,-,-,-,-,-,-,153.08,0.59%,"157,657"
VST,53.42B,26.45,13.97,0.17,3.25,17.16,79.61,29.63,324.42%,22.55%,10.93%,81.38%,8.94%,158.43,0.20%,"5,415,589"
VSTD,3.03M,-,-,-,0.22,0.47,2.28,-,-,-,-82.59%,-,25.90%,0.21,-5.30%,"24,899"
VSTL,-,-,-,-,-,-,-,-,-,-,-,-,-,28.39,0.81%,"35,565"
VSTM,489.45M,-,-,-,9.87,5.98,2.69,-,48.04%,29.17%,10.63%,37.24%,10.80%,5.57,3.72%,"3,004,355"
VSTS,1.97B,-,22.25,0.56,0.73,2.27,39.10,20.20,95.93%,36.71%,-,39.93%,1.31%,14.90,1.09%,"702,994"
VSXY,6.51B,33.55,15.04,0.57,0.96,8.19,31.46,20.74,53.83%,18.03%,-,26.53%,3.90%,81.92,3.72%,"1,617,855"
VT,-,-,-,-,-,-,-,-,-,-,-,-,-,156.78,0.62%,"1,744,652"
VTAK,1.51M,-,-,-,1.36,0.16,3.42,-,-,-,84.88%,-,25.89%,0.56,-13.90%,"23,678,685"
VTC,-,-,-,-,-,-,-,-,-,-,-,-,-,75.79,0.22%,"52,474"
VTEB,-,-,-,-,-,-,-,-,-,-,-,-,-,50.29,0.04%,"5,349,221"
VTEC,-,-,-,-,-,-,-,-,-,-,-,-,-,100.02,0.06%,"348,671"
VTEI,-,-,-,-,-,-,-,-,-,-,-,-,-,100.47,0.05%,"68,510"
VTEL,-,-,-,-,-,-,-,-,-,-,-,-,-,103.94,-0.01%,"36,416"
VTES,-,-,-,-,-,-,-,-,-,-,-,-,-,101.08,0.05%,"202,490"
VTEX,693.88M,40700.00,16.32,1.76,2.81,2.98,3.58,17.30,-5.75%,29.97%,-,9.27%,19.51%,4.07,-1.21%,"327,116"
VTG,-,-,-,-,-,-,-,-,-,-,-,-,-,74.57,0.17%,"48,352"
VTGN,10.10M,-,-,-,7.95,0.27,0.22,-,19.40%,-4.07%,34.11%,3.20%,3.10%,0.25,-2.61%,"1,267,478"
VTHR,-,-,-,-,-,-,-,-,-,-,-,-,-,332.36,0.39%,"16,781"
VTI,-,-,-,-,-,-,-,-,-,-,-,-,-,371.16,0.37%,"3,403,879"
VTIP,-,-,-,-,-,-,-,-,-,-,-,-,-,49.61,0.00%,"2,326,104"
VTIX,102.97M,-,-,-,24.23,33.44,10.87,-,17.35%,35.36%,-,-,-,3.13,9.44%,"150,855"
VTMX,3.03B,8.96,18.75,-,10.02,1.02,14.71,19.77,-17.95%,-21.07%,19.58%,-10.25%,14.14%,34.37,1.51%,"40,613"
VTN,168.65M,38.37,-,-,14.14,1.03,-,-,-,-,-,-,-,11.51,1.14%,"24,820"
VTOL,1.28B,11.29,8.21,0.66,0.84,1.21,3.73,21.66,-11.81%,38.58%,13.24%,12.37%,4.82%,43.35,-0.76%,"153,449"
VTP,-,-,-,-,-,-,-,-,-,-,-,-,-,75.39,0.07%,"30,315"
VTR,45.98B,167.36,90.29,2.72,7.50,3.42,228.40,33.41,15.55%,64.00%,-14.17%,33.21%,8.99%,92.40,0.37%,"1,925,755"
VTRS,19.14B,-,6.11,0.69,1.31,1.30,8.47,10.68,4.34%,8.81%,-21.93%,8.86%,3.66%,16.31,-0.49%,"9,320,565"
VTS,654.47M,-,42.54,-,2.38,1.12,205.81,10.80,-148.81%,198.09%,-,-5.75%,21.47%,15.69,-1.44%,"302,865"
VTSI,34.37M,-,38.00,-,1.84,0.78,1.93,12.45,-1225.00%,135.56%,-34.41%,-,3.25%,3.04,-0.98%,"57,325"
VTV,-,-,-,-,-,-,-,-,-,-,-,-,-,218.60,-0.35%,"3,256,678"
VTVT,125.57M,-,-,-,3.41,1.40,1.28,-,51.48%,-184.22%,14.99%,-17.04%,-,31.88,0.95%,"59,908"
VTWG,-,-,-,-,-,-,-,-,-,-,-,-,-,278.79,0.73%,"8,405"
VTWO,-,-,-,-,-,-,-,-,-,-,-,-,-,119.06,0.40%,"1,590,652"
VTWV,-,-,-,-,-,-,-,-,-,-,-,-,-,193.76,-0.03%,"15,301"
VUG,-,-,-,-,-,-,-,-,-,-,-,-,-,86.96,0.94%,"7,341,756"
VUS,-,-,-,-,-,-,-,-,-,-,-,-,-,29.93,0.59%,219
VUSB,-,-,-,-,-,-,-,-,-,-,-,-,-,49.68,0.08%,"1,123,473"
VUSE,-,-,-,-,-,-,-,-,-,-,-,-,-,71.87,0.36%,"12,947"
VUSG,-,-,-,-,-,-,-,-,-,-,-,-,-,64.22,1.30%,"130,114"
VUSI,-,-,-,-,-,-,-,-,-,-,-,-,-,50.17,0.14%,508
VUSV,-,-,-,-,-,-,-,-,-,-,-,-,-,68.69,-0.01%,"17,467"
VUZI,193.75M,-,-,-,31.82,8.07,9.61,-,0.00%,-,4.52%,-,-11.52%,2.33,1.30%,"1,237,501"
VV,-,-,-,-,-,-,-,-,-,-,-,-,-,346.28,0.37%,"204,866"
VVOS,5.69M,-,-,-,0.29,-,2.70,-,32.73%,43.27%,39.15%,-,5.95%,0.41,-2.36%,"246,280"
VVR,455.62M,32.89,-,-,5.66,0.79,-,-,-,-,-,-,-,2.96,-0.67%,"962,076"
VVV,4.96B,53.46,18.85,1.17,2.67,14.04,58.56,49.60,10.00%,17.98%,-0.57%,16.06%,-6.18%,38.89,0.88%,"2,005,085"
VVX,2.34B,26.70,11.00,0.84,0.50,2.12,11.20,17.18,16.28%,11.32%,-4.89%,13.15%,26.27%,74.64,-0.16%,"411,672"
VWAV,116.12M,-,-,-,-,0.87,8.14,-,-,-,-108.70%,-,-,4.21,-0.94%,"391,250"
VWO,-,-,-,-,-,-,-,-,-,-,-,-,-,59.08,0.49%,"12,487,310"
VWOB,-,-,-,-,-,-,-,-,-,-,-,-,-,66.51,0.18%,"463,990"
VXF,-,-,-,-,-,-,-,-,-,-,-,-,-,240.24,0.44%,"421,802"
VXUS,-,-,-,-,-,-,-,-,-,-,-,-,-,84.66,1.05%,"5,131,008"
VXX,-,-,-,-,-,-,-,-,-,-,-,-,-,21.51,-1.24%,"4,459,817"
VXZ,-,-,-,-,-,-,-,-,-,-,-,-,-,50.46,0.06%,"30,549"
VYGR,190.93M,-,-,-,5.23,1.10,1.35,-,14.54%,12.28%,-,12.25%,-25.09%,3.16,-2.47%,"904,688"
VYLD,-,-,-,-,-,-,-,-,-,-,-,-,-,29.83,0.30%,17
VYM,-,-,-,-,-,-,-,-,-,-,-,-,-,160.18,-0.42%,"1,441,308"
VYMI,-,-,-,-,-,-,-,-,-,-,-,-,-,100.79,0.73%,"717,545"
VYNE,23.73M,-,-,-,52.74,0.96,0.95,-,-,-,66.27%,-,-51.39%,0.71,8.07%,"1,440,258"
VYX,1.10B,20.65,8.16,1.92,0.41,1.19,4.52,-,0.56%,7.92%,-,4.26%,-15.42%,7.97,-2.21%,"1,601,482"
VZ,177.34B,10.35,8.10,1.29,1.27,1.72,20.87,8.75,5.52%,5.44%,-1.14%,6.27%,1.50%,42.47,-0.49%,"17,515,461"
VZLA,1.12B,-,-,-,-,3.14,2.59,-,-967.80%,66.11%,23.49%,-,-,3.20,5.96%,"4,305,320"
W,11.71B,-,24.32,1.17,0.93,-,11.03,32.36,5.83%,32.62%,-,20.70%,-2.51%,88.74,2.74%,"2,551,440"
WAB,44.46B,37.09,21.52,1.43,3.86,4.01,83.73,29.54,18.49%,14.54%,25.74%,15.03%,8.13%,262.02,0.44%,"471,965"
WABC,1.38B,13.08,13.34,-,5.15,1.57,-,11.88,-1.00%,-1.79%,8.69%,-,5.50%,58.62,0.00%,"210,684"
WABF,-,-,-,-,-,-,-,-,-,-,-,-,-,24.66,0.18%,504
WAFD,2.81B,12.42,11.15,-,2.03,1.05,-,12.96,24.14%,4.36%,3.11%,-,14.32%,38.01,-0.21%,"496,337"
WAFU,6.93M,-,-,-,1.07,0.65,0.72,23.09,-,-,21.96%,-,1.88%,1.57,-0.63%,"3,251"
WAGN,-,-,-,-,-,-,-,-,-,-,-,-,-,13.92,-0.29%,"114,973"
WAI,4.52M,-,-,-,4.04,1.04,2.42,-,-,-,-,-,42.06%,1.92,2.13%,"8,823"
WAL,8.77B,9.36,7.10,0.51,1.57,1.20,-,-,7.37%,20.78%,11.62%,14.02%,32.53%,80.34,-0.19%,"814,227"
WALD,229.58M,-,-,-,0.84,0.46,7.20,-,69.15%,6.93%,-625.80%,-,-,1.79,7.19%,"541,548"
WAMA,-,-,-,-,-,-,-,-,-,-,-,-,-,26.40,0.40%,"6,567"
WANT,-,-,-,-,-,-,-,-,-,-,-,-,-,41.21,-0.36%,"6,557"
WAR,-,-,-,-,-,-,-,-,-,-,-,-,-,31.10,2.10%,"15,781"
WARP,-,-,-,-,-,-,-,-,-,-,-,-,-,21.32,0.81%,"31,761"
WASH,682.35M,13.07,10.51,-,1.79,1.25,-,8.03,14.35%,9.86%,-7.51%,-,8.26%,35.79,-0.22%,"124,558"
WAT,36.96B,47.91,22.87,1.96,9.80,2.42,79.99,153.55,10.62%,13.30%,5.19%,11.69%,6.00%,376.39,0.85%,"717,356"
WATS,-,-,-,-,-,-,-,-,-,-,-,-,-,23.40,2.07%,"11,233"
WATT,94.57M,-,23.55,-,11.30,2.21,2.58,-,68.58%,135.96%,57.37%,-,76.64%,17.19,1.84%,"146,889"
WAVE,53.20M,-,-,-,1330.06,10.63,10.06,-,-26.98%,-15.00%,-45.83%,-,-,9.11,-1.83%,"7,368"
WAY,4.26B,33.15,11.99,0.80,3.68,1.08,22.73,14.48,15.66%,12.64%,-,14.98%,17.41%,22.19,-3.65%,"1,944,109"
WB,1.21B,5.46,5.24,-,0.68,0.48,0.47,-,-14.71%,3.79%,4.27%,-2.73%,0.80%,7.66,-0.13%,"546,503"
WBD,68.90B,-,-,-,1.85,2.11,20.86,29.83,-554.32%,95.84%,-30.70%,-,28.53%,27.48,1.44%,"21,760,310"
WBI,4.43B,-,53.27,-,-,2.57,87.42,-,201.72%,36.86%,-,-,-,35.88,3.19%,"314,727"
WBIF,-,-,-,-,-,-,-,-,-,-,-,-,-,35.59,0.37%,354
WBIG,-,-,-,-,-,-,-,-,-,-,-,-,-,25.97,0.15%,"1,263"
WBIL,-,-,-,-,-,-,-,-,-,-,-,-,-,39.64,0.29%,286
WBIY,-,-,-,-,-,-,-,-,-,-,-,-,-,35.85,-0.20%,"1,990"
WBS,12.33B,12.47,10.34,1.18,2.78,1.33,-,10.28,11.77%,10.89%,20.26%,8.77%,28.17%,76.12,-0.13%,"2,351,743"
WBTN,1.54B,-,116.06,-,1.11,1.30,2.58,197.21,93.29%,154.85%,-,-,-,11.36,-3.32%,"687,765"
WBUY,4.19M,-,-,-,0.22,0.53,1.37,-,-,-,24.88%,-,-4.13%,0.76,-4.29%,"74,096"
WBX,96.09M,-,-,-,0.59,-,8.69,-,-320.63%,61.30%,-10.51%,-,48.83%,5.35,8.30%,"39,559"
WCAP,-,-,-,-,-,-,-,-,-,-,-,-,-,9.22,0.96%,"5,779"
WCBR,-,-,-,-,-,-,-,-,-,-,-,-,-,40.45,6.08%,"50,834"
WCC,16.57B,24.18,17.95,0.90,0.68,3.25,23.78,76.84,24.56%,17.86%,53.91%,19.92%,13.79%,340.14,2.81%,"727,467"
WCEO,-,-,-,-,-,-,-,-,-,-,-,-,-,38.41,-0.28%,995
WCLD,-,-,-,-,-,-,-,-,-,-,-,-,-,34.98,1.14%,"1,005,942"
WCME,-,-,-,-,-,-,-,-,-,-,-,-,-,19.11,1.46%,"38,447"
WCMG,-,-,-,-,-,-,-,-,-,-,-,-,-,21.12,-0.27%,247
WCMI,-,-,-,-,-,-,-,-,-,-,-,-,-,19.35,0.39%,"596,881"
WCN,43.08B,41.38,27.41,2.75,4.48,5.35,383.14,37.72,6.79%,12.49%,39.94%,9.98%,11.69%,169.57,-0.93%,"915,121"
WCPB,-,-,-,-,-,-,-,-,-,-,-,-,-,25.21,0.22%,"42,848"
WCT,3.50M,-,-,-,20.58,2.44,9.72,-,-,-,-,-,18.94%,1.14,11.76%,"139,687"
WD,1.67B,24.01,10.51,0.19,1.31,0.94,3.65,-,117.38%,29.45%,-26.54%,54.64%,3.23%,48.50,-0.74%,"243,144"
WDAF,-,-,-,-,-,-,-,-,-,-,-,-,-,29.63,-0.70%,612
WDAI,-,-,-,-,-,-,-,-,-,-,-,-,-,27.78,0.81%,267
WDAY,34.53B,43.62,11.06,0.65,3.50,5.21,7.92,11.62,16.34%,17.69%,-,16.96%,17.27%,139.81,-3.49%,"4,646,130"
WDC,194.17B,33.63,30.61,0.38,16.49,20.08,59.98,66.84,102.60%,84.26%,-,80.04%,-10.67%,563.32,1.40%,"5,293,195"
WDCC,-,-,-,-,-,-,-,-,-,-,-,-,-,23.61,2.62%,"1,537"
WDCX,-,-,-,-,-,-,-,-,-,-,-,-,-,31.47,2.78%,"1,076,102"
WDE,-,-,-,-,-,-,-,-,-,-,-,-,-,25.18,0.08%,6
WDEF,-,-,-,-,-,-,-,-,-,-,-,-,-,27.60,0.93%,"14,365"
WDFC,3.34B,37.85,37.69,11.02,4.96,12.01,56.53,42.06,-6.91%,6.14%,8.72%,3.42%,8.70%,249.12,-0.92%,"139,092"
WDGF,-,-,-,-,-,-,-,-,-,-,-,-,-,30.23,0.04%,589
WDH,322.79M,5.43,6.82,0.06,0.51,0.56,1.22,-,512.31%,24.36%,-,109.50%,4.75%,1.15,0.00%,"74,993"
WDI,-,-,-,-,-,-,-,-,-,-,-,-,-,13.59,-0.22%,"145,567"
WDIG,-,-,-,-,-,-,-,-,-,-,-,-,-,41.56,3.09%,"2,902"
WDIV,-,-,-,-,-,-,-,-,-,-,-,-,-,81.74,0.59%,"3,497"
WDNA,-,-,-,-,-,-,-,-,-,-,-,-,-,20.20,-0.37%,58
WDRN,-,-,-,-,-,-,-,-,-,-,-,-,-,27.57,1.43%,"38,362"
WDS,39.87B,14.79,11.77,12.13,3.07,1.11,6.98,-,37.85%,-9.35%,-,0.97%,29.05%,21.03,2.44%,"950,839"
WDTE,-,-,-,-,-,-,-,-,-,-,-,-,-,29.90,0.28%,"12,400"
WEA,125.89M,9.07,-,-,9.13,0.92,-,-,-,-,-,-,-,10.61,-0.19%,"23,843"
WEAT,-,-,-,-,-,-,-,-,-,-,-,-,-,23.91,1.06%,"299,906"
WEAV,591.17M,-,31.62,0.51,2.38,7.08,8.13,86.94,109.38%,40.30%,11.11%,61.98%,24.50%,7.43,2.06%,"1,404,948"
WEBL,-,-,-,-,-,-,-,-,-,-,-,-,-,25.77,0.74%,"129,710"
WEBS,-,-,-,-,-,-,-,-,-,-,-,-,-,17.19,-0.58%,"61,671"
WEBX,-,-,-,-,-,-,-,-,-,-,-,-,-,20.92,-0.15%,8
WEC,37.47B,22.94,19.18,2.67,3.72,2.65,475.57,-,6.24%,7.15%,4.88%,7.18%,6.24%,115.05,-0.71%,"1,520,394"
WEED,-,-,-,-,-,-,-,-,-,-,-,-,-,20.51,-0.09%,"16,889"
WEEI,-,-,-,-,-,-,-,-,-,-,-,-,-,23.35,0.34%,"91,147"
WEEK,-,-,-,-,-,-,-,-,-,-,-,-,-,100.01,-0.07%,"27,538"
WEEL,-,-,-,-,-,-,-,-,-,-,-,-,-,20.01,0.26%,"7,870"
WELD,-,-,-,-,-,-,-,-,-,-,-,-,-,58.22,1.15%,"64,732"
WELL,166.60B,-,72.67,1.70,14.17,3.80,34.57,76.22,108.38%,12.12%,-22.65%,42.79%,18.69%,236.00,0.62%,"3,324,391"
WEN,1.41B,9.57,11.60,-,0.64,12.23,3.16,6.36,-35.07%,11.99%,-0.96%,-6.80%,2.79%,7.42,-1.07%,"6,529,055"
WENC,160.49M,-,-,-,-,8000.00,-,-,-,-,-,-,-,10.00,0.81%,199
WENN,387.00M,41.13,-,-,-,1.31,1105.73,-,-,-,-,-,-,10.32,0.10%,"52,328"
WEPN,-,-,-,-,-,-,-,-,-,-,-,-,-,42.60,2.94%,"1,751"
WERN,2.69B,-,21.00,-,0.87,1.99,43.64,-,5308.55%,104.83%,-,-,4.63%,44.80,1.61%,"691,684"
WES,19.48B,15.01,12.29,1.08,4.81,5.37,30.09,14.21,15.94%,8.16%,20.24%,11.33%,8.56%,45.92,0.39%,"757,851"
WEST,697.54M,-,-,-,0.54,-,16.59,-,73.26%,83.43%,8.34%,-,14.24%,7.15,-3.77%,"345,059"
WETH,16.34M,1.93,-,-,0.35,0.11,0.14,2.94,-,-,-37.24%,-,7.56%,1.37,7.87%,"138,531"
WETO,48.66M,-,-,-,12.64,2.04,70.52,-,-,-,-9.99%,-,32.35%,0.59,-0.39%,"14,048"
WEX,5.38B,17.40,7.64,0.71,1.99,4.22,0.89,11.70,20.66%,4.43%,-,10.82%,11.27%,155.09,-3.11%,"602,996"
WEYS,365.75M,15.44,-,-,1.32,1.50,4.03,7.51,-,-,-,-,7.17%,38.37,-0.10%,"11,272"
WF,15.13B,7.25,6.46,1.04,0.74,0.68,-,1.86,1.22%,10.86%,14.07%,6.20%,14.27%,62.36,-1.44%,"335,770"
WFC,261.00B,13.17,10.77,0.80,2.07,1.60,-,-,12.92%,12.08%,70.67%,13.38%,8.60%,85.29,-2.71%,"38,942,961"
WFCF,63.59M,41.93,-,-,2.55,6.92,19.39,52.13,-,-,5.97%,-,4.39%,12.62,-1.17%,"1,024"
WFF,12.44M,-,-,-,2.19,3.37,6.95,-,-,-,-266.87%,-,7.05%,2.47,3.35%,"20,884"
WFG,5.57B,-,37.01,-,1.04,0.99,68.82,-,68.71%,150.88%,-,-,4.60%,71.19,6.16%,"290,997"
WFRD,5.90B,12.81,10.96,1.44,1.21,3.35,5.62,12.63,-13.90%,32.94%,-,7.60%,5.94%,82.01,1.12%,"1,072,958"
WGMI,-,-,-,-,-,-,-,-,-,-,-,-,-,52.23,-0.08%,"442,432"
WGO,820.08M,21.34,12.14,0.52,0.29,0.66,14.36,4.54,8.51%,31.83%,-13.14%,23.20%,3.50%,29.01,-1.86%,"889,711"
WGRX,7.70M,-,-,-,0.55,-,154.05,-,-,-,-,-,-,2.93,0.69%,"26,566"
WGS,1.85B,-,56.82,12.80,4.19,7.29,10.86,-,-104.55%,1823.53%,94.57%,4.44%,18.98%,62.43,-2.22%,"936,420"
WH,5.81B,31.03,14.53,1.48,4.04,13.06,73.56,19.12,4.80%,11.29%,-,9.83%,1.77%,77.63,0.57%,"1,300,241"
WHD,4.22B,49.82,15.14,0.85,3.55,3.07,14.46,13.85,2.34%,26.22%,27.27%,17.77%,25.36%,52.60,-1.63%,"1,013,259"
WHF,137.88M,15.88,6.48,-,4.50,0.56,2.79,9.83,-10.91%,-1.32%,-16.70%,-,-10.45%,6.42,-0.16%,"45,642"
WHG,183.43M,23.51,-,-,1.79,1.38,7.84,11.17,-,-,-,-,8.28%,19.34,-0.41%,"19,605"
WHK,689.32M,-,-,-,-,3.35,10.68,-,-,-,-,-,-,26.17,-1.10%,"164,802"
WHLR,1.19M,-,-,-,0.01,-,0.02,0.28,-,-,89.77%,-,10.07%,0.39,6.85%,"852,555"
WHR,2.51B,12.96,9.55,-,0.17,0.66,4.00,-,-64.17%,81.23%,-19.73%,-4.78%,-4.41%,38.65,-0.51%,"2,136,151"
WHWK,204.92M,-,-,-,-,1.55,1.67,-,-277.27%,4.30%,58.28%,-,-13.29%,3.81,-0.78%,"290,102"
WIA,187.74M,12.01,-,-,12.97,0.87,-,-,-,-,-,-,-,8.05,0.12%,"46,127"
WILC,453.80M,16.45,-,-,2.42,2.14,5.23,31.49,-,-,10.78%,-,6.04%,31.80,2.12%,"1,098"
WIMA,-,-,-,-,-,-,-,-,-,-,-,-,-,42.37,0.78%,785
WIMI,23.54M,0.58,-,-,0.40,0.07,0.05,2.84,-,-,-,-,-11.95%,1.28,-9.22%,"193,819"
WINA,1.35B,33.97,29.24,-,15.86,-,67.62,32.44,5.13%,8.42%,7.92%,-,5.43%,376.66,-2.61%,"37,956"
WING,4.04B,36.92,26.71,1.40,5.70,-,21.76,30.62,11.71%,21.92%,51.34%,19.01%,22.87%,148.41,-3.67%,"1,209,736"
WINN,-,-,-,-,-,-,-,-,-,-,-,-,-,33.10,1.07%,"211,029"
WIP,-,-,-,-,-,-,-,-,-,-,-,-,-,39.11,0.72%,"44,710"
WISE,-,-,-,-,-,-,-,-,-,-,-,-,-,36.42,1.05%,"2,041"
WIT,18.20B,12.93,12.23,2.90,1.74,2.07,3.18,10.23,4.72%,4.32%,2.07%,4.21%,4.67%,1.84,-3.16%,"20,364,684"
WIW,512.72M,11.80,-,-,12.58,0.86,-,-,-,-,-,-,-,8.38,0.12%,"119,413"
WIX,2.21B,-,7.28,0.85,1.07,-,1.09,4.07,-32.83%,47.16%,-,8.58%,15.15%,52.71,0.57%,"949,034"
WK,3.01B,232.42,15.40,0.43,3.26,-,3.49,17.53,63.37%,19.92%,14.18%,35.92%,20.26%,53.69,-1.56%,"530,996"
WKC,1.87B,-,14.96,-,0.05,1.55,12.37,35.20,46.25%,-12.89%,-,-14.11%,12.95%,36.40,1.25%,"951,279"
WKEY,56.86M,-,-,-,2.94,1.69,0.13,-,-651.65%,1.75%,42.59%,-,5.45%,6.90,5.18%,"94,051"
WKHS,28.76M,-,-,-,1.16,1.05,22.47,-,37.74%,53.51%,-,-,72.41%,2.64,0.00%,"103,039"
WKSP,12.54M,-,-,-,0.73,0.49,22.00,-,64.56%,37.50%,6.22%,-,115.54%,0.82,3.23%,"226,704"
WLCOU,198.30M,-,-,-,-,-,9915.02,-,-,-,-,-,-,9.94,-0.10%,208
WLDN,1.10B,19.54,14.13,-,1.60,3.50,32.69,25.34,0.68%,4.40%,-,-,11.76%,72.62,1.84%,"449,915"
WLDR,-,-,-,-,-,-,-,-,-,-,-,-,-,45.64,0.85%,"6,666"
WLDS,3.28M,-,-,-,5.05,0.08,0.18,-,-,-,24.74%,-,62.56%,1.50,4.17%,"34,888"
WLDU,-,-,-,-,-,-,-,-,-,-,-,-,-,17.27,1.23%,"7,199"
WLFC,1.66B,13.17,12.07,1.71,2.38,2.42,7.54,-,-7.86%,26.73%,71.25%,7.05%,18.83%,216.98,0.40%,"56,292"
WLII,206.53M,-,-,-,-,1.47,142.44,-,-,-,-,-,-,10.26,0.00%,"60,558"
WLK,9.87B,-,21.55,-,0.90,1.15,3.99,-,485.46%,3.03%,-,-,8.28%,77.04,1.28%,"759,650"
WLKP,776.82M,13.41,-,-,0.63,1.56,17.54,2.81,-,-,-5.97%,-,3.82%,22.04,-0.23%,"13,430"
WLTG,-,-,-,-,-,-,-,-,-,-,-,-,-,37.57,0.24%,"1,710"
WLTH,1.36B,-,17.82,-,3.66,2.21,3.07,-,148.25%,39.09%,-,-,-,9.09,-0.33%,"1,229,733"
WLY,2.50B,11.66,9.30,-,1.49,2.95,33.09,11.96,14.56%,10.42%,9.65%,-,-2.89%,49.27,-1.06%,"470,165"
WM,94.08B,33.91,25.56,2.58,3.70,9.40,546.96,28.59,8.62%,12.53%,13.74%,9.89%,10.62%,234.27,-1.03%,"1,384,098"
WMB,92.92B,33.38,30.04,2.22,7.66,7.17,97.81,128.70,12.78%,6.78%,65.64%,13.54%,8.91%,75.98,2.04%,"5,996,531"
WMG,14.39B,32.43,15.42,0.35,2.02,19.49,19.41,19.73,108.61%,24.28%,-,43.85%,8.49%,27.58,-4.07%,"1,626,206"
WMK,1.93B,19.60,-,-,0.38,1.41,8.35,80.12,-,-,-3.77%,-,3.81%,77.94,-0.95%,"108,360"
WMS,11.58B,27.73,20.47,1.72,3.80,5.90,51.91,20.34,0.35%,17.28%,16.00%,11.92%,9.00%,151.04,2.32%,"462,468"
WMSB,-,-,-,-,-,-,-,-,-,-,-,-,-,25.03,0.18%,341
WMT,904.83B,40.05,34.65,3.01,1.25,9.60,84.34,72.09,9.97%,13.03%,11.53%,11.52%,4.99%,113.70,-0.94%,"14,681,967"
WMTI,-,-,-,-,-,-,-,-,-,-,-,-,-,21.70,-1.41%,"10,634"
WNC,545.84M,-,8.55,-,0.37,1.70,12.57,-,18.60%,189.71%,-,-,0.81%,13.42,2.99%,"535,872"
WNDR,-,-,-,-,-,-,-,-,-,-,-,-,-,27.36,-0.38%,628
WNEB,285.38M,16.14,12.77,-,2.14,1.16,-,15.86,31.56%,12.50%,10.92%,-,7.34%,14.18,-0.56%,"42,658"
WNTR,-,-,-,-,-,-,-,-,-,-,-,-,-,27.29,-3.79%,"160,594"
WNW,90.84M,-,-,-,12.83,0.01,5.08,10.05,-,-,57.70%,-,-20.38%,3.45,-4.96%,"59,246"
WOK,4.79M,-,-,-,0.49,0.00,1.17,0.98,-,-,-,-,-28.45%,1.98,1.02%,"348,988"
WOLF,1.78B,-,-,-,2.50,1.62,1.53,-,-272.59%,31.29%,-45.01%,-,9.99%,34.31,1.96%,"2,302,725"
WOMN,-,-,-,-,-,-,-,-,-,-,-,-,-,43.02,-0.74%,96
WOOD,-,-,-,-,-,-,-,-,-,-,-,-,-,67.76,1.02%,"7,187"
WOOF,716.77M,134.22,10.10,0.48,0.12,0.62,4.27,5.42,16.42%,27.02%,-,21.23%,3.91%,2.51,-2.33%,"1,211,877"
WOR,2.69B,17.42,13.22,1.49,1.95,2.69,97.07,15.81,10.80%,10.67%,-25.22%,8.88%,-15.32%,54.65,1.49%,"235,262"
WPAC,157.92M,-,-,-,-,10.47,631.68,-,-,-,-,-,-,10.02,0.00%,7
WPC,16.02B,30.80,22.93,2.03,9.10,1.92,66.97,14.63,21.17%,6.64%,-4.13%,11.28%,7.26%,71.94,-0.81%,"1,209,322"
WPM,49.27B,27.42,19.62,0.80,17.94,5.33,22.76,49.21,68.98%,8.15%,23.43%,24.57%,16.12%,108.49,0.61%,"1,583,083"
WPP,3.93B,-,5.07,-,0.22,1.15,1.08,4.63,-20.31%,5.64%,39.00%,-2.16%,3.02%,18.21,-3.45%,"364,651"
WPRT,35.72M,-,-,-,1.95,0.52,1.46,-,67.56%,34.63%,-21.16%,58.74%,-37.90%,1.88,-1.57%,"83,364"
WQTM,-,-,-,-,-,-,-,-,-,-,-,-,-,33.71,0.99%,"145,368"
WR,-,-,-,-,-,-,-,-,-,-,-,-,-,25.05,0.45%,13
WRAP,122.07M,-,-,-,24.32,8.42,16.81,-,-,-,9.71%,-,3.45%,2.19,3.79%,"2,732,087"
WRB,26.80B,15.28,15.04,2.83,1.80,2.75,-,7.87,7.83%,2.51%,28.92%,5.32%,12.67%,71.98,-2.52%,"1,659,603"
WRBY,3.39B,2906.32,47.00,1.15,3.80,9.02,11.75,87.10,30.95%,24.77%,-,40.71%,17.23%,27.61,0.73%,"2,092,027"
WRD,1.86B,-,-,-,18.17,2.03,2.07,-,-105.55%,19.56%,-14.99%,20.99%,104.92%,6.12,6.62%,"4,039,195"
WRLD,908.90M,26.54,13.87,-,1.55,2.60,30.95,3.56,57.68%,28.48%,-12.26%,-,2.17%,195.87,-0.21%,"72,295"
WRN,500.90M,-,-,-,-,2.50,5.20,-,-47.16%,33.05%,3.41%,0.50%,-,2.22,3.74%,"1,147,525"
WRND,-,-,-,-,-,-,-,-,-,-,-,-,-,41.72,0.53%,35
WRTH,-,-,-,-,-,-,-,-,-,-,-,-,-,25.33,0.18%,"28,985"
WS,1.72B,107.20,-,-,0.50,1.58,20.38,21.55,14.35%,-,-44.78%,-,-4.08%,33.94,3.48%,"238,670"
WSBC,3.76B,12.59,9.89,-,2.48,0.98,-,8.96,5.56%,10.20%,4.64%,-,16.27%,39.10,-0.03%,"1,306,350"
WSBF,352.40M,11.74,-,-,1.71,1.02,-,-,-,-,-14.83%,-,-8.97%,19.52,-1.01%,"80,614"
WSBK,116.85M,51.75,-,-,2.35,1.02,-,19.22,-,-,-,-,-,13.04,-0.08%,"1,408"
WSC,4.86B,-,20.10,1.41,2.14,5.58,312.61,12.92,-9.78%,23.35%,-,14.27%,10.78%,26.84,2.01%,"1,256,179"
WSDB,-,-,-,-,-,-,-,-,-,-,-,-,-,24.95,0.06%,918
WSE,15.12B,25.99,19.00,1.04,6.16,6.51,7.09,19.24,19.02%,14.59%,64.51%,18.34%,37.31%,12.55,-3.46%,"843,260"
WSFS,4.04B,13.84,11.72,-,2.96,1.49,-,13.84,20.44%,5.60%,17.51%,-,14.21%,77.67,-0.15%,"350,025"
WSGE,-,-,-,-,-,-,-,-,-,-,-,-,-,27.99,0.60%,139
WSHP,127.88M,-,-,-,232.51,15.97,-,-,-,-,-,-,-,5.45,1.11%,"75,734"
WSM,25.94B,24.66,21.50,2.18,3.29,13.87,39.82,23.75,9.63%,9.18%,15.47%,9.88%,2.85%,220.34,1.70%,"741,630"
WSML,-,-,-,-,-,-,-,-,-,-,-,-,-,34.65,0.64%,"4,302"
WSO,16.11B,32.87,28.49,3.86,2.22,5.24,27.18,23.20,4.03%,8.88%,11.80%,7.38%,7.45%,395.29,0.40%,"275,159"
WSPC,-,-,-,-,-,-,-,-,-,-,-,-,-,28.01,0.73%,296
WSR,1.95B,19.74,44.16,-,11.80,2.10,255.52,37.51,-60.00%,13.16%,46.71%,-22.05%,5.53%,18.99,0.00%,0
WST,25.27B,47.81,37.21,2.57,7.84,8.48,48.46,55.17,18.21%,11.54%,8.26%,14.49%,7.45%,357.65,-0.57%,"740,635"
WSTN,81.60M,210.08,-,-,-,1.88,291.42,-,-,-,-,-,-,10.10,-0.15%,7
WT,2.99B,48.03,15.07,0.81,5.48,6.27,4.78,18.75,33.72%,12.67%,-,18.65%,14.59%,19.53,2.95%,"2,368,710"
WTAI,-,-,-,-,-,-,-,-,-,-,-,-,-,42.80,2.91%,"286,293"
WTBA,450.74M,12.84,9.29,-,2.25,1.66,-,9.53,34.90%,10.04%,-0.67%,-,12.56%,26.47,-0.41%,"42,392"
WTBN,-,-,-,-,-,-,-,-,-,-,-,-,-,24.93,0.26%,"6,801"
WTF,147.98M,-,-,-,108.81,42.15,36.81,-,-,-,-,-,-,3.11,4.71%,"5,527"
WTFC,10.95B,13.61,11.71,1.14,2.55,1.57,-,6.53,14.16%,6.54%,19.49%,10.23%,17.97%,162.36,0.53%,"763,804"
WTG,76.36M,52.72,-,-,-,20.91,64.71,-,-,-,-,-,-,10.45,0.05%,9
WTI,534.11M,-,-,-,1.02,-,4.08,17.17,87.97%,-194.76%,-,-,7.66%,3.59,1.13%,"4,822,992"
WTIB,-,-,-,-,-,-,-,-,-,-,-,-,-,22.78,5.84%,"1,657"
WTID,-,-,-,-,-,-,-,-,-,-,-,-,-,4.43,-0.49%,"50,232"
WTIP,-,-,-,-,-,-,-,-,-,-,-,-,-,35.35,0.82%,"1,776"
WTIU,-,-,-,-,-,-,-,-,-,-,-,-,-,16.41,0.31%,"35,472"
WTLS,-,-,-,-,-,-,-,-,-,-,-,-,-,61.37,0.62%,"1,016"
WTM,5.37B,5.33,16.68,-,1.90,1.00,-,7.43,-68.85%,-2.98%,13.56%,-,19.57%,2167.79,-0.33%,"21,213"
WTMF,-,-,-,-,-,-,-,-,-,-,-,-,-,41.11,0.54%,"32,224"
WTMU,-,-,-,-,-,-,-,-,-,-,-,-,-,25.64,0.08%,8
WTMY,-,-,-,-,-,-,-,-,-,-,-,-,-,25.40,0.02%,13
WTPI,-,-,-,-,-,-,-,-,-,-,-,-,-,33.05,0.27%,"64,185"
WTRE,-,-,-,-,-,-,-,-,-,-,-,-,-,23.78,-0.45%,126
WTRG,10.95B,19.60,16.36,4.07,4.29,1.59,144.15,-,1.25%,5.87%,14.45%,4.02%,11.09%,38.59,0.00%,"1,655,470"
WTS,11.69B,32.00,26.56,2.49,4.57,5.58,31.19,36.83,14.02%,9.23%,24.79%,10.68%,10.08%,350.00,0.92%,"239,056"
WTTR,2.86B,100.10,28.65,0.72,2.04,2.50,51.04,-,21.31%,34.02%,-,39.78%,18.39%,20.32,3.94%,"1,319,152"
WTV,-,-,-,-,-,-,-,-,-,-,-,-,-,104.46,-0.24%,"90,169"
WTW,27.27B,16.90,13.05,0.96,2.75,3.41,11.78,17.40,14.20%,13.43%,16.17%,13.59%,2.43%,288.74,-2.30%,"666,805"
WU,2.46B,5.77,4.13,0.77,0.61,2.71,2.71,5.32,-0.08%,9.12%,-3.18%,5.34%,-3.48%,7.88,0.13%,"4,504,359"
WUGI,-,-,-,-,-,-,-,-,-,-,-,-,-,88.36,2.40%,775
WULF,9.62B,-,-,-,57.23,-,3.40,-,18.99%,93.01%,-49.56%,-,65.83%,19.41,-7.08%,"58,011,432"
WULX,-,-,-,-,-,-,-,-,-,-,-,-,-,26.67,-14.55%,"467,034"
WVE,1.18B,-,-,-,16.43,2.30,2.17,-,10.49%,-17.72%,20.52%,1.46%,16.31%,6.13,3.03%,"2,066,221"
WVVI,13.51M,-,-,-,0.36,0.62,33.78,-,-,-,-,-,6.37%,2.71,-3.90%,"9,589"
WW,147.68M,0.14,-,-,0.21,0.56,1.17,-,-257.23%,68.10%,150.47%,39.05%,-12.41%,14.77,1.30%,"58,333"
WWD,23.71B,47.64,37.00,1.62,5.93,9.38,47.30,61.01,36.55%,14.30%,13.95%,22.87%,7.41%,397.89,0.24%,"425,852"
WWJD,-,-,-,-,-,-,-,-,-,-,-,-,-,38.80,0.60%,"58,444"
WWR,55.10M,-,-,-,-,0.30,1.33,-,52.08%,57.61%,34.72%,-,-,0.43,-0.53%,"614,042"
WWW,1.45B,14.28,10.06,0.67,0.75,3.49,12.11,11.31,15.80%,13.25%,-,15.10%,0.91%,17.67,-2.05%,"866,235"
WX,-,-,-,-,-,-,-,-,-,-,-,-,-,24.08,1.23%,6
WXET,-,-,-,-,-,-,-,-,-,-,-,-,-,20.36,2.82%,"5,609"
WXM,3.51M,-,-,-,-,-,-,-,-,-,-,-,-3.28%,3.12,3.31%,"353,502"
WY,17.16B,43.30,32.92,0.45,2.50,1.82,57.01,-,71.88%,110.31%,-15.92%,73.21%,-1.72%,23.80,1.67%,"5,347,759"
WYFI,1.20B,-,106.69,-,1767.74,424.29,1878.22,-,-4.08%,135.94%,-,-,-,31.13,-14.22%,"6,266,244"
WYFL,-,-,-,-,-,-,-,-,-,-,-,-,-,17.59,-29.06%,"283,370"
WYHG,52.08M,8.83,-,-,0.39,0.30,0.57,-,-,-,-7.85%,-,4.09%,4.14,-1.43%,"14,644"
WYNN,9.95B,27.45,18.46,1.31,1.36,-,5.54,14.36,9.12%,13.64%,-,14.11%,27.77%,95.90,-1.27%,"1,274,265"
WYY,127.94M,-,11.11,-,0.82,10.87,11.34,16.62,151.79%,703.45%,-,-,-3.55%,12.94,-4.64%,"166,733"
WZRD,-,-,-,-,-,-,-,-,-,-,-,-,-,2.41,-10.25%,"5,512"
XA,-,-,-,-,-,-,-,-,-,-,-,-,-,39.41,5.47%,"1,349"
XAGG,-,-,-,-,-,-,-,-,-,-,-,-,-,49.84,0.04%,"166,284"
XAGI,-,-,-,-,-,-,-,-,-,-,-,-,-,19.72,1.73%,6
XAIR,4.16M,-,-,-,0.54,0.56,0.24,-,53.12%,33.51%,30.89%,45.76%,54.47%,5.77,-22.96%,"104,204"
XAIX,-,-,-,-,-,-,-,-,-,-,-,-,-,55.19,2.10%,"32,056"
XAPR,-,-,-,-,-,-,-,-,-,-,-,-,-,37.90,0.17%,"1,136"
XAR,-,-,-,-,-,-,-,-,-,-,-,-,-,266.56,0.90%,"160,820"
XAUG,-,-,-,-,-,-,-,-,-,-,-,-,-,39.24,0.09%,150
XB,-,-,-,-,-,-,-,-,-,-,-,-,-,39.01,0.12%,"1,810"
XBAP,-,-,-,-,-,-,-,-,-,-,-,-,-,42.12,0.21%,"5,102"
XBB,-,-,-,-,-,-,-,-,-,-,-,-,-,40.81,0.18%,"5,050"
XBCI,-,-,-,-,-,-,-,-,-,-,-,-,-,32.23,4.61%,"86,026"
XBFR,-,-,-,-,-,-,-,-,-,-,-,-,-,26.61,0.08%,"9,167"
XBI,-,-,-,-,-,-,-,-,-,-,-,-,-,155.45,0.07%,"8,187,644"
XBIL,-,-,-,-,-,-,-,-,-,-,-,-,-,50.08,0.03%,"32,476"
XBIO,6.87M,-,-,-,2.15,0.99,0.94,-,-,-,37.89%,-,46.78%,3.00,6.38%,"21,857"
XBIT,69.82M,-,-,-,-,0.52,0.60,-,-,-,-32.63%,-,-,2.29,-1.72%,"26,348"
XBIX,-,-,-,-,-,-,-,-,-,-,-,-,-,36.41,0.39%,448
XBJA,-,-,-,-,-,-,-,-,-,-,-,-,-,33.97,0.24%,"2,214"
XBJL,-,-,-,-,-,-,-,-,-,-,-,-,-,40.13,0.30%,"1,984"
XBNB,-,-,-,-,-,-,-,-,-,-,-,-,-,19.67,5.25%,15
XBOC,-,-,-,-,-,-,-,-,-,-,-,-,-,35.71,0.14%,"1,481"
XBOX,-,-,-,-,-,-,-,-,-,-,-,-,-,100.23,0.03%,"2,972"
XBP,30.12M,0.03,-,-,0.05,0.48,0.57,-,-104.80%,66.52%,-,-,-,2.56,-2.29%,"6,357"
XBTY,-,-,-,-,-,-,-,-,-,-,-,-,-,5.61,0.18%,"10,408"
XC,-,-,-,-,-,-,-,-,-,-,-,-,-,31.86,0.42%,"6,815"
XCBE,279.00M,-,-,-,-,1.26,303.26,-,-,-,-,-,-,9.95,-0.30%,"15,131"
XCCC,-,-,-,-,-,-,-,-,-,-,-,-,-,36.22,0.15%,"59,144"
XCEM,-,-,-,-,-,-,-,-,-,-,-,-,-,49.79,1.49%,"167,840"
XCH,35.86M,-,-,-,1.43,2.70,2.58,-,67.39%,46.67%,-48.96%,-,17.53%,0.66,-14.91%,"255,734"
XCHG,-,-,-,-,-,-,-,-,-,-,-,-,-,27.00,0.35%,9
XCLR,-,-,-,-,-,-,-,-,-,-,-,-,-,27.67,0.28%,967
XCNY,-,-,-,-,-,-,-,-,-,-,-,-,-,32.95,0.38%,81
XCOM,-,-,-,-,-,-,-,-,-,-,-,-,-,22.09,2.28%,437
XCOR,-,-,-,-,-,-,-,-,-,-,-,-,-,88.70,1.16%,88
XCUR,10.97M,-,-,-,-,5.23,4.22,-,-,-,54.97%,-,-,1.72,4.24%,"12,427,663"
XDAT,-,-,-,-,-,-,-,-,-,-,-,-,-,25.70,2.00%,13
XDEC,-,-,-,-,-,-,-,-,-,-,-,-,-,43.04,0.13%,"9,543"
XDEF,-,-,-,-,-,-,-,-,-,-,-,-,-,20.90,0.33%,104
XDIV,-,-,-,-,-,-,-,-,-,-,-,-,-,30.63,0.16%,"11,485"
XDQQ,-,-,-,-,-,-,-,-,-,-,-,-,-,40.12,1.09%,"54,782"
XDSQ,-,-,-,-,-,-,-,-,-,-,-,-,-,43.31,0.27%,"47,218"
XDTE,-,-,-,-,-,-,-,-,-,-,-,-,-,39.11,0.51%,"386,999"
XE,6.23B,-,-,-,-,-,9.25,-,-35.46%,1.37%,-,3.91%,-,15.33,-0.65%,"4,472,275"
XEL,50.05B,23.08,17.67,1.84,3.39,2.10,26.37,-,8.21%,10.36%,4.20%,9.62%,4.94%,80.17,-0.39%,"4,488,764"
XELB,9.74M,-,-,-,2.05,0.62,54.09,-,7.24%,65.96%,5.57%,-,-30.03%,1.61,8.78%,"41,279"
XEMD,-,-,-,-,-,-,-,-,-,-,-,-,-,44.67,0.24%,"34,896"
XEML,-,-,-,-,-,-,-,-,-,-,-,-,-,25.34,-0.16%,8
XENE,6.51B,-,-,-,-,4.86,5.94,-,-8.99%,-2.89%,-40.02%,9.02%,-25.26%,67.30,-0.62%,"1,046,430"
XERS,1.43B,126.41,22.77,-,4.54,109.81,12.79,30.08,4381.26%,152.98%,-,-,70.20%,8.28,1.47%,"1,219,395"
XES,-,-,-,-,-,-,-,-,-,-,-,-,-,114.35,1.06%,"77,187"
XEUR,-,-,-,-,-,-,-,-,-,-,-,-,-,24.93,1.14%,6
XEY,-,-,-,-,-,-,-,-,-,-,-,-,-,20.33,0.92%,15
XFEB,-,-,-,-,-,-,-,-,-,-,-,-,-,37.54,0.16%,151
XFIV,-,-,-,-,-,-,-,-,-,-,-,-,-,48.31,0.28%,"27,052"
XFLH,172.61M,-,-,-,-,577.87,690.46,-,-,-,-,-,-,9.99,0.01%,407
XFLT,269.89M,-,-,-,-,-,-,-,-,-,-,-,-,17.72,-0.11%,"63,340"
XFLX,-,-,-,-,-,-,-,-,-,-,-,-,-,22.66,0.20%,22
XFOR,379.16M,-,-,-,42.08,2.25,1.62,-,62.03%,-5.07%,54.19%,29.33%,63.56%,4.02,-0.74%,"1,140,808"
XGN,98.81M,-,-,-,1.45,6.83,4.59,-,25.81%,26.04%,6.84%,25.79%,9.66%,4.09,-1.21%,"349,506"
XHB,-,-,-,-,-,-,-,-,-,-,-,-,-,108.16,1.02%,"2,475,528"
XHE,-,-,-,-,-,-,-,-,-,-,-,-,-,85.38,-3.23%,"45,966"
XHG,40.84M,-,-,-,0.81,-,22.81,-,-,-,58.21%,-,-21.93%,0.88,0.72%,"19,082"
XHLD,25.63M,-,-,-,7.96,5.12,320.33,-,-,-,-,-,-,2.14,7.00%,"1,037,803"
XHLF,-,-,-,-,-,-,-,-,-,-,-,-,-,50.21,0.02%,"344,194"
XHOA,-,-,-,-,-,-,-,-,-,-,-,-,-,26.25,-0.65%,6
XHR,1.87B,29.39,37.91,-,1.72,1.64,10.42,19.23,-32.03%,22.99%,-,-,23.87%,20.28,1.40%,"717,184"
XHS,-,-,-,-,-,-,-,-,-,-,-,-,-,134.21,-0.59%,"46,610"
XIDE,-,-,-,-,-,-,-,-,-,-,-,-,-,30.33,0.12%,"1,019"
XIDV,-,-,-,-,-,-,-,-,-,-,-,-,-,37.16,0.80%,"2,282"
XIFR,2.38B,11.16,44.94,-,2.02,0.36,2.38,40.38,1153.43%,-62.76%,18.00%,-,5.31%,12.34,1.73%,"752,757"
XIGV,-,-,-,-,-,-,-,-,-,-,-,-,-,24.16,0.82%,211
XIJN,-,-,-,-,-,-,-,-,-,-,-,-,-,30.69,0.18%,"5,772"
XIMR,-,-,-,-,-,-,-,-,-,-,-,-,-,31.41,0.08%,"2,588"
XISE,-,-,-,-,-,-,-,-,-,-,-,-,-,30.41,0.03%,682
XITK,-,-,-,-,-,-,-,-,-,-,-,-,-,190.68,1.51%,"1,857"
XIWC,-,-,-,-,-,-,-,-,-,-,-,-,-,25.18,0.41%,6
XJAN,-,-,-,-,-,-,-,-,-,-,-,-,-,38.62,0.23%,"2,524"
XJH,-,-,-,-,-,-,-,-,-,-,-,-,-,51.23,0.49%,"29,449"
XJR,-,-,-,-,-,-,-,-,-,-,-,-,-,51.54,0.35%,"4,274"
XJUL,-,-,-,-,-,-,-,-,-,-,-,-,-,40.79,-0.01%,"1,772"
XJUN,-,-,-,-,-,-,-,-,-,-,-,-,-,44.57,0.27%,"6,674"
XKRE,-,-,-,-,-,-,-,-,-,-,-,-,-,28.91,-0.28%,20
XLB,-,-,-,-,-,-,-,-,-,-,-,-,-,50.64,0.12%,"8,755,685"
XLBI,-,-,-,-,-,-,-,-,-,-,-,-,-,23.60,0.21%,"4,325"
XLBX,-,-,-,-,-,-,-,-,-,-,-,-,-,23.94,0.44%,6
XLC,-,-,-,-,-,-,-,-,-,-,-,-,-,111.45,-0.13%,"5,061,520"
XLCI,-,-,-,-,-,-,-,-,-,-,-,-,-,23.71,-0.06%,"2,415"
XLE,-,-,-,-,-,-,-,-,-,-,-,-,-,56.95,0.37%,"32,578,970"
XLEI,-,-,-,-,-,-,-,-,-,-,-,-,-,26.17,0.65%,"40,653"
XLEX,-,-,-,-,-,-,-,-,-,-,-,-,-,24.02,0.74%,"1,589"
XLF,-,-,-,-,-,-,-,-,-,-,-,-,-,56.18,0.20%,"43,208,818"
XLFI,-,-,-,-,-,-,-,-,-,-,-,-,-,23.89,0.27%,"10,675"
XLFX,-,-,-,-,-,-,-,-,-,-,-,-,-,29.66,0.70%,"1,695"
XLG,-,-,-,-,-,-,-,-,-,-,-,-,-,61.71,0.70%,"1,180,650"
XLI,-,-,-,-,-,-,-,-,-,-,-,-,-,180.45,0.04%,"6,672,879"
XLII,-,-,-,-,-,-,-,-,-,-,-,-,-,25.86,0.12%,"10,512"
XLIX,-,-,-,-,-,-,-,-,-,-,-,-,-,26.52,0.06%,"2,609"
XLK,-,-,-,-,-,-,-,-,-,-,-,-,-,183.62,1.29%,"6,399,549"
XLKI,-,-,-,-,-,-,-,-,-,-,-,-,-,26.35,1.18%,"14,192"
XLKX,-,-,-,-,-,-,-,-,-,-,-,-,-,20.91,2.28%,334
XLO,59.37M,-,-,-,1.11,0.72,0.39,-,27.92%,14.24%,31.67%,4.58%,-,9.03,-2.27%,"105,159"
XLP,-,-,-,-,-,-,-,-,-,-,-,-,-,83.42,-1.38%,"7,871,375"
XLPX,-,-,-,-,-,-,-,-,-,-,-,-,-,26.04,-2.72%,"1,014"
XLRE,-,-,-,-,-,-,-,-,-,-,-,-,-,44.48,-0.49%,"3,944,364"
XLRI,-,-,-,-,-,-,-,-,-,-,-,-,-,23.62,-0.31%,"1,376"
XLSI,-,-,-,-,-,-,-,-,-,-,-,-,-,23.22,-1.28%,"9,414"
XLSR,-,-,-,-,-,-,-,-,-,-,-,-,-,64.92,0.45%,"51,062"
XLU,-,-,-,-,-,-,-,-,-,-,-,-,-,45.69,-0.07%,"17,388,285"
XLUI,-,-,-,-,-,-,-,-,-,-,-,-,-,24.66,0.08%,"35,562"
XLUX,-,-,-,-,-,-,-,-,-,-,-,-,-,27.11,0.09%,12
XLV,-,-,-,-,-,-,-,-,-,-,-,-,-,158.29,-1.93%,"11,523,030"
XLVI,-,-,-,-,-,-,-,-,-,-,-,-,-,25.92,-1.50%,"14,924"
XLVX,-,-,-,-,-,-,-,-,-,-,-,-,-,29.12,-3.88%,"1,151"
XLY,-,-,-,-,-,-,-,-,-,-,-,-,-,115.90,-0.12%,"6,669,325"
XLYI,-,-,-,-,-,-,-,-,-,-,-,-,-,22.66,0.02%,"1,160"
XLYX,-,-,-,-,-,-,-,-,-,-,-,-,-,24.06,0.07%,6
XMAG,-,-,-,-,-,-,-,-,-,-,-,-,-,25.68,0.24%,"64,659"
XMAR,-,-,-,-,-,-,-,-,-,-,-,-,-,42.86,0.16%,"3,299"
XMAX,547.61M,-,-,-,34.51,11.42,55.26,-,-,-,62.55%,-,8.06%,8.61,0.82%,"643,156"
XMAY,-,-,-,-,-,-,-,-,-,-,-,-,-,36.24,0.20%,6
XME,-,-,-,-,-,-,-,-,-,-,-,-,-,104.42,2.28%,"1,553,125"
XMHQ,-,-,-,-,-,-,-,-,-,-,-,-,-,113.04,0.29%,"119,713"
XMLV,-,-,-,-,-,-,-,-,-,-,-,-,-,67.38,-0.16%,"17,351"
XMMO,-,-,-,-,-,-,-,-,-,-,-,-,-,160.78,1.32%,"352,763"
XMPT,-,-,-,-,-,-,-,-,-,-,-,-,-,22.17,0.38%,"27,101"
XMTR,5.37B,-,77.76,1.17,7.25,18.00,23.96,-,86.60%,76.18%,-6.20%,66.31%,37.17%,97.15,0.50%,"810,304"
XMVM,-,-,-,-,-,-,-,-,-,-,-,-,-,72.29,-0.03%,"20,509"
XNAV,-,-,-,-,-,-,-,-,-,-,-,-,-,92.99,1.47%,35
XNCR,1.11B,-,-,-,11.38,2.15,2.49,-,-215.31%,16.51%,-0.43%,-,0.47%,14.95,-0.07%,"581,678"
XNDU,3.31B,-,-,-,1170.84,12.65,12.16,-,4.21%,-20.49%,-,-28.49%,-,11.10,5.71%,"987,919"
XNDX,-,-,-,-,-,-,-,-,-,-,-,-,-,10.69,12.05%,"59,325"
XNET,362.07M,0.43,-,-,0.77,0.30,1.19,-,-,-,-,-,19.68%,5.76,1.41%,"120,423"
XNOV,-,-,-,-,-,-,-,-,-,-,-,-,-,39.78,0.10%,"1,151"
XNTK,-,-,-,-,-,-,-,-,-,-,-,-,-,362.63,1.30%,"30,122"
XOCT,-,-,-,-,-,-,-,-,-,-,-,-,-,39.69,0.11%,"3,358"
XOEF,-,-,-,-,-,-,-,-,-,-,-,-,-,29.90,0.34%,"7,781"
XOEX,-,-,-,-,-,-,-,-,-,-,-,-,-,40.10,-0.68%,"4,284"
XOM,601.32B,24.48,13.74,0.81,1.83,2.36,71.29,32.00,58.47%,-4.67%,-,16.95%,12.70%,145.09,0.40%,"16,096,431"
XOMA,710.16M,25.57,-,-,14.63,5.15,7.48,107.11,-46.22%,-106.10%,13.20%,-,12.16%,40.17,0.00%,0
XOMO,-,-,-,-,-,-,-,-,-,-,-,-,-,10.91,-0.18%,"36,673"
XOMX,-,-,-,-,-,-,-,-,-,-,-,-,-,38.83,0.85%,"17,202"
XONE,-,-,-,-,-,-,-,-,-,-,-,-,-,49.29,0.07%,"224,047"
XOP,-,-,-,-,-,-,-,-,-,-,-,-,-,165.85,0.40%,"2,589,319"
XOS,32.37M,-,-,-,0.63,1.43,3.29,3.80,23.39%,-3.37%,24.00%,-,77.09%,2.36,0.85%,"77,311"
XOVL,-,-,-,-,-,-,-,-,-,-,-,-,-,21.31,1.43%,"18,772"
XOVR,-,-,-,-,-,-,-,-,-,-,-,-,-,20.33,0.49%,"1,573,584"
XP,8.72B,9.25,7.32,0.72,2.51,1.84,5.18,1.07,4.17%,14.81%,19.21%,10.23%,15.03%,16.87,3.05%,"7,029,405"
XPAV,-,-,-,-,-,-,-,-,-,-,-,-,-,24.51,1.70%,10
XPAY,-,-,-,-,-,-,-,-,-,-,-,-,-,52.92,0.44%,"22,139"
XPEG,-,-,-,-,-,-,-,-,-,-,-,-,-,5.24,7.18%,"17,642"
XPEL,1.22B,23.13,16.12,0.54,2.49,4.24,27.01,20.88,8.83%,36.26%,22.82%,30.06%,24.54%,44.21,-1.14%,"146,402"
XPER,375.07M,-,5.97,0.21,0.84,0.92,5.33,-,18.81%,40.46%,26.37%,28.63%,-2.03%,7.77,-0.51%,"272,795"
XPEV,10.45B,-,70.75,-,1.01,3.09,1.94,-,12.07%,221.21%,27.62%,-,66.00%,13.36,3.17%,"4,192,303"
XPH,-,-,-,-,-,-,-,-,-,-,-,-,-,67.16,0.51%,"58,728"
XPL,70.77M,-,-,-,-,2.77,8.15,-,-37.50%,-27.27%,-22.23%,-,-,0.76,0.08%,"24,335"
XPND,-,-,-,-,-,-,-,-,-,-,-,-,-,40.09,1.40%,"2,993"
XPO,24.65B,71.94,34.45,1.29,2.97,13.32,104.02,53.48,32.56%,23.27%,-,26.71%,-4.37%,209.97,0.25%,"711,708"
XPOF,293.46M,-,9.09,-,0.98,-,13.67,-,195.07%,55.93%,-20.82%,-,24.19%,6.60,-2.08%,"457,619"
XPON,3.98M,-,-,-,0.43,0.66,1.30,-,-,-,39.19%,-,43.76%,0.35,4.82%,"95,797"
XPP,-,-,-,-,-,-,-,-,-,-,-,-,-,19.33,2.08%,"1,689"
XPRO,1.85B,51.45,15.17,0.34,1.17,1.22,10.86,20.85,99.44%,20.07%,-,45.29%,18.94%,16.35,4.94%,"1,178,222"
XQQI,-,-,-,-,-,-,-,-,-,-,-,-,-,50.61,1.59%,"259,096"
XQTM,-,-,-,-,-,-,-,-,-,-,-,-,-,16.49,1.53%,113
XRAY,2.54B,-,8.18,3.75,0.69,1.93,13.39,24.46,-11.35%,9.49%,-51.27%,2.18%,1.95%,12.70,-0.63%,"5,688,440"
XRLX,-,-,-,-,-,-,-,-,-,-,-,-,-,48.89,0.69%,13
XRMI,-,-,-,-,-,-,-,-,-,-,-,-,-,17.36,0.20%,"3,375"
XRN,532.90M,-,-,-,3.26,1.30,46.30,20.94,4.95%,-164.74%,-1.58%,-1.09%,11.43%,36.81,0.19%,"44,180"
XRP,-,-,-,-,-,-,-,-,-,-,-,-,-,12.46,4.41%,"617,476"
XRPC,-,-,-,-,-,-,-,-,-,-,-,-,-,11.84,4.59%,"153,840"
XRPI,-,-,-,-,-,-,-,-,-,-,-,-,-,6.13,4.61%,"73,107"
XRPM,-,-,-,-,-,-,-,-,-,-,-,-,-,11.00,4.23%,"7,239"
XRPN,329.80M,140.51,-,-,-,1.47,3664.49,-,-,-,-,-,-,10.44,-0.10%,"8,731"
XRPR,-,-,-,-,-,-,-,-,-,-,-,-,-,9.15,4.80%,"15,690"
XRPT,-,-,-,-,-,-,-,-,-,-,-,-,-,24.55,8.69%,"106,506"
XRPZ,-,-,-,-,-,-,-,-,-,-,-,-,-,12.09,4.31%,"297,372"
XRT,-,-,-,-,-,-,-,-,-,-,-,-,-,87.78,0.35%,"2,512,323"
XRTX,3.48M,-,-,-,-,2.18,13.91,-,-,-,15.39%,-,-,2.01,-0.99%,"48,086"
XRX,357.03M,-,3.17,-,0.05,1.19,0.58,4.64,60.86%,466.96%,-,-,0.00%,2.73,-1.44%,"1,898,434"
XSD,-,-,-,-,-,-,-,-,-,-,-,-,-,547.13,1.81%,"99,636"
XSEM,-,-,-,-,-,-,-,-,-,-,-,-,-,21.29,4.36%,774
XSEP,-,-,-,-,-,-,-,-,-,-,-,-,-,44.59,0.09%,"4,353"
XSHD,-,-,-,-,-,-,-,-,-,-,-,-,-,14.20,0.17%,"3,694"
XSHP,-,-,-,-,-,-,-,-,-,-,-,-,-,16.71,-2.07%,"8,500"
XSHQ,-,-,-,-,-,-,-,-,-,-,-,-,-,47.68,0.80%,"17,420"
XSLL,274.86M,-,-,-,-,1.33,157.97,-,-,-,-,-,-,9.93,-0.10%,6
XSLV,-,-,-,-,-,-,-,-,-,-,-,-,-,52.66,-0.11%,"6,536"
XSMO,-,-,-,-,-,-,-,-,-,-,-,-,-,88.24,0.73%,"278,788"
XSOE,-,-,-,-,-,-,-,-,-,-,-,-,-,46.88,1.60%,"122,285"
XSPC,-,-,-,-,-,-,-,-,-,-,-,-,-,21.16,1.52%,"1,686"
XSPI,-,-,-,-,-,-,-,-,-,-,-,-,-,49.37,0.02%,"34,725"
XSVM,-,-,-,-,-,-,-,-,-,-,-,-,-,69.86,-0.12%,"23,384"
XSVN,-,-,-,-,-,-,-,-,-,-,-,-,-,46.77,0.28%,"25,524"
XSW,-,-,-,-,-,-,-,-,-,-,-,-,-,178.32,-0.17%,"17,720"
XT,-,-,-,-,-,-,-,-,-,-,-,-,-,81.68,0.75%,"73,343"
XTAI,-,-,-,-,-,-,-,-,-,-,-,-,-,21.71,-0.09%,"10,468"
XTAP,-,-,-,-,-,-,-,-,-,-,-,-,-,45.59,0.25%,614
XTEN,-,-,-,-,-,-,-,-,-,-,-,-,-,44.82,0.27%,"239,171"
XTIA,57.71M,-,-,-,1.08,-,3.80,-,60.00%,64.62%,92.60%,-,19.32%,1.50,3.45%,"548,455"
XTJA,-,-,-,-,-,-,-,-,-,-,-,-,-,34.26,0.26%,"2,589"
XTJL,-,-,-,-,-,-,-,-,-,-,-,-,-,41.24,0.28%,"1,309"
XTL,-,-,-,-,-,-,-,-,-,-,-,-,-,217.41,0.53%,"28,041"
XTLB,7.02M,-,-,-,-,-,-,-,-,-,31.74%,-,-,2.96,2.78%,"44,653"
XTN,-,-,-,-,-,-,-,-,-,-,-,-,-,114.63,-0.08%,"45,140"
XTNT,64.34M,42.08,-,-,0.53,1.32,5.29,8.30,0.00%,-133.33%,-,-,20.22%,0.46,12.40%,"652,251"
XTOC,-,-,-,-,-,-,-,-,-,-,-,-,-,36.34,0.08%,"5,129"
XTR,-,-,-,-,-,-,-,-,-,-,-,-,-,28.52,0.30%,729
XTRE,-,-,-,-,-,-,-,-,-,-,-,-,-,48.84,0.21%,"6,521"
XTWO,-,-,-,-,-,-,-,-,-,-,-,-,-,48.83,0.16%,"9,640"
XTWY,-,-,-,-,-,-,-,-,-,-,-,-,-,36.30,0.14%,"8,245"
XUDV,-,-,-,-,-,-,-,-,-,-,-,-,-,32.12,0.02%,"6,257"
XUSP,-,-,-,-,-,-,-,-,-,-,-,-,-,53.02,0.44%,"3,485"
XV,-,-,-,-,-,-,-,-,-,-,-,-,-,24.90,0.77%,"55,823"
XVO,-,-,-,-,-,-,-,-,-,-,-,-,-,25.46,0.11%,6
XVUG,-,-,-,-,-,-,-,-,-,-,-,-,-,23.02,1.80%,38
XVV,-,-,-,-,-,-,-,-,-,-,-,-,-,57.42,0.44%,"10,904"
XW,-,-,-,-,-,-,-,-,-,-,-,-,-,23.49,2.17%,6
XWEL,8.02M,-,-,-,0.28,19.36,0.48,-,-,-,34.16%,-,28.35%,0.95,1.06%,"39,422"
XXI,3.46B,15.63,-,-,-,0.65,115342.12,7522.31,-,-,-,-,-,5.31,3.71%,"1,383,645"
XXII,1.45M,-,-,-,0.09,0.01,0.15,-,-,-,87.27%,-,-8.95%,4.19,2.19%,"3,262"
XXRP,-,-,-,-,-,-,-,-,-,-,-,-,-,23.01,8.90%,"141,479"
XXV,-,-,-,-,-,-,-,-,-,-,-,-,-,23.51,0.36%,"6,092"
XXX,-,-,-,-,-,-,-,-,-,-,-,-,-,20.11,1.33%,10
XYF,105.66M,1.36,-,-,0.11,0.16,0.19,-,-,-,-,-,27.14%,4.63,0.33%,"65,601"
XYL,28.89B,30.20,19.95,1.99,3.18,2.65,35.76,31.10,9.11%,9.91%,22.83%,10.01%,13.14%,121.55,0.28%,"1,466,150"
XYLD,-,-,-,-,-,-,-,-,-,-,-,-,-,41.24,0.27%,"959,794"
XYLG,-,-,-,-,-,-,-,-,-,-,-,-,-,29.13,0.59%,"7,026"
XYZ,47.61B,62.14,15.74,0.41,1.94,2.19,5.99,14.61,64.49%,30.33%,36.61%,38.48%,20.56%,79.99,1.61%,"4,928,805"
XYZG,-,-,-,-,-,-,-,-,-,-,-,-,-,17.99,3.12%,"10,110"
XYZY,-,-,-,-,-,-,-,-,-,-,-,-,-,26.51,1.69%,"9,063"
XZO,1.48B,-,13.72,-,-,5.38,6.40,-,1.68%,17.88%,-,-,59.02%,16.28,-6.17%,"86,392"
YAAS,16.79M,-,-,-,31.09,1.01,1.69,-,-,-,44.38%,-,-16.45%,0.74,-20.74%,"1,661,966"
YALA,689.88M,6.79,6.37,-,2.05,0.98,0.86,-,1.81%,0.00%,-,-,20.44%,5.38,-0.19%,"255,664"
YALL,-,-,-,-,-,-,-,-,-,-,-,-,-,42.35,-0.03%,"9,944"
YANG,-,-,-,-,-,-,-,-,-,-,-,-,-,33.33,-2.74%,"716,721"
YB,447.63M,2.26,2.47,0.02,0.67,1.17,0.66,-,595.24%,19.47%,-,114.48%,78.62%,13.82,-4.43%,"44,494"
YBIT,-,-,-,-,-,-,-,-,-,-,-,-,-,19.11,2.93%,"7,229"
YBMN,-,-,-,-,-,-,-,-,-,-,-,-,-,11.30,9.16%,"2,185"
YBST,-,-,-,-,-,-,-,-,-,-,-,-,-,13.29,0.38%,"1,471"
YBTC,-,-,-,-,-,-,-,-,-,-,-,-,-,17.94,3.34%,"111,279"
YBTY,-,-,-,-,-,-,-,-,-,-,-,-,-,11.85,0.52%,"1,816"
YCBD,6.90M,-,-,-,0.35,0.74,2.62,-,82.57%,63.16%,-,-,-14.45%,0.66,-3.56%,"196,911"
YCL,-,-,-,-,-,-,-,-,-,-,-,-,-,17.41,0.34%,"8,190"
YCLO,-,-,-,-,-,-,-,-,-,-,-,-,-,25.19,-0.02%,12
YCS,-,-,-,-,-,-,-,-,-,-,-,-,-,56.48,0.22%,"23,858"
YCY,150.15M,112.28,-,-,-,1.31,484.35,-,-,-,-,-,-,10.24,0.00%,20
YDDL,105.88M,8.65,7.80,0.75,1.61,2.53,110.30,-,-13.04%,25.00%,-,10.46%,-,1.95,-1.02%,"6,594"
YDEC,-,-,-,-,-,-,-,-,-,-,-,-,-,27.64,0.40%,"18,072"
YDES,150.08M,-,-,-,-,-,15007.63,-,-,-,6.41%,-,-,2.12,-1.40%,"61,035"
YDKG,5.36M,-,-,-,0.19,0.02,5.36,-,-,-,-,-,3.74%,0.97,1.57%,"19,403"
YEAR,-,-,-,-,-,-,-,-,-,-,-,-,-,50.25,0.08%,"107,750"
YELP,1.41B,11.67,9.76,0.84,0.96,2.27,12.74,5.01,-16.18%,39.55%,-,11.64%,10.91%,25.58,-2.96%,"1,116,022"
YETH,-,-,-,-,-,-,-,-,-,-,-,-,-,8.85,4.00%,"65,416"
YETI,3.59B,24.04,14.31,1.04,1.89,5.43,28.06,13.93,16.06%,14.96%,2.71%,13.77%,11.35%,47.34,-2.05%,"846,105"
YEXT,544.34M,72.50,8.23,1.27,1.22,22.21,5.92,10.46,28.30%,-2.94%,-,6.49%,4.72%,5.43,4.22%,"1,637,909"
YFFI,-,-,-,-,-,-,-,-,-,-,-,-,-,9.96,0.45%,28
YFYA,-,-,-,-,-,-,-,-,-,-,-,-,-,9.80,0.05%,"3,601"
YGLD,-,-,-,-,-,-,-,-,-,-,-,-,-,31.65,1.82%,"7,860"
YHC,0.48M,-,-,-,0.35,0.02,0.11,-,-,-,63.57%,-,49.26%,2.22,-13.62%,"565,213"
YHGJ,8.35M,-,-,-,0.40,1.24,46.41,119.34,-,-,44.33%,-,-1.32%,3.20,5.61%,"12,521"
YHNA,46.80M,672.70,-,-,-,14.76,-,-,-,-,-,-,-,10.97,-0.41%,7
YI,20.63M,-,-,-,0.01,-,0.36,-,-,-,33.28%,-,8.01%,3.97,4.61%,"19,687"
YIBO,63.97M,-,-,-,0.41,1.10,1.15,-,-,-,-,-,3.17%,1.08,4.85%,"4,758"
YICC,-,-,-,-,-,17909.09,-,-,-,-,-,-,-,9.85,-0.81%,"15,481"
YICCU,200.30M,-,-,-,-,18218.18,-,-,-,-,-,-,-,10.02,-0.10%,33
YINN,-,-,-,-,-,-,-,-,-,-,-,-,-,25.96,2.81%,"1,163,633"
YJ,3.39M,-,-,-,-,-,-,-,-,-,1.16%,-,-44.01%,1.33,-0.70%,429
YJUN,-,-,-,-,-,-,-,-,-,-,-,-,-,26.95,0.62%,"1,827"
YLD,-,-,-,-,-,-,-,-,-,-,-,-,-,18.92,0.13%,"259,348"
YLDE,-,-,-,-,-,-,-,-,-,-,-,-,-,56.70,-0.24%,"9,217"
YLDW,-,-,-,-,-,-,-,-,-,-,-,-,-,25.50,-0.10%,"6,889"
YMAG,-,-,-,-,-,-,-,-,-,-,-,-,-,11.79,0.77%,"1,077,557"
YMAR,-,-,-,-,-,-,-,-,-,-,-,-,-,28.77,0.44%,"1,165"
YMAT,8.06M,10.98,-,-,0.40,0.53,5.30,-,-,-,-,-,-14.85%,2.01,-1.95%,"67,539"
YMAX,-,-,-,-,-,-,-,-,-,-,-,-,-,7.90,1.02%,"1,462,669"
YMM,8.06B,15.79,10.27,0.72,4.53,1.55,3.00,-,4.47%,20.36%,-,14.20%,35.97%,8.64,0.82%,"5,760,533"
YMT,45.38M,-,-,-,-,-,197.31,-,-,-,60.80%,-,-0.86%,0.45,-6.86%,"130,970"
YNOT,-,-,-,-,-,-,-,-,-,-,-,-,-,32.10,1.56%,"16,479"
YOKE,-,-,-,-,-,-,-,-,-,-,-,-,-,31.83,0.41%,"1,012"
YOLO,-,-,-,-,-,-,-,-,-,-,-,-,-,2.71,1.16%,"9,386"
YOOV,120.76M,-,-,-,9.68,4.00,74.08,-,-,-,-,-,-,0.53,-7.01%,"83,254"
YORW,502.49M,21.05,17.71,1.74,6.35,1.85,-,-,15.11%,9.37%,1.80%,10.20%,7.55%,31.00,0.10%,"115,262"
YOU,7.16B,43.24,20.91,0.59,7.59,29.07,8.94,16.36,50.00%,52.38%,-,35.18%,31.30%,53.54,0.87%,"1,186,018"
YOUL,37.18M,7.32,-,-,0.14,0.41,1.80,22.13,-,-,-,-,-,0.57,6.86%,"22,240"
YPF,19.58B,-,7.94,-,1.04,1.70,11.62,41.42,395.14%,0.69%,2.51%,-,14.65%,49.80,0.61%,"2,258,105"
YQ,14.98M,-,-,-,0.57,0.61,0.29,-,-,-,49.15%,-,-39.86%,2.19,-8.37%,"3,322"
YQQQ,-,-,-,-,-,-,-,-,-,-,-,-,-,9.99,-0.73%,"22,050"
YRD,110.05M,-,-,-,0.15,0.09,0.27,-,-,-,-,-,6.43%,1.26,2.44%,"107,142"
YSEP,-,-,-,-,-,-,-,-,-,-,-,-,-,27.67,0.38%,"11,247"
YSG,227.23M,-,11.81,-,0.36,0.79,1.68,-,1492.40%,266.57%,51.72%,-,-4.64%,3.56,1.42%,"82,991"
YSPY,-,-,-,-,-,-,-,-,-,-,-,-,-,14.89,0.24%,"5,578"
YSS,2.79B,-,41.28,-,-,1.58,4.26,-,-15.13%,150.26%,-,-,-,21.26,11.13%,"1,565,355"
YSWY,1.27B,-,19.28,6.60,-,-,-,-,41.13%,-30.81%,70.37%,2.92%,-,20.14,-4.37%,"191,715"
YSXT,19.50M,5.85,-,-,0.23,0.50,3.31,-,-,-,-,-,-,0.70,-0.53%,"1,713,880"
YTRA,55.03M,-,-,-,0.48,1.01,2.10,-,-,-,32.00%,-,46.11%,0.88,-1.69%,"7,770"
YUM,43.60B,25.50,21.38,2.03,5.14,-,50.40,26.47,11.22%,9.93%,13.51%,10.56%,7.76%,158.18,-2.16%,"4,075,649"
YUMC,15.12B,16.66,13.39,1.08,1.25,2.80,10.58,16.04,15.61%,11.44%,4.49%,12.44%,7.38%,43.30,-1.37%,"2,486,419"
YUNG,-,-,-,-,-,-,-,-,-,-,-,-,-,28.44,-0.78%,"11,339"
YXI,-,-,-,-,-,-,-,-,-,-,-,-,-,22.89,-1.25%,843
YXT,20.94M,-,-,-,-,-,-,-,-,-,-,-,-,3.88,14.12%,"38,759"
YYAI,8.58M,0.07,-,-,0.54,0.05,0.23,2.52,-,-,-,-,79.59%,8.14,4.23%,"7,311"
YYGH,9.39M,-,-,-,0.16,0.01,6.22,-,-,-,-,-,34.56%,1.14,-2.97%,"12,865,869"
YYY,-,-,-,-,-,-,-,-,-,-,-,-,-,11.50,0.25%,"198,636"
YYYM,-,-,-,-,-,-,-,-,-,-,-,-,-,20.25,0.39%,"1,809"
Z,7.28B,127.03,10.63,0.31,2.70,1.66,9.24,21.99,39.15%,31.36%,-,33.76%,-5.01%,31.86,-1.03%,"2,722,315"
ZALT,-,-,-,-,-,-,-,-,-,-,-,-,-,34.04,0.21%,"1,689,505"
ZAP,-,-,-,-,-,-,-,-,-,-,-,-,-,33.86,0.59%,"71,119"
ZAPR,-,-,-,-,-,-,-,-,-,-,-,-,-,26.72,0.09%,529
ZAUG,-,-,-,-,-,-,-,-,-,-,-,-,-,27.61,0.05%,"9,847"
ZBAO,9.99M,-,-,-,0.21,3.48,1.95,-,-,-,-10.33%,-,53.65%,0.30,3.70%,"7,466,255"
ZBH,17.61B,23.64,10.13,1.85,2.09,1.39,41.52,15.45,3.47%,5.96%,-,5.46%,3.22%,91.03,-3.24%,"3,214,219"
ZBIO,1.82B,-,-,-,-,5.35,2.53,-,43.01%,1.67%,-,21.09%,-,28.78,3.23%,"692,277"
ZBRA,12.39B,31.45,12.63,1.04,2.20,3.63,108.68,14.82,17.24%,10.87%,-2.63%,12.10%,4.06%,260.11,-2.47%,"450,727"
ZCBA,-,-,-,-,-,-,-,-,-,-,-,-,-,48.97,0.25%,8
ZCBB,-,-,-,-,-,-,-,-,-,-,-,-,-,48.89,0.29%,8
ZCBC,-,-,-,-,-,-,-,-,-,-,-,-,-,48.89,0.30%,9
ZCBE,-,-,-,-,-,-,-,-,-,-,-,-,-,48.85,0.32%,9
ZCBF,-,-,-,-,-,-,-,-,-,-,-,-,-,48.80,0.33%,9
ZCBG,-,-,-,-,-,-,-,-,-,-,-,-,-,48.83,0.33%,9
ZCMD,1.99M,-,-,-,0.18,0.01,0.14,2.89,-,-,-,-,-8.76%,1.72,13.91%,"429,699"
ZD,1.91B,45.69,9.33,-,1.38,1.13,3.68,6.60,-22.71%,8.62%,-18.45%,-1.70%,4.60%,51.94,0.13%,"515,557"
ZDAI,15.29M,-,-,-,-,5.42,764.36,-,-,-,-,-,-,1.90,-3.06%,"24,364"
ZDEK,-,-,-,-,-,-,-,-,-,-,-,-,-,26.50,0.09%,"7,612"
ZDGE,39.60M,-,16.83,0.30,1.26,1.61,2.01,12.77,-120.00%,1900.00%,-28.24%,56.05%,25.43%,3.03,-3.50%,"74,601"
ZECP,-,-,-,-,-,-,-,-,-,-,-,-,-,37.55,-0.57%,"33,173"
ZENA,122.23M,-,-,-,8.36,-,11.40,-,18.82%,40.09%,-,-,50.05%,1.40,4.48%,"1,515,722"
ZEO,35.72M,-,-,-,0.48,1.57,20.65,-,-,-,-,-,-,0.61,1.98%,"23,943"
ZEPP,46.05M,-,77.57,-,0.17,0.41,0.45,-,108.33%,600.00%,-,-,-22.56%,5.43,0.56%,"30,874"
ZETA,5.62B,-,19.85,0.79,3.91,6.37,19.45,28.11,31.42%,18.31%,17.79%,25.08%,28.80%,22.53,3.02%,"7,751,270"
ZETX,-,-,-,-,-,-,-,-,-,-,-,-,-,23.95,6.02%,"27,692"
ZFEB,-,-,-,-,-,-,-,-,-,-,-,-,-,26.08,0.15%,"7,747"
ZG,7.32B,126.79,10.55,0.31,2.72,1.65,9.29,22.12,39.45%,31.80%,-,34.12%,-5.01%,31.80,-0.44%,"1,225,289"
ZGN,5.51B,30.48,21.26,1.16,2.54,2.88,15.86,18.74,8.14%,30.50%,-,18.32%,-,13.02,-1.06%,"789,208"
ZH,201.40M,-,-,-,0.54,0.48,0.33,-,47.11%,91.63%,28.76%,-,14.31%,3.27,0.00%,"127,250"
ZHDG,-,-,-,-,-,-,-,-,-,-,-,-,-,23.77,0.89%,237
ZHOG,-,-,-,-,-,-,-,-,-,-,-,-,-,51.33,0.14%,"1,363"
ZIG,-,-,-,-,-,-,-,-,-,-,-,-,-,39.13,0.03%,"1,330"
ZIM,2.94B,30.04,-,-,0.47,0.77,1.81,2.51,-82.69%,-568.84%,-1.60%,-,11.58%,24.40,2.52%,"1,168,051"
ZINC,-,-,-,-,-,-,-,-,-,-,-,-,-,26.21,0.06%,"165,047"
ZION,10.36B,10.95,10.19,1.36,2.10,1.43,-,8.37,8.15%,6.30%,14.71%,7.51%,10.90%,70.42,0.09%,"1,451,839"
ZIP,322.84M,-,-,-,0.72,-,0.82,19.61,75.94%,31.69%,-,-,1.43%,3.96,0.25%,"303,620"
ZJAN,-,-,-,-,-,-,-,-,-,-,-,-,-,28.09,0.09%,"1,630"
ZJK,147.30M,14.27,6.54,0.15,2.63,3.36,7.91,81.38,50.00%,45.83%,-,44.22%,-,2.29,13.37%,"45,089"
ZJUL,-,-,-,-,-,-,-,-,-,-,-,-,-,30.03,0.14%,"62,897"
ZJUN,-,-,-,-,-,-,-,-,-,-,-,-,-,27.48,0.09%,"6,487"
ZJYL,15.34M,12.88,-,-,0.74,0.52,0.52,-,-,-,-11.20%,-,5.02%,1.96,5.38%,"29,018"
ZKH,375.20M,-,16.99,-,0.29,1.09,1.41,-,155.28%,143.16%,25.70%,-,12.99%,2.90,1.05%,"39,009"
ZKIN,23.84M,-,-,-,0.33,0.37,6.24,-,-,-,-15.00%,-,-3.88%,1.38,-0.72%,"6,735"
ZKP,390.94M,-,-,-,-,1.39,459.93,-,-,-,-,-,-,9.98,0.25%,7
ZLAB,2.18B,-,-,-,4.79,3.24,2.86,-,-31.61%,19.75%,14.26%,16.75%,56.57%,19.30,-1.63%,"491,235"
ZM,26.73B,13.38,14.51,3.51,5.42,2.68,3.44,13.63,2.03%,3.96%,22.38%,4.14%,12.92%,91.15,-0.79%,"3,197,792"
ZMAR,-,-,-,-,-,-,-,-,-,-,-,-,-,28.33,0.16%,"1,403"
ZMAY,-,-,-,-,-,-,-,-,-,-,-,-,-,26.06,0.25%,"131,411"
ZMUN,-,-,-,-,-,-,-,-,-,-,-,-,-,50.08,0.02%,115
ZNB,0.62M,-,-,-,0.02,0.00,0.37,-,-,-,76.31%,-,-,0.39,-8.88%,"417,554"
ZNOV,-,-,-,-,-,-,-,-,-,-,-,-,-,27.56,0.11%,"12,564"
ZNTL,339.56M,-,-,-,-,1.86,1.60,-,-1.45%,13.53%,7.86%,7.13%,-,4.77,3.25%,"857,168"
ZOCT,-,-,-,-,-,-,-,-,-,-,-,-,-,27.68,0.01%,"13,342"
ZONE,149.42M,-,-,-,43.82,2.46,8.76,-,-,-,-45.29%,-,5.51%,0.67,-2.84%,"1,936,729"
ZOOZ,41.39M,-,2.26,-,165.56,0.35,1.49,-,105.55%,117.31%,15.70%,-,-10.12%,5.11,0.99%,"2,632"
ZROZ,-,-,-,-,-,-,-,-,-,-,-,-,-,60.58,-0.26%,"877,976"
ZS,24.59B,-,33.21,1.85,7.75,10.39,6.95,27.65,25.51%,11.24%,21.31%,17.97%,44.03%,152.09,7.24%,"3,665,466"
ZSB,-,-,-,-,-,-,-,-,-,-,-,-,-,21.99,0.66%,169
ZSC,-,-,-,-,-,-,-,-,-,-,-,-,-,30.35,0.24%,24
ZSEP,-,-,-,-,-,-,-,-,-,-,-,-,-,27.66,0.09%,"6,724"
ZSL,-,-,-,-,-,-,-,-,-,-,-,-,-,30.74,-3.88%,"2,095,189"
ZSQR,288.25M,-,-,-,204.43,1.76,54.80,-,-,-,40.22%,-,-,5.60,-22.22%,"1,172,820"
ZSTK,4.42M,-,-,-,0.11,0.12,1.92,-,90.41%,-,19.15%,-,220.19%,1.82,-16.51%,"38,514"
ZTAX,-,-,-,-,-,-,-,-,-,-,-,-,-,25.21,0.24%,"8,127"
ZTEK,58.85M,-,-,-,490.44,7.13,63.28,-,-,-,-13.90%,-,-,0.46,-3.13%,"95,789"
ZTEN,-,-,-,-,-,-,-,-,-,-,-,-,-,49.97,0.26%,"1,141"
ZTG,-,-,-,-,-,-,-,-,-,-,-,-,-,2.68,-2.55%,"82,021"
ZTO,13.47B,15.02,10.51,0.70,1.86,2.05,3.05,-,23.11%,12.43%,14.67%,15.04%,13.33%,24.03,0.00%,"1,068,463"
ZTOP,-,-,-,-,-,-,-,-,-,-,-,-,-,51.69,0.23%,"1,998"
ZTR,340.96M,12.09,-,-,16.21,0.94,-,-,-,-,-,-,-,6.82,0.59%,"249,686"
ZTRE,-,-,-,-,-,-,-,-,-,-,-,-,-,50.48,0.16%,"1,014"
ZTS,31.05B,12.27,10.05,1.33,3.27,9.63,16.00,14.54,7.33%,7.09%,11.96%,7.55%,7.24%,74.07,-1.75%,"5,321,073"
ZTWO,-,-,-,-,-,-,-,-,-,-,-,-,-,50.39,0.12%,"1,555"
ZUMZ,305.90M,21.71,13.23,0.50,0.33,1.01,2.46,8.29,-7.53%,59.30%,-23.71%,26.67%,-1.28%,18.13,-0.22%,"191,240"
ZURA,480.69M,-,-,-,-,2.21,2.13,-,26.55%,10.16%,-,6.40%,-,5.06,-1.75%,"791,748"
ZVIA,133.18M,-,-,-,0.79,2.74,5.01,-,11.11%,43.75%,-,44.97%,7.95%,1.73,0.58%,"790,719"
ZVOL,-,-,-,-,-,-,-,-,-,-,-,-,-,8.36,0.36%,"20,783"
ZVRA,772.05M,6.06,14.06,1.40,6.31,3.75,3.85,64.39,-21.07%,-12.83%,-,10.02%,51.62%,13.06,-0.91%,"812,911"
ZWS,7.93B,37.88,24.65,2.05,4.56,4.94,28.99,24.95,15.69%,9.60%,-2.00%,12.04%,-2.36%,47.51,1.24%,"756,368"
ZYBT,21.12M,-,-,-,1.31,0.94,2.84,12.21,-,-,-,-,-16.43%,0.71,0.75%,"19,812"
ZYME,1.81B,-,25.62,-,22.33,11.10,4.97,-,222.33%,-27.15%,21.35%,-,22.16%,24.66,-1.12%,"345,951"
