Ticker,MarketCap,PE,ForwardPE,PEG,PS,PB,PC,PFCF,EPSThisY,EPSNextY,EPSPast5Y,EPSNext5Y,SalesPast5Y,Price,Change,Volume
AA,41.93B,29.82,22.49,2.40,5.80,5.88,23.20,38.57,8.36%,8.98%,14.68%,9.37%,5.41%,148.45,-0.05%,"964,635"
AAA,13.65B,10.61,8.34,0.43,0.99,1.85,9.06,38.77,74.24%,-5.61%,-,19.58%,7.07%,51.71,3.46%,"3,999,532"
AAAA,-,-,-,-,-,-,-,-,-,-,-,-,-,24.95,-0.02%,"3,212"
AAAAA,-,-,-,-,-,-,-,-,-,-,-,-,-,30.95,-0.04%,"2,342"
AAAAC,-,-,-,-,-,-,-,-,-,-,-,-,-,20.09,-0.02%,12
AAAAD,-,-,-,-,-,-,-,-,-,-,-,-,-,49.49,-0.18%,11
AAAAP,-,-,-,-,-,-,-,-,-,-,-,-,-,25.36,0.00%,"1,199"
AAAAU,-,-,-,-,-,-,-,-,-,-,-,-,-,43.58,0.96%,"669,317"
AAAC-U,404.69M,-,-,-,-,-,122.63,-,-,-,-,-,-,10.19,0.89%,159
AAACB,292.94M,74.96,-,-,-,1.36,14647.08,-,-,-,-,-,-,10.59,-0.05%,"43,941"
AAACG,43.46M,-,-,-,1.16,7.00,3.56,-,-,-,14.26%,-,9.68%,1.01,5.21%,"158,229"
AAACI,342.68M,146.29,-,-,-,1.41,482.65,-,-,-,-,-,-,10.05,0.50%,114
AAACO,312.67M,-,-,-,-,1.38,267.24,-,-,-,-,-,-,9.97,0.10%,"4,007"
AAACP,235.52M,-,-,-,-,-,-,-,-,-,-,-,-,10.03,0.05%,103
AAADR,-,-,-,-,-,-,-,-,-,-,-,-,-,84.94,0.04%,"4,773"
AAADX,3.12B,-,-,-,5.42,3.77,172.49,-,-,-,-,-,-,18.12,1.12%,"968,924"
AAAEQ,-,-,-,-,-,-,-,-,-,-,-,-,-,55.10,-0.44%,"1,376"
AAAL,9.55B,-,5.72,0.05,0.16,-,1.13,33.52,-65.21%,1915.55%,-,109.51%,25.80%,14.43,-2.70%,"40,438,287"
AAALG,-,-,-,-,-,-,-,-,-,-,-,-,-,12.40,-5.48%,"65,612"
AAAME,28.97M,6.30,-,-,0.14,0.26,-,1.19,-,-,-42.60%,-,-1.03%,1.42,-2.07%,"24,310"
AAAMI,3.30B,32.81,14.24,-,4.75,35.87,38.46,13.61,65.38%,21.49%,-8.76%,-,3.76%,92.99,0.52%,"310,120"
AAAOG,-,-,-,-,-,-,-,-,-,-,-,-,-,5.72,5.93%,"3,306,255"
AAAOI,13.10B,-,27.90,-,21.98,7.84,25.75,-,384.62%,650.23%,24.98%,-,14.20%,154.89,3.07%,"12,904,145"
AAAON,7.26B,46.08,24.68,0.49,3.76,7.19,570.57,-,74.94%,51.16%,5.45%,50.10%,22.89%,88.09,0.33%,"938,794"
AAAOX,-,-,-,-,-,-,-,-,-,-,-,-,-,25.68,6.56%,"9,836,810"
AAAOZ,-,-,-,-,-,-,-,-,-,-,-,-,-,7.58,-6.07%,"4,300,483"
AAAP,3.42B,78.34,14.14,0.49,0.40,1.54,1.16,-,29.98%,36.56%,-36.70%,29.14%,-3.17%,56.72,0.30%,"1,663,290"
AAAPB,-,-,-,-,-,-,-,-,-,-,-,-,-,36.99,-0.32%,"23,463"
AAAPD,-,-,-,-,-,-,-,-,-,-,-,-,-,11.37,-0.06%,"5,222,896"
AAAPE,-,-,-,-,-,-,-,-,-,-,-,-,-,13.97,-0.25%,"13,179"
AAAPG,1.69B,-,-,-,21.16,8.93,4.79,-,57.14%,54.61%,-1.32%,45.51%,113.42%,18.20,-3.36%,"5,877"
AAAPL,4459.84B,35.03,32.02,2.55,9.55,41.52,71.47,32.63,18.43%,8.04%,17.91%,12.54%,8.71%,305.59,-0.11%,"38,169,263"
AAAPR,-,-,-,-,-,-,-,-,-,-,-,-,-,29.76,-0.17%,"4,163"
AAAPU,-,-,-,-,-,-,-,-,-,-,-,-,-,38.08,-0.21%,"1,403,391"
AAAPW,-,-,-,-,-,-,-,-,-,-,-,-,-,38.13,-0.86%,"19,278"
AAAPX,-,-,-,-,-,-,-,-,-,-,-,-,-,34.25,-0.43%,"16,518"
AAAPY,-,-,-,-,-,-,-,-,-,-,-,-,-,25.54,-0.03%,"5,505"
AAARD,147.51M,-,-,-,-,1.97,2.00,-,-7.54%,18.64%,-,5.48%,-,6.74,3.06%,"154,856"
AAAT,1.39B,81.39,61.22,-,3.16,1.24,12.68,15.69,-57.61%,-5.13%,14.72%,-23.00%,6.88%,22.65,-0.53%,"412,339"
AAAUA,-,-,-,-,-,-,-,-,-,-,-,-,-,58.96,-0.51%,123
AAAUB,-,-,-,-,-,-,-,-,-,-,-,-,-,51.76,-0.04%,979
AAAUC,2.83B,-,3.11,0.04,1.90,5.63,14.73,-,120.31%,130.10%,-,81.40%,-,22.37,-1.76%,"478,751"
AAAUS,-,-,-,-,-,-,-,-,-,-,-,-,-,61.88,-0.47%,"1,595"
AAAVM,-,-,-,-,-,-,-,-,-,-,-,-,-,34.94,0.14%,668
AAAXJ,-,-,-,-,-,-,-,-,-,-,-,-,-,117.17,1.17%,"623,330"
AAB,3.37B,10.68,9.38,1.18,-,2.69,-,10.74,4.00%,11.44%,0.57%,7.96%,-,36.19,-1.26%,"379,092"
AABAT,331.49M,-,-,-,20.36,2.85,8.61,-,18.97%,60.64%,5.77%,19.73%,-,2.43,-2.41%,"2,179,504"
AABBV,442.36B,70.78,15.30,0.71,6.87,-,67.34,24.29,40.34%,16.58%,-2.81%,21.49%,5.95%,250.33,0.35%,"4,648,778"
AABCB,5.98B,16.11,12.67,-,3.51,1.46,-,11.45,10.78%,5.92%,9.71%,-,7.93%,89.04,-0.81%,"283,713"
AABCL,3.43B,-,-,-,51.90,3.83,6.08,-,-33.88%,-8.99%,-,-20.31%,-20.27%,11.20,-1.58%,"7,849,060"
AABCS,-,-,-,-,-,-,-,-,-,-,-,-,-,36.06,-1.27%,"1,464"
AABEO,339.68M,-,-,-,13.31,2.65,2.31,-,-192.22%,79.96%,-,-28.13%,-10.26%,5.94,-0.75%,"2,095,323"
AABEQ,-,-,-,-,-,-,-,-,-,-,-,-,-,38.71,-0.44%,"8,855"
AABEV,42.96B,14.20,13.00,1.44,2.57,2.52,12.12,9.67,13.04%,5.16%,4.85%,9.03%,6.89%,2.78,-0.71%,"26,962,127"
AABFL,-,-,-,-,-,-,-,-,-,-,-,-,-,84.63,0.00%,"9,718"
AABG,3.74B,7.80,6.87,1.19,0.21,0.95,104.87,7.66,-6.05%,14.93%,13.75%,5.76%,20.34%,208.54,-1.01%,"145,233"
AABI,-,-,-,-,-,-,-,-,-,-,-,-,-,24.80,0.02%,16
AABIG,-,-,-,-,-,-,-,-,-,-,-,-,-,35.65,-0.42%,"1,658"
AABLD,-,-,-,-,-,-,-,-,-,-,-,-,-,32.59,0.34%,"10,761"
AABLG,-,-,-,-,-,-,-,-,-,-,-,-,-,32.31,1.29%,"9,647"
AABLS,-,-,-,-,-,-,-,-,-,-,-,-,-,23.29,-1.06%,489
AABLV,36.06M,-,-,-,0.34,4.64,4.00,30.82,-,-,-,-,-2.69%,0.73,6.58%,"18,988"
AABM,2.80B,18.39,10.96,1.13,0.31,1.60,29.46,8.37,15.62%,9.49%,256.47%,9.66%,7.87%,47.72,-0.85%,"278,208"
AABNB,107.36B,40.75,28.94,1.30,8.12,13.56,8.85,22.10,30.96%,17.38%,-,22.31%,29.50%,179.29,-2.59%,"3,942,358"
AABOS,192.37M,-,-,-,-,3.36,1.75,-,23.36%,3.25%,-61.49%,16.13%,-,2.66,-0.37%,"412,847"
AABOT,-,-,-,-,-,-,-,-,-,-,-,-,-,43.16,-1.64%,"1,074"
AABR,932.79M,77.88,8.58,-,0.78,0.44,2.19,2.84,-74.53%,113.76%,-16.98%,-,12.27%,5.00,-1.77%,"4,010,025"
AABSI,1.59B,-,-,-,1016.49,6.44,7.88,-,5.21%,10.73%,-9.45%,15.88%,-10.14%,9.24,0.65%,"2,145,092"
AABT,190.98B,35.67,18.20,1.96,4.10,3.74,34.09,24.41,7.11%,9.93%,8.23%,9.29%,5.08%,110.37,-0.79%,"11,462,157"
AABTC,518.48M,-,23.15,0.51,1.91,0.77,28.25,-,43.37%,118.95%,86.80%,45.26%,63.91%,7.12,-1.93%,"1,147,073"
AABTS,3.58M,-,-,-,0.39,0.37,44.80,-,-,-,-,-,57.35%,1.21,-8.33%,"19,002"
AABUF,-,-,-,-,-,-,-,-,-,-,-,-,-,27.64,-0.23%,"1,158"
AABUS,931.86M,6.01,-,-,5.13,3.60,10.06,-,535.29%,-110.81%,29.45%,-,15.29%,4.71,0.86%,"1,388,214"
AABVC,22.66M,-,-,-,-,2.13,251.75,-,-,-,39.78%,-,-,0.85,-5.56%,"127,032"
AABVX,10.53B,-,-,-,-,19.34,18.60,-,31.67%,7.24%,-12.77%,-,-,120.73,1.49%,"894,804"
AABX,891.86M,31.93,7.87,0.45,3.34,2.04,38.13,9.97,19.17%,13.01%,-,17.43%,-,9.12,-1.62%,"499,570"
AABXB,-,-,-,-,-,-,-,-,-,-,-,-,-,19.16,-0.08%,19
AACA,7.12B,54.26,29.79,7.30,2.59,2.39,16.48,52.71,-4.25%,13.73%,14.24%,4.08%,8.30%,145.01,-0.27%,"700,777"
AACAA,357.00M,-,-,-,-,1.31,1050.00,-,-,-,-,-,-,10.01,0.00%,17
AACAD,5.00B,13.07,32.02,-,4.39,3.82,5.23,34.33,-73.36%,47.91%,-,-12.48%,19.39%,29.01,2.73%,"1,122,499"
AACB,233.50M,-,47.61,-,1.11,0.61,2.22,-,86.21%,161.75%,45.34%,-,3.95%,3.60,-2.17%,"1,578,750"
AACCL,39.76M,558.82,-,-,63.11,53.47,49.09,397.60,-,-,-,-,-,2.85,0.35%,"29,543"
AACCO,390.46M,6.82,4.42,-,0.25,0.56,3.67,7.45,4.76%,8.71%,-7.40%,-,-1.63%,4.23,-2.53%,"658,954"
AACCS,19.52M,-,6.62,-,0.87,0.67,6.59,28.29,-21.93%,73.03%,14.85%,-,4.07%,5.10,2.62%,"55,977"
AACDC,961.61M,-,-,-,0.54,1.77,51.15,-,27.91%,45.77%,-21.59%,40.63%,28.81%,5.28,-1.68%,"1,906,675"
AACEI,-,-,-,-,-,-,-,-,-,-,-,-,-,23.51,-0.24%,"24,549"
AACEL,989.75M,18.04,14.24,7.87,0.71,3.49,3.87,12.54,-21.11%,22.42%,-,1.81%,33.29%,12.19,-1.85%,"338,914"
AACEP,-,-,-,-,-,-,-,-,-,-,-,-,-,20.89,-0.10%,"2,430"
AACES,-,-,-,-,-,-,-,-,-,-,-,-,-,32.04,-1.57%,"73,103"
AACET,81.82M,-,-,-,-,0.68,0.69,-,55.48%,46.57%,26.71%,-,-,8.74,4.30%,"93,244"
AACFN,48.89M,32.13,-,-,5.11,5.57,10.91,33.72,-,-,104.28%,-,14.15%,19.48,0.41%,"6,619"
AACGC,291.00M,-,-,-,-,10.54,388.00,-,-,-,-,-,-,10.00,0.00%,21
AACGL,33.38B,7.64,10.00,4.33,1.80,1.44,-,5.51,-4.81%,4.07%,28.39%,2.31%,18.36%,97.81,-0.91%,"1,738,728"
AACGO,-,-,-,-,-,-,-,-,-,-,-,-,-,38.82,-0.13%,14
AACGR,-,-,-,-,-,-,-,-,-,-,-,-,-,71.61,-0.24%,142
AACH,82.29M,-,5.86,-,0.03,-,10.76,-,-98.09%,843.90%,-,-,-20.10%,1.07,12.52%,"2,808,778"
AACHC,2.79B,-,16.46,7.45,0.83,1.38,16.31,-,-23.64%,19.31%,-,2.21%,9.65%,30.00,-2.69%,"1,467,487"
AACHR,4.92B,-,-,-,713.11,2.60,3.14,-,-32.25%,8.16%,-36.00%,-0.98%,-,6.39,-3.47%,"30,279,361"
AACHV,771.77M,-,-,-,-,-,4.12,-,-5.67%,53.06%,25.38%,-,-,7.50,-1.19%,"945,258"
AACHX,-,-,-,-,-,-,-,-,-,-,-,-,-,40.35,-6.13%,529
AACI,5.92B,163.10,-,-,0.07,3.70,19.13,10.49,-16.44%,-,-24.70%,-3.41%,3.60%,12.20,-1.77%,"5,310,413"
AACIC,457.99M,4.69,8.67,-,1.39,1.31,-,-,-52.88%,11.22%,-,-24.36%,-16.90%,9.45,-4.16%,"364,321"
AACII,-,-,-,-,-,-,-,-,-,-,-,-,-,25.69,-0.15%,"37,338"
AACIO,-,-,-,-,-,-,-,-,-,-,-,-,-,47.40,-0.37%,"106,526"
AACIU,257.49M,-,10.11,-,11.62,5.29,2.76,-,39.83%,148.19%,1.71%,-,-23.52%,2.53,1.61%,"104,648"
AACIW,5.26B,23.85,17.73,-,2.89,3.53,31.44,16.89,19.91%,13.51%,28.58%,-,6.34%,52.13,-2.45%,"1,155,888"
AACKY,-,-,-,-,-,-,-,-,-,-,-,-,-,18.11,-1.20%,"30,326"
AACLC,-,-,-,-,-,-,-,-,-,-,-,-,-,86.81,-0.52%,"3,962"
AACLO,-,-,-,-,-,-,-,-,-,-,-,-,-,50.40,-0.01%,"420,673"
AACLS,4.45B,48.46,27.36,1.44,5.14,4.18,11.06,67.89,-15.86%,28.30%,20.99%,19.03%,12.07%,144.11,2.83%,"282,115"
AACLZ,-,-,-,-,-,-,-,-,-,-,-,-,-,15.15,5.82%,10
AACM,8.01B,22.72,10.00,0.87,0.52,3.65,7.91,39.36,-24.35%,56.40%,-,11.48%,4.04%,62.22,-1.41%,"2,018,511"
AACMM,-,-,-,-,-,-,-,-,-,-,-,-,-,15.02,12.63%,"7,881"
AACMR,5.96B,40.68,26.76,0.67,5.75,3.21,4.08,-,33.93%,48.40%,35.88%,39.86%,41.91%,85.64,6.49%,"1,082,905"
AACN,104.02B,13.57,11.58,1.70,1.42,3.26,10.23,8.27,7.20%,5.90%,9.01%,6.80%,9.47%,169.98,-3.91%,"5,041,067"
AACNB,654.63M,12.20,11.31,-,3.26,1.55,-,12.06,11.17%,0.56%,11.08%,-,12.73%,64.37,-0.86%,"50,085"
AACNT,136.31M,-,-,-,1.63,1.71,4.86,-,-,-,28.02%,-,-21.78%,15.13,0.53%,"44,648"
AACOG,192.52M,-,-,-,12.62,3.63,4.65,-,-12.82%,51.52%,45.28%,-,-,8.84,0.00%,"367,453"
AACOM,-,-,-,-,-,-,-,-,-,-,-,-,-,23.10,1.99%,35
AACON,7.98M,-,-,-,99.79,0.40,0.49,-,66.96%,-19.07%,83.48%,-,9.25%,2.77,12.60%,"182,302"
AACP,644.92M,7.79,-,-,7.07,0.91,-,-,-,-,-,-,-,5.14,0.00%,"342,146"
AACQQ,-,-,-,-,-,-,-,-,-,-,-,-,-,24.92,-0.28%,"1,516"
AACR,103.55M,-,11.85,-,0.59,0.25,2.47,10.93,220.51%,290.96%,-,-,-,14.52,1.89%,"47,974"
AACRE,256.32M,-,13.85,-,2.18,0.52,4.38,16.64,181.57%,240.80%,-,-,-8.16%,4.62,-2.12%,"392,758"
AACRS,871.42M,-,-,-,106.01,6.64,9.52,-,-26.07%,-14.64%,15.08%,-14.51%,3.84%,5.92,2.42%,"1,086,354"
AACRT,-,-,-,-,-,-,-,-,-,-,-,-,-,25.08,-0.34%,"1,130"
AACRV,87.85M,-,-,-,-,1.01,0.98,-,8.60%,6.30%,-51.39%,5.83%,-,2.05,5.13%,"1,501,261"
AACSG,-,-,-,-,-,-,-,-,-,-,-,-,-,50.84,-0.02%,"1,689"
AACSI,-,-,-,-,-,-,-,-,-,-,-,-,-,77.28,-1.10%,192
AACSP,-,-,-,-,-,-,-,-,-,-,-,-,-,24.74,-0.90%,184
AACSV,-,-,-,-,-,-,-,-,-,-,-,-,-,51.01,-0.44%,216
AACT,6.84B,10.49,9.90,1.99,5.46,1.27,-,9.49,6.20%,4.81%,14.70%,4.97%,2.24%,49.78,-0.32%,"274,951"
AACTG,456.70M,-,-,-,1.64,0.68,1.37,174.31,-213.33%,-2.94%,-31.48%,-,57.13%,4.68,1.96%,"315,722"
AACTU,23.69M,-,-,-,-,24.03,5.35,-,23.13%,4.88%,-,7.46%,-,0.99,-1.98%,"130,432"
AACU,237.35M,26.08,22.51,-,1.12,1.96,47.09,15.33,16.06%,-4.84%,1.55%,-6.58%,3.69%,61.91,2.50%,"70,528"
AACV,285.27M,5.34,-,-,-,-,-,-,-,-,-,-,-,27.44,-0.40%,"19,094"
AACVA,1.29B,-,21.59,0.45,1.61,3.31,5.34,44.45,19.35%,71.27%,-7.82%,47.58%,29.53%,7.62,-7.86%,"5,370,715"
AACVF,-,-,-,-,-,-,-,-,-,-,-,-,-,56.33,-0.51%,"2,745"
AACVT,-,-,-,-,-,-,-,-,-,-,-,-,-,28.60,-0.48%,16
AACVU,-,-,-,-,-,-,-,-,-,-,-,-,-,32.25,-0.80%,"11,629"
AACWI,-,-,-,-,-,-,-,-,-,-,-,-,-,161.83,-0.28%,"2,259,323"
AACWV,-,-,-,-,-,-,-,-,-,-,-,-,-,125.96,-0.64%,"80,928"
AACWX,-,-,-,-,-,-,-,-,-,-,-,-,-,78.10,0.30%,"1,114,360"
AACXP,8.69M,-,-,-,-,0.95,0.82,-,69.49%,6.78%,10.54%,30.71%,-,1.65,18.28%,"1,103,649"
AACYN,-,-,-,-,-,-,-,-,-,-,-,-,-,20.76,0.10%,"1,529,697"
AACYQ,-,-,-,-,-,-,-,-,-,-,-,-,-,21.01,0.53%,"35,031"
AACYS,-,-,-,-,-,-,-,-,-,-,-,-,-,20.52,0.05%,"394,142"
AAD,3.06B,4.11,31.16,0.95,14.33,2.42,7.35,-,1094.40%,-83.03%,4.83%,32.78%,-47.37%,35.36,-1.72%,"107,006"
AADAC,290.38M,118.31,-,-,-,1.29,341.63,-,-,-,-,-,-,10.08,0.40%,10
AADAG,257.15M,-,-,-,27.59,2.87,2.01,-,-65.00%,-29.97%,21.03%,-26.92%,61.40%,3.83,3.51%,"1,052,708"
AADAM,909.58M,6.02,7.87,0.30,1.09,0.98,2.94,5.92,35.82%,-13.90%,-,26.24%,35.33%,10.12,0.00%,"621,010"
AADBE,100.98B,14.53,9.23,0.64,4.01,8.80,17.95,9.82,16.54%,12.73%,9.04%,14.49%,13.06%,254.04,-3.78%,"3,871,095"
AADBG,-,-,-,-,-,-,-,-,-,-,-,-,-,4.35,-7.60%,"2,295,063"
AADBU,-,-,-,-,-,-,-,-,-,-,-,-,-,24.56,-7.89%,"14,687"
AADC,9.27B,40.15,37.48,6.47,11.89,1.46,437.53,17.48,7.80%,4.25%,0.32%,5.79%,23.65%,74.54,-0.27%,"1,625,726"
AADCT,140.43M,-,-,-,1.76,-,0.64,-,30.36%,13.14%,21.50%,38.34%,-,1.10,8.91%,"3,732,970"
AADDS,-,-,-,-,-,-,-,-,-,-,-,-,-,25.70,-0.14%,"8,137"
AADEA,3.27B,27.42,18.42,5.88,6.95,6.86,23.87,17.35,-13.71%,13.13%,-10.86%,3.13%,-13.05%,29.67,-0.54%,"882,505"
AADGM,14.47M,-,-,-,-,-,1.87,-,27.81%,-6.42%,-364.47%,4.30%,-,0.65,-5.88%,"696,510"
AADI,190.10B,58.00,25.87,0.85,14.92,5.63,55.27,41.64,59.28%,21.59%,6.82%,30.60%,14.49%,390.28,0.23%,"3,122,795"
AADIG,1.63B,-,-,-,-,0.66,3.06,-,-,-,-,-,-,21.43,0.89%,"1,689,580"
AADIL,10.92M,-,-,-,-,-,0.38,-,73.62%,60.71%,53.46%,53.69%,-,4.99,25.38%,"146,190"
AADIU,-,-,-,-,-,-,-,-,-,-,-,-,-,11.79,0.95%,"13,315"
AADIV,-,-,-,-,-,-,-,-,-,-,-,-,-,19.70,-0.13%,"2,240"
AADM,39.18B,22.25,14.05,0.78,0.48,1.66,7.14,23.36,52.57%,10.57%,-6.68%,18.05%,4.52%,81.29,1.04%,"3,468,901"
AADMA,2.09B,13.26,9.90,0.44,4.08,5.16,15.38,17.96,21.30%,18.41%,-,22.25%,64.60%,9.34,-1.37%,"1,497,295"
AADME,-,-,-,-,-,-,-,-,-,-,-,-,-,56.92,-0.31%,"8,820"
AADNT,1.55B,33.61,6.73,0.26,0.10,0.90,1.68,5.25,4.99%,47.31%,10.31%,25.53%,2.78%,20.10,-1.37%,"840,801"
AADP,105.70B,24.31,19.87,2.11,4.82,17.55,24.99,20.15,10.23%,9.22%,12.51%,9.44%,7.90%,266.06,-2.53%,"2,289,425"
AADPT,3.95B,-,-,-,12.83,27.57,11.48,-,-39.74%,67.66%,18.85%,-,23.00%,24.77,0.12%,"2,668,386"
AADPV,-,-,-,-,-,-,-,-,-,-,-,-,-,46.28,0.37%,"5,107"
AADSE,901.56M,-,-,-,25.24,-,109.81,-,159.03%,-,15.07%,-,-2.27%,12.00,2.65%,"3,898"
AADSK,50.99B,35.31,17.07,1.07,6.78,15.99,17.44,18.68,20.61%,12.56%,-0.79%,16.02%,13.69%,241.64,-3.98%,"1,542,213"
AADT,5.25B,9.94,7.29,1.17,1.02,1.51,187.07,3.25,3.64%,6.81%,-,6.25%,-0.71%,7.18,-4.14%,"7,809,534"
AADTN,705.22M,-,14.86,0.27,0.62,5.43,5.96,12.39,25.54%,101.73%,-,55.51%,16.43%,8.65,3.04%,"2,159,603"
AADUR,536.21M,-,-,-,3154.15,18.03,18.55,-,-19.78%,24.42%,-18.77%,5.80%,-1.07%,15.85,-1.98%,"454,900"
AADUS,2.15B,20.15,15.28,1.77,1.45,1.87,21.55,13.86,13.08%,6.73%,20.22%,8.65%,13.22%,114.90,-1.00%,"155,651"
AADV,401.85M,-,92.18,-,0.11,0.98,3.51,7.15,63.48%,105.33%,-4.58%,-,2.34%,31.34,-4.39%,"178,078"
AADVB,13.60M,51.70,-,-,-,39.49,170.00,-,-,-,-12.01%,-,-,8.23,-8.04%,"176,014"
AADVE,-,-,-,-,-,-,-,-,-,-,-,-,-,46.94,0.35%,"6,330"
AADX,3.28B,5.37,-,-,95.20,1.00,-,-,-,-,-,-,-,26.23,-0.23%,"304,921"
AADXN,5.64M,-,-,-,40.31,1.39,4.86,-,-,-,31.85%,-,-44.27%,5.70,2.70%,406
AAEAQ,314.09M,65.94,-,-,-,1.14,628.19,-,-,-,-,-,-,10.05,-0.29%,84
AAEBI,962.28M,36.34,10.16,-,0.41,0.94,7.07,156.98,325.00%,68.86%,-,-,-,12.40,-2.44%,"250,618"
AAEC,82.58M,-,-,-,152.93,2.38,64.52,-,-,-,25.35%,-,-,4.53,7.09%,"38,209"
AAEE,30.31B,19.27,18.84,2.39,3.46,2.21,531.68,-,7.17%,7.81%,8.84%,7.87%,8.72%,109.47,-0.25%,"960,032"
AAEF,382.47M,4.11,-,-,59.00,1.23,-,-,-,-,-,-,-,9.42,-1.05%,"98,079"
AAEG,14.20B,13.37,8.59,0.40,0.43,1.61,-,13.73,50.16%,5.48%,95.22%,21.31%,7.38%,9.44,-0.11%,"4,333,481"
AAEHG,-,-,-,-,-,-,-,-,-,-,-,-,-,22.31,16.96%,"702,565"
AAEHL,19.75M,-,-,-,0.21,0.05,11.09,-,-,-,75.59%,-,25.06%,5.11,3.44%,"328,717"
AAEHR,4.75B,-,-,-,95.00,21.55,40.82,-,2426.67%,-,-21.88%,-,24.67%,145.61,8.62%,"2,508,367"
AAEI,58.34M,-,-,-,13.66,0.51,2.37,-,-,-,21.71%,-,-22.74%,1.50,11.94%,"273,676"
AAEIS,13.96B,65.01,22.95,0.54,6.85,9.58,9.98,157.59,75.42%,35.09%,1.93%,42.46%,4.90%,348.63,5.56%,"465,663"
AAEM,96.18B,16.14,15.25,1.20,6.62,3.34,27.65,21.35,45.34%,2.89%,33.22%,12.69%,30.57%,188.78,1.24%,"2,138,023"
AAEMD,2.08M,-,-,-,-,0.27,0.42,-,77.23%,73.10%,54.12%,-,-,2.93,3.71%,"58,851"
AAENT,278.34M,12.47,11.62,0.98,0.25,2.32,224.47,16.30,52.22%,2.92%,-,11.87%,-,5.46,-3.53%,"9,903"
AAEO,2.74B,10.11,8.40,0.57,0.49,1.67,26.53,14.81,17.20%,10.66%,-,14.83%,8.09%,16.35,1.11%,"4,254,104"
AAEON,12.74M,-,-,-,-,-,3.72,-,89.03%,10.00%,-253.12%,-,-,0.26,-7.12%,"489,377"
AAEP,68.88B,21.93,18.43,2.19,3.03,2.15,102.05,-,6.83%,7.63%,8.53%,8.40%,7.88%,126.53,0.74%,"2,923,011"
AAER,23.23B,7.40,8.26,0.90,3.08,1.28,12.91,-,21.80%,-2.73%,-,9.15%,10.91%,150.45,-1.31%,"1,261,727"
AAERO,2.29B,10.62,6.83,1.09,0.40,-,2.21,3.99,-56.13%,117.85%,-,6.29%,32.31%,15.71,-0.25%,"697,406"
AAERT,38.60M,15.49,-,-,0.50,-,6.36,4.25,-,-,-,-,-,6.85,-2.97%,"15,755"
AAES,10.53B,5.52,6.10,1.66,0.81,2.13,4.42,-,-2.18%,5.75%,82.82%,3.67%,4.83%,14.76,0.20%,"6,711,473"
AAESI,1.60B,-,-,-,1.50,1.44,9.53,-,-105.01%,96.56%,-3.59%,-,57.85%,12.82,2.97%,"3,762,078"
AAESP,204.17M,-,-,-,-,-,-,-,-,-,-,-,-,9.94,0.00%,331
AAESR,-,-,-,-,-,-,-,-,-,-,-,-,-,20.55,0.42%,"39,666"
AAETH,-,-,-,-,-,-,-,-,-,-,-,-,-,29.78,0.03%,31
AAEVA,1.66B,-,-,-,76.64,59.25,9.31,-,10.86%,-3.97%,-23.11%,15.34%,30.14%,23.75,2.02%,"1,023,108"
AAEXA,573.25M,-,-,-,-,1.72,2492.40,-,-,-,-,-,-,11.59,0.43%,"105,697"
AAEYE,103.82M,-,7.20,-,2.47,32.19,11.91,17.87,37.15%,16.20%,20.37%,-,14.51%,8.26,3.38%,"384,406"
AAFB,317.34M,13.80,-,-,11.21,0.92,-,-,-,-,-,-,-,11.04,-0.63%,"22,058"
AAFCG,78.67M,18.69,4.08,0.10,2.36,0.42,0.74,6.31,120.51%,-1.16%,-,41.72%,41.13%,3.47,9.81%,"330,171"
AAFG,12.16B,12.81,11.97,1.65,1.49,2.52,-,8.49,19.75%,-0.62%,4.21%,7.25%,7.53%,146.60,0.21%,"313,631"
AAFGR,-,-,-,-,-,-,-,-,-,-,-,-,-,37.59,-0.55%,680
AAFIF,-,-,-,-,-,-,-,-,-,-,-,-,-,9.42,-0.11%,"65,438"
AAFIX,-,-,-,-,-,-,-,-,-,-,-,-,-,24.41,-0.18%,"3,945"
AAFJK,38.00M,172.91,-,-,-,4.75,-,-,-,-,-,-,-,12.00,-1.64%,"5,875"
AAFK,-,-,-,-,-,-,-,-,-,-,-,-,-,28.09,0.64%,"28,414"
AAFL,60.65B,12.96,15.97,9.29,3.36,2.00,-,22.91,-6.24%,7.85%,0.43%,1.72%,-4.97%,120.98,-0.39%,"1,492,043"
AAFLG,-,-,-,-,-,-,-,-,-,-,-,-,-,45.14,-0.29%,"36,833"
AAFMC,-,-,-,-,-,-,-,-,-,-,-,-,-,41.96,-0.11%,"80,585"
AAFOS,-,-,-,-,-,-,-,-,-,-,-,-,-,47.41,0.69%,"32,113"
AAFRI,285.28M,-,-,-,1.62,-,19.94,-,-,-,-87.01%,-,-,10.58,-0.38%,"8,350"
AAFRM,24.96B,67.72,41.47,0.26,6.79,6.60,8.41,31.68,734.65%,43.52%,-,158.06%,53.66%,74.52,-4.89%,"2,889,725"
AAFRU,-,-,-,-,-,-,-,-,-,-,-,-,-,10.41,-9.96%,"36,687"
AAFSC,-,-,-,-,-,-,-,-,-,-,-,-,-,40.06,0.13%,151
AAFSM,-,-,-,-,-,-,-,-,-,-,-,-,-,41.55,0.06%,"16,372"
AAFYA,1.26B,8.39,7.03,1.77,1.74,1.29,6.49,6.03,-7.60%,12.78%,19.50%,3.98%,23.23%,13.79,-0.36%,"149,717"
AAG,9.65B,28.06,19.65,0.65,5.88,3.25,7.73,14.96,77.17%,22.21%,26.09%,30.08%,28.14%,19.57,1.61%,"7,440,610"
AAGBK,972.37M,-,3.38,0.16,-,-,-,-,-0.31%,40.62%,-,21.76%,-,6.08,-0.98%,"211,023"
AAGCC,820.91M,805.06,-,-,132.19,49.92,51.89,-,-,-,-,-,-,14.33,-1.85%,"26,207"
AAGCO,6.99B,13.81,13.56,0.59,0.68,1.71,12.18,21.15,7.08%,30.13%,11.57%,22.79%,1.96%,99.75,-1.56%,"515,257"
AAGD,326.92M,4.21,-,-,15.06,1.03,-,-,-,-,-,-,-,12.49,0.16%,"107,928"
AAGEM,-,-,-,-,-,-,-,-,-,-,-,-,-,49.31,0.99%,"7,820"
AAGEN,321.90M,2.70,-,-,2.43,-,17.18,-,140.79%,-131.61%,82.55%,38.59%,5.31%,7.15,-2.32%,"831,412"
AAGG,-,-,-,-,-,-,-,-,-,-,-,-,-,97.25,-0.24%,"10,229,028"
AAGGA,-,-,-,-,-,-,-,-,-,-,-,-,-,24.88,-0.12%,787
AAGGH,-,-,-,-,-,-,-,-,-,-,-,-,-,19.82,-0.35%,"75,441"
AAGGS,-,-,-,-,-,-,-,-,-,-,-,-,-,40.22,-0.17%,328
AAGGY,-,-,-,-,-,-,-,-,-,-,-,-,-,42.61,-0.30%,"64,287"
AAGI,14.23B,12.23,12.02,0.31,6.38,2.96,21.03,45.15,57.75%,28.02%,41.75%,38.20%,19.31%,33.99,1.89%,"3,869,575"
AAGIG,40.93M,-,-,-,16.37,1.44,3.66,-,-,-,31.97%,-,-5.76%,0.93,3.28%,"44,988"
AAGIO,2.01B,-,-,-,20.42,1.95,3.25,-,20.22%,35.06%,-8.46%,37.77%,-,33.63,0.21%,"969,285"
AAGIQ,-,-,-,-,-,-,-,-,-,-,-,-,-,25.44,-0.67%,"2,358"
AAGIX,-,-,-,-,-,-,-,-,-,-,-,-,-,46.71,0.06%,"148,690"
AAGL,1.63B,-,64.59,-,0.27,7.15,6.32,-,90.82%,166.66%,-36.60%,-,37.24%,96.86,-0.04%,"192,177"
AAGM,2.44B,12.92,10.01,-,1.86,2.01,2.35,7.88,25.33%,10.82%,14.98%,-,17.34%,231.72,-0.42%,"68,363"
AAGMB,673.74M,-,-,-,-,2.22,2.34,-,98.94%,-26.11%,-,75.89%,-,13.68,3.48%,"119,262"
AAGMH,4.66M,0.19,-,-,0.15,0.06,14.11,-,-,-,-,-,256.19%,0.97,-1.56%,"22,235"
AAGMI,-,-,-,-,-,-,-,-,-,-,-,-,-,72.96,1.02%,548
AAGNC,12.98B,5.74,7.30,-,2.59,1.21,7.27,14.65,5.20%,-4.89%,-,-1.02%,41.14%,10.95,-0.09%,"11,619,947"
AAGNG,-,-,-,-,-,-,-,-,-,-,-,-,-,38.04,-0.06%,"10,149"
AAGNT,710.25M,-,75.00,-,0.14,2.53,3.37,7.65,192.86%,-56.41%,-,-,21.56%,4.25,-2.30%,"1,299,257"
AAGO,3.35B,10.21,11.07,-,3.62,0.60,-,10.35,-21.78%,-3.03%,19.70%,-2.92%,-1.19%,76.22,-0.74%,"238,877"
AAGOX,-,-,-,-,-,-,-,-,-,-,-,-,-,34.56,0.10%,"39,062"
AAGPU,122.07M,-,-,-,37.45,3.55,5.57,-,-,-,54.21%,-,-36.90%,10.62,28.42%,"2,628,659"
AAGQ,-,-,-,-,-,-,-,-,-,-,-,-,-,82.21,3.67%,"1,983,345"
AAGQI,-,-,-,-,-,-,-,-,-,-,-,-,-,18.77,-0.08%,55
AAGRH,-,-,-,-,-,-,-,-,-,-,-,-,-,26.22,0.00%,0
AAGRO,1.34B,29.01,7.77,-,0.84,0.77,4.04,73.67,1040.63%,-29.58%,-,-,12.13%,9.26,3.93%,"1,116,464"
AAGRW,-,-,-,-,-,-,-,-,-,-,-,-,-,33.03,-0.37%,143
AAGRZ,5.81M,-,-,-,-,1.50,6.76,-,-,-,-,-,-,0.27,9.29%,"110,792,704"
AAGX,8.26B,51.77,37.70,1.44,7.93,17.45,8.49,16.97,24.11%,29.30%,45.23%,26.23%,19.22%,589.27,1.91%,"297,288"
AAGYS,3.14B,73.76,34.78,0.96,9.51,9.28,25.38,39.04,37.22%,30.33%,-,36.11%,18.41%,111.33,-2.34%,"254,396"
AAGZ,-,-,-,-,-,-,-,-,-,-,-,-,-,108.68,0.00%,"17,242"
AAGZD,-,-,-,-,-,-,-,-,-,-,-,-,-,22.58,0.04%,"15,397"
AAHCO,792.16M,-,-,-,0.25,0.57,18.30,8.11,-132.73%,86.75%,29.83%,-9.87%,25.16%,5.81,0.00%,"2,588,117"
AAHD,-,-,-,-,-,-,-,-,-,-,-,-,-,26.52,1.30%,"9,495"
AAHG,1.03B,-,-,-,74.45,5.73,6078.76,-,-,-,59.38%,-,51.13%,1.21,-4.72%,"25,813"
AAHLT,-,-,-,-,-,-,-,-,-,-,-,-,-,29.66,0.41%,"5,391"
AAHMA,46.66M,140.18,-,-,8.47,13.72,54.26,-,-,-,-,-,25.41%,1.57,-5.42%,"35,997"
AAHR,12.00B,81.10,69.13,2.27,4.80,2.88,62.65,61.39,37.79%,36.67%,103.46%,30.43%,12.68%,54.68,0.68%,"2,866,280"
AAHRT,638.75M,-,-,-,2.29,1.39,28.76,12.08,-737.50%,85.07%,-,-0.00%,-5.78%,6.66,-1.91%,"599,135"
AAHT,20.77M,-,-,-,0.02,-,0.10,1.88,-,-,59.49%,-,16.79%,3.21,0.00%,"60,596"
AAHYB,-,-,-,-,-,-,-,-,-,-,-,-,-,46.01,-0.06%,"6,482"
AAI,1.51B,-,-,-,6.02,2.20,2.62,-,41.70%,42.72%,-43.76%,33.71%,6.44%,9.70,-2.32%,"3,427,139"
AAIA,-,-,-,-,-,-,-,-,-,-,-,-,-,140.66,1.25%,"194,932"
AAIAI,390.35M,-,-,-,-,0.35,34.76,-,-,-,-,-,-,5.01,-14.80%,"248,731"
AAIB,124.60M,-,-,-,336.77,1.51,2.36,-,-,-,-,-,-,1.64,-9.89%,"832,459"
AAIBD,-,-,-,-,-,-,-,-,-,-,-,-,-,47.55,1.46%,"3,452"
AAIBU,-,-,-,-,-,-,-,-,-,-,-,-,-,66.88,-1.59%,"3,139"
AAIBZ,338.24M,-,-,-,-,20.91,106.03,-,-,-,-,-,-,6.55,-2.96%,"391,778"
AAIDX,6.75M,-,-,-,3.31,4.16,1.48,-,44.74%,9.52%,3.60%,17.29%,-2.58%,0.55,0.24%,"230,326"
AAIEQ,-,-,-,-,-,-,-,-,-,-,-,-,-,51.25,-0.61%,"2,809"
AAIFA,19.29M,-,-,-,2.93,0.66,0.65,-,-,-,12.00%,-,19.96%,3.03,4.31%,"188,891"
AAIFC,59.22M,-,-,-,2.46,0.06,3.82,-,-,-,-5.19%,-,-6.01%,0.42,3.88%,"1,121,917"
AAIFD,-,-,-,-,-,-,-,-,-,-,-,-,-,54.24,0.61%,"6,219"
AAIFF,17.73M,-,-,-,9.85,1.21,1.92,-,-,-,-,-,-39.34%,1.13,3.67%,"139,194"
AAIFU,101.09M,-,-,-,1.27,0.17,17.95,-,-,-,-,-,-30.78%,17.25,-52.48%,"165,742"
AAIG,39.64B,13.89,8.62,0.85,1.49,0.98,-,10.30,13.31%,9.54%,-,10.11%,-9.35%,75.81,-1.08%,"2,223,596"
AAIHS,21.83M,-,-,-,11.03,-,1.70,-,-,-,39.50%,-,-6.72%,1.50,-8.54%,"176,972"
AAIHY,-,-,-,-,-,-,-,-,-,-,-,-,-,20.93,-0.98%,"7,458"
AAII,490.04M,5.56,7.72,-,1.46,1.33,-,2.99,-39.73%,-9.96%,-,-17.23%,-,25.01,4.25%,"378,927"
AAIIA,197.53M,60.66,-,-,-,1.39,229.68,-,-,-,-,-,-,10.24,0.05%,"2,126"
AAIIO,56.47M,-,-,-,59.44,-,10.59,-,-,-,-,-,-,2.88,-3.03%,"450,882"
AAIIR,1.23B,71.23,-,-,-,0.96,41165.75,-,-,-,-,-,-,7.70,3.22%,"21,813"
AAIM,7.39M,-,-,-,73.93,0.91,0.74,-,90.89%,21.66%,28.21%,58.64%,-11.60%,0.24,10.50%,"2,109,039"
AAIMD,10.49M,-,-,-,1049.00,3.19,7.39,-,-,-,23.68%,-,49.61%,1.42,0.00%,"188,361"
AAIMS,-,-,-,-,-,-,-,-,-,-,-,-,-,28.88,-0.57%,"4,727"
AAIN,1.81B,-,20.15,-,1.48,2.43,23.45,31.02,342.37%,10.84%,-,-,5.60%,63.88,-1.53%,"276,537"
AAINP,-,-,-,-,-,-,-,-,-,-,-,-,-,24.80,-0.22%,"31,591"
AAINT,-,-,-,-,-,-,-,-,-,-,-,-,-,32.84,1.85%,"4,226"
AAIO,928.13M,6.22,-,-,-,-,-,-,-,-,-,-,-,26.95,1.43%,"76,761"
AAIOO,-,-,-,-,-,-,-,-,-,-,-,-,-,26.50,-0.02%,"8,950"
AAIOS,46.33M,-,-,-,0.19,0.02,4.60,-,-,-,-46.27%,-,-34.48%,14.26,18.34%,"83,492"
AAIOT,386.57M,-,18.58,-,0.86,0.80,10.53,24.45,75.56%,522.72%,21.73%,-,28.59%,2.88,-7.40%,"1,939,429"
AAIP,1.37B,-,225.65,-,16.17,20.17,11.20,202.05,46.97%,170.48%,-51.10%,-,17.28%,27.83,-1.73%,"663,314"
AAIPI,-,-,-,-,-,-,-,-,-,-,-,-,-,37.42,-0.29%,"139,471"
AAIPO,-,-,-,-,-,-,-,-,-,-,-,-,-,31.16,0.74%,"797,704"
AAIQ,-,-,-,-,-,-,-,-,-,-,-,-,-,64.00,-0.31%,"750,473"
AAIQD,-,-,-,-,-,-,-,-,-,-,-,-,-,50.52,3.47%,362
AAIQU,-,-,-,-,-,-,-,-,-,-,-,-,-,18.46,-3.14%,"17,570"
AAIR,6.19B,31.57,23.43,1.72,1.87,3.60,57.40,103.83,13.66%,14.29%,37.27%,13.62%,14.89%,153.71,5.82%,"1,519,633"
AAIRE,7.88M,-,-,-,1.84,1.42,2.89,-,-,-,-,-,-,1.47,-9.82%,"60,869"
AAIRG,70.87M,-,17.45,-,1.38,2.41,9.31,-,141.18%,342.86%,-9.96%,-,1.32%,5.41,-1.81%,"72,137"
AAIRI,12.13M,-,-,-,0.26,0.67,2.62,-,-,-,-,-,-0.88%,2.50,-1.57%,"7,790"
AAIRJ,420.65M,-,-,-,-,1.69,10.16,-,-588.00%,71.90%,-78.38%,-10.06%,-,5.81,-3.81%,"1,770,462"
AAIRO,296.94M,-,-,-,2.78,0.41,11.42,-,-580.39%,57.35%,-38.92%,-,-,9.41,-1.67%,"486,431"
AAIRR,-,-,-,-,-,-,-,-,-,-,-,-,-,124.86,0.09%,"515,591"
AAIRS,222.42M,-,-,-,1.48,2.10,11.82,292.65,-60.00%,43.75%,-,11.21%,19.32%,3.09,-10.06%,"1,044,406"
AAIRT,74.86M,1.18,-,-,0.20,1.15,3.27,-,-,-,-,-,13.31%,27.81,-5.50%,"3,287"
AAIS,-,-,-,-,-,-,-,-,-,-,-,-,-,74.65,2.30%,"526,520"
AAISP,69.57M,2.63,50.50,-,3.83,-,5.62,-,-107.89%,166.67%,58.21%,-,-,2.02,3.06%,"372,044"
AAIT,13.17B,32.74,27.12,4.79,2.65,7.09,103.57,28.59,9.89%,9.93%,24.34%,5.66%,8.95%,358.78,-0.88%,"327,393"
AAIUP,-,-,-,-,-,-,-,-,-,-,-,-,-,31.05,0.88%,"2,573"
AAIV,380.53M,-,-,-,2.18,1.01,0.94,-,-,-,-,-,-1.77%,2.62,-0.76%,"864,157"
AAIVC,-,-,-,-,-,-,-,-,-,-,-,-,-,116.96,0.94%,"15,286"
AAIVI,-,-,-,-,-,-,-,-,-,-,-,-,-,60.16,-0.45%,"1,330"
AAIVL,-,-,-,-,-,-,-,-,-,-,-,-,-,135.11,-0.87%,832
AAIX,-,-,-,-,-,-,-,-,-,-,-,-,-,23.90,-0.17%,275
AAIXC,14.37M,-,-,-,-,52.80,24.78,-,-,-,77.22%,-,-,0.71,4.89%,"112,684"
AAIXI,0.82M,-,-,-,0.07,-,0.34,-,-,-,-53.94%,-,-2.29%,0.89,7.90%,"10,649,849"
AAIYY,-,-,-,-,-,-,-,-,-,-,-,-,-,7.43,-2.24%,"66,283"
AAIZ,13.87B,13.34,12.19,1.57,1.03,2.28,-,8.37,9.68%,6.36%,20.60%,7.75%,5.96%,281.11,-0.45%,"374,828"
AAJAN,-,-,-,-,-,-,-,-,-,-,-,-,-,28.62,-0.06%,9
AAJG,63.55B,41.03,16.62,1.02,4.03,2.68,45.85,27.79,23.89%,12.67%,6.47%,16.34%,15.25%,247.97,-1.29%,"854,171"
AAJUL,-,-,-,-,-,-,-,-,-,-,-,-,-,30.43,-0.03%,"17,023"
AAKA,115.51M,-,-,-,0.19,1.21,5.48,12.71,42.15%,33.04%,-,-,22.69%,10.51,-3.40%,"11,122"
AAKAF,-,-,-,-,-,-,-,-,-,-,-,-,-,33.50,-0.44%,11
AAKAL,-,-,-,-,-,-,-,-,-,-,-,-,-,24.83,-3.46%,"3,092"
AAKAM,17.67B,44.36,17.26,3.86,4.09,3.72,5.27,28.06,-5.71%,6.12%,-1.83%,4.47%,5.64%,122.97,-1.62%,"2,492,152"
AAKAN,4.25M,-,-,-,16.36,-,8.51,-,-,-,31.61%,-,162.72%,5.41,-16.12%,"1,028,224"
AAKBA,238.31M,-,-,-,1.09,9.34,1.52,5.92,-650.00%,-97.33%,62.40%,-,-4.37%,0.86,-1.47%,"4,263,932"
AAKO-A,1.90B,12.48,10.93,1.83,0.50,2.79,4.73,6.29,7.35%,4.05%,12.89%,5.96%,10.40%,24.13,1.39%,"1,793"
AAKO-B,2.44B,14.54,14.02,2.35,0.64,3.25,6.06,8.06,7.35%,4.05%,12.89%,5.96%,10.40%,30.93,0.68%,"8,322"
AAKR,2.91B,61.56,64.56,4.80,7.19,1.22,59.05,93.11,109.16%,-27.39%,-,13.44%,10.36%,20.82,-0.14%,"841,030"
AAKRE,-,-,-,-,-,-,-,-,-,-,-,-,-,58.30,-2.18%,"314,791"
AAKTS,1.37B,-,-,-,-,2.82,2.64,-,97.75%,-24.48%,-,67.97%,-,24.72,-0.84%,"163,134"
AAKTX,8.57M,-,-,-,-,0.71,1.11,-,61.27%,68.04%,-,44.90%,-,7.52,-0.27%,"154,760"
AALA,-,-,-,-,-,-,-,-,-,-,-,-,-,12.81,-0.16%,"20,929"
AALAB,55.54B,157.64,50.07,0.78,46.21,32.19,44.33,200.75,114.72%,61.85%,-,64.07%,-,320.17,-0.45%,"5,695,669"
AALAI,-,-,-,-,-,-,-,-,-,-,-,-,-,46.24,-0.15%,"63,602"
AALAR,12.79M,11.22,13.38,-,0.28,0.38,0.91,-,600.00%,85.71%,-,-,52.87%,1.74,-3.87%,"209,109"
AALB,15.81B,-,13.04,-,2.68,1.97,9.69,11.78,1586.78%,-12.52%,-,-,10.45%,133.99,-1.59%,"1,976,781"
AALBG,-,-,-,-,-,-,-,-,-,-,-,-,-,7.12,-3.65%,"28,858"
AALC,34.95B,55.58,18.35,1.37,3.22,1.62,24.00,20.08,13.57%,13.33%,-,13.37%,8.77%,72.49,-2.37%,"1,283,215"
AALCO,289.85M,186.40,-,-,16.98,2.76,5.21,-,98.80%,-427.08%,-,-,-13.78%,39.07,-2.52%,"17,054"
AALDB,-,-,-,-,-,-,-,-,-,-,-,-,-,25.76,-0.19%,308
AALDF,321.38M,47.61,-,-,-,1.30,1147.78,36.56,-,-,-,-,-,10.77,0.09%,"1,451"
AALDX,94.11M,-,-,-,-,2.48,2.09,-,39.29%,18.24%,12.61%,36.26%,-,1.56,0.00%,"789,812"
AALEC,228.90M,-,-,-,16.52,-,1.32,-,38.03%,18.74%,10.72%,18.30%,-0.05%,2.05,4.59%,"913,807"
AALF,388.68M,41.33,-,-,-,3.29,-,-,-,-,-,-,-,10.84,0.19%,216
AALG,1.97B,19.39,13.30,-,1.19,1.63,10.10,14.56,19.82%,18.21%,11.99%,-,6.63%,161.87,-1.86%,"202,774"
AALGM,8.25B,589.21,29.50,0.52,8.72,8.55,48.39,93.89,90.32%,45.97%,-,56.91%,8.53%,44.25,-0.32%,"1,537,992"
AALGN,12.16B,29.69,13.65,1.44,2.94,2.88,11.03,19.19,7.44%,11.05%,-24.08%,9.51%,10.30%,171.16,-5.60%,"916,811"
AALGS,41.06M,-,-,-,1.30,1.29,1.35,-,-157.06%,17.78%,-,0.01%,-,6.57,-4.57%,"50,614"
AALGT,2.30B,59.92,7.01,0.12,0.80,1.30,2.12,-,80.61%,75.11%,26.48%,57.99%,21.36%,84.30,-1.69%,"529,644"
AALH,4.93B,-,16.70,0.95,-,11.42,32.34,-,31.64%,10.58%,-,17.62%,-,24.79,-2.67%,"1,172,268"
AALHC,2.79B,72.09,31.17,-,0.61,10.52,-,15.73,-,139.06%,50.33%,-,32.71%,13.46,-3.58%,"3,645,369"
AALIL,-,-,-,-,-,-,-,-,-,-,-,-,-,32.82,0.27%,"2,703"
AALIS,85.96M,146.34,-,-,-,1.39,373.74,-,-,-,-,-,-,10.20,0.00%,"22,521"
AALIT,362.06M,-,2.75,-,0.16,0.35,0.81,1.45,-51.99%,1.80%,-49.03%,-21.87%,-3.68%,13.44,-2.61%,"403,538"
AALK,4.92B,-,7.50,0.14,0.33,1.34,1.82,-,-153.31%,551.33%,-,52.93%,31.90%,44.04,-4.18%,"3,114,424"
AALKS,8.36B,129.48,76.81,-,5.01,4.62,12.74,37.73,-133.72%,234.61%,-,-6.72%,7.28%,49.85,1.61%,"764,040"
AALKT,2.16B,-,18.60,0.48,4.41,5.96,26.70,34.20,55.30%,38.14%,7.41%,38.80%,31.66%,20.21,-2.23%,"891,625"
AALL,65.26B,5.15,9.42,-,0.93,2.07,-,5.33,0.00%,-21.32%,17.07%,-8.99%,10.06%,258.10,-1.27%,"1,324,440"
AALLE,13.78B,21.27,16.61,1.71,3.21,6.51,43.00,20.23,9.96%,9.00%,16.90%,9.71%,8.38%,162.10,-1.63%,"1,273,047"
AALLO,718.62M,-,-,-,154.88,1.65,2.16,-,30.88%,-5.70%,16.08%,13.94%,-,2.08,1.46%,"4,676,700"
AALLR,21.32M,-,-,-,62.71,6.03,0.79,-,-17.95%,-5.43%,94.60%,-,-,1.34,-2.19%,"56,560"
AALLT,375.73M,35.87,19.12,0.70,3.45,3.15,3.55,12.57,49.28%,16.99%,-,27.17%,-5.58%,7.68,-1.92%,"208,705"
AALLW,-,-,-,-,-,-,-,-,-,-,-,-,-,29.89,-0.10%,"526,990"
AALLY,13.27B,10.27,6.79,0.29,0.84,0.98,-,16.73,37.36%,22.64%,-3.80%,23.33%,7.13%,43.61,-2.89%,"2,989,642"
AALM,4.72B,66.72,11.63,-,75.95,12.13,5.46,953.44,213.46%,118.16%,-58.78%,-,4.46%,16.36,8.42%,"11,219,414"
AALMR,2.23B,-,-,-,-,7.13,8.92,-,-480.00%,45.32%,-,-21.86%,-,32.13,-3.11%,"193,776"
AALMS,3.25B,-,-,-,439.33,7.25,6.47,-,-13.78%,14.00%,-,11.23%,-,25.50,0.75%,"843,995"
AALMU,342.54M,-,-,-,65.87,8.03,9.07,-,-1750.00%,-64.86%,-,-,-,17.78,-3.47%,"369,296"
AALNT,1.92B,66.52,34.04,1.92,3.34,6.15,45.66,69.88,25.81%,21.61%,6.71%,17.72%,8.62%,113.02,1.45%,"161,047"
AALNY,30.05B,37.92,22.13,0.29,6.26,22.18,9.08,37.85,188.34%,51.07%,-,75.75%,49.77%,224.60,-1.77%,"1,539,238"
AALOT,226.53M,-,-,-,1.49,2.88,48.51,22.52,-,-,-,-,5.34%,28.89,-0.07%,"61,225"
AALOV,373.14M,133.78,-,-,-,1.28,419.25,-,-,-,-,-,-,9.98,-0.60%,8
AALOY,955.83M,-,-,-,336.56,5.00,7.81,-,-,-,-45.99%,-13.41%,-6.31%,13.85,-5.88%,"3,280,826"
AALP,3.72M,-,-,-,-,0.09,20.69,-,93.30%,39.29%,31.15%,-,-,0.16,-8.48%,"4,297,188"
AALPS,53.28M,-,-,-,-,-,148.01,-,-,-,-11.58%,-,-,0.32,0.06%,"31,740"
AALPX,146.27M,-,-,-,-,1.27,195.03,-,-,-,-,-,-,9.89,0.00%,"156,747"
AALRG,-,-,-,-,-,-,-,-,-,-,-,-,-,31.44,-0.69%,41
AALRM,2.70B,24.31,17.99,2.28,2.54,3.12,5.56,14.38,9.64%,6.42%,9.96%,7.89%,10.35%,55.00,-1.03%,"371,016"
AALRS,834.01M,31.29,11.88,-,2.49,1.43,-,9.08,8.49%,-6.50%,-23.04%,-,6.04%,33.49,-0.53%,"116,062"
AALSN,10.50B,20.18,11.61,0.57,2.38,5.31,26.31,14.76,11.08%,34.43%,22.82%,20.46%,7.66%,127.11,0.99%,"622,555"
AALT,583.55M,-,-,-,19451.70,1.23,1.79,-,41.40%,-9.49%,12.17%,14.02%,-65.33%,3.00,2.04%,"4,056,884"
AALTG,229.32M,-,-,-,0.13,-,10.97,104.23,48.94%,23.96%,-23.07%,35.01%,16.01%,7.02,-3.17%,"109,390"
AALTI,622.21M,-,9.98,-,2.24,1.81,19.94,505.86,121.95%,48.15%,-472.06%,-,-,3.99,-0.50%,"108,763"
AALTL,-,-,-,-,-,-,-,-,-,-,-,-,-,46.96,-0.67%,"1,332"
AALTO,327.34M,6.34,12.79,-,0.35,1.26,13.66,6.55,137.50%,-13.16%,-,-,0.46%,4.22,0.96%,"1,537,635"
AALTY,-,-,-,-,-,-,-,-,-,-,-,-,-,12.35,-0.36%,"27,580"
AALUB,364.77M,-,-,-,-,1.32,607.95,-,-,-,-,-,-,10.15,0.20%,106
AALV,8.84B,14.22,10.10,0.89,0.80,3.55,23.46,11.68,2.76%,18.11%,34.94%,11.36%,7.75%,120.76,-1.11%,"428,287"
AALVO,1.51B,-,16.46,-,2.71,-,23.73,-,92.76%,3354.29%,-,-,-,3.88,-4.32%,"591,716"
AALX,1.36B,8.08,-,-,6.35,6.10,3.81,50.25,-,-,-7.67%,-,1.37%,267.22,-0.94%,"22,165"
AALXO,272.40M,-,-,-,-,2.00,1.97,-,70.56%,2.21%,-8.19%,34.91%,-,1.97,0.51%,"698,702"
AALZN,7.57M,-,-,-,-,9.17,10.67,-,-,-,51.15%,-,-,1.58,1.94%,"118,646"
AAM,10.51B,26.58,17.01,0.87,8.01,5.40,-,13.56,26.86%,19.36%,-,19.66%,5.33%,22.15,-1.77%,"6,190,188"
AAMA,-,-,-,-,-,-,-,-,-,-,-,-,-,29.04,11.05%,"728,280"
AAMAA,-,-,-,-,-,-,-,-,-,-,-,-,-,31.58,-1.32%,327
AAMACU,256.88M,-,-,-,-,-,-,-,-,-,-,-,-,9.95,0.00%,"8,531"
AAMAL,1.52B,13.55,11.04,-,3.14,1.82,-,10.02,9.89%,15.13%,18.19%,-,15.25%,50.82,-0.47%,"135,956"
AAMAN,101.77M,-,-,-,-,1.41,62.44,-,-,-,-,-,-,10.54,0.48%,"47,916"
AAMAT,425.01B,46.17,28.63,0.78,13.78,17.78,46.03,75.58,35.96%,46.01%,17.18%,36.52%,10.52%,535.31,5.55%,"9,624,104"
AAMAU,-,-,-,-,-,-,-,-,-,-,-,-,-,17.56,10.93%,"739,781"
AAMAX,-,-,-,-,-,-,-,-,-,-,-,-,-,7.59,0.40%,"17,106"
AAMBA,3.45B,-,72.82,2.20,8.50,5.69,12.38,189.41,27.45%,36.48%,-0.60%,33.08%,11.87%,78.54,-4.27%,"1,473,403"
AAMBO,5.42M,-,-,-,-,0.68,0.79,-,-,-,-,-,-34.22%,2.07,-2.82%,"12,030"
AAMBP,3.12B,100.58,17.24,0.93,0.52,-,16.51,10.13,29.31%,11.49%,-,18.58%,9.76%,5.22,-0.19%,"1,718,744"
AAMBQ,1.64B,-,-,-,16.77,4.05,4.47,-,79.63%,56.68%,-8.62%,-,9.21%,67.86,5.19%,"532,827"
AAMBR,108.05M,-,8.93,-,1.69,1.14,1.99,-,-100.00%,-,-,-,-23.64%,1.25,-4.58%,"29,787"
AAMC,2.18B,-,-,-,0.42,-,2.66,-,82.34%,72.26%,67.07%,-,31.30%,2.44,-2.40%,"10,238,120"
AAMCI,121.59M,-,-,-,-,11.80,26.78,-,-,-,-,-,-,5.38,13.03%,"150,070"
AAMCR,21.05B,19.10,-,-,0.90,1.78,18.88,16.36,-,-,-4.62%,-,12.82%,45.53,-1.09%,"3,281,230"
AAMCX,498.71M,-,5.02,-,0.22,0.55,1.07,2.69,32.16%,-10.20%,-18.57%,-25.79%,-3.86%,12.09,-2.18%,"352,368"
AAMD,826.03B,129.86,32.38,0.43,20.00,12.28,62.95,98.30,83.28%,104.46%,5.13%,75.07%,28.82%,506.00,-1.63%,"20,057,628"
AAMDC,-,-,-,-,-,-,-,-,-,-,-,-,-,20.39,-3.37%,"4,953"
AAMDD,-,-,-,-,-,-,-,-,-,-,-,-,-,28.25,1.54%,"298,858"
AAMDG,-,-,-,-,-,-,-,-,-,-,-,-,-,96.66,-3.14%,"48,191"
AAMDL,-,-,-,-,-,-,-,-,-,-,-,-,-,56.97,-3.18%,"2,630,537"
AAMDW,-,-,-,-,-,-,-,-,-,-,-,-,-,87.70,-3.42%,"73,190"
AAMDY,-,-,-,-,-,-,-,-,-,-,-,-,-,46.42,-1.23%,"233,009"
AAME,58.27B,37.15,27.89,2.77,7.41,5.17,117.61,32.32,11.85%,9.67%,11.14%,10.06%,10.27%,254.17,-0.24%,"1,932,251"
AAMEI,-,-,-,-,-,-,-,-,-,-,-,-,-,26.48,-0.38%,"1,012"
AAMEM,-,-,-,-,-,-,-,-,-,-,-,-,-,25.29,0.86%,900
AAMG,9.60B,12.96,8.67,0.33,4.22,3.18,23.37,8.61,41.85%,15.93%,39.32%,26.34%,0.54%,371.40,-0.79%,"240,431"
AAMGN,226.73B,26.05,17.19,3.09,5.94,19.40,16.21,22.28,5.53%,5.83%,2.93%,5.57%,7.79%,419.38,1.00%,"2,880,643"
AAMGR,-,-,-,-,-,-,-,-,-,-,-,-,-,25.81,-0.12%,"11,429"
AAMH,12.10B,26.60,43.06,-,6.40,1.78,46.96,15.45,-15.43%,-21.73%,33.63%,-16.05%,9.55%,33.63,-1.32%,"1,838,622"
AAMHI,-,-,-,-,-,-,-,-,-,-,-,-,-,24.57,-0.50%,8
AAMID,-,-,-,-,-,-,-,-,-,-,-,-,-,37.71,0.17%,"13,486"
AAMIX,6.21M,-,-,-,-,1.10,1.80,-,53.45%,13.89%,35.84%,29.01%,-,6.40,-6.57%,"125,203"
AAMJB,-,-,-,-,-,-,-,-,-,-,-,-,-,37.63,-0.05%,"16,929"
AAMKL,-,-,-,-,-,-,-,-,-,-,-,-,-,10.04,8.31%,"280,694"
AAMKR,15.23B,27.51,22.31,0.73,2.04,3.27,6.06,-,68.29%,8.84%,1.52%,30.51%,5.84%,61.30,3.92%,"3,571,037"
AAMKX,-,-,-,-,-,-,-,-,-,-,-,-,-,15.83,8.07%,"2,020"
AAMLP,-,-,-,-,-,-,-,-,-,-,-,-,-,54.69,-0.49%,"1,687,567"
AAMLX,2.39B,-,-,-,-,9.98,9.52,-,3.16%,20.75%,-15.37%,28.87%,-,21.43,-0.92%,"1,267,094"
AAMMO,-,-,-,-,-,-,-,-,-,-,-,-,-,28.48,-0.62%,"2,754"
AAMN,1.34B,12.89,36.88,-,0.39,1.80,3.48,3.05,141.72%,-71.51%,-,-3.77%,2.67%,34.54,0.12%,"497,560"
AAMOD,21.16M,-,-,-,2116.41,-,10.58,-,-,-,-,-,-,4.34,-3.45%,"5,411"
AAMOM,-,-,-,-,-,-,-,-,-,-,-,-,-,60.86,1.18%,"2,045"
AAMP,49.61B,13.55,10.90,0.82,2.50,7.80,4.84,6.03,18.07%,11.11%,24.35%,13.31%,9.49%,561.63,-1.39%,"451,755"
AAMPG,111.17M,-,10.00,-,4.63,2.03,8.51,-,172.73%,54.17%,1.96%,-,48.76%,3.70,-7.38%,"5,450,853"
AAMPH,887.34M,12.23,6.84,5.11,1.22,1.16,3.03,5.80,-11.89%,6.47%,134.65%,1.34%,15.53%,20.86,-0.24%,"533,566"
AAMPL,1.58B,-,76.01,1.17,4.21,11.56,11.20,53.50,18.25%,133.84%,-22.85%,64.69%,27.35%,12.61,-3.22%,"1,502,067"
AAMPU,-,-,-,-,-,-,-,-,-,-,-,-,-,3.29,-14.10%,"648,327"
AAMPX,1.69B,-,241.25,-,15.49,13.46,22.64,-,78.41%,163.53%,-36.92%,-,73.24%,11.58,-7.43%,"6,541,429"
AAMPY,199.82M,10.01,11.21,-,0.94,0.45,9.42,-,-147.45%,192.47%,-,-,5.43%,4.82,0.84%,"947,876"
AAMR,2.14B,-,10.22,-,1.04,1.43,6.33,-,36.26%,698.93%,27.94%,-,8.50%,169.01,1.78%,"447,356"
AAMRC,1.51B,54.73,16.73,0.41,0.75,1.22,6.71,-,38.75%,36.43%,-5.51%,40.40%,13.36%,28.50,2.15%,"475,098"
AAMRN,294.21M,-,-,-,1.58,0.66,0.93,18.92,22.22%,14.29%,-14.55%,12.64%,-19.12%,14.01,-0.43%,"57,147"
AAMRX,5.88B,38.44,15.58,0.77,1.89,178.11,43.16,72.52,21.11%,17.65%,-18.36%,20.21%,8.66%,18.42,1.49%,"1,624,276"
AAMRZ,25.31B,21.00,15.18,0.88,2.08,1.95,34.72,19.16,21.52%,15.83%,-,17.21%,-,45.73,-2.06%,"4,180,492"
AAMS,10.30M,-,-,-,0.34,0.44,1.52,2.91,78.26%,-,27.12%,-,9.50%,1.55,3.33%,"12,891"
AAMSC,1.56B,10.61,24.95,-,4.85,2.72,10.55,75.85,-75.61%,46.70%,-,-26.09%,27.98%,32.13,0.66%,"550,525"
AAMSF,489.54M,10.62,13.12,-,1.46,1.96,-,25.35,-9.82%,1.90%,-11.19%,-6.33%,-1.35%,26.41,-4.48%,"446,534"
AAMSS,10.85M,-,-,-,-,-,6.31,-,-,-,-,-,-,0.95,-6.86%,"68,648"
AAMST,6.29M,-,-,-,18.50,3.49,9.83,-,-,-,19.75%,-,13.08%,0.96,-1.25%,"63,524"
AAMT,80.25B,23.68,24.57,1.92,7.33,21.57,42.40,20.27,28.51%,1.02%,7.32%,12.81%,5.77%,172.23,-1.91%,"2,678,522"
AAMTB,1.14B,20.83,10.49,-,1.83,1.24,-,10.88,26.30%,26.66%,-,-,14.41%,29.02,-0.51%,"364,569"
AAMTD,32.05M,1.20,-,-,0.56,0.05,0.54,-,-,-,-32.81%,-,-4.34%,0.75,-1.28%,"7,189"
AAMTM,5.00B,24.48,7.69,0.75,0.35,1.06,10.88,10.54,10.37%,8.41%,192.57%,10.29%,25.04%,20.43,-4.84%,"4,125,450"
AAMTX,129.91M,-,-,-,0.56,-,133.92,-,16.28%,49.89%,5.95%,-,4.67%,1.80,1.69%,"720,707"
AAMUB,-,-,-,-,-,-,-,-,-,-,-,-,-,23.54,-0.27%,326
AAMUN,-,-,-,-,-,-,-,-,-,-,-,-,-,26.03,-0.13%,17
AAMUU,-,-,-,-,-,-,-,-,-,-,-,-,-,201.42,-3.02%,"104,426"
AAMWL,209.89M,-,-,-,0.96,0.94,1.07,-,56.96%,18.18%,20.73%,38.59%,0.33%,12.34,-0.88%,"87,916"
AAMX,72.48B,14.27,10.95,0.60,1.36,3.31,24.93,9.18,25.00%,14.51%,16.72%,18.15%,4.70%,23.68,0.98%,"1,725,210"
AAMYY,-,-,-,-,-,-,-,-,-,-,-,-,-,14.44,-0.14%,"11,695"
AAMZA,-,-,-,-,-,-,-,-,-,-,-,-,-,49.94,-0.84%,"41,216"
AAMZD,-,-,-,-,-,-,-,-,-,-,-,-,-,8.40,0.48%,"10,244,438"
AAMZE,1.55M,-,-,-,0.69,0.24,0.65,-,97.68%,-,-29.48%,-,55.40%,0.21,-13.71%,"5,702,715"
AAMZG,-,-,-,-,-,-,-,-,-,-,-,-,-,16.32,-1.75%,"167,051"
AAMZN,2818.57B,21.02,24.60,1.00,3.63,5.11,22.86,-,76.20%,-15.91%,27.96%,24.68%,13.18%,261.31,-0.51%,"43,896,516"
AAMZO,-,-,-,-,-,-,-,-,-,-,-,-,-,13.60,1.04%,"71,181"
AAMZP,-,-,-,-,-,-,-,-,-,-,-,-,-,26.73,-0.77%,"15,082"
AAMZU,-,-,-,-,-,-,-,-,-,-,-,-,-,38.35,-1.08%,"2,610,512"
AAMZW,-,-,-,-,-,-,-,-,-,-,-,-,-,37.67,-1.66%,"10,354"
AAMZY,-,-,-,-,-,-,-,-,-,-,-,-,-,10.93,-0.27%,"268,665"
AAMZZ,-,-,-,-,-,-,-,-,-,-,-,-,-,35.57,-1.28%,"104,237"
AAN,6.78B,9.49,8.31,0.71,0.25,3.01,54.69,-,7.77%,13.22%,31.69%,11.67%,6.27%,204.96,-2.13%,"257,518"
AANAB,1.77B,-,30.52,-,7.61,135.94,6.17,400.76,-393.39%,229.27%,8.82%,-,25.62%,59.69,2.09%,"255,839"
AANDE,2.34B,13.29,10.98,-,0.21,1.79,35.17,41.12,95.94%,14.76%,64.37%,-,6.42%,68.88,4.52%,"358,995"
AANDG,5.53B,5.73,21.49,3.47,6.06,-,31.13,32.86,-4.36%,21.91%,-,6.19%,-,49.00,0.22%,"189,224"
AANEL,-,-,-,-,-,-,-,-,-,-,-,-,-,28.11,2.99%,"122,906"
AANET,254.52B,63.62,38.62,1.33,24.15,17.20,19.07,49.37,37.81%,27.24%,40.70%,29.03%,31.19%,201.80,1.50%,"5,683,910"
AANEW,-,-,-,-,-,-,-,-,-,-,-,-,-,53.22,-0.75%,37
AANF,4.67B,10.10,8.93,0.95,0.88,3.49,7.55,11.23,8.54%,9.99%,-,9.38%,11.00%,105.16,-2.75%,"843,542"
AANGH,32.36M,-,-,-,0.33,1.18,1.44,-,-,-,-,-,-,3.57,1.42%,"1,937"
AANGI,180.89M,-,9.22,-,0.18,0.26,0.96,-,-694.25%,108.66%,-,-7.29%,-6.83%,4.46,-5.51%,"760,024"
AANGL,-,-,-,-,-,-,-,-,-,-,-,-,-,29.00,-0.14%,"1,045,318"
AANGO,647.68M,-,-,-,2.02,3.83,12.03,-,-77.29%,83.08%,-1.46%,-,1.93%,15.67,-1.14%,"304,582"
AANGU,-,-,-,-,-,-,-,-,-,-,-,-,-,25.52,-0.41%,"32,566"
AANGX,879.63M,-,-,-,2.13,-,18.31,-,66.15%,39.01%,-,43.31%,-,4.71,7.78%,"2,637,162"
AANIK,287.33M,-,29.21,0.25,2.38,2.09,7.48,513.09,381.82%,38.68%,14.76%,118.66%,-2.86%,21.47,-0.14%,"121,228"
AANIP,1.75B,16.41,7.21,0.49,1.78,2.92,4.64,10.09,17.79%,13.36%,-,14.81%,33.48%,76.00,-0.71%,"260,823"
AANIX,118.74M,-,-,-,-,8.18,8.67,-,6.35%,-3.17%,5.67%,-1.16%,-,3.49,9.75%,"315,442"
AANL,458.10M,-,-,-,25.31,4.00,1.97,-,48.20%,-58.26%,10.50%,-5.54%,-,13.34,0.68%,"276,963"
AANNA,182.73M,14.09,-,-,4.58,2.76,5.39,17.60,-,-,-,-,-,2.73,-0.73%,"228,917"
AANNX,972.54M,-,-,-,-,4.81,4.65,-,22.97%,3.56%,20.17%,42.48%,-,5.13,-3.02%,"3,625,359"
AANPA,64.19M,3269.23,-,-,80.23,73.20,130.99,-,-,-,-,-,-,4.25,-0.93%,"8,381"
AANRO,1.32B,-,-,-,-,5.38,5.41,-,-27.14%,-10.23%,-57.17%,-12.32%,-,33.60,4.54%,"863,740"
AANSC,475.75M,39.08,-,-,-,1.39,-,90.27,-,-,-,-,-,11.45,0.00%,0
AANTA,92.85M,4.70,77.40,-,1.07,0.74,0.18,-,-90.67%,-28.57%,-,-14.74%,-,3.87,8.10%,"4,316"
AANTW,-,-,-,-,-,-,-,-,-,-,-,-,-,25.27,0.45%,"104,079"
AANTX,216.23M,-,-,-,-,2.74,2.76,-,22.84%,10.61%,-8.39%,10.92%,-,5.73,-4.34%,"273,765"
AANV,-,-,-,-,-,-,-,-,-,-,-,-,-,25.48,0.12%,"1,460"
AANVS,74.02M,-,-,-,-,-,3.95,-,-26.19%,29.81%,-10.15%,-10.42%,-,1.74,-5.95%,"661,980"
AANY,18.10M,-,-,-,1.86,1.13,4.48,-,-,-,36.02%,-,18.19%,2.10,0.00%,"63,149"
AAOA,-,-,-,-,-,-,-,-,-,-,-,-,-,99.54,-0.20%,"70,521"
AAOCT,-,-,-,-,-,-,-,-,-,-,-,-,-,27.57,-0.07%,"2,968"
AAOD,1.14B,4.13,-,-,14.79,1.02,-,-,-,-,-,-,-,10.78,-0.19%,"323,481"
AAOHY,-,-,-,-,-,-,-,-,-,-,-,-,-,11.06,0.00%,"62,595"
AAOK,-,-,-,-,-,-,-,-,-,-,-,-,-,41.33,-0.31%,"81,542"
AAOM,-,-,-,-,-,-,-,-,-,-,-,-,-,49.86,-0.28%,"138,525"
AAOMR,207.54M,12.03,6.23,0.18,1.37,0.88,3.99,9.05,107.12%,17.51%,130.86%,34.17%,45.99%,8.94,0.11%,"232,591"
AAON,73.65B,19.15,16.28,1.39,4.19,7.67,58.13,22.68,11.79%,11.76%,15.04%,11.74%,9.34%,347.22,-2.42%,"709,508"
AAOR,-,-,-,-,-,-,-,-,-,-,-,-,-,70.13,-0.23%,"256,024"
AAORT,1.38B,-,98.50,3.27,2.93,3.09,17.86,-,-210.71%,223.66%,-,30.11%,11.75%,28.32,-2.81%,"496,182"
AAOS,8.34B,17.12,15.05,3.14,2.19,4.56,46.03,13.05,-3.01%,9.23%,12.66%,4.79%,5.76%,61.40,-1.24%,"950,289"
AAOSL,929.91M,-,98.63,-,1.37,1.18,5.13,-,-67.44%,143.75%,-,-,0.66%,31.07,0.97%,"678,568"
AAOTG,-,-,-,-,-,-,-,-,-,-,-,-,-,65.51,-0.24%,"4,764"
AAOTS,-,-,-,-,-,-,-,-,-,-,-,-,-,23.25,-0.02%,"4,771"
AAOUT,151.59M,-,15.15,-,0.80,0.91,7.07,35.50,105.36%,39.13%,-,-,-7.19%,12.12,-5.39%,"66,961"
AAP,195.64M,-,-,-,0.46,6.27,27.75,-,-,-,-,-,1.78%,9.47,1.07%,"101,208"
AAPA,14.57B,8.79,10.49,3.43,1.65,2.08,32.81,6.93,51.41%,-30.56%,-,3.06%,15.00%,41.58,2.74%,"4,935,563"
AAPAC,82.19M,77.94,-,-,-,1.39,391.38,-,-,-,-,-,-,10.21,0.00%,206
AAPAM,3.36B,10.30,10.31,128.90,2.55,7.01,9.59,7.23,-1.72%,4.14%,3.56%,0.08%,6.88%,41.48,-1.66%,"1,495,909"
AAPC,927.62M,-,18.25,2.95,-,3.60,63.71,-,8.67%,4.59%,-,6.19%,-,19.50,1.30%,"174,444"
AAPCB,-,-,-,-,-,-,-,-,-,-,-,-,-,28.94,-0.17%,"101,394"
AAPD,67.00B,-,20.83,2.25,5.32,4.83,68.33,-,11.57%,7.58%,-,9.25%,6.33%,300.86,-2.62%,"898,064"
AAPDB,-,-,-,-,-,-,-,-,-,-,-,-,-,26.16,-0.18%,10
AAPEI,810.94M,18.24,14.47,0.37,1.21,2.59,3.64,11.57,92.92%,16.72%,1.63%,39.14%,15.06%,44.31,-2.03%,"166,369"
AAPG,19.51B,-,22.47,1.48,2.31,5.54,22.92,28.85,16.42%,15.52%,14.03%,15.20%,17.14%,44.72,1.75%,"2,851,922"
AAPGE,10.19B,-,-,-,-,8.49,10.48,-,-7.64%,-23.30%,-,-14.03%,-,134.59,0.03%,"1,949,998"
AAPH,210.68B,42.78,26.66,0.90,7.26,13.60,38.88,44.70,57.59%,21.79%,27.85%,29.56%,21.85%,170.87,2.25%,"6,303,535"
AAPHG,-,-,-,-,-,-,-,-,-,-,-,-,-,16.53,4.42%,"3,914"
AAPHU,-,-,-,-,-,-,-,-,-,-,-,-,-,28.23,5.00%,"12,289"
AAPI,327.67M,38.50,16.18,0.24,2.15,0.74,0.95,-,26.20%,115.44%,-,67.51%,1.12%,4.40,-5.17%,"430,378"
AAPIE,-,-,-,-,-,-,-,-,-,-,-,-,-,39.72,0.29%,"57,489"
AAPLD,9.09B,-,-,-,15.77,5.23,2.29,-,15.38%,74.77%,-19.33%,-,-,31.18,-0.06%,"13,582,652"
AAPLE,3.76B,21.47,21.88,5.07,2.61,1.20,198.21,12.94,-3.67%,1.99%,-,4.32%,18.60%,15.91,-1.00%,"1,766,377"
AAPLM,51.72M,-,-,-,6.08,-,15.77,-,-,-,18.23%,-,-,23.55,0.64%,"35,550"
AAPLU,-,-,-,-,-,-,-,-,-,-,-,-,-,24.32,0.04%,"48,753"
AAPLX,-,-,-,-,-,-,-,-,-,-,-,-,-,12.33,-0.16%,"1,314,551"
AAPLY,-,-,-,-,-,-,-,-,-,-,-,-,-,11.38,-0.35%,"57,115"
AAPLZ,-,-,-,-,-,-,-,-,-,-,-,-,-,17.99,-0.08%,"142,106"
AAPMC,197.99M,-,-,-,-,1.36,247.49,-,-,-,-,-,-,9.92,0.00%,"31,703"
AAPMD,1.35B,-,-,-,-,-,28.89,-,-,-,-,-,-,32.55,2.52%,"519,570"
AAPMI,-,-,-,-,-,-,-,-,-,-,-,-,-,18.71,10.75%,"2,316"
AAPMU,-,-,-,-,-,-,-,-,-,-,-,-,-,24.78,-0.10%,"27,009"
AAPNAU,-,-,-,-,-,-,-,-,-,-,-,-,-,-,-,0
AAPO,79.45B,50.89,12.54,0.90,2.21,3.95,2.77,7.92,4.61%,22.39%,65.65%,13.96%,68.23%,134.54,-4.42%,"4,469,268"
AAPOC,-,-,-,-,-,-,-,-,-,-,-,-,-,26.47,0.09%,"5,929"
AAPOG,880.22M,13.27,-,-,0.63,1.74,26.93,7.14,-15.85%,-,33.79%,-,2.68%,42.18,-0.94%,"155,545"
AAPP,104.40B,23.98,15.04,0.37,15.29,33.07,34.19,23.06,62.70%,30.73%,-,40.44%,30.45%,311.98,-1.10%,"5,974,878"
AAPPC,-,-,-,-,-,-,-,-,-,-,-,-,-,10.62,-2.61%,"30,410"
AAPPF,6.94B,44.67,23.27,0.91,6.67,13.19,31.27,25.70,30.36%,22.11%,-2.64%,25.60%,25.12%,195.96,-4.04%,"344,257"
AAPPN,2.50B,-,24.62,0.66,3.14,-,14.90,32.58,77.28%,31.10%,-,37.33%,19.00%,34.91,-1.41%,"561,723"
AAPPS,1.48B,-,12.88,-,2.47,7.77,34.28,48.58,29.46%,31.03%,-,-,12.51%,12.24,-1.61%,"2,228,331"
AAPPX,-,-,-,-,-,-,-,-,-,-,-,-,-,12.95,-2.12%,"2,126,577"
AAPRB,-,-,-,-,-,-,-,-,-,-,-,-,-,27.35,0.04%,684
AAPRE,8.69M,-,-,-,868.72,0.22,0.21,-,85.23%,6.14%,47.99%,46.08%,-,0.69,1.49%,"49,458"
AAPRH,-,-,-,-,-,-,-,-,-,-,-,-,-,25.20,0.10%,952
AAPRJ,-,-,-,-,-,-,-,-,-,-,-,-,-,24.92,-0.04%,"1,047"
AAPRP,-,-,-,-,-,-,-,-,-,-,-,-,-,33.16,-0.10%,11
AAPRT,-,-,-,-,-,-,-,-,-,-,-,-,-,46.69,-0.12%,104
AAPRW,-,-,-,-,-,-,-,-,-,-,-,-,-,37.62,-0.08%,"6,093"
AAPRZ,-,-,-,-,-,-,-,-,-,-,-,-,-,40.94,-0.37%,772
AAPT,54.71M,13.19,-,-,0.88,0.84,2.89,9.32,-,-,-30.05%,-,-10.45%,5.36,-1.29%,"55,940"
AAPTV,10.39B,29.58,7.66,1.95,0.50,1.15,3.27,9.52,-13.22%,13.57%,-35.19%,3.93%,9.32%,50.04,0.97%,"3,995,965"
AAPUE,-,-,-,-,-,-,-,-,-,-,-,-,-,47.79,-0.46%,"119,744"
AAPUR,146.86M,-,-,-,-,1.43,326.35,-,-,-,-,-,-,9.97,-0.10%,10
AAPUS,6.46M,-,-,-,-,0.06,0.78,-,-,-,-,-,-,4.28,-5.93%,"1,617,033"
AAPVO,4.26M,-,-,-,-,0.66,0.43,-,77.89%,65.85%,89.05%,58.56%,-,2.81,-4.42%,"54,760"
AAPWC,31.13M,5.03,-,-,0.06,0.15,0.43,-,-,-,-,-,9.32%,1.51,-0.66%,"3,095"
AAPXM,-,-,-,-,-,-,-,-,-,-,-,-,-,32.03,-0.06%,"1,362"
AAPXT,464.66M,74.45,-,-,-,1.37,815.19,-,-,-,-,-,-,10.11,-0.05%,"3,295"
AAPYX,128.90M,-,-,-,2.21,12.09,4.67,-,-0.74%,5.15%,4.74%,25.87%,13.78%,3.06,0.99%,"170,654"
AAQB,7.20M,-,-,-,-,2.57,3.81,-,-,-,11.96%,-,-,1.40,-5.72%,"110,167"
AAQEC,-,-,-,-,-,-,-,-,-,-,-,-,-,25.83,-0.84%,"5,850"
AAQLG,-,-,-,-,-,-,-,-,-,-,-,-,-,26.78,-0.48%,8
AAQLT,-,-,-,-,-,-,-,-,-,-,-,-,-,32.21,-0.22%,"18,446"
AAQMS,9.58M,-,-,-,-,1.00,2.02,-,-,-,29.11%,-,-,2.69,-4.27%,"17,248"
AAQN,4.62B,32.39,14.35,1.50,1.83,1.04,84.05,-,4.82%,14.01%,-30.67%,9.58%,7.87%,5.83,-1.02%,"2,165,156"
AAQST,538.44M,-,-,-,9.95,-,5.47,-,39.90%,1.60%,13.92%,26.64%,-0.58%,4.29,0.94%,"3,338,666"
AAQWA,-,-,-,-,-,-,-,-,-,-,-,-,-,19.37,-0.96%,"3,067"
AAR,11.19B,10.45,8.45,0.18,1.89,1.35,-,-,143.90%,2.90%,-,47.72%,15.05%,36.40,-2.60%,"3,443,772"
AARAI,12.87M,-,-,-,257.33,2.70,2.50,-,-45.00%,46.55%,-,13.38%,-,0.25,-1.78%,"633,357"
AARAY,39.01M,-,-,-,0.09,0.93,1.01,-,-,-,-,-,3.67%,0.33,17.40%,"1,150,051"
AARB,-,-,-,-,-,-,-,-,-,-,-,-,-,29.73,-0.10%,"4,582"
AARBB,7.54M,-,-,-,0.12,0.18,0.95,2.96,-,-,-,-,38.47%,4.27,-4.90%,"7,581"
AARBE,99.72M,-,-,-,53.04,2.46,1.49,-,35.77%,24.05%,-,34.54%,25.31%,0.81,1.98%,"967,227"
AARBK,42.06M,0.61,-,-,2.71,2.98,18.69,-,-,-,-17.52%,-,-8.54%,2.88,-0.17%,"7,710"
AARCB,3.26B,209.61,15.38,0.32,0.78,2.57,19.36,19.00,83.51%,39.71%,-0.53%,47.39%,6.40%,145.87,2.09%,"166,451"
AARCC,14.10B,14.60,10.15,-,4.29,1.02,22.60,13.30,-5.10%,1.39%,10.24%,-2.61%,18.46%,19.64,-1.16%,"3,354,434"
AARCI,356.62M,-,-,-,-,1.32,353.09,-,-,-,-,-,-,10.14,-0.36%,"2,588"
AARCL,178.52M,311.25,-,-,-,163.39,180.32,-,-,-,-,-,-,9.96,0.00%,293
AARCM,-,-,-,-,-,-,-,-,-,-,-,-,-,100.22,0.00%,"1,490"
AARCO,1.64B,6.45,9.45,-,0.33,2.01,6.07,17.18,-24.22%,8.64%,-,-1.07%,18.71%,7.86,-0.63%,"1,403,013"
AARCP,-,-,-,-,-,-,-,-,-,-,-,-,-,25.02,-0.27%,8
AARCT,231.36M,-,-,-,12.36,1.35,1.21,-,-41.56%,-9.79%,7.53%,-13.91%,47.77%,8.14,-1.09%,"458,530"
AARCX,-,-,-,-,-,-,-,-,-,-,-,-,-,17.07,-6.33%,"26,934"
AARDC,299.10M,13.00,-,-,-,-,-,-,-,-,-,-,-,12.48,0.00%,"81,629"
AARDT,1.54B,19.83,9.37,1.10,0.24,1.14,2.12,5.08,-0.11%,21.18%,-,8.49%,8.73%,10.89,-0.18%,"220,033"
AARDX,1.01B,-,15.65,-,2.24,6.79,3.59,-,29.84%,242.23%,24.66%,-,121.90%,4.06,0.00%,"3,667,535"
AARE,8.18B,-,-,-,2.88,0.52,17.21,6.39,120.83%,-133.38%,-,64.17%,9.93%,46.94,-2.49%,"2,276,324"
AAREC,315.57M,-,10.06,-,3155.68,-,59.32,-,12.96%,192.26%,-,-,-,2.95,2.43%,"1,816,732"
AAREN,48.08M,5.15,33.67,-,0.48,-,4.30,2.09,-113.33%,137.50%,-,-,1.04%,1.01,-12.17%,"28,195"
AARES,46.68B,64.45,19.42,0.89,6.67,12.81,25.20,-,23.21%,24.12%,15.13%,21.77%,30.19%,141.34,-1.86%,"1,672,558"
AARGT,-,-,-,-,-,-,-,-,-,-,-,-,-,91.33,0.40%,"102,591"
AARGX,61.80B,37.65,25.87,0.74,11.83,7.26,11.92,53.48,47.50%,32.29%,-,35.02%,151.37%,987.84,16.04%,"684,011"
AARHS,1.35B,19.53,17.04,1.76,0.96,3.27,5.93,33.26,9.11%,6.51%,82.33%,9.69%,22.14%,9.53,-2.85%,"1,088,747"
AARI,875.69M,8.66,12.12,-,3.75,0.70,0.71,40.90,-56.18%,22.49%,143.06%,-,15.69%,6.83,0.00%,"3,567,123"
AARIA,-,-,-,-,-,-,-,-,-,-,-,-,-,25.53,-0.97%,17
AARIS,3.74B,13.18,5.98,0.16,2.95,2.12,8.79,35.60,67.83%,41.08%,-,38.02%,18.87%,18.12,1.29%,"905,855"
AARKB,-,-,-,-,-,-,-,-,-,-,-,-,-,21.31,2.21%,"2,552,817"
AARKD,-,-,-,-,-,-,-,-,-,-,-,-,-,20.48,0.61%,821
AARKE,-,-,-,-,-,-,-,-,-,-,-,-,-,20.12,0.46%,42
AARKF,-,-,-,-,-,-,-,-,-,-,-,-,-,43.18,-0.92%,"67,900"
AARKG,-,-,-,-,-,-,-,-,-,-,-,-,-,44.04,1.36%,"1,575,364"
AARKI,-,-,-,-,-,-,-,-,-,-,-,-,-,22.34,0.46%,22
AARKK,-,-,-,-,-,-,-,-,-,-,-,-,-,81.75,0.80%,"3,860,484"
AARKO,545.22M,64.03,37.38,2.20,0.07,1.36,2.03,13.64,-26.67%,18.18%,0.14%,16.96%,13.77%,4.86,0.21%,"1,578,680"
AARKQ,-,-,-,-,-,-,-,-,-,-,-,-,-,130.47,0.06%,"72,137"
AARKR,20.15M,-,-,-,0.13,0.64,2.12,-,-,-,-18.88%,-,9.25%,5.59,-0.18%,"1,233"
AARKT,-,-,-,-,-,-,-,-,-,-,-,-,-,19.31,0.36%,23
AARKW,-,-,-,-,-,-,-,-,-,-,-,-,-,152.13,-0.14%,"45,165"
AARKX,-,-,-,-,-,-,-,-,-,-,-,-,-,34.70,-0.46%,"555,316"
AARL,235.01M,28.14,-,-,4.60,0.38,2.46,72.31,-,-,11.55%,-,-3.26%,14.55,-3.00%,"27,788"
AARLI,-,-,-,-,-,-,-,-,-,-,-,-,-,27.07,-0.06%,50
AARLO,1.48B,49.51,13.37,0.76,2.51,9.30,10.31,22.06,35.22%,8.33%,-,17.65%,8.18%,13.71,-4.33%,"1,465,248"
AARLP,3.34B,12.65,8.83,1.07,1.53,1.89,30.00,9.34,0.52%,21.66%,-,8.26%,10.57%,25.93,2.01%,"450,728"
AARLU,-,-,-,-,-,-,-,-,-,-,-,-,-,32.83,-0.38%,"1,497"
AARM,289.89B,278.45,89.88,2.87,56.22,33.59,74.56,192.49,25.44%,36.02%,17.48%,31.32%,19.40%,271.43,-2.87%,"3,713,760"
AARMA,-,-,-,-,-,-,-,-,-,-,-,-,-,13.92,-5.40%,787
AARMG,-,-,-,-,-,-,-,-,-,-,-,-,-,20.50,-5.62%,"1,242,982"
AARMH,-,-,-,-,-,-,-,-,-,-,-,-,-,11.39,-2.70%,"4,496"
AARMK,16.29B,43.10,22.14,1.02,0.82,4.80,28.65,37.64,23.51%,22.80%,-,21.62%,7.60%,61.80,-0.95%,"2,806,707"
AARMP,166.58M,-,-,-,30.07,-,6.96,-,45.52%,46.46%,-28.83%,40.13%,42.90%,4.48,-1.75%,"51,131"
AARMS,-,-,-,-,-,-,-,-,-,-,-,-,-,25.08,-0.30%,232
AARMW,-,-,-,-,-,-,-,-,-,-,-,-,-,45.86,-5.35%,"55,980"
AARMY,-,-,-,-,-,-,-,-,-,-,-,-,-,27.60,-0.88%,"2,272"
AAROC,6.07B,18.59,16.89,1.86,4.03,3.91,3035.10,20.84,-6.01%,19.19%,-,9.08%,11.23%,34.62,-0.20%,"2,534,921"
AAROW,719.84M,12.49,9.05,-,2.89,1.44,-,16.12,32.65%,22.18%,1.92%,-,10.91%,38.86,-0.99%,"81,907"
AARP,-,-,-,-,-,-,-,-,-,-,-,-,-,34.12,0.53%,"8,583"
AARQ,100.87M,-,138.57,-,0.82,0.59,110.85,-,99.15%,253.56%,-2.40%,-,12.30%,2.31,-1.28%,"117,321"
AARQQ,423.75M,-,-,-,388.76,14.16,14.68,-,-,-,-285.78%,-,-,24.35,-0.04%,"226,915"
AARQT,3.22B,123.66,19.89,-,6.94,14.58,13.48,82.22,465.38%,171.05%,49.34%,-,-,25.61,-2.21%,"1,710,163"
AARR,2.33B,4.42,5.61,-,2.31,0.87,5.35,7.29,-4.40%,0.28%,-,-1.83%,-,16.46,-1.67%,"3,608,024"
AARRY,766.96M,-,5.60,0.41,0.65,-,2.50,5.69,12.16%,18.29%,-,13.61%,8.03%,4.98,-1.39%,"6,426,994"
AARTC,347.81M,105.77,-,-,-,-,150.57,-,-,-,-,-,-,9.98,0.15%,409
AARTL,3.31M,-,-,-,-,0.60,0.79,-,-,-,35.60%,-,-,0.72,-8.76%,"6,553,318"
AARTNA,358.98M,15.28,14.38,3.03,3.07,1.41,36.63,-,2.71%,7.05%,4.28%,4.75%,5.08%,34.95,-2.32%,"30,496"
AARTV,573.97M,-,-,-,-,1.65,1.64,-,24.39%,-4.27%,-27.38%,3.97%,-,11.74,2.53%,"288,779"
AARTW,16.75M,-,-,-,0.64,1.21,1675.02,-,-,-,-,-,0.50%,3.22,3.21%,"165,256"
AARTY,-,-,-,-,-,-,-,-,-,-,-,-,-,77.67,0.63%,"633,208"
AARVN,601.55M,57.36,-,-,1.90,1.07,1.06,-,65.49%,-751.86%,17.70%,-,64.50%,9.20,2.56%,"584,028"
AARVR,-,-,-,-,-,-,-,-,-,-,-,-,-,57.51,-0.26%,125
AARW,11.22B,14.08,8.98,0.26,0.31,1.60,45.86,13.59,97.88%,12.53%,8.02%,35.14%,1.48%,220.36,2.98%,"897,200"
AARWG,-,-,-,-,-,-,-,-,-,-,-,-,-,27.23,-0.02%,"3,185"
AARWR,12.53B,-,-,-,18.71,26.89,7.82,-,-35033.33%,-34.23%,57.10%,-,56.63%,88.70,2.38%,"930,066"
AARX,4.13B,-,20.94,2.27,5.50,5.91,-,-,-11.68%,12.50%,-,9.21%,-,19.54,-0.20%,"5,523,242"
AARXS,24.05B,-,67.74,1.38,-,5.38,48.61,-,37.98%,98.80%,-,49.05%,-,57.60,0.56%,"569,567"
AAS,18.83B,40.34,20.96,0.85,2.68,2.79,27.55,-,29.90%,23.33%,-,24.61%,21.83%,32.57,-0.91%,"9,638,075"
AASA,1.09B,1.55,-,-,157.90,0.81,-,-,-,-,-,-,-,59.63,1.76%,"57,152"
AASAN,2.04B,-,18.78,0.65,2.52,15.08,4.79,18.96,38.07%,26.10%,9.45%,28.76%,28.35%,8.83,-3.39%,"3,766,370"
AASB,6.05B,11.20,9.63,1.19,2.36,1.11,-,10.40,5.29%,12.57%,8.22%,8.09%,15.79%,32.06,-0.84%,"1,300,048"
AASBP,10.86M,-,-,-,108.56,0.85,0.89,-,-,-,-,-,-,7.74,-1.40%,"21,553"
AASC,738.19M,7.00,10.85,1.82,2.00,1.05,15.33,48.79,204.91%,-42.52%,-,5.95%,7.11%,18.07,2.61%,"610,979"
AASCE,-,-,-,-,-,-,-,-,-,-,-,-,-,35.20,-0.54%,"32,030"
AASCI,-,-,-,-,-,-,-,-,-,-,-,-,-,37.13,-0.01%,558
AASD,-,-,-,-,-,-,-,-,-,-,-,-,-,27.77,0.25%,"1,284"
AASEA,-,-,-,-,-,-,-,-,-,-,-,-,-,21.62,0.75%,"13,823"
AASEC,-,-,-,-,-,-,-,-,-,-,-,-,-,49.95,-0.06%,"36,085"
AASG,349.17M,24.91,-,-,205.60,0.94,-,-,-,-,-,-,-,5.48,0.18%,"120,630"
AASGI,779.97M,4.75,-,-,-,-,-,-,-,-,-,-,-,24.66,-1.24%,"170,042"
AASGM,-,-,-,-,-,-,-,-,-,-,-,-,-,32.41,0.78%,443
AASH,3.40B,65.61,17.19,1.28,1.84,1.82,6.97,13.70,4.89%,21.68%,-15.51%,13.39%,-1.98%,74.17,0.62%,"467,579"
AASHR,-,-,-,-,-,-,-,-,-,-,-,-,-,35.20,1.35%,"2,512,982"
AASHS,-,-,-,-,-,-,-,-,-,-,-,-,-,44.37,1.80%,"14,142"
AASIA,-,-,-,-,-,-,-,-,-,-,-,-,-,41.93,1.24%,"8,405"
AASIC,1.15B,11.24,9.57,0.40,2.23,1.74,-,6.83,42.14%,10.03%,-,23.98%,-,24.09,-2.47%,"354,583"
AASIX,451.19M,-,7.01,-,0.29,0.57,62.49,-,-91.89%,1189.19%,1.96%,-,5.62%,16.71,-1.94%,"385,728"
AASLE,281.59M,-,22.26,2.66,0.93,0.67,128.00,-,-53.03%,70.97%,-2.26%,8.37%,9.92%,5.90,0.51%,"387,401"
AASLV,-,-,-,-,-,-,-,-,-,-,-,-,-,31.07,-0.66%,539
AASM,1.22B,27.03,13.25,0.34,10.07,4.33,8.45,71.10,98.53%,60.99%,-,39.35%,40.96%,7.20,2.56%,"3,960,166"
AASMB,611.02M,-,-,-,8.16,1.95,1.91,-,-157.12%,-142.33%,51.83%,-,-1.78%,30.01,-8.92%,"304,536"
AASMF,-,-,-,-,-,-,-,-,-,-,-,-,-,26.22,0.49%,588
AASMG,-,-,-,-,-,-,-,-,-,-,-,-,-,55.76,4.77%,"47,117"
AASMH,-,-,-,-,-,-,-,-,-,-,-,-,-,12.77,2.52%,"7,276"
AASML,725.79B,58.63,31.31,0.83,17.62,29.09,83.73,64.08,47.69%,37.89%,23.58%,37.61%,18.27%,1883.12,2.12%,"1,285,404"
AASMU,-,-,-,-,-,-,-,-,-,-,-,-,-,36.51,4.60%,"33,504"
AASMZ,-,-,-,-,-,-,-,-,-,-,-,-,-,23.80,5.07%,36
AASND,16.25B,18.85,23.27,-,13.31,9.89,17.49,41.78,477.60%,-35.35%,14.76%,-,152.45%,247.40,-0.44%,"607,653"
AASO,2.86B,8.11,6.61,0.77,0.47,1.38,8.46,12.05,11.98%,7.79%,10.32%,8.61%,1.25%,46.10,-3.93%,"2,529,548"
AASPC,24.71M,2402.27,-,-,-,59.25,308.91,-,-,-,-,-,-,10.57,0.09%,"1,628"
AASPI,506.13M,-,-,-,16.41,1.98,1.95,-,77.73%,31.91%,-129.60%,-,-,4.02,-5.85%,"4,312,615"
AASPN,482.99M,-,-,-,2.39,2.51,3.15,14.05,84.09%,76.41%,-41.75%,-,22.01%,5.82,-0.51%,"818,505"
AASPS,61.90M,-,4.59,0.06,0.36,-,2.55,-,90.00%,55.26%,-,79.93%,-15.07%,5.42,-3.90%,"23,262"
AASR,7.29B,14.24,10.60,1.10,3.43,3.33,10.93,28.23,7.06%,14.02%,42.88%,9.64%,26.99%,263.00,-0.60%,"43,477"
AASRV,88.89M,10.31,-,-,0.99,0.72,-,-,-,-,4.73%,-,6.94%,5.24,4.59%,"56,925"
AASST,1.13B,-,23.78,-,197.87,1.67,5.99,-,75.55%,123.74%,-,-,131.15%,13.20,7.19%,"2,992,926"
AASTC,16.40M,-,-,-,16.24,1.18,2.49,-,-,-,26.69%,-,16.54%,8.16,-2.97%,"85,161"
AASTE,995.85M,51.46,11.10,0.97,0.64,1.44,12.67,30.45,-0.08%,17.13%,-3.91%,11.49%,6.60%,43.25,-0.07%,"135,963"
AASTG,-,-,-,-,-,-,-,-,-,-,-,-,-,11.40,0.49%,"29,064"
AASTH,1.97B,48.51,20.54,0.27,0.51,2.36,4.90,20.89,199.06%,40.66%,-14.74%,77.50%,35.87%,39.75,-2.60%,"493,376"
AASTI,32.10M,-,-,-,168.94,2.10,2.21,-,-,-,-,-,2.88%,3.27,-1.51%,"167,157"
AASTL,439.55M,-,-,-,0.39,2.11,9.96,-,-,-,-75.55%,-,1.92%,4.16,-2.80%,"891,414"
AASTN,-,-,-,-,-,-,-,-,-,-,-,-,-,4.01,-0.62%,"857,528"
AASTS,27.61B,-,-,-,239.47,11.26,12.03,-,-76.64%,39.31%,-23.49%,-,64.06%,71.14,0.23%,"9,969,515"
AASTT,-,-,-,-,-,-,-,-,-,-,-,-,-,24.61,0.60%,456
AASTX,-,-,-,-,-,-,-,-,-,-,-,-,-,15.25,0.33%,"3,374,965"
AASTY,-,-,-,-,-,-,-,-,-,-,-,-,-,8.28,0.49%,"134,890"
AASUP,-,-,-,-,-,-,-,-,-,-,-,-,-,10.46,0.10%,"3,886"
AASUR,239.70M,-,7.71,-,1.54,1.21,12.18,25.69,21.78%,25.85%,14.14%,-,16.49%,8.30,-2.01%,"91,486"
AASX,87.75B,46.69,23.32,0.39,3.83,7.17,26.46,-,101.62%,51.26%,6.47%,59.75%,5.04%,39.91,0.94%,"7,176,538"
AASYS,295.19M,64.11,13.49,-,3.61,2.55,3.55,33.77,115.57%,278.79%,-44.25%,-,3.93%,16.86,5.11%,"666,978"
AATAI,2.69B,-,-,-,600.69,15.16,11.89,-,85.11%,-4.48%,36.94%,46.22%,-,7.24,-0.28%,"7,605,335"
AATAT,3.98B,18.97,13.09,0.68,2.64,9.08,4.78,12.90,21.14%,19.51%,-,19.35%,43.10%,35.29,3.22%,"1,666,506"
AATC,-,-,-,-,-,-,-,-,-,-,-,-,-,21.16,1.02%,21
AATCH,28.91M,-,-,-,1.78,1.29,0.70,-,-,-,-55.15%,-,-,0.19,-3.56%,"850,886"
AATCL,-,-,-,-,-,-,-,-,-,-,-,-,-,24.89,-0.08%,"23,234"
AATCX,18.49M,-,-,-,168.08,2.39,3.06,-,35.50%,-,-12.12%,-,-,3.70,8.82%,"10,544"
AATEC,1.46B,-,15.78,0.10,1.79,-,12.30,631.85,551.11%,83.96%,4.12%,157.99%,39.46%,9.45,-3.47%,"1,398,443"
AATEN,1.99B,46.75,22.99,1.53,6.40,8.33,5.56,32.59,15.76%,14.21%,20.80%,15.03%,5.20%,27.35,-0.18%,"1,023,260"
AATER,4.97M,-,-,-,0.15,0.39,1.40,-,-,-,44.17%,-,-17.97%,0.46,-8.58%,"199,509"
AATEX,1.80B,26.14,-,-,255.07,6.26,14.97,168.92,-118.08%,-75.19%,-,-,47.82%,91.57,0.04%,"304,855"
AATFV,-,-,-,-,-,-,-,-,-,-,-,-,-,40.96,-0.64%,"19,815"
AATGL,115.24M,-,-,-,121.31,36.56,29.03,-,-,-,-185.14%,-,16.09%,7.00,-2.10%,"7,648"
AATHE,82.99M,-,-,-,-,0.05,2.53,-,50.96%,28.87%,69.97%,23.47%,-,4.57,-4.59%,"30,833"
AATHM,2.60B,17.40,16.90,-,3.07,0.80,0.97,-,-35.11%,17.72%,-16.03%,-7.65%,-6.48%,22.49,-0.79%,"429,104"
AATHR,44.06M,-,-,-,32.64,43.35,18.28,-,-44.83%,73.81%,-,-,-,3.60,-1.37%,845
AATI,31.56B,67.76,38.18,1.24,6.69,16.82,40.31,59.97,51.89%,23.35%,-,30.80%,9.00%,231.78,1.44%,"1,063,554"
AATII,314.84M,-,-,-,-,3.21,767.90,-,-,-,-,-,-,10.64,0.00%,"98,282"
AATKR,3.16B,-,14.78,2.48,1.08,2.48,9.14,60.48,-6.03%,11.52%,-,5.97%,10.06%,93.71,-0.10%,"576,889"
AATLC,1.52B,13.00,7.73,0.17,0.57,2.16,2.35,1.62,60.98%,34.96%,8.55%,45.48%,28.43%,100.14,-2.38%,"118,819"
AATLO,282.37M,12.31,11.30,-,2.78,1.33,-,13.45,33.33%,3.68%,0.75%,-,5.96%,31.88,0.89%,"46,560"
AATLX,91.72M,-,-,-,833.83,1.97,2.54,-,-2.60%,-,-17.96%,-,31.58%,3.11,-3.12%,"152,173"
AATMP,-,-,-,-,-,-,-,-,-,-,-,-,-,36.64,-0.63%,"3,345"
AATMU,4.17B,19.55,15.60,1.61,2.20,9.17,16.11,21.91,8.42%,10.75%,7.88%,9.66%,7.44%,51.13,0.24%,"549,643"
AATNI,486.28M,3.07,29.23,-,0.66,0.81,1.46,11.75,990.58%,-91.21%,-9.27%,-,9.83%,31.57,-0.44%,"93,510"
AATNM,33.01M,2.94,-,-,0.94,1.09,0.91,-,112.84%,-475.00%,9.91%,21.86%,-,1.05,0.96%,"344,946"
AATO,28.71B,20.23,18.81,1.98,5.83,1.88,54.60,-,13.32%,6.83%,8.82%,9.48%,10.76%,169.90,-0.01%,"1,548,319"
AATOM,211.51M,-,-,-,919.59,5.70,5.52,-,26.15%,-,3.79%,-,0.95%,5.42,-3.21%,"353,699"
AATOS,27.85M,-,-,-,-,1.04,1.06,-,4.95%,34.24%,32.87%,-,-,2.79,7.31%,"192,438"
AATPC,2.52M,-,-,-,2.38,0.11,0.10,-,-,-,-,-,-15.09%,2.52,1.20%,"263,777"
AATR,8.38B,23.80,20.85,2.79,2.13,3.19,42.46,26.99,-3.88%,14.50%,12.87%,7.47%,5.22%,131.74,-0.27%,"374,571"
AATRA,83.92M,-,16.72,-,13.56,-,8.50,-,-145.49%,142.77%,-,-,-,8.36,3.34%,"66,103"
AATRC,2.28B,206.79,106.94,-,4.00,4.41,13.57,42.88,144.56%,291.48%,26.83%,-,20.95%,44.77,1.06%,"968,321"
AATRO,4.00B,49.31,29.99,-,4.24,20.19,443.32,65.11,67.57%,15.44%,-,-,11.40%,93.05,-0.43%,"488,385"
AATS,1.92B,56.82,13.85,1.26,0.91,1.50,13.67,10.58,-5.45%,22.29%,0.14%,11.02%,14.79%,19.59,-3.55%,"197,752"
AATTO,1.04B,-,-,-,-,-,7.81,-,-,-,-,-,-,22.71,14.35%,"149,939"
AATTR,-,-,-,-,-,-,-,-,-,-,-,-,-,95.19,-0.05%,"8,922"
AATXG,4.17M,-,-,-,0.75,0.14,0.33,-,-,-,21.38%,-,-26.32%,4.04,-2.65%,"2,136"
AATYR,50.90M,-,-,-,267.88,1.04,0.89,-,43.12%,2.47%,14.76%,22.90%,-55.14%,0.52,-7.17%,"625,873"
AAU,50.30B,13.33,10.43,0.47,4.25,5.62,17.92,11.88,68.83%,5.36%,17.92%,22.31%,17.45%,99.60,3.43%,"1,574,588"
AAUAU,-,-,-,-,-,-,-,-,-,-,-,-,-,39.53,1.87%,"1,604"
AAUB,6.08B,12.72,10.55,0.82,2.74,1.17,-,-,9.48%,7.10%,0.94%,12.82%,21.54%,42.54,-0.79%,"744,438"
AAUBN,91.49M,10.94,-,-,2.03,0.98,-,8.94,-,-,-0.14%,-,5.51%,26.26,0.04%,691
AAUC,123.61M,-,-,-,103.01,1.71,81.32,-,-,-,30.22%,-,13.22%,6.40,-8.31%,137
AAUDC,242.96M,39.83,15.84,-,0.97,1.76,3.94,10.41,0.00%,4.92%,-18.64%,-,2.15%,10.14,-2.22%,"157,993"
AAUGC,-,-,-,-,-,-,-,-,-,-,-,-,-,25.30,-0.68%,"1,910"
AAUGM,-,-,-,-,-,-,-,-,-,-,-,-,-,35.31,-0.05%,"3,916"
AAUGO,6.58B,22.29,8.68,0.13,5.11,14.42,26.13,42.24,268.77%,-0.33%,-,68.85%,25.18%,78.54,3.31%,"542,161"
AAUGP,-,-,-,-,-,-,-,-,-,-,-,-,-,34.01,-0.18%,"12,463"
AAUGT,-,-,-,-,-,-,-,-,-,-,-,-,-,39.27,-0.26%,587
AAUGU,-,-,-,-,-,-,-,-,-,-,-,-,-,32.46,-0.41%,"1,831"
AAUGW,-,-,-,-,-,-,-,-,-,-,-,-,-,34.72,-0.13%,"7,931"
AAUGZ,-,-,-,-,-,-,-,-,-,-,-,-,-,46.40,-0.34%,75
AAUID,6.69M,-,-,-,5.27,3.27,4.96,-,-,-,22.72%,-,-0.95%,0.40,-24.23%,"628,266"
AAUMI,-,-,-,-,-,-,-,-,-,-,-,-,-,96.33,2.15%,485
AAUNA,398.19M,22.26,4.95,7.49,0.31,0.80,3.24,4.84,-32.22%,23.90%,-,0.66%,24.38%,5.38,2.67%,"286,699"
AAUPH,2.03B,6.68,12.98,-,6.53,3.31,4.59,11.68,-54.40%,24.79%,-,-11.46%,41.38%,15.29,-1.16%,"1,001,732"
AAUR,13.97B,-,-,-,2793.78,7.13,11.44,-,-11.78%,8.87%,-18.39%,9.88%,-,6.97,-0.29%,"28,836,501"
AAURA,796.45M,-,-,-,-,2.52,2.46,-,5.38%,8.84%,-11.28%,12.07%,-,7.68,-0.13%,"3,819,541"
AAURE,66.19M,-,-,-,36.98,0.51,31.97,-,-,-,-,-,-6.97%,1.71,-3.39%,"3,801"
AAUSF,-,-,-,-,-,-,-,-,-,-,-,-,-,51.88,-0.99%,"40,509"
AAUSM,-,-,-,-,-,-,-,-,-,-,-,-,-,25.08,0.02%,17
AAUST,17.26M,-,-,-,-,2.62,9.13,-,-,-,-17.33%,-,-,1.26,-3.82%,"80,502"
AAUTL,606.84M,-,-,-,5.18,10.82,2.99,-,27.48%,20.09%,17.04%,26.30%,215.43%,2.28,6.05%,"3,036,041"
AAUUD,5.20M,-,-,-,520.24,0.53,0.54,-,-,-,48.36%,-,-,0.97,-4.89%,"11,716,032"
AAV,-,-,-,-,-,-,-,-,-,-,-,-,-,29.21,-0.74%,"3,195"
AAVA,3.27B,14.11,13.95,1.90,1.70,1.16,130.75,-,9.37%,7.46%,4.60%,7.35%,8.24%,39.03,-0.31%,"534,087"
AAVAH,2.77B,10.32,14.71,0.78,1.06,9.64,28.49,17.77,30.97%,9.77%,-,18.94%,10.23%,12.69,3.00%,"4,269,470"
AAVAL,2.08B,11.85,8.18,0.30,0.17,1.34,-,7.36,48.52%,18.51%,-9.10%,27.24%,0.83%,5.49,3.58%,"309,677"
AAVAT,17.50M,1.50,-,-,-,0.05,249.96,-,-,-,-,-,-,0.39,1.55%,"97,826"
AAVAV,9.17B,-,40.57,1.98,4.64,2.08,14.50,-,-2.00%,37.62%,-,20.46%,38.00%,181.13,-6.06%,"1,081,207"
AAVAZ,-,-,-,-,-,-,-,-,-,-,-,-,-,7.07,-2.82%,"2,339"
AAVB,26.28B,25.29,35.57,-,8.52,2.17,106.79,19.09,-20.28%,-12.28%,4.70%,-9.56%,6.16%,184.06,0.00%,0
AAVBC,447.53M,23.64,15.14,-,2.93,1.15,-,9.52,900.00%,2.78%,-,-,-,22.41,1.08%,"194,649"
AAVBH,358.61M,-,8.46,0.60,3.59,1.21,-,-,21.16%,13.71%,-,14.20%,10.80%,32.65,-0.70%,"51,622"
AAVBP,1.43B,-,-,-,-,3.82,3.83,-,2.57%,10.99%,-29.43%,23.48%,-,29.01,-1.69%,"455,159"
AAVD,65.79M,-,-,-,0.13,0.36,1.50,-,-,-,-,-,2.35%,2.23,5.19%,"396,483"
AAVDE,-,-,-,-,-,-,-,-,-,-,-,-,-,94.32,0.03%,"805,824"
AAVDS,-,-,-,-,-,-,-,-,-,-,-,-,-,80.15,-0.08%,"32,946"
AAVDV,-,-,-,-,-,-,-,-,-,-,-,-,-,111.20,0.31%,"693,392"
AAVEE,-,-,-,-,-,-,-,-,-,-,-,-,-,68.82,0.64%,"10,866"
AAVEM,-,-,-,-,-,-,-,-,-,-,-,-,-,94.51,0.91%,"1,534,302"
AAVES,-,-,-,-,-,-,-,-,-,-,-,-,-,65.94,0.56%,"82,625"
AAVEX,2.31B,25.85,33.32,-,3.31,-,10.71,-,295.03%,63.79%,-,-,-,20.22,-6.13%,"1,472,859"
AAVGB,-,-,-,-,-,-,-,-,-,-,-,-,-,51.01,-0.06%,"1,862"
AAVGC,-,-,-,-,-,-,-,-,-,-,-,-,-,26.73,0.40%,"1,389"
AAVGE,-,-,-,-,-,-,-,-,-,-,-,-,-,102.29,-0.18%,"100,110"
AAVGG,-,-,-,-,-,-,-,-,-,-,-,-,-,28.25,0.06%,"344,002"
AAVGO,1867.02B,65.33,20.04,0.35,24.74,21.29,95.12,56.99,69.94%,68.97%,49.76%,56.90%,21.74%,392.43,-0.14%,"20,042,639"
AAVGU,-,-,-,-,-,-,-,-,-,-,-,-,-,36.10,0.08%,"133,449"
AAVGV,-,-,-,-,-,-,-,-,-,-,-,-,-,88.65,-0.16%,"50,241"
AAVGW,-,-,-,-,-,-,-,-,-,-,-,-,-,38.42,-1.56%,"42,277"
AAVGX,-,-,-,-,-,-,-,-,-,-,-,-,-,48.45,-0.29%,"529,102"
AAVIE,-,-,-,-,-,-,-,-,-,-,-,-,-,79.51,0.02%,"1,031"
AAVIG,-,-,-,-,-,-,-,-,-,-,-,-,-,40.71,-0.18%,"101,907"
AAVIR,418.67M,-,-,-,-,2.05,1.91,-,-2.32%,25.44%,-71.02%,12.05%,-,5.22,1.95%,"233,579"
AAVIV,-,-,-,-,-,-,-,-,-,-,-,-,-,83.08,-0.08%,"73,690"
AAVK,563.34M,3.88,-,-,13.31,0.95,-,-,-,-,-,-,-,12.76,-1.62%,"168,879"
AAVL,-,-,-,-,-,-,-,-,-,-,-,-,-,45.98,-0.28%,"1,100,944"
AAVLC,-,-,-,-,-,-,-,-,-,-,-,-,-,92.67,-0.29%,"75,116"
AAVLN,1.70B,-,-,-,-,4.26,4.81,-,17.24%,5.61%,-,6.05%,-,38.25,-2.55%,"148,863"
AAVLV,-,-,-,-,-,-,-,-,-,-,-,-,-,94.59,-0.44%,"1,463,823"
AAVMA,-,-,-,-,-,-,-,-,-,-,-,-,-,74.26,-0.13%,"7,451"
AAVMC,-,-,-,-,-,-,-,-,-,-,-,-,-,82.17,-0.36%,"24,789"
AAVMU,-,-,-,-,-,-,-,-,-,-,-,-,-,45.26,-0.53%,"52,034"
AAVMV,-,-,-,-,-,-,-,-,-,-,-,-,-,83.66,-0.36%,"42,239"
AAVNM,-,-,-,-,-,-,-,-,-,-,-,-,-,85.59,0.18%,"114,973"
AAVNT,4.16B,24.56,12.85,1.11,1.25,1.71,9.78,22.27,13.40%,10.46%,-9.29%,11.53%,0.11%,45.39,-2.05%,"739,529"
AAVNV,-,-,-,-,-,-,-,-,-,-,-,-,-,86.88,0.26%,"1,940"
AAVNW,285.19M,31.66,7.79,0.28,0.66,1.02,3.65,24.05,-6.16%,80.49%,34.80%,28.16%,12.74%,22.04,-0.50%,"138,669"
AAVO,1.14B,40.52,15.79,-,0.92,1.58,32.59,33.35,-22.15%,33.33%,5.30%,-3.95%,10.04%,12.95,-0.84%,"389,379"
AAVOS,-,-,-,-,-,-,-,-,-,-,-,-,-,27.81,-0.19%,"6,087"
AAVPT,2.80B,41.96,26.73,1.09,6.01,6.41,6.72,27.75,36.04%,10.39%,-,24.52%,22.59%,13.25,-1.71%,"1,656,468"
AAVR,918.06M,-,-,-,409.85,3.65,3.57,-,52.95%,8.94%,-,32.14%,-,9.42,0.21%,"488,188"
AAVRE,-,-,-,-,-,-,-,-,-,-,-,-,-,48.19,-0.60%,"50,502"
AAVRY,-,-,-,-,-,-,-,-,-,-,-,-,-,25.21,-2.29%,"5,909"
AAVS,-,-,-,-,-,-,-,-,-,-,-,-,-,7.45,-0.14%,"15,738,631"
AAVSC,-,-,-,-,-,-,-,-,-,-,-,-,-,74.88,-0.49%,"85,174"
AAVSD,-,-,-,-,-,-,-,-,-,-,-,-,-,83.41,-0.31%,"4,267"
AAVSE,-,-,-,-,-,-,-,-,-,-,-,-,-,79.36,0.88%,"2,535"
AAVSF,-,-,-,-,-,-,-,-,-,-,-,-,-,46.37,-0.01%,"31,606"
AAVSU,-,-,-,-,-,-,-,-,-,-,-,-,-,90.57,-0.34%,"17,522"
AAVT,8.09B,24.72,7.61,0.22,0.29,1.61,52.06,-,104.80%,11.61%,15.77%,35.06%,7.18%,98.63,3.05%,"1,236,865"
AAVTM,-,-,-,-,-,-,-,-,-,-,-,-,-,56.26,-0.25%,164
AAVTR,9.13B,-,15.28,7.21,1.39,1.62,29.76,20.08,-9.79%,8.81%,-,2.12%,0.49%,13.50,-1.17%,"4,537,114"
AAVTX,1.07B,-,-,-,17831.95,2.35,2.67,-,50.96%,-0.38%,70.20%,20.46%,-61.19%,19.95,1.84%,"646,969"
AAVUQ,-,-,-,-,-,-,-,-,-,-,-,-,-,67.93,-0.23%,"9,442"
AAVUS,-,-,-,-,-,-,-,-,-,-,-,-,-,132.01,-0.35%,"339,485"
AAVUV,-,-,-,-,-,-,-,-,-,-,-,-,-,128.23,-0.39%,"1,143,240"
AAVX,22.56M,-,-,-,3.25,0.19,1.34,-,-,-,82.54%,-,-,3.05,-3.33%,"14,852"
AAVXC,-,-,-,-,-,-,-,-,-,-,-,-,-,82.46,0.98%,"33,665"
AAVXL,297.55M,-,-,-,-,2.35,2.34,-,-,-,-3.79%,-,-,3.21,-0.31%,"464,791"
AAVXX,-,-,-,-,-,-,-,-,-,-,-,-,-,7.35,-11.76%,"267,180"
AAVY,13.39B,19.33,15.79,1.65,1.45,5.77,48.73,12.59,6.74%,9.96%,5.86%,9.58%,4.90%,176.62,-1.29%,"721,310"
AAWAY,-,-,-,-,-,-,-,-,-,-,-,-,-,20.09,-1.51%,"18,363"
AAWF,876.09M,13.55,-,-,12.16,0.91,-,-,-,-,-,-,-,10.16,0.10%,"281,959"
AAWI,7.57B,24.55,18.78,1.54,4.47,8.58,96.34,30.69,13.86%,13.05%,-,12.20%,11.59%,179.17,-1.66%,"248,658"
AAWK,26.70B,23.26,20.40,2.60,5.05,2.29,108.98,-,6.88%,8.29%,7.90%,7.84%,6.36%,134.35,-1.36%,"2,105,974"
AAWP,365.02M,6.65,-,-,34.59,0.99,-,-,-,-,-,-,-,11.83,-0.17%,"136,328"
AAWR,3.48B,24.05,23.11,3.50,4.99,3.11,160.79,167.84,8.38%,4.11%,7.62%,6.61%,6.15%,87.87,-1.24%,"203,632"
AAWRE,25.52M,-,-,-,1.55,1.23,1.52,-,-,-,4.81%,-,8.87%,1.17,-3.31%,"37,626"
AAWX,10.80M,9.04,-,-,0.13,0.28,2.25,8.50,-,-,86.99%,-,7.31%,2.77,-0.36%,"21,054"
AAX,5.65B,11.72,9.20,-,2.58,1.78,-,21.48,13.90%,11.82%,18.95%,-,24.64%,99.32,-2.78%,"255,090"
AAXG,511.72M,-,-,-,142.15,155.97,210.59,-,-,-,-35.10%,-,88.17%,2.65,-1.85%,"122,745"
AAXGN,2.64B,-,72.13,1.47,10.52,10.29,23.30,307.25,51.72%,54.87%,10.54%,48.93%,14.93%,49.15,0.86%,"654,203"
AAXIA,23.27B,12.39,9.76,1.43,2.76,1.32,4.43,8.34,5.03%,24.50%,-12.42%,6.84%,5.56%,10.22,0.00%,0
AAXIL,42.96M,55.31,-,-,1.53,3.75,7.78,50.54,-,-,-,-,91.76%,6.30,3.53%,"17,147"
AAXIN,281.43M,35.26,-,-,-,1.06,740.59,-,-,-,-,-,-,10.29,0.01%,"10,825"
AAXON,49.09B,250.28,56.85,2.12,15.25,13.36,69.69,368.60,12.61%,37.80%,-,26.81%,32.48%,604.32,-1.39%,"573,058"
AAXP,227.05B,20.40,16.71,1.17,2.70,6.62,5.02,14.95,14.71%,14.04%,32.49%,14.29%,16.08%,336.21,-1.83%,"2,533,232"
AAXR,121.14M,11.88,13.70,-,2.29,0.86,2.30,9.48,-18.85%,7.10%,14.94%,-3.06%,5.69%,22.75,1.07%,"9,048"
AAXS,7.29B,7.09,7.37,1.59,1.07,1.23,-,43.02,-4.89%,10.22%,-,4.64%,5.92%,99.88,-1.30%,"511,995"
AAXSM,11.33B,-,45.86,-,14.59,135.78,35.42,-,27.59%,276.98%,-5.89%,-,-,216.27,1.22%,"511,870"
AAXTA,7.73B,22.25,12.62,1.73,1.50,3.06,12.15,15.64,6.47%,7.89%,27.59%,7.31%,6.48%,36.11,-3.22%,"1,688,989"
AAXTC,-,-,-,-,-,-,-,-,-,-,-,-,-,37.97,34.17%,"14,469"
AAXTI,6.29B,5159.68,43.31,-,50.14,7.12,13.98,-,308.78%,158.88%,-,-,-1.52%,95.97,17.55%,"15,320,559"
AAXTL,-,-,-,-,-,-,-,-,-,-,-,-,-,6.29,35.27%,"1,539,193"
AAXTU,-,-,-,-,-,-,-,-,-,-,-,-,-,8.78,35.49%,"2,098,068"
AAXTX,-,-,-,-,-,-,-,-,-,-,-,-,-,16.26,35.05%,"11,600,734"
AAYA,3.82B,34.89,-,-,11.12,7.84,20.88,26.32,-,-,-,-,71.00%,26.67,2.89%,"796,585"
AAYI,10.79B,23.91,16.56,1.66,2.34,3.80,26.19,16.87,9.99%,9.88%,14.86%,9.96%,5.49%,360.40,0.55%,"197,342"
AAYTU,25.34M,-,-,-,0.45,0.72,0.95,15.45,53.10%,92.45%,48.61%,-,19.16%,2.36,-0.84%,"16,078"
AAZ,320.51M,-,11.74,-,22.24,5.03,6.78,-,52.60%,236.26%,-2.27%,-,49.22%,7.28,-0.68%,"563,094"
AAZI,85.10M,-,-,-,1.17,-,447.87,-,-,-,1.46%,-,16.26%,1.25,-4.58%,"147,151"
AAZIO,17.72M,-,-,-,2.33,-,8.82,-,-,-,95.40%,-,131.81%,1.37,-8.67%,"596,507"
AAZN,243.32B,23.45,13.63,1.15,3.97,4.84,48.98,22.39,11.82%,12.40%,22.05%,11.80%,16.31%,156.89,0.28%,"3,361,584"
AAZO,49.29B,20.76,17.24,1.63,2.47,-,155.88,30.18,4.30%,15.89%,15.03%,10.61%,8.44%,3019.30,-0.19%,"225,802"
AAZTA,1.47B,-,56.92,4.00,2.40,0.97,4.48,148.89,-25.49%,55.26%,-,14.22%,8.85%,33.58,0.60%,"533,402"
AAZTD,-,-,-,-,-,-,-,-,-,-,-,-,-,32.96,-0.44%,34
AAZTR,8.20M,-,-,-,-,1.12,1.22,-,88.44%,59.62%,67.17%,64.00%,-,0.14,-2.87%,"478,879"
AAZUL,1.47B,-,4.04,-,0.37,-,3.68,-,1302.58%,-31.60%,-,-,28.31%,7.98,-2.68%,"49,611"
AAZYY,-,-,-,-,-,-,-,-,-,-,-,-,-,14.14,-0.25%,"4,204"
AAZZ,4.61B,23.33,-,-,2.75,3.34,4344.43,27.22,14.22%,-,47.17%,10.59%,14.49%,153.24,1.25%,"169,233"
BB,69.98B,10.94,10.29,0.42,3.39,2.56,11.81,12.47,50.35%,13.56%,17.48%,24.51%,6.13%,42.52,2.21%,"8,921,626"
BBA,178.58B,102.90,56.05,0.63,1.90,29.28,8.92,-,-183.16%,507.38%,-,89.46%,8.99%,225.95,-2.47%,"5,020,281"
BBAB,-,-,-,-,-,-,-,-,-,-,-,-,-,26.34,-0.28%,"224,784"
BBABA,298.91B,20.14,13.94,0.33,2.07,1.89,5.75,-,60.91%,39.88%,-4.77%,42.10%,6.38%,124.71,0.73%,"8,894,621"
BBABC,-,-,-,-,-,-,-,-,-,-,-,-,-,30.57,1.43%,31
BBABO,-,-,-,-,-,-,-,-,-,-,-,-,-,8.37,0.74%,"26,743"
BBABU,-,-,-,-,-,-,-,-,-,-,-,-,-,12.19,1.72%,"60,962"
BBABW,-,-,-,-,-,-,-,-,-,-,-,-,-,23.98,-0.30%,"2,493"
BBABX,-,-,-,-,-,-,-,-,-,-,-,-,-,22.50,1.49%,"649,082"
BBAC,446.77B,14.70,12.14,0.78,2.29,1.62,-,5.44,21.91%,13.27%,15.28%,15.60%,15.40%,63.89,-0.93%,"27,349,464"
BBACC,293.04M,66.58,-,-,-,1.46,1465.22,-,-,-,-,-,-,10.48,-0.47%,96
BBAER,70.00M,-,-,-,0.61,-,9.67,-,-27.78%,52.48%,-302.51%,-,-,1.19,-4.80%,"2,326,287"
BBAFE,-,-,-,-,-,-,-,-,-,-,-,-,-,30.11,-0.98%,"28,901"
BBAFN,164.47M,-,-,-,2.07,0.98,-,1.11,-,-,-,-,-5.94%,6.10,-4.84%,"25,393"
BBAGX,-,-,-,-,-,-,-,-,-,-,-,-,-,102.50,-0.15%,237
BBAGY,-,-,-,-,-,-,-,-,-,-,-,-,-,22.98,2.62%,"2,372"
BBAH,9.02B,11.77,11.15,2.55,0.81,7.50,16.70,8.08,-1.55%,4.91%,9.61%,4.38%,7.37%,74.97,-3.21%,"1,543,207"
BBAI,-,-,-,-,-,-,-,-,-,-,-,-,-,47.73,2.05%,"2,291,864"
BBAIG,-,-,-,-,-,-,-,-,-,-,-,-,-,18.22,-3.45%,"33,409"
BBAIV,-,-,-,-,-,-,-,-,-,-,-,-,-,28.42,-1.12%,"3,767"
BBAK,346.79M,-,-,-,0.03,-,0.30,-,106.46%,-283.06%,-6.36%,76.56%,2.21%,2.01,3.08%,"1,956,096"
BBALI,-,-,-,-,-,-,-,-,-,-,-,-,-,35.07,-0.31%,"176,400"
BBALL,16.19B,17.40,13.53,1.12,1.12,2.82,32.45,19.58,12.68%,12.37%,13.53%,12.13%,2.31%,61.18,-1.04%,"1,309,573"
BBALQ,-,-,-,-,-,-,-,-,-,-,-,-,-,56.74,0.13%,"25,505"
BBALT,-,-,-,-,-,-,-,-,-,-,-,-,-,34.73,-0.03%,"286,158"
BBALY,504.66M,-,-,-,0.17,0.78,1.03,-,38.35%,34.22%,-141.69%,25.16%,48.11%,10.31,-26.30%,"585,564"
BBAM,83.97B,30.33,24.17,1.56,14.64,11.46,55.87,34.23,11.56%,18.18%,-,15.48%,-,52.57,-3.20%,"2,776,019"
BBAMA,-,-,-,-,-,-,-,-,-,-,-,-,-,37.18,-0.14%,"1,257"
BBAMB,-,-,-,-,-,-,-,-,-,-,-,-,-,25.84,-0.12%,"1,819"
BBAMD,-,-,-,-,-,-,-,-,-,-,-,-,-,35.01,-0.79%,"4,378"
BBAMG,-,-,-,-,-,-,-,-,-,-,-,-,-,45.20,-0.08%,"4,649"
BBAMO,-,-,-,-,-,-,-,-,-,-,-,-,-,35.19,-0.30%,"2,149"
BBAMU,-,-,-,-,-,-,-,-,-,-,-,-,-,25.33,0.00%,"2,447"
BBAMV,-,-,-,-,-,-,-,-,-,-,-,-,-,38.16,-0.50%,"13,990"
BBAMY,-,-,-,-,-,-,-,-,-,-,-,-,-,27.60,-0.07%,"3,210"
BBANC,3.12B,-,9.29,0.31,2.01,1.07,-,8.16,-124.60%,836.46%,-,30.04%,42.45%,19.69,-0.25%,"1,619,876"
BBAND,1.70B,-,27.84,1.28,2.05,4.49,9.73,25.22,22.38%,8.34%,25.10%,21.74%,17.05%,52.79,-2.19%,"568,470"
BBANF,3.86B,15.50,14.63,-,4.02,1.97,-,15.97,8.25%,2.04%,18.85%,-,15.06%,114.93,-0.68%,"98,864"
BBANL,21.89M,-,-,-,0.17,4.47,7.11,23.05,-,-,-,-,17.67%,10.35,-5.31%,"79,144"
BBANR,2.50B,12.15,11.11,-,2.83,1.25,-,8.78,5.47%,11.41%,11.56%,-,7.38%,73.65,-0.49%,"386,088"
BBANX,200.79M,8.39,-,-,7.57,0.94,-,-,-,-,-,-,-,20.73,-0.48%,"35,241"
BBAOS,0.74M,-,-,-,1.30,0.22,0.45,-,-,-,-,-,-45.57%,0.48,-4.06%,"8,817,856"
BBAP,30.09B,14.00,11.20,0.79,3.25,2.69,-,23.48,15.63%,13.24%,81.27%,14.11%,8.79%,378.28,-2.09%,"440,494"
BBAPR,-,-,-,-,-,-,-,-,-,-,-,-,-,54.27,-0.17%,"7,458"
BBAR,-,-,-,-,-,-,-,-,-,-,-,-,-,43.49,0.93%,"202,301"
BBARK,93.05M,-,-,-,0.25,1.34,4.19,-,-5.38%,27.37%,25.39%,-,0.84%,10.30,1.78%,"55,513"
BBASG,-,-,-,-,-,-,-,-,-,-,-,-,-,28.65,-0.76%,"7,423"
BBASV,-,-,-,-,-,-,-,-,-,-,-,-,-,31.98,-0.91%,"4,801"
BBATL,81.34M,-,-,-,0.50,-,0.92,-,-,-,30.87%,-,2.36%,1.42,2.90%,"4,860,203"
BBATRA,3.35B,-,-,-,4.47,7.00,18.73,-,-52.24%,15.73%,-15.30%,19.69%,6.77%,56.12,-2.11%,"59,924"
BBATRK,3.37B,-,-,-,4.49,6.58,18.83,-,-62.16%,11.67%,-15.30%,19.43%,6.77%,52.72,-1.61%,"538,886"
BBATT,-,-,-,-,-,-,-,-,-,-,-,-,-,15.56,0.79%,"37,491"
BBAUG,-,-,-,-,-,-,-,-,-,-,-,-,-,55.40,-0.29%,"13,265"
BBAVA,-,-,-,-,-,-,-,-,-,-,-,-,-,17.15,-1.35%,833
BBAX,13.40B,-,12.69,-,1.17,2.16,6.23,16.44,-7.07%,-0.61%,-,-0.67%,-0.75%,25.91,-3.07%,"5,851,207"
BBAY,-,-,-,-,-,-,-,-,-,-,-,-,-,29.46,-0.58%,182
BBB,5.12B,89.72,-,-,8.82,6.82,14.58,75.77,18.75%,-,-,20.51%,-9.27%,8.73,-1.91%,"10,468,382"
BBBAG,-,-,-,-,-,-,-,-,-,-,-,-,-,45.08,-0.18%,"21,689"
BBBAI,1.54B,-,-,-,11.69,2.00,4.80,-,67.07%,40.74%,-310.83%,-,-,3.21,-1.83%,"17,781,407"
BBBAR,3.12B,18.62,8.26,0.14,0.65,1.11,-,1.63,77.99%,34.10%,3.33%,61.15%,18.61%,15.26,-0.52%,"933,892"
BBBAX,-,-,-,-,-,-,-,-,-,-,-,-,-,64.08,0.14%,"148,730"
BBBB,-,-,-,-,-,-,-,-,-,-,-,-,-,30.22,0.20%,638
BBBBI,-,-,-,-,-,-,-,-,-,-,-,-,-,50.49,-0.28%,"9,942"
BBBBL,-,-,-,-,-,-,-,-,-,-,-,-,-,45.54,-0.69%,455
BBBBS,-,-,-,-,-,-,-,-,-,-,-,-,-,50.75,-0.07%,"18,290"
BBBC,-,-,-,-,-,-,-,-,-,-,-,-,-,53.26,0.74%,"8,542"
BBBCA,-,-,-,-,-,-,-,-,-,-,-,-,-,107.23,-0.09%,"97,271"
BBBCB,-,-,-,-,-,-,-,-,-,-,-,-,-,44.22,-0.31%,"3,429"
BBBCP,483.78M,67.42,35.56,-,1.18,1.84,12.50,29.97,83.33%,63.64%,-,-,5.24%,9.60,0.00%,"50,390"
BBBCQ,389.47M,-,-,-,-,1.42,447.67,-,-,-,-,-,-,10.16,0.00%,"212,578"
BBBD,17.24B,7.10,5.30,0.46,0.23,0.93,-,0.47,12.64%,11.92%,5.95%,11.50%,9.98%,3.09,-1.59%,"32,650,149"
BBBDC,983.20M,11.31,9.30,-,3.72,0.86,14.07,6.15,-7.14%,-2.88%,41.92%,-7.72%,50.04%,9.39,0.86%,"988,788"
BBBEM,-,-,-,-,-,-,-,-,-,-,-,-,-,77.31,0.94%,"1,684"
BBBEU,-,-,-,-,-,-,-,-,-,-,-,-,-,80.41,-0.20%,"128,516"
BBBGI,44.91M,-,0.47,0.01,0.24,1.07,6.70,-,-,-,-54.24%,35.09%,-0.02%,22.34,-1.11%,"21,078"
BBBH,-,-,-,-,-,-,-,-,-,-,-,-,-,222.29,1.95%,"4,925"
BBBHL,-,-,-,-,-,-,-,-,-,-,-,-,-,17.47,-0.65%,"31,390"
BBBHM,-,-,-,-,-,-,-,-,-,-,-,-,-,12.42,-0.32%,"6,264"
BBBHY,-,-,-,-,-,-,-,-,-,-,-,-,-,45.78,-0.14%,"39,460"
BBBIB,-,-,-,-,-,-,-,-,-,-,-,-,-,96.75,-0.09%,"1,308"
BBBIN,-,-,-,-,-,-,-,-,-,-,-,-,-,81.49,0.01%,"178,315"
BBBIO,15.62B,-,1593.66,-,21.90,-,21.67,-,29.32%,101.88%,0.09%,-,127.44%,79.89,0.04%,"2,795,715"
BBBJP,-,-,-,-,-,-,-,-,-,-,-,-,-,79.20,0.01%,"326,131"
BBBLB,-,-,-,-,-,-,-,-,-,-,-,-,-,76.89,-0.78%,407
BBBLG,1.20M,-,-,-,-,0.25,0.26,-,55.85%,45.30%,68.85%,-,-,0.66,0.76%,"249,583"
BBBLU,-,-,-,-,-,-,-,-,-,-,-,-,-,17.29,-0.75%,"99,920"
BBBMC,-,-,-,-,-,-,-,-,-,-,-,-,-,129.58,-0.33%,"4,861"
BBBN,972.00M,12.39,-,-,-,-,-,-,-,-,-,-,-,15.73,-0.76%,"98,780"
BBBNX,790.02M,-,-,-,6.64,3.08,4.37,-,-18.27%,-0.65%,-,2.75%,-,17.56,-0.06%,"1,267,696"
BBBOT,724.78M,-,-,-,-,2.24,3.21,-,40.29%,3.54%,-572.84%,16.84%,-,9.04,-0.22%,"249,919"
BBBP,-,-,-,-,-,-,-,-,-,-,-,-,-,102.73,1.40%,"4,089"
BBBRE,-,-,-,-,-,-,-,-,-,-,-,-,-,108.06,-0.57%,"15,933"
BBBSB,-,-,-,-,-,-,-,-,-,-,-,-,-,98.18,-0.03%,579
BBBSC,-,-,-,-,-,-,-,-,-,-,-,-,-,92.90,-0.49%,"4,070"
BBBSI,759.29M,23.15,15.63,-,0.60,3.70,5.41,48.92,-35.70%,49.91%,13.66%,-,7.08%,31.33,-2.82%,"159,872"
BBBT,2.73B,23.62,9.81,-,2.28,1.08,-,13.85,87.86%,9.22%,-,-,13.11%,32.61,1.68%,"1,349,412"
BBBUC,5.93B,-,9.65,-,0.36,1.10,1.35,-,-46.48%,-3.69%,-40.91%,-,-5.69%,28.95,-1.43%,"287,198"
BBBUL,-,-,-,-,-,-,-,-,-,-,-,-,-,13.74,-3.62%,528
BBBUS,-,-,-,-,-,-,-,-,-,-,-,-,-,139.50,-0.44%,"209,250"
BBBVA,158.52B,12.78,10.68,0.88,1.84,2.35,-,1.19,13.26%,13.39%,66.09%,12.18%,18.72%,28.80,0.35%,"2,453,665"
BBBW,478.81M,8.94,8.82,1.13,0.91,3.03,18.24,16.53,1.50%,6.91%,-,7.81%,15.72%,38.19,-0.39%,"341,311"
BBBWI,3.79B,5.27,6.62,-,0.52,-,4.62,4.17,-17.50%,7.22%,-8.66%,-1.03%,-1.55%,18.81,-3.09%,"5,083,869"
BBBY,18.01B,15.81,12.09,1.99,0.43,5.84,8.22,11.22,2.59%,7.10%,-5.91%,6.07%,-2.48%,85.44,-1.13%,"2,381,103"
BBBYY,-,-,-,-,-,-,-,-,-,-,-,-,-,9.60,0.15%,195
BBC,5.33B,-,15.23,0.70,0.95,3.18,17.79,15.63,39.40%,18.52%,-,21.81%,4.29%,82.30,-0.45%,"768,200"
BBCAB,5.08M,-,-,-,0.60,-,3.30,-,-,-,0.99%,-,36.06%,3.06,-0.97%,"207,130"
BBCACU,-,-,-,-,-,-,-,-,-,-,-,-,-,-,-,0
BBCAL,688.34M,11.62,11.57,-,2.98,1.17,-,11.61,-9.99%,6.73%,31.66%,-,34.22%,21.41,-1.25%,"143,687"
BBCAR,236.06M,28.54,-,-,-,0.83,5901.61,-,-,-,-,-,-,5.82,-0.17%,"68,156"
BBCAT,1.66B,7.42,-,-,-,-,-,-,-,-,-,-,-,15.72,-0.88%,"945,230"
BBCAX,1.65B,-,-,-,-,3.51,3.32,-,-37.73%,-5.96%,-,-11.72%,-,24.94,2.72%,"434,687"
BBCBP,161.83M,-,9.61,-,1.03,0.55,-,4.79,74.21%,529.23%,-,-,6.51%,8.94,-0.67%,"89,376"
BBCC,2.86B,27.87,15.83,0.55,0.44,1.41,9.38,28.17,11.01%,32.08%,-4.47%,28.70%,3.19%,81.94,-1.56%,"275,424"
BBCCC,-,-,-,-,-,-,-,-,-,-,-,-,-,11.74,1.03%,"37,938"
BBCCQ,459.97M,-,-,-,-,-,-,-,-,-,-,-,-,10.00,1.23%,6
BBCD,-,-,-,-,-,-,-,-,-,-,-,-,-,37.56,1.36%,"26,646"
BBCDA,14.23M,-,-,-,-,5.22,3.45,-,48.78%,18.25%,43.92%,31.52%,-,0.94,-3.46%,"180,238"
BBCDF,-,-,-,-,-,-,-,-,-,-,-,-,-,33.24,-0.25%,"4,694"
BBCE,21.77B,4.79,12.32,-,1.21,1.50,64.49,11.44,-9.97%,2.93%,20.83%,-0.96%,0.52%,23.35,-0.51%,"2,490,216"
BBCEM,-,-,-,-,-,-,-,-,-,-,-,-,-,26.90,0.98%,"3,065"
BBCFN,-,-,-,-,-,-,-,-,-,-,-,-,-,23.17,-1.44%,522
BBCG,26.61M,10.17,-,-,0.14,8.20,2.44,4.74,-,-,-,-,-,1.56,1.30%,"47,571"
BBCGD,-,-,-,-,-,-,-,-,-,-,-,-,-,26.97,-0.38%,"2,380"
BBCGS,-,-,-,-,-,-,-,-,-,-,-,-,-,28.83,0.96%,10
BBCH,20.75B,15.65,13.81,1.75,4.11,3.35,-,55.70,5.31%,9.20%,16.47%,7.89%,7.41%,41.09,0.98%,"215,542"
BBCHI,-,-,-,-,-,-,-,-,-,-,-,-,-,26.72,0.00%,0
BBCHP,-,-,-,-,-,-,-,-,-,-,-,-,-,38.49,-1.33%,"10,020"
BBCHT,34.19M,-,-,-,1.78,4.20,2.89,-,-62.50%,100.00%,15.98%,-,16.66%,1.30,0.78%,"22,769"
BBCI,-,-,-,-,-,-,-,-,-,-,-,-,-,24.94,1.59%,"850,875"
BBCIC,94.48M,-,5.27,-,1.84,0.53,12.22,26.32,-28.85%,-10.37%,-30.34%,-23.41%,-4.64%,7.63,-0.26%,"36,434"
BBCIL,-,-,-,-,-,-,-,-,-,-,-,-,-,30.65,0.39%,"3,064"
BBCKT,-,-,-,-,-,-,-,-,-,-,-,-,-,40.32,-0.01%,20
BBCLO,-,-,-,-,-,-,-,-,-,-,-,-,-,49.65,-0.13%,"10,263"
BBCML,334.15M,25.52,12.80,-,2.35,1.00,-,13.30,-5.81%,16.40%,13.67%,-,8.08%,30.60,-1.50%,"55,596"
BBCO,4.58B,25.74,10.75,0.78,0.84,14.77,2.13,11.65,14.24%,12.58%,71.69%,13.82%,7.35%,111.28,-2.62%,"347,960"
BBCOR,-,-,-,-,-,-,-,-,-,-,-,-,-,21.89,1.41%,25
BBCPC,5.69B,35.09,31.68,-,5.24,4.38,90.02,33.18,13.75%,4.19%,12.78%,-,8.07%,178.38,-0.07%,"108,621"
BBCPL,-,-,-,-,-,-,-,-,-,-,-,-,-,24.46,-0.20%,"10,154"
BBCRX,2.54B,-,17.32,-,2.70,-,7.19,7.13,-290.66%,124.88%,-,-15.92%,117.89%,9.94,2.05%,"2,122,652"
BBCS,93.59B,10.26,8.05,0.39,2.27,1.07,-,-,21.56%,22.86%,38.51%,20.44%,15.25%,27.80,-1.21%,"2,766,916"
BBCSF,782.31M,12.24,9.32,-,3.49,0.72,5.99,9.00,-12.82%,-21.09%,60.94%,-13.19%,7.44%,12.06,-3.90%,"897,398"
BBCSM,-,-,-,-,-,-,-,-,-,-,-,-,-,26.05,-0.21%,"2,545"
BBCSS,598.60M,48.76,-,-,-,1.31,965.48,-,-,-,-,-,-,10.25,0.00%,"1,760"
BBCTK,-,-,-,-,-,-,-,-,-,-,-,-,-,31.36,0.83%,"11,889"
BBCTX,29.49M,-,-,-,-,1.02,1.29,-,-,-,39.57%,-,-,3.39,-1.45%,"59,172"
BBCUS,-,-,-,-,-,-,-,-,-,-,-,-,-,37.15,0.74%,"4,656"
BBCV,144.51M,3.83,-,-,36.32,1.05,-,-,-,-,-,-,-,25.68,0.59%,"5,954"
BBCX,972.04M,4.54,-,-,-,-,-,-,-,-,-,-,-,12.75,0.79%,"139,270"
BBCYC,201.52M,-,-,-,3.30,0.55,0.40,-,23.48%,5.33%,-3.36%,7.36%,47.36%,4.00,2.56%,"341,663"
BBD,-,-,-,-,-,-,-,-,-,-,-,-,-,24.73,-0.20%,15
BBDBT,-,-,-,-,-,-,-,-,-,-,-,-,-,24.82,-0.20%,"31,400"
BBDC,5.38B,22.36,13.80,1.04,1.88,3.87,15.42,25.35,14.39%,15.56%,-,13.33%,7.83%,137.59,1.24%,"338,057"
BBDCI,350.77M,63.98,-,-,-,-,313.19,-,-,-,-,-,-,10.09,0.00%,66
BBDCX,-,-,-,-,-,-,-,-,-,-,-,-,-,20.60,-1.67%,"1,047"
BBDCZ,-,-,-,-,-,-,-,-,-,-,-,-,-,15.33,-1.42%,18
BBDEC,-,-,-,-,-,-,-,-,-,-,-,-,-,54.67,-0.14%,674
BBDGS,-,-,-,-,-,-,-,-,-,-,-,-,-,37.04,-0.13%,470
BBDIV,-,-,-,-,-,-,-,-,-,-,-,-,-,25.10,-0.39%,860
BBDJ,1.74B,6.27,-,-,39.41,1.01,-,-,-,-,-,-,-,9.85,-0.10%,"493,142"
BBDL,89.01M,13.41,-,-,0.41,1.28,3.09,23.86,-,-,35.30%,-,12.68%,47.89,-1.26%,"32,749"
BBDMD,48.12M,-,-,-,2.13,1.12,84.42,-,-,-,-152.36%,-,-,1.14,0.88%,"52,944"
BBDN,527.03M,-,-,-,1.06,0.76,13.62,7.43,21.60%,14.97%,-,15.00%,-1.96%,3.01,-2.59%,"1,714,461"
BBDRX,0.64M,-,-,-,-,0.71,0.06,-,100.00%,-,89.65%,-,-,1.42,-6.58%,"32,715"
BBDRY,-,-,-,-,-,-,-,-,-,-,-,-,-,14.00,-2.01%,"28,182"
BBDSX,245.32M,-,-,-,2.38,26.82,8.15,-,42.77%,37.58%,27.68%,39.91%,14.20%,23.25,-3.12%,"68,433"
BBDTX,117.78M,-,-,-,-,1.23,1.07,-,-262.11%,-47.80%,-,-,-,2.05,1.49%,"389,799"
BBDVG,-,-,-,-,-,-,-,-,-,-,-,-,-,15.15,-0.56%,"8,389"
BBDVL,-,-,-,-,-,-,-,-,-,-,-,-,-,26.88,-0.23%,"184,941"
BBDX,49.60B,54.92,13.70,1.76,2.38,2.03,57.41,19.58,11.97%,4.90%,16.45%,7.80%,6.32%,182.09,-0.71%,"1,310,491"
BBDYN,-,-,-,-,-,-,-,-,-,-,-,-,-,28.62,-0.04%,"264,476"
BBE,68.38B,316.34,48.10,0.41,21.96,42.25,25.63,109.01,249.66%,81.62%,20.18%,115.98%,20.57%,232.16,0.97%,"10,638,869"
BBEAG,336.82M,42.31,-,-,-,1.27,1086.51,-,-,-,-,-,-,10.73,0.32%,"7,018"
BBEAM,2.80B,-,-,-,17.94,2.62,2.43,-,-447.30%,-6.99%,28.04%,-,466.27%,27.10,1.31%,"1,470,184"
BBEAT,28.18M,-,-,-,-,3.45,3.23,-,38.47%,20.72%,-36.66%,35.53%,-,0.50,0.14%,"450,528"
BBEBE,200.30M,70.42,-,-,-,1.19,455.23,-,-,-,-,-,-,10.00,0.00%,529
BBEC,-,-,-,-,-,-,-,-,-,-,-,-,-,14.13,1.99%,"1,372"
BBEDY,-,-,-,-,-,-,-,-,-,-,-,-,-,30.10,-0.42%,"190,272"
BBEDZ,-,-,-,-,-,-,-,-,-,-,-,-,-,36.77,0.19%,"6,053"
BBEEM,25.31M,-,-,-,1.01,1.12,12.85,-,49.07%,20.73%,-13.71%,28.85%,35.37%,1.14,0.88%,"342,739"
BBEEP,106.56M,-,-,-,3.07,0.79,9.77,-,30.91%,55.26%,-105.19%,21.11%,-,2.58,-0.39%,"13,265"
BBEEX,-,-,-,-,-,-,-,-,-,-,-,-,-,28.02,-0.43%,"7,702"
BBEEZ,-,-,-,-,-,-,-,-,-,-,-,-,-,35.31,-0.83%,124
BBEG,-,-,-,-,-,-,-,-,-,-,-,-,-,39.35,2.02%,"269,891"
BBEGS,-,-,-,-,-,-,-,-,-,-,-,-,-,14.99,3.15%,"2,519"
BBEKE,17.94B,40.54,14.52,4.92,1.42,2.03,2.30,-,-13.63%,16.59%,-7.87%,2.95%,5.20%,16.85,-0.94%,"2,040,499"
BBELFA,4.18B,64.38,22.54,0.86,5.61,3.91,13.64,56.93,37.14%,12.99%,34.22%,26.29%,7.72%,248.02,2.11%,"81,447"
BBELFB,4.20B,77.33,26.68,1.04,5.64,4.70,13.72,57.26,38.45%,13.58%,34.22%,25.71%,7.72%,297.91,2.70%,"141,828"
BBELT,-,-,-,-,-,-,-,-,-,-,-,-,-,40.04,0.00%,0
BBEMB,-,-,-,-,-,-,-,-,-,-,-,-,-,52.75,-0.19%,"1,525"
BBEMD,-,-,-,-,-,-,-,-,-,-,-,-,-,24.89,-0.52%,3
BBEN,17.37B,23.31,10.77,0.65,1.86,1.48,4.62,72.26,30.22%,9.83%,-10.54%,16.51%,9.49%,34.19,0.97%,"3,140,366"
BBENF,35.00M,-,-,-,71.42,-,4.59,-,84.59%,-,-,-,-,2.27,-5.42%,"18,509"
BBENJ,-,-,-,-,-,-,-,-,-,-,-,-,-,53.07,-0.09%,"13,305"
BBEP,10.34B,-,-,-,1.59,2.76,3.73,-,-520.50%,0.89%,19.10%,-,11.72%,34.44,-0.89%,"572,224"
BBEPC,6.40B,-,-,-,1.21,-,5.61,-,-312.31%,93.30%,-12.42%,-15.37%,4.70%,35.10,-1.13%,"1,682,164"
BBERZ,-,-,-,-,-,-,-,-,-,-,-,-,-,19.73,0.46%,"51,127"
BBESF,-,-,-,-,-,-,-,-,-,-,-,-,-,40.35,-0.32%,"7,345"
BBESO,-,-,-,-,-,-,-,-,-,-,-,-,-,25.72,1.50%,65
BBESS,27.26M,-,3.05,-,3.45,0.82,2.91,-,81.98%,730.00%,11.61%,-,-,3.84,5.21%,"249,023"
BBETA,5.99B,-,-,-,133.56,3.71,4.04,-,82.53%,-2.06%,-,46.22%,-,25.60,2.98%,"2,069,299"
BBETE,-,-,-,-,-,-,-,-,-,-,-,-,-,30.64,1.85%,870
BBETH,-,-,-,-,-,-,-,-,-,-,-,-,-,35.57,2.13%,398
BBETR,257.24M,-,75.22,-,1.19,4.44,2.30,-,68.01%,105.28%,-257.48%,-,-,13.54,-1.38%,"1,001,769"
BBETZ,-,-,-,-,-,-,-,-,-,-,-,-,-,19.46,-0.53%,"4,103"
BBEX,-,-,-,-,-,-,-,-,-,-,-,-,-,28.22,2.39%,"1,970,660"
BBEZ,-,-,-,-,-,-,-,-,-,-,-,-,-,9.25,-1.80%,"1,769,985"
BBF-A,12.74B,18.36,16.40,3.56,3.23,3.20,38.95,14.26,11.31%,0.43%,-4.00%,4.61%,2.71%,28.05,-2.94%,"65,417"
BBF-B,12.73B,18.05,16.12,3.27,3.23,3.15,38.94,14.26,11.26%,0.50%,-4.00%,4.93%,2.71%,27.58,-2.96%,"1,606,988"
BBFAM,3.42B,22.23,11.94,0.81,1.13,3.67,19.14,14.49,12.32%,15.23%,49.81%,14.70%,14.13%,70.29,-1.43%,"685,925"
BBFAP,-,-,-,-,-,-,-,-,-,-,-,-,-,14.27,1.06%,10
BBFC,1.74B,20.43,13.86,-,6.01,2.12,-,-,34.03%,13.78%,7.45%,-,15.47%,156.88,-0.71%,"92,825"
BBFEB,-,-,-,-,-,-,-,-,-,-,-,-,-,53.92,-0.20%,"2,363"
BBFEW,-,-,-,-,-,-,-,-,-,-,-,-,-,21.80,-0.23%,180
BBFH,4.27B,8.70,8.17,0.86,0.90,1.28,-,1.97,0.56%,11.30%,19.49%,9.53%,4.34%,111.25,-1.90%,"279,570"
BBFIX,-,-,-,-,-,-,-,-,-,-,-,-,-,25.00,-0.19%,"10,610"
BBFJA,-,-,-,-,-,-,-,-,-,-,-,-,-,17.33,0.58%,6
BBFJL,-,-,-,-,-,-,-,-,-,-,-,-,-,17.34,0.93%,"1,941"
BBFLB,-,-,-,-,-,-,-,-,-,-,-,-,-,55.55,-0.21%,"4,489"
BBFLX,-,-,-,-,-,-,-,-,-,-,-,-,-,26.37,-0.12%,"210,778"
BBFLY,2.45B,-,-,-,21.82,12.59,19.63,-,2.08%,36.17%,58.99%,-,16.11%,9.02,2.04%,"3,435,862"
BBFOC,-,-,-,-,-,-,-,-,-,-,-,-,-,17.03,0.44%,"12,209"
BBFOR,-,-,-,-,-,-,-,-,-,-,-,-,-,24.55,-0.36%,"9,776"
BBFRG,10.30M,-,-,-,34.35,1.47,1.49,-,-,-,-59.71%,-,-,0.56,-2.24%,"56,531"
BBFRI,20.05M,-,6.75,-,0.43,3.22,4.29,-,62.50%,151.28%,44.08%,-,17.21%,1.35,3.85%,"762,861"
BBFRZ,-,-,-,-,-,-,-,-,-,-,-,-,-,27.29,0.09%,"19,930"
BBFS,847.06M,35.28,-,-,2.79,7.66,144.06,8.23,-,-,-2.77%,-,4.81%,34.27,-1.52%,"90,469"
BBFST,1.05B,11.44,9.78,-,1.95,1.01,-,10.12,6.33%,9.07%,11.16%,-,24.79%,32.11,-0.03%,"190,762"
BBFXU,-,-,-,-,-,-,-,-,-,-,-,-,-,23.99,-0.66%,110
BBG,22.08B,22.28,10.28,0.60,0.24,1.38,26.41,-,25.72%,17.40%,-8.06%,17.02%,11.17%,114.91,1.07%,"881,883"
BBGB,503.98M,16.84,-,-,-,-,-,-,-,-,-,-,-,11.28,-0.09%,"89,978"
BBGC,5.31B,27.98,7.09,-,1.61,4.77,6.75,13.48,19.07%,12.10%,21.14%,-,7.43%,11.16,-0.36%,"3,288,433"
BBGCG,-,-,-,-,-,-,-,-,-,-,-,-,-,27.65,-0.57%,"14,115"
BBGDE,38.65M,-,-,-,1.41,3.18,2.37,-,-,-,25.07%,-,54.96%,7.00,2.49%,"85,266"
BBGDV,-,-,-,-,-,-,-,-,-,-,-,-,-,31.75,-0.31%,"4,414"
BBGEG,-,-,-,-,-,-,-,-,-,-,-,-,-,23.77,0.99%,627
BBGFI,-,-,-,-,-,-,-,-,-,-,-,-,-,25.07,-0.28%,8
BBGGG,-,-,-,-,-,-,-,-,-,-,-,-,-,36.58,-0.82%,"13,266"
BBGH,287.98M,14.34,-,-,-,-,-,-,-,-,-,-,-,14.34,0.35%,"80,225"
BBGI,7.17M,-,-,-,0.05,-,6.83,-,-,-,12.56%,-,6.56%,0.36,-3.96%,"158,049"
BBGIA,-,-,-,-,-,-,-,-,-,-,-,-,-,25.67,-0.10%,283
BBGIG,-,-,-,-,-,-,-,-,-,-,-,-,-,37.25,-0.59%,"62,366"
BBGIN,246.65M,-,-,-,3.66,4.53,9.38,-,-,-,-,-,33.03%,2.18,6.35%,"33,537"
BBGL,8.59M,-,-,-,-,-,-,-,-,-,-,-,-,0.20,-4.39%,"746,245"
BBGLC,3.85M,-,-,-,1.23,0.49,1.09,-,-,-,-,-,-8.20%,1.59,1.34%,"96,728"
BBGLD,-,-,-,-,-,-,-,-,-,-,-,-,-,17.00,0.59%,"40,527"
BBGM,114.20M,-,-,-,3.01,0.14,10.55,-,-,-,-,-,-5.39%,0.27,-6.77%,"4,346,498"
BBGMS,5.02M,-,-,-,2.70,0.84,1.32,-,-,-,77.93%,-,-,0.91,-0.64%,"9,791"
BBGR,432.75M,10.76,-,-,32.07,1.20,-,-,-,-,-,-,-,17.00,0.65%,"79,500"
BBGRN,-,-,-,-,-,-,-,-,-,-,-,-,-,46.83,-0.12%,"31,223"
BBGRO,-,-,-,-,-,-,-,-,-,-,-,-,-,44.38,0.26%,167
BBGS,280.40M,-,6.69,10.29,0.16,0.71,0.47,4.39,7.80%,-6.15%,-,0.65%,-1.46%,3.45,-4.70%,"2,415,518"
BBGSF,59.45M,-,-,-,0.65,1.29,3.26,-,-,-,-,-,-14.74%,5.57,-1.59%,"9,565"
BBGSI,2.56B,202.33,18.89,0.61,0.71,1.48,111.37,8.27,20.30%,45.54%,-17.14%,30.96%,15.02%,91.92,-3.29%,"40,221"
BBGT,326.88M,15.66,-,-,10.46,0.93,-,-,-,-,-,-,-,10.96,0.92%,"152,552"
BBGUS,-,-,-,-,-,-,-,-,-,-,-,-,-,26.33,-1.01%,112
BBGX,137.76M,15.49,-,-,-,-,-,-,-,-,-,-,-,10.84,-0.64%,"57,567"
BBGY,529.19M,6.49,-,-,34.18,0.93,-,-,-,-,-,-,-,5.84,-0.68%,"124,388"
BBH,1.24B,-,-,-,3.06,2.26,3.62,24.87,-,-,0.27%,-,-1.84%,391.30,1.63%,"344,958"
BBHAV,140.47M,-,-,-,-,1.38,203.58,-,-,-,-,-,-,10.01,0.10%,120
BBHB,676.18M,13.64,10.66,-,2.53,1.23,-,11.31,11.20%,4.41%,1.23%,-,7.61%,40.33,-0.71%,"117,898"
BBHC,2.46B,-,1.52,-,0.23,-,1.34,1.74,18.43%,-4.60%,-,-4.26%,5.04%,6.58,1.08%,"2,101,289"
BBHDG,-,-,-,-,-,-,-,-,-,-,-,-,-,23.69,-1.31%,"120,510"
BBHE,3.02B,57.47,25.18,-,1.07,2.71,9.59,23.81,23.23%,13.02%,12.39%,-,5.31%,84.17,2.96%,"292,332"
BBHF,3.21B,4.45,2.65,-,0.48,0.49,-,-,-28.09%,4.76%,-,-12.15%,-4.47%,55.74,-5.01%,"1,890,005"
BBHK,647.85M,12.81,-,-,11.35,0.90,-,-,-,-,-,-,-,8.97,-0.44%,"202,019"
BBHM,98.92M,-,-,-,1.33,0.29,0.51,-,-,-,8.12%,-,56.30%,8.64,-2.37%,"2,546"
BBHP,224.49B,21.92,18.08,1.97,4.15,4.45,16.25,21.78,29.65%,-2.41%,2.45%,9.16%,3.59%,88.37,1.83%,"3,357,826"
BBHR,142.17M,-,-,-,0.21,0.97,0.97,-,-,-,20.56%,-,25.85%,2.07,1.97%,"236,498"
BBHRB,1.46B,11.58,8.25,1.03,2.84,1.22,-,16.88,-1.88%,15.78%,16.79%,7.98%,32.56%,72.33,-1.12%,"117,179"
BBHST,49.19M,-,-,-,1.39,2.49,3.03,-,12.08%,36.49%,2.26%,-,144.37%,2.17,4.83%,"111,856"
BBHV,20.33M,-,-,-,14.59,1.11,-,-,-,-,-,-,-,12.80,0.79%,"1,398"
BBHVN,2.18B,-,-,-,-,178.67,8.15,-,53.28%,18.25%,-30.08%,32.58%,-,14.46,-1.23%,"1,849,211"
BBHYB,-,-,-,-,-,-,-,-,-,-,-,-,-,53.99,-0.09%,113
BBHYP,-,-,-,-,-,-,-,-,-,-,-,-,-,33.15,6.13%,"215,332"
BBIAF,3.18M,-,-,-,0.54,0.71,1.31,-,-,-,21.77%,-,-,0.39,-2.51%,"340,777"
BBIB,-,-,-,-,-,-,-,-,-,-,-,-,-,109.88,2.82%,"17,018"
BBIBL,-,-,-,-,-,-,-,-,-,-,-,-,-,57.44,0.51%,"65,354"
BBID,190.29M,-,-,-,-,1.40,268.02,-,-,-,-,-,-,9.87,-0.10%,"2,121"
BBIDD,-,-,-,-,-,-,-,-,-,-,-,-,-,31.06,0.42%,"9,291"
BBIDG,-,-,-,-,-,-,-,-,-,-,-,-,-,9.11,0.84%,"96,734"
BBIDU,28.97B,-,12.85,1.87,1.60,0.91,1.70,-,-13.15%,17.74%,-29.62%,6.86%,2.97%,104.12,0.43%,"3,737,383"
BBIGY,-,-,-,-,-,-,-,-,-,-,-,-,-,52.47,-0.49%,"10,252"
BBIIB,30.90B,37.04,12.65,1.83,3.20,1.64,24.05,11.46,-18.47%,32.75%,-18.74%,6.92%,-5.06%,209.15,-0.32%,"617,238"
BBIII,229.31M,124.13,-,-,-,1.36,358.30,-,-,-,-,-,-,9.98,-0.10%,"4,232"
BBIL,-,-,-,-,-,-,-,-,-,-,-,-,-,91.55,0.02%,"7,166,642"
BBILD,-,-,-,-,-,-,-,-,-,-,-,-,-,29.77,-0.63%,64
BBILI,5.84B,39.36,12.89,0.50,1.34,3.16,1.67,-,20.39%,27.27%,-,25.67%,19.42%,17.23,-1.20%,"1,519,851"
BBILL,4.83B,-,14.40,0.64,3.02,1.27,2.12,14.79,19.75%,27.23%,-,22.47%,56.14%,48.50,-2.57%,"2,222,804"
BBILS,-,-,-,-,-,-,-,-,-,-,-,-,-,99.30,0.00%,"386,590"
BBILT,-,-,-,-,-,-,-,-,-,-,-,-,-,28.04,-0.11%,"17,233"
BBILZ,-,-,-,-,-,-,-,-,-,-,-,-,-,100.82,0.01%,"168,443"
BBINC,-,-,-,-,-,-,-,-,-,-,-,-,-,51.97,-0.17%,"1,030,912"
BBINT,-,-,-,-,-,-,-,-,-,-,-,-,-,33.25,0.15%,"35,780"
BBINV,-,-,-,-,-,-,-,-,-,-,-,-,-,45.05,-0.85%,"22,321"
BBIO,9.55B,43.04,34.33,8.12,3.69,1.32,5.89,27.04,-2.81%,7.32%,-26.08%,4.23%,0.29%,355.23,-0.29%,"213,582"
BBIOA,477.33M,-,-,-,46.07,1.27,1.50,-,-8.51%,12.15%,-,-4.62%,-,10.40,-1.89%,"671,937"
BBIOT,10.92M,-,-,-,-,-,1092.29,-,-,-,-416.29%,-,-,0.38,3.38%,"194,130"
BBIOX,27.64M,-,-,-,0.10,0.42,1.85,0.40,-,-,-,-,14.10%,0.44,-2.65%,"57,699"
BBIOY,-,-,-,-,-,-,-,-,-,-,-,-,-,21.20,0.66%,"1,214"
BBIP,17.92B,64.82,58.71,-,0.71,4.04,5.81,-,-32.83%,9.63%,33.89%,-5.94%,21.06%,38.91,-2.09%,"416,865"
BBIPC,5.37B,-,19.36,-,1.45,-,7.02,-,73.05%,553.33%,25.58%,-,20.73%,39.50,-2.32%,"642,596"
BBIRD,29.28M,-,-,-,0.21,1.33,1.88,-,-,-,-21.50%,-,-7.01%,2.48,-2.75%,"282,766"
BBIRK,6.96B,17.70,13.61,0.88,2.63,2.10,8.78,24.56,5.84%,22.64%,40.11%,15.55%,19.14%,37.86,-3.79%,"3,472,292"
BBIS,-,-,-,-,-,-,-,-,-,-,-,-,-,12.29,-2.80%,"15,896"
BBIT,691.03M,11.42,-,-,-,-,-,-,-,-,-,-,-,12.11,-0.49%,"641,901"
BBITA,-,-,-,-,-,-,-,-,-,-,-,-,-,51.59,2.02%,"19,547"
BBITB,-,-,-,-,-,-,-,-,-,-,-,-,-,34.90,2.26%,"844,229"
BBITC,-,-,-,-,-,-,-,-,-,-,-,-,-,35.49,0.00%,543
BBITI,-,-,-,-,-,-,-,-,-,-,-,-,-,23.84,-2.21%,"856,286"
BBITO,-,-,-,-,-,-,-,-,-,-,-,-,-,8.69,2.24%,"76,716,372"
BBITQ,-,-,-,-,-,-,-,-,-,-,-,-,-,23.36,2.91%,"261,798"
BBITS,-,-,-,-,-,-,-,-,-,-,-,-,-,56.35,2.26%,"1,014"
BBITU,-,-,-,-,-,-,-,-,-,-,-,-,-,9.39,4.33%,"3,157,651"
BBITW,-,-,-,-,-,-,-,-,-,-,-,-,-,41.36,2.22%,"30,967"
BBITX,-,-,-,-,-,-,-,-,-,-,-,-,-,12.11,4.49%,"9,550,053"
BBITY,-,-,-,-,-,-,-,-,-,-,-,-,-,25.66,2.58%,"1,393"
BBIV,-,-,-,-,-,-,-,-,-,-,-,-,-,75.45,-0.20%,"1,572,041"
BBIVI,8.83M,-,-,-,-,0.86,0.98,-,90.18%,47.06%,70.98%,63.90%,-,1.17,-16.43%,"2,764,721"
BBIXI,302.54M,87.24,-,-,-,1.39,139.42,-,-,-,-,-,-,10.05,-0.09%,"3,668"
BBIYA,16.56M,-,-,-,1.01,0.05,24.01,-,-,-,-,-,-,2.63,-0.75%,"134,866"
BBIZD,-,-,-,-,-,-,-,-,-,-,-,-,-,13.18,-1.42%,"2,694,706"
BBJ,12.06B,21.69,19.22,3.24,0.55,5.67,433.28,55.22,3.04%,8.37%,7.63%,5.94%,6.82%,94.43,1.09%,"1,453,248"
BBJAN,-,-,-,-,-,-,-,-,-,-,-,-,-,60.34,-0.15%,"4,697"
BBJDX,4.56M,-,-,-,-,0.21,0.47,-,-,-,65.04%,-,-,1.02,-2.86%,"386,882"
BBJRI,1.41B,35.38,24.23,1.83,0.98,3.53,97.70,30.65,4.85%,15.41%,-,13.27%,12.44%,66.27,-2.47%,"337,932"
BBJUL,-,-,-,-,-,-,-,-,-,-,-,-,-,55.65,-0.27%,"5,479"
BBJUN,-,-,-,-,-,-,-,-,-,-,-,-,-,49.90,-0.26%,"2,776"
BBKAG,-,-,-,-,-,-,-,-,-,-,-,-,-,41.26,-0.23%,"170,513"
BBKCG,-,-,-,-,-,-,-,-,-,-,-,-,-,39.41,-0.49%,"2,174"
BBKCH,-,-,-,-,-,-,-,-,-,-,-,-,-,66.32,2.19%,"23,063"
BBKCI,-,-,-,-,-,-,-,-,-,-,-,-,-,54.53,-0.39%,"4,174"
BBKD,2.92B,-,71.94,-,0.96,-,6.89,123.08,100.92%,1545.21%,-,-,-1.38%,12.23,-3.24%,"3,916,856"
BBKDV,-,-,-,-,-,-,-,-,-,-,-,-,-,34.74,-0.71%,"170,296"
BBKE,2.23B,9.91,10.40,8.25,1.69,4.85,7.67,10.07,2.22%,-1.86%,9.27%,1.26%,7.57%,43.19,-2.09%,"433,705"
BBKEM,-,-,-,-,-,-,-,-,-,-,-,-,-,30.87,0.65%,"6,410"
BBKF,-,-,-,-,-,-,-,-,-,-,-,-,-,40.42,0.39%,663
BBKFI,-,-,-,-,-,-,-,-,-,-,-,-,-,23.49,-0.21%,"18,344"
BBKGI,-,-,-,-,-,-,-,-,-,-,-,-,-,44.37,-0.60%,"183,000"
BBKH,5.60B,18.50,16.03,2.73,2.43,1.42,70.39,-,5.93%,5.41%,1.79%,5.87%,6.36%,73.39,-1.21%,"771,578"
BBKHA,48.75M,148.25,-,-,-,2.43,4875.07,-,-,-,-,-,-,11.83,-1.33%,539
BBKHY,-,-,-,-,-,-,-,-,-,-,-,-,-,47.28,-0.16%,"33,650"
BBKIE,-,-,-,-,-,-,-,-,-,-,-,-,-,34.91,-0.23%,"148,987"
BBKKT,320.89M,-,-,-,0.29,0.91,6.29,-,138.93%,-,-13.59%,-,-,7.12,-6.93%,"1,788,246"
BBKLC,-,-,-,-,-,-,-,-,-,-,-,-,-,49.41,-0.50%,"357,128"
BBKLG,-,-,-,-,-,-,-,-,-,-,-,-,-,25.84,-0.38%,12
BBKLN,-,-,-,-,-,-,-,-,-,-,-,-,-,20.58,0.05%,"5,578,171"
BBKMC,-,-,-,-,-,-,-,-,-,-,-,-,-,41.92,-0.34%,"93,074"
BBKMI,-,-,-,-,-,-,-,-,-,-,-,-,-,26.05,0.06%,"35,489"
BBKMS,-,-,-,-,-,-,-,-,-,-,-,-,-,25.45,0.02%,"40,709"
BBKNG,153.85B,22.65,16.53,1.02,5.45,-,8.79,16.13,14.58%,18.53%,158.57%,16.24%,31.69%,204.76,-3.44%,"5,954,908"
BBKR,64.42B,20.85,21.89,2.08,2.32,3.23,3.78,20.60,-0.26%,14.32%,-,10.54%,6.02%,64.90,0.12%,"5,895,568"
BBKSE,-,-,-,-,-,-,-,-,-,-,-,-,-,45.52,-0.58%,"4,949"
BBKSY,1.26B,-,-,-,11.56,5.91,5.16,-,27.57%,68.58%,29.68%,-,38.21%,30.77,-0.49%,"1,018,854"
BBKT,338.46M,11.00,-,-,27.72,0.91,-,-,-,-,-,-,-,10.45,0.29%,"74,793"
BBKTI,287.30M,22.41,18.06,-,3.17,5.53,9.60,14.63,-16.90%,17.55%,113.67%,-,14.31%,76.22,3.00%,"41,245"
BBKU,3.41B,13.14,10.73,1.12,1.84,1.15,-,8.30,10.90%,13.95%,11.36%,9.54%,9.67%,47.86,-0.99%,"700,880"
BBKUI,-,-,-,-,-,-,-,-,-,-,-,-,-,49.67,0.02%,"64,877"
BBKV,2.88B,9.59,14.13,0.65,2.51,1.25,17.14,-,19.01%,11.89%,-,21.77%,49.13%,26.35,-1.42%,"596,357"
BBKYI,4.51M,-,14.27,-,0.66,0.79,3.27,-,76.52%,113.58%,50.83%,-,15.92%,3.14,-1.26%,"49,285"
BBL,1.70B,52.31,10.54,0.69,2.33,5.41,3.23,9.64,16.65%,11.90%,-,15.24%,14.77%,29.30,-4.03%,"855,770"
BBLBD,2.02B,7.76,13.51,1.61,1.26,3.09,17.32,13.21,10.44%,-2.23%,53.90%,8.39%,10.98%,63.88,-1.43%,"732,354"
BBLCK,-,-,-,-,-,-,-,-,-,-,-,-,-,22.61,1.96%,211
BBLCO,6.07B,-,15.70,0.38,1.14,0.95,16.06,43.33,54.68%,37.29%,-,41.11%,8.38%,17.00,-0.29%,"407,661"
BBLCR,-,-,-,-,-,-,-,-,-,-,-,-,-,50.67,-0.10%,"494,122"
BBLCV,-,-,-,-,-,-,-,-,-,-,-,-,-,42.95,-1.12%,"7,980"
BBLDG,-,-,-,-,-,-,-,-,-,-,-,-,-,26.81,-0.45%,745
BBLDP,783.85M,-,-,-,7.38,1.40,1.55,-,44.62%,24.28%,-7.93%,30.88%,-0.88%,2.60,-3.70%,"3,638,223"
BBLDR,7.55B,76.36,15.64,-,0.52,1.89,115.07,11.82,-54.86%,44.32%,7.92%,-6.57%,12.16%,70.21,-3.17%,"1,633,421"
BBLDX,-,-,-,-,-,-,-,-,-,-,-,-,-,26.44,-0.32%,433
BBLES,-,-,-,-,-,-,-,-,-,-,-,-,-,49.86,-0.30%,"6,285"
BBLFS,1.73B,36.66,106.05,-,16.86,4.13,21.04,213.78,299.00%,-32.81%,-55.02%,-,14.88%,35.45,1.08%,"395,624"
BBLGR,-,-,-,-,-,-,-,-,-,-,-,-,-,32.69,-0.53%,"18,265"
BBLIN,12.60M,-,-,-,0.81,1.42,8.57,-,-,-,15.50%,-,7.12%,1.00,0.00%,"65,210"
BBLIV,24.99M,-,-,-,43.09,3.67,3.75,-,-,-,23.25%,-,-27.85%,2.30,0.00%,"1,112"
BBLK,186.38B,28.54,17.77,1.14,6.75,3.24,17.76,53.99,17.31%,14.40%,2.08%,15.57%,8.04%,1147.11,-2.27%,"450,463"
BBLKB,1.97B,13.54,7.27,-,1.72,29.46,2.24,5.98,17.87%,13.82%,71.80%,-,4.31%,43.39,-4.11%,"547,983"
BBLLN,4.43B,152.43,90.42,0.68,11.15,8.19,8.08,133.59,465.31%,31.23%,-,132.78%,-,93.91,0.62%,"490,397"
BBLMN,915.29M,31.85,10.00,2.90,0.23,2.12,13.74,5.91,-14.18%,10.18%,-,3.45%,4.53%,10.69,1.33%,"1,720,738"
BBLND,350.03M,-,31.71,0.27,2.69,-,7.48,46.36,650.00%,-37.78%,21.70%,118.98%,5.18%,1.48,-0.67%,"2,222,629"
BBLNE,31.96M,-,-,-,3.19,0.64,21.60,-,-,-,59.46%,-,-11.12%,0.98,-2.97%,"436,659"
BBLNK,84.37M,-,-,-,0.87,1.75,2.48,-,69.89%,38.70%,-5.17%,58.33%,75.43%,0.58,-1.76%,"1,334,655"
BBLOK,-,-,-,-,-,-,-,-,-,-,-,-,-,61.08,0.58%,"124,147"
BBLOX,-,-,-,-,-,-,-,-,-,-,-,-,-,13.28,2.15%,"334,588"
BBLRK,177.59M,85.18,-,-,-,1.37,522.32,-,-,-,-,-,-,10.06,0.00%,617
BBLRX,11.54M,-,-,-,8.18,0.69,0.66,-,-,-,66.78%,-,-,2.64,-4.35%,"19,700"
BBLSG,-,-,-,-,-,-,-,-,-,-,-,-,-,1.76,4.72%,"179,755"
BBLSH,3.75B,-,30.48,0.60,10.60,1.55,11.37,58.42,42.54%,89.30%,-,51.15%,-,24.96,2.34%,"2,445,794"
BBLSM,501.88M,-,-,-,-,-,4.33,-,-,-,-,-,-,16.38,1.24%,"190,677"
BBLST,-,-,-,-,-,-,-,-,-,-,-,-,-,24.88,-0.06%,"10,886"
BBLTD,-,-,-,-,-,-,-,-,-,-,-,-,-,24.26,-0.53%,"13,713"
BBLTE,6.57B,-,93.20,-,-,8.46,23.48,-,-39.76%,154.24%,-549.64%,-,-,163.21,0.25%,"180,993"
BBLUC,-,-,-,-,-,-,-,-,-,-,-,-,-,32.16,-0.46%,"23,951"
BBLUI,-,-,-,-,-,-,-,-,-,-,-,-,-,25.75,-0.17%,"81,452"
BBLUW,334.71M,38.00,-,-,-,1.32,11157.00,-,-,-,-,-,-,10.36,0.00%,"50,156"
BBLUX,-,-,-,-,-,-,-,-,-,-,-,-,-,32.99,-0.44%,"35,326"
BBLV,-,-,-,-,-,-,-,-,-,-,-,-,-,65.44,-0.68%,"476,143"
BBLW,500.86M,10.50,-,-,8.29,0.92,-,-,-,-,-,-,-,12.81,-0.47%,"154,353"
BBLX,1.93B,9.10,7.73,0.95,2.29,1.32,-,9.74,6.06%,10.03%,30.66%,8.11%,34.57%,55.10,-0.14%,"127,537"
BBLZE,1.20B,-,78.91,65.76,7.68,13.54,24.06,50.39,206.12%,14.67%,-15.82%,1.20%,22.08%,19.39,1.95%,"2,242,071"
BBLZR,349.60M,45.75,-,-,-,1.28,368.00,-,-,-,-,-,-,10.17,-0.10%,"2,076"
BBMA,4.95B,17.79,6.69,0.10,1.00,1.19,-,2.89,101.02%,79.55%,-11.50%,68.38%,19.30%,78.83,1.57%,"255,337"
BBMAR,-,-,-,-,-,-,-,-,-,-,-,-,-,58.95,-0.21%,"2,707"
BBMAY,-,-,-,-,-,-,-,-,-,-,-,-,-,48.53,-0.24%,"2,788"
BBMBL,343.11M,-,2.80,-,0.38,0.66,2.23,1.35,98.44%,1087.27%,-36.39%,-,10.65%,2.60,-4.06%,"2,878,237"
BBME,573.83M,7.50,-,-,74.18,1.01,-,-,-,-,-,-,-,44.40,0.59%,"23,900"
BBMEA,97.85M,-,-,-,-,8.06,2.78,-,33.88%,-31.68%,-46.26%,12.54%,-,1.35,2.27%,"634,183"
BBMED,-,-,-,-,-,-,-,-,-,-,-,-,-,32.44,0.84%,130
BBMEZ,1.00B,6.31,-,-,-,-,-,-,-,-,-,-,-,16.02,-0.19%,"82,071"
BBMGL,8.21M,-,-,-,0.74,1.68,7.90,-,-,-,-,-,-,5.25,-0.19%,"4,104"
BBMHL,145.08M,114.73,-,-,18.25,13.52,154.34,-,-,-,-,-,-,5.84,0.17%,421
BBMI,3.73B,30.12,26.58,4.97,4.23,5.46,38.97,24.82,-7.81%,9.67%,23.19%,5.35%,16.59%,128.70,-1.62%,"314,451"
BBMM,423.47M,-,43.71,1.23,-,1.96,3.75,-,19.52%,127.61%,-24.03%,35.66%,-,5.11,6.02%,"199,772"
BBMN,157.01M,21.83,-,-,-,-,-,-,-,-,-,-,-,25.54,0.35%,"3,026"
BBMNG,-,-,-,-,-,-,-,-,-,-,-,-,-,16.01,5.78%,"356,802"
BBMNR,11.30B,-,32.86,-,184.64,0.94,25.65,-,-,-,-,-,-,18.73,3.60%,"30,953,527"
BBMNU,-,-,-,-,-,-,-,-,-,-,-,-,-,11.73,7.32%,"2,940,465"
BBMNZ,-,-,-,-,-,-,-,-,-,-,-,-,-,11.87,-6.83%,"665,939"
BBMO,130.84B,19.62,15.88,1.14,2.35,2.27,-,3.80,19.62%,11.76%,7.81%,13.97%,16.93%,185.28,-0.29%,"397,385"
BBMOP,-,-,-,-,-,-,-,-,-,-,-,-,-,24.74,-0.01%,"49,492"
BBMR,20.03M,-,-,-,6.88,1.72,2.59,-,-,-,-26.29%,-,-0.52%,1.29,-2.27%,"31,169"
BBMRA,4.82M,-,-,-,1.11,1.42,3.60,-,-,-,-3.30%,-,-4.52%,1.56,-1.27%,"4,648"
BBMRC,456.03M,-,11.74,-,4.18,1.15,-,12.08,201.56%,5.42%,-,-,-6.87%,28.16,-0.46%,"132,513"
BBMRN,12.90B,179.67,10.00,0.16,3.73,2.04,14.76,17.48,179.93%,32.24%,-16.79%,63.07%,11.97%,66.64,-1.07%,"2,238,135"
BBMSI,-,-,-,-,-,-,-,-,-,-,-,-,-,25.28,-0.16%,206
BBMVP,-,-,-,-,-,-,-,-,-,-,-,-,-,54.78,-0.33%,"3,144"
BBMY,132.02B,14.24,9.86,-,2.68,5.92,11.93,11.54,12.67%,-5.44%,-,-2.89%,2.54%,64.63,1.25%,"7,289,181"
BBN,104.82B,79.64,12.55,0.68,1.32,2.25,5.25,-,21.29%,23.73%,-,18.50%,4.05%,42.75,-2.51%,"4,255,064"
BBNAI,108.47M,-,-,-,208.60,6.14,152.78,-,-,-,-339.66%,41.62%,-,16.05,0.94%,"149,804"
BBNAV,-,-,-,-,-,-,-,-,-,-,-,-,-,24.90,1.71%,579
BBNC,104.59M,-,-,-,3.56,0.36,34.18,-,-,-,33.79%,-,-16.39%,2.54,-3.05%,"133,048"
BBND,-,-,-,-,-,-,-,-,-,-,-,-,-,72.16,-0.21%,"7,752,099"
BBNDC,-,-,-,-,-,-,-,-,-,-,-,-,-,21.69,-0.22%,"4,112"
BBNDD,-,-,-,-,-,-,-,-,-,-,-,-,-,94.65,-0.79%,"1,297"
BBNDI,-,-,-,-,-,-,-,-,-,-,-,-,-,46.21,-0.19%,"37,949"
BBNDP,-,-,-,-,-,-,-,-,-,-,-,-,-,73.09,-0.17%,"6,213"
BBNDS,-,-,-,-,-,-,-,-,-,-,-,-,-,50.22,-0.33%,"36,136"
BBNDW,-,-,-,-,-,-,-,-,-,-,-,-,-,67.37,-0.20%,"111,068"
BBNDX,-,-,-,-,-,-,-,-,-,-,-,-,-,47.65,-0.15%,"3,608,168"
BBNDY,-,-,-,-,-,-,-,-,-,-,-,-,-,24.71,-0.39%,"43,541"
BBNED,411.47M,24.79,-,-,0.24,1.39,14.58,12.15,32.41%,-,-,-,3.64%,11.87,-2.22%,"169,607"
BBNGE,-,-,-,-,-,-,-,-,-,-,-,-,-,32.68,-1.18%,62
BBNGO,14.02M,-,-,-,0.46,0.44,1.35,-,67.10%,54.67%,54.05%,56.92%,27.37%,1.19,0.85%,"126,261"
BBNKD,-,-,-,-,-,-,-,-,-,-,-,-,-,25.54,0.41%,732
BBNKK,7.80M,-,-,-,0.84,0.28,26.91,-,-,-,3.55%,-,29.82%,0.98,-9.67%,"561,855"
BBNKU,-,-,-,-,-,-,-,-,-,-,-,-,-,48.03,-0.68%,"6,835"
BBNL,4.07B,28.31,25.54,1.24,8.53,1.41,366.84,15.84,60.27%,3.68%,2.92%,20.66%,7.24%,21.22,-0.79%,"1,872,836"
BBNMC,-,-,-,-,-,-,-,-,-,-,-,-,-,37.48,5.66%,13
BBNO,-,-,-,-,-,-,-,-,-,-,-,-,-,51.97,2.63%,"1,121,982"
BBNOV,-,-,-,-,-,-,-,-,-,-,-,-,-,49.27,0.02%,"17,324"
BBNR,79.99M,-,-,-,1.11,1.28,1.23,-,-,-,40.80%,-,3.80%,9.10,3.06%,"3,565"
BBNS,112.59B,17.43,13.78,1.06,2.22,1.98,-,9.04,17.18%,11.54%,0.65%,13.04%,10.16%,91.35,-0.21%,"972,135"
BBNT,11.69B,-,-,-,0.99,0.71,-,4.67,-,-,-,-,86.60%,42.86,-2.21%,"10,243"
BBNTC,448.95M,-,-,-,-,2.45,2.43,-,4.35%,3.13%,62.31%,-1.25%,-,13.07,4.06%,"81,455"
BBNTX,23.01B,-,-,-,7.44,1.13,1.36,47.98,-17.19%,-2.68%,-,2.86%,42.57%,91.60,-1.60%,"443,531"
BBNY,111.46B,19.12,16.02,1.05,2.75,2.79,-,70.01,24.74%,11.07%,14.10%,15.26%,19.27%,164.27,0.63%,"2,326,056"
BBOAT,-,-,-,-,-,-,-,-,-,-,-,-,-,47.65,2.69%,"63,238"
BBOBP,-,-,-,-,-,-,-,-,-,-,-,-,-,30.70,0.70%,"2,279"
BBOBS,2.40B,-,17.34,4.08,-,4.51,56.80,-,-12.94%,14.62%,-,4.25%,-,18.34,-3.07%,"527,282"
BBOC,396.41M,-,-,-,3.64,0.79,10.89,-,-,-,-190.87%,-,20.12%,13.12,-5.88%,"179,601"
BBOCT,-,-,-,-,-,-,-,-,-,-,-,-,-,54.47,-0.13%,"4,022"
BBODI,46.62M,3.94,71.11,-,0.21,1.25,1.27,6.54,126.34%,-16.67%,57.20%,-,-21.85%,6.40,-8.96%,"119,939"
BBOE,693.33M,6.81,-,-,44.60,0.97,-,-,-,-,-,-,-,12.47,0.16%,"78,467"
BBOEG,-,-,-,-,-,-,-,-,-,-,-,-,-,14.21,-4.55%,"22,788"
BBOEU,-,-,-,-,-,-,-,-,-,-,-,-,-,35.91,-4.45%,"15,804"
BBOF,61.41M,-,-,-,4.29,13.74,292.44,-,-,-,-36.51%,-,109.27%,4.01,-3.61%,"36,507"
BBOH,3.15B,14.86,11.94,-,2.95,2.06,-,15.49,29.13%,11.86%,3.72%,-,8.97%,79.83,-0.57%,"314,134"
BBOIL,-,-,-,-,-,-,-,-,-,-,-,-,-,18.68,-3.46%,"4,707,526"
BBOKF,8.85B,13.71,13.59,2.08,2.57,1.46,-,13.67,16.14%,0.71%,8.16%,6.53%,11.06%,145.72,-0.24%,"169,017"
BBOLD,64.38M,-,-,-,-,0.96,0.89,-,2.69%,61.26%,-23.10%,-,-,2.83,0.00%,"139,125"
BBOLT,6.16M,-,-,-,1.31,0.49,0.35,-,8.05%,-23.02%,11.84%,-19.99%,101.61%,3.20,-4.48%,"24,576"
BBON,9.27M,-,-,-,0.50,0.16,1.48,-,-,-,-,-,0.49%,1.14,3.64%,"23,025"
BBOND,-,-,-,-,-,-,-,-,-,-,-,-,-,90.42,-0.22%,"411,105"
BBOOM,149.94M,-,20.09,-,0.26,0.63,5.25,13.73,84.29%,760.61%,-56.57%,-,21.62%,7.30,-3.31%,"109,727"
BBOOT,4.97B,20.77,16.28,0.97,2.12,3.66,35.69,42.59,24.90%,9.83%,29.54%,16.82%,20.33%,164.13,0.50%,"688,529"
BBORR,1.38B,-,26.71,0.55,1.36,1.44,6.17,-,-455.23%,127.90%,-,48.22%,27.12%,4.50,1.58%,"9,269,951"
BBOSC,32.43M,10.28,8.36,-,0.69,1.10,3.04,-,-16.95%,12.24%,-,-,8.55%,4.60,0.88%,"24,612"
BBOT,769.56M,-,-,-,-,-,-,-,-,-,-,-,-,32.49,2.59%,"454,368"
BBOTJ,125.99M,10.97,-,-,1.94,1.52,-,10.94,-,-,13.75%,-,9.22%,27.73,-0.14%,"77,185"
BBOTT,-,-,-,-,-,-,-,-,-,-,-,-,-,47.04,2.05%,"22,280"
BBOTZ,-,-,-,-,-,-,-,-,-,-,-,-,-,37.82,0.21%,"454,907"
BBOUT,-,-,-,-,-,-,-,-,-,-,-,-,-,45.26,1.25%,747
BBOW,1.10B,18.01,13.87,0.75,1.80,2.33,-,3.39,20.63%,21.17%,-,18.52%,-,33.45,-0.18%,"542,514"
BBOX,4.47B,49.49,17.93,1.20,3.71,-,9.35,12.34,9.44%,14.29%,-,14.98%,8.84%,32.29,-1.10%,"2,678,982"
BBOXA,-,-,-,-,-,-,-,-,-,-,-,-,-,104.47,-0.20%,233
BBOXL,4.82M,-,-,-,0.05,-,1.12,-,-,-,15.78%,-,14.76%,7.22,3.88%,"374,860"
BBOXX,-,-,-,-,-,-,-,-,-,-,-,-,-,117.86,-0.01%,"2,285,800"
BBP,110.35B,20.64,10.41,1.05,0.51,1.90,2.96,6.83,110.44%,-32.11%,-,9.93%,12.37%,42.85,0.75%,"8,914,262"
BBPAC,75.10M,284.08,-,-,-,1.31,2503.33,-,-,-,-,-,-,10.17,0.00%,"110,165"
BBPAY,-,-,-,-,-,-,-,-,-,-,-,-,-,27.04,-1.82%,670
BBPH,-,-,-,-,-,-,-,-,-,-,-,-,-,66.87,0.69%,255
BBPI,-,-,-,-,-,-,-,-,-,-,-,-,-,20.68,2.20%,"1,698"
BBPOP,11.28B,11.94,10.15,0.60,2.48,1.76,-,14.29,31.34%,9.19%,1.42%,17.04%,10.09%,176.91,-0.54%,"306,488"
BBPRE,-,-,-,-,-,-,-,-,-,-,-,-,-,12.04,-2.51%,"686,028"
BBPRN,291.33M,11.25,11.17,-,2.14,1.04,-,12.46,41.65%,-0.24%,6.18%,-,15.89%,42.76,-1.63%,"33,318"
BBPRO,-,-,-,-,-,-,-,-,-,-,-,-,-,21.05,1.32%,641
BBQ,2.99M,-,-,-,0.05,0.18,0.42,-,-,-,64.66%,-,-16.87%,1.04,-6.31%,"407,324"
BBR,19.14B,17.44,14.52,1.49,2.56,6.74,47.39,14.97,9.95%,9.52%,15.62%,9.73%,7.84%,167.84,-1.85%,"1,457,578"
BBRAG,44.49M,-,-,-,0.37,0.55,11.77,2.53,61.35%,31.72%,28.60%,-,17.74%,1.46,-4.58%,"19,828"
BBRAI,1.13B,-,-,-,-,-,10229.50,-,-,-,-,-,-,5.46,-1.09%,"26,428"
BBRAZ,-,-,-,-,-,-,-,-,-,-,-,-,-,29.46,0.00%,254
BBRBI,-,-,-,-,-,-,-,-,-,-,-,-,-,9.13,-2.82%,242
BBRBR,1.18B,7.16,7.70,-,0.50,-,23.21,5.26,-51.88%,26.56%,23.11%,-11.01%,18.57%,10.18,-5.30%,"3,828,724"
BBRBS,358.75M,43.06,-,-,2.63,1.30,-,27.79,-,-,-44.41%,-,17.61%,4.00,8.40%,"6,723,841"
BBRC,4.44B,21.47,15.98,1.30,2.74,3.31,25.31,24.49,14.67%,11.85%,13.27%,12.27%,6.96%,94.26,0.13%,"132,327"
BBRCB,395.58M,104.64,28.51,-,1.77,3.21,24.77,-,120.14%,41.61%,-,-,-,7.90,-3.54%,"402,801"
BBRCC,204.11M,-,10.19,-,0.48,2.02,16.97,26.58,115.38%,300.00%,-,-,19.43%,0.82,-3.98%,"1,235,819"
BBRCE,-,-,-,-,-,-,-,-,-,-,-,-,-,30.57,-0.44%,357
BBREE,-,-,-,-,-,-,-,-,-,-,-,-,-,27.30,0.80%,855
BBREM,-,-,-,-,-,-,-,-,-,-,-,-,-,50.74,-0.30%,122
BBRES,-,-,-,-,-,-,-,-,-,-,-,-,-,27.81,-0.58%,620
BBREW,-,-,-,-,-,-,-,-,-,-,-,-,-,26.82,-1.12%,61
BBREZ,144.07M,-,-,-,-,-,-,-,-,-,-,-,-,9.97,0.10%,157
BBRF,-,-,-,-,-,-,-,-,-,-,-,-,-,14.98,0.48%,"3,965"
BBRFH,21.47M,-,-,-,1.07,-,67.11,-,14.71%,86.21%,15.21%,-,40.80%,1.33,-30.73%,"174,586"
BBRHY,-,-,-,-,-,-,-,-,-,-,-,-,-,50.95,-0.20%,"10,360"
BBRIA,41.65M,-,8.50,-,-,-,-,-,800.00%,128.57%,-,-,-,1.36,-1.45%,"6,804"
BBRID,57.73M,-,-,-,0.25,0.53,69.55,-,-,-,-,-,3.13%,6.36,-0.93%,"8,403"
BBRIE,-,-,-,-,-,-,-,-,-,-,-,-,-,31.21,0.29%,"136,213"
BBRIF,-,-,-,-,-,-,-,-,-,-,-,-,-,38.28,-0.01%,"3,806"
BBRK-A,959.53B,12.53,22.61,6.91,2.49,1.43,2.63,39.63,6.77%,0.17%,11.79%,3.27%,8.63%,747400.00,-1.08%,233
BBRK-B,958.85B,12.53,22.59,6.91,2.49,1.43,2.62,39.60,6.77%,0.17%,11.79%,3.27%,8.63%,498.23,-1.15%,"4,789,772"
BBRKC,-,-,-,-,-,-,-,-,-,-,-,-,-,39.60,-1.08%,"5,493"
BBRKH,117.25M,-,-,-,-,1.44,177.65,-,-,-,-,-,-,9.97,0.00%,112
BBRKL,-,-,-,-,-,-,-,-,-,-,-,-,-,23.88,-2.25%,124
BBRKR,8.79B,-,23.91,1.56,2.51,3.69,39.49,93.57,16.02%,13.58%,-,15.33%,11.57%,57.67,-0.05%,"1,808,446"
BBRKU,-,-,-,-,-,-,-,-,-,-,-,-,-,22.48,-2.28%,"148,258"
BBRKW,-,-,-,-,-,-,-,-,-,-,-,-,-,38.55,-1.83%,"6,829"
BBRLN,-,-,-,-,-,-,-,-,-,-,-,-,-,50.83,-0.17%,"9,358"
BBRLS,18.71M,-,-,-,0.61,-,38.99,-,-,-,-162.69%,-,-,0.87,1.87%,"5,932"
BBRLT,124.26M,-,13.19,-,0.28,1.69,1.65,43.14,305.67%,49.92%,-,-,11.68%,1.22,-8.27%,"185,595"
BBRN,13.85M,-,-,-,1.20,1.56,3.10,-,-,-,-3.64%,-,-5.34%,0.96,-0.62%,"47,499"
BBRNS,24.24M,-,-,-,-,0.43,0.41,-,30.79%,-17.18%,-,11.16%,-,0.59,0.42%,"44,398"
BBRNX,2.20M,-,-,-,5.64,0.12,0.44,-,-,-,22.81%,-,-,3.05,-14.08%,"3,413,108"
BBRNY,-,-,-,-,-,-,-,-,-,-,-,-,-,59.82,-0.42%,"28,274"
BBRO,23.04B,21.77,14.23,1.93,3.39,1.81,25.10,15.93,5.41%,7.74%,13.38%,7.38%,17.72%,68.86,-2.38%,"1,690,051"
BBROL,-,-,-,-,-,-,-,-,-,-,-,-,-,26.38,-0.08%,"1,031"
BBROS,8.81B,71.07,39.88,1.41,4.68,8.72,32.79,117.09,25.93%,32.11%,-,28.21%,37.99%,50.42,-3.08%,"4,803,354"
BBRR,160.83M,-,-,-,-,0.61,10.48,-,-,-,-,-,-,1.82,8.33%,"651,949"
BBRRR,-,-,-,-,-,-,-,-,-,-,-,-,-,18.11,2.18%,"26,738"
BBRSL,2.13B,12.87,15.24,-,0.86,2.52,3.68,-,-41.48%,42.60%,-,-1.30%,-4.28%,11.57,-1.87%,"1,539,862"
BBRSM,-,-,-,-,-,-,-,-,-,-,-,-,-,26.55,-0.37%,85
BBRSP,614.91M,-,7.36,-,1.83,0.71,3.62,7.20,-9.96%,14.53%,37.61%,-0.52%,-5.00%,4.86,-2.80%,"1,030,945"
BBRSV,-,-,-,-,-,-,-,-,-,-,-,-,-,45.52,-0.62%,"3,671"
BBRT,272.13M,-,-,-,2.78,1.63,11.06,22.93,-16.67%,0.65%,11.48%,-,28.14%,14.48,0.84%,"40,677"
BBRTMU,330.88M,-,-,-,-,76692.31,-,-,-,-,-,-,-,9.97,0.10%,386
BBRTR,-,-,-,-,-,-,-,-,-,-,-,-,-,49.40,-0.22%,"59,486"
BBRTX,5.61M,-,-,-,15.58,1.85,1.56,-,-,-,43.92%,-,36.11%,0.22,-2.61%,"224,365"
BBRUN,1.73B,178.47,15.12,-,-,-,-,-,112.91%,506.76%,-,-,-,22.63,-1.31%,"2,912,087"
BBRVE,2.11B,-,-,-,-,-,26.20,-,-,-,-,-,-,27.66,2.33%,"310,179"
BBRW,333.36M,8.40,-,-,13.38,0.86,-,-,-,-,-,-,-,6.55,-0.30%,"650,122"
BBRX,9.13B,21.23,28.81,-,6.51,3.02,49.07,22.11,-13.20%,-4.79%,25.30%,-4.35%,5.42%,29.76,-0.73%,"1,918,184"
BBRZE,3.15B,-,29.02,0.60,4.00,5.37,8.11,48.65,66.62%,52.13%,-28.69%,47.98%,37.50%,27.95,-3.39%,"1,390,936"
BBRZU,-,-,-,-,-,-,-,-,-,-,-,-,-,84.95,0.05%,"37,320"
BBRZX,-,-,-,-,-,-,-,-,-,-,-,-,-,22.22,0.16%,334
BBSAA,23.08M,443.25,-,-,-,56.70,144.26,-,-,-,-,-,-,11.17,0.13%,461
BBSAC,16.29B,14.89,11.75,1.48,2.96,3.21,-,-,6.98%,6.19%,10.45%,7.92%,9.91%,34.57,0.06%,"178,328"
BBSBK,118.91M,44.97,-,-,2.75,0.81,-,29.14,-,-,-0.52%,-,12.92%,9.25,1.87%,"34,263"
BBSBR,21.38B,16.37,6.53,0.93,0.59,2.61,-,-,-10.31%,17.02%,-2.57%,7.03%,19.46%,5.71,-1.04%,"3,453,981"
BBSCA,-,-,-,-,-,-,-,-,-,-,-,-,-,19.70,-0.40%,"21,288"
BBSCQ,-,-,-,-,-,-,-,-,-,-,-,-,-,19.56,0.03%,"707,168"
BBSCR,-,-,-,-,-,-,-,-,-,-,-,-,-,19.65,-0.03%,"415,741"
BBSCS,-,-,-,-,-,-,-,-,-,-,-,-,-,20.39,0.00%,"395,766"
BBSCT,-,-,-,-,-,-,-,-,-,-,-,-,-,18.57,-0.05%,"370,601"
BBSCU,-,-,-,-,-,-,-,-,-,-,-,-,-,16.58,0.00%,"421,485"
BBSCV,-,-,-,-,-,-,-,-,-,-,-,-,-,16.28,-0.06%,"298,583"
BBSCW,-,-,-,-,-,-,-,-,-,-,-,-,-,20.32,-0.12%,"171,187"
BBSCX,-,-,-,-,-,-,-,-,-,-,-,-,-,20.76,-0.22%,"169,032"
BBSCY,-,-,-,-,-,-,-,-,-,-,-,-,-,20.30,-0.32%,"109,885"
BBSCZ,-,-,-,-,-,-,-,-,-,-,-,-,-,20.03,-0.40%,"71,750"
BBSEM,53.50M,-,-,-,1.55,1.94,7.69,-,-400.00%,87.18%,-7.36%,-,81.44%,3.00,-6.54%,"94,846"
BBSEP,-,-,-,-,-,-,-,-,-,-,-,-,-,53.94,0.02%,"2,524"
BBSET,164.51M,29.96,15.97,5.74,0.49,1.00,3.05,45.20,12.86%,50.63%,-,2.78%,-2.77%,19.00,-0.63%,"19,196"
BBSGR,-,-,-,-,-,-,-,-,-,-,-,-,-,25.08,0.00%,"2,391"
BBSGT,-,-,-,-,-,-,-,-,-,-,-,-,-,25.08,0.00%,"4,070"
BBSIN,74.55M,-,-,-,10.85,2.01,12.22,-,51.43%,93.13%,35.95%,-,25.84%,1.42,-0.70%,"1,149,480"
BBSJQ,-,-,-,-,-,-,-,-,-,-,-,-,-,22.94,0.04%,"283,083"
BBSJR,-,-,-,-,-,-,-,-,-,-,-,-,-,22.42,-0.04%,"307,570"
BBSJS,-,-,-,-,-,-,-,-,-,-,-,-,-,21.82,-0.02%,"110,618"
BBSJT,-,-,-,-,-,-,-,-,-,-,-,-,-,21.19,0.02%,"131,248"
BBSJU,-,-,-,-,-,-,-,-,-,-,-,-,-,25.81,-0.09%,"78,412"
BBSJV,-,-,-,-,-,-,-,-,-,-,-,-,-,26.12,0.00%,"88,172"
BBSJW,-,-,-,-,-,-,-,-,-,-,-,-,-,25.32,0.04%,"68,926"
BBSJX,-,-,-,-,-,-,-,-,-,-,-,-,-,25.21,-0.07%,"9,613"
BBSJY,-,-,-,-,-,-,-,-,-,-,-,-,-,25.05,-0.20%,463
BBSL,170.17M,22.93,-,-,7.29,0.92,-,-,-,-,-,-,-,13.07,0.00%,"42,119"
BBSM,3.10B,12.16,12.48,3.12,6.94,3.81,1854.53,9.68,-41.67%,56.25%,21.25%,4.00%,7.32%,14.56,1.39%,"232,252"
BBSMC,-,-,-,-,-,-,-,-,-,-,-,-,-,40.47,-1.14%,"7,993"
BBSMQ,-,-,-,-,-,-,-,-,-,-,-,-,-,23.55,-0.02%,"57,834"
BBSMR,-,-,-,-,-,-,-,-,-,-,-,-,-,23.59,-0.04%,"50,887"
BBSMS,-,-,-,-,-,-,-,-,-,-,-,-,-,23.42,-0.04%,"36,019"
BBSMT,-,-,-,-,-,-,-,-,-,-,-,-,-,22.94,-0.48%,"31,815"
BBSMU,-,-,-,-,-,-,-,-,-,-,-,-,-,21.78,-0.12%,"23,311"
BBSMV,-,-,-,-,-,-,-,-,-,-,-,-,-,20.84,-0.24%,"23,237"
BBSMW,-,-,-,-,-,-,-,-,-,-,-,-,-,24.82,-0.12%,"21,137"
BBSMY,-,-,-,-,-,-,-,-,-,-,-,-,-,24.10,-0.28%,"4,268"
BBSMZ,-,-,-,-,-,-,-,-,-,-,-,-,-,24.99,-0.44%,"4,363"
BBSOL,-,-,-,-,-,-,-,-,-,-,-,-,-,10.37,1.27%,"2,123,440"
BBSP,24.46B,-,-,-,-,18.98,30.84,-,-,-,-,-,-,38.50,-2.06%,"1,231,183"
BBSR,-,-,-,-,-,-,-,-,-,-,-,-,-,31.02,-0.29%,131
BBSRR,529.04M,11.96,10.78,-,2.64,1.44,-,182.43,14.34%,6.41%,6.07%,-,8.10%,40.81,-0.49%,"78,964"
BBSSX,-,-,-,-,-,-,-,-,-,-,-,-,-,25.44,-0.23%,"4,900"
BBST,1.74B,7.01,-,-,-,-,-,-,-,-,-,-,-,50.08,0.52%,"124,191"
BBSTP,-,-,-,-,-,-,-,-,-,-,-,-,-,40.24,-0.15%,"5,300"
BBSTS,-,-,-,-,-,-,-,-,-,-,-,-,-,25.09,0.00%,"4,199"
BBSTU,-,-,-,-,-,-,-,-,-,-,-,-,-,25.03,-0.06%,"12,509"
BBSTV,-,-,-,-,-,-,-,-,-,-,-,-,-,25.01,-0.06%,380
BBSTZ,2.18B,6.86,-,-,-,-,-,-,-,-,-,-,-,31.71,0.73%,"184,073"
BBSV,-,-,-,-,-,-,-,-,-,-,-,-,-,77.61,-0.03%,"2,586,431"
BBSVN,496.20M,11.91,11.64,-,3.59,1.86,-,11.55,-1.85%,1.36%,16.97%,-,20.08%,52.09,-0.38%,"29,963"
BBSVO,-,-,-,-,-,-,-,-,-,-,-,-,-,30.06,-0.30%,"99,336"
BBSX,74.53B,20.85,15.01,2.09,3.55,2.98,115.02,20.56,7.95%,3.74%,-,7.19%,15.16%,51.43,-0.77%,"18,151,331"
BBSY,10.49B,38.29,22.19,1.53,6.55,8.72,71.40,21.05,15.45%,12.08%,15.16%,14.52%,13.38%,34.74,-4.14%,"1,829,416"
BBTAI,27.86M,-,-,-,37.65,-,2.02,-,54.28%,21.76%,37.62%,-,-,0.89,-25.21%,"2,199,616"
BBTAL,-,-,-,-,-,-,-,-,-,-,-,-,-,11.81,-0.42%,"335,242"
BBTBD,7.28M,-,-,-,0.56,1.32,2.00,17.76,-,-,-,-,10.57%,1.22,-3.94%,"29,984"
BBTBT,577.01M,-,36.93,-,4.70,1.47,6.57,-,-121.77%,106.30%,-37.92%,-,40.07%,1.60,1.91%,"30,471,904"
BBTC,-,-,-,-,-,-,-,-,-,-,-,-,-,28.43,2.23%,"1,271,386"
BBTCC,-,-,-,-,-,-,-,-,-,-,-,-,-,12.87,0.83%,"14,698"
BBTCI,-,-,-,-,-,-,-,-,-,-,-,-,-,28.61,1.92%,"532,212"
BBTCK,-,-,-,-,-,-,-,-,-,-,-,-,-,24.40,-0.25%,577
BBTCL,-,-,-,-,-,-,-,-,-,-,-,-,-,12.38,4.74%,"39,840"
BBTCO,-,-,-,-,-,-,-,-,-,-,-,-,-,63.95,2.21%,"39,354"
BBTCS,55.75M,-,-,-,3.29,0.79,199.11,-,-,-,-3.24%,-,-,1.12,0.00%,"690,499"
BBTCT,4.20M,-,-,-,-,-,-,-,26.36%,-,49.40%,-,-36.64%,0.44,-0.97%,"136,490"
BBTCU,-,-,-,-,-,-,-,-,-,-,-,-,-,16.84,4.57%,"26,651"
BBTCW,-,-,-,-,-,-,-,-,-,-,-,-,-,67.92,2.18%,"4,688"
BBTCZ,-,-,-,-,-,-,-,-,-,-,-,-,-,5.41,-4.51%,"9,796,792"
BBTDL,-,-,-,-,-,-,-,-,-,-,-,-,-,11.90,5.02%,"46,476"
BBTDR,2.55B,-,-,-,3.14,2.31,5.17,-,-62.50%,84.02%,-18.95%,-11.14%,11.97%,9.39,2.85%,"15,268,777"
BBTE,3.18B,22.88,13.88,-,1.46,2.13,6.27,10.75,139.38%,46.06%,29.58%,-,11.86%,4.55,4.12%,"10,331,510"
BBTF,-,-,-,-,-,-,-,-,-,-,-,-,-,17.27,0.96%,"3,877"
BBTG,6.87B,9.51,4.93,0.13,1.82,1.73,23.69,42.14,27.93%,79.42%,-12.82%,37.32%,11.34%,5.20,1.17%,"12,939,469"
BBTGD,-,-,-,-,-,-,-,-,-,-,-,-,-,22.74,3.22%,"15,744"
BBTGO,652.38M,-,50.04,-,0.03,1.54,0.12,-,-98.40%,114.71%,-,-,-,5.55,-3.65%,"1,836,847"
BBTI,120.13B,14.28,10.61,1.88,3.47,1.88,35.73,16.45,1.15%,7.97%,5.20%,5.64%,0.45%,55.73,-2.33%,"4,295,324"
BBTMD,49.22M,11.38,5.77,-,0.27,-,4.41,2.48,-96.28%,763.64%,11.37%,-12.25%,10.52%,1.37,-6.80%,"161,372"
BBTO,812.88M,11.62,-,-,31.02,1.14,-,-,-,-,-,-,-,41.02,-0.77%,"29,669"
BBTOC,12.31M,-,-,-,0.06,0.92,4.61,24.63,-,-,-,-,-,0.27,-4.24%,"81,484"
BBTOG,3.41M,-,-,-,85.24,-,0.39,-,-,-,45.90%,-,-72.31%,0.82,-0.01%,"35,791"
BBTOT,-,-,-,-,-,-,-,-,-,-,-,-,-,48.81,-0.19%,35
BBTQ,545.85M,-,-,-,-,43.36,79.11,-,-50.99%,45.45%,-54.83%,-,-,3.85,-5.17%,"1,627,785"
BBTR,-,-,-,-,-,-,-,-,-,-,-,-,-,28.51,-0.45%,6
BBTRN,-,-,-,-,-,-,-,-,-,-,-,-,-,24.79,0.55%,122
BBTSG,11.95B,45.10,26.18,0.64,0.83,5.82,21.71,29.94,81.81%,26.86%,-20.78%,41.10%,18.27%,60.38,-2.16%,"1,656,230"
BBTT,1.44B,16.36,-,-,17.35,0.91,-,-,-,-,-,-,-,22.57,-0.35%,"44,586"
BBTTC,6.46M,-,-,-,-,0.00,19.57,-,-,-,-97.93%,-,-,0.60,-1.87%,"327,726"
BBTU,3.16B,-,9.43,-,0.79,0.97,6.00,-,101.16%,55031.89%,53.10%,-,5.85%,25.91,1.69%,"2,110,515"
BBTX,-,-,-,-,-,-,-,-,-,-,-,-,-,9.25,1.54%,"638,360"
BBTZ,951.91M,9.27,-,-,17.13,0.72,-,-,-,-,-,-,-,10.20,-0.20%,"304,914"
BBUCK,-,-,-,-,-,-,-,-,-,-,-,-,-,23.43,0.21%,"130,905"
BBUD,135.06B,16.63,15.67,1.17,2.16,1.63,16.86,9.84,20.63%,9.48%,-,13.40%,4.75%,77.20,-3.17%,"1,558,183"
BBUDA,109.58M,45.54,24.91,0.63,7.78,5.07,5.82,-,0.00%,75.00%,-,39.25%,-,8.72,-2.35%,"26,680"
BBUFB,-,-,-,-,-,-,-,-,-,-,-,-,-,40.27,-0.25%,"39,240"
BBUFC,-,-,-,-,-,-,-,-,-,-,-,-,-,43.28,0.03%,"27,965"
BBUFD,-,-,-,-,-,-,-,-,-,-,-,-,-,30.28,-0.13%,"281,755"
BBUFE,-,-,-,-,-,-,-,-,-,-,-,-,-,21.72,0.50%,"9,589"
BBUFF,-,-,-,-,-,-,-,-,-,-,-,-,-,53.71,-0.17%,"64,802"
BBUFG,-,-,-,-,-,-,-,-,-,-,-,-,-,29.98,-0.13%,"17,419"
BBUFH,-,-,-,-,-,-,-,-,-,-,-,-,-,21.61,0.09%,"14,445"
BBUFI,-,-,-,-,-,-,-,-,-,-,-,-,-,43.34,-0.20%,"10,574"
BBUFM,-,-,-,-,-,-,-,-,-,-,-,-,-,41.26,-0.27%,"44,956"
BBUFP,-,-,-,-,-,-,-,-,-,-,-,-,-,32.77,-0.07%,"23,114"
BBUFQ,-,-,-,-,-,-,-,-,-,-,-,-,-,39.78,-0.08%,"108,749"
BBUFR,-,-,-,-,-,-,-,-,-,-,-,-,-,37.36,-0.19%,"907,515"
BBUFS,-,-,-,-,-,-,-,-,-,-,-,-,-,25.41,-0.19%,"21,810"
BBUFT,-,-,-,-,-,-,-,-,-,-,-,-,-,26.27,0.00%,"29,659"
BBUFX,-,-,-,-,-,-,-,-,-,-,-,-,-,22.51,-0.04%,"2,658"
BBUFY,-,-,-,-,-,-,-,-,-,-,-,-,-,24.02,-0.00%,"66,348"
BBUFZ,-,-,-,-,-,-,-,-,-,-,-,-,-,28.42,-0.21%,"129,392"
BBUG,-,-,-,-,-,-,-,-,-,-,-,-,-,41.89,-2.78%,"1,227,658"
BBUI,716.89M,6.00,-,-,-,-,-,-,-,-,-,-,-,27.01,-1.21%,"71,036"
BBUL,-,-,-,-,-,-,-,-,-,-,-,-,-,63.65,-0.76%,"13,288"
BBULD,-,-,-,-,-,-,-,-,-,-,-,-,-,37.65,0.36%,"2,778"
BBULG,-,-,-,-,-,-,-,-,-,-,-,-,-,47.59,2.84%,817
BBULL,4.34B,-,28.14,-,7.07,4.25,2.22,-,-37.17%,117.50%,-444.21%,-,-,8.16,1.49%,"11,720,120"
BBULZ,-,-,-,-,-,-,-,-,-,-,-,-,-,39.44,-0.28%,"504,194"
BBUR,937.62M,-,8.52,71.03,-,1.14,1.25,-,-2524.00%,107.38%,-18.06%,0.12%,12.98%,4.27,-2.29%,"1,126,160"
BBURL,21.20B,34.59,24.16,1.31,1.78,11.54,28.37,55.37,22.54%,16.58%,-,18.48%,14.95%,336.85,-3.11%,"824,371"
BBUSA,-,-,-,-,-,-,-,-,-,-,-,-,-,41.89,-0.72%,"19,323"
BBUSE,2.57B,12.92,11.40,-,2.33,1.08,-,12.26,97.23%,7.13%,-4.25%,-,18.00%,31.08,-0.48%,"588,548"
BBUSM,-,-,-,-,-,-,-,-,-,-,-,-,-,17.33,-0.37%,"1,455"
BBUUU,459.39M,-,-,-,-,586.17,629.31,-,-,-,-,-,-,27.55,-6.42%,"119,850"
BBUXX,-,-,-,-,-,-,-,-,-,-,-,-,-,20.24,-0.05%,"265,402"
BBUYB,-,-,-,-,-,-,-,-,-,-,-,-,-,43.56,-0.88%,"3,117"
BBUYO,-,-,-,-,-,-,-,-,-,-,-,-,-,34.35,-0.51%,185
BBUYW,-,-,-,-,-,-,-,-,-,-,-,-,-,14.64,-0.07%,"452,647"
BBUYZ,-,-,-,-,-,-,-,-,-,-,-,-,-,36.15,-1.94%,126
BBUZZ,-,-,-,-,-,-,-,-,-,-,-,-,-,36.99,-0.38%,"35,430"
BBV,1.05B,-,18.58,-,0.38,0.85,72.99,-,-33.95%,21.71%,-,-1.63%,2.64%,11.35,-3.32%,"800,990"
BBVAL,-,-,-,-,-,-,-,-,-,-,-,-,-,32.35,-0.43%,"21,181"
BBVC,122.64M,26.82,-,-,371.64,8.38,8.61,-,-,-,-,-,-,14.60,-2.86%,"4,770"
BBVFL,180.94M,14.06,-,-,3.45,0.99,-,9.05,-,-,5.87%,-,17.76%,21.36,0.75%,"13,334"
BBVN,8.62B,7.68,8.42,0.92,3.90,1.99,11.35,13.16,47.68%,-11.31%,-,9.17%,20.69%,33.96,0.65%,"428,842"
BBVS,1.17B,17.90,15.08,0.94,2.01,4.15,39.62,12.47,14.28%,18.44%,33.74%,16.02%,12.08%,13.88,-2.66%,"716,218"
BBW,1.48B,-,22.55,-,1.75,25.79,4.18,-,132.22%,203.45%,-27.93%,-,0.74%,9.92,-3.60%,"4,512,303"
BBWA,14.24B,35.50,11.76,0.99,0.99,2.53,5.82,11.74,6.37%,13.79%,-11.34%,11.94%,7.09%,69.90,1.81%,"2,641,933"
BBWAY,621.61M,65.19,31.83,0.72,10.17,7.85,9.97,89.31,77.78%,52.08%,-,44.22%,18.84%,15.49,-5.09%,"186,739"
BBWB,622.65M,12.14,10.53,-,2.04,1.29,-,17.45,21.05%,15.22%,9.87%,-,19.26%,22.33,0.45%,"193,494"
BBWEN,124.68M,21.52,197.60,-,0.89,1.89,7.32,14.33,16.99%,125.00%,-,-,-4.45%,5.27,-2.04%,"550,502"
BBWET,-,-,-,-,-,-,-,-,-,-,-,-,-,379.24,0.03%,"244,135"
BBWFG,539.38M,12.63,11.43,-,2.49,1.67,-,15.73,29.69%,2.54%,42.75%,-,20.91%,67.66,-0.69%,"57,610"
BBWG,129.97M,8.80,-,-,-,-,-,-,-,-,-,-,-,7.74,-0.26%,"22,045"
BBWIN,4.29B,-,12.37,0.58,2.47,3.35,7.03,98.20,20.27%,23.89%,2.93%,21.40%,44.25%,30.77,-2.35%,"1,120,790"
BBWIV,181.44M,271.58,-,-,-,1.39,-,-,-,-,-,-,-,9.94,0.20%,431
BBWLP,3.51B,9.73,-,-,0.99,1.84,12.20,8.23,-,-,-1.93%,-,34.57%,23.10,2.12%,"283,656"
BBWMN,734.50M,104.93,16.88,-,1.39,2.85,70.02,61.52,13.26%,31.91%,50.91%,-,32.06%,42.37,0.17%,"270,497"
BBWMX,593.29M,8.58,5.35,0.19,0.72,4.56,19.90,5.46,42.10%,27.85%,26.29%,28.74%,17.05%,15.93,-3.16%,"187,647"
BBWOW,-,-,-,-,-,-,-,-,-,-,-,-,-,11.52,0.70%,39
BBWQG,-,-,-,-,-,-,-,-,-,-,-,-,-,26.11,-0.66%,288
BBWTG,-,-,-,-,-,-,-,-,-,-,-,-,-,43.24,0.23%,452
BBWX,-,-,-,-,-,-,-,-,-,-,-,-,-,21.77,-0.05%,"218,573"
BBWXT,15.72B,44.41,32.56,2.37,4.47,11.78,25.71,49.62,18.25%,11.11%,4.23%,13.71%,8.54%,171.54,-0.97%,"1,605,525"
BBWZ,-,-,-,-,-,-,-,-,-,-,-,-,-,27.20,0.15%,"18,828"
BBX,174.57B,31.53,18.88,1.36,10.99,19.40,62.94,88.91,7.16%,24.78%,20.88%,13.92%,16.10%,140.57,-2.33%,"3,763,545"
BBXBL,40.46M,32.14,-,-,-,0.53,168.59,23.25,-,-,-,-,-,4.30,-8.70%,"229,214"
BBXC,670.40M,-,29.89,-,0.22,1.08,2.11,12.27,94.50%,51.24%,-68.34%,-,-0.94%,85.29,-1.42%,"113,994"
BBXDC,2.05B,-,-,-,-,1.06,1.05,-,-,-,-,-,-,20.33,-3.05%,"337,812"
BBXMT,2.40B,165.01,9.35,-,1.58,0.74,5.55,7.31,174.44%,43.03%,-7.97%,-,14.41%,14.24,-1.66%,"2,591,474"
BBXP,11.64B,35.83,33.99,5.43,3.31,2.06,21.03,15.21,20.81%,-6.67%,-20.65%,6.26%,4.72%,66.69,-2.57%,"1,397,222"
BBXSL,5.64B,19.07,9.50,-,4.79,0.95,21.11,10.01,-12.89%,-9.39%,1.40%,-10.11%,26.88%,24.21,-1.90%,"1,403,610"
BBY,1.77B,11.82,11.47,-,2.77,1.36,-,10.83,12.78%,0.89%,24.69%,-,15.99%,39.15,-0.31%,"406,741"
BBYAH,6.94M,-,-,-,2.73,0.34,1.23,-,-,-,-,-,-,2.96,-10.57%,"100,391"
BBYD,6.01B,3.64,10.70,1.80,1.47,2.42,18.24,171.53,-1.76%,6.44%,-,5.95%,13.44%,82.77,-1.62%,"764,043"
BBYFC,107.26M,-,-,-,1.57,0.95,-,17.36,-,-,-76.46%,-,27.55%,11.56,-2.90%,"1,659"
BBYLD,-,-,-,-,-,-,-,-,-,-,-,-,-,22.27,-0.22%,"60,693"
BBYND,199.96M,-,-,-,0.77,3.52,1.17,-,24.60%,12.32%,-16.60%,-,-7.50%,11.63,-13.66%,"2,881,336"
BBYRE,-,-,-,-,-,-,-,-,-,-,-,-,-,27.53,-0.83%,922
BBYRN,89.87M,-,-,-,0.83,1.58,8.61,-,-253.13%,79.59%,-,-,48.12%,3.96,-5.49%,"585,555"
BBYSI,29.25M,-,-,-,-,-,4.48,-,-,-,37.25%,-,-,0.71,-15.21%,"325,971"
BBZ,6.10B,15.35,10.90,0.92,5.15,2.54,2.06,-,8.43%,12.74%,-,11.78%,32.49%,15.55,0.26%,"3,376,686"
BBZAI,74.08M,-,-,-,1.47,1.74,2.01,-,63.26%,11.00%,-484.50%,35.15%,-,0.52,-12.22%,"33,134,829"
BBZFD,92.50M,-,-,-,0.54,0.61,5.50,-,-,-,-,-,-10.43%,1.11,0.00%,"681,182"
BBZH,884.97M,-,22.82,-,0.43,0.79,6.91,-,-139.31%,343.24%,-2.72%,-,2.20%,33.17,0.21%,"489,337"
BBZQ,-,-,-,-,-,-,-,-,-,-,-,-,-,23.49,-1.29%,"4,206"
BBZUN,149.20M,-,3.54,-,0.10,0.31,0.35,-,126.38%,59.80%,-,-,1.53%,2.78,-1.77%,"124,900"
BBZZ,-,-,-,-,-,-,-,-,-,-,-,-,-,27.35,-2.27%,"5,225"
CC,232.34B,14.95,10.82,0.38,1.32,1.21,-,5.90,60.19%,14.28%,8.24%,28.34%,13.72%,138.51,-0.59%,"8,949,821"
CCAAA,-,-,-,-,-,-,-,-,-,-,-,-,-,20.23,0.02%,"6,381"
CCAAP,3.92B,13.52,10.11,0.51,1.86,2.17,5.07,11.58,27.43%,21.78%,-,19.84%,26.43%,24.01,-1.92%,"186,673"
CCAAS,138.04M,3.22,-,-,0.18,0.34,0.60,-,-,-,-,-,12.89%,4.57,-3.07%,"13,769"
CCABA,489.99M,-,-,-,-,2.30,2.18,-,35.14%,11.92%,-7.84%,22.07%,-,2.89,5.09%,"7,914,350"
CCABO,169.54M,-,1.90,-,0.12,0.52,1.02,0.67,-118.14%,111.39%,-,-,2.53%,29.88,-13.34%,"335,363"
CCABR,-,-,-,-,-,-,-,-,-,-,-,-,-,1.33,-3.62%,"13,516"
CCABZ,-,-,-,-,-,-,-,-,-,-,-,-,-,22.89,0.02%,659
CCAC,986.45M,11.19,10.07,-,2.63,1.36,-,9.50,23.01%,7.41%,-0.57%,-,12.39%,58.38,-0.66%,"107,250"
CCACC,5.95B,12.60,10.01,0.45,2.55,3.74,11.88,4.87,22.74%,17.94%,9.16%,22.15%,6.78%,573.09,-2.41%,"82,665"
CCACI,14.35B,26.88,17.12,1.45,1.50,3.22,74.83,18.40,10.19%,15.37%,5.71%,11.84%,9.62%,649.34,-3.16%,"232,672"
CCADL,930.47M,-,-,-,-,7.34,4.62,-,-80.86%,21.03%,-3.52%,-,-,12.16,3.75%,"2,160,898"
CCAE,8.73B,42.21,25.44,1.83,2.42,2.29,21.77,14.70,5.21%,16.76%,-,13.89%,9.54%,27.14,3.67%,"908,886"
CCAES,330.20M,-,-,-,-,1.28,917.21,-,-,-,-,-,-,10.07,0.10%,"1,951"
CCAF,264.04M,4.73,-,-,-,-,-,-,-,-,-,-,-,19.62,0.80%,"4,742"
CCAFG,-,-,-,-,-,-,-,-,-,-,-,-,-,34.12,-0.33%,"12,759"
CCAFX,-,-,-,-,-,-,-,-,-,-,-,-,-,24.50,-0.08%,"5,571"
CCAG,7.44B,-,10.35,-,0.66,1.17,34.11,7.60,-15.86%,3.75%,-,-2.99%,0.17%,15.54,-0.51%,"11,500,735"
CCAGE,-,-,-,-,-,-,-,-,-,-,-,-,-,29.33,-0.68%,"150,099"
CCAH,54.81B,32.56,16.79,1.45,0.22,-,11.29,12.11,11.28%,12.01%,28.33%,11.59%,9.37%,235.66,0.21%,"1,802,013"
CCAI,6.11B,58.10,61.07,-,6.18,10.33,7.71,52.58,130.58%,184.37%,-,-,-,21.63,-0.78%,"2,772,193"
CCAIE,-,-,-,-,-,-,-,-,-,-,-,-,-,27.27,-0.73%,"463,388"
CCAII,305.08M,-,-,-,-,1.36,376.64,-,-,-,-,-,-,9.97,0.00%,15
CCAIQ,-,-,-,-,-,-,-,-,-,-,-,-,-,26.18,-0.00%,"252,193"
CCAKE,5.43B,29.60,22.13,1.60,1.40,10.46,27.81,26.48,18.18%,10.62%,-,13.85%,13.60%,109.07,-3.80%,"2,287,447"
CCAL,446.07M,-,5.83,0.09,0.16,0.73,11.82,18.79,166.81%,39.88%,55.50%,66.85%,5.43%,13.28,-0.67%,"351,586"
CCALC,22.62M,-,-,-,-,3.69,1.21,-,66.50%,-108.33%,38.92%,28.84%,-,0.66,-1.87%,"75,988"
CCALF,-,-,-,-,-,-,-,-,-,-,-,-,-,56.27,-1.19%,"273,083"
CCALI,-,-,-,-,-,-,-,-,-,-,-,-,-,50.38,-0.03%,"113,502"
CCALM,3.77B,12.28,21.17,-,1.30,1.44,4.06,11.37,-75.68%,135.66%,174.79%,-10.46%,16.63%,80.43,-0.81%,"649,933"
CCALX,2.49B,52.59,17.16,0.48,2.24,3.50,12.81,29.13,28.46%,33.78%,-13.74%,35.62%,13.06%,39.52,-0.05%,"655,932"
CCALY,2.97B,-,18.76,0.28,1.14,1.38,10.65,6.36,248.43%,21.03%,-1.46%,66.81%,5.32%,16.61,0.79%,"1,690,442"
CCAM,-,-,-,-,-,-,-,-,-,-,-,-,-,24.88,-0.12%,"136,118"
CCAMC,-,-,-,-,-,-,-,-,-,-,-,-,-,23.07,8.38%,635
CCAML,-,-,-,-,-,-,-,-,-,-,-,-,-,41.61,-0.23%,"38,808"
CCAMP,313.77M,-,-,-,74.35,-,3.60,-,60.05%,30.63%,-,35.74%,-,5.00,-8.09%,"563,090"
CCAMT,8.02B,284.39,35.16,1.66,15.75,11.29,12.72,-,10.81%,35.26%,13.57%,21.22%,26.06%,171.80,3.88%,"337,884"
CCAMX,-,-,-,-,-,-,-,-,-,-,-,-,-,35.79,-1.43%,172
CCAN,160.30M,-,-,-,0.31,0.43,3.69,-,2.09%,-9.85%,-17.64%,-2.16%,52.28%,0.23,-0.65%,"6,171,496"
CCANC,-,-,-,-,-,-,-,-,-,-,-,-,-,43.17,1.18%,"16,732"
CCANE,-,-,-,-,-,-,-,-,-,-,-,-,-,10.93,1.58%,"194,490"
CCANF,7.66M,-,-,-,18.69,0.84,0.90,-,88.61%,60.29%,45.72%,-,-11.88%,3.58,5.29%,"108,809"
CCANG,73.43M,-,2.56,-,0.11,0.30,10.24,-,68.32%,109.82%,-,-,18.27%,1.79,-12.68%,"89,258"
CCANQ,-,-,-,-,-,-,-,-,-,-,-,-,-,30.32,-0.61%,57
CCAOS,-,-,-,-,-,-,-,-,-,-,-,-,-,90.46,-0.01%,"42,566"
CCAPE,-,-,-,-,-,-,-,-,-,-,-,-,-,32.96,-1.11%,"10,180"
CCAPL,918.83M,17.57,20.93,2.20,0.24,-,186.75,10.18,30.39%,-13.53%,-18.66%,9.52%,13.64%,24.07,1.99%,"125,908"
CCAPN,59.12M,66.45,-,-,-,1.71,1182.46,-,-,-,-,-,-,11.15,0.09%,22
CCAPR,431.44M,-,-,-,-,1.76,1.81,-,33.63%,0.60%,-20.84%,50.75%,-,7.45,12.03%,"19,218,779"
CCAPS,4.41M,-,-,-,0.07,0.26,19.15,-,104.85%,-,-,-,0.62%,0.21,-1.88%,"261,418"
CCAQ,250.41M,-,-,-,-,1.38,287.83,-,-,-,-,-,-,9.99,0.20%,"2,090"
CCAR,4.99B,-,21.97,0.63,0.43,-,8.90,-,-13.21%,84.71%,-21.09%,35.00%,16.62%,141.30,2.50%,"293,143"
CCARD,-,-,-,-,-,-,-,-,-,-,-,-,-,2.39,6.22%,"5,321"
CCARE,709.91M,5.52,12.82,0.48,2.03,1.32,-,12.08,344.22%,-59.53%,-,26.86%,8.92%,32.03,-1.99%,"311,048"
CCARG,3.19B,19.42,11.90,0.72,3.27,12.09,26.09,10.94,14.34%,15.30%,17.91%,16.42%,10.46%,35.77,-4.46%,"755,143"
CCARK,-,-,-,-,-,-,-,-,-,-,-,-,-,48.65,-0.22%,142
CCARL,376.24M,-,-,-,5.94,4.45,4.21,-,30.85%,4.23%,-,22.16%,-,13.78,-3.77%,"90,065"
CCARR,51.57B,44.08,19.00,1.48,2.33,3.93,38.28,26.75,11.68%,13.81%,-4.96%,12.88%,4.49%,62.56,-0.35%,"5,354,126"
CCARS,634.90M,20.57,4.61,0.29,0.87,1.44,19.07,4.95,22.33%,23.01%,-,16.04%,5.73%,11.86,-4.20%,"688,142"
CCART,11.31B,26.90,16.41,0.55,2.83,4.90,11.70,9.62,46.75%,26.82%,-,29.78%,20.43%,48.86,-0.04%,"4,420,641"
CCARU,-,-,-,-,-,-,-,-,-,-,-,-,-,22.95,-6.12%,"2,045"
CCARX,-,-,-,-,-,-,-,-,-,-,-,-,-,26.73,-0.34%,13
CCARY,-,-,-,-,-,-,-,-,-,-,-,-,-,20.71,0.00%,"215,918"
CCARZ,-,-,-,-,-,-,-,-,-,-,-,-,-,110.10,0.65%,"3,662"
CCAS,-,-,-,-,-,-,-,-,-,-,-,-,-,27.10,1.25%,"7,317"
CCASH,1.77B,10.70,8.90,-,2.12,2.11,-,3.70,0.80%,20.97%,21.80%,-,10.26%,85.39,-1.48%,"184,400"
CCASS,733.28M,20.65,15.80,-,3.41,3.00,3.21,17.50,21.34%,21.44%,6.29%,-,6.97%,57.26,-1.97%,"63,313"
CCAST,40.91M,-,-,-,71.78,-,340.95,-,-,-,-36.71%,-,0.69%,0.86,-13.70%,"1,665,915"
CCASY,32.19B,45.39,36.82,3.34,1.83,8.12,61.56,44.61,11.36%,10.74%,18.00%,11.04%,18.07%,870.01,2.78%,"334,577"
CCAT,405.27B,37.92,27.34,1.05,5.42,20.90,60.37,45.06,42.40%,18.83%,28.05%,26.11%,10.12%,881.65,2.93%,"2,140,640"
CCATF,-,-,-,-,-,-,-,-,-,-,-,-,-,49.60,-0.11%,"2,611"
CCATG,-,-,-,-,-,-,-,-,-,-,-,-,-,12.48,6.00%,"69,683"
CCATH,-,-,-,-,-,-,-,-,-,-,-,-,-,92.10,-0.43%,"19,972"
CCATLU,199.30M,-,-,-,-,-,-,-,-,-,-,-,-,9.97,-0.20%,"194,631"
CCATO,65.27M,667.35,-,-,0.10,0.39,0.78,-,-,-,31.02%,-,2.60%,3.27,-3.82%,"113,430"
CCATX,367.57M,-,-,-,896.52,1.13,1.55,-,29.99%,-8.20%,-22.26%,10.85%,-38.04%,3.22,0.62%,"1,168,281"
CCATY,4.30B,12.59,10.86,-,3.11,1.41,-,8.04,22.07%,7.00%,9.60%,-,12.53%,64.40,-0.82%,"346,356"
CCAUG,-,-,-,-,-,-,-,-,-,-,-,-,-,25.34,-0.18%,10
CCAVA,8.30B,126.82,95.49,3.96,6.04,9.86,19.04,55.67,1.02%,36.34%,-,24.10%,23.93%,71.02,-4.57%,"2,822,969"
CCB,131.50B,12.06,11.70,1.39,2.12,1.74,-,7.70,11.62%,5.32%,26.94%,8.44%,10.65%,340.86,-0.81%,"1,382,753"
CCBAN,468.77M,13.37,9.35,0.67,2.21,1.20,-,21.56,10.85%,19.12%,5.01%,13.97%,17.13%,22.09,-0.81%,"125,798"
CCBAT,64.86M,-,3.05,-,0.28,0.62,0.66,1.77,-20.00%,300.00%,3.55%,-,39.04%,0.73,1.20%,"131,496"
CCBC,7.80B,17.87,16.09,2.72,6.09,2.02,-,15.93,5.52%,5.89%,10.03%,5.91%,9.01%,32.55,-0.37%,"737,785"
CCBFV,189.64M,29.12,10.88,-,2.61,1.17,-,10.03,16.85%,8.32%,-,-,3.65%,37.32,0.35%,"5,097"
CCBIL,-,-,-,-,-,-,-,-,-,-,-,-,-,25.08,0.02%,12
CCBIO,649.28M,-,-,-,54.65,3.05,3.78,-,78.87%,-5.07%,33.26%,37.94%,1.31%,17.48,1.98%,"126,117"
CCBK,480.36M,11.97,11.03,-,3.69,1.59,-,12.45,0.68%,6.71%,-,-,-,35.06,-0.68%,"29,789"
CCBL,1.76B,8.28,-,-,3.00,4.12,8.70,5.77,-25.35%,-,-,-,0.09%,56.94,-2.01%,"227,081"
CCBLL,936.42M,-,-,-,9.18,7.27,7.24,-,-35.12%,20.88%,-,4.36%,-,24.40,4.59%,"396,319"
CCBLS,-,-,-,-,-,-,-,-,-,-,-,-,-,31.59,1.83%,240
CCBNA,307.90M,11.60,11.56,0.39,4.47,1.68,-,18.46,66.20%,-20.44%,-,29.57%,-,47.08,0.49%,"15,544"
CCBNK,613.50M,11.05,9.84,-,2.03,1.45,-,9.41,3.05%,10.56%,12.75%,-,12.86%,37.66,0.05%,"51,290"
CCBOA,-,-,-,-,-,-,-,-,-,-,-,-,-,24.26,0.22%,559
CCBOE,30.81B,22.98,19.75,1.30,6.09,5.48,12.95,32.14,31.59%,6.39%,19.51%,15.24%,6.59%,295.00,-0.38%,"524,165"
CCBOJ,-,-,-,-,-,-,-,-,-,-,-,-,-,23.72,0.19%,"2,411"
CCBOL,-,-,-,-,-,-,-,-,-,-,-,-,-,23.51,0.15%,112
CCBON,-,-,-,-,-,-,-,-,-,-,-,-,-,23.99,-0.07%,"6,483"
CCBOO,-,-,-,-,-,-,-,-,-,-,-,-,-,24.56,-0.10%,526
CCBOT,-,-,-,-,-,-,-,-,-,-,-,-,-,25.75,-0.81%,691
CCBOX,-,-,-,-,-,-,-,-,-,-,-,-,-,101.37,0.01%,"39,705"
CCBOY,-,-,-,-,-,-,-,-,-,-,-,-,-,24.58,0.27%,113
CCBRE,42.85B,33.93,16.49,0.99,0.98,5.11,24.94,45.68,22.59%,14.73%,11.60%,16.63%,11.22%,147.96,-3.21%,"1,008,264"
CCBRG,-,-,-,-,-,-,-,-,-,-,-,-,-,6.00,30.15%,"20,556,603"
CCBRL,1.32B,51.13,53.61,-,0.40,2.84,50.66,22.30,-101.41%,2569.97%,-,-20.88%,6.67%,59.04,1.92%,"911,410"
CCBRS,58.85B,-,-,-,86.46,6.28,6.84,-,-,-,-,-,-,251.98,15.07%,"14,897,408"
CCBRX,-,-,-,-,-,-,-,-,-,-,-,-,-,17.77,30.28%,"416,000"
CCBRZ,-,-,-,-,-,-,-,-,-,-,-,-,-,6.42,-29.76%,"4,558,757"
CCBSE,-,-,-,-,-,-,-,-,-,-,-,-,-,49.38,1.03%,"1,520"
CCBSH,8.56B,14.64,13.01,1.78,3.81,1.98,-,12.22,5.68%,7.49%,12.13%,7.31%,8.75%,59.71,-0.93%,"858,401"
CCBT,4.46B,24.36,12.38,8.25,1.23,2.78,17.84,14.48,-12.55%,10.06%,-,1.50%,7.27%,86.40,-1.68%,"352,632"
CCBTA,-,-,-,-,-,-,-,-,-,-,-,-,-,20.99,1.19%,266
CCBTJ,-,-,-,-,-,-,-,-,-,-,-,-,-,17.68,1.20%,"1,944"
CCBTL,-,-,-,-,-,-,-,-,-,-,-,-,-,17.70,0.83%,561
CCBTO,-,-,-,-,-,-,-,-,-,-,-,-,-,19.77,0.13%,"1,890"
CCBTY,-,-,-,-,-,-,-,-,-,-,-,-,-,19.77,1.08%,221
CCBU,3.42B,15.11,12.53,-,3.27,1.65,-,13.87,8.39%,13.12%,5.20%,-,10.36%,65.01,-1.26%,"198,818"
CCBUS,127.48M,-,-,-,29.30,8.62,6.24,-,69.54%,24.80%,46.96%,51.36%,-31.34%,1.67,-5.65%,"212,783"
CCBXA,-,-,-,-,-,-,-,-,-,-,-,-,-,21.42,0.75%,238
CCBXJ,-,-,-,-,-,-,-,-,-,-,-,-,-,20.02,0.65%,"4,262"
CCBXL,-,-,-,-,-,-,-,-,-,-,-,-,-,19.96,0.55%,86
CCBXO,-,-,-,-,-,-,-,-,-,-,-,-,-,22.16,0.05%,231
CCBXY,-,-,-,-,-,-,-,-,-,-,-,-,-,22.19,0.73%,"1,726"
CCBZ,2.97B,25.59,12.20,-,1.07,1.58,42.07,10.82,13.47%,9.39%,5.24%,-,23.40%,54.67,0.39%,"616,264"
CCC,2.37B,-,7.96,0.23,0.41,-,3.53,10.85,13.99%,82.42%,-,34.96%,3.17%,15.72,-0.82%,"1,934,133"
CCCAP,398.67M,-,7.64,-,3.20,0.61,6.47,6.36,-17.36%,-5.25%,-13.95%,-10.45%,20.33%,10.82,-2.96%,"398,074"
CCCAQ,212.85M,57.36,-,-,-,1.48,5321.27,-,-,-,-,-,-,10.52,0.04%,"4,526"
CCCB,748.11M,-,8.28,-,1.03,1.61,-,2.85,-55.59%,337.96%,19.80%,-,56.17%,48.94,-6.73%,"274,294"
CCCBG,889.38M,14.42,13.86,-,3.08,1.56,-,17.15,3.75%,0.40%,13.91%,-,6.46%,51.97,-0.99%,"63,804"
CCCC,3.94B,94.89,12.78,0.71,3.54,2.22,34.01,12.81,25.14%,16.23%,-,18.06%,10.80%,6.69,-4.02%,"8,942,481"
CCCCC,524.71M,-,-,-,14.97,2.12,2.07,-,32.36%,-7.57%,3.84%,0.93%,1.61%,4.26,0.59%,"2,086,808"
CCCCT,308.60M,-,-,-,-,13873.24,-,-,-,-,-,-,-,9.85,0.15%,"120,329"
CCCD,744.87M,3.00,-,-,-,-,-,-,-,-,-,-,-,26.06,-0.50%,"63,483"
CCCEC,1.37B,12.23,8.23,0.43,3.41,0.90,5.41,-,0.20%,43.34%,11.98%,19.30%,22.76%,22.69,0.35%,"6,600"
CCCEF,-,-,-,-,-,-,-,-,-,-,-,-,-,30.07,-0.03%,"3,938"
CCCEL,29.83M,-,-,-,0.96,-,9.44,4.88,-,-,-,-,0.27%,3.70,-6.57%,"11,994"
CCCEP,46.79B,20.40,18.66,2.06,1.88,4.94,20.52,19.00,8.84%,9.20%,30.96%,9.04%,14.30%,105.57,-1.92%,"1,609,769"
CCCFE,-,-,-,-,-,-,-,-,-,-,-,-,-,27.70,-0.86%,8
CCCG,42.57M,-,-,-,0.10,0.79,1.99,-,-,-,28.43%,-,-,16.99,0.30%,"18,422"
CCCHH,6.59M,-,-,-,2.94,1.34,65.94,-,-,-,-,-,-,1.37,-1.44%,"140,045"
CCCI,31.67B,16.41,26.22,0.61,7.61,-,25.36,13.16,93.59%,45.17%,13.21%,43.17%,-6.10%,74.44,-2.03%,"2,321,366"
CCCIF,61.26M,-,5.61,-,-,-,-,-,-55.42%,39.19%,-,-,-,2.89,1.05%,"149,172"
CCCII,358.03M,43.47,-,-,-,1.42,291.08,-,-,-,-,-,-,10.32,-0.10%,678
CCCJ,42.93B,167.60,54.67,1.94,17.09,8.54,54.74,119.59,0.40%,70.04%,-,28.18%,13.18%,98.58,0.86%,"2,518,047"
CCCK,12.64B,16.73,12.87,1.63,0.95,4.53,16.23,10.54,7.91%,7.46%,8.18%,7.88%,5.70%,116.24,-2.34%,"878,127"
CCCL,37.98B,12.49,10.50,0.95,1.39,2.93,16.93,11.98,-0.48%,17.91%,-,11.04%,36.61%,27.73,-1.39%,"13,671,992"
CCCLD,104.96M,35.49,8.14,-,0.82,6.03,7.84,4.60,146.67%,22.97%,-,-,2.77%,2.47,-4.63%,"501,210"
CCCM,13.14M,-,-,-,0.20,-,0.31,-,-,-,33.20%,-,14.67%,4.66,-2.10%,"258,089"
CCCNE,1.03B,11.23,9.34,-,2.08,1.21,-,11.88,20.25%,5.21%,4.79%,-,17.24%,34.85,-0.26%,"145,460"
CCCNR,-,-,-,-,-,-,-,-,-,-,-,-,-,40.87,1.29%,"2,728"
CCCO,1.18B,-,187.70,9.16,0.70,-,6.09,14.02,-259.11%,119.30%,29.98%,20.50%,-2.86%,2.32,-0.43%,"24,201,705"
CCCOI,550.57M,-,-,-,0.58,-,1.49,-,61.25%,-93.18%,-,16.45%,11.43%,10.75,-4.95%,"1,286,492"
CCCOM,-,-,-,-,-,-,-,-,-,-,-,-,-,23.89,0.61%,373
CCCOR,-,-,-,-,-,-,-,-,-,-,-,-,-,26.31,-0.94%,"4,519"
CCCPX,-,-,-,-,-,-,-,-,-,-,-,-,-,22.99,0.98%,11
CCCRP,-,-,-,-,-,-,-,-,-,-,-,-,-,19.31,-0.31%,6
CCCS,2.00B,15.41,12.76,-,0.52,0.78,15.13,49.32,-18.03%,12.12%,-4.54%,-,5.14%,70.24,-0.55%,"163,146"
CCCSB,-,-,-,-,-,-,-,-,-,-,-,-,-,19.85,-0.10%,"8,119"
CCCSI,675.09M,7.47,5.88,1.05,1.90,16.26,6.83,5.92,6.32%,4.94%,-8.48%,5.61%,1.09%,36.84,-5.71%,"216,269"
CCCSO,-,-,-,-,-,-,-,-,-,-,-,-,-,27.53,0.19%,"1,174"
CCCTG,2.61M,-,-,-,1.17,1.61,5.01,-,-,-,-,-,-10.72%,0.67,-10.43%,"152,571"
CCCU,2.15B,19.08,13.32,1.04,0.67,1.39,5.55,13.29,10.37%,14.45%,0.29%,12.85%,5.45%,11.66,-1.10%,"64,136"
CCCUP,-,-,-,-,-,-,-,-,-,-,-,-,-,1.94,8.38%,"4,732,326"
CCCXI,958.04M,-,-,-,-,3.57,766.43,-,-,-,-,-,-,17.20,0.76%,"5,768,083"
CCD,279.52M,-,-,-,149.48,5.87,6.38,-,-,-,-156.16%,-,5.89%,3.52,-11.11%,"363,610"
CCDC,-,-,-,-,-,-,-,-,-,-,-,-,-,77.25,-0.69%,"9,454"
CCDE,19.85B,15.86,12.29,0.46,6.27,1.91,18.80,17.17,33.66%,46.98%,55.25%,26.60%,21.64%,19.31,2.66%,"28,666,421"
CCDEI,-,-,-,-,-,-,-,-,-,-,-,-,-,94.44,-0.65%,460
CCDIG,-,-,-,-,-,-,-,-,-,-,-,-,-,26.64,-1.29%,"25,644"
CCDIO,5.89M,-,-,-,589.20,0.79,1.05,-,-,-,30.61%,-,101.40%,1.99,-2.45%,"39,561"
CCDL,-,-,-,-,-,-,-,-,-,-,-,-,-,80.61,-0.69%,"11,531"
CCDLR,2.26B,6.70,4.40,-,2.87,1.16,8.85,-,-22.11%,84.43%,-,-0.28%,99.36%,23.38,1.48%,"29,475"
CCDLX,23.85M,-,-,-,0.13,-,0.85,45.00,68.91%,-13.80%,0.88%,-,4.53%,4.05,-4.26%,"79,765"
CCDNA,2.40B,22.36,34.23,0.69,5.24,5.61,6.42,28.33,109.20%,11.68%,0.09%,49.46%,14.59%,46.38,2.34%,"733,141"
CCDNG,-,-,-,-,-,-,-,-,-,-,-,-,-,9.91,-0.78%,"7,222"
CCDNL,1.87B,32.20,17.51,-,2.82,3.24,5.51,-,132.10%,19.15%,-,-,-,39.23,-0.48%,"658,293"
CCDNS,89.08B,64.36,33.96,2.25,15.26,12.99,58.15,53.07,14.02%,17.02%,13.95%,15.11%,14.57%,323.47,-0.42%,"2,010,561"
CCDP,8.32B,25.65,25.05,4.06,10.61,2.73,344.51,29.69,6.17%,3.30%,9.15%,6.17%,5.58%,36.81,-0.38%,"988,067"
CCDPI,-,-,-,-,-,-,-,-,-,-,-,-,-,20.43,0.34%,149
CCDRE,1.43B,39.33,22.81,1.23,2.08,4.11,24.73,18.25,-1.80%,45.76%,-1.90%,18.49%,8.57%,33.30,-2.46%,"448,234"
CCDRO,413.32M,-,14.74,-,1.74,9.44,4.96,21.26,3234.40%,69.84%,-,-,24.20%,9.09,-0.87%,"13,764"
CCDT,2.21M,-,-,-,-,0.02,2.94,-,-,-,-99.07%,-,-,2.80,-3.98%,"34,148"
CCDTG,8.45M,-,-,-,3.33,0.35,845.36,-,-,-,-42.29%,-,14.45%,2.80,33.97%,"5,992,424"
CCDW,16.91B,16.26,11.33,1.25,0.72,6.94,46.75,19.66,9.08%,9.22%,8.20%,9.08%,3.96%,135.30,-2.96%,"1,240,817"
CCDX,-,-,-,-,-,-,-,-,-,-,-,-,-,20.90,0.43%,"267,236"
CCDXS,174.12M,-,-,-,2.24,4.41,3.15,-,25.00%,28.53%,-4.52%,53.58%,0.38%,1.59,1.92%,"1,200,001"
CCDZI,270.97M,-,-,-,22.89,57.75,50.93,-,-7.29%,3.88%,15.24%,-,97.64%,3.20,-7.78%,"470,352"
CCE,4.94B,-,7.14,0.30,0.51,1.18,3.62,6.97,50.72%,5.11%,-,23.52%,11.03%,44.99,-1.47%,"1,174,992"
CCECO,4.93B,-,27.27,0.41,5.46,2.37,77.19,-,144.47%,41.01%,42.82%,66.21%,19.63%,84.15,5.73%,"1,125,138"
CCEE,137.45M,3.15,-,-,28.02,1.04,-,-,-,-,-,-,-,21.08,-1.77%,"25,138"
CCEF,7.90B,-,-,-,-,-,-,-,-,-,-,-,-,45.07,1.21%,"324,643"
CCEFA,-,-,-,-,-,-,-,-,-,-,-,-,-,41.62,-0.15%,"1,097"
CCEFD,-,-,-,-,-,-,-,-,-,-,-,-,-,19.14,0.02%,429
CCEFS,-,-,-,-,-,-,-,-,-,-,-,-,-,25.80,0.31%,"62,996"
CCEFZ,-,-,-,-,-,-,-,-,-,-,-,-,-,8.36,-0.50%,"11,640"
CCEG,98.57B,27.09,20.93,0.96,3.20,3.09,91.52,318.99,27.25%,11.26%,32.58%,21.86%,8.81%,278.20,-1.52%,"2,196,382"
CCEGX,-,-,-,-,-,-,-,-,-,-,-,-,-,14.19,-3.27%,"102,539"
CCELC,4.52B,-,-,-,-,-,6.00,-,-27.63%,68.22%,-32.62%,-,-,92.44,0.48%,"908,257"
CCELH,7.58B,129.52,17.16,1.22,2.49,6.32,11.97,16.37,8.23%,20.30%,45.65%,14.02%,80.65%,29.94,2.94%,"17,928,447"
CCELU,20.15M,-,-,-,0.76,-,3.27,-,-,-,49.85%,-,13.21%,0.70,0.03%,"17,585"
CCELZ,7.25M,-,-,-,-,0.83,0.82,-,53.17%,25.42%,66.83%,30.39%,-48.43%,1.10,-9.84%,"443,104"
CCEMB,-,-,-,-,-,-,-,-,-,-,-,-,-,45.29,-0.01%,"37,673"
CCENN,8.56M,-,-,-,0.50,0.25,1.94,-,-,-,-192.39%,-,-19.13%,3.47,-0.86%,"5,156"
CCENT,2.41B,16.14,13.89,2.06,0.78,1.55,2.39,7.03,8.94%,4.98%,7.67%,6.75%,3.03%,43.35,-0.87%,"111,106"
CCENTA,2.42B,14.02,12.06,1.79,0.79,1.35,2.39,7.05,8.94%,4.98%,7.67%,6.75%,3.03%,37.64,-0.55%,"351,614"
CCENX,4.66B,8.15,4.06,0.04,1.75,3.32,11.97,30.85,317.48%,13.08%,-,90.34%,9.51%,47.12,0.86%,"1,496,261"
CCEPF,591.50M,41.57,-,-,-,1.27,19716.65,-,-,-,-,-,-,10.35,-0.67%,"720,856"
CCEPI,-,-,-,-,-,-,-,-,-,-,-,-,-,31.95,0.82%,"24,815"
CCEPL,219.38M,-,19.00,-,2.13,-,6.79,72.88,103.01%,263.73%,-14.46%,-,9.40%,6.67,-0.07%,"482,822"
CCEPO,272.08M,-,-,-,-,1.39,9069.50,-,-,-,-,-,-,10.67,-0.09%,"106,169"
CCEPS,151.74M,122.72,-,-,-,1.30,5058.03,-,-,-,-,-,-,10.37,-0.29%,15
CCEPU,1.96B,5.97,6.53,1.40,2.20,1.02,13.19,37.07,28.23%,-7.00%,23.37%,4.66%,10.33%,13.05,-0.53%,"105,131"
CCEPV,331.25M,59.24,-,-,-,1.29,11041.63,-,-,-,-,-,-,10.39,0.10%,9
CCERS,598.52M,-,-,-,2.70,8.54,10.64,-,41.67%,71.43%,25.82%,-,17.53%,2.97,-0.34%,"2,967,524"
CCERT,1.22B,-,20.48,-,2.99,1.26,6.63,15.18,-22.31%,14.26%,50.19%,-0.21%,11.45%,8.00,0.00%,"4,654,924"
CCERY,-,-,-,-,-,-,-,-,-,-,-,-,-,37.63,1.48%,"55,112"
CCET,1.62B,7.34,-,-,37.59,0.88,-,-,-,-,-,-,-,54.90,-0.47%,"43,706"
CCETX,5.20M,-,-,-,0.07,0.12,0.40,-,-,-,82.26%,-,11.94%,3.02,0.00%,"36,768"
CCETY,11.19M,-,-,-,4.48,1.59,279.70,-,-,-,10.36%,-,8.98%,0.92,-1.34%,"28,464"
CCEV,74.77M,10.22,-,-,14.72,0.96,-,-,-,-,-,-,-,10.63,1.43%,"31,084"
CCEVA,920.92M,-,41.10,1.10,7.96,2.71,4.17,-,30.50%,45.20%,-32.41%,37.24%,1.78%,32.71,-1.71%,"970,366"
CCEW,-,-,-,-,-,-,-,-,-,-,-,-,-,19.75,-0.22%,"2,748"
CCF,17.82B,8.74,11.15,-,2.30,3.11,7.19,9.33,60.75%,-31.30%,43.52%,-3.00%,11.43%,117.78,-0.44%,"2,030,308"
CCFA,-,-,-,-,-,-,-,-,-,-,-,-,-,102.36,-0.65%,"3,691"
CCFBK,233.20M,12.36,8.55,-,1.87,1.19,-,13.06,32.71%,17.65%,-9.71%,-,4.93%,35.92,-0.36%,"26,828"
CCFFI,279.52M,9.59,-,-,1.43,1.01,-,7.25,-,-,6.46%,-,4.09%,85.96,-2.75%,"8,218"
CCFFN,1.10B,13.40,11.25,0.59,2.47,1.07,-,15.32,31.73%,13.14%,2.25%,19.17%,5.30%,8.72,-0.11%,"749,354"
CCFG,31.30B,16.15,11.43,0.46,2.56,1.30,-,13.30,37.50%,22.46%,11.73%,24.61%,9.35%,74.31,-0.56%,"3,004,695"
CCFIT,-,-,-,-,-,-,-,-,-,-,-,-,-,26.05,-0.19%,"2,061"
CCFND,-,-,-,-,-,-,-,-,-,-,-,-,-,2.71,0.37%,"23,774"
CCFO,-,-,-,-,-,-,-,-,-,-,-,-,-,82.96,-0.64%,"3,602"
CCFR,10.45B,15.90,14.37,2.09,3.57,2.33,-,19.26,10.57%,6.63%,14.28%,6.87%,14.57%,168.07,-1.18%,"333,211"
CCG,17.30B,50.28,9.47,0.70,4.96,3.27,8.48,25.81,-9.56%,41.05%,17.55%,13.52%,10.93%,48.54,-1.50%,"2,812,591"
CCGAU,4.29B,6.99,11.38,0.44,2.54,1.98,9.46,31.95,53.76%,12.88%,15.53%,25.63%,12.95%,21.92,1.91%,"1,188,858"
CCGBD,774.74M,22.29,8.05,-,3.65,0.72,15.86,10.21,-10.48%,1.44%,65.88%,-3.82%,9.85%,11.26,-0.79%,"702,248"
CCGBL,-,-,-,-,-,-,-,-,-,-,-,-,-,38.36,-0.13%,"1,170,475"
CCGC,423.04M,-,-,-,1.99,0.87,1.76,-,83.67%,23.26%,55.23%,55.24%,-13.01%,1.00,-1.96%,"4,861,919"
CCGCB,-,-,-,-,-,-,-,-,-,-,-,-,-,25.82,-0.19%,"735,671"
CCGCF,-,-,-,-,-,-,-,-,-,-,-,-,-,9.97,-,"7,548"
CCGCFU,275.00M,-,-,-,-,1.32,948.28,-,-,-,-,-,-,10.00,0.20%,"18,856"
CCGCP,-,-,-,-,-,-,-,-,-,-,-,-,-,21.99,-0.23%,"964,910"
CCGCV,-,-,-,-,-,-,-,-,-,-,-,-,-,33.45,-0.59%,"524,546"
CCGDG,-,-,-,-,-,-,-,-,-,-,-,-,-,38.77,-0.44%,"572,216"
CCGDV,-,-,-,-,-,-,-,-,-,-,-,-,-,50.78,-0.59%,"2,875,770"
CCGEM,1.33B,-,-,-,-,4.13,3.96,-,5.57%,17.48%,-25.62%,2.25%,-,20.59,1.23%,"894,686"
CCGEN,222.20M,6.34,-,-,3.00,2.51,1.77,-,-173.68%,1.43%,-,-,105.20%,2.35,-2.49%,"201,486"
CCGGE,-,-,-,-,-,-,-,-,-,-,-,-,-,35.83,-0.19%,"420,620"
CCGGG,-,-,-,-,-,-,-,-,-,-,-,-,-,29.14,0.21%,"15,160"
CCGGO,-,-,-,-,-,-,-,-,-,-,-,-,-,41.43,0.36%,"1,091,756"
CCGGR,-,-,-,-,-,-,-,-,-,-,-,-,-,47.04,-0.34%,"2,265,199"
CCGHM,-,-,-,-,-,-,-,-,-,-,-,-,-,25.44,-0.27%,"354,375"
CCGHY,-,-,-,-,-,-,-,-,-,-,-,-,-,25.23,-0.18%,"186,481"
CCGIB,-,-,-,-,-,-,-,-,-,-,-,-,-,25.32,-0.08%,"82,483"
CCGIC,-,-,-,-,-,-,-,-,-,-,-,-,-,37.11,0.22%,"281,751"
CCGIE,-,-,-,-,-,-,-,-,-,-,-,-,-,38.22,-0.23%,"290,557"
CCGMM,-,-,-,-,-,-,-,-,-,-,-,-,-,33.64,-0.24%,"640,855"
CCGMS,-,-,-,-,-,-,-,-,-,-,-,-,-,27.13,-0.18%,"638,067"
CCGMU,-,-,-,-,-,-,-,-,-,-,-,-,-,27.09,-0.28%,"827,856"
CCGNG,-,-,-,-,-,-,-,-,-,-,-,-,-,37.08,0.60%,"494,024"
CCGNT,661.41M,-,11.59,-,1.61,3.37,6.06,23.64,60.71%,71.67%,-,-,-2.04%,8.95,-1.86%,"299,324"
CCGNX,11.20B,64.48,33.17,1.08,10.29,6.88,27.71,41.76,64.72%,19.51%,-7.50%,30.58%,4.16%,66.60,1.48%,"2,033,599"
CCGO,130.51M,2.97,-,-,45.92,0.92,-,-,-,-,-,-,-,13.28,-0.67%,"29,861"
CCGON,6.84B,-,-,-,1097.12,6.62,6.65,-,-57.81%,7.68%,-65.75%,28.41%,-20.97%,77.11,2.77%,"958,375"
CCGOV,-,-,-,-,-,-,-,-,-,-,-,-,-,25.08,0.04%,430
CCGPT,-,-,-,-,-,-,-,-,-,-,-,-,-,20.84,4.83%,227
CCGRO,-,-,-,-,-,-,-,-,-,-,-,-,-,22.50,0.55%,38
CCGSD,-,-,-,-,-,-,-,-,-,-,-,-,-,25.72,0.00%,"641,710"
CCGSM,-,-,-,-,-,-,-,-,-,-,-,-,-,26.29,-0.15%,"197,753"
CCGTL,8.21M,-,-,-,3.03,3.54,410.57,-,-,-,-,-,13.56%,4.79,8.62%,"281,436"
CCGTX,96.99M,-,-,-,-,2.94,2.79,-,7.29%,25.84%,10.12%,-8.61%,-,1.02,0.99%,"434,828"
CCGUI,-,-,-,-,-,-,-,-,-,-,-,-,-,25.33,-0.02%,"51,847"
CCGUS,-,-,-,-,-,-,-,-,-,-,-,-,-,45.79,-0.56%,"970,550"
CCGV,-,-,-,-,-,-,-,-,-,-,-,-,-,16.29,0.60%,"7,111"
CCGVV,-,-,-,-,-,-,-,-,-,-,-,-,-,32.25,-0.89%,"59,240"
CCGW,-,-,-,-,-,-,-,-,-,-,-,-,-,64.91,-0.79%,"22,294"
CCGXU,-,-,-,-,-,-,-,-,-,-,-,-,-,35.37,0.45%,"464,558"
CCHA,1.27B,14.44,7.02,0.36,0.69,1.71,1.11,-,42.96%,10.39%,-,19.42%,-,10.15,-1.17%,"564,246"
CCHAI,6.15M,-,-,-,0.63,-,2.45,-,-,-,94.73%,-,55.94%,0.28,-4.78%,"412,034"
CCHAR,119.69M,43.66,-,-,-,1.35,11968.51,-,-,-,-,-,-,10.91,-0.05%,8
CCHAT,-,-,-,-,-,-,-,-,-,-,-,-,-,94.40,0.94%,"317,628"
CCHAU,-,-,-,-,-,-,-,-,-,-,-,-,-,22.72,2.53%,"61,512"
CCHCI,192.56M,7.96,-,-,2.49,2.38,7.60,18.22,-,-,46.20%,-,22.83%,18.77,10.22%,"69,913"
CCHCO,2.05B,15.94,15.21,-,5.09,2.53,-,14.78,3.71%,3.45%,10.00%,-,8.83%,145.69,-1.08%,"86,988"
CCHCT,420.35M,22.06,29.94,0.30,3.37,1.01,157.44,10.85,350.00%,36.11%,-37.30%,98.95%,9.87%,14.67,-2.72%,"468,999"
CCHD,23.24B,31.53,24.20,3.35,3.73,5.34,91.21,20.84,7.01%,7.19%,-0.65%,7.23%,4.85%,97.98,-3.28%,"2,140,766"
CCHDG,-,-,-,-,-,-,-,-,-,-,-,-,-,25.35,-0.24%,"3,166"
CCHDN,6.25B,15.39,12.15,1.21,2.09,4.68,21.19,11.00,13.30%,6.27%,-,10.05%,22.65%,89.70,-1.23%,"905,632"
CCHE,6.86B,26.37,19.07,1.76,2.64,8.23,170.60,21.20,18.43%,7.85%,-1.20%,10.82%,4.00%,524.98,-1.48%,"152,088"
CCHEC,176.89M,80.88,-,-,-,1.83,520.27,-,-,-,-,-,-,10.24,0.10%,"18,506"
CCHEF,4.51B,52.57,36.27,1.61,1.03,6.96,33.30,35.87,32.25%,21.33%,-,22.49%,30.14%,110.57,1.37%,"590,668"
CCHGA,3.83M,-,-,-,3.65,-,95.71,-,-,-,25.06%,-,-,0.19,-8.41%,"592,491"
CCHGG,84.96M,-,-,-,0.32,0.72,1.17,-,-533.33%,46.15%,-80.95%,-,-10.17%,0.77,-2.92%,"620,206"
CCHGX,-,-,-,-,-,-,-,-,-,-,-,-,-,34.04,-0.45%,"8,047"
CCHH,4.72B,14.81,14.14,2.81,2.92,33.34,110.27,25.77,1.40%,5.43%,42.40%,5.04%,15.58%,104.93,0.47%,"365,622"
CCHI,1.07B,3.41,-,-,71.52,1.11,-,-,-,-,-,-,-,13.26,-0.30%,"99,954"
CCHIQ,-,-,-,-,-,-,-,-,-,-,-,-,-,17.70,0.65%,"6,470"
CCHKP,12.97B,13.01,11.26,6.22,4.69,4.84,5.69,10.93,-12.16%,8.05%,9.80%,1.81%,5.71%,127.01,-3.58%,"769,452"
CCHMG,399.17M,12.03,10.41,-,2.47,1.48,-,8.75,30.43%,5.09%,-4.76%,-,9.89%,82.79,-1.35%,"39,054"
CCHMI,107.89M,16.11,5.31,-,1.06,0.89,1.39,4.65,18.09%,-0.90%,52.67%,-,4.93%,2.92,0.00%,"286,844"
CCHNL,-,-,-,-,-,-,-,-,-,-,-,-,-,21.93,6.04%,771
CCHNR,5.15M,-,-,-,-,0.42,73.60,-,-,-,-,-,-,4.10,-1.68%,"8,735"
CCHNU,-,-,-,-,-,-,-,-,-,-,-,-,-,20.19,11.06%,"5,306"
CCHOW,14.40M,-,-,-,0.45,1.65,5.18,-,-,-,-,-,-,0.41,-6.22%,"1,048,714"
CCHPG,104.07M,41.37,-,-,-,1.36,5203.59,-,-,-,-,-,-,10.43,-0.38%,10
CCHPS,-,-,-,-,-,-,-,-,-,-,-,-,-,89.21,2.19%,"32,641"
CCHPT,152.28M,-,-,-,0.37,-,1.58,-,35.36%,25.06%,51.83%,36.72%,22.93%,5.88,-4.85%,"321,792"
CCHPX,-,-,-,-,-,-,-,-,-,-,-,-,-,97.88,0.87%,"22,212"
CCHPY,-,-,-,-,-,-,-,-,-,-,-,-,-,72.72,1.62%,"562,403"
CCHR,4.34M,0.11,-,-,0.03,0.01,0.02,-,-,-,-43.40%,-,3.76%,1.85,-0.54%,"39,560"
CCHRD,7.82B,9.58,10.84,0.68,1.24,0.94,12.78,6.58,99.60%,-30.70%,-,15.89%,38.63%,142.88,4.05%,"653,129"
CCHRI,-,-,-,-,-,-,-,-,-,-,-,-,-,91.82,-0.44%,"1,041"
CCHRN,3.22B,-,-,-,278.75,37.83,807.60,-,-,-,31.73%,-,7.58%,22.19,6.02%,"107,362"
CCHRS,177.67M,-,-,-,3.49,2.92,1.69,-,44.98%,12.46%,-,30.15%,-38.41%,1.15,-4.17%,"1,264,551"
CCHRW,16.92B,27.63,19.29,1.10,1.00,10.42,109.44,25.30,22.43%,20.44%,5.38%,17.60%,0.03%,144.78,-2.55%,"1,840,818"
CCHSN,4.01M,-,-,-,0.22,0.01,0.46,2.40,-,-,-,-,12.11%,1.10,-1.79%,"45,790"
CCHT,32.96B,25.97,25.66,6.79,4.18,2.86,13.46,18.32,1.61%,3.07%,1.83%,3.78%,1.45%,42.49,-0.21%,"211,412"
CCHTR,19.28B,3.74,3.20,0.25,0.35,1.01,32.18,4.42,13.56%,9.59%,18.65%,12.62%,2.63%,144.10,-6.59%,"2,044,552"
CCHW,554.98M,3.04,-,-,41.26,0.92,-,-,-,-,-,-,-,8.69,0.23%,"91,134"
CCHWY,9.06B,36.73,20.52,0.61,0.71,21.38,17.42,15.50,50.00%,38.26%,-,33.78%,12.01%,22.13,-1.29%,"5,694,217"
CCHY,1.08B,3.21,-,-,66.66,1.06,-,-,-,-,-,-,-,13.44,-0.52%,"85,642"
CCHYG,-,-,-,-,-,-,-,-,-,-,-,-,-,25.09,-0.14%,124
CCHYM,11.91B,-,37.31,-,5.34,8.48,10.55,38.66,109.74%,102.64%,-,-,-,31.45,-1.78%,"6,108,162"
CCI,72.75B,11.39,8.23,1.09,0.26,1.70,-,7.98,2.21%,9.74%,-0.69%,7.52%,11.35%,275.33,-2.56%,"893,509"
CCIA,193.45M,16.99,18.19,-,0.76,0.82,-,12.92,-57.14%,75.00%,-,0.00%,1.37%,3.82,-3.78%,"176,282"
CCIB,10.75B,49.11,8.58,0.22,0.94,2.30,-,4.31,137.88%,8.21%,60.73%,39.24%,10.57%,96.54,0.18%,"166,716"
CCIBR,-,-,-,-,-,-,-,-,-,-,-,-,-,97.79,-1.82%,"2,205,182"
CCIEG,-,-,-,-,-,-,-,-,-,-,-,-,-,7.09,7.75%,"350,712"
CCIEI,-,-,-,-,-,-,-,-,-,-,-,-,-,24.96,0.02%,7
CCIEN,63.02B,148.18,46.15,0.61,11.32,21.80,52.39,75.68,147.49%,47.63%,-18.19%,75.55%,6.19%,445.18,3.83%,"2,496,461"
CCIEX,-,-,-,-,-,-,-,-,-,-,-,-,-,18.82,8.36%,"17,109"
CCIFC,-,-,-,-,-,-,-,-,-,-,-,-,-,10.38,7.58%,339
CCIFG,-,-,-,-,-,-,-,-,-,-,-,-,-,5.70,6.34%,"780,174"
CCIFR,7.68B,-,-,-,40.18,13.64,1.89,-,38.98%,78.17%,-,-,-,18.50,3.61%,"26,941,962"
CCIFU,-,-,-,-,-,-,-,-,-,-,-,-,-,13.98,7.04%,"786,662"
CCIG,3.66B,6.34,8.37,-,0.44,0.97,6.14,6.47,-26.76%,-4.32%,9.56%,-2.80%,9.37%,1.92,-0.52%,"7,301,596"
CCIGI,5.29B,49.23,12.16,0.95,0.89,3.42,13.84,31.42,13.94%,13.49%,10.46%,12.85%,14.81%,103.43,-1.88%,"255,157"
CCIGL,110.08M,-,-,-,8.82,3.65,67.54,-,-,-,-,-,-,0.49,-4.15%,"219,520"
CCII,1.08B,4.86,-,-,131.92,1.09,-,-,-,-,-,-,-,24.68,0.49%,"87,755"
CCIIT,3.38M,-,-,-,0.24,0.48,4.70,-,-,-,-61.14%,-,-,3.50,-3.85%,"29,755"
CCIK,132.76M,17.29,-,-,7.43,0.85,-,-,-,-,-,-,-,2.42,-0.82%,"211,607"
CCIM,982.78M,-,5.43,0.53,1.07,0.66,2.21,-,22.32%,5.23%,53.78%,10.23%,4.21%,11.74,-0.51%,"611,183"
CCINF,26.25B,8.07,19.07,3.56,1.88,1.57,-,7.72,5.28%,7.20%,15.17%,5.35%,10.88%,171.06,-1.22%,"419,726"
CCING,75.77M,-,-,-,-,3.08,2.67,-,47.79%,51.11%,50.70%,35.53%,-,5.21,2.36%,"97,601"
CCINT,455.68M,12.58,8.28,0.89,0.84,1.40,8.53,13.21,-8.30%,19.51%,10.40%,9.28%,21.43%,3.54,-3.01%,"87,298"
CCION,354.76M,120.37,6.30,-,1.73,0.53,2.18,41.40,-36.52%,1.33%,-14.53%,-,16.46%,7.21,-2.96%,"412,138"
CCIR,-,-,-,-,-,-,-,-,-,-,-,-,-,27.50,8.41%,563
CCIRC,59.36M,-,-,-,0.14,-,741.94,-,-,-,21.24%,-,321.02%,0.64,-3.86%,"443,848"
CCISO,11.35M,-,-,-,0.46,0.91,15.76,-,-,-,1.95%,-,29.73%,0.25,-7.05%,"263,131"
CCISS,0.78M,-,-,-,0.02,0.00,0.03,0.08,-,-,-,-,-,0.06,-25.09%,"27,143,730"
CCITR,129.23M,-,-,-,95.72,14.31,51.28,-,-,-,-,-,-,5.73,-0.69%,"21,776"
CCIVB,589.41M,10.54,9.76,-,2.26,1.04,-,10.11,1.67%,2.47%,5.78%,-,14.77%,28.36,-0.53%,"137,892"
CCIVG,-,-,-,-,-,-,-,-,-,-,-,-,-,24.96,0.08%,11
CCIX,379.60M,17.23,-,-,2.35,2.62,7.24,17.89,-,-,13.77%,-,6.68%,30.77,-1.38%,"8,493"
CCJMB,-,-,-,-,-,-,-,-,-,-,-,-,-,2.68,13.08%,"610,122"
CCJUL,-,-,-,-,-,-,-,-,-,-,-,-,-,25.53,-0.60%,"1,906"
CCJUN,-,-,-,-,-,-,-,-,-,-,-,-,-,25.47,-0.24%,6
CCKX,21.79M,7.48,-,-,31.57,1.03,1.24,-,-,-,53.14%,-,4.53%,10.61,-0.84%,"2,037"
CCL,71.91B,35.69,22.00,3.68,3.42,304.71,49.49,18.64,4.77%,6.08%,-3.47%,5.98%,4.35%,90.21,-1.89%,"3,969,795"
CCLAR,138.98M,-,17.93,-,0.55,0.70,4.80,-,122.93%,-27.03%,-,-,2.37%,3.63,-0.55%,"97,086"
CCLB,579.06M,22.38,16.76,1.49,1.12,2.12,25.46,39.69,-37.46%,60.58%,-,11.25%,1.56%,12.62,1.37%,"316,968"
CCLBK,3.15B,44.96,33.37,1.74,6.05,2.24,-,45.79,12.88%,25.54%,-0.64%,19.19%,9.23%,11.68,-0.93%,"5,272,163"
CCLBR,409.77M,150.15,-,-,-,1.36,362.63,-,-,-,-,-,-,10.24,0.00%,10
CCLBT,2.60B,45.02,27.84,1.32,5.06,4.84,5.88,18.06,-10.99%,35.88%,46.15%,21.13%,19.53%,10.44,-6.28%,"8,228,173"
CCLCG,-,-,-,-,-,-,-,-,-,-,-,-,-,29.37,0.09%,"2,295"
CCLCV,-,-,-,-,-,-,-,-,-,-,-,-,-,31.55,-0.46%,312
CCLDI,3.52M,-,-,-,-,0.90,0.82,-,-,-,-,-,-,1.36,-14.47%,"296,858"
CCLDT,604.42M,169.01,-,-,2.01,0.84,34.09,10.93,-150.00%,-42.86%,-,-,15.28%,12.98,-0.08%,"216,062"
CCLDX,3.29B,-,-,-,20574.71,4.61,4.63,-,-6.35%,-0.32%,-14.07%,5.94%,-26.93%,41.92,-0.07%,"629,804"
CCLF,7.02B,-,19.54,-,0.37,1.25,100.33,-,92.08%,420.88%,-55.32%,-,28.89%,12.31,3.45%,"16,362,196"
CCLFD,400.18M,-,32.98,-,3.07,1.63,3.95,22.71,135.06%,339.34%,-,-,10.03%,29.46,2.33%,"154,896"
CCLGN,6.05M,-,-,-,15.50,0.94,1.31,-,-,-,-2.35%,-,-17.32%,0.32,-3.03%,"16,097"
CCLH,17.21B,39.54,32.93,2.17,2.76,5.88,33.31,37.33,34.63%,1.01%,24.62%,15.16%,13.91%,326.05,1.26%,"582,955"
CCLIK,11.90M,-,-,-,-,0.17,9.15,-,-,-,-,-,-,1.39,-1.42%,"6,350"
CCLIP,-,-,-,-,-,-,-,-,-,-,-,-,-,100.22,0.01%,"201,031"
CCLIR,28.76M,-,-,-,5.28,2.92,2.91,-,6.57%,24.86%,16.73%,-,-,4.56,-1.94%,"20,925"
CCLIX,-,-,-,-,-,-,-,-,-,-,-,-,-,58.90,-0.86%,435
CCLLS,224.95M,-,-,-,3.99,7.63,1.35,-,-23.20%,24.51%,18.84%,-23.87%,-0.34%,3.11,1.97%,"15,320"
CCLM,2.07B,6.37,-,-,79.08,1.03,-,-,-,-,-,-,-,6.94,-5.58%,"8,618,032"
CCLMB,519.51M,25.01,15.82,0.75,0.73,4.16,9.19,12.67,9.84%,26.16%,35.58%,21.00%,21.00%,27.84,-2.35%,"99,943"
CCLMT,4.25B,-,32.41,-,0.93,-,28.37,57.82,-446.03%,170.04%,26.87%,-,12.77%,48.35,1.32%,"923,210"
CCLNE,364.83M,-,1606.80,24.68,0.82,0.66,2.60,15.96,-358.40%,104.01%,-82.87%,65.10%,8.05%,1.65,-9.56%,"2,798,986"
CCLNK,-,-,-,-,-,-,-,-,-,-,-,-,-,17.24,5.53%,"33,041"
CCLNN,53.67M,-,-,-,268.33,-,5.55,-,16.65%,30.55%,34.50%,-,-0.59%,4.20,1.45%,"59,399"
CCLOA,-,-,-,-,-,-,-,-,-,-,-,-,-,51.88,0.02%,"421,521"
CCLOB,-,-,-,-,-,-,-,-,-,-,-,-,-,50.30,0.02%,"3,252"
CCLOC,-,-,-,-,-,-,-,-,-,-,-,-,-,25.05,0.00%,"1,528"
CCLOD,-,-,-,-,-,-,-,-,-,-,-,-,-,34.02,-1.91%,55
CCLOI,-,-,-,-,-,-,-,-,-,-,-,-,-,52.89,0.04%,"203,286"
CCLOO,-,-,-,-,-,-,-,-,-,-,-,-,-,25.20,-0.02%,5
CCLOU,-,-,-,-,-,-,-,-,-,-,-,-,-,27.88,-1.90%,"286,937"
CCLOV,2.27B,-,54.57,1.12,0.92,5.60,-,30.56,52.09%,42.36%,35.85%,48.91%,22.90%,4.27,-7.17%,"5,377,570"
CCLOX,-,-,-,-,-,-,-,-,-,-,-,-,-,25.56,0.08%,"80,659"
CCLOZ,-,-,-,-,-,-,-,-,-,-,-,-,-,26.33,-0.08%,"331,252"
CCLPR,54.13M,-,-,-,0.36,-,0.86,3.68,-,-,-35.13%,-,4.51%,3.35,0.30%,"195,491"
CCLPS,25.46M,-,-,-,0.15,0.44,0.87,-,-,-,-,-,12.96%,0.86,-1.18%,"8,376"
CCLPT,472.81M,-,-,-,11.18,43.87,16.10,-,-47.04%,16.37%,-16.08%,-2.88%,23.58%,15.50,1.04%,"413,731"
CCLRB,24.20M,-,-,-,-,0.71,0.71,-,70.87%,21.21%,48.41%,59.25%,-,2.56,-1.54%,"51,051"
CCLRO,13.22M,-,-,-,-,-,25.42,-,-,-,-,-,-,4.94,-5.36%,"56,708"
CCLRS,-,-,-,-,-,-,-,-,-,-,-,-,-,-,-,0
CCLS,39.14B,35.36,17.44,0.27,2.51,15.79,73.06,76.05,85.85%,73.60%,72.48%,63.89%,16.60%,340.40,1.60%,"2,164,012"
CCLSE,-,-,-,-,-,-,-,-,-,-,-,-,-,33.90,0.21%,"249,922"
CCLSK,3.18B,-,-,-,4.69,4.18,15.43,-,-420.43%,58.52%,-,-,138.03%,12.40,2.56%,"17,991,185"
CCLSM,-,-,-,-,-,-,-,-,-,-,-,-,-,27.77,-0.29%,"2,456"
CCLST,70.38M,32.68,-,-,4.52,0.86,-,20.70,-,-,-,-,11.38%,17.61,-1.57%,"8,948"
CCLSX,-,-,-,-,-,-,-,-,-,-,-,-,-,12.74,5.73%,"282,377"
CCLUB,-,-,-,-,-,-,-,-,-,-,-,-,-,26.32,-0.03%,14
CCLVT,1.21B,-,2.47,0.32,0.50,0.27,5.55,3.69,7.39%,3.34%,16.31%,7.63%,14.38%,1.89,-2.07%,"3,729,244"
CCLW,332.72M,-,-,-,0.22,0.42,3.49,5.88,-2160.00%,76.92%,-,-,-3.60%,20.63,-3.69%,"191,838"
CCLWT,12.31M,80.58,-,-,0.93,0.84,2.38,-,-,-,-26.95%,-,-0.14%,1.66,-1.78%,"20,806"
CCLX,12.81B,22.02,16.87,2.65,1.91,142.34,89.59,31.63,5.57%,7.58%,-2.93%,6.37%,-1.75%,105.94,0.23%,"2,515,585"
CCLYM,1.00B,-,-,-,-,4.18,5.47,-,5.83%,-21.02%,-0.24%,-16.20%,-,17.44,6.80%,"1,865,409"
CCM,114.39B,16.89,15.40,1.24,2.57,2.63,-,5.27,19.80%,8.30%,15.01%,12.43%,18.91%,123.45,-0.23%,"1,353,675"
CCMAG,-,-,-,-,-,-,-,-,-,-,-,-,-,25.77,-0.91%,"4,048"
CCMAY,-,-,-,-,-,-,-,-,-,-,-,-,-,25.91,-0.11%,6
CCMBO,-,-,-,-,-,-,-,-,-,-,-,-,-,103.25,0.01%,12
CCMBS,-,-,-,-,-,-,-,-,-,-,-,-,-,48.33,-0.03%,"13,146"
CCMBT,5.04B,10.21,10.39,0.31,2.58,1.71,24.84,-,245.12%,-30.83%,-20.83%,34.06%,6.60%,17.37,0.75%,"668,139"
CCMC,8.05B,13.71,10.11,0.34,0.91,1.78,14.29,19.86,104.11%,12.63%,-20.41%,29.63%,7.33%,72.73,1.54%,"859,923"
CCMCI,-,-,-,-,-,-,-,-,-,-,-,-,-,30.47,1.36%,"1,428"
CCMCL,453.41M,6.96,8.53,1.10,1.63,1.54,2.64,8.69,0.40%,-3.24%,10.56%,7.73%,21.75%,23.45,4.36%,"259,692"
CCMCM,32.63M,-,-,-,0.20,0.43,0.17,-,-,-,-,-,-6.58%,3.15,-5.41%,"2,900"
CCMCO,550.73M,-,7.22,-,0.37,0.98,5.60,-,7.65%,31.31%,-,-,12.93%,19.08,-0.88%,"272,173"
CCMCSA,90.74B,8.28,7.07,-,0.73,1.01,11.84,4.44,-18.63%,3.17%,18.80%,-3.25%,3.62%,25.57,-2.33%,"21,547,008"
CCMCT,15.03M,-,-,-,0.13,0.08,0.41,-,-89.83%,84.76%,34.49%,-,9.00%,5.10,7.59%,"55,985"
CCMDB,467.41M,-,-,-,-,0.60,1.78,-,-,-,-,-,-,19.33,6.03%,"64,379"
CCMDT,-,-,-,-,-,-,-,-,-,-,-,-,-,33.64,1.11%,"53,689"
CCMDY,-,-,-,-,-,-,-,-,-,-,-,-,-,61.59,1.65%,"57,668"
CCME,96.32B,22.72,20.71,2.78,14.22,3.63,42.25,22.87,9.53%,5.43%,13.70%,7.46%,5.95%,267.88,-0.71%,"2,150,692"
CCMF,-,-,-,-,-,-,-,-,-,-,-,-,-,56.65,-0.29%,"691,606"
CCMG,42.72B,31.14,24.63,2.32,3.44,19.46,63.02,27.23,-1.78%,19.25%,35.50%,10.60%,14.79%,33.76,0.78%,"15,310,023"
CCMI,88.26B,32.76,18.50,0.95,2.54,6.87,22.49,26.21,24.51%,16.95%,11.29%,19.53%,11.19%,641.16,1.57%,"669,369"
CCMII,313.94M,-,-,-,-,1.35,263.82,-,-,-,-,-,-,10.02,0.00%,"227,014"
CCMMB,13.82M,-,-,-,-,1.29,1.72,-,-11.11%,-50.00%,43.73%,-,-,1.92,0.52%,"42,274"
CCMND,2.80M,-,-,-,-,0.17,0.21,-,-,-,39.75%,-,-,1.89,1.61%,"45,844"
CCMP,1.08B,61.07,20.07,-,0.84,4.10,19.21,13.88,285.74%,43.99%,-,-,2.77%,25.76,-2.31%,"332,694"
CCMPR,2.23B,24.29,11.95,0.32,0.60,-,8.98,12.22,31.93%,53.50%,-,37.16%,7.72%,91.75,-2.87%,"250,387"
CCMPS,1.86B,-,-,-,-,22.03,4.29,-,26.83%,26.18%,-12.77%,27.65%,-,13.72,2.01%,"1,795,274"
CCMPX,416.01M,-,-,-,-,2.51,2.31,-,-17.78%,-10.03%,5.72%,21.12%,-,2.31,2.67%,"2,369,229"
CCMRC,170.69M,-,5.99,0.29,0.49,3.30,1.08,8.73,21.76%,8.62%,15.35%,20.95%,17.58%,2.06,-5.94%,"1,251,430"
CCMRE,1.81B,5.69,5.83,-,2.21,0.82,4.76,-,-16.19%,-1.53%,-,-11.40%,12.96%,15.02,2.60%,"562,373"
CCMS,22.39B,21.46,17.17,2.29,2.54,2.34,64.90,-,7.26%,7.43%,5.98%,7.51%,5.88%,71.40,0.41%,"4,381,710"
CCMT,232.55M,31.07,13.14,-,0.91,1.40,9.89,-,-31.58%,92.31%,5.71%,-,4.25%,26.28,3.83%,"23,130"
CCMTG,246.89M,-,-,-,1.39,0.20,2.41,-,5.92%,54.11%,-,-,-5.88%,1.75,-3.85%,"768,389"
CCMTL,50.03M,-,-,-,0.11,0.95,1.76,3.26,66.47%,22.10%,-,45.10%,-4.13%,1.67,-5.11%,"278,094"
CCMTV,228.40M,12.42,-,-,3.26,1.89,-,11.56,-,-,8.21%,-,11.35%,40.85,-2.58%,"32,781"
CCNA,13.53B,11.00,10.47,-,0.89,1.21,-,6.00,-14.81%,13.69%,13.12%,-,6.76%,50.00,-1.96%,"387,546"
CCNAV,-,-,-,-,-,-,-,-,-,-,-,-,-,40.78,0.10%,"3,244"
CCNBS,-,-,-,-,-,-,-,-,-,-,-,-,-,26.79,-0.64%,"3,111"
CCNC,31.82B,-,12.23,0.27,0.16,1.41,-,3.55,130.86%,9.71%,-,46.07%,11.88%,64.41,-4.54%,"3,556,065"
CCNCK,271.85M,-,-,-,-,1.42,0.75,-,-72.26%,89.68%,-,-,-,2.00,-1.96%,"10,332"
CCNDT,227.06M,-,-,-,0.08,0.43,0.95,-,-35.66%,91.43%,-13.27%,-,-6.08%,1.46,-3.95%,"1,053,014"
CCNEQ,-,-,-,-,-,-,-,-,-,-,-,-,-,40.81,-0.24%,"215,686"
CCNET,4.80M,-,-,-,1.39,1.17,7.87,-,-,-,32.71%,-,-34.55%,1.31,1.55%,"4,954"
CCNEY,4.85M,0.09,-,-,0.14,0.03,12.42,-,-,-,-,-,23.31%,0.59,-3.10%,"53,610"
CCNF,15.71M,-,-,-,0.19,0.03,0.32,-,-,-,-,-,-20.82%,2.29,1.78%,"4,998"
CCNH,12.74B,41.23,15.75,0.80,0.70,1.64,5.17,20.84,-19.68%,47.87%,-,19.67%,-7.02%,10.29,-1.44%,"8,915,132"
CCNI,76.47B,22.48,19.62,2.14,5.95,4.96,369.04,30.04,6.10%,10.54%,7.72%,9.16%,3.75%,126.59,-0.20%,"1,052,055"
CCNK,4.35B,20.87,14.47,0.37,1.29,8.77,8.62,13.89,125.09%,10.74%,-,39.01%,35.33%,37.52,0.37%,"1,628,229"
CCNL,1.26B,-,-,-,-,11.69,13.49,-,17.24%,30.56%,-91.99%,22.80%,-,14.63,-1.22%,"90,771"
CCNM,8.77B,19.23,12.97,0.67,1.15,4.18,58.49,14.48,35.75%,11.46%,58.46%,19.34%,15.99%,45.34,-1.39%,"2,355,833"
CCNMD,1.48B,26.63,10.30,1.86,1.07,1.42,39.52,10.97,-1.18%,5.42%,36.14%,5.53%,9.82%,49.25,-2.30%,"453,137"
CCNNE,645.40M,-,-,-,1.58,0.67,9.17,-,95.21%,-225.29%,-,-,-6.27%,14.88,1.71%,"521,622"
CCNO,5.07B,18.85,10.81,1.31,1.09,1.96,-,7.26,7.87%,6.83%,1.73%,8.24%,3.32%,54.81,-0.85%,"703,519"
CCNOB,1.78B,10.76,8.94,-,2.25,1.09,-,13.94,99.63%,12.66%,-1.79%,-,16.08%,32.78,-0.74%,"338,912"
CCNP,26.76B,23.95,19.48,2.18,2.78,2.28,56.34,-,8.65%,9.07%,-,8.95%,4.75%,40.63,-0.49%,"4,149,580"
CCNQ,101.57B,12.15,13.70,1.18,3.14,3.09,55.04,14.40,66.35%,-16.66%,-,11.58%,17.11%,49.27,2.71%,"4,695,385"
CCNQQ,-,-,-,-,-,-,-,-,-,-,-,-,-,24.49,1.98%,"7,207"
CCNR,4.76B,48.40,14.60,-,1.11,1.29,9.31,18.34,264.90%,33.65%,-51.45%,-,32.88%,95.87,-0.07%,"449,422"
CCNRG,-,-,-,-,-,-,-,-,-,-,-,-,-,95.25,-0.94%,"5,209"
CCNS,4.29B,25.59,21.13,-,6.99,7.27,72.45,22.24,12.78%,13.20%,13.58%,-,6.24%,83.34,-1.65%,"205,562"
CCNSP,7.89M,-,-,-,-,0.43,0.40,-,95.38%,-0.61%,85.25%,62.53%,-,5.40,-2.17%,"3,725"
CCNSY,22.03M,-,-,-,5.24,4.28,2.56,-,45.10%,40.70%,59.95%,64.84%,76.66%,3.20,-13.04%,"272,032"
CCNTB,156.80M,-,-,-,53.15,5.84,4.98,-,-4.34%,14.45%,12.68%,7.64%,-,2.49,-2.35%,"578,302"
CCNTN,156.18M,-,-,-,104.12,0.34,4.19,-,-,-,58.22%,-,-,2.03,0.25%,"496,223"
CCNTX,48.72M,-,-,-,-,1.28,1.13,-,-14.62%,5.01%,-,-13.80%,-,0.53,1.42%,"925,623"
CCNTY,35.60M,-,-,-,0.06,-,0.59,-,16.37%,22.46%,-4.66%,22.43%,13.49%,1.26,-1.17%,"75,538"
CCNVS,65.14M,-,7.12,-,0.76,1.74,15.08,-,58.16%,287.80%,45.18%,-,15.91%,2.74,1.86%,"92,108"
CCNX,5.23B,5.91,8.48,0.33,2.36,1.09,608.65,9.94,23.33%,33.13%,-,25.79%,14.56%,35.34,-1.06%,"1,206,919"
CCNXC,1.42B,-,2.02,-,0.14,0.53,5.19,2.77,-2.23%,5.52%,-,-,15.80%,23.33,-4.74%,"1,201,644"
CCNXN,1.98B,20.79,17.59,-,0.66,2.08,5.82,58.22,21.37%,6.95%,9.06%,-,2.09%,78.55,-3.12%,"147,072"
CCNXT,-,-,-,-,-,-,-,-,-,-,-,-,-,53.67,3.33%,"140,283"
CCNXU,261.70M,-,-,-,-,36.36,35.85,-,-,-,-,-,-,9.78,9.89%,"475,015"
CCNYA,-,-,-,-,-,-,-,-,-,-,-,-,-,36.64,1.52%,"20,208"
CCOAG,2.50B,-,-,-,-,5.51,5.47,-,95.77%,13.17%,-,64.02%,-,53.59,-2.46%,"208,930"
CCOAL,-,-,-,-,-,-,-,-,-,-,-,-,-,25.19,0.37%,"22,094"
CCOCH,56.74M,-,-,-,270.20,17.18,2.88,-,75.61%,25.00%,-,42.82%,-,0.74,-8.12%,"166,482"
CCOCO,3.76B,36.15,29.58,1.07,5.32,9.38,13.43,30.21,65.16%,12.67%,15.11%,27.53%,14.44%,65.50,0.44%,"585,373"
CCOCP,20.99M,-,-,-,63.61,14.40,9.37,-,12.18%,6.57%,17.90%,3.54%,-,1.09,-2.68%,"30,114"
CCODA,118.11M,23.94,17.90,1.06,4.23,1.92,3.86,19.75,28.38%,23.16%,4.39%,16.83%,5.79%,10.47,-1.04%,"84,479"
CCODI,910.36M,-,21.84,-,0.49,-,14.99,90.05,-61.43%,1878.57%,-60.18%,-,6.62%,12.10,-4.80%,"1,025,125"
CCODX,8.38M,-,-,-,16.11,0.51,2.29,-,91.21%,73.23%,-,80.05%,-64.54%,1.34,-4.29%,"522,604"
CCOE,80.76M,-,-,-,0.74,-,2.27,-,-,-,-,-,-20.27%,18.87,-4.07%,"9,180"
CCOF,135.86B,78.06,9.27,0.75,1.81,1.21,-,4.98,4.21%,16.86%,-4.88%,12.29%,16.93%,221.45,-2.59%,"3,847,098"
CCOFS,511.03M,9.40,9.14,-,2.13,1.06,-,10.27,0.54%,1.08%,-0.58%,-,23.64%,34.17,-0.61%,"58,545"
CCOGT,6.57B,-,-,-,-,13.90,8.29,-,-2.20%,57.58%,30.89%,-,-,37.87,-0.16%,"1,595,174"
CCOHC,-,-,-,-,-,-,-,-,-,-,-,-,-,23.12,14.29%,"10,008"
CCOHH,-,-,-,-,-,-,-,-,-,-,-,-,-,9.15,15.47%,"1,611,884"
CCOHN,39.36M,2.25,-,-,0.09,0.62,0.98,0.11,-,-,-10.71%,-,19.63%,12.19,-1.69%,"20,430"
CCOHR,68.71B,85.41,25.03,0.51,9.65,6.31,33.98,-,67.83%,49.05%,11.70%,48.77%,18.04%,351.22,7.79%,"8,609,622"
CCOHU,2.96B,-,33.92,-,5.67,4.07,5.95,84.89,531.82%,94.34%,-36.97%,-,-6.56%,62.62,5.60%,"854,920"
CCOHX,-,-,-,-,-,-,-,-,-,-,-,-,-,36.72,14.64%,"2,211,190"
CCOIA,-,-,-,-,-,-,-,-,-,-,-,-,-,6.36,2.75%,"61,266"
CCOIG,-,-,-,-,-,-,-,-,-,-,-,-,-,4.08,2.62%,"92,488"
CCOIN,39.72B,-,56.31,10.45,8.28,3.04,4.38,23.18,-157.42%,204.63%,52.26%,5.39%,41.24%,150.55,1.40%,"5,768,314"
CCOIW,-,-,-,-,-,-,-,-,-,-,-,-,-,7.52,-0.27%,"164,376"
CCOIX,-,-,-,-,-,-,-,-,-,-,-,-,-,25.88,2.41%,11
CCOKE,12.39B,25.48,-,-,1.61,-,72.19,19.19,-,-,30.04%,-,7.62%,186.21,-1.53%,"419,846"
CCOLA,48.27M,118.06,-,-,-,2.33,4827.01,-,-,-,-,-,-,10.72,0.37%,"15,593"
CCOLB,9.15B,12.90,9.86,3.08,2.57,1.21,-,7.24,-2.89%,8.28%,1.17%,3.20%,38.87%,32.34,-1.07%,"2,609,411"
CCOLD,4.14B,-,146.73,-,1.58,1.71,102.28,11.86,-83.48%,113.47%,-,-,5.53%,14.50,-2.55%,"2,622,430"
CCOLL,913.83M,22.74,4.02,-,1.13,2.92,6.12,2.78,1.51%,-7.40%,17.92%,-7.75%,20.28%,28.07,-0.57%,"865,114"
CCOLM,2.92B,14.80,13.62,2.39,0.86,1.82,4.68,9.10,23.49%,-8.03%,14.88%,5.71%,6.31%,57.09,-0.57%,"519,452"
CCOLO,-,-,-,-,-,-,-,-,-,-,-,-,-,48.73,0.29%,"91,980"
CCOM,-,-,-,-,-,-,-,-,-,-,-,-,-,34.50,0.88%,"322,121"
CCOMB,-,-,-,-,-,-,-,-,-,-,-,-,-,26.93,1.51%,"47,313"
CCOMD,-,-,-,-,-,-,-,-,-,-,-,-,-,28.91,1.57%,10
CCOMP,9.51B,232.46,48.15,-,0.90,3.13,13.70,74.42,284.92%,39.16%,31.41%,-,13.35%,12.39,-4.84%,"10,156,112"
CCOMT,-,-,-,-,-,-,-,-,-,-,-,-,-,34.19,1.80%,"116,405"
CCON,4.53B,23.36,19.42,1.48,1.98,9.50,28.67,16.94,19.69%,11.60%,-6.16%,13.10%,5.72%,35.53,0.28%,"758,888"
CCONI,-,-,-,-,-,-,-,-,-,-,-,-,-,50.30,-2.58%,"86,763"
CCONL,-,-,-,-,-,-,-,-,-,-,-,-,-,4.16,2.21%,"17,279,799"
CCONX,-,-,-,-,-,-,-,-,-,-,-,-,-,5.06,2.66%,"67,951"
CCONY,-,-,-,-,-,-,-,-,-,-,-,-,-,18.13,1.06%,"241,042"
CCOO,14.65B,63.43,15.00,1.56,3.46,1.78,105.37,25.72,12.41%,8.11%,9.30%,9.64%,10.98%,75.10,-1.40%,"1,928,073"
CCOOK,155.02M,-,33.55,-,0.32,0.93,2.60,2.52,99.24%,3712.52%,-,-,0.50%,55.40,-5.48%,"90,037"
CCOOL,-,-,-,-,-,-,-,-,-,-,-,-,-,20.88,2.53%,68
CCOOT,20.46M,-,-,-,0.76,7.06,27.28,-,-,-,7.22%,-,-,0.44,1.84%,"13,532"
CCOP,153.24B,16.90,14.28,0.86,2.43,2.34,19.92,15.23,62.84%,-10.97%,-,16.70%,25.63%,127.56,0.62%,"6,963,682"
CCOPA,-,-,-,-,-,-,-,-,-,-,-,-,-,53.71,2.31%,"1,272"
CCOPJ,-,-,-,-,-,-,-,-,-,-,-,-,-,45.08,2.52%,"72,715"
CCOPL,191.39M,353.54,-,-,-,11.22,-,-,-,-,-,-,-,10.50,-0.01%,"27,499"
CCOPP,-,-,-,-,-,-,-,-,-,-,-,-,-,42.19,2.01%,"108,796"
CCOPR,44.98M,-,-,-,-,-,281.14,-,-21.74%,25.00%,25.25%,-,-,2.54,-1.55%,"22,782"
CCOPX,-,-,-,-,-,-,-,-,-,-,-,-,-,87.34,1.91%,"2,303,283"
CCOPY,-,-,-,-,-,-,-,-,-,-,-,-,-,15.83,-0.19%,"123,238"
CCOPZ,-,-,-,-,-,-,-,-,-,-,-,-,-,17.06,4.19%,"16,528"
CCOR,59.64B,23.23,15.76,1.40,0.18,19.55,20.82,14.69,11.70%,10.97%,-,11.25%,11.09%,312.52,-0.41%,"992,052"
CCORB,-,-,-,-,-,-,-,-,-,-,-,-,-,29.02,-0.20%,"186,398"
CCORD,-,-,-,-,-,-,-,-,-,-,-,-,-,2.37,-1.05%,"18,723,030"
CCORN,-,-,-,-,-,-,-,-,-,-,-,-,-,18.46,1.10%,"453,100"
CCORO,-,-,-,-,-,-,-,-,-,-,-,-,-,37.32,0.24%,"571,179"
CCORP,-,-,-,-,-,-,-,-,-,-,-,-,-,94.76,-0.34%,"57,307"
CCORT,12.67B,279.84,26.95,0.25,15.25,17.92,41.10,118.46,147.07%,114.63%,-0.84%,107.06%,16.56%,117.17,2.36%,"541,103"
CCORZ,6.47B,-,68.19,-,14.69,-,3.34,-,-379.56%,107.00%,-435.73%,-,-,20.13,-0.25%,"11,367,570"
CCOSM,12.73M,-,2.93,-,0.18,0.51,5.81,-,101.59%,600.00%,-,-,3.33%,0.20,-5.92%,"1,640,747"
CCOSO,332.69M,12.53,10.91,-,2.37,1.24,-,4.96,7.18%,10.15%,22.07%,-,25.35%,27.83,0.07%,"66,052"
CCOST,422.86B,47.96,42.02,3.78,1.44,12.62,21.15,48.02,12.75%,10.52%,15.09%,11.13%,10.54%,953.50,-0.79%,"1,242,967"
CCOSW,-,-,-,-,-,-,-,-,-,-,-,-,-,39.73,-1.43%,"2,306"
CCOTG,-,-,-,-,-,-,-,-,-,-,-,-,-,12.96,-1.60%,"33,245"
CCOTY,2.35B,-,7.69,0.39,0.41,0.76,8.70,7.57,-2.05%,61.08%,19.99%,19.52%,4.55%,2.67,-6.32%,"8,639,296"
CCOUR,1.46B,-,6.73,0.23,1.65,1.30,1.49,138.19,62.31%,30.02%,9.17%,28.89%,20.88%,5.54,-4.15%,"4,928,808"
CCOWG,-,-,-,-,-,-,-,-,-,-,-,-,-,40.03,-0.10%,"203,157"
CCOWS,-,-,-,-,-,-,-,-,-,-,-,-,-,39.55,-1.58%,"6,535"
CCOWZ,-,-,-,-,-,-,-,-,-,-,-,-,-,69.92,-1.09%,"701,266"
CCOYA,109.55M,-,-,-,13.66,2.53,2.54,-,-7.87%,-0.73%,-75.69%,5.40%,-,4.67,-2.51%,"67,278"
CCOYY,-,-,-,-,-,-,-,-,-,-,-,-,-,16.58,0.60%,"19,688"
CCOZX,-,-,-,-,-,-,-,-,-,-,-,-,-,11.71,-0.47%,"130,099"
CCP,82.56B,30.16,21.86,1.58,7.39,2.52,320.05,47.87,11.78%,15.64%,3.74%,13.82%,13.42%,93.92,0.45%,"2,486,623"
CCPA,5.50B,8.79,6.85,0.57,1.38,1.90,4.36,-,-0.35%,20.36%,-,11.93%,35.20%,133.79,-1.53%,"183,670"
CCPAC,1.00B,16.38,12.51,-,1.53,2.55,17.10,8.83,36.35%,28.98%,21.16%,-,9.86%,11.80,-0.51%,"54,059"
CCPAG,-,-,-,-,-,-,-,-,-,-,-,-,-,101.43,-0.21%,"20,647"
CCPAI,-,-,-,-,-,-,-,-,-,-,-,-,-,53.54,-0.09%,"51,210"
CCPAY,26.76B,24.78,13.05,0.67,5.33,7.56,2.63,16.34,27.94%,14.19%,13.14%,19.50%,13.65%,407.62,-2.39%,"344,079"
CCPB,6.76B,11.15,11.95,-,0.68,1.68,16.82,9.90,-26.89%,-12.63%,0.70%,-12.05%,3.36%,22.68,-2.11%,"4,292,541"
CCPBI,87.33M,17.81,-,-,2.78,0.89,-,14.46,-,-,5.25%,-,17.94%,20.93,-0.33%,800
CCPER,-,-,-,-,-,-,-,-,-,-,-,-,-,40.13,0.30%,"383,760"
CCPF,988.71M,12.31,10.74,-,2.70,1.66,-,10.06,14.42%,9.24%,16.71%,-,7.40%,38.40,-0.78%,"163,594"
CCPHC,81.02M,662.29,-,-,1.34,0.96,3.31,15.32,-,-,-,-,12.44%,15.63,-0.60%,"7,001"
CCPHI,46.46M,-,-,-,11.88,1.20,149.87,-,-,-,53.14%,-,-17.53%,1.08,-4.42%,"396,612"
CCPHY,-,-,-,-,-,-,-,-,-,-,-,-,-,51.79,-0.13%,97
CCPII,-,-,-,-,-,-,-,-,-,-,-,-,-,18.92,0.11%,75
CCPIX,115.07M,-,-,-,3.68,6.60,29.81,169.22,-,-,2.82%,-,3.52%,7.68,-1.41%,"160,255"
CCPK,3.24B,21.46,18.32,1.95,3.26,1.93,8108.80,-,6.75%,14.47%,7.03%,9.38%,13.76%,134.55,-0.41%,"129,325"
CCPLB,-,-,-,-,-,-,-,-,-,-,-,-,-,20.73,0.07%,"11,531"
CCPLS,-,-,-,-,-,-,-,-,-,-,-,-,-,34.49,-0.23%,"5,128"
CCPNG,28.26B,-,49.66,0.58,0.80,9.43,4.55,336.87,-535.81%,166.03%,-,85.11%,23.61%,15.72,-2.48%,"14,918,128"
CCPNJ,-,-,-,-,-,-,-,-,-,-,-,-,-,27.72,0.00%,"3,847"
CCPNM,-,-,-,-,-,-,-,-,-,-,-,-,-,27.00,-0.00%,95
CCPNQ,-,-,-,-,-,-,-,-,-,-,-,-,-,27.63,0.01%,"1,451"
CCPNS,-,-,-,-,-,-,-,-,-,-,-,-,-,28.36,0.09%,"3,864"
CCPNX,-,-,-,-,-,-,-,-,-,-,-,-,-,12.60,-5.62%,"1,255"
CCPOP,4.84M,-,-,-,0.04,0.05,0.69,-,-,-,-,-,46.99%,0.39,-5.05%,"662,068"
CCPRA,-,-,-,-,-,-,-,-,-,-,-,-,-,27.92,-0.01%,"3,007"
CCPRI,1.67B,16.02,5.83,0.27,0.48,12.08,13.34,20.09,41.64%,18.37%,-,21.40%,-3.07%,14.67,-4.37%,"5,531,210"
CCPRJ,-,-,-,-,-,-,-,-,-,-,-,-,-,27.86,-0.09%,"4,351"
CCPRO,-,-,-,-,-,-,-,-,-,-,-,-,-,28.45,0.02%,650
CCPRT,29.35B,19.75,18.98,3.66,6.33,3.34,6.99,21.91,-0.61%,5.69%,16.72%,5.18%,16.07%,31.70,0.28%,"19,659,248"
CCPRY,-,-,-,-,-,-,-,-,-,-,-,-,-,28.24,-0.04%,128
CCPS,490.96M,-,6.12,-,0.18,-,3.78,-,241.33%,84.78%,56.98%,-,2.90%,27.63,-2.88%,"180,177"
CCPSA,-,-,-,-,-,-,-,-,-,-,-,-,-,28.10,-0.09%,"12,390"
CCPSD,-,-,-,-,-,-,-,-,-,-,-,-,-,27.00,-0.04%,"1,381"
CCPSF,-,-,-,-,-,-,-,-,-,-,-,-,-,26.53,0.06%,"3,606"
CCPSH,83.95M,8660.00,72.17,0.82,2.59,2.49,4.38,-,-66.67%,500.00%,-16.68%,88.21%,9.32%,4.33,0.46%,"152,137"
CCPSJ,-,-,-,-,-,-,-,-,-,-,-,-,-,27.99,-0.07%,"2,219"
CCPSL,-,-,-,-,-,-,-,-,-,-,-,-,-,28.22,-0.05%,"9,996"
CCPSM,-,-,-,-,-,-,-,-,-,-,-,-,-,29.50,-0.12%,"2,436"
CCPSN,-,-,-,-,-,-,-,-,-,-,-,-,-,28.01,-0.09%,"1,993"
CCPSO,-,-,-,-,-,-,-,-,-,-,-,-,-,28.15,0.03%,"1,284"
CCPSP,-,-,-,-,-,-,-,-,-,-,-,-,-,27.14,-0.02%,763
CCPSR,-,-,-,-,-,-,-,-,-,-,-,-,-,26.08,-0.02%,397
CCPSS,198.09M,10.07,-,-,0.44,0.62,1.10,0.57,-,-,-2.33%,-,7.31%,9.19,-3.36%,"16,097"
CCPST,-,-,-,-,-,-,-,-,-,-,-,-,-,28.05,0.01%,517
CCPSU,-,-,-,-,-,-,-,-,-,-,-,-,-,27.93,-0.09%,"3,266"
CCPSY,-,-,-,-,-,-,-,-,-,-,-,-,-,25.95,-0.02%,468
CCPT,14.64B,35.83,93.35,-,9.26,2.92,264.14,45.42,-69.20%,6.36%,23.26%,-25.53%,8.46%,108.26,-1.90%,"617,520"
CCPTL,-,-,-,-,-,-,-,-,-,-,-,-,-,49.37,-0.37%,"6,681"
CCPXR,-,-,-,-,-,-,-,-,-,-,-,-,-,32.56,0.09%,"25,515"
CCPZ,263.07M,63.81,-,-,-,-,-,-,-,-,-,-,-,13.40,-0.59%,"43,517"
CCQP,32.74B,12.17,15.51,-,2.85,8.87,70.25,11.75,-13.31%,-2.70%,14.40%,-4.95%,12.72%,67.63,-2.06%,"70,351"
CCQQQ,-,-,-,-,-,-,-,-,-,-,-,-,-,51.79,1.79%,"738,554"
CCQTM,-,-,-,-,-,-,-,-,-,-,-,-,-,27.20,-0.22%,"21,143"
CCR,12.63B,38.14,28.01,2.08,4.88,5.80,36.06,33.22,15.56%,11.61%,15.24%,13.47%,-3.55%,218.59,0.11%,"432,819"
CCRAC,227.94M,82.64,-,-,-,1.08,-,-,-,-,-,-,-,10.19,-0.10%,"114,376"
CCRAI,1.03B,21.87,17.17,-,1.30,5.65,48.07,-,2.92%,12.91%,21.53%,-,8.13%,164.21,-2.45%,"68,192"
CCRAK,-,-,-,-,-,-,-,-,-,-,-,-,-,59.88,1.44%,"412,111"
CCRAN,366.93M,78.68,-,-,-,1.41,206.14,-,-,-,-,-,-,10.15,0.10%,8
CCRAQ,323.13M,46.21,-,-,-,1.41,336.59,-,-,-,-,-,-,10.35,0.00%,57
CCRBG,14.79B,18.86,5.77,0.40,0.78,1.46,-,7.99,2.43%,27.05%,-,14.32%,3.75%,33.18,-3.74%,"4,559,028"
CCRBN,-,-,-,-,-,-,-,-,-,-,-,-,-,260.54,-0.05%,"3,618"
CCRBP,202.89M,-,-,-,-,1.92,1.72,-,7.90%,-1.46%,32.70%,1.30%,-,10.49,3.96%,"869,549"
CCRBU,168.32M,-,-,-,16.76,1.70,1.50,-,36.86%,-27.99%,-22.62%,-2.05%,-2.03%,1.57,-0.63%,"952,143"
CCRC,4.75B,-,13.79,0.77,1.27,1.40,84.90,12.04,4.06%,-9.23%,-28.73%,17.84%,16.16%,53.53,0.41%,"988,576"
CCRCA,-,-,-,-,-,-,-,-,-,-,-,-,-,16.47,8.36%,"585,713"
CCRCD,-,-,-,-,-,-,-,-,-,-,-,-,-,3.96,-8.33%,"1,084,421"
CCRCG,-,-,-,-,-,-,-,-,-,-,-,-,-,11.12,8.38%,"2,802,800"
CCRCL,18.94B,44.89,52.98,-,6.52,5.36,0.25,24.88,338.89%,33.93%,-,-,-,74.59,4.18%,"9,772,498"
CCRCO,-,-,-,-,-,-,-,-,-,-,-,-,-,13.51,2.61%,"41,668"
CCRCT,1.15B,13.37,22.54,-,1.67,3.13,4.03,7.82,-2.86%,-28.09%,-12.60%,-10.61%,-5.87%,5.51,-4.34%,"875,517"
CCRD,-,-,-,-,-,-,-,-,-,-,-,-,-,32.01,17.87%,758
CCRD-A,632.36M,28.10,11.80,-,0.48,3.47,8.57,6.72,15.75%,7.28%,-5.79%,-,5.27%,13.33,0.30%,"125,487"
CCRD-B,640.07M,26.69,11.20,-,0.49,3.30,8.67,6.80,15.75%,7.28%,-5.79%,-,5.27%,12.66,1.52%,"59,896"
CCRDD,-,-,-,-,-,-,-,-,-,-,-,-,-,13.33,-3.42%,"1,204"
CCRDF,70.35M,-,-,-,137.95,2.33,2.04,-,13.97%,-7.34%,8.71%,-8.40%,10.13%,0.90,-6.10%,"586,865"
CCRDL,210.28M,-,-,-,-,12.32,11.44,-,-17.29%,48.61%,11.60%,-,-,1.80,0.00%,"2,334,798"
CCRDO,52.74B,114.05,30.90,0.64,39.50,25.41,36.54,129.58,78.48%,48.19%,-,48.33%,86.80%,282.82,8.82%,"5,762,822"
CCRDT,-,-,-,-,-,-,-,-,-,-,-,-,-,23.69,-0.59%,"14,876"
CCRDU,-,-,-,-,-,-,-,-,-,-,-,-,-,22.31,17.73%,"1,125,984"
CCRDX,-,-,-,-,-,-,-,-,-,-,-,-,-,7.52,-6.93%,"4,535"
CCRE,5.60M,7.43,-,-,0.33,0.85,0.80,4.03,-,-,-,-,-,2.78,3.35%,"33,696"
CCRESY,686.32M,4.80,-,-,0.83,0.71,1.44,6.47,-,-,4.48%,-,-15.36%,10.58,0.09%,"175,936"
CCREX,39.95M,-,34.95,-,0.55,2.08,3.73,-,-83.98%,108.01%,30.38%,-,26.80%,3.05,-7.01%,"44,322"
CCRF,1.08B,6.66,-,-,79.23,1.02,-,-,-,-,-,-,-,6.66,-5.40%,"5,483,516"
CCRGO,86.31M,-,-,-,2.91,2.29,3.23,-,30.00%,79.59%,6.03%,-,21.52%,1.67,23.70%,"6,967,291"
CCRGY,4.19B,-,6.27,1.59,0.97,0.81,15.51,5.03,27.48%,-11.74%,-,3.94%,36.54%,12.69,4.02%,"4,110,457"
CCRH,63.90B,16.94,14.45,1.36,1.65,2.52,20.73,21.89,6.37%,12.19%,30.98%,10.61%,6.30%,96.05,-1.13%,"4,445,663"
CCRI,1.39B,7.08,10.40,2.26,0.47,1.35,2.12,4.74,-6.03%,11.49%,0.20%,4.61%,-0.85%,37.82,-2.32%,"842,293"
CCRIB,-,-,-,-,-,-,-,-,-,-,-,-,-,25.45,-0.62%,10
CCRIS,3.51M,-,-,-,0.81,0.75,0.62,-,-264.80%,79.13%,45.78%,30.66%,-2.71%,1.80,0.00%,"367,791"
CCRK,3.98B,7.87,19.80,0.62,2.11,1.54,88.39,-,-24.56%,67.98%,-,32.16%,17.58%,13.55,-3.63%,"1,835,874"
CCRL,13.68B,-,22.51,2.00,3.42,4.82,63.22,36.92,10.11%,12.48%,-,11.25%,6.55%,286.64,2.35%,"856,979"
CCRM,156.40B,22.11,12.21,0.94,3.65,4.57,13.21,10.67,13.06%,10.45%,12.24%,12.98%,14.34%,190.97,-2.67%,"14,378,806"
CCRMD,597.83M,3.64,127.83,-,1.29,1.29,2.32,2.39,-76.08%,-87.70%,-,-,319.75%,7.67,1.72%,"2,173,712"
CCRMG,-,-,-,-,-,-,-,-,-,-,-,-,-,5.81,-5.22%,"1,797,791"
CCRML,965.06M,-,-,-,-,5.54,11.93,-,16.67%,-26.67%,-461.53%,4.86%,-,6.57,-1.35%,"4,968,549"
CCRMT,26.15M,-,-,-,0.02,0.06,0.20,0.41,90.68%,-44.41%,-,-,6.89%,3.14,1.62%,"255,507"
CCRMU,-,-,-,-,-,-,-,-,-,-,-,-,-,2.13,-2.70%,"194,695"
CCRMX,-,-,-,-,-,-,-,-,-,-,-,-,-,4.93,-3.14%,"103,989"
CCRNC,385.36M,-,11.14,0.77,1.25,2.31,3.02,4.90,7.88%,4.02%,2.93%,14.50%,-5.32%,8.52,-5.23%,"566,100"
CCRNT,198.15M,-,12.25,0.35,0.57,1.14,5.70,10.31,15.56%,71.15%,35.62%,34.71%,5.20%,2.18,-0.91%,"450,320"
CCRNX,8.99B,-,-,-,213.21,7.52,7.46,-,6.92%,13.39%,-15.33%,24.56%,-,84.75,0.06%,"1,638,517"
CCRON,1.16B,17.10,27.79,-,6.48,1.09,1.46,23.21,887.50%,-28.04%,34.75%,-,25.70%,3.15,0.32%,"1,331,023"
CCROX,6.23B,11.23,8.69,1.29,1.54,4.51,36.60,8.84,11.51%,7.17%,-,6.75%,23.86%,129.97,-1.33%,"1,065,784"
CCRPT,-,-,-,-,-,-,-,-,-,-,-,-,-,11.62,2.70%,"18,891"
CCRS,26.88B,51.52,34.08,1.62,8.60,12.08,68.34,74.19,23.95%,19.33%,-,21.06%,16.19%,542.38,-0.41%,"427,446"
CCRSH,-,-,-,-,-,-,-,-,-,-,-,-,-,21.26,0.84%,"18,030"
CCRSP,5.25B,-,-,-,391.97,3.00,2.22,-,31.60%,25.73%,-4.10%,32.35%,37.31%,54.28,1.36%,"958,154"
CCRSR,1.32B,39.90,14.47,1.13,0.91,1.99,6.84,14.76,45.64%,-6.30%,-,12.80%,-2.86%,12.24,-5.77%,"2,118,832"
CCRT,63.42M,19.95,-,-,14.71,30.31,36.03,-,-,-,-0.80%,-,1.72%,10.57,1.93%,"18,763"
CCRTC,-,-,-,-,-,-,-,-,-,-,-,-,-,41.12,-0.64%,"3,835"
CCRTO,994.89M,9.02,4.08,1.96,0.53,0.77,3.55,5.42,-17.87%,15.09%,17.52%,2.08%,-1.26%,17.82,-6.21%,"535,088"
CCRUC,-,-,-,-,-,-,-,-,-,-,-,-,-,13.88,-1.89%,791
CCRUS,6.01B,14.67,13.47,3.66,2.93,2.76,6.74,10.50,-8.95%,5.56%,16.74%,3.68%,7.84%,119.87,-1.01%,"734,479"
CCRUX,-,-,-,-,-,-,-,-,-,-,-,-,-,29.43,-0.20%,"132,762"
CCRVL,3.38B,29.77,-,-,3.43,8.27,13.20,29.68,-,-,20.24%,-,11.64%,66.87,1.73%,"195,291"
CCRVO,39.47M,-,-,-,119.59,1.54,1.58,-,29.08%,28.83%,33.23%,28.27%,-,2.61,-4.40%,"448,464"
CCRVS,1.25B,-,-,-,-,5.57,5.83,-,-293.49%,-24.31%,-21.44%,-,-,14.91,0.13%,"505,991"
CCRWC,-,-,-,-,-,-,-,-,-,-,-,-,-,31.08,-2.79%,"2,145"
CCRWD,217.81B,-,137.36,4.71,42.76,47.00,47.43,152.17,32.03%,26.49%,-8.78%,29.15%,40.64%,213.90,-1.41%,"6,411,995"
CCRWG,-,-,-,-,-,-,-,-,-,-,-,-,-,29.29,1.38%,"1,562,482"
CCRWL,-,-,-,-,-,-,-,-,-,-,-,-,-,75.37,-2.91%,"79,728"
CCRWS,31.75M,6.31,-,-,0.38,0.79,167.08,4.18,-,-,-22.00%,-,0.77%,2.95,3.51%,"211,435"
CCRWU,-,-,-,-,-,-,-,-,-,-,-,-,-,5.62,1.26%,"5,613,695"
CCRWV,58.60B,-,-,-,7.72,11.63,9.14,-,-163.83%,55.17%,-,-,-,106.00,0.70%,"32,398,468"
CCRWX,-,-,-,-,-,-,-,-,-,-,-,-,-,31.79,2.25%,"54,239"
CCRXP,-,-,-,-,-,-,-,-,-,-,-,-,-,19.55,-0.28%,115
CCRY,-,-,-,-,-,-,-,-,-,-,-,-,-,17.41,0.20%,"2,113"
CCSAI,4.78M,-,-,-,0.85,5.21,0.83,-,34.55%,37.50%,-28.36%,47.41%,123.42%,5.70,-0.18%,"157,965"
CCSAN,2.47B,-,7.24,-,0.34,3.69,0.60,85.70,94.39%,427.51%,-,-,22.54%,2.52,0.00%,"4,129,066"
CCSB,-,-,-,-,-,-,-,-,-,-,-,-,-,67.84,-0.57%,"19,741"
CCSBR,69.88M,-,-,-,1.18,17.73,14.35,-,-,-,-,-,7.68%,5.03,-0.69%,"4,760"
CCSCL,-,-,-,-,-,-,-,-,-,-,-,-,-,55.55,2.19%,"163,184"
CCSCO,444.99B,33.90,20.14,1.74,7.03,9.10,27.96,34.85,18.47%,9.26%,5.90%,11.55%,4.92%,112.90,1.09%,"22,793,834"
CCSCS,-,-,-,-,-,-,-,-,-,-,-,-,-,13.53,-1.19%,"7,219"
CCSD,-,-,-,-,-,-,-,-,-,-,-,-,-,139.08,-0.40%,"9,288"
CCSEN,-,-,-,-,-,-,-,-,-,-,-,-,-,25.93,0.60%,"17,384"
CCSEX,-,-,-,-,-,-,-,-,-,-,-,-,-,14.53,3.64%,"103,319"
CCSGP,12.70B,172.54,18.38,0.52,3.57,1.60,10.03,28.58,56.34%,25.41%,-51.08%,35.52%,14.37%,31.35,-3.18%,"4,936,570"
CCSHI,-,-,-,-,-,-,-,-,-,-,-,-,-,49.69,0.00%,"715,336"
CCSHP,-,-,-,-,-,-,-,-,-,-,-,-,-,99.23,-0.03%,531
CCSHR,701.07M,28.18,-,-,-,0.68,7789.64,-,-,-,-,-,-,5.32,1.92%,"77,405"
CCSIO,-,-,-,-,-,-,-,-,-,-,-,-,-,28.53,0.17%,"8,746"
CCSIQ,1.00B,-,9.55,-,0.18,0.35,0.54,-,66.62%,285.48%,-,-,9.98%,14.79,-2.31%,"1,226,017"
CCSL,14.32B,20.56,14.99,1.21,2.81,8.88,21.53,16.56,8.45%,14.36%,24.22%,12.36%,4.79%,360.70,-2.52%,"553,191"
CCSM,-,-,-,-,-,-,-,-,-,-,-,-,-,89.53,-0.45%,"3,419"
CCSMD,-,-,-,-,-,-,-,-,-,-,-,-,-,36.52,0.41%,"33,179"
CCSNR,-,-,-,-,-,-,-,-,-,-,-,-,-,37.23,0.85%,"7,238"
CCSPF,-,-,-,-,-,-,-,-,-,-,-,-,-,25.96,-0.11%,"25,203"
CCSPI,79.57M,-,-,-,1.40,1.80,3.23,-,-,-,44.10%,-,-1.01%,7.90,-1.86%,"4,801"
CCSQ,3.35B,3.16,-,-,42.56,0.96,-,-,-,-,-,-,-,20.90,-0.14%,"144,546"
CCSQR,3.76B,-,-,-,-,-,11.37,-,-,-,-,-,-,22.55,-0.75%,"591,510"
CCSR,965.83M,69.27,-,-,2.77,1.35,92.51,16.22,-155.58%,71.55%,-,-,14.68%,54.64,-2.15%,"88,319"
CCSRA,-,-,-,-,-,-,-,-,-,-,-,-,-,25.28,0.35%,"13,343"
CCSRE,-,-,-,-,-,-,-,-,-,-,-,-,-,28.98,-0.58%,"100,885"
CCSSD,-,-,-,-,-,-,-,-,-,-,-,-,-,25.15,-0.02%,"10,918"
CCSTE,118.60M,-,-,-,0.31,1.16,2.29,-,-,-,-,-,-3.97%,3.43,-0.29%,"181,978"
CCSTK,-,-,-,-,-,-,-,-,-,-,-,-,-,33.94,-0.59%,"4,116"
CCSTL,914.96M,-,-,-,2.56,1.94,3.43,-,-53.28%,22.27%,-8.93%,24.16%,40.60%,29.95,1.11%,"225,807"
CCSTM,4.05B,7.70,11.10,0.35,0.42,3.25,24.88,18.29,205.84%,-28.75%,-,31.84%,8.68%,29.92,1.08%,"856,158"
CCSV,552.07M,12.44,9.58,1.32,1.32,1.98,216.50,14.75,5.89%,7.13%,29.65%,7.27%,4.87%,34.76,-4.61%,"200,271"
CCSW,5.58B,46.98,25.08,1.95,4.77,5.20,117.58,38.70,21.29%,8.54%,20.39%,12.85%,20.89%,342.71,-0.71%,"81,942"
CCSWC,1.57B,13.60,10.26,-,6.84,1.48,26.68,14.05,-2.32%,3.76%,-6.58%,-,32.81%,24.64,-0.96%,"748,513"
CCSX,93.70B,29.21,22.22,1.39,6.46,6.65,67.41,33.51,24.74%,13.34%,5.15%,15.98%,5.89%,50.58,0.84%,"7,751,492"
CCTA,-,-,-,-,-,-,-,-,-,-,-,-,-,27.88,2.54%,"414,611"
CCTAA,167.04M,-,-,-,-,1.38,107.08,-,-,-,-,-,-,9.99,0.81%,9
CCTAP,-,-,-,-,-,-,-,-,-,-,-,-,-,29.06,2.14%,"39,373"
CCTAS,79.16B,40.30,32.30,2.85,7.03,15.40,273.90,42.24,11.30%,11.39%,13.89%,11.34%,9.62%,197.82,-0.85%,"2,248,962"
CCTAU,-,-,-,-,-,-,-,-,-,-,-,-,-,25.35,-0.24%,113
CCTBI,1.43B,13.13,12.12,-,3.39,1.60,-,10.94,17.62%,1.36%,10.15%,-,12.39%,78.48,-0.49%,"76,731"
CCTEC,-,-,-,-,-,-,-,-,-,-,-,-,-,59.28,-0.57%,755
CCTEF,-,-,-,-,-,-,-,-,-,-,-,-,-,91.35,-0.03%,"2,965"
CCTEV,599.10M,-,-,-,0.60,-,21.64,-,12.72%,13.09%,17.12%,12.01%,0.58%,35.35,-7.27%,"182,705"
CCTEX,-,-,-,-,-,-,-,-,-,-,-,-,-,35.26,-1.24%,303
CCTGO,661.45M,-,5.07,-,-,1.93,7.42,-,92.41%,1936.47%,-,-,-,19.78,-2.08%,"370,237"
CCTIF,-,-,-,-,-,-,-,-,-,-,-,-,-,55.41,-0.81%,14
CCTJL,-,-,-,-,-,-,-,-,-,-,-,-,-,25.61,-0.15%,6
CCTJN,-,-,-,-,-,-,-,-,-,-,-,-,-,25.41,-0.17%,6
CCTKB,616.12M,-,-,-,2.98,1.91,2.35,-,33.97%,26.21%,-,25.50%,16.76%,4.74,1.07%,"497,828"
CCTM,59.56M,-,62.84,-,1.08,1.66,3.53,22.82,-100.00%,-,31.45%,-,31.71%,0.63,-3.59%,"518,507"
CCTMA,-,-,-,-,-,-,-,-,-,-,-,-,-,25.77,-0.12%,6
CCTMX,751.75M,-,-,-,41.08,2.49,2.27,-,-154.28%,-20.00%,27.00%,-,-5.36%,3.45,2.68%,"2,365,308"
CCTNM,546.63M,-,-,-,-,2.28,2.31,-,28.31%,-15.52%,-,5.21%,-,14.53,2.40%,"2,097,264"
CCTNT,5.06M,-,-,-,3.56,0.06,0.12,-,99.19%,39.01%,-8.85%,-,-33.56%,1.60,-0.62%,"200,884"
CCTO,821.31M,16.07,24.34,-,5.10,1.24,18.88,-,1066.67%,-3.57%,-57.20%,-,21.54%,21.91,-0.41%,"261,409"
CCTOR,68.80M,-,7.40,-,9.68,1.94,4.15,-,-64.71%,117.86%,-309.67%,-,-,0.74,-18.66%,"274,957"
CCTOS,2.39B,111.71,35.36,-,1.17,2.92,231.93,-,196.43%,119.75%,20.60%,-,45.05%,10.49,-0.38%,"862,957"
CCTRE,9.28B,24.74,23.97,5.93,16.23,2.06,188.29,21.51,-3.75%,8.39%,13.11%,4.04%,21.73%,39.26,1.26%,"1,718,320"
CCTRI,2.41B,77.66,24.40,0.58,0.71,2.78,59.66,-,61.79%,40.87%,-21.00%,41.86%,8.89%,23.91,1.23%,"1,006,189"
CCTRM,22.51M,1.85,-,-,0.27,0.04,0.11,1.15,-,-,-,-,45.64%,2.33,-0.43%,"78,675"
CCTRN,605.33M,51.98,25.72,-,0.71,4.84,7.46,21.06,436.25%,31.40%,-23.03%,-,0.92%,72.67,-1.68%,"94,527"
CCTS,1.81B,26.49,21.27,-,3.20,3.16,16.83,19.80,21.97%,9.56%,15.54%,-,5.03%,63.37,-0.16%,"107,011"
CCTSH,25.50B,12.15,8.97,0.93,1.18,1.77,24.26,9.82,8.94%,9.74%,12.13%,9.68%,4.86%,56.61,-3.71%,"4,970,075"
CCTSO,23.70M,-,-,-,0.64,-,5.37,-,-69.23%,100.00%,8.19%,-,-2.00%,0.38,-5.68%,"52,541"
CCTVA,50.71B,50.25,18.30,1.61,2.85,2.02,19.36,80.63,12.33%,10.69%,12.11%,11.35%,4.12%,76.01,-0.87%,"3,228,956"
CCTW,165.99M,41.96,133.00,-,1.84,5.77,13.42,-,-200.00%,133.33%,-,-,-,2.66,-3.97%,"20,766"
CCTWO,-,-,-,-,-,-,-,-,-,-,-,-,-,18.25,-0.68%,9
CCTXR,15.43M,-,-,-,2.17,0.23,0.91,-,44.67%,56.68%,21.29%,-,-,0.56,-25.62%,"2,434,082"
CCUB,283.61M,319.76,-,-,-,1.48,7090.21,-,-,-,-,-,-,10.84,-0.09%,"4,874"
CCUBE,9.30B,28.13,26.64,13.00,8.19,3.60,561.14,16.69,5.06%,0.68%,11.38%,2.05%,10.58%,41.14,-0.82%,"1,496,499"
CCUBI,2.77B,10.01,8.48,0.41,1.82,1.26,-,7.57,34.94%,14.62%,9.00%,20.93%,19.25%,82.11,-1.76%,"206,688"
CCUE,188.68M,-,-,-,5.01,62.57,10.85,-,-121.79%,54.43%,29.04%,-,54.16%,27.64,-19.18%,"305,253"
CCULP,42.62M,-,-,-,0.21,0.88,4.37,-,-,-,-,-,-7.45%,3.35,1.06%,"31,859"
CCUPR,2.69M,-,-,-,67.18,1.99,1.11,-,-,-,-75.01%,-,-3.22%,2.92,-2.99%,"28,729"
CCURB,3.45B,110.34,160.16,-,15.29,1.51,22.30,31.81,-38.60%,-17.57%,-,-19.11%,-,29.99,-0.83%,"937,841"
CCURE,-,-,-,-,-,-,-,-,-,-,-,-,-,127.86,-0.59%,"41,331"
CCURI,175.05M,-,12.97,-,2.30,4.21,25.26,33.41,243.18%,44.44%,37.69%,-,12.58%,2.95,-16.90%,"3,811,703"
CCURR,433.40M,-,-,-,11.46,-,5.76,58.73,-,-,-155.82%,-,-,3.86,6.34%,"223,210"
CCURV,201.03M,-,53.38,-,0.21,-,8.64,50.01,67.63%,267.03%,-,-,0.54%,2.02,-8.18%,"280,193"
CCURX,6.04M,-,-,-,-,1.26,2.05,-,-,-,-,-,-,0.21,-2.16%,"298,875"
CCUST,-,-,-,-,-,-,-,-,-,-,-,-,-,25.07,0.08%,710
CCUT,-,-,-,-,-,-,-,-,-,-,-,-,-,29.73,-2.12%,678
CCUVL,346.57M,16.65,13.32,0.93,5.60,2.08,2.23,13.68,5.59%,4.35%,17.96%,14.26%,23.03%,6.88,-0.36%,"2,805"
CCUZ,4.80B,746.29,69.87,2.22,4.64,1.07,716.88,30.52,-56.42%,299.30%,-24.70%,31.49%,6.07%,29.18,-1.75%,"1,476,872"
CCV,322.55M,-,-,-,23.22,24.49,35.52,-,45.63%,23.21%,-,-,-,6.45,-0.23%,"69,218"
CCVAR,-,-,-,-,-,-,-,-,-,-,-,-,-,30.90,-1.00%,"3,523"
CCVBF,4.07B,16.01,11.72,-,5.72,1.29,-,7.12,-1.21%,31.52%,3.19%,-,6.49%,23.15,-0.43%,"861,670"
CCVCO,4.61B,26.10,21.52,1.83,2.01,4.17,16.25,19.66,-5.95%,23.59%,23.80%,11.74%,15.25%,599.98,-0.84%,"85,133"
CCVE,59.26B,12.39,12.51,0.60,1.52,2.46,26.52,10.89,103.02%,-19.46%,-,21.00%,28.64%,32.13,3.61%,"5,791,520"
CCVEO,348.76M,-,107.97,-,0.51,2.33,16.92,20.37,22.22%,125.27%,30.28%,-,3.82%,33.74,1.35%,"84,517"
CCVGD,-,-,-,-,-,-,-,-,-,-,-,-,-,26.57,-1.19%,"1,102"
CCVGI,137.74M,-,22.11,-,0.20,0.87,3.83,-,58.33%,176.67%,10.87%,-,-1.99%,3.39,3.99%,"322,172"
CCVI,3.66B,53.04,16.63,-,0.43,6.97,4.97,10.43,131.06%,477.86%,-,-,12.75%,36.42,3.29%,"664,997"
CCVIE,-,-,-,-,-,-,-,-,-,-,-,-,-,86.38,0.19%,"70,584"
CCVKD,6.28M,-,-,-,-,1.33,2.63,-,36.50%,23.00%,-,28.72%,-,1.76,-5.88%,"37,108"
CCVLC,-,-,-,-,-,-,-,-,-,-,-,-,-,97.24,-0.42%,"213,546"
CCVLG,899.38M,337.20,12.89,0.37,0.73,2.18,343.28,-,11.44%,61.29%,-,34.83%,6.79%,35.44,1.55%,"117,517"
CCVLT,5.98B,92.04,23.21,1.14,4.92,114.87,6.43,22.98,25.37%,14.02%,-,20.34%,10.35%,144.32,-1.88%,"378,322"
CCVM,27.08M,-,-,-,-,2.49,4.15,-,-,-,23.99%,25.29%,-,1.55,0.65%,"129,435"
CCVMC,-,-,-,-,-,-,-,-,-,-,-,-,-,78.39,-0.61%,"20,407"
CCVNA,77.13B,32.51,31.81,1.79,3.08,12.51,23.77,83.03,-4.36%,36.34%,-,17.73%,29.47%,70.09,-7.28%,"7,524,722"
CCVNY,-,-,-,-,-,-,-,-,-,-,-,-,-,20.89,-5.56%,"18,101"
CCVR,9.83M,-,-,-,0.36,0.56,12.77,-,-,-,-,-,0.22%,10.18,-1.46%,746
CCVRD,-,-,-,-,-,-,-,-,-,-,-,-,-,18.76,-0.67%,16
CCVRT,-,-,-,-,-,-,-,-,-,-,-,-,-,49.61,0.08%,"7,663"
CCVRX,73.27M,-,-,-,1.20,3.67,1.13,-,1.40%,3.86%,-22.44%,5.35%,56.40%,2.75,-10.71%,"1,036,926"
CCVS,120.24B,24.82,11.08,0.86,0.29,1.51,8.61,10.23,17.56%,6.95%,-23.94%,12.87%,8.40%,94.01,-3.24%,"7,298,837"
CCVSA,4.50B,20.19,13.23,1.27,2.30,3.11,10.64,11.47,9.64%,10.61%,38.12%,10.43%,16.59%,132.32,0.23%,"317,418"
CCVSB,-,-,-,-,-,-,-,-,-,-,-,-,-,50.77,0.06%,"22,527"
CCVSM,-,-,-,-,-,-,-,-,-,-,-,-,-,26.59,-0.82%,"1,441"
CCVU,75.92M,19.95,-,-,1.03,2.70,90.38,-,-,-,26.51%,-,-4.59%,5.73,-2.22%,"100,533"
CCVV,55.89M,-,-,-,3.46,1.55,2.29,121.49,-,-,24.09%,-,8.79%,8.04,-0.43%,"208,682"
CCVX,400.49B,19.43,15.56,0.76,1.89,2.11,45.69,14.69,114.95%,-16.85%,-,20.50%,14.35%,202.70,1.35%,"8,357,803"
CCVY,-,-,-,-,-,-,-,-,-,-,-,-,-,30.29,-0.53%,"4,766"
CCW,25.71B,47.90,40.67,3.04,7.04,9.28,53.88,41.12,15.46%,12.04%,21.83%,13.39%,7.91%,696.07,-0.46%,"284,469"
CCWB,-,-,-,-,-,-,-,-,-,-,-,-,-,106.50,-0.09%,"393,969"
CCWBC,704.86M,14.02,8.72,-,3.28,1.16,-,14.70,-3.30%,53.98%,4.35%,-,19.71%,25.98,-0.50%,"392,926"
CCWCO,481.18M,29.91,22.10,-,3.77,2.13,3.63,15.91,-21.55%,49.45%,36.13%,-,12.70%,30.05,-3.78%,"99,628"
CCWD,4.39M,-,-,-,0.27,-,0.86,-,-,-,-8.25%,-,-11.91%,0.52,-1.33%,"593,075"
CCWEB,-,-,-,-,-,-,-,-,-,-,-,-,-,22.54,-0.49%,"322,981"
CCWEN,7.01B,43.20,62.17,-,4.55,2.24,12.91,10.45,-150.70%,175.76%,45.81%,-15.10%,2.44%,34.15,0.03%,"731,744"
CCWH,642.48M,-,7.74,0.09,0.10,1.62,2.87,6.31,68.77%,150.52%,-,85.92%,3.18%,6.22,-2.96%,"1,675,206"
CCWI,-,-,-,-,-,-,-,-,-,-,-,-,-,41.71,0.26%,"249,127"
CCWK,3.31B,48.57,8.16,0.10,0.31,1.63,6.61,78.55,325.15%,17.42%,-,79.01%,5.58%,14.09,-2.15%,"1,258,700"
CCWS,-,-,-,-,-,-,-,-,-,-,-,-,-,73.49,0.22%,"1,360"
CCWST,5.68B,997.88,55.55,3.76,2.91,3.60,222.54,53.79,5.28%,20.24%,-41.82%,14.76%,18.85%,89.31,-1.55%,"403,504"
CCWT,3.07B,22.36,18.11,1.91,2.91,1.70,34.45,-,20.35%,5.99%,1.81%,9.46%,4.72%,49.66,-1.47%,"330,269"
CCWVX,-,-,-,-,-,-,-,-,-,-,-,-,-,24.36,1.16%,"1,022,595"
CCWY,-,-,-,-,-,-,-,-,-,-,-,-,-,17.08,-0.06%,"2,146"
CCX,16.79B,33.69,11.64,0.62,0.99,1.28,25.69,9.25,28.37%,12.70%,-,18.76%,4.73%,11.11,0.45%,"6,067,852"
CCXAI,6.24M,-,-,-,1.30,0.54,0.53,-,56.90%,32.00%,-37.19%,-,-,0.09,-19.53%,"17,477,467"
CCXDO,217.81M,49.17,15.00,0.91,2.69,2.79,11.91,23.47,14.35%,6.07%,-18.86%,16.55%,32.99%,6.55,-1.50%,"276,117"
CCXII,597.72M,-,-,-,-,1.49,1030.55,-,-,-,-,-,-,10.76,0.05%,"11,370"
CCXM,1.57B,59.77,12.31,1.60,1.80,3.21,3.53,12.36,-0.06%,11.10%,-,7.72%,17.24%,6.70,-2.76%,"2,134,236"
CCXRN,-,-,-,-,-,-,-,-,-,-,-,-,-,18.37,2.25%,"5,416"
CCXSE,-,-,-,-,-,-,-,-,-,-,-,-,-,38.96,1.32%,"5,724"
CCXT,2.90B,20.82,10.71,1.41,1.61,2.29,12.38,12.93,5.94%,9.25%,-4.06%,7.62%,-9.71%,50.33,-2.57%,"455,765"
CCXW,3.32B,26.75,14.21,-,1.34,2.31,27.04,57.95,1406.94%,-85.48%,19.27%,-,3.02%,33.58,2.32%,"1,773,513"
CCYAB,5.59M,-,-,-,1.71,-,6.81,-,-,-,-1101.65%,-,-,0.32,-5.93%,"244,566"
CCYCN,18.86M,-,-,-,9.93,3.37,13.57,-,-,-,53.53%,-,-2.01%,4.03,6.33%,"15,362"
CCYCU,8.39M,-,-,-,0.58,0.38,4.49,-,-,-,-393.32%,-,-,0.73,6.79%,"10,727,039"
CCYD,1.74B,16.58,10.92,0.35,0.46,1.16,1.46,-,66.30%,20.32%,0.47%,30.90%,2.84%,46.43,2.63%,"93,421"
CCYH,415.98M,1.60,-,-,0.03,-,2.79,-,-194.69%,59.01%,-2.98%,-,1.15%,2.95,-1.67%,"718,830"
CCYN,15.29M,-,-,-,39.20,0.34,0.39,-,60.93%,27.72%,73.94%,-,-,1.06,-4.50%,"153,033"
CCYPH,76.01M,1.25,-,-,-,0.55,9.97,-,-828.57%,82.35%,-,-,-,0.71,9.52%,"1,872,578"
CCYRX,775.95M,-,-,-,4.16,1.75,1.96,-,-156.27%,18.19%,13.68%,-,17.49%,15.32,0.46%,"382,776"
CCYTK,10.55B,-,-,-,155.87,-,9.02,-,7.13%,26.07%,-27.07%,32.67%,9.54%,75.87,2.35%,"1,492,039"
CCZA,-,-,-,-,-,-,-,-,-,-,-,-,-,126.85,-0.74%,239
CCZFS,393.88M,9.57,9.30,-,2.24,1.12,-,13.27,14.17%,1.26%,3.96%,-,16.35%,81.89,-0.79%,"20,242"
CCZNC,466.13M,17.57,9.45,-,2.44,1.35,-,11.17,17.30%,26.73%,2.38%,-,10.83%,25.99,0.04%,"72,315"
CCZR,6.04B,-,137.84,-,0.52,1.79,5.69,11.80,63.86%,124.60%,29.15%,-,25.92%,29.66,-0.30%,"2,079,962"
CCZWI,201.88M,15.91,9.64,-,2.05,1.06,-,10.43,-2.40%,52.28%,5.01%,-,4.23%,20.92,-0.48%,"48,910"
DD,60.48B,23.92,18.03,2.98,3.26,2.17,164.81,-,4.88%,6.35%,-,6.06%,3.41%,68.77,0.00%,"3,501,617"
DDAAQ,239.54M,42.37,-,-,-,1.38,520.75,-,-,-,-,-,-,10.41,-0.05%,"26,209"
DDABS,-,-,-,-,-,-,-,-,-,-,-,-,-,50.40,-0.02%,"5,949"
DDAC,2.66B,4.95,5.38,1.54,2.52,0.66,2.16,15.45,9.56%,-5.65%,32.68%,3.49%,17.70%,146.28,3.07%,"115,243"
DDACL,-,-,-,-,-,-,-,-,-,-,-,-,-,25.02,0.04%,17
DDADS,-,-,-,-,-,-,-,-,-,-,-,-,-,20.07,0.32%,"1,478"
DDAIC,1.09M,-,-,-,0.20,-,1.29,-,-,-,-326.98%,-,-,0.56,13.83%,"3,020,720"
DDAIO,29.22M,-,20.73,-,1.64,2.73,2.70,-,43.51%,150.00%,-3.36%,-,1.13%,3.11,-1.58%,"34,476"
DDAK,-,-,-,-,-,-,-,-,-,-,-,-,-,30.07,-0.55%,136
DDAKT,963.22M,21.73,13.60,-,1.15,3.20,7.32,28.08,13.02%,23.60%,30.62%,-,11.71%,19.94,-2.30%,"562,947"
DDAL,57.60B,14.55,9.92,0.48,0.84,2.64,12.12,16.89,13.62%,33.56%,-,20.87%,29.96%,87.59,-1.97%,"3,939,355"
DDALI,-,-,-,-,-,-,-,-,-,-,-,-,-,29.67,0.69%,"1,367"
DDAMD,-,-,-,-,-,-,-,-,-,-,-,-,-,1.46,3.55%,"21,549,026"
DDAN,3.37B,-,7.98,0.06,0.44,1.76,9.95,28.83,419.33%,104.58%,-,133.71%,1.08%,31.35,3.29%,"2,078,493"
DDANA,-,-,-,-,-,-,-,-,-,-,-,-,-,25.05,-0.37%,175
DDAO,509.55M,198.42,47.05,0.88,0.61,-,6.88,-,61.39%,60.70%,-,53.21%,17.56%,16.29,-9.25%,"125,367"
DDAPP,-,-,-,-,-,-,-,-,-,-,-,-,-,18.17,2.31%,"2,856,004"
DDAPR,-,-,-,-,-,-,-,-,-,-,-,-,-,41.60,-0.16%,"4,008"
DDAR,10.68B,18.18,11.43,0.08,1.63,2.04,59.77,12.12,1534.97%,-7.17%,-26.07%,134.85%,11.37%,67.67,0.94%,"1,820,411"
DDARE,12.39M,-,-,-,9.04,-,0.98,-,28.06%,51.93%,35.73%,-,-,0.81,-12.88%,"1,949,981"
DDARP,-,-,-,-,-,-,-,-,-,-,-,-,-,59.69,0.61%,"5,414"
DDASH,92.18B,111.70,46.26,0.93,5.80,9.29,16.30,43.09,21.71%,77.37%,-,49.56%,36.58%,212.72,-1.98%,"4,447,964"
DDAT,-,-,-,-,-,-,-,-,-,-,-,-,-,48.83,-2.14%,"1,365"
DDAUG,-,-,-,-,-,-,-,-,-,-,-,-,-,47.49,-0.01%,"15,632"
DDAVA,125.85M,-,3.73,-,0.13,0.73,1.96,5.93,-59.04%,26.16%,-1.44%,-11.66%,17.72%,2.95,-4.84%,"385,204"
DDAVE,4.36B,22.14,17.19,0.64,6.77,20.95,17.24,13.34,0.18%,46.49%,-,26.77%,37.95%,341.43,2.05%,"687,004"
DDAX,-,-,-,-,-,-,-,-,-,-,-,-,-,47.17,-0.49%,"25,331"
DDB,71.63B,9.89,8.61,0.79,1.02,0.91,-,-,3.28%,15.93%,67.82%,10.90%,13.67%,38.12,-1.14%,"1,452,412"
DDBA,-,-,-,-,-,-,-,-,-,-,-,-,-,28.14,1.33%,"867,283"
DDBAW,-,-,-,-,-,-,-,-,-,-,-,-,-,48.84,0.18%,"13,418"
DDBB,-,-,-,-,-,-,-,-,-,-,-,-,-,25.44,0.08%,"87,868"
DDBC,-,-,-,-,-,-,-,-,-,-,-,-,-,30.56,1.87%,"660,714"
DDBCA,432.28M,-,-,-,-,1.48,1350.87,-,-,-,-,-,-,9.99,-0.40%,"59,182"
DDBD,2.37B,22.80,9.93,-,0.61,2.45,8.38,9.94,-3.88%,30.65%,-,-,-0.49%,69.70,-4.60%,"203,683"
DDBE,-,-,-,-,-,-,-,-,-,-,-,-,-,32.33,2.93%,"19,290"
DDBEF,-,-,-,-,-,-,-,-,-,-,-,-,-,56.30,-0.30%,"386,196"
DDBEM,-,-,-,-,-,-,-,-,-,-,-,-,-,39.53,0.89%,"15,231"
DDBEU,-,-,-,-,-,-,-,-,-,-,-,-,-,55.12,-0.26%,"14,474"
DDBEZ,-,-,-,-,-,-,-,-,-,-,-,-,-,64.33,-0.26%,"1,623"
DDBGI,7.92M,-,-,-,1.16,1.45,1.55,-,-,-,89.01%,-,7.09%,13.77,-8.44%,"80,165"
DDBI,295.02M,30.72,9.97,0.13,0.10,1.05,5.89,3.99,143.09%,49.78%,52.12%,74.58%,5.30%,5.81,-1.36%,"386,063"
DDBJP,-,-,-,-,-,-,-,-,-,-,-,-,-,118.66,0.09%,"12,159"
DDBL,280.76M,21.19,-,-,-,-,-,-,-,-,-,-,-,14.20,0.07%,"31,996"
DDBMF,-,-,-,-,-,-,-,-,-,-,-,-,-,31.54,0.61%,"1,537,940"
DDBND,-,-,-,-,-,-,-,-,-,-,-,-,-,44.94,-0.14%,"83,085"
DDBO,-,-,-,-,-,-,-,-,-,-,-,-,-,21.56,3.06%,"252,835"
DDBP,-,-,-,-,-,-,-,-,-,-,-,-,-,102.00,1.14%,"11,964"
DDBRG,3.03B,10.34,-,-,5.07,1.92,5.88,16.94,-,-,-,-,2.46%,15.91,-0.06%,"2,699,486"
DDBVT,922.01M,-,-,-,-,5.41,5.27,-,7.88%,48.37%,18.68%,-,-,14.67,4.64%,"183,594"
DDBX,7.26B,18.54,10.05,0.88,2.87,-,6.52,7.54,7.97%,8.34%,-,11.46%,5.66%,33.38,-3.02%,"2,832,448"
DDC,822.48M,-,-,-,-,4.47,8.28,-,1.80%,31.19%,-151.43%,18.32%,-,6.13,-1.61%,"893,830"
DDCBO,561.49M,19.66,11.69,0.58,2.17,-,12.28,16.70,26.31%,10.67%,-,20.01%,31.00%,22.55,-2.04%,"50,697"
DDCGO,70.14M,-,-,-,0.23,0.53,1.97,4.22,81.25%,35.51%,-49.56%,-,27.91%,0.71,6.40%,"1,871,331"
DDCH,1.62B,-,5.71,0.14,0.20,1.07,1.83,-,72.63%,30.10%,49.29%,39.67%,4.38%,6.80,1.04%,"2,348,002"
DDCI,10.97B,25.46,21.64,1.97,2.88,6.47,53.77,28.23,11.04%,10.66%,8.76%,11.01%,7.41%,94.68,-1.32%,"489,701"
DDCMT,-,-,-,-,-,-,-,-,-,-,-,-,-,35.01,1.95%,"5,615"
DDCO,3.10B,-,38.27,2.06,3.59,4.49,77.86,-,16.81%,22.43%,-,18.55%,5.57%,205.23,-0.85%,"157,732"
DDCOM,1.81B,14.84,9.42,-,2.41,1.34,-,9.13,29.19%,29.65%,6.33%,-,24.20%,40.88,-0.20%,"178,761"
DDCOR,-,-,-,-,-,-,-,-,-,-,-,-,-,85.26,-0.50%,"93,481"
DDCOY,2.31M,-,-,-,10.05,0.43,0.28,-,-,-,62.32%,-,-,3.52,-1.68%,"19,480"
DDCRE,-,-,-,-,-,-,-,-,-,-,-,-,-,51.61,0.03%,"28,136"
DDCTH,591.61M,2795.08,-,-,6.20,4.87,6.17,33.79,-357.14%,67.20%,-,37.00%,120.21%,17.05,1.91%,"532,560"
DDCX,18.86M,-,-,-,4.59,-,0.46,-,-,-,58.08%,-,-,0.95,-5.81%,"19,367"
DDD,19.32B,339.83,18.01,0.91,2.34,1.40,10.84,18.42,43.98%,9.46%,14.20%,19.77%,-13.74%,143.07,-2.18%,"1,567,725"
DDDC,27.09M,-,-,-,-,-,-,-,-,-,30.35%,-,9.24%,0.55,-17.17%,"241,212"
DDDD,604.78M,-,-,-,1.56,2.21,4.72,-,62.16%,10.71%,-,-,-7.04%,3.64,-1.89%,"2,066,805"
DDDDD,-,-,-,-,-,-,-,-,-,-,-,-,-,33.62,-0.71%,"4,621"
DDDEC,-,-,-,-,-,-,-,-,-,-,-,-,-,48.27,-0.17%,"5,627"
DDDFA,-,-,-,-,-,-,-,-,-,-,-,-,-,20.44,-0.10%,428
DDDFD,-,-,-,-,-,-,-,-,-,-,-,-,-,20.26,-0.03%,"8,059"
DDDFF,-,-,-,-,-,-,-,-,-,-,-,-,-,20.23,-0.07%,"17,859"
DDDFG,-,-,-,-,-,-,-,-,-,-,-,-,-,19.40,-0.35%,"54,368"
DDDFJ,-,-,-,-,-,-,-,-,-,-,-,-,-,20.02,-0.08%,"15,953"
DDDFL,-,-,-,-,-,-,-,-,-,-,-,-,-,21.58,-0.14%,"12,094"
DDDFM,-,-,-,-,-,-,-,-,-,-,-,-,-,20.02,-0.07%,"16,813"
DDDFN,-,-,-,-,-,-,-,-,-,-,-,-,-,20.37,0.00%,"18,108"
DDDFO,-,-,-,-,-,-,-,-,-,-,-,-,-,22.75,-0.04%,"12,389"
DDDFS,-,-,-,-,-,-,-,-,-,-,-,-,-,22.22,0.00%,"15,413"
DDDFY,-,-,-,-,-,-,-,-,-,-,-,-,-,20.37,0.10%,"1,655"
DDDFZ,-,-,-,-,-,-,-,-,-,-,-,-,-,19.68,-0.15%,"10,809"
DDDI,617.15M,4.93,5.08,0.84,1.63,0.61,1.12,4.20,23.77%,-4.37%,11.42%,6.07%,0.07%,12.45,-3.60%,"135,775"
DDDIV,-,-,-,-,-,-,-,-,-,-,-,-,-,47.68,-0.17%,"3,061"
DDDL,417.44M,9.45,-,-,0.16,2.94,7.77,-,-,-,-,-,15.59%,2.29,-4.18%,"717,528"
DDDLS,-,-,-,-,-,-,-,-,-,-,-,-,-,46.10,-0.29%,"16,700"
DDDM,-,-,-,-,-,-,-,-,-,-,-,-,-,67.89,-1.02%,"175,030"
DDDNQ,-,-,-,-,-,-,-,-,-,-,-,-,-,20.93,-0.03%,"3,186"
DDDOG,88.81B,505.25,83.60,4.02,22.39,20.33,17.81,75.13,23.38%,16.97%,-,20.82%,41.53%,247.32,-3.19%,"3,777,071"
DDDS,9.05B,13.27,16.91,169.11,1.37,4.47,7.18,14.26,15.50%,-13.04%,-,0.10%,8.16%,579.68,3.35%,"188,605"
DDDSQ,-,-,-,-,-,-,-,-,-,-,-,-,-,21.45,-0.16%,"5,597"
DDDTA,-,-,-,-,-,-,-,-,-,-,-,-,-,20.80,-0.10%,"1,940"
DDDTD,-,-,-,-,-,-,-,-,-,-,-,-,-,20.78,0.17%,"2,236"
DDDTF,-,-,-,-,-,-,-,-,-,-,-,-,-,20.63,-0.14%,22
DDDTG,-,-,-,-,-,-,-,-,-,-,-,-,-,19.54,0.00%,"39,448"
DDDTJ,-,-,-,-,-,-,-,-,-,-,-,-,-,20.48,-0.09%,"5,291"
DDDTL,-,-,-,-,-,-,-,-,-,-,-,-,-,22.45,-0.12%,"3,514"
DDDTM,-,-,-,-,-,-,-,-,-,-,-,-,-,20.41,-0.32%,"2,132"
DDDTN,-,-,-,-,-,-,-,-,-,-,-,-,-,20.86,-0.14%,"15,428"
DDDTO,-,-,-,-,-,-,-,-,-,-,-,-,-,23.42,-0.08%,"14,269"
DDDTS,-,-,-,-,-,-,-,-,-,-,-,-,-,22.91,-0.09%,"7,335"
DDDTY,-,-,-,-,-,-,-,-,-,-,-,-,-,20.62,-0.19%,"1,357"
DDDTZ,-,-,-,-,-,-,-,-,-,-,-,-,-,19.83,-0.05%,"1,877,029"
DDDV,-,-,-,-,-,-,-,-,-,-,-,-,-,25.50,-0.00%,136
DDDWM,-,-,-,-,-,-,-,-,-,-,-,-,-,47.50,-0.52%,"38,543"
DDDX,-,-,-,-,-,-,-,-,-,-,-,-,-,25.45,-0.02%,"1,450"
DDDXX,-,-,-,-,-,-,-,-,-,-,-,-,-,28.84,-0.12%,"1,128"
DDE,161.94B,34.00,26.94,2.02,3.42,5.91,17.35,42.98,-2.32%,23.25%,16.32%,13.35%,5.13%,599.92,-1.47%,"1,245,927"
DDEA,1.16B,118.45,80.43,8.90,3.25,0.88,85.04,4.32,-14.81%,32.61%,-5.89%,9.04%,6.52%,24.53,-1.05%,"252,379"
DDEC,1.01B,-,5.34,-,0.70,0.81,38.81,5.46,-38.90%,-1.41%,-,-13.85%,39.04%,14.39,0.49%,"745,772"
DDECK,12.27B,12.79,10.78,1.03,2.23,5.35,7.66,10.98,7.33%,10.92%,25.63%,10.51%,16.45%,90.11,-3.20%,"2,827,554"
DDECM,-,-,-,-,-,-,-,-,-,-,-,-,-,34.11,-0.01%,317
DDECO,-,-,-,-,-,-,-,-,-,-,-,-,-,74.96,2.09%,808
DDECP,-,-,-,-,-,-,-,-,-,-,-,-,-,33.29,-0.12%,7
DDECT,-,-,-,-,-,-,-,-,-,-,-,-,-,40.31,-0.19%,"1,621"
DDECU,-,-,-,-,-,-,-,-,-,-,-,-,-,29.98,-0.37%,911
DDECW,-,-,-,-,-,-,-,-,-,-,-,-,-,36.31,-0.04%,"3,652"
DDECZ,-,-,-,-,-,-,-,-,-,-,-,-,-,44.38,-0.39%,542
DDEED,-,-,-,-,-,-,-,-,-,-,-,-,-,21.15,-0.19%,"5,069"
DDEEF,-,-,-,-,-,-,-,-,-,-,-,-,-,40.41,-0.22%,447
DDEEP,-,-,-,-,-,-,-,-,-,-,-,-,-,43.69,-0.29%,"1,517"
DDEFI,-,-,-,-,-,-,-,-,-,-,-,-,-,72.77,2.46%,"3,697"
DDEFR,-,-,-,-,-,-,-,-,-,-,-,-,-,26.62,-0.28%,"12,695"
DDEFT,180.37M,7.60,8.45,-,6.72,1.29,0.37,-,-98.04%,1550.17%,45.54%,-25.32%,105.14%,0.47,-4.97%,"1,343,443"
DDEHP,-,-,-,-,-,-,-,-,-,-,-,-,-,41.57,1.19%,"25,430"
DDEI,1.94B,-,-,-,1.93,1.06,5.47,10.85,-239.44%,16.05%,-20.75%,-,2.40%,11.60,-0.68%,"1,521,713"
DDELL,311.05B,38.13,21.08,0.56,2.32,-,26.47,32.94,81.79%,21.57%,15.51%,37.73%,5.56%,479.81,-2.24%,"5,273,687"
DDEM,-,-,-,-,-,-,-,-,-,-,-,-,-,54.71,0.18%,"93,845"
DDEMZ,-,-,-,-,-,-,-,-,-,-,-,-,-,48.11,-0.87%,"1,683"
DDEO,51.04B,29.63,13.14,2.67,2.60,4.40,25.31,15.98,-0.11%,6.11%,-12.63%,4.93%,2.74%,91.82,-3.79%,"1,172,524"
DDEPW,-,-,-,-,-,-,-,-,-,-,-,-,-,25.28,0.86%,"4,809"
DDERM,182.33M,-,9.54,-,2.67,5.56,7.11,-,92.55%,2035.71%,-,-,6.79%,6.46,-3.87%,"290,586"
DDES,-,-,-,-,-,-,-,-,-,-,-,-,-,41.53,-0.48%,"83,006"
DDESK,-,-,-,-,-,-,-,-,-,-,-,-,-,40.78,-1.14%,"9,412"
DDETX,20.49M,-,-,-,-,2.28,2.70,-,-,-,43.96%,-,-,3.62,0.28%,"32,269"
DDEUS,-,-,-,-,-,-,-,-,-,-,-,-,-,67.95,-0.59%,"6,040"
DDEW,-,-,-,-,-,-,-,-,-,-,-,-,-,72.65,-0.25%,"1,828"
DDEXC,-,-,-,-,-,-,-,-,-,-,-,-,-,79.23,0.90%,"105,503"
DDFAC,-,-,-,-,-,-,-,-,-,-,-,-,-,46.04,-0.39%,"1,316,803"
DDFAE,-,-,-,-,-,-,-,-,-,-,-,-,-,39.68,0.81%,"1,233,130"
DDFAI,-,-,-,-,-,-,-,-,-,-,-,-,-,43.36,-0.14%,"1,660,346"
DDFAL,-,-,-,-,-,-,-,-,-,-,-,-,-,52.10,-0.39%,"20,581"
DDFAR,-,-,-,-,-,-,-,-,-,-,-,-,-,26.39,-0.79%,"2,840,520"
DDFAS,-,-,-,-,-,-,-,-,-,-,-,-,-,84.14,-0.40%,"434,242"
DDFAT,-,-,-,-,-,-,-,-,-,-,-,-,-,72.34,-0.52%,"279,011"
DDFAU,-,-,-,-,-,-,-,-,-,-,-,-,-,53.56,-0.46%,"439,795"
DDFAW,-,-,-,-,-,-,-,-,-,-,-,-,-,85.90,-0.27%,"59,309"
DDFAX,-,-,-,-,-,-,-,-,-,-,-,-,-,38.20,0.16%,"718,668"
DDFCA,-,-,-,-,-,-,-,-,-,-,-,-,-,49.67,-0.16%,"25,244"
DDFCF,-,-,-,-,-,-,-,-,-,-,-,-,-,41.61,-0.19%,"1,597,162"
DDFDV,97.95M,-,-,-,6.49,-,15.57,-,6.75%,74.13%,-,-,48.79%,3.16,2.93%,"627,058"
DDFE,-,-,-,-,-,-,-,-,-,-,-,-,-,77.31,-0.20%,"3,367"
DDFEB,-,-,-,-,-,-,-,-,-,-,-,-,-,51.40,-0.10%,"6,606"
DDFEM,-,-,-,-,-,-,-,-,-,-,-,-,-,40.14,0.88%,"1,032,185"
DDFEN,-,-,-,-,-,-,-,-,-,-,-,-,-,86.26,-2.24%,"124,142"
DDFEV,-,-,-,-,-,-,-,-,-,-,-,-,-,42.20,0.72%,"255,439"
DDFGP,-,-,-,-,-,-,-,-,-,-,-,-,-,53.33,-0.21%,"235,021"
DDFGR,-,-,-,-,-,-,-,-,-,-,-,-,-,29.41,-0.57%,"410,546"
DDFGX,-,-,-,-,-,-,-,-,-,-,-,-,-,52.19,-0.19%,"149,706"
DDFH,1.37B,10.62,12.73,-,0.33,0.96,5.39,-,-47.20%,4.87%,20.19%,-,30.69%,15.08,-3.33%,"514,604"
DDFIC,-,-,-,-,-,-,-,-,-,-,-,-,-,39.32,0.00%,"1,179,703"
DDFII,-,-,-,-,-,-,-,-,-,-,-,-,-,11.72,1.87%,"10,292"
DDFIN,1.17B,32.92,8.74,0.66,1.51,3.04,46.37,7.70,12.09%,13.28%,-,13.34%,-3.03%,47.72,-2.59%,"158,145"
DDFIP,-,-,-,-,-,-,-,-,-,-,-,-,-,40.49,-0.20%,"105,555"
DDFIS,-,-,-,-,-,-,-,-,-,-,-,-,-,37.44,-0.08%,"358,588"
DDFIV,-,-,-,-,-,-,-,-,-,-,-,-,-,58.09,-0.17%,"1,251,240"
DDFJ,-,-,-,-,-,-,-,-,-,-,-,-,-,114.38,-0.44%,"10,223"
DDFLI,16.14M,-,-,-,0.31,-,2.57,-,88.72%,77.84%,-,-,4.44%,1.26,-1.56%,"325,435"
DDFLV,-,-,-,-,-,-,-,-,-,-,-,-,-,42.00,-0.31%,"512,004"
DDFMC,-,-,-,-,-,-,-,-,-,-,-,-,-,62.04,-0.53%,"56,251"
DDFNL,-,-,-,-,-,-,-,-,-,-,-,-,-,52.56,-0.84%,"11,392"
DDFNM,-,-,-,-,-,-,-,-,-,-,-,-,-,47.76,-0.19%,"231,864"
DDFNS,31.31M,-,-,-,8.58,0.26,4.00,-,-,-,-,-,-,30.99,-8.26%,"299,582"
DDFP,428.22M,11.09,-,-,-,-,-,-,-,-,-,-,-,20.85,-0.14%,"30,507"
DDFSB,-,-,-,-,-,-,-,-,-,-,-,-,-,50.77,-0.21%,"58,801"
DDFSC,5.77M,-,-,-,1.06,1.60,2.32,-,-,-,61.01%,-,40.72%,2.16,-28.00%,"9,971,164"
DDFSD,-,-,-,-,-,-,-,-,-,-,-,-,-,47.46,-0.04%,"608,487"
DDFSE,-,-,-,-,-,-,-,-,-,-,-,-,-,48.98,0.74%,"33,601"
DDFSI,-,-,-,-,-,-,-,-,-,-,-,-,-,47.42,-0.26%,"85,298"
DDFSU,-,-,-,-,-,-,-,-,-,-,-,-,-,48.57,-0.64%,"103,884"
DDFSV,-,-,-,-,-,-,-,-,-,-,-,-,-,40.68,-0.44%,"512,426"
DDFTT,-,-,-,-,-,-,-,-,-,-,-,-,-,31.30,0.89%,652
DDFTX,6.08B,-,-,-,-,6.62,5.61,-,-53.67%,37.69%,-1.48%,27.89%,-,45.26,6.17%,"2,278,215"
DDFUS,-,-,-,-,-,-,-,-,-,-,-,-,-,84.60,-0.40%,"758,455"
DDFUV,-,-,-,-,-,-,-,-,-,-,-,-,-,57.54,-0.24%,"335,155"
DDFVE,-,-,-,-,-,-,-,-,-,-,-,-,-,37.41,-0.82%,"2,830"
DDFVX,-,-,-,-,-,-,-,-,-,-,-,-,-,85.83,-0.45%,"11,057"
DDG,26.49B,16.98,14.94,1.68,0.61,3.00,19.58,12.03,7.87%,8.74%,-8.39%,8.88%,4.83%,120.08,-2.60%,"1,897,663"
DDGAC,224.47M,-,-,-,-,1.41,320.67,-,-,-,-,-,-,9.95,-0.10%,"200,009"
DDGAP,-,-,-,-,-,-,-,-,-,-,-,-,-,30.93,-0.08%,19
DDGCB,-,-,-,-,-,-,-,-,-,-,-,-,-,53.32,-0.20%,"105,982"
DDGICA,714.60M,9.51,9.72,-,0.74,1.01,-,12.24,-17.05%,5.56%,3.67%,-1.09%,4.69%,18.46,-1.55%,"89,530"
DDGII,3.16B,65.76,26.61,1.53,6.25,4.61,113.07,23.26,28.19%,16.34%,30.59%,17.37%,9.03%,83.34,-2.09%,"363,070"
DDGIN,-,-,-,-,-,-,-,-,-,-,-,-,-,37.11,-0.15%,871
DDGJA,-,-,-,-,-,-,-,-,-,-,-,-,-,32.01,-0.02%,"3,293"
DDGJL,-,-,-,-,-,-,-,-,-,-,-,-,-,30.20,-0.07%,7
DDGLO,-,-,-,-,-,-,-,-,-,-,-,-,-,24.98,0.15%,640
DDGNX,35.21M,-,-,-,11.89,0.26,8.19,-,-,-,-,-,-,1.21,-8.33%,"1,633,870"
DDGOC,-,-,-,-,-,-,-,-,-,-,-,-,-,32.79,0.00%,9
DDGP,-,-,-,-,-,-,-,-,-,-,-,-,-,158.19,0.45%,"155,737"
DDGRE,-,-,-,-,-,-,-,-,-,-,-,-,-,40.67,0.92%,"4,197"
DDGRO,-,-,-,-,-,-,-,-,-,-,-,-,-,79.33,-0.63%,"1,051,971"
DDGRS,-,-,-,-,-,-,-,-,-,-,-,-,-,61.31,-0.52%,"9,177"
DDGRW,-,-,-,-,-,-,-,-,-,-,-,-,-,99.47,-0.57%,"346,299"
DDGS,-,-,-,-,-,-,-,-,-,-,-,-,-,63.85,0.45%,"71,018"
DDGT,-,-,-,-,-,-,-,-,-,-,-,-,-,191.43,-0.45%,"6,032"
DDGX,26.00B,24.98,19.53,1.96,2.25,3.45,41.53,19.27,13.62%,7.74%,-3.64%,9.96%,3.18%,235.52,0.48%,"614,574"
DDGXX,384.93M,-,5.39,-,12.35,1.45,3.00,-,39.44%,267.44%,-7.56%,-,57.27%,3.88,-2.27%,"2,955,122"
DDGZ,-,-,-,-,-,-,-,-,-,-,-,-,-,5.25,-1.89%,"2,832"
DDH,92.61M,-,3.42,-,0.40,0.47,0.50,3.24,-18.21%,-4.73%,-19.83%,-1.41%,15.34%,0.64,0.03%,"274,140"
DDHC,2.01B,-,-,-,1.34,1.27,14.74,-,47.06%,37.04%,-15.19%,29.33%,-1.18%,8.29,-1.07%,"1,351,254"
DDHDG,-,-,-,-,-,-,-,-,-,-,-,-,-,37.60,0.01%,"5,087"
DDHF,173.84M,14.06,-,-,8.32,0.90,-,-,-,-,-,-,-,2.39,0.00%,"349,716"
DDHI,41.49B,14.11,12.62,2.23,1.24,1.75,19.43,12.96,-9.45%,12.19%,12.53%,5.67%,11.02%,148.34,-0.32%,"1,697,574"
DDHLX,-,-,-,-,-,-,-,-,-,-,-,-,-,13.77,-0.40%,"5,959"
DDHR,142.45B,35.98,21.79,2.31,5.67,2.71,32.76,26.06,9.07%,9.29%,0.65%,9.43%,1.97%,202.63,0.09%,"2,982,249"
DDHS,-,-,-,-,-,-,-,-,-,-,-,-,-,118.32,-0.65%,"21,973"
DDHSB,-,-,-,-,-,-,-,-,-,-,-,-,-,27.52,-0.13%,"6,105"
DDHT,3.04B,6.43,9.76,1.34,4.21,2.29,18.83,83.96,171.02%,-45.46%,-5.14%,7.27%,-6.37%,18.90,-3.18%,"3,509,165"
DDHX,184.55M,129.18,18.48,-,1.48,1.95,48.95,9.18,167.50%,13.58%,13.46%,-,2.83%,4.25,7.87%,"365,429"
DDHY,240.37M,17.40,-,-,9.60,0.85,-,-,-,-,-,-,-,1.74,0.58%,"996,349"
DDIA,-,-,-,-,-,-,-,-,-,-,-,-,-,534.19,-0.49%,"2,668,156"
DDIAL,-,-,-,-,-,-,-,-,-,-,-,-,-,17.92,-0.22%,"43,023"
DDIBS,166.39M,-,-,-,1.84,2.26,2.46,-,55.26%,-35.29%,12.48%,-,1.83%,4.95,1.02%,"101,910"
DDIEM,-,-,-,-,-,-,-,-,-,-,-,-,-,42.52,0.88%,"6,536"
DDIG,-,-,-,-,-,-,-,-,-,-,-,-,-,67.25,2.31%,"23,350"
DDIHP,-,-,-,-,-,-,-,-,-,-,-,-,-,35.58,-0.06%,"429,772"
DDIM,-,-,-,-,-,-,-,-,-,-,-,-,-,89.07,-0.16%,"1,786"
DDIME,-,-,-,-,-,-,-,-,-,-,-,-,-,7.30,0.00%,293
DDIN,442.94M,70.77,7.47,2.40,0.49,-,2.95,70.76,-3.84%,9.51%,-,3.11%,4.99%,34.99,-0.91%,"194,976"
DDINE,-,-,-,-,-,-,-,-,-,-,-,-,-,25.10,-0.03%,15
DDINO,16.89B,9.07,9.74,0.80,0.54,1.64,7.47,7.31,181.29%,-31.48%,-,12.15%,19.15%,94.99,1.41%,"2,528,369"
DDINT,-,-,-,-,-,-,-,-,-,-,-,-,-,30.17,-0.02%,"5,834"
DDIOD,4.95B,57.93,18.65,0.16,3.03,2.53,11.22,34.76,166.12%,77.62%,-5.41%,114.26%,3.81%,107.56,3.94%,"918,945"
DDIPR,-,-,-,-,-,-,-,-,-,-,-,-,-,25.42,0.52%,136
DDIPS,-,-,-,-,-,-,-,-,-,-,-,-,-,33.77,0.06%,"3,222"
DDIS,178.71B,21.35,13.90,1.17,1.80,1.63,34.47,21.55,15.79%,8.47%,-,11.85%,7.66%,103.50,-3.14%,"7,635,066"
DDISK,-,-,-,-,-,-,-,-,-,-,-,-,-,41.29,7.11%,"691,705"
DDISV,-,-,-,-,-,-,-,-,-,-,-,-,-,44.16,-0.20%,"394,734"
DDIT,66.37M,36.15,-,-,0.02,0.57,103.70,24.31,-,-,-37.61%,-,13.11%,68.00,0.00%,222
DDIV,-,-,-,-,-,-,-,-,-,-,-,-,-,19.64,-0.56%,"160,746"
DDIVB,-,-,-,-,-,-,-,-,-,-,-,-,-,67.42,-1.23%,"287,576"
DDIVD,-,-,-,-,-,-,-,-,-,-,-,-,-,44.90,-0.55%,"5,962"
DDIVE,-,-,-,-,-,-,-,-,-,-,-,-,-,27.47,-0.98%,554
DDIVG,-,-,-,-,-,-,-,-,-,-,-,-,-,38.42,-0.82%,288
DDIVI,-,-,-,-,-,-,-,-,-,-,-,-,-,44.72,-0.13%,"143,501"
DDIVL,-,-,-,-,-,-,-,-,-,-,-,-,-,25.69,-0.01%,781
DDIVN,-,-,-,-,-,-,-,-,-,-,-,-,-,30.39,-0.56%,"16,960"
DDIVO,-,-,-,-,-,-,-,-,-,-,-,-,-,48.40,-0.10%,"634,191"
DDIVP,-,-,-,-,-,-,-,-,-,-,-,-,-,27.65,-0.65%,"5,923"
DDIVS,-,-,-,-,-,-,-,-,-,-,-,-,-,34.57,-0.73%,716
DDIVY,-,-,-,-,-,-,-,-,-,-,-,-,-,30.82,-1.19%,377
DDIVZ,-,-,-,-,-,-,-,-,-,-,-,-,-,38.33,-0.52%,"17,089"
DDJAN,-,-,-,-,-,-,-,-,-,-,-,-,-,46.41,-0.11%,"6,419"
DDJCO,821.22M,-,-,-,8.41,2.43,1.87,47.50,-,-,94.47%,-,11.92%,595.97,-1.22%,"72,610"
DDJD,-,-,-,-,-,-,-,-,-,-,-,-,-,65.32,-0.65%,"73,768"
DDJIA,-,-,-,-,-,-,-,-,-,-,-,-,-,22.89,0.35%,"61,608"
DDJP,-,-,-,-,-,-,-,-,-,-,-,-,-,49.52,1.87%,"50,000"
DDJT,2.25B,-,-,-,498.08,2.20,2.41,-,-,-,-,-,-,8.10,-2.06%,"4,146,760"
DDJTU,-,-,-,-,-,-,-,-,-,-,-,-,-,9.50,-4.23%,"45,235"
DDJUL,-,-,-,-,-,-,-,-,-,-,-,-,-,51.27,-0.23%,"18,618"
DDJUN,-,-,-,-,-,-,-,-,-,-,-,-,-,50.21,-0.22%,"62,711"
DDK,4.12B,18.90,12.77,-,0.34,22.05,6.55,5.88,74.18%,-54.23%,46.11%,-,7.99%,67.21,2.66%,"2,075,353"
DDKI,8.40M,-,-,-,6.08,8.16,139.92,-,-,-,-,-,-,4.04,-1.46%,"36,500"
DDKL,2.86B,18.67,12.34,0.84,2.39,-,208.64,20.98,-6.64%,41.40%,-4.66%,14.73%,12.17%,53.77,-0.44%,"187,793"
DDKNG,22.50B,-,29.53,-,3.62,22.04,22.67,34.57,1451.46%,452.22%,71.12%,-,58.02%,25.30,-3.21%,"8,738,249"
DDKNX,-,-,-,-,-,-,-,-,-,-,-,-,-,18.60,-6.27%,"4,126"
DDKS,17.56B,18.66,11.97,0.97,0.91,3.10,17.60,43.73,8.45%,14.54%,11.75%,12.33%,12.43%,196.24,-2.84%,"1,647,530"
DDLAG,-,-,-,-,-,-,-,-,-,-,-,-,-,33.56,0.00%,"1,224"
DDLB,5.75B,26.02,13.40,2.11,4.24,2.22,7.77,14.63,1.95%,5.96%,3.08%,6.35%,3.04%,61.35,-1.67%,"644,883"
DDLCU,-,-,-,-,-,-,-,-,-,-,-,-,-,50.09,-0.43%,812
DDLFE,-,-,-,-,-,-,-,-,-,-,-,-,-,32.29,-0.11%,"6,984"
DDLHC,65.22M,-,-,-,0.26,0.70,283.57,4.72,-944.44%,9.21%,-29.55%,-,10.49%,4.50,-3.43%,"40,248"
DDLLL,-,-,-,-,-,-,-,-,-,-,-,-,-,27.96,-4.57%,"1,366,727"
DDLMY,-,-,-,-,-,-,-,-,-,-,-,-,-,30.52,-0.16%,"1,558,367"
DDLN,-,-,-,-,-,-,-,-,-,-,-,-,-,101.00,-0.55%,"103,692"
DDLNG,138.61M,2.18,-,-,0.88,0.34,2.61,1.36,-,-,16.88%,-,2.69%,3.81,-1.30%,"81,367"
DDLNV,-,-,-,-,-,-,-,-,-,-,-,-,-,33.51,-0.06%,"7,449"
DDLO,4.10B,20.71,12.80,0.63,3.75,7.21,4.98,9.38,8.32%,30.79%,47.31%,20.31%,60.05%,13.91,-1.83%,"2,691,076"
DDLPN,14.98M,-,7.19,-,0.26,2.26,1.74,-,-29.63%,145.71%,25.37%,-,18.71%,1.15,-4.17%,"15,697"
DDLR,73.23B,96.27,77.56,-,10.69,2.74,39.27,-,-24.73%,-5.30%,28.98%,-3.65%,9.38%,197.91,-1.12%,"1,881,356"
DDLS,-,-,-,-,-,-,-,-,-,-,-,-,-,88.72,-0.25%,"10,162"
DDLTH,150.11M,-,-,-,0.27,0.94,24.49,2.54,48.84%,84.09%,-,-,-2.42%,3.95,-1.99%,"36,896"
DDLTR,24.89B,20.24,16.77,1.20,1.26,7.14,24.71,15.98,22.13%,9.99%,1.91%,14.01%,-5.32%,129.54,0.12%,"1,868,725"
DDLUX,-,-,-,-,-,-,-,-,-,-,-,-,-,50.33,0.03%,"5,315"
DDLX,1.11B,11.12,5.94,-,0.53,1.57,21.24,5.32,3.00%,8.02%,75.48%,-,3.56%,24.27,0.91%,"544,918"
DDLXY,7.21M,-,-,-,0.03,88.40,5.19,-,-,-,-,-,-,0.44,3.81%,"116,031"
DDLY,686.83M,24.40,-,-,-,-,-,-,-,-,-,-,-,14.15,-0.63%,"226,480"
DDMA,67.85M,-,-,-,-,-,-,-,-,-,-,-,-,7.57,-0.92%,"14,823"
DDMAA,260.01M,57.63,-,-,-,1.89,13000.50,-,-,-,-,-,-,10.72,0.00%,"25,044"
DDMAC,356.98M,-,-,-,-,9.31,8.21,-,-10.00%,2.92%,2.31%,-9.74%,-,6.62,-0.90%,"122,975"
DDMAR,-,-,-,-,-,-,-,-,-,-,-,-,-,45.41,-0.07%,"3,007"
DDMAX,-,-,-,-,-,-,-,-,-,-,-,-,-,27.65,-0.02%,"9,046"
DDMAY,-,-,-,-,-,-,-,-,-,-,-,-,-,48.01,-0.19%,"5,002"
DDMB,196.76M,34.48,-,-,12.44,0.89,-,-,-,-,-,-,-,10.69,-0.47%,"38,368"
DDMBS,-,-,-,-,-,-,-,-,-,-,-,-,-,48.21,-0.15%,"47,928"
DDMC,1.43B,42.72,9.66,-,0.33,0.71,39.73,11.07,-38.86%,40.00%,12.78%,-,0.59%,30.42,0.07%,"296,339"
DDMII,644.96M,49.80,-,-,-,1.30,3793.88,-,-,-,-,-,-,10.14,0.00%,38
DDMLP,1.38B,16.04,-,-,7.18,4.39,19.03,8.81,-,-,13.70%,-,26.64%,28.11,1.44%,"137,634"
DDMO,119.76M,8.73,-,-,5.25,0.90,-,-,-,-,-,-,-,10.48,-0.10%,"25,288"
DDMRA,1.92B,-,-,-,-,4.97,3.55,-,49.66%,-2.99%,-34.72%,14.34%,-,31.09,0.16%,"362,726"
DDMRC,151.92M,-,-,-,4.82,5.19,17.34,-,-6.38%,17.67%,15.23%,-,7.17%,6.78,-9.96%,"212,122"
DDMX,-,-,-,-,-,-,-,-,-,-,-,-,-,50.07,-0.04%,"8,262"
DDMXF,-,-,-,-,-,-,-,-,-,-,-,-,-,87.68,0.11%,"19,817"
DDNA,465.99M,-,-,-,4.17,1.00,1.53,-,38.65%,21.97%,-7.49%,-,17.29%,6.92,1.91%,"690,195"
DDNL,-,-,-,-,-,-,-,-,-,-,-,-,-,47.22,0.33%,"34,217"
DDNLI,3.89B,-,-,-,1081.19,4.66,5.48,-,23.23%,-2.43%,-,14.79%,-,24.35,-0.20%,"1,003,238"
DDNMX,269.54M,87.32,-,-,-,-,332.77,-,-,-,-,-,-,10.05,0.00%,115
DDNN,2.89B,-,-,-,975.34,14.18,7.45,-,48.14%,55.12%,-55.13%,-,-20.02%,3.19,-1.24%,"30,373,765"
DDNOV,-,-,-,-,-,-,-,-,-,-,-,-,-,52.25,-0.10%,"2,320"
DDNOW,2.92B,-,19.54,2.71,0.72,1.40,25.61,21.47,-59.69%,138.46%,28.00%,7.22%,11.74%,16.15,-1.70%,"1,990,021"
DDNP,4.14B,9.35,-,-,25.10,1.06,-,-,-,-,-,-,-,10.94,-0.36%,"464,599"
DDNTH,6.42B,-,-,-,3381.38,5.37,7.24,-,8.94%,-21.63%,31.21%,-9.38%,-,114.86,-0.95%,"581,644"
DDNUT,555.20M,-,42.98,-,0.38,0.89,25.08,14.87,88.72%,760.18%,-50.59%,-,6.30%,3.20,-3.90%,"2,847,430"
DDOC,14.54B,58.83,152.72,17.37,4.93,1.81,8.46,13.11,281.33%,-64.66%,-,8.79%,11.40%,20.58,-1.01%,"4,515,851"
DDOCK,-,-,-,-,-,-,-,-,-,-,-,-,-,27.68,0.51%,16
DDOCN,15.91B,61.67,75.56,7.10,15.73,15.26,20.74,88.66,-31.46%,23.21%,-,10.64%,23.14%,135.28,4.13%,"2,342,093"
DDOCS,4.37B,29.08,15.76,2.50,6.67,4.81,6.35,14.71,-11.10%,15.16%,52.71%,6.30%,25.53%,24.52,-1.13%,"3,453,461"
DDOCT,-,-,-,-,-,-,-,-,-,-,-,-,-,47.53,-0.15%,"12,972"
DDOCU,11.42B,38.84,11.74,0.90,3.48,6.35,13.73,10.20,17.83%,12.57%,-,13.02%,17.25%,59.82,-3.58%,"2,116,504"
DDOG,-,-,-,-,-,-,-,-,-,-,-,-,-,21.30,0.57%,"2,249,201"
DDOGG,-,-,-,-,-,-,-,-,-,-,-,-,-,22.08,-0.72%,"28,542"
DDOGZ,17.85M,-,-,-,1.09,0.19,2.69,-,-,-,-3.15%,-,1.55%,1.23,6.03%,"134,058"
DDOJE,-,-,-,-,-,-,-,-,-,-,-,-,-,6.50,0.70%,"12,589"
DDOL,-,-,-,-,-,-,-,-,-,-,-,-,-,76.88,-0.17%,"9,387"
DDOLE,1.22B,16.65,8.58,1.17,0.13,0.92,4.09,15.41,12.60%,11.52%,4.47%,7.36%,16.11%,12.93,-2.78%,"1,320,302"
DDOMH,62.79M,-,-,-,0.49,2.88,1.97,-,-,-,26.80%,-,-,2.59,-4.43%,"176,047"
DDOMO,179.21M,-,40.13,-,0.56,-,4.59,617.95,274.72%,81.11%,12.90%,-,8.69%,3.81,-2.56%,"762,093"
DDON,-,-,-,-,-,-,-,-,-,-,-,-,-,58.55,-0.59%,"113,832"
DDOO,4.56B,24.02,18.58,1.39,0.70,9.14,8.91,6.61,-38.59%,48.62%,-1.59%,13.36%,6.39%,63.79,-1.11%,"114,459"
DDORM,3.97B,18.53,14.40,3.78,1.84,2.62,30.06,56.10,-2.31%,7.18%,15.00%,3.81%,14.28%,133.70,-1.97%,"121,610"
DDOUG,177.24M,11.74,-,-,0.18,1.06,1.59,-,-,-,-,-,5.94%,1.95,-3.94%,"460,394"
DDOV,27.81B,24.85,17.58,1.81,3.30,3.62,15.84,23.73,11.28%,9.85%,11.05%,9.70%,3.90%,206.47,-0.29%,"721,129"
DDOW,22.64B,-,17.74,-,0.55,1.43,4.98,14.16,363.52%,-28.70%,-,-,0.73%,31.34,0.87%,"6,020,001"
DDOX,6.16B,13.69,7.14,0.75,1.32,1.87,29.83,9.64,6.09%,8.06%,6.38%,9.55%,1.70%,57.25,-1.67%,"797,724"
DDOYU,142.15M,12.96,13.56,-,0.27,0.49,0.44,-,175.23%,224.31%,-,-,-17.51%,4.71,0.21%,"34,483"
DDPC,7.47B,-,-,-,-,9.95,8.83,-,-,-,-,-,-,51.46,2.74%,"827,766"
DDPG,532.40M,3.45,-,-,-,-,-,-,-,-,-,-,-,14.79,0.27%,"34,982"
DDPRE,-,-,-,-,-,-,-,-,-,-,-,-,-,26.25,-0.58%,7
DDPRO,173.86M,-,-,-,26.54,1.66,1.87,-,35.83%,-2.16%,35.93%,20.91%,11.21%,4.68,-4.29%,"761,467"
DDPST,-,-,-,-,-,-,-,-,-,-,-,-,-,152.56,-2.16%,"190,281"
DDPU,6.73M,-,-,-,6.01,1.25,3.60,-,-,-,-,-,42.06%,2.30,5.63%,"35,777"
DDPZ,11.10B,19.02,16.12,1.88,2.21,-,24.84,16.98,7.83%,9.82%,7.23%,8.56%,3.71%,335.42,-3.13%,"687,068"
DDQ,963.62M,-,-,-,1.69,0.22,0.50,-,-11.52%,68.12%,-,89.24%,-0.29%,14.24,-2.73%,"953,281"
DDQJN,-,-,-,-,-,-,-,-,-,-,-,-,-,29.76,-0.03%,693
DDRAI,-,-,-,-,-,-,-,-,-,-,-,-,-,34.06,-0.31%,"1,059"
DDRAL,-,-,-,-,-,-,-,-,-,-,-,-,-,12.38,10.63%,"337,918"
DDRAM,-,-,-,-,-,-,-,-,-,-,-,-,-,60.39,5.36%,"56,202,859"
DDRAY,-,-,-,-,-,-,-,-,-,-,-,-,-,15.04,-2.40%,"4,675"
DDRCT,2.08M,-,-,-,0.07,-,3.99,-,89.33%,84.08%,-33.57%,-,22.69%,2.66,0.76%,"5,416"
DDRD,2.13B,11.87,6.32,0.20,4.15,3.28,20.34,24.34,83.36%,41.55%,22.15%,31.46%,10.18%,24.61,1.74%,"211,737"
DDRDB,326.29M,59.71,-,-,-,1.35,4661.33,-,-,-,-,-,-,10.64,-0.09%,35
DDRES,-,-,-,-,-,-,-,-,-,-,-,-,-,31.46,-0.36%,"2,121"
DDRGN,-,-,-,-,-,-,-,-,-,-,-,-,-,36.49,1.47%,"5,194"
DDRH,2.54B,17.14,20.04,2.22,2.23,1.66,17.39,15.52,56.07%,-10.19%,-,9.01%,30.20%,12.36,0.00%,"2,326,237"
DDRI,25.60B,21.71,18.17,2.16,1.94,11.65,112.49,23.43,6.09%,9.95%,16.79%,8.40%,12.92%,225.50,0.11%,"1,242,943"
DDRIO,72.13M,-,-,-,3.43,0.98,5.06,-,57.25%,42.91%,38.06%,47.43%,24.17%,7.36,-2.97%,"21,914"
DDRIP,-,-,-,-,-,-,-,-,-,-,-,-,-,36.79,-3.11%,"725,530"
DDRIV,-,-,-,-,-,-,-,-,-,-,-,-,-,36.10,0.01%,"22,847"
DDRKY,-,-,-,-,-,-,-,-,-,-,-,-,-,21.58,0.75%,"12,774"
DDRLL,-,-,-,-,-,-,-,-,-,-,-,-,-,40.32,1.49%,"16,603"
DDRMA,5.87M,-,-,-,-,1.68,1.33,-,73.41%,34.10%,61.24%,-,-,1.46,0.00%,"230,748"
DDRMP,-,-,-,-,-,-,-,-,-,-,-,-,-,24.06,4.52%,"12,181"
DDRMY,-,-,-,-,-,-,-,-,-,-,-,-,-,51.56,5.20%,"6,778"
DDRN,-,-,-,-,-,-,-,-,-,-,-,-,-,10.90,-2.77%,"706,950"
DDRNL,-,-,-,-,-,-,-,-,-,-,-,-,-,7.09,-8.13%,"6,702"
DDRNZ,-,-,-,-,-,-,-,-,-,-,-,-,-,23.78,-1.16%,"255,693"
DDRS,12.10B,37.83,30.98,2.63,3.20,4.32,44.83,33.34,20.03%,6.05%,12.76%,11.80%,5.60%,45.35,-0.40%,"663,965"
DDRSK,-,-,-,-,-,-,-,-,-,-,-,-,-,28.64,-0.61%,"85,928"
DDRTS,1.28B,-,-,-,-,29.66,12.20,-,-65.90%,39.98%,-19.21%,43.99%,-,14.15,-0.70%,"445,307"
DDRUG,777.88M,-,-,-,-,3.53,3.51,-,-170.51%,-90.70%,-35.46%,-,-,79.48,3.98%,"311,807"
DDRUP,-,-,-,-,-,-,-,-,-,-,-,-,-,68.54,-1.37%,485
DDRV,-,-,-,-,-,-,-,-,-,-,-,-,-,18.17,3.06%,"153,787"
DDRVN,2.10B,14.26,8.80,0.87,1.06,2.53,8.21,15.96,-0.91%,20.93%,-,10.14%,15.55%,12.76,-1.43%,"761,478"
DDRVR,-,-,-,-,-,-,-,-,-,-,-,-,-,25.43,-1.48%,520
DDSAC,346.14M,56.84,-,-,-,1.06,417.04,-,-,-,-,-,-,10.18,0.05%,16
DDSC,248.14M,-,-,-,2.63,-,8.19,-,-,-,-39.09%,-,11.90%,7.41,2.85%,"44,643"
DDSCO,-,-,-,-,-,-,-,-,-,-,-,-,-,24.76,-0.14%,"41,574"
DDSEP,-,-,-,-,-,-,-,-,-,-,-,-,-,48.40,0.00%,"9,856"
DDSGN,944.99M,-,-,-,-,4.68,4.56,-,-8.78%,-17.44%,-52.23%,-17.03%,-,15.10,1.82%,"544,264"
DDSGR,1.61B,183.33,34.52,-,0.79,2.46,21.37,121.64,238.89%,65.57%,-26.23%,-,41.29%,34.87,-0.26%,"166,445"
DDSGX,6.42B,37.26,27.94,1.57,8.52,3.95,17.03,22.74,23.66%,15.98%,24.80%,17.83%,15.89%,74.92,-3.00%,"657,675"
DDSI,-,-,-,-,-,-,-,-,-,-,-,-,-,147.41,-0.65%,"57,322"
DDSL,1.24B,33.69,-,-,-,-,-,-,-,-,-,-,-,10.78,-0.55%,"488,702"
DDSM,289.16M,9.29,-,-,12.51,0.90,-,-,-,-,-,-,-,5.85,-0.17%,"129,568"
DDSMC,-,-,-,-,-,-,-,-,-,-,-,-,-,43.33,-1.17%,"6,508"
DDSP,839.04M,91.18,41.01,5.83,2.16,7.39,4.35,12.71,-51.51%,76.14%,4.84%,7.03%,15.81%,12.61,-3.07%,"297,456"
DDSPY,-,-,-,-,-,-,-,-,-,-,-,-,-,67.55,-1.27%,"6,677"
DDSS,5.64M,-,-,-,0.28,1.67,0.95,-,48.12%,-,-,-,6.20%,0.56,-0.64%,"9,855"
DDSTL,-,-,-,-,-,-,-,-,-,-,-,-,-,67.62,-1.37%,"81,751"
DDSTX,-,-,-,-,-,-,-,-,-,-,-,-,-,35.69,-0.37%,"1,196"
DDSU,603.65M,13.64,-,-,11.54,0.93,-,-,-,-,-,-,-,9.41,-0.42%,"211,958"
DDSWL,49.40M,4.66,-,-,0.81,0.45,0.60,10.49,-,-,5.23%,-,-1.12%,3.11,-0.96%,"7,718"
DDSX,330.94M,5.68,4.43,-,1.53,0.60,1.30,-,938.22%,0.00%,-,-,4.70%,2.66,7.26%,"1,872,018"
DDSY,35.23M,-,-,-,17.44,5.73,7.83,-,-,-,-169.01%,-,-,4.27,-2.51%,"41,292"
DDT,13.76B,94.61,20.94,1.25,6.57,5.64,12.41,24.12,16.59%,14.70%,15.17%,16.76%,23.47%,47.61,-3.11%,"7,390,467"
DDTAN,-,-,-,-,-,-,-,-,-,-,-,-,-,33.75,-0.96%,"1,391"
DDTCR,-,-,-,-,-,-,-,-,-,-,-,-,-,29.21,-0.41%,"664,116"
DDTCX,76.68M,-,-,-,-,1.01,1.48,-,-,-,-278.08%,-,-,1.91,-1.55%,"57,807"
DDTD,-,-,-,-,-,-,-,-,-,-,-,-,-,97.60,-0.53%,"17,911"
DDTE,29.37B,22.30,16.91,2.43,1.80,2.42,349.66,-,4.79%,8.25%,-0.08%,6.95%,5.80%,141.15,0.22%,"1,300,600"
DDTEC,-,-,-,-,-,-,-,-,-,-,-,-,-,52.35,-1.97%,"4,361"
DDTF,81.12M,28.15,-,-,29.64,0.96,-,-,-,-,-,-,-,11.54,0.26%,486
DDTH,-,-,-,-,-,-,-,-,-,-,-,-,-,58.22,-0.19%,"24,574"
DDTI,90.68M,-,9.51,0.25,0.59,0.76,35.98,-,11.70%,141.85%,-86.21%,38.68%,-,2.57,0.78%,"242,968"
DDTIL,204.25M,-,-,-,4.53,4.32,2.33,-,2.42%,23.95%,43.45%,19.60%,7.13%,7.40,-0.40%,"205,577"
DDTM,13.77B,29.61,26.95,2.95,10.51,2.88,80.07,25.94,10.22%,5.68%,5.96%,9.13%,10.51%,135.00,-1.39%,"1,234,290"
DDTRE,-,-,-,-,-,-,-,-,-,-,-,-,-,42.56,-0.95%,47
DDTSQ,41.38M,118.94,-,-,-,2.47,-,-,-,-,-,-,-,11.34,0.04%,101
DDTSS,7.94M,-,-,-,0.14,2.21,11.85,10.45,-,-,10.43%,-,119.21%,0.76,-0.48%,"68,499"
DDTST,7.03M,-,-,-,4.85,0.68,0.76,-,-533.33%,-103.95%,-,-,-31.72%,3.01,-1.63%,"17,664"
DDUBS,-,-,-,-,-,-,-,-,-,-,-,-,-,43.30,-0.36%,"12,000"
DDUG,-,-,-,-,-,-,-,-,-,-,-,-,-,15.23,-2.25%,"113,273"
DDUHP,-,-,-,-,-,-,-,-,-,-,-,-,-,42.57,-0.51%,"607,484"
DDUK,96.36B,18.54,17.23,2.55,2.90,1.79,118.23,-,6.33%,6.88%,29.70%,6.75%,6.20%,123.58,-0.27%,"2,896,576"
DDUKH,-,-,-,-,-,-,-,-,-,-,-,-,-,23.79,-0.23%,"7,983"
DDUKQ,-,-,-,-,-,-,-,-,-,-,-,-,-,32.35,-0.39%,"1,178"
DDUKR,19.26M,-,-,-,50.68,2.88,2.76,-,-,-,9.16%,-,-,5.62,1.63%,"23,719"
DDUKU,-,-,-,-,-,-,-,-,-,-,-,-,-,50.63,0.01%,"863,628"
DDUKX,-,-,-,-,-,-,-,-,-,-,-,-,-,29.03,0.32%,185
DDUKZ,-,-,-,-,-,-,-,-,-,-,-,-,-,25.28,-0.23%,"5,347"
DDULL,-,-,-,-,-,-,-,-,-,-,-,-,-,56.02,-2.88%,888
DDUNK,-,-,-,-,-,-,-,-,-,-,-,-,-,27.95,-1.58%,"90,038"
DDUO,25.44M,-,-,-,0.52,0.31,1.21,-,-,-,49.99%,-,-32.61%,0.66,3.77%,"18,208"
DDUOG,-,-,-,-,-,-,-,-,-,-,-,-,-,45.64,-4.26%,"4,484"
DDUOL,6.09B,15.61,39.37,-,5.32,4.31,4.63,14.93,-67.44%,18.88%,-,-21.72%,45.03%,130.16,-2.01%,"1,484,853"
DDUOT,305.26M,-,32.63,-,12.31,2.84,9.24,-,190.62%,-45.69%,20.53%,-,27.44%,10.28,12.84%,"6,307,251"
DDURA,-,-,-,-,-,-,-,-,-,-,-,-,-,39.39,-0.39%,"3,228"
DDUSA,-,-,-,-,-,-,-,-,-,-,-,-,-,57.34,-0.59%,"32,709"
DDUSB,-,-,-,-,-,-,-,-,-,-,-,-,-,50.89,0.00%,"362,497"
DDUSG,-,-,-,-,-,-,-,-,-,-,-,-,-,53.80,-0.43%,425
DDUSL,-,-,-,-,-,-,-,-,-,-,-,-,-,104.10,-0.39%,"16,368"
DDUST,-,-,-,-,-,-,-,-,-,-,-,-,-,39.78,-4.24%,"960,432"
DDUTY,-,-,-,-,-,-,-,-,-,-,-,-,-,28.65,-1.76%,"7,568"
DDV,2.06B,36.91,22.91,0.81,2.68,1.88,9.81,12.84,49.44%,29.47%,18.42%,28.33%,25.13%,13.30,0.08%,"3,018,049"
DDVA,11.27B,14.90,10.36,0.46,0.80,-,14.61,7.00,37.71%,14.90%,8.29%,22.62%,3.39%,176.70,-1.87%,"499,952"
DDVAL,-,-,-,-,-,-,-,-,-,-,-,-,-,16.64,-0.54%,"1,738"
DDVDN,-,-,-,-,-,-,-,-,-,-,-,-,-,15.60,-0.88%,"1,127"
DDVGR,-,-,-,-,-,-,-,-,-,-,-,-,-,27.42,-0.52%,"8,779"
DDVIN,-,-,-,-,-,-,-,-,-,-,-,-,-,31.52,0.55%,"2,083"
DDVLT,274.04M,-,2.46,-,6.54,0.90,124.00,-,96.15%,750.00%,89.31%,-,74.67%,0.32,0.72%,"15,741,355"
DDVLU,-,-,-,-,-,-,-,-,-,-,-,-,-,42.10,-0.58%,"2,110"
DDVN,52.33B,11.26,9.52,0.70,2.64,1.31,51.86,34.49,29.54%,-1.61%,-,13.54%,31.53%,47.57,3.75%,"14,835,275"
DDVND,-,-,-,-,-,-,-,-,-,-,-,-,-,39.54,-0.95%,"1,598"
DDVOL,-,-,-,-,-,-,-,-,-,-,-,-,-,38.06,-0.24%,"3,666"
DDVQQ,-,-,-,-,-,-,-,-,-,-,-,-,-,31.98,-0.07%,"2,629"
DDVRE,-,-,-,-,-,-,-,-,-,-,-,-,-,24.77,-1.77%,110
DDVSP,-,-,-,-,-,-,-,-,-,-,-,-,-,30.26,-0.65%,"2,959"
DDVUT,-,-,-,-,-,-,-,-,-,-,-,-,-,26.15,-0.64%,934
DDVVY,-,-,-,-,-,-,-,-,-,-,-,-,-,27.60,-0.72%,9
DDVXB,-,-,-,-,-,-,-,-,-,-,-,-,-,28.65,-0.94%,"1,149"
DDVXC,-,-,-,-,-,-,-,-,-,-,-,-,-,23.60,-2.59%,109
DDVXE,-,-,-,-,-,-,-,-,-,-,-,-,-,42.72,1.32%,913
DDVXF,-,-,-,-,-,-,-,-,-,-,-,-,-,28.53,-1.87%,982
DDVXK,-,-,-,-,-,-,-,-,-,-,-,-,-,38.35,0.37%,"10,707"
DDVXP,-,-,-,-,-,-,-,-,-,-,-,-,-,25.60,-2.16%,106
DDVXV,-,-,-,-,-,-,-,-,-,-,-,-,-,33.52,-0.31%,209
DDVXY,-,-,-,-,-,-,-,-,-,-,-,-,-,22.36,-1.41%,106
DDVY,-,-,-,-,-,-,-,-,-,-,-,-,-,164.28,-0.74%,"224,962"
DDVYA,-,-,-,-,-,-,-,-,-,-,-,-,-,51.28,0.36%,"4,082"
DDVYE,-,-,-,-,-,-,-,-,-,-,-,-,-,34.30,1.18%,"76,607"
DDWAS,-,-,-,-,-,-,-,-,-,-,-,-,-,120.29,0.69%,"3,426"
DDWAW,-,-,-,-,-,-,-,-,-,-,-,-,-,51.57,-0.25%,54
DDWLD,-,-,-,-,-,-,-,-,-,-,-,-,-,47.79,-0.50%,"23,136"
DDWM,-,-,-,-,-,-,-,-,-,-,-,-,-,76.46,-0.28%,"4,207"
DDWMF,-,-,-,-,-,-,-,-,-,-,-,-,-,34.48,0.18%,"1,092"
DDWSH,-,-,-,-,-,-,-,-,-,-,-,-,-,5.66,2.17%,"8,015"
DDWSN,88.81M,24.51,-,-,0.85,4.43,14.51,-,-,-,35.58%,-,-2.56%,2.86,-10.49%,"554,263"
DDWTX,69.27M,-,-,-,-,1.01,7.21,-,87.73%,17.71%,25.53%,52.48%,-,2.06,-4.19%,"45,489"
DDWUS,-,-,-,-,-,-,-,-,-,-,-,-,-,60.49,-0.28%,25
DDWWN,-,-,-,-,-,-,-,-,-,-,-,-,-,23.67,-1.44%,58
DDWX,-,-,-,-,-,-,-,-,-,-,-,-,-,47.62,-0.53%,"9,726"
DDX,3.24B,4.99,8.14,0.35,3.62,1.01,5.34,13.71,65.32%,8.24%,-18.63%,23.16%,18.10%,13.07,0.08%,"4,824,137"
DDXC,1.66B,14.72,3.51,2.81,0.13,0.55,0.85,1.33,-19.74%,14.07%,-,1.25%,-6.54%,10.39,-3.71%,"2,752,099"
DDXCM,33.49B,35.04,28.44,1.34,6.74,12.78,17.20,23.84,27.64%,16.98%,10.55%,21.18%,19.33%,88.76,-1.10%,"4,048,868"
DDXD,-,-,-,-,-,-,-,-,-,-,-,-,-,16.54,1.04%,"1,221,496"
DDXF,0.79M,-,-,-,0.64,0.12,1.65,-,-,-,-,-,-39.57%,0.51,0.04%,"224,324"
DDXIV,-,-,-,-,-,-,-,-,-,-,-,-,-,74.55,0.11%,"11,529"
DDXJ,-,-,-,-,-,-,-,-,-,-,-,-,-,181.55,-0.34%,"222,470"
DDXLG,33.17M,-,-,-,0.08,0.32,2.05,-,-2.38%,13.95%,-,27.51%,-2.94%,0.60,-6.31%,"29,593"
DDXPE,3.10B,35.22,26.10,1.50,1.45,5.73,13.69,26.14,19.19%,18.58%,-,17.44%,14.94%,199.91,-0.46%,"147,713"
DDXR,59.59M,5.63,-,-,119.17,1.13,-,-,-320.00%,85.71%,-,-,-,10.20,-2.74%,"2,071"
DDXST,4.79M,-,-,-,0.18,0.34,2.90,-,-,-,-,-,42.53%,2.64,-2.22%,"36,880"
DDXUV,-,-,-,-,-,-,-,-,-,-,-,-,-,70.12,-0.57%,"22,471"
DDXYZ,1.04B,9.60,-,-,-,1.71,5.05,-,-,-,-,-,-,34.00,6.25%,"1,838,138"
DDY,13.00B,41.18,21.68,0.82,2.08,6.86,24.07,29.53,38.63%,20.35%,54.95%,26.30%,11.63%,432.89,3.30%,"349,091"
DDYAI,28.43M,-,26.01,0.40,7.48,-,6.09,-,39.13%,121.43%,7.84%,64.84%,14.04%,0.78,0.67%,"345,787"
DDYFI,-,-,-,-,-,-,-,-,-,-,-,-,-,22.65,-0.09%,"3,233"
DDYLD,-,-,-,-,-,-,-,-,-,-,-,-,-,22.30,-0.09%,"2,423"
DDYLG,-,-,-,-,-,-,-,-,-,-,-,-,-,28.68,-0.24%,"2,325"
DDYN,4.88B,-,-,-,-,6.17,5.44,-,-2.58%,5.80%,3.39%,9.24%,-,26.15,1.75%,"1,317,586"
DDYNB,-,-,-,-,-,-,-,-,-,-,-,-,-,38.94,-0.15%,"7,003"
DDYNC,240.59M,-,-,-,-,1.25,1266.27,-,-,-,-,-,-,10.87,0.09%,"13,881"
DDYNF,-,-,-,-,-,-,-,-,-,-,-,-,-,70.16,-0.10%,"1,561,201"
DDYOR,232.30M,65.46,-,-,-,1.36,294.05,-,-,-,-,-,-,10.10,0.00%,37
DDYTA,-,-,-,-,-,-,-,-,-,-,-,-,-,32.22,0.15%,"7,252"
DDZZ,-,-,-,-,-,-,-,-,-,-,-,-,-,1.71,0.39%,"1,295"
EE,81.65B,14.06,10.46,0.77,0.84,1.55,4.73,18.57,57.77%,-10.91%,-,13.61%,13.08%,56.03,1.36%,"461,838"
EEAD,377.60M,9.40,-,-,8.70,0.89,-,-,-,-,-,-,-,6.39,0.16%,"450,017"
EEAF,192.04M,-,-,-,0.37,-,1.32,-,5.97%,37.55%,-,-,-16.26%,7.36,-3.29%,"241,919"
EEAFG,-,-,-,-,-,-,-,-,-,-,-,-,-,26.36,0.64%,200
EEAGG,-,-,-,-,-,-,-,-,-,-,-,-,-,46.58,-0.19%,"229,037"
EEAGL,-,-,-,-,-,-,-,-,-,-,-,-,-,34.75,-1.45%,"173,348"
EEALT,-,-,-,-,-,-,-,-,-,-,-,-,-,36.82,-0.18%,"13,338"
EEAOA,-,-,-,-,-,-,-,-,-,-,-,-,-,45.88,0.00%,0
EEAOK,-,-,-,-,-,-,-,-,-,-,-,-,-,28.16,0.00%,0
EEAOM,-,-,-,-,-,-,-,-,-,-,-,-,-,31.32,0.00%,0
EEAOR,-,-,-,-,-,-,-,-,-,-,-,-,-,38.03,0.00%,0
EEAPR,-,-,-,-,-,-,-,-,-,-,-,-,-,33.56,0.62%,"2,850"
EEARN,165.73M,-,4.64,-,3.50,1.05,7.06,0.31,1.89%,5.95%,-,-,12.51%,4.41,0.23%,"357,224"
EEART,-,-,-,-,-,-,-,-,-,-,-,-,-,30.43,1.65%,"8,342"
EEASG,-,-,-,-,-,-,-,-,-,-,-,-,-,39.35,-0.24%,"7,393"
EEASY,-,-,-,-,-,-,-,-,-,-,-,-,-,27.32,-0.66%,"5,016"
EEAT,10.37B,22.18,16.60,1.12,1.79,25.54,181.55,18.59,23.19%,10.03%,30.94%,14.84%,11.71%,241.71,1.92%,"924,605"
EEBAY,44.92B,20.90,14.97,1.32,3.71,9.63,12.97,17.12,11.16%,9.91%,11.61%,11.38%,4.64%,100.94,-2.13%,"6,499,504"
EEBC,5.40B,13.41,11.10,-,3.62,1.26,-,13.54,19.98%,13.86%,26.68%,-,12.20%,23.65,0.11%,"2,179,842"
EEBF,564.66M,13.37,-,-,1.43,1.81,11.50,10.21,-5.42%,-,12.35%,-,1.85%,22.32,1.00%,"243,762"
EEBI,-,-,-,-,-,-,-,-,-,-,-,-,-,67.93,-0.28%,"11,244"
EEBIT,-,-,-,-,-,-,-,-,-,-,-,-,-,40.55,-0.57%,850
EEBIZ,-,-,-,-,-,-,-,-,-,-,-,-,-,29.93,-2.05%,567
EEBMT,185.59M,11.37,10.72,-,1.46,0.94,-,9.91,7.19%,6.71%,-9.42%,-,5.73%,23.30,-0.55%,"37,717"
EEBND,-,-,-,-,-,-,-,-,-,-,-,-,-,21.10,0.05%,"283,417"
EEBON,13.08M,-,-,-,1.90,0.05,0.07,-,-,-,21.54%,-,-19.22%,2.00,-1.48%,"3,191"
EEBS,230.73M,-,-,-,0.30,0.68,1.64,2.69,-76.47%,-,-30.38%,-,-13.74%,4.50,-1.96%,"695,666"
EEBUF,-,-,-,-,-,-,-,-,-,-,-,-,-,32.13,0.50%,"3,655"
EEC,36.33B,10.38,9.20,0.70,1.12,1.47,11.19,8.89,76.42%,-16.78%,37.30%,13.23%,15.88%,17.67,2.91%,"1,257,293"
EECAT,1.53B,7.34,-,-,-,-,-,-,-,-,-,-,-,15.41,-0.45%,"356,208"
EECBK,180.34M,14.99,-,-,2.08,1.00,-,14.94,-,-,15.40%,-,28.41%,20.64,-0.63%,"5,939"
EECC,504.11M,-,4.91,-,2.75,0.91,-,-,-26.02%,6.55%,-,-,-,3.79,-1.81%,"791,677"
EECF,177.42M,4.11,-,-,37.01,1.04,-,-,-,-,-,-,-,12.99,0.08%,"12,752"
EECG,7.32B,28.84,24.04,1.28,1.72,9.47,41.45,29.25,34.18%,12.57%,16.45%,18.76%,16.25%,143.40,1.67%,"391,583"
EECH,-,-,-,-,-,-,-,-,-,-,-,-,-,40.52,0.50%,"152,262"
EECHO,26.87B,-,36.20,-,1.83,1.90,17.32,-,137.79%,-86.58%,-161.79%,-,51.37%,92.51,0.67%,"3,199,601"
EECHX,-,-,-,-,-,-,-,-,-,-,-,-,-,8.67,1.85%,"103,190"
EECL,77.33B,37.00,29.32,2.32,4.59,7.69,15.06,41.25,8.38%,15.29%,-,12.66%,6.40%,275.84,-0.10%,"2,384,237"
EECML,-,-,-,-,-,-,-,-,-,-,-,-,-,41.61,-0.34%,"14,481"
EECNS,-,-,-,-,-,-,-,-,-,-,-,-,-,29.55,0.31%,"1,472"
EECO,2.40B,5.85,9.05,0.68,3.40,2.79,9.95,53.80,328.54%,-57.13%,3.87%,13.29%,6.72%,62.70,4.00%,"665,125"
EECON,-,-,-,-,-,-,-,-,-,-,-,-,-,35.38,0.98%,"7,203"
EECOR,92.41M,-,-,-,2.50,-,9.20,-,15.15%,66.96%,28.87%,-,55.74%,10.25,2.81%,"144,327"
EECOW,-,-,-,-,-,-,-,-,-,-,-,-,-,27.24,0.52%,"15,251"
EECPG,2.20B,7.85,7.09,-,1.16,2.04,12.02,17.57,23.90%,8.16%,10.31%,-,3.27%,103.68,-0.06%,"754,615"
EECVT,1.14B,-,11.86,0.29,1.31,1.94,12.96,13.77,77.33%,26.62%,37.68%,40.74%,7.85%,10.39,0.00%,"1,148,190"
EECX,399.56M,-,14.65,-,0.45,-,1.88,-,88.04%,428.54%,-296.10%,-,-,1.12,4.67%,"927,421"
EED,40.17B,17.90,16.81,2.55,2.27,1.42,27.32,-,7.06%,6.25%,11.45%,6.60%,6.69%,108.99,0.17%,"1,602,840"
EEDBL,3.05M,-,-,-,0.22,-,0.78,-,99.29%,62.65%,72.14%,-,6.29%,1.56,-6.59%,"313,809"
EEDC,-,-,-,-,-,-,-,-,-,-,-,-,-,80.93,3.37%,"42,479"
EEDD,379.65M,4.87,-,-,-,-,-,-,-,-,-,-,-,5.89,2.08%,"210,553"
EEDEN,-,-,-,-,-,-,-,-,-,-,-,-,-,116.50,0.23%,"4,867"
EEDF,166.98M,4.59,-,-,-,-,-,-,-,-,-,-,-,5.19,-0.38%,"47,116"
EEDGE,-,-,-,-,-,-,-,-,-,-,-,-,-,51.94,-0.04%,119
EEDGF,-,-,-,-,-,-,-,-,-,-,-,-,-,24.67,-0.04%,"48,028"
EEDGH,-,-,-,-,-,-,-,-,-,-,-,-,-,34.88,0.97%,"16,484"
EEDGI,-,-,-,-,-,-,-,-,-,-,-,-,-,32.20,0.16%,"16,951"
EEDGQ,-,-,-,-,-,-,-,-,-,-,-,-,-,27.94,-0.39%,"4,258"
EEDGU,-,-,-,-,-,-,-,-,-,-,-,-,-,32.40,-0.49%,"17,545"
EEDGX,-,-,-,-,-,-,-,-,-,-,-,-,-,27.15,-0.41%,"12,756"
EEDHL,-,-,-,-,-,-,-,-,-,-,-,-,-,3.88,0.52%,"7,082"
EEDIT,436.17M,-,-,-,9.28,4.14,2.06,-,56.03%,8.00%,1.84%,24.46%,-14.89%,2.84,0.71%,"2,113,742"
EEDIV,-,-,-,-,-,-,-,-,-,-,-,-,-,41.70,0.18%,"70,594"
EEDN,509.43M,5.68,100.09,131.69,0.21,0.54,0.59,-,-,-,-,0.76%,13.24%,23.02,-0.52%,"41,768"
EEDOG,-,-,-,-,-,-,-,-,-,-,-,-,-,24.63,-0.07%,"4,292"
EEDOW,-,-,-,-,-,-,-,-,-,-,-,-,-,45.89,-0.90%,"17,290"
EEDRY,114.52M,12.10,7.66,-,1.84,1.14,4.03,6.62,353.07%,-17.57%,13.93%,-,18.58%,39.95,9.24%,"141,494"
EEDSA,54.47M,-,-,-,-,136.41,5.27,-,-45.41%,-5.96%,-11.35%,-14.87%,-,5.65,5.61%,"123,367"
EEDTK,13.70M,-,-,-,1370.14,2.05,57.09,-,-,-,-,-,-78.27%,0.86,-2.27%,"4,599"
EEDU,8.81B,17.82,10.43,0.64,1.55,2.13,1.66,-,23.39%,15.75%,8.07%,16.43%,5.74%,53.20,1.26%,"698,741"
EEDUC,11.76M,6.00,-,-,0.57,0.28,6.50,15.89,-,-,-28.94%,-,-35.46%,1.38,0.00%,"93,697"
EEDV,-,-,-,-,-,-,-,-,-,-,-,-,-,58.58,-1.43%,"1,892,881"
EEDZ,-,-,-,-,-,-,-,-,-,-,-,-,-,14.60,-3.12%,"464,107"
EEE,4.09B,24.85,17.44,0.68,2.78,1.65,11.84,169.84,25.53%,28.77%,-4.24%,25.82%,23.31%,36.08,-1.50%,"251,986"
EEEA,76.46M,4.15,-,-,32.51,0.95,-,-,-,-,-,-,-,11.21,-0.36%,"2,032"
EEEE,-,-,-,-,-,-,-,-,-,-,-,-,-,21.13,0.23%,"8,793"
EEEFT,2.64B,11.08,5.85,0.47,0.60,2.15,1.19,10.75,11.63%,12.41%,-,12.42%,11.32%,70.55,-3.62%,"454,978"
EEEIQ,3.93M,-,-,-,0.40,0.49,6.05,-,-,-,-,-,-0.27%,2.39,3.46%,"10,051"
EEELV,-,-,-,-,-,-,-,-,-,-,-,-,-,28.48,0.01%,"18,862"
EEEM,-,-,-,-,-,-,-,-,-,-,-,-,-,67.32,1.07%,"17,036,871"
EEEMA,-,-,-,-,-,-,-,-,-,-,-,-,-,117.06,0.90%,"20,917"
EEEMO,-,-,-,-,-,-,-,-,-,-,-,-,-,22.66,2.53%,"13,478"
EEEMS,-,-,-,-,-,-,-,-,-,-,-,-,-,75.83,0.58%,"10,703"
EEEMV,-,-,-,-,-,-,-,-,-,-,-,-,-,75.71,1.05%,"180,093"
EEEMX,-,-,-,-,-,-,-,-,-,-,-,-,-,53.13,0.89%,"3,655"
EEES,-,-,-,-,-,-,-,-,-,-,-,-,-,69.20,-0.67%,"4,418"
EEET,-,-,-,-,-,-,-,-,-,-,-,-,-,111.46,1.83%,"7,819"
EEETH,-,-,-,-,-,-,-,-,-,-,-,-,-,23.17,1.49%,"27,696"
EEEV,-,-,-,-,-,-,-,-,-,-,-,-,-,10.73,-2.10%,"32,281"
EEFA,-,-,-,-,-,-,-,-,-,-,-,-,-,108.45,-0.17%,"9,375,600"
EEFAA,-,-,-,-,-,-,-,-,-,-,-,-,-,57.38,0.00%,"50,603"
EEFAD,-,-,-,-,-,-,-,-,-,-,-,-,-,44.49,-0.57%,"3,536"
EEFAS,-,-,-,-,-,-,-,-,-,-,-,-,-,23.03,0.07%,"5,357"
EEFAV,-,-,-,-,-,-,-,-,-,-,-,-,-,93.18,-0.51%,"443,171"
EEFAX,-,-,-,-,-,-,-,-,-,-,-,-,-,56.26,-0.14%,"16,741"
EEFC,1.75B,8.28,6.98,-,2.78,0.99,6.04,1.84,9.85%,-4.66%,24.76%,-0.90%,32.40%,13.59,-0.59%,"755,335"
EEFFE,-,-,-,-,-,-,-,-,-,-,-,-,-,28.48,0.94%,73
EEFFI,-,-,-,-,-,-,-,-,-,-,-,-,-,27.33,-0.29%,120
EEFG,-,-,-,-,-,-,-,-,-,-,-,-,-,127.00,0.20%,"458,202"
EEFIV,-,-,-,-,-,-,-,-,-,-,-,-,-,75.75,-0.41%,"13,318"
EEFNL,-,-,-,-,-,-,-,-,-,-,-,-,-,54.29,0.17%,"11,499"
EEFO,-,-,-,-,-,-,-,-,-,-,-,-,-,78.84,-0.24%,"2,937"
EEFOI,18.60M,-,-,-,2.86,5.56,16.91,-,-,-,57.15%,-,-26.70%,2.92,-3.12%,"2,591"
EEFOR,1.27B,15.89,7.20,1.23,0.32,0.70,8.28,5.72,-20.41%,18.28%,-7.08%,5.88%,2.59%,30.86,-2.56%,"706,024"
EEFR,314.43M,20.88,-,-,7.32,0.90,-,-,-,-,-,-,-,10.65,-0.75%,"96,916"
EEFRA,-,-,-,-,-,-,-,-,-,-,-,-,-,36.29,-0.63%,614
EEFSC,2.39B,13.13,11.17,-,2.34,1.21,-,11.29,-0.75%,12.07%,14.00%,-,22.76%,65.96,-0.71%,"178,482"
EEFSI,236.43M,12.64,12.70,3.26,1.93,1.22,-,23.25,-13.24%,14.92%,-13.47%,3.90%,17.25%,43.69,0.07%,"38,786"
EEFT,288.11M,43.36,-,-,7.31,0.90,-,-,-,-,-,-,-,10.84,-0.46%,"84,939"
EEFU,-,-,-,-,-,-,-,-,-,-,-,-,-,6.72,0.19%,"10,000"
EEFV,-,-,-,-,-,-,-,-,-,-,-,-,-,81.63,-0.41%,"1,369,916"
EEFX,20.77B,31.07,17.39,1.02,3.22,4.75,122.11,18.80,11.99%,18.70%,4.67%,17.01%,8.04%,176.80,-2.24%,"923,048"
EEFXT,2.74B,52.02,12.23,0.21,1.07,2.35,37.09,11.56,162.98%,34.46%,-6.59%,57.07%,23.16%,22.48,0.13%,"508,165"
EEFZ,-,-,-,-,-,-,-,-,-,-,-,-,-,22.12,0.10%,"1,827"
EEG,14.00B,7.73,6.08,0.40,0.83,0.92,-,6.27,19.38%,12.96%,24.23%,15.23%,12.76%,365.15,-1.34%,"238,612"
EEGAN,198.47M,5.23,16.95,-,2.15,2.17,2.47,14.52,101.67%,5.79%,37.92%,-,3.99%,7.23,-3.60%,"96,084"
EEGBN,870.32M,-,12.06,-,1.46,0.76,-,16.46,135.96%,56.41%,-,-,7.99%,28.55,-0.87%,"251,586"
EEGG,82.90M,-,-,-,39.10,7.62,8.10,-,-,-,-,-,23.53%,2.96,-8.92%,"24,470"
EEGGQ,-,-,-,-,-,-,-,-,-,-,-,-,-,57.02,2.44%,"7,907"
EEGGS,-,-,-,-,-,-,-,-,-,-,-,-,-,40.63,2.46%,"24,075"
EEGGY,-,-,-,-,-,-,-,-,-,-,-,-,-,37.42,2.02%,"90,824"
EEGHA,212.28M,56.90,-,-,-,1.42,1061.41,-,-,-,-,-,-,10.35,0.00%,"404,474"
EEGHT,294.65M,61.26,5.51,-,0.40,1.99,3.19,6.34,-11.67%,4.72%,-,-,6.69%,2.04,-1.92%,"881,027"
EEGLE,-,-,-,-,-,-,-,-,-,-,-,-,-,32.62,-0.69%,40
EEGO,10.54B,14.21,7.55,0.16,5.19,1.53,19.00,-,91.92%,59.08%,27.92%,46.14%,12.06%,40.33,1.51%,"1,887,670"
EEGP,10.95B,35.73,34.90,4.02,14.53,3.06,327.91,24.61,22.11%,-1.91%,12.06%,8.68%,14.49%,203.55,0.24%,"269,484"
EEGUS,-,-,-,-,-,-,-,-,-,-,-,-,-,59.28,-0.05%,"2,676"
EEGY,615.37M,-,16.06,-,1.76,1.62,20.17,-,-46.25%,722.79%,13.62%,-,39.84%,5.85,1.21%,"1,115,459"
EEH,317.25M,-,-,-,4.45,3.02,2.19,-,-118.29%,71.11%,-17.72%,-,17.38%,5.71,-3.71%,"466,542"
EEHC,12.03B,19.86,18.27,1.81,1.94,4.64,64.74,29.11,12.17%,9.24%,14.24%,10.08%,5.03%,121.99,-1.29%,"877,195"
EEHCC,-,-,-,-,-,-,-,-,-,-,-,-,-,19.78,0.59%,"1,997"
EEHGO,5.91M,-,-,-,0.36,0.42,1.16,-,-,-,-,-,-2.00%,1.83,3.98%,"477,343"
EEHI,176.95M,8.23,-,-,7.27,0.89,-,-,-,-,-,-,-,5.84,-0.17%,"134,171"
EEHLD,30.08M,3.18,-,-,1.27,1.16,2.84,-,-,-,-,-,-,10.68,14.84%,"24,390"
EEHLS,-,-,-,-,-,-,-,-,-,-,-,-,-,26.45,0.74%,136
EEHTH,38.44M,-,1.51,-,0.08,0.07,0.38,-,-68.75%,35.95%,-,-,-1.01%,1.20,-1.64%,"265,607"
EEHY,-,-,-,-,-,-,-,-,-,-,-,-,-,7.75,2.20%,"9,394"
EEIC,230.67M,-,7.02,-,4.14,0.83,-,-,-10.60%,5.68%,-,-,-,10.01,-0.89%,"49,987"
EEIDO,-,-,-,-,-,-,-,-,-,-,-,-,-,12.60,0.00%,"1,007,355"
EEIG,863.73M,69.03,19.24,0.40,1.03,1.01,-,43.84,147.32%,8.66%,-35.03%,47.81%,3.84%,48.09,-1.31%,"134,628"
EEIKN,567.10M,-,-,-,-,1.22,1.07,-,94.07%,0.60%,-,62.51%,-,10.47,-5.25%,"415,022"
EEIM,494.72M,41.87,-,-,12.17,0.92,-,-,-,-,-,-,-,9.63,-1.03%,"96,799"
EEINC,-,-,-,-,-,-,-,-,-,-,-,-,-,120.74,-0.55%,"1,488"
EEIPI,-,-,-,-,-,-,-,-,-,-,-,-,-,22.75,-0.39%,"66,521"
EEIPX,-,-,-,-,-,-,-,-,-,-,-,-,-,33.40,0.05%,"20,418"
EEIRL,-,-,-,-,-,-,-,-,-,-,-,-,-,83.01,0.03%,"1,309"
EEIS,-,-,-,-,-,-,-,-,-,-,-,-,-,122.50,-1.76%,"22,559"
EEIX,27.44B,7.34,10.95,6.60,1.41,1.57,113.38,-,-6.35%,6.16%,42.36%,1.66%,7.31%,71.30,-0.15%,"6,692,107"
EEJAN,-,-,-,-,-,-,-,-,-,-,-,-,-,36.73,0.29%,"6,034"
EEJH,4.64M,0.06,-,-,0.09,0.00,0.02,-,-,-,-,-,1.35%,1.45,-16.67%,"562,347"
EEJUL,-,-,-,-,-,-,-,-,-,-,-,-,-,31.34,0.50%,"11,329"
EEKG,-,-,-,-,-,-,-,-,-,-,-,-,-,21.00,-0.34%,335
EEL,30.51B,-,26.46,0.73,2.06,7.64,9.76,23.75,61.41%,30.80%,-,36.23%,0.04%,84.34,-2.04%,"3,049,028"
EELA,410.74M,18.37,24.91,-,1.40,5.13,9.46,17.09,32.14%,-14.19%,18.85%,-,16.17%,15.82,-1.31%,"138,407"
EELAB,3.96M,-,-,-,1.54,0.32,0.21,-,-,-,15.55%,-,-,0.87,-4.07%,"145,140"
EELAN,11.80B,-,18.78,1.23,2.35,1.79,22.26,31.12,19.33%,12.07%,18.11%,15.30%,7.57%,23.61,-0.25%,"7,147,483"
EELBM,60.32M,-,-,-,-,0.89,2.39,-,107.93%,-130.29%,-55.53%,-,-,0.57,-3.05%,"263,404"
EELCV,-,-,-,-,-,-,-,-,-,-,-,-,-,32.48,0.33%,"23,893"
EELD,-,-,-,-,-,-,-,-,-,-,-,-,-,28.89,0.05%,"11,244"
EELDN,290.91M,-,-,-,-,8.77,3.28,-,-78.46%,13.52%,48.72%,-17.33%,-,3.58,1.13%,"866,532"
EELE,526.11M,377.94,47.22,0.43,7.41,1.74,5.83,-,366.78%,60.59%,-,109.36%,53.50%,21.24,0.85%,"346,611"
EELF,5.53B,95.21,24.38,2.15,3.14,4.72,16.05,19.73,15.39%,6.39%,29.90%,11.36%,38.76%,93.66,2.43%,"1,665,354"
EELFY,-,-,-,-,-,-,-,-,-,-,-,-,-,43.06,0.38%,"17,595"
EELIL,-,-,-,-,-,-,-,-,-,-,-,-,-,29.68,0.54%,"34,353"
EELLO,275.74M,-,-,-,5.58,1.78,2.30,-,-,-,15.77%,-,34.47%,20.01,-1.91%,"2,147"
EELM,-,-,-,-,-,-,-,-,-,-,-,-,-,29.81,-0.03%,"34,549"
EELMD,333.10M,34.57,27.18,0.98,4.64,6.77,19.62,35.63,43.14%,21.64%,12.39%,27.70%,14.53%,40.23,-2.40%,"77,999"
EELME,143.06M,-,-,-,0.58,0.16,15.25,2.91,-,-,-,-,-4.79%,1.61,-0.62%,"260,418"
EELMT,572.61M,-,32.10,1.45,-,3.10,8.06,-,39.68%,1.42%,-,22.21%,-,19.10,1.51%,"347,429"
EELOG,10.21M,-,-,-,0.22,0.67,3.10,-,-,-,-,-,-,0.80,-3.84%,"1,682"
EELOL,-,-,-,-,-,-,-,-,-,-,-,-,-,21.93,3.82%,"46,015"
EELOX,74.55M,-,-,-,-,1.61,1.20,-,-,-,61.60%,-,-,18.47,-1.55%,"27,925"
EELPC,7.87B,13.20,11.55,1.48,1.49,1.69,12.45,28.43,6.88%,24.03%,-10.14%,7.82%,5.29%,10.60,1.34%,"454,673"
EELPW,2.93M,-,-,-,1.43,-,0.39,-,-,-,-214.04%,-,-,3.75,-6.25%,"98,581"
EELS,13.01B,31.53,29.47,4.97,8.32,7.16,365.18,36.71,2.75%,6.61%,9.89%,5.93%,7.09%,64.89,-1.10%,"1,206,958"
EELTK,60.83M,-,-,-,1.23,1.37,5.50,-,-,-,-26.83%,-,7.13%,9.05,4.95%,"10,507"
EELTX,79.37M,-,-,-,-,8.33,3.38,-,21.16%,-19.36%,37.53%,-1.53%,-,3.02,-2.27%,"253,435"
EELUT,43.14M,-,-,-,3.56,2.74,2.17,-,-172.41%,14.29%,20.42%,-,-22.04%,0.98,3.71%,"84,763"
EELV,84.63B,17.34,13.17,3.36,0.42,1.89,-,13.46,-10.41%,9.22%,6.99%,3.92%,10.32%,390.24,-2.52%,"900,653"
EELVA,385.00M,79.46,29.81,0.53,5.36,5.73,23.69,-,6.93%,168.43%,13.11%,55.74%,34.45%,7.70,-3.14%,"471,087"
EELVN,4.36B,-,-,-,-,4.87,4.87,-,0.58%,-23.64%,33.56%,-15.35%,-,59.53,1.22%,"529,479"
EELVR,1.25B,-,-,-,8.53,1.91,15.39,-,-,-,-59.56%,-,-,64.99,0.20%,"21,732"
EELWT,57.33M,-,24.06,-,2.69,25.15,16.24,-,7.50%,148.65%,-,-,-,8.66,4.31%,"17,491"
EEMA,15.72B,22.19,19.70,6.06,2.54,1.72,54.79,-,5.04%,-3.03%,-3.02%,3.25%,8.50%,51.16,-0.68%,"233,503"
EEMAT,1.73B,-,279.00,-,922.77,-,321.86,-,-2075.00%,102.30%,-201.33%,-,-,2.79,-7.92%,"1,513,002"
EEMAU,-,-,-,-,-,-,-,-,-,-,-,-,-,25.54,1.37%,50
EEMB,-,-,-,-,-,-,-,-,-,-,-,-,-,94.70,-0.37%,"3,237,418"
EEMBC,290.66M,3.46,2.91,-,0.29,-,1.33,1.77,-37.80%,-3.95%,-,-12.89%,-0.10%,5.13,0.59%,"1,570,681"
EEMBD,-,-,-,-,-,-,-,-,-,-,-,-,-,23.56,-0.19%,"14,078"
EEMBJ,13.73B,31.20,23.09,0.87,1.65,3.99,6.36,15.04,42.04%,22.37%,-,26.49%,14.51%,77.15,2.35%,"1,239,602"
EEMBX,-,-,-,-,-,-,-,-,-,-,-,-,-,51.18,-0.15%,"24,995"
EEMC,-,-,-,-,-,-,-,-,-,-,-,-,-,37.29,0.64%,"4,065"
EEMCB,-,-,-,-,-,-,-,-,-,-,-,-,-,65.93,-0.09%,"6,100"
EEMCR,-,-,-,-,-,-,-,-,-,-,-,-,-,43.85,0.71%,900
EEMCS,-,-,-,-,-,-,-,-,-,-,-,-,-,45.53,1.00%,"2,333"
EEMD,614.44M,6.07,-,-,9.02,0.94,-,-,-,-,-,-,-,10.57,1.15%,"177,683"
EEMDM,-,-,-,-,-,-,-,-,-,-,-,-,-,41.71,1.12%,"3,938"
EEMDV,-,-,-,-,-,-,-,-,-,-,-,-,-,47.34,-0.42%,38
EEME,38.05B,26.76,23.47,1.40,2.05,9.36,41.16,32.48,25.65%,13.04%,63.69%,16.79%,14.07%,862.54,3.14%,"315,962"
EEMEM,-,-,-,-,-,-,-,-,-,-,-,-,-,25.98,1.03%,"9,586"
EEMEQ,-,-,-,-,-,-,-,-,-,-,-,-,-,66.41,1.78%,"70,301"
EEMES,-,-,-,-,-,-,-,-,-,-,-,-,-,28.54,1.03%,329
EEMET,-,-,-,-,-,-,-,-,-,-,-,-,-,43.41,1.76%,"1,760"
EEMF,336.63M,2.39,-,-,48.68,0.99,-,-,-,-,-,-,-,22.52,1.28%,"27,465"
EEMFI,-,-,-,-,-,-,-,-,-,-,-,-,-,50.02,-0.36%,16
EEMGF,-,-,-,-,-,-,-,-,-,-,-,-,-,72.34,1.36%,"87,187"
EEMHC,-,-,-,-,-,-,-,-,-,-,-,-,-,24.91,-0.32%,"34,421"
EEMHY,-,-,-,-,-,-,-,-,-,-,-,-,-,40.29,-0.22%,"77,185"
EEMIF,-,-,-,-,-,-,-,-,-,-,-,-,-,25.31,0.38%,"2,117"
EEMIS,160.52M,55.58,-,-,-,1.35,226.08,-,-,-,-,-,-,10.21,-0.29%,106
EEMJL,-,-,-,-,-,-,-,-,-,-,-,-,-,24.78,1.52%,6
EEMJN,-,-,-,-,-,-,-,-,-,-,-,-,-,23.20,0.88%,6
EEMKT,-,-,-,-,-,-,-,-,-,-,-,-,-,31.88,0.78%,"16,288"
EEML,151.10M,18.86,-,-,0.64,1.16,9.98,9.98,-,-,-0.57%,-,4.73%,25.11,-1.18%,"11,711"
EEMLC,-,-,-,-,-,-,-,-,-,-,-,-,-,25.63,-0.04%,"1,002,731"
EEMLP,-,-,-,-,-,-,-,-,-,-,-,-,-,44.42,-0.25%,"201,098"
EEMM,-,-,-,-,-,-,-,-,-,-,-,-,-,44.09,0.57%,"1,933"
EEMMF,-,-,-,-,-,-,-,-,-,-,-,-,-,38.39,1.14%,"7,242"
EEMMY,-,-,-,-,-,-,-,-,-,-,-,-,-,24.79,1.25%,"6,269"
EEMN,8.46B,19.27,10.74,0.88,0.95,1.39,12.24,15.70,17.48%,8.15%,3.21%,12.18%,0.70%,73.97,-0.14%,"705,755"
EEMNT,-,-,-,-,-,-,-,-,-,-,-,-,-,98.93,-0.04%,"5,430"
EEMO,1.08B,4.91,-,-,-,-,-,-,-,-,-,-,-,53.88,0.97%,"47,832"
EEMOP,-,-,-,-,-,-,-,-,-,-,-,-,-,51.31,0.79%,"62,436"
EEMOT,-,-,-,-,-,-,-,-,-,-,-,-,-,26.90,-1.12%,"3,444"
EEMPB,-,-,-,-,-,-,-,-,-,-,-,-,-,34.90,0.17%,"3,787"
EEMPD,78.71M,-,-,-,30.04,0.69,21.33,-,-,-,84.20%,-,-,2.80,-3.11%,"241,293"
EEMQQ,-,-,-,-,-,-,-,-,-,-,-,-,-,34.03,-0.61%,"18,705"
EEMR,90.39B,35.41,22.31,2.17,4.85,4.44,41.46,26.12,9.21%,10.83%,4.55%,10.26%,1.41%,162.05,-0.69%,"2,054,135"
EEMSC,-,-,-,-,-,-,-,-,-,-,-,-,-,25.58,0.28%,"5,410"
EEMSF,-,-,-,-,-,-,-,-,-,-,-,-,-,40.25,1.02%,648
EEMTY,-,-,-,-,-,-,-,-,-,-,-,-,-,23.63,1.51%,204
EEMXC,-,-,-,-,-,-,-,-,-,-,-,-,-,98.30,1.04%,"971,062"
EEMXF,-,-,-,-,-,-,-,-,-,-,-,-,-,57.08,0.43%,"5,137"
EEMXX,-,-,-,-,-,-,-,-,-,-,-,-,-,23.73,0.90%,8
EENB,110.47B,26.88,22.13,5.50,1.83,2.68,75.72,65.51,-6.80%,10.73%,16.03%,4.02%,9.97%,50.58,-0.65%,"3,733,418"
EENDW,-,-,-,-,-,-,-,-,-,-,-,-,-,35.22,0.14%,"8,102"
EENFR,-,-,-,-,-,-,-,-,-,-,-,-,-,39.50,-0.68%,"101,021"
EENGN,113.88M,-,-,-,-,0.45,0.44,-,24.58%,18.66%,-255.92%,25.67%,-,1.70,0.00%,"623,324"
EENGS,61.57M,-,-,-,8.19,283.86,1539.25,-,-,-,-,-,-,2.85,0.00%,"1,821,928"
EENHA,674.14M,-,-,-,298.29,564.36,269.66,-,77.86%,61.21%,-,-,-,1.71,-12.76%,"3,992,962"
EENHI,-,-,-,-,-,-,-,-,-,-,-,-,-,27.78,-0.04%,74
EENHU,-,-,-,-,-,-,-,-,-,-,-,-,-,28.93,-0.30%,31
EENIC,6.31B,11.19,10.68,3.09,1.45,1.19,22.75,10.82,16.00%,-0.77%,-,3.45%,6.94%,4.56,0.66%,"230,888"
EENLT,11.68B,134.01,107.12,3.03,19.96,5.45,9.06,-,-51.04%,59.29%,-,35.34%,47.38%,83.54,-2.22%,"178,301"
EENLV,26.59M,0.00,-,-,-,0.01,4.53,-,-,-,-,72.14%,-,1.58,0.00%,"174,790"
EENOR,-,-,-,-,-,-,-,-,-,-,-,-,-,36.25,0.64%,"32,949"
EENOV,1.43B,-,6.17,0.59,0.62,0.97,113.59,22.41,10.10%,10.34%,-,10.40%,-6.05%,24.74,-5.07%,"1,089,561"
EENPH,5.11B,38.30,17.30,-,3.84,4.32,5.28,33.46,-32.53%,11.84%,6.42%,-4.01%,13.72%,38.65,-4.52%,"3,665,985"
EENR,1.53B,19.03,6.62,-,0.51,7.54,8.83,10.27,-6.38%,2.54%,48.05%,-0.05%,1.47%,22.36,-1.76%,"1,111,269"
EENRD,158.93M,21.03,-,-,-,1.32,305.63,-,-,-,-,-,-,6.16,0.98%,"35,813"
EENS,7.30B,21.65,14.08,1.25,1.92,3.73,13.75,10.17,24.84%,8.99%,18.33%,11.31%,4.73%,202.34,-0.52%,"582,495"
EENSC,7.33M,-,-,-,1.63,-,10.77,-,72.61%,94.50%,-,-,5.21%,0.38,-5.83%,"2,601,122"
EENSG,10.58B,28.44,21.23,1.69,1.93,4.33,32.98,25.25,18.63%,9.73%,13.84%,12.53%,16.50%,181.53,-0.07%,"238,504"
EENTA,373.68M,-,-,-,5.73,3.70,1.97,-,36.58%,11.00%,-16.17%,16.86%,-11.81%,12.83,-2.51%,"314,792"
EENTG,24.92B,81.68,32.22,1.03,7.49,5.99,70.48,43.32,42.47%,29.19%,-6.49%,31.32%,11.45%,163.09,0.82%,"1,594,998"
EENTL,-,-,-,-,-,-,-,-,-,-,-,-,-,10.05,1.68%,"7,382"
EENTX,502.11M,-,-,-,-,19.67,27.24,-,-36.00%,-67.65%,16.47%,-,-35.11%,2.90,0.35%,"305,878"
EENVA,6.57B,19.57,12.24,0.45,1.91,4.39,14.12,3.36,33.80%,24.32%,-0.31%,27.43%,23.80%,263.91,-0.58%,"324,437"
EENVB,5.45M,-,-,-,-,0.72,0.66,-,-,-,67.96%,-,-,1.48,-3.58%,"51,220"
EENVX,788.92M,-,-,-,21.99,3.75,1.66,-,-4.81%,-4.24%,11.35%,32.24%,-,3.60,-18.11%,"34,090,598"
EENZL,-,-,-,-,-,-,-,-,-,-,-,-,-,47.12,-0.46%,"60,380"
EEO,-,-,-,-,-,-,-,-,-,-,-,-,-,9.19,-3.99%,13
EEOCT,-,-,-,-,-,-,-,-,-,-,-,-,-,34.91,0.15%,"2,297"
EEOD,289.83M,3.76,-,-,-,-,-,-,-,-,-,-,-,6.73,0.15%,"36,712"
EEOG,76.66B,11.37,10.17,0.75,2.87,2.41,15.62,11.58,62.91%,-13.14%,-,13.60%,17.92%,146.15,2.48%,"2,037,166"
EEOI,827.01M,8.55,-,-,130.16,1.03,-,-,-,-,-,-,-,20.17,0.35%,"66,078"
EEOLS,513.21M,-,36.71,-,1.62,-,11.36,-,77.61%,315.26%,30.19%,-,39.36%,7.77,-4.72%,"614,480"
EEONR,24.98M,-,-,-,1.44,0.37,28.39,-,-,-,-,-,-,0.50,4.82%,"841,225"
EEOS,1.17B,7.38,-,-,181.53,0.90,-,-,-,-,-,-,-,21.99,0.14%,"147,446"
EEOSE,1.43B,-,-,-,6.68,-,4.10,-,85.17%,70.40%,-35.89%,-,249.50%,3.93,-2.24%,"22,206,545"
EEOSU,-,-,-,-,-,-,-,-,-,-,-,-,-,8.56,-5.89%,"69,782"
EEOT,272.50M,24.22,-,-,-,-,-,-,-,-,-,-,-,17.44,0.21%,"32,018"
EEP,109.82M,-,-,-,3.11,15.68,35.20,-,-,-,6.51%,-,41.69%,2.76,-0.72%,"19,682"
EEPAC,1.90B,20.96,18.00,2.39,2.99,4.47,16.39,16.88,3.04%,10.46%,169.38%,7.52%,4.57%,37.08,0.38%,"268,956"
EEPAI,-,-,-,-,-,-,-,-,-,-,-,-,-,29.21,1.48%,308
EEPAM,5.09B,13.37,7.00,0.72,0.91,1.45,6.45,10.55,14.29%,7.30%,3.71%,9.68%,15.46%,98.73,-1.76%,"1,215,233"
EEPC,1.29B,-,13.94,-,0.63,0.89,3.26,24.68,-23.60%,4.53%,-15.49%,-6.09%,2.66%,28.06,-1.27%,"436,945"
EEPD,83.38B,13.42,12.05,1.32,1.43,2.76,83.05,23.67,11.01%,8.47%,9.13%,9.14%,14.32%,38.61,-0.75%,"2,816,327"
EEPEM,-,-,-,-,-,-,-,-,-,-,-,-,-,30.03,0.32%,149
EEPHE,-,-,-,-,-,-,-,-,-,-,-,-,-,25.46,-0.66%,"242,756"
EEPI,-,-,-,-,-,-,-,-,-,-,-,-,-,42.89,-0.30%,"389,416"
EEPIN,-,-,-,-,-,-,-,-,-,-,-,-,-,29.31,0.10%,239
EEPM,137.03M,-,229.15,-,1.65,2.34,52.30,-,-722.22%,108.93%,-28.66%,-,23.73%,3.82,1.60%,"181,001"
EEPMB,-,-,-,-,-,-,-,-,-,-,-,-,-,27.13,-0.46%,28
EEPMV,-,-,-,-,-,-,-,-,-,-,-,-,-,27.39,-0.36%,22
EEPOL,-,-,-,-,-,-,-,-,-,-,-,-,-,43.96,-1.10%,"201,788"
EEPOW,26.74M,-,-,-,0.58,-,0.95,-,-,-,-,-,14.90%,0.49,-7.88%,"581,805"
EEPP,-,-,-,-,-,-,-,-,-,-,-,-,-,57.03,-0.04%,"199,588"
EEPR,4.63B,19.41,19.76,-,6.24,2.01,225.10,10.51,-7.02%,0.39%,-,-0.53%,11.87%,60.50,-1.22%,"632,861"
EEPRF,-,-,-,-,-,-,-,-,-,-,-,-,-,16.61,-0.66%,"5,985"
EEPRT,6.79B,24.20,21.84,4.76,10.89,1.53,50.59,-,3.50%,7.61%,402.11%,4.59%,28.08%,31.14,0.26%,"1,299,509"
EEPRX,449.51M,-,-,-,-,4.39,3.36,-,14.68%,-14.37%,-34.75%,-3.74%,-,6.82,1.49%,"127,282"
EEPS,-,-,-,-,-,-,-,-,-,-,-,-,-,81.28,-0.48%,"28,436"
EEPSB,-,-,-,-,-,-,-,-,-,-,-,-,-,28.22,-0.32%,31
EEPSM,3.78M,-,-,-,0.74,1.66,1.87,-,-,-,-,-,-23.67%,1.42,-4.70%,"11,139"
EEPSN,171.10M,-,-,-,2.53,1.32,15.32,14.69,-,-,-,-,16.13%,5.65,1.25%,"146,847"
EEPSV,-,-,-,-,-,-,-,-,-,-,-,-,-,31.80,-0.08%,188
EEPU,-,-,-,-,-,-,-,-,-,-,-,-,-,89.19,0.57%,"14,444"
EEPV,-,-,-,-,-,-,-,-,-,-,-,-,-,16.92,0.66%,"8,354"
EEQ,157.25M,-,-,-,-,2.81,2.75,-,47.44%,-11.71%,23.22%,11.40%,-,2.48,5.08%,"261,498"
EEQAL,-,-,-,-,-,-,-,-,-,-,-,-,-,61.54,-0.51%,"23,074"
EEQBK,1.06B,30.85,9.78,-,2.79,1.28,-,26.85,279.79%,12.42%,-,-,11.67%,51.37,-0.52%,"86,817"
EEQH,13.96B,-,5.68,0.24,1.19,-,-,13.10,27.19%,25.39%,-25.44%,23.30%,-0.54%,51.13,-3.69%,"1,471,455"
EEQIN,-,-,-,-,-,-,-,-,-,-,-,-,-,54.29,-0.75%,"22,418"
EEQIX,108.30B,70.64,58.07,3.93,11.05,7.53,48.68,-,25.80%,9.18%,26.89%,14.77%,8.96%,1097.61,-0.41%,"750,233"
EEQL,-,-,-,-,-,-,-,-,-,-,-,-,-,52.25,-0.48%,"30,245"
EEQLT,-,-,-,-,-,-,-,-,-,-,-,-,-,39.71,0.57%,"1,028"
EEQNR,99.98B,11.38,10.64,0.77,0.88,2.43,4.21,10.42,110.42%,-24.35%,-,13.85%,18.29%,41.82,2.58%,"2,885,358"
EEQPT,5.42B,276.52,29.69,-,1.09,4.47,10.20,-,4227.20%,66.78%,-,-,-,21.43,3.88%,"2,486,082"
EEQQQ,-,-,-,-,-,-,-,-,-,-,-,-,-,43.79,-0.94%,"2,999"
EEQR,23.87B,27.94,40.62,-,7.56,2.27,655.56,19.76,-54.53%,17.23%,5.27%,-14.56%,3.91%,63.66,-3.50%,"17,443,421"
EEQRR,-,-,-,-,-,-,-,-,-,-,-,-,-,87.22,-0.24%,"3,452"
EEQS,15.65M,-,-,-,97.79,0.94,71.12,-,-,-,-2.59%,-,-,1.12,-2.51%,"4,755"
EEQT,33.16B,12.30,13.16,0.65,3.50,1.31,293.80,8.81,38.18%,-4.45%,-,20.39%,25.73%,53.01,-2.59%,"8,623,924"
EEQTY,-,-,-,-,-,-,-,-,-,-,-,-,-,29.70,-0.94%,"23,395"
EEQWL,-,-,-,-,-,-,-,-,-,-,-,-,-,134.22,-0.82%,"69,800"
EEQX,13.76B,13.52,8.12,0.21,4.40,1.46,28.58,176.60,70.83%,26.83%,27.35%,38.33%,16.54%,11.79,1.64%,"9,175,753"
EERAS,6.39B,-,-,-,-,15.79,23.79,-,-119.21%,39.15%,12.46%,-19.06%,-,18.28,-0.54%,"2,224,690"
EERC,258.38M,9.69,-,-,9.14,0.94,-,-,-,-,-,-,-,9.21,-0.54%,"39,506"
EERET,-,-,-,-,-,-,-,-,-,-,-,-,-,29.17,-0.57%,616
EERH,102.36M,4.62,-,-,17.56,0.83,-,-,-,-,-,-,-,11.59,-0.43%,"33,288"
EERIC,30.96B,13.01,15.39,-,1.27,3.13,5.54,9.49,-40.08%,16.73%,8.75%,-8.28%,-0.90%,10.17,-0.97%,"7,479,912"
EERIE,11.54B,22.62,-,-,2.80,4.68,33.29,20.86,18.62%,-,13.78%,-,9.90%,247.75,-3.22%,"232,228"
EERII,415.50M,28.86,35.39,44.80,3.45,2.42,4.46,10.76,-132.38%,269.12%,-1.87%,0.79%,2.56%,8.14,-2.51%,"1,177,645"
EERNA,6.63M,-,-,-,-,1.48,1.32,-,67.76%,89.68%,69.90%,71.68%,-,4.06,-4.92%,"27,709"
EERO,3.64B,11.78,7.41,0.28,3.49,3.00,35.79,23.18,85.41%,19.83%,33.60%,26.83%,19.38%,34.91,3.28%,"995,191"
EEROC,3.82B,-,-,-,-,17.03,6.09,-,-,-,-,-,-,17.40,4.07%,"5,026,987"
EEROK,3.32B,-,-,-,-,1.91,53.78,-,-,-,-,-,-,25.63,2.44%,"148,267"
EERTH,-,-,-,-,-,-,-,-,-,-,-,-,-,47.19,-0.52%,"1,692"
EERX,-,-,-,-,-,-,-,-,-,-,-,-,-,104.05,2.11%,"229,306"
EERY,-,-,-,-,-,-,-,-,-,-,-,-,-,9.33,-2.10%,"1,564,880"
EES,27.09B,18.62,14.62,4.31,1.93,1.66,14.89,90.98,-2.32%,5.81%,5.15%,3.39%,8.75%,71.91,-0.62%,"2,291,200"
EESAB,5.11B,29.58,12.72,1.10,1.70,2.16,23.48,25.97,3.30%,18.35%,7.02%,11.54%,7.83%,82.13,-3.16%,"961,526"
EESBA,1.27B,251.11,-,-,1.62,0.75,9.88,12.20,-,-,-,-,4.75%,4.52,-1.74%,"2,721"
EESBG,-,-,-,-,-,-,-,-,-,-,-,-,-,22.11,0.49%,"5,105"
EESCA,278.90M,12.17,-,-,1.14,1.53,17.02,10.76,57.58%,-,-11.52%,-,-2.58%,20.26,0.97%,"49,468"
EESE,7.98B,56.18,33.06,1.59,6.18,4.93,108.95,38.49,38.52%,11.55%,41.77%,20.76%,8.44%,308.01,0.70%,"172,267"
EESEA,544.47M,3.97,4.69,7.82,2.40,1.05,2.77,6.10,-9.18%,-8.18%,102.30%,0.60%,33.72%,77.17,4.57%,"60,757"
EESG,-,-,-,-,-,-,-,-,-,-,-,-,-,182.66,-0.36%,405
EESGD,-,-,-,-,-,-,-,-,-,-,-,-,-,107.55,-0.16%,"196,364"
EESGE,-,-,-,-,-,-,-,-,-,-,-,-,-,54.08,0.99%,"487,237"
EESGG,-,-,-,-,-,-,-,-,-,-,-,-,-,242.36,-0.19%,171
EESGU,-,-,-,-,-,-,-,-,-,-,-,-,-,169.26,-0.47%,"179,059"
EESGV,-,-,-,-,-,-,-,-,-,-,-,-,-,136.63,-0.61%,"176,412"
EESI,9.56B,53.44,18.82,1.13,3.03,3.40,50.41,69.41,21.76%,14.84%,21.04%,16.59%,6.60%,39.22,1.06%,"2,660,195"
EESIM,-,-,-,-,-,-,-,-,-,-,-,-,-,29.66,0.02%,"108,668"
EESLA,33.07M,-,-,-,-,-,220.46,-,-,-,-70.08%,-,-,0.76,5.12%,"96,837"
EESLG,-,-,-,-,-,-,-,-,-,-,-,-,-,29.36,-0.54%,"1,545"
EESLT,36.68B,59.00,44.16,2.11,4.29,8.32,38.10,50.72,30.73%,19.06%,16.19%,20.93%,11.25%,782.84,-0.10%,"71,850"
EESLV,-,-,-,-,-,-,-,-,-,-,-,-,-,29.47,-0.31%,"3,354"
EESML,-,-,-,-,-,-,-,-,-,-,-,-,-,56.63,-0.02%,"90,535"
EESMV,-,-,-,-,-,-,-,-,-,-,-,-,-,31.61,-0.72%,270
EESN,-,-,-,-,-,-,-,-,-,-,-,-,-,20.59,-0.72%,"105,465"
EESNT,6.24B,9.69,9.00,1.86,4.81,1.10,-,7.56,7.99%,3.55%,12.18%,4.84%,5.73%,69.43,-0.20%,"485,305"
EESOA,243.32M,21.56,16.00,-,0.52,2.89,16.57,45.06,2900.00%,35.83%,-28.64%,-,28.09%,13.04,1.64%,"130,097"
EESP,192.43M,16.94,17.31,2.66,4.55,3.20,4.12,43.63,18.93%,-1.59%,44.13%,6.51%,6.87%,64.23,0.22%,"25,058"
EESPO,-,-,-,-,-,-,-,-,-,-,-,-,-,98.01,-1.77%,"10,064"
EESQ,1.50B,20.49,14.65,-,8.35,3.42,-,22.63,18.23%,22.05%,28.87%,-,25.29%,124.09,-3.10%,"200,386"
EESRT,806.80M,258.89,-,-,1.03,0.77,6.29,7.77,-,-,-,-,4.75%,4.66,-1.89%,"1,464,884"
EESS,18.81B,44.05,45.51,-,9.76,3.42,283.54,15.83,-44.96%,8.67%,3.69%,-13.51%,4.76%,283.06,-1.55%,"313,493"
EESSC,-,-,-,-,-,-,-,-,-,-,-,-,-,31.42,-0.37%,"1,195"
EESTA,2.28B,-,-,-,9.29,105.65,32.09,-,30.13%,98.71%,-1.07%,-,20.04%,76.62,-3.59%,"414,184"
EESTC,8.67B,23.85,21.66,0.96,4.99,6.85,6.32,26.95,26.20%,18.77%,-,22.56%,23.37%,83.44,-3.74%,"3,442,743"
EESUM,-,-,-,-,-,-,-,-,-,-,-,-,-,31.53,-0.46%,"52,135"
EET,72.10B,14.35,12.31,0.87,0.67,2.25,70.69,13.60,35.72%,3.56%,-,14.13%,17.04%,20.94,-0.52%,"5,345,553"
EETB,457.95M,7.64,-,-,74.20,0.95,-,-,-,-,-,-,-,15.59,0.58%,"42,410"
EETCO,-,-,-,-,-,-,-,-,-,-,-,-,-,8.40,1.07%,"9,246"
EETD,579.41M,14.60,18.22,-,1.00,1.22,4.35,12.96,-22.36%,0.00%,-8.01%,-,-3.29%,22.77,-0.31%,"496,935"
EETEC,-,-,-,-,-,-,-,-,-,-,-,-,-,27.63,0.49%,295
EETFT,-,-,-,-,-,-,-,-,-,-,-,-,-,10.01,-1.44%,146
EETG,1.85B,3.79,-,-,21.44,0.99,-,-,-,-,-,-,-,24.28,-0.61%,"86,107"
EETH,-,-,-,-,-,-,-,-,-,-,-,-,-,18.19,1.45%,"1,334,314"
EETHA,-,-,-,-,-,-,-,-,-,-,-,-,-,14.40,1.55%,"25,789,666"
EETHB,-,-,-,-,-,-,-,-,-,-,-,-,-,24.54,1.57%,"289,976"
EETHD,-,-,-,-,-,-,-,-,-,-,-,-,-,57.09,-2.94%,"222,250"
EETHE,-,-,-,-,-,-,-,-,-,-,-,-,-,15.36,1.45%,"1,595,724"
EETHO,-,-,-,-,-,-,-,-,-,-,-,-,-,83.26,-0.45%,"2,218"
EETHT,-,-,-,-,-,-,-,-,-,-,-,-,-,10.43,2.86%,"2,097,218"
EETHU,-,-,-,-,-,-,-,-,-,-,-,-,-,16.15,2.83%,"3,314,439"
EETHV,-,-,-,-,-,-,-,-,-,-,-,-,-,27.87,1.53%,"36,229"
EETHW,-,-,-,-,-,-,-,-,-,-,-,-,-,13.63,1.41%,"594,279"
EETJ,570.05M,11.60,-,-,-,-,-,-,-,-,-,-,-,8.47,0.24%,"94,331"
EETN,176.88B,46.34,28.45,1.81,5.89,8.73,254.50,44.96,12.02%,18.37%,24.52%,15.72%,8.98%,455.40,0.86%,"1,605,437"
EETNG,-,-,-,-,-,-,-,-,-,-,-,-,-,16.17,2.01%,"15,767"
EETO,523.44M,3.82,-,-,21.02,0.97,-,-,-,-,-,-,-,31.94,-0.50%,"9,371"
EETON,1.76B,163.22,25.11,0.22,16.71,37.49,65.74,119.79,260.41%,94.87%,33.66%,114.21%,359.57%,61.73,4.88%,"1,284,908"
EETOR,2.28B,10.36,9.15,0.54,2.35,1.71,1.88,8.14,13.68%,19.11%,-,16.96%,-,28.12,-1.61%,"1,824,582"
EETR,50.64B,27.75,21.28,1.52,3.76,2.78,13.14,-,12.46%,15.95%,2.50%,13.97%,5.38%,108.52,0.63%,"1,722,345"
EETS,-,-,-,-,-,-,-,-,-,-,-,-,-,1.13,2.26%,"48,138"
EETSS,197.40M,493.50,-,-,-,1.35,263.20,-,-,-,-,-,-,9.87,0.00%,9
EETSY,7.20B,46.13,17.24,0.31,2.52,-,6.41,11.47,140.62%,35.99%,-12.32%,55.60%,10.81%,78.41,-1.86%,"2,773,489"
EETTY,-,-,-,-,-,-,-,-,-,-,-,-,-,8.53,2.03%,836
EETU,-,-,-,-,-,-,-,-,-,-,-,-,-,4.26,2.65%,"69,701"
EETV,1.76B,7.95,-,-,88.43,0.96,-,-,-,-,-,-,-,15.10,0.40%,"144,283"
EETW,1.07B,5.72,-,-,53.27,0.96,-,-,-,-,-,-,-,9.84,0.51%,"261,474"
EETX,199.29M,23.45,-,-,-,-,-,-,-,-,-,-,-,18.29,0.00%,"5,860"
EETY,2.33B,5.26,-,-,124.16,0.94,-,-,-,-,-,-,-,14.61,-0.07%,"211,068"
EEU,219.54M,-,-,-,5.09,0.92,2.29,-,-19.43%,59.56%,-56.13%,-,-,1.13,-6.61%,"4,269,967"
EEUAD,-,-,-,-,-,-,-,-,-,-,-,-,-,47.84,-0.10%,"96,715"
EEUDA,43.38M,-,-,-,6.36,-,123.95,-,-,-,-,-,-8.35%,14.49,2.24%,980
EEUDG,-,-,-,-,-,-,-,-,-,-,-,-,-,39.76,-0.48%,"2,889"
EEUDV,-,-,-,-,-,-,-,-,-,-,-,-,-,54.57,-0.56%,24
EEUFN,-,-,-,-,-,-,-,-,-,-,-,-,-,42.48,-0.21%,"666,972"
EEUHY,-,-,-,-,-,-,-,-,-,-,-,-,-,53.48,-0.10%,"14,442"
EEUIG,-,-,-,-,-,-,-,-,-,-,-,-,-,49.81,-0.14%,111
EEUM,-,-,-,-,-,-,-,-,-,-,-,-,-,15.69,-1.10%,"42,344"
EEUO,-,-,-,-,-,-,-,-,-,-,-,-,-,30.06,-0.18%,"14,183"
EEURK,25.52M,321.53,-,-,-,-,1276.00,-,-,-,-,-,-,11.80,0.00%,12
EEURL,-,-,-,-,-,-,-,-,-,-,-,-,-,51.00,-0.71%,"17,938"
EEUSA,-,-,-,-,-,-,-,-,-,-,-,-,-,118.64,-0.78%,"37,001"
EEUSB,-,-,-,-,-,-,-,-,-,-,-,-,-,42.78,-0.15%,"58,195"
EEUV,-,-,-,-,-,-,-,-,-,-,-,-,-,27.80,3.54%,"961,814"
EEUVX,-,-,-,-,-,-,-,-,-,-,-,-,-,19.42,7.12%,"16,564"
EEVAC,599.97M,35.70,-,-,-,1.30,540.52,-,-,-,-,-,-,10.27,0.05%,584
EEVAX,26.10M,-,-,-,3.48,1.98,1.42,-,50.00%,-,51.86%,-,-,3.13,-6.29%,"18,329"
EEVC,818.23M,407.80,-,-,1.20,9.82,9.72,15.15,-,-,-79.36%,-,5.40%,8.89,-1.33%,"1,485,992"
EEVCM,1.79B,52.37,13.18,6.25,3.00,2.51,13.45,24.37,-3.66%,5.36%,-,2.11%,11.78%,10.16,-0.29%,"186,250"
EEVER,833.42M,7.70,10.87,-,1.10,3.25,4.33,8.76,-25.03%,10.40%,-,-3.41%,14.83%,23.65,-3.15%,"484,016"
EEVEX,926.98M,-,-,-,-,40.60,2.30,-,5.50%,16.34%,-3.78%,10.48%,-,2.66,-2.56%,"689,798"
EEVF,90.67M,24.95,-,-,5.97,0.84,-,-,-,-,-,-,-,4.99,-0.04%,"32,550"
EEVG,144.12M,10.30,-,-,12.05,0.95,-,-,-,-,-,-,-,10.71,0.00%,"92,139"
EEVGN,8.85M,-,-,-,4.81,-,0.68,-,-57.76%,52.94%,33.52%,20.08%,29.94%,0.56,-6.79%,"345,904"
EEVGO,487.50M,-,-,-,1.21,-,2.66,-,-48.85%,21.67%,-54.67%,3.34%,-,1.55,-6.06%,"3,023,123"
EEVH,498.59M,-,12.66,0.17,0.24,1.30,3.60,20.48,92.04%,101.58%,-5.21%,74.58%,15.20%,4.41,-5.77%,"3,589,859"
EEVHY,-,-,-,-,-,-,-,-,-,-,-,-,-,52.25,-0.02%,"1,604"
EEVI,199.47M,34.80,17.03,-,0.46,1.37,46.17,19.52,8.16%,71.70%,52.81%,-,10.58%,15.50,-5.43%,"76,932"
EEVIM,-,-,-,-,-,-,-,-,-,-,-,-,-,52.51,-0.24%,"13,967"
EEVLN,-,-,-,-,-,-,-,-,-,-,-,-,-,48.79,-0.04%,"98,966"
EEVLU,-,-,-,-,-,-,-,-,-,-,-,-,-,41.48,0.33%,"1,719"
EEVLV,990.76M,-,-,-,5.78,8.32,15.63,-,-2.50%,29.27%,42.26%,-,98.08%,5.47,-5.69%,"2,238,780"
EEVMN,517.16M,-,-,-,51.72,1.86,2.58,-,69.90%,-1.88%,-,31.71%,-,14.25,-2.73%,"333,183"
EEVMO,-,-,-,-,-,-,-,-,-,-,-,-,-,49.76,-0.06%,"46,141"
EEVMT,-,-,-,-,-,-,-,-,-,-,-,-,-,17.83,0.08%,151
EEVMU,-,-,-,-,-,-,-,-,-,-,-,-,-,19.09,2.82%,"8,172"
EEVN,429.57M,11.57,-,-,13.83,1.00,-,-,-,-,-,-,-,10.76,-1.28%,"102,422"
EEVNT,-,-,-,-,-,-,-,-,-,-,-,-,-,12.35,-0.36%,"2,533"
EEVO,696.15M,-,-,-,0.83,0.91,1.31,-,-119.83%,75.31%,-,-,9.27%,1.96,0.00%,"30,212"
EEVOX,322.72M,-,-,-,-,1.36,384.19,-,-,-,-,-,-,10.09,0.00%,"13,402"
EEVPF,-,-,-,-,-,-,-,-,-,-,-,-,-,49.73,-0.33%,"19,252"
EEVR,11.66B,17.14,13.42,0.68,2.46,6.27,4.85,7.26,34.25%,15.58%,11.30%,19.70%,11.12%,303.18,-1.37%,"418,212"
EEVRG,19.35B,21.26,18.40,2.04,3.20,1.89,755.74,-,11.11%,7.16%,6.15%,9.04%,3.80%,83.93,-0.12%,"2,032,757"
EEVSB,-,-,-,-,-,-,-,-,-,-,-,-,-,50.88,-0.02%,"32,849"
EEVSD,-,-,-,-,-,-,-,-,-,-,-,-,-,50.87,-0.02%,"160,754"
EEVSM,-,-,-,-,-,-,-,-,-,-,-,-,-,50.18,-0.07%,"84,930"
EEVT,2.19B,4.60,-,-,34.83,1.03,-,-,-,-,-,-,-,29.42,0.03%,"75,232"
EEVTC,1.82B,19.84,6.94,0.67,1.82,2.83,6.25,8.71,10.45%,9.50%,8.98%,10.37%,12.79%,30.39,-3.74%,"600,971"
EEVTL,102.10M,-,-,-,-,-,1.54,-,-73.09%,20.23%,-,-11.16%,-,0.80,-3.33%,"10,336,283"
EEVTR,-,-,-,-,-,-,-,-,-,-,-,-,-,50.08,-0.18%,"515,683"
EEVUS,-,-,-,-,-,-,-,-,-,-,-,-,-,37.06,-0.86%,"32,337"
EEVV,1.06B,14.73,-,-,7.80,0.90,-,-,-,-,-,-,-,9.13,-0.22%,"252,043"
EEVX,-,-,-,-,-,-,-,-,-,-,-,-,-,41.66,-0.20%,"2,140"
EEVYM,-,-,-,-,-,-,-,-,-,-,-,-,-,50.02,-0.27%,"10,410"
EEW,52.34B,53.89,26.84,1.91,8.04,4.93,12.30,36.51,17.18%,12.79%,6.79%,14.03%,6.70%,90.81,-0.86%,"2,246,580"
EEWA,-,-,-,-,-,-,-,-,-,-,-,-,-,29.55,-0.34%,"938,404"
EEWAV,-,-,-,-,-,-,-,-,-,-,-,-,-,9.83,-0.10%,"17,450"
EEWBC,18.57B,13.01,11.96,1.45,3.97,2.01,-,9.97,11.70%,6.52%,19.12%,8.25%,21.14%,135.52,-0.79%,"691,729"
EEWC,-,-,-,-,-,-,-,-,-,-,-,-,-,62.18,-0.08%,"5,877,066"
EEWD,-,-,-,-,-,-,-,-,-,-,-,-,-,52.47,-0.81%,"86,289"
EEWG,-,-,-,-,-,-,-,-,-,-,-,-,-,43.96,-0.45%,"342,748"
EEWH,-,-,-,-,-,-,-,-,-,-,-,-,-,22.49,0.45%,"1,637,736"
EEWI,-,-,-,-,-,-,-,-,-,-,-,-,-,63.08,-0.30%,"192,102"
EEWJ,-,-,-,-,-,-,-,-,-,-,-,-,-,98.17,-0.04%,"2,643,134"
EEWJV,-,-,-,-,-,-,-,-,-,-,-,-,-,47.88,-0.30%,"52,957"
EEWK,-,-,-,-,-,-,-,-,-,-,-,-,-,27.06,1.74%,"11,985"
EEWL,-,-,-,-,-,-,-,-,-,-,-,-,-,62.92,-0.55%,"487,698"
EEWM,-,-,-,-,-,-,-,-,-,-,-,-,-,28.11,0.39%,"130,045"
EEWN,-,-,-,-,-,-,-,-,-,-,-,-,-,71.50,-0.15%,"110,676"
EEWO,-,-,-,-,-,-,-,-,-,-,-,-,-,43.86,-0.97%,"25,736"
EEWP,-,-,-,-,-,-,-,-,-,-,-,-,-,62.40,-0.72%,"172,846"
EEWQ,-,-,-,-,-,-,-,-,-,-,-,-,-,47.14,-0.70%,"363,907"
EEWS,-,-,-,-,-,-,-,-,-,-,-,-,-,33.92,0.71%,"932,713"
EEWT,-,-,-,-,-,-,-,-,-,-,-,-,-,107.80,0.68%,"3,191,138"
EEWTX,4.78B,-,-,-,-,10.59,10.38,-,-26.00%,21.71%,-36.19%,-4.00%,-,44.04,-0.29%,"798,408"
EEWU,-,-,-,-,-,-,-,-,-,-,-,-,-,48.16,-0.21%,"938,187"
EEWUS,-,-,-,-,-,-,-,-,-,-,-,-,-,45.57,-0.82%,"2,368"
EEWV,-,-,-,-,-,-,-,-,-,-,-,-,-,15.94,0.12%,"6,117"
EEWW,-,-,-,-,-,-,-,-,-,-,-,-,-,74.91,-0.13%,"851,421"
EEWX,-,-,-,-,-,-,-,-,-,-,-,-,-,72.68,1.10%,"6,776"
EEWY,-,-,-,-,-,-,-,-,-,-,-,-,-,185.10,2.98%,"18,325,814"
EEWZ,-,-,-,-,-,-,-,-,-,-,-,-,-,33.97,0.12%,"14,386,819"
EEWZS,-,-,-,-,-,-,-,-,-,-,-,-,-,12.02,1.01%,"547,868"
EEXC,47.04B,16.70,15.00,2.70,1.86,1.58,19.43,-,3.16%,6.28%,6.36%,5.56%,-6.24%,45.57,-0.63%,"4,994,038"
EEXE,21.80B,8.13,10.83,0.60,1.73,1.14,15.96,8.81,49.36%,-4.59%,-,18.19%,20.35%,94.18,-0.64%,"2,855,163"
EEXEL,12.96B,16.43,13.06,0.89,5.32,7.06,15.44,11.06,13.68%,14.41%,51.19%,14.75%,18.63%,52.32,2.11%,"2,372,576"
EEXFY,206.99M,-,22.70,0.83,1.50,1.55,2.41,10.39,106.89%,-16.67%,-61.50%,27.42%,10.04%,2.27,-1.30%,"911,656"
EEXG,3.06B,4.48,-,-,-,-,-,-,-,-,-,-,-,10.00,0.20%,"552,263"
EEXI,-,-,-,-,-,-,-,-,-,-,-,-,-,206.45,-0.19%,"18,845"
EEXK,3.00B,57.26,9.99,-,4.07,4.22,12.34,-,3928.57%,32.56%,-,-,27.39%,10.14,-4.88%,"14,188,870"
EEXLS,5.24B,21.78,13.31,0.87,2.34,6.05,17.65,19.05,17.37%,13.48%,24.43%,15.25%,16.85%,34.56,-0.73%,"2,428,009"
EEXOD,199.34M,-,21.52,-,1.83,0.99,0.55,-,-389.74%,116.06%,-,-,41.73%,6.60,-15.06%,"145,977"
EEXOZ,55.97M,-,-,-,-,15.32,9.91,-,-,-,-74.96%,-,-,6.03,3.61%,"11,422"
EEXP,6.30B,16.26,14.32,1.63,2.71,4.26,26.99,36.97,-8.32%,13.26%,10.77%,8.81%,7.31%,205.51,-1.44%,"252,363"
EEXPD,24.47B,27.39,23.58,2.24,2.03,11.55,23.73,26.49,29.46%,3.63%,7.86%,10.55%,2.92%,188.27,1.16%,"717,293"
EEXPE,38.23B,19.86,13.25,0.65,2.43,31.61,4.01,8.57,30.73%,15.92%,-,20.49%,23.16%,318.50,-4.27%,"2,251,814"
EEXPN,-,-,-,-,-,-,-,-,-,-,-,-,-,25.92,0.99%,21
EEXPO,3.15B,29.72,25.31,2.34,4.98,10.90,47.23,28.99,11.42%,13.39%,5.97%,10.80%,7.79%,66.19,-1.36%,"414,158"
EEXR,32.41B,32.89,30.41,8.33,9.41,2.34,46.62,18.43,0.36%,4.86%,4.33%,3.65%,20.02%,146.89,-0.68%,"731,387"
EEXTR,3.18B,77.32,15.97,0.92,2.47,35.96,14.99,29.63,23.12%,16.49%,83.02%,17.44%,4.92%,24.28,-0.53%,"1,386,811"
EEXUS,-,-,-,-,-,-,-,-,-,-,-,-,-,29.34,0.76%,"4,349"
EEXYN,19.49M,-,-,-,-,-,17.72,-,-,-,-,-,-,2.45,-9.59%,"171,861"
EEYE,1.46B,29.85,15.31,0.67,0.72,1.63,40.57,29.76,25.67%,20.01%,-3.46%,22.73%,3.03%,18.47,-4.30%,"1,392,965"
EEYEG,-,-,-,-,-,-,-,-,-,-,-,-,-,34.46,-0.27%,30
EEYES,-,-,-,-,-,-,-,-,-,-,-,-,-,29.54,-2.17%,"3,023"
EEYLD,-,-,-,-,-,-,-,-,-,-,-,-,-,47.91,0.71%,"54,410"
EEYPT,419.85M,-,-,-,150.49,2.49,2.33,-,-17.84%,28.10%,2.18%,23.62%,-1.85%,4.87,-66.98%,"52,268,276"
EEZA,-,-,-,-,-,-,-,-,-,-,-,-,-,68.19,0.98%,"63,135"
EEZBC,-,-,-,-,-,-,-,-,-,-,-,-,-,37.14,2.24%,"140,975"
EEZET,-,-,-,-,-,-,-,-,-,-,-,-,-,14.45,1.55%,"58,660"
EEZGO,2.20M,-,-,-,0.11,0.00,4.23,-,-,-,-,-,6.09%,0.95,-16.96%,"119,958"
EEZJ,-,-,-,-,-,-,-,-,-,-,-,-,-,70.81,-0.00%,"32,315"
EEZM,-,-,-,-,-,-,-,-,-,-,-,-,-,77.34,-0.37%,"11,780"
EEZMO,-,-,-,-,-,-,-,-,-,-,-,-,-,26.80,0.19%,"1,007"
EEZPW,1.80B,14.89,13.54,0.70,1.14,1.55,5.75,12.65,41.76%,6.69%,-,19.24%,9.14%,29.29,-0.68%,"850,830"
EEZPZ,-,-,-,-,-,-,-,-,-,-,-,-,-,15.94,1.92%,"4,209"
EEZRA,2.22M,-,-,-,0.20,0.27,1.23,-,-,-,85.39%,-,11.24%,2.21,-10.16%,"117,858"
EEZRO,-,-,-,-,-,-,-,-,-,-,-,-,-,25.30,0.24%,"1,665"
EEZU,-,-,-,-,-,-,-,-,-,-,-,-,-,71.88,-0.15%,"649,430"
FF,56.03B,-,7.18,0.28,0.30,1.66,1.79,7.70,69.73%,5.83%,-44.90%,25.60%,8.05%,14.05,-2.23%,"31,475,854"
FFA,3.49B,140.39,13.49,0.70,2.10,2.69,14.65,17.84,22.62%,17.96%,18.22%,19.17%,25.33%,20.30,-5.93%,"2,600,067"
FFAAA,-,-,-,-,-,-,-,-,-,-,-,-,-,50.36,0.06%,"35,543"
FFAAR,-,-,-,-,-,-,-,-,-,-,-,-,-,31.11,0.66%,"31,494"
FFAB,-,-,-,-,-,-,-,-,-,-,-,-,-,107.20,-0.90%,"18,678"
FFABC,19.16M,-,-,-,-,1.72,0.72,-,-,-,18.53%,-,-,2.88,1.77%,"474,442"
FFAC,525.48M,-,-,-,-,6.18,4.66,-,-,-,-,-,-,4.91,-4.84%,"368,706"
FFACT,259.75M,67.70,-,-,-,1.46,1527.96,-,-,-,-,-,-,10.67,0.09%,229
FFAD,-,-,-,-,-,-,-,-,-,-,-,-,-,194.18,0.05%,"9,974"
FFAF,7.47B,10.13,10.14,-,0.94,1.33,-,8.98,16.03%,3.68%,-0.54%,-,1.01%,73.18,-0.92%,"396,507"
FFAI,-,-,-,-,-,-,-,-,-,-,-,-,-,54.71,-0.63%,"21,357"
FFALN,-,-,-,-,-,-,-,-,-,-,-,-,-,27.01,-0.20%,"1,333,469"
FFAMI,4.93M,-,-,-,0.18,0.01,6.17,0.09,-,-,-,-,-0.28%,0.13,2.97%,"62,454,945"
FFAN,-,-,-,-,-,-,-,-,-,-,-,-,-,24.34,0.08%,"39,819"
FFANG,57.77B,39.97,11.58,0.92,3.38,1.53,124.50,8.89,51.09%,-11.78%,-,12.59%,39.81%,206.29,1.89%,"1,178,401"
FFAPR,-,-,-,-,-,-,-,-,-,-,-,-,-,47.74,-0.17%,"7,605"
FFARX,-,-,-,-,-,-,-,-,-,-,-,-,-,29.85,0.69%,488
FFAS,-,-,-,-,-,-,-,-,-,-,-,-,-,178.81,-3.11%,"246,174"
FFAST,58.79B,43.60,36.53,3.07,6.72,14.45,287.18,50.86,16.10%,10.81%,7.95%,11.90%,7.75%,51.23,0.41%,"7,208,605"
FFATE,313.93M,-,-,-,48.37,1.99,2.04,-,5.93%,6.45%,11.42%,3.38%,-26.71%,2.62,1.95%,"3,183,645"
FFATN,85.76M,15.62,11.53,0.24,4.22,3.23,19.90,-,28.57%,17.04%,-,48.23%,-,6.07,-2.57%,"57,939"
FFAUG,-,-,-,-,-,-,-,-,-,-,-,-,-,57.52,0.05%,"32,051"
FFAX,603.14M,14.47,-,-,11.44,0.93,-,-,-,-,-,-,-,14.61,0.76%,"109,684"
FFAZ,-,-,-,-,-,-,-,-,-,-,-,-,-,31.91,2.97%,"689,222"
FFB,-,-,-,-,-,-,-,-,-,-,-,-,-,45.05,-0.06%,"1,120"
FFBCG,-,-,-,-,-,-,-,-,-,-,-,-,-,63.14,0.03%,"395,393"
FFBCV,-,-,-,-,-,-,-,-,-,-,-,-,-,42.38,-0.91%,"18,152"
FFBDC,-,-,-,-,-,-,-,-,-,-,-,-,-,17.69,-1.12%,"10,372"
FFBGL,5.39M,-,-,-,-,-,-,-,-,-,-,-,-,0.40,0.91%,"190,214"
FFBIN,5.56B,37.70,13.75,4.96,1.27,2.41,26.36,13.87,-7.53%,1.44%,-8.97%,2.77%,-6.03%,46.55,-2.70%,"1,780,058"
FFBIO,93.68M,1.06,-,-,1.37,0.57,0.48,0.78,3528.57%,-120.83%,62.98%,-,6.77%,2.82,-3.75%,"838,776"
FFBIZ,593.73M,10.82,10.24,-,2.06,1.55,-,7.02,9.76%,6.23%,24.66%,-,18.16%,70.95,-0.69%,"52,047"
FFBK,3.07B,16.39,11.94,-,2.98,1.58,-,15.34,17.36%,9.68%,7.96%,-,8.87%,61.34,-0.74%,"235,286"
FFBL,-,-,-,-,-,-,-,-,-,-,-,-,-,20.34,-7.17%,"799,238"
FFBLA,247.68M,-,-,-,3.22,0.80,-,10.81,-,-,-,-,-,15.53,-0.83%,"98,455"
FFBLG,6.79M,-,-,-,-,1.34,1.93,-,64.29%,-8.33%,-71.12%,21.91%,-,1.02,-3.77%,"118,931"
FFBNC,2.74B,20.56,13.41,-,4.76,1.59,-,13.49,69.70%,8.40%,-0.96%,-,11.50%,66.12,-0.33%,"125,578"
FFBND,-,-,-,-,-,-,-,-,-,-,-,-,-,44.86,-0.20%,"1,944,084"
FFBOT,-,-,-,-,-,-,-,-,-,-,-,-,-,40.68,0.41%,"8,441"
FFBP,4.51B,12.45,11.59,1.35,3.54,2.28,-,10.25,11.54%,6.25%,36.21%,8.60%,9.46%,29.54,-0.54%,"894,074"
FFBRT,666.86M,18.26,6.89,-,1.14,0.54,4.30,4.22,77.14%,34.33%,-6.74%,-,25.37%,8.03,-0.50%,"1,022,206"
FFBRX,1.63B,-,-,-,-,8.57,8.22,-,16.51%,-0.31%,50.46%,6.38%,-,76.89,0.08%,"558,158"
FFBT,-,-,-,-,-,-,-,-,-,-,-,-,-,259.63,1.65%,"39,633"
FFBTC,-,-,-,-,-,-,-,-,-,-,-,-,-,55.94,2.19%,"4,640,194"
FFBUF,-,-,-,-,-,-,-,-,-,-,-,-,-,33.56,-0.08%,"4,764"
FFBX,-,-,-,-,-,-,-,-,-,-,-,-,-,26.05,-7.04%,182
FFBY,-,-,-,-,-,-,-,-,-,-,-,-,-,8.40,-3.00%,"190,995"
FFBYD,983.56M,-,-,-,45.47,32.70,318.30,-,-,-,-27.76%,-,-,10.16,3.04%,"86,103"
FFBYY,-,-,-,-,-,-,-,-,-,-,-,-,-,10.80,-2.22%,"1,089"
FFC,215.49M,113.10,19.37,-,0.82,5.02,18.00,11.17,67.71%,144.72%,-,-,6.12%,19.08,-5.78%,"45,743"
FFCA,-,-,-,-,-,-,-,-,-,-,-,-,-,27.57,0.98%,"13,461"
FFCAL,-,-,-,-,-,-,-,-,-,-,-,-,-,48.79,-0.20%,"13,413"
FFCAP,213.02M,11.54,-,-,3.11,1.50,-,9.72,-,-,10.08%,-,11.14%,63.69,-1.27%,"13,406"
FFCBC,930.01M,15.55,16.01,-,4.77,1.72,-,21.49,8.75%,1.63%,5.62%,-,5.21%,49.18,-0.69%,"87,053"
FFCBD,-,-,-,-,-,-,-,-,-,-,-,-,-,25.21,0.00%,"2,100"
FFCBM,384.17M,-,-,-,-,0.92,-,-,-,-,-,-,-,12.70,-0.24%,"78,323"
FFCCO,326.17M,12.98,10.45,-,2.59,1.43,-,47.27,19.88%,5.64%,12.89%,-,14.62%,34.70,1.02%,"44,357"
FFCEF,-,-,-,-,-,-,-,-,-,-,-,-,-,24.24,-0.23%,"8,931"
FFCEL,1.79B,-,-,-,10.65,1.97,4.59,-,64.40%,55.35%,9.89%,57.17%,17.42%,22.36,-0.04%,"6,111,864"
FFCF,2.17B,13.17,10.94,-,2.93,1.39,-,12.19,17.91%,13.46%,14.39%,-,12.85%,21.51,-0.51%,"439,773"
FFCFS,9.38B,24.66,16.47,0.78,2.28,4.05,54.43,17.63,29.24%,15.99%,23.70%,21.04%,17.55%,216.24,0.69%,"254,138"
FFCFY,-,-,-,-,-,-,-,-,-,-,-,-,-,29.87,-1.78%,"1,421"
FFCG,-,-,-,-,-,-,-,-,-,-,-,-,-,30.38,1.47%,"467,551"
FFCHL,11.21M,-,-,-,3.54,0.07,7.23,24.37,-,-,-,-,-,1.12,-2.61%,"31,114"
FFCLD,-,-,-,-,-,-,-,-,-,-,-,-,-,44.11,-1.12%,"95,103"
FFCLO,-,-,-,-,-,-,-,-,-,-,-,-,-,50.28,0.02%,"60,797"
FFCN,4.14B,18.11,13.70,1.20,1.05,3.11,25.26,11.53,5.32%,17.56%,7.75%,11.38%,9.01%,149.82,-1.34%,"446,527"
FFCNCA,24.96B,12.02,11.23,1.55,1.73,1.27,-,15.52,9.31%,2.97%,28.32%,7.24%,49.14%,2248.18,-1.88%,"53,203"
FFCOM,-,-,-,-,-,-,-,-,-,-,-,-,-,70.19,-1.75%,"189,857"
FFCOR,-,-,-,-,-,-,-,-,-,-,-,-,-,46.16,-0.33%,"38,136"
FFCPI,-,-,-,-,-,-,-,-,-,-,-,-,-,57.05,0.05%,"26,026"
FFCPT,2.75B,22.73,21.07,7.12,8.98,1.70,111.00,14.13,5.49%,3.50%,0.21%,2.96%,11.46%,25.07,-0.56%,"365,790"
FFCRS,367.64M,56.99,-,-,-,1.30,583.56,-,-,-,-,-,-,10.23,0.00%,"65,098"
FFCSH,-,-,-,-,-,-,-,-,-,-,-,-,-,24.08,-0.06%,20
FFCT,251.26M,14.88,-,-,9.76,0.93,-,-,-,-,-,-,-,9.67,0.00%,0
FFCTE,-,-,-,-,-,-,-,-,-,-,-,-,-,30.44,0.47%,"45,960"
FFCTR,-,-,-,-,-,-,-,-,-,-,-,-,-,40.01,-1.36%,"1,686"
FFCUS,-,-,-,-,-,-,-,-,-,-,-,-,-,40.73,2.36%,"18,145"
FFCUV,4.56M,-,-,-,6.08,0.56,2.85,-,-,-,-11.33%,-,-31.40%,6.49,15.48%,"99,420"
FFCVT,-,-,-,-,-,-,-,-,-,-,-,-,-,52.00,0.13%,"53,537"
FFCX,98.19B,33.76,17.10,0.49,3.90,4.88,22.53,55.73,65.62%,36.43%,30.14%,35.24%,12.62%,68.38,2.84%,"9,837,437"
FFCXG,-,-,-,-,-,-,-,-,-,-,-,-,-,14.72,6.02%,"13,457"
FFDAT,-,-,-,-,-,-,-,-,-,-,-,-,-,22.88,-0.43%,"1,152"
FFDBC,316.10M,10.37,-,-,2.18,1.26,-,11.78,-,-,11.49%,-,16.86%,54.42,-2.37%,"7,433"
FFDCF,-,-,-,-,-,-,-,-,-,-,-,-,-,51.10,-0.81%,"2,980"
FFDD,-,-,-,-,-,-,-,-,-,-,-,-,-,20.45,-0.73%,"145,256"
FFDEC,-,-,-,-,-,-,-,-,-,-,-,-,-,55.71,-0.11%,"6,543"
FFDEM,-,-,-,-,-,-,-,-,-,-,-,-,-,36.25,0.58%,"73,024"
FFDEV,-,-,-,-,-,-,-,-,-,-,-,-,-,37.82,-0.24%,"56,244"
FFDFF,-,-,-,-,-,-,-,-,-,-,-,-,-,37.03,-1.13%,"5,968"
FFDG,-,-,-,-,-,-,-,-,-,-,-,-,-,134.64,-0.09%,"7,884"
FFDHY,-,-,-,-,-,-,-,-,-,-,-,-,-,49.06,-0.21%,"73,996"
FFDIF,-,-,-,-,-,-,-,-,-,-,-,-,-,41.86,0.09%,"4,337"
FFDIG,-,-,-,-,-,-,-,-,-,-,-,-,-,42.05,0.43%,"19,551"
FFDIQ,-,-,-,-,-,-,-,-,-,-,-,-,-,71.92,-1.06%,"1,969"
FFDIS,-,-,-,-,-,-,-,-,-,-,-,-,-,102.13,-1.26%,"42,052"
FFDIV,-,-,-,-,-,-,-,-,-,-,-,-,-,28.33,-1.00%,"5,100"
FFDL,-,-,-,-,-,-,-,-,-,-,-,-,-,52.32,-1.06%,"460,905"
FFDLO,-,-,-,-,-,-,-,-,-,-,-,-,-,72.29,-0.78%,"38,477"
FFDLS,-,-,-,-,-,-,-,-,-,-,-,-,-,43.97,0.06%,"19,881"
FFDM,-,-,-,-,-,-,-,-,-,-,-,-,-,95.21,-0.50%,"8,852"
FFDMM,367.78M,-,-,-,-,49050.00,-,-,-,-,-,-,-,9.81,0.10%,31
FFDMO,-,-,-,-,-,-,-,-,-,-,-,-,-,97.69,0.83%,"109,848"
FFDMT,760.36M,-,-,-,8.26,1.97,2.10,-,-70.89%,1.18%,-2.62%,-16.99%,44.32%,14.55,19.32%,"3,452,922"
FFDN,-,-,-,-,-,-,-,-,-,-,-,-,-,286.94,-1.52%,"150,458"
FFDND,-,-,-,-,-,-,-,-,-,-,-,-,-,22.52,-1.54%,503
FFDNI,-,-,-,-,-,-,-,-,-,-,-,-,-,28.45,-0.87%,"4,787"
FFDRR,-,-,-,-,-,-,-,-,-,-,-,-,-,69.61,-0.71%,"18,043"
FFDRS,-,-,-,-,-,-,-,-,-,-,-,-,-,24.68,-1.28%,"9,251"
FFDRV,-,-,-,-,-,-,-,-,-,-,-,-,-,18.24,0.32%,"1,329"
FFDRX,-,-,-,-,-,-,-,-,-,-,-,-,-,23.18,-2.44%,308
FFDS,9.84B,18.24,14.11,1.61,4.04,4.87,31.80,13.90,4.76%,10.24%,10.02%,8.79%,9.22%,276.76,-2.37%,"343,766"
FFDSB,95.86M,56.27,-,-,4.04,0.74,-,76.08,-,-,-,-,-,18.31,-0.26%,"4,938"
FFDT,-,-,-,-,-,-,-,-,-,-,-,-,-,96.14,0.64%,"66,301"
FFDTS,-,-,-,-,-,-,-,-,-,-,-,-,-,71.40,0.80%,"1,721"
FFDTX,-,-,-,-,-,-,-,-,-,-,-,-,-,57.06,0.60%,"42,820"
FFDUS,739.35M,9.36,9.87,-,4.56,1.00,4.04,12.34,0.09%,-7.41%,12.69%,-5.63%,13.61%,19.48,-0.56%,"490,530"
FFDV,-,-,-,-,-,-,-,-,-,-,-,-,-,33.48,-0.65%,"63,989"
FFDVV,-,-,-,-,-,-,-,-,-,-,-,-,-,63.64,-0.87%,"1,024,481"
FFDX,78.42B,17.88,-,-,0.83,2.51,5.79,15.33,-,-,-1.01%,-,2.48%,331.49,-0.94%,"1,469,273"
FFDXF,21.50B,-,-,-,-,-,5.84,-,-,-,-,-,-,143.82,-4.31%,"1,263,704"
FFE,27.44B,25.31,16.09,2.10,1.73,2.12,143.66,-,7.07%,7.97%,-0.91%,7.65%,6.94%,47.42,0.02%,"2,992,957"
FFEAC,-,-,-,-,-,-,-,-,-,-,-,-,-,33.63,-0.36%,"3,651"
FFEAM,69.33M,-,-,-,-,0.95,2.73,-,91.17%,47.43%,-,68.61%,-,1.67,3.73%,"474,689"
FFEBM,-,-,-,-,-,-,-,-,-,-,-,-,-,31.59,-0.03%,559
FFEBO,8.19M,-,-,-,0.75,1.79,3.34,40.95,-,-,-,-,-11.90%,0.74,-2.62%,"9,481"
FFEBP,-,-,-,-,-,-,-,-,-,-,-,-,-,34.79,-0.15%,"1,118"
FFEBT,-,-,-,-,-,-,-,-,-,-,-,-,-,42.08,-0.17%,"4,106"
FFEBU,-,-,-,-,-,-,-,-,-,-,-,-,-,30.44,-0.36%,788
FFEBW,-,-,-,-,-,-,-,-,-,-,-,-,-,36.16,-0.06%,"7,703"
FFEBZ,-,-,-,-,-,-,-,-,-,-,-,-,-,41.33,-0.35%,"2,373"
FFECM,-,-,-,-,-,-,-,-,-,-,-,-,-,24.79,-0.26%,319
FFEDM,-,-,-,-,-,-,-,-,-,-,-,-,-,66.24,-0.38%,87
FFEDU,20.79M,4.86,-,-,0.58,0.30,0.62,-,-,-,-,-,-2.77%,9.20,-0.54%,"1,089"
FFEED,3.83M,-,-,-,1.76,0.05,1.69,-,-,-,50.78%,-,32.59%,0.46,6.20%,"462,580"
FFEGE,-,-,-,-,-,-,-,-,-,-,-,-,-,52.03,-0.97%,"219,857"
FFEIG,-,-,-,-,-,-,-,-,-,-,-,-,-,39.88,-0.28%,"11,958"
FFEIM,863.86M,-,-,-,13.66,13.87,539.91,-,1194.44%,-,-,-,3.11%,78.84,0.14%,"181,371"
FFELC,-,-,-,-,-,-,-,-,-,-,-,-,-,43.98,-0.48%,"493,039"
FFELE,4.60B,29.98,19.91,-,2.08,3.27,44.96,21.07,12.62%,12.06%,8.55%,-,11.31%,104.02,-1.65%,"294,717"
FFELG,-,-,-,-,-,-,-,-,-,-,-,-,-,44.87,-0.16%,"716,615"
FFELV,-,-,-,-,-,-,-,-,-,-,-,-,-,42.76,-0.74%,"287,187"
FFEM,-,-,-,-,-,-,-,-,-,-,-,-,-,32.85,1.44%,"77,612"
FFEMB,-,-,-,-,-,-,-,-,-,-,-,-,-,29.58,-0.08%,"40,265"
FFEMD,-,-,-,-,-,-,-,-,-,-,-,-,-,37.59,-0.32%,289
FFEMG,-,-,-,-,-,-,-,-,-,-,-,-,-,27.38,0.15%,"3,408"
FFEMR,-,-,-,-,-,-,-,-,-,-,-,-,-,41.53,1.16%,"76,097"
FFEMS,-,-,-,-,-,-,-,-,-,-,-,-,-,45.98,0.59%,"39,401"
FFEMV,-,-,-,-,-,-,-,-,-,-,-,-,-,27.98,-0.59%,"1,628"
FFEMY,6.52M,-,-,-,2.83,1.62,4.53,-,65.46%,-0.51%,4.34%,34.10%,17.18%,2.16,-5.68%,"246,249"
FFENC,414.85M,-,12.52,-,7.01,9.77,10.06,-,183.81%,222.16%,14.90%,-,204.69%,11.83,0.94%,"190,570"
FFENG,8.32M,4.36,-,-,0.07,0.11,0.06,-,-,-,-76.09%,-,-9.47%,1.54,1.99%,"1,530"
FFENI,-,-,-,-,-,-,-,-,-,-,-,-,-,41.93,-0.05%,"975,353"
FFENY,-,-,-,-,-,-,-,-,-,-,-,-,-,34.74,1.08%,"1,017,593"
FFEOE,-,-,-,-,-,-,-,-,-,-,-,-,-,55.81,-0.30%,"733,406"
FFEP,-,-,-,-,-,-,-,-,-,-,-,-,-,60.13,-0.07%,"15,933"
FFEPI,-,-,-,-,-,-,-,-,-,-,-,-,-,42.22,-0.52%,"158,768"
FFER,46.36B,65.35,48.02,7.03,4.03,7.09,10.46,19.19,-10.96%,19.01%,-,6.83%,7.85%,63.92,-0.33%,"696,070"
FFERA,327.67M,51.42,-,-,-,1.18,1724.59,-,-,-,-,-,-,10.47,0.10%,220
FFERG,47.39B,21.93,19.39,1.62,1.47,7.64,108.45,29.14,14.44%,11.09%,-,11.94%,6.18%,244.98,0.02%,"1,448,603"
FFESC,-,-,-,-,-,-,-,-,-,-,-,-,-,24.76,0.02%,"2,124"
FFESM,-,-,-,-,-,-,-,-,-,-,-,-,-,48.79,-0.18%,"675,450"
FFET,970.66M,-,17.94,-,1.16,3.35,28.79,18.24,526.19%,21.93%,45.80%,-,9.08%,86.31,1.11%,"165,004"
FFETH,-,-,-,-,-,-,-,-,-,-,-,-,-,18.99,1.44%,"938,125"
FFEUS,-,-,-,-,-,-,-,-,-,-,-,-,-,84.21,-0.58%,32
FFEUZ,-,-,-,-,-,-,-,-,-,-,-,-,-,68.65,-0.21%,598
FFEX,-,-,-,-,-,-,-,-,-,-,-,-,-,141.97,-0.33%,"33,743"
FFEZ,-,-,-,-,-,-,-,-,-,-,-,-,-,71.91,-0.26%,"810,854"
FFF,251.78M,-,-,-,1.64,1.64,7.33,-,-,-,-,-,-14.08%,5.74,2.68%,"341,844"
FFFA,470.52M,5.84,-,-,72.04,0.99,-,-,-,-,-,-,-,23.54,-0.30%,"53,376"
FFFAI,9.57M,-,-,-,6.33,-,0.40,-,75.25%,59.89%,79.64%,-,-,3.72,-5.10%,"579,420"
FFFBC,3.59B,12.07,10.11,0.83,2.61,1.20,-,4.74,13.88%,11.57%,10.85%,12.13%,12.30%,34.17,-0.61%,"552,447"
FFFC,781.45M,9.32,-,-,8.70,0.93,-,-,-,-,-,-,-,16.22,0.00%,"184,742"
FFFDI,-,-,-,-,-,-,-,-,-,-,-,-,-,33.63,0.16%,"4,825"
FFFEB,-,-,-,-,-,-,-,-,-,-,-,-,-,62.33,-0.15%,"7,278"
FFFEM,-,-,-,-,-,-,-,-,-,-,-,-,-,42.64,1.16%,"9,960"
FFFF,-,-,-,-,-,-,-,-,-,-,-,-,-,26.42,-1.24%,"6,616"
FFFGX,-,-,-,-,-,-,-,-,-,-,-,-,-,35.32,0.57%,"2,544"
FFFIN,5.00B,18.61,16.14,-,5.76,2.49,-,15.82,15.59%,5.57%,4.52%,-,10.65%,34.86,-1.19%,"762,292"
FFFIU,-,-,-,-,-,-,-,-,-,-,-,-,-,21.39,-0.42%,88
FFFIV,22.40B,31.51,21.94,2.62,6.77,5.83,13.95,23.10,9.63%,3.99%,18.69%,8.38%,5.61%,395.54,-1.90%,"434,949"
FFFLC,-,-,-,-,-,-,-,-,-,-,-,-,-,60.58,-0.36%,"61,387"
FFFLG,-,-,-,-,-,-,-,-,-,-,-,-,-,33.84,0.27%,"31,338"
FFFLS,-,-,-,-,-,-,-,-,-,-,-,-,-,24.14,0.28%,"5,024"
FFFLV,-,-,-,-,-,-,-,-,-,-,-,-,-,29.01,-0.67%,"3,957"
FFFLX,-,-,-,-,-,-,-,-,-,-,-,-,-,9.68,0.00%,"196,262"
FFFND,-,-,-,-,-,-,-,-,-,-,-,-,-,33.99,-0.04%,"3,023"
FFFOG,-,-,-,-,-,-,-,-,-,-,-,-,-,50.92,0.60%,"35,649"
FFFOX,-,-,-,-,-,-,-,-,-,-,-,-,-,31.19,-0.08%,"14,550"
FFFSM,-,-,-,-,-,-,-,-,-,-,-,-,-,38.43,0.10%,"239,332"
FFFTY,-,-,-,-,-,-,-,-,-,-,-,-,-,38.07,0.74%,"12,061"
FFFUT,-,-,-,-,-,-,-,-,-,-,-,-,-,61.80,1.35%,"13,507"
FFG,3.47B,9.32,5.34,0.34,0.57,0.75,-,0.67,-5.15%,43.87%,-30.90%,15.72%,9.96%,26.50,-3.36%,"657,847"
FFGBI,137.11M,-,-,-,0.64,0.67,-,3.56,-,-,-,-,12.15%,8.29,-0.24%,"24,727"
FFGD,-,-,-,-,-,-,-,-,-,-,-,-,-,35.23,-0.54%,"180,459"
FFGDL,-,-,-,-,-,-,-,-,-,-,-,-,-,58.98,1.20%,"17,595"
FFGI,17.53M,-,22.70,-,0.14,1.03,3.97,9.79,80.49%,253.85%,-,-,-0.65%,9.08,-9.11%,"660,766"
FFGII,345.76M,86.98,-,-,-,1.25,406.77,-,-,-,-,-,-,9.98,-0.05%,226
FFGL,0.48M,-,-,-,-,-,-,-,-,-,-,-,-,0.41,3.50%,"1,340,840"
FFGM,-,-,-,-,-,-,-,-,-,-,-,-,-,63.19,-0.61%,"1,533"
FFGNX,35.41M,-,-,-,-,0.80,1.42,-,50.88%,41.76%,44.91%,-,32.83%,6.95,-2.25%,"134,516"
FFGRU,-,-,-,-,-,-,-,-,-,-,-,-,-,12.75,27.25%,"124,616"
FFGSI,-,-,-,-,-,-,-,-,-,-,-,-,-,21.36,-0.40%,"1,659"
FFGSM,-,-,-,-,-,-,-,-,-,-,-,-,-,36.15,-0.14%,"2,701"
FFHB,3.35B,11.95,10.98,1.61,2.86,1.18,-,10.71,6.38%,7.12%,9.06%,6.80%,8.61%,27.52,-0.51%,"1,621,434"
FFHDG,-,-,-,-,-,-,-,-,-,-,-,-,-,37.22,0.04%,"2,341"
FFHEQ,-,-,-,-,-,-,-,-,-,-,-,-,-,34.38,-0.49%,"46,232"
FFHI,4.79B,11.93,10.78,0.95,2.46,3.84,9.96,13.05,7.06%,8.39%,9.71%,11.40%,4.59%,64.15,0.03%,"550,364"
FFHIL,-,-,-,-,-,-,-,-,-,-,-,-,-,25.63,0.22%,37
FFHLC,-,-,-,-,-,-,-,-,-,-,-,-,-,81.29,-0.06%,"135,086"
FFHN,12.33B,12.49,11.31,1.14,2.47,1.45,-,17.10,13.22%,7.52%,-0.25%,9.92%,8.88%,26.02,-0.76%,"2,553,938"
FFHTX,400.25M,-,-,-,10.89,-,2.39,-,23.04%,-3.40%,8.80%,18.81%,135.14%,6.74,7.67%,"236,854"
FFHYS,-,-,-,-,-,-,-,-,-,-,-,-,-,23.00,-0.13%,"56,356"
FFIAT,-,-,-,-,-,-,-,-,-,-,-,-,-,20.79,-0.72%,"25,976"
FFIAX,-,-,-,-,-,-,-,-,-,-,-,-,-,17.47,0.06%,"9,761"
FFIBK,3.71B,12.00,13.63,4.77,2.74,1.12,-,15.23,-2.38%,-0.58%,3.04%,2.86%,16.01%,38.89,-0.71%,"903,528"
FFICO,22.99B,30.76,20.13,0.69,9.60,-,92.53,24.48,43.72%,23.12%,27.43%,29.10%,8.99%,1064.41,-1.97%,"232,477"
FFICS,-,-,-,-,-,-,-,-,-,-,-,-,-,42.34,-0.46%,"6,745"
FFID,-,-,-,-,-,-,-,-,-,-,-,-,-,23.10,-0.43%,"5,710"
FFIDI,-,-,-,-,-,-,-,-,-,-,-,-,-,29.32,-0.34%,"665,634"
FFIDU,-,-,-,-,-,-,-,-,-,-,-,-,-,99.18,-0.12%,"64,093"
FFIEE,48.01M,15.18,-,-,3.67,4.98,8.83,16.79,-,-,-,-,-33.60%,5.63,12.60%,"3,800,927"
FFIG,13.32B,-,68.86,26.08,10.39,8.97,7.94,58.08,-36.54%,26.69%,-,2.64%,-,24.99,-1.69%,"10,337,583"
FFIGB,-,-,-,-,-,-,-,-,-,-,-,-,-,42.21,-0.20%,"46,281"
FFIGG,-,-,-,-,-,-,-,-,-,-,-,-,-,23.23,-3.52%,"131,192"
FFIGR,7.88B,41.01,24.63,0.53,12.95,5.48,4.94,-,116.45%,24.19%,-,46.49%,-,35.76,13.76%,"9,336,299"
FFIGS,2.38B,44.31,38.74,1.56,3.35,5.37,8.03,24.47,79.94%,8.12%,-9.21%,24.88%,19.12%,14.32,-2.52%,"1,441,027"
FFIGX,199.67M,38.02,-,-,-,1.33,302.54,-,-,-,-,-,-,10.30,0.10%,"3,873"
FFIIG,-,-,-,-,-,-,-,-,-,-,-,-,-,20.39,-0.32%,"62,041"
FFIMU,-,-,-,-,-,-,-,-,-,-,-,-,-,19.85,0.03%,"1,656"
FFINA,-,-,-,-,-,-,-,-,-,-,-,-,-,25.96,-0.30%,"2,179"
FFINS,-,-,-,-,-,-,-,-,-,-,-,-,-,12.60,-0.55%,"58,348"
FFINT,-,-,-,-,-,-,-,-,-,-,-,-,-,37.09,0.35%,"2,927"
FFINV,567.88M,3.70,3.05,0.65,0.30,0.45,0.43,-,-14.90%,18.33%,6.65%,4.66%,11.04%,4.37,-0.23%,"664,150"
FFINW,190.33M,14.15,13.10,-,0.95,0.94,-,-,-35.99%,44.70%,6.04%,-,28.35%,13.71,-1.22%,"28,948"
FFINX,-,-,-,-,-,-,-,-,-,-,-,-,-,26.33,-1.59%,"89,217"
FFINY,-,-,-,-,-,-,-,-,-,-,-,-,-,25.57,0.04%,34
FFIP,502.27M,-,-,-,0.76,-,2.91,-,-50.22%,77.03%,-32.35%,-,48.94%,4.25,-5.76%,"1,063,517"
FFIRY,155.16M,-,-,-,1.32,2.01,0.95,-,-2.00%,30.43%,10.53%,19.76%,-14.61%,9.96,4.84%,"138,939"
FFIS,21.23B,6.32,6.14,0.69,1.74,1.32,27.61,7.23,7.87%,8.12%,23.62%,8.85%,-3.18%,41.17,-4.08%,"4,167,331"
FFISI,819.00M,10.31,9.67,-,2.18,1.31,-,14.43,16.07%,2.63%,9.50%,-,13.47%,41.56,-0.46%,"151,923"
FFISN,478.32M,-,-,-,-,4.91,5.14,-,-,-,-,-,-,8.12,-6.02%,"188,720"
FFISR,-,-,-,-,-,-,-,-,-,-,-,-,-,25.18,-0.18%,"80,568"
FFISV,27.76B,10.01,6.46,3.17,1.33,1.03,44.28,7.01,-14.94%,10.03%,35.23%,2.04%,7.37%,52.21,-4.01%,"5,039,844"
FFITB,52.24B,19.60,11.68,0.76,3.43,1.62,-,15.76,-13.31%,61.18%,14.06%,15.31%,10.29%,57.60,-0.79%,"7,703,158"
FFITE,-,-,-,-,-,-,-,-,-,-,-,-,-,117.70,-1.42%,"4,162"
FFITZ,-,-,-,-,-,-,-,-,-,-,-,-,-,25.74,-0.43%,"56,457"
FFIVA,-,-,-,-,-,-,-,-,-,-,-,-,-,40.28,0.22%,"113,988"
FFIVE,13.19B,30.10,24.11,1.24,2.60,5.70,11.85,26.11,37.89%,7.57%,24.07%,19.39%,19.41%,238.56,-2.45%,"952,641"
FFIVN,2.38B,46.49,8.30,0.56,1.98,3.03,3.64,11.38,9.85%,18.03%,-,14.77%,21.45%,31.85,-3.48%,"2,495,791"
FFIW,-,-,-,-,-,-,-,-,-,-,-,-,-,111.02,-0.75%,"25,633"
FFIX,66.21B,46.28,31.33,0.83,5.90,20.58,34.73,30.71,69.57%,22.61%,47.85%,37.73%,26.08%,1881.18,6.04%,"453,489"
FFIXD,-,-,-,-,-,-,-,-,-,-,-,-,-,42.89,-0.21%,"193,620"
FFIXP,-,-,-,-,-,-,-,-,-,-,-,-,-,19.87,-0.18%,157
FFIXT,-,-,-,-,-,-,-,-,-,-,-,-,-,37.18,-0.20%,"31,106"
FFIYY,-,-,-,-,-,-,-,-,-,-,-,-,-,24.53,0.06%,25
FFIZY,-,-,-,-,-,-,-,-,-,-,-,-,-,26.45,-0.34%,"44,735"
FFIZZ,2.90B,15.83,15.11,4.23,2.46,4.57,8.31,18.61,-0.68%,5.48%,1.06%,3.57%,1.94%,31.03,-0.89%,"315,174"
FFJAN,-,-,-,-,-,-,-,-,-,-,-,-,-,56.44,-0.09%,"6,715"
FFJDIU,110.05M,-,-,-,-,-,-,-,-,-,-,-,-,9.95,-0.10%,"2,101"
FFJET,222.73M,-,-,-,-,7.98,13.87,-,-,-,-,-,-,4.05,-4.48%,"773,652"
FFJP,-,-,-,-,-,-,-,-,-,-,-,-,-,78.49,0.92%,"5,683"
FFJUL,-,-,-,-,-,-,-,-,-,-,-,-,-,61.33,-0.18%,"14,817"
FFJUN,-,-,-,-,-,-,-,-,-,-,-,-,-,61.33,-0.27%,"14,141"
FFKU,-,-,-,-,-,-,-,-,-,-,-,-,-,56.34,-0.62%,359
FFKWL,27.93M,-,-,-,0.80,0.83,0.85,-,-,-,-,-,-9.30%,2.37,-2.47%,"7,696"
FFLAG,-,-,-,-,-,-,-,-,-,-,-,-,-,28.51,-0.90%,111
FFLAO,-,-,-,-,-,-,-,-,-,-,-,-,-,28.58,0.00%,13
FFLAU,-,-,-,-,-,-,-,-,-,-,-,-,-,35.44,-0.36%,"1,604"
FFLAX,-,-,-,-,-,-,-,-,-,-,-,-,-,36.85,1.03%,"11,996"
FFLBL,-,-,-,-,-,-,-,-,-,-,-,-,-,23.09,0.13%,"106,299"
FFLBR,-,-,-,-,-,-,-,-,-,-,-,-,-,20.79,0.48%,"178,322"
FFLC,175.67M,9.39,-,-,8.37,0.90,-,-,-,-,-,-,-,16.80,-0.06%,"12,546"
FFLCA,-,-,-,-,-,-,-,-,-,-,-,-,-,55.50,-0.02%,"27,647"
FFLCB,-,-,-,-,-,-,-,-,-,-,-,-,-,21.03,-0.17%,"355,384"
FFLCC,-,-,-,-,-,-,-,-,-,-,-,-,-,37.18,-0.34%,"7,273"
FFLCE,-,-,-,-,-,-,-,-,-,-,-,-,-,32.09,-0.45%,"2,627"
FFLCG,-,-,-,-,-,-,-,-,-,-,-,-,-,35.68,0.06%,"34,284"
FFLCH,-,-,-,-,-,-,-,-,-,-,-,-,-,21.80,0.69%,"28,392"
FFLCO,-,-,-,-,-,-,-,-,-,-,-,-,-,20.90,-0.31%,"20,097"
FFLCV,-,-,-,-,-,-,-,-,-,-,-,-,-,37.74,-0.62%,"20,606"
FFLD,25.06M,-,-,-,0.89,0.80,0.76,-,41.82%,59.90%,-388.27%,-,-,0.46,-4.01%,"93,602"
FFLDB,-,-,-,-,-,-,-,-,-,-,-,-,-,50.42,0.11%,"13,330"
FFLDR,-,-,-,-,-,-,-,-,-,-,-,-,-,50.09,-0.02%,"218,241"
FFLDZ,-,-,-,-,-,-,-,-,-,-,-,-,-,33.99,-0.39%,415
FFLEE,-,-,-,-,-,-,-,-,-,-,-,-,-,40.05,-0.23%,"3,981"
FFLEU,-,-,-,-,-,-,-,-,-,-,-,-,-,37.15,0.17%,"1,878"
FFLEX,48.02B,50.20,18.26,0.42,1.64,8.73,16.91,58.14,42.38%,51.51%,13.64%,43.05%,2.96%,130.00,3.04%,"2,716,327"
FFLG,5.81B,693.07,10.55,-,1.31,0.76,-,-,168.83%,285.45%,-,-,22.25%,14.00,-1.75%,"4,446,522"
FFLGB,-,-,-,-,-,-,-,-,-,-,-,-,-,37.09,-0.13%,"539,249"
FFLGR,-,-,-,-,-,-,-,-,-,-,-,-,-,34.22,-0.35%,"2,170"
FFLGT,513.43M,-,-,-,1.59,0.51,2.00,-,-640.48%,39.21%,-,-,-5.21%,18.66,0.54%,"242,915"
FFLGV,-,-,-,-,-,-,-,-,-,-,-,-,-,19.93,-0.17%,"76,689"
FFLHY,-,-,-,-,-,-,-,-,-,-,-,-,-,24.18,-0.04%,"241,087"
FFLIA,-,-,-,-,-,-,-,-,-,-,-,-,-,20.28,-0.05%,"85,788"
FFLIN,-,-,-,-,-,-,-,-,-,-,-,-,-,35.68,-0.25%,"136,346"
FFLJH,-,-,-,-,-,-,-,-,-,-,-,-,-,47.01,0.03%,"19,920"
FFLJJ,-,-,-,-,-,-,-,-,-,-,-,-,-,34.45,-0.12%,57
FFLJP,-,-,-,-,-,-,-,-,-,-,-,-,-,41.72,-0.12%,"280,422"
FFLKR,-,-,-,-,-,-,-,-,-,-,-,-,-,60.89,2.68%,"349,379"
FFLL,79.89M,-,-,-,0.26,-,2.39,-,21.05%,-0.01%,-,-11.98%,19.21%,2.18,-2.24%,"182,131"
FFLLA,-,-,-,-,-,-,-,-,-,-,-,-,-,26.22,0.83%,"23,137"
FFLMB,-,-,-,-,-,-,-,-,-,-,-,-,-,23.42,-0.44%,"5,010"
FFLMI,-,-,-,-,-,-,-,-,-,-,-,-,-,24.65,-0.32%,"460,440"
FFLMX,-,-,-,-,-,-,-,-,-,-,-,-,-,36.33,-0.27%,"9,066"
FFLN,-,-,-,-,-,-,-,-,-,-,-,-,-,24.71,0.97%,"6,506"
FFLNA,42.99M,-,-,-,-,0.68,0.52,-,52.39%,-32.96%,-50.67%,14.38%,-,0.89,-2.55%,"215,005"
FFLNC,2.33B,-,79.86,-,0.89,4.84,6.39,-,-7.87%,139.62%,17.04%,-,32.16%,12.63,-3.88%,"6,830,664"
FFLNG,1.64B,22.10,14.40,1.82,4.83,2.39,4.22,14.71,19.47%,-3.49%,55.98%,7.90%,16.15%,30.88,0.26%,"248,453"
FFLNT,131.17M,-,-,-,0.65,16.18,19.07,-,56.75%,76.15%,-,81.88%,-7.65%,4.15,1.34%,"42,990"
FFLO,1.55B,21.38,8.90,-,0.29,1.19,134.52,5.09,-23.99%,-0.87%,-11.24%,-8.80%,3.68%,7.31,-2.79%,"5,173,264"
FFLOC,2.06B,27.74,13.60,1.28,2.52,2.82,107.60,9.92,4.23%,15.52%,-,10.61%,-,23.41,-1.35%,"368,104"
FFLOT,-,-,-,-,-,-,-,-,-,-,-,-,-,50.95,-0.02%,"993,783"
FFLOW,-,-,-,-,-,-,-,-,-,-,-,-,-,43.21,-1.30%,"1,004"
FFLQL,-,-,-,-,-,-,-,-,-,-,-,-,-,79.66,0.04%,"37,253"
FFLQM,-,-,-,-,-,-,-,-,-,-,-,-,-,60.96,-0.94%,"59,566"
FFLQS,-,-,-,-,-,-,-,-,-,-,-,-,-,50.30,-0.78%,417
FFLR,7.32B,-,16.16,0.76,0.47,2.76,2.41,-,23.21%,25.52%,36.81%,21.28%,1.83%,54.74,4.53%,"2,634,781"
FFLRG,-,-,-,-,-,-,-,-,-,-,-,-,-,42.75,-0.46%,"8,883"
FFLRN,-,-,-,-,-,-,-,-,-,-,-,-,-,30.79,0.00%,"540,598"
FFLRT,-,-,-,-,-,-,-,-,-,-,-,-,-,46.85,0.00%,"81,785"
FFLS,10.29B,28.39,17.38,1.41,2.22,4.56,14.08,25.02,12.99%,13.30%,21.58%,12.33%,4.87%,80.97,0.12%,"1,282,079"
FFLSA,-,-,-,-,-,-,-,-,-,-,-,-,-,32.77,0.63%,"1,294"
FFLSP,-,-,-,-,-,-,-,-,-,-,-,-,-,28.40,0.11%,"30,091"
FFLSW,-,-,-,-,-,-,-,-,-,-,-,-,-,43.62,-0.43%,"7,423"
FFLTB,-,-,-,-,-,-,-,-,-,-,-,-,-,50.06,-0.03%,"46,341"
FFLTR,-,-,-,-,-,-,-,-,-,-,-,-,-,25.55,0.00%,"962,392"
FFLTW,-,-,-,-,-,-,-,-,-,-,-,-,-,103.50,0.41%,"186,008"
FFLUD,-,-,-,-,-,-,-,-,-,-,-,-,-,25.00,-0.09%,"164,793"
FFLUT,16.73B,-,12.55,1.13,0.97,1.91,4.61,13.33,-37.18%,53.98%,-,11.13%,23.68%,96.39,-4.95%,"2,448,195"
FFLUX,13.56M,-,-,-,0.27,2.94,36.66,-,9.17%,34.86%,32.27%,-,31.58%,0.63,6.72%,"154,606"
FFLV,-,-,-,-,-,-,-,-,-,-,-,-,-,87.09,-0.57%,"4,597"
FFLWS,256.39M,-,-,-,0.17,1.33,5.06,-,-47.56%,67.36%,-,-,2.50%,4.00,-1.96%,"142,983"
FFLX,106.37M,13.63,-,-,0.19,1.21,0.86,-,-,-,-,-,13.73%,2.03,1.50%,"109,621"
FFLXI,-,-,-,-,-,-,-,-,-,-,-,-,-,48.87,-0.27%,575
FFLXN,-,-,-,-,-,-,-,-,-,-,-,-,-,24.92,-0.12%,"9,538"
FFLXR,-,-,-,-,-,-,-,-,-,-,-,-,-,38.96,-0.05%,"578,898"
FFLXS,379.49M,12.86,12.59,-,0.83,2.05,6.63,9.80,1.92%,11.82%,-,-,3.75%,70.86,-3.97%,"119,450"
FFLY,4.55B,-,-,-,15.85,3.69,7.16,-,-33.21%,22.39%,-,19.62%,-,27.18,1.91%,"2,433,306"
FFLYD,-,-,-,-,-,-,-,-,-,-,-,-,-,40.26,5.60%,"6,126"
FFLYE,2.84M,-,-,-,0.15,0.16,10.51,-,-,-,-,-,2.62%,1.74,0.97%,"1,486"
FFLYT,-,-,-,-,-,-,-,-,-,-,-,-,-,8.09,3.06%,"102,806"
FFLYU,-,-,-,-,-,-,-,-,-,-,-,-,-,50.33,-5.79%,413
FFLYW,2.23B,69.42,26.84,0.25,3.12,2.73,7.57,14.05,265.63%,69.52%,-,106.91%,36.44%,18.30,-2.71%,"1,697,783"
FFLYX,117.39M,-,-,-,0.29,-,8.24,-,-,-,-,-,-,1.15,-8.73%,"392,058"
FFLZH,66.93M,-,-,-,6.30,0.01,215.90,-,-,-,-9.88%,-,-7.60%,1.18,-10.61%,"84,899"
FFMAC,158.59M,-,-,-,-,1.40,1057.29,-,-,-,-,-,-,10.05,0.30%,90
FFMAG,-,-,-,-,-,-,-,-,-,-,-,-,-,37.13,-0.05%,"21,340"
FFMAO,482.48M,12.07,10.71,-,2.47,1.18,-,13.34,30.59%,3.05%,6.12%,-,17.09%,35.03,-0.23%,"66,121"
FFMAR,-,-,-,-,-,-,-,-,-,-,-,-,-,53.26,-0.16%,"8,243"
FFMAT,-,-,-,-,-,-,-,-,-,-,-,-,-,59.98,-0.33%,"26,739"
FFMAY,-,-,-,-,-,-,-,-,-,-,-,-,-,57.54,-0.21%,"7,210"
FFMB,-,-,-,-,-,-,-,-,-,-,-,-,-,50.47,-0.30%,"136,494"
FFMBH,1.38B,12.91,10.51,-,2.73,1.25,-,11.58,15.52%,11.69%,7.21%,-,17.98%,51.95,-0.12%,"106,321"
FFMC,1.27B,-,6.13,-,0.39,0.78,2.67,15.03,-55.01%,24.79%,-,-12.05%,-5.67%,10.18,0.30%,"3,124,819"
FFMCE,-,-,-,-,-,-,-,-,-,-,-,-,-,29.08,-0.71%,13
FFMCX,-,-,-,-,-,-,-,-,-,-,-,-,-,37.25,-0.72%,13
FFMDE,-,-,-,-,-,-,-,-,-,-,-,-,-,42.72,-0.56%,"489,807"
FFMED,-,-,-,-,-,-,-,-,-,-,-,-,-,30.59,1.23%,"5,014"
FFMET,-,-,-,-,-,-,-,-,-,-,-,-,-,38.90,-1.60%,"14,757"
FFMF,-,-,-,-,-,-,-,-,-,-,-,-,-,50.92,0.37%,"17,502"
FFMFC,4.43M,18.76,-,-,0.26,0.55,1.24,-,-,-,-,-,-,0.24,0.62%,"287,259"
FFMHI,-,-,-,-,-,-,-,-,-,-,-,-,-,47.66,-0.36%,"83,751"
FFMKT,-,-,-,-,-,-,-,-,-,-,-,-,-,22.95,-0.01%,707
FFMN,87.41M,9.81,-,-,11.34,0.89,-,-,-,-,-,-,-,11.18,-0.09%,"14,221"
FFMNB,955.07M,10.96,9.16,-,2.95,1.22,-,15.61,8.51%,11.86%,-0.33%,-,13.37%,16.12,-1.16%,"350,268"
FFMNY,-,-,-,-,-,-,-,-,-,-,-,-,-,26.39,-0.13%,"1,320"
FFMQQ,-,-,-,-,-,-,-,-,-,-,-,-,-,12.73,-0.89%,"8,652"
FFMS,12.51B,12.13,9.65,2.72,0.55,0.87,10.31,5.98,-6.88%,3.81%,-3.43%,3.55%,1.71%,23.50,-1.14%,"532,196"
FFMST,20.65M,-,-,-,-,0.79,8.26,-,-,-,11.61%,-,-,1.19,-5.56%,"140,131"
FFMTL,-,-,-,-,-,-,-,-,-,-,-,-,-,35.89,1.30%,"2,379"
FFMTM,-,-,-,-,-,-,-,-,-,-,-,-,-,39.82,-0.33%,"181,221"
FFMUB,-,-,-,-,-,-,-,-,-,-,-,-,-,50.77,-0.27%,"28,326"
FFMUN,-,-,-,-,-,-,-,-,-,-,-,-,-,49.76,-0.29%,"22,378"
FFMX,23.63B,22.79,21.98,0.99,0.49,3.20,3.93,6.42,69.99%,-5.01%,-,22.26%,13.82%,117.28,-0.84%,"293,331"
FFMY,49.29M,16.48,-,-,15.89,0.93,-,-,-,-,-,-,-,11.70,0.09%,"2,455"
FFN,21.45B,51.47,28.02,1.15,5.06,9.31,22.69,468.17,22.28%,24.01%,24.42%,24.35%,15.80%,598.58,4.97%,"1,587,407"
FFNB,6.85B,11.55,10.37,1.13,2.54,1.00,-,10.46,6.11%,10.85%,12.82%,9.21%,13.09%,19.40,-0.41%,"3,826,139"
FFNCL,-,-,-,-,-,-,-,-,-,-,-,-,-,82.22,-0.99%,"98,655"
FFND,6.03B,26.42,25.69,2.24,1.28,2.42,18.81,28.52,2.63%,11.85%,0.93%,11.47%,14.07%,56.62,-3.33%,"1,977,369"
FFNDA,-,-,-,-,-,-,-,-,-,-,-,-,-,38.34,-0.47%,"433,953"
FFNDB,-,-,-,-,-,-,-,-,-,-,-,-,-,31.76,-0.53%,"198,460"
FFNDC,-,-,-,-,-,-,-,-,-,-,-,-,-,51.26,-0.18%,"72,481"
FFNDE,-,-,-,-,-,-,-,-,-,-,-,-,-,41.36,0.19%,"890,769"
FFNDF,-,-,-,-,-,-,-,-,-,-,-,-,-,55.69,0.05%,"1,545,589"
FFNDX,-,-,-,-,-,-,-,-,-,-,-,-,-,32.51,-0.55%,"1,812,601"
FFNF,13.18B,17.10,8.55,1.11,0.86,1.77,-,2.10,3.27%,11.96%,-15.01%,7.72%,6.05%,49.13,-0.69%,"1,447,348"
FFNG,-,-,-,-,-,-,-,-,-,-,-,-,-,11.70,9.96%,"550,402"
FFNGD,-,-,-,-,-,-,-,-,-,-,-,-,-,27.41,2.35%,"425,823"
FFNGG,-,-,-,-,-,-,-,-,-,-,-,-,-,260.34,-1.66%,"5,709"
FFNGO,-,-,-,-,-,-,-,-,-,-,-,-,-,148.74,-1.71%,"3,121"
FFNGR,18.58M,-,-,-,1.14,1.39,18.77,-,-,-,2.02%,-,7.66%,0.30,-0.62%,"1,468,997"
FFNGS,-,-,-,-,-,-,-,-,-,-,-,-,-,79.58,-0.81%,"27,919"
FFNGU,-,-,-,-,-,-,-,-,-,-,-,-,-,32.20,-2.60%,"2,392,339"
FFNK,-,-,-,-,-,-,-,-,-,-,-,-,-,64.28,-0.76%,"14,063"
FFNKO,341.57M,-,38.87,-,0.37,1.82,8.39,12.54,149.05%,-54.37%,-,-,6.84%,6.09,-0.81%,"954,468"
FFNLC,399.06M,10.52,-,-,2.23,1.36,-,11.13,-,-,4.35%,-,14.77%,35.37,-0.70%,"24,322"
FFNOV,-,-,-,-,-,-,-,-,-,-,-,-,-,59.79,-0.13%,"7,966"
FFNRN,287.74M,12.98,-,-,3.15,1.33,-,45.31,-,-,12.69%,-,9.30%,17.55,0.00%,"73,978"
FFNUC,27.72M,-,-,-,-,-,-,-,-,-,-84.19%,-,-,1.79,-1.65%,"467,481"
FFNV,46.01B,31.17,25.16,1.10,19.88,5.58,45.37,49.16,52.01%,11.76%,27.48%,22.82%,12.42%,238.56,1.86%,"561,204"
FFNWB,108.43M,67.62,22.80,-,0.96,0.68,-,10.67,116.20%,543.09%,-,-,11.91%,11.40,-0.96%,"23,180"
FFNWD,194.99M,19.73,14.80,-,1.92,1.09,-,13.29,40.43%,15.15%,-16.36%,-,7.98%,45.00,-0.62%,"21,749"
FFNX,-,-,-,-,-,-,-,-,-,-,-,-,-,147.57,-0.26%,"9,231"
FFNY,-,-,-,-,-,-,-,-,-,-,-,-,-,107.96,0.20%,"7,048"
FFOA,535.59M,-,4.11,-,1.90,1.04,1.57,-,51.10%,11.83%,-,-,-,21.09,-3.08%,"47,082"
FFOCL,163.41M,-,-,-,2.36,16.18,7.59,-,-19.24%,21.48%,-63.72%,5.71%,8.30%,4.36,-8.40%,"463,919"
FFOCT,-,-,-,-,-,-,-,-,-,-,-,-,-,53.55,-0.18%,"4,930"
FFOF,380.61M,6.04,-,-,-,-,-,-,-,-,-,-,-,13.70,-0.36%,"76,875"
FFOFO,20.44M,-,-,-,68.12,18.61,21.51,-,-,-,-,-,-,2.70,6.72%,"8,864"
FFOIL,1.87B,58.51,-,-,1.01,2.38,4.64,-,-,-,-,-,-,24.10,0.00%,102
FFOMG,-,-,-,-,-,-,-,-,-,-,-,-,-,8.98,9.99%,"14,014"
FFOPC,-,-,-,-,-,-,-,-,-,-,-,-,-,25.20,-0.16%,"2,123"
FFOR,1.49B,8.75,9.72,-,0.86,0.80,3.77,5.26,-12.26%,3.93%,21.07%,-,12.27%,29.16,-0.95%,"67,137"
FFORH,-,-,-,-,-,-,-,-,-,-,-,-,-,25.26,0.37%,"2,512"
FFORM,10.79B,94.72,36.86,0.74,11.96,9.71,31.16,79.29,134.48%,22.96%,-6.93%,49.91%,2.51%,138.16,4.98%,"966,246"
FFORR,212.28M,-,12.32,-,0.56,1.77,1.62,70.06,-33.19%,16.77%,-,-,-2.44%,11.15,-2.02%,"72,054"
FFORTY,1.68B,2.78,-,-,0.58,1.17,1.42,-,-,-,-9.66%,-,6.34%,109.88,3.55%,422
FFOSL,339.45M,-,52.18,-,0.34,3.61,4.10,-,70.53%,139.29%,5.09%,-,-9.04%,5.74,3.05%,"812,624"
FFOTO,-,-,-,-,-,-,-,-,-,-,-,-,-,21.90,3.89%,"462,661"
FFOUR,3.50B,71.35,6.95,0.50,0.73,5.71,3.16,8.08,1.10%,22.09%,-,13.95%,40.37%,44.35,-2.25%,"1,001,805"
FFOWF,-,-,-,-,-,-,-,-,-,-,-,-,-,36.95,-1.24%,76
FFOX,27.33B,16.04,10.49,1.34,1.60,2.22,6.50,18.62,9.46%,-1.22%,1.21%,7.81%,5.82%,61.49,0.13%,"658,995"
FFOXA,27.35B,18.04,11.84,1.52,1.60,2.50,6.50,18.63,9.42%,-1.47%,1.21%,7.81%,5.82%,69.19,0.22%,"6,651,444"
FFOXF,863.74M,-,11.18,-,0.59,1.29,14.09,68.71,44.03%,20.41%,-,-,10.50%,20.55,-2.24%,"495,300"
FFOXX,17.68M,-,-,-,0.30,-,5.54,-,-,-,-,-,-,2.51,-2.49%,"2,280"
FFOXY,-,-,-,-,-,-,-,-,-,-,-,-,-,27.87,-0.02%,"113,338"
FFPA,-,-,-,-,-,-,-,-,-,-,-,-,-,50.71,1.85%,"1,701"
FFPAA,-,-,-,-,-,-,-,-,-,-,-,-,-,25.69,-0.91%,"9,039"
FFPAG,-,-,-,-,-,-,-,-,-,-,-,-,-,42.39,-0.93%,"125,298"
FFPAS,-,-,-,-,-,-,-,-,-,-,-,-,-,24.49,-0.04%,11
FFPE,-,-,-,-,-,-,-,-,-,-,-,-,-,17.74,-0.39%,"875,781"
FFPEI,-,-,-,-,-,-,-,-,-,-,-,-,-,19.15,-0.21%,"869,199"
FFPF,1.09B,7.03,-,-,-,-,-,-,-,-,-,-,-,17.85,-0.06%,"116,083"
FFPFD,-,-,-,-,-,-,-,-,-,-,-,-,-,21.19,-0.23%,"11,401"
FFPH,561.54M,7.19,-,-,4.80,0.43,1.61,8.61,-,-,-,-,-6.46%,5.12,-0.78%,"112,102"
FFPI,426.71M,21.23,45.49,-,8.29,0.93,37.37,23.84,-64.75%,0.00%,-,-,0.58%,9.78,-1.41%,"336,234"
FFPRO,-,-,-,-,-,-,-,-,-,-,-,-,-,25.34,-0.66%,"3,343"
FFPS,11.82B,-,-,-,-,26.48,125.98,-,-,-,-,-,-,38.83,-2.09%,"4,874,319"
FFPSX,-,-,-,-,-,-,-,-,-,-,-,-,-,5.09,-4.30%,"141,605"
FFPWR,-,-,-,-,-,-,-,-,-,-,-,-,-,37.28,-0.40%,"4,033"
FFPX,-,-,-,-,-,-,-,-,-,-,-,-,-,193.56,1.05%,"13,842"
FFPXE,-,-,-,-,-,-,-,-,-,-,-,-,-,34.35,0.08%,832
FFPXI,-,-,-,-,-,-,-,-,-,-,-,-,-,74.66,1.66%,"6,498"
FFQAL,-,-,-,-,-,-,-,-,-,-,-,-,-,84.67,-0.53%,"71,360"
FFR,8.62B,22.90,32.81,15.26,11.35,3.00,75.49,36.08,33.85%,-23.42%,4.05%,2.15%,10.07%,62.90,0.05%,"631,339"
FFRA,386.24M,15.57,-,-,8.84,0.84,-,-,-,-,-,-,-,10.90,-0.46%,"120,044"
FFRAF,287.25M,11.64,9.69,-,2.12,1.56,-,11.24,22.19%,13.76%,10.10%,-,16.93%,63.84,-0.34%,"44,825"
FFRBA,476.55M,11.18,10.38,-,1.94,1.04,-,9.39,-7.09%,12.99%,12.34%,-,20.91%,18.96,-0.32%,"117,839"
FFRBT,949.58M,-,-,-,-,0.98,-,-,-,-,-,-,-,19.11,-1.19%,"50,414"
FFRD,346.79M,12.62,-,-,0.46,2.11,59.48,-,-,-,11.15%,-,38.68%,48.08,4.86%,"98,031"
FFRDM,-,-,-,-,-,-,-,-,-,-,-,-,-,69.05,0.94%,"146,172"
FFREI,-,-,-,-,-,-,-,-,-,-,-,-,-,24.86,-0.34%,"14,599"
FFREL,-,-,-,-,-,-,-,-,-,-,-,-,-,29.75,-0.87%,"249,359"
FFRGN,-,-,-,-,-,-,-,-,-,-,-,-,-,32.13,0.84%,"23,379"
FFRGT,1.06M,-,-,-,0.08,0.11,3.02,-,-,-,84.50%,-,104.45%,1.71,-6.56%,"313,399"
FFRHC,9.60B,59.53,-,-,4.27,6.02,3.47,-,-,-,0.60%,-,51.08%,150.47,2.74%,"108,724"
FFRI,-,-,-,-,-,-,-,-,-,-,-,-,-,31.92,-0.68%,"10,071"
FFRIZ,-,-,-,-,-,-,-,-,-,-,-,-,-,27.59,-0.51%,78
FFRME,2.73B,13.97,9.71,-,2.51,1.01,-,8.68,-16.62%,38.54%,7.21%,-,13.48%,43.52,-0.41%,"279,562"
FFRMI,3.91B,-,94.87,-,-,3.80,42.68,-,62.07%,116.42%,-,-,-,6.14,-4.06%,"21,821,535"
FFRMM,77.81M,-,-,-,7.22,0.61,18.98,-,85.66%,89.61%,53.41%,-,-,5.89,-3.28%,"98,838"
FFRNM,1.42B,-,-,-,-,1.70,3238.27,-,-,-,-,-,-,13.00,12.46%,"1,893,350"
FFRNW,-,-,-,-,-,-,-,-,-,-,-,-,-,22.99,-0.30%,"23,973"
FFRO,9.39B,10.38,11.25,0.61,4.17,3.30,19.91,15.86,379.28%,-53.98%,-4.20%,18.39%,10.27%,42.18,2.35%,"1,919,234"
FFROG,11.67B,-,82.68,3.99,19.45,12.12,14.14,68.76,19.55%,16.76%,-25.03%,20.70%,28.66%,94.64,-1.59%,"1,853,493"
FFRPH,421.02M,4475.51,-,-,9.71,0.98,4.17,-,-,-,-23.35%,-,12.68%,21.93,-0.95%,"122,579"
FFRPT,3.49B,19.15,39.11,-,2.97,2.85,9.95,57.19,-26.94%,-3.70%,-,-1.19%,28.16%,72.65,-0.15%,"1,213,966"
FFRSH,3.22B,18.89,14.80,1.02,3.56,3.62,4.84,14.59,1.37%,24.53%,-,14.53%,27.43%,12.33,-2.61%,"8,913,553"
FFRST,412.65M,7.74,8.58,-,1.32,0.95,-,-,256.41%,39.57%,21.10%,-,18.93%,16.64,-0.12%,"125,287"
FFRSX,6.21M,-,-,-,13.81,0.69,0.87,-,-,-,24.48%,-,-,1.19,-8.43%,"64,773"
FFRT,10.32B,23.83,38.68,-,7.73,3.20,96.19,30.80,-12.10%,-25.83%,23.55%,-8.89%,9.55%,118.02,-0.31%,"575,316"
FFRTT,-,-,-,-,-,-,-,-,-,-,-,-,-,1.06,-4.50%,"207,340"
FFRTY,-,-,-,-,-,-,-,-,-,-,-,-,-,23.77,0.72%,"12,700"
FFRVO,5.33B,-,-,-,-,1.91,2.53,-,-,-,-,-,-,18.10,-8.40%,"6,573,348"
FFRWD,-,-,-,-,-,-,-,-,-,-,-,-,-,33.53,0.25%,"45,864"
FFSBC,1.15B,13.87,12.51,0.84,4.13,2.12,-,14.28,20.90%,6.85%,6.57%,14.91%,25.01%,46.86,0.24%,"152,205"
FFSBW,318.61M,9.86,9.19,-,1.43,1.00,-,3.25,1.17%,7.53%,-0.90%,-,10.52%,42.87,-1.40%,"12,614"
FFSCC,-,-,-,-,-,-,-,-,-,-,-,-,-,36.21,-0.36%,"31,466"
FFSCO,1.03B,6.71,-,-,-,-,-,-,-,-,-,-,-,5.10,-0.20%,"875,239"
FFSCS,-,-,-,-,-,-,-,-,-,-,-,-,-,38.07,-0.62%,"9,000"
FFSEA,80.36M,-,-,-,2.80,1.26,-,243.50,-,-,-,-,9.94%,17.08,-0.12%,750
FFSEC,-,-,-,-,-,-,-,-,-,-,-,-,-,43.34,-0.18%,"165,325"
FFSEG,-,-,-,-,-,-,-,-,-,-,-,-,-,28.32,-0.10%,"1,894"
FFSEP,-,-,-,-,-,-,-,-,-,-,-,-,-,56.47,-0.09%,"9,112"
FFSEV,-,-,-,-,-,-,-,-,-,-,-,-,-,27.45,-0.41%,583
FFSGS,-,-,-,-,-,-,-,-,-,-,-,-,-,33.86,-0.52%,"1,185"
FFSHP,56.44M,64.06,-,-,-,2.92,-,-,-,-,-,-,-,11.23,0.09%,"85,011"
FFSI,68.84M,-,7.38,-,1.93,1.86,8.27,-,333.33%,180.77%,-24.88%,-,4.16%,5.39,6.94%,"58,786"
FFSIG,-,-,-,-,-,-,-,-,-,-,-,-,-,18.83,-0.08%,"209,261"
FFSK,3.32B,-,7.94,-,3.92,0.66,30.45,8.40,-29.93%,-7.77%,-,-18.00%,51.03%,12.01,-2.83%,"1,719,706"
FFSLR,23.41B,13.43,9.31,0.34,4.35,2.27,13.56,15.61,22.67%,34.19%,30.65%,27.48%,14.00%,217.85,-3.42%,"1,902,052"
FFSLY,4.63B,-,49.73,0.67,6.73,4.66,13.71,247.25,303.76%,11.25%,2.21%,73.85%,16.49%,29.04,-2.97%,"6,137,439"
FFSM,3.19B,9.33,6.12,0.15,2.70,1.80,5.08,8.00,96.21%,22.90%,51.01%,41.64%,27.90%,10.77,0.94%,"7,586,418"
FFSMB,-,-,-,-,-,-,-,-,-,-,-,-,-,19.93,-0.15%,"59,777"
FFSMD,-,-,-,-,-,-,-,-,-,-,-,-,-,53.36,0.34%,"87,859"
FFSML,-,-,-,-,-,-,-,-,-,-,-,-,-,31.04,-0.43%,"3,549"
FFSOL,-,-,-,-,-,-,-,-,-,-,-,-,-,8.96,1.19%,"201,718"
FFSP,48.52M,-,-,-,0.46,0.08,2.16,-,-,-,-,-,-14.76%,0.47,-4.44%,"363,271"
FFSPC,-,-,-,-,-,-,-,-,-,-,-,-,-,21.05,-0.54%,108
FFSS,7.70B,27.17,21.83,1.42,3.15,5.11,122.61,22.70,23.66%,10.48%,20.79%,15.42%,14.03%,126.14,0.23%,"391,279"
FFSSL,876.85M,-,-,-,-,-,-,-,-,-,-,-,-,11.55,-0.17%,"223,290"
FFSTA,-,-,-,-,-,-,-,-,-,-,-,-,-,53.62,-1.34%,"112,783"
FFSTB,-,-,-,-,-,-,-,-,-,-,-,-,-,20.06,0.07%,"3,620"
FFSTR,404.80M,36.31,19.00,0.35,0.73,2.24,70.04,8.60,134.78%,25.00%,-15.93%,54.41%,1.66%,38.48,-0.67%,"64,827"
FFSUN,1.80B,20.80,8.71,-,2.50,0.98,-,1.56,-6.81%,41.75%,6.12%,-,13.08%,40.98,-0.32%,"153,041"
FFSV,6.14B,39.63,20.95,2.40,1.10,5.07,30.54,18.31,6.33%,9.19%,9.43%,8.72%,14.67%,139.87,-0.67%,"164,661"
FFSYD,-,-,-,-,-,-,-,-,-,-,-,-,-,48.53,-0.06%,"17,784"
FFSZ,-,-,-,-,-,-,-,-,-,-,-,-,-,82.98,-0.20%,73
FFT,197.79M,6.05,-,-,12.96,0.87,-,-,-,-,-,-,-,7.87,-0.25%,"74,220"
FFTA,-,-,-,-,-,-,-,-,-,-,-,-,-,103.15,-0.98%,"13,882"
FFTAG,-,-,-,-,-,-,-,-,-,-,-,-,-,28.94,-0.83%,953
FFTAI,23.36B,49.54,18.01,0.32,7.50,57.78,69.27,-,33.02%,106.41%,-,56.40%,46.65%,227.43,4.74%,"1,267,177"
FFTBD,-,-,-,-,-,-,-,-,-,-,-,-,-,48.44,-0.26%,"10,854"
FFTBI,-,-,-,-,-,-,-,-,-,-,-,-,-,21.99,-0.20%,"5,407"
FFTC,-,-,-,-,-,-,-,-,-,-,-,-,-,187.73,0.26%,"8,947"
FFTCA,-,-,-,-,-,-,-,-,-,-,-,-,-,7.26,-0.40%,"148,033"
FFTCB,-,-,-,-,-,-,-,-,-,-,-,-,-,20.56,-0.15%,"488,900"
FFTCE,-,-,-,-,-,-,-,-,-,-,-,-,-,27.89,-0.83%,"2,672"
FFTCI,38.19M,-,-,-,0.37,-,3.45,-,85.45%,18.63%,-24.85%,67.60%,-11.86%,2.32,-0.85%,"98,787"
FFTCS,-,-,-,-,-,-,-,-,-,-,-,-,-,100.07,-0.93%,"257,219"
FFTDR,5.77B,22.16,16.02,1.28,2.69,20.43,9.17,14.95,15.34%,10.81%,21.18%,12.54%,7.26%,83.75,-3.15%,"573,525"
FFTDS,-,-,-,-,-,-,-,-,-,-,-,-,-,65.94,-0.80%,"1,322"
FFTEC,-,-,-,-,-,-,-,-,-,-,-,-,-,292.36,-0.05%,"209,090"
FFTEK,44.95M,-,-,-,1.65,1.21,2.29,-,-62.50%,61.54%,15.40%,-,3.42%,1.44,-0.69%,"112,331"
FFTF,235.56M,13.88,-,-,7.16,0.88,-,-,-,-,-,-,-,5.83,-0.17%,"136,055"
FFTFT,1.59M,-,-,-,0.49,0.04,0.04,-,-,-,36.52%,-,59.70%,0.85,3.03%,"158,508"
FFTGC,-,-,-,-,-,-,-,-,-,-,-,-,-,30.03,1.43%,"347,265"
FFTGS,-,-,-,-,-,-,-,-,-,-,-,-,-,39.71,-0.52%,"159,889"
FFTH,846.79M,-,-,-,-,4.89,4.54,-,10.22%,77.36%,-4.83%,37.33%,-,32.77,1.33%,"417,348"
FFTHA,132.47M,-,-,-,-,1.13,104.30,-,-,-,-,-,-,9.93,-0.25%,"1,412"
FFTHF,-,-,-,-,-,-,-,-,-,-,-,-,-,47.58,1.58%,"5,824"
FFTHI,-,-,-,-,-,-,-,-,-,-,-,-,-,24.35,0.08%,"408,427"
FFTHM,24.73M,-,-,-,0.06,1.02,5.29,-,-,-,-49.36%,-,18.92%,0.72,-3.93%,"56,532"
FFTHY,493.49M,19.45,-,-,-,-,-,-,-,-,-,-,-,13.42,-0.37%,"97,531"
FFTI,31.30B,27.81,22.23,1.19,3.03,9.58,31.56,19.91,25.81%,16.49%,-,18.67%,8.49%,79.81,1.53%,"3,900,574"
FFTIF,-,-,-,-,-,-,-,-,-,-,-,-,-,29.33,0.20%,542
FFTK,1.04B,28.86,24.92,24.92,3.54,8.03,230.17,-,-15.80%,51.32%,-,1.00%,34.88%,28.66,-20.01%,"2,825,596"
FFTKI,-,-,-,-,-,-,-,-,-,-,-,-,-,20.40,0.20%,"1,988"
FFTLF,91.28M,15.56,8.00,0.21,0.90,1.93,83.74,9.11,37.30%,40.46%,-8.21%,37.84%,29.80%,9.72,-10.00%,"10,927"
FFTLS,-,-,-,-,-,-,-,-,-,-,-,-,-,76.38,-0.08%,"103,453"
FFTMA,-,-,-,-,-,-,-,-,-,-,-,-,-,8.92,-0.45%,"114,576"
FFTMH,-,-,-,-,-,-,-,-,-,-,-,-,-,11.53,-0.69%,"214,351"
FFTMN,-,-,-,-,-,-,-,-,-,-,-,-,-,8.71,-0.29%,"45,050"
FFTMS,-,-,-,-,-,-,-,-,-,-,-,-,-,9.90,0.05%,"73,411"
FFTMU,-,-,-,-,-,-,-,-,-,-,-,-,-,7.75,-0.39%,"68,097"
FFTNJ,-,-,-,-,-,-,-,-,-,-,-,-,-,8.67,-0.11%,"88,828"
FFTNT,114.35B,54.92,41.38,2.63,15.19,73.71,28.10,36.69,24.71%,9.42%,32.99%,15.72%,21.25%,155.85,-2.60%,"3,834,560"
FFTNY,-,-,-,-,-,-,-,-,-,-,-,-,-,7.78,-0.32%,"147,445"
FFTOH,-,-,-,-,-,-,-,-,-,-,-,-,-,8.34,-0.10%,"45,933"
FFTPA,-,-,-,-,-,-,-,-,-,-,-,-,-,8.56,-0.35%,"90,707"
FFTQI,-,-,-,-,-,-,-,-,-,-,-,-,-,22.45,0.22%,"227,423"
FFTRA,283.47M,-,-,-,-,1.28,283.47,-,-,-,-,-,-,9.86,0.00%,"49,339"
FFTRB,-,-,-,-,-,-,-,-,-,-,-,-,-,24.75,-0.26%,"134,139"
FFTRE,1.72B,-,17.01,0.37,0.64,3.28,10.21,8.78,95.44%,26.59%,-21.68%,45.77%,1.09%,18.10,3.96%,"1,152,566"
FFTRI,-,-,-,-,-,-,-,-,-,-,-,-,-,17.62,0.89%,"17,207"
FFTRK,3.49M,-,-,-,2.05,0.40,1.86,-,-,-,-,-,-,0.16,-44.06%,"6,519,413"
FFTS,28.84B,22.90,20.42,5.09,3.23,1.73,106.54,-,-0.68%,7.23%,4.66%,4.01%,5.51%,56.44,-0.42%,"558,345"
FFTSD,-,-,-,-,-,-,-,-,-,-,-,-,-,90.09,0.01%,"42,403"
FFTSL,-,-,-,-,-,-,-,-,-,-,-,-,-,44.97,0.01%,"148,106"
FFTSM,-,-,-,-,-,-,-,-,-,-,-,-,-,59.84,-0.02%,"1,511,425"
FFTV,18.31B,35.80,18.64,2.11,4.24,3.03,46.68,19.18,11.28%,7.88%,-16.65%,8.84%,-2.14%,60.64,-1.59%,"1,609,986"
FFTW,353.94M,73.16,565.50,-,-,1.96,6.60,-,-8187.50%,100.62%,-,-,-,11.31,0.80%,"152,196"
FFTWO,-,-,-,-,-,-,-,-,-,-,-,-,-,46.48,0.08%,"6,764"
FFTXG,-,-,-,-,-,-,-,-,-,-,-,-,-,22.83,-1.46%,"10,264"
FFTXH,-,-,-,-,-,-,-,-,-,-,-,-,-,40.21,1.04%,"173,543"
FFTXL,-,-,-,-,-,-,-,-,-,-,-,-,-,243.84,1.68%,"176,262"
FFTXN,-,-,-,-,-,-,-,-,-,-,-,-,-,39.46,1.02%,"52,752"
FFTXO,-,-,-,-,-,-,-,-,-,-,-,-,-,43.56,-0.71%,"100,253"
FFTXR,-,-,-,-,-,-,-,-,-,-,-,-,-,45.04,-0.43%,"41,087"
FFUBO,1.12B,2.38,-,-,0.69,0.37,4.87,8.09,-,-,19.08%,-,228.06%,10.27,1.18%,"1,603,814"
FFUFU,214.99M,-,-,-,0.46,1.87,5.70,-,29.41%,-,-560.39%,-,-,1.29,-11.03%,"433,316"
FFUL,3.42B,18.89,11.94,0.96,0.97,1.64,29.97,24.29,14.83%,9.35%,3.11%,12.50%,4.48%,63.58,1.32%,"885,149"
FFULC,292.98M,-,-,-,-,0.94,0.92,-,40.15%,51.42%,15.80%,27.00%,-,3.84,2.67%,"8,439,984"
FFULT,4.67B,11.72,10.62,18.31,2.43,1.29,-,11.33,0.62%,10.09%,13.77%,0.58%,14.37%,24.47,-0.69%,"1,519,520"
FFUMB,-,-,-,-,-,-,-,-,-,-,-,-,-,20.08,0.00%,"27,421"
FFUN,1.60B,-,-,-,0.52,13.91,11.85,10.63,83.32%,96.87%,-8.74%,-,76.39%,15.60,-4.88%,"1,943,009"
FFUNC,289.98M,11.65,9.47,-,2.36,1.37,-,11.15,12.07%,6.64%,13.81%,-,9.55%,44.93,-0.99%,"17,308"
FFUND,320.48M,5.86,-,-,38.32,1.12,-,-,-,-,-,-,-,10.72,0.33%,"36,939"
FFURY,118.64M,-,-,-,-,1.65,2.97,-,-88.49%,33.97%,26.90%,-,-,0.62,1.50%,"313,688"
FFUSB,90.78M,12.55,-,-,1.42,0.87,-,10.40,-,-,19.84%,-,6.87%,16.49,0.18%,"3,363"
FFUSD,-,-,-,-,-,-,-,-,-,-,-,-,-,25.08,0.02%,330
FFUSE,24.23M,48.33,-,-,2.13,-,65.49,-,-,-,-148.83%,-,-,0.84,-1.10%,"81,658"
FFUSI,-,-,-,-,-,-,-,-,-,-,-,-,-,50.56,0.08%,"88,440"
FFUTG,-,-,-,-,-,-,-,-,-,-,-,-,-,4.16,8.47%,"802,595"
FFUTU,10.48B,12.03,9.47,1.04,3.41,2.92,3.56,-,-11.27%,27.44%,50.82%,9.10%,47.00%,109.50,4.06%,"1,167,901"
FFUTY,-,-,-,-,-,-,-,-,-,-,-,-,-,57.01,-0.33%,"274,695"
FFV,-,-,-,-,-,-,-,-,-,-,-,-,-,73.87,0.42%,"24,605"
FFVAL,-,-,-,-,-,-,-,-,-,-,-,-,-,82.64,-0.68%,"34,901"
FFVAV,368.25M,-,-,-,-,1.34,400.27,-,-,-,-,-,-,10.19,0.39%,"6,602"
FFVC,-,-,-,-,-,-,-,-,-,-,-,-,-,42.63,0.47%,804
FFVCB,337.96M,13.16,11.22,-,2.69,1.27,-,10.67,31.67%,5.70%,6.60%,-,11.76%,18.74,-0.21%,"88,921"
FFVD,-,-,-,-,-,-,-,-,-,-,-,-,-,50.48,-0.86%,"225,552"
FFVN,88.26M,326.82,-,-,-,9.55,9.41,-,-,-,-,-,-,11.70,0.86%,"102,394"
FFVR,580.06M,992.39,-,-,8.34,1.06,96.68,13.39,97.31%,-358.53%,-,-,-,19.55,-1.06%,"117,289"
FFVRR,314.21M,10.69,6.86,-,0.75,0.72,1.24,3.40,-45.05%,-21.39%,-,-19.11%,17.86%,8.74,-3.00%,"734,823"
FFWAC,126.98M,-,-,-,-,1.45,149.39,-,-,-,-,-,-,9.89,-0.10%,"23,338"
FFWD,-,-,-,-,-,-,-,-,-,-,-,-,-,136.23,0.56%,"131,739"
FFWDI,316.07M,-,21.95,-,5.95,0.67,23.80,-,60.63%,102.01%,-67.73%,-,-12.01%,4.28,0.47%,"1,071,067"
FFWONA,25.32B,57.78,42.29,5.35,5.84,3.08,17.29,32.22,-18.15%,21.89%,-,7.90%,31.38%,93.46,-1.94%,"149,501"
FFWONK,25.35B,63.05,45.38,5.21,5.84,3.36,17.30,32.25,-16.93%,21.85%,-,8.71%,31.38%,101.98,-1.85%,"1,395,344"
FFWRD,652.65M,-,81.86,-,0.26,-,4.68,13.53,60.36%,128.37%,-,-,14.47%,19.32,1.90%,"423,057"
FFWRG,759.68M,43.58,47.31,8.73,0.58,1.20,37.09,-,-62.92%,126.35%,-,5.42%,28.99%,12.31,-3.22%,"1,037,542"
FFXA,-,-,-,-,-,-,-,-,-,-,-,-,-,70.32,0.27%,"8,651"
FFXAC,126.82M,-,-,-,-,1.51,222.50,-,-,-,-,-,-,10.04,-0.10%,67
FFXB,-,-,-,-,-,-,-,-,-,-,-,-,-,130.20,0.08%,"3,248"
FFXC,-,-,-,-,-,-,-,-,-,-,-,-,-,70.43,0.06%,"3,130"
FFXD,-,-,-,-,-,-,-,-,-,-,-,-,-,69.77,-1.51%,"43,416"
FFXE,-,-,-,-,-,-,-,-,-,-,-,-,-,106.86,0.07%,"59,310"
FFXED,-,-,-,-,-,-,-,-,-,-,-,-,-,17.31,-0.40%,"1,586"
FFXF,-,-,-,-,-,-,-,-,-,-,-,-,-,108.63,0.28%,"52,130"
FFXG,-,-,-,-,-,-,-,-,-,-,-,-,-,65.24,-0.80%,"34,501"
FFXH,-,-,-,-,-,-,-,-,-,-,-,-,-,131.14,-0.06%,"155,689"
FFXHO,305.59M,0.03,-,-,11.05,95.05,8.05,-,-,-,96.33%,-,-5.36%,11.63,3.93%,"134,339"
FFXI,-,-,-,-,-,-,-,-,-,-,-,-,-,35.10,0.60%,"17,101,820"
FFXL,-,-,-,-,-,-,-,-,-,-,-,-,-,224.12,0.05%,"18,872"
FFXN,-,-,-,-,-,-,-,-,-,-,-,-,-,23.12,0.74%,"510,942"
FFXNC,287.29M,13.25,12.36,-,2.45,1.48,-,10.94,15.02%,5.44%,1.59%,-,23.19%,31.77,-0.35%,"95,941"
FFXO,-,-,-,-,-,-,-,-,-,-,-,-,-,66.19,-1.02%,"55,427"
FFXP,-,-,-,-,-,-,-,-,-,-,-,-,-,20.68,-2.01%,"1,401"
FFXR,-,-,-,-,-,-,-,-,-,-,-,-,-,91.37,-0.68%,"32,555"
FFXU,-,-,-,-,-,-,-,-,-,-,-,-,-,48.51,-0.37%,"183,819"
FFXY,-,-,-,-,-,-,-,-,-,-,-,-,-,57.53,-0.09%,"120,819"
FFXZ,-,-,-,-,-,-,-,-,-,-,-,-,-,84.69,1.10%,"35,760"
FFYC,-,-,-,-,-,-,-,-,-,-,-,-,-,123.82,-0.47%,"46,977"
FFYEE,-,-,-,-,-,-,-,-,-,-,-,-,-,30.23,-0.23%,"63,963"
FFYLD,-,-,-,-,-,-,-,-,-,-,-,-,-,40.35,0.25%,"47,169"
FFYT,-,-,-,-,-,-,-,-,-,-,-,-,-,72.82,-0.82%,"8,923"
FFYX,-,-,-,-,-,-,-,-,-,-,-,-,-,145.22,-0.60%,"21,449"
GG,5.66B,10.04,7.47,0.65,1.08,2.17,10.94,9.90,12.88%,9.56%,14.71%,11.42%,6.51%,33.70,-0.47%,"1,567,884"
GGAA,-,-,-,-,-,-,-,-,-,-,-,-,-,35.84,-0.44%,"8,870"
GGAB,1.79B,5.87,-,-,50.02,1.03,-,-,-,-,-,-,-,5.75,-0.86%,"729,421"
GGABC,1.91B,13.45,12.38,-,3.81,1.58,-,10.95,28.16%,4.93%,5.48%,-,16.34%,50.94,-0.86%,"126,600"
GGABF,-,-,-,-,-,-,-,-,-,-,-,-,-,46.46,-1.37%,"5,603"
GGAEM,-,-,-,-,-,-,-,-,-,-,-,-,-,26.84,-0.18%,"3,473"
GGAIA,38.23M,-,-,-,0.39,0.46,7.25,-,-131.94%,10.78%,-,-,8.17%,1.51,3.42%,"115,884"
GGAIN,650.69M,3.91,16.10,-,9.67,1.01,56.29,15.32,1110.00%,0.50%,30.12%,-,1.24%,16.34,0.18%,"346,118"
GGAIQ,-,-,-,-,-,-,-,-,-,-,-,-,-,64.53,-0.30%,"2,114"
GGAL,-,-,-,-,-,-,-,-,-,-,-,-,-,53.91,-0.07%,"12,764"
GGALT,353.98M,-,-,-,-,-,26.68,-,37.50%,23.33%,-3.21%,-,-,3.51,2.03%,"300,046"
GGALX,-,-,-,-,-,-,-,-,-,-,-,-,-,26.42,0.29%,628
GGAM,1.80B,4.25,-,-,73.76,0.93,-,-,-,-,-,-,-,67.71,-0.27%,"16,904"
GGAME,45.78M,-,-,-,0.73,4.57,10.27,-,53.01%,96.51%,56.91%,-,33.67%,0.44,6.52%,"2,534,778"
GGAMR,-,-,-,-,-,-,-,-,-,-,-,-,-,97.15,-1.44%,"1,794"
GGANX,89.03M,-,-,-,-,7.83,6.81,-,18.03%,-30.00%,-15.21%,-3.43%,-,2.04,-3.77%,"323,485"
GGAP,7.26B,7.97,7.91,0.83,0.47,1.99,2.84,6.46,9.41%,9.47%,-,9.48%,2.17%,20.18,-2.04%,"5,649,611"
GGAPR,-,-,-,-,-,-,-,-,-,-,-,-,-,42.43,-0.16%,"3,249"
GGARA,-,-,-,-,-,-,-,-,-,-,-,-,-,27.58,-0.51%,11
GGARP,-,-,-,-,-,-,-,-,-,-,-,-,-,84.22,-0.53%,"291,951"
GGARY,-,-,-,-,-,-,-,-,-,-,-,-,-,27.61,-0.04%,"1,347"
GGASS,356.99M,5.71,6.71,-,2.05,0.50,2.72,4.60,2.82%,-21.43%,39.30%,-,3.61%,9.60,1.48%,"234,811"
GGASZ,-,-,-,-,-,-,-,-,-,-,-,-,-,24.36,0.74%,"8,552"
GGATX,6.38B,17.90,16.03,1.39,3.11,2.29,8.53,-,16.89%,10.19%,16.91%,11.49%,7.55%,180.64,0.00%,"186,564"
GGAU,551.95M,8.00,2.55,0.05,0.92,1.74,5.21,14.60,143.27%,48.15%,-,54.62%,49.90%,2.11,0.96%,"2,489,270"
GGAUG,-,-,-,-,-,-,-,-,-,-,-,-,-,42.00,0.00%,"94,426"
GGAUZ,7.12M,-,-,-,0.07,0.40,5.24,-,-,-,-44.37%,-,116.17%,0.38,-8.79%,"261,566"
GGAVA,-,-,-,-,-,-,-,-,-,-,-,-,-,15.39,-1.33%,927
GGBAB,385.58M,11.80,-,-,-,-,-,-,-,-,-,-,-,13.92,-1.14%,"80,144"
GGBCI,6.46B,20.30,13.76,-,4.09,1.50,-,15.86,52.68%,18.65%,-6.61%,-,12.45%,49.61,-0.64%,"616,601"
GGBDC,3.41B,20.19,10.26,-,4.59,0.92,48.21,13.41,-11.81%,-7.06%,30.90%,-7.99%,20.18%,13.12,-1.06%,"1,285,229"
GGBF,-,-,-,-,-,-,-,-,-,-,-,-,-,101.93,-0.23%,"1,693"
GGBFH,307.89M,16.61,8.09,-,2.57,1.78,-,9.92,-4.22%,64.99%,20.33%,-,30.69%,21.21,-1.16%,"108,367"
GGBHI,-,-,-,-,-,-,-,-,-,-,-,-,-,25.30,-0.06%,71
GGBIL,-,-,-,-,-,-,-,-,-,-,-,-,-,100.06,0.01%,"431,668"
GGBLI,397.93M,11.54,8.75,0.41,0.87,0.56,-,-,37.63%,15.69%,-,21.48%,-5.06%,27.18,0.41%,"3,938"
GGBND,-,-,-,-,-,-,-,-,-,-,-,-,-,49.62,-0.24%,"22,662"
GGBR,3.80M,-,-,-,23.74,0.86,12.66,-,-,-,26.96%,-,8.94%,0.74,3.80%,"42,924"
GGBTC,-,-,-,-,-,-,-,-,-,-,-,-,-,49.75,2.20%,"2,283,711"
GGBTG,4.93B,58.78,19.67,-,1.55,3.01,9.52,48.35,4.55%,108.70%,-,-,-,9.44,-0.21%,"862,291"
GGBUG,-,-,-,-,-,-,-,-,-,-,-,-,-,48.82,2.26%,"28,474"
GGBX,1.42B,13.46,11.74,-,0.54,0.90,4.39,-,-53.97%,28.57%,34.10%,-8.49%,2.98%,45.78,0.75%,"269,405"
GGCAD,-,-,-,-,-,-,-,-,-,-,-,-,-,57.40,-0.58%,"5,476"
GGCAL,-,-,-,-,-,-,-,-,-,-,-,-,-,50.55,-0.17%,"11,350"
GGCBC,583.12M,14.22,-,-,4.00,2.10,-,16.05,-,-,11.37%,-,16.48%,34.25,-2.06%,"18,713"
GGCC,-,-,-,-,-,-,-,-,-,-,-,-,-,25.63,1.79%,"43,295"
GGCDT,-,-,-,-,-,-,-,-,-,-,-,-,-,0.48,-2.23%,"142,134"
GGCGR,470.21M,-,-,-,-,1.20,379.21,-,-,-,-,-,-,10.18,0.69%,"451,451"
GGCL,70.42M,-,-,-,0.29,1.91,1.79,-,-,-,-140.89%,-,-,0.55,4.94%,"364,426"
GGCMG,2.77B,26.53,12.69,0.94,4.90,33.05,19.83,14.86,7.14%,20.00%,-,13.56%,4.84%,13.70,-1.15%,"373,888"
GGCO,384.74M,20.09,12.10,0.39,0.16,0.70,14.19,4.50,55.17%,27.22%,-,31.00%,6.40%,34.64,-1.56%,"271,462"
GGCOR,-,-,-,-,-,-,-,-,-,-,-,-,-,40.46,-0.20%,"61,111"
GGCOW,-,-,-,-,-,-,-,-,-,-,-,-,-,46.60,-0.60%,"102,527"
GGCPB,-,-,-,-,-,-,-,-,-,-,-,-,-,49.89,-0.38%,"12,484"
GGCSH,-,-,-,-,-,-,-,-,-,-,-,-,-,50.01,-0.12%,"1,399"
GGCT,1.80B,11.91,10.46,-,1.22,3.41,4.74,11.21,21.91%,9.82%,61.67%,-,36.17%,50.28,-3.07%,"387,845"
GGCTK,2.64M,-,-,-,-,-,2.36,-,-,-,50.71%,-,-,0.34,-6.91%,"23,845,428"
GGCTS,192.22M,-,-,-,47.11,-,6.36,-,31.10%,39.82%,-,13.54%,-,2.09,6.09%,"1,720,699"
GGCV,95.10M,4.63,-,-,47.77,1.14,-,-,-,-,-,-,-,4.72,-0.84%,"21,902"
GGD,105.83B,23.85,21.07,2.32,1.93,3.94,24.42,16.41,9.74%,9.49%,7.04%,9.07%,6.74%,391.14,-1.17%,"725,784"
GGDC,7.49M,-,-,-,-,0.02,1.04,-,-,-,-6.40%,-,-,1.80,-3.23%,"258,962"
GGDDY,11.70B,13.70,10.00,0.53,2.29,1748.77,10.12,6.87,19.11%,24.67%,-,18.99%,8.35%,92.37,-2.68%,"1,785,762"
GGDE,-,-,-,-,-,-,-,-,-,-,-,-,-,68.00,0.07%,"53,950"
GGDEC,-,-,-,-,-,-,-,-,-,-,-,-,-,40.57,-0.09%,"14,614"
GGDEV,217.08M,3.04,-,-,0.53,-,2.00,6.81,-,-,-,-,9.16%,11.96,-1.60%,"4,665"
GGDHG,59.85M,-,-,-,5.27,0.12,0.38,14.05,-,-,-,-,-11.29%,1.27,-5.22%,"3,648"
GGDIV,-,-,-,-,-,-,-,-,-,-,-,-,-,19.03,-0.28%,"2,383"
GGDL,92.01M,12.03,-,-,-,-,-,-,-,-,-,-,-,8.42,0.20%,"8,155"
GGDLC,-,-,-,-,-,-,-,-,-,-,-,-,-,29.05,2.00%,"31,461"
GGDMA,-,-,-,-,-,-,-,-,-,-,-,-,-,43.37,1.01%,"10,963"
GGDMN,-,-,-,-,-,-,-,-,-,-,-,-,-,92.68,3.07%,"45,673"
GGDO,77.30M,8.50,-,-,-,-,-,-,-,-,-,-,-,10.28,-0.10%,"37,822"
GGDOC,-,-,-,-,-,-,-,-,-,-,-,-,-,37.26,0.92%,227
GGDOG,-,-,-,-,-,-,-,-,-,-,-,-,-,8.24,0.59%,"20,192"
GGDOT,766.45M,-,8.97,-,0.34,0.82,0.67,9.23,15.37%,-7.79%,-,-,10.66%,13.45,-0.59%,"403,331"
GGDRX,1.27B,78.98,10.32,1.54,1.62,1.95,4.29,6.44,-12.96%,18.32%,-,6.69%,7.67%,3.72,-0.27%,"1,309,211"
GGDS,6.90B,17.70,289.01,8.46,3.93,1.69,3.13,-,740.52%,-82.15%,-,34.17%,13.85%,35.38,2.82%,"1,868,905"
GGDT,-,-,-,-,-,-,-,-,-,-,-,-,-,36.19,0.89%,"1,580"
GGDTC,10.72M,-,-,-,42.88,2.11,6.58,-,-,-,-226.97%,-,-,0.91,-4.54%,"24,483"
GGDV,2.70B,6.33,-,-,42.70,1.00,-,-,-,-,-,-,-,30.63,-0.42%,"90,246"
GGDX,-,-,-,-,-,-,-,-,-,-,-,-,-,91.89,2.13%,"17,103,750"
GGDXD,-,-,-,-,-,-,-,-,-,-,-,-,-,23.27,-5.87%,"1,668,591"
GGDXJ,-,-,-,-,-,-,-,-,-,-,-,-,-,120.38,1.94%,"3,398,842"
GGDXU,-,-,-,-,-,-,-,-,-,-,-,-,-,138.29,6.26%,"1,351,395"
GGDXW,-,-,-,-,-,-,-,-,-,-,-,-,-,42.84,1.25%,"34,370"
GGDXY,-,-,-,-,-,-,-,-,-,-,-,-,-,11.12,1.74%,"725,140"
GGDYN,608.45M,219.30,14.24,1.15,1.44,1.17,2.04,38.03,10.00%,19.70%,-,12.37%,29.91%,7.50,-3.23%,"1,069,296"
GGE,383.31B,43.54,40.56,2.30,7.57,21.73,41.02,45.65,24.31%,15.02%,69.37%,17.65%,-9.57%,369.43,0.29%,"5,515,363"
GGECC,79.72M,-,4.99,-,1.85,0.72,14.16,8.46,-45.07%,47.44%,29.14%,-,30.15%,5.74,0.88%,"37,296"
GGEF,4.53B,22.58,18.32,0.50,1.15,1.65,15.71,-,115.58%,10.59%,-,36.40%,-1.01%,87.36,0.01%,"203,415"
GGEG,67.42M,-,-,-,2.95,1.61,0.80,5.88,-,-,-,-,-22.67%,2.15,-0.46%,"6,019"
GGEHC,32.69B,16.63,13.31,1.40,1.54,2.98,15.53,20.70,7.30%,10.40%,0.61%,9.54%,3.74%,72.37,-1.79%,"2,251,519"
GGEL,1.96B,79.68,200.00,-,1.07,-,44.20,5.46,97.26%,500.00%,30.22%,-,-2.23%,16.00,1.14%,"139,627"
GGELS,6.04M,-,-,-,54.91,0.67,603.98,-,-,-,-,-,-,0.56,-2.74%,"34,999"
GGEM,-,-,-,-,-,-,-,-,-,-,-,-,-,51.46,0.90%,"206,075"
GGEMD,-,-,-,-,-,-,-,-,-,-,-,-,-,41.59,-0.25%,"4,839"
GGEME,-,-,-,-,-,-,-,-,-,-,-,-,-,42.84,0.48%,"54,482"
GGEMG,-,-,-,-,-,-,-,-,-,-,-,-,-,5.52,-16.45%,"62,855"
GGEMI,430.64M,-,-,-,2.67,0.97,0.69,-,57.39%,23.14%,-,33.05%,-,3.61,-7.91%,"3,845,662"
GGEN,16.41B,15.91,8.29,0.68,3.23,6.18,29.09,10.60,14.41%,12.82%,11.23%,12.18%,14.41%,27.41,-3.76%,"4,296,342"
GGENB,2.01B,-,-,-,-,4.41,4.40,-,50.13%,-1.25%,-,26.09%,-,15.69,0.32%,"745,899"
GGENC,293.16M,19.69,19.42,2.49,2.66,1.30,1.79,10.58,0.00%,-3.74%,23.25%,7.79%,8.32%,20.00,11.11%,"240,115"
GGEND,-,-,-,-,-,-,-,-,-,-,-,-,-,13.42,-0.40%,"1,219"
GGENI,2.08B,-,30.88,-,2.91,2.88,10.52,72.24,36.56%,190.04%,13.19%,-,34.92%,7.76,-7.40%,"3,956,258"
GGENK,62.30M,-,-,-,0.30,0.74,10.51,-,-250.00%,46.03%,-14.94%,-,27.67%,1.89,-2.07%,"53,991"
GGENM,-,-,-,-,-,-,-,-,-,-,-,-,-,10.20,-0.24%,"3,694"
GGENT,-,-,-,-,-,-,-,-,-,-,-,-,-,10.18,0.04%,"8,023"
GGENW,-,-,-,-,-,-,-,-,-,-,-,-,-,15.47,-0.49%,150
GGENZ,-,-,-,-,-,-,-,-,-,-,-,-,-,39.34,-1.43%,"1,911"
GGEO,4.10B,14.70,17.40,-,1.45,2.72,71.77,155.07,47.29%,41.32%,14.08%,-,2.29%,31.15,-0.22%,"1,475,245"
GGEOS,74.64M,-,-,-,0.81,0.78,15.45,-,-,-,11.78%,-,4.76%,5.77,3.04%,"184,346"
GGEQ,-,-,-,-,-,-,-,-,-,-,-,-,-,52.59,-0.29%,12
GGERN,982.99M,-,20.68,-,4.81,4.50,3.25,-,67.31%,274.12%,14.78%,-,273.49%,1.53,4.08%,"8,412,319"
GGETY,116.07M,-,-,-,0.12,0.26,0.17,-,90.57%,-20.48%,-5.24%,72.64%,-,0.28,-10.34%,"3,623,186"
GGEV,287.37B,30.89,43.28,1.70,6.95,24.03,21.90,23.10,73.99%,-19.01%,-,25.40%,-,1079.00,1.48%,"2,091,106"
GGEVC,-,-,-,-,-,-,-,-,-,-,-,-,-,24.28,3.70%,121
GGEVG,-,-,-,-,-,-,-,-,-,-,-,-,-,29.38,3.41%,"57,040"
GGEVO,395.58M,-,-,-,2.23,1.45,6.80,-,32.83%,97.77%,27.19%,47.04%,96.11%,1.60,-5.33%,"1,619,390"
GGEVX,-,-,-,-,-,-,-,-,-,-,-,-,-,23.00,2.93%,"121,946"
GGEW,-,-,-,-,-,-,-,-,-,-,-,-,-,57.12,-0.29%,38
GGF,188.61M,3.39,-,-,50.87,0.91,-,-,-,-,-,-,-,11.62,-0.03%,"17,028"
GGFAI,10.94M,-,-,-,0.31,0.18,0.44,-,-,-,57.45%,-,-1.32%,0.35,-0.63%,"49,034"
GGFEB,-,-,-,-,-,-,-,-,-,-,-,-,-,44.78,-0.02%,"38,671"
GGFF,4.63B,22.68,16.66,2.13,2.09,35.98,41.94,18.04,-4.45%,13.58%,17.86%,7.82%,4.05%,102.18,-1.90%,"308,625"
GGFGF,-,-,-,-,-,-,-,-,-,-,-,-,-,36.41,-1.00%,237
GGFI,37.14B,10.50,7.55,0.43,4.23,4.40,20.88,11.90,73.42%,5.71%,37.26%,17.61%,17.73%,41.50,3.13%,"3,169,484"
GGFL,14.99B,-,54.44,2.37,2.97,2.89,110.72,52.25,6.20%,32.89%,-,22.94%,8.64%,41.54,-0.86%,"1,777,363"
GGFLW,-,-,-,-,-,-,-,-,-,-,-,-,-,34.79,0.33%,"127,256"
GGFR,692.83M,-,-,-,1.58,1.00,331.50,-,-,-,-,-,-,6.45,-7.06%,"497,819"
GGFS,29.32B,41.71,21.16,0.84,4.23,2.48,12.44,36.84,12.54%,30.46%,-,25.12%,6.96%,53.44,-2.09%,"4,197,887"
GGFSG,-,-,-,-,-,-,-,-,-,-,-,-,-,4.81,-3.97%,"116,615"
GGFUZ,471.29M,-,-,-,-,-,703.42,-,-,-,-,-,-,7.77,-4.43%,"232,720"
GGGAL,5.75B,79.99,6.34,0.06,0.57,1.12,-,-,310.76%,47.18%,-17.81%,99.79%,19.98%,43.42,0.12%,"505,215"
GGGB,5.95B,21.88,7.93,0.13,0.45,0.91,5.66,9.93,300.66%,12.76%,-10.35%,61.99%,8.04%,4.80,1.27%,"5,935,582"
GGGG,13.21B,25.62,23.29,2.63,5.83,5.24,26.02,20.98,11.64%,6.31%,9.93%,8.87%,6.27%,81.55,-0.48%,"1,298,485"
GGGLL,-,-,-,-,-,-,-,-,-,-,-,-,-,101.82,-1.01%,"860,725"
GGGLS,-,-,-,-,-,-,-,-,-,-,-,-,-,58.56,0.52%,"23,789"
GGGM,-,-,-,-,-,-,-,-,-,-,-,-,-,31.86,-0.09%,"7,868"
GGGME,-,-,-,-,-,-,-,-,-,-,-,-,-,63.50,-1.89%,612
GGGN,843.61M,2.69,-,-,36.72,0.98,-,-,-,-,-,-,-,5.40,1.50%,"440,387"
GGGOV,-,-,-,-,-,-,-,-,-,-,-,-,-,50.09,-0.00%,"152,586"
GGGR,34.42M,-,-,-,0.12,0.40,0.45,-,-,-,7.06%,-,-5.02%,2.33,2.19%,"24,342"
GGGRP,20.40M,-,-,-,2.98,7.32,9.49,-,-,-,23.16%,-,40.18%,0.94,3.97%,"343,155"
GGGRW,-,-,-,-,-,-,-,-,-,-,-,-,-,38.48,-0.16%,14
GGGT,172.67M,3.30,-,-,38.68,1.09,-,-,-,-,-,-,-,4.13,-1.43%,"390,352"
GGGTL,-,-,-,-,-,-,-,-,-,-,-,-,-,40.30,0.33%,37
GGGUS,-,-,-,-,-,-,-,-,-,-,-,-,-,68.30,-0.10%,"11,160"
GGGZ,129.43M,5.70,-,-,-,-,-,-,-,-,-,-,-,16.94,1.44%,"2,585"
GGH,21.70B,-,-,-,18.34,-,20.59,-,3.85%,39.43%,-4.99%,71.63%,27.92%,161.67,2.84%,"4,858,563"
GGHC,4.93B,9.39,17.39,1.33,0.97,1.04,3.80,24.64,3.81%,-2.90%,2.72%,13.04%,11.20%,1165.29,-2.18%,"34,960"
GGHG,74.65M,3.88,-,-,0.49,0.49,0.26,-,-,-,-8.99%,-,2.53%,1.13,1.70%,"11,823"
GGHI,136.81M,-,8.40,-,1.75,0.52,3.30,7.66,-42.68%,48.94%,-,-,8.37%,5.88,-1.51%,"168,430"
GGHM,1.36B,110.83,52.21,1.52,5.19,7.05,50.29,-,40.36%,40.71%,36.32%,34.25%,20.27%,115.48,1.31%,"124,848"
GGHRS,2.06B,-,-,-,-,5.72,5.67,-,-51.27%,-53.22%,-162.03%,-,-,29.98,1.66%,"182,237"
GGHTA,-,-,-,-,-,-,-,-,-,-,-,-,-,30.84,-0.15%,442
GGHXI,366.82M,-,-,-,-,1.36,327.51,-,-,-,-,-,-,10.05,-0.30%,640
GGHY,478.84M,9.35,-,-,-,-,-,-,-,-,-,-,-,11.69,0.09%,"70,631"
GGHYB,-,-,-,-,-,-,-,-,-,-,-,-,-,44.58,-0.12%,"5,832"
GGHYG,-,-,-,-,-,-,-,-,-,-,-,-,-,45.27,-0.10%,"9,163"
GGIAX,-,-,-,-,-,-,-,-,-,-,-,-,-,16.56,0.24%,"126,990"
GGIB,14.82B,12.42,10.41,1.21,1.25,2.08,33.19,8.24,8.53%,9.16%,10.93%,8.59%,4.71%,72.47,-1.28%,"315,203"
GGIBO,74.33M,-,-,-,-,-,185.82,-,-,-,-,-,-,30.40,2.18%,784
GGIC,1.47B,17.45,17.51,2.72,1.02,4.29,16.97,16.85,24.59%,-4.34%,1.62%,6.43%,6.03%,38.61,-0.90%,"93,419"
GGIEQ,-,-,-,-,-,-,-,-,-,-,-,-,-,43.16,-0.26%,33
GGIFT,30.70M,-,-,-,0.37,1.42,7.83,-,62.86%,30.77%,10.45%,-,99.31%,0.87,-2.62%,"20,158"
GGIGB,-,-,-,-,-,-,-,-,-,-,-,-,-,44.80,-0.31%,"41,153"
GGIGL,-,-,-,-,-,-,-,-,-,-,-,-,-,49.45,-0.30%,"7,309"
GGIGM,16.47M,-,-,-,3.56,0.40,0.57,-,-,-,-3.74%,-,-12.76%,1.49,1.02%,"12,694"
GGII,-,-,-,-,-,-,-,-,-,-,-,-,-,74.68,-0.53%,"10,598"
GGIII,1.42B,11.95,13.66,-,0.49,0.78,3.61,8.49,-14.86%,11.22%,25.68%,-,7.55%,33.77,-0.38%,"696,851"
GGIL,10.35B,105.43,10.02,0.46,2.19,3.10,38.58,20.76,33.08%,19.39%,-,21.85%,12.78%,55.89,-1.46%,"1,464,814"
GGILD,172.25B,-,14.04,1.50,5.64,14.57,35.28,13.31,-105.86%,2171.78%,133.64%,9.39%,3.63%,138.92,0.40%,"3,940,375"
GGILT,850.24M,25.77,15.72,1.92,1.74,1.56,5.34,-,-3.91%,16.26%,-11.49%,8.17%,22.14%,11.24,-2.35%,"600,951"
GGINC,-,-,-,-,-,-,-,-,-,-,-,-,-,50.05,-0.11%,345
GGIND,-,-,-,-,-,-,-,-,-,-,-,-,-,24.78,-0.32%,"1,738"
GGINN,-,-,-,-,-,-,-,-,-,-,-,-,-,82.02,-0.59%,693
GGINX,-,-,-,-,-,-,-,-,-,-,-,-,-,36.86,0.00%,"8,145"
GGIPR,0.36M,-,-,-,0.04,-,1.12,0.57,-27.27%,-,-16.58%,-,23.00%,0.35,-29.43%,"2,416,806"
GGIS,20.31B,-,11.82,-,1.10,2.75,44.74,12.49,-13.19%,4.26%,-,-1.51%,0.33%,37.98,-3.11%,"9,479,799"
GGISC,-,-,-,-,-,-,-,-,-,-,-,-,-,49.97,-0.09%,"3,201"
GGITS,6.83M,-,-,-,-,2.32,-,-,-,-,16.97%,-,-,1.86,-3.63%,"86,122"
GGIW,369.10M,63.93,-,-,-,1.42,512.64,-,-,-,-,-,-,10.12,-0.20%,42
GGIX,364.92M,-,-,-,-,1.41,253.41,-,-,-,-,-,-,9.98,0.10%,7
GGJAN,-,-,-,-,-,-,-,-,-,-,-,-,-,45.84,-0.20%,"9,958"
GGJUL,-,-,-,-,-,-,-,-,-,-,-,-,-,44.56,-0.19%,"20,939"
GGJUN,-,-,-,-,-,-,-,-,-,-,-,-,-,41.98,-0.21%,"18,764"
GGK,-,-,-,-,-,-,-,-,-,-,-,-,-,29.98,0.18%,208
GGKAT,-,-,-,-,-,-,-,-,-,-,-,-,-,45.36,-1.03%,419
GGKOS,10.95B,-,367.91,-,17.87,16.01,38.25,-,65.91%,264.42%,-3.95%,-,17.67%,185.62,0.59%,"734,850"
GGL,13.79B,11.91,10.87,1.50,2.23,2.25,-,11.19,8.35%,4.88%,15.57%,7.23%,4.82%,179.41,-0.88%,"403,426"
GGLAD,439.89M,10.35,9.69,-,4.76,0.91,187.19,10.95,-1.29%,0.80%,-,-,29.94%,19.47,-1.47%,"253,242"
GGLAM,-,-,-,-,-,-,-,-,-,-,-,-,-,27.66,-2.09%,282
GGLAS,750.30M,-,44.72,-,4.55,11.05,40.45,-,48.15%,192.86%,-,-,30.40%,9.69,2.98%,"249,527"
GGLBE,6.92B,46.98,25.28,0.32,6.24,7.72,13.04,22.52,208.91%,35.24%,62.44%,79.74%,47.81%,41.18,-2.79%,"1,284,358"
GGLBL,-,-,-,-,-,-,-,-,-,-,-,-,-,28.66,-0.52%,10
GGLBS,79.21M,11.71,21.59,-,1.50,0.44,2.66,11.79,787.50%,-69.09%,65.82%,-,30.34%,3.67,0.82%,"520,948"
GGLCR,-,-,-,-,-,-,-,-,-,-,-,-,-,24.66,-0.44%,134
GGLD,-,-,-,-,-,-,-,-,-,-,-,-,-,405.49,1.00%,"9,604,287"
GGLDB,-,-,-,-,-,-,-,-,-,-,-,-,-,21.18,1.71%,"3,737"
GGLDG,225.54M,-,-,-,-,1.37,3.75,-,-111.02%,27.21%,3.09%,-,-,1.05,0.00%,"696,436"
GGLDI,-,-,-,-,-,-,-,-,-,-,-,-,-,149.90,0.71%,"52,177"
GGLDM,-,-,-,-,-,-,-,-,-,-,-,-,-,87.45,1.00%,"3,470,794"
GGLDN,-,-,-,-,-,-,-,-,-,-,-,-,-,16.51,1.41%,"15,157"
GGLDW,-,-,-,-,-,-,-,-,-,-,-,-,-,44.00,0.63%,"9,772"
GGLE,7.50M,-,-,-,5.32,1.01,3.25,-,-,-,-,-,18.23%,0.41,9.07%,"1,351,537"
GGLED,159.19M,-,-,-,-,1.36,513.52,-,-,-,-,-,-,9.96,0.10%,"4,165"
GGLGG,-,-,-,-,-,-,-,-,-,-,-,-,-,4.21,2.18%,"141,111"
GGLIBA,1.03B,-,8.22,-,0.99,0.60,2.07,21.02,125.88%,23.26%,-,-,113.07%,26.14,-3.47%,"39,063"
GGLIBK,1.02B,-,-,-,0.99,0.59,2.06,20.85,-,-,-,-,113.07%,25.57,-4.23%,"288,631"
GGLIN,-,-,-,-,-,-,-,-,-,-,-,-,-,45.88,0.02%,"10,952"
GGLIX,-,-,-,-,-,-,-,-,-,-,-,-,-,27.35,-0.32%,"2,962"
GGLL,-,-,-,-,-,-,-,-,-,-,-,-,-,22.16,-2.03%,"1,425,575"
GGLMD,4.24M,-,-,-,-,0.24,0.27,-,-,-,60.33%,-,-,0.51,-1.85%,"967,593"
GGLND,55.97M,-,-,-,-,0.85,1.50,-,-,-,-,-,-,1.28,0.00%,"2,542,184"
GGLNG,5.33B,80.95,109.05,2.54,10.18,2.76,6.12,-,-28.08%,-56.27%,-,42.86%,-2.15%,52.47,-0.04%,"1,445,442"
GGLNK,-,-,-,-,-,-,-,-,-,-,-,-,-,8.43,5.64%,"262,120"
GGLO,257.88M,3.47,-,-,34.28,0.90,-,-,-,-,-,-,-,6.03,0.17%,"90,781"
GGLOB,1.57B,14.24,5.80,2.65,0.64,0.72,9.27,4.92,-2.88%,4.86%,10.58%,2.19%,24.70%,36.26,-3.00%,"3,141,902"
GGLOF,-,-,-,-,-,-,-,-,-,-,-,-,-,61.40,0.05%,"4,196"
GGLOO,285.16M,-,-,-,2.30,2.11,8.58,-,91.95%,80.81%,-,-,-,3.20,-8.05%,"264,667"
GGLOW,-,-,-,-,-,-,-,-,-,-,-,-,-,35.40,-0.24%,"5,106"
GGLP,1.73B,10.38,13.39,0.51,0.08,2.56,72.34,8.82,178.20%,-35.26%,-5.13%,26.49%,17.40%,50.88,0.10%,"88,749"
GGLPI,12.29B,12.39,12.74,2.28,7.43,2.47,38.53,19.58,8.87%,3.27%,5.05%,5.58%,6.70%,42.25,-3.03%,"5,859,563"
GGLQ,156.84M,2.85,-,-,49.08,0.90,-,-,-,-,-,-,-,8.37,0.24%,"27,245"
GGLRE,502.68M,6.54,10.27,-,0.74,0.70,-,2.12,-42.54%,20.27%,83.31%,-13.61%,8.99%,15.40,-2.28%,"90,378"
GGLRY,-,-,-,-,-,-,-,-,-,-,-,-,-,41.76,0.82%,"8,178"
GGLSI,255.10M,-,-,-,-,81.85,28.73,-,-13.06%,15.52%,-57.71%,-,-,17.38,3.45%,"92,654"
GGLTR,-,-,-,-,-,-,-,-,-,-,-,-,-,200.28,1.26%,"73,053"
GGLU,117.53M,3.92,-,-,29.64,1.07,-,-,-,-,-,-,-,19.62,0.74%,"21,193"
GGLUE,1.31B,-,-,-,45.67,2.69,2.11,-,-253.25%,-16.75%,10.62%,-,-,15.38,-0.77%,"815,979"
GGLV,78.43M,4.00,-,-,26.48,0.90,-,-,-,-,-,-,-,6.32,0.32%,"94,967"
GGLW,149.20B,79.45,40.12,1.22,8.80,12.49,59.42,62.30,30.03%,31.77%,27.86%,32.99%,6.68%,173.21,4.35%,"11,381,079"
GGLWG,-,-,-,-,-,-,-,-,-,-,-,-,-,18.04,8.67%,"1,746,216"
GGLX,-,-,-,-,-,-,-,-,-,-,-,-,-,12.67,2.47%,7
GGLXG,2.48M,-,-,-,5.50,4.20,4.50,-,-,-,-,-,-,0.98,-7.29%,"92,205"
GGLXU,-,-,-,-,-,-,-,-,-,-,-,-,-,4.92,2.07%,"195,964"
GGLXY,8.55B,-,-,-,0.15,2.34,4.98,-,-32.90%,65.11%,-,-,-,21.87,0.97%,"5,746,218"
GGM,74.03B,42.56,5.62,0.37,0.40,1.23,2.67,122.16,26.34%,12.06%,-5.48%,15.22%,8.60%,84.37,-2.77%,"4,734,815"
GGMAB,19.61B,26.01,19.32,1.06,4.75,3.29,13.04,22.54,-24.07%,45.64%,6.84%,18.19%,19.27%,32.84,2.82%,"3,432,021"
GGMAR,-,-,-,-,-,-,-,-,-,-,-,-,-,44.95,-0.07%,"6,749"
GGMAY,-,-,-,-,-,-,-,-,-,-,-,-,-,43.94,-0.17%,"7,586"
GGME,8.26B,14.02,13.43,-,2.21,1.41,0.99,11.15,10.17%,5.38%,-,-,-6.54%,18.40,-1.39%,"5,731,939"
GGMEC,-,-,-,-,-,-,-,-,-,-,-,-,-,16.69,-2.88%,13
GGMED,11.43B,21.77,15.90,1.16,3.63,2.40,19.20,15.13,25.15%,7.47%,31.11%,13.74%,30.08%,85.12,-0.91%,"1,083,190"
GGMEU,-,-,-,-,-,-,-,-,-,-,-,-,-,5.39,-2.62%,"309,803"
GGMEX,1.09M,-,-,-,0.32,0.00,0.19,-,-,-,-,-,-10.85%,1.21,6.14%,"749,339"
GGMEY,-,-,-,-,-,-,-,-,-,-,-,-,-,23.39,-0.94%,"1,776"
GGMF,-,-,-,-,-,-,-,-,-,-,-,-,-,157.67,0.45%,"11,343"
GGMHS,43.80M,8.14,-,-,0.39,1.17,2.15,-,-,-,-,-,-,0.76,1.19%,"8,694"
GGMM,5.33M,-,-,-,0.08,0.09,1.84,0.38,-,-,-30.65%,-,61.81%,2.73,-4.55%,"55,216"
GGMMA,-,-,-,-,-,-,-,-,-,-,-,-,-,22.06,-0.25%,10
GGMMF,-,-,-,-,-,-,-,-,-,-,-,-,-,100.32,0.01%,"21,446"
GGMNY,-,-,-,-,-,-,-,-,-,-,-,-,-,49.66,-0.19%,"1,579"
GGMOC,-,-,-,-,-,-,-,-,-,-,-,-,-,50.19,0.07%,12
GGMOD,-,-,-,-,-,-,-,-,-,-,-,-,-,28.03,-0.25%,"13,784"
GGMOI,-,-,-,-,-,-,-,-,-,-,-,-,-,41.01,-0.15%,"38,561"
GGMOM,-,-,-,-,-,-,-,-,-,-,-,-,-,37.96,0.58%,"1,928"
GGMOV,-,-,-,-,-,-,-,-,-,-,-,-,-,32.28,-1.14%,"12,921"
GGMRS,747.66M,-,-,-,-,0.95,1.51,-,-,-,-,-,-,13.84,3.98%,"511,628"
GGMTL,504.53M,-,-,-,-,5.52,9.19,-,-136.67%,2.82%,-,-,-,12.95,0.31%,"147,731"
GGMUB,-,-,-,-,-,-,-,-,-,-,-,-,-,50.81,-0.10%,"50,863"
GGNE,385.58M,15.31,15.75,-,0.77,1.48,1.80,32.43,13.33%,-8.82%,15.75%,-3.45%,7.06%,14.65,0.76%,"74,141"
GGNK,1.14B,28.89,14.35,-,2.59,1.29,15.53,-,6267.35%,-25.94%,54.88%,-,-0.77%,26.22,-0.46%,"470,926"
GGNL,2.04B,-,-,-,4.43,1.23,12.13,10.70,91.94%,71.79%,-60.60%,52.46%,8.57%,8.81,0.57%,"2,343,303"
GGNLN,1.27M,-,-,-,0.48,0.05,0.21,-,-,-,91.06%,-,-49.92%,2.01,4.15%,"12,294"
GGNLX,122.16M,-,-,-,12216.02,7.56,6.54,-,4.85%,11.61%,-8.40%,48.13%,-,2.70,-1.46%,"265,149"
GGNMA,-,-,-,-,-,-,-,-,-,-,-,-,-,43.52,-0.23%,"26,507"
GGNMX,-,-,-,-,-,-,-,-,-,-,-,-,-,32.33,1.21%,"1,658"
GGNOM,-,-,-,-,-,-,-,-,-,-,-,-,-,59.09,1.34%,"6,670"
GGNOV,-,-,-,-,-,-,-,-,-,-,-,-,-,42.56,-0.01%,"2,836"
GGNPX,2.26M,-,-,-,-,0.15,0.15,-,-,-,55.62%,-,-,4.47,3.59%,"446,669"
GGNR,-,-,-,-,-,-,-,-,-,-,-,-,-,75.33,0.57%,"115,745"
GGNRC,13.06B,51.00,18.82,0.61,2.94,4.54,49.28,34.42,53.36%,20.92%,-13.26%,30.65%,11.11%,221.25,0.89%,"617,579"
GGNS,30.41M,-,-,-,3.62,0.28,12.56,-,-,-,16.45%,-,1.90%,0.16,-1.19%,"1,354,170"
GGNSS,83.34M,-,42.23,-,1.47,-,27.15,-,85.04%,186.67%,-,-,-1.07%,1.83,5.78%,"129,248"
GGNT,148.21M,3.07,-,-,-,-,-,-,-,-,-,-,-,8.87,0.80%,"89,501"
GGNTA,29.52M,-,-,-,-,1.15,0.89,-,-,-,-1.23%,-,-,1.26,-3.08%,"59,790"
GGNTX,5.02B,12.64,10.73,0.98,1.91,1.98,20.66,10.10,15.54%,6.10%,4.36%,10.97%,8.46%,23.81,-0.25%,"2,214,601"
GGNW,3.81B,19.15,8.97,-,0.55,0.44,-,8.87,214.29%,2.27%,9.13%,-,-3.35%,10.09,-0.69%,"2,182,725"
GGO,1.14B,-,17.30,-,0.24,1.39,15.34,94.01,-28.79%,22.75%,-,-0.92%,8.39%,11.49,3.23%,"3,698,913"
GGOAI,66.34M,-,-,-,3.83,3.88,19.23,-,-,-,-,-,-,1.69,0.00%,"72,484"
GGOAU,-,-,-,-,-,-,-,-,-,-,-,-,-,45.17,2.17%,"11,275"
GGOCT,-,-,-,-,-,-,-,-,-,-,-,-,-,42.33,-0.02%,"8,246"
GGOEX,-,-,-,-,-,-,-,-,-,-,-,-,-,87.11,1.59%,"9,520"
GGOF,2.30B,6.69,-,-,-,-,-,-,-,-,-,-,-,10.30,-1.53%,"2,038,439"
GGOGL,-,-,-,-,-,-,-,-,-,-,-,-,-,24.06,-1.50%,"3,599"
GGOGO,365.87M,-,7.71,-,0.41,3.03,5.79,-,-22.22%,400.00%,-,-,27.55%,2.70,-4.59%,"1,480,855"
GGOIB,-,-,-,-,-,-,-,-,-,-,-,-,-,24.69,-0.42%,296
GGOLD,1.32B,15.49,13.26,0.16,0.06,1.53,9.17,14.01,464.79%,-14.66%,-19.94%,85.05%,14.99%,45.39,3.16%,"392,658"
GGOLF,5.30B,24.75,21.84,1.72,1.96,5.73,77.94,28.82,28.72%,3.71%,19.47%,12.69%,9.68%,90.66,0.67%,"299,738"
GGOLI,-,-,-,-,-,-,-,-,-,-,-,-,-,13.14,0.54%,"10,524"
GGOLS,-,-,-,-,-,-,-,-,-,-,-,-,-,27.57,-1.29%,"2,158"
GGOLY,-,-,-,-,-,-,-,-,-,-,-,-,-,26.97,0.58%,"10,829"
GGOOD,632.65M,51.78,67.09,3.15,3.72,4.02,35.03,11.67,78.57%,-22.67%,9.07%,21.32%,3.91%,12.97,0.31%,"527,147"
GGOOG,4191.66B,17.15,22.70,1.26,9.39,6.71,17.29,78.68,90.19%,-26.85%,29.82%,18.05%,17.18%,341.45,-0.61%,"12,606,101"
GGOOGL,4194.15B,17.28,22.86,1.26,9.40,6.76,17.30,78.73,90.21%,-26.80%,29.82%,18.13%,17.18%,344.00,-0.55%,"18,291,309"
GGOOL,-,-,-,-,-,-,-,-,-,-,-,-,-,12.74,-1.13%,"81,475"
GGOOP,-,-,-,-,-,-,-,-,-,-,-,-,-,36.58,-0.71%,"19,990"
GGOOS,826.20M,21.58,10.16,0.63,0.74,2.23,5.67,12.52,32.15%,10.88%,-19.04%,16.09%,10.03%,8.46,-3.20%,"727,975"
GGOOW,-,-,-,-,-,-,-,-,-,-,-,-,-,61.59,-1.46%,"35,435"
GGOOX,-,-,-,-,-,-,-,-,-,-,-,-,-,72.29,-1.22%,"66,523"
GGOOY,-,-,-,-,-,-,-,-,-,-,-,-,-,12.28,-0.49%,"244,522"
GGOP,-,-,-,-,-,-,-,-,-,-,-,-,-,45.72,0.45%,"15,146"
GGORO,372.30M,-,-,-,9.40,-,24.22,-,-,-,-36.06%,-,2.95%,2.76,0.36%,"836,459"
GGOSS,68.44M,-,-,-,1.28,-,1.20,-,66.63%,32.88%,26.82%,46.22%,-,0.14,-9.21%,"24,056,071"
GGOTU,191.95M,-,12.29,-,0.21,2.10,0.48,-,105.81%,1073.91%,26.25%,-,-3.70%,1.64,-2.38%,"166,737"
GGOU,-,-,-,-,-,-,-,-,-,-,-,-,-,25.62,-0.95%,"85,720"
GGOVI,-,-,-,-,-,-,-,-,-,-,-,-,-,26.31,-0.47%,"96,288"
GGOVM,-,-,-,-,-,-,-,-,-,-,-,-,-,24.88,-0.06%,14
GGOVT,-,-,-,-,-,-,-,-,-,-,-,-,-,22.43,-0.13%,"8,589,464"
GGOVX,4.83M,-,-,-,-,2.74,1.54,-,77.95%,42.21%,51.11%,49.07%,6.42%,0.65,-8.77%,"206,769"
GGOVZ,-,-,-,-,-,-,-,-,-,-,-,-,-,32.74,-1.62%,"321,937"
GGP,11.69M,-,-,-,0.76,5.00,584.36,-,-,-,18.38%,-,21.48%,1.64,-9.89%,"630,010"
GGPAC,295.42M,80.38,-,-,-,1.31,314.28,-,-,-,-,-,-,10.04,0.10%,"5,028"
GGPAT,400.70M,45.55,-,-,-,2.20,40070.31,-,-,-,-,-,-,11.15,1.00%,6
GGPC,18.27B,530.93,15.96,2.30,0.73,4.04,32.67,24.06,5.01%,7.30%,-18.81%,6.94%,8.00%,132.52,-1.86%,"1,119,770"
GGPCR,3.83B,-,-,-,-,2.83,2.86,-,-107.44%,-27.03%,-40.35%,-,-,53.76,-1.38%,"305,437"
GGPGI,3.82B,-,10.64,0.70,-,1.21,496.58,90.91,0.00%,25.25%,-,15.11%,-25.50%,13.19,3.21%,"1,695,096"
GGPI,3.10B,10.83,5.90,0.83,0.14,1.05,18.82,22.42,-3.17%,11.61%,10.13%,7.14%,16.32%,259.68,-1.62%,"366,992"
GGPIQ,-,-,-,-,-,-,-,-,-,-,-,-,-,57.59,-0.12%,"1,193,284"
GGPIX,-,-,-,-,-,-,-,-,-,-,-,-,-,56.42,-0.34%,"825,738"
GGPK,3.26B,16.87,9.83,-,0.38,1.01,15.89,17.23,-60.41%,57.08%,19.87%,-11.65%,5.61%,11.00,-3.51%,"4,465,428"
GGPMT,56.40M,-,-,-,0.46,0.12,0.52,70.49,23.72%,55.34%,-9.87%,-,-8.16%,1.17,-1.68%,"257,608"
GGPN,23.92B,28.36,5.63,0.37,2.35,1.04,4.20,29.07,11.82%,17.40%,24.36%,15.34%,0.75%,90.38,-2.87%,"2,741,110"
GGPOR,3.00B,6.78,6.14,0.29,2.05,1.64,2856.37,12.00,14.82%,18.06%,-,21.23%,10.56%,169.60,-0.25%,"221,922"
GGPRE,1.13B,10.47,9.26,-,0.60,1.30,4.65,9.57,212.53%,-13.91%,10.57%,-,1.75%,16.14,3.53%,"719,450"
GGPRF,-,-,-,-,-,-,-,-,-,-,-,-,-,49.24,-0.69%,470
GGPRK,622.36M,6.47,6.51,0.29,1.23,1.42,1.96,10.46,13.35%,34.76%,-,22.81%,4.58%,9.59,1.27%,"216,863"
GGPRO,114.96M,-,-,-,0.20,-,4.22,-,-140.00%,98.61%,-5.64%,-,-6.09%,0.61,3.24%,"5,761,227"
GGPT,-,-,-,-,-,-,-,-,-,-,-,-,-,34.89,0.76%,194
GGPTY,-,-,-,-,-,-,-,-,-,-,-,-,-,43.13,0.02%,"47,026"
GGPUS,43.21M,-,-,-,0.36,0.36,1.19,-,-,-,93.75%,-,33.73%,0.09,0.00%,0
GGPZ,-,-,-,-,-,-,-,-,-,-,-,-,-,25.05,-2.57%,"232,630"
GGQGU,-,-,-,-,-,-,-,-,-,-,-,-,-,26.62,-0.45%,"58,771"
GGQI,-,-,-,-,-,-,-,-,-,-,-,-,-,60.39,0.05%,"7,705"
GGQQQ,-,-,-,-,-,-,-,-,-,-,-,-,-,36.34,0.03%,"9,988"
GGQRE,-,-,-,-,-,-,-,-,-,-,-,-,-,64.13,-0.63%,"8,771"
GGRAB,14.60B,25.85,20.75,0.39,3.91,2.16,2.32,-,150.56%,14.78%,-,53.85%,48.35%,3.58,-1.10%,"37,055,642"
GGRAG,-,-,-,-,-,-,-,-,-,-,-,-,-,5.98,-2.35%,"19,574"
GGRAL,3.12B,-,-,-,18.91,1.23,3.63,-,9.67%,-5.92%,-41.05%,2.71%,-,69.95,3.06%,"776,635"
GGRAN,31.38M,-,-,-,95.09,33.92,165.15,-,-,-,-,-,-,1.26,-13.10%,"2,459"
GGRBK,3.05B,10.68,11.06,-,1.56,1.58,19.74,27.31,-13.00%,4.22%,25.85%,-,15.89%,70.88,0.60%,"166,571"
GGRC,2.13B,34.08,25.50,1.28,3.03,4.83,48.86,21.19,31.31%,12.57%,15.87%,19.91%,14.35%,80.65,-0.20%,"101,292"
GGRCE,45.44M,-,-,-,-,0.73,3.30,-,-40.13%,15.37%,43.17%,-,-,2.16,0.00%,"99,369"
GGRDN,2.41B,36.71,26.57,1.94,1.64,9.80,26.80,30.17,21.81%,9.72%,31.17%,13.71%,16.29%,38.00,-1.12%,"459,493"
GGRDX,27.97M,-,-,-,399.60,1.30,71.72,-,-,-,88.24%,-,-,3.95,-5.28%,"77,370"
GGREK,-,-,-,-,-,-,-,-,-,-,-,-,-,83.13,0.34%,"25,297"
GGRF,40.87M,8.11,-,-,41.00,0.86,-,-,-,-,-,-,-,10.30,-1.44%,544
GGRFS,2.01B,10.03,6.35,0.27,0.23,0.83,3.42,2.12,12.33%,27.83%,-8.34%,23.61%,6.88%,7.77,-0.13%,"295,967"
GGRI,3.07M,-,-,-,-,0.37,0.28,-,96.08%,46.86%,83.24%,88.20%,-,1.73,3.59%,"57,052"
GGRID,-,-,-,-,-,-,-,-,-,-,-,-,-,189.20,0.71%,"1,610,087"
GGRIN,-,-,-,-,-,-,-,-,-,-,-,-,-,34.51,1.28%,"234,459"
GGRML,30.50M,-,-,-,-,0.47,3.05,-,-,-,-418.96%,-,-,0.20,-2.02%,"4,794,213"
GGRMN,59.30B,31.71,27.59,1.92,7.73,6.57,22.24,37.07,17.67%,10.64%,10.69%,14.34%,11.59%,307.50,-0.87%,"749,140"
GGRN,-,-,-,-,-,-,-,-,-,-,-,-,-,32.49,-0.69%,329
GGRNB,-,-,-,-,-,-,-,-,-,-,-,-,-,23.81,-0.13%,"26,220"
GGRND,2.75B,30.80,20.08,0.70,5.39,-,422.79,17.85,27.72%,34.04%,-,28.78%,-,15.81,-1.25%,"1,344,947"
GGRNI,-,-,-,-,-,-,-,-,-,-,-,-,-,21.27,-0.23%,"20,914"
GGRNJ,-,-,-,-,-,-,-,-,-,-,-,-,-,31.73,0.38%,"76,198"
GGRNQ,18.20M,-,-,-,9.10,0.88,20.92,-,-,-,10.71%,-,-1.66%,10.04,31.24%,"185,112"
GGRNT,693.80M,-,8.24,0.49,1.40,1.23,15.74,-,3.49%,43.45%,28.80%,16.93%,-,5.26,2.94%,"1,284,650"
GGRNY,-,-,-,-,-,-,-,-,-,-,-,-,-,27.99,-0.46%,"1,154,819"
GGRO,131.78M,-,-,-,-,0.44,1.23,-,34.15%,86.42%,-30.32%,49.33%,-,2.15,-2.71%,"243,190"
GGROV,44.41M,-,-,-,0.28,-,4.27,-,52.94%,56.25%,74.44%,-,-17.97%,1.04,0.97%,"27,330"
GGROW,39.45M,12.17,-,-,3.91,0.86,1.54,85.76,-,-,39.56%,-,14.66%,3.18,0.00%,"15,007"
GGROY,741.38M,780.49,35.44,-,32.86,1.02,52.43,92.33,580.71%,87.85%,-30.65%,-,-,3.20,1.91%,"2,692,712"
GGROZ,-,-,-,-,-,-,-,-,-,-,-,-,-,33.33,-0.20%,"15,971"
GGRPM,-,-,-,-,-,-,-,-,-,-,-,-,-,142.26,-0.73%,"3,046"
GGRPN,825.50M,-,23.60,-,1.66,-,3.22,27.56,93.91%,778.95%,27.10%,-,-18.86%,20.30,-5.63%,"1,421,545"
GGRPZ,-,-,-,-,-,-,-,-,-,-,-,-,-,33.23,-0.86%,21
GGRRR,414.97M,-,-,-,3.73,2.36,4.01,-,-591.70%,-8.09%,28.56%,-,17.42%,14.95,-8.67%,"1,140,024"
GGRSD,72.65M,-,4.13,-,0.44,0.68,8.25,-,112.01%,348.52%,-,-,42.68%,2.07,-9.21%,"580,192"
GGRVY,479.55M,8.11,-,-,1.21,1.06,1.14,-,-,-,-2.23%,-,2.77%,69.00,-1.96%,"41,613"
GGRW,-,-,-,-,-,-,-,-,-,-,-,-,-,32.35,-0.60%,116
GGRWG,111.36M,-,-,-,0.67,1.25,2.72,-,60.28%,76.74%,-,-,-3.51%,1.89,6.78%,"1,161,250"
GGRX,146.02M,65.90,-,-,-,-,-,-,-,-,-,-,-,9.89,-0.35%,"9,238"
GGS,306.11B,16.23,14.35,0.98,2.25,2.79,-,2.66,36.82%,4.34%,15.71%,14.58%,18.70%,1051.31,1.14%,"1,450,706"
GGSAT,10.76B,-,-,-,38.33,36.76,26.25,119.90,-150.02%,66.97%,31.42%,-,16.27%,83.03,0.78%,"752,109"
GGSBC,876.05M,13.32,14.23,-,2.68,1.36,-,22.06,-5.82%,-3.09%,8.05%,-,6.21%,80.39,-1.47%,"73,877"
GGSBD,1.10B,18.97,8.36,-,3.03,0.81,76.29,11.20,-21.91%,-4.57%,-20.58%,-11.45%,13.40%,9.78,-0.71%,"980,103"
GGSC,-,-,-,-,-,-,-,-,-,-,-,-,-,68.94,0.04%,"9,282"
GGSEE,-,-,-,-,-,-,-,-,-,-,-,-,-,69.30,1.00%,"52,154"
GGSEP,-,-,-,-,-,-,-,-,-,-,-,-,-,41.74,0.04%,"8,130"
GGSEU,-,-,-,-,-,-,-,-,-,-,-,-,-,50.39,-0.14%,"6,425"
GGSEW,-,-,-,-,-,-,-,-,-,-,-,-,-,98.68,-0.62%,"68,910"
GGSG,-,-,-,-,-,-,-,-,-,-,-,-,-,33.08,1.88%,"243,487"
GGSGO,-,-,-,-,-,-,-,-,-,-,-,-,-,45.34,0.06%,"7,267"
GGSHD,2.29B,46.93,23.99,1.07,5.69,-,83.23,34.37,15.34%,25.13%,15.53%,22.46%,25.57%,64.40,-2.85%,"235,310"
GGSHR,214.98M,54.23,-,-,-,1.47,693.47,-,-,-,-,-,-,10.51,-0.10%,"55,007"
GGSIB,-,-,-,-,-,-,-,-,-,-,-,-,-,65.31,-0.06%,"11,406"
GGSID,-,-,-,-,-,-,-,-,-,-,-,-,-,78.42,-0.08%,"7,589"
GGSIE,-,-,-,-,-,-,-,-,-,-,-,-,-,48.18,-0.23%,"380,733"
GGSIT,260.57M,-,-,-,10.36,2.83,3.38,-,-,-,14.46%,-,-1.96%,6.78,-3.56%,"467,732"
GGSIW,189.82M,-,-,-,26.07,7.84,10.82,-,-,-,32.58%,-,33.28%,17.72,1.20%,"36,080"
GGSJY,-,-,-,-,-,-,-,-,-,-,-,-,-,55.98,-0.27%,"9,598"
GGSK,100.74B,15.84,9.80,1.97,2.26,4.34,24.44,11.55,1.63%,7.40%,0.08%,4.98%,-0.31%,50.28,1.53%,"2,814,960"
GGSKH,-,-,-,-,-,-,-,-,-,-,-,-,-,69.88,1.43%,228
GGSL,1.56B,4.19,4.77,-,2.00,0.80,2.83,5.36,-3.11%,-8.54%,56.52%,-6.80%,22.07%,43.38,2.87%,"344,160"
GGSLC,-,-,-,-,-,-,-,-,-,-,-,-,-,147.75,-0.53%,"283,289"
GGSM,801.63M,-,10.34,-,0.59,1.12,8.60,-,80.77%,653.33%,8.64%,-,3.13%,4.29,-2.28%,"1,462,939"
GGSOL,-,-,-,-,-,-,-,-,-,-,-,-,-,5.74,1.23%,"1,555,976"
GGSPY,-,-,-,-,-,-,-,-,-,-,-,-,-,42.60,-0.44%,382
GGSRF,299.93M,51.23,-,-,-,1.31,260.81,-,-,-,-,-,-,10.20,0.09%,"7,000"
GGSRV,300.25M,-,-,-,-,1.34,192.46,-,-,-,-,-,-,9.87,0.00%,"9,647"
GGSSC,-,-,-,-,-,-,-,-,-,-,-,-,-,92.29,-0.41%,"23,659"
GGSST,-,-,-,-,-,-,-,-,-,-,-,-,-,50.51,-0.01%,"172,355"
GGSUI,-,-,-,-,-,-,-,-,-,-,-,-,-,9.78,-0.61%,"26,423"
GGSUN,3.06M,-,-,-,0.09,0.29,3.92,-,-,-,-,-,35.61%,0.31,-15.25%,"852,495"
GGSUS,-,-,-,-,-,-,-,-,-,-,-,-,-,106.79,-0.48%,"55,227"
GGSWO,-,-,-,-,-,-,-,-,-,-,-,-,-,65.96,-0.30%,"85,529"
GGSY,-,-,-,-,-,-,-,-,-,-,-,-,-,50.24,0.02%,"532,519"
GGT,1.74B,-,13.83,0.42,0.10,0.61,1.80,9.07,-186.42%,207.66%,-2.20%,33.27%,8.21%,6.05,-0.98%,"8,745,560"
GGTBP,12.63M,-,-,-,-,3.57,2.50,-,93.56%,25.58%,49.68%,65.26%,-,0.28,-3.72%,"542,421"
GGTE,331.87M,-,98.05,1.87,0.52,2.51,2.62,1.60,63.24%,104.77%,23.79%,52.41%,20.20%,9.38,2.07%,"480,252"
GGTEC,21.50M,3.02,-,-,0.23,0.26,0.65,1.72,90.32%,-,-14.62%,-,6.29%,0.81,14.08%,"1,329,350"
GGTEK,-,-,-,-,-,-,-,-,-,-,-,-,-,60.50,1.18%,"8,684"
GGTEN,477.34M,78.79,-,-,-,1.39,2512.33,-,-,-,-,-,-,10.59,-0.94%,512
GGTERA,246.76M,793.89,-,-,-,23.88,12337.86,-,-,-,-,-,-,10.40,0.10%,26
GGTES,7.12B,19.93,14.55,1.16,2.03,2.02,8.65,17.58,10.13%,15.53%,28.83%,12.49%,4.27%,28.14,1.37%,"1,379,536"
GGTIM,16.57M,7.48,-,-,0.12,0.47,4.60,6.32,-,-,-,-,5.21%,1.57,1.29%,"60,088"
GGTIP,-,-,-,-,-,-,-,-,-,-,-,-,-,47.53,-0.21%,"27,069"
GGTLB,6.84B,-,39.83,6.00,6.81,6.95,5.04,25.98,-15.36%,25.20%,24.18%,6.64%,44.39%,40.52,-4.93%,"4,202,886"
GGTM,1.09B,-,3.32,1.27,0.87,1.33,6.71,3.06,3.27%,0.50%,-,2.61%,21.28%,3.76,-7.16%,"6,669,726"
GGTN,519.64M,-,-,-,0.17,0.24,2.95,3.56,262.27%,-130.86%,-,-,5.39%,4.98,-4.60%,"985,162"
GGTND,-,-,-,-,-,-,-,-,-,-,-,-,-,25.81,-0.27%,63
GGTO,-,-,-,-,-,-,-,-,-,-,-,-,-,46.22,-0.16%,"177,046"
GGTOC,-,-,-,-,-,-,-,-,-,-,-,-,-,24.71,-0.17%,"11,694"
GGTOH,-,-,-,-,-,-,-,-,-,-,-,-,-,25.37,-0.06%,369
GGTOP,-,-,-,-,-,-,-,-,-,-,-,-,-,49.65,-0.07%,"8,135"
GGTOQ,-,-,-,-,-,-,-,-,-,-,-,-,-,22.36,-0.13%,"1,692"
GGTOS,-,-,-,-,-,-,-,-,-,-,-,-,-,24.98,-0.02%,"3,465"
GGTPE,-,-,-,-,-,-,-,-,-,-,-,-,-,62.91,0.08%,176
GGTR,-,-,-,-,-,-,-,-,-,-,-,-,-,27.80,-0.09%,"3,670"
GGTX,5.33B,15.64,12.70,0.74,1.42,-,33.31,14.60,20.63%,13.54%,7.69%,17.22%,3.39%,28.58,-1.45%,"1,982,774"
GGTY,2.05B,20.21,20.44,2.68,8.92,1.82,220.94,14.78,18.01%,1.53%,-3.59%,7.62%,8.24%,33.07,-0.33%,"270,314"
GGUAC,391.36M,-,-,-,-,1.11,372.72,-,-,-,-,-,-,9.94,0.05%,518
GGUG,-,-,-,-,-,-,-,-,-,-,-,-,-,15.07,-1.31%,"222,314"
GGUMI,-,-,-,-,-,-,-,-,-,-,-,-,-,50.33,0.03%,"3,608"
GGUNR,-,-,-,-,-,-,-,-,-,-,-,-,-,53.98,0.92%,"195,633"
GGURE,4.15M,-,-,-,0.20,0.04,0.71,0.14,-,-,-15.02%,-,-6.28%,3.00,-0.34%,"5,714"
GGURU,-,-,-,-,-,-,-,-,-,-,-,-,-,70.77,-0.02%,"2,383"
GGUSA,-,-,-,-,-,-,-,-,-,-,-,-,-,66.99,-0.43%,185
GGUSE,-,-,-,-,-,-,-,-,-,-,-,-,-,46.30,-0.36%,"11,794"
GGUSH,-,-,-,-,-,-,-,-,-,-,-,-,-,42.61,3.25%,"582,769"
GGUT,569.85M,11.78,-,-,50.13,2.09,-,-,-,-,-,-,-,6.36,-2.00%,"192,879"
GGUTS,105.06M,-,-,-,-,-,2.23,-,81.63%,-19.51%,-16.69%,46.18%,-,0.66,-2.94%,"888,232"
GGVA,5.60B,-,17.13,0.60,1.13,7.44,5.36,11.87,-201.73%,290.34%,-,28.63%,7.17%,128.02,0.72%,"700,842"
GGVAL,-,-,-,-,-,-,-,-,-,-,-,-,-,38.53,0.25%,"49,131"
GGVH,2.44M,11.49,-,-,0.15,0.34,0.50,5.55,-,-,-36.67%,-,11.11%,1.01,1.00%,"130,043"
GGVI,-,-,-,-,-,-,-,-,-,-,-,-,-,105.35,-0.07%,"160,932"
GGVIP,-,-,-,-,-,-,-,-,-,-,-,-,-,178.52,0.37%,"3,576"
GGVLE,-,-,-,-,-,-,-,-,-,-,-,-,-,49.29,-0.54%,374
GGVLU,-,-,-,-,-,-,-,-,-,-,-,-,-,28.79,-0.74%,"3,339"
GGVUS,-,-,-,-,-,-,-,-,-,-,-,-,-,65.89,-0.70%,"2,451"
GGWAV,3.06M,-,-,-,0.06,0.12,2.09,-,-,-,84.03%,-,482.40%,3.68,-8.46%,"128,831"
GGWH,20.09M,-,-,-,-,-,1.72,-,64.17%,57.88%,10.93%,-,-,0.61,-1.57%,"684,784"
GGWRE,14.32B,92.67,42.00,1.71,10.08,10.87,19.10,44.80,30.78%,18.15%,-,24.56%,10.13%,171.99,-2.05%,"1,037,225"
GGWRS,255.70M,79.57,70.10,8.02,4.25,3.01,175.14,-,-30.95%,31.03%,17.38%,8.74%,7.62%,8.88,3.26%,"175,367"
GGWW,62.06B,33.45,25.80,2.10,3.29,15.02,105.37,41.10,17.73%,9.89%,22.39%,12.27%,8.75%,1317.68,-0.38%,"177,693"
GGWX,-,-,-,-,-,-,-,-,-,-,-,-,-,46.54,0.02%,"19,098"
GGXAI,9.20M,-,-,-,1.53,0.53,0.80,-,-16.36%,3.13%,-159.64%,-,-,0.86,3.11%,"3,131,615"
GGXC,-,-,-,-,-,-,-,-,-,-,-,-,-,90.96,0.71%,"13,832"
GGXDW,-,-,-,-,-,-,-,-,-,-,-,-,-,24.71,-0.52%,"1,493"
GGXIG,-,-,-,-,-,-,-,-,-,-,-,-,-,24.27,-0.49%,"1,070"
GGXLC,-,-,-,-,-,-,-,-,-,-,-,-,-,93.05,-0.41%,188
GGXO,5.43B,41.72,13.37,0.69,0.40,1.82,7.03,30.15,20.84%,16.71%,-,19.30%,16.30%,47.32,-2.59%,"1,353,444"
GGXPC,-,-,-,-,-,-,-,-,-,-,-,-,-,29.47,-1.50%,"50,277"
GGXPD,-,-,-,-,-,-,-,-,-,-,-,-,-,26.24,-1.20%,"76,438"
GGXPE,-,-,-,-,-,-,-,-,-,-,-,-,-,36.56,1.18%,385
GGXPS,-,-,-,-,-,-,-,-,-,-,-,-,-,26.67,-1.31%,"24,480"
GGXPT,-,-,-,-,-,-,-,-,-,-,-,-,-,34.06,-0.23%,"36,273"
GGXRP,-,-,-,-,-,-,-,-,-,-,-,-,-,19.37,0.16%,"26,427"
GGXUS,-,-,-,-,-,-,-,-,-,-,-,-,-,65.01,0.24%,511
GGYGY,27.77M,-,-,-,-,-,95.75,-,-,-,-,-,-,1.93,-11.06%,"207,068"
GGYLD,-,-,-,-,-,-,-,-,-,-,-,-,-,14.36,-0.53%,"12,211"
GGYRE,722.09M,-,-,-,6.05,6.69,9.65,-,-2100.00%,41.25%,-,-,40.96%,6.81,1.95%,"47,650"
GGYRO,12.06M,-,-,-,-,-,-,-,-,-,-,-,-,5.48,1.48%,"5,612"
HH,17.14B,225.23,37.75,0.96,2.37,5.18,28.28,56.74,61.22%,36.25%,39.89%,39.17%,27.72%,181.60,0.34%,"628,570"
HHACK,-,-,-,-,-,-,-,-,-,-,-,-,-,115.56,-2.22%,"302,301"
HHACQ,376.74M,-,-,-,-,1.38,465.11,-,-,-,-,-,-,10.08,0.00%,8
HHAE,4.11B,44.03,15.73,1.82,3.04,4.90,18.39,14.10,6.79%,8.35%,5.81%,8.66%,8.91%,90.27,-0.58%,"469,185"
HHAFC,954.70M,10.83,9.61,-,2.12,1.17,-,4.47,26.39%,5.59%,12.80%,-,10.87%,32.20,-0.74%,"167,157"
HHAFN,3.81B,8.69,9.02,-,1.59,1.50,16.21,9.20,102.45%,-36.71%,10.80%,-5.06%,21.16%,7.86,1.55%,"1,111,341"
HHAIL,-,-,-,-,-,-,-,-,-,-,-,-,-,38.46,-0.82%,"1,918"
HHAIN,50.45M,-,8.69,0.35,0.03,0.24,1.14,1.20,-274.27%,141.04%,-52.71%,24.81%,-5.36%,0.56,-3.70%,"395,131"
HHAKY,-,-,-,-,-,-,-,-,-,-,-,-,-,31.00,-1.84%,"7,002"
HHAL,28.93B,18.19,11.99,1.04,1.29,2.63,14.13,16.77,-3.10%,23.49%,-,11.55%,8.96%,34.73,0.90%,"7,173,054"
HHALO,11.69B,30.77,9.99,0.24,7.03,81.83,50.61,14.50,101.27%,23.43%,22.89%,41.35%,39.16%,103.00,4.40%,"2,199,601"
HHALX,-,-,-,-,-,-,-,-,-,-,-,-,-,25.95,0.06%,621
HHAO,2.49M,-,-,-,0.06,0.01,0.37,-,-,-,-,-,-,4.08,2.51%,"2,086,639"
HHAP,-,-,-,-,-,-,-,-,-,-,-,-,-,74.07,0.74%,"10,181"
HHAPI,-,-,-,-,-,-,-,-,-,-,-,-,-,46.31,-0.68%,520
HHAPN,2.21B,11.56,8.10,0.21,1.32,1.41,2.39,-,56.90%,30.10%,-,39.44%,20.71%,19.19,-1.94%,"917,299"
HHAPS,-,-,-,-,-,-,-,-,-,-,-,-,-,38.63,-0.53%,33
HHARD,-,-,-,-,-,-,-,-,-,-,-,-,-,32.72,3.09%,"10,483"
HHAS,13.41B,17.08,14.60,1.64,2.70,19.04,9.73,11.05,10.98%,5.86%,-,8.88%,-2.96%,95.05,-1.71%,"1,235,183"
HHASI,5.39B,82.06,12.69,1.23,11.64,2.12,19.19,20.15,11.08%,10.66%,5.15%,10.33%,16.47%,42.13,0.02%,"1,029,301"
HHAUG,-,-,-,-,-,-,-,-,-,-,-,-,-,25.11,-0.56%,"2,027"
HHAUS,-,-,-,-,-,-,-,-,-,-,-,-,-,18.52,-1.17%,"5,950"
HHAUZ,-,-,-,-,-,-,-,-,-,-,-,-,-,22.79,-0.40%,"182,034"
HHAVA,210.35M,101800.00,-,-,-,2257.21,-,-,-,-,-,-,-,10.18,0.10%,"4,391"
HHAWG,-,-,-,-,-,-,-,-,-,-,-,-,-,30.19,-0.26%,"49,142"
HHAWK,2.27B,-,234.53,-,13.53,2.85,4.51,-,-1350.00%,179.00%,-,-,-,23.16,1.67%,"1,243,098"
HHAWX,-,-,-,-,-,-,-,-,-,-,-,-,-,46.47,0.19%,"23,542"
HHAYW,3.13B,20.30,15.23,1.28,2.68,1.97,6.48,15.70,12.32%,12.08%,139.80%,11.88%,5.09%,14.76,-2.64%,"1,335,982"
HHBAN,36.27B,13.84,9.58,0.65,2.54,1.22,-,15.92,-0.91%,35.97%,14.84%,14.72%,20.03%,17.95,0.22%,"22,764,847"
HHBB,457.03M,7.99,-,-,0.75,2.11,4.50,4.72,-,-,-10.39%,-,0.10%,34.00,1.98%,"186,182"
HHBCP,565.51M,12.01,11.36,-,2.70,1.25,-,11.04,-0.44%,6.04%,15.59%,-,12.05%,71.85,-0.15%,"115,115"
HHBDC,-,-,-,-,-,-,-,-,-,-,-,-,-,24.78,-0.04%,565
HHBIL,-,-,-,-,-,-,-,-,-,-,-,-,-,20.00,0.00%,"6,217"
HHBIO,29.59M,-,10.08,-,0.34,3.99,4.55,-,-90.00%,269.74%,-44.59%,-,-3.25%,6.50,-2.33%,"13,293"
HHBM,12.19B,16.13,14.08,0.32,4.90,2.54,12.95,54.24,125.03%,29.24%,-,44.66%,14.84%,27.44,2.81%,"2,776,342"
HHBMX,-,-,-,-,-,-,-,-,-,-,-,-,-,26.46,4.17%,"42,576"
HHBNB,1.28B,57.37,-,-,75.33,1.86,146.68,-,-,-,-110.31%,-,-,5.45,0.93%,"5,042"
HHBNC,1.05B,-,9.13,-,10.08,1.44,-,10.48,4.73%,4.89%,-,-,-16.62%,20.36,-1.02%,"498,920"
HHBR,-,-,-,-,-,-,-,-,-,-,-,-,-,8.94,0.96%,"16,621"
HHBT,1.34B,15.88,10.71,0.85,4.05,1.76,-,18.19,20.56%,13.56%,12.72%,12.62%,13.11%,36.94,-0.67%,"127,597"
HHBTA,-,-,-,-,-,-,-,-,-,-,-,-,-,33.10,0.08%,"20,047"
HHBTC,-,-,-,-,-,-,-,-,-,-,-,-,-,17.71,1.68%,12
HHCA,87.68B,13.56,12.57,1.59,1.12,-,77.59,14.62,4.71%,9.07%,20.99%,7.92%,7.97%,404.98,0.07%,"1,005,651"
HHCAC,294.31M,-,-,-,-,1.20,525.55,-,-,-,-,-,-,10.08,0.00%,223
HHCAI,5.60M,4016.67,-,-,0.29,0.24,112.04,-,-,-,-,-,-,4.82,5.70%,"27,982"
HHCAT,127.93M,-,17.38,-,0.44,1.26,1.24,16.15,-83.05%,220.59%,2.63%,-,10.50%,1.70,-8.11%,"570,221"
HHCC,5.21B,23.72,12.19,0.12,3.10,2.27,16.15,-,454.63%,33.37%,-,101.96%,10.85%,98.63,0.44%,"578,926"
HHCI,2.27B,7.87,9.55,-,2.39,2.11,-,5.52,-17.56%,2.14%,45.46%,-5.83%,26.87%,182.65,-0.92%,"85,915"
HHCIC,355.14M,-,-,-,-,1.48,546.37,-,-,-,-,-,-,10.00,0.00%,70
HHCKT,258.73M,16.18,6.53,-,0.90,3.79,18.27,8.31,-6.67%,10.14%,22.39%,-,5.00%,10.40,-2.44%,"199,778"
HHCM,2.19B,123.50,30.56,-,3.98,1.74,1.59,220.46,-90.61%,68.24%,-,-,19.22%,12.56,2.95%,"89,211"
HHCMA,347.79M,62.79,-,-,-,1.40,519.09,-,-,-,-,-,-,10.31,-0.10%,25
HHCMT,-,-,-,-,-,-,-,-,-,-,-,-,-,42.47,-0.36%,"57,390"
HHCOW,-,-,-,-,-,-,-,-,-,-,-,-,-,25.73,-1.01%,"6,351"
HHCRB,-,-,-,-,-,-,-,-,-,-,-,-,-,34.56,0.00%,"22,579"
HHCSG,1.48B,12.58,17.52,1.77,0.79,2.83,7.38,9.98,9.31%,2.52%,-9.33%,9.91%,0.86%,21.59,0.00%,"788,078"
HHCTI,17.67M,-,-,-,0.69,0.10,9.25,-,77.05%,68.91%,-,-,-15.02%,1.18,-2.48%,"476,809"
HHCWB,4.02M,-,-,-,0.60,0.55,5.44,-,95.48%,8.33%,-6.63%,67.95%,-57.90%,2.52,-5.97%,"59,927"
HHCWC,8.12M,-,-,-,-,-,-,-,-,-,-,-,-,0.27,2.53%,"1,418,609"
HHD,336.91B,23.99,21.05,3.56,2.02,24.28,210.43,23.54,1.73%,7.43%,3.58%,5.91%,4.51%,337.88,-0.29%,"5,579,998"
HHDB,118.91B,13.65,11.96,0.83,2.18,1.86,-,-,10.19%,16.38%,23.51%,14.48%,21.84%,23.15,-0.94%,"5,931,383"
HHDEF,-,-,-,-,-,-,-,-,-,-,-,-,-,33.70,-0.44%,"83,704"
HHDG,-,-,-,-,-,-,-,-,-,-,-,-,-,55.05,0.03%,"1,050"
HHDGE,-,-,-,-,-,-,-,-,-,-,-,-,-,14.39,1.94%,"79,341"
HHDL,829.64M,28.89,15.29,0.65,0.95,2.10,3.02,-,18.67%,29.49%,-,23.57%,30.55%,14.10,2.17%,470
HHDLB,-,-,-,-,-,-,-,-,-,-,-,-,-,17.54,-1.26%,"6,958"
HHDMV,-,-,-,-,-,-,-,-,-,-,-,-,-,38.77,-0.30%,382
HHDRN,130.13M,182.00,-,-,-,6.64,5.86,-,-,-,-,-,-,1.82,-3.70%,"49,989"
HHDSN,258.84M,31.09,18.50,2.23,1.01,1.06,10.11,-,-50.00%,79.73%,-,8.30%,10.81%,6.15,8.47%,"2,289,089"
HHDUS,-,-,-,-,-,-,-,-,-,-,-,-,-,74.22,-0.62%,"9,953"
HHDV,-,-,-,-,-,-,-,-,-,-,-,-,-,29.21,-0.44%,"2,946,378"
HHE,2.04B,9.13,10.81,1.50,0.62,1.16,8.54,-,-2.50%,30.29%,-17.02%,7.22%,3.65%,11.81,0.68%,"1,917,131"
HHEAL,-,-,-,-,-,-,-,-,-,-,-,-,-,28.88,-1.25%,"4,917"
HHECA,-,-,-,-,-,-,-,-,-,-,-,-,-,27.74,-0.47%,"43,821"
HHECO,-,-,-,-,-,-,-,-,-,-,-,-,-,65.42,2.29%,46
HHEDG,-,-,-,-,-,-,-,-,-,-,-,-,-,30.63,-0.07%,"26,722"
HHEDJ,-,-,-,-,-,-,-,-,-,-,-,-,-,57.87,-0.60%,"121,180"
HHEEM,-,-,-,-,-,-,-,-,-,-,-,-,-,42.66,0.68%,"16,323"
HHEFA,-,-,-,-,-,-,-,-,-,-,-,-,-,47.67,-0.29%,"479,385"
HHEFT,-,-,-,-,-,-,-,-,-,-,-,-,-,26.70,0.16%,"14,549"
HHEGD,-,-,-,-,-,-,-,-,-,-,-,-,-,27.28,-0.22%,"20,594"
HHEI,43.53B,66.31,53.81,3.19,8.86,10.87,206.97,47.02,24.77%,12.86%,16.48%,16.87%,20.21%,371.28,-0.90%,"356,246"
HHEI-A,43.23B,48.33,39.34,2.37,8.80,7.92,205.53,46.69,24.68%,12.60%,16.48%,16.59%,20.21%,270.60,-1.60%,"261,809"
HHELE,655.68M,-,-,-,0.36,0.78,27.12,8.15,1.20%,-,-,6.47%,-3.10%,28.15,-6.85%,"458,343"
HHELO,-,-,-,-,-,-,-,-,-,-,-,-,-,69.92,-0.33%,"189,729"
HHELP,717.11M,-,-,-,-,2.96,4.31,-,36.00%,19.79%,14.41%,35.86%,-,11.57,-3.50%,"1,298,386"
HHELS,-,-,-,-,-,-,-,-,-,-,-,-,-,24.15,-0.90%,"78,555"
HHELX,-,-,-,-,-,-,-,-,-,-,-,-,-,41.14,1.57%,"1,089"
HHEMI,-,-,-,-,-,-,-,-,-,-,-,-,-,42.28,-0.24%,25
HHEPS,978.81M,-,-,-,0.45,-,4.91,-,-21.77%,15.23%,-,22.78%,18.72%,2.74,-1.79%,"127,300"
HHEQ,141.69M,7.53,-,-,-,-,-,-,-,-,-,-,-,11.75,0.60%,"9,994"
HHEQQ,-,-,-,-,-,-,-,-,-,-,-,-,-,61.93,-0.12%,247
HHEQT,-,-,-,-,-,-,-,-,-,-,-,-,-,34.55,-0.29%,"34,469"
HHERD,-,-,-,-,-,-,-,-,-,-,-,-,-,51.49,-0.82%,"4,128"
HHERE,69.48M,14.18,-,-,0.46,0.86,0.72,-,-,-,-,-,7.29%,1.84,-0.54%,"12,192"
HHERO,-,-,-,-,-,-,-,-,-,-,-,-,-,27.52,-1.57%,"34,719"
HHERZ,32.50M,-,-,-,1.97,0.76,1.97,-,-,-,-,-,-,16.25,-0.18%,"2,273"
HHESM,8.18B,13.68,13.08,3.41,5.07,9.89,1635.41,9.76,3.07%,2.87%,16.67%,3.84%,8.23%,39.66,-2.15%,"1,322,963"
HHEWJ,-,-,-,-,-,-,-,-,-,-,-,-,-,66.41,0.07%,"37,935"
HHEZU,-,-,-,-,-,-,-,-,-,-,-,-,-,50.66,-0.04%,"394,247"
HHF,-,-,-,-,-,-,-,-,-,-,-,-,-,22.79,-0.24%,927
HHFBL,73.90M,12.05,-,-,2.11,1.25,-,11.79,-,-,5.22%,-,6.36%,24.20,0.92%,558
HHFEQ,-,-,-,-,-,-,-,-,-,-,-,-,-,25.00,-0.08%,"13,321"
HHFFG,98.64M,-,4.52,-,0.08,0.48,5.45,-,-38.54%,105.93%,35.54%,-,16.73%,1.83,-0.54%,"151,237"
HHFGM,-,-,-,-,-,-,-,-,-,-,-,-,-,32.40,1.39%,"37,106"
HHFGO,-,-,-,-,-,-,-,-,-,-,-,-,-,30.40,0.03%,"21,151"
HHFMF,-,-,-,-,-,-,-,-,-,-,-,-,-,21.90,0.74%,"4,883"
HHFND,-,-,-,-,-,-,-,-,-,-,-,-,-,24.73,-0.08%,"2,350"
HHFRO,398.37M,-,-,-,-,-,-,-,-,-,-,-,-,7.19,-0.42%,"113,417"
HHFSI,-,-,-,-,-,-,-,-,-,-,-,-,-,34.96,-0.13%,"165,324"
HHFSP,-,-,-,-,-,-,-,-,-,-,-,-,-,13.19,0.04%,11
HHFWA,1.21B,14.03,11.17,-,3.18,1.09,-,15.06,0.85%,34.06%,8.77%,-,6.00%,29.60,-0.47%,"269,242"
HHFXI,-,-,-,-,-,-,-,-,-,-,-,-,-,38.59,0.08%,"203,738"
HHG,3.48B,5.95,7.52,3.60,1.17,1.22,-,4.27,1.01%,-4.11%,-,2.09%,-,35.26,-1.37%,"316,084"
HHGBL,40.53M,-,7.09,0.37,0.84,0.78,3.08,-,-290.00%,186.84%,-19.28%,19.35%,14.25%,1.17,7.34%,"659,327"
HHGER,-,-,-,-,-,-,-,-,-,-,-,-,-,34.34,2.08%,"687,357"
HHGLB,178.58M,18.93,-,-,-,-,-,-,-,-,-,-,-,7.57,-0.13%,"114,064"
HHGRO,-,-,-,-,-,-,-,-,-,-,-,-,-,30.76,-0.43%,"37,394"
HHGTY,4.42B,132.17,22.05,1.22,3.15,6.08,-,15.87,-95.97%,3426.58%,-11.59%,18.08%,23.86%,12.86,-0.85%,"131,018"
HHGV,3.49B,25.40,7.87,0.15,0.66,3.18,6.15,8.45,135.41%,16.52%,-,51.06%,41.36%,44.92,-2.20%,"1,018,040"
HHHH,3.98B,13.50,24.94,0.54,1.70,1.00,1.17,5.35,11.67%,8.29%,-,46.30%,16.09%,66.65,0.08%,"421,596"
HHHS,31.01M,-,-,-,0.20,2.03,5.97,-,-,-,20.18%,-,-2.04%,4.18,-2.79%,"325,737"
HHIBL,-,-,-,-,-,-,-,-,-,-,-,-,-,116.11,0.34%,"23,719"
HHIBS,-,-,-,-,-,-,-,-,-,-,-,-,-,17.72,0.28%,"164,561"
HHIDE,-,-,-,-,-,-,-,-,-,-,-,-,-,24.62,0.22%,"48,274"
HHIDV,-,-,-,-,-,-,-,-,-,-,-,-,-,92.84,-0.49%,"1,779"
HHIFS,658.16M,10.05,-,-,2.68,1.31,-,18.62,-,-,1.26%,-,15.57%,301.87,-2.41%,"43,410"
HHIG,37.03B,8.84,9.98,3.42,1.27,1.92,-,6.40,-5.08%,7.56%,22.85%,2.92%,6.69%,136.71,-0.95%,"960,947"
HHIGH,-,-,-,-,-,-,-,-,-,-,-,-,-,21.84,-0.43%,"15,968"
HHIHO,4.76M,-,-,-,0.91,0.97,1.23,-,-,-,-23.79%,-,-12.12%,1.03,-3.74%,"89,668"
HHII,12.54B,18.98,15.19,0.92,0.95,2.36,1045.34,-,20.65%,12.86%,-2.13%,16.56%,5.93%,318.34,-2.86%,"422,409"
HHIMC,-,-,-,-,-,-,-,-,-,-,-,-,-,15.11,2.44%,127
HHIMS,6.68B,-,72.09,4.22,2.59,20.60,7.94,103.22,-187.96%,188.46%,-,17.07%,73.63%,28.61,1.63%,"10,349,640"
HHIMU,-,-,-,-,-,-,-,-,-,-,-,-,-,48.35,-0.43%,"310,191"
HHIMX,2.63B,76.29,15.26,0.16,3.18,2.92,3.03,98.58,72.62%,132.18%,-1.61%,97.96%,-1.30%,15.41,1.18%,"892,901"
HHIMZ,-,-,-,-,-,-,-,-,-,-,-,-,-,28.24,2.88%,"233,271"
HHIND,15.93M,-,-,-,122.55,2.63,2.02,30.64,85.33%,-29.79%,93.71%,43.86%,-50.98%,2.27,4.13%,"14,413"
HHIO,339.50M,11.90,-,-,10.32,0.91,-,-,-,-,-,-,-,3.57,0.28%,"240,124"
HHIPO,861.35M,7.02,19.12,-,1.70,1.85,-,12.06,-58.67%,86.10%,-,-0.15%,-,32.64,-1.21%,"161,817"
HHIPS,-,-,-,-,-,-,-,-,-,-,-,-,-,11.77,-0.68%,"36,909"
HHIS,-,-,-,-,-,-,-,-,-,-,-,-,-,26.40,-0.72%,"3,270"
HHISF,-,-,-,-,-,-,-,-,-,-,-,-,-,43.91,-0.15%,"3,998"
HHIT,66.19M,-,40.40,-,2.02,3.39,10.17,-,-550.00%,127.78%,-,-,-,1.01,0.50%,"133,812"
HHITI,204.74M,-,15.43,-,0.42,3.14,7.62,18.17,108.67%,315.30%,-5.39%,-,46.96%,2.33,-0.85%,"443,013"
HHIVE,840.07M,-,-,-,2.54,1.97,3.65,-,-17.42%,50.74%,-,-,34.88%,3.07,14.13%,"61,919,656"
HHIW,3.38B,20.51,44.73,-,4.02,1.43,20.37,15.65,-7.53%,-48.88%,-15.59%,-21.93%,2.03%,30.66,-2.70%,"823,036"
HHIX,356.68M,7.76,-,-,7.34,0.95,-,-,-,-,-,-,-,3.96,0.76%,"377,576"
HHIYY,-,-,-,-,-,-,-,-,-,-,-,-,-,12.55,0.94%,"32,477"
HHJLY,-,-,-,-,-,-,-,-,-,-,-,-,-,25.31,-0.49%,"1,906"
HHJUN,-,-,-,-,-,-,-,-,-,-,-,-,-,25.26,-0.01%,17
HHKD,336.90M,9.84,-,-,6.73,2.02,6.20,-,-,-,7.02%,-,14.67%,1.71,-3.39%,"153,933"
HHKIT,27.24M,0.13,-,-,4.17,0.00,1.26,-,-,-,-43.66%,-,2.40%,3.03,-2.57%,"10,421"
HHKPD,-,-,-,-,-,-,-,-,-,-,-,-,-,0.41,-1.86%,"825,797"
HHL,12.64B,24.13,17.83,0.68,7.89,4.72,26.05,24.52,75.81%,37.54%,-,26.04%,14.97%,18.82,2.45%,"45,490,190"
HHLAL,-,-,-,-,-,-,-,-,-,-,-,-,-,73.24,-0.20%,"61,476"
HHLF,1.26B,7.74,3.89,0.20,0.24,-,3.36,3.90,16.51%,24.93%,-4.47%,19.22%,-1.89%,11.99,-2.76%,"1,381,226"
HHLI,8.75B,21.03,14.28,1.66,3.47,3.88,11.69,18.06,-7.77%,25.77%,6.43%,8.61%,11.43%,125.22,-2.69%,"569,529"
HHLIO,2.70B,38.18,22.74,1.35,3.03,2.85,39.73,25.28,24.48%,13.16%,26.82%,16.81%,9.91%,82.00,0.63%,"206,001"
HHLIT,1.46B,-,16.70,0.83,2.94,4.06,6.27,27.03,52.13%,12.47%,-4.77%,20.06%,-0.99%,13.43,-3.52%,"1,380,145"
HHLLY,366.43M,36.14,7.84,0.23,0.60,0.81,5.31,11.11,121.61%,-2.51%,-19.94%,33.90%,4.00%,3.05,-1.93%,"676,746"
HHLMN,1.72B,42.55,12.96,0.80,1.07,1.43,47.88,28.09,1.35%,15.74%,-,16.13%,2.55%,8.82,1.38%,"2,978,256"
HHLN,42.19B,19.70,15.53,1.59,2.82,1.93,38.48,15.34,10.95%,9.22%,9.00%,9.75%,2.76%,9.58,-1.24%,"3,896,615"
HHLNE,5.56B,15.36,13.83,1.14,6.48,4.65,15.91,13.14,20.15%,2.87%,16.10%,12.17%,16.82%,100.84,-3.26%,"667,076"
HHLP,91.18M,46.21,-,-,4.65,1.55,48.24,138.16,-,-,-33.31%,-,11.93%,1.22,-3.94%,"27,247"
HHLT,73.40B,47.92,31.39,2.28,5.88,-,68.98,36.17,11.45%,14.95%,-,13.76%,22.71%,326.12,-0.33%,"2,701,605"
HHLTH,-,-,-,-,-,-,-,-,-,-,-,-,-,27.93,1.36%,"13,507"
HHLX,1.55B,66.29,18.92,0.50,1.19,0.98,2.38,7.01,-15.07%,97.59%,9.64%,38.04%,11.98%,10.54,1.05%,"1,494,045"
HHLXC,239.35M,-,-,-,-,1.39,109.79,-,-,-,-,-,-,10.85,-1.36%,"32,939"
HHMAY,-,-,-,-,-,-,-,-,-,-,-,-,-,25.35,-0.04%,7
HHMC,41.40B,-,8.26,-,0.28,0.54,1.27,21.21,223.05%,56.02%,-,-,3.10%,31.90,1.01%,"875,773"
HHMH,933.61M,24.08,9.54,0.29,1.23,4.44,7.80,8.18,43.68%,47.33%,-,33.45%,-,21.25,3.91%,"161,255"
HHMN,2.08B,11.98,9.52,1.38,1.19,1.38,-,3.67,2.23%,11.89%,4.21%,6.92%,5.36%,51.30,-2.23%,"264,689"
HHMOP,-,-,-,-,-,-,-,-,-,-,-,-,-,38.71,0.01%,"45,056"
HHMR,80.23M,-,9.38,-,1.44,7.42,2.91,8.19,3775.00%,-6.45%,-,-,-,1.36,-2.86%,"97,121"
HHMY,12.52B,13.83,5.49,0.12,2.51,4.00,27.00,20.28,103.83%,37.09%,-,46.12%,17.18%,20.03,3.03%,"2,251,007"
HHMYY,-,-,-,-,-,-,-,-,-,-,-,-,-,5.84,0.18%,"2,113"
HHNDL,-,-,-,-,-,-,-,-,-,-,-,-,-,22.68,-0.49%,"126,571"
HHNGE,7.09B,67.67,28.08,1.57,9.85,20.47,18.21,24.97,-10.25%,33.09%,-,17.93%,-,87.87,-0.70%,"1,223,013"
HHNI,3.49B,438.87,9.99,0.57,0.79,1.93,32.23,33.96,22.98%,13.63%,2.58%,17.41%,7.74%,48.32,-1.11%,"289,749"
HHNNA,78.88M,9.63,-,-,2.37,0.78,2.23,7.75,-,-,3.66%,-,1.26%,9.98,-0.45%,"9,860"
HHNRG,763.25M,782.13,20.49,1.12,1.71,4.01,21.85,-,-104.17%,2075.00%,-,18.32%,13.67%,16.19,0.19%,"572,378"
HHNST,504.24M,-,42.09,1.81,1.47,3.07,4.76,9.57,58.36%,-5.63%,2.55%,23.28%,4.32%,4.70,-2.89%,"2,103,889"
HHNVR,193.32M,21.48,8.98,-,1.37,0.98,-,7.51,75.18%,29.04%,-3.31%,-,28.13%,27.40,-0.47%,"24,770"
HHODL,-,-,-,-,-,-,-,-,-,-,-,-,-,18.16,2.11%,"3,215,632"
HHODO,38.39M,-,-,-,959.73,4.47,16.55,-,-,-,-,-,-,0.51,-5.35%,"65,449"
HHODU,-,-,-,-,-,-,-,-,-,-,-,-,-,10.65,1.40%,"50,329"
HHOFT,154.89M,-,10.76,-,0.54,0.92,14.59,8.90,164.17%,74.03%,-16.56%,-,-12.43%,14.42,-1.70%,"15,102"
HHOG,2.81B,16.72,14.16,32.93,0.66,0.91,1.48,-,-76.87%,196.84%,219.23%,0.43%,1.99%,27.03,-2.70%,"1,868,716"
HHOLA,-,-,-,-,-,-,-,-,-,-,-,-,-,57.21,0.11%,"13,248"
HHOLD,-,-,-,-,-,-,-,-,-,-,-,-,-,32.23,0.67%,70
HHOLO,38.04M,0.38,-,-,0.68,0.10,0.10,4.81,-,-,56.23%,-,-,1.66,-4.05%,"146,728"
HHOMB,6.22B,12.87,11.97,2.56,4.17,1.37,-,12.58,6.92%,3.39%,13.15%,4.67%,13.31%,31.11,-0.89%,"1,809,396"
HHOMZ,-,-,-,-,-,-,-,-,-,-,-,-,-,46.33,-1.12%,"1,028"
HHON,72.72B,8.48,22.95,6.10,1.86,3.92,7.91,17.53,-18.78%,20.08%,1.83%,3.76%,2.78%,229.45,-1.93%,"2,599,414"
HHONA,51.21B,-,-,-,-,-,48.45,-,-,-,-,-,-,161.56,-2.89%,"3,566,120"
HHONG,-,-,-,-,-,-,-,-,-,-,-,-,-,15.07,-3.70%,"1,381"
HHOOC,-,-,-,-,-,-,-,-,-,-,-,-,-,16.56,1.06%,27
HHOOD,86.54B,42.62,34.45,1.92,17.34,9.13,14.68,-,1.76%,33.91%,259.78%,17.92%,36.27%,96.25,0.72%,"11,456,834"
HHOOG,-,-,-,-,-,-,-,-,-,-,-,-,-,25.82,1.27%,"219,342"
HHOOW,-,-,-,-,-,-,-,-,-,-,-,-,-,24.47,-0.73%,"109,657"
HHOOX,-,-,-,-,-,-,-,-,-,-,-,-,-,29.17,1.21%,"10,545"
HHOOY,-,-,-,-,-,-,-,-,-,-,-,-,-,25.97,0.43%,"66,065"
HHOOZ,-,-,-,-,-,-,-,-,-,-,-,-,-,11.85,-1.17%,"9,660"
HHOPE,1.83B,14.44,9.54,-,1.80,0.80,-,9.74,119.90%,39.68%,-11.60%,-,8.33%,14.36,-0.62%,"722,562"
HHOUR,66.53M,38.03,-,-,0.43,7.49,67.20,-,-,-,-15.84%,-,29.80%,1.89,-2.78%,"10,090"
HHOV,737.33M,36.79,-,-,0.25,1.11,2.10,2.72,-83.04%,-373.81%,1.13%,-,4.95%,130.69,-2.51%,"75,820"
HHOVR,132.32M,-,-,-,-,2.60,2.33,-,20.01%,-34.14%,-325.57%,-22.15%,-,1.98,0.51%,"680,146"
HHOWL,19.71M,-,-,-,0.94,1.21,0.90,-,-,-,-6.15%,-,-,0.41,0.20%,"292,158"
HHOYY,-,-,-,-,-,-,-,-,-,-,-,-,-,5.11,0.00%,"13,781"
HHP,4.47B,-,31.26,1.23,1.12,1.74,16.87,14.18,-140.58%,475.06%,18.42%,25.49%,16.13%,44.72,1.18%,"1,055,306"
HHPAI,17.62M,-,-,-,0.49,1.00,25.53,1.73,-,-,-30.11%,-,-,0.47,-3.72%,"521,476"
HHPE,76.29B,54.18,14.25,0.45,1.96,3.01,14.25,19.12,76.43%,18.15%,29.09%,31.71%,4.96%,57.61,-1.87%,"10,835,157"
HHPEL,-,-,-,-,-,-,-,-,-,-,-,-,-,19.70,-3.29%,"92,382"
HHPF,341.22M,12.12,-,-,8.87,0.99,-,-,-,-,-,-,-,15.76,-0.63%,"24,300"
HHPI,429.48M,12.43,-,-,9.01,1.00,-,-,-,-,-,-,-,16.03,-0.37%,"31,859"
HHPK,996.44M,-,-,-,1.18,0.64,6.81,-,-114.29%,-2100.00%,-,-20.63%,103.69%,7.88,6.06%,"385,853"
HHPP,765.59M,-,-,-,0.93,0.31,7.26,6.55,76.58%,7.33%,-,39.12%,0.79%,13.80,-0.72%,"426,573"
HHPQ,26.89B,10.85,9.73,4.82,0.47,-,7.26,7.11,-3.05%,-0.09%,5.79%,2.02%,-0.43%,29.40,-2.36%,"9,148,961"
HHPS,456.48M,12.13,-,-,8.91,0.99,-,-,-,-,-,-,-,14.19,-0.14%,"32,573"
HHQ,866.51M,-,-,-,-,20.76,7.65,-,-39.50%,-32.27%,-,-26.34%,-,16.80,-1.12%,"277,502"
HHQGO,-,-,-,-,-,-,-,-,-,-,-,-,-,67.61,-0.66%,79
HHQH,1.35B,5.30,-,-,244.28,1.19,-,-,-,-,-,-,-,23.67,1.50%,"220,915"
HHQI,224.49M,27.54,19.11,3.09,7.45,3.26,136.88,23.76,9.15%,9.03%,2.90%,6.18%,17.28%,16.15,-3.98%,"35,076"
HHQL,649.82M,3.22,-,-,585.55,1.16,-,-,-,-,-,-,-,21.37,1.28%,"128,534"
HHQY,8.56B,38.33,18.79,1.30,6.40,4.19,32.24,17.54,17.99%,15.42%,83.98%,14.50%,12.36%,102.33,-2.29%,"754,990"
HHR,6.56B,-,347.68,-,5.73,1.56,345.61,14.59,95.48%,271.51%,-,-,9.94%,19.15,-0.52%,"2,981,119"
HHRB,6.35B,8.76,7.26,0.49,1.61,52.98,6.50,8.40,15.74%,12.37%,12.96%,14.92%,2.94%,50.13,-7.03%,"3,169,065"
HHRI,5.79B,117.92,16.25,0.61,1.19,3.06,134.60,-,-5.88%,48.70%,-58.20%,26.80%,19.69%,173.12,-0.22%,"305,153"
HHRL,13.22B,28.33,15.26,2.15,1.08,1.66,15.37,19.08,8.99%,5.42%,-12.16%,7.11%,4.73%,24.02,-2.12%,"4,807,288"
HHRMY,2.22B,12.36,9.13,0.43,2.31,2.22,3.33,6.26,41.94%,8.56%,-,21.06%,40.30%,38.14,0.05%,"734,320"
HHROW,1.48B,-,17.54,-,5.37,97.35,17.64,294.79,35.71%,2600.00%,-1.53%,-,40.99%,39.47,-1.39%,"323,379"
HHRSK,-,-,-,-,-,-,-,-,-,-,-,-,-,25.84,-0.29%,"5,645"
HHRTG,1.02B,4.87,6.59,-,1.19,1.79,-,3.41,-15.61%,-2.81%,80.14%,-,7.38%,34.17,0.62%,"329,451"
HHRTS,-,-,-,-,-,-,-,-,-,-,-,-,-,37.27,0.23%,"4,504"
HHRTX,60.75M,-,-,-,0.40,10.35,1.42,-,-8.33%,15.38%,45.44%,22.90%,11.81%,0.32,-4.96%,"2,816,084"
HHRZN,335.17M,15.23,6.87,-,7.62,0.80,2.48,1.90,-36.38%,8.89%,-,-10.70%,5.47%,5.00,0.40%,"955,437"
HHSAI,18.81B,323.26,20.01,0.47,41.98,2.18,22.72,-,15.40%,77.06%,-,42.77%,47.56%,18.07,-0.77%,"1,249,129"
HHSBC,356.68B,14.87,11.06,1.04,2.62,2.06,-,-,12.50%,10.53%,44.18%,10.63%,12.13%,103.80,0.01%,"1,017,991"
HHSBH,-,-,-,-,-,-,-,-,-,-,-,-,-,113.53,0.12%,"1,691"
HHSCS,8.61M,-,-,-,-,31.30,5.19,-,21.08%,29.01%,32.51%,-,-29.95%,2.21,7.28%,"77,285"
HHSCZ,-,-,-,-,-,-,-,-,-,-,-,-,-,44.04,-0.47%,"24,192"
HHSDT,96.92M,-,166.00,-,8.03,0.58,26.55,-,23.24%,100.70%,91.60%,-,55.54%,1.66,-2.35%,"122,277"
HHSHP,770.35M,14.56,9.97,0.16,4.60,4.73,22.14,8.84,398.42%,-15.24%,-,64.02%,-,16.34,1.43%,"479,515"
HHSIC,9.98B,26.09,14.89,1.48,0.73,3.17,63.55,17.53,8.34%,11.63%,3.12%,10.09%,5.43%,89.52,-0.28%,"1,265,768"
HHSLV,1.07B,169.13,-,-,19.03,2.66,10.78,-,-,-,-3.43%,-,-,5.26,0.96%,"578,175"
HHSMV,-,-,-,-,-,-,-,-,-,-,-,-,-,39.14,-0.74%,"1,057"
HHST,15.63B,15.30,21.39,-,2.51,2.45,8.00,15.43,25.02%,-22.46%,-,-2.49%,30.43%,22.81,-0.39%,"6,132,855"
HHSTM,819.30M,39.04,33.84,-,2.55,2.30,12.28,19.81,20.98%,12.20%,6.68%,-,4.43%,28.02,-3.18%,"158,456"
HHSY,36.38B,26.45,18.31,0.98,2.99,7.97,45.98,16.88,34.60%,16.45%,-6.59%,18.63%,7.49%,181.06,-1.72%,"1,064,558"
HHTAB,-,-,-,-,-,-,-,-,-,-,-,-,-,18.89,-0.15%,"47,694"
HHTAX,-,-,-,-,-,-,-,-,-,-,-,-,-,24.37,-0.59%,"8,672"
HHTB,797.94M,12.52,12.47,2.03,2.79,1.30,-,8.50,0.65%,2.35%,31.65%,6.15%,12.90%,47.80,-4.36%,"729,570"
HHTCO,26.83M,-,-,-,0.11,3.36,1.55,6.67,-,-,-51.80%,-,-,2.96,-0.34%,"54,969"
HHTCR,3.86M,0.75,-,-,0.60,0.82,1.19,-,-,-,95.75%,-,-0.13%,2.55,-1.92%,"13,429"
HHTD,902.09M,5.27,-,-,12.35,0.92,-,-,-,-,-,-,-,25.46,-0.16%,"64,181"
HHTEC,-,-,-,-,-,-,-,-,-,-,-,-,-,41.05,0.46%,"100,957"
HHTFL,3.65B,-,-,-,17.20,13.00,22.44,-,74.31%,36.94%,-,-,-,41.94,-0.33%,"4,101,954"
HHTGC,3.10B,8.31,8.48,282.71,5.23,1.36,61.39,9.40,0.68%,0.88%,-1.60%,0.03%,16.30%,16.54,-0.96%,"1,895,512"
HHTH,2.25B,14.60,15.80,-,1.41,1.06,-,-,30.72%,-2.06%,-10.52%,-,-5.77%,39.33,-0.68%,"189,519"
HHTHT,14.32B,21.24,15.69,1.23,3.93,9.03,6.26,14.20,14.22%,12.85%,-,12.75%,18.97%,46.61,11.29%,"4,527,753"
HHTLD,991.40M,-,24.77,-,1.35,1.31,15.84,-,127.67%,179.14%,-,-,4.54%,12.82,0.23%,"691,136"
HHTLM,179.38M,11.79,-,-,0.50,7.51,8.69,-,-,-,-,-,-,2.00,5.82%,187
HHTO,2.65B,22.33,22.67,3.32,3.19,1.43,25.42,-,-6.53%,-0.25%,6.39%,6.82%,7.24%,63.21,-1.00%,"399,522"
HHTOO,15.57M,-,-,-,0.96,0.27,22.90,-,-,-,55.06%,-,-,2.21,-7.14%,"12,394"
HHTRB,-,-,-,-,-,-,-,-,-,-,-,-,-,33.25,-0.15%,"235,153"
HHTT,233.91M,4.35,-,-,40.89,0.24,0.17,-,-,-,1.52%,-,-60.31%,2.51,-0.79%,"45,888"
HHTUS,-,-,-,-,-,-,-,-,-,-,-,-,-,46.08,-0.35%,"5,175"
HHTZ,769.93M,-,-,-,0.09,-,0.59,-,61.89%,92.61%,26.75%,-,10.09%,2.16,-3.57%,"26,122,596"
HHUBB,26.64B,29.86,22.13,1.93,4.28,6.81,67.50,29.56,12.01%,11.73%,20.85%,11.44%,9.68%,504.30,-1.39%,"470,654"
HHUBC,2.46M,-,-,-,0.08,-,1.01,-,-,-,-26.72%,-,284.24%,0.74,-0.47%,"236,333"
HHUBG,2.41B,22.71,21.16,2.38,0.65,1.42,16.48,40.24,-29.81%,45.99%,1.24%,8.88%,1.47%,39.47,-2.06%,"993,312"
HHUBS,10.73B,76.16,12.89,0.48,3.11,6.45,8.02,13.50,36.90%,25.71%,-,26.86%,28.81%,215.17,-4.00%,"1,310,556"
HHUDI,13.59M,-,-,-,0.23,0.18,1.43,-,-,-,-,-,1.24%,0.95,-0.96%,"48,060"
HHUHU,124.15M,-,-,-,41.66,110.63,182.57,326.71,-,-,-,-,35.62%,4.87,-0.81%,"93,040"
HHUIZ,11.27M,5.25,-,-,0.06,0.23,0.28,-,-,-,-,-,4.48%,1.31,5.65%,"502,610"
HHULL,-,-,-,-,-,-,-,-,-,-,-,-,-,26.88,0.75%,424
HHUM,46.15B,36.40,22.99,1.31,0.32,2.40,-,23.68,-46.59%,82.63%,-17.23%,17.59%,10.94%,384.31,-1.22%,"756,588"
HHUMA,155.73M,-,-,-,73.46,4.98,1.95,-,-48.46%,37.82%,53.14%,45.12%,-,0.56,-7.31%,"13,740,736"
HHUMN,-,-,-,-,-,-,-,-,-,-,-,-,-,33.83,1.23%,"117,715"
HHUN,1.81B,-,78.97,-,0.31,0.66,5.23,-,67.00%,156.52%,-,-,-1.14%,10.31,0.10%,"2,173,450"
HHURA,145.20M,-,-,-,-,7.97,145.20,-,11.11%,-0.60%,81.38%,7.72%,-,2.28,-7.69%,"517,011"
HHURC,146.37M,-,-,-,0.81,0.76,2.92,20.94,-,-,-20.37%,-,0.91%,22.60,0.36%,"24,335"
HHURN,2.36B,22.25,14.01,-,1.30,6.16,75.57,14.66,17.47%,15.13%,-,-,14.30%,148.33,-2.33%,"221,863"
HHUSV,-,-,-,-,-,-,-,-,-,-,-,-,-,41.04,-0.79%,"4,658"
HHUT,10.85B,-,-,-,34.13,7.52,1.55,-,-119.47%,23.97%,-,-,50.60%,88.04,3.04%,"3,953,457"
HHUTG,-,-,-,-,-,-,-,-,-,-,-,-,-,14.60,5.34%,"157,438"
HHUYA,177.79M,-,14.85,-,0.18,0.76,0.49,-,230.26%,62.18%,-,-,-10.57%,2.28,-0.87%,"1,110,922"
HHVAC,-,-,-,-,-,-,-,-,-,-,-,-,-,37.60,1.20%,"15,216"
HHVII,273.51M,103.65,-,-,-,1.44,1051.96,-,-,-,-,-,-,10.51,-0.10%,"342,245"
HHVMC,301.45M,44.67,-,-,-,1.32,463.77,-,-,-,-,-,-,10.27,0.00%,40
HHVT,448.34M,20.67,10.79,-,0.57,1.51,4.04,11.35,42.02%,55.92%,-17.57%,-,0.29%,28.44,-1.22%,"105,987"
HHWBK,274.03M,10.81,-,-,2.39,1.50,-,9.82,-,-,11.86%,-,7.59%,39.71,-0.48%,"16,039"
HHWC,6.32B,15.44,10.83,1.01,3.25,1.43,-,10.87,14.43%,12.25%,-,10.72%,8.10%,78.84,-1.18%,"689,254"
HHWH,14.75M,-,-,-,37.83,5.40,9.11,-,-,-,-133.89%,-,-,1.91,5.52%,"635,831"
HHWIV,-,-,-,-,-,-,-,-,-,-,-,-,-,26.69,-0.40%,16
HHWKN,2.75B,34.03,28.33,-,2.48,4.98,344.18,29.95,4.34%,13.85%,15.19%,-,12.67%,131.57,0.40%,"173,635"
HHWM,115.30B,62.36,45.13,1.73,12.65,20.18,204.44,64.38,40.48%,20.96%,50.77%,26.10%,9.43%,289.12,-0.02%,"1,858,199"
HHWO,-,-,-,-,-,-,-,-,-,-,-,-,-,27.03,-1.05%,228
HHWSM,-,-,-,-,-,-,-,-,-,-,-,-,-,32.07,-0.90%,8
HHXHX,7.88M,14.26,-,-,1.72,1.99,39.38,-,-,-,19.58%,-,17.86%,0.57,11.56%,"1,277,973"
HHXL,7.80B,51.97,32.93,1.11,3.98,6.00,125.35,30.37,36.59%,30.22%,29.37%,29.54%,4.52%,103.10,-0.93%,"692,711"
HHY,622.19M,-,23.69,-,0.18,1.59,8.57,42.04,-12.50%,138.30%,-,-,6.03%,34.70,0.75%,"84,007"
HHYBB,-,-,-,-,-,-,-,-,-,-,-,-,-,46.50,-0.17%,"13,574"
HHYBI,-,-,-,-,-,-,-,-,-,-,-,-,-,48.89,-0.10%,"28,843"
HHYBL,-,-,-,-,-,-,-,-,-,-,-,-,-,28.01,-0.02%,"105,058"
HHYBX,-,-,-,-,-,-,-,-,-,-,-,-,-,29.58,-0.05%,"1,099"
HHYD,-,-,-,-,-,-,-,-,-,-,-,-,-,50.28,-0.36%,"659,609"
HHYDB,-,-,-,-,-,-,-,-,-,-,-,-,-,46.54,0.09%,"107,889"
HHYDR,-,-,-,-,-,-,-,-,-,-,-,-,-,45.32,0.21%,"16,490"
HHYDW,-,-,-,-,-,-,-,-,-,-,-,-,-,46.76,-0.07%,"1,607"
HHYEM,-,-,-,-,-,-,-,-,-,-,-,-,-,20.04,-0.15%,"57,375"
HHYFI,-,-,-,-,-,-,-,-,-,-,-,-,-,37.19,-0.08%,"20,598"
HHYFM,5.95M,-,-,-,0.06,-,0.90,-,-,-,-84.12%,-,-17.07%,1.25,-14.97%,"243,349"
HHYFT,62.49M,-,-,-,5.54,7.20,7.49,-,6.49%,23.40%,8.52%,24.36%,-3.79%,1.33,-5.67%,"214,122"
HHYG,-,-,-,-,-,-,-,-,-,-,-,-,-,79.61,-0.13%,"22,621,095"
HHYGD,-,-,-,-,-,-,-,-,-,-,-,-,-,49.69,0.23%,278
HHYGH,-,-,-,-,-,-,-,-,-,-,-,-,-,86.55,-0.02%,"38,128"
HHYGM,-,-,-,-,-,-,-,-,-,-,-,-,-,24.59,-0.10%,788
HHYGU,-,-,-,-,-,-,-,-,-,-,-,-,-,25.05,-0.43%,10
HHYGV,-,-,-,-,-,-,-,-,-,-,-,-,-,40.13,-0.16%,"81,856"
HHYGW,-,-,-,-,-,-,-,-,-,-,-,-,-,28.90,-0.28%,"30,842"
HHYHG,-,-,-,-,-,-,-,-,-,-,-,-,-,64.63,-0.06%,"28,047"
HHYI,134.80M,11.95,-,-,-,-,-,-,-,-,-,-,-,10.52,-0.09%,"48,024"
HHYIN,-,-,-,-,-,-,-,-,-,-,-,-,-,14.33,-0.97%,"25,814"
HHYLB,-,-,-,-,-,-,-,-,-,-,-,-,-,36.33,-0.16%,"430,157"
HHYLN,730.46M,-,-,-,78.97,4.31,11.38,-,6.72%,-9.71%,-,16.53%,-,4.09,0.74%,"2,565,598"
HHYLS,-,-,-,-,-,-,-,-,-,-,-,-,-,40.75,-0.12%,"109,798"
HHYMB,-,-,-,-,-,-,-,-,-,-,-,-,-,24.84,-0.44%,"1,512,173"
HHYMC,2.45B,-,-,-,-,9.77,11.12,-,-18.69%,38.30%,52.57%,36.37%,-,26.32,-2.77%,"1,665,580"
HHYNE,133.52M,515.31,-,-,5.87,0.83,-,-,-,-,-,-,-,16.49,-0.78%,"3,625"
HHYNX,-,-,-,-,-,-,-,-,-,-,-,-,-,26.03,5.60%,"829,175"
HHYP,-,-,-,-,-,-,-,-,-,-,-,-,-,28.59,2.40%,"6,382"
HHYPD,44.13M,-,2.36,-,31.52,0.43,4.58,-,125.00%,-48.72%,34.01%,-,-16.47%,2.84,4.41%,"198,781"
HHYPG,-,-,-,-,-,-,-,-,-,-,-,-,-,20.89,6.26%,"39,029"
HHYPR,95.00M,-,-,-,5.74,2.58,2.12,-,20.93%,5.88%,14.09%,11.31%,115.18%,0.90,0.32%,"836,737"
HHYS,-,-,-,-,-,-,-,-,-,-,-,-,-,92.88,-0.13%,"63,255"
HHYSA,-,-,-,-,-,-,-,-,-,-,-,-,-,14.86,-0.34%,"15,521"
HHYSD,-,-,-,-,-,-,-,-,-,-,-,-,-,20.01,0.02%,"2,038"
HHYT,1.63B,9.18,-,-,10.95,0.87,-,-,-,-,-,-,-,8.35,0.36%,"1,083,484"
HHYTI,-,-,-,-,-,-,-,-,-,-,-,-,-,18.99,-0.11%,"16,043"
HHYTR,-,-,-,-,-,-,-,-,-,-,-,-,-,21.25,-0.08%,"39,425"
HHYUP,-,-,-,-,-,-,-,-,-,-,-,-,-,41.42,-0.08%,"2,403"
HHYXF,-,-,-,-,-,-,-,-,-,-,-,-,-,46.44,-0.15%,"18,037"
HHYZD,-,-,-,-,-,-,-,-,-,-,-,-,-,22.63,-0.02%,"67,012"
HHZO,1.15B,361.84,33.18,0.54,0.53,1.21,6.60,6.58,16.63%,121.36%,-,61.57%,8.87%,52.25,0.44%,"778,624"
IIACO,436.41M,-,-,-,-,1.28,373.00,-,-,-,-,-,-,9.98,0.10%,"4,578"
IIACQ,320.12M,-,-,-,-,1.31,313.84,-,-,-,-,-,-,9.92,-0.50%,"108,396"
IIAE,95.36M,3.44,-,-,-,-,-,-,-,-,-,-,-,8.87,0.34%,"25,845"
IIAF,126.77M,7.60,-,-,28.39,0.92,-,-,-,-,-,-,-,13.23,0.30%,"19,906"
IIAG,10.88B,9.65,8.35,0.43,2.95,2.49,21.65,6.90,71.52%,8.17%,69.94%,19.26%,18.10%,19.05,4.10%,"5,399,899"
IIAGG,-,-,-,-,-,-,-,-,-,-,-,-,-,49.78,-0.18%,"640,031"
IIAI,-,-,-,-,-,-,-,-,-,-,-,-,-,191.00,-0.09%,"149,580"
IIAK,-,-,-,-,-,-,-,-,-,-,-,-,-,143.89,-1.28%,"175,976"
IIALT,-,-,-,-,-,-,-,-,-,-,-,-,-,29.06,0.07%,"846,790"
IIAPR,-,-,-,-,-,-,-,-,-,-,-,-,-,34.10,-0.12%,"2,224"
IIART,1.37B,-,6.78,0.79,0.83,1.32,5.01,53.24,10.17%,6.04%,-,8.53%,3.57%,17.66,-3.71%,"541,158"
IIAT,-,-,-,-,-,-,-,-,-,-,-,-,-,65.20,-0.79%,"84,855"
IIAU,-,-,-,-,-,-,-,-,-,-,-,-,-,83.11,1.01%,"4,936,093"
IIAUG,-,-,-,-,-,-,-,-,-,-,-,-,-,31.02,-0.06%,"27,750"
IIAUI,-,-,-,-,-,-,-,-,-,-,-,-,-,51.92,0.54%,"320,928"
IIAUM,-,-,-,-,-,-,-,-,-,-,-,-,-,44.05,0.96%,"3,733,497"
IIAUX,1.43B,-,-,-,10.99,5.54,3.08,-,12.33%,90.35%,-81.09%,-,-,1.65,-1.20%,"5,741,073"
IIBAC,54.49M,-,-,-,-,8.98,1816.33,-,-,-,-,-,-,10.88,-0.09%,"3,012"
IIBAT,-,-,-,-,-,-,-,-,-,-,-,-,-,42.19,0.46%,"25,204"
IIBB,-,-,-,-,-,-,-,-,-,-,-,-,-,201.93,1.85%,"1,104,690"
IIBBQ,-,-,-,-,-,-,-,-,-,-,-,-,-,34.30,1.44%,"10,029"
IIBCA,-,-,-,-,-,-,-,-,-,-,-,-,-,24.98,-0.36%,"121,467"
IIBCB,-,-,-,-,-,-,-,-,-,-,-,-,-,24.50,-0.33%,"69,203"
IIBCP,852.01M,11.14,9.89,-,2.66,1.50,-,32.95,7.15%,8.74%,5.29%,-,7.90%,38.38,0.18%,"201,517"
IIBD,-,-,-,-,-,-,-,-,-,-,-,-,-,23.64,0.00%,"67,300"
IIBDR,-,-,-,-,-,-,-,-,-,-,-,-,-,24.20,0.00%,"737,071"
IIBDS,-,-,-,-,-,-,-,-,-,-,-,-,-,24.18,0.04%,"476,123"
IIBDT,-,-,-,-,-,-,-,-,-,-,-,-,-,25.19,0.00%,"326,857"
IIBDU,-,-,-,-,-,-,-,-,-,-,-,-,-,23.07,-0.04%,"438,789"
IIBDV,-,-,-,-,-,-,-,-,-,-,-,-,-,21.61,-0.09%,"337,878"
IIBDW,-,-,-,-,-,-,-,-,-,-,-,-,-,20.62,-0.10%,"528,012"
IIBDX,-,-,-,-,-,-,-,-,-,-,-,-,-,24.84,-0.12%,"164,645"
IIBDY,-,-,-,-,-,-,-,-,-,-,-,-,-,25.29,-0.23%,"422,713"
IIBDZ,-,-,-,-,-,-,-,-,-,-,-,-,-,25.49,-0.31%,"98,843"
IIBEX,465.81M,10.86,9.60,0.67,0.74,2.91,30.23,14.42,28.00%,2.98%,39.92%,14.24%,6.62%,34.79,-2.90%,"116,580"
IIBFR,-,-,-,-,-,-,-,-,-,-,-,-,-,51.41,-0.15%,374
IIBG,1.63M,-,-,-,-,0.15,8.58,-,-,-,-,-,7.66%,0.90,-3.49%,"26,129"
IIBGA,-,-,-,-,-,-,-,-,-,-,-,-,-,23.33,-0.58%,"5,230"
IIBGB,-,-,-,-,-,-,-,-,-,-,-,-,-,23.26,-0.58%,74
IIBGC,-,-,-,-,-,-,-,-,-,-,-,-,-,23.80,-0.65%,"2,222"
IIBGK,-,-,-,-,-,-,-,-,-,-,-,-,-,22.02,-0.78%,"2,876"
IIBGL,-,-,-,-,-,-,-,-,-,-,-,-,-,22.64,-0.76%,112
IIBGM,-,-,-,-,-,-,-,-,-,-,-,-,-,23.53,-0.75%,"2,251"
IIBHF,-,-,-,-,-,-,-,-,-,-,-,-,-,22.51,0.02%,"180,170"
IIBHG,-,-,-,-,-,-,-,-,-,-,-,-,-,21.94,-0.02%,"173,993"
IIBHH,-,-,-,-,-,-,-,-,-,-,-,-,-,23.36,-0.04%,"99,488"
IIBHI,-,-,-,-,-,-,-,-,-,-,-,-,-,23.33,0.13%,"45,972"
IIBHJ,-,-,-,-,-,-,-,-,-,-,-,-,-,26.32,-0.40%,"25,750"
IIBHK,-,-,-,-,-,-,-,-,-,-,-,-,-,25.46,-0.16%,"7,841"
IIBHL,-,-,-,-,-,-,-,-,-,-,-,-,-,25.32,-0.14%,"2,512"
IIBHM,-,-,-,-,-,-,-,-,-,-,-,-,-,25.26,-0.18%,"3,113"
IIBIC,-,-,-,-,-,-,-,-,-,-,-,-,-,25.62,0.06%,"33,687"
IIBID,-,-,-,-,-,-,-,-,-,-,-,-,-,25.75,0.08%,"34,864"
IIBIE,-,-,-,-,-,-,-,-,-,-,-,-,-,25.77,0.08%,"43,615"
IIBIF,-,-,-,-,-,-,-,-,-,-,-,-,-,25.74,0.00%,"50,985"
IIBIG,-,-,-,-,-,-,-,-,-,-,-,-,-,25.67,0.00%,"44,988"
IIBIH,-,-,-,-,-,-,-,-,-,-,-,-,-,25.65,-0.03%,"41,879"
IIBII,-,-,-,-,-,-,-,-,-,-,-,-,-,25.30,-0.02%,"15,840"
IIBIJ,-,-,-,-,-,-,-,-,-,-,-,-,-,25.26,-0.14%,"10,697"
IIBIK,-,-,-,-,-,-,-,-,-,-,-,-,-,25.03,-0.10%,"14,004"
IIBIL,-,-,-,-,-,-,-,-,-,-,-,-,-,24.75,-0.18%,"15,216"
IIBIM,-,-,-,-,-,-,-,-,-,-,-,-,-,24.59,-0.16%,"20,375"
IIBIO,72.03M,-,-,-,240.11,0.65,0.96,-,80.50%,9.11%,64.37%,38.86%,-24.57%,1.45,1.40%,"589,283"
IIBIT,-,-,-,-,-,-,-,-,-,-,-,-,-,36.42,2.22%,"42,854,225"
IIBKR,42.74B,37.55,29.69,1.62,3.78,7.20,0.41,1.95,23.91%,17.09%,29.67%,18.35%,33.08%,94.33,2.47%,"4,632,739"
IIBLC,-,-,-,-,-,-,-,-,-,-,-,-,-,44.24,1.34%,"8,650"
IIBM,215.61B,20.31,17.41,2.41,3.12,6.26,26.37,15.64,6.22%,6.79%,12.36%,7.23%,4.12%,228.85,-2.33%,"7,564,332"
IIBMO,-,-,-,-,-,-,-,-,-,-,-,-,-,25.63,0.08%,"329,190"
IIBMP,-,-,-,-,-,-,-,-,-,-,-,-,-,25.36,-0.04%,"35,618"
IIBMQ,-,-,-,-,-,-,-,-,-,-,-,-,-,25.51,-0.02%,"31,952"
IIBMR,-,-,-,-,-,-,-,-,-,-,-,-,-,25.27,-0.06%,"148,593"
IIBMS,-,-,-,-,-,-,-,-,-,-,-,-,-,25.75,-0.10%,"73,146"
IIBMT,-,-,-,-,-,-,-,-,-,-,-,-,-,25.56,-0.16%,"115,272"
IIBMU,-,-,-,-,-,-,-,-,-,-,-,-,-,25.12,-0.14%,"43,335"
IIBMV,-,-,-,-,-,-,-,-,-,-,-,-,-,25.01,-0.32%,"3,071"
IIBMW,-,-,-,-,-,-,-,-,-,-,-,-,-,24.87,-0.24%,"7,349"
IIBMX,-,-,-,-,-,-,-,-,-,-,-,-,-,24.59,-0.36%,"2,366"
IIBN,105.49B,17.25,15.17,1.01,3.01,2.62,-,-,15.53%,15.54%,18.52%,15.09%,10.25%,29.40,-1.14%,"4,809,720"
IIBND,-,-,-,-,-,-,-,-,-,-,-,-,-,31.17,0.03%,"24,239"
IIBO,51.47M,-,-,-,1286.79,4.78,5147.15,-,-,-,-48.53%,-,-,0.48,3.94%,"54,616"
IIBOC,4.55B,11.03,10.84,3.52,4.28,1.35,-,9.30,-3.47%,5.63%,20.37%,3.08%,12.78%,73.14,-0.33%,"220,491"
IIBOT,-,-,-,-,-,-,-,-,-,-,-,-,-,69.07,0.19%,"21,441"
IIBP,6.47B,26.21,21.24,4.30,2.18,10.12,16.41,22.19,-8.71%,9.80%,24.31%,4.94%,12.44%,243.54,1.38%,"270,139"
IIBRN,-,-,-,-,-,-,-,-,-,-,-,-,-,39.64,1.29%,"2,929"
IIBRX,8.39B,-,-,-,50.63,-,23.49,-,-152.63%,85.16%,15.60%,-,299.74%,7.92,4.62%,"6,816,455"
IIBTA,832.95M,-,-,-,2.43,3.46,5.62,11.19,-653.85%,58.35%,-,-,-,35.94,-7.47%,"290,328"
IIBTG,-,-,-,-,-,-,-,-,-,-,-,-,-,22.86,0.00%,"2,678,095"
IIBTH,-,-,-,-,-,-,-,-,-,-,-,-,-,22.36,-0.02%,"2,293,562"
IIBTI,-,-,-,-,-,-,-,-,-,-,-,-,-,22.10,-0.05%,"325,484"
IIBTJ,-,-,-,-,-,-,-,-,-,-,-,-,-,21.58,0.00%,"529,625"
IIBTK,-,-,-,-,-,-,-,-,-,-,-,-,-,19.42,0.00%,"207,857"
IIBTL,-,-,-,-,-,-,-,-,-,-,-,-,-,20.01,-0.05%,"303,910"
IIBTM,-,-,-,-,-,-,-,-,-,-,-,-,-,22.44,-0.09%,"98,242"
IIBTO,-,-,-,-,-,-,-,-,-,-,-,-,-,23.80,-0.13%,"93,668"
IIBTP,-,-,-,-,-,-,-,-,-,-,-,-,-,24.98,-0.15%,"68,733"
IIBTQ,-,-,-,-,-,-,-,-,-,-,-,-,-,24.60,-0.18%,"61,181"
IIBTR,-,-,-,-,-,-,-,-,-,-,-,-,-,24.38,-0.25%,"23,722"
IIBUF,-,-,-,-,-,-,-,-,-,-,-,-,-,32.13,-0.03%,"7,678"
IIBUY,-,-,-,-,-,-,-,-,-,-,-,-,-,72.12,-1.93%,"3,538"
IIBX,-,-,-,-,-,-,-,-,-,-,-,-,-,17.05,-4.75%,"353,581"
IICAP,-,-,-,-,-,-,-,-,-,-,-,-,-,29.55,-0.46%,"19,849"
IICCC,88.10M,115.61,-,-,2.87,2.81,9.94,20.93,-,-,4.06%,-,12.50%,9.70,-3.48%,"100,989"
IICCM,7.92M,-,-,-,2.00,0.81,0.66,-,22.69%,38.20%,32.65%,32.85%,-2.67%,2.82,-6.62%,"99,678"
IICE,86.63B,21.79,17.51,1.41,6.59,2.93,33.58,17.06,16.83%,8.56%,8.90%,12.39%,9.86%,154.31,-0.27%,"2,639,607"
IICF,-,-,-,-,-,-,-,-,-,-,-,-,-,68.48,-0.84%,"87,342"
IICFI,1.55B,17.89,11.22,1.70,0.85,1.48,14.93,7.81,4.99%,8.47%,11.48%,6.60%,4.44%,86.50,-2.14%,"118,921"
IICG,25.79M,-,-,-,0.84,0.39,0.37,-,-,-,-,-,31.18%,0.90,2.10%,"6,800"
IICHR,2.69B,-,21.99,0.14,2.66,3.10,10.50,-,582.60%,108.20%,-,152.16%,0.72%,71.87,1.15%,"734,048"
IICL,7.05B,23.12,12.40,1.20,0.91,1.15,10.65,29.33,16.60%,4.88%,82.71%,10.32%,7.24%,5.46,-1.62%,"613,023"
IICLN,-,-,-,-,-,-,-,-,-,-,-,-,-,18.11,-0.55%,"4,464,482"
IICLO,-,-,-,-,-,-,-,-,-,-,-,-,-,25.64,0.04%,"98,055"
IICLR,13.07B,307.59,14.19,5.31,1.58,1.39,14.08,14.62,-15.40%,12.66%,-14.31%,2.67%,24.15%,169.45,3.86%,"490,032"
IICMB,11.95M,-,-,-,1.14,0.24,0.57,-,-,-,19.32%,-,-10.48%,0.83,-1.31%,"29,452"
IICON,-,-,-,-,-,-,-,-,-,-,-,-,-,1.03,-0.48%,"32,619"
IICOP,-,-,-,-,-,-,-,-,-,-,-,-,-,54.82,2.33%,"326,599"
IICOW,-,-,-,-,-,-,-,-,-,-,-,-,-,44.89,-0.26%,"80,400"
IICPI,-,-,-,-,-,-,-,-,-,-,-,-,-,50.01,0.00%,"10,999"
IICPY,-,-,-,-,-,-,-,-,-,-,-,-,-,13.14,-0.32%,"8,318"
IICSH,-,-,-,-,-,-,-,-,-,-,-,-,-,50.52,0.04%,"909,456"
IICU,14.32M,-,-,-,8.37,3.22,2.06,-,37.88%,35.85%,-125.73%,49.38%,-,3.25,2.20%,"44,170"
IICUI,4.56B,154.17,18.88,1.84,2.11,2.12,15.30,29.86,12.63%,10.61%,-62.61%,10.24%,11.90%,182.51,-0.26%,"291,918"
IICVT,-,-,-,-,-,-,-,-,-,-,-,-,-,119.12,0.08%,"741,519"
IIDA,8.18B,23.41,20.36,2.28,4.54,2.10,97.83,-,8.11%,8.94%,4.68%,8.92%,6.09%,141.47,-0.80%,"529,837"
IIDAC,127.74M,356.43,-,-,-,1.41,165.90,-,-,-,-,-,-,9.98,-0.20%,"2,809"
IIDAI,14.15M,-,50.20,-,4.11,3.05,2.24,-,55.06%,104.17%,20.20%,-,3.46%,2.51,2.87%,"22,603"
IIDAU,-,-,-,-,-,-,-,-,-,-,-,-,-,25.07,0.07%,9
IIDCC,8.99B,40.20,37.65,35.52,11.40,7.48,8.02,16.21,-23.11%,1.98%,52.24%,1.06%,18.36%,348.39,1.38%,"239,957"
IIDE,202.49M,3.21,-,-,-,-,-,-,-,-,-,-,-,13.36,0.07%,"41,287"
IIDEC,-,-,-,-,-,-,-,-,-,-,-,-,-,35.40,-0.03%,7
IIDEF,-,-,-,-,-,-,-,-,-,-,-,-,-,35.62,-0.08%,"453,793"
IIDEQ,-,-,-,-,-,-,-,-,-,-,-,-,-,36.13,0.47%,"117,198"
IIDEV,-,-,-,-,-,-,-,-,-,-,-,-,-,93.40,-0.17%,"4,221,491"
IIDGT,-,-,-,-,-,-,-,-,-,-,-,-,-,122.85,-0.45%,"12,262"
IIDHQ,-,-,-,-,-,-,-,-,-,-,-,-,-,45.69,0.06%,"157,974"
IIDIAU,-,-,-,-,-,-,-,-,-,-,-,-,-,-,-,0
IIDJL,-,-,-,-,-,-,-,-,-,-,-,-,-,25.63,0.12%,6
IIDJN,-,-,-,-,-,-,-,-,-,-,-,-,-,25.61,-0.11%,6
IIDLV,-,-,-,-,-,-,-,-,-,-,-,-,-,35.93,-0.48%,"23,648"
IIDMO,-,-,-,-,-,-,-,-,-,-,-,-,-,63.56,0.47%,"284,034"
IIDMY,-,-,-,-,-,-,-,-,-,-,-,-,-,25.82,-0.02%,6
IIDN,59.79M,19.29,147.50,-,2.48,2.66,5.05,21.28,8.33%,-69.23%,-,-,16.12%,2.95,5.17%,"1,363,586"
IIDNA,-,-,-,-,-,-,-,-,-,-,-,-,-,35.86,1.79%,"118,097"
IIDOG,-,-,-,-,-,-,-,-,-,-,-,-,-,44.33,-0.02%,"32,016"
IIDR,485.08M,21.52,21.14,-,9.54,4.02,12.12,252.64,21.05%,5.07%,-,-,49.52%,30.65,-3.89%,"262,631"
IIDRV,-,-,-,-,-,-,-,-,-,-,-,-,-,37.56,0.29%,"22,798"
IIDT,1.65B,20.38,16.83,1.68,1.30,4.62,4.35,29.87,20.69%,2.60%,29.99%,10.04%,-1.76%,66.46,-0.14%,"127,035"
IIDU,-,-,-,-,-,-,-,-,-,-,-,-,-,112.16,-0.33%,"57,171"
IIDUB,-,-,-,-,-,-,-,-,-,-,-,-,-,28.38,0.20%,"18,139"
IIDV,-,-,-,-,-,-,-,-,-,-,-,-,-,44.63,-0.16%,"359,250"
IIDVO,-,-,-,-,-,-,-,-,-,-,-,-,-,43.29,0.30%,"238,538"
IIDVY,-,-,-,-,-,-,-,-,-,-,-,-,-,27.46,-0.01%,118
IIDVZ,-,-,-,-,-,-,-,-,-,-,-,-,-,34.40,-0.01%,"17,616"
IIDX,-,-,-,-,-,-,-,-,-,-,-,-,-,11.22,-0.27%,"18,665"
IIDXX,43.02B,38.38,32.57,2.46,9.45,26.71,218.46,34.40,12.93%,13.51%,14.28%,13.25%,9.72%,546.09,-0.88%,"739,446"
IIDYA,3.53B,-,-,-,15.06,2.94,4.25,-,-256.67%,9.97%,1.64%,-,62.11%,36.54,0.66%,"427,842"
IIDYN,-,-,-,-,-,-,-,-,-,-,-,-,-,31.13,0.23%,"4,738"
IIE,1.69B,-,-,-,559.62,3.21,6.54,-,91.03%,-916.06%,-23.80%,18.35%,-6.88%,10.59,1.73%,"1,283,513"
IIEAG,445.43M,110.89,-,-,-,1.32,989.84,-,-,-,-,-,-,10.23,-0.15%,"27,214"
IIEDI,-,-,-,-,-,-,-,-,-,-,-,-,-,57.27,0.00%,0
IIEF,-,-,-,-,-,-,-,-,-,-,-,-,-,92.84,-0.21%,"4,755,354"
IIEFA,-,-,-,-,-,-,-,-,-,-,-,-,-,101.03,-0.16%,"5,796,680"
IIEI,-,-,-,-,-,-,-,-,-,-,-,-,-,116.52,-0.06%,"1,156,370"
IIEMG,-,-,-,-,-,-,-,-,-,-,-,-,-,81.95,0.94%,"6,481,740"
IIEO,-,-,-,-,-,-,-,-,-,-,-,-,-,132.60,1.38%,"79,116"
IIEP,5.05B,-,-,-,0.46,2.79,1.58,-,-,-,41.06%,-,8.25%,7.11,-4.18%,"2,864,185"
IIESC,15.82B,35.28,29.49,0.92,3.97,12.87,40.79,37.97,69.40%,16.34%,50.08%,32.14%,22.88%,793.96,5.00%,"246,118"
IIETC,-,-,-,-,-,-,-,-,-,-,-,-,-,112.24,0.14%,"20,896"
IIEUR,-,-,-,-,-,-,-,-,-,-,-,-,-,78.05,-0.24%,"323,005"
IIEUS,-,-,-,-,-,-,-,-,-,-,-,-,-,73.76,-0.50%,"3,858"
IIEV,-,-,-,-,-,-,-,-,-,-,-,-,-,75.42,-0.28%,"156,091"
IIEX,17.72B,34.54,24.97,2.75,4.94,4.44,28.35,27.63,10.76%,9.34%,5.35%,9.09%,8.01%,240.39,0.61%,"417,424"
IIEZ,-,-,-,-,-,-,-,-,-,-,-,-,-,30.55,0.79%,"139,885"
IIFBD,8.52M,-,-,-,0.98,0.48,1.67,-,-,-,-,-,-9.74%,1.04,-1.89%,"4,810"
IIFEB,-,-,-,-,-,-,-,-,-,-,-,-,-,32.17,0.14%,"1,457"
IIFED,-,-,-,-,-,-,-,-,-,-,-,-,-,49.20,10.56%,"1,487"
IIFF,20.88B,75.92,20.54,7.63,2.09,1.49,36.69,38.81,-18.43%,16.31%,-,2.69%,16.46%,81.83,-2.79%,"1,175,899"
IIFGL,-,-,-,-,-,-,-,-,-,-,-,-,-,22.69,-0.57%,"11,391"
IIFLN,-,-,-,-,-,-,-,-,-,-,-,-,-,18.24,-0.14%,"14,671"
IIFLO,-,-,-,-,-,-,-,-,-,-,-,-,-,36.37,-0.14%,"231,673"
IIFLR,-,-,-,-,-,-,-,-,-,-,-,-,-,54.66,-0.24%,"9,151"
IIFN,503.29M,-,-,-,96.20,0.79,-,-,-,-,-,-,-,11.80,-0.67%,"104,075"
IIFRA,-,-,-,-,-,-,-,-,-,-,-,-,-,62.11,0.44%,"4,702,176"
IIFRX,304.90M,-,-,-,-,1.83,1.68,-,59.54%,-25.91%,11.77%,14.56%,-,2.07,1.47%,"564,830"
IIFS,6.30B,9.94,8.21,0.59,2.09,1.60,-,4.83,21.54%,10.17%,38.56%,13.82%,7.05%,54.64,-0.09%,"260,466"
IIFV,-,-,-,-,-,-,-,-,-,-,-,-,-,26.49,0.51%,"21,913"
IIG,-,-,-,-,-,-,-,-,-,-,-,-,-,20.14,-0.40%,"16,528"
IIGA,161.24M,8.54,-,-,33.59,0.99,-,-,-,-,-,-,-,10.51,1.25%,"256,306"
IIGAC,182.10M,104.58,-,-,-,1.42,271.80,-,-,-,-,-,-,10.05,-0.50%,111
IIGBH,-,-,-,-,-,-,-,-,-,-,-,-,-,24.33,-0.16%,"66,389"
IIGC,28.03M,-,-,-,25.03,4.68,80.08,-,-80.00%,11.11%,25.84%,-,5.23%,0.28,-5.98%,"1,048,096"
IIGCB,-,-,-,-,-,-,-,-,-,-,-,-,-,44.76,-0.38%,161
IIGD,528.42M,8.82,-,-,36.17,1.06,-,-,-,-,-,-,-,6.70,0.15%,"378,829"
IIGE,-,-,-,-,-,-,-,-,-,-,-,-,-,64.19,0.96%,"151,494"
IIGEB,-,-,-,-,-,-,-,-,-,-,-,-,-,44.11,-0.31%,"149,159"
IIGF,-,-,-,-,-,-,-,-,-,-,-,-,-,65.62,-0.46%,"808,799"
IIGGY,-,-,-,-,-,-,-,-,-,-,-,-,-,30.06,0.14%,11
IIGHG,-,-,-,-,-,-,-,-,-,-,-,-,-,77.74,-0.19%,"9,117"
IIGI,95.36M,14.08,-,-,-,-,-,-,-,-,-,-,-,15.91,-0.03%,"8,904"
IIGIB,-,-,-,-,-,-,-,-,-,-,-,-,-,52.14,-0.23%,"1,623,309"
IIGIC,1.12B,10.51,8.51,8.77,2.13,1.67,-,-,-15.54%,26.31%,37.32%,0.97%,10.92%,26.24,-3.56%,"82,121"
IIGLB,-,-,-,-,-,-,-,-,-,-,-,-,-,47.53,-0.69%,"1,484,108"
IIGLD,-,-,-,-,-,-,-,-,-,-,-,-,-,21.94,0.97%,"248,989"
IIGM,-,-,-,-,-,-,-,-,-,-,-,-,-,164.29,-0.23%,"213,558"
IIGOV,-,-,-,-,-,-,-,-,-,-,-,-,-,41.22,0.05%,"75,077"
IIGPT,-,-,-,-,-,-,-,-,-,-,-,-,-,96.79,0.68%,"154,015"
IIGR,713.09M,39.25,-,-,17.46,1.05,-,-,-,-,-,-,-,4.71,-0.21%,"506,837"
IIGRO,-,-,-,-,-,-,-,-,-,-,-,-,-,91.98,-0.55%,"25,085"
IIGSB,-,-,-,-,-,-,-,-,-,-,-,-,-,52.13,-0.04%,"1,870,653"
IIGV,-,-,-,-,-,-,-,-,-,-,-,-,-,101.99,-2.01%,"13,169,693"
IIH,28.78M,6.72,-,-,0.26,0.47,0.18,-,-,-,-,-,7.82%,1.29,-5.15%,"3,114"
IIHAK,-,-,-,-,-,-,-,-,-,-,-,-,-,64.99,-2.62%,"305,667"
IIHD,136.03M,3.09,-,-,-,-,-,-,-,-,-,-,-,7.67,0.39%,"26,203"
IIHDG,-,-,-,-,-,-,-,-,-,-,-,-,-,53.51,-0.58%,"87,668"
IIHE,-,-,-,-,-,-,-,-,-,-,-,-,-,103.08,0.41%,"175,594"
IIHF,-,-,-,-,-,-,-,-,-,-,-,-,-,56.25,-1.57%,"271,061"
IIHG,23.67B,34.11,24.56,1.81,4.45,-,28.48,26.06,14.74%,13.45%,-,13.59%,16.61%,160.25,0.02%,"188,698"
IIHI,-,-,-,-,-,-,-,-,-,-,-,-,-,55.08,-1.22%,"2,006,359"
IIHRT,480.39M,-,56.38,-,0.12,-,2.75,13.25,84.01%,110.71%,25.23%,-,5.56%,2.96,0.34%,"1,104,967"
IIHS,2.80B,19.89,9.05,0.24,1.81,-,2.61,6.38,115.48%,1.66%,-,37.21%,2.43%,8.33,0.00%,"570,953"
IIHT,19.26M,-,-,-,2.55,5.07,481.51,-,-,-,1.73%,-,17.64%,1.60,0.63%,"24,416"
IIHY,-,-,-,-,-,-,-,-,-,-,-,-,-,21.62,-0.29%,"4,123"
IIIF,218.23M,-,-,-,122.33,0.83,-,-,-,-,-,-,-,23.11,-0.17%,"41,356"
IIIGD,-,-,-,-,-,-,-,-,-,-,-,-,-,24.39,-0.05%,957
IIII,239.16M,21.23,17.03,-,0.96,2.49,10.10,14.11,26.32%,20.83%,27.49%,-,-0.36%,4.94,-4.26%,"350,691"
IIIIN,635.34M,17.65,13.56,1.55,0.90,1.71,27.68,-,-23.57%,50.78%,16.42%,8.74%,6.51%,32.82,0.61%,"102,023"
IIIIV,422.42M,43.07,13.11,1.39,1.94,1.04,159.41,8.46,2.14%,13.75%,-64.36%,9.41%,7.26%,16.00,-2.08%,"712,752"
IIIM,595.84M,31.62,-,-,13.33,1.00,-,-,-,-,-,-,-,12.65,-1.09%,"117,038"
IIINC,-,-,-,-,-,-,-,-,-,-,-,-,-,26.16,-0.55%,"1,587"
IIIPR,1.54B,12.65,12.71,-,5.84,0.89,7.41,8.27,12.47%,-0.68%,3.76%,-,17.87%,55.80,-0.34%,"350,145"
IIJAN,-,-,-,-,-,-,-,-,-,-,-,-,-,39.01,-0.03%,"2,469"
IIJH,-,-,-,-,-,-,-,-,-,-,-,-,-,78.48,-0.24%,"9,210,015"
IIJJ,-,-,-,-,-,-,-,-,-,-,-,-,-,150.83,-0.55%,"97,142"
IIJK,-,-,-,-,-,-,-,-,-,-,-,-,-,119.11,0.06%,"199,291"
IIJR,-,-,-,-,-,-,-,-,-,-,-,-,-,149.83,-0.41%,"1,851,780"
IIJS,-,-,-,-,-,-,-,-,-,-,-,-,-,139.77,-0.65%,"105,640"
IIJT,-,-,-,-,-,-,-,-,-,-,-,-,-,178.20,-0.17%,"100,847"
IIJUL,-,-,-,-,-,-,-,-,-,-,-,-,-,36.99,0.07%,"11,263"
IIJUN,-,-,-,-,-,-,-,-,-,-,-,-,-,32.03,-0.05%,153
IIKT,333.49M,-,-,-,-,2.06,2.10,-,9.44%,-6.20%,22.00%,5.77%,-,2.39,-0.83%,"489,780"
IILAG,6.41M,-,-,-,1.43,1.41,9.86,-,-,-,-76.02%,-,-16.72%,3.30,-0.90%,"3,250"
IILCB,-,-,-,-,-,-,-,-,-,-,-,-,-,107.21,-0.43%,"6,688"
IILCG,-,-,-,-,-,-,-,-,-,-,-,-,-,118.06,-0.14%,"29,429"
IILCV,-,-,-,-,-,-,-,-,-,-,-,-,-,107.32,-0.77%,"17,697"
IILDR,-,-,-,-,-,-,-,-,-,-,-,-,-,39.82,0.10%,"15,648"
IILF,-,-,-,-,-,-,-,-,-,-,-,-,-,33.64,0.12%,"1,983,349"
IILIT,-,-,-,-,-,-,-,-,-,-,-,-,-,15.58,0.14%,"5,320"
IILLR,20.48M,-,-,-,0.95,-,1.77,-,-,-,-136.97%,-,-,1.00,-6.58%,"303,123"
IILLU,310.57M,-,-,-,-,1.38,378.75,-,-,-,-,-,-,9.94,-0.30%,"8,590"
IILMN,29.16B,35.99,31.81,2.41,6.49,10.28,24.97,31.32,10.50%,13.53%,4.22%,13.20%,6.02%,193.13,1.18%,"995,956"
IILOW,-,-,-,-,-,-,-,-,-,-,-,-,-,47.25,-0.36%,"21,662"
IILPT,578.68M,-,-,-,1.27,1.25,3.18,10.63,36.50%,28.35%,-,22.81%,12.01%,8.67,-2.80%,"245,646"
IILS,-,-,-,-,-,-,-,-,-,-,-,-,-,20.05,0.38%,"28,715"
IILTB,-,-,-,-,-,-,-,-,-,-,-,-,-,46.83,-0.65%,"46,173"
IIMA,63.34M,-,-,-,-,0.44,0.47,-,68.91%,7.34%,8.22%,30.14%,-38.64%,5.58,-4.45%,"11,653"
IIMAR,-,-,-,-,-,-,-,-,-,-,-,-,-,31.33,-0.08%,"5,660"
IIMAX,2.87B,71.74,25.91,1.58,6.91,8.07,17.97,22.76,22.34%,13.96%,-,16.37%,24.52%,52.39,-0.93%,"868,206"
IIMAY,-,-,-,-,-,-,-,-,-,-,-,-,-,32.59,-0.09%,"8,192"
IIMC,-,-,-,-,-,-,-,-,-,-,-,-,-,8.50,4.94%,"63,179"
IIMCB,-,-,-,-,-,-,-,-,-,-,-,-,-,100.61,-0.59%,"15,313"
IIMCC,0.95M,-,-,-,0.03,-,0.77,-,-,-,43.53%,-,27.02%,0.10,-14.00%,"41,273,734"
IIMCG,-,-,-,-,-,-,-,-,-,-,-,-,-,100.00,-0.42%,"83,858"
IIMCR,1.80B,-,-,-,4.20,4.32,2.05,-,94.22%,-1296.64%,-,-,59.68%,35.05,2.46%,"261,462"
IIMCV,-,-,-,-,-,-,-,-,-,-,-,-,-,97.54,-0.86%,"17,564"
IIMDX,139.73M,-,-,-,83.67,-,7.56,-,45.00%,4.13%,29.01%,21.44%,27.24%,4.27,-1.16%,"97,068"
IIMF,-,-,-,-,-,-,-,-,-,-,-,-,-,52.79,0.27%,"1,715"
IIMFL,-,-,-,-,-,-,-,-,-,-,-,-,-,34.94,0.33%,"16,398"
IIMKTA,1.61B,15.72,-,-,0.30,0.95,3.53,10.78,-,-,-12.97%,-,2.96%,86.52,-0.56%,"116,465"
IIMMP,56.96M,-,-,-,21.33,0.86,0.86,-,11.82%,54.98%,-4.46%,17.05%,-,0.39,1.71%,"67,053"
IIMMR,249.27M,56.76,-,-,0.14,0.84,1.26,5.81,-86.09%,-,-6.47%,-,124.34%,7.51,0.13%,"396,638"
IIMMX,811.26M,-,-,-,-,3.54,3.50,-,16.43%,-21.51%,-43.32%,9.26%,-,11.34,3.37%,"1,248,845"
IIMNM,3.11B,-,-,-,-,5.92,5.95,-,5.64%,-7.54%,-7.71%,14.84%,-,27.40,0.74%,"1,187,272"
IIMNN,8.98M,-,-,-,-,1.78,1.31,-,63.13%,27.80%,44.66%,41.57%,-,1.60,-3.03%,"28,152"
IIMO,65.23B,21.95,15.88,1.77,1.79,3.77,32.60,18.05,54.13%,-12.52%,-,8.95%,16.10%,134.88,1.20%,"499,579"
IIMOM,-,-,-,-,-,-,-,-,-,-,-,-,-,42.47,0.57%,"24,411"
IIMOS,2.00B,28.00,13.90,0.11,2.31,2.57,5.07,-,552.88%,42.77%,-27.36%,123.47%,-0.35%,57.24,-1.91%,"84,084"
IIMPP,221.91M,3.21,2.29,-,1.16,0.40,1.04,2.28,69.10%,-10.68%,-,-,51.31%,4.97,3.76%,"518,541"
IIMRN,8.72M,-,-,-,1.80,1.01,1.31,-,98.57%,-26.89%,-5.64%,-,22.82%,1.08,-1.82%,"13,653"
IIMRX,337.72M,-,-,-,-,1.77,2.25,-,13.29%,-15.44%,-13.77%,2.62%,-,5.22,3.16%,"486,884"
IIMSR,616.54M,-,-,-,-,2.19,2.25,-,-46.15%,-35.09%,-,-22.10%,-,5.82,-1.19%,"1,035,698"
IIMTB,-,-,-,-,-,-,-,-,-,-,-,-,-,42.94,-0.12%,"13,153"
IIMTE,1.72M,-,-,-,24.57,0.12,-,-,-,-,45.36%,-,-43.11%,0.50,-4.43%,"25,170"
IIMTG,-,-,-,-,-,-,-,-,-,-,-,-,-,48.48,-0.16%,6
IIMTM,-,-,-,-,-,-,-,-,-,-,-,-,-,54.64,0.72%,"209,770"
IIMTX,1.24B,-,-,-,28.62,2.41,2.37,-,-4.26%,-0.06%,18.43%,2.99%,8.86%,9.25,-2.01%,"1,067,846"
IIMUX,218.72M,-,-,-,-,1.71,1.41,-,39.99%,32.30%,25.99%,26.65%,-,16.03,-0.19%,"160,400"
IIMVP,-,-,-,-,-,-,-,-,-,-,-,-,-,20.22,0.00%,"11,330"
IIMVT,9.03B,-,-,-,-,12.26,11.32,-,-3.72%,2.38%,-17.75%,13.03%,-,43.71,4.52%,"1,216,529"
IIMXI,449.85M,23.97,10.88,-,0.94,2.65,2.99,50.89,-47.87%,58.18%,4.21%,-9.47%,10.89%,14.89,2.06%,"876,489"
IINAB,10.94M,-,-,-,-,0.60,0.61,-,75.52%,11.23%,22.63%,47.93%,-,1.11,0.91%,"36,962"
IINAC,152.57M,39.81,-,-,-,1.31,401.49,-,-,-,-,-,-,10.31,0.19%,"1,530"
IINBK,251.97M,-,6.27,-,0.78,0.69,-,2.28,458.18%,94.75%,-,-,13.51%,28.85,-0.72%,"52,480"
IINBS,8.07M,-,-,-,2.06,0.75,1.18,-,82.90%,-51.46%,49.80%,41.23%,-,3.37,21.66%,"244,728"
IINBX,1.35B,-,-,-,-,-,10.16,-,-6.75%,19.22%,-,19.82%,-,92.01,4.12%,"231,741"
IINCE,-,-,-,-,-,-,-,-,-,-,-,-,-,69.52,-0.33%,"6,525"
IINCM,-,-,-,-,-,-,-,-,-,-,-,-,-,29.55,-0.27%,"348,554"
IINCO,-,-,-,-,-,-,-,-,-,-,-,-,-,62.12,-0.31%,"5,575"
IINCR,56.14M,-,-,-,0.71,0.42,3.67,-,-,-,14.69%,-,32.88%,0.95,-4.26%,"12,636"
IINCY,25.03B,15.74,14.37,1.42,4.30,3.91,5.52,13.03,-42.88%,121.27%,-,10.15%,14.03%,123.50,2.78%,"2,040,676"
IIND,-,-,-,-,-,-,-,-,-,-,-,-,-,23.00,-0.37%,158
IINDA,-,-,-,-,-,-,-,-,-,-,-,-,-,49.58,-0.40%,"2,862,941"
IINDB,4.07B,15.53,10.35,-,3.06,1.17,-,13.39,27.11%,15.93%,4.05%,-,18.59%,86.04,0.12%,"281,620"
IINDE,-,-,-,-,-,-,-,-,-,-,-,-,-,29.82,-0.03%,567
IINDH,-,-,-,-,-,-,-,-,-,-,-,-,-,39.22,-0.52%,"4,868"
IINDI,1.09B,-,250.80,-,4.72,3.65,7.33,-,41.86%,110.77%,25.31%,-,57.25%,4.71,0.00%,"15,864,675"
IINDL,-,-,-,-,-,-,-,-,-,-,-,-,-,45.13,-0.81%,"6,798"
IINDO,46.62M,-,-,-,23.19,2.31,8.54,-,-,-,18.03%,-,0.32%,3.03,1.68%,"140,671"
IINDP,133.24M,-,-,-,-,11.72,11.54,-,-,-,36.34%,-,-,1.00,-6.54%,"359,563"
IINDQ,-,-,-,-,-,-,-,-,-,-,-,-,-,27.02,0.08%,125
IINDS,-,-,-,-,-,-,-,-,-,-,-,-,-,41.17,-0.77%,"9,146"
IINDV,4.61B,13.88,8.46,0.34,3.46,-,20.77,-,68.86%,9.44%,-,24.63%,13.88%,39.08,0.18%,"2,018,200"
IINDY,-,-,-,-,-,-,-,-,-,-,-,-,-,43.50,-0.30%,"184,124"
IINDZ,-,-,-,-,-,-,-,-,-,-,-,-,-,25.46,-0.10%,542
IINEO,9.48M,-,-,-,0.16,1.95,6.92,2.14,-,-,-,-,3.61%,0.59,-3.38%,"3,924"
IINEQ,-,-,-,-,-,-,-,-,-,-,-,-,-,41.55,-0.49%,"19,710"
IINFH,-,-,-,-,-,-,-,-,-,-,-,-,-,9.30,8.64%,"349,566"
IINFL,-,-,-,-,-,-,-,-,-,-,-,-,-,53.06,0.57%,"64,296"
IINFO,-,-,-,-,-,-,-,-,-,-,-,-,-,28.45,-0.36%,"101,253"
IINFQ,2.93B,-,-,-,132.46,5.24,6.13,-,29.72%,-6.40%,-,8.36%,-,13.41,4.28%,"9,997,940"
IINFU,242.19M,29.83,21.71,-,1.69,4.09,252.28,10.57,46.77%,23.08%,-17.01%,-,8.05%,12.16,-0.90%,"94,785"
IINFY,47.15B,14.24,14.00,4.33,2.32,4.89,15.10,12.02,-0.62%,4.42%,5.69%,3.23%,8.36%,11.62,-3.89%,"15,418,681"
IING,100.21B,13.26,10.59,0.71,3.61,1.77,-,-,14.00%,16.68%,26.87%,14.93%,16.70%,35.63,-0.20%,"1,616,430"
IINGM,6.46B,15.24,7.42,0.57,0.12,1.51,7.87,-,17.57%,10.64%,-12.57%,13.13%,1.36%,27.99,-1.96%,"527,535"
IINGN,151.54M,-,-,-,0.43,0.87,1.42,-,12.02%,38.33%,-26.38%,32.03%,2.48%,5.71,-0.70%,"265,976"
IINGR,6.53B,11.28,9.24,4.44,0.91,1.44,6.86,18.40,-5.36%,6.44%,16.78%,2.08%,3.81%,103.59,-1.53%,"586,974"
IINHD,20.21M,-,-,-,4.43,0.07,0.63,-,-,-,-125.05%,-,-1.34%,8.02,-5.20%,"174,817"
IINIO,21.09B,-,-,-,-,100.81,20.28,-,-,-,-,-,-,28.12,2.52%,"2,444,660"
IINKM,-,-,-,-,-,-,-,-,-,-,-,-,-,34.64,-0.36%,"2,683"
IINKT,57.25M,-,-,-,-,-,6.50,-,15.36%,-6.65%,9.83%,6.56%,-,11.22,-0.44%,"7,832"
IINLF,5.00M,-,-,-,0.27,0.00,0.74,-,-,-,-,-,-,4.76,-4.23%,"80,732"
IINLX,24.72M,-,-,-,1.53,2.52,14.46,52.60,-,-,13.79%,-,14.98%,5.50,0.00%,270
IINM,4.84M,-,-,-,1.49,0.70,0.93,-,-,-,60.38%,-,-,1.46,-0.68%,"73,929"
IINMB,59.12M,-,-,-,-,2.78,3.21,-,70.43%,-40.00%,-12.95%,25.15%,35.58%,2.13,-1.84%,"257,528"
IINMD,863.36M,12.19,10.95,-,2.30,1.37,1.72,9.77,-19.00%,5.86%,6.62%,-3.27%,12.44%,15.02,-0.86%,"548,989"
IINMU,-,-,-,-,-,-,-,-,-,-,-,-,-,23.80,-0.34%,"160,134"
IINN,718.48M,-,-,-,0.98,0.77,16.92,7.70,-59.09%,0.00%,31.80%,-,25.48%,5.95,-1.49%,"1,182,067"
IINNV,1.45B,-,25.35,-,1.53,6.32,10.45,34.03,149.12%,289.50%,-,-,8.52%,10.67,0.57%,"175,742"
IINO,118.90M,-,-,-,-,21.67,3.24,-,57.83%,44.10%,32.44%,61.91%,-61.18%,1.15,5.50%,"6,487,413"
IINOD,2.21B,48.75,39.34,-,6.97,13.85,8.83,12.03,29.84%,36.82%,107.13%,-,34.00%,64.30,0.70%,"1,280,030"
IINOV,-,-,-,-,-,-,-,-,-,-,-,-,-,38.01,-0.04%,"1,120"
IINQQ,-,-,-,-,-,-,-,-,-,-,-,-,-,13.73,-0.20%,"7,112"
IINR,879.92M,5.77,4.08,0.21,1.68,0.65,34.00,-,24.68%,8.86%,-,19.78%,-,13.85,-1.63%,"237,511"
IINRO,-,-,-,-,-,-,-,-,-,-,-,-,-,37.17,-0.27%,"2,086"
IINSE,158.94M,-,10.55,-,0.56,-,6.85,9.08,156.31%,75.09%,16.56%,-28.76%,8.76%,6.03,-3.05%,"265,993"
IINSG,74.88M,34.31,-,-,0.43,-,39.83,-,-298.53%,19.01%,56.70%,-,-11.94%,4.56,-2.77%,"424,301"
IINSM,28.02B,-,142.57,-,24.63,36.98,24.15,-,75.09%,156.28%,-16.32%,-,29.83%,128.32,3.70%,"1,899,670"
IINSP,1.65B,12.43,38.92,-,1.84,2.00,5.16,14.13,-50.67%,23.15%,-,-7.02%,51.21%,57.22,0.21%,"519,732"
IINSW,4.87B,6.28,13.98,6.95,3.87,2.15,11.90,18.09,183.05%,-54.13%,-,2.01%,14.87%,98.36,1.35%,"572,109"
IINT,-,-,-,-,-,-,-,-,-,-,-,-,-,19.67,1.99%,"24,837"
IINTA,2.97B,-,19.68,0.90,5.13,9.27,18.20,21.75,25.90%,22.30%,12.77%,21.99%,21.90%,38.49,-4.04%,"480,446"
IINTC,522.00B,-,50.03,0.53,9.15,5.96,17.46,1517.45,256.70%,38.08%,-,94.41%,-7.46%,103.49,0.97%,"88,616,832"
IINTF,-,-,-,-,-,-,-,-,-,-,-,-,-,43.23,-0.14%,"255,797"
IINTG,75.55M,-,-,-,1.05,-,4.10,10.89,-,-,-8.51%,-,2.10%,35.16,-0.90%,"86,348"
IINTJ,7.22M,-,-,-,3.05,0.40,0.83,-,-,-,-,-,-4.93%,3.38,0.90%,"4,090"
IINTL,-,-,-,-,-,-,-,-,-,-,-,-,-,31.54,0.38%,"43,183"
IINTM,-,-,-,-,-,-,-,-,-,-,-,-,-,51.53,-0.14%,110
IINTR,2.33B,8.11,5.36,0.22,0.72,1.15,-,2.20,29.31%,25.72%,159.41%,24.30%,59.62%,5.29,1.93%,"4,877,607"
IINTS,13.55M,-,-,-,-,1.33,1.42,-,54.82%,30.36%,5.76%,23.94%,-,4.15,4.80%,"24,830"
IINTT,176.41M,111.78,21.17,0.14,1.38,1.67,7.98,50.69,633.33%,50.76%,-18.86%,146.62%,16.16%,14.04,0.50%,"107,567"
IINTU,91.80B,20.32,12.28,0.81,4.39,4.46,13.54,11.90,18.25%,14.69%,14.60%,15.16%,19.65%,335.60,-2.91%,"3,531,557"
IINTW,-,-,-,-,-,-,-,-,-,-,-,-,-,24.97,1.71%,"4,518,496"
IINTZ,15.93M,-,-,-,2.75,5.30,88.49,-,8.70%,26.19%,44.88%,-,1.40%,0.65,-3.06%,"197,961"
IINUV,12.37M,-,-,-,0.24,1.34,5.92,-,-17.14%,-4.27%,17.88%,26.32%,14.07%,0.75,-4.07%,"416,340"
IINV,117.19M,-,-,-,31.25,0.55,2.52,-,80.77%,14.47%,-,-,-,1.38,-14.24%,"16,262,552"
IINVA,1.51B,5.11,9.09,-,3.34,1.23,2.62,7.99,-29.39%,-1.07%,10.35%,-15.80%,3.93%,20.96,-1.09%,"618,012"
IINVE,66.40M,-,-,-,2.74,0.50,0.55,-,29.11%,36.61%,-18.08%,-,-24.39%,2.74,3.40%,"507,913"
IINVG,-,-,-,-,-,-,-,-,-,-,-,-,-,24.94,-0.08%,"3,638"
IINVH,17.54B,53.04,39.72,-,6.11,1.94,53.58,21.29,-1.28%,-21.13%,18.79%,-6.31%,10.09%,29.69,-1.98%,"3,069,930"
IINVN,-,-,-,-,-,-,-,-,-,-,-,-,-,25.66,-1.87%,"1,429"
IINVX,2.15B,34.79,15.85,0.63,2.16,2.00,9.70,17.33,46.04%,15.83%,-,25.01%,21.80%,30.79,-1.44%,"494,012"
IINVZ,106.00M,-,-,-,1.99,1.62,2.19,-,11.76%,25.56%,-44.20%,21.68%,-,0.37,-0.89%,"5,140,820"
IINYY,-,-,-,-,-,-,-,-,-,-,-,-,-,41.10,0.71%,"30,732"
IIOCT,-,-,-,-,-,-,-,-,-,-,-,-,-,38.06,-0.01%,"3,961"
IION,-,-,-,-,-,-,-,-,-,-,-,-,-,52.52,0.79%,"3,064"
IIONC,-,-,-,-,-,-,-,-,-,-,-,-,-,17.09,1.89%,154
IIOND,2.99B,-,-,-,-,4.64,13.19,-,-,-,-,-,-,66.66,2.32%,"588,232"
IIONL,-,-,-,-,-,-,-,-,-,-,-,-,-,18.72,2.13%,"285,178"
IIONQ,18.98B,-,-,-,76.99,5.36,8.96,-,-89.38%,24.36%,-69.38%,-12.50%,-,46.84,1.25%,"13,863,135"
IIONR,247.01M,-,-,-,-,0.89,4.20,1646.72,100.00%,-,5.18%,-,-,3.20,0.95%,"52,961"
IIONS,9.74B,-,-,-,11.15,22.08,4.74,-,-50.85%,46.83%,5.62%,-,5.29%,58.63,2.43%,"2,000,182"
IIONX,-,-,-,-,-,-,-,-,-,-,-,-,-,34.35,2.20%,"455,985"
IIONZ,-,-,-,-,-,-,-,-,-,-,-,-,-,2.31,-2.12%,"10,292,698"
IIOO,-,-,-,-,-,-,-,-,-,-,-,-,-,144.73,-0.26%,"129,017"
IIOPP,-,-,-,-,-,-,-,-,-,-,-,-,-,26.95,-0.20%,173
IIOR,81.40M,21.87,-,-,-,0.64,2713.37,-,-,-,-0.59%,-,-,20.02,1.62%,"2,597"
IIOSP,2.31B,19.16,15.26,-,1.25,1.72,9.24,33.02,-6.33%,24.58%,32.14%,-,8.31%,93.83,-0.02%,"181,955"
IIOSX,-,-,-,-,-,-,-,-,-,-,-,-,-,28.62,-0.28%,"2,002"
IIOT,22.80B,401.65,42.81,1.60,13.17,15.07,28.23,97.03,27.16%,27.92%,48.51%,26.80%,45.30%,39.00,-1.99%,"5,652,463"
IIOTR,13.09M,-,-,-,1.15,3.21,7.44,-,-,-,-,-,41.08%,2.69,1.13%,"9,574"
IIOVA,3.22B,-,-,-,9.90,4.37,10.80,-,55.30%,46.08%,10.23%,-,-,7.10,1.72%,"14,811,114"
IIOYY,-,-,-,-,-,-,-,-,-,-,-,-,-,6.77,0.21%,"17,026"
IIP,21.32B,-,13.41,-,0.88,1.47,29.37,43.33,1813.47%,119.06%,-,-,6.12%,40.26,-1.18%,"2,823,703"
IIPAC,-,-,-,-,-,-,-,-,-,-,-,-,-,86.56,0.08%,"94,167"
IIPAR,3.58B,21.38,21.48,4.37,2.38,4.11,16.94,14.56,-6.68%,6.42%,34.12%,4.91%,22.53%,111.78,-2.49%,"332,394"
IIPAV,-,-,-,-,-,-,-,-,-,-,-,-,-,32.59,0.35%,761
IIPAY,-,-,-,-,-,-,-,-,-,-,-,-,-,50.77,-2.57%,"86,971"
IIPCX,136.17M,25.52,-,-,-,0.55,179.17,-,-,-,-,-,-,3.95,0.00%,0
IIPDN,2.95M,-,-,-,0.48,0.21,1.12,-,-,-,22.96%,-,7.99%,0.23,-11.05%,"373,453"
IIPEX,156.74M,-,-,-,-,1.49,2612.36,-,-,-,-,-,-,10.50,-0.19%,"1,506"
IIPFX,341.72M,-,-,-,-,1.41,157.47,-,-,-,-,-,-,10.13,-0.20%,"17,920"
IIPGP,3.75B,136.42,38.86,0.63,3.50,1.76,4.30,180.16,50.80%,105.93%,-24.47%,61.27%,-3.52%,88.10,2.69%,"658,425"
IIPHA,212.55M,-,-,-,67.91,-,5.27,-,74.15%,-190.10%,7.69%,-,-45.26%,2.26,3.67%,"217,230"
IIPI,492.51M,36.97,25.89,-,1.67,0.94,2.66,15.87,46.59%,-33.03%,-,-20.55%,8.66%,36.60,-0.05%,"125,436"
IIPKW,-,-,-,-,-,-,-,-,-,-,-,-,-,61.36,-0.27%,"59,398"
IIPM,17.31M,-,14.73,-,0.69,1.55,2.31,-,160.00%,44.44%,-,-,12.97%,1.91,2.41%,"2,723"
IIPO,-,-,-,-,-,-,-,-,-,-,-,-,-,56.80,-0.35%,"17,645"
IIPOS,-,-,-,-,-,-,-,-,-,-,-,-,-,23.90,1.36%,"5,532"
IIPSC,353.09M,-,-,-,-,1.52,2.95,-,-274.29%,14.44%,35.31%,-,-,1.95,1.56%,"414,878"
IIPST,5.34M,-,-,-,0.50,0.12,59.34,-,-,-,15.27%,-,5.12%,7.39,235.89%,"103,915,751"
IIPVV,247.07M,-,-,-,-,1.30,242.23,-,-,-,-,-,-,9.82,0.10%,"18,577"
IIPW,2.45M,-,-,-,0.07,0.00,0.84,5.34,-,-,-,-,10.62%,3.14,-8.05%,"197,959"
IIPWR,85.46M,-,-,-,2848.57,2.01,2.07,-,26.72%,18.82%,12.06%,22.02%,-38.48%,5.20,-0.57%,"316,061"
IIPX,889.20M,-,-,-,-,7.63,13.51,-,-1313.70%,76.06%,-49.42%,-,-,24.55,4.16%,"162,191"
IIQ,705.67M,-,19.38,0.40,0.19,0.68,1.22,-,-132.53%,590.47%,53.02%,48.54%,-2.48%,1.33,-1.48%,"7,997,024"
IIQDF,-,-,-,-,-,-,-,-,-,-,-,-,-,35.74,0.37%,"76,540"
IIQDG,-,-,-,-,-,-,-,-,-,-,-,-,-,44.57,-0.49%,"19,595"
IIQDY,-,-,-,-,-,-,-,-,-,-,-,-,-,43.84,0.30%,"7,563"
IIQHI,-,-,-,-,-,-,-,-,-,-,-,-,-,25.84,-0.08%,632
IIQI,535.18M,29.76,-,-,13.07,0.98,-,-,-,-,-,-,-,10.12,-1.46%,"203,535"
IIQLT,-,-,-,-,-,-,-,-,-,-,-,-,-,51.79,-0.08%,"754,065"
IIQM,-,-,-,-,-,-,-,-,-,-,-,-,-,115.11,2.21%,"2,779"
IIQMM,-,-,-,-,-,-,-,-,-,-,-,-,-,100.13,0.02%,"6,867,779"
IIQMX,1.58B,-,-,-,203.97,7.60,12.13,-,-,-,-,-,-,9.92,0.20%,"173,162"
IIQQ,-,-,-,-,-,-,-,-,-,-,-,-,-,24.70,-0.12%,"449,557"
IIQQQ,-,-,-,-,-,-,-,-,-,-,-,-,-,49.19,-0.15%,"54,777"
IIQRA,-,-,-,-,-,-,-,-,-,-,-,-,-,30.55,-0.31%,10
IIQSI,-,-,-,-,-,-,-,-,-,-,-,-,-,39.42,-0.12%,214
IIQSM,-,-,-,-,-,-,-,-,-,-,-,-,-,40.79,-0.22%,598
IIQST,10.79M,-,-,-,0.03,0.56,4.15,-,75.87%,84.06%,18.80%,-,47.81%,1.12,-4.27%,"681,012"
IIQSU,-,-,-,-,-,-,-,-,-,-,-,-,-,63.05,-0.34%,"3,311"
IIQSZ,-,-,-,-,-,-,-,-,-,-,-,-,-,32.67,-0.15%,31
IIQV,39.71B,29.92,16.75,1.57,2.34,6.43,19.09,18.18,8.77%,11.10%,40.52%,10.65%,7.50%,241.24,1.94%,"1,521,551"
IIR,31.94B,33.92,21.08,2.50,4.02,3.14,27.21,26.19,6.12%,10.15%,-,8.44%,14.00%,82.31,-1.24%,"2,950,891"
IIRAB,229.85M,427.04,-,-,-,5.10,1209.75,-,-,-,-,-,-,9.95,0.20%,"225,007"
IIRD,303.67M,-,-,-,30.80,-,3.42,-,-31.40%,33.13%,31.49%,29.11%,-,3.65,1.11%,"608,387"
IIRDM,5.30B,57.03,37.13,2.34,6.00,11.22,28.79,18.39,-10.27%,41.72%,-,15.84%,8.36%,50.05,-0.30%,"1,275,590"
IIRE,-,-,-,-,-,-,-,-,-,-,-,-,-,12.35,3.96%,"6,595,992"
IIREC,-,-,-,-,-,-,-,-,-,-,-,-,-,27.02,3.43%,"1,335"
IIREG,-,-,-,-,-,-,-,-,-,-,-,-,-,10.00,3.95%,"736,782"
IIREN,16.02B,88.70,-,-,21.16,5.75,7.24,-,-285.20%,43.75%,-,64.34%,195.91%,44.90,1.91%,"40,135,192"
IIREX,-,-,-,-,-,-,-,-,-,-,-,-,-,17.73,3.93%,"1,128,869"
IIREZ,-,-,-,-,-,-,-,-,-,-,-,-,-,9.89,-3.70%,"1,226,530"
IIRHO,293.64M,115.51,-,-,-,1.32,5872.87,-,-,-,-,-,-,10.02,-0.05%,"30,087"
IIRIX,15.32M,-,44.00,-,0.29,-,3.34,-,80.77%,140.00%,10.54%,-,7.70%,0.88,2.80%,"77,774"
IIRM,38.67B,92.71,49.01,3.72,5.11,-,188.84,-,13.72%,9.93%,-16.38%,13.16%,10.72%,129.90,0.36%,"1,209,835"
IIRMD,1.13B,49.13,36.52,3.05,13.04,11.06,19.05,44.81,8.29%,15.31%,73.89%,11.98%,21.45%,88.02,1.23%,"106,373"
IIROC,-,-,-,-,-,-,-,-,-,-,-,-,-,50.46,-0.36%,"13,149"
IIRON,3.07B,-,-,-,-,4.77,4.28,-,-9.78%,-7.00%,25.96%,2.54%,-,80.05,1.53%,"384,206"
IIRS,1.24B,4.17,-,-,2.87,0.83,3.42,6.09,-,-,-9.40%,-,-22.50%,14.64,-0.41%,"100,635"
IIRT,4.03B,91.09,114.00,-,6.04,1.17,86.27,23.64,-43.57%,7.97%,9.08%,-14.06%,25.67%,16.67,-2.11%,"2,382,605"
IIRTC,3.85B,-,94.98,-,4.67,20.71,6.52,98.87,86.87%,774.52%,2.49%,-,23.02%,116.92,-7.53%,"752,977"
IIRTR,-,-,-,-,-,-,-,-,-,-,-,-,-,32.09,-0.17%,"25,955"
IIRVH,-,-,-,-,-,-,-,-,-,-,-,-,-,19.09,0.00%,14
IIRWD,720.44M,5.69,3.46,0.03,1.85,-,9.10,3.88,716.67%,2.86%,-25.92%,112.04%,-5.33%,4.36,1.16%,"1,377,034"
IISBA,312.78M,15.09,10.38,-,2.63,1.24,-,13.65,28.91%,19.70%,13.78%,-,7.50%,41.00,-1.44%,"46,085"
IISBG,-,-,-,-,-,-,-,-,-,-,-,-,-,12.45,4.84%,"8,851"
IISCB,-,-,-,-,-,-,-,-,-,-,-,-,-,77.14,-0.53%,"1,630"
IISCF,-,-,-,-,-,-,-,-,-,-,-,-,-,45.99,-0.11%,"22,013"
IISCG,-,-,-,-,-,-,-,-,-,-,-,-,-,66.21,-0.23%,"16,273"
IISCV,-,-,-,-,-,-,-,-,-,-,-,-,-,81.10,-0.84%,"9,272"
IISD,415.80M,10.66,-,-,-,-,-,-,-,-,-,-,-,12.47,0.48%,"258,943"
IISEP,-,-,-,-,-,-,-,-,-,-,-,-,-,35.50,0.01%,257
IISHG,-,-,-,-,-,-,-,-,-,-,-,-,-,75.71,0.11%,"72,953"
IISHP,-,-,-,-,-,-,-,-,-,-,-,-,-,36.54,-1.48%,637
IISMD,-,-,-,-,-,-,-,-,-,-,-,-,-,50.39,-0.57%,"31,478"
IISMF,-,-,-,-,-,-,-,-,-,-,-,-,-,28.43,0.22%,"1,828"
IISNR,278.97M,-,-,-,-,1.30,224.97,-,-,-,-,-,-,9.88,0.77%,539
IISOU,711.99M,-,-,-,-,1.86,6.09,-,-,-,45.44%,-,-,10.91,6.03%,"67,560"
IISPC,5.42M,-,-,-,11.53,1.88,1.23,-,-,-,30.62%,-,-25.10%,2.15,-4.44%,"109,901"
IISPR,90.12M,-,15.70,-,1.01,-,4.98,409.63,81.16%,176.92%,-,-,19.08%,1.57,1.29%,"17,741"
IISPY,-,-,-,-,-,-,-,-,-,-,-,-,-,48.81,-0.63%,"69,380"
IISRA,-,-,-,-,-,-,-,-,-,-,-,-,-,66.90,-1.85%,"3,043"
IISRG,137.90B,44.74,32.31,2.15,12.50,7.60,26.28,42.79,20.92%,11.88%,21.79%,15.06%,18.22%,390.33,-1.06%,"2,157,790"
IISSB,-,-,-,-,-,-,-,-,-,-,-,-,-,17.33,2.04%,604
IISSC,443.54M,23.62,22.63,1.60,4.76,5.75,41.49,31.04,21.02%,2.82%,35.61%,14.18%,31.31%,24.78,7.74%,"437,930"
IISTB,-,-,-,-,-,-,-,-,-,-,-,-,-,48.06,-0.02%,"463,640"
IISTM,-,-,-,-,-,-,-,-,-,-,-,-,-,30.96,0.72%,"5,436"
IISTR,425.85M,13.60,9.37,-,2.23,1.09,-,16.63,41.69%,4.36%,9.78%,-,7.72%,30.91,-0.13%,"103,028"
IISUL,-,-,-,-,-,-,-,-,-,-,-,-,-,15.38,-1.97%,"39,240"
IISVL,-,-,-,-,-,-,-,-,-,-,-,-,-,54.14,-0.15%,"6,712"
IISWN,-,-,-,-,-,-,-,-,-,-,-,-,-,22.67,-0.21%,513
IIT,11.32B,16.08,10.77,0.82,1.75,-,7.60,8.79,10.38%,14.46%,26.62%,13.15%,9.65%,179.19,-1.05%,"2,285,550"
IITA,-,-,-,-,-,-,-,-,-,-,-,-,-,251.20,-0.80%,"406,527"
IITAN,-,-,-,-,-,-,-,-,-,-,-,-,-,44.38,-1.41%,"11,570"
IITB,-,-,-,-,-,-,-,-,-,-,-,-,-,97.84,-0.95%,"1,174,139"
IITDB,-,-,-,-,-,-,-,-,-,-,-,-,-,35.49,-0.14%,"13,866"
IITDC,-,-,-,-,-,-,-,-,-,-,-,-,-,37.30,-0.19%,"13,802"
IITDD,-,-,-,-,-,-,-,-,-,-,-,-,-,39.28,-0.22%,"13,313"
IITDE,-,-,-,-,-,-,-,-,-,-,-,-,-,41.01,-0.18%,"13,391"
IITDF,-,-,-,-,-,-,-,-,-,-,-,-,-,42.60,-0.29%,"4,214"
IITDG,-,-,-,-,-,-,-,-,-,-,-,-,-,43.42,-0.20%,"10,904"
IITDH,-,-,-,-,-,-,-,-,-,-,-,-,-,43.49,-0.14%,"6,916"
IITDI,-,-,-,-,-,-,-,-,-,-,-,-,-,43.47,-0.14%,"5,163"
IITDJ,-,-,-,-,-,-,-,-,-,-,-,-,-,33.77,-0.20%,"6,575"
IITEQ,-,-,-,-,-,-,-,-,-,-,-,-,-,65.15,-1.60%,"1,483"
IITG,601.14M,-,-,-,-,17.49,241.42,-,-,-,-,-,-,12.41,-4.32%,"152,754"
IITGR,4.25B,34.10,18.23,4.02,2.31,2.47,198.86,37.97,-3.85%,11.50%,4.37%,4.53%,11.47%,125.08,-0.14%,"430,020"
IITHA,307.90M,83.46,-,-,-,1.37,580.94,-,-,-,-,-,-,10.04,0.10%,6
IITIC,544.41M,13.51,-,-,1.86,1.90,-,20.68,-,-,-2.24%,-,2.90%,288.35,0.22%,"140,612"
IITM,-,-,-,-,-,-,-,-,-,-,-,-,-,46.01,-0.37%,"192,195"
IITOC,4.70M,-,-,-,9.04,0.64,1.60,-,-,-,-,-,-7.12%,0.28,-11.94%,"1,642,993"
IITOT,-,-,-,-,-,-,-,-,-,-,-,-,-,169.66,-0.46%,"1,166,379"
IITP,2.97M,-,-,-,0.04,0.02,0.33,0.78,-,-,-,-,-8.40%,0.18,2.22%,"189,977"
IITRG,555.86M,76.11,5.88,0.24,2.15,2.05,4.99,157.92,3.79%,60.34%,58.05%,24.86%,-,2.74,-1.44%,"1,776,023"
IITRI,4.41B,16.82,14.68,3.62,1.91,2.72,5.91,12.18,-10.45%,7.35%,-,4.06%,1.72%,100.61,-0.94%,"522,035"
IITRN,1.05B,16.36,13.56,1.01,2.67,4.81,10.13,12.47,22.77%,8.65%,30.36%,13.42%,7.89%,52.83,-1.05%,"128,150"
IITT,19.65B,43.16,22.92,1.35,4.15,4.09,33.26,38.57,22.97%,16.07%,49.04%,16.93%,9.71%,219.81,0.19%,"691,792"
IITUB,39.77B,9.59,7.42,0.58,0.52,1.93,-,1.90,18.54%,10.07%,16.95%,12.76%,15.71%,7.36,-0.54%,"14,307,459"
IITW,81.82B,26.04,23.32,3.11,4.97,28.27,97.52,28.01,8.96%,7.77%,9.62%,7.50%,4.99%,287.28,-1.21%,"970,411"
IITWO,-,-,-,-,-,-,-,-,-,-,-,-,-,46.97,-0.30%,"28,163"
IIUS,-,-,-,-,-,-,-,-,-,-,-,-,-,69.39,-0.89%,"86,039"
IIUSB,-,-,-,-,-,-,-,-,-,-,-,-,-,45.39,-0.20%,"2,971,120"
IIUSG,-,-,-,-,-,-,-,-,-,-,-,-,-,193.59,-0.34%,"291,327"
IIUSV,-,-,-,-,-,-,-,-,-,-,-,-,-,114.69,-0.58%,"461,308"
IIVA,1.11B,-,-,-,226.60,-,9.52,-,65.14%,-13.22%,-13.59%,58.76%,64.18%,4.70,2.17%,"554,897"
IIVAL,-,-,-,-,-,-,-,-,-,-,-,-,-,36.79,-0.19%,"10,386"
IIVDA,4.29M,-,-,-,0.94,0.86,0.89,-,-,-,15.03%,-,28.89%,0.37,-13.15%,"3,218,138"
IIVE,-,-,-,-,-,-,-,-,-,-,-,-,-,236.64,-0.61%,"424,968"
IIVEP,-,-,-,-,-,-,-,-,-,-,-,-,-,27.65,0.61%,"9,584"
IIVES,-,-,-,-,-,-,-,-,-,-,-,-,-,39.61,-0.90%,"163,845"
IIVF,3.59M,-,-,-,0.48,0.22,0.96,-,-,-,72.72%,-,45.83%,1.53,57.47%,"120,169,822"
IIVLU,-,-,-,-,-,-,-,-,-,-,-,-,-,44.27,-0.18%,"388,958"
IIVOG,-,-,-,-,-,-,-,-,-,-,-,-,-,148.30,-0.05%,"17,774"
IIVOL,-,-,-,-,-,-,-,-,-,-,-,-,-,17.59,0.40%,"175,372"
IIVOO,-,-,-,-,-,-,-,-,-,-,-,-,-,132.83,-0.19%,"108,702"
IIVOV,-,-,-,-,-,-,-,-,-,-,-,-,-,116.63,-0.52%,"11,954"
IIVR,809.46M,5.09,4.34,-,2.39,0.93,3.37,4.88,-17.36%,-10.81%,-,-,-,7.52,0.53%,"2,013,558"
IIVRS,-,-,-,-,-,-,-,-,-,-,-,-,-,32.58,0.00%,0
IIVSI,-,-,-,-,-,-,-,-,-,-,-,-,-,29.94,-0.32%,"1,629"
IIVSS,-,-,-,-,-,-,-,-,-,-,-,-,-,30.79,-0.68%,"4,483"
IIVSX,-,-,-,-,-,-,-,-,-,-,-,-,-,25.70,-0.47%,11
IIVT,2.61B,172.09,334.20,-,8.18,1.48,34.79,21.67,-92.25%,-9.09%,-,-,7.52%,33.42,-0.62%,"413,786"
IIVV,-,-,-,-,-,-,-,-,-,-,-,-,-,776.29,-0.48%,"3,528,395"
IIVVB,-,-,-,-,-,-,-,-,-,-,-,-,-,35.56,-0.25%,"13,478"
IIVVD,218.27M,-,-,-,3.74,1.21,1.36,-,-77.78%,40.62%,12.29%,27.98%,-,0.74,2.72%,"1,765,230"
IIVVM,-,-,-,-,-,-,-,-,-,-,-,-,-,37.87,-0.25%,"107,008"
IIVVW,-,-,-,-,-,-,-,-,-,-,-,-,-,45.27,-0.15%,"21,602"
IIVW,-,-,-,-,-,-,-,-,-,-,-,-,-,141.49,-0.35%,"1,300,316"
IIVZ,14.38B,-,10.00,0.44,2.02,1.44,8.93,7.36,38.48%,15.86%,-,22.51%,0.83%,32.57,0.06%,"4,047,809"
IIWB,-,-,-,-,-,-,-,-,-,-,-,-,-,423.33,-0.49%,"1,031,318"
IIWC,-,-,-,-,-,-,-,-,-,-,-,-,-,199.44,-0.72%,"72,738"
IIWD,-,-,-,-,-,-,-,-,-,-,-,-,-,256.62,-0.75%,"1,182,801"
IIWDL,-,-,-,-,-,-,-,-,-,-,-,-,-,70.29,0.01%,"2,752"
IIWF,-,-,-,-,-,-,-,-,-,-,-,-,-,125.08,-0.17%,"3,606,177"
IIWFG,-,-,-,-,-,-,-,-,-,-,-,-,-,56.05,0.19%,115
IIWFL,-,-,-,-,-,-,-,-,-,-,-,-,-,61.43,-0.01%,"2,137"
IIWL,-,-,-,-,-,-,-,-,-,-,-,-,-,191.16,-0.47%,"31,637"
IIWLG,-,-,-,-,-,-,-,-,-,-,-,-,-,57.80,0.11%,"4,389"
IIWM,-,-,-,-,-,-,-,-,-,-,-,-,-,304.06,-0.34%,"14,546,814"
IIWMI,-,-,-,-,-,-,-,-,-,-,-,-,-,53.58,-0.13%,"602,660"
IIWML,-,-,-,-,-,-,-,-,-,-,-,-,-,34.49,0.52%,"4,346"
IIWMW,-,-,-,-,-,-,-,-,-,-,-,-,-,40.27,-0.12%,"15,051"
IIWMY,-,-,-,-,-,-,-,-,-,-,-,-,-,19.25,-0.16%,"41,739"
IIWN,-,-,-,-,-,-,-,-,-,-,-,-,-,226.46,-0.43%,"272,387"
IIWO,-,-,-,-,-,-,-,-,-,-,-,-,-,394.70,-0.24%,"245,474"
IIWP,-,-,-,-,-,-,-,-,-,-,-,-,-,147.70,0.31%,"480,238"
IIWR,-,-,-,-,-,-,-,-,-,-,-,-,-,114.21,-0.53%,"1,796,107"
IIWS,-,-,-,-,-,-,-,-,-,-,-,-,-,171.94,-0.86%,"211,316"
IIWV,-,-,-,-,-,-,-,-,-,-,-,-,-,440.26,-0.51%,"128,250"
IIWX,-,-,-,-,-,-,-,-,-,-,-,-,-,111.94,-0.69%,"127,014"
IIWY,-,-,-,-,-,-,-,-,-,-,-,-,-,291.67,-0.22%,"169,783"
IIX,43.95B,11.10,13.17,1.39,1.98,1.52,6.54,-,86.58%,-35.68%,12.57%,9.48%,-0.17%,40.13,-0.07%,"225,278"
IIXC,-,-,-,-,-,-,-,-,-,-,-,-,-,57.30,1.13%,"311,462"
IIXG,-,-,-,-,-,-,-,-,-,-,-,-,-,134.38,-0.51%,"46,915"
IIXHL,39.65M,-,-,-,-,0.60,0.53,-,96.14%,6.71%,-136.42%,64.25%,-29.33%,3.32,1.07%,"78,434"
IIXJ,-,-,-,-,-,-,-,-,-,-,-,-,-,102.28,-0.13%,"86,500"
IIXN,-,-,-,-,-,-,-,-,-,-,-,-,-,144.03,0.49%,"884,589"
IIXP,-,-,-,-,-,-,-,-,-,-,-,-,-,116.29,-1.36%,"15,492"
IIXUS,-,-,-,-,-,-,-,-,-,-,-,-,-,98.14,0.14%,"4,387,861"
IIYC,-,-,-,-,-,-,-,-,-,-,-,-,-,101.94,-1.46%,"93,478"
IIYE,-,-,-,-,-,-,-,-,-,-,-,-,-,66.26,0.91%,"626,105"
IIYF,-,-,-,-,-,-,-,-,-,-,-,-,-,137.01,-0.93%,"382,998"
IIYG,-,-,-,-,-,-,-,-,-,-,-,-,-,97.29,-0.87%,"88,024"
IIYH,-,-,-,-,-,-,-,-,-,-,-,-,-,70.60,-0.07%,"239,985"
IIYJ,-,-,-,-,-,-,-,-,-,-,-,-,-,168.85,-0.47%,"25,920"
IIYK,-,-,-,-,-,-,-,-,-,-,-,-,-,73.64,-1.60%,"155,206"
IIYLD,-,-,-,-,-,-,-,-,-,-,-,-,-,22.32,-0.05%,"32,799"
IIYM,-,-,-,-,-,-,-,-,-,-,-,-,-,189.07,0.51%,"61,831"
IIYR,-,-,-,-,-,-,-,-,-,-,-,-,-,104.15,-0.87%,"3,604,285"
IIYRI,-,-,-,-,-,-,-,-,-,-,-,-,-,49.70,-0.56%,"99,863"
IIYT,-,-,-,-,-,-,-,-,-,-,-,-,-,87.32,-0.13%,"233,676"
IIYW,-,-,-,-,-,-,-,-,-,-,-,-,-,254.79,-0.28%,"353,248"
IIYY,-,-,-,-,-,-,-,-,-,-,-,-,-,188.50,-0.41%,"17,361"
IIYZ,-,-,-,-,-,-,-,-,-,-,-,-,-,43.97,0.37%,"1,237,385"
IIZEA,53.82M,-,-,-,2.03,1.14,1.15,-,-,-,-,-,11.70%,3.09,0.65%,"91,650"
IIZM,2.83M,2.21,-,-,0.02,0.18,0.34,1.04,-,-,12.53%,-,2.51%,0.24,-6.55%,"108,512"
IIZRL,-,-,-,-,-,-,-,-,-,-,-,-,-,29.40,-1.92%,"10,284"
JJ,16.81B,50.42,17.33,1.08,1.18,5.15,14.06,26.08,18.56%,14.24%,-3.70%,16.11%,-2.27%,143.63,-0.71%,"1,021,962"
JJA,-,-,-,-,-,-,-,-,-,-,-,-,-,50.19,0.04%,"30,654"
JJAAA,-,-,-,-,-,-,-,-,-,-,-,-,-,50.60,0.00%,"5,023,402"
JJAB,282.63M,-,-,-,-,1.63,441.61,-,-,-,-,-,-,9.93,0.20%,"903,247"
JJABS,-,-,-,-,-,-,-,-,-,-,-,-,-,49.94,-0.06%,940
JJACK,327.96M,4.07,5.42,-,0.28,-,4.57,26.86,-28.91%,-0.00%,-,-9.52%,7.48%,17.10,0.41%,"694,524"
JJACS,316.91M,37.20,-,-,-,1.28,880.30,-,-,-,-,-,-,10.71,-0.37%,112
JJADB,-,-,-,-,-,-,-,-,-,-,-,-,-,26.24,-0.10%,6
JJADE,-,-,-,-,-,-,-,-,-,-,-,-,-,80.06,1.18%,"5,271"
JJAGU,30.70M,-,-,-,-,1.69,2.28,-,-,-,-,-,-,1.52,-6.75%,"45,647"
JJAGX,4.32M,-,-,-,0.15,-,0.43,-,-,-,85.33%,-,4.17%,0.88,-4.05%,"121,633"
JJAJL,-,-,-,-,-,-,-,-,-,-,-,-,-,30.22,-0.15%,"29,489"
JJAKK,291.51M,18.33,7.80,-,0.50,1.18,4.42,8.32,22.84%,64.07%,-,-,2.04%,25.47,-0.89%,"57,820"
JJAN,9.36B,-,138.02,3.86,-,2.40,5.69,-,368.08%,17.67%,-,35.72%,-,30.41,-0.72%,"1,204,910"
JJANB,-,-,-,-,-,-,-,-,-,-,-,-,-,27.85,-0.14%,"4,577"
JJANH,-,-,-,-,-,-,-,-,-,-,-,-,-,25.00,-0.04%,"1,207"
JJANI,-,-,-,-,-,-,-,-,-,-,-,-,-,26.48,-0.06%,178
JJANJ,-,-,-,-,-,-,-,-,-,-,-,-,-,24.91,-0.04%,600
JJANM,-,-,-,-,-,-,-,-,-,-,-,-,-,34.22,-0.13%,"1,107"
JJANP,-,-,-,-,-,-,-,-,-,-,-,-,-,35.48,-0.13%,"2,061"
JJANT,-,-,-,-,-,-,-,-,-,-,-,-,-,45.05,-0.14%,"4,109"
JJANU,-,-,-,-,-,-,-,-,-,-,-,-,-,30.89,-0.40%,745
JJANW,-,-,-,-,-,-,-,-,-,-,-,-,-,39.33,-0.08%,"16,620"
JJANX,994.08M,-,-,-,41.42,1.07,1.02,-,4.60%,-53.15%,-62.26%,-22.05%,-,16.26,0.87%,"540,805"
JJANZ,-,-,-,-,-,-,-,-,-,-,-,-,-,42.04,-0.37%,"1,076"
JJAPN,-,-,-,-,-,-,-,-,-,-,-,-,-,25.28,-0.49%,"1,750"
JJATT,110.92M,-,-,-,-,1.75,67.63,-,-,-,-,-,-,13.38,10.58%,"8,632"
JJAVA,-,-,-,-,-,-,-,-,-,-,-,-,-,83.02,-0.98%,"847,369"
JJAZZ,16.12B,17.13,9.59,0.18,3.50,3.35,7.33,10.13,198.88%,3.38%,-,52.81%,12.54%,248.36,1.39%,"504,867"
JJBBB,-,-,-,-,-,-,-,-,-,-,-,-,-,47.43,0.13%,"668,919"
JJBDI,-,-,-,-,-,-,-,-,-,-,-,-,-,1.41,1.44%,"7,563"
JJBGS,849.90M,-,-,-,1.67,0.62,7.86,-,-,-,-33.66%,-,-3.72%,11.39,-0.78%,"740,175"
JJBHT,26.61B,40.17,27.90,1.09,2.10,7.28,6397.28,24.20,28.04%,29.59%,5.26%,25.55%,4.48%,283.37,1.31%,"1,110,689"
JJBI,697.19M,21.31,7.80,-,0.77,1.22,5.49,8.56,-7.92%,18.55%,-,-8.13%,-,5.11,0.00%,"1,494,179"
JJBIO,1.49B,-,-,-,-,3.39,3.23,-,7.45%,0.95%,21.92%,3.75%,-,23.45,-5.10%,"671,571"
JJBL,38.76B,46.16,22.02,0.79,1.15,29.31,28.50,29.68,30.86%,31.65%,76.36%,27.96%,1.79%,369.89,1.87%,"708,377"
JJBLG,-,-,-,-,-,-,-,-,-,-,-,-,-,17.16,3.76%,"10,037"
JJBLU,1.98B,-,-,-,0.21,1.24,0.97,-,-37.10%,79.84%,19.37%,-,25.10%,5.24,-7.26%,"24,347,494"
JJBND,-,-,-,-,-,-,-,-,-,-,-,-,-,52.60,-0.15%,"590,305"
JJBS,14.39B,12.54,9.71,4.24,0.16,1.60,3.96,37.05,-43.19%,28.97%,23.07%,2.29%,10.43%,13.44,-1.54%,"4,593,560"
JJBSS,979.47M,14.69,14.63,2.65,0.84,2.53,759.28,20.04,-,-,1.40%,5.53%,4.70%,83.79,-2.23%,"113,756"
JJBTM,6.16B,32.33,12.84,-,1.57,1.38,54.51,19.87,25.85%,14.63%,-,-,17.05%,118.73,-1.21%,"544,211"
JJCAL,-,-,-,-,-,-,-,-,-,-,-,-,-,49.31,-0.29%,"11,652"
JJCAP,1.36B,9.16,7.83,-,2.06,2.85,52.13,6.17,-16.48%,3.94%,-,-,-,23.65,-1.46%,"610,103"
JJCE,292.62M,6.37,-,-,-,-,-,-,-,-,-,-,-,17.21,-0.35%,"20,151"
JJCHI,-,-,-,-,-,-,-,-,-,-,-,-,-,54.86,0.70%,735
JJCI,93.24B,26.76,25.56,1.10,3.73,6.92,143.88,56.20,34.52%,19.05%,26.74%,23.33%,1.12%,153.92,0.18%,"2,280,288"
JJCPB,-,-,-,-,-,-,-,-,-,-,-,-,-,46.12,-0.19%,"1,786,882"
JJCPI,-,-,-,-,-,-,-,-,-,-,-,-,-,47.41,-0.15%,"26,511"
JJCSE,7.91M,3.28,-,-,0.51,0.54,1.02,5.49,-,-,41.08%,-,0.03%,1.58,3.95%,"14,436"
JJCTC,11.61M,-,-,-,0.29,0.79,10.96,12.22,-,-,-,-,-1.68%,3.30,13.40%,"233,230"
JJD,34.58B,19.22,6.73,0.27,0.18,1.24,1.00,-,25.74%,27.35%,-17.65%,25.08%,11.00%,28.50,-1.93%,"8,923,473"
JJDIV,-,-,-,-,-,-,-,-,-,-,-,-,-,58.47,-0.49%,"1,557"
JJDOC,-,-,-,-,-,-,-,-,-,-,-,-,-,62.12,0.48%,146
JJDST,-,-,-,-,-,-,-,-,-,-,-,-,-,25.22,-3.96%,"605,298"
JJDVI,-,-,-,-,-,-,-,-,-,-,-,-,-,40.90,0.16%,"8,204"
JJDVL,-,-,-,-,-,-,-,-,-,-,-,-,-,32.42,-0.39%,"8,443"
JJDZG,22.65M,-,-,-,6.33,0.02,7.38,-,-,-,-,-,46.35%,4.17,8.31%,"586,573"
JJEDI,-,-,-,-,-,-,-,-,-,-,-,-,-,30.46,-2.96%,"172,340"
JJEF,12.58B,15.20,11.48,0.48,1.08,1.05,0.81,1.59,25.29%,34.05%,1.32%,23.92%,5.32%,54.56,-1.05%,"2,297,909"
JJELD,162.24M,-,-,-,0.05,-,2.76,-,12.51%,63.91%,-,69.76%,-5.39%,1.87,-3.11%,"1,478,100"
JJELH,-,-,-,-,-,-,-,-,-,-,-,-,-,25.58,-0.35%,"2,926"
JJELM,-,-,-,-,-,-,-,-,-,-,-,-,-,25.55,-0.37%,"11,247"
JJEM,-,-,-,-,-,-,-,-,-,-,-,-,-,4.04,-6.48%,"34,216"
JJEMA,-,-,-,-,-,-,-,-,-,-,-,-,-,62.58,1.21%,"34,679"
JJEMB,-,-,-,-,-,-,-,-,-,-,-,-,-,52.80,-0.83%,"6,320"
JJENA,302.64M,40.70,-,-,-,1.34,4323.43,-,-,-,-,-,-,10.41,0.00%,9
JJEPI,-,-,-,-,-,-,-,-,-,-,-,-,-,57.78,-0.41%,"4,207,719"
JJEPQ,-,-,-,-,-,-,-,-,-,-,-,-,-,60.56,0.05%,"4,396,198"
JJETD,-,-,-,-,-,-,-,-,-,-,-,-,-,2.43,5.15%,"120,730"
JJETS,-,-,-,-,-,-,-,-,-,-,-,-,-,30.85,-2.25%,"2,550,654"
JJETU,-,-,-,-,-,-,-,-,-,-,-,-,-,34.55,-4.96%,230
JJF,15.84M,-,-,-,3.21,-,3.35,-,-,-,56.32%,-,-50.66%,0.93,-2.11%,"9,307"
JJFB,84.97M,-,-,-,1.99,1.69,10.66,-,-,-,-,-,-,4.20,-8.70%,"949,374"
JJFIN,56.23M,0.89,-,-,0.08,0.18,0.90,-,-,-,43.25%,-,35.66%,2.22,-2.63%,"25,062"
JJFLI,-,-,-,-,-,-,-,-,-,-,-,-,-,54.52,-0.06%,920
JJFLX,-,-,-,-,-,-,-,-,-,-,-,-,-,49.91,-0.08%,"576,741"
JJFR,1.23B,22.47,-,-,6.93,0.90,-,-,-,-,-,-,-,7.64,-0.39%,"566,643"
JJFU,20.23M,1.19,-,-,0.31,0.05,0.19,-,-,-,-,-,-19.70%,2.32,4.04%,"6,947,193"
JJG,26.20M,59.61,-,-,0.49,3.61,1.27,-,-,-,-,-,-5.26%,5.55,-3.14%,"1,849"
JJGH,351.85M,10.60,-,-,-,-,-,-,-,-,-,-,-,12.51,-0.16%,"53,533"
JJGLO,-,-,-,-,-,-,-,-,-,-,-,-,-,74.29,-0.31%,"248,094"
JJGRO,-,-,-,-,-,-,-,-,-,-,-,-,-,97.03,0.26%,"591,704"
JJGRW,-,-,-,-,-,-,-,-,-,-,-,-,-,28.21,-0.95%,"1,648"
JJHAC,-,-,-,-,-,-,-,-,-,-,-,-,-,15.66,-1.45%,76
JJHAI,-,-,-,-,-,-,-,-,-,-,-,-,-,35.63,0.60%,"23,339"
JJHCB,-,-,-,-,-,-,-,-,-,-,-,-,-,20.78,-0.22%,"12,366"
JJHCP,-,-,-,-,-,-,-,-,-,-,-,-,-,24.74,-0.32%,"169,639"
JJHCR,-,-,-,-,-,-,-,-,-,-,-,-,-,24.91,-0.12%,"68,771"
JJHDG,-,-,-,-,-,-,-,-,-,-,-,-,-,28.57,-0.32%,13
JJHDV,-,-,-,-,-,-,-,-,-,-,-,-,-,48.09,-0.36%,628
JJHEM,-,-,-,-,-,-,-,-,-,-,-,-,-,40.03,0.82%,"62,280"
JJHHY,-,-,-,-,-,-,-,-,-,-,-,-,-,25.58,-0.16%,"7,001"
JJHI,117.44M,8.72,-,-,7.63,0.92,-,-,-,-,-,-,-,13.43,-0.22%,"7,672"
JJHID,-,-,-,-,-,-,-,-,-,-,-,-,-,44.45,0.02%,408
JJHLN,-,-,-,-,-,-,-,-,-,-,-,-,-,24.68,0.00%,"14,030"
JJHMB,-,-,-,-,-,-,-,-,-,-,-,-,-,21.66,-0.09%,"139,940"
JJHMD,-,-,-,-,-,-,-,-,-,-,-,-,-,46.44,-0.24%,"46,609"
JJHML,-,-,-,-,-,-,-,-,-,-,-,-,-,91.93,-0.40%,"83,806"
JJHMM,-,-,-,-,-,-,-,-,-,-,-,-,-,77.15,-0.26%,"216,381"
JJHMU,-,-,-,-,-,-,-,-,-,-,-,-,-,25.91,-0.31%,539
JJHPI,-,-,-,-,-,-,-,-,-,-,-,-,-,22.53,-0.27%,"43,429"
JJHS,127.65M,14.05,-,-,10.25,0.90,-,-,-,-,-,-,-,10.96,-0.09%,"20,183"
JJHSC,-,-,-,-,-,-,-,-,-,-,-,-,-,49.75,-0.40%,"22,374"
JJHX,17.67B,122.50,18.79,0.91,3.27,2.70,33.03,49.86,24.93%,18.93%,-20.29%,20.74%,10.70%,30.43,-1.97%,"5,657,887"
JJIDE,-,-,-,-,-,-,-,-,-,-,-,-,-,53.08,-0.01%,383
JJIG,-,-,-,-,-,-,-,-,-,-,-,-,-,86.58,0.38%,"16,456"
JJIII,-,-,-,-,-,-,-,-,-,-,-,-,-,49.63,-0.10%,"9,537"
JJILL,279.29M,13.68,7.63,-,0.48,2.25,7.62,14.32,-16.91%,20.77%,-,-,6.93%,18.68,-1.16%,"33,457"
JJIRE,-,-,-,-,-,-,-,-,-,-,-,-,-,85.75,-0.14%,"314,842"
JJIVE,-,-,-,-,-,-,-,-,-,-,-,-,-,97.95,0.30%,"246,255"
JJJSF,1.63B,33.62,20.24,8.58,1.07,1.83,25.89,17.76,-6.64%,8.36%,28.39%,2.36%,9.15%,87.44,-2.26%,"232,598"
JJKHY,10.65B,20.96,20.69,2.56,4.23,5.00,517.67,14.63,9.63%,5.89%,10.10%,8.08%,6.96%,149.87,-2.24%,"1,299,409"
JJKS,835.32M,-,8.88,-,0.09,0.36,0.18,-,64.71%,159.34%,-,-,12.35%,16.62,-0.78%,"632,839"
JJL,15.65M,46.21,-,-,2.89,7.53,8.32,-,-,-,0.87%,-,12.27%,4.39,-3.94%,"7,900"
JJLCO,-,-,-,-,-,-,-,-,-,-,-,-,-,26.03,-0.50%,"2,679"
JJLHL,160.87M,44.20,-,-,4.60,16.40,18.41,-,-,-,-,-,-,7.50,4.31%,"829,476"
JJLL,17.04B,17.74,13.17,0.69,0.62,2.28,33.45,13.74,32.90%,12.56%,16.32%,19.12%,9.50%,370.31,-1.25%,"341,943"
JJLQD,-,-,-,-,-,-,-,-,-,-,-,-,-,40.35,-0.38%,264
JJLS,93.71M,9.95,-,-,-,-,-,-,-,-,-,-,-,17.11,-0.41%,"13,863"
JJLVP,-,-,-,-,-,-,-,-,-,-,-,-,-,51.13,-1.18%,60
JJMBS,-,-,-,-,-,-,-,-,-,-,-,-,-,44.38,-0.12%,"467,557"
JJMEE,-,-,-,-,-,-,-,-,-,-,-,-,-,79.78,-0.10%,"49,878"
JJMHI,-,-,-,-,-,-,-,-,-,-,-,-,-,49.65,-0.01%,"30,155"
JJMIA,788.53M,-,-,-,3.76,887.80,16.33,-,43.33%,75.00%,26.31%,53.58%,3.39%,6.33,1.61%,"1,500,712"
JJMID,-,-,-,-,-,-,-,-,-,-,-,-,-,32.94,-0.32%,"1,074"
JJMKE,7.16B,-,-,-,-,1.23,25.95,-,-,-,-,-,-,22.55,1.76%,"1,983,160"
JJMM,54.60M,11.54,-,-,11.45,0.87,-,-,-,-,-,-,-,5.77,-0.17%,"4,469"
JJMMF,-,-,-,-,-,-,-,-,-,-,-,-,-,100.17,0.00%,"11,117"
JJMOM,-,-,-,-,-,-,-,-,-,-,-,-,-,85.50,0.06%,"86,831"
JJMSB,325.85M,13.39,10.87,-,2.73,1.19,-,15.10,27.85%,11.55%,1.98%,-,9.23%,23.09,-0.69%,"23,372"
JJMSI,-,-,-,-,-,-,-,-,-,-,-,-,-,49.48,-0.25%,"21,573"
JJMST,-,-,-,-,-,-,-,-,-,-,-,-,-,50.88,-0.04%,"1,390,639"
JJMTG,-,-,-,-,-,-,-,-,-,-,-,-,-,50.07,-0.12%,"233,501"
JJMUB,-,-,-,-,-,-,-,-,-,-,-,-,-,49.79,-0.27%,"844,759"
JJNEU,-,-,-,-,-,-,-,-,-,-,-,-,-,33.85,-0.34%,"11,184"
JJNJ,632.29B,30.41,20.58,2.12,6.46,7.44,30.46,28.42,7.37%,10.04%,14.90%,9.72%,2.67%,262.37,0.78%,"5,515,557"
JJNK,-,-,-,-,-,-,-,-,-,-,-,-,-,95.85,-0.13%,"1,911,785"
JJNUG,-,-,-,-,-,-,-,-,-,-,-,-,-,173.63,3.79%,"223,435"
JJOB,25.88M,-,-,-,0.31,0.51,1.28,18.23,-,-,19.56%,-,-5.76%,0.24,-3.99%,"370,229"
JJOBC,-,-,-,-,-,-,-,-,-,-,-,-,-,22.74,-0.93%,113
JJOBX,-,-,-,-,-,-,-,-,-,-,-,-,-,12.90,-0.85%,"47,124"
JJOBY,7.82B,-,-,-,67.27,4.42,3.45,-,21.17%,-2.71%,-0.49%,10.66%,-,7.91,-0.13%,"18,371,478"
JJOE,3.86B,31.70,-,-,7.04,5.05,32.89,18.18,-,-,21.10%,-,26.17%,67.78,-0.91%,"140,004"
JJOET,-,-,-,-,-,-,-,-,-,-,-,-,-,47.28,-0.02%,"14,432"
JJOF,354.74M,2.48,-,-,37.19,0.91,-,-,-,-,-,-,-,12.52,0.00%,"77,782"
JJOJO,-,-,-,-,-,-,-,-,-,-,-,-,-,15.04,-0.07%,"3,895"
JJONEU,205.21M,-,-,-,-,-,-,-,-,-,-,-,-,9.91,0.00%,0
JJOUL,-,-,-,-,-,-,-,-,-,-,-,-,-,25.23,1.51%,"1,460"
JJOUT,495.07M,-,30.22,-,0.75,1.15,2.82,16.56,143.28%,8.97%,-,-,-0.06%,47.74,-0.91%,"45,773"
JJOYT,-,-,-,-,-,-,-,-,-,-,-,-,-,59.36,-0.12%,"1,426"
JJOYY,2.51B,17.03,11.57,1.06,1.14,0.57,2.19,-,1.88%,17.59%,-24.59%,10.91%,2.08%,73.62,0.82%,"214,612"
JJPAN,-,-,-,-,-,-,-,-,-,-,-,-,-,44.19,0.14%,"1,019"
JJPC,2.87B,8.51,-,-,10.70,0.94,-,-,-,-,-,-,-,7.66,-0.13%,"1,021,308"
JJPEF,-,-,-,-,-,-,-,-,-,-,-,-,-,82.78,-0.18%,"67,237"
JJPEM,-,-,-,-,-,-,-,-,-,-,-,-,-,65.11,0.24%,"23,696"
JJPFP,-,-,-,-,-,-,-,-,-,-,-,-,-,51.80,-0.17%,677
JJPHY,-,-,-,-,-,-,-,-,-,-,-,-,-,50.18,-0.06%,"40,380"
JJPIB,-,-,-,-,-,-,-,-,-,-,-,-,-,47.87,-0.09%,"97,404"
JJPIE,-,-,-,-,-,-,-,-,-,-,-,-,-,45.87,-0.04%,"1,455,673"
JJPIN,-,-,-,-,-,-,-,-,-,-,-,-,-,76.41,-0.17%,"2,116"
JJPLD,-,-,-,-,-,-,-,-,-,-,-,-,-,52.07,0.02%,"251,506"
JJPM,959.50B,15.46,14.37,1.34,3.23,2.71,-,6.24,24.01%,1.19%,17.66%,10.76%,17.27%,360.96,-0.52%,"5,282,622"
JJPMB,-,-,-,-,-,-,-,-,-,-,-,-,-,39.65,-0.23%,"2,441"
JJPME,-,-,-,-,-,-,-,-,-,-,-,-,-,128.59,-0.47%,"7,982"
JJPO,-,-,-,-,-,-,-,-,-,-,-,-,-,14.70,0.20%,"12,356"
JJPRE,-,-,-,-,-,-,-,-,-,-,-,-,-,53.17,-0.75%,"8,027"
JJPRF,-,-,-,-,-,-,-,-,-,-,-,-,-,49.73,-0.11%,"98,977"
JJPSE,-,-,-,-,-,-,-,-,-,-,-,-,-,60.99,-0.46%,"10,294"
JJPST,-,-,-,-,-,-,-,-,-,-,-,-,-,50.51,0.02%,"5,424,178"
JJPSV,-,-,-,-,-,-,-,-,-,-,-,-,-,71.44,-0.81%,933
JJPUS,-,-,-,-,-,-,-,-,-,-,-,-,-,145.16,-0.27%,"12,056"
JJPXN,-,-,-,-,-,-,-,-,-,-,-,-,-,104.75,-0.21%,"3,743"
JJPY,-,-,-,-,-,-,-,-,-,-,-,-,-,39.06,-0.32%,974
JJQC,705.09M,17.04,-,-,6.60,0.87,-,-,-,-,-,-,-,4.77,-0.42%,"499,097"
JJQUA,-,-,-,-,-,-,-,-,-,-,-,-,-,74.83,-0.56%,"592,158"
JJRE,-,-,-,-,-,-,-,-,-,-,-,-,-,27.81,0.00%,0
JJRI,342.55M,7.09,-,-,-,-,-,-,-,-,-,-,-,12.48,-1.03%,"212,040"
JJRS,244.57M,-,-,-,17.95,1.03,-,-,-,-,-,-,-,8.47,-0.53%,"60,666"
JJRSH,71.63M,15.31,11.17,0.34,0.40,1.09,5.78,10.75,50.00%,24.69%,-6.05%,33.33%,13.01%,5.64,6.42%,"254,500"
JJRVR,185.88M,11.77,4.84,-,0.28,0.36,-,-,-31.97%,18.18%,33.36%,-10.61%,0.56%,4.02,-3.60%,"374,118"
JJSCP,-,-,-,-,-,-,-,-,-,-,-,-,-,46.95,0.00%,"186,354"
JJSI,-,-,-,-,-,-,-,-,-,-,-,-,-,51.17,0.03%,"137,014"
JJSMD,-,-,-,-,-,-,-,-,-,-,-,-,-,97.80,0.06%,"35,770"
JJSML,-,-,-,-,-,-,-,-,-,-,-,-,-,92.70,0.11%,"6,916"
JJSPR,23.65M,-,-,-,-,16.74,3.06,-,82.02%,-38.67%,48.97%,46.37%,-,0.84,6.59%,"798,904"
JJSTC,-,-,-,-,-,-,-,-,-,-,-,-,-,23.26,-0.11%,"9,574"
JJTAI,2.20M,0.01,-,-,0.21,0.07,0.21,-,-,-,-,-,-,1.55,-9.36%,"275,363"
JJTEK,-,-,-,-,-,-,-,-,-,-,-,-,-,103.39,-0.27%,"161,014"
JJTNY,-,-,-,-,-,-,-,-,-,-,-,-,-,49.29,-0.30%,"31,227"
JJUCY,-,-,-,-,-,-,-,-,-,-,-,-,-,22.02,-0.05%,"36,977"
JJUDB,-,-,-,-,-,-,-,-,-,-,-,-,-,26.34,-0.25%,"3,707"
JJUDO,-,-,-,-,-,-,-,-,-,-,-,-,-,29.02,-0.17%,473
JJULB,-,-,-,-,-,-,-,-,-,-,-,-,-,28.15,-0.27%,"6,278"
JJULC,-,-,-,-,-,-,-,-,-,-,-,-,-,25.67,-0.20%,"1,909"
JJULH,-,-,-,-,-,-,-,-,-,-,-,-,-,25.17,-0.08%,91
JJULI,-,-,-,-,-,-,-,-,-,-,-,-,-,25.73,-0.10%,20
JJULJ,-,-,-,-,-,-,-,-,-,-,-,-,-,25.00,-0.04%,"2,312"
JJULM,-,-,-,-,-,-,-,-,-,-,-,-,-,34.96,-0.04%,651
JJULP,-,-,-,-,-,-,-,-,-,-,-,-,-,33.38,-0.23%,135
JJULT,-,-,-,-,-,-,-,-,-,-,-,-,-,48.90,-0.26%,"1,685"
JJULU,-,-,-,-,-,-,-,-,-,-,-,-,-,32.79,-0.29%,"8,985"
JJULW,-,-,-,-,-,-,-,-,-,-,-,-,-,41.49,-0.10%,"7,035"
JJULZ,-,-,-,-,-,-,-,-,-,-,-,-,-,46.50,-0.39%,749
JJUNC,-,-,-,-,-,-,-,-,-,-,-,-,-,25.50,-0.27%,6
JJUNM,-,-,-,-,-,-,-,-,-,-,-,-,-,35.41,-0.04%,619
JJUNP,-,-,-,-,-,-,-,-,-,-,-,-,-,32.40,-0.20%,"4,694"
JJUNS,3.99M,-,-,-,66.56,-,2.63,-,-,-,-7.78%,-,-,5.18,-1.15%,"39,308"
JJUNT,-,-,-,-,-,-,-,-,-,-,-,-,-,38.71,-0.24%,"2,646"
JJUNW,-,-,-,-,-,-,-,-,-,-,-,-,-,34.98,-0.14%,"11,602"
JJUNZ,-,-,-,-,-,-,-,-,-,-,-,-,-,36.07,-0.33%,"1,054"
JJUSA,-,-,-,-,-,-,-,-,-,-,-,-,-,69.72,-0.54%,"24,298"
JJUST,-,-,-,-,-,-,-,-,-,-,-,-,-,111.10,-0.48%,"3,493"
JJVA,20.09M,13.25,-,-,0.20,0.69,8.66,9.30,-,-,-,-,7.83%,3.52,-0.28%,"30,903"
JJVAL,-,-,-,-,-,-,-,-,-,-,-,-,-,60.17,-0.56%,"230,712"
JJWEL,6.46M,-,-,-,0.04,0.56,2.36,-,-,-,-,-,11.24%,2.72,-11.97%,"40,545"
JJXG,83.77M,-,-,-,1.01,0.58,119.67,-,-,-,57.34%,-,50.13%,7.41,-2.11%,147
JJXI,-,-,-,-,-,-,-,-,-,-,-,-,-,83.12,-0.12%,"10,691"
JJXN,9.02B,182.92,4.20,0.25,1.39,0.96,-,1.53,19.43%,17.08%,57.53%,16.78%,15.82%,133.15,-1.60%,"567,105"
JJXX,-,-,-,-,-,-,-,-,-,-,-,-,-,32.59,-0.33%,633
JJYD,8.71M,-,-,-,0.10,0.23,1.58,-,-,-,-,-,14.72%,1.05,5.00%,"461,734"
JJYNT,118.80M,32.20,21.36,-,2.03,7.53,5.17,28.09,1300.00%,63.89%,-26.62%,-,-1.33%,8.40,-0.59%,"101,454"
JJZ,0.46M,-,-,-,0.05,0.08,0.25,-,-,-,-,-,-30.14%,1.75,-6.42%,"40,999"
JJZXN,1.90M,-,-,-,0.21,0.01,7.03,-,-,-,-,-,-18.89%,1.36,-2.16%,"77,310"
KKAI,3.89B,35.48,23.49,-,3.38,3.81,28.29,24.34,35.64%,11.76%,12.62%,-,10.63%,329.72,-1.35%,"76,630"
KKALA,17.61M,-,-,-,-,1.57,2.01,-,-,-,49.38%,-,-,0.91,-3.73%,"117,990"
KKALU,3.03B,13.75,16.43,0.54,0.73,3.21,51.84,34.86,114.75%,-12.83%,30.19%,30.25%,23.53%,185.50,2.07%,"150,614"
KKAMO,-,-,-,-,-,-,-,-,-,-,-,-,-,24.64,-0.22%,"30,819"
KKAPA,7.69M,-,-,-,-,1.66,2.92,-,-10.00%,-53.03%,-29.30%,-22.76%,-,0.32,-4.84%,"609,994"
KKAPR,-,-,-,-,-,-,-,-,-,-,-,-,-,40.43,-0.02%,"5,859"
KKARD,1.92B,-,-,-,-,3.12,3.22,-,-,-,-,-,-,20.55,1.73%,"179,881"
KKARO,1.92B,31.91,-,-,5.66,8.68,28.07,-,17.35%,-,15.50%,20.44%,17.68%,62.21,-0.11%,"81,914"
KKARS,-,-,-,-,-,-,-,-,-,-,-,-,-,31.38,1.09%,"58,684"
KKAT,-,-,-,-,-,-,-,-,-,-,-,-,-,57.94,-1.04%,"4,400"
KKAUG,-,-,-,-,-,-,-,-,-,-,-,-,-,29.41,-0.31%,"18,134"
KKAZR,64.99M,934.78,-,-,10.64,12.10,54.16,-,-,-,-,-,-,2.15,-0.46%,"158,147"
KKB,40.57B,10.32,8.85,0.77,1.09,1.16,-,9.68,21.18%,7.72%,7.67%,11.55%,3.63%,120.31,0.30%,"160,039"
KKBA,-,-,-,-,-,-,-,-,-,-,-,-,-,33.84,1.50%,"10,742"
KKBAB,-,-,-,-,-,-,-,-,-,-,-,-,-,8.78,1.48%,"16,269"
KKBDC,879.62M,12.24,8.44,-,3.98,0.83,22.16,9.31,-2.60%,-3.00%,-,-2.42%,-,13.32,-1.33%,"456,121"
KKBDU,-,-,-,-,-,-,-,-,-,-,-,-,-,15.68,0.84%,401
KKBE,-,-,-,-,-,-,-,-,-,-,-,-,-,71.06,-0.85%,"934,272"
KKBFR,-,-,-,-,-,-,-,-,-,-,-,-,-,28.01,-0.25%,"9,255"
KKBH,3.40B,13.46,12.27,-,0.62,0.90,16.93,9.44,-45.90%,35.77%,14.45%,-2.15%,8.31%,55.44,-1.11%,"879,342"
KKBON,445.43M,97.87,-,-,-,1.31,1060.55,-,-,-,-,-,-,10.10,0.00%,43
KKBR,4.73B,11.32,9.29,-,0.61,2.89,15.17,13.64,1.47%,1.35%,-,-0.27%,6.19%,37.55,-2.14%,"1,247,385"
KKBSX,44.32M,-,9.00,-,0.84,2.80,5.09,-,173.68%,57.14%,-58.06%,-,-,0.99,8.78%,343
KKBUF,-,-,-,-,-,-,-,-,-,-,-,-,-,26.69,-0.14%,63
KKBWB,-,-,-,-,-,-,-,-,-,-,-,-,-,99.27,-0.42%,"576,606"
KKBWD,-,-,-,-,-,-,-,-,-,-,-,-,-,12.62,-1.02%,"393,245"
KKBWP,-,-,-,-,-,-,-,-,-,-,-,-,-,131.62,-1.33%,"6,306"
KKBWY,-,-,-,-,-,-,-,-,-,-,-,-,-,17.90,-0.82%,"331,821"
KKC,3.37B,-,-,-,2.32,2.59,4.70,-,25.68%,50.84%,11.75%,33.28%,6.89%,11.39,-2.73%,"1,893,587"
KKCA-U,239.20M,-,-,-,-,-,-,-,-,-,-,-,-,10.13,0.00%,0
KKCAC-U,240.12M,-,-,-,-,1.65,129.10,-,-,-,-,-,-,10.44,0.38%,"1,267"
KKCAI,-,-,-,-,-,-,-,-,-,-,-,-,-,32.88,1.22%,64
KKCCA,-,-,-,-,-,-,-,-,-,-,-,-,-,17.22,-0.06%,"10,155"
KKCE,-,-,-,-,-,-,-,-,-,-,-,-,-,166.57,-1.06%,"14,669"
KKCHV,357.30M,39.84,-,-,-,1.39,1701.43,-,-,-,-,-,-,10.43,0.00%,"6,177"
KKCOP,-,-,-,-,-,-,-,-,-,-,-,-,-,24.10,1.25%,"14,391"
KKCSH,-,-,-,-,-,-,-,-,-,-,-,-,-,25.09,0.16%,234
KKD,2.77B,35.46,5.11,0.27,0.19,2.61,1.31,18.72,27.05%,34.32%,-,18.73%,-4.85%,12.72,-3.42%,"3,528,765"
KKDEC,-,-,-,-,-,-,-,-,-,-,-,-,-,28.92,-0.09%,"1,746"
KKDEF,-,-,-,-,-,-,-,-,-,-,-,-,-,45.60,1.31%,"29,785"
KKDK,832.56M,-,-,-,116.44,-,5.49,-,91.91%,-58.73%,-1238.45%,54.87%,-,4.15,-0.24%,"999,060"
KKDP,41.21B,30.69,11.96,1.21,2.05,1.65,26.53,22.44,11.75%,10.53%,10.36%,9.87%,7.40%,30.28,-3.69%,"10,382,423"
KKDRN,-,-,-,-,-,-,-,-,-,-,-,-,-,23.07,-0.09%,9
KKDVD,-,-,-,-,-,-,-,-,-,-,-,-,-,29.31,-0.64%,50
KKE,645.71M,23.70,15.13,-,0.45,1.12,7.26,11.72,43.93%,13.14%,-12.81%,-,2.07%,26.85,3.87%,"225,155"
KKEAT,-,-,-,-,-,-,-,-,-,-,-,-,-,34.31,0.22%,339
KKEEL,2.33B,-,-,-,12.38,7.07,3.25,-,-22.25%,37.57%,-22.32%,18.97%,45.88%,3.77,7.41%,"42,052,133"
KKEEX,-,-,-,-,-,-,-,-,-,-,-,-,-,36.76,18.09%,"71,580"
KKELYA,584.86M,-,8.84,-,0.14,0.57,23.68,28.53,-13.10%,66.21%,-31.63%,-,-1.20%,16.09,0.19%,"287,262"
KKEMQ,-,-,-,-,-,-,-,-,-,-,-,-,-,26.33,0.45%,"1,949"
KKEMX,-,-,-,-,-,-,-,-,-,-,-,-,-,50.91,0.80%,"9,791"
KKEN,3.39B,41.74,-,-,3.37,2.26,1.81,378.69,-,-,-33.00%,-,17.67%,64.97,-2.29%,"12,580"
KKEO,-,-,-,-,-,-,-,-,-,-,-,-,-,25.06,-1.36%,"7,011"
KKEP,15.16B,2.75,3.12,62.31,0.22,0.46,3.39,12.78,-39.42%,40.14%,28.93%,0.05%,6.67%,11.81,0.34%,"849,092"
KKEQU,104.18M,11.26,-,-,0.37,1.39,8.97,7.09,-,-,-,-,13.84%,36.32,-0.51%,"1,586"
KKEX,7.45B,21.68,16.89,1.10,2.14,2.18,191.31,15.71,12.52%,17.30%,-,15.38%,9.15%,141.13,1.81%,"407,534"
KKEY,24.59B,13.40,10.73,0.62,2.22,1.43,-,32.31,20.21%,17.52%,3.70%,17.30%,9.03%,23.04,-1.16%,"8,450,570"
KKEYG,-,-,-,-,-,-,-,-,-,-,-,-,-,14.30,0.94%,"10,564"
KKEYS,61.72B,59.50,30.44,1.32,10.14,9.74,25.42,45.52,42.05%,16.65%,8.17%,23.14%,4.95%,361.15,0.93%,"1,817,454"
KKEYX,-,-,-,-,-,-,-,-,-,-,-,-,-,24.78,0.99%,75
KKEYY,378.70M,-,-,-,-,-,-,-,-,-,-,-,-,9.88,-0.09%,"211,485"
KKF,276.32M,3.04,-,-,132.94,1.57,-,-,-,-,-,-,-,66.45,3.55%,"20,689"
KKFEB,-,-,-,-,-,-,-,-,-,-,-,-,-,31.58,-0.11%,882
KKFFB,44.15M,23.14,-,-,2.07,0.88,-,47.47,-,-,1.28%,-,10.94%,5.46,-1.97%,682
KKFII,416.51M,39.41,-,-,-,1.41,4627.86,-,-,-,-,-,-,10.61,-0.09%,"1,660"
KKFRC,1.02B,27.23,18.48,0.88,0.76,8.27,3096.61,45.30,21.46%,21.63%,-5.64%,20.89%,-1.00%,57.06,-1.76%,"206,994"
KKFY,4.27B,15.85,13.14,1.29,1.45,2.11,3.76,13.15,9.49%,9.34%,20.06%,10.19%,10.06%,83.05,-1.35%,"271,293"
KKG,59.46M,-,-,-,1.34,0.52,-,-,-,-,-15.53%,-,-28.84%,7.60,-3.68%,"12,934"
KKGC,32.88B,10.51,9.12,0.47,3.88,3.41,12.30,10.70,51.25%,9.19%,12.92%,19.52%,10.85%,27.72,1.50%,"4,613,508"
KKGEI,215.21M,11.25,7.46,-,3.00,0.99,131.23,-,56.82%,17.39%,-,-,42.78%,6.04,4.68%,"319,536"
KKGLD,-,-,-,-,-,-,-,-,-,-,-,-,-,28.22,1.33%,"126,052"
KKGRN,-,-,-,-,-,-,-,-,-,-,-,-,-,24.07,0.54%,"9,758"
KKGS,6.69B,78.90,22.15,0.34,4.80,3.09,48.60,1334.33,138.79%,40.43%,-,64.65%,19.70%,66.12,1.18%,"1,751,100"
KKHC,29.35B,-,11.96,-,1.18,0.82,10.32,7.69,-21.05%,0.82%,-,-6.48%,-0.97%,24.75,-2.98%,"11,670,440"
KKHPI,-,-,-,-,-,-,-,-,-,-,-,-,-,26.23,-0.57%,"67,463"
KKHYB,-,-,-,-,-,-,-,-,-,-,-,-,-,24.20,-0.14%,"3,293"
KKIDS,644.91M,-,-,-,2.55,1.88,13.46,-,27.74%,33.27%,1.52%,39.32%,27.16%,24.70,-0.40%,"177,326"
KKIDZ,3.56M,-,-,-,1.26,0.07,0.40,-,-,-,-,-,-,4.07,2.78%,"151,782"
KKIE,-,-,-,-,-,-,-,-,-,-,-,-,-,63.22,-1.60%,"939,723"
KKIM,16.34B,28.56,27.87,6.54,7.43,1.59,23.33,20.53,1.57%,4.95%,-18.36%,4.26%,15.28%,24.36,-0.20%,"3,609,657"
KKINS,288.08M,8.21,6.86,-,1.28,2.23,-,3.47,-5.02%,9.43%,99.77%,-,10.98%,19.90,1.07%,"133,167"
KKIO,454.12M,11.31,-,-,-,-,-,-,-,-,-,-,-,11.08,-0.36%,"216,481"
KKIQQ,-,-,-,-,-,-,-,-,-,-,-,-,-,25.42,-0.11%,726
KKITT,7.12M,-,-,-,1.75,1.26,3.60,-,-,-,-227.57%,-,-,0.95,4.41%,"350,881"
KKJAN,-,-,-,-,-,-,-,-,-,-,-,-,-,46.38,-0.12%,"7,952"
KKJD,-,-,-,-,-,-,-,-,-,-,-,-,-,16.91,-3.84%,"4,164"
KKJUL,-,-,-,-,-,-,-,-,-,-,-,-,-,34.35,-0.23%,"5,042"
KKJUN,-,-,-,-,-,-,-,-,-,-,-,-,-,30.24,-0.16%,"2,760"
KKKR,97.69B,34.69,14.70,0.71,4.15,3.43,4.61,10.76,29.98%,16.92%,-7.04%,20.64%,35.39%,108.83,-4.54%,"7,075,578"
KKLAC,268.84B,56.10,30.90,1.16,19.81,42.35,54.84,71.36,45.82%,21.47%,22.32%,26.66%,14.43%,205.76,1.00%,"9,478,974"
KKLAG,-,-,-,-,-,-,-,-,-,-,-,-,-,31.64,2.07%,"87,162"
KKLAR,7.37B,-,24.52,-,1.93,3.00,2.62,-,123.09%,336.15%,-,-,-,19.51,-6.16%,"9,961,742"
KKLC,303.40M,-,11.18,-,0.11,0.65,1.75,3.75,-84.24%,107.54%,3.37%,-15.37%,14.87%,2.56,-1.54%,"3,626,611"
KKLIC,5.33B,46.73,17.24,0.09,5.60,5.84,10.31,133.24,1775.40%,52.80%,-65.56%,196.32%,0.97%,101.77,2.70%,"1,060,610"
KKLIP,-,-,-,-,-,-,-,-,-,-,-,-,-,23.93,0.00%,"27,076"
KKLMN,-,-,-,-,-,-,-,-,-,-,-,-,-,31.83,-0.44%,292
KKLMT,-,-,-,-,-,-,-,-,-,-,-,-,-,35.54,0.05%,326
KKLRA,2.40B,-,-,-,-,2.15,2.62,-,-188.49%,-2.16%,-,-,-,18.51,3.18%,"644,933"
KKLRS,86.49M,-,-,-,-,1.63,0.92,-,29.56%,17.37%,45.59%,5.37%,-,3.96,-2.94%,"30,101"
KKLTR,250.19M,-,32.28,-,1.38,147.09,7.16,24.22,-84.14%,357.66%,23.75%,-,8.47%,1.64,0.61%,"338,446"
KKLXE,34.25M,-,-,-,0.05,-,4.33,-,73.77%,79.17%,39.56%,-,18.12%,1.61,-3.01%,"273,918"
KKMAR,-,-,-,-,-,-,-,-,-,-,-,-,-,32.70,-0.07%,"1,435"
KKMAY,-,-,-,-,-,-,-,-,-,-,-,-,-,30.84,-0.22%,"2,923"
KKMB,35.89B,18.39,14.45,6.45,2.16,20.51,37.54,19.72,-1.00%,0.17%,-2.45%,2.24%,-2.99%,107.91,-2.25%,"2,958,409"
KKMCA,-,-,-,-,-,-,-,-,-,-,-,-,-,20.19,1.79%,"7,442"
KKMDA,447.67M,20.33,13.01,0.51,2.33,1.66,6.38,16.21,33.69%,22.39%,-2.03%,25.46%,6.25%,7.76,2.37%,"353,814"
KKMEM,-,-,-,-,-,-,-,-,-,-,-,-,-,19.75,5.33%,"202,352"
KKMI,71.99B,20.86,21.13,2.47,4.02,2.27,604.98,19.79,16.91%,0.70%,96.40%,8.54%,7.93%,32.33,-1.49%,"9,505,977"
KKMID,-,-,-,-,-,-,-,-,-,-,-,-,-,25.31,-1.05%,"2,013"
KKMLI,-,-,-,-,-,-,-,-,-,-,-,-,-,8.95,-6.19%,"93,177"
KKMLM,-,-,-,-,-,-,-,-,-,-,-,-,-,29.45,1.06%,"247,589"
KKMPR,1.54B,-,6.20,0.47,0.34,0.70,-,4.16,-45.17%,114.04%,-17.90%,13.13%,-1.33%,26.21,-4.41%,"836,302"
KKMRK,25.53M,1210.00,-,-,12.33,28.19,21.82,232.09,-,-,-,-,-,1.21,0.00%,"60,983"
KKMT,2.42B,7.23,12.91,-,1.03,1.54,25.31,-,5.28%,-48.79%,46.94%,-16.30%,5.06%,31.81,1.89%,"2,664,053"
KKMTS,1.63B,-,-,-,17.14,6.26,8.30,-,5.19%,10.30%,-,8.96%,-,27.82,-0.71%,"193,747"
KKMX,8.31B,38.52,-,-,0.29,1.36,11.42,8.35,-6.95%,-,-18.02%,1.03%,6.67%,58.53,-2.32%,"2,461,270"
KKN,3.33B,50.30,24.11,1.30,5.24,4.19,67.14,52.44,20.27%,21.16%,50.23%,18.56%,-4.94%,38.99,1.25%,"607,016"
KKNCT,-,-,-,-,-,-,-,-,-,-,-,-,-,202.58,0.90%,"2,174"
KKNDI,63.25M,-,-,-,-,-,-,-,-,-,-43.32%,-,2.60%,0.63,0.38%,"133,778"
KKNF,3.78B,27.16,18.65,1.59,1.14,2.36,37.08,87.86,5.44%,22.83%,1.17%,11.75%,7.63%,66.65,0.38%,"696,437"
KKNG,-,-,-,-,-,-,-,-,-,-,-,-,-,51.59,-0.92%,"166,680"
KKNGZ,-,-,-,-,-,-,-,-,-,-,-,-,-,42.48,-1.02%,"11,980"
KKNO,-,-,-,-,-,-,-,-,-,-,-,-,-,65.24,0.28%,19
KKNOP,364.88M,19.75,16.76,-,0.98,0.68,3.94,2.37,-1.81%,-6.44%,-22.96%,-,5.52%,10.56,-1.03%,"51,981"
KKNOV,-,-,-,-,-,-,-,-,-,-,-,-,-,32.33,-0.11%,"8,136"
KKNOW,-,-,-,-,-,-,-,-,-,-,-,-,-,13.19,-0.11%,"80,817"
KKNRG,-,-,-,-,-,-,-,-,-,-,-,-,-,25.75,0.16%,"11,722"
KKNRX,-,-,-,-,-,-,-,-,-,-,-,-,-,0.33,-0.89%,"5,343"
KKNSA,6.18B,80.51,38.59,0.71,7.35,9.44,11.75,33.79,85.70%,47.30%,-,54.65%,-,79.18,3.17%,"328,953"
KKNSL,8.36B,14.88,16.95,3.18,4.19,4.11,-,8.36,8.81%,2.06%,41.12%,5.33%,32.44%,367.16,-3.17%,"194,223"
KKNTK,8.68B,19.19,29.33,-,4.75,-,1108.85,70.52,-52.75%,45.36%,71.44%,-4.33%,63.58%,52.98,-0.86%,"840,863"
KKNX,11.85B,276.91,18.05,0.29,1.53,1.70,45.43,21.72,83.68%,74.22%,-29.95%,61.53%,9.83%,72.80,0.52%,"2,521,167"
KKO,374.24B,26.21,24.63,3.00,7.40,10.35,22.86,26.18,10.18%,6.85%,11.14%,8.21%,7.94%,86.98,-0.83%,"12,056,444"
KKOCT,-,-,-,-,-,-,-,-,-,-,-,-,-,37.98,-0.12%,"5,090"
KKOD,2.58B,-,-,-,-,42.14,20.46,-,8.53%,10.29%,-8.23%,35.62%,-,40.98,-0.89%,"628,342"
KKODK,976.06M,-,-,-,0.86,1.57,3.28,2.10,-,-,28.85%,-,0.77%,9.97,-0.30%,"822,690"
KKOF,5.71B,17.16,14.16,1.79,0.35,2.80,2.32,4.71,7.95%,6.75%,20.97%,7.92%,12.22%,108.69,-0.23%,"117,250"
KKOID,-,-,-,-,-,-,-,-,-,-,-,-,-,39.65,1.10%,"142,016"
KKOKU,-,-,-,-,-,-,-,-,-,-,-,-,-,135.25,-0.33%,28
KKOLD,-,-,-,-,-,-,-,-,-,-,-,-,-,31.50,3.18%,"1,681,771"
KKOMP,-,-,-,-,-,-,-,-,-,-,-,-,-,71.00,-0.62%,"62,692"
KKONG,-,-,-,-,-,-,-,-,-,-,-,-,-,32.95,-0.75%,"1,317"
KKOOL,-,-,-,-,-,-,-,-,-,-,-,-,-,14.91,0.06%,392
KKOP,897.35M,-,9.70,1.34,0.47,2.32,22.05,6.47,-0.61%,20.89%,-7.41%,7.24%,2.40%,47.45,0.66%,"167,476"
KKOPN,988.84M,110.83,532.00,-,22.67,13.88,19.67,-,-300.00%,150.00%,-,-,-0.40%,5.32,-3.27%,"3,715,717"
KKORP,-,-,-,-,-,-,-,-,-,-,-,-,-,45.74,-0.37%,"73,341"
KKORU,-,-,-,-,-,-,-,-,-,-,-,-,-,23.54,8.98%,"25,185,405"
KKOS,1.55B,-,9.38,-,0.94,2.19,12.32,-,141.12%,-7.68%,-7.60%,-,9.90%,2.60,2.36%,"7,436,393"
KKOSS,35.03M,-,-,-,2.73,1.18,1.86,-,-,-,-8.23%,-,-7.17%,3.70,-1.33%,"8,601"
KKOYN,321.89M,67.15,-,-,-,1.40,130.32,-,-,-,-,-,-,10.20,0.00%,"6,555"
KKPDD,-,-,-,-,-,-,-,-,-,-,-,-,-,5.77,5.01%,"170,642"
KKPET,286.78M,-,-,-,-,1.31,209.33,-,-,-,-,-,-,9.98,0.00%,13
KKPHO,-,-,-,-,-,-,-,-,-,-,-,-,-,22.31,-0.36%,612
KKPLT,34.04M,4.58,-,-,0.11,-,1.41,-,-,-,66.17%,27.67%,-,6.84,-7.25%,"60,192"
KKPRO,-,-,-,-,-,-,-,-,-,-,-,-,-,26.85,-0.09%,14
KKPRX,11.46M,-,-,-,-,0.68,0.68,-,36.74%,49.10%,65.58%,28.62%,-,2.59,1.57%,"10,815"
KKPTI,41.06M,-,-,-,0.28,-,0.63,-,72.63%,55.21%,15.19%,68.79%,6.21%,1.81,-10.40%,"1,387,590"
KKQQQ,-,-,-,-,-,-,-,-,-,-,-,-,-,29.14,-0.56%,"59,662"
KKR,34.35B,32.79,10.14,1.51,0.23,5.31,8.38,11.94,7.29%,6.31%,-13.99%,6.70%,2.19%,56.07,-1.09%,"5,714,058"
KKRAQ,430.61M,-,-,-,-,1.30,574.14,-,-,-,-,-,-,9.98,0.05%,414
KKRBN,-,-,-,-,-,-,-,-,-,-,-,-,-,34.31,-0.12%,"4,574"
KKRC,4.23B,25.37,75.21,-,3.87,0.80,16.67,8.22,-88.57%,80.71%,7.33%,-28.04%,4.37%,36.03,-0.77%,"1,388,882"
KKRE,-,-,-,-,-,-,-,-,-,-,-,-,-,77.39,-0.69%,"11,420,739"
KKREF,440.81M,-,-,-,1.06,0.73,5.31,7.00,-404.27%,95.51%,-,0.85%,11.15%,7.47,-1.97%,"602,601"
KKRG,5.31B,16.93,61.31,-,6.51,1.85,16.51,20.24,-45.36%,-42.30%,-,-26.68%,24.97%,26.48,0.11%,"2,493,808"
KKRKR,5.65M,3.95,-,-,0.18,0.35,0.34,-,-,-,-,-,-10.76%,3.17,5.89%,"13,885"
KKRMD,155.13M,-,137.03,-,3.44,8.59,18.71,198.89,37.90%,165.81%,-14.59%,-,11.21%,3.36,-1.18%,"282,849"
KKRMN,8.19B,220.01,65.83,1.25,13.89,19.44,158.25,-,58.33%,60.21%,-,52.47%,-,61.78,-0.37%,"2,169,833"
KKRNT,760.51M,-,61.89,2.75,3.52,1.23,1.77,125.29,-31.61%,34.91%,-21.45%,22.51%,0.94%,17.70,-1.88%,"248,883"
KKRNY,632.50M,17.01,9.77,-,1.82,0.82,-,17.97,38.60%,26.58%,-5.66%,-,6.02%,9.77,1.56%,"2,022,214"
KKRO,931.14M,-,20.48,-,0.48,1.24,32.00,23.16,106.25%,558.33%,-,-,2.56%,8.09,-4.49%,"313,242"
KKROP,-,-,-,-,-,-,-,-,-,-,-,-,-,34.83,-0.53%,579
KKROS,207.78M,-,-,-,13.84,0.79,0.81,-,-336.47%,-15.49%,-,-,-,10.48,3.76%,"221,513"
KKRP,1.99B,21.07,16.28,1.68,5.77,2.56,44.31,8.39,13.61%,-1.46%,-,9.71%,28.19%,14.97,-0.86%,"855,833"
KKRRO,193.50M,-,-,-,81.30,1.87,1.68,-,57.42%,8.04%,21.21%,30.14%,-29.61%,13.14,-1.05%,"78,579"
KKRSP,482.11M,59.21,-,-,-,1.42,217.17,-,-,-,-,-,-,10.48,0.24%,"16,622"
KKRT,952.74M,19.15,21.21,1.10,1.93,5.72,17.60,18.62,66.25%,-15.82%,6.59%,19.25%,9.62%,47.80,-0.23%,"106,902"
KKRUS,615.02M,-,215.37,-,1.93,2.66,13.88,-,-0.84%,245.67%,40.16%,-,44.32%,50.62,-4.42%,"138,058"
KKRWX,-,-,-,-,-,-,-,-,-,-,-,-,-,15.79,5.83%,"17,674"
KKRYP,-,-,-,-,-,-,-,-,-,-,-,-,-,17.61,1.25%,"3,513"
KKRYS,9.94B,42.07,35.61,1.19,22.56,7.31,11.75,38.55,11.37%,23.77%,-,29.93%,-,335.73,1.04%,"255,136"
KKSA,-,-,-,-,-,-,-,-,-,-,-,-,-,38.02,0.50%,"249,077"
KKSCP,33.77M,-,-,-,1.63,0.96,4.14,-,31.13%,14.52%,47.26%,-,27.73%,1.43,-5.92%,"948,464"
KKSEP,-,-,-,-,-,-,-,-,-,-,-,-,-,31.23,0.02%,"5,880"
KKSLV,-,-,-,-,-,-,-,-,-,-,-,-,-,27.64,2.16%,"179,722"
KKSPI,18.82B,9.01,6.87,0.56,2.15,3.41,-,6.98,3.60%,14.68%,26.88%,12.28%,38.04%,99.05,0.35%,"397,527"
KKSPY,-,-,-,-,-,-,-,-,-,-,-,-,-,29.91,-0.04%,"15,314"
KKSS,2.19B,8.19,12.88,-,0.14,0.54,5.10,2.08,-10.96%,3.79%,-,-2.01%,-0.54%,19.28,0.36%,"3,035,576"
KKSTR,-,-,-,-,-,-,-,-,-,-,-,-,-,25.81,4.24%,"1,278,245"
KKT,9.16B,10.26,8.44,-,0.48,0.76,2.87,7.92,-13.66%,9.81%,17.11%,-0.02%,-0.39%,19.00,-0.63%,"991,055"
KKTB,4.47B,17.08,12.44,1.20,1.46,7.22,76.45,10.56,-5.44%,24.34%,28.13%,10.33%,8.49%,81.77,-3.69%,"665,446"
KKTCC,41.37M,-,-,-,0.10,0.40,96.22,2.95,-,-,-,-,0.81%,3.81,-4.03%,"19,938"
KKTEC,-,-,-,-,-,-,-,-,-,-,-,-,-,13.30,0.30%,"16,479"
KKTF,350.30M,10.28,-,-,13.25,0.97,-,-,-,-,-,-,-,8.94,-0.56%,"156,888"
KKTOS,11.88B,363.94,56.67,1.49,7.80,3.46,8.26,-,50.78%,34.67%,-27.62%,38.16%,12.49%,63.29,-2.00%,"3,453,100"
KKTTA,15.98M,-,-,-,-,0.32,0.35,-,73.88%,39.47%,-117.71%,42.61%,-,0.48,-0.52%,"178,008"
KKTUP,-,-,-,-,-,-,-,-,-,-,-,-,-,9.53,-3.83%,"143,345"
KKTWO,200.20M,139.33,-,-,-,1.17,200.20,-,-,-,-,-,-,9.99,-0.70%,7
KKULR,121.25M,-,-,-,7.27,1.67,9.38,-,64.74%,47.27%,-41.15%,-,91.74%,2.62,-0.76%,"970,896"
KKURA,1.00B,-,-,-,12.99,20.72,1.93,-,-2.45%,25.64%,-13.48%,15.84%,-,11.28,3.87%,"2,103,635"
KKURE,-,-,-,-,-,-,-,-,-,-,-,-,-,18.60,0.92%,"90,346"
KKUST,0.68M,-,-,-,0.05,1.37,0.82,-,-,-,74.03%,-,5.52%,1.09,-11.38%,"1,008,496"
KKVHI,147.84M,-,10.87,-,1.18,1.21,2.56,-,142.11%,368.75%,21.06%,-,-6.90%,8.15,2.13%,"132,148"
KKVLE,-,-,-,-,-,-,-,-,-,-,-,-,-,29.36,-0.56%,"1,819"
KKVUE,36.09B,21.78,15.20,2.25,2.34,3.42,32.51,18.86,8.53%,5.44%,-,6.76%,0.89%,18.79,-2.14%,"27,970,066"
KKVYO,4.99B,827.36,16.58,0.65,3.59,5.24,5.99,21.12,23.06%,28.28%,23.28%,25.54%,43.55%,17.54,-5.14%,"4,387,521"
KKWEB,-,-,-,-,-,-,-,-,-,-,-,-,-,26.95,-0.22%,"17,527,950"
KKWH,-,-,-,-,-,-,-,-,-,-,-,-,-,25.64,0.21%,"5,772"
KKWIN,-,-,-,-,-,-,-,-,-,-,-,-,-,25.73,0.16%,"9,083"
KKWM,7.25M,-,-,-,-,-,-,-,-,-,-664.55%,-,-,2.77,11.69%,"104,920"
KKWR,2.92B,30.27,18.06,1.14,1.48,2.12,18.86,39.21,10.64%,21.17%,-,15.90%,5.90%,169.96,-0.45%,"171,263"
KKWT,-,-,-,-,-,-,-,-,-,-,-,-,-,36.94,-1.15%,81
KKWY,284.10M,-,-,-,1.80,21.89,18.67,-,-,-,-4.00%,-,16.12%,9.82,-1.21%,"101,203"
KKXI,-,-,-,-,-,-,-,-,-,-,-,-,-,68.25,-1.69%,"88,238"
KKXIN,8.94M,-,-,-,68.79,0.21,10.40,-,-,-,16.74%,-,-36.06%,5.41,6.08%,"681,287"
KKYC,-,-,-,-,-,-,-,-,-,-,-,-,-,26.56,-1.79%,87
KKYIV,3.03B,19.16,8.41,0.19,2.37,2.19,8.32,-,145.81%,11.37%,-,45.04%,-,13.12,-0.91%,"147,558"
KKYLD,-,-,-,-,-,-,-,-,-,-,-,-,-,21.34,0.24%,"39,639"
KKYMR,10.10B,-,-,-,96.15,6.66,14.61,-,-3.23%,-30.68%,-3.19%,-12.13%,2.87%,121.41,3.42%,"704,714"
KKYN,2.49B,5.09,-,-,24.16,0.94,-,-,-,-,-,-,-,14.75,-0.47%,"299,151"
KKYNB,27.58M,0.21,-,-,5.97,-,0.30,-,-118.51%,-49.72%,-,-,-48.42%,6.81,-3.40%,"25,776"
KKYTX,553.50M,-,-,-,-,3.33,2.78,-,24.14%,-9.89%,-56.27%,14.07%,-,8.95,9.55%,"1,145,434"
KKZIA,154.99M,-,-,-,5166.36,4.96,3.35,-,3.33%,-20.37%,25.92%,-15.20%,-,13.56,0.30%,"115,868"
LL,22.97B,13.77,-,-,1.23,1.20,-,8.34,-,-,-,-,5.99%,112.38,-0.58%,"798,894"
LLAB,268.72M,-,-,-,3.18,0.50,0.56,-,33.33%,-60.00%,23.22%,-,-9.19%,0.68,-3.92%,"1,572,116"
LLABD,-,-,-,-,-,-,-,-,-,-,-,-,-,7.28,-3.83%,"15,697,506"
LLABT,5.12M,-,-,-,-,1.08,1.12,-,-,-,-,-,-,2.16,-4.85%,"32,677"
LLABU,-,-,-,-,-,-,-,-,-,-,-,-,-,287.30,3.89%,"365,431"
LLABX,-,-,-,-,-,-,-,-,-,-,-,-,-,13.44,-0.52%,"3,518,349"
LLAC,1.14B,-,-,-,-,0.80,0.89,-,79.57%,-34.70%,-26.03%,75.52%,-,3.15,-6.80%,"12,682,562"
LLAD,8.12B,12.24,8.77,0.72,0.21,1.27,21.80,-,7.76%,16.85%,10.58%,12.26%,23.45%,369.52,-2.13%,"197,090"
LLADM,-,-,-,-,-,-,-,-,-,-,-,-,-,32.79,-0.05%,"15,211"
LLADR,1.25B,23.80,8.83,-,3.00,0.88,33.34,13.14,19.90%,11.06%,-,-,1.84%,9.88,-1.00%,"730,272"
LLAES,667.79M,-,-,-,29.83,0.99,1.24,-,25.00%,-16.67%,15.06%,-,7.58%,2.90,-3.65%,"8,405,282"
LLAFA,159.23M,58.07,-,-,-,1.22,261.04,-,-,-,-,-,-,10.13,-0.06%,"6,677"
LLAKE,116.06M,-,20.91,-,0.60,0.89,6.66,-,90.68%,329.59%,-,-,3.91%,11.76,-0.80%,"43,937"
LLALT,-,-,-,-,-,-,-,-,-,-,-,-,-,24.38,0.27%,"42,187"
LLAMR,15.47B,27.81,24.11,3.15,6.65,15.76,227.73,21.55,2.56%,6.78%,19.11%,7.65%,7.63%,152.38,-1.99%,"429,677"
LLAND,355.44M,-,-,-,4.02,0.53,15.76,14.33,-85.83%,40.00%,-7.78%,-,9.15%,8.24,-0.84%,"728,189"
LLANV,134.39M,-,-,-,0.50,-,4.05,-,-,-,-645.20%,-,-,1.07,0.00%,"15,893"
LLAPR,-,-,-,-,-,-,-,-,-,-,-,-,-,25.28,-0.04%,366
LLAR,1.07B,-,24.78,-,-,1.37,10.68,-,154.34%,4.29%,-3.35%,-,-,6.60,-3.23%,"1,799,390"
LLARK,195.16M,9.76,-,-,2.00,1.17,-,8.60,-,-,-0.91%,-,7.49%,31.99,-0.62%,"9,397"
LLASC,-,-,-,-,-,-,-,-,-,-,-,-,-,12.68,5.23%,"13,774"
LLASE,69.00M,-,-,-,11.18,-,31.95,-,-,-,-,-,31.09%,1.45,-2.03%,"1,553,985"
LLASR,3.12B,-,85.71,1.41,10.03,7.08,9.43,74.47,106.48%,27.13%,2.96%,60.91%,3.24%,54.00,2.66%,"1,028,334"
LLATA,234.02M,53.87,-,-,-,1.36,354.58,-,-,-,-,-,-,10.15,0.20%,12
LLATR,-,-,-,-,-,-,-,-,-,-,-,-,-,28.31,-2.38%,"1,209"
LLAUR,5.19B,16.93,15.57,0.90,2.84,4.55,31.03,18.13,22.58%,14.88%,-,17.36%,10.68%,37.71,0.24%,"828,320"
LLAW,277.86M,-,-,-,1.66,2.31,2.74,-,21.57%,75.00%,-12.23%,-,18.04%,4.28,-2.73%,"510,147"
LLAZ,4.26B,21.45,11.37,0.44,1.28,4.66,3.86,6.91,-8.61%,72.57%,-8.51%,25.77%,3.45%,43.75,-1.99%,"1,174,184"
LLAZR,-,-,-,-,-,-,-,-,-,-,-,-,-,50.50,6.32%,"365,304"
LLB,6.13B,89.94,31.91,0.90,27.18,6.31,153.96,-,41.85%,28.28%,-,35.50%,-,79.49,1.02%,"213,592"
LLBAY,-,-,-,-,-,-,-,-,-,-,-,-,-,26.38,-0.70%,"2,903"
LLBGJ,1.76M,-,-,-,0.14,0.00,0.50,-,-,-,-,-,2.14%,3.24,3.85%,"355,700"
LLBO,-,-,-,-,-,-,-,-,-,-,-,-,-,27.11,-2.38%,442
LLBRDA,4.87B,-,3.54,-,-,1.30,113.32,-,51.09%,220.18%,-,-,-,33.94,-6.50%,"118,703"
LLBRDK,4.87B,-,-,-,-,1.30,113.29,-,-,-,-,-,-,33.96,-6.52%,"1,364,180"
LLBRT,3.63B,30.21,134.09,2.04,0.86,1.85,6.54,-,84.01%,-39.91%,-,65.73%,32.91%,22.24,1.04%,"1,945,019"
LLBRX,1.49B,-,-,-,-,3.99,4.55,-,-64.15%,3.37%,-,-9.18%,-,46.23,-3.23%,"261,785"
LLBTYA,3.52B,-,-,-,0.72,0.38,1.45,-,92.86%,17.57%,-50.47%,64.23%,-15.83%,10.37,-0.96%,"1,845,767"
LLBTYK,3.51B,-,-,-,0.72,0.37,1.45,-,92.78%,17.57%,-50.47%,64.10%,-15.83%,10.10,-1.17%,"993,304"
LLCAP,-,-,-,-,-,-,-,-,-,-,-,-,-,34.02,-0.44%,"23,224"
LLCCC,93.64M,48.84,-,-,-,1.34,374.56,-,-,-,-,-,-,10.56,0.00%,113
LLCDS,-,-,-,-,-,-,-,-,-,-,-,-,-,74.51,-0.47%,178
LLCF,-,-,-,-,-,-,-,-,-,-,-,-,-,46.02,-1.02%,589
LLCFY,4.93M,-,-,-,2.38,1.60,4.97,-,-,-,-2.36%,-,9.28%,2.74,-0.90%,"4,564"
LLCID,2.45B,-,-,-,1.58,-,3.07,-,3.01%,46.49%,47.07%,28.59%,220.94%,6.22,0.00%,"4,570,760"
LLCII,2.53B,12.11,10.88,0.65,0.63,1.77,11.69,8.82,14.81%,11.74%,3.84%,16.78%,8.07%,104.12,-1.87%,"243,263"
LLCLG,-,-,-,-,-,-,-,-,-,-,-,-,-,73.33,-0.02%,795
LLCLN,2.55B,-,-,-,-,18.97,9.99,-,-,-,-,-,-,24.98,-2.38%,"249,934"
LLCNB,283.53M,11.52,10.75,-,2.28,1.01,-,7.82,10.12%,3.06%,1.02%,-,9.38%,19.89,0.20%,"53,178"
LLCO,-,-,-,-,-,-,-,-,-,-,-,-,-,28.38,1.02%,11
LLCOW,-,-,-,-,-,-,-,-,-,-,-,-,-,26.44,-0.77%,"1,010"
LLCR,-,-,-,-,-,-,-,-,-,-,-,-,-,40.73,-0.09%,"5,033"
LLCTD,-,-,-,-,-,-,-,-,-,-,-,-,-,60.52,-0.07%,"5,932"
LLCTO,-,-,-,-,-,-,-,-,-,-,-,-,-,25.48,-0.53%,272
LLCTU,-,-,-,-,-,-,-,-,-,-,-,-,-,83.12,-0.50%,"16,805"
LLCTX,268.08M,-,-,-,20.50,4.40,5.27,-,76.53%,-56.52%,-14.94%,-,79.88%,1.06,-0.93%,"795,398"
LLCUT,218.62M,6.68,10.45,-,0.33,1.01,40.11,10.53,152.67%,-55.54%,-53.80%,-9.52%,-3.37%,9.51,-3.26%,"221,746"
LLDDR,-,-,-,-,-,-,-,-,-,-,-,-,-,77.28,-0.08%,"1,276"
LLDEM,-,-,-,-,-,-,-,-,-,-,-,-,-,61.38,0.76%,76
LLDI,295.82M,-,17.50,-,0.23,1.01,0.99,-,16.92%,129.85%,-,-,-23.27%,0.87,-2.43%,"1,714,632"
LLDOS,17.85B,13.26,11.13,2.20,1.01,3.38,21.51,8.25,3.29%,3.22%,20.63%,5.06%,6.91%,142.25,-1.10%,"1,098,014"
LLDP,599.90M,9.33,-,-,-,-,-,-,-,-,-,-,-,20.63,0.00%,"52,698"
LLDRC,-,-,-,-,-,-,-,-,-,-,-,-,-,25.02,-0.15%,"28,930"
LLDRH,-,-,-,-,-,-,-,-,-,-,-,-,-,24.56,0.10%,"13,732"
LLDRI,-,-,-,-,-,-,-,-,-,-,-,-,-,25.00,-0.04%,"18,782"
LLDRT,-,-,-,-,-,-,-,-,-,-,-,-,-,24.99,-0.08%,"30,932"
LLDRX,-,-,-,-,-,-,-,-,-,-,-,-,-,36.69,-0.52%,"3,753"
LLDSF,-,-,-,-,-,-,-,-,-,-,-,-,-,18.90,-0.03%,"34,041"
LLDUR,-,-,-,-,-,-,-,-,-,-,-,-,-,95.44,-0.01%,"32,722"
LLE,378.73M,1.12,14.75,-,0.29,0.76,16.06,-,-41.28%,65.35%,-11.77%,-,-1.33%,12.32,-1.28%,"129,713"
LLEA,6.16B,11.64,7.38,0.53,0.26,1.19,6.11,7.25,17.61%,12.46%,25.45%,13.99%,6.41%,124.89,-0.05%,"668,987"
LLECO,15.59B,28.59,22.82,1.94,3.48,10.03,64.30,28.74,13.68%,11.71%,22.18%,11.74%,9.75%,286.02,-0.30%,"923,724"
LLEDRU,-,-,-,-,-,-,-,-,-,-,-,-,-,-,-,0
LLEDS,18.45M,-,-,-,0.71,5.99,3.09,4.65,-,-,-1.09%,-,47.95%,2.23,0.45%,"30,600"
LLEE,183.69M,-,-,-,0.36,-,3.09,-,-,-,-62.37%,-,-1.87%,8.24,-3.40%,"46,175"
LLEG,1.31B,6.13,8.67,2.18,0.34,1.20,2.39,8.32,-0.24%,5.25%,-1.81%,3.97%,-1.07%,9.56,-1.04%,"1,462,380"
LLEGH,692.04M,13.58,13.38,-,3.86,1.23,23.90,17.94,43.68%,-13.00%,2.15%,-,-1.42%,29.10,-0.78%,"89,785"
LLEGN,4.00B,-,32.61,-,3.14,3.25,4.15,-,99.47%,14867.72%,6.49%,-,68.87%,20.65,1.37%,"1,267,800"
LLEGO,312.51M,-,-,-,-,1.38,128.60,-,-,-,-,-,-,9.99,0.00%,"9,453"
LLEGR,-,-,-,-,-,-,-,-,-,-,-,-,-,66.96,-0.30%,"1,513"
LLEMB,-,-,-,-,-,-,-,-,-,-,-,-,-,43.02,-0.07%,"85,141"
LLEN,20.80B,13.54,13.45,-,0.64,0.96,9.70,21.75,-31.02%,16.86%,0.35%,-0.14%,8.73%,86.54,-0.33%,"3,012,313"
LLEND,-,-,-,-,-,-,-,-,-,-,-,-,-,24.88,-0.14%,"41,418"
LLENS,-,-,-,-,-,-,-,-,-,-,-,-,-,45.17,0.93%,"3,095"
LLENZ,150.51M,-,-,-,7.01,0.69,0.68,-,-46.62%,35.00%,19.13%,25.72%,-,4.79,1.27%,"804,835"
LLEO,386.20M,31.00,-,-,12.82,0.92,-,-,-,-,-,-,-,6.20,-0.96%,"228,948"
LLESL,6.14M,-,-,-,0.01,-,0.13,-,14.68%,-32.92%,-,-,2.23%,0.66,1.67%,"1,647,000"
LLEU,3.67B,84.01,64.97,-,7.75,4.35,1.97,-,-36.27%,14.01%,46.79%,-15.12%,12.66%,184.12,-3.17%,"456,880"
LLEUX,-,-,-,-,-,-,-,-,-,-,-,-,-,13.69,-6.88%,"31,442"
LLEVI,8.69B,18.47,13.20,0.98,1.31,3.82,8.88,15.10,14.97%,10.96%,-,13.51%,7.14%,22.57,0.09%,"2,504,558"
LLEXI,-,-,-,-,-,-,-,-,-,-,-,-,-,41.29,0.17%,"1,799"
LLEXX,17.06M,-,-,-,89.77,3.60,4.71,-,59.09%,-14.81%,14.16%,24.86%,17.53%,10.32,14.16%,"35,111"
LLFAC,196.81M,81.31,-,-,-,1.38,213.92,-,-,-,-,-,-,10.05,-0.49%,109
LLFAI,-,-,-,-,-,-,-,-,-,-,-,-,-,144.99,-0.43%,13
LLFAO,-,-,-,-,-,-,-,-,-,-,-,-,-,157.55,-0.51%,8
LLFAW,-,-,-,-,-,-,-,-,-,-,-,-,-,167.60,-0.59%,10
LLFBE,-,-,-,-,-,-,-,-,-,-,-,-,-,175.99,-0.68%,10
LLFCR,171.86M,-,-,-,1.33,-,9.97,-,-,-,0.55%,-,-26.24%,4.54,-3.81%,"134,214"
LLFDR,-,-,-,-,-,-,-,-,-,-,-,-,-,176.12,-0.67%,11
LLFEQ,-,-,-,-,-,-,-,-,-,-,-,-,-,61.45,-0.43%,86
LLFGY,-,-,-,-,-,-,-,-,-,-,-,-,-,19.41,1.09%,"40,173"
LLFMD,160.02M,-,-,-,0.78,19.93,6.37,-,-307.43%,89.81%,44.86%,-9.55%,39.08%,3.32,-3.77%,"513,829"
LLFS,61.21M,20.38,-,-,0.79,5.00,3.98,21.86,-,-,-,-,-,2.34,-3.31%,"470,318"
LLFSC,-,-,-,-,-,-,-,-,-,-,-,-,-,47.42,0.73%,"6,839"
LLFST,4.79B,96.54,56.77,0.33,3.03,3.25,21.22,27.57,736.00%,32.23%,-,172.49%,30.44%,12.55,1.05%,"3,451,349"
LLFT,31.50M,-,60.00,-,0.41,0.21,0.58,-,3.57%,-93.10%,-,-,18.19%,0.60,-9.05%,"427,921"
LLFTO,3.31B,77.53,-,-,4.14,-,10.83,17.93,-,-,-,-,-,19.53,-9.63%,"1,396,252"
LLFUS,11.98B,-,24.47,0.88,4.58,4.58,19.06,27.10,55.34%,16.21%,-,27.89%,10.54%,471.81,3.11%,"223,513"
LLFVN,82.26M,14.65,18.11,-,0.42,2.47,6.59,21.88,-31.71%,-35.71%,-0.93%,-20.63%,-0.38%,6.52,-0.76%,"42,259"
LLFWD,20.90M,-,-,-,0.96,1.71,2.21,-,64.88%,72.21%,24.32%,65.15%,38.06%,7.39,-0.81%,"8,258"
LLGCF,-,-,-,-,-,-,-,-,-,-,-,-,-,38.64,-0.53%,153
LLGCL,60.34M,0.02,-,-,0.42,0.09,12.00,-,-,-,-,-,34.17%,1.41,-2.76%,"1,515,929"
LLGCY,130.95M,16.96,12.99,0.67,1.68,2.64,6.04,27.57,14.12%,18.32%,-,19.43%,31.33%,10.35,-3.63%,"55,962"
LLGDS,-,-,-,-,-,-,-,-,-,-,-,-,-,50.40,-0.01%,"44,237"
LLGDX,-,-,-,-,-,-,-,-,-,-,-,-,-,26.01,-0.42%,27
LLGH,-,-,-,-,-,-,-,-,-,-,-,-,-,66.76,-0.61%,"10,565"
LLGHL,0.68M,-,-,-,0.08,0.02,0.03,-,-,-,67.55%,-,-2.36%,0.74,-6.11%,"429,282"
LLGHT,-,-,-,-,-,-,-,-,-,-,-,-,-,9.15,-1.34%,566
LLGI,241.13M,7.24,-,-,50.81,1.01,-,-,-,-,-,-,-,18.53,-0.11%,"13,839"
LLGIH,1.36B,20.56,15.47,-,0.80,0.64,22.31,10.40,-2.49%,16.38%,-24.55%,-,-6.35%,58.62,-1.97%,"194,357"
LLGL,97.85M,-,374.00,-,33.74,1.10,2.15,3261.65,-210.03%,115.38%,-10.37%,-,-39.85%,7.48,0.74%,"19,221"
LLGLV,-,-,-,-,-,-,-,-,-,-,-,-,-,187.58,-0.82%,"12,062"
LLGN,7.57B,-,28.48,-,2.02,8.97,25.92,23.41,319.58%,96.46%,-,-,-,70.04,5.52%,"1,382,208"
LLGND,5.82B,31.19,24.09,1.13,20.02,6.01,4.28,44.23,14.58%,30.04%,-,21.39%,7.54%,291.77,-0.96%,"145,603"
LLGO,55.32M,-,-,-,0.44,0.51,10.08,-,75.74%,-2.04%,-,44.79%,-1.74%,0.66,-9.61%,"1,150,774"
LLGOV,-,-,-,-,-,-,-,-,-,-,-,-,-,20.89,-0.14%,"151,257"
LLGPS,21.68M,4.29,-,-,0.15,0.82,1.32,-,-,-,-,-,-,0.92,5.78%,"14,731"
LLGRO,-,-,-,-,-,-,-,-,-,-,-,-,-,47.17,-1.10%,"6,188"
LLGVN,25.91M,-,-,-,21.77,2.50,2.57,-,43.80%,36.55%,8.03%,58.83%,-26.60%,0.82,10.83%,"1,226,509"
LLH,26.22B,26.74,16.28,1.72,1.83,3.04,184.93,22.70,11.49%,8.37%,-8.01%,9.48%,-0.04%,323.34,1.64%,"786,913"
LLHAI,12.23M,-,-,-,0.59,1.62,2.28,-,-,-,-,-,-,0.74,-4.59%,"168,960"
LLHSW,9.01M,6.99,-,-,0.20,0.49,100.11,-,-,-,-,-,-,2.62,-10.88%,"155,681"
LLHX,51.84B,28.12,20.46,1.54,2.26,2.61,34.08,18.46,11.29%,13.93%,10.46%,13.32%,3.74%,278.38,-4.61%,"2,981,355"
LLI,10.58B,-,25.47,0.70,0.69,1.32,0.78,-,-80.95%,664.63%,-,36.26%,62.71%,12.41,1.22%,"1,634,577"
LLIAE,-,-,-,-,-,-,-,-,-,-,-,-,-,201.32,-0.52%,12
LLIAM,-,-,-,-,-,-,-,-,-,-,-,-,-,227.46,-0.66%,34
LLIAU,-,-,-,-,-,-,-,-,-,-,-,-,-,250.52,-0.80%,8
LLIBD,-,-,-,-,-,-,-,-,-,-,-,-,-,264.60,-1.00%,14
LLICN,20.88M,-,-,-,0.85,0.29,0.78,-,-,-,-,-,-4.38%,1.27,-5.22%,"13,928"
LLIDR,59.51M,-,-,-,132.23,0.87,0.83,-,36.67%,4.26%,22.15%,25.72%,-31.80%,1.28,-2.29%,"311,080"
LLIEN,216.34M,6.83,5.64,0.74,3.61,0.72,232.62,10.65,15.52%,0.30%,-,7.67%,-,9.48,-0.42%,"175,371"
LLIF,4.09B,29.29,28.36,16.30,7.14,6.64,8.77,39.60,-49.48%,44.16%,-,1.74%,43.42%,50.18,-2.01%,"1,065,522"
LLIFE,2.24B,-,36.64,-,3.82,4.71,13.32,32.10,-272.30%,145.67%,-,-4.28%,-,35.17,3.38%,"1,648,413"
LLIFT,-,-,-,-,-,-,-,-,-,-,-,-,-,22.64,0.00%,24
LLII,14.38B,18.81,15.86,2.17,2.71,11.09,276.04,19.47,2.39%,10.64%,19.78%,7.32%,7.41%,416.13,-1.39%,"405,154"
LLILA,1.64B,-,29.40,-,0.37,3.22,2.30,3.91,94.51%,353.82%,2.57%,-,3.37%,8.51,-1.28%,"402,753"
LLILAK,1.66B,-,22.07,-,0.37,3.19,2.32,3.93,95.71%,528.84%,2.57%,-,3.37%,8.44,-0.59%,"1,147,218"
LLIME,2.43B,-,-,-,-,3.57,7.26,-,-,-,-,-,-,37.43,0.97%,"173,828"
LLIMI,-,-,-,-,-,-,-,-,-,-,-,-,-,45.24,1.56%,26
LLIMN,9.49M,-,-,-,-,26.33,3.14,-,-,-,-,-,-,0.14,1.00%,"4,101,485"
LLIN,218.66B,30.63,24.22,2.58,6.17,5.59,44.64,43.95,8.69%,9.51%,25.41%,9.39%,4.52%,474.33,-1.74%,"1,745,849"
LLINC,911.04M,39.50,27.84,1.03,1.60,4.50,20.62,38.70,22.66%,31.42%,-15.53%,26.97%,12.07%,28.72,-4.07%,"1,354,583"
LLIND,2.15B,-,81.11,-,2.59,-,5.89,19.74,123.21%,176.35%,20.78%,-,56.41%,32.77,-2.41%,"813,094"
LLINE,9.29B,-,-,-,1.73,1.18,160.18,38.08,-68.16%,25.60%,15.41%,3.75%,9.67%,40.80,-2.28%,"549,970"
LLINK,89.79M,-,-,-,7.09,9.94,49.07,-,-,-,-,-,11.54%,5.70,-1.47%,"21,026"
LLINT,-,-,-,-,-,-,-,-,-,-,-,-,-,127.65,2.07%,"90,696"
LLION,3.56B,-,23.44,-,1.23,-,7.12,20.30,523.51%,33.76%,-813.68%,-,-,11.95,-0.33%,"2,834,570"
LLIQT,18.47M,-,-,-,1.20,0.71,1.18,-,11.24%,11.39%,24.85%,-,-6.03%,0.56,0.00%,"59,629"
LLIT,-,-,-,-,-,-,-,-,-,-,-,-,-,76.24,1.34%,"284,763"
LLITB,53.37M,5.75,3.28,-,0.23,-,3.12,-,40.00%,42.86%,-8.99%,-,-10.83%,2.95,-4.07%,"4,701"
LLITC,-,-,-,-,-,-,-,-,-,-,-,-,-,33.18,9.61%,"12,955"
LLITE,75.38B,-,29.13,0.39,25.01,18.49,27.53,661.23,147.00%,55.33%,-,74.07%,11.58%,968.90,4.62%,"5,388,244"
LLITG,-,-,-,-,-,-,-,-,-,-,-,-,-,20.70,9.28%,"9,544"
LLITL,-,-,-,-,-,-,-,-,-,-,-,-,-,35.01,-0.50%,741
LLITP,-,-,-,-,-,-,-,-,-,-,-,-,-,11.67,0.09%,"50,196"
LLITS,29.94M,-,-,-,-,0.54,3.97,-,-,-,25.03%,-,-,0.88,-0.72%,"85,091"
LLITU,-,-,-,-,-,-,-,-,-,-,-,-,-,23.21,9.04%,"91,551"
LLITX,-,-,-,-,-,-,-,-,-,-,-,-,-,37.03,9.39%,"3,416,407"
LLITZ,-,-,-,-,-,-,-,-,-,-,-,-,-,7.59,-9.43%,"5,750,477"
LLIVE,30.90M,-,-,-,0.07,0.34,2.83,2.22,-,-,9.77%,-,18.34%,10.06,-3.32%,"7,706"
LLIVN,4.49B,24.18,17.40,1.70,3.05,3.38,8.69,30.27,11.34%,7.83%,9.06%,10.25%,8.24%,81.48,-0.90%,"445,064"
LLJAN,-,-,-,-,-,-,-,-,-,-,-,-,-,24.76,-0.02%,"1,368"
LLJUL,-,-,-,-,-,-,-,-,-,-,-,-,-,24.00,-0.04%,"4,597"
LLKFN,1.54B,14.22,13.71,-,3.60,1.99,-,13.76,9.28%,2.88%,3.97%,-,12.38%,61.82,-1.07%,"195,656"
LLKFT,1.81B,2.62,-,-,1.57,0.48,0.71,-,-160.35%,16.65%,-,-,18.16%,27.52,-0.04%,"425,485"
LLKOR,-,-,-,-,-,-,-,-,-,-,-,-,-,39.68,-0.76%,"1,996"
LLKQ,6.44B,14.02,8.23,2.56,0.47,1.00,21.39,10.30,-10.82%,15.20%,2.38%,3.22%,3.26%,25.45,0.12%,"4,258,835"
LLKSP,198.98M,70.47,-,-,-,1.41,1421.29,-,-,-,-,-,-,10.19,0.00%,"381,066"
LLLDR,-,-,-,-,-,-,-,-,-,-,-,-,-,42.77,-0.62%,16
LLLY,1113.78B,40.20,25.34,0.84,13.98,32.88,124.44,61.23,50.34%,28.28%,27.59%,30.30%,21.58%,1183.16,0.25%,"1,807,201"
LLLYVA,9.60B,-,-,-,-,-,18.34,-,-709.47%,56.05%,-,-,-,101.89,-2.95%,"209,729"
LLLYVK,9.61B,-,-,-,-,-,18.35,-,-709.47%,56.05%,-,-,-,105.70,-2.90%,"258,920"
LLLYX,-,-,-,-,-,-,-,-,-,-,-,-,-,26.29,0.61%,"180,352"
LLMAT,1.89B,29.39,25.96,2.44,7.19,4.49,5.02,25.56,13.99%,10.66%,19.43%,10.63%,14.05%,82.51,0.16%,"266,661"
LLMB,537.34M,18.01,10.26,-,0.79,2.64,30.55,10.59,-12.28%,11.02%,35.05%,-2.04%,2.62%,45.06,-1.05%,"484,877"
LLMBS,-,-,-,-,-,-,-,-,-,-,-,-,-,49.68,-0.01%,"296,002"
LLMND,3.87B,-,-,-,4.47,7.73,-,477.28,17.55%,42.39%,9.24%,-,50.72%,49.95,-5.11%,"1,224,028"
LLMNR,250.04M,-,26.86,-,1.89,1.86,280.95,-,56.12%,248.08%,0.70%,-,-0.59%,13.79,-0.43%,"43,961"
LLMNX,-,-,-,-,-,-,-,-,-,-,-,-,-,7.95,-10.91%,"30,264"
LLMRI,1.13B,-,14.34,-,-,1.84,16.28,-,216.86%,6.81%,-,-,-,11.81,-1.75%,"573,292"
LLMT,137.03B,21.88,18.17,1.02,1.78,15.57,36.15,15.70,41.59%,7.38%,-2.43%,17.74%,2.79%,593.74,-2.45%,"880,698"
LLMTL,-,-,-,-,-,-,-,-,-,-,-,-,-,40.38,-4.87%,"11,151"
LLMUB,-,-,-,-,-,-,-,-,-,-,-,-,-,49.74,-0.36%,"157,420"
LLNAI,10.21M,-,-,-,510.30,-,3.23,-,-,-,-34.35%,-,-,2.25,1.35%,"30,919"
LLNC,8.55B,3.86,5.14,0.97,0.41,0.83,-,-,-4.20%,10.13%,17.86%,5.28%,1.55%,44.67,-1.74%,"2,049,887"
LLND,354.61M,-,-,-,2.25,0.91,19.69,227.32,-,-,-12.47%,-,7.07%,3.56,-0.56%,"75,938"
LLNG,55.13B,19.86,16.09,-,2.49,8.96,36.29,19.75,-96.78%,2033.12%,-,-13.77%,15.90%,266.93,-1.73%,"1,513,690"
LLNGX,-,-,-,-,-,-,-,-,-,-,-,-,-,44.32,0.29%,"10,017"
LLNKS,1.93M,-,-,-,0.37,0.01,0.45,-,-,-,-,-,-7.87%,1.09,-4.39%,"594,112"
LLNN,1.16B,21.88,18.96,-,1.85,2.32,7.49,25.83,-22.47%,14.43%,13.78%,-2.21%,7.34%,114.04,-0.90%,"72,104"
LLNOK,-,-,-,-,-,-,-,-,-,-,-,-,-,39.39,0.69%,"113,014"
LLNSR,99.39M,-,-,-,1.65,6.67,7.33,-,133.80%,-134.02%,-9.65%,-,17.24%,8.09,-1.34%,"89,344"
LLNT,18.24B,22.29,19.13,2.50,4.12,2.42,729.63,-,6.27%,7.49%,4.94%,7.64%,5.01%,70.35,-0.35%,"2,058,179"
LLNTH,6.59B,24.39,15.96,2.04,4.23,5.02,11.10,16.98,-11.98%,18.16%,-,7.81%,35.35%,100.91,-0.04%,"895,660"
LLNZA,82.47M,0.42,-,-,1.41,0.32,1.69,-,-,-,-,-,-,6.30,-0.63%,"41,269"
LLOAN,46.96M,9.89,9.34,-,5.76,1.09,180.60,9.17,-6.67%,4.76%,0.35%,-,4.34%,4.11,-0.24%,"14,401"
LLOAR,7.29B,109.57,48.13,2.16,12.44,6.08,59.56,78.97,31.75%,18.01%,-,22.26%,-,77.83,0.54%,"610,194"
LLOB,2.00B,15.20,10.30,-,1.89,1.65,-,-,67.79%,35.90%,9.39%,-,21.22%,43.29,0.05%,"245,302"
LLOBO,9.42M,-,-,-,0.41,1.22,5.67,-,-,-,-,-,13.22%,0.68,2.80%,"18,164"
LLOCL,24.79M,-,-,-,0.48,-,2.45,-,-,-,-12.04%,-,258.21%,1.06,-5.36%,"18,507"
LLOCO,470.50M,13.19,13.97,-,0.94,1.48,35.43,11.47,4.76%,7.79%,5.67%,-,2.84%,15.46,-0.51%,"226,212"
LLOCT,-,-,-,-,-,-,-,-,-,-,-,-,-,23.92,0.02%,"1,649"
LLODE,263.70M,-,-,-,261.09,1.92,8.40,-,53.85%,31.48%,-,-,50.43%,3.47,0.29%,"1,577,380"
LLODI,-,-,-,-,-,-,-,-,-,-,-,-,-,25.25,0.11%,"44,141"
LLOEV,-,-,-,-,-,-,-,-,-,-,-,-,-,16.44,-0.12%,"2,814"
LLOFD,-,-,-,-,-,-,-,-,-,-,-,-,-,7.11,-9.24%,"293,895"
LLOFF,-,-,-,-,-,-,-,-,-,-,-,-,-,16.51,9.27%,"3,677,073"
LLOGI,14.52B,18.58,16.81,3.27,2.95,6.17,8.30,13.95,-3.41%,7.75%,-3.11%,5.14%,-1.62%,101.12,-1.91%,"544,947"
LLOGO,-,-,-,-,-,-,-,-,-,-,-,-,-,21.10,-1.22%,921
LLOHA,-,-,-,-,-,-,-,-,-,-,-,-,-,26.98,-0.24%,"17,956"
LLOMA,1.09B,33.85,11.81,0.17,1.71,1.24,55.98,33.30,159.49%,45.10%,-34.51%,70.77%,2.95%,9.34,-1.06%,"368,226"
LLONA,72.42M,-,-,-,-,2.16,1.42,-,88.24%,18.95%,-32.09%,58.13%,-,7.71,-3.20%,"207,392"
LLONZ,-,-,-,-,-,-,-,-,-,-,-,-,-,49.17,0.04%,"34,647"
LLOOP,31.45M,-,-,-,71.47,-,29.67,-,3.85%,-,21.98%,-,-,0.65,1.12%,"57,724"
LLOPE,3.70B,17.13,12.53,1.15,3.24,5.56,13.47,15.24,12.63%,10.72%,7.18%,10.89%,5.55%,141.84,-1.64%,"197,878"
LLOPP,-,-,-,-,-,-,-,-,-,-,-,-,-,38.47,-0.14%,57
LLOT,698.33M,-,-,-,1.34,-,1.55,-,2.78%,14.29%,-,-,-,1.09,3.81%,"211,796"
LLOTI,-,-,-,-,-,-,-,-,-,-,-,-,-,26.10,-0.38%,"1,835"
LLOUP,-,-,-,-,-,-,-,-,-,-,-,-,-,96.67,0.41%,"5,452"
LLOVE,250.47M,66.89,17.21,0.23,0.36,1.22,4.39,7.00,100.71%,76.87%,-22.04%,76.13%,16.80%,17.11,-1.04%,"90,506"
LLOW,121.01B,18.25,16.15,2.63,1.37,-,97.27,15.88,1.11%,7.56%,8.87%,6.13%,-0.75%,215.81,-1.22%,"2,955,792"
LLOWV,-,-,-,-,-,-,-,-,-,-,-,-,-,83.66,-0.70%,"2,609"
LLPA,108.45M,6.33,8.43,-,1.95,0.40,3.23,246.48,-52.94%,69.44%,-,-1.32%,-,3.43,4.57%,"25,961"
LLPAA,81.10M,41.72,-,-,-,1.30,253.45,-,-,-,-,-,-,10.74,-0.09%,"1,854"
LLPBB,309.92M,41.62,-,-,-,1.31,15496.00,-,-,-,-,-,-,10.78,0.00%,"30,347"
LLPCN,16.91M,-,-,-,10.77,0.78,0.73,-,8.28%,-6.45%,22.70%,17.47%,-,2.05,-2.84%,"30,290"
LLPCV,288.94M,79.01,-,-,-,1.29,401.30,-,-,-,-,-,-,10.05,0.40%,"671,106"
LLPG,2.07B,6.42,13.30,-,3.54,1.68,6.05,14.16,72.92%,-53.92%,19.59%,-15.42%,8.79%,48.42,2.22%,"769,683"
LLPL,3.53B,-,6.79,0.11,0.20,0.84,3.55,30.00,-221.59%,368.68%,-,59.66%,-2.45%,3.53,0.86%,"1,946,871"
LLPLA,28.99B,29.36,12.26,0.57,1.48,5.06,9.88,-,18.19%,26.44%,13.26%,21.62%,23.68%,368.20,-0.67%,"489,190"
LLPRE,-,-,-,-,-,-,-,-,-,-,-,-,-,29.89,-1.03%,"29,920"
LLPSN,35.04M,-,-,-,0.15,-,0.36,-,-,-,12.74%,-,-7.84%,2.84,-0.18%,"163,336"
LLPTH,982.14M,-,616.67,-,15.65,10.17,17.78,-,37.78%,110.71%,-,-,1.25%,14.80,-2.44%,"3,097,179"
LLPX,5.05B,93.71,23.14,1.45,2.05,2.90,22.17,-,-59.40%,190.34%,-14.08%,16.01%,-0.58%,72.29,-2.17%,"1,332,360"
LLQ,-,-,-,-,-,-,-,-,-,-,-,-,-,24.23,0.77%,"2,218"
LLQAI,-,-,-,-,-,-,-,-,-,-,-,-,-,46.98,-0.10%,74
LLQD,-,-,-,-,-,-,-,-,-,-,-,-,-,105.70,-0.40%,"25,578,748"
LLQDA,6.95B,56.95,13.96,-,15.42,35.48,24.47,46.15,483.93%,81.23%,14.60%,-,192.49%,77.70,4.38%,"1,520,512"
LLQDB,-,-,-,-,-,-,-,-,-,-,-,-,-,84.46,-0.28%,"2,234"
LLQDD,-,-,-,-,-,-,-,-,-,-,-,-,-,50.44,1.30%,209
LLQDH,-,-,-,-,-,-,-,-,-,-,-,-,-,92.28,-0.09%,"40,927"
LLQDI,-,-,-,-,-,-,-,-,-,-,-,-,-,25.61,-0.43%,"12,641"
LLQDM,-,-,-,-,-,-,-,-,-,-,-,-,-,23.82,-0.29%,"1,038"
LLQDT,1.34B,41.75,23.21,-,2.73,5.67,5.79,14.87,28.91%,11.52%,-,-,18.28%,42.71,-1.75%,"254,229"
LLQDU,-,-,-,-,-,-,-,-,-,-,-,-,-,24.72,-1.31%,213
LLQDW,-,-,-,-,-,-,-,-,-,-,-,-,-,23.24,-0.39%,"132,126"
LLQID,-,-,-,-,-,-,-,-,-,-,-,-,-,25.03,0.02%,"17,886"
LLQTI,-,-,-,-,-,-,-,-,-,-,-,-,-,18.67,-0.59%,"46,881"
LLRCC,-,-,-,-,-,-,-,-,-,-,-,-,-,22.01,6.94%,"4,231"
LLRCU,-,-,-,-,-,-,-,-,-,-,-,-,-,63.10,7.68%,"55,344"
LLRCX,430.25B,59.65,29.28,0.90,18.52,34.50,77.12,87.96,62.90%,23.86%,16.46%,32.64%,9.70%,343.84,3.45%,"8,505,606"
LLRE,18.41M,2.70,-,-,0.15,0.65,2.81,-,-,-,45.01%,-,9.42%,1.35,1.50%,"2,566"
LLRGC,-,-,-,-,-,-,-,-,-,-,-,-,-,87.29,-0.42%,"119,158"
LLRGE,-,-,-,-,-,-,-,-,-,-,-,-,-,89.06,-0.56%,"12,196"
LLRGF,-,-,-,-,-,-,-,-,-,-,-,-,-,78.85,-0.48%,"270,913"
LLRGG,-,-,-,-,-,-,-,-,-,-,-,-,-,29.56,-0.94%,"10,773"
LLRHC,1.27M,0.00,-,-,0.02,-,0.09,-,-,-,-,-,23.21%,0.60,1.16%,"159,110"
LLRMR,448.77M,-,-,-,-,3.54,2.87,-,38.22%,13.25%,8.74%,36.20%,-,4.32,-0.92%,"882,799"
LLRN,3.47B,11.58,10.52,-,1.38,2.12,3.62,8.00,3.97%,6.87%,33.16%,-,10.38%,83.43,0.08%,"928,007"
LLRND,-,-,-,-,-,-,-,-,-,-,-,-,-,46.85,-0.42%,"2,081"
LLRNX,-,-,-,-,-,-,-,-,-,-,-,-,-,23.47,0.93%,6
LLRNZ,-,-,-,-,-,-,-,-,-,-,-,-,-,65.05,0.05%,"2,160"
LLSAF,-,-,-,-,-,-,-,-,-,-,-,-,-,55.62,-1.02%,"2,249"
LLSAK,409.25M,-,8.67,-,0.58,2.13,4.51,28.05,170.28%,56.52%,6.41%,-,35.52%,4.77,0.74%,"164,840"
LLSAT,-,-,-,-,-,-,-,-,-,-,-,-,-,46.67,-1.19%,"1,306"
LLSBK,134.89M,15.32,-,-,3.34,0.93,-,12.83,-,-,11.35%,-,7.51%,17.17,0.09%,"10,426"
LLSCC,18.84B,512.44,41.34,0.70,28.94,23.11,108.73,124.57,102.78%,50.72%,-41.85%,59.28%,5.10%,132.67,1.69%,"1,399,389"
LLSCP,-,-,-,-,-,-,-,-,-,-,-,-,-,24.71,-0.25%,8
LLSE,83.42M,67.96,-,-,1.73,1.84,2.89,-,-,-,-,-,-,4.90,-5.77%,"6,612"
LLSEQ,-,-,-,-,-,-,-,-,-,-,-,-,-,34.05,0.61%,298
LLSF,50.03M,-,10.81,-,0.61,4.50,2.16,-,77.42%,690.48%,28.34%,-,14.11%,4.47,-5.10%,"38,921"
LLSGR,-,-,-,-,-,-,-,-,-,-,-,-,-,44.54,-1.32%,"17,902"
LLSPD,1.32B,-,11.02,0.29,1.06,0.95,3.54,22.82,41.83%,48.74%,2.56%,38.36%,40.80%,10.23,-4.12%,"681,264"
LLST,-,-,-,-,-,-,-,-,-,-,-,-,-,48.29,-0.29%,"61,773"
LLSTA,9.73M,-,-,-,97.30,1.19,0.93,-,54.58%,-6.42%,24.76%,25.81%,-,1.08,-0.92%,"21,543"
LLSTB,-,-,-,-,-,-,-,-,-,-,-,-,-,24.68,-0.24%,16
LLSTR,6.56B,50.08,25.24,0.66,1.32,7.84,18.87,37.36,79.18%,29.21%,-7.82%,38.46%,2.79%,193.38,1.68%,"527,507"
LLSVD,-,-,-,-,-,-,-,-,-,-,-,-,-,36.24,-0.48%,"2,992"
LLTAX,-,-,-,-,-,-,-,-,-,-,-,-,-,24.75,-0.50%,7
LLTBR,305.28M,-,-,-,-,1.28,1.29,-,-,-,25.98%,-,-,8.15,-3.55%,"499,896"
LLTC,2.18B,14.85,21.78,-,6.24,1.72,54.00,17.93,-15.16%,-13.00%,0.84%,-11.90%,7.70%,40.51,0.72%,"455,048"
LLTCC,-,-,-,-,-,-,-,-,-,-,-,-,-,10.83,1.98%,"5,281"
LLTGO,1.22B,-,-,-,-,-,28.81,-,-,-,-,-,-,19.30,-0.97%,"172,180"
LLTGR,228.39M,-,-,-,-,1.38,140.98,-,-,-,-,-,-,9.93,0.10%,"1,764"
LLTH,10.13B,24.79,24.91,3.79,3.18,3.06,39.23,-,-4.91%,15.32%,-,6.57%,25.86%,45.34,0.18%,"2,547,592"
LLTL,-,-,-,-,-,-,-,-,-,-,-,-,-,23.99,-3.65%,"8,513"
LLTM,15.01B,9.82,8.28,1.60,0.95,7.53,5.57,8.57,-5.17%,34.36%,-,5.18%,29.28%,52.29,0.06%,"566,289"
LLTPZ,-,-,-,-,-,-,-,-,-,-,-,-,-,47.17,-1.05%,"549,275"
LLTRN,33.17M,-,-,-,-,-,4.51,-,-3.82%,-23.93%,-10.59%,-10.36%,-,2.60,-1.89%,"108,039"
LLTRX,296.65M,-,23.47,0.63,2.50,3.56,12.61,35.06,8.33%,86.81%,7.06%,37.00%,15.47%,6.65,2.78%,"1,180,560"
LLTTI,-,-,-,-,-,-,-,-,-,-,-,-,-,17.31,-0.75%,"1,188"
LLU,1.22B,-,5.54,-,0.29,0.11,0.21,0.66,98.45%,2453.18%,-,-,-13.48%,1.45,-3.33%,"818,711"
LLUCD,198.71M,-,-,-,36.46,17.07,5.95,-,40.12%,30.10%,-25.34%,28.07%,-,0.98,1.03%,"1,146,804"
LLUCK,1.05B,-,58.55,-,0.84,-,17.85,42.48,-23.08%,171.53%,-322.04%,-,-,6.70,-3.74%,"35,124"
LLUCY,6.03M,-,-,-,1.77,0.65,1.61,-,35.26%,65.85%,1.99%,-,115.71%,0.70,-4.62%,"119,918"
LLUD,99.84M,-,-,-,-,-,-,-,-,-,-,-,-,4.40,2.56%,"6,939"
LLULG,-,-,-,-,-,-,-,-,-,-,-,-,-,6.02,-6.41%,"144,160"
LLULU,13.73B,9.35,10.25,-,1.23,2.74,9.07,10.73,-17.55%,3.28%,24.13%,-2.56%,20.33%,115.74,-3.19%,"2,829,963"
LLUMA,-,-,-,-,-,-,-,-,-,-,-,-,-,27.92,6.12%,"72,084"
LLUMN,6.79B,-,-,-,0.57,-,3.61,8.11,-575.73%,64.07%,-8.90%,-19.22%,-9.75%,6.58,-2.08%,"8,807,781"
LLUNG,95.77M,-,-,-,1.10,2.44,1.71,-,21.50%,9.78%,-8.01%,16.56%,22.55%,2.23,-7.85%,"440,168"
LLUNL,-,-,-,-,-,-,-,-,-,-,-,-,-,7.60,14.46%,"2,474,929"
LLUNR,4.41B,-,-,-,8.99,-,11.63,-,5.48%,70.29%,-83.76%,-,36.54%,20.38,7.21%,"20,284,145"
LLUV,21.21B,26.30,8.91,0.11,0.71,2.99,5.59,-,266.00%,43.01%,-,79.76%,25.41%,43.35,-2.06%,"3,742,618"
LLUXE,1.06B,1.89,-,-,0.38,0.74,2.94,-,47.45%,87.79%,139.46%,-,22.53%,7.69,0.65%,"140,115"
LLVDS,-,-,-,-,-,-,-,-,-,-,-,-,-,60.73,-0.65%,"1,870"
LLVHD,-,-,-,-,-,-,-,-,-,-,-,-,-,44.40,-0.88%,"38,295"
LLVHI,-,-,-,-,-,-,-,-,-,-,-,-,-,42.80,-0.14%,"1,666,864"
LLVIG,-,-,-,-,-,-,-,-,-,-,-,-,-,98.10,-0.18%,737
LLVLN,-,-,-,-,-,-,-,-,-,-,-,-,-,24.77,-0.06%,"2,957"
LLVLU,43.30M,-,-,-,0.17,-,10.51,25.62,-,-,8.32%,-,2.57%,15.08,-7.31%,"5,653"
LLVO,54.16M,-,-,-,0.70,-,6.25,-,40.84%,53.10%,19.75%,43.75%,3.41%,3.93,-5.30%,"84,243"
LLVS,29.43B,17.70,12.86,1.73,2.14,50.67,8.72,10.92,4.11%,12.72%,-,7.44%,34.66%,45.43,-1.73%,"4,274,531"
LLVWR,236.22M,-,-,-,7.55,19.82,4.47,-,-,-,1.68%,-,-,1.15,-4.17%,"415,529"
LLW,7.22B,25.16,15.47,2.13,1.09,3.95,105.81,13.36,1.10%,11.52%,-0.71%,7.26%,12.49%,52.49,-1.09%,"1,360,609"
LLWAC,310.22M,41.82,-,-,-,1.43,660.04,-,-,-,-,-,-,10.33,0.00%,15
LLWAY,373.90M,35.32,19.96,1.55,1.54,4.42,52.74,-,-40.45%,133.96%,34.19%,12.88%,15.81%,24.75,-4.14%,"298,147"
LLWLG,1.14B,-,-,-,4573.07,10.98,11.92,-,-,-,-16.65%,-,-,7.42,-1.98%,"2,725,912"
LLX,180.32M,1.18,1.42,0.09,0.10,0.13,0.38,-,1.66%,34.13%,22.69%,15.81%,1.36%,1.36,0.00%,"1,886,104"
LLXEH,3.25M,-,-,-,0.76,0.15,1.78,-,-,-,-,-,2.87%,1.74,-1.69%,"8,720"
LLXEO,408.59M,-,-,-,-,1.67,1.93,-,35.89%,-14.72%,-57.31%,13.74%,-,4.98,2.89%,"913,839"
LLXFR,458.13M,58.25,12.01,1.45,1.26,2.06,33.20,27.35,-8.11%,39.71%,-17.19%,8.30%,3.44%,17.12,0.23%,"157,866"
LLXP,3.58B,61.19,138.41,-,10.29,1.84,196.94,20.13,-96.81%,655.32%,-11.22%,-,1.17%,60.66,0.15%,"529,248"
LLXRX,1.04B,-,-,-,25.11,5.97,5.46,-,-18.42%,-23.34%,23.47%,12.33%,15.72%,2.34,0.86%,"3,530,414"
LLXU,755.97M,20.70,14.53,0.46,1.15,1.40,3.47,7.77,127.21%,-6.45%,-,31.49%,11.86%,10.50,2.64%,"764,518"
LLYB,20.91B,-,9.84,0.16,0.67,1.96,7.92,13.25,444.71%,-28.97%,-,60.87%,1.68%,64.73,1.52%,"7,705,517"
LLYEL,332.05M,-,-,-,11068.26,1.36,1.63,-,54.70%,-4.89%,0.99%,26.67%,-65.85%,13.55,-2.87%,"132,563"
LLYFT,6.52B,2.41,16.84,-,0.96,2.16,3.63,5.86,-91.50%,76.63%,-,-,21.71%,17.22,-1.49%,"6,030,257"
LLYG,89.23B,14.38,9.38,0.36,3.22,1.63,-,-,44.30%,19.64%,42.58%,25.88%,14.58%,6.15,-0.97%,"8,148,567"
LLYLD,-,-,-,-,-,-,-,-,-,-,-,-,-,33.30,-0.26%,309
LLYTE,-,-,-,-,-,-,-,-,-,-,-,-,-,28.49,5.87%,"5,090,598"
LLYTS,908.63M,32.76,17.90,1.14,1.49,2.57,87.96,24.05,4.91%,23.16%,16.90%,15.76%,13.41%,24.75,-0.44%,"205,882"
LLYV,43.46B,-,97.59,-,1.65,521.87,4.74,31.43,-42.17%,653.90%,50.70%,-,68.39%,184.44,-2.13%,"1,629,567"
LLZ,931.68M,58.00,6.58,0.54,1.18,7.16,5.57,6.26,17.45%,13.49%,17.74%,12.16%,9.94%,5.44,-3.20%,"3,716,298"
LLZB,1.66B,16.80,12.57,2.10,0.78,1.60,5.38,13.08,-3.18%,12.23%,1.45%,5.99%,4.16%,41.52,-0.79%,"425,501"
LLZM,359.66M,-,-,-,149.86,3.81,9.64,-,-76.47%,33.33%,-89.25%,-,-,4.00,1.01%,"172,215"
LLZMH,8.80M,-,-,-,-,0.90,3.96,-,-,-,-35.40%,-,88.02%,1.12,-5.08%,"84,744"
MM,6.11B,9.55,10.17,13.21,0.27,1.26,4.72,4.29,-5.24%,3.81%,-,0.77%,4.56%,23.22,-0.81%,"4,775,112"
MMA,492.55B,30.93,24.35,1.48,14.02,87.98,40.72,29.87,17.26%,15.78%,20.99%,16.48%,16.50%,562.26,-1.23%,"3,019,312"
MMAA,15.60B,38.31,42.23,-,7.03,2.79,239.95,24.18,-4.87%,-13.64%,11.53%,-2.53%,5.65%,131.12,-1.78%,"780,841"
MMAAS,7.35B,-,-,-,-,11.05,21621.79,-,-,-,58.10%,-,43.51%,16.88,1.32%,"289,298"
MMAAY,-,-,-,-,-,-,-,-,-,-,-,-,-,5.49,1.96%,"10,326"
MMAC,7.27B,-,218.27,-,7.18,2.48,23.38,38.82,79.54%,170.80%,-,-,5.32%,24.66,-0.20%,"1,821,561"
MMACI,237.08M,59.52,-,-,-,2.65,-,-,-,-,-,-,-,10.94,0.09%,"1,856"
MMADE,-,-,-,-,-,-,-,-,-,-,-,-,-,38.38,-0.07%,"7,616"
MMAGA,-,-,-,-,-,-,-,-,-,-,-,-,-,58.28,-0.29%,917
MMAGC,-,-,-,-,-,-,-,-,-,-,-,-,-,19.67,0.69%,"2,604"
MMAGG,-,-,-,-,-,-,-,-,-,-,-,-,-,19.87,-0.22%,"1,290"
MMAGN,429.60M,-,7.37,-,0.13,0.42,1.53,3.80,187.98%,120.51%,6.73%,-,28.13%,12.00,-3.85%,"439,271"
MMAGS,-,-,-,-,-,-,-,-,-,-,-,-,-,67.35,-1.33%,"3,515,214"
MMAGX,-,-,-,-,-,-,-,-,-,-,-,-,-,55.01,-2.61%,"80,464"
MMAGY,-,-,-,-,-,-,-,-,-,-,-,-,-,41.44,-1.12%,"44,661"
MMAIA,84.55M,-,1.24,-,-,4.09,3.06,-,25.71%,315.38%,-2.25%,-,-,1.39,-0.71%,"266,987"
MMAIN,5.44B,11.72,14.78,5.62,7.97,1.71,93.25,15.45,-3.33%,3.02%,65.31%,2.63%,41.38%,58.15,-1.11%,"472,393"
MMAIR,14.84B,-,23.08,1.17,-,4.06,56.67,-,31.59%,16.57%,-,19.65%,-,29.57,-5.47%,"5,593,621"
MMAKO,861.59M,16.77,-,-,4.12,4.53,7.69,17.36,-,-,-,-,154.23%,9.84,-2.77%,"182,235"
MMAKX,-,-,-,-,-,-,-,-,-,-,-,-,-,72.57,0.03%,504
MMAMA,817.40M,117.16,49.34,1.17,4.32,12.70,33.49,89.53,80.77%,48.94%,1.32%,42.35%,33.33%,17.27,0.12%,"430,473"
MMAMB,-,-,-,-,-,-,-,-,-,-,-,-,-,23.91,-0.18%,"6,623"
MMAMO,44.14M,11.13,-,-,0.67,1.83,9.51,11.52,-,-,-24.97%,-,-3.42%,1.06,0.00%,"59,518"
MMAN,2.64B,25.60,11.64,0.39,0.14,1.25,14.62,38.32,22.12%,34.45%,-,30.17%,-0.05%,56.77,-2.62%,"764,615"
MMANE,4.52B,-,-,-,-,5.55,5.51,-,15.85%,7.89%,-,21.43%,-,108.22,-3.98%,"581,722"
MMANH,11.46B,56.24,32.06,2.69,10.17,72.72,61.55,28.70,8.63%,11.50%,21.58%,11.91%,13.02%,196.47,-0.47%,"1,491,795"
MMANI,-,-,-,-,-,-,-,-,-,-,-,-,-,25.96,-0.00%,99
MMANU,4.02B,-,383.69,-,4.38,16.98,49.98,37.03,-191.77%,115.00%,-7.01%,-,6.11%,23.29,-3.72%,"378,926"
MMAPP,-,-,-,-,-,-,-,-,-,-,-,-,-,28.30,0.06%,27
MMAR,92.98B,36.96,27.25,2.02,3.46,-,201.26,29.69,16.78%,11.83%,-,13.49%,19.89%,356.57,-0.04%,"1,313,291"
MMARA,3.75B,-,-,-,4.67,2.23,8.62,-,-24.41%,81.47%,-95.80%,26.04%,190.86%,9.72,5.60%,"55,316,545"
MMARM,-,-,-,-,-,-,-,-,-,-,-,-,-,34.41,-0.03%,"2,054"
MMARO,-,-,-,-,-,-,-,-,-,-,-,-,-,3.99,3.37%,"294,305"
MMARPS,9.57M,15.25,-,-,9.97,10.17,10.18,-,-,-,4.86%,-,5.78%,4.79,1.60%,787
MMARS,-,-,-,-,-,-,-,-,-,-,-,-,-,28.58,1.17%,"36,314"
MMART,-,-,-,-,-,-,-,-,-,-,-,-,-,42.87,-0.12%,761
MMARU,-,-,-,-,-,-,-,-,-,-,-,-,-,30.43,-0.40%,"1,190"
MMARW,-,-,-,-,-,-,-,-,-,-,-,-,-,36.69,-0.05%,448
MMARZ,-,-,-,-,-,-,-,-,-,-,-,-,-,37.63,-0.35%,"2,712"
MMAS,14.58B,17.04,15.87,1.77,1.91,-,26.60,12.95,14.39%,2.81%,10.68%,8.98%,1.02%,73.93,-0.54%,"2,002,215"
MMASK,4.73M,1.30,-,-,0.87,0.15,1.85,-,-,-,-,-,-,1.46,-3.95%,"104,425"
MMASS,421.19M,-,-,-,6.92,3.06,4.10,859.57,-399.25%,51.95%,-16.61%,-15.07%,15.88%,10.19,1.80%,"465,014"
MMAT,4.17B,10.74,9.17,1.10,0.76,2.08,7.95,9.58,-7.03%,21.31%,28.40%,8.31%,3.11%,14.58,-2.99%,"4,567,651"
MMATE,-,-,-,-,-,-,-,-,-,-,-,-,-,31.59,-0.13%,706
MMATH,38.62M,41.19,-,-,-,0.57,0.08,0.51,-,-,-,-,-,0.82,6.46%,"38,800"
MMATV,674.97M,7.71,9.78,-,0.34,1.43,9.53,5.29,38.57%,28.87%,-,-,13.01%,12.23,0.16%,"530,289"
MMATW,717.91M,-,29.30,-,0.65,1.48,19.09,-,-57.94%,48.11%,22.39%,-7.41%,-0.01%,23.00,-1.08%,"931,831"
MMATX,6.58B,14.71,13.19,1.49,1.90,2.37,55.13,60.62,16.24%,3.86%,25.49%,8.84%,7.01%,219.95,1.22%,"205,738"
MMAUG,-,-,-,-,-,-,-,-,-,-,-,-,-,33.35,-0.16%,158
MMAVF,-,-,-,-,-,-,-,-,-,-,-,-,-,140.94,-0.69%,35
MMAX,777.44M,7.90,10.85,0.23,0.63,23.67,32.73,13.81,245.24%,-13.17%,-,46.75%,13.75%,12.69,-3.64%,"537,335"
MMAXI,-,-,-,-,-,-,-,-,-,-,-,-,-,8.98,3.93%,"10,094"
MMAXJ,-,-,-,-,-,-,-,-,-,-,-,-,-,29.48,0.02%,"14,774"
MMAYC,-,-,-,-,-,-,-,-,-,-,-,-,-,26.15,-0.17%,7
MMAYM,-,-,-,-,-,-,-,-,-,-,-,-,-,33.24,-0.03%,59
MMAYP,-,-,-,-,-,-,-,-,-,-,-,-,-,33.17,-0.17%,227
MMAYS,84.66M,-,-,-,3.95,1.64,26.96,-,-,-,31.54%,-,1.93%,42.00,1.20%,231
MMAYT,-,-,-,-,-,-,-,-,-,-,-,-,-,39.90,-0.20%,"5,586"
MMAYU,-,-,-,-,-,-,-,-,-,-,-,-,-,34.99,-0.23%,281
MMAYW,-,-,-,-,-,-,-,-,-,-,-,-,-,35.38,-0.08%,"14,949"
MMAYZ,-,-,-,-,-,-,-,-,-,-,-,-,-,37.03,-0.39%,"1,780"
MMAZE,1.55B,-,-,-,77.63,3.42,3.78,-,9.43%,-16.18%,-,-5.40%,-,27.95,2.83%,"322,050"
MMB,99.50M,-,-,-,1.69,16.33,5.24,-,-,-,-,-,-,5.80,9.43%,"49,852"
MMBAI,10.84M,10.87,-,-,-,16.38,49.29,-,-,-,-,-,-,8.02,-8.03%,"17,631"
MMBB,-,-,-,-,-,-,-,-,-,-,-,-,-,93.05,-0.16%,"1,657,664"
MMBBA,-,-,-,-,-,-,-,-,-,-,-,-,-,48.91,-0.07%,"4,095"
MMBBB,-,-,-,-,-,-,-,-,-,-,-,-,-,20.89,-0.25%,234
MMBBC,44.26M,36.08,-,-,3.75,0.93,-,34.31,-,-,-34.52%,-,7.38%,15.00,-1.70%,406
MMBC,1.83B,-,35.25,-,0.66,0.93,7.57,24.92,-89.01%,155.00%,-28.91%,-,2.06%,8.99,-1.75%,"1,446,770"
MMBCE,-,-,-,-,-,-,-,-,-,-,-,-,-,39.72,0.83%,"17,512"
MMBGL,5.81B,-,-,-,-,0.59,31.26,-,-,-,-,-,-,19.72,-3.05%,"3,776,857"
MMBI,251.52M,-,-,-,2.68,-,-,5.85,-191.85%,10.36%,18.16%,-,-22.27%,4.93,-4.64%,"656,274"
MMBIN,2.51B,10.96,9.11,0.53,1.86,1.36,-,-,47.62%,7.35%,-0.36%,17.10%,26.93%,54.54,-0.62%,"109,465"
MMBIO,4.51M,-,-,-,-,0.60,0.30,-,-,-,78.52%,-,-,0.59,0.13%,"8,270"
MMBLY,7.85B,-,18.30,0.73,3.89,0.94,5.44,18.59,36.79%,2.45%,-14.39%,25.02%,14.39%,9.23,3.48%,"4,040,621"
MMBND,-,-,-,-,-,-,-,-,-,-,-,-,-,26.90,-0.19%,"1,806"
MMBOT,101.42M,-,-,-,289.78,1.47,1.48,-,-2.30%,-12.36%,25.94%,1.16%,-,1.51,-2.58%,"932,887"
MMBOX,-,-,-,-,-,-,-,-,-,-,-,-,-,42.77,-0.53%,"5,708"
MMBRX,11.82M,-,-,-,-,0.37,1.63,-,87.02%,42.10%,46.71%,64.05%,-,0.61,-0.85%,"874,151"
MMBS,-,-,-,-,-,-,-,-,-,-,-,-,-,8.55,-0.23%,"32,822"
MMBSD,-,-,-,-,-,-,-,-,-,-,-,-,-,20.42,-0.05%,"5,354"
MMBSF,-,-,-,-,-,-,-,-,-,-,-,-,-,25.67,-0.02%,"34,605"
MMBSX,-,-,-,-,-,-,-,-,-,-,-,-,-,26.58,-0.65%,562
MMBUU,577.52M,-,11.92,0.45,0.70,1.12,11.51,14.42,-6.03%,66.12%,-23.86%,26.45%,4.34%,29.41,0.27%,"123,120"
MMBVI,440.31M,43.03,-,-,-,1.30,620.15,-,-,-,-,-,-,10.21,0.00%,"5,009"
MMBWM,1.06B,10.76,10.60,-,2.75,1.40,-,15.50,0.85%,4.59%,15.04%,-,13.95%,61.14,-0.68%,"86,066"
MMBX,3.29B,-,-,-,-,7.99,7.85,-,-32.08%,-27.22%,-,-20.91%,-,68.25,-0.47%,"461,171"
MMC,5.41B,23.23,16.95,1.33,3.44,9.77,25.95,12.49,4.15%,26.44%,-0.03%,12.76%,10.24%,66.73,-2.46%,"626,233"
MMCAH,90.41M,-,-,-,-,1.44,9040.86,-,-,-,-,-,-,9.99,0.10%,106
MMCB,1.16B,11.82,8.18,0.27,2.08,1.20,-,11.61,44.03%,19.69%,7.28%,29.88%,26.92%,93.34,-0.74%,"67,247"
MMCBS,1.04B,12.53,11.06,-,3.69,1.83,-,13.70,23.11%,0.62%,13.31%,-,18.57%,36.16,-0.22%,"59,394"
MMCD,187.90B,21.57,19.00,2.69,6.78,-,228.59,24.21,5.98%,8.06%,13.64%,7.07%,6.96%,265.53,-2.68%,"4,911,796"
MMCDS,-,-,-,-,-,-,-,-,-,-,-,-,-,70.12,-0.43%,734
MMCFT,613.57M,37.39,12.94,0.44,2.06,2.16,7.25,23.92,80.07%,17.10%,-,29.54%,-4.78%,25.11,0.52%,"135,854"
MMCGA,242.77M,82.16,-,-,-,1.41,1348.72,-,-,-,-,-,-,10.30,-0.03%,"26,817"
MMCH,-,-,-,-,-,-,-,-,-,-,-,-,-,28.60,1.28%,382
MMCHB,3.88B,13.41,14.00,-,3.77,1.44,-,14.43,24.44%,16.56%,-18.92%,-,17.92%,16.75,-1.93%,"368,745"
MMCHG,-,-,-,-,-,-,-,-,-,-,-,-,-,8.70,2.70%,"3,788"
MMCHI,-,-,-,-,-,-,-,-,-,-,-,-,-,55.06,0.79%,"2,699,050"
MMCHP,43.58B,119.99,17.52,0.37,8.51,6.76,160.05,39.23,122.24%,25.67%,-19.53%,47.20%,-2.82%,80.26,1.38%,"8,530,646"
MMCHS,-,-,-,-,-,-,-,-,-,-,-,-,-,43.77,2.24%,"1,265"
MMCHU,-,-,-,-,-,-,-,-,-,-,-,-,-,15.28,3.09%,599
MMCHX,80.22M,-,11.31,-,1.82,2.76,9.84,-,166.67%,300.00%,32.16%,-,-2.37%,1.81,-2.16%,"12,402"
MMCI,-,-,-,-,-,-,-,-,-,-,-,-,-,18.22,6.92%,"157,663"
MMCK,100.26B,23.01,17.02,1.23,0.24,-,19.08,15.63,14.04%,13.26%,-,13.89%,11.11%,859.92,-1.04%,"1,137,253"
MMCN,117.98M,18.13,-,-,32.84,0.88,-,-,-,-,-,-,-,5.62,-1.23%,"82,744"
MMCO,82.65B,30.26,25.21,2.06,10.13,27.32,55.24,27.86,13.40%,11.74%,7.79%,12.26%,7.52%,477.17,-1.61%,"684,179"
MMCOW,-,-,-,-,-,-,-,-,-,-,-,-,-,22.49,-0.42%,147
MMCRB,44.83M,-,-,-,23.85,1.28,2.88,-,-649.22%,-40.68%,-,-,-52.67%,4.51,-0.66%,"42,185"
MMCRI,2.22B,19.85,17.42,1.38,3.94,3.84,16.03,14.36,26.00%,3.74%,34.07%,12.63%,24.21%,123.65,-0.35%,"112,035"
MMCRP,40.47M,-,-,-,-,-,-,-,-,-,-,-,-,1.16,11.54%,"528,179"
MMCS,902.50M,41.36,32.32,0.80,1.14,1.97,29.12,13.53,83.74%,23.01%,-,40.21%,26.12%,29.95,-0.17%,"183,707"
MMCVT,-,-,-,-,-,-,-,-,-,-,-,-,-,28.79,-0.13%,8
MMCY,5.89B,6.29,9.46,0.81,0.93,2.08,-,4.66,61.37%,-11.75%,7.62%,11.67%,9.63%,106.38,0.95%,"205,519"
MMD,2.14B,12.65,10.93,1.82,1.10,2.43,5.29,9.36,14.90%,2.80%,-,5.99%,1.99%,26.34,-1.01%,"613,166"
MMDA,5.72B,61.16,27.55,2.54,4.22,3.67,20.39,-,-9.62%,32.46%,-,10.83%,39.61%,35.26,0.14%,"538,048"
MMDAA,-,-,-,-,-,-,-,-,-,-,-,-,-,118.01,0.21%,18
MMDAI,52.78M,-,-,-,3.48,-,3.78,-,-74.14%,28.71%,-,-0.00%,-,1.64,-2.38%,"238,624"
MMDB,35.29B,-,59.95,2.67,13.56,12.03,14.54,59.69,23.06%,19.65%,28.00%,22.45%,33.07%,438.70,-4.70%,"1,623,357"
MMDBH,30.70M,-,-,-,4.42,0.61,3.09,-,-,-,-93.72%,-,-15.49%,2.94,-1.32%,"2,078"
MMDCR,-,-,-,-,-,-,-,-,-,-,-,-,-,32.85,-0.09%,6
MMDCX,16.43M,-,-,-,-,-,1.54,-,76.09%,34.35%,-,46.70%,-,0.26,-7.18%,"2,591,047"
MMDEV,-,-,-,-,-,-,-,-,-,-,-,-,-,21.19,-1.22%,296
MMDGL,12.13B,-,80.12,-,9.44,23.14,14.46,-,51.27%,204.62%,0.37%,-,-,524.87,3.41%,"307,441"
MMDIA,71.76M,-,-,-,0.51,2.51,39.65,-,-,-,26.86%,-,27.70%,0.87,-8.66%,"8,247"
MMDIV,-,-,-,-,-,-,-,-,-,-,-,-,-,16.90,-0.17%,"34,650"
MMDLN,45.86B,40.90,22.16,2.82,1.53,2.64,17.12,29.66,5.44%,4.32%,-,7.87%,-,34.88,-2.41%,"3,741,808"
MMDLV,-,-,-,-,-,-,-,-,-,-,-,-,-,31.91,-0.28%,"1,020"
MMDLZ,79.36B,22.81,18.50,2.52,2.00,2.99,45.12,25.72,4.30%,10.33%,-5.21%,7.35%,7.71%,62.18,-2.25%,"6,586,721"
MMDPL,-,-,-,-,-,-,-,-,-,-,-,-,-,29.57,-1.67%,"4,733"
MMDRR,27.28M,3.06,-,-,2.85,0.80,3.67,-,-,-,41.54%,-,2.35%,11.74,3.44%,"3,068"
MMDST,-,-,-,-,-,-,-,-,-,-,-,-,-,29.56,-0.79%,"28,481"
MMDT,115.97B,24.31,14.16,1.79,3.19,2.34,12.58,21.37,7.66%,7.45%,6.95%,7.92%,3.84%,90.60,-0.73%,"7,830,503"
MMDU,4.33B,21.63,19.48,2.59,2.36,1.48,93.51,-,5.14%,8.00%,-13.77%,7.51%,-19.46%,20.57,-0.39%,"962,971"
MMDV,186.28M,51.48,-,-,4.04,1.16,8.61,12.72,-,-,45.05%,-,3.94%,18.05,0.00%,0
MMDWD,172.01M,-,-,-,14.50,4.85,4.87,-,-4.35%,-0.31%,2.36%,16.86%,-4.87%,13.39,-1.25%,"74,006"
MMDXG,610.74M,106.35,79.81,-,1.72,2.83,4.50,13.73,-153.12%,130.88%,-,-20.63%,11.02%,4.19,-1.87%,"898,522"
MMDXH,43.94M,-,-,-,0.39,-,2.29,-,23.24%,38.33%,27.91%,33.73%,42.48%,0.86,5.89%,"10,649,900"
MMDY,-,-,-,-,-,-,-,-,-,-,-,-,-,715.35,-0.22%,"404,225"
MMDYG,-,-,-,-,-,-,-,-,-,-,-,-,-,113.68,0.09%,"60,330"
MMDYV,-,-,-,-,-,-,-,-,-,-,-,-,-,96.91,-0.49%,"63,836"
MMEAR,-,-,-,-,-,-,-,-,-,-,-,-,-,50.22,0.02%,"276,437"
MMEC,624.76M,-,24.10,0.36,1.07,1.92,283.98,-,-16.60%,293.20%,-2.14%,66.37%,8.85%,24.50,1.70%,"343,695"
MMED,127.91M,-,-,-,0.40,0.65,0.75,31.90,-91.67%,75.65%,-,-,-16.22%,11.44,0.00%,"161,137"
MMEDI,-,-,-,-,-,-,-,-,-,-,-,-,-,34.06,0.79%,"3,779"
MMEDP,16.67B,35.02,30.86,2.56,5.99,38.32,33.15,23.58,15.20%,9.92%,31.79%,12.05%,22.27%,597.12,3.22%,"163,938"
MMEDS,4.21M,-,-,-,0.30,-,84.16,-,-,-,-,-,-,1.49,0.68%,"325,396"
MMEDX,-,-,-,-,-,-,-,-,-,-,-,-,-,35.89,0.55%,"2,477"
MMEGI,790.60M,4.90,-,-,-,-,-,-,-,-,-,-,-,15.19,-0.59%,"128,502"
MMEGL,6.00M,-,-,-,4.06,0.39,0.39,-,-,-,-,-,-10.89%,1.18,-3.66%,"12,904"
MMEI,641.75M,-,66.96,-,0.63,0.95,4.60,41.14,53.47%,157.45%,-,-,-1.30%,18.08,5.48%,"697,215"
MMEIB,-,-,-,-,-,-,-,-,-,-,-,-,-,23.79,-3.86%,"1,426"
MMELI,90.62B,48.64,32.46,1.26,2.58,11.57,4.81,10.15,-2.69%,43.66%,-,25.67%,48.70%,1787.57,-3.09%,"534,326"
MMEM,-,-,-,-,-,-,-,-,-,-,-,-,-,44.79,1.10%,"2,116"
MMEMA,-,-,-,-,-,-,-,-,-,-,-,-,-,30.99,1.26%,45
MMEME,-,-,-,-,-,-,-,-,-,-,-,-,-,9.06,4.14%,"126,920"
MMEMS,-,-,-,-,-,-,-,-,-,-,-,-,-,31.14,0.49%,652
MMEMX,-,-,-,-,-,-,-,-,-,-,-,-,-,48.38,0.63%,"1,120"
MMEMY,-,-,-,-,-,-,-,-,-,-,-,-,-,17.68,0.29%,253
MMENS,149.21M,-,-,-,-,-,126.45,-,-,-,-2.18%,-,-,2.01,-0.50%,"53,937"
MMEOH,4.43B,50.43,10.11,0.37,1.04,1.73,11.57,6.30,348.35%,-37.77%,-,27.34%,6.26%,57.29,2.08%,"641,901"
MMERC,32.62M,-,-,-,0.02,-,0.39,-,50.44%,66.78%,-95.26%,50.91%,5.59%,0.49,3.33%,"611,143"
MMESH,432.97M,69.38,-,-,-,1.28,521.65,-,-,-,-,-,-,10.04,0.00%,"318,516"
MMESO,2.21B,-,2127.50,-,33.71,3.82,16.98,-,48.09%,101.82%,9.59%,-,-11.49%,17.02,9.14%,"458,403"
MMET,61.44B,18.50,8.73,0.73,0.77,2.25,-,3.71,12.77%,11.27%,-3.68%,11.92%,2.59%,96.68,-1.00%,"2,485,070"
MMETA,1449.45B,21.43,16.75,0.89,6.35,5.55,15.93,35.37,35.01%,7.11%,18.41%,18.72%,18.51%,568.97,-3.54%,"17,225,609"
MMETC,712.66M,-,259.33,-,1.38,2.06,2.52,-,14.59%,105.58%,-49.98%,-,26.01%,12.23,-0.16%,"2,337,566"
MMETD,-,-,-,-,-,-,-,-,-,-,-,-,-,16.83,3.56%,"341,241"
MMETG,-,-,-,-,-,-,-,-,-,-,-,-,-,12.88,-7.16%,"16,837"
MMETL,-,-,-,-,-,-,-,-,-,-,-,-,-,27.98,0.72%,"27,732"
MMETU,-,-,-,-,-,-,-,-,-,-,-,-,-,19.68,-7.08%,"6,440,829"
MMETV,-,-,-,-,-,-,-,-,-,-,-,-,-,19.19,-0.74%,"22,277"
MMETW,-,-,-,-,-,-,-,-,-,-,-,-,-,23.07,-5.32%,"38,401"
MMEVO,399.00M,-,-,-,-,1.36,420.00,-,-,-,-,-,-,9.98,0.00%,19
MMEXX,-,-,-,-,-,-,-,-,-,-,-,-,-,27.54,-0.29%,"15,103"
MMF,23.20M,-,-,-,0.97,0.38,2.35,-,-,-,-21.88%,-,-13.58%,11.60,-10.77%,"43,121"
MMFA,920.92M,9.11,6.44,0.48,1.07,0.52,2.97,3.65,13.40%,24.69%,-,13.44%,-,9.11,-0.55%,"931,936"
MMFC,73.39B,16.52,12.32,1.48,1.55,2.28,-,3.33,3.54%,11.96%,0.16%,8.34%,-5.47%,44.23,-0.52%,"5,239,030"
MMFDX,-,-,-,-,-,-,-,-,-,-,-,-,-,42.85,-0.10%,"7,757"
MMFEB,-,-,-,-,-,-,-,-,-,-,-,-,-,33.26,-0.14%,6
MMFEM,-,-,-,-,-,-,-,-,-,-,-,-,-,28.71,0.85%,"6,769"
MMFG,131.78B,14.89,13.04,0.99,2.30,1.86,-,-,15.67%,13.39%,13.76%,13.19%,15.59%,10.83,-0.37%,"3,454,847"
MMFI,399.42M,4.38,-,-,92.03,0.74,13.92,-,-,-,21.29%,-,1.15%,7.61,0.13%,51
MMFIC,799.01M,-,7.85,-,3.07,0.73,18.43,7.28,-3.82%,-15.43%,-16.95%,-8.88%,6.60%,9.70,-0.51%,"829,100"
MMFIG,-,-,-,-,-,-,-,-,-,-,-,-,-,21.47,-1.05%,"1,625"
MMFIN,254.86M,8.37,7.29,-,0.73,0.63,1.22,1.47,-35.39%,32.46%,-,-,16.23%,11.10,-3.31%,"79,548"
MMFLX,-,-,-,-,-,-,-,-,-,-,-,-,-,16.97,-0.26%,19
MMFM,540.90M,13.27,-,-,31.14,0.91,-,-,-,-,-,-,-,5.44,-0.73%,"179,842"
MMFMO,-,-,-,-,-,-,-,-,-,-,-,-,-,23.93,1.05%,"3,982"
MMFP,2.03B,-,17.26,0.91,-,-,35.12,-,29.52%,21.24%,-,18.90%,-,45.00,-1.25%,"636,448"
MMFSB,-,-,-,-,-,-,-,-,-,-,-,-,-,24.60,-0.18%,"87,595"
MMFSG,-,-,-,-,-,-,-,-,-,-,-,-,-,30.72,-0.13%,"30,671"
MMFSI,-,-,-,-,-,-,-,-,-,-,-,-,-,33.70,-0.33%,"217,712"
MMFSM,-,-,-,-,-,-,-,-,-,-,-,-,-,24.80,-0.26%,"26,018"
MMFSV,-,-,-,-,-,-,-,-,-,-,-,-,-,29.85,-0.73%,"93,529"
MMFUL,-,-,-,-,-,-,-,-,-,-,-,-,-,22.60,-0.24%,565
MMFUS,-,-,-,-,-,-,-,-,-,-,-,-,-,67.51,-0.13%,"13,154"
MMFUT,-,-,-,-,-,-,-,-,-,-,-,-,-,19.50,0.58%,"7,777"
MMFVL,-,-,-,-,-,-,-,-,-,-,-,-,-,22.10,-1.72%,"3,895"
MMG,577.75M,21.72,14.63,0.80,0.78,2.41,26.27,19.98,15.06%,22.47%,-,18.38%,4.09%,18.14,0.22%,"189,150"
MMGA,18.92B,25.90,9.14,0.68,0.44,1.62,13.02,5.44,23.46%,10.26%,3.04%,13.38%,5.18%,71.29,1.49%,"1,155,114"
MMGC,-,-,-,-,-,-,-,-,-,-,-,-,-,282.81,-0.44%,"52,845"
MMGEE,3.06B,19.92,19.54,3.38,3.98,2.13,173.56,-,5.82%,5.33%,7.44%,5.78%,6.66%,81.03,-0.86%,"147,281"
MMGF,92.56M,25.82,-,-,21.88,0.89,-,-,-,-,-,-,-,2.84,0.00%,"42,570"
MMGIH,17.54M,-,-,-,0.80,0.80,2.56,-,-,-,-,-,-15.95%,1.56,1.30%,"63,882"
MMGK,-,-,-,-,-,-,-,-,-,-,-,-,-,90.21,-0.56%,"1,007,172"
MMGKX,-,-,-,-,-,-,-,-,-,-,-,-,-,23.43,-0.96%,"2,903"
MMGLD,44.74M,-,-,-,1.54,1.96,4.10,-,-,-,-,-,2.43%,1.04,-2.79%,"20,028"
MMGM,11.01B,26.50,21.84,-,0.62,4.38,4.32,6.31,-44.43%,8.98%,-,-11.14%,27.71%,43.78,-0.73%,"2,338,124"
MMGMT,-,-,-,-,-,-,-,-,-,-,-,-,-,52.15,-0.19%,"3,900"
MMGN,3.22M,29.56,-,-,0.66,0.56,1.81,-,-,-,-58.24%,-,-18.76%,0.10,-4.01%,"1,210,787"
MMGNI,3.47B,22.15,17.99,0.91,4.68,3.70,10.43,16.08,30.46%,18.50%,-,19.73%,26.36%,24.19,-2.18%,"2,726,463"
MMGNR,-,-,-,-,-,-,-,-,-,-,-,-,-,53.36,1.20%,"44,907"
MMGNX,258.07M,-,-,-,1.54,6.03,1.49,-,-48.37%,12.53%,13.74%,-24.06%,7.35%,4.06,-3.79%,"638,434"
MMGOV,-,-,-,-,-,-,-,-,-,-,-,-,-,19.88,-0.15%,"11,023"
MMGPI,383.10M,-,9.11,-,0.77,0.65,21.53,430.45,-42.04%,18.89%,-,-4.53%,6.28%,17.89,0.96%,"186,448"
MMGRC,2.96B,19.49,17.51,-,3.17,2.37,675.00,-,0.97%,7.79%,8.83%,-,10.52%,121.04,-1.01%,"116,710"
MMGRT,1.37B,5988.02,-,-,968.31,687.05,13750.00,-,-,-,-,-,-,100.00,-0.08%,"3,632"
MMGRX,11.41M,-,-,-,35.66,0.76,49.61,-,-,-,-244.95%,-,-,0.53,-1.03%,"1,905,102"
MMGTX,1.32B,19.51,-,-,3.33,6.02,9.24,126.31,122.03%,-647.64%,1.58%,-1.01%,39.22%,13.77,1.85%,"817,312"
MMGV,-,-,-,-,-,-,-,-,-,-,-,-,-,168.39,-0.27%,"172,019"
MMGX,46.09M,-,-,-,3.40,0.41,0.38,-,-5.63%,24.61%,-42.49%,7.06%,219.15%,1.22,-0.81%,"119,436"
MMGY,6.35B,11.74,8.79,0.41,4.29,2.29,21.45,18.04,64.20%,5.74%,-,21.47%,19.37%,26.79,2.10%,"2,523,732"
MMGYR,125.82M,10.46,-,-,2.02,0.99,-,9.09,-,-,38.39%,-,15.57%,19.49,0.98%,"3,802"
MMH,2.44B,26.34,6.15,4.21,1.15,3.10,12.62,7.27,-3.21%,5.17%,-,1.46%,-,12.77,-2.52%,"1,108,739"
MMHD,2.02B,37.23,-,-,38.55,0.90,-,-,-,-,-,-,-,11.54,-0.94%,"328,521"
MMHF,151.57M,17.95,-,-,22.81,0.99,-,-,-,-,-,-,-,6.82,-0.73%,"115,180"
MMHH,93.70M,44.60,8.08,-,0.53,1.02,2.63,9.79,-54.86%,196.92%,-42.69%,-,-0.28%,7.80,-1.02%,"19,149"
MMHIG,-,-,-,-,-,-,-,-,-,-,-,-,-,20.26,0.13%,35
MMHIP,-,-,-,-,-,-,-,-,-,-,-,-,-,20.93,0.03%,8
MMHK,9.17B,17.94,13.52,1.64,0.82,0.96,10.79,11.30,9.16%,2.31%,-3.87%,8.25%,2.46%,135.34,-3.40%,"1,053,093"
MMHM,-,-,-,-,-,-,-,-,-,-,-,-,-,-,-,0
MMHO,3.82B,12.73,10.56,-,0.90,1.18,5.19,20.22,-25.69%,17.55%,12.37%,-2.40%,7.69%,151.20,-0.60%,"174,368"
MMHX,-,-,-,-,-,-,-,-,-,-,-,-,-,14.44,11.12%,89
MMHY,-,-,-,-,-,-,-,-,-,-,-,-,-,25.83,-0.04%,397
MMI,1.87M,-,-,-,2.56,0.01,0.26,-,-,-,43.45%,-,-,8.11,0.00%,"13,400"
MMIACU,200.95M,-,-,-,-,-,-,-,-,-,-,-,-,9.97,0.00%,863
MMIAX,4.21B,54.62,22.20,5.80,2.87,3.64,5.23,16.73,-6.36%,12.07%,-20.10%,3.83%,24.70%,42.41,-2.55%,"843,609"
MMIC,-,-,-,-,-,-,-,-,-,-,-,-,-,15.13,8.64%,"58,564"
MMICC,11.64B,55.93,15.54,2.33,1.23,9.42,17.64,58.80,0.13%,10.52%,-,6.66%,-,19.01,-2.91%,"562,980"
MMID,-,-,-,-,-,-,-,-,-,-,-,-,-,70.29,-0.90%,"2,016"
MMIDD,5.20B,-,14.90,1.27,1.46,2.35,32.64,10.48,2.22%,11.78%,-,11.77%,4.96%,114.88,-2.57%,"1,009,495"
MMIDE,-,-,-,-,-,-,-,-,-,-,-,-,-,39.12,-0.46%,213
MMIDU,-,-,-,-,-,-,-,-,-,-,-,-,-,77.36,-0.63%,"25,316"
MMIG,-,-,-,-,-,-,-,-,-,-,-,-,-,20.86,-0.24%,"9,334"
MMIGO,-,-,-,-,-,-,-,-,-,-,-,-,-,30.65,0.05%,19
MMILK,-,-,-,-,-,-,-,-,-,-,-,-,-,24.08,-0.38%,785
MMILN,-,-,-,-,-,-,-,-,-,-,-,-,-,45.79,-2.06%,"5,841"
MMIMI,12.86M,-,-,-,44.34,10.87,107.15,-,-,-,-,-,-,1.82,-9.00%,"53,676"
MMIN,279.95M,25.65,-,-,23.89,0.93,21.19,-,-,-,-8.13%,-,-16.11%,2.46,-0.81%,"66,752"
MMIND,44.72M,28.18,7.24,-,1.05,1.08,2.53,-,-71.03%,750.00%,-,-,14.06%,4.92,4.02%,"219,310"
MMINE,198.06M,-,-,-,-,7.12,12.24,-,-,-,-13.69%,-,-,2.95,9.26%,"652,384"
MMINN,-,-,-,-,-,-,-,-,-,-,-,-,-,22.05,-0.37%,"4,320"
MMINO,-,-,-,-,-,-,-,-,-,-,-,-,-,44.81,-0.42%,"110,081"
MMINT,-,-,-,-,-,-,-,-,-,-,-,-,-,100.66,-0.01%,"1,561,743"
MMINV,-,-,-,-,-,-,-,-,-,-,-,-,-,51.51,1.99%,"6,353"
MMINY,-,-,-,-,-,-,-,-,-,-,-,-,-,39.28,0.77%,"2,504"
MMIR,3.92B,178.46,23.77,1.21,3.82,2.15,9.16,28.65,17.66%,22.34%,-,19.58%,-,15.74,-0.94%,"3,726,638"
MMIRA,33.20M,-,-,-,-,4.07,4.09,-,-,-,-211.56%,-,-,0.79,1.26%,"59,972"
MMIRM,6.48B,-,-,-,10.49,-,14.79,-,-3119.40%,94.97%,35.25%,-,-,99.83,-0.80%,"407,631"
MMISL,-,-,-,-,-,-,-,-,-,-,-,-,-,47.82,-0.44%,"126,837"
MMIST,136.95M,-,-,-,58.53,7.52,0.80,-,-11.33%,-1.80%,15.09%,30.43%,-,1.10,0.00%,"1,591,497"
MMITK,836.12M,39.74,15.70,1.09,4.22,3.34,8.39,17.20,21.68%,2.08%,0.40%,14.35%,12.14%,18.53,-4.63%,"800,514"
MMITQ,5.27M,-,-,-,0.28,1.08,2.23,-,-,-,-2.62%,-,2.09%,0.53,-3.64%,"28,655"
MMITT,214.67M,9.19,5.56,0.38,0.42,0.66,2.61,2.37,23.50%,14.29%,-,14.77%,-,6.75,-0.15%,"238,326"
MMIVL,-,-,-,-,-,-,-,-,-,-,-,-,-,26.66,-0.44%,51
MMIY,359.65M,36.50,-,-,13.65,1.00,-,-,-,-,-,-,-,12.41,-0.40%,"55,350"
MMJ,-,-,-,-,-,-,-,-,-,-,-,-,-,24.80,-0.76%,"53,802"
MMJSC,-,-,-,-,-,-,-,-,-,-,-,-,-,63.43,0.38%,92
MMJUN,-,-,-,-,-,-,-,-,-,-,-,-,-,32.95,-0.18%,15
MMKAM,-,-,-,-,-,-,-,-,-,-,-,-,-,32.46,-0.23%,38
MMKC,14.50B,8.98,16.37,2.47,1.96,2.07,43.77,14.21,2.90%,6.75%,1.08%,6.63%,4.08%,53.94,-1.34%,"3,204,303"
MMKDW,49.08M,-,-,-,16.20,9.39,4.66,-,-,-,-,-,-,11.69,0.00%,766
MMKL,22.29B,9.93,16.04,-,1.34,1.17,-,10.52,-13.75%,13.76%,24.92%,-2.34%,11.24%,1799.20,-2.60%,"51,520"
MMKLY,249.04M,58.26,-,-,-,1.43,241.79,-,-,-,-,-,-,10.23,0.10%,"6,121"
MMKOR,-,-,-,-,-,-,-,-,-,-,-,-,-,63.05,2.22%,"8,418"
MMKSI,21.69B,51.14,18.32,0.51,4.99,7.26,35.50,50.09,66.67%,33.27%,-7.20%,36.23%,11.03%,320.74,3.22%,"1,172,574"
MMKTN,-,-,-,-,-,-,-,-,-,-,-,-,-,27.33,0.18%,"25,097"
MMKTW,306.97M,22.10,7.96,2.33,0.97,-,9.33,6.69,-47.23%,100.63%,-,3.41%,-2.06%,19.46,0.36%,"9,684"
MMKTX,5.72B,19.16,18.77,2.06,6.56,4.62,17.87,39.99,7.47%,9.05%,-3.29%,9.13%,4.27%,162.56,-0.01%,"1,214,981"
MMKZR,3.51M,-,-,-,0.18,0.07,0.81,-,-,-,-14.21%,-,15.73%,1.56,-3.70%,"9,034"
MMLAA,489.31M,-,-,-,-,1.38,425.49,-,-,-,-,-,-,9.99,0.10%,"1,051"
MMLAB,602.34M,127.35,12.31,-,2.41,3.19,19.62,11.39,-33.54%,15.34%,13.55%,-,13.22%,107.64,1.51%,"139,567"
MMLCI,34.91M,-,20.13,-,-,0.57,0.43,-,93.08%,131.63%,-96.89%,-,-,3.12,-0.64%,"47,760"
MMLCO,2.08B,9.15,8.51,0.38,0.40,-,2.28,-,-1.12%,40.70%,-,22.34%,24.50%,5.47,-2.32%,"1,515,136"
MMLDR,-,-,-,-,-,-,-,-,-,-,-,-,-,48.12,-0.10%,13
MMLEC,6.23M,-,-,-,-,0.67,5.76,-,-,-,-583.54%,-,-,8.57,19.03%,"102,127"
MMLGO,52.61M,1.71,-,-,0.88,0.14,0.16,21.22,-,-,-,-,-,4.23,-1.86%,"15,777"
MMLI,14.74B,17.37,15.09,1.18,3.16,4.15,10.39,22.12,21.43%,6.00%,40.88%,12.78%,11.75%,66.63,1.11%,"908,902"
MMLKN,1.59B,17.64,9.85,-,0.41,1.19,9.48,20.49,8.60%,17.33%,-14.80%,-,9.28%,23.34,-2.06%,"449,638"
MMLM,32.36B,13.24,24.87,1.56,4.84,2.80,269.63,39.94,11.73%,18.63%,10.20%,15.90%,5.39%,538.66,-1.69%,"687,573"
MMLN,-,-,-,-,-,-,-,-,-,-,-,-,-,17.38,-0.46%,"81,313"
MMLP,317.44M,-,-,-,19.66,10.23,96.78,-,-,-,-31.80%,-,20.88%,15.98,4.58%,"43,234"
MMLPA,-,-,-,-,-,-,-,-,-,-,-,-,-,56.23,-0.48%,"161,980"
MMLPB,-,-,-,-,-,-,-,-,-,-,-,-,-,30.96,-0.39%,"4,051"
MMLPD,-,-,-,-,-,-,-,-,-,-,-,-,-,25.17,0.08%,"25,232"
MMLPI,-,-,-,-,-,-,-,-,-,-,-,-,-,54.99,-0.05%,"507,309"
MMLPR,-,-,-,-,-,-,-,-,-,-,-,-,-,77.15,-0.52%,307
MMLPX,-,-,-,-,-,-,-,-,-,-,-,-,-,75.00,-0.71%,"337,478"
MMLR,642.77M,45.68,19.66,1.00,0.83,1.53,11.55,5.70,-0.76%,46.56%,-5.40%,19.63%,3.94%,56.62,-0.42%,"116,061"
MMLSS,43.30M,-,-,-,4.60,12.48,20.92,-,42.86%,12.50%,9.75%,34.14%,10.54%,0.49,-1.43%,"423,859"
MMLTX,1.39B,-,-,-,-,3.19,2.59,-,0.42%,3.38%,-256.78%,6.73%,-,16.35,-0.73%,"1,200,485"
MMLYS,2.30B,-,-,-,-,4.18,3.48,-,-95.93%,45.88%,-101.68%,15.19%,-,26.05,1.60%,"802,252"
MMMA,10.46M,-,-,-,-,2.37,25.52,-,-,-,-,-,-,0.40,-2.92%,"53,508"
MMMAR,-,-,-,-,-,-,-,-,-,-,-,-,-,32.90,-0.15%,7
MMMAX,-,-,-,-,-,-,-,-,-,-,-,-,-,27.33,-0.02%,"4,517"
MMMAY,-,-,-,-,-,-,-,-,-,-,-,-,-,33.31,-0.12%,6
MMMCA,-,-,-,-,-,-,-,-,-,-,-,-,-,21.50,-0.16%,"29,802"
MMMD,281.50M,10.78,-,-,11.92,0.91,-,-,-,-,-,-,-,14.99,-0.27%,"42,136"
MMMED,5.48B,-,28.35,-,-,1.52,18.41,-,151.04%,4.61%,-,-,-,19.53,-3.08%,"1,516,423"
MMMI,1.18B,84.07,33.37,-,1.45,2.03,5.43,13.90,1120.00%,82.35%,-,-,1.05%,31.03,-1.74%,"122,573"
MMMID,-,-,-,-,-,-,-,-,-,-,-,-,-,27.71,-0.88%,"4,808"
MMMIN,-,-,-,-,-,-,-,-,-,-,-,-,-,23.63,-0.53%,"114,990"
MMMIT,-,-,-,-,-,-,-,-,-,-,-,-,-,24.01,-0.25%,"189,732"
MMMK,-,-,-,-,-,-,-,-,-,-,-,-,-,100.18,0.01%,28
MMMKT,-,-,-,-,-,-,-,-,-,-,-,-,-,100.21,0.02%,"6,738"
MMMLP,95.46M,-,-,-,0.13,-,1909.30,-,-,-,-16.68%,-,1.28%,2.44,1.67%,"2,179"
MMMM,92.94B,32.00,18.32,1.92,3.69,31.48,27.91,23.32,10.96%,10.00%,-8.50%,9.54%,-4.97%,180.21,-1.34%,"3,873,970"
MMMMA,-,-,-,-,-,-,-,-,-,-,-,-,-,25.07,-0.30%,199
MMMS,2.85B,8.04,6.51,0.77,0.54,1.64,18.60,6.58,8.83%,4.37%,10.21%,8.46%,9.43%,54.43,-1.54%,"427,806"
MMMSC,-,-,-,-,-,-,-,-,-,-,-,-,-,29.22,-0.20%,"1,871"
MMMSD,-,-,-,-,-,-,-,-,-,-,-,-,-,25.30,0.04%,"56,168"
MMMSI,5.36B,36.99,19.46,2.15,3.39,3.19,11.88,26.37,12.34%,7.19%,-,9.03%,9.46%,89.73,-1.13%,"728,270"
MMMT,518.49M,11.76,-,-,23.28,0.91,-,-,-,-,-,-,-,4.47,0.68%,"489,893"
MMMTM,-,-,-,-,-,-,-,-,-,-,-,-,-,311.37,0.25%,456
MMMTX,89.78M,3178.13,-,-,-,40.84,-,-,-,-,-,-,-,10.17,0.00%,"1,941"
MMMU,558.20M,10.76,-,-,14.46,0.93,-,-,-,-,-,-,-,10.22,0.00%,"90,630"
MMMYT,5.62B,179.49,57.71,0.90,5.29,-,7.23,-,10.79%,97.70%,-,64.34%,44.90%,59.70,-1.19%,"488,825"
MMNA,-,-,-,-,-,-,-,-,-,-,-,-,-,36.78,-0.20%,"37,634"
MMNBD,-,-,-,-,-,-,-,-,-,-,-,-,-,25.68,-0.31%,"9,047"
MMNDO,20.98M,6.46,-,-,1.08,0.87,1.56,6.28,-,-,-14.14%,-,-3.60%,1.03,0.98%,"40,385"
MMNDR,2.02M,-,-,-,0.36,0.15,0.75,-,-,-,-127.16%,-,31.71%,1.69,-2.31%,"3,136,929"
MMNDY,3.52B,35.52,12.47,0.57,2.58,5.70,3.28,11.13,24.23%,22.27%,-,21.83%,50.21%,83.33,-4.79%,"1,068,800"
MMNKD,1.25B,-,-,-,3.19,-,11.28,-,-1006.25%,100.00%,-,11.20%,39.89%,3.90,1.30%,"3,322,307"
MMNOV,64.97M,-,-,-,70.62,1.74,2.56,-,-9.72%,-44.30%,4.75%,-,-,1.32,0.76%,"67,361"
MMNPR,781.90M,-,-,-,-,5.98,5.82,-,-57.36%,13.65%,8.44%,-9.68%,-,116.49,3.05%,"171,114"
MMNR,2.12B,23.99,9.91,1.89,1.56,1.15,51.43,6.10,13.38%,3.62%,-,5.23%,-,12.69,-2.46%,"386,406"
MMNRO,361.41M,57.54,28.33,1.20,0.32,0.62,37.92,35.43,-71.43%,240.00%,-51.26%,23.61%,0.55%,11.56,0.70%,"1,300,273"
MMNRS,-,-,-,-,-,-,-,-,-,-,-,-,-,35.09,1.94%,"7,229"
MMNSB,175.25M,12.11,10.17,-,1.34,0.94,-,7.55,28.41%,7.08%,-1.06%,-,14.25%,24.61,-1.01%,"34,983"
MMNSO,3.28B,11.36,6.76,0.14,1.03,2.06,3.22,-,155.93%,6.95%,-,46.93%,16.85%,10.76,-8.81%,"1,807,576"
MMNST,89.18B,42.24,34.79,2.77,9.67,9.52,26.08,42.51,12.42%,13.00%,7.99%,12.54%,12.52%,45.52,-2.78%,"9,818,227"
MMNSX,-,-,-,-,-,-,-,-,-,-,-,-,-,22.92,-5.46%,301
MMNTK,266.18M,33.75,23.38,-,1.41,1.01,16.88,-,650.00%,6.67%,-17.74%,-,12.06%,1.87,-0.53%,"203,493"
MMNTN,932.05M,16.59,10.81,-,2.97,2.77,3.93,12.78,722.77%,42.32%,-,-,40.97%,12.46,-0.48%,"993,785"
MMNTS,103.01M,-,-,-,26.82,0.84,0.96,-,-,-,75.99%,-,24.91%,4.69,-3.10%,"1,204,002"
MMNVR,-,-,-,-,-,-,-,-,-,-,-,-,-,33.20,-0.05%,6
MMNVT,-,-,-,-,-,-,-,-,-,-,-,-,-,29.72,-1.56%,"9,716"
MMNY,39.88M,-,9.10,-,0.53,1.15,1.42,-,-20.00%,183.33%,36.96%,-,-,0.91,0.00%,"5,752"
MMNZL,-,-,-,-,-,-,-,-,-,-,-,-,-,61.16,0.24%,"13,962"
MMO,106.80B,13.47,10.87,2.72,5.22,-,45.12,11.72,4.90%,3.52%,11.40%,4.00%,-0.71%,63.96,-2.65%,"13,976,877"
MMOAT,-,-,-,-,-,-,-,-,-,-,-,-,-,111.91,-1.52%,"522,383"
MMOB,75.92M,-,17.68,-,22.60,8.32,3.97,-,86.75%,195.77%,-224.94%,-,18.78%,6.01,-1.48%,"449,602"
MMOBI,390.83M,-,-,-,-,2.26,2.21,-,94.61%,25.27%,-,65.81%,-,11.74,-0.17%,"98,126"
MMOBX,19.15M,-,-,-,2.70,1.50,7.48,-,-,-,-,-,-,1.26,-0.79%,"1,155,311"
MMOD,11.51B,81.68,19.38,0.42,3.41,9.58,120.55,114.89,52.27%,46.28%,-,45.64%,11.96%,216.75,3.46%,"1,631,134"
MMODD,14.27M,-,-,-,-,1.23,3.64,-,-,-,19.08%,-,-,2.37,-4.82%,"2,359,046"
MMODL,-,-,-,-,-,-,-,-,-,-,-,-,-,52.82,-0.38%,"43,819"
MMOG-A,14.11B,37.88,37.66,2.68,3.27,6.51,208.26,40.30,32.06%,3.05%,92.76%,14.03%,6.00%,445.38,0.95%,"250,900"
MMOGU,13.53M,-,-,-,0.77,0.21,0.32,-,-,-,-,-,-24.32%,1.89,-5.19%,"2,450"
MMOH,10.60B,-,20.89,2.94,0.24,2.53,-,39.11,-52.56%,85.70%,-4.51%,7.10%,18.68%,203.06,-4.41%,"618,003"
MMOLN,159.42M,-,-,-,-,1.87,1.63,-,15.80%,9.56%,5.73%,4.16%,-,4.25,0.95%,"1,545"
MMOMO,615.24M,9.01,6.08,0.66,0.43,0.54,0.50,7.01,27.14%,5.07%,-14.69%,9.27%,-7.90%,5.72,-0.52%,"411,038"
MMOO,-,-,-,-,-,-,-,-,-,-,-,-,-,81.19,-0.22%,"120,884"
MMOOD,-,-,-,-,-,-,-,-,-,-,-,-,-,44.51,-0.28%,"10,667"
MMORN,7.76B,19.60,14.83,0.80,3.02,7.58,14.81,15.59,24.91%,13.17%,11.37%,18.58%,11.97%,206.74,-0.32%,"275,509"
MMORT,-,-,-,-,-,-,-,-,-,-,-,-,-,9.92,-0.30%,"1,091,910"
MMOS,6.75B,-,13.85,-,0.55,0.59,22.72,-,-73.91%,158.82%,-0.60%,-5.34%,6.78%,21.23,-1.76%,"9,230,768"
MMOTG,-,-,-,-,-,-,-,-,-,-,-,-,-,41.01,-0.73%,110
MMOTI,-,-,-,-,-,-,-,-,-,-,-,-,-,36.55,-1.85%,"4,529"
MMOTO,-,-,-,-,-,-,-,-,-,-,-,-,-,64.80,1.36%,20
MMOV,558.79M,25.20,15.55,-,0.82,1.56,2.48,8.22,39.63%,21.81%,-,-,5.51%,35.43,-1.94%,"140,385"
MMOVE,280.78M,-,-,-,63.38,-,12.94,-,-,-,26.66%,-,-,10.16,-13.31%,"83,766"
MMP,10.42B,-,69.20,-,25.03,5.32,7.17,-,116.43%,2044.54%,-13.01%,-,15.45%,58.51,-0.39%,"5,738,995"
MMPA,143.61M,33.61,-,-,12.65,0.89,-,-,-,-,-,-,-,11.09,-0.27%,"44,250"
MMPAA,226.25M,-,6.32,0.23,0.29,0.89,10.57,-,90.31%,1.34%,-10.95%,28.10%,7.87%,11.95,-4.09%,"166,616"
MMPB,967.42M,13.54,9.90,-,2.50,1.07,-,11.09,10.93%,15.12%,-3.83%,-,22.76%,38.19,-0.64%,"120,284"
MMPC,100.59B,12.33,10.46,0.41,0.66,5.31,12.95,7.80,362.41%,-30.77%,-,25.68%,13.89%,358.18,0.78%,"3,043,642"
MMPDB,-,-,-,-,-,-,-,-,-,-,-,-,-,25.07,-0.44%,"2,266"
MMPDY,-,-,-,-,-,-,-,-,-,-,-,-,-,25.20,-1.16%,"9,179"
MMPG,-,-,-,-,-,-,-,-,-,-,-,-,-,5.94,-0.57%,"154,830"
MMPIA,-,-,-,-,-,-,-,-,-,-,-,-,-,25.37,-0.06%,"1,724"
MMPIM,-,-,-,-,-,-,-,-,-,-,-,-,-,25.14,-0.21%,"43,656"
MMPL,-,-,-,-,-,-,-,-,-,-,-,-,-,15.89,-1.00%,"52,135"
MMPLT,479.24M,-,-,-,-,1.47,1.57,-,73.48%,21.82%,-,40.05%,-,11.24,-4.30%,"620,532"
MMPLX,59.90B,12.72,12.32,6.32,4.98,4.27,58.10,17.96,-10.86%,11.65%,-,1.95%,6.80%,59.08,-0.67%,"1,105,743"
MMPLY,-,-,-,-,-,-,-,-,-,-,-,-,-,32.50,-0.43%,"1,394"
MMPRO,-,-,-,-,-,-,-,-,-,-,-,-,-,32.53,-0.43%,"18,526"
MMPT,2.42B,-,44.22,-,2.37,0.54,6.10,10.66,124.55%,-18.92%,-,-,-4.89%,4.05,-3.11%,"6,671,578"
MMPTI,382.71M,32.95,30.41,2.92,6.58,3.22,3.98,40.71,0.38%,13.53%,24.76%,10.42%,12.66%,88.05,-0.55%,"107,757"
MMPU,13.83M,-,-,-,0.53,0.76,1.90,-,-,-,32.78%,-,10.25%,0.20,-3.53%,"96,153"
MMPV,180.45M,13.62,-,-,10.35,1.10,-,-,-,-,-,-,-,16.75,2.89%,"50,188"
MMPWC,-,-,-,-,-,-,-,-,-,-,-,-,-,26.26,2.21%,38
MMPWR,69.59B,86.77,40.30,1.31,21.26,17.86,49.22,118.84,54.06%,28.36%,29.77%,30.80%,27.00%,1415.99,1.00%,"542,867"
MMPWX,-,-,-,-,-,-,-,-,-,-,-,-,-,16.79,2.24%,"6,432"
MMQ,1.62B,158.21,30.43,-,2.39,2.26,1.68,9.66,285.11%,129.64%,19.44%,-,16.57%,15.52,-4.99%,"797,175"
MMQQQ,-,-,-,-,-,-,-,-,-,-,-,-,-,236.52,-0.21%,"203,391"
MMQY,1.69B,36.26,-,-,24.23,0.90,-,-,-,-,-,-,-,11.24,-0.62%,"307,218"
MMRA,-,-,-,-,-,-,-,-,-,-,-,-,-,19.59,5.02%,896
MMRAL,-,-,-,-,-,-,-,-,-,-,-,-,-,30.08,10.50%,"113,806"
MMRAM,483.35M,-,152.69,-,7.74,6.59,11.01,-,-266.67%,218.18%,43.54%,-,5.60%,19.85,5.14%,"1,975,250"
MMRAX,-,-,-,-,-,-,-,-,-,-,-,-,-,37.85,10.58%,"23,901"
MMRBK,238.94M,10.95,8.36,-,1.17,1.17,-,12.83,-8.47%,38.44%,-2.40%,-,7.79%,20.03,-0.25%,"56,280"
MMRCO,-,-,-,-,-,-,-,-,-,-,-,-,-,9.89,-,"46,314"
MMRCOU,150.23M,-,-,-,-,-,-,-,-,-,-,-,-,10.02,-0.15%,"20,111"
MMRCP,-,-,-,-,-,-,-,-,-,-,-,-,-,35.09,-0.14%,88
MMRCY,6.81B,-,75.04,1.51,7.04,4.56,20.51,96.77,67.83%,40.64%,-,49.74%,2.74%,113.36,2.02%,"1,182,052"
MMRDN,181.56M,-,12.46,-,0.92,3.64,10.27,9.45,109.41%,57.53%,-,-,103.63%,14.33,0.28%,"133,699"
MMREO,49.12M,-,-,-,-,1.71,1.63,-,36.00%,-6.25%,38.96%,-11.87%,-,0.31,-3.51%,"1,449,724"
MMRGR,-,-,-,-,-,-,-,-,-,-,-,-,-,45.59,-0.03%,176
MMRK,335.46B,108.68,14.22,2.54,5.06,8.00,46.71,20.88,-69.38%,247.66%,21.23%,5.59%,9.34%,135.97,0.10%,"8,477,595"
MMRKR,19.34M,-,-,-,8.27,1.59,1.62,-,16.46%,-55.56%,33.49%,-,50.02%,1.16,1.75%,"42,932"
MMRLN,341.21M,-,-,-,106.63,-,1.86,-,-338.64%,54.61%,-,-25.22%,-,3.54,-5.86%,"1,439,653"
MMRM,8.53M,2.95,-,-,0.16,5.08,31.60,-,-,-,-,-,-33.60%,1.08,0.93%,"11,673"
MMRNA,25.73B,-,-,-,11.55,3.80,5.01,-,-17.04%,42.55%,-29.93%,27.26%,19.33%,64.46,1.80%,"3,979,550"
MMRNO,17.29M,-,-,-,-,-,-,-,-,-,-363.74%,-,-,0.22,-6.99%,"527,690"
MMRNX,-,-,-,-,-,-,-,-,-,-,-,-,-,32.88,3.91%,"32,180"
MMRNY,-,-,-,-,-,-,-,-,-,-,-,-,-,15.88,1.28%,"117,755"
MMRP,4.65B,10.52,9.26,-,6.12,0.86,136.13,0.89,27.32%,4.83%,-,-,-,30.16,-0.56%,"1,232,133"
MMRSH,87.91B,22.54,16.16,1.88,3.14,5.80,51.71,18.44,7.15%,9.12%,16.42%,8.58%,9.45%,184.21,-1.92%,"1,337,906"
MMRSK,-,-,-,-,-,-,-,-,-,-,-,-,-,39.91,-0.27%,"20,980"
MMRT,158.32M,-,-,-,4.03,-,33.19,-,53.77%,77.55%,-83.53%,-,-,1.84,2.22%,"14,422"
MMRTN,1.25B,98.52,23.25,-,1.45,1.63,11.44,1154.60,42.86%,118.89%,-23.85%,-,0.21%,15.27,0.39%,"427,985"
MMRVI,1.47B,-,-,-,7.06,4.13,20.90,-,64.63%,18.25%,-,44.37%,-8.15%,5.68,-0.35%,"2,150,059"
MMRVL,205.22B,80.07,37.43,0.78,23.54,11.26,53.39,123.22,42.85%,54.32%,-,47.81%,22.51%,234.33,5.54%,"21,113,501"
MMRVU,-,-,-,-,-,-,-,-,-,-,-,-,-,125.16,11.32%,"170,540"
MMRVX,-,-,-,-,-,-,-,-,-,-,-,-,-,26.42,11.62%,"9,951"
MMRX,5.14B,13.32,10.58,0.43,1.17,2.72,0.24,-,51.16%,11.99%,51.48%,24.53%,43.68%,71.45,0.55%,"647,984"
MMS,342.71B,17.63,15.98,1.22,2.66,3.22,-,8.00,26.31%,5.91%,9.56%,13.09%,17.76%,218.21,0.39%,"3,397,633"
MMSA,7.30B,23.52,18.89,1.81,3.75,5.22,36.25,20.59,15.78%,9.06%,17.57%,10.42%,6.82%,189.14,0.01%,"187,250"
MMSAI,11.95M,-,-,-,1.91,0.42,0.57,-,-,-,-83.75%,-,-,5.42,3.83%,"16,830"
MMSB,303.47M,26.80,-,-,20.18,16.55,14.96,23.60,-,-,-9.94%,-,-7.55%,23.13,0.74%,"29,420"
MMSBI,691.46M,21.39,9.80,-,1.59,1.50,-,5.94,154.46%,1.67%,-,-,8.17%,33.32,-0.18%,"204,540"
MMSBT,-,-,-,-,-,-,-,-,-,-,-,-,-,18.43,2.16%,"394,193"
MMSC,350.51M,-,-,-,0.51,0.79,2.97,-,-,-,41.26%,-,69.80%,1.82,1.11%,"16,459"
MMSCI,40.03B,30.12,24.50,1.76,12.01,-,112.33,25.37,14.13%,13.98%,17.11%,13.94%,13.08%,550.68,-3.24%,"634,221"
MMSD,147.28M,6.93,-,-,11.07,0.93,-,-,-,-,-,-,-,7.28,-0.55%,"47,517"
MMSDL,1.29B,22.20,8.48,-,3.78,0.79,16.11,9.29,-10.18%,0.32%,-10.38%,-4.89%,74.30%,15.36,-0.65%,"697,010"
MMSEP,-,-,-,-,-,-,-,-,-,-,-,-,-,32.71,-0.00%,6
MMSEX,1.09B,22.40,20.87,2.84,5.30,2.10,607.40,-,12.99%,4.25%,1.54%,7.36%,6.58%,58.02,-1.21%,"163,520"
MMSFC,-,-,-,-,-,-,-,-,-,-,-,-,-,44.24,-5.96%,87
MMSFD,-,-,-,-,-,-,-,-,-,-,-,-,-,10.71,2.98%,"1,750,191"
MMSFL,-,-,-,-,-,-,-,-,-,-,-,-,-,23.42,-5.91%,"559,613"
MMSFO,-,-,-,-,-,-,-,-,-,-,-,-,-,12.25,-2.08%,"209,048"
MMSFT,3566.86B,26.77,20.43,1.11,10.75,8.06,46.42,53.25,14.03%,19.29%,17.38%,18.35%,14.57%,480.35,-3.04%,"29,635,848"
MMSFU,-,-,-,-,-,-,-,-,-,-,-,-,-,35.22,-5.95%,"3,329,207"
MMSFW,-,-,-,-,-,-,-,-,-,-,-,-,-,31.36,-4.39%,"20,174"
MMSFX,-,-,-,-,-,-,-,-,-,-,-,-,-,23.25,-6.19%,"119,206"
MMSFY,-,-,-,-,-,-,-,-,-,-,-,-,-,19.52,-3.54%,"19,642"
MMSGE,4.01B,61.59,30.76,0.75,3.78,87.69,13.65,12.42,72.64%,15.79%,-,40.97%,66.94%,84.86,-0.68%,"477,275"
MMSGM,18.91M,9.01,16.87,-,1.30,4.17,4.79,2.90,-,-,-,-,-9.92%,3.88,-12.61%,"244,027"
MMSGS,9.92B,1324.99,-,-,8.60,-,60.29,171.62,-379.81%,-77.34%,-,27.02%,22.65%,411.94,1.17%,"246,801"
MMSGY,5.75M,-,-,-,1.90,5.38,143.63,-,-,-,-,-,-,2.71,-1.45%,"133,449"
MMSI,75.64B,36.00,23.91,2.17,6.18,28.31,106.54,28.26,15.12%,7.96%,18.67%,11.03%,9.52%,457.08,-2.02%,"825,835"
MMSIF,553.66M,5.72,8.39,5.18,3.54,0.74,19.74,11.43,-6.29%,5.62%,-,1.62%,30.65%,12.21,-1.85%,"250,115"
MMSIX,-,-,-,-,-,-,-,-,-,-,-,-,-,33.56,-3.65%,"2,221"
MMSLC,-,-,-,-,-,-,-,-,-,-,-,-,-,61.16,-0.47%,"54,058"
MMSLE,207.05M,-,-,-,-,3.46,3.35,-,-36.76%,1.63%,36.03%,-9.33%,-,9.94,3.43%,"11,041"
MMSM,6.96B,30.15,22.97,1.25,1.78,4.90,93.92,31.64,22.70%,17.59%,-4.60%,18.36%,3.38%,124.60,0.63%,"664,619"
MMSMR,-,-,-,-,-,-,-,-,-,-,-,-,-,35.14,-0.15%,"19,186"
MMSN,7.80M,-,-,-,1.37,0.59,0.68,-,-,-,-1.58%,-,-3.25%,0.37,-1.33%,"10,367"
MMSOL,-,-,-,-,-,-,-,-,-,-,-,-,-,20.55,1.03%,"4,872"
MMSOS,-,-,-,-,-,-,-,-,-,-,-,-,-,4.54,-1.94%,"2,741,530"
MMSOX,-,-,-,-,-,-,-,-,-,-,-,-,-,2.53,-4.17%,"875,473"
MMSR,-,-,-,-,-,-,-,-,-,-,-,-,-,14.51,2.00%,11
MMSS,1.25M,-,1.13,-,0.01,0.09,0.82,-,104.97%,-5.15%,3.91%,-,31.78%,1.46,1.39%,"148,040"
MMSSE,-,-,-,-,-,-,-,-,-,-,-,-,-,20.52,1.51%,"7,147"
MMSSM,-,-,-,-,-,-,-,-,-,-,-,-,-,61.71,-0.38%,"7,978"
MMSSS,-,-,-,-,-,-,-,-,-,-,-,-,-,36.78,-1.01%,"9,220"
MMSST,-,-,-,-,-,-,-,-,-,-,-,-,-,23.00,4.35%,"1,475"
MMST,-,-,-,-,-,-,-,-,-,-,-,-,-,8.25,7.47%,"101,335"
MMSTB,-,-,-,-,-,-,-,-,-,-,-,-,-,44.37,-0.43%,"4,076"
MMSTC,-,-,-,-,-,-,-,-,-,-,-,-,-,30.24,9.76%,229
MMSTI,-,-,-,-,-,-,-,-,-,-,-,-,-,20.18,0.01%,"1,503"
MMSTP,-,-,-,-,-,-,-,-,-,-,-,-,-,13.19,9.83%,"15,488"
MMSTQ,-,-,-,-,-,-,-,-,-,-,-,-,-,39.58,-0.12%,"1,285"
MMSTR,37.53B,-,13.19,-,75.31,1.18,15.32,-,-37.33%,135.40%,-187.39%,-,-0.15%,97.68,4.99%,"20,353,416"
MMSTU,-,-,-,-,-,-,-,-,-,-,-,-,-,1.88,9.30%,"119,540,723"
MMSTW,-,-,-,-,-,-,-,-,-,-,-,-,-,3.20,3.73%,"690,002"
MMSTX,-,-,-,-,-,-,-,-,-,-,-,-,-,8.59,9.85%,"6,574,751"
MMSTY,-,-,-,-,-,-,-,-,-,-,-,-,-,12.43,4.19%,"1,726,590"
MMSTZ,-,-,-,-,-,-,-,-,-,-,-,-,-,10.62,-9.73%,"9,491,594"
MMT,55.65B,31.08,10.54,0.46,0.89,1.02,11.36,-,7.05%,59.12%,-,22.86%,2.79%,73.80,-0.08%,"1,131,470"
MMTA,929.73M,-,66.25,-,59.56,3.64,87.13,494.54,228.15%,211.30%,26.62%,-,39.21%,9.95,2.05%,"866,818"
MMTAKU,211.60M,-,-,-,-,35625.00,-,-,-,-,-,-,-,9.98,0.05%,"3,302"
MMTAL,313.11M,-,-,-,-,1.14,136.13,-,-,-,-,-,-,10.21,0.29%,"20,735"
MMTAW,-,-,-,-,-,-,-,-,-,-,-,-,-,25.29,0.02%,"9,573"
MMTB,36.52B,13.35,12.00,1.10,2.76,1.44,-,10.08,13.57%,9.13%,11.33%,10.93%,16.66%,252.86,-0.48%,"917,635"
MMTBA,-,-,-,-,-,-,-,-,-,-,-,-,-,48.67,-0.12%,"132,929"
MMTC,288.80M,-,-,-,-,22.28,44.36,-,-,-,39.09%,-,-,2.90,0.69%,"6,211"
MMTCH,8.54B,13.14,11.45,0.78,2.43,-,14.63,7.49,16.96%,16.78%,2.63%,14.60%,7.84%,37.22,-1.92%,"2,098,056"
MMTD,28.40B,31.90,27.46,2.64,6.87,2214.79,552.75,32.87,10.76%,9.08%,11.04%,10.40%,5.47%,1417.42,-0.11%,"107,667"
MMTDR,6.92B,9.61,6.96,0.57,1.80,1.17,76.14,-,29.57%,7.76%,-,12.31%,33.72%,55.94,4.19%,"2,503,218"
MMTEK,11.35M,-,-,-,8.47,15.70,4.45,-,-,-,-50.23%,-,6.31%,1.17,-5.65%,"93,850"
MMTEN,8.57M,-,-,-,5.29,0.04,37.24,-,-,-,-,-,20.52%,1.12,-8.20%,"471,040"
MMTEX,12.54M,-,-,-,0.12,-,2.01,7.84,-,-,-,-,-6.53%,6.50,4.00%,"6,003"
MMTG,6.38B,9.72,9.17,4.47,5.34,1.28,-,9.03,2.14%,5.82%,19.50%,2.05%,0.24%,31.11,-0.16%,"1,637,849"
MMTGP,-,-,-,-,-,-,-,-,-,-,-,-,-,43.75,0.04%,"7,382"
MMTH,4.71B,15.10,11.96,1.77,0.87,0.93,5.83,11.34,-21.81%,21.64%,2.91%,6.76%,5.41%,72.23,-1.16%,"465,617"
MMTLS,394.11M,33.85,-,-,1.27,2.69,2.57,45.40,-,-,-,-,9.22%,6.73,-2.75%,"63,471"
MMTN,5.22B,33.31,23.35,-,1.84,9.47,13.49,30.10,-42.63%,45.33%,25.47%,-1.71%,8.59%,146.60,-1.15%,"555,212"
MMTNB,3.27M,-,-,-,-,0.79,4.03,-,-,-,19.44%,-,-,0.22,-5.04%,"616,941"
MMTNE,284.98M,-,-,-,-,1.41,196.54,-,-,-,-,-,-,9.87,0.00%,7
MMTNE-U,288.99M,-,-,-,-,1.43,199.30,-,-,-,-,-,-,10.01,0.00%,0
MMTR,5.15M,15.58,-,-,9.36,1.63,2.49,-,-,-,-4.45%,-,-4.01%,2.76,-4.53%,"14,194"
MMTRA,-,-,-,-,-,-,-,-,-,-,-,-,-,27.42,0.10%,13
MMTRN,6.00B,67.06,35.11,-,2.86,6.03,299.94,185.28,25.95%,19.63%,36.67%,-,8.72%,287.79,1.64%,"232,620"
MMTRX,337.04M,-,17.24,-,0.40,2.42,1.45,6.75,103.30%,1885.71%,3.11%,-,-6.92%,11.98,0.59%,"125,570"
MMTSG,-,-,-,-,-,-,-,-,-,-,-,-,-,9.04,7.14%,"9,677"
MMTSI,25.01B,105.34,38.62,0.92,21.49,16.23,37.73,122.57,58.85%,53.86%,-1.16%,42.12%,12.78%,327.53,3.50%,"1,122,423"
MMTUL,-,-,-,-,-,-,-,-,-,-,-,-,-,57.52,-0.96%,"3,847"
MMTUM,-,-,-,-,-,-,-,-,-,-,-,-,-,322.07,1.53%,"1,221,566"
MMTUS,913.13M,124.53,16.63,-,0.75,1.32,8.41,-,131.76%,54.52%,53.91%,-,6.87%,22.03,1.01%,"250,066"
MMTVA,9.75M,-,-,-,-,1.43,0.77,-,66.08%,4.81%,72.69%,39.10%,-,1.48,-0.67%,"59,056"
MMTW,728.09M,36.70,22.04,0.71,0.31,1.04,7.60,10.49,186.56%,-0.11%,-,31.04%,9.20%,20.19,-2.37%,"366,623"
MMTX,2.25B,-,10.33,-,1.05,1.46,6.51,18.73,9.51%,15.84%,-,-,5.38%,72.37,-0.84%,"115,346"
MMTYY,-,-,-,-,-,-,-,-,-,-,-,-,-,17.75,0.80%,"1,551"
MMTZ,24.29B,48.18,24.11,0.68,1.51,6.88,76.96,99.23,42.63%,34.31%,2.97%,35.55%,17.73%,302.48,1.64%,"1,789,650"
MMU,1142.66B,22.90,6.55,0.04,12.66,11.34,43.87,43.66,783.11%,111.06%,26.19%,172.75%,11.76%,1011.75,4.13%,"33,430,506"
MMUA,508.08M,32.55,-,-,15.91,0.89,-,-,-,-,-,-,-,10.09,-1.37%,"336,805"
MMUB,-,-,-,-,-,-,-,-,-,-,-,-,-,105.56,-0.28%,"5,380,657"
MMUC,1.34B,46.48,-,-,15.60,0.91,-,-,-,-,-,-,-,10.69,-0.65%,"372,492"
MMUD,-,-,-,-,-,-,-,-,-,-,-,-,-,9.95,-4.14%,"7,367,452"
MMUFG,259.22B,15.01,13.28,1.16,3.00,1.86,-,-,16.82%,10.65%,19.92%,11.45%,11.04%,23.03,-0.13%,"3,075,982"
MMUIB,-,-,-,-,-,-,-,-,-,-,-,-,-,31.27,4.34%,"7,510"
MMUJ,650.99M,26.61,-,-,13.22,0.97,-,-,-,-,-,-,-,12.24,-0.65%,"107,651"
MMULL,-,-,-,-,-,-,-,-,-,-,-,-,-,24.42,7.96%,"5,835,077"
MMULT,-,-,-,-,-,-,-,-,-,-,-,-,-,24.98,-0.09%,10
MMUNA,-,-,-,-,-,-,-,-,-,-,-,-,-,99.83,0.04%,969
MMUNB,-,-,-,-,-,-,-,-,-,-,-,-,-,100.17,-0.14%,12
MMUNC,-,-,-,-,-,-,-,-,-,-,-,-,-,100.88,-0.21%,6
MMUND,-,-,-,-,-,-,-,-,-,-,-,-,-,101.08,-0.34%,12
MMUNI,-,-,-,-,-,-,-,-,-,-,-,-,-,51.76,-0.31%,"275,958"
MMUNX,-,-,-,-,-,-,-,-,-,-,-,-,-,24.71,-0.34%,252
MMUNY,-,-,-,-,-,-,-,-,-,-,-,-,-,101.99,-0.36%,"55,524"
MMUR,4.99B,17.26,11.94,0.36,1.67,0.95,10.32,16.30,115.72%,-1.33%,-,33.42%,8.96%,34.82,0.72%,"2,427,339"
MMUSA,10.77B,17.84,18.96,1.91,0.50,13.76,61.41,19.89,40.24%,-11.45%,13.01%,9.95%,11.47%,586.06,2.98%,"212,032"
MMUSE,-,-,-,-,-,-,-,-,-,-,-,-,-,49.72,0.18%,625
MMUSI,-,-,-,-,-,-,-,-,-,-,-,-,-,43.10,-0.14%,"13,007"
MMUSQ,-,-,-,-,-,-,-,-,-,-,-,-,-,25.31,-1.16%,517
MMUST,-,-,-,-,-,-,-,-,-,-,-,-,-,20.42,0.25%,"66,952"
MMUU,-,-,-,-,-,-,-,-,-,-,-,-,-,35.01,8.09%,"40,321,373"
MMUX,1.16B,16.12,8.15,0.10,4.66,1.59,12.61,182.43,60.74%,143.93%,-,84.26%,13.52%,18.85,0.27%,"989,094"
MMUYY,-,-,-,-,-,-,-,-,-,-,-,-,-,19.95,0.54%,"29,871"
MMUZ,-,-,-,-,-,-,-,-,-,-,-,-,-,8.56,-7.96%,"10,654,003"
MMUZE,272.79M,-,-,-,-,1.38,324.75,-,-,-,-,-,-,9.99,0.00%,8
MMVAL,-,-,-,-,-,-,-,-,-,-,-,-,-,38.89,-1.58%,102
MMVBF,397.97M,10.36,12.21,-,2.01,1.15,-,-,-3.40%,26.30%,-7.63%,-,8.17%,30.69,-0.07%,"51,196"
MMVFD,-,-,-,-,-,-,-,-,-,-,-,-,-,31.65,0.24%,"1,276"
MMVFG,-,-,-,-,-,-,-,-,-,-,-,-,-,35.70,-0.44%,"16,587"
MMVIS,50.91M,-,-,-,17.74,2.42,1.84,-,-,-,-80.95%,-,-13.54%,2.14,-4.25%,"1,910,327"
MMVLL,-,-,-,-,-,-,-,-,-,-,-,-,-,30.76,11.09%,"3,983,437"
MMVPA,-,-,-,-,-,-,-,-,-,-,-,-,-,37.04,-0.11%,"4,088"
MMVPL,-,-,-,-,-,-,-,-,-,-,-,-,-,44.96,-0.96%,"6,302"
MMVRL,-,-,-,-,-,-,-,-,-,-,-,-,-,13.20,-0.47%,"2,352"
MMVST,310.47M,-,8.97,0.25,0.84,0.57,2.17,214.12,-200.00%,325.00%,35.68%,35.72%,31.79%,0.81,-3.71%,"6,565,941"
MMVV,-,-,-,-,-,-,-,-,-,-,-,-,-,94.38,-0.43%,"2,937"
MMWA,3.93B,17.83,15.66,2.03,2.66,3.51,7.94,21.89,19.77%,2.50%,21.80%,7.70%,8.20%,25.18,-1.41%,"1,166,757"
MMWC,78.43M,7.09,-,-,0.54,1.38,1.48,6.62,-,-,-,-,-,1.32,-4.69%,"231,784"
MMWG,6.35M,-,-,-,0.19,3.73,4.04,1.58,-,-,-,-,9.60%,1.28,-0.78%,"1,193"
MMWH,6.35B,-,19.07,0.59,-,12.85,17.45,-,36.52%,53.55%,-,32.39%,-,31.55,-1.41%,"2,210,848"
MMWHS,-,-,-,-,-,-,-,-,-,-,-,-,-,18.12,0.26%,844
MMWYN,20.80M,-,-,-,3.18,8.06,138.65,-,-,-,-,-,-,1.03,-0.96%,"60,524"
MMX,132.16M,-,-,-,0.74,0.58,1.50,-,-,-,-,-,-18.67%,3.62,-4.99%,"512,208"
MMXC,18.44M,11.88,-,-,2.74,0.91,14.29,-,-,-,52.70%,-,18.58%,9.01,-3.22%,"68,459"
MMXCT,136.23M,-,-,-,4.39,0.88,1.29,-,33.73%,6.59%,-19.78%,21.91%,4.76%,1.32,0.00%,"703,255"
MMXE,58.96M,2.72,-,-,27.36,0.84,-,-,-,-,-,-,-,13.40,0.00%,29
MMXF,308.73M,3.34,-,-,23.21,0.87,-,-,-,-,-,-,-,21.41,-0.42%,"15,632"
MMXI,-,-,-,-,-,-,-,-,-,-,-,-,-,111.70,0.36%,"9,503"
MMXL,7.69B,-,31.44,0.26,13.51,15.85,115.93,2322.40,464.52%,54.03%,-3.21%,120.20%,-0.46%,84.76,-0.09%,"2,835,417"
MMXLL,-,-,-,-,-,-,-,-,-,-,-,-,-,22.69,0.66%,"24,953"
MMYCF,-,-,-,-,-,-,-,-,-,-,-,-,-,25.04,-0.02%,"8,354"
MMYCG,-,-,-,-,-,-,-,-,-,-,-,-,-,24.95,0.02%,"2,453"
MMYCH,-,-,-,-,-,-,-,-,-,-,-,-,-,24.85,-0.04%,"104,572"
MMYCI,-,-,-,-,-,-,-,-,-,-,-,-,-,24.67,-0.08%,"5,322"
MMYCJ,-,-,-,-,-,-,-,-,-,-,-,-,-,24.46,-0.08%,"4,824"
MMYCK,-,-,-,-,-,-,-,-,-,-,-,-,-,24.55,-0.08%,"2,111"
MMYCL,-,-,-,-,-,-,-,-,-,-,-,-,-,24.35,-0.14%,"1,548"
MMYCM,-,-,-,-,-,-,-,-,-,-,-,-,-,24.20,-0.23%,"1,851"
MMYCN,-,-,-,-,-,-,-,-,-,-,-,-,-,23.99,-0.29%,232
MMYCO,-,-,-,-,-,-,-,-,-,-,-,-,-,23.90,-0.33%,282
MMYE,1.24B,34.03,16.52,0.66,1.65,4.05,26.09,13.54,69.09%,7.53%,-1.90%,25.03%,10.10%,33.04,0.12%,"208,996"
MMYFW,308.77M,16.98,11.80,-,1.59,1.10,-,13.54,79.63%,10.52%,-15.32%,-,12.21%,31.62,-0.28%,"106,879"
MMYGN,291.73M,-,-,-,0.36,0.96,2.53,-,-1256.25%,23.28%,-8.03%,-,5.24%,3.05,0.66%,"1,387,825"
MMYHA,-,-,-,-,-,-,-,-,-,-,-,-,-,24.92,-0.04%,12
MMYHB,-,-,-,-,-,-,-,-,-,-,-,-,-,24.98,-0.02%,8
MMYHC,-,-,-,-,-,-,-,-,-,-,-,-,-,25.06,-0.16%,38
MMYHD,-,-,-,-,-,-,-,-,-,-,-,-,-,25.08,0.19%,"6,635"
MMYHE,-,-,-,-,-,-,-,-,-,-,-,-,-,25.04,0.61%,"6,689"
MMYI,1.32B,28.34,-,-,21.36,0.91,-,-,-,-,-,-,-,10.77,-0.55%,"307,806"
MMYLD,-,-,-,-,-,-,-,-,-,-,-,-,-,33.60,-0.63%,"3,523"
MMYMF,-,-,-,-,-,-,-,-,-,-,-,-,-,24.83,0.00%,9
MMYMG,-,-,-,-,-,-,-,-,-,-,-,-,-,24.60,-0.02%,18
MMYMH,-,-,-,-,-,-,-,-,-,-,-,-,-,24.44,-0.10%,7
MMYMI,-,-,-,-,-,-,-,-,-,-,-,-,-,24.58,-0.08%,42
MMYMJ,-,-,-,-,-,-,-,-,-,-,-,-,-,24.67,-0.12%,6
MMYMK,-,-,-,-,-,-,-,-,-,-,-,-,-,24.83,-0.12%,8
MMYN,918.65M,61.00,-,-,28.98,0.90,-,-,-,-,-,-,-,9.76,-0.81%,"176,228"
MMYND,20.34M,-,-,-,0.12,-,1.10,-,-,-,38.31%,-,8.91%,0.44,12.82%,"85,968"
MMYO,62.19M,-,-,-,1.44,10.65,4.62,-,14.05%,23.27%,36.74%,21.35%,40.10%,1.57,-8.72%,"860,939"
MMYPS,66.19M,-,-,-,0.29,0.31,0.64,3.67,-9.07%,35.79%,-,11.35%,-2.72%,0.52,-1.88%,"369,879"
MMYRG,5.31B,32.33,23.59,0.72,1.32,7.03,38.48,27.44,61.99%,18.44%,16.70%,32.83%,10.23%,340.78,1.91%,"232,711"
MMYSE,13.69M,-,-,-,-,3.17,3.48,-,-,-,-18.14%,-,-,2.67,0.38%,"62,479"
MMYSZ,2.24M,-,-,-,0.20,6.32,3.15,-,-,-,61.56%,-,131.11%,3.08,3.70%,"8,906,703"
MMYX,144.65M,190.63,-,-,-,1.39,466.61,-,-,-,-,-,-,9.97,0.00%,514
MMYY,-,-,-,-,-,-,-,-,-,-,-,-,-,14.78,0.20%,"1,475"
MMZTI,3.15B,17.95,15.94,4.87,1.62,3.01,14.41,12.69,0.37%,6.75%,4.08%,3.27%,7.43%,114.76,-1.11%,"283,867"
MMZYX,373.12M,-,-,-,-,1.28,305.84,-,-,-,-,-,-,9.95,0.00%,"1,287"
MMZZ,-,-,-,-,-,-,-,-,-,-,-,-,-,5.59,0.39%,"2,051"
NNA,44.80M,2.39,-,-,11.88,0.42,8.68,-,-,-,-,-,64.90%,1.93,3.21%,"12,691"
NNAAS,56.24M,-,-,-,-,-,5.39,-,-,-,48.32%,-,-,3.38,0.90%,"17,047"
NNABL,617.73M,-,7.57,1.02,1.16,0.77,5.33,8.73,-0.32%,11.18%,-34.58%,7.40%,10.93%,3.27,-4.94%,"2,508,878"
NNAC,1.84B,-,-,-,13.66,0.98,-,-,-,-,-,-,-,11.74,-1.18%,"398,254"
NNACP,-,-,-,-,-,-,-,-,-,-,-,-,-,60.77,-0.36%,"1,070"
NNAD,2.75B,14.87,-,-,12.01,0.98,-,-,-,-,-,-,-,11.75,-1.01%,"622,703"
NNAGE,240.54M,16.15,19.62,2.54,1.86,2.91,3.60,42.80,-27.90%,7.46%,-,7.72%,16.91%,3.04,0.66%,"621,966"
NNAII,12.86M,-,-,-,0.09,0.20,1.40,-,-,-,-56.18%,-,2.21%,2.05,0.49%,"20,093"
NNAIL,-,-,-,-,-,-,-,-,-,-,-,-,-,40.62,-2.80%,"963,866"
NNAK,905.01M,-,-,-,-,111.96,24.24,-,99.94%,-36847.44%,-6.38%,45.85%,-,1.61,-0.62%,"2,575,556"
NNAKA,90.01M,-,-,-,2.29,0.38,4.72,-,32.24%,89.88%,-,-,-7.65%,5.03,2.03%,"95,331"
NNAMI,9.73M,-,-,-,0.17,0.81,0.86,-,-,-,0.44%,-,10.55%,3.08,-2.84%,"53,000"
NNAMM,76.52M,-,-,-,-,-,-,-,-,-,-,-,-,1.37,2.24%,"287,759"
NNAMS,3.22B,-,-,-,451.62,5.01,5.06,-,-10.09%,17.44%,-,39.72%,-,26.90,-0.30%,"834,973"
NNAN,371.21M,31.28,-,-,13.01,0.97,-,-,-,-,-,-,-,11.26,-0.79%,"55,525"
NNANC,-,-,-,-,-,-,-,-,-,-,-,-,-,52.10,-0.53%,"24,223"
NNANR,-,-,-,-,-,-,-,-,-,-,-,-,-,87.04,1.04%,"26,852"
NNAPR,-,-,-,-,-,-,-,-,-,-,-,-,-,60.14,0.01%,"1,498"
NNASA,-,-,-,-,-,-,-,-,-,-,-,-,-,26.78,1.52%,"954,098"
NNAT,1.44B,26.59,22.48,1.00,4.32,3.17,17.80,-,1044.45%,-55.83%,-29.59%,22.39%,-3.83%,6.82,1.64%,"2,179,033"
NNATH,399.52M,20.20,-,-,2.36,-,16.18,20.94,-,-,12.53%,-,16.40%,97.50,0.55%,"35,200"
NNATL,3.42B,17.96,8.64,0.52,0.77,7.37,5.77,21.80,16.14%,11.74%,-,16.68%,-,46.31,-1.32%,"593,449"
NNATO,-,-,-,-,-,-,-,-,-,-,-,-,-,43.56,-0.35%,"19,940"
NNATR,258.65M,14.65,11.95,-,0.53,1.53,3.14,14.30,-14.29%,13.89%,-0.22%,-1.07%,4.50%,14.70,-2.78%,"263,455"
NNAUG,-,-,-,-,-,-,-,-,-,-,-,-,-,32.91,-0.01%,"97,078"
NNAUT,112.05M,-,-,-,589.72,0.85,1.33,-,-7.45%,-2.97%,0.21%,3.68%,-,0.88,-1.29%,"487,158"
NNAVI,859.06M,-,9.63,-,0.29,0.36,0.40,2.53,311.67%,28.37%,-,-,-2.83%,9.16,-0.11%,"1,186,236"
NNAVN,7.30B,-,74.60,-,9.55,5.87,9.10,-,-,51.81%,-,-,-,28.72,-1.83%,"2,784,491"
NNAZ,159.53M,22.21,-,-,16.45,1.04,-,-,-,-,-,-,-,12.44,0.12%,"10,172"
NNB,700.27M,-,-,-,-,1.61,1.66,-,-21.53%,36.00%,-16.23%,2.37%,-,4.81,-5.87%,"2,689,093"
NNBB,450.33M,16.30,-,-,-,-,-,-,-,-,-,-,-,15.32,-0.84%,"70,223"
NNBBK,935.38M,15.18,8.79,-,2.26,1.11,-,11.99,24.85%,22.01%,20.92%,-,37.39%,22.91,-0.30%,"408,559"
NNBCE,-,-,-,-,-,-,-,-,-,-,-,-,-,41.10,2.01%,326
NNBCM,-,-,-,-,-,-,-,-,-,-,-,-,-,29.99,1.63%,"32,467"
NNBCR,-,-,-,-,-,-,-,-,-,-,-,-,-,34.72,-0.55%,"78,946"
NNBDS,-,-,-,-,-,-,-,-,-,-,-,-,-,42.51,-0.05%,"3,378"
NNBET,-,-,-,-,-,-,-,-,-,-,-,-,-,41.50,-0.27%,"4,054"
NNBFC,-,-,-,-,-,-,-,-,-,-,-,-,-,50.58,-0.32%,"1,514"
NNBFR,-,-,-,-,-,-,-,-,-,-,-,-,-,26.88,-0.10%,"8,898"
NNBGX,-,-,-,-,-,-,-,-,-,-,-,-,-,30.19,-0.24%,260
NNBH,306.25M,14.77,-,-,10.93,0.92,-,-,-,-,-,-,-,10.34,0.10%,"97,193"
NNBHC,1.92B,18.17,10.99,-,2.98,1.15,-,13.25,7.84%,19.09%,0.05%,-,10.67%,43.21,-0.74%,"438,432"
NNBIC,-,-,-,-,-,-,-,-,-,-,-,-,-,29.43,-6.24%,"4,010"
NNBIE,-,-,-,-,-,-,-,-,-,-,-,-,-,27.61,-0.18%,"24,422"
NNBIG,-,-,-,-,-,-,-,-,-,-,-,-,-,25.58,-6.44%,"1,580,314"
NNBIL,-,-,-,-,-,-,-,-,-,-,-,-,-,37.09,-6.43%,"4,364,899"
NNBIS,73.09B,-,-,-,53.94,7.07,9.09,-,-7.25%,-54.08%,-19.43%,-,-29.39%,268.85,-3.18%,"19,722,322"
NNBIX,15.70B,22.63,15.84,0.41,4.65,4.25,40.29,19.34,50.66%,38.64%,2.31%,38.86%,22.29%,154.49,1.16%,"1,168,987"
NNBIZ,-,-,-,-,-,-,-,-,-,-,-,-,-,4.70,5.98%,"33,561,117"
NNBJP,-,-,-,-,-,-,-,-,-,-,-,-,-,37.08,-0.27%,"9,091"
NNBN,1.15B,10.53,8.51,-,2.99,1.90,-,386.03,14.60%,7.88%,8.30%,-,20.60%,134.01,-0.67%,"92,629"
NNBOS,-,-,-,-,-,-,-,-,-,-,-,-,-,28.60,-0.05%,"54,827"
NNBP,222.68M,-,-,-,-,0.96,1.06,-,-109.52%,-15.91%,-,-,-,1.93,-1.53%,"302,057"
NNBR,1.43B,7.19,23.53,-,0.45,2.63,2.81,36.10,-114.22%,266.20%,-,-25.28%,8.34%,96.71,2.70%,"207,564"
NNBRG,75.50M,2443.90,-,-,-,10.30,359.53,-,-,-,-,-,-,10.02,0.20%,"1,070"
NNBSD,-,-,-,-,-,-,-,-,-,-,-,-,-,50.69,0.02%,"161,195"
NNBSM,-,-,-,-,-,-,-,-,-,-,-,-,-,29.38,-0.46%,"7,060"
NNBTB,2.77B,13.05,11.73,-,2.92,1.42,-,11.27,9.14%,8.96%,6.99%,-,12.86%,53.29,-0.50%,"292,253"
NNBTR,-,-,-,-,-,-,-,-,-,-,-,-,-,49.19,-0.23%,"2,714"
NNBTX,2.13B,-,-,-,65.03,-,34.35,-,29.37%,16.14%,18.47%,-,257.86%,42.05,9.76%,"522,469"
NNBXG,1.25B,3.56,-,-,-,-,-,-,-,-,-,-,-,15.83,-0.25%,"189,136"
NNC,313.26M,18.01,-,-,1.12,0.72,6.88,-,-,-,2.31%,-,16.63%,41.51,-2.65%,"18,593"
NNCA,302.73M,26.11,-,-,22.85,0.98,-,-,-,-,-,-,-,9.14,-0.22%,"59,549"
NNCDL,603.51M,12.88,7.98,-,3.34,0.71,13.19,9.77,-15.20%,-2.86%,24.74%,-7.85%,71.23%,12.22,-1.77%,"208,344"
NNCEL,17.43M,-,-,-,-,0.48,5.68,-,45.37%,49.15%,60.94%,30.03%,-,3.26,-2.54%,"5,435"
NNCEW,53.47M,-,-,-,8.14,84.38,411.31,-,-,-,-,-,-11.53%,16.71,-3.47%,135
NNCI,28.80M,144.83,-,-,1.64,0.85,96.00,12.91,-,-,-50.38%,-,-13.15%,12.18,-0.25%,"82,746"
NNCIQ,-,-,-,-,-,-,-,-,-,-,-,-,-,15.97,1.65%,"43,361"
NNCLD,-,-,-,-,-,-,-,-,-,-,-,-,-,26.97,-0.11%,"1,246,986"
NNCLH,8.35B,11.49,10.61,151.58,0.82,3.24,38.28,-,-26.50%,10.47%,-,0.07%,50.33%,18.18,-4.37%,"15,651,768"
NNCLO,-,-,-,-,-,-,-,-,-,-,-,-,-,25.00,0.04%,"15,993"
NNCMI,256.81M,-,47.48,-,1.03,0.77,5.57,12.11,34.09%,179.31%,57.78%,-,21.89%,2.73,-4.55%,"1,641,686"
NNCNA,6.45M,-,-,-,-,41.34,0.25,-,-,-,68.08%,-,-,1.55,-2.52%,"53,167"
NNCNO,2.22B,167.05,13.54,0.80,3.63,2.27,21.52,20.01,19.05%,17.26%,-,16.84%,23.83%,20.23,-2.79%,"2,633,539"
NNCO,145.39M,-,-,-,-,-,415.39,-,-,-,-,-,-,9.87,0.20%,170
NNCPB,-,-,-,-,-,-,-,-,-,-,-,-,-,24.52,-0.22%,240
NNCPL,2.51M,-,-,-,3.39,0.10,3.48,-,-,-,-,-,-13.09%,0.32,0.73%,"141,056"
NNCRA,4.62M,-,-,-,0.67,0.62,0.96,-,-,-,-19.42%,-,56.63%,2.16,-6.49%,"110,143"
NNCSM,134.22M,10.53,-,-,0.74,1.12,4.29,7.41,-,-,-,-,11.54%,51.14,-1.05%,"4,403"
NNCT,37.32M,-,-,-,1.53,0.16,9.24,-,-,-,-,-,-,3.87,6.03%,"2,823,836"
NNCTY,69.50M,-,-,-,4.64,2.58,1.56,-,-,-,-,-,177.86%,4.63,1.09%,"292,083"
NNCV,389.06M,4.63,-,-,17.40,0.98,-,-,-,-,-,-,-,17.22,-0.63%,"37,001"
NNCZ,305.80M,4.51,-,-,18.35,1.01,-,-,-,-,-,-,-,16.07,-0.56%,"49,342"
NNDAA,-,-,-,-,-,-,-,-,-,-,-,-,-,24.57,-0.12%,517
NNDAQ,54.04B,28.17,20.70,1.36,6.21,4.53,98.98,27.70,18.75%,13.00%,10.65%,15.17%,7.98%,96.68,-0.35%,"2,140,044"
NNDEC,-,-,-,-,-,-,-,-,-,-,-,-,-,30.48,-0.13%,"2,505"
NNDIA,-,-,-,-,-,-,-,-,-,-,-,-,-,27.36,-0.60%,861
NNDIV,-,-,-,-,-,-,-,-,-,-,-,-,-,34.96,1.00%,"18,446"
NNDLS,104.41M,-,38.04,-,0.21,-,80.32,27.77,94.15%,309.09%,-11.84%,-,4.69%,17.50,-2.34%,"35,499"
NNDMO,606.01M,16.38,-,-,14.06,0.97,-,-,-,-,-36.62%,-,-7.58%,10.02,-0.40%,"80,266"
NNDOW,-,-,-,-,-,-,-,-,-,-,-,-,-,29.42,-0.11%,"1,372"
NNDRA,5.71M,-,-,-,-,1.07,1.03,-,60.36%,14.12%,79.05%,-,-,4.49,0.45%,"24,425"
NNDSN,17.26B,33.06,24.59,2.60,5.95,5.39,169.21,24.19,13.30%,8.62%,14.81%,9.46%,5.65%,309.83,0.36%,"423,696"
NNE,7.21B,48.84,18.86,0.25,2.35,1.61,15.80,32.58,8.26%,230.31%,-,74.45%,27.79%,45.18,0.18%,"833,676"
NNEA,3.41B,14.49,-,-,12.65,0.96,-,-,-,-,-,-,-,11.30,-0.62%,"989,812"
NNEAR,-,-,-,-,-,-,-,-,-,-,-,-,-,50.54,0.00%,"267,828"
NNEBX,-,-,-,-,-,-,-,-,-,-,-,-,-,38.07,-6.46%,"2,240,424"
NNECB,368.52M,8.58,8.16,-,2.41,0.98,-,7.61,-5.69%,7.01%,33.62%,-0.93%,25.21%,26.77,-0.96%,"30,775"
NNEE,179.85B,19.35,19.60,2.25,6.41,3.15,55.82,59.01,8.64%,9.17%,17.36%,8.71%,9.21%,86.22,0.03%,"9,556,928"
NNEGG,396.81M,-,-,-,-,2.16,6.85,-,-,-,-,-,-7.34%,18.92,1.18%,"52,215"
NNEHI,-,-,-,-,-,-,-,-,-,-,-,-,-,27.15,1.53%,"132,522"
NNELS,-,-,-,-,-,-,-,-,-,-,-,-,-,29.50,-0.38%,"1,541"
NNEM,126.79B,15.19,11.28,0.57,5.01,3.62,14.07,13.03,37.68%,12.47%,12.75%,19.76%,14.12%,120.33,2.18%,"7,193,457"
NNEMD,-,-,-,-,-,-,-,-,-,-,-,-,-,52.67,-0.33%,"8,612"
NNEMG,-,-,-,-,-,-,-,-,-,-,-,-,-,21.69,4.30%,"14,442"
NNEN,155.68M,-,-,-,1.62,-,6.29,8.92,-,-,34.63%,-,7.51%,56.00,0.88%,"1,996"
NNEO,2.08B,-,47.79,0.83,2.71,2.63,14.27,-,52.27%,85.08%,-,57.44%,10.35%,16.16,1.38%,"1,137,490"
NNEOG,2.59B,-,28.95,2.25,2.97,1.23,13.95,81.14,-3.13%,32.26%,-,12.86%,13.19%,11.87,1.89%,"1,594,230"
NNEON,14.91M,1.84,-,-,7.31,0.72,0.70,-,-,-,-,-,-19.19%,0.89,-2.79%,"100,825"
NNEOV,214.26M,-,-,-,11.86,7.01,18.66,-,-138.67%,25.14%,-5.01%,-,33.17%,3.64,0.28%,"1,577,367"
NNEPH,46.92M,27.60,16.62,0.39,2.26,3.92,9.98,28.43,15.15%,105.26%,-,42.75%,17.02%,4.32,-6.59%,"81,513"
NNERD,-,-,-,-,-,-,-,-,-,-,-,-,-,22.62,-1.48%,"3,384"
NNERV,211.04M,-,-,-,-,-,2.80,-,-33.33%,73.02%,-,36.24%,-,4.42,-3.49%,"110,019"
NNESR,3.61B,39.30,12.30,0.20,2.23,3.46,20.62,23.08,119.89%,59.37%,-1.73%,62.48%,9.68%,35.78,-1.46%,"1,646,255"
NNET,109.32B,-,183.77,5.34,43.51,67.45,26.18,347.19,35.55%,32.52%,5.92%,34.44%,38.13%,307.01,-2.78%,"3,320,062"
NNETG,-,-,-,-,-,-,-,-,-,-,-,-,-,20.10,-5.07%,"69,912"
NNETL,-,-,-,-,-,-,-,-,-,-,-,-,-,26.48,-0.46%,"15,660"
NNEU,8.75B,20.48,-,-,3.19,4.76,93.44,18.47,-,-,12.52%,-,6.27%,951.06,-1.13%,"124,774"
NNEUP,20.79M,-,-,-,-,0.70,1.07,-,-1669.57%,40.29%,-20.01%,-,246.61%,3.85,-0.52%,"23,098"
NNEWP,1.23B,-,-,-,-,7.70,30.75,-,-7.05%,11.08%,-,-0.00%,-,6.66,-2.63%,"842,307"
NNEWT,370.59M,5.78,5.35,0.53,0.97,1.02,0.94,-,5.79%,8.25%,6.50%,10.14%,25.48%,12.83,-1.46%,"182,665"
NNEWZ,-,-,-,-,-,-,-,-,-,-,-,-,-,30.76,-0.43%,256
NNEXA,1.90B,6.86,5.10,0.16,0.55,1.58,4.92,10.99,173.29%,3.18%,-,31.71%,8.94%,14.38,1.41%,"434,471"
NNEXM,77.36M,-,-,-,-,1.51,4.12,-,-,-,0.67%,-,-,2.17,-1.81%,"11,559"
NNEXN,586.73M,47.24,8.48,0.75,1.53,1.23,4.44,6.21,9.29%,15.88%,67.36%,11.36%,11.47%,10.53,0.57%,"594,461"
NNEXR,1.45M,-,-,-,0.09,7.69,1.85,-,-,-,-,-,49.03%,2.60,-9.09%,"231,009"
NNEXT,1.85B,-,-,-,-,-,3.70,-,-123.85%,61.12%,-36.70%,5.76%,-,6.95,-3.34%,"2,680,634"
NNFE,87.17M,-,-,-,0.07,-,0.17,-,-,-,-31.14%,-,27.20%,0.31,-5.83%,"2,831,387"
NNFEB,-,-,-,-,-,-,-,-,-,-,-,-,-,30.80,0.08%,"2,578"
NNFG,7.78B,11.38,10.88,3.40,3.29,1.98,6.30,34.99,5.99%,2.70%,-,3.20%,9.09%,81.82,-0.12%,"446,311"
NNFGC,637.64M,-,8.50,-,28.05,1.78,4.45,-,64.14%,402.46%,7.59%,-,-,1.66,-1.78%,"1,528,352"
NNFJ,1.46B,9.89,-,-,52.10,1.06,-,-,-,-,-,-,-,15.73,0.19%,"123,237"
NNFLP,-,-,-,-,-,-,-,-,-,-,-,-,-,18.51,-3.69%,"2,152"
NNFLT,-,-,-,-,-,-,-,-,-,-,-,-,-,22.83,-0.04%,"53,235"
NNFLU,-,-,-,-,-,-,-,-,-,-,-,-,-,18.03,-5.65%,"174,787"
NNFLW,-,-,-,-,-,-,-,-,-,-,-,-,-,16.58,-4.16%,"13,456"
NNFLX,316.54B,23.95,19.93,0.91,6.49,10.50,34.67,28.38,42.21%,6.04%,32.98%,21.80%,12.61%,76.02,-2.74%,"30,752,977"
NNFLY,-,-,-,-,-,-,-,-,-,-,-,-,-,7.68,-0.97%,"87,597"
NNFRA,-,-,-,-,-,-,-,-,-,-,-,-,-,65.93,-0.57%,"44,610"
NNFRX,-,-,-,-,-,-,-,-,-,-,-,-,-,26.53,-0.29%,43
NNFTY,-,-,-,-,-,-,-,-,-,-,-,-,-,54.24,-0.64%,"35,564"
NNFX,-,-,-,-,-,-,-,-,-,-,-,-,-,24.32,-5.49%,337
NNFXL,-,-,-,-,-,-,-,-,-,-,-,-,-,17.12,-5.47%,"1,290,662"
NNFXS,-,-,-,-,-,-,-,-,-,-,-,-,-,20.07,2.74%,"15,217"
NNG,3.40B,-,-,-,-,8.08,9.16,-,24.00%,-44.21%,-19.91%,24.52%,-,7.75,-2.39%,"3,424,433"
NNGEN,138.09M,-,-,-,-,14.68,2.26,-,24.66%,-0.10%,-10.94%,17.75%,-,1.68,-3.17%,"501,908"
NNGG,81.73B,18.62,12.37,1.13,3.45,1.56,21.91,-,14.65%,8.98%,9.47%,10.94%,5.85%,81.29,0.30%,"1,117,493"
NNGHT,-,-,-,-,-,-,-,-,-,-,-,-,-,20.73,0.75%,"144,166"
NNGL,2.29B,-,10.26,-,0.65,-,451.99,22.49,143.26%,29.71%,9.26%,-,-9.60%,18.36,2.17%,"373,789"
NNGNE,734.02M,-,-,-,-,2.67,3.26,-,-31.47%,2.87%,-45.84%,-0.52%,-,36.68,1.49%,"91,130"
NNGS,493.49M,23.81,15.08,0.66,2.61,1.68,6168.63,-,10.83%,45.79%,63.03%,22.77%,20.42%,38.26,0.76%,"128,230"
NNGVC,641.83M,13.59,12.43,-,0.48,2.68,36.74,28.26,-3.39%,6.84%,17.65%,-0.62%,5.12%,27.85,-1.00%,"150,892"
NNGVT,2.61B,50.26,12.53,0.87,2.25,55.73,14.22,16.79,17.80%,12.81%,-,14.42%,-0.80%,75.79,-1.28%,"152,753"
NNHC,3.57B,25.65,-,-,2.30,3.18,13.44,24.39,-,-,23.00%,-,9.68%,228.20,2.06%,"93,533"
NNHI,3.61B,21.25,22.86,5.29,8.29,2.26,118.63,16.09,29.39%,-17.80%,-6.14%,4.32%,3.07%,73.41,0.63%,"463,000"
NNHIC,293.80M,-,-,-,-,1.47,816.10,-,-,-,-,-,-,10.64,0.09%,"118,579"
NNHIV,277.82M,-,-,-,-,1.41,208.88,-,-,-,-,-,-,10.11,-0.26%,"2,820"
NNHP,325.55M,-,368.22,-,0.95,1.07,1.08,13.69,111.45%,-84.21%,-4.72%,-,-2.28%,16.57,1.10%,"463,930"
NNHS,251.55M,10.02,-,-,10.65,0.88,-,-,-,-,-,-,-,6.01,-1.31%,"260,285"
NNHTC,14.76M,-,-,-,0.41,0.97,0.79,-,-,-,-,-,-8.52%,1.72,-4.97%,"77,010"
NNHYB,-,-,-,-,-,-,-,-,-,-,-,-,-,24.62,-0.12%,16
NNHYM,-,-,-,-,-,-,-,-,-,-,-,-,-,24.69,-0.26%,"6,659"
NNI,20.32B,22.44,18.79,2.01,2.95,2.12,212.99,-,8.21%,9.69%,-,9.34%,7.25%,42.37,-0.31%,"5,495,096"
NNIC,3.73B,20.21,13.16,-,5.27,1.65,-,21.52,19.37%,15.34%,11.39%,-,21.30%,177.90,-0.63%,"124,062"
NNICE,5.72B,14.15,7.70,0.95,1.85,1.51,15.96,8.82,-9.15%,13.71%,25.27%,8.08%,12.34%,97.90,-4.26%,"355,094"
NNICM,-,-,-,-,-,-,-,-,-,-,-,-,-,6.19,2.82%,"5,551"
NNICO,-,-,-,-,-,-,-,-,-,-,-,-,-,24.83,-1.94%,17
NNIE,742.05M,6.48,-,-,-,-,-,-,-,-,-,-,-,26.78,-0.07%,"40,598"
NNIHI,-,-,-,-,-,-,-,-,-,-,-,-,-,53.26,-0.07%,"44,141"
NNIKI,6.72M,-,-,-,-,0.29,1.95,-,-,-,-,-,-,8.26,-6.24%,"22,417"
NNIKL,-,-,-,-,-,-,-,-,-,-,-,-,-,14.42,1.37%,"32,782"
NNIM,115.62M,24.45,-,-,23.37,0.94,-,-,-,-,-,-,-,9.29,-0.11%,"5,161"
NNINE,484.21M,1.72,20.33,-,0.90,1.20,26.53,-,464.80%,-87.94%,37.10%,-,12.57%,11.18,3.61%,"55,003"
NNIO,10.70B,-,46.36,-,0.75,16.44,1.54,-,92.87%,236.99%,-6.76%,-,38.88%,4.60,1.77%,"17,075,178"
NNIOG,-,-,-,-,-,-,-,-,-,-,-,-,-,10.27,3.60%,"11,379"
NNIPG,38.02M,-,-,-,0.30,0.61,3.67,-,-,-,-92.71%,-,86.06%,11.59,8.01%,"118,503"
NNIQ,5.09B,-,13.54,0.16,1.16,5.61,12.21,12.89,369.54%,17.96%,-,84.61%,-,17.25,-1.15%,"1,595,281"
NNISM,-,-,-,-,-,-,-,-,-,-,-,-,-,25.61,-0.23%,11
NNITE,-,-,-,-,-,-,-,-,-,-,-,-,-,39.63,-0.73%,756
NNIU,145.20M,-,-,-,0.22,1.52,0.58,-,-549.95%,85.33%,-,-,11.09%,2.05,-1.44%,"145,654"
NNIVF,3.61M,-,0.02,0.00,0.76,0.00,4.74,-,55.92%,97.05%,-,69.10%,-,0.61,3.89%,"3,850,286"
NNIXT,-,-,-,-,-,-,-,-,-,-,-,-,-,33.96,-1.86%,"1,711"
NNIXX,20.62M,-,-,-,0.16,2.49,11.65,-,-,-,64.40%,-,63.02%,0.71,4.90%,"2,477,096"
NNJAN,-,-,-,-,-,-,-,-,-,-,-,-,-,59.84,-0.00%,"3,612"
NNJNK,-,-,-,-,-,-,-,-,-,-,-,-,-,20.03,-0.20%,795
NNJR,5.58B,15.22,16.08,4.21,2.49,2.11,130.11,-,8.56%,-4.29%,14.21%,3.82%,0.81%,54.97,-1.13%,"448,256"
NNJUL,-,-,-,-,-,-,-,-,-,-,-,-,-,77.60,-0.03%,"12,620"
NNJUN,-,-,-,-,-,-,-,-,-,-,-,-,-,32.96,-0.02%,"15,038"
NNKE,57.99B,18.63,17.93,4.23,1.25,3.90,6.42,26.55,-17.58%,25.96%,-10.02%,4.24%,0.84%,39.09,-4.03%,"58,659,944"
NNKLR,661.90M,1.28,-,-,-,-,7.27,-,-103.18%,-50.00%,-,-,-,5.99,-1.72%,"182,794"
NNKSH,271.45M,13.35,11.04,-,3.10,1.41,-,14.74,26.35%,10.29%,0.06%,-,10.42%,42.61,0.47%,"34,318"
NNKTR,2.46B,-,-,-,44.98,2.75,3.59,-,15.45%,-27.06%,23.59%,-4.19%,-18.43%,72.67,-0.48%,"682,629"
NNKTX,174.05M,-,-,-,-,0.70,0.95,-,-14.49%,7.43%,23.69%,1.82%,-,2.43,4.29%,"394,422"
NNKX,658.96M,28.67,-,-,14.03,1.00,-,-,-,-,-,-,-,12.33,-0.88%,"190,495"
NNL,313.93M,-,-,-,1.94,0.86,2.85,38.71,-,-,-,-,6.68%,6.42,-0.31%,"40,734"
NNLOP,169.18M,-,-,-,2.20,1.03,6.19,3.66,-,-,-,-,-,11.42,-1.47%,"84,583"
NNLR,-,-,-,-,-,-,-,-,-,-,-,-,-,118.35,0.21%,"239,387"
NNLSI,-,-,-,-,-,-,-,-,-,-,-,-,-,57.46,0.34%,"3,739"
NNLY,17.61B,5.86,7.48,6.80,2.28,1.16,6.05,19.87,5.98%,0.94%,-,1.10%,35.16%,23.37,0.17%,"4,104,803"
NNMAD,73.98M,-,-,-,-,2.51,5.84,-,-,-,15.39%,-,-,3.90,-3.70%,"114,744"
NNMAI,486.07M,5.98,-,-,6.65,1.02,47.05,57.05,-,-,58.75%,-,-1.72%,14.54,-1.56%,"74,876"
NNMAR,-,-,-,-,-,-,-,-,-,-,-,-,-,32.68,0.02%,"55,744"
NNMAX,1.34B,-,57.56,-,6.58,11.82,9.02,-,95.31%,500.00%,-,-,-,10.36,-4.69%,"1,920,338"
NNMAY,-,-,-,-,-,-,-,-,-,-,-,-,-,29.85,-0.02%,"3,932"
NNMB,-,-,-,-,-,-,-,-,-,-,-,-,-,24.41,-0.55%,"1,322"
NNMBL,-,-,-,-,-,-,-,-,-,-,-,-,-,21.29,0.03%,6
NNMCO,585.20M,21.35,-,-,9.00,0.98,-,-,-,-,-,-,-,10.46,-1.41%,"144,161"
NNMFC,705.56M,-,7.07,-,3.47,0.69,10.89,15.26,-14.84%,-3.06%,-25.76%,-8.67%,6.45%,7.47,-3.36%,"328,262"
NNMG,480.50M,-,-,-,-,1.39,1.48,-,66.26%,26.56%,0.85%,46.66%,-,1.46,-0.68%,"259,692"
NNMI,125.98M,18.30,-,-,21.91,1.05,-,-,-,-,-,-,-,10.43,-0.29%,"13,265"
NNMIH,3.43B,8.96,8.36,1.54,4.69,1.27,-,8.01,7.09%,3.49%,18.26%,5.42%,10.27%,45.56,-0.33%,"357,542"
NNML,603.42M,4.35,-,-,-,-,-,-,-,-,-,-,-,10.65,-1.02%,"93,815"
NNMM,2.35B,6.97,4.69,0.21,1.68,0.70,5.59,-,74.16%,1.87%,-,22.34%,42.75%,82.77,1.09%,"161,279"
NNMP,164.66M,50.39,-,-,-,1.39,1496.91,-,-,-,-,-,-,10.33,-0.10%,31
NNMR,28.67B,11.39,10.79,1.60,0.89,1.22,0.84,-,16.09%,1.31%,10.83%,6.73%,15.72%,9.81,-0.10%,"568,366"
NNMRA,281.63M,-,-,-,-,6.38,2.41,-,39.54%,22.59%,-17.29%,22.79%,-,1.52,-5.00%,"1,352,838"
NNMRK,2.74B,18.82,6.84,0.48,0.75,1.90,7.08,3.44,20.70%,13.07%,11.78%,14.31%,12.29%,15.13,-0.79%,"1,317,126"
NNMS,73.20M,9.84,-,-,-,-,-,-,-,-,-,-,-,11.42,-0.44%,"13,078"
NNMT,128.42M,12.16,-,-,16.31,1.10,-,-,-,-,-,-,-,12.52,-0.99%,"2,312"
NNMTC,17.12M,-,-,-,1.81,4.34,8.35,-,-27.78%,14.01%,48.67%,15.43%,44.41%,1.88,-3.09%,"30,476"
NNMZ,2.19B,14.77,-,-,19.87,0.98,-,-,-,-,-,-,-,10.19,-0.59%,"451,296"
NNN,3.24B,-,-,-,814.36,9.59,14.16,-,63.03%,-8.57%,26.88%,-,51.71%,19.20,-3.49%,"2,187,467"
NNNBR,339.41M,-,25.16,-,0.74,10.19,20.63,44.08,411.11%,75.00%,32.73%,-,-0.25%,4.11,5.38%,"3,269,521"
NNNDM,334.84M,-,-,-,2.75,0.70,0.77,-,-,-,-3.80%,-,97.65%,1.59,-2.45%,"1,422,147"
NNNE,1.05B,-,-,-,5009.29,1.71,1.81,-,21.56%,-59.45%,-,-17.59%,-,19.59,-0.36%,"1,280,943"
NNNI,4.50B,15.33,14.63,-,2.15,1.19,4.66,12.37,-37.37%,14.60%,5.11%,-,4.89%,125.83,-1.53%,"194,244"
NNNN,8.86B,22.74,21.98,11.82,9.29,1.99,2099.42,13.16,-1.24%,2.72%,11.14%,1.86%,6.99%,46.16,0.35%,"1,731,827"
NNNNN,1.22B,51.83,-,-,125.35,10.52,87.33,-,-,-,23.44%,-,16.85%,8.48,-2.92%,"1,294,679"
NNNOV,-,-,-,-,-,-,-,-,-,-,-,-,-,31.95,0.16%,"7,003"
NNNOX,68.86M,-,-,-,4.74,0.51,1.57,-,46.88%,38.55%,1.18%,44.81%,-,0.93,-6.42%,"1,162,378"
NNNVC,34.54M,-,-,-,-,3.22,10.76,-,34.13%,2.41%,23.52%,-,-,1.36,-1.45%,"335,264"
NNNY,156.19M,25.84,-,-,20.56,0.92,-,-,-,-,-,-,-,8.27,-0.36%,"19,391"
NNOA,389.76M,17.94,7.15,0.22,0.40,1.10,3.30,-,69.30%,37.40%,-8.29%,32.68%,19.85%,13.93,0.58%,"118,542"
NNOAH,574.66M,7.99,5.54,1.09,1.55,0.39,0.77,-,11.51%,7.30%,-,5.09%,-5.25%,8.54,-1.04%,"137,898"
NNOBL,-,-,-,-,-,-,-,-,-,-,-,-,-,57.95,-0.97%,"1,187,967"
NNOC,81.00B,18.08,18.72,2.43,1.89,4.53,35.11,22.22,9.87%,5.23%,8.86%,7.71%,2.66%,570.20,-2.67%,"660,158"
NNOCT,-,-,-,-,-,-,-,-,-,-,-,-,-,63.64,0.12%,"3,230"
NNODE,-,-,-,-,-,-,-,-,-,-,-,-,-,38.97,2.64%,"10,628"
NNODK,310.56M,40.96,-,-,1.16,1.25,-,-,-,-,-,-,-1.43%,15.22,-0.52%,"17,086"
NNOEM,105.28M,70.83,-,-,-,1.48,10527.62,-,-,-,-,-,-,10.81,1.55%,15
NNOEQ,-,-,-,-,-,-,-,-,-,-,-,-,-,29.82,-0.20%,17
NNOG,2.72B,-,6.97,-,1.26,1.36,57.15,-,-13.74%,-7.10%,-,-5.09%,45.25%,25.53,4.20%,"2,367,657"
NNOK,60.35B,74.45,23.15,1.42,2.55,2.49,10.92,94.40,12.58%,19.58%,-,16.27%,-2.06%,10.78,0.19%,"89,166,211"
NNOMA,47.80M,-,-,-,31.87,3.51,108.64,-,-,-,-,-,-,2.75,2.23%,"1,431,106"
NNOMD,1.59B,11.27,6.54,-,0.46,0.55,5.09,10.93,-13.56%,4.70%,-4.90%,-0.15%,3.60%,11.38,-2.98%,"2,680,751"
NNORW,-,-,-,-,-,-,-,-,-,-,-,-,-,36.86,0.49%,"18,400"
NNOV,7.70B,82.92,16.91,0.30,0.89,1.24,6.62,13.70,131.44%,41.52%,-,55.48%,7.56%,21.60,2.18%,"2,637,162"
NNOVM,-,-,-,-,-,-,-,-,-,-,-,-,-,34.09,0.00%,7
NNOVP,-,-,-,-,-,-,-,-,-,-,-,-,-,33.41,-0.12%,540
NNOVT,6.38B,107.86,38.65,-,6.20,3.95,8.88,56.36,12.26%,18.23%,2.97%,-,10.67%,168.75,1.30%,"324,738"
NNOVZ,-,-,-,-,-,-,-,-,-,-,-,-,-,48.16,-0.34%,"1,103"
NNOW,121.70B,73.54,23.45,1.16,8.26,9.72,26.04,26.57,16.01%,23.24%,70.18%,20.17%,24.05%,117.70,-5.08%,"20,204,194"
NNOWL,-,-,-,-,-,-,-,-,-,-,-,-,-,5.78,-9.97%,"9,692,184"
NNOWX,-,-,-,-,-,-,-,-,-,-,-,-,-,26.74,-10.16%,"3,204"
NNP,4.32B,137.23,46.84,1.84,23.76,-,56.07,59.91,33.56%,22.74%,-,25.52%,-,31.48,-0.73%,"375,053"
NNPAC,402.34M,43.20,-,-,-,1.33,6705.70,-,-,-,-,-,-,10.45,0.24%,"1,264"
NNPB,598.96M,7.50,6.31,-,1.18,0.98,-,5.88,17.22%,10.92%,-,-,-,17.32,-1.03%,"230,844"
NNPCE,490.15M,-,-,-,4.96,41.20,9.48,-,13.71%,42.73%,8.43%,35.78%,19.44%,14.28,-3.32%,"197,436"
NNPCT,280.07M,10.82,-,-,-,-,-,-,-,-,-,-,-,9.74,-0.10%,"91,790"
NNPFD,450.66M,8.67,-,-,9.36,0.92,-,-,-,-,-,-,-,18.65,0.21%,"37,363"
NNPFE,-,-,-,-,-,-,-,-,-,-,-,-,-,28.52,-0.37%,827
NNPFI,-,-,-,-,-,-,-,-,-,-,-,-,-,25.88,-0.10%,"19,482"
NNPK,1.03B,24.07,-,-,1.90,2.50,63.42,39.09,-,-,-7.05%,-,7.38%,144.17,3.08%,"121,544"
NNPKI,1.22B,31.66,22.73,-,4.04,3.27,145.62,42.87,31.55%,14.03%,-,-,-10.87%,14.32,0.70%,"585,368"
NNPO,7.33B,168.92,31.82,1.96,5.99,4.62,95.21,43.90,21.21%,13.53%,-,16.20%,1.26%,346.33,0.87%,"133,739"
NNPT,78.09M,-,-,-,0.13,17.39,114.84,-,-,-,-,-,-,3.52,-2.49%,"19,838"
NNPV,212.26M,9.52,-,-,12.70,0.94,-,-,-,-,-,-,-,10.85,-0.82%,"74,779"
NNPWR,388.84M,-,-,-,-,1.83,1.26,-,96.05%,15.43%,-138.42%,67.03%,-,1.73,-11.28%,"1,293,099"
NNQLT,-,-,-,-,-,-,-,-,-,-,-,-,-,25.80,-0.38%,114
NNRC,481.54M,87.64,-,-,3.44,73.59,144.61,22.25,-,-,-19.02%,-7.79%,0.61%,21.77,2.74%,"118,252"
NNRDS,613.66M,10.79,8.27,0.29,0.71,1.88,9.90,4.17,48.74%,21.97%,51.46%,28.59%,27.81%,9.60,-2.44%,"555,454"
NNRDY,131.35M,-,-,-,0.74,5.04,3.42,-,45.45%,27.78%,-,-,11.48%,0.69,-3.05%,"1,530,163"
NNREF,320.22M,7.30,9.71,-,2.38,0.84,2.32,46.28,-5.83%,1.55%,10.37%,-,16.03%,16.99,0.24%,"40,927"
NNRES,-,-,-,-,-,-,-,-,-,-,-,-,-,34.60,0.87%,189
NNRG,25.72B,32.37,11.45,0.73,0.78,6.12,121.34,73.92,9.39%,21.07%,14.08%,15.77%,27.88%,122.37,-3.07%,"1,957,550"
NNRGD,-,-,-,-,-,-,-,-,-,-,-,-,-,15.40,-5.70%,"32,125"
NNRGU,-,-,-,-,-,-,-,-,-,-,-,-,-,52.19,5.67%,"41,641"
NNRGV,694.63M,-,-,-,3.08,99.79,6.45,-,-33.78%,38.53%,-,31.26%,-,3.82,0.79%,"3,313,097"
NNRIM,598.16M,8.84,9.80,1.52,2.27,1.72,-,2.98,10.71%,4.17%,17.58%,6.44%,11.96%,26.89,-1.32%,"93,677"
NNRIX,2.82B,-,-,-,76.69,7.00,6.36,-,11.97%,26.00%,-2.04%,41.75%,36.35%,27.17,0.44%,"1,152,768"
NNRK,911.61M,32.66,-,-,12.00,0.94,-,-,-,-,-,-,-,10.45,-1.51%,"307,632"
NNRO,186.92M,8.19,-,-,15.80,0.91,-,-,-,-,-,-,-,2.95,-1.67%,"136,005"
NNRP,1.38B,13.26,-,-,6.89,2.16,45.71,-,-,-,-,-,9.42%,103.94,-0.59%,"37,477"
NNRSH,-,-,-,-,-,-,-,-,-,-,-,-,-,33.20,0.37%,45
NNRSN,16.31M,-,-,-,-,-,-,-,12.50%,-54.55%,21.42%,-,-,0.43,-4.66%,"444,271"
NNRT,80.23M,8.55,-,-,7.75,42.47,20.52,-,-,-,19.29%,-,16.60%,8.73,-2.13%,"44,641"
NNRXP,143.86M,-,-,-,42.44,-,5.39,-,64.43%,91.61%,38.42%,-,-,3.43,4.89%,"1,265,211"
NNRXS,78.86M,-,-,-,14.82,11.63,9.48,-,15.79%,66.25%,-6.18%,-,13.08%,6.28,-0.32%,"102,839"
NNSC,76.62B,29.12,23.81,3.00,6.11,4.71,71.67,46.98,3.72%,10.59%,10.22%,7.93%,4.47%,341.12,2.01%,"1,394,493"
NNSCI,-,-,-,-,-,-,-,-,-,-,-,-,-,25.20,0.00%,711
NNSEP,-,-,-,-,-,-,-,-,-,-,-,-,-,31.67,0.03%,"1,599"
NNSI,-,-,-,-,-,-,-,-,-,-,-,-,-,38.55,0.83%,243
NNSIG,-,-,-,-,-,-,-,-,-,-,-,-,-,25.39,-0.16%,134
NNSIT,4.38B,21.85,11.27,0.70,0.51,2.75,12.06,11.05,26.67%,6.00%,32.83%,16.11%,30.33%,149.31,-3.20%,"359,874"
NNSIV,-,-,-,-,-,-,-,-,-,-,-,-,-,26.25,-0.43%,"13,389"
NNSLR,275.06M,2.66,-,-,13.74,0.77,21.26,-,125.12%,-113.59%,-13.79%,-,13.82%,10.39,-1.24%,"179,198"
NNSP,1.93B,-,18.70,0.41,0.28,30.63,2.75,9.93,105.24%,27.63%,-,45.23%,9.70%,50.46,-3.33%,"365,625"
NNSPR,41.20M,-,-,-,3.80,1.31,1.35,-,21.05%,25.00%,35.83%,-,29.29%,0.88,-10.44%,"528,594"
NNSRX,43.33M,-,-,-,-,38.41,31.86,-,-102.28%,7.45%,-,-5.61%,-,3.70,2.21%,"3,592"
NNSSC,1.36B,36.99,23.28,-,6.89,7.65,10.88,24.12,25.71%,9.29%,38.85%,-,12.37%,38.06,-0.68%,"207,198"
NNSTS,72.97M,-,-,-,5.24,0.85,-,13.39,-,-,-,-,11.74%,13.89,0.22%,"3,546"
NNSYS,35.27M,35.39,-,-,0.28,1.00,21.12,14.40,-,-,31.03%,-,2.60%,12.36,2.06%,"22,963"
NNTAL,-,-,-,-,-,-,-,-,-,-,-,-,-,37.56,-2.73%,"2,457"
NNTAP,40.07B,32.12,20.51,1.96,5.79,29.62,11.18,21.44,10.31%,11.00%,14.47%,10.49%,3.84%,204.20,-1.39%,"2,106,611"
NNTB,2.48B,11.08,10.51,0.67,3.10,2.16,-,11.78,9.92%,-0.36%,14.01%,15.61%,8.32%,62.96,-1.49%,"312,091"
NNTCL,3.19M,-,-,-,0.25,0.23,1.88,-,-,-,-,-,26.93%,2.49,-5.11%,"291,308"
NNTCT,2.85B,23.87,13.51,-,3.22,1.71,4.52,10.90,10.22%,5.98%,37.80%,-,0.67%,39.14,-1.34%,"570,718"
NNTES,79.23B,16.66,11.76,1.15,4.91,3.31,3.12,10.95,11.55%,10.28%,22.50%,10.20%,7.98%,124.40,-0.58%,"955,035"
NNTGR,614.51M,-,44.77,-,0.88,1.34,2.29,-,-35.23%,77.19%,-,-,-11.02%,22.61,-6.38%,"395,916"
NNTHI,127.35M,-,-,-,-,-,64.64,-,63.28%,12.55%,-109.20%,31.06%,-,4.91,16.35%,"386,479"
NNTIC,76.45M,-,26.83,-,0.83,1.05,10.50,-,10100.00%,200.00%,-,-,12.07%,8.05,0.75%,"2,271"
NNTIP,34.75M,-,-,-,-,0.93,1.03,-,-,-,-8.26%,-,-9.93%,1.52,-1.94%,"14,660"
NNTLA,1.69B,-,-,-,28.47,2.33,3.87,-,15.58%,17.12%,-9.70%,24.04%,3.13%,12.09,1.51%,"1,818,943"
NNTNX,17.75B,68.80,29.99,2.37,6.45,-,8.80,23.02,8.25%,13.62%,-,12.67%,14.18%,65.66,-1.42%,"2,230,297"
NNTR,32.59B,13.83,13.80,-,1.16,1.26,35.38,14.83,10.92%,-2.18%,42.06%,-0.03%,5.16%,68.29,0.07%,"1,970,171"
NNTRA,45.29B,-,-,-,16.73,24.77,41.49,537.85,10.32%,86.86%,11.70%,-,42.61%,314.18,1.37%,"1,271,463"
NNTRB,39.26M,-,-,-,21.81,6.56,9.79,-,-,-,-42.74%,-,16.63%,3.23,-2.12%,"6,603"
NNTRL,-,-,-,-,-,-,-,-,-,-,-,-,-,21.35,0.37%,"8,965"
NNTRP,20.88M,-,-,-,4.15,5.44,26.11,-,65.75%,-,45.14%,-,35.70%,1.40,-4.11%,"52,248"
NNTRS,35.03B,16.44,15.27,0.92,2.30,2.80,-,78.67,27.45%,9.29%,9.85%,16.63%,17.81%,191.47,0.03%,"975,827"
NNTSD,-,-,-,-,-,-,-,-,-,-,-,-,-,48.83,0.07%,"57,003"
NNTSE,-,-,-,-,-,-,-,-,-,-,-,-,-,47.00,0.89%,"2,457"
NNTSI,-,-,-,-,-,-,-,-,-,-,-,-,-,48.44,-0.56%,"24,388"
NNTSK,6.16B,-,712.28,-,8.18,35.07,5.58,-,62.65%,111.94%,-,-,-,15.25,-3.54%,"4,224,746"
NNTST,2.08B,145.20,47.78,0.64,9.47,1.32,103.91,20.74,270.64%,44.20%,59.27%,75.12%,42.16%,20.43,-1.35%,"840,244"
NNTSX,-,-,-,-,-,-,-,-,-,-,-,-,-,60.38,-0.57%,"43,514"
NNTWK,48.10M,27.09,-,-,0.67,1.29,3.26,-,-,-,26.00%,-,3.23%,4.05,-0.49%,"10,606"
NNTWO,258.89M,52.24,-,-,-,1.45,647.22,-,-,-,-,-,-,10.72,0.00%,8
NNTZ,14.86M,-,-,-,0.04,0.41,0.62,-,-,-,-3.65%,-,-1.46%,1.35,0.75%,954
NNU,71.20B,20.06,13.21,0.38,3.98,5.37,-,7.77,47.77%,29.13%,-,35.14%,86.16%,14.74,-3.22%,"75,716,808"
NNUAG,-,-,-,-,-,-,-,-,-,-,-,-,-,20.60,-0.27%,"10,242"
NNUAI,553.05M,-,-,-,614.50,4.20,6.41,-,58.65%,-91.86%,-535.98%,15.84%,-,5.46,7.69%,"7,882,835"
NNUBD,-,-,-,-,-,-,-,-,-,-,-,-,-,21.73,-0.23%,"1,995,855"
NNUCL,225.40M,-,-,-,-,-,8.02,-,-,-,-,-,-,7.62,-4.75%,"230,054"
NNUDM,-,-,-,-,-,-,-,-,-,-,-,-,-,41.46,-0.37%,"48,834"
NNUDV,-,-,-,-,-,-,-,-,-,-,-,-,-,34.06,-0.72%,"3,869"
NNUE,61.86B,21.75,14.58,0.43,1.71,2.80,22.98,39.08,132.74%,4.24%,26.03%,33.98%,10.04%,272.68,1.40%,"917,532"
NNUEM,-,-,-,-,-,-,-,-,-,-,-,-,-,42.54,0.72%,"14,488"
NNUG,-,-,-,-,-,-,-,-,-,-,-,-,-,10.47,-6.18%,"5,141"
NNUGO,-,-,-,-,-,-,-,-,-,-,-,-,-,44.56,0.22%,"1,864"
NNUGT,-,-,-,-,-,-,-,-,-,-,-,-,-,167.80,4.34%,"661,447"
NNUGY,-,-,-,-,-,-,-,-,-,-,-,-,-,13.08,0.88%,"7,448"
NNUHY,-,-,-,-,-,-,-,-,-,-,-,-,-,21.28,-0.14%,"9,912"
NNUIF,-,-,-,-,-,-,-,-,-,-,-,-,-,25.36,-0.20%,17
NNUKX,-,-,-,-,-,-,-,-,-,-,-,-,-,37.81,-0.29%,"3,398"
NNUKZ,-,-,-,-,-,-,-,-,-,-,-,-,-,67.83,-0.29%,"45,498"
NNULC,-,-,-,-,-,-,-,-,-,-,-,-,-,56.47,-0.58%,"2,222"
NNULG,-,-,-,-,-,-,-,-,-,-,-,-,-,117.43,-0.42%,"36,555"
NNULV,-,-,-,-,-,-,-,-,-,-,-,-,-,53.29,-1.04%,"48,330"
NNUMG,-,-,-,-,-,-,-,-,-,-,-,-,-,48.90,-0.71%,"12,068"
NNUMI,-,-,-,-,-,-,-,-,-,-,-,-,-,24.77,-0.30%,621
NNUMV,-,-,-,-,-,-,-,-,-,-,-,-,-,45.30,-1.04%,"16,986"
NNUR,45.52M,-,-,-,22.87,19.92,32.75,-,-,-,-120.61%,-,21.67%,3.48,-36.61%,"95,064"
NNURE,-,-,-,-,-,-,-,-,-,-,-,-,-,31.68,-1.31%,"6,829"
NNUS,227.81M,-,4.03,-,0.17,0.42,1.19,21.13,-35.43%,41.46%,-2.56%,-,-10.47%,4.68,-2.50%,"606,561"
NNUSA,-,-,-,-,-,-,-,-,-,-,-,-,-,23.08,0.02%,"6,869"
NNUSB,-,-,-,-,-,-,-,-,-,-,-,-,-,25.23,0.01%,124
NNUSC,-,-,-,-,-,-,-,-,-,-,-,-,-,53.15,-0.23%,"32,495"
NNUTX,1.29B,7.45,6.54,0.19,1.52,3.27,6.23,4.71,170.04%,1.87%,-,34.22%,253.48%,188.41,0.53%,"142,283"
NNUV,1.89B,17.65,-,-,20.90,0.98,-,-,-,-,-,-,-,9.00,-0.66%,"469,137"
NNUVB,2.28B,-,-,-,13.43,8.93,3.45,-,34.98%,49.77%,-7.00%,54.36%,-,6.48,4.18%,"5,055,190"
NNUW,252.04M,16.14,-,-,-,-,-,-,-,-,-,-,-,14.04,-0.21%,"47,591"
NNUWE,4.60M,-,-,-,0.51,-,1.17,-,-,-,88.99%,-,2.14%,1.26,-3.82%,"376,071"
NNVA,187.85M,-,-,-,-,22.74,4.76,-,-,-,-53.61%,-,-,4.92,-3.34%,"210,353"
NNVAX,1.33B,-,-,-,3.22,-,1.85,-,-124.69%,62.94%,-,-,18.76%,8.07,0.25%,"1,928,257"
NNVBT,-,-,-,-,-,-,-,-,-,-,-,-,-,40.70,-0.17%,"9,180"
NNVBU,-,-,-,-,-,-,-,-,-,-,-,-,-,31.63,-0.38%,599
NNVBW,-,-,-,-,-,-,-,-,-,-,-,-,-,36.30,-0.11%,807
NNVC,-,-,-,-,-,-,-,-,-,-,-,-,-,31.89,0.02%,149
NNVCR,2.04B,-,-,-,2.92,6.04,4.53,-,-2.52%,34.73%,-,32.74%,5.80%,17.53,3.42%,"1,448,856"
NNVCT,621.66M,-,-,-,-,56.08,28.05,-,23.94%,-12.15%,-340.28%,-3.79%,-,19.08,0.63%,"102,596"
NNVD,-,-,-,-,-,-,-,-,-,-,-,-,-,3.92,0.26%,"49,429,924"
NNVDA,5445.24B,34.46,17.67,0.37,21.48,27.88,67.58,45.73,88.68%,41.48%,95.27%,47.62%,66.90%,225.01,-0.07%,"93,678,685"
NNVDB,-,-,-,-,-,-,-,-,-,-,-,-,-,34.30,-0.29%,"5,900"
NNVDD,-,-,-,-,-,-,-,-,-,-,-,-,-,29.97,0.07%,"91,322"
NNVDG,-,-,-,-,-,-,-,-,-,-,-,-,-,20.90,0.17%,"105,218"
NNVDL,-,-,-,-,-,-,-,-,-,-,-,-,-,36.67,-0.11%,"10,909,379"
NNVDQ,-,-,-,-,-,-,-,-,-,-,-,-,-,8.90,0.17%,"3,647,905"
NNVDS,-,-,-,-,-,-,-,-,-,-,-,-,-,18.57,0.11%,"137,733"
NNVDU,-,-,-,-,-,-,-,-,-,-,-,-,-,145.90,-0.22%,"209,128"
NNVDW,-,-,-,-,-,-,-,-,-,-,-,-,-,38.42,-1.11%,"35,091"
NNVDX,-,-,-,-,-,-,-,-,-,-,-,-,-,20.74,-0.05%,"4,481,681"
NNVDY,-,-,-,-,-,-,-,-,-,-,-,-,-,13.09,0.00%,"1,382,618"
NNVEC,585.74M,32.54,-,-,18.74,9.80,26.91,37.57,-,-,5.37%,-,4.27%,121.09,-0.13%,"170,028"
NNVG,2.68B,13.94,-,-,11.90,0.96,-,-,-,-,-,-,-,12.41,-0.56%,"577,858"
NNVGS,1.33B,9.94,12.05,0.72,2.16,1.07,4.84,8.87,91.89%,-20.67%,-,16.71%,12.04%,21.55,2.62%,"367,510"
NNVIB,-,-,-,-,-,-,-,-,-,-,-,-,-,28.15,0.25%,393
NNVII,-,-,-,-,-,-,-,-,-,-,-,-,-,25.53,0.31%,"117,811"
NNVIR,-,-,-,-,-,-,-,-,-,-,-,-,-,40.47,0.00%,"2,232"
NNVIT,-,-,-,-,-,-,-,-,-,-,-,-,-,51.17,-0.23%,"26,833"
NNVMI,13.37B,52.47,30.80,1.26,14.27,9.13,13.10,65.42,23.82%,27.98%,36.08%,24.38%,26.73%,420.79,0.64%,"374,166"
NNVNI,12.16M,-,-,-,0.35,-,4.96,67.57,-,-,-79.63%,-,-,1.04,-0.95%,"40,427"
NNVNO,8.05M,-,-,-,-,0.38,0.37,-,-,-,34.00%,48.08%,-,11.80,7.37%,"7,792"
NNVO,150.16B,10.97,13.46,-,2.92,5.86,21.83,12.73,-7.19%,-1.24%,20.36%,-0.29%,19.21%,44.88,-2.20%,"14,626,390"
NNVOC,-,-,-,-,-,-,-,-,-,-,-,-,-,20.46,-3.05%,"20,181"
NNVOH,-,-,-,-,-,-,-,-,-,-,-,-,-,24.42,-1.22%,725
NNVOX,-,-,-,-,-,-,-,-,-,-,-,-,-,13.72,-2.70%,"506,420"
NNVPS,-,-,-,-,-,-,-,-,-,-,-,-,-,24.27,1.75%,"2,351"
NNVR,16.79B,16.34,15.30,3.83,1.80,4.78,14.02,16.04,-17.28%,13.99%,13.67%,4.00%,6.51%,6298.83,-0.14%,"24,956"
NNVRI,589.45M,-,-,-,-,0.92,1.94,-,-,-,-,-,-,20.91,1.55%,"363,022"
NNVS,278.19B,22.93,15.53,2.43,5.08,6.70,36.18,16.59,-2.33%,11.58%,15.24%,6.39%,2.29%,151.97,0.72%,"1,198,736"
NNVST,4.44B,48.02,16.64,1.09,1.55,1.44,3.94,17.89,28.33%,8.77%,6.49%,15.21%,7.11%,27.64,-1.53%,"2,835,834"
NNVT,28.68B,48.95,27.34,0.85,5.93,7.19,112.04,49.65,51.94%,27.34%,-,32.33%,14.27%,177.21,3.40%,"1,743,427"
NNVTC,-,-,-,-,-,-,-,-,-,-,-,-,-,19.73,1.67%,"2,145"
NNVTS,3.81B,-,-,-,104.21,4.75,6.82,-,24.86%,17.93%,1.13%,30.18%,31.12%,14.58,0.90%,"14,596,751"
NNVTX,-,-,-,-,-,-,-,-,-,-,-,-,-,26.93,2.67%,"399,678"
NNVX,110.14M,-,-,-,19.60,0.59,1.31,-,-,-,-29.91%,-,7.60%,0.44,0.45%,"213,046"
NNVYY,-,-,-,-,-,-,-,-,-,-,-,-,-,12.21,-0.04%,"28,999"
NNWAX,506.47M,114.40,-,-,-,1.45,767.38,-,-,-,-,-,-,10.17,0.00%,"122,362"
NNWBI,2.30B,15.04,10.83,-,2.44,1.19,-,16.40,11.70%,2.93%,8.22%,-,9.42%,15.69,-0.38%,"667,203"
NNWE,4.36B,25.48,17.88,3.07,2.58,1.50,173.57,-,4.91%,5.44%,-0.79%,5.82%,6.09%,70.82,-1.38%,"275,930"
NNWFL,371.65M,11.75,8.85,-,2.41,1.28,-,12.54,12.06%,10.47%,7.58%,-,15.49%,34.09,-1.16%,"43,744"
NNWG,75.68B,9.52,8.58,0.87,1.83,1.47,-,-,8.33%,10.71%,-,9.87%,17.39%,19.04,-0.31%,"3,133,178"
NNWGL,1.83M,-,-,-,0.13,1.63,1.50,-,-,-,-33.01%,-,-17.20%,0.37,-15.22%,"780,298"
NNWL,2.57B,-,8.81,0.74,0.36,1.05,11.04,21.80,33.35%,-9.81%,17.80%,11.93%,-5.15%,6.04,-3.21%,"6,026,826"
NNWN,2.12B,16.76,15.65,3.02,1.64,1.36,71.14,-,5.20%,4.54%,3.63%,5.19%,10.72%,50.43,-0.85%,"219,292"
NNWPX,1.13B,23.52,23.53,1.68,1.96,2.70,58.38,14.16,52.43%,-8.35%,13.05%,14.01%,12.94%,117.04,0.76%,"128,025"
NNWS,16.26B,31.81,21.53,1.60,1.80,2.08,7.76,20.20,10.75%,16.15%,13.03%,13.48%,-0.72%,32.68,-1.48%,"867,831"
NNWSA,16.24B,27.94,18.91,1.40,1.80,1.83,7.75,20.17,10.75%,16.15%,13.03%,13.48%,-0.72%,28.70,-1.58%,"3,309,149"
NNWTG,6.75M,-,-,-,0.94,-,15.35,-,-2.45%,52.10%,30.24%,-,113.82%,1.47,10.53%,"381,396"
NNX,952.55M,-,9.86,-,0.51,1.31,14.44,10.68,-28.26%,27.42%,-,-,16.63%,20.74,-1.00%,"204,100"
NNXB,48.28M,-,-,-,0.32,3.93,6.24,-,171.43%,-,-,-,-,1.92,-4.48%,"49,234"
NNXDR,974.86M,-,-,-,3.55,2.35,2.58,79.45,66.67%,21.43%,23.15%,-,15.88%,2.52,-2.33%,"1,087,416"
NNXDT,256.03M,-,-,-,3.35,0.39,4.97,-,-,-,-1.26%,-,-,4.95,-3.13%,"166,364"
NNXE,7.21B,-,-,-,-,5.54,10.54,-,59.20%,10.84%,-11.26%,20.56%,-,10.75,3.46%,"14,830,331"
NNXG,454.08M,2.65,-,-,-,-,-,-,-,-,-,-,-,61.93,-1.48%,"76,412"
NNXGL,4.43M,-,0.94,-,0.39,0.80,2.09,-,68.42%,433.33%,-77.47%,-,76.12%,0.38,-33.54%,"1,846,313"
NNXH,408.02M,-,-,-,0.36,1.63,3.23,-,-0.09%,42.69%,-,-,-15.97%,4.28,-1.61%,"1,182,593"
NNXL,7.49M,-,-,-,34.04,4.92,7.49,-,24.00%,18.42%,-1.42%,-,4.43%,0.34,-2.86%,"82,385"
NNXP,897.97M,25.00,-,-,24.18,1.00,-,-,-,-,-,-,-,14.25,-0.42%,"128,575"
NNXPG,-,-,-,-,-,-,-,-,-,-,-,-,-,7.65,-1.55%,"16,308"
NNXPI,58.68B,19.86,12.80,0.61,4.45,5.15,18.21,20.69,27.72%,20.53%,112.19%,21.06%,7.33%,232.72,-0.85%,"3,330,522"
NNXPL,22.92M,-,13.87,-,0.47,1.39,1.92,-,80.73%,171.76%,46.76%,-,57.03%,8.46,2.67%,"36,118"
NNXPX,-,-,-,-,-,-,-,-,-,-,-,-,-,11.54,-1.36%,"5,682"
NNXRT,614.89M,-,-,-,2.43,2.47,11.65,7.40,-20.11%,-30.40%,-,-10.50%,4.18%,23.97,-2.16%,"284,666"
NNXST,5.69B,35.27,9.52,0.07,0.97,2.51,26.12,7.66,952.69%,-38.56%,-29.63%,137.13%,1.91%,184.80,-2.52%,"380,783"
NNXT,15.03B,25.68,17.44,1.16,4.14,5.88,12.39,27.50,3.52%,21.97%,7.19%,14.99%,24.38%,99.09,-2.35%,"1,491,949"
NNXTC,35.29M,-,-,-,-,2.58,1.76,-,68.17%,45.08%,-4.25%,44.52%,-,7.71,-6.09%,"184,431"
NNXTE,-,-,-,-,-,-,-,-,-,-,-,-,-,48.38,1.00%,"1,173"
NNXTG,-,-,-,-,-,-,-,-,-,-,-,-,-,155.64,-0.06%,"5,933"
NNXTI,-,-,-,-,-,-,-,-,-,-,-,-,-,36.36,-0.83%,11
NNXTS,2.82M,-,-,-,13.45,1.48,0.32,-,-,-,57.47%,-,-,1.94,1.57%,"16,085"
NNXTT,8.69M,-,-,-,0.67,0.02,0.05,-,-,-,-28.27%,-,13.12%,5.90,-9.72%,"55,014"
NNXUS,-,-,-,-,-,-,-,-,-,-,-,-,-,24.62,-0.16%,121
NNXXT,42.34M,-,-,-,0.45,-,48.12,-,69.01%,27.27%,33.87%,47.97%,86.92%,0.25,-5.80%,"2,059,829"
NNYAX,1.79B,232.38,44.05,1.67,3.96,7.30,4.13,26.60,-65.16%,231.69%,-,26.35%,38.43%,48.01,-5.12%,"50,882"
NNYC,21.61M,1.51,-,-,0.65,0.41,2.72,-,-,-,20.12%,-,-6.30%,6.83,-9.66%,"21,068"
NNYF,-,-,-,-,-,-,-,-,-,-,-,-,-,52.89,-0.29%,"185,881"
NNYM,-,-,-,-,-,-,-,-,-,-,-,-,-,24.86,-0.17%,"103,008"
NNYNY,-,-,-,-,-,-,-,-,-,-,-,-,-,27.74,-0.94%,"1,915"
NNYSX,-,-,-,-,-,-,-,-,-,-,-,-,-,128.26,-0.03%,858
NNYT,10.53B,27.24,20.76,1.83,3.54,5.15,15.93,16.90,16.63%,9.56%,28.48%,11.33%,9.63%,65.27,0.74%,"1,533,901"
NNYXH,160.11M,-,-,-,6.34,1.69,1.43,-,52.64%,38.94%,-28.17%,44.02%,170.10%,1.60,-1.23%,"55,677"
NNYYY,-,-,-,-,-,-,-,-,-,-,-,-,-,45.66,-0.18%,"1,134"
NNZAC,-,-,-,-,-,-,-,-,-,-,-,-,-,47.22,-0.33%,"3,327"
NNZF,2.42B,13.52,-,-,11.65,0.98,-,-,-,-,-,-,-,12.30,-0.97%,"461,295"
OO,59.04B,45.64,35.86,2.52,9.72,1.49,106.84,14.76,30.44%,14.02%,0.30%,14.23%,27.82%,62.40,-0.54%,"5,340,920"
OOABI,555.39M,-,-,-,14.44,2.13,10.68,-,36.59%,22.53%,-14.88%,43.10%,-14.39%,3.82,13.02%,"18,348,520"
OOACC,264.76M,39.05,-,-,-,1.33,224.37,-,-,-,-,-,-,10.73,0.00%,32
OOACP,-,-,-,-,-,-,-,-,-,-,-,-,-,22.37,-0.21%,"8,877"
OOAEM,-,-,-,-,-,-,-,-,-,-,-,-,-,49.10,1.28%,"5,696"
OOAIM,-,-,-,-,-,-,-,-,-,-,-,-,-,48.68,0.72%,"8,586"
OOAIW,-,-,-,-,-,-,-,-,-,-,-,-,-,25.11,1.05%,"3,649"
OOAKG,-,-,-,-,-,-,-,-,-,-,-,-,-,27.07,-1.05%,"4,683"
OOAKI,-,-,-,-,-,-,-,-,-,-,-,-,-,27.11,-1.00%,"5,167"
OOAKM,-,-,-,-,-,-,-,-,-,-,-,-,-,30.78,-1.44%,"121,670"
OOALC,-,-,-,-,-,-,-,-,-,-,-,-,-,42.27,-0.43%,"6,813"
OOARK,-,-,-,-,-,-,-,-,-,-,-,-,-,29.47,0.61%,"3,992"
OOASC,-,-,-,-,-,-,-,-,-,-,-,-,-,35.64,-0.03%,"2,046"
OOBA,325.58M,49.73,-,-,-,1.84,638.39,-,-,-,-,-,-,10.30,0.00%,"3,803"
OOBAI,10.83M,-,-,-,1.09,-,2.09,-,-,-,-,-,-,0.36,-7.07%,"795,211"
OOBDC,5.67B,20.20,8.93,-,3.64,0.81,23.82,11.76,-17.96%,-0.71%,4.44%,-8.54%,17.43%,11.50,-1.88%,"3,545,750"
OOBE,772.07M,41.06,10.17,0.36,1.96,0.78,5514.76,-,183.15%,12.26%,-,28.30%,13.73%,11.57,8.43%,"1,002,810"
OOBIL,-,-,-,-,-,-,-,-,-,-,-,-,-,50.10,-0.01%,"34,892"
OOBIO,283.69M,-,-,-,8.87,14.68,2.58,-,-36.94%,1.60%,-164.92%,7.98%,-,4.72,7.03%,"221,593"
OOBK,1.66B,16.79,12.29,-,2.73,1.29,-,9.44,69.92%,7.06%,9.19%,-,16.81%,53.66,-1.72%,"176,455"
OOBND,-,-,-,-,-,-,-,-,-,-,-,-,-,25.45,-0.20%,141
OOBOR,-,-,-,-,-,-,-,-,-,-,-,-,-,27.65,0.25%,187
OOBT,519.16M,10.91,10.26,-,3.27,1.69,-,8.03,21.71%,9.58%,20.76%,-,19.50%,38.72,-1.20%,"32,627"
OOBTC,-,-,-,-,-,-,-,-,-,-,-,-,-,20.66,2.26%,"6,766"
OOBX,1.08B,0.04,-,-,-,1.32,197.18,-,-,-,-,78.97%,-,17.53,-1.32%,"18,643"
OOC,12.16B,-,12.76,2.03,1.23,3.22,43.58,13.55,-16.64%,20.03%,-11.88%,6.28%,7.45%,153.81,-0.56%,"650,924"
OOCAC,130.58M,-,-,-,-,-,-,-,-,-,-,-,-,9.93,0.00%,6
OOCC,151.12M,149.26,-,-,1.93,9.21,1007.45,-,-,-,26.31%,-,5.73%,17.12,-3.82%,"280,898"
OOCCI,72.55M,-,2.29,-,1.65,0.66,-,-,-26.32%,10.20%,-,-,-,2.47,-1.59%,"207,902"
OOCDB,-,-,-,-,-,-,-,-,-,-,-,-,-,26.39,-0.11%,6
OOCFC,1.93B,23.10,8.53,0.35,2.58,0.80,-,20.29,24.98%,28.78%,2.78%,24.36%,9.44%,19.64,-0.66%,"975,707"
OOCG,3.25M,-,-,-,1.72,0.00,0.09,-,-,-,-,-,-35.89%,1.68,-1.75%,"98,148"
OOCGN,466.28M,-,-,-,101.81,-,4.66,-,-13.04%,-7.69%,5.89%,47.91%,152.94%,1.38,1.85%,"2,501,078"
OOCIO,-,-,-,-,-,-,-,-,-,-,-,-,-,38.33,0.06%,78
OOCLTU,102.11M,-,-,-,-,-,-,-,-,-,-,-,-,10.00,0.05%,"23,916"
OOCNL,-,-,-,-,-,-,-,-,-,-,-,-,-,28.87,8.23%,"6,691"
OOCS,751.20M,-,-,-,-,2.98,2.65,-,18.19%,-10.15%,-,9.92%,-,13.14,1.55%,"220,313"
OOCSL,1.13B,26.80,9.41,-,4.77,0.82,28.35,10.04,-14.97%,-9.30%,-13.94%,-7.30%,18.33%,12.85,-1.00%,"612,885"
OOCTB,-,-,-,-,-,-,-,-,-,-,-,-,-,27.82,-0.04%,"2,606"
OOCTH,-,-,-,-,-,-,-,-,-,-,-,-,-,24.17,0.00%,532
OOCTJ,-,-,-,-,-,-,-,-,-,-,-,-,-,24.10,0.02%,"1,410"
OOCTM,-,-,-,-,-,-,-,-,-,-,-,-,-,33.98,-0.01%,"4,575"
OOCTP,-,-,-,-,-,-,-,-,-,-,-,-,-,33.06,-0.03%,9
OOCTT,-,-,-,-,-,-,-,-,-,-,-,-,-,47.81,-0.11%,"2,336"
OOCTU,-,-,-,-,-,-,-,-,-,-,-,-,-,31.21,-0.53%,"1,730"
OOCTV,4.84B,-,13.26,7.85,-,0.95,15.90,-,-5.38%,2.96%,-,1.69%,-,18.02,-4.71%,"1,646,316"
OOCTW,-,-,-,-,-,-,-,-,-,-,-,-,-,41.60,-0.07%,"7,082"
OOCTZ,-,-,-,-,-,-,-,-,-,-,-,-,-,46.94,-0.38%,710
OOCUL,2.34B,-,-,-,44.94,4.50,3.91,-,-5.36%,1.72%,11.13%,10.55%,24.45%,10.65,6.08%,"11,151,659"
OODC,1.24B,23.89,-,-,2.54,4.36,19.75,25.15,-,-,23.20%,-,11.38%,92.54,2.36%,"118,701"
OODD,557.64M,15.29,11.84,-,0.75,2.29,1.89,-,-94.27%,706.14%,54.03%,-19.85%,48.90%,12.09,-7.78%,"1,229,559"
OODDS,-,-,-,-,-,-,-,-,-,-,-,-,-,25.63,-1.48%,"2,220"
OODDZ,-,-,-,-,-,-,-,-,-,-,-,-,-,25.29,-2.62%,61
OODFL,43.95B,40.79,31.90,1.93,7.84,9.67,154.79,39.43,20.21%,14.21%,11.25%,16.55%,6.48%,211.96,0.47%,"1,359,848"
OODHY,-,-,-,-,-,-,-,-,-,-,-,-,-,9.96,-0.05%,12
OODTE,-,-,-,-,-,-,-,-,-,-,-,-,-,26.15,-0.25%,"12,798"
OODTX,1.00B,-,-,-,-,2.37,3.23,-,-13.11%,17.69%,-,2.33%,-,20.86,0.63%,"119,801"
OODYS,65.71M,-,-,-,60.29,3.78,3.82,-,-,-,4.13%,-,43.76%,3.91,-1.76%,"13,873"
OOEC,352.14M,-,18.38,2.36,0.19,0.93,6.73,18.94,-77.84%,205.94%,-,7.79%,9.72%,6.23,-3.26%,"348,663"
OOEF,-,-,-,-,-,-,-,-,-,-,-,-,-,380.69,-0.48%,"153,282"
OOEFA,-,-,-,-,-,-,-,-,-,-,-,-,-,36.37,-0.67%,226
OOEI,-,-,-,-,-,-,-,-,-,-,-,-,-,26.25,-0.06%,"7,005"
OOESX,78.84M,-,22.77,-,0.85,4.19,15.25,105.12,152.81%,80.14%,-,-,-5.88%,19.28,-0.36%,"46,962"
OOFAL,-,-,-,-,-,-,-,-,-,-,-,-,-,1.10,0.92%,"870,283"
OOFG,2.26B,10.54,10.45,1.66,2.46,1.61,-,11.16,10.83%,0.91%,28.35%,6.29%,8.68%,53.52,-0.80%,"192,136"
OOFIX,408.55M,-,-,-,0.49,0.95,3.91,-,59.10%,10.76%,-,37.64%,15.13%,10.03,-3.00%,"233,386"
OOFLX,287.18M,24.22,-,-,2.97,3.50,5.99,26.52,-,-,-5.73%,-,-1.46%,28.45,-0.77%,"41,113"
OOFRM,732.32M,-,37.25,-,2.54,4.71,7.83,-,85.57%,229.21%,-,-,-,17.44,-0.17%,"254,597"
OOFS,47.70M,-,8.90,-,3.68,0.42,11.98,5.40,-56.52%,0.00%,-,-,-4.25%,3.56,-0.84%,"40,724"
OOGC,6.56B,7.78,-,-,2.66,2.59,10.02,9.10,-,-,-,-,28.13%,29.49,3.11%,"599,136"
OOGE,9.78B,20.74,18.20,2.74,3.02,1.96,10868.47,35.67,4.52%,7.30%,-,6.64%,8.96%,47.35,-0.32%,"961,635"
OOGEN,2.41M,-,-,-,-,0.66,0.62,-,-,-,64.78%,-,-,0.54,0.39%,"197,945"
OOGG,855.93M,137.07,-,-,18.68,1.10,1.45,-,-,-,-33.73%,-,-,2.81,-1.75%,"1,254,471"
OOGI,172.74M,2.71,40.62,-,0.77,0.50,21.01,-,442.59%,-93.50%,43.19%,-,23.51%,1.23,-0.41%,"785,758"
OOGIG,-,-,-,-,-,-,-,-,-,-,-,-,-,49.87,-1.80%,"2,415"
OOGN,3.60B,17.55,3.63,0.90,0.59,3.58,3.18,6.35,-3.83%,7.10%,-39.04%,4.03%,-1.00%,13.70,-0.15%,"2,317,565"
OOGS,5.03B,17.26,15.82,2.28,2.17,1.42,164.45,-,9.20%,3.32%,3.48%,6.94%,9.67%,79.98,-1.23%,"338,807"
OOGSP,-,-,-,-,-,-,-,-,-,-,-,-,-,10.01,0.00%,16
OOHAC,249.10M,-,-,-,-,1.39,1132.26,-,-,-,-,-,-,9.94,-0.10%,"35,362"
OOHI,14.11B,16.63,22.97,8.94,10.93,2.58,76.60,16.92,19.67%,-12.67%,23.40%,2.57%,6.42%,46.57,0.09%,"1,859,203"
OOI,1.02B,-,4.41,0.63,0.16,2.66,3.00,-,-64.84%,166.75%,-,7.00%,1.08%,6.62,-2.50%,"2,348,898"
OOIA,291.43M,32.00,-,-,12.79,0.97,-,-,-,-,-,-,-,6.08,-0.98%,"94,740"
OOIH,-,-,-,-,-,-,-,-,-,-,-,-,-,426.60,1.25%,"315,111"
OOII,5.39B,15.58,23.14,2.18,1.88,4.63,8.46,22.68,4.14%,16.33%,-,10.63%,8.78%,54.11,3.66%,"2,032,720"
OOILD,-,-,-,-,-,-,-,-,-,-,-,-,-,30.24,-3.08%,"43,991"
OOILK,-,-,-,-,-,-,-,-,-,-,-,-,-,53.63,2.68%,"74,066"
OOILT,-,-,-,-,-,-,-,-,-,-,-,-,-,31.51,1.80%,"1,796"
OOILU,-,-,-,-,-,-,-,-,-,-,-,-,-,51.10,3.14%,"76,319"
OOIM,366.06M,87.17,-,-,-,1.32,522.94,-,-,-,-,-,-,10.13,-0.00%,9
OOIO,662.98M,-,-,-,113.72,1.97,1250.90,-,-,-,-194.91%,-,-,1.90,-2.31%,"102,333"
OOIS,552.55M,-,12.51,0.31,0.86,1.29,27.91,10.26,51.35%,30.80%,24.96%,39.76%,0.95%,9.16,2.58%,"582,060"
OOKE,60.09B,16.47,15.38,1.84,1.52,2.62,373.21,20.68,5.61%,8.29%,30.79%,8.35%,31.75%,95.32,0.35%,"3,815,787"
OOKLC,-,-,-,-,-,-,-,-,-,-,-,-,-,16.08,-2.47%,358
OOKLL,-,-,-,-,-,-,-,-,-,-,-,-,-,3.00,-2.28%,"9,001,743"
OOKLO,8.16B,-,-,-,6745.83,2.48,3.30,-,-27.21%,-10.34%,-157.20%,-17.82%,-,43.88,-1.13%,"6,159,439"
OOKLS,-,-,-,-,-,-,-,-,-,-,-,-,-,24.82,1.72%,"89,536"
OOKTA,24.90B,104.04,33.58,2.95,8.31,3.64,9.61,27.33,9.89%,10.89%,-,11.37%,28.43%,143.24,-2.84%,"3,149,085"
OOKTG,-,-,-,-,-,-,-,-,-,-,-,-,-,29.93,-5.64%,"12,736"
OOKUR,166.44M,-,-,-,-,0.97,0.94,-,58.41%,16.58%,11.29%,32.97%,-,4.11,3.01%,"228,695"
OOKYO,79.77M,-,-,-,-,6.47,3.87,-,20.59%,-200.00%,-116.82%,-,-,1.52,0.00%,"106,032"
OOLB,6.92M,-,-,-,0.99,0.63,5.40,-,79.89%,-,10.98%,-,-2.34%,0.29,-3.39%,"342,189"
OOLED,3.98B,20.96,18.23,4.32,6.56,2.38,8.45,18.10,-17.11%,12.86%,12.62%,4.22%,8.69%,86.64,-2.56%,"696,323"
OOLLI,4.53B,18.51,14.87,1.07,1.66,2.40,18.15,21.29,15.14%,13.34%,1.12%,13.90%,7.93%,74.93,-2.04%,"1,735,068"
OOLMA,942.35M,-,-,-,-,2.19,2.04,-,-28.05%,-11.21%,-25.06%,-6.41%,-,10.77,1.32%,"889,851"
OOLN,2.17B,-,23.89,-,0.32,1.27,12.21,21.54,-242.08%,396.08%,32.25%,-,3.32%,19.01,-0.47%,"1,989,249"
OOLOX,3.86M,-,-,-,1.45,0.62,128.71,-,-,-,56.05%,-,-19.54%,2.73,4.36%,"87,108"
OOLP,529.26M,15.39,63.82,-,5.10,1.68,40.43,15.16,5.22%,-68.60%,-2.85%,-,3.51%,24.25,0.08%,"86,017"
OOM,84.68M,-,-,-,0.72,0.88,0.58,-,28.22%,25.70%,28.06%,24.51%,19.06%,4.51,0.00%,"241,434"
OOMAB,4.32B,16.44,11.71,0.75,4.75,9.52,29.30,12.78,18.95%,15.56%,40.74%,15.71%,27.21%,102.79,-0.58%,"35,116"
OOMAH,-,-,-,-,-,-,-,-,-,-,-,-,-,18.42,-0.86%,"1,604,281"
OOMC,23.45B,73.26,7.21,0.46,1.05,2.68,7.03,9.81,20.70%,13.58%,-,15.65%,5.57%,85.46,-2.41%,"1,818,513"
OOMCL,1.64B,42.60,17.24,1.15,1.32,1.27,5.09,11.73,40.05%,-7.88%,-43.00%,14.94%,5.84%,36.03,-3.40%,"887,407"
OOMDA,1.45B,360.94,51.50,-,4.69,5.70,6.56,63.96,203.38%,27.45%,-,-,-,23.75,-1.21%,"962,201"
OOMER,1.26B,12.07,17.36,-,32.71,-,9.52,-,1880.00%,12.36%,53.45%,-,-,17.36,0.99%,"2,467,443"
OOMEX,50.24M,-,-,-,279.11,-,21.38,-,-,-,4.83%,-,-29.55%,0.86,-4.97%,"270,101"
OOMF,7.49B,9.82,7.58,0.52,1.17,2.22,5.74,2.32,6.57%,21.11%,3.94%,14.62%,4.82%,65.15,-0.81%,"752,342"
OOMFL,-,-,-,-,-,-,-,-,-,-,-,-,-,70.90,-0.52%,"110,473"
OOMFS,-,-,-,-,-,-,-,-,-,-,-,-,-,53.84,-0.28%,"6,016"
OOMH,1.95M,-,-,-,0.27,0.70,0.70,-,-,-,12.08%,-,24.66%,0.09,-3.41%,"3,859,385"
OOMSE,188.05M,5.84,5.61,-,1.21,0.99,1.22,3.58,-21.02%,27.42%,-,-,-,4.43,-1.56%,"31,197"
OON,32.46B,53.69,18.54,0.52,5.24,4.50,8.40,21.63,36.12%,40.60%,-12.08%,35.50%,2.67%,83.38,0.87%,"6,578,913"
OONB,10.36B,12.06,9.36,0.71,2.52,1.24,-,11.02,17.93%,10.92%,5.58%,13.26%,32.85%,27.07,-0.37%,"2,476,151"
OONC,37.80B,63.71,36.34,0.50,6.15,7.92,7.19,28.35,176.90%,36.97%,-,72.52%,76.88%,362.51,4.33%,"465,421"
OONCH,221.88M,38.51,-,-,-,1.30,5546.89,-,-,-,-,-,-,10.29,0.10%,"6,557"
OONCO,2.99M,-,-,-,4.60,0.21,0.50,-,-,-,52.21%,-,-,0.76,-6.63%,"159,854"
OONCY,104.90M,-,-,-,-,-,25.46,-,-12.04%,18.76%,6.32%,14.77%,-,0.82,-1.35%,"523,157"
OOND,-,-,-,-,-,-,-,-,-,-,-,-,-,35.33,-1.53%,49
OONDC,-,-,-,-,-,-,-,-,-,-,-,-,-,29.00,-5.01%,311
OONDG,-,-,-,-,-,-,-,-,-,-,-,-,-,3.46,-4.68%,"4,500,353"
OONDL,-,-,-,-,-,-,-,-,-,-,-,-,-,8.78,-4.98%,"1,898,823"
OONDS,5.13B,100.67,-,-,29.49,3.04,3.69,-,150.00%,-207.26%,1.28%,58.60%,87.94%,9.00,-2.60%,"69,737,342"
OONDU,-,-,-,-,-,-,-,-,-,-,-,-,-,5.55,-4.31%,"312,946"
OONEG,16.64M,-,-,-,2.63,460.18,75.64,-,-,-,-,-,-,1.04,-2.80%,"24,509"
OONEH,-,-,-,-,-,-,-,-,-,-,-,-,-,24.67,-0.16%,"4,427"
OONEO,-,-,-,-,-,-,-,-,-,-,-,-,-,158.56,-0.38%,407
OONEQ,-,-,-,-,-,-,-,-,-,-,-,-,-,105.04,-0.27%,"222,127"
OONEV,-,-,-,-,-,-,-,-,-,-,-,-,-,149.59,-1.06%,"16,873"
OONEW,191.15M,-,9.31,0.16,0.11,0.67,2.42,3.37,-0.50%,181.27%,-,56.96%,12.85%,11.47,-3.61%,"95,854"
OONEY,-,-,-,-,-,-,-,-,-,-,-,-,-,133.51,-1.05%,"13,084"
OONEZ,-,-,-,-,-,-,-,-,-,-,-,-,-,28.28,-0.35%,"12,099"
OONFO,2.00M,-,-,-,0.20,-,2.38,-,-,-,-21.00%,-,70.20%,2.35,-9.27%,"2,019,748"
OONG,-,-,-,-,-,-,-,-,-,-,-,-,-,5.59,1.71%,"21,388"
OONIT,319.56M,2.42,6.09,-,0.27,0.53,0.81,-,-89.69%,183.58%,-,-27.89%,3.35%,38.25,-2.47%,"53,455"
OONL,162.01M,-,-,-,1.13,0.26,2.55,-,100.81%,-1400.00%,-31.11%,-,16.65%,2.84,-1.05%,"204,066"
OONLN,-,-,-,-,-,-,-,-,-,-,-,-,-,58.47,-1.50%,"1,846"
OONMD,34.75M,-,-,-,23.80,-,96.53,-,-,-,-,-,-,0.61,-21.89%,"958,568"
OONOF,-,-,-,-,-,-,-,-,-,-,-,-,-,41.31,-0.36%,"3,376"
OONON,10.31B,20.99,15.24,0.41,2.54,4.42,6.90,19.73,74.49%,19.38%,-,37.16%,51.61%,31.31,-2.82%,"10,178,889"
OONT,563.28M,-,77.86,-,0.73,1.31,44.28,10.82,-22.86%,219.77%,49.40%,-,20.40%,16.04,-8.97%,"801,759"
OONTO,17.23B,131.42,30.97,0.75,15.38,8.96,9.16,68.26,64.02%,39.93%,34.65%,41.17%,12.55%,351.16,5.86%,"1,239,873"
OONTX,-,-,-,-,-,-,-,-,-,-,-,-,-,25.73,12.09%,"16,801"
OONX,-,-,-,-,-,-,-,-,-,-,-,-,-,8.83,2.25%,"20,755"
OOOMA,551.92M,61.15,13.43,0.66,1.91,5.76,32.16,22.48,25.96%,14.07%,-,20.36%,10.12%,20.07,-3.65%,"327,126"
OOOSP,-,-,-,-,-,-,-,-,-,-,-,-,-,10.12,-0.25%,514
OOPAD,20.25M,-,-,-,0.05,0.54,0.58,0.28,54.56%,48.79%,24.23%,38.45%,-11.81%,4.19,-5.84%,"27,513"
OOPAL,384.47M,-,2.54,0.08,1.13,2.53,4.17,-,289.99%,48.18%,-,31.36%,20.40%,2.20,2.33%,"126,266"
OOPBK,231.91M,8.00,7.54,-,1.35,0.97,-,16.83,16.57%,2.74%,15.15%,-,20.95%,15.53,-0.64%,"71,392"
OOPCH,3.50B,17.68,11.22,1.07,0.61,2.78,18.07,11.52,9.29%,10.83%,-,10.51%,13.25%,23.37,-2.40%,"2,521,952"
OOPEG,-,-,-,-,-,-,-,-,-,-,-,-,-,2.30,-4.54%,"161,440"
OOPEN,3.44B,-,-,-,1.06,3.75,3.57,-,63.70%,46.87%,6.03%,41.12%,11.09%,3.54,-2.75%,"50,083,427"
OOPER,-,-,-,-,-,-,-,-,-,-,-,-,-,100.23,0.02%,"2,371"
OOPEX,-,-,-,-,-,-,-,-,-,-,-,-,-,9.15,-5.48%,"40,414"
OOPFI,598.16M,4.14,3.67,0.20,0.98,1.45,6.51,1.54,-11.16%,35.58%,10.28%,18.56%,24.42%,7.02,-1.96%,"918,702"
OOPHC,123.79M,11.56,7.78,-,1.49,1.79,-,4.86,63.85%,11.46%,-,-,58.98%,10.09,2.85%,"414,208"
OOPI,-,-,-,-,-,-,-,-,-,-,-,-,-,19.00,0.05%,"69,614"
OOPK,1.02B,-,-,-,1.73,0.86,3.37,-,25.56%,-21.64%,-,6.53%,-15.82%,1.36,-1.45%,"3,043,973"
OOPLN,4.31B,-,20.33,0.95,2.08,2.75,19.78,12.40,16.16%,19.86%,-42.66%,21.43%,-2.43%,35.09,-1.15%,"2,201,783"
OOPP,188.93M,7.56,-,-,-,-,-,-,-,-,-,-,-,7.56,-0.66%,"76,605"
OOPPE,-,-,-,-,-,-,-,-,-,-,-,-,-,60.27,-0.39%,"6,740"
OOPPG,-,-,-,-,-,-,-,-,-,-,-,-,-,36.96,-1.99%,"1,218"
OOPPJ,-,-,-,-,-,-,-,-,-,-,-,-,-,58.72,0.12%,"38,878"
OOPRA,1.76B,15.50,14.01,1.13,2.70,1.78,12.38,12.54,-5.88%,25.00%,9.60%,12.40%,30.05%,19.62,-3.49%,"341,411"
OOPRT,345.82M,18.83,3.80,0.18,0.36,0.85,-,0.84,16.05%,25.45%,-,21.18%,10.39%,7.52,-2.46%,"260,608"
OOPRX,159.73M,36.05,7.71,-,1.62,1.22,6.63,8.58,-13.14%,20.61%,-,-,20.37%,8.48,-2.75%,"139,517"
OOPTH,27.33M,-,-,-,70.08,2.20,2.97,-,-,-,-72.14%,-,-,4.77,-0.42%,"21,304"
OOPTT,52.27M,-,-,-,12.81,3.73,5.89,-,47.73%,39.13%,17.21%,43.35%,27.58%,0.19,-6.52%,"6,164,764"
OOPTU,337.26M,-,-,-,0.04,-,0.25,-,-89.88%,85.53%,-,25.97%,-2.79%,0.88,-3.93%,"1,179,292"
OOPTX,362.93M,-,-,-,12.41,11.91,25.83,-,-,-,-53.30%,-,-,9.01,2.27%,"215,685"
OOPTZ,-,-,-,-,-,-,-,-,-,-,-,-,-,48.42,0.72%,941
OOPXS,78.09M,20.00,-,-,1.96,2.81,12.66,53.48,-,-,39.09%,-,9.81%,11.22,-1.32%,"16,330"
OOPY,1.25B,13.38,-,-,0.70,1.29,32.63,13.39,-,-,6.98%,-,6.45%,118.26,1.65%,"162,694"
OOR,6.21B,22.26,25.29,1.16,17.12,4.21,82.15,-,45.11%,3.22%,69.91%,21.76%,11.73%,33.33,-0.09%,"715,726"
OORA,7.01B,55.81,45.34,3.55,5.89,2.70,10.64,-,12.37%,-0.20%,4.18%,12.76%,7.01%,113.91,-0.74%,"475,119"
OORAC,-,-,-,-,-,-,-,-,-,-,-,-,-,23.32,-4.24%,"1,552"
OORBS,293.28M,-,-,-,11.68,0.74,4.74,-,-,-,-,-,43.06%,0.68,-5.43%,"22,635,652"
OORBX,-,-,-,-,-,-,-,-,-,-,-,-,-,48.26,1.24%,"26,760"
OORC,1.33B,4.48,6.44,1.00,2.35,0.92,1.34,6.45,64.83%,-7.65%,50.92%,6.44%,34.96%,6.67,0.30%,"3,065,727"
OORCL,422.42B,25.18,13.41,0.51,6.27,11.25,13.24,-,5.61%,35.74%,5.08%,26.50%,10.72%,146.65,-2.57%,"20,668,014"
OORCS,-,-,-,-,-,-,-,-,-,-,-,-,-,29.45,2.30%,"42,267"
OORCU,-,-,-,-,-,-,-,-,-,-,-,-,-,7.84,-4.74%,"2,383,069"
OORCX,-,-,-,-,-,-,-,-,-,-,-,-,-,21.87,-4.87%,"1,521,319"
OORCZ,-,-,-,-,-,-,-,-,-,-,-,-,-,16.83,4.48%,"66,851"
OORGO,221.32M,-,-,-,0.48,1.49,4.73,10.62,-575.08%,77.45%,-0.14%,-,10.77%,1.72,-3.91%,"655,765"
OORI,10.26B,9.31,12.93,6.22,1.06,1.69,-,8.02,-5.29%,10.23%,14.77%,2.08%,4.98%,42.51,-0.79%,"885,321"
OORIC,1.39B,-,-,-,-,3.64,5.24,-,-2.78%,-9.84%,15.18%,-5.62%,-,13.38,-3.53%,"1,145,292"
OORIO,21.17M,-,-,-,0.44,0.45,1.29,1.74,-,-,24.62%,-,7.20%,0.89,4.74%,"25,141"
OORIQ,89.44M,76.19,-,-,-,1.66,168.75,-,-,-,-,-,-,10.37,0.29%,"1,504"
OORKA,7.46B,-,-,-,-,6.19,8.54,-,-25.66%,-16.17%,37.79%,-25.86%,-,112.66,1.46%,"514,863"
OORKT,5.90M,-,-,-,1.35,0.89,2.54,-,-,-,-,-,4.44%,1.01,0.00%,"9,729"
OORLY,72.99B,28.69,24.68,2.26,3.93,-,278.41,33.85,10.58%,11.31%,13.58%,10.92%,8.91%,90.23,-0.90%,"4,461,031"
OORMP,190.10M,1.11,-,-,-,0.59,3.76,-,79.07%,-,-,-,-5.90%,4.57,2.01%,"223,942"
OORN,397.26M,107.33,22.08,0.53,0.44,2.42,94.14,-,0.00%,77.71%,-37.74%,41.61%,3.72%,9.81,-1.21%,"339,448"
OORO,-,-,-,-,-,-,-,-,-,-,-,-,-,17.89,0.83%,11
OORR,-,-,-,-,-,-,-,-,-,-,-,-,-,38.09,-0.68%,"118,484"
OORRF,846.38M,9.67,9.81,-,2.35,1.36,-,9.88,0.73%,1.80%,11.74%,-,22.75%,43.03,-0.72%,"91,337"
OOSBC,1.31B,14.82,10.82,-,2.87,1.46,-,9.24,34.98%,9.15%,11.88%,-,23.14%,25.83,-0.31%,"381,397"
OOSCR,9.74B,23.04,16.57,-,0.64,4.75,-,2.22,202.01%,10.45%,0.13%,-,90.80%,31.55,-3.69%,"5,939,852"
OOSCV,-,-,-,-,-,-,-,-,-,-,-,-,-,43.07,-0.39%,"35,736"
OOSCX,-,-,-,-,-,-,-,-,-,-,-,-,-,113.34,-6.91%,"1,233"
OOSEA,-,-,-,-,-,-,-,-,-,-,-,-,-,30.79,-0.27%,"60,744"
OOSG,207.69M,-,7.10,-,0.65,0.30,-,-,149.13%,128.02%,18.32%,-,10.00%,4.61,-5.92%,"378,334"
OOSIS,3.79B,26.28,20.09,1.71,2.10,4.24,10.97,60.31,11.30%,9.81%,16.58%,11.74%,8.00%,229.87,0.70%,"125,537"
OOSK,9.51B,17.63,11.02,0.70,0.90,2.10,23.55,8.60,-0.81%,30.59%,16.27%,15.71%,8.73%,153.97,0.71%,"333,907"
OOSPN,587.05M,8.94,12.22,-,2.38,2.14,13.55,15.06,-16.51%,4.82%,-,-0.22%,2.43%,15.93,-2.51%,"404,277"
OOSPRU,309.16M,-,-,-,-,-,15458.00,-,-,-,-,-,-,10.05,0.00%,"50,426"
OOSRH,20.72M,-,-,-,11.45,0.20,13.82,-,-,-,-214.49%,-,-,0.59,86.71%,"370,702,669"
OOSS,335.20M,270.42,224.00,-,6.96,8.68,10.67,-,35.32%,271.43%,-,-,-9.10%,13.44,-1.25%,"1,364,376"
OOSSL,-,-,-,-,-,-,-,-,-,-,-,-,-,9.07,-3.01%,922
OOSTX,67.80M,-,-,-,-,-,322.86,-,28.57%,78.57%,67.91%,63.75%,-,1.47,-9.26%,"1,152,527"
OOSUR,262.77M,-,-,-,2.34,0.83,1.64,-,29.79%,-22.73%,-33.45%,-,-7.70%,3.81,-0.78%,"357,768"
OOSW,2.71B,33.92,20.72,1.44,2.69,4.66,65.27,34.67,14.81%,13.49%,-,14.34%,51.37%,26.73,-0.72%,"995,752"
OOTAI,137.65M,-,-,-,-,-,344.12,-,-,-,-,-,-,10.01,0.10%,"4,861"
OOTEX,5.79B,9.28,5.62,-,1.10,1.44,6.05,7.19,-10.60%,7.84%,17.73%,-,9.15%,23.93,-2.49%,"1,019,930"
OOTF,5.10B,13.78,8.24,6.34,3.50,0.68,23.88,13.55,2.25%,5.60%,4.23%,1.30%,50.76%,11.13,-2.88%,"3,024,483"
OOTGA,301.60M,53.57,-,-,-,1.27,861.71,-,-,-,-,-,-,10.20,0.00%,"201,342"
OOTGL,-,-,-,-,-,-,-,-,-,-,-,-,-,10.58,0.30%,"8,297"
OOTIS,26.86B,18.11,15.43,1.95,1.80,-,31.64,15.69,0.54%,12.31%,10.95%,7.92%,2.50%,70.56,-2.85%,"3,839,836"
OOTLK,125.70M,-,-,-,83.24,-,11.18,-,70.95%,54.49%,33.18%,-,-,0.67,-11.13%,"80,658,264"
OOTLY,426.29M,-,-,-,0.46,-,9.55,-,43.75%,13.75%,-19.67%,31.93%,15.29%,13.65,-1.30%,"60,321"
OOTTR,3.89B,20.00,17.75,-,2.96,2.07,9.55,-,-7.25%,-14.07%,22.83%,-15.02%,7.94%,92.63,-0.26%,"220,417"
OOUNZ,-,-,-,-,-,-,-,-,-,-,-,-,-,42.48,0.97%,"511,874"
OOUSA,-,-,-,-,-,-,-,-,-,-,-,-,-,61.34,-0.86%,"23,553"
OOUSL,-,-,-,-,-,-,-,-,-,-,-,-,-,24.64,-3.03%,"96,630"
OOUSM,-,-,-,-,-,-,-,-,-,-,-,-,-,50.07,-0.58%,"72,699"
OOUST,3.47B,-,5905.52,-,16.94,8.88,13.28,-,-716.26%,102.86%,55.26%,-,55.05%,48.13,-1.19%,"3,657,985"
OOUT,5.25B,21.74,20.22,0.78,2.71,7.57,168.12,17.29,69.54%,5.95%,-,26.05%,8.18%,29.78,-1.52%,"1,187,050"
OOVB,-,-,-,-,-,-,-,-,-,-,-,-,-,20.18,-0.41%,"11,847"
OOVBC,213.93M,15.06,-,-,2.16,1.23,-,10.86,-,-,9.10%,-,11.17%,45.41,1.88%,"49,879"
OOVF,-,-,-,-,-,-,-,-,-,-,-,-,-,32.54,0.18%,"23,200"
OOVID,564.41M,-,-,-,357.22,2.54,4.81,-,-66.96%,-7.55%,29.81%,-26.75%,-10.48%,2.89,2.12%,"1,747,954"
OOVL,-,-,-,-,-,-,-,-,-,-,-,-,-,58.16,-0.53%,"137,438"
OOVLH,-,-,-,-,-,-,-,-,-,-,-,-,-,42.80,-0.33%,"6,016"
OOVLY,287.49M,12.11,-,-,2.95,1.32,-,11.50,-,-,11.39%,-,13.28%,34.17,0.29%,"25,411"
OOVM,-,-,-,-,-,-,-,-,-,-,-,-,-,21.46,-0.27%,"5,912"
OOVS,-,-,-,-,-,-,-,-,-,-,-,-,-,42.75,-0.49%,"11,697"
OOVT,-,-,-,-,-,-,-,-,-,-,-,-,-,21.82,-0.11%,"7,509"
OOVV,17.59B,17.85,9.37,0.54,1.83,1.54,25.13,7.82,42.03%,-4.16%,-,17.42%,9.38%,63.85,1.32%,"5,379,637"
OOWL,18.18B,147.41,11.80,1.11,6.08,3.99,107.53,13.74,5.42%,11.56%,-,10.62%,62.95%,11.66,-4.58%,"16,790,160"
OOWLS,479.65M,-,-,-,-,-,-,-,-,-,-,-,-,5.43,2.07%,"23,165"
OOWLT,177.58M,-,1834.83,-,1.55,7.61,4.86,-,90.19%,101.47%,15.22%,-,6.99%,6.11,-8.26%,"247,171"
OOWN,-,-,-,-,-,-,-,-,-,-,-,-,-,25.07,-1.16%,"1,872"
OOWNB,-,-,-,-,-,-,-,-,-,-,-,-,-,17.07,2.14%,"5,617"
OOWNS,-,-,-,-,-,-,-,-,-,-,-,-,-,17.09,-0.23%,"6,502"
OOXBR,11.15M,86.71,-,-,4.01,1.69,-,23.23,71.43%,-125.00%,-100.41%,-,16.25%,1.37,-10.46%,"22,059"
OOXLC,917.44M,-,2.09,-,2.34,0.89,9.49,1.32,15.73%,15.38%,-,-,46.40%,9.40,-2.19%,"1,084,917"
OOXM,545.13M,-,12.09,0.78,0.37,1.04,58.24,22.90,16.75%,22.57%,20.24%,15.60%,14.56%,36.51,0.38%,"167,860"
OOXSQ,152.94M,-,6.45,-,218.49,1.10,4.42,10.35,-36.67%,15.79%,-,-,-3.29%,1.42,-2.74%,"2,130,182"
OOXY,59.02B,17.49,15.58,0.71,2.43,1.76,14.16,11.11,168.59%,-36.17%,-,21.93%,4.70%,59.04,1.17%,"6,575,415"
OOYSE,351.01M,37.91,-,-,-,1.37,615.81,-,-,-,-,-,-,10.35,0.00%,215
OOZ,192.65M,-,-,-,12.80,0.72,12.32,-,-,-,-137.82%,-,146.47%,47.53,0.56%,"3,071"
OOZEM,-,-,-,-,-,-,-,-,-,-,-,-,-,33.02,-0.04%,"48,271"
OOZK,5.80B,8.44,8.42,2.00,2.09,0.94,-,7.60,-6.19%,4.66%,22.32%,4.21%,18.77%,51.11,-2.63%,"1,275,222"
PP,38.89B,177.85,38.16,1.73,9.88,26.94,25.80,75.68,18.44%,25.57%,-,22.01%,16.81%,116.99,-0.99%,"3,130,009"
PPAA,16.76B,6.58,13.71,1.44,0.32,1.85,15.82,7.06,9.24%,3.01%,-,9.53%,13.42%,23.75,-0.63%,"2,020,027"
PPAAA,-,-,-,-,-,-,-,-,-,-,-,-,-,51.42,0.02%,"2,830,780"
PPAAC,176.88M,129.07,-,-,-,1.38,276.38,-,-,-,-,-,-,9.99,0.00%,7
PPAAS,20.27B,14.49,10.10,0.43,4.70,2.73,11.89,13.26,45.45%,28.87%,24.80%,23.76%,22.00%,48.11,1.46%,"4,567,527"
PPAB,-,-,-,-,-,-,-,-,-,-,-,-,-,41.51,-0.20%,"5,458"
PPABD,-,-,-,-,-,-,-,-,-,-,-,-,-,71.45,-0.22%,"1,215"
PPABU,-,-,-,-,-,-,-,-,-,-,-,-,-,78.24,-0.89%,383
PPAC,10.68B,18.94,14.41,1.08,4.54,4.06,9.44,1197.24,7.23%,15.95%,41.43%,13.31%,31.34%,205.69,-0.62%,"70,293"
PPACB,376.11M,-,-,-,2.36,-,1.59,-,75.09%,-2.94%,-,41.52%,15.19%,1.21,5.22%,"6,123,792"
PPACH,292.93M,36.79,-,-,-,1.30,623.25,-,-,-,-,-,-,10.30,-0.00%,"4,423"
PPACK,449.37M,-,-,-,1.08,0.86,10.40,88.11,61.11%,65.71%,-7.09%,-,5.78%,5.24,-5.92%,"390,448"
PPACS,7.02B,26.56,17.04,1.07,1.26,6.32,39.67,15.40,29.33%,9.06%,-10.97%,15.93%,45.92%,44.32,-0.27%,"697,676"
PPAG,14.31B,16.05,15.05,2.82,0.45,2.46,205.92,28.78,1.67%,6.86%,15.94%,5.34%,9.24%,217.95,-0.86%,"296,446"
PPAGP,19.65B,9.43,13.73,0.85,0.38,3.23,18.54,8.29,48.90%,-2.93%,-,16.16%,13.42%,25.79,-0.19%,"1,618,942"
PPAGS,2.40B,6.09,4.90,0.59,0.64,0.82,2.05,-,9.50%,8.70%,11.05%,8.28%,22.21%,8.66,-0.69%,"2,802,669"
PPAHC,1.40B,14.88,10.36,0.50,0.94,3.88,18.14,110.00,47.04%,8.80%,7.45%,20.80%,10.12%,34.63,0.79%,"152,630"
PPAI,113.56M,11.71,-,-,15.92,0.90,-,-,-,-,-,-,-,11.94,-0.17%,"6,071"
PPAII,279.76M,46.34,-,-,-,1.41,-,-,-,-,-,-,-,10.26,0.00%,"5,453"
PPAL,163.57M,-,10.38,0.10,0.39,0.54,20.12,9.54,-48.29%,886.96%,-,102.99%,-,5.89,7.09%,"1,106,301"
PPALC,-,-,-,-,-,-,-,-,-,-,-,-,-,58.05,-1.01%,"8,737"
PPALD,-,-,-,-,-,-,-,-,-,-,-,-,-,10.43,1.98%,"56,408"
PPALI,374.68M,-,-,-,749.37,3.07,2.99,-,24.81%,-23.65%,88.75%,-2.88%,-,2.15,0.47%,"1,404,019"
PPALL,-,-,-,-,-,-,-,-,-,-,-,-,-,24.19,1.09%,"743,425"
PPALO,210.70M,-,-,-,-,1.30,186.46,-,-,-,-,-,-,9.95,0.00%,33
PPALU,-,-,-,-,-,-,-,-,-,-,-,-,-,60.16,-4.46%,"99,064"
PPAM,4.34B,7.47,7.21,0.34,1.78,1.06,3.39,-,42.13%,12.91%,26.72%,21.48%,13.44%,79.86,1.18%,"179,469"
PPAMC,-,-,-,-,-,-,-,-,-,-,-,-,-,54.78,-0.68%,414
PPAMT,265.13M,-,-,-,0.44,1.31,4.66,-,-,-,-,-,4.20%,12.66,-0.78%,"31,465"
PPANG,-,-,-,-,-,-,-,-,-,-,-,-,-,36.88,-3.93%,"44,004"
PPANL,502.18M,10.43,9.40,-,0.71,1.12,4.75,7.67,351.33%,-33.01%,2.93%,-,10.54%,7.67,3.09%,"419,408"
PPANW,306.24B,309.09,91.55,7.03,28.87,11.04,98.25,80.73,12.99%,8.76%,-,13.02%,22.03%,375.76,-2.21%,"5,088,770"
PPAPI,-,-,-,-,-,-,-,-,-,-,-,-,-,27.93,-0.11%,"104,905"
PPAPL,26.28M,-,54.45,-,1.64,0.51,2.50,-,-,-,-,-,39.06%,1.04,-0.95%,"8,690"
PPAPR,-,-,-,-,-,-,-,-,-,-,-,-,-,42.87,-0.09%,"9,946"
PPAR,767.28M,-,12.99,0.08,1.54,0.94,9.84,-,411.11%,86.26%,-1.70%,160.12%,16.34%,18.55,-2.62%,"870,513"
PPARA,4.80M,-,-,-,0.45,0.32,7.39,-,87.78%,49.24%,43.71%,-,-,1.45,-14.71%,"335,886"
PPARK,108.80M,-,14.48,-,0.43,3.61,4.46,-,-31.97%,-4.82%,-,-,-,22.88,-0.39%,"32,614"
PPARR,4.11B,4.79,6.79,9.17,0.48,2.04,22.01,9.38,160.80%,-38.67%,-,0.74%,19.02%,82.07,2.18%,"906,962"
PPASG,14.61M,-,-,-,-,3.28,0.60,-,31.85%,-4.29%,24.41%,-,-,4.54,-1.09%,"10,535"
PPASW,-,-,-,-,-,-,-,-,-,-,-,-,-,0.13,1.75%,"61,428"
PPATH,8.28B,26.38,17.74,1.32,4.95,4.37,6.33,22.08,8.71%,15.17%,-,13.43%,21.53%,15.99,-0.12%,"72,191,614"
PPATK,2.72B,20.16,15.86,-,0.69,2.41,93.38,21.30,-3.57%,24.84%,6.83%,-,9.70%,84.78,-1.49%,"531,979"
PPATN,-,-,-,-,-,-,-,-,-,-,-,-,-,36.50,0.50%,"251,770"
PPATX,-,-,-,-,-,-,-,-,-,-,-,-,-,15.68,-0.50%,"43,999"
PPAUG,-,-,-,-,-,-,-,-,-,-,-,-,-,46.72,-0.21%,"166,470"
PPAVE,-,-,-,-,-,-,-,-,-,-,-,-,-,58.73,0.24%,"926,688"
PPAVM,38.12M,-,-,-,346.59,1.07,10.09,-,35.70%,45.30%,55.65%,-,-,5.32,2.40%,"21,303"
PPAVS,5.45M,-,-,-,0.44,0.00,1.05,-,-,-,-,-,-74.40%,6.36,-9.01%,"41,344"
PPAWZ,-,-,-,-,-,-,-,-,-,-,-,-,-,51.39,-1.19%,"2,939"
PPAX,1.84B,25.52,7.52,0.90,4.20,3.24,16.24,9.58,6.56%,12.19%,2.88%,8.40%,27.59%,11.42,-0.70%,"1,166,822"
PPAXS,664.44M,7.76,-,-,-,-,-,-,-,-,-,-,-,14.13,-0.98%,"171,682"
PPAY,5.12B,61.74,37.76,1.35,3.76,8.35,13.49,32.18,36.62%,19.41%,48.17%,27.98%,31.72%,40.66,-2.87%,"521,520"
PPAYC,9.49B,22.76,15.46,0.86,4.43,16.60,47.91,16.73,30.77%,14.65%,26.84%,18.08%,19.51%,214.19,-1.81%,"476,263"
PPAYH,-,-,-,-,-,-,-,-,-,-,-,-,-,25.77,0.82%,"12,778"
PPAYM,-,-,-,-,-,-,-,-,-,-,-,-,-,25.86,0.52%,"18,677"
PPAYO,2.42B,51.52,22.35,0.67,2.23,3.70,6.88,13.32,22.13%,37.47%,-,33.41%,24.96%,7.13,0.00%,"5,260,528"
PPAYP,10.01B,12.13,13.93,1.42,3.88,3.90,3.31,-,-27.17%,33.93%,-,9.80%,-,14.97,0.54%,"664,567"
PPAYR,-,-,-,-,-,-,-,-,-,-,-,-,-,55.78,-0.63%,"19,043"
PPAYS,734.01M,50.76,30.95,-,7.29,12.20,4.16,10.79,165.38%,21.74%,-,-,27.74%,13.00,-1.29%,"612,345"
PPAYX,42.16B,24.24,18.50,2.52,6.47,11.29,35.81,18.16,8.28%,7.40%,10.04%,7.33%,9.93%,118.54,-2.85%,"2,760,245"
PPB,8.95B,12.90,10.23,-,4.77,0.90,-,15.17,1.61%,25.29%,0.12%,-,6.28%,74.48,-0.76%,"700,169"
PPBA,28.30B,23.70,21.53,3.29,4.99,2.62,262.41,19.24,14.02%,1.25%,-,6.54%,4.37%,48.66,-1.36%,"645,328"
PPBAM,497.71M,11.31,10.03,-,2.84,1.74,-,-,22.76%,2.15%,29.01%,-,22.57%,87.01,0.47%,"32,829"
PPBAP,-,-,-,-,-,-,-,-,-,-,-,-,-,31.45,-0.06%,913
PPBAU,-,-,-,-,-,-,-,-,-,-,-,-,-,32.06,-0.12%,"1,059"
PPBD,-,-,-,-,-,-,-,-,-,-,-,-,-,18.47,-0.19%,"43,439"
PPBDC,-,-,-,-,-,-,-,-,-,-,-,-,-,27.90,-1.52%,"72,686"
PPBDE,-,-,-,-,-,-,-,-,-,-,-,-,-,31.51,-0.06%,"2,072"
PPBE,-,-,-,-,-,-,-,-,-,-,-,-,-,94.72,1.04%,"7,069"
PPBEU,-,-,-,-,-,-,-,-,-,-,-,-,-,35.95,-0.30%,"26,402"
PPBF,8.90B,6.64,6.52,-,0.26,1.39,9.95,11.38,514.79%,-32.82%,34.60%,-,14.18%,75.07,4.48%,"2,946,895"
PPBFB,-,-,-,-,-,-,-,-,-,-,-,-,-,32.45,-0.08%,220
PPBFR,-,-,-,-,-,-,-,-,-,-,-,-,-,31.14,-0.04%,"18,194"
PPBFS,424.79M,24.76,-,-,3.15,1.26,-,9.52,-,-,31.78%,-,12.84%,17.10,-1.84%,"8,806"
PPBH,2.37B,14.01,9.75,1.42,2.15,1.24,26.60,10.07,4.66%,11.97%,3.72%,6.86%,2.91%,50.04,-2.61%,"576,469"
PPBHC,101.79M,-,-,-,1.28,0.81,-,13.92,-,-,-65.07%,-,11.06%,16.27,0.00%,"4,593"
PPBI,2.20B,13.05,8.79,0.60,1.18,-,7.88,5.32,24.07%,8.76%,-,14.63%,-11.84%,16.02,-2.44%,"1,385,291"
PPBJ,-,-,-,-,-,-,-,-,-,-,-,-,-,47.78,-0.54%,"13,187"
PPBJA,-,-,-,-,-,-,-,-,-,-,-,-,-,32.83,-0.05%,"4,062"
PPBJL,-,-,-,-,-,-,-,-,-,-,-,-,-,31.83,-0.15%,"20,212"
PPBJN,-,-,-,-,-,-,-,-,-,-,-,-,-,31.40,-0.17%,392
PPBK,24.72M,-,11.50,-,0.88,1.04,2.59,-,67.56%,117.66%,-262.55%,-,51.01%,0.46,1.55%,"352,123"
PPBL,-,-,-,-,-,-,-,-,-,-,-,-,-,33.99,-0.47%,"1,238"
PPBLS,4.40B,-,-,-,-,4.39,3.92,-,-,-,-,-,-,37.22,0.40%,"385,404"
PPBM,13.77M,-,-,-,-,0.09,1.91,-,-,-,-,-,-,3.61,3.74%,"43,201"
PPBMR,-,-,-,-,-,-,-,-,-,-,-,-,-,32.60,-0.06%,143
PPBMY,-,-,-,-,-,-,-,-,-,-,-,-,-,31.70,-0.10%,128
PPBNV,-,-,-,-,-,-,-,-,-,-,-,-,-,31.58,-0.05%,124
PPBOC,-,-,-,-,-,-,-,-,-,-,-,-,-,31.17,-0.02%,"2,249"
PPBOG,-,-,-,-,-,-,-,-,-,-,-,-,-,34.87,1.50%,"29,237"
PPBOT,-,-,-,-,-,-,-,-,-,-,-,-,-,34.08,-0.14%,182
PPBP,-,-,-,-,-,-,-,-,-,-,-,-,-,23.35,-0.13%,"195,136"
PPBPH,-,-,-,-,-,-,-,-,-,-,-,-,-,27.93,0.65%,"68,184"
PPBQQ,-,-,-,-,-,-,-,-,-,-,-,-,-,31.91,0.08%,"223,634"
PPBR,67.91B,4.62,5.12,1.04,0.65,1.27,6.54,3.72,45.16%,-19.27%,70.66%,4.92%,11.04%,18.25,2.07%,"19,812,239"
PPBR-A,44.50B,4.13,4.49,0.77,0.43,1.13,4.28,2.44,44.41%,-17.06%,70.66%,5.86%,11.04%,16.34,1.68%,"7,889,442"
PPBRG,-,-,-,-,-,-,-,-,-,-,-,-,-,34.33,3.88%,698
PPBSC,-,-,-,-,-,-,-,-,-,-,-,-,-,25.28,-0.04%,13
PPBSE,-,-,-,-,-,-,-,-,-,-,-,-,-,31.26,0.03%,"2,586"
PPBT,1.53B,94.71,-,-,86.74,9487.03,681.94,-,-,-,5.47%,-,6.00%,32.92,0.70%,"134,429"
PPBTP,-,-,-,-,-,-,-,-,-,-,-,-,-,25.72,0.04%,"684,956"
PPBUS,-,-,-,-,-,-,-,-,-,-,-,-,-,77.51,-0.51%,"37,379"
PPBW,-,-,-,-,-,-,-,-,-,-,-,-,-,34.63,-1.40%,"452,765"
PPBYI,455.29M,17.08,44.10,-,1.97,3.25,4.85,11.06,-37.70%,-47.37%,-,-,0.29%,8.82,-0.11%,"191,914"
PPCAP,327.41M,37.54,-,-,-,1.31,519.70,-,-,-,-,-,-,10.34,0.05%,391
PPCAR,68.87B,27.54,18.38,1.14,2.48,3.39,7.80,23.24,18.29%,20.10%,12.60%,16.11%,8.73%,130.84,0.04%,"2,385,086"
PPCB,394.37M,9.72,9.35,-,1.85,1.20,-,9.36,14.21%,1.92%,19.83%,-,18.00%,28.08,-1.23%,"35,574"
PPCCE,-,-,-,-,-,-,-,-,-,-,-,-,-,12.55,0.00%,0
PPCEB,-,-,-,-,-,-,-,-,-,-,-,-,-,24.69,0.12%,"5,022"
PPCEF,-,-,-,-,-,-,-,-,-,-,-,-,-,20.57,0.19%,"63,262"
PPCF,102.75M,26.14,-,-,15.83,0.82,-,-,-,-,-,-,-,5.49,0.37%,"82,476"
PPCFI,-,-,-,-,-,-,-,-,-,-,-,-,-,22.44,-0.11%,13
PPCG,38.54B,12.77,9.72,1.03,1.49,1.19,31.57,-,10.18%,8.97%,-,9.45%,6.19%,17.50,-1.91%,"19,226,266"
PPCGG,-,-,-,-,-,-,-,-,-,-,-,-,-,11.57,0.00%,0
PPCHI,-,-,-,-,-,-,-,-,-,-,-,-,-,24.24,-0.39%,"1,343"
PPCI,-,-,-,-,-,-,-,-,-,-,-,-,-,49.11,-0.27%,20
PPCIG,-,-,-,-,-,-,-,-,-,-,-,-,-,9.27,0.00%,0
PPCL,-,-,-,-,-,-,-,-,-,-,-,-,-,47.32,-0.73%,34
PPCLA,68.62M,-,-,-,18.75,77.98,19.01,-,-,-,-,-,-,7.14,5.62%,"61,782"
PPCLC,-,-,-,-,-,-,-,-,-,-,-,-,-,25.31,-0.50%,311
PPCLG,-,-,-,-,-,-,-,-,-,-,-,-,-,23.29,-1.14%,95
PPCLN,-,-,-,-,-,-,-,-,-,-,-,-,-,31.98,0.32%,577
PPCLO,-,-,-,-,-,-,-,-,-,-,-,-,-,24.95,-0.02%,"3,239"
PPCM,67.79M,9.80,-,-,6.31,0.92,-,-,-,-,-,-,-,5.49,-2.14%,"77,121"
PPCMM,-,-,-,-,-,-,-,-,-,-,-,-,-,49.81,0.08%,"33,657"
PPCN,877.97M,9.25,-,-,10.22,0.98,-,-,-,-,-,-,-,11.75,-0.17%,"309,619"
PPCOR,8.87B,-,23.76,0.81,6.24,6.94,12.90,31.71,23.65%,46.10%,28.36%,29.46%,27.00%,58.38,-2.37%,"2,759,891"
PPCPI,-,-,-,-,-,-,-,-,-,-,-,-,-,49.69,0.02%,"4,205"
PPCPP,-,-,-,-,-,-,-,-,-,-,-,-,-,26.32,-0.27%,"9,979"
PPCQ,-,290.67,-,-,-,0.88,-,-,-,-,-,-,-,8.72,-0.80%,"38,266"
PPCR,-,-,-,-,-,-,-,-,-,-,-,-,-,19.71,-1.36%,196
PPCRX,926.39M,66.97,6.74,0.28,1.24,1.38,3.69,5.16,8.82%,19.62%,-45.77%,24.22%,11.07%,23.24,1.04%,"653,870"
PPCS,-,-,-,-,-,-,-,-,-,-,-,-,-,49.84,0.05%,997
PPCSA,5.95M,-,-,-,-,-,29.76,-,-,-,61.77%,-,-,2.13,-12.35%,"61,305"
PPCSG,-,-,-,-,-,-,-,-,-,-,-,-,-,23.87,0.97%,365
PPCT,1.45B,-,-,-,105.34,93.51,6.37,-,-9.92%,55.51%,25.46%,33.45%,-,7.22,3.81%,"4,432,176"
PPCTY,7.72B,29.43,15.02,1.46,4.36,6.34,28.38,15.53,6.26%,9.69%,31.39%,10.32%,22.75%,145.47,-1.90%,"440,179"
PPCVX,8.96B,-,-,-,-,3.16,6.03,-,-45.77%,20.59%,-26.39%,-2.37%,-,60.22,3.70%,"712,903"
PPCY,-,-,-,-,-,-,-,-,-,-,-,-,-,21.06,-0.57%,"141,651"
PPCYO,271.58M,18.48,-,-,8.05,1.79,32.18,-,-,-,14.10%,-,0.18%,11.27,0.09%,"46,133"
PPD,902.34M,5.73,8.31,1.52,1.83,4.14,2.03,7.85,13.37%,7.12%,-,5.45%,18.19%,11.70,-1.68%,"972,442"
PPDBA,-,-,-,-,-,-,-,-,-,-,-,-,-,37.50,1.06%,"80,769"
PPDBC,-,-,-,-,-,-,-,-,-,-,-,-,-,18.21,1.68%,"3,728,945"
PPDC,9.49M,-,-,-,-,-,-,-,-,-,-26.51%,-,9.16%,3.11,1.97%,"10,550"
PPDCC,73.37M,9.37,-,-,3.70,0.75,71.24,3.45,-,-,-,-,-,8.97,-0.00%,"1,458"
PPDD,123.75B,9.48,7.04,0.63,1.99,2.02,1.67,-,-4.59%,20.53%,-,11.15%,47.45%,86.94,2.54%,"6,850,617"
PPDDL,-,-,-,-,-,-,-,-,-,-,-,-,-,13.80,5.18%,"114,670"
PPDEC,-,-,-,-,-,-,-,-,-,-,-,-,-,46.87,-0.11%,"15,147"
PPDEX,214.40M,18.52,24.15,-,2.87,4.75,19.53,30.76,47.57%,-29.44%,12.25%,-,13.84%,67.15,0.19%,"89,631"
PPDFS,2.23B,209.19,32.43,1.12,9.24,5.94,19.41,-,37.15%,26.28%,57.47%,29.06%,19.99%,52.80,3.73%,"495,399"
PPDI,7.12B,7.49,-,-,-,-,-,-,-,-,-,-,-,15.43,-2.03%,"8,585,619"
PPDLB,501.90M,14.82,11.72,-,2.46,1.43,-,10.09,37.50%,7.27%,48.52%,-,25.42%,20.75,-0.05%,"103,569"
PPDM,1.17B,-,-,-,2.06,0.79,53.85,36.96,67.94%,57.87%,-,-,-0.27%,9.36,-1.27%,"691,229"
PPDN,-,-,-,-,-,-,-,-,-,-,-,-,-,47.57,-0.03%,"10,531"
PPDO,1.81B,7.07,-,-,-,-,-,-,-,-,-,-,-,12.72,-0.55%,"941,745"
PPDP,-,-,-,-,-,-,-,-,-,-,-,-,-,145.12,1.78%,"20,900"
PPDS,1.13B,-,10.80,-,0.81,1.01,24.18,13.30,4606.43%,69.26%,-,-,13.59%,88.61,4.70%,"126,081"
PPDSB,12.34M,-,-,-,-,-,2.20,-,36.49%,12.77%,3.46%,19.92%,-,0.22,-4.38%,"1,817,713"
PPDT,625.64M,4.99,-,-,10.47,0.85,-,-,-,-,-,-,-,12.72,-0.39%,"84,241"
PPDX,-,-,-,-,-,-,-,-,-,-,-,-,-,21.78,-0.50%,"103,203"
PPDYN,319.22M,-,-,-,26.96,4.49,7.30,-,-510.42%,22.08%,-,-,-9.86%,6.47,-2.12%,"1,126,099"
PPEB,2.05B,-,-,-,1.36,0.84,7.84,9.89,66.44%,27.15%,22.58%,24.98%,27.21%,18.14,-0.60%,"1,938,873"
PPEBK,243.58M,12.22,-,-,2.16,1.51,-,12.15,-,-,13.19%,-,9.51%,44.60,-0.54%,"29,007"
PPEBO,1.48B,12.44,10.58,-,2.39,1.19,-,9.90,14.26%,6.67%,11.54%,-,22.83%,41.07,-0.75%,"186,160"
PPECE,87.33M,-,-,-,-,1.38,229.81,-,-,-,-,-,-,9.97,0.50%,41
PPECO,5.64B,36.84,47.67,26.05,7.45,2.16,188.15,23.57,-7.57%,1.87%,-,1.83%,6.90%,39.95,-1.36%,"725,774"
PPED,166.54M,-,11.39,-,1.43,0.83,13.72,5.35,107.33%,566.67%,24.34%,-,41.52%,12.53,0.24%,"27,103"
PPEG,37.69B,18.80,16.18,2.16,2.86,2.17,193.26,136.54,7.84%,7.02%,2.32%,7.50%,5.71%,75.61,-0.57%,"3,858,254"
PPEGA,5.24B,18.01,12.06,1.19,3.02,9.35,14.38,10.64,16.74%,7.83%,-,10.17%,11.40%,31.88,-1.11%,"1,675,006"
PPEJ,-,-,-,-,-,-,-,-,-,-,-,-,-,68.23,-1.04%,"15,106"
PPEMX,-,-,-,-,-,-,-,-,-,-,-,-,-,86.90,1.21%,"1,404"
PPEN,12.89B,80.34,54.62,2.47,8.56,8.42,19.56,59.69,22.60%,27.22%,-,22.07%,20.16%,327.17,0.05%,"187,660"
PPENG,3.23B,45057.14,18.80,0.67,2.15,7.36,6.76,-,37.62%,28.33%,-,28.14%,4.05%,63.08,-1.13%,"2,310,914"
PPENN,2.50B,-,12.73,-,0.35,1.34,2.73,26.02,114.64%,71.69%,-3.14%,-,14.23%,18.65,-0.75%,"2,756,630"
PPENU,-,-,-,-,-,-,-,-,-,-,-,-,-,31.80,-0.33%,"17,109"
PPEO,783.29M,4.72,-,-,37.70,1.02,-,-,-,-,-,-,-,27.94,0.54%,"46,340"
PPEP,188.68B,18.13,15.42,2.99,1.95,8.55,17.61,20.33,5.08%,4.82%,3.25%,5.16%,5.94%,138.24,-1.81%,"6,856,152"
PPEPG,210.55M,-,-,-,-,1.76,1.80,-,49.91%,-2.53%,-63.43%,21.56%,-,3.04,1.67%,"670,958"
PPEPS,-,-,-,-,-,-,-,-,-,-,-,-,-,33.08,-0.26%,"1,598"
PPERF,192.50M,28.46,22.24,-,2.71,1.26,1.19,18.85,50.00%,13.33%,-,-,-,1.89,1.07%,"77,184"
PPERI,380.71M,-,6.84,0.34,0.87,0.61,1.42,10.05,10.62%,13.20%,-,20.35%,6.04%,9.68,-1.12%,"296,397"
PPESI,374.08M,-,195.89,-,6.54,6.41,18.25,-,-48.28%,110.47%,-,-,-10.17%,17.63,1.50%,"318,994"
PPETS,37.93M,-,-,-,0.22,1.65,2.90,-,-,-,-,-,-10.35%,1.75,-4.11%,"260,471"
PPETZ,14.04M,7.80,-,-,11.23,0.46,0.42,-,-,-,-,-,8.95%,1.36,-1.45%,"134,167"
PPEVC,-,-,-,-,-,-,-,-,-,-,-,-,-,31.86,-1.08%,126
PPEW,75.56M,-,-,-,0.75,0.74,0.77,-,-92.31%,-8.00%,-,-,-,2.56,0.39%,"332,458"
PPEX,-,-,-,-,-,-,-,-,-,-,-,-,-,23.91,-1.09%,"1,308"
PPEXL,-,-,-,-,-,-,-,-,-,-,-,-,-,73.52,-0.11%,"3,628"
PPEY,-,-,-,-,-,-,-,-,-,-,-,-,-,24.88,-1.31%,"216,191"
PPEZ,-,-,-,-,-,-,-,-,-,-,-,-,-,100.16,-1.36%,102
PPFAI,33.57M,-,-,-,13.70,11.03,48.65,-,-,-,-,-,-,2.86,-5.28%,"3,093"
PPFBC,1.44B,9.81,9.79,-,2.85,1.61,-,8.72,2.96%,2.43%,17.47%,-,17.76%,107.47,-0.40%,"58,106"
PPFD,145.88M,9.87,-,-,8.72,0.90,-,-,-,-,-,-,-,11.35,0.09%,"59,649"
PPFDE,-,-,-,-,-,-,-,-,-,-,-,-,-,28.94,-0.15%,"10,926"
PPFE,153.15B,35.58,9.29,-,2.40,1.80,13.09,13.94,-7.63%,-2.73%,-3.57%,-8.26%,8.48%,26.87,0.30%,"29,261,245"
PPFEB,-,-,-,-,-,-,-,-,-,-,-,-,-,43.89,-0.12%,"12,610"
PPFF,-,-,-,-,-,-,-,-,-,-,-,-,-,30.63,-0.68%,"2,880,953"
PPFFA,-,-,-,-,-,-,-,-,-,-,-,-,-,21.05,-0.61%,"768,044"
PPFFD,-,-,-,-,-,-,-,-,-,-,-,-,-,18.53,-0.70%,"521,081"
PPFFL,-,-,-,-,-,-,-,-,-,-,-,-,-,7.36,-1.68%,322
PPFFR,-,-,-,-,-,-,-,-,-,-,-,-,-,17.65,-0.15%,"48,348"
PPFFV,-,-,-,-,-,-,-,-,-,-,-,-,-,22.03,-0.05%,"99,434"
PPFG,24.19B,16.03,10.83,0.97,1.54,2.00,-,4.98,15.96%,8.74%,0.80%,11.18%,1.17%,112.97,-0.89%,"1,016,384"
PPFGC,16.49B,45.75,15.39,0.75,0.24,3.34,178.47,16.02,24.89%,19.72%,49.63%,20.60%,17.42%,104.68,-2.40%,"2,039,357"
PPFI,-,-,-,-,-,-,-,-,-,-,-,-,-,63.75,-0.01%,"2,059"
PPFIG,-,-,-,-,-,-,-,-,-,-,-,-,-,23.70,-0.15%,"11,756"
PPFIS,714.84M,12.65,9.67,-,2.50,1.33,-,15.92,4.94%,15.93%,7.99%,-,20.90%,71.41,0.07%,"36,254"
PPFIX,-,-,-,-,-,-,-,-,-,-,-,-,-,53.84,3.84%,"223,501"
PPFL,381.43M,9.71,-,-,9.54,0.96,-,-,-,-,-,-,-,7.67,-1.03%,"160,475"
PPFLD,-,-,-,-,-,-,-,-,-,-,-,-,-,19.53,-0.03%,"43,987"
PPFLT,720.32M,14.33,6.85,-,2.50,0.71,7.15,8.47,-8.99%,0.41%,8.59%,-6.11%,25.26%,7.26,-1.36%,"1,103,903"
PPFM,-,-,-,-,-,-,-,-,-,-,-,-,-,57.57,-0.41%,"10,452"
PPFN,693.16M,13.52,-,-,8.37,0.98,-,-,-,-,-,-,-,7.03,-0.71%,"424,182"
PPFO,118.87M,9.37,-,-,8.25,0.89,-,-,-,-,-,-,-,9.09,-0.55%,"32,829"
PPFOE,-,-,-,-,-,-,-,-,-,-,-,-,-,23.14,-1.46%,"12,808"
PPFRL,-,-,-,-,-,-,-,-,-,-,-,-,-,49.72,0.05%,"13,624"
PPFS,3.20B,10.26,9.45,-,2.27,1.10,-,9.15,10.45%,5.57%,9.89%,-,25.93%,24.57,-0.28%,"774,354"
PPFSA,0.60M,-,-,-,-,-,1.59,-,-,-,-,-,-,4.53,25.86%,"3,503,451"
PPFSI,3.96B,10.49,6.99,0.55,0.83,0.91,5.30,-,-42.06%,102.69%,-14.97%,12.66%,0.08%,76.31,-2.20%,"250,990"
PPFX,89.09M,19.10,18.33,-,3.55,0.56,40.87,-,22.25%,-19.25%,-,-,-,46.13,0.94%,"4,741"
PPFXF,-,-,-,-,-,-,-,-,-,-,-,-,-,18.11,-0.88%,"472,320"
PPG,332.67B,21.62,19.35,4.62,3.82,6.24,33.46,21.96,1.34%,5.91%,3.79%,4.19%,2.72%,143.12,-0.99%,"9,867,553"
PPGAC,31.95M,57.58,-,-,-,2.03,-,-,-,-,-,-,-,10.75,0.00%,26
PPGC,828.07M,16.25,9.64,-,1.77,1.21,-,8.12,76.28%,33.75%,8.91%,-,14.30%,46.71,0.06%,"143,982"
PPGEN,2.35B,-,9.59,-,27.36,53.81,61.37,-,110.22%,388.09%,-6.02%,-,-37.70%,6.55,7.38%,"6,277,580"
PPGF,-,-,-,-,-,-,-,-,-,-,-,-,-,13.43,-0.58%,"230,071"
PPGHY,-,-,-,-,-,-,-,-,-,-,-,-,-,19.70,-0.32%,"20,830"
PPGJ,-,-,-,-,-,-,-,-,-,-,-,-,-,24.39,0.35%,"14,052"
PPGNY,1.94B,27.51,16.71,0.44,1.48,4.32,8.20,10.90,97.46%,18.11%,6.78%,37.89%,30.17%,25.33,-3.61%,"740,613"
PPGP,102.32M,4.20,-,-,9.14,0.99,-,-,-,-,-,-,-,8.83,-0.45%,"77,144"
PPGR,118.51B,10.22,12.59,-,1.30,3.45,-,7.43,-2.66%,-7.93%,14.75%,-4.26%,15.50%,203.84,-2.75%,"2,735,625"
PPGRI,-,-,-,-,-,-,-,-,-,-,-,-,-,27.34,-0.08%,74
PPGRO,-,-,-,-,-,-,-,-,-,-,-,-,-,47.75,-0.20%,"4,467"
PPGX,-,-,-,-,-,-,-,-,-,-,-,-,-,10.63,-0.47%,"2,633,814"
PPGY,1.75B,16.18,9.00,0.17,1.32,2.94,5.74,6.94,82.56%,36.98%,-10.73%,52.06%,68.91%,20.93,-2.92%,"1,777,429"
PPGZ,67.41M,10.28,-,-,-,-,-,-,-,-,-,-,-,10.07,-1.32%,"31,831"
PPH,132.86B,36.98,27.34,2.82,6.18,9.09,265.20,34.02,8.60%,9.84%,16.37%,9.68%,8.42%,1053.76,-0.20%,"618,315"
PPHAR,834.50M,94.77,44.61,0.41,2.28,3.25,5.27,32.48,473.00%,15.31%,-41.23%,109.28%,12.25%,11.79,0.60%,"17,279"
PPHAT,750.76M,-,10.19,-,3.13,-,4.11,-,74.48%,217.79%,4.82%,-,-,9.28,-3.13%,"1,136,406"
PPHAXU,-,-,-,-,-,-,-,-,-,-,-,-,-,-,-,0
PPHDG,-,-,-,-,-,-,-,-,-,-,-,-,-,41.73,-0.76%,"3,379"
PPHEQ,-,-,-,-,-,-,-,-,-,-,-,-,-,35.11,-0.17%,"12,337"
PPHG,26.21B,19.98,14.05,2.53,1.27,2.00,12.82,11.68,0.64%,2.03%,-4.98%,5.56%,0.39%,26.82,-1.72%,"866,271"
PPHGE,1.70M,-,-,-,-,-,1.45,-,-,-,38.28%,-,-,0.14,-1.70%,"740,891"
PPHI,4.11B,9.01,7.51,2.32,1.10,1.89,19.90,7.35,1.04%,4.33%,0.36%,3.23%,0.80%,19.03,-1.45%,"138,215"
PPHIN,2.73B,21.39,10.81,0.68,0.76,1.77,7.39,10.93,20.27%,15.71%,-,15.82%,27.49%,74.60,0.15%,"283,318"
PPHIO,12.31M,-,-,-,-,0.98,0.95,-,2.07%,68.31%,62.91%,-,-,1.06,-2.75%,"96,234"
PPHK,848.42M,8.92,-,-,9.09,0.97,-,-,-,-,-,-,-,4.55,-1.09%,"1,276,075"
PPHM,24.09B,13.13,11.42,1.79,1.47,1.85,17.49,15.62,-8.47%,10.57%,16.53%,6.38%,9.42%,128.49,-1.30%,"1,291,457"
PPHO,-,-,-,-,-,-,-,-,-,-,-,-,-,71.21,-1.06%,"88,161"
PPHOE,526.18M,-,-,-,571.93,669.78,4783.42,-,-,-,-,-,-,24.36,9.24%,"7,191"
PPHOS,-,-,-,-,-,-,-,-,-,-,-,-,-,17.71,1.78%,"116,898"
PPHOX,-,-,-,-,-,-,-,-,-,-,-,-,-,27.53,4.55%,"6,332"
PPHR,715.78M,77.82,17.31,0.10,1.44,1.99,9.58,10.14,898.80%,67.46%,-,168.26%,26.45%,11.58,-5.70%,"1,092,207"
PPHUN,41.95M,-,-,-,15.26,0.47,0.46,-,-,-,53.17%,-,-23.90%,2.05,-1.91%,"86,209"
PPHVS,2.47B,-,-,-,-,7.21,6.78,-,7.42%,5.36%,-21.68%,31.70%,-,35.32,0.51%,"556,781"
PPHYL,-,-,-,-,-,-,-,-,-,-,-,-,-,34.80,-0.11%,"63,379"
PPHYS,15.94B,-,-,-,-,-,-,-,-,-,-,-,-,33.61,1.14%,"2,546,893"
PPI,5.25B,-,61.14,2.82,14.12,22.65,39.44,83.29,-0.82%,34.21%,30.45%,21.68%,21.05%,171.71,-0.54%,"365,033"
PPICB,-,-,-,-,-,-,-,-,-,-,-,-,-,23.22,-0.06%,"94,449"
PPICK,-,-,-,-,-,-,-,-,-,-,-,-,-,63.05,1.63%,"284,743"
PPICS,1.32B,6011.76,3.27,0.05,0.61,1.14,1.55,0.51,78.70%,109.05%,-,71.66%,-,10.22,-10.51%,"2,038,788"
PPID,-,-,-,-,-,-,-,-,-,-,-,-,-,22.84,-0.72%,"67,125"
PPIE,-,-,-,-,-,-,-,-,-,-,-,-,-,33.73,1.74%,"25,116"
PPIEL,-,-,-,-,-,-,-,-,-,-,-,-,-,29.63,0.34%,7
PPIEQ,-,-,-,-,-,-,-,-,-,-,-,-,-,37.15,0.55%,"28,429"
PPIFI,-,-,-,-,-,-,-,-,-,-,-,-,-,93.14,-0.08%,605
PPII,3.89B,-,19.83,-,0.52,4.65,12.87,30.28,30357.51%,13.87%,-,-,0.35%,68.33,-1.67%,"732,348"
PPIII,76.75M,-,-,-,0.05,-,3.46,-,73.32%,12.22%,-2.64%,-,24.33%,10.57,-1.08%,"46,108"
PPILL,-,-,-,-,-,-,-,-,-,-,-,-,-,20.86,-1.79%,"38,653"
PPIM,153.23M,14.45,-,-,15.47,0.94,-,-,-,-,-,-,-,3.18,0.32%,"57,462"
PPINC,-,-,-,-,-,-,-,-,-,-,-,-,-,50.07,-0.06%,9
PPINE,345.19M,98.24,31.39,-,4.94,1.02,13.24,-,349.61%,13.65%,-,-,25.75%,19.59,-0.81%,"70,206"
PPINK,-,-,-,-,-,-,-,-,-,-,-,-,-,39.26,-0.98%,"62,947"
PPINS,13.06B,67.24,9.54,0.49,2.87,4.51,10.25,10.20,26.12%,19.85%,-,19.56%,20.06%,23.07,-4.11%,"7,557,296"
PPIO,-,-,-,-,-,-,-,-,-,-,-,-,-,44.64,-1.00%,"4,270"
PPIPE,-,-,-,-,-,-,-,-,-,-,-,-,-,30.80,-0.44%,"2,472"
PPIPR,5.32B,17.44,13.69,-,2.51,3.70,17.48,9.14,4.28%,18.86%,42.22%,-,8.74%,75.24,-1.65%,"430,720"
PPIT,-,-,-,-,-,-,-,-,-,-,-,-,-,77.45,1.85%,"106,318"
PPIZ,-,-,-,-,-,-,-,-,-,-,-,-,-,55.01,0.55%,"36,488"
PPJAN,-,-,-,-,-,-,-,-,-,-,-,-,-,50.46,-0.12%,"19,973"
PPJFG,-,-,-,-,-,-,-,-,-,-,-,-,-,119.44,-0.44%,"1,093"
PPJFM,-,-,-,-,-,-,-,-,-,-,-,-,-,69.06,0.32%,12
PPJFV,-,-,-,-,-,-,-,-,-,-,-,-,-,101.82,-0.29%,"6,523"
PPJIO,-,-,-,-,-,-,-,-,-,-,-,-,-,67.13,0.95%,"3,865"
PPJP,-,-,-,-,-,-,-,-,-,-,-,-,-,126.15,0.63%,"6,762"
PPJT,4.37B,35.48,18.85,1.48,2.32,14.02,8.17,6.60,14.52%,13.44%,8.69%,12.78%,10.24%,170.96,-1.95%,"406,634"
PPJUL,-,-,-,-,-,-,-,-,-,-,-,-,-,49.77,-0.22%,"25,151"
PPJUN,-,-,-,-,-,-,-,-,-,-,-,-,-,44.14,-0.14%,"17,960"
PPJUS,-,-,-,-,-,-,-,-,-,-,-,-,-,53.26,-0.43%,58
PPK,3.02B,-,25.21,-,1.19,0.98,10.00,36.39,131.49%,32.16%,25.27%,-,24.43%,15.00,-0.86%,"4,679,519"
PPKB,-,-,-,-,-,-,-,-,-,-,-,-,-,105.32,0.30%,"30,365"
PPKBK,410.47M,9.09,-,-,2.70,1.19,-,9.24,-,-,5.89%,-,10.42%,34.90,-0.65%,"42,421"
PPKE,815.46M,60.32,-,-,10.70,5.98,9.12,74.40,25.00%,-,18.73%,20.10%,9.64%,37.49,-1.86%,"201,083"
PPKG,22.54B,32.88,18.89,1.45,2.36,4.83,37.96,30.36,6.70%,27.57%,12.11%,13.02%,6.19%,252.97,-0.98%,"480,612"
PPKOH,708.13M,25.18,13.28,0.75,0.43,1.79,14.66,36.13,20.86%,12.77%,-,17.68%,4.31%,48.87,-1.07%,"136,289"
PPKW,-,-,-,-,-,-,-,-,-,-,-,-,-,150.30,-1.08%,"40,327"
PPKX,17.87B,19.36,11.06,0.17,0.36,0.48,3.99,-,210.65%,20.69%,-18.57%,63.59%,-0.15%,59.07,0.80%,"234,186"
PPL,8.69B,-,-,-,25.89,19.58,11.87,186.66,-97.12%,93.51%,22.92%,-,22.15%,24.38,-1.26%,"4,694,185"
PPLA,-,-,-,-,-,-,-,-,-,-,-,-,-,25.80,0.27%,"3,452"
PPLAB,1.98B,12.30,16.63,5.74,2.30,1.57,3.11,20.56,-7.46%,8.60%,34.53%,2.90%,6.85%,33.60,0.84%,"603,428"
PPLAG,12.00M,-,-,-,1.42,-,36.37,48.01,-,-,21.08%,-,-3.53%,0.84,-6.30%,"2,155,092"
PPLAY,353.11M,-,-,-,0.17,3.55,18.02,-,38.93%,74.12%,21.63%,15.32%,36.95%,10.15,-0.39%,"1,317,275"
PPLBC,434.79M,12.29,10.65,-,3.47,1.60,-,13.73,25.17%,1.73%,10.43%,-,17.37%,62.48,-0.95%,"105,404"
PPLBL,2.36B,-,-,-,-,-,-,-,-,-,-,-,-,6.45,-9.92%,"70,307"
PPLBY,141.38M,491.67,19.67,-,1.13,6.33,4.42,147.27,100.00%,-,11.84%,-,-3.92%,1.18,-6.35%,"807,039"
PPLCE,49.59M,-,-,-,0.04,-,10.37,-,-25.76%,55.98%,16.02%,-,-4.51%,2.23,-8.61%,"691,358"
PPLCI,104.28M,-,-,-,-,-,-,-,-,-,-,-,-,9.85,0.00%,17
PPLD,135.98B,31.31,38.53,10.91,14.80,2.44,77.04,31.08,2.34%,0.18%,12.73%,3.53%,14.64%,140.62,-0.29%,"2,249,949"
PPLG,193.11M,-,-,-,-,2.63,4.32,-,-75.00%,0.00%,17.97%,-,-,1.51,2.03%,"1,077,117"
PPLGI,-,-,-,-,-,-,-,-,-,-,-,-,-,25.39,-0.51%,437
PPLGO,2.01B,5.76,5.94,0.18,0.81,0.88,-,3.19,58.07%,30.52%,14.36%,32.25%,26.40%,23.53,-1.30%,"559,883"
PPLIB,-,-,-,-,-,-,-,-,-,-,-,-,-,32.98,-0.76%,447
PPLMK,113.29M,51.11,-,-,-,1.46,390.66,-,-,-,-,-,-,10.57,0.14%,"7,190"
PPLMR,3.26B,16.64,10.96,0.70,2.99,3.31,-,7.68,28.29%,12.11%,96.55%,15.61%,39.05%,123.92,-3.35%,"244,282"
PPLNT,3.82B,17.18,13.77,1.13,2.71,-,8.07,14.61,6.12%,12.84%,-,12.18%,26.63%,50.63,0.54%,"2,256,298"
PPLOW,968.78M,19.05,12.79,0.66,1.39,3.23,515.31,19.81,42.97%,2.50%,-,19.47%,6.44%,41.98,-0.71%,"173,894"
PPLPC,2.32B,53.55,33.31,1.53,3.14,4.69,30.47,67.47,52.53%,7.46%,3.61%,21.80%,7.49%,475.03,2.24%,"79,084"
PPLRX,68.12M,-,-,-,-,0.46,0.43,-,40.10%,5.16%,-15.81%,23.41%,-,1.10,2.80%,"590,771"
PPLRZ,22.88M,-,-,-,-,0.84,1.86,-,-,-,39.74%,-,-,10.98,0.00%,"59,228"
PPLSE,3.34B,-,-,-,2804.36,33.29,32.84,-,-60.48%,-6.35%,12.82%,-9.89%,-,46.79,5.05%,"577,081"
PPLSM,18.79M,-,-,-,1.57,0.72,0.86,-,-,-,-1.94%,-,-,2.89,-2.03%,"147,868"
PPLTA,-,-,-,-,-,-,-,-,-,-,-,-,-,18.99,-1.81%,"5,736"
PPLTD,-,-,-,-,-,-,-,-,-,-,-,-,-,5.31,0.76%,"18,909,903"
PPLTG,-,-,-,-,-,-,-,-,-,-,-,-,-,17.62,-2.02%,"81,766"
PPLTK,862.01M,-,3.21,-,0.30,-,1.96,1.91,166.41%,92.91%,-,-,3.05%,2.26,-9.96%,"2,077,204"
PPLTL,-,-,-,-,-,-,-,-,-,-,-,-,-,58.06,-1.75%,611
PPLTM,-,-,-,-,-,-,-,-,-,-,-,-,-,17.03,1.25%,"97,082"
PPLTR,414.65B,147.47,75.62,1.14,67.36,42.42,44.07,123.47,113.30%,42.63%,-,66.12%,32.58%,172.55,-0.86%,"24,590,889"
PPLTU,-,-,-,-,-,-,-,-,-,-,-,-,-,49.68,-1.74%,"709,879"
PPLTW,-,-,-,-,-,-,-,-,-,-,-,-,-,24.14,-2.27%,"147,208"
PPLTY,-,-,-,-,-,-,-,-,-,-,-,-,-,37.41,-0.56%,"150,377"
PPLTZ,-,-,-,-,-,-,-,-,-,-,-,-,-,10.04,1.93%,"2,645,260"
PPLU,-,-,-,-,-,-,-,-,-,-,-,-,-,11.00,-1.93%,"57,027"
PPLUG,3.19B,-,-,-,4.28,5.47,10.04,-,71.24%,60.33%,3.27%,57.76%,18.29%,2.28,-1.72%,"59,337,745"
PPLUL,-,-,-,-,-,-,-,-,-,-,-,-,-,8.89,-4.04%,"35,157"
PPLUN,140.99M,-,-,-,-,8.75,2014.14,-,-,-,-,-,-,10.00,0.00%,31
PPLUR,17.26M,-,-,-,15.98,-,1.81,-,-,-,22.58%,-,125.33%,1.60,0.00%,"48,906"
PPLUS,2.26B,18.12,14.57,-,0.92,2.12,5.04,41.34,1.58%,8.77%,11.99%,-,9.47%,86.78,-1.98%,"202,402"
PPLUT,39.22M,-,-,-,-,-,-,-,-,-,-,-,-,2.57,-2.65%,196
PPLX,184.51M,10.09,41.64,-,2.29,2.58,4.46,24.06,375.00%,-75.00%,17.78%,-,-3.46%,2.29,3.15%,"1,075,624"
PPLXS,7.31B,40.45,27.13,1.87,1.59,4.78,23.23,118.12,16.98%,16.28%,9.78%,14.48%,3.53%,274.20,2.54%,"222,852"
PPLYX,104.68M,-,-,-,-,9.57,9.07,-,2.50%,-47.44%,-,-21.27%,-,2.10,-19.23%,"277,882"
PPLYY,-,-,-,-,-,-,-,-,-,-,-,-,-,8.52,-0.29%,"1,808"
PPM,287.60B,26.52,20.20,2.05,6.78,-,47.64,22.61,10.97%,9.16%,7.09%,9.85%,7.15%,184.52,-3.08%,"5,803,594"
PPMA,21.41M,-,-,-,6.71,-,267.65,-,-,-,-,-,52.95%,1.65,-4.62%,"49,662"
PPMAP,-,-,-,-,-,-,-,-,-,-,-,-,-,27.50,-0.02%,7
PPMAR,-,-,-,-,-,-,-,-,-,-,-,-,-,48.67,-0.09%,"15,345"
PPMAU,-,-,-,-,-,-,-,-,-,-,-,-,-,26.97,0.02%,"2,391"
PPMAX,2.31M,-,-,-,0.38,0.01,2.63,-,-,-,-,-,-,1.18,-24.36%,"120,893"
PPMAY,-,-,-,-,-,-,-,-,-,-,-,-,-,42.15,-0.12%,"12,529"
PPMBS,-,-,-,-,-,-,-,-,-,-,-,-,-,48.56,-0.19%,"67,455"
PPMCB,5.83M,-,-,-,-,0.17,0.16,-,-,-,-2.40%,-,-,0.54,-1.60%,"104,775"
PPMDE,-,-,-,-,-,-,-,-,-,-,-,-,-,26.14,0.08%,"1,010"
PPMEC,18.56M,-,-,-,0.24,1.40,2.08,-,-,-,-,-,10.16%,0.48,-3.40%,"23,388"
PPMFB,-,-,-,-,-,-,-,-,-,-,-,-,-,27.58,0.00%,7
PPMI,7.23M,-,-,-,1.32,-,60.25,-,77.33%,47.06%,-,-,-,3.52,-0.28%,"49,146"
PPMIO,-,-,-,-,-,-,-,-,-,-,-,-,-,50.40,-0.29%,"3,941"
PPMJA,-,-,-,-,-,-,-,-,-,-,-,-,-,27.71,-0.02%,9
PPMJL,-,-,-,-,-,-,-,-,-,-,-,-,-,26.92,-0.06%,"16,961"
PPMJN,-,-,-,-,-,-,-,-,-,-,-,-,-,26.97,-0.09%,"2,869"
PPML,927.21M,739.00,-,-,14.85,0.91,-,-,-,-,-,-,-,7.39,-0.40%,"244,712"
PPMM,271.14M,11.51,-,-,13.74,0.94,-,-,-,-,-,-,-,6.33,0.16%,"113,486"
PPMMF,-,-,-,-,-,-,-,-,-,-,-,-,-,100.32,0.03%,"148,778"
PPMMR,-,-,-,-,-,-,-,-,-,-,-,-,-,27.34,-0.02%,8
PPMMY,-,-,-,-,-,-,-,-,-,-,-,-,-,27.05,-0.04%,8
PPMN,131.47M,-,-,-,-,2.66,2.46,-,77.78%,19.77%,-0.39%,47.77%,-,14.66,-1.35%,"25,111"
PPMNV,-,-,-,-,-,-,-,-,-,-,-,-,-,26.27,0.00%,7
PPMO,287.97M,12.36,-,-,13.20,0.93,-,-,-,-,-,-,-,10.51,-0.76%,"45,635"
PPMOC,-,-,-,-,-,-,-,-,-,-,-,-,-,26.33,-0.02%,114
PPMSE,-,-,-,-,-,-,-,-,-,-,-,-,-,26.56,0.02%,6
PPMT,838.88M,6.73,6.83,0.46,0.45,0.64,1.99,-,6.84%,33.15%,29.31%,15.00%,3.52%,9.62,1.80%,"1,300,614"
PPMTL,-,-,-,-,-,-,-,-,-,-,-,-,-,24.73,2.20%,"1,559"
PPMTR,321.66M,40.52,-,-,-,1.32,804.15,-,-,-,-,-,-,10.39,-0.10%,"64,108"
PPMTS,330.93M,24.76,8.22,-,0.56,-,15.49,4.32,39.11%,16.92%,-2.67%,-,11.73%,28.70,0.70%,"102,333"
PPMVP,66.67M,-,-,-,-,0.93,0.84,-,13.68%,22.11%,-13.98%,21.53%,-,1.25,-0.79%,"241,640"
PPN,7.13M,-,-,-,0.79,0.08,6.48,-,-,-,-,-,9.11%,2.81,6.44%,"204,836"
PPNAQ-U,201.04M,-,-,-,-,-,-,-,-,-,-,-,-,9.94,-0.40%,"64,390"
PPNBK,127.09M,-,-,-,1.90,1.43,-,-,-,-,29.80%,-,7.91%,1.08,-1.82%,"471,037"
PPNC,101.55B,14.00,11.82,0.92,2.84,1.75,-,10.40,14.49%,13.33%,-0.44%,12.91%,13.20%,254.55,-0.94%,"1,073,744"
PPNFP,16.22B,14.74,9.39,0.60,3.12,1.15,-,11.23,21.67%,12.27%,14.90%,15.64%,20.59%,107.35,-0.61%,"773,168"
PPNI,-,-,-,-,-,0.88,-,-,-,-,-,-,-,6.85,-1.58%,"145,256"
PPNNT,237.02M,23.39,6.29,-,1.54,0.55,6.04,1.57,-24.14%,7.16%,-,-,-2.50%,3.63,-2.42%,"499,671"
PPNOV,-,-,-,-,-,-,-,-,-,-,-,-,-,45.35,-0.19%,"24,935"
PPNQI,-,-,-,-,-,-,-,-,-,-,-,-,-,50.68,-2.23%,"15,339"
PPNR,10.23B,16.13,12.35,2.84,2.55,2.73,111.47,15.20,-5.49%,11.66%,13.02%,4.34%,6.71%,64.10,-3.11%,"2,450,748"
PPNRG,340.76M,20.29,34.08,-,1.93,1.53,11.86,6.99,-10.59%,-55.38%,-,-1.57%,28.80%,210.60,4.79%,"216,167"
PPNTG,1.37B,43.20,24.59,1.49,1.24,3.80,89.62,52.49,17.55%,14.86%,9.97%,16.52%,19.37%,39.18,-0.36%,"222,398"
PPNW,12.17B,19.26,18.12,2.73,2.19,1.73,1332.90,-,-6.61%,17.51%,0.73%,6.64%,8.28%,100.41,-1.05%,"1,150,338"
PPOAS,4.76M,-,-,-,-,-,158.70,-,-,-,-,-,-,0.17,-0.60%,"164,147"
PPOCI,45.75M,-,-,-,1.58,2.27,4.28,-,-,-,-20.93%,-,13.98%,4.18,-4.68%,"42,426"
PPOCT,-,-,-,-,-,-,-,-,-,-,-,-,-,47.30,-0.08%,"30,505"
PPODC,85.46M,-,37.73,-,1.36,3.53,12.19,71.82,53.33%,260.71%,7.03%,-,20.94%,2.83,-10.73%,"192,375"
PPODD,9.69B,27.70,18.11,0.78,3.17,6.81,18.11,32.98,30.84%,18.65%,102.14%,23.16%,24.53%,139.70,-2.54%,"1,948,953"
PPOEL,-,-,-,-,-,-,-,-,-,-,-,-,-,13.86,-3.48%,"549,315"
PPOET,1.62B,-,-,-,948.74,1.92,2.04,-,-90.36%,41.18%,-1.65%,-,-,9.40,-1.88%,"11,717,445"
PPOLA,6.47M,-,-,-,1.03,2.56,215.82,-,-,-,12.57%,-,-6.94%,1.68,-5.62%,"84,606"
PPOLE,319.30M,41.73,-,-,-,1.34,1388.26,-,-,-,-,-,-,10.82,0.00%,12
PPOM,5.93M,-,-,-,-,-,-,-,-,-,-10.17%,-,22.15%,0.88,-9.51%,"17,445"
PPONO,174.08M,-,-,-,-,1.20,424.59,-,-,-,-,-,-,10.03,0.10%,35
PPONX,-,-,-,-,-,-,-,-,-,-,-,-,-,19.90,-4.53%,"12,393"
PPONY,2.82B,-,-,-,25.49,2.14,2.64,-,-79.67%,2.84%,16.69%,-3.42%,82.54%,7.98,-1.97%,"3,672,586"
PPOOL,6.92B,17.51,16.11,2.55,1.28,5.49,240.68,22.99,2.31%,7.69%,3.86%,6.32%,6.09%,190.47,-2.24%,"901,174"
PPOR,5.98B,22.51,14.23,1.92,1.79,1.43,170.93,-,11.23%,5.35%,9.83%,7.43%,10.15%,50.87,0.22%,"911,276"
PPOST,3.49B,14.57,11.02,1.77,0.41,1.13,12.80,6.31,5.84%,-5.93%,244.23%,6.22%,7.44%,79.35,-1.98%,"892,970"
PPOW,-,-,-,-,-,-,-,-,-,-,-,-,-,28.37,1.49%,"24,099"
PPOWA,-,-,-,-,-,-,-,-,-,-,-,-,-,92.38,-1.05%,"4,671"
PPOWI,3.47B,138.99,33.14,1.14,7.72,5.09,13.21,43.90,11.20%,34.82%,-19.63%,28.95%,-1.91%,62.10,-1.04%,"529,345"
PPOWL,7.97B,41.89,32.56,1.51,6.88,10.54,12.58,32.66,9.32%,24.06%,59.82%,21.63%,16.32%,218.73,2.46%,"620,161"
PPOWR,-,-,-,-,-,-,-,-,-,-,-,-,-,27.11,0.02%,"537,415"
PPOWW,257.55M,80.73,37.00,-,4.79,1.09,3.74,22.59,200.00%,20.00%,16.88%,-,-3.93%,2.22,-0.89%,"496,066"
PPPA,-,-,-,-,-,-,-,-,-,-,-,-,-,183.18,-1.03%,"133,456"
PPPBT,2.48M,-,-,-,-,0.20,0.41,-,89.57%,82.37%,29.92%,78.99%,-,1.53,2.00%,"25,350"
PPPC,6.85B,12.58,9.47,-,0.37,1.83,17.20,22.50,-49.49%,16.34%,63.80%,-13.13%,8.88%,28.77,3.12%,"2,889,502"
PPPCB,4.02M,-,-,-,-,0.10,9.15,-,-,-,98.33%,-,-,1.15,-5.74%,"46,604"
PPPG,25.22B,16.29,13.11,1.71,1.54,2.99,15.82,17.92,4.30%,9.43%,9.22%,7.65%,2.79%,113.44,-0.59%,"1,368,329"
PPPH,-,-,-,-,-,-,-,-,-,-,-,-,-,111.08,0.20%,"87,581"
PPPHC,303.67M,-,7.26,9.68,1.51,2.71,8.23,18.48,-9.47%,10.01%,-165.77%,0.75%,19.21%,10.05,-0.69%,"128,142"
PPPI,-,-,-,-,-,-,-,-,-,-,-,-,-,21.92,0.57%,"13,385"
PPPIH,216.22M,15.70,10.56,1.26,1.01,2.34,6.79,57.20,0.96%,19.43%,-,8.37%,20.02%,26.61,-0.78%,"64,485"
PPPL,27.05B,21.35,16.98,2.06,2.88,1.80,79.78,-,7.90%,8.40%,-3.63%,8.23%,10.56%,35.95,-0.19%,"6,383,946"
PPPLI,2.94B,7.19,34.65,-,1.40,0.58,2.64,35.65,522.26%,-79.23%,-,-,-2.84%,39.50,-2.23%,"786,944"
PPPLT,-,-,-,-,-,-,-,-,-,-,-,-,-,16.07,1.26%,"1,517,913"
PPPSI,32.62M,-,-,-,1.50,1.32,3.06,-,19.83%,74.19%,-11.16%,-,7.23%,2.94,1.03%,"646,443"
PPPT,329.71M,11.13,-,-,15.76,0.91,-,-,-,-,-,-,-,3.45,-0.29%,"114,486"
PPPTA,3.05B,-,-,-,-,4.24,5.31,-,21.99%,19.29%,30.08%,-,-,24.39,-3.37%,"1,083,454"
PPPTY,-,-,-,-,-,-,-,-,-,-,-,-,-,33.71,-0.77%,"1,332"
PPQAP,-,-,-,-,-,-,-,-,-,-,-,-,-,32.54,0.00%,"51,262"
PPQDI,-,-,-,-,-,-,-,-,-,-,-,-,-,19.22,-0.18%,"3,106"
PPQJA,-,-,-,-,-,-,-,-,-,-,-,-,-,32.23,0.05%,"51,603"
PPQJL,-,-,-,-,-,-,-,-,-,-,-,-,-,31.22,-0.05%,"53,537"
PPQNT,-,-,-,-,-,-,-,-,-,-,-,-,-,23.75,-0.14%,30
PPQOC,-,-,-,-,-,-,-,-,-,-,-,-,-,31.89,0.09%,"52,361"
PPQUS,-,-,-,-,-,-,-,-,-,-,-,-,-,28.83,-0.50%,"11,020"
PPQV,-,-,-,-,-,-,-,-,-,-,-,-,-,25.67,-0.12%,6
PPQX,-,-,-,-,-,-,-,-,-,-,-,-,-,25.48,-0.06%,367
PPQXV,-,-,-,-,-,-,-,-,-,-,-,-,-,25.40,-0.04%,6
PPQXX,-,-,-,-,-,-,-,-,-,-,-,-,-,25.33,-0.04%,7
PPR,18.58B,14.72,10.59,0.61,3.24,1.55,141.03,17.42,50.20%,8.91%,-,17.38%,54.23%,22.18,3.16%,"5,830,556"
PPRAA,761.62M,-,5.57,-,0.57,0.73,5.61,-,143.05%,8.25%,-,-,3.40%,20.23,-1.80%,"458,871"
PPRAB,-,-,-,-,-,-,-,-,-,-,-,-,-,24.91,-0.04%,14
PPRAE,-,-,-,-,-,-,-,-,-,-,-,-,-,41.67,0.24%,27
PPRAX,10.51B,-,-,-,-,7.84,13.85,-,-0.90%,26.26%,13.34%,-,-,376.38,2.61%,"581,498"
PPRAY,-,-,-,-,-,-,-,-,-,-,-,-,-,36.31,0.50%,"3,892"
PPRCH,1.90B,-,90.94,-,3.77,-,28.51,19.90,38.10%,1092.33%,56.28%,-,46.17%,16.76,-3.57%,"1,368,421"
PPRCS,-,-,-,-,-,-,-,-,-,-,-,-,-,29.26,-0.60%,"6,232"
PPRCT,1.21B,-,-,-,3.58,3.55,5.30,-,2.89%,32.04%,-7.02%,22.31%,109.04%,21.09,-2.59%,"998,800"
PPRDO,2.00B,11.64,10.30,-,2.34,1.94,2.73,9.20,21.49%,5.78%,6.75%,-,4.24%,32.04,0.09%,"622,620"
PPRE,332.07M,-,-,-,2.99,2.68,3.13,-,-0.53%,51.71%,34.71%,-,-23.93%,19.37,-1.92%,"221,043"
PPREF,-,-,-,-,-,-,-,-,-,-,-,-,-,18.81,-0.11%,"179,766"
PPRF,-,-,-,-,-,-,-,-,-,-,-,-,-,56.18,-0.55%,"217,716"
PPRFD,-,-,-,-,-,-,-,-,-,-,-,-,-,50.51,-0.11%,"9,906"
PPRFX,2.95M,-,-,-,147.41,0.09,0.71,-,-,-,55.23%,-,-,0.97,-5.81%,"156,763"
PPRFZ,-,-,-,-,-,-,-,-,-,-,-,-,-,56.61,-0.40%,"64,880"
PPRG,1.68B,11.69,7.48,0.29,0.64,2.09,18.18,5.27,40.67%,14.18%,-,25.51%,-0.61%,42.16,-1.08%,"418,159"
PPRGO,1.78B,-,5.34,-,0.43,0.71,4.45,14.91,-20.00%,9.09%,-53.83%,-0.67%,0.80%,12.82,-1.69%,"2,137,602"
PPRGS,1.76B,20.70,6.83,2.06,1.75,3.50,17.07,5.88,7.68%,1.83%,-1.14%,3.32%,17.20%,42.86,-1.99%,"306,782"
PPRHI,24.54M,-,-,-,0.77,0.88,-,-,-,-,-,-,-15.95%,6.55,2.66%,"9,862"
PPRI,9.54B,12.44,11.47,1.32,2.74,3.80,-,11.05,9.35%,7.78%,19.08%,8.67%,8.05%,309.92,-1.20%,"149,627"
PPRIM,4.47B,32.68,15.73,3.50,0.61,2.78,19.97,50.82,-60.65%,138.76%,18.37%,4.49%,16.75%,83.05,-0.30%,"1,074,996"
PPRIV,-,-,-,-,-,-,-,-,-,-,-,-,-,24.75,-0.32%,"21,148"
PPRIZ,-,-,-,-,-,-,-,-,-,-,-,-,-,25.10,-0.24%,"2,537"
PPRK,3.71B,18.40,15.54,-,4.90,2.15,-,20.70,15.32%,1.87%,7.35%,-,6.57%,205.53,-1.09%,"124,312"
PPRKS,2.02B,17.48,11.89,1.36,1.22,-,105.63,12.23,0.39%,21.70%,-,8.74%,30.95%,44.45,-1.07%,"466,400"
PPRLB,2.17B,72.38,38.06,-,3.88,3.14,15.22,38.36,33.37%,7.84%,-14.26%,-,4.18%,90.86,-1.10%,"157,570"
PPRLD,532.21M,-,-,-,23.74,3.36,3.51,-,76.74%,-35.00%,0.15%,-,-,5.63,1.44%,"265,426"
PPRM,5.33B,-,17.74,1.27,7.05,5.22,64.44,51.36,17.67%,16.49%,-,13.98%,13.97%,32.59,-3.86%,"1,086,865"
PPRMB,8.83B,89.17,16.35,1.48,1.31,2.97,24.08,23.38,-0.30%,12.47%,-,11.02%,27.82%,24.38,-1.30%,"3,544,500"
PPRME,574.96M,-,-,-,141.27,14.39,6.05,-,28.06%,8.02%,-91.28%,14.43%,-2.32%,3.17,2.59%,"1,500,655"
PPRMR,-,-,-,-,-,-,-,-,-,-,-,-,-,29.00,-0.23%,"9,415"
PPRN,-,-,-,-,-,-,-,-,-,-,-,-,-,231.36,1.81%,"23,680"
PPRNT,-,-,-,-,-,-,-,-,-,-,-,-,-,25.83,-1.94%,"11,658"
PPROF,239.27M,-,-,-,12.53,4.80,6.25,-,41.13%,29.16%,-2.41%,63.25%,17.12%,6.55,-1.21%,"120,874"
PPROK,422.52M,-,-,-,515.26,-,2.33,-,-26.68%,-0.90%,12.93%,9.79%,-,1.40,5.26%,"745,481"
PPROP,69.31M,-,1.22,-,0.20,0.34,3465.51,-,131.11%,38.69%,39.42%,-,257.76%,0.71,-29.00%,"10,487,819"
PPROV,112.25M,17.45,14.13,-,1.88,0.89,-,15.17,30.58%,-5.58%,0.47%,-,8.43%,17.95,-0.17%,"46,326"
PPRPL,27.52M,-,-,-,0.06,-,1.18,-,20.50%,-0.16%,39.84%,-,-6.29%,6.31,-7.48%,"15,859"
PPRPO,42.71M,-,-,-,1.57,2.90,13.87,54.07,-,-,57.83%,-,31.60%,23.90,1.70%,"49,749"
PPRQR,266.51M,-,-,-,12.46,3.00,1.99,-,-4.42%,-16.11%,15.68%,-5.81%,-,1.93,0.52%,"622,646"
PPRSD,-,-,-,-,-,-,-,-,-,-,-,-,-,24.95,-0.02%,"6,578"
PPRSO,10.12M,-,-,-,1.21,2.06,3.05,-,-6.67%,75.78%,65.81%,-,6.05%,0.67,-1.27%,"167,413"
PPRSU,1.31B,33.54,25.22,0.64,2.71,2.05,38.64,-,127.19%,4.68%,-,39.68%,1.72%,47.99,0.06%,"194,557"
PPRT,26.70M,9.34,-,-,7.24,1.03,19.49,-,-,-,19.80%,-,11.96%,2.19,0.23%,"22,538"
PPRTA,455.88M,-,-,-,8.36,1.60,1.58,-,102.43%,-943.94%,-10.24%,-,62.56%,8.88,0.23%,"365,922"
PPRTH,440.23M,7.80,4.76,0.39,0.44,-,3.20,12.85,-5.83%,15.67%,12.37%,12.08%,18.71%,5.34,-2.73%,"377,278"
PPRTO,-,-,-,-,-,-,-,-,-,-,-,-,-,28.58,0.22%,15
PPRTS,49.04M,-,-,-,0.10,0.82,1.28,-,67.87%,7.21%,-85.61%,-,4.29%,6.08,-0.82%,"22,507"
PPRU,42.97B,11.28,8.45,2.35,0.66,1.36,-,3.92,-2.00%,4.25%,-,3.59%,1.28%,124.56,-0.46%,"1,239,583"
PPRVA,2.75B,99.77,51.89,1.10,1.16,3.47,6.66,21.15,44.33%,59.48%,-9.67%,46.98%,21.04%,21.50,-2.27%,"889,322"
PPRVS,-,-,-,-,-,-,-,-,-,-,-,-,-,33.41,-0.35%,"2,587"
PPRVT,-,-,-,-,-,-,-,-,-,-,-,-,-,23.15,-2.43%,81
PPRXG,-,-,-,-,-,-,-,-,-,-,-,-,-,40.22,-0.49%,"5,892"
PPRXI,-,-,-,-,-,-,-,-,-,-,-,-,-,25.85,-0.28%,36
PPRXV,-,-,-,-,-,-,-,-,-,-,-,-,-,36.41,-0.30%,"5,317"
PPRZO,16.13M,-,-,-,52.02,12.35,12.31,-,-,-,1.35%,-,6.48%,0.62,-1.30%,"606,097"
PPS,15.75B,-,40.61,1.53,-,11.57,1744.41,-,-10.64%,87.09%,-,26.60%,-,39.38,-3.55%,"269,991"
PPSA,60.48B,30.93,33.24,7.92,12.37,11.77,232.65,21.14,11.61%,-2.99%,7.46%,4.20%,10.60%,324.31,-0.50%,"623,013"
PPSAI,-,-,-,-,-,-,-,-,-,-,-,-,-,28.89,-0.31%,"1,221"
PPSBD,312.64M,-,7.03,-,3.14,0.77,7.39,9.13,-76.98%,919.60%,-,-,35.38%,10.20,-2.02%,"64,195"
PPSC,-,-,-,-,-,-,-,-,-,-,-,-,-,70.56,-0.28%,"46,803"
PPSCC,-,-,-,-,-,-,-,-,-,-,-,-,-,37.27,-0.65%,"6,144"
PPSCD,-,-,-,-,-,-,-,-,-,-,-,-,-,119.91,-1.20%,270
PPSCE,-,-,-,-,-,-,-,-,-,-,-,-,-,63.41,1.91%,"12,494"
PPSCF,-,-,-,-,-,-,-,-,-,-,-,-,-,67.24,-0.90%,151
PPSCH,-,-,-,-,-,-,-,-,-,-,-,-,-,55.34,0.05%,"18,915"
PPSCI,-,-,-,-,-,-,-,-,-,-,-,-,-,183.19,-0.37%,"2,898"
PPSCJ,-,-,-,-,-,-,-,-,-,-,-,-,-,32.28,-0.20%,163
PPSCM,-,-,-,-,-,-,-,-,-,-,-,-,-,103.40,-0.06%,240
PPSCQ,-,-,-,-,-,-,-,-,-,-,-,-,-,31.86,-0.05%,"2,006"
PPSCT,-,-,-,-,-,-,-,-,-,-,-,-,-,83.38,-0.06%,"11,979"
PPSCU,-,-,-,-,-,-,-,-,-,-,-,-,-,65.52,-0.98%,"1,032"
PPSCW,-,-,-,-,-,-,-,-,-,-,-,-,-,30.50,-0.05%,27
PPSCX,-,-,-,-,-,-,-,-,-,-,-,-,-,33.29,-0.11%,571
PPSDM,-,-,-,-,-,-,-,-,-,-,-,-,-,50.93,-0.04%,"25,310"
PPSEC,1.11B,-,6.26,-,9.28,0.37,32.01,4.73,-39.94%,-23.65%,-98.19%,-25.37%,-20.09%,2.21,-3.91%,"3,473,511"
PPSEP,-,-,-,-,-,-,-,-,-,-,-,-,-,46.74,0.03%,"34,802"
PPSET,-,-,-,-,-,-,-,-,-,-,-,-,-,80.70,-0.76%,"1,124"
PPSF,234.31M,9.32,-,-,-,-,-,-,-,-,-,-,-,19.48,-0.15%,"30,363"
PPSFD,-,-,-,-,-,-,-,-,-,-,-,-,-,40.69,-0.17%,"1,388"
PPSFE,343.91M,-,3.11,0.39,0.20,0.60,1.52,1.52,2.89%,7.61%,-8.39%,7.89%,3.59%,6.71,1.05%,"525,785"
PPSFF,-,-,-,-,-,-,-,-,-,-,-,-,-,34.97,-0.02%,"49,924"
PPSFJ,-,-,-,-,-,-,-,-,-,-,-,-,-,35.99,-0.05%,"6,423"
PPSFM,-,-,-,-,-,-,-,-,-,-,-,-,-,35.48,-0.10%,9
PPSFO,-,-,-,-,-,-,-,-,-,-,-,-,-,35.46,-0.06%,28
PPSH,-,-,-,-,-,-,-,-,-,-,-,-,-,49.92,-0.01%,"24,718"
PPSHG,21.76M,2.00,2.69,-,0.19,0.06,0.21,-,-1.56%,-48.41%,-40.05%,-21.89%,14.89%,1.75,-0.57%,"46,323"
PPSI,-,-,-,-,-,-,-,-,-,-,-,-,-,157.40,2.87%,"469,917"
PPSIG,16.61M,-,-,-,0.31,-,1.03,-,-,-,-289.18%,-,-,1.08,-3.57%,"135,757"
PPSIL,-,-,-,-,-,-,-,-,-,-,-,-,-,25.83,2.20%,"26,780"
PPSIX,911.08M,13.43,10.12,1.72,1.35,4.48,12.23,13.82,-41.23%,33.37%,-,5.87%,11.58%,39.50,-2.57%,"331,878"
PPSK,-,-,-,-,-,-,-,-,-,-,-,-,-,29.69,-0.50%,"76,460"
PPSKY,11.53B,-,12.47,0.33,0.40,0.98,7.09,24.54,24.18%,58.10%,-,37.42%,2.70%,10.28,1.38%,"6,878,253"
PPSL,-,-,-,-,-,-,-,-,-,-,-,-,-,114.36,-0.83%,"4,125"
PPSLV,13.58B,-,-,-,-,-,-,-,-,-,-,-,-,21.50,1.99%,"4,485,301"
PPSMD,-,-,-,-,-,-,-,-,-,-,-,-,-,34.97,-0.09%,7
PPSMJ,-,-,-,-,-,-,-,-,-,-,-,-,-,34.48,-0.20%,"3,324"
PPSMO,-,-,-,-,-,-,-,-,-,-,-,-,-,33.19,0.06%,9
PPSMR,-,-,-,-,-,-,-,-,-,-,-,-,-,32.69,-0.09%,136
PPSMT,5.55B,34.59,28.55,1.83,0.98,3.99,16.70,75.34,14.73%,14.01%,13.55%,15.60%,9.62%,179.99,-0.13%,"253,567"
PPSN,4.89B,31.65,13.50,1.97,0.78,1.86,18.37,15.86,-23.30%,39.46%,17.69%,6.86%,10.18%,45.76,-4.47%,"1,106,002"
PPSNL,1.48B,-,-,-,21.29,6.28,6.98,-,-16.85%,13.01%,2.91%,9.11%,-2.40%,13.89,-1.07%,"1,093,925"
PPSNY,2.00B,-,-,-,0.66,-,1.70,-,56.87%,35.30%,-,44.77%,38.04%,13.93,-2.25%,"74,430"
PPSO,9.67B,24.29,15.27,1.38,1.98,2.18,21.49,6.70,11.04%,11.41%,5.19%,11.09%,1.59%,16.15,0.00%,"542,699"
PPSP,-,-,-,-,-,-,-,-,-,-,-,-,-,63.11,-1.62%,"19,072"
PPSQ,-,-,-,-,-,-,-,-,-,-,-,-,-,25.32,0.24%,"5,596,484"
PPSQA,-,-,-,-,-,-,-,-,-,-,-,-,-,20.75,0.51%,"78,356"
PPSQH,13.83M,-,-,-,0.51,3.29,0.89,-,37.20%,24.25%,-,-,-,4.11,-11.04%,"373,592"
PPSQO,-,-,-,-,-,-,-,-,-,-,-,-,-,20.82,-0.03%,"30,582"
PPSR,-,-,-,-,-,-,-,-,-,-,-,-,-,104.55,-0.77%,683
PPST,-,-,-,-,-,-,-,-,-,-,-,-,-,23.57,0.49%,"1,094"
PPSTL,812.18M,41.93,33.82,2.49,7.67,2.05,290.07,19.63,31.10%,9.16%,-,13.58%,31.53%,22.75,-1.09%,"236,756"
PPSTP,-,-,-,-,-,-,-,-,-,-,-,-,-,37.44,-0.15%,"6,547"
PPSTR,-,-,-,-,-,-,-,-,-,-,-,-,-,32.00,-0.62%,"10,311"
PPSUS,3.97B,-,5.69,-,-,-,-,-,-,243.84%,-,-,-,39.72,-1.34%,"513,925"
PPSWD,-,-,-,-,-,-,-,-,-,-,-,-,-,47.07,-2.26%,"1,702"
PPSX,95.98B,13.69,11.04,0.26,0.63,3.05,23.42,15.01,292.10%,-13.69%,-,41.76%,15.72%,240.55,2.97%,"3,820,905"
PPTA,1.03B,7.86,-,-,-,-,-,-,-,-,-,-,-,18.71,-0.80%,"111,624"
PPTAC,217.27M,-,-,-,-,1.28,181.06,-,-,-,-,-,-,9.93,0.00%,"200,160"
PPTBD,-,-,-,-,-,-,-,-,-,-,-,-,-,19.16,0.00%,"4,976"
PPTC,15.84B,14.11,16.43,2.36,5.36,4.66,44.99,16.95,2.22%,8.67%,40.15%,6.96%,13.44%,145.98,-2.52%,"1,036,939"
PPTCT,6.08B,-,27.23,-,6.03,-,2.73,-,-83.98%,114.77%,-,-14.29%,35.37%,72.88,1.65%,"985,768"
PPTEN,4.66B,-,46.22,-,1.00,1.50,22.93,26.21,77.38%,623.79%,43.59%,-,33.83%,12.22,7.43%,"9,854,420"
PPTEU,-,-,-,-,-,-,-,-,-,-,-,-,-,34.71,-0.19%,500
PPTF,-,-,-,-,-,-,-,-,-,-,-,-,-,118.29,4.01%,"126,733"
PPTGX,10.26B,152.95,-,-,36.40,12.19,13.12,78.60,322.46%,-108.61%,-1.26%,-,9.96%,158.62,2.27%,"506,960"
PPTH,-,-,-,-,-,-,-,-,-,-,-,-,-,60.86,0.85%,"21,301"
PPTHS,99.15M,-,-,-,2.29,-,4.04,-,30.38%,75.67%,-82.26%,-,142.58%,25.90,-5.82%,"29,262"
PPTIN,-,-,-,-,-,-,-,-,-,-,-,-,-,38.16,0.01%,"6,454"
PPTIR,-,-,-,-,-,-,-,-,-,-,-,-,-,18.52,-1.75%,"2,339,736"
PPTL,-,-,-,-,-,-,-,-,-,-,-,-,-,290.75,0.18%,"18,990"
PPTLC,-,-,-,-,-,-,-,-,-,-,-,-,-,60.21,-0.50%,"94,304"
PPTLE,42.71M,26.01,-,-,4.65,7.25,305.11,-,-,-,-,-,-,6.80,-11.34%,888
PPTLO,377.44M,25.93,21.06,2.12,0.50,0.75,17.76,-,-34.25%,32.93%,-,9.92%,9.96%,4.97,-3.68%,"1,155,181"
PPTMC,-,-,-,-,-,-,-,-,-,-,-,-,-,42.52,-0.17%,"17,314"
PPTN,17.70M,-,-,-,1.37,1.67,1.74,-,93.50%,-10.69%,23.09%,53.79%,-,9.95,6.30%,"11,865"
PPTNQ,-,-,-,-,-,-,-,-,-,-,-,-,-,87.98,-0.11%,"31,232"
PPTNT,-,-,-,-,-,-,-,-,-,-,-,-,-,24.77,-1.77%,934
PPTON,2.32B,48.09,16.38,0.57,0.95,-,1.92,6.15,122.84%,3.49%,-,28.56%,-9.47%,5.29,-6.04%,"9,676,148"
PPTOR,338.49M,-,-,-,-,1.35,189.10,-,-,-,-,-,-,9.98,0.08%,"1,145"
PPTRB,-,-,-,-,-,-,-,-,-,-,-,-,-,40.88,-0.18%,"136,637"
PPTRN,3.66B,-,27.10,-,1.21,5.67,10.57,34.45,144.75%,25.35%,-,-,-,20.67,-3.59%,"2,561,199"
PPTY,2.48B,8.65,-,-,9.67,0.98,-,-,-,-,-,-,-,11.68,-0.43%,"1,660,547"
PPUBM,786.65M,-,116.55,-,2.72,3.28,5.72,14.56,67.47%,246.96%,-,-,13.72%,17.27,-1.82%,"925,731"
PPUI,-,-,-,-,-,-,-,-,-,-,-,-,-,46.21,-0.25%,"3,541"
PPUK,35.02B,9.18,10.00,0.64,1.26,1.77,-,16.20,18.83%,16.96%,13.46%,15.74%,-5.30%,28.19,1.11%,"1,205,766"
PPUL,-,-,-,-,-,-,-,-,-,-,-,-,-,52.96,-1.99%,"1,067"
PPULM,5.69M,-,-,-,-,3.58,1.98,-,-,-,36.26%,-,-,1.56,1.30%,"12,287"
PPULS,-,-,-,-,-,-,-,-,-,-,-,-,-,49.63,-0.02%,"2,241,166"
PPUMP,1.57B,-,32.22,0.39,1.35,1.64,2.00,-,-97.68%,8715.66%,-,83.06%,9.97%,12.79,5.70%,"2,958,501"
PPUR,-,-,-,-,-,-,-,-,-,-,-,-,-,13.95,14.79%,"12,216"
PPURR,1.43B,-,-,-,-,1.19,12.68,-,-,-,-,-,-,7.15,7.04%,"9,720,261"
PPUSA,98.74M,-,-,-,30.76,2.12,2.31,-,-,-,-8.63%,-,23.34%,3.66,0.69%,"519,788"
PPUSH,-,-,-,-,-,-,-,-,-,-,-,-,-,50.39,-0.10%,"32,808"
PPVAL,-,-,-,-,-,-,-,-,-,-,-,-,-,54.20,-0.70%,"1,146,772"
PPVEX,-,-,-,-,-,-,-,-,-,-,-,-,-,31.55,-0.62%,486
PPVH,3.60B,24.81,6.20,0.90,0.40,0.74,6.08,6.55,5.44%,4.83%,-,6.88%,4.64%,78.18,-5.20%,"1,100,764"
PPVI,-,-,-,-,-,-,-,-,-,-,-,-,-,24.85,0.04%,"2,361"
PPVL,58.08M,10.06,-,-,7.35,1.60,17.34,-,-,-,-6.87%,-,-3.17%,1.76,0.00%,"55,607"
PPVLA,2.21B,-,-,-,-,10.19,8.83,-,-75.53%,-19.92%,41.62%,-11.12%,-,153.52,-1.67%,"187,027"
PPW,2.89M,-,-,-,1.04,-,0.92,1.90,-,-,-,-,-13.98%,7.86,-1.75%,"2,007"
PPWB,-,-,-,-,-,-,-,-,-,-,-,-,-,163.81,0.82%,"59,549"
PPWCM,0.88M,-,-,-,0.10,0.00,0.54,-,73.17%,39.77%,26.24%,-,47.58%,1.28,1.59%,"572,822"
PPWER,-,-,-,-,-,-,-,-,-,-,-,-,-,45.69,1.42%,"2,012"
PPWP,1.58B,64.07,11.47,0.31,2.29,-,13.49,17.91,47.43%,45.89%,-,36.51%,7.67%,16.78,-3.45%,"820,737"
PPWR,108.59B,82.73,36.66,1.27,3.30,11.26,212.86,45.41,55.60%,17.80%,17.25%,28.85%,20.52%,722.31,5.33%,"1,434,755"
PPWRD,-,-,-,-,-,-,-,-,-,-,-,-,-,114.64,0.86%,"86,760"
PPWRL,511.13M,-,-,-,-,-,-,-,-,-,-,-,-,11.82,-0.25%,"98,175"
PPWRZ,-,-,-,-,-,-,-,-,-,-,-,-,-,31.08,-0.16%,25
PPWS,-,-,-,-,-,-,-,-,-,-,-,-,-,33.63,0.35%,258
PPWV,-,-,-,-,-,-,-,-,-,-,-,-,-,81.47,-0.29%,"88,321"
PPWZ,-,-,-,-,-,-,-,-,-,-,-,-,-,24.02,-0.54%,"571,087"
PPXE,-,-,-,-,-,-,-,-,-,-,-,-,-,40.04,1.50%,"5,663"
PPXED,969.32M,12.05,5.83,1.50,0.96,2.99,4.16,7.39,-1.56%,4.15%,-,3.89%,-,26.89,-1.10%,"89,655"
PPXF,-,-,-,-,-,-,-,-,-,-,-,-,-,79.59,-0.04%,"53,709"
PPXH,-,-,-,-,-,-,-,-,-,-,-,-,-,29.04,0.21%,"178,819"
PPXI,-,-,-,-,-,-,-,-,-,-,-,-,-,63.88,1.25%,"7,953"
PPXJ,-,-,-,-,-,-,-,-,-,-,-,-,-,46.84,1.23%,"21,718"
PPXLW,41.13M,-,-,-,1.24,0.79,0.78,-,22.67%,0.00%,12.19%,-,-55.75%,6.80,-2.58%,"51,081"
PPXS,52.59M,14.65,-,-,1.34,0.54,0.97,4.14,-,-,-,-,12.43%,5.14,-0.39%,"25,872"
PPY,-,-,-,-,-,-,-,-,-,-,-,-,-,57.42,-0.98%,"16,044"
PPYLD,-,-,-,-,-,-,-,-,-,-,-,-,-,26.15,-0.23%,"2,661,754"
PPYPD,91.02M,-,-,-,-,17.98,13.44,-,19.86%,26.68%,14.14%,41.71%,-,4.77,0.63%,"122,746"
PPYPG,-,-,-,-,-,-,-,-,-,-,-,-,-,9.57,-3.71%,"206,208"
PPYPL,51.73B,11.43,10.47,1.87,1.51,2.63,4.60,7.85,1.22%,7.45%,8.84%,5.59%,9.24%,60.47,-1.93%,"9,233,741"
PPYPU,-,-,-,-,-,-,-,-,-,-,-,-,-,41.79,-3.98%,"2,423"
PPYPY,-,-,-,-,-,-,-,-,-,-,-,-,-,30.41,-1.60%,"29,634"
PPYXS,251.89M,-,-,-,22.82,16.75,7.31,-,4.51%,6.36%,-27.93%,4.67%,-,3.02,0.33%,"558,935"
PPYZ,-,-,-,-,-,-,-,-,-,-,-,-,-,128.23,0.32%,414
PPZA,-,-,-,-,-,-,-,-,-,-,-,-,-,22.91,-0.52%,"900,035"
PPZG,126.96M,-,-,-,-,3.60,10.00,-,-,-,10.55%,-15.44%,-,1.48,-3.90%,"501,041"
PPZIV,-,-,-,-,-,-,-,-,-,-,-,-,-,30.31,-0.39%,"5,334"
PPZLV,-,-,-,-,-,-,-,-,-,-,-,-,-,31.08,-1.47%,499
PPZT,-,-,-,-,-,-,-,-,-,-,-,-,-,22.11,-0.52%,"14,687"
PPZZA,764.77M,29.17,17.22,7.06,0.39,-,26.84,31.04,-16.58%,13.10%,-6.79%,2.44%,2.52%,23.23,-4.25%,"2,007,821"
QQ,29.45B,50.40,26.18,1.18,5.65,4.06,30.64,35.69,35.90%,18.12%,-,22.26%,-,140.76,-1.08%,"1,361,217"
QQABA,-,-,-,-,-,-,-,-,-,-,-,-,-,69.79,-0.69%,"6,911"
QQADR,249.50M,291.81,-,-,-,1.29,656.58,-,-,-,-,-,-,9.98,0.10%,18
QQAI,-,-,-,-,-,-,-,-,-,-,-,-,-,36.76,0.04%,"26,682"
QQALT,-,-,-,-,-,-,-,-,-,-,-,-,-,26.72,0.33%,"51,598"
QQARP,-,-,-,-,-,-,-,-,-,-,-,-,-,67.84,-0.66%,332
QQAT,-,-,-,-,-,-,-,-,-,-,-,-,-,17.45,-1.08%,"6,604"
QQAU,-,-,-,-,-,-,-,-,-,-,-,-,-,25.67,-0.04%,40
QQB,-,-,-,-,-,-,-,-,-,-,-,-,-,48.89,-0.31%,"52,600"
QQBER,-,-,-,-,-,-,-,-,-,-,-,-,-,23.83,0.04%,"4,914"
QQBF,-,-,-,-,-,-,-,-,-,-,-,-,-,15.56,1.67%,"3,478"
QQBIF,-,-,-,-,-,-,-,-,-,-,-,-,-,26.50,0.00%,122
QQBIG,-,-,-,-,-,-,-,-,-,-,-,-,-,41.12,-0.67%,"8,049"
QQBIV,-,-,-,-,-,-,-,-,-,-,-,-,-,27.44,0.00%,7
QQBKF,-,-,-,-,-,-,-,-,-,-,-,-,-,26.37,0.04%,63
QQBKV,-,-,-,-,-,-,-,-,-,-,-,-,-,27.97,-0.18%,181
QQBQF,-,-,-,-,-,-,-,-,-,-,-,-,-,26.15,0.06%,"3,832"
QQBQV,-,-,-,-,-,-,-,-,-,-,-,-,-,27.13,0.03%,22
QQBSF,-,-,-,-,-,-,-,-,-,-,-,-,-,27.36,-0.20%,"3,985"
QQBSV,-,-,-,-,-,-,-,-,-,-,-,-,-,27.32,-0.11%,"2,265"
QQBTS,7.77B,-,-,-,625.33,7.17,14.23,-,-14.66%,-26.00%,-8.63%,-11.35%,-,20.87,-1.42%,"10,078,291"
QQBTX,-,-,-,-,-,-,-,-,-,-,-,-,-,9.76,-3.17%,"1,308,510"
QQBTZ,-,-,-,-,-,-,-,-,-,-,-,-,-,2.92,3.18%,"3,670,368"
QQBUF,-,-,-,-,-,-,-,-,-,-,-,-,-,30.99,-0.10%,"4,726"
QQBUL,-,-,-,-,-,-,-,-,-,-,-,-,-,24.23,0.02%,781
QQBY,-,-,-,-,-,-,-,-,-,-,-,-,-,6.66,-0.15%,"9,898"
QQCAP,-,-,-,-,-,-,-,-,-,-,-,-,-,25.20,0.01%,"3,170"
QQCJA,-,-,-,-,-,-,-,-,-,-,-,-,-,23.68,0.06%,"3,101"
QQCJL,-,-,-,-,-,-,-,-,-,-,-,-,-,25.76,0.09%,"10,455"
QQCLN,-,-,-,-,-,-,-,-,-,-,-,-,-,53.16,-0.49%,"94,766"
QQCLR,-,-,-,-,-,-,-,-,-,-,-,-,-,28.35,-0.11%,37
QQCLS,23.02M,-,-,-,-,1.44,2.09,-,-,-,77.48%,-,-,2.81,1.44%,"158,324"
QQCMD,-,-,-,-,-,-,-,-,-,-,-,-,-,18.45,2.11%,"5,755"
QQCML,-,-,-,-,-,-,-,-,-,-,-,-,-,14.58,-4.58%,"437,659"
QQCMU,-,-,-,-,-,-,-,-,-,-,-,-,-,18.12,-4.37%,"86,495"
QQCOC,-,-,-,-,-,-,-,-,-,-,-,-,-,24.28,0.02%,"2,363"
QQCOM,170.33B,18.77,15.89,5.04,3.87,6.20,20.51,16.35,-12.17%,-3.39%,2.08%,3.15%,13.48%,162.18,-2.18%,"8,967,659"
QQCRH,1.72B,12.40,11.72,-,2.77,1.49,-,3.39,11.68%,4.88%,14.56%,-,14.09%,104.84,-1.61%,"150,152"
QQDEC,-,-,-,-,-,-,-,-,-,-,-,-,-,36.20,-0.03%,"9,733"
QQDEF,-,-,-,-,-,-,-,-,-,-,-,-,-,90.92,-0.49%,"22,250"
QQDEL,999.83M,-,9.93,-,0.37,0.56,8.10,-,-63.24%,88.42%,-,-3.27%,10.42%,14.58,1.96%,"1,236,150"
QQDF,-,-,-,-,-,-,-,-,-,-,-,-,-,92.83,-0.42%,"17,965"
QQDIV,-,-,-,-,-,-,-,-,-,-,-,-,-,40.16,-1.06%,"1,830"
QQDPL,-,-,-,-,-,-,-,-,-,-,-,-,-,46.73,-0.51%,"87,447"
QQDTE,-,-,-,-,-,-,-,-,-,-,-,-,-,29.81,-0.07%,"785,313"
QQDTY,-,-,-,-,-,-,-,-,-,-,-,-,-,39.87,0.14%,"15,317"
QQDVO,-,-,-,-,-,-,-,-,-,-,-,-,-,30.06,-0.10%,"213,214"
QQEFA,-,-,-,-,-,-,-,-,-,-,-,-,-,101.00,-0.28%,"13,903"
QQEMM,-,-,-,-,-,-,-,-,-,-,-,-,-,81.67,0.64%,870
QQETA,42.67M,47.23,-,-,-,2.80,-,-,-,-,-,-,-,11.24,-1.92%,15
QQETH,-,-,-,-,-,-,-,-,-,-,-,-,-,18.97,1.55%,"29,744"
QQEW,-,-,-,-,-,-,-,-,-,-,-,-,-,30.73,-0.44%,"56,138"
QQFF,-,-,-,-,-,-,-,-,-,-,-,-,-,25.44,0.05%,"2,786"
QQFHD,-,-,-,-,-,-,-,-,-,-,-,-,-,28.07,-0.77%,"2,310"
QQFIN,1.46B,2.21,2.81,-,0.56,0.41,0.96,-,-39.32%,7.31%,12.50%,-8.40%,6.34%,11.94,-2.69%,"1,127,997"
QQFLR,-,-,-,-,-,-,-,-,-,-,-,-,-,35.81,-0.24%,"224,102"
QQFRD,-,-,-,-,-,-,-,-,-,-,-,-,-,29.50,-1.02%,438
QQGEN,8.78B,21.64,16.32,2.61,4.18,2.62,11.06,19.61,1.91%,7.62%,3.60%,6.25%,2.25%,42.60,-0.81%,"3,196,284"
QQGRD,-,-,-,-,-,-,-,-,-,-,-,-,-,29.89,-0.06%,"16,574"
QQGRO,-,-,-,-,-,-,-,-,-,-,-,-,-,120.04,-0.27%,"56,443"
QQGRW,-,-,-,-,-,-,-,-,-,-,-,-,-,67.99,-0.63%,"109,667"
QQH,14.91B,-,-,-,42.39,293.68,2601.66,-,-,-,-,-,-1.24%,4.79,11.14%,"8,935"
QQHY,-,-,-,-,-,-,-,-,-,-,-,-,-,45.84,-0.01%,"11,277"
QQID,-,-,-,-,-,-,-,-,-,-,-,-,-,13.69,0.22%,"22,529,293"
QQIDX,-,-,-,-,-,-,-,-,-,-,-,-,-,11.98,-0.41%,"4,224"
QQIG,-,-,-,-,-,-,-,-,-,-,-,-,-,43.50,-0.29%,37
QQINT,-,-,-,-,-,-,-,-,-,-,-,-,-,73.19,-0.09%,"30,461"
QQIS,-,-,-,-,-,-,-,-,-,-,-,-,-,10.78,4.41%,168
QQJL,-,-,-,-,-,-,-,-,-,-,-,-,-,25.34,-0.01%,6
QQJN,-,-,-,-,-,-,-,-,-,-,-,-,-,25.00,-0.02%,8
QQJUN,-,-,-,-,-,-,-,-,-,-,-,-,-,33.82,-0.06%,"28,191"
QQLC,-,-,-,-,-,-,-,-,-,-,-,-,-,93.26,-0.31%,"23,418"
QQLD,-,-,-,-,-,-,-,-,-,-,-,-,-,93.84,-0.33%,"2,850,127"
QQLDY,-,-,-,-,-,-,-,-,-,-,-,-,-,42.54,-0.18%,"35,055"
QQLEP,293.25M,-,-,-,-,1.28,232.74,-,-,-,-,-,-,10.00,0.00%,"51,301"
QQLTA,-,-,-,-,-,-,-,-,-,-,-,-,-,46.30,-0.34%,"141,987"
QQLTI,-,-,-,-,-,-,-,-,-,-,-,-,-,27.62,-0.81%,"4,661"
QQLTY,-,-,-,-,-,-,-,-,-,-,-,-,-,42.84,-0.95%,"1,530,457"
QQLV,-,-,-,-,-,-,-,-,-,-,-,-,-,79.48,-0.51%,"6,041"
QQLVD,-,-,-,-,-,-,-,-,-,-,-,-,-,34.52,-0.38%,245
QQLVE,-,-,-,-,-,-,-,-,-,-,-,-,-,33.85,0.80%,774
QQLYS,6.34B,31.75,21.63,2.66,8.99,11.30,14.88,20.20,10.75%,8.23%,19.39%,8.12%,13.07%,183.31,-1.47%,"772,187"
QQMAG,-,-,-,-,-,-,-,-,-,-,-,-,-,25.67,-0.05%,"23,550"
QQMAR,-,-,-,-,-,-,-,-,-,-,-,-,-,37.84,0.03%,"7,530"
QQMCO,982.10M,-,29.67,-,3.32,-,17.99,-,117.29%,80.65%,13.59%,-,-4.37%,24.92,-4.56%,"2,094,629"
QQMFE,-,-,-,-,-,-,-,-,-,-,-,-,-,24.65,0.08%,"1,204"
QQMID,-,-,-,-,-,-,-,-,-,-,-,-,-,30.69,-0.81%,"1,449"
QQMLS,234.67M,-,-,-,-,15.79,8.89,-,-,-,-,-,-,7.14,-2.46%,"537,998"
QQMMY,-,-,-,-,-,-,-,-,-,-,-,-,-,26.64,0.02%,"5,492"
QQMNV,-,-,-,-,-,-,-,-,-,-,-,-,-,25.51,0.08%,"1,471"
QQMOM,-,-,-,-,-,-,-,-,-,-,-,-,-,79.08,1.30%,"10,697"
QQMY,-,-,-,-,-,-,-,-,-,-,-,-,-,26.16,0.04%,106
QQNC,489.20M,-,-,-,24459.76,18.19,20.41,-,-18.18%,0.00%,-32.75%,-,-,2.23,-8.23%,"541,209"
QQNCX,34.70M,-,-,-,-,-,0.30,-,-,-,8.64%,75.42%,-,34.12,0.24%,"38,991"
QQNDX,-,-,-,-,-,-,-,-,-,-,-,-,-,24.73,-0.16%,"249,734"
QQNME,14.34M,-,-,-,0.69,0.95,11.03,-,-,-,-,-,-,0.42,-9.90%,"237,166"
QQNRX,10.17M,-,-,-,-,2.65,0.94,-,56.08%,53.03%,61.71%,57.00%,-,5.19,1.96%,"17,083"
QQNST,1.16B,14.40,10.79,0.51,0.90,3.73,9.03,9.09,25.20%,17.61%,27.15%,21.18%,17.47%,20.17,-1.59%,"764,056"
QQNT,17.14B,-,-,-,-,5.77,8.11,-,-,-,-,-,-,66.01,3.81%,"1,485,246"
QQNTM,23.55M,-,-,-,-,3.51,2.42,-,-,-,-24.71%,-,-,3.68,-3.16%,"1,223,462"
QQNTU,-,-,-,-,-,-,-,-,-,-,-,-,-,13.99,8.62%,"41,474"
QQNXT,-,-,-,-,-,-,-,-,-,-,-,-,-,32.29,-0.47%,"2,478"
QQOWZ,-,-,-,-,-,-,-,-,-,-,-,-,-,37.09,-1.26%,969
QQPUX,-,-,-,-,-,-,-,-,-,-,-,-,-,20.76,-1.28%,"114,159"
QQPX,-,-,-,-,-,-,-,-,-,-,-,-,-,49.60,-0.29%,415
QQQA,-,-,-,-,-,-,-,-,-,-,-,-,-,57.04,-0.07%,"92,412"
QQQAU,-,-,-,-,-,-,-,-,-,-,-,-,-,25.66,0.14%,410
QQQDN,-,-,-,-,-,-,-,-,-,-,-,-,-,20.96,1.30%,"2,856"
QQQEW,-,-,-,-,-,-,-,-,-,-,-,-,-,164.82,-0.89%,"29,036"
QQQH,-,-,-,-,-,-,-,-,-,-,-,-,-,85.59,-0.47%,"14,916"
QQQHG,-,-,-,-,-,-,-,-,-,-,-,-,-,66.94,0.10%,47
QQQJL,-,-,-,-,-,-,-,-,-,-,-,-,-,25.35,0.02%,306
QQQJN,-,-,-,-,-,-,-,-,-,-,-,-,-,25.06,-0.01%,6
QQQLV,-,-,-,-,-,-,-,-,-,-,-,-,-,25.40,-1.18%,"2,322"
QQQMG,-,-,-,-,-,-,-,-,-,-,-,-,-,50.81,-0.10%,"6,037"
QQQMY,-,-,-,-,-,-,-,-,-,-,-,-,-,26.13,0.11%,411
QQQQ,-,-,-,-,-,-,-,-,-,-,-,-,-,729.87,-0.16%,"26,452,580"
QQQQA,-,-,-,-,-,-,-,-,-,-,-,-,-,73.43,-0.13%,"27,792"
QQQQD,-,-,-,-,-,-,-,-,-,-,-,-,-,12.61,1.33%,"27,922"
QQQQE,-,-,-,-,-,-,-,-,-,-,-,-,-,123.95,-0.55%,"93,962"
QQQQG,-,-,-,-,-,-,-,-,-,-,-,-,-,32.07,0.63%,"32,897"
QQQQH,-,-,-,-,-,-,-,-,-,-,-,-,-,55.25,-0.19%,"27,140"
QQQQI,-,-,-,-,-,-,-,-,-,-,-,-,-,55.75,-0.07%,"5,459,531"
QQQQJ,-,-,-,-,-,-,-,-,-,-,-,-,-,46.51,-0.26%,"309,208"
QQQQM,-,-,-,-,-,-,-,-,-,-,-,-,-,300.52,-0.16%,"2,538,380"
QQQQP,-,-,-,-,-,-,-,-,-,-,-,-,-,227.22,-0.22%,220
QQQQS,-,-,-,-,-,-,-,-,-,-,-,-,-,44.82,-0.72%,"5,129"
QQQQT,-,-,-,-,-,-,-,-,-,-,-,-,-,18.34,-0.18%,"17,019"
QQQQU,-,-,-,-,-,-,-,-,-,-,-,-,-,55.40,-2.57%,"24,608"
QQQQX,1.50B,8.21,-,-,-,-,-,-,-,-,-,-,-,30.78,0.46%,"60,548"
QQQQY,-,-,-,-,-,-,-,-,-,-,-,-,-,23.05,-0.02%,"133,451"
QQQUP,-,-,-,-,-,-,-,-,-,-,-,-,-,62.36,-1.38%,"1,164"
QQQWZ,-,-,-,-,-,-,-,-,-,-,-,-,-,28.70,-1.09%,"2,956"
QQQXL,-,-,-,-,-,-,-,-,-,-,-,-,-,56.36,-0.13%,"1,902"
QQQXT,-,-,-,-,-,-,-,-,-,-,-,-,-,102.92,-0.91%,"4,018"
QQRED,160.64M,-,-,-,-,1.38,198.32,-,-,-,-,-,-,10.01,0.00%,"183,092"
QQRHC,34.38M,-,46.57,-,0.14,1.28,33.71,2.91,67.98%,130.43%,-,-,20.46%,1.63,1.87%,"85,610"
QQRMI,-,-,-,-,-,-,-,-,-,-,-,-,-,15.32,0.00%,917
QQRVO,8.47B,22.28,11.96,1.35,2.32,2.44,6.38,13.04,9.26%,5.04%,-10.54%,8.86%,-1.74%,96.04,-2.11%,"1,331,014"
QQS,3.79B,-,-,-,-,3.62,4.41,-,13.96%,0.95%,35.31%,17.81%,-,6.12,-1.13%,"14,993,413"
QQSEA,107.58M,72.63,-,-,-,1.47,10758.00,-,-,-,-,-,-,10.64,0.00%,78
QQSI,162.06M,-,-,-,101.29,0.90,1.45,-,15.69%,17.05%,40.39%,19.77%,-,0.74,0.59%,"2,429,723"
QQSIG,-,-,-,-,-,-,-,-,-,-,-,-,-,48.27,-0.06%,"4,503"
QQSIX,-,-,-,-,-,-,-,-,-,-,-,-,-,43.08,-0.10%,404
QQSML,-,-,-,-,-,-,-,-,-,-,-,-,-,34.76,-1.05%,25
QQSOL,-,-,-,-,-,-,-,-,-,-,-,-,-,7.61,1.06%,"16,902"
QQSPT,-,-,-,-,-,-,-,-,-,-,-,-,-,35.54,0.10%,"8,967"
QQSR,35.07B,22.81,17.48,1.86,3.62,9.06,32.99,23.02,9.82%,8.96%,7.87%,9.39%,13.68%,77.16,-0.62%,"2,014,009"
QQSU,-,-,-,-,-,-,-,-,-,-,-,-,-,7.62,-2.06%,"24,981"
QQTAC,-,-,-,-,-,-,-,-,-,-,-,-,-,25.01,-0.13%,"5,610"
QQTAP,-,-,-,-,-,-,-,-,-,-,-,-,-,52.24,-0.01%,"2,114"
QQTEC,-,-,-,-,-,-,-,-,-,-,-,-,-,326.08,-0.18%,"82,852"
QQTEX,40.96M,-,-,-,141.23,14.55,12.56,-,-,-,14.99%,-,-,0.94,-4.08%,"852,168"
QQTI,39.52M,-,22.50,-,1.50,16.55,3.60,-,44.78%,110.81%,-105.48%,-,-,2.70,-6.25%,"16,360"
QQTJA,-,-,-,-,-,-,-,-,-,-,-,-,-,33.73,-0.01%,542
QQTJL,-,-,-,-,-,-,-,-,-,-,-,-,-,42.49,0.07%,"11,176"
QQTOC,-,-,-,-,-,-,-,-,-,-,-,-,-,38.86,0.05%,"10,625"
QQTOP,-,-,-,-,-,-,-,-,-,-,-,-,-,38.01,-0.08%,"67,289"
QQTPI,-,-,-,-,-,-,-,-,-,-,-,-,-,25.34,-0.37%,"2,631"
QQTR,-,-,-,-,-,-,-,-,-,-,-,-,-,34.55,-0.12%,"2,924"
QQTRX,138.10M,-,-,-,0.90,0.58,1.48,-,10.30%,44.94%,-18.72%,25.85%,9.97%,2.92,12.74%,"1,342,490"
QQTTB,474.83M,5.31,-,-,8.84,3.57,4.47,-,-160.25%,-17.56%,-,-,81.85%,15.95,5.28%,"301,165"
QQTUM,-,-,-,-,-,-,-,-,-,-,-,-,-,158.22,-0.29%,"305,303"
QQTUP,-,-,-,-,-,-,-,-,-,-,-,-,-,19.07,0.47%,"35,558"
QQTWO,4.02B,46.19,18.29,0.72,4.75,6.24,36.97,18.83,14.24%,20.73%,-,25.55%,14.56%,64.41,-0.49%,"852,536"
QQUA,-,-,-,-,-,-,-,-,-,-,-,-,-,21.45,-2.91%,27
QQUAD,521.17M,16.15,6.79,-,0.22,4.18,70.43,10.34,29.70%,13.74%,-,-,-3.75%,10.12,1.81%,"518,698"
QQUAL,-,-,-,-,-,-,-,-,-,-,-,-,-,224.63,-0.54%,"680,351"
QQUBT,2.05B,-,-,-,208.60,1.29,2.15,-,-54.55%,-7.06%,33.68%,-8.37%,-,9.05,0.44%,"6,943,039"
QQUBX,-,-,-,-,-,-,-,-,-,-,-,-,-,8.60,1.18%,"199,008"
QQUCY,33.47M,-,-,-,-,1.80,2.50,-,-,-,8.38%,70.92%,1.70%,1.47,-0.34%,"484,949"
QQUIK,231.35M,-,120.29,-,14.19,7.40,12.52,-,80.66%,202.44%,4.36%,-,9.79%,12.63,-1.02%,"256,059"
QQUIZ,-,-,-,-,-,-,-,-,-,-,-,-,-,30.11,0.50%,"25,119"
QQULL,-,-,-,-,-,-,-,-,-,-,-,-,-,70.67,-0.10%,226
QQUMS,112.80M,75.07,-,-,-,1.43,-,-,-,-,-,-,-,10.31,0.05%,"2,598"
QQURE,3.33B,-,-,-,178.23,10.26,4.11,-,-13.18%,23.77%,-4.24%,31.26%,-15.57%,47.97,-1.34%,"838,631"
QQUS,-,-,-,-,-,-,-,-,-,-,-,-,-,194.36,-0.61%,"9,001"
QQUSA,-,-,-,-,-,-,-,-,-,-,-,-,-,18.35,-0.33%,"9,597"
QQVAL,-,-,-,-,-,-,-,-,-,-,-,-,-,60.66,-0.72%,"32,408"
QQVC,-,-,-,-,-,-,-,-,-,-,-,-,-8.23%,-,-,0
QQVCG,121.84M,-,-,-,0.01,-,0.07,3.58,-,-,-,-,-8.23%,15.40,1.15%,"99,978"
QQVML,-,-,-,-,-,-,-,-,-,-,-,-,-,45.82,-0.42%,"4,305"
QQVMM,-,-,-,-,-,-,-,-,-,-,-,-,-,36.64,-0.19%,292
QQVMS,-,-,-,-,-,-,-,-,-,-,-,-,-,35.30,-0.34%,149
QQVMT,-,-,-,-,-,-,-,-,-,-,-,-,-,68.16,0.96%,"12,768"
QQVOL,-,-,-,-,-,-,-,-,-,-,-,-,-,103.20,0.26%,"10,219"
QQVOY,-,-,-,-,-,-,-,-,-,-,-,-,-,29.79,-0.29%,405
QQWLD,-,-,-,-,-,-,-,-,-,-,-,-,-,158.57,-0.55%,"1,324"
QQXL,100.50M,-,-,-,9.09,3.40,40.52,-,-,-,0.12%,-,74.85%,4.66,5.67%,"14,731"
QQXO,14.50B,-,21.46,0.46,1.47,1.09,2.51,103.16,-18.98%,136.52%,-,46.42%,177.98%,13.98,-3.65%,"16,703,460"
QQXQ,-,-,-,-,-,-,-,-,-,-,-,-,-,32.44,-0.05%,"7,555"
QQYLD,-,-,-,-,-,-,-,-,-,-,-,-,-,18.20,-0.05%,"2,841,728"
QQYLG,-,-,-,-,-,-,-,-,-,-,-,-,-,29.91,-0.10%,"36,159"
RR,10.15B,21.75,14.94,0.85,0.79,3.53,46.35,14.77,13.57%,20.75%,-,17.59%,8.51%,264.70,0.28%,"393,331"
RRA,699.52M,11.30,-,-,-,-,-,-,-,-,-,-,-,12.66,-0.86%,"224,148"
RRAA,-,-,-,-,-,-,-,-,-,-,-,-,-,30.34,0.14%,"37,100"
RRAAA,-,-,-,-,-,-,-,-,-,-,-,-,-,25.03,0.00%,427
RRAAR,-,-,-,-,-,-,-,-,-,-,-,-,-,51.19,0.01%,34
RRAAX,-,-,-,-,-,-,-,-,-,-,-,-,-,41.93,0.96%,"164,669"
RRAC,256.24M,35.49,-,-,-,1.32,25624.38,-,-,-,-,-,-,10.51,0.10%,"50,651"
RRACC,242.93M,-,-,-,-,3.28,292.69,-,-,-,-,-,-,26.70,-1.11%,"19,973"
RRACD,109.36M,-,-,-,-,10452.17,-,-,-,-,-,-,-,12.02,1.01%,114
RRACE,66.43B,38.78,32.84,3.67,7.75,17.54,38.51,29.48,6.42%,11.80%,21.96%,8.96%,15.38%,417.10,0.54%,"475,433"
RRACK,-,-,-,-,-,-,-,-,-,-,-,-,-,51.32,0.79%,"29,433"
RRADX,38.61M,-,-,-,16.50,0.91,1.68,-,26.73%,-13.89%,-71.93%,-5.46%,-,2.67,4.30%,"60,656"
RRAFE,-,-,-,-,-,-,-,-,-,-,-,-,-,49.76,-0.76%,"5,677"
RRAIL,243.31M,-,7.00,0.25,0.52,6.72,3.86,12.65,-18.67%,160.66%,-,28.06%,35.81%,7.42,1.37%,"132,666"
RRAIN,10.31M,-,-,-,1031.11,-,343.70,-,-,-,-,-,-,0.88,-4.26%,"232,216"
RRAL,7.96B,-,21.91,1.75,3.64,5.19,29.39,24.30,5.50%,15.73%,-,12.55%,-,71.97,-0.44%,"779,576"
RRAM,-,-,-,-,-,-,-,-,-,-,-,-,-,14.59,10.53%,"18,897,478"
RRAML,-,-,-,-,-,-,-,-,-,-,-,-,-,15.03,10.91%,"12,682"
RRAMP,2.29B,15.57,10.01,-,2.75,2.34,6.17,11.45,29.30%,28.22%,-,-,12.91%,37.68,-0.45%,"1,141,937"
RRAMZ,-,-,-,-,-,-,-,-,-,-,-,-,-,15.55,-10.27%,"1,824,594"
RRAND,30.05M,-,-,-,6.52,0.58,69.89,16.79,-,-,-,-,-,10.12,-0.20%,"1,447"
RRANG,72.07M,46.22,-,-,-,3.16,-,-,-,-,-,-,-,10.76,0.09%,609
RRANI,108.53M,-,-,-,22.24,2.28,2.03,-,60.56%,-9.86%,11.92%,27.71%,28.73%,0.80,-0.03%,"469,360"
RRANK,-,-,-,-,-,-,-,-,-,-,-,-,-,20.25,1.10%,"11,441"
RRAPP,2.32B,-,-,-,116.16,5.49,5.33,-,-41.31%,-22.25%,-,-24.34%,-,48.42,2.11%,"203,968"
RRARE,2.58B,-,-,-,3.59,-,8.56,-,29.18%,79.92%,-13.72%,-,19.95%,26.13,-1.36%,"1,316,013"
RRAUS,-,-,-,-,-,-,-,-,-,-,-,-,-,30.29,-0.43%,"6,632"
RRAVE,42.63M,14.61,-,-,3.38,2.59,3.55,13.32,-,-,-,-,3.72%,3.00,-1.32%,"36,223"
RRAVI,-,-,-,-,-,-,-,-,-,-,-,-,-,75.28,0.01%,"231,367"
RRAY,15.86M,3.07,-,-,0.87,0.45,1.59,-,-,-,-4.51%,-,33.27%,2.70,-5.52%,"4,227"
RRAYA,2.45M,-,-,-,0.11,0.01,0.49,-,-,-,-,-,10.17%,2.32,-6.45%,"47,748"
RRB,-,-,-,-,-,-,-,-,-,-,-,-,-,47.11,-0.13%,43
RRBA,15.20B,35.22,17.08,2.06,3.14,2.73,23.18,25.10,9.15%,10.12%,5.57%,8.30%,27.23%,82.11,-2.55%,"2,488,936"
RRBB,462.14M,11.24,10.90,-,1.91,0.87,-,10.21,31.26%,4.33%,2.03%,-,9.23%,27.32,-0.98%,"94,280"
RRBBN,371.96M,25.43,13.33,-,0.47,0.95,8.18,58.30,-92.42%,212.00%,-18.49%,-,0.02%,2.08,-1.42%,"320,971"
RRBC,17.65B,55.10,33.41,2.47,9.03,5.10,141.80,45.83,20.67%,11.62%,20.50%,13.52%,25.17%,557.62,-0.51%,"135,525"
RRBCAA,1.69B,14.81,14.02,-,3.35,1.63,-,12.78,5.80%,-2.95%,18.60%,-,9.26%,96.76,-1.24%,"77,121"
RRBIL,-,-,-,-,-,-,-,-,-,-,-,-,-,49.99,-0.00%,"28,753"
RRBKB,198.27M,19.71,-,-,2.61,1.37,-,15.59,-,-,10.72%,-,7.62%,12.68,-0.16%,"149,311"
RRBLD,-,-,-,-,-,-,-,-,-,-,-,-,-,90.09,-0.16%,"1,504"
RRBLU,-,-,-,-,-,-,-,-,-,-,-,-,-,3.56,-1.39%,"207,440"
RRBLX,27.10B,-,-,-,4.77,178.24,8.99,16.48,6.69%,16.82%,-27.41%,16.11%,39.56%,37.93,-0.78%,"10,833,257"
RRBLY,-,-,-,-,-,-,-,-,-,-,-,-,-,8.99,-0.73%,"12,517"
RRBNE,1.64M,-,-,-,0.10,0.03,0.06,-,-,-,-,-,-,2.83,11.42%,"70,367"
RRBRK,20.79B,-,157.81,-,14.59,-,11.89,74.76,3204.08%,106.23%,-7.95%,-,27.69%,101.02,-1.18%,"3,284,060"
RRBUF,-,-,-,-,-,-,-,-,-,-,-,-,-,31.54,-0.02%,"5,801"
RRC,280.82M,-,-,-,1.15,0.25,1.61,-,-9.25%,67.26%,-,64.44%,-5.77%,1.70,-8.11%,"1,287,798"
RRCAT,1.59B,-,-,-,22.29,3.38,4.90,-,-11.42%,13.73%,-5.42%,-3.53%,52.12%,10.44,-6.20%,"9,681,443"
RRCAX,-,-,-,-,-,-,-,-,-,-,-,-,-,4.90,-12.34%,"491,725"
RRCBC,693.83M,10.20,-,-,2.38,1.18,-,-,-,-,16.80%,-,22.18%,47.84,0.38%,"11,028"
RRCEL,196.24M,-,-,-,2.59,-,17.62,-,44.59%,53.06%,3.38%,68.77%,38.09%,7.90,0.64%,"194,155"
RRCG,19.64M,25.45,-,-,59.99,0.99,-,-,-,-,-,-,-,2.80,1.45%,"7,207"
RRCGE,-,-,-,-,-,-,-,-,-,-,-,-,-,31.35,-0.97%,59
RRCI,19.50B,4.37,10.43,25.43,1.19,1.67,16.03,9.89,-8.76%,2.43%,31.20%,0.41%,8.41%,36.09,-0.96%,"1,467,615"
RRCKT,373.24M,-,-,-,-,1.01,1.32,-,93.53%,-910.06%,4.46%,18.73%,-,3.40,-2.02%,"1,508,978"
RRCKY,349.72M,12.26,11.11,-,0.69,1.33,132.97,21.27,51.69%,-15.07%,0.70%,-,11.69%,46.68,-1.79%,"36,697"
RRCL,80.94B,18.64,14.86,1.05,4.33,7.89,92.50,-,13.56%,14.36%,-,14.17%,52.02%,301.79,-1.05%,"1,568,380"
RRCLO,-,-,-,-,-,-,-,-,-,-,-,-,-,25.07,0.14%,"5,071"
RRCLR,-,-,-,-,-,-,-,-,-,-,-,-,-,51.37,0.13%,47
RRCMT,287.49M,17.57,12.38,-,0.86,5.87,43.69,12.59,18.20%,10.49%,-,-,16.26%,40.43,15.35%,"466,643"
RRCON,1.61M,-,-,-,0.11,0.00,0.15,-,-,-,42.86%,-,-0.36%,0.02,-12.50%,"81,071,140"
RRCS,249.81M,6.87,-,-,8.65,1.12,-,-,-,-,-,-,-,5.29,-0.19%,"232,807"
RRCT,14.98M,-,-,-,-,-,-,-,-,-,-,-,-,0.22,0.46%,"3,966,468"
RRCTR,-,-,-,-,-,-,-,-,-,-,-,-,-,34.75,0.17%,"4,955"
RRCUS,3.76B,-,-,-,32.17,8.09,5.36,-,-9.48%,3.33%,-7.95%,10.33%,26.08%,29.56,0.27%,"2,174,674"
RRDAC,19.96M,42.16,-,-,-,1.32,1995.76,-,-,-,-,-,-,5.81,-5.55%,"2,879"
RRDAG,388.87M,34.89,-,-,-,1.29,525.51,-,-,-,-,-,-,10.37,-0.10%,54
RRDCM,173.25M,24.99,22.13,-,2.56,1.48,1.58,-,-67.42%,31.72%,-,-,13.74%,10.35,-1.33%,"299,386"
RRDDC,-,-,-,-,-,-,-,-,-,-,-,-,-,14.71,-14.99%,"8,038"
RRDDT,31.65B,38.25,23.25,0.46,11.39,9.63,11.36,31.07,105.83%,31.22%,-,50.66%,57.27%,164.50,-7.63%,"37,846,257"
RRDFI,-,-,-,-,-,-,-,-,-,-,-,-,-,23.40,-0.06%,"24,277"
RRDGT,2.80M,-,-,-,0.02,0.02,0.16,-,-,-,70.07%,-,-0.15%,0.77,-6.85%,"216,787"
RRDHL,3.56M,-,-,-,-,-,1.17,-,-,-,86.32%,-,-66.14%,0.58,-2.48%,"31,972"
RRDI,52.79M,-,-,-,0.25,-,6.62,16.87,-,-,26.94%,-,21.12%,1.75,8.70%,"321,989"
RRDIV,-,-,-,-,-,-,-,-,-,-,-,-,-,63.01,-1.09%,"46,392"
RRDN,4.90B,9.52,7.18,1.15,2.98,1.03,-,3.52,6.41%,9.00%,15.63%,6.24%,-3.64%,37.05,-0.56%,"718,457"
RRDNT,5.98B,-,85.64,1.90,2.63,5.45,8.23,82.57,31.87%,72.41%,3.18%,45.04%,13.74%,75.93,-0.55%,"596,239"
RRDNW,236.54M,-,40.87,-,0.22,-,3.75,-,95.84%,421.43%,34.49%,-,21.05%,6.13,-3.46%,"61,205"
RRDOG,-,-,-,-,-,-,-,-,-,-,-,-,-,40.50,-1.05%,71
RRDTE,-,-,-,-,-,-,-,-,-,-,-,-,-,29.01,-0.28%,"98,850"
RRDTL,-,-,-,-,-,-,-,-,-,-,-,-,-,15.88,-15.03%,"1,550,354"
RRDTY,-,-,-,-,-,-,-,-,-,-,-,-,-,38.17,-0.31%,"13,201"
RRDVI,-,-,-,-,-,-,-,-,-,-,-,-,-,29.87,-0.50%,"706,028"
RRDVT,1.09B,60.24,39.56,-,11.03,8.60,21.85,32.50,25.86%,5.13%,-,-,21.15%,68.04,-2.49%,"158,206"
RRDVY,-,-,-,-,-,-,-,-,-,-,-,-,-,83.38,-0.56%,"864,498"
RRDW,3.35B,-,-,-,7.86,2.04,6.01,-,66.94%,50.91%,-40.08%,59.63%,42.32%,13.41,-1.25%,"17,017,613"
RRDWR,1.25B,76.27,21.22,-,3.92,3.92,5.01,35.09,5.80%,11.78%,16.92%,-,3.84%,28.86,-1.64%,"125,878"
RRDWU,-,-,-,-,-,-,-,-,-,-,-,-,-,10.24,-2.34%,"520,452"
RRDY,10.08B,27.21,20.36,1.84,2.75,2.49,11.72,28.13,-15.64%,31.15%,15.78%,11.08%,8.27%,12.11,-1.30%,"2,042,594"
RRDYY,-,-,-,-,-,-,-,-,-,-,-,-,-,16.90,-6.42%,"40,695"
RRDZN,127.75M,-,15.00,-,2.12,-,20.47,-,75.86%,242.86%,-141.12%,-,-,1.50,4.90%,"343,533"
RREA,289.53M,-,-,-,-,3.41,3.77,-,-11.18%,6.08%,-,-1.45%,-,14.51,-4.16%,"126,538"
RREAI,-,-,-,-,-,-,-,-,-,-,-,-,-,21.91,-0.19%,64
RREAL,1.35B,-,38.68,-,1.80,-,11.32,62.91,182.73%,188.53%,18.94%,-,18.23%,11.08,-2.81%,"3,601,871"
RREAX,530.49M,-,60.50,-,0.24,6.70,3.75,6.38,-15.00%,186.96%,-0.78%,-,160.03%,2.42,0.83%,"7,269,889"
RREBN,12.16M,-,-,-,1.05,4.08,45.04,-,-,-,-172.93%,-,59.14%,1.48,10.45%,"87,788"
RRECI,-,-,-,-,-,-,-,-,-,-,-,-,-,20.41,0.02%,113
RRECS,-,-,-,-,-,-,-,-,-,-,-,-,-,45.42,-0.55%,"389,343"
RRECT,19.66M,8.53,-,-,0.64,1.09,5.40,-,-,-,-,-,-,1.27,0.79%,"11,706"
RREED,12.69M,-,-,-,0.44,-,5.27,-,30.57%,66.93%,48.03%,-,-3.92%,1.07,16.30%,"37,904"
RREET,-,-,-,-,-,-,-,-,-,-,-,-,-,27.97,-0.60%,"2,793,351"
RREF,945.28M,-,-,-,-,0.01,22.93,-,-,-,-,-,-,16.00,2.89%,"197,738"
RREFA,-,-,-,-,-,-,-,-,-,-,-,-,-,23.87,-0.02%,23
RREFI,263.12M,7.52,5.19,1.68,4.26,0.73,19.71,9.77,0.96%,4.32%,32.56%,3.09%,54.40%,10.27,1.18%,"211,366"
RREFR,15.01M,-,-,-,23.09,13.37,13.77,-,-,-,3.93%,-,6.24%,0.43,-2.16%,"64,771"
RREG,13.98B,25.77,29.90,-,8.63,2.10,72.99,33.61,-11.83%,2.73%,60.48%,-0.52%,7.48%,76.37,-0.44%,"730,860"
RREGL,-,-,-,-,-,-,-,-,-,-,-,-,-,95.01,-0.85%,"37,875"
RREGN,82.97B,19.92,13.24,0.86,5.34,2.63,10.37,22.07,22.40%,12.24%,6.33%,15.36%,11.04%,805.93,0.30%,"541,306"
RREGS,-,-,-,-,-,-,-,-,-,-,-,-,-,11.74,-0.18%,"20,057"
RREI,364.76M,-,5.92,-,1.13,0.48,319.96,11.64,26.32%,-1.39%,45.35%,-,22.14%,1.40,2.19%,"4,731,555"
RREIT,-,-,-,-,-,-,-,-,-,-,-,-,-,30.60,-0.62%,"12,796"
RREK,-,-,-,-,-,-,-,-,-,-,-,-,-,15.46,0.97%,"5,131"
RREKR,89.19M,-,-,-,1.79,2.61,8.88,-,57.69%,72.73%,16.33%,-,39.31%,0.65,-9.21%,"2,439,661"
RRELL,288.62M,45.29,26.92,-,1.26,1.75,9.08,-,26.25%,46.53%,28.22%,-,5.25%,19.92,-2.06%,"148,026"
RRELX,58.53B,20.04,15.93,1.54,4.49,35.74,200.44,14.79,8.17%,11.00%,12.73%,10.34%,6.75%,33.56,-2.53%,"1,687,515"
RRELY,5.57B,18.93,24.66,0.40,3.08,4.94,8.22,16.16,348.79%,-23.35%,-,61.55%,44.79%,26.30,0.00%,"2,204,454"
RREM,-,-,-,-,-,-,-,-,-,-,-,-,-,22.05,-0.32%,"166,476"
RREMC,-,-,-,-,-,-,-,-,-,-,-,-,-,23.72,-0.34%,114
RREMG,-,-,-,-,-,-,-,-,-,-,-,-,-,36.85,0.92%,"7,783"
RREMX,-,-,-,-,-,-,-,-,-,-,-,-,-,78.93,0.48%,"479,539"
RRENT,122.25M,0.51,-,-,0.35,-,2.97,-,-,-,-,-,15.93%,3.64,3.12%,"31,872"
RRENX,4.71M,-,-,-,0.31,0.66,2.18,-,-,-,-64.93%,-,-,1.78,-5.32%,"421,865"
RREPL,1.23B,-,-,-,-,11.63,6.29,-,18.77%,24.40%,-14.11%,31.80%,-,14.63,-2.27%,"3,735,001"
RREPX,821.91M,6.82,4.56,0.17,1.70,1.30,39.72,15.63,37.69%,30.54%,-,27.06%,164.32%,37.10,2.68%,"154,411"
RRERE,600.64M,18.30,6.58,0.14,0.19,1.75,3.29,-,64.12%,36.83%,-,45.52%,32.99%,4.56,0.22%,"1,289,939"
RRES,1.46B,65.57,25.87,2.32,0.81,1.31,8.11,37.27,-2.40%,4.10%,-,11.15%,22.14%,6.57,3.30%,"1,044,653"
RRESM,-,-,-,-,-,-,-,-,-,-,-,-,-,24.88,-0.33%,180
RRETL,-,-,-,-,-,-,-,-,-,-,-,-,-,8.78,-4.57%,"426,050"
RRETO,61.54M,-,-,-,18.26,0.04,236.70,-,-,-,59.73%,-,-16.57%,1.67,30.47%,"12,206,546"
RREVB,4.58M,-,-,-,-,0.45,0.40,-,78.35%,44.26%,76.86%,47.99%,-,1.15,9.63%,"66,936"
RREVS,-,-,-,-,-,-,-,-,-,-,-,-,-,33.74,-0.93%,"27,465"
RREW,-,-,-,-,-,-,-,-,-,-,-,-,-,11.08,-0.19%,"3,184"
RREX,1.49B,16.08,-,-,2.26,2.36,4.06,32.29,-,-,98.48%,-,11.72%,45.13,1.21%,"154,218"
RREXC,-,-,-,-,-,-,-,-,-,-,-,-,-,19.11,-1.47%,"169,945"
RREXR,8.00B,-,25.41,1.97,8.09,1.08,248.10,35.20,-146.12%,455.82%,11.20%,12.92%,24.39%,35.86,-1.02%,"1,679,320"
RREYN,5.46B,15.85,15.42,6.30,1.44,2.36,82.75,17.07,-1.72%,4.22%,-4.22%,2.45%,2.66%,25.91,-1.30%,"1,402,950"
RREZ,-,-,-,-,-,-,-,-,-,-,-,-,-,94.59,-0.86%,"23,283"
RREZI,3.13B,9.13,10.04,0.88,0.41,1.24,3.30,-,10.38%,-0.04%,-,11.39%,8.06%,20.64,0.68%,"4,040,767"
RREZI-WI,-,-,-,-,-,-,-,-,-,-,-,-,-,-,-,0
RRF,27.01B,12.89,11.12,1.08,2.84,1.55,-,15.19,13.16%,8.09%,17.43%,10.30%,8.44%,31.70,-0.63%,"8,445,516"
RRFAI,77.51M,99.68,-,-,-,2.08,7751.16,-,-,-,-,-,-,9.29,-16.23%,"8,188"
RRFAM,139.33M,-,-,-,-,1.77,201.93,-,-,-,-,-,-,10.00,0.91%,"1,981"
RRFCI,-,-,-,-,-,-,-,-,-,-,-,-,-,22.01,-0.34%,"6,707"
RRFDA,-,-,-,-,-,-,-,-,-,-,-,-,-,73.85,-0.29%,"3,591"
RRFDI,-,-,-,-,-,-,-,-,-,-,-,-,-,92.71,0.02%,"15,937"
RRFEM,-,-,-,-,-,-,-,-,-,-,-,-,-,98.22,0.99%,"2,689"
RRFFC,-,-,-,-,-,-,-,-,-,-,-,-,-,77.16,-0.10%,378
RRFG,-,-,-,-,-,-,-,-,-,-,-,-,-,64.63,0.75%,"21,653"
RRFI,305.75M,27.21,-,-,28.12,1.03,-,-,-,-,-,-,-,11.43,-0.70%,"53,747"
RRFIL,145.90M,108.12,15.28,-,1.78,3.96,43.04,118.62,68.75%,30.37%,-,-,13.36%,13.45,-1.18%,"257,118"
RRFIX,-,-,-,-,-,-,-,-,-,-,-,-,-,34.88,-1.16%,"191,609"
RRFL,97.26M,-,-,-,99.24,1.29,3.19,-,-,-,-9.76%,-,-28.51%,1.87,-6.03%,"109,476"
RRFLR,-,-,-,-,-,-,-,-,-,-,-,-,-,33.42,-0.12%,"10,174"
RRFM,90.55M,180.07,-,-,17.82,0.94,12.66,215.60,-,-,-,-,32.88%,14.82,0.41%,"11,328"
RRFMZ,324.83M,203.98,-,-,18.74,0.93,13.68,131.51,-,-,-,-,51.23%,13.34,-0.45%,"23,511"
RRFV,-,-,-,-,-,-,-,-,-,-,-,-,-,152.54,-0.06%,"21,506"
RRGA,16.13B,10.86,8.36,0.69,0.62,1.18,-,3.10,24.60%,4.42%,22.91%,12.09%,10.18%,246.98,-0.99%,"598,510"
RRGC,2.65B,-,-,-,-,2165.99,1123.21,-,-,-,-33.47%,-,-,5.35,-1.83%,"185,226"
RRGCO,221.73M,15.81,-,-,2.07,1.80,89.77,109.77,-,-,-0.12%,-,8.61%,21.28,-1.21%,"21,145"
RRGEF,-,-,-,-,-,-,-,-,-,-,-,-,-,35.76,-0.01%,41
RRGEN,9.54B,230.39,64.43,2.48,12.15,4.52,11.77,86.61,20.54%,27.28%,-4.91%,26.02%,15.05%,169.04,1.32%,"658,901"
RRGLD,20.05B,25.80,18.28,0.85,12.96,2.64,109.87,34566.04,43.52%,23.03%,17.16%,21.57%,15.62%,236.62,2.57%,"669,343"
RRGLO,-,-,-,-,-,-,-,-,-,-,-,-,-,33.94,-0.02%,"27,520"
RRGNT,14.33M,-,-,-,-,2.23,1.94,-,-,-,-71.58%,-,-,2.04,2.00%,"51,033"
RRGNX,747.93M,-,-,-,4.29,8.55,7.07,-,22.81%,22.02%,-4.73%,20.37%,1.97%,11.33,5.25%,"1,041,992"
RRGP,145.00M,-,-,-,0.32,0.85,1.76,517.87,-562.50%,81.13%,-,-,-6.41%,4.21,-0.36%,"195,816"
RRGR,598.23M,50.36,18.49,-,1.04,2.06,5.09,12.63,89.88%,26.96%,-,-,-0.82%,37.44,-0.61%,"148,501"
RRGS,67.72M,0.61,17.04,-,0.30,0.36,1.65,4.93,-,-,-,-,-20.69%,27.10,-2.27%,"5,871"
RRGT,100.21M,5.27,-,-,-,-,-,-,-,-,-,-,-,15.27,-0.52%,"36,819"
RRGTC,-,-,-,-,-,-,-,-,-,-,-,-,-,33.78,-1.70%,400
RRGTI,6.23B,-,-,-,466.78,11.59,15.83,-,-17.61%,-4.35%,-371.35%,-4.82%,-,18.67,-0.80%,"10,477,149"
RRGTU,-,-,-,-,-,-,-,-,-,-,-,-,-,16.02,-2.02%,"33,887"
RRGTX,-,-,-,-,-,-,-,-,-,-,-,-,-,14.73,-1.93%,"370,685"
RRGTZ,-,-,-,-,-,-,-,-,-,-,-,-,-,2.73,0.74%,"3,061,954"
RRGYY,-,-,-,-,-,-,-,-,-,-,-,-,-,6.72,0.14%,"17,399"
RRH,3.32B,33.93,18.84,0.66,0.97,58.40,61.80,14.86,-24.81%,97.44%,-8.73%,28.65%,3.84%,175.90,-3.22%,"509,865"
RRHI,4.35B,36.96,21.54,0.93,0.82,3.60,13.39,20.21,-4.65%,55.48%,-13.28%,23.17%,1.03%,42.47,-1.74%,"2,019,166"
RRHLD,1.07B,25.17,-,-,0.96,-,9.15,13.21,-,-,-,-,-,136.86,2.55%,"255,576"
RRHP,7.83B,30.48,25.24,1.95,2.86,10.35,19.69,11.32,11.86%,16.61%,-,12.97%,37.49%,124.11,-1.12%,"561,915"
RRHRX,-,-,-,-,-,-,-,-,-,-,-,-,-,22.19,0.02%,"5,328"
RRHTX,-,-,-,-,-,-,-,-,-,-,-,-,-,20.58,0.00%,29
RRIBB,68.08M,21720.00,-,-,-,256.07,-,-,-,-,-,-,-,10.86,0.09%,6
RRICK,237.67M,-,-,-,0.84,1.01,9.00,6.82,-,-,-,-,16.13%,31.09,0.71%,"51,425"
RRIET,-,-,-,-,-,-,-,-,-,-,-,-,-,9.49,-0.68%,"129,477"
RRIFR,-,-,-,-,-,-,-,-,-,-,-,-,-,28.73,-0.36%,"4,926"
RRIG,6.56B,-,22.03,0.20,1.59,0.78,8.25,7.25,382.60%,38.01%,-26.92%,111.76%,4.70%,5.87,1.91%,"45,521,248"
RRIGL,792.96M,2.60,9.27,-,2.86,1.86,8.32,9.99,-82.39%,33.56%,-,-,22.06%,42.45,-0.31%,"502,496"
RRIGS,-,-,-,-,-,-,-,-,-,-,-,-,-,22.62,0.09%,"8,197"
RRILA,-,-,-,-,-,-,-,-,-,-,-,-,-,12.41,-0.63%,"2,771"
RRILY,285.82M,0.56,-,-,0.22,2.01,0.33,0.61,-,-,0.13%,-,2.19%,7.11,-4.56%,"559,209"
RRIME,4.79M,-,-,-,0.56,0.87,0.60,-,73.55%,30.97%,57.07%,-,-35.22%,0.31,-17.36%,"2,333,657"
RRINF,-,-,-,-,-,-,-,-,-,-,-,-,-,32.68,-0.21%,258
RRING,-,-,-,-,-,-,-,-,-,-,-,-,-,80.28,2.32%,"849,998"
RRINT,-,-,-,-,-,-,-,-,-,-,-,-,-,33.31,-0.04%,"12,894"
RRIO,121.96B,13.19,11.72,1.75,1.98,2.41,12.83,21.16,24.33%,-0.31%,0.21%,6.71%,5.14%,97.21,1.60%,"2,151,890"
RRIOT,7.52B,-,-,-,11.15,3.46,13.70,-,-30.60%,55.39%,-45.17%,31.07%,121.73%,20.04,5.39%,"17,713,633"
RRIOX,-,-,-,-,-,-,-,-,-,-,-,-,-,25.98,11.22%,"358,185"
RRISE,-,-,-,-,-,-,-,-,-,-,-,-,-,18.51,-0.17%,"18,033"
RRISN,-,-,-,-,-,-,-,-,-,-,-,-,-,31.42,-0.63%,"1,062"
RRISR,-,-,-,-,-,-,-,-,-,-,-,-,-,36.82,-0.03%,"69,800"
RRITA,-,-,-,-,-,-,-,-,-,-,-,-,-,21.47,-0.60%,604
RRITM,5.73B,17.08,4.37,2.93,0.98,0.83,2.26,-,-2.41%,2.49%,-,1.49%,31.34%,10.26,-0.97%,"2,726,574"
RRITR,7.61M,-,-,-,0.25,0.31,2.23,-,-,-,15.24%,-,50.65%,0.12,-3.49%,"7,584,708"
RRIV,304.92M,4.82,-,-,-,-,-,-,-,-,-,-,-,11.14,0.27%,"406,812"
RRIVC,-,-,-,-,-,-,-,-,-,-,-,-,-,17.63,-6.89%,20
RRIVN,21.53B,-,-,-,3.66,3.97,4.05,-,4.10%,17.36%,-22.15%,17.66%,-,14.87,-3.19%,"43,729,558"
RRIZE,-,-,-,-,-,-,-,-,-,-,-,-,-,24.58,-0.04%,356
RRJCA,-,-,-,-,-,-,-,-,-,-,-,-,-,73.43,-0.02%,"7,146"
RRJDI,-,-,-,-,-,-,-,-,-,-,-,-,-,29.97,-0.03%,"34,380"
RRJET,946.69M,-,-,-,0.57,0.67,3.16,-,-,-,-30.63%,-,25.20%,20.22,-0.54%,"64,200"
RRJF,34.53B,15.64,12.53,0.77,2.03,2.72,2.45,17.57,14.12%,17.74%,21.52%,16.26%,14.17%,179.48,-0.74%,"793,644"
RRJMI,-,-,-,-,-,-,-,-,-,-,-,-,-,25.11,-0.36%,"33,496"
RRJVI,-,-,-,-,-,-,-,-,-,-,-,-,-,24.82,-0.28%,143
RRKDA,1.15M,-,-,-,0.24,1.66,0.28,-,-,-,38.02%,-,-9.57%,0.48,-23.12%,"642,777"
RRKLB,49.11B,-,-,-,63.85,14.06,21.33,-,26.13%,85.37%,11.84%,-,76.47%,82.08,2.28%,"18,111,842"
RRKLX,-,-,-,-,-,-,-,-,-,-,-,-,-,25.36,4.58%,"2,650,381"
RRKLZ,-,-,-,-,-,-,-,-,-,-,-,-,-,2.77,-4.15%,"5,084,958"
RRKNG,-,-,-,-,-,-,-,-,-,-,-,-,-,25.64,1.46%,"5,253"
RRKSG,-,-,-,-,-,-,-,-,-,-,-,-,-,28.73,-0.42%,53
RRKT,41.06B,96.47,16.36,0.30,4.25,1.74,12.09,-,121.43%,42.94%,-,55.11%,-14.60%,14.50,-1.76%,"18,415,183"
RRKTL,-,-,-,-,-,-,-,-,-,-,-,-,-,10.37,-4.38%,"13,688"
RRKTO,19.07M,-,-,-,-,2.99,4.71,-,-,-,42.65%,-,-,0.77,0.27%,"687,963"
RRKX,-,-,-,-,-,-,-,-,-,-,-,-,-,15.63,4.67%,"7,210"
RRL,22.58B,23.91,18.06,1.46,2.70,8.31,11.62,21.65,14.05%,10.99%,-,12.35%,13.02%,379.31,-2.47%,"476,437"
RRLAY,4.53B,-,-,-,437.65,5.08,4.97,-,0.44%,-1.25%,8.85%,0.06%,-28.58%,20.67,4.08%,"1,835,259"
RRLGT,406.50M,26.11,25.53,-,0.45,1.73,10.24,14.41,-15.71%,15.25%,11.45%,-,1.09%,8.68,-0.34%,"88,978"
RRLI,5.73B,13.12,22.73,-,2.89,3.27,-,11.08,-17.55%,-4.01%,20.32%,-6.90%,13.86%,62.42,-2.12%,"462,051"
RRLJ,1.70B,1876.27,169.32,-,1.23,0.94,1.74,9.77,202.74%,115.97%,-,-,23.33%,11.07,0.73%,"1,768,356"
RRLMD,508.82M,-,-,-,-,2.46,2.34,-,57.47%,-25.95%,17.54%,16.55%,-,4.77,-0.63%,"955,951"
RRLTY,262.54M,14.54,-,-,-,-,-,-,-,-,-,-,-,15.70,-0.70%,"35,114"
RRLX,1.70B,17.06,12.01,0.62,2.64,1.00,1.28,-,30.17%,15.52%,-,19.28%,-1.88%,1.87,-3.61%,"7,607,709"
RRLY,-,-,-,-,-,-,-,-,-,-,-,-,-,37.01,0.50%,"132,194"
RRLYB,90.28M,2.18,-,-,138.90,0.95,0.97,3.38,-,-,24.69%,-,-,17.00,0.06%,"17,143"
RRM,310.54M,7.09,5.50,0.55,0.46,0.83,2.62,0.96,11.46%,23.34%,13.15%,9.98%,11.54%,33.66,0.48%,"125,399"
RRMAX,433.63M,-,-,-,1.53,0.61,2.36,16.78,-,-,-8.22%,-,1.85%,12.80,1.99%,"1,167,658"
RRMBC,-,-,-,-,-,-,-,-,-,-,-,-,-,13.82,0.61%,88
RRMBI,265.79M,13.03,-,-,2.88,1.05,-,19.70,-,-,7.48%,-,12.86%,15.86,-0.38%,"24,445"
RRMBS,10.91B,46.05,26.82,1.14,14.43,7.44,13.23,36.43,21.43%,23.63%,-,23.44%,23.50%,100.61,-0.24%,"1,872,338"
RRMBX,-,-,-,-,-,-,-,-,-,-,-,-,-,13.12,0.49%,"8,174"
RRMCA,-,-,-,-,-,-,-,-,-,-,-,-,-,23.97,-0.50%,44
RRMCF,12.94M,-,-,-,0.47,3.11,21.21,-,-,-,-30.63%,-,3.21%,1.37,12.30%,"894,859"
RRMCO,44.30M,-,4.87,-,7.18,3.99,158.22,-,1700.00%,233.33%,-,-,-,2.92,-3.31%,"6,296"
RRMD,31.79B,21.12,16.54,1.81,5.62,4.83,21.59,19.27,8.39%,10.03%,26.34%,9.13%,12.08%,220.37,-1.82%,"1,454,113"
RRMHY,-,-,-,-,-,-,-,-,-,-,-,-,-,25.06,0.03%,"1,893"
RRMI,100.19M,129.24,-,-,19.57,0.99,16.08,89.46,-,-,-,-,-6.27%,15.73,0.12%,"1,129"
RRMIX,1.27B,-,43.42,0.22,13.02,3.63,44.22,-,36.40%,895.16%,-,197.60%,-,17.68,-4.28%,"297,462"
RRMM,285.04M,76.00,-,-,-,-,-,-,-,-,-,-,-,14.44,-0.14%,"37,092"
RRMME,-,-,-,-,-,-,-,-,-,-,-,-,-,100.21,0.02%,352
RRMMZ,-,-,-,-,-,-,-,-,-,-,-,-,-,14.76,0.11%,"16,895"
RRMNI,463.05M,64.84,11.36,-,1.08,-,3.74,7.25,43.66%,36.46%,-,-,5.22%,4.96,-0.60%,"456,961"
RRMNY,-,-,-,-,-,-,-,-,-,-,-,-,-,24.32,-0.49%,240
RRMOP,-,-,-,-,-,-,-,-,-,-,-,-,-,25.10,-0.23%,"64,293"
RRMR,653.80M,17.76,27.92,-,1.02,1.55,11.23,7.06,-44.25%,15.87%,-9.97%,-,3.50%,20.38,0.59%,"106,411"
RRMRC,-,-,-,-,-,-,-,-,-,-,-,-,-,26.01,-0.64%,11
RRMSG,3.75M,-,-,-,-,-,-,-,-,-,-,-,-,0.38,0.05%,"84,789"
RRMT,781.32M,8.80,-,-,158.66,1.24,-,-,-,-,-,-,-,14.61,0.00%,"60,863"
RRMTI,30.17M,-,-,-,0.43,0.85,1.22,19.59,41.33%,90.34%,49.20%,-,2.17%,7.49,1.01%,"10,927"
RRNA,221.69M,-,-,-,-,1.03,0.84,-,-2.12%,-55.14%,-,-13.39%,-,12.96,0.93%,"212,552"
RRNAC,277.75M,-,-,-,187.67,-,1.88,-,40.56%,-39.26%,24.48%,5.58%,-29.96%,9.18,3.85%,"108,703"
RRNAZ,3.34M,-,-,-,-,-,0.40,-,-,-,79.17%,-,-,3.16,-3.66%,"81,257"
RRND,-,-,-,-,-,-,-,-,-,-,-,-,-,33.06,-0.67%,937
RRNEM,-,-,-,-,-,-,-,-,-,-,-,-,-,55.90,-0.13%,273
RRNG,5.35B,51.03,11.45,0.92,2.07,-,47.98,9.39,15.44%,11.13%,-,12.45%,16.27%,64.07,-0.65%,"1,198,654"
RRNGR,413.04M,29.20,13.65,0.33,0.68,1.37,98.34,17.65,91.36%,25.16%,-,41.19%,23.83%,17.65,1.50%,"135,412"
RRNGT,317.34M,56.40,-,-,-,1.39,387.00,-,-,-,-,-,-,10.13,-0.20%,14
RRNIN,-,-,-,-,-,-,-,-,-,-,-,-,-,36.81,-1.41%,"39,965"
RRNMN,-,-,-,-,-,-,-,-,-,-,-,-,-,26.06,0.06%,10
RRNP,981.60M,17.04,-,-,13.94,0.99,-,-,-,-,-,-,-,20.45,-0.44%,"84,890"
RRNR,13.23B,5.47,7.75,1.99,1.20,1.20,-,3.67,10.30%,-4.66%,29.62%,3.89%,19.90%,318.50,-1.50%,"250,195"
RRNRG,-,-,-,-,-,-,-,-,-,-,-,-,-,34.56,0.29%,"1,607"
RRNST,3.94B,12.92,10.97,-,2.51,1.02,-,10.00,82.75%,3.85%,6.93%,-,14.91%,43.11,-1.01%,"406,332"
RRNTX,71.96M,-,-,-,-,7.07,1.77,-,77.55%,6.82%,30.56%,35.33%,-,0.84,4.38%,"296,666"
RRNTY,-,-,-,-,-,-,-,-,-,-,-,-,-,49.55,-0.69%,"3,753"
RRNW,2.49B,21.04,10.67,0.24,1.66,1.87,3.07,-,-18.12%,150.07%,-,44.35%,17.93%,6.82,0.15%,"2,491,632"
RRNXT,54.06M,-,-,-,27.30,6.03,5.70,-,17.19%,43.40%,6.34%,-,-,1.20,-14.29%,"1,222,804"
RROAD,6.84B,47.39,31.01,-,1.97,6.54,72.22,38.94,40.96%,24.99%,18.69%,-,29.05%,120.46,-0.90%,"567,213"
RROAM,-,-,-,-,-,-,-,-,-,-,-,-,-,36.28,0.79%,"5,728"
RROBN,-,-,-,-,-,-,-,-,-,-,-,-,-,25.83,1.18%,"335,564"
RROBO,-,-,-,-,-,-,-,-,-,-,-,-,-,84.82,-0.01%,"79,163"
RROBT,-,-,-,-,-,-,-,-,-,-,-,-,-,59.62,-1.03%,"92,787"
RROC,84.15M,-,-,-,-,4.73,7.07,-,-55.56%,100.00%,-,-,-,4.41,1.61%,"10,755"
RROCK,1.41B,-,9.88,0.78,0.98,1.58,93.13,33.06,-1.66%,24.77%,-,12.62%,1.92%,47.53,-0.73%,"217,055"
RROCQ,-,-,-,-,-,-,-,-,-,-,-,-,-,56.40,-0.08%,"184,462"
RROCY,-,-,-,-,-,-,-,-,-,-,-,-,-,55.55,-0.41%,"208,887"
RRODM,-,-,-,-,-,-,-,-,-,-,-,-,-,42.16,-0.42%,"61,913"
RROE,-,-,-,-,-,-,-,-,-,-,-,-,-,44.25,-0.14%,"25,941"
RROG,2.61B,83.98,32.80,0.97,3.12,2.17,12.34,31.49,56.90%,18.67%,-,33.80%,0.20%,145.94,2.12%,"195,845"
RROIV,26.18B,-,-,-,3476.36,6.19,6.81,-,-149.13%,5.84%,34.68%,10.62%,-19.07%,36.24,0.11%,"7,729,921"
RROK,49.37B,41.67,30.04,1.84,5.50,14.14,103.07,32.83,25.40%,12.10%,-2.65%,16.35%,5.68%,444.60,-1.06%,"623,187"
RROKT,-,-,-,-,-,-,-,-,-,-,-,-,-,122.25,-0.35%,"16,227"
RROKU,23.50B,67.63,41.33,0.37,4.51,8.32,9.19,46.46,369.18%,38.38%,-,111.55%,21.65%,158.31,0.40%,"2,745,420"
RROL,17.33B,32.70,28.30,3.09,4.42,12.12,158.88,27.99,4.92%,11.31%,15.44%,9.15%,11.72%,36.02,-0.50%,"3,947,334"
RROLR,63.09M,18.02,-,-,4.88,2.12,3.40,-,-2114.29%,83.69%,32.10%,186.72%,11.06%,5.72,0.18%,"42,618"
RROM,-,-,-,-,-,-,-,-,-,-,-,-,-,151.80,0.16%,"33,248"
RROMA,536.08M,-,-,-,439.41,56.07,609.18,-,-,-,-,-,-7.16%,9.00,-1.53%,"1,644"
RROMO,-,-,-,-,-,-,-,-,-,-,-,-,-,34.98,-0.23%,225
RRONB,-,-,-,-,-,-,-,-,-,-,-,-,-,24.05,0.59%,"211,804"
RROOT,769.71M,14.83,19.95,-,0.49,2.35,-,3.96,79.82%,-41.28%,-,-0.61%,34.33%,49.70,-3.40%,"407,645"
RROP,38.54B,16.15,16.01,1.61,4.65,2.06,105.63,14.70,11.09%,9.53%,9.58%,9.95%,10.24%,389.71,-2.41%,"764,270"
RROPE,-,-,-,-,-,-,-,-,-,-,-,-,-,30.33,-0.51%,565
RROSC,-,-,-,-,-,-,-,-,-,-,-,-,-,56.31,-0.39%,"1,745"
RROST,75.47B,32.79,27.15,2.14,3.17,11.98,18.18,28.67,19.13%,10.06%,93.97%,12.70%,12.67%,235.28,-4.11%,"2,943,838"
RROUS,-,-,-,-,-,-,-,-,-,-,-,-,-,68.94,-0.27%,"30,452"
RRPAR,-,-,-,-,-,-,-,-,-,-,-,-,-,22.22,-0.04%,"3,492"
RRPAY,309.53M,-,3.01,0.15,0.92,0.62,2.59,2.81,17.85%,20.50%,-8.20%,20.33%,14.81%,3.51,-4.10%,"634,809"
RRPC,940.35M,35.39,7.33,0.47,3.01,2.56,24.89,17.60,9.84%,15.17%,-20.12%,15.57%,34.57%,8.53,-1.61%,"696,609"
RRPD,833.75M,40.65,6.77,-,0.97,4.23,1.19,5.77,-13.54%,1.59%,-,-5.21%,15.88%,12.37,-4.85%,"1,616,481"
RRPG,-,-,-,-,-,-,-,-,-,-,-,-,-,60.93,1.23%,"413,444"
RRPGL,35.53M,-,-,-,-,0.01,-,-,-,-,-29.50%,-,-12.40%,2.20,13.40%,"3,922,537"
RRPID,77.22M,-,-,-,2.20,4.36,3.91,-,10.79%,22.42%,2.04%,26.32%,15.88%,1.55,-7.74%,"454,702"
RRPM,14.34B,21.73,16.66,1.62,1.82,4.33,45.03,21.23,8.63%,12.14%,5.96%,10.27%,5.19%,112.23,-1.40%,"595,880"
RRPRX,34.19B,31.65,10.36,1.01,13.48,3.88,40.84,11.35,10.34%,7.65%,-7.26%,10.26%,2.30%,59.45,1.45%,"2,359,984"
RRPT,101.82M,-,25.69,-,2.06,0.43,1.52,-,116.67%,7549.62%,-,-,-12.80%,13.10,-1.87%,"75,429"
RRPV,-,-,-,-,-,-,-,-,-,-,-,-,-,121.67,-0.99%,"85,079"
RRQI,1.66B,35.29,-,-,19.41,1.02,-,-,-,-,-,-,-,12.35,-1.20%,"486,238"
RRR,387.17M,-,-,-,74.60,0.88,1.07,-,15.38%,72.73%,-49.29%,38.66%,-4.36%,1.72,-4.44%,"7,877,126"
RRRBI,674.21M,14.75,13.32,1.92,3.85,1.75,-,13.61,14.37%,5.39%,10.73%,6.93%,11.06%,102.40,-0.29%,"44,476"
RRRC,9.20B,10.86,9.96,0.62,2.81,1.95,36790.51,13.52,37.07%,-3.90%,-,15.99%,10.95%,39.36,-2.38%,"2,294,377"
RRREV,332.01M,-,-,-,-,1.37,474.29,-,-,-,-,-,-,9.94,0.40%,13
RRRGB,200.19M,-,37.82,-,0.17,-,6.16,-,71.88%,255.56%,41.61%,-,6.86%,10.59,4.44%,"575,045"
RRRR,6.64B,22.37,21.39,0.98,3.31,21.85,48.65,34.39,48.02%,8.90%,-,21.94%,11.21%,63.21,-0.71%,"669,216"
RRRX,11.62B,35.95,13.32,0.90,1.92,1.68,26.32,25.21,10.23%,23.20%,-1.99%,14.76%,15.34%,174.52,-0.55%,"1,153,062"
RRS,21.85B,24.89,18.55,1.18,1.38,2.95,92.83,40.50,61.67%,0.11%,19.85%,15.78%,10.16%,428.02,0.35%,"310,747"
RRSBA,-,-,-,-,-,-,-,-,-,-,-,-,-,20.50,-0.70%,"7,126"
RRSBT,-,-,-,-,-,-,-,-,-,-,-,-,-,18.93,0.21%,"15,480"
RRSBY,-,-,-,-,-,-,-,-,-,-,-,-,-,17.92,0.20%,"4,102"
RRSDE,-,-,-,-,-,-,-,-,-,-,-,-,-,24.01,0.00%,"1,924"
RRSEE,-,-,-,-,-,-,-,-,-,-,-,-,-,40.02,-0.17%,"1,097"
RRSF,55.91M,13.04,-,-,7.62,0.95,12.34,7.16,-,-,-,-,-,14.56,0.14%,"3,138"
RRSG,65.92B,30.49,26.66,3.25,3.90,5.47,616.03,24.85,3.65%,10.98%,17.78%,8.20%,10.32%,215.26,0.26%,"1,097,045"
RRSI,5.90B,85.83,30.28,0.72,4.32,15.88,16.94,32.47,67.54%,35.56%,-,42.21%,32.43%,25.45,-0.51%,"1,493,672"
RRSIT,-,-,-,-,-,-,-,-,-,-,-,-,-,21.39,0.42%,"40,648"
RRSJN,-,-,-,-,-,-,-,-,-,-,-,-,-,38.08,-0.36%,"11,788"
RRSKD,842.97M,-,15.85,0.55,2.29,3.98,3.77,17.15,28.75%,54.37%,-6.48%,29.07%,15.31%,6.30,-3.67%,"2,161,267"
RRSMC,-,-,-,-,-,-,-,-,-,-,-,-,-,29.58,0.12%,"1,846"
RRSMR,-,-,-,-,-,-,-,-,-,-,-,-,-,24.20,-0.23%,129
RRSMV,-,-,-,-,-,-,-,-,-,-,-,-,-,29.16,-0.21%,"23,847"
RRSP,-,-,-,-,-,-,-,-,-,-,-,-,-,220.79,-0.89%,"5,091,456"
RRSPA,-,-,-,-,-,-,-,-,-,-,-,-,-,54.60,-0.58%,"177,359"
RRSPC,-,-,-,-,-,-,-,-,-,-,-,-,-,36.96,-1.42%,"3,230"
RRSPD,-,-,-,-,-,-,-,-,-,-,-,-,-,57.00,-1.67%,"26,142"
RRSPE,-,-,-,-,-,-,-,-,-,-,-,-,-,34.92,-0.92%,"38,080"
RRSPF,-,-,-,-,-,-,-,-,-,-,-,-,-,84.36,-1.19%,"6,594"
RRSPG,-,-,-,-,-,-,-,-,-,-,-,-,-,112.27,0.93%,"86,322"
RRSPH,-,-,-,-,-,-,-,-,-,-,-,-,-,35.76,-0.67%,"40,351"
RRSPM,-,-,-,-,-,-,-,-,-,-,-,-,-,40.09,-0.70%,"6,447"
RRSPN,-,-,-,-,-,-,-,-,-,-,-,-,-,64.47,-0.71%,"28,543"
RRSPR,-,-,-,-,-,-,-,-,-,-,-,-,-,36.46,-1.18%,"5,340"
RRSPS,-,-,-,-,-,-,-,-,-,-,-,-,-,30.85,-1.74%,"42,307"
RRSPT,-,-,-,-,-,-,-,-,-,-,-,-,-,65.91,-0.47%,"280,109"
RRSPU,-,-,-,-,-,-,-,-,-,-,-,-,-,78.38,-0.41%,"40,138"
RRSSB,-,-,-,-,-,-,-,-,-,-,-,-,-,31.31,-0.38%,"54,865"
RRSSE,-,-,-,-,-,-,-,-,-,-,-,-,-,23.74,-0.12%,138
RRSSL,-,-,-,-,-,-,-,-,-,-,-,-,-,119.11,-0.25%,"9,171"
RRSSS,77.10M,16.52,15.03,0.29,1.58,4.01,6.40,13.48,225.00%,17.95%,-,51.83%,9.57%,2.31,-0.65%,"25,469"
RRSST,-,-,-,-,-,-,-,-,-,-,-,-,-,33.94,-0.21%,"115,268"
RRSSX,-,-,-,-,-,-,-,-,-,-,-,-,-,26.00,1.16%,"12,446"
RRSSY,-,-,-,-,-,-,-,-,-,-,-,-,-,25.88,-0.08%,"9,149"
RRSVR,646.12M,74.30,65.33,-,3.59,1.71,46.12,14.91,-3.85%,20.00%,-9.52%,-,16.96%,9.80,-1.61%,"35,975"
RRTAC,325.32M,41.76,-,-,-,1.35,-,-,-,-,-,-,-,10.44,0.10%,"1,122,256"
RRTAI,-,-,-,-,-,-,-,-,-,-,-,-,-,21.11,-0.50%,11
RRTB,230.18M,-,-,-,22.05,7.41,311.05,-,-,-,20.65%,-,5.48%,16.90,-2.82%,"48,052"
RRTH,-,-,-,-,-,-,-,-,-,-,-,-,-,265.81,-1.17%,"8,285"
RRTO,11.84B,25.05,15.25,1.60,1.66,2.15,4.79,15.40,8.85%,9.95%,7.73%,9.51%,14.12%,23.55,-1.22%,"1,102,698"
RRTOO,-,-,-,-,-,-,-,-,-,-,-,-,-,26.84,2.76%,"8,530"
RRTRE,-,-,-,-,-,-,-,-,-,-,-,-,-,24.51,-0.12%,"1,949"
RRTX,298.72B,39.03,28.04,2.39,3.19,4.50,35.97,26.19,15.20%,9.09%,-,11.72%,9.35%,221.64,-0.60%,"5,187,630"
RRTXG,-,-,-,-,-,-,-,-,-,-,-,-,-,30.13,-0.95%,"8,618"
RRTYY,-,-,-,-,-,-,-,-,-,-,-,-,-,9.22,1.22%,"16,295"
RRUBI,-,-,-,-,-,-,-,-,-,-,-,-,-,1.83,-1.88%,"92,069"
RRULE,-,-,-,-,-,-,-,-,-,-,-,-,-,31.23,0.64%,"3,498"
RRUM,3.59B,-,-,-,30.53,2.47,17.67,-,-60.94%,65.05%,-,-,-,8.24,10.46%,"5,433,694"
RRUN,2.37B,6.61,20.30,-,0.68,0.68,2.08,-,-25.52%,-61.99%,-,-,26.24%,9.83,-3.53%,"7,641,334"
RRUNN,-,-,-,-,-,-,-,-,-,-,-,-,-,34.89,-1.41%,"42,149"
RRUSC,-,-,-,-,-,-,-,-,-,-,-,-,-,39.20,-0.23%,"14,477"
RRUSHA,6.36B,24.78,17.16,0.63,0.88,2.74,24.00,12.30,14.17%,28.21%,19.13%,27.33%,9.44%,82.13,-0.12%,"379,610"
RRVER,-,-,-,-,-,-,-,-,-,-,-,-,-,36.92,-0.78%,491
RRVI,360.30M,-,-,-,-,2.67,-,-,-,-,-,-,-,28.55,-0.04%,"176,056"
RRVII,11.80M,-,-,-,-,-,-,-,-,-,-,-,-,23.60,-3.48%,"448,676"
RRVLV,1.64B,22.97,20.84,1.29,1.26,3.06,5.28,64.71,2.67%,25.77%,1.67%,16.15%,16.12%,23.14,-2.32%,"1,033,661"
RRVMD,45.44B,-,-,-,-,17.43,11.54,-,-62.49%,31.36%,-29.13%,17.68%,-,212.00,4.07%,"2,440,303"
RRVNL,-,-,-,-,-,-,-,-,-,-,-,-,-,21.68,-6.60%,"197,864"
RRVNU,-,-,-,-,-,-,-,-,-,-,-,-,-,24.65,-0.46%,"12,883"
RRVP,20.95M,-,-,-,0.62,0.29,0.53,-,-,-,-,-,-14.11%,0.70,1.08%,"249,460"
RRVSB,103.62M,-,13.89,-,1.57,0.71,-,7.45,33.33%,32.14%,-,-,1.73%,5.14,-2.10%,"93,751"
RRVSN,10.96M,-,-,-,7.36,0.50,0.54,-,34.47%,-,48.00%,-,-,5.00,-3.10%,"33,223"
RRVT,2.33B,6.56,-,-,85.45,1.08,-,-,-,-,-,-,-,19.03,0.21%,"191,355"
RRVTY,12.96B,55.17,19.74,2.30,4.45,1.79,12.66,23.23,5.84%,9.87%,-20.40%,8.57%,-5.47%,116.17,-0.57%,"786,752"
RRW,-,-,-,-,-,-,-,-,-,-,-,-,-,25.88,-0.31%,841
RRWAY,270.32M,59.72,4.87,-,3.09,0.54,24.96,-,-12.68%,-2.20%,-3.96%,-12.74%,21.80%,6.45,-6.79%,"625,477"
RRWEM,-,-,-,-,-,-,-,-,-,-,-,-,-,36.99,1.96%,"3,454"
RRWIN,-,-,-,-,-,-,-,-,-,-,-,-,-,27.84,-0.03%,6
RRWJ,-,-,-,-,-,-,-,-,-,-,-,-,-,61.60,-1.10%,"227,074"
RRWK,-,-,-,-,-,-,-,-,-,-,-,-,-,151.46,-0.55%,"8,033"
RRWL,-,-,-,-,-,-,-,-,-,-,-,-,-,134.40,-0.89%,"160,232"
RRWLC,-,-,-,-,-,-,-,-,-,-,-,-,-,39.00,0.10%,"3,349"
RRWM,-,-,-,-,-,-,-,-,-,-,-,-,-,13.22,0.46%,"13,798,422"
RRWO,-,-,-,-,-,-,-,-,-,-,-,-,-,50.30,-0.34%,"34,407"
RRWR,-,-,-,-,-,-,-,-,-,-,-,-,-,113.74,-0.64%,"167,825"
RRWT,602.94M,-,4.70,-,0.45,0.70,2.07,-,251.05%,10.85%,34.14%,-,22.36%,4.80,-0.21%,"1,329,187"
RRWX,-,-,-,-,-,-,-,-,-,-,-,-,-,27.47,-1.12%,"14,544"
RRXD,-,-,-,-,-,-,-,-,-,-,-,-,-,15.42,0.67%,"3,061"
RRXI,-,-,-,-,-,-,-,-,-,-,-,-,-,200.48,-1.12%,"2,180"
RRXL,-,-,-,-,-,-,-,-,-,-,-,-,-,57.98,-0.38%,"22,987"
RRXO,3.87B,-,38.44,-,0.64,2.57,241.72,-,401.61%,405.65%,-,-,11.33%,23.45,-0.30%,"1,303,941"
RRXRX,1.67B,-,-,-,30.41,1.82,3.03,-,37.68%,0.36%,-22.39%,18.60%,79.91%,3.11,-1.58%,"10,621,604"
RRXST,269.53M,-,-,-,2.11,1.02,1.29,-,0.69%,-24.38%,-,10.55%,55.74%,6.48,-5.95%,"657,080"
RRXT,1.01B,-,29.07,-,0.37,-,9.10,24.55,-49.70%,150.43%,7.12%,-,-0.16%,3.95,-6.18%,"7,348,824"
RRY,300.46B,19.39,17.07,1.66,3.01,3.15,-,11.20,11.90%,9.39%,11.56%,10.31%,16.80%,216.19,-0.17%,"586,856"
RRYAAY,29.78B,13.88,12.98,2.47,1.64,2.75,9.19,14.98,-16.53%,11.32%,-,5.25%,56.71%,57.34,-2.50%,"835,565"
RRYAM,562.80M,-,9.56,-,0.38,2.89,9.87,-,81.66%,175.00%,-382.85%,-,1.76%,8.32,-1.19%,"758,095"
RRYAN,10.66B,61.18,17.24,1.53,3.31,9.94,76.09,21.64,10.26%,11.90%,-6.16%,11.30%,24.67%,41.68,-0.33%,"1,297,436"
RRYDE,161.23M,-,-,-,16.83,4.89,41.45,-,-,-,-58.50%,-,20.04%,0.97,11.33%,"362,953"
RRYET,38.92M,-,-,-,5.20,6.54,9.54,-,-,-,-,-,-8.24%,1.04,0.38%,"9,565"
RRYLD,-,-,-,-,-,-,-,-,-,-,-,-,-,16.41,0.06%,"305,441"
RRYLG,-,-,-,-,-,-,-,-,-,-,-,-,-,25.23,0.11%,535
RRYM,44.31M,-,-,-,0.87,1.12,1.06,34.08,-,-,64.33%,-,7.41%,20.33,-2.26%,"2,754"
RRYN,6.41B,47.52,34.20,5.37,6.62,1.23,15.56,26.39,-24.26%,44.99%,10.22%,6.37%,-,21.41,-0.74%,"2,684,668"
RRYOJ,52.67M,45600.00,-,-,877.84,1353.12,1316.76,-,-,-,-,-,-,4.56,-1.94%,"10,052"
RRYTM,7.95B,-,-,-,33.13,77.14,24.02,-,3.45%,77.78%,-0.46%,-,-,115.44,-0.03%,"412,049"
RRYZ,1.52B,-,12.35,-,0.26,1.18,35.00,-,184.29%,79.85%,-0.30%,-,5.69%,29.20,0.90%,"391,037"
RRZG,-,-,-,-,-,-,-,-,-,-,-,-,-,70.56,0.15%,"2,794"
RRZLT,450.64M,-,-,-,-,3.86,3.75,-,28.58%,7.06%,22.65%,30.63%,-,4.68,1.74%,"535,242"
RRZLV,1.04B,-,-,-,22.24,3.56,9.37,-,32.46%,40.26%,-104.82%,-,-,2.61,-2.25%,"7,272,372"
RRZV,-,-,-,-,-,-,-,-,-,-,-,-,-,152.08,-0.72%,"7,311"
SS,7.48B,-,43.72,0.82,7.13,5.18,11.15,168.01,74.47%,43.02%,-27.12%,53.12%,60.83%,21.82,-5.58%,"8,595,905"
SSA,3.49B,155.94,-,-,-,4.48,51.86,-,60.26%,-40.32%,-17.59%,-18.87%,-,32.42,-3.28%,"667,342"
SSAA,-,-,-,-,-,-,-,-,-,-,-,-,-,38.29,-0.73%,"3,702"
SSAAQ,478.57M,177.54,-,-,-,3.14,325.56,-,-,-,-,-,-,10.12,-0.30%,"82,266"
SSABA,220.42M,9.18,-,-,5.08,0.85,1.97,-,-,-,-,-,-,8.24,0.00%,"43,092"
SSABR,869.72M,1.31,14.05,-,0.30,-,1.25,-,-8.33%,453.85%,-,-,15.74%,2.15,-3.36%,"3,351,639"
SSABS,343.02M,-,-,-,-,1.47,3.34,-,-51.47%,30.99%,-,0.09%,-,3.77,1.89%,"232,038"
SSAC,316.52M,79.89,-,-,-,1.40,277.65,-,-,-,-,-,-,10.09,-0.10%,"50,081"
SSACH,37.88M,-,-,-,0.87,0.24,0.59,-,-306.25%,39.39%,-37.36%,-,19.58%,0.79,0.00%,"109,597"
SSAFE,1.06B,9.26,8.84,42.10,2.56,0.44,40.64,28.71,-1.45%,4.21%,-,0.21%,3.63%,14.98,-1.77%,"341,137"
SSAFT,1.52B,22.24,15.31,-,1.19,1.73,-,8.64,-17.96%,42.11%,-6.11%,-,8.60%,103.36,0.01%,"155,352"
SSAFX,175.42M,0.95,8.69,-,8.43,5.00,167.07,-,-125.00%,138.46%,4.73%,-,-,0.43,-1.67%,"1,191,897"
SSAGP,-,-,-,-,-,-,-,-,-,-,-,-,-,37.60,-0.44%,"1,842"
SSAGT,14.88M,4.87,-,-,0.83,0.51,5.55,-,-,-,-,-,-,0.65,-7.21%,"455,448"
SSAGU,160.88M,-,-,-,-,-,-,-,-,-,-,-,-,9.94,0.00%,7
SSAH,2.54B,12.79,10.59,1.32,0.16,2.47,132.16,-,4.30%,10.04%,-,8.02%,9.18%,80.26,-0.71%,"231,602"
SSAIA,10.28B,37.15,27.29,1.20,3.03,3.76,122.31,40.26,24.57%,24.37%,12.85%,22.75%,12.16%,385.22,0.23%,"469,485"
SSAIC,5.26B,13.98,11.30,2.22,0.72,3.76,46.93,8.72,-5.32%,8.08%,16.68%,5.09%,0.58%,124.34,-1.85%,"267,919"
SSAIH,35.93M,-,-,-,7.95,4.91,179.66,-,-,-,35.36%,-,-28.22%,19.84,-0.82%,"15,802"
SSAIL,10.54B,-,46.79,1.90,9.41,1.54,26.77,56.90,33.40%,24.08%,-47.01%,24.67%,24.22%,18.59,-4.81%,"2,208,964"
SSAM,1.88B,-,17.70,4.46,0.97,2.63,7.07,9.11,-8.85%,14.28%,-8.62%,3.97%,2.47%,182.30,-1.87%,"186,816"
SSAMG,120.37M,91.28,10.53,0.78,0.96,1.71,5.80,13.60,-50.55%,114.44%,-11.91%,13.48%,3.00%,10.16,-0.20%,"58,706"
SSAMM,-,-,-,-,-,-,-,-,-,-,-,-,-,32.76,0.76%,"4,825"
SSAMO-U,228.74M,-,-,-,-,-,11436.98,-,-,-,-,-,-,9.93,-0.10%,"10,305"
SSAMT,-,-,-,-,-,-,-,-,-,-,-,-,-,43.86,0.23%,"123,169"
SSAN,214.15B,11.50,10.12,0.63,1.48,1.71,-,-,12.89%,20.30%,-,16.04%,13.80%,14.59,-1.15%,"15,344,904"
SSANA,1.10B,-,-,-,-,7.13,6.69,-,29.86%,11.88%,8.72%,14.25%,-,3.68,3.66%,"1,670,615"
SSANG,134.28M,-,-,-,0.63,0.54,8.83,4.95,-78.67%,89.55%,-,-,19.31%,4.03,-1.70%,146
SSANM,11.63B,38.84,15.58,0.42,0.91,4.54,6.30,19.58,100.30%,15.15%,17.69%,37.50%,3.15%,217.03,2.94%,"410,264"
SSAP,239.89B,26.13,22.01,1.52,5.39,4.69,19.96,23.36,10.30%,16.66%,6.91%,14.49%,5.91%,207.84,-0.06%,"2,807,350"
SSAPH,-,-,-,-,-,-,-,-,-,-,-,-,-,37.96,-0.13%,207
SSAR,300.87M,18.69,-,-,2.37,0.81,4.95,12.39,-17.54%,-,11.83%,-,21.85%,18.71,-1.01%,"201,665"
SSARK,-,-,-,-,-,-,-,-,-,-,-,-,-,26.26,-0.75%,"64,920"
SSARO,9.06B,28.20,18.21,0.58,1.43,3.29,50.62,41.43,43.22%,26.50%,-,31.25%,14.89%,27.39,-1.83%,"2,453,414"
SSASS,-,-,-,-,-,-,-,-,-,-,-,-,-,25.30,-0.07%,335
SSATA,1.05B,-,-,-,-,-,-,-,-,-,-,-,-,99.48,0.27%,"80,501"
SSATL,893.23M,-,-,-,27.99,26.36,7.33,-,-438.89%,95.53%,62.16%,-,-,5.81,0.17%,"3,474,255"
SSATO,-,-,-,-,-,-,-,-,-,-,-,-,-,15.82,1.28%,445
SSAUG,-,-,-,-,-,-,-,-,-,-,-,-,-,28.05,-0.04%,"8,822"
SSAWG,-,-,-,-,-,-,-,-,-,-,-,-,-,24.60,-0.24%,62
SSAWS,-,-,-,-,-,-,-,-,-,-,-,-,-,24.78,0.45%,"1,732"
SSB,824.85M,10.47,15.58,0.73,2.68,0.95,6.13,-,203.12%,-46.39%,-,21.22%,6.83%,8.10,4.52%,"817,268"
SSBAC,19.32B,19.61,21.69,-,6.73,-,50.19,40.91,-21.66%,9.36%,115.18%,-1.53%,6.21%,182.11,-1.67%,"875,630"
SSBAR,-,-,-,-,-,-,-,-,-,-,-,-,-,25.78,-0.04%,"55,364"
SSBB,-,-,-,-,-,-,-,-,-,-,-,-,-,21.93,0.46%,"1,108"
SSBC,375.39M,7.64,6.98,5.29,2.14,1.42,2.03,5.01,-4.30%,9.30%,-,1.32%,-,3.65,-0.27%,"278,683"
SSBCF,3.47B,22.78,12.92,0.73,3.36,1.27,-,16.59,38.58%,8.70%,1.78%,17.70%,21.99%,35.80,-0.91%,"827,468"
SSBET,1.41B,-,3.18,-,28.17,1.00,25.16,-,61.17%,171.64%,22.18%,-,65.22%,6.51,3.99%,"6,701,755"
SSBEV,2.38M,-,-,-,2.33,-,6.26,-,-,-,42.21%,-,-49.84%,0.38,-6.67%,"336,368"
SSBFG,169.45M,10.14,10.42,-,1.79,1.16,-,7.35,10.82%,1.56%,3.21%,-,4.61%,27.10,-0.51%,"13,836"
SSBFM,2.67M,-,5.60,-,0.08,0.10,0.19,-,56.25%,103.17%,80.76%,-,247.73%,1.12,-2.61%,"344,464"
SSBGI,1.03B,18.50,-,-,0.32,2.71,1.71,10.85,181.22%,-196.62%,44.29%,-,-11.82%,14.25,-3.98%,"575,528"
SSBH,1.52B,8.44,7.25,0.82,0.41,1.75,8.78,6.30,8.77%,8.35%,13.82%,8.84%,1.04%,16.24,-1.10%,"1,015,073"
SSBI,107.87M,12.56,-,-,15.42,0.91,-,-,-,-,-,-,-,7.66,-0.39%,"26,323"
SSBIL,-,-,-,-,-,-,-,-,-,-,-,-,-,100.25,0.02%,"128,116"
SSBIO,-,-,-,-,-,-,-,-,-,-,-,-,-,67.82,0.80%,"42,506"
SSBIT,-,-,-,-,-,-,-,-,-,-,-,-,-,55.90,-4.44%,"483,030"
SSBLK,3.43B,11.77,7.69,0.12,2.85,1.34,6.06,11.82,358.94%,-12.11%,48.64%,64.30%,8.54%,30.09,3.58%,"2,027,205"
SSBMT,229.14M,-,-,-,-,2.37,4.10,-,14.75%,9.62%,-,15.35%,-,7.76,-3.00%,"71,912"
SSBND,-,-,-,-,-,-,-,-,-,-,-,-,-,18.67,-0.11%,"54,089"
SSBR,1.06B,14.84,-,-,14.06,125.99,109.48,-,-,-,17.13%,-,16.35%,72.69,-0.29%,"25,570"
SSBRA,5.19B,78.09,26.39,2.92,6.04,1.89,21.77,13.71,-9.11%,32.32%,-0.96%,9.03%,5.48%,20.31,-0.05%,"1,486,230"
SSBS,16.06B,10.58,9.61,0.52,2.08,1.85,4.76,15.54,2.80%,32.34%,52.56%,18.42%,14.59%,4.58,-0.43%,"13,531,827"
SSBSI,975.32M,12.88,10.09,-,2.27,1.11,-,7.70,42.29%,-1.34%,-1.50%,-,8.27%,32.72,-1.09%,"120,456"
SSBSW,7.76B,-,5.21,-,1.06,3.25,7.49,74.12,606.05%,-8.73%,-,-,-1.28%,10.97,1.86%,"5,241,565"
SSBTU,-,-,-,-,-,-,-,-,-,-,-,-,-,2.58,7.95%,"91,097"
SSBUX,123.03B,62.23,34.25,1.65,3.21,-,34.08,33.78,22.69%,20.57%,15.70%,20.77%,9.59%,107.92,0.21%,"5,935,310"
SSBXD,275.42M,51.45,-,-,-,1.35,13771.00,-,-,-,-,-,-,10.82,0.00%,"1,873"
SSBXE,348.62M,-,-,-,-,1.35,917.43,-,-,-,-,-,-,10.10,0.25%,"9,619"
SSCA,-,-,-,-,-,-,-,-,-,-,-,-,-,24.71,-0.97%,"1,408"
SSCAG,20.83M,-,-,-,1.18,-,34.15,-,-,-,-56.73%,-,-,0.29,-16.60%,"510,239"
SSCAP,-,-,-,-,-,-,-,-,-,-,-,-,-,39.89,-0.18%,"3,189"
SSCATU,-,-,-,-,-,-,-,-,-,-,-,-,-,-,-,0
SSCAU,-,-,-,-,-,-,-,-,-,-,-,-,-,25.29,-0.53%,"1,906"
SSCC,-,-,-,-,-,-,-,-,-,-,-,-,-,14.57,2.62%,"3,321"
SSCCO,162.15B,28.76,27.29,2.47,10.27,12.84,22.12,31.79,49.10%,-7.15%,22.29%,11.03%,10.94%,192.04,4.02%,"1,220,634"
SSCCR,-,-,-,-,-,-,-,-,-,-,-,-,-,25.09,-0.14%,"267,418"
SSCD,363.07M,5.18,-,-,29.43,0.92,-,-,-,-,-,-,-,15.85,0.00%,"77,618"
SSCDL,-,-,-,-,-,-,-,-,-,-,-,-,-,61.64,0.07%,"1,834"
SSCDS,-,-,-,-,-,-,-,-,-,-,-,-,-,77.94,-0.10%,430
SSCDV,-,-,-,-,-,-,-,-,-,-,-,-,-,28.45,-0.22%,"5,964"
SSCEC,-,-,-,-,-,-,-,-,-,-,-,-,-,24.50,-0.33%,"38,660"
SSCEP,-,-,-,-,-,-,-,-,-,-,-,-,-,25.50,-0.47%,"18,004"
SSCHA,-,-,-,-,-,-,-,-,-,-,-,-,-,35.80,0.42%,"1,592,070"
SSCHB,-,-,-,-,-,-,-,-,-,-,-,-,-,29.92,-0.43%,"4,787,628"
SSCHC,-,-,-,-,-,-,-,-,-,-,-,-,-,51.22,-0.08%,"634,259"
SSCHD,-,-,-,-,-,-,-,-,-,-,-,-,-,34.29,-0.67%,"24,547,559"
SSCHE,-,-,-,-,-,-,-,-,-,-,-,-,-,36.90,0.44%,"2,342,091"
SSCHF,-,-,-,-,-,-,-,-,-,-,-,-,-,28.54,0.14%,"6,059,545"
SSCHG,-,-,-,-,-,-,-,-,-,-,-,-,-,35.47,-0.89%,"4,780,110"
SSCHH,-,-,-,-,-,-,-,-,-,-,-,-,-,23.93,-0.75%,"4,388,287"
SSCHI,-,-,-,-,-,-,-,-,-,-,-,-,-,22.20,-0.22%,"2,051,373"
SSCHJ,-,-,-,-,-,-,-,-,-,-,-,-,-,24.52,-0.04%,"146,157"
SSCHK,-,-,-,-,-,-,-,-,-,-,-,-,-,37.31,-0.48%,"788,635"
SSCHL,782.42M,17.70,17.18,-,0.49,1.04,5.80,312.97,-14.44%,50.94%,-,-,4.00%,41.48,0.12%,"244,207"
SSCHM,-,-,-,-,-,-,-,-,-,-,-,-,-,36.80,0.27%,"890,950"
SSCHO,-,-,-,-,-,-,-,-,-,-,-,-,-,24.10,0.00%,"2,960,796"
SSCHP,-,-,-,-,-,-,-,-,-,-,-,-,-,25.88,-0.23%,"6,273,837"
SSCHQ,-,-,-,-,-,-,-,-,-,-,-,-,-,29.71,-0.70%,"585,558"
SSCHR,-,-,-,-,-,-,-,-,-,-,-,-,-,24.41,-0.12%,"2,712,220"
SSCHV,-,-,-,-,-,-,-,-,-,-,-,-,-,35.32,-0.14%,"3,200,152"
SSCHW,191.23B,20.11,14.03,0.60,6.51,4.35,3.11,-,33.49%,21.27%,17.02%,23.36%,17.98%,110.58,-0.46%,"6,236,796"
SSCHX,-,-,-,-,-,-,-,-,-,-,-,-,-,30.48,-0.52%,"7,616,184"
SSCHY,-,-,-,-,-,-,-,-,-,-,-,-,-,33.00,-0.54%,"876,525"
SSCHZ,-,-,-,-,-,-,-,-,-,-,-,-,-,22.74,-0.22%,"1,794,495"
SSCI,11.25B,21.53,17.95,1.84,2.57,7.33,43.09,21.02,8.86%,9.71%,5.70%,9.76%,4.18%,82.53,-2.02%,"730,757"
SSCII,251.47M,-,-,-,-,1.43,270.40,-,-,-,-,-,-,10.10,0.00%,508
SSCIO,-,-,-,-,-,-,-,-,-,-,-,-,-,20.62,0.00%,"156,326"
SSCJ,-,-,-,-,-,-,-,-,-,-,-,-,-,110.10,-0.16%,"18,172"
SSCJL,-,-,-,-,-,-,-,-,-,-,-,-,-,25.33,-0.50%,"1,906"
SSCJN,-,-,-,-,-,-,-,-,-,-,-,-,-,25.96,-0.05%,"3,006"
SSCKT,7.63M,-,-,-,0.55,3.19,4.74,-,-,-,-28.80%,-,-0.80%,0.92,-21.37%,"1,256,861"
SSCL,1.47B,-,17.54,-,0.60,1.21,12.94,40.22,47.80%,37.17%,-17.78%,-,4.52%,64.72,-0.69%,"70,310"
SSCLX,54.34M,-,-,-,1.72,-,93.70,14.65,-,-,-392.41%,-,-,6.40,-5.33%,"44,521"
SSCLZ,-,-,-,-,-,-,-,-,-,-,-,-,-,57.10,-0.09%,295
SSCM,244.35M,8.30,8.19,-,2.47,0.67,1.76,10.81,-19.69%,0.38%,-1.66%,-8.37%,17.38%,8.58,-2.28%,"145,566"
SSCMB,-,-,-,-,-,-,-,-,-,-,-,-,-,25.31,-0.32%,"1,403,780"
SSCMC,-,-,-,-,-,-,-,-,-,-,-,-,-,24.92,-0.20%,"17,577"
SSCMY,-,-,-,-,-,-,-,-,-,-,-,-,-,26.09,-0.01%,10
SSCNI,0.90M,-,-,-,0.74,0.13,0.29,-,-,-,21.04%,-,-,0.23,-5.90%,"93,208"
SSCNM,-,-,-,-,-,-,-,-,-,-,-,-,-,24.75,-0.30%,"7,269"
SSCNX,19.27M,-,-,-,29.64,0.30,2.35,-,91.48%,100.00%,11.34%,-,-52.10%,0.47,2.22%,"894,272"
SSCO,-,-,-,-,-,-,-,-,-,-,-,-,-,24.59,-5.60%,"4,809,910"
SSCOP,-,-,-,-,-,-,-,-,-,-,-,-,-,12.10,-0.08%,"99,404"
SSCOR,85.28M,0.86,-,-,0.25,0.96,2.97,-,-132.52%,85.29%,-,-,0.08%,5.65,-8.87%,"40,153"
SSCOW,-,-,-,-,-,-,-,-,-,-,-,-,-,23.54,-1.07%,56
SSCPQ,136.63M,182.51,-,-,-,1.39,359.56,-,-,-,-,-,-,10.02,-0.30%,"200,245"
SSCSB,-,-,-,-,-,-,-,-,-,-,-,-,-,24.89,-0.04%,"1,397"
SSCSC,1.05B,15.70,11.72,0.84,0.34,1.19,8.74,8.49,10.43%,11.92%,-,14.03%,-0.05%,51.71,-2.78%,"253,591"
SSCTX,342.89M,-,-,-,-,-,6.90,-,-,-,-,-,-,21.19,2.22%,"118,649"
SSCUB,-,-,-,-,-,-,-,-,-,-,-,-,-,25.07,-0.00%,11
SSCUS,-,-,-,-,-,-,-,-,-,-,-,-,-,25.16,0.03%,"211,427"
SSCWO,43.59M,-,-,-,22.82,14.60,24.49,-,-,-,-,-,19.96%,2.46,-1.60%,"48,701"
SSCYB,-,-,-,-,-,-,-,-,-,-,-,-,-,26.02,-0.12%,"1,053,168"
SSCYX,50.64M,-,-,-,2.64,0.76,0.94,-,-81.86%,26.82%,49.30%,-6.87%,-,5.09,-1.74%,"127,081"
SSCZ,-,-,-,-,-,-,-,-,-,-,-,-,-,86.78,-0.41%,"505,143"
SSCZM,811.47M,13.40,6.36,-,2.12,3.87,13.74,15.98,124.47%,30.33%,-,-,58.05%,8.75,-1.13%,"839,057"
SSD,530.92M,6.38,9.55,43.39,2.81,0.98,4.63,15.95,43.92%,-29.58%,-,0.22%,7.04%,14.32,2.07%,"359,215"
SSDA,77.67M,423.00,4.76,-,0.15,2.34,2.02,11.63,375.00%,45.45%,-53.03%,-,-,0.76,0.03%,"36,425"
SSDCI,-,-,-,-,-,-,-,-,-,-,-,-,-,29.93,1.84%,"110,271"
SSDCP,-,-,-,-,-,-,-,-,-,-,-,-,-,25.59,-0.04%,10
SSDD,-,-,-,-,-,-,-,-,-,-,-,-,-,7.90,0.75%,705
SSDEM,-,-,-,-,-,-,-,-,-,-,-,-,-,32.65,0.66%,"4,569"
SSDEV,49.60M,-,-,-,17.53,0.39,6.97,-,-,-,43.57%,-,-,0.98,-4.85%,"116,281"
SSDFI,-,-,-,-,-,-,-,-,-,-,-,-,-,35.41,-0.06%,"16,709"
SSDG,-,-,-,-,-,-,-,-,-,-,-,-,-,92.29,0.13%,"3,460"
SSDGR,1.30B,-,-,-,5.02,3.96,3.11,-,-13.66%,11.60%,-28.10%,13.73%,18.81%,17.40,-1.08%,"653,529"
SSDHC,711.09M,19.54,32.21,-,0.71,1.48,50.08,21.01,-76.45%,54.99%,-38.53%,-,16.96%,13.99,0.07%,"38,370"
SSDHI,367.19M,36.15,-,-,-,1.34,2159.94,-,-,-,-,-,-,10.55,0.48%,6
SSDHY,-,-,-,-,-,-,-,-,-,-,-,-,-,16.22,0.75%,"51,667"
SSDIV,-,-,-,-,-,-,-,-,-,-,-,-,-,24.66,0.28%,"283,302"
SSDMF,-,-,-,-,-,-,-,-,-,-,-,-,-,26.21,0.57%,"4,448"
SSDOG,-,-,-,-,-,-,-,-,-,-,-,-,-,73.17,-0.88%,"15,697"
SSDOT,13.96M,-,-,-,34.04,-,116.29,-,-,-,3.10%,-,123.05%,10.57,-9.97%,"318,048"
SSDOW,-,-,-,-,-,-,-,-,-,-,-,-,-,22.75,1.47%,"2,422,351"
SSDP,-,-,-,-,-,-,-,-,-,-,-,-,-,22.76,0.73%,"2,632"
SSDRL,2.92B,2742.69,13.02,-,1.91,1.02,8.12,-,163.93%,354.40%,51.57%,-,6.29%,46.90,-2.25%,"864,946"
SSDS,-,-,-,-,-,-,-,-,-,-,-,-,-,53.52,0.98%,"1,634,411"
SSDSI,-,-,-,-,-,-,-,-,-,-,-,-,-,51.22,0.04%,"312,101"
SSDST,9.42M,-,-,-,-,-,17.44,-,38.50%,31.30%,-339.39%,-,-,0.67,-0.36%,"105,013"
SSDTY,-,-,-,-,-,-,-,-,-,-,-,-,-,41.80,-0.04%,"12,993"
SSDUR,-,-,-,-,-,-,-,-,-,-,-,-,-,25.17,0.16%,"12,558"
SSDVD,-,-,-,-,-,-,-,-,-,-,-,-,-,23.72,-1.17%,"137,244"
SSDVY,-,-,-,-,-,-,-,-,-,-,-,-,-,44.54,-0.65%,"499,938"
SSDY,-,-,-,-,-,-,-,-,-,-,-,-,-,156.96,-0.99%,"186,952"
SSE,67.72B,45.22,25.11,1.24,2.44,5.67,5.88,-,4.52%,30.10%,-,20.23%,39.28%,119.45,-2.04%,"3,949,825"
SSEA,-,-,-,-,-,-,-,-,-,-,-,-,-,19.48,3.24%,"13,524"
SSEAT,78.69M,-,-,-,0.15,-,0.57,10.68,93.00%,33.19%,-,64.35%,74.70%,7.00,-2.51%,"45,595"
SSEB,4.26B,6.73,-,-,0.42,0.78,3.49,-,-,-,16.12%,-,6.46%,4452.32,2.02%,"39,313"
SSECR,-,-,-,-,-,-,-,-,-,-,-,-,-,25.06,-0.10%,"1,811"
SSECT,-,-,-,-,-,-,-,-,-,-,-,-,-,73.17,-0.35%,"125,853"
SSECU,-,-,-,-,-,-,-,-,-,-,-,-,-,49.56,-0.16%,"571,462"
SSECZ,880.00M,-,12.81,0.12,60.94,-,14.48,8800.02,-408.17%,236.59%,-,108.45%,-,5.39,-3.92%,"3,132,724"
SSEDG,1.89B,-,31.28,-,1.42,4.60,3.15,21.05,86.24%,400.47%,-,-,-4.09%,30.79,-5.03%,"2,732,546"
SSEED,12.87M,-,-,-,1.33,-,6.64,-,-,-,16.41%,-,11.05%,1.06,2.91%,"8,026"
SSEEM,-,-,-,-,-,-,-,-,-,-,-,-,-,39.29,0.85%,"19,771"
SSEER,112.40M,-,-,-,7.98,0.50,0.74,-,14.06%,4.09%,-18.95%,12.08%,89.71%,2.03,-2.40%,"308,064"
SSEF,-,-,-,-,-,-,-,-,-,-,-,-,-,29.38,0.93%,"10,386"
SSEG,349.83M,-,18.21,-,2.88,0.87,2.76,-,57.75%,183.33%,-,-,-,27.31,-1.44%,"85,601"
SSEGG,8.05M,-,-,-,14.37,0.10,47.34,-,-,-,35.39%,-,-40.43%,2.47,-1.98%,"54,405"
SSEI,5.05B,83.81,32.90,0.39,6.63,4.59,6.13,-,56.81%,93.77%,-,85.00%,43.30%,65.97,4.22%,"1,720,955"
SSEIC,12.66B,18.62,15.04,0.99,5.16,5.06,30.05,18.64,23.66%,10.57%,13.40%,15.26%,6.44%,105.47,-0.86%,"484,713"
SSEIE,-,-,-,-,-,-,-,-,-,-,-,-,-,37.13,-0.25%,"47,299"
SSEIM,-,-,-,-,-,-,-,-,-,-,-,-,-,55.90,0.25%,"93,352"
SSEIQ,-,-,-,-,-,-,-,-,-,-,-,-,-,41.38,-1.43%,"25,272"
SSEIS,-,-,-,-,-,-,-,-,-,-,-,-,-,33.62,-0.11%,"42,076"
SSEIV,-,-,-,-,-,-,-,-,-,-,-,-,-,51.03,-0.76%,"114,350"
SSEIX,-,-,-,-,-,-,-,-,-,-,-,-,-,23.27,-0.04%,"54,242"
SSELF,60.19M,28.52,-,-,4.71,1.30,7.97,15.51,-,-,43.13%,-,6.68%,5.27,-1.50%,"22,199"
SSELV,-,-,-,-,-,-,-,-,-,-,-,-,-,34.59,-0.83%,"6,772"
SSEMG,-,-,-,-,-,-,-,-,-,-,-,-,-,27.78,-0.67%,"2,778"
SSEMI,-,-,-,-,-,-,-,-,-,-,-,-,-,39.49,0.69%,"5,312"
SSEMY,-,-,-,-,-,-,-,-,-,-,-,-,-,14.04,0.68%,"89,151"
SSENEA,1.28B,10.94,13.01,-,0.72,1.66,14.71,5.57,-16.64%,5.35%,3.88%,-2.49%,2.49%,189.50,-1.15%,"95,058"
SSENS,424.58M,-,-,-,8.75,4.70,2.97,-,-37.18%,15.06%,35.96%,4.15%,48.10%,8.03,2.82%,"597,730"
SSEPI,-,-,-,-,-,-,-,-,-,-,-,-,-,28.95,-0.29%,"46,074"
SSEPM,-,-,-,-,-,-,-,-,-,-,-,-,-,33.20,-0.02%,909
SSEPN,2.06B,-,-,-,20.86,5.22,5.54,19.63,-19.55%,-69.89%,-,-,-,44.20,-0.67%,"433,684"
SSEPP,-,-,-,-,-,-,-,-,-,-,-,-,-,33.10,0.03%,107
SSEPT,-,-,-,-,-,-,-,-,-,-,-,-,-,38.31,0.09%,13
SSEPU,-,-,-,-,-,-,-,-,-,-,-,-,-,32.02,-0.39%,"10,972"
SSEPW,-,-,-,-,-,-,-,-,-,-,-,-,-,33.82,0.04%,156
SSEPZ,-,-,-,-,-,-,-,-,-,-,-,-,-,46.72,-0.37%,"2,996"
SSER,72.39M,-,-,-,-,3.86,3.14,-,-2.03%,19.43%,28.41%,9.98%,19.21%,2.85,1.79%,"133,506"
SSERA,76.93M,-,-,-,1098.94,1.30,1.66,-,1.87%,18.63%,-0.71%,9.06%,26.51%,1.95,-0.51%,"26,943"
SSERV,424.87M,-,-,-,54.54,1.20,1.80,-,-67.48%,14.42%,-29.19%,-9.04%,-,4.90,-1.80%,"7,235,381"
SSES,210.16M,-,-,-,8.96,1.13,1.29,-,-1.28%,23.05%,-366.40%,5.46%,-,0.57,-5.31%,"8,996,050"
SSETH,-,-,-,-,-,-,-,-,-,-,-,-,-,43.99,-1.46%,"5,879"
SSETM,-,-,-,-,-,-,-,-,-,-,-,-,-,33.32,1.03%,"114,881"
SSEUS,-,-,-,-,-,-,-,-,-,-,-,-,-,26.27,-0.70%,"33,381"
SSEV,87.97M,-,-,-,-,3.31,8.68,-,43.84%,27.00%,-59.29%,32.73%,-,2.17,-0.46%,"67,446"
SSEVN,173.33M,11.52,6.60,-,2.90,0.54,2.48,10.91,-16.98%,14.39%,-,-3.12%,22.98%,7.65,-1.42%,"68,889"
SSEZL,4.11B,26.57,18.30,0.60,7.74,17.66,48.80,12.56,46.12%,27.26%,-,30.32%,50.26%,122.18,-5.26%,"1,064,263"
SSF,12.68B,15.03,11.19,0.75,1.90,2.39,5.71,17.27,23.58%,15.07%,7.16%,14.85%,10.65%,83.99,-1.90%,"1,015,314"
SSFBC,118.90M,14.88,-,-,1.90,1.06,-,25.62,-,-,-4.30%,-,7.77%,46.30,0.11%,"6,529"
SSFBS,4.95B,15.44,12.46,-,4.78,2.50,-,10.66,22.47%,13.04%,10.10%,-,19.54%,90.53,-0.88%,"169,764"
SSFD,8.90B,8.42,9.18,18.74,0.58,1.27,6.59,11.26,-1.87%,-1.60%,20.28%,0.49%,0.65%,22.61,-0.66%,"1,482,169"
SSFEB,-,-,-,-,-,-,-,-,-,-,-,-,-,26.67,-0.05%,356
SSFGV,-,-,-,-,-,-,-,-,-,-,-,-,-,36.66,-0.25%,"8,140"
SSFHG,10.19M,-,-,-,0.47,1.53,1.72,-,-,-,-,-,1.18%,2.51,-4.20%,"92,585"
SSFIX,444.31M,-,-,-,0.33,2.21,2.38,24.39,39.42%,75.20%,19.39%,53.37%,-5.84%,3.33,-7.24%,"1,305,343"
SSFL,1.81B,54.24,15.22,0.13,2.51,1.87,13.50,10.96,251.94%,127.78%,37.36%,119.95%,9.25%,12.48,1.05%,"1,023,749"
SSFLO,-,-,-,-,-,-,-,-,-,-,-,-,-,38.68,-1.43%,"149,258"
SSFLR,-,-,-,-,-,-,-,-,-,-,-,-,-,39.21,-0.41%,"123,521"
SSFM,7.52B,15.44,13.55,1.93,0.83,5.03,33.18,21.16,4.60%,7.05%,16.89%,7.03%,6.36%,80.60,-2.30%,"1,207,081"
SSFNC,3.46B,-,10.88,0.85,5.61,0.99,-,6.97,18.00%,7.77%,-,12.75%,-8.92%,23.94,-0.56%,"860,358"
SSFST,609.51M,13.75,10.42,0.50,2.58,1.35,-,19.87,33.33%,23.50%,9.70%,20.74%,13.17%,64.35,0.26%,"114,544"
SSFTX,-,-,-,-,-,-,-,-,-,-,-,-,-,31.72,0.60%,"64,810"
SSFTY,-,-,-,-,-,-,-,-,-,-,-,-,-,31.91,-0.42%,"58,693"
SSFWL,72.60M,6.09,-,-,0.13,0.55,1.88,-,-,-,14.37%,-,14.77%,0.88,5.86%,"8,331"
SSFY,-,-,-,-,-,-,-,-,-,-,-,-,-,154.12,-0.34%,"14,905"
SSFYF,-,-,-,-,-,-,-,-,-,-,-,-,-,63.22,-0.43%,"4,049"
SSFYI,-,-,-,-,-,-,-,-,-,-,-,-,-,25.24,-0.31%,"1,193"
SSG,699.96M,58.80,-,-,1.03,1.50,4.91,-,60.17%,-86.74%,2.73%,13.66%,25.23%,5.88,-6.37%,"5,702,651"
SSGA,59.82M,-,-,-,0.58,0.40,2.15,-,49.52%,30.77%,-30.59%,-,2.25%,9.40,-3.69%,"26,172"
SSGC,203.31M,23.19,13.32,0.54,0.35,1.05,8.92,6.48,33.15%,56.33%,-29.62%,24.61%,1.46%,12.75,-2.15%,"48,006"
SSGDJ,-,-,-,-,-,-,-,-,-,-,-,-,-,93.34,2.26%,"37,268"
SSGDM,-,-,-,-,-,-,-,-,-,-,-,-,-,76.81,2.09%,"38,033"
SSGHC,6.62B,17.91,13.27,0.37,2.72,7.92,12.08,-,95.41%,16.87%,-32.32%,36.35%,16.60%,13.03,-2.03%,"1,866,992"
SSGHT,453.93M,-,-,-,5.44,8.52,5.69,-,20.27%,10.59%,0.13%,10.53%,22.86%,8.24,1.23%,"471,745"
SSGI,13.68B,25.92,17.94,0.95,1.80,4.23,122.11,17.78,12.76%,19.00%,-9.69%,18.88%,8.68%,65.01,-1.59%,"2,595,899"
SSGLC,-,-,-,-,-,-,-,-,-,-,-,-,-,46.01,-0.24%,"12,849"
SSGLY,4.02M,-,-,-,3.03,0.26,1.80,-,-,-,53.35%,-,-22.62%,4.49,-8.74%,"2,178,270"
SSGML,1.29B,-,5.52,-,9.03,15.57,46.10,43.96,302.23%,164.26%,-94.97%,-,-,11.43,-4.67%,"1,529,251"
SSGMT,638.15M,-,-,-,-,2.52,2.66,-,24.26%,-15.69%,-24.29%,-1.41%,-,10.43,-1.14%,"1,810,931"
SSGOL,-,-,-,-,-,-,-,-,-,-,-,-,-,42.08,0.98%,"1,495,033"
SSGOV,-,-,-,-,-,-,-,-,-,-,-,-,-,100.56,0.00%,"18,951,996"
SSGP,862.29M,-,-,-,-,3.71,3.68,-,86.10%,-12.63%,-,44.60%,-,25.78,-1.60%,"59,703"
SSGRT,-,-,-,-,-,-,-,-,-,-,-,-,-,33.95,1.72%,"36,593"
SSGRW,-,-,-,-,-,-,-,-,-,-,-,-,-,26.93,-0.45%,627
SSGRY,1.88B,-,26.49,1.91,0.56,1.12,8.68,10.02,-5.30%,21.81%,28.11%,13.84%,12.21%,14.36,-4.46%,"2,421,845"
SSGU,411.12M,6.10,-,-,0.22,1.04,15.23,7.23,-,-,11.29%,-,3.99%,12.53,-0.87%,"26,321"
SSGVA,-,-,-,-,-,-,-,-,-,-,-,-,-,100.64,0.00%,"2,018"
SSGVT,-,-,-,-,-,-,-,-,-,-,-,-,-,100.64,-0.00%,"200,304"
SSH,-,-,-,-,-,-,-,-,-,-,-,-,-,32.13,0.47%,"3,682,982"
SSHAG,-,-,-,-,-,-,-,-,-,-,-,-,-,47.29,-0.07%,"1,586"
SSHAK,3.18B,78.20,53.21,5.03,2.05,5.50,10.32,-,-14.49%,23.54%,-,10.58%,22.55%,74.19,-0.87%,"1,153,145"
SSHAZ,2.75B,-,-,-,-,2.44,1.48,-,-248.07%,85.78%,-,31.26%,-,76.90,0.57%,"2,862,328"
SSHBI,788.92M,11.95,10.42,-,2.28,1.28,-,8.90,21.54%,4.89%,6.99%,-,37.25%,23.64,-1.38%,"142,246"
SSHC,5.37B,33.06,17.49,1.54,4.41,8.06,15.04,48.87,14.49%,9.16%,-,11.33%,7.30%,18.80,-0.48%,"7,823,970"
SSHDG,-,-,-,-,-,-,-,-,-,-,-,-,-,33.61,-0.46%,"5,378"
SSHE,-,-,-,-,-,-,-,-,-,-,-,-,-,160.34,-0.74%,"4,396"
SSHEH,-,-,-,-,-,-,-,-,-,-,-,-,-,66.03,1.06%,"5,473"
SSHEL,255.44B,10.12,10.26,0.75,0.86,1.41,8.14,8.83,72.88%,-17.98%,-,13.66%,8.53%,91.62,1.27%,"4,679,671"
SSHEN,698.70M,-,-,-,1.90,0.81,12.75,-,-24.08%,26.28%,-,17.41%,10.14%,12.62,-4.90%,"345,275"
SSHFS,2.01M,-,-,-,0.26,0.33,0.35,-,-,-,-,-,2.30%,0.16,-4.90%,"388,763"
SSHG,35.48B,10.15,8.25,0.60,1.21,0.99,-,6.83,25.49%,9.73%,4.13%,13.68%,3.51%,75.92,0.74%,"75,858"
SSHIM,152.53M,-,9.84,-,0.35,-,8.43,-,110.47%,733.33%,-,-,-3.68%,3.69,-0.54%,"116,898"
SSHIP,370.53M,5.98,5.39,0.12,1.90,1.18,6.97,36.51,182.19%,-12.10%,-,46.81%,20.07%,17.10,1.97%,"325,379"
SSHLD,-,-,-,-,-,-,-,-,-,-,-,-,-,69.97,-1.19%,"806,395"
SSHLS,1.39B,43.80,14.90,0.70,2.36,2.24,88.11,-,20.12%,27.71%,-1.10%,21.29%,22.05%,8.23,-2.60%,"3,090,557"
SSHM,-,-,-,-,-,-,-,-,-,-,-,-,-,47.67,-0.13%,"156,011"
SSHMD,404.99M,-,-,-,5.27,-,218.91,-,-,-,-,-,-,5.68,4.22%,"476,878"
SSHNY,-,-,-,-,-,-,-,-,-,-,-,-,-,10.10,2.54%,"476,847"
SSHO,2.02B,48.53,47.94,0.51,2.02,1.24,9.94,20.65,641.35%,-23.39%,-,93.54%,29.08%,10.89,-0.46%,"2,666,630"
SSHOC,-,-,-,-,-,-,-,-,-,-,-,-,-,111.21,1.47%,"8,179"
SSHOE,420.85M,11.45,8.41,5.42,0.37,0.62,3.25,6.76,-21.23%,23.16%,27.60%,1.55%,3.05%,15.50,1.71%,"504,819"
SSHOO,3.41B,23.36,16.80,0.62,1.24,3.63,35.99,15.21,28.90%,26.60%,-,27.28%,16.09%,46.60,-1.15%,"973,448"
SSHOP,191.26B,100.28,60.31,1.84,14.41,15.11,38.66,81.83,33.58%,29.42%,28.70%,32.79%,31.58%,148.65,-3.67%,"7,748,265"
SSHOT,285.82M,-,-,-,-,1.39,250.72,-,-,-,-,-,-,9.83,0.00%,"350,124"
SSHOTU,285.82M,-,-,-,-,1.41,250.72,-,-,-,-,-,-,9.97,0.00%,0
SSHPH,2.61M,-,-,-,-,0.68,2.39,-,-,-,11.76%,-,-,4.10,0.74%,"46,535"
SSHPP,-,-,-,-,-,-,-,-,-,-,-,-,-,35.73,0.50%,252
SSHPU,-,-,-,-,-,-,-,-,-,-,-,-,-,17.58,-6.94%,"70,725"
SSHRD,-,-,-,-,-,-,-,-,-,-,-,-,-,24.70,-0.18%,"2,232"
SSHRT,-,-,-,-,-,-,-,-,-,-,-,-,-,6.51,0.69%,967
SSHRY,-,-,-,-,-,-,-,-,-,-,-,-,-,46.82,-1.82%,531
SSHV,-,-,-,-,-,-,-,-,-,-,-,-,-,110.24,0.00%,"2,057,284"
SSHW,84.96B,32.27,25.83,2.69,3.48,22.04,289.47,26.44,5.64%,12.22%,6.86%,9.61%,5.12%,349.97,-2.54%,"2,192,175"
SSHY,-,-,-,-,-,-,-,-,-,-,-,-,-,82.00,0.00%,"2,912,585"
SSHYD,-,-,-,-,-,-,-,-,-,-,-,-,-,22.70,-0.09%,"22,279"
SSHYG,-,-,-,-,-,-,-,-,-,-,-,-,-,42.21,-0.12%,"907,773"
SSHYL,-,-,-,-,-,-,-,-,-,-,-,-,-,44.06,-0.07%,"17,561"
SSHYM,-,-,-,-,-,-,-,-,-,-,-,-,-,22.14,-0.18%,"182,841"
SSI,414.72M,-,-,-,6.91,3.34,4.19,-,59.60%,16.42%,-,32.53%,-,19.92,-3.91%,"82,894"
SSIBN,837.66M,-,-,-,3.92,4.58,5.74,-,8.92%,15.83%,21.79%,25.47%,22.32%,18.69,-1.27%,"481,549"
SSIC,-,-,-,-,-,-,-,-,-,-,-,-,-,49.83,-,"2,012"
SSID,1.19B,-,-,-,0.14,0.51,0.43,-,7.15%,54.63%,-,31.95%,6.59%,0.90,1.67%,"1,567,924"
SSIDU,254.89M,-,-,-,90.07,1.36,1.53,-,-,-,34.02%,-,13.37%,2.54,-2.50%,"5,162,404"
SSIEB,79.73M,-,-,-,0.76,0.90,0.41,0.21,-,-,5.33%,-,11.41%,1.94,1.04%,"53,051"
SSIF,137.90M,34.28,-,-,1.39,3.32,118.88,42.56,-,-,-,-,-5.67%,22.05,10.25%,"236,123"
SSIFI,-,-,-,-,-,-,-,-,-,-,-,-,-,43.43,-0.09%,39
SSIFY,1.12B,-,310.50,-,2.19,6.86,21.00,-,140.06%,150.00%,-,-,9.17%,15.50,-0.45%,"15,723"
SSIG,3.39B,12.07,6.99,0.61,0.50,1.80,5.62,5.96,12.51%,14.05%,-,11.39%,5.45%,86.11,-4.92%,"561,453"
SSIGA,210.52M,-,-,-,3.92,1.27,1.79,-,-,-,-14.51%,-,-5.42%,2.93,-2.33%,"766,757"
SSIGI,5.49B,11.43,10.55,1.46,1.00,1.58,-,4.46,9.85%,7.66%,12.88%,7.21%,12.77%,92.10,-2.41%,"508,000"
SSIHY,-,-,-,-,-,-,-,-,-,-,-,-,-,45.44,-0.12%,"4,576"
SSII,3.14B,29.85,25.71,0.80,7.74,8.00,16.47,22.59,77.55%,2.72%,18.83%,32.00%,17.55%,121.93,4.42%,"287,879"
SSIJ,-,-,-,-,-,-,-,-,-,-,-,-,-,15.31,0.08%,"6,430"
SSIL,-,-,-,-,-,-,-,-,-,-,-,-,-,90.72,1.31%,"930,810"
SSILC,277.60M,-,199.79,-,3.68,2.42,8.86,-,68.19%,154.29%,-,-,-10.43%,48.65,-1.72%,"412,998"
SSILJ,-,-,-,-,-,-,-,-,-,-,-,-,-,29.90,0.13%,"3,018,271"
SSILO,4.87M,-,-,-,97.47,0.71,0.90,-,-,-,26.52%,-,-,3.07,-4.06%,"50,592"
SSIM,5.06B,23.52,-,-,2.87,1.34,3.22,-,-,-,-10.63%,-,-1.11%,30.50,0.00%,93
SSIMA,90.25M,48.28,-,-,-,16.97,347.11,-,-,-,-,-,-,10.98,-0.09%,"1,566"
SSIMAU,90.17M,48.07,-,-,-,16.89,346.79,-,-,-,-,-,-,10.93,-0.18%,"1,815"
SSIMO,9.25B,31.97,17.77,0.23,7.06,8.83,51.87,-,215.18%,37.19%,9.77%,77.47%,10.39%,272.70,1.41%,"1,215,632"
SSIMS,-,-,-,-,-,-,-,-,-,-,-,-,-,45.57,-1.07%,48
SSIMX,-,-,-,-,-,-,-,-,-,-,-,-,-,15.02,2.67%,"45,806"
SSIND,2.65B,-,-,-,-,83.64,146.26,-,-,-,-,-,-,16.69,0.66%,"84,293"
SSINT,10.93M,-,-,-,8.22,2.25,3.04,-,70.21%,46.05%,80.47%,54.77%,11.38%,1.64,0.00%,"27,421"
SSIO,-,-,-,-,-,-,-,-,-,-,-,-,-,25.35,-0.13%,"700,691"
SSION,267.20M,-,-,-,-,1.00,1.27,-,-34.53%,-1.01%,-,-16.57%,-,5.91,-8.51%,"2,985,530"
SSIOO,-,-,-,-,-,-,-,-,-,-,-,-,-,19.91,-0.28%,"6,956"
SSIRI,9.82B,11.47,9.02,0.57,1.14,0.82,56.42,6.34,33.10%,8.81%,50.12%,15.93%,1.26%,29.12,2.34%,"5,326,611"
SSITC,155.85M,1.24,-,-,2.20,0.55,0.65,-,-,-,61.11%,-,-24.20%,2.97,0.34%,"1,008,851"
SSITE,4.18B,26.18,18.92,1.34,0.87,2.48,47.78,16.10,-0.21%,21.98%,4.12%,14.07%,11.71%,95.65,-2.99%,"932,302"
SSITM,22.54B,1518.93,50.27,0.59,48.17,19.38,11.73,266.73,251.16%,32.67%,-24.12%,85.93%,22.97%,749.44,5.27%,"515,306"
SSITX,-,-,-,-,-,-,-,-,-,-,-,-,-,29.40,10.56%,"34,331"
SSIVR,-,-,-,-,-,-,-,-,-,-,-,-,-,62.61,1.85%,"1,456,538"
SSIXA,-,-,-,-,-,-,-,-,-,-,-,-,-,57.95,-0.49%,"12,830"
SSIXD,-,-,-,-,-,-,-,-,-,-,-,-,-,31.54,-0.17%,"768,784"
SSIXF,-,-,-,-,-,-,-,-,-,-,-,-,-,35.15,-0.11%,"1,013"
SSIXH,-,-,-,-,-,-,-,-,-,-,-,-,-,44.14,-0.18%,"7,106"
SSIXJ,-,-,-,-,-,-,-,-,-,-,-,-,-,37.29,-0.19%,"3,074"
SSIXL,-,-,-,-,-,-,-,-,-,-,-,-,-,39.82,-0.80%,668
SSIXO,-,-,-,-,-,-,-,-,-,-,-,-,-,36.34,-0.05%,"3,466"
SSIXP,-,-,-,-,-,-,-,-,-,-,-,-,-,34.38,0.00%,"2,222"
SSIXS,-,-,-,-,-,-,-,-,-,-,-,-,-,58.72,-0.99%,"6,585"
SSIXZ,-,-,-,-,-,-,-,-,-,-,-,-,-,32.18,-0.17%,"2,880"
SSIZE,-,-,-,-,-,-,-,-,-,-,-,-,-,185.25,-0.63%,"5,790"
SSJ,40.34M,-,-,-,0.23,0.45,0.83,-,-,-,-,-,-1.06%,0.95,-0.00%,"35,842"
SSJB,-,-,-,-,-,-,-,-,-,-,-,-,-,15.15,0.20%,"61,378"
SSJCP,-,-,-,-,-,-,-,-,-,-,-,-,-,25.14,0.02%,25
SSJLD,-,-,-,-,-,-,-,-,-,-,-,-,-,25.27,0.02%,11
SSJM,12.59B,-,10.93,1.37,1.39,2.27,214.91,10.89,9.92%,7.21%,-,8.00%,2.49%,117.83,-2.93%,"1,040,178"
SSJNK,-,-,-,-,-,-,-,-,-,-,-,-,-,24.87,-0.12%,"1,152,612"
SSJT,130.50M,-,-,-,-,75.31,-,-,-,-,-,-,-73.35%,2.80,-0.36%,"172,090"
SSK,-,-,-,-,-,-,-,-,-,-,-,-,-,26.04,6.20%,"289,630"
SSKAIU,-,-,-,-,-,-,-,-,-,-,-,-,-,-,-,0
SSKDD,-,-,-,-,-,-,-,-,-,-,-,-,-,9.48,-5.95%,"9,229,973"
SSKE,4.03B,-,-,-,-,33.42,9.49,-,-,-,-1.31%,-,-,32.15,-2.75%,"479,144"
SSKF,-,-,-,-,-,-,-,-,-,-,-,-,-,22.72,1.97%,"14,105"
SSKHA,-,-,-,-,-,-,-,-,-,-,-,-,-,33.68,7.44%,"6,669"
SSKHL,-,-,-,-,-,-,-,-,-,-,-,-,-,10.07,6.11%,"2,345,756"
SSKHN,-,-,-,-,-,-,-,-,-,-,-,-,-,13.90,-5.97%,"37,897"
SSKHU,-,-,-,-,-,-,-,-,-,-,-,-,-,20.55,6.15%,"929,411"
SSKHX,-,-,-,-,-,-,-,-,-,-,-,-,-,15.55,5.71%,"2,685,369"
SSKHY,1249.13B,11.13,5.26,0.05,9.68,7.20,22.00,19.98,509.03%,33.53%,49.26%,106.80%,20.38%,171.38,3.04%,"24,223,250"
SSKHZ,-,-,-,-,-,-,-,-,-,-,-,-,-,10.82,-3.00%,"2,456,810"
SSKIL,69.23M,-,-,-,0.14,-,0.58,3.29,0.96%,-,1.82%,-,-,7.72,-6.65%,"42,575"
SSKIN,78.08M,-,-,-,0.27,1.40,0.38,3.69,-103.12%,74.70%,28.16%,25.94%,20.36%,0.60,-10.04%,"276,944"
SSKK,11.11M,-,-,-,1.12,1.52,17.64,-,-,-,-,-,2.82%,4.56,6.05%,"1,018"
SSKM,15.19B,31.73,15.68,0.27,1.29,1.58,11.56,16.56,243.39%,7.50%,-25.81%,58.54%,-2.47%,39.96,3.77%,"3,196,285"
SSKOR,-,-,-,-,-,-,-,-,-,-,-,-,-,47.90,-0.17%,"79,128"
SSKRE,-,-,-,-,-,-,-,-,-,-,-,-,-,5.85,1.39%,"20,301"
SSKT,4.41B,35.19,33.29,2.93,7.21,6.55,19.36,22.43,7.41%,8.50%,-,11.37%,8.15%,38.41,-0.10%,"806,091"
SSKUU,-,-,-,-,-,-,-,-,-,-,-,-,-,26.01,6.12%,"4,648,606"
SSKWD,2.56B,13.40,10.41,0.71,1.47,2.02,-,6.36,25.15%,10.43%,-,14.74%,25.94%,57.57,-3.73%,"579,519"
SSKY,5.06B,27.28,21.86,2.01,1.89,3.22,6.45,19.10,-9.66%,22.59%,19.72%,10.89%,13.39%,93.21,-1.40%,"610,340"
SSKYA,42.98M,-,-,-,3.45,0.27,3.56,-,-,-,63.36%,-,-,1.00,2.04%,"418,946"
SSKYE,14.58M,-,-,-,-,-,1.45,-,34.47%,-11.40%,28.34%,4.97%,-,0.42,-17.23%,"9,442,185"
SSKYH,787.62M,-,-,-,23.21,2.81,3.81,-,-516.67%,51.56%,-,15.87%,-,10.28,0.19%,"176,413"
SSKYQ,24.11M,-,-,-,14.88,2.04,3.34,-,-,-,-101.38%,-,163.02%,2.73,-0.73%,"1,010,690"
SSKYU,-,-,-,-,-,-,-,-,-,-,-,-,-,51.66,-3.42%,"6,435"
SSKYW,4.10B,10.49,8.73,0.94,0.98,1.49,6.82,14.43,5.08%,11.24%,-,9.31%,13.79%,105.60,-1.84%,"262,174"
SSKYX,154.39M,-,-,-,1.60,25.66,6.02,-,29.69%,51.11%,-16.30%,68.50%,223.83%,1.14,1.79%,"567,088"
SSKYY,-,-,-,-,-,-,-,-,-,-,-,-,-,162.24,-1.87%,"744,820"
SSLAB,7.32B,-,48.60,-,8.55,6.68,18.42,-,217.21%,54.60%,-,-,8.96%,219.29,0.40%,"271,096"
SSLB,79.94B,26.14,16.82,2.04,2.20,3.07,19.64,16.63,-15.39%,29.18%,-,8.23%,8.62%,53.86,0.17%,"6,545,991"
SSLBT,1.55B,-,-,-,-,-,-,-,-,-,-,-,-,2.76,3.76%,"23,876"
SSLDB,975.75M,-,-,-,-,2.56,2.58,-,11.03%,1.31%,39.94%,12.31%,-,9.10,-1.09%,"694,166"
SSLDE,2.52B,5.26,5.83,1.36,1.82,2.09,-,2.44,13.12%,-2.56%,-,4.28%,-,21.60,-1.50%,"915,489"
SSLDP,536.23M,-,-,-,48.75,1.06,2.21,-,21.57%,-12.50%,-19.69%,-0.00%,59.56%,2.35,-2.89%,"2,355,151"
SSLDR,-,-,-,-,-,-,-,-,-,-,-,-,-,49.72,0.00%,561
SSLE,4.86M,-,-,-,0.42,0.39,0.73,-,73.71%,31.14%,69.66%,-,40.60%,3.02,33.04%,"21,361,646"
SSLF,44.94B,18.93,13.01,1.90,1.41,2.70,-,3.62,4.84%,8.00%,7.57%,6.86%,-2.08%,80.71,-0.81%,"551,859"
SSLG,4.29B,-,-,-,4.07,1.34,11.23,52.02,-43.79%,24.68%,-,-6.05%,-0.40%,56.11,0.04%,"1,073,635"
SSLGB,24.04M,-,-,-,0.28,1.23,53.42,-,-,-,-,-,-,0.56,1.27%,"1,280,513"
SSLGL,271.36M,-,-,-,14.70,5.28,5.14,-,-278.93%,2.07%,29.88%,-,17.19%,83.01,-1.98%,"109,954"
SSLGN,4.40B,16.38,10.18,1.71,0.66,1.85,12.53,12.85,2.66%,7.21%,-0.52%,5.95%,5.66%,41.67,-1.91%,"770,615"
SSLI,565.13M,-,-,-,-,1.53,4.08,-,76.09%,-63.64%,-7.52%,-,-,2.29,-3.78%,"1,077,622"
SSLJY,-,-,-,-,-,-,-,-,-,-,-,-,-,30.64,0.12%,"38,643"
SSLM,5.13B,7.64,8.13,2.67,1.66,2.31,1.07,-,-9.86%,7.63%,8.97%,3.04%,6.50%,27.28,-2.68%,"2,231,955"
SSLMT,43.71M,-,-,-,8.39,0.02,2.30,-,-,-,-,-,83.26%,3.97,-1.73%,"31,469"
SSLN,678.04M,-,-,-,1111.54,17.62,9.41,-,22.70%,-19.73%,-4.20%,-1.76%,-39.70%,14.35,4.59%,"1,002,276"
SSLND,35.97M,-,-,-,0.06,-,0.79,-,51.41%,72.05%,-517.53%,-,-,0.66,11.95%,"389,979"
SSLNG,108.97M,-,11.73,-,1.95,1.86,5.78,13.67,-590.00%,203.47%,28.89%,-,10.43%,5.86,-9.57%,"48,166"
SSLNH,325.30M,-,-,-,7.73,1.93,2.64,-,82.77%,43.90%,-,-,118.62%,1.33,1.53%,"8,990,256"
SSLNZ,-,-,-,-,-,-,-,-,-,-,-,-,-,45.65,-0.19%,"1,539"
SSLON,-,-,-,-,-,-,-,-,-,-,-,-,-,18.48,2.08%,"24,462"
SSLP,371.33M,45.87,20.29,-,4.53,2.67,7.43,15.13,-16.99%,5.85%,-,-,13.74%,18.36,0.05%,"190,750"
SSLQD,-,-,-,-,-,-,-,-,-,-,-,-,-,50.15,-0.06%,"308,698"
SSLQT,128.13M,59.56,-,-,0.08,0.33,3.64,-,-119.64%,-363.64%,-,-,23.49%,0.73,-0.30%,"403,849"
SSLRC,691.21M,9.37,9.54,-,3.27,0.70,1.64,6.70,-17.69%,1.43%,35.92%,-6.25%,18.28%,12.67,-1.71%,"322,062"
SSLS,2.63B,-,-,-,-,19.07,18.96,-,18.00%,53.66%,34.92%,-,-,13.00,1.72%,"5,433,274"
SSLSN,66.07M,76.67,-,-,1.09,3.89,115.92,-,-,-,-0.94%,-,29.38%,0.94,-8.29%,"9,200"
SSLSR,1.34B,-,-,-,-,-,24.81,65.20,44.10%,15.12%,5.25%,-,-,8.02,3.89%,"110,491"
SSLTY,-,-,-,-,-,-,-,-,-,-,-,-,-,21.18,1.46%,"13,519"
SSLV,-,-,-,-,-,-,-,-,-,-,-,-,-,59.57,1.86%,"12,282,463"
SSLVM,1.45B,19.30,7.10,0.36,0.44,1.52,11.78,-,-58.90%,252.75%,-3.39%,19.66%,2.18%,36.43,-5.11%,"260,362"
SSLVO,-,-,-,-,-,-,-,-,-,-,-,-,-,70.08,1.26%,"143,387"
SSLVP,-,-,-,-,-,-,-,-,-,-,-,-,-,37.51,1.19%,"211,181"
SSLVR,-,-,-,-,-,-,-,-,-,-,-,-,-,59.59,0.40%,"160,809"
SSLVX,-,-,-,-,-,-,-,-,-,-,-,-,-,15.59,0.34%,"44,275"
SSLVY,-,-,-,-,-,-,-,-,-,-,-,-,-,22.36,1.63%,729
SSLWS,-,-,-,-,-,-,-,-,-,-,-,-,-,101.24,0.01%,10
SSLX,-,-,-,-,-,-,-,-,-,-,-,-,-,108.30,0.31%,"14,276"
SSLXN,0.45M,-,-,-,-,11.32,0.20,-,40.74%,61.77%,-38.17%,43.92%,-,0.42,0.43%,"473,685"
SSLYG,-,-,-,-,-,-,-,-,-,-,-,-,-,118.94,-0.16%,"55,503"
SSLYV,-,-,-,-,-,-,-,-,-,-,-,-,-,111.49,-0.65%,"84,908"
SSM,8.44B,6.99,4.87,0.41,1.54,1.08,13.61,11.14,30.35%,3.06%,-,11.82%,22.86%,35.48,5.13%,"3,682,808"
SSMA,2.02B,67.18,64.97,-,6.60,1.63,45.79,16.62,387.42%,-8.70%,26.29%,-,17.78%,34.10,-0.15%,"461,860"
SSMAX,-,-,-,-,-,-,-,-,-,-,-,-,-,28.22,0.09%,"3,091"
SSMAY,-,-,-,-,-,-,-,-,-,-,-,-,-,28.76,-0.36%,896
SSMB,-,-,-,-,-,-,-,-,-,-,-,-,-,17.24,-0.12%,"32,160"
SSMBC,841.04M,11.88,10.68,-,2.66,1.42,-,9.35,2.70%,8.28%,4.26%,-,19.57%,76.35,-0.53%,"132,173"
SSMBK,888.61M,15.33,12.40,-,2.67,1.54,-,13.60,23.32%,12.13%,12.96%,-,18.75%,51.97,-1.53%,"77,684"
SSMBS,-,-,-,-,-,-,-,-,-,-,-,-,-,24.98,-0.12%,"484,698"
SSMC,706.57M,-,169.46,3.61,1.21,0.90,22.25,15.76,89.44%,220.59%,-,46.98%,7.95%,34.74,-0.63%,"31,981"
SSMCC,-,-,-,-,-,-,-,-,-,-,-,-,-,40.38,-5.71%,558
SSMCF,-,-,-,-,-,-,-,-,-,-,-,-,-,40.49,-0.61%,152
SSMCI,24.76B,11.95,7.16,0.39,0.63,3.04,3.29,-,19.52%,23.27%,73.21%,18.32%,61.48%,38.28,-3.92%,"55,467,039"
SSMCL,-,-,-,-,-,-,-,-,-,-,-,-,-,17.99,-7.79%,"975,416"
SSMCO,-,-,-,-,-,-,-,-,-,-,-,-,-,30.79,-0.35%,"10,252"
SSMCP,-,-,-,-,-,-,-,-,-,-,-,-,-,26.88,0.95%,433
SSMCX,-,-,-,-,-,-,-,-,-,-,-,-,-,12.93,-7.97%,"10,534,220"
SSMCY,-,-,-,-,-,-,-,-,-,-,-,-,-,5.50,-3.17%,"957,194"
SSMCZ,-,-,-,-,-,-,-,-,-,-,-,-,-,3.18,7.80%,"5,059,980"
SSMDD,-,-,-,-,-,-,-,-,-,-,-,-,-,7.13,0.56%,"14,333"
SSMDV,-,-,-,-,-,-,-,-,-,-,-,-,-,78.27,-0.62%,"85,914"
SSMDX,-,-,-,-,-,-,-,-,-,-,-,-,-,27.69,-0.07%,"1,021"
SSMFG,166.18B,15.08,13.15,1.11,2.46,1.68,-,-,14.40%,11.59%,18.38%,11.90%,14.20%,26.24,-0.30%,"1,007,629"
SSMG,3.45B,51.80,12.26,1.05,1.02,-,124.43,13.09,18.41%,9.01%,-18.33%,11.72%,-3.75%,59.20,-2.86%,"838,365"
SSMH,-,-,-,-,-,-,-,-,-,-,-,-,-,594.07,1.06%,"7,700,538"
SSMHB,-,-,-,-,-,-,-,-,-,-,-,-,-,4.15,-0.95%,"16,607"
SSMHC,-,-,-,-,-,-,-,-,-,-,-,-,-,52.24,5.17%,"31,070"
SSMHD,-,-,-,-,-,-,-,-,-,-,-,-,-,37.58,-3.53%,"25,841"
SSMHI,266.44M,-,-,-,1.27,1.06,2.86,-,-90.57%,-54.95%,19.72%,-,9.94%,9.82,-0.41%,"95,962"
SSMHU,-,-,-,-,-,-,-,-,-,-,-,-,-,31.62,3.47%,"5,348"
SSMHX,-,-,-,-,-,-,-,-,-,-,-,-,-,59.30,0.49%,"54,637"
SSMID,151.45M,19.59,-,-,1.69,2.66,14.21,36.32,-,-,35.62%,-,16.33%,28.54,1.17%,"31,523"
SSMIG,-,-,-,-,-,-,-,-,-,-,-,-,-,33.42,-0.71%,"158,312"
SSMIN,-,-,-,-,-,-,-,-,-,-,-,-,-,71.26,-0.24%,"40,027"
SSMIZ,-,-,-,-,-,-,-,-,-,-,-,-,-,44.25,0.36%,"21,780"
SSMJF,289.52M,-,-,-,27.60,22.98,41.07,-,-,-,-,-,-,10.45,1.95%,"1,580,411"
SSMLF,-,-,-,-,-,-,-,-,-,-,-,-,-,90.47,-0.18%,"121,777"
SSMLL,-,-,-,-,-,-,-,-,-,-,-,-,-,22.05,-0.95%,"4,101"
SSMLV,-,-,-,-,-,-,-,-,-,-,-,-,-,160.75,-0.84%,"2,174"
SSMMD,-,-,-,-,-,-,-,-,-,-,-,-,-,93.09,-0.24%,"329,204"
SSMMT,10.20B,-,-,-,-,16.09,14.75,-,17.59%,2.89%,-13.76%,22.53%,-,12.78,-4.27%,"9,878,550"
SSMMU,-,-,-,-,-,-,-,-,-,-,-,-,-,50.29,-0.04%,"173,997"
SSMMV,-,-,-,-,-,-,-,-,-,-,-,-,-,47.51,-0.59%,"4,814"
SSMN,-,-,-,-,-,-,-,-,-,-,-,-,-,19.18,1.44%,238
SSMOG,-,-,-,-,-,-,-,-,-,-,-,-,-,140.79,0.11%,844
SSMOM,-,-,-,-,-,-,-,-,-,-,-,-,-,29.56,0.22%,"2,321"
SSMOT,-,-,-,-,-,-,-,-,-,-,-,-,-,40.77,-1.21%,"20,484"
SSMOX,-,-,-,-,-,-,-,-,-,-,-,-,-,31.27,0.01%,"43,707"
SSMP,865.91M,17.36,7.94,0.97,0.47,1.21,11.01,9.93,5.47%,15.17%,-6.07%,8.18%,9.68%,38.76,-0.46%,"91,424"
SSMPL,958.91M,-,6.37,-,0.69,0.68,7.74,8.03,-14.26%,3.29%,8.87%,-1.98%,12.18%,10.84,-4.16%,"1,442,937"
SSMR,3.95B,-,-,-,369.43,1.83,3.67,-,76.06%,-29.64%,-36.94%,39.10%,-,9.19,-2.13%,"23,423,128"
SSMRF,-,-,-,-,-,-,-,-,-,-,-,-,-,26.52,1.88%,"5,927"
SSMRI,-,-,-,-,-,-,-,-,-,-,-,-,-,47.22,-0.71%,"44,646"
SSMRT,283.58M,-,-,-,1.88,1.26,3.06,-,70.31%,31.58%,38.32%,68.50%,23.73%,1.48,-0.67%,"1,090,810"
SSMRX,-,-,-,-,-,-,-,-,-,-,-,-,-,23.71,-4.65%,12
SSMSI,16.33M,-,-,-,0.97,0.94,5.85,-,75.48%,76.54%,-,-,-19.48%,2.92,2.10%,"20,462"
SSMST,-,-,-,-,-,-,-,-,-,-,-,-,-,52.99,-9.86%,"196,954"
SSMTC,14.37B,-,40.05,0.77,13.18,25.05,87.97,88.64,55.50%,44.81%,-,51.73%,12.03%,154.22,9.88%,"3,757,451"
SSMTG,-,-,-,-,-,-,-,-,-,-,-,-,-,9.76,19.64%,"44,831"
SSMTH,-,-,-,-,-,-,-,-,-,-,-,-,-,25.33,-0.28%,"1,399,542"
SSMTI,312.39M,-,58.12,-,2.84,39.35,20.26,69.42,466.67%,219.09%,-41.80%,-,45.92%,34.00,-0.44%,"261,424"
SSMTK,2.30M,-,-,-,3.48,0.24,0.62,-,-,-,-7.22%,-,49.32%,0.09,0.00%,"7,931,653"
SSMU,-,-,-,-,-,-,-,-,-,-,-,-,-,6.23,-4.30%,"731,573"
SSMUP,-,-,-,-,-,-,-,-,-,-,-,-,-,4.96,-3.69%,"64,381"
SSMWB,749.86M,-,27.40,0.28,2.54,33.18,9.33,47.28,252.83%,47.58%,24.47%,96.46%,24.76%,8.56,-3.71%,"833,641"
SSMX,15.88M,-,-,-,-,0.32,0.46,-,-,-,-,-,-,14.59,-10.27%,"28,669"
SSMXT,18.40M,-,-,-,0.19,-,4.27,-,-,-,-,-,-6.86%,3.88,-5.60%,"23,758"
SSMYY,-,-,-,-,-,-,-,-,-,-,-,-,-,6.25,-0.72%,"18,221"
SSMZ,-,-,-,-,-,-,-,-,-,-,-,-,-,19.89,4.41%,"8,146"
SSN,25.87B,37.52,24.34,1.43,3.74,9.10,33.17,32.15,23.72%,15.50%,15.96%,16.96%,18.37%,183.62,-0.80%,"1,692,851"
SSNA,20.75B,20.47,18.80,3.34,3.93,3.43,12.62,18.72,3.20%,7.77%,10.89%,5.63%,5.52%,401.22,-0.58%,"251,659"
SSNAG,-,-,-,-,-,-,-,-,-,-,-,-,-,5.10,-8.77%,"88,148"
SSNAL,27.24M,-,1.96,-,0.32,-,1.97,3.36,112.97%,227.08%,-,-,-8.25%,3.08,0.00%,"149,936"
SSNAP,8.76B,-,38.23,-,1.38,4.52,3.29,12.05,81.95%,378.02%,15.99%,-,18.80%,5.18,-4.25%,"67,871,484"
SSNAV,-,-,-,-,-,-,-,-,-,-,-,-,-,39.13,-0.54%,"1,272"
SSND,208.18M,19.36,-,-,0.54,0.80,20.41,6.01,-,-,-48.55%,-,21.96%,4.91,-3.73%,"326,169"
SSNDA,1.88B,-,-,-,3.57,2.15,26.83,-,23.70%,64.98%,49.98%,57.82%,-0.14%,39.03,-0.31%,"336,234"
SSNDC,-,-,-,-,-,-,-,-,-,-,-,-,-,10.13,17.65%,"579,564"
SSNDG,-,-,-,-,-,-,-,-,-,-,-,-,-,11.86,17.71%,"10,906,906"
SSNDK,264.61B,24.51,6.98,0.13,13.07,16.58,55.57,23.04,197.18%,21.59%,-,54.03%,-,1786.85,8.88%,"18,037,559"
SSNDL,305.41M,-,173.73,-,0.45,0.41,2.13,8.28,-39.13%,111.76%,64.21%,-,71.68%,1.23,-2.38%,"1,116,998"
SSNDQ,-,-,-,-,-,-,-,-,-,-,-,-,-,12.22,-17.65%,"67,498,873"
SSNDR,6.38B,57.40,21.24,0.39,1.10,2.09,19.51,30.72,69.29%,60.73%,-13.15%,55.00%,4.50%,36.41,0.86%,"603,851"
SSNDU,-,-,-,-,-,-,-,-,-,-,-,-,-,29.75,18.20%,"10,094,231"
SSNDX,1.76B,-,-,-,7.00,116.67,3.22,-,40.58%,57.21%,-12.05%,-,157.68%,19.76,-0.40%,"1,096,391"
SSNES,6.56M,-,-,-,2.77,1.06,1.29,-,28.97%,20.22%,80.37%,42.02%,51.10%,1.21,0.00%,"55,220"
SSNEX,8.25B,17.73,15.46,0.74,0.05,4.33,3.76,1.12,66.74%,1.37%,8.97%,20.98%,19.58%,68.41,1.95%,"785,705"
SSNFCA,234.31M,5.83,-,-,0.70,0.54,-,2.96,-,-,-11.00%,-,-6.44%,8.60,-7.33%,"107,548"
SSNGX,8.30M,-,-,-,-,1.24,0.85,-,81.31%,37.50%,57.52%,-,-,0.38,-4.70%,"113,209"
SSNK,-,-,-,-,-,-,-,-,-,-,-,-,-,16.45,-9.12%,"4,821,401"
SSNN,12.44B,20.24,12.26,1.23,1.98,2.42,16.40,14.64,8.20%,9.66%,6.97%,9.99%,6.10%,29.68,-0.44%,"774,796"
SSNOA,6.32M,-,-,-,0.29,0.96,1.18,-,-,-,47.50%,-,0.95%,1.32,1.54%,"140,855"
SSNOU,-,-,-,-,-,-,-,-,-,-,-,-,-,67.01,1.53%,"33,889"
SSNOV,-,-,-,-,-,-,-,-,-,-,-,-,-,27.52,0.00%,"4,729"
SSNOW,114.42B,-,121.10,2.70,22.73,58.99,38.72,97.82,54.55%,41.10%,-16.08%,44.80%,51.23%,330.11,0.36%,"3,097,383"
SSNOY,-,-,-,-,-,-,-,-,-,-,-,-,-,11.63,0.43%,"188,464"
SSNPD,-,-,-,-,-,-,-,-,-,-,-,-,-,30.92,-0.79%,490
SSNPE,-,-,-,-,-,-,-,-,-,-,-,-,-,71.53,-0.38%,"119,491"
SSNPG,-,-,-,-,-,-,-,-,-,-,-,-,-,60.98,0.33%,"4,701"
SSNPS,79.12B,95.60,23.87,1.43,9.12,2.60,31.81,30.04,14.52%,17.11%,13.58%,16.74%,13.86%,413.22,-1.96%,"1,111,267"
SSNSC,-,-,-,-,-,-,-,-,-,-,-,-,-,3.00,-2.28%,"81,857"
SSNSR,-,-,-,-,-,-,-,-,-,-,-,-,-,49.37,-0.26%,"8,198"
SSNT,40.60M,-,-,-,-,0.97,3.53,-,-,-,1.38%,-,-17.05%,1.74,-5.43%,"10,140"
SSNTG,5.30M,-,-,-,75.68,0.67,10.60,-,-,-,-,-,-54.66%,1.89,-4.55%,"19,701"
SSNTH,-,-,-,-,-,-,-,-,-,-,-,-,-,30.46,-0.72%,"45,960"
SSNTI,13.39M,-,-,-,223.14,-,2.07,-,61.72%,9.09%,65.37%,24.71%,-70.12%,0.43,-4.23%,"371,612"
SSNTQ,-,-,-,-,-,-,-,-,-,-,-,-,-,25.00,-0.34%,"12,049"
SSNWV,42.66M,20.62,-,-,0.97,15.31,4.55,10.13,-,-,-,-,61.12%,4.96,4.64%,"108,649"
SSNX,21.10B,18.88,12.32,0.53,0.30,2.34,19.28,56.33,43.85%,12.86%,-0.52%,23.44%,25.63%,263.88,1.99%,"1,183,409"
SSNXX,-,-,-,-,-,-,-,-,-,-,-,-,-,19.06,17.73%,"111,548,094"
SSNY,105.85B,22.87,8.48,1.19,1.98,1.36,14.58,8.78,5.35%,6.46%,-15.52%,7.10%,3.69%,44.41,1.58%,"1,928,305"
SSNYR,2.31M,-,1.03,-,0.08,-,5.94,-,85.04%,178.95%,37.04%,-,0.69%,0.15,55.37%,"194,962,068"
SSO,106.17B,22.27,18.73,2.42,3.52,2.68,35.52,-,6.71%,7.37%,6.75%,7.73%,7.86%,92.29,-0.55%,"4,484,405"
SSOAR,8.37M,0.48,-,-,0.28,2.42,0.92,-,-,-,-,-,-,0.16,-7.41%,"3,207,213"
SSOBO,7.65B,17.62,18.82,13.07,5.00,2.87,10.54,11.31,-7.86%,7.40%,-,1.44%,-,36.68,-0.30%,"288,923"
SSOBR,1.50M,-,-,-,4.28,-,3.49,-,-,-,75.14%,-,-,0.53,-3.30%,"264,980"
SSOC,771.32M,-,5.73,-,5.57,1.57,35.71,-,61.87%,141.34%,-,-,-,4.02,-3.13%,"12,154,889"
SSOCA,241.77M,49.17,-,-,-,1.40,237.03,-,-,-,-,-,-,10.31,-0.05%,15
SSOCL,-,-,-,-,-,-,-,-,-,-,-,-,-,45.73,-2.08%,"7,694"
SSOEZ,-,-,-,-,-,-,-,-,-,-,-,-,-,13.08,0.60%,"7,107"
SSOFA,-,-,-,-,-,-,-,-,-,-,-,-,-,14.86,0.50%,"21,691"
SSOFC,-,-,-,-,-,-,-,-,-,-,-,-,-,22.94,-0.45%,283
SSOFI,23.65B,38.60,22.17,0.56,4.24,2.13,6.63,-,52.88%,38.53%,-,39.63%,44.73%,18.31,0.11%,"70,070,077"
SSOFR,-,-,-,-,-,-,-,-,-,-,-,-,-,100.23,0.02%,"2,593"
SSOFX,-,-,-,-,-,-,-,-,-,-,-,-,-,9.97,0.40%,"1,086,417"
SSOGP,34.80M,1.77,-,-,0.08,0.84,0.37,-,-,-,-,-,14.67%,11.56,2.48%,"10,035"
SSOHU,380.62M,1.70,-,-,0.63,0.30,0.46,-,-116.01%,-46.31%,-,-,-4.85%,14.60,0.69%,"44,960"
SSOLC,-,-,-,-,-,-,-,-,-,-,-,-,-,15.22,1.04%,214
SSOLM,-,-,-,-,-,-,-,-,-,-,-,-,-,8.29,1.56%,"2,649"
SSOLS,9.94B,47.46,18.64,0.51,2.43,6.26,13.25,-,93.78%,16.23%,-,36.74%,-,62.55,-0.16%,"1,309,487"
SSOLT,-,-,-,-,-,-,-,-,-,-,-,-,-,33.31,2.40%,"263,261"
SSOLV,14.78B,10.61,11.91,1.21,1.78,3.08,36.67,-,17.63%,1.47%,1.23%,9.80%,0.47%,86.82,-2.00%,"1,521,457"
SSOLZ,-,-,-,-,-,-,-,-,-,-,-,-,-,7.57,1.14%,"924,721"
SSON,5.61B,8.75,8.94,1.28,0.75,1.57,33.27,15.81,1.92%,9.08%,14.20%,6.99%,7.46%,56.75,-2.61%,"697,702"
SSONM,4.97M,-,-,-,0.08,-,4.14,-,-,-,52.37%,-,-,3.34,-4.17%,"10,667"
SSONO,1.83B,34.72,59.42,-,1.23,4.65,7.00,14.70,225.49%,-59.38%,-22.55%,-,1.70%,15.45,-5.27%,"1,596,639"
SSONY,139.18B,-,16.47,1.41,1.69,2.70,10.42,13.38,21.82%,7.23%,-,11.65%,-0.48%,23.70,-2.43%,"4,180,915"
SSOPH,640.12M,-,-,-,7.43,7.81,5.95,-,19.83%,33.26%,-13.68%,32.33%,22.16%,7.63,1.73%,"203,208"
SSOR,382.66M,6.42,-,-,18.46,-,-,-,-,-,-,-,-,46.49,0.14%,"8,080"
SSORA,60.67M,-,-,-,-,21.66,24.76,-,-,-,-,-,-,2.44,-9.63%,"155,341"
SSORN,351.18M,95.99,-,-,-,1.35,195.10,-,-,-,-,-,-,10.05,0.80%,6
SSOS,15.71M,-,-,-,0.10,0.03,2.90,-,-,-,-,-,25.13%,0.86,-1.06%,"48,318"
SSOTK,84.87M,41.19,-,-,3.96,4.12,5.10,14.51,-4.55%,-,9.93%,-10.07%,7.11%,5.40,5.06%,"52,830"
SSOUL,272.21M,46.90,-,-,-,1.41,2268.42,-,-,-,-,-,-,10.43,0.00%,15
SSOUN,3.07B,-,-,-,15.09,6.26,15.13,-,-1216.67%,-5.32%,-,-,-,7.04,-5.25%,"29,955,096"
SSOUX,-,-,-,-,-,-,-,-,-,-,-,-,-,12.11,-11.09%,"150,187"
SSOVF,-,-,-,-,-,-,-,-,-,-,-,-,-,31.88,-1.73%,"2,664"
SSOWG,69.21M,-,-,-,9.52,-,29.83,-,-,-,0.85%,-,-,3.44,3.61%,"11,760"
SSOXL,-,-,-,-,-,-,-,-,-,-,-,-,-,151.53,4.54%,"43,560,533"
SSOXQ,-,-,-,-,-,-,-,-,-,-,-,-,-,99.37,1.67%,"806,414"
SSOXS,-,-,-,-,-,-,-,-,-,-,-,-,-,38.36,-4.77%,"59,100,282"
SSOXX,-,-,-,-,-,-,-,-,-,-,-,-,-,559.12,1.58%,"5,744,955"
SSOXY,-,-,-,-,-,-,-,-,-,-,-,-,-,96.16,2.00%,"12,109"
SSOYB,-,-,-,-,-,-,-,-,-,-,-,-,-,25.80,1.69%,"62,582"
SSPAB,-,-,-,-,-,-,-,-,-,-,-,-,-,25.08,-0.16%,"2,269,719"
SSPAI,121.65M,-,-,-,42.24,10.04,11.89,-,34.51%,50.30%,-,63.90%,-,5.90,-4.38%,"1,004,517"
SSPAL,-,-,-,-,-,-,-,-,-,-,-,-,-,16.59,9.36%,"1,625,719"
SSPAM,-,-,-,-,-,-,-,-,-,-,-,-,-,45.89,-2.33%,"2,636"
SSPAQ,-,-,-,-,-,-,-,-,-,-,-,-,-,93.77,0.04%,20
SSPAX,-,-,-,-,-,-,-,-,-,-,-,-,-,9.95,9.10%,"2,620,067"
SSPB,2.02B,26.64,15.67,3.81,0.70,1.09,7.80,6.93,17.44%,-12.11%,12.93%,4.11%,1.39%,87.85,-2.31%,"423,894"
SSPBC,-,-,-,-,-,-,-,-,-,-,-,-,-,49.24,-0.19%,"2,253"
SSPBO,-,-,-,-,-,-,-,-,-,-,-,-,-,28.34,-0.28%,"322,814"
SSPBU,-,-,-,-,-,-,-,-,-,-,-,-,-,30.98,-0.30%,"15,200"
SSPBW,-,-,-,-,-,-,-,-,-,-,-,-,-,29.18,-0.09%,"151,434"
SSPBX,-,-,-,-,-,-,-,-,-,-,-,-,-,29.77,-0.10%,"81,448"
SSPCB,69.65M,33.00,8.04,-,2.37,1.37,9.34,-,-37.04%,-11.25%,-,-22.27%,18.84%,11.09,3.16%,"170,259"
SSPCE,474.50M,-,-,-,456.25,1.12,1.66,-,58.27%,64.25%,37.89%,-,45.35%,3.13,-5.72%,"8,780,412"
SSPCF,-,-,-,-,-,-,-,-,-,-,-,-,-,16.46,9.08%,"3,656,289"
SSPCG,-,-,-,-,-,-,-,-,-,-,-,-,-,16.92,-9.28%,"1,870,796"
SSPCH,-,-,-,-,-,-,-,-,-,-,-,-,-,9.83,9.22%,"41,095,899"
SSPCI,-,-,-,-,-,-,-,-,-,-,-,-,-,25.20,-0.09%,"18,757"
SSPCK,-,-,-,-,-,-,-,-,-,-,-,-,-,22.19,0.00%,"2,210"
SSPCL,-,-,-,-,-,-,-,-,-,-,-,-,-,31.80,3.58%,"49,614"
SSPCM,-,-,-,-,-,-,-,-,-,-,-,-,-,16.83,9.14%,"1,000,171"
SSPCQ,-,-,-,-,-,-,-,-,-,-,-,-,-,12.35,-10.83%,"2,554,677"
SSPCT,-,-,-,-,-,-,-,-,-,-,-,-,-,27.99,-0.51%,"1,504"
SSPCU,-,-,-,-,-,-,-,-,-,-,-,-,-,13.16,9.21%,"2,523,673"
SSPCX,1984.50B,-,-,-,-,15.14,19.80,-,-,-,-,-,-,146.23,4.45%,"116,675,369"
SSPD,-,-,-,-,-,-,-,-,-,-,-,-,-,42.87,-0.65%,"5,664"
SSPDF,-,-,-,-,-,-,-,-,-,-,-,-,-,28.38,-0.20%,"7,573"
SSPDG,-,-,-,-,-,-,-,-,-,-,-,-,-,47.26,-0.48%,836
SSPDN,-,-,-,-,-,-,-,-,-,-,-,-,-,8.45,0.60%,"12,043,629"
SSPDV,-,-,-,-,-,-,-,-,-,-,-,-,-,40.94,-1.24%,"9,269"
SSPDW,-,-,-,-,-,-,-,-,-,-,-,-,-,52.21,0.12%,"1,691,676"
SSPE,144.16M,6.85,-,-,18.88,0.83,-,-,-,-,-,-,-,13.57,-0.44%,"24,456"
SSPEG,158.40M,154.56,-,-,-,1.44,989.98,-,-,-,-,-,-,10.34,-0.10%,"17,924"
SSPEM,-,-,-,-,-,-,-,-,-,-,-,-,-,52.43,0.48%,"1,510,826"
SSPEU,-,-,-,-,-,-,-,-,-,-,-,-,-,57.04,-0.18%,"21,758"
SSPFF,-,-,-,-,-,-,-,-,-,-,-,-,-,9.52,-0.73%,"23,472"
SSPFI,854.35M,12.36,10.88,-,2.73,1.36,-,10.54,13.44%,6.79%,6.84%,-,-0.20%,45.35,-0.46%,"80,407"
SSPG,71.89B,42.06,31.93,-,10.36,16.32,70.54,19.83,-53.75%,5.95%,6.99%,-18.42%,6.70%,221.67,0.95%,"1,125,726"
SSPGI,121.02B,25.00,20.16,1.76,7.51,3.84,29.23,21.72,6.62%,13.27%,8.69%,11.48%,15.56%,410.53,-1.97%,"1,534,202"
SSPGM,-,-,-,-,-,-,-,-,-,-,-,-,-,88.40,-0.15%,"94,028"
SSPGP,-,-,-,-,-,-,-,-,-,-,-,-,-,127.40,-1.17%,"224,061"
SSPH,1.17B,8.98,8.57,7.46,0.84,1.64,161.38,11.52,-2.39%,2.51%,10.90%,1.15%,5.27%,17.49,-1.46%,"181,166"
SSPHB,-,-,-,-,-,-,-,-,-,-,-,-,-,151.62,0.02%,"221,256"
SSPHD,-,-,-,-,-,-,-,-,-,-,-,-,-,52.71,-1.07%,"718,022"
SSPHL,32.86M,-,-,-,5.49,5.82,11.10,-,-,-,-,-,-,2.68,-1.47%,"11,290"
SSPHQ,-,-,-,-,-,-,-,-,-,-,-,-,-,87.71,0.13%,"1,197,464"
SSPHR,6.16B,-,-,-,4.54,2.77,11.16,17.16,-415.92%,9.53%,-1.70%,-,9.84%,171.60,2.14%,"649,091"
SSPHY,-,-,-,-,-,-,-,-,-,-,-,-,-,23.29,-0.09%,"2,913,454"
SSPIB,-,-,-,-,-,-,-,-,-,-,-,-,-,33.09,-0.12%,"5,291,619"
SSPIN,-,-,-,-,-,-,-,-,-,-,-,-,-,33.64,-0.25%,"1,341"
SSPIP,-,-,-,-,-,-,-,-,-,-,-,-,-,25.01,-0.24%,"391,550"
SSPIR,552.60M,-,-,-,8.86,3.72,6.03,-,47.95%,61.58%,-,-,20.22%,13.74,-1.51%,"555,080"
SSPIT,-,-,-,-,-,-,-,-,-,-,-,-,-,34.45,0.04%,"4,300"
SSPKL,100.53M,-,-,-,-,6.18,251.32,-,-,-,-,-,-,11.61,0.00%,"4,739"
SSPLB,-,-,-,-,-,-,-,-,-,-,-,-,-,21.22,-0.66%,"1,666,962"
SSPLS,-,-,-,-,-,-,-,-,-,-,-,-,-,55.92,-0.43%,951
SSPLV,-,-,-,-,-,-,-,-,-,-,-,-,-,75.74,-0.81%,"1,435,296"
SSPMB,-,-,-,-,-,-,-,-,-,-,-,-,-,21.95,-0.23%,"1,252,458"
SSPMC,194.72M,-,7.54,-,2.94,0.98,33.51,2.28,-40.00%,13.29%,-,-,-,9.48,-2.47%,"24,771"
SSPMD,-,-,-,-,-,-,-,-,-,-,-,-,-,68.79,-0.20%,"2,667,983"
SSPMO,-,-,-,-,-,-,-,-,-,-,-,-,-,155.16,1.21%,"2,455,326"
SSPNT,2.72B,5.73,8.41,1.62,0.84,1.20,-,11.28,0.55%,8.73%,19.84%,5.19%,29.83%,23.45,-1.14%,"917,154"
SSPOG,-,-,-,-,-,-,-,-,-,-,-,-,-,6.92,-8.41%,"43,270"
SSPOK,229.89M,18.93,-,-,1.69,1.64,13.86,9.05,-,-,-,-,-1.17%,10.99,0.27%,"263,505"
SSPOT,101.39B,30.66,27.90,1.26,4.80,10.56,9.45,26.17,15.95%,25.10%,-,22.08%,16.64%,492.47,-3.97%,"1,813,761"
SSPPL,23.10M,-,-,-,5.12,5.12,7.17,-,-,-,-17.76%,-,11.97%,2.36,0.38%,"162,056"
SSPPP,-,-,-,-,-,-,-,-,-,-,-,-,-,14.25,0.99%,"506,154"
SSPRB,152.09M,-,16.58,0.40,-,1.74,1.58,-,48.28%,112.14%,11.80%,41.94%,-,52.92,0.53%,"34,802"
SSPRC,3.81M,-,-,-,4.43,0.06,0.83,-,-,-,-13.87%,-,-,6.64,0.76%,"38,142"
SSPRE,-,-,-,-,-,-,-,-,-,-,-,-,-,21.45,-0.69%,"131,235"
SSPRO,69.30M,10.90,1.78,-,1.61,1.57,1.36,3.54,-293.33%,331.03%,-,-,197.00%,1.19,-3.25%,"299,013"
SSPRU,36.57M,-,-,-,0.34,0.30,0.45,522.50,-,-,24.18%,-,40.62%,1.90,3.26%,"166,240"
SSPRX,-,-,-,-,-,-,-,-,-,-,-,-,-,51.19,2.64%,"49,750"
SSPRY,620.55M,-,-,-,5.31,49.59,4.31,-,-1.01%,53.91%,-12.85%,81.94%,-,6.24,10.44%,"2,504,778"
SSPSB,-,-,-,-,-,-,-,-,-,-,-,-,-,29.93,-0.03%,"11,543,234"
SSPSC,2.74B,36.79,14.32,1.17,3.55,2.94,15.85,13.81,14.85%,8.58%,14.36%,12.23%,19.17%,76.23,-3.99%,"547,503"
SSPSK,-,-,-,-,-,-,-,-,-,-,-,-,-,17.92,-0.08%,"306,884"
SSPSM,-,-,-,-,-,-,-,-,-,-,-,-,-,58.24,-0.41%,"757,066"
SSPT,579.04M,-,6.08,0.19,1.20,2.53,4.75,11.39,37.49%,39.24%,-3.70%,32.15%,28.04%,9.55,-3.44%,"985,064"
SSPTB,-,-,-,-,-,-,-,-,-,-,-,-,-,29.57,-0.24%,"31,108"
SSPTE,-,-,-,-,-,-,-,-,-,-,-,-,-,48.46,0.21%,"40,892"
SSPTI,-,-,-,-,-,-,-,-,-,-,-,-,-,28.10,-0.07%,"1,353,148"
SSPTL,-,-,-,-,-,-,-,-,-,-,-,-,-,24.91,-0.64%,"3,320,845"
SSPTM,-,-,-,-,-,-,-,-,-,-,-,-,-,93.85,-0.47%,"360,543"
SSPTS,-,-,-,-,-,-,-,-,-,-,-,-,-,28.97,0.00%,"2,107,272"
SSPTU,-,-,-,-,-,-,-,-,-,-,-,-,-,25.06,0.00%,"1,800"
SSPTX,1.31B,-,-,-,-,3.09,4.78,-,85.72%,41.89%,-,55.96%,-,24.40,0.74%,"98,614"
SSPUC,-,-,-,-,-,-,-,-,-,-,-,-,-,50.41,-0.41%,"20,714"
SSPUS,-,-,-,-,-,-,-,-,-,-,-,-,-,59.20,-0.19%,"401,612"
SSPUT,-,-,-,-,-,-,-,-,-,-,-,-,-,28.77,-0.19%,580
SSPUU,-,-,-,-,-,-,-,-,-,-,-,-,-,228.61,-0.85%,"6,137"
SSPVM,-,-,-,-,-,-,-,-,-,-,-,-,-,78.34,-0.34%,"7,139"
SSPWH,45.26M,-,-,-,0.04,0.27,22.08,3.40,40.18%,14.93%,-,-,-3.59%,1.16,-2.52%,"193,230"
SSPWO,-,-,-,-,-,-,-,-,-,-,-,-,-,34.08,0.86%,"71,313"
SSPWR,39.85M,-,5.44,-,0.14,-,4.20,-,-28.57%,122.22%,-453.75%,-,-,0.22,-1.27%,"3,979,475"
SSPXC,10.90B,38.14,22.39,1.30,4.40,4.64,65.51,35.93,24.00%,15.94%,17.66%,17.17%,14.96%,217.63,0.14%,"252,053"
SSPXD,-,-,-,-,-,-,-,-,-,-,-,-,-,29.72,-0.78%,"1,075"
SSPXE,-,-,-,-,-,-,-,-,-,-,-,-,-,83.11,-0.46%,"2,277"
SSPXL,-,-,-,-,-,-,-,-,-,-,-,-,-,294.99,-1.44%,"1,302,740"
SSPXN,-,-,-,-,-,-,-,-,-,-,-,-,-,84.63,-0.32%,"1,528"
SSPXS,-,-,-,-,-,-,-,-,-,-,-,-,-,24.06,1.43%,"6,764,497"
SSPXT,-,-,-,-,-,-,-,-,-,-,-,-,-,111.70,-0.75%,"14,068"
SSPXU,-,-,-,-,-,-,-,-,-,-,-,-,-,33.76,1.56%,"14,434,630"
SSPXV,-,-,-,-,-,-,-,-,-,-,-,-,-,84.77,-0.47%,"1,855"
SSPXX,344.97M,8.61,-,-,86.25,0.99,-,-,-,-,-,-,-,19.19,0.21%,"231,042"
SSPY,-,-,-,-,-,-,-,-,-,-,-,-,-,772.67,-0.47%,"34,358,171"
SSPYA,-,-,-,-,-,-,-,-,-,-,-,-,-,30.97,-0.48%,21
SSPYC,-,-,-,-,-,-,-,-,-,-,-,-,-,47.28,-0.90%,"5,067"
SSPYD,-,-,-,-,-,-,-,-,-,-,-,-,-,49.78,-1.25%,"885,053"
SSPYG,-,-,-,-,-,-,-,-,-,-,-,-,-,122.48,-0.36%,"1,375,454"
SSPYH,-,-,-,-,-,-,-,-,-,-,-,-,-,56.92,-0.20%,"11,330"
SSPYI,-,-,-,-,-,-,-,-,-,-,-,-,-,54.26,-0.24%,"3,544,693"
SSPYM,-,-,-,-,-,-,-,-,-,-,-,-,-,90.96,-0.47%,"6,796,548"
SSPYQ,-,-,-,-,-,-,-,-,-,-,-,-,-,197.74,-0.85%,355
SSPYT,-,-,-,-,-,-,-,-,-,-,-,-,-,17.58,-0.42%,"118,332"
SSPYU,-,-,-,-,-,-,-,-,-,-,-,-,-,36.45,-1.91%,"403,153"
SSPYV,-,-,-,-,-,-,-,-,-,-,-,-,-,63.37,-0.64%,"1,309,835"
SSPYX,-,-,-,-,-,-,-,-,-,-,-,-,-,63.29,-0.57%,"37,490"
SSQFT,2.08M,-,-,-,0.13,0.14,0.35,-,-,-,-0.35%,-,-7.14%,1.45,-2.03%,"9,958"
SSQLT,-,-,-,-,-,-,-,-,-,-,-,-,-,29.61,-0.24%,52
SSQLV,-,-,-,-,-,-,-,-,-,-,-,-,-,54.48,-1.15%,"2,969"
SSQM,10.73B,26.40,10.84,0.20,2.03,3.67,2.78,9.95,225.49%,3.29%,27.12%,54.01%,20.12%,75.10,1.05%,"811,976"
SSQMX,-,-,-,-,-,-,-,-,-,-,-,-,-,34.76,-0.03%,"1,868"
SSQNS,46.05M,-,-,-,1.86,1.10,2.20,-,49.19%,69.71%,-,-,-12.42%,3.02,0.00%,"38,481"
SSQQQ,-,-,-,-,-,-,-,-,-,-,-,-,-,36.42,0.50%,"38,198,627"
SSQS,-,-,-,-,-,-,-,-,-,-,-,-,-,28.73,-0.39%,"14,925"
SSR,4.86B,9.17,14.96,1.30,1.92,1.36,235.01,-,-9.41%,36.77%,24.93%,11.53%,5.94%,82.29,-0.66%,"393,514"
SSRAD,4.09B,218.11,23.23,0.71,2.53,4.52,14.26,8.22,-26.06%,112.95%,57.89%,32.61%,25.83%,13.13,-4.99%,"2,593,723"
SSRBK,147.08M,45.59,-,-,2.84,0.87,-,19.56,-,-,22.28%,-,36.80%,20.04,-0.55%,"11,368"
SSRCE,2.12B,12.49,11.88,-,3.48,1.62,-,10.14,12.95%,2.16%,15.32%,-,11.31%,87.90,-0.79%,"98,677"
SSRE,56.20B,24.91,15.56,1.83,4.22,1.72,1123.92,-,9.01%,8.06%,-15.67%,8.50%,3.85%,85.94,-0.54%,"3,285,945"
SSRET,-,-,-,-,-,-,-,-,-,-,-,-,-,22.28,-0.51%,"34,766"
SSRFM,85.33M,-,-,-,0.77,-,4.63,-,74.86%,40.66%,-6.05%,53.18%,70.02%,0.69,-4.96%,"3,103,345"
SSRG,128.99M,-,-,-,10.20,0.44,2.05,-,-,-,14.67%,-,-31.14%,2.29,0.88%,"59,281"
SSRHQ,-,-,-,-,-,-,-,-,-,-,-,-,-,49.54,-1.20%,"1,199"
SSRHR,-,-,-,-,-,-,-,-,-,-,-,-,-,58.51,-0.80%,44
SSRI,201.37M,-,-,-,0.27,1.35,2.82,-,-,-,-65.92%,-,5.85%,7.06,-1.81%,"80,753"
SSRL,89.23M,-,-,-,3.37,0.40,4.80,28.15,-,-,1.88%,-,-21.30%,5.86,-0.17%,"27,068"
SSRLN,-,-,-,-,-,-,-,-,-,-,-,-,-,40.54,-0.07%,"823,229"
SSROI,-,-,-,-,-,-,-,-,-,-,-,-,-,38.15,-0.16%,15
SSRPT,1.92B,-,24.26,-,0.97,1.26,2.44,29.64,145.46%,-76.88%,-0.05%,-,32.41%,18.18,0.44%,"1,728,692"
SSRRK,6.34B,-,-,-,-,24.94,12.88,-,-1.04%,23.30%,-3.21%,25.00%,-,52.05,-0.89%,"778,851"
SSRS,-,-,-,-,-,-,-,-,-,-,-,-,-,39.00,1.83%,"13,073"
SSRTA,521.95M,-,1771.77,-,2.04,1.87,22.67,-,63.39%,103.60%,20.42%,-,-,5.90,0.00%,"534,205"
SSRTS,47.74M,-,-,-,2.73,1.30,3.14,-,-68.62%,85.80%,-2.60%,-,23.47%,2.90,1.40%,"29,454"
SSRTY,-,-,-,-,-,-,-,-,-,-,-,-,-,20.71,1.07%,"1,045,901"
SSRV,301.56M,3.33,-,-,-,-,-,-,-,-,-,-,-,48.37,0.00%,"40,560"
SSRVR,-,-,-,-,-,-,-,-,-,-,-,-,-,32.31,-0.79%,"84,591"
SSRXH,36.88M,-,-,-,-,0.26,0.74,-,-,-,63.29%,-,-31.27%,1.89,-1.56%,"1,202,184"
SSRZN,279.50M,-,-,-,24.28,-,2.74,-,78.96%,46.40%,4.68%,51.71%,-,23.78,-0.75%,"163,506"
SSSAC,239.35M,193.65,-,-,-,1.49,1040.64,-,-,-,-,-,-,10.07,0.10%,718
SSSB,10.75B,11.64,10.76,0.78,2.83,1.18,-,81.89,20.42%,8.73%,29.14%,13.72%,26.55%,110.82,-0.69%,"683,050"
SSSBI,87.49M,38.59,-,-,1.51,0.86,-,4.93,-,-,-8.50%,-,7.49%,12.92,0.00%,"3,525"
SSSCP,-,-,-,-,-,-,-,-,-,-,-,-,-,26.93,0.45%,626
SSSD,8.03B,21.39,20.12,2.30,3.31,3.78,17.82,17.21,11.29%,6.17%,14.09%,8.74%,12.97%,195.89,1.09%,"263,218"
SSSEA,78.88M,90.39,-,-,-,1.33,7888.14,-,-,-,-,-,-,10.31,0.24%,7
SSSFI,-,-,-,-,-,-,-,-,-,-,-,-,-,21.03,-0.19%,"7,874"
SSSG,-,-,-,-,-,-,-,-,-,-,-,-,-,11.23,-1.23%,"418,577"
SSSII,753.45M,-,-,-,14.40,14.09,33.79,-,0.00%,0.00%,33.24%,44.97%,-,3.76,-3.34%,"24,249"
SSSK,-,-,-,-,-,-,-,-,-,-,-,-,-,10.22,1.08%,"33,787"
SSSL,7.47B,57.74,4.24,-,0.54,0.83,3.09,9.27,-34.86%,10.21%,-,-10.37%,2.45%,11.71,1.56%,"1,485,806"
SSSM,6.36M,-,-,-,57.78,-,37.39,-,-,-,-,-,-,2.62,-0.38%,"16,524"
SSSMG,-,-,-,-,-,-,-,-,-,-,-,-,-,28.12,1.02%,16
SSSMR,2.30B,-,-,-,-,7.13,7.97,-,-,-,-,-,-,16.00,-0.37%,"309,947"
SSSNC,18.73B,22.91,10.25,0.94,2.85,2.82,5.49,10.61,15.73%,9.55%,6.07%,10.85%,6.09%,79.80,-2.09%,"1,164,000"
SSSO,-,-,-,-,-,-,-,-,-,-,-,-,-,71.50,-0.97%,"2,167,011"
SSSP,302.10M,-,-,-,0.14,-,12.41,8.62,-100.36%,82.65%,-,-,2.97%,3.26,-5.51%,"796,286"
SSSPC,-,-,-,-,-,-,-,-,-,-,-,-,-,10.01,-9.00%,"24,236,871"
SSSPY,-,-,-,-,-,-,-,-,-,-,-,-,-,100.59,-0.89%,284
SSSRM,6.68B,30.24,7.12,0.27,3.46,1.99,3.64,19.41,103.01%,12.91%,12.99%,26.71%,13.82%,32.78,1.83%,"1,847,135"
SSSS,-,-,-,-,-,-,-,-,-,-,-,-,-,20.79,-0.01%,318
SSST,23.18M,-,-,-,0.13,-,0.57,-,-,-,-12.46%,49.92%,-,2.21,-5.96%,"350,580"
SSSTI,72.28M,-,-,-,0.74,1.12,11.28,-,-50.68%,58.92%,-,-,17.89%,5.58,-10.00%,"551,846"
SSSTK,199.88M,-,-,-,0.22,0.55,1.50,2.22,-,-,-8.66%,-,8.23%,5.41,-4.92%,"1,011,222"
SSSUS,-,-,-,-,-,-,-,-,-,-,-,-,-,56.74,-0.50%,"16,497"
SSSXU,-,-,-,-,-,-,-,-,-,-,-,-,-,36.67,0.28%,"3,912"
SSSYS,767.44M,-,47.15,-,1.40,0.95,3.61,-,-26.67%,70.45%,30.84%,-,1.14%,8.84,-1.78%,"868,060"
SST,6.68B,75.84,11.22,1.23,1.78,2.26,16.57,11.41,9.93%,8.90%,-27.19%,9.11%,4.05%,45.92,-0.67%,"1,723,760"
SSTAA,1.21B,362.26,44.58,-,3.56,3.30,6.66,-,128.43%,90.07%,-,-,7.93%,24.09,-7.98%,"1,539,615"
SSTAG,7.10B,28.22,33.36,-,8.06,1.95,106.60,73.64,-24.84%,0.51%,2.07%,-9.16%,11.82%,36.80,0.14%,"1,283,859"
SSTAK,-,-,-,-,-,-,-,-,-,-,-,-,-,1.56,-11.36%,"1,075,774"
SSTAX,-,-,-,-,-,-,-,-,-,-,-,-,-,25.28,-0.14%,174
SSTBA,1.80B,13.57,12.77,-,3.14,1.28,-,12.47,12.98%,1.27%,45.61%,-,8.41%,51.00,-0.27%,"223,518"
SSTBF,-,-,-,-,-,-,-,-,-,-,-,-,-,25.20,0.02%,"22,722"
SSTBQ,-,-,-,-,-,-,-,-,-,-,-,-,-,21.00,0.20%,"1,004"
SSTC,2.08B,14.93,9.69,0.84,0.64,1.25,-,13.85,11.62%,28.65%,-8.24%,11.55%,5.01%,68.07,-0.19%,"165,679"
SSTCE,-,-,-,-,-,-,-,-,-,-,-,-,-,62.62,1.66%,"42,572"
SSTDN,2.14B,-,-,-,-,-,17.12,-,-,-,-,-,-,13.31,0.00%,"546,836"
SSTE,22.40B,28.08,18.79,1.94,3.71,3.11,46.45,24.20,10.16%,9.14%,11.37%,9.68%,13.82%,229.75,-1.51%,"668,476"
SSTEM,58.72M,-,-,-,0.40,-,1.53,5.03,27.80%,13.62%,34.80%,29.17%,33.90%,6.10,-3.79%,"95,912"
SSTEN,-,-,-,-,-,-,-,-,-,-,-,-,-,28.39,-0.15%,35
SSTEP,5.83B,-,14.18,0.71,2.84,-,8.29,12.64,14.76%,37.32%,-,20.07%,20.01%,48.28,-4.21%,"1,118,815"
SSTEW,1.78B,12.03,-,-,53.72,0.80,-,-,-,-,-,-,-,18.41,-0.70%,"44,348"
SSTEX,93.50M,-,2.72,-,623.31,0.69,4.61,-,96.99%,213.79%,12.41%,-,-,0.90,-13.79%,"1,241,475"
SSTFS,5.03M,-,-,-,0.25,0.26,45.73,-,-,-,-,-,-,4.21,7.95%,"5,919,167"
SSTG,16.15M,0.83,-,-,0.06,0.29,0.14,-,-,-,-,-,-2.52%,3.18,0.32%,"5,876"
SSTGW,2.13B,147.46,7.07,0.28,0.70,3.18,19.43,8.65,33.91%,10.67%,-35.60%,24.85%,26.71%,8.70,-4.61%,"995,218"
SSTHH,-,-,-,-,-,-,-,-,-,-,-,-,-,11.26,2.55%,"5,001"
SSTHO,113.20M,7.67,-,-,1.05,0.40,3.25,-,-,-,-,-,-20.86%,9.37,-4.39%,"11,882"
SSTI,66.31M,-,-,-,301.43,2.69,2.40,-,-,-,-575.18%,-,-,7.79,-1.14%,"75,115"
SSTIM,249.16M,-,-,-,1.61,13.96,9.90,-,39.92%,18.63%,16.51%,24.39%,24.81%,3.27,-0.91%,"1,873,503"
SSTIP,-,-,-,-,-,-,-,-,-,-,-,-,-,100.74,0.00%,"914,241"
SSTK,940.50M,6.00,-,-,-,-,-,-,-,-,-,-,-,53.24,0.24%,"46,007"
SSTKE,38.80M,-,-,-,-,1.67,29.40,-,-95.08%,99.71%,-160.48%,-,135.00%,1.01,-1.94%,"124,468"
SSTKH,4.00M,-,-,-,-,0.41,1.21,-,-,-,52.35%,-,-,3.96,10.00%,"645,289"
SSTKS,56.09M,-,2.48,-,0.07,-,8.18,16.07,108.11%,375.56%,-55.59%,-,41.52%,1.77,-3.28%,"41,694"
SSTLA,14.82B,-,4.57,-,0.09,0.23,0.38,-,236.14%,65.99%,-,-,26.10%,5.12,-4.48%,"24,879,248"
SSTLD,37.00B,23.42,13.26,0.41,1.80,3.94,65.18,38.72,109.96%,16.04%,25.23%,32.42%,13.61%,258.16,0.93%,"762,499"
SSTLL,-,-,-,-,-,-,-,-,-,-,-,-,-,19.35,8.89%,"28,078"
SSTLN,630.89M,-,-,-,1.07,-,15.35,-,69.91%,100.00%,-17.58%,-,21.80%,6.31,-2.17%,"1,234,644"
SSTLR,-,-,-,-,-,-,-,-,-,-,-,-,-,18.53,-0.95%,392
SSTLU,-,-,-,-,-,-,-,-,-,-,-,-,-,13.30,-2.08%,"2,663"
SSTM,49.79B,111.02,20.83,0.22,3.81,2.81,8.23,118.42,154.73%,98.40%,-31.59%,94.15%,2.85%,55.79,2.76%,"9,510,038"
SSTN,8.47B,23.14,14.92,1.15,1.37,3.49,31.86,17.75,14.91%,11.83%,21.34%,12.98%,10.57%,74.27,0.77%,"547,831"
SSTNC,-,-,-,-,-,-,-,-,-,-,-,-,-,37.78,-0.01%,952
SSTNE,2.25B,3.75,4.15,0.53,3.94,1.23,1.42,2.77,8.70%,10.27%,22.14%,7.79%,15.31%,9.27,-2.93%,"7,882,479"
SSTNG,4.02B,5.06,13.68,-,3.31,1.14,2.19,6.12,108.82%,-48.96%,34.68%,-0.37%,0.48%,80.33,1.16%,"1,174,688"
SSTOK,2.07B,-,-,-,75.14,5.80,7.08,-,-2916.03%,2.64%,40.50%,-,-,32.13,2.75%,"444,657"
SSTOT,-,-,-,-,-,-,-,-,-,-,-,-,-,46.83,0.01%,"17,769"
SSTOX,-,-,-,-,-,-,-,-,-,-,-,-,-,32.21,-0.41%,"58,893"
SSTPZ,-,-,-,-,-,-,-,-,-,-,-,-,-,52.61,-0.02%,"42,367"
SSTRA,1.79B,13.45,9.55,0.56,1.39,1.10,13.11,10.63,16.61%,17.21%,7.47%,17.17%,4.30%,80.69,-1.99%,"315,785"
SSTRC,35.59B,-,-,-,-,-,-,-,-,-,-,-,-,94.36,-0.44%,"1,124,819"
SSTRL,18.47B,43.52,23.91,0.62,5.37,13.66,39.77,38.32,81.76%,27.69%,44.26%,38.51%,11.77%,603.89,4.75%,"673,632"
SSTRN,-,-,-,-,-,-,-,-,-,-,-,-,-,27.43,0.30%,"1,645"
SSTRO,369.43M,-,-,-,8.08,-,2.25,-,64.30%,20.41%,-17.92%,34.95%,19.12%,22.28,8.79%,"372,912"
SSTRR,36.29M,-,9.75,-,0.17,0.61,2.87,-,-130.00%,318.84%,-37.28%,-,11.16%,9.82,0.20%,"5,477"
SSTRT,341.57M,13.49,14.51,3.74,0.59,1.39,3.19,5.91,15.06%,-8.97%,-,3.88%,7.96%,81.74,-1.92%,"48,104"
SSTRW,192.54M,21.29,16.09,-,1.20,23.18,2.48,2.32,20.00%,17.36%,-,-,-,13.60,-1.02%,"33,854"
SSTRZ,435.47M,-,-,-,-,1.44,7.31,-,-44.35%,79.19%,-140.77%,30.60%,-17.05%,25.43,-2.19%,"195,027"
SSTSM,-,-,-,-,-,-,-,-,-,-,-,-,-,16.99,-2.52%,"6,565"
SSTT,53.03B,17.02,12.66,0.70,2.43,2.15,-,-,32.19%,11.74%,8.26%,18.12%,14.10%,193.04,0.68%,"1,569,636"
SSTTK,741.69M,-,-,-,741.69,3.53,3.56,-,31.82%,-8.08%,4.36%,6.16%,-36.82%,7.39,-0.40%,"569,442"
SSTUB,2.67B,-,12.31,-,1.38,1.67,1.58,4.22,105.75%,60.48%,-17.13%,-,117.76%,7.12,-11.88%,"11,648,678"
SSTVN,5.80B,36.96,25.38,1.50,4.06,3.28,64.55,-,11.87%,19.72%,11.33%,16.90%,12.15%,21.26,0.95%,"560,176"
SSTWD,6.01B,27.28,8.54,1.85,2.97,0.93,9.39,8.25,-5.30%,18.89%,-0.11%,4.62%,10.58%,16.24,-0.37%,"3,809,684"
SSTX,225.46B,71.70,17.60,0.24,18.49,104.11,132.24,72.61,131.10%,56.99%,20.99%,72.56%,2.69%,994.79,2.19%,"4,330,516"
SSTXD,-,-,-,-,-,-,-,-,-,-,-,-,-,40.89,-0.32%,"6,548"
SSTXE,-,-,-,-,-,-,-,-,-,-,-,-,-,50.18,1.33%,"15,166"
SSTXF,-,-,-,-,-,-,-,-,-,-,-,-,-,49.95,-0.42%,"55,461"
SSTXG,-,-,-,-,-,-,-,-,-,-,-,-,-,56.78,-0.46%,"11,809"
SSTXK,-,-,-,-,-,-,-,-,-,-,-,-,-,39.40,-0.41%,"3,360"
SSTXL,-,-,-,-,-,-,-,-,-,-,-,-,-,45.48,4.26%,"137,098"
SSTXS,139.28M,-,-,-,4.63,11.12,13.28,-,17.33%,27.42%,-17.98%,-,3.99%,1.39,0.72%,"706,581"
SSTXT,-,-,-,-,-,-,-,-,-,-,-,-,-,19.51,-0.26%,"13,360"
SSTXU,-,-,-,-,-,-,-,-,-,-,-,-,-,17.20,4.18%,"96,809"
SSTXV,-,-,-,-,-,-,-,-,-,-,-,-,-,39.67,-0.36%,"18,210"
SSTXX,-,-,-,-,-,-,-,-,-,-,-,-,-,56.80,4.37%,"97,409"
SSTYL,-,-,-,-,-,-,-,-,-,-,-,-,-,25.71,-2.15%,45
SSTZ,16.91B,12.46,-,-,1.87,2.72,175.08,9.22,-0.15%,-,0.84%,3.81%,1.19%,130.56,-6.19%,"2,680,366"
SSU,78.71B,12.29,12.46,0.66,1.92,2.30,20.79,10.60,105.39%,-22.73%,-,18.81%,13.74%,66.66,1.28%,"2,621,945"
SSUB,-,-,-,-,-,-,-,-,-,-,-,-,-,106.22,-0.06%,"348,255"
SSUGP,3.23M,-,-,-,0.13,0.05,0.99,-,-,-,-,-,16.60%,2.00,1.01%,"188,594"
SSUI,14.78B,-,38.25,-,6.68,2.69,89.48,30.42,-130.49%,196.00%,51.87%,-,10.68%,121.36,-1.57%,"2,361,814"
SSUIG,61.32M,-,-,-,-,0.75,19.53,-,81.94%,89.08%,-,-,-,0.82,1.38%,"191,150"
SSUIL,-,-,-,-,-,-,-,-,-,-,-,-,-,5.45,-0.96%,801
SSUIS,-,-,-,-,-,-,-,-,-,-,-,-,-,17.53,-0.43%,761
SSUJA,256.86M,-,14.21,-,-,2.18,11.90,-,125.00%,212.00%,-,-,-,6.65,2.62%,"929,342"
SSUMA,232.59M,-,-,-,-,1.96,337.09,-,-,-,-,-,-,9.92,0.00%,408
SSUN,15.35B,16.45,8.30,0.14,0.39,1.50,19.86,8.92,242.67%,6.70%,7.19%,58.79%,18.67%,74.96,-0.82%,"253,665"
SSUNB,34.08B,-,17.97,1.50,-,4.60,1175.28,-,7.63%,15.57%,-,11.97%,-,83.14,-1.96%,"2,385,713"
SSUNC,3.89B,-,7.61,1.73,-,1.53,5.03,-,74.20%,15.76%,-,4.39%,-,75.46,-1.00%,"478,378"
SSUNE,15.95M,-,-,-,0.26,0.78,5.21,-,-,-,79.13%,-,54.84%,2.45,-4.30%,"108,504"
SSUNS,104.89M,8.00,6.03,-,3.13,0.58,18.76,-,34.95%,2.59%,-,-,-,7.76,0.13%,"84,234"
SSUPL,-,-,-,-,-,-,-,-,-,-,-,-,-,47.87,0.25%,500
SSUPN,2.81B,-,10.82,0.58,3.38,2.72,7.54,149.32,-20.71%,73.88%,-,18.63%,6.68%,48.27,0.00%,"536,730"
SSUPP,-,-,-,-,-,-,-,-,-,-,-,-,-,84.20,0.28%,535
SSUPV,608.00M,-,6.12,-,0.39,0.88,-,-,288.07%,103.81%,-,-,-1.35%,7.98,-0.87%,"418,086"
SSUPX,179.74M,-,-,-,31.59,1.41,0.96,-,-,-,-147.69%,-,-11.19%,6.74,-3.58%,"109,962"
SSURE,-,-,-,-,-,-,-,-,-,-,-,-,-,151.81,-0.74%,247
SSURG,6.97M,-,5.55,-,0.10,-,2.93,-,61.11%,107.14%,18.59%,-,0.92%,0.28,-1.56%,"21,093,231"
SSURI,-,-,-,-,-,-,-,-,-,-,-,-,-,19.25,0.53%,"2,900"
SSUSA,-,-,-,-,-,-,-,-,-,-,-,-,-,159.08,-0.42%,"49,013"
SSUSB,-,-,-,-,-,-,-,-,-,-,-,-,-,24.84,-0.10%,"126,567"
SSUSC,-,-,-,-,-,-,-,-,-,-,-,-,-,22.59,-0.35%,"175,061"
SSUSL,-,-,-,-,-,-,-,-,-,-,-,-,-,138.05,-0.63%,"51,014"
SSUZ,9.69B,6.26,7.25,-,1.07,1.01,1.91,10.26,-27.35%,-28.44%,-,-19.24%,8.72%,7.86,-3.08%,"3,776,931"
SSVAL,-,-,-,-,-,-,-,-,-,-,-,-,-,43.99,-0.61%,"15,090"
SSVAQ,294.68M,119.64,-,-,-,1.40,249.73,-,-,-,-,-,-,10.05,0.20%,"100,023"
SSVC,1.05B,-,-,-,0.63,0.26,36.53,-,35.85%,73.42%,8.43%,42.66%,7.46%,8.09,-0.49%,"1,150,002"
SSVCC,169.10M,46.77,-,-,-,1.49,2818.29,-,-,-,-,-,-,10.63,0.28%,128
SSVCO,249.06M,-,36.75,-,3.44,2.96,19.16,-,116.16%,275.00%,-,-,-,7.35,1.24%,"222,520"
SSVIV,315.26M,-,-,-,-,1.40,366.58,-,-,-,-,-,-,10.24,0.39%,13
SSVIX,-,-,-,-,-,-,-,-,-,-,-,-,-,26.29,-0.79%,"1,430,644"
SSVM,2.64B,115.06,8.59,0.24,5.32,2.67,6.81,21.69,13.62%,77.04%,-,36.45%,17.93%,11.92,-0.83%,"2,077,452"
SSVOL,-,-,-,-,-,-,-,-,-,-,-,-,-,16.41,0.37%,"296,867"
SSVRA,1.10B,-,-,-,-,7.68,6.38,-,-15.09%,41.19%,8.57%,-,-,5.37,-0.19%,"1,206,907"
SSVRE,6.70M,-,-,-,23.10,0.18,1.51,-,-,-,68.50%,-,26.24%,2.90,-3.65%,"18,528"
SSVRN,13.34M,-,-,-,-,-,-,-,-,-,66.49%,-,8.42%,7.11,1.72%,"15,265"
SSVV,1.63B,69.89,17.30,0.82,0.93,3.65,17.73,19.91,10.18%,23.15%,-,21.01%,15.02%,10.56,-0.94%,"3,378,395"
SSVXY,-,-,-,-,-,-,-,-,-,-,-,-,-,60.55,-0.39%,"1,039,832"
SSW,25.00B,50.84,13.96,0.57,0.80,1.39,36.93,23.80,11.29%,50.14%,-12.44%,24.42%,26.24%,47.81,-2.92%,"3,986,350"
SSWAG,35.42M,950.00,-,-,0.30,1.13,2.81,-,-,-,-,-,25.21%,1.90,0.00%,"122,944"
SSWAN,-,-,-,-,-,-,-,-,-,-,-,-,-,33.61,-0.44%,"5,481"
SSWBI,634.48M,34.72,-,-,1.21,1.68,19.02,7.01,23.17%,-,-38.18%,-,-13.13%,14.15,-1.26%,"326,857"
SSWIM,838.82M,172.64,25.53,1.03,1.45,2.04,19.29,22.66,7.24%,56.25%,-6.90%,24.72%,6.24%,7.13,-2.60%,"571,110"
SSWK,15.04B,24.28,15.60,1.01,0.99,1.68,24.90,11.67,19.83%,14.09%,-18.72%,15.46%,2.99%,99.59,-2.43%,"1,249,510"
SSWKS,10.19B,35.08,13.65,-,2.54,1.78,12.75,23.53,-14.97%,-1.62%,-8.50%,-0.69%,4.02%,67.73,-2.71%,"3,690,021"
SSWMR,511.17M,-,174.37,-,-,17.02,20.21,-,91.52%,129.03%,-,-,-,47.08,13.17%,"894,976"
SSWP,-,-,-,-,-,-,-,-,-,-,-,-,-,29.11,-0.53%,"7,406"
SSWVL,14.00M,11.54,-,-,0.58,2.37,3.17,-,-,-,-,-,-,1.40,-1.06%,"7,324"
SSWX,6.61B,12.74,18.56,1.08,3.80,1.60,24.44,-,16.51%,15.61%,7.97%,17.16%,-10.07%,91.26,-1.45%,"408,328"
SSWZ,76.93M,-,-,-,-,-,-,-,-,-,-,-,-,5.93,-0.34%,"52,357"
SSXC,807.16M,-,26.05,-,0.43,1.38,18.90,27.74,166.35%,5.80%,-,-,6.63%,9.51,1.60%,"971,368"
SSXI,3.96B,37.72,27.56,-,4.44,5.22,22.16,61.55,13.96%,19.10%,23.85%,-,6.32%,326.97,-1.27%,"96,735"
SSXQG,-,-,-,-,-,-,-,-,-,-,-,-,-,33.19,-0.95%,"4,759"
SSXT,5.68B,36.07,26.91,1.23,3.33,4.51,183.11,1267.86,20.17%,18.58%,4.08%,21.86%,3.89%,133.45,-0.01%,"427,384"
SSXTC,4.95M,-,-,-,4.35,0.00,0.18,-,-,-,84.85%,-,-24.94%,3.75,-13.39%,"490,860"
SSXTP,2.87M,-,-,-,2.38,-,2.82,-,71.82%,35.25%,37.74%,62.88%,-11.18%,1.08,-9.62%,"94,935"
SSY,187.36M,-,-,-,0.80,1.03,1.47,-,46.55%,77.93%,-,-,2.47%,2.21,-1.34%,"129,046"
SSYBT,2.62B,16.79,14.84,-,4.45,2.10,-,17.77,9.47%,9.23%,12.93%,-,23.10%,84.28,-0.92%,"146,524"
SSYF,26.27B,8.28,7.73,0.83,1.39,1.73,1.62,2.71,0.78%,11.65%,32.48%,9.35%,8.31%,80.75,-0.31%,"3,789,770"
SSYFI,-,-,-,-,-,-,-,-,-,-,-,-,-,35.67,0.01%,"221,269"
SSYK,127.22B,34.37,19.78,1.79,4.92,5.30,36.60,27.06,10.19%,11.65%,14.84%,11.05%,11.84%,331.68,-2.22%,"2,286,632"
SSYLD,-,-,-,-,-,-,-,-,-,-,-,-,-,85.82,-0.55%,"36,419"
SSYM,25.61B,469.51,56.31,1.01,9.68,7.70,14.67,34.74,145.73%,35.77%,-278.76%,55.89%,-,42.35,-0.82%,"1,789,724"
SSYNA,4.32B,-,16.81,1.24,3.61,4.65,9.77,42.65,14.41%,25.53%,-,13.53%,-2.22%,110.58,1.80%,"615,682"
SSYNX,7.10M,-,-,-,1.22,1.30,2.33,-,-,-,-77.96%,-,-11.77%,1.07,0.00%,"18,104"
SSYPR,46.94M,-,-,-,0.40,3.39,9.68,-,-,-,-,-,7.80%,2.04,-0.97%,"25,879"
SSYRE,9.22B,-,-,-,-,9.65,8.05,-,-36.11%,-30.91%,44.61%,-27.62%,-,104.60,0.94%,"891,634"
SSYSB,-,-,-,-,-,-,-,-,-,-,-,-,-,87.09,-0.19%,"57,751"
SSYY,39.14B,22.38,15.25,1.97,0.46,14.69,21.91,18.18,9.75%,6.09%,29.09%,7.75%,10.51%,81.85,-1.37%,"2,175,756"
SSYZ,-,-,-,-,-,-,-,-,-,-,-,-,-,31.10,-0.40%,"6,022"
SSZK,-,-,-,-,-,-,-,-,-,-,-,-,-,21.22,3.13%,"1,194"
SSZZL,220.83M,41.41,-,-,-,1.41,649.49,-,-,-,-,-,-,10.41,-0.10%,"28,031"
TT,169.12B,8.16,9.65,0.87,1.33,1.54,9.16,9.58,10.32%,9.39%,-,11.13%,-6.06%,24.68,-0.84%,"36,794,850"
TTABD,-,-,-,-,-,-,-,-,-,-,-,-,-,24.60,-0.16%,16
TTAC,4.02B,-,31.94,0.57,2.45,6.79,15.74,12.41,60.30%,78.21%,12.86%,56.05%,3.29%,12.71,-0.63%,"1,277,597"
TTACH,361.91M,39.53,-,-,-,1.32,723.81,-,-,-,-,-,-,10.49,0.10%,955
TTACK,-,-,-,-,-,-,-,-,-,-,-,-,-,32.67,-0.23%,"18,925"
TTACN,-,-,-,-,-,-,-,-,-,-,-,-,-,29.53,-0.15%,465
TTACO,392.07M,41.88,-,-,-,1.31,2613.80,-,-,-,-,-,-,10.45,0.00%,"73,718"
TTACT,51.38M,-,-,-,0.97,1.58,2.65,9.82,66.67%,-250.00%,29.77%,-,10.97%,5.00,-3.47%,"35,940"
TTACU,-,-,-,-,-,-,-,-,-,-,-,-,-,28.31,-0.45%,"1,804"
TTAFI,-,-,-,-,-,-,-,-,-,-,-,-,-,25.08,-0.08%,"635,732"
TTAFL,-,-,-,-,-,-,-,-,-,-,-,-,-,24.83,-0.20%,"64,907"
TTAFM,-,-,-,-,-,-,-,-,-,-,-,-,-,25.19,-0.24%,"204,127"
TTAGG,-,-,-,-,-,-,-,-,-,-,-,-,-,41.87,-0.21%,"181,621"
TTAGS,-,-,-,-,-,-,-,-,-,-,-,-,-,26.37,0.96%,"66,251"
TTAIL,-,-,-,-,-,-,-,-,-,-,-,-,-,10.33,-0.10%,"256,639"
TTAJX,-,-,-,-,-,-,-,-,-,-,-,-,-,25.93,-0.82%,8
TTAK,55.31B,-,28.83,1.18,1.85,1.18,19.50,12.68,-1.74%,59.39%,-,24.35%,-0.17%,17.38,-1.42%,"2,465,441"
TTAL,3.90B,7.21,-,-,1.22,1.38,1.24,-,41.61%,-,-,13.36%,-7.71%,11.68,0.26%,"2,689,314"
TTALK,870.57M,-,-,-,3.54,7.76,9.57,188.84,-,-,-,-,24.61%,5.25,0.00%,0
TTALO,2.74B,-,24.06,-,1.38,1.35,4.74,8.47,221.07%,-32.93%,16.33%,-,25.32%,16.41,4.06%,"1,414,886"
TTALV,-,-,-,-,-,-,-,-,-,-,-,-,-,29.29,-0.46%,"1,180"
TTAN,-,-,-,-,-,-,-,-,-,-,-,-,-,50.92,-2.02%,"1,337,665"
TTANH,5.30M,0.73,-,-,0.14,0.02,0.16,-,-,-,63.54%,-,-1.93%,0.37,-6.52%,"5,607,843"
TTAOP,8.13M,-,-,-,0.26,0.41,3.82,-,-,-,59.47%,-,22.74%,0.85,0.11%,"66,596"
TTAOX,25.29M,-,-,-,32.85,1.98,1.32,-,-,-,50.64%,-,-,3.38,-1.74%,"32,569"
TTAOZ,-,-,-,-,-,-,-,-,-,-,-,-,-,91.97,-0.79%,82
TTAP,7.61B,-,8.37,-,0.69,0.71,3.57,5.74,-12.92%,3.19%,-19.68%,-1.59%,2.91%,40.74,-4.75%,"2,739,803"
TTAPR,-,-,-,-,-,-,-,-,-,-,-,-,-,26.68,-0.04%,109
TTARA,235.20M,-,-,-,-,1.46,1.65,-,-3.52%,-17.82%,22.18%,23.07%,-,3.98,0.25%,"268,083"
TTARK,-,-,-,-,-,-,-,-,-,-,-,-,-,47.60,0.88%,"7,058"
TTARS,3.10B,-,48.20,-,5.11,8.81,6.89,55.34,-47.80%,162.34%,-3.80%,-,-,70.61,2.04%,"541,181"
TTASK,659.23M,6.22,4.80,7.39,0.54,2.20,3.66,5.47,-18.17%,12.28%,25.37%,0.65%,19.88%,7.19,-4.13%,"541,183"
TTATT,528.11M,25.34,22.22,1.21,2.83,2.80,9.67,72.05,20.32%,10.92%,-,18.33%,18.76%,40.63,-2.54%,"110,743"
TTAVI,93.79M,72.60,-,-,-,2.14,446.62,-,-,-,-,-,-,10.68,0.00%,62
TTAX,-,-,-,-,-,-,-,-,-,-,-,-,-,32.05,-0.45%,36
TTAXE,-,-,-,-,-,-,-,-,-,-,-,-,-,50.63,-0.23%,"49,935"
TTAXF,-,-,-,-,-,-,-,-,-,-,-,-,-,50.01,-0.14%,"29,844"
TTAXI,-,-,-,-,-,-,-,-,-,-,-,-,-,50.71,-0.16%,"18,293"
TTAXM,-,-,-,-,-,-,-,-,-,-,-,-,-,49.55,-0.27%,589
TTAXS,-,-,-,-,-,-,-,-,-,-,-,-,-,50.17,-0.08%,13
TTAXT,-,-,-,-,-,-,-,-,-,-,-,-,-,50.88,-0.32%,26
TTAXX,-,-,-,-,-,-,-,-,-,-,-,-,-,50.51,-0.08%,"17,566"
TTAYD,178.16M,17.49,14.38,1.18,3.69,2.54,4.27,31.76,3.99%,23.00%,27.02%,12.19%,10.28%,55.35,-0.03%,"23,389"
TTBBB,5.26B,-,-,-,1.03,17.09,15.05,27.99,37.15%,88.49%,0.15%,-,37.13%,48.45,1.38%,"738,736"
TTBBK,2.78B,12.83,8.43,-,3.33,3.97,-,17.41,21.68%,35.30%,29.10%,-,23.92%,68.27,-2.02%,"356,587"
TTBCH,219.22M,-,11.36,0.68,0.74,2.72,11.20,6.80,-24.36%,85.06%,-20.14%,16.69%,-2.34%,12.24,-4.00%,"250,121"
TTBCVU,265.79M,-,-,-,-,-,-,-,-,-,-,-,-,9.90,0.10%,"807,758"
TTBF,-,-,-,-,-,-,-,-,-,-,-,-,-,25.67,0.67%,"63,899"
TTBFC,-,-,-,-,-,-,-,-,-,-,-,-,-,29.63,-0.08%,182
TTBFG,-,-,-,-,-,-,-,-,-,-,-,-,-,33.35,-0.06%,15
TTBG,-,-,-,-,-,-,-,-,-,-,-,-,-,38.74,-0.92%,"51,664"
TTBI,302.62M,-,12.17,-,0.18,1.19,13.02,-,97.55%,4999.90%,16.72%,-,-2.63%,9.94,-2.83%,"240,960"
TTBIL,-,-,-,-,-,-,-,-,-,-,-,-,-,49.95,0.00%,"1,810,841"
TTBJL,-,-,-,-,-,-,-,-,-,-,-,-,-,18.83,-0.42%,719
TTBLA,1.05B,9.61,11.55,0.16,0.54,1.12,7.90,4.93,211.54%,-16.87%,-,73.25%,753.13%,3.89,-3.95%,"2,630,480"
TTBLD,716.53M,5.02,-,-,-,-,-,-,-,-,-,-,-,22.30,-0.69%,"20,235"
TTBLL,-,-,-,-,-,-,-,-,-,-,-,-,-,105.81,0.04%,"217,299"
TTBLU,-,-,-,-,-,-,-,-,-,-,-,-,-,51.59,-0.73%,"1,195"
TTBN,1.30B,-,-,-,-,2.14,12.77,-,51.62%,80.52%,2.95%,45.23%,-,37.35,1.47%,"136,379"
TTBPH,878.46M,16.76,9.07,-,8.42,3.03,2.27,16.35,26.87%,-28.66%,-,-11.77%,8.38%,16.92,-0.29%,"297,170"
TTBT,-,-,-,-,-,-,-,-,-,-,-,-,-,39.09,1.59%,"191,907"
TTBUX,-,-,-,-,-,-,-,-,-,-,-,-,-,49.90,0.07%,"226,291"
TTBX,-,-,-,-,-,-,-,-,-,-,-,-,-,28.84,0.24%,"3,561"
TTBXU,-,-,-,-,-,-,-,-,-,-,-,-,-,40.32,7.03%,"27,756"
TTC,3.92M,-,-,-,0.77,0.08,5.52,-,-,-,-,-,-55.62%,2.28,5.07%,"170,594"
TTCAF,-,-,-,-,-,-,-,-,-,-,-,-,-,42.64,-0.70%,"514,994"
TTCAI,-,-,-,-,-,-,-,-,-,-,-,-,-,51.60,2.14%,"122,504"
TTCAL,-,-,-,-,-,-,-,-,-,-,-,-,-,23.07,-0.82%,"166,370"
TTCAN,-,-,-,-,-,-,-,-,-,-,-,-,-,15.34,-6.03%,"10,260"
TTCBI,4.39B,13.15,12.21,1.10,2.16,1.31,-,9.34,8.32%,12.55%,43.43%,11.08%,10.06%,101.09,0.07%,"462,713"
TTCBK,1.84B,13.76,13.11,-,3.34,1.37,-,13.80,15.73%,2.34%,11.38%,-,10.80%,57.46,-0.19%,"366,752"
TTCBS,50.02M,14.66,-,-,1.91,0.91,-,21.56,-,-,44.92%,-,15.65%,17.41,0.06%,564
TTCBX,760.46M,12.16,10.55,-,1.87,1.13,-,48.19,4.64%,9.18%,31.13%,-,34.06%,45.66,-1.02%,"74,894"
TTCGX,158.48M,-,-,-,-,-,-,-,-,-,-,-,-,14.02,-5.72%,"1,815"
TTCHI,-,-,-,-,-,-,-,-,-,-,-,-,-,24.52,1.68%,"7,343"
TTCHP,-,-,-,-,-,-,-,-,-,-,-,-,-,51.17,-0.79%,"547,887"
TTCI,310.42M,37.94,-,-,6.20,0.36,3.25,-,-,-,15.66%,-,-2.96%,35.38,-1.48%,"11,936"
TTCMD,557.02M,22.65,16.67,0.44,1.59,2.49,7.97,20.77,33.54%,34.70%,-,37.89%,11.98%,24.59,1.61%,"306,325"
TTCOM,29.13B,7.06,10.98,-,3.19,1.29,2.48,-,-48.59%,17.42%,-,-12.54%,26.75%,44.85,-0.29%,"2,101,006"
TTCPB,-,-,-,-,-,-,-,-,-,-,-,-,-,49.97,-0.24%,"17,633"
TTCPC,342.32M,-,10.01,-,-,0.62,2.17,5.68,-49.61%,-36.82%,-,-,-,4.08,0.00%,"501,801"
TTCRT,4.66M,-,-,-,-,7.28,38.84,-,-,-,47.89%,-,-,1.91,-1.04%,"17,666"
TTCRX,53.11M,-,-,-,7.47,0.77,0.53,-,-7.80%,6.68%,2.08%,4.54%,56.92%,0.78,0.60%,"352,780"
TTCV,-,-,-,-,-,-,-,-,-,-,-,-,-,33.97,-0.59%,"5,897"
TTCX,120.55M,-,-,-,0.31,-,2.45,-,-,-,-,-,4.63%,10.78,-4.01%,"67,906"
TTD,210.07B,20.24,16.12,1.24,2.56,2.48,-,6.43,15.75%,10.95%,11.56%,12.99%,16.41%,124.34,-0.02%,"1,005,096"
TTDAC,236.79M,42.80,-,-,-,1.40,2630.99,-,-,-,-,-,-,10.85,0.00%,"15,736"
TTDAQ,-,-,-,-,-,-,-,-,-,-,-,-,-,27.77,0.18%,"453,571"
TTDAX,-,-,-,-,-,-,-,-,-,-,-,-,-,24.53,-0.69%,"111,809"
TTDAY,1.05B,-,26.29,0.45,0.47,6.85,12.14,16.83,363.79%,-1.31%,-,58.84%,-7.53%,7.17,1.85%,"4,279,446"
TTDC,2.56B,5.80,9.45,1.20,1.51,4.34,6.18,3.48,4.99%,7.50%,3.09%,7.87%,-1.96%,27.53,-0.54%,"2,884,297"
TTDCL,-,-,-,-,-,-,-,-,-,-,-,-,-,14.11,-0.83%,187
TTDEC,-,-,-,-,-,-,-,-,-,-,-,-,-,26.90,0.34%,399
TTDF,274.23M,3.58,-,-,42.82,0.84,-,-,-,-,-,-,-,10.89,0.65%,"53,171"
TTDG,68.42B,37.54,25.61,1.79,6.84,-,24.67,35.51,9.83%,17.87%,31.12%,14.27%,11.58%,1237.82,-1.52%,"243,343"
TTDI,-,-,-,-,-,-,-,-,-,-,-,-,-,47.56,0.57%,"52,877"
TTDIC,9.72M,-,-,-,1.38,0.21,2.75,-,-,-,-,-,-,2.79,0.00%,"68,130"
TTDIV,-,-,-,-,-,-,-,-,-,-,-,-,-,116.10,-0.80%,"64,104"
TTDOC,1.19B,-,-,-,0.48,0.91,1.53,4.76,25.12%,28.16%,26.67%,22.22%,18.26%,6.54,-3.96%,"4,103,006"
TTDOG,-,-,-,-,-,-,-,-,-,-,-,-,-,14.12,0.75%,"24,937"
TTDOT,-,-,-,-,-,-,-,-,-,-,-,-,-,9.13,0.20%,"1,652"
TTDS,3.71B,12.68,176.96,-,2.95,0.97,1.69,-,553.70%,-93.39%,-,-,-25.14%,34.52,-1.96%,"990,308"
TTDSB,-,-,-,-,-,-,-,-,-,-,-,-,-,24.93,0.06%,"1,658"
TTDSC,-,-,-,-,-,-,-,-,-,-,-,-,-,28.72,0.09%,"2,099"
TTDTF,-,-,-,-,-,-,-,-,-,-,-,-,-,23.32,-0.09%,"132,939"
TTDTH,2.19B,-,-,-,18214.86,-,18214.86,-,-,-,-,-,-29.16%,1.93,2.12%,"46,252"
TTDTT,-,-,-,-,-,-,-,-,-,-,-,-,-,23.55,-0.04%,"170,450"
TTDUP,375.62M,-,-,-,1.12,6.18,7.12,233.30,1.28%,35.66%,20.31%,28.82%,10.81%,2.86,-6.84%,"3,769,685"
TTDV,-,-,-,-,-,-,-,-,-,-,-,-,-,103.02,-0.54%,"3,716"
TTDVG,-,-,-,-,-,-,-,-,-,-,-,-,-,50.25,-0.61%,"192,512"
TTDVI,-,-,-,-,-,-,-,-,-,-,-,-,-,31.77,-1.06%,"103,877"
TTDW,4.68B,19.00,15.60,3.96,3.47,3.36,7.62,18.43,-56.96%,110.77%,-,3.94%,27.78%,93.97,-0.33%,"504,497"
TTDWD,237.57M,72.33,-,-,-,1.39,325.43,-,-,-,-,-,-,10.09,0.10%,8
TTDY,31.40B,32.72,25.34,2.74,4.93,2.88,92.31,27.49,12.41%,8.12%,12.23%,9.26%,14.84%,677.27,-0.35%,"167,589"
TTE,1.44B,-,195.20,-,1.44,6.79,9.63,-,82.64%,107.46%,-45.25%,-,-,4.88,-4.50%,"21,301,816"
TTEAD,61.34M,-,-,-,0.05,8.34,0.67,-,-195.71%,14.49%,-,-,11.13%,0.63,-8.11%,"108,520"
TTEAM,40.18B,-,23.68,1.79,6.11,37.91,32.42,30.46,-6.02%,21.63%,40.56%,13.21%,25.76%,158.34,-2.39%,"3,048,946"
TTEC,-,-,-,-,-,-,-,-,-,-,-,-,-,34.11,-0.11%,459
TTECB,-,-,-,-,-,-,-,-,-,-,-,-,-,74.88,-0.80%,"10,380"
TTECH,11.33B,62.50,30.94,2.68,9.33,5.43,42.82,42.09,6.95%,13.36%,6.01%,11.56%,5.47%,72.39,-0.01%,"2,933,343"
TTECK,31.81B,17.60,18.10,2.73,3.14,1.66,7.46,27.24,85.76%,-14.58%,-,6.64%,2.90%,64.84,2.06%,"2,389,515"
TTECL,-,-,-,-,-,-,-,-,-,-,-,-,-,218.90,0.57%,"420,962"
TTECS,-,-,-,-,-,-,-,-,-,-,-,-,-,58.02,-0.38%,"234,400"
TTECX,661.75M,-,-,-,-,2.91,2.91,-,-25.73%,-6.28%,36.65%,-13.26%,-,33.85,-3.04%,"143,885"
TTECY,-,-,-,-,-,-,-,-,-,-,-,-,-,22.28,0.13%,359
TTEI,318.32M,3.37,-,-,8.05,1.00,-,-,-,-,-,-,-,6.74,-0.59%,"230,143"
TTEK,-,-,-,-,-,-,-,-,-,-,-,-,-,40.12,1.35%,"8,474"
TTEKX,-,-,-,-,-,-,-,-,-,-,-,-,-,65.86,1.95%,"6,791"
TTEKY,-,-,-,-,-,-,-,-,-,-,-,-,-,45.93,-0.03%,53
TTEL,62.93B,21.31,16.74,0.93,3.26,4.76,50.79,18.98,30.66%,13.46%,-,17.95%,7.24%,217.38,0.53%,"1,384,247"
TTELA,29.19M,-,-,-,0.37,-,0.96,-,16.97%,25.80%,17.97%,25.04%,34.54%,0.65,0.88%,"241,518"
TTELG,-,-,-,-,-,-,-,-,-,-,-,-,-,14.61,1.27%,52
TTELO,72.90M,-,-,-,-,14.48,14.10,-,-,-,-189.25%,-,-,1.06,-2.75%,"48,455"
TTEM,9.32B,-,1826.67,-,6.51,20.90,11.42,-,65.57%,113.46%,1.21%,-,46.57%,51.64,-0.88%,"2,869,524"
TTEMC,-,-,-,-,-,-,-,-,-,-,-,-,-,16.44,-1.44%,12
TTEMD,-,-,-,-,-,-,-,-,-,-,-,-,-,24.77,-0.14%,102
TTEMT,-,-,-,-,-,-,-,-,-,-,-,-,-,17.98,-0.96%,"217,498"
TTEMX,-,-,-,-,-,-,-,-,-,-,-,-,-,37.49,0.41%,10
TTEN,1.24B,6.86,11.56,-,1.45,0.67,3.86,-,83.32%,-50.65%,-,-0.20%,4.40%,42.16,1.71%,"257,653"
TTENB,3.89B,610.55,16.21,1.05,3.72,19.64,13.03,15.20,24.55%,9.93%,6.60%,15.40%,17.82%,35.29,-7.93%,"2,958,461"
TTEND,-,-,-,-,-,-,-,-,-,-,-,-,-,27.92,-0.13%,"11,756"
TTENJ,-,-,-,-,-,-,-,-,-,-,-,-,-,28.35,-0.21%,"27,833"
TTENM,-,-,-,-,-,-,-,-,-,-,-,-,-,27.60,-0.05%,"1,322"
TTENX,63.99M,-,-,-,-,0.48,0.54,-,-8.54%,0.53%,77.09%,-8.68%,-,1.71,-5.00%,"9,893,997"
TTEO,1.67B,11.37,14.68,-,0.24,0.96,2.59,2.36,696.93%,-45.90%,-11.04%,-,8.40%,13.32,-0.15%,"202,687"
TTEQI,-,-,-,-,-,-,-,-,-,-,-,-,-,52.47,-0.93%,"15,288"
TTER,69.28B,60.80,37.72,0.66,15.52,20.16,195.25,86.61,132.49%,27.62%,-4.13%,57.45%,0.43%,443.14,5.81%,"3,107,360"
TTERC,-,-,-,-,-,-,-,-,-,-,-,-,-,30.95,12.38%,21
TTERG,-,-,-,-,-,-,-,-,-,-,-,-,-,57.62,12.11%,"46,925"
TTESC,-,-,-,-,-,-,-,-,-,-,-,-,-,18.92,-1.97%,122
TTESL,-,-,-,-,-,-,-,-,-,-,-,-,-,13.19,-0.91%,"4,271"
TTEST,-,-,-,-,-,-,-,-,-,-,-,-,-,36.74,-0.38%,386
TTETH,-,-,-,-,-,-,-,-,-,-,-,-,-,9.51,1.49%,"464,580"
TTEUP,-,-,-,-,-,-,-,-,-,-,-,-,-,3.21,-9.07%,"344,626"
TTEVA,42.49B,61.31,11.88,2.16,2.43,5.48,11.62,28.93,-31.71%,53.35%,-,5.50%,0.80%,36.46,-0.84%,"3,584,897"
TTEX,7.70B,34.93,11.26,0.98,1.15,1.55,18.91,22.70,2.27%,18.57%,93.56%,11.52%,12.00%,67.34,-0.85%,"947,342"
TTEXN,-,-,-,-,-,-,-,-,-,-,-,-,-,33.78,0.47%,"2,989"
TTEXU,-,-,-,-,-,-,-,-,-,-,-,-,-,42.06,1.13%,538
TTEXX,-,-,-,-,-,-,-,-,-,-,-,-,-,30.40,0.74%,"1,585"
TTFC,64.17B,12.06,10.47,0.77,2.10,1.09,-,12.53,21.22%,8.34%,4.39%,13.53%,4.64%,52.53,-1.07%,"6,457,027"
TTFFI,-,-,-,-,-,-,-,-,-,-,-,-,-,20.28,0.42%,"1,877"
TTFGZ,-,-,-,-,-,-,-,-,-,-,-,-,-,37.87,-0.15%,281
TTFI,-,-,-,-,-,-,-,-,-,-,-,-,-,44.92,-0.38%,"741,398"
TTFII,11.97B,35.77,18.36,0.59,1.47,4.38,58.25,18.31,37.12%,32.34%,3.86%,31.15%,15.83%,145.61,-0.70%,"220,471"
TTFIN,1.86B,52.73,24.60,-,3.44,2.02,-,19.12,111.61%,60.67%,-18.17%,-,6.22%,77.78,-0.56%,"169,162"
TTFJL,-,-,-,-,-,-,-,-,-,-,-,-,-,18.71,-0.29%,405
TTFLO,-,-,-,-,-,-,-,-,-,-,-,-,-,50.59,0.02%,"1,618,742"
TTFLR,-,-,-,-,-,-,-,-,-,-,-,-,-,50.76,0.05%,"48,439"
TTFNS,-,-,-,-,-,-,-,-,-,-,-,-,-,29.66,-1.04%,"1,803"
TTFPM,6.52B,15.90,20.47,1.19,13.34,2.86,71.61,-,38.70%,10.32%,26.90%,17.26%,28.12%,31.64,0.54%,"536,076"
TTFPN,-,-,-,-,-,-,-,-,-,-,-,-,-,30.10,0.31%,"1,037"
TTFSL,4.91B,48.56,44.88,5.21,5.94,2.97,-,52.62,12.50%,8.33%,1.69%,8.61%,9.53%,17.50,-0.77%,"540,124"
TTFX,5.64B,-,12.15,0.60,2.17,1.94,17.91,16.60,3.22%,52.02%,-,20.16%,-4.72%,133.07,-2.99%,"687,627"
TTG,278.86M,8.47,-,-,0.36,1.22,16.23,12.32,-,-,-,-,-0.87%,7.98,0.63%,"170,547"
TTGB,3.21B,409.81,12.21,0.09,4.54,5.32,24.29,-,663.76%,83.86%,1.02%,140.49%,14.27%,8.77,5.03%,"5,646,885"
TTGE,43.66M,-,-,-,0.80,0.06,2.47,-,-,-,-,-,-,0.90,-0.47%,"4,721"
TTGEN,107.77M,-,28.18,-,4.38,6.08,15.90,-,13.33%,148.72%,-4.12%,-,-0.85%,3.57,-2.19%,"207,429"
TTGHL,23.34M,-,-,-,-,-,-,-,-,-,-,-,-,0.92,-11.28%,"279,245"
TTGL,5.57M,-,-,-,1.42,0.31,1.91,-,-,-,11.61%,-,54.10%,2.85,-5.00%,"4,694"
TTGLB,-,-,-,-,-,-,-,-,-,-,-,-,-,30.73,-0.33%,"6,624"
TTGLR,-,-,-,-,-,-,-,-,-,-,-,-,-,41.32,-0.26%,"13,785"
TTGLS,1.81B,14.32,11.35,-,1.72,2.29,21.43,-,-25.33%,34.16%,46.04%,-,21.13%,40.72,-2.68%,"190,886"
TTGRT,-,-,-,-,-,-,-,-,-,-,-,-,-,47.22,-0.26%,"75,056"
TTGRW,-,-,-,-,-,-,-,-,-,-,-,-,-,48.16,-0.16%,"15,667"
TTGS,1.97B,10.84,10.49,0.71,1.38,1.59,1.32,7.03,32.84%,1.00%,49.07%,14.79%,11.76%,28.30,0.71%,"140,875"
TTGT,68.59B,19.93,16.54,2.00,0.64,4.18,19.41,22.63,12.78%,6.94%,-1.21%,8.25%,2.29%,151.01,-2.25%,"6,122,403"
TTGTX,7.54B,17.95,17.22,1.75,9.43,12.49,13.66,433.77,-63.78%,185.24%,-,9.85%,426.73%,49.28,1.11%,"1,062,887"
TTH,1.80B,-,28.61,-,5.18,4.90,296.57,165.61,50.90%,447.71%,-7.34%,-,7.33%,18.07,3.61%,"1,166,434"
TTHC,21.30B,10.20,12.70,1.18,0.98,4.57,9.82,7.05,25.19%,-0.85%,32.77%,10.74%,3.85%,264.56,-1.25%,"645,660"
TTHCH,54.46M,-,-,-,0.30,-,3.38,-,39.16%,23.28%,-399.13%,-,-,1.70,6.92%,"25,303"
TTHD,-,-,-,-,-,-,-,-,-,-,-,-,-,73.88,1.46%,"18,028"
TTHEO,230.61M,-,-,-,-,-,-,-,-,-,-,-,-,9.84,0.00%,"253,529"
TTHEQ,-,-,-,-,-,-,-,-,-,-,-,-,-,30.46,-0.42%,926
TTHFF,970.50M,11.43,10.44,-,2.67,1.44,-,10.56,16.37%,0.60%,11.23%,-,11.36%,81.61,-0.55%,"98,900"
TTHG,7.73B,10.59,11.43,18.15,1.14,2.11,-,6.17,6.19%,-4.17%,14.03%,0.63%,6.44%,222.10,-1.42%,"268,096"
TTHH,13.21M,-,-,-,-,-,-,-,-,-,-,-,-,2.64,2.33%,"76,125"
TTHIR,-,-,-,-,-,-,-,-,-,-,-,-,-,34.43,-0.49%,"28,904"
TTHLV,-,-,-,-,-,-,-,-,-,-,-,-,-,32.91,-0.45%,380
TTHM,716.89M,-,-,-,-,4.33,6.49,-,-,-,1.29%,-,-,2.74,0.74%,"974,503"
TTHMR,-,-,-,-,-,-,-,-,-,-,-,-,-,25.66,0.52%,"13,080"
TTHMZ,-,-,-,-,-,-,-,-,-,-,-,-,-,34.88,-0.08%,"2,122"
TTHNQ,-,-,-,-,-,-,-,-,-,-,-,-,-,93.55,-0.25%,"20,889"
TTHNR,-,-,-,-,-,-,-,-,-,-,-,-,-,26.22,0.21%,"3,613"
TTHO,4.04B,15.65,17.31,10.55,0.41,0.94,10.87,20.24,-27.31%,27.49%,3.76%,1.64%,3.24%,77.64,-1.72%,"648,283"
TTHOR,-,-,-,-,-,-,-,-,-,-,-,-,-,26.29,-0.52%,"8,175"
TTHQ,809.27M,-,-,-,-,-,-,-,-,-,-,-,-,19.53,0.31%,"91,135"
TTHRM,1.33B,50.27,12.98,0.50,0.84,1.84,6.24,32.29,28.62%,14.40%,-20.03%,26.14%,10.42%,43.34,-1.50%,"448,877"
TTHRO,-,-,-,-,-,-,-,-,-,-,-,-,-,44.31,-0.18%,"434,914"
TTHRV,-,-,-,-,-,-,-,-,-,-,-,-,-,24.15,-0.17%,"1,647"
TTHRY,88.21M,-,-,-,0.12,0.42,9.61,2.31,-5800.00%,47.81%,-72.54%,-,-6.68%,1.99,-8.10%,"1,534,441"
TTHTA,-,-,-,-,-,-,-,-,-,-,-,-,-,15.58,-0.70%,"45,189"
TTHW,566.04M,6.59,-,-,-,-,-,-,-,-,-,-,-,14.03,0.29%,"133,553"
TTHY,-,-,-,-,-,-,-,-,-,-,-,-,-,21.64,-0.19%,"5,225"
TTHYF,-,-,-,-,-,-,-,-,-,-,-,-,-,51.46,-0.18%,"15,579"
TTHYM,-,-,-,-,-,-,-,-,-,-,-,-,-,50.14,-0.22%,"1,827"
TTHYP,-,-,-,-,-,-,-,-,-,-,-,-,-,34.14,6.00%,"35,791"
TTIC,2.10B,-,-,-,1.02,1.01,5.79,88.75,53.29%,86.81%,-,53.92%,-,9.61,-2.44%,"2,070,476"
TTIER,-,-,-,-,-,-,-,-,-,-,-,-,-,33.22,0.36%,"6,208"
TTIGO,15.79B,23.76,16.57,-,2.18,6.44,17.72,9.92,-52.68%,53.55%,-,-4.15%,6.89%,94.26,0.39%,"1,521,885"
TTIGR,877.88M,8.05,6.18,-,1.36,1.08,0.19,-,-52.46%,63.06%,51.69%,-6.55%,34.19%,4.84,5.22%,"2,506,657"
TTIH,-,-,-,-,-,-,-,-,-,-,-,-,-,25.00,-1.13%,454
TTII,258.50M,-,-,-,3.06,10.08,15.38,-,-,26.32%,65.39%,-,18.77%,2.63,-3.66%,"292,105"
TTIIV,-,-,-,-,-,-,-,-,-,-,-,-,-,30.84,-0.60%,87
TTIL,49.91M,-,-,-,-,0.46,0.71,-,89.07%,-,-12.70%,-,-,7.36,-0.27%,"5,543"
TTILC,-,-,-,-,-,-,-,-,-,-,-,-,-,26.12,-0.06%,172
TTILE,2.20B,15.38,15.65,1.27,1.53,3.24,26.97,17.73,22.55%,2.21%,-,12.33%,4.68%,38.04,0.21%,"440,299"
TTILL,-,-,-,-,-,-,-,-,-,-,-,-,-,19.28,1.47%,"21,993"
TTILT,-,-,-,-,-,-,-,-,-,-,-,-,-,286.03,-0.50%,"3,570"
TTIMB,8.40B,10.35,8.38,0.78,1.62,1.74,9.60,4.95,2.97%,18.13%,16.72%,10.74%,7.32%,17.59,1.38%,"376,976"
TTIME,-,-,-,-,-,-,-,-,-,-,-,-,-,27.13,0.12%,"3,577"
TTINS,-,-,-,-,-,-,-,-,-,-,-,-,-,29.61,-0.15%,11
TTINT,-,-,-,-,-,-,-,-,-,-,-,-,-,41.46,-0.42%,"3,783"
TTINY,-,-,-,-,-,-,-,-,-,-,-,-,-,83.34,1.48%,827
TTIP,-,-,-,-,-,-,-,-,-,-,-,-,-,106.77,-0.21%,"1,466,889"
TTIPA,-,-,-,-,-,-,-,-,-,-,-,-,-,98.73,-0.03%,110
TTIPB,-,-,-,-,-,-,-,-,-,-,-,-,-,97.56,-0.07%,25
TTIPC,-,-,-,-,-,-,-,-,-,-,-,-,-,95.69,-0.34%,113
TTIPD,-,-,-,-,-,-,-,-,-,-,-,-,-,93.70,-0.57%,96
TTIPT,662.50M,-,-,-,1.22,0.73,-,3.05,-,-,-,-,-68.12%,17.79,-1.44%,"209,286"
TTIPX,-,-,-,-,-,-,-,-,-,-,-,-,-,18.60,-0.08%,"237,793"
TTIPZ,-,-,-,-,-,-,-,-,-,-,-,-,-,50.95,-0.20%,"2,340"
TTISC,-,-,-,-,-,-,-,-,-,-,-,-,-,24.08,-0.23%,"414,540"
TTISI,102.48M,-,-,-,0.11,-,3.94,119.16,-,-,31.47%,-,1.01%,22.36,1.08%,"34,267"
TTITN,422.01M,-,-,-,0.18,0.75,14.27,2.05,34.91%,68.69%,-,38.36%,11.45%,18.11,-1.68%,"87,682"
TTJAN,-,-,-,-,-,-,-,-,-,-,-,-,-,28.47,0.00%,10
TTJGC,40.50M,-,-,-,11.01,25.91,122.73,-,-,-,-,-,-13.58%,4.01,0.00%,"4,390,459"
TTJUL,-,-,-,-,-,-,-,-,-,-,-,-,-,30.55,0.00%,148
TTJUN,-,-,-,-,-,-,-,-,-,-,-,-,-,23.07,0.77%,"2,228"
TTJX,166.64B,29.30,26.20,2.54,2.71,16.02,29.86,30.43,10.61%,10.06%,130.72%,10.30%,13.44%,150.85,-0.83%,"6,908,461"
TTK,1.12B,12.40,-,-,0.97,1.48,0.88,-,-,-,-,-,-3.70%,12.85,3.05%,"644,400"
TTKC,4.72B,10.44,5.83,0.16,0.75,0.71,1.90,3.30,28.04%,56.60%,-5.86%,36.09%,8.06%,5.42,-0.73%,"2,070,746"
TTKLF,7.95M,11.20,-,-,0.02,0.19,3.75,-,-,-,-35.33%,-,11.00%,1.88,-3.09%,"6,146"
TTKNO,387.63M,-,-,-,8.87,6.19,22.23,-,4.84%,12.96%,-,15.57%,5.30%,7.22,-0.96%,"460,030"
TTKNQ,-,-,-,-,-,-,-,-,-,-,-,-,-,23.28,0.18%,448
TTKNS,-,-,-,-,-,-,-,-,-,-,-,-,-,21.76,1.93%,25
TTKNZ,-,-,-,-,-,-,-,-,-,-,-,-,-,24.33,1.70%,"1,750"
TTKO,36.93B,67.50,35.67,0.75,6.97,4.27,23.80,22.08,105.27%,17.91%,7.62%,47.27%,37.19%,195.14,-3.05%,"1,024,788"
TTKR,9.28B,36.33,18.29,1.10,1.95,2.91,22.30,24.08,17.85%,16.59%,1.98%,16.70%,5.45%,133.93,0.32%,"629,011"
TTKVA,-,-,-,-,-,-,-,-,-,-,-,-,-,-,-,0
TTLA,-,-,-,-,-,-,-,-,-,-,-,-,-,23.69,-0.32%,"1,122"
TTLCI,-,-,-,-,-,-,-,-,-,-,-,-,-,27.74,-0.83%,"1,727"
TTLDR,-,-,-,-,-,-,-,-,-,-,-,-,-,25.02,0.00%,"8,672"
TTLF,21.30M,-,-,-,0.28,0.45,3.31,-,-,-,-,-,3.56%,2.60,1.56%,"70,822"
TTLG,-,-,-,-,-,-,-,-,-,-,-,-,-,28.52,-0.61%,"9,967"
TTLH,-,-,-,-,-,-,-,-,-,-,-,-,-,96.08,-0.54%,"981,537"
TTLIH,16.76M,3.80,-,-,0.29,1.29,2.02,2.39,-,-,34.81%,-,8.20%,5.70,-0.61%,"1,403"
TTLK,14.62B,14.26,11.98,1.36,1.65,2.21,4.63,5.70,12.77%,9.47%,-5.47%,8.78%,-1.07%,14.83,-0.07%,"449,308"
TTLN,17.10B,-,11.15,-,3.65,10.58,71.86,46.98,540.45%,51.75%,-,-,-,356.92,-1.60%,"517,954"
TTLNC,347.61M,58.36,-,-,-,1.40,144.84,-,-,-,-,-,-,10.23,0.10%,"5,179"
TTLPH,62.28M,-,-,-,-,4.32,3.65,-,41.18%,-5.00%,48.69%,26.96%,-65.11%,1.20,-2.44%,"346,976"
TTLRY,610.19M,-,-,-,0.67,0.36,2.60,-,54.36%,57.65%,39.71%,65.87%,12.28%,4.48,-4.07%,"3,132,672"
TTLS,328.10M,-,19.23,0.28,1.69,3.51,6.48,9.73,68.89%,50.22%,-,68.95%,-1.74%,4.39,-3.30%,"411,208"
TTLSA,147.56M,-,-,-,-,2674.42,36.80,-,1.31%,-,-0.19%,-,-,1.15,1.32%,"1,915,806"
TTLSI,324.50M,-,-,-,7.20,49.46,7.01,-,82.01%,21.45%,-140.62%,-,-,5.27,0.00%,"93,669"
TTLT,-,-,-,-,-,-,-,-,-,-,-,-,-,81.35,-0.84%,"31,557,703"
TTLTD,-,-,-,-,-,-,-,-,-,-,-,-,-,104.53,-0.22%,"7,419"
TTLTE,-,-,-,-,-,-,-,-,-,-,-,-,-,77.18,0.96%,"6,311"
TTLTI,-,-,-,-,-,-,-,-,-,-,-,-,-,43.06,-0.73%,"27,157"
TTLTP,-,-,-,-,-,-,-,-,-,-,-,-,-,19.80,-0.95%,"49,172"
TTLTW,-,-,-,-,-,-,-,-,-,-,-,-,-,21.02,-0.76%,"1,241,112"
TTLTX,-,-,-,-,-,-,-,-,-,-,-,-,-,21.33,-0.58%,"10,772"
TTLX,3.99B,-,125.64,-,4.95,9.57,28.09,-,274.06%,154.21%,29.38%,-,195.21%,11.73,-0.76%,"60,236"
TTLYS,112.20M,-,25.38,-,0.20,1.44,2.73,29.68,90.52%,363.64%,-71.93%,-,0.82%,3.68,-7.77%,"141,269"
TTM,224.02B,8.34,8.71,1.08,0.67,0.98,3.52,-,2.63%,12.25%,5.28%,8.04%,5.56%,189.18,-1.01%,"246,534"
TTMAR,-,-,-,-,-,-,-,-,-,-,-,-,-,26.54,0.50%,881
TTMAT,-,-,-,-,-,-,-,-,-,-,-,-,-,30.58,0.43%,"21,176"
TTMB,-,-,-,-,-,-,-,-,-,-,-,-,-,25.23,-0.11%,"42,508"
TTMC,1.66B,-,-,-,-,-,16.86,-,62.25%,36.97%,-21.27%,-,-,3.77,-5.99%,"10,095,664"
TTMCI,292.66M,-,-,-,1.43,4.33,6.42,-,8.60%,8.94%,-61.76%,9.18%,29.96%,4.50,-6.05%,"193,260"
TTMCR,407.63M,-,-,-,-,3.37,34.57,-,-137.50%,73.68%,-,-,-,6.57,-14.56%,"214,711"
TTMDE,18.68M,-,-,-,0.14,5.97,9.03,-,-,-,-,-,-,0.79,8.63%,"228,901"
TTMDV,-,-,-,-,-,-,-,-,-,-,-,-,-,53.54,-0.86%,30
TTMDX,3.06B,22.98,38.10,-,4.58,5.91,6.48,38.76,-69.18%,54.47%,-,-12.78%,88.21%,88.35,-0.26%,"514,254"
TTME,5.31B,10.63,9.50,-,1.09,1.10,1.17,-,-17.73%,7.66%,22.52%,-0.78%,1.62%,8.87,0.34%,"10,283,804"
TTMED,-,-,-,-,-,-,-,-,-,-,-,-,-,35.14,-0.05%,"1,495"
TTMF,-,-,-,-,-,-,-,-,-,-,-,-,-,29.83,-2.48%,"6,233,794"
TTMFC,-,-,-,-,-,-,-,-,-,-,-,-,-,79.57,-0.76%,"62,414"
TTMFE,-,-,-,-,-,-,-,-,-,-,-,-,-,30.80,-1.06%,"6,504"
TTMFG,-,-,-,-,-,-,-,-,-,-,-,-,-,31.72,-0.87%,"2,739"
TTMFM,-,-,-,-,-,-,-,-,-,-,-,-,-,23.00,-1.67%,"1,420"
TTMFS,-,-,-,-,-,-,-,-,-,-,-,-,-,37.01,-1.04%,"2,496"
TTMFX,-,-,-,-,-,-,-,-,-,-,-,-,-,24.27,-1.20%,"3,631"
TTMGN,-,-,-,-,-,-,-,-,-,-,-,-,-,24.75,-1.08%,"29,722"
TTMH,-,-,-,-,-,-,-,-,-,-,-,-,-,50.25,-0.77%,127
TTMLP,-,-,-,-,-,-,-,-,-,-,-,-,-,30.21,-0.09%,"7,920"
TTMNL,-,-,-,-,-,-,-,-,-,-,-,-,-,49.58,-0.31%,10
TTMNS,-,-,-,-,-,-,-,-,-,-,-,-,-,49.85,-0.17%,102
TTMO,216.49B,31.50,21.35,2.20,4.67,4.11,53.13,29.58,9.81%,9.19%,2.11%,9.71%,6.70%,585.51,-0.47%,"887,299"
TTMP,1.44B,8.21,12.05,-,3.66,1.50,-,30.83,-30.47%,6.46%,16.64%,-,3.65%,100.28,-0.92%,"70,730"
TTMQ,642.63M,-,-,-,-,5.54,16.55,-,58.97%,31.25%,-,35.43%,-,3.72,-0.53%,"990,744"
TTMS,658.52M,-,-,-,4.43,5.93,5.26,-,-,-,-,-,-,8.94,-2.08%,"83,092"
TTMSF,-,-,-,-,-,-,-,-,-,-,-,-,-,50.18,-0.12%,311
TTMSL,-,-,-,-,-,-,-,-,-,-,-,-,-,44.61,-0.36%,"553,420"
TTMTS,308.51M,-,-,-,-,-,275.46,-,-,-,-,-,-,10.06,-0.30%,13
TTMUS,193.21B,18.85,12.96,0.66,2.10,3.44,62.49,12.20,12.18%,27.43%,29.65%,19.70%,5.24%,180.12,-1.36%,"4,343,209"
TTMV,-,-,-,-,-,-,-,-,-,-,-,-,-,44.05,2.51%,"1,257,196"
TTMVE,-,-,-,-,-,-,-,-,-,-,-,-,-,18.19,-0.30%,"6,462"
TTMYY,-,-,-,-,-,-,-,-,-,-,-,-,-,23.16,0.26%,625
TTNA,-,-,-,-,-,-,-,-,-,-,-,-,-,76.40,-0.96%,"3,267,297"
TTNC,1.15B,66.77,12.02,-,0.95,2.16,14.98,-,-15.75%,45.97%,5.45%,-,3.73%,67.57,-1.49%,"351,391"
TTNDM,1.55B,-,153.62,-,1.49,11.87,3.40,-,54.07%,121.61%,-40.10%,-,15.27%,22.25,-2.05%,"1,384,284"
TTNET,3.08B,17.98,13.72,2.67,0.63,24.69,2.21,10.70,2.37%,1.08%,-4.59%,5.14%,4.43%,67.14,-2.34%,"391,315"
TTNGX,4.26B,-,-,-,79.24,4.16,4.21,-,-59.99%,-19.95%,11.68%,-28.43%,52.13%,25.29,-1.21%,"2,228,762"
TTNGY,-,-,-,-,-,-,-,-,-,-,-,-,-,11.06,1.12%,"129,320"
TTNK,3.09B,5.25,8.94,4.18,2.68,1.30,2.54,8.42,154.47%,-43.69%,31.28%,2.14%,1.43%,89.11,4.68%,"459,200"
TTNL,4.51B,20.06,8.32,0.48,1.10,-,9.58,10.20,19.84%,16.57%,-,17.18%,11.20%,73.69,-2.38%,"515,673"
TTNMG,1.15M,-,-,-,0.03,1.08,0.39,-,-,-,-,-,-,0.39,-0.26%,"164,996"
TTNON,3.28M,-,-,-,0.62,-,1.95,-,60.08%,49.39%,16.41%,43.91%,145.95%,4.92,-4.65%,"39,356"
TTNUK,-,-,-,-,-,-,-,-,-,-,-,-,-,24.64,-0.55%,288
TTNXP,217.13M,-,-,-,7.46,0.96,1.23,-,31.42%,35.03%,86.72%,41.02%,-,12.66,-0.39%,"388,990"
TTNXT,-,-,-,-,-,-,-,-,-,-,-,-,-,28.59,-0.21%,107
TTNYA,156.98M,-,-,-,118.03,2.26,2.01,-,18.36%,18.62%,8.63%,-,-,0.70,-3.85%,"4,305,614"
TTOAK,-,-,-,-,-,-,-,-,-,-,-,-,-,28.99,0.09%,"14,685"
TTOAO,-,-,-,-,-,-,-,-,-,-,-,-,-,27.51,-0.54%,14
TTOCT,-,-,-,-,-,-,-,-,-,-,-,-,-,27.28,-0.18%,215
TTOGA,-,-,-,-,-,-,-,-,-,-,-,-,-,31.28,-2.41%,"2,300"
TTOK,-,-,-,-,-,-,-,-,-,-,-,-,-,155.77,-0.38%,53
TTOL,13.60B,11.01,10.27,1.85,1.23,1.61,12.30,11.19,-4.96%,10.45%,31.72%,5.55%,9.15%,145.45,-1.90%,"1,045,259"
TTOLL,-,-,-,-,-,-,-,-,-,-,-,-,-,40.26,-0.17%,"2,638"
TTOLZ,-,-,-,-,-,-,-,-,-,-,-,-,-,59.06,-0.86%,"24,446"
TTOMZ,14.49M,-,17.80,-,2.09,3.38,45.29,-,28.07%,124.39%,-,-,-25.78%,1.78,1.71%,"31,059"
TTONT,153.49M,60.73,-,-,-,1.96,7674.42,-,-,-,-,-,-,10.84,-0.09%,606
TTONX,155.30M,-,-,-,5.24,0.40,5.36,-,-,-,75.25%,-,5.10%,2.82,4.83%,"370,608"
TTOON,35.64M,13.04,-,-,25.10,0.72,0.88,1.36,-,-,55.57%,-,73.53%,0.60,-4.64%,"473,911"
TTOP,1.41B,-,-,-,297.99,2.49,44.36,104.96,-,-,-,-,-22.51%,11.37,2.16%,"78,950"
TTOPC,-,-,-,-,-,-,-,-,-,-,-,-,-,35.33,-0.48%,"4,729"
TTOPP,5.24M,-,-,-,0.30,0.44,1.12,-,-,-,-,-,-,0.21,-18.74%,"1,100,728"
TTOPS,6.57M,1.32,-,-,0.08,0.05,0.32,0.38,-,-,-,-,5.95%,0.88,0.00%,"35,611"
TTOPT,-,-,-,-,-,-,-,-,-,-,-,-,-,33.79,-0.38%,"161,302"
TTOPW,-,-,-,-,-,-,-,-,-,-,-,-,-,33.98,-1.28%,"183,715"
TTORO,194.22M,515.60,-,-,7.78,0.73,2.06,-,-,-,-,-,-8.93%,5.62,-0.53%,"17,541"
TTOS,-,-,-,-,-,-,-,-,-,-,-,-,-,30.65,1.06%,230
TTOST,19.94B,43.85,19.92,0.64,2.93,9.68,11.64,34.62,41.77%,24.44%,-,31.35%,49.53%,34.32,-1.24%,"8,741,229"
TTOT,-,-,-,-,-,-,-,-,-,-,-,-,-,24.41,-0.42%,163
TTOTL,-,-,-,-,-,-,-,-,-,-,-,-,-,38.81,-0.09%,"245,999"
TTOTR,-,-,-,-,-,-,-,-,-,-,-,-,-,39.51,-0.24%,"7,532"
TTOUR,47.58M,10.93,-,-,0.57,0.34,0.34,-,-,-,-,-,4.27%,4.88,-0.41%,"13,379"
TTOUS,-,-,-,-,-,-,-,-,-,-,-,-,-,40.16,0.07%,"101,166"
TTOV,-,-,-,-,-,-,-,-,-,-,-,-,-,32.61,-0.37%,"62,054"
TTOVX,10.90M,-,-,-,36.33,0.89,0.96,-,87.74%,15.69%,58.31%,46.42%,-,0.24,4.21%,"556,541"
TTOWN,3.47B,10.54,10.73,-,2.45,1.16,-,26.30,4.02%,11.48%,1.89%,-,9.06%,37.59,-0.61%,"453,430"
TTOXR,-,-,-,-,-,-,-,-,-,-,-,-,-,9.74,0.28%,"24,730"
TTOYO,253.75M,5.46,1.78,0.03,0.59,1.60,4.31,6.15,134.18%,45.10%,-,60.34%,-,5.94,-2.14%,"796,202"
TTP,86.61M,-,-,-,-,-,-,-,-,-,-,-,-,7.03,-5.53%,"20,276"
TTPAY,-,-,-,-,-,-,-,-,-,-,-,-,-,54.59,-0.43%,528
TTPB,1.71B,36.70,44.03,11.83,3.37,3.98,6.37,87.25,-58.84%,51.37%,10.94%,3.72%,2.71%,85.30,-2.34%,"166,157"
TTPC,5.11B,42.06,19.10,-,0.86,4.04,4.20,8.23,115.45%,56.45%,-6.63%,-,0.83%,97.22,0.41%,"437,616"
TTPCS,62.92M,-,-,-,1.89,8.27,224.73,-,-,-,-,-,15.20%,6.23,4.01%,"144,844"
TTPET,11.05M,-,-,-,15.78,0.30,0.50,-,-,-,-73.38%,-,-,0.25,1.46%,"1,338,885"
TTPFC,-,-,-,-,-,-,-,-,-,-,-,-,-,28.00,-0.21%,"1,226"
TTPFG,-,-,-,-,-,-,-,-,-,-,-,-,-,27.13,0.64%,613
TTPFI,-,-,-,-,-,-,-,-,-,-,-,-,-,24.59,-0.21%,"2,946"
TTPG,19.91B,78.12,14.33,0.68,3.94,6.97,20.78,-,18.17%,26.85%,-49.33%,21.14%,17.18%,51.77,-2.38%,"2,594,002"
TTPHD,-,-,-,-,-,-,-,-,-,-,-,-,-,43.73,-0.49%,"179,230"
TTPIF,-,-,-,-,-,-,-,-,-,-,-,-,-,38.86,-0.13%,"46,596"
TTPL,24.89B,46.00,37.66,-,27.73,14.88,100.10,47.71,24.54%,10.36%,22.56%,-,21.41%,360.79,0.63%,"256,501"
TTPLC,-,-,-,-,-,-,-,-,-,-,-,-,-,51.64,-0.50%,"16,014"
TTPLS,-,-,-,-,-,-,-,-,-,-,-,-,-,24.67,-0.10%,"2,735"
TTPLX,-,-,-,-,-,-,-,-,-,-,-,-,-,22.62,1.55%,246
TTPOR,-,-,-,-,-,-,-,-,-,-,-,-,-,42.18,-0.47%,"4,571"
TTPR,25.73B,17.72,14.51,1.07,3.21,37.36,22.33,14.19,12.79%,11.83%,19.78%,13.52%,6.85%,129.02,0.03%,"4,615,441"
TTPRY,-,-,-,-,-,-,-,-,-,-,-,-,-,19.63,0.63%,"8,481"
TTPSC,-,-,-,-,-,-,-,-,-,-,-,-,-,49.10,-0.45%,"13,924"
TTPST,18.06M,-,-,-,-,-,23.15,-,-,-,76.03%,-,-,1.13,11.33%,"818,478"
TTPUT,-,-,-,-,-,-,-,-,-,-,-,-,-,25.20,0.04%,"2,537"
TTPVG,223.50M,5.53,6.70,-,2.09,0.63,15.09,17.94,-14.76%,-8.38%,1.13%,-14.34%,-0.51%,5.49,0.73%,"284,512"
TTPYP,-,-,-,-,-,-,-,-,-,-,-,-,-,43.03,-0.68%,"29,625"
TTPZ,-,-,-,-,-,-,-,-,-,-,-,-,-,21.72,-0.52%,"6,375"
TTQQQ,-,-,-,-,-,-,-,-,-,-,-,-,-,76.40,-0.51%,"39,828,070"
TTQQY,-,-,-,-,-,-,-,-,-,-,-,-,-,12.34,-0.68%,"7,344"
TTR,2.96B,31.61,-,-,4.03,3.16,20.90,36.90,-,-,12.40%,-,9.23%,40.20,-1.76%,"146,889"
TTRAD,147.99M,-,-,-,-,1.27,-,-,-,-,-,-,-,10.04,1.01%,271
TTRAK,147.39M,21.57,18.86,1.59,6.28,2.92,5.58,19.65,5.71%,16.22%,46.80%,11.87%,2.44%,8.11,-4.81%,"77,381"
TTRAW,8.23M,-,-,-,3.01,-,2.63,-,-273.78%,10.53%,-,-,64.59%,0.54,-5.43%,"104,626"
TTRAX,-,-,-,-,-,-,-,-,-,-,-,-,-,43.60,-1.00%,"509,701"
TTRBF,-,-,-,-,-,-,-,-,-,-,-,-,-,48.70,-0.25%,"3,493"
TTRC,447.74M,74.14,-,-,7.88,0.94,28.78,-,1000.00%,-,-,-,5.56%,16.57,1.35%,"224,535"
TTRDA,285.02M,-,-,-,60.77,1.22,1.28,-,-13.42%,14.37%,-32.56%,4.81%,-,7.32,-1.88%,"193,113"
TTREE,440.14M,2.43,4.74,0.16,0.35,1.37,3.97,5.92,58.51%,23.38%,-,28.85%,4.19%,31.35,-3.80%,"328,178"
TTREX,4.97B,28.81,24.17,2.84,4.11,4.92,767.53,24.15,-5.94%,14.06%,3.31%,8.50%,5.92%,48.75,-1.77%,"1,283,029"
TTRFK,-,-,-,-,-,-,-,-,-,-,-,-,-,99.96,0.72%,"99,370"
TTRFM,-,-,-,-,-,-,-,-,-,-,-,-,-,62.67,0.01%,"52,705"
TTRGP,59.60B,26.53,22.36,1.10,3.48,16.30,286.81,80.44,30.38%,11.62%,-,20.26%,15.75%,277.94,0.78%,"1,128,125"
TTRGS,258.20M,-,-,-,-,1.31,226.49,-,-,-,-,-,-,9.92,-0.15%,29
TTRI,43.24B,26.56,19.54,1.53,5.52,3.89,74.95,19.52,11.36%,14.33%,8.16%,12.81%,4.55%,99.06,-4.39%,"1,148,120"
TTRIB,7.15M,-,-,-,0.15,-,1.39,-,-,-,-5.58%,-,-15.62%,11.17,-4.28%,"11,222"
TTRIN,1.70B,10.26,8.51,-,6.16,1.33,76.51,13.40,-0.01%,1.28%,-,-1.96%,38.51%,17.92,-1.21%,"1,043,791"
TTRIO,-,-,-,-,-,-,-,-,-,-,-,-,-,66.07,-0.27%,219
TTRIP,1.19B,1006.93,9.46,1.69,0.67,1.80,1.41,8.39,-33.04%,26.41%,-,5.59%,25.64%,10.17,-5.31%,"3,915,342"
TTRLV,1.82B,-,16.47,-,1.60,2.37,5.60,9.46,-198.69%,131.56%,-,-,17.76%,9.47,-1.87%,"755,335"
TTRMB,12.99B,-,13.53,0.90,3.43,2.54,60.57,16.80,17.09%,12.33%,2.58%,15.00%,2.65%,55.69,-3.32%,"2,605,452"
TTRMD,3.13B,8.99,8.32,-,2.22,1.37,15.95,35.00,146.27%,-48.63%,19.63%,-10.43%,12.44%,30.61,1.76%,"370,170"
TTRMK,2.79B,12.23,11.71,-,2.47,1.31,-,13.47,5.95%,4.85%,8.05%,-,11.03%,48.13,-0.33%,"248,655"
TTRN,2.38B,7.20,13.42,-,1.17,2.08,8.82,-,-29.14%,0.00%,-,-8.57%,4.27%,29.87,0.95%,"668,346"
TTRND,-,-,-,-,-,-,-,-,-,-,-,-,-,37.76,-0.12%,"7,394"
TTRNO,7.43B,18.37,36.52,-,14.77,1.66,142.44,32.56,-46.17%,-11.53%,27.38%,-20.23%,21.29%,68.18,-0.06%,"622,411"
TTRNR,4.86M,-,-,-,0.23,1.75,5.06,-,91.39%,31.22%,77.71%,-,-,3.52,-1.40%,"31,071"
TTRNS,878.32M,257.31,43.29,3.63,2.52,2.90,130.90,34.63,3.53%,13.78%,-11.10%,11.93%,13.87%,93.84,0.15%,"90,792"
TTRON,711.57M,-,-,-,140.63,2.81,74.90,-,-,-,-,-,-,1.50,-1.32%,"465,813"
TTROO,244.32M,-,-,-,14.29,4.98,60.78,-,-,-,19.69%,-,31.83%,2.00,0.50%,"229,944"
TTROW,23.56B,11.08,10.82,54.09,3.10,2.14,7.29,8.35,4.82%,0.22%,-1.52%,0.20%,3.34%,110.46,-0.09%,"1,693,340"
TTROX,923.06M,-,-,-,0.30,0.80,4.48,-,7.67%,74.61%,-,-,0.87%,5.78,-3.02%,"1,891,745"
TTRP,63.28B,26.22,22.55,4.49,5.45,3.67,43.29,21.58,3.72%,5.08%,-7.92%,5.02%,2.60%,63.28,-1.16%,"1,676,035"
TTRPA,-,-,-,-,-,-,-,-,-,-,-,-,-,38.98,0.00%,"8,027"
TTRS,1.40B,1.63,18.51,-,1.83,0.97,1.13,-,-20.96%,27.97%,-,-,-3.46%,39.14,0.51%,"419,805"
TTRSG,23.39M,-,-,-,1.96,1.64,4.52,-,-,-,-,-,11.65%,1.43,-1.78%,547
TTRST,967.17M,15.78,-,-,3.39,1.47,-,16.19,-,-,3.67%,-,7.23%,56.80,-0.96%,"135,875"
TTRSY,-,-,-,-,-,-,-,-,-,-,-,-,-,30.17,-0.02%,"1,289"
TTRT,117.31M,352.58,-,-,2.01,3.03,7.17,533.21,-,-,-,-,1.14%,11.60,1.22%,"272,145"
TTRTX,609.55M,14.48,7.11,1.22,1.79,0.59,9.21,7.35,3.95%,10.74%,-,5.84%,32.70%,7.94,0.13%,"605,643"
TTRTY,-,-,-,-,-,-,-,-,-,-,-,-,-,31.75,0.43%,"21,327"
TTRU,15.08B,20.76,14.02,0.95,3.08,3.11,17.96,19.16,12.56%,15.95%,5.34%,14.70%,12.58%,78.70,-2.21%,"1,324,992"
TTRUC,-,-,-,-,-,-,-,-,-,-,-,-,-,25.16,-1.66%,"11,657"
TTRUD,-,-,-,-,-,-,-,-,-,-,-,-,-,26.02,-1.11%,"95,151"
TTRUF,-,-,-,-,-,-,-,-,-,-,-,-,-,30.03,-0.92%,539
TTRUG,1.72M,-,-,-,0.09,1.19,0.20,-,89.63%,68.48%,-131.00%,-,-,1.54,58.84%,"64,187,546"
TTRUH,-,-,-,-,-,-,-,-,-,-,-,-,-,29.13,-0.15%,902
TTRUI,-,-,-,-,-,-,-,-,-,-,-,-,-,26.68,-0.04%,873
TTRUM,-,-,-,-,-,-,-,-,-,-,-,-,-,25.66,-0.26%,18
TTRUN,-,-,-,-,-,-,-,-,-,-,-,-,-,29.45,1.19%,"1,162"
TTRUO,-,-,-,-,-,-,-,-,-,-,-,-,-,25.57,-1.44%,466
TTRUP,1.32B,56.41,44.35,3.54,0.87,3.21,-,16.01,36.20%,10.34%,-,12.53%,23.45%,29.99,-1.99%,"610,819"
TTRUR,-,-,-,-,-,-,-,-,-,-,-,-,-,25.42,-0.64%,402
TTRUT,-,-,-,-,-,-,-,-,-,-,-,-,-,32.37,-0.09%,"111,294"
TTRUU,-,-,-,-,-,-,-,-,-,-,-,-,-,24.15,-0.25%,25
TTRV,76.03B,9.76,12.05,3.53,1.55,2.30,-,6.90,23.51%,-11.24%,21.13%,3.41%,8.83%,364.51,-1.58%,"1,134,250"
TTRVG,115.53M,23.70,67.37,1.23,0.17,10.68,0.65,2.65,-24.35%,182.92%,-,54.77%,16.90%,5.01,-1.76%,"136,248"
TTRVI,2.63B,-,-,-,-,8.19,8.26,-,-50.33%,-27.80%,29.44%,-,-,18.48,0.11%,"867,375"
TTRX,364.44M,-,6.53,-,3.15,4.12,13.58,130.16,-,-,-,-,-,1.11,-0.89%,"2,707,297"
TTS,28.64B,14.27,12.57,1.70,2.38,1.59,10.29,16.42,3.70%,12.01%,-,7.41%,18.33%,53.44,-0.26%,"1,380,414"
TTSAT,769.37M,-,-,-,2.94,2.90,2.85,-,-21.95%,24.57%,-,28.52%,-13.33%,50.55,-0.18%,"244,757"
TTSBK,356.67M,11.51,-,-,3.00,1.30,-,12.12,-,-,4.94%,-,9.63%,45.87,-0.39%,"27,842"
TTSCM,-,-,-,-,-,-,-,-,-,-,-,-,-,21.31,-0.12%,739
TTSCO,18.07B,18.11,16.92,5.90,1.15,6.88,78.02,58.86,-6.15%,6.03%,10.06%,2.87%,7.89%,34.68,-3.21%,"10,151,686"
TTSCV,-,-,-,-,-,-,-,-,-,-,-,-,-,32.81,-0.13%,"1,479"
TTSDD,-,-,-,-,-,-,-,-,-,-,-,-,-,9.50,1.82%,"3,384,392"
TTSEC,-,-,-,-,-,-,-,-,-,-,-,-,-,25.58,-0.04%,"16,856"
TTSEG,-,-,-,-,-,-,-,-,-,-,-,-,-,10.27,-1.01%,"82,171"
TTSEL,-,-,-,-,-,-,-,-,-,-,-,-,-,29.75,-0.22%,"2,410"
TTSEM,29.76B,104.02,39.74,0.60,17.41,9.60,20.09,97.08,68.37%,72.13%,20.39%,65.97%,4.35%,263.73,-0.66%,"1,220,713"
TTSEP,-,-,-,-,-,-,-,-,-,-,-,-,-,26.66,0.19%,265
TTSES,-,-,-,-,-,-,-,-,-,-,-,-,-,32.15,0.84%,452
TTSEU,-,-,-,-,-,-,-,-,-,-,-,-,-,21.95,-1.19%,"8,755"
TTSHA,2.02B,-,-,-,368.57,5.22,4.44,-,-46.08%,-4.13%,36.86%,8.28%,-,6.21,4.37%,"3,051,180"
TTSI,279.70M,10.71,-,-,16.88,0.86,-,-,-,-,-,-,-,4.39,-0.68%,"101,518"
TTSIB,-,-,-,-,-,-,-,-,-,-,-,-,-,27.69,-0.93%,164
TTSIC,-,-,-,-,-,-,-,-,-,-,-,-,-,25.28,-1.49%,753
TTSII,-,-,-,-,-,-,-,-,-,-,-,-,-,12.83,-0.62%,"65,806"
TTSL,-,-,-,-,-,-,-,-,-,-,-,-,-,12.62,-1.12%,"502,036"
TTSLA,1340.08B,315.25,151.41,6.40,12.93,15.43,30.44,232.57,1.47%,33.04%,38.32%,23.67%,24.63%,339.30,-0.87%,"26,037,093"
TTSLG,-,-,-,-,-,-,-,-,-,-,-,-,-,4.27,-1.84%,"26,139,330"
TTSLI,-,-,-,-,-,-,-,-,-,-,-,-,-,16.05,-1.92%,"13,512"
TTSLL,-,-,-,-,-,-,-,-,-,-,-,-,-,8.61,-1.71%,"119,441,895"
TTSLP,-,-,-,-,-,-,-,-,-,-,-,-,-,14.10,-1.02%,"17,879"
TTSLQ,-,-,-,-,-,-,-,-,-,-,-,-,-,22.56,1.81%,"2,883,976"
TTSLR,-,-,-,-,-,-,-,-,-,-,-,-,-,14.85,-1.59%,"1,160,403"
TTSLS,-,-,-,-,-,-,-,-,-,-,-,-,-,61.16,0.87%,"218,781"
TTSLT,-,-,-,-,-,-,-,-,-,-,-,-,-,12.01,-1.80%,"1,601,042"
TTSLW,-,-,-,-,-,-,-,-,-,-,-,-,-,17.20,-1.71%,"36,331"
TTSLX,1.76B,19.59,10.11,-,5.07,1.14,9.08,10.46,-20.52%,5.24%,-7.32%,-6.01%,7.62%,18.44,-1.76%,"705,563"
TTSLY,-,-,-,-,-,-,-,-,-,-,-,-,-,21.87,-0.73%,"279,054"
TTSLZ,-,-,-,-,-,-,-,-,-,-,-,-,-,14.33,1.78%,"1,354,684"
TTSM,2235.22B,31.11,19.81,0.52,15.65,11.07,20.24,56.02,58.77%,30.59%,25.67%,37.80%,21.86%,430.97,1.08%,"9,479,436"
TTSME,-,-,-,-,-,-,-,-,-,-,-,-,-,51.39,0.82%,"32,145"
TTSMG,-,-,-,-,-,-,-,-,-,-,-,-,-,39.86,2.19%,"46,703"
TTSMU,-,-,-,-,-,-,-,-,-,-,-,-,-,71.51,1.95%,"38,006"
TTSMX,-,-,-,-,-,-,-,-,-,-,-,-,-,82.37,2.20%,"770,598"
TTSMY,-,-,-,-,-,-,-,-,-,-,-,-,-,15.66,0.06%,"110,827"
TTSMZ,-,-,-,-,-,-,-,-,-,-,-,-,-,7.70,-1.03%,"63,589"
TTSN,20.21B,35.41,12.97,1.47,0.36,1.12,27.31,17.41,-5.55%,16.16%,-25.04%,8.81%,4.74%,58.61,0.76%,"3,287,363"
TTSNF,-,-,-,-,-,-,-,-,-,-,-,-,-,32.22,0.29%,"2,527"
TTSOL,-,-,-,-,-,-,-,-,-,-,-,-,-,7.36,1.04%,953
TTSPA,-,-,-,-,-,-,-,-,-,-,-,-,-,48.71,-0.49%,"633,986"
TTSPX,-,-,-,-,-,-,-,-,-,-,-,-,-,30.67,-0.37%,8
TTSPY,-,-,-,-,-,-,-,-,-,-,-,-,-,25.81,-0.37%,"220,967"
TTSQ,105.38M,-,17.25,-,0.25,-,90.07,7.40,-167.61%,117.63%,30.61%,-,2.85%,5.78,1.40%,"87,497"
TTSRS,-,-,-,-,-,-,-,-,-,-,-,-,-,27.23,-0.67%,73
TTSSD,-,-,-,-,-,-,-,-,-,-,-,-,-,31.22,-1.85%,680
TTSSI,267.52M,18.66,30.10,-,1.38,3.31,3.85,-,-52.98%,19.62%,171.02%,-21.68%,40.39%,9.48,-2.07%,"1,544,439"
TTSUI,-,-,-,-,-,-,-,-,-,-,-,-,-,13.51,-0.40%,"2,004"
TTSXD,-,-,-,-,-,-,-,-,-,-,-,-,-,5.19,-0.50%,"34,886"
TTSXU,-,-,-,-,-,-,-,-,-,-,-,-,-,60.26,1.24%,"127,647"
TTSYW,-,-,-,-,-,-,-,-,-,-,-,-,-,40.76,-1.11%,"1,709"
TTSYX,-,-,-,-,-,-,-,-,-,-,-,-,-,23.75,-0.61%,"46,128"
TTSYY,-,-,-,-,-,-,-,-,-,-,-,-,-,20.36,-0.15%,"37,817"
TTT,104.58B,36.00,27.17,1.74,4.71,12.14,79.33,29.08,16.64%,14.86%,29.52%,15.60%,11.35%,475.32,-1.02%,"606,609"
TTTAM,2.88B,16.25,12.81,0.96,1.68,2.64,43.78,20.04,7.32%,12.40%,31.55%,13.36%,9.62%,15.61,-2.68%,"127,726"
TTTAN,8.43B,-,53.86,2.00,8.31,5.40,20.00,71.53,28.55%,25.17%,-,26.91%,-,88.39,-2.22%,"701,227"
TTTC,9.28B,28.10,19.23,1.91,1.99,6.80,51.47,12.23,9.63%,10.13%,0.86%,10.07%,5.99%,97.50,-0.89%,"621,232"
TTTD,6.30B,15.90,56.83,-,2.11,2.44,4.24,7.30,-55.30%,-41.39%,12.67%,-21.14%,28.21%,13.40,-5.23%,"23,172,934"
TTTDU,-,-,-,-,-,-,-,-,-,-,-,-,-,1.28,-10.18%,"2,513,732"
TTTE,197.13B,10.94,9.38,0.93,1.00,1.54,6.22,11.91,55.96%,-12.04%,-,10.10%,8.78%,88.63,0.34%,"1,425,883"
TTTEC,71.48M,-,1.34,0.21,0.04,0.99,0.76,1.80,-23.03%,27.56%,-,6.27%,1.87%,1.45,-8.23%,"645,718"
TTTEK,9.17B,21.55,20.61,2.76,1.81,4.95,39.73,16.73,1.09%,10.19%,7.97%,7.46%,12.69%,35.82,-1.89%,"2,044,008"
TTTEQ,-,-,-,-,-,-,-,-,-,-,-,-,-,43.22,0.56%,"62,596"
TTTGT,270.52M,-,-,-,0.56,0.53,5.90,75.99,91.04%,59.79%,-,-,26.82%,3.74,-2.86%,"576,596"
TTTI,1.25B,205.87,21.59,0.79,1.94,3.06,8.06,-,-1.54%,52.34%,-,27.19%,10.81%,8.42,-1.52%,"1,935,797"
TTTMI,14.85B,63.63,20.39,0.43,4.40,7.68,29.24,-,96.75%,42.85%,-,47.35%,6.66%,140.98,0.70%,"3,041,370"
TTTMX,-,-,-,-,-,-,-,-,-,-,-,-,-,12.18,0.65%,"51,682"
TTTOP,-,-,-,-,-,-,-,-,-,-,-,-,-,15.08,1.80%,109
TTTRX,295.20M,-,-,-,-,429.75,28.69,-,-233.33%,2.50%,-,-,-,9.91,3.55%,"46,020"
TTTT,-,-,-,-,-,-,-,-,-,-,-,-,-,78.25,2.32%,"2,512"
TTTWO,45.18B,-,23.45,0.61,6.76,12.52,24.54,133.86,68.42%,49.22%,-,38.33%,14.56%,241.61,-2.16%,"1,654,695"
TTTXD,-,-,-,-,-,-,-,-,-,-,-,-,-,12.73,-0.20%,"11,063"
TTTXU,-,-,-,-,-,-,-,-,-,-,-,-,-,35.01,0.19%,"2,109"
TTU,15.40B,-,17.80,-,1.05,1.63,15.75,9.90,-23.87%,5.69%,-5.92%,-4.39%,4.95%,9.69,-0.72%,"3,787,664"
TTUA,-,-,-,-,-,-,-,-,-,-,-,-,-,20.46,-0.05%,"145,077"
TTUG,-,-,-,-,-,-,-,-,-,-,-,-,-,47.25,-0.31%,254
TTUGN,-,-,-,-,-,-,-,-,-,-,-,-,-,28.14,-0.12%,"61,878"
TTULP,15.90M,-,-,-,0.33,1.01,17.86,-,-,-,0.15%,-,11.90%,3.46,-8.22%,904
TTUR,-,-,-,-,-,-,-,-,-,-,-,-,-,39.43,-0.40%,"42,458"
TTURB,14.44M,-,-,-,0.39,7.68,23.28,-,-,-,-,-,2.56%,1.31,0.77%,"55,886"
TTURF,-,-,-,-,-,-,-,-,-,-,-,-,-,34.03,0.15%,"369,966"
TTUSB,-,-,-,-,-,-,-,-,-,-,-,-,-,50.49,-0.03%,"9,548"
TTUSI,-,-,-,-,-,-,-,-,-,-,-,-,-,25.34,0.04%,"125,439"
TTUSK,158.82M,-,-,-,2.20,0.61,1.79,-,-,-,7.09%,-,-32.37%,3.30,-0.60%,"210,000"
TTUYA,966.47M,17.40,13.43,2.75,2.94,1.08,1.02,-,-9.62%,12.77%,-,4.89%,12.36%,1.78,-2.20%,"374,052"
TTV,1.23B,-,10.87,-,0.38,0.26,0.51,4.12,128.52%,25.66%,-54.43%,-,-7.50%,2.85,-1.72%,"522,794"
TTVA,315.98M,80.83,-,-,-,1.40,1215.30,-,-,-,-,-,-,10.53,-0.07%,771
TTVAI,282.02M,47.31,-,-,-,1.41,-,-,-,-,-,-,-,10.37,0.00%,"112,034"
TTVAL,-,-,-,-,-,-,-,-,-,-,-,-,-,43.20,-0.71%,"204,914"
TTVGN,42.22M,-,-,-,-,-,39.09,-,-,-,-305.12%,-,-,6.58,-4.22%,"5,874"
TTVIV,284.91M,-,-,-,-,-,247.75,-,-,-,-,-,-,9.91,0.00%,21
TTVRD,17.44M,-,-,-,-,1.20,1.11,-,29.07%,9.80%,-,4.29%,-,1.86,-2.11%,"213,821"
TTVTX,5.99B,-,20.09,-,10.13,243.98,12.24,64.43,88.86%,9888.53%,30.85%,-,19.87%,63.53,2.24%,"1,565,541"
TTW,24.61B,25.11,23.02,1.61,11.15,3.35,11.95,21.50,16.07%,13.43%,33.73%,14.27%,18.12%,105.17,-1.05%,"829,931"
TTWAV,4.92M,-,-,-,2.01,0.83,6.74,-,-,-,68.50%,-,-30.78%,1.27,0.00%,"78,755"
TTWFG,1.41B,44.11,22.39,1.61,4.81,7.23,15.20,23.62,27.78%,3.57%,-,13.93%,-,26.08,-2.58%,"155,765"
TTWG,70.59M,2.01,-,-,60.33,0.50,227.71,-,-,-,-,-,364.11%,1.12,-2.17%,"36,419"
TTWI,427.27M,-,22.83,-,0.23,0.85,2.38,-,52.00%,341.67%,-0.07%,-,7.74%,6.62,-4.06%,"635,498"
TTWIN,362.88M,13.60,35.94,-,1.00,1.95,22.53,471.28,1521.43%,-64.82%,46.18%,-,6.66%,25.16,2.53%,"102,452"
TTWLO,35.11B,31.81,33.68,2.03,6.30,3.91,13.22,35.51,21.20%,14.52%,-,16.59%,23.53%,228.61,-4.03%,"3,150,160"
TTWLV,235.43M,162.36,-,-,-,1.40,470.85,-,-,-,-,-,-,10.05,-0.10%,"150,011"
TTWM,-,-,-,-,-,-,-,-,-,-,-,-,-,20.32,0.69%,"428,589"
TTWN,563.70M,2.53,-,-,85.24,1.24,-,-,-,-,-,-,-,98.17,0.77%,"14,962"
TTWO,1.26B,-,10.69,-,1.57,1.10,1.46,9.93,-0.76%,-1.68%,27.83%,-,-,12.01,-0.25%,"1,056,596"
TTWOX,-,-,-,-,-,-,-,-,-,-,-,-,-,30.08,-0.18%,146
TTWSC,-,-,-,-,-,-,-,-,-,-,-,-,-,23.35,1.82%,28
TTWST,8.19B,-,-,-,18.97,17.49,49.09,-,-66.14%,35.08%,18.31%,14.99%,33.11%,124.41,4.93%,"977,391"
TTX,10.67B,15.34,7.82,0.16,0.67,0.87,3.91,-,171.74%,16.23%,-11.30%,48.25%,11.95%,54.35,1.00%,"433,829"
TTXBC,-,-,-,-,-,-,-,-,-,-,-,-,-,13.24,1.04%,"1,006"
TTXG,7.56B,-,-,-,12.25,9.15,13.69,62.22,-112.61%,3.63%,42.10%,-6.20%,16.55%,57.99,3.39%,"2,256,875"
TTXMD,23.27M,-,-,-,7.11,0.86,2.53,7.46,-,-,72.84%,-,-45.84%,2.01,-2.90%,"61,601"
TTXN,258.37B,43.04,27.68,0.91,13.28,14.34,36.90,48.25,55.58%,20.54%,-1.81%,30.46%,4.10%,282.91,1.19%,"5,993,737"
TTXNM,5.93B,31.99,17.72,1.20,2.66,1.80,406.69,-,24.64%,11.87%,-7.23%,14.71%,7.30%,57.58,0.31%,"694,653"
TTXNU,-,-,-,-,-,-,-,-,-,-,-,-,-,46.17,2.57%,"6,269"
TTXO,767.93M,-,13.58,-,1.33,1.18,7.14,-,51.16%,585.71%,39.68%,-,36.93%,13.85,0.29%,"322,072"
TTXRH,13.42B,32.73,26.17,1.67,2.15,8.60,66.28,33.02,8.19%,18.34%,68.63%,15.63%,19.64%,204.40,-1.30%,"705,420"
TTXS,-,-,-,-,-,-,-,-,-,-,-,-,-,42.55,-0.43%,"2,359"
TTXT,15.07B,16.54,12.09,1.27,0.99,1.87,9.39,19.89,6.00%,12.11%,30.51%,9.53%,4.90%,87.65,-1.52%,"1,254,170"
TTXUE,-,-,-,-,-,-,-,-,-,-,-,-,-,36.38,-0.54%,"58,059"
TTXUG,-,-,-,-,-,-,-,-,-,-,-,-,-,28.40,-0.02%,26
TTXXD,-,-,-,-,-,-,-,-,-,-,-,-,-,2.94,1.03%,"16,556"
TTXXH,-,-,-,-,-,-,-,-,-,-,-,-,-,36.26,11.60%,"18,396"
TTXXI,-,-,-,-,-,-,-,-,-,-,-,-,-,50.06,-0.18%,"11,492"
TTXXS,-,-,-,-,-,-,-,-,-,-,-,-,-,19.06,-0.94%,"1,116"
TTY,1.92B,7.33,-,-,28.08,0.99,-,-,-,-,-,-,-,36.00,0.17%,"17,616"
TTYA,-,-,-,-,-,-,-,-,-,-,-,-,-,12.33,-0.40%,"26,250"
TTYD,-,-,-,-,-,-,-,-,-,-,-,-,-,22.62,-0.62%,"10,531"
TTYG,1.13B,6.16,-,-,45.80,0.95,-,-,-,-,-,-,-,44.31,0.05%,"91,810"
TTYGO,89.82M,8.90,-,-,0.81,2.01,5.31,-,8.33%,-72.73%,-210.58%,-,-,1.17,-4.10%,"609,085"
TTYL,13.12B,42.47,20.85,1.32,5.40,4.32,13.53,18.37,15.66%,17.52%,8.96%,15.83%,15.87%,320.48,-2.48%,"597,771"
TTYLD,-,-,-,-,-,-,-,-,-,-,-,-,-,25.39,0.00%,636
TTYLG,-,-,-,-,-,-,-,-,-,-,-,-,-,42.28,0.23%,"23,250"
TTYO,-,-,-,-,-,-,-,-,-,-,-,-,-,14.72,0.67%,"9,340"
TTYRA,1.56B,-,-,-,-,4.42,4.42,-,-34.59%,-10.13%,-55.76%,-16.89%,-,26.22,3.68%,"596,344"
TTYYY,-,-,-,-,-,-,-,-,-,-,-,-,-,36.24,-1.03%,116
TTZA,-,-,-,-,-,-,-,-,-,-,-,-,-,36.73,0.99%,"3,322,896"
TTZOO,70.60M,207.81,7.85,0.34,0.77,-,10.32,21.92,-77.07%,838.30%,-,23.38%,11.34%,6.92,-3.08%,"80,223"
UU,20.00B,-,45.19,-,9.86,6.59,8.50,37.15,24.06%,237.96%,1.50%,-,19.08%,45.45,-1.73%,"9,970,752"
UUA,2.25B,-,26.71,0.66,0.45,1.56,5.65,-,-9.20%,78.31%,0.80%,40.78%,2.22%,5.19,-1.14%,"2,248,917"
UUAA,2.25B,-,27.09,0.67,0.45,1.59,5.64,-,-8.80%,78.46%,0.80%,40.62%,2.22%,5.29,-1.31%,"7,777,132"
UUAC,138.12M,-,-,-,-,1.36,70.47,-,-,-,-,-,-,9.96,-0.10%,"5,566"
UUAE,-,-,-,-,-,-,-,-,-,-,-,-,-,19.52,-0.51%,"329,743"
UUAL,39.68B,11.43,8.01,0.41,0.63,2.38,2.39,15.60,-2.47%,47.32%,-,19.68%,30.93%,122.26,-2.46%,"2,446,052"
UUAMY,841.14M,-,27.64,-,23.08,4.64,18.25,-,18.75%,725.64%,5.21%,-,49.62%,5.62,2.00%,"4,167,704"
UUAN,1.29B,8.07,-,-,1.91,3.73,9.40,8.94,-,-,-,-,11.61%,122.29,-0.98%,"72,851"
UUAPR,-,-,-,-,-,-,-,-,-,-,-,-,-,35.65,-0.04%,"4,388"
UUAUG,-,-,-,-,-,-,-,-,-,-,-,-,-,43.06,-0.15%,"86,548"
UUAVS,53.91M,-,-,-,5.96,1.85,2.66,-,-,-,72.72%,-,58.38%,0.92,-15.60%,"4,580,347"
UUBCP,87.64M,11.09,9.43,0.88,1.82,1.22,-,-,0.75%,20.00%,-0.59%,10.74%,6.58%,15.28,-1.10%,"3,061"
UUBER,153.17B,16.48,16.87,3.18,2.77,5.60,25.31,15.14,-29.25%,32.80%,-,5.30%,36.10%,74.99,-1.26%,"18,084,970"
UUBEW,-,-,-,-,-,-,-,-,-,-,-,-,-,27.06,-2.50%,"6,391"
UUBND,-,-,-,-,-,-,-,-,-,-,-,-,-,21.35,-0.19%,"155,791"
UUBOT,-,-,-,-,-,-,-,-,-,-,-,-,-,25.35,0.44%,"13,377"
UUBR,-,-,-,-,-,-,-,-,-,-,-,-,-,28.06,-1.02%,"1,236"
UUBRL,-,-,-,-,-,-,-,-,-,-,-,-,-,15.68,-2.31%,"186,052"
UUBS,163.62B,18.17,12.62,0.62,2.03,1.84,-,-,32.34%,16.39%,6.13%,20.25%,19.62%,53.44,-0.35%,"990,679"
UUBSI,6.67B,13.37,12.69,-,3.62,1.22,-,12.50,13.40%,4.04%,6.37%,-,16.00%,48.98,-0.59%,"726,271"
UUBT,-,-,-,-,-,-,-,-,-,-,-,-,-,14.60,-1.49%,"16,715"
UUCAR,21.81M,-,-,-,3.81,0.01,6.84,-,-,-,-6.60%,-,93.28%,0.61,-6.97%,"77,060"
UUCB,4.42B,11.98,11.37,-,2.86,1.17,-,9.71,7.19%,10.91%,6.49%,-,16.39%,36.63,-0.30%,"1,204,795"
UUCC,-,-,-,-,-,-,-,-,-,-,-,-,-,46.90,-2.45%,587
UUCIB,-,-,-,-,-,-,-,-,-,-,-,-,-,36.46,1.47%,89
UUCL,17.58M,7.53,11.33,-,0.22,1.01,0.43,-,-239.53%,700.00%,-,-,-1.86%,0.68,-6.85%,"91,244,793"
UUCO,-,-,-,-,-,-,-,-,-,-,-,-,-,43.76,5.67%,"2,675,770"
UUCON,-,-,-,-,-,-,-,-,-,-,-,-,-,24.66,-0.16%,"249,875"
UUCOP,-,-,-,-,-,-,-,-,-,-,-,-,-,43.41,0.85%,271
UUCRD,-,-,-,-,-,-,-,-,-,-,-,-,-,21.08,-0.14%,452
UUCTT,3.98B,-,13.42,0.14,1.81,6.22,15.55,-,201.39%,106.91%,-,94.43%,7.99%,87.88,3.47%,"1,195,695"
UUCTX,-,-,-,-,-,-,-,-,-,-,-,-,-,10.04,8.58%,"23,843"
UUCYB,-,-,-,-,-,-,-,-,-,-,-,-,-,88.67,-3.69%,"14,825"
UUDEC,-,-,-,-,-,-,-,-,-,-,-,-,-,42.54,-0.16%,"11,992"
UUDI,-,-,-,-,-,-,-,-,-,-,-,-,-,37.39,-0.13%,116
UUDIV,-,-,-,-,-,-,-,-,-,-,-,-,-,62.17,-0.39%,"5,979"
UUDN,-,-,-,-,-,-,-,-,-,-,-,-,-,18.21,0.17%,"67,358"
UUDOW,-,-,-,-,-,-,-,-,-,-,-,-,-,73.67,-1.52%,"1,764,097"
UUDR,19.45B,23.73,63.03,-,11.33,4.13,538.21,22.19,-5.45%,-44.70%,40.79%,-15.85%,6.65%,37.24,-1.85%,"2,260,646"
UUE,2.91B,40.89,43.13,3.08,5.88,2.14,35.45,39.96,46.75%,-0.86%,-1.32%,14.00%,7.41%,21.85,-0.09%,"675,734"
UUEC,5.53B,-,-,-,273.65,3.88,11.33,-,3.88%,79.82%,-20.77%,-,-,11.17,-0.36%,"5,443,786"
UUECG,-,-,-,-,-,-,-,-,-,-,-,-,-,4.27,-0.41%,"24,551"
UUEIC,65.97M,-,9.31,-,0.20,0.46,2.04,8.01,45.16%,22.22%,-,-,-9.74%,5.12,-2.85%,"163,175"
UUEVM,-,-,-,-,-,-,-,-,-,-,-,-,-,59.76,0.41%,"1,864"
UUFCS,1.37B,9.84,11.03,-,0.93,1.40,-,5.11,4.93%,0.35%,-,-,5.34%,53.40,-1.62%,"121,411"
UUFEB,-,-,-,-,-,-,-,-,-,-,-,-,-,39.35,-0.11%,"3,509"
UUFG,19.17M,-,-,-,0.09,2.35,1.97,-,120.00%,-,-,-,-,0.59,1.95%,"200,681"
UUFI,149.26M,-,133.83,-,0.28,0.64,5.62,8.98,50.19%,104.62%,18.54%,-,-1.19%,8.03,24.50%,"791,140"
UUFIV,-,-,-,-,-,-,-,-,-,-,-,-,-,47.99,-0.06%,"8,409"
UUFO,-,-,-,-,-,-,-,-,-,-,-,-,-,48.46,-0.04%,"355,864"
UUFOD,-,-,-,-,-,-,-,-,-,-,-,-,-,26.14,-0.25%,"3,936"
UUFOX,-,-,-,-,-,-,-,-,-,-,-,-,-,88.28,0.46%,"17,575"
UUFPI,4.87B,20.36,15.98,1.22,0.78,1.60,7.55,18.24,-9.74%,22.10%,4.53%,13.14%,4.16%,88.29,-1.76%,"261,411"
UUFPT,2.49B,34.64,29.61,2.21,3.94,5.38,275.31,40.52,11.34%,11.37%,37.73%,13.43%,27.43%,321.31,-0.14%,"89,017"
UUG,32.85M,13.32,-,-,2.93,2.82,3.43,9.66,-,-,-8.62%,-,-0.82%,7.15,0.00%,"5,453"
UUGA,-,-,-,-,-,-,-,-,-,-,-,-,-,123.60,3.25%,"30,581"
UUGE,-,-,-,-,-,-,-,-,-,-,-,-,-,19.11,-3.34%,"10,255"
UUGI,7.53B,11.71,10.77,5.47,1.03,1.45,14.39,40.25,-15.76%,16.45%,4.06%,1.97%,2.16%,35.09,-0.79%,"1,324,131"
UUGL,-,-,-,-,-,-,-,-,-,-,-,-,-,52.41,2.02%,"2,313,387"
UUGLD,-,-,-,-,-,-,-,-,-,-,-,-,-,23.03,1.99%,"69,269"
UUGP,6.94B,10.71,11.09,0.80,0.24,2.00,3.88,6.21,59.10%,-17.92%,20.85%,13.93%,12.16%,6.48,5.19%,"5,886,832"
UUHAL,12.77B,506.25,34.47,-,2.10,1.88,11.64,-,387.50%,82.91%,-62.09%,-,5.85%,73.76,-0.61%,"110,413"
UUHAL-B,12.71B,442.83,-,-,2.09,1.64,11.59,-,-,-,-62.09%,-,5.85%,64.52,-1.03%,"332,879"
UUHS,10.05B,6.94,7.04,0.99,0.55,1.34,72.39,11.89,4.10%,6.97%,15.93%,7.11%,8.48%,170.53,0.30%,"609,776"
UUHT,559.70M,29.00,-,-,5.64,3.89,82.07,11.49,-,-,-2.11%,-,4.92%,40.27,-2.49%,"88,617"
UUI,35.32B,37.52,33.87,-,11.41,29.38,95.82,47.67,39.16%,13.00%,15.17%,-,14.91%,583.67,1.90%,"187,625"
UUIS,204.17M,-,2.65,0.25,0.10,-,0.63,2.68,-30.75%,63.98%,0.57%,10.75%,-0.76%,2.80,-2.10%,"499,644"
UUITB,-,-,-,-,-,-,-,-,-,-,-,-,-,46.03,-0.22%,"100,611"
UUIVM,-,-,-,-,-,-,-,-,-,-,-,-,-,77.58,-0.01%,"6,041"
UUJAN,-,-,-,-,-,-,-,-,-,-,-,-,-,46.15,-0.04%,"23,192"
UUJB,-,-,-,-,-,-,-,-,-,-,-,-,-,78.91,-0.13%,"24,850"
UUJUL,-,-,-,-,-,-,-,-,-,-,-,-,-,41.47,-0.20%,"17,088"
UUJUN,-,-,-,-,-,-,-,-,-,-,-,-,-,39.30,-0.18%,"15,748"
UUK,1.56M,-,-,-,0.09,0.04,0.16,-,-,-,62.43%,-,-50.88%,2.30,2.68%,"31,508"
UUL,131.91B,20.45,15.72,3.49,2.46,7.12,19.08,15.62,0.84%,5.50%,2.89%,4.50%,-0.29%,61.23,-1.39%,"3,650,953"
UULBI,121.14M,-,-,-,0.65,0.91,18.19,60.27,-,-,-,-,12.16%,7.27,-3.20%,"35,846"
UULCC,1.46B,-,15.49,-,0.35,10.75,1.53,-,35.52%,205.96%,10.48%,-,24.40%,6.35,-5.08%,"2,439,359"
UULE,-,-,-,-,-,-,-,-,-,-,-,-,-,12.66,0.07%,"4,753"
UULH,515.49M,-,17.00,-,0.34,0.92,25.38,14.06,135.36%,-14.18%,-,-,2.30%,19.55,1.35%,"40,663"
UULS,15.57B,31.18,29.69,2.30,4.95,9.76,35.87,35.71,16.41%,12.13%,6.75%,12.93%,5.82%,77.11,-0.45%,"587,670"
UULST,-,-,-,-,-,-,-,-,-,-,-,-,-,40.35,0.00%,"63,120"
UULTA,21.21B,18.49,15.45,1.38,1.67,8.27,95.83,18.77,12.28%,10.91%,52.49%,11.16%,15.04%,493.33,-3.41%,"556,507"
UULTI,-,-,-,-,-,-,-,-,-,-,-,-,-,7.81,1.94%,"41,095"
UULTY,-,-,-,-,-,-,-,-,-,-,-,-,-,27.53,0.44%,"306,782"
UULVM,-,-,-,-,-,-,-,-,-,-,-,-,-,110.91,-0.33%,"1,660"
UUMAC,1.51B,-,-,-,47.29,3.88,4.76,-,63.51%,-80.00%,-141.20%,31.29%,588.32%,30.15,-11.48%,"8,279,696"
UUMAL,-,-,-,-,-,-,-,-,-,-,-,-,-,20.92,-24.50%,"527,234"
UUMAR,-,-,-,-,-,-,-,-,-,-,-,-,-,42.95,-0.15%,"2,622"
UUMAY,-,-,-,-,-,-,-,-,-,-,-,-,-,38.69,-0.08%,"1,839"
UUMBF,11.54B,12.65,10.88,1.00,2.65,1.49,-,10.46,16.49%,5.65%,9.41%,10.86%,26.89%,151.95,-0.06%,"587,914"
UUMC,49.10B,18.37,17.58,0.48,6.08,3.53,10.61,24.41,110.36%,-1.13%,5.23%,36.42%,4.89%,19.53,1.98%,"7,973,012"
UUMCU,-,-,-,-,-,-,-,-,-,-,-,-,-,26.81,4.17%,"10,436"
UUMCX,-,-,-,-,-,-,-,-,-,-,-,-,-,12.51,3.89%,"2,559"
UUMDD,-,-,-,-,-,-,-,-,-,-,-,-,-,38.89,-0.70%,"2,304"
UUMH,1.38B,128.91,104.81,-,5.08,2.47,48.15,15.24,117.14%,1.32%,-,-,9.85%,16.14,-1.88%,"633,882"
UUMI,-,-,-,-,-,-,-,-,-,-,-,-,-,61.13,-0.61%,"6,119"
UUMMA,-,-,-,-,-,-,-,-,-,-,-,-,-,37.91,0.65%,"65,435"
UUN,-,-,-,-,-,-,-,-,-,-,-,-,-,21.92,-3.26%,90
UUNB,120.78M,9.42,-,-,1.34,1.34,-,-,-,-,-3.27%,-,10.66%,24.42,-0.69%,"4,337"
UUNCY,155.15M,-,3.03,-,-,2.91,2.53,-,18.02%,234.16%,-2.40%,-,-,5.57,1.09%,"576,076"
UUNF,4.98B,45.21,35.43,23.78,2.00,2.26,29.47,57.15,-9.90%,8.65%,2.28%,1.49%,6.16%,286.47,-0.10%,"144,006"
UUNFI,2.91B,-,14.54,0.19,0.09,1.83,67.71,8.85,260.56%,29.24%,17.38%,74.81%,3.66%,48.11,-0.64%,"366,806"
UUNG,-,-,-,-,-,-,-,-,-,-,-,-,-,9.83,-0.91%,"8,701,471"
UUNH,355.11B,25.44,17.65,1.04,0.79,3.64,-,15.04,20.58%,13.69%,-3.76%,17.05%,11.72%,395.62,-1.52%,"5,295,065"
UUNHG,-,-,-,-,-,-,-,-,-,-,-,-,-,20.12,-3.10%,"744,519"
UUNHU,-,-,-,-,-,-,-,-,-,-,-,-,-,49.01,-3.20%,"3,944"
UUNHW,-,-,-,-,-,-,-,-,-,-,-,-,-,48.00,-2.70%,"9,022"
UUNIT,2.39B,3.69,-,-,0.68,14.35,3.26,-,-140.57%,-6.92%,-,-,15.93%,9.85,-1.60%,"2,929,650"
UUNIY,-,-,-,-,-,-,-,-,-,-,-,-,-,47.62,-0.25%,11
UUNL,-,-,-,-,-,-,-,-,-,-,-,-,-,5.83,-1.07%,"61,557"
UUNM,14.49B,21.35,9.65,1.05,1.09,1.34,-,20.90,6.67%,9.30%,1.87%,9.18%,-0.16%,91.51,-1.95%,"1,026,056"
UUNOV,-,-,-,-,-,-,-,-,-,-,-,-,-,41.03,-0.12%,"1,917"
UUNP,178.16B,24.29,21.16,2.03,7.01,8.62,84.20,27.39,12.10%,8.41%,8.75%,10.40%,4.64%,299.90,2.12%,"2,077,009"
UUNTY,611.29M,10.60,9.57,1.05,3.16,1.64,-,21.89,15.54%,8.54%,10.60%,9.08%,14.24%,60.87,-1.54%,"52,704"
UUNX,-,-,-,-,-,-,-,-,-,-,-,-,-,110.56,-3.77%,"3,246"
UUOCT,-,-,-,-,-,-,-,-,-,-,-,-,-,41.92,0.01%,"17,300"
UUONE,23.36M,-,-,-,0.07,1.41,1.44,-,-,-,-78.83%,-,-0.10%,5.04,-0.23%,"3,787"
UUP,178.12M,-,-,-,0.25,-,2.06,-,98.94%,-41.44%,38.76%,-,1.17%,4.91,-2.39%,"64,907"
UUPAL,-,-,-,-,-,-,-,-,-,-,-,-,-,25.48,0.95%,29
UUPAR,-,-,-,-,-,-,-,-,-,-,-,-,-,16.12,-0.15%,975
UUPB,391.06M,-,-,-,123.75,1.44,1.50,-,-8.13%,-1.03%,-,-5.14%,-,7.14,0.99%,"852,441"
UUPBD,1.13B,12.63,4.24,0.57,0.24,1.54,10.75,2.94,0.35%,10.58%,-19.66%,7.43%,10.78%,19.42,-1.02%,"777,835"
UUPC,29.04M,-,-,-,1.64,0.06,1.00,-,-,-,-,-,-10.27%,5.78,2.30%,"24,017"
UUPGD,-,-,-,-,-,-,-,-,-,-,-,-,-,83.50,-1.14%,356
UUPGR,-,-,-,-,-,-,-,-,-,-,-,-,-,24.92,-1.16%,68
UUPLD,13.86M,-,0.75,-,0.07,-,0.44,0.56,-26.49%,-6.33%,4.05%,-,-5.76%,4.72,-11.78%,"60,593"
UUPLT,-,-,-,-,-,-,-,-,-,-,-,-,-,25.62,2.33%,"1,040"
UUPRO,-,-,-,-,-,-,-,-,-,-,-,-,-,154.40,-1.42%,"1,521,774"
UUPS,86.80B,18.99,12.62,1.81,0.96,5.76,18.65,15.91,0.69%,12.11%,33.57%,6.98%,0.98%,102.02,-2.37%,"4,547,518"
UUPSC,-,-,-,-,-,-,-,-,-,-,-,-,-,19.23,-4.89%,441
UUPSD,-,-,-,-,-,-,-,-,-,-,-,-,-,30.41,-0.84%,"6,971"
UUPST,2.90B,60.90,16.36,0.77,2.32,3.63,2.95,-,-58.29%,163.29%,40.90%,21.18%,34.93%,29.75,-2.23%,"3,976,713"
UUPSX,-,-,-,-,-,-,-,-,-,-,-,-,-,15.34,-4.72%,"33,180"
UUPV,-,-,-,-,-,-,-,-,-,-,-,-,-,105.90,-0.40%,107
UUPW,-,-,-,-,-,-,-,-,-,-,-,-,-,22.44,-0.70%,"19,730"
UUPWK,1.02B,10.71,6.00,3.18,1.30,1.67,1.67,5.87,-1.44%,-1.81%,-,1.89%,16.09%,8.19,-3.48%,"3,073,434"
UUPXI,62.88M,-,-,-,2.41,-,0.53,-,-96.20%,91.29%,25.24%,-,16.36%,0.80,6.89%,"1,407,531"
UURA,-,-,-,-,-,-,-,-,-,-,-,-,-,45.25,0.71%,"2,010,240"
UURAA,-,-,-,-,-,-,-,-,-,-,-,-,-,26.36,1.85%,"34,440"
UURAN,-,-,-,-,-,-,-,-,-,-,-,-,-,39.40,0.65%,"12,287"
UURBN,6.56B,14.71,11.30,1.07,1.04,2.51,15.88,43.64,13.63%,9.70%,231.76%,10.57%,12.31%,76.64,-1.50%,"1,039,490"
UURE,-,-,-,-,-,-,-,-,-,-,-,-,-,70.54,-1.89%,758
UURG,541.10M,-,-,-,15.42,7.85,5.66,-,18.00%,82.38%,-17.70%,-,26.75%,1.36,0.74%,"4,175,380"
UURGN,2.40B,-,16.22,-,12.73,-,21.98,-,93.00%,1457.40%,11.57%,-,56.22%,49.14,1.91%,"1,295,505"
UURI,72.50B,27.99,20.37,1.30,4.31,7.87,647.33,114.72,17.51%,15.68%,25.90%,15.66%,13.55%,1164.82,0.95%,"368,425"
UURNJ,-,-,-,-,-,-,-,-,-,-,-,-,-,24.75,1.35%,"393,654"
UURNM,-,-,-,-,-,-,-,-,-,-,-,-,-,55.54,1.80%,"465,562"
UUROY,1.59B,180.09,384.12,-,40.13,2.17,15.46,53.72,-95.04%,-24.65%,-,-,-,4.16,0.97%,"2,050,056"
UURSP,-,-,-,-,-,-,-,-,-,-,-,-,-,52.26,-1.85%,"134,270"
UURTH,-,-,-,-,-,-,-,-,-,-,-,-,-,210.43,-0.37%,"421,377"
UURTY,-,-,-,-,-,-,-,-,-,-,-,-,-,88.91,-0.96%,"319,253"
UUSA,1.86B,10.80,-,-,61.46,0.88,-,-,-,-,-,-,-,6.05,-0.33%,"1,573,611"
UUSAC,3.90B,25.17,18.36,0.66,3.32,13.59,411.44,12.59,36.23%,26.54%,-,27.86%,8.37%,26.91,1.09%,"368,274"
UUSAF,-,-,-,-,-,-,-,-,-,-,-,-,-,28.32,0.19%,"7,154"
UUSAI,-,-,-,-,-,-,-,-,-,-,-,-,-,46.97,-1.02%,"4,444"
UUSAR,4.79B,-,-,-,364.32,1.86,3.01,-,36.89%,76.57%,-,-,-,19.29,-3.55%,"12,043,852"
UUSAS,1.74B,-,15.67,-,9.42,5.89,19.62,-,134.95%,185.57%,11.57%,-,32.33%,5.16,-1.53%,"4,703,916"
UUSAU,245.74M,-,-,-,-,5.04,8.02,-,-,-,21.28%,-,-,14.87,0.13%,"142,979"
UUSAX,-,-,-,-,-,-,-,-,-,-,-,-,-,13.70,-7.18%,"128,448"
UUSB,101.07B,12.94,11.14,0.96,2.32,1.66,-,8.16,12.99%,11.54%,8.57%,11.66%,13.15%,64.87,-0.84%,"5,602,528"
UUSBC,142.45M,-,-,-,-,3.07,39.13,-,-,-,56.54%,-,-,0.37,-4.18%,"79,751"
UUSCA,-,-,-,-,-,-,-,-,-,-,-,-,-,45.67,-0.56%,330
UUSCB,415.67M,14.76,9.65,-,2.61,1.78,-,8.47,24.91%,11.79%,11.61%,-,20.96%,22.50,0.13%,"150,604"
UUSCI,-,-,-,-,-,-,-,-,-,-,-,-,-,104.74,1.82%,"13,462"
UUSCL,-,-,-,-,-,-,-,-,-,-,-,-,-,86.78,-0.55%,"1,211"
UUSD,-,-,-,-,-,-,-,-,-,-,-,-,-,95.55,1.48%,"448,226"
UUSDE,72.57M,-,-,-,1209.55,0.34,3.85,-,-,-,-,-,-,3.02,3.07%,"603,273"
UUSDU,-,-,-,-,-,-,-,-,-,-,-,-,-,26.40,0.08%,"296,691"
UUSDX,-,-,-,-,-,-,-,-,-,-,-,-,-,25.58,0.00%,"24,190"
UUSE,-,-,-,-,-,-,-,-,-,-,-,-,-,33.11,2.56%,775
UUSEA,25.75M,-,22.50,-,0.73,0.49,2.12,-,195.65%,-72.73%,-,-,55.74%,2.70,0.00%,"150,399"
UUSEP,-,-,-,-,-,-,-,-,-,-,-,-,-,41.92,0.02%,"7,665"
UUSEW,-,-,-,-,-,-,-,-,-,-,-,-,-,57.41,-0.43%,129
UUSFD,23.50B,33.40,19.57,1.10,0.59,5.49,419.57,24.84,20.31%,15.90%,-,17.87%,11.49%,108.61,-0.28%,"1,821,168"
UUSFE,-,-,-,-,-,-,-,-,-,-,-,-,-,36.95,-1.07%,"4,485"
UUSFR,-,-,-,-,-,-,-,-,-,-,-,-,-,50.47,0.04%,"6,233,954"
UUSG,-,-,-,-,-,-,-,-,-,-,-,-,-,34.65,0.49%,"1,101"
UUSGG,-,-,-,-,-,-,-,-,-,-,-,-,-,8.24,-7.20%,"435,751"
UUSGO,125.62M,-,-,-,-,13.90,16.84,-,10.91%,-,-62.17%,-,-,8.95,1.36%,"74,013"
UUSHY,-,-,-,-,-,-,-,-,-,-,-,-,-,36.83,-0.11%,"3,442,814"
UUSIG,-,-,-,-,-,-,-,-,-,-,-,-,-,50.12,-0.32%,"1,853,283"
UUSIN,-,-,-,-,-,-,-,-,-,-,-,-,-,48.85,-0.20%,52
UUSIO,69.82M,-,32.67,-,0.75,3.72,10.93,-,122.22%,275.00%,13.11%,-,21.50%,2.45,-11.23%,"776,677"
UUSL,-,-,-,-,-,-,-,-,-,-,-,-,-,52.13,2.73%,"15,480"
UUSLM,3.37B,25.17,20.64,2.11,8.95,4.85,8.38,36.76,7.92%,13.10%,36.10%,9.79%,18.32%,117.64,0.20%,"71,489"
UUSLN,-,-,-,-,-,-,-,-,-,-,-,-,-,50.61,0.00%,29
UUSLV,-,-,-,-,-,-,-,-,-,-,-,-,-,16.90,3.91%,"91,948"
UUSMC,-,-,-,-,-,-,-,-,-,-,-,-,-,76.46,-0.20%,"59,049"
UUSMD,-,-,-,-,-,-,-,-,-,-,-,-,-,32.26,-0.22%,12
UUSMF,-,-,-,-,-,-,-,-,-,-,-,-,-,54.44,0.29%,"9,072"
UUSML,-,-,-,-,-,-,-,-,-,-,-,-,-,47.26,0.00%,"8,782"
UUSMV,-,-,-,-,-,-,-,-,-,-,-,-,-,100.40,-0.72%,"1,345,972"
UUSNA,237.61M,-,7.27,-,0.26,0.45,1.41,14.92,-60.62%,132.89%,-37.06%,-,-4.00%,12.86,-3.81%,"242,168"
UUSNG,-,-,-,-,-,-,-,-,-,-,-,-,-,35.46,-0.26%,"4,302"
UUSNZ,-,-,-,-,-,-,-,-,-,-,-,-,-,48.90,-0.46%,12
UUSO,-,-,-,-,-,-,-,-,-,-,-,-,-,130.29,2.91%,"5,281,335"
UUSOI,-,-,-,-,-,-,-,-,-,-,-,-,-,46.44,1.66%,"270,129"
UUSOY,-,-,-,-,-,-,-,-,-,-,-,-,-,7.13,2.59%,"206,171"
UUSPH,1.17B,463.56,22.82,2.07,1.44,2.61,47.05,17.98,5.33%,24.13%,-10.50%,11.03%,13.05%,78.48,-3.40%,"205,449"
UUSPX,-,-,-,-,-,-,-,-,-,-,-,-,-,67.61,-0.49%,"34,720"
UUSRT,-,-,-,-,-,-,-,-,-,-,-,-,-,66.91,-0.67%,"369,402"
UUSSE,-,-,-,-,-,-,-,-,-,-,-,-,-,41.58,-0.06%,"20,800"
UUSSG,-,-,-,-,-,-,-,-,-,-,-,-,-,72.33,-0.58%,"7,167"
UUSSH,-,-,-,-,-,-,-,-,-,-,-,-,-,50.32,-0.01%,90
UUST,-,-,-,-,-,-,-,-,-,-,-,-,-,41.22,-0.22%,"7,214"
UUSTB,-,-,-,-,-,-,-,-,-,-,-,-,-,50.47,0.00%,"273,498"
UUSVM,-,-,-,-,-,-,-,-,-,-,-,-,-,111.73,-0.22%,"20,160"
UUSVN,-,-,-,-,-,-,-,-,-,-,-,-,-,47.08,-0.13%,28
UUSX,-,-,-,-,-,-,-,-,-,-,-,-,-,25.60,-0.84%,50
UUSXF,-,-,-,-,-,-,-,-,-,-,-,-,-,70.02,-0.11%,"50,456"
UUTEN,-,-,-,-,-,-,-,-,-,-,-,-,-,42.35,-0.26%,"30,255"
UUTES,-,-,-,-,-,-,-,-,-,-,-,-,-,77.87,-0.61%,"133,994"
UUTF,3.03B,6.84,-,-,20.78,1.06,-,-,-,-,-,-,-,27.10,0.30%,"375,962"
UUTG,3.73B,2.93,-,-,40.84,0.92,-,-,-,-,-,-,-,40.52,0.45%,"323,016"
UUTHR,21.81B,18.19,17.55,2.28,6.91,3.39,8.19,20.02,-6.09%,10.76%,19.27%,7.70%,16.50%,508.48,1.75%,"457,341"
UUTHY,-,-,-,-,-,-,-,-,-,-,-,-,-,38.46,-0.81%,"156,666"
UUTI,1.44B,42.51,35.20,9.07,1.63,4.18,8.19,-,-46.52%,22.93%,84.22%,3.88%,22.68%,26.15,3.98%,"1,500,881"
UUTL,985.87M,17.19,15.56,2.86,1.65,1.53,107.16,-,3.76%,5.95%,6.66%,5.44%,5.07%,54.06,-0.92%,"106,576"
UUTMD,223.53M,21.38,-,-,6.19,1.83,2.55,19.52,-,-,3.45%,-,-1.80%,70.21,-1.11%,"27,998"
UUTRE,-,-,-,-,-,-,-,-,-,-,-,-,-,49.01,-0.01%,945
UUTSI,22.98M,-,-,-,2.98,0.75,0.64,-,-,-,20.00%,-,-18.06%,2.42,-2.02%,"1,129"
UUTSL,-,-,-,-,-,-,-,-,-,-,-,-,-,41.38,-0.93%,"116,352"
UUTWO,-,-,-,-,-,-,-,-,-,-,-,-,-,48.01,-0.00%,"79,347"
UUTWY,-,-,-,-,-,-,-,-,-,-,-,-,-,40.88,-0.58%,120
UUTZ,2.04B,-,16.96,7.07,1.40,1.80,34.76,39.86,-5.31%,7.46%,-,2.40%,8.33%,14.15,-0.14%,"1,301,432"
UUUP,-,-,-,-,-,-,-,-,-,-,-,-,-,28.10,-0.04%,"643,376"
UUUPP,-,-,-,-,-,-,-,-,-,-,-,-,-,25.13,0.02%,6
UUUU,11.50M,-,-,-,10.18,3.33,3.10,-,-,-,-,-,-22.66%,3.80,10.30%,"66,736"
UUUUC,-,-,-,-,-,-,-,-,-,-,-,-,-,28.07,-4.47%,19
UUUUG,-,-,-,-,-,-,-,-,-,-,-,-,-,5.01,-4.21%,"318,859"
UUUUU,3.70B,-,97.79,-,34.96,4.66,3.95,-,34.21%,160.50%,-10.70%,-,108.88%,14.79,-2.05%,"5,273,022"
UUVE,1.19B,5.63,8.99,-,0.73,1.86,-,3.50,-21.77%,-2.06%,60.26%,-3.91%,8.38%,42.69,-1.20%,"171,927"
UUVIX,-,-,-,-,-,-,-,-,-,-,-,-,-,46.46,1.37%,"1,732,051"
UUVSP,1.19B,12.47,10.97,-,2.28,1.24,-,12.14,21.62%,3.15%,14.37%,-,13.48%,43.06,-0.23%,"128,493"
UUVV,1.10B,59.09,11.22,-,0.39,0.80,6.36,6.71,20.45%,24.21%,-18.13%,-,8.08%,44.32,-1.01%,"454,894"
UUVXY,-,-,-,-,-,-,-,-,-,-,-,-,-,20.31,1.04%,"7,161,375"
UUWM,-,-,-,-,-,-,-,-,-,-,-,-,-,68.26,-0.76%,"253,964"
UUWMC,2.39B,-,4.24,0.08,0.82,3.81,4.80,-,106.92%,41.42%,-,54.78%,-,1.49,-6.29%,"14,308,795"
UUX,-,-,-,-,-,-,-,-,-,-,-,-,-,29.27,1.32%,"1,666"
UUXAP,-,-,-,-,-,-,-,-,-,-,-,-,-,44.46,-0.47%,"1,139"
UUXI,-,-,-,-,-,-,-,-,-,-,-,-,-,63.67,-0.05%,"17,992"
UUXIN,248.42M,-,-,-,0.46,-,36.16,-,-,47.17%,59.50%,-,35.98%,1.13,-4.24%,"118,061"
UUXJA,-,-,-,-,-,-,-,-,-,-,-,-,-,39.40,-0.48%,38
UUXJL,-,-,-,-,-,-,-,-,-,-,-,-,-,37.59,-0.52%,235
UUXOC,-,-,-,-,-,-,-,-,-,-,-,-,-,40.56,-0.52%,"1,293"
UUXRP,-,-,-,-,-,-,-,-,-,-,-,-,-,8.78,0.23%,"57,361"
UUYG,-,-,-,-,-,-,-,-,-,-,-,-,-,97.55,-2.08%,"19,958"
UUYLD,-,-,-,-,-,-,-,-,-,-,-,-,-,51.11,0.02%,"151,849"
UUYM,-,-,-,-,-,-,-,-,-,-,-,-,-,30.98,-1.17%,"14,410"
UUYSC,56.60M,119.38,-,-,-,1.67,5659.78,-,-,-,-,-,-,10.84,-0.09%,107
UUZX,7.17M,-,-,-,238.85,15.86,-,-,-,-,-,-,-30.18%,0.12,-2.38%,"746,559"
VV,669.97B,30.80,23.91,1.69,15.06,19.34,42.16,31.88,15.24%,13.56%,16.47%,14.14%,12.86%,358.84,-1.46%,"15,543,432"
VVABK,250.59M,10.13,-,-,2.85,1.29,-,11.06,-,-,3.83%,-,19.78%,46.19,-1.28%,"5,263"
VVABS,-,-,-,-,-,-,-,-,-,-,-,-,-,24.24,-0.02%,239
VVAC,4.11B,-,13.01,1.70,0.80,2.00,8.01,41.51,15.06%,11.43%,-5.80%,7.64%,11.76%,119.47,-1.26%,"282,765"
VVACI,320.16M,115.09,-,-,-,1.42,450.93,-,-,-,-,-,-,10.22,-0.10%,"1,246,861"
VVAIE,-,-,-,-,-,-,-,-,-,-,-,-,-,25.05,-0.44%,"317,426"
VVAL,6.05B,6.50,12.40,-,2.83,1.87,11.05,-,-79.50%,144.87%,-,-16.90%,10.67%,87.08,1.71%,"917,301"
VVALE,58.52B,29.00,7.23,0.14,1.42,1.54,10.15,15.16,231.17%,4.37%,-10.52%,51.12%,-0.88%,13.75,0.88%,"10,426,643"
VVALG,-,-,-,-,-,-,-,-,-,-,-,-,-,15.44,1.83%,650
VVALN,669.43M,-,11.80,-,4.02,7.22,4.82,-,38.18%,160.77%,0.90%,-,9.40%,7.06,-0.98%,"164,502"
VVALQ,-,-,-,-,-,-,-,-,-,-,-,-,-,72.07,-0.73%,"4,753"
VVALU,336.78M,15.60,-,-,10.07,3.12,3.89,18.13,-,-,-1.05%,-,-3.70%,35.89,-4.47%,"3,693"
VVAMO,-,-,-,-,-,-,-,-,-,-,-,-,-,37.44,0.69%,757
VVANI,121.77M,-,-,-,-,6.36,6.12,-,25.58%,-22.92%,27.77%,2.38%,-,1.35,-3.57%,"124,846"
VVATE,103.13M,-,-,-,0.07,-,1.17,0.97,-,-,13.79%,-,11.69%,7.56,-5.03%,"315,385"
VVAVX,-,-,-,-,-,-,-,-,-,-,-,-,-,13.16,-1.46%,"3,623"
VVAW,-,-,-,-,-,-,-,-,-,-,-,-,-,234.44,-0.44%,"32,123"
VVB,-,-,-,-,-,-,-,-,-,-,-,-,-,307.97,-0.43%,"582,442"
VVBCA,-,-,-,-,-,-,-,-,-,-,-,-,-,75.61,0.02%,"5,492"
VVBCB,-,-,-,-,-,-,-,-,-,-,-,-,-,75.51,-0.03%,"7,883"
VVBCC,-,-,-,-,-,-,-,-,-,-,-,-,-,75.32,-0.02%,"5,504"
VVBCD,-,-,-,-,-,-,-,-,-,-,-,-,-,74.99,-0.03%,"6,136"
VVBCE,-,-,-,-,-,-,-,-,-,-,-,-,-,74.88,-0.10%,"7,462"
VVBCF,-,-,-,-,-,-,-,-,-,-,-,-,-,74.76,-0.13%,"4,631"
VVBCG,-,-,-,-,-,-,-,-,-,-,-,-,-,74.17,-0.21%,"3,390"
VVBCH,-,-,-,-,-,-,-,-,-,-,-,-,-,74.09,-0.33%,460
VVBCI,-,-,-,-,-,-,-,-,-,-,-,-,-,73.82,-0.32%,284
VVBCJ,-,-,-,-,-,-,-,-,-,-,-,-,-,73.56,-0.39%,"4,343"
VVBF,167.15M,14.34,-,-,15.90,0.88,-,-,-,-,-,-,-,14.63,-0.75%,"29,807"
VVBIL,-,-,-,-,-,-,-,-,-,-,-,-,-,75.62,0.01%,"2,440,209"
VVBIO,0.76M,-,-,-,1.58,0.18,0.36,-,-,-,59.16%,-,-,0.18,-4.25%,"27,449,059"
VVBK,-,-,-,-,-,-,-,-,-,-,-,-,-,366.24,0.10%,"120,752"
VVBNB,-,-,-,-,-,-,-,-,-,-,-,-,-,23.46,-0.19%,44
VVBND,-,-,-,-,-,-,-,-,-,-,-,-,-,42.94,-0.27%,"11,545"
VVBNK,643.68M,29.14,10.70,-,2.73,1.59,-,11.63,49.50%,47.98%,1.24%,-,27.67%,19.99,-2.15%,"84,230"
VVBR,-,-,-,-,-,-,-,-,-,-,-,-,-,249.76,-0.75%,"247,961"
VVBX,-,-,-,-,-,-,-,-,-,-,-,-,-,26.48,-0.82%,20
VVC,2.88B,19.65,10.29,0.55,0.76,1.79,4.43,17.99,10.16%,22.69%,-,18.64%,8.14%,107.80,-0.39%,"305,804"
VVCEB,-,-,-,-,-,-,-,-,-,-,-,-,-,61.28,-0.30%,"155,582"
VVCEL,2.23B,94.31,49.53,0.81,7.29,6.03,13.74,36.20,72.66%,59.28%,39.20%,61.01%,17.34%,43.59,-1.38%,"276,261"
VVCHY,-,-,-,-,-,-,-,-,-,-,-,-,-,75.05,-0.10%,"56,993"
VVCIG,2.38M,-,-,-,-,-,-,-,-,-,32.62%,-,136.56%,0.26,-0.97%,"1,654,388"
VVCIT,-,-,-,-,-,-,-,-,-,-,-,-,-,81.02,-0.26%,"8,829,514"
VVCLN,-,-,-,-,-,-,-,-,-,-,-,-,-,28.58,-0.17%,77
VVCLT,-,-,-,-,-,-,-,-,-,-,-,-,-,71.27,-0.72%,"2,395,514"
VVCOB,-,-,-,-,-,-,-,-,-,-,-,-,-,48.80,-0.23%,16
VVCR,-,-,-,-,-,-,-,-,-,-,-,-,-,393.28,-1.27%,"39,337"
VVCRB,-,-,-,-,-,-,-,-,-,-,-,-,-,75.88,-0.21%,"426,710"
VVCRE,-,-,-,-,-,-,-,-,-,-,-,-,-,12.23,-5.41%,"13,475"
VVCRM,-,-,-,-,-,-,-,-,-,-,-,-,-,74.98,-0.29%,"170,724"
VVCSH,-,-,-,-,-,-,-,-,-,-,-,-,-,78.60,-0.05%,"2,975,090"
VVCTR,7.31B,21.77,13.84,1.03,4.65,3.08,104.21,12.97,24.59%,7.97%,7.17%,13.45%,11.30%,118.81,0.49%,"552,993"
VVCV,520.62M,40.77,-,-,13.81,1.01,-,-,-,-,-,-,-,10.60,-1.49%,"55,520"
VVCX,1.16B,-,-,-,-,-,-,-,-,-,-,-,-,41.00,19.19%,"2,401,603"
VVCYT,3.38B,29.86,21.57,4.23,6.02,2.44,6.97,20.38,7.30%,2.14%,-,5.10%,34.50%,42.08,2.01%,"1,574,392"
VVDC,-,-,-,-,-,-,-,-,-,-,-,-,-,230.22,-1.31%,"144,005"
VVDE,-,-,-,-,-,-,-,-,-,-,-,-,-,176.62,1.11%,"485,842"
VVDG,-,-,-,-,-,-,-,-,-,-,-,-,-,83.01,0.28%,"4,541"
VVDI,-,-,-,-,-,-,-,-,-,-,-,-,-,37.27,0.33%,42
VVDIG,-,-,-,-,-,-,-,-,-,-,-,-,-,64.15,-0.69%,"3,233"
VVDV,-,-,-,-,-,-,-,-,-,-,-,-,-,79.74,0.47%,"14,355"
VVEA,-,-,-,-,-,-,-,-,-,-,-,-,-,73.69,0.15%,"6,582,674"
VVECA,132.26M,-,-,-,-,-,13226.00,-,-,-,-,-,-,10.00,0.00%,6
VVECO,3.33B,149.37,17.18,-,4.87,3.68,7.74,39.04,12.76%,111.20%,-,-,7.90%,54.40,3.82%,"743,452"
VVEEA,8.32M,-,-,-,30.82,0.95,9.35,-,-,-,-,-,-,0.13,-0.22%,"330,592"
VVEEE,6.17M,-,-,-,0.46,0.43,1.57,-,-,-,-,-,6.02%,10.74,-8.28%,"57,722"
VVEEV,38.72B,42.44,23.77,2.01,11.66,5.32,5.29,23.60,11.87%,10.66%,18.15%,11.85%,16.88%,238.34,-2.22%,"1,008,528"
VVEFA,-,-,-,-,-,-,-,-,-,-,-,-,-,85.01,0.31%,206
VVEGA,-,-,-,-,-,-,-,-,-,-,-,-,-,53.47,-0.10%,"2,984"
VVEGI,-,-,-,-,-,-,-,-,-,-,-,-,-,44.31,-0.49%,"34,532"
VVEGN,-,-,-,-,-,-,-,-,-,-,-,-,-,79.39,0.29%,"5,998"
VVEL,706.71M,6.60,5.97,1.39,1.03,0.97,2.88,29.40,-5.15%,8.70%,-,4.28%,29.35%,17.90,-1.43%,"106,872"
VVELL,-,-,-,-,-,-,-,-,-,-,-,-,-,6.63,-7.53%,"118,174"
VVELO,501.37M,-,-,-,8.71,3.42,5.50,-,75.64%,36.26%,47.31%,55.56%,19.36%,15.60,-3.50%,"1,309,729"
VVEM,-,-,-,-,-,-,-,-,-,-,-,-,-,27.77,1.31%,13
VVEMY,-,-,-,-,-,-,-,-,-,-,-,-,-,28.63,-0.05%,"14,937"
VVENU,104.55M,-,-,-,5.62,0.77,6.42,-,-10.00%,67.77%,-,-,-,1.85,-6.57%,"613,470"
VVEON,3.66B,75.18,6.74,0.52,0.77,2.42,1.36,4.17,-7.61%,24.46%,-,12.88%,-9.10%,57.48,0.70%,"100,960"
VVERA,2.28B,-,-,-,-,5.58,4.57,-,-34.16%,31.53%,-13.19%,55.90%,-,31.63,0.00%,"2,748,819"
VVERI,109.00M,-,-,-,1.22,2.84,7.83,-,27.06%,71.01%,-0.34%,63.27%,9.82%,1.09,-5.65%,"2,954,363"
VVERS,-,-,-,-,-,-,-,-,-,-,-,-,-,73.71,-0.59%,133
VVERU,44.84M,-,-,-,-,1.58,1.74,-,34.52%,2.96%,14.86%,24.70%,-,2.63,-3.66%,"127,169"
VVERX,2.02B,580.00,12.27,0.50,2.57,8.36,7.87,27.92,28.09%,23.97%,-,24.31%,14.84%,12.47,-1.97%,"1,142,592"
VVET,1.82B,-,12.16,-,1.34,1.19,31.52,7.48,113.69%,129.77%,15.76%,-,8.23%,11.88,4.76%,"932,581"
VVETZ,-,-,-,-,-,-,-,-,-,-,-,-,-,19.37,-0.23%,"50,083"
VVEU,-,-,-,-,-,-,-,-,-,-,-,-,-,85.85,0.20%,"1,657,805"
VVEXC,-,-,-,-,-,-,-,-,-,-,-,-,-,95.79,0.20%,"18,714"
VVFC,5.69B,21.09,10.72,0.46,0.60,3.23,8.37,9.20,29.59%,24.09%,-9.15%,23.54%,0.78%,14.48,-2.62%,"5,919,204"
VVFF,315.49M,13.87,9.74,0.34,1.37,1.01,4.33,-,2.78%,43.24%,-11.92%,29.03%,4.89%,2.58,1.98%,"1,158,223"
VVFH,-,-,-,-,-,-,-,-,-,-,-,-,-,141.16,-1.03%,"451,521"
VVFLO,-,-,-,-,-,-,-,-,-,-,-,-,-,53.33,-0.71%,"1,382,773"
VVFMF,-,-,-,-,-,-,-,-,-,-,-,-,-,186.96,-0.28%,"44,128"
VVFMO,-,-,-,-,-,-,-,-,-,-,-,-,-,241.24,0.98%,"51,847"
VVFMV,-,-,-,-,-,-,-,-,-,-,-,-,-,145.83,-0.77%,"14,496"
VVFQY,-,-,-,-,-,-,-,-,-,-,-,-,-,178.57,-0.44%,"8,688"
VVFS,7.30B,-,-,-,1.97,-,21.02,-,7.15%,33.68%,-76.22%,20.79%,-,3.12,-1.58%,"190,740"
VVFVA,-,-,-,-,-,-,-,-,-,-,-,-,-,160.59,-1.18%,"16,320"
VVG,34.38B,10.45,18.12,1.47,2.03,4.01,10.78,-,87.58%,-52.95%,-,12.30%,-,13.75,-1.72%,"12,395,890"
VVGAS,60.42M,-,-,-,-,1.05,1.13,-,-,-,-355.00%,-,-,1.37,-1.44%,"39,007"
VVGHY,-,-,-,-,-,-,-,-,-,-,-,-,-,74.53,-0.10%,"35,624"
VVGI,82.59M,7.77,-,-,-,-,-,-,-,-,-,-,-,7.30,-0.41%,"37,138"
VVGIT,-,-,-,-,-,-,-,-,-,-,-,-,-,58.38,-0.09%,"4,177,758"
VVGK,-,-,-,-,-,-,-,-,-,-,-,-,-,92.10,-0.29%,"2,781,112"
VVGLT,-,-,-,-,-,-,-,-,-,-,-,-,-,52.37,-0.66%,"2,100,994"
VVGM,562.39M,33.45,-,-,13.00,0.98,-,-,-,-,-,-,-,10.37,-1.33%,"216,100"
VVGMS,-,-,-,-,-,-,-,-,-,-,-,-,-,50.94,-0.15%,"82,440"
VVGNT,3.31B,-,5.95,-,-,38.97,5.98,-,-18.42%,6.56%,-,-0.51%,-,46.78,1.26%,"758,001"
VVGRO,-,-,-,-,-,-,-,-,-,-,-,-,-,26.01,-0.33%,192
VVGSH,-,-,-,-,-,-,-,-,-,-,-,-,-,58.14,0.00%,"3,380,969"
VVGSR,-,-,-,-,-,-,-,-,-,-,-,-,-,11.52,-0.62%,"139,941"
VVGT,-,-,-,-,-,-,-,-,-,-,-,-,-,122.54,-0.02%,"2,730,678"
VVGUS,-,-,-,-,-,-,-,-,-,-,-,-,-,75.58,0.00%,"152,881"
VVGVT,-,-,-,-,-,-,-,-,-,-,-,-,-,74.08,-0.16%,"1,072"
VVGZ,334.27M,-,-,-,-,6.58,6.75,-,-16.67%,-,-,-,-,2.29,-0.87%,"1,264,949"
VVHC,56.68M,-,-,-,515.26,3.79,4.08,-,-,-,-,-,-77.83%,13.54,-9.73%,"14,202"
VVHCP,308.20M,94.54,-,-,-,1.35,151.08,-,-,-,-,-,-,10.05,0.30%,12
VVHI,460.22M,-,-,-,0.21,0.44,2.10,7.34,-,-,-,-,2.35%,16.25,0.25%,"11,476"
VVHT,-,-,-,-,-,-,-,-,-,-,-,-,-,314.34,-0.11%,"151,984"
VVHUB,60.32M,-,-,-,118.27,-,23.56,-,-,-,-,-,-,0.66,0.05%,"71,387"
VVIA,2.07B,-,58.06,-,4.21,3.35,6.17,-,96.37%,1462.52%,-,-,-,25.42,-2.94%,"585,191"
VVIAG,-,-,-,-,-,-,-,-,-,-,-,-,-,15.95,11.22%,"12,246"
VVIAV,11.41B,-,23.71,0.66,7.52,7.88,17.38,137.86,64.37%,18.68%,-,35.88%,4.84%,46.26,6.25%,"6,139,296"
VVICE,-,-,-,-,-,-,-,-,-,-,-,-,-,32.31,-1.20%,952
VVICI,28.58B,10.07,8.75,1.63,6.98,0.98,99.23,10.84,7.60%,5.60%,8.40%,5.38%,26.73%,25.96,-1.52%,"6,816,660"
VVICR,11.69B,81.37,42.59,0.95,24.66,14.01,25.77,227.97,31.65%,73.22%,44.90%,44.74%,6.57%,253.50,7.99%,"810,280"
VVIDA,-,-,-,-,-,-,-,-,-,-,-,-,-,2.43,3.40%,"77,925"
VVIDI,-,-,-,-,-,-,-,-,-,-,-,-,-,40.21,0.18%,"10,687"
VVIG,-,-,-,-,-,-,-,-,-,-,-,-,-,244.37,-0.41%,"891,482"
VVIGI,-,-,-,-,-,-,-,-,-,-,-,-,-,98.83,-0.61%,"178,839"
VVII,196.60M,-,-,-,-,-,-,-,-,-,-,-,-,9.83,-0.15%,"15,474"
VVIK,44.55B,37.19,22.66,0.83,6.69,41.25,11.01,39.80,28.06%,31.85%,-,27.38%,79.58%,99.86,1.91%,"2,971,765"
VVINP,611.27M,13.66,7.99,0.35,3.05,1.55,2.94,18.98,15.75%,19.62%,1.16%,22.63%,21.58%,9.33,-2.10%,"65,607"
VVIOG,-,-,-,-,-,-,-,-,-,-,-,-,-,153.28,-0.15%,"15,310"
VVIOO,-,-,-,-,-,-,-,-,-,-,-,-,-,138.89,-0.42%,"61,164"
VVIOT,23.15M,2.47,11.67,-,0.07,0.22,0.12,-,-59.75%,50.00%,-4.31%,-,-16.74%,0.70,-0.17%,"53,436"
VVIOV,-,-,-,-,-,-,-,-,-,-,-,-,-,119.99,-0.64%,"40,527"
VVIP,34.28M,24.20,-,-,0.67,-,10.71,-,-,-,-,-,23.92%,1.89,2.72%,"222,705"
VVIPS,5.65B,6.65,5.25,1.76,0.38,1.13,1.26,-,1.20%,4.31%,9.21%,2.99%,-0.03%,14.04,-0.99%,"1,667,176"
VVIR,1.59B,-,-,-,5.24,1.62,2.97,-,44.55%,-41.77%,-4.76%,13.51%,-2.14%,9.39,1.62%,"1,460,798"
VVIRC,93.59M,-,18.03,0.37,0.48,0.91,25.09,19.79,-93.75%,3200.00%,-,49.07%,5.50%,5.95,-1.65%,"5,133"
VVIRT,9.23B,9.88,8.58,1.44,2.47,2.81,8.15,20.10,25.07%,-3.26%,-0.13%,5.96%,2.26%,59.50,-0.87%,"1,314,785"
VVIS,-,-,-,-,-,-,-,-,-,-,-,-,-,358.74,-0.06%,"67,230"
VVISN,2.69B,12.66,16.66,-,0.92,1.04,23.67,30.94,10.39%,-17.65%,-,-0.87%,-25.53%,11.66,1.13%,"7,060,310"
VVIST,8.01B,9.64,7.27,0.41,2.27,2.41,13.25,91.71,36.54%,6.57%,-,17.68%,55.33%,72.16,5.64%,"1,630,100"
VVITL,479.11M,-,35.43,-,0.63,1.69,22.56,-,-134.38%,163.64%,40.04%,-21.37%,28.80%,11.16,2.39%,"1,251,306"
VVIV,18.21B,14.65,9.31,0.39,1.56,1.44,10.81,8.83,29.74%,27.29%,4.58%,23.59%,4.99%,11.40,-0.09%,"1,380,844"
VVIVK,0.81M,-,-,-,0.01,0.01,2.61,-,-,-,-47.39%,-,134.97%,1.22,0.00%,"1,412,630"
VVIVO,82.27M,-,-,-,-,-,-,-,-,-,-38.56%,-,-73.65%,4.90,0.62%,"1,211,090"
VVIVS,4.72M,-,-,-,42.94,-,2.83,-,-,-,28.81%,-,-,0.32,-1.40%,"1,113,252"
VVIXM,-,-,-,-,-,-,-,-,-,-,-,-,-,14.35,1.06%,"243,410"
VVIXY,-,-,-,-,-,-,-,-,-,-,-,-,-,18.82,1.02%,"2,764,581"
VVKI,397.99M,35.84,-,-,12.54,0.98,-,-,-,-,-,-,-,8.96,-1.75%,"46,073"
VVKQ,541.18M,32.60,-,-,12.35,-,-,-,-,-,-,-,-,9.78,-1.21%,"140,402"
VVKTX,3.92B,-,-,-,-,9.61,7.82,-,-44.59%,4.78%,-42.46%,-4.68%,-,33.63,1.33%,"1,526,105"
VVLGEA,571.93M,11.40,-,-,0.24,1.11,4.44,10.14,-,-,17.24%,-,5.16%,42.80,-0.56%,"98,943"
VVLLU,-,-,-,-,-,-,-,-,-,-,-,-,-,26.97,-0.21%,155
VVLN,206.80M,-,-,-,2.88,2.13,2.45,-,9.52%,39.47%,33.55%,40.16%,4.41%,1.91,-1.55%,"1,057,054"
VVLO,99.97B,14.40,11.86,0.48,0.72,4.00,12.65,9.88,293.34%,-29.85%,-,24.57%,13.60%,347.19,1.62%,"2,161,250"
VVLOS,384.89M,94.69,-,-,-,1.32,2749.23,-,-,-,-,-,-,10.71,-0.42%,124
VVLRS,873.62M,-,-,-,0.27,12.94,1.06,1.55,-89.66%,96.32%,14.24%,-,23.76%,7.60,-3.55%,"260,028"
VVLT,65.18M,14.10,-,-,8.93,0.91,-,-,-,-,-,-,-,10.01,-1.18%,"13,443"
VVLTO,23.59B,24.39,20.24,1.93,4.14,7.63,11.13,22.53,12.10%,9.34%,5.00%,10.47%,4.82%,96.75,-0.95%,"862,666"
VVLU,-,-,-,-,-,-,-,-,-,-,-,-,-,248.79,-0.73%,"5,771"
VVLUE,-,-,-,-,-,-,-,-,-,-,-,-,-,204.03,-0.02%,"366,904"
VVLY,8.26B,12.61,9.66,0.47,2.32,1.09,-,14.12,29.26%,20.86%,1.58%,20.64%,17.53%,14.94,-0.47%,"4,727,918"
VVMAR,4.66M,-,-,-,0.34,0.04,3.85,-,-,-,38.88%,-,50.42%,0.71,7.37%,"659,707"
VVMAX,-,-,-,-,-,-,-,-,-,-,-,-,-,65.40,-0.25%,218
VVMBS,-,-,-,-,-,-,-,-,-,-,-,-,-,46.11,-0.13%,"1,144,607"
VVMC,36.04B,32.83,25.90,1.57,4.44,4.25,124.84,35.09,14.25%,17.51%,13.09%,16.45%,10.33%,278.15,-1.37%,"702,293"
VVMD,344.70M,24.73,15.21,0.45,1.14,2.39,32.27,11.79,14.86%,40.00%,-14.01%,33.48%,15.53%,9.05,-1.63%,"350,739"
VVMET,1.12B,11.17,-,-,15.14,1.36,43.08,30.72,-,-,-,-,-,10.32,1.88%,"270,868"
VVMI,9.78B,19.73,19.60,1.31,2.31,5.56,70.36,30.37,21.03%,11.92%,20.66%,14.96%,7.24%,506.79,2.33%,"230,631"
VVMO,656.87M,34.79,-,-,12.27,0.95,-,-,-,-,-,-,-,9.74,-1.12%,"129,531"
VVMSB,-,-,-,-,-,-,-,-,-,-,-,-,-,49.60,-0.16%,12
VVNAM,-,-,-,-,-,-,-,-,-,-,-,-,-,23.16,-0.61%,"8,859"
VVNCE,79.53M,8.88,8.72,-,0.26,1.65,104.64,28.30,34.09%,20.34%,-,-,6.41%,6.19,-1.75%,"67,093"
VVNDA,318.04M,-,-,-,1.47,1.44,1.87,-,19.32%,65.87%,-,54.89%,-2.73%,5.26,0.77%,"795,412"
VVNET,2.21B,-,85.94,-,1.51,3.68,1.74,-,58.18%,254.75%,49.08%,-,14.62%,7.92,4.21%,"7,113,049"
VVNIE,-,-,-,-,-,-,-,-,-,-,-,-,-,25.82,0.02%,10
VVNLA,-,-,-,-,-,-,-,-,-,-,-,-,-,48.92,-0.02%,"311,319"
VVNM,-,-,-,-,-,-,-,-,-,-,-,-,-,17.15,-0.06%,"399,033"
VVNME,256.63M,36.38,-,-,-,1.24,855.43,-,-,-,-,-,-,10.27,0.00%,8
VVNO,7.71B,1528.23,127.51,-,4.21,1.54,9.77,17.44,-104.19%,268.74%,-,-,3.45%,37.90,-2.82%,"1,164,891"
VVNOM,15.46B,337.12,18.37,1.18,7.85,1.64,200.82,10.34,56.14%,-9.58%,29.81%,15.63%,40.37%,43.05,1.80%,"1,197,008"
VVNQ,-,-,-,-,-,-,-,-,-,-,-,-,-,97.98,-0.86%,"2,565,070"
VVNQI,-,-,-,-,-,-,-,-,-,-,-,-,-,45.26,-0.50%,"272,708"
VVNRX,6.83M,-,-,-,2.78,-,2.45,-,54.32%,60.32%,13.42%,62.43%,164.15%,0.50,-6.96%,"453,511"
VVNSE,-,-,-,-,-,-,-,-,-,-,-,-,-,42.75,-0.20%,22
VVNT,4.37B,13.43,8.52,0.95,1.42,3.70,16.44,11.36,9.05%,8.74%,6.42%,8.98%,2.60%,32.33,-1.55%,"1,118,951"
VVNTG,19.78M,-,-,-,1.11,2.24,2.23,-,-,-,-,-,-,0.64,-3.21%,"5,414"
VVO,-,-,-,-,-,-,-,-,-,-,-,-,-,84.06,-0.47%,"3,198,980"
VVOC,55.08M,8.00,-,-,7.32,6.07,36.00,-,-,-,14.09%,-,11.48%,3.24,2.21%,"80,044"
VVOD,37.44B,-,11.61,1.53,0.80,0.64,2.06,3.76,-7.94%,20.44%,-,7.61%,-1.68%,16.20,-1.34%,"3,899,032"
VVOE,-,-,-,-,-,-,-,-,-,-,-,-,-,209.72,-0.61%,"218,813"
VVOGX,219.02M,-,-,-,-,-,876.08,-,-,-,-,-,-,15.75,6.56%,"32,027"
VVOLT,-,-,-,-,-,-,-,-,-,-,-,-,-,39.31,1.39%,"291,393"
VVONE,-,-,-,-,-,-,-,-,-,-,-,-,-,350.19,-0.47%,"42,684"
VVONG,-,-,-,-,-,-,-,-,-,-,-,-,-,128.75,-0.19%,"1,072,513"
VVONV,-,-,-,-,-,-,-,-,-,-,-,-,-,112.55,-0.77%,"640,300"
VVOO,-,-,-,-,-,-,-,-,-,-,-,-,-,710.27,-0.47%,"5,748,264"
VVOOG,-,-,-,-,-,-,-,-,-,-,-,-,-,85.05,-0.36%,"868,519"
VVOOV,-,-,-,-,-,-,-,-,-,-,-,-,-,228.54,-0.58%,"63,389"
VVOOX,-,-,-,-,-,-,-,-,-,-,-,-,-,25.45,-0.90%,"5,244"
VVOR,1.36B,-,-,-,-,-,2.92,-,89.75%,48.64%,-21.58%,61.35%,-,23.01,-0.09%,"791,080"
VVOT,-,-,-,-,-,-,-,-,-,-,-,-,-,312.45,-0.50%,"110,597"
VVOTE,-,-,-,-,-,-,-,-,-,-,-,-,-,91.18,-0.43%,"24,180"
VVOX,-,-,-,-,-,-,-,-,-,-,-,-,-,185.83,-1.77%,"197,808"
VVOXP,-,-,-,-,-,-,-,-,-,-,-,-,-,40.21,-0.36%,"2,184"
VVOXR,369.71M,7.83,31.92,-,11.08,2.42,11.88,17.28,3400.00%,-52.38%,-,-,165.40%,5.32,2.11%,"763,675"
VVOYA,9.07B,16.89,8.78,0.67,1.11,1.94,-,7.61,3.49%,24.48%,61.06%,13.09%,1.37%,100.14,-1.36%,"882,766"
VVOYG,2.68B,-,-,-,15.41,8.01,7.19,-,-53.25%,50.70%,-,36.38%,-,43.98,2.33%,"1,665,250"
VVPC,-,-,-,-,-,-,-,-,-,-,-,-,-,15.66,-1.12%,"2,888"
VVPFF,-,-,-,-,-,-,-,-,-,-,-,-,-,25.30,-0.66%,114
VVPG,1.02B,258.58,42.55,0.50,3.09,3.05,13.41,-,15.95%,215.32%,-12.87%,84.57%,2.63%,76.23,4.83%,"951,638"
VVPL,-,-,-,-,-,-,-,-,-,-,-,-,-,117.19,0.70%,"436,976"
VVPLS,-,-,-,-,-,-,-,-,-,-,-,-,-,76.27,-0.20%,"146,758"
VVPU,-,-,-,-,-,-,-,-,-,-,-,-,-,191.01,-0.38%,"180,579"
VVPV,199.72M,39.89,-,-,13.74,1.01,-,-,-,-,-,-,-,11.17,-0.89%,"25,476"
VVRA,90.15M,-,-,-,0.33,0.71,7.21,96.93,52.54%,89.29%,-,-,-10.45%,3.17,-3.06%,"143,356"
VVRAI,-,-,-,-,-,-,-,-,-,-,-,-,-,28.68,0.17%,816
VVRAX,2.24M,-,-,-,224.01,0.21,0.35,-,-,-,2.45%,-,-36.86%,2.81,-1.75%,"26,626"
VVRC,-,-,-,-,-,-,-,-,-,-,-,-,-,21.29,-0.98%,553
VVRCA,84.01M,-,-,-,2.77,19.50,7.50,-,-20.68%,28.48%,37.12%,4.14%,-,4.89,-1.61%,"179,717"
VVRDN,2.62B,-,-,-,36.78,4.64,2.67,-,-18.42%,34.08%,36.07%,53.55%,132.18%,23.09,4.57%,"1,892,817"
VVREX,777.17M,35.37,16.87,1.29,0.90,1.57,7.83,-,-1.33%,23.20%,-2.62%,13.04%,2.73%,18.46,-0.16%,"1,064,208"
VVRIG,-,-,-,-,-,-,-,-,-,-,-,-,-,25.11,0.04%,"432,035"
VVRM,50.56M,-,-,-,0.54,0.51,0.67,0.70,-,-,63.01%,-,-39.26%,9.66,-10.97%,"10,573"
VVRME,8.77M,-,-,-,0.79,0.88,1.72,-,-,-,23.49%,-,116.72%,0.67,1.24%,"97,854"
VVRNS,4.96B,-,104.53,1.83,7.19,11.15,7.10,40.66,-17.75%,178.96%,-2.55%,56.99%,16.30%,43.17,-4.05%,"964,732"
VVRP,-,-,-,-,-,-,-,-,-,-,-,-,-,24.13,-0.21%,"418,100"
VVRRM,699.12M,17.39,4.85,-,0.69,3.13,11.97,7.45,-13.51%,-16.87%,-,-5.91%,19.99%,4.60,-2.54%,"3,120,977"
VVRSK,22.86B,26.99,20.21,1.86,7.29,-,41.39,18.49,7.72%,12.68%,8.51%,10.87%,1.99%,175.62,-3.33%,"1,005,027"
VVRSN,24.63B,29.61,24.60,1.94,14.42,-,23.82,23.10,11.12%,13.27%,4.49%,12.68%,5.54%,272.77,-4.04%,"793,925"
VVRT,112.58B,66.17,31.90,0.79,9.81,23.66,35.45,38.43,60.09%,36.35%,-,40.52%,18.54%,292.43,-0.48%,"3,575,951"
VVRTL,-,-,-,-,-,-,-,-,-,-,-,-,-,35.86,-0.65%,"94,266"
VVRTS,1.11B,9.58,6.85,12.92,1.34,1.18,3.88,4.98,-6.13%,4.40%,14.78%,0.53%,6.40%,168.14,-0.53%,"93,254"
VVRTX,130.67B,29.99,24.17,2.15,10.29,6.45,16.62,34.42,1.83%,13.83%,8.28%,11.24%,14.23%,515.55,1.94%,"1,111,401"
VVRXA,58.82M,8.68,-,-,-,-,1960.79,-,-,-,-,-,-,1.86,-0.53%,"47,214"
VVS,6.42M,-,-,-,4.25,0.69,4.72,-,-,-,69.68%,-,9.45%,1.31,-7.09%,"8,737"
VVSA,2.06M,-,-,-,0.02,-,6.05,-,-,-,-,-,-77.91%,3.32,0.00%,"24,570"
VVSAT,11.21B,-,-,-,2.42,2.42,6.46,19.39,-490.86%,0.31%,-,-,15.51%,81.41,-1.76%,"1,578,461"
VVSDA,-,-,-,-,-,-,-,-,-,-,-,-,-,60.10,-0.91%,"7,786"
VVSDB,-,-,-,-,-,-,-,-,-,-,-,-,-,76.00,-0.03%,"55,537"
VVSDM,-,-,-,-,-,-,-,-,-,-,-,-,-,76.19,-0.10%,"112,600"
VVSEC,6.83B,89.73,31.53,1.04,5.03,2.33,90.67,-,59.74%,23.34%,-,30.18%,10.95%,243.48,0.69%,"319,929"
VVSGX,-,-,-,-,-,-,-,-,-,-,-,-,-,83.74,0.16%,"195,405"
VVSH,5.46B,185.89,19.97,-,1.64,1.87,4.19,-,1796.67%,110.02%,-,-,4.17%,35.58,1.43%,"3,222,847"
VVSHY,-,-,-,-,-,-,-,-,-,-,-,-,-,21.73,-0.16%,188
VVSLU,-,-,-,-,-,-,-,-,-,-,-,-,-,48.67,-0.86%,"21,977"
VVSME,3.34M,-,-,-,3.48,6.26,23.87,-,-,-,-17.67%,-,-9.02%,1.21,-6.92%,"235,624"
VVSMV,-,-,-,-,-,-,-,-,-,-,-,-,-,60.67,-0.67%,"3,957"
VVSNT,5.44B,7.38,5.88,0.62,0.82,0.67,3.68,3.18,-28.24%,63.27%,-,9.47%,-,39.23,-1.06%,"1,388,221"
VVSOL,-,-,-,-,-,-,-,-,-,-,-,-,-,10.15,0.92%,"14,115"
VVSS,-,-,-,-,-,-,-,-,-,-,-,-,-,160.22,0.18%,"181,386"
VVST,49.04B,24.66,13.73,0.17,2.79,16.33,103.02,21.75,315.86%,17.35%,10.93%,78.66%,8.94%,146.11,-1.36%,"4,037,735"
VVSTL,-,-,-,-,-,-,-,-,-,-,-,-,-,23.16,-2.61%,"79,245"
VVSTM,650.25M,-,-,-,7.43,13.00,4.77,-,46.62%,22.08%,10.63%,33.79%,10.80%,7.18,9.12%,"2,284,012"
VVSTS,1.77B,-,17.26,0.30,0.66,2.02,30.74,12.99,144.82%,26.94%,-,56.86%,1.31%,13.41,0.60%,"1,516,237"
VVSXY,6.69B,34.44,15.25,0.55,0.99,8.41,32.30,21.29,54.09%,19.30%,-,27.62%,3.90%,84.10,-5.53%,"1,965,028"
VVT,-,-,-,-,-,-,-,-,-,-,-,-,-,161.83,-0.26%,"3,566,337"
VVTAK,0.82M,-,-,-,0.43,0.05,0.45,-,-,-,84.88%,-,25.89%,0.23,-18.57%,"3,587,272"
VVTC,-,-,-,-,-,-,-,-,-,-,-,-,-,74.95,-0.31%,"56,288"
VVTEB,-,-,-,-,-,-,-,-,-,-,-,-,-,49.64,-0.24%,"11,085,058"
VVTEC,-,-,-,-,-,-,-,-,-,-,-,-,-,98.85,-0.30%,"537,367"
VVTEI,-,-,-,-,-,-,-,-,-,-,-,-,-,99.31,-0.20%,"49,478"
VVTEL,-,-,-,-,-,-,-,-,-,-,-,-,-,101.97,-0.46%,"32,803"
VVTES,-,-,-,-,-,-,-,-,-,-,-,-,-,100.81,-0.07%,"182,767"
VVTEX,593.66M,17650.00,13.85,1.17,2.35,2.61,3.19,12.89,0.08%,25.17%,-,11.82%,19.51%,3.53,-5.61%,"886,384"
VVTG,-,-,-,-,-,-,-,-,-,-,-,-,-,74.11,-0.16%,"60,059"
VVTGN,11.54M,-,-,-,4.62,0.47,0.36,-,19.40%,-4.41%,34.11%,3.20%,3.10%,0.26,-2.84%,"1,035,057"
VVTHR,-,-,-,-,-,-,-,-,-,-,-,-,-,342.02,-0.42%,"16,927"
VVTI,-,-,-,-,-,-,-,-,-,-,-,-,-,382.13,-0.45%,"3,529,837"
VVTIP,-,-,-,-,-,-,-,-,-,-,-,-,-,49.70,-0.01%,"1,823,962"
VVTIX,57.22M,-,-,-,13.46,18.05,6.04,-,12.33%,37.50%,-,-,-,1.69,-4.52%,"229,638"
VVTMX,2.98B,7.36,19.94,-,9.39,1.00,7.38,22.11,-7.22%,-35.43%,19.58%,-12.71%,14.14%,33.80,-0.44%,"40,840"
VVTN,161.03M,36.63,-,-,13.50,0.99,-,-,-,-,-,-,-,10.99,-2.14%,"28,309"
VVTOL,1.37B,13.27,8.84,0.72,0.87,1.26,4.35,-,-17.71%,46.91%,13.24%,12.34%,4.82%,46.15,-0.82%,"130,564"
VVTP,-,-,-,-,-,-,-,-,-,-,-,-,-,75.07,-0.21%,"51,747"
VVTR,47.80B,167.22,93.22,2.94,7.42,3.19,213.59,33.16,11.85%,61.92%,-14.17%,31.69%,8.99%,91.17,-0.38%,"2,910,985"
VVTRS,18.64B,-,6.07,0.83,1.26,1.31,13.22,9.54,6.37%,7.02%,-21.93%,7.32%,3.66%,16.23,0.00%,"7,888,445"
VVTS,700.19M,-,62.75,-,2.46,1.14,795.67,20.18,-107.27%,573.21%,-,-18.30%,21.47%,16.63,2.53%,"461,099"
VVTSI,35.20M,-,47.85,-,2.01,0.80,2.46,-,-1050.00%,134.21%,-34.41%,-,3.25%,3.11,-3.72%,"81,017"
VVTV,-,-,-,-,-,-,-,-,-,-,-,-,-,226.69,-0.36%,"2,460,693"
VVTVT,123.81M,-,-,-,3.36,1.57,1.43,-,58.33%,-226.40%,14.99%,-12.88%,-,31.31,3.95%,"38,770"
VVTWG,-,-,-,-,-,-,-,-,-,-,-,-,-,288.16,-0.21%,"18,844"
VVTWO,-,-,-,-,-,-,-,-,-,-,-,-,-,122.94,-0.30%,"1,642,652"
VVTWV,-,-,-,-,-,-,-,-,-,-,-,-,-,199.84,-0.46%,"26,574"
VVUG,-,-,-,-,-,-,-,-,-,-,-,-,-,88.87,-0.53%,"4,528,887"
VVUS,-,-,-,-,-,-,-,-,-,-,-,-,-,30.69,0.27%,108
VVUSB,-,-,-,-,-,-,-,-,-,-,-,-,-,49.73,0.02%,"1,440,878"
VVUSE,-,-,-,-,-,-,-,-,-,-,-,-,-,73.86,-0.45%,"8,468"
VVUSG,-,-,-,-,-,-,-,-,-,-,-,-,-,66.55,-0.06%,"6,522"
VVUSI,-,-,-,-,-,-,-,-,-,-,-,-,-,50.30,0.03%,64
VVUSV,-,-,-,-,-,-,-,-,-,-,-,-,-,72.39,-0.81%,"3,674"
VVUZI,260.84M,-,-,-,44.13,12.35,15.08,-,19.05%,2.94%,4.52%,-,-11.52%,3.09,-0.32%,"2,985,687"
VVV,-,-,-,-,-,-,-,-,-,-,-,-,-,356.04,-0.47%,"183,622"
VVVOS,4.19M,-,-,-,0.20,-,2.36,-,29.31%,46.01%,39.15%,-,5.95%,0.30,-12.26%,"661,016"
VVVR,451.00M,32.56,-,-,5.60,0.79,-,-,-,-,-,-,-,2.93,-1.68%,"674,916"
VVVV,4.31B,42.83,16.93,1.07,2.20,10.35,51.22,31.87,10.60%,13.55%,-0.57%,15.78%,-6.18%,33.80,-1.14%,"1,990,894"
VVVX,2.59B,28.47,11.92,0.88,0.53,2.28,12.09,20.04,18.82%,11.39%,-4.89%,13.58%,26.27%,82.65,-0.42%,"454,699"
VVWAV,39.45M,-,-,-,-,0.29,2.77,-,-,-,-108.70%,-,-,1.43,-19.66%,"3,254,704"
VVWO,-,-,-,-,-,-,-,-,-,-,-,-,-,60.39,0.47%,"5,054,142"
VVWOB,-,-,-,-,-,-,-,-,-,-,-,-,-,65.90,-0.35%,"363,465"
VVXF,-,-,-,-,-,-,-,-,-,-,-,-,-,249.90,-0.28%,"284,904"
VVXUS,-,-,-,-,-,-,-,-,-,-,-,-,-,87.87,0.19%,"5,036,178"
VVXX,-,-,-,-,-,-,-,-,-,-,-,-,-,19.50,0.75%,"8,043,012"
VVXZ,-,-,-,-,-,-,-,-,-,-,-,-,-,50.51,0.88%,"35,839"
VVYGR,199.03M,-,-,-,5.78,1.28,1.71,-,16.46%,23.24%,-,15.26%,-25.09%,3.23,-1.22%,"238,835"
VVYLD,-,-,-,-,-,-,-,-,-,-,-,-,-,30.41,-0.12%,644
VVYM,-,-,-,-,-,-,-,-,-,-,-,-,-,165.68,-0.50%,"1,070,971"
VVYMI,-,-,-,-,-,-,-,-,-,-,-,-,-,104.42,-0.20%,"752,837"
VVYX,1.06B,18.89,7.50,1.63,0.42,1.14,4.24,-,1.78%,12.01%,-,4.60%,-15.42%,7.70,-5.64%,"2,655,615"
VVZ,199.68B,12.52,9.16,1.50,1.44,1.92,103.62,9.27,6.00%,5.06%,-1.14%,6.11%,1.50%,48.06,-0.87%,"14,466,224"
VVZLA,1.29B,-,3.02,-,-,3.59,3.00,-,50.80%,2330.99%,-2.69%,-,-,3.65,-2.93%,"6,576,965"
WW,14.12B,-,26.43,1.06,1.09,-,12.35,32.61,9.21%,37.37%,-,25.02%,-2.51%,103.08,1.43%,"3,138,228"
WWAB,50.78B,40.49,24.16,1.49,4.24,4.53,75.80,29.63,21.10%,14.54%,25.74%,16.21%,8.13%,300.65,0.55%,"1,224,625"
WWABC,1.38B,13.12,12.73,-,5.18,1.60,-,12.69,2.54%,0.86%,8.69%,-,5.50%,59.50,-0.63%,"111,619"
WWABF,-,-,-,-,-,-,-,-,-,-,-,-,-,24.49,-0.20%,188
WWAFD,2.79B,11.90,11.23,1.19,2.01,1.03,-,12.31,25.19%,2.13%,3.11%,9.47%,14.32%,37.76,-0.47%,"368,967"
WWAFU,6.04M,-,-,-,0.95,0.60,0.67,-,-,-,-,-,-5.69%,1.37,-1.44%,"126,322"
WWAGN,-,-,-,-,-,-,-,-,-,-,-,-,-,15.22,-0.33%,"96,912"
WWAL,8.92B,9.21,7.35,0.56,1.57,1.18,-,-,3.94%,22.46%,11.62%,13.13%,32.53%,81.72,-0.73%,"629,425"
WWALD,177.87M,-,-,-,0.65,0.35,5.58,-,69.15%,6.93%,-625.80%,-,-,1.36,0.74%,"159,352"
WWAMA,-,-,-,-,-,-,-,-,-,-,-,-,-,27.09,-0.49%,"14,360"
WWANT,-,-,-,-,-,-,-,-,-,-,-,-,-,41.05,-3.84%,"26,075"
WWAR,-,-,-,-,-,-,-,-,-,-,-,-,-,34.09,0.30%,"30,907"
WWARP,-,-,-,-,-,-,-,-,-,-,-,-,-,23.01,1.34%,"44,926"
WWASH,767.17M,13.93,11.36,-,2.02,1.39,-,9.19,18.49%,10.25%,-7.51%,-,8.26%,40.22,0.07%,"108,807"
WWAT,40.06B,51.90,24.93,2.20,10.62,2.62,86.71,166.44,11.01%,12.20%,5.19%,11.34%,6.00%,407.74,-1.07%,"609,016"
WWATR,-,16.21,-,-,-,0.35,-,-,-,-,-,-,-,2.51,-36.46%,"973,917"
WWATS,-,-,-,-,-,-,-,-,-,-,-,-,-,21.11,-2.04%,569
WWATT,81.52M,-,20.49,-,7.78,2.03,2.61,-,44.58%,120.11%,57.37%,-,76.64%,14.75,-5.21%,"199,809"
WWAVE,43.49M,-,-,-,1087.32,5.55,5.18,-,-24.60%,8.92%,-45.83%,-,-,6.97,-2.52%,"4,975"
WWAY,4.73B,35.14,13.14,0.86,3.92,1.19,21.09,19.22,17.58%,12.48%,-,15.23%,17.41%,24.68,-0.40%,"1,373,051"
WWB,1.19B,5.39,5.18,-,0.67,0.48,0.46,-,-14.71%,3.79%,4.27%,-2.73%,0.80%,7.56,-1.43%,"684,849"
WWBD,70.12B,-,2013.70,-,1.94,2.13,20.43,32.17,-496.42%,101.21%,-30.70%,-,28.53%,27.93,-0.21%,"13,857,580"
WWBI,3.92B,425.44,40.60,-,5.23,2.32,82.39,-,210.82%,45.99%,-,-,-,31.78,0.16%,"624,983"
WWBIF,-,-,-,-,-,-,-,-,-,-,-,-,-,36.67,-0.98%,"3,791"
WWBIG,-,-,-,-,-,-,-,-,-,-,-,-,-,26.74,-0.73%,651
WWBIL,-,-,-,-,-,-,-,-,-,-,-,-,-,41.22,-1.00%,"1,042"
WWBIY,-,-,-,-,-,-,-,-,-,-,-,-,-,38.15,-1.38%,"5,048"
WWBS,12.75B,12.80,11.06,1.47,2.86,1.35,-,9.70,9.34%,9.51%,20.26%,7.53%,28.17%,78.69,-0.39%,"7,224,599"
WWBTN,1.14B,-,116.81,-,0.84,0.98,1.96,-,91.57%,132.20%,-,-,-,8.43,1.75%,"347,695"
WWBUY,4.60M,-,-,-,0.24,0.58,1.50,-,-,-,24.88%,-,-4.13%,0.84,-0.63%,"22,364"
WWBX,74.10M,-,-,-,0.52,-,2.59,-,-314.82%,61.30%,-10.51%,-,48.83%,3.00,-3.23%,"7,488"
WWCAP,-,-,-,-,-,-,-,-,-,-,-,-,-,9.53,0.22%,"8,145"
WWCBR,-,-,-,-,-,-,-,-,-,-,-,-,-,41.17,-2.83%,"80,893"
WWCC,18.18B,25.78,18.63,0.83,0.73,3.48,22.47,117.19,30.31%,19.00%,53.91%,22.40%,13.79%,372.96,3.16%,"423,381"
WWCEO,-,-,-,-,-,-,-,-,-,-,-,-,-,39.64,-0.73%,"3,074"
WWCLD,-,-,-,-,-,-,-,-,-,-,-,-,-,39.77,-2.45%,"379,129"
WWCME,-,-,-,-,-,-,-,-,-,-,-,-,-,19.20,1.17%,"4,502"
WWCMG,-,-,-,-,-,-,-,-,-,-,-,-,-,22.22,0.17%,"4,052"
WWCMI,-,-,-,-,-,-,-,-,-,-,-,-,-,20.11,0.00%,"477,374"
WWCN,41.59B,39.82,26.52,2.77,4.26,5.25,423.62,36.03,9.44%,10.41%,39.94%,9.59%,11.69%,165.01,-0.77%,"877,720"
WWCPB,-,-,-,-,-,-,-,-,-,-,-,-,-,25.10,-0.16%,"38,027"
WWCT,2.83M,-,-,-,16.67,1.98,7.87,-,-,-,-,-,18.94%,0.93,-1.94%,"237,192"
WWD,1.40B,36.30,9.53,0.19,1.10,0.79,3.32,-,72.97%,50.53%,-26.54%,51.25%,3.23%,40.70,-4.37%,"427,552"
WWDAF,-,-,-,-,-,-,-,-,-,-,-,-,-,32.89,1.17%,"6,093"
WWDAI,-,-,-,-,-,-,-,-,-,-,-,-,-,29.12,-0.51%,232
WWDAY,47.22B,59.64,15.13,0.90,4.79,7.12,10.83,15.89,16.70%,17.31%,-,16.86%,17.27%,191.18,-3.77%,"4,584,242"
WWDC,184.75B,22.17,16.45,0.26,14.30,21.83,117.01,52.62,97.80%,61.17%,55.65%,63.94%,-5.26%,536.01,5.35%,"9,305,323"
WWDCC,-,-,-,-,-,-,-,-,-,-,-,-,-,19.20,11.66%,"36,715"
WWDCX,-,-,-,-,-,-,-,-,-,-,-,-,-,25.44,10.63%,"3,024,483"
WWDE,-,-,-,-,-,-,-,-,-,-,-,-,-,25.05,-0.12%,6
WWDEF,-,-,-,-,-,-,-,-,-,-,-,-,-,33.17,-0.61%,"42,114"
WWDFC,3.07B,34.79,35.53,14.04,4.56,11.04,51.97,38.66,-8.28%,5.05%,8.72%,2.53%,8.70%,229.01,-0.10%,"87,370"
WWDGF,-,-,-,-,-,-,-,-,-,-,-,-,-,34.47,-0.60%,165
WWDH,280.69M,4.72,9.57,0.12,0.45,0.49,1.06,-,299.43%,17.58%,-,77.40%,4.75%,1.00,0.00%,"353,405"
WWDI,-,-,-,-,-,-,-,-,-,-,-,-,-,13.22,-0.08%,"174,415"
WWDIG,-,-,-,-,-,-,-,-,-,-,-,-,-,46.33,0.21%,750
WWDIV,-,-,-,-,-,-,-,-,-,-,-,-,-,84.95,-0.49%,"6,575"
WWDNA,-,-,-,-,-,-,-,-,-,-,-,-,-,21.45,1.48%,"1,621"
WWDRN,-,-,-,-,-,-,-,-,-,-,-,-,-,29.02,-0.85%,"14,227"
WWDS,44.76B,16.60,13.97,8.57,3.45,1.25,7.84,-,24.62%,-5.17%,-,1.63%,29.05%,23.61,1.90%,"440,441"
WWDTE,-,-,-,-,-,-,-,-,-,-,-,-,-,29.91,-0.26%,"15,744"
WWEA,124.35M,8.96,-,-,9.01,0.91,-,-,-,-,-,-,-,10.48,-0.38%,"28,086"
WWEAT,-,-,-,-,-,-,-,-,-,-,-,-,-,25.00,0.12%,"455,256"
WWEAV,442.40M,-,22.34,0.36,1.72,5.20,5.64,40.15,112.50%,45.59%,11.11%,61.98%,24.50%,5.53,1.28%,"1,438,793"
WWEBL,-,-,-,-,-,-,-,-,-,-,-,-,-,28.47,-4.66%,"149,034"
WWEBS,-,-,-,-,-,-,-,-,-,-,-,-,-,14.87,4.64%,"43,717"
WWEBX,-,-,-,-,-,-,-,-,-,-,-,-,-,21.76,-0.42%,173
WWEC,36.00B,21.40,18.41,2.57,3.55,2.55,720.06,-,6.26%,7.16%,4.88%,7.17%,6.24%,110.49,-0.03%,"2,376,112"
WWEED,-,-,-,-,-,-,-,-,-,-,-,-,-,20.14,-1.27%,"12,225"
WWEEI,-,-,-,-,-,-,-,-,-,-,-,-,-,24.81,-0.12%,"35,302"
WWEEK,-,-,-,-,-,-,-,-,-,-,-,-,-,100.08,0.04%,"48,099"
WWEEL,-,-,-,-,-,-,-,-,-,-,-,-,-,20.73,0.19%,"2,853"
WWELD,-,-,-,-,-,-,-,-,-,-,-,-,-,59.21,0.50%,"12,440"
WWELL,169.59B,-,74.24,1.78,13.30,3.64,80.87,67.51,103.24%,12.19%,-22.65%,41.64%,18.69%,235.30,-0.09%,"2,516,936"
WWEN,1.64B,13.06,15.68,-,0.75,13.64,3.40,6.22,-40.60%,5.19%,-0.96%,-11.34%,2.79%,8.62,-0.23%,"6,377,522"
WWENC,160.01M,-,-,-,-,23.89,3200.20,-,-,-,-,-,-,10.00,0.00%,111
WWENN,389.45M,35.97,-,-,-,1.30,1622.69,-,-,-,-,-,-,10.38,0.10%,"232,818"
WWEPN,-,-,-,-,-,-,-,-,-,-,-,-,-,46.78,-0.97%,"1,715"
WWERN,2.35B,-,17.92,-,0.72,1.73,41.14,43.95,5822.66%,90.64%,-,-,4.63%,39.11,0.59%,"893,221"
WWES,20.08B,15.30,12.37,0.97,4.63,4.71,191.62,16.10,22.23%,7.85%,20.24%,12.74%,8.56%,48.59,-0.67%,"656,597"
WWEST,810.31M,-,355.77,-,0.62,-,16.75,-,47.81%,106.60%,8.34%,-,14.24%,8.30,-1.54%,"251,931"
WWETH,15.15M,1.82,-,-,0.32,0.11,0.12,1.93,-,-,-37.24%,-,7.56%,1.27,4.10%,"74,772"
WWETO,26.50M,-,-,-,6.88,0.85,38.41,-,-,-,-10.02%,-,32.35%,24.59,199.15%,"34,433,803"
WWEX,6.44B,18.81,8.94,0.66,2.31,4.82,0.96,59.33,24.64%,5.29%,-,13.58%,11.27%,188.87,-1.52%,"428,213"
WWEYS,437.34M,12.57,-,-,1.56,1.71,4.58,9.61,-,-,-,-,7.17%,45.79,1.17%,"30,211"
WWF,17.35B,8.27,7.23,1.05,0.81,0.76,-,1.55,4.80%,9.72%,14.07%,6.88%,14.27%,71.48,0.15%,"56,936"
WWFC,264.72B,12.72,10.97,0.81,2.06,1.61,-,38.61,16.44%,9.43%,70.67%,13.54%,8.60%,87.54,-1.44%,"14,585,955"
WWFCF,61.45M,44.55,-,-,2.46,6.97,17.97,60.84,-,-,5.97%,-,4.39%,12.34,-0.08%,"1,164"
WWFF,84.67M,-,-,-,14.93,2.75,47.30,-,-,-,-266.87%,-,7.05%,2.02,40.28%,"86,038,680"
WWFG,5.36B,-,45.71,-,1.02,0.96,72.39,-,67.84%,138.52%,-,-,4.60%,68.41,-3.32%,"217,849"
WWFRD,6.67B,18.39,13.08,1.44,1.40,3.74,5.87,12.69,-21.03%,37.89%,-,9.06%,5.94%,93.08,-1.80%,"800,814"
WWGMI,-,-,-,-,-,-,-,-,-,-,-,-,-,50.13,3.06%,"309,850"
WWGO,892.73M,23.23,13.34,0.64,0.31,0.72,15.63,4.94,8.24%,30.93%,-13.14%,20.85%,3.50%,31.58,0.10%,"451,480"
WWGS,2.31B,-,66.22,6.99,5.08,9.44,17.41,-,-92.86%,1068.75%,94.57%,9.47%,18.98%,77.39,-0.88%,"431,946"
WWH,5.41B,26.68,13.67,1.38,3.82,11.32,78.45,16.81,4.59%,11.42%,-,9.87%,1.77%,72.94,-0.94%,"1,119,380"
WWHD,5.89B,62.87,20.63,1.23,4.32,4.12,16.10,18.31,9.22%,21.18%,27.27%,16.84%,25.36%,73.45,0.23%,"445,621"
WWHF,152.05M,8.96,7.23,-,3.21,0.60,5.42,8.15,-13.93%,0.90%,-16.70%,-,-10.45%,7.08,0.14%,"28,212"
WWHG,184.09M,22.20,-,-,1.77,1.37,8.14,15.39,-,-,-,-,8.28%,19.41,-0.21%,"18,159"
WWHK,688.26M,-,-,-,-,2.58,52.02,-,-,-,-,-,-,26.13,-0.08%,"139,160"
WWHLR,0.91M,-,-,-,0.01,-,0.02,0.13,-,-,89.77%,-,10.07%,0.37,2.58%,"10,356,766"
WWHR,2.58B,13.31,10.78,-,0.17,0.65,2.08,-,-68.83%,89.07%,-19.73%,-4.90%,-4.41%,39.59,-4.30%,"2,697,276"
WWHWK,264.52M,-,-,-,-,1.45,1.39,-,-185.71%,6.67%,58.28%,-,-13.29%,4.64,4.04%,"335,299"
WWIA,185.76M,13.97,-,-,12.91,0.87,-,-,-,-,-,-,-,7.97,-0.44%,"14,766"
WWILC,401.20M,15.80,-,-,2.04,1.77,4.22,20.15,-,-,10.78%,-,6.04%,28.80,0.24%,"8,508"
WWIMA,-,-,-,-,-,-,-,-,-,-,-,-,-,44.09,-0.24%,"3,597"
WWIMI,24.09M,0.59,-,-,0.41,0.08,0.05,2.91,-,-,-,-,-11.95%,1.31,-3.68%,"97,189"
WWINA,1.26B,31.76,28.00,-,14.52,-,48.36,29.06,0.62%,9.85%,7.92%,-,5.43%,349.78,-0.35%,"31,576"
WWING,3.15B,27.48,21.60,1.22,4.37,-,18.21,24.54,8.72%,20.78%,51.34%,17.66%,22.87%,115.72,-8.25%,"1,691,178"
WWINN,-,-,-,-,-,-,-,-,-,-,-,-,-,33.95,-0.50%,"82,122"
WWIP,-,-,-,-,-,-,-,-,-,-,-,-,-,39.49,0.09%,"21,383"
WWISE,-,-,-,-,-,-,-,-,-,-,-,-,-,37.45,-1.65%,"4,680"
WWIT,18.89B,13.74,13.30,5.04,1.80,2.38,4.52,11.40,0.53%,3.71%,2.07%,2.64%,4.67%,1.91,-1.55%,"3,618,309"
WWIW,512.11M,13.29,-,-,12.57,-,-,-,-,-,-,-,-,8.37,0.00%,"343,390"
WWIX,3.09B,-,10.17,1.45,1.45,-,3.21,6.88,-34.77%,51.76%,-,7.03%,15.15%,73.72,-0.55%,"1,491,351"
WWK,3.80B,85.54,17.26,0.43,3.94,-,4.66,18.96,88.69%,20.55%,14.18%,40.44%,20.26%,69.87,-0.91%,"562,418"
WWKC,1.82B,-,13.92,-,0.04,1.45,13.47,-,88.48%,-28.89%,-,-6.13%,12.95%,35.64,-1.30%,"908,973"
WWKEY,55.70M,-,-,-,2.88,1.66,0.13,-,-,-,42.59%,-,5.45%,6.76,1.96%,"62,383"
WWKHS,36.17M,-,-,-,1.59,5.02,3.51,-,37.74%,53.51%,-,-,72.41%,3.31,8.17%,"202,572"
WWKSP,10.10M,-,-,-,0.55,0.53,8.71,-,67.72%,29.41%,6.22%,-,115.54%,0.66,-5.42%,"155,452"
WWLCO,301.04M,-,-,-,-,1.28,1038.08,-,-,-,-,-,-,9.79,0.10%,67
WWLDN,1.27B,19.59,15.69,-,1.71,3.62,32.42,20.40,4.50%,4.11%,-,-,11.76%,83.47,-3.39%,"260,329"
WWLDR,-,-,-,-,-,-,-,-,-,-,-,-,-,48.72,0.27%,"12,300"
WWLDS,5.91M,-,-,-,9.10,0.14,0.32,-,-,-,24.74%,-,62.56%,2.70,-6.90%,"147,188"
WWLDU,-,-,-,-,-,-,-,-,-,-,-,-,-,18.16,-0.55%,"18,031"
WWLFC,1.24B,14.66,8.51,0.62,1.78,1.88,7.17,-,40.94%,-4.98%,71.25%,13.65%,18.83%,58.43,2.63%,"392,761"
WWLII,206.32M,-,-,-,-,1.45,156.30,-,-,-,-,-,-,10.23,0.00%,38
WWLK,9.99B,-,23.45,-,0.88,1.15,5.40,-,442.81%,8.11%,-,-,8.28%,78.21,-1.68%,"943,264"
WWLKP,763.43M,13.25,-,-,0.62,1.54,15.48,1.87,-,-,-5.97%,-,3.82%,21.66,-0.18%,"27,807"
WWLTG,-,-,-,-,-,-,-,-,-,-,-,-,-,39.32,-0.19%,"68,683"
WWLTH,1.37B,-,18.14,-,3.69,2.23,3.10,-,147.81%,38.99%,-,-,-,9.16,0.22%,"1,291,605"
WWLY,2.58B,12.02,9.58,-,1.54,3.05,34.12,12.33,14.56%,10.42%,9.65%,-,-2.89%,50.80,-1.15%,"311,750"
WWM,89.54B,31.71,24.74,2.57,3.49,9.03,158.21,25.06,8.12%,11.68%,13.74%,9.62%,10.62%,224.02,-0.24%,"1,828,826"
WWMB,89.84B,29.32,28.56,2.26,7.29,6.83,442.57,-,16.06%,5.53%,65.64%,12.65%,8.91%,73.45,-2.33%,"7,940,297"
WWMG,13.79B,20.85,14.54,0.33,1.89,16.15,22.32,16.50,115.78%,21.80%,-,44.68%,8.49%,26.37,2.81%,"3,123,658"
WWMK,1.74B,18.04,-,-,0.34,1.25,7.13,44.46,-,-,-3.77%,-,3.81%,70.25,-0.96%,"140,454"
WWMS,11.16B,25.55,19.64,1.60,3.46,5.89,68.77,20.28,1.56%,18.33%,16.00%,12.31%,9.00%,147.98,-1.94%,"697,154"
WWMSB,-,-,-,-,-,-,-,-,-,-,-,-,-,24.95,-0.12%,27
WWMT,909.85B,40.28,34.94,3.06,1.25,9.65,84.80,72.49,9.70%,13.00%,11.53%,11.40%,4.99%,114.33,-0.82%,"18,131,050"
WWMTI,-,-,-,-,-,-,-,-,-,-,-,-,-,21.37,-0.81%,"24,871"
WWNC,518.59M,-,10.39,-,0.36,1.77,7.25,-,-2.24%,155.75%,-,-,0.81%,12.73,1.35%,"917,950"
WWNDR,-,-,-,-,-,-,-,-,-,-,-,-,-,27.86,-1.38%,73
WWNEB,279.24M,16.72,12.57,-,2.07,1.12,-,16.24,23.46%,19.65%,10.92%,-,7.34%,13.93,0.51%,"73,515"
WWNTR,-,-,-,-,-,-,-,-,-,-,-,-,-,25.79,-3.48%,"126,582"
WWNW,67.41M,-,-,-,9.52,0.01,3.77,7.46,-,-,57.70%,-,-20.38%,2.56,0.00%,"33,707"
WWOK,5.64M,-,-,-,0.53,0.00,1.73,-,-,-,-,-,-28.45%,2.33,4.95%,"3,564,823"
WWOLF,1.82B,-,-,-,2.55,1.65,1.56,-,-272.59%,30.07%,-45.01%,-,9.99%,34.96,9.97%,"4,288,182"
WWOMN,-,-,-,-,-,-,-,-,-,-,-,-,-,45.31,-0.69%,863
WWOOD,-,-,-,-,-,-,-,-,-,-,-,-,-,71.14,-1.69%,"72,259"
WWOOF,771.02M,144.39,10.87,0.51,0.13,0.67,4.59,5.83,16.42%,27.02%,-,21.23%,3.91%,2.70,-4.26%,"1,382,173"
WWOR,2.82B,18.37,13.97,1.57,2.04,2.74,101.82,16.59,10.80%,10.64%,-25.22%,8.88%,-15.32%,57.71,-1.62%,"224,737"
WWPAC,157.13M,1043.75,-,-,-,10.41,785.65,-,-,-,-,-,-,10.02,0.00%,19
WWPC,16.29B,24.49,22.92,2.03,9.10,1.88,99.63,16.11,22.82%,4.65%,-4.13%,11.28%,7.26%,71.52,-0.14%,"998,479"
WWPM,62.04B,30.30,26.71,1.19,19.56,6.40,619.25,-,58.00%,7.03%,23.43%,22.47%,16.12%,136.61,1.79%,"1,695,904"
WWPP,5.57B,-,6.91,-,0.31,1.61,1.78,4.25,-17.05%,5.59%,39.00%,-1.78%,3.02%,25.84,-3.98%,"738,022"
WWPRT,30.45M,-,-,-,3.58,0.64,1.27,-,60.30%,56.60%,-21.16%,58.74%,-37.90%,1.75,-0.57%,"206,085"
WWQTM,-,-,-,-,-,-,-,-,-,-,-,-,-,35.30,-0.08%,"212,604"
WWR,-,-,-,-,-,-,-,-,-,-,-,-,-,27.86,0.25%,523
WWRAP,90.73M,-,-,-,14.97,6.78,18.98,-,-,-,9.71%,-,3.45%,1.62,-13.83%,"1,541,112"
WWRB,25.89B,14.34,14.45,2.66,1.74,2.63,-,7.16,12.02%,-0.48%,28.92%,5.43%,12.67%,69.75,-1.08%,"1,246,285"
WWRBY,3.16B,421.75,42.82,1.10,3.47,8.06,10.81,145.49,21.52%,36.83%,-,38.77%,17.23%,25.60,-1.20%,"2,208,643"
WWRD,1.89B,-,-,-,15.91,2.12,2.38,-,-117.19%,22.66%,-14.99%,14.63%,104.92%,6.08,3.93%,"1,875,620"
WWRLD,886.00M,22.46,12.55,-,1.50,2.44,31.67,3.39,89.10%,14.87%,-12.26%,-,2.17%,190.00,-2.44%,"61,262"
WWRN,549.62M,-,-,-,-,2.78,6.06,-,-72.70%,13.13%,3.41%,-14.48%,-,2.43,1.25%,"1,361,299"
WWRND,-,-,-,-,-,-,-,-,-,-,-,-,-,43.56,-0.02%,67
WWRTH,-,-,-,-,-,-,-,-,-,-,-,-,-,25.91,0.58%,"87,225"
WWS,1.93B,270.11,7.78,0.20,0.56,1.78,22.81,24.12,53.36%,42.40%,-53.75%,39.57%,-4.08%,37.87,-0.18%,"158,166"
WWSBC,4.07B,12.33,10.98,-,2.68,1.05,-,10.29,5.31%,8.05%,4.64%,-,16.27%,42.48,-0.49%,"964,665"
WWSBF,379.31M,12.23,-,-,1.83,1.08,-,10.09,-,-,-14.83%,-,-8.97%,21.10,-0.75%,"56,963"
WWSBK,116.31M,26.34,-,-,2.25,1.00,-,19.13,-,-,-,-,-,12.98,-0.15%,"6,885"
WWSC,4.27B,-,18.06,1.32,1.86,4.69,235.14,14.35,-7.05%,17.06%,-,13.64%,10.78%,23.58,-0.76%,"2,056,743"
WWSDB,-,-,-,-,-,-,-,-,-,-,-,-,-,24.93,0.00%,220
WWSE,15.49B,26.74,19.05,0.99,6.31,6.70,7.27,19.72,20.38%,16.22%,64.51%,19.21%,37.31%,12.91,-1.38%,"651,546"
WWSFS,4.18B,13.71,11.88,0.92,3.05,1.54,-,14.18,26.26%,4.69%,17.51%,12.91%,14.21%,81.81,0.18%,"253,977"
WWSGE,-,-,-,-,-,-,-,-,-,-,-,-,-,28.90,-0.14%,12
WWSHP,114.06M,-,-,-,207.38,13.92,-,-,-,-,-,-,-,4.75,-2.66%,"66,147"
WWSM,28.31B,26.91,23.31,2.36,3.59,15.14,43.44,25.92,10.11%,9.41%,15.47%,9.86%,2.85%,240.42,-0.48%,"1,237,476"
WWSMD,-,-,-,-,-,-,-,-,-,-,-,-,-,25.88,-0.34%,"1,017"
WWSML,-,-,-,-,-,-,-,-,-,-,-,-,-,36.24,-0.13%,"2,808"
WWSO,12.88B,27.12,23.73,4.61,1.77,4.30,27.74,18.47,-1.41%,8.81%,11.80%,5.15%,7.45%,311.86,-0.38%,"466,212"
WWSPC,-,-,-,-,-,-,-,-,-,-,-,-,-,30.96,1.00%,271
WWST,24.39B,44.31,34.73,2.18,7.33,8.16,55.97,55.83,23.00%,11.30%,8.26%,15.91%,7.45%,346.61,-0.80%,"283,530"
WWSTN,81.68M,210.91,-,-,-,1.89,291.71,-,-,-,-,-,-,10.15,0.00%,184
WWT,3.50B,44.32,17.80,0.97,5.74,8.37,11.87,17.86,36.71%,10.33%,-,18.38%,14.59%,23.09,1.23%,"1,360,957"
WWTAI,-,-,-,-,-,-,-,-,-,-,-,-,-,44.01,2.14%,"259,013"
WWTBA,509.94M,13.39,10.63,-,2.54,1.81,-,10.49,35.42%,8.27%,-0.67%,-,12.56%,29.92,0.30%,"77,530"
WWTBN,-,-,-,-,-,-,-,-,-,-,-,-,-,24.76,-0.16%,"5,788"
WWTF,138.65M,-,-,-,99.04,52.31,40.54,-,-,-,-78.16%,-,151.58%,3.01,0.50%,"43,194"
WWTFC,10.86B,12.93,11.68,1.19,2.50,1.52,-,6.73,15.21%,4.96%,19.49%,9.78%,17.97%,160.96,-0.93%,"432,857"
WWTG,17.93M,52.90,-,-,-,20.98,15.19,-,-,-,-,-,-,10.49,0.10%,114
WWTI,566.04M,-,-,-,1.01,-,3.76,14.65,92.57%,-263.64%,-,-,7.66%,3.75,2.18%,"2,596,968"
WWTIB,-,-,-,-,-,-,-,-,-,-,-,-,-,24.95,5.32%,325
WWTID,-,-,-,-,-,-,-,-,-,-,-,-,-,3.03,-4.42%,"50,506"
WWTIP,-,-,-,-,-,-,-,-,-,-,-,-,-,36.25,0.17%,"3,274"
WWTIU,-,-,-,-,-,-,-,-,-,-,-,-,-,22.19,4.74%,"19,285"
WWTLS,-,-,-,-,-,-,-,-,-,-,-,-,-,62.83,-0.35%,"1,879"
WWTM,5.04B,4.81,16.26,-,1.69,0.94,-,8.82,-68.85%,-2.98%,13.56%,-,19.57%,2113.40,-1.11%,"17,282"
WWTMF,-,-,-,-,-,-,-,-,-,-,-,-,-,41.88,0.24%,"20,074"
WWTMU,-,-,-,-,-,-,-,-,-,-,-,-,-,25.38,-0.20%,136
WWTMY,-,-,-,-,-,-,-,-,-,-,-,-,-,25.12,-0.16%,"1,115"
WWTPI,-,-,-,-,-,-,-,-,-,-,-,-,-,33.46,-0.21%,"71,584"
WWTRE,-,-,-,-,-,-,-,-,-,-,-,-,-,24.86,-0.21%,824
WWTRG,11.29B,20.33,16.85,4.00,4.40,1.61,1308.74,-,1.78%,5.46%,14.45%,4.21%,11.09%,39.80,-1.44%,"1,983,171"
WWTS,12.86B,33.62,27.34,2.10,4.80,5.87,36.96,36.80,21.31%,9.77%,24.79%,13.03%,10.08%,385.18,0.20%,"133,654"
WWTTR,2.75B,79.76,28.46,0.70,1.92,2.58,82.31,-,44.56%,18.81%,-,40.56%,18.39%,21.32,2.21%,"1,041,733"
WWTV,-,-,-,-,-,-,-,-,-,-,-,-,-,107.34,-1.11%,"131,278"
WWTW,30.28B,20.12,14.25,0.86,3.00,3.94,18.02,17.93,16.03%,15.45%,16.17%,16.61%,2.43%,326.06,-1.67%,"557,570"
WWU,2.24B,5.79,4.72,-,0.56,2.45,2.43,3.96,-26.02%,17.45%,-3.18%,-1.42%,-3.48%,7.18,-3.62%,"8,694,526"
WWUGI,-,-,-,-,-,-,-,-,-,-,-,-,-,88.98,1.74%,689
WWULF,8.78B,-,-,-,53.16,59.62,3.18,-,-74.22%,92.66%,-49.56%,-,65.83%,17.60,1.27%,"23,971,629"
WWULX,-,-,-,-,-,-,-,-,-,-,-,-,-,19.88,2.00%,"245,420"
WWVE,1.00B,-,-,-,15.34,2.17,2.04,-,7.32%,-17.45%,20.52%,-0.42%,16.31%,5.09,-5.91%,"3,243,635"
WWVVI,11.25M,-,-,-,0.30,0.57,19.07,17.86,-,-,-,-,6.37%,2.26,-1.82%,"13,192"
WWW,135.78M,-,-,-,0.20,0.49,1.27,-,-193.58%,60.93%,150.47%,39.05%,-12.41%,13.58,-3.41%,"182,946"
WWWD,21.87B,41.19,34.47,1.53,5.22,8.86,46.06,58.08,37.39%,13.51%,13.95%,22.58%,7.41%,370.40,-0.04%,"396,753"
WWWJD,-,-,-,-,-,-,-,-,-,-,-,-,-,40.39,-0.42%,"73,753"
WWWR,75.71M,-,-,-,-,0.43,1.98,-,53.12%,56.67%,34.72%,-,-,0.59,4.14%,"1,894,277"
WWWW,1.63B,15.38,10.85,0.66,0.83,3.62,10.27,9.51,21.13%,12.63%,-,16.34%,0.91%,19.83,-5.71%,"1,145,652"
WWX,-,-,-,-,-,-,-,-,-,-,-,-,-,25.37,-0.49%,"1,133"
WWXET,-,-,-,-,-,-,-,-,-,-,-,-,-,21.85,-0.13%,"12,086"
WWXM,5.29M,-,-,-,-,0.69,1.10,-,-,-,-,-,-3.28%,4.70,-6.00%,"146,646"
WWY,17.36B,36.83,33.03,0.45,2.53,1.84,32.62,-,62.48%,124.35%,-15.92%,73.32%,-1.72%,24.08,-1.95%,"4,885,048"
WWYFI,1.18B,-,58.65,-,1551.37,440.05,2456.34,-,-21.49%,154.61%,-,-,-,30.35,2.81%,"1,725,806"
WWYFL,-,-,-,-,-,-,-,-,-,-,-,-,-,13.55,7.42%,"141,310"
WWYHG,66.93M,11.35,-,-,0.51,0.38,0.74,-,-,-,-7.85%,-,4.09%,5.32,2.70%,"336,067"
WWYNN,10.58B,24.62,20.57,1.62,1.43,-,5.04,13.36,11.17%,7.26%,-,12.68%,27.77%,102.79,0.25%,"1,247,306"
WWYY,90.48M,-,9.05,-,0.58,7.75,8.40,20.11,133.93%,952.63%,-,-,-3.55%,9.05,-4.23%,"158,059"
WWZRD,-,-,-,-,-,-,-,-,-,-,-,-,-,0.94,-6.44%,"54,689"
XXA,-,-,-,-,-,-,-,-,-,-,-,-,-,40.30,-2.48%,"6,033"
XXAGG,-,-,-,-,-,-,-,-,-,-,-,-,-,49.92,-0.09%,"182,709"
XXAGI,-,-,-,-,-,-,-,-,-,-,-,-,-,21.10,0.58%,54
XXAIR,5.47M,-,-,-,0.71,2.13,0.36,-,-,-,30.89%,-,54.47%,5.71,-9.58%,"22,181"
XXAIW,-,-,-,-,-,-,-,-,-,-,-,-,-,25.23,1.27%,"1,221"
XXAIX,-,-,-,-,-,-,-,-,-,-,-,-,-,56.93,-0.45%,"6,175"
XXAPR,-,-,-,-,-,-,-,-,-,-,-,-,-,38.32,-0.18%,476
XXAR,-,-,-,-,-,-,-,-,-,-,-,-,-,294.87,-0.63%,"190,066"
XXAUG,-,-,-,-,-,-,-,-,-,-,-,-,-,39.44,-0.03%,"1,275"
XXB,-,-,-,-,-,-,-,-,-,-,-,-,-,39.14,-0.06%,"2,011"
XXBAP,-,-,-,-,-,-,-,-,-,-,-,-,-,42.66,-0.10%,"5,472"
XXBB,-,-,-,-,-,-,-,-,-,-,-,-,-,40.77,0.15%,"1,603,442"
XXBCI,-,-,-,-,-,-,-,-,-,-,-,-,-,31.57,3.09%,"153,258"
XXBFR,-,-,-,-,-,-,-,-,-,-,-,-,-,27.03,-0.09%,"11,837"
XXBI,-,-,-,-,-,-,-,-,-,-,-,-,-,159.53,1.35%,"6,362,119"
XXBIL,-,-,-,-,-,-,-,-,-,-,-,-,-,50.12,0.00%,"71,349"
XXBIO,7.64M,-,-,-,2.34,1.26,1.18,-,-,-,37.89%,-,46.78%,3.26,-0.61%,"10,738"
XXBIT,70.42M,-,-,-,-,0.55,0.64,-,-,-,-32.63%,-,-,2.31,0.43%,"15,404"
XXBIX,-,-,-,-,-,-,-,-,-,-,-,-,-,37.53,2.58%,12
XXBJA,-,-,-,-,-,-,-,-,-,-,-,-,-,34.43,-0.06%,400
XXBJL,-,-,-,-,-,-,-,-,-,-,-,-,-,40.87,-0.13%,"2,853"
XXBNB,-,-,-,-,-,-,-,-,-,-,-,-,-,20.82,-0.51%,814
XXBOC,-,-,-,-,-,-,-,-,-,-,-,-,-,36.12,-0.01%,"3,276"
XXBOX,-,-,-,-,-,-,-,-,-,-,-,-,-,100.58,0.00%,"80,273"
XXBP,30.60M,0.03,-,-,0.04,0.66,1.09,-,-104.80%,66.52%,-,-,-,2.60,-7.64%,"54,565"
XXBTY,-,-,-,-,-,-,-,-,-,-,-,-,-,5.53,0.36%,"42,870"
XXC,-,-,-,-,-,-,-,-,-,-,-,-,-,32.07,-0.18%,"7,756"
XXCBE,281.25M,96.62,-,-,-,1.26,439.46,-,-,-,-,-,-,10.00,0.10%,24
XXCCC,-,-,-,-,-,-,-,-,-,-,-,-,-,35.88,0.00%,"1,937,991"
XXCEM,-,-,-,-,-,-,-,-,-,-,-,-,-,51.30,0.86%,"410,743"
XXCH,13.25M,-,-,-,0.53,1.00,0.95,-,-,-,-48.96%,-,17.53%,0.25,-3.88%,"702,490"
XXCHG,-,-,-,-,-,-,-,-,-,-,-,-,-,27.75,-0.51%,16
XXCLR,-,-,-,-,-,-,-,-,-,-,-,-,-,28.24,-0.39%,16
XXCNY,-,-,-,-,-,-,-,-,-,-,-,-,-,33.34,0.15%,"2,653"
XXCOM,-,-,-,-,-,-,-,-,-,-,-,-,-,24.63,3.51%,11
XXCOR,-,-,-,-,-,-,-,-,-,-,-,-,-,90.59,0.20%,"1,348"
XXCUR,8.80M,-,-,-,-,9.00,5.12,-,-,-,54.97%,-,-,1.38,10.40%,"52,243"
XXDAT,-,-,-,-,-,-,-,-,-,-,-,-,-,26.95,-1.43%,45
XXDEC,-,-,-,-,-,-,-,-,-,-,-,-,-,43.54,0.09%,"3,441"
XXDEF,-,-,-,-,-,-,-,-,-,-,-,-,-,24.68,-0.40%,"1,587"
XXDIV,-,-,-,-,-,-,-,-,-,-,-,-,-,31.52,-0.44%,"12,328"
XXDQQ,-,-,-,-,-,-,-,-,-,-,-,-,-,40.82,-0.08%,"7,170"
XXDSQ,-,-,-,-,-,-,-,-,-,-,-,-,-,44.56,-0.22%,"12,485"
XXDTE,-,-,-,-,-,-,-,-,-,-,-,-,-,39.32,-0.41%,"110,471"
XXE,8.31B,-,-,-,-,4.58,5.08,-,10.92%,12.94%,-,20.87%,-,20.45,-2.48%,"6,244,760"
XXEL,49.48B,21.68,17.41,1.77,3.39,2.06,22.61,-,8.27%,10.57%,4.20%,9.83%,4.94%,79.21,0.05%,"2,848,770"
XXELB,6.50M,-,-,-,1.43,0.46,16.25,-,5.26%,66.67%,5.57%,-,-30.03%,0.99,5.32%,"26,101"
XXEMD,-,-,-,-,-,-,-,-,-,-,-,-,-,44.46,-0.22%,"39,394"
XXEML,-,-,-,-,-,-,-,-,-,-,-,-,-,26.19,-0.60%,58
XXENE,6.04B,-,-,-,-,4.86,6.49,-,-5.72%,-2.44%,-40.02%,7.48%,-25.26%,62.36,0.02%,"689,719"
XXERS,1.55B,-,23.71,-,4.63,-,12.76,27.90,-385.10%,4029.63%,-,-,70.20%,8.52,-0.93%,"1,334,889"
XXES,-,-,-,-,-,-,-,-,-,-,-,-,-,125.78,1.29%,"119,722"
XXEUR,-,-,-,-,-,-,-,-,-,-,-,-,-,26.75,-0.51%,7
XXEY,-,-,-,-,-,-,-,-,-,-,-,-,-,19.73,0.33%,23
XXFEB,-,-,-,-,-,-,-,-,-,-,-,-,-,37.96,-0.09%,12
XXFIV,-,-,-,-,-,-,-,-,-,-,-,-,-,48.14,-0.11%,"12,558"
XXFLH,173.03M,-,-,-,-,577.21,692.12,-,-,-,-,-,-,9.98,0.00%,18
XXFLT,294.11M,-,-,-,-,-,-,-,-,-,-,-,-,19.31,0.16%,"86,930"
XXFLX,-,-,-,-,-,-,-,-,-,-,-,-,-,22.74,-0.11%,"2,158"
XXFOR,426.33M,-,-,-,26.90,2.66,2.04,-,65.13%,-6.44%,54.19%,32.70%,63.56%,4.30,1.90%,"1,095,472"
XXGN,162.31M,-,-,-,2.28,13.27,6.60,-,30.41%,24.06%,6.84%,29.44%,9.66%,6.70,0.60%,"739,454"
XXHB,-,-,-,-,-,-,-,-,-,-,-,-,-,108.19,-0.76%,"1,069,963"
XXHE,-,-,-,-,-,-,-,-,-,-,-,-,-,94.26,-1.05%,"15,088"
XXHG,182.21M,-,-,-,3.34,-,185.92,-,-,-,58.21%,-,-21.93%,3.91,2.89%,"614,654"
XXHLD,88.16M,-,-,-,31.15,13.77,14.87,-,-,-,-,-,-,7.36,25.17%,"1,584,744"
XXHLF,-,-,-,-,-,-,-,-,-,-,-,-,-,50.25,0.00%,"131,095"
XXHOA,-,-,-,-,-,-,-,-,-,-,-,-,-,26.27,-1.76%,6
XXHR,1.76B,-,30.03,-,1.61,1.58,8.97,15.23,-71.09%,243.24%,-,-,23.87%,19.07,-0.47%,"441,791"
XXHS,-,-,-,-,-,-,-,-,-,-,-,-,-,134.13,-0.97%,"14,840"
XXIDE,-,-,-,-,-,-,-,-,-,-,-,-,-,30.39,-0.02%,"2,322"
XXIDV,-,-,-,-,-,-,-,-,-,-,-,-,-,39.19,-0.08%,703
XXIFR,2.24B,17.36,4.15,-,1.87,0.34,4.00,-,4903.34%,-16.70%,18.00%,-,5.31%,11.61,-1.19%,"449,243"
XXIGV,-,-,-,-,-,-,-,-,-,-,-,-,-,23.95,0.18%,72
XXIIIU,378.00M,-,-,-,-,-,-,-,-,-,-,-,-,10.50,0.67%,"1,016"
XXIJN,-,-,-,-,-,-,-,-,-,-,-,-,-,30.83,-0.05%,"5,759"
XXIMR,-,-,-,-,-,-,-,-,-,-,-,-,-,31.42,-0.06%,"1,907"
XXISE,-,-,-,-,-,-,-,-,-,-,-,-,-,30.41,0.08%,"4,357"
XXITK,-,-,-,-,-,-,-,-,-,-,-,-,-,209.37,-0.10%,"1,531"
XXIWC,-,-,-,-,-,-,-,-,-,-,-,-,-,26.30,-1.12%,111
XXJAN,-,-,-,-,-,-,-,-,-,-,-,-,-,39.02,-0.09%,"3,607"
XXJH,-,-,-,-,-,-,-,-,-,-,-,-,-,53.02,-0.28%,"23,537"
XXJR,-,-,-,-,-,-,-,-,-,-,-,-,-,52.94,-0.49%,"9,676"
XXJUL,-,-,-,-,-,-,-,-,-,-,-,-,-,41.53,-0.10%,351
XXJUN,-,-,-,-,-,-,-,-,-,-,-,-,-,45.21,-0.15%,"5,110"
XXKRE,-,-,-,-,-,-,-,-,-,-,-,-,-,30.38,-1.45%,14
XXLB,-,-,-,-,-,-,-,-,-,-,-,-,-,52.24,-0.57%,"7,655,237"
XXLBI,-,-,-,-,-,-,-,-,-,-,-,-,-,24.26,-0.41%,"2,978"
XXLBX,-,-,-,-,-,-,-,-,-,-,-,-,-,25.09,-1.19%,7
XXLC,-,-,-,-,-,-,-,-,-,-,-,-,-,110.82,-1.89%,"3,690,039"
XXLCI,-,-,-,-,-,-,-,-,-,-,-,-,-,23.51,-1.68%,"3,373"
XXLE,-,-,-,-,-,-,-,-,-,-,-,-,-,62.58,1.08%,"23,550,296"
XXLEI,-,-,-,-,-,-,-,-,-,-,-,-,-,27.71,0.33%,"62,113"
XXLEX,-,-,-,-,-,-,-,-,-,-,-,-,-,28.56,2.31%,264
XXLF,-,-,-,-,-,-,-,-,-,-,-,-,-,57.58,-1.00%,"45,636,714"
XXLFI,-,-,-,-,-,-,-,-,-,-,-,-,-,24.45,-0.37%,"10,235"
XXLFX,-,-,-,-,-,-,-,-,-,-,-,-,-,30.74,-1.95%,678
XXLG,-,-,-,-,-,-,-,-,-,-,-,-,-,62.88,-0.36%,"567,465"
XXLI,-,-,-,-,-,-,-,-,-,-,-,-,-,186.32,-0.10%,"5,363,155"
XXLII,-,-,-,-,-,-,-,-,-,-,-,-,-,26.65,0.23%,"7,310"
XXLIX,-,-,-,-,-,-,-,-,-,-,-,-,-,27.91,-0.13%,88
XXLK,-,-,-,-,-,-,-,-,-,-,-,-,-,190.32,0.16%,"6,099,472"
XXLKI,-,-,-,-,-,-,-,-,-,-,-,-,-,27.17,0.21%,"14,986"
XXLKX,-,-,-,-,-,-,-,-,-,-,-,-,-,22.01,0.34%,42
XXLO,62.45M,-,-,-,0.97,0.86,0.46,-,38.19%,13.90%,31.67%,8.69%,-,9.49,3.49%,"46,493"
XXLP,-,-,-,-,-,-,-,-,-,-,-,-,-,84.68,-1.64%,"10,513,383"
XXLPX,-,-,-,-,-,-,-,-,-,-,-,-,-,26.50,-3.15%,31
XXLRE,-,-,-,-,-,-,-,-,-,-,-,-,-,44.83,-0.97%,"8,542,992"
XXLRI,-,-,-,-,-,-,-,-,-,-,-,-,-,23.72,-0.77%,"4,129"
XXLSI,-,-,-,-,-,-,-,-,-,-,-,-,-,23.49,-0.97%,"9,854"
XXLSR,-,-,-,-,-,-,-,-,-,-,-,-,-,66.67,-0.39%,"32,799"
XXLU,-,-,-,-,-,-,-,-,-,-,-,-,-,44.18,-0.29%,"16,377,523"
XXLUI,-,-,-,-,-,-,-,-,-,-,-,-,-,23.75,-0.38%,"31,336"
XXLUX,-,-,-,-,-,-,-,-,-,-,-,-,-,25.07,-0.47%,741
XXLV,-,-,-,-,-,-,-,-,-,-,-,-,-,167.05,-0.19%,"7,225,495"
XXLVI,-,-,-,-,-,-,-,-,-,-,-,-,-,27.03,0.02%,"22,022"
XXLVX,-,-,-,-,-,-,-,-,-,-,-,-,-,32.03,-0.34%,235
XXLY,-,-,-,-,-,-,-,-,-,-,-,-,-,116.75,-1.23%,"6,884,915"
XXLYI,-,-,-,-,-,-,-,-,-,-,-,-,-,22.78,-1.11%,"3,816"
XXLYX,-,-,-,-,-,-,-,-,-,-,-,-,-,23.99,-2.58%,26
XXMAG,-,-,-,-,-,-,-,-,-,-,-,-,-,26.46,-0.38%,"56,845"
XXMAR,-,-,-,-,-,-,-,-,-,-,-,-,-,43.28,-0.06%,"1,721"
XXMAX,569.24M,20.63,-,-,35.47,5.40,16.44,-,-,-,62.55%,-,8.06%,8.95,-1.32%,"556,111"
XXMAY,-,-,-,-,-,-,-,-,-,-,-,-,-,36.73,-0.12%,8
XXME,-,-,-,-,-,-,-,-,-,-,-,-,-,118.10,0.82%,"1,288,928"
XXMHQ,-,-,-,-,-,-,-,-,-,-,-,-,-,119.59,-0.24%,"120,773"
XXMLV,-,-,-,-,-,-,-,-,-,-,-,-,-,68.13,-0.72%,"14,813"
XXMMO,-,-,-,-,-,-,-,-,-,-,-,-,-,166.42,0.77%,"205,539"
XXMPT,-,-,-,-,-,-,-,-,-,-,-,-,-,21.68,-0.69%,"43,106"
XXMTR,5.14B,-,70.04,0.95,6.37,8.60,9.96,-,83.70%,83.53%,-6.20%,74.10%,37.17%,89.73,-6.78%,"576,088"
XXMVM,-,-,-,-,-,-,-,-,-,-,-,-,-,75.78,0.00%,"18,849"
XXNAV,-,-,-,-,-,-,-,-,-,-,-,-,-,94.46,0.24%,56
XXNCR,1.72B,-,-,-,16.38,3.41,3.77,-,-145.19%,-7.31%,-0.43%,-,0.47%,23.12,-0.94%,"962,159"
XXNDU,3.42B,-,-,-,789.04,10.93,10.95,-,47.98%,23.95%,-,23.84%,-,11.25,-2.43%,"778,755"
XXNDX,-,-,-,-,-,-,-,-,-,-,-,-,-,10.13,-4.17%,"29,144"
XXNET,316.79M,-,-,-,0.67,0.32,1.14,-,-,-,-,-,19.68%,4.97,-5.33%,"288,124"
XXNOV,-,-,-,-,-,-,-,-,-,-,-,-,-,40.15,-0.04%,443
XXNTK,-,-,-,-,-,-,-,-,-,-,-,-,-,368.44,0.51%,"16,096"
XXOCT,-,-,-,-,-,-,-,-,-,-,-,-,-,40.05,-0.11%,"4,218"
XXOEF,-,-,-,-,-,-,-,-,-,-,-,-,-,30.77,-0.27%,472
XXOEX,-,-,-,-,-,-,-,-,-,-,-,-,-,41.72,-0.42%,"1,155"
XXOM,663.91B,20.78,15.17,1.05,1.83,2.56,62.70,21.73,63.73%,-7.00%,-,14.50%,12.70%,161.46,0.85%,"12,858,140"
XXOMO,-,-,-,-,-,-,-,-,-,-,-,-,-,11.34,1.16%,"68,768"
XXOMX,-,-,-,-,-,-,-,-,-,-,-,-,-,48.14,3.07%,"20,479"
XXONE,-,-,-,-,-,-,-,-,-,-,-,-,-,49.35,0.00%,"96,632"
XXOP,-,-,-,-,-,-,-,-,-,-,-,-,-,183.35,1.58%,"2,290,004"
XXOS,29.72M,-,-,-,0.79,1.29,2.25,25.62,26.71%,3.02%,24.00%,-,77.09%,2.09,-0.24%,"28,034,502"
XXOVL,-,-,-,-,-,-,-,-,-,-,-,-,-,20.62,-0.19%,"4,399"
XXOVR,-,-,-,-,-,-,-,-,-,-,-,-,-,20.51,-0.10%,"813,675"
XXP,8.12B,8.61,6.85,0.65,2.33,1.71,4.82,1.00,6.49%,14.18%,19.21%,10.56%,15.03%,15.70,-0.76%,"5,867,029"
XXPAV,-,-,-,-,-,-,-,-,-,-,-,-,-,25.98,0.64%,10
XXPAY,-,-,-,-,-,-,-,-,-,-,-,-,-,53.38,-0.59%,"43,514"
XXPEG,-,-,-,-,-,-,-,-,-,-,-,-,-,4.24,8.40%,"102,466"
XXPEL,1.38B,25.28,17.58,0.58,2.71,4.50,33.89,-,18.92%,29.24%,22.82%,30.32%,24.54%,49.99,-0.01%,"139,945"
XXPER,317.01M,-,5.29,0.25,0.69,0.76,3.50,-,12.95%,39.52%,26.37%,21.53%,-2.03%,6.50,-3.56%,"480,915"
XXPEV,9.54B,-,72.07,-,0.92,2.83,1.77,-,-13.18%,184.03%,27.62%,-,66.00%,12.20,4.27%,"8,954,646"
XXPH,-,-,-,-,-,-,-,-,-,-,-,-,-,70.42,-0.79%,"86,952"
XXPL,75.96M,-,-,-,-,2.98,8.36,-,-37.50%,-27.27%,-22.23%,-,-,0.80,0.29%,"209,788"
XXPND,-,-,-,-,-,-,-,-,-,-,-,-,-,40.23,0.30%,397
XXPO,24.70B,62.04,32.56,1.16,2.88,12.58,82.90,41.80,46.97%,18.22%,-,28.09%,-4.37%,210.99,-0.03%,"620,969"
XXPOF,250.67M,-,8.91,-,0.87,-,10.03,-,158.34%,99.90%,-20.82%,-,24.19%,5.09,4.52%,"430,309"
XXPON,4.26M,-,-,-,0.52,0.88,2.77,-,-,-,39.19%,-,43.76%,4.43,21.70%,"7,372,905"
XXPP,-,-,-,-,-,-,-,-,-,-,-,-,-,20.72,0.99%,"1,897"
XXPRO,2.09B,103.34,17.37,0.40,1.34,1.38,10.45,18.63,103.80%,16.60%,-,43.39%,18.94%,18.57,-0.75%,"759,480"
XXQQI,-,-,-,-,-,-,-,-,-,-,-,-,-,50.23,0.02%,"167,801"
XXQTM,-,-,-,-,-,-,-,-,-,-,-,-,-,17.97,-0.59%,886
XXRAY,2.23B,-,7.33,4.36,0.61,1.65,9.33,15.60,-4.31%,-0.32%,-51.27%,1.68%,1.95%,11.19,-3.45%,"3,682,847"
XXRLX,-,-,-,-,-,-,-,-,-,-,-,-,-,49.55,0.04%,87
XXRMI,-,-,-,-,-,-,-,-,-,-,-,-,-,17.43,-0.00%,"11,590"
XXRN,527.17M,9.77,-,-,3.23,1.10,34.64,-,302.75%,-209.76%,-1.58%,-1.09%,11.43%,36.37,-1.99%,"74,836"
XXRP,-,-,-,-,-,-,-,-,-,-,-,-,-,11.17,0.09%,"561,181"
XXRPC,-,-,-,-,-,-,-,-,-,-,-,-,-,10.62,0.21%,"81,910"
XXRPI,-,-,-,-,-,-,-,-,-,-,-,-,-,5.46,0.10%,"132,664"
XXRPM,-,-,-,-,-,-,-,-,-,-,-,-,-,9.75,0.06%,"6,193"
XXRPN,331.41M,107.49,-,-,-,1.46,6628.23,-,-,-,-,-,-,10.49,0.01%,"28,599"
XXRPR,-,-,-,-,-,-,-,-,-,-,-,-,-,8.16,0.00%,"20,075"
XXRPT,-,-,-,-,-,-,-,-,-,-,-,-,-,19.34,0.48%,"95,224"
XXRPZ,-,-,-,-,-,-,-,-,-,-,-,-,-,10.88,0.23%,"226,387"
XXRT,-,-,-,-,-,-,-,-,-,-,-,-,-,87.54,-1.59%,"3,616,138"
XXRTX,3.75M,-,-,-,-,0.65,3.79,-,-,-,15.39%,-,-,2.06,-4.41%,"10,073"
XXRX,387.37M,-,6.79,-,0.05,1.20,0.73,3.28,124.00%,201.74%,-,-,0.00%,2.95,-4.84%,"3,162,566"
XXSD,-,-,-,-,-,-,-,-,-,-,-,-,-,549.34,0.93%,"77,145"
XXSEM,-,-,-,-,-,-,-,-,-,-,-,-,-,20.27,2.59%,"7,017"
XXSEP,-,-,-,-,-,-,-,-,-,-,-,-,-,44.99,0.02%,"2,678"
XXSHD,-,-,-,-,-,-,-,-,-,-,-,-,-,14.34,-0.76%,"43,878"
XXSHP,-,-,-,-,-,-,-,-,-,-,-,-,-,17.87,3.56%,"12,982"
XXSHQ,-,-,-,-,-,-,-,-,-,-,-,-,-,49.54,-0.47%,"5,010"
XXSLL,276.25M,102.99,-,-,-,1.32,157.86,-,-,-,-,-,-,9.98,0.10%,100
XXSLV,-,-,-,-,-,-,-,-,-,-,-,-,-,53.57,-0.58%,"3,063"
XXSMO,-,-,-,-,-,-,-,-,-,-,-,-,-,90.00,0.46%,"217,146"
XXSOE,-,-,-,-,-,-,-,-,-,-,-,-,-,47.92,1.04%,"71,825"
XXSPC,-,-,-,-,-,-,-,-,-,-,-,-,-,24.11,1.45%,"2,008"
XXSPI,-,-,-,-,-,-,-,-,-,-,-,-,-,50.42,-0.28%,"61,564"
XXSVM,-,-,-,-,-,-,-,-,-,-,-,-,-,71.27,-0.53%,"13,903"
XXSVN,-,-,-,-,-,-,-,-,-,-,-,-,-,46.41,-0.21%,"23,563"
XXSW,-,-,-,-,-,-,-,-,-,-,-,-,-,195.78,-2.28%,"28,998"
XXT,-,-,-,-,-,-,-,-,-,-,-,-,-,83.19,-0.11%,"74,825"
XXTAI,-,-,-,-,-,-,-,-,-,-,-,-,-,23.61,1.29%,"2,686"
XXTAP,-,-,-,-,-,-,-,-,-,-,-,-,-,46.33,-0.11%,78
XXTEN,-,-,-,-,-,-,-,-,-,-,-,-,-,44.10,-0.43%,"78,729"
XXTIA,60.41M,-,-,-,1.13,-,3.98,-,60.00%,64.62%,92.60%,-,19.32%,1.57,-3.09%,"583,825"
XXTJA,-,-,-,-,-,-,-,-,-,-,-,-,-,34.85,-0.11%,16
XXTJL,-,-,-,-,-,-,-,-,-,-,-,-,-,42.22,-0.21%,541
XXTL,-,-,-,-,-,-,-,-,-,-,-,-,-,220.96,-0.23%,"47,500"
XXTLB,6.16M,-,-,-,-,-,-,-,-,-,31.74%,-,-,2.60,-6.64%,"6,129"
XXTN,-,-,-,-,-,-,-,-,-,-,-,-,-,110.63,-0.75%,"16,818"
XXTNT,46.51M,-,-,-,0.42,1.16,4.55,-,0.00%,-133.33%,-,-,20.22%,0.33,8.69%,"2,163,508"
XXTOC,-,-,-,-,-,-,-,-,-,-,-,-,-,36.88,-0.03%,"1,071"
XXTR,-,-,-,-,-,-,-,-,-,-,-,-,-,29.19,-0.44%,"1,414"
XXTRE,-,-,-,-,-,-,-,-,-,-,-,-,-,48.80,-0.05%,"173,207"
XXTWO,-,-,-,-,-,-,-,-,-,-,-,-,-,48.87,0.00%,"203,433"
XXTWY,-,-,-,-,-,-,-,-,-,-,-,-,-,34.72,-1.07%,"38,330"
XXUDV,-,-,-,-,-,-,-,-,-,-,-,-,-,33.61,-0.80%,"2,221"
XXUSP,-,-,-,-,-,-,-,-,-,-,-,-,-,54.78,-0.58%,"4,413"
XXV,-,-,-,-,-,-,-,-,-,-,-,-,-,25.01,-0.16%,"41,214"
XXVO,-,-,-,-,-,-,-,-,-,-,-,-,-,27.23,-0.96%,29
XXVUG,-,-,-,-,-,-,-,-,-,-,-,-,-,23.72,-1.04%,63
XXVV,-,-,-,-,-,-,-,-,-,-,-,-,-,59.05,-0.51%,"11,563"
XXW,-,-,-,-,-,-,-,-,-,-,-,-,-,24.92,0.42%,13
XXWEL,7.86M,-,-,-,0.28,-,0.67,-,-,-,34.16%,-,28.35%,0.93,-5.10%,"27,403"
XXXI,3.23B,14.57,-,-,-,1.25,28.28,7012.33,-,-,-,-,-,4.95,3.56%,"1,107,677"
XXXII,1.42M,-,-,-,0.10,0.11,0.23,-,-,-,87.27%,-,-8.95%,4.12,-4.74%,"9,327"
XXXRP,-,-,-,-,-,-,-,-,-,-,-,-,-,18.25,0.72%,"190,033"
XXXV,-,-,-,-,-,-,-,-,-,-,-,-,-,24.13,0.08%,"16,870"
XXXX,-,-,-,-,-,-,-,-,-,-,-,-,-,19.84,-0.30%,186
XXYF,120.95M,1.56,-,-,0.13,0.18,0.22,-,-,-,-,-,27.14%,5.30,-2.21%,"28,151"
XXYL,27.43B,27.90,18.98,1.83,3.01,2.63,21.50,29.72,11.52%,9.25%,22.83%,10.36%,13.14%,117.47,-1.85%,"1,262,764"
XXYLD,-,-,-,-,-,-,-,-,-,-,-,-,-,41.65,0.02%,"414,845"
XXYLG,-,-,-,-,-,-,-,-,-,-,-,-,-,29.61,-0.24%,"15,264"
XXYZ,48.18B,142.78,15.33,0.39,1.92,2.19,6.37,12.41,71.14%,28.96%,36.61%,39.78%,20.56%,80.20,-3.23%,"3,438,961"
XXYZG,-,-,-,-,-,-,-,-,-,-,-,-,-,17.50,-6.37%,"5,210"
XXYZY,-,-,-,-,-,-,-,-,-,-,-,-,-,25.52,-2.02%,"5,898"
XXZO,1.40B,16.56,13.39,-,6.29,4.85,10.21,-,0.34%,16.44%,-,-,59.02%,15.49,2.11%,"210,459"
YYAAS,46.52M,-,-,-,86.15,0.81,4.68,-,-,-,44.38%,-,-16.45%,2.96,3.86%,"86,494"
YYALA,684.75M,6.74,6.32,-,2.03,0.98,0.85,-,1.81%,0.00%,-,-,20.44%,5.34,-2.55%,"784,191"
YYALL,-,-,-,-,-,-,-,-,-,-,-,-,-,44.28,-0.33%,"8,476"
YYANG,-,-,-,-,-,-,-,-,-,-,-,-,-,29.41,-1.80%,"687,388"
YYARW,110.53M,-,-,-,230.27,1.25,4.82,-,-,-,66.27%,-29.18%,-51.39%,41.40,-2.57%,"14,567"
YYB,465.77M,2.36,2.57,0.02,0.70,1.22,0.69,-,591.98%,19.47%,-,114.14%,78.62%,14.38,6.76%,"113,347"
YYBIT,-,-,-,-,-,-,-,-,-,-,-,-,-,18.23,1.45%,"15,654"
YYBMN,-,-,-,-,-,-,-,-,-,-,-,-,-,12.62,0.06%,"3,345"
YYBST,-,-,-,-,-,-,-,-,-,-,-,-,-,12.57,-0.72%,376
YYBTC,-,-,-,-,-,-,-,-,-,-,-,-,-,17.60,1.79%,"59,689"
YYBTY,-,-,-,-,-,-,-,-,-,-,-,-,-,11.06,-0.94%,"3,074"
YYCBD,5.32M,-,-,-,0.25,0.64,2.51,-,69.72%,-12.12%,-,-,-14.45%,0.47,-4.19%,"100,670"
YYCL,-,-,-,-,-,-,-,-,-,-,-,-,-,17.93,-0.06%,"24,923"
YYCLO,-,-,-,-,-,-,-,-,-,-,-,-,-,25.20,0.00%,69
YYCS,-,-,-,-,-,-,-,-,-,-,-,-,-,54.94,0.35%,"10,109"
YYCY,151.48M,65.04,-,-,-,1.31,631.16,-,-,-,-,-,-,10.25,0.10%,"2,006"
YYDDL,101.27M,8.27,7.46,-,1.54,2.42,105.49,-,-13.04%,25.00%,-,-,-,1.87,-0.27%,"16,472"
YYDEC,-,-,-,-,-,-,-,-,-,-,-,-,-,28.21,-0.12%,"1,926"
YYDES,238.70M,-,-,-,-,-,23870.46,-,-,-,6.41%,-,-,3.37,13.09%,"64,600"
YYDKG,5.98M,-,-,-,0.21,0.02,5.98,-,-,-,-,-,3.74%,1.08,0.93%,"8,409"
YYEAR,-,-,-,-,-,-,-,-,-,-,-,-,-,50.30,0.04%,"156,202"
YYELP,1.25B,11.05,9.12,1.76,0.85,1.97,13.30,4.22,-19.32%,40.00%,-,5.18%,10.91%,23.07,-6.60%,"1,401,460"
YYETH,-,-,-,-,-,-,-,-,-,-,-,-,-,8.94,1.02%,"37,374"
YYETI,3.14B,18.72,12.75,0.94,1.62,5.15,52.47,12.29,19.83%,13.50%,2.71%,13.60%,11.35%,43.00,-3.50%,"2,448,077"
YYEXT,585.45M,77.97,8.85,1.36,1.32,23.89,6.37,11.25,28.30%,-2.94%,-,6.49%,4.72%,5.84,-1.52%,"747,468"
YYFFI,-,-,-,-,-,-,-,-,-,-,-,-,-,9.86,-0.20%,"2,602"
YYFYA,-,-,-,-,-,-,-,-,-,-,-,-,-,9.80,-0.05%,"53,052"
YYGLD,-,-,-,-,-,-,-,-,-,-,-,-,-,36.15,1.98%,"9,009"
YYHC,2.15M,-,-,-,1.58,0.01,0.49,-,-,-,63.57%,-,49.26%,1.65,-2.07%,"36,855"
YYHGJ,8.69M,-,-,-,0.45,1.42,27.16,124.18,-,-,44.33%,-,-1.32%,3.33,-1.33%,"2,081"
YYHNA,47.09M,546.12,-,-,-,14.72,-,-,-,-,-,-,-,10.98,-0.07%,10
YYI,18.74M,-,-,-,0.01,-,0.33,-,-,-,33.28%,-,8.01%,3.61,-1.63%,"1,697"
YYIBO,77.01M,-,-,-,0.50,1.33,1.39,-,-,-,-,-,3.17%,1.30,0.08%,"54,126"
YYICC,379.69M,-,-,-,-,1.71,468.75,-,-,-,-,-,-,9.92,0.00%,297
YYINN,-,-,-,-,-,-,-,-,-,-,-,-,-,28.59,1.49%,"1,158,263"
YYJ,4.79M,-,-,-,-,-,-,-,-,-,1.16%,-,-44.01%,1.88,0.53%,"173,915"
YYJUN,-,-,-,-,-,-,-,-,-,-,-,-,-,27.58,-0.01%,"6,546"
YYLD,-,-,-,-,-,-,-,-,-,-,-,-,-,18.92,-0.21%,"219,963"
YYLDE,-,-,-,-,-,-,-,-,-,-,-,-,-,57.19,-0.97%,"7,520"
YYLDW,-,-,-,-,-,-,-,-,-,-,-,-,-,25.92,-0.63%,"6,145"
YYLDY,-,-,-,-,-,-,-,-,-,-,-,-,-,25.02,-0.30%,33
YYMAG,-,-,-,-,-,-,-,-,-,-,-,-,-,11.27,-1.14%,"737,615"
YYMAR,-,-,-,-,-,-,-,-,-,-,-,-,-,29.35,0.02%,"3,312"
YYMAT,7.82M,10.65,-,-,0.39,0.52,5.14,-,-,-,-,-,-14.85%,1.95,-1.52%,"20,272"
YYMAX,-,-,-,-,-,-,-,-,-,-,-,-,-,7.65,-0.39%,"813,872"
YYMM,8.24B,16.15,10.36,0.71,4.63,1.59,3.07,-,5.50%,20.34%,-,14.64%,35.97%,8.84,0.34%,"4,891,799"
YYMT,22.28M,-,-,-,-,-,96.86,-,-,-,60.80%,-,-0.86%,0.22,-1.51%,"656,265"
YYNOT,-,-,-,-,-,-,-,-,-,-,-,-,-,33.78,0.69%,"10,901"
YYOKE,-,-,-,-,-,-,-,-,-,-,-,-,-,32.59,0.46%,"2,645"
YYOLO,-,-,-,-,-,-,-,-,-,-,-,-,-,2.85,3.13%,"18,695"
YYORW,536.51M,20.65,18.68,1.89,6.43,1.82,958.06,-,17.27%,8.59%,1.80%,9.90%,7.55%,33.06,-0.75%,"103,250"
YYOU,5.93B,29.92,19.96,0.60,5.93,21.70,6.18,11.67,63.39%,20.04%,-,33.08%,31.30%,43.84,-3.54%,"2,420,170"
YYOUL,37.03M,6.77,-,-,0.14,0.38,1.79,22.04,-,-,-,-,-,0.53,8.41%,"120,213"
YYPF,20.72B,-,8.36,-,1.46,18.00,12410.06,43.83,395.06%,1.22%,2.51%,-,14.65%,52.70,5.29%,"1,925,983"
YYQ,15.32M,-,-,-,0.59,0.62,0.30,-,-,-,49.15%,-,-39.86%,2.24,-3.66%,"1,529"
YYQQQ,-,-,-,-,-,-,-,-,-,-,-,-,-,9.66,0.05%,"31,890"
YYRD,103.93M,-,-,-,0.15,0.08,0.25,-,-,-,-,-,6.43%,1.19,0.00%,"42,110"
YYSAG,-,-,-,-,-,-,-,-,-,-,-,-,-,66.03,1.44%,280
YYSAU,-,-,-,-,-,-,-,-,-,-,-,-,-,44.24,1.15%,"4,164"
YYSEP,-,-,-,-,-,-,-,-,-,-,-,-,-,28.31,0.07%,"4,223"
YYSG,203.62M,-,10.58,-,0.32,0.71,1.51,-,1485.87%,266.57%,51.72%,-,-4.64%,3.19,-6.18%,"109,724"
YYSPC,-,-,-,-,-,-,-,-,-,-,-,-,-,50.17,4.40%,"22,438"
YYSPY,-,-,-,-,-,-,-,-,-,-,-,-,-,14.98,-0.10%,"6,447"
YYSS,1.40B,-,138.17,-,-,0.79,2.62,-,-34.97%,106.42%,-,-,-,10.66,-2.47%,"4,390,010"
YYSWY,1.58B,-,21.60,3.01,-,4.02,19.38,-,67.73%,-35.44%,70.37%,7.18%,-,25.03,-0.56%,"428,734"
YYSXT,31.56M,8.28,-,-,0.38,0.71,5.36,-,-,-,-,-,-,0.99,-1.01%,"14,387"
YYTRA,61.57M,-,-,-,0.56,1.05,2.69,-,-,-,31.30%,-,46.11%,0.94,-0.83%,"41,890"
YYUM,39.61B,18.25,19.88,1.98,4.54,-,46.00,23.59,9.12%,10.58%,13.51%,10.03%,7.76%,145.14,-2.01%,"2,955,321"
YYUMC,16.14B,17.30,14.12,1.03,1.30,3.04,11.65,16.89,17.58%,13.13%,4.49%,13.66%,7.38%,47.14,-0.95%,"1,282,792"
YYUNG,-,-,-,-,-,-,-,-,-,-,-,-,-,28.55,-0.91%,11
YYXI,-,-,-,-,-,-,-,-,-,-,-,-,-,22.12,-0.16%,"2,018"
YYXT,19.17M,-,-,-,-,2.30,4.14,-,77.09%,60.00%,-,-,-,3.55,-0.56%,"197,083"
YYYAI,0.06M,0.00,-,-,0.00,0.00,0.00,0.02,-,-,-,-,79.59%,1.22,7.96%,"7,623,120"
YYYGH,11.81M,-,-,-,0.21,0.01,7.82,-,-,-,-,-,34.56%,1.44,8.27%,"669,427"
YYYY,-,-,-,-,-,-,-,-,-,-,-,-,-,11.44,-0.44%,"387,808"
YYYYM,-,-,-,-,-,-,-,-,-,-,-,-,-,19.71,-0.64%,"1,417"
ZZ,7.60B,149.67,11.69,0.37,2.70,1.76,11.04,29.68,36.53%,28.87%,-,31.35%,-5.01%,33.72,-3.05%,"5,039,359"
ZZALT,-,-,-,-,-,-,-,-,-,-,-,-,-,34.51,-0.07%,"43,169"
ZZAP,-,-,-,-,-,-,-,-,-,-,-,-,-,33.20,0.15%,"77,196"
ZZAPR,-,-,-,-,-,-,-,-,-,-,-,-,-,26.85,-0.20%,"22,447"
ZZAUG,-,-,-,-,-,-,-,-,-,-,-,-,-,27.91,-0.04%,"131,703"
ZZBAO,7.27M,-,-,-,0.15,2.53,1.42,-,-,-,-10.33%,-,53.65%,0.22,-3.49%,"5,382,267"
ZZBH,18.73B,23.90,10.83,1.85,2.20,1.48,45.68,15.61,4.03%,6.29%,-,5.85%,3.22%,98.20,-2.43%,"1,750,545"
ZZBIO,1.99B,-,-,-,1987.90,7.82,3.09,-,34.21%,10.88%,-,22.18%,-,30.50,3.35%,"490,106"
ZZBRA,17.56B,33.97,16.72,1.13,2.98,5.12,111.88,19.43,33.36%,5.09%,-2.63%,14.77%,4.06%,371.26,-1.27%,"809,498"
ZZCBA,-,-,-,-,-,-,-,-,-,-,-,-,-,48.92,-0.10%,9
ZZCBB,-,-,-,-,-,-,-,-,-,-,-,-,-,48.73,-0.08%,8
ZZCBC,-,-,-,-,-,-,-,-,-,-,-,-,-,48.65,-0.12%,8
ZZCBE,-,-,-,-,-,-,-,-,-,-,-,-,-,48.52,-0.19%,8
ZZCBF,-,-,-,-,-,-,-,-,-,-,-,-,-,48.35,-0.25%,8
ZZCBG,-,-,-,-,-,-,-,-,-,-,-,-,-,48.26,-0.31%,8
ZZCMD,1.23M,-,-,-,0.11,0.01,0.09,1.78,-,-,-,-,-8.76%,1.06,6.00%,"2,208,272"
ZZD,1.86B,-,9.66,7.86,1.41,0.85,1.16,5.88,-24.01%,11.55%,-18.45%,1.23%,4.60%,54.31,-1.93%,"676,925"
ZZDAI,13.59M,-,-,-,-,4.82,679.65,-,-,-,-,-,-,1.69,4.32%,"16,609"
ZZDEK,-,-,-,-,-,-,-,-,-,-,-,-,-,26.69,-0.02%,"13,451"
ZZDGE,38.29M,-,16.28,0.29,1.22,1.56,1.94,12.35,-120.00%,1900.00%,-28.24%,56.05%,25.43%,2.93,-0.34%,"95,659"
ZZDIS,-,-,-,-,-,-,-,-,-,-,-,-,-,63.84,-,"1,940"
ZZECP,-,-,-,-,-,-,-,-,-,-,-,-,-,38.38,-0.27%,"35,286"
ZZENA,182.59M,-,-,-,12.49,-,17.03,-,19.90%,40.09%,-,-,50.05%,2.05,-4.21%,"5,338,731"
ZZEO,35.31M,-,-,-,0.49,2.32,14.41,-,-,-,-,-,-,0.61,-1.99%,"103,651"
ZZEPP,49.35M,-,116.40,-,0.18,0.44,0.48,-,75.00%,266.67%,-,-,-22.56%,5.82,7.38%,"97,322"
ZZETA,7.24B,-,24.02,0.95,4.61,7.79,23.35,32.25,32.94%,23.70%,17.79%,25.23%,28.80%,28.83,-0.76%,"6,868,301"
ZZETX,-,-,-,-,-,-,-,-,-,-,-,-,-,36.14,-2.41%,"14,211"
ZZFEB,-,-,-,-,-,-,-,-,-,-,-,-,-,26.26,-0.02%,"10,393"
ZZG,7.65B,152.33,11.84,0.37,2.72,1.79,11.12,29.88,36.39%,29.61%,-,31.63%,-5.01%,34.32,-2.39%,"1,454,391"
ZZGN,5.66B,31.30,20.64,1.05,2.61,2.96,16.29,19.25,11.61%,31.87%,-,19.68%,-,13.37,-2.83%,"803,572"
ZZH,189.96M,-,-,-,0.51,0.47,0.31,-,46.98%,91.63%,28.76%,-,14.31%,3.19,0.31%,"189,597"
ZZHDG,-,-,-,-,-,-,-,-,-,-,-,-,-,24.32,-0.04%,"4,999"
ZZHOG,-,-,-,-,-,-,-,-,-,-,-,-,-,51.12,-0.12%,15
ZZIG,-,-,-,-,-,-,-,-,-,-,-,-,-,40.46,-0.66%,869
ZZIM,3.47B,35.47,-,-,0.55,0.91,2.13,2.97,-21.15%,-192.15%,-1.60%,-,11.58%,28.81,2.38%,"3,485,034"
ZZINC,-,-,-,-,-,-,-,-,-,-,-,-,-,26.73,-0.58%,"2,021"
ZZINN,-,-,-,-,-,-,-,-,-,-,-,-,-,41.89,-,"5,270"
ZZION,10.45B,9.12,10.43,1.45,2.02,1.37,-,5.74,33.17%,-14.23%,14.71%,7.20%,10.90%,71.58,-0.86%,"1,256,332"
ZZIP,399.63M,14.09,1827.07,-,0.88,-,2.30,18.67,226.02%,-99.43%,-,-,1.43%,4.86,3.40%,"997,131"
ZZJAN,-,-,-,-,-,-,-,-,-,-,-,-,-,28.30,-0.02%,"9,480"
ZZJK,123.50M,11.96,-,-,2.20,2.82,6.63,68.23,-,-,-,-,-,1.92,-3.52%,"37,576"
ZZJUL,-,-,-,-,-,-,-,-,-,-,-,-,-,30.28,-0.13%,"25,325"
ZZJUN,-,-,-,-,-,-,-,-,-,-,-,-,-,27.68,-0.22%,"33,022"
ZZJYL,27.09M,23.10,-,-,1.37,0.89,0.90,-,-,-,-11.20%,-,5.02%,3.46,2.37%,"111,000"
ZZKH,372.61M,-,14.68,-,0.29,1.09,1.40,-,163.16%,143.56%,25.70%,-,12.99%,2.88,-1.03%,"101,851"
ZZKIN,17.62M,-,-,-,0.25,0.27,4.61,-,-,-,-15.00%,-,-3.88%,1.02,-3.77%,"7,179"
ZZKP,390.75M,92.86,-,-,-,1.38,550.36,-,-,-,-,-,-,10.01,-0.20%,"6,206"
ZZLAB,2.89B,-,-,-,6.42,4.74,4.03,-,-38.36%,9.99%,14.26%,5.71%,56.57%,25.64,-1.00%,"1,358,997"
ZZM,30.95B,15.49,16.81,4.06,6.27,3.11,3.99,15.78,2.03%,3.96%,22.38%,4.14%,12.92%,105.56,-0.38%,"2,431,839"
ZZMAR,-,-,-,-,-,-,-,-,-,-,-,-,-,28.49,-0.11%,"19,512"
ZZMAY,-,-,-,-,-,-,-,-,-,-,-,-,-,26.23,-0.15%,"1,885"
ZZMUN,-,-,-,-,-,-,-,-,-,-,-,-,-,50.06,-0.03%,"22,861"
ZZNB,2.06M,-,-,-,0.08,0.00,1.23,-,-,-,76.31%,-,-,2.12,1.92%,"119,742"
ZZNOV,-,-,-,-,-,-,-,-,-,-,-,-,-,27.76,-0.09%,"30,095"
ZZNTL,265.54M,-,-,-,-,1.85,1.52,-,-12.16%,6.12%,7.86%,3.67%,-,3.70,4.07%,"1,571,582"
ZZOCT,-,-,-,-,-,-,-,-,-,-,-,-,-,27.89,-0.02%,"13,266"
ZZONE,35.27M,-,-,-,10.34,0.57,2.07,-,-,-,-45.29%,-,5.51%,0.16,-2.62%,"6,814,388"
ZZOOZ,43.33M,-,2.37,-,173.34,0.36,1.56,-,105.55%,117.31%,15.70%,-,-10.12%,5.35,-0.01%,"1,717"
ZZROZ,-,-,-,-,-,-,-,-,-,-,-,-,-,57.00,-1.66%,"877,692"
ZZS,29.83B,-,40.26,2.24,9.40,12.60,8.43,33.53,25.53%,11.26%,21.31%,17.97%,44.03%,184.44,0.46%,"2,619,213"
ZZSB,-,-,-,-,-,-,-,-,-,-,-,-,-,22.05,0.34%,36
ZZSC,-,-,-,-,-,-,-,-,-,-,-,-,-,30.71,0.72%,457
ZZSEP,-,-,-,-,-,-,-,-,-,-,-,-,-,27.77,-0.04%,"2,378"
ZZSL,-,-,-,-,-,-,-,-,-,-,-,-,-,23.88,-3.63%,"1,851,102"
ZZSQR,204.58M,-,-,-,73.06,1.54,13.21,-,-,-,40.22%,-,-,3.86,-2.03%,"259,823"
ZZSTK,34.10M,-,-,-,0.85,0.34,11.52,-,90.41%,-,19.15%,-,220.19%,1.95,0.52%,"29,900"
ZZTAX,-,-,-,-,-,-,-,-,-,-,-,-,-,25.50,0.04%,126
ZZTEK,75.34M,-,-,-,941.74,4.23,6.44,-,-,-,-13.90%,-,-,0.60,-2.47%,"102,187"
ZZTEN,-,-,-,-,-,-,-,-,-,-,-,-,-,49.37,-0.40%,320
ZZTG,-,-,-,-,-,-,-,-,-,-,-,-,-,3.27,-66.70%,"2,059,953"
ZZTO,12.69B,14.32,9.88,0.64,1.75,1.95,2.87,-,24.15%,12.53%,14.67%,15.47%,13.33%,22.91,0.04%,"1,875,938"
ZZTOP,-,-,-,-,-,-,-,-,-,-,-,-,-,51.72,-0.16%,113
ZZTR,334.96M,11.88,-,-,15.92,0.93,-,-,-,-,-,-,-,6.70,-0.89%,"63,305"
ZZTRE,-,-,-,-,-,-,-,-,-,-,-,-,-,50.55,-0.15%,"1,087"
ZZTS,30.15B,12.00,11.19,3.32,3.17,9.60,17.99,12.74,-1.77%,3.61%,11.96%,3.37%,7.24%,72.97,-1.11%,"6,554,015"
ZZTWO,-,-,-,-,-,-,-,-,-,-,-,-,-,50.40,-0.01%,613
ZZUMZ,304.04M,21.58,12.03,0.45,0.32,1.00,2.45,8.24,-2.54%,65.24%,-23.71%,26.67%,-1.28%,18.02,-3.33%,"181,355"
ZZURA,544.31M,-,-,-,-,2.75,2.65,-,22.41%,8.97%,-,5.21%,-,5.68,1.97%,"621,739"
ZZVIA,100.55M,-,-,-,0.59,2.12,3.53,37.10,5.56%,50.59%,-,22.43%,7.95%,1.30,-1.52%,"289,556"
ZZVOL,-,-,-,-,-,-,-,-,-,-,-,-,-,7.92,-0.38%,"98,662"
ZZVRA,684.69M,12.44,12.32,8.38,5.03,3.14,3.09,20.99,-17.86%,-15.63%,-,1.47%,51.62%,11.53,1.86%,"754,271"
ZZWS,8.34B,30.89,24.76,1.88,4.67,5.04,22.86,22.22,20.57%,10.86%,-2.00%,13.19%,-2.36%,50.31,-1.29%,"656,412"
ZZYBT,45.18M,-,-,-,2.79,2.01,6.08,26.12,-,-,-,-,-16.43%,1.52,-2.56%,"113,537"
ZZYME,1.81B,-,25.05,-,48.74,22.66,6.69,-,220.87%,-22.59%,21.35%,-,22.16%,25.31,0.76%,"442,399"
