Ticker,MarketCap,PE,ForwardPE,PEG,PS,PB,PC,PFCF,EPSThisY,EPSNextY,EPSPast5Y,EPSNext5Y,SalesPast5Y,Price,Change,Volume
A,38.27B,27.22,20.52,2.20,5.29,5.37,21.18,35.21,8.36%,9.00%,14.68%,9.35%,5.41%,135.51,2.95%,"2,004,081"
AA,14.01B,13.35,6.72,0.23,1.08,2.05,9.34,48.81,105.69%,1.89%,-,28.69%,7.07%,53.08,1.49%,"5,659,023"
AAA,-,-,-,-,-,-,-,-,-,-,-,-,-,25.02,0.06%,"12,934"
AAAA,-,-,-,-,-,-,-,-,-,-,-,-,-,30.13,0.24%,"1,324"
AAAC,-,-,-,-,-,-,-,-,-,-,-,-,-,20.07,0.00%,4
AAAD,-,-,-,-,-,-,-,-,-,-,-,-,-,50.34,0.11%,2
AAAP,-,-,-,-,-,-,-,-,-,-,-,-,-,25.08,0.00%,0
AAAU,-,-,-,-,-,-,-,-,-,-,-,-,-,39.68,0.97%,"2,050,309"
AACB,290.55M,53.28,-,-,-,1.35,14527.69,-,-,-,-,-,-,10.49,0.08%,"202,422"
AACG,41.74M,-,-,-,1.12,6.73,3.42,-,-,-,14.26%,-,9.68%,0.97,0.52%,"6,427"
AACI,339.23M,-,-,-,-,1.41,376.93,-,-,-,-,-,-,9.97,0.19%,1
AACO,310.17M,-,-,-,-,1.38,234.97,-,-,-,-,-,-,9.89,-0.10%,45
AACP,233.76M,-,-,-,-,-,-,-,-,-,-,-,-,9.96,0.03%,"17,560"
AADR,-,-,-,-,-,-,-,-,-,-,-,-,-,81.40,1.43%,"1,863"
AADX,3.20B,-,-,-,6.13,13.69,201.10,-,-,-,-,-,-,18.75,2.74%,"894,896"
AAEQ,-,-,-,-,-,-,-,-,-,-,-,-,-,52.03,-0.14%,127
AAL,11.62B,57.36,7.69,0.07,0.21,-,1.45,10.56,-87.25%,4880.01%,-,105.47%,25.80%,17.57,0.75%,"203,358,448"
AALG,-,-,-,-,-,-,-,-,-,-,-,-,-,19.35,1.01%,"53,362"
AAME,34.27M,7.45,-,-,0.16,0.31,-,1.41,-,-,-42.60%,-,-1.03%,1.68,-1.18%,"31,862"
AAMI,2.49B,29.67,12.03,-,3.88,32.08,16.57,13.29,47.54%,20.96%,-8.76%,-,3.76%,69.77,-0.87%,"741,309"
AAOG,-,-,-,-,-,-,-,-,-,-,-,-,-,6.31,-10.75%,"1,454,132"
AAOI,11.12B,-,24.19,-,21.93,9.89,24.74,-,497.38%,454.35%,24.98%,-,14.20%,138.54,-5.74%,"13,193,141"
AAON,10.92B,93.74,38.18,0.76,6.75,11.68,9923.23,-,67.70%,54.15%,5.45%,50.26%,22.89%,133.26,1.26%,"711,040"
AAOX,-,-,-,-,-,-,-,-,-,-,-,-,-,28.14,-9.95%,"7,494,903"
AAP,3.57B,81.77,14.77,0.51,0.41,1.61,1.21,-,29.49%,36.99%,-36.70%,29.14%,-3.17%,59.20,2.17%,"1,301,723"
AAPB,-,-,-,-,-,-,-,-,-,-,-,-,-,30.56,-13.01%,"85,804"
AAPD,-,-,-,-,-,-,-,-,-,-,-,-,-,12.75,6.16%,"10,431,782"
AAPG,1.59B,-,-,-,19.82,8.36,4.49,-,48.61%,61.79%,-1.32%,51.24%,113.42%,17.05,-0.18%,"6,896"
AAPL,4041.23B,33.28,28.52,2.26,8.95,37.90,58.99,31.29,17.40%,10.15%,17.91%,12.63%,8.71%,275.15,-6.12%,"106,865,689"
AAPR,-,-,-,-,-,-,-,-,-,-,-,-,-,29.36,0.05%,"7,649"
AAPU,-,-,-,-,-,-,-,-,-,-,-,-,-,31.72,-12.16%,"3,285,760"
AAPW,-,-,-,-,-,-,-,-,-,-,-,-,-,35.48,-7.01%,"27,488"
AAPX,-,-,-,-,-,-,-,-,-,-,-,-,-,28.78,-12.23%,"109,014"
AAPY,-,-,-,-,-,-,-,-,-,-,-,-,-,23.33,-7.03%,"10,207"
AARD,110.39M,-,-,-,-,1.27,1.21,-,-22.43%,9.08%,-,0.02%,-,5.06,2.02%,"234,398"
AAT,1.51B,81.60,54.60,-,3.44,1.33,12.75,16.29,-50.00%,-2.17%,14.72%,-19.50%,6.88%,24.57,0.82%,"427,289"
AAUA,-,-,-,-,-,-,-,-,-,-,-,-,-,55.69,-0.17%,6
AAUC,2.88B,-,2.36,0.02,2.09,8.60,6.78,72.90,247.07%,96.54%,-,96.01%,-,22.85,-0.70%,"169,521"
AAUM,-,-,-,-,-,-,-,-,-,-,-,-,-,19.22,0.34%,105
AAUS,-,-,-,-,-,-,-,-,-,-,-,-,-,58.44,-0.20%,642
AAVM,-,-,-,-,-,-,-,-,-,-,-,-,-,33.75,0.68%,249
AAXJ,-,-,-,-,-,-,-,-,-,-,-,-,-,118.37,1.00%,"666,767"
AB,3.34B,10.98,9.40,0.91,-,2.62,-,10.26,3.31%,10.48%,0.57%,10.31%,-,35.74,1.65%,"455,807"
ABAT,368.32M,-,-,-,22.62,3.17,9.57,-,18.97%,60.64%,5.77%,19.73%,-,2.70,0.00%,"3,030,256"
ABBV,429.58B,119.92,14.99,0.70,6.84,-,45.74,21.50,42.28%,14.02%,-2.81%,21.35%,5.95%,243.14,3.51%,"10,165,157"
ABCB,6.09B,14.23,12.63,-,3.63,1.49,-,12.05,12.52%,6.21%,9.71%,-,7.93%,90.43,1.24%,"550,452"
ABCL,2.03B,-,-,-,25.68,2.16,3.84,-,-20.41%,-9.23%,-,-18.48%,-20.27%,6.66,10.45%,"11,843,847"
ABCS,-,-,-,-,-,-,-,-,-,-,-,-,-,33.29,0.26%,"1,155"
ABEO,316.89M,5.93,-,-,21.79,2.18,1.88,-,-171.45%,90.99%,-,-26.72%,-10.26%,5.56,-1.07%,"1,585,872"
ABEQ,-,-,-,-,-,-,-,-,-,-,-,-,-,37.65,0.30%,"14,083"
ABEV,48.97B,17.12,14.25,1.62,3.02,2.84,13.02,12.18,14.59%,6.92%,4.85%,8.82%,6.89%,3.14,0.32%,"21,951,963"
ABFL,-,-,-,-,-,-,-,-,-,-,-,-,-,83.63,1.50%,"4,894"
ABG,3.78B,7.19,6.86,1.33,0.21,0.96,137.47,7.95,-7.79%,14.16%,13.75%,5.18%,20.34%,203.05,-1.59%,"176,316"
ABI,-,-,-,-,-,-,-,-,-,-,-,-,-,24.86,-0.04%,12
ABIG,-,-,-,-,-,-,-,-,-,-,-,-,-,33.60,-0.07%,"1,521"
ABLD,-,-,-,-,-,-,-,-,-,-,-,-,-,30.07,0.90%,"3,295"
ABLG,-,-,-,-,-,-,-,-,-,-,-,-,-,32.83,1.72%,8
ABLS,-,-,-,-,-,-,-,-,-,-,-,-,-,22.51,0.59%,"1,842"
ABLV,54.82M,-,-,-,0.52,7.05,6.08,46.86,-,-,-,-,-2.69%,1.11,0.91%,"98,156"
ABM,2.63B,17.27,10.33,1.03,0.29,1.50,27.67,7.86,16.02%,8.77%,256.47%,10.02%,7.87%,44.83,0.58%,"376,746"
ABNB,85.51B,34.95,23.38,1.10,6.73,11.06,7.09,18.84,27.12%,18.46%,-,21.26%,29.50%,141.88,-1.75%,"3,031,512"
ABNG,-,-,-,-,-,-,-,-,-,-,-,-,-,17.68,-3.81%,"1,554"
ABNY,-,-,-,-,-,-,-,-,-,-,-,-,-,39.35,0.00%,0
ABOS,159.63M,-,-,-,-,1.82,1.24,-,28.89%,-2.77%,-61.49%,16.30%,-,2.21,-4.33%,"377,449"
ABOT,-,-,-,-,-,-,-,-,-,-,-,-,-,36.94,-1.40%,124
ABR,984.89M,13.33,7.66,-,0.82,0.44,1.23,4.16,-65.89%,83.14%,-16.98%,-,12.27%,5.12,0.59%,"2,488,384"
ABSI,1.59B,-,-,-,865.10,9.22,12.66,-,10.71%,7.00%,-9.45%,15.42%,-10.14%,10.21,1.34%,"13,208,919"
ABT,162.41B,25.98,15.41,1.64,3.60,3.12,22.26,22.01,6.29%,10.56%,8.23%,9.42%,5.08%,93.24,3.04%,"16,704,115"
ABTC,750.27M,-,-,-,3.64,1.08,74.65,-,-,-,86.80%,-,63.91%,0.71,-4.71%,"14,677,255"
ABTS,3.43M,-,-,-,0.38,0.35,42.90,-,-,-,-,-,57.35%,1.16,-4.13%,"50,866"
ABUF,-,-,-,-,-,-,-,-,-,-,-,-,-,26.82,0.00%,0
ABUS,871.14M,5.36,-,-,4.55,3.34,9.15,-,541.18%,-112.00%,29.45%,-,15.29%,4.41,-1.12%,"2,768,796"
ABVC,37.70M,-,-,-,-,3.47,188.50,-,-,-,39.78%,-,-,1.45,9.02%,"354,395"
ABVX,7.37B,-,-,-,-,14.80,13.01,-,47.18%,-20.86%,-12.77%,63.63%,-,92.37,-0.15%,"1,767,998"
ABX,886.32M,23.16,7.99,0.49,3.54,2.12,23.82,6.86,16.38%,15.53%,-,16.41%,-,9.24,-0.65%,"509,976"
ABXB,-,-,-,-,-,-,-,-,-,-,-,-,-,19.63,0.12%,65
ACA,7.11B,32.03,28.87,1.69,2.52,2.68,46.38,29.88,-4.29%,17.37%,14.24%,17.06%,8.30%,144.96,0.43%,"1,939,450"
ACAA,355.93M,-,-,-,-,-,889.82,-,-,-,-,-,-,9.97,0.00%,0
ACAD,4.06B,10.80,30.86,-,3.71,3.25,4.77,35.76,-83.08%,97.54%,-,-14.50%,19.39%,23.72,1.54%,"1,491,587"
ACB,170.95M,-,46.02,-,0.74,0.44,1.45,-,77.55%,129.97%,45.34%,-,3.95%,2.76,-2.47%,"974,904"
ACCL,23.57M,179.79,-,-,37.42,84.33,76.04,124.06,-,-,-,-,-,1.69,-1.74%,"21,663"
ACCO,369.04M,5.08,4.18,-,0.24,0.54,3.10,7.55,3.57%,9.96%,-7.40%,-,-1.63%,4.00,0.50%,"599,598"
ACCS,25.23M,-,10.48,-,1.12,0.84,7.23,37.66,-22.81%,40.91%,14.85%,-,4.07%,6.50,-2.99%,"10,163"
ACDC,1.03B,-,-,-,0.58,1.68,30.89,517.44,29.11%,49.21%,-21.59%,47.42%,28.81%,5.72,6.92%,"2,161,811"
ACEI,-,-,-,-,-,-,-,-,-,-,-,-,-,23.11,-0.90%,"22,769"
ACEL,1.07B,21.53,16.57,-,0.79,3.94,3.90,16.75,-19.94%,11.79%,-,-0.63%,33.29%,13.14,0.61%,"261,405"
ACEP,-,-,-,-,-,-,-,-,-,-,-,-,-,19.74,0.76%,883
ACES,-,-,-,-,-,-,-,-,-,-,-,-,-,34.75,-0.74%,"58,975"
ACET,73.85M,-,-,-,-,0.54,0.54,-,50.80%,55.97%,26.71%,-,-,7.90,-4.24%,"88,589"
ACFN,40.71M,20.95,-,-,3.84,4.86,9.56,22.01,-,-,104.28%,-,14.15%,16.23,-1.76%,"13,402"
ACGC,294.47M,-,-,-,-,-,-,-,-,-,-,-,-,9.94,0.00%,0
ACGL,32.96B,7.24,9.51,3.47,1.72,1.43,-,5.63,-5.82%,6.76%,28.39%,2.74%,18.36%,94.33,-0.62%,"1,562,856"
ACGO,-,-,-,-,-,-,-,-,-,-,-,-,-,36.76,-0.95%,4
ACGR,-,-,-,-,-,-,-,-,-,-,-,-,-,66.21,-1.15%,107
ACH,242.77M,-,4.16,-,0.09,-,0.72,-,-55.35%,69.04%,-,-3.33%,-20.10%,3.17,-0.94%,"345,754"
ACHC,2.41B,-,15.00,27.27,0.72,1.22,15.23,-,-24.63%,16.05%,-,0.55%,9.65%,26.24,5.13%,"3,693,487"
ACHR,3.64B,-,-,-,1914.99,1.75,2.04,-,-36.11%,7.59%,-36.00%,-1.26%,-,4.79,-5.15%,"39,460,306"
ACHV,585.15M,-,-,-,-,28.42,19.99,-,42.82%,35.48%,25.38%,-,-,5.70,7.55%,"3,803,133"
ACI,6.74B,43.60,-,-,0.08,3.74,31.10,12.78,4.42%,-,-24.70%,7.41%,3.60%,13.76,-2.62%,"6,207,477"
ACIC,521.47M,5.12,8.97,-,1.56,1.57,-,13.49,-54.09%,25.65%,-,-25.79%,-16.90%,10.76,-1.74%,"262,965"
ACII,-,-,-,-,-,-,-,-,-,-,-,-,-,25.57,-0.58%,"221,748"
ACIO,-,-,-,-,-,-,-,-,-,-,-,-,-,45.64,-0.15%,"191,757"
ACIU,249.34M,-,8.19,-,54.20,4.40,2.68,-,64.33%,197.05%,1.71%,-,-23.52%,2.45,-3.54%,"173,465"
ACIW,4.74B,23.46,16.05,-,2.65,3.15,29.32,16.07,15.62%,16.42%,28.58%,-,6.34%,46.66,0.58%,"609,552"
ACKY,-,-,-,-,-,-,-,-,-,-,-,-,-,17.26,-1.26%,"31,079"
ACLC,-,-,-,-,-,-,-,-,-,-,-,-,-,82.39,0.14%,"10,890"
ACLO,-,-,-,-,-,-,-,-,-,-,-,-,-,50.44,-0.01%,"1,623"
ACLS,5.55B,56.30,37.27,42.36,6.57,5.32,15.15,62.77,-21.43%,26.45%,20.99%,0.88%,12.07%,180.70,6.98%,"605,355"
ACLZ,-,-,-,-,-,-,-,-,-,-,-,-,-,27.57,13.63%,398
ACM,9.01B,14.91,10.44,0.82,0.56,3.96,8.72,21.97,13.75%,12.29%,-,12.66%,4.04%,70.14,0.43%,"1,938,851"
ACMM,-,-,-,-,-,-,-,-,-,-,-,-,-,28.85,11.56%,"2,611"
ACMR,7.39B,81.24,37.57,0.97,7.69,4.47,5.74,-,24.05%,42.42%,35.88%,38.85%,41.91%,106.86,5.18%,"1,747,988"
ACN,76.99B,10.05,8.59,1.28,1.05,2.41,7.57,6.12,7.17%,5.74%,9.01%,6.70%,9.47%,125.82,-2.58%,"17,871,317"
ACNB,596.28M,11.93,10.66,-,3.00,1.42,-,8.56,6.04%,1.42%,11.08%,-,12.73%,58.39,0.03%,"57,497"
ACNT,130.51M,138.18,-,-,1.71,1.63,2.73,-,-,-,28.02%,-,-21.78%,14.44,-0.21%,"80,825"
ACOG,141.53M,-,-,-,13.07,2.46,2.61,-,-14.53%,66.98%,45.28%,-,-,6.50,-1.22%,"51,630"
ACOM,-,-,-,-,-,-,-,-,-,-,-,-,-,19.29,0.00%,0
ACON,6.68M,-,-,-,83.45,0.34,0.35,-,66.96%,-19.07%,83.48%,-,9.25%,2.71,-1.09%,"83,772"
ACP,649.94M,15.70,-,-,6.88,0.88,-,-,-,-,-,-,-,5.18,1.17%,"540,434"
ACR,121.37M,26.32,11.86,-,0.73,0.29,2.44,12.82,355.13%,116.33%,-,-,-,17.02,-2.69%,"34,007"
ACRE,245.78M,-,11.63,-,3.08,0.50,1.83,-,208.01%,193.78%,-,-,-8.16%,4.43,-0.89%,"818,820"
ACRS,685.75M,-,-,-,81.93,4.77,6.50,-,-26.24%,-14.63%,15.08%,-13.26%,3.84%,4.91,2.51%,"1,328,937"
ACRV,67.63M,-,-,-,-,0.64,0.69,-,-2.41%,5.92%,-51.39%,1.99%,-,1.58,-2.47%,"312,500"
ACSG,-,-,-,-,-,-,-,-,-,-,-,-,-,49.36,0.91%,"4,131"
ACSI,-,-,-,-,-,-,-,-,-,-,-,-,-,73.01,-1.06%,147
ACSV,-,-,-,-,-,-,-,-,-,-,-,-,-,49.34,1.09%,"2,897"
ACT,6.23B,9.68,8.95,1.84,5.02,1.17,-,8.63,4.79%,5.26%,14.70%,4.87%,2.24%,44.64,0.88%,"298,239"
ACTG,453.97M,-,-,-,2.11,0.68,1.39,8.66,-246.67%,-,-31.48%,-,57.13%,4.70,0.00%,"129,668"
ACTU,46.90M,-,-,-,-,12.28,5.77,-,24.31%,-5.95%,-,4.18%,-,1.96,0.51%,"90,329"
ACU,181.22M,20.57,20.77,-,0.89,1.55,43.15,22.24,-21.29%,16.84%,1.55%,-9.92%,3.69%,47.56,1.75%,"7,416"
ACV,286.41M,5.36,-,-,-,-,-,-,-,-,-,-,-,27.55,0.77%,"21,473"
ACVA,1.15B,-,19.73,0.45,1.47,2.65,3.36,14.60,19.66%,61.13%,-7.82%,43.42%,29.53%,6.57,-0.45%,"2,346,880"
ACVF,-,-,-,-,-,-,-,-,-,-,-,-,-,53.62,0.64%,"10,694"
ACVT,-,-,-,-,-,-,-,-,-,-,-,-,-,27.75,0.01%,3
ACVU,-,-,-,-,-,-,-,-,-,-,-,-,-,31.21,1.39%,"14,431"
ACWI,-,-,-,-,-,-,-,-,-,-,-,-,-,154.70,0.30%,"3,329,749"
ACWV,-,-,-,-,-,-,-,-,-,-,-,-,-,119.40,-0.14%,"186,178"
ACWX,-,-,-,-,-,-,-,-,-,-,-,-,-,75.56,0.92%,"1,075,245"
ACXP,6.11M,-,-,-,-,0.69,0.66,-,68.92%,-6.85%,10.54%,27.59%,-,1.42,-3.40%,"53,931"
ACYN,-,-,-,-,-,-,-,-,-,-,-,-,-,20.65,0.19%,"1,508,673"
ACYQ,-,-,-,-,-,-,-,-,-,-,-,-,-,20.10,0.45%,"70,444"
ACYS,-,-,-,-,-,-,-,-,-,-,-,-,-,20.39,0.15%,"309,399"
AD,3.10B,6.91,33.04,1.07,2.88,1.67,12.23,32.44,411.22%,-62.05%,4.83%,30.95%,-47.37%,35.89,-0.99%,"1,315,434"
ADAC,287.79M,-,-,-,-,1.29,290.70,-,-,-,-,-,-,10.01,0.00%,"1,429"
ADAG,195.25M,-,-,-,25.39,5.52,2.62,-,-61.67%,-3.09%,21.03%,-24.04%,61.40%,4.12,-3.06%,"313,618"
ADAM,838.41M,7.96,8.51,0.32,1.08,0.92,2.29,9.91,4.85%,-4.89%,-,26.24%,35.33%,9.33,0.11%,"942,205"
ADBE,76.88B,11.06,7.04,0.48,3.05,6.70,13.67,7.48,16.28%,12.76%,9.04%,14.60%,13.06%,193.41,-1.61%,"6,922,133"
ADBG,-,-,-,-,-,-,-,-,-,-,-,-,-,2.67,-3.61%,"4,825,013"
ADBU,-,-,-,-,-,-,-,-,-,-,-,-,-,15.02,-3.28%,"70,143"
ADC,9.13B,41.14,36.81,6.73,12.17,1.50,292.48,17.69,9.35%,6.66%,0.32%,5.47%,23.65%,75.98,0.88%,"815,077"
ADCT,132.27M,-,-,-,1.67,-,0.57,-,23.93%,22.24%,21.50%,37.84%,-,1.04,-2.80%,"1,729,338"
ADDS,-,-,-,-,-,-,-,-,-,-,-,-,-,26.05,0.46%,"46,933"
ADEA,3.35B,28.15,19.62,-,7.28,7.18,28.95,21.29,-13.92%,9.01%,-10.86%,-,-13.05%,30.38,1.06%,"1,524,326"
ADFI,-,-,-,-,-,-,-,-,-,-,-,-,-,8.52,-0.06%,"11,225"
ADGM,13.82M,-,-,-,-,2.41,1.07,-,21.85%,-14.41%,-364.47%,-1.02%,-,0.62,-1.38%,"77,326"
ADI,203.57B,62.11,28.12,0.93,15.98,6.03,59.19,44.59,58.15%,20.62%,6.82%,30.12%,14.49%,417.93,1.15%,"6,436,654"
ADIL,5.65M,-,-,-,-,1.05,1.23,-,67.76%,60.23%,53.46%,47.67%,-,2.58,4.03%,"112,255"
ADIU,-,-,-,-,-,-,-,-,-,-,-,-,-,14.05,2.29%,"3,144"
ADIV,-,-,-,-,-,-,-,-,-,-,-,-,-,18.73,0.23%,"2,391"
ADM,36.89B,34.27,13.94,0.82,0.46,1.62,6.00,7.70,35.35%,18.28%,-6.68%,17.08%,4.52%,76.54,1.94%,"3,695,451"
ADMA,2.02B,12.86,8.59,0.29,3.96,5.19,14.63,18.73,26.00%,22.65%,-,29.21%,64.60%,8.72,0.23%,"3,581,207"
ADME,-,-,-,-,-,-,-,-,-,-,-,-,-,54.73,-0.04%,"7,674"
ADNT,1.59B,28.48,6.13,0.22,0.11,0.93,1.91,5.85,9.46%,56.78%,10.31%,27.76%,2.78%,20.29,0.10%,"782,589"
ADP,86.47B,20.16,17.74,1.77,4.00,13.65,26.78,16.33,10.60%,10.11%,11.86%,10.01%,7.10%,216.31,-1.61%,"2,282,306"
ADPT,3.24B,-,-,-,10.97,14.95,14.84,-,-18.20%,46.53%,18.85%,34.42%,23.00%,20.25,4.71%,"3,960,850"
ADPV,-,-,-,-,-,-,-,-,-,-,-,-,-,48.45,2.77%,"15,774"
ADSE,858.77M,-,-,-,24.04,-,104.60,-,160.13%,-,15.07%,-,-2.27%,11.45,1.33%,"9,111"
ADSK,40.03B,27.72,13.35,0.83,5.32,12.55,13.69,14.67,20.80%,12.77%,-0.79%,16.07%,13.69%,189.73,-1.50%,"2,458,928"
ADT,4.98B,8.93,6.51,1.20,0.97,1.33,32.77,3.33,2.68%,5.98%,-,5.41%,-0.71%,6.30,-3.82%,"7,761,122"
ADTN,1.14B,-,18.31,0.29,1.01,8.22,9.32,16.87,128.80%,45.70%,-,63.76%,16.43%,14.04,0.57%,"1,193,516"
ADTX,2.30M,-,-,-,229.52,-,8.50,-,-,-,-290.23%,-,-,0.00,-75.79%,"362,990,305"
ADUR,487.49M,-,-,-,2867.59,16.40,16.86,-,-23.95%,27.60%,-18.77%,11.55%,-1.07%,14.41,2.56%,"860,715"
ADUS,1.81B,17.90,12.96,1.61,1.25,1.62,17.54,13.16,12.16%,6.94%,20.22%,8.03%,13.22%,96.86,-0.35%,"166,594"
ADV,559.73M,-,27.88,-,0.16,1.13,3.59,9.03,85.58%,159.92%,-4.58%,-,2.34%,42.10,-3.60%,"201,784"
ADVB,8.24M,31.34,-,-,-,23.94,103.00,-,-,-,-12.01%,-,-,4.99,4.83%,"5,190"
ADVE,-,-,-,-,-,-,-,-,-,-,-,-,-,45.27,0.21%,218
ADX,3.03B,6.22,-,-,92.52,1.00,-,-,-,-,-,-,-,24.76,-0.24%,"182,981"
ADXN,5.82M,-,-,-,29.11,0.97,2.81,-,-,-,31.85%,-,-44.27%,5.94,-1.00%,"6,797"
AEAQ,313.12M,120.63,-,-,-,1.14,467.34,-,-,-,-,-,-,10.00,0.00%,"102,952"
AEBI,1.02B,94.42,10.23,-,0.51,1.00,7.09,-,313.73%,83.41%,-,-,-,13.20,3.37%,"208,625"
AEC,73.10M,-,-,-,-,1.86,12.58,-,-,-,25.35%,-,-,4.01,-4.75%,"32,878"
AEE,31.70B,20.57,19.72,2.53,3.57,2.34,364.33,-,7.02%,7.88%,8.84%,7.80%,8.72%,114.53,1.07%,"2,000,107"
AEF,380.44M,4.09,-,-,58.69,1.23,-,-,-,-,-,-,-,9.37,0.75%,"174,495"
AEG,12.58B,11.84,8.06,0.44,0.39,1.43,-,12.16,56.08%,-4.30%,95.22%,18.36%,7.38%,8.36,0.24%,"4,250,656"
AEHL,18.51M,-,-,-,0.19,0.13,10.52,-,-,-,82.94%,-,25.06%,1.02,-5.56%,"100,064"
AEHR,3.11B,-,649.93,25.01,68.65,22.03,84.18,-,-189.33%,213.43%,-1.55%,25.99%,21.48%,98.79,3.77%,"1,033,454"
AEI,48.62M,-,-,-,11.10,0.41,1.59,-,-,-,21.71%,-,-22.74%,1.25,-3.10%,"35,122"
AEIS,14.27B,78.97,31.85,1.18,7.49,10.30,20.39,208.89,45.59%,26.23%,1.93%,26.90%,4.90%,375.15,4.32%,"619,506"
AEM,78.10B,14.69,10.77,0.68,5.77,2.97,25.01,17.27,66.12%,5.43%,33.22%,15.76%,30.57%,156.18,1.77%,"2,013,748"
AEMD,2.11M,-,-,-,-,0.29,0.42,-,71.87%,39.70%,54.12%,-,-,0.89,-26.96%,"549,101"
AEMS,-,-,-,-,-,-,-,-,-,-,-,-,-,12.05,3.65%,"4,920"
AENT,293.61M,13.15,12.26,1.03,0.26,2.45,236.79,17.19,52.22%,2.92%,-,11.87%,-,5.76,3.60%,"10,132"
AEO,3.02B,11.16,9.26,0.60,0.54,1.84,29.28,16.35,17.42%,10.70%,-,15.54%,8.09%,18.05,-2.43%,"3,887,197"
AEON,18.15M,-,-,-,-,-,2.91,-,73.42%,-,-253.12%,-,-,0.69,-4.81%,"61,037"
AEP,74.54B,20.26,20.00,2.42,3.33,2.34,135.78,-,6.36%,7.89%,8.53%,8.25%,7.88%,137.00,1.51%,"4,282,680"
AER,23.67B,6.57,8.82,1.62,3.17,1.32,14.96,60.17,11.82%,-0.94%,-,5.43%,10.91%,150.11,1.50%,"1,165,288"
AERO,2.67B,7.80,8.82,1.58,0.48,-,2.62,4.45,-44.81%,56.28%,-,5.58%,32.31%,18.31,3.45%,"342,376"
AERT,41.50M,16.90,-,-,0.59,-,8.50,7.33,-,-,-,-,-,7.23,-1.50%,"21,385"
AES,10.45B,7.59,5.98,1.81,0.84,2.37,4.65,-,-0.77%,5.62%,82.82%,3.31%,4.83%,14.66,-0.14%,"7,354,201"
AESI,2.08B,-,49.28,-,1.95,1.78,52.25,111.50,-55.35%,153.02%,-3.59%,-,57.85%,16.64,5.65%,"2,098,507"
AESPU,147.48M,-,-,-,-,-,-,-,-,-,-,-,-,10.07,-0.05%,"149,454"
AESR,-,-,-,-,-,-,-,-,-,-,-,-,-,20.36,1.04%,"39,833"
AETH,-,-,-,-,-,-,-,-,-,-,-,-,-,29.28,-1.45%,121
AEVA,1.27B,-,-,-,60.58,-,12.77,-,3.43%,9.35%,-23.11%,13.57%,30.14%,20.15,0.55%,"1,521,203"
AEXA,568.80M,-,-,-,-,1.72,2031.44,-,-,-,-,-,-,11.50,0.61%,"254,058"
AEYE,74.71M,-,5.32,-,1.82,23.35,8.73,12.47,30.56%,19.68%,20.37%,-,14.51%,5.98,-2.45%,"80,202"
AFB,327.69M,95.00,-,-,11.97,0.93,-,-,-,-,-,-,-,11.40,0.44%,"70,014"
AFBI,137.44M,16.36,-,-,2.58,1.06,-,9.96,-,-,23.51%,-,10.26%,22.55,-0.18%,"10,785"
AFCG,72.31M,-,3.15,0.08,2.21,0.40,0.64,5.32,148.72%,3.61%,-,41.72%,41.13%,3.17,0.63%,"58,756"
AFG,11.29B,12.89,11.21,1.57,1.40,2.41,-,7.34,13.38%,3.89%,4.21%,7.13%,7.53%,135.89,-1.69%,"308,596"
AFGR,-,-,-,-,-,-,-,-,-,-,-,-,-,35.38,-0.27%,"17,207"
AFIF,-,-,-,-,-,-,-,-,-,-,-,-,-,9.40,0.21%,"44,199"
AFIX,-,-,-,-,-,-,-,-,-,-,-,-,-,24.85,0.04%,"6,580"
AFJK,89.29M,170.81,-,-,-,11.04,4464.67,-,-,-,-,-,-,28.20,-1.40%,"6,261"
AFK,-,-,-,-,-,-,-,-,-,-,-,-,-,25.52,-0.08%,"32,723"
AFL,60.18B,13.42,15.58,7.24,3.32,2.01,-,20.51,-5.66%,7.43%,0.43%,2.15%,-4.97%,118.23,0.41%,"1,913,514"
AFLG,-,-,-,-,-,-,-,-,-,-,-,-,-,42.75,-0.13%,"53,854"
AFMC,-,-,-,-,-,-,-,-,-,-,-,-,-,40.78,0.92%,"20,796"
AFOS,-,-,-,-,-,-,-,-,-,-,-,-,-,45.93,2.47%,"4,064"
AFRI,270.98M,-,-,-,1.54,-,18.94,-,-,-,-87.01%,-,-,10.05,-0.79%,"7,007"
AFRM,25.74B,69.84,43.01,0.27,7.00,6.80,8.67,32.67,730.29%,43.48%,-,156.69%,53.66%,76.85,-1.04%,"3,650,994"
AFRU,-,-,-,-,-,-,-,-,-,-,-,-,-,11.68,-2.75%,"55,310"
AFSC,-,-,-,-,-,-,-,-,-,-,-,-,-,38.88,1.68%,60
AFSM,-,-,-,-,-,-,-,-,-,-,-,-,-,40.03,0.61%,"29,392"
AFYA,1.32B,9.57,7.49,1.90,1.91,1.44,5.19,6.43,-7.75%,13.06%,19.50%,3.94%,23.23%,14.73,0.96%,"109,362"
AG,8.15B,28.12,15.14,0.50,5.47,2.81,7.14,15.20,92.75%,22.93%,26.09%,30.26%,28.14%,16.50,2.74%,"11,053,953"
AGBK,1.10B,-,3.60,0.15,-,-,-,-,8.68%,36.40%,-,23.94%,-,6.87,-0.15%,"261,643"
AGCC,563.03M,848.31,-,-,90.66,52.60,35.59,-,-,-,-,-,-,15.10,0.40%,"106,413"
AGCO,8.61B,11.47,14.84,0.59,0.83,2.00,16.71,15.77,13.57%,33.59%,11.57%,25.04%,1.96%,118.86,3.74%,"490,644"
AGD,313.69M,6.67,-,-,15.53,1.03,-,-,-,-,-,-,-,12.01,0.84%,"84,440"
AGEM,-,-,-,-,-,-,-,-,-,-,-,-,-,49.23,2.11%,"6,805"
AGEN,119.93M,1.73,-,-,0.97,-,3.43,-,141.32%,-122.93%,82.55%,33.45%,5.31%,2.88,-1.37%,"593,688"
AGG,-,-,-,-,-,-,-,-,-,-,-,-,-,99.25,0.06%,"8,177,663"
AGGA,-,-,-,-,-,-,-,-,-,-,-,-,-,25.15,0.06%,"15,682"
AGGH,-,-,-,-,-,-,-,-,-,-,-,-,-,20.24,-0.52%,"88,414"
AGGS,-,-,-,-,-,-,-,-,-,-,-,-,-,40.96,0.12%,277
AGGY,-,-,-,-,-,-,-,-,-,-,-,-,-,43.60,-0.31%,"64,379"
AGI,13.06B,12.37,8.97,0.21,6.30,2.84,18.56,37.95,79.94%,37.74%,41.75%,42.79%,19.31%,31.11,3.36%,"5,572,454"
AGIG,40.06M,-,-,-,61.63,1.13,2.47,-,-,-,31.97%,-,-5.76%,0.91,0.00%,"62,961"
AGIO,2.15B,-,-,-,32.59,1.94,2.92,-,12.50%,23.41%,-8.46%,21.45%,-,36.20,-0.22%,"772,670"
AGIQ,-,-,-,-,-,-,-,-,-,-,-,-,-,23.33,0.69%,"1,919"
AGIX,-,-,-,-,-,-,-,-,-,-,-,-,-,45.08,0.16%,"221,486"
AGL,1.79B,-,-,-,0.31,9.82,5.91,-,88.40%,65.08%,-36.60%,-,37.24%,107.25,0.27%,"386,533"
AGM,2.05B,11.12,9.05,-,1.78,1.73,2.64,9.22,17.17%,9.38%,14.98%,-,17.34%,193.28,0.32%,"100,379"
AGMB,654.58M,-,-,-,-,4.26,4.78,-,98.92%,-19.00%,-,76.14%,-,13.43,5.91%,"93,901"
AGMH,2.10M,0.03,-,-,0.04,0.06,3.96,0.99,-,-,-,-,149.72%,1.04,0.00%,"22,858"
AGMI,-,-,-,-,-,-,-,-,-,-,-,-,-,60.92,2.56%,"1,417"
AGNC,12.19B,8.80,7.05,6.41,3.19,1.19,5.17,14.38,3.88%,-3.32%,-,1.10%,41.14%,10.62,1.24%,"12,961,349"
AGNG,-,-,-,-,-,-,-,-,-,-,-,-,-,35.70,0.76%,"9,669"
AGNT,846.27M,-,51.50,-,0.18,3.31,4.45,9.42,135.71%,100.00%,-,-,21.56%,5.15,-1.34%,"1,161,072"
AGO,3.42B,8.89,11.16,-,3.74,0.62,-,9.44,-20.49%,-4.22%,19.70%,-2.81%,-1.19%,77.19,-1.46%,"287,478"
AGOX,-,-,-,-,-,-,-,-,-,-,-,-,-,34.66,1.03%,"19,245"
AGPU,70.00M,-,-,-,1400.00,0.89,10.10,-,-,-,54.21%,-,-36.90%,6.47,0.00%,"121,655"
AGQ,-,-,-,-,-,-,-,-,-,-,-,-,-,65.12,2.17%,"2,714,898"
AGQI,-,-,-,-,-,-,-,-,-,-,-,-,-,17.95,-0.29%,"2,677"
AGRH,-,-,-,-,-,-,-,-,-,-,-,-,-,26.33,0.08%,732
AGRO,1.34B,547.06,8.30,-,0.96,0.76,5.85,83.15,1085.19%,-36.82%,-,-,12.13%,9.30,2.09%,"574,239"
AGRW,-,-,-,-,-,-,-,-,-,-,-,-,-,30.60,-0.88%,5
AGRZ,7.55M,-,-,-,-,1.95,8.77,-,-,-,-,-,-,0.35,2.38%,"108,679"
AGX,10.56B,66.16,48.18,1.84,10.13,22.30,10.84,21.68,24.11%,29.30%,45.23%,26.23%,19.22%,753.07,2.84%,"236,492"
AGYS,2.75B,71.39,30.59,0.80,8.60,8.40,23.50,40.30,36.73%,30.23%,-,38.40%,18.41%,97.51,5.63%,"762,258"
AGZ,-,-,-,-,-,-,-,-,-,-,-,-,-,109.40,0.07%,"11,353"
AGZD,-,-,-,-,-,-,-,-,-,-,-,-,-,22.55,-0.35%,"23,069"
AHCO,1.36B,-,8.60,0.29,0.41,0.90,28.42,7.10,35.97%,38.53%,29.83%,29.60%,25.16%,10.02,-0.10%,"2,067,850"
AHD,-,-,-,-,-,-,-,-,-,-,-,-,-,25.51,-0.55%,112
AHG,1.14B,-,-,-,77.06,5.79,102.82,157.85,-,-,35.90%,-,16.43%,1.34,-0.74%,"1,526"
AHLT,-,-,-,-,-,-,-,-,-,-,-,-,-,28.60,0.65%,"10,761"
AHMA,52.62M,158.04,-,-,9.55,15.47,61.18,-,-,-,-,-,25.41%,1.77,-8.76%,"136,153"
AHR,10.62B,88.19,62.58,1.76,4.48,2.78,67.73,62.80,35.65%,42.81%,103.46%,35.50%,12.68%,50.92,1.64%,"4,175,840"
AHRT,675.07M,-,-,-,2.06,1.33,22.09,18.15,-,-,-,-,-5.78%,6.94,2.06%,"983,452"
AHT,20.79M,-,-,-,0.02,-,0.09,0.58,-,-,59.49%,-,16.79%,3.21,-0.31%,"43,461"
AHYB,-,-,-,-,-,-,-,-,-,-,-,-,-,46.25,0.06%,"3,314"
AI,1.27B,-,-,-,5.08,1.98,2.21,-,41.70%,42.72%,-43.76%,33.71%,6.44%,8.75,-6.12%,"7,364,151"
AIA,-,-,-,-,-,-,-,-,-,-,-,-,-,140.46,0.41%,"896,515"
AIAI,1.25B,-,-,-,-,-,-,-,-,-,-,-,-,16.00,-7.03%,"182,136"
AIB,146.21M,-,-,-,395.17,-,664.61,-,-,-,-,-,-,2.06,-6.79%,"1,514,657"
AIBD,-,-,-,-,-,-,-,-,-,-,-,-,-,5.64,2.36%,"82,441"
AIBU,-,-,-,-,-,-,-,-,-,-,-,-,-,58.40,-3.33%,"15,537"
AIBZ,450.82M,-,-,-,-,27.87,141.32,-,-,-,-,-,-,8.73,4.30%,"632,669"
AIDX,7.24M,-,-,-,-,2.41,1.71,-,44.74%,9.52%,3.60%,17.29%,-2.58%,0.59,4.12%,"373,769"
AIEQ,-,-,-,-,-,-,-,-,-,-,-,-,-,48.56,-0.28%,"2,709"
AIFA,15.30M,-,-,-,2.11,0.53,0.49,-,-,-,12.00%,-,19.96%,2.40,0.42%,"218,252"
AIFC,78.01M,-,-,-,3.25,0.08,5.03,-,-,-,-5.19%,-,-6.01%,0.56,-8.41%,"1,510,072"
AIFD,-,-,-,-,-,-,-,-,-,-,-,-,-,52.72,1.59%,"13,109"
AIFF,19.46M,-,-,-,12.32,2.20,6.22,-,-,-,-,-,-39.34%,1.25,5.04%,"182,135"
AIFU,283.04M,-,-,-,3.56,0.47,50.27,-,-,-,-,-,-30.78%,48.30,3.18%,"94,367"
AIG,39.69B,13.22,8.39,0.79,1.49,0.99,-,11.26,13.80%,10.60%,-,10.61%,-9.35%,74.85,-1.69%,"2,576,602"
AIHS,6.65M,-,-,-,2.22,16.75,1.90,-,-,-,35.18%,-,-26.37%,1.46,-0.68%,"29,316"
AII,346.76M,4.04,5.88,-,1.17,1.03,-,4.90,-53.18%,7.75%,-,-17.72%,-,17.70,-1.88%,"133,431"
AIIA,196.47M,91.50,-,-,-,1.40,175.42,-,-,-,-,-,-,10.23,0.00%,27
AIIO,76.46M,-,-,-,80.48,-,14.35,-,-,-,-,-,-,3.90,28.29%,"13,214,990"
AIIR,1.04B,60.13,-,-,-,0.81,34750.44,-,-,-,-,-,-,6.50,-2.59%,"6,594"
AIM,9.85M,-,-,-,109.49,1.38,1.68,-,89.56%,21.67%,28.21%,56.09%,-11.60%,0.36,-4.97%,"1,108,679"
AIMD,15.34M,-,-,-,767.00,1.93,5.40,-,-,-,23.68%,-,49.61%,1.80,0.00%,"8,265"
AIMS,-,-,-,-,-,-,-,-,-,-,-,-,-,28.82,1.50%,"2,057"
AIN,2.13B,-,23.53,-,1.77,2.92,17.39,23.48,323.73%,20.83%,-,-,5.60%,75.06,4.31%,"224,725"
AINP,-,-,-,-,-,-,-,-,-,-,-,-,-,25.03,-0.02%,"2,750"
AINT,-,-,-,-,-,-,-,-,-,-,-,-,-,27.64,-1.42%,"1,574"
AIO,960.50M,6.44,-,-,-,-,-,-,-,-,-,-,-,27.89,0.80%,"85,122"
AIOO,-,-,-,-,-,-,-,-,-,-,-,-,-,26.21,0.00%,"13,761"
AIOS,38.08M,-,-,-,0.16,0.02,3.78,-,-,-,-46.27%,-,-34.48%,11.72,-5.48%,"80,575"
AIOT,497.82M,-,17.67,-,1.12,1.05,12.20,56.31,138.89%,260.00%,21.73%,-,28.59%,3.71,-2.11%,"999,521"
AIP,2.01B,-,363.25,-,26.14,774.25,52.69,-,73.48%,237.14%,-51.10%,-,17.28%,43.59,6.24%,"750,184"
AIPI,-,-,-,-,-,-,-,-,-,-,-,-,-,35.68,-0.75%,"155,229"
AIPO,-,-,-,-,-,-,-,-,-,-,-,-,-,33.11,0.61%,"1,914,229"
AIQ,-,-,-,-,-,-,-,-,-,-,-,-,-,64.18,1.25%,"4,304,287"
AIQD,-,-,-,-,-,-,-,-,-,-,-,-,-,73.17,2.33%,163
AIQU,-,-,-,-,-,-,-,-,-,-,-,-,-,15.17,-2.13%,"10,026"
AIR,5.51B,30.49,24.52,1.30,1.76,3.35,55.02,95.29,25.36%,15.24%,23.23%,18.91%,6.06%,138.51,4.19%,"393,760"
AIRE,9.77M,-,-,-,2.20,1.18,1.89,-,52.17%,36.36%,-,-,-,1.82,-6.19%,"54,061"
AIRG,78.09M,-,19.87,-,1.52,2.78,10.95,-,138.24%,376.92%,-9.96%,-,1.32%,6.16,-0.81%,"59,907"
AIRI,14.65M,-,-,-,0.31,0.75,3.47,-,-,-,-,-,-0.88%,3.02,0.00%,"15,376"
AIRJ,342.10M,-,-,-,-,1.34,11.00,-,-358.67%,56.69%,-78.38%,-21.14%,-,4.72,-4.74%,"1,217,137"
AIRO,211.31M,-,-,-,2.40,0.29,3.88,-,-511.76%,90.38%,-38.92%,-,-,6.72,-4.41%,"349,800"
AIRR,-,-,-,-,-,-,-,-,-,-,-,-,-,132.92,1.87%,"802,400"
AIRS,311.81M,-,-,-,2.05,3.11,18.68,44.87,10.00%,22.22%,-,-,19.32%,4.42,-2.75%,"636,747"
AIRT,59.75M,-,-,-,0.22,-,1.37,-,-,-,-64.23%,-,4.27%,22.11,-5.91%,278
AIS,-,-,-,-,-,-,-,-,-,-,-,-,-,83.99,4.63%,"1,175,631"
AISP,88.85M,28.26,64.50,-,5.49,-,7.07,-,-107.89%,166.67%,58.21%,-,-,2.58,-7.86%,"617,637"
AIT,12.70B,32.45,29.15,3.82,2.62,6.84,74.00,28.93,4.36%,10.05%,75.02%,7.64%,7.05%,343.54,2.92%,"292,791"
AIUP,-,-,-,-,-,-,-,-,-,-,-,-,-,25.82,-1.88%,"5,965"
AIV,417.18M,-,-,-,2.39,1.12,1.03,-,-,-,-,-,-1.77%,2.90,-0.68%,"1,766,036"
AIVC,-,-,-,-,-,-,-,-,-,-,-,-,-,113.42,1.65%,"21,044"
AIVI,-,-,-,-,-,-,-,-,-,-,-,-,-,55.78,-2.40%,906
AIVL,-,-,-,-,-,-,-,-,-,-,-,-,-,130.86,1.56%,"3,998"
AIX,-,-,-,-,-,-,-,-,-,-,-,-,-,24.48,-,164
AIXC,21.25M,-,-,-,-,1.29,3.43,-,-,-,77.22%,-,-,1.05,-11.76%,"102,183"
AIXI,1.97M,-,-,-,0.16,-,0.81,-,-,-,-53.94%,-,-2.29%,2.14,-10.46%,"530,165"
AIYY,-,-,-,-,-,-,-,-,-,-,-,-,-,7.84,-7.55%,"250,725"
AIZ,12.92B,13.28,11.64,1.60,0.98,2.21,-,8.90,6.42%,6.52%,20.60%,7.29%,5.96%,260.77,-1.16%,"374,579"
AJAN,-,-,-,-,-,-,-,-,-,-,-,-,-,28.28,0.02%,437
AJG,55.97B,35.16,14.62,0.91,3.74,2.35,39.61,30.05,23.77%,12.65%,6.47%,15.99%,15.25%,217.86,-1.31%,"1,367,090"
AJUL,-,-,-,-,-,-,-,-,-,-,-,-,-,30.01,-0.07%,"6,903"
AKA,105.52M,-,-,-,0.17,1.12,8.14,-,41.30%,44.07%,-,-,22.69%,9.75,5.06%,"5,447"
AKAF,-,-,-,-,-,-,-,-,-,-,-,-,-,31.38,0.26%,4
AKAM,16.41B,38.02,15.81,4.36,3.85,3.35,17.64,21.46,-5.93%,6.58%,-1.83%,3.63%,5.64%,112.89,-5.52%,"4,580,054"
AKAN,11.69M,-,-,-,44.97,-,23.38,-,-,-,31.61%,-,162.72%,14.88,-7.06%,"40,590"
AKBA,278.98M,-,-,-,1.20,10.18,1.70,4.65,-620.00%,-62.50%,62.40%,-,-4.37%,1.04,-1.89%,"3,211,327"
AKO-A,1.79B,11.80,10.49,1.59,0.49,2.57,4.48,9.31,9.21%,0.14%,12.89%,6.60%,10.40%,22.67,0.00%,31
AKO-B,2.32B,13.92,13.62,2.06,0.63,3.03,5.81,12.09,9.21%,0.14%,12.89%,6.60%,10.40%,29.43,0.08%,"7,214"
AKR,2.95B,72.42,71.57,6.54,7.20,1.27,60.37,84.33,97.87%,-27.87%,-,10.95%,10.36%,21.69,-0.69%,"1,656,615"
AKRE,-,-,-,-,-,-,-,-,-,-,-,-,-,52.45,-1.26%,"662,246"
AKTS,1.72B,-,-,-,-,3.40,3.20,-,97.92%,-33.67%,-,66.29%,-,31.15,8.54%,"858,694"
AKTX,10.85M,-,-,-,-,0.76,3.83,-,72.10%,18.89%,-,32.82%,-,9.52,-11.48%,"137,904"
ALAB,68.22B,268.27,90.47,2.00,68.12,45.63,57.60,199.00,63.64%,46.11%,-,45.32%,-,398.00,-0.48%,"4,934,846"
ALAI,-,-,-,-,-,-,-,-,-,-,-,-,-,44.19,0.17%,"94,584"
ALAR,58.57M,51.45,23.13,-,1.28,1.74,4.17,-,1800.00%,81.58%,-,-,52.87%,7.98,-3.62%,"80,338"
ALB,16.63B,-,11.26,-,3.03,2.18,15.26,28.82,1666.87%,1.18%,-,-,10.45%,141.05,-4.59%,"3,046,358"
ALBG,-,-,-,-,-,-,-,-,-,-,-,-,-,8.27,-9.32%,"38,765"
ALBT,3.61M,-,-,-,3.44,-,4.63,-,-,-,25.06%,-,-,0.30,-7.12%,"529,831"
ALC,33.21B,41.10,17.16,1.26,3.12,1.50,20.02,19.21,12.89%,14.53%,-,13.65%,8.77%,68.13,0.29%,"1,438,330"
ALCO,299.55M,-,-,-,18.24,2.94,5.66,23.66,98.32%,-314.93%,-,-,-13.78%,40.39,-0.59%,"12,504"
ALDB,-,-,-,-,-,-,-,-,-,-,-,-,-,24.97,-0.04%,245
ALDF,319.30M,45.94,-,-,-,1.30,886.93,35.20,-,-,-,-,-,10.69,0.28%,12
ALDX,108.58M,-,-,-,-,2.58,1.67,-,41.67%,36.73%,12.61%,62.30%,-,1.80,-5.26%,"2,047,736"
ALEC,205.40M,-,-,-,11.15,19.78,0.99,-,36.42%,28.71%,10.72%,21.01%,-0.05%,1.85,3.35%,"2,828,228"
ALF,391.87M,34.41,-,-,-,1.32,13062.17,-,-,-,-,-,-,10.88,0.59%,190
ALG,2.04B,20.08,14.02,-,1.25,1.72,10.47,18.47,22.72%,13.69%,11.99%,-,6.63%,168.04,2.76%,"96,147"
ALGM,11.20B,-,41.03,0.73,12.59,11.68,63.89,89.70,82.50%,48.76%,-,56.07%,8.53%,60.16,8.55%,"3,602,332"
ALGN,12.58B,29.45,14.22,1.58,3.07,3.03,11.87,21.56,8.22%,8.63%,-24.08%,9.00%,10.30%,175.71,2.81%,"836,300"
ALGS,34.04M,-,-,-,7.23,1.07,0.62,-,-187.75%,36.27%,-,-5.07%,-,5.50,-1.35%,"53,615"
ALGT,2.96B,-,11.04,0.22,1.12,1.85,3.20,-,9.40%,139.87%,26.48%,49.19%,21.36%,110.05,2.54%,"897,276"
ALH,5.24B,-,18.00,1.06,-,12.15,34.37,-,26.39%,13.61%,-,17.00%,-,26.37,0.96%,"916,985"
ALHC,4.69B,248.47,52.97,-,1.10,22.69,-,20.76,-,124.95%,50.33%,-,32.71%,22.71,4.70%,"5,227,202"
ALIL,-,-,-,-,-,-,-,-,-,-,-,-,-,32.96,1.70%,"1,251"
ALIS,85.29M,-,-,-,-,1.40,328.04,-,-,-,-,-,-,10.12,0.00%,"4,189"
ALIT,303.16M,-,1.92,-,0.13,0.29,0.73,1.17,-43.79%,4.65%,-49.03%,-21.83%,-3.68%,0.56,-1.48%,"31,400,170"
ALK,5.94B,99.61,8.53,0.16,0.41,1.59,3.31,-,-123.40%,1194.66%,-,53.66%,31.90%,53.29,3.36%,"3,243,843"
ALKS,8.81B,58.73,94.01,-,5.64,5.02,17.20,39.70,-127.83%,241.21%,-,-2.43%,7.28%,52.83,4.72%,"3,247,919"
ALKT,1.70B,-,14.31,0.34,3.59,4.57,21.83,41.14,53.84%,42.06%,7.41%,41.66%,31.66%,15.84,-0.69%,"1,958,409"
ALL,59.62B,5.11,8.86,-,0.87,2.02,-,5.17,-13.31%,-13.41%,17.07%,-9.90%,10.06%,231.60,-0.83%,"1,456,853"
ALLE,11.77B,18.70,14.33,1.67,2.83,5.60,38.11,16.72,7.87%,8.89%,16.90%,8.60%,8.38%,137.00,2.24%,"1,621,119"
ALLO,711.02M,-,-,-,-,1.81,2.66,-,19.26%,-6.71%,16.08%,7.44%,-,2.06,0.49%,"9,353,352"
ALLR,20.20M,-,-,-,59.42,2.90,0.68,-,-17.95%,-5.43%,94.60%,-,-,1.27,-2.31%,"147,533"
ALLT,362.03M,61.46,20.65,2.57,3.44,3.11,3.72,14.35,27.54%,22.16%,-,8.03%,-5.58%,7.40,1.79%,"285,847"
ALLW,-,-,-,-,-,-,-,-,-,-,-,-,-,29.26,0.45%,"422,018"
ALLY,14.20B,11.29,7.14,0.29,0.91,1.07,-,-,39.78%,21.78%,-3.80%,24.29%,7.13%,46.32,1.67%,"2,630,906"
ALM,4.67B,-,11.60,-,128.65,18.22,25.07,-,197.41%,156.05%,-58.78%,-,4.46%,16.45,-0.06%,"3,802,660"
ALMR,1.86B,-,-,-,-,-,28.83,-,-567.62%,49.36%,-,-28.20%,-,26.87,12.76%,"513,788"
ALMS,3.19B,-,-,-,379.90,5.62,6.10,-,0.13%,4.28%,-,13.32%,-,25.03,0.72%,"1,117,075"
ALMU,373.43M,-,-,-,71.81,9.22,9.88,-,-1750.00%,-64.86%,-,-,-,20.40,-2.97%,"691,216"
ALNT,1.74B,72.05,33.02,2.24,3.10,5.69,42.22,42.58,16.36%,22.63%,6.71%,14.76%,8.62%,102.26,4.38%,"325,121"
ALNY,39.14B,69.66,27.48,0.35,9.13,36.38,13.01,61.03,221.65%,42.34%,-,78.43%,49.77%,293.17,-0.30%,"1,125,339"
ALOT,221.17M,-,-,-,1.45,2.84,47.36,21.99,-,-,-,-,5.34%,28.46,-0.07%,"62,395"
ALOV,372.94M,-,-,-,-,1.28,348.54,-,-,-,-,-,-,9.94,0.00%,0
ALOY,872.29M,-,-,-,342.08,8.59,17.43,-,-51.25%,83.06%,-45.99%,70.76%,-6.31%,14.25,-14.52%,"4,247,813"
ALP,5.88M,-,-,-,-,0.15,32.67,-,-,-,10.10%,-,-,0.25,-0.32%,"2,985,779"
ALPS,108.16M,-,-,-,-,-,300.44,-,-,-,-,-,-,0.65,0.00%,"79,653"
ALPXU,128.80M,-,-,-,-,-,-,-,-,-,-,-,-,10.00,-,"3,977,320"
ALRG,-,-,-,-,-,-,-,-,-,-,-,-,-,29.01,-0.64%,20
ALRM,2.18B,18.28,14.83,2.26,2.10,2.53,4.38,12.91,6.15%,6.84%,9.96%,6.57%,10.35%,44.07,-0.90%,"373,768"
ALRS,769.69M,29.57,11.03,-,2.31,1.34,-,9.14,6.74%,-6.40%,-23.04%,-,6.04%,30.63,0.07%,"267,960"
ALSN,10.33B,19.34,11.67,0.57,2.83,5.43,33.21,17.87,20.91%,20.43%,22.82%,20.52%,7.66%,124.52,4.04%,"492,496"
ALT,558.14M,-,-,-,13953.55,1.32,1.68,-,32.45%,-11.43%,12.17%,3.78%,-65.33%,2.87,-2.71%,"2,780,119"
ALTG,248.90M,-,-,-,0.14,-,10.41,4.73,54.98%,26.13%,-23.07%,28.81%,16.01%,7.65,6.25%,"225,488"
ALTI,492.00M,-,7.37,-,1.81,1.34,12.39,-,122.76%,57.14%,-472.06%,-,-,3.24,2.04%,"232,146"
ALTL,-,-,-,-,-,-,-,-,-,-,-,-,-,50.86,2.29%,"2,524"
ALTO,385.88M,13.59,8.13,-,0.42,1.55,17.83,12.57,167.03%,43.34%,-,-,0.46%,4.98,-1.39%,"1,477,684"
ALTY,-,-,-,-,-,-,-,-,-,-,-,-,-,12.32,0.25%,"3,363"
ALUB,361.35M,-,-,-,-,1.32,440.67,-,-,-,-,-,-,10.05,0.00%,0
ALV,9.04B,12.98,9.96,0.86,0.82,3.43,26.45,15.62,6.93%,15.18%,34.94%,11.53%,7.75%,120.81,1.61%,"598,636"
ALVO,1.18B,-,17.25,-,2.10,-,18.44,-,155.59%,262.88%,-,-,-,3.48,-5.95%,"1,086,938"
ALX,1.36B,66.49,-,-,6.43,15.00,8.95,21.08,-,-,-7.67%,-,1.37%,266.37,0.20%,"37,667"
ALXO,240.87M,-,-,-,-,1.59,1.72,-,67.72%,5.73%,-8.19%,33.08%,-,1.79,0.00%,"936,279"
ALZN,4.91M,-,-,-,-,2.25,1.81,-,75.82%,-0.78%,30.49%,-,-,1.29,-5.84%,"205,393"
AM,10.78B,26.59,17.83,0.96,8.38,5.57,-,13.43,28.15%,15.49%,-,18.58%,5.33%,22.69,2.44%,"2,483,484"
AMA,-,-,-,-,-,-,-,-,-,-,-,-,-,51.73,27.35%,"282,665"
AMAL,1.37B,13.29,10.13,-,2.93,1.69,-,9.02,7.69%,15.31%,18.19%,-,15.25%,45.80,0.66%,"157,849"
AMAN,100.16M,-,-,-,-,17964.29,-,-,-,-,-,-,-,10.06,-0.10%,"12,289"
AMAT,530.36B,62.76,40.47,1.39,18.27,22.18,64.36,99.26,29.93%,34.85%,17.18%,29.06%,10.52%,668.00,13.42%,"16,026,638"
AMAU,-,-,-,-,-,-,-,-,-,-,-,-,-,31.21,27.39%,"332,650"
AMAX,-,-,-,-,-,-,-,-,-,-,-,-,-,7.54,0.67%,"17,295"
AMBA,2.81B,-,59.44,1.80,6.94,4.64,10.11,154.61,27.45%,36.48%,-0.60%,33.08%,11.87%,64.11,1.78%,"957,297"
AMBO,6.16M,-,-,-,-,0.77,0.89,-,-,-,-,-,-34.22%,2.35,-0.84%,"7,036"
AMBP,2.69B,-,15.29,0.90,0.47,-,18.94,12.23,17.93%,18.85%,-,16.99%,9.76%,4.50,0.45%,"1,802,104"
AMBQ,1.78B,-,-,-,21.79,7.58,8.72,-,57.41%,42.60%,-8.62%,-,9.21%,83.43,2.77%,"929,069"
AMBR,127.93M,-,10.57,-,2.00,1.35,2.35,-,-100.00%,-,-,-,-23.64%,1.48,-4.52%,"18,125"
AMC,1.16B,-,-,-,0.23,-,3.04,-,81.22%,42.40%,67.07%,62.95%,31.30%,1.89,-5.50%,"63,705,884"
AMCI,94.02M,-,-,-,-,8.97,14.18,-,-,-,-,-,-,4.16,-1.19%,"30,927"
AMCR,19.82B,29.54,9.90,1.07,0.89,1.70,12.49,26.55,11.84%,8.76%,-3.49%,9.28%,3.78%,42.86,2.76%,"3,374,333"
AMCX,415.12M,15.85,8.52,-,0.18,0.43,0.75,1.75,-9.62%,-39.56%,-18.57%,-19.84%,-3.86%,9.45,-3.08%,"365,983"
AMD,868.41B,174.79,40.01,0.64,23.19,13.47,70.27,101.28,79.25%,78.06%,5.13%,62.83%,28.82%,532.57,2.47%,"26,788,604"
AMDD,-,-,-,-,-,-,-,-,-,-,-,-,-,2.90,-2.36%,"19,973,879"
AMDG,-,-,-,-,-,-,-,-,-,-,-,-,-,118.33,4.87%,"68,397"
AMDL,-,-,-,-,-,-,-,-,-,-,-,-,-,70.17,5.14%,"4,399,490"
AMDW,-,-,-,-,-,-,-,-,-,-,-,-,-,106.13,3.37%,"66,892"
AMDY,-,-,-,-,-,-,-,-,-,-,-,-,-,54.30,0.41%,"370,710"
AME,55.23B,36.40,27.39,3.24,7.27,5.06,114.76,32.43,9.58%,8.06%,11.14%,8.45%,10.27%,240.95,2.37%,"1,213,921"
AMEI,-,-,-,-,-,-,-,-,-,-,-,-,-,25.67,0.58%,"10,836"
AMEM,-,-,-,-,-,-,-,-,-,-,-,-,-,24.93,0.68%,"10,814"
AMG,8.98B,13.86,8.48,0.36,4.22,2.92,23.88,8.22,34.13%,14.81%,39.32%,23.59%,0.54%,340.08,0.29%,"197,901"
AMGN,190.42B,24.54,15.06,4.07,5.10,20.72,15.82,22.15,2.48%,4.67%,2.93%,3.70%,7.79%,352.82,0.40%,"2,325,382"
AMGR,-,-,-,-,-,-,-,-,-,-,-,-,-,24.86,-0.48%,"10,352"
AMH,11.98B,26.98,41.45,-,6.38,1.75,57.54,15.53,-20.68%,-14.19%,33.63%,-16.25%,9.55%,33.29,1.62%,"1,952,552"
AMHI,-,-,-,-,-,-,-,-,-,-,-,-,-,25.13,-,"199,136"
AMID,-,-,-,-,-,-,-,-,-,-,-,-,-,36.19,1.01%,"7,839"
AMIX,3.46M,-,-,-,-,0.59,0.49,-,53.45%,13.89%,35.84%,29.01%,-,6.38,-11.51%,"52,959"
AMJB,-,-,-,-,-,-,-,-,-,-,-,-,-,34.33,1.84%,"19,963"
AMKL,-,-,-,-,-,-,-,-,-,-,-,-,-,25.70,7.31%,"167,659"
AMKR,21.22B,48.84,37.53,1.54,3.00,4.68,11.48,126.92,38.72%,9.64%,1.52%,24.39%,5.84%,85.62,3.46%,"6,369,498"
AMLP,-,-,-,-,-,-,-,-,-,-,-,-,-,51.10,1.41%,"1,011,565"
AMLX,1.94B,-,-,-,-,7.09,6.93,-,7.85%,10.32%,-15.37%,26.18%,-,17.44,2.59%,"3,176,271"
AMN,1.25B,-,29.77,-,0.37,1.75,2.15,1.78,95.68%,-59.19%,-,-1.99%,2.67%,32.33,1.92%,"949,650"
AMOD,16.49M,-,-,-,1648.92,-,412.23,-,51.72%,42.86%,-,53.06%,-,4.00,-4.08%,"44,007"
AMOM,-,-,-,-,-,-,-,-,-,-,-,-,-,63.34,3.55%,"7,807"
AMP,40.75B,11.27,9.48,0.85,2.11,6.57,4.81,5.54,12.82%,7.82%,24.35%,11.13%,9.47%,453.29,-1.66%,"647,886"
AMPG,176.87M,-,18.86,-,6.56,3.66,9.60,-,172.73%,54.17%,1.96%,-,48.76%,6.98,-1.27%,"2,029,526"
AMPH,927.71M,12.64,6.69,4.38,1.29,1.21,3.15,6.86,-17.51%,17.24%,134.65%,1.53%,15.53%,21.04,0.10%,"481,265"
AMPL,896.84M,-,49.86,0.84,2.51,4.12,4.93,36.43,-15.98%,168.96%,-22.85%,59.67%,27.35%,6.76,-1.02%,"1,667,155"
AMPU,-,-,-,-,-,-,-,-,-,-,-,-,-,4.70,2.17%,"463,077"
AMPX,1.78B,-,199.37,-,19.71,15.99,28.44,-,80.86%,194.03%,-36.92%,-,73.24%,12.56,0.32%,"9,511,888"
AMPY,164.32M,17.39,4.33,-,0.72,0.39,3.96,-,-168.20%,237.64%,-,-,5.43%,3.98,0.25%,"1,038,876"
AMR,2.14B,-,8.42,-,1.01,1.41,5.83,95.38,192.38%,399.31%,27.94%,-,8.50%,168.18,2.93%,"170,144"
AMRC,1.47B,47.60,16.80,0.52,0.74,1.38,7.53,-,24.32%,47.67%,-5.51%,32.47%,13.36%,27.76,0.29%,"570,038"
AMRN,343.02M,-,297.27,-,1.58,0.76,1.11,-,61.11%,257.14%,-14.55%,-,-19.12%,16.35,-0.37%,"84,257"
AMRX,5.53B,46.43,15.38,1.01,1.81,-,27.38,26.92,18.28%,14.71%,-18.36%,15.21%,8.66%,17.32,0.29%,"2,418,963"
AMRZ,30.89B,26.73,17.47,0.87,2.59,2.36,28.10,23.42,31.08%,14.01%,-,20.14%,-,55.88,2.48%,"2,895,102"
AMS,10.53M,-,-,-,0.36,0.45,2.02,-,78.26%,-,27.12%,-,9.50%,1.59,12.77%,"819,545"
AMSC,1.95B,13.45,29.08,-,6.53,3.45,13.53,106.90,-72.08%,37.81%,-,-24.73%,27.98%,40.28,-1.40%,"960,979"
AMSF,595.34M,13.07,15.24,-,1.83,2.41,-,74.51,-4.06%,-0.62%,-11.19%,-,-1.35%,31.83,-1.94%,"137,969"
AMSS,29.07M,-,-,-,-,-,-,-,-,-,-,-,-,1.95,-4.88%,"62,498"
AMST,6.33M,-,-,-,18.61,3.93,9.88,-,-,-,19.75%,-,13.08%,1.08,-3.57%,"87,478"
AMT,78.61B,27.24,24.90,2.10,7.27,22.32,45.23,20.85,21.49%,3.27%,7.32%,11.85%,5.77%,168.72,-3.29%,"3,297,419"
AMTB,960.18M,17.70,11.70,-,1.51,1.09,-,7.91,3.90%,18.64%,-,-,14.41%,24.96,1.18%,"411,739"
AMTD,41.22M,1.54,-,-,0.72,0.06,0.69,-,-,-,-32.81%,-,-4.34%,0.97,-3.00%,"26,666"
AMTM,4.91B,33.12,7.29,0.62,0.35,1.06,11.47,11.18,8.98%,13.94%,192.57%,11.67%,25.04%,20.09,-1.42%,"2,678,360"
AMTX,113.29M,-,-,-,0.52,-,23.60,-,21.35%,47.15%,5.95%,-,4.67%,1.61,-3.01%,"1,165,955"
AMUB,-,-,-,-,-,-,-,-,-,-,-,-,-,21.33,1.81%,224
AMUN,-,-,-,-,-,-,-,-,-,-,-,-,-,26.07,0.00%,244
AMUU,-,-,-,-,-,-,-,-,-,-,-,-,-,245.61,4.55%,"134,246"
AMWL,140.36M,-,-,-,0.59,0.62,0.78,-,46.50%,28.99%,20.73%,42.33%,0.33%,8.40,-1.06%,"71,187"
AMX,80.49B,16.74,12.18,0.67,1.57,3.86,28.19,11.43,27.58%,15.05%,16.72%,18.22%,4.70%,26.30,1.19%,"847,199"
AMYY,-,-,-,-,-,-,-,-,-,-,-,-,-,15.92,1.01%,"17,933"
AMZA,-,-,-,-,-,-,-,-,-,-,-,-,-,45.50,1.68%,"35,152"
AMZD,-,-,-,-,-,-,-,-,-,-,-,-,-,9.94,3.22%,"19,300,033"
AMZE,8.44M,-,-,-,3.75,0.85,9.93,-,97.68%,-,-29.48%,-,55.40%,0.14,10.38%,"6,265,092"
AMZN,2441.97B,27.13,22.59,1.04,3.29,5.52,16.73,-,22.68%,14.27%,27.96%,21.76%,13.18%,227.01,-3.10%,"76,122,073"
AMZO,-,-,-,-,-,-,-,-,-,-,-,-,-,20.20,6.85%,"12,046"
AMZP,-,-,-,-,-,-,-,-,-,-,-,-,-,24.43,-3.49%,"14,496"
AMZU,-,-,-,-,-,-,-,-,-,-,-,-,-,30.33,-6.16%,"4,036,477"
AMZW,-,-,-,-,-,-,-,-,-,-,-,-,-,34.08,-3.89%,"15,024"
AMZY,-,-,-,-,-,-,-,-,-,-,-,-,-,10.26,-3.84%,"487,553"
AMZZ,-,-,-,-,-,-,-,-,-,-,-,-,-,27.83,-6.68%,"268,079"
AN,6.43B,10.41,7.90,0.79,0.23,2.92,53.46,-,6.11%,13.28%,31.69%,9.95%,6.27%,192.05,-1.44%,"419,014"
ANAB,1.74B,-,30.53,-,7.47,135.92,6.06,393.82,-395.72%,228.62%,8.82%,-,25.62%,59.68,2.05%,"302,217"
ANDE,2.42B,18.92,11.93,-,0.22,1.92,33.47,-,90.92%,11.95%,64.37%,-,6.42%,71.15,0.70%,"188,672"
ANDG,4.04B,34.23,16.31,2.68,4.64,-,19.07,-,-9.82%,24.40%,-,6.09%,-,35.79,-2.59%,"606,286"
ANEL,-,-,-,-,-,-,-,-,-,-,-,-,-,20.45,4.82%,"134,325"
ANET,208.34B,56.65,37.15,1.70,21.46,15.45,16.86,39.47,21.81%,22.68%,40.70%,21.85%,31.19%,165.45,2.29%,"8,069,005"
ANEW,-,-,-,-,-,-,-,-,-,-,-,-,-,50.19,0.36%,25
ANF,3.97B,8.58,7.57,0.75,0.75,2.96,6.41,9.54,8.41%,10.44%,-,10.11%,11.00%,89.35,0.59%,"1,049,838"
ANGH,47.14M,-,-,-,0.47,1.72,2.10,-,-,-,-,-,-,5.20,-3.35%,"43,845"
ANGI,205.48M,12.39,6.02,3.46,0.20,0.22,0.84,7.95,-70.04%,199.41%,-,1.74%,-6.83%,5.08,-3.97%,"580,599"
ANGL,-,-,-,-,-,-,-,-,-,-,-,-,-,29.24,0.17%,"1,024,011"
ANGO,564.42M,-,-,-,1.80,3.28,14.93,-,-7.87%,3.21%,28.31%,41.52%,2.06%,13.66,5.48%,"307,638"
ANGX,546.19M,-,-,-,1.81,-,14.05,-,61.45%,35.43%,-,43.31%,-,2.93,-7.28%,"1,186,827"
ANIK,194.53M,-,94.32,1.15,1.67,1.46,4.74,187.04,-209.09%,229.17%,14.76%,81.71%,-2.86%,14.62,-0.75%,"43,057"
ANIP,1.89B,21.13,7.67,0.47,2.05,3.39,5.81,9.91,19.22%,15.40%,-,16.29%,33.48%,83.28,0.68%,"264,560"
ANIX,89.14M,-,-,-,-,6.14,6.51,-,3.92%,-3.06%,5.67%,-2.86%,-,2.62,-4.38%,"296,929"
ANL,348.89M,-,-,-,69.64,-,14.67,-,19.82%,-26.07%,10.50%,-6.54%,-,10.16,-7.55%,"158,031"
ANNA,186.75M,19.28,-,-,5.54,3.10,5.76,30.27,-,-,-,-,-,2.79,6.08%,"206,237"
ANNX,843.79M,-,-,-,-,4.09,3.75,-,28.80%,16.24%,20.17%,-,-,5.15,-2.83%,"3,830,642"
ANPA,64.93M,3307.69,-,-,81.17,74.06,132.52,-,-,-,-,-,-,4.30,-6.53%,"12,540"
ANRO,887.88M,-,-,-,-,3.64,3.37,-,-36.91%,-7.64%,-57.17%,-14.36%,-,25.30,1.57%,"322,202"
ANSC,474.88M,52.65,-,-,-,1.40,-,144.34,-,-,-,-,-,11.43,-0.09%,"10,408"
ANTA,131.96M,6.67,14.10,-,1.52,1.05,0.25,-,-87.33%,310.53%,-,-,-,5.50,-11.15%,"1,864"
ANTX,185.12M,-,-,-,-,2.26,2.17,-,17.24%,-8.33%,-8.39%,-,-,5.14,-1.15%,"230,752"
ANV,-,-,-,-,-,-,-,-,-,-,-,-,-,25.02,-0.21%,"3,529"
ANVS,70.19M,-,-,-,-,15.06,4.94,-,-32.86%,16.40%,-10.15%,-10.42%,-,1.65,-2.94%,"1,199,976"
ANY,18.21M,-,-,-,1.77,0.52,5.78,-,-,-,36.02%,-,18.19%,2.74,-7.12%,"2,638,529"
AOA,-,-,-,-,-,-,-,-,-,-,-,-,-,96.88,0.33%,"76,814"
AOCT,-,-,-,-,-,-,-,-,-,-,-,-,-,27.26,0.01%,"4,891"
AOD,1.07B,6.48,-,-,14.76,1.01,-,-,-,-,-,-,-,10.17,0.89%,"257,033"
AOHY,-,-,-,-,-,-,-,-,-,-,-,-,-,11.05,-0.18%,"71,837"
AOK,-,-,-,-,-,-,-,-,-,-,-,-,-,41.36,0.15%,"101,360"
AOM,-,-,-,-,-,-,-,-,-,-,-,-,-,49.69,0.22%,"145,848"
AOMR,217.50M,13.67,6.22,0.18,1.54,0.85,4.98,13.06,105.23%,15.97%,130.86%,34.62%,45.99%,8.73,-1.80%,"89,786"
AON,67.48B,17.34,14.78,1.26,3.84,6.86,47.66,19.30,12.09%,11.76%,15.04%,11.74%,9.34%,315.95,-2.93%,"1,629,020"
AOR,-,-,-,-,-,-,-,-,-,-,-,-,-,69.02,0.23%,"250,994"
AORT,1.10B,94.38,55.44,0.99,2.40,2.44,19.73,75.45,-54.76%,330.26%,-,55.85%,11.75%,22.66,2.86%,"1,161,330"
AOS,8.43B,16.31,14.72,2.91,2.21,4.49,41.32,13.01,-1.82%,9.89%,12.66%,5.05%,5.76%,61.13,1.58%,"1,575,800"
AOSL,1.37B,-,-,-,2.00,1.71,7.17,-,-433.64%,9.81%,-65.51%,91.29%,8.41%,45.70,8.86%,"650,437"
AOTG,-,-,-,-,-,-,-,-,-,-,-,-,-,62.46,1.18%,"1,703"
AOTS,-,-,-,-,-,-,-,-,-,-,-,-,-,21.12,-2.36%,833
AOUT,124.82M,-,15.73,-,0.61,0.75,12.01,1134.76,35.71%,65.79%,75.59%,-,5.84%,9.91,-3.69%,"169,427"
AP,198.39M,-,-,-,0.45,6.31,21.49,-,-,-,-,-,1.78%,9.76,-0.61%,"148,592"
APA,11.81B,7.79,7.81,1.07,1.37,1.83,40.32,7.98,72.96%,-34.40%,-,7.30%,15.00%,33.42,0.29%,"5,065,995"
APAC,81.63M,118.26,-,-,-,1.38,247.36,-,-,-,-,-,-,10.11,0.00%,0
APAM,2.82B,9.05,8.65,5.44,2.19,6.36,9.40,6.58,-2.48%,5.15%,3.56%,1.59%,6.77%,34.84,-0.03%,"548,140"
APC,858.17M,-,13.61,0.98,-,3.51,38.29,-,32.55%,6.42%,-,13.87%,-,18.04,-1.53%,"135,256"
APCB,-,-,-,-,-,-,-,-,-,-,-,-,-,29.49,0.08%,"57,505"
APD,62.34B,29.61,19.59,2.21,5.00,3.98,65.55,-,9.86%,8.14%,-,8.87%,6.33%,279.93,0.43%,"1,257,695"
APDB,-,-,-,-,-,-,-,-,-,-,-,-,-,25.49,0.10%,"5,284"
APEI,981.93M,28.29,17.94,0.46,1.49,3.22,4.44,13.31,88.14%,16.61%,1.63%,39.35%,15.06%,53.53,2.69%,"369,732"
APG,18.22B,-,21.41,1.75,2.23,5.23,28.25,26.80,14.84%,14.53%,14.03%,12.23%,17.14%,41.68,-0.64%,"4,276,861"
APGE,9.98B,-,-,-,-,7.91,9.41,-,-5.26%,-24.72%,-,-12.96%,-,132.68,-0.01%,"4,881,433"
APH,203.17B,47.46,29.20,1.23,7.84,14.53,44.33,43.87,43.14%,18.32%,27.85%,23.79%,21.85%,165.15,1.46%,"8,476,770"
APHG,-,-,-,-,-,-,-,-,-,-,-,-,-,16.17,2.94%,"10,504"
APHU,-,-,-,-,-,-,-,-,-,-,-,-,-,27.31,3.21%,"16,687"
API,288.94M,36.81,14.20,0.21,1.98,0.65,0.85,-,27.54%,114.20%,-,67.51%,1.12%,3.88,-5.83%,"600,591"
APIE,-,-,-,-,-,-,-,-,-,-,-,-,-,38.06,0.47%,"83,203"
APLD,11.70B,-,-,-,32.92,7.39,6.07,-,-1075.93%,-3.64%,-46.17%,-,-,40.95,-2.45%,"12,885,556"
APLE,4.00B,23.35,23.93,6.14,2.81,1.28,192.33,14.58,-6.76%,2.54%,-,3.90%,18.60%,16.93,1.74%,"2,960,010"
APLM,48.31M,-,-,-,5.68,-,14.73,-,-,-,18.23%,-,-,22.00,7.32%,"25,340"
APLU,-,-,-,-,-,-,-,-,-,-,-,-,-,24.68,0.14%,"36,051"
APLX,-,-,-,-,-,-,-,-,-,-,-,-,-,24.86,-4.97%,"736,297"
APLY,-,-,-,-,-,-,-,-,-,-,-,-,-,11.09,-6.65%,"289,963"
APLZ,-,-,-,-,-,-,-,-,-,-,-,-,-,16.04,5.04%,"172,351"
APM,6.32M,-,-,-,-,0.27,1.83,-,-,-,-,-,-,0.78,-4.51%,"50,933"
APMCU,130.11M,-,-,-,-,-,-,-,-,-,-,-,-,10.00,-0.01%,"38,534"
APMU,-,-,-,-,-,-,-,-,-,-,-,-,-,25.00,-0.01%,"15,920"
APNAU,-,-,-,-,-,-,-,-,-,-,-,-,-,-,-,0
APO,70.05B,79.90,11.36,0.82,2.21,3.78,2.93,8.31,6.57%,19.75%,65.65%,13.92%,68.23%,121.51,-0.89%,"4,499,242"
APOC,-,-,-,-,-,-,-,-,-,-,-,-,-,26.22,0.02%,"2,838"
APOG,906.99M,16.92,-,-,0.65,1.76,19.86,9.53,-17.48%,-,33.79%,-,2.68%,42.48,1.24%,"272,528"
APP,149.81B,39.34,20.60,0.48,24.30,63.45,54.30,33.81,65.27%,34.33%,-,42.95%,30.45%,445.93,-4.09%,"4,124,829"
APPF,5.12B,34.40,17.60,0.73,5.14,10.89,33.70,21.80,28.64%,20.86%,-2.64%,24.19%,25.12%,144.78,-2.71%,"370,106"
APPN,1.51B,1875.45,16.43,0.45,1.99,-,7.35,23.71,61.55%,27.44%,-,36.75%,19.00%,20.63,-0.96%,"732,153"
APPS,1.23B,-,9.58,-,2.17,6.36,32.30,109.56,35.71%,39.47%,-,-,12.51%,10.16,0.20%,"4,076,431"
APPX,-,-,-,-,-,-,-,-,-,-,-,-,-,30.59,-8.17%,"480,749"
APRB,-,-,-,-,-,-,-,-,-,-,-,-,-,26.71,0.04%,646
APRE,9.78M,-,-,-,81.52,0.22,0.21,-,64.38%,4.73%,47.99%,27.52%,-,0.79,-2.28%,"23,168"
APRH,-,-,-,-,-,-,-,-,-,-,-,-,-,25.40,-0.12%,"8,456"
APRJ,-,-,-,-,-,-,-,-,-,-,-,-,-,25.10,0.00%,"8,313"
APRP,-,-,-,-,-,-,-,-,-,-,-,-,-,32.31,-0.04%,"12,483"
APRT,-,-,-,-,-,-,-,-,-,-,-,-,-,45.54,0.14%,699
APRW,-,-,-,-,-,-,-,-,-,-,-,-,-,36.96,0.07%,"1,280"
APRZ,-,-,-,-,-,-,-,-,-,-,-,-,-,39.30,-0.03%,135
APT,52.62M,14.83,-,-,0.88,0.83,3.12,9.20,-,-,-30.05%,-,-10.45%,5.15,-0.96%,"22,194"
APTV,13.11B,36.64,9.16,1.68,0.63,1.43,4.13,12.02,-6.77%,9.53%,-35.19%,5.46%,9.32%,61.97,2.57%,"2,494,161"
APUE,-,-,-,-,-,-,-,-,-,-,-,-,-,45.31,0.02%,"122,435"
APUR,129.39M,-,-,-,-,-,3234.82,-,-,-,-,-,-,9.90,-0.10%,"4,161"
APUS,12.95M,-,-,-,-,0.09,1.24,-,-,-,-,-,-,0.86,-3.60%,"308,372"
APVO,5.71M,-,-,-,-,0.47,0.39,-,73.24%,48.09%,89.05%,49.02%,-,4.58,-3.27%,"11,118"
APWC,36.90M,5.96,-,-,0.07,0.18,0.50,-,-,-,-,-,9.32%,1.79,-6.77%,"81,480"
APXM,-,-,-,-,-,-,-,-,-,-,-,-,-,31.60,0.00%,121
APXT,461.44M,98.43,-,-,-,1.37,607.16,-,-,-,-,-,-,10.04,-0.15%,"4,912"
APYX,174.61M,-,-,-,3.12,13.61,5.61,-,-3.58%,6.08%,4.74%,26.64%,13.78%,4.17,1.21%,"110,097"
AQB,5.56M,-,-,-,-,-,12.63,-,-,-,11.96%,-,-,1.08,-8.47%,"54,920"
AQEC,-,-,-,-,-,-,-,-,-,-,-,-,-,23.53,-0.59%,"79,345"
AQLG,-,-,-,-,-,-,-,-,-,-,-,-,-,25.15,0.25%,6
AQLT,-,-,-,-,-,-,-,-,-,-,-,-,-,30.74,0.13%,"103,460"
AQMS,9.68M,-,-,-,-,0.66,1.42,-,-,-,29.11%,-,-,2.88,-4.64%,"67,890"
AQN,4.72B,28.86,14.81,1.69,1.89,1.06,85.12,-,5.70%,11.94%,-30.67%,8.75%,7.87%,5.96,-0.33%,"3,763,176"
AQST,560.14M,-,-,-,11.14,-,5.06,-,47.44%,7.32%,13.92%,28.30%,-0.58%,4.47,-10.52%,"5,167,143"
AQWA,-,-,-,-,-,-,-,-,-,-,-,-,-,19.52,1.83%,"3,852"
AR,10.69B,11.18,7.50,0.17,1.86,1.33,-,-,159.80%,3.19%,-,45.13%,15.05%,34.50,-0.61%,"7,441,608"
ARAI,20.27M,-,-,-,155.95,5.41,2.39,-,7.50%,10.81%,-,20.63%,-,0.39,-5.40%,"552,263"
ARAY,37.74M,-,-,-,0.09,0.90,0.98,-,-1950.00%,41.46%,-,-,3.67%,0.32,-3.91%,"529,336"
ARB,-,-,-,-,-,-,-,-,-,-,-,-,-,29.63,0.05%,"5,511"
ARBB,8.09M,-,-,-,0.13,0.19,1.02,3.17,-,-,-,-,38.47%,4.58,-2.45%,"3,700"
ARBE,79.72M,-,-,-,54.98,1.64,1.02,-,34.15%,22.22%,-,39.68%,25.31%,0.65,-0.87%,"1,567,816"
ARBK,44.22M,0.70,-,-,2.85,3.43,19.65,-,-,-,-17.52%,-,-8.54%,3.31,0.30%,"9,571"
ARCB,3.34B,61.58,17.29,0.40,0.83,2.60,38.64,24.57,63.15%,43.77%,-0.53%,43.32%,6.40%,150.02,3.33%,"358,480"
ARCC,12.92B,11.06,9.34,-,3.86,0.92,19.72,12.03,-4.68%,0.54%,10.24%,-2.32%,18.46%,17.99,0.78%,"3,799,137"
ARCI,352.27M,-,-,-,-,1.31,317.36,-,-,-,-,-,-,9.98,0.00%,2
ARCL,177.54M,-,-,-,-,-,-,-,-,-,-,-,-,9.90,-0.20%,"21,406"
ARCM,-,-,-,-,-,-,-,-,-,-,-,-,-,100.30,0.01%,8
ARCO,1.69B,7.31,9.67,-,0.35,2.21,6.36,29.96,-27.11%,14.20%,-,-1.40%,18.71%,8.13,-0.73%,"785,616"
ARCT,193.85M,-,-,-,4.58,1.01,0.92,-,-69.07%,2.64%,7.53%,-13.26%,47.77%,6.82,-2.71%,"335,875"
ARCX,-,-,-,-,-,-,-,-,-,-,-,-,-,10.99,-10.65%,"57,036"
ARDC,300.77M,13.07,-,-,-,-,-,-,-,-,-,-,-,12.55,0.08%,"74,145"
ARDT,1.34B,9.89,7.32,0.59,0.21,1.00,2.20,6.23,17.17%,13.74%,-,12.33%,8.73%,9.36,-0.43%,"604,271"
ARDX,1.50B,-,12.45,-,3.50,10.07,6.29,-,78.85%,985.50%,24.66%,-,121.90%,6.06,-2.10%,"2,105,761"
ARE,9.29B,-,-,-,3.16,0.58,21.93,6.62,121.97%,-110.44%,-,-,9.93%,53.29,4.00%,"1,732,781"
AREC,198.96M,-,2.22,-,1989.63,-,37.40,-,5.48%,341.29%,-,-,-,1.86,-5.58%,"2,386,211"
AREN,53.32M,0.45,2.43,-,0.43,-,4.75,1.70,-43.33%,35.29%,-,-,1.04%,1.12,-9.68%,"96,644"
ARES,37.10B,52.07,15.26,0.68,5.44,9.88,25.80,-,26.19%,22.72%,15.13%,22.32%,31.26%,112.47,-1.23%,"2,503,985"
ARGT,-,-,-,-,-,-,-,-,-,-,-,-,-,90.61,-0.13%,"286,521"
ARGX,54.99B,45.38,24.85,0.79,13.22,7.51,12.38,65.50,34.77%,35.60%,-,31.46%,151.37%,888.65,4.24%,"531,719"
ARHS,1.15B,17.73,14.73,1.61,0.83,3.07,6.36,86.46,-0.84%,15.27%,82.33%,9.14%,22.14%,8.10,3.45%,"1,529,323"
ARI,1.41B,13.39,18.10,-,2.07,0.81,11.12,51.12,-56.18%,29.29%,143.06%,-,15.69%,10.77,0.19%,"4,223,449"
ARIS,3.10B,18.06,4.13,0.09,2.71,1.97,6.56,18.74,88.35%,50.54%,-,44.53%,18.87%,15.00,1.97%,"1,021,656"
ARKB,-,-,-,-,-,-,-,-,-,-,-,-,-,19.64,-1.11%,"2,583,579"
ARKD,-,-,-,-,-,-,-,-,-,-,-,-,-,19.76,-0.24%,12
ARKF,-,-,-,-,-,-,-,-,-,-,-,-,-,37.97,-1.96%,"183,211"
ARKG,-,-,-,-,-,-,-,-,-,-,-,-,-,40.11,3.97%,"4,806,142"
ARKI,-,-,-,-,-,-,-,-,-,-,-,-,-,21.50,-0.31%,19
ARKK,-,-,-,-,-,-,-,-,-,-,-,-,-,76.54,-0.23%,"5,435,077"
ARKO,833.54M,37.68,19.05,-,0.11,2.11,2.81,22.12,93.33%,34.48%,0.14%,-,13.77%,7.43,-3.51%,"575,442"
ARKQ,-,-,-,-,-,-,-,-,-,-,-,-,-,123.84,-0.31%,"188,011"
ARKR,21.59M,-,-,-,0.14,0.65,1.88,-,-,-,-18.88%,-,9.25%,5.79,-3.18%,415
ARKT,-,-,-,-,-,-,-,-,-,-,-,-,-,18.72,-0.25%,5
ARKW,-,-,-,-,-,-,-,-,-,-,-,-,-,135.69,-2.01%,"63,700"
ARKX,-,-,-,-,-,-,-,-,-,-,-,-,-,31.92,-0.81%,"1,190,788"
ARL,258.92M,21.25,-,-,5.14,0.42,2.55,94.84,-,-,11.55%,-,-3.26%,16.03,0.44%,"1,372"
ARLI,-,-,-,-,-,-,-,-,-,-,-,-,-,25.93,0.00%,0
ARLO,1.34B,44.42,12.52,-,2.40,8.44,8.02,20.92,20.00%,17.62%,-,-,8.18%,12.37,-0.40%,"891,630"
ARLP,3.14B,12.90,8.42,0.95,1.45,1.78,108.87,9.28,-3.12%,24.73%,-,8.91%,10.57%,24.43,0.78%,"228,016"
ARLU,-,-,-,-,-,-,-,-,-,-,-,-,-,31.41,0.10%,"1,242"
ARM,369.96B,410.81,114.84,3.66,75.20,44.65,102.74,377.90,22.94%,39.14%,17.48%,31.40%,19.40%,347.71,-3.17%,"8,315,915"
ARMG,-,-,-,-,-,-,-,-,-,-,-,-,-,38.05,-6.53%,"1,564,505"
ARMH,-,-,-,-,-,-,-,-,-,-,-,-,-,148.39,-3.22%,"9,063"
ARMK,14.40B,40.86,20.36,1.06,0.74,4.39,26.64,36.63,22.16%,19.72%,-,19.21%,7.60%,54.78,1.58%,"2,479,411"
ARMP,238.62M,-,-,-,45.89,-,50.24,-,20.73%,64.78%,-28.83%,40.13%,42.90%,6.50,-11.56%,"420,148"
ARMW,-,-,-,-,-,-,-,-,-,-,-,-,-,73.02,-3.43%,"74,241"
ARMY,-,-,-,-,-,-,-,-,-,-,-,-,-,22.73,-1.76%,"1,039"
AROC,7.26B,22.48,18.99,1.70,4.78,4.78,1626.87,29.67,3.17%,15.47%,-,11.18%,11.23%,41.40,6.73%,"2,855,812"
AROW,663.47M,12.94,9.26,-,2.69,1.51,-,16.05,40.88%,16.07%,1.92%,-,10.91%,40.14,-0.55%,"114,596"
ARP,-,-,-,-,-,-,-,-,-,-,-,-,-,32.15,1.28%,"10,494"
ARQ,97.88M,-,-,-,0.80,0.58,20.96,-,99.66%,-819.21%,-2.40%,-,12.30%,2.28,-2.98%,"721,916"
ARQQ,475.44M,-,-,-,436.18,15.89,16.47,-,-,-,-285.78%,-,-,27.32,-4.61%,"895,156"
ARQT,3.34B,-,24.97,-,8.03,17.60,14.88,124.01,253.13%,436.89%,49.34%,-,-,26.69,-2.48%,"1,935,837"
ARR,2.13B,8.88,5.69,3.33,2.14,0.91,9.93,15.83,-3.22%,1.79%,-,1.71%,-,17.14,1.12%,"2,697,017"
ARRY,1.18B,-,8.52,0.56,0.98,-,5.86,20.29,8.55%,24.07%,-,15.11%,8.03%,7.69,0.00%,"5,734,395"
ARTC,345.20M,-,-,-,-,-,132.26,-,-,-,-,-,-,9.91,0.20%,"392,505"
ARTL,4.04M,-,-,-,-,0.15,0.39,-,-,-,35.60%,-,-,1.16,0.00%,"121,789"
ARTNA,343.10M,14.68,-,-,2.99,1.35,80.73,-,-,-,4.28%,-,5.08%,33.19,0.51%,"40,420"
ARTV,218.25M,-,-,-,-,2.48,2.51,-,22.26%,-9.17%,-27.38%,3.82%,-,8.83,-5.26%,"512,915"
ARTW,13.37M,10.21,-,-,0.55,0.99,-,-,-,-,-,-,0.50%,2.58,-2.27%,"6,087"
ARTY,-,-,-,-,-,-,-,-,-,-,-,-,-,74.76,1.10%,"888,065"
ARVN,518.11M,-,-,-,5.80,1.34,0.84,-,-148.16%,-24.98%,17.70%,-,64.50%,8.03,-0.25%,"499,377"
ARVR,-,-,-,-,-,-,-,-,-,-,-,-,-,55.41,0.41%,9
ARW,11.71B,16.39,10.62,0.35,0.35,1.74,40.88,38.56,80.96%,8.14%,8.02%,30.41%,1.48%,229.03,1.90%,"870,139"
ARWG,-,-,-,-,-,-,-,-,-,-,-,-,-,25.85,0.00%,0
ARWR,11.17B,-,-,-,17.95,18.15,6.26,-,-31093.19%,-24.76%,57.10%,-,56.63%,79.27,-0.68%,"2,429,904"
ARX,2.85B,-,14.08,1.49,4.72,4.17,-,-,-21.16%,25.14%,-,9.48%,-,13.05,-2.39%,"3,087,372"
ARXS,18.15B,-,62.61,1.49,-,5.70,75.98,-,12.70%,102.25%,-,42.07%,-,44.24,2.67%,"1,316,830"
AS,19.73B,42.26,21.82,0.88,2.80,2.93,28.86,78.80,30.71%,23.31%,-,24.93%,21.83%,34.12,-2.79%,"3,220,138"
ASA,994.07M,1.50,-,-,249.75,0.90,-,-,-,-,-,-,-,52.91,-1.75%,"122,172"
ASAN,1.47B,-,13.48,0.45,1.82,10.91,3.46,13.72,38.07%,27.17%,9.45%,29.71%,28.35%,6.39,-3.91%,"5,375,203"
ASB,5.13B,10.75,9.52,1.07,2.07,1.06,-,8.44,5.00%,10.12%,8.22%,8.91%,15.79%,30.92,1.58%,"2,094,288"
ASBP,8.36M,-,-,-,278.66,0.28,1.43,-,-,-,-,-,-,6.45,-1.30%,"69,231"
ASC,649.99M,12.03,14.14,2.06,2.01,0.99,13.77,-,215.09%,-62.36%,-,6.88%,7.11%,15.93,-5.96%,"577,023"
ASCE,-,-,-,-,-,-,-,-,-,-,-,-,-,34.83,0.89%,"33,107"
ASCI,-,-,-,-,-,-,-,-,-,-,-,-,-,36.21,0.26%,"3,506"
ASD,-,-,-,-,-,-,-,-,-,-,-,-,-,26.05,1.12%,648
ASEA,-,-,-,-,-,-,-,-,-,-,-,-,-,19.91,0.05%,"15,259"
ASEC,-,-,-,-,-,-,-,-,-,-,-,-,-,50.13,0.11%,2
ASG,333.80M,24.14,-,-,196.55,0.91,-,-,-,-,-,-,-,5.31,-0.56%,"227,108"
ASGI,706.27M,4.35,-,-,-,-,-,-,-,-,-,-,-,22.33,1.13%,"117,013"
ASGM,-,-,-,-,-,-,-,-,-,-,-,-,-,31.02,0.39%,645
ASH,2.95B,-,14.94,1.17,1.63,1.58,7.51,12.04,6.48%,19.83%,-15.51%,12.74%,-1.98%,64.43,1.56%,"551,750"
ASHR,-,-,-,-,-,-,-,-,-,-,-,-,-,36.69,2.31%,"4,204,311"
ASHS,-,-,-,-,-,-,-,-,-,-,-,-,-,47.82,2.01%,"8,076"
ASIA,-,-,-,-,-,-,-,-,-,-,-,-,-,45.02,1.63%,"3,644"
ASIC,1.03B,11.41,8.57,0.35,2.19,1.63,-,6.39,23.84%,25.38%,-,24.46%,-,21.42,-2.64%,"74,992"
ASIX,535.14M,52.99,6.96,-,0.35,0.67,30.46,-,-37.06%,98.61%,1.96%,-,5.62%,19.85,0.40%,"183,643"
ASLE,304.78M,29.38,-,-,0.90,0.72,146.53,-,-,-,-2.26%,-,9.92%,6.45,-1.23%,"372,118"
ASLV,-,-,-,-,-,-,-,-,-,-,-,-,-,29.83,0.40%,422
ASM,997.37M,26.18,10.10,0.28,8.95,3.59,7.19,78.41,123.53%,52.63%,-,36.25%,40.96%,5.86,3.90%,"4,619,194"
ASMB,480.77M,-,-,-,6.76,1.94,2.12,-,-209.55%,-88.55%,51.83%,-,-1.78%,24.26,-5.31%,"270,746"
ASMF,-,-,-,-,-,-,-,-,-,-,-,-,-,25.50,-0.12%,572
ASMG,-,-,-,-,-,-,-,-,-,-,-,-,-,56.14,8.96%,"85,439"
ASMH,-,-,-,-,-,-,-,-,-,-,-,-,-,126.03,3.98%,"2,027"
ASML,709.63B,61.39,36.69,1.39,18.16,29.57,73.53,70.76,26.09%,34.75%,23.58%,26.34%,18.27%,1841.18,4.45%,"2,191,504"
ASMU,-,-,-,-,-,-,-,-,-,-,-,-,-,36.71,8.49%,"186,721"
ASND,16.25B,29.48,24.00,-,16.16,28.90,24.62,321.27,461.33%,-29.45%,14.76%,-,152.45%,261.58,9.90%,"2,653,942"
ASO,3.00B,8.52,6.95,0.84,0.49,1.45,8.89,12.66,11.60%,8.03%,10.32%,8.29%,1.25%,48.43,-5.43%,"2,239,490"
ASPC,25.48M,964.60,-,-,-,60.80,283.11,-,-,-,-,-,-,10.90,0.00%,"3,270"
ASPI,799.49M,-,-,-,29.69,2.77,2.73,-,77.73%,31.91%,-129.60%,-,-,6.35,-10.06%,"7,230,052"
ASPN,470.75M,-,-,-,2.04,2.20,2.68,13.23,83.67%,84.47%,-41.75%,-,22.01%,5.68,-0.87%,"1,205,155"
ASPS,78.96M,12.79,4.67,0.06,0.46,-,2.52,19.64,117.50%,72.41%,-,77.84%,-15.07%,7.00,-2.64%,"11,775"
ASR,8.58B,17.47,12.16,1.09,4.24,3.95,11.20,33.24,11.41%,12.47%,42.88%,11.18%,26.99%,309.61,2.41%,"67,191"
ASRT,151.81M,-,40.52,-,1.49,2.00,2.12,-,81.43%,165.91%,21.69%,-,2.24%,23.50,0.00%,0
ASRV,64.80M,11.58,-,-,0.73,0.54,-,79.02,-,-,4.73%,-,6.94%,3.82,1.06%,"14,481"
ASST,930.92M,-,-,-,162.46,1.10,6.39,-,59.66%,91.10%,-,-,131.15%,11.40,-9.16%,"6,247,069"
ASTC,17.99M,-,-,-,17.81,1.45,2.73,-,-,-,26.69%,-,16.54%,10.00,-1.91%,"177,915"
ASTE,1.42B,55.45,14.67,0.94,0.96,2.09,18.46,37.16,8.11%,16.94%,-3.91%,15.57%,6.60%,61.74,4.54%,"235,982"
ASTG,-,-,-,-,-,-,-,-,-,-,-,-,-,11.93,-7.51%,"3,495"
ASTH,2.16B,70.92,23.21,0.29,0.61,2.66,4.51,13.92,176.06%,47.62%,-14.74%,81.27%,35.87%,43.50,2.91%,"683,940"
ASTI,47.03M,-,-,-,427.52,2.81,2.93,-,76.05%,32.43%,-,-,2.88%,4.97,-1.00%,"651,486"
ASTL,440.53M,-,-,-,0.33,1.78,9.42,-,-,-,-75.55%,-,1.92%,4.18,4.76%,"754,368"
ASTN,-,-,-,-,-,-,-,-,-,-,-,-,-,8.59,6.58%,"2,597,571"
ASTS,25.47B,-,-,-,299.84,9.42,8.40,-,-66.55%,57.27%,-23.49%,-,64.06%,65.62,-3.51%,"22,247,364"
ASTX,-,-,-,-,-,-,-,-,-,-,-,-,-,15.71,-6.99%,"6,131,310"
ASTY,-,-,-,-,-,-,-,-,-,-,-,-,-,8.66,-6.88%,"158,529"
ASUP,-,-,-,-,-,-,-,-,-,-,-,-,-,10.78,-7.46%,"15,201"
ASUR,220.85M,-,7.29,-,1.49,1.10,11.49,69.01,21.07%,24.24%,14.14%,-,16.49%,7.70,-3.02%,"194,578"
ASX,91.82B,62.13,27.10,0.51,4.22,8.37,26.19,-,87.10%,47.04%,6.47%,52.63%,5.04%,41.85,1.23%,"16,346,629"
ASYS,361.39M,123.77,25.84,-,4.58,5.35,14.80,37.18,115.09%,150.00%,-44.25%,-,3.93%,20.67,5.84%,"364,785"
ATAI,1.69B,-,-,-,483.15,8.43,7.31,-,85.14%,-3.57%,36.94%,46.52%,-,4.58,9.83%,"10,988,406"
ATAT,3.56B,16.95,11.83,0.61,2.36,8.11,4.27,11.52,20.80%,19.38%,-,19.43%,43.10%,31.52,-1.28%,"954,901"
ATC,-,-,-,-,-,-,-,-,-,-,-,-,-,19.96,-4.72%,47
ATCH,28.01M,-,-,-,1.72,1.25,0.68,-,-,-,-55.15%,-,-,0.19,-1.69%,"1,670,857"
ATCL,-,-,-,-,-,-,-,-,-,-,-,-,-,24.73,-0.07%,"12,588"
ATCX,18.99M,-,-,-,210.95,16.41,35.82,-,35.50%,-,-12.12%,-,-,3.80,-5.12%,"5,752"
ATEC,1.36B,-,15.22,0.10,1.73,-,9.71,195.39,540.00%,81.25%,4.12%,158.33%,39.46%,8.83,1.49%,"2,273,281"
ATEN,2.50B,56.78,29.55,2.37,8.35,11.29,6.76,48.69,15.57%,13.04%,20.80%,12.46%,5.20%,34.74,1.64%,"1,273,839"
ATER,13.45M,-,-,-,0.25,1.41,4.04,-,-,-,44.17%,-,-17.97%,1.24,-10.79%,"234,512"
ATEX,1.52B,16.75,17.96,-,233.44,5.84,14.50,276.89,-77.43%,313.76%,-,-,47.82%,81.00,2.41%,"334,571"
ATFV,-,-,-,-,-,-,-,-,-,-,-,-,-,39.64,-0.25%,"43,001"
ATGL,188.83M,-,-,-,198.76,59.90,47.56,-,-,-,-185.14%,-,16.09%,11.47,-0.26%,749
ATHE,1.76M,-,-,-,-,0.05,0.05,-,39.69%,-14.32%,34.34%,11.56%,-,4.90,-3.26%,"41,750"
ATHM,2.17B,14.53,13.83,-,2.56,0.67,0.81,-,-29.98%,12.14%,-16.03%,-6.13%,-6.48%,18.78,-1.68%,"1,285,923"
ATHR,41.90M,-,-,-,30.81,17.90,51.73,-,-44.83%,73.81%,-,-,-,3.45,4.55%,"15,767"
ATI,27.23B,65.79,37.03,1.51,5.93,15.38,67.78,49.28,36.36%,21.94%,-,24.52%,9.00%,199.50,0.97%,"1,626,606"
ATII,321.05M,37.62,-,-,-,1.37,297.27,-,-,-,-,-,-,10.85,0.74%,"271,041"
ATKR,2.70B,-,13.13,2.85,0.94,2.11,6.10,19.42,-11.51%,13.74%,-,4.61%,10.06%,79.96,2.66%,"180,245"
ATLC,1.64B,16.15,8.43,0.19,0.71,2.52,2.04,2.07,57.91%,36.48%,8.55%,45.44%,28.43%,108.27,3.57%,"247,095"
ATLN,84.55M,-,-,-,0.19,-,1056.86,-,-,-,21.24%,-,321.02%,1.04,33.32%,"82,624,189"
ATLO,268.11M,12.47,10.73,-,2.69,1.29,-,12.34,32.35%,4.44%,0.75%,-,5.96%,30.27,-1.30%,"47,453"
ATLX,104.11M,-,-,-,743.61,2.16,3.03,-,85.06%,-,-17.96%,-,31.58%,3.53,-1.40%,"407,130"
ATMP,-,-,-,-,-,-,-,-,-,-,-,-,-,34.57,1.51%,"4,495"
ATMU,4.42B,21.18,16.85,2.00,2.42,10.96,21.11,28.00,7.52%,9.51%,7.88%,8.43%,7.44%,54.17,6.87%,"734,367"
ATNI,410.82M,-,21.72,-,0.56,0.95,3.32,10.93,131.88%,179.55%,-9.27%,-,9.83%,26.71,-0.07%,"58,252"
ATNM,29.81M,-,-,-,331.19,12.94,0.71,-,22.32%,2.56%,9.91%,35.68%,-,0.95,-5.94%,"305,213"
ATO,28.99B,21.38,19.36,2.09,5.94,1.94,228.06,-,12.57%,6.82%,8.82%,9.26%,10.76%,173.67,0.63%,"1,162,681"
ATOM,283.02M,-,-,-,4043.12,6.98,6.89,-,23.08%,-,3.79%,-,0.95%,7.31,-1.35%,"660,718"
ATOS,17.66M,-,-,-,-,0.50,0.55,-,-7.26%,20.08%,32.87%,-,-,1.77,1.14%,"143,429"
ATPC,3.00M,-,-,-,1.99,0.14,0.12,-,-,-,-,-,-15.09%,3.00,-4.76%,"89,522"
ATR,8.07B,21.66,19.88,2.75,2.08,3.07,35.07,24.68,-3.98%,15.40%,12.87%,7.22%,5.22%,126.43,1.73%,"363,556"
ATRA,92.09M,-,11.42,-,3.98,-,11.02,-,-150.39%,169.11%,-,-,-,10.22,-3.13%,"67,562"
ATRC,1.42B,-,79.08,-,2.58,2.90,9.75,26.56,114.88%,896.01%,26.83%,-,20.95%,28.13,-0.53%,"1,022,867"
ATRO,3.19B,74.49,34.95,-,3.59,19.32,268.56,132.66,34.83%,15.31%,-,-,11.40%,87.15,2.70%,"599,723"
ATS,2.76B,53.63,17.27,1.23,1.28,2.14,13.48,9.12,13.62%,17.15%,0.14%,14.06%,14.67%,28.12,0.50%,"103,434"
ATTR,-,-,-,-,-,-,-,-,-,-,-,-,-,93.29,-0.18%,405
ATXG,3.13M,-,-,-,0.84,0.14,0.18,-,-,-,-17.05%,-,-16.29%,4.01,-8.46%,"8,736"
ATYR,54.88M,-,-,-,288.86,0.95,0.83,-,28.44%,-12.66%,14.76%,9.31%,-55.14%,0.56,-0.32%,"1,787,640"
AU,40.07B,11.64,7.50,0.31,3.59,4.69,12.61,10.01,86.42%,5.65%,17.92%,24.16%,17.45%,79.34,0.95%,"3,753,057"
AUAU,-,-,-,-,-,-,-,-,-,-,-,-,-,32.71,1.41%,579
AUB,5.96B,17.72,10.38,0.77,2.67,1.17,-,14.38,8.46%,7.59%,0.94%,13.43%,21.54%,41.67,2.11%,"1,007,151"
AUBN,92.67M,11.71,-,-,2.08,1.00,-,8.77,-,-,-0.14%,-,5.51%,26.53,4.33%,"5,508"
AUC,67.04M,-,-,-,55.87,1.73,44.10,-,-,-,30.22%,-,13.22%,6.50,0.93%,"2,871"
AUDC,228.39M,36.55,14.30,-,0.92,1.57,3.48,9.57,0.00%,3.28%,-18.64%,-,2.15%,9.01,-1.21%,"104,574"
AUGM,-,-,-,-,-,-,-,-,-,-,-,-,-,34.97,0.01%,"1,723"
AUGO,5.12B,57.44,5.37,0.07,4.48,16.97,18.89,31.22,322.30%,9.50%,-,80.17%,25.18%,61.13,5.60%,"1,110,607"
AUGP,-,-,-,-,-,-,-,-,-,-,-,-,-,32.82,0.07%,29
AUGT,-,-,-,-,-,-,-,-,-,-,-,-,-,37.73,-0.03%,"7,666"
AUGU,-,-,-,-,-,-,-,-,-,-,-,-,-,31.11,-0.01%,602
AUGW,-,-,-,-,-,-,-,-,-,-,-,-,-,33.89,-0.02%,"25,087"
AUGZ,-,-,-,-,-,-,-,-,-,-,-,-,-,44.58,-0.09%,921
AUID,17.59M,-,-,-,7.92,3.38,14.78,-,-,-,22.72%,-,-0.95%,1.09,6.86%,"111,067"
AUMI,-,-,-,-,-,-,-,-,-,-,-,-,-,77.25,1.61%,"1,991"
AUNA,370.06M,20.69,4.68,5.44,0.29,0.74,3.01,4.50,-30.43%,20.47%,-,0.86%,24.38%,5.00,1.42%,"150,769"
AUPH,2.26B,8.11,14.20,-,7.57,4.04,5.96,13.52,-53.62%,28.75%,-,-4.55%,41.38%,17.55,-5.75%,"2,149,167"
AUR,12.24B,-,-,-,3059.48,6.21,9.97,-,-5.58%,7.04%,-18.39%,10.07%,-,6.24,0.16%,"23,443,917"
AURA,709.57M,-,-,-,-,4.10,6.18,-,9.38%,-4.55%,-11.28%,4.66%,-,6.86,-2.56%,"336,078"
AURE,85.90M,-,-,-,47.99,0.66,41.50,-,-,-,-,-,-6.97%,2.22,0.00%,"7,818"
AUSF,-,-,-,-,-,-,-,-,-,-,-,-,-,48.88,-0.10%,"87,494"
AUSM,-,-,-,-,-,-,-,-,-,-,-,-,-,25.06,0.02%,368
AUST,14.51M,-,-,-,-,1.88,5.60,-,-,-,-17.33%,-,-,1.06,-3.64%,"53,785"
AUTL,423.19M,-,-,-,4.57,5.19,1.83,-,17.73%,28.68%,17.04%,25.73%,215.43%,1.59,0.00%,"606,576"
AUUD,6.76M,-,-,-,-,0.03,4.79,-,-,-,48.36%,-,-,1.26,-2.33%,"164,481"
AV,-,-,-,-,-,-,-,-,-,-,-,-,-,28.79,1.02%,458
AVA,3.38B,16.26,14.62,2.05,1.77,1.22,188.05,-,9.28%,7.74%,4.60%,7.12%,8.24%,40.96,-0.41%,"478,739"
AVAH,1.85B,7.19,11.02,0.93,0.73,7.68,9.76,14.71,16.96%,9.63%,-,11.83%,10.23%,8.48,0.12%,"2,056,632"
AVAL,1.93B,13.98,9.18,0.40,0.17,1.24,-,6.83,17.32%,24.25%,-9.10%,22.70%,0.83%,5.10,-1.35%,"71,046"
AVAT,35.14M,3.02,-,-,-,0.10,501.94,-,-,-,-,-,-,0.78,8.98%,"302,808"
AVAV,6.82B,-,34.92,2.06,4.24,1.63,11.62,-,-12.59%,36.53%,-2.04%,16.92%,17.44%,136.68,-3.87%,"1,513,025"
AVAZ,-,-,-,-,-,-,-,-,-,-,-,-,-,6.70,-1.83%,601
AVB,26.41B,23.10,34.64,-,8.62,2.25,90.72,18.79,-20.65%,-8.49%,4.70%,-7.20%,6.16%,186.13,1.38%,"834,104"
AVBC,405.74M,26.78,14.33,-,2.69,1.06,-,11.69,827.78%,7.63%,-,-,-,20.21,0.00%,"106,911"
AVBH,358.34M,-,8.60,-,3.80,1.24,-,-,22.23%,11.18%,-,-,10.80%,32.71,0.65%,"135,353"
AVBP,1.58B,-,-,-,-,4.73,4.83,-,6.34%,14.88%,-29.43%,31.10%,-,33.83,5.64%,"1,031,421"
AVD,77.23M,-,-,-,0.15,0.41,1.09,-,-,-,-,-,2.35%,2.70,2.66%,"334,036"
AVDE,-,-,-,-,-,-,-,-,-,-,-,-,-,89.14,0.75%,"863,890"
AVDS,-,-,-,-,-,-,-,-,-,-,-,-,-,75.16,0.40%,"29,090"
AVDV,-,-,-,-,-,-,-,-,-,-,-,-,-,104.22,0.12%,"619,919"
AVEE,-,-,-,-,-,-,-,-,-,-,-,-,-,68.30,-0.55%,"23,073"
AVEM,-,-,-,-,-,-,-,-,-,-,-,-,-,95.62,0.89%,"1,406,541"
AVES,-,-,-,-,-,-,-,-,-,-,-,-,-,64.84,-0.31%,"73,781"
AVEX,1.76B,26.10,28.91,-,2.95,3.60,64.10,-,288.16%,49.30%,-,-,-,15.43,0.59%,"1,718,863"
AVGB,-,-,-,-,-,-,-,-,-,-,-,-,-,51.19,0.02%,"1,299"
AVGE,-,-,-,-,-,-,-,-,-,-,-,-,-,98.47,0.60%,"36,849"
AVGG,-,-,-,-,-,-,-,-,-,-,-,-,-,27.56,-1.33%,"277,613"
AVGO,1802.69B,63.08,19.50,0.35,23.89,20.56,91.84,55.02,69.69%,67.91%,49.76%,56.11%,21.74%,378.91,-0.83%,"23,223,414"
AVGU,-,-,-,-,-,-,-,-,-,-,-,-,-,35.30,-1.51%,"82,556"
AVGV,-,-,-,-,-,-,-,-,-,-,-,-,-,85.04,0.60%,"29,548"
AVGW,-,-,-,-,-,-,-,-,-,-,-,-,-,40.39,-0.79%,"12,667"
AVGX,-,-,-,-,-,-,-,-,-,-,-,-,-,47.11,-1.96%,"735,307"
AVIE,-,-,-,-,-,-,-,-,-,-,-,-,-,74.05,0.68%,137
AVIG,-,-,-,-,-,-,-,-,-,-,-,-,-,41.48,0.04%,"219,629"
AVIR,348.12M,-,-,-,-,1.49,1.36,-,0.77%,28.05%,-71.02%,21.18%,-,4.35,-2.90%,"295,772"
AVIV,-,-,-,-,-,-,-,-,-,-,-,-,-,77.43,0.73%,"64,602"
AVK,568.19M,4.78,-,-,13.70,0.96,-,-,-,-,-,-,-,12.87,1.26%,"115,937"
AVL,-,-,-,-,-,-,-,-,-,-,-,-,-,44.68,-1.63%,"416,603"
AVLC,-,-,-,-,-,-,-,-,-,-,-,-,-,88.96,0.72%,"62,973"
AVLN,1.28B,-,-,-,-,-,10.43,-,28.45%,14.18%,-,9.19%,-,28.98,-3.69%,"279,420"
AVLV,-,-,-,-,-,-,-,-,-,-,-,-,-,91.54,0.84%,"2,145,242"
AVMA,-,-,-,-,-,-,-,-,-,-,-,-,-,72.54,0.30%,"5,094"
AVMC,-,-,-,-,-,-,-,-,-,-,-,-,-,80.20,0.86%,"21,534"
AVMU,-,-,-,-,-,-,-,-,-,-,-,-,-,46.52,0.03%,"2,008"
AVMV,-,-,-,-,-,-,-,-,-,-,-,-,-,80.86,0.31%,"27,925"
AVNM,-,-,-,-,-,-,-,-,-,-,-,-,-,82.01,0.55%,"143,784"
AVNS,1.17B,-,19.92,-,1.63,1.49,17.78,155.53,6.38%,25.00%,-22.58%,-,-0.38%,24.90,-0.20%,"414,101"
AVNT,3.39B,21.51,10.97,1.10,1.03,1.41,7.94,16.87,9.10%,9.63%,-9.29%,10.00%,0.11%,37.00,0.49%,"1,055,244"
AVNV,-,-,-,-,-,-,-,-,-,-,-,-,-,82.28,0.37%,"4,510"
AVNW,263.58M,29.26,7.22,0.35,0.61,0.94,3.37,22.22,-5.99%,79.72%,34.80%,20.88%,12.74%,20.37,-1.69%,"170,287"
AVO,1.05B,37.08,14.45,-,0.84,1.45,29.82,30.51,-22.15%,33.33%,5.30%,-3.95%,10.04%,11.85,-2.71%,"1,460,418"
AVOS,-,-,-,-,-,-,-,-,-,-,-,-,-,26.59,0.16%,"8,168"
AVPT,2.19B,51.04,20.80,0.93,4.95,5.00,4.94,20.78,22.35%,23.20%,-,22.41%,22.59%,10.35,-0.48%,"2,437,018"
AVR,961.74M,-,-,-,519.86,3.45,3.40,-,57.67%,9.36%,-,31.58%,-,9.88,-5.00%,"1,345,039"
AVRE,-,-,-,-,-,-,-,-,-,-,-,-,-,47.83,0.31%,"56,287"
AVRY,-,-,-,-,-,-,-,-,-,-,-,-,-,22.87,-1.29%,"17,713"
AVS,-,-,-,-,-,-,-,-,-,-,-,-,-,7.87,1.04%,"10,102,579"
AVSC,-,-,-,-,-,-,-,-,-,-,-,-,-,72.28,0.84%,"149,721"
AVSD,-,-,-,-,-,-,-,-,-,-,-,-,-,79.57,0.94%,"6,666"
AVSE,-,-,-,-,-,-,-,-,-,-,-,-,-,80.76,0.90%,"4,881"
AVSF,-,-,-,-,-,-,-,-,-,-,-,-,-,46.58,0.03%,"31,558"
AVSU,-,-,-,-,-,-,-,-,-,-,-,-,-,87.25,0.64%,"8,496"
AVT,7.45B,35.37,11.43,0.31,0.30,1.50,36.79,226.54,49.01%,54.94%,-,37.18%,4.71%,90.81,2.91%,"1,667,374"
AVTM,-,-,-,-,-,-,-,-,-,-,-,-,-,53.56,0.31%,148
AVTR,6.88B,-,11.82,23.64,1.05,1.23,24.64,15.68,-12.34%,8.10%,-,0.50%,0.49%,10.08,4.02%,"9,120,771"
AVTX,946.18M,-,-,-,15769.66,6.49,11.52,-,47.12%,1.73%,70.20%,21.15%,-61.19%,18.00,-0.88%,"1,689,255"
AVUQ,-,-,-,-,-,-,-,-,-,-,-,-,-,63.92,-0.62%,"56,767"
AVUS,-,-,-,-,-,-,-,-,-,-,-,-,-,126.72,0.60%,"315,317"
AVUV,-,-,-,-,-,-,-,-,-,-,-,-,-,124.16,0.80%,"1,388,373"
AVX,44.86M,-,-,-,9.79,0.27,2.05,-,-,-,82.54%,-,-,5.83,2.28%,"16,826"
AVXC,-,-,-,-,-,-,-,-,-,-,-,-,-,84.69,1.25%,"24,386"
AVXL,228.44M,-,-,-,-,1.80,1.73,-,38.89%,-66.67%,-3.79%,-,-,2.46,-3.71%,"938,334"
AVXX,-,-,-,-,-,-,-,-,-,-,-,-,-,4.83,-7.82%,"182,541"
AVY,12.59B,18.54,14.81,1.60,1.40,5.49,49.09,14.42,5.22%,10.85%,5.86%,9.23%,4.90%,164.61,0.89%,"687,615"
AWAY,-,-,-,-,-,-,-,-,-,-,-,-,-,17.74,-0.70%,"7,674"
AWF,882.13M,13.64,-,-,12.24,0.89,-,-,-,-,-,-,-,10.23,0.59%,"347,120"
AWI,6.89B,22.92,17.22,1.57,4.18,7.71,86.35,28.88,12.11%,12.89%,-,11.00%,11.59%,161.46,2.38%,"357,483"
AWK,25.39B,23.00,19.82,2.60,4.88,2.30,125.68,-,6.90%,7.86%,7.90%,7.62%,6.36%,130.00,0.28%,"2,226,721"
AWP,358.98M,55.81,-,-,31.76,1.03,-,-,-,-,-,-,-,11.72,0.69%,"86,517"
AWR,3.16B,23.53,20.79,-,4.66,2.97,142.69,83.21,10.39%,4.30%,7.62%,-,6.15%,80.68,1.01%,"202,912"
AWRE,29.00M,-,-,-,1.70,1.27,1.48,-,-,-,4.81%,-,8.87%,1.34,-2.90%,"14,409"
AWX,9.67M,16.53,-,-,0.11,0.26,4.06,5.86,-,-,86.99%,-,7.31%,2.48,-0.40%,"2,267"
AX,5.42B,11.57,9.86,0.75,2.57,1.77,-,20.62,14.21%,14.00%,20.05%,13.10%,22.02%,95.34,1.05%,"362,555"
AXG,628.50M,-,-,-,647.94,13.03,233.64,-,-,-,-118.12%,-,24.14%,3.30,0.00%,"406,943"
AXGN,2.37B,-,61.90,1.25,9.94,9.66,22.84,254.94,71.12%,44.84%,10.54%,49.38%,14.93%,44.49,4.63%,"1,606,223"
AXIA,24.24B,16.59,9.15,0.75,3.02,1.38,4.46,10.88,-1.15%,46.45%,-12.42%,12.17%,5.56%,10.61,1.73%,"1,837,012"
AXIL,39.61M,51.01,-,-,1.41,3.46,7.18,46.60,-,-,-,-,91.76%,5.81,-1.86%,"12,252"
AXIN,281.94M,39.98,-,-,-,1.08,391.58,-,-,-,-,-,-,10.34,-0.10%,"8,342"
AXON,35.85B,178.02,41.78,1.57,12.02,10.14,47.85,1837.32,12.24%,38.44%,-,26.59%,32.48%,444.73,-2.63%,"809,514"
AXP,233.67B,21.36,16.99,1.18,2.83,6.87,4.35,16.18,15.11%,13.86%,32.49%,14.37%,16.08%,342.46,-0.03%,"3,452,293"
AXPG,-,-,-,-,-,-,-,-,-,-,-,-,-,13.63,-0.51%,"10,934"
AXR,135.82M,10.64,14.38,-,2.56,0.97,2.69,10.36,-10.97%,-15.64%,-,-7.59%,21.48%,25.60,-1.04%,"5,104"
AXS,7.72B,7.80,7.22,1.01,1.16,1.33,-,45.56,2.77%,9.19%,-,7.16%,5.92%,104.69,-1.26%,"538,175"
AXSM,12.21B,-,43.15,-,17.24,223.56,40.03,-,45.44%,373.96%,-5.89%,-,-,237.33,-0.25%,"1,305,389"
AXTA,7.43B,20.33,12.34,1.78,1.45,3.07,12.17,15.26,4.10%,8.62%,27.59%,6.94%,6.48%,34.73,0.20%,"2,071,555"
AXTI,4.52B,-,88.77,-,47.12,14.15,36.66,-,172.68%,161.07%,-,-,-1.52%,69.06,-1.54%,"9,217,588"
AXTL,-,-,-,-,-,-,-,-,-,-,-,-,-,5.22,-2.70%,"100,356"
AXTU,-,-,-,-,-,-,-,-,-,-,-,-,-,7.33,-2.27%,"467,272"
AXTX,-,-,-,-,-,-,-,-,-,-,-,-,-,13.48,-2.74%,"6,244,535"
AYA,2.62B,30.70,-,-,9.18,5.70,15.24,25.15,-,-,-,-,71.00%,18.28,6.78%,"393,352"
AYI,10.89B,26.35,16.71,1.81,2.38,3.86,39.98,19.52,9.59%,8.98%,14.86%,9.24%,5.49%,359.39,17.64%,"1,692,156"
AYTU,23.30M,-,-,-,0.41,0.66,0.87,14.20,53.10%,92.45%,48.61%,-,19.16%,2.17,-0.91%,"7,343"
AZ,238.45M,-,36.48,-,24.66,3.39,4.16,-,39.58%,125.00%,-2.27%,-,49.22%,5.29,-2.04%,"489,869"
AZI,134.80M,-,-,-,1.86,-,709.45,-,-,-,1.46%,-,16.26%,1.98,73.68%,"65,723,137"
AZN,287.96B,27.90,15.91,1.28,4.76,6.08,37.52,24.64,12.28%,13.50%,22.05%,12.45%,16.31%,185.68,1.45%,"1,826,199"
AZO,49.94B,21.03,17.42,1.63,2.50,-,157.93,30.58,4.50%,16.01%,15.03%,10.69%,8.44%,3059.04,-0.93%,"720,815"
AZTA,1.14B,-,40.12,2.17,1.90,0.73,2.96,37.78,-12.02%,36.82%,-,18.45%,8.85%,24.63,3.23%,"648,247"
AZTD,-,-,-,-,-,-,-,-,-,-,-,-,-,32.60,0.95%,"2,832"
AZTR,2.68M,-,-,-,-,0.26,0.27,-,88.44%,59.62%,67.17%,64.00%,-,0.17,-21.10%,"5,169,092"
AZUL,1.68B,-,4.60,-,0.42,-,4.19,-,1563.86%,-43.81%,-,-,28.31%,9.10,1.11%,"47,046"
AZYY,-,-,-,-,-,-,-,-,-,-,-,-,-,15.08,-1.72%,"4,548"
AZZ,4.81B,15.26,-,-,2.91,3.58,6868.23,10.81,10.47%,-,47.17%,8.93%,14.49%,160.17,4.73%,"250,190"
B,61.57B,10.12,8.39,0.33,3.24,2.25,8.63,11.40,60.44%,12.80%,17.48%,25.23%,6.13%,36.75,0.80%,"8,883,433"
BA,171.94B,112.14,53.02,0.61,1.87,28.73,8.23,-,-112.25%,2922.35%,-,87.41%,8.99%,218.12,-0.97%,"4,682,712"
BAB,-,-,-,-,-,-,-,-,-,-,-,-,-,26.91,-0.15%,"122,646"
BABA,228.09B,15.35,10.63,0.25,1.58,1.44,4.39,-,59.97%,41.66%,-4.77%,41.82%,6.38%,95.07,-4.74%,"20,043,565"
BABO,-,-,-,-,-,-,-,-,-,-,-,-,-,7.24,-5.54%,"51,012"
BABU,-,-,-,-,-,-,-,-,-,-,-,-,-,7.39,-9.33%,"129,830"
BABW,-,-,-,-,-,-,-,-,-,-,-,-,-,18.75,-5.68%,"2,283"
BABX,-,-,-,-,-,-,-,-,-,-,-,-,-,13.60,-9.39%,"1,294,275"
BAC,412.95B,14.44,11.45,0.75,2.12,1.51,-,6.40,17.38%,13.65%,15.28%,15.22%,15.40%,58.19,0.80%,"33,635,808"
BACC,290.81M,78.43,-,-,-,1.46,807.80,-,-,-,-,-,-,10.40,0.19%,"10,039"
BAER,95.68M,-,-,-,0.83,-,10.63,-,-23.81%,85.58%,-302.51%,-,-,1.66,-3.49%,"349,061"
BAFE,-,-,-,-,-,-,-,-,-,-,-,-,-,28.42,-0.37%,"38,012"
BAFN,18.94M,-,-,-,0.19,0.29,-,0.09,-,-,-,-,-5.73%,4.61,1.32%,"7,208"
BAGY,-,-,-,-,-,-,-,-,-,-,-,-,-,22.31,-0.96%,"5,056"
BAH,7.16B,8.66,8.74,1.66,0.64,6.50,9.84,7.53,-3.67%,8.93%,9.61%,5.26%,7.37%,59.71,-4.74%,"2,370,014"
BAI,-,-,-,-,-,-,-,-,-,-,-,-,-,51.44,3.52%,"5,362,079"
BAIG,-,-,-,-,-,-,-,-,-,-,-,-,-,22.24,-7.51%,"24,884"
BAIV,-,-,-,-,-,-,-,-,-,-,-,-,-,25.44,0.26%,"5,650"
BAK,460.66M,-,-,-,0.04,-,0.40,-,110.91%,-162.10%,-6.36%,-,2.21%,2.67,-8.87%,"4,462,231"
BALI,-,-,-,-,-,-,-,-,-,-,-,-,-,33.23,-0.06%,"297,049"
BALL,16.34B,17.78,13.59,1.12,1.19,2.92,21.87,27.42,12.14%,12.84%,13.53%,12.18%,2.31%,61.37,0.64%,"3,109,094"
BALQ,-,-,-,-,-,-,-,-,-,-,-,-,-,56.21,0.92%,"4,466"
BALT,-,-,-,-,-,-,-,-,-,-,-,-,-,34.24,0.00%,"421,333"
BALY,707.80M,-,-,-,0.25,0.89,1.08,-,45.57%,36.09%,-141.69%,30.90%,48.11%,14.46,0.00%,"34,877"
BAM,71.31B,28.75,20.49,1.24,14.05,9.64,65.07,30.08,11.27%,18.72%,-,16.48%,-,44.66,-0.53%,"2,845,039"
BAMA,-,-,-,-,-,-,-,-,-,-,-,-,-,36.14,0.19%,"12,070"
BAMB,-,-,-,-,-,-,-,-,-,-,-,-,-,26.05,0.10%,"6,498"
BAMD,-,-,-,-,-,-,-,-,-,-,-,-,-,32.70,0.00%,"19,122"
BAMG,-,-,-,-,-,-,-,-,-,-,-,-,-,44.17,1.24%,"16,069"
BAMO,-,-,-,-,-,-,-,-,-,-,-,-,-,34.17,0.03%,"6,322"
BAMU,-,-,-,-,-,-,-,-,-,-,-,-,-,25.23,0.04%,"8,397"
BAMV,-,-,-,-,-,-,-,-,-,-,-,-,-,35.38,0.18%,"42,545"
BAMY,-,-,-,-,-,-,-,-,-,-,-,-,-,27.44,-0.01%,"7,044"
BANC,3.25B,16.21,10.24,0.35,1.78,1.06,-,11.35,43.99%,22.07%,-,29.59%,42.45%,21.05,1.49%,"4,915,813"
BAND,1.68B,-,23.38,0.88,2.12,4.13,33.19,24.18,25.87%,24.33%,25.10%,26.43%,17.05%,52.32,0.08%,"717,315"
BANF,3.81B,15.52,15.15,-,4.01,2.00,-,16.16,3.23%,1.91%,18.85%,-,15.06%,113.30,-0.82%,"208,938"
BANL,10.29M,-,-,-,0.08,2.10,3.34,10.83,-,-,-,-,17.67%,0.37,-4.93%,"71,646"
BANR,2.31B,11.44,10.20,-,2.62,1.17,-,6.87,9.15%,8.19%,11.56%,-,7.38%,67.94,0.49%,"188,061"
BANX,188.58M,7.88,-,-,7.11,0.89,-,-,-,-,-,-,-,19.47,-0.05%,"31,081"
BAOS,4.00M,-,-,-,7.02,1.22,2.46,-,-,-,-,-,-45.57%,2.61,-6.45%,"27,839"
BAP,30.26B,14.62,11.27,0.79,3.40,2.64,-,20.82,17.85%,12.93%,81.27%,14.29%,8.79%,380.41,1.04%,"435,382"
BAPR,-,-,-,-,-,-,-,-,-,-,-,-,-,52.75,-0.03%,"23,110"
BAR,-,-,-,-,-,-,-,-,-,-,-,-,-,39.62,0.92%,"141,761"
BARK,80.19M,-,-,-,0.20,1.10,3.19,-,22.69%,55.72%,25.39%,-,0.84%,9.12,-4.60%,"73,003"
BASG,-,-,-,-,-,-,-,-,-,-,-,-,-,25.71,-0.98%,"19,144"
BASV,-,-,-,-,-,-,-,-,-,-,-,-,-,30.84,0.60%,"7,633"
BATL,27.74M,-,-,-,0.18,-,0.51,-,-,-,30.87%,-,2.36%,1.26,8.62%,"6,274,097"
BATRA,3.28B,-,-,-,4.33,6.87,19.41,-,78.89%,48.17%,-15.30%,31.53%,6.77%,55.62,-0.96%,"65,525"
BATRK,3.25B,-,20312.00,491.34,4.30,6.28,19.27,-,91.22%,107.69%,-15.30%,41.34%,6.77%,50.78,-1.70%,"565,152"
BATT,-,-,-,-,-,-,-,-,-,-,-,-,-,15.37,-0.45%,"30,129"
BAUG,-,-,-,-,-,-,-,-,-,-,-,-,-,53.11,0.02%,"3,457"
BAVA,-,-,-,-,-,-,-,-,-,-,-,-,-,16.42,-0.56%,"1,946"
BAX,11.13B,-,10.84,-,0.98,1.84,5.52,15.39,-13.12%,3.57%,-,-0.91%,-0.75%,21.55,2.42%,"6,649,765"
BAY,-,-,-,-,-,-,-,-,-,-,-,-,-,28.07,-0.18%,101
BAYA,33.08M,-,-,-,-,5.63,661.65,-,-,-,-,-,-,12.08,-0.08%,6
BB,6.06B,120.09,-,-,11.04,8.14,16.84,129.13,15.62%,-,-,19.06%,-9.27%,10.34,19.95%,"71,675,036"
BBAG,-,-,-,-,-,-,-,-,-,-,-,-,-,46.04,0.00%,"27,211"
BBAI,1.63B,-,-,-,12.82,2.06,4.60,-,69.51%,44.00%,-427.80%,-,-,3.41,-3.12%,"31,841,385"
BBAR,3.89B,23.26,9.80,0.17,0.81,1.38,-,2.03,51.12%,66.39%,3.33%,59.14%,18.61%,19.06,0.58%,"621,484"
BBAX,-,-,-,-,-,-,-,-,-,-,-,-,-,59.67,0.12%,"236,488"
BBB,-,-,-,-,-,-,-,-,-,-,-,-,-,28.50,-0.23%,"2,356"
BBBI,-,-,-,-,-,-,-,-,-,-,-,-,-,51.53,0.11%,"21,522"
BBBL,-,-,-,-,-,-,-,-,-,-,-,-,-,48.31,0.02%,114
BBBS,-,-,-,-,-,-,-,-,-,-,-,-,-,51.04,0.08%,"12,497"
BBBY,470.06M,-,-,-,0.44,2.17,2.89,-,29.61%,65.99%,-,-,-15.97%,6.31,-5.82%,"2,438,079"
BBC,-,-,-,-,-,-,-,-,-,-,-,-,-,49.64,0.98%,"28,064"
BBCA,-,-,-,-,-,-,-,-,-,-,-,-,-,99.47,0.65%,"250,758"
BBCB,-,-,-,-,-,-,-,-,-,-,-,-,-,45.45,0.09%,"2,563"
BBCP,580.53M,80.90,44.31,-,1.42,2.21,15.00,35.97,88.89%,52.94%,-,-,5.24%,11.52,3.23%,"328,368"
BBCQ,395.60M,-,-,-,-,1.44,297.44,-,-,-,-,-,-,10.32,-0.29%,"58,044"
BBD,17.68B,8.30,5.52,0.45,0.25,1.03,-,0.32,14.84%,14.05%,5.94%,12.21%,9.98%,3.35,-0.59%,"51,628,723"
BBDC,852.32M,9.57,8.42,-,3.56,0.74,8.91,10.38,-12.21%,-1.71%,41.92%,-7.32%,50.04%,8.14,0.62%,"707,072"
BBEM,-,-,-,-,-,-,-,-,-,-,-,-,-,78.25,0.95%,"1,407"
BBEU,-,-,-,-,-,-,-,-,-,-,-,-,-,77.00,1.13%,"220,204"
BBGI,47.98M,-,-,-,0.24,-,7.46,-,-,-,-54.24%,-,-0.02%,23.86,-0.31%,"26,898"
BBH,-,-,-,-,-,-,-,-,-,-,-,-,-,196.51,0.79%,"8,383"
BBHL,-,-,-,-,-,-,-,-,-,-,-,-,-,16.85,0.06%,"120,175"
BBHM,-,-,-,-,-,-,-,-,-,-,-,-,-,11.92,1.53%,"289,020"
BBHY,-,-,-,-,-,-,-,-,-,-,-,-,-,46.03,0.10%,"31,545"
BBIB,-,-,-,-,-,-,-,-,-,-,-,-,-,97.94,0.08%,"1,973"
BBIN,-,-,-,-,-,-,-,-,-,-,-,-,-,77.65,0.98%,"224,898"
BBIO,13.65B,-,129.01,-,23.54,-,14.51,-,42.66%,124.92%,0.09%,-,127.44%,69.69,0.48%,"2,775,944"
BBJP,-,-,-,-,-,-,-,-,-,-,-,-,-,75.38,0.80%,"1,606,665"
BBLB,-,-,-,-,-,-,-,-,-,-,-,-,-,82.54,-0.09%,726
BBLG,2.40M,-,-,-,-,0.52,0.53,-,42.64%,17.11%,68.85%,-,-,1.34,-0.74%,"32,685"
BBLU,-,-,-,-,-,-,-,-,-,-,-,-,-,16.19,-0.43%,"79,574"
BBMC,-,-,-,-,-,-,-,-,-,-,-,-,-,125.61,0.63%,"2,188"
BBN,993.01M,12.65,-,-,-,-,-,-,-,-,-,-,-,16.07,0.12%,"99,880"
BBNX,708.97M,-,-,-,6.43,2.61,3.55,-,-20.28%,1.84%,-,5.21%,-,15.91,8.01%,"1,092,973"
BBOT,616.03M,-,-,-,-,1.65,2.44,-,46.23%,4.80%,-572.84%,19.33%,-,7.69,3.36%,"471,075"
BBP,-,-,-,-,-,-,-,-,-,-,-,-,-,93.34,-0.39%,"6,996"
BBRE,-,-,-,-,-,-,-,-,-,-,-,-,-,107.82,0.53%,"27,288"
BBSB,-,-,-,-,-,-,-,-,-,-,-,-,-,98.30,0.04%,571
BBSC,-,-,-,-,-,-,-,-,-,-,-,-,-,89.97,0.90%,"1,287"
BBSI,835.27M,22.13,15.30,-,0.67,4.06,3.89,44.71,-26.32%,45.08%,13.66%,-,7.08%,34.01,-0.56%,"150,552"
BBT,2.59B,24.22,9.00,-,2.46,1.03,-,14.75,91.50%,10.41%,-,-,13.11%,30.83,0.75%,"826,382"
BBUC,6.63B,-,5.15,-,0.57,1.21,1.20,92.88,-0.60%,7.35%,-40.91%,-,-5.69%,32.01,-1.51%,"339,572"
BBUS,-,-,-,-,-,-,-,-,-,-,-,-,-,132.09,-0.02%,"206,350"
BBVA,136.68B,11.21,9.32,0.83,1.69,2.11,-,1.03,12.54%,11.44%,66.09%,11.25%,18.72%,24.53,1.53%,"1,206,302"
BBW,401.20M,7.49,7.39,0.95,0.76,2.54,15.28,13.85,1.50%,6.91%,-,7.81%,15.72%,32.00,-1.78%,"243,131"
BBWI,4.40B,6.11,7.67,-,0.61,-,5.36,4.84,-17.50%,7.35%,-8.66%,-0.65%,-1.55%,21.82,0.05%,"5,847,221"
BBY,16.21B,14.23,10.93,1.75,0.39,5.25,7.40,10.10,1.77%,7.47%,-5.91%,6.24%,-2.48%,76.89,-0.95%,"3,359,783"
BBYY,-,-,-,-,-,-,-,-,-,-,-,-,-,9.64,-1.28%,"3,294"
BC,5.72B,-,15.97,0.59,1.04,3.57,19.76,16.80,31.76%,27.86%,-,27.08%,4.29%,87.96,3.67%,"597,373"
BCAB,5.89M,-,-,-,2.95,-,3.01,-,-,-,0.99%,-,36.06%,3.55,-6.33%,"80,069"
BCACU,-,-,-,-,-,-,-,-,-,-,-,-,-,-,-,0
BCAL,663.56M,11.26,11.11,-,2.85,1.15,-,11.37,-12.93%,10.74%,31.66%,-,34.22%,20.63,0.05%,"172,695"
BCAR,421.84M,66.20,-,-,-,1.49,1757.65,-,-,-,-,-,-,10.40,-1.23%,"812,167"
BCAT,1.66B,7.43,-,-,-,-,-,-,-,-,-,-,-,15.76,0.64%,"466,674"
BCAX,1.73B,-,-,-,-,3.36,3.21,-,-38.35%,-6.17%,-,-11.94%,-,26.34,2.73%,"1,216,622"
BCBP,178.32M,-,8.33,-,1.10,0.58,-,5.14,230.95%,12.12%,-,-,6.51%,10.27,-4.11%,"347,887"
BCC,2.81B,27.02,15.00,0.51,0.44,1.40,8.29,76.33,2.67%,46.67%,-4.47%,29.55%,3.19%,79.76,2.70%,"305,867"
BCCC,-,-,-,-,-,-,-,-,-,-,-,-,-,11.33,-0.68%,"52,670"
BCD,-,-,-,-,-,-,-,-,-,-,-,-,-,34.31,1.60%,"41,996"
BCDA,16.23M,-,-,-,-,-,17.08,-,44.72%,22.79%,43.92%,30.66%,-,1.09,2.83%,"4,902,120"
BCDF,-,-,-,-,-,-,-,-,-,-,-,-,-,29.04,-2.35%,"5,552"
BCE,21.63B,4.74,11.85,6.44,1.21,1.50,21.94,10.82,-7.78%,3.80%,20.83%,1.84%,0.52%,23.20,0.00%,"3,275,146"
BCEM,-,-,-,-,-,-,-,-,-,-,-,-,-,27.39,0.90%,"4,331"
BCFN,-,-,-,-,-,-,-,-,-,-,-,-,-,20.90,-1.25%,"1,404"
BCG,26.22M,13.24,-,-,0.14,8.55,2.49,5.74,-,-,-,-,-,1.56,1.96%,"22,687"
BCGD,-,-,-,-,-,-,-,-,-,-,-,-,-,25.66,-0.08%,"1,255"
BCGS,-,-,-,-,-,-,-,-,-,-,-,-,-,27.46,0.00%,0
BCH,19.61B,16.14,12.89,1.61,4.26,3.35,-,36.79,6.06%,9.75%,16.47%,8.02%,7.41%,38.82,2.16%,"389,775"
BCHI,-,-,-,-,-,-,-,-,-,-,-,-,-,39.53,0.29%,92
BCHP,-,-,-,-,-,-,-,-,-,-,-,-,-,35.25,-1.22%,"25,024"
BCHT,53.40M,-,40.60,-,2.86,4.78,3.62,-,-12.50%,127.78%,15.98%,-,16.66%,2.03,3.57%,"63,128"
BCI,-,-,-,-,-,-,-,-,-,-,-,-,-,22.44,1.68%,"1,104,056"
BCIC,88.50M,-,4.54,-,2.04,0.46,1.01,14.51,-24.56%,-8.03%,-30.34%,-17.17%,-4.64%,7.15,2.14%,"37,970"
BCIL,-,-,-,-,-,-,-,-,-,-,-,-,-,30.36,1.27%,"3,992"
BCKT,-,-,-,-,-,-,-,-,-,-,-,-,-,41.85,0.04%,484
BCLO,-,-,-,-,-,-,-,-,-,-,-,-,-,49.81,0.06%,"2,899"
BCML,347.02M,13.17,11.31,-,2.42,1.01,-,12.73,25.23%,3.05%,13.67%,-,8.08%,31.81,-2.48%,"59,939"
BCO,3.92B,22.22,8.99,0.55,0.73,14.97,1.87,7.20,14.78%,14.61%,71.69%,16.20%,7.35%,95.18,-1.10%,"393,865"
BCOR,-,-,-,-,-,-,-,-,-,-,-,-,-,21.48,-3.25%,384
BCPC,5.44B,34.76,30.71,-,5.14,4.23,74.62,30.90,10.25%,5.22%,12.78%,-,8.07%,169.23,-0.03%,"186,984"
BCPL,-,-,-,-,-,-,-,-,-,-,-,-,-,24.97,0.12%,"32,439"
BCRX,2.52B,-,31.60,-,2.84,-,10.52,8.59,-321.28%,111.70%,-,-29.26%,117.89%,9.90,-1.00%,"19,037,176"
BCS,92.19B,11.19,7.91,0.39,2.32,1.11,-,-,22.16%,22.13%,38.51%,20.41%,15.25%,27.30,2.63%,"4,447,938"
BCSF,781.01M,10.61,8.12,-,3.10,0.71,22.84,7.58,-10.37%,-11.97%,60.94%,-9.58%,7.44%,12.04,0.50%,"303,478"
BCSM,-,-,-,-,-,-,-,-,-,-,-,-,-,23.93,0.19%,"9,276"
BCSS,600.35M,72.39,-,-,-,1.32,938.05,-,-,-,-,-,-,10.28,0.00%,327
BCTK,-,-,-,-,-,-,-,-,-,-,-,-,-,30.61,0.88%,"15,147"
BCTX,25.84M,-,-,-,-,0.90,1.13,-,93.92%,-,39.57%,-,-,2.97,-1.98%,"134,128"
BCUS,-,-,-,-,-,-,-,-,-,-,-,-,-,37.19,0.96%,"9,265"
BCV,144.63M,3.84,-,-,36.35,1.05,-,-,-,-,-,-,-,25.70,0.27%,"11,626"
BCX,833.28M,3.90,-,-,-,-,-,-,-,-,-,-,-,10.93,1.02%,"319,821"
BCYC,201.58M,-,-,-,3.18,0.50,0.36,-,28.57%,-3.42%,-3.36%,11.75%,47.36%,4.01,1.26%,"504,336"
BD,-,-,-,-,-,-,-,-,-,-,-,-,-,25.10,0.00%,0
BDBT,-,-,-,-,-,-,-,-,-,-,-,-,-,25.32,0.06%,"25,573"
BDC,4.72B,20.44,13.67,1.75,1.70,3.68,17.36,26.19,6.21%,10.82%,-,7.80%,7.83%,121.32,2.39%,"551,174"
BDCI,349.55M,-,-,-,-,-,241.07,-,-,-,-,-,-,10.06,0.00%,"1,004"
BDCX,-,-,-,-,-,-,-,-,-,-,-,-,-,19.25,0.44%,"3,549"
BDCZ,-,-,-,-,-,-,-,-,-,-,-,-,-,14.55,0.28%,841
BDEC,-,-,-,-,-,-,-,-,-,-,-,-,-,52.56,-0.01%,"13,511"
BDGS,-,-,-,-,-,-,-,-,-,-,-,-,-,35.86,-0.53%,"5,373"
BDIV,-,-,-,-,-,-,-,-,-,-,-,-,-,24.28,0.15%,"3,314"
BDJ,1.67B,6.00,-,-,37.69,0.97,-,-,-,-,-,-,-,9.42,1.07%,"793,945"
BDL,82.71M,13.86,-,-,0.39,1.20,3.62,15.29,-,-,35.30%,-,12.68%,44.50,1.14%,"9,611"
BDMD,40.57M,-,-,-,1.80,0.97,71.18,-,-,-,-152.36%,-,-,0.99,1.02%,"89,654"
BDN,548.82M,-,-,-,1.12,0.75,8.28,8.55,25.12%,22.21%,-,15.00%,-1.96%,3.15,0.96%,"1,616,956"
BDRX,1.12M,-,-,-,-,1.25,0.10,-,0.00%,0.00%,89.65%,-,-,2.50,-4.21%,"8,418"
BDRY,-,-,-,-,-,-,-,-,-,-,-,-,-,11.40,-2.56%,"71,747"
BDSX,207.53M,-,-,-,2.16,22.18,8.08,-,36.70%,40.27%,27.68%,39.19%,14.20%,20.04,7.34%,"244,988"
BDTX,97.41M,-,-,-,-,0.93,0.82,-,-265.97%,-55.26%,-,-,-,1.70,-8.60%,"1,918,734"
BDVG,-,-,-,-,-,-,-,-,-,-,-,-,-,14.43,0.14%,"6,511"
BDVL,-,-,-,-,-,-,-,-,-,-,-,-,-,25.76,0.14%,"154,066"
BDX,41.71B,38.39,11.30,1.40,1.95,1.73,40.97,13.59,11.16%,6.50%,16.45%,8.09%,6.32%,151.38,2.44%,"2,440,432"
BDYN,-,-,-,-,-,-,-,-,-,-,-,-,-,27.17,0.24%,"222,575"
BE,87.94B,-,71.15,0.63,35.91,95.36,35.28,384.46,182.50%,102.39%,20.18%,113.58%,20.57%,309.18,-5.21%,"13,074,622"
BEAG,334.79M,35.30,-,-,-,1.27,643.82,-,-,-,-,-,-,10.69,0.47%,"1,106"
BEAM,3.49B,-,-,-,21.28,2.99,2.88,-,-445.79%,-4.55%,28.04%,-,466.27%,33.93,0.09%,"2,156,482"
BEAT,35.53M,-,-,-,-,41.45,17.42,-,41.53%,23.45%,-36.66%,42.70%,-,0.64,-7.67%,"908,682"
BEBE,199.40M,-,-,-,-,1.19,269.46,-,-,-,-,-,-,9.95,0.00%,0
BEDY,-,-,-,-,-,-,-,-,-,-,-,-,-,29.28,1.27%,"23,834"
BEDZ,-,-,-,-,-,-,-,-,-,-,-,-,-,37.13,-0.27%,805
BEEM,26.64M,-,-,-,1.06,1.18,13.52,-,51.14%,16.10%,-13.71%,27.64%,35.37%,1.20,-4.00%,"429,148"
BEEP,63.25M,-,-,-,1.82,0.46,4.46,-,23.64%,52.38%,-105.19%,-,-,1.53,-11.27%,"79,046"
BEEX,-,-,-,-,-,-,-,-,-,-,-,-,-,26.34,-0.11%,93
BEEZ,-,-,-,-,-,-,-,-,-,-,-,-,-,33.34,1.22%,116
BEG,-,-,-,-,-,-,-,-,-,-,-,-,-,93.62,-9.78%,"87,692"
BEGS,-,-,-,-,-,-,-,-,-,-,-,-,-,12.22,-0.32%,"6,319"
BEKE,15.22B,34.41,12.38,3.98,1.20,1.73,1.95,-,-13.06%,16.09%,-7.87%,3.11%,5.20%,14.30,-3.38%,"3,182,889"
BELFA,4.28B,65.34,27.23,1.35,6.09,7.69,71.92,57.97,21.41%,14.13%,34.22%,20.13%,7.72%,267.86,4.15%,"264,839"
BELFB,4.33B,75.69,31.54,1.57,6.17,8.91,72.85,58.72,21.41%,14.13%,34.22%,20.13%,7.72%,310.32,5.50%,"214,724"
BELT,-,-,-,-,-,-,-,-,-,-,-,-,-,38.89,-0.12%,"2,331"
BEMB,-,-,-,-,-,-,-,-,-,-,-,-,-,53.50,0.02%,48
BEN,16.97B,24.94,11.08,0.86,1.89,1.40,4.75,18.40,23.49%,7.45%,-10.54%,12.89%,9.49%,32.65,0.55%,"2,936,920"
BENF,50.32M,-,-,-,64.51,-,5.24,-,-7845.83%,90.83%,-,-,-,3.54,1.14%,"11,410"
BENJ,-,-,-,-,-,-,-,-,-,-,-,-,-,52.78,0.06%,"16,268"
BEP,10.78B,-,-,-,1.66,2.89,3.51,-,-443.13%,18.80%,19.10%,-,11.72%,35.23,-0.25%,"791,854"
BEPC,6.86B,-,-,-,1.34,-,7.10,-,24.49%,-94.47%,-12.42%,-10.39%,4.70%,37.62,-0.08%,"1,706,725"
BERZ,-,-,-,-,-,-,-,-,-,-,-,-,-,25.60,-1.69%,"159,002"
BESF,-,-,-,-,-,-,-,-,-,-,-,-,-,38.57,1.39%,"1,648"
BESO,-,-,-,-,-,-,-,-,-,-,-,-,-,22.21,-0.92%,72
BESS,28.18M,-,3.15,-,-,0.93,3.16,-,94.29%,2089.48%,11.61%,-,-,3.97,-11.78%,"277,111"
BETA,3.69B,-,-,-,-,2.13,2.32,-,83.55%,-1.19%,-,47.80%,-,16.01,2.10%,"1,723,461"
BETE,-,-,-,-,-,-,-,-,-,-,-,-,-,26.72,-1.16%,774
BETH,-,-,-,-,-,-,-,-,-,-,-,-,-,32.47,-0.96%,"2,473"
BETR,482.69M,-,104.66,-,2.33,56.44,6.55,-,40.29%,103.90%,-257.48%,-,-,25.58,-2.33%,"196,657"
BETZ,-,-,-,-,-,-,-,-,-,-,-,-,-,18.41,-0.84%,"71,486"
BEX,-,-,-,-,-,-,-,-,-,-,-,-,-,66.42,-10.83%,"1,177,530"
BEZ,-,-,-,-,-,-,-,-,-,-,-,-,-,12.45,10.37%,"1,021,957"
BF-A,12.83B,18.42,16.43,3.74,3.25,3.21,39.25,14.37,11.30%,0.59%,-4.00%,4.39%,2.71%,28.14,0.25%,"152,690"
BF-B,12.75B,18.12,16.16,3.44,3.23,3.16,38.98,14.27,11.27%,0.63%,-4.00%,4.70%,2.71%,27.68,-0.43%,"3,223,049"
BFAM,3.52B,20.12,11.65,0.92,1.18,3.09,23.69,12.79,10.24%,14.48%,49.81%,12.72%,14.13%,66.91,-1.49%,"1,113,841"
BFAP,-,-,-,-,-,-,-,-,-,-,-,-,-,13.86,-0.19%,"1,848"
BFC,1.63B,20.22,13.10,-,6.19,1.98,-,-,30.59%,14.19%,7.45%,-,15.47%,144.90,-1.05%,"86,330"
BFEB,-,-,-,-,-,-,-,-,-,-,-,-,-,52.05,-0.00%,"3,907"
BFEW,-,-,-,-,-,-,-,-,-,-,-,-,-,21.21,0.33%,12
BFH,4.24B,8.60,8.20,1.29,0.90,1.30,-,1.96,-7.48%,13.71%,19.49%,6.35%,4.34%,104.96,0.05%,"700,041"
BFIX,-,-,-,-,-,-,-,-,-,-,-,-,-,25.07,-0.10%,257
BFJA,-,-,-,-,-,-,-,-,-,-,-,-,-,17.55,0.00%,0
BFJL,-,-,-,-,-,-,-,-,-,-,-,-,-,16.72,-0.09%,2
BFLB,-,-,-,-,-,-,-,-,-,-,-,-,-,53.85,-0.08%,"9,627"
BFLX,-,-,-,-,-,-,-,-,-,-,-,-,-,25.39,0.07%,"80,256"
BFLY,2.10B,-,-,-,20.36,10.96,15.19,-,-4.17%,26.00%,58.99%,-,16.11%,8.02,3.22%,"6,657,157"
BFOC,-,-,-,-,-,-,-,-,-,-,-,-,-,16.87,0.10%,"7,000"
BFOR,-,-,-,-,-,-,-,-,-,-,-,-,-,94.11,0.81%,"3,549"
BFRG,11.33M,-,-,-,94.40,2.31,2.23,-,-,-,-59.71%,-,-,0.61,-5.12%,"166,571"
BFRI,12.12M,-,4.98,-,0.28,1.85,1.91,-,77.88%,182.61%,44.08%,-,17.21%,0.95,-5.33%,"234,067"
BFRZ,-,-,-,-,-,-,-,-,-,-,-,-,-,26.67,-0.19%,"450,349"
BFS,907.82M,35.08,46.25,-,3.05,7.79,97.30,9.20,-47.71%,40.35%,-2.77%,-1.55%,4.81%,37.00,-0.19%,"82,057"
BFST,983.28M,10.70,9.24,-,1.88,0.97,-,10.78,6.22%,8.32%,11.16%,-,24.79%,30.09,-0.20%,"245,388"
BFXU,-,-,-,-,-,-,-,-,-,-,-,-,-,22.68,-0.44%,2
BG,21.64B,25.96,9.99,0.57,0.27,1.35,12.66,-,23.89%,19.09%,-8.06%,17.63%,11.17%,111.55,2.35%,"1,669,117"
BGB,503.53M,16.82,-,-,-,-,-,-,-,-,-,-,-,11.27,-0.13%,"245,133"
BGC,5.80B,32.97,7.50,-,1.80,5.27,7.22,21.99,20.34%,13.73%,21.14%,-,7.43%,12.11,-4.27%,"3,096,827"
BGCG,-,-,-,-,-,-,-,-,-,-,-,-,-,25.16,-0.47%,"8,449"
BGDE,49.52M,-,-,-,1.61,7.47,20.30,-,-,-,25.07%,-,54.96%,8.97,-7.43%,"188,488"
BGDV,-,-,-,-,-,-,-,-,-,-,-,-,-,30.78,0.25%,"1,583"
BGEG,-,-,-,-,-,-,-,-,-,-,-,-,-,24.04,0.59%,"2,610"
BGGG,-,-,-,-,-,-,-,-,-,-,-,-,-,33.00,-1.29%,"79,799"
BGH,282.36M,14.06,-,-,-,-,-,-,-,-,-,-,-,14.06,1.30%,"103,538"
BGI,11.46M,-,-,-,0.08,-,7.35,-,-,-,2.28%,-,0.08%,0.59,6.23%,"59,616"
BGIA,-,-,-,-,-,-,-,-,-,-,-,-,-,24.55,0.31%,120
BGIG,-,-,-,-,-,-,-,-,-,-,-,-,-,35.56,0.42%,"68,055"
BGIN,203.65M,-,-,-,3.02,3.74,7.75,-,-,-,-,-,33.03%,1.80,-5.26%,"3,219"
BGL,11.36M,-,-,-,-,-,-,-,-,-,-,-,-,0.30,5.32%,"2,607,748"
BGLC,4.93M,-,-,-,0.93,0.61,1.24,-,-,-,-,-,-8.20%,2.04,-2.63%,"7,869"
BGLD,-,-,-,-,-,-,-,-,-,-,-,-,-,16.28,0.52%,"6,286"
BGM,58.32M,-,-,-,2.17,0.17,4.01,-,-,-,-,-,-11.45%,0.32,-7.09%,"23,686"
BGMS,3.32M,-,-,-,2.18,0.49,0.99,-,-,-,77.93%,-,-,0.60,-5.46%,"71,191"
BGR,377.01M,9.37,-,-,27.94,1.04,-,-,-,-,-,-,-,14.81,1.44%,"141,165"
BGRN,-,-,-,-,-,-,-,-,-,-,-,-,-,47.53,-0.00%,"24,318"
BGRO,-,-,-,-,-,-,-,-,-,-,-,-,-,41.16,-0.16%,649
BGS,324.66M,-,6.13,0.37,0.18,0.80,5.03,6.89,18.43%,8.05%,-,16.67%,-1.46%,4.00,0.76%,"1,231,826"
BGSF,59.91M,-,-,-,0.64,1.34,3.17,-,-,-,-,-,-14.74%,5.59,-2.61%,"2,813"
BGSI,2.65B,144.43,17.43,0.48,0.79,1.54,48.69,8.26,41.01%,39.48%,-17.14%,36.22%,15.02%,95.31,0.27%,"29,034"
BGT,316.14M,14.93,-,-,10.12,0.90,-,-,-,-,-,-,-,10.60,0.09%,"127,534"
BGX,137.76M,15.49,-,-,-,-,-,-,-,-,-,-,-,10.84,0.28%,"28,084"
BGY,511.97M,6.28,-,-,33.07,0.90,-,-,-,-,-,-,-,5.65,0.36%,"268,850"
BH,1.18B,-,-,-,2.98,2.27,3.77,14.52,-,-,0.27%,-,-1.84%,375.94,4.57%,"53,882"
BHAV,139.63M,-,-,-,-,1.38,135.56,-,-,-,-,-,-,9.95,0.40%,137
BHB,628.66M,15.34,9.83,-,2.48,1.17,-,14.75,11.04%,5.52%,1.23%,-,7.61%,37.55,-0.64%,"89,796"
BHC,1.97B,-,1.26,-,0.19,-,1.50,1.99,13.63%,-3.99%,-,-10.56%,5.04%,5.28,5.81%,"3,330,525"
BHDG,-,-,-,-,-,-,-,-,-,-,-,-,-,25.75,0.49%,473
BHE,3.49B,102.85,30.95,-,1.29,3.18,10.72,38.21,15.10%,13.67%,12.39%,-,5.31%,97.19,5.78%,"444,961"
BHF,3.60B,-,3.17,-,0.61,0.65,-,-,-31.41%,3.46%,-,-12.81%,-4.47%,62.72,-0.59%,"336,751"
BHK,655.07M,12.77,-,-,11.48,0.91,-,-,-,-,-,-,-,9.07,0.78%,"211,686"
BHM,103.27M,-,-,-,1.43,0.29,0.54,104.31,-,-,8.12%,-,56.30%,9.00,-4.26%,"17,070"
BHP,206.17B,20.13,15.66,2.37,3.81,4.09,14.92,20.00,28.23%,0.92%,2.45%,6.61%,3.59%,81.16,0.55%,"2,101,020"
BHR,131.86M,-,-,-,0.19,0.90,0.89,-,-,-,20.56%,-,25.85%,1.92,-4.95%,"813,294"
BHRB,1.40B,9.03,7.91,1.09,2.87,1.23,-,16.52,5.28%,8.43%,16.79%,7.24%,32.56%,69.68,2.70%,"382,792"
BHST,62.33M,-,-,-,1.77,2.71,3.25,-,34.17%,58.86%,2.26%,-,144.37%,2.75,-5.50%,"36,352"
BHV,19.41M,-,-,-,13.93,1.06,-,-,-,-,-,-,-,12.22,-1.53%,351
BHVN,2.31B,-,-,-,-,17.83,6.61,-,56.32%,18.46%,-30.08%,31.53%,-,15.34,2.54%,"6,056,105"
BHYB,-,-,-,-,-,-,-,-,-,-,-,-,-,54.25,0.07%,181
BHYP,-,-,-,-,-,-,-,-,-,-,-,-,-,35.68,4.45%,"244,295"
BIAF,5.28M,-,-,-,0.93,1.03,1.70,-,-,-,21.77%,-,-,0.84,-1.20%,"272,923"
BIB,-,-,-,-,-,-,-,-,-,-,-,-,-,94.16,2.01%,"21,259"
BIBL,-,-,-,-,-,-,-,-,-,-,-,-,-,57.43,2.32%,"70,593"
BIDD,-,-,-,-,-,-,-,-,-,-,-,-,-,29.86,0.78%,"13,295"
BIDG,-,-,-,-,-,-,-,-,-,-,-,-,-,9.40,-7.34%,"26,659"
BIDU,28.93B,-,11.94,1.15,1.60,0.91,1.70,-,-0.85%,11.71%,-29.62%,10.35%,2.97%,103.99,-3.55%,"2,079,797"
BIDWU,144.05M,-,-,-,-,-,-,-,-,-,-,-,-,9.96,-0.40%,"271,221"
BIGY,-,-,-,-,-,-,-,-,-,-,-,-,-,51.29,-0.45%,"12,240"
BIIB,29.82B,21.67,12.37,1.98,3.11,1.60,6.96,12.31,-4.98%,12.42%,-18.74%,6.24%,-5.06%,201.96,1.19%,"1,282,316"
BIII,228.96M,-,-,-,-,1.37,313.64,-,-,-,-,-,-,9.97,0.00%,2
BIL,-,-,-,-,-,-,-,-,-,-,-,-,-,91.60,0.01%,"8,393,373"
BILD,-,-,-,-,-,-,-,-,-,-,-,-,-,29.76,0.81%,23
BILI,5.44B,36.87,12.38,0.50,1.25,2.96,1.55,-,20.61%,24.85%,-,25.00%,19.42%,16.14,-2.24%,"2,791,186"
BILL,3.32B,-,9.98,0.42,2.08,0.87,1.46,10.18,19.79%,26.30%,-,23.78%,56.14%,33.38,-0.24%,"1,991,129"
BILS,-,-,-,-,-,-,-,-,-,-,-,-,-,99.35,0.03%,"237,264"
BILT,-,-,-,-,-,-,-,-,-,-,-,-,-,28.34,0.76%,"1,079"
BILZ,-,-,-,-,-,-,-,-,-,-,-,-,-,100.87,0.00%,"172,202"
BINC,-,-,-,-,-,-,-,-,-,-,-,-,-,52.39,0.11%,"1,211,165"
BINT,-,-,-,-,-,-,-,-,-,-,-,-,-,32.39,0.80%,"26,631"
BINV,-,-,-,-,-,-,-,-,-,-,-,-,-,42.44,0.32%,"22,809"
BIO,8.07B,49.10,29.93,7.56,3.12,1.17,5.15,22.60,-8.86%,10.21%,-26.08%,3.96%,0.29%,298.29,6.51%,"591,004"
BIOA,1.01B,-,-,-,97.43,2.65,2.62,-,-14.14%,26.53%,-,-6.84%,-,22.62,-0.92%,"944,007"
BIOX,20.56M,-,-,-,0.08,0.30,1.38,0.30,-,-,-,-,14.10%,0.33,-5.38%,"390,428"
BIOY,-,-,-,-,-,-,-,-,-,-,-,-,-,23.30,0.19%,"2,528"
BIP,16.81B,49.62,22.11,0.89,0.70,3.61,6.84,-,37.47%,33.00%,33.89%,24.78%,21.06%,36.39,-0.44%,"930,790"
BIPC,5.14B,-,29.51,-,1.42,-,8.44,-,107.78%,907.69%,25.58%,-,20.73%,38.66,-0.54%,"1,020,625"
BIRD,37.73M,-,-,-,0.26,2.30,2.42,-,-,-,-21.50%,-,-7.01%,4.28,-12.11%,"1,523,966"
BIRK,8.19B,20.03,15.78,0.96,3.24,2.46,35.27,27.60,10.37%,21.52%,40.11%,16.37%,19.14%,44.52,-1.26%,"1,384,834"
BIS,-,-,-,-,-,-,-,-,-,-,-,-,-,14.62,-1.70%,"4,231"
BIT,706.44M,11.68,-,-,-,-,-,-,-,-,-,-,-,12.38,0.00%,"348,246"
BITA,-,-,-,-,-,-,-,-,-,-,-,-,-,48.51,-0.84%,"125,578"
BITB,-,-,-,-,-,-,-,-,-,-,-,-,-,32.12,-1.11%,"3,304,208"
BITC,-,-,-,-,-,-,-,-,-,-,-,-,-,36.27,0.15%,"1,861"
BITI,-,-,-,-,-,-,-,-,-,-,-,-,-,28.77,0.95%,"2,752,971"
BITK,-,-,-,-,-,-,-,-,-,-,-,-,-,9.24,-1.00%,"1,631"
BITO,-,-,-,-,-,-,-,-,-,-,-,-,-,8.06,-1.10%,"300,465,179"
BITQ,-,-,-,-,-,-,-,-,-,-,-,-,-,24.69,-3.18%,"179,706"
BITS,-,-,-,-,-,-,-,-,-,-,-,-,-,58.04,-1.72%,"1,843"
BITU,-,-,-,-,-,-,-,-,-,-,-,-,-,8.26,-2.36%,"6,245,483"
BITW,-,-,-,-,-,-,-,-,-,-,-,-,-,37.67,-1.13%,"23,975"
BITX,-,-,-,-,-,-,-,-,-,-,-,-,-,10.55,-2.13%,"11,062,427"
BITY,-,-,-,-,-,-,-,-,-,-,-,-,-,24.64,-0.96%,"3,784"
BIV,-,-,-,-,-,-,-,-,-,-,-,-,-,76.85,0.09%,"1,191,797"
BIVI,13.42M,-,-,-,-,0.86,1.02,-,-,-,55.38%,-,-,1.78,-7.29%,"252,226"
BIXI,300.73M,-,-,-,-,1.39,126.36,-,-,-,-,-,-,9.99,-0.10%,"1,225"
BIYA,2.36M,-,-,-,0.14,0.08,3.42,-,-,-,-,-,-,0.40,3.85%,"916,410"
BIZD,-,-,-,-,-,-,-,-,-,-,-,-,-,12.25,0.33%,"3,072,657"
BJ,11.02B,19.83,17.66,3.05,0.50,5.18,396.02,50.47,2.72%,8.13%,7.63%,5.80%,6.82%,86.31,-1.37%,"1,367,551"
BJAN,-,-,-,-,-,-,-,-,-,-,-,-,-,58.22,-0.03%,"8,595"
BJDX,3.42M,-,-,-,-,0.82,0.93,-,-,-,65.04%,-,-,3.31,10.70%,"215,495"
BJRI,1.18B,28.42,21.59,2.78,0.84,3.18,52.22,14.77,-1.96%,17.75%,-,7.76%,12.44%,56.33,3.13%,"338,404"
BJUL,-,-,-,-,-,-,-,-,-,-,-,-,-,54.12,0.13%,"18,410"
BJUN,-,-,-,-,-,-,-,-,-,-,-,-,-,48.03,-0.13%,"8,962"
BKAG,-,-,-,-,-,-,-,-,-,-,-,-,-,42.09,0.05%,"91,157"
BKCG,-,-,-,-,-,-,-,-,-,-,-,-,-,36.10,-0.81%,"1,132"
BKCH,-,-,-,-,-,-,-,-,-,-,-,-,-,77.32,-2.83%,"81,949"
BKCI,-,-,-,-,-,-,-,-,-,-,-,-,-,53.18,0.43%,"7,705"
BKD,3.68B,-,114.15,-,1.17,-,12.22,393.98,87.20%,194.19%,-,-,-1.38%,15.41,4.90%,"6,555,227"
BKDV,-,-,-,-,-,-,-,-,-,-,-,-,-,33.61,0.90%,"824,171"
BKE,2.19B,9.78,10.13,6.18,1.67,4.78,7.57,9.94,2.79%,-1.21%,9.27%,1.64%,7.57%,42.60,-4.42%,"532,039"
BKEM,-,-,-,-,-,-,-,-,-,-,-,-,-,94.58,0.48%,"4,201"
BKF,-,-,-,-,-,-,-,-,-,-,-,-,-,38.66,-0.54%,"8,509"
BKFI,-,-,-,-,-,-,-,-,-,-,-,-,-,23.98,0.12%,"1,289"
BKGI,-,-,-,-,-,-,-,-,-,-,-,-,-,45.44,1.25%,"206,102"
BKH,5.66B,19.32,16.11,2.47,2.48,1.43,180.16,-,5.82%,6.30%,1.79%,6.53%,6.36%,74.31,-0.34%,"507,707"
BKHA,49.89M,102.93,-,-,-,2.48,277.18,-,-,-,-,-,-,12.01,0.85%,6
BKHY,-,-,-,-,-,-,-,-,-,-,-,-,-,47.53,0.14%,"125,727"
BKIE,-,-,-,-,-,-,-,-,-,-,-,-,-,99.82,0.83%,"99,421"
BKKT,349.32M,-,-,-,0.23,1.41,4.22,-,104.43%,-,-13.59%,-,-,7.83,-5.55%,"1,292,140"
BKLC,-,-,-,-,-,-,-,-,-,-,-,-,-,140.92,0.03%,"96,808"
BKLG,-,-,-,-,-,-,-,-,-,-,-,-,-,24.33,-0.68%,417
BKLN,-,-,-,-,-,-,-,-,-,-,-,-,-,20.31,-0.05%,"7,004,604"
BKMC,-,-,-,-,-,-,-,-,-,-,-,-,-,122.13,0.75%,"6,172"
BKMI,-,-,-,-,-,-,-,-,-,-,-,-,-,26.35,-0.02%,"78,699"
BKMS,-,-,-,-,-,-,-,-,-,-,-,-,-,25.54,-0.06%,"16,437"
BKNG,137.19B,23.28,14.36,0.88,4.96,-,8.48,15.19,14.60%,17.94%,158.57%,16.30%,31.69%,177.05,-2.32%,"10,843,305"
BKR,56.49B,18.16,19.90,2.50,2.03,2.92,3.54,24.65,-8.16%,19.84%,-,7.95%,6.02%,56.94,0.99%,"10,408,385"
BKSE,-,-,-,-,-,-,-,-,-,-,-,-,-,132.53,0.90%,"1,447"
BKSY,903.61M,-,-,-,9.24,11.08,7.69,-,28.96%,58.29%,29.68%,-,38.21%,24.35,-3.41%,"2,062,407"
BKT,345.27M,11.22,-,-,28.27,0.93,-,-,-,-,-,-,-,10.66,1.04%,"82,715"
BKTI,306.28M,22.89,19.38,-,3.47,6.42,10.57,13.36,-17.82%,18.87%,113.67%,-,14.31%,81.80,0.58%,"25,664"
BKU,3.65B,14.03,10.96,1.00,1.94,1.22,-,9.82,16.45%,11.50%,11.36%,11.01%,9.67%,50.25,-0.36%,"1,661,591"
BKUI,-,-,-,-,-,-,-,-,-,-,-,-,-,49.74,0.03%,"40,045"
BKV,2.83B,7.83,12.51,0.57,2.69,1.28,9.29,-,18.46%,24.67%,-,22.05%,49.13%,25.87,0.35%,"721,000"
BL,1.55B,62.46,9.46,0.58,2.17,5.13,2.96,9.43,16.10%,13.31%,-,16.21%,14.77%,26.50,-1.96%,"947,974"
BLBD,2.50B,19.40,14.77,2.10,1.68,8.40,9.07,13.62,9.23%,11.91%,53.90%,7.04%,10.98%,79.10,4.94%,"456,885"
BLCK,-,-,-,-,-,-,-,-,-,-,-,-,-,24.59,-2.28%,20
BLCN,-,-,-,-,-,-,-,-,-,-,-,-,-,25.89,0.79%,"8,258"
BLCO,5.67B,-,14.82,0.38,1.09,0.89,20.33,6595.92,58.04%,33.20%,-,39.39%,8.38%,15.91,2.58%,"338,567"
BLCR,-,-,-,-,-,-,-,-,-,-,-,-,-,49.57,0.53%,"457,072"
BLCV,-,-,-,-,-,-,-,-,-,-,-,-,-,41.14,1.16%,"5,168"
BLD,11.97B,24.00,20.40,3.22,2.13,5.00,44.52,16.99,-8.23%,15.39%,19.77%,6.34%,14.76%,427.14,2.76%,"1,789,391"
BLDG,-,-,-,-,-,-,-,-,-,-,-,-,-,26.75,0.24%,"2,107"
BLDP,1.09B,-,-,-,10.53,1.88,2.09,-,49.83%,13.33%,-7.93%,25.81%,-0.88%,3.61,-2.04%,"4,504,186"
BLDR,9.54B,33.87,14.29,7.07,0.64,2.38,97.04,11.08,-37.95%,45.24%,7.92%,2.02%,12.16%,88.72,3.88%,"3,176,143"
BLDX,-,-,-,-,-,-,-,-,-,-,-,-,-,26.15,0.96%,"1,363"
BLES,-,-,-,-,-,-,-,-,-,-,-,-,-,47.86,0.90%,"3,196"
BLFS,1.34B,-,84.89,-,13.47,3.61,16.59,159.38,157.00%,127.34%,-55.02%,-,14.88%,27.50,7.55%,"1,928,582"
BLGR,-,-,-,-,-,-,-,-,-,-,-,-,-,30.69,-0.45%,"19,405"
BLIN,13.23M,-,-,-,0.85,1.43,9.66,-,-,-,15.50%,-,7.12%,1.05,-4.11%,"113,581"
BLIV,22.63M,-,-,-,39.01,3.58,3.39,-,-,-,23.25%,-,-27.85%,2.24,-7.23%,817
BLK,158.27B,25.07,15.99,1.20,6.02,2.79,16.08,42.09,10.77%,14.14%,2.08%,13.34%,8.04%,971.92,-1.09%,"1,130,603"
BLKB,1.22B,9.00,4.47,-,1.07,35.61,2.70,3.98,16.80%,14.33%,71.80%,-,4.31%,26.58,-3.73%,"612,760"
BLLN,5.16B,242.58,92.41,0.65,14.56,10.21,9.61,-,603.14%,23.39%,-,141.18%,-,112.24,4.18%,"837,839"
BLMN,740.56M,34.46,8.88,-,0.19,1.87,10.39,6.21,-22.18%,10.79%,-,-0.95%,4.53%,8.65,1.17%,"2,477,351"
BLND,392.23M,-,15.88,0.11,3.07,-,6.43,-,460.00%,82.14%,21.70%,141.01%,5.18%,1.62,-4.71%,"2,264,567"
BLNE,39.47M,-,2.57,-,4.33,0.73,19.83,-,99.77%,4800.00%,59.46%,-,-11.12%,1.21,2.54%,"382,226"
BLNK,86.50M,-,-,-,0.84,1.60,2.28,-,65.46%,30.16%,-5.17%,48.30%,75.43%,0.60,1.02%,"1,180,292"
BLOK,-,-,-,-,-,-,-,-,-,-,-,-,-,62.37,-1.95%,"268,525"
BLOX,-,-,-,-,-,-,-,-,-,-,-,-,-,15.77,-2.05%,"388,194"
BLRK,173.62M,-,-,-,-,1.37,347.24,-,-,-,-,-,-,9.97,-0.20%,16
BLRX,13.61M,-,-,-,9.65,0.81,0.78,-,-,31.18%,66.78%,-,-,3.12,-7.57%,"20,253"
BLSG,-,-,-,-,-,-,-,-,-,-,-,-,-,1.51,-13.97%,"47,652"
BLSH,3.29B,-,23.43,0.39,0.02,1.24,9.14,47.86,101.90%,52.39%,-,60.16%,-,21.88,-6.77%,"1,906,786"
BLST,-,-,-,-,-,-,-,-,-,-,-,-,-,25.09,0.04%,"11,781"
BLTD,-,-,-,-,-,-,-,-,-,-,-,-,-,25.47,0.01%,"7,209"
BLTE,6.01B,-,157.01,-,-,7.55,21.73,-,-42.18%,129.06%,-549.64%,-,-,149.83,-0.62%,"270,283"
BLUC,-,-,-,-,-,-,-,-,-,-,-,-,-,30.41,-0.33%,"19,732"
BLUI,-,-,-,-,-,-,-,-,-,-,-,-,-,25.75,0.17%,"6,342"
BLUW,333.10M,46.57,-,-,-,1.32,793.10,-,-,-,-,-,-,10.31,0.00%,"30,568"
BLUX,-,-,-,-,-,-,-,-,-,-,-,-,-,31.81,0.41%,"55,744"
BLV,-,-,-,-,-,-,-,-,-,-,-,-,-,69.50,0.01%,"588,278"
BLW,480.53M,10.07,-,-,7.95,0.88,-,-,-,-,-,-,-,12.29,0.24%,"163,842"
BLX,2.17B,10.30,8.76,1.01,2.60,1.53,-,6.13,6.00%,9.16%,30.66%,8.67%,34.57%,61.94,-1.34%,"258,818"
BLZE,805.20M,-,81.00,2.14,5.37,9.52,17.70,48.74,47.07%,60.93%,-15.82%,37.88%,22.08%,13.42,12.11%,"12,096,014"
BLZR,347.53M,66.21,-,-,-,1.29,347.53,-,-,-,-,-,-,10.11,0.00%,"75,588"
BMA,5.68B,20.39,7.96,0.12,1.14,1.36,-,3.31,103.73%,70.71%,-11.50%,67.03%,19.30%,90.34,0.72%,"140,864"
BMAR,-,-,-,-,-,-,-,-,-,-,-,-,-,56.96,-0.04%,"1,432"
BMAY,-,-,-,-,-,-,-,-,-,-,-,-,-,46.89,0.09%,"10,928"
BMBL,383.46M,-,3.01,-,0.41,0.62,1.56,1.41,117.21%,-5.86%,-36.39%,-,10.65%,2.94,8.09%,"17,183,948"
BME,537.00M,7.02,-,-,69.42,0.94,-,-,-,-,-,-,-,41.55,2.04%,"42,764"
BMEA,88.92M,-,-,-,-,4.75,1.97,-,25.99%,-35.81%,-46.26%,3.23%,-,1.23,-1.60%,"1,104,696"
BMED,-,-,-,-,-,-,-,-,-,-,-,-,-,29.91,1.74%,888
BMEZ,937.52M,5.91,-,-,-,-,-,-,-,-,-,-,-,15.00,1.28%,"231,896"
BMGL,10.51M,-,-,-,1.23,2.46,4.40,-,-,-,-,-,-,6.71,-4.55%,"6,433"
BMHL,159.09M,55.71,-,-,16.57,12.82,53.93,-,-,-,-,-,-,6.00,4.35%,927
BMI,4.11B,31.86,28.52,4.44,4.59,5.96,20.02,24.32,-6.10%,9.84%,23.19%,6.43%,16.59%,140.90,5.48%,"488,924"
BMM,401.17M,-,16.53,0.24,-,2.76,13.44,-,27.38%,188.85%,-24.03%,67.60%,-,5.61,2.56%,"46,545"
BMN,157.87M,21.95,-,-,-,-,-,-,-,-,-,-,-,25.68,-0.27%,"7,535"
BMNG,-,-,-,-,-,-,-,-,-,-,-,-,-,9.23,-9.78%,"922,271"
BMNR,7.59B,-,30.98,-,454.03,0.67,8.63,-,-218.15%,102.72%,-,-,-,13.32,-4.99%,"43,643,880"
BMNU,-,-,-,-,-,-,-,-,-,-,-,-,-,0.68,-9.81%,"63,734,000"
BMNZ,-,-,-,-,-,-,-,-,-,-,-,-,-,31.05,9.79%,"597,576"
BMO,123.44B,18.51,14.92,1.04,2.22,2.14,-,3.59,19.62%,12.26%,7.81%,14.30%,16.93%,174.80,1.41%,"659,620"
BMOP,-,-,-,-,-,-,-,-,-,-,-,-,-,25.10,-0.14%,"80,454"
BMR,20.66M,-,-,-,6.69,1.31,1.80,-,5.13%,-,-26.29%,-,-0.52%,1.33,-5.67%,"144,399"
BMRA,5.41M,-,-,-,1.25,1.60,4.04,-,-,-,-3.30%,-,-4.52%,1.75,0.00%,"7,209"
BMRC,426.11M,-,10.99,-,5.06,1.08,-,12.85,197.69%,9.44%,-,-,-6.87%,26.32,-0.83%,"170,766"
BMRN,11.08B,41.85,8.73,0.14,3.37,1.78,4.99,14.45,174.31%,32.99%,-16.79%,61.81%,11.97%,57.35,0.03%,"2,644,894"
BMVP,-,-,-,-,-,-,-,-,-,-,-,-,-,51.03,-0.15%,"1,874"
BMY,113.11B,15.55,9.03,-,2.33,5.64,10.79,9.50,2.71%,-2.86%,-,-4.30%,2.54%,55.39,0.71%,"11,162,519"
BN,96.04B,86.52,12.38,0.53,1.24,2.25,4.88,-,23.74%,23.62%,-,23.35%,4.05%,43.00,0.16%,"3,215,830"
BNAI,117.72M,-,-,-,318.17,16.13,65.40,-,-,-,-339.66%,-,-,18.09,-3.83%,"326,496"
BNBX,2.67M,-,-,-,1.28,0.17,2.81,-,-,-,69.38%,-,2.04%,0.37,-12.21%,"99,184"
BNC,125.86M,-,-,-,4.29,0.43,41.13,-,-,-,33.79%,-,-16.39%,3.05,13.38%,"1,344,433"
BND,-,-,-,-,-,-,-,-,-,-,-,-,-,73.60,0.07%,"7,637,541"
BNDC,-,-,-,-,-,-,-,-,-,-,-,-,-,22.15,0.07%,"3,472"
BNDD,-,-,-,-,-,-,-,-,-,-,-,-,-,101.53,0.42%,"32,626"
BNDI,-,-,-,-,-,-,-,-,-,-,-,-,-,47.16,0.12%,"31,658"
BNDP,-,-,-,-,-,-,-,-,-,-,-,-,-,74.48,0.13%,"18,986"
BNDS,-,-,-,-,-,-,-,-,-,-,-,-,-,50.78,-0.21%,"23,924"
BNDW,-,-,-,-,-,-,-,-,-,-,-,-,-,68.65,0.03%,"114,172"
BNDX,-,-,-,-,-,-,-,-,-,-,-,-,-,48.49,-0.02%,"3,712,289"
BNDY,-,-,-,-,-,-,-,-,-,-,-,-,-,25.41,0.15%,"12,586"
BNED,460.60M,-,-,-,0.27,1.59,28.72,65.89,73.91%,-,49.95%,-,-2.75%,13.43,20.13%,"764,031"
BNGE,-,-,-,-,-,-,-,-,-,-,-,-,-,29.62,-1.52%,85
BNGO,12.86M,-,-,-,0.45,0.34,0.52,-,64.49%,58.01%,54.05%,56.92%,27.37%,1.12,-0.88%,"126,745"
BNKD,-,-,-,-,-,-,-,-,-,-,-,-,-,31.61,-1.23%,132
BNKK,11.60M,-,-,-,1.41,0.34,13.03,-,-,-,3.55%,-,29.82%,1.45,-7.05%,"108,636"
BNKU,-,-,-,-,-,-,-,-,-,-,-,-,-,41.41,0.94%,"13,465"
BNL,4.03B,32.39,24.31,1.25,8.61,1.39,198.47,14.03,64.08%,5.40%,2.92%,19.49%,7.24%,21.02,-0.33%,"1,484,495"
BNO,-,-,-,-,-,-,-,-,-,-,-,-,-,41.88,2.80%,"1,365,785"
BNOV,-,-,-,-,-,-,-,-,-,-,-,-,-,47.17,-0.01%,"9,906"
BNR,69.88M,-,-,-,0.97,1.12,1.08,-,-,-,40.80%,-,3.80%,7.95,-6.69%,"27,878"
BNRG,0.44M,-,-,-,1.12,0.03,0.09,-,-,-,22.81%,-,-,0.84,1.50%,"739,098"
BNS,106.56B,16.49,12.97,0.93,2.10,1.87,-,8.56,17.64%,11.73%,0.65%,13.93%,10.16%,86.46,1.36%,"2,534,209"
BNT,11.72B,-,-,-,1.10,0.71,-,4.68,-,-,-,-,86.60%,42.97,0.12%,"25,402"
BNTC,446.55M,-,-,-,-,2.44,2.42,-,2.86%,5.07%,62.31%,-12.00%,-,13.00,-4.62%,"181,880"
BNTX,22.76B,-,-,-,6.97,1.06,1.35,18.48,-0.39%,-4.21%,-,2.52%,42.57%,90.00,-0.23%,"701,955"
BNY,99.82B,18.02,14.93,1.13,2.45,2.53,-,68.60,19.48%,10.16%,14.10%,13.26%,19.27%,145.43,1.30%,"2,572,319"
BNZI,4.23M,-,-,-,0.36,0.31,30.19,-,87.78%,49.24%,43.71%,-,-,2.90,-1.69%,"123,159"
BOAT,-,-,-,-,-,-,-,-,-,-,-,-,-,40.38,-2.58%,"20,448"
BOBP,-,-,-,-,-,-,-,-,-,-,-,-,-,33.24,3.87%,"4,220"
BOBS,1.97B,-,14.23,3.59,-,4.16,51.89,-,-12.31%,13.86%,-,3.96%,-,15.06,4.66%,"1,470,522"
BOC,396.48M,-,-,-,3.45,0.79,5.01,-,-,-,-190.87%,-,20.12%,13.04,-1.36%,"108,709"
BOCT,-,-,-,-,-,-,-,-,-,-,-,-,-,52.43,0.00%,"14,889"
BODI,69.74M,14.48,19.75,-,0.30,2.03,1.71,5.08,112.68%,837.50%,57.20%,-,-21.85%,9.63,-0.62%,"16,444"
BOE,656.64M,6.45,-,-,42.24,0.92,-,-,-,-,-,-,-,11.81,0.34%,"68,867"
BOEG,-,-,-,-,-,-,-,-,-,-,-,-,-,13.65,-2.13%,"26,179"
BOEU,-,-,-,-,-,-,-,-,-,-,-,-,-,34.39,-2.20%,"6,149"
BOF,69.69M,-,-,-,5.30,11.18,75.75,-,-,-,-36.51%,-,109.27%,4.55,1.11%,"75,422"
BOH,3.24B,16.49,11.73,0.58,3.04,2.15,-,16.97,29.79%,16.06%,3.72%,20.15%,8.97%,81.78,0.04%,"393,420"
BOIL,-,-,-,-,-,-,-,-,-,-,-,-,-,28.15,0.11%,"3,598,341"
BOKF,8.41B,13.98,13.18,2.25,2.47,1.41,-,30.07,12.19%,2.11%,8.16%,5.85%,11.06%,138.46,1.05%,"256,599"
BOLD,56.41M,-,-,-,-,0.65,0.61,-,8.46%,46.22%,-23.10%,25.04%,-,2.51,-3.46%,"886,379"
BOLT,8.07M,-,-,-,1.24,0.41,0.35,-,11.06%,-25.53%,11.84%,-19.99%,101.61%,4.20,-0.47%,"8,958"
BON,9.43M,-,-,-,0.51,0.16,1.50,-,-,-,-,-,0.49%,1.16,-4.13%,"17,940"
BOND,-,-,-,-,-,-,-,-,-,-,-,-,-,92.43,0.09%,"1,238,399"
BOOM,123.43M,-,11.17,-,0.21,0.52,3.92,3.88,17.14%,286.21%,-56.57%,-,21.62%,6.03,-2.74%,"528,353"
BOOT,5.32B,23.83,17.64,1.05,2.36,4.04,37.69,42.07,16.36%,16.10%,29.54%,16.73%,20.33%,175.15,-1.31%,"529,232"
BORR,1.35B,33.85,15.61,0.29,1.28,1.13,5.46,-,-209.41%,250.89%,-,54.74%,27.12%,4.38,0.23%,"4,491,194"
BOSC,31.30M,9.92,8.07,-,0.67,1.06,2.93,-,-16.95%,12.24%,-,-,8.55%,4.44,0.23%,"25,479"
BOT,575.99M,-,-,-,-,-,-,-,-,-,-,-,-,28.41,8.19%,"338,741"
BOTJ,111.04M,10.14,-,-,1.74,1.37,-,7.55,-,-,13.75%,-,9.22%,24.44,-0.45%,"13,238"
BOTT,-,-,-,-,-,-,-,-,-,-,-,-,-,47.64,-1.85%,"26,822"
BOTZ,-,-,-,-,-,-,-,-,-,-,-,-,-,36.61,0.08%,"969,526"
BOUT,-,-,-,-,-,-,-,-,-,-,-,-,-,48.85,2.38%,"4,184"
BOW,928.00M,16.25,11.78,0.69,1.59,2.02,-,2.72,20.10%,21.04%,-,17.11%,-,28.26,-2.79%,"105,113"
BOX,3.45B,38.21,13.84,0.92,2.86,-,7.22,9.53,9.44%,14.29%,-,14.98%,8.84%,24.93,-2.08%,"1,442,374"
BOXA,-,-,-,-,-,-,-,-,-,-,-,-,-,105.91,0.03%,225
BOXL,3.01M,-,-,-,0.03,-,0.44,-,56.29%,13.47%,15.78%,-,14.76%,4.50,-7.79%,"466,869"
BOXX,-,-,-,-,-,-,-,-,-,-,-,-,-,117.12,0.04%,"2,997,129"
BP,97.13B,31.44,9.33,0.80,0.50,1.74,2.72,8.49,80.61%,-22.28%,-,11.61%,12.37%,37.72,-0.37%,"9,366,360"
BPAC,74.73M,556.04,-,-,-,1.31,747.30,-,-,-,-,-,-,10.12,0.00%,0
BPAY,-,-,-,-,-,-,-,-,-,-,-,-,-,24.52,-0.22%,"1,125"
BPH,-,-,-,-,-,-,-,-,-,-,-,-,-,60.13,-0.07%,412
BPI,-,-,-,-,-,-,-,-,-,-,-,-,-,19.51,-1.01%,"14,059"
BPOP,10.79B,12.34,9.99,0.65,2.40,1.72,-,15.42,23.76%,11.23%,1.42%,15.42%,10.09%,167.19,0.93%,"658,731"
BPRE,-,-,-,-,-,-,-,-,-,-,-,-,-,13.88,-1.07%,"759,939"
BPRN,254.80M,13.07,9.88,-,1.86,0.93,-,10.41,33.99%,4.25%,6.18%,-,15.89%,37.41,-0.90%,"7,826"
BPRO,-,-,-,-,-,-,-,-,-,-,-,-,-,18.90,0.74%,748
BQ,2.40M,-,-,-,0.04,0.09,0.56,-,-,-,81.02%,-,-10.09%,0.83,-2.51%,"77,877"
BR,15.76B,14.58,13.11,1.32,2.15,5.59,51.57,11.96,11.62%,8.87%,12.41%,9.97%,8.11%,136.26,-2.74%,"1,875,972"
BRAG,42.96M,-,-,-,0.35,0.60,10.93,2.65,63.38%,25.01%,28.60%,-,17.74%,1.68,-1.18%,"270,113"
BRAI,1.16B,-,-,-,-,-,10585.44,-,-,-,-,-,-,5.65,-9.31%,"76,549"
BRAZ,-,-,-,-,-,-,-,-,-,-,-,-,-,29.13,1.15%,255
BRBI,-,-,-,-,-,-,-,-,-,-,-,-,-,11.27,3.30%,19
BRBR,1.32B,8.81,8.41,-,0.57,-,39.89,7.11,-42.68%,8.85%,23.11%,-9.43%,18.57%,11.39,-4.37%,"5,274,387"
BRBS,313.79M,28.56,-,-,2.18,1.13,-,14.31,-,-,-44.41%,-,17.61%,3.49,0.29%,"327,607"
BRC,4.22B,20.42,15.19,1.24,2.60,3.15,24.07,23.29,14.67%,11.85%,13.27%,12.27%,6.96%,89.64,2.28%,"207,642"
BRCB,361.40M,-,27.47,-,-,2.75,18.05,-,120.73%,30.50%,-,-,-,7.22,-4.12%,"274,371"
BRCC,314.38M,-,42.00,-,0.75,3.14,31.53,-,100.00%,-,-,-,19.43%,1.26,0.80%,"405,075"
BRCE,-,-,-,-,-,-,-,-,-,-,-,-,-,28.48,0.00%,0
BREE,-,-,-,-,-,-,-,-,-,-,-,-,-,27.48,1.28%,898
BREM,-,-,-,-,-,-,-,-,-,-,-,-,-,51.63,-0.01%,4
BRES,-,-,-,-,-,-,-,-,-,-,-,-,-,26.65,0.06%,"2,411"
BREW,-,-,-,-,-,-,-,-,-,-,-,-,-,26.78,-0.26%,24
BREZ,143.56M,-,-,-,-,-,-,-,-,-,-,-,-,9.94,0.05%,"32,742"
BRF,-,-,-,-,-,-,-,-,-,-,-,-,-,16.33,0.66%,"2,479"
BRFH,32.29M,-,16.67,-,1.91,19.20,17.74,-,70.59%,340.00%,15.21%,-,40.80%,2.00,-3.38%,"2,280"
BRHY,-,-,-,-,-,-,-,-,-,-,-,-,-,51.01,0.05%,"13,822"
BRIA,45.02M,-,8.17,-,-,-,-,-,400.00%,80.00%,-,-,-,1.47,-0.54%,"3,596"
BRID,60.27M,-,-,-,0.26,0.55,72.61,-,-,-,-,-,3.13%,6.64,-0.90%,"13,547"
BRIE,-,-,-,-,-,-,-,-,-,-,-,-,-,30.14,1.11%,"148,086"
BRIF,-,-,-,-,-,-,-,-,-,-,-,-,-,36.30,0.75%,"12,110"
BRK-A,1053.93B,14.55,22.79,13.10,2.81,1.45,2.65,44.15,0.56%,3.54%,11.79%,1.74%,8.63%,733400.00,-1.28%,268
BRK-B,1052.48B,14.52,22.72,13.06,2.80,1.45,2.65,44.09,0.56%,3.54%,11.79%,1.74%,8.63%,487.81,-1.41%,"7,012,652"
BRKC,-,-,-,-,-,-,-,-,-,-,-,-,-,40.62,-1.13%,"8,789"
BRKHU,82.62M,-,-,-,-,-,-,-,-,-,-,-,-,10.01,0.02%,3
BRKR,9.27B,-,25.00,1.61,2.68,3.78,69.48,180.68,15.75%,14.98%,-,15.53%,11.57%,60.89,4.19%,"2,794,106"
BRKU,-,-,-,-,-,-,-,-,-,-,-,-,-,21.89,-2.74%,"98,057"
BRKW,-,-,-,-,-,-,-,-,-,-,-,-,-,38.83,-1.72%,"1,648"
BRLN,-,-,-,-,-,-,-,-,-,-,-,-,-,50.79,-0.09%,"7,203"
BRLS,30.91M,-,-,-,1.11,-,237.75,-,-,-,-,-,-,1.44,5.88%,"8,252"
BRLT,111.32M,-,16.67,-,0.25,1.56,1.90,-,200.00%,120.00%,-,-,11.68%,1.10,-5.17%,"30,981"
BRN,14.83M,-,-,-,1.30,1.71,3.69,-,-,-,-3.64%,-,-5.34%,1.03,-0.96%,"48,199"
BRNS,29.37M,-,-,-,-,0.44,0.44,-,29.88%,0.00%,-,-,-,0.72,8.92%,"12,513"
BRNY,-,-,-,-,-,-,-,-,-,-,-,-,-,57.88,0.42%,"24,045"
BRO,20.62B,19.59,12.44,1.70,3.22,1.62,20.56,14.45,5.94%,8.34%,13.38%,7.30%,17.72%,60.83,-1.57%,"2,895,717"
BROL,-,-,-,-,-,-,-,-,-,-,-,-,-,24.66,-0.46%,410
BROS,10.97B,105.06,54.79,2.03,6.28,12.17,41.65,154.57,20.57%,32.66%,-,26.97%,37.99%,66.60,-0.82%,"3,684,313"
BRR,131.34M,-,-,-,-,0.39,5.06,-,-,-,-,-,-,1.45,-3.97%,"638,007"
BRRR,-,-,-,-,-,-,-,-,-,-,-,-,-,16.70,-1.01%,"425,303"
BRSL,2.06B,24.91,11.82,23.65,0.82,2.42,1.61,-,-17.08%,21.61%,-,0.50%,-4.28%,10.85,0.28%,"903,785"
BRSM,-,-,-,-,-,-,-,-,-,-,-,-,-,25.82,1.80%,"14,004"
BRSP,713.93M,-,7.77,2.21,2.11,0.78,3.77,9.72,-3.71%,14.40%,37.61%,3.52%,-5.00%,5.48,-0.90%,"2,101,072"
BRT,276.88M,-,-,-,2.84,1.56,9.55,20.39,-16.67%,12.99%,11.48%,-,28.14%,14.71,-1.54%,"37,629"
BRTR,-,-,-,-,-,-,-,-,-,-,-,-,-,50.42,0.06%,"58,380"
BRTX,10.04M,-,-,-,27.88,3.32,2.80,-,68.67%,18.18%,43.92%,36.22%,36.11%,0.39,-0.81%,"1,054,288"
BRUN,2.11B,271.53,31.49,-,-,-,-,-,134.90%,64.00%,-,-,-,34.43,0.50%,"1,329,577"
BRW,278.57M,5.04,-,-,9.03,0.78,-,-,-,-,-,-,-,6.55,-0.30%,"132,290"
BRX,9.85B,22.28,28.66,-,7.09,3.24,23.19,27.77,-7.84%,-2.80%,25.30%,-1.15%,5.42%,32.09,0.44%,"2,458,589"
BRZE,2.20B,-,20.33,0.43,2.80,3.76,5.68,34.06,66.71%,51.94%,-28.69%,47.60%,37.50%,19.57,0.46%,"2,158,625"
BRZU,-,-,-,-,-,-,-,-,-,-,-,-,-,87.42,1.88%,"23,547"
BRZX,-,-,-,-,-,-,-,-,-,-,-,-,-,23.17,0.00%,0
BSAA,84.84M,570.40,-,-,-,10.13,499.04,-,-,-,-,-,-,11.47,-10.50%,"18,249"
BSAC,15.07B,13.78,10.73,1.35,2.74,2.97,-,-,6.68%,7.88%,10.45%,7.97%,9.91%,31.99,1.68%,"594,572"
BSBK,116.72M,55.47,-,-,2.66,0.80,-,30.32,-,-,-0.52%,-,12.92%,9.08,-0.55%,663
BSBR,19.32B,16.24,5.16,0.53,0.56,2.40,-,-,6.13%,13.22%,-2.57%,9.67%,19.46%,5.16,0.39%,"2,214,650"
BSCA,-,-,-,-,-,-,-,-,-,-,-,-,-,20.27,0.07%,"13,220"
BSCQ,-,-,-,-,-,-,-,-,-,-,-,-,-,19.51,0.05%,"750,248"
BSCR,-,-,-,-,-,-,-,-,-,-,-,-,-,19.61,0.03%,"475,870"
BSCS,-,-,-,-,-,-,-,-,-,-,-,-,-,20.35,0.07%,"655,511"
BSCT,-,-,-,-,-,-,-,-,-,-,-,-,-,18.58,0.13%,"641,645"
BSCU,-,-,-,-,-,-,-,-,-,-,-,-,-,16.65,0.09%,"444,178"
BSCV,-,-,-,-,-,-,-,-,-,-,-,-,-,16.41,0.15%,"392,020"
BSCW,-,-,-,-,-,-,-,-,-,-,-,-,-,20.52,0.12%,"303,798"
BSCX,-,-,-,-,-,-,-,-,-,-,-,-,-,21.10,0.19%,"170,857"
BSCY,-,-,-,-,-,-,-,-,-,-,-,-,-,20.71,0.12%,"87,840"
BSCZ,-,-,-,-,-,-,-,-,-,-,-,-,-,20.51,0.05%,"41,822"
BSEP,-,-,-,-,-,-,-,-,-,-,-,-,-,52.20,-0.03%,"2,472"
BSET,145.10M,27.11,13.01,-,0.44,0.88,2.85,40.87,17.86%,56.36%,-,-,-2.77%,16.78,0.96%,"61,161"
BSGR,-,-,-,-,-,-,-,-,-,-,-,-,-,25.05,0.04%,"8,386"
BSGT,-,-,-,-,-,-,-,-,-,-,-,-,-,25.12,0.04%,2
BSIN,55.46M,-,-,-,8.20,1.44,5.22,-,54.65%,87.18%,35.95%,-,25.84%,1.06,6.00%,"1,214,595"
BSJQ,-,-,-,-,-,-,-,-,-,-,-,-,-,22.93,-0.04%,"402,145"
BSJR,-,-,-,-,-,-,-,-,-,-,-,-,-,22.34,0.04%,"490,925"
BSJS,-,-,-,-,-,-,-,-,-,-,-,-,-,21.76,0.05%,"145,388"
BSJT,-,-,-,-,-,-,-,-,-,-,-,-,-,21.13,0.09%,"213,071"
BSJU,-,-,-,-,-,-,-,-,-,-,-,-,-,25.77,0.14%,"75,750"
BSJV,-,-,-,-,-,-,-,-,-,-,-,-,-,26.13,0.00%,"25,124"
BSJW,-,-,-,-,-,-,-,-,-,-,-,-,-,25.22,-0.02%,"11,077"
BSJX,-,-,-,-,-,-,-,-,-,-,-,-,-,25.11,-0.04%,"8,357"
BSJY,-,-,-,-,-,-,-,-,-,-,-,-,-,25.08,-0.06%,203
BSL,167.96M,22.63,-,-,7.19,0.91,-,-,-,-,-,-,-,12.90,-0.31%,"78,465"
BSM,2.96B,11.06,12.27,4.83,5.52,3.83,255.33,9.64,-44.53%,60.09%,21.25%,2.54%,7.32%,13.95,-1.48%,"300,404"
BSMC,-,-,-,-,-,-,-,-,-,-,-,-,-,38.59,0.44%,"10,962"
BSMQ,-,-,-,-,-,-,-,-,-,-,-,-,-,23.55,-0.04%,"24,017"
BSMR,-,-,-,-,-,-,-,-,-,-,-,-,-,23.62,-0.02%,"33,182"
BSMS,-,-,-,-,-,-,-,-,-,-,-,-,-,23.42,0.04%,"37,521"
BSMT,-,-,-,-,-,-,-,-,-,-,-,-,-,23.03,0.02%,"24,270"
BSMU,-,-,-,-,-,-,-,-,-,-,-,-,-,21.90,-0.04%,"142,821"
BSMV,-,-,-,-,-,-,-,-,-,-,-,-,-,20.95,-0.05%,"21,680"
BSMW,-,-,-,-,-,-,-,-,-,-,-,-,-,25.11,0.13%,"10,029"
BSMY,-,-,-,-,-,-,-,-,-,-,-,-,-,24.61,0.03%,"20,118"
BSMZ,-,-,-,-,-,-,-,-,-,-,-,-,-,25.58,0.09%,"6,916"
BSOL,-,-,-,-,-,-,-,-,-,-,-,-,-,8.96,0.11%,"2,097,773"
BSR,-,-,-,-,-,-,-,-,-,-,-,-,-,30.30,0.51%,"3,026"
BSRR,528.66M,11.81,10.42,-,2.62,1.46,-,182.30,20.13%,3.80%,6.07%,-,8.10%,40.42,-0.59%,"57,522"
BSSX,-,-,-,-,-,-,-,-,-,-,-,-,-,25.75,0.09%,"16,586"
BST,1.70B,6.77,-,-,-,-,-,-,-,-,-,-,-,48.89,2.88%,"95,721"
BSTP,-,-,-,-,-,-,-,-,-,-,-,-,-,38.85,0.10%,"1,679"
BSTS,-,-,-,-,-,-,-,-,-,-,-,-,-,25.08,0.06%,400
BSTU,-,-,-,-,-,-,-,-,-,-,-,-,-,25.17,0.08%,"5,003"
BSTV,-,-,-,-,-,-,-,-,-,-,-,-,-,25.21,0.10%,752
BSTZ,2.05B,6.42,-,-,-,-,-,-,-,-,-,-,-,29.85,1.70%,"180,129"
BSV,-,-,-,-,-,-,-,-,-,-,-,-,-,77.92,0.06%,"2,662,844"
BSVN,450.64M,10.14,10.40,-,3.20,1.73,-,9.48,-1.26%,2.40%,16.97%,-,20.08%,47.34,0.87%,"13,763"
BSVO,-,-,-,-,-,-,-,-,-,-,-,-,-,28.79,0.38%,"979,785"
BSX,65.70B,18.53,11.88,1.12,3.19,2.54,43.11,18.91,9.89%,10.64%,-,10.60%,15.16%,44.20,-0.58%,"19,388,555"
BSY,8.72B,32.81,18.57,1.58,5.61,7.11,82.94,17.74,13.90%,12.16%,15.16%,11.74%,13.38%,28.71,0.17%,"4,198,958"
BTAI,38.60M,-,-,-,56.76,-,2.25,-,70.90%,8.05%,37.62%,48.34%,-,1.25,-4.58%,"321,190"
BTAL,-,-,-,-,-,-,-,-,-,-,-,-,-,11.13,-1.07%,"689,807"
BTBD,6.33M,-,-,-,0.48,1.15,1.74,15.44,-,-,-,-,10.57%,1.06,-2.30%,"38,831"
BTBT,673.94M,-,193.00,-,5.79,1.39,1.78,-,-40.00%,102.30%,-37.92%,-,40.07%,1.93,0.00%,"15,521,291"
BTC,-,-,-,-,-,-,-,-,-,-,-,-,-,26.18,-1.10%,"3,452,960"
BTCC,-,-,-,-,-,-,-,-,-,-,-,-,-,12.70,-0.89%,"13,426"
BTCI,-,-,-,-,-,-,-,-,-,-,-,-,-,27.01,-0.88%,"651,434"
BTCK,-,-,-,-,-,-,-,-,-,-,-,-,-,23.11,-4.60%,320
BTCL,-,-,-,-,-,-,-,-,-,-,-,-,-,10.81,-2.39%,"98,189"
BTCO,-,-,-,-,-,-,-,-,-,-,-,-,-,58.91,-1.07%,"798,988"
BTCS,50.27M,-,-,-,2.97,0.72,179.54,-,102.00%,-,-3.24%,-,-,1.01,0.00%,"744,591"
BTCT,10.85M,-,-,-,-,-,-,-,26.36%,-,49.40%,-,-36.64%,1.14,-5.00%,"67,943"
BTCU,-,-,-,-,-,-,-,-,-,-,-,-,-,14.67,-2.15%,"15,461"
BTCW,-,-,-,-,-,-,-,-,-,-,-,-,-,62.58,-1.04%,"23,078"
BTCZ,-,-,-,-,-,-,-,-,-,-,-,-,-,6.56,2.34%,"53,979,929"
BTDR,3.99B,-,-,-,5.40,5.41,13.47,-,-51.78%,64.18%,-18.95%,-9.13%,11.97%,16.39,-6.45%,"8,792,413"
BTE,2.95B,20.06,10.85,-,1.35,1.91,5.44,9.98,155.63%,15.94%,29.58%,-,11.86%,3.99,2.05%,"15,504,606"
BTF,-,-,-,-,-,-,-,-,-,-,-,-,-,15.24,-1.26%,"10,136"
BTG,5.28B,10.82,3.12,0.07,1.43,1.44,10.95,12.13,58.46%,74.05%,-12.82%,44.11%,11.34%,3.96,1.80%,"20,512,258"
BTGD,-,-,-,-,-,-,-,-,-,-,-,-,-,19.51,-0.05%,"19,044"
BTGO,556.61M,-,14.32,-,-,1.27,0.11,-,-18.03%,174.76%,-,-,-,4.80,-4.76%,"1,777,478"
BTI,135.36B,13.62,12.04,2.23,4.01,2.11,26.19,23.17,-0.09%,8.05%,5.20%,5.39%,0.45%,62.48,1.78%,"3,946,099"
BTMD,73.66M,4.36,4.56,-,0.39,-,13.85,2.55,-56.76%,34.37%,11.37%,-6.24%,10.52%,1.96,-6.67%,"391,737"
BTO,765.32M,10.94,-,-,29.20,1.07,-,-,-,-,-,-,-,38.62,0.44%,"56,804"
BTOC,13.41M,-,-,-,0.07,1.00,5.02,26.82,-,-,-,-,-,0.29,2.43%,"36,978"
BTOG,2.71M,-,-,-,67.63,0.42,45.08,-,-,-,45.90%,-,-72.31%,1.68,-5.08%,"64,232"
BTOT,-,-,-,-,-,-,-,-,-,-,-,-,-,49.72,0.06%,"1,135"
BTQ,766.17M,-,-,-,15323.42,45.82,87.66,-,88.68%,-,-54.83%,-,-,5.42,-1.54%,"3,327,059"
BTR,-,-,-,-,-,-,-,-,-,-,-,-,-,27.43,0.31%,"3,379"
BTRN,-,-,-,-,-,-,-,-,-,-,-,-,-,24.78,0.09%,30
BTSG,13.68B,64.79,32.79,0.88,1.00,6.80,15.39,33.19,70.29%,24.81%,-20.78%,37.39%,18.27%,69.70,3.09%,"3,039,428"
BTT,1.44B,16.39,-,-,17.39,0.91,-,-,-,-,-,-,-,22.62,0.04%,"89,829"
BTTC,8.33M,-,-,-,-,0.00,25.25,-,-,-,-97.93%,-,-,0.77,-3.11%,"31,154"
BTU,2.89B,-,6.81,-,0.74,0.83,5.86,-,273.42%,366.36%,53.10%,-,5.85%,23.69,1.72%,"1,995,691"
BTX,-,-,-,-,-,-,-,-,-,-,-,-,-,9.08,4.01%,"1,100,660"
BTYB,-,-,-,-,-,-,-,-,-,-,-,-,-,23.36,-0.07%,"2,850"
BTZ,947.24M,9.23,-,-,17.04,0.71,-,-,-,-,-,-,-,10.15,0.30%,"260,987"
BUCK,-,-,-,-,-,-,-,-,-,-,-,-,-,23.38,-0.72%,"692,045"
BUD,145.35B,24.74,17.24,1.34,2.44,1.88,12.17,12.98,17.88%,10.90%,-,12.86%,4.75%,84.08,-0.41%,"3,330,195"
BUDA,104.43M,-,23.74,0.60,-,4.97,5.27,-,20.00%,45.83%,-,39.25%,-,8.31,1.96%,"19,351"
BUFB,-,-,-,-,-,-,-,-,-,-,-,-,-,38.88,0.15%,"18,522"
BUFC,-,-,-,-,-,-,-,-,-,-,-,-,-,42.31,0.03%,"124,688"
BUFD,-,-,-,-,-,-,-,-,-,-,-,-,-,29.54,-0.03%,"258,695"
BUFE,-,-,-,-,-,-,-,-,-,-,-,-,-,21.22,0.61%,830
BUFF,-,-,-,-,-,-,-,-,-,-,-,-,-,52.32,-0.08%,"110,084"
BUFG,-,-,-,-,-,-,-,-,-,-,-,-,-,29.01,-0.08%,"56,831"
BUFH,-,-,-,-,-,-,-,-,-,-,-,-,-,21.33,0.00%,"10,299"
BUFI,-,-,-,-,-,-,-,-,-,-,-,-,-,42.34,0.61%,"13,095"
BUFM,-,-,-,-,-,-,-,-,-,-,-,-,-,40.22,0.15%,"26,175"
BUFP,-,-,-,-,-,-,-,-,-,-,-,-,-,31.80,0.06%,"62,876"
BUFQ,-,-,-,-,-,-,-,-,-,-,-,-,-,38.79,0.41%,"201,455"
BUFR,-,-,-,-,-,-,-,-,-,-,-,-,-,36.20,0.08%,"1,448,572"
BUFS,-,-,-,-,-,-,-,-,-,-,-,-,-,24.97,0.16%,"27,998"
BUFT,-,-,-,-,-,-,-,-,-,-,-,-,-,25.75,-0.14%,"10,255"
BUFX,-,-,-,-,-,-,-,-,-,-,-,-,-,22.06,0.05%,"22,013"
BUFY,-,-,-,-,-,-,-,-,-,-,-,-,-,23.33,0.46%,"13,607"
BUFZ,-,-,-,-,-,-,-,-,-,-,-,-,-,27.72,0.02%,"127,255"
BUG,-,-,-,-,-,-,-,-,-,-,-,-,-,34.27,0.20%,"462,591"
BUI,761.01M,6.37,-,-,-,-,-,-,-,-,-,-,-,28.68,0.99%,"97,499"
BUL,-,-,-,-,-,-,-,-,-,-,-,-,-,58.52,-0.53%,"1,917"
BULD,-,-,-,-,-,-,-,-,-,-,-,-,-,36.65,3.84%,576
BULG,-,-,-,-,-,-,-,-,-,-,-,-,-,32.63,-5.98%,"3,651"
BULL,3.46B,-,22.84,-,5.64,3.39,1.77,-,-49.73%,167.19%,-444.21%,-,-,6.51,-2.98%,"10,918,090"
BULX,-,-,-,-,-,-,-,-,-,-,-,-,-,2.96,0.00%,0
BULZ,-,-,-,-,-,-,-,-,-,-,-,-,-,36.11,1.60%,"1,115,544"
BUR,897.70M,-,7.21,0.45,-,1.09,1.19,-,-2501.82%,108.43%,-18.06%,15.91%,12.98%,4.09,-0.49%,"1,986,367"
BURL,20.42B,33.32,23.61,1.26,1.71,11.12,27.33,53.34,21.04%,16.36%,-,18.78%,14.95%,324.48,-3.94%,"904,398"
BURU,25.31M,-,-,-,61.74,10.06,2.77,-,-,-,8.13%,-,-,0.14,-3.35%,"23,857,745"
BUSA,-,-,-,-,-,-,-,-,-,-,-,-,-,39.54,0.53%,"19,792"
BUSE,2.49B,13.13,10.84,-,2.22,1.04,-,11.50,91.25%,10.02%,-4.25%,-,18.00%,29.41,0.55%,"635,540"
BUUU,345.51M,-,-,-,-,440.85,473.30,-,-,-,-,-,-,20.72,-10.03%,"24,465"
BUXX,-,-,-,-,-,-,-,-,-,-,-,-,-,20.27,0.10%,"163,842"
BUYB,-,-,-,-,-,-,-,-,-,-,-,-,-,41.25,0.54%,462
BUYO,-,-,-,-,-,-,-,-,-,-,-,-,-,32.73,0.88%,270
BUYW,-,-,-,-,-,-,-,-,-,-,-,-,-,14.38,-0.14%,"252,924"
BUYZ,-,-,-,-,-,-,-,-,-,-,-,-,-,33.05,-2.05%,17
BUZZ,-,-,-,-,-,-,-,-,-,-,-,-,-,35.25,-1.51%,"70,587"
BV,1.34B,-,19.30,3.85,0.49,1.08,132.51,-,-13.16%,12.73%,-,5.01%,2.64%,14.36,2.35%,"610,961"
BVAL,-,-,-,-,-,-,-,-,-,-,-,-,-,31.24,0.70%,"18,455"
BVC,74.26M,16.24,-,-,225.02,5.07,5.21,-,-,-,-,-,-,8.84,-4.64%,"1,135"
BVFL,187.21M,15.58,-,-,3.56,1.03,-,10.26,-,-,5.87%,-,17.76%,21.62,1.41%,"33,000"
BVN,7.78B,7.95,8.28,1.36,3.79,1.88,10.24,19.57,44.88%,-16.95%,-,6.10%,20.69%,30.68,3.13%,"1,639,649"
BVS,812.79M,23.61,10.73,0.66,1.41,3.48,22.67,8.13,14.17%,16.77%,33.74%,16.31%,12.08%,9.73,2.42%,"593,223"
BW,2.21B,-,33.87,-,3.31,-,13.27,-,128.64%,240.81%,-27.93%,-,0.74%,14.88,3.19%,"3,584,618"
BWA,14.25B,42.03,11.86,1.06,0.99,2.63,6.75,11.63,5.76%,12.79%,-11.34%,11.15%,7.09%,69.47,1.88%,"2,650,733"
BWAY,583.34M,65.00,26.93,0.57,10.31,7.68,9.91,45.43,83.33%,63.64%,-,46.85%,18.84%,14.54,0.97%,"53,459"
BWB,574.68M,11.71,9.52,-,1.90,1.24,-,19.68,21.88%,16.87%,9.87%,-,19.26%,20.61,0.39%,"313,525"
BWEN,100.87M,19.66,-,-,0.65,1.52,107.31,-,-3.76%,10.00%,-,-0.39%,-4.45%,4.31,-4.86%,"315,121"
BWET,-,-,-,-,-,-,-,-,-,-,-,-,-,150.00,-10.47%,"100,842"
BWFG,462.20M,11.64,10.37,-,2.18,1.48,-,15.35,21.73%,3.23%,42.75%,-,20.91%,57.97,0.33%,"51,436"
BWG,132.32M,8.57,-,-,-,-,-,-,-,-,-,-,-,7.88,0.00%,"80,224"
BWIN,3.42B,-,9.54,0.43,2.11,2.41,7.50,-,20.52%,24.99%,2.93%,22.29%,44.25%,24.01,-3.46%,"1,353,611"
BWIV,180.16M,-,-,-,-,1.43,-,-,-,-,-,-,-,9.89,0.00%,0
BWLP,2.76B,7.66,-,-,0.78,1.45,9.60,6.48,-,-,-1.93%,-,34.57%,18.18,-1.03%,"320,359"
BWMN,511.93M,48.41,12.17,-,1.02,2.00,42.48,16.12,3.41%,38.24%,50.91%,-,32.06%,29.24,0.65%,"230,653"
BWMX,645.81M,10.21,5.72,0.18,0.84,7.86,37.37,5.65,46.52%,29.64%,26.29%,30.99%,17.05%,17.34,-1.70%,"45,048"
BWOW,-,-,-,-,-,-,-,-,-,-,-,-,-,11.99,-1.17%,33
BWTG,-,-,-,-,-,-,-,-,-,-,-,-,-,42.11,1.05%,509
BWX,-,-,-,-,-,-,-,-,-,-,-,-,-,21.68,0.09%,"297,096"
BWXT,18.76B,54.60,39.19,2.92,5.55,14.65,36.39,57.18,17.23%,11.15%,4.23%,13.41%,8.54%,204.77,-0.43%,"662,344"
BWZ,-,-,-,-,-,-,-,-,-,-,-,-,-,26.72,0.27%,"519,430"
BX,139.47B,29.29,15.23,1.05,9.38,16.78,51.46,160.35,5.72%,27.36%,20.88%,14.53%,16.10%,114.18,1.05%,"4,587,283"
BXC,490.76M,-,35.23,-,0.16,0.80,1.54,50.91,-37.80%,196.69%,-68.34%,-,-0.94%,63.06,3.89%,"151,753"
BXDC,-,-,-,-,-,-,-,-,-,-,-,-,-,21.56,0.09%,"1,328,402"
BXMT,2.93B,28.56,9.44,-,1.91,0.86,5.33,8.98,200.52%,27.82%,-7.97%,-,14.41%,17.35,-0.69%,"2,112,362"
BXP,11.50B,32.97,35.16,4.16,3.30,2.02,19.79,17.53,18.97%,-9.77%,-20.65%,8.46%,4.72%,65.67,2.39%,"1,103,414"
BXSL,5.57B,12.56,9.25,-,4.53,0.91,15.87,9.80,-14.83%,-5.82%,1.40%,-8.96%,26.88%,23.96,1.10%,"1,259,808"
BY,1.67B,11.96,10.90,-,2.63,1.31,-,10.10,8.80%,3.37%,24.69%,-,15.99%,36.79,0.82%,"312,223"
BYAH,7.39M,-,-,-,2.93,0.21,1.95,-,-,-,-,-,-,1.22,-2.40%,"257,179"
BYD,6.60B,3.89,11.35,1.77,1.61,2.62,17.41,23.48,-3.63%,9.68%,-,6.42%,13.44%,88.81,2.20%,"838,178"
BYFC,88.89M,-,-,-,1.38,0.79,-,16.34,-,-,-76.46%,-,27.55%,9.58,0.42%,393
BYLD,-,-,-,-,-,-,-,-,-,-,-,-,-,22.67,0.02%,"53,451"
BYND,352.65M,-,-,-,1.33,-,1.81,-,76.82%,8.82%,-16.69%,42.70%,-7.50%,0.68,0.38%,"22,271,279"
BYRE,-,-,-,-,-,-,-,-,-,-,-,-,-,27.49,-0.04%,"3,744"
BYRN,127.49M,15.28,24.98,-,1.05,1.92,13.27,-,-90.00%,462.50%,-,-,48.12%,5.62,-1.23%,"639,087"
BYSI,65.79M,-,-,-,-,-,8.37,-,-,-,37.25%,-,-,1.60,-2.74%,"17,074"
BZ,4.96B,12.49,8.95,0.75,4.19,2.07,1.67,-,6.91%,14.12%,-,11.88%,32.49%,12.65,-3.73%,"6,235,500"
BZAI,202.07M,-,-,-,5.01,6.85,6.08,-,69.95%,31.09%,-484.50%,-,-,1.42,0.00%,"2,965,636"
BZFD,50.44M,-,-,-,0.28,1.40,2.23,-,-,-,-,-,-10.43%,1.34,-7.59%,"491,416"
BZH,751.95M,-,19.58,-,0.36,0.67,6.25,-,-147.04%,296.50%,-2.72%,-,2.20%,27.51,-0.61%,"238,878"
BZQ,-,-,-,-,-,-,-,-,-,-,-,-,-,23.40,-2.44%,"4,292"
BZUN,148.13M,-,4.26,-,0.10,0.31,0.35,-,122.22%,57.51%,-,-,1.53%,2.76,-4.17%,"302,763"
BZZ,-,-,-,-,-,-,-,-,-,-,-,-,-,23.25,-1.58%,"2,012"
C,248.63B,17.97,11.56,0.41,1.43,1.29,-,6.50,56.19%,14.85%,8.24%,27.93%,13.72%,144.98,0.97%,"12,044,193"
CAAA,-,-,-,-,-,-,-,-,-,-,-,-,-,20.30,-0.20%,"3,769"
CAAP,4.22B,14.56,10.89,0.55,2.01,2.34,5.46,12.48,27.43%,21.78%,-,19.84%,26.43%,25.86,-0.84%,"176,588"
CAAS,134.26M,3.13,-,-,0.18,0.33,0.58,-,-,-,-,-,12.89%,4.45,1.83%,"26,931"
CABA,476.12M,-,-,-,-,3.15,4.08,-,34.93%,9.60%,-7.84%,18.32%,-,2.92,-3.63%,"3,702,257"
CABO,230.60M,-,1.55,-,0.16,0.16,1.39,0.82,136.88%,12.28%,-,-,2.53%,40.65,-10.23%,"203,059"
CABR,-,-,-,-,-,-,-,-,-,-,-,-,-,1.15,0.00%,"18,376"
CABZ,-,-,-,-,-,-,-,-,-,-,-,-,-,21.58,-0.85%,"2,505"
CAC,898.67M,11.33,9.12,-,2.41,1.27,-,11.40,22.10%,8.68%,-0.57%,-,12.39%,53.13,-0.08%,"72,157"
CACC,6.52B,15.50,11.03,0.47,2.80,4.29,11.69,6.20,21.78%,17.45%,9.16%,23.37%,6.78%,623.70,3.58%,"257,729"
CACI,9.79B,18.28,14.18,1.34,1.07,2.29,61.98,16.98,6.63%,10.68%,12.09%,10.57%,8.57%,443.26,-4.06%,"308,077"
CADL,693.87M,-,-,-,-,5.03,3.56,-,-28.17%,38.14%,-3.52%,-,-,9.47,2.16%,"1,263,871"
CAE,7.92B,35.09,23.68,1.80,2.23,2.09,20.01,18.62,2.47%,16.96%,-,13.15%,9.54%,24.64,-1.24%,"703,960"
CAES,330.36M,-,-,-,-,-,-,-,-,-,-,-,-,10.07,-0.05%,"121,272"
CAF,274.60M,4.92,-,-,-,-,-,-,-,-,-,-,-,20.41,0.99%,"22,633"
CAFG,-,-,-,-,-,-,-,-,-,-,-,-,-,33.04,0.91%,"1,484"
CAFX,-,-,-,-,-,-,-,-,-,-,-,-,-,24.76,0.00%,"41,288"
CAG,6.59B,-,8.78,-,0.59,0.81,119.65,7.83,-26.26%,-7.42%,6.92%,-10.57%,0.99%,13.78,1.25%,"18,571,232"
CAGE,-,-,-,-,-,-,-,-,-,-,-,-,-,26.90,-0.26%,"82,750"
CAH,54.98B,35.90,19.55,1.09,0.22,-,13.96,12.52,30.68%,11.50%,-,17.93%,7.80%,234.75,0.75%,"2,064,241"
CAI,5.29B,-,56.04,-,5.83,8.91,6.42,45.67,131.41%,160.84%,-,-,-,18.70,3.03%,"3,670,845"
CAIE,-,-,-,-,-,-,-,-,-,-,-,-,-,26.95,0.30%,"982,974"
CAII,303.55M,-,-,-,-,992000.01,-,-,-,-,-,-,-,9.92,0.00%,"7,464"
CAIIU,307.53M,-,-,-,-,1005000.02,-,-,-,-,-,-,-,10.05,0.00%,124
CAIQ,-,-,-,-,-,-,-,-,-,-,-,-,-,26.55,0.27%,"305,640"
CAKE,3.93B,23.16,17.72,1.87,1.03,8.57,16.71,22.95,7.25%,10.33%,-,9.50%,13.60%,79.05,1.13%,"1,005,783"
CAL,418.87M,-,5.48,0.08,0.15,0.68,11.10,17.64,166.67%,39.96%,55.50%,66.85%,5.43%,12.47,-3.86%,"325,185"
CALC,9.90M,-,-,-,-,-,1.21,-,68.70%,-217.30%,38.92%,-4.68%,-,0.63,4.84%,"1,372,295"
CALF,-,-,-,-,-,-,-,-,-,-,-,-,-,49.48,-0.68%,"412,567"
CALI,-,-,-,-,-,-,-,-,-,-,-,-,-,50.49,-0.02%,"117,218"
CALM,3.71B,5.45,21.82,-,1.07,1.37,3.22,5.13,-69.24%,-53.28%,131.11%,-,25.82%,78.24,-0.99%,"720,762"
CALX,2.25B,72.25,14.07,0.37,2.12,3.07,9.23,20.57,32.65%,40.78%,-13.74%,37.61%,13.06%,35.20,-3.67%,"1,840,242"
CALY,3.32B,-,23.63,0.42,1.07,1.58,6.65,11.85,215.90%,17.89%,-1.46%,56.58%,5.32%,18.48,2.21%,"1,600,179"
CAM,-,-,-,-,-,-,-,-,-,-,-,-,-,25.14,0.12%,"73,421"
CAMC,-,-,-,-,-,-,-,-,-,-,-,-,-,24.60,1.13%,736
CAML,-,-,-,-,-,-,-,-,-,-,-,-,-,39.02,-0.86%,"28,975"
CAMP,203.55M,-,-,-,51.79,6.59,2.04,-,69.33%,9.67%,-,33.58%,-,3.92,-2.73%,"238,784"
CAMT,7.74B,201.32,37.14,2.25,15.50,11.34,11.55,-,7.46%,29.17%,13.57%,16.52%,26.06%,168.06,0.70%,"521,983"
CAMX,-,-,-,-,-,-,-,-,-,-,-,-,-,34.41,0.35%,8
CAN,208.56M,-,-,-,0.41,0.56,4.80,-,3.51%,-8.24%,-17.64%,0.57%,52.28%,0.30,-7.35%,"9,420,287"
CANC,-,-,-,-,-,-,-,-,-,-,-,-,-,39.50,0.83%,"217,224"
CANE,-,-,-,-,-,-,-,-,-,-,-,-,-,9.34,0.43%,"185,432"
CANF,6.29M,-,-,-,15.35,0.69,0.74,-,82.58%,75.00%,45.72%,-,-11.88%,2.94,-1.67%,"63,304"
CANG,83.91M,-,2.97,-,0.13,0.35,11.70,-,72.94%,111.59%,-,-,18.27%,0.21,-8.89%,"1,350,031"
CANQ,-,-,-,-,-,-,-,-,-,-,-,-,-,30.05,-0.61%,790
CAOS,-,-,-,-,-,-,-,-,-,-,-,-,-,90.41,-0.09%,"13,625"
CAPE,-,-,-,-,-,-,-,-,-,-,-,-,-,32.25,0.13%,"13,492"
CAPL,853.13M,15.26,26.31,-,0.23,-,116.07,11.33,3.92%,-19.81%,-18.66%,-3.03%,13.64%,22.36,2.66%,"41,228"
CAPN,58.54M,57.81,-,-,-,1.71,975.67,-,-,-,-,-,-,11.03,0.00%,0
CAPR,1.76B,-,-,-,-,6.29,6.32,-,89.72%,-197.61%,-20.84%,-,-,30.40,3.02%,"1,026,346"
CAPS,2.96M,-,-,-,0.06,0.20,7.06,-,101.46%,-,-,-,0.62%,0.24,-9.89%,"368,224"
CAQ,248.66M,-,-,-,-,1.38,261.75,-,-,-,-,-,-,9.91,0.10%,104
CAR,5.84B,-,18.55,0.43,0.50,-,10.95,-,19.32%,86.06%,-21.09%,43.55%,16.62%,165.20,-5.76%,"2,157,819"
CARD,-,-,-,-,-,-,-,-,-,-,-,-,-,2.80,0.59%,"4,206"
CARE,726.22M,6.71,12.73,0.39,2.26,1.43,-,2.20,362.59%,-60.07%,-,32.32%,8.92%,32.68,0.55%,"320,753"
CARG,2.80B,20.35,10.65,0.90,2.92,11.76,38.84,10.41,10.19%,15.99%,17.91%,11.84%,10.46%,31.03,-0.54%,"894,589"
CARK,-,-,-,-,-,-,-,-,-,-,-,-,-,45.28,-0.62%,27
CARL,305.56M,-,-,-,5.41,3.31,3.15,-,31.29%,1.44%,-,20.87%,-,11.24,1.35%,"90,660"
CARR,63.12B,49.93,23.75,2.00,2.89,4.70,45.94,37.44,8.30%,14.07%,-4.96%,11.89%,4.49%,76.00,2.62%,"5,234,300"
CARS,567.98M,23.38,4.04,0.37,0.78,1.26,8.79,4.16,23.20%,19.36%,-,10.84%,5.73%,10.16,-1.55%,"971,225"
CART,11.00B,26.25,15.60,0.50,2.85,4.62,13.75,12.47,52.62%,22.83%,-,30.99%,20.43%,46.80,0.43%,"2,441,544"
CARU,-,-,-,-,-,-,-,-,-,-,-,-,-,21.43,-0.50%,200
CARX,-,-,-,-,-,-,-,-,-,-,-,-,-,25.65,0.00%,0
CARY,-,-,-,-,-,-,-,-,-,-,-,-,-,20.88,0.14%,"274,266"
CARZ,-,-,-,-,-,-,-,-,-,-,-,-,-,114.82,1.80%,"1,097"
CAS,-,-,-,-,-,-,-,-,-,-,-,-,-,28.59,1.09%,"2,204"
CASH,1.83B,10.30,8.98,-,2.18,2.17,-,3.98,11.31%,10.39%,21.80%,-,10.26%,86.82,0.43%,"202,077"
CASS,659.65M,19.57,14.96,-,3.16,2.73,2.70,25.93,20.93%,15.13%,6.29%,-,6.97%,51.25,0.65%,"126,921"
CAST,360.08M,-,-,-,631.73,-,3000.70,-,-,-,-36.71%,-,0.69%,8.71,1.52%,"1,924,659"
CASY,29.04B,40.94,33.22,3.16,1.65,7.33,55.52,40.24,10.85%,11.21%,18.00%,10.52%,18.07%,784.71,-2.08%,"692,390"
CAT,486.90B,52.59,35.09,1.48,6.88,26.09,119.57,61.62,29.44%,22.10%,28.05%,23.73%,10.12%,1057.01,6.29%,"4,617,868"
CATF,-,-,-,-,-,-,-,-,-,-,-,-,-,50.40,-0.17%,"10,307"
CATG,-,-,-,-,-,-,-,-,-,-,-,-,-,18.63,12.46%,"92,181"
CATH,-,-,-,-,-,-,-,-,-,-,-,-,-,87.44,-0.10%,"35,534"
CATO,64.27M,657.14,-,-,0.10,0.39,0.77,-,-,-,31.02%,-,2.60%,3.22,0.62%,"16,475"
CATX,342.14M,-,-,-,551.84,0.98,1.26,-,22.15%,-0.20%,-22.26%,10.35%,-38.04%,3.00,0.00%,"1,684,867"
CATY,4.15B,12.78,10.50,-,3.00,1.39,-,11.43,20.88%,7.58%,9.60%,-,12.53%,61.97,0.57%,"494,029"
CAVA,9.70B,159.95,111.17,4.39,7.54,11.97,24.08,81.84,2.58%,35.27%,-,25.31%,23.93%,83.30,1.29%,"2,799,256"
CB,128.31B,11.68,11.30,1.28,2.10,1.74,-,7.58,9.36%,7.98%,26.94%,8.80%,10.65%,330.82,-1.29%,"1,144,136"
CBAN,422.77M,12.52,9.41,-,2.10,1.11,-,9.33,9.87%,7.92%,5.01%,-,17.13%,19.98,-6.11%,"1,017,149"
CBAT,55.96M,-,2.63,-,0.24,0.53,0.57,1.52,-10.00%,318.18%,3.55%,-,39.04%,0.63,-11.66%,"153,409"
CBC,7.03B,16.63,14.38,2.43,5.58,1.85,-,20.85,5.64%,6.59%,10.03%,5.91%,9.01%,29.30,-0.48%,"623,434"
CBFV,188.95M,30.56,11.41,-,2.68,1.19,-,12.02,9.72%,9.75%,-,-,3.65%,37.25,0.40%,"2,928"
CBIL,-,-,-,-,-,-,-,-,-,-,-,-,-,25.07,0.14%,"17,421"
CBIO,468.45M,-,-,-,39.43,2.60,2.48,-,75.02%,-1.49%,33.26%,35.34%,1.31%,16.99,-2.13%,"181,924"
CBK,437.34M,11.04,10.13,-,3.36,1.49,-,11.94,-1.01%,7.51%,-,-,-,31.92,-0.22%,"86,037"
CBL,1.63B,9.61,-,-,2.81,4.11,7.68,5.66,-25.35%,-,-,-,0.09%,52.82,3.59%,"451,051"
CBLL,748.61M,-,-,-,7.87,5.30,5.30,-,-16.92%,32.83%,-,16.80%,-,19.73,6.02%,"422,489"
CBLS,-,-,-,-,-,-,-,-,-,-,-,-,-,33.35,0.93%,"4,780"
CBNA,250.85M,11.49,9.89,-,4.06,1.43,-,19.37,52.49%,-18.17%,-,-,-,38.01,1.33%,"5,774"
CBNK,563.89M,10.43,9.26,-,1.91,1.38,-,8.53,1.79%,9.27%,12.75%,-,12.86%,34.62,0.64%,"40,536"
CBOA,-,-,-,-,-,-,-,-,-,-,-,-,-,24.00,0.00%,551
CBOE,25.64B,20.92,17.06,1.28,5.35,4.77,11.82,26.25,26.67%,6.22%,19.51%,13.36%,6.59%,244.98,-1.85%,"1,537,414"
CBOJ,-,-,-,-,-,-,-,-,-,-,-,-,-,23.57,-0.02%,"7,207"
CBOL,-,-,-,-,-,-,-,-,-,-,-,-,-,23.38,0.02%,2
CBON,-,-,-,-,-,-,-,-,-,-,-,-,-,23.82,0.23%,"8,813"
CBOO,-,-,-,-,-,-,-,-,-,-,-,-,-,24.50,0.04%,4
CBOT,-,-,-,-,-,-,-,-,-,-,-,-,-,24.03,0.29%,515
CBOX,-,-,-,-,-,-,-,-,-,-,-,-,-,100.74,0.04%,"149,713"
CBOY,-,-,-,-,-,-,-,-,-,-,-,-,-,24.49,0.12%,"1,905"
CBRE,39.41B,30.70,15.13,0.92,0.93,4.63,21.15,43.93,21.02%,15.19%,11.60%,16.52%,11.22%,134.58,0.48%,"2,321,159"
CBRG,-,-,-,-,-,-,-,-,-,-,-,-,-,3.52,-15.18%,"12,157,480"
CBRL,1.08B,41.85,68.86,-,0.32,2.32,41.46,18.25,-114.85%,249.49%,-,-,6.67%,48.32,-0.12%,"737,544"
CBRS,37.01B,146.02,-,-,61.28,-,11.35,-,-,-,-,-,-,168.52,-7.54%,"18,340,673"
CBRX,-,-,-,-,-,-,-,-,-,-,-,-,-,10.17,-16.12%,"334,777"
CBRZ,-,-,-,-,-,-,-,-,-,-,-,-,-,34.39,15.13%,"160,729"
CBSE,-,-,-,-,-,-,-,-,-,-,-,-,-,51.04,1.45%,"16,897"
CBSH,8.37B,14.13,13.07,2.38,3.85,1.95,-,14.21,1.46%,7.26%,12.13%,5.48%,8.75%,57.44,1.45%,"1,227,175"
CBT,4.81B,17.60,13.30,7.96,1.34,3.06,19.07,10.47,-12.88%,10.82%,-,1.67%,7.27%,93.09,1.31%,"486,586"
CBTA,-,-,-,-,-,-,-,-,-,-,-,-,-,20.17,-0.29%,804
CBTJ,-,-,-,-,-,-,-,-,-,-,-,-,-,17.43,-0.26%,"2,774"
CBTL,-,-,-,-,-,-,-,-,-,-,-,-,-,17.39,-0.15%,300
CBTO,-,-,-,-,-,-,-,-,-,-,-,-,-,19.69,0.00%,"4,464"
CBTY,-,-,-,-,-,-,-,-,-,-,-,-,-,19.55,0.03%,"2,631"
CBU,3.56B,16.48,12.58,-,3.47,1.76,-,14.73,13.24%,12.39%,5.20%,-,10.36%,67.73,1.70%,"465,927"
CBUS,102.28M,-,-,-,23.84,2.88,3.37,-,56.21%,25.26%,46.96%,32.76%,-31.34%,1.34,-2.19%,"148,710"
CBXA,-,-,-,-,-,-,-,-,-,-,-,-,-,20.93,-0.13%,"4,203"
CBXJ,-,-,-,-,-,-,-,-,-,-,-,-,-,19.86,-0.11%,"1,315"
CBXL,-,-,-,-,-,-,-,-,-,-,-,-,-,19.73,-0.05%,26
CBXO,-,-,-,-,-,-,-,-,-,-,-,-,-,22.03,0.00%,53
CBXY,-,-,-,-,-,-,-,-,-,-,-,-,-,22.02,0.07%,7
CBZ,1.63B,12.25,6.76,0.58,0.59,0.87,23.52,6.78,12.69%,10.47%,5.24%,11.60%,23.40%,30.40,-2.63%,"912,417"
CC,3.21B,-,9.39,0.23,0.55,14.94,5.71,20.86,47.87%,61.96%,-,41.63%,3.17%,21.36,0.90%,"2,176,011"
CCAP,403.83M,26.99,7.35,-,2.76,0.60,7.45,12.15,-13.70%,-4.48%,-13.95%,-6.02%,20.33%,10.96,-1.88%,"341,439"
CCAQ,211.03M,51.33,-,-,-,1.47,2637.88,-,-,-,-,-,-,10.43,0.00%,155
CCB,1.17B,23.99,10.93,-,1.74,2.32,-,4.64,46.87%,56.89%,19.80%,-,56.17%,76.55,2.24%,"123,535"
CCBG,830.61M,13.74,13.37,-,2.88,1.42,-,11.81,0.37%,0.55%,13.91%,-,6.46%,48.57,0.02%,"91,828"
CCC,2.64B,82.23,8.89,0.49,2.43,1.53,71.42,10.44,22.24%,14.76%,-,18.05%,10.80%,4.49,0.00%,"7,188,356"
CCCC,486.50M,-,-,-,13.96,1.95,2.06,-,26.48%,-7.94%,3.84%,1.38%,1.61%,4.40,3.53%,"2,592,251"
CCD,723.43M,5.19,-,-,-,-,-,-,-,-,-,-,-,25.31,1.36%,"65,332"
CCEC,1.24B,10.92,7.66,0.37,3.09,0.82,2.33,-,-12.32%,59.66%,11.98%,20.55%,22.76%,20.59,-0.24%,"5,749"
CCEF,-,-,-,-,-,-,-,-,-,-,-,-,-,29.41,0.58%,"3,584"
CCEL,30.93M,-,192.00,-,0.99,-,10.67,6.26,136.67%,-81.82%,-,-,0.27%,3.84,1.05%,"3,424"
CCEP,44.14B,20.67,18.06,2.02,1.87,4.86,39.28,18.66,8.02%,9.26%,30.96%,8.92%,14.30%,99.60,0.81%,"1,727,046"
CCFE,-,-,-,-,-,-,-,-,-,-,-,-,-,27.74,0.69%,28
CCG,32.38M,-,8.40,-,0.08,0.64,1.51,-,140.91%,255.55%,28.42%,-,-,0.39,4.22%,"84,384"
CCHH,7.97M,-,-,-,3.56,4.00,79.67,-,-,-,-,-,-,0.41,-6.82%,"223,040"
CCI,34.71B,16.17,27.60,0.62,8.24,-,156.36,12.73,107.43%,37.53%,13.21%,44.57%,-6.10%,79.53,-3.18%,"4,984,082"
CCIF,58.51M,-,5.36,-,-,-,-,-,-55.42%,39.19%,-,-,-,2.76,1.47%,"114,408"
CCII,358.73M,57.60,-,-,-,1.43,245.70,-,-,-,-,-,-,10.34,0.10%,"67,252"
CCIX,398.89M,54.37,-,-,-,1.33,2346.41,-,-,-,-,-,-,10.88,0.00%,"15,082"
CCJ,45.11B,96.04,54.28,1.70,17.64,8.91,56.73,72.33,8.38%,66.69%,-,31.90%,13.18%,103.58,-2.87%,"2,964,980"
CCK,12.29B,17.51,12.48,1.83,0.96,4.27,17.69,12.36,4.17%,8.59%,8.18%,6.84%,5.70%,110.01,0.96%,"915,345"
CCL,39.37B,12.80,10.80,0.98,1.44,3.01,17.55,13.20,-0.58%,17.83%,-,11.03%,36.61%,28.46,-1.56%,"29,334,009"
CCLD,88.39M,20.45,7.09,-,0.71,1.52,22.96,3.93,87.50%,56.44%,-,-,2.77%,2.08,-5.02%,"264,848"
CCM,12.44M,-,-,-,0.19,-,0.29,-,-,-,33.20%,-,14.67%,4.41,-6.57%,"6,794"
CCNE,994.06M,11.99,8.79,-,2.14,1.20,-,15.09,19.15%,8.61%,4.79%,-,17.24%,33.55,-0.06%,"135,441"
CCNR,-,-,-,-,-,-,-,-,-,-,-,-,-,37.24,0.62%,"112,119"
CCO,1.22B,-,304.18,17.09,0.74,-,6.62,42.71,-278.28%,111.00%,29.98%,17.80%,-2.86%,2.40,0.42%,"5,631,161"
CCOI,659.02M,-,-,-,0.68,-,3.68,-,4.83%,19.11%,-,15.85%,11.43%,13.16,-2.66%,"1,856,033"
CCOM,-,-,-,-,-,-,-,-,-,-,-,-,-,23.84,-0.87%,16
CCOR,-,-,-,-,-,-,-,-,-,-,-,-,-,25.26,-0.42%,"1,530"
CCPX,-,-,-,-,-,-,-,-,-,-,-,-,-,19.06,-4.57%,100
CCRN,426.13M,-,53.82,0.36,0.43,1.32,4.04,10.76,362.68%,164.82%,-52.13%,148.13%,4.74%,13.19,-0.08%,"371,842"
CCRP,-,-,-,-,-,-,-,-,-,-,-,-,-,19.85,0.25%,1
CCS,2.00B,15.69,13.69,-,0.51,0.78,22.27,21.14,-34.47%,29.43%,-4.54%,-,5.14%,69.52,0.45%,"296,205"
CCSB,-,-,-,-,-,-,-,-,-,-,-,-,-,20.06,0.10%,"1,376"
CCSI,644.48M,7.67,5.81,-,1.84,29.29,6.98,5.92,4.18%,3.03%,-8.48%,-,1.09%,35.03,-0.48%,"131,578"
CCSO,-,-,-,-,-,-,-,-,-,-,-,-,-,27.90,0.71%,"9,683"
CCTG,3.38M,-,-,-,1.56,0.78,9.40,-,-,-,-,-,-,0.87,-0.46%,"180,603"
CCU,2.07B,16.73,13.96,1.81,0.66,1.22,3.11,14.04,14.75%,1.91%,0.29%,7.71%,5.45%,11.23,0.81%,"45,951"
CCUP,-,-,-,-,-,-,-,-,-,-,-,-,-,1.89,-5.97%,"4,399,517"
CCXI,692.90M,195.29,-,-,-,1.72,1690.01,-,-,-,-,-,-,12.44,3.75%,"4,154,188"
CD,304.63M,-,-,-,162.91,7.19,7.63,-,-,-,-156.16%,-,5.89%,4.36,-7.82%,"218,216"
CDC,-,-,-,-,-,-,-,-,-,-,-,-,-,74.59,0.62%,"9,032"
CDE,16.54B,13.22,8.32,0.27,6.45,1.59,19.62,18.08,115.27%,11.58%,55.25%,30.36%,21.64%,15.99,3.36%,"36,314,744"
CDEI,-,-,-,-,-,-,-,-,-,-,-,-,-,88.77,-0.25%,401
CDIG,-,-,-,-,-,-,-,-,-,-,-,-,-,25.68,0.14%,"18,786"
CDIO,5.98M,-,-,-,299.02,0.67,0.84,-,-,-,30.61%,-,101.40%,2.02,-0.49%,"19,507"
CDL,-,-,-,-,-,-,-,-,-,-,-,-,-,77.81,0.63%,"6,425"
CDLR,2.10B,6.24,4.10,-,2.68,1.09,8.25,-,-21.98%,84.44%,-,-0.22%,99.36%,21.79,0.09%,"53,052"
CDLX,28.86M,-,-,-,0.14,-,0.48,2.89,57.95%,10.37%,0.88%,-,4.53%,4.97,-7.28%,"51,598"
CDNA,1.44B,-,24.56,0.64,3.49,4.55,7.69,22.19,61.03%,21.41%,0.09%,38.17%,14.59%,27.85,2.65%,"1,315,776"
CDNG,-,-,-,-,-,-,-,-,-,-,-,-,-,13.37,-2.54%,"3,030"
CDNL,3.94B,-,42.64,-,-,19.98,89.65,-,130.86%,15.33%,-,-,-,91.97,12.24%,"2,756,342"
CDNS,101.56B,85.96,39.28,2.57,18.37,15.48,65.69,71.03,11.21%,18.06%,13.95%,15.27%,14.57%,368.23,-1.12%,"2,170,724"
CDP,7.95B,25.68,25.50,4.83,10.24,2.63,278.29,28.35,-0.41%,3.39%,9.15%,5.28%,5.58%,35.18,0.60%,"984,427"
CDRE,1.21B,31.93,19.31,0.93,1.90,3.59,27.61,19.88,11.96%,27.67%,-1.90%,20.73%,8.57%,28.16,-2.05%,"450,624"
CDRO,423.78M,-,22.59,-,1.78,12.58,7.22,21.80,3871.33%,-3.76%,-,-,24.20%,9.32,-2.71%,"65,855"
CDT,3.47M,-,-,-,-,-,2.30,-,-,-,-99.07%,-,-,0.71,-34.58%,"1,707,481"
CDTG,5.77M,-,-,-,2.27,0.24,576.62,-,-,-,-42.29%,-,14.45%,1.91,3.52%,"63,500"
CDW,16.36B,15.59,10.90,1.33,0.71,6.41,28.27,15.20,7.19%,9.35%,8.20%,8.22%,3.96%,128.02,-1.69%,"1,197,459"
CDX,-,-,-,-,-,-,-,-,-,-,-,-,-,21.08,-0.73%,"148,134"
CDXS,204.52M,-,-,-,2.62,4.73,3.12,-,22.67%,25.52%,-4.52%,78.46%,0.38%,2.25,-0.88%,"1,421,241"
CDZI,306.92M,-,-,-,20.47,19.59,18.56,-,10.22%,46.76%,15.24%,-,97.64%,3.65,-8.98%,"877,276"
CE,5.36B,-,7.23,0.28,0.57,1.32,3.05,6.11,55.10%,9.62%,-,25.41%,11.03%,48.92,1.83%,"1,374,547"
CECO,5.55B,254.73,37.72,0.65,6.91,10.92,122.03,-,103.27%,38.55%,42.82%,58.27%,19.63%,95.09,-0.32%,"615,804"
CEE,135.75M,3.81,-,-,32.92,1.29,-,-,-,-,-,-,-,20.82,0.29%,"12,003"
CEF,7.36B,-,-,-,-,-,-,-,-,-,-,-,-,39.80,1.25%,"1,108,768"
CEFA,-,-,-,-,-,-,-,-,-,-,-,-,-,39.71,0.70%,"7,322"
CEFD,-,-,-,-,-,-,-,-,-,-,-,-,-,18.86,0.60%,503
CEFS,-,-,-,-,-,-,-,-,-,-,-,-,-,25.70,0.78%,"113,254"
CEFZ,-,-,-,-,-,-,-,-,-,-,-,-,-,8.16,0.42%,"8,044"
CEG,96.49B,23.33,19.91,0.90,3.39,2.90,82.40,84.86,24.59%,15.37%,32.58%,22.23%,8.81%,268.69,0.27%,"3,246,338"
CEGX,-,-,-,-,-,-,-,-,-,-,-,-,-,13.66,0.25%,"137,570"
CELC,4.68B,-,-,-,-,86.65,12.09,-,-6.45%,88.04%,-32.62%,-,-,95.93,-0.47%,"1,427,181"
CELH,7.21B,67.37,14.09,0.73,2.43,5.79,13.14,24.46,21.28%,23.20%,45.65%,19.23%,80.65%,28.22,-1.05%,"6,292,144"
CELU,19.25M,-,-,-,0.73,-,3.12,-,-,-,49.85%,-,13.21%,0.67,-1.61%,"39,579"
CELZ,7.39M,-,-,-,-,1.21,1.26,-,37.70%,3.82%,66.83%,16.63%,-48.43%,2.00,0.00%,"53,168"
CEMB,-,-,-,-,-,-,-,-,-,-,-,-,-,45.68,-0.01%,"12,496"
CENN,9.02M,-,-,-,0.53,0.14,2.43,-,-,-,-192.39%,-,-19.13%,3.66,0.83%,"3,991"
CENT,2.50B,16.17,14.42,2.23,0.79,1.68,3.74,8.93,8.64%,4.05%,7.67%,6.47%,3.03%,44.50,-1.44%,"99,594"
CENTA,2.50B,14.17,12.64,1.95,0.79,1.48,3.74,8.94,8.64%,4.05%,7.67%,6.47%,3.03%,39.01,-1.34%,"333,751"
CENX,4.55B,13.74,3.34,0.04,1.79,3.95,13.64,166.62,355.42%,22.76%,-,86.35%,9.51%,45.96,3.28%,"2,506,914"
CEPF,592.64M,57.58,-,-,-,1.29,19754.72,-,-,-,-,-,-,10.37,0.10%,"11,383"
CEPI,-,-,-,-,-,-,-,-,-,-,-,-,-,33.27,-0.98%,"39,183"
CEPO,268.77M,-,-,-,-,1.42,8959.00,-,-,-,-,-,-,10.54,5.40%,"108,794"
CEPS,152.55M,-,-,-,-,1.32,3050.93,-,-,-,-,-,-,10.40,-0.05%,20
CEPT,310.39M,127.19,78.08,-,-,1.28,10346.33,3103.90,-160.00%,316.67%,-,-,-,10.15,-4.69%,"640,887"
CEPU,2.15B,6.56,8.37,1.31,2.42,1.12,14.48,40.68,-1.81%,4.91%,23.37%,6.41%,10.33%,14.32,1.49%,"248,188"
CEPV,329.02M,96.55,-,-,-,1.30,10967.46,-,-,-,-,-,-,10.35,0.29%,"1,219"
CERS,573.05M,-,-,-,2.65,8.48,7.13,-,58.33%,90.00%,25.82%,-,17.53%,2.86,8.33%,"4,026,565"
CERT,854.05M,-,13.26,2.79,2.03,0.83,5.71,9.61,-12.71%,7.79%,50.19%,4.76%,11.45%,5.49,1.10%,"2,951,343"
CERY,-,-,-,-,-,-,-,-,-,-,-,-,-,33.48,1.49%,"212,542"
CET,1.54B,5.70,-,-,48.29,0.86,-,-,-,-,-,-,-,52.11,0.54%,"50,643"
CETX,3.61M,-,-,-,0.05,0.09,0.28,-,-,-,82.26%,-,11.94%,3.24,-16.49%,"77,205"
CETY,10.10M,-,-,-,4.68,1.25,16.83,-,-,-,10.36%,-,8.98%,0.83,1.10%,"23,791"
CEV,72.73M,-,-,-,14.58,0.92,-,-,-,-,-,-,-,10.34,-0.39%,"34,337"
CEVA,1.22B,-,53.55,1.58,10.88,3.62,5.67,-,25.79%,55.16%,-32.41%,33.89%,1.78%,43.90,-2.53%,"684,216"
CEW,-,-,-,-,-,-,-,-,-,-,-,-,-,19.30,0.29%,"3,113"
CF,16.21B,9.48,9.19,-,2.19,3.03,7.94,10.00,79.42%,-33.15%,43.52%,-1.79%,11.43%,105.49,2.33%,"2,892,128"
CFA,-,-,-,-,-,-,-,-,-,-,-,-,-,98.22,0.51%,"4,798"
CFBK,205.15M,11.36,7.50,-,1.64,1.08,-,9.92,34.57%,16.02%,-9.71%,-,4.93%,31.51,1.12%,"206,266"
CFFI,259.50M,9.16,-,-,1.36,0.98,-,22.92,-,-,6.46%,-,4.09%,79.74,-2.10%,"3,679"
CFFN,1.07B,14.05,11.75,-,2.46,1.05,-,16.10,26.92%,9.09%,2.25%,-,5.30%,8.46,0.83%,"699,763"
CFG,29.88B,16.73,11.05,0.46,2.46,1.25,-,11.95,34.48%,23.19%,11.73%,23.89%,9.35%,70.66,1.73%,"4,981,201"
CFIT,-,-,-,-,-,-,-,-,-,-,-,-,-,26.02,-0.03%,"6,536"
CFND,-,-,-,-,-,-,-,-,-,-,-,-,-,3.01,-7.38%,"100,930"
CFO,-,-,-,-,-,-,-,-,-,-,-,-,-,79.60,0.51%,"3,208"
CFR,9.64B,14.95,13.91,2.71,3.30,2.20,-,14.47,6.41%,4.58%,14.28%,5.14%,14.57%,153.50,1.72%,"691,297"
CG,15.08B,28.63,8.12,0.61,3.60,2.79,5.46,9.95,0.26%,27.97%,17.55%,13.32%,10.93%,41.90,2.05%,"3,685,982"
CGAU,3.14B,5.09,7.67,0.29,2.07,1.50,5.69,23.85,74.23%,6.54%,15.53%,26.50%,12.95%,15.81,1.87%,"1,217,728"
CGBD,731.80M,14.90,7.44,-,3.38,0.66,7.53,10.16,-11.35%,3.73%,65.88%,-2.61%,9.85%,10.53,-0.19%,"474,492"
CGBL,-,-,-,-,-,-,-,-,-,-,-,-,-,37.67,0.24%,"1,231,711"
CGC,382.01M,-,-,-,1.86,0.77,1.44,-,65.76%,13.19%,55.23%,54.77%,-13.01%,0.91,-0.93%,"2,635,576"
CGCB,-,-,-,-,-,-,-,-,-,-,-,-,-,26.34,0.08%,"879,960"
CGCFU,-,-,-,-,-,-,-,-,-,-,-,-,-,10.00,-,"11,926,610"
CGCP,-,-,-,-,-,-,-,-,-,-,-,-,-,22.41,0.04%,"1,235,870"
CGCV,-,-,-,-,-,-,-,-,-,-,-,-,-,32.56,0.43%,"226,408"
CGDG,-,-,-,-,-,-,-,-,-,-,-,-,-,37.55,0.67%,"533,050"
CGDV,-,-,-,-,-,-,-,-,-,-,-,-,-,48.77,0.56%,"3,797,675"
CGEM,1.14B,-,-,-,-,3.13,3.23,-,9.68%,20.51%,-25.62%,3.86%,-,18.48,4.70%,"1,303,961"
CGEN,191.00M,5.52,-,-,2.63,2.00,1.42,-,-176.54%,1.75%,-,-,105.20%,2.02,0.50%,"234,975"
CGGE,-,-,-,-,-,-,-,-,-,-,-,-,-,34.56,0.82%,"1,044,971"
CGGG,-,-,-,-,-,-,-,-,-,-,-,-,-,27.90,-0.50%,"87,526"
CGGO,-,-,-,-,-,-,-,-,-,-,-,-,-,41.87,2.00%,"1,651,844"
CGGR,-,-,-,-,-,-,-,-,-,-,-,-,-,45.82,0.42%,"2,365,900"
CGHM,-,-,-,-,-,-,-,-,-,-,-,-,-,25.92,0.19%,"397,962"
CGHY,-,-,-,-,-,-,-,-,-,-,-,-,-,25.41,0.18%,"386,585"
CGIB,-,-,-,-,-,-,-,-,-,-,-,-,-,25.56,-0.23%,"62,261"
CGIC,-,-,-,-,-,-,-,-,-,-,-,-,-,36.36,0.86%,"472,394"
CGIE,-,-,-,-,-,-,-,-,-,-,-,-,-,36.59,0.74%,"388,612"
CGMM,-,-,-,-,-,-,-,-,-,-,-,-,-,32.43,0.62%,"955,233"
CGMS,-,-,-,-,-,-,-,-,-,-,-,-,-,27.48,0.00%,"702,433"
CGMU,-,-,-,-,-,-,-,-,-,-,-,-,-,27.49,0.04%,"867,165"
CGNG,-,-,-,-,-,-,-,-,-,-,-,-,-,36.82,0.93%,"525,194"
CGNT,581.71M,-,10.30,-,1.42,3.00,5.33,20.79,60.71%,71.67%,-,-,-2.04%,7.96,-0.25%,"1,059,185"
CGNX,11.07B,78.74,37.30,1.43,10.58,7.49,37.31,45.93,45.55%,20.15%,-7.50%,26.10%,4.16%,66.54,4.56%,"2,178,372"
CGO,132.08M,5.92,-,-,38.62,1.03,-,-,-,-,-,-,-,13.44,-1.10%,"15,149"
CGON,6.42B,-,-,-,1267.19,5.87,5.97,-,-31.90%,-3.42%,-65.75%,60.72%,-20.97%,72.84,6.00%,"1,346,144"
CGOV,-,-,-,-,-,-,-,-,-,-,-,-,-,25.08,0.10%,"12,024"
CGRO,-,-,-,-,-,-,-,-,-,-,-,-,-,19.89,-2.38%,452
CGSD,-,-,-,-,-,-,-,-,-,-,-,-,-,25.80,0.00%,"280,803"
CGSM,-,-,-,-,-,-,-,-,-,-,-,-,-,26.39,0.00%,"291,213"
CGTL,10.36M,-,-,-,3.82,4.47,517.82,-,-,-,-,-,13.56%,0.40,-2.85%,"440,884"
CGTX,101.14M,-,-,-,-,3.38,3.24,-,-0.78%,14.21%,10.12%,-10.35%,-,1.13,10.78%,"3,911,622"
CGUI,-,-,-,-,-,-,-,-,-,-,-,-,-,25.36,0.00%,"154,052"
CGUS,-,-,-,-,-,-,-,-,-,-,-,-,-,43.68,0.14%,"958,971"
CGV,-,-,-,-,-,-,-,-,-,-,-,-,-,15.64,0.82%,"9,802"
CGVV,-,-,-,-,-,-,-,-,-,-,-,-,-,30.88,1.15%,"29,326"
CGW,-,-,-,-,-,-,-,-,-,-,-,-,-,65.27,1.75%,"32,182"
CGXU,-,-,-,-,-,-,-,-,-,-,-,-,-,34.73,1.46%,"829,792"
CHA,1.43B,16.22,7.66,0.41,0.78,1.92,1.24,-,48.53%,10.07%,-,18.72%,-,11.40,-2.98%,"569,770"
CHAI,15.11M,-,-,-,1.56,-,6.02,-,-,-,94.73%,-,55.94%,0.69,-3.21%,"312,505"
CHAR,115.09M,40.17,-,-,-,1.34,-,-,-,-,-,-,-,10.81,0.00%,0
CHAT,-,-,-,-,-,-,-,-,-,-,-,-,-,97.78,2.11%,"814,006"
CHAU,-,-,-,-,-,-,-,-,-,-,-,-,-,25.06,4.68%,"121,410"
CHCI,144.14M,8.46,-,-,2.13,2.01,7.34,-,-,-,46.20%,-,22.83%,14.05,-4.81%,"31,612"
CHCO,1.87B,14.62,13.97,-,4.67,2.36,-,13.93,1.39%,4.90%,10.00%,-,8.83%,132.72,1.07%,"139,649"
CHCT,513.15M,164.47,-,-,4.18,1.22,195.86,14.68,-,-,-37.30%,-,9.87%,17.96,-0.39%,"169,680"
CHD,23.26B,32.37,24.38,3.45,3.75,5.55,46.20,21.80,6.31%,7.29%,-0.65%,7.06%,4.85%,98.15,-0.53%,"1,732,934"
CHDN,5.85B,15.57,11.34,1.75,1.99,5.36,20.11,10.37,13.64%,6.33%,-,6.49%,22.65%,83.98,-0.74%,"1,523,212"
CHE,6.02B,24.70,16.86,1.65,2.37,7.06,356.77,15.95,12.96%,10.43%,-1.20%,10.21%,4.00%,453.15,1.31%,"174,504"
CHEC,175.51M,113.52,-,-,-,1.82,381.54,-,-,-,-,-,-,10.16,0.00%,78
CHEF,3.85B,51.49,36.11,2.18,0.90,6.32,31.36,47.43,17.61%,16.95%,-,16.56%,30.14%,94.36,-1.33%,"286,485"
CHGG,117.56M,-,-,-,0.37,0.97,1.78,-,-530.34%,17.91%,-80.95%,-,-10.17%,1.05,-0.94%,"1,570,601"
CHGX,-,-,-,-,-,-,-,-,-,-,-,-,-,32.90,0.70%,"21,642"
CHH,5.06B,14.99,14.46,2.87,3.15,36.90,115.30,22.60,2.39%,8.24%,42.40%,5.03%,15.58%,111.18,-0.77%,"437,065"
CHI,1.06B,5.99,-,-,51.97,1.18,-,-,-,-,-,-,-,13.11,1.08%,"172,781"
CHIQ,-,-,-,-,-,-,-,-,-,-,-,-,-,15.72,-2.06%,"13,223"
CHKP,12.80B,12.63,10.76,6.81,4.65,4.55,4.62,10.11,-12.35%,9.53%,9.80%,1.58%,5.71%,122.84,-1.48%,"1,429,305"
CHMG,358.25M,19.74,9.87,-,2.51,1.36,-,7.77,23.28%,5.31%,-4.76%,-,9.89%,74.33,-0.09%,"28,798"
CHMI,89.27M,20.80,4.05,-,0.85,0.73,1.11,2.88,13.83%,12.15%,52.67%,-,4.93%,2.43,1.25%,"222,478"
CHNL,-,-,-,-,-,-,-,-,-,-,-,-,-,16.35,-0.99%,2
CHNR,4.81M,-,-,-,-,0.39,68.69,-,-,-,-,-,-,3.83,-6.81%,"23,706"
CHNU,-,-,-,-,-,-,-,-,-,-,-,-,-,12.02,-1.93%,"1,403"
CHOW,14.02M,-,-,-,0.43,1.61,5.04,-,-,-,-,-,-,0.40,-8.14%,"222,905"
CHPG,103.87M,55.70,-,-,-,1.37,5193.48,-,-,-,-,-,-,10.40,0.25%,4
CHPS,-,-,-,-,-,-,-,-,-,-,-,-,-,101.83,5.02%,"91,666"
CHPT,137.00M,-,-,-,0.33,-,1.42,-,31.16%,29.64%,51.83%,36.72%,22.93%,5.29,-5.20%,"1,235,426"
CHPX,-,-,-,-,-,-,-,-,-,-,-,-,-,104.91,2.92%,"138,417"
CHPY,-,-,-,-,-,-,-,-,-,-,-,-,-,85.10,3.25%,"890,335"
CHR,4.11M,0.02,-,-,0.03,0.01,0.02,0.23,-,-,-43.40%,-,3.76%,1.75,-10.71%,"28,095"
CHRD,6.73B,-,7.29,0.36,1.26,0.84,29.79,13.43,126.96%,-24.26%,-,20.08%,38.63%,119.48,-0.38%,"641,315"
CHRI,-,-,-,-,-,-,-,-,-,-,-,-,-,87.22,-0.05%,"11,272"
CHRN,3.22B,-,-,-,278.64,38.37,807.28,-,-,-,31.73%,-,7.58%,22.51,1.72%,"478,230"
CHRS,228.29M,-,-,-,4.87,2.90,1.37,-,34.94%,37.14%,-,32.26%,-38.41%,1.48,-2.63%,"513,935"
CHRW,21.26B,36.50,24.53,1.51,1.31,12.50,133.14,24.78,20.89%,19.50%,5.38%,16.29%,0.03%,180.34,1.73%,"1,081,350"
CHSN,3.86M,-,-,-,0.21,0.01,0.45,2.31,-,-,-,-,12.11%,1.06,0.00%,"82,531"
CHT,34.75B,27.54,26.65,5.55,4.46,2.80,16.91,21.23,2.76%,3.46%,1.83%,4.80%,1.45%,44.79,0.63%,"148,280"
CHTR,17.95B,3.50,2.86,0.20,0.33,0.97,28.87,4.46,13.61%,10.04%,18.65%,14.11%,2.63%,129.65,-1.35%,"2,113,010"
CHW,558.17M,5.99,-,-,35.73,1.02,-,-,-,-,-,-,-,8.74,0.11%,"118,861"
CHWY,7.43B,30.11,16.62,0.49,0.58,17.53,14.28,12.71,51.82%,38.27%,-,33.78%,12.01%,18.14,-4.58%,"14,944,550"
CHY,1.07B,5.70,-,-,49.01,1.13,-,-,-,-,-,-,-,13.33,0.53%,"80,823"
CHYG,-,-,-,-,-,-,-,-,-,-,-,-,-,25.03,0.08%,"12,001"
CHYM,6.96B,-,24.35,-,3.20,4.85,6.79,51.82,107.10%,147.58%,-,-,-,18.27,5.12%,"5,905,164"
CI,74.56B,11.94,8.43,1.16,0.27,1.77,-,9.73,2.05%,9.74%,-0.69%,7.29%,11.35%,281.87,0.86%,"1,264,165"
CIA,300.79M,16.53,16.53,-,1.16,1.25,-,18.51,7.14%,20.00%,-,-,1.37%,5.95,1.54%,"68,016"
CIB,8.79B,40.13,8.34,0.26,0.83,1.88,-,3.53,98.03%,9.24%,60.73%,32.66%,10.57%,78.89,-0.49%,"331,475"
CIBR,-,-,-,-,-,-,-,-,-,-,-,-,-,83.66,-0.17%,"1,406,195"
CIEG,-,-,-,-,-,-,-,-,-,-,-,-,-,9.44,9.51%,"798,443"
CIEI,-,-,-,-,-,-,-,-,-,-,-,-,-,25.12,0.07%,"9,200"
CIEN,68.61B,161.33,50.25,0.67,12.32,23.73,57.04,82.40,147.48%,47.63%,-18.19%,75.55%,6.19%,484.69,4.57%,"3,519,309"
CIF,28.64M,11.43,-,-,8.67,0.87,-,-,-,-,-,-,-,1.60,0.00%,0
CIFG,-,-,-,-,-,-,-,-,-,-,-,-,-,15.12,-4.03%,"70,951"
CIFR,10.50B,-,-,-,50.06,14.57,2.76,-,59.19%,85.88%,-,-,-,25.68,-2.06%,"22,069,085"
CIFU,-,-,-,-,-,-,-,-,-,-,-,-,-,36.89,-3.78%,"69,425"
CIG,4.00B,6.75,9.64,-,0.50,1.09,11.65,6.72,-28.57%,-6.83%,9.56%,-3.11%,9.37%,2.10,1.45%,"4,060,075"
CIGI,4.54B,54.74,10.52,0.84,0.79,3.00,18.26,38.32,13.67%,12.85%,10.46%,12.60%,14.81%,88.81,-1.43%,"378,207"
CII,1.09B,4.92,-,-,133.55,1.11,-,-,-,-,-,-,-,25.00,0.97%,"56,959"
CIIT,6.96M,-,-,-,0.49,0.98,9.67,-,-,-,-61.15%,-,-,0.72,4.06%,"20,378,895"
CIK,134.95M,17.57,-,-,7.55,0.86,-,-,-,-,-,-,-,2.46,0.41%,"625,233"
CIM,1.13B,-,6.06,0.57,1.31,0.73,2.37,-,28.45%,3.07%,53.78%,10.67%,4.21%,13.47,-0.37%,"501,593"
CINF,27.49B,10.16,19.52,6.01,2.13,1.75,-,7.99,9.21%,4.89%,15.17%,3.25%,10.88%,177.73,-0.40%,"573,347"
CING,64.12M,-,-,-,-,3.00,2.48,-,45.46%,50.58%,50.70%,36.63%,-,4.76,-1.04%,"187,096"
CINT,433.80M,10.87,7.04,0.55,0.84,1.36,9.01,10.73,3.35%,18.71%,10.40%,12.73%,21.43%,3.37,-2.03%,"106,248"
CION,299.23M,-,5.49,-,1.55,0.46,2.81,16.44,-41.57%,5.29%,-14.53%,-,16.46%,6.01,-0.17%,"589,539"
CISO,11.42M,-,-,-,0.45,0.83,17.85,-,-,-,1.95%,-,29.73%,0.25,-4.98%,"383,504"
CISS,0.89M,-,-,-,0.02,0.01,0.03,0.09,-,-,-,-,-,1.64,-4.65%,"111,219"
CITR,121.40M,-,-,-,68.98,11.95,28.30,-,-,-,-,-,-,5.43,-8.43%,"105,033"
CIVB,580.06M,10.29,9.62,-,2.24,1.05,-,11.06,1.25%,2.71%,5.78%,-,14.77%,27.91,-0.32%,"89,891"
CIVG,-,-,-,-,-,-,-,-,-,-,-,-,-,25.07,0.06%,"12,302"
CIX,335.07M,16.59,-,-,2.11,2.38,6.78,18.09,-,-,13.77%,-,6.68%,27.19,1.57%,"2,806"
CJMB,-,-,-,-,-,-,-,-,-,-,-,-,-,0.77,5.48%,"16,175"
CJUN,-,-,-,-,-,-,-,-,-,-,-,-,-,24.79,0.00%,0
CKX,23.61M,8.00,-,-,35.78,1.12,1.31,81.43,-,-,53.14%,-,4.53%,11.50,2.27%,"1,314"
CL,72.87B,35.33,22.58,4.29,3.50,502.51,51.35,19.34,3.14%,5.95%,-3.47%,5.26%,4.35%,91.06,-0.89%,"4,104,785"
CLAR,120.32M,-,15.46,-,0.47,0.62,4.04,-,109.09%,84.09%,-,-,2.37%,3.13,0.00%,"572,543"
CLB,503.38M,16.51,12.91,-,0.96,1.87,22.06,22.25,-20.13%,41.17%,-,-,1.56%,10.92,1.87%,"799,233"
CLBK,2.09B,36.50,26.08,-,4.07,1.78,-,32.49,36.20%,4.05%,-0.63%,-,9.23%,20.08,1.16%,"465,596"
CLBR,410.17M,-,-,-,-,1.38,1709.04,-,-,-,-,-,-,10.25,-0.49%,"1,659"
CLBT,3.15B,44.32,28.60,1.27,6.35,6.17,7.34,19.86,5.79%,34.67%,46.15%,22.53%,19.53%,12.63,-0.47%,"2,354,078"
CLCG,-,-,-,-,-,-,-,-,-,-,-,-,-,27.87,-0.91%,"3,447"
CLCV,-,-,-,-,-,-,-,-,-,-,-,-,-,30.17,0.37%,"1,234"
CLDI,2.89M,-,-,-,-,0.36,0.43,-,-,-,-,-,-,0.15,-4.59%,"2,030,717"
CLDT,622.73M,860.65,-,-,2.12,0.87,32.25,12.51,-157.14%,-37.50%,-,-,15.28%,13.34,2.14%,"314,663"
CLDX,2.68B,-,-,-,3075.62,4.97,5.99,-,-11.60%,-0.58%,-14.07%,7.31%,-26.93%,34.09,0.92%,"1,143,621"
CLF,6.14B,-,25.18,-,0.32,1.05,136.39,-,83.54%,204.69%,-55.32%,-,28.89%,10.76,1.80%,"15,495,789"
CLFD,511.38M,-,30.78,-,3.75,2.11,5.62,31.78,190.95%,131.75%,-,-,10.03%,37.63,1.81%,"174,707"
CLGN,4.90M,-,-,-,12.57,1.00,1.06,-,-,-,-2.35%,-,-17.32%,0.34,1.04%,"49,740"
CLH,15.82B,40.54,31.55,2.32,2.61,5.70,23.65,33.94,18.20%,10.29%,24.62%,13.59%,13.91%,299.39,0.20%,"453,096"
CLIK,5.16M,-,-,-,-,0.20,3.97,-,-,-,-,-,-,1.58,0.00%,"80,382"
CLIP,-,-,-,-,-,-,-,-,-,-,-,-,-,100.29,0.00%,"177,201"
CLIR,20.98M,-,-,-,4.18,2.41,2.71,-,0.51%,24.37%,16.73%,82.84%,-,3.39,-3.70%,"14,408"
CLIX,-,-,-,-,-,-,-,-,-,-,-,-,-,54.18,-1.89%,341
CLLS,209.03M,-,-,-,3.07,4.85,1.13,-,-36.68%,19.52%,18.84%,-24.83%,-0.34%,2.89,3.58%,"83,307"
CLM,2.23B,6.85,-,-,85.12,1.11,-,-,-,-,-,-,-,7.47,1.22%,"1,257,912"
CLMB,411.74M,19.41,12.53,0.56,0.59,3.45,9.86,17.72,9.45%,27.10%,35.58%,22.24%,21.00%,22.14,0.00%,"98,004"
CLMT,2.99B,-,24.38,-,0.72,-,16.72,728.42,-270.13%,197.37%,26.87%,-,12.77%,34.27,4.67%,"505,185"
CLNE,394.20M,-,33.65,0.25,0.90,0.71,3.07,13.75,-173.36%,825.16%,-82.87%,132.08%,8.05%,1.79,3.47%,"1,947,248"
CLNK,-,-,-,-,-,-,-,-,-,-,-,-,-,13.08,-0.79%,"18,396"
CLNN,73.99M,-,-,-,569.15,-,12.46,-,32.60%,17.58%,34.50%,-,-0.59%,5.79,0.87%,"106,080"
CLOA,-,-,-,-,-,-,-,-,-,-,-,-,-,51.91,0.01%,"243,391"
CLOB,-,-,-,-,-,-,-,-,-,-,-,-,-,50.52,0.01%,"3,710"
CLOC,-,-,-,-,-,-,-,-,-,-,-,-,-,25.08,-0.06%,"4,748"
CLOD,-,-,-,-,-,-,-,-,-,-,-,-,-,29.12,-1.25%,158
CLOI,-,-,-,-,-,-,-,-,-,-,-,-,-,52.92,-0.05%,"109,131"
CLOO,-,-,-,-,-,-,-,-,-,-,-,-,-,25.17,0.04%,"201,895"
CLOU,-,-,-,-,-,-,-,-,-,-,-,-,-,21.12,-2.00%,"90,961"
CLOV,2.74B,-,102.90,2.01,1.24,7.53,-,50.31,7.17%,30.72%,35.85%,51.31%,22.90%,5.21,0.00%,"4,707,697"
CLOX,-,-,-,-,-,-,-,-,-,-,-,-,-,25.60,-0.02%,"74,950"
CLOZ,-,-,-,-,-,-,-,-,-,-,-,-,-,26.34,0.15%,"120,342"
CLPR,49.61M,-,-,-,0.33,-,0.91,-,-,-,-35.13%,-,4.51%,3.07,-0.65%,"96,386"
CLPS,27.96M,-,-,-,0.17,0.48,0.95,-,-,-,-,-,12.96%,0.94,0.00%,"37,849"
CLPT,538.61M,-,-,-,13.26,28.58,15.13,-,-23.70%,15.57%,-16.08%,1.12%,23.58%,17.96,-0.11%,"628,613"
CLRB,19.74M,-,-,-,-,3.72,2.36,-,75.49%,21.66%,48.41%,65.77%,-,2.47,-0.80%,"78,756"
CLRO,8.43M,-,-,-,4.39,15.84,8.03,-,-,-,-,-,-,3.15,14.96%,"16,633"
CLRS,-,-,-,-,-,-,-,-,-,-,-,-,-,-,-,0
CLS,41.55B,43.68,23.82,0.52,3.01,19.81,109.92,84.37,69.70%,47.75%,72.48%,45.44%,16.60%,361.40,-0.23%,"2,296,363"
CLSE,-,-,-,-,-,-,-,-,-,-,-,-,-,34.29,0.94%,"300,714"
CLSK,4.07B,-,-,-,5.50,4.13,15.45,-,-386.33%,84.69%,-,-,138.03%,15.87,-2.22%,"22,673,695"
CLSM,-,-,-,-,-,-,-,-,-,-,-,-,-,27.05,0.39%,"1,117"
CLST,66.85M,30.52,-,-,4.34,0.81,-,19.66,-,-,-,-,11.38%,16.50,-0.84%,365
CLSX,-,-,-,-,-,-,-,-,-,-,-,-,-,24.88,-4.12%,"179,118"
CLSZ,-,-,-,-,-,-,-,-,-,-,-,-,-,4.55,0.00%,0
CLUB,-,-,-,-,-,-,-,-,-,-,-,-,-,24.69,-0.75%,123
CLVT,1.27B,-,2.48,0.24,0.52,0.26,5.23,3.79,8.00%,7.23%,16.31%,10.42%,14.38%,1.98,-1.49%,"8,361,653"
CLW,268.81M,-,-,-,0.17,0.33,7.36,-,-2913.33%,65.93%,-,-,-3.60%,16.67,-0.89%,"132,684"
CLWT,11.64M,76.21,-,-,0.88,0.79,2.25,-,-,-,-26.95%,-,-0.14%,1.57,-4.85%,"89,681"
CLX,11.52B,15.47,15.38,-,1.70,-,9.71,30.32,-28.31%,11.89%,-2.39%,-4.62%,1.11%,95.27,-0.12%,"1,660,567"
CLYM,724.95M,-,-,-,-,4.08,6.62,-,0.87%,-20.08%,-0.24%,-17.94%,-,12.66,-0.71%,"1,185,616"
CM,105.98B,15.65,14.27,1.10,2.38,2.44,-,4.89,20.24%,7.85%,15.01%,12.99%,18.91%,114.37,0.50%,"1,665,759"
CMAG,-,-,-,-,-,-,-,-,-,-,-,-,-,23.14,-2.79%,"20,132"
CMAY,-,-,-,-,-,-,-,-,-,-,-,-,-,25.42,-0.03%,900
CMBO,-,-,-,-,-,-,-,-,-,-,-,-,-,102.59,0.00%,0
CMBS,-,-,-,-,-,-,-,-,-,-,-,-,-,48.56,-0.08%,"18,965"
CMBT,4.23B,8.56,9.62,0.29,2.17,1.44,20.84,-,220.26%,-32.41%,-20.83%,33.35%,6.60%,14.57,-5.76%,"1,488,994"
CMC,8.22B,16.50,10.78,0.39,0.98,1.87,16.31,20.88,103.47%,7.89%,-20.41%,27.86%,7.33%,74.09,3.94%,"1,763,036"
CMCI,-,-,-,-,-,-,-,-,-,-,-,-,-,27.57,1.54%,4
CMCL,376.84M,6.09,5.46,0.24,1.41,1.45,2.22,7.46,36.24%,-7.39%,10.56%,23.02%,21.75%,19.49,-0.51%,"179,982"
CMCM,31.49M,-,-,-,0.19,0.41,0.17,-,-,-,-,-,-6.58%,3.04,-15.08%,"163,399"
CMCO,426.08M,-,5.89,-,0.36,0.64,4.41,-,-5.75%,42.27%,-,-,12.93%,14.78,5.95%,"564,490"
CMCSA,81.05B,4.46,5.99,-,0.65,0.92,8.56,3.98,-18.50%,7.83%,18.80%,-0.86%,3.62%,22.69,0.22%,"25,089,838"
CMCT,8.97M,-,-,-,0.08,0.05,0.24,-,-89.83%,84.76%,34.49%,-,9.00%,3.25,-7.14%,"26,059"
CMDB,429.45M,-,-,-,-,0.55,1.46,-,-,-,-,-,-,17.76,0.79%,"72,525"
CMDT,-,-,-,-,-,-,-,-,-,-,-,-,-,30.81,1.45%,"60,888"
CMDY,-,-,-,-,-,-,-,-,-,-,-,-,-,55.55,1.70%,"142,256"
CME,81.53B,19.20,17.47,2.47,12.06,3.06,32.33,18.83,9.51%,5.04%,13.70%,7.08%,5.95%,225.00,-2.88%,"4,413,226"
CMF,-,-,-,-,-,-,-,-,-,-,-,-,-,57.56,0.08%,"267,912"
CMG,41.41B,29.57,23.79,2.20,3.41,17.26,47.52,27.49,-2.97%,19.50%,35.50%,10.82%,14.79%,32.28,1.86%,"21,641,235"
CMGG,-,-,-,-,-,-,-,-,-,-,-,-,-,13.60,3.89%,"5,424"
CMI,100.40B,37.77,21.55,1.19,2.96,8.13,31.55,37.59,22.07%,16.19%,11.29%,18.13%,11.19%,727.59,4.71%,"862,384"
CMII,313.00M,-,-,-,-,1.35,263.03,-,-,-,-,-,-,9.99,0.00%,"100,109"
CMMB,11.23M,-,-,-,-,1.05,1.40,-,-11.11%,-50.00%,43.73%,-,-,1.56,0.65%,"24,676"
CMND,3.70M,-,-,-,-,0.22,0.27,-,-,-,39.75%,-,-,2.49,-7.09%,"86,036"
CMP,1.24B,196.55,25.24,-,0.96,4.53,16.76,12.37,275.80%,38.98%,-,-,2.77%,29.60,3.28%,"352,239"
CMPR,2.17B,50.37,17.47,0.12,0.59,-,11.50,11.05,575.86%,30.99%,-27.84%,142.59%,6.52%,89.70,-0.55%,"118,890"
CMPS,1.83B,-,-,-,-,5.61,3.93,-,76.18%,-89.47%,-12.77%,56.82%,-,13.58,7.95%,"3,166,390"
CMPX,372.78M,-,-,-,-,2.00,1.91,-,-4.25%,-5.87%,5.72%,30.12%,-,2.07,2.48%,"2,516,531"
CMRC,225.26M,-,5.78,0.17,0.65,4.80,1.43,7.17,67.03%,8.78%,15.35%,34.31%,17.58%,2.73,-2.15%,"334,808"
CMRE,1.77B,5.46,5.74,-,2.13,0.82,2.94,-,-18.43%,0.59%,-,-14.65%,12.96%,14.70,-2.46%,"350,750"
CMS,23.82B,21.34,18.46,2.41,2.70,2.58,90.56,-,7.58%,7.51%,5.98%,7.67%,5.88%,77.10,0.80%,"3,849,081"
CMT,211.54M,21.39,11.89,-,0.78,1.29,9.00,-,-29.61%,86.92%,5.71%,-,4.25%,23.77,0.64%,"16,838"
CMTG,329.51M,-,-,-,1.43,0.22,2.53,-,47.75%,57.12%,-,-,-5.88%,2.35,-2.89%,"763,852"
CMTL,61.42M,-,-,-,0.14,1.17,2.16,4.00,65.32%,10.37%,-,42.81%,-4.13%,2.05,-12.77%,"1,452,728"
CMTV,207.49M,11.71,-,-,3.02,1.78,-,10.89,-,-,8.21%,-,11.35%,37.11,-7.64%,"33,206"
CNA,12.70B,10.52,9.83,-,0.84,1.17,-,5.87,-18.36%,18.63%,13.12%,-,6.76%,46.94,0.00%,"525,936"
CNAV,-,-,-,-,-,-,-,-,-,-,-,-,-,46.72,4.10%,"7,586"
CNBS,-,-,-,-,-,-,-,-,-,-,-,-,-,27.17,4.39%,"5,282"
CNC,31.98B,-,14.34,0.33,0.16,1.49,-,4.50,68.25%,29.07%,-,42.91%,11.88%,64.77,2.86%,"5,803,619"
CNCG,-,-,-,-,-,-,-,-,-,-,-,-,-,33.73,5.95%,833
CNCK,297.68M,-,84.79,-,-,3.15,0.80,-,15.90%,135.03%,-,-,-,2.19,0.46%,"68,667"
CNDT,201.63M,-,27.86,-,0.07,0.31,0.80,-,1.55%,111.02%,-13.27%,-,-6.08%,1.30,-2.26%,"534,008"
CNEQ,-,-,-,-,-,-,-,-,-,-,-,-,-,39.57,-0.80%,"126,307"
CNET,3.44M,-,-,-,1.03,0.71,4.78,10.75,-,-,32.71%,-,-34.55%,0.94,-2.24%,"2,057"
CNEY,2.91M,0.08,-,-,0.08,0.03,7.47,-,-,-,-,-,23.31%,0.52,-21.64%,"6,872,942"
CNF,19.48M,-,-,-,0.23,0.04,0.40,-,-,-,-,-,-20.82%,2.84,-2.07%,"7,456"
CNH,13.55B,35.44,15.56,0.71,0.75,1.74,5.79,10.76,-26.33%,73.37%,-,21.94%,-7.02%,10.93,6.01%,"10,367,479"
CNI,73.01B,21.90,19.54,2.43,5.84,4.76,173.87,28.25,3.03%,11.22%,7.72%,8.03%,3.75%,120.36,3.84%,"1,819,438"
CNK,3.78B,26.03,13.42,0.36,1.17,9.92,14.45,14.52,105.89%,12.62%,-,37.35%,35.33%,32.37,-2.38%,"1,784,836"
CNL,1.09B,-,-,-,-,8.68,9.59,-,32.63%,15.80%,-91.99%,23.13%,-,12.60,0.80%,"73,618"
CNM,9.34B,20.47,16.26,1.02,1.22,4.44,62.26,15.41,9.95%,16.84%,58.46%,15.92%,15.99%,48.26,2.40%,"2,949,694"
CNMD,1.04B,19.49,7.22,1.26,0.76,1.02,29.71,8.41,-4.90%,9.70%,36.14%,5.75%,9.82%,34.56,-2.37%,"371,056"
CNNE,612.97M,-,-,-,1.47,0.66,4.52,-,76.76%,21.01%,-,-,-6.27%,13.95,-0.29%,"399,184"
CNO,4.84B,20.79,10.46,1.32,1.07,1.95,-,7.04,1.41%,11.18%,1.73%,7.94%,3.32%,51.90,-0.46%,"822,270"
CNOB,1.67B,19.20,9.08,-,2.26,1.13,-,16.67,100.12%,12.45%,-1.79%,-,16.08%,33.29,-0.24%,"410,708"
CNP,28.93B,27.08,21.25,2.41,3.07,2.53,23.89,-,8.44%,9.05%,-,8.80%,4.75%,44.22,0.82%,"6,724,300"
CNQ,82.38B,11.85,11.03,1.02,2.95,2.58,142.29,17.05,69.38%,-18.28%,-,10.84%,17.11%,39.60,0.56%,"6,078,299"
CNQQ,-,-,-,-,-,-,-,-,-,-,-,-,-,26.24,2.15%,"2,373"
CNR,4.14B,-,11.61,-,0.98,1.14,9.20,17.12,201.49%,134.00%,-51.45%,-,32.88%,82.19,1.68%,"538,118"
CNRG,-,-,-,-,-,-,-,-,-,-,-,-,-,108.80,-0.09%,"9,400"
CNS,3.93B,25.32,19.87,-,6.75,6.98,74.06,20.41,12.30%,10.95%,13.58%,-,6.24%,76.49,2.00%,"373,388"
CNSP,6.06M,-,-,-,-,47.65,2.06,-,95.38%,-0.61%,85.25%,62.53%,-,4.15,-0.44%,"7,610"
CNTA,6.27B,-,-,-,-,12.86,22.66,-,-14.69%,1.02%,-130.75%,32.75%,-,40.50,0.00%,0
CNTB,130.33M,-,-,-,566.64,3.05,2.83,-,-4.22%,0.36%,12.68%,10.51%,-,2.07,-2.36%,"167,713"
CNTN,187.43M,-,-,-,-,0.32,4.51,-,-,-,58.22%,-,-,2.68,0.75%,"932,788"
CNTX,51.45M,-,-,-,-,0.99,0.94,-,-3.28%,-10.33%,-,-11.58%,-,0.56,-2.78%,"2,044,102"
CNTY,36.29M,-,-,-,0.06,-,0.61,-,22.12%,24.13%,-4.66%,44.79%,13.49%,1.29,0.00%,"169,806"
CNVS,57.07M,-,-,-,1.03,1.49,23.20,-,-525.00%,91.91%,-,36.84%,14.75%,2.68,-4.29%,"209,460"
CNX,4.76B,4.68,8.06,0.37,2.05,1.03,769.43,8.53,23.18%,33.28%,-,22.03%,14.56%,33.61,-0.33%,"1,651,979"
CNXC,1.37B,-,1.75,-,0.14,0.49,5.61,2.84,4.37%,9.63%,-,-,15.80%,22.52,-7.10%,"2,270,549"
CNXN,1.79B,20.67,16.79,-,0.62,1.95,4.36,14.42,14.10%,7.90%,9.06%,-,2.09%,71.11,0.92%,"190,835"
CNXT,-,-,-,-,-,-,-,-,-,-,-,-,-,62.15,3.88%,"69,508"
CNXU,273.47M,-,-,-,-,38.00,37.46,-,-,-,-,-,-,10.22,-4.40%,"58,621"
CNYA,-,-,-,-,-,-,-,-,-,-,-,-,-,38.25,1.92%,"55,858"
COAG,1.29B,-,-,-,-,-,7.92,-,95.85%,11.87%,-,64.31%,-,27.72,-3.60%,"126,428"
COAL,-,-,-,-,-,-,-,-,-,-,-,-,-,23.22,0.13%,"45,507"
COCH,51.73M,-,-,-,224.91,5.09,2.05,-,75.61%,-,-,-,-,0.67,6.66%,"10,254,660"
COCO,4.71B,59.80,42.33,1.79,7.16,13.39,23.20,73.07,45.61%,12.54%,15.11%,23.66%,14.44%,82.55,-0.29%,"783,431"
COCP,13.93M,-,-,-,60.56,3.38,2.93,-,12.18%,6.57%,-34.96%,3.54%,-,1.01,-3.81%,"97,176"
CODA,106.38M,21.56,16.12,0.96,3.81,1.73,3.47,17.79,28.38%,23.16%,4.39%,16.83%,5.79%,9.43,0.32%,"132,892"
CODI,741.08M,-,35.18,-,0.40,-,12.20,73.30,289.18%,-0.88%,-60.18%,-,6.62%,9.85,-2.96%,"466,237"
CODX,11.24M,-,-,-,22.05,0.68,1.37,-,-,-,-,-,-64.54%,3.05,-14.57%,"221,147"
COE,63.90M,-,-,-,0.59,-,1.80,-,-,-,-,-,-20.27%,15.00,0.00%,"15,562"
COF,126.22B,72.23,8.45,0.68,1.68,1.12,-,4.63,-0.41%,24.10%,-4.88%,12.51%,16.93%,204.90,2.20%,"4,466,738"
COFS,490.73M,8.84,8.90,-,2.03,1.04,-,16.64,-1.99%,2.13%,-0.58%,-,23.64%,32.77,-0.97%,"72,799"
COGT,6.49B,-,-,-,-,11.96,7.50,-,-3.94%,65.17%,30.89%,-,-,38.01,1.28%,"3,269,984"
COHH,-,-,-,-,-,-,-,-,-,-,-,-,-,15.12,7.39%,"260,471"
COHN,30.18M,2.27,-,-,0.07,0.58,1.59,0.10,-,-,-10.71%,-,19.63%,12.02,-2.20%,"2,488"
COHR,79.67B,194.43,49.10,0.94,12.07,7.46,32.39,-,54.51%,52.09%,8.01%,52.04%,19.54%,407.25,3.76%,"4,472,165"
COHU,3.18B,-,45.56,-,6.60,4.13,6.50,79.11,364.29%,154.30%,-36.97%,-,-6.56%,67.36,5.81%,"1,860,633"
COHX,-,-,-,-,-,-,-,-,-,-,-,-,-,60.47,7.79%,"686,285"
COIA,-,-,-,-,-,-,-,-,-,-,-,-,-,6.22,-10.00%,"36,380"
COIG,-,-,-,-,-,-,-,-,-,-,-,-,-,4.00,-10.09%,"228,209"
COIN,37.55B,53.59,28.07,2.18,5.67,2.78,3.50,21.38,-85.55%,689.50%,52.26%,12.88%,41.24%,142.52,-5.06%,"7,734,922"
COIO,-,-,-,-,-,-,-,-,-,-,-,-,-,7.21,0.00%,0
COIW,-,-,-,-,-,-,-,-,-,-,-,-,-,7.95,-6.25%,"129,353"
COKE,11.93B,26.16,-,-,1.59,-,51.21,17.94,-,-,30.04%,-,7.62%,179.23,0.95%,"565,016"
COLA,47.77M,88.58,-,-,-,2.31,477.75,-,-,-,-,-,-,10.63,0.09%,"36,268"
COLB,9.28B,12.80,9.45,1.66,2.73,1.21,-,8.75,-2.04%,11.00%,1.17%,5.69%,38.87%,32.07,1.71%,"2,923,057"
COLD,4.26B,-,83.01,-,1.64,1.51,106.95,11.53,106.94%,547.69%,-,-,5.53%,14.93,5.59%,"7,023,099"
COLL,1.13B,17.06,4.64,-,1.42,3.61,2.56,3.43,4.88%,-3.50%,17.92%,-4.01%,20.28%,34.84,-2.08%,"229,560"
COLM,3.27B,20.26,15.13,2.66,0.96,2.06,6.10,18.73,4.23%,9.78%,14.88%,5.68%,6.31%,63.86,-1.01%,"668,413"
COLO,-,-,-,-,-,-,-,-,-,-,-,-,-,41.81,-2.13%,"237,996"
COM,-,-,-,-,-,-,-,-,-,-,-,-,-,32.70,0.80%,"52,986"
COMB,-,-,-,-,-,-,-,-,-,-,-,-,-,24.21,1.57%,"23,517"
COMD,-,-,-,-,-,-,-,-,-,-,-,-,-,25.81,1.80%,"11,095"
COMP,8.37B,1032.71,23.55,-,1.01,2.92,17.29,529.61,420.00%,46.64%,31.41%,-,13.35%,11.05,3.76%,"20,388,103"
COMT,-,-,-,-,-,-,-,-,-,-,-,-,-,30.65,1.79%,"344,057"
CON,3.79B,21.70,17.43,1.53,1.70,8.92,61.41,17.95,10.76%,11.96%,-6.16%,11.42%,5.72%,29.61,1.61%,"941,718"
CONI,-,-,-,-,-,-,-,-,-,-,-,-,-,67.87,10.02%,"100,938"
CONL,-,-,-,-,-,-,-,-,-,-,-,-,-,4.09,-10.02%,"18,775,735"
CONX,-,-,-,-,-,-,-,-,-,-,-,-,-,4.92,-10.11%,"122,203"
CONY,-,-,-,-,-,-,-,-,-,-,-,-,-,18.43,-5.92%,"530,001"
COO,13.78B,59.66,14.09,1.41,3.26,1.67,99.11,24.19,12.34%,8.28%,9.30%,9.97%,10.98%,70.64,2.63%,"3,267,092"
COOK,220.73M,-,119.97,-,0.43,1.25,6.55,4.35,65.69%,132.13%,-,-,0.50%,79.35,1.10%,"87,108"
COOT,28.02M,-,-,-,1.04,9.67,37.36,-,-,-,7.22%,-,-,0.60,-1.64%,"8,315"
COP,129.64B,18.09,11.79,0.83,2.24,2.01,20.37,22.15,65.47%,-11.49%,-,14.21%,25.63%,106.41,-0.48%,"7,827,585"
COPA,-,-,-,-,-,-,-,-,-,-,-,-,-,47.74,1.20%,"1,649"
COPJ,-,-,-,-,-,-,-,-,-,-,-,-,-,38.38,0.97%,"65,550"
COPL,190.78M,350.84,-,-,-,11.14,-,-,-,-,-,-,-,10.42,-0.19%,923
COPP,-,-,-,-,-,-,-,-,-,-,-,-,-,37.72,1.62%,"172,614"
COPX,-,-,-,-,-,-,-,-,-,-,-,-,-,76.48,1.03%,"5,454,079"
COPY,-,-,-,-,-,-,-,-,-,-,-,-,-,14.77,0.34%,"75,957"
COPZ,-,-,-,-,-,-,-,-,-,-,-,-,-,13.56,1.24%,"18,532"
COR,55.83B,22.01,14.48,1.30,0.17,16.43,24.97,35.83,11.16%,11.40%,-,11.17%,11.09%,286.95,0.87%,"1,485,072"
CORB,-,-,-,-,-,-,-,-,-,-,-,-,-,29.62,0.07%,"133,803"
CORD,-,-,-,-,-,-,-,-,-,-,-,-,-,5.62,3.88%,"2,580,986"
CORN,-,-,-,-,-,-,-,-,-,-,-,-,-,16.95,1.99%,"711,335"
CORO,-,-,-,-,-,-,-,-,-,-,-,-,-,36.39,0.75%,"716,174"
CORP,-,-,-,-,-,-,-,-,-,-,-,-,-,97.19,0.12%,"65,597"
CORT,9.10B,242.14,32.42,0.37,11.83,14.26,26.90,75.95,-28.59%,346.42%,-0.84%,87.68%,16.56%,84.75,3.91%,"1,101,066"
CORZ,8.67B,-,61.92,-,24.44,-,8.14,-,-20.13%,141.66%,-435.73%,-,-,27.27,-1.87%,"10,279,794"
COSM,11.50M,-,2.65,-,0.17,0.47,5.25,-,101.59%,600.00%,-,-,3.33%,0.19,-10.91%,"2,422,672"
COSO,327.56M,12.27,10.14,-,2.37,1.23,-,-,7.41%,14.44%,22.07%,-,25.35%,26.92,-0.92%,"182,442"
COST,417.86B,47.39,41.55,3.74,1.42,12.47,20.90,47.45,12.72%,10.47%,15.09%,11.11%,10.54%,942.24,-1.96%,"2,421,987"
COSW,-,-,-,-,-,-,-,-,-,-,-,-,-,40.83,-2.05%,"3,372"
COTG,-,-,-,-,-,-,-,-,-,-,-,-,-,12.92,-3.76%,"127,812"
COTY,1.66B,-,5.38,0.25,0.29,0.54,6.13,5.33,-2.03%,62.01%,19.99%,21.87%,4.55%,1.88,-3.59%,"15,457,465"
COUR,1.65B,-,7.84,0.34,2.13,1.54,2.09,24.08,36.33%,38.10%,9.17%,22.96%,20.88%,5.76,-5.42%,"8,377,566"
COWG,-,-,-,-,-,-,-,-,-,-,-,-,-,38.33,1.59%,"268,563"
COWS,-,-,-,-,-,-,-,-,-,-,-,-,-,36.28,0.03%,"11,068"
COWZ,-,-,-,-,-,-,-,-,-,-,-,-,-,62.21,-0.08%,"799,979"
COYA,120.33M,-,-,-,15.16,2.46,2.37,-,-6.86%,-2.54%,-75.69%,4.68%,-,5.13,-3.57%,"128,467"
COYY,-,-,-,-,-,-,-,-,-,-,-,-,-,18.27,-1.59%,"14,093"
COZX,-,-,-,-,-,-,-,-,-,-,-,-,-,25.51,-3.59%,"80,309"
CP,77.27B,26.83,20.97,1.55,7.13,2.33,263.65,52.29,11.17%,14.93%,3.74%,13.54%,13.42%,87.04,2.67%,"4,254,790"
CPA,6.46B,9.15,7.96,0.62,1.71,2.23,4.84,-,0.48%,20.62%,-,12.75%,35.20%,157.04,0.11%,"327,156"
CPAC,1.01B,19.55,17.51,-,1.62,2.80,44.93,14.56,-20.70%,60.15%,21.16%,-,9.86%,11.93,-0.50%,"48,047"
CPAG,-,-,-,-,-,-,-,-,-,-,-,-,-,102.94,0.07%,"2,150"
CPAI,-,-,-,-,-,-,-,-,-,-,-,-,-,50.86,0.85%,"44,883"
CPAY,21.30B,19.48,10.63,0.57,4.45,6.14,2.42,16.25,25.25%,14.51%,13.14%,18.60%,13.65%,325.81,-5.36%,"1,358,498"
CPB,6.66B,10.99,11.45,-,0.67,1.65,16.58,9.76,-26.79%,-10.25%,0.70%,-11.53%,3.36%,22.35,0.49%,"9,436,840"
CPBI,78.67M,18.02,-,-,2.59,0.83,-,14.38,-,-,5.25%,-,17.94%,18.81,-0.48%,"2,319"
CPER,-,-,-,-,-,-,-,-,-,-,-,-,-,36.98,1.85%,"607,922"
CPF,985.58M,12.60,10.59,-,2.70,1.66,-,11.17,14.22%,9.18%,16.71%,-,7.40%,37.76,1.59%,"130,842"
CPHC,80.81M,-,-,-,1.35,0.96,3.78,16.46,-,-,-,-,12.44%,15.69,-0.28%,803
CPHI,25.30M,-,-,-,6.34,0.68,148.81,168.65,-,-,53.14%,-,-17.53%,0.62,-2.44%,"45,827"
CPHY,-,-,-,-,-,-,-,-,-,-,-,-,-,51.56,0.07%,714
CPII,-,-,-,-,-,-,-,-,-,-,-,-,-,19.01,0.13%,"1,831"
CPIX,89.30M,-,-,-,2.13,4.13,8.11,65.18,-,-,2.82%,-,3.52%,5.96,-1.49%,"29,897"
CPK,2.95B,19.67,16.79,1.75,2.99,1.78,626.93,-,7.31%,13.36%,7.03%,9.60%,13.76%,122.75,0.58%,"165,710"
CPLB,-,-,-,-,-,-,-,-,-,-,-,-,-,21.03,0.10%,"32,431"
CPLS,-,-,-,-,-,-,-,-,-,-,-,-,-,35.25,0.01%,"5,292"
CPNG,30.62B,-,41.64,0.46,0.87,7.85,4.79,107.31,-202.90%,461.92%,-,90.85%,23.61%,17.06,-3.94%,"18,814,333"
CPNJ,-,-,-,-,-,-,-,-,-,-,-,-,-,27.51,0.09%,"5,491"
CPNM,-,-,-,-,-,-,-,-,-,-,-,-,-,26.73,0.07%,250
CPNQ,-,-,-,-,-,-,-,-,-,-,-,-,-,27.35,0.07%,"185,492"
CPNS,-,-,-,-,-,-,-,-,-,-,-,-,-,28.06,0.10%,"2,231"
CPNX,-,-,-,-,-,-,-,-,-,-,-,-,-,15.45,-8.31%,"5,256"
CPOP,11.18M,-,-,-,0.08,0.15,1.60,-,-,-,-,-,46.99%,0.11,-4.07%,"7,576,684"
CPRA,-,-,-,-,-,-,-,-,-,-,-,-,-,27.63,0.05%,765
CPRI,2.17B,24.61,7.38,0.35,0.62,27.15,14.93,154.87,42.44%,19.69%,-,20.78%,-3.07%,18.86,-1.41%,"2,230,760"
CPRJ,-,-,-,-,-,-,-,-,-,-,-,-,-,27.59,-0.16%,"1,007"
CPRO,-,-,-,-,-,-,-,-,-,-,-,-,-,28.11,-0.03%,"2,503"
CPRT,27.82B,18.72,17.96,6.93,6.00,3.17,6.62,20.77,-0.31%,5.56%,16.72%,2.59%,16.07%,30.05,-1.15%,"7,394,701"
CPRX,3.85B,18.06,13.06,0.85,6.44,3.79,5.09,18.48,16.27%,23.21%,19.00%,15.37%,37.68%,31.42,0.00%,"1,169,171"
CPRY,-,-,-,-,-,-,-,-,-,-,-,-,-,27.93,0.05%,"355,688"
CPS,488.98M,-,6.10,-,0.18,-,4.03,-,242.20%,83.65%,56.98%,-,2.90%,27.54,-1.85%,"126,245"
CPSA,-,-,-,-,-,-,-,-,-,-,-,-,-,27.70,-0.04%,"5,638"
CPSD,-,-,-,-,-,-,-,-,-,-,-,-,-,26.61,-0.07%,"5,672"
CPSF,-,-,-,-,-,-,-,-,-,-,-,-,-,26.14,-0.05%,"2,169"
CPSH,96.92M,898.21,27.94,-,3.02,3.71,7.74,1076.92,33.33%,350.00%,-16.68%,-,9.32%,5.03,-6.68%,"781,996"
CPSJ,-,-,-,-,-,-,-,-,-,-,-,-,-,27.64,-0.07%,"1,917"
CPSL,-,-,-,-,-,-,-,-,-,-,-,-,-,27.88,0.09%,"25,830"
CPSM,-,-,-,-,-,-,-,-,-,-,-,-,-,29.17,0.02%,"5,538"
CPSN,-,-,-,-,-,-,-,-,-,-,-,-,-,27.59,0.07%,857
CPSO,-,-,-,-,-,-,-,-,-,-,-,-,-,27.76,0.00%,0
CPSP,-,-,-,-,-,-,-,-,-,-,-,-,-,26.86,0.02%,"1,261"
CPSR,-,-,-,-,-,-,-,-,-,-,-,-,-,25.80,0.06%,"1,203"
CPSS,206.13M,11.24,-,-,0.47,0.66,1.11,0.69,-,-,-2.33%,-,7.31%,9.50,-0.42%,"13,226"
CPST,-,-,-,-,-,-,-,-,-,-,-,-,-,27.73,-0.07%,"5,359"
CPSU,-,-,-,-,-,-,-,-,-,-,-,-,-,27.55,-0.02%,"1,332"
CPSY,-,-,-,-,-,-,-,-,-,-,-,-,-,25.64,0.06%,"1,200"
CPT,15.36B,31.74,97.89,-,9.70,2.93,117.89,41.46,-53.74%,-29.13%,23.26%,-24.78%,8.46%,113.59,2.09%,"909,142"
CPXR,-,-,-,-,-,-,-,-,-,-,-,-,-,28.02,3.55%,"10,767"
CPZ,255.61M,13.15,-,-,-,-,-,-,-,-,-,-,-,13.02,1.09%,"90,541"
CQP,29.07B,13.97,13.90,-,2.56,9.90,96.57,10.22,-24.04%,10.02%,14.40%,-5.86%,12.72%,60.05,5.24%,"91,056"
CQQQ,-,-,-,-,-,-,-,-,-,-,-,-,-,54.69,1.24%,"775,281"
CQTM,-,-,-,-,-,-,-,-,-,-,-,-,-,30.18,-3.50%,"38,163"
CR,12.91B,40.92,29.29,2.34,5.28,6.16,36.33,35.72,12.41%,12.24%,15.24%,12.50%,-3.55%,223.59,4.54%,"506,194"
CRAC,226.03M,216.38,-,-,-,1.08,-,-,-,-,-,-,-,10.10,-0.15%,"56,306"
CRAI,924.02M,19.87,14.84,-,1.20,4.64,28.43,-,4.45%,12.05%,21.53%,-,8.13%,142.97,-0.97%,"170,456"
CRAK,-,-,-,-,-,-,-,-,-,-,-,-,-,45.59,1.56%,"50,246"
CRAN,365.86M,151.72,-,-,-,1.41,187.62,-,-,-,-,-,-,10.12,0.10%,"127,021"
CRAQ,322.34M,45.94,-,-,-,1.41,335.77,-,-,-,-,-,-,10.29,0.00%,"7,453"
CRBG,12.54B,47.29,4.84,0.33,0.69,1.25,-,7.66,6.59%,23.36%,-,14.86%,3.75%,28.14,0.57%,"4,401,676"
CRBN,-,-,-,-,-,-,-,-,-,-,-,-,-,249.37,0.12%,"3,710"
CRBP,152.85M,-,-,-,-,1.16,1.10,-,21.34%,-10.99%,32.70%,2.38%,-,8.25,0.92%,"311,219"
CRBU,155.71M,-,-,-,13.90,1.49,1.32,-,24.91%,-18.93%,-22.62%,-3.70%,-2.03%,1.57,-5.42%,"1,609,181"
CRC,4.78B,-,12.18,0.72,1.38,1.64,119.38,12.24,53.12%,-29.82%,-28.73%,16.97%,16.16%,53.78,0.67%,"745,123"
CRCA,-,-,-,-,-,-,-,-,-,-,-,-,-,16.30,-6.05%,"869,554"
CRCD,-,-,-,-,-,-,-,-,-,-,-,-,-,6.42,6.12%,"4,073,374"
CRCG,-,-,-,-,-,-,-,-,-,-,-,-,-,10.92,-6.59%,"1,900,561"
CRCL,17.10B,-,39.30,-,5.98,4.97,11.26,34.86,304.16%,94.89%,-,-,-,68.81,-3.06%,"10,806,405"
CRCO,-,-,-,-,-,-,-,-,-,-,-,-,-,14.25,-4.43%,"67,316"
CRCT,927.75M,12.95,22.67,-,1.31,2.60,3.63,6.76,-45.00%,1.30%,-12.60%,-18.42%,-5.87%,4.42,0.00%,"415,830"
CRD-A,530.64M,31.07,10.56,-,0.40,3.05,8.23,4.86,0.73%,14.18%,-5.79%,-,5.27%,11.05,-4.66%,"59,030"
CRD-B,514.64M,28.99,9.85,-,0.39,2.85,7.99,4.72,0.73%,14.18%,-5.79%,-,5.27%,10.31,-7.53%,"4,651"
CRDD,-,-,-,-,-,-,-,-,-,-,-,-,-,11.26,-1.19%,"2,460"
CRDF,82.73M,-,-,-,156.10,2.38,1.80,-,1.32%,-20.42%,8.71%,-17.89%,10.13%,1.21,-3.97%,"1,267,098"
CRDL,119.88M,-,-,-,-,6.71,6.05,-,-23.91%,52.55%,11.60%,-,-,1.04,0.97%,"520,381"
CRDO,49.98B,108.09,30.24,0.68,37.44,24.08,34.63,122.81,76.40%,45.23%,-,44.25%,86.80%,268.03,-0.36%,"8,151,259"
CRDT,-,-,-,-,-,-,-,-,-,-,-,-,-,23.20,-0.03%,"1,099"
CRDU,-,-,-,-,-,-,-,-,-,-,-,-,-,94.65,0.69%,"425,187"
CRDX,-,-,-,-,-,-,-,-,-,-,-,-,-,5.76,-2.49%,"2,833"
CRE,5.48M,7.27,-,-,0.33,0.83,0.78,3.94,-,-,-,-,-,2.72,-15.53%,"57,408"
CRED,-,-,-,-,-,-,-,-,-,-,-,-,-,22.93,-0.96%,413
CREG,6.18M,-,-,-,17.66,0.03,0.04,2.86,-,-,-,-,-,2.25,-2.17%,"91,302"
CRESY,715.52M,5.00,-,-,0.86,0.74,1.51,6.74,-,-,4.48%,-,-15.36%,11.03,-2.13%,"273,383"
CREX,41.63M,-,16.44,-,0.65,3.19,22.75,-,-4.65%,138.64%,30.38%,-,26.80%,3.94,-0.25%,"15,622"
CRF,1.15B,6.98,-,-,84.70,1.09,-,-,-,-,-,-,-,7.12,1.57%,"731,671"
CRGO,70.29M,-,-,-,2.37,1.86,2.63,-,30.00%,79.59%,6.03%,-,21.52%,1.36,-1.45%,"21,403"
CRGY,3.34B,-,4.36,0.65,0.87,0.71,219.44,4.91,28.93%,-0.17%,-,6.73%,36.54%,10.10,-0.69%,"4,709,437"
CRH,75.54B,20.95,16.89,1.64,1.98,3.27,23.03,24.11,6.56%,12.75%,30.98%,10.32%,6.30%,113.05,0.92%,"4,298,908"
CRI,1.59B,17.38,11.79,2.51,0.54,1.71,3.35,12.50,-5.90%,11.89%,0.20%,4.70%,-0.85%,43.09,-0.55%,"839,816"
CRIB,-,-,-,-,-,-,-,-,-,-,-,-,-,25.43,0.49%,"8,910"
CRIS,8.02M,-,-,-,1.14,0.65,0.53,-,-172.41%,35.76%,45.78%,-27.42%,-2.71%,0.21,-39.51%,"4,465,963"
CRK,4.07B,6.56,13.11,0.31,2.03,1.48,275.43,-,-0.25%,96.46%,-,42.34%,17.58%,13.87,3.05%,"1,799,214"
CRL,10.25B,-,17.26,1.85,2.54,3.48,52.88,26.18,7.91%,11.12%,-,9.34%,6.55%,212.71,5.25%,"1,536,090"
CRM,123.01B,17.39,9.62,0.76,2.87,3.59,10.39,8.39,12.86%,10.45%,12.24%,12.70%,14.34%,150.19,-1.68%,"11,251,151"
CRMD,605.65M,3.68,89.77,-,1.51,1.38,3.39,3.11,-75.49%,-82.80%,-,-,319.75%,7.72,-7.99%,"3,041,821"
CRMG,-,-,-,-,-,-,-,-,-,-,-,-,-,3.78,-3.08%,"3,820,285"
CRML,1.13B,-,-,-,-,7.81,13.97,-,-140.74%,70.00%,-461.53%,-,-,9.26,-0.96%,"4,272,447"
CRMT,31.47M,-,16.48,5.17,0.02,0.07,0.13,2.23,-671.46%,101.73%,-20.61%,3.19%,13.31%,3.79,6.16%,"1,051,487"
CRMU,-,-,-,-,-,-,-,-,-,-,-,-,-,4.94,-1.13%,"99,667"
CRMX,-,-,-,-,-,-,-,-,-,-,-,-,-,11.35,-2.66%,"87,685"
CRNC,445.10M,-,12.87,0.89,1.47,2.81,4.11,5.93,4.19%,7.76%,2.93%,14.52%,-5.32%,9.85,-0.30%,"652,425"
CRNT,213.93M,-,11.33,-,0.64,1.25,5.46,8.86,48.89%,56.72%,35.62%,-,5.20%,2.38,-5.18%,"914,442"
CRNX,3.69B,-,-,-,204.17,2.88,2.86,-,2.94%,12.46%,-15.33%,22.72%,-,34.99,-3.29%,"1,449,908"
CRON,1.02B,-,25.59,-,6.39,0.96,1.24,38.45,569.88%,13.54%,34.75%,-,25.70%,2.73,0.74%,"880,800"
CROX,5.91B,-,8.19,1.59,1.47,4.20,45.13,9.19,9.24%,6.28%,-,5.16%,23.86%,118.88,-2.08%,"1,003,615"
CRPT,-,-,-,-,-,-,-,-,-,-,-,-,-,11.41,-4.12%,"278,602"
CRS,29.77B,63.07,47.61,1.79,9.83,14.40,101.00,73.08,41.43%,18.99%,217.98%,26.62%,5.70%,599.24,3.15%,"832,257"
CRSH,-,-,-,-,-,-,-,-,-,-,-,-,-,21.89,-1.40%,"5,376"
CRSP,5.21B,-,-,-,1269.83,2.87,2.13,-,25.29%,23.46%,-4.10%,26.48%,37.31%,53.98,0.80%,"2,091,161"
CRSR,940.56M,105.14,11.47,1.26,0.65,1.45,7.87,20.84,14.99%,7.63%,-,9.12%,-2.86%,8.80,1.62%,"1,765,836"
CRT,53.34M,16.62,-,-,11.83,25.10,35.56,-,-,-,-0.80%,-,1.72%,8.89,2.54%,"18,333"
CRTC,-,-,-,-,-,-,-,-,-,-,-,-,-,37.90,0.54%,"12,266"
CRTO,875.75M,8.17,3.64,0.34,0.46,0.77,2.51,4.89,-8.55%,13.73%,17.43%,10.77%,-1.33%,17.48,-3.53%,"299,604"
CRUC,-,-,-,-,-,-,-,-,-,-,-,-,-,23.64,-4.97%,969
CRUS,7.77B,19.63,16.25,-,3.89,3.66,8.75,12.20,-3.84%,6.43%,16.74%,-,7.84%,153.98,-2.34%,"634,392"
CRUX,-,-,-,-,-,-,-,-,-,-,-,-,-,30.03,0.15%,"154,029"
CRVL,3.13B,28.90,-,-,3.27,7.98,13.44,28.40,-,-,20.24%,-,11.64%,61.78,-0.24%,"228,319"
CRVO,45.32M,-,-,-,21.68,2.92,3.51,-,9.49%,8.92%,33.23%,7.92%,-,3.35,2.76%,"590,182"
CRVS,1.10B,-,-,-,-,4.56,4.64,-,-258.33%,-25.46%,-21.44%,-,-,13.05,0.77%,"1,304,821"
CRWD,172.76B,-,108.66,3.71,33.91,37.28,37.62,120.70,32.39%,26.47%,-8.80%,29.27%,40.64%,678.65,0.84%,"2,694,782"
CRWG,-,-,-,-,-,-,-,-,-,-,-,-,-,31.61,-4.36%,"663,505"
CRWL,-,-,-,-,-,-,-,-,-,-,-,-,-,51.11,2.00%,"77,888"
CRWS,30.92M,16.84,-,-,0.38,1.02,154.60,4.17,-,-,-22.00%,-,0.77%,2.89,1.05%,"55,056"
CRWU,-,-,-,-,-,-,-,-,-,-,-,-,-,6.02,-4.14%,"2,675,147"
CRWV,53.88B,-,-,-,8.65,11.04,17.71,-,-122.38%,72.31%,-,-,-,98.76,-2.10%,"21,577,286"
CRXP,-,-,-,-,-,-,-,-,-,-,-,-,-,19.96,0.15%,5
CRY,-,-,-,-,-,-,-,-,-,-,-,-,-,20.70,-0.41%,"1,507"
CSAI,6.90M,-,-,-,1.36,0.74,0.82,-,43.64%,33.87%,-28.36%,58.26%,123.42%,0.28,-4.83%,"3,620,253"
CSAN,2.82B,-,7.72,-,0.39,4.22,0.69,97.94,96.16%,613.42%,-,-,22.54%,2.88,-0.35%,"1,573,686"
CSB,-,-,-,-,-,-,-,-,-,-,-,-,-,65.30,0.49%,"3,578"
CSBR,84.44M,-,-,-,1.46,19.71,11.84,22.10,-,-,-,-,12.13%,6.08,-0.98%,"6,646"
CSCL,-,-,-,-,-,-,-,-,-,-,-,-,-,63.65,-1.79%,"19,520"
CSCO,468.91B,38.79,24.86,2.17,7.72,9.59,28.18,39.78,12.22%,11.91%,-0.69%,11.45%,2.82%,118.97,-0.63%,"26,111,863"
CSCS,-,-,-,-,-,-,-,-,-,-,-,-,-,13.11,0.88%,"3,836"
CSD,-,-,-,-,-,-,-,-,-,-,-,-,-,149.68,3.35%,"38,478"
CSEN,-,-,-,-,-,-,-,-,-,-,-,-,-,24.00,1.22%,"210,779"
CSEX,-,-,-,-,-,-,-,-,-,-,-,-,-,18.55,-1.15%,"160,889"
CSGP,11.70B,474.96,16.14,0.43,3.43,1.47,8.89,25.24,56.15%,30.66%,-51.08%,37.21%,14.37%,28.64,-3.92%,"6,402,657"
CSHI,-,-,-,-,-,-,-,-,-,-,-,-,-,49.75,0.04%,"520,039"
CSHP,-,-,-,-,-,-,-,-,-,-,-,-,-,99.58,0.06%,676
CSHR,480.99M,19.33,-,-,-,0.46,5344.38,-,-,-,-,-,-,3.65,1.96%,"225,585"
CSIO,-,-,-,-,-,-,-,-,-,-,-,-,-,28.96,0.76%,"13,522"
CSIQ,1.07B,-,12.14,-,0.20,0.37,0.58,-,65.79%,252.36%,-,-,9.98%,15.82,5.61%,"1,778,077"
CSL,15.72B,22.66,16.60,1.54,3.16,9.52,20.38,17.03,8.00%,11.68%,24.22%,10.80%,4.79%,388.40,2.61%,"430,983"
CSM,-,-,-,-,-,-,-,-,-,-,-,-,-,83.72,-0.43%,"11,354"
CSMD,-,-,-,-,-,-,-,-,-,-,-,-,-,36.22,2.00%,"37,512"
CSNR,-,-,-,-,-,-,-,-,-,-,-,-,-,33.78,0.69%,"26,449"
CSPF,-,-,-,-,-,-,-,-,-,-,-,-,-,26.23,0.25%,"86,142"
CSPI,88.23M,-,-,-,1.52,1.96,3.82,-,-,-,44.10%,-,-1.01%,8.76,-4.26%,"72,982"
CSQ,3.24B,4.49,-,-,40.59,0.97,-,-,-,-,-,-,-,20.22,0.30%,"158,763"
CSR,1.00B,-,-,-,2.86,1.37,97.83,16.74,-202.65%,60.73%,-,-,14.68%,56.75,0.02%,"150,970"
CSRE,-,-,-,-,-,-,-,-,-,-,-,-,-,28.84,0.14%,"91,744"
CSSD,-,-,-,-,-,-,-,-,-,-,-,-,-,25.31,0.20%,"9,142"
CSTE,66.73M,-,-,-,0.17,0.56,1.28,-,-,-,-,-,-3.97%,1.93,0.00%,"122,204"
CSTK,-,-,-,-,-,-,-,-,-,-,-,-,-,32.69,1.04%,"7,482"
CSTL,694.86M,-,-,-,2.04,1.50,2.66,153.73,-76.48%,36.28%,-8.93%,15.45%,40.60%,22.91,3.57%,"305,351"
CSTM,4.59B,10.89,12.31,0.37,0.51,4.10,32.11,26.10,170.97%,-18.25%,-,33.41%,8.68%,33.73,3.28%,"1,519,121"
CSV,593.31M,13.50,9.94,-,1.42,2.22,203.89,14.67,7.87%,8.98%,29.65%,-,4.87%,37.38,-3.26%,"100,368"
CSW,4.70B,43.13,21.85,1.83,4.34,4.49,139.15,35.52,15.83%,9.72%,20.39%,11.97%,20.89%,288.19,2.76%,"96,619"
CSWC,1.45B,12.28,10.09,-,5.89,1.40,49.16,13.15,-3.48%,0.95%,-6.58%,-,32.81%,23.30,1.57%,"575,090"
CSX,88.15B,29.02,21.73,1.59,6.23,6.49,79.49,46.30,19.39%,13.56%,5.15%,13.67%,5.89%,47.44,3.00%,"11,350,208"
CTA,-,-,-,-,-,-,-,-,-,-,-,-,-,26.27,0.23%,"745,809"
CTAA,165.20M,-,-,-,-,1.37,105.90,-,-,-,-,-,-,9.90,0.00%,0
CTAP,-,-,-,-,-,-,-,-,-,-,-,-,-,26.16,-0.65%,"72,541"
CTAS,67.65B,35.68,31.10,2.78,6.13,14.13,369.27,37.81,11.28%,11.03%,16.77%,11.19%,7.85%,169.09,-1.08%,"1,245,462"
CTBI,1.30B,12.49,11.38,-,3.13,1.49,-,12.87,13.01%,2.28%,10.15%,-,12.39%,71.42,0.68%,"151,822"
CTEC,-,-,-,-,-,-,-,-,-,-,-,-,-,63.51,-0.94%,"1,532"
CTEF,-,-,-,-,-,-,-,-,-,-,-,-,-,92.60,1.36%,972
CTEV,591.90M,-,-,-,0.60,-,17.04,-,7.93%,12.89%,17.12%,8.96%,0.58%,34.72,13.87%,"102,888"
CTEX,-,-,-,-,-,-,-,-,-,-,-,-,-,41.88,-0.26%,"8,108"
CTGO,459.11M,-,3.46,-,-,1.42,4.71,-,160.27%,155.41%,-,-,-,14.92,0.61%,"509,931"
CTIF,-,-,-,-,-,-,-,-,-,-,-,-,-,52.11,0.56%,598
CTJN,-,-,-,-,-,-,-,-,-,-,-,-,-,24.65,-0.97%,2
CTKB,577.27M,-,-,-,2.83,1.76,2.20,-,32.69%,23.81%,-,23.81%,16.76%,4.47,4.44%,"1,362,346"
CTM,68.53M,-,36.18,-,1.24,1.89,4.35,40.79,0.00%,0.00%,31.45%,-,31.71%,0.72,-4.02%,"2,773,753"
CTMA,-,-,-,-,-,-,-,-,-,-,-,-,-,25.29,-0.48%,1
CTMX,711.88M,-,-,-,20.03,2.22,2.05,-,-177.09%,-19.39%,27.00%,-,-5.36%,3.27,-1.51%,"2,911,790"
CTNM,499.48M,-,-,-,-,2.00,2.03,-,24.10%,-10.11%,-,4.19%,-,13.36,4.21%,"349,810"
CTNT,4.61M,-,-,-,5.13,0.01,0.11,-,99.19%,39.01%,-8.85%,-,-33.56%,1.56,-6.59%,"220,489"
CTO,714.18M,100.00,36.87,-,4.61,1.22,37.85,14.50,462.50%,27.41%,-57.20%,-,21.54%,21.14,-0.52%,"222,512"
CTOR,61.37M,-,6.60,-,10.94,1.74,23.33,-,-52.94%,119.23%,-309.67%,-,-,0.66,-3.72%,"29,148"
CTOS,2.72B,-,49.85,-,1.37,3.37,283.28,-,179.43%,115.93%,20.60%,-,45.05%,11.97,5.00%,"1,471,982"
CTRE,9.40B,25.49,24.87,10.77,17.99,2.18,42.12,23.68,-5.01%,7.29%,13.11%,2.31%,21.73%,39.80,1.02%,"2,265,624"
CTRI,3.21B,94.12,31.05,0.71,1.02,3.73,53.28,-,68.10%,41.93%,-21.00%,43.48%,8.89%,31.85,1.27%,"1,881,353"
CTRM,19.22M,1.58,-,-,0.23,0.03,0.09,0.98,-,-,-,-,45.64%,1.99,-4.78%,"21,700"
CTRN,468.31M,40.21,23.67,-,0.55,3.75,5.77,16.29,345.54%,51.27%,-23.03%,-,0.92%,56.22,-11.38%,"988,411"
CTS,1.91B,28.47,23.12,-,3.44,3.43,21.03,21.81,8.97%,18.93%,15.54%,-,5.03%,66.82,-0.28%,"334,558"
CTSH,18.55B,8.50,6.34,0.68,0.87,1.23,12.23,7.51,8.14%,8.20%,12.13%,9.27%,4.86%,39.15,-5.53%,"14,767,765"
CTSO,28.91M,-,15.33,-,0.78,13.15,6.01,-,-30.77%,117.65%,8.19%,-,-2.00%,0.46,-1.50%,"54,718"
CTVA,54.59B,47.93,19.74,1.73,3.05,2.24,25.47,26.68,12.06%,10.49%,12.11%,11.39%,4.12%,81.62,1.91%,"3,358,147"
CTW,144.46M,36.51,115.75,-,1.60,5.02,11.68,-,-200.00%,133.33%,-,-,-,2.32,-2.29%,"2,605"
CTWO,-,-,-,-,-,-,-,-,-,-,-,-,-,17.05,0.00%,2
CTXR,14.97M,-,-,-,2.67,0.20,3.26,-,44.67%,56.68%,21.29%,-,-,0.55,-4.37%,"173,637"
CUB,330.58M,41.78,-,-,-,1.39,2754.86,-,-,-,-,-,-,10.78,-0.09%,"119,492"
CUBE,9.24B,28.42,27.12,16.54,8.17,3.47,976.11,16.27,0.40%,2.26%,11.38%,1.64%,10.58%,40.65,0.15%,"1,862,954"
CUBI,2.69B,10.08,8.25,-,1.79,1.25,-,6.36,35.42%,13.64%,9.00%,-,19.25%,79.45,1.03%,"236,509"
CUE,107.28M,-,-,-,3.28,3.85,6.55,-,20.95%,-42.32%,29.04%,-,54.16%,25.54,-1.81%,"42,488"
CULP,39.12M,-,-,-,0.20,0.78,3.37,-,38.56%,84.04%,6.75%,-,-3.60%,3.09,-0.32%,"13,874"
CUPR,5.20M,-,-,-,129.93,3.85,2.15,-,-,-,-75.01%,-,-3.22%,5.65,-1.57%,"363,682"
CURB,3.31B,102.15,220.34,-,16.25,1.75,10.81,33.21,-58.20%,-8.05%,-,-,-,31.33,0.16%,"878,826"
CURE,-,-,-,-,-,-,-,-,-,-,-,-,-,106.37,4.52%,"93,203"
CURI,144.66M,-,13.94,-,2.02,3.97,7.07,11.74,175.00%,112.12%,37.69%,-,12.58%,2.44,-1.61%,"272,048"
CURR,323.37M,-,-,-,8.55,-,4.30,43.82,-,-,-155.82%,-,-,2.88,2.49%,"47,852"
CURV,207.00M,-,49.92,-,0.21,-,8.90,51.49,71.43%,308.33%,-,-,0.54%,2.08,-0.95%,"244,220"
CURX,7.41M,-,-,-,-,0.92,1.84,-,-,-,-,-,-,0.26,-1.51%,"67,863"
CUSD,-,-,-,-,-,-,-,-,-,-,-,-,-,19.65,3.21%,"293,193"
CUST,-,-,-,-,-,-,-,-,-,-,-,-,-,25.07,0.04%,"12,304"
CUT,-,-,-,-,-,-,-,-,-,-,-,-,-,28.34,1.36%,"1,826"
CUZ,4.81B,-,73.56,2.95,4.78,1.07,763.94,38.37,-68.92%,433.09%,-24.70%,24.92%,6.07%,29.25,1.95%,"1,249,025"
CV,349.24M,-,-,-,25.76,17.23,19.48,-,49.51%,19.23%,-,-,-,6.99,-1.41%,"120,997"
CVAR,-,-,-,-,-,-,-,-,-,-,-,-,-,28.45,0.31%,"3,953"
CVBF,3.96B,14.73,11.88,-,6.07,1.31,-,16.69,-5.15%,31.10%,3.19%,-,6.49%,22.46,1.86%,"1,509,717"
CVCO,4.69B,25.38,21.18,1.77,2.09,4.27,17.16,20.21,-0.13%,19.98%,23.80%,11.96%,15.25%,608.52,-0.50%,"146,524"
CVE,46.11B,13.54,9.59,0.42,1.31,1.99,24.99,14.69,109.07%,-21.69%,-,23.03%,28.64%,24.68,-0.04%,"11,209,223"
CVEO,362.00M,-,49.01,-,0.54,2.25,21.87,181.91,31.13%,161.64%,30.28%,-,3.82%,33.08,0.27%,"100,678"
CVGD,-,-,-,-,-,-,-,-,-,-,-,-,-,25.02,0.62%,"1,056"
CVGI,173.12M,-,54.69,-,0.27,1.16,6.04,9.40,73.96%,169.33%,10.87%,-,-1.99%,4.74,2.82%,"440,834"
CVI,2.75B,-,17.08,-,0.37,5.10,5.36,12.37,167.57%,93.92%,-,-,12.75%,27.31,1.90%,"1,495,549"
CVIE,-,-,-,-,-,-,-,-,-,-,-,-,-,84.48,1.26%,"38,850"
CVKD,8.21M,-,-,-,-,3.99,3.55,-,16.82%,38.08%,-,26.75%,-,2.86,-4.03%,"39,392"
CVLC,-,-,-,-,-,-,-,-,-,-,-,-,-,92.92,0.39%,"34,697"
CVLG,1.10B,301.38,16.69,-,0.92,2.70,98.13,-,9.48%,56.72%,-,-,6.79%,43.82,2.34%,"120,997"
CVLT,5.53B,84.66,22.00,1.01,4.67,737.35,6.14,23.30,20.57%,16.10%,-,21.77%,10.35%,133.94,2.43%,"837,036"
CVM,14.12M,-,-,-,-,1.20,7.47,-,-,-,23.99%,-,-,0.97,-2.07%,"454,753"
CVMC,-,-,-,-,-,-,-,-,-,-,-,-,-,75.58,0.65%,"3,958"
CVNA,72.61B,33.23,31.79,1.66,3.22,12.72,24.17,98.12,-8.76%,35.06%,-,19.14%,29.47%,66.20,-2.52%,"9,980,728"
CVNY,-,-,-,-,-,-,-,-,-,-,-,-,-,21.58,-2.88%,"16,100"
CVR,9.94M,-,-,-,0.36,0.54,6.85,-,-,-,-,-,0.22%,10.28,2.53%,"2,816"
CVRD,-,-,-,-,-,-,-,-,-,-,-,-,-,17.87,-0.18%,8
CVRT,-,-,-,-,-,-,-,-,-,-,-,-,-,51.15,0.03%,"8,487"
CVRX,139.31M,-,-,-,2.36,4.77,1.93,-,3.78%,3.46%,-22.44%,6.49%,56.40%,5.25,1.84%,"193,069"
CVS,133.54B,45.96,12.47,0.99,0.33,1.72,11.30,18.06,9.93%,13.08%,-23.94%,12.65%,8.40%,104.66,2.74%,"8,918,051"
CVSA,4.23B,20.95,13.97,0.98,2.21,3.10,28.39,12.56,20.76%,10.34%,10.18%,14.30%,11.19%,124.16,1.10%,"349,587"
CVSB,-,-,-,-,-,-,-,-,-,-,-,-,-,50.73,0.03%,"16,153"
CVSM,-,-,-,-,-,-,-,-,-,-,-,-,-,25.89,0.82%,"2,803"
CVU,63.14M,36.54,-,-,0.89,2.31,63.14,-,-,-,26.51%,-,-4.59%,4.78,0.42%,"26,765"
CVV,46.53M,-,-,-,2.41,2.00,5.67,-,-,-,24.09%,-,8.79%,6.70,-1.83%,"39,254"
CVX,343.03B,29.89,13.86,0.69,1.82,1.87,62.08,24.55,97.86%,-13.83%,-,20.13%,14.35%,172.24,0.46%,"7,870,814"
CVY,-,-,-,-,-,-,-,-,-,-,-,-,-,28.72,0.17%,"8,850"
CW,28.36B,56.23,44.98,3.35,7.86,10.78,82.58,48.01,15.11%,12.07%,21.83%,13.44%,7.91%,767.73,0.63%,"218,912"
CWAN,7.33B,-,29.66,1.49,8.88,3.56,89.94,47.39,25.56%,22.12%,5.26%,19.87%,29.19%,24.56,0.00%,0
CWB,-,-,-,-,-,-,-,-,-,-,-,-,-,107.52,0.36%,"719,019"
CWBC,719.87M,12.25,8.83,-,3.62,1.21,-,17.53,10.30%,36.17%,4.35%,-,19.71%,26.53,-1.27%,"485,832"
CWCO,465.29M,26.97,20.06,-,3.63,2.08,3.68,16.70,-19.83%,55.91%,36.13%,-,12.70%,29.08,-1.26%,"136,244"
CWD,5.35M,-,-,-,0.31,4.23,1.16,-,-,-,-8.25%,-,-11.91%,0.61,-6.49%,"45,807"
CWEB,-,-,-,-,-,-,-,-,-,-,-,-,-,17.70,-5.35%,"770,972"
CWEN,7.56B,594.19,29.27,4.63,5.15,2.53,11.12,11.53,-176.81%,214.61%,45.81%,6.32%,2.44%,36.84,0.16%,"1,028,442"
CWH,764.15M,-,6.66,0.06,0.12,2.19,3.82,-,242.09%,71.39%,-,102.55%,3.18%,7.42,-1.85%,"1,929,005"
CWI,-,-,-,-,-,-,-,-,-,-,-,-,-,40.33,0.85%,"251,147"
CWK,3.05B,41.45,7.60,0.10,0.29,1.56,4.92,24.99,321.29%,17.34%,-,77.90%,5.58%,13.00,0.00%,"1,770,582"
CWS,-,-,-,-,-,-,-,-,-,-,-,-,-,68.32,0.19%,"2,764"
CWST,5.87B,822.91,52.69,3.07,3.13,3.74,46.28,57.39,6.58%,29.47%,-41.82%,17.18%,18.85%,92.33,1.19%,"633,504"
CWT,2.85B,23.85,17.10,-,2.82,1.69,27.43,-,20.93%,6.92%,1.81%,-,4.72%,47.55,0.53%,"693,130"
CWVX,-,-,-,-,-,-,-,-,-,-,-,-,-,26.03,-4.13%,"603,530"
CWY,-,-,-,-,-,-,-,-,-,-,-,-,-,20.47,-0.54%,"1,611"
CX,18.71B,39.69,13.48,0.77,1.12,1.36,27.24,13.70,22.94%,13.22%,-,17.45%,4.73%,12.38,3.00%,"5,587,998"
CXAI,12.32M,-,-,-,2.86,0.64,1.00,-,56.90%,32.00%,-37.19%,-,-,0.18,-4.25%,"12,858,534"
CXDO,224.32M,48.77,13.33,0.69,3.08,3.08,30.94,24.17,16.95%,23.28%,-18.86%,19.22%,32.99%,6.92,-3.49%,"437,461"
CXII,577.16M,-,-,-,-,-,-,-,-,-,-,-,-,10.39,-0.10%,"138,903"
CXM,1.15B,43.80,9.02,1.17,1.32,2.35,2.59,9.05,-0.06%,11.10%,-,7.72%,17.24%,4.91,-2.00%,"3,219,662"
CXRN,-,-,-,-,-,-,-,-,-,-,-,-,-,15.47,4.74%,"29,784"
CXSE,-,-,-,-,-,-,-,-,-,-,-,-,-,38.63,0.55%,"23,497"
CXT,2.76B,21.47,10.15,1.41,1.61,2.23,11.91,13.39,4.28%,11.80%,-4.06%,7.20%,-9.71%,48.03,5.40%,"922,501"
CXW,2.91B,23.76,16.10,-,1.24,2.08,12.95,111.27,45.37%,16.24%,19.27%,-,3.02%,29.38,-1.41%,"1,081,643"
CYAB,5.97M,-,-,-,4.21,-,1.80,-,-,-,-1101.65%,-,-,0.43,-1.57%,"148,718"
CYCN,13.73M,-,-,-,6.90,1.98,4.87,-,-,-,53.53%,-,-2.01%,3.17,0.96%,"13,875"
CYCU,6.29M,-,-,-,0.43,0.18,3.10,-,82.56%,26.07%,-393.32%,-,-,0.59,-4.05%,"637,669"
CYD,1.77B,23.77,11.50,0.38,0.50,1.29,1.56,-,59.35%,22.12%,0.47%,30.59%,2.84%,47.20,2.65%,"256,603"
CYH,450.94M,0.93,29.94,-,0.04,-,0.63,-,-150.73%,117.70%,-2.98%,-,1.15%,3.20,1.27%,"778,937"
CYN,16.73M,-,-,-,59.77,0.31,0.38,-,76.79%,-,73.94%,-,-,1.16,0.87%,"251,371"
CYPH,63.72M,-,-,-,-,0.67,9.52,-,-,-,-,-,-,0.60,-1.90%,"1,506,780"
CYRX,800.38M,-,-,-,4.38,1.77,1.98,-,-155.63%,15.98%,13.68%,-,17.49%,15.88,2.32%,"736,103"
CYTK,10.05B,-,-,-,95.02,-,12.24,-,2.33%,27.19%,-27.07%,34.80%,9.54%,80.80,-0.49%,"2,377,017"
CZA,-,-,-,-,-,-,-,-,-,-,-,-,-,121.71,0.65%,965
CZAR,-,-,-,-,-,-,-,-,-,-,-,-,-,30.97,0.08%,5
CZFS,341.10M,8.66,8.54,-,1.95,0.99,-,8.44,8.01%,0.97%,3.96%,-,16.35%,70.99,-0.01%,"10,605"
CZNC,402.23M,20.72,8.31,-,2.23,1.20,-,10.95,6.49%,37.06%,2.38%,-,10.83%,22.45,-0.27%,"43,791"
CZR,6.19B,-,89.62,-,0.54,1.82,6.46,12.49,79.36%,167.95%,29.15%,-,25.92%,30.41,2.74%,"11,945,303"
CZWI,220.08M,14.93,10.30,-,2.22,1.15,-,19.95,24.66%,21.70%,5.01%,-,4.23%,22.82,2.93%,"85,872"
D,61.13B,20.56,18.23,3.08,3.44,2.17,125.53,-,4.91%,6.27%,-,5.92%,3.41%,69.51,0.36%,"4,187,623"
DAAQ,238.74M,44.72,-,-,-,1.39,391.38,-,-,-,-,-,-,10.38,0.00%,"63,439"
DABS,-,-,-,-,-,-,-,-,-,-,-,-,-,50.60,-0.00%,"9,055"
DAC,2.26B,4.39,4.54,1.62,2.17,0.58,2.22,7.57,5.99%,-1.74%,32.68%,2.81%,17.70%,124.38,-0.73%,"90,679"
DADS,-,-,-,-,-,-,-,-,-,-,-,-,-,20.72,-0.86%,"6,511"
DAIC,2.19M,-,-,-,0.40,-,2.58,-,-,-,-326.98%,-,-,1.81,-4.23%,"104,166"
DAIO,34.95M,-,24.80,-,1.88,3.34,6.12,-,43.51%,150.00%,-3.36%,-,1.13%,3.72,-0.27%,"26,623"
DAK,-,-,-,-,-,-,-,-,-,-,-,-,-,28.50,-0.32%,495
DAKT,939.88M,21.24,12.69,-,1.12,3.12,7.14,27.40,18.41%,23.32%,30.65%,-,11.71%,19.46,0.57%,"786,847"
DAL,60.52B,13.45,11.41,0.67,0.93,2.97,11.64,15.43,-4.74%,45.57%,-,17.15%,29.96%,92.11,1.61%,"11,588,329"
DALI,-,-,-,-,-,-,-,-,-,-,-,-,-,29.72,0.53%,"12,316"
DAMD,-,-,-,-,-,-,-,-,-,-,-,-,-,1.73,-4.95%,"27,374,080"
DAN,3.06B,-,8.03,0.06,0.40,1.58,6.34,20.00,543.05%,48.94%,-,129.55%,1.08%,28.45,0.60%,"1,446,888"
DANA,-,-,-,-,-,-,-,-,-,-,-,-,-,25.12,-0.04%,201
DAO,360.13M,134.35,32.00,0.60,0.43,-,4.86,-,61.77%,60.77%,-,53.33%,17.56%,11.03,2.80%,"81,136"
DAPP,-,-,-,-,-,-,-,-,-,-,-,-,-,19.72,-2.86%,"364,654"
DAPR,-,-,-,-,-,-,-,-,-,-,-,-,-,40.53,-0.08%,"15,686"
DAR,8.44B,38.20,10.87,0.09,1.34,1.73,61.03,15.30,1011.29%,12.72%,-26.07%,122.31%,11.37%,53.08,0.82%,"2,257,696"
DARE,29.96M,-,-,-,25.83,39.68,1.62,-,21.11%,49.30%,35.73%,-,-,2.00,-3.85%,"237,355"
DARP,-,-,-,-,-,-,-,-,-,-,-,-,-,58.30,2.14%,"4,942"
DASH,77.08B,84.27,39.51,0.80,5.24,7.56,13.21,44.00,18.85%,76.86%,-,49.22%,36.58%,176.91,-0.57%,"3,640,494"
DAT,-,-,-,-,-,-,-,-,-,-,-,-,-,38.75,-1.87%,220
DAUG,-,-,-,-,-,-,-,-,-,-,-,-,-,46.51,0.03%,"5,346"
DAVA,111.34M,-,3.29,-,0.11,0.64,1.74,5.25,-58.15%,27.26%,-1.44%,-9.79%,17.72%,2.61,-3.33%,"962,483"
DAVE,4.10B,20.75,16.83,0.77,6.79,20.14,23.32,12.57,17.72%,20.43%,-,21.99%,37.95%,322.75,-0.15%,"413,041"
DAX,-,-,-,-,-,-,-,-,-,-,-,-,-,44.79,1.17%,"20,758"
DB,64.68B,10.09,7.79,0.73,0.94,0.83,-,-,4.12%,14.58%,67.82%,10.69%,13.67%,34.38,1.12%,"2,142,330"
DBA,-,-,-,-,-,-,-,-,-,-,-,-,-,26.92,1.36%,"1,350,414"
DBAW,-,-,-,-,-,-,-,-,-,-,-,-,-,48.23,0.81%,"17,988"
DBB,-,-,-,-,-,-,-,-,-,-,-,-,-,24.16,1.56%,"487,850"
DBC,-,-,-,-,-,-,-,-,-,-,-,-,-,26.93,1.81%,"529,776"
DBCA,432.28M,-,-,-,-,1.49,847.61,-,-,-,-,-,-,9.99,0.00%,"7,889"
DBD,2.93B,28.74,12.45,-,0.76,2.87,7.84,10.40,-1.79%,23.74%,-,-,-0.49%,84.56,1.44%,"219,909"
DBE,-,-,-,-,-,-,-,-,-,-,-,-,-,26.66,2.54%,"39,688"
DBEF,-,-,-,-,-,-,-,-,-,-,-,-,-,54.39,0.76%,"427,701"
DBEM,-,-,-,-,-,-,-,-,-,-,-,-,-,40.56,0.65%,"23,973"
DBEU,-,-,-,-,-,-,-,-,-,-,-,-,-,53.69,0.83%,"18,519"
DBEZ,-,-,-,-,-,-,-,-,-,-,-,-,-,62.14,0.85%,661
DBGI,15.96M,-,-,-,2.34,2.93,3.12,-,-,-,89.01%,-,7.09%,0.69,-5.17%,"903,212"
DBI,299.07M,31.15,10.05,0.13,0.10,1.06,5.97,4.04,143.31%,50.49%,52.12%,74.81%,5.30%,5.89,-6.06%,"566,097"
DBJP,-,-,-,-,-,-,-,-,-,-,-,-,-,114.36,0.97%,"46,465"
DBL,283.92M,21.43,-,-,-,-,-,-,-,-,-,-,-,14.36,0.35%,"59,256"
DBMF,-,-,-,-,-,-,-,-,-,-,-,-,-,30.52,0.26%,"857,967"
DBND,-,-,-,-,-,-,-,-,-,-,-,-,-,45.65,0.13%,"63,672"
DBO,-,-,-,-,-,-,-,-,-,-,-,-,-,18.07,2.90%,"370,106"
DBP,-,-,-,-,-,-,-,-,-,-,-,-,-,92.44,1.06%,"10,432"
DBRG,2.95B,32.34,-,-,6.07,2.18,7.08,17.59,-,-,-,-,2.46%,15.72,-0.06%,"2,455,689"
DBVT,948.22M,-,-,-,-,4.56,4.14,-,23.61%,48.38%,18.68%,-,-,16.02,2.69%,"716,384"
DBX,5.64B,13.69,7.24,0.93,2.23,-,4.38,5.76,8.76%,12.08%,-,7.76%,5.66%,25.08,-4.75%,"3,428,250"
DC,546.43M,-,-,-,-,2.85,5.11,-,9.18%,26.26%,-151.43%,18.32%,-,4.08,-0.24%,"1,895,076"
DCBO,428.16M,14.49,8.51,0.41,1.71,-,6.78,9.56,20.92%,18.81%,-,20.59%,31.00%,16.87,-1.58%,"66,596"
DCGO,45.43M,-,-,-,0.15,0.34,1.27,2.73,81.25%,35.51%,-49.56%,-,27.91%,0.46,-8.82%,"1,786,659"
DCH,1.37B,-,5.13,0.13,0.20,0.92,1.36,113.58,73.85%,22.52%,49.29%,39.95%,4.38%,5.79,3.95%,"4,328,740"
DCI,10.33B,23.96,20.37,1.85,2.71,6.09,50.61,26.57,11.04%,10.66%,8.76%,11.01%,7.41%,89.11,3.53%,"784,824"
DCMT,-,-,-,-,-,-,-,-,-,-,-,-,-,31.11,1.82%,"8,375"
DCO,2.57B,-,33.52,2.05,3.06,3.84,65.75,-,10.44%,22.74%,-,16.32%,5.57%,170.41,3.09%,"220,904"
DCOM,1.76B,15.12,9.19,-,2.38,1.34,-,10.74,30.19%,29.00%,6.33%,-,24.20%,39.97,0.50%,"299,625"
DCOR,-,-,-,-,-,-,-,-,-,-,-,-,-,80.88,0.07%,"159,756"
DCOY,3.15M,-,-,-,-,0.81,0.40,-,-,-,62.32%,-,-,5.92,-3.14%,"1,365"
DCRE,-,-,-,-,-,-,-,-,-,-,-,-,-,51.78,0.10%,"31,668"
DCTH,425.30M,2053.33,-,-,4.70,3.77,4.76,22.16,-902.86%,4.98%,-,-,120.21%,12.32,0.65%,"267,481"
DCX,20.22M,-,-,-,4.92,-,0.50,-,-,-,58.08%,-,-,1.02,-36.65%,"6,980,009"
DD,18.83B,-,15.75,0.58,1.94,1.34,25.04,18.32,58.49%,9.54%,14.20%,27.13%,-13.74%,137.80,-0.01%,"1,765,702"
DDC,46.30M,-,-,-,-,-,-,-,96.41%,55.00%,30.35%,-,9.24%,0.94,-10.48%,"44,606"
DDD,481.85M,12.21,-,-,1.24,1.84,5.65,-,60.81%,12.07%,-,-,-7.04%,2.95,-1.99%,"4,029,677"
DDDD,-,-,-,-,-,-,-,-,-,-,-,-,-,32.10,0.84%,"3,486"
DDEC,-,-,-,-,-,-,-,-,-,-,-,-,-,47.01,0.01%,"2,476"
DDFA,-,-,-,-,-,-,-,-,-,-,-,-,-,20.06,0.10%,"8,931"
DDFD,-,-,-,-,-,-,-,-,-,-,-,-,-,19.86,0.05%,"186,444"
DDFF,-,-,-,-,-,-,-,-,-,-,-,-,-,19.85,0.17%,"293,505"
DDFJ,-,-,-,-,-,-,-,-,-,-,-,-,-,19.65,-0.06%,"5,090"
DDFL,-,-,-,-,-,-,-,-,-,-,-,-,-,21.17,0.02%,"22,898"
DDFM,-,-,-,-,-,-,-,-,-,-,-,-,-,19.67,0.03%,"1,781"
DDFN,-,-,-,-,-,-,-,-,-,-,-,-,-,19.98,0.02%,"9,997"
DDFO,-,-,-,-,-,-,-,-,-,-,-,-,-,22.40,0.04%,"5,580"
DDFS,-,-,-,-,-,-,-,-,-,-,-,-,-,21.90,-0.09%,"14,715"
DDFY,-,-,-,-,-,-,-,-,-,-,-,-,-,19.88,-0.25%,"28,596"
DDFZ,-,-,-,-,-,-,-,-,-,-,-,-,-,19.22,0.08%,"336,708"
DDI,558.92M,4.88,4.71,0.82,1.51,0.56,1.06,3.94,20.39%,-3.89%,11.42%,5.73%,0.07%,11.28,2.55%,"416,381"
DDIV,-,-,-,-,-,-,-,-,-,-,-,-,-,45.41,0.74%,"2,570"
DDL,339.06M,7.68,-,-,0.13,2.39,6.31,-,-,-,-,-,15.59%,1.86,-9.27%,"640,056"
DDLS,-,-,-,-,-,-,-,-,-,-,-,-,-,44.09,-1.43%,"14,817"
DDM,-,-,-,-,-,-,-,-,-,-,-,-,-,64.63,0.36%,"195,895"
DDNQ,-,-,-,-,-,-,-,-,-,-,-,-,-,20.70,-0.02%,"1,910"
DDOG,78.65B,589.65,77.48,3.98,21.42,19.71,16.53,74.12,18.34%,17.55%,-,19.49%,41.53%,220.94,-0.77%,"2,837,577"
DDS,9.08B,13.81,16.84,7.94,1.37,4.48,6.40,12.03,10.67%,-8.60%,-,2.12%,8.16%,581.22,-0.05%,"80,041"
DDSQ,-,-,-,-,-,-,-,-,-,-,-,-,-,21.03,-0.11%,"18,355"
DDTA,-,-,-,-,-,-,-,-,-,-,-,-,-,20.27,0.05%,"7,871"
DDTD,-,-,-,-,-,-,-,-,-,-,-,-,-,20.14,-0.03%,"1,646"
DDTF,-,-,-,-,-,-,-,-,-,-,-,-,-,20.06,0.05%,"1,925"
DDTJ,-,-,-,-,-,-,-,-,-,-,-,-,-,19.92,0.05%,"1,755"
DDTL,-,-,-,-,-,-,-,-,-,-,-,-,-,21.92,0.02%,"1,805"
DDTM,-,-,-,-,-,-,-,-,-,-,-,-,-,19.91,0.05%,93
DDTN,-,-,-,-,-,-,-,-,-,-,-,-,-,20.20,0.17%,337
DDTO,-,-,-,-,-,-,-,-,-,-,-,-,-,22.76,0.06%,"1,481"
DDTS,-,-,-,-,-,-,-,-,-,-,-,-,-,22.41,-0.00%,"2,793"
DDTY,-,-,-,-,-,-,-,-,-,-,-,-,-,19.99,-0.04%,"3,499"
DDTZ,-,-,-,-,-,-,-,-,-,-,-,-,-,19.14,0.29%,"31,918"
DDV,-,-,-,-,-,-,-,-,-,-,-,-,-,25.47,0.22%,"8,862"
DDWM,-,-,-,-,-,-,-,-,-,-,-,-,-,45.90,-0.85%,"156,570"
DDX,-,-,-,-,-,-,-,-,-,-,-,-,-,25.36,0.26%,"4,001"
DDXX,-,-,-,-,-,-,-,-,-,-,-,-,-,27.84,0.57%,"4,830"
DE,170.27B,35.74,27.73,1.99,3.59,6.21,18.24,45.19,-2.21%,25.73%,16.32%,13.93%,5.13%,630.76,5.00%,"1,258,840"
DEA,1.13B,103.72,86.68,14.87,3.23,0.86,88.91,4.30,-33.33%,55.56%,-5.89%,5.83%,6.52%,24.27,0.54%,"486,725"
DEC,899.38M,-,5.70,-,0.75,0.94,9.49,5.60,-26.16%,-33.54%,-,-23.68%,39.04%,12.52,-1.96%,"1,006,695"
DECK,14.25B,14.57,12.36,1.16,2.61,5.74,7.47,12.98,6.65%,10.90%,25.63%,10.63%,16.45%,102.59,-2.94%,"1,924,112"
DECM,-,-,-,-,-,-,-,-,-,-,-,-,-,33.62,0.12%,15
DECO,-,-,-,-,-,-,-,-,-,-,-,-,-,79.21,0.04%,"1,566"
DECP,-,-,-,-,-,-,-,-,-,-,-,-,-,32.17,0.07%,129
DECT,-,-,-,-,-,-,-,-,-,-,-,-,-,38.79,-0.02%,"11,409"
DECU,-,-,-,-,-,-,-,-,-,-,-,-,-,28.80,0.17%,"4,992"
DECW,-,-,-,-,-,-,-,-,-,-,-,-,-,35.40,0.01%,"6,681"
DECZ,-,-,-,-,-,-,-,-,-,-,-,-,-,42.54,-0.09%,"1,004"
DEED,-,-,-,-,-,-,-,-,-,-,-,-,-,21.39,-0.37%,"19,954"
DEEF,-,-,-,-,-,-,-,-,-,-,-,-,-,38.48,0.46%,"1,167"
DEEP,-,-,-,-,-,-,-,-,-,-,-,-,-,42.05,-0.47%,"2,456"
DEFI,-,-,-,-,-,-,-,-,-,-,-,-,-,67.10,-0.85%,83
DEFR,-,-,-,-,-,-,-,-,-,-,-,-,-,26.70,0.11%,"4,777"
DEFT,197.48M,5.29,10.18,-,3.89,1.29,0.38,-,-87.39%,133.33%,45.54%,-,105.14%,0.51,1.86%,"4,292,693"
DEHP,-,-,-,-,-,-,-,-,-,-,-,-,-,42.55,1.26%,"34,037"
DEI,1.95B,-,-,-,1.94,1.04,5.45,11.50,-193.75%,44.65%,-20.75%,-,2.40%,11.63,1.22%,"2,254,114"
DELL,265.44B,32.54,18.50,0.52,1.98,-,22.58,28.11,78.88%,20.11%,15.51%,35.64%,5.56%,409.45,-5.67%,"11,111,429"
DEM,-,-,-,-,-,-,-,-,-,-,-,-,-,53.72,-1.09%,"297,174"
DEMZ,-,-,-,-,-,-,-,-,-,-,-,-,-,46.22,0.12%,"1,900"
DEO,45.92B,19.11,12.88,8.65,2.31,3.96,17.05,18.18,-1.95%,-0.43%,7.08%,1.49%,6.57%,82.61,-0.43%,"1,050,166"
DERM,171.26M,-,6.00,-,2.65,5.51,6.29,-,113.83%,1496.15%,-,-,6.79%,6.22,-9.20%,"439,419"
DES,-,-,-,-,-,-,-,-,-,-,-,-,-,40.38,0.75%,"156,497"
DESK,-,-,-,-,-,-,-,-,-,-,-,-,-,40.79,1.13%,910
DETX,22.70M,-,-,-,-,-,1134.83,-,-,-,43.96%,-,-,4.01,0.25%,"34,356"
DEUS,-,-,-,-,-,-,-,-,-,-,-,-,-,65.49,0.91%,"10,164"
DEVS,5.37M,-,-,-,268.50,-,26.85,-,-,-,-,-,-,0.15,0.00%,0
DEW,-,-,-,-,-,-,-,-,-,-,-,-,-,68.63,-0.66%,"7,797"
DEXC,-,-,-,-,-,-,-,-,-,-,-,-,-,81.77,1.24%,"15,285"
DFAC,-,-,-,-,-,-,-,-,-,-,-,-,-,43.83,0.30%,"2,361,064"
DFAE,-,-,-,-,-,-,-,-,-,-,-,-,-,39.86,0.76%,"1,155,813"
DFAI,-,-,-,-,-,-,-,-,-,-,-,-,-,41.06,0.76%,"3,190,838"
DFAL,-,-,-,-,-,-,-,-,-,-,-,-,-,49.45,0.14%,"1,027"
DFAR,-,-,-,-,-,-,-,-,-,-,-,-,-,26.37,0.23%,"2,102,386"
DFAS,-,-,-,-,-,-,-,-,-,-,-,-,-,81.41,1.11%,"548,294"
DFAT,-,-,-,-,-,-,-,-,-,-,-,-,-,69.60,0.94%,"402,308"
DFAU,-,-,-,-,-,-,-,-,-,-,-,-,-,50.86,0.10%,"931,882"
DFAW,-,-,-,-,-,-,-,-,-,-,-,-,-,82.10,0.40%,"210,060"
DFAX,-,-,-,-,-,-,-,-,-,-,-,-,-,36.66,0.47%,"1,299,873"
DFCA,-,-,-,-,-,-,-,-,-,-,-,-,-,50.10,0.05%,"22,996"
DFCF,-,-,-,-,-,-,-,-,-,-,-,-,-,42.31,0.09%,"892,384"
DFDV,74.39M,-,-,-,5.41,7.15,17.55,-,15.12%,71.13%,-,-,48.79%,2.47,-5.73%,"1,207,153"
DFE,-,-,-,-,-,-,-,-,-,-,-,-,-,71.96,-1.62%,"38,707"
DFEB,-,-,-,-,-,-,-,-,-,-,-,-,-,50.14,0.01%,"5,378"
DFEM,-,-,-,-,-,-,-,-,-,-,-,-,-,40.23,0.60%,"899,358"
DFEN,-,-,-,-,-,-,-,-,-,-,-,-,-,74.79,1.22%,"215,041"
DFEV,-,-,-,-,-,-,-,-,-,-,-,-,-,42.62,0.76%,"215,901"
DFGP,-,-,-,-,-,-,-,-,-,-,-,-,-,54.58,0.04%,"217,905"
DFGR,-,-,-,-,-,-,-,-,-,-,-,-,-,29.20,0.27%,"571,020"
DFGX,-,-,-,-,-,-,-,-,-,-,-,-,-,53.67,-0.06%,"144,689"
DFH,1.54B,10.02,10.87,-,0.36,1.09,3.21,-,-37.38%,15.30%,20.19%,-,30.69%,16.79,0.36%,"711,615"
DFIC,-,-,-,-,-,-,-,-,-,-,-,-,-,37.18,0.68%,"2,092,847"
DFII,-,-,-,-,-,-,-,-,-,-,-,-,-,11.15,-1.04%,"29,169"
DFIN,989.30M,30.68,7.52,-,1.28,2.67,37.90,6.93,10.78%,10.50%,-,-,-3.03%,39.60,-3.08%,"167,848"
DFIP,-,-,-,-,-,-,-,-,-,-,-,-,-,41.26,0.15%,"137,384"
DFIS,-,-,-,-,-,-,-,-,-,-,-,-,-,35.14,0.60%,"796,113"
DFIV,-,-,-,-,-,-,-,-,-,-,-,-,-,54.06,0.73%,"1,924,909"
DFJ,-,-,-,-,-,-,-,-,-,-,-,-,-,105.48,-1.35%,"96,300"
DFLI,23.33M,-,-,-,0.42,5.65,2.70,-,91.49%,88.49%,-,-,4.44%,1.82,0.55%,"220,226"
DFLV,-,-,-,-,-,-,-,-,-,-,-,-,-,39.90,1.35%,"978,928"
DFMC,-,-,-,-,-,-,-,-,-,-,-,-,-,60.21,1.03%,"36,438"
DFNL,-,-,-,-,-,-,-,-,-,-,-,-,-,49.00,0.74%,"35,952"
DFNM,-,-,-,-,-,-,-,-,-,-,-,-,-,48.29,0.06%,"153,551"
DFNS,16.88M,-,-,-,4.63,0.19,2.16,-,-,-,-,-,-,0.18,1.83%,"3,262,396"
DFP,417.95M,10.82,-,-,-,-,-,-,-,-,-,-,-,20.35,0.20%,"41,472"
DFSB,-,-,-,-,-,-,-,-,-,-,-,-,-,52.22,0.06%,"54,771"
DFSC,4.32M,-,-,-,0.96,1.18,2.01,-,-,-,61.01%,-,40.72%,2.17,-27.91%,"427,602"
DFSD,-,-,-,-,-,-,-,-,-,-,-,-,-,47.74,0.08%,"579,003"
DFSE,-,-,-,-,-,-,-,-,-,-,-,-,-,48.43,0.44%,"37,920"
DFSI,-,-,-,-,-,-,-,-,-,-,-,-,-,44.85,0.74%,"140,442"
DFSU,-,-,-,-,-,-,-,-,-,-,-,-,-,45.82,-0.15%,"164,418"
DFSV,-,-,-,-,-,-,-,-,-,-,-,-,-,38.68,0.78%,"908,716"
DFTT,-,-,-,-,-,-,-,-,-,-,-,-,-,31.57,2.34%,"1,783"
DFTX,4.89B,-,-,-,-,16.71,13.08,-,-9.48%,27.04%,-1.48%,29.53%,-,44.79,6.31%,"8,275,205"
DFUS,-,-,-,-,-,-,-,-,-,-,-,-,-,80.41,0.10%,"606,885"
DFUV,-,-,-,-,-,-,-,-,-,-,-,-,-,55.32,1.52%,"512,850"
DFVE,-,-,-,-,-,-,-,-,-,-,-,-,-,35.84,0.61%,"6,019"
DFVX,-,-,-,-,-,-,-,-,-,-,-,-,-,81.64,0.65%,"5,281"
DG,25.93B,16.62,14.74,1.66,0.60,2.93,19.16,11.78,7.40%,8.43%,-8.39%,8.86%,4.83%,117.56,-1.35%,"2,696,090"
DGAC-U,154.53M,-,-,-,-,100500.00,-,-,-,-,-,-,-,10.05,0.20%,350
DGAP,-,-,-,-,-,-,-,-,-,-,-,-,-,30.31,0.05%,239
DGCB,-,-,-,-,-,-,-,-,-,-,-,-,-,54.72,0.04%,"111,528"
DGICA,680.10M,10.06,9.50,-,0.70,1.01,-,10.52,-20.12%,9.62%,3.67%,-,4.69%,18.05,-1.20%,"165,091"
DGII,2.61B,60.94,24.95,-,5.49,3.92,82.16,20.62,16.57%,13.24%,30.59%,-,9.03%,69.17,2.11%,"258,440"
DGIN,-,-,-,-,-,-,-,-,-,-,-,-,-,35.07,-0.66%,"6,069"
DGJA,-,-,-,-,-,-,-,-,-,-,-,-,-,31.45,0.11%,231
DGLO,-,-,-,-,-,-,-,-,-,-,-,-,-,23.93,1.37%,125
DGNX,24.73M,-,-,-,8.47,2.40,13.52,-,-,-,-,-,-,0.85,-7.37%,"311,990"
DGP,-,-,-,-,-,-,-,-,-,-,-,-,-,130.60,1.80%,"133,530"
DGRE,-,-,-,-,-,-,-,-,-,-,-,-,-,40.18,0.77%,"5,676"
DGRO,-,-,-,-,-,-,-,-,-,-,-,-,-,75.47,0.31%,"1,309,306"
DGRS,-,-,-,-,-,-,-,-,-,-,-,-,-,59.26,0.81%,"24,442"
DGRW,-,-,-,-,-,-,-,-,-,-,-,-,-,94.62,-0.05%,"805,789"
DGS,-,-,-,-,-,-,-,-,-,-,-,-,-,63.63,-1.06%,"41,347"
DGT,-,-,-,-,-,-,-,-,-,-,-,-,-,183.51,0.37%,"5,677"
DGX,22.83B,22.75,17.67,1.98,2.02,3.11,58.09,17.22,9.11%,8.59%,-3.64%,8.91%,3.18%,206.24,1.54%,"625,590"
DGXX,527.41M,-,8.64,-,16.92,3.46,9.12,-,67.61%,391.30%,-7.56%,-,57.27%,5.79,-1.19%,"7,349,919"
DGZ,-,-,-,-,-,-,-,-,-,-,-,-,-,6.29,2.93%,"6,894"
DH,90.28M,-,3.31,-,0.38,0.45,0.51,3.34,-22.96%,2.70%,-19.83%,-5.12%,15.34%,0.63,-17.37%,"846,006"
DHC,2.28B,-,-,-,1.50,1.41,16.33,-,49.58%,26.67%,-15.19%,34.79%,-1.18%,9.43,0.75%,"1,559,810"
DHDG,-,-,-,-,-,-,-,-,-,-,-,-,-,36.17,-0.08%,"9,175"
DHF,173.84M,14.06,-,-,8.32,0.90,-,-,-,-,-,-,-,2.39,0.00%,"392,796"
DHI,47.34B,15.64,14.07,2.26,1.42,2.01,23.98,13.54,-8.63%,12.24%,12.53%,6.22%,11.02%,166.95,0.26%,"2,114,903"
DHLX,-,-,-,-,-,-,-,-,-,-,-,-,-,12.98,-0.36%,"1,828"
DHR,136.75B,37.34,21.21,2.50,5.52,2.58,23.99,25.85,8.18%,7.96%,0.65%,8.48%,1.97%,193.21,2.30%,"6,059,575"
DHS,-,-,-,-,-,-,-,-,-,-,-,-,-,113.87,0.71%,"20,294"
DHSB,-,-,-,-,-,-,-,-,-,-,-,-,-,26.72,-0.77%,690
DHT,2.91B,8.78,9.79,1.35,5.15,2.36,23.06,-,139.09%,-41.01%,-5.14%,7.24%,-6.37%,18.08,-6.76%,"4,924,842"
DHX,152.93M,-,19.40,-,1.22,1.67,50.81,7.47,160.00%,1.39%,13.46%,-,2.83%,3.54,-3.28%,"57,072"
DHY,240.37M,14.50,-,-,9.41,0.81,-,-,-,-,-,-,-,1.74,0.00%,"732,204"
DIA,-,-,-,-,-,-,-,-,-,-,-,-,-,519.26,0.14%,"4,992,028"
DIAL,-,-,-,-,-,-,-,-,-,-,-,-,-,18.19,0.05%,"35,691"
DIBS,161.83M,-,-,-,1.81,1.93,1.90,-,39.47%,-4.35%,12.48%,-,1.83%,4.58,2.69%,"496,257"
DIEM,-,-,-,-,-,-,-,-,-,-,-,-,-,43.84,1.18%,"14,712"
DIG,-,-,-,-,-,-,-,-,-,-,-,-,-,51.00,1.92%,"21,257"
DIHP,-,-,-,-,-,-,-,-,-,-,-,-,-,33.90,1.03%,"716,107"
DIM,-,-,-,-,-,-,-,-,-,-,-,-,-,85.03,-1.29%,"3,790"
DIME,-,-,-,-,-,-,-,-,-,-,-,-,-,7.58,0.31%,"1,313"
DIN,431.42M,32.85,6.61,0.77,0.48,-,2.86,11.99,1.57%,13.76%,-,8.61%,4.99%,34.01,0.47%,"299,159"
DINE,-,-,-,-,-,-,-,-,-,-,-,-,-,25.36,0.00%,0
DINO,12.22B,10.21,8.64,-,0.44,1.26,10.64,8.76,80.12%,-13.89%,-,-0.59%,19.15%,67.78,3.07%,"2,215,053"
DINT,-,-,-,-,-,-,-,-,-,-,-,-,-,28.18,-0.97%,"16,633"
DIOD,5.28B,62.33,24.85,-,3.40,2.80,12.90,41.03,115.03%,76.37%,-5.41%,-,3.81%,114.97,1.71%,"527,416"
DIPR,-,-,-,-,-,-,-,-,-,-,-,-,-,23.49,-2.06%,"1,471"
DIPS,-,-,-,-,-,-,-,-,-,-,-,-,-,40.40,-0.24%,"4,570"
DIS,170.26B,15.69,13.09,1.07,1.75,1.57,29.97,23.95,15.07%,9.81%,-,12.20%,7.66%,98.05,-3.04%,"11,121,924"
DISO,-,-,-,-,-,-,-,-,-,-,-,-,-,9.45,0.00%,0
DISV,-,-,-,-,-,-,-,-,-,-,-,-,-,40.54,0.60%,"599,893"
DIT,66.58M,159.27,-,-,0.02,0.63,104.03,4.68,-,-,-37.61%,-,13.11%,72.90,0.00%,226
DIV,-,-,-,-,-,-,-,-,-,-,-,-,-,19.10,0.21%,"227,520"
DIVB,-,-,-,-,-,-,-,-,-,-,-,-,-,61.46,-0.11%,"137,007"
DIVD,-,-,-,-,-,-,-,-,-,-,-,-,-,42.60,0.79%,"2,473"
DIVE,-,-,-,-,-,-,-,-,-,-,-,-,-,25.61,0.63%,"1,658"
DIVG,-,-,-,-,-,-,-,-,-,-,-,-,-,36.51,0.40%,937
DIVI,-,-,-,-,-,-,-,-,-,-,-,-,-,43.23,0.98%,"322,842"
DIVL,-,-,-,-,-,-,-,-,-,-,-,-,-,24.49,0.63%,9
DIVN,-,-,-,-,-,-,-,-,-,-,-,-,-,29.40,1.14%,"9,546"
DIVO,-,-,-,-,-,-,-,-,-,-,-,-,-,45.73,-0.17%,"749,325"
DIVP,-,-,-,-,-,-,-,-,-,-,-,-,-,27.18,0.91%,"23,486"
DIVS,-,-,-,-,-,-,-,-,-,-,-,-,-,32.56,0.36%,"1,433"
DIVY,-,-,-,-,-,-,-,-,-,-,-,-,-,28.80,0.52%,"4,688"
DIVZ,-,-,-,-,-,-,-,-,-,-,-,-,-,37.92,0.78%,"25,924"
DJAN,-,-,-,-,-,-,-,-,-,-,-,-,-,45.17,0.01%,"8,015"
DJCO,755.31M,54.08,-,-,8.03,2.17,1.67,54.61,-,-,94.47%,-,11.92%,548.23,1.16%,"22,318"
DJD,-,-,-,-,-,-,-,-,-,-,-,-,-,63.08,0.14%,"48,753"
DJIA,-,-,-,-,-,-,-,-,-,-,-,-,-,21.90,-0.05%,"93,093"
DJP,-,-,-,-,-,-,-,-,-,-,-,-,-,43.98,1.90%,"91,667"
DJT,1.96B,-,-,-,524.21,1.56,1.88,263.87,-,-,-,-,-,7.06,-6.12%,"5,084,103"
DJTU,-,-,-,-,-,-,-,-,-,-,-,-,-,0.81,-11.87%,"643,410"
DJUL,-,-,-,-,-,-,-,-,-,-,-,-,-,49.93,0.04%,"5,476"
DJUN,-,-,-,-,-,-,-,-,-,-,-,-,-,48.85,0.12%,"48,074"
DK,2.89B,-,21.82,-,0.27,55.00,4.63,5.82,-22.54%,-57.72%,46.11%,-,7.99%,47.17,6.21%,"870,450"
DKI,9.85M,-,-,-,7.64,6.84,42.83,-,-,-,-,-,-,4.74,0.00%,"16,780"
DKL,2.68B,15.91,12.72,1.15,2.53,-,270.67,22.73,5.93%,13.43%,-4.66%,11.07%,12.17%,50.45,2.94%,"71,005"
DKNG,20.54B,383.72,24.56,-,3.26,18.93,20.37,28.78,2238.74%,302.16%,71.12%,-,58.02%,23.10,-5.83%,"12,520,028"
DKNX,-,-,-,-,-,-,-,-,-,-,-,-,-,16.71,-11.57%,"13,236"
DKS,21.24B,22.56,14.49,1.18,1.11,3.35,21.28,52.88,8.52%,14.31%,11.75%,12.30%,12.43%,237.29,0.15%,"1,313,651"
DLAG,-,-,-,-,-,-,-,-,-,-,-,-,-,32.81,0.02%,"3,679"
DLB,4.96B,20.72,11.38,1.90,3.64,1.90,7.36,16.46,1.65%,6.90%,3.08%,6.00%,3.04%,52.45,-0.36%,"826,946"
DLFE,-,-,-,-,-,-,-,-,-,-,-,-,-,31.48,0.06%,"7,032"
DLHC,79.71M,-,-,-,0.27,0.72,613.15,4.20,-755.56%,30.51%,-29.55%,-,10.49%,5.50,0.00%,"1,862,403"
DLLL,-,-,-,-,-,-,-,-,-,-,-,-,-,180.71,-11.22%,"363,315"
DLMY,-,-,-,-,-,-,-,-,-,-,-,-,-,29.62,0.15%,"4,887"
DLN,-,-,-,-,-,-,-,-,-,-,-,-,-,96.09,0.08%,"142,842"
DLNG,123.33M,1.94,-,-,0.78,0.30,2.33,1.21,-,-,16.88%,-,2.69%,3.39,-1.45%,"64,388"
DLNV,-,-,-,-,-,-,-,-,-,-,-,-,-,32.67,0.08%,224
DLO,3.64B,18.37,11.55,0.61,3.33,6.39,4.42,8.32,8.46%,28.42%,47.31%,18.80%,60.05%,12.34,0.49%,"1,430,549"
DLPN,14.84M,-,3.68,-,0.26,1.95,2.06,-,62.96%,410.00%,25.37%,-,18.71%,1.14,-5.00%,"6,400"
DLR,67.62B,50.90,86.57,-,10.54,2.97,27.87,-,-42.38%,7.76%,28.98%,-9.77%,9.38%,192.44,-0.30%,"3,474,735"
DLS,-,-,-,-,-,-,-,-,-,-,-,-,-,83.55,-1.47%,"11,249"
DLTH,164.93M,-,-,-,0.29,1.04,26.91,2.79,48.84%,84.09%,-,-,-2.42%,4.34,2.97%,"126,532"
DLTR,22.72B,18.47,15.43,1.14,1.15,6.52,22.55,14.58,20.92%,10.17%,1.91%,13.55%,-5.32%,118.21,-0.96%,"8,187,980"
DLUX,-,-,-,-,-,-,-,-,-,-,-,-,-,50.34,-0.01%,"1,259"
DLX,1.07B,10.27,5.66,-,0.50,1.53,17.70,5.98,2.82%,9.01%,75.48%,-,3.56%,23.27,-0.98%,"296,200"
DLXY,8.02M,-,-,-,0.03,98.20,5.77,-,-,-,-,-,-,0.49,15.16%,"1,607,379"
DLY,672.76M,23.90,-,-,-,-,-,-,-,-,-,-,-,13.86,0.73%,"120,859"
DMA,65.66M,-,-,-,-,-,-,-,-,-,-,-,-,7.32,0.48%,"21,912"
DMAA,258.31M,53.68,-,-,-,1.53,25831.00,-,-,-,-,-,-,10.64,0.00%,"200,523"
DMAC,331.38M,-,-,-,-,7.02,6.46,-,-11.95%,-6.94%,2.31%,-9.93%,-,6.15,-3.30%,"109,095"
DMAR,-,-,-,-,-,-,-,-,-,-,-,-,-,44.51,-0.02%,"9,572"
DMAX,-,-,-,-,-,-,-,-,-,-,-,-,-,27.24,0.00%,"8,099"
DMAY,-,-,-,-,-,-,-,-,-,-,-,-,-,46.66,-0.06%,"3,450"
DMB,202.47M,35.48,-,-,12.80,0.92,-,-,-,-,-,-,-,11.00,0.00%,"82,101"
DMBS,-,-,-,-,-,-,-,-,-,-,-,-,-,49.26,0.06%,"64,594"
DMII,641.46M,75.15,-,-,-,1.30,1832.74,-,-,-,-,-,-,10.07,-0.30%,"1,500,188"
DMLP,1.23B,18.45,-,-,7.32,4.09,43.82,10.03,-,-,13.70%,-,26.64%,25.57,-0.20%,"159,364"
DMO,120.56M,8.79,-,-,5.28,0.90,-,-,-,-,-,-,-,10.55,0.00%,"27,265"
DMRA,1.39B,-,-,-,-,3.59,2.61,-,50.76%,-7.92%,-34.72%,13.94%,-,22.57,2.59%,"380,519"
DMRC,160.98M,-,-,-,5.01,4.69,16.16,-,14.43%,2.75%,15.23%,-,7.17%,7.21,-4.25%,"244,932"
DMX,-,-,-,-,-,-,-,-,-,-,-,-,-,50.19,0.12%,"7,232"
DMXF,-,-,-,-,-,-,-,-,-,-,-,-,-,83.59,0.94%,"19,197"
DNA,625.16M,-,-,-,4.42,1.27,1.64,-,30.67%,15.47%,-7.49%,-,17.29%,9.57,-1.64%,"1,434,199"
DNL,-,-,-,-,-,-,-,-,-,-,-,-,-,45.41,0.58%,"13,104"
DNLI,3.92B,-,-,-,-,4.24,3.97,-,18.30%,0.28%,-,23.66%,-,24.73,-0.36%,"1,139,676"
DNMX,268.33M,134.95,-,-,-,-,265.67,-,-,-,-,-,-,10.00,0.00%,263
DNN,2.78B,-,-,-,826.91,14.89,6.91,-,45.81%,57.70%,-55.13%,-,-20.02%,3.07,-3.15%,"24,500,831"
DNNG,-,-,-,-,-,-,-,-,-,-,-,-,-,7.24,-5.36%,"2,508"
DNOV,-,-,-,-,-,-,-,-,-,-,-,-,-,50.96,0.03%,"1,975"
DNOW,2.46B,-,15.46,2.72,0.72,1.15,21.17,46.33,-59.50%,149.76%,28.00%,5.68%,11.74%,13.45,2.75%,"2,021,842"
DNP,4.10B,9.38,-,-,25.36,1.17,-,-,-,-,-,-,-,10.88,0.55%,"584,039"
DNTH,5.01B,-,-,-,3735.66,4.16,4.50,-,10.74%,-19.44%,31.21%,-4.99%,-,91.57,0.85%,"1,535,901"
DNUT,613.74M,-,63.37,-,0.41,0.97,8.21,-,72.38%,303.38%,-50.59%,-,6.30%,3.56,-4.56%,"2,689,134"
DOC,15.00B,66.59,211.14,11.56,5.22,1.89,11.85,13.29,223.08%,-68.88%,-,18.27%,11.40%,21.23,1.97%,"6,778,919"
DOCK,-,-,-,-,-,-,-,-,-,-,-,-,-,27.20,2.49%,4
DOCN,15.17B,63.53,85.58,6.40,15.99,17.09,20.46,88.27,-43.61%,42.07%,-,13.37%,23.14%,145.34,-2.19%,"2,524,183"
DOCS,3.63B,20.23,12.45,1.78,5.63,3.82,4.85,11.43,-5.77%,11.31%,52.71%,6.99%,25.53%,19.85,-4.70%,"3,498,332"
DOCT,-,-,-,-,-,-,-,-,-,-,-,-,-,46.28,-0.06%,"19,404"
DOCU,8.11B,27.57,8.34,0.64,2.47,4.50,9.75,7.24,17.81%,12.59%,-,13.02%,17.25%,42.46,-4.02%,"4,101,589"
DOG,-,-,-,-,-,-,-,-,-,-,-,-,-,21.78,-0.14%,"3,279,359"
DOGG,-,-,-,-,-,-,-,-,-,-,-,-,-,21.40,-0.33%,"17,202"
DOGZ,15.96M,-,-,-,0.98,0.17,2.41,-,-,-,-3.15%,-,1.55%,1.10,-1.79%,"18,536"
DOJE,-,-,-,-,-,-,-,-,-,-,-,-,-,6.79,-1.02%,"21,722"
DOL,-,-,-,-,-,-,-,-,-,-,-,-,-,73.80,-0.72%,"18,667"
DOLE,1.31B,22.65,9.17,1.27,0.14,0.95,4.69,15.05,13.74%,10.27%,4.47%,7.24%,16.11%,13.80,-2.75%,"978,086"
DOMH,63.77M,-,-,-,0.44,2.02,1.40,-,-,-,26.80%,-,-,2.82,-7.84%,"242,117"
DOMO,110.16M,-,25.70,-,0.35,-,2.82,379.88,274.72%,81.11%,12.90%,-,8.69%,2.44,-11.27%,"2,812,477"
DON,-,-,-,-,-,-,-,-,-,-,-,-,-,56.47,0.48%,"107,293"
DOO,4.55B,23.44,18.25,1.37,0.70,8.92,8.89,6.59,-38.38%,47.18%,-1.59%,13.36%,6.39%,62.25,0.50%,"149,975"
DORM,4.02B,21.66,14.34,3.21,1.87,2.75,93.25,56.78,-6.69%,13.25%,15.00%,4.46%,14.28%,134.37,1.90%,"427,736"
DOUG,159.99M,-,-,-,0.16,0.92,1.59,-,-,-,-,-,5.94%,1.76,-1.12%,"261,770"
DOV,31.07B,28.75,19.78,2.14,3.75,4.15,18.92,27.36,10.99%,9.36%,11.05%,9.25%,3.90%,230.73,2.86%,"675,365"
DOW,21.12B,-,11.68,-,0.54,1.39,4.55,-,435.10%,-20.34%,-,-,0.73%,29.31,-0.24%,"12,739,544"
DOX,5.36B,10.01,6.16,0.66,1.16,1.57,25.01,7.90,6.01%,9.28%,6.38%,9.31%,1.70%,49.87,-3.45%,"1,867,158"
DOYU,138.83M,12.66,13.31,-,0.27,0.48,0.43,-,175.40%,224.31%,-,-,-17.51%,4.60,1.55%,"21,348"
DPC,21.18B,-,-,-,-,-,641.76,-,-,-,-,-,-,46.88,42.06%,"18,644,852"
DPG,533.47M,6.36,-,-,-,-,-,-,-,-,-,-,-,14.62,0.83%,"53,534"
DPRE,-,-,-,-,-,-,-,-,-,-,-,-,-,26.40,-0.17%,1
DPRO,179.58M,-,-,-,29.20,1.61,1.70,-,55.37%,19.95%,35.93%,29.47%,11.21%,4.92,-3.53%,"1,128,238"
DPST,-,-,-,-,-,-,-,-,-,-,-,-,-,140.70,2.96%,"389,583"
DPZ,9.50B,16.43,13.63,1.53,1.91,-,19.01,14.52,9.21%,9.10%,7.23%,8.93%,3.71%,285.44,-0.76%,"744,695"
DQ,887.83M,-,-,-,1.56,0.20,0.46,-,16.66%,73.04%,-,-,-0.29%,13.12,-1.94%,"891,773"
DQJN,-,-,-,-,-,-,-,-,-,-,-,-,-,28.76,0.50%,"18,136"
DRAI,-,-,-,-,-,-,-,-,-,-,-,-,-,33.86,0.61%,536
DRAL,-,-,-,-,-,-,-,-,-,-,-,-,-,24.17,-,"215,936"
DRAM,-,-,-,-,-,-,-,-,-,-,-,-,-,76.89,9.95%,"103,323,450"
DRAY,-,-,-,-,-,-,-,-,-,-,-,-,-,15.13,-6.25%,"7,909"
DRCT,1.91M,-,-,-,0.06,-,2.39,-,89.33%,84.08%,-33.57%,-,22.69%,2.59,-7.17%,"10,467"
DRD,1.84B,10.28,4.79,0.12,3.60,2.84,17.61,21.08,97.48%,50.07%,22.15%,41.31%,10.18%,21.31,1.24%,"431,381"
DRDB,322.92M,61.08,-,-,-,1.34,6458.40,-,-,-,-,-,-,10.53,0.00%,"35,467"
DRES,-,-,-,-,-,-,-,-,-,-,-,-,-,31.55,2.12%,"13,444"
DRGN,-,-,-,-,-,-,-,-,-,-,-,-,-,36.67,0.62%,"12,062"
DRH,2.55B,26.58,21.71,2.59,2.27,1.75,33.35,15.79,24.77%,4.13%,-,8.37%,30.20%,12.41,1.80%,"2,914,043"
DRI,24.37B,22.51,16.97,1.77,1.91,11.60,98.06,24.24,6.88%,10.22%,-,9.60%,9.12%,212.76,-0.32%,"3,329,931"
DRIO,44.97M,-,-,-,2.12,0.72,2.22,-,63.32%,47.65%,38.06%,53.24%,24.17%,6.15,1.49%,"18,349"
DRIP,-,-,-,-,-,-,-,-,-,-,-,-,-,5.30,-2.21%,"35,340,426"
DRIV,-,-,-,-,-,-,-,-,-,-,-,-,-,38.01,0.33%,"27,291"
DRKY,-,-,-,-,-,-,-,-,-,-,-,-,-,20.52,-0.17%,"6,729"
DRLL,-,-,-,-,-,-,-,-,-,-,-,-,-,34.10,0.55%,"12,123"
DRMA,4.71M,-,-,-,-,0.73,0.68,-,72.92%,31.22%,61.24%,-,-,1.17,-3.31%,"26,436"
DRMP,-,-,-,-,-,-,-,-,-,-,-,-,-,31.90,8.51%,"20,841"
DRN,-,-,-,-,-,-,-,-,-,-,-,-,-,10.99,0.73%,"925,411"
DRNL,-,-,-,-,-,-,-,-,-,-,-,-,-,6.54,-10.39%,"3,472"
DRNZ,-,-,-,-,-,-,-,-,-,-,-,-,-,20.79,-2.94%,"167,982"
DRS,11.83B,41.09,30.95,2.67,3.20,4.26,36.08,39.31,12.19%,11.09%,12.76%,11.61%,5.60%,44.36,-0.74%,"889,922"
DRSK,-,-,-,-,-,-,-,-,-,-,-,-,-,29.04,0.07%,"76,070"
DRTS,983.07M,-,-,-,-,14.52,12.25,-,-24.49%,21.84%,-19.21%,49.52%,-,11.17,11.14%,"1,058,964"
DRUG,622.86M,-,-,-,-,2.82,2.81,-,-256.69%,-88.26%,-35.46%,-,-,63.64,-3.90%,"151,821"
DRUP,-,-,-,-,-,-,-,-,-,-,-,-,-,59.27,-0.70%,278
DRV,-,-,-,-,-,-,-,-,-,-,-,-,-,18.42,-0.54%,"54,336"
DRVN,2.23B,14.12,9.12,0.75,1.10,2.80,11.41,19.71,0.83%,21.68%,-,12.22%,15.55%,13.54,2.65%,"620,539"
DSAC,341.71M,-,-,-,-,1.06,335.01,-,-,-,-,-,-,10.05,-0.05%,296
DSC,-,-,-,-,-,-,-,-,-,-,-,-,-,9.06,-46.71%,"864,457"
DSCO,-,-,-,-,-,-,-,-,-,-,-,-,-,24.92,0.00%,"84,398"
DSEP,-,-,-,-,-,-,-,-,-,-,-,-,-,47.05,-0.03%,"12,641"
DSGN,839.42M,-,-,-,-,3.85,3.77,-,-11.48%,-20.27%,-52.23%,-16.95%,-,13.44,-2.47%,"630,035"
DSGR,1.26B,237.89,24.10,-,0.63,1.95,19.41,46.13,338.89%,43.46%,-26.23%,-,41.29%,27.31,-0.69%,"73,396"
DSGX,5.69B,33.03,24.78,1.36,7.55,3.50,15.10,20.16,23.42%,16.12%,24.80%,18.20%,15.89%,66.41,-2.01%,"714,606"
DSI,-,-,-,-,-,-,-,-,-,-,-,-,-,139.25,0.26%,"173,316"
DSL,1.24B,33.84,-,-,-,-,-,-,-,-,-,-,-,10.83,0.37%,"565,613"
DSM,303.49M,-,-,-,13.33,0.94,-,-,-,-,-,-,-,6.14,-0.16%,"106,820"
DSMC,-,-,-,-,-,-,-,-,-,-,-,-,-,39.66,-0.70%,"6,228"
DSP,720.22M,76.16,23.20,0.90,1.99,8.22,3.88,12.23,-7.14%,41.68%,4.84%,25.68%,15.81%,10.99,-1.35%,"180,450"
DSPY,-,-,-,-,-,-,-,-,-,-,-,-,-,64.89,0.69%,"129,844"
DSS,5.60M,-,-,-,0.28,1.66,0.95,-,48.12%,-,-,-,6.20%,0.56,-8.69%,"73,161"
DSTL,-,-,-,-,-,-,-,-,-,-,-,-,-,59.43,0.22%,"118,411"
DSTX,-,-,-,-,-,-,-,-,-,-,-,-,-,32.57,-0.57%,757
DSU,622.25M,14.06,-,-,11.89,0.96,-,-,-,-,-,-,-,9.70,0.41%,"259,141"
DSWL,58.48M,5.50,-,-,0.95,0.53,0.71,12.42,-,-,5.23%,-,-1.12%,3.67,-5.41%,"20,234"
DSX,252.02M,5.98,3.07,0.02,1.18,0.48,0.94,-,583.50%,68.35%,-,146.92%,4.70%,2.04,-0.97%,"725,109"
DSY,23.02M,-,-,-,11.40,3.74,5.12,-,-,-,-169.01%,-,-,2.79,-3.46%,"73,652"
DT,11.74B,75.14,17.87,1.07,5.82,4.54,10.02,22.17,14.58%,15.71%,15.17%,16.65%,23.47%,40.28,-0.81%,"5,612,770"
DTAN,-,-,-,-,-,-,-,-,-,-,-,-,-,31.71,0.54%,295
DTCR,-,-,-,-,-,-,-,-,-,-,-,-,-,31.07,0.10%,"1,276,060"
DTCX,73.86M,-,-,-,-,0.84,1.74,-,-,-,-278.08%,-,-,1.90,-10.38%,"149,324"
DTD,-,-,-,-,-,-,-,-,-,-,-,-,-,92.94,0.13%,"12,260"
DTE,31.79B,25.11,18.32,2.57,1.95,2.58,114.35,-,4.85%,8.07%,-0.08%,7.12%,5.80%,152.81,1.13%,"918,660"
DTEC,-,-,-,-,-,-,-,-,-,-,-,-,-,46.09,-0.60%,"1,193"
DTF,80.84M,34.85,-,-,29.30,0.95,-,-,-,-,-,-,-,11.50,0.37%,"7,240"
DTH,-,-,-,-,-,-,-,-,-,-,-,-,-,54.04,-1.48%,"100,913"
DTI,67.99M,-,7.44,0.18,0.44,0.56,23.94,-,20.00%,116.67%,-86.21%,40.95%,-,1.93,-10.00%,"1,492,158"
DTIL,174.17M,-,-,-,3.86,2.29,1.72,-,21.18%,17.75%,43.45%,16.67%,7.13%,6.75,0.15%,"252,248"
DTM,15.28B,33.19,29.21,3.08,11.97,3.21,101.84,29.78,12.73%,5.76%,5.96%,9.49%,10.51%,149.75,1.81%,"811,448"
DTRE,-,-,-,-,-,-,-,-,-,-,-,-,-,41.89,-0.70%,23
DTSQ,41.16M,71.98,-,-,-,2.46,-,-,-,-,-,-,-,11.27,-0.40%,8
DTSS,7.63M,-,-,-,0.13,2.13,11.39,10.04,-,-,10.43%,-,119.21%,0.73,-8.73%,"55,120"
DTST,7.39M,-,-,-,1.18,0.68,0.76,-,-750.00%,-,-,-,-31.72%,3.41,-7.59%,"76,150"
DUBS,-,-,-,-,-,-,-,-,-,-,-,-,-,40.99,0.13%,"12,414"
DUG,-,-,-,-,-,-,-,-,-,-,-,-,-,20.59,-2.00%,"86,110"
DUHP,-,-,-,-,-,-,-,-,-,-,-,-,-,40.97,0.42%,"1,106,326"
DUK,99.09B,19.46,17.73,2.65,2.99,1.85,44.68,-,6.24%,6.95%,29.70%,6.69%,6.20%,127.11,0.46%,"3,605,282"
DUKH,-,-,-,-,-,-,-,-,-,-,-,-,-,23.94,0.13%,"5,728"
DUKQ,-,-,-,-,-,-,-,-,-,-,-,-,-,31.36,0.94%,"8,672"
DUKR,19.46M,-,-,-,51.21,-,38.16,-,-,-,9.16%,-,-,5.71,-8.64%,"66,635"
DUKX,-,-,-,-,-,-,-,-,-,-,-,-,-,28.26,0.24%,279
DUKZ,-,-,-,-,-,-,-,-,-,-,-,-,-,25.56,0.21%,"17,546"
DULL,-,-,-,-,-,-,-,-,-,-,-,-,-,76.71,-2.74%,"4,538"
DUNK,-,-,-,-,-,-,-,-,-,-,-,-,-,23.77,-0.99%,"3,498"
DUO,26.32M,-,-,-,0.53,0.32,1.25,-,-,-,49.99%,-,-32.61%,0.68,-11.31%,"73,369"
DUOG,-,-,-,-,-,-,-,-,-,-,-,-,-,42.08,-19.17%,"17,233"
DUOL,5.59B,13.96,35.24,-,5.09,4.04,4.46,13.43,-66.81%,20.07%,-,-22.94%,45.03%,119.94,-9.24%,"1,725,787"
DUOT,343.04M,-,31.20,-,13.84,3.02,10.39,-,329.69%,-76.19%,20.53%,-,27.44%,10.92,-3.70%,"559,829"
DURA,-,-,-,-,-,-,-,-,-,-,-,-,-,37.75,0.73%,390
DUSA,-,-,-,-,-,-,-,-,-,-,-,-,-,56.01,0.51%,"49,356"
DUSB,-,-,-,-,-,-,-,-,-,-,-,-,-,50.76,0.09%,"372,543"
DUSG,-,-,-,-,-,-,-,-,-,-,-,-,-,52.15,0.92%,"1,593"
DUSL,-,-,-,-,-,-,-,-,-,-,-,-,-,103.24,6.82%,"42,409"
DUST,-,-,-,-,-,-,-,-,-,-,-,-,-,63.15,-2.91%,"830,561"
DUTY,-,-,-,-,-,-,-,-,-,-,-,-,-,23.96,-0.83%,"3,790"
DV,1.53B,30.06,15.68,0.44,2.00,1.43,8.79,11.32,61.30%,31.16%,18.42%,35.62%,25.13%,9.95,-3.86%,"2,479,117"
DVA,13.70B,20.48,12.35,0.60,0.99,-,18.30,9.17,37.72%,16.38%,8.29%,20.68%,3.39%,213.36,0.15%,"770,512"
DVAL,-,-,-,-,-,-,-,-,-,-,-,-,-,15.72,0.64%,"2,781"
DVDN,-,-,-,-,-,-,-,-,-,-,-,-,-,16.10,-0.31%,"6,236"
DVGR,-,-,-,-,-,-,-,-,-,-,-,-,-,26.11,0.17%,"3,323"
DVIN,-,-,-,-,-,-,-,-,-,-,-,-,-,30.78,0.00%,0
DVLT,287.89M,-,-,-,6.87,0.94,130.27,-,82.69%,77.78%,89.31%,-,74.67%,0.34,-1.09%,"15,924,256"
DVLU,-,-,-,-,-,-,-,-,-,-,-,-,-,39.67,0.27%,"6,800"
DVN,49.13B,11.82,7.73,0.47,2.91,1.71,27.07,19.97,40.39%,0.14%,-,16.50%,31.53%,42.60,-0.33%,"12,689,393"
DVND,-,-,-,-,-,-,-,-,-,-,-,-,-,38.26,0.26%,8
DVOL,-,-,-,-,-,-,-,-,-,-,-,-,-,36.74,0.12%,"7,766"
DVQQ,-,-,-,-,-,-,-,-,-,-,-,-,-,31.25,0.50%,14
DVRE,-,-,-,-,-,-,-,-,-,-,-,-,-,24.85,0.00%,0
DVSP,-,-,-,-,-,-,-,-,-,-,-,-,-,28.22,-0.06%,22
DVUT,-,-,-,-,-,-,-,-,-,-,-,-,-,27.71,0.90%,90
DVVY,-,-,-,-,-,-,-,-,-,-,-,-,-,26.67,0.77%,5
DVXB,-,-,-,-,-,-,-,-,-,-,-,-,-,28.33,1.81%,3
DVXC,-,-,-,-,-,-,-,-,-,-,-,-,-,23.02,0.00%,0
DVXE,-,-,-,-,-,-,-,-,-,-,-,-,-,35.46,0.95%,206
DVXF,-,-,-,-,-,-,-,-,-,-,-,-,-,25.18,0.00%,0
DVXK,-,-,-,-,-,-,-,-,-,-,-,-,-,37.04,0.54%,105
DVXP,-,-,-,-,-,-,-,-,-,-,-,-,-,25.39,-0.69%,52
DVXV,-,-,-,-,-,-,-,-,-,-,-,-,-,31.32,4.15%,2
DVXY,-,-,-,-,-,-,-,-,-,-,-,-,-,22.11,-1.78%,27
DVY,-,-,-,-,-,-,-,-,-,-,-,-,-,156.99,0.72%,"440,547"
DVYA,-,-,-,-,-,-,-,-,-,-,-,-,-,47.19,0.39%,"1,715"
DVYE,-,-,-,-,-,-,-,-,-,-,-,-,-,32.26,0.00%,"167,342"
DWAS,-,-,-,-,-,-,-,-,-,-,-,-,-,123.24,2.34%,"32,014"
DWAW,-,-,-,-,-,-,-,-,-,-,-,-,-,50.91,1.49%,626
DWLD,-,-,-,-,-,-,-,-,-,-,-,-,-,45.58,-0.90%,"12,208"
DWM,-,-,-,-,-,-,-,-,-,-,-,-,-,72.70,-0.94%,"9,414"
DWMF,-,-,-,-,-,-,-,-,-,-,-,-,-,33.65,-0.83%,164
DWSH,-,-,-,-,-,-,-,-,-,-,-,-,-,6.49,0.35%,"55,404"
DWSN,150.61M,31.99,-,-,1.56,6.46,86.56,43.03,-,-,35.58%,-,-2.56%,4.85,11.49%,"119,477"
DWTX,49.77M,-,-,-,-,0.61,3.76,-,91.80%,-27.35%,25.53%,53.01%,-,1.48,-1.99%,"15,429"
DWUS,-,-,-,-,-,-,-,-,-,-,-,-,-,62.34,1.97%,"5,072"
DWWN,-,-,-,-,-,-,-,-,-,-,-,-,-,26.62,0.00%,0
DWX,-,-,-,-,-,-,-,-,-,-,-,-,-,45.85,0.51%,"16,687"
DX,2.82B,7.79,7.84,0.36,4.00,1.04,3.64,15.28,64.26%,13.30%,-18.63%,21.59%,18.10%,13.09,0.61%,"3,409,092"
DXC,1.33B,140.44,2.67,0.84,0.11,0.46,0.77,1.29,-20.51%,19.96%,-,3.17%,-6.54%,8.23,-1.91%,"3,367,851"
DXCM,26.49B,29.36,22.23,1.07,5.50,8.96,10.97,18.53,23.88%,19.28%,10.55%,20.86%,19.33%,68.65,-1.58%,"4,075,416"
DXD,-,-,-,-,-,-,-,-,-,-,-,-,-,17.42,-0.29%,"2,101,504"
DXF,0.61M,-,-,-,0.50,0.09,1.27,-,-,-,-,-,-39.57%,0.39,-13.28%,"1,537,441"
DXIV,-,-,-,-,-,-,-,-,-,-,-,-,-,70.09,0.93%,"11,071"
DXJ,-,-,-,-,-,-,-,-,-,-,-,-,-,172.82,-0.43%,"317,594"
DXLG,35.92M,-,-,-,0.08,0.35,2.22,-,-2.38%,13.95%,-,27.51%,-2.94%,0.65,-3.40%,"22,645"
DXPE,2.59B,31.23,22.24,-,1.26,5.06,12.13,26.64,13.28%,22.31%,-,-,14.94%,166.99,-0.55%,"265,789"
DXR,60.27M,5.70,-,-,120.54,1.14,-,-,-320.00%,85.71%,-,-,-,10.32,-1.71%,550
DXST,3.36M,-,-,-,0.26,0.16,5.90,-,-,-,-,-,42.53%,1.85,-6.09%,"122,067"
DXUV,-,-,-,-,-,-,-,-,-,-,-,-,-,65.73,0.15%,"56,642"
DXYZ,755.66M,7.01,-,-,-,1.24,3.68,-,-,-,-,-,-,24.80,-3.16%,"2,585,415"
DY,14.82B,46.96,25.63,1.11,2.37,7.82,27.44,33.67,38.79%,15.94%,54.95%,23.15%,11.63%,493.61,2.10%,"641,206"
DYAI,27.00M,-,16.47,0.25,7.09,-,4.14,-,56.52%,145.00%,7.84%,64.84%,14.04%,0.74,1.37%,"571,358"
DYFI,-,-,-,-,-,-,-,-,-,-,-,-,-,22.77,0.11%,"1,940"
DYLD,-,-,-,-,-,-,-,-,-,-,-,-,-,22.50,0.00%,"4,949"
DYLG,-,-,-,-,-,-,-,-,-,-,-,-,-,27.58,-0.14%,"5,928"
DYN,3.41B,-,-,-,-,3.94,3.50,-,11.17%,4.56%,3.39%,14.57%,-,20.61,1.38%,"1,627,644"
DYNB,-,-,-,-,-,-,-,-,-,-,-,-,-,39.47,0.04%,609
DYNC,238.60M,-,-,-,-,1.24,1255.78,-,-,-,-,-,-,10.78,-0.09%,"29,895"
DYNF,-,-,-,-,-,-,-,-,-,-,-,-,-,66.73,0.41%,"2,761,604"
DYOR,231.15M,-,-,-,-,1.37,245.90,-,-,-,-,-,-,10.05,0.00%,"4,077"
DYTA,-,-,-,-,-,-,-,-,-,-,-,-,-,31.47,0.53%,"15,868"
DZZ,-,-,-,-,-,-,-,-,-,-,-,-,-,2.07,12.25%,"84,247"
E,66.42B,25.81,8.52,0.59,0.72,1.22,3.90,19.42,58.38%,-9.09%,-,14.35%,13.08%,46.79,-0.91%,"589,232"
EA,51.34B,58.53,21.39,5.88,6.78,7.59,17.23,22.10,3.39%,7.93%,4.11%,3.64%,6.00%,204.73,0.10%,"1,925,827"
EAD,379.37M,9.88,-,-,8.31,0.87,-,-,-,-,-,-,-,6.42,0.94%,"297,920"
EAF,190.67M,-,-,-,0.37,-,1.59,-,10.80%,34.34%,-,-,-16.26%,7.32,3.83%,"247,181"
EAFG,-,-,-,-,-,-,-,-,-,-,-,-,-,26.32,1.78%,293
EAGG,-,-,-,-,-,-,-,-,-,-,-,-,-,47.54,0.11%,"270,320"
EAGL,-,-,-,-,-,-,-,-,-,-,-,-,-,31.20,-0.81%,"218,496"
EALT,-,-,-,-,-,-,-,-,-,-,-,-,-,35.77,0.04%,"21,760"
EAOA,-,-,-,-,-,-,-,-,-,-,-,-,-,44.85,0.34%,403
EAOK,-,-,-,-,-,-,-,-,-,-,-,-,-,28.26,0.17%,85
EAOM,-,-,-,-,-,-,-,-,-,-,-,-,-,31.30,0.21%,138
EAOR,-,-,-,-,-,-,-,-,-,-,-,-,-,37.57,0.27%,611
EAPR,-,-,-,-,-,-,-,-,-,-,-,-,-,32.69,0.37%,"7,353"
EARN,168.73M,-,4.54,-,3.57,1.10,2.92,0.31,0.00%,12.50%,-,-,12.51%,4.49,0.00%,"372,713"
EART,-,-,-,-,-,-,-,-,-,-,-,-,-,29.48,0.45%,"6,942"
EASG,-,-,-,-,-,-,-,-,-,-,-,-,-,37.94,0.83%,"3,600"
EASY,-,-,-,-,-,-,-,-,-,-,-,-,-,26.46,-0.43%,"13,914"
EAT,7.44B,16.98,13.88,0.88,1.30,18.32,130.25,14.74,20.94%,16.10%,67.66%,15.71%,11.83%,173.41,2.08%,"1,177,209"
EBAY,47.95B,24.52,16.00,1.47,4.10,10.92,10.85,22.75,10.76%,10.40%,11.61%,10.86%,4.64%,108.00,-1.32%,"2,437,945"
EBC,5.05B,12.22,10.07,0.55,3.59,1.18,-,14.02,20.06%,15.81%,26.68%,18.26%,12.20%,21.85,1.96%,"2,148,321"
EBF,535.56M,12.68,-,-,1.36,1.73,10.91,13.05,-5.42%,-,12.35%,-,1.85%,21.17,-0.28%,"132,035"
EBI,-,-,-,-,-,-,-,-,-,-,-,-,-,64.67,0.55%,"4,042"
EBIT,-,-,-,-,-,-,-,-,-,-,-,-,-,39.85,0.72%,548
EBIZ,-,-,-,-,-,-,-,-,-,-,-,-,-,27.03,-2.06%,"3,773"
EBMT,186.55M,11.77,10.91,-,1.46,0.97,-,8.15,7.19%,5.40%,-9.42%,-,5.73%,23.42,-1.43%,"38,995"
EBND,-,-,-,-,-,-,-,-,-,-,-,-,-,20.87,0.29%,"188,406"
EBON,14.72M,-,-,-,2.25,0.06,0.07,-,-,-,21.54%,-,-19.22%,2.25,-0.44%,"8,697"
EBS,411.74M,-,8.77,-,0.61,0.79,2.55,3.04,-78.76%,180.00%,-30.38%,-,-13.74%,7.98,-5.34%,"968,928"
EBUF,-,-,-,-,-,-,-,-,-,-,-,-,-,31.78,0.20%,"8,121"
EC,29.71B,13.19,7.19,0.45,1.00,1.36,7.88,6.50,87.33%,-10.61%,37.30%,15.93%,15.88%,14.45,-0.96%,"3,209,199"
ECAT,1.54B,7.18,-,-,-,-,-,-,-,-,-,-,-,15.44,0.32%,"361,624"
ECBK,168.87M,16.67,-,-,2.02,0.96,-,13.40,-,-,15.40%,-,28.41%,19.29,-2.77%,"36,286"
ECC,490.49M,-,4.67,-,2.53,0.89,-,-,-21.43%,3.25%,-,-,-,3.71,1.64%,"902,654"
ECF,178.78M,4.14,-,-,37.29,1.05,-,-,-,-,-,-,-,13.09,-0.15%,"15,149"
ECG,8.35B,37.45,32.43,2.28,2.11,12.15,28.46,36.36,14.56%,11.45%,16.45%,14.22%,16.25%,163.56,2.87%,"456,338"
ECH,-,-,-,-,-,-,-,-,-,-,-,-,-,39.29,-0.15%,"446,418"
ECHO,28.17B,-,36.71,-,1.90,4.99,18.58,-,99.84%,3386.93%,-161.79%,-,51.37%,97.19,-2.67%,"8,701,809"
ECL,79.14B,38.02,29.53,2.32,4.81,7.91,152.25,42.32,10.40%,14.55%,-,12.74%,6.40%,281.20,1.78%,"1,929,387"
ECML,-,-,-,-,-,-,-,-,-,-,-,-,-,38.63,0.59%,207
ECNS,-,-,-,-,-,-,-,-,-,-,-,-,-,28.30,-1.15%,"10,065"
ECO,1.99B,9.17,9.26,0.90,4.13,2.79,11.60,-,201.40%,-50.70%,3.87%,10.29%,6.72%,51.88,-4.70%,"468,290"
ECON,-,-,-,-,-,-,-,-,-,-,-,-,-,36.12,0.93%,"8,808"
ECOR,59.65M,-,-,-,1.71,-,6.76,-,9.09%,71.67%,28.87%,-,55.74%,7.19,-5.02%,"64,567"
ECOW,-,-,-,-,-,-,-,-,-,-,-,-,-,26.39,0.45%,"16,621"
ECPG,1.87B,6.78,6.25,-,1.02,1.82,8.25,11.28,18.68%,8.01%,10.31%,-,3.27%,87.38,0.36%,"216,588"
ECVT,1.33B,-,13.79,0.35,1.62,2.31,8.16,15.30,68.71%,33.61%,37.68%,39.21%,7.85%,12.12,-4.04%,"5,714,078"
ECX,410.26M,-,9.37,-,0.51,-,3.47,-,101.47%,4226.69%,-296.10%,-,-,1.15,-3.36%,"933,869"
ED,40.82B,18.66,17.09,2.59,2.37,1.45,277.68,-,7.06%,6.19%,11.45%,6.59%,6.69%,110.76,0.04%,"1,729,988"
EDBL,0.89M,-,-,-,0.07,-,0.45,-,99.29%,62.65%,72.14%,-,6.29%,0.16,-14.74%,"700,068"
EDC,-,-,-,-,-,-,-,-,-,-,-,-,-,87.27,2.89%,"75,670"
EDD,374.49M,5.48,-,-,-,-,-,-,-,-,-,-,-,5.81,1.22%,"584,514"
EDEN,-,-,-,-,-,-,-,-,-,-,-,-,-,109.58,0.94%,"1,298"
EDF,177.27M,6.27,-,-,-,-,-,-,-,-,-,-,-,5.52,0.18%,"118,356"
EDGE,-,-,-,-,-,-,-,-,-,-,-,-,-,48.74,-0.05%,242
EDGF,-,-,-,-,-,-,-,-,-,-,-,-,-,24.87,0.08%,"39,371"
EDGH,-,-,-,-,-,-,-,-,-,-,-,-,-,31.86,1.27%,"25,619"
EDGI,-,-,-,-,-,-,-,-,-,-,-,-,-,30.96,1.04%,"10,724"
EDGQ,-,-,-,-,-,-,-,-,-,-,-,-,-,27.90,0.86%,"8,586"
EDGU,-,-,-,-,-,-,-,-,-,-,-,-,-,31.48,0.64%,"22,930"
EDGX,-,-,-,-,-,-,-,-,-,-,-,-,-,26.21,-0.12%,"2,190"
EDHL,-,-,-,-,-,-,-,-,-,-,-,-,-,4.38,-0.68%,"19,061"
EDIT,420.48M,-,-,-,10.87,60.83,3.40,-,44.82%,4.27%,1.84%,16.74%,-14.89%,2.74,-2.14%,"2,782,015"
EDIV,-,-,-,-,-,-,-,-,-,-,-,-,-,40.60,0.52%,"104,525"
EDN,541.96M,4.54,-,-,0.24,0.58,0.97,-,-,-,-,-,13.24%,24.49,1.91%,"83,590"
EDOG,-,-,-,-,-,-,-,-,-,-,-,-,-,23.63,-0.08%,"1,684"
EDOW,-,-,-,-,-,-,-,-,-,-,-,-,-,43.62,-0.75%,"17,614"
EDRY,64.18M,-,7.78,-,1.15,0.71,2.98,6.54,223.87%,-4.74%,13.93%,-,18.58%,22.95,-4.37%,"23,712"
EDSA,66.42M,-,-,-,-,36.43,6.64,-,-52.36%,-1.29%,-11.35%,9.87%,-,7.47,-6.04%,"120,547"
EDTK,15.39M,-,-,-,19.98,1.20,26.99,-,-,-,-,-,-50.00%,0.97,0.36%,"3,628"
EDU,7.36B,16.85,10.45,0.71,1.36,1.78,1.48,-,9.45%,22.58%,-2.63%,14.80%,6.54%,44.44,-1.18%,"449,527"
EDUC,13.11M,5.73,-,-,0.57,0.31,9.78,8.98,-,-,-28.94%,-,-35.46%,1.54,1.32%,"65,764"
EDV,-,-,-,-,-,-,-,-,-,-,-,-,-,66.18,-0.20%,"739,239"
EDZ,-,-,-,-,-,-,-,-,-,-,-,-,-,14.82,-3.07%,"377,108"
EE,4.26B,30.52,18.77,0.63,3.16,1.74,7.82,19.25,19.93%,29.77%,-4.24%,29.90%,23.31%,37.40,4.76%,"602,621"
EEA,73.87M,4.01,-,-,31.40,0.91,-,-,-,-,-,-,-,10.83,1.40%,"11,610"
EEE,-,-,-,-,-,-,-,-,-,-,-,-,-,19.33,-0.37%,10
EEFT,2.55B,9.68,5.51,0.47,0.59,2.11,1.20,9.06,14.12%,11.04%,-,11.78%,11.32%,67.06,-0.65%,"457,282"
EEIQ,5.05M,-,-,-,0.57,0.51,0.99,-,-,-,-,-,-0.27%,3.07,-6.40%,"16,191"
EELV,-,-,-,-,-,-,-,-,-,-,-,-,-,27.94,0.27%,"64,878"
EEM,-,-,-,-,-,-,-,-,-,-,-,-,-,67.96,1.06%,"23,794,450"
EEMA,-,-,-,-,-,-,-,-,-,-,-,-,-,115.91,0.58%,"139,648"
EEMO,-,-,-,-,-,-,-,-,-,-,-,-,-,24.59,3.82%,"19,780"
EEMS,-,-,-,-,-,-,-,-,-,-,-,-,-,74.64,-0.43%,"13,897"
EEMV,-,-,-,-,-,-,-,-,-,-,-,-,-,74.65,0.42%,"209,955"
EEMX,-,-,-,-,-,-,-,-,-,-,-,-,-,53.68,1.08%,"2,203"
EES,-,-,-,-,-,-,-,-,-,-,-,-,-,66.44,0.10%,"13,548"
EET,-,-,-,-,-,-,-,-,-,-,-,-,-,115.72,2.14%,"4,413"
EETH,-,-,-,-,-,-,-,-,-,-,-,-,-,18.99,-1.91%,"28,752"
EEV,-,-,-,-,-,-,-,-,-,-,-,-,-,10.76,-1.81%,"23,224"
EEX,995.49M,-,17.34,-,2.11,2.94,8.22,16.82,411.22%,38.10%,55.73%,-,29.47%,5.03,0.20%,"26,101"
EFA,-,-,-,-,-,-,-,-,-,-,-,-,-,103.15,0.87%,"13,027,984"
EFAA,-,-,-,-,-,-,-,-,-,-,-,-,-,55.34,0.75%,"54,348"
EFAD,-,-,-,-,-,-,-,-,-,-,-,-,-,42.33,0.31%,704
EFAS,-,-,-,-,-,-,-,-,-,-,-,-,-,21.29,-0.07%,"18,495"
EFAV,-,-,-,-,-,-,-,-,-,-,-,-,-,87.08,0.09%,"439,104"
EFAX,-,-,-,-,-,-,-,-,-,-,-,-,-,53.79,1.07%,"22,003"
EFC,1.71B,8.27,7.07,-,2.91,1.00,8.94,2.47,3.58%,0.15%,24.76%,-0.90%,32.40%,13.65,0.00%,"1,286,435"
EFFE,-,-,-,-,-,-,-,-,-,-,-,-,-,27.25,0.20%,524
EFFI,-,-,-,-,-,-,-,-,-,-,-,-,-,25.25,0.80%,566
EFG,-,-,-,-,-,-,-,-,-,-,-,-,-,123.11,1.13%,"602,184"
EFIV,-,-,-,-,-,-,-,-,-,-,-,-,-,71.97,0.74%,"46,666"
EFNL,-,-,-,-,-,-,-,-,-,-,-,-,-,53.26,0.95%,"5,765"
EFO,-,-,-,-,-,-,-,-,-,-,-,-,-,71.96,1.49%,"1,871"
EFOI,17.71M,-,-,-,4.55,4.46,15.67,-,-,-,57.15%,-,-26.70%,2.81,-5.70%,"21,760"
EFOR,699.46M,7.54,3.74,0.44,0.18,0.39,4.87,2.41,-20.54%,26.08%,-7.08%,8.42%,2.59%,17.06,-6.83%,"849,037"
EFR,310.29M,18.12,-,-,6.43,0.85,-,-,-,-,-,-,-,10.51,0.19%,"139,715"
EFRA,-,-,-,-,-,-,-,-,-,-,-,-,-,35.80,1.75%,95
EFSC,2.40B,12.38,11.00,-,2.36,1.23,-,11.79,4.63%,7.20%,14.00%,-,22.76%,65.52,-0.02%,"233,333"
EFSI,225.31M,11.84,11.41,2.92,1.89,1.18,-,8.94,-3.86%,10.05%,-13.47%,3.90%,17.25%,41.63,-2.53%,"31,167"
EFT,284.12M,22.27,-,-,6.33,0.85,-,-,-,-,-,-,-,10.69,0.19%,"95,064"
EFU,-,-,-,-,-,-,-,-,-,-,-,-,-,7.41,-1.65%,"6,739"
EFV,-,-,-,-,-,-,-,-,-,-,-,-,-,76.18,0.63%,"1,951,539"
EFX,18.09B,26.76,14.78,0.83,2.88,3.99,98.64,15.88,12.64%,19.25%,4.67%,17.73%,8.04%,151.93,-3.60%,"1,803,819"
EFXT,3.01B,36.59,12.79,0.22,1.15,2.63,63.94,18.27,191.31%,27.05%,-6.59%,59.08%,23.16%,24.62,2.12%,"304,180"
EFZ,-,-,-,-,-,-,-,-,-,-,-,-,-,23.16,-0.76%,"15,156"
EG,13.57B,6.99,5.65,0.35,0.78,0.89,-,4.47,17.24%,16.18%,24.23%,16.09%,12.76%,343.02,-0.79%,"356,349"
EGAN,167.72M,4.42,14.32,-,1.82,1.83,2.08,12.27,101.67%,5.79%,37.92%,-,3.99%,6.11,-7.28%,"221,081"
EGBN,866.69M,-,10.89,-,1.41,0.76,-,-,140.33%,53.71%,-,-,7.99%,28.42,0.57%,"327,749"
EGG,207.24M,513.89,-,-,61.50,16.71,20.24,-,-,-,-,-,23.53%,7.40,-2.63%,"73,788"
EGGQ,-,-,-,-,-,-,-,-,-,-,-,-,-,64.82,3.86%,"4,135"
EGGS,-,-,-,-,-,-,-,-,-,-,-,-,-,43.88,1.18%,"8,475"
EGGY,-,-,-,-,-,-,-,-,-,-,-,-,-,44.54,3.80%,"88,413"
EGHA,211.15M,47.47,-,-,-,1.41,459.03,-,-,-,-,-,-,10.30,-0.10%,"25,117"
EGHT,232.97M,168.37,4.60,-,0.32,1.59,2.45,5.85,-10.59%,0.35%,-,-,6.69%,1.65,-4.07%,"2,399,699"
EGLE,-,-,-,-,-,-,-,-,-,-,-,-,-,30.29,0.12%,5
EGO,7.94B,10.77,5.12,0.11,3.98,1.38,12.61,-,133.77%,45.16%,27.92%,48.64%,12.06%,30.43,2.32%,"3,594,599"
EGP,11.00B,37.24,35.42,4.68,14.93,3.08,350.87,26.34,20.40%,-1.44%,12.06%,7.56%,14.49%,204.69,0.56%,"385,749"
EGUS,-,-,-,-,-,-,-,-,-,-,-,-,-,56.21,-0.48%,"4,539"
EGY,522.33M,-,9.15,-,1.68,1.51,10.85,-,541.67%,209.91%,13.62%,-,39.84%,5.01,-0.60%,"1,610,815"
EH,350.58M,-,-,-,4.91,3.34,2.42,-,-83.57%,87.67%,-17.72%,-,17.38%,6.31,-4.83%,"951,833"
EHC,9.89B,16.64,15.25,1.50,1.63,3.93,49.34,21.30,10.25%,8.81%,14.24%,10.15%,5.03%,99.72,-2.47%,"2,133,329"
EHCC,-,-,-,-,-,-,-,-,-,-,-,-,-,17.80,-1.21%,222
EHGO,9.26M,-,-,-,0.64,0.80,1.56,-,-,-,-,-,-7.05%,4.57,23.51%,"10,063,699"
EHI,178.77M,11.13,-,-,7.44,0.87,-,-,-,-,-,-,-,5.90,0.34%,"64,374"
EHLD,22.25M,3.70,-,-,1.24,1.01,3.82,-,-,-,-,-,-,7.90,-0.63%,783
EHLS,-,-,-,-,-,-,-,-,-,-,-,-,-,26.54,0.48%,364
EHTH,50.63M,-,1.94,-,0.10,0.09,0.46,-,-69.81%,45.44%,-,-,-1.01%,1.60,-10.39%,"307,433"
EHY,-,-,-,-,-,-,-,-,-,-,-,-,-,6.83,-2.01%,"2,681"
EIC,231.36M,-,7.04,-,3.93,0.84,-,-,-10.60%,5.68%,-,-,-,10.04,-0.40%,"47,100"
EIDO,-,-,-,-,-,-,-,-,-,-,-,-,-,11.93,1.62%,"2,201,114"
EIG,885.15M,144.32,19.31,-,1.02,1.04,-,29.80,140.52%,12.34%,-35.03%,-,3.84%,48.52,-0.59%,"233,931"
EIKN,533.27M,-,-,-,-,0.97,1.04,-,94.00%,3.62%,-,63.03%,-,9.85,2.28%,"352,626"
EIM,504.99M,42.74,-,-,12.42,0.94,-,-,-,-,-,-,-,9.83,0.10%,"128,331"
EINC,-,-,-,-,-,-,-,-,-,-,-,-,-,120.66,1.61%,779
EIPI,-,-,-,-,-,-,-,-,-,-,-,-,-,22.00,0.47%,"125,024"
EIPX,-,-,-,-,-,-,-,-,-,-,-,-,-,31.56,0.48%,"28,653"
EIRL,-,-,-,-,-,-,-,-,-,-,-,-,-,78.21,0.90%,"1,496"
EIS,-,-,-,-,-,-,-,-,-,-,-,-,-,119.82,-0.48%,"51,428"
EIX,28.76B,8.11,11.47,6.17,1.47,1.67,171.21,-,-6.56%,6.50%,42.36%,1.86%,7.31%,74.75,0.71%,"2,173,133"
EJAN,-,-,-,-,-,-,-,-,-,-,-,-,-,35.78,0.28%,"6,659"
EJH,5.22M,0.07,-,-,0.11,0.00,0.02,-,-,-,-,-,1.35%,1.63,-4.12%,"13,069"
EJUL,-,-,-,-,-,-,-,-,-,-,-,-,-,31.18,-0.05%,"15,294"
EKG,-,-,-,-,-,-,-,-,-,-,-,-,-,18.42,1.20%,189
EL,29.49B,-,25.57,0.70,1.99,7.38,9.43,22.95,60.96%,31.15%,-,36.67%,0.04%,81.50,-2.13%,"2,150,196"
ELA,681.29M,32.54,40.06,-,2.34,8.98,17.64,32.11,29.46%,-9.66%,18.85%,-,16.17%,26.24,-1.65%,"133,130"
ELAB,5.27M,-,-,-,4.15,0.18,0.35,-,-,-,15.55%,-,-,1.16,-7.20%,"335,087"
ELAN,12.17B,-,20.45,1.56,2.49,1.87,28.44,38.64,13.30%,11.91%,18.11%,13.14%,7.57%,24.37,1.71%,"3,683,972"
ELBM,54.81M,-,-,-,-,0.90,1.90,-,99.84%,-1399.98%,-55.53%,-,-,0.52,-1.98%,"499,832"
ELCV,-,-,-,-,-,-,-,-,-,-,-,-,-,33.09,1.65%,"30,290"
ELD,-,-,-,-,-,-,-,-,-,-,-,-,-,28.57,-0.12%,"55,621"
ELDN,281.73M,-,-,-,-,6.18,2.54,-,-70.00%,10.07%,48.72%,-15.56%,-,3.65,-7.83%,"1,323,221"
ELE,375.51M,1762.79,-,-,6.67,1.24,4.37,-,-,-,-,-,53.50%,15.16,0.73%,"328,444"
ELF,3.87B,145.88,17.83,2.00,2.36,3.40,13.36,20.36,5.43%,10.63%,29.90%,8.92%,38.76%,65.09,0.85%,"2,636,995"
ELFY,-,-,-,-,-,-,-,-,-,-,-,-,-,44.89,1.43%,"41,295"
ELIL,-,-,-,-,-,-,-,-,-,-,-,-,-,27.66,2.07%,"56,324"
ELLO,264.58M,-,-,-,5.36,1.71,2.20,-,-,-,15.77%,-,34.47%,19.20,0.21%,"5,435"
ELM,-,-,-,-,-,-,-,-,-,-,-,-,-,29.13,0.51%,"17,207"
ELMD,331.62M,34.41,27.06,0.98,4.62,6.74,19.53,35.47,43.14%,21.64%,12.39%,27.70%,14.53%,40.05,2.38%,"88,081"
ELME,119.96M,-,-,-,0.49,0.13,12.79,2.44,-,-,-,-,-4.79%,1.35,-33.17%,"16,974,257"
ELMT,560.03M,-,34.75,1.48,-,9.18,210.54,-,8.33%,27.22%,-,23.43%,-,18.68,3.15%,"246,649"
ELOG,10.45M,5.71,-,-,0.23,0.66,1.76,95.01,-,-,-,-,-,0.87,0.97%,"27,365"
ELOX,0.49M,-,-,-,-,-,0.08,-,-,-,61.60%,-,-,11.75,-2.08%,"29,577"
ELPC,8.68B,17.33,12.55,1.61,1.73,1.90,8.76,19.25,8.69%,23.76%,-10.14%,7.82%,5.29%,11.69,1.04%,"312,357"
ELPW,1.41M,-,-,-,-,-,-,-,-,-,-,-,-,1.00,5.47%,"332,812"
ELS,12.61B,32.12,28.77,5.16,8.17,6.93,321.36,36.82,0.75%,8.01%,9.89%,5.58%,7.09%,62.93,-0.58%,"1,573,775"
ELSE,27.09M,105.07,-,-,2.59,1.82,2.51,40.44,-,-,-,-,5.88%,7.67,-0.13%,"1,611"
ELTK,61.62M,-,-,-,1.25,1.39,5.58,-,-,-,-26.83%,-,7.13%,9.17,0.21%,644
ELTX,71.57M,-,-,-,-,-,4.79,-,17.36%,-23.60%,37.53%,-1.53%,-,3.75,-5.78%,"904,620"
ELUT,41.91M,-,-,-,2.62,1.86,1.47,-,-168.97%,13.33%,20.42%,-,-22.04%,0.95,-3.36%,"66,927"
ELV,84.11B,16.48,13.25,3.30,0.42,1.92,-,13.04,-11.17%,8.66%,6.99%,4.01%,10.32%,387.32,0.86%,"1,667,351"
ELVA,478.76M,85.05,26.75,0.40,6.72,7.63,20.34,-,40.31%,186.32%,13.11%,67.11%,34.45%,9.67,1.26%,"311,012"
ELVN,3.51B,-,-,-,-,6.60,7.76,-,3.28%,-35.73%,33.56%,-17.66%,-,49.12,2.83%,"2,761,337"
ELVR,1.32B,-,-,-,9.04,2.02,16.32,-,-,-,-59.56%,-,-,68.90,-10.02%,"106,877"
ELWT,40.64M,-,17.06,-,1.90,17.83,11.51,-,7.50%,148.65%,-,-,-,6.14,0.66%,"41,800"
EMA,16.29B,22.33,20.20,5.69,2.62,1.78,9.21,-,6.55%,-2.94%,-3.02%,3.55%,8.50%,53.26,0.68%,"221,526"
EMAT,4.08B,-,62.45,-,2168.25,-,756.27,-,-200.00%,283.33%,-201.33%,-,-,6.87,-0.29%,"56,533"
EMB,-,-,-,-,-,-,-,-,-,-,-,-,-,96.56,-0.01%,"4,442,204"
EMBC,184.51M,1.64,1.79,-,0.18,-,0.95,0.90,-45.99%,9.14%,-,-13.11%,-0.10%,3.11,0.32%,"1,467,129"
EMBD,-,-,-,-,-,-,-,-,-,-,-,-,-,23.95,0.19%,"25,173"
EMBJ,11.18B,36.97,16.93,0.53,1.41,3.42,5.29,26.95,45.88%,32.31%,-,32.03%,14.51%,62.80,1.83%,"932,270"
EMBX,-,-,-,-,-,-,-,-,-,-,-,-,-,51.27,0.07%,"55,651"
EMC,-,-,-,-,-,-,-,-,-,-,-,-,-,37.38,0.13%,"7,283"
EMCB,-,-,-,-,-,-,-,-,-,-,-,-,-,66.00,-0.86%,"4,355"
EMCR,-,-,-,-,-,-,-,-,-,-,-,-,-,44.40,1.63%,"52,645"
EMCS,-,-,-,-,-,-,-,-,-,-,-,-,-,46.67,1.27%,"1,065"
EMD,616.76M,6.10,-,-,9.06,0.94,-,-,-,-,-,-,-,10.61,0.86%,"140,347"
EMDM,-,-,-,-,-,-,-,-,-,-,-,-,-,43.20,1.93%,"47,987"
EMDV,-,-,-,-,-,-,-,-,-,-,-,-,-,45.21,-0.50%,34
EME,38.34B,28.87,26.26,2.06,2.16,9.91,41.83,35.54,13.46%,11.93%,63.69%,12.74%,14.07%,862.66,1.83%,"283,435"
EMEM,-,-,-,-,-,-,-,-,-,-,-,-,-,26.40,0.67%,"13,277"
EMEQ,-,-,-,-,-,-,-,-,-,-,-,-,-,74.06,3.40%,"133,267"
EMES,-,-,-,-,-,-,-,-,-,-,-,-,-,28.74,1.70%,2
EMET,-,-,-,-,-,-,-,-,-,-,-,-,-,40.41,1.30%,"24,750"
EMF,342.76M,2.43,-,-,49.57,1.01,-,-,-,-,-,-,-,22.93,0.39%,"45,406"
EMFI,-,-,-,-,-,-,-,-,-,-,-,-,-,50.83,0.00%,0
EMGF,-,-,-,-,-,-,-,-,-,-,-,-,-,72.67,1.06%,"136,584"
EMHC,-,-,-,-,-,-,-,-,-,-,-,-,-,25.44,0.04%,"22,563"
EMHY,-,-,-,-,-,-,-,-,-,-,-,-,-,40.64,0.00%,"88,880"
EMIF,-,-,-,-,-,-,-,-,-,-,-,-,-,26.60,0.20%,"4,938"
EMIS,159.57M,75.30,-,-,-,1.35,204.58,-,-,-,-,-,-,10.15,0.00%,0
EMJN,-,-,-,-,-,-,-,-,-,-,-,-,-,24.23,0.47%,200
EMKT,-,-,-,-,-,-,-,-,-,-,-,-,-,31.67,0.67%,"9,114"
EML,145.28M,38.41,-,-,0.60,1.17,19.07,14.79,-,-,-0.57%,-,4.73%,24.09,1.52%,"53,435"
EMLC,-,-,-,-,-,-,-,-,-,-,-,-,-,25.45,0.32%,"3,665,252"
EMLP,-,-,-,-,-,-,-,-,-,-,-,-,-,43.79,0.37%,"191,012"
EMM,-,-,-,-,-,-,-,-,-,-,-,-,-,45.13,0.82%,"4,749"
EMMF,-,-,-,-,-,-,-,-,-,-,-,-,-,38.24,0.11%,"11,355"
EMMY,-,-,-,-,-,-,-,-,-,-,-,-,-,24.73,0.58%,42
EMN,8.07B,20.43,10.16,0.81,0.93,1.34,12.14,16.21,17.31%,9.31%,3.21%,12.49%,0.70%,70.61,0.30%,"977,923"
EMNT,-,-,-,-,-,-,-,-,-,-,-,-,-,98.92,0.06%,"3,137"
EMO,989.12M,-,-,-,-,-,-,-,-,-,-,-,-,49.42,0.71%,"59,470"
EMOP,-,-,-,-,-,-,-,-,-,-,-,-,-,52.15,1.58%,"69,503"
EMOT,-,-,-,-,-,-,-,-,-,-,-,-,-,26.10,-0.02%,113
EMPB,-,-,-,-,-,-,-,-,-,-,-,-,-,32.67,0.19%,"4,895"
EMPD,95.58M,-,-,-,36.48,0.60,12.13,-,94.78%,-,84.20%,-,-,3.40,-0.87%,"97,833"
EMQQ,-,-,-,-,-,-,-,-,-,-,-,-,-,30.14,-2.05%,"57,403"
EMR,81.40B,33.53,20.23,2.04,4.45,4.01,45.45,26.13,8.44%,10.44%,4.55%,9.93%,1.41%,145.34,2.76%,"3,104,074"
EMSC,-,-,-,-,-,-,-,-,-,-,-,-,-,25.84,0.49%,"13,376"
EMSF,-,-,-,-,-,-,-,-,-,-,-,-,-,41.84,1.46%,"4,457"
EMTL,-,-,-,-,-,-,-,-,-,-,-,-,-,42.72,0.04%,"2,374"
EMTY,-,-,-,-,-,-,-,-,-,-,-,-,-,23.97,1.58%,593
EMXC,-,-,-,-,-,-,-,-,-,-,-,-,-,101.60,1.67%,"2,426,211"
EMXF,-,-,-,-,-,-,-,-,-,-,-,-,-,57.39,0.40%,"20,310"
EMXX,-,-,-,-,-,-,-,-,-,-,-,-,-,22.90,-0.62%,3
ENB,122.70B,26.25,24.54,5.89,2.44,2.95,94.03,65.19,-5.77%,9.68%,16.03%,4.17%,9.97%,56.19,1.63%,"2,243,927"
ENDW,-,-,-,-,-,-,-,-,-,-,-,-,-,33.40,0.33%,"10,334"
ENFR,-,-,-,-,-,-,-,-,-,-,-,-,-,38.56,1.66%,"33,993"
ENGN,118.57M,-,-,-,-,0.46,0.46,-,22.97%,15.54%,-255.92%,24.37%,-,1.77,1.14%,"1,667,307"
ENGS,37.29M,-,-,-,4.19,18.22,143.44,-,-,-,-,-,-,2.61,7.85%,"3,541,098"
ENHA,1.13B,152.38,27.43,-,-,3.12,22689.97,-,90.08%,140.38%,-,-,-,2.88,-17.95%,"1,066,830"
ENHI,-,-,-,-,-,-,-,-,-,-,-,-,-,26.32,0.98%,5
ENHU,-,-,-,-,-,-,-,-,-,-,-,-,-,27.26,-0.08%,699
ENIC,6.00B,11.42,11.37,3.57,1.34,1.13,13.18,8.34,4.68%,-1.07%,-,3.19%,6.94%,4.34,-0.46%,"774,827"
ENLT,12.35B,201.53,104.22,3.38,23.07,5.85,10.64,-,-53.58%,82.73%,-,30.83%,47.38%,88.41,-3.01%,"379,989"
ENLV,139.93M,0.02,-,-,-,0.07,23.84,-,-,-,-,48.20%,-,0.58,-4.07%,"496,947"
ENOR,-,-,-,-,-,-,-,-,-,-,-,-,-,31.75,-0.47%,"26,198"
ENOV,1.27B,-,5.40,0.50,0.56,0.86,38.24,35.27,10.58%,11.68%,-,10.73%,-6.05%,22.01,2.95%,"747,485"
ENPH,6.22B,46.46,20.26,-,4.45,5.64,6.69,42.89,-31.59%,15.09%,6.42%,-3.34%,13.72%,47.21,-1.28%,"6,628,214"
ENR,1.53B,8.19,6.12,1.73,0.51,8.84,8.87,9.69,-0.50%,4.22%,48.05%,3.53%,1.47%,22.35,-0.75%,"784,897"
ENRD,167.70M,22.19,-,-,-,1.39,322.50,-,-,-,-,-,-,6.50,-6.61%,"39,514"
ENS,8.27B,29.34,16.52,2.12,2.20,4.33,18.84,17.68,14.28%,13.50%,18.33%,7.80%,4.73%,226.34,3.38%,"560,210"
ENSC,4.35M,-,-,-,0.92,-,5.79,-,50.25%,94.44%,-,-,5.21%,0.28,1.07%,"652,309"
ENSG,9.69B,26.97,19.90,1.72,1.84,4.09,16.28,23.85,15.04%,10.21%,13.84%,11.59%,16.50%,165.74,1.02%,"932,078"
ENTA,391.11M,-,-,-,5.65,3.35,2.39,-,40.73%,13.25%,-16.17%,20.77%,-11.81%,13.45,-1.97%,"181,048"
ENTG,26.88B,101.60,37.85,1.53,8.31,6.63,60.72,53.20,32.27%,28.02%,-6.49%,24.82%,11.45%,176.28,2.81%,"3,134,510"
ENTL,-,-,-,-,-,-,-,-,-,-,-,-,-,13.51,6.01%,"4,519"
ENTX,71.47M,-,-,-,-,6.33,5.99,-,-36.00%,-67.65%,16.47%,-,-35.11%,1.45,-5.84%,"292,082"
ENVA,5.51B,17.93,11.10,0.41,1.68,3.94,13.07,2.97,26.92%,21.25%,-0.31%,26.90%,23.80%,221.38,2.22%,"380,719"
ENVB,4.71M,-,-,-,-,0.48,0.96,-,-,-,67.96%,-,-,1.28,-2.29%,"109,508"
ENVX,1.32B,-,-,-,38.46,5.47,2.50,-,-4.55%,-1.36%,11.35%,-,-,6.05,1.85%,"4,754,313"
ENZL,-,-,-,-,-,-,-,-,-,-,-,-,-,44.26,0.77%,"62,621"
EOCT,-,-,-,-,-,-,-,-,-,-,-,-,-,33.99,0.44%,"8,016"
EOD,276.05M,4.55,-,-,-,-,-,-,-,-,-,-,-,6.41,-0.31%,"93,331"
EOG,71.15B,13.14,9.01,0.67,3.02,2.31,18.49,17.94,70.53%,-14.38%,-,13.44%,17.92%,133.59,-0.64%,"4,329,951"
EOI,779.85M,8.06,-,-,122.74,0.97,-,-,-,-,-,-,-,19.02,-0.73%,"86,247"
EOLS,470.86M,-,26.86,-,1.56,-,9.46,-,78.49%,381.81%,30.19%,-,39.36%,7.15,2.58%,"523,787"
EONR,23.49M,-,-,-,1.36,0.35,26.69,-,-,-,-,-,-,0.47,4.44%,"1,156,901"
EOS,1.13B,7.14,-,-,175.59,0.87,-,-,-,-,-,-,-,21.27,-0.84%,"150,960"
EOSE,2.07B,-,-,-,12.87,-,4.59,-,95.82%,57.55%,-35.89%,-,249.50%,6.09,0.50%,"15,559,923"
EOSU,-,-,-,-,-,-,-,-,-,-,-,-,-,24.69,3.05%,"64,465"
EOT,272.50M,24.22,-,-,-,-,-,-,-,-,-,-,-,17.44,0.35%,"12,124"
EP,110.22M,-,-,-,3.35,29.87,12.54,-,-,-,6.51%,-,41.69%,2.77,1.84%,"166,022"
EPAC,1.91B,23.22,17.00,1.72,3.06,4.69,19.35,17.27,4.70%,15.04%,169.38%,9.86%,4.57%,37.07,1.81%,"525,026"
EPAI,-,-,-,-,-,-,-,-,-,-,-,-,-,30.80,3.56%,"1,141"
EPAM,4.04B,11.10,5.44,0.52,0.73,1.19,3.89,7.44,13.53%,8.98%,3.71%,10.50%,15.46%,77.37,-1.30%,"2,521,294"
EPC,1.17B,-,12.40,-,0.56,0.81,3.92,24.17,-24.78%,8.48%,-15.49%,-5.30%,2.66%,25.49,-4.10%,"1,221,418"
EPD,79.70B,13.70,11.45,1.25,1.56,2.70,57.55,35.13,9.33%,10.66%,9.13%,9.16%,14.32%,36.84,2.08%,"2,919,389"
EPEM,-,-,-,-,-,-,-,-,-,-,-,-,-,28.95,0.07%,5
EPHE,-,-,-,-,-,-,-,-,-,-,-,-,-,24.46,0.33%,"63,072"
EPI,-,-,-,-,-,-,-,-,-,-,-,-,-,42.83,-0.67%,"199,719"
EPIN,-,-,-,-,-,-,-,-,-,-,-,-,-,27.75,0.00%,0
EPM,137.39M,-,60.48,-,1.65,2.35,52.44,-,-377.78%,176.00%,-28.66%,-,23.73%,3.83,0.26%,"300,966"
EPMB,-,-,-,-,-,-,-,-,-,-,-,-,-,26.47,0.00%,0
EPMV,-,-,-,-,-,-,-,-,-,-,-,-,-,27.08,1.11%,200
EPOL,-,-,-,-,-,-,-,-,-,-,-,-,-,38.55,1.47%,"457,774"
EPOW,24.75M,-,-,-,0.53,-,0.88,-,-,-,-,-,14.90%,0.64,1.11%,"179,449"
EPP,-,-,-,-,-,-,-,-,-,-,-,-,-,53.07,0.13%,"1,500,589"
EPR,4.52B,18.27,19.06,-,6.23,1.95,60.58,10.39,-7.52%,2.12%,-,-0.28%,11.87%,59.04,0.17%,"490,786"
EPRF,-,-,-,-,-,-,-,-,-,-,-,-,-,16.53,-0.47%,"3,990"
EPRT,6.57B,24.08,21.82,5.01,11.03,1.50,406.55,-,1.61%,7.10%,402.11%,4.36%,28.08%,30.40,-0.10%,"1,722,967"
EPRX,418.77M,-,-,-,-,3.67,3.02,-,15.98%,-3.07%,-34.75%,-4.44%,-,6.41,2.56%,"1,614,261"
EPS,-,-,-,-,-,-,-,-,-,-,-,-,-,76.63,-0.27%,"32,933"
EPSB,-,-,-,-,-,-,-,-,-,-,-,-,-,27.53,0.00%,0
EPSM,3.49M,-,-,-,0.68,1.53,1.73,-,-,-,-,-,-23.67%,1.31,-2.24%,"20,487"
EPSN,158.20M,-,-,-,2.59,1.27,20.00,15.45,-,-,-,-,16.13%,5.23,1.55%,"234,397"
EPSV,-,-,-,-,-,-,-,-,-,-,-,-,-,31.25,1.66%,88
EPU,-,-,-,-,-,-,-,-,-,-,-,-,-,82.81,-0.14%,"112,567"
EPV,-,-,-,-,-,-,-,-,-,-,-,-,-,18.53,-2.03%,"29,899"
EQ,186.52M,-,-,-,-,3.14,3.04,-,40.38%,-6.45%,23.22%,9.05%,-,2.95,3.51%,"284,399"
EQAL,-,-,-,-,-,-,-,-,-,-,-,-,-,58.76,0.75%,"34,193"
EQBK,993.24M,38.19,9.25,-,2.87,1.22,-,33.27,271.78%,13.81%,-,-,11.67%,48.12,0.67%,"132,211"
EQH,11.97B,-,4.99,0.22,0.99,-,-,19.91,25.65%,24.03%,-25.44%,22.94%,-0.54%,43.84,1.22%,"3,576,967"
EQIN,-,-,-,-,-,-,-,-,-,-,-,-,-,51.74,-0.18%,"19,373"
EQIX,107.26B,75.22,57.44,3.86,11.37,7.50,34.46,-,25.00%,10.09%,26.89%,14.87%,8.96%,1087.61,-0.67%,"707,127"
EQL,-,-,-,-,-,-,-,-,-,-,-,-,-,50.15,0.16%,"23,261"
EQLT,-,-,-,-,-,-,-,-,-,-,-,-,-,38.51,0.63%,"3,491"
EQNR,80.00B,14.37,7.87,0.59,0.76,1.81,3.98,38.05,107.71%,-21.85%,-,13.26%,18.29%,31.56,-0.13%,"4,216,597"
EQPT,4.98B,-,22.49,-,-,4.15,12.17,-,4808.65%,78.33%,-,-,-,19.69,-11.70%,"3,364,848"
EQR,25.17B,27.09,43.22,-,8.03,2.36,725.68,19.67,-49.82%,5.36%,5.27%,-15.21%,3.91%,67.17,1.43%,"2,011,491"
EQRR,-,-,-,-,-,-,-,-,-,-,-,-,-,80.04,1.05%,"18,074"
EQS,17.32M,-,-,-,-,0.83,123.73,-,-,-,-2.59%,-,-,1.24,0.81%,"13,372"
EQT,32.31B,9.79,11.23,0.52,3.38,1.29,98.93,7.96,54.36%,-2.27%,-,21.78%,25.73%,51.65,0.33%,"7,929,470"
EQTY,-,-,-,-,-,-,-,-,-,-,-,-,-,27.50,0.29%,"9,790"
EQWL,-,-,-,-,-,-,-,-,-,-,-,-,-,128.32,0.53%,"89,268"
EQX,7.43B,14.35,5.70,0.17,2.61,1.21,14.86,77.00,104.46%,20.57%,27.35%,32.78%,16.54%,9.41,0.43%,"9,615,596"
ERAS,4.65B,-,-,-,-,11.81,19.07,-,-118.32%,41.32%,12.46%,-14.55%,-,14.95,-0.66%,"5,447,737"
ERC,254.17M,9.44,-,-,8.78,0.90,-,-,-,-,-,-,-,9.06,0.33%,"56,380"
ERET,-,-,-,-,-,-,-,-,-,-,-,-,-,28.98,0.70%,739
ERH,106.43M,4.80,-,-,18.26,0.86,-,-,-,-,-,-,-,12.05,0.92%,"18,063"
ERIC,33.97B,13.94,15.51,-,1.39,3.43,5.13,9.70,-36.40%,18.65%,8.75%,-6.36%,-0.90%,11.06,-0.90%,"8,715,593"
ERIE,10.71B,21.20,-,-,2.62,4.55,33.11,19.94,18.43%,-,13.78%,-,9.90%,229.96,0.19%,"179,853"
ERII,453.08M,23.02,26.32,2.62,3.32,2.48,5.26,16.67,-101.90%,4275.00%,-1.87%,10.06%,2.56%,8.79,0.23%,"709,592"
ERNA,8.63M,-,-,-,-,1.26,0.94,-,67.76%,89.68%,69.90%,71.68%,-,7.40,17.46%,"116,813"
ERO,2.75B,9.43,5.60,0.21,2.98,2.50,30.15,22.75,89.27%,17.46%,33.60%,27.01%,19.38%,26.37,-0.26%,"1,137,966"
EROC,-,-,-,-,-,-,-,-,-,-,-,-,-,14.74,-3.28%,"1,019,122"
EROK,2.67B,-,-,-,-,-,-,-,-,-,-,-,-,20.12,-1.66%,"383,548"
ERTH,-,-,-,-,-,-,-,-,-,-,-,-,-,46.95,-0.07%,"7,341"
ERX,-,-,-,-,-,-,-,-,-,-,-,-,-,78.92,1.86%,"263,953"
ERY,-,-,-,-,-,-,-,-,-,-,-,-,-,12.60,-2.10%,"2,765,487"
ES,27.11B,15.42,14.61,4.39,1.95,1.64,100.33,114.52,-2.02%,5.79%,5.17%,3.33%,8.75%,72.08,0.52%,"1,905,488"
ESAB,6.02B,29.37,15.15,1.23,2.07,2.75,5.99,27.55,9.16%,13.15%,7.02%,12.28%,7.83%,98.82,2.03%,"620,358"
ESBA,1.43B,24.61,-,-,1.84,0.82,13.46,23.74,-,-,-,-,4.75%,5.10,1.59%,"10,668"
ESBG,-,-,-,-,-,-,-,-,-,-,-,-,-,20.32,0.10%,123
ESCA,254.29M,16.49,-,-,1.06,1.44,19.49,8.32,9.09%,-,-11.52%,-,-2.58%,18.42,-0.70%,"27,315"
ESE,9.19B,67.89,38.83,1.88,7.37,5.80,99.67,40.89,35.86%,11.57%,41.77%,20.61%,8.44%,354.90,2.42%,"292,784"
ESEA,478.43M,3.57,4.19,-,2.10,0.98,2.47,4.42,-13.03%,-5.74%,102.30%,-,33.72%,67.81,-0.66%,"47,854"
ESG,-,-,-,-,-,-,-,-,-,-,-,-,-,173.86,0.44%,"1,900"
ESGD,-,-,-,-,-,-,-,-,-,-,-,-,-,102.14,0.92%,"327,032"
ESGE,-,-,-,-,-,-,-,-,-,-,-,-,-,54.31,1.19%,"854,766"
ESGG,-,-,-,-,-,-,-,-,-,-,-,-,-,230.20,0.89%,656
ESGU,-,-,-,-,-,-,-,-,-,-,-,-,-,160.62,0.00%,"323,823"
ESGV,-,-,-,-,-,-,-,-,-,-,-,-,-,129.45,-0.15%,"356,522"
ESI,11.62B,77.88,23.30,1.47,4.16,4.25,65.57,96.15,18.66%,15.86%,21.04%,15.80%,6.60%,47.72,3.47%,"4,683,750"
ESIM,-,-,-,-,-,-,-,-,-,-,-,-,-,29.74,1.52%,"6,643"
ESK,-,-,-,-,-,-,-,-,-,-,-,-,-,9.99,0.00%,0
ESLA,40.88M,-,-,-,-,-,21.18,-,-,-,-70.08%,-,-,0.95,-3.06%,"38,306"
ESLG,-,-,-,-,-,-,-,-,-,-,-,-,-,28.02,1.01%,"4,409"
ESLT,34.32B,59.32,42.03,2.09,4.17,8.01,37.09,54.02,28.42%,19.17%,16.19%,20.13%,11.25%,732.71,-2.42%,"99,026"
ESLV,-,-,-,-,-,-,-,-,-,-,-,-,-,28.55,0.92%,"7,240"
ESML,-,-,-,-,-,-,-,-,-,-,-,-,-,55.28,1.71%,"198,032"
ESMV,-,-,-,-,-,-,-,-,-,-,-,-,-,29.96,0.33%,38
ESN,-,-,-,-,-,-,-,-,-,-,-,-,-,19.50,0.13%,"154,685"
ESNT,5.70B,8.81,8.18,1.93,4.54,1.01,-,6.96,3.82%,5.51%,12.18%,4.24%,5.73%,61.85,0.24%,"610,157"
ESOA,348.93M,33.78,20.11,-,0.79,4.27,34.51,36.35,3550.00%,27.40%,-28.64%,-,28.09%,18.70,4.97%,"108,660"
ESP,197.91M,17.43,17.81,2.74,4.68,3.29,4.24,44.88,18.93%,-1.59%,44.13%,6.51%,6.87%,66.06,3.53%,"30,471"
ESPO,-,-,-,-,-,-,-,-,-,-,-,-,-,85.25,-1.06%,"9,684"
ESPR,811.73M,-,11.59,-,1.94,-,5.20,-,63.64%,779.17%,53.87%,-,12.12%,3.15,0.00%,"8,815,867"
ESQ,1.00B,19.54,14.37,-,5.82,3.33,-,16.36,13.40%,21.43%,28.87%,-,25.29%,116.16,1.26%,"132,121"
ESRT,886.29M,24.81,-,-,1.14,0.83,8.35,14.72,-,-,-,-,4.75%,5.14,-0.39%,"2,151,343"
ESS,18.98B,32.12,47.15,-,9.95,3.38,400.24,16.88,-43.41%,2.91%,3.69%,-15.15%,4.76%,285.57,1.39%,"323,437"
ESSC,-,-,-,-,-,-,-,-,-,-,-,-,-,31.23,1.07%,"1,890"
ESTA,2.62B,-,17885.54,-,11.42,177.05,38.49,-,33.27%,100.43%,-1.07%,-,20.04%,89.07,2.13%,"695,460"
ESTC,5.57B,15.32,13.91,0.60,3.20,4.40,4.06,17.31,26.19%,18.82%,-,23.32%,23.37%,53.60,-8.70%,"3,388,964"
ESUM,-,-,-,-,-,-,-,-,-,-,-,-,-,30.20,1.00%,"29,703"
ET,66.00B,16.12,12.07,1.05,0.72,2.12,67.97,17.86,23.13%,6.67%,-,11.46%,17.04%,19.18,1.27%,"7,348,150"
ETB,442.38M,7.38,-,-,71.67,0.92,-,-,-,-,-,-,-,15.06,-0.66%,"34,746"
ETCO,-,-,-,-,-,-,-,-,-,-,-,-,-,8.03,-1.38%,"1,769"
ETD,559.31M,13.94,15.16,-,0.94,1.18,5.25,12.51,-29.66%,1.05%,42.60%,-,0.83%,21.98,-3.09%,"489,079"
ETEC,-,-,-,-,-,-,-,-,-,-,-,-,-,29.60,0.96%,382
ETFT,-,-,-,-,-,-,-,-,-,-,-,-,-,9.62,-0.76%,"1,060"
ETG,1.75B,5.38,-,-,19.85,0.99,-,-,-,-,-,-,-,22.93,1.15%,"85,920"
ETH,-,-,-,-,-,-,-,-,-,-,-,-,-,14.80,-1.60%,"3,257,443"
ETHA,-,-,-,-,-,-,-,-,-,-,-,-,-,11.74,-1.51%,"33,906,932"
ETHB,-,-,-,-,-,-,-,-,-,-,-,-,-,20.03,-1.62%,"794,632"
ETHD,-,-,-,-,-,-,-,-,-,-,-,-,-,96.03,3.15%,"381,107"
ETHE,-,-,-,-,-,-,-,-,-,-,-,-,-,12.59,-1.56%,"2,572,651"
ETHO,-,-,-,-,-,-,-,-,-,-,-,-,-,78.75,1.17%,"2,952"
ETHT,-,-,-,-,-,-,-,-,-,-,-,-,-,7.32,-3.68%,"2,342,579"
ETHU,-,-,-,-,-,-,-,-,-,-,-,-,-,11.12,-3.56%,"6,786,160"
ETHV,-,-,-,-,-,-,-,-,-,-,-,-,-,22.76,-1.60%,"75,001"
ETHW,-,-,-,-,-,-,-,-,-,-,-,-,-,11.14,-1.59%,"1,284,759"
ETJ,543.80M,10.92,-,-,-,-,-,-,-,-,-,-,-,8.08,-0.62%,"210,981"
ETN,163.04B,41.05,26.82,1.89,5.72,8.27,217.09,43.18,10.48%,17.38%,24.52%,14.19%,8.98%,419.87,3.78%,"1,817,106"
ETNG,-,-,-,-,-,-,-,-,-,-,-,-,-,14.29,6.61%,"10,802"
ETO,495.25M,5.62,-,-,23.46,0.97,-,-,-,-,-,-,-,30.22,1.07%,"31,837"
ETON,953.80M,-,18.35,0.17,10.97,31.12,48.51,61.81,129.34%,136.45%,33.66%,105.03%,359.57%,34.82,2.47%,"412,962"
ETOR,3.03B,15.59,11.64,0.62,3.20,2.29,2.37,10.12,23.35%,16.84%,-,18.71%,-,38.07,4.22%,"1,165,172"
ETR,52.83B,29.39,22.73,1.65,3.98,3.05,14.79,-,12.57%,15.34%,2.50%,13.79%,5.38%,115.38,0.60%,"2,849,504"
ETRL,-,-,-,-,-,-,-,-,-,-,-,-,-,12.57,0.00%,0
ETS,-,-,-,-,-,-,-,-,-,-,-,-,-,0.72,0.15%,"102,682"
ETSS,198.00M,-,-,-,-,-,-,-,-,-,-,-,-,9.90,0.00%,13
ETSY,7.37B,31.75,18.99,0.37,2.57,-,5.17,10.93,156.77%,14.65%,-12.32%,51.69%,10.81%,77.70,-0.41%,"2,204,201"
ETTY,-,-,-,-,-,-,-,-,-,-,-,-,-,7.35,-1.54%,"9,929"
ETU,-,-,-,-,-,-,-,-,-,-,-,-,-,2.96,-2.95%,"123,524"
ETV,1.70B,7.66,-,-,85.26,0.93,-,-,-,-,-,-,-,14.56,-0.34%,"168,728"
ETW,1.02B,5.47,-,-,50.89,0.92,-,-,-,-,-,-,-,9.40,0.75%,"405,328"
ETX,204.19M,24.03,-,-,-,-,-,-,-,-,-,-,-,18.74,0.75%,"8,958"
ETY,2.23B,7.24,-,-,119.98,0.89,-,-,-,-,-,-,-,13.98,-1.20%,"272,004"
EU,258.33M,-,-,-,5.99,1.09,2.69,-,40.41%,41.87%,-56.13%,-,-,1.33,-4.32%,"2,178,055"
EUAD,-,-,-,-,-,-,-,-,-,-,-,-,-,41.34,0.15%,"254,144"
EUDA,36.33M,-,-,-,5.33,-,103.80,-,-,-,-,-,-10.32%,14.59,0.62%,"8,210"
EUDG,-,-,-,-,-,-,-,-,-,-,-,-,-,38.42,-0.33%,821
EUDV,-,-,-,-,-,-,-,-,-,-,-,-,-,52.32,0.40%,24
EUFN,-,-,-,-,-,-,-,-,-,-,-,-,-,38.53,0.81%,"691,592"
EUHY,-,-,-,-,-,-,-,-,-,-,-,-,-,53.74,0.13%,"12,812"
EUIG,-,-,-,-,-,-,-,-,-,-,-,-,-,50.40,-0.05%,7
EUM,-,-,-,-,-,-,-,-,-,-,-,-,-,15.59,-1.02%,"56,701"
EUO,-,-,-,-,-,-,-,-,-,-,-,-,-,30.92,-0.29%,"9,768"
EURK,57.91M,180.18,-,-,-,-,386.08,-,-,-,-,-,-,12.00,4.90%,122
EURL,-,-,-,-,-,-,-,-,-,-,-,-,-,45.09,2.71%,"13,731"
EUSA,-,-,-,-,-,-,-,-,-,-,-,-,-,113.07,0.43%,"18,024"
EUSB,-,-,-,-,-,-,-,-,-,-,-,-,-,43.56,0.07%,"31,168"
EUV,-,-,-,-,-,-,-,-,-,-,-,-,-,29.82,3.97%,"1,038,192"
EUVX,-,-,-,-,-,-,-,-,-,-,-,-,-,24.57,7.61%,"21,035"
EVAC,595.00M,46.63,-,-,-,1.30,404.76,-,-,-,-,-,-,10.18,0.00%,"6,021"
EVAX,26.19M,-,-,-,3.49,1.98,1.42,-,-25.00%,-20.00%,51.86%,-14.47%,-,3.14,-7.10%,"29,123"
EVC,1.05B,-,-,-,1.90,16.14,14.57,26.73,-,-,-79.36%,-,5.40%,11.39,1.61%,"1,704,948"
EVCM,1.55B,47.50,11.53,5.12,2.60,2.17,11.96,21.41,-6.96%,7.30%,-,2.25%,11.78%,8.74,-0.68%,"142,873"
EVER,767.60M,7.41,8.92,27.89,1.07,3.19,4.30,7.98,-20.10%,15.70%,-,0.32%,14.83%,21.70,0.60%,"613,333"
EVEX,846.38M,-,-,-,-,15.10,1.92,-,-5.66%,14.69%,-3.78%,14.91%,-,2.43,-7.60%,"1,598,575"
EVF,90.49M,24.90,-,-,5.96,0.83,-,-,-,-,-,-,-,4.98,0.20%,"92,407"
EVG,143.99M,9.73,-,-,11.01,0.94,-,-,-,-,-,-,-,10.70,0.00%,"16,861"
EVGN,4.82M,-,-,-,2.62,-,0.37,-,-57.76%,52.94%,33.52%,20.08%,29.94%,0.40,-9.36%,"1,116,921"
EVGO,555.53M,-,-,-,1.33,6.40,4.03,-,-35.38%,18.06%,-54.67%,0.48%,-,1.77,-1.67%,"3,086,040"
EVH,565.78M,-,13.75,0.18,0.30,1.43,3.41,404.13,101.29%,101.87%,-5.21%,76.13%,15.20%,5.03,0.00%,"1,792,011"
EVHY,-,-,-,-,-,-,-,-,-,-,-,-,-,52.48,0.10%,"4,254"
EVI,189.56M,33.07,16.19,-,0.44,1.30,43.88,18.55,8.16%,71.70%,52.81%,-,10.58%,14.73,-2.19%,"78,019"
EVIM,-,-,-,-,-,-,-,-,-,-,-,-,-,53.38,0.13%,"36,531"
EVLN,-,-,-,-,-,-,-,-,-,-,-,-,-,48.71,-0.23%,"25,008"
EVLU,-,-,-,-,-,-,-,-,-,-,-,-,-,41.11,0.14%,"1,231"
EVLV,940.72M,-,-,-,5.87,7.78,15.40,-,7.50%,27.03%,42.26%,-,98.08%,5.23,-4.74%,"2,357,591"
EVMN,869.12M,-,-,-,86.91,2.85,4.11,-,73.27%,-10.15%,-,31.81%,-,24.13,2.42%,"492,262"
EVMO,-,-,-,-,-,-,-,-,-,-,-,-,-,50.30,0.12%,"14,596"
EVMT,-,-,-,-,-,-,-,-,-,-,-,-,-,17.57,0.98%,"2,382"
EVMU,-,-,-,-,-,-,-,-,-,-,-,-,-,13.31,-2.87%,"2,024"
EVN,442.97M,1110.00,-,-,14.67,1.02,-,-,-,-,-,-,-,11.10,0.45%,"42,642"
EVNT,-,-,-,-,-,-,-,-,-,-,-,-,-,12.16,0.41%,"9,927"
EVO,962.70M,-,-,-,1.11,1.19,1.88,-,-21.88%,83.86%,-,-,9.27%,2.71,0.74%,"55,821"
EVOX,320.64M,-,-,-,-,1.37,317.47,-,-,-,-,-,-,10.02,0.10%,"3,823"
EVPF,-,-,-,-,-,-,-,-,-,-,-,-,-,50.34,0.12%,"3,884"
EVR,13.43B,19.59,14.94,0.72,2.93,7.54,6.65,8.95,33.08%,19.96%,11.30%,20.78%,11.18%,347.31,-1.66%,"346,708"
EVRG,19.98B,22.96,19.03,2.12,3.35,1.97,626.22,-,11.05%,7.04%,6.15%,8.96%,3.80%,86.66,0.98%,"2,697,660"
EVSB,-,-,-,-,-,-,-,-,-,-,-,-,-,50.90,0.08%,"12,906"
EVSD,-,-,-,-,-,-,-,-,-,-,-,-,-,51.03,0.04%,"102,743"
EVSM,-,-,-,-,-,-,-,-,-,-,-,-,-,50.43,0.00%,"162,043"
EVT,2.03B,10.88,-,-,30.11,1.01,-,-,-,-,-,-,-,27.19,2.14%,"212,311"
EVTC,1.62B,12.71,6.05,0.60,1.70,2.42,5.15,8.21,8.24%,10.89%,8.98%,10.11%,12.79%,26.28,-0.64%,"338,794"
EVTL,216.46M,-,-,-,-,-,2.24,-,-88.31%,24.08%,-,-9.73%,-,1.70,-8.60%,"2,610,862"
EVTR,-,-,-,-,-,-,-,-,-,-,-,-,-,51.04,0.06%,"285,090"
EVTV,18.75M,-,-,-,2.47,-,9.33,-,-,-,95.40%,-,131.81%,1.45,-5.23%,"226,619"
EVUS,-,-,-,-,-,-,-,-,-,-,-,-,-,35.12,0.66%,"70,316"
EVV,1.08B,14.98,-,-,7.93,0.92,-,-,-,-,-,-,-,9.29,0.87%,"501,801"
EVX,-,-,-,-,-,-,-,-,-,-,-,-,-,41.24,1.40%,"16,814"
EVYM,-,-,-,-,-,-,-,-,-,-,-,-,-,50.96,-0.04%,"4,675"
EW,51.66B,48.74,26.58,1.89,8.20,5.01,14.07,47.42,17.64%,12.09%,6.79%,14.03%,6.70%,89.72,0.07%,"4,277,005"
EWA,-,-,-,-,-,-,-,-,-,-,-,-,-,27.93,0.07%,"4,723,463"
EWBC,17.84B,13.00,11.54,1.36,3.85,1.98,-,11.49,11.76%,6.07%,19.12%,8.46%,21.14%,130.24,-0.34%,"839,879"
EWC,-,-,-,-,-,-,-,-,-,-,-,-,-,57.62,0.58%,"2,080,471"
EWD,-,-,-,-,-,-,-,-,-,-,-,-,-,49.28,0.94%,"45,778"
EWG,-,-,-,-,-,-,-,-,-,-,-,-,-,41.07,1.28%,"645,569"
EWH,-,-,-,-,-,-,-,-,-,-,-,-,-,21.12,-0.14%,"3,081,515"
EWI,-,-,-,-,-,-,-,-,-,-,-,-,-,58.95,0.17%,"164,537"
EWJ,-,-,-,-,-,-,-,-,-,-,-,-,-,93.39,0.84%,"4,833,024"
EWJV,-,-,-,-,-,-,-,-,-,-,-,-,-,43.97,-0.09%,"82,515"
EWK,-,-,-,-,-,-,-,-,-,-,-,-,-,26.86,0.83%,"13,628"
EWL,-,-,-,-,-,-,-,-,-,-,-,-,-,62.80,0.98%,"344,568"
EWM,-,-,-,-,-,-,-,-,-,-,-,-,-,26.64,-1.22%,"497,602"
EWN,-,-,-,-,-,-,-,-,-,-,-,-,-,68.44,1.21%,"77,717"
EWO,-,-,-,-,-,-,-,-,-,-,-,-,-,42.25,0.60%,"53,922"
EWP,-,-,-,-,-,-,-,-,-,-,-,-,-,58.80,0.75%,"107,460"
EWQ,-,-,-,-,-,-,-,-,-,-,-,-,-,45.14,0.67%,"422,136"
EWS,-,-,-,-,-,-,-,-,-,-,-,-,-,29.57,-0.27%,"470,375"
EWT,-,-,-,-,-,-,-,-,-,-,-,-,-,104.91,0.18%,"6,559,079"
EWTX,4.49B,-,-,-,-,9.09,8.98,-,-20.25%,16.64%,-36.19%,-1.80%,-,41.69,-1.44%,"827,773"
EWU,-,-,-,-,-,-,-,-,-,-,-,-,-,45.88,0.95%,"612,699"
EWUS,-,-,-,-,-,-,-,-,-,-,-,-,-,41.93,0.67%,"3,849"
EWV,-,-,-,-,-,-,-,-,-,-,-,-,-,17.70,-1.52%,"8,624"
EWW,-,-,-,-,-,-,-,-,-,-,-,-,-,75.53,2.36%,"1,158,582"
EWX,-,-,-,-,-,-,-,-,-,-,-,-,-,73.69,-0.15%,"36,092"
EWY,-,-,-,-,-,-,-,-,-,-,-,-,-,205.00,3.92%,"20,762,256"
EWZ,-,-,-,-,-,-,-,-,-,-,-,-,-,34.18,0.97%,"16,101,322"
EWZS,-,-,-,-,-,-,-,-,-,-,-,-,-,12.82,0.79%,"108,808"
EXC,47.83B,17.12,15.40,2.78,1.93,1.63,37.58,-,3.12%,6.26%,6.36%,5.54%,-6.24%,46.75,-0.32%,"9,217,009"
EXE,21.16B,6.59,9.68,0.58,1.64,1.09,7.74,7.58,46.11%,2.56%,-,16.76%,20.35%,88.44,-0.18%,"3,346,992"
EXEL,13.38B,17.64,13.41,1.02,5.63,6.98,17.21,14.58,14.34%,12.69%,51.19%,13.21%,18.63%,53.23,0.68%,"2,252,042"
EXFY,135.98M,-,20.14,-,0.97,0.98,1.58,6.83,49.42%,-19.23%,-61.50%,-19.73%,10.04%,1.41,-5.37%,"2,394,554"
EXG,2.90B,6.92,-,-,-,-,-,-,-,-,-,-,-,9.48,0.74%,"428,746"
EXI,-,-,-,-,-,-,-,-,-,-,-,-,-,199.17,1.07%,"432,843"
EXK,2.38B,-,7.04,-,3.92,3.69,9.88,-,4285.72%,36.38%,-,-,27.39%,8.04,4.28%,"6,118,324"
EXLS,3.85B,16.09,10.05,0.66,1.79,4.95,14.48,12.99,14.62%,12.28%,24.43%,15.31%,16.85%,25.22,-4.25%,"2,298,992"
EXOD,159.67M,-,9.73,-,1.47,0.72,2.15,-,-130.26%,160.88%,-,-,41.73%,5.32,-4.66%,"45,690"
EXOZ,67.13M,-,-,-,-,41.06,46.62,-,-,-,-74.96%,-,-,7.40,3.64%,"3,570"
EXP,7.27B,17.95,15.93,1.47,3.15,4.99,24.42,36.84,-5.14%,12.75%,10.77%,10.80%,7.31%,235.44,0.77%,"527,770"
EXPD,21.15B,26.12,23.63,3.89,1.89,9.34,16.06,22.97,14.22%,0.69%,7.86%,6.08%,2.92%,161.67,0.94%,"851,387"
EXPE,30.12B,22.10,10.86,0.53,1.99,52.28,3.74,7.34,24.10%,17.36%,-,20.57%,23.16%,250.95,-4.27%,"1,648,484"
EXPO,2.81B,27.07,22.83,2.46,4.67,8.33,23.73,24.81,9.39%,12.20%,5.97%,9.29%,7.79%,58.00,0.10%,"444,053"
EXR,32.48B,33.48,30.31,7.85,9.52,2.33,233.70,19.05,0.44%,5.34%,4.33%,3.86%,20.02%,147.19,0.91%,"1,185,517"
EXTR,4.05B,257.36,23.69,1.15,3.23,51.96,19.27,38.47,22.99%,26.51%,44.37%,20.64%,3.76%,30.96,0.10%,"2,043,529"
EXUS,-,-,-,-,-,-,-,-,-,-,-,-,-,28.30,1.57%,"2,141"
EXYN,40.92M,-,-,-,-,-,-,-,-,-,-,-,-,5.31,-7.81%,"78,019"
EYE,1.45B,31.45,15.25,0.64,0.72,1.61,21.29,13.69,20.94%,22.29%,-3.46%,23.72%,3.03%,18.04,2.44%,"1,673,365"
EYEG,-,-,-,-,-,-,-,-,-,-,-,-,-,35.42,0.06%,15
EYES,-,-,-,-,-,-,-,-,-,-,-,-,-,23.90,-1.98%,316
EYLD,-,-,-,-,-,-,-,-,-,-,-,-,-,45.27,-0.55%,"32,745"
EYPT,1.15B,-,-,-,150.85,4.96,5.17,-,-11.35%,20.29%,2.18%,25.58%,-1.85%,13.71,-4.79%,"1,249,705"
EZA,-,-,-,-,-,-,-,-,-,-,-,-,-,63.17,1.59%,"75,231"
EZBC,-,-,-,-,-,-,-,-,-,-,-,-,-,34.21,-1.04%,"230,488"
EZET,-,-,-,-,-,-,-,-,-,-,-,-,-,11.80,-1.69%,"39,627"
EZGO,3.09M,-,-,-,0.15,0.00,5.93,-,-,-,-,-,6.09%,1.34,-5.63%,"128,446"
EZJ,-,-,-,-,-,-,-,-,-,-,-,-,-,65.01,1.48%,"4,271"
EZM,-,-,-,-,-,-,-,-,-,-,-,-,-,75.25,0.25%,"24,138"
EZMO,-,-,-,-,-,-,-,-,-,-,-,-,-,25.90,0.47%,769
EZPW,2.05B,18.17,15.26,0.81,1.39,1.83,5.77,15.21,41.66%,7.69%,-,18.76%,9.14%,33.28,2.62%,"1,192,868"
EZPZ,-,-,-,-,-,-,-,-,-,-,-,-,-,14.61,-0.75%,"6,774"
EZRA,1.84M,-,-,-,0.15,0.24,0.57,-,-,-,85.39%,-,11.24%,3.32,-3.91%,"66,402"
EZRO,-,-,-,-,-,-,-,-,-,-,-,-,-,24.79,0.41%,"6,006"
EZU,-,-,-,-,-,-,-,-,-,-,-,-,-,68.40,1.30%,"754,105"
F,56.22B,-,7.73,0.32,0.30,1.59,1.84,5.89,53.02%,9.45%,-44.90%,24.12%,8.05%,14.11,1.95%,"61,140,669"
FA,2.87B,344.15,11.70,0.57,1.79,2.24,12.72,17.33,17.75%,16.98%,18.22%,20.57%,25.33%,16.76,0.24%,"1,179,065"
FAAA,-,-,-,-,-,-,-,-,-,-,-,-,-,50.33,0.04%,"25,510"
FAAR,-,-,-,-,-,-,-,-,-,-,-,-,-,31.73,0.06%,"38,662"
FAB,-,-,-,-,-,-,-,-,-,-,-,-,-,101.22,0.10%,"1,504"
FABC,15.01M,-,-,-,-,3.81,2.21,-,-,-,18.53%,-,-,3.09,0.32%,"511,866"
FAC,1.18B,47.87,-,-,-,1.39,2940.47,-,-,-,-,-,-,10.99,-7.57%,"256,428"
FACT,259.02M,56.26,-,-,-,1.47,631.76,-,-,-,-,-,-,10.65,0.00%,437
FAD,-,-,-,-,-,-,-,-,-,-,-,-,-,195.88,1.31%,"9,030"
FAF,6.67B,10.05,9.11,-,0.86,1.22,-,8.09,12.21%,6.66%,-0.54%,-,1.01%,65.41,-2.74%,"999,729"
FAI,-,-,-,-,-,-,-,-,-,-,-,-,-,52.58,1.63%,"28,801"
FALN,-,-,-,-,-,-,-,-,-,-,-,-,-,27.22,0.15%,"812,380"
FAMI,17.75M,-,-,-,0.63,0.06,22.18,0.34,-,-,-,-,-0.28%,1.28,7.56%,"426,507"
FAN,-,-,-,-,-,-,-,-,-,-,-,-,-,24.56,0.33%,"85,971"
FANG,51.35B,205.83,10.47,1.11,3.37,1.41,291.78,10.89,53.07%,-14.84%,-,9.40%,39.81%,182.55,-0.51%,"1,697,196"
FAPR,-,-,-,-,-,-,-,-,-,-,-,-,-,46.26,-0.02%,"14,744"
FARX,-,-,-,-,-,-,-,-,-,-,-,-,-,28.82,0.64%,665
FAS,-,-,-,-,-,-,-,-,-,-,-,-,-,146.18,-1.57%,"590,400"
FAST,53.87B,41.54,34.18,3.20,6.38,13.50,174.55,46.29,14.14%,10.33%,7.95%,10.67%,7.75%,46.92,1.43%,"6,402,154"
FATE,217.96M,-,-,-,34.49,1.21,1.25,-,5.93%,4.70%,11.42%,2.41%,-26.71%,1.87,-9.22%,"6,681,623"
FATN,78.67M,15.79,16.18,-,4.10,3.12,15.10,-,-16.19%,18.18%,-,-,-,5.61,3.13%,"64,721"
FAUG,-,-,-,-,-,-,-,-,-,-,-,-,-,55.97,0.07%,"7,171"
FAX,594.47M,16.36,-,-,10.16,0.87,-,-,-,-,-,-,-,14.40,0.63%,"156,758"
FAZ,-,-,-,-,-,-,-,-,-,-,-,-,-,39.57,1.44%,"556,876"
FB,-,-,-,-,-,-,-,-,-,-,-,-,-,44.00,-0.09%,472
FBCG,-,-,-,-,-,-,-,-,-,-,-,-,-,60.21,-0.36%,"483,469"
FBCV,-,-,-,-,-,-,-,-,-,-,-,-,-,39.51,1.12%,"2,516"
FBDC,-,-,-,-,-,-,-,-,-,-,-,-,-,16.37,-0.68%,"7,638"
FBGL,7.18M,-,-,-,-,-,-,-,-,-,-,-,-,0.53,0.26%,"8,124"
FBIN,5.53B,20.56,12.90,2.62,1.24,2.35,24.62,16.26,-12.93%,14.27%,-8.97%,4.93%,-6.03%,46.34,3.78%,"2,347,725"
FBIO,100.32M,0.95,-,-,1.52,0.62,0.39,0.66,3528.57%,-120.83%,62.98%,-,6.77%,3.02,-3.82%,"574,886"
FBIZ,526.14M,10.37,9.39,-,1.86,1.43,-,9.32,4.71%,7.78%,24.66%,-,18.16%,62.92,0.77%,"41,876"
FBK,2.86B,20.77,10.94,-,3.11,1.45,-,14.71,17.48%,8.25%,7.96%,-,8.87%,55.49,1.48%,"263,287"
FBL,-,-,-,-,-,-,-,-,-,-,-,-,-,19.49,-5.39%,"744,682"
FBLA,240.81M,426.93,-,-,2.99,0.78,-,51.34,-,-,-,-,-,14.90,-0.20%,"47,707"
FBLG,3.82M,-,-,-,-,0.99,2.58,-,59.23%,12.85%,-71.12%,26.43%,-,0.73,-4.70%,"80,039"
FBNC,2.59B,21.41,12.57,-,4.62,1.54,-,13.19,73.66%,7.09%,-0.96%,-,11.50%,62.63,-0.13%,"297,902"
FBND,-,-,-,-,-,-,-,-,-,-,-,-,-,45.76,0.00%,"2,274,022"
FBOT,-,-,-,-,-,-,-,-,-,-,-,-,-,38.18,0.82%,"12,812"
FBP,4.11B,11.82,11.08,1.55,3.26,2.09,-,9.37,4.30%,6.79%,36.21%,7.17%,9.46%,26.54,0.45%,"1,063,825"
FBRT,634.17M,16.07,6.90,-,1.12,0.56,4.65,5.21,101.22%,21.10%,-6.74%,-,25.37%,8.24,-0.96%,"1,189,766"
FBRX,383.16M,-,-,-,-,6.18,6.58,-,12.82%,-3.56%,50.46%,3.98%,-,18.71,0.92%,"186,514"
FBT,-,-,-,-,-,-,-,-,-,-,-,-,-,242.17,2.05%,"45,409"
FBTC,-,-,-,-,-,-,-,-,-,-,-,-,-,51.47,-1.11%,"8,777,446"
FBUF,-,-,-,-,-,-,-,-,-,-,-,-,-,31.81,-0.11%,"4,968"
FBY,-,-,-,-,-,-,-,-,-,-,-,-,-,8.69,-3.07%,"118,164"
FBYD,2.04B,78.97,-,-,110.14,54.63,1732.32,-,-,-,-27.76%,-,-,16.86,-2.60%,"114,546"
FBYY,-,-,-,-,-,-,-,-,-,-,-,-,-,11.82,-1.92%,942
FC,267.38M,-,24.08,-,1.02,6.98,19.49,11.23,56.25%,162.67%,-,-,6.12%,23.72,-0.13%,"122,730"
FCA,-,-,-,-,-,-,-,-,-,-,-,-,-,28.73,0.28%,"17,688"
FCAL,-,-,-,-,-,-,-,-,-,-,-,-,-,49.58,-0.14%,"20,387"
FCAP,210.73M,12.07,-,-,3.16,1.53,-,9.56,-,-,10.08%,-,11.14%,62.99,-4.26%,"9,721"
FCBC,836.17M,16.78,14.63,-,4.42,1.60,-,23.62,7.19%,1.68%,5.62%,-,5.21%,44.32,-0.65%,"53,574"
FCBD,-,-,-,-,-,-,-,-,-,-,-,-,-,25.54,0.10%,689
FCBM,393.25M,-,-,-,-,1.11,-,-,-,-,-,-,-,13.00,1.56%,"106,098"
FCCO,302.99M,12.69,10.20,-,2.53,1.37,-,34.24,11.84%,7.75%,12.89%,-,14.62%,32.24,-1.53%,"56,443"
FCEF,-,-,-,-,-,-,-,-,-,-,-,-,-,23.71,0.70%,"4,478"
FCEL,1.33B,-,-,-,7.91,1.73,3.41,-,62.67%,47.60%,9.89%,55.64%,17.42%,19.65,-8.86%,"11,291,891"
FCF,2.08B,13.49,10.42,-,2.80,1.34,-,10.25,17.23%,13.93%,14.39%,-,12.85%,20.45,1.29%,"546,950"
FCFS,9.52B,27.19,17.40,0.86,2.46,4.14,72.83,20.47,22.88%,16.00%,23.70%,20.33%,17.55%,217.22,-0.76%,"463,663"
FCFY,-,-,-,-,-,-,-,-,-,-,-,-,-,26.85,-0.53%,65
FCG,-,-,-,-,-,-,-,-,-,-,-,-,-,26.76,-0.41%,"741,625"
FCHL,11.51M,-,-,-,3.63,0.07,7.43,25.02,-,-,-,-,-,1.15,-3.36%,"12,868"
FCLD,-,-,-,-,-,-,-,-,-,-,-,-,-,37.09,-0.09%,"11,638"
FCLO,-,-,-,-,-,-,-,-,-,-,-,-,-,50.35,0.14%,"1,360"
FCN,4.23B,16.68,12.60,1.04,1.09,2.55,21.34,16.53,4.83%,20.42%,7.75%,12.07%,9.01%,140.40,-2.74%,"647,558"
FCNCA,23.99B,12.02,10.54,1.54,1.66,1.20,-,17.47,-0.05%,11.53%,28.32%,6.84%,49.14%,2089.21,-1.33%,"87,558"
FCOM,-,-,-,-,-,-,-,-,-,-,-,-,-,67.67,-1.07%,"166,165"
FCOR,-,-,-,-,-,-,-,-,-,-,-,-,-,47.44,0.00%,"40,483"
FCPI,-,-,-,-,-,-,-,-,-,-,-,-,-,53.90,0.48%,"27,582"
FCPT,2.75B,22.62,20.06,3.10,9.13,1.65,92.61,14.61,7.69%,6.23%,0.21%,6.47%,11.46%,25.02,-0.52%,"775,567"
FCRS,366.56M,89.71,-,-,-,1.31,509.11,-,-,-,-,-,-,10.20,0.10%,"53,582"
FCSH,-,-,-,-,-,-,-,-,-,-,-,-,-,24.21,0.06%,31
FCT,248.66M,14.72,-,-,9.66,0.92,-,-,-,-,-,-,-,9.57,0.10%,"186,354"
FCTE,-,-,-,-,-,-,-,-,-,-,-,-,-,28.79,2.40%,"23,961"
FCTR,-,-,-,-,-,-,-,-,-,-,-,-,-,40.23,0.25%,"1,899"
FCUS,-,-,-,-,-,-,-,-,-,-,-,-,-,45.09,2.59%,"11,012"
FCUV,3.35M,-,-,-,30.45,0.70,0.56,-,-,-,-11.33%,-,-31.40%,4.76,7.69%,"28,228,110"
FCVT,-,-,-,-,-,-,-,-,-,-,-,-,-,53.17,0.32%,"15,640"
FCX,90.28B,33.41,15.88,0.44,3.50,4.63,22.47,51.53,55.53%,43.64%,30.14%,36.36%,12.62%,62.80,1.55%,"13,929,516"
FCXG,-,-,-,-,-,-,-,-,-,-,-,-,-,12.86,2.59%,"22,914"
FDAT,-,-,-,-,-,-,-,-,-,-,-,-,-,22.20,0.68%,404
FDBC,293.98M,9.91,-,-,2.06,1.20,-,15.64,-,-,11.49%,-,16.86%,50.64,-0.16%,"5,362"
FDCF,-,-,-,-,-,-,-,-,-,-,-,-,-,47.52,-1.41%,"7,833"
FDD,-,-,-,-,-,-,-,-,-,-,-,-,-,18.66,-2.30%,"159,350"
FDEC,-,-,-,-,-,-,-,-,-,-,-,-,-,53.87,-0.02%,"35,971"
FDEM,-,-,-,-,-,-,-,-,-,-,-,-,-,36.02,0.90%,"53,945"
FDEV,-,-,-,-,-,-,-,-,-,-,-,-,-,35.18,-0.14%,"40,587"
FDFF,-,-,-,-,-,-,-,-,-,-,-,-,-,32.25,-0.95%,"1,306"
FDG,-,-,-,-,-,-,-,-,-,-,-,-,-,127.89,-0.32%,"42,894"
FDHY,-,-,-,-,-,-,-,-,-,-,-,-,-,49.25,0.14%,"75,905"
FDIF,-,-,-,-,-,-,-,-,-,-,-,-,-,39.05,0.62%,"4,039"
FDIG,-,-,-,-,-,-,-,-,-,-,-,-,-,42.62,-2.13%,"23,416"
FDIQ,-,-,-,-,-,-,-,-,-,-,-,-,-,62.83,-2.25%,"2,452"
FDIS,-,-,-,-,-,-,-,-,-,-,-,-,-,99.67,-1.02%,"64,053"
FDIV,-,-,-,-,-,-,-,-,-,-,-,-,-,27.97,0.38%,"2,381"
FDL,-,-,-,-,-,-,-,-,-,-,-,-,-,49.15,-0.51%,"819,441"
FDLO,-,-,-,-,-,-,-,-,-,-,-,-,-,67.29,-0.89%,"54,961"
FDLS,-,-,-,-,-,-,-,-,-,-,-,-,-,41.67,0.84%,"27,002"
FDM,-,-,-,-,-,-,-,-,-,-,-,-,-,90.69,-0.45%,"5,201"
FDMO,-,-,-,-,-,-,-,-,-,-,-,-,-,96.80,1.52%,"60,365"
FDMT,602.22M,-,-,-,6.82,1.33,1.54,-,-60.70%,4.25%,-2.62%,-14.85%,44.32%,11.52,-0.86%,"984,925"
FDN,-,-,-,-,-,-,-,-,-,-,-,-,-,255.30,-1.39%,"317,425"
FDND,-,-,-,-,-,-,-,-,-,-,-,-,-,20.21,-1.95%,496
FDNI,-,-,-,-,-,-,-,-,-,-,-,-,-,24.65,-2.15%,"18,400"
FDP,1.35B,19.63,8.42,-,0.32,0.67,20.37,6.52,-41.58%,56.74%,12.78%,-,0.59%,28.38,-1.63%,"414,395"
FDRR,-,-,-,-,-,-,-,-,-,-,-,-,-,64.22,-0.72%,"14,486"
FDRS,-,-,-,-,-,-,-,-,-,-,-,-,-,22.10,-1.65%,"54,753"
FDRV,-,-,-,-,-,-,-,-,-,-,-,-,-,18.86,-0.04%,"5,593"
FDRX,-,-,-,-,-,-,-,-,-,-,-,-,-,19.10,-3.23%,256
FDS,7.61B,13.43,10.79,1.35,3.17,3.59,26.37,11.14,4.17%,9.39%,10.02%,8.00%,9.22%,208.84,-3.52%,"901,325"
FDSB,84.58M,18.81,-,-,3.14,0.66,-,92.95,-,-,-,-,-,16.07,1.20%,"8,073"
FDT,-,-,-,-,-,-,-,-,-,-,-,-,-,94.84,-0.24%,"82,483"
FDTS,-,-,-,-,-,-,-,-,-,-,-,-,-,64.52,-1.16%,724
FDTX,-,-,-,-,-,-,-,-,-,-,-,-,-,56.14,2.04%,"127,283"
FDUS,697.98M,8.09,9.40,-,4.82,0.94,4.32,10.24,-0.38%,-7.82%,12.69%,-5.46%,13.61%,18.39,1.43%,"393,173"
FDV,-,-,-,-,-,-,-,-,-,-,-,-,-,31.66,0.38%,"66,270"
FDVV,-,-,-,-,-,-,-,-,-,-,-,-,-,59.97,-0.84%,"723,233"
FDX,78.61B,17.76,-,-,0.83,2.64,5.91,15.36,-,-,-0.98%,-,2.48%,329.44,3.98%,"2,705,409"
FDXF,23.61B,-,-,-,-,-,6.41,-,-,-,-,-,-,158.53,-1.20%,"1,213,410"
FE,27.77B,26.09,16.30,2.14,1.79,2.19,347.13,-,7.12%,7.83%,-0.91%,7.62%,6.94%,48.01,0.40%,"2,915,318"
FEAC,-,-,-,-,-,-,-,-,-,-,-,-,-,31.81,0.16%,"18,747"
FEAM,54.39M,-,-,-,-,0.74,2.14,-,91.17%,47.43%,-,68.61%,-,1.31,-2.96%,"151,813"
FEAT,-,-,-,-,-,-,-,-,-,-,-,-,-,17.92,0.00%,0
FEBM,-,-,-,-,-,-,-,-,-,-,-,-,-,31.15,0.02%,"3,588"
FEBO,10.09M,-,-,-,0.92,2.20,4.12,50.43,-,-,-,-,-11.90%,0.91,6.05%,"14,995"
FEBP,-,-,-,-,-,-,-,-,-,-,-,-,-,33.73,-0.01%,23
FEBT,-,-,-,-,-,-,-,-,-,-,-,-,-,40.67,-0.00%,"7,546"
FEBU,-,-,-,-,-,-,-,-,-,-,-,-,-,29.26,0.02%,"7,106"
FEBW,-,-,-,-,-,-,-,-,-,-,-,-,-,35.34,0.06%,"9,226"
FEBZ,-,-,-,-,-,-,-,-,-,-,-,-,-,39.82,0.01%,487
FEDM,-,-,-,-,-,-,-,-,-,-,-,-,-,61.85,0.76%,450
FEDU,23.73M,5.55,-,-,0.67,0.34,0.70,-,-,-,-,-,-2.77%,10.50,0.00%,59
FEED,3.46M,-,-,-,1.59,0.07,1.53,-,-,-,50.78%,-,32.59%,0.57,-7.11%,"203,178"
FEGE,-,-,-,-,-,-,-,-,-,-,-,-,-,48.72,0.29%,"325,382"
FEIG,-,-,-,-,-,-,-,-,-,-,-,-,-,41.01,0.05%,795
FEIM,616.01M,83.23,56.73,-,9.08,10.22,6844.55,-,-72.18%,59.90%,-,-14.32%,10.96%,62.59,-6.96%,"373,030"
FELC,-,-,-,-,-,-,-,-,-,-,-,-,-,41.20,-0.10%,"820,627"
FELE,4.81B,32.88,21.27,-,2.21,3.59,56.93,28.38,10.89%,11.52%,8.55%,-,11.31%,108.88,3.81%,"262,355"
FELG,-,-,-,-,-,-,-,-,-,-,-,-,-,42.09,-1.13%,"712,230"
FELV,-,-,-,-,-,-,-,-,-,-,-,-,-,40.25,1.11%,"177,361"
FEM,-,-,-,-,-,-,-,-,-,-,-,-,-,31.52,-0.13%,"101,930"
FEMB,-,-,-,-,-,-,-,-,-,-,-,-,-,29.10,-0.55%,"32,169"
FEMD,-,-,-,-,-,-,-,-,-,-,-,-,-,38.11,1.70%,222
FEMG,-,-,-,-,-,-,-,-,-,-,-,-,-,25.83,-0.40%,"2,352"
FEMR,-,-,-,-,-,-,-,-,-,-,-,-,-,42.17,0.39%,"37,311"
FEMS,-,-,-,-,-,-,-,-,-,-,-,-,-,45.10,-1.45%,"10,507"
FEMV,-,-,-,-,-,-,-,-,-,-,-,-,-,26.52,1.33%,"1,009"
FEMY,10.87M,-,-,-,4.57,1.49,2.02,-,53.90%,-21.54%,4.34%,24.37%,17.18%,3.60,-1.91%,"48,835"
FENC,366.48M,-,11.79,-,7.19,9.67,9.12,-,170.95%,260.40%,14.90%,-,204.69%,10.55,1.44%,"153,676"
FENG,8.26M,9.94,-,-,0.07,0.11,0.06,-,-,-,-76.09%,-,-9.47%,1.53,-1.29%,"8,756"
FENI,-,-,-,-,-,-,-,-,-,-,-,-,-,39.89,0.94%,"1,418,048"
FENY,-,-,-,-,-,-,-,-,-,-,-,-,-,30.02,1.15%,"1,472,343"
FEOE,-,-,-,-,-,-,-,-,-,-,-,-,-,53.10,0.59%,"190,084"
FEP,-,-,-,-,-,-,-,-,-,-,-,-,-,56.91,-0.32%,"20,833"
FEPI,-,-,-,-,-,-,-,-,-,-,-,-,-,41.85,0.36%,"203,960"
FER,50.59B,50.77,51.35,6.26,4.64,7.29,10.09,30.38,-8.98%,19.57%,-,8.20%,7.85%,70.20,0.96%,"1,434,664"
FERA,326.11M,55.72,-,-,-,1.18,724.70,-,-,-,-,-,-,10.43,0.00%,"900,784"
FERG,46.69B,26.40,19.17,1.64,1.53,7.96,56.94,22.51,13.66%,11.13%,-,11.68%,6.18%,240.76,1.72%,"1,378,051"
FESM,-,-,-,-,-,-,-,-,-,-,-,-,-,47.57,0.85%,"799,160"
FET,559.91M,-,17.98,-,0.69,2.00,14.93,9.56,242.86%,27.55%,45.80%,-,9.08%,49.53,2.00%,"155,722"
FETH,-,-,-,-,-,-,-,-,-,-,-,-,-,15.52,-1.62%,"2,508,553"
FEUS,-,-,-,-,-,-,-,-,-,-,-,-,-,79.03,-0.33%,"2,086"
FEUZ,-,-,-,-,-,-,-,-,-,-,-,-,-,66.36,-0.63%,"1,990"
FEX,-,-,-,-,-,-,-,-,-,-,-,-,-,139.33,1.10%,"36,802"
FEZ,-,-,-,-,-,-,-,-,-,-,-,-,-,67.59,0.97%,"1,216,442"
FF,180.28M,-,-,-,1.64,1.27,8.06,-,-,-,-,-,-14.08%,4.11,-1.20%,"181,309"
FFA,434.74M,5.38,-,-,66.56,0.92,-,-,-,-,-,-,-,21.75,-0.46%,"25,184"
FFAI,72.12M,-,-,-,98.79,-,5.88,-,74.20%,59.26%,79.64%,-,-,0.24,-6.54%,"17,369,585"
FFBC,3.51B,11.82,9.75,-,2.64,1.20,-,4.39,19.39%,8.14%,10.85%,-,12.30%,33.49,1.73%,"888,172"
FFC,772.77M,10.84,-,-,8.65,0.91,-,-,-,-,-,-,-,16.04,0.69%,"89,905"
FFDI,-,-,-,-,-,-,-,-,-,-,-,-,-,32.45,1.02%,"1,272"
FFEB,-,-,-,-,-,-,-,-,-,-,-,-,-,60.42,-0.02%,"17,217"
FFEM,-,-,-,-,-,-,-,-,-,-,-,-,-,43.49,1.56%,"10,259"
FFF,-,-,-,-,-,-,-,-,-,-,-,-,-,23.39,-1.80%,"1,442"
FFGX,-,-,-,-,-,-,-,-,-,-,-,-,-,34.55,1.27%,"22,567"
FFIN,5.01B,19.01,16.31,-,5.89,2.56,-,15.79,15.14%,5.10%,4.52%,-,10.65%,34.94,2.64%,"1,272,648"
FFIU,-,-,-,-,-,-,-,-,-,-,-,-,-,22.09,0.29%,"1,754"
FFIV,21.78B,31.69,21.87,3.03,6.75,6.00,15.09,22.62,4.28%,7.07%,18.69%,7.22%,5.61%,386.01,0.32%,"457,029"
FFLC,-,-,-,-,-,-,-,-,-,-,-,-,-,58.09,0.22%,"86,180"
FFLG,-,-,-,-,-,-,-,-,-,-,-,-,-,33.39,-0.15%,"54,556"
FFLS,-,-,-,-,-,-,-,-,-,-,-,-,-,22.77,0.15%,"8,023"
FFLV,-,-,-,-,-,-,-,-,-,-,-,-,-,27.64,0.84%,"8,357"
FFND,-,-,-,-,-,-,-,-,-,-,-,-,-,31.60,-0.40%,"36,888"
FFOG,-,-,-,-,-,-,-,-,-,-,-,-,-,49.49,0.53%,"63,090"
FFOX,-,-,-,-,-,-,-,-,-,-,-,-,-,29.49,0.98%,"16,886"
FFSM,-,-,-,-,-,-,-,-,-,-,-,-,-,38.05,1.47%,"309,020"
FFTY,-,-,-,-,-,-,-,-,-,-,-,-,-,42.48,1.53%,"33,882"
FFUT,-,-,-,-,-,-,-,-,-,-,-,-,-,57.57,0.06%,"1,891"
FG,3.51B,7.10,5.14,0.31,0.58,0.77,-,0.68,8.28%,30.70%,-30.90%,16.56%,9.96%,26.49,0.19%,"498,282"
FGBI,159.87M,-,-,-,0.73,0.80,-,4.53,-,-,-,-,12.15%,9.71,-8.05%,"50,627"
FGD,-,-,-,-,-,-,-,-,-,-,-,-,-,32.22,-1.26%,"267,749"
FGDL,-,-,-,-,-,-,-,-,-,-,-,-,-,53.65,1.23%,"25,539"
FGI,8.02M,-,10.38,-,0.06,0.49,3.01,5.81,76.74%,229.03%,-,-,-0.65%,4.15,-1.89%,"21,086"
FGII,343.67M,-,-,-,-,1.25,381.86,-,-,-,-,-,-,9.93,-0.10%,"102,829"
FGL,1.64M,-,-,-,-,-,-,-,-,-,-,-,-,1.43,0.00%,"620,003"
FGM,-,-,-,-,-,-,-,-,-,-,-,-,-,63.80,0.60%,"1,213"
FGMC,104.50M,75.86,-,-,-,1.26,435.41,60.06,-,-,-,-,-,10.15,1.00%,"21,392"
FGNX,31.26M,1.46,-,-,-,0.48,2.21,-,1.75%,-2.30%,44.91%,-,32.83%,5.45,0.74%,"55,253"
FGRU,-,-,-,-,-,-,-,-,-,-,-,-,-,8.32,-4.48%,"37,174"
FGSI,-,-,-,-,-,-,-,-,-,-,-,-,-,19.82,-1.45%,7
FGSM,-,-,-,-,-,-,-,-,-,-,-,-,-,34.82,0.68%,"1,419"
FHB,3.56B,12.82,11.90,2.17,3.05,1.29,-,8.29,5.70%,5.84%,9.06%,5.49%,8.61%,29.30,1.17%,"1,282,908"
FHDG,-,-,-,-,-,-,-,-,-,-,-,-,-,35.90,-0.07%,477
FHEQ,-,-,-,-,-,-,-,-,-,-,-,-,-,32.47,-0.52%,"101,843"
FHI,4.27B,10.91,9.78,1.08,2.29,3.53,6.61,13.98,-0.42%,12.51%,9.71%,9.03%,4.59%,56.22,-0.28%,"535,253"
FHIL,-,-,-,-,-,-,-,-,-,-,-,-,-,24.84,0.88%,50
FHLC,-,-,-,-,-,-,-,-,-,-,-,-,-,75.69,1.49%,"239,433"
FHN,12.13B,12.81,10.88,0.88,2.43,1.44,-,21.17,13.41%,9.57%,-0.25%,12.30%,8.88%,25.56,1.11%,"5,232,325"
FHTX,236.61M,-,-,-,8.38,-,1.28,-,13.64%,13.25%,8.80%,20.85%,135.14%,4.03,-1.23%,"117,666"
FHYS,-,-,-,-,-,-,-,-,-,-,-,-,-,23.13,-0.00%,"18,650"
FIAT,-,-,-,-,-,-,-,-,-,-,-,-,-,23.98,2.45%,"75,715"
FIAX,-,-,-,-,-,-,-,-,-,-,-,-,-,17.53,0.06%,"4,438"
FIBK,3.73B,12.53,12.86,3.41,2.71,1.12,-,14.74,-8.85%,11.52%,3.04%,3.77%,16.01%,38.44,1.48%,"670,990"
FICO,26.52B,36.23,21.08,0.72,11.76,-,120.86,31.08,43.89%,26.14%,27.43%,29.22%,8.99%,1143.48,0.28%,"206,836"
FICS,-,-,-,-,-,-,-,-,-,-,-,-,-,41.46,-0.42%,"45,391"
FID,-,-,-,-,-,-,-,-,-,-,-,-,-,21.44,-0.93%,"6,240"
FIDI,-,-,-,-,-,-,-,-,-,-,-,-,-,27.19,0.52%,"55,541"
FIDU,-,-,-,-,-,-,-,-,-,-,-,-,-,99.00,2.00%,"96,871"
FIEE,36.07M,40.83,-,-,4.34,4.85,7.88,10.67,-,-,-,-,-33.60%,4.23,-5.79%,"2,516"
FIG,8.90B,-,47.82,25.44,7.66,6.08,5.40,37.59,-37.52%,24.86%,-,1.88%,-,16.84,-9.66%,"24,995,969"
FIGB,-,-,-,-,-,-,-,-,-,-,-,-,-,43.10,0.08%,"68,873"
FIGG,-,-,-,-,-,-,-,-,-,-,-,-,-,12.40,-19.53%,"229,668"
FIGR,5.93B,40.82,21.46,0.51,11.36,4.56,3.68,-,86.78%,24.34%,-,41.87%,-,26.91,-1.79%,"3,557,749"
FIGS,1.85B,50.66,34.64,1.77,2.78,4.29,6.69,46.96,38.09%,22.01%,-9.21%,19.59%,19.12%,11.09,-5.86%,"3,797,135"
FIGX,199.09M,53.10,-,-,-,1.33,231.50,-,-,-,-,-,-,10.27,0.49%,9
FIIG,-,-,-,-,-,-,-,-,-,-,-,-,-,20.75,-0.29%,"67,270"
FIMU,-,-,-,-,-,-,-,-,-,-,-,-,-,20.07,0.05%,145
FINS,-,-,-,-,-,-,-,-,-,-,-,-,-,12.62,0.16%,"54,202"
FINT,-,-,-,-,-,-,-,-,-,-,-,-,-,35.98,0.68%,"2,487"
FINV,612.06M,3.99,3.30,0.69,0.33,0.49,0.46,-,-14.57%,18.33%,6.65%,4.80%,11.04%,4.71,-2.89%,"814,318"
FINW,199.42M,13.16,8.17,-,1.17,1.01,-,-,-0.29%,57.99%,6.04%,-,28.35%,14.55,-0.34%,"10,522"
FINX,-,-,-,-,-,-,-,-,-,-,-,-,-,23.99,-1.43%,"27,103"
FINY,-,-,-,-,-,-,-,-,-,-,-,-,-,25.25,-0.14%,"3,920"
FIP,580.19M,-,-,-,0.98,-,2.55,-,21.98%,65.41%,-32.35%,-,48.94%,4.91,4.69%,"596,952"
FIRY,130.48M,-,-,-,1.17,1.28,0.70,-,31.88%,35.81%,10.53%,36.12%,-14.61%,8.36,0.00%,"142,363"
FIS,19.57B,7.32,5.53,0.59,1.71,1.23,25.92,7.04,9.18%,9.07%,23.62%,9.42%,-3.18%,37.86,-2.07%,"4,230,925"
FISI,761.86M,10.09,9.24,-,2.03,1.24,-,25.86,11.22%,4.36%,9.50%,-,13.47%,38.70,0.08%,"162,292"
FISN,605.11M,-,-,-,-,6.44,7.14,-,-,-,-,-,-,10.03,2.77%,"821,576"
FISR,-,-,-,-,-,-,-,-,-,-,-,-,-,25.71,0.08%,"100,391"
FISV,25.35B,8.06,5.32,0.86,1.20,0.97,30.57,6.07,-6.02%,10.02%,35.23%,6.21%,7.37%,47.53,-1.37%,"6,548,715"
FITB,51.13B,18.92,11.49,0.75,3.63,1.60,-,30.00,-12.35%,58.61%,14.06%,15.40%,10.29%,56.41,2.64%,"8,152,059"
FITE,-,-,-,-,-,-,-,-,-,-,-,-,-,103.38,0.11%,"10,901"
FITZ,-,-,-,-,-,-,-,-,-,-,-,-,-,23.52,-0.72%,"52,172"
FIVA,-,-,-,-,-,-,-,-,-,-,-,-,-,38.52,1.74%,"79,452"
FIVE,10.32B,23.54,19.30,1.06,2.03,4.46,9.27,20.42,35.33%,7.13%,24.07%,18.14%,19.41%,186.59,-0.62%,"809,418"
FIVN,1.49B,29.61,5.16,0.39,1.27,1.80,2.06,6.91,9.88%,16.20%,-,13.13%,21.45%,19.51,0.15%,"2,076,567"
FIVY,-,-,-,-,-,-,-,-,-,-,-,-,-,24.55,0.00%,0
FIW,-,-,-,-,-,-,-,-,-,-,-,-,-,109.33,1.86%,"55,255"
FIX,71.02B,58.23,37.75,1.16,7.01,25.22,63.70,51.49,49.40%,23.87%,47.85%,32.55%,26.08%,2017.57,3.23%,"402,689"
FIXD,-,-,-,-,-,-,-,-,-,-,-,-,-,43.70,-0.37%,"439,262"
FIXP,-,-,-,-,-,-,-,-,-,-,-,-,-,19.86,0.18%,112
FIXT,-,-,-,-,-,-,-,-,-,-,-,-,-,37.87,0.11%,"13,755"
FIYY,-,-,-,-,-,-,-,-,-,-,-,-,-,24.56,-0.02%,23
FIZZ,3.11B,16.54,16.50,8.09,2.60,5.26,9.90,18.83,0.65%,0.47%,7.52%,2.04%,3.73%,33.21,-1.13%,"504,587"
FJAN,-,-,-,-,-,-,-,-,-,-,-,-,-,54.65,0.16%,"25,678"
FJET,217.37M,-,-,-,-,8.63,13.53,-,-,-,-,-,-,4.38,4.78%,"1,477,793"
FJP,-,-,-,-,-,-,-,-,-,-,-,-,-,76.43,-0.71%,"7,242"
FJUL,-,-,-,-,-,-,-,-,-,-,-,-,-,59.18,0.07%,"8,356"
FJUN,-,-,-,-,-,-,-,-,-,-,-,-,-,59.36,0.13%,"65,050"
FKU,-,-,-,-,-,-,-,-,-,-,-,-,-,52.88,-0.74%,"2,399"
FKWL,29.82M,-,-,-,0.85,0.89,0.91,-,-,-,-,-,-9.30%,2.53,-1.36%,"20,519"
FLAG,-,-,-,-,-,-,-,-,-,-,-,-,-,27.28,-0.30%,"2,114"
FLAO,-,-,-,-,-,-,-,-,-,-,-,-,-,28.17,0.04%,175
FLAU,-,-,-,-,-,-,-,-,-,-,-,-,-,33.79,-0.19%,"2,474"
FLAX,-,-,-,-,-,-,-,-,-,-,-,-,-,37.24,1.03%,"7,544"
FLBL,-,-,-,-,-,-,-,-,-,-,-,-,-,22.86,0.00%,"104,319"
FLBR,-,-,-,-,-,-,-,-,-,-,-,-,-,21.57,0.84%,"49,069"
FLC,174.42M,10.83,-,-,8.35,0.88,-,-,-,-,-,-,-,16.68,0.36%,"25,383"
FLCA,-,-,-,-,-,-,-,-,-,-,-,-,-,51.84,0.72%,"56,936"
FLCB,-,-,-,-,-,-,-,-,-,-,-,-,-,21.48,0.09%,"317,822"
FLCC,-,-,-,-,-,-,-,-,-,-,-,-,-,34.41,-0.29%,"14,704"
FLCE,-,-,-,-,-,-,-,-,-,-,-,-,-,30.63,0.19%,"1,906"
FLCG,-,-,-,-,-,-,-,-,-,-,-,-,-,32.19,-1.41%,"26,564"
FLCH,-,-,-,-,-,-,-,-,-,-,-,-,-,20.46,-1.54%,"134,639"
FLCO,-,-,-,-,-,-,-,-,-,-,-,-,-,21.52,0.15%,"44,998"
FLCV,-,-,-,-,-,-,-,-,-,-,-,-,-,35.78,1.41%,"4,558"
FLD,23.73M,-,-,-,0.78,0.65,1.41,-,46.21%,45.35%,-388.27%,-,-,0.47,-9.65%,"502,733"
FLDB,-,-,-,-,-,-,-,-,-,-,-,-,-,50.40,0.00%,782
FLDR,-,-,-,-,-,-,-,-,-,-,-,-,-,50.27,0.06%,"2,620,146"
FLDZ,-,-,-,-,-,-,-,-,-,-,-,-,-,31.14,0.65%,4
FLEE,-,-,-,-,-,-,-,-,-,-,-,-,-,39.14,1.02%,"3,841"
FLEU,-,-,-,-,-,-,-,-,-,-,-,-,-,35.91,1.28%,"2,770"
FLEX,59.09B,69.17,23.77,0.55,2.12,11.47,24.73,56.17,34.28%,53.11%,13.64%,43.15%,2.96%,161.28,7.01%,"8,362,059"
FLG,6.31B,-,10.04,-,1.37,0.83,-,-,186.32%,249.56%,-,-,22.25%,15.15,0.46%,"5,577,512"
FLGB,-,-,-,-,-,-,-,-,-,-,-,-,-,35.65,1.13%,"29,741"
FLGR,-,-,-,-,-,-,-,-,-,-,-,-,-,32.97,1.23%,"1,482"
FLGT,552.10M,-,-,-,1.72,0.53,2.00,-,-469.05%,25.81%,-,-,-5.21%,19.44,1.62%,"252,326"
FLGV,-,-,-,-,-,-,-,-,-,-,-,-,-,20.33,0.02%,"89,860"
FLHY,-,-,-,-,-,-,-,-,-,-,-,-,-,24.25,0.02%,"241,858"
FLIA,-,-,-,-,-,-,-,-,-,-,-,-,-,20.52,0.00%,"67,249"
FLIN,-,-,-,-,-,-,-,-,-,-,-,-,-,35.56,-0.35%,"321,483"
FLJH,-,-,-,-,-,-,-,-,-,-,-,-,-,45.71,0.69%,"19,834"
FLJJ,-,-,-,-,-,-,-,-,-,-,-,-,-,33.70,0.10%,397
FLJP,-,-,-,-,-,-,-,-,-,-,-,-,-,39.97,0.83%,"729,865"
FLKR,-,-,-,-,-,-,-,-,-,-,-,-,-,67.07,4.03%,"1,171,150"
FLL,94.65M,-,-,-,0.31,-,3.02,30.14,24.88%,2.18%,-,-7.14%,19.21%,2.61,-4.04%,"197,926"
FLLA,-,-,-,-,-,-,-,-,-,-,-,-,-,26.83,1.45%,"18,727"
FLMB,-,-,-,-,-,-,-,-,-,-,-,-,-,23.99,-0.04%,"8,562"
FLMI,-,-,-,-,-,-,-,-,-,-,-,-,-,25.12,0.08%,"841,939"
FLMX,-,-,-,-,-,-,-,-,-,-,-,-,-,37.49,2.56%,"3,004"
FLN,-,-,-,-,-,-,-,-,-,-,-,-,-,24.72,0.24%,"3,589"
FLNA,56.03M,-,-,-,-,0.82,0.65,-,49.47%,-25.26%,-50.67%,14.38%,-,1.16,-1.69%,"335,627"
FLNC,3.57B,-,89.21,-,1.38,6.99,8.65,-,67.70%,281.78%,17.04%,-,32.16%,19.38,-1.87%,"6,934,889"
FLNG,1.59B,21.44,13.97,1.77,4.68,2.32,4.09,14.27,18.63%,-2.81%,55.98%,7.90%,16.15%,29.96,-1.64%,"309,428"
FLNT,96.60M,-,-,-,0.49,7.27,9.38,483.01,52.38%,83.33%,-,77.17%,-7.65%,3.24,-3.57%,"19,198"
FLO,1.61B,22.23,9.18,-,0.31,1.24,139.86,5.29,-23.44%,-0.77%,-11.24%,-8.52%,3.68%,7.60,-0.65%,"5,438,757"
FLOC,1.89B,33.83,11.52,1.22,2.44,2.61,109.26,9.25,10.51%,15.30%,-,9.42%,-,20.97,-2.28%,"639,301"
FLOT,-,-,-,-,-,-,-,-,-,-,-,-,-,51.02,0.00%,"1,726,026"
FLOW,-,-,-,-,-,-,-,-,-,-,-,-,-,37.68,-0.25%,703
FLQL,-,-,-,-,-,-,-,-,-,-,-,-,-,76.94,0.21%,"63,412"
FLQM,-,-,-,-,-,-,-,-,-,-,-,-,-,57.86,0.14%,"88,613"
FLQS,-,-,-,-,-,-,-,-,-,-,-,-,-,48.39,0.72%,"1,921"
FLR,7.49B,42.81,16.37,0.80,0.49,2.64,2.04,-,18.48%,26.28%,36.81%,20.34%,1.83%,53.62,0.85%,"2,100,447"
FLRG,-,-,-,-,-,-,-,-,-,-,-,-,-,40.26,-0.00%,"7,926"
FLRN,-,-,-,-,-,-,-,-,-,-,-,-,-,30.83,0.03%,"722,607"
FLRT,-,-,-,-,-,-,-,-,-,-,-,-,-,46.60,-0.60%,"82,543"
FLS,9.58B,27.76,16.25,1.36,2.06,4.32,12.10,21.95,11.55%,13.67%,21.58%,11.96%,4.87%,74.99,2.82%,"2,379,937"
FLSA,-,-,-,-,-,-,-,-,-,-,-,-,-,33.05,-0.70%,666
FLSP,-,-,-,-,-,-,-,-,-,-,-,-,-,27.56,0.29%,"80,293"
FLSW,-,-,-,-,-,-,-,-,-,-,-,-,-,44.29,1.18%,"3,447"
FLTB,-,-,-,-,-,-,-,-,-,-,-,-,-,50.31,0.04%,"33,127"
FLTR,-,-,-,-,-,-,-,-,-,-,-,-,-,25.58,0.04%,"712,606"
FLTW,-,-,-,-,-,-,-,-,-,-,-,-,-,102.23,0.30%,"67,027"
FLUD,-,-,-,-,-,-,-,-,-,-,-,-,-,25.01,0.06%,"179,003"
FLUT,16.73B,-,11.46,0.75,0.98,1.85,4.74,13.40,-26.96%,44.72%,-,15.34%,23.68%,96.19,-2.36%,"4,192,191"
FLUX,16.74M,-,-,-,0.33,3.63,45.25,-,9.17%,34.86%,32.27%,-,31.58%,0.78,0.50%,"62,300"
FLV,-,-,-,-,-,-,-,-,-,-,-,-,-,81.19,0.36%,"4,856"
FLWS,227.55M,-,-,-,0.15,1.18,4.49,-,-43.90%,49.44%,-,-,2.50%,3.55,-2.20%,"197,794"
FLX,114.76M,14.71,-,-,0.21,1.31,0.92,-,-,-,-,-,13.73%,2.19,0.46%,"246,530"
FLXI,-,-,-,-,-,-,-,-,-,-,-,-,-,48.92,0.45%,3
FLXN,-,-,-,-,-,-,-,-,-,-,-,-,-,25.03,0.00%,"2,813"
FLXR,-,-,-,-,-,-,-,-,-,-,-,-,-,39.23,0.08%,"246,117"
FLXS,368.30M,12.48,13.66,1.30,0.80,1.99,6.43,9.51,13.55%,6.34%,-,10.52%,3.75%,68.77,1.37%,"33,358"
FLY,4.04B,-,-,-,21.86,3.57,7.33,-,-40.65%,34.10%,-,28.02%,-,24.61,-1.48%,"6,046,234"
FLYD,-,-,-,-,-,-,-,-,-,-,-,-,-,43.12,3.79%,184
FLYE,3.32M,-,-,-,0.20,0.16,11.06,-,-,-,-,-,-,2.03,-10.57%,"20,969"
FLYT,-,-,-,-,-,-,-,-,-,-,-,-,-,7.59,-3.80%,"251,025"
FLYU,-,-,-,-,-,-,-,-,-,-,-,-,-,51.53,-3.52%,571
FLYW,2.08B,72.88,25.19,0.25,3.07,2.44,6.41,12.93,309.19%,48.88%,-,99.39%,36.44%,16.88,2.06%,"5,086,779"
FLYX,183.43M,-,-,-,0.48,-,9.35,-,-,-,-,-,-,1.91,-6.37%,"266,658"
FLZH,146.69M,-,-,-,13.80,0.03,473.20,-,-,-,-9.88%,-,-7.60%,2.74,3.01%,"547,697"
FMAC,157.80M,-,-,-,-,1.39,1052.01,-,-,-,-,-,-,10.00,0.40%,101
FMAG,-,-,-,-,-,-,-,-,-,-,-,-,-,35.73,0.06%,"12,503"
FMAO,412.08M,11.48,9.93,-,2.15,1.10,-,12.49,16.87%,6.10%,6.12%,-,17.09%,29.93,1.35%,"118,770"
FMAR,-,-,-,-,-,-,-,-,-,-,-,-,-,51.84,0.00%,"15,621"
FMAT,-,-,-,-,-,-,-,-,-,-,-,-,-,59.61,1.41%,"37,168"
FMAY,-,-,-,-,-,-,-,-,-,-,-,-,-,55.56,-0.07%,"55,729"
FMB,-,-,-,-,-,-,-,-,-,-,-,-,-,51.30,-0.31%,"145,037"
FMBH,1.26B,12.00,9.70,-,2.63,1.17,-,12.49,14.29%,11.81%,7.21%,-,17.98%,47.47,-0.31%,"101,313"
FMC,1.42B,-,5.11,-,0.41,0.78,3.62,-,-42.02%,29.15%,-,-5.48%,-5.67%,11.32,0.00%,"3,586,216"
FMCE,-,-,-,-,-,-,-,-,-,-,-,-,-,28.27,0.35%,702
FMCX,-,-,-,-,-,-,-,-,-,-,-,-,-,36.44,0.26%,232
FMDE,-,-,-,-,-,-,-,-,-,-,-,-,-,40.53,1.05%,"1,327,192"
FMED,-,-,-,-,-,-,-,-,-,-,-,-,-,27.64,2.41%,"6,420"
FMET,-,-,-,-,-,-,-,-,-,-,-,-,-,35.47,-1.29%,"6,498"
FMF,-,-,-,-,-,-,-,-,-,-,-,-,-,49.87,-0.24%,"21,361"
FMFC,5.01M,-,-,-,0.32,0.63,3.02,-,-,-,-,-,-,0.27,-15.43%,"10,946,192"
FMHI,-,-,-,-,-,-,-,-,-,-,-,-,-,48.42,-0.29%,"85,185"
FMKT,-,-,-,-,-,-,-,-,-,-,-,-,-,21.81,0.33%,"3,552"
FMN,88.66M,94.50,-,-,11.51,0.91,-,-,-,-,-,-,-,11.34,0.18%,"2,978"
FMNB,858.61M,9.99,8.29,-,2.93,1.12,-,18.23,4.14%,15.89%,-0.33%,-,13.37%,14.50,-0.48%,"439,283"
FMNY,-,-,-,-,-,-,-,-,-,-,-,-,-,26.81,-0.15%,"1,300"
FMQQ,-,-,-,-,-,-,-,-,-,-,-,-,-,11.47,-0.86%,"6,208"
FMS,11.40B,12.24,9.25,2.26,0.51,0.82,7.99,5.61,-8.44%,8.95%,-3.43%,4.09%,1.71%,23.25,-2.52%,"830,705"
FMST,22.32M,-,-,-,-,0.89,7.52,-,-,-,13.02%,-,-,1.53,-1.92%,"49,000"
FMTL,-,-,-,-,-,-,-,-,-,-,-,-,-,32.70,-0.76%,"2,775"
FMTM,-,-,-,-,-,-,-,-,-,-,-,-,-,42.60,1.75%,"346,615"
FMUB,-,-,-,-,-,-,-,-,-,-,-,-,-,51.46,0.09%,"37,023"
FMUN,-,-,-,-,-,-,-,-,-,-,-,-,-,50.45,0.04%,"3,545"
FMX,25.26B,27.20,22.82,0.94,0.55,3.62,4.26,9.72,78.11%,-4.11%,-,24.19%,13.82%,125.37,1.86%,"454,679"
FMY,49.59M,10.90,-,-,14.21,0.91,-,-,-,-,-,-,-,11.77,-0.30%,"4,405"
FN,20.34B,48.82,33.05,1.19,4.80,8.83,21.52,444.09,35.75%,24.45%,24.42%,27.68%,15.80%,567.79,-0.07%,"897,627"
FNB,6.81B,11.80,9.76,0.86,2.52,1.00,-,11.87,8.46%,13.67%,12.82%,11.29%,13.09%,19.14,0.84%,"4,298,465"
FNCL,-,-,-,-,-,-,-,-,-,-,-,-,-,76.25,-0.43%,"86,375"
FND,6.30B,31.70,26.35,2.11,1.35,2.57,21.47,59.78,-0.29%,15.60%,0.93%,12.51%,14.07%,58.32,2.42%,"3,089,956"
FNDA,-,-,-,-,-,-,-,-,-,-,-,-,-,37.46,0.97%,"716,119"
FNDB,-,-,-,-,-,-,-,-,-,-,-,-,-,30.32,0.46%,"137,972"
FNDC,-,-,-,-,-,-,-,-,-,-,-,-,-,48.51,0.81%,"65,708"
FNDE,-,-,-,-,-,-,-,-,-,-,-,-,-,39.50,-0.45%,"701,932"
FNDF,-,-,-,-,-,-,-,-,-,-,-,-,-,52.90,1.09%,"1,024,201"
FNDX,-,-,-,-,-,-,-,-,-,-,-,-,-,30.98,0.42%,"3,135,893"
FNF,12.41B,16.39,7.81,0.80,0.83,1.71,-,2.01,5.47%,12.61%,-15.01%,9.76%,6.05%,46.11,-0.50%,"2,512,164"
FNG,-,-,-,-,-,-,-,-,-,-,-,-,-,11.70,-0.25%,"10,531"
FNGD,-,-,-,-,-,-,-,-,-,-,-,-,-,40.29,2.52%,"766,171"
FNGG,-,-,-,-,-,-,-,-,-,-,-,-,-,208.79,-1.64%,"15,107"
FNGO,-,-,-,-,-,-,-,-,-,-,-,-,-,119.41,-1.60%,"4,313"
FNGR,26.35M,-,-,-,1.09,1.74,376.42,-,-,-,2.02%,-,7.66%,0.43,-1.53%,"106,677"
FNGS,-,-,-,-,-,-,-,-,-,-,-,-,-,70.96,-0.53%,"16,571"
FNGU,-,-,-,-,-,-,-,-,-,-,-,-,-,23.89,-2.13%,"6,015,113"
FNK,-,-,-,-,-,-,-,-,-,-,-,-,-,61.22,0.24%,"19,315"
FNKO,316.01M,-,35.31,-,0.34,1.86,9.21,-,91.90%,382.35%,-,-,6.84%,5.65,0.00%,"578,129"
FNLC,383.94M,10.52,-,-,2.15,1.34,-,6.85,-,-,4.35%,-,14.77%,34.05,-0.15%,"42,448"
FNOV,-,-,-,-,-,-,-,-,-,-,-,-,-,57.83,0.00%,"30,496"
FNRN,294.34M,12.86,-,-,3.24,1.38,-,56.28,-,-,12.69%,-,9.30%,17.94,0.06%,"111,054"
FNUC,24.63M,-,-,-,-,-,-,-,-,-,-84.19%,-,-,1.59,-6.47%,"505,005"
FNV,40.50B,29.57,21.12,0.99,19.26,5.00,56.67,-,60.67%,10.88%,27.48%,21.25%,12.42%,210.00,0.11%,"865,662"
FNWB,98.89M,18.91,13.88,-,0.86,0.63,-,7.33,141.67%,275.00%,-,-,11.91%,10.41,0.00%,"10,476"
FNWD,148.48M,14.93,11.01,-,1.47,0.86,-,10.78,41.76%,16.89%,-16.36%,-,7.98%,34.29,0.44%,"35,370"
FNX,-,-,-,-,-,-,-,-,-,-,-,-,-,145.21,0.80%,"49,919"
FNY,-,-,-,-,-,-,-,-,-,-,-,-,-,108.79,1.29%,"18,384"
FOA,367.81M,-,4.05,-,1.29,1.04,0.98,-,56.25%,12.63%,-,-,-,21.66,0.88%,"85,864"
FOCL,189.27M,-,-,-,2.55,18.74,12.61,-,-8.58%,25.77%,-63.72%,16.35%,8.30%,5.05,-0.49%,"45,795"
FOCT,-,-,-,-,-,-,-,-,-,-,-,-,-,51.78,0.01%,"17,500"
FOF,375.05M,5.95,-,-,-,-,-,-,-,-,-,-,-,13.50,0.30%,"47,342"
FOFO,25.36M,-,-,-,84.55,23.08,26.70,-,-,-,-,-,-,3.35,-7.97%,"119,305"
FOMG,-,-,-,-,-,-,-,-,-,-,-,-,-,13.27,10.69%,961
FOPC,-,-,-,-,-,-,-,-,-,-,-,-,-,25.65,0.10%,"1,951"
FOR,1.59B,9.54,9.82,-,0.93,0.88,4.40,6.01,-10.51%,8.03%,21.07%,-,12.27%,31.25,1.03%,"118,147"
FORH,-,-,-,-,-,-,-,-,-,-,-,-,-,24.37,0.06%,624
FORM,11.60B,171.04,48.52,1.59,13.81,10.95,38.12,317.26,88.71%,24.96%,-6.93%,30.51%,2.51%,148.75,5.18%,"1,781,019"
FORR,140.54M,-,8.00,-,0.36,1.31,0.97,12.33,-34.05%,18.30%,-,-,-2.44%,7.24,-9.16%,"199,049"
FORTY,1.55B,2.56,-,-,0.53,1.08,1.31,-,-,-,-9.66%,-,6.34%,101.32,-3.04%,169
FOSL,246.45M,-,41.70,-,0.25,2.46,2.99,-,65.26%,130.30%,5.09%,-,-9.04%,4.17,3.47%,"1,013,325"
FOTO,-,-,-,-,-,-,-,-,-,-,-,-,-,23.34,1.66%,"749,553"
FOUR,3.47B,50.99,6.48,0.43,0.78,5.36,2.83,6.55,8.13%,20.83%,-,14.93%,40.37%,43.78,-1.00%,"2,034,249"
FOWF,-,-,-,-,-,-,-,-,-,-,-,-,-,32.97,0.02%,"2,494"
FOX,19.50B,11.72,7.72,1.44,1.20,1.70,5.42,9.13,5.49%,14.07%,24.80%,5.35%,5.79%,44.39,-2.16%,"1,825,180"
FOXA,19.56B,12.90,8.52,1.58,1.21,1.87,5.43,9.16,5.66%,13.58%,24.80%,5.39%,5.79%,48.86,-1.89%,"9,154,757"
FOXF,787.14M,-,10.60,-,0.53,1.19,14.60,65.60,34.59%,24.07%,-,-,10.50%,18.77,1.40%,"442,596"
FOXX,21.23M,-,-,-,0.36,-,6.65,-,-,-,-,-,-,3.02,1.52%,"20,896"
FOXY,-,-,-,-,-,-,-,-,-,-,-,-,-,29.61,-0.97%,"1,249,014"
FPA,-,-,-,-,-,-,-,-,-,-,-,-,-,53.41,0.58%,"3,729"
FPAA,-,-,-,-,-,-,-,-,-,-,-,-,-,24.72,0.32%,"2,202"
FPAG,-,-,-,-,-,-,-,-,-,-,-,-,-,39.79,0.51%,"34,244"
FPAS,-,-,-,-,-,-,-,-,-,-,-,-,-,24.74,0.06%,34
FPE,-,-,-,-,-,-,-,-,-,-,-,-,-,17.88,-0.61%,"1,252,362"
FPEI,-,-,-,-,-,-,-,-,-,-,-,-,-,19.25,-0.36%,"199,161"
FPF,1.10B,9.14,-,-,-,-,-,-,-,-,-,-,-,18.01,0.78%,"78,773"
FPFD,-,-,-,-,-,-,-,-,-,-,-,-,-,21.48,-0.16%,"24,059"
FPH,565.84M,8.43,-,-,5.12,0.44,1.70,148.12,-,-,-,-,-6.46%,5.13,-0.97%,"183,180"
FPI,418.73M,18.11,49.23,-,8.05,0.91,23.60,22.08,-69.67%,5.41%,-,-,0.58%,9.60,-1.23%,"470,826"
FPRO,-,-,-,-,-,-,-,-,-,-,-,-,-,25.06,0.00%,"1,639"
FPS,17.87B,-,-,-,-,40.02,190.45,-,-,-,-,-,-,58.70,-2.36%,"3,895,711"
FPSX,-,-,-,-,-,-,-,-,-,-,-,-,-,13.44,-3.92%,"6,037"
FPWR,-,-,-,-,-,-,-,-,-,-,-,-,-,37.79,0.54%,"3,384"
FPX,-,-,-,-,-,-,-,-,-,-,-,-,-,200.86,3.26%,"41,074"
FPXE,-,-,-,-,-,-,-,-,-,-,-,-,-,34.59,-1.12%,652
FPXI,-,-,-,-,-,-,-,-,-,-,-,-,-,84.15,2.99%,"84,511"
FQAL,-,-,-,-,-,-,-,-,-,-,-,-,-,79.60,-0.10%,"29,115"
FR,8.65B,24.46,33.35,29.00,11.62,3.04,232.87,37.04,28.19%,-21.03%,4.05%,1.15%,10.07%,63.14,-0.43%,"1,654,869"
FRA,385.18M,15.53,-,-,8.81,0.84,-,-,-,-,-,-,-,10.87,0.28%,"122,481"
FRAF,280.55M,11.69,9.64,-,2.08,1.57,-,12.00,23.02%,11.07%,10.10%,-,16.93%,62.44,0.84%,"21,416"
FRBA,429.55M,10.24,9.48,-,1.73,0.95,-,7.99,-9.96%,15.11%,12.34%,-,20.91%,17.09,-0.35%,"84,759"
FRBT,906.84M,-,-,-,-,1.09,-,-,-,-,-,-,-,18.25,1.11%,"30,917"
FRD,239.60M,12.34,-,-,0.37,1.58,73.72,173.62,-,-,11.15%,-,38.68%,33.71,-0.09%,"55,216"
FRDM,-,-,-,-,-,-,-,-,-,-,-,-,-,73.45,2.43%,"600,587"
FREI,-,-,-,-,-,-,-,-,-,-,-,-,-,25.01,-0.04%,177
FREL,-,-,-,-,-,-,-,-,-,-,-,-,-,29.53,0.20%,"283,887"
FRGN,-,-,-,-,-,-,-,-,-,-,-,-,-,31.46,1.29%,"7,645"
FRGT,2.28M,-,-,-,0.17,0.25,6.50,-,-,-,84.50%,-,104.45%,3.98,0.25%,"19,221"
FRHC,7.91B,51.44,-,-,3.80,5.31,3.95,-,-,-,0.60%,-,51.08%,129.06,-4.72%,"113,599"
FRI,-,-,-,-,-,-,-,-,-,-,-,-,-,31.84,0.02%,"44,504"
FRIZ,-,-,-,-,-,-,-,-,-,-,-,-,-,26.05,-0.28%,16
FRME,2.73B,12.78,9.48,-,2.60,1.02,-,9.74,-5.80%,25.22%,7.21%,-,13.48%,43.37,1.83%,"314,252"
FRMI,5.61B,-,11.52,-,-,5.17,23.06,-,105.63%,1205.48%,-,-,-,8.80,10.14%,"19,314,261"
FRMM,75.62M,-,9.54,-,8.04,0.63,1.15,-,87.05%,111.00%,53.41%,-,-,5.20,2.56%,"297,889"
FRNW,-,-,-,-,-,-,-,-,-,-,-,-,-,24.07,-0.25%,"90,314"
FRO,8.56B,9.46,10.50,0.63,3.80,3.01,18.16,14.47,367.96%,-53.96%,-4.20%,16.66%,10.27%,38.47,-5.53%,"3,985,043"
FROG,9.54B,-,70.46,3.48,16.94,10.33,12.86,63.04,16.19%,17.37%,-25.03%,20.23%,28.66%,78.80,2.79%,"2,168,056"
FRPH,468.91M,499.18,-,-,10.87,1.10,4.35,-,-,-,-23.35%,-,12.68%,24.46,-2.39%,"55,514"
FRPT,2.62B,14.30,28.99,-,2.31,2.08,6.88,56.06,-32.75%,3.70%,-,-8.87%,28.16%,53.38,1.21%,"976,940"
FRSH,2.64B,14.44,11.48,0.92,3.03,2.51,3.38,11.87,-5.42%,27.98%,-,12.53%,27.43%,9.17,-2.13%,"34,076,384"
FRST,390.16M,8.43,8.24,-,1.30,0.91,-,-,305.88%,20.80%,21.10%,-,18.93%,15.75,0.45%,"157,930"
FRSX,7.06M,-,-,-,17.66,0.43,1.12,-,6.19%,-,24.48%,-,-,1.71,-5.00%,"73,418"
FRT,10.83B,21.60,40.46,-,8.26,3.41,93.62,32.27,-20.06%,-17.71%,23.55%,-9.14%,9.55%,124.55,-0.06%,"665,372"
FRTT,-,-,-,-,-,-,-,-,-,-,-,-,-,1.26,-0.79%,"1,869,188"
FRTY,-,-,-,-,-,-,-,-,-,-,-,-,-,23.93,1.63%,"24,891"
FRVO,9.36B,-,-,-,-,-,33.33,-,-,-,-,-,-,31.76,-2.25%,"2,803,921"
FRWD,-,-,-,-,-,-,-,-,-,-,-,-,-,32.89,1.50%,"76,962"
FSBC,1.02B,15.13,12.05,-,3.82,2.22,-,13.63,22.69%,11.24%,6.57%,-,25.01%,47.69,0.91%,"139,353"
FSBW,316.60M,9.95,8.32,-,1.43,1.02,-,6.02,5.44%,13.41%,-0.90%,-,10.52%,42.70,-0.72%,"12,858"
FSCC,-,-,-,-,-,-,-,-,-,-,-,-,-,36.36,1.00%,"18,787"
FSCO,958.76M,6.24,-,-,-,-,-,-,-,-,-,-,-,4.74,0.00%,"655,321"
FSCS,-,-,-,-,-,-,-,-,-,-,-,-,-,36.61,0.15%,"8,004"
FSEA,79.35M,-,-,-,2.76,1.14,-,240.45,-,-,-,-,9.94%,16.91,-0.18%,"1,762"
FSEC,-,-,-,-,-,-,-,-,-,-,-,-,-,44.11,-0.05%,"385,553"
FSEG,-,-,-,-,-,-,-,-,-,-,-,-,-,27.95,0.97%,265
FSEP,-,-,-,-,-,-,-,-,-,-,-,-,-,54.55,0.04%,"27,194"
FSEV,-,-,-,-,-,-,-,-,-,-,-,-,-,26.52,0.81%,597
FSGS,-,-,-,-,-,-,-,-,-,-,-,-,-,31.10,-0.30%,534
FSHP,55.78M,54.84,-,-,-,1.85,-,-,-,-,-,-,-,11.10,-0.18%,276
FSI,81.33M,110.09,8.75,-,2.07,2.10,12.57,-,333.33%,180.77%,-24.88%,-,4.16%,6.39,-0.24%,"3,681"
FSIG,-,-,-,-,-,-,-,-,-,-,-,-,-,18.89,-0.32%,"291,058"
FSK,2.83B,-,6.50,-,3.17,0.54,21.31,16.38,-29.49%,-5.69%,-,-14.38%,51.03%,10.12,0.80%,"2,680,831"
FSLR,26.72B,16.06,10.33,0.38,4.93,2.70,11.01,16.02,24.54%,36.04%,30.65%,26.87%,14.00%,248.64,0.11%,"1,145,588"
FSLY,2.54B,-,41.14,0.77,3.89,2.59,7.68,81.62,150.13%,21.20%,2.21%,53.63%,16.49%,16.22,-1.01%,"2,864,637"
FSM,2.55B,7.81,5.09,0.10,2.34,1.46,3.70,6.94,119.78%,3.00%,51.01%,49.52%,27.90%,8.41,0.96%,"5,287,660"
FSMB,-,-,-,-,-,-,-,-,-,-,-,-,-,19.99,-0.20%,"112,891"
FSMD,-,-,-,-,-,-,-,-,-,-,-,-,-,52.57,1.80%,"133,188"
FSML,-,-,-,-,-,-,-,-,-,-,-,-,-,30.32,1.09%,"1,111"
FSOL,-,-,-,-,-,-,-,-,-,-,-,-,-,7.77,0.00%,"250,086"
FSP,56.62M,-,-,-,0.53,0.09,2.38,-,-,-,-,-,-14.76%,0.55,1.87%,"813,012"
FSS,7.75B,28.81,22.91,1.48,3.31,5.40,108.48,26.65,17.49%,11.53%,20.79%,15.51%,14.03%,126.97,4.35%,"795,112"
FSSL,831.30M,-,-,-,-,-,-,-,-,-,-,-,-,10.95,0.09%,"214,137"
FSTA,-,-,-,-,-,-,-,-,-,-,-,-,-,52.97,-0.82%,"106,156"
FSTB,-,-,-,-,-,-,-,-,-,-,-,-,-,20.03,0.02%,107
FSTR,466.88M,43.25,22.55,0.41,0.83,2.66,117.01,11.53,152.17%,13.79%,-15.93%,54.41%,1.66%,44.64,3.07%,"138,351"
FSUN,1.66B,11.08,7.99,-,2.80,0.89,-,25.34,2.11%,29.57%,6.12%,-,13.08%,37.62,-0.59%,"170,495"
FSV,6.25B,38.42,20.16,2.71,1.12,4.38,29.32,17.07,6.66%,10.03%,9.43%,7.44%,14.67%,136.01,0.31%,"278,345"
FSYD,-,-,-,-,-,-,-,-,-,-,-,-,-,48.88,0.16%,"42,497"
FSZ,-,-,-,-,-,-,-,-,-,-,-,-,-,82.01,0.06%,441
FT,202.06M,6.18,-,-,13.24,0.89,-,-,-,-,-,-,-,8.04,0.63%,"56,139"
FTA,-,-,-,-,-,-,-,-,-,-,-,-,-,97.02,0.15%,"17,765"
FTAG,-,-,-,-,-,-,-,-,-,-,-,-,-,28.80,1.87%,364
FTAI,27.53B,53.38,22.49,0.41,9.71,63.79,66.79,-,52.47%,70.16%,-,54.34%,46.65%,268.40,-1.37%,"658,660"
FTBD,-,-,-,-,-,-,-,-,-,-,-,-,-,49.51,0.06%,"11,561"
FTBI,-,-,-,-,-,-,-,-,-,-,-,-,-,21.63,-0.44%,"12,467"
FTC,-,-,-,-,-,-,-,-,-,-,-,-,-,191.26,1.81%,"33,131"
FTCA,-,-,-,-,-,-,-,-,-,-,-,-,-,7.43,0.27%,"113,430"
FTCB,-,-,-,-,-,-,-,-,-,-,-,-,-,20.92,-0.29%,"522,577"
FTCE,-,-,-,-,-,-,-,-,-,-,-,-,-,26.81,-0.04%,"74,526"
FTCI,72.99M,-,-,-,0.76,-,12.94,-,115.64%,-172.19%,-24.85%,65.95%,-11.86%,4.56,-8.43%,"147,096"
FTCS,-,-,-,-,-,-,-,-,-,-,-,-,-,93.28,-0.65%,"346,497"
FTDR,5.22B,21.19,14.78,1.28,2.46,22.78,8.63,13.55,11.00%,10.70%,21.18%,11.57%,7.26%,74.30,1.93%,"466,569"
FTDS,-,-,-,-,-,-,-,-,-,-,-,-,-,61.02,0.66%,"2,304"
FTEC,-,-,-,-,-,-,-,-,-,-,-,-,-,275.85,0.30%,"331,407"
FTEK,59.53M,-,-,-,2.26,1.55,2.76,-,-50.00%,58.33%,15.40%,-,3.42%,1.91,-1.04%,"290,974"
FTF,232.33M,13.69,-,-,7.06,0.87,-,-,-,-,-,-,-,5.75,0.70%,"308,950"
FTFT,3.87M,0.78,-,-,1.11,0.08,0.11,-,-,-,36.52%,-,59.70%,0.66,-2.51%,"74,641"
FTGC,-,-,-,-,-,-,-,-,-,-,-,-,-,27.03,1.01%,"1,210,998"
FTGS,-,-,-,-,-,-,-,-,-,-,-,-,-,36.34,-0.76%,"113,737"
FTH,635.96M,-,-,-,-,-,3.14,-,-691.77%,95.07%,-4.83%,29.95%,-,24.67,0.53%,"83,586"
FTHA,140.72M,-,-,-,-,-,-,-,-,-,-,-,-,9.91,-0.20%,50
FTHAU,144.70M,-,-,-,-,-,-,-,-,-,-,-,-,10.19,1.60%,12
FTHF,-,-,-,-,-,-,-,-,-,-,-,-,-,50.20,2.62%,"3,836"
FTHI,-,-,-,-,-,-,-,-,-,-,-,-,-,23.57,-0.97%,"1,123,001"
FTHM,36.50M,-,-,-,0.09,0.94,6.17,-,81.11%,-,-49.36%,-,18.92%,1.07,-8.55%,"872,435"
FTHY,500.85M,13.22,-,-,-,-,-,-,-,-,-,-,-,13.62,0.37%,"67,534"
FTI,26.72B,25.64,18.93,0.98,2.63,7.95,27.82,19.88,21.11%,19.31%,-,19.24%,8.49%,67.03,4.26%,"3,578,756"
FTIF,-,-,-,-,-,-,-,-,-,-,-,-,-,27.61,1.23%,"2,465"
FTK,791.20M,27.92,23.38,-,3.14,6.69,136.89,-,-34.75%,58.82%,-,-4.75%,34.88%,21.87,0.60%,"252,584"
FTKI,-,-,-,-,-,-,-,-,-,-,-,-,-,19.78,-0.79%,"11,555"
FTLF,112.04M,19.77,10.85,0.31,1.23,2.47,94.15,14.78,36.51%,27.91%,-8.21%,35.00%,29.80%,11.93,0.17%,"32,094"
FTLS,-,-,-,-,-,-,-,-,-,-,-,-,-,73.50,-0.57%,"93,657"
FTMA,-,-,-,-,-,-,-,-,-,-,-,-,-,9.09,-0.11%,"36,766"
FTMH,-,-,-,-,-,-,-,-,-,-,-,-,-,11.84,0.17%,"125,431"
FTMN,-,-,-,-,-,-,-,-,-,-,-,-,-,8.89,0.11%,"42,512"
FTMS,-,-,-,-,-,-,-,-,-,-,-,-,-,9.95,0.15%,"47,130"
FTMU,-,-,-,-,-,-,-,-,-,-,-,-,-,7.94,0.25%,"52,869"
FTNJ,-,-,-,-,-,-,-,-,-,-,-,-,-,8.82,0.06%,"164,755"
FTNT,109.85B,57.93,43.86,3.85,15.45,111.19,33.34,45.10,14.14%,8.52%,32.99%,11.38%,21.25%,149.93,3.20%,"6,543,675"
FTNY,-,-,-,-,-,-,-,-,-,-,-,-,-,7.97,0.38%,"237,681"
FTOH,-,-,-,-,-,-,-,-,-,-,-,-,-,8.48,0.18%,"17,336"
FTPA,-,-,-,-,-,-,-,-,-,-,-,-,-,8.75,0.12%,"26,447"
FTQI,-,-,-,-,-,-,-,-,-,-,-,-,-,21.71,-1.09%,"265,537"
FTRA-U,203.20M,-,-,-,-,40640.00,-,-,-,-,-,-,-,10.16,0.05%,"5,621"
FTRB,-,-,-,-,-,-,-,-,-,-,-,-,-,25.25,0.10%,"63,943"
FTRE,1.68B,-,17.53,0.40,0.62,3.19,11.36,8.80,85.44%,26.67%,-21.68%,43.48%,1.09%,17.71,4.05%,"1,918,157"
FTRI,-,-,-,-,-,-,-,-,-,-,-,-,-,15.86,0.40%,"49,008"
FTRK,9.97M,-,-,-,-,0.82,1.53,-,-,-,-,-,-,0.46,9.15%,"19,980"
FTS,29.41B,23.52,20.52,4.60,3.33,1.80,114.31,-,1.17%,7.20%,4.66%,4.46%,5.51%,57.76,1.07%,"536,490"
FTSD,-,-,-,-,-,-,-,-,-,-,-,-,-,90.33,-0.02%,"8,592"
FTSL,-,-,-,-,-,-,-,-,-,-,-,-,-,44.70,-0.52%,"136,875"
FTSM,-,-,-,-,-,-,-,-,-,-,-,-,-,59.90,0.01%,"812,790"
FTV,18.82B,36.96,19.18,2.18,3.97,3.10,52.85,19.38,10.39%,7.56%,-16.65%,8.80%,-2.14%,61.73,2.22%,"2,556,647"
FTW,355.76M,78.46,11.55,0.18,-,2.25,11.29,-,-5100.00%,152.50%,-,65.10%,-,12.13,0.33%,"54,349"
FTWO,-,-,-,-,-,-,-,-,-,-,-,-,-,43.63,0.88%,"3,134"
FTXG,-,-,-,-,-,-,-,-,-,-,-,-,-,22.33,-0.17%,"19,788"
FTXH,-,-,-,-,-,-,-,-,-,-,-,-,-,37.12,0.94%,"2,522"
FTXL,-,-,-,-,-,-,-,-,-,-,-,-,-,282.70,4.11%,"330,910"
FTXN,-,-,-,-,-,-,-,-,-,-,-,-,-,33.95,0.69%,"1,960,377"
FTXO,-,-,-,-,-,-,-,-,-,-,-,-,-,41.81,0.52%,"218,976"
FTXR,-,-,-,-,-,-,-,-,-,-,-,-,-,45.39,1.72%,"111,482"
FUBO,877.25M,1.87,-,-,0.54,0.29,3.69,6.33,-,-,19.08%,-,228.06%,8.09,-7.54%,"1,794,132"
FUFU,243.31M,-,20.86,-,0.52,2.12,6.45,-,112.75%,61.54%,-560.39%,-,-,1.46,-3.95%,"175,913"
FUL,3.38B,18.41,11.85,1.12,0.96,1.60,29.58,23.98,14.36%,7.81%,3.11%,10.54%,4.48%,61.95,-4.10%,"1,503,153"
FULC,240.55M,-,-,-,-,0.72,0.72,-,31.29%,12.83%,15.80%,18.03%,-,3.61,-3.99%,"3,101,655"
FULT,4.64B,11.58,10.31,1.42,2.46,1.31,-,11.42,-2.55%,16.21%,13.77%,7.24%,14.37%,24.28,1.72%,"1,496,654"
FUMB,-,-,-,-,-,-,-,-,-,-,-,-,-,20.05,-0.25%,"171,895"
FUN,2.30B,-,56.26,-,0.74,8.21,19.69,80.16,97.56%,203.29%,-8.74%,-,76.39%,22.47,-2.39%,"1,497,198"
FUNC,279.11M,11.10,9.20,-,2.30,1.36,-,12.66,9.20%,8.58%,13.81%,-,9.55%,43.29,-0.31%,"5,661"
FUND,285.05M,5.20,-,-,34.08,0.99,-,-,-,-,-,-,-,9.52,0.00%,"77,931"
FURY,98.85M,13.20,-,-,-,1.18,1.91,-,-89.16%,33.77%,26.90%,-,-,0.52,1.17%,"133,877"
FUSB,91.03M,15.79,-,-,1.43,0.88,-,8.25,-,-,19.84%,-,6.87%,16.35,0.17%,"3,372"
FUSD,-,-,-,-,-,-,-,-,-,-,-,-,-,25.03,0.06%,"3,343"
FUSE,29.81M,12.50,-,-,3.11,-,16.84,-,-,-,-148.83%,-,-,1.03,-1.90%,"28,069"
FUSI,-,-,-,-,-,-,-,-,-,-,-,-,-,50.60,0.03%,"1,857"
FUTG,-,-,-,-,-,-,-,-,-,-,-,-,-,3.56,-0.61%,"1,785,466"
FUTU,9.39B,10.78,8.28,0.83,3.05,2.62,3.19,-,-7.64%,25.43%,50.82%,9.95%,47.00%,98.12,-0.18%,"1,929,036"
FUTY,-,-,-,-,-,-,-,-,-,-,-,-,-,59.10,0.63%,"268,703"
FV,-,-,-,-,-,-,-,-,-,-,-,-,-,73.98,2.07%,"38,794"
FVAL,-,-,-,-,-,-,-,-,-,-,-,-,-,76.94,-0.09%,"47,311"
FVAV,364.99M,-,-,-,-,1.34,344.33,-,-,-,-,-,-,10.10,0.00%,0
FVC,-,-,-,-,-,-,-,-,-,-,-,-,-,42.68,2.17%,805
FVCB,311.16M,13.50,10.84,-,2.52,1.20,-,11.95,22.92%,8.14%,6.60%,-,11.76%,17.29,-0.69%,"139,867"
FVD,-,-,-,-,-,-,-,-,-,-,-,-,-,47.97,-0.27%,"417,953"
FVN,82.46M,288.39,-,-,-,9.14,9.09,-,-,-,-,-,-,10.93,0.00%,"660,590"
FVR,554.01M,-,-,-,8.02,1.06,59.63,13.47,88.50%,-4.55%,-,42.92%,-,19.70,-0.61%,"163,875"
FVRR,363.10M,12.92,5.02,-,0.85,0.86,1.31,3.52,-30.71%,-1.50%,-,-7.51%,17.86%,10.10,-4.54%,"705,347"
FWACU,-,-,-,-,-,-,-,-,-,-,-,-,-,10.00,-,"4,468,720"
FWD,-,-,-,-,-,-,-,-,-,-,-,-,-,144.83,2.60%,"173,214"
FWDI,264.37M,-,13.62,-,5.90,0.49,15.90,-,63.12%,102.87%,-67.73%,-,-12.01%,3.54,-3.41%,"1,113,857"
FWONA,22.46B,26.64,37.30,4.24,4.73,2.69,16.86,30.77,-19.92%,25.41%,-,8.79%,31.38%,82.96,0.40%,"133,478"
FWONK,22.48B,29.05,39.95,4.02,4.74,2.93,16.87,30.79,-19.16%,26.13%,-,9.93%,31.38%,90.45,0.47%,"2,337,466"
FWRD,451.92M,-,-,-,0.18,5.57,3.20,11.78,60.53%,69.42%,-,-,14.47%,14.29,6.72%,"584,034"
FWRG,752.07M,43.79,43.60,6.51,0.59,1.20,31.91,-,-44.52%,62.68%,-,6.70%,28.99%,12.20,0.99%,"1,039,604"
FXA,-,-,-,-,-,-,-,-,-,-,-,-,-,68.45,0.26%,"2,188"
FXACU,110.16M,-,-,-,-,-,-,-,-,-,-,-,-,10.04,0.00%,"200,950"
FXB,-,-,-,-,-,-,-,-,-,-,-,-,-,126.98,0.31%,"3,707"
FXC,-,-,-,-,-,-,-,-,-,-,-,-,-,68.89,0.28%,"20,138"
FXD,-,-,-,-,-,-,-,-,-,-,-,-,-,69.43,-0.64%,"5,995"
FXE,-,-,-,-,-,-,-,-,-,-,-,-,-,104.94,0.16%,"57,356"
FXED,-,-,-,-,-,-,-,-,-,-,-,-,-,17.42,0.32%,"3,904"
FXF,-,-,-,-,-,-,-,-,-,-,-,-,-,108.88,0.41%,"56,034"
FXG,-,-,-,-,-,-,-,-,-,-,-,-,-,62.23,-0.59%,"38,399"
FXH,-,-,-,-,-,-,-,-,-,-,-,-,-,120.45,1.43%,"40,804"
FXI,-,-,-,-,-,-,-,-,-,-,-,-,-,31.68,-2.10%,"44,057,075"
FXL,-,-,-,-,-,-,-,-,-,-,-,-,-,209.73,0.77%,"168,983"
FXN,-,-,-,-,-,-,-,-,-,-,-,-,-,20.42,0.69%,"5,010,419"
FXNC,269.97M,12.84,11.83,-,2.31,1.43,-,11.31,11.85%,6.49%,1.59%,-,23.19%,29.86,-0.30%,"55,881"
FXO,-,-,-,-,-,-,-,-,-,-,-,-,-,61.59,-0.61%,"30,840"
FXP,-,-,-,-,-,-,-,-,-,-,-,-,-,25.65,5.21%,"2,870"
FXR,-,-,-,-,-,-,-,-,-,-,-,-,-,90.19,1.54%,"21,524"
FXU,-,-,-,-,-,-,-,-,-,-,-,-,-,49.69,0.18%,"173,209"
FXY,-,-,-,-,-,-,-,-,-,-,-,-,-,56.69,-0.02%,"78,007"
FXZ,-,-,-,-,-,-,-,-,-,-,-,-,-,81.36,1.61%,"36,054"
FYC,-,-,-,-,-,-,-,-,-,-,-,-,-,122.01,0.85%,"39,029"
FYEE,-,-,-,-,-,-,-,-,-,-,-,-,-,28.48,-0.18%,"66,161"
FYLD,-,-,-,-,-,-,-,-,-,-,-,-,-,36.90,0.41%,"53,721"
FYT,-,-,-,-,-,-,-,-,-,-,-,-,-,68.77,-0.23%,"10,867"
FYX,-,-,-,-,-,-,-,-,-,-,-,-,-,140.86,0.47%,"14,291"
G,4.69B,8.51,6.18,0.52,0.91,1.89,5.05,7.01,11.61%,9.93%,14.71%,11.85%,6.51%,27.67,-3.01%,"2,255,581"
GAA,-,-,-,-,-,-,-,-,-,-,-,-,-,34.40,0.07%,"4,639"
GAB,1.76B,5.77,-,-,49.15,1.01,-,-,-,-,-,-,-,5.65,1.99%,"1,474,185"
GABC,1.76B,12.98,11.74,-,3.52,1.50,-,10.80,22.81%,6.07%,5.48%,-,16.34%,46.81,0.65%,"148,888"
GABF,-,-,-,-,-,-,-,-,-,-,-,-,-,43.36,-0.64%,"1,061"
GAEM,-,-,-,-,-,-,-,-,-,-,-,-,-,26.95,-0.65%,"7,436"
GAIA,57.46M,-,-,-,0.58,0.66,4.39,-,-76.39%,83.46%,-,-,8.17%,2.27,-3.81%,"367,126"
GAID,-,-,-,-,-,-,-,-,-,-,-,-,-,24.61,-1.09%,"6,002"
GAIN,593.35M,3.18,16.06,-,8.30,0.89,33.71,14.09,970.00%,6.61%,30.12%,-,1.24%,14.90,1.15%,"172,619"
GAL,-,-,-,-,-,-,-,-,-,-,-,-,-,52.43,-0.58%,"15,494"
GALT,278.58M,-,-,-,-,-,19.74,-,22.92%,10.81%,-3.21%,-,-,4.23,7.91%,"1,846,975"
GAM,1.68B,4.29,-,-,69.16,0.96,-,-,-,-,-,-,-,62.42,-0.02%,"50,877"
GAMB,75.81M,-,3.28,-,0.46,0.71,9.01,65.92,136.81%,92.18%,-,-,42.68%,2.16,-1.37%,"566,443"
GAME,36.42M,-,-,-,0.61,2.70,8.67,-,67.21%,100.00%,56.91%,-,33.67%,0.39,-0.59%,"1,016,357"
GAMR,-,-,-,-,-,-,-,-,-,-,-,-,-,85.93,-1.81%,"1,104"
GANX,73.37M,-,-,-,-,5.22,4.44,-,8.68%,-33.56%,-15.21%,-7.60%,-,1.72,-1.15%,"283,876"
GAP,7.28B,7.98,7.78,0.73,0.47,2.00,2.84,6.48,10.16%,10.73%,-,10.68%,2.17%,20.22,-3.35%,"5,587,234"
GAPR,-,-,-,-,-,-,-,-,-,-,-,-,-,41.38,0.14%,"18,738"
GARA,-,-,-,-,-,-,-,-,-,-,-,-,-,27.70,0.52%,4
GARP,-,-,-,-,-,-,-,-,-,-,-,-,-,79.73,0.94%,"244,053"
GARY,-,-,-,-,-,-,-,-,-,-,-,-,-,26.26,1.34%,"8,396"
GASS,301.21M,4.82,5.74,-,1.73,0.42,2.30,3.88,1.13%,-21.23%,39.30%,-,3.61%,8.10,-2.76%,"160,220"
GASZ,-,-,-,-,-,-,-,-,-,-,-,-,-,25.67,2.90%,"1,606"
GATX,6.45B,19.49,16.26,1.54,3.39,2.32,8.70,-,14.76%,11.23%,16.91%,10.56%,7.55%,181.65,1.23%,"300,604"
GAU,488.46M,17.38,1.97,0.03,0.91,1.92,4.25,9.14,137.68%,73.78%,-,60.87%,49.90%,1.87,4.47%,"5,990,273"
GAUD,-,-,-,-,-,-,-,-,-,-,-,-,-,25.01,0.00%,0
GAUG,-,-,-,-,-,-,-,-,-,-,-,-,-,41.16,0.05%,"4,271"
GAUZ,8.49M,-,-,-,0.09,0.48,6.24,-,-,-,-44.37%,-,116.17%,0.45,-1.48%,"143,117"
GAVA,-,-,-,-,-,-,-,-,-,-,-,-,-,14.75,-0.52%,"2,000"
GBAB,394.26M,14.42,-,-,-,-,-,-,-,-,-,-,-,14.28,0.35%,"108,447"
GBCI,6.61B,23.69,13.92,-,4.37,1.56,-,17.77,55.19%,18.19%,-6.61%,-,12.45%,50.80,0.93%,"1,393,003"
GBDC,3.23B,16.14,9.77,-,4.12,0.86,23.90,12.65,-11.96%,-7.61%,30.90%,-6.55%,20.18%,12.40,0.40%,"1,043,359"
GBF,-,-,-,-,-,-,-,-,-,-,-,-,-,104.04,0.06%,"2,177"
GBFH,433.96M,24.42,8.47,-,3.81,2.59,-,212.73,21.69%,75.25%,20.33%,-,30.69%,29.99,0.30%,"42,262"
GBHI,-,-,-,-,-,-,-,-,-,-,-,-,-,25.47,0.00%,0
GBIL,-,-,-,-,-,-,-,-,-,-,-,-,-,100.11,0.02%,"877,571"
GBLI,365.69M,10.85,7.96,-,0.81,0.52,-,-,38.02%,16.82%,-,-,-5.06%,25.03,1.45%,"23,138"
GBND,-,-,-,-,-,-,-,-,-,-,-,-,-,50.72,0.13%,"49,673"
GBR,3.60M,-,-,-,22.52,0.81,11.26,-,-,-,26.96%,-,8.94%,0.70,-2.08%,"131,636"
GBTC,-,-,-,-,-,-,-,-,-,-,-,-,-,45.90,-1.10%,"2,953,967"
GBTG,4.90B,58.98,22.86,0.67,1.67,3.05,11.08,188.33,-19.29%,131.35%,-,34.03%,-,9.39,0.11%,"2,385,924"
GBUG,-,-,-,-,-,-,-,-,-,-,-,-,-,38.58,2.23%,"34,278"
GBX,1.54B,10.68,12.63,-,0.53,0.99,2.74,6.87,-52.71%,26.74%,34.10%,-8.49%,2.98%,49.90,0.04%,"276,114"
GCAD,-,-,-,-,-,-,-,-,-,-,-,-,-,55.19,1.10%,"7,172"
GCAL,-,-,-,-,-,-,-,-,-,-,-,-,-,51.10,-0.02%,"9,530"
GCBC,518.43M,13.29,-,-,3.62,1.94,-,14.27,-,-,10.75%,-,16.49%,30.45,2.04%,"64,053"
GCC,-,-,-,-,-,-,-,-,-,-,-,-,-,22.70,1.84%,"29,042"
GCDT,-,-,-,-,-,-,-,-,-,-,-,-,-,0.58,0.78%,"127,393"
GCGR,463.29M,-,-,-,-,-,-,-,-,-,-,-,-,10.03,0.30%,"103,275"
GCGRU,471.60M,-,-,-,-,-,-,-,-,-,-,-,-,10.21,-0.78%,"5,557"
GCL,55.40M,-,-,-,0.39,1.60,2.80,-,-,-,-,-,-,0.43,3.05%,"26,313"
GCMG,2.48B,27.22,11.65,-,4.50,28.55,15.06,12.97,2.65%,21.98%,-,-,4.84%,12.25,-0.08%,"408,025"
GCO,385.86M,20.15,12.14,0.39,0.16,0.70,14.23,4.52,55.17%,27.22%,-,31.00%,6.40%,34.74,-1.64%,"155,417"
GCOR,-,-,-,-,-,-,-,-,-,-,-,-,-,41.26,0.06%,"28,676"
GCOW,-,-,-,-,-,-,-,-,-,-,-,-,-,43.45,0.53%,"234,032"
GCSH,-,-,-,-,-,-,-,-,-,-,-,-,-,50.15,0.06%,207
GCT,1.17B,7.99,7.28,-,0.85,2.28,3.21,7.68,14.28%,6.20%,61.67%,-,36.17%,31.73,-4.91%,"661,267"
GCTK,2.07M,-,-,-,-,-,0.53,-,-,-,50.71%,-,-,0.33,-5.43%,"218,441"
GCTS,224.68M,-,-,-,52.37,-,31.29,-,54.47%,90.62%,-,-,-,2.47,-5.00%,"2,337,087"
GCV,93.69M,4.60,-,-,47.06,1.12,-,-,-,-,-,-,-,4.65,-0.64%,"71,833"
GD,93.22B,21.67,18.91,2.27,1.73,3.57,25.51,15.03,8.06%,9.15%,7.04%,8.35%,6.74%,344.70,0.11%,"1,219,159"
GDC,0.83M,-,-,-,-,0.00,41.54,-,-,-,-6.40%,-,-,0.01,-36.57%,"870,964,103"
GDDY,10.51B,12.55,8.85,0.43,2.09,44.36,8.33,6.40,14.36%,26.08%,-,20.71%,8.35%,79.35,-2.43%,"2,857,986"
GDE,-,-,-,-,-,-,-,-,-,-,-,-,-,59.90,0.60%,"189,895"
GDEC,-,-,-,-,-,-,-,-,-,-,-,-,-,39.48,-0.09%,"7,151"
GDEV,229.11M,3.21,2.42,-,0.56,-,2.12,7.19,20.55%,18.41%,-,-,9.16%,12.62,0.10%,504
GDHG,24.24M,-,-,-,1.59,0.02,0.28,1.28,-,-,-,-,-11.29%,1.21,-6.92%,"24,269"
GDIV,-,-,-,-,-,-,-,-,-,-,-,-,-,18.42,-0.14%,"27,971"
GDL,92.45M,12.09,-,-,-,-,-,-,-,-,-,-,-,8.46,0.00%,"2,546"
GDLC,-,-,-,-,-,-,-,-,-,-,-,-,-,26.47,-1.16%,"36,025"
GDMA,-,-,-,-,-,-,-,-,-,-,-,-,-,43.15,2.27%,"6,726"
GDMN,-,-,-,-,-,-,-,-,-,-,-,-,-,72.80,2.18%,"51,069"
GDO,80.08M,8.73,-,-,-,-,-,-,-,-,-,-,-,10.65,0.38%,"17,010"
GDOC,-,-,-,-,-,-,-,-,-,-,-,-,-,35.23,1.72%,182
GDOG,-,-,-,-,-,-,-,-,-,-,-,-,-,8.58,-1.06%,"129,952"
GDOT,759.51M,-,8.02,-,0.35,0.81,0.46,14.40,17.49%,0.80%,-,-,10.66%,13.40,-1.03%,"417,493"
GDRX,911.03M,45.98,7.52,1.11,1.16,1.46,3.87,5.49,-11.70%,15.77%,-,6.78%,7.67%,2.69,-2.54%,"745,641"
GDS,5.72B,19.80,136.51,2.28,3.36,1.47,2.66,-,906.59%,-73.65%,-,59.85%,13.85%,29.33,-6.17%,"3,204,077"
GDT,-,-,-,-,-,-,-,-,-,-,-,-,-,33.58,0.16%,"2,717"
GDTC,11.71M,-,-,-,46.84,2.30,7.18,-,-,-,-226.97%,-,-,0.99,0.00%,"2,745"
GDV,2.56B,6.00,-,-,40.45,0.94,-,-,-,-,-,-,-,29.02,0.83%,"71,190"
GDX,-,-,-,-,-,-,-,-,-,-,-,-,-,75.67,1.45%,"30,742,004"
GDXD,-,-,-,-,-,-,-,-,-,-,-,-,-,50.55,-4.80%,"526,287"
GDXJ,-,-,-,-,-,-,-,-,-,-,-,-,-,97.90,1.89%,"5,803,214"
GDXU,-,-,-,-,-,-,-,-,-,-,-,-,-,86.64,4.85%,"2,446,484"
GDXW,-,-,-,-,-,-,-,-,-,-,-,-,-,37.07,2.15%,"35,423"
GDXY,-,-,-,-,-,-,-,-,-,-,-,-,-,10.09,0.60%,"807,539"
GDYN,435.69M,85.55,9.72,0.55,1.05,0.82,1.33,18.60,12.08%,19.55%,-,17.57%,29.91%,5.21,-3.70%,"2,641,670"
GE,387.45B,45.77,43.16,2.77,8.02,21.46,35.28,51.97,18.55%,13.94%,69.37%,15.59%,-9.57%,371.36,1.50%,"7,265,409"
GECC,78.21M,-,5.52,-,1.78,0.73,8.15,6.99,-20.77%,-9.33%,29.14%,-,30.15%,5.63,1.26%,"65,364"
GEF,3.79B,23.40,16.51,0.52,0.97,1.44,13.23,-,94.00%,15.94%,-,32.00%,-1.01%,74.25,2.16%,"172,447"
GEG,70.55M,-,-,-,3.09,1.69,0.84,6.16,-,-,-,-,-22.67%,2.25,-9.64%,"2,243"
GEHC,29.54B,15.55,12.02,1.27,1.41,2.77,12.93,19.45,6.34%,10.73%,0.61%,9.47%,3.74%,64.94,0.09%,"4,398,548"
GEL,1.72B,-,46.73,-,1.02,-,407.83,8.57,108.22%,400.00%,30.22%,-,-2.23%,14.02,1.08%,"262,498"
GELS,6.43M,-,-,-,58.43,0.58,27.94,-,-,-,-,-,-,0.60,-13.03%,"158,765"
GEM,-,-,-,-,-,-,-,-,-,-,-,-,-,51.82,1.51%,"66,449"
GEMD,-,-,-,-,-,-,-,-,-,-,-,-,-,42.54,0.02%,"1,777"
GEME,-,-,-,-,-,-,-,-,-,-,-,-,-,43.26,1.12%,"16,053"
GEMG,-,-,-,-,-,-,-,-,-,-,-,-,-,7.21,-12.76%,"26,505"
GEMI,466.42M,-,-,-,2.59,1.01,0.79,-,58.30%,26.17%,-,35.46%,-,3.91,-6.46%,"1,647,117"
GEN,14.04B,14.73,7.07,0.55,2.81,5.34,34.17,9.22,13.62%,13.41%,11.23%,12.92%,14.41%,23.31,-1.06%,"3,716,814"
GENB,2.10B,-,-,-,-,4.09,4.07,-,50.83%,4.03%,-,27.56%,-,16.42,1.17%,"843,347"
GENC,216.93M,16.64,15.42,3.95,2.10,0.99,1.40,21.16,-25.23%,20.00%,23.25%,3.90%,8.32%,14.80,-0.87%,"31,254"
GEND,-,-,-,-,-,-,-,-,-,-,-,-,-,12.86,1.07%,533
GENI,1.46B,-,12.48,-,2.04,2.02,7.37,50.64,93.40%,1601.51%,13.19%,-,34.92%,5.44,-3.89%,"4,292,453"
GENK,66.92M,-,-,-,0.32,0.81,15.11,-,-250.00%,46.03%,-14.94%,-,27.67%,2.03,-2.40%,"35,370"
GENM,-,-,-,-,-,-,-,-,-,-,-,-,-,10.29,-0.05%,"11,539"
GENT,-,-,-,-,-,-,-,-,-,-,-,-,-,10.28,0.15%,"7,191"
GENW,-,-,-,-,-,-,-,-,-,-,-,-,-,14.91,0.50%,329
GENZ,-,-,-,-,-,-,-,-,-,-,-,-,-,35.50,-2.07%,814
GEO,3.92B,14.91,17.56,-,1.43,2.62,48.85,-,42.73%,36.05%,14.08%,-,2.29%,29.33,-0.17%,"1,278,385"
GEOA,-,-,-,-,-,-,-,-,-,-,-,-,-,35.83,0.62%,2
GEOS,84.99M,-,-,-,0.84,0.81,6.36,-,-,-,11.78%,-,4.76%,6.57,-1.94%,"330,454"
GEQ,-,-,-,-,-,-,-,-,-,-,-,-,-,50.30,0.24%,"56,906"
GERN,878.89M,-,21.08,-,4.48,3.83,2.80,-,82.05%,378.58%,14.78%,-,273.49%,1.37,-1.08%,"9,531,976"
GETY,414.39M,-,19.02,-,0.42,0.77,0.56,6.43,104.60%,126.05%,-5.24%,-,-,0.99,5.22%,"9,469,837"
GEV,291.69B,31.63,44.38,1.80,7.41,20.95,28.68,38.76,61.90%,-14.60%,-,24.66%,-,1085.47,2.63%,"2,728,543"
GEVG,-,-,-,-,-,-,-,-,-,-,-,-,-,31.55,5.53%,"60,973"
GEVO,340.78M,-,-,-,1.95,0.76,4.32,-,-14.11%,46.97%,27.19%,-,96.11%,1.40,-2.10%,"2,590,810"
GEVX,-,-,-,-,-,-,-,-,-,-,-,-,-,24.69,5.42%,"301,081"
GEW,-,-,-,-,-,-,-,-,-,-,-,-,-,54.34,0.35%,"1,009"
GF,189.09M,3.40,-,-,51.00,0.92,-,-,-,-,-,-,-,11.65,1.39%,"24,492"
GFAI,11.44M,-,-,-,0.32,0.19,0.46,-,-,-,57.45%,-,-1.32%,0.37,-7.25%,"222,865"
GFEB,-,-,-,-,-,-,-,-,-,-,-,-,-,43.71,-0.02%,"11,509"
GFF,4.40B,153.94,16.67,5.59,1.87,46.83,40.12,15.86,-7.96%,10.66%,17.86%,2.98%,4.05%,95.92,1.12%,"243,361"
GFGF,-,-,-,-,-,-,-,-,-,-,-,-,-,34.36,-1.16%,15
GFI,29.37B,8.30,5.74,0.31,3.35,3.48,16.51,9.41,86.53%,2.15%,37.26%,18.27%,17.73%,32.82,2.95%,"3,320,471"
GFL,13.55B,87.84,52.03,1.89,2.80,2.60,13.17,66.57,2.10%,34.55%,-,27.59%,8.64%,37.78,1.42%,"4,672,880"
GFLW,-,-,-,-,-,-,-,-,-,-,-,-,-,33.19,1.54%,"117,975"
GFR,708.67M,-,-,-,1.78,0.90,1817.09,-,-,-,-,-,-,5.65,3.67%,"381,094"
GFS,47.25B,61.87,34.95,1.47,6.91,4.04,15.74,44.00,10.05%,30.16%,-,23.80%,6.96%,86.12,2.89%,"2,595,941"
GFSG,-,-,-,-,-,-,-,-,-,-,-,-,-,13.65,5.17%,"10,917"
GGAL,6.55B,91.05,6.77,0.06,0.65,1.28,-,-,277.61%,70.68%,-17.81%,111.90%,19.98%,49.42,0.65%,"511,245"
GGB,5.15B,27.79,7.42,0.12,0.40,0.80,4.81,12.57,293.10%,5.94%,-10.35%,63.16%,8.04%,4.14,1.22%,"16,645,571"
GGG,12.60B,24.77,22.36,2.71,5.61,4.60,17.70,19.97,6.01%,8.62%,9.93%,8.26%,6.27%,75.94,1.25%,"1,921,292"
GGLL,-,-,-,-,-,-,-,-,-,-,-,-,-,105.48,-1.11%,"1,582,616"
GGLS,-,-,-,-,-,-,-,-,-,-,-,-,-,5.96,0.34%,"15,155,769"
GGM,-,-,-,-,-,-,-,-,-,-,-,-,-,29.83,0.22%,62
GGME,-,-,-,-,-,-,-,-,-,-,-,-,-,58.00,-1.01%,"2,045"
GGN,749.88M,2.39,-,-,32.64,0.87,-,-,-,-,-,-,-,4.80,1.05%,"591,947"
GGOV,-,-,-,-,-,-,-,-,-,-,-,-,-,50.28,0.07%,"440,604"
GGR,58.65M,-,-,-,0.21,0.68,0.76,-,-,-,7.06%,-,-5.02%,3.97,-0.75%,"13,666"
GGRP,16.49M,-,-,-,2.41,5.92,7.67,-,-,-,23.16%,-,40.18%,0.76,-3.01%,"74,533"
GGRW,-,-,-,-,-,-,-,-,-,-,-,-,-,36.67,0.47%,556
GGT,169.33M,3.24,-,-,37.93,1.07,-,-,-,-,-,-,-,4.05,-0.74%,"156,900"
GGTL,-,-,-,-,-,-,-,-,-,-,-,-,-,39.89,1.40%,"1,110"
GGUS,-,-,-,-,-,-,-,-,-,-,-,-,-,64.75,-1.05%,"17,661"
GGZ,123.16M,5.43,-,-,-,-,-,-,-,-,-,-,-,16.12,0.81%,"3,793"
GH,18.95B,-,-,-,17.55,-,17.19,-,13.24%,35.07%,-4.99%,60.65%,27.92%,142.94,4.37%,"2,543,831"
GHC,4.90B,16.83,16.98,1.30,0.98,1.04,4.18,17.15,3.81%,-2.90%,2.72%,13.04%,11.20%,1137.67,-3.00%,"25,196"
GHG,74.73M,-,-,-,-,0.51,0.31,-,-,-,-8.99%,-,2.53%,1.13,-0.54%,"1,663"
GHI,133.32M,-,9.24,-,1.64,0.51,4.11,-,37.80%,-45.13%,-,-,8.37%,5.73,-2.22%,"48,343"
GHM,1.44B,109.24,55.53,1.63,5.85,9.69,218.24,-,46.43%,34.88%,36.32%,34.09%,20.27%,122.83,6.51%,"321,378"
GHRS,1.74B,-,-,-,-,5.97,6.50,-,-77.06%,-42.63%,-162.03%,-,-,25.34,3.01%,"171,034"
GHTA,-,-,-,-,-,-,-,-,-,-,-,-,-,30.53,0.43%,"1,499"
GHXIU,361.32M,-,-,-,-,-,-,-,-,-,-,-,-,10.07,0.30%,"801,916"
GHY,484.98M,9.47,-,-,-,-,-,-,-,-,-,-,-,11.84,1.28%,"164,378"
GHYB,-,-,-,-,-,-,-,-,-,-,-,-,-,44.80,0.04%,"29,214"
GHYG,-,-,-,-,-,-,-,-,-,-,-,-,-,45.09,0.11%,"7,765"
GIAX,-,-,-,-,-,-,-,-,-,-,-,-,-,17.04,0.53%,"160,313"
GIB,13.03B,11.23,8.78,0.96,1.10,1.83,25.40,7.48,10.93%,8.76%,10.93%,9.13%,4.71%,62.24,-1.35%,"643,422"
GIBO,81.40M,-,-,-,-,-,203.50,-,-,-,-,-,-,1.25,0.00%,"51,491"
GIC,1.31B,18.08,15.50,2.20,0.93,4.11,21.29,17.04,2.97%,16.27%,1.62%,7.06%,6.03%,34.34,2.85%,"87,389"
GIEQ,-,-,-,-,-,-,-,-,-,-,-,-,-,41.06,0.82%,3
GIFT,32.03M,-,-,-,0.39,1.49,7.66,-,37.14%,18.18%,10.45%,-,99.31%,0.94,-1.65%,"57,809"
GIGB,-,-,-,-,-,-,-,-,-,-,-,-,-,46.04,0.07%,"72,585"
GIGL,-,-,-,-,-,-,-,-,-,-,-,-,-,50.72,0.06%,"37,486"
GIGM,15.25M,-,-,-,4.53,0.42,0.47,-,-,-,-3.74%,-,-12.76%,1.38,-0.38%,437
GII,-,-,-,-,-,-,-,-,-,-,-,-,-,76.66,1.03%,"31,508"
GIII,1.41B,11.82,13.51,-,0.48,0.77,3.57,8.39,-14.81%,11.09%,25.68%,-,7.55%,33.38,-2.97%,"735,818"
GIL,9.90B,31.19,9.97,0.47,2.43,2.91,41.78,30.38,22.25%,24.97%,-,21.01%,12.78%,53.48,-1.11%,"1,592,050"
GILD,153.76B,16.85,12.74,1.39,5.16,6.54,15.66,15.03,-109.77%,1320.57%,133.64%,9.17%,3.63%,123.84,-1.05%,"7,248,015"
GILT,895.63M,23.45,15.65,1.73,1.91,1.64,5.24,283.43,-7.29%,27.53%,-11.49%,9.05%,22.14%,11.84,-1.99%,"831,451"
GIND,-,-,-,-,-,-,-,-,-,-,-,-,-,24.33,-0.32%,"1,187"
GINN,-,-,-,-,-,-,-,-,-,-,-,-,-,76.42,-0.22%,"2,473"
GINX,-,-,-,-,-,-,-,-,-,-,-,-,-,34.86,0.54%,"8,250"
GIPR,1.47M,-,-,-,0.15,-,4.59,2.33,-27.27%,-,-16.58%,-,23.00%,0.18,-2.76%,"2,653,942"
GIS,18.89B,8.70,11.31,-,1.03,2.02,24.05,11.45,-19.14%,-8.05%,2.88%,-8.31%,2.03%,35.40,1.72%,"8,381,322"
GISC,-,-,-,-,-,-,-,-,-,-,-,-,-,50.24,0.06%,301
GITS,7.86M,-,-,-,-,2.66,-,-,-,-,16.97%,-,-,2.14,-10.08%,"268,859"
GIW,367.63M,-,-,-,-,1.42,350.13,-,-,-,-,-,-,10.08,0.10%,"329,257"
GIX,363.65M,-,-,-,-,1.42,195.51,-,-,-,-,-,-,9.95,0.10%,"80,423"
GJAN,-,-,-,-,-,-,-,-,-,-,-,-,-,44.66,0.07%,"4,332"
GJUL,-,-,-,-,-,-,-,-,-,-,-,-,-,43.35,0.13%,"9,250"
GJUN,-,-,-,-,-,-,-,-,-,-,-,-,-,40.82,0.00%,"55,685"
GK,-,-,-,-,-,-,-,-,-,-,-,-,-,29.03,1.00%,"1,592"
GKAT,-,-,-,-,-,-,-,-,-,-,-,-,-,43.24,0.68%,"2,877"
GKOS,8.37B,-,321.25,-,15.19,12.40,30.26,-,42.89%,186.35%,-3.95%,-,17.67%,142.57,3.49%,"787,732"
GL,13.70B,12.19,10.62,1.34,2.26,2.26,-,11.14,7.70%,6.17%,15.57%,7.93%,4.82%,176.40,0.43%,"848,875"
GLAD,423.40M,10.72,9.49,-,4.93,0.88,124.90,8.23,-1.49%,-0.80%,-,-,29.94%,18.74,0.97%,"159,156"
GLAM,-,-,-,-,-,-,-,-,-,-,-,-,-,27.03,0.44%,433
GLBE,5.82B,51.56,22.35,0.29,5.68,6.38,10.53,19.56,190.80%,35.41%,62.44%,76.98%,47.81%,34.33,0.82%,"2,495,889"
GLBL,-,-,-,-,-,-,-,-,-,-,-,-,-,27.31,0.02%,4
GLBS,63.67M,82.87,36.88,-,1.33,0.36,2.27,34.60,462.50%,-72.41%,65.82%,-,30.34%,2.95,-6.65%,"196,307"
GLCR,-,-,-,-,-,-,-,-,-,-,-,-,-,23.21,0.20%,53
GLD,-,-,-,-,-,-,-,-,-,-,-,-,-,369.46,0.97%,"9,083,864"
GLDB,-,-,-,-,-,-,-,-,-,-,-,-,-,18.84,0.40%,"4,556"
GLDG,190.89M,-,-,-,-,1.08,4.83,-,-81.66%,15.44%,3.09%,-,-,0.89,1.59%,"857,956"
GLDI,-,-,-,-,-,-,-,-,-,-,-,-,-,140.50,0.96%,"41,611"
GLDM,-,-,-,-,-,-,-,-,-,-,-,-,-,79.66,0.98%,"4,656,127"
GLDN,-,-,-,-,-,-,-,-,-,-,-,-,-,14.44,1.27%,"3,194"
GLDW,-,-,-,-,-,-,-,-,-,-,-,-,-,41.25,1.24%,"19,991"
GLDY,-,-,-,-,-,-,-,-,-,-,-,-,-,12.58,0.49%,"24,994"
GLE,7.70M,-,-,-,5.46,1.03,3.33,-,-,-,-,-,18.23%,0.42,-11.21%,"341,176"
GLED,158.95M,-,-,-,-,138.52,162.19,-,-,-,-,-,-,9.95,0.00%,500
GLGG,-,-,-,-,-,-,-,-,-,-,-,-,-,8.32,-1.35%,"38,530"
GLIBA,802.65M,-,5.16,-,0.77,0.48,1.85,8.92,133.70%,17.86%,-,-,113.07%,20.42,-0.49%,"134,915"
GLIBK,794.97M,-,-,-,0.77,0.46,1.83,8.83,-,-,-,-,113.07%,19.86,-1.44%,"920,151"
GLIN,-,-,-,-,-,-,-,-,-,-,-,-,-,46.15,-1.05%,"10,021"
GLIX,-,-,-,-,-,-,-,-,-,-,-,-,-,27.90,0.49%,"4,481"
GLL,-,-,-,-,-,-,-,-,-,-,-,-,-,26.85,-1.83%,"1,881,233"
GLMD,4.40M,-,-,-,-,0.24,0.24,-,34.73%,42.31%,60.33%,31.74%,-,0.57,-2.38%,"109,779"
GLND,111.07M,39.08,-,-,-,20.45,35.49,-,-,-,-,-,-,2.54,-5.93%,"1,074,323"
GLNG,5.08B,77.21,90.53,2.17,10.85,2.67,4.97,-,-36.96%,-42.68%,-,41.75%,-2.15%,50.05,0.44%,"1,586,913"
GLNK,-,-,-,-,-,-,-,-,-,-,-,-,-,6.35,-0.94%,"195,550"
GLO,255.74M,5.34,-,-,32.83,0.91,-,-,-,-,-,-,-,5.98,0.34%,"164,235"
GLOB,1.20B,11.31,4.17,0.75,0.49,0.55,5.97,3.95,1.58%,6.65%,10.58%,5.55%,24.70%,27.73,-4.77%,"2,259,019"
GLOF,-,-,-,-,-,-,-,-,-,-,-,-,-,58.05,0.31%,"16,363"
GLOO,379.28M,-,-,-,3.06,2.78,11.41,-,92.56%,92.83%,-,-,-,4.21,-7.06%,"112,120"
GLOW,-,-,-,-,-,-,-,-,-,-,-,-,-,34.13,0.64%,"2,388"
GLP,1.57B,12.84,12.45,0.46,0.08,2.47,85.46,10.36,123.22%,-21.23%,-5.13%,26.98%,17.40%,46.18,4.76%,"334,913"
GLPI,12.76B,14.28,13.54,2.47,7.88,2.75,46.49,17.15,9.10%,3.41%,5.05%,5.48%,6.70%,45.06,-0.68%,"1,574,849"
GLQ,157.59M,4.52,-,-,49.23,0.94,-,-,-,-,-,-,-,8.41,0.48%,"89,487"
GLRE,533.32M,6.83,10.70,-,0.78,0.73,-,2.25,-17.00%,-16.52%,83.31%,-,8.99%,16.08,-2.66%,"218,417"
GLRY,-,-,-,-,-,-,-,-,-,-,-,-,-,42.60,0.92%,"14,530"
GLSI,269.05M,-,-,-,-,51.01,25.60,-,-10.20%,-,-57.71%,-,-,18.33,-14.84%,"442,214"
GLTR,-,-,-,-,-,-,-,-,-,-,-,-,-,180.19,1.12%,"120,224"
GLU,113.97M,3.80,-,-,28.74,1.03,-,-,-,-,-,-,-,19.02,0.18%,"7,514"
GLUE,1.83B,-,-,-,42.60,3.50,2.75,-,-260.08%,-10.86%,10.62%,-,-,21.66,3.88%,"1,768,469"
GLV,80.29M,6.34,-,-,23.96,0.94,-,-,-,-,-,-,-,6.47,-0.46%,"75,735"
GLW,196.23B,109.44,54.19,1.71,12.02,17.51,110.31,130.82,26.50%,31.98%,27.86%,31.68%,6.68%,228.01,10.78%,"25,185,497"
GLWG,-,-,-,-,-,-,-,-,-,-,-,-,-,37.06,21.99%,"3,397,367"
GLXG,3.38M,-,-,-,7.50,5.73,6.14,-,-,-,-,-,-,1.34,2.29%,"96,557"
GLXU,-,-,-,-,-,-,-,-,-,-,-,-,-,9.73,-2.21%,"738,435"
GLXY,11.02B,-,104.92,-,0.19,2.99,7.18,-,50.58%,189.35%,-,-,-,28.26,-1.12%,"8,516,709"
GM,70.81B,31.68,5.51,0.43,0.38,1.13,2.51,-,20.70%,11.35%,-5.48%,12.78%,8.60%,78.53,-0.53%,"8,282,030"
GMAB,15.55B,19.71,15.37,0.84,3.98,2.82,10.22,17.77,-25.97%,49.42%,6.84%,18.21%,19.27%,26.14,1.06%,"1,279,854"
GMAR,-,-,-,-,-,-,-,-,-,-,-,-,-,43.97,0.07%,"8,818"
GMAY,-,-,-,-,-,-,-,-,-,-,-,-,-,42.68,-0.05%,"36,648"
GME,9.43B,16.01,17.36,-,2.53,1.61,1.13,12.73,-7.63%,11.01%,-,-,-6.54%,21.01,-2.01%,"3,799,471"
GMED,11.48B,19.71,16.45,1.30,3.70,2.43,18.23,18.82,19.17%,8.47%,31.11%,12.65%,30.08%,84.65,3.08%,"2,060,598"
GMEU,-,-,-,-,-,-,-,-,-,-,-,-,-,7.56,-4.67%,"333,010"
GMEX,0.62M,-,-,-,0.18,0.01,0.11,-,-,-,-,-,-10.85%,0.58,-7.77%,"505,794"
GMEY,-,-,-,-,-,-,-,-,-,-,-,-,-,27.98,-2.22%,"2,631"
GMF,-,-,-,-,-,-,-,-,-,-,-,-,-,153.91,-0.40%,"5,283"
GMHS,57.90M,10.77,-,-,0.52,1.54,2.84,-,-,-,-,-,-,1.01,2.85%,"477,360"
GMM,5.50M,1.18,-,-,0.10,0.03,1.31,0.25,-,-,-30.65%,-,61.81%,2.82,-3.75%,"86,105"
GMMA,-,-,-,-,-,-,-,-,-,-,-,-,-,21.35,0.01%,104
GMMF,-,-,-,-,-,-,-,-,-,-,-,-,-,100.26,0.00%,"35,033"
GMNY,-,-,-,-,-,-,-,-,-,-,-,-,-,50.30,-0.03%,"2,596"
GMOC,-,-,-,-,-,-,-,-,-,-,-,-,-,50.17,-0.02%,108
GMOD,-,-,-,-,-,-,-,-,-,-,-,-,-,27.39,0.28%,"29,124"
GMOI,-,-,-,-,-,-,-,-,-,-,-,-,-,37.49,0.67%,"34,074"
GMOM,-,-,-,-,-,-,-,-,-,-,-,-,-,35.31,0.61%,"10,909"
GMOV,-,-,-,-,-,-,-,-,-,-,-,-,-,29.87,-0.07%,"19,710"
GMRS,791.27M,-,-,-,-,15.37,1.58,-,-,-,-,-,-,14.65,7.80%,"849,773"
GMTL,575.83M,-,-,-,-,6.30,10.49,-,-136.67%,2.82%,-,-,-,14.78,0.54%,"127,323"
GMUB,-,-,-,-,-,-,-,-,-,-,-,-,-,51.46,0.12%,"24,782"
GNE,373.61M,22.52,15.55,-,0.74,1.48,1.79,21.75,-28.89%,42.19%,15.75%,-2.66%,7.06%,14.15,-3.28%,"70,896"
GNK,1.02B,62.15,13.58,-,2.65,1.15,18.66,-,5631.39%,-21.96%,54.88%,-,-0.77%,23.45,-2.94%,"252,905"
GNL,1.91B,-,-,-,4.05,1.23,13.92,12.54,85.95%,64.71%,-60.60%,-,8.57%,9.03,-1.53%,"2,505,644"
GNLN,1.43M,-,-,-,0.43,0.03,0.11,-,-,-,91.06%,-,-49.92%,2.25,-6.24%,"15,048"
GNLX,130.04M,-,-,-,13004.21,5.67,4.96,-,5.23%,6.50%,-8.40%,46.39%,-,2.90,1.75%,"163,382"
GNMA,-,-,-,-,-,-,-,-,-,-,-,-,-,44.41,0.12%,"22,367"
GNMX,-,-,-,-,-,-,-,-,-,-,-,-,-,29.90,2.44%,310
GNOM,-,-,-,-,-,-,-,-,-,-,-,-,-,54.96,2.19%,"117,151"
GNOV,-,-,-,-,-,-,-,-,-,-,-,-,-,41.49,0.06%,"9,041"
GNPX,5.15M,-,-,-,-,0.25,0.29,-,-,-,55.62%,-,-,0.47,-2.46%,"116,301"
GNR,-,-,-,-,-,-,-,-,-,-,-,-,-,67.73,0.91%,"208,907"
GNRC,17.38B,92.52,26.66,0.88,4.02,6.48,65.44,52.53,40.99%,23.84%,-13.26%,30.47%,11.11%,295.16,3.88%,"1,397,280"
GNS,31.90M,-,-,-,3.80,0.33,13.18,-,-,-,16.45%,-,1.90%,0.19,-2.04%,"3,144,948"
GNSS,74.69M,-,16.40,-,1.26,24.63,77.80,-,113.97%,114.28%,-,-,-1.07%,1.64,1.23%,"138,454"
GNT,131.59M,2.81,-,-,-,-,-,-,-,-,-,-,-,8.13,0.62%,"203,353"
GNTA,40.53M,-,-,-,-,1.58,1.23,-,-,-,-1.23%,-,-,1.73,-6.49%,"236,888"
GNTX,5.49B,14.52,11.61,1.00,2.08,2.19,31.35,11.77,9.97%,11.50%,4.36%,11.60%,8.46%,25.77,2.92%,"1,812,254"
GNW,3.60B,17.83,22.96,-,0.52,0.41,-,9.38,21.00%,-3.32%,9.13%,-,-3.35%,9.40,1.18%,"3,341,478"
GO,942.73M,-,15.13,-,0.20,1.17,15.98,37.53,-33.28%,24.22%,-,-3.87%,8.39%,9.53,-2.76%,"2,242,954"
GOAI,92.07M,-,-,-,5.33,7.45,15.02,-,-,-,-,-,-,2.52,-1.95%,"97,661"
GOAU,-,-,-,-,-,-,-,-,-,-,-,-,-,37.25,-0.35%,"38,663"
GOCO,5.09M,-,-,-,0.03,2.33,-,-,-,-,-,-,-,0.31,0.00%,0
GOCT,-,-,-,-,-,-,-,-,-,-,-,-,-,41.21,-0.04%,"13,098"
GOEX,-,-,-,-,-,-,-,-,-,-,-,-,-,69.28,1.85%,"4,811"
GOF,2.25B,6.13,-,-,-,-,-,-,-,-,-,-,-,10.61,1.05%,"2,089,124"
GOGO,424.65M,31.18,6.16,-,0.47,3.59,4.10,174.04,277.78%,50.00%,-,-,27.55%,3.14,-3.98%,"1,800,801"
GOLD,1.20B,14.14,12.11,0.14,0.05,1.39,8.37,12.79,464.79%,-14.66%,-19.94%,85.06%,14.99%,41.45,0.31%,"242,490"
GOLF,6.63B,39.96,27.53,2.26,2.54,8.03,128.26,74.74,20.69%,9.55%,19.47%,12.18%,9.68%,113.20,3.38%,"253,164"
GOLS,-,-,-,-,-,-,-,-,-,-,-,-,-,25.71,0.10%,"7,823"
GOLY,-,-,-,-,-,-,-,-,-,-,-,-,-,25.10,0.84%,"37,974"
GOOD,590.21M,68.52,62.59,-,3.56,3.61,37.79,8.67,61.90%,-14.71%,9.07%,-,3.91%,12.10,-0.49%,"431,722"
GOOG,4147.66B,26.10,23.28,1.40,9.80,8.66,32.70,64.38,31.70%,3.26%,29.82%,16.67%,17.18%,342.19,-0.83%,"26,147,237"
GOOGL,4163.07B,26.22,23.38,1.40,9.84,8.70,32.82,64.61,31.75%,3.23%,29.82%,16.70%,17.18%,343.71,-0.46%,"42,594,334"
GOOP,-,-,-,-,-,-,-,-,-,-,-,-,-,38.99,-0.59%,"18,268"
GOOS,901.46M,69.77,11.65,1.06,0.82,2.06,3.08,8.75,28.45%,9.12%,-19.04%,10.95%,10.03%,9.28,-2.01%,"573,316"
GOOW,-,-,-,-,-,-,-,-,-,-,-,-,-,65.06,-0.49%,"21,504"
GOOX,-,-,-,-,-,-,-,-,-,-,-,-,-,75.38,-1.79%,"88,845"
GOOY,-,-,-,-,-,-,-,-,-,-,-,-,-,12.87,-1.00%,"523,539"
GOP,-,-,-,-,-,-,-,-,-,-,-,-,-,44.33,0.83%,"10,851"
GORO,222.22M,67.00,-,-,1.82,4.51,7.16,22.81,200.00%,-,12.30%,-,0.55%,1.36,1.49%,"2,149,491"
GOSS,80.76M,-,-,-,1.45,-,0.81,-,44.72%,77.05%,26.82%,-,-,0.17,-2.25%,"11,210,717"
GOTU,203.65M,-,15.89,-,0.23,2.22,0.51,-,98.68%,4375.23%,26.25%,-,-3.70%,1.74,-1.14%,"561,498"
GOU,-,-,-,-,-,-,-,-,-,-,-,-,-,26.57,-1.13%,"57,842"
GOVI,-,-,-,-,-,-,-,-,-,-,-,-,-,27.30,-0.01%,"174,188"
GOVM,-,-,-,-,-,-,-,-,-,-,-,-,-,25.10,0.34%,2
GOVT,-,-,-,-,-,-,-,-,-,-,-,-,-,22.83,0.02%,"6,018,144"
GOVX,6.83M,-,-,-,8.03,7.48,5.37,-,61.18%,64.69%,51.11%,49.07%,6.42%,1.31,-5.07%,"268,409"
GOVZ,-,-,-,-,-,-,-,-,-,-,-,-,-,37.46,-0.13%,"110,331"
GP,6.19M,-,-,-,0.37,-,9.10,-,-,-,-14.89%,-,15.70%,1.23,-1.60%,"294,983"
GPAC,295.28M,-,-,-,-,1.31,289.49,-,-,-,-,-,-,10.01,0.00%,5
GPAT,391.00M,35.11,-,-,-,1.32,3258.33,-,-,-,-,-,-,10.88,0.00%,299
GPC,15.55B,262.28,13.45,1.68,0.63,3.47,31.10,28.38,4.56%,8.98%,-18.81%,7.99%,8.00%,112.99,2.04%,"1,382,073"
GPCR,3.43B,-,-,-,-,2.37,2.35,-,-78.39%,-37.78%,-40.35%,-26.79%,-,48.25,0.19%,"926,011"
GPGI,4.20B,-,12.09,0.87,-,1.35,645.72,-,-3.85%,25.85%,-,13.84%,-25.50%,14.48,1.69%,"1,327,987"
GPI,3.58B,11.51,6.33,0.72,0.16,1.26,85.83,15.25,4.04%,12.14%,10.13%,8.76%,16.32%,300.82,-5.26%,"354,104"
GPIQ,-,-,-,-,-,-,-,-,-,-,-,-,-,57.88,0.77%,"1,368,229"
GPIX,-,-,-,-,-,-,-,-,-,-,-,-,-,54.62,0.04%,"1,082,345"
GPK,3.23B,11.91,9.28,-,0.37,0.99,17.08,21.10,-52.62%,37.93%,19.87%,-10.08%,5.61%,10.91,1.30%,"4,584,096"
GPMT,65.17M,-,-,-,0.48,0.12,1.48,-,50.00%,50.84%,-9.87%,-,-8.16%,1.36,1.49%,"180,238"
GPN,18.64B,18.16,4.25,0.27,2.11,0.78,3.04,17.57,13.22%,15.90%,24.36%,15.94%,0.75%,68.16,1.61%,"3,155,015"
GPOR,2.86B,5.44,5.28,0.25,1.85,1.60,980.58,7.92,24.86%,18.51%,-,21.12%,10.56%,159.34,-1.01%,"217,076"
GPRE,1.04B,-,10.01,-,0.53,1.33,5.69,11.55,201.25%,-18.35%,10.57%,-,1.75%,14.89,1.71%,"952,791"
GPRF,-,-,-,-,-,-,-,-,-,-,-,-,-,50.03,-0.05%,"2,819"
GPRK,589.87M,8.51,4.84,0.25,1.22,1.67,2.15,-,40.31%,39.16%,-,19.11%,4.58%,9.12,-1.30%,"541,024"
GPRO,135.26M,-,-,-,0.22,-,3.32,-,-,-,-5.64%,-,-6.09%,0.77,8.46%,"4,667,895"
GPT,-,-,-,-,-,-,-,-,-,-,-,-,-,33.60,1.11%,"1,128"
GPTY,-,-,-,-,-,-,-,-,-,-,-,-,-,44.36,-0.27%,"72,173"
GPUS,86.70M,-,-,-,0.72,0.72,2.39,-,-,-,93.75%,-,33.73%,0.19,0.59%,"303,768,294"
GPZ,-,-,-,-,-,-,-,-,-,-,-,-,-,21.26,0.24%,"159,789"
GQGU,-,-,-,-,-,-,-,-,-,-,-,-,-,25.69,0.11%,"95,942"
GQI,-,-,-,-,-,-,-,-,-,-,-,-,-,58.30,0.40%,"34,701"
GQQQ,-,-,-,-,-,-,-,-,-,-,-,-,-,35.55,0.88%,"12,860"
GQRE,-,-,-,-,-,-,-,-,-,-,-,-,-,64.09,0.26%,"16,369"
GRAB,14.18B,40.05,21.03,0.39,3.99,2.17,2.27,1418.16,90.93%,43.64%,-,53.25%,48.35%,3.46,-0.86%,"42,383,280"
GRAF,389.84M,40.87,-,-,-,1.37,-,-,-,-,-,-,-,11.30,4.53%,"42,360"
GRAG,-,-,-,-,-,-,-,-,-,-,-,-,-,5.87,-1.35%,"33,876"
GRAL,2.86B,-,-,-,18.30,1.10,3.47,-,7.04%,-2.85%,-41.05%,3.23%,-,66.57,3.08%,"604,425"
GRAN,32.62M,-,-,-,-,27.38,21.75,-,-,-,-,-,-,1.31,-9.66%,608
GRBK,3.45B,11.76,12.39,-,1.72,1.85,19.48,17.64,-17.54%,10.63%,25.85%,-,15.89%,79.93,-0.36%,"256,901"
GRC,2.40B,40.71,30.32,1.60,3.45,5.64,80.35,27.11,23.05%,13.80%,15.87%,18.93%,14.35%,90.85,5.85%,"174,756"
GRCE,38.57M,-,-,-,-,0.59,2.27,-,-10.04%,-18.87%,43.17%,-,-,2.37,1.72%,"228,272"
GRDN,2.46B,46.55,28.62,2.37,1.69,11.15,37.94,35.17,17.76%,7.80%,31.17%,12.08%,16.29%,38.88,1.43%,"543,212"
GRDX,28.81M,-,-,-,411.59,1.42,73.87,-,-,-,88.24%,-,-,4.33,-2.04%,"69,575"
GREE,26.97M,4.38,-,-,0.45,-,1.97,-,-,-,-,-,23.92%,1.69,3.68%,"237,908"
GREK,-,-,-,-,-,-,-,-,-,-,-,-,-,75.09,-0.73%,"29,181"
GRF,40.43M,8.02,-,-,40.56,0.85,-,-,-,-,-,-,-,10.19,1.90%,547
GRFS,1.90B,10.42,5.95,0.26,0.22,0.80,2.35,2.21,12.44%,29.22%,-8.34%,23.28%,6.88%,7.37,2.08%,"546,689"
GRI,3.47M,-,-,-,-,0.29,0.31,-,96.08%,46.86%,83.24%,88.20%,-,1.96,6.52%,"87,710"
GRID,-,-,-,-,-,-,-,-,-,-,-,-,-,190.25,1.12%,"520,715"
GRIN,-,-,-,-,-,-,-,-,-,-,-,-,-,33.39,2.04%,"6,274"
GRML,29.01M,-,-,-,-,0.49,2.90,-,-,-,-418.96%,-,-,0.21,-7.98%,"4,522,532"
GRMN,45.40B,26.25,22.53,1.79,6.08,4.90,16.81,31.28,12.64%,8.37%,10.69%,12.61%,11.59%,235.41,-1.92%,"951,390"
GRN,-,-,-,-,-,-,-,-,-,-,-,-,-,32.03,-0.36%,9
GRNB,-,-,-,-,-,-,-,-,-,-,-,-,-,24.15,-0.02%,"41,600"
GRND,2.41B,27.26,17.90,0.66,5.06,2866.81,101.22,15.89,39.67%,17.90%,-,27.12%,-,13.56,2.88%,"1,636,639"
GRNI,-,-,-,-,-,-,-,-,-,-,-,-,-,20.82,0.29%,"21,988"
GRNJ,-,-,-,-,-,-,-,-,-,-,-,-,-,31.01,0.13%,"273,501"
GRNQ,27.95M,-,-,-,13.12,1.35,35.38,-,-,-,10.71%,-,-1.66%,1.55,-5.49%,562
GRNT,581.67M,-,6.58,0.35,1.28,1.07,12.20,-,12.09%,39.00%,28.80%,19.02%,-,4.41,-1.12%,"865,198"
GRNY,-,-,-,-,-,-,-,-,-,-,-,-,-,26.97,0.30%,"3,242,410"
GRO,128.72M,-,-,-,-,0.55,4.10,-,42.01%,36.92%,-30.32%,31.23%,-,2.10,6.60%,"524,044"
GROV,52.53M,-,-,-,0.32,-,5.57,-,41.18%,45.00%,74.44%,-,-17.97%,1.25,1.63%,"127,831"
GROW,39.08M,12.06,-,-,3.87,0.85,1.53,84.95,-,-,39.56%,-,14.66%,3.15,-0.94%,"25,438"
GROY,681.91M,-,22.46,-,34.70,0.86,42.09,170.90,689.05%,102.60%,-30.65%,-,-,2.68,0.00%,"1,721,483"
GROZ,-,-,-,-,-,-,-,-,-,-,-,-,-,30.83,-1.03%,"97,604"
GRPM,-,-,-,-,-,-,-,-,-,-,-,-,-,127.27,-0.27%,"10,343"
GRPN,869.08M,-,27.46,-,1.74,-,3.41,21.66,93.59%,725.00%,27.10%,-,-18.86%,22.88,24.89%,"3,890,932"
GRPZ,-,-,-,-,-,-,-,-,-,-,-,-,-,31.30,0.49%,19
GRRR,469.10M,-,-,-,4.21,2.66,4.53,-,-591.70%,-8.09%,28.56%,-,17.42%,16.90,0.06%,"1,108,206"
GRVY,464.40M,8.87,-,-,1.13,1.06,1.16,-,-,-,-2.23%,-,2.77%,66.82,-1.94%,"50,196"
GRW,-,-,-,-,-,-,-,-,-,-,-,-,-,31.76,0.56%,"1,130"
GRWG,78.72M,-,-,-,0.48,0.85,1.91,-,50.71%,74.16%,-,-,-3.51%,1.31,-2.24%,"350,148"
GRX,136.93M,61.80,-,-,-,-,-,-,-,-,-,-,-,9.27,0.87%,"29,270"
GS,314.21B,19.46,16.26,1.38,2.44,2.88,-,2.79,16.32%,9.75%,15.71%,11.78%,18.70%,1065.09,-1.10%,"1,924,797"
GSAT,10.30B,-,798.70,-,36.38,29.99,28.73,76.09,48.71%,193.81%,31.42%,-,16.27%,79.95,-0.24%,"1,743,075"
GSBC,837.47M,12.15,13.60,-,2.49,1.32,-,11.29,-8.00%,-0.70%,8.05%,-,6.21%,76.88,0.44%,"102,492"
GSBD,1.04B,14.48,8.48,-,3.89,0.76,24.93,11.80,-27.90%,-3.42%,-20.58%,-12.72%,13.40%,9.27,-0.96%,"768,348"
GSC,-,-,-,-,-,-,-,-,-,-,-,-,-,67.83,2.22%,"4,255"
GSEE,-,-,-,-,-,-,-,-,-,-,-,-,-,70.04,1.00%,138
GSEP,-,-,-,-,-,-,-,-,-,-,-,-,-,40.62,-0.10%,"26,025"
GSEU,-,-,-,-,-,-,-,-,-,-,-,-,-,48.10,1.09%,"4,438"
GSEW,-,-,-,-,-,-,-,-,-,-,-,-,-,93.66,0.54%,"40,104"
GSG,-,-,-,-,-,-,-,-,-,-,-,-,-,28.88,2.30%,"556,935"
GSGO,-,-,-,-,-,-,-,-,-,-,-,-,-,42.75,-0.57%,"3,041"
GSHD,1.57B,38.32,16.00,0.70,4.09,-,53.82,19.75,17.99%,25.24%,15.53%,22.81%,25.57%,43.97,1.31%,"539,135"
GSHR,213.23M,49.10,-,-,-,1.46,361.41,-,-,-,-,-,-,10.41,0.00%,0
GSIB,-,-,-,-,-,-,-,-,-,-,-,-,-,60.11,0.13%,"4,559"
GSID,-,-,-,-,-,-,-,-,-,-,-,-,-,74.45,0.78%,"5,744"
GSIE,-,-,-,-,-,-,-,-,-,-,-,-,-,45.47,0.98%,"268,985"
GSIT,263.51M,-,-,-,10.49,3.08,3.92,-,-,-,14.46%,-,-1.96%,6.89,3.92%,"1,425,609"
GSIW,40.30M,-,-,-,4.94,1.57,2.13,-,-,-,-,-,-,28.53,1.60%,"3,969"
GSJY,-,-,-,-,-,-,-,-,-,-,-,-,-,52.14,0.44%,"3,205"
GSK,103.98B,13.57,9.90,1.85,2.37,4.43,22.90,13.16,1.63%,9.77%,0.08%,5.36%,-0.31%,51.89,1.57%,"3,512,206"
GSKH,-,-,-,-,-,-,-,-,-,-,-,-,-,73.27,0.80%,420
GSL,1.37B,3.63,4.14,-,1.77,0.73,2.49,3.38,-3.25%,-7.22%,56.52%,-4.77%,22.07%,38.09,-1.55%,"230,104"
GSLC,-,-,-,-,-,-,-,-,-,-,-,-,-,139.32,-0.14%,"242,389"
GSM,639.06M,-,6.33,-,0.46,0.95,6.63,-,89.74%,1450.00%,8.64%,-,3.13%,3.42,-4.47%,"2,226,575"
GSOL,-,-,-,-,-,-,-,-,-,-,-,-,-,4.96,0.00%,"7,417,174"
GSPY,-,-,-,-,-,-,-,-,-,-,-,-,-,39.87,-0.02%,"1,684"
GSRF,298.76M,74.54,-,-,-,1.32,228.06,-,-,-,-,-,-,10.16,0.00%,6
GSRVU,205.98M,-,-,-,-,-,-,-,-,-,-,-,-,10.02,-0.40%,"1,025"
GSSC,-,-,-,-,-,-,-,-,-,-,-,-,-,90.10,0.70%,"22,979"
GSST,-,-,-,-,-,-,-,-,-,-,-,-,-,50.54,-0.02%,"320,074"
GSUI,-,-,-,-,-,-,-,-,-,-,-,-,-,9.76,-0.10%,"23,877"
GSUN,4.21M,-,-,-,0.12,0.40,5.40,-,-,-,-,-,35.61%,0.42,-3.65%,"15,496"
GSUS,-,-,-,-,-,-,-,-,-,-,-,-,-,101.15,0.08%,"196,248"
GSWO,-,-,-,-,-,-,-,-,-,-,-,-,-,62.35,0.39%,"48,128"
GSY,-,-,-,-,-,-,-,-,-,-,-,-,-,50.12,0.02%,"526,921"
GT,1.85B,-,8.84,0.21,0.10,0.62,2.20,-,-154.97%,382.01%,-2.20%,41.52%,8.21%,6.44,2.38%,"9,629,652"
GTBP,17.61M,-,-,-,-,1.93,1.95,-,94.91%,20.59%,49.68%,67.47%,-,0.42,-8.77%,"1,373,441"
GTE,213.22M,-,5.66,-,0.35,1.96,1.71,1.35,105.35%,265.57%,23.79%,-,20.20%,6.03,-2.74%,"310,672"
GTEC,14.33M,2.01,-,-,0.15,0.17,0.44,1.15,90.32%,-,-14.62%,-,6.29%,0.54,-3.93%,"73,002"
GTEK,-,-,-,-,-,-,-,-,-,-,-,-,-,60.10,0.40%,"42,752"
GTEN,470.13M,66.01,-,-,-,1.37,1093.33,-,-,-,-,-,-,10.43,0.10%,"103,522"
GTERA,244.74M,1053.06,-,-,-,24.65,12237.00,-,-,-,-,-,-,10.32,0.00%,86
GTES,7.37B,30.16,15.55,1.40,2.14,2.19,9.39,17.20,7.40%,14.29%,28.83%,11.10%,4.27%,29.02,6.50%,"2,898,995"
GTIM,14.36M,7.99,-,-,0.10,0.43,5.22,7.14,-,-,-,-,5.21%,1.36,-1.45%,"31,987"
GTIP,-,-,-,-,-,-,-,-,-,-,-,-,-,48.86,0.17%,"34,992"
GTLB,4.64B,-,27.02,4.07,4.62,4.71,3.42,17.62,-15.36%,25.20%,24.18%,6.64%,44.39%,27.49,-2.76%,"5,822,587"
GTLS,10.00B,-,24.28,7.04,2.41,3.17,37.11,989.80,-28.37%,23.56%,-32.08%,3.45%,29.36%,208.84,0.07%,"765,163"
GTM,769.21M,6.44,2.35,0.68,0.61,0.52,4.39,2.05,1.44%,0.61%,-,3.44%,21.28%,2.61,-7.77%,"9,968,490"
GTN,395.09M,-,-,-,0.13,0.17,1.53,8.59,236.60%,-148.81%,-,-,5.39%,3.58,-9.37%,"1,394,310"
GTND,-,-,-,-,-,-,-,-,-,-,-,-,-,24.86,0.31%,598
GTO,-,-,-,-,-,-,-,-,-,-,-,-,-,46.95,0.13%,"157,161"
GTOC,-,-,-,-,-,-,-,-,-,-,-,-,-,25.12,0.12%,"5,757"
GTOH,-,-,-,-,-,-,-,-,-,-,-,-,-,25.40,-0.06%,"2,045"
GTOP,-,-,-,-,-,-,-,-,-,-,-,-,-,47.62,0.22%,"11,749"
GTOQ,-,-,-,-,-,-,-,-,-,-,-,-,-,22.32,-0.09%,"8,532"
GTOS,-,-,-,-,-,-,-,-,-,-,-,-,-,24.93,0.10%,409
GTPE,-,-,-,-,-,-,-,-,-,-,-,-,-,60.43,1.24%,46
GTR,-,-,-,-,-,-,-,-,-,-,-,-,-,26.94,-0.43%,765
GTX,6.55B,20.33,16.08,0.97,1.78,-,45.51,17.25,15.92%,14.33%,7.69%,16.55%,3.39%,35.01,5.07%,"3,912,926"
GTY,2.05B,22.34,19.96,2.17,9.16,1.88,251.82,15.59,18.27%,6.37%,-3.59%,9.19%,8.24%,33.90,0.12%,"681,524"
GUACU,320.62M,-,-,-,-,431.55,16030.97,-,-,-,-,-,-,10.15,0.50%,4
GUG,-,-,-,-,-,-,-,-,-,-,-,-,-,15.80,0.32%,"45,080"
GUMI,-,-,-,-,-,-,-,-,-,-,-,-,-,50.38,0.02%,"5,187"
GUNR,-,-,-,-,-,-,-,-,-,-,-,-,-,49.39,0.69%,"1,640,901"
GURE,5.52M,-,-,-,0.27,0.05,0.95,-,-,-,-15.05%,-,-6.28%,3.99,-0.25%,"40,178"
GURU,-,-,-,-,-,-,-,-,-,-,-,-,-,68.81,0.39%,"1,000"
GUSA,-,-,-,-,-,-,-,-,-,-,-,-,-,63.46,0.01%,73
GUSE,-,-,-,-,-,-,-,-,-,-,-,-,-,44.07,-0.11%,"5,077"
GUSH,-,-,-,-,-,-,-,-,-,-,-,-,-,30.91,1.98%,"971,253"
GUT,578.81M,11.96,-,-,50.92,2.12,-,-,-,-,-,-,-,6.46,-0.92%,"204,481"
GUTS,126.74M,-,-,-,-,5.93,2.01,-,80.00%,-43.80%,-16.69%,43.25%,-,0.80,3.08%,"673,358"
GV,1.11M,-,-,-,0.22,0.22,3.36,-,-,-,-,-,40.16%,0.20,-1.01%,"378,704"
GVA,6.85B,45.98,21.93,0.78,1.48,6.64,21.76,22.68,50.50%,22.94%,-,28.08%,7.17%,156.65,3.14%,"575,718"
GVAL,-,-,-,-,-,-,-,-,-,-,-,-,-,35.97,-0.25%,"137,232"
GVH,8.15M,0.98,-,-,0.54,0.88,1.64,54.32,-,-,-36.67%,-,11.11%,3.85,4.05%,"29,297"
GVI,-,-,-,-,-,-,-,-,-,-,-,-,-,106.15,0.06%,"69,722"
GVIP,-,-,-,-,-,-,-,-,-,-,-,-,-,182.81,1.57%,"6,932"
GVLE,-,-,-,-,-,-,-,-,-,-,-,-,-,47.40,1.94%,"5,006"
GVLU,-,-,-,-,-,-,-,-,-,-,-,-,-,26.15,-0.03%,"3,032"
GVUS,-,-,-,-,-,-,-,-,-,-,-,-,-,62.68,1.36%,"2,173"
GWAV,2.68M,-,-,-,0.06,0.10,2.85,-,-,-,84.03%,-,482.40%,3.22,-4.45%,"4,779"
GWH,22.45M,-,-,-,20.22,2.26,1.01,-,61.29%,52.98%,10.93%,-,-,0.76,-9.74%,"366,558"
GWRE,9.17B,59.32,26.64,1.05,6.45,6.96,12.23,28.68,31.14%,18.91%,-,25.33%,10.13%,110.10,-0.21%,"1,549,432"
GWRS,202.21M,93.98,82.71,-,3.57,2.40,112.34,-,-57.14%,41.67%,17.38%,-5.01%,7.62%,7.03,-0.99%,"82,228"
GWW,64.91B,36.82,27.34,2.41,3.53,16.52,93.39,47.07,15.54%,10.26%,22.39%,11.32%,8.75%,1374.78,2.40%,"281,588"
GWX,-,-,-,-,-,-,-,-,-,-,-,-,-,43.38,-0.14%,"83,629"
GXAI,11.75M,-,-,-,3.16,0.74,0.99,-,-16.36%,3.13%,-159.64%,-,-,1.15,0.88%,"537,806"
GXC,-,-,-,-,-,-,-,-,-,-,-,-,-,86.19,-1.11%,"25,130"
GXDW,-,-,-,-,-,-,-,-,-,-,-,-,-,26.41,-0.85%,"15,674"
GXIG,-,-,-,-,-,-,-,-,-,-,-,-,-,25.02,0.06%,671
GXLC,-,-,-,-,-,-,-,-,-,-,-,-,-,88.35,-0.03%,65
GXO,5.86B,44.54,14.50,0.72,0.43,1.97,7.36,46.89,21.65%,15.06%,-,20.14%,16.30%,50.95,1.94%,"1,257,377"
GXPC,-,-,-,-,-,-,-,-,-,-,-,-,-,29.01,-1.06%,"51,913"
GXPD,-,-,-,-,-,-,-,-,-,-,-,-,-,25.00,-1.88%,"12,143"
GXPE,-,-,-,-,-,-,-,-,-,-,-,-,-,31.81,0.89%,490
GXPS,-,-,-,-,-,-,-,-,-,-,-,-,-,26.62,-1.22%,"23,539"
GXPT,-,-,-,-,-,-,-,-,-,-,-,-,-,31.69,-0.38%,"54,985"
GXRP,-,-,-,-,-,-,-,-,-,-,-,-,-,20.03,-2.16%,"37,887"
GXUS,-,-,-,-,-,-,-,-,-,-,-,-,-,62.65,0.85%,"1,089"
GYLD,-,-,-,-,-,-,-,-,-,-,-,-,-,13.91,-0.07%,"4,165"
GYRE,694.58M,-,-,-,5.93,5.62,13.94,406.19,-1550.00%,65.52%,-,-,40.96%,6.23,-3.86%,"73,359"
GYRO,13.28M,-,-,-,-,-,-,-,-,-,-,-,-,6.14,-1.44%,149
H,18.55B,-,40.73,1.04,2.58,5.75,27.65,164.17,62.34%,36.05%,39.89%,39.21%,27.72%,197.01,-0.16%,"793,053"
HACK,-,-,-,-,-,-,-,-,-,-,-,-,-,96.27,0.26%,"97,356"
HACQ,374.49M,-,-,-,-,1.38,367.15,-,-,-,-,-,-,10.02,0.10%,"52,000"
HAE,3.53B,38.20,13.48,1.68,2.64,4.41,14.37,13.54,5.22%,10.36%,5.81%,8.03%,8.91%,77.62,6.52%,"746,058"
HAFC,966.52M,12.09,9.48,-,2.15,1.21,-,4.74,26.10%,8.21%,12.80%,-,10.87%,32.47,1.12%,"219,445"
HAFN,3.53B,8.04,8.09,-,1.47,1.39,15.00,8.51,101.10%,-34.29%,10.80%,-4.35%,21.16%,7.27,-2.15%,"2,163,954"
HAIL,-,-,-,-,-,-,-,-,-,-,-,-,-,37.79,-0.08%,"1,374"
HAIN,52.75M,-,9.13,0.25,0.04,0.25,1.19,1.26,-273.06%,141.09%,-52.71%,36.72%,-5.36%,0.58,-1.83%,"1,697,069"
HAKY,-,-,-,-,-,-,-,-,-,-,-,-,-,27.62,0.02%,"2,470"
HAL,28.96B,19.02,11.91,1.02,1.31,2.69,14.46,17.26,-2.50%,23.35%,-,11.70%,8.96%,34.67,2.27%,"12,987,912"
HALO,8.62B,26.12,7.32,0.19,5.71,39.20,27.04,12.90,95.41%,22.41%,22.89%,39.10%,39.16%,72.64,2.09%,"1,448,576"
HALX,-,-,-,-,-,-,-,-,-,-,-,-,-,25.24,0.52%,356
HAO,2.72M,-,-,-,0.06,0.03,0.40,-,-,-,67.01%,-,26.41%,1.07,-3.60%,"114,141"
HAP,-,-,-,-,-,-,-,-,-,-,-,-,-,68.96,1.79%,"26,512"
HAPI,-,-,-,-,-,-,-,-,-,-,-,-,-,43.43,-0.35%,729
HAPN,2.27B,13.17,8.44,0.20,1.45,1.49,2.76,-,50.87%,33.23%,-,42.88%,20.71%,19.67,1.08%,"3,584,169"
HAPS,-,-,-,-,-,-,-,-,-,-,-,-,-,36.74,0.94%,4
HARD,-,-,-,-,-,-,-,-,-,-,-,-,-,29.89,-0.37%,"56,589"
HAS,12.01B,-,13.24,1.54,2.50,18.54,8.86,11.76,7.72%,7.45%,-,8.59%,-2.96%,84.88,1.92%,"1,516,474"
HASI,5.01B,109.50,11.75,1.11,11.70,2.05,33.05,18.01,10.78%,11.53%,5.15%,10.54%,16.47%,39.18,0.20%,"613,230"
HAUS,-,-,-,-,-,-,-,-,-,-,-,-,-,18.96,-0.16%,"2,072"
HAUZ,-,-,-,-,-,-,-,-,-,-,-,-,-,22.30,0.68%,"202,214"
HAVA,209.32M,-,-,-,-,2236.20,-,-,-,-,-,-,-,10.13,-0.20%,"1,235"
HAWK,1.93B,-,152.70,-,13.33,-,18.15,-,-1337.50%,204.04%,-,-,-,19.66,-5.80%,"804,674"
HAWX,-,-,-,-,-,-,-,-,-,-,-,-,-,46.25,0.85%,"11,961"
HAYW,3.51B,22.40,16.93,1.44,3.06,2.19,15.21,44.00,11.55%,11.29%,139.80%,11.77%,5.09%,16.18,2.66%,"2,291,553"
HBAN,36.29B,13.71,9.38,0.62,2.76,1.22,-,19.18,6.91%,28.36%,14.84%,15.23%,20.03%,17.90,1.82%,"24,231,752"
HBB,268.46M,9.48,-,-,0.45,1.45,5.66,33.90,-,-,-10.39%,-,0.10%,19.82,-1.78%,"37,961"
HBCP,530.08M,11.34,10.80,-,2.54,1.19,-,10.80,-0.62%,5.16%,15.59%,-,12.05%,67.59,-0.87%,"81,076"
HBDC,-,-,-,-,-,-,-,-,-,-,-,-,-,24.78,0.15%,795
HBIO,26.88M,-,13.55,-,0.31,2.68,3.79,14.07,-250.00%,162.86%,-44.59%,-,-3.25%,5.96,-1.97%,"6,124"
HBM,9.35B,14.20,11.42,0.28,3.96,2.64,9.31,40.72,140.88%,27.65%,-,40.38%,14.84%,23.53,2.35%,"5,137,691"
HBMX,-,-,-,-,-,-,-,-,-,-,-,-,-,30.21,7.59%,"302,316"
HBNB,1.19B,53.68,-,-,70.49,1.74,137.26,-,-,-,-110.31%,-,-,5.10,-1.92%,"7,424"
HBNC,1.02B,-,8.91,-,9.60,1.45,-,11.74,3.45%,5.71%,-,-,-16.62%,19.78,-0.10%,"1,119,531"
HBR,-,-,-,-,-,-,-,-,-,-,-,-,-,9.91,-2.17%,"29,605"
HBT,1.15B,14.57,10.28,-,3.78,1.54,-,16.73,16.59%,4.70%,12.72%,-,13.11%,31.62,0.48%,"192,998"
HBTA,-,-,-,-,-,-,-,-,-,-,-,-,-,31.77,0.33%,"22,759"
HBTC,-,-,-,-,-,-,-,-,-,-,-,-,-,17.23,-0.25%,6
HCA,85.84B,13.31,11.66,1.20,1.12,-,80.68,10.83,7.14%,9.77%,20.99%,9.68%,7.97%,386.94,-0.21%,"1,143,660"
HCAC,292.85M,-,-,-,-,1.19,522.95,-,-,-,-,-,-,10.03,0.00%,"132,046"
HCAI,9.84M,7050.00,-,-,0.51,0.42,196.90,-,-,-,-,-,-,8.46,15.42%,"82,475"
HCAT,130.79M,-,19.18,-,0.43,0.94,1.20,-,-76.74%,120.35%,2.63%,-,10.50%,1.77,2.91%,"1,831,148"
HCC,4.48B,32.50,10.63,0.10,3.05,2.03,19.21,-,499.16%,21.78%,-,101.62%,10.85%,84.86,0.84%,"414,495"
HCHL,117.90M,-,-,-,135.52,268.84,250.85,-,-,-,-,-,-,3.96,0.00%,0
HCI,2.21B,7.60,9.66,-,2.38,2.05,-,5.12,-23.32%,2.92%,45.46%,-,26.87%,173.17,-1.03%,"153,076"
HCIC,354.07M,-,-,-,-,1.49,437.12,-,-,-,-,-,-,9.97,0.40%,"3,228"
HCKT,263.98M,19.92,6.29,-,0.89,4.00,43.49,11.83,-3.23%,11.00%,22.39%,-,5.00%,10.48,-0.57%,"273,020"
HCM,1.80B,3.92,27.57,-,3.26,1.45,1.31,-,-90.36%,48.84%,-,-,19.22%,10.29,0.19%,"49,970"
HCMA,346.95M,88.74,-,-,-,1.41,418.01,-,-,-,-,-,-,10.28,0.34%,"62,818"
HCMT,-,-,-,-,-,-,-,-,-,-,-,-,-,40.01,0.62%,"21,860"
HCOW,-,-,-,-,-,-,-,-,-,-,-,-,-,24.09,0.08%,"4,745"
HCRB,-,-,-,-,-,-,-,-,-,-,-,-,-,35.17,-0.06%,"84,014"
HCSG,1.62B,24.89,20.44,2.35,0.88,3.17,7.56,10.42,-1.59%,6.80%,-9.33%,8.69%,0.86%,23.63,0.21%,"443,450"
HCTI,3.89M,-,-,-,0.19,0.13,0.90,-,63.82%,37.14%,-,-,-15.02%,1.92,1.05%,"33,648"
HCWB,8.02M,-,-,-,1.22,1.31,6.52,-,95.48%,8.33%,-6.63%,67.95%,-57.90%,1.12,0.90%,"229,017"
HCWC,4.99M,-,-,-,-,-,-,-,-,-,-,-,-,0.19,-12.82%,"1,969,339"
HD,344.01B,24.50,21.45,3.59,2.06,24.79,214.87,24.03,1.74%,7.60%,3.58%,5.97%,4.51%,345.00,0.62%,"6,936,462"
HDB,130.21B,15.19,12.64,0.93,2.32,2.07,-,-,10.90%,15.80%,23.51%,13.61%,21.48%,25.37,-0.74%,"7,840,960"
HDEF,-,-,-,-,-,-,-,-,-,-,-,-,-,32.02,0.72%,"128,037"
HDG,-,-,-,-,-,-,-,-,-,-,-,-,-,54.61,0.38%,281
HDGE,-,-,-,-,-,-,-,-,-,-,-,-,-,16.87,0.42%,"22,217"
HDL,706.08M,24.59,13.75,0.62,0.81,1.78,2.57,-,15.71%,25.72%,-,22.14%,30.55%,12.00,-2.76%,"1,244"
HDLB,-,-,-,-,-,-,-,-,-,-,-,-,-,16.37,1.79%,"5,107"
HDMV,-,-,-,-,-,-,-,-,-,-,-,-,-,36.90,-1.06%,"2,485"
HDRN,136.57M,23.21,-,-,-,0.30,2731.30,-,-,-,-,-,-,1.91,-6.37%,"122,690"
HDSN,234.33M,18.22,12.66,-,0.93,0.99,12.10,-,2.70%,15.79%,-,-,10.81%,5.57,-3.63%,"423,475"
HDUS,-,-,-,-,-,-,-,-,-,-,-,-,-,69.48,-0.59%,"6,395"
HDV,-,-,-,-,-,-,-,-,-,-,-,-,-,27.53,0.62%,"6,092,275"
HE,2.29B,18.09,11.85,1.47,0.74,1.40,2.46,51.78,8.14%,20.43%,-17.02%,8.05%,3.65%,13.27,-0.38%,"2,225,474"
HEAL,-,-,-,-,-,-,-,-,-,-,-,-,-,27.01,1.24%,"6,509"
HECA,-,-,-,-,-,-,-,-,-,-,-,-,-,27.34,0.26%,"144,017"
HECO,-,-,-,-,-,-,-,-,-,-,-,-,-,66.87,-0.20%,"2,533"
HEDG,-,-,-,-,-,-,-,-,-,-,-,-,-,29.78,-0.47%,"166,105"
HEDJ,-,-,-,-,-,-,-,-,-,-,-,-,-,56.80,-0.89%,"64,862"
HEEM,-,-,-,-,-,-,-,-,-,-,-,-,-,44.26,1.12%,"350,928"
HEFA,-,-,-,-,-,-,-,-,-,-,-,-,-,46.63,0.60%,"359,569"
HEFT,-,-,-,-,-,-,-,-,-,-,-,-,-,26.49,1.20%,"11,316"
HEGD,-,-,-,-,-,-,-,-,-,-,-,-,-,26.34,-0.21%,"520,176"
HEI,40.12B,61.16,50.09,3.01,8.17,10.02,190.73,43.33,23.73%,12.75%,16.48%,16.67%,20.21%,342.45,2.13%,"458,752"
HEI-A,41.12B,45.98,37.78,2.30,8.37,7.54,195.48,44.40,23.59%,12.53%,16.48%,16.40%,20.21%,257.47,4.68%,"766,134"
HELE,647.27M,-,-,-,0.36,0.80,30.12,4.91,-0.89%,-,-,6.22%,-3.10%,27.83,-0.32%,"429,761"
HELO,-,-,-,-,-,-,-,-,-,-,-,-,-,67.04,-0.21%,"347,588"
HELP,301.24M,-,-,-,-,1.10,1.54,-,0.82%,27.67%,-232.48%,19.23%,-,6.02,18.27%,"7,096,889"
HELS,-,-,-,-,-,-,-,-,-,-,-,-,-,24.80,2.03%,"24,053"
HELX,-,-,-,-,-,-,-,-,-,-,-,-,-,38.68,2.09%,"31,042"
HEMI,-,-,-,-,-,-,-,-,-,-,-,-,-,41.14,-0.15%,120
HEPS,1.04B,-,-,-,0.49,37.72,4.57,36.57,-8.72%,16.16%,-,24.41%,18.72%,2.90,0.69%,"547,771"
HEQ,136.02M,7.23,-,-,-,-,-,-,-,-,-,-,-,11.28,-0.88%,"41,201"
HEQQ,-,-,-,-,-,-,-,-,-,-,-,-,-,60.81,0.05%,19
HEQT,-,-,-,-,-,-,-,-,-,-,-,-,-,33.12,-0.18%,"112,050"
HERD,-,-,-,-,-,-,-,-,-,-,-,-,-,46.76,-0.23%,"2,573"
HERE,74.76M,15.25,-,-,0.49,0.93,0.77,-,-,-,-,-,7.29%,1.98,-4.35%,"88,203"
HERO,-,-,-,-,-,-,-,-,-,-,-,-,-,23.59,-0.82%,"12,122"
HERZ,32.24M,-,-,-,1.96,0.75,1.95,-,-,-,-,-,-,16.12,-2.18%,"8,903"
HESM,7.81B,13.11,12.41,3.06,4.79,9.39,1697.83,9.81,2.82%,3.82%,16.67%,4.06%,8.23%,37.88,1.61%,"560,455"
HEWJ,-,-,-,-,-,-,-,-,-,-,-,-,-,64.28,0.82%,"25,905"
HEZU,-,-,-,-,-,-,-,-,-,-,-,-,-,49.62,1.06%,"35,535"
HF,-,-,-,-,-,-,-,-,-,-,-,-,-,22.03,0.17%,6
HFBL,61.67M,10.54,-,-,1.80,1.05,-,9.84,-,-,3.35%,-,6.02%,20.38,0.34%,110
HFEQ,-,-,-,-,-,-,-,-,-,-,-,-,-,24.19,1.02%,"1,782"
HFFG,96.25M,-,8.78,-,0.08,0.47,8.70,28.65,-90.63%,583.33%,35.54%,-,16.73%,1.80,1.69%,"569,600"
HFGM,-,-,-,-,-,-,-,-,-,-,-,-,-,30.25,1.78%,"24,386"
HFGO,-,-,-,-,-,-,-,-,-,-,-,-,-,28.31,-0.32%,"25,384"
HFMF,-,-,-,-,-,-,-,-,-,-,-,-,-,21.34,0.78%,"6,829"
HFND,-,-,-,-,-,-,-,-,-,-,-,-,-,24.45,0.29%,"4,660"
HFRO,403.36M,-,-,-,-,-,-,-,-,-,-,-,-,7.28,-0.27%,"187,583"
HFSI,-,-,-,-,-,-,-,-,-,-,-,-,-,35.37,0.06%,"325,024"
HFSP,-,-,-,-,-,-,-,-,-,-,-,-,-,13.81,1.43%,128
HFWA,1.21B,14.34,10.48,-,3.41,1.08,-,15.04,4.93%,35.90%,8.77%,-,6.00%,29.29,1.07%,"249,978"
HFXI,-,-,-,-,-,-,-,-,-,-,-,-,-,38.06,1.44%,"249,209"
HG,3.20B,5.08,6.89,2.01,1.12,1.17,-,3.52,-6.32%,3.13%,-,3.43%,-,32.22,-1.20%,"353,706"
HGBL,43.42M,13.68,6.49,0.34,0.86,0.64,3.75,-,55.00%,24.19%,-19.28%,19.35%,14.25%,1.25,0.81%,"36,738"
HGER,-,-,-,-,-,-,-,-,-,-,-,-,-,29.38,2.12%,"723,959"
HGLB,174.10M,18.45,-,-,-,-,-,-,-,-,-,-,-,7.38,0.41%,"86,741"
HGRO,-,-,-,-,-,-,-,-,-,-,-,-,-,30.82,0.78%,"29,544"
HGTY,3.81B,53.67,19.49,1.03,2.69,5.14,-,23.18,-124.39%,670.00%,-11.59%,18.95%,23.86%,11.11,-3.22%,"105,466"
HGV,4.28B,28.54,8.82,0.14,0.83,3.64,7.75,13.04,163.42%,11.68%,-,61.04%,41.36%,53.98,-1.26%,"942,081"
HHH,4.17B,34.26,20.49,0.78,2.76,1.10,1.68,10.00,36.20%,13.45%,-,26.35%,16.09%,69.96,0.10%,"360,604"
HHS,17.81M,-,-,-,0.11,0.89,3.92,-,-,-,20.18%,-,-2.04%,2.40,-0.41%,399
HIBL,-,-,-,-,-,-,-,-,-,-,-,-,-,129.52,6.22%,"62,424"
HIBS,-,-,-,-,-,-,-,-,-,-,-,-,-,17.81,-6.71%,"355,300"
HIDE,-,-,-,-,-,-,-,-,-,-,-,-,-,24.00,0.50%,"26,969"
HIDV,-,-,-,-,-,-,-,-,-,-,-,-,-,86.95,0.34%,"7,399"
HIFS,657.67M,13.23,-,-,2.89,1.37,-,17.68,-,-,1.26%,-,15.57%,301.65,1.97%,"20,319"
HIG,35.74B,9.16,9.20,1.91,1.24,1.93,-,6.14,-4.16%,10.21%,22.85%,4.82%,6.69%,130.37,-1.47%,"1,145,452"
HIGH,-,-,-,-,-,-,-,-,-,-,-,-,-,21.50,-0.56%,"37,321"
HIHO,3.68M,-,-,-,0.69,0.63,0.72,-,-,-,-32.77%,-,-10.01%,0.80,0.01%,"16,407"
HII,11.00B,18.16,13.88,0.92,0.86,2.14,50.91,13.89,12.64%,16.00%,-2.13%,15.14%,5.93%,279.09,-0.19%,"682,691"
HIMS,7.57B,-,70.17,4.60,3.19,16.91,10.08,122.85,-123.55%,488.21%,-,15.24%,73.63%,32.71,0.03%,"15,011,003"
HIMU,-,-,-,-,-,-,-,-,-,-,-,-,-,49.59,0.12%,"294,434"
HIMX,2.63B,81.74,17.55,0.22,3.22,2.88,3.08,37.41,58.73%,115.00%,-1.61%,80.42%,-1.30%,15.09,-4.07%,"3,356,247"
HIMZ,-,-,-,-,-,-,-,-,-,-,-,-,-,44.24,0.14%,"397,379"
HIND,14.81M,-,-,-,11.05,2.20,1.68,-,85.33%,-29.79%,93.71%,43.86%,-50.98%,2.11,0.48%,"10,876"
HIO,344.26M,12.07,-,-,10.47,0.93,-,-,-,-,-,-,-,3.62,0.56%,"235,106"
HIPO,673.55M,5.99,25.12,-,1.40,1.50,-,12.66,-85.14%,212.12%,-,-5.14%,-,25.87,-2.93%,"138,282"
HIPS,-,-,-,-,-,-,-,-,-,-,-,-,-,11.41,0.35%,"14,084"
HIS,-,-,-,-,-,-,-,-,-,-,-,-,-,24.46,-0.93%,"18,815"
HISF,-,-,-,-,-,-,-,-,-,-,-,-,-,44.37,-0.38%,"2,667"
HIT,63.57M,-,5.82,-,1.87,2.94,6.15,-,-383.33%,394.12%,-,-,-,0.97,-2.20%,"90,407"
HITI,193.31M,-,15.59,-,0.40,2.97,7.19,17.15,106.55%,414.45%,-5.39%,-,46.96%,2.20,-0.45%,"900,797"
HIVE,1.01B,-,-,-,3.40,1.86,23.20,-,-5.41%,34.10%,-,-,34.88%,3.79,-8.45%,"47,063,792"
HIW,3.22B,35.27,36.70,-,3.90,1.38,61.22,18.54,-26.05%,-25.75%,-15.59%,-16.97%,2.03%,29.22,1.07%,"1,350,252"
HIX,353.97M,9.14,-,-,7.18,0.90,-,-,-,-,-,-,-,3.93,0.77%,"280,474"
HIYY,-,-,-,-,-,-,-,-,-,-,-,-,-,15.85,-2.58%,"34,166"
HJUN,-,-,-,-,-,-,-,-,-,-,-,-,-,24.90,0.00%,0
HKD,307.35M,8.98,-,-,6.14,1.84,5.66,-,-,-,7.02%,-,14.67%,1.56,0.00%,"152,062"
HKIT,2.01M,0.72,-,-,0.31,0.00,0.09,-,-,-,-43.66%,-,2.40%,0.22,-16.86%,"3,040,980"
HKPD,-,-,-,-,-,-,-,-,-,-,-,-,-,0.37,-4.87%,"30,648"
HL,10.16B,21.78,12.70,0.41,6.47,3.95,16.74,21.01,92.44%,41.99%,-,31.28%,14.97%,15.15,4.34%,"30,121,249"
HLAL,-,-,-,-,-,-,-,-,-,-,-,-,-,69.75,0.20%,"64,997"
HLF,1.24B,5.26,3.82,0.19,0.24,-,2.73,3.32,25.14%,18.19%,-4.47%,20.24%,-1.89%,11.97,-4.01%,"2,457,596"
HLI,9.48B,21.93,14.47,1.24,3.62,4.04,7.94,13.91,7.62%,15.81%,6.43%,11.70%,11.43%,136.33,-1.21%,"489,173"
HLIO,3.07B,50.74,27.64,1.98,3.52,3.28,47.81,28.45,14.61%,14.53%,26.82%,13.97%,9.91%,92.88,3.70%,"379,147"
HLIT,1.61B,-,19.34,1.18,3.22,4.54,14.73,35.46,36.52%,19.69%,-4.77%,16.34%,-0.99%,14.85,2.13%,"1,674,916"
HLLY,284.07M,12.08,6.00,0.14,0.47,0.62,8.59,14.67,77.98%,22.84%,-19.94%,43.23%,4.00%,2.36,-3.28%,"406,939"
HLMN,1.63B,46.20,12.18,0.84,1.04,1.34,58.87,74.03,0.49%,17.16%,-,14.47%,2.55%,8.32,1.40%,"1,542,189"
HLN,40.92B,19.03,15.34,1.66,2.81,1.87,22.98,15.17,8.60%,9.37%,9.00%,9.23%,2.76%,9.27,0.43%,"7,269,665"
HLNE,4.23B,12.88,10.72,1.49,5.58,3.64,11.38,9.31,3.41%,16.59%,16.10%,7.18%,16.82%,76.22,3.29%,"1,014,326"
HLP,38.04M,19.28,-,-,1.94,0.65,20.13,57.63,-,-,-33.31%,-,11.93%,0.51,6.04%,"348,757"
HLT,77.53B,52.06,32.80,2.41,6.31,-,125.24,35.17,11.39%,14.94%,-,13.63%,22.71%,340.55,-0.84%,"3,100,401"
HLX,1.29B,90.10,15.21,0.80,0.99,0.83,2.57,7.69,-18.45%,112.25%,9.64%,19.05%,11.98%,8.74,1.98%,"1,134,424"
HLXC,231.65M,-,-,-,-,1.34,97.74,-,-,-,-,-,-,10.35,1.41%,1
HLXX,-,-,-,-,-,-,-,-,-,-,-,-,-,15.06,0.00%,0
HMC,33.92B,-,6.82,-,0.23,0.46,1.06,9.80,183.63%,127.93%,-,-,3.10%,26.14,1.48%,"980,265"
HMH,858.92M,20.07,8.63,0.26,1.08,1.21,8.48,11.64,36.43%,57.56%,-,32.87%,-,19.52,7.49%,"280,588"
HMN,2.05B,12.74,10.02,2.28,1.19,1.39,-,4.32,-3.89%,11.69%,4.21%,4.40%,5.36%,50.67,0.20%,"270,940"
HMOP,-,-,-,-,-,-,-,-,-,-,-,-,-,39.24,0.01%,"73,004"
HMR,71.25M,-,8.41,-,1.28,6.65,2.59,7.27,3775.00%,-6.45%,-,-,-,1.22,-2.40%,"160,982"
HMY,9.45B,10.44,3.79,0.07,1.90,3.02,20.38,15.31,99.35%,53.04%,-,51.01%,17.18%,15.12,3.63%,"3,544,631"
HMYY,-,-,-,-,-,-,-,-,-,-,-,-,-,7.03,-0.08%,"4,530"
HNDL,-,-,-,-,-,-,-,-,-,-,-,-,-,22.78,0.33%,"40,924"
HNGE,5.81B,-,22.32,1.17,9.00,52.01,18.41,28.68,-1.33%,30.24%,-,19.09%,-,75.14,6.49%,"2,790,554"
HNI,2.81B,92.06,8.09,0.46,0.78,1.59,36.00,356.32,16.26%,20.20%,2.58%,17.41%,7.74%,39.10,4.74%,"1,070,971"
HNNA,78.16M,9.38,-,-,2.37,0.78,1.07,7.51,-,-,3.66%,-,1.26%,9.89,-1.59%,"1,040"
HNRG,855.42M,33.89,17.58,1.70,1.93,4.16,19.73,-,-81.18%,471.52%,-,10.35%,13.67%,18.15,2.54%,"559,250"
HNST,391.88M,-,36.33,1.56,1.11,2.37,4.34,19.21,-6.32%,40.00%,2.55%,23.28%,4.32%,3.56,-3.52%,"1,286,640"
HNVR,166.75M,22.16,8.13,-,1.18,0.85,-,29.78,77.69%,19.49%,-3.31%,-,28.13%,23.30,-0.68%,"62,308"
HODL,-,-,-,-,-,-,-,-,-,-,-,-,-,16.74,-1.06%,"4,570,811"
HODU,-,-,-,-,-,-,-,-,-,-,-,-,-,10.78,-7.79%,"157,950"
HOFT,184.22M,-,12.80,-,0.64,1.09,17.35,10.59,164.17%,74.03%,-16.56%,-,-12.43%,17.15,0.59%,"63,254"
HOG,2.68B,14.45,13.42,-,0.62,0.88,1.48,61.09,-85.37%,366.53%,219.23%,-0.39%,1.99%,25.46,-0.35%,"1,667,218"
HOLA,-,-,-,-,-,-,-,-,-,-,-,-,-,55.15,0.53%,"12,066"
HOLD,-,-,-,-,-,-,-,-,-,-,-,-,-,31.95,0.68%,216
HOLO,33.45M,0.34,-,-,0.59,0.09,0.09,4.23,-,-,56.23%,-,-,1.46,-6.41%,"665,704"
HOMB,5.78B,11.84,11.08,2.81,3.93,1.30,-,11.58,4.99%,5.01%,13.15%,3.95%,13.31%,28.71,-0.07%,"1,671,829"
HOMZ,-,-,-,-,-,-,-,-,-,-,-,-,-,47.02,0.71%,"19,491"
HON,146.53B,32.78,20.18,2.31,3.69,10.78,11.83,34.86,7.47%,9.03%,1.83%,8.74%,2.78%,231.24,1.68%,"4,474,773"
HONAV,-,-,-,-,-,-,-,-,-,-,-,-,-,221.01,-9.79%,"43,959"
HONG,-,-,-,-,-,-,-,-,-,-,-,-,-,16.31,3.35%,"5,286"
HONIV,168.98B,-,-,-,-,-,-,-,-,-,-,-,-,238.05,17.26%,"1,319"
HOOD,84.25B,45.20,36.18,2.47,18.13,9.04,16.53,-,-8.53%,37.77%,259.78%,14.63%,36.27%,93.47,-3.83%,"22,839,386"
HOOG,-,-,-,-,-,-,-,-,-,-,-,-,-,26.22,-7.88%,"411,509"
HOOW,-,-,-,-,-,-,-,-,-,-,-,-,-,26.65,-4.62%,"106,254"
HOOX,-,-,-,-,-,-,-,-,-,-,-,-,-,29.64,-7.92%,"45,468"
HOOY,-,-,-,-,-,-,-,-,-,-,-,-,-,28.68,-5.66%,"126,696"
HOOZ,-,-,-,-,-,-,-,-,-,-,-,-,-,14.60,7.67%,"219,896"
HOPE,1.73B,26.10,8.91,-,1.77,0.76,-,12.44,126.53%,36.94%,-11.60%,-,8.33%,13.55,1.12%,"1,322,815"
HOUR,63.70M,33.96,-,-,0.43,8.15,64.34,-,-,-,-15.84%,-,29.80%,1.81,-3.21%,"17,821"
HOV,837.25M,39.94,-,-,0.29,1.20,2.39,3.08,-83.04%,-373.81%,1.13%,-,4.95%,141.88,-0.02%,"198,146"
HOVR,116.11M,-,-,-,-,14.68,8.05,-,-590.05%,-1.23%,-,-,-,1.88,0.00%,"1,588,020"
HOWL,16.23M,-,-,-,-,1.33,0.35,-,-,-,-6.15%,-,-,0.33,-10.84%,"643,271"
HOYY,-,-,-,-,-,-,-,-,-,-,-,-,-,5.65,-1.12%,"15,965"
HP,3.40B,-,21.54,0.41,0.85,1.34,15.13,13.28,-126.97%,722.80%,18.42%,52.95%,16.13%,34.01,3.82%,"1,381,005"
HPAI,19.56M,10.29,-,-,0.56,1.12,130.42,2.16,-,-,-30.11%,-,-,0.52,-9.43%,"126,441"
HPE,61.87B,43.94,11.65,0.37,1.59,2.44,11.56,15.51,75.97%,17.44%,29.09%,31.15%,4.96%,46.72,-4.16%,"26,530,232"
HPEL,-,-,-,-,-,-,-,-,-,-,-,-,-,13.75,-9.28%,"38,631"
HPF,340.57M,12.10,-,-,8.85,0.99,-,-,-,-,-,-,-,15.73,0.45%,"33,049"
HPI,428.67M,12.40,-,-,9.00,0.99,-,-,-,-,-,-,-,16.00,-0.12%,"37,245"
HPK,881.35M,-,-,-,1.14,0.60,9.20,-,-145.24%,-405.27%,-,10.72%,103.69%,6.97,2.88%,"595,110"
HPP,792.95M,-,-,-,0.97,0.31,4.88,6.69,75.67%,0.64%,-,36.34%,0.79%,14.30,-0.56%,"645,978"
HPQ,20.96B,8.46,7.58,3.91,0.36,-,5.66,5.55,-3.07%,0.04%,5.79%,1.94%,-0.43%,22.92,-1.59%,"17,580,474"
HPS,457.76M,12.16,-,-,8.93,0.99,-,-,-,-,-,-,-,14.23,-0.35%,"40,602"
HQ,825.12M,-,-,-,-,407.04,-,-,-40.74%,-18.42%,-,-28.28%,-,25.92,-8.76%,"714,699"
HQGO,-,-,-,-,-,-,-,-,-,-,-,-,-,63.61,-0.31%,19
HQH,1.21B,4.75,-,-,219.00,1.07,-,-,-,-,-,-,-,21.22,0.90%,"258,301"
HQI,174.03M,26.80,21.40,-,5.86,2.59,172.30,16.72,-21.83%,5.41%,2.90%,-2.40%,17.28%,12.52,-1.26%,"6,865"
HQL,578.67M,2.87,-,-,521.43,1.10,-,-,-,-,-,-,-,19.03,0.74%,"147,858"
HQY,6.97B,31.25,15.20,1.01,5.22,3.42,26.28,14.30,18.30%,16.03%,83.98%,15.09%,12.36%,83.43,-1.85%,"715,166"
HR,7.04B,-,813.70,-,6.06,1.59,268.31,15.23,97.01%,217.63%,-,-,9.94%,20.31,-0.54%,"2,875,037"
HRB,4.54B,6.36,6.15,0.33,1.16,-,5.11,5.96,10.73%,12.84%,-,18.43%,7.34%,35.78,-1.51%,"1,199,885"
HRI,5.11B,-,16.01,0.58,1.10,2.69,118.82,-,-21.02%,59.05%,-58.20%,27.41%,19.69%,153.00,6.82%,"1,012,112"
HRL,14.32B,30.69,16.55,2.35,1.17,1.80,16.65,20.66,8.88%,5.43%,-12.16%,7.04%,4.73%,26.02,1.84%,"4,563,749"
HRMY,1.98B,13.75,8.27,0.39,2.20,2.17,3.08,5.78,26.52%,20.42%,-,20.96%,40.30%,34.13,-0.93%,"534,954"
HROW,1.55B,-,17.99,-,5.76,53.88,16.35,108.25,276.79%,831.82%,-1.53%,-,40.99%,41.50,-2.76%,"678,023"
HRSK,-,-,-,-,-,-,-,-,-,-,-,-,-,25.19,0.36%,"47,942"
HRTG,738.42M,3.74,5.14,-,0.87,1.42,-,3.72,-31.70%,9.65%,80.14%,-,7.38%,24.33,-4.74%,"488,715"
HRTS,-,-,-,-,-,-,-,-,-,-,-,-,-,35.52,1.20%,"14,010"
HRTX,77.60M,-,-,-,0.51,9.56,1.73,-,55.56%,81.25%,45.44%,-,11.81%,0.41,-5.38%,"2,423,367"
HRZN,301.03M,11.09,5.78,-,7.47,0.63,4.11,7.52,-36.14%,13.86%,-,-11.21%,5.47%,4.41,3.52%,"494,602"
HSAI,1.95B,33.61,17.14,0.41,4.36,1.82,2.36,-,18.98%,67.84%,-,41.96%,47.56%,15.02,-3.78%,"2,032,210"
HSBC,326.69B,15.71,10.23,0.99,2.44,1.87,-,-,11.25%,10.60%,44.18%,10.32%,12.13%,95.06,1.29%,"1,135,837"
HSBH,-,-,-,-,-,-,-,-,-,-,-,-,-,106.37,0.96%,218
HSCS,9.83M,-,-,-,983.40,3.59,2.89,-,62.83%,12.35%,24.72%,37.96%,-41.63%,2.99,13.69%,"1,641,816"
HSCZ,-,-,-,-,-,-,-,-,-,-,-,-,-,43.14,0.18%,"27,605"
HSDT,86.99M,-,-,-,9.07,0.41,19.82,-,64.32%,91.67%,91.60%,41.00%,55.54%,1.49,-1.32%,"485,781"
HSHP,646.36M,22.00,9.11,0.15,4.50,4.11,26.38,10.56,370.96%,-17.67%,-,58.89%,-,13.71,-2.42%,"154,869"
HSIC,9.53B,25.27,14.15,1.51,0.71,2.93,69.08,21.42,7.63%,10.58%,3.12%,9.40%,5.43%,83.69,1.05%,"938,573"
HSLV,899.12M,80.95,-,-,49.05,2.17,8.71,-,-,-,-3.43%,-,-,4.42,4.49%,"667,861"
HSMV,-,-,-,-,-,-,-,-,-,-,-,-,-,38.14,-0.07%,"1,250"
HSPT,33.99M,41.49,-,-,-,110.79,3398.80,-,-,-,-,-,-,5.80,0.00%,0
HST,17.11B,17.06,25.29,-,2.78,2.51,10.05,18.62,17.22%,-23.39%,-,-4.44%,30.43%,24.98,1.63%,"8,802,070"
HSTM,750.83M,38.51,31.81,-,2.41,2.14,11.29,23.81,20.33%,10.08%,6.68%,-,4.43%,25.70,-1.57%,"181,072"
HSY,35.84B,32.87,17.68,0.89,2.99,7.57,40.87,19.35,33.79%,18.37%,-6.59%,19.87%,7.49%,176.68,-3.47%,"2,054,705"
HTAB,-,-,-,-,-,-,-,-,-,-,-,-,-,19.22,-0.08%,"39,644"
HTAX,-,-,-,-,-,-,-,-,-,-,-,-,-,24.96,0.00%,"3,647"
HTB,822.96M,12.64,13.12,-,2.83,1.39,-,9.77,-2.26%,2.64%,31.65%,-,12.90%,48.97,-0.02%,"100,534"
HTCO,36.89M,-,-,-,0.17,3.48,3.64,7.97,-,-,-51.80%,-,-,4.07,-3.55%,"252,658"
HTCR,4.35M,0.56,-,-,0.40,0.63,1.04,-,-,-,95.75%,-,-0.13%,3.02,-6.21%,"37,285"
HTD,898.20M,8.51,-,-,12.63,0.98,-,-,-,-,-,-,-,25.35,-0.59%,"98,634"
HTEC,-,-,-,-,-,-,-,-,-,-,-,-,-,36.82,1.61%,"1,894"
HTFL,3.02B,-,-,-,15.76,10.54,19.05,-,69.66%,46.22%,-,-,-,34.98,0.20%,"1,169,779"
HTGC,2.85B,8.58,7.72,-,5.54,1.28,63.47,9.16,0.28%,2.51%,-1.60%,-0.15%,16.30%,15.24,0.59%,"1,445,687"
HTH,2.31B,14.98,16.51,-,1.44,1.08,-,-,22.37%,0.32%,-10.52%,-,-5.77%,39.41,0.59%,"248,937"
HTHT,12.71B,18.87,13.90,1.06,3.49,8.02,5.55,12.61,14.60%,13.52%,-,13.08%,18.97%,41.39,-0.91%,"2,770,656"
HTLD,1.18B,-,29.17,-,1.55,1.58,26.49,-,104.07%,1820.98%,-,-,4.54%,15.28,4.73%,"488,530"
HTLM,164.13M,10.79,-,-,0.46,6.87,7.95,-,-,-,-,-,-,1.83,-7.58%,"6,330"
HTO,2.50B,20.50,21.15,3.33,3.07,1.36,16.36,-,-8.16%,2.99%,6.39%,6.36%,7.24%,59.82,1.10%,"427,909"
HTOO,8.54M,-,-,-,0.52,0.31,12.56,-,-,-,55.06%,-,-,2.59,-2.63%,"9,690"
HTRB,-,-,-,-,-,-,-,-,-,-,-,-,-,33.92,0.07%,"134,782"
HTT,223.66M,4.16,-,-,39.10,0.23,0.16,-,-,-,1.52%,-,-60.31%,2.40,-23.57%,"825,421"
HTUS,-,-,-,-,-,-,-,-,-,-,-,-,-,43.18,0.09%,"60,588"
HTZ,846.25M,-,29.41,-,0.10,-,0.69,-,60.54%,111.26%,26.75%,-,10.09%,2.68,-10.67%,"92,650,623"
HUBB,28.33B,31.67,24.58,2.65,4.72,7.57,54.80,31.15,8.68%,10.19%,20.85%,9.26%,9.68%,536.04,3.45%,"614,717"
HUBC,5.03M,-,-,-,0.17,-,-,-,-,-,-156.81%,-,-3.39%,1.51,-3.21%,"505,413"
HUBG,2.68B,25.26,21.53,1.99,0.72,1.58,18.33,44.75,-21.02%,41.83%,1.24%,10.82%,1.47%,43.90,2.09%,"636,045"
HUBS,8.72B,89.29,10.90,0.44,2.64,4.43,5.16,11.78,35.23%,19.07%,-,24.67%,28.81%,170.28,-5.78%,"1,431,844"
HUDI,12.61M,-,-,-,0.20,0.17,1.30,-,-,-,-,-,1.24%,0.88,-0.96%,"14,191"
HUHU,234.80M,-,-,-,78.79,209.22,345.29,617.89,-,-,-,-,35.62%,9.21,-4.46%,"22,123"
HUIZ,9.85M,4.60,179.33,5.39,0.05,0.20,0.25,-,52.42%,29.41%,-,33.27%,4.48%,1.15,-2.06%,"30,195"
HULL,-,-,-,-,-,-,-,-,-,-,-,-,-,24.79,-1.36%,44
HUM,45.14B,40.24,23.74,1.54,0.33,2.43,-,35.49,-48.39%,79.09%,-17.23%,15.39%,10.94%,376.00,3.97%,"1,146,198"
HUMA,167.18M,-,-,-,82.76,11.84,3.43,-,-30.77%,27.65%,53.14%,52.71%,-,0.62,-11.14%,"25,369,603"
HUMN,-,-,-,-,-,-,-,-,-,-,-,-,-,33.37,-0.51%,"127,533"
HUN,1.96B,-,106.79,-,0.35,0.73,5.32,14.55,77.79%,168.26%,-,-,-1.14%,11.33,0.09%,"7,094,397"
HURA,164.94M,-,-,-,-,7.19,26.18,-,11.11%,-0.60%,81.38%,4.43%,-,2.59,2.78%,"397,624"
HURC,148.31M,-,-,-,0.82,0.77,2.96,21.22,-,-,-20.37%,-,0.91%,22.90,0.75%,"65,039"
HURN,1.49B,15.75,9.02,0.97,0.86,3.80,56.50,12.08,12.84%,15.64%,-,9.29%,14.30%,92.21,-4.48%,"220,568"
HUSV,-,-,-,-,-,-,-,-,-,-,-,-,-,38.87,-0.71%,"4,237"
HUT,13.25B,-,-,-,46.60,9.60,82.49,-,-24.37%,25.38%,-,-,50.60%,117.68,1.36%,"3,166,187"
HUTG,-,-,-,-,-,-,-,-,-,-,-,-,-,32.04,2.78%,"18,173"
HUYA,173.89M,-,12.62,-,0.18,0.74,0.37,-,249.63%,60.75%,-,-,-10.57%,2.19,-1.79%,"710,086"
HVAC,-,-,-,-,-,-,-,-,-,-,-,-,-,42.45,2.59%,"12,347"
HVII,271.42M,83.64,-,-,-,1.44,848.19,-,-,-,-,-,-,10.43,0.10%,"19,815"
HVMC,298.51M,61.89,-,-,-,1.31,408.92,-,-,-,-,-,-,10.15,0.00%,"79,605"
HVT,406.42M,20.66,9.73,-,0.53,1.32,3.56,17.60,35.71%,60.06%,-17.57%,-,0.29%,25.14,-1.14%,"138,953"
HWAY,-,-,-,-,-,-,-,-,-,-,-,-,-,39.88,2.47%,"1,100"
HWBK,270.35M,11.23,-,-,2.40,1.54,-,11.51,-,-,11.86%,-,7.59%,39.20,-0.43%,"8,631"
HWC,6.03B,15.25,10.17,0.83,3.13,1.36,-,10.61,14.49%,12.46%,-,12.21%,8.10%,74.26,1.73%,"1,007,788"
HWH,10.43M,-,-,-,16.30,5.01,6.69,-,-,-,-133.89%,-,-,1.35,0.00%,"15,449"
HWKN,3.46B,42.29,34.20,-,3.19,6.43,884.97,40.19,9.16%,13.40%,15.19%,-,12.67%,165.51,0.11%,"156,836"
HWM,109.29B,63.36,45.36,1.93,12.67,19.84,44.86,65.99,34.09%,19.13%,50.77%,23.54%,9.43%,273.14,-1.06%,"4,793,289"
HWSM,-,-,-,-,-,-,-,-,-,-,-,-,-,30.42,0.60%,3
HXHX,5.65M,10.22,-,-,1.23,1.43,28.25,-,-,-,19.58%,-,17.86%,0.41,-9.16%,"70,161"
HXL,7.26B,63.84,31.34,1.11,3.79,5.73,134.14,35.11,30.96%,33.17%,29.37%,28.23%,4.52%,96.21,0.76%,"1,307,384"
HY,652.35M,-,24.11,-,0.18,1.52,7.97,23.38,-0.44%,144.22%,-,-,6.03%,36.41,1.31%,"115,284"
HYBB,-,-,-,-,-,-,-,-,-,-,-,-,-,46.80,0.35%,"18,573"
HYBI,-,-,-,-,-,-,-,-,-,-,-,-,-,49.17,0.09%,"24,367"
HYBL,-,-,-,-,-,-,-,-,-,-,-,-,-,27.95,-0.05%,"174,165"
HYBX,-,-,-,-,-,-,-,-,-,-,-,-,-,29.77,0.15%,"1,341"
HYD,-,-,-,-,-,-,-,-,-,-,-,-,-,51.47,-0.12%,"1,033,833"
HYDB,-,-,-,-,-,-,-,-,-,-,-,-,-,46.74,0.02%,"128,350"
HYDR,-,-,-,-,-,-,-,-,-,-,-,-,-,50.61,-2.65%,"72,876"
HYDW,-,-,-,-,-,-,-,-,-,-,-,-,-,46.77,0.05%,965
HYEM,-,-,-,-,-,-,-,-,-,-,-,-,-,20.13,-0.15%,"143,443"
HYFI,-,-,-,-,-,-,-,-,-,-,-,-,-,37.35,0.13%,"451,145"
HYFM,4.00M,-,-,-,0.03,-,0.75,-,-,-,-84.12%,-,-17.07%,0.84,-1.22%,"9,831"
HYFT,71.00M,-,-,-,5.39,6.47,6.83,-,65.37%,16.84%,-19.06%,42.31%,10.84%,1.52,-1.94%,"266,059"
HYG,-,-,-,-,-,-,-,-,-,-,-,-,-,79.88,0.04%,"29,322,275"
HYGH,-,-,-,-,-,-,-,-,-,-,-,-,-,86.44,-0.05%,"62,812"
HYGM,-,-,-,-,-,-,-,-,-,-,-,-,-,24.85,-0.02%,26
HYGV,-,-,-,-,-,-,-,-,-,-,-,-,-,40.22,0.07%,"83,262"
HYGW,-,-,-,-,-,-,-,-,-,-,-,-,-,29.06,0.03%,"10,847"
HYHG,-,-,-,-,-,-,-,-,-,-,-,-,-,64.78,-0.11%,"21,881"
HYI,134.80M,14.03,-,-,-,-,-,-,-,-,-,-,-,10.52,0.29%,"99,725"
HYIN,-,-,-,-,-,-,-,-,-,-,-,-,-,13.96,-0.81%,"32,068"
HYLB,-,-,-,-,-,-,-,-,-,-,-,-,-,36.47,0.03%,"1,005,918"
HYLN,866.67M,-,-,-,148.91,4.77,11.96,-,7.05%,-19.51%,-,20.97%,-,4.86,-1.22%,"5,521,613"
HYLS,-,-,-,-,-,-,-,-,-,-,-,-,-,40.67,-0.54%,"234,629"
HYMB,-,-,-,-,-,-,-,-,-,-,-,-,-,25.37,0.08%,"897,474"
HYMC,2.00B,-,-,-,-,8.94,10.54,-,-17.17%,37.93%,52.57%,-,-,21.89,0.88%,"1,839,115"
HYNE,133.85M,-,-,-,6.24,0.83,-,-,-,-,-,-,-,16.53,0.36%,"7,225"
HYP,-,-,-,-,-,-,-,-,-,-,-,-,-,30.00,1.28%,"5,483"
HYPD,44.87M,-,6.65,-,43.14,0.44,6.08,-,108.46%,-44.03%,34.01%,-,-16.47%,2.96,-12.94%,"1,586,799"
HYPG,-,-,-,-,-,-,-,-,-,-,-,-,-,22.40,4.49%,"18,411"
HYPR,167.76M,-,-,-,10.94,4.85,4.06,-,19.38%,3.37%,14.09%,10.33%,115.18%,1.69,15.75%,"3,831,800"
HYS,-,-,-,-,-,-,-,-,-,-,-,-,-,93.40,0.03%,"87,345"
HYSA,-,-,-,-,-,-,-,-,-,-,-,-,-,14.97,0.03%,"99,636"
HYSD,-,-,-,-,-,-,-,-,-,-,-,-,-,20.19,0.12%,"13,057"
HYT,1.67B,9.37,-,-,11.19,0.88,-,-,-,-,-,-,-,8.53,0.95%,"960,188"
HYTI,-,-,-,-,-,-,-,-,-,-,-,-,-,19.11,-0.21%,"54,772"
HYTR,-,-,-,-,-,-,-,-,-,-,-,-,-,21.34,0.05%,"66,109"
HYUP,-,-,-,-,-,-,-,-,-,-,-,-,-,41.61,-0.08%,"3,596"
HYXF,-,-,-,-,-,-,-,-,-,-,-,-,-,46.70,0.04%,"5,178"
HYZD,-,-,-,-,-,-,-,-,-,-,-,-,-,22.47,-0.55%,"28,355"
HZO,815.04M,-,23.20,0.39,0.36,0.87,4.31,4.81,19.79%,118.24%,-,59.73%,8.87%,37.00,-0.22%,"300,703"
IACO,433.56M,-,-,-,-,1.28,-,-,-,-,-,-,-,9.91,0.00%,"2,592"
IACQ,279.99M,-,-,-,-,-,-,-,-,-,-,-,-,9.95,-0.10%,"7,349"
IAE,97.83M,3.53,-,-,-,-,-,-,-,-,-,-,-,9.10,0.89%,"29,818"
IAF,117.29M,8.44,-,-,27.58,0.82,-,-,-,-,-,-,-,12.24,-1.13%,"15,312"
IAG,9.15B,9.23,6.56,0.31,2.69,2.12,16.60,7.42,99.30%,-1.57%,69.94%,21.08%,18.10%,15.83,3.94%,"4,805,578"
IAGG,-,-,-,-,-,-,-,-,-,-,-,-,-,50.60,0.04%,"783,474"
IAI,-,-,-,-,-,-,-,-,-,-,-,-,-,177.76,-2.00%,"83,989"
IAK,-,-,-,-,-,-,-,-,-,-,-,-,-,137.67,-0.97%,"200,190"
IALT,-,-,-,-,-,-,-,-,-,-,-,-,-,28.11,0.21%,"1,212,824"
IAPR,-,-,-,-,-,-,-,-,-,-,-,-,-,33.11,0.55%,"4,739"
IART,1.41B,-,6.91,0.80,0.86,1.35,5.30,345.13,9.89%,6.86%,-,8.68%,3.57%,18.10,1.80%,"847,971"
IAT,-,-,-,-,-,-,-,-,-,-,-,-,-,62.35,1.60%,"209,121"
IAU,-,-,-,-,-,-,-,-,-,-,-,-,-,75.71,0.96%,"6,282,709"
IAUG,-,-,-,-,-,-,-,-,-,-,-,-,-,30.06,0.30%,349
IAUI,-,-,-,-,-,-,-,-,-,-,-,-,-,48.51,0.96%,"154,996"
IAUM,-,-,-,-,-,-,-,-,-,-,-,-,-,40.13,1.01%,"3,224,682"
IAUX,1.20B,-,-,-,8.97,3.97,2.33,-,6.69%,98.05%,-81.09%,-,-,1.39,0.00%,"6,595,920"
IBAC,54.04M,134.54,-,-,-,8.14,-,-,-,-,-,-,-,10.79,0.00%,162
IBAT,-,-,-,-,-,-,-,-,-,-,-,-,-,44.57,-0.36%,"33,487"
IBB,-,-,-,-,-,-,-,-,-,-,-,-,-,183.67,1.18%,"1,958,123"
IBBQ,-,-,-,-,-,-,-,-,-,-,-,-,-,31.49,0.88%,"69,111"
IBCA,-,-,-,-,-,-,-,-,-,-,-,-,-,25.66,0.12%,"44,617"
IBCB,-,-,-,-,-,-,-,-,-,-,-,-,-,25.21,0.02%,"127,029"
IBCP,733.16M,10.63,9.29,-,2.31,1.43,-,28.05,6.67%,7.77%,5.29%,-,7.90%,35.58,-0.03%,"174,846"
IBD,-,-,-,-,-,-,-,-,-,-,-,-,-,23.94,0.34%,"69,001"
IBDR,-,-,-,-,-,-,-,-,-,-,-,-,-,24.22,0.00%,"708,763"
IBDS,-,-,-,-,-,-,-,-,-,-,-,-,-,24.20,0.04%,"453,742"
IBDT,-,-,-,-,-,-,-,-,-,-,-,-,-,25.24,0.06%,"441,440"
IBDU,-,-,-,-,-,-,-,-,-,-,-,-,-,23.16,0.09%,"392,340"
IBDV,-,-,-,-,-,-,-,-,-,-,-,-,-,21.80,0.09%,"880,315"
IBDW,-,-,-,-,-,-,-,-,-,-,-,-,-,20.85,0.14%,"819,860"
IBDX,-,-,-,-,-,-,-,-,-,-,-,-,-,25.20,0.16%,"617,365"
IBDY,-,-,-,-,-,-,-,-,-,-,-,-,-,25.79,0.12%,"439,557"
IBDZ,-,-,-,-,-,-,-,-,-,-,-,-,-,26.08,0.13%,"117,732"
IBEX,389.75M,9.08,8.03,0.56,0.62,2.43,25.29,12.06,28.00%,2.98%,39.92%,14.24%,6.62%,29.11,-2.71%,"116,214"
IBFR,-,-,-,-,-,-,-,-,-,-,-,-,-,50.31,0.41%,"4,873"
IBG,1.91M,-,-,-,-,0.17,10.03,-,-,-,-,-,7.66%,1.05,-7.89%,"113,603"
IBGA,-,-,-,-,-,-,-,-,-,-,-,-,-,24.62,0.04%,"8,606"
IBGB,-,-,-,-,-,-,-,-,-,-,-,-,-,24.57,-0.02%,883
IBGC,-,-,-,-,-,-,-,-,-,-,-,-,-,25.25,-0.00%,126
IBGK,-,-,-,-,-,-,-,-,-,-,-,-,-,23.59,-0.09%,57
IBGL,-,-,-,-,-,-,-,-,-,-,-,-,-,24.26,-0.09%,33
IBGM,-,-,-,-,-,-,-,-,-,-,-,-,-,25.21,-0.09%,89
IBHF,-,-,-,-,-,-,-,-,-,-,-,-,-,22.65,-0.04%,"210,834"
IBHG,-,-,-,-,-,-,-,-,-,-,-,-,-,22.03,0.00%,"70,568"
IBHH,-,-,-,-,-,-,-,-,-,-,-,-,-,23.49,0.06%,"58,161"
IBHI,-,-,-,-,-,-,-,-,-,-,-,-,-,23.35,0.00%,"73,506"
IBHJ,-,-,-,-,-,-,-,-,-,-,-,-,-,26.42,-0.03%,"26,363"
IBHK,-,-,-,-,-,-,-,-,-,-,-,-,-,25.72,0.06%,"23,013"
IBHL,-,-,-,-,-,-,-,-,-,-,-,-,-,25.36,-0.06%,"8,152"
IBHM,-,-,-,-,-,-,-,-,-,-,-,-,-,25.38,0.06%,956
IBIC,-,-,-,-,-,-,-,-,-,-,-,-,-,26.09,0.04%,"44,256"
IBID,-,-,-,-,-,-,-,-,-,-,-,-,-,26.25,0.11%,"46,475"
IBIE,-,-,-,-,-,-,-,-,-,-,-,-,-,26.31,0.11%,"12,864"
IBIF,-,-,-,-,-,-,-,-,-,-,-,-,-,26.28,0.23%,"25,433"
IBIG,-,-,-,-,-,-,-,-,-,-,-,-,-,26.27,0.23%,"14,801"
IBIH,-,-,-,-,-,-,-,-,-,-,-,-,-,26.25,0.31%,"13,798"
IBII,-,-,-,-,-,-,-,-,-,-,-,-,-,25.98,0.31%,"96,787"
IBIJ,-,-,-,-,-,-,-,-,-,-,-,-,-,26.10,0.33%,"8,766"
IBIK,-,-,-,-,-,-,-,-,-,-,-,-,-,25.89,0.35%,"116,774"
IBIL,-,-,-,-,-,-,-,-,-,-,-,-,-,25.66,0.28%,"7,987"
IBIM,-,-,-,-,-,-,-,-,-,-,-,-,-,25.36,0.34%,"1,157"
IBIO,78.99M,-,-,-,263.30,0.71,1.06,-,81.01%,6.67%,64.37%,38.86%,-24.57%,1.59,-1.85%,"371,523"
IBIT,-,-,-,-,-,-,-,-,-,-,-,-,-,33.52,-1.03%,"73,420,453"
IBKR,41.06B,39.62,32.08,2.21,3.82,7.35,0.41,1.15,14.73%,14.33%,29.67%,14.54%,33.08%,92.16,-0.68%,"3,070,671"
IBLC,-,-,-,-,-,-,-,-,-,-,-,-,-,48.54,-2.35%,"13,025"
IBM,242.74B,22.84,19.28,2.33,3.52,7.36,20.52,18.80,7.27%,7.73%,12.36%,8.29%,4.12%,258.27,-1.78%,"8,445,787"
IBMO,-,-,-,-,-,-,-,-,-,-,-,-,-,25.65,0.08%,"87,337"
IBMP,-,-,-,-,-,-,-,-,-,-,-,-,-,25.42,0.04%,"61,829"
IBMQ,-,-,-,-,-,-,-,-,-,-,-,-,-,25.58,0.08%,"38,086"
IBMR,-,-,-,-,-,-,-,-,-,-,-,-,-,25.38,0.02%,"32,372"
IBMS,-,-,-,-,-,-,-,-,-,-,-,-,-,25.86,0.02%,"24,875"
IBMT,-,-,-,-,-,-,-,-,-,-,-,-,-,25.77,0.04%,"36,069"
IBMU,-,-,-,-,-,-,-,-,-,-,-,-,-,25.40,0.04%,"44,204"
IBMV,-,-,-,-,-,-,-,-,-,-,-,-,-,25.40,0.16%,"5,151"
IBMW,-,-,-,-,-,-,-,-,-,-,-,-,-,25.30,0.04%,152
IBMX,-,-,-,-,-,-,-,-,-,-,-,-,-,25.15,0.04%,"1,288"
IBN,104.50B,17.22,15.06,1.07,2.96,2.69,-,-,11.70%,15.22%,18.52%,14.04%,10.18%,29.14,0.48%,"6,778,097"
IBND,-,-,-,-,-,-,-,-,-,-,-,-,-,31.02,-0.03%,"73,401"
IBO,51.32M,-,-,-,1283.01,4.48,2566.02,-,-,-,-48.53%,-,-,0.48,-4.36%,"86,521"
IBOC,4.79B,11.50,11.68,4.95,4.52,1.46,-,10.02,-1.51%,1.23%,20.37%,2.36%,12.78%,77.10,0.84%,"355,941"
IBOT,-,-,-,-,-,-,-,-,-,-,-,-,-,66.93,1.88%,"16,533"
IBP,6.12B,24.21,20.29,4.05,2.08,9.16,12.89,19.44,-11.52%,10.51%,24.31%,5.01%,12.44%,227.02,1.67%,"437,719"
IBRN,-,-,-,-,-,-,-,-,-,-,-,-,-,37.59,0.73%,"6,330"
IBRX,8.16B,-,-,-,57.87,-,21.42,-,-123.68%,81.57%,15.60%,-,299.74%,7.79,-0.13%,"9,383,421"
IBTA,760.67M,-,-,-,2.24,3.01,4.62,9.02,-861.11%,55.11%,-,-3.85%,-,31.90,-0.25%,"115,232"
IBTG,-,-,-,-,-,-,-,-,-,-,-,-,-,22.88,-0.02%,"344,337"
IBTH,-,-,-,-,-,-,-,-,-,-,-,-,-,22.36,0.04%,"390,579"
IBTI,-,-,-,-,-,-,-,-,-,-,-,-,-,22.13,0.02%,"370,672"
IBTJ,-,-,-,-,-,-,-,-,-,-,-,-,-,21.65,0.05%,"331,301"
IBTK,-,-,-,-,-,-,-,-,-,-,-,-,-,19.54,0.00%,"219,685"
IBTL,-,-,-,-,-,-,-,-,-,-,-,-,-,20.20,0.07%,"307,375"
IBTM,-,-,-,-,-,-,-,-,-,-,-,-,-,22.73,0.09%,"81,181"
IBTO,-,-,-,-,-,-,-,-,-,-,-,-,-,24.18,0.11%,"88,039"
IBTP,-,-,-,-,-,-,-,-,-,-,-,-,-,25.44,0.08%,"20,918"
IBTQ,-,-,-,-,-,-,-,-,-,-,-,-,-,25.14,0.06%,"29,032"
IBTR,-,-,-,-,-,-,-,-,-,-,-,-,-,24.97,0.06%,440
IBUF,-,-,-,-,-,-,-,-,-,-,-,-,-,31.08,0.55%,"6,046"
IBUY,-,-,-,-,-,-,-,-,-,-,-,-,-,68.53,-1.51%,"205,294"
IBX,-,-,-,-,-,-,-,-,-,-,-,-,-,24.93,-3.60%,"1,316,880"
ICAP,-,-,-,-,-,-,-,-,-,-,-,-,-,28.33,0.06%,"34,876"
ICCC,89.47M,-,-,-,2.99,3.07,13.14,26.47,-,-,4.06%,-,12.50%,9.89,1.02%,"14,690"
ICCM,19.70M,-,-,-,5.53,2.24,2.43,-,21.25%,31.69%,32.65%,38.44%,-2.67%,7.02,-24.52%,"1,553,796"
ICE,70.40B,18.13,14.15,1.20,5.45,2.39,29.60,15.08,16.77%,8.44%,8.90%,11.79%,9.86%,124.49,-4.25%,"4,933,893"
ICF,-,-,-,-,-,-,-,-,-,-,-,-,-,68.39,0.12%,"145,698"
ICFI,1.18B,14.08,8.48,1.28,0.65,1.14,22.14,7.82,3.72%,9.37%,11.48%,6.64%,4.44%,65.11,-4.09%,"256,462"
ICG,19.82M,-,-,-,0.65,0.30,0.28,-,-,-,-,-,31.18%,0.69,-6.25%,"34,959"
ICHR,3.31B,-,35.21,0.52,3.45,4.94,37.19,-,499.38%,95.75%,-,67.46%,0.72%,95.03,6.32%,"1,128,543"
ICL,6.43B,24.64,11.07,1.17,0.87,1.06,11.06,29.10,16.32%,7.46%,82.71%,9.49%,7.24%,4.98,-1.78%,"1,394,805"
ICLN,-,-,-,-,-,-,-,-,-,-,-,-,-,20.29,-0.93%,"6,703,536"
ICLO,-,-,-,-,-,-,-,-,-,-,-,-,-,25.58,0.00%,"104,423"
ICLR,12.32B,74.13,13.55,6.45,1.49,1.33,16.11,15.68,-15.27%,11.87%,-14.31%,2.10%,24.15%,160.96,1.76%,"2,251,074"
ICMB,17.17M,-,-,-,1.06,0.33,1.48,-,-,-,19.32%,-,-10.48%,1.19,-4.80%,"53,670"
ICOI,-,-,-,-,-,-,-,-,-,-,-,-,-,9.62,-4.47%,"112,636"
ICON,-,-,-,-,-,-,-,-,-,-,-,-,-,0.89,5.13%,"70,912"
ICOP,-,-,-,-,-,-,-,-,-,-,-,-,-,49.00,1.82%,"110,614"
ICOW,-,-,-,-,-,-,-,-,-,-,-,-,-,41.55,-0.10%,"192,765"
ICPI,-,-,-,-,-,-,-,-,-,-,-,-,-,50.53,0.09%,"1,677"
ICPY,-,-,-,-,-,-,-,-,-,-,-,-,-,12.21,-0.16%,"62,721"
ICRC,-,-,-,-,-,-,-,-,-,-,-,-,-,19.32,-2.70%,302
ICSH,-,-,-,-,-,-,-,-,-,-,-,-,-,50.55,0.00%,"899,486"
ICU,11.91M,-,-,-,8.27,1.63,1.27,-,37.88%,35.85%,-125.73%,49.38%,-,2.98,-3.56%,"52,565"
ICUI,3.72B,80.37,16.06,1.72,1.72,1.76,12.90,44.98,5.12%,13.63%,-62.61%,9.36%,11.90%,148.83,4.11%,"416,654"
ICVT,-,-,-,-,-,-,-,-,-,-,-,-,-,121.04,0.40%,"648,720"
IDA,8.29B,24.88,21.52,2.43,4.65,2.28,24.54,-,8.26%,8.83%,4.68%,8.85%,6.09%,149.61,1.59%,"742,206"
IDACU,151.50M,-,-,-,-,764.57,-,-,-,-,-,-,-,10.10,0.70%,436
IDAI,7.39M,-,16.50,-,2.21,0.97,1.90,-,60.30%,107.55%,20.20%,-,3.46%,1.32,2.33%,"222,433"
IDCC,7.06B,25.71,31.67,4.10,8.52,6.40,6.47,12.21,-38.93%,19.70%,52.24%,7.72%,18.36%,273.20,-0.31%,"462,613"
IDE,207.64M,3.31,-,-,-,-,-,-,-,-,-,-,-,13.70,0.51%,"46,344"
IDEC,-,-,-,-,-,-,-,-,-,-,-,-,-,34.17,0.29%,166
IDEF,-,-,-,-,-,-,-,-,-,-,-,-,-,30.98,-0.45%,"757,559"
IDEQ,-,-,-,-,-,-,-,-,-,-,-,-,-,34.91,0.93%,"248,560"
IDEV,-,-,-,-,-,-,-,-,-,-,-,-,-,88.57,0.79%,"1,135,931"
IDGT,-,-,-,-,-,-,-,-,-,-,-,-,-,121.11,-0.49%,"343,640"
IDHQ,-,-,-,-,-,-,-,-,-,-,-,-,-,43.16,1.15%,"77,477"
IDIAU,-,-,-,-,-,-,-,-,-,-,-,-,-,-,-,0
IDJN,-,-,-,-,-,-,-,-,-,-,-,-,-,24.67,0.12%,"5,000"
IDLV,-,-,-,-,-,-,-,-,-,-,-,-,-,34.38,0.50%,"48,053"
IDMO,-,-,-,-,-,-,-,-,-,-,-,-,-,60.15,1.25%,"563,312"
IDMY,-,-,-,-,-,-,-,-,-,-,-,-,-,25.08,0.56%,900
IDN,82.01M,37.33,23.82,-,3.52,3.81,8.15,19.72,125.00%,25.93%,-,-,16.12%,4.05,-1.46%,"277,709"
IDNA,-,-,-,-,-,-,-,-,-,-,-,-,-,32.29,1.83%,"163,954"
IDOG,-,-,-,-,-,-,-,-,-,-,-,-,-,41.47,0.63%,"42,176"
IDR,514.45M,23.38,21.55,-,10.37,4.41,10.59,70.28,33.33%,-0.66%,-,-,49.52%,32.54,2.78%,"201,011"
IDRV,-,-,-,-,-,-,-,-,-,-,-,-,-,37.49,-1.21%,"32,599"
IDT,1.39B,17.15,14.16,1.41,1.09,3.89,3.66,25.13,20.69%,2.60%,29.99%,10.04%,-1.76%,55.92,0.43%,"150,599"
IDU,-,-,-,-,-,-,-,-,-,-,-,-,-,115.94,0.60%,"79,685"
IDUB,-,-,-,-,-,-,-,-,-,-,-,-,-,27.64,1.03%,"12,074"
IDV,-,-,-,-,-,-,-,-,-,-,-,-,-,41.60,0.56%,"619,146"
IDVO,-,-,-,-,-,-,-,-,-,-,-,-,-,41.52,0.27%,"181,962"
IDVY,-,-,-,-,-,-,-,-,-,-,-,-,-,25.60,-0.40%,380
IDVZ,-,-,-,-,-,-,-,-,-,-,-,-,-,34.28,0.67%,"19,415"
IDX,-,-,-,-,-,-,-,-,-,-,-,-,-,10.43,1.16%,"24,539"
IDXX,43.78B,40.83,33.50,2.62,9.85,28.26,218.30,40.54,12.06%,13.02%,14.28%,12.77%,9.72%,554.94,1.05%,"617,191"
IDYA,3.45B,-,-,-,15.32,3.40,5.14,-,-235.59%,14.21%,1.64%,-,62.11%,36.29,0.03%,"1,199,535"
IDYN,-,-,-,-,-,-,-,-,-,-,-,-,-,29.84,0.67%,"3,285"
IE,1.48B,-,-,-,439.18,2.73,5.07,-,94.74%,-1316.10%,-23.80%,30.08%,-6.88%,9.35,-0.43%,"2,146,647"
IEAG,439.55M,-,-,-,-,1.32,7325.85,-,-,-,-,-,-,10.10,0.40%,"100,597"
IEDI,-,-,-,-,-,-,-,-,-,-,-,-,-,54.52,-1.59%,"1,782"
IEF,-,-,-,-,-,-,-,-,-,-,-,-,-,94.79,0.06%,"5,630,037"
IEFA,-,-,-,-,-,-,-,-,-,-,-,-,-,96.03,0.73%,"9,498,378"
IEI,-,-,-,-,-,-,-,-,-,-,-,-,-,117.57,0.09%,"537,643"
IEMG,-,-,-,-,-,-,-,-,-,-,-,-,-,82.17,0.88%,"12,187,447"
IEO,-,-,-,-,-,-,-,-,-,-,-,-,-,109.93,1.18%,"55,647"
IEP,4.87B,-,13.16,-,0.48,2.37,1.48,-,23.08%,237.50%,41.06%,-,8.25%,7.24,0.14%,"594,513"
IESC,15.27B,40.88,34.53,1.48,4.20,14.24,57.96,42.75,44.14%,12.75%,50.08%,23.32%,22.88%,766.54,2.55%,"298,787"
IETC,-,-,-,-,-,-,-,-,-,-,-,-,-,104.51,0.34%,"32,525"
IETH,-,-,-,-,-,-,-,-,-,-,-,-,-,16.13,-1.27%,57
IEUR,-,-,-,-,-,-,-,-,-,-,-,-,-,74.48,1.02%,"448,694"
IEUS,-,-,-,-,-,-,-,-,-,-,-,-,-,69.33,0.53%,"2,310"
IEV,-,-,-,-,-,-,-,-,-,-,-,-,-,72.17,1.15%,"85,344"
IEX,16.88B,33.68,24.71,3.08,4.78,4.18,28.66,27.61,6.91%,8.58%,5.35%,8.03%,8.01%,228.07,2.66%,"414,300"
IEZ,-,-,-,-,-,-,-,-,-,-,-,-,-,27.44,2.58%,"6,286,156"
IFBD,7.86M,-,-,-,0.90,0.44,1.54,-,-,-,-,-,-9.74%,0.96,4.34%,"7,044"
IFEB,-,-,-,-,-,-,-,-,-,-,-,-,-,31.17,0.47%,"6,341"
IFED,-,-,-,-,-,-,-,-,-,-,-,-,-,46.04,4.16%,401
IFF,19.17B,23.00,15.84,2.40,1.78,1.36,34.11,48.16,5.60%,6.85%,-,6.59%,16.46%,75.08,-0.99%,"1,901,991"
IFGL,-,-,-,-,-,-,-,-,-,-,-,-,-,22.26,0.88%,"5,883"
IFLN,-,-,-,-,-,-,-,-,-,-,-,-,-,18.26,0.11%,"24,536"
IFLO,-,-,-,-,-,-,-,-,-,-,-,-,-,33.01,0.43%,"9,394"
IFLR,-,-,-,-,-,-,-,-,-,-,-,-,-,53.10,0.83%,"228,215"
IFN,486.66M,-,-,-,93.02,0.77,-,-,-,-,-,-,-,11.41,-1.38%,"98,253"
IFRA,-,-,-,-,-,-,-,-,-,-,-,-,-,64.07,1.86%,"301,321"
IFRX,273.97M,-,-,-,-,3.16,5.97,-,55.13%,-35.41%,11.77%,14.09%,-,1.86,-3.63%,"603,493"
IFS,6.47B,10.38,8.39,0.58,2.13,1.75,-,4.80,19.94%,11.51%,38.56%,14.37%,7.05%,55.78,1.86%,"413,889"
IFV,-,-,-,-,-,-,-,-,-,-,-,-,-,26.92,0.77%,"30,678"
IG,-,-,-,-,-,-,-,-,-,-,-,-,-,20.73,0.07%,"28,523"
IGA,148.66M,7.88,-,-,30.97,0.91,-,-,-,-,-,-,-,9.69,-0.10%,"35,273"
IGAC,181.56M,246.19,-,-,-,1.43,255.72,-,-,-,-,-,-,10.02,0.10%,27
IGBH,-,-,-,-,-,-,-,-,-,-,-,-,-,24.61,-0.06%,"98,848"
IGC,26.21M,-,-,-,21.84,4.23,113.95,-,-,-,12.85%,-,-20.77%,0.26,-2.42%,"645,555"
IGCB,-,-,-,-,-,-,-,-,-,-,-,-,-,46.08,0.36%,"28,497"
IGD,483.46M,8.07,-,-,33.10,0.97,-,-,-,-,-,-,-,6.13,-1.13%,"364,874"
IGE,-,-,-,-,-,-,-,-,-,-,-,-,-,57.13,1.17%,"260,969"
IGEB,-,-,-,-,-,-,-,-,-,-,-,-,-,45.19,0.08%,"82,927"
IGF,-,-,-,-,-,-,-,-,-,-,-,-,-,67.32,1.08%,"1,848,477"
IGGY,-,-,-,-,-,-,-,-,-,-,-,-,-,28.46,0.87%,2
IGHG,-,-,-,-,-,-,-,-,-,-,-,-,-,78.28,0.08%,"12,010"
IGI,96.44M,16.09,-,-,-,-,-,-,-,-,-,-,-,16.09,0.50%,"22,230"
IGIB,-,-,-,-,-,-,-,-,-,-,-,-,-,53.25,0.13%,"2,567,014"
IGIC,1.10B,9.28,8.21,-,2.15,1.62,-,-,0.34%,8.11%,37.32%,-,10.92%,25.74,0.00%,"44,758"
IGLB,-,-,-,-,-,-,-,-,-,-,-,-,-,50.40,0.02%,"2,481,578"
IGLD,-,-,-,-,-,-,-,-,-,-,-,-,-,21.08,1.35%,"873,602"
IGM,-,-,-,-,-,-,-,-,-,-,-,-,-,158.36,0.74%,"477,824"
IGME,-,-,-,-,-,-,-,-,-,-,-,-,-,22.23,-1.95%,352
IGOV,-,-,-,-,-,-,-,-,-,-,-,-,-,41.00,0.07%,"144,217"
IGPT,-,-,-,-,-,-,-,-,-,-,-,-,-,102.94,3.09%,"142,568"
IGR,681.30M,37.50,-,-,16.68,1.00,-,-,-,-,-,-,-,4.50,0.00%,"461,137"
IGRO,-,-,-,-,-,-,-,-,-,-,-,-,-,87.45,0.38%,"48,242"
IGSB,-,-,-,-,-,-,-,-,-,-,-,-,-,52.40,0.08%,"2,362,131"
IGTR,-,-,-,-,-,-,-,-,-,-,-,-,-,34.40,4.09%,"4,768"
IGV,-,-,-,-,-,-,-,-,-,-,-,-,-,84.76,-1.64%,"14,951,532"
IH,30.79M,5.58,-,-,0.27,0.50,0.19,-,-,-,-,-,7.82%,1.38,-1.43%,"6,252"
IHAK,-,-,-,-,-,-,-,-,-,-,-,-,-,55.12,0.69%,"119,201"
IHD,137.99M,3.19,-,-,-,-,-,-,-,-,-,-,-,7.78,1.17%,"32,909"
IHDG,-,-,-,-,-,-,-,-,-,-,-,-,-,52.22,-0.30%,"209,573"
IHE,-,-,-,-,-,-,-,-,-,-,-,-,-,95.94,0.90%,"440,925"
IHF,-,-,-,-,-,-,-,-,-,-,-,-,-,54.45,1.78%,"359,966"
IHG,25.85B,35.66,26.89,2.00,4.97,-,22.83,29.82,13.95%,13.37%,-,13.46%,16.61%,174.13,0.83%,"205,654"
IHI,-,-,-,-,-,-,-,-,-,-,-,-,-,50.15,1.07%,"4,779,464"
IHRT,621.35M,-,102.75,-,0.16,-,4.60,-,95.51%,129.09%,25.23%,-,5.56%,4.11,2.88%,"983,964"
IHS,2.76B,14.97,6.39,0.12,1.77,-,2.94,5.55,159.52%,18.35%,-,51.48%,2.43%,8.24,0.73%,"1,303,934"
IHT,20.59M,-,-,-,2.72,5.42,514.69,-,-,-,1.73%,-,17.64%,1.71,-3.39%,"112,195"
IHY,-,-,-,-,-,-,-,-,-,-,-,-,-,21.64,0.14%,"6,947"
IIF,214.36M,-,-,-,120.16,0.81,-,-,-,-,-,-,-,22.70,0.13%,"26,844"
IIGD,-,-,-,-,-,-,-,-,-,-,-,-,-,24.47,0.08%,"5,917"
III,194.23M,19.33,14.30,-,0.79,2.06,8.56,8.32,22.11%,22.41%,27.49%,-,-0.36%,4.06,-0.98%,"176,718"
IIIN,602.43M,14.27,13.42,-,0.87,1.65,39.92,90.59,-22.14%,41.28%,16.42%,-,6.51%,31.00,3.40%,"263,175"
IIIV,561.14M,121.46,15.80,1.58,2.59,1.30,78.59,12.82,8.35%,11.79%,-64.36%,9.98%,7.26%,20.09,-1.47%,"402,569"
IIM,597.72M,31.72,-,-,13.37,1.00,-,-,-,-,-,-,-,12.69,-0.08%,"89,071"
IINC,-,-,-,-,-,-,-,-,-,-,-,-,-,25.03,-0.25%,"142,260"
IIPR,1.77B,15.61,-,-,6.74,0.97,19.90,9.71,8.91%,-,3.76%,-,17.87%,61.16,0.13%,"224,546"
IJAN,-,-,-,-,-,-,-,-,-,-,-,-,-,37.90,0.40%,"32,430"
IJH,-,-,-,-,-,-,-,-,-,-,-,-,-,76.46,0.92%,"6,470,788"
IJJ,-,-,-,-,-,-,-,-,-,-,-,-,-,147.03,0.90%,"196,175"
IJK,-,-,-,-,-,-,-,-,-,-,-,-,-,116.02,0.96%,"171,043"
IJR,-,-,-,-,-,-,-,-,-,-,-,-,-,146.27,1.28%,"4,221,607"
IJS,-,-,-,-,-,-,-,-,-,-,-,-,-,135.61,1.17%,"284,010"
IJT,-,-,-,-,-,-,-,-,-,-,-,-,-,175.18,1.41%,"107,416"
IJUL,-,-,-,-,-,-,-,-,-,-,-,-,-,35.83,0.42%,"8,734"
IJUN,-,-,-,-,-,-,-,-,-,-,-,-,-,31.08,0.38%,"9,445"
IKT,246.90M,-,-,-,-,1.47,1.45,-,14.87%,-5.82%,22.00%,6.93%,-,1.87,0.00%,"571,333"
ILAG,7.46M,-,-,-,1.66,1.54,11.47,-,-,-,-76.02%,-,-16.72%,3.59,6.53%,"15,515"
ILCB,-,-,-,-,-,-,-,-,-,-,-,-,-,101.70,0.09%,"7,900"
ILCG,-,-,-,-,-,-,-,-,-,-,-,-,-,113.55,0.22%,"47,974"
ILCV,-,-,-,-,-,-,-,-,-,-,-,-,-,100.37,-0.24%,"13,546"
ILDR,-,-,-,-,-,-,-,-,-,-,-,-,-,37.49,0.24%,"50,053"
ILF,-,-,-,-,-,-,-,-,-,-,-,-,-,33.56,1.21%,"3,025,387"
ILIT,-,-,-,-,-,-,-,-,-,-,-,-,-,17.66,-2.03%,"45,231"
ILLR,60.71M,-,-,-,2.78,-,5.01,-,-,-,-137.08%,-,-,3.05,296.57%,"216,000,380"
ILLU,386.08M,-,-,-,-,-,103.23,-,-,-,-,-,-,9.92,0.00%,2
ILMN,26.88B,32.24,30.02,2.49,6.12,10.09,23.27,27.60,8.09%,13.13%,4.22%,12.05%,6.02%,177.65,1.46%,"2,913,038"
ILOW,-,-,-,-,-,-,-,-,-,-,-,-,-,44.96,0.67%,"55,401"
ILPT,585.32M,-,-,-,1.29,1.22,3.15,11.75,28.00%,11.11%,-,-,12.01%,8.78,0.92%,"397,193"
ILS,-,-,-,-,-,-,-,-,-,-,-,-,-,19.66,-0.10%,"48,841"
ILTB,-,-,-,-,-,-,-,-,-,-,-,-,-,49.67,0.00%,"39,235"
IMA,70.15M,-,-,-,-,0.54,0.60,-,57.43%,25.18%,8.22%,25.70%,-38.64%,5.94,-1.00%,"13,746"
IMAR,-,-,-,-,-,-,-,-,-,-,-,-,-,30.32,0.32%,"3,507"
IMAX,2.38B,65.49,22.21,1.48,5.87,7.09,16.29,20.55,16.77%,15.32%,-,15.01%,24.52%,43.36,-1.28%,"1,231,660"
IMAY,-,-,-,-,-,-,-,-,-,-,-,-,-,31.64,0.44%,"8,180"
IMCB,-,-,-,-,-,-,-,-,-,-,-,-,-,96.02,0.51%,"27,516"
IMCC,0.88M,-,-,-,0.02,-,1.06,-,-,-,43.53%,-,27.02%,0.14,-11.98%,"1,601,732"
IMCG,-,-,-,-,-,-,-,-,-,-,-,-,-,97.16,0.78%,"65,718"
IMCR,1.55B,-,-,-,3.76,3.97,1.84,-,116.82%,-520.81%,25.05%,-,59.68%,30.54,1.83%,"827,001"
IMCV,-,-,-,-,-,-,-,-,-,-,-,-,-,91.47,0.44%,"19,744"
IMDX,180.50M,-,-,-,92.56,-,6.24,-,49.39%,-1.80%,29.01%,21.77%,27.24%,5.59,3.90%,"153,826"
IMF,-,-,-,-,-,-,-,-,-,-,-,-,-,50.82,0.71%,"1,533"
IMFL,-,-,-,-,-,-,-,-,-,-,-,-,-,34.34,1.36%,"26,207"
IMKTA,1.64B,15.99,-,-,0.30,0.99,3.93,10.87,-,-,-12.97%,-,2.96%,88.28,-2.11%,"119,986"
IMMP,60.26M,-,-,-,22.57,0.91,0.91,-,3.39%,49.43%,-4.46%,13.40%,-,0.41,5.44%,"788,010"
IMMR,221.11M,-,-,-,0.13,0.75,1.20,21.20,-,-,-,-,112.45%,6.68,2.77%,"864,902"
IMMX,691.97M,-,-,-,-,6.11,7.64,-,22.28%,-7.23%,-43.32%,24.70%,-,9.72,-3.19%,"1,350,637"
IMNM,2.20B,-,-,-,547.90,3.73,3.77,-,11.83%,-0.86%,-7.71%,22.81%,-,19.40,-1.77%,"3,193,826"
IMNN,7.23M,-,-,-,-,2.01,1.51,-,51.92%,34.65%,44.66%,34.32%,-,1.72,-0.58%,"48,393"
IMO,54.78B,26.81,13.98,1.67,1.67,3.36,74.30,19.63,48.28%,-13.27%,-,8.36%,16.10%,113.28,0.69%,"294,814"
IMOM,-,-,-,-,-,-,-,-,-,-,-,-,-,43.23,0.22%,"11,243"
IMOS,2.06B,77.86,15.63,0.15,2.51,2.68,5.28,-,504.92%,40.93%,-27.36%,107.10%,-0.35%,58.90,-6.21%,"107,603"
IMPP,217.89M,3.15,2.24,-,1.14,0.39,1.02,2.24,69.10%,-10.68%,-,-,51.31%,4.88,-1.01%,"384,440"
IMRA,-,-,-,-,-,-,-,-,-,-,-,-,-,17.09,0.36%,"3,501"
IMRN,9.07M,-,-,-,1.88,1.04,1.36,-,98.57%,-26.89%,-5.64%,-,22.82%,1.11,2.78%,"22,512"
IMRX,293.08M,-,-,-,-,1.42,1.87,-,10.44%,-17.67%,-13.77%,0.63%,-,4.53,-1.52%,"961,626"
IMSR,718.24M,-,-,-,-,2.49,2.61,-,-67.95%,-25.19%,-,-,-,6.78,-4.24%,"1,960,796"
IMST,-,-,-,-,-,-,-,-,-,-,-,-,-,6.77,-7.64%,"18,889"
IMTB,-,-,-,-,-,-,-,-,-,-,-,-,-,43.79,0.15%,"13,594"
IMTE,1.58M,-,-,-,22.62,0.11,-,-,-,-,45.36%,-,-43.11%,0.46,-9.00%,"41,494"
IMTG,-,-,-,-,-,-,-,-,-,-,-,-,-,49.26,0.10%,165
IMTM,-,-,-,-,-,-,-,-,-,-,-,-,-,53.04,1.51%,"392,272"
IMTX,1.28B,-,-,-,29.47,2.48,2.44,-,-8.61%,2.00%,18.43%,1.68%,8.86%,9.52,-4.94%,"260,109"
IMUX,205.27M,-,-,-,-,1.36,1.10,-,29.30%,19.10%,25.99%,19.08%,-,15.07,2.45%,"152,064"
IMVP,-,-,-,-,-,-,-,-,-,-,-,-,-,20.12,-0.89%,"29,249"
IMVT,7.85B,-,-,-,-,9.15,8.70,-,5.50%,3.09%,-17.75%,18.99%,-,38.24,0.05%,"2,153,553"
IMXI,416.81M,16.26,7.59,-,0.83,2.56,2.45,-,-22.09%,41.11%,4.21%,-,10.89%,13.85,4.06%,"812,822"
INAB,13.39M,-,-,-,-,0.59,0.61,-,72.04%,14.57%,22.63%,45.30%,-,1.36,-8.10%,"82,138"
INAC,151.09M,53.39,-,-,-,1.32,328.46,-,-,-,-,-,-,10.24,0.00%,104
INBK,238.93M,-,5.84,-,0.74,0.66,-,2.17,429.39%,115.73%,-,-,13.51%,27.41,4.18%,"53,036"
INBS,5.14M,-,-,-,1.31,0.48,0.75,-,82.90%,-51.46%,49.80%,41.23%,-,2.15,-2.27%,"33,438"
INBX,1.40B,-,-,-,1075.63,-,8.65,-,-2.16%,29.29%,-,23.96%,-,95.31,0.18%,"283,617"
INCE,-,-,-,-,-,-,-,-,-,-,-,-,-,66.88,0.19%,"6,055"
INCM,-,-,-,-,-,-,-,-,-,-,-,-,-,29.11,-0.10%,"313,428"
INCO,-,-,-,-,-,-,-,-,-,-,-,-,-,59.65,0.57%,"67,176"
INCR,61.01M,-,-,-,0.78,0.45,3.99,-,-,-,14.69%,-,32.88%,1.03,3.00%,"32,836"
INCY,21.48B,15.21,12.08,1.03,4.01,3.82,5.35,14.81,10.99%,17.92%,-,11.70%,14.03%,107.53,-0.86%,"1,810,545"
IND,-,-,-,-,-,-,-,-,-,-,-,-,-,23.10,-0.06%,"5,573"
INDA,-,-,-,-,-,-,-,-,-,-,-,-,-,49.43,-0.40%,"5,877,361"
INDB,4.11B,16.89,10.19,0.53,3.28,1.17,-,12.08,29.44%,14.45%,4.05%,19.32%,18.59%,85.11,1.51%,"490,018"
INDE,-,-,-,-,-,-,-,-,-,-,-,-,-,29.14,0.12%,"10,877"
INDH,-,-,-,-,-,-,-,-,-,-,-,-,-,39.17,-0.37%,378
INDI,837.28M,-,73.05,-,3.83,2.56,4.53,-,47.30%,131.95%,25.31%,-,57.25%,3.69,3.36%,"5,513,357"
INDL,-,-,-,-,-,-,-,-,-,-,-,-,-,45.32,-0.70%,"6,315"
INDO,40.77M,-,-,-,20.29,2.02,7.47,-,-,-,18.03%,-,0.32%,2.65,3.52%,"280,728"
INDP,369.17M,-,-,-,-,295.83,246.11,-,-,-,36.34%,-,-,3.26,-8.17%,"92,415"
INDQ,-,-,-,-,-,-,-,-,-,-,-,-,-,26.31,-0.84%,"3,512"
INDS,-,-,-,-,-,-,-,-,-,-,-,-,-,40.61,0.39%,"19,173"
INDV,5.03B,20.91,10.30,0.55,3.90,-,28.77,-,48.03%,8.32%,-,18.64%,13.88%,41.29,-0.43%,"1,612,099"
INDY,-,-,-,-,-,-,-,-,-,-,-,-,-,43.54,-0.37%,"120,974"
INDZ,-,-,-,-,-,-,-,-,-,-,-,-,-,25.05,-0.64%,332
INEO,9.15M,-,-,-,0.16,1.88,6.68,2.07,-,-,-,-,3.61%,0.57,0.98%,"12,627"
INEQ,-,-,-,-,-,-,-,-,-,-,-,-,-,38.42,-1.44%,"13,556"
INFH,-,-,-,-,-,-,-,-,-,-,-,-,-,10.00,-18.09%,"411,743"
INFL,-,-,-,-,-,-,-,-,-,-,-,-,-,48.32,0.21%,"380,226"
INFO,-,-,-,-,-,-,-,-,-,-,-,-,-,26.65,-0.14%,"7,667"
INFQ,2.79B,-,-,-,295.00,4.73,6.29,-,-46.88%,-3.78%,-,-5.30%,-,12.79,-9.29%,"15,749,080"
INFU,182.64M,24.03,16.61,-,1.28,3.11,86.56,7.94,37.10%,28.24%,-17.01%,-,8.05%,9.05,-1.09%,"154,373"
INFY,42.89B,13.08,12.18,2.84,2.12,4.37,10.61,11.08,2.19%,6.11%,5.69%,4.29%,8.36%,10.57,-3.29%,"22,618,619"
ING,89.23B,12.27,9.41,0.65,3.32,1.52,-,-,11.49%,16.86%,26.87%,14.45%,16.70%,31.02,-0.10%,"5,354,257"
INGM,6.41B,18.21,7.52,0.62,0.12,1.53,6.92,4716.39,13.04%,12.31%,-12.57%,12.19%,1.36%,27.69,0.22%,"1,459,491"
INGN,183.56M,-,-,-,0.52,1.01,1.65,-,8.91%,40.43%,-26.38%,27.33%,2.48%,6.78,0.30%,"173,985"
INGR,6.11B,9.32,8.41,2.30,0.85,1.39,6.65,13.60,-2.96%,6.61%,16.78%,3.66%,3.81%,96.82,-1.31%,"658,315"
INIO,28.68B,-,-,-,-,127.81,34.09,-,-,-,-,-,-,38.24,4.82%,"3,250,915"
INKM,-,-,-,-,-,-,-,-,-,-,-,-,-,34.34,-1.08%,"3,424"
INKT,56.34M,-,-,-,-,-,5.91,-,6.31%,-4.01%,9.83%,-6.00%,-,11.31,-6.61%,"14,674"
INLF,0.41M,-,-,-,0.02,0.00,0.24,-,-,-,-,-,-,0.03,-24.62%,"171,706,313"
INLX,26.37M,-,-,-,1.62,2.61,12.68,47.08,-,-,13.79%,-,14.98%,6.11,4.09%,"31,204"
INM,5.01M,-,-,-,1.54,0.73,0.96,-,-,-,60.38%,-,-,1.51,-2.58%,"13,623"
INMB,39.61M,-,-,-,-,2.02,1.85,-,62.23%,-7.71%,-12.95%,35.46%,35.58%,1.49,10.37%,"12,291,133"
INMD,851.29M,10.85,10.20,-,2.27,1.42,1.58,9.39,-16.47%,8.62%,6.62%,-1.88%,12.44%,14.81,0.14%,"1,266,846"
INMU,-,-,-,-,-,-,-,-,-,-,-,-,-,24.25,0.08%,"286,150"
INN,829.45M,-,-,-,1.14,0.88,16.45,10.42,-59.09%,0.00%,31.80%,-,25.48%,6.84,1.94%,"926,649"
INNV,1.40B,-,25.19,-,1.48,6.13,10.14,33.01,149.12%,280.24%,-,-,8.52%,10.35,7.03%,"355,694"
INO,88.85M,-,-,-,-,12.42,2.36,-,50.66%,56.92%,32.44%,-,-61.18%,1.08,-1.82%,"1,490,446"
INOD,2.39B,65.99,42.34,-,8.43,18.63,20.36,38.56,17.34%,60.10%,107.13%,-,34.00%,73.18,-10.26%,"2,314,977"
INOV,-,-,-,-,-,-,-,-,-,-,-,-,-,36.55,0.58%,"5,016"
INQQ,-,-,-,-,-,-,-,-,-,-,-,-,-,12.79,-0.16%,"77,605"
INR,807.49M,4.41,3.07,0.12,1.89,1.32,11.06,-,34.68%,23.13%,-,24.56%,-,12.71,-1.32%,"249,388"
INRO,-,-,-,-,-,-,-,-,-,-,-,-,-,35.78,0.11%,314
INSE,216.61M,-,11.39,-,0.72,-,5.12,9.42,161.11%,101.09%,16.56%,-,8.76%,8.12,0.87%,"87,617"
INSG,161.96M,15.92,15.55,-,0.96,-,8.39,13.94,-56.62%,333.90%,56.70%,-,-11.94%,9.95,0.20%,"231,970"
INSM,22.64B,-,286.75,-,27.63,32.09,18.51,-,57.98%,113.51%,-16.32%,-,29.83%,104.47,0.98%,"4,411,017"
INSP,1.25B,9.72,34.28,-,1.37,1.58,4.41,12.95,-62.99%,41.52%,-,-8.00%,51.21%,43.45,0.58%,"991,409"
INSW,4.03B,7.41,11.88,2.88,4.09,1.84,10.70,33.17,167.98%,-52.79%,-,4.13%,14.87%,81.49,-7.10%,"903,234"
INTA,1.70B,-,14.22,0.52,3.03,5.29,11.54,13.26,31.03%,25.70%,25.28%,27.54%,21.96%,22.02,-2.87%,"480,468"
INTC,667.80B,-,85.15,1.11,12.42,5.99,20.37,-,156.35%,44.94%,-,76.83%,-7.46%,132.87,0.93%,"122,207,530"
INTF,-,-,-,-,-,-,-,-,-,-,-,-,-,40.78,0.89%,"259,757"
INTG,94.16M,-,-,-,1.31,-,5.11,13.57,-,-,-8.51%,-,2.10%,43.82,-5.56%,"50,813"
INTJ,6.33M,-,-,-,2.67,0.49,0.73,-,-,-,-,-,-4.93%,4.12,-7.42%,"2,269"
INTL,-,-,-,-,-,-,-,-,-,-,-,-,-,30.37,-0.25%,"14,828"
INTM,-,-,-,-,-,-,-,-,-,-,-,-,-,52.28,0.12%,17
INTR,2.31B,8.84,5.20,0.22,0.78,1.18,-,3.69,30.50%,27.21%,159.41%,24.06%,59.62%,5.24,-0.76%,"7,043,000"
INTS,11.03M,-,-,-,-,1.04,1.08,-,59.61%,1.76%,5.76%,16.24%,-,4.08,0.00%,"107,775"
INTT,224.66M,382.87,28.23,0.23,1.86,2.15,14.33,-,677.78%,35.71%,-18.86%,124.62%,16.16%,17.88,6.30%,"238,056"
INTU,69.77B,15.45,9.31,0.60,3.33,3.39,10.29,9.04,18.27%,14.96%,14.60%,15.44%,19.65%,255.07,-2.73%,"4,155,160"
INTW,-,-,-,-,-,-,-,-,-,-,-,-,-,371.09,2.24%,"785,644"
INTZ,14.02M,-,-,-,2.26,3.79,10.24,-,11.96%,23.46%,44.88%,-,1.40%,0.69,1.12%,"161,566"
INUV,18.38M,-,-,-,0.27,1.51,6.36,-,7.14%,36.92%,17.88%,26.32%,14.07%,1.24,-2.36%,"102,474"
INV,418.96M,-,-,-,128.12,1.79,6.94,-,85.10%,54.77%,-,-,-,4.99,-4.13%,"1,193,009"
INVA,1.72B,3.88,10.42,-,3.97,1.28,2.82,9.47,8.12%,-37.22%,10.35%,-14.67%,3.93%,23.35,-1.23%,"605,581"
INVE,60.01M,-,-,-,2.54,0.44,0.48,-,27.85%,15.20%,-18.08%,-,-24.39%,2.50,-32.25%,"1,451,005"
INVG,-,-,-,-,-,-,-,-,-,-,-,-,-,25.57,0.10%,106
INVH,17.77B,52.63,40.88,-,6.32,1.95,47.64,20.31,-16.24%,-9.02%,18.79%,-5.89%,10.09%,29.91,0.91%,"6,712,717"
INVN,-,-,-,-,-,-,-,-,-,-,-,-,-,20.59,-1.55%,"1,661"
INVX,1.76B,34.22,13.16,0.51,1.80,1.70,8.76,12.06,40.41%,20.44%,-,25.84%,21.80%,25.56,-0.16%,"299,143"
INVZ,119.36M,-,-,-,2.66,2.06,1.99,-,8.82%,24.73%,-44.20%,19.10%,-,0.56,-2.40%,"4,323,038"
INYY,-,-,-,-,-,-,-,-,-,-,-,-,-,56.86,-1.21%,"16,268"
IOCT,-,-,-,-,-,-,-,-,-,-,-,-,-,36.85,0.49%,"20,686"
ION,-,-,-,-,-,-,-,-,-,-,-,-,-,51.60,-1.81%,"3,835"
IONL,-,-,-,-,-,-,-,-,-,-,-,-,-,24.65,-11.41%,"649,898"
IONQ,18.87B,-,-,-,100.86,3.79,9.28,-,79.52%,-397.41%,-69.38%,-4.61%,-,50.56,-5.67%,"21,713,102"
IONR,310.55M,-,-,-,-,1.17,17.39,-,51.22%,0.00%,5.18%,-19.52%,-,4.04,-1.22%,"436,524"
IONS,12.95B,-,-,-,12.24,26.45,6.55,-,-51.53%,68.43%,5.62%,-,5.29%,78.34,2.38%,"2,582,773"
IONX,-,-,-,-,-,-,-,-,-,-,-,-,-,46.46,-11.13%,"1,181,027"
IONZ,-,-,-,-,-,-,-,-,-,-,-,-,-,2.96,11.28%,"23,648,981"
IOO,-,-,-,-,-,-,-,-,-,-,-,-,-,133.91,-0.83%,"169,357"
IOPP,-,-,-,-,-,-,-,-,-,-,-,-,-,25.84,-0.23%,925
IOR,74.21M,18.50,-,-,-,0.58,-,-,-,-,-0.59%,-,-,18.25,2.02%,254
IOSP,2.04B,18.05,13.64,-,1.14,1.52,7.06,26.56,-9.30%,27.06%,32.14%,-,8.31%,82.81,-0.70%,"229,500"
IOT,16.94B,298.46,31.98,1.19,9.79,11.20,20.98,72.10,26.79%,27.63%,48.51%,26.80%,45.30%,28.98,-7.23%,"7,037,411"
IOTR,6.95M,-,-,-,0.73,2.13,8.91,-,-,-,-,-,-,2.71,-3.21%,"16,207"
IOVA,1.88B,-,-,-,6.58,2.56,6.00,-,49.60%,43.74%,10.23%,-,-,4.21,-0.94%,"8,978,093"
IOYY,-,-,-,-,-,-,-,-,-,-,-,-,-,8.30,-1.54%,"34,054"
IP,20.66B,-,14.68,-,0.83,1.40,15.91,37.36,1828.05%,92.28%,-,-,6.12%,39.02,1.88%,"6,870,758"
IPAC,-,-,-,-,-,-,-,-,-,-,-,-,-,81.85,0.60%,"43,883"
IPAR,3.34B,19.80,18.70,3.09,2.24,3.79,14.10,16.88,-7.06%,14.58%,34.12%,6.05%,22.53%,104.36,0.11%,"287,394"
IPAV,-,-,-,-,-,-,-,-,-,-,-,-,-,32.60,-0.21%,"2,257"
IPAY,-,-,-,-,-,-,-,-,-,-,-,-,-,44.34,-0.95%,"63,197"
IPCX,355.76M,157.32,-,-,-,1.44,428.63,-,-,-,-,-,-,10.32,0.00%,"130,137"
IPDN,7.84M,-,-,-,1.19,0.45,3.15,-,-,-,22.96%,-,7.99%,0.61,-0.73%,"56,309"
IPEX,156.67M,1810.34,-,-,-,1.50,15666.92,-,-,-,-,-,-,10.50,0.10%,303
IPFX,347.12M,-,-,-,-,1.43,159.96,-,-,-,-,-,-,10.29,-0.19%,"67,309"
IPGP,4.68B,162.39,51.42,0.96,4.49,2.21,5.76,-,74.04%,68.74%,-24.47%,53.48%,-3.52%,110.23,2.33%,"362,709"
IPHA,168.08M,-,35.47,3.95,53.70,-,4.17,-,53.55%,117.11%,7.69%,8.98%,-45.26%,1.79,-5.79%,"6,890"
IPI,455.78M,32.09,62.39,-,1.52,0.90,4.59,11.14,-13.11%,-56.53%,-,-,8.66%,33.93,1.37%,"127,366"
IPKW,-,-,-,-,-,-,-,-,-,-,-,-,-,56.06,0.44%,"30,053"
IPM,14.91M,-,12.69,-,0.61,1.23,1.85,-,146.67%,85.71%,-,-,12.97%,1.65,-2.94%,"27,869"
IPO,-,-,-,-,-,-,-,-,-,-,-,-,-,56.35,-0.35%,"75,879"
IPOS,-,-,-,-,-,-,-,-,-,-,-,-,-,25.42,2.24%,"2,547"
IPSC,414.81M,-,-,-,-,1.56,3.07,-,-224.60%,3.16%,35.31%,-,-,2.30,0.44%,"1,014,888"
IPST,1.92M,-,-,-,0.18,0.04,21.36,-,-,-,15.27%,-,5.12%,2.66,-8.90%,"26,019"
IPVVU,199.94M,-,-,-,-,-,19994.31,-,-,-,-,-,-,9.94,0.25%,"858,816"
IPW,1.70M,-,-,-,0.05,0.03,0.58,3.70,-,-,-,-,10.62%,2.58,8.40%,"3,183,407"
IPWR,81.00M,-,-,-,2699.95,3.44,4.94,-,16.38%,17.53%,12.06%,15.09%,-38.48%,5.06,-3.80%,"317,853"
IPX,893.98M,-,-,-,-,8.19,13.58,-,-735.00%,73.53%,-49.42%,-,-,26.34,-4.91%,"377,684"
IQ,509.99M,-,12.53,0.25,0.14,0.49,0.88,-,-115.90%,1230.36%,53.02%,50.85%,-2.48%,0.96,-4.83%,"16,355,670"
IQDF,-,-,-,-,-,-,-,-,-,-,-,-,-,34.37,1.15%,"83,913"
IQDG,-,-,-,-,-,-,-,-,-,-,-,-,-,42.85,-0.28%,"34,762"
IQDY,-,-,-,-,-,-,-,-,-,-,-,-,-,42.48,1.14%,"111,502"
IQHI,-,-,-,-,-,-,-,-,-,-,-,-,-,25.91,-0.15%,407
IQI,530.95M,29.53,-,-,12.96,0.97,-,-,-,-,-,-,-,10.04,0.30%,"170,300"
IQLT,-,-,-,-,-,-,-,-,-,-,-,-,-,48.94,1.09%,"1,572,355"
IQM,-,-,-,-,-,-,-,-,-,-,-,-,-,120.16,2.34%,"3,162"
IQMM,-,-,-,-,-,-,-,-,-,-,-,-,-,100.11,0.01%,"75,458"
IQQQ,-,-,-,-,-,-,-,-,-,-,-,-,-,49.29,0.87%,"35,435"
IQRA,-,-,-,-,-,-,-,-,-,-,-,-,-,30.47,0.82%,2
IQSI,-,-,-,-,-,-,-,-,-,-,-,-,-,37.94,1.00%,587
IQSM,-,-,-,-,-,-,-,-,-,-,-,-,-,39.09,0.93%,183
IQST,10.70M,-,-,-,0.03,0.80,4.12,-,75.87%,84.06%,18.80%,-,47.81%,1.59,47.22%,"103,448,091"
IQSU,-,-,-,-,-,-,-,-,-,-,-,-,-,60.90,0.29%,"1,477"
IQSZ,-,-,-,-,-,-,-,-,-,-,-,-,-,31.21,0.34%,25
IQV,31.12B,23.11,13.17,1.36,1.87,5.00,14.80,14.70,7.53%,10.46%,40.52%,9.67%,7.50%,186.43,0.44%,"1,597,894"
IR,31.97B,55.06,21.26,2.67,4.11,3.14,25.09,27.54,4.96%,9.63%,-,7.96%,14.00%,81.70,4.32%,"5,022,376"
IRAB,227.67M,-,-,-,-,5.13,989.87,-,-,-,-,-,-,9.94,0.00%,0
IRD,307.15M,-,-,-,25.64,-,5.12,-,-40.86%,32.72%,31.49%,23.83%,-,3.72,0.27%,"982,061"
IRDM,4.42B,42.20,30.68,1.78,5.05,9.44,39.62,14.51,6.82%,20.46%,-,17.28%,8.36%,41.84,-1.04%,"1,840,790"
IRE,-,-,-,-,-,-,-,-,-,-,-,-,-,18.54,-10.30%,"5,378,374"
IREG,-,-,-,-,-,-,-,-,-,-,-,-,-,14.25,-10.36%,"486,512"
IREN,17.04B,164.39,209.86,2.32,34.14,8.92,11.24,-,-230.04%,146.03%,-,90.49%,171.29%,47.74,-5.09%,"35,878,763"
IREX,-,-,-,-,-,-,-,-,-,-,-,-,-,25.52,-10.68%,"770,406"
IREZ,-,-,-,-,-,-,-,-,-,-,-,-,-,7.45,10.21%,"6,307,488"
IRHO,294.96M,243.00,-,-,-,1.33,409.66,-,-,-,-,-,-,10.06,-0.10%,"166,044"
IRIX,20.54M,-,59.00,-,0.39,-,4.47,-,80.77%,140.00%,10.54%,-,7.70%,1.18,-0.84%,"42,754"
IRM,38.99B,143.91,50.40,3.69,5.38,-,155.53,-,11.87%,9.65%,-16.38%,13.66%,10.72%,131.06,0.36%,"1,829,462"
IRMD,1.20B,51.13,39.86,3.37,13.91,12.18,21.29,49.04,7.51%,13.49%,73.89%,11.84%,21.45%,93.87,-0.83%,"98,588"
IROC,-,-,-,-,-,-,-,-,-,-,-,-,-,51.12,0.13%,"2,420"
IRON,2.68B,-,-,-,-,3.89,3.67,-,-15.77%,-5.98%,25.96%,1.49%,-,70.16,-0.30%,"935,796"
IRS,1.30B,4.38,-,-,3.02,0.87,3.60,6.40,-,-,-9.40%,-,-22.50%,15.39,-2.84%,"159,861"
IRT,4.05B,82.56,113.11,-,6.12,1.16,93.60,22.52,-39.08%,1.34%,9.08%,-23.31%,25.67%,16.76,1.51%,"2,037,070"
IRTC,3.81B,-,104.95,-,4.84,23.64,6.94,203.29,99.39%,13148.88%,2.49%,-,23.02%,115.99,3.13%,"883,883"
IRTR,-,-,-,-,-,-,-,-,-,-,-,-,-,31.99,0.15%,"21,790"
IRVH,-,-,-,-,-,-,-,-,-,-,-,-,-,19.36,0.26%,6
IRWD,632.12M,6.43,3.11,0.03,1.75,-,2.87,5.63,686.67%,4.66%,-25.92%,111.05%,-5.33%,3.84,-1.79%,"1,657,383"
ISBA,292.21M,14.70,10.09,-,2.53,1.25,-,12.78,38.67%,11.27%,13.78%,-,7.50%,39.85,-0.18%,"53,109"
ISBG,-,-,-,-,-,-,-,-,-,-,-,-,-,10.65,-1.42%,"10,315"
ISCB,-,-,-,-,-,-,-,-,-,-,-,-,-,74.16,0.75%,"5,214"
ISCF,-,-,-,-,-,-,-,-,-,-,-,-,-,43.15,0.61%,"61,168"
ISCG,-,-,-,-,-,-,-,-,-,-,-,-,-,63.99,0.68%,"14,359"
ISCV,-,-,-,-,-,-,-,-,-,-,-,-,-,77.34,0.47%,"7,852"
ISD,426.80M,10.94,-,-,-,-,-,-,-,-,-,-,-,12.80,0.95%,"122,642"
ISEP,-,-,-,-,-,-,-,-,-,-,-,-,-,34.48,0.51%,"1,778"
ISHG,-,-,-,-,-,-,-,-,-,-,-,-,-,73.97,0.20%,"269,176"
ISHP,-,-,-,-,-,-,-,-,-,-,-,-,-,32.54,-1.34%,8
ISMD,-,-,-,-,-,-,-,-,-,-,-,-,-,48.99,0.86%,"31,862"
ISMF,-,-,-,-,-,-,-,-,-,-,-,-,-,27.92,0.32%,"7,088"
ISNRU,202.00M,-,-,-,-,336666.68,-,-,-,-,-,-,-,10.10,1.10%,17
ISOU,603.87M,-,-,-,-,1.75,4.62,-,-,-,45.44%,-,-,9.96,-2.16%,"93,913"
ISPC,3.69M,-,-,-,3.58,2.34,1.31,-,-,-,30.62%,-,-25.10%,2.57,-4.10%,"41,060"
ISPR,92.99M,-,-,-,1.04,-,5.14,422.68,47.83%,91.67%,-,-,19.08%,1.62,-10.99%,"101,426"
ISPY,-,-,-,-,-,-,-,-,-,-,-,-,-,47.40,0.22%,"63,678"
ISRA,-,-,-,-,-,-,-,-,-,-,-,-,-,62.19,-0.22%,"4,979"
ISRG,141.56B,48.48,33.76,2.32,13.38,8.11,31.13,49.94,16.98%,13.33%,21.79%,14.58%,18.22%,399.69,-0.53%,"2,813,411"
ISSB,-,-,-,-,-,-,-,-,-,-,-,-,-,15.71,-1.36%,"4,244"
ISSC,304.00M,18.07,16.99,1.15,3.36,4.20,44.97,23.03,4.55%,8.70%,35.61%,14.76%,31.31%,16.99,2.10%,"433,775"
ISTB,-,-,-,-,-,-,-,-,-,-,-,-,-,48.25,0.06%,"202,751"
ISTM,-,-,-,-,-,-,-,-,-,-,-,-,-,28.46,1.50%,"2,823"
ISTR,406.36M,13.71,9.05,-,2.35,1.05,-,18.00,39.76%,4.49%,9.78%,-,7.72%,29.46,-1.70%,"152,777"
ISUL,-,-,-,-,-,-,-,-,-,-,-,-,-,17.19,-1.37%,"27,817"
ISVL,-,-,-,-,-,-,-,-,-,-,-,-,-,50.49,0.88%,"11,905"
ISWN,-,-,-,-,-,-,-,-,-,-,-,-,-,22.41,0.77%,"1,137"
IT,8.48B,12.51,8.23,0.77,1.31,135.61,5.09,6.74,4.17%,12.21%,26.62%,10.64%,9.65%,126.63,-2.94%,"1,350,886"
ITA,-,-,-,-,-,-,-,-,-,-,-,-,-,237.38,0.50%,"786,271"
ITAN,-,-,-,-,-,-,-,-,-,-,-,-,-,41.46,-0.01%,"18,626"
ITB,-,-,-,-,-,-,-,-,-,-,-,-,-,104.25,0.90%,"2,213,019"
ITDB,-,-,-,-,-,-,-,-,-,-,-,-,-,34.85,0.22%,"11,861"
ITDC,-,-,-,-,-,-,-,-,-,-,-,-,-,36.44,0.35%,"9,387"
ITDD,-,-,-,-,-,-,-,-,-,-,-,-,-,38.19,0.38%,"5,363"
ITDE,-,-,-,-,-,-,-,-,-,-,-,-,-,39.59,0.23%,"9,332"
ITDF,-,-,-,-,-,-,-,-,-,-,-,-,-,40.96,0.36%,"44,830"
ITDG,-,-,-,-,-,-,-,-,-,-,-,-,-,41.62,0.46%,"5,191"
ITDH,-,-,-,-,-,-,-,-,-,-,-,-,-,41.57,0.25%,"1,243"
ITDI,-,-,-,-,-,-,-,-,-,-,-,-,-,41.54,0.25%,"6,303"
ITDJ,-,-,-,-,-,-,-,-,-,-,-,-,-,32.31,0.34%,"7,638"
ITEQ,-,-,-,-,-,-,-,-,-,-,-,-,-,63.25,-0.45%,"4,030"
ITGR,3.16B,23.20,13.68,3.14,1.71,1.86,389.39,31.68,-4.96%,11.92%,4.37%,4.36%,11.47%,93.12,1.90%,"261,890"
ITHA,305.74M,-,-,-,-,1.37,470.37,-,-,-,-,-,-,9.96,-0.10%,124
ITIC,500.49M,13.19,-,-,1.79,1.83,-,18.29,-,-,-2.24%,-,2.90%,265.09,0.17%,"50,139"
ITM,-,-,-,-,-,-,-,-,-,-,-,-,-,47.03,0.09%,"176,907"
ITOC,5.29M,-,-,-,10.17,0.72,1.80,-,-,-,-,-,-7.12%,0.31,-4.73%,"171,963"
ITOT,-,-,-,-,-,-,-,-,-,-,-,-,-,161.22,0.08%,"2,278,937"
ITP,3.20M,-,-,-,0.04,0.02,0.35,0.84,-,-,-,-,-8.40%,0.19,-2.02%,"316,451"
ITRG,473.26M,65.73,3.49,0.08,1.90,1.84,4.46,-,69.58%,41.10%,58.05%,42.59%,-,2.34,-2.09%,"4,497,958"
ITRI,3.68B,13.25,12.51,3.43,1.57,2.29,5.16,9.90,-15.94%,10.66%,-,3.65%,1.72%,82.95,1.64%,"728,877"
ITRN,1.24B,20.51,16.20,1.19,3.29,7.03,11.45,16.49,20.89%,8.64%,30.36%,13.59%,7.89%,62.12,0.44%,"99,953"
ITT,17.89B,35.28,21.98,1.41,4.22,3.78,29.77,36.90,16.56%,16.24%,49.04%,15.63%,9.71%,200.08,2.82%,"904,541"
ITUB,43.39B,11.00,7.80,0.56,0.56,2.10,-,3.49,21.76%,11.20%,16.95%,14.03%,15.71%,8.03,1.90%,"24,731,771"
ITW,77.85B,25.12,22.38,3.24,4.80,24.11,94.14,28.42,7.75%,6.99%,9.62%,6.91%,4.99%,270.60,2.62%,"1,650,770"
ITWO,-,-,-,-,-,-,-,-,-,-,-,-,-,46.65,0.63%,"23,934"
IUS,-,-,-,-,-,-,-,-,-,-,-,-,-,64.89,-0.14%,"20,993"
IUSB,-,-,-,-,-,-,-,-,-,-,-,-,-,46.26,0.06%,"3,416,491"
IUSG,-,-,-,-,-,-,-,-,-,-,-,-,-,182.85,0.18%,"485,558"
IUSV,-,-,-,-,-,-,-,-,-,-,-,-,-,109.71,-0.05%,"494,716"
IVA,826.84M,-,-,-,168.74,-,7.09,-,64.02%,-17.08%,-13.59%,37.09%,64.18%,3.50,1.16%,"2,121,073"
IVAL,-,-,-,-,-,-,-,-,-,-,-,-,-,34.46,0.60%,"9,096"
IVDA,4.41M,-,-,-,0.83,0.75,0.77,-,-,-,15.03%,-,28.89%,0.38,-10.61%,"783,360"
IVE,-,-,-,-,-,-,-,-,-,-,-,-,-,226.09,-0.09%,"4,710,679"
IVEP,-,-,-,-,-,-,-,-,-,-,-,-,-,28.30,0.75%,"27,703"
IVES,-,-,-,-,-,-,-,-,-,-,-,-,-,35.88,-0.75%,"896,046"
IVF,2.22M,-,-,-,0.31,0.14,0.45,-,-,-,72.72%,-,45.83%,1.24,-6.06%,"134,720"
IVLU,-,-,-,-,-,-,-,-,-,-,-,-,-,41.88,0.99%,"574,229"
IVOG,-,-,-,-,-,-,-,-,-,-,-,-,-,144.52,1.14%,"22,999"
IVOL,-,-,-,-,-,-,-,-,-,-,-,-,-,17.36,0.12%,"312,226"
IVOO,-,-,-,-,-,-,-,-,-,-,-,-,-,129.34,0.88%,"107,925"
IVOV,-,-,-,-,-,-,-,-,-,-,-,-,-,113.72,0.88%,"13,901"
IVR,726.81M,10.61,3.80,-,2.29,0.96,3.81,4.43,-11.53%,-1.00%,-,-4.06%,-,7.83,0.13%,"2,981,551"
IVRS,-,-,-,-,-,-,-,-,-,-,-,-,-,30.39,-1.25%,25
IVSI,-,-,-,-,-,-,-,-,-,-,-,-,-,28.49,0.72%,"3,903"
IVSS,-,-,-,-,-,-,-,-,-,-,-,-,-,29.39,0.31%,"7,587"
IVSX,-,-,-,-,-,-,-,-,-,-,-,-,-,24.23,0.38%,100
IVT,2.80B,25.59,229.02,-,9.04,1.57,81.29,24.92,-88.50%,-4.08%,-,-,7.52%,35.88,1.18%,"900,381"
IVV,-,-,-,-,-,-,-,-,-,-,-,-,-,736.50,-0.02%,"25,151,955"
IVVB,-,-,-,-,-,-,-,-,-,-,-,-,-,34.26,-0.15%,"10,444"
IVVD,258.90M,-,-,-,4.63,1.22,1.41,-,-40.00%,32.54%,12.29%,29.68%,-,0.88,-5.89%,"3,482,304"
IVVM,-,-,-,-,-,-,-,-,-,-,-,-,-,36.66,-0.03%,"5,037"
IVVW,-,-,-,-,-,-,-,-,-,-,-,-,-,43.90,-0.02%,"113,453"
IVW,-,-,-,-,-,-,-,-,-,-,-,-,-,133.46,0.07%,"11,935,391"
IVZ,11.47B,-,8.73,0.49,1.69,1.18,6.72,6.49,27.06%,14.88%,-,17.88%,0.83%,25.87,-0.39%,"3,990,068"
IWB,-,-,-,-,-,-,-,-,-,-,-,-,-,401.39,-0.02%,"675,988"
IWC,-,-,-,-,-,-,-,-,-,-,-,-,-,192.51,0.18%,"132,913"
IWD,-,-,-,-,-,-,-,-,-,-,-,-,-,244.41,1.41%,"3,719,771"
IWDL,-,-,-,-,-,-,-,-,-,-,-,-,-,63.30,2.56%,119
IWF,-,-,-,-,-,-,-,-,-,-,-,-,-,118.10,-1.31%,"5,929,128"
IWFG,-,-,-,-,-,-,-,-,-,-,-,-,-,52.92,-0.06%,"1,177"
IWFL,-,-,-,-,-,-,-,-,-,-,-,-,-,55.15,-2.43%,137
IWL,-,-,-,-,-,-,-,-,-,-,-,-,-,180.66,-0.26%,"56,701"
IWLG,-,-,-,-,-,-,-,-,-,-,-,-,-,55.03,0.09%,"21,326"
IWM,-,-,-,-,-,-,-,-,-,-,-,-,-,298.91,0.75%,"27,017,937"
IWMI,-,-,-,-,-,-,-,-,-,-,-,-,-,53.19,0.57%,"542,653"
IWML,-,-,-,-,-,-,-,-,-,-,-,-,-,33.14,1.26%,23
IWMW,-,-,-,-,-,-,-,-,-,-,-,-,-,39.68,0.27%,"86,956"
IWMY,-,-,-,-,-,-,-,-,-,-,-,-,-,19.79,0.25%,"49,087"
IWN,-,-,-,-,-,-,-,-,-,-,-,-,-,220.11,0.70%,"907,072"
IWO,-,-,-,-,-,-,-,-,-,-,-,-,-,391.92,0.75%,"464,082"
IWP,-,-,-,-,-,-,-,-,-,-,-,-,-,141.13,-0.11%,"1,419,357"
IWR,-,-,-,-,-,-,-,-,-,-,-,-,-,110.03,1.35%,"1,977,892"
IWS,-,-,-,-,-,-,-,-,-,-,-,-,-,166.03,1.74%,"257,060"
IWV,-,-,-,-,-,-,-,-,-,-,-,-,-,418.14,-0.01%,"481,136"
IWX,-,-,-,-,-,-,-,-,-,-,-,-,-,106.06,1.25%,"108,359"
IWY,-,-,-,-,-,-,-,-,-,-,-,-,-,275.97,-1.35%,"559,091"
IX,42.39B,14.44,12.62,1.38,1.92,1.50,3.02,-,53.28%,-21.64%,12.57%,9.12%,-0.17%,38.48,0.34%,"320,793"
IXC,-,-,-,-,-,-,-,-,-,-,-,-,-,49.87,0.67%,"502,904"
IXG,-,-,-,-,-,-,-,-,-,-,-,-,-,123.94,-0.29%,"53,739"
IXHL,1.11B,-,-,-,-,0.58,14.88,-,96.14%,6.71%,-136.42%,64.25%,-29.33%,3.20,-1.54%,"514,239"
IXJ,-,-,-,-,-,-,-,-,-,-,-,-,-,96.86,1.41%,"178,622"
IXN,-,-,-,-,-,-,-,-,-,-,-,-,-,140.45,1.12%,"193,291"
IXP,-,-,-,-,-,-,-,-,-,-,-,-,-,112.37,-0.78%,"26,841"
IXUS,-,-,-,-,-,-,-,-,-,-,-,-,-,94.85,0.75%,"3,048,245"
IYC,-,-,-,-,-,-,-,-,-,-,-,-,-,99.21,-1.43%,"104,501"
IYE,-,-,-,-,-,-,-,-,-,-,-,-,-,57.50,1.04%,"1,172,440"
IYF,-,-,-,-,-,-,-,-,-,-,-,-,-,127.62,-0.44%,"170,130"
IYG,-,-,-,-,-,-,-,-,-,-,-,-,-,90.51,-0.26%,"48,882"
IYH,-,-,-,-,-,-,-,-,-,-,-,-,-,65.66,1.58%,"906,736"
IYJ,-,-,-,-,-,-,-,-,-,-,-,-,-,164.66,1.65%,"83,733"
IYK,-,-,-,-,-,-,-,-,-,-,-,-,-,72.90,0.00%,"215,604"
IYLD,-,-,-,-,-,-,-,-,-,-,-,-,-,22.10,-0.04%,"9,387"
IYM,-,-,-,-,-,-,-,-,-,-,-,-,-,181.79,1.41%,"49,168"
IYR,-,-,-,-,-,-,-,-,-,-,-,-,-,103.10,0.24%,"4,354,909"
IYRI,-,-,-,-,-,-,-,-,-,-,-,-,-,49.40,0.26%,"84,666"
IYT,-,-,-,-,-,-,-,-,-,-,-,-,-,86.64,1.57%,"753,829"
IYW,-,-,-,-,-,-,-,-,-,-,-,-,-,243.99,0.74%,"2,175,502"
IYY,-,-,-,-,-,-,-,-,-,-,-,-,-,178.81,0.03%,"12,472"
IYZ,-,-,-,-,-,-,-,-,-,-,-,-,-,41.56,0.14%,"4,695,844"
IZEA,59.72M,-,-,-,2.00,1.22,1.28,-,-,-,-,-,11.70%,3.41,-2.01%,"33,598"
IZM,3.85M,3.00,-,-,0.02,0.25,0.46,1.42,-,-,12.53%,-,2.51%,0.32,-9.48%,"156,110"
IZRL,-,-,-,-,-,-,-,-,-,-,-,-,-,28.84,-0.55%,"4,084"
J,14.69B,38.32,15.03,0.99,1.12,4.46,9.87,30.34,18.31%,14.29%,-3.70%,15.21%,-2.27%,124.39,1.93%,"913,784"
JA,-,-,-,-,-,-,-,-,-,-,-,-,-,50.20,-0.07%,"8,401"
JAAA,-,-,-,-,-,-,-,-,-,-,-,-,-,50.66,0.04%,"4,039,188"
JABRU,153.13M,-,-,-,-,200700.00,-,-,-,-,-,-,-,10.03,-0.15%,"6,150"
JABS,-,-,-,-,-,-,-,-,-,-,-,-,-,50.04,0.23%,"2,597"
JACK,244.52M,2.97,3.59,-,0.19,-,3.53,11.17,-23.25%,4.75%,-,-4.67%,7.48%,12.82,-3.97%,"471,014"
JACS,265.34M,35.53,-,-,-,1.29,680.35,-,-,-,-,-,-,10.64,-0.05%,505
JADB,-,-,-,-,-,-,-,-,-,-,-,-,-,25.46,-0.75%,4
JADE,-,-,-,-,-,-,-,-,-,-,-,-,-,79.09,1.16%,893
JAGU,34.33M,-,-,-,-,1.80,2.38,-,-,-,-,-,-,1.70,-0.58%,"35,827"
JAGX,1.65M,-,-,-,0.06,-,0.16,-,-,-,85.33%,-,4.17%,2.73,1.87%,"31,780"
JAJL,-,-,-,-,-,-,-,-,-,-,-,-,-,29.88,0.08%,"13,654"
JAKK,265.74M,33.76,7.10,-,0.47,1.10,3.88,14.33,36.73%,47.63%,-,-,2.04%,23.22,1.84%,"71,258"
JAN,8.33B,-,83.36,0.64,-,2.50,8.03,-,452.57%,56.97%,-,129.34%,-,28.92,1.19%,"2,554,257"
JANB,-,-,-,-,-,-,-,-,-,-,-,-,-,26.98,-0.05%,"2,319"
JANH,-,-,-,-,-,-,-,-,-,-,-,-,-,25.06,0.08%,644
JANI,-,-,-,-,-,-,-,-,-,-,-,-,-,25.63,0.65%,358
JANJ,-,-,-,-,-,-,-,-,-,-,-,-,-,24.96,0.06%,363
JANM,-,-,-,-,-,-,-,-,-,-,-,-,-,33.75,0.00%,0
JANP,-,-,-,-,-,-,-,-,-,-,-,-,-,34.41,-0.02%,758
JANT,-,-,-,-,-,-,-,-,-,-,-,-,-,43.54,0.02%,"5,361"
JANU,-,-,-,-,-,-,-,-,-,-,-,-,-,29.67,0.02%,"228,366"
JANW,-,-,-,-,-,-,-,-,-,-,-,-,-,38.44,0.03%,"20,219"
JANX,889.15M,-,-,-,64.76,0.94,0.93,-,6.83%,-57.36%,-62.26%,-20.92%,-,14.58,-0.41%,"6,510,120"
JANZ,-,-,-,-,-,-,-,-,-,-,-,-,-,40.30,-0.07%,"1,470"
JAPN,-,-,-,-,-,-,-,-,-,-,-,-,-,22.25,-0.05%,"7,532"
JATT,83.51M,-,-,-,-,-,-,-,-,-,-,-,-,10.40,-0.48%,"1,451"
JAVA,-,-,-,-,-,-,-,-,-,-,-,-,-,79.51,0.90%,"335,295"
JAZZ,14.21B,-,8.78,0.17,3.20,3.13,4.94,11.19,202.69%,1.52%,-,52.40%,12.54%,226.20,-1.59%,"680,157"
JBBB,-,-,-,-,-,-,-,-,-,-,-,-,-,47.64,0.29%,"645,787"
JBDI,-,-,-,-,-,-,-,-,-,-,-,-,-,0.52,-7.56%,"25,230"
JBGS,1.07B,-,-,-,2.12,0.74,9.34,-,-,-,-33.66%,-,-3.72%,14.39,0.14%,"386,042"
JBHT,25.90B,42.52,29.81,1.50,2.13,7.21,5680.29,25.10,20.73%,24.73%,5.26%,19.82%,4.48%,274.68,2.09%,"783,858"
JBI,754.25M,17.88,8.58,-,0.84,1.35,6.73,7.22,-13.02%,23.51%,-,-6.62%,-,5.53,-0.54%,"1,671,065"
JBIO,1.33B,-,-,-,-,3.63,4.26,-,17.72%,0.49%,21.92%,7.01%,-,21.81,-0.41%,"825,678"
JBL,39.53B,46.71,22.41,0.82,1.18,29.50,29.06,30.29,30.83%,31.04%,76.36%,27.29%,1.79%,374.64,0.76%,"1,514,387"
JBLU,2.20B,-,-,-,0.24,1.22,0.97,-,-56.95%,71.50%,19.37%,65.96%,25.10%,5.92,2.25%,"34,108,327"
JBND,-,-,-,-,-,-,-,-,-,-,-,-,-,53.64,0.06%,"1,114,513"
JBS,12.85B,7.18,7.57,1.60,0.15,1.49,3.72,-,-24.37%,11.16%,23.07%,4.73%,10.43%,12.03,-1.31%,"6,544,853"
JBSS,992.67M,14.89,14.51,1.72,0.85,2.56,769.51,20.31,-,-,1.40%,8.43%,4.70%,84.94,0.78%,"107,126"
JBTM,7.16B,42.98,14.71,0.71,1.85,1.60,31.02,21.68,29.23%,12.94%,-,20.62%,17.05%,137.60,2.34%,"525,365"
JCAL,-,-,-,-,-,-,-,-,-,-,-,-,-,50.36,0.16%,"16,474"
JCAP,1.01B,6.67,6.27,-,1.59,2.28,22.13,3.28,-20.42%,5.01%,-,-,-,18.21,0.89%,"382,642"
JCE,266.77M,5.81,-,-,-,-,-,-,-,-,-,-,-,15.69,-0.70%,"54,166"
JCHI,-,-,-,-,-,-,-,-,-,-,-,-,-,51.98,-0.24%,"1,071"
JCI,88.77B,26.02,25.29,1.22,3.63,6.57,126.09,64.98,30.04%,17.65%,26.74%,20.74%,1.12%,145.49,1.88%,"4,305,719"
JCPB,-,-,-,-,-,-,-,-,-,-,-,-,-,47.05,0.06%,"2,268,409"
JCPI,-,-,-,-,-,-,-,-,-,-,-,-,-,48.00,0.14%,"23,276"
JCSE,6.06M,2.52,-,-,0.39,0.41,0.78,4.21,-,-,41.08%,-,0.03%,1.21,-3.20%,"11,366"
JCTC,7.75M,-,-,-,0.18,0.50,14.09,-,-,-,-,-,-1.68%,2.20,6.28%,"26,334"
JD,30.56B,19.17,5.93,0.23,0.16,1.28,0.98,-,24.58%,30.01%,-17.65%,25.76%,11.00%,25.19,-1.14%,"13,767,516"
JDIV,-,-,-,-,-,-,-,-,-,-,-,-,-,55.61,0.42%,749
JDOC,-,-,-,-,-,-,-,-,-,-,-,-,-,59.22,1.74%,85
JDST,-,-,-,-,-,-,-,-,-,-,-,-,-,42.04,-3.73%,"466,152"
JDVI,-,-,-,-,-,-,-,-,-,-,-,-,-,38.28,0.46%,"20,767"
JDVL,-,-,-,-,-,-,-,-,-,-,-,-,-,31.64,1.39%,"14,403"
JEDI,-,-,-,-,-,-,-,-,-,-,-,-,-,25.65,-3.39%,"385,892"
JEF,10.76B,14.71,11.01,0.46,1.03,0.97,0.75,3.89,25.78%,34.37%,1.47%,24.03%,5.32%,52.64,-9.15%,"7,157,825"
JELD,142.15M,-,-,-,0.05,11.67,2.72,-,15.83%,68.89%,-,-,-5.39%,1.65,-2.37%,"3,380,245"
JELH,-,-,-,-,-,-,-,-,-,-,-,-,-,25.30,-0.29%,947
JELM,-,-,-,-,-,-,-,-,-,-,-,-,-,25.25,0.14%,"503,656"
JEM,-,-,-,-,-,-,-,-,-,-,-,-,-,2.61,-1.47%,"353,103"
JEMA,-,-,-,-,-,-,-,-,-,-,-,-,-,63.42,1.14%,"29,171"
JEMB,-,-,-,-,-,-,-,-,-,-,-,-,-,53.68,-0.74%,"1,706"
JENA,299.89M,-,-,-,-,1.34,399.85,-,-,-,-,-,-,10.35,0.00%,56
JEPI,-,-,-,-,-,-,-,-,-,-,-,-,-,56.07,0.02%,"4,394,691"
JEPQ,-,-,-,-,-,-,-,-,-,-,-,-,-,60.13,0.74%,"6,854,341"
JETD,-,-,-,-,-,-,-,-,-,-,-,-,-,2.22,-4.72%,"80,941"
JETS,-,-,-,-,-,-,-,-,-,-,-,-,-,32.98,1.54%,"3,072,902"
JETU,-,-,-,-,-,-,-,-,-,-,-,-,-,40.95,3.96%,"9,672"
JF,17.71M,-,-,-,3.59,-,3.74,-,-,-,56.32%,-,-50.66%,1.04,-2.80%,"30,925"
JFB,84.98M,-,-,-,2.28,3.02,12.65,-,-,-,-,-,-,4.85,-0.41%,"193,629"
JFIN,76.24M,1.21,-,-,0.10,0.25,1.22,-,-,-,43.25%,-,35.66%,3.01,0.00%,"60,723"
JFLI,-,-,-,-,-,-,-,-,-,-,-,-,-,53.79,0.57%,"7,735"
JFLX,-,-,-,-,-,-,-,-,-,-,-,-,-,50.36,0.10%,"156,218"
JFR,1.22B,22.38,-,-,6.90,0.89,-,-,-,-,-,-,-,7.61,-0.13%,"420,918"
JFU,22.32M,1.31,-,-,0.34,0.06,0.21,-,-,-,-,-,-19.70%,2.56,-7.25%,"4,242"
JG,18.08M,41.14,-,-,0.34,2.49,0.88,-,-,-,-,-,-5.26%,3.83,-11.95%,"14,935"
JGH,354.95M,10.69,-,-,-,-,-,-,-,-,-,-,-,12.62,-0.24%,"229,845"
JGLO,-,-,-,-,-,-,-,-,-,-,-,-,-,69.73,-0.04%,"34,668"
JGRO,-,-,-,-,-,-,-,-,-,-,-,-,-,95.03,0.12%,"741,304"
JGRW,-,-,-,-,-,-,-,-,-,-,-,-,-,26.13,-1.04%,"2,497"
JHAC,-,-,-,-,-,-,-,-,-,-,-,-,-,14.48,-0.14%,1
JHAI,-,-,-,-,-,-,-,-,-,-,-,-,-,35.15,1.61%,"2,254"
JHCB,-,-,-,-,-,-,-,-,-,-,-,-,-,21.36,0.05%,"4,338"
JHCP,-,-,-,-,-,-,-,-,-,-,-,-,-,25.24,0.10%,"10,484"
JHCR,-,-,-,-,-,-,-,-,-,-,-,-,-,25.38,0.07%,"543,119"
JHDG,-,-,-,-,-,-,-,-,-,-,-,-,-,27.34,0.69%,5
JHDV,-,-,-,-,-,-,-,-,-,-,-,-,-,46.66,0.59%,23
JHEM,-,-,-,-,-,-,-,-,-,-,-,-,-,40.21,0.88%,"6,502"
JHG,8.00B,10.23,11.28,19.11,2.41,1.54,3.08,8.50,-11.52%,8.86%,43.07%,0.59%,6.51%,51.92,0.04%,"3,441,809"
JHHY,-,-,-,-,-,-,-,-,-,-,-,-,-,25.71,0.08%,"2,921"
JHI,115.87M,11.42,-,-,7.61,0.89,-,-,-,-,-,-,-,13.25,0.84%,"11,545"
JHID,-,-,-,-,-,-,-,-,-,-,-,-,-,42.72,0.69%,463
JHLN,-,-,-,-,-,-,-,-,-,-,-,-,-,24.66,0.13%,"5,470"
JHMB,-,-,-,-,-,-,-,-,-,-,-,-,-,22.07,0.14%,"11,037"
JHMD,-,-,-,-,-,-,-,-,-,-,-,-,-,45.01,1.26%,"51,077"
JHML,-,-,-,-,-,-,-,-,-,-,-,-,-,88.42,0.37%,"15,513"
JHMM,-,-,-,-,-,-,-,-,-,-,-,-,-,74.89,1.01%,"204,734"
JHMU,-,-,-,-,-,-,-,-,-,-,-,-,-,26.37,0.05%,"1,469"
JHPI,-,-,-,-,-,-,-,-,-,-,-,-,-,22.79,-0.04%,"28,371"
JHS,127.88M,11.56,-,-,10.20,0.88,-,-,-,-,-,-,-,10.98,0.36%,"17,670"
JHSC,-,-,-,-,-,-,-,-,-,-,-,-,-,48.60,0.96%,"46,536"
JHX,15.10B,120.97,17.91,1.10,3.12,2.35,27.81,74.85,8.89%,22.42%,-20.29%,16.29%,10.70%,26.02,0.77%,"8,923,869"
JIDE,-,-,-,-,-,-,-,-,-,-,-,-,-,50.06,1.08%,2
JIG,-,-,-,-,-,-,-,-,-,-,-,-,-,86.07,0.68%,"20,305"
JIII,-,-,-,-,-,-,-,-,-,-,-,-,-,50.07,0.06%,"11,522"
JILL,225.61M,11.05,6.16,-,0.38,1.82,6.15,11.56,-16.89%,20.71%,-,-,6.93%,15.09,0.80%,"42,237"
JIRE,-,-,-,-,-,-,-,-,-,-,-,-,-,81.77,1.06%,"558,513"
JIVE,-,-,-,-,-,-,-,-,-,-,-,-,-,92.05,0.70%,"438,375"
JJSF,1.37B,24.57,16.71,9.49,0.88,1.56,22.99,15.30,-7.18%,10.60%,28.39%,1.76%,9.15%,73.24,-2.23%,"236,930"
JKHY,9.14B,18.00,17.74,2.16,3.64,4.29,444.58,12.57,9.78%,5.94%,10.10%,8.20%,6.96%,128.71,0.51%,"1,597,539"
JKS,854.42M,-,16.54,-,0.10,0.37,0.19,-,66.17%,134.23%,-,-,12.35%,17.00,-1.56%,"444,968"
JL,20.84M,62.46,-,-,3.80,9.74,14.28,-,-,-,2.52%,-,13.39%,5.54,-1.07%,"25,052"
JLHL,302.85M,83.21,-,-,8.67,30.88,34.65,-,-,-,-,-,-,14.12,6.57%,"66,727"
JLL,14.09B,16.33,11.55,0.71,0.53,1.92,27.82,13.70,22.50%,14.17%,16.32%,16.36%,9.50%,303.76,1.33%,"318,212"
JLQD,-,-,-,-,-,-,-,-,-,-,-,-,-,41.44,0.19%,127
JLS,95.40M,10.01,-,-,-,-,-,-,-,-,-,-,-,17.42,0.40%,"30,571"
JMBS,-,-,-,-,-,-,-,-,-,-,-,-,-,45.33,0.11%,"951,882"
JMEE,-,-,-,-,-,-,-,-,-,-,-,-,-,77.26,0.98%,"70,716"
JMHI,-,-,-,-,-,-,-,-,-,-,-,-,-,50.45,-0.05%,"11,860"
JMIA,774.06M,-,-,-,3.80,29.46,12.37,-,34.38%,85.71%,26.27%,-,3.39%,6.25,-1.26%,"1,506,297"
JMID,-,-,-,-,-,-,-,-,-,-,-,-,-,30.73,-0.75%,112
JMM,55.16M,11.66,-,-,11.57,0.88,-,-,-,-,-,-,-,5.83,0.33%,"2,038"
JMMF,-,-,-,-,-,-,-,-,-,-,-,-,-,100.19,0.03%,"4,600"
JMOM,-,-,-,-,-,-,-,-,-,-,-,-,-,83.96,1.51%,"56,420"
JMSB,309.62M,13.85,10.32,-,2.66,1.15,-,12.94,23.15%,15.80%,1.98%,-,9.23%,21.94,0.00%,"31,199"
JMSI,-,-,-,-,-,-,-,-,-,-,-,-,-,50.41,0.08%,"14,309"
JMST,-,-,-,-,-,-,-,-,-,-,-,-,-,50.98,0.02%,"1,248,605"
JMTG,-,-,-,-,-,-,-,-,-,-,-,-,-,50.70,0.14%,"374,952"
JMUB,-,-,-,-,-,-,-,-,-,-,-,-,-,50.59,0.06%,"579,182"
JNEU,-,-,-,-,-,-,-,-,-,-,-,-,-,32.72,0.07%,671
JNJ,589.48B,28.31,19.18,2.10,6.12,7.26,26.73,33.15,7.28%,10.28%,14.90%,9.15%,2.67%,244.88,1.61%,"10,030,923"
JNK,-,-,-,-,-,-,-,-,-,-,-,-,-,96.28,0.09%,"2,709,247"
JNUG,-,-,-,-,-,-,-,-,-,-,-,-,-,120.29,3.68%,"360,473"
JOB,22.58M,-,-,-,0.26,0.45,1.11,31.81,-,-,19.56%,-,-5.76%,0.21,-2.19%,"121,653"
JOBX,-,-,-,-,-,-,-,-,-,-,-,-,-,18.01,-7.25%,"80,879"
JOBY,8.72B,-,-,-,112.33,4.44,3.54,-,27.12%,1.98%,-0.49%,15.04%,-,8.87,-4.42%,"53,912,934"
JOE,3.83B,34.40,-,-,7.39,5.01,28.09,19.24,-,-,21.10%,-,26.17%,66.69,-0.19%,"189,580"
JOET,-,-,-,-,-,-,-,-,-,-,-,-,-,45.57,0.82%,"20,472"
JOF,330.09M,2.30,-,-,34.61,0.84,-,-,-,-,-,-,-,11.65,1.13%,"90,089"
JOJO,-,-,-,-,-,-,-,-,-,-,-,-,-,15.71,-0.00%,"2,260"
JOUL,-,-,-,-,-,-,-,-,-,-,-,-,-,26.74,2.36%,"16,993"
JOUT,476.79M,-,19.57,-,0.73,1.14,4.42,19.09,122.39%,213.33%,-,-,-0.06%,46.00,-0.17%,"69,266"
JOYT,-,-,-,-,-,-,-,-,-,-,-,-,-,55.96,-0.14%,"2,006"
JOYY,2.26B,15.37,10.50,1.00,1.03,0.51,1.97,-,1.52%,17.32%,-24.59%,10.48%,2.08%,66.43,0.79%,"391,583"
JPAN,-,-,-,-,-,-,-,-,-,-,-,-,-,42.19,0.63%,215
JPC,2.91B,8.62,-,-,10.84,0.96,-,-,-,-,-,-,-,7.76,0.00%,"1,314,296"
JPEF,-,-,-,-,-,-,-,-,-,-,-,-,-,78.80,0.14%,"57,557"
JPEM,-,-,-,-,-,-,-,-,-,-,-,-,-,62.71,0.26%,"35,564"
JPFP,-,-,-,-,-,-,-,-,-,-,-,-,-,48.56,0.79%,"10,089"
JPHY,-,-,-,-,-,-,-,-,-,-,-,-,-,50.41,0.02%,"21,142"
JPIB,-,-,-,-,-,-,-,-,-,-,-,-,-,48.39,0.17%,"183,246"
JPIE,-,-,-,-,-,-,-,-,-,-,-,-,-,46.05,0.11%,"1,839,590"
JPIN,-,-,-,-,-,-,-,-,-,-,-,-,-,72.26,0.65%,"14,297"
JPLD,-,-,-,-,-,-,-,-,-,-,-,-,-,52.16,0.24%,"2,318,715"
JPM,897.96B,16.05,14.17,1.58,3.15,2.61,-,6.05,11.96%,5.54%,17.66%,8.96%,17.27%,335.12,0.50%,"10,009,282"
JPMB,-,-,-,-,-,-,-,-,-,-,-,-,-,40.30,0.05%,"5,470"
JPME,-,-,-,-,-,-,-,-,-,-,-,-,-,124.56,0.84%,"12,993"
JPO,-,-,-,-,-,-,-,-,-,-,-,-,-,14.34,0.09%,"25,400"
JPRE,-,-,-,-,-,-,-,-,-,-,-,-,-,52.73,0.29%,"18,814"
JPSE,-,-,-,-,-,-,-,-,-,-,-,-,-,59.92,0.96%,"81,143"
JPST,-,-,-,-,-,-,-,-,-,-,-,-,-,50.55,0.04%,"5,422,622"
JPSV,-,-,-,-,-,-,-,-,-,-,-,-,-,68.28,0.78%,172
JPUS,-,-,-,-,-,-,-,-,-,-,-,-,-,140.09,0.69%,"15,868"
JPXN,-,-,-,-,-,-,-,-,-,-,-,-,-,98.87,0.45%,"9,800"
JPY,-,-,-,-,-,-,-,-,-,-,-,-,-,36.46,0.15%,"5,242"
JQC,711.00M,17.18,-,-,6.66,0.88,-,-,-,-,-,-,-,4.81,-0.62%,"530,740"
JQUA,-,-,-,-,-,-,-,-,-,-,-,-,-,71.00,1.04%,"483,899"
JRE,-,-,-,-,-,-,-,-,-,-,-,-,-,27.71,0.43%,196
JRI,345.30M,7.15,-,-,-,-,-,-,-,-,-,-,-,12.58,0.08%,"198,659"
JRS,238.65M,-,-,-,17.51,1.01,-,-,-,-,-,-,-,8.26,0.36%,"28,311"
JRSH,57.91M,17.01,10.13,0.33,0.35,0.89,5.38,-,42.59%,16.88%,-6.05%,30.50%,13.01%,4.56,-1.51%,"120,239"
JRVR,186.34M,13.13,4.16,0.50,0.28,0.36,-,6.58,-19.38%,16.32%,33.36%,8.30%,0.56%,4.03,-3.12%,"263,665"
JSCP,-,-,-,-,-,-,-,-,-,-,-,-,-,47.10,0.04%,"175,090"
JSI,-,-,-,-,-,-,-,-,-,-,-,-,-,51.34,-0.02%,"196,597"
JSMD,-,-,-,-,-,-,-,-,-,-,-,-,-,98.23,0.57%,"71,818"
JSML,-,-,-,-,-,-,-,-,-,-,-,-,-,91.67,0.81%,"35,916"
JSPR,12.40M,-,-,-,-,3.65,0.88,-,71.93%,-18.69%,48.97%,40.21%,-,0.44,-9.74%,"314,781"
JSTC,-,-,-,-,-,-,-,-,-,-,-,-,-,22.57,0.94%,"67,191"
JTAI,9.81M,0.09,-,-,1.33,0.12,0.73,-,-,-,-,-,-,6.90,-0.86%,"115,366"
JTEK,-,-,-,-,-,-,-,-,-,-,-,-,-,106.31,1.76%,"312,310"
JTNY,-,-,-,-,-,-,-,-,-,-,-,-,-,50.26,0.22%,"13,913"
JUCY,-,-,-,-,-,-,-,-,-,-,-,-,-,22.08,0.05%,"30,475"
JUDB,-,-,-,-,-,-,-,-,-,-,-,-,-,25.85,0.00%,0
JUDO,-,-,-,-,-,-,-,-,-,-,-,-,-,27.48,-0.01%,304
JULB,-,-,-,-,-,-,-,-,-,-,-,-,-,27.26,0.15%,335
JULH,-,-,-,-,-,-,-,-,-,-,-,-,-,25.12,0.00%,273
JULJ,-,-,-,-,-,-,-,-,-,-,-,-,-,25.08,0.02%,608
JULM,-,-,-,-,-,-,-,-,-,-,-,-,-,34.56,0.01%,15
JULP,-,-,-,-,-,-,-,-,-,-,-,-,-,32.58,0.08%,"1,362"
JULT,-,-,-,-,-,-,-,-,-,-,-,-,-,47.69,0.12%,839
JULU,-,-,-,-,-,-,-,-,-,-,-,-,-,31.42,-0.03%,"2,491"
JULW,-,-,-,-,-,-,-,-,-,-,-,-,-,40.78,0.09%,"7,352"
JULZ,-,-,-,-,-,-,-,-,-,-,-,-,-,44.50,-0.15%,"2,373"
JUNC,-,-,-,-,-,-,-,-,-,-,-,-,-,24.62,0.00%,0
JUNM,-,-,-,-,-,-,-,-,-,-,-,-,-,34.94,-0.04%,"9,201"
JUNP,-,-,-,-,-,-,-,-,-,-,-,-,-,31.31,0.03%,"5,093"
JUNS,11.41M,-,-,-,285.23,-,4.83,-,-,-,-7.78%,-,-,0.24,-6.48%,"3,958,867"
JUNT,-,-,-,-,-,-,-,-,-,-,-,-,-,37.30,0.03%,"18,496"
JUNW,-,-,-,-,-,-,-,-,-,-,-,-,-,34.07,0.06%,"57,946"
JUNZ,-,-,-,-,-,-,-,-,-,-,-,-,-,34.72,-0.03%,469
JUSA,-,-,-,-,-,-,-,-,-,-,-,-,-,66.02,0.15%,"22,940"
JUST,-,-,-,-,-,-,-,-,-,-,-,-,-,104.83,-0.09%,"3,961"
JVA,18.90M,12.46,-,-,0.19,0.65,8.15,8.75,-,-,-,-,7.83%,3.31,0.30%,"74,427"
JVAL,-,-,-,-,-,-,-,-,-,-,-,-,-,58.17,1.27%,"26,604"
JWEL,5.08M,-,-,-,0.03,0.48,1.85,-,-,-,-,-,11.24%,2.31,-2.53%,"4,073"
JXG,120.60M,-,-,-,1.45,0.79,172.29,-,-,-,57.34%,-,50.13%,10.00,0.00%,"2,241"
JXI,-,-,-,-,-,-,-,-,-,-,-,-,-,85.30,1.08%,"48,075"
JXN,7.42B,-,4.08,0.43,1.27,0.83,-,1.43,0.27%,14.76%,57.53%,9.49%,15.82%,106.44,-0.41%,"544,983"
JXX,-,-,-,-,-,-,-,-,-,-,-,-,-,31.39,-0.82%,985
JYD,7.49M,-,-,-,0.09,0.20,1.36,-,-,-,-,-,14.72%,0.90,-13.23%,"120,182"
JYNT,131.29M,41.66,30.20,-,2.32,8.49,6.13,49.36,1483.34%,10.24%,-26.62%,-,-1.33%,9.21,-1.60%,"227,241"
JZ,6.44M,-,-,-,0.66,0.17,3.52,-,-,-,-,-,-30.14%,0.14,-9.74%,"6,417,608"
JZXN,1.70M,-,-,-,0.59,0.11,0.37,-,-,-,-,-,-18.89%,1.22,-5.43%,"47,127"
KAI,3.80B,36.75,22.70,-,3.47,3.82,31.74,24.71,34.13%,14.24%,12.62%,-,10.63%,322.07,4.44%,"123,653"
KALA,47.40M,-,-,-,-,4.41,5.41,-,-,-,49.38%,-,-,2.55,-15.00%,"51,951"
KALU,2.97B,19.80,16.73,0.55,0.80,3.38,98.99,122.71,70.52%,5.67%,30.19%,30.25%,23.53%,181.73,3.92%,"474,594"
KAMO,-,-,-,-,-,-,-,-,-,-,-,-,-,24.81,0.04%,"16,185"
KAPA,8.02M,-,-,-,-,1.51,2.19,-,-23.33%,-81.08%,-29.30%,-,-,0.37,-10.78%,"332,159"
KAPR,-,-,-,-,-,-,-,-,-,-,-,-,-,39.57,0.20%,"4,926"
KARD,1.98B,-,-,-,-,-,6.89,-,-,-,-,-,-,22.58,2.50%,"298,257"
KARO,1.52B,26.68,-,-,4.82,7.35,20.91,-,19.57%,-,15.50%,20.03%,17.68%,49.07,2.34%,"79,119"
KARS,-,-,-,-,-,-,-,-,-,-,-,-,-,30.95,-2.26%,"28,833"
KAT,-,-,-,-,-,-,-,-,-,-,-,-,-,53.99,0.28%,"79,262"
KAUG,-,-,-,-,-,-,-,-,-,-,-,-,-,28.60,0.05%,110
KAZR,90.68M,1304.35,-,-,14.84,16.89,75.57,-,-,-,-,-,-,3.00,7.91%,"252,760"
KB,33.72B,8.89,7.73,0.76,0.93,0.98,-,8.59,15.42%,7.70%,7.67%,10.12%,3.63%,99.99,0.08%,"360,317"
KBA,-,-,-,-,-,-,-,-,-,-,-,-,-,34.51,1.77%,"13,524"
KBAB,-,-,-,-,-,-,-,-,-,-,-,-,-,5.32,-9.39%,"32,910"
KBDC,905.67M,10.68,8.57,-,3.85,0.84,27.73,9.93,-2.51%,-2.21%,-,-2.56%,-,13.65,0.52%,"432,384"
KBDU,-,-,-,-,-,-,-,-,-,-,-,-,-,16.19,-7.18%,37
KBE,-,-,-,-,-,-,-,-,-,-,-,-,-,68.22,1.08%,"1,441,476"
KBFR,-,-,-,-,-,-,-,-,-,-,-,-,-,26.86,0.45%,"4,576"
KBH,3.80B,14.76,13.42,-,0.69,0.98,19.04,7.66,-45.97%,36.18%,14.45%,-1.63%,8.31%,60.72,-1.28%,"2,086,616"
KBON,443.23M,-,-,-,-,1.32,633.19,-,-,-,-,-,-,10.07,0.00%,27
KBR,4.09B,9.78,7.76,3.16,0.53,2.58,10.76,8.36,1.00%,4.68%,-,2.46%,6.19%,32.25,-2.83%,"1,297,915"
KBSX,38.17M,-,7.75,-,3.55,2.26,5.08,-,173.68%,57.14%,-58.06%,-,-,0.85,-17.60%,"33,396"
KBUF,-,-,-,-,-,-,-,-,-,-,-,-,-,25.66,-1.11%,"13,422"
KBWB,-,-,-,-,-,-,-,-,-,-,-,-,-,94.69,1.02%,"2,802,480"
KBWD,-,-,-,-,-,-,-,-,-,-,-,-,-,12.09,0.42%,"302,651"
KBWP,-,-,-,-,-,-,-,-,-,-,-,-,-,122.96,-1.46%,"15,978"
KBWY,-,-,-,-,-,-,-,-,-,-,-,-,-,18.29,0.68%,"177,118"
KC,2.58B,-,-,-,1.78,1.98,3.60,-,27.22%,35.31%,11.75%,30.90%,6.89%,8.72,-5.63%,"1,850,667"
KCA-U,247.21M,-,-,-,-,-,-,-,-,-,-,-,-,10.15,0.50%,"19,701"
KCAC-U,245.99M,-,-,-,-,-,119.41,-,-,-,-,-,-,10.30,0.00%,5
KCAI,-,-,-,-,-,-,-,-,-,-,-,-,-,32.15,1.05%,"260,306"
KCCA,-,-,-,-,-,-,-,-,-,-,-,-,-,16.91,-0.53%,"20,605"
KCE,-,-,-,-,-,-,-,-,-,-,-,-,-,146.68,-1.30%,"15,603"
KCHV,354.91M,46.48,-,-,-,1.39,771.54,-,-,-,-,-,-,10.36,-0.10%,"73,635"
KCOP,-,-,-,-,-,-,-,-,-,-,-,-,-,22.14,2.22%,"17,260"
KCSH,-,-,-,-,-,-,-,-,-,-,-,-,-,25.11,0.00%,126
KD,2.38B,12.81,4.20,0.18,0.16,2.05,0.91,7.00,22.74%,43.51%,-,23.30%,-4.85%,10.79,-2.79%,"3,588,497"
KDEC,-,-,-,-,-,-,-,-,-,-,-,-,-,28.24,0.17%,"4,423"
KDEF,-,-,-,-,-,-,-,-,-,-,-,-,-,40.46,-4.80%,"107,473"
KDK,1.02B,-,-,-,280.80,-,11.29,-,92.53%,-40.39%,-1238.45%,56.18%,-,5.14,-5.51%,"1,590,558"
KDP,44.25B,24.19,12.91,1.37,2.61,1.75,2.36,30.58,11.39%,10.32%,10.36%,9.45%,7.40%,32.52,3.57%,"19,916,353"
KDRN,-,-,-,-,-,-,-,-,-,-,-,-,-,23.15,0.02%,5
KDVD,-,-,-,-,-,-,-,-,-,-,-,-,-,28.62,1.03%,69
KE,586.44M,23.39,18.76,1.49,0.41,1.02,6.93,10.64,30.13%,-10.81%,-1.04%,12.62%,4.37%,24.39,-0.18%,"160,489"
KEAT,-,-,-,-,-,-,-,-,-,-,-,-,-,31.81,0.80%,336
KEEL,3.54B,-,-,-,15.12,8.44,9.92,-,7.11%,32.96%,-22.32%,-0.87%,45.88%,5.87,-4.08%,"50,656,632"
KEEX,-,-,-,-,-,-,-,-,-,-,-,-,-,118.20,-9.20%,"27,088"
KELYA,432.62M,-,6.93,-,0.10,0.42,16.77,6.54,-28.37%,89.47%,-31.63%,-,-1.20%,11.85,1.89%,"441,217"
KEMQ,-,-,-,-,-,-,-,-,-,-,-,-,-,25.08,-0.74%,"318,377"
KEMX,-,-,-,-,-,-,-,-,-,-,-,-,-,51.97,1.31%,"14,627"
KEN,3.47B,42.79,-,-,3.45,2.31,1.86,388.19,-,-,-33.00%,-,17.67%,66.60,0.00%,"39,210"
KEP,16.00B,2.61,3.34,55.65,0.23,0.49,3.42,4.40,-31.43%,21.89%,28.93%,0.06%,6.67%,12.46,2.55%,"1,178,969"
KEQU,100.70M,10.90,-,-,0.36,1.42,8.67,5.29,-,-,-,-,13.84%,35.13,3.32%,"4,682"
KEX,7.41B,21.29,16.80,1.25,2.17,2.17,127.78,14.91,10.81%,17.58%,-,13.48%,9.15%,138.55,1.04%,"474,885"
KEY,25.27B,14.34,10.81,0.62,2.27,1.46,-,15.19,20.12%,18.61%,3.70%,17.31%,9.03%,23.41,1.25%,"11,205,689"
KEYG,-,-,-,-,-,-,-,-,-,-,-,-,-,15.06,4.63%,"3,415"
KEYS,61.53B,59.32,30.51,1.37,10.11,9.71,25.34,45.38,42.12%,15.96%,8.17%,22.30%,4.95%,360.06,2.49%,"1,142,484"
KEYX,-,-,-,-,-,-,-,-,-,-,-,-,-,25.98,4.53%,881
KEYY,341.30M,-,-,-,-,-,-,-,-,-,-,-,-,9.87,0.00%,"109,991"
KEYYU,347.87M,-,-,-,-,-,-,-,-,-,-,-,-,10.06,0.20%,"13,701"
KF,311.75M,3.43,-,-,149.99,1.77,-,-,-,-,-,-,-,74.97,4.33%,"20,018"
KFEB,-,-,-,-,-,-,-,-,-,-,-,-,-,30.91,0.32%,247
KFFB,38.74M,27.58,-,-,1.85,0.78,-,41.65,-,-,-,-,8.25%,4.79,-1.03%,291
KFII,414.54M,37.69,-,-,-,1.42,1884.28,-,-,-,-,-,-,10.56,0.09%,"405,602"
KFRC,839.36M,24.04,16.05,0.76,0.63,7.19,626.39,19.38,15.17%,21.86%,-5.64%,21.11%,-1.00%,47.07,0.30%,"113,962"
KFY,3.66B,13.47,11.17,1.22,1.25,1.80,3.23,12.72,9.47%,9.35%,20.07%,9.16%,10.06%,70.57,-0.08%,"620,275"
KG,85.36M,0.98,-,-,1.97,0.70,-,-,-,-,-15.53%,-,-28.84%,10.91,0.55%,"16,919"
KGC,28.71B,10.18,7.15,0.34,3.61,3.16,13.05,9.52,68.17%,8.73%,12.92%,21.22%,10.85%,24.04,1.43%,"7,555,043"
KGEI,162.47M,11.95,5.56,-,2.71,0.77,60.40,-,100.00%,-6.82%,-,-,42.78%,4.56,-0.22%,"214,202"
KGLD,-,-,-,-,-,-,-,-,-,-,-,-,-,26.38,0.96%,"57,497"
KGRN,-,-,-,-,-,-,-,-,-,-,-,-,-,23.41,-1.22%,"12,394"
KGS,7.46B,100.12,24.70,0.40,5.64,5.45,79.10,37.26,151.42%,33.83%,-,61.47%,19.70%,73.96,4.69%,"2,327,469"
KHC,27.83B,-,11.32,-,1.11,0.66,6.54,7.05,-20.87%,0.77%,-,-5.98%,-0.97%,23.47,2.31%,"15,065,177"
KHPI,-,-,-,-,-,-,-,-,-,-,-,-,-,25.82,0.04%,"78,628"
KHYB,-,-,-,-,-,-,-,-,-,-,-,-,-,24.19,0.05%,"3,794"
KIDS,503.94M,-,-,-,2.07,1.48,9.91,-,29.91%,31.80%,1.52%,44.59%,27.16%,19.62,2.51%,"148,063"
KIDZ,0.93M,-,-,-,0.30,0.03,0.44,-,-,-,-,-,-,0.83,-16.01%,"1,085,236"
KIE,-,-,-,-,-,-,-,-,-,-,-,-,-,59.13,-0.99%,"1,334,493"
KIM,17.21B,29.46,29.86,6.99,7.91,1.66,101.48,22.06,0.55%,3.66%,-18.36%,4.27%,15.28%,25.52,0.39%,"3,676,724"
KINS,246.97M,7.93,5.68,-,1.18,2.16,-,3.86,-6.81%,15.38%,99.77%,-,10.98%,17.05,-2.63%,"84,478"
KIO,461.90M,21.26,-,-,-,-,-,-,-,-,-,-,-,11.27,0.90%,"219,650"
KIQQ,-,-,-,-,-,-,-,-,-,-,-,-,-,25.64,0.54%,246
KITT,5.50M,-,-,-,1.04,1.11,0.93,-,-,-,-227.57%,-,-,1.10,-0.90%,"135,275"
KJAN,-,-,-,-,-,-,-,-,-,-,-,-,-,45.41,0.32%,"30,631"
KJD,-,-,-,-,-,-,-,-,-,-,-,-,-,13.63,-2.77%,"16,248"
KJUL,-,-,-,-,-,-,-,-,-,-,-,-,-,33.89,-0.00%,"20,591"
KJUN,-,-,-,-,-,-,-,-,-,-,-,-,-,29.73,0.24%,"9,452"
KKR,83.19B,31.58,12.59,0.61,3.72,2.95,4.27,9.74,23.77%,22.09%,-7.04%,20.55%,35.78%,92.65,1.25%,"6,582,707"
KLAC,338.06B,73.16,50.56,2.26,25.82,58.02,68.19,84.25,11.39%,38.08%,31.57%,22.42%,15.93%,258.80,7.62%,"11,710,253"
KLAG,-,-,-,-,-,-,-,-,-,-,-,-,-,56.22,15.16%,"112,864"
KLAR,7.22B,-,24.40,-,1.89,2.94,2.57,-,125.76%,285.18%,-,-,-,19.13,4.02%,"5,110,233"
KLC,496.21M,-,14.26,-,0.18,1.05,3.73,13.74,-73.05%,55.81%,3.37%,-9.61%,14.87%,4.19,0.24%,"358,210"
KLIC,6.88B,126.36,29.68,0.17,8.96,8.02,14.10,1592.88,1556.55%,29.82%,-65.56%,179.54%,0.97%,131.49,6.66%,"1,629,331"
KLIP,-,-,-,-,-,-,-,-,-,-,-,-,-,22.59,-2.12%,"124,838"
KLMN,-,-,-,-,-,-,-,-,-,-,-,-,-,30.09,-0.01%,310
KLMT,-,-,-,-,-,-,-,-,-,-,-,-,-,33.93,0.36%,"1,516"
KLRA,2.68B,-,-,-,-,-,5.16,-,-159.42%,-6.56%,-,-,-,20.66,-3.32%,"426,542"
KLRS,93.86M,-,-,-,-,1.44,0.97,-,28.90%,19.74%,45.59%,7.15%,-,4.30,-2.27%,"53,078"
KLTR,192.48M,-,19.29,-,1.08,41.22,2.94,12.38,-101.50%,6419.05%,23.75%,-,8.47%,1.28,-5.19%,"351,605"
KLXE,45.00M,-,-,-,0.07,-,8.04,17.31,13.93%,39.37%,39.56%,-,18.12%,2.26,6.60%,"583,977"
KMAR,-,-,-,-,-,-,-,-,-,-,-,-,-,31.99,0.28%,854
KMAY,-,-,-,-,-,-,-,-,-,-,-,-,-,30.26,0.23%,"2,987"
KMB,35.88B,17.00,14.27,5.47,2.17,19.98,66.20,19.53,-0.06%,0.63%,-2.45%,2.61%,-2.99%,108.10,1.28%,"4,916,061"
KMCA,-,-,-,-,-,-,-,-,-,-,-,-,-,21.03,0.84%,"4,094"
KMDA,414.21M,20.54,11.71,0.44,2.28,1.60,5.66,23.93,17.24%,43.47%,-2.03%,26.89%,6.25%,7.18,0.63%,"28,515"
KMI,73.44B,22.27,21.96,2.72,4.22,2.34,408.01,17.65,13.15%,2.21%,96.40%,8.08%,7.93%,33.01,1.29%,"9,237,418"
KMID,-,-,-,-,-,-,-,-,-,-,-,-,-,24.98,0.68%,"3,571"
KMLI,-,-,-,-,-,-,-,-,-,-,-,-,-,7.61,-5.19%,"122,804"
KMLM,-,-,-,-,-,-,-,-,-,-,-,-,-,27.59,0.69%,"173,296"
KMPR,1.50B,41.15,5.70,0.41,0.32,0.56,-,3.25,-42.84%,116.52%,-17.90%,13.99%,-1.33%,25.40,-2.61%,"980,124"
KMRK,21.73M,-,-,-,-,22.33,22.64,-,-,-,-,-,-,1.03,1.98%,"198,011"
KMT,2.78B,20.61,9.50,0.43,1.30,2.05,26.05,38.07,192.12%,-1.76%,-,22.03%,0.85%,36.53,6.04%,"1,308,106"
KMTS,1.32B,-,-,-,15.74,4.57,4.52,-,54.33%,6.30%,-,29.86%,-,22.58,2.26%,"322,540"
KMX,7.50B,34.82,-,-,0.27,1.23,10.31,7.55,-10.64%,-,-18.02%,0.77%,6.67%,52.90,4.15%,"3,441,381"
KN,3.49B,62.49,26.19,-,5.68,4.47,85.12,47.74,16.44%,20.50%,50.23%,-,-4.94%,40.79,1.59%,"1,561,019"
KNCT,-,-,-,-,-,-,-,-,-,-,-,-,-,208.64,1.99%,"2,530"
KNDI,61.46M,-,-,-,-,-,-,-,-,-,-43.32%,-,2.60%,0.61,-1.29%,"44,337"
KNF,5.27B,36.12,23.88,1.78,1.65,3.38,69.87,-,19.39%,18.04%,1.17%,13.45%,7.63%,92.90,2.31%,"741,710"
KNG,-,-,-,-,-,-,-,-,-,-,-,-,-,50.16,-0.04%,"303,666"
KNGZ,-,-,-,-,-,-,-,-,-,-,-,-,-,40.31,-0.00%,960
KNO,-,-,-,-,-,-,-,-,-,-,-,-,-,65.07,3.91%,438
KNOP,348.98M,18.89,16.74,-,0.94,0.65,3.77,2.26,0.62%,-12.56%,-22.96%,-,5.52%,10.10,-0.69%,"209,073"
KNOV,-,-,-,-,-,-,-,-,-,-,-,-,-,31.57,0.24%,"2,089"
KNOW,-,-,-,-,-,-,-,-,-,-,-,-,-,13.00,1.21%,872
KNRG,-,-,-,-,-,-,-,-,-,-,-,-,-,25.70,-0.52%,"2,736"
KNRX,-,-,-,-,-,-,-,-,-,-,-,-,-,0.43,-3.80%,"67,600"
KNSA,4.38B,62.70,29.71,0.60,5.80,7.20,9.35,26.65,82.96%,39.55%,-,49.30%,-,56.89,-3.79%,"675,087"
KNSL,7.11B,13.58,14.25,2.61,3.71,3.68,-,7.02,6.43%,4.23%,41.12%,5.47%,32.44%,308.43,-0.63%,"321,886"
KNTK,8.03B,19.63,28.52,-,4.92,-,11148.64,114.10,-64.06%,78.11%,71.44%,-4.74%,63.58%,48.02,-0.27%,"1,332,849"
KNX,12.52B,368.76,21.48,0.38,1.67,1.78,42.71,25.77,56.96%,81.45%,-29.95%,56.54%,9.83%,77.07,3.42%,"3,958,277"
KO,346.01B,25.32,23.06,3.10,6.95,10.29,25.04,27.54,9.02%,6.61%,11.14%,7.45%,7.94%,80.42,-0.22%,"16,007,374"
KOCT,-,-,-,-,-,-,-,-,-,-,-,-,-,37.13,0.22%,"4,346"
KOD,2.13B,-,-,-,-,18.90,12.58,-,13.38%,16.69%,-8.23%,41.69%,-,34.09,-5.31%,"1,028,850"
KODK,906.70M,-,-,-,0.83,1.51,2.95,1.97,-,-,28.85%,-,0.77%,9.29,-1.06%,"776,479"
KOF,5.57B,17.87,13.55,1.50,0.35,2.91,2.43,6.56,9.31%,10.39%,20.97%,9.03%,12.22%,105.99,1.24%,"120,155"
KOID,-,-,-,-,-,-,-,-,-,-,-,-,-,40.36,0.70%,"185,313"
KOKU,-,-,-,-,-,-,-,-,-,-,-,-,-,127.23,-0.90%,"5,268"
KOLD,-,-,-,-,-,-,-,-,-,-,-,-,-,22.18,-0.09%,"4,694,853"
KOMP,-,-,-,-,-,-,-,-,-,-,-,-,-,68.28,0.32%,"57,531"
KONG,-,-,-,-,-,-,-,-,-,-,-,-,-,30.33,-0.27%,118
KOOL,-,-,-,-,-,-,-,-,-,-,-,-,-,14.15,0.23%,434
KOP,859.66M,11.73,9.46,-,0.46,1.56,20.09,6.17,1.54%,14.40%,-7.41%,-,2.40%,44.70,1.87%,"154,787"
KOPN,693.26M,300.79,-,-,17.62,11.02,11.65,-,-580.00%,75.00%,-,-,-0.40%,3.79,-1.56%,"6,307,617"
KORE,162.12M,-,-,-,0.58,-,5.61,9.20,-,-,10.50%,-,5.99%,9.20,0.00%,"19,470"
KORP,-,-,-,-,-,-,-,-,-,-,-,-,-,46.97,0.09%,"61,026"
KORU,-,-,-,-,-,-,-,-,-,-,-,-,-,829.09,11.85%,"1,081,080"
KOS,1.29B,-,8.74,-,0.90,2.51,9.95,-,141.50%,-17.66%,-7.60%,-,9.90%,2.18,2.83%,"15,988,810"
KOSS,37.39M,-,-,-,2.91,1.26,1.98,-,-,-,-8.23%,-,-7.17%,3.95,-1.50%,"26,889"
KOYN,319.68M,99.51,-,-,-,1.40,114.17,-,-,-,-,-,-,10.13,-0.05%,103
KPDD,-,-,-,-,-,-,-,-,-,-,-,-,-,4.26,-6.45%,"352,386"
KPET,287.67M,-,-,-,-,-,163.45,-,-,-,-,-,-,9.97,-0.39%,1
KPHO,-,-,-,-,-,-,-,-,-,-,-,-,-,23.29,-0.21%,66
KPLT,30.97M,5.11,-,-,0.10,-,1.10,-,-,-,66.17%,27.67%,-,6.50,-0.76%,"14,670"
KPRO,-,-,-,-,-,-,-,-,-,-,-,-,-,26.45,-0.41%,"1,004"
KPRX,11.30M,-,-,-,-,0.73,0.81,-,-0.76%,61.28%,65.58%,24.19%,-,2.55,-1.54%,"38,892"
KPTI,214.40M,-,-,-,1.42,-,2.36,-,77.24%,23.53%,15.19%,55.85%,6.21%,9.46,3.73%,"440,522"
KQQQ,-,-,-,-,-,-,-,-,-,-,-,-,-,29.40,0.02%,"60,909"
KR,35.62B,33.76,10.43,1.55,0.24,5.47,8.69,12.38,7.32%,6.38%,-13.99%,6.74%,2.19%,57.77,-1.21%,"6,195,791"
KRAQ,430.77M,-,-,-,-,1.32,525.33,-,-,-,-,-,-,9.99,-0.11%,"10,716"
KRBN,-,-,-,-,-,-,-,-,-,-,-,-,-,33.46,-0.09%,"14,644"
KRC,4.40B,20.54,56.60,-,3.96,0.83,22.83,7.59,-88.37%,145.59%,7.33%,-25.72%,4.37%,37.51,1.60%,"1,119,226"
KRE,-,-,-,-,-,-,-,-,-,-,-,-,-,74.77,1.08%,"11,851,128"
KREF,452.87M,-,32.71,1.34,1.03,0.59,3.34,6.52,-274.36%,131.47%,-,24.36%,11.15%,7.00,-0.57%,"2,378,012"
KRG,5.89B,36.09,64.78,-,7.08,2.06,26.40,22.68,-76.07%,36.59%,-,-,24.97%,29.01,0.55%,"1,375,051"
KRKR,4.69M,3.22,-,-,0.15,0.28,0.28,-,-,-,-,-,-10.76%,2.59,-11.45%,"66,204"
KRMA,-,-,-,-,-,-,-,-,-,-,-,-,-,46.34,-0.43%,"1,097"
KRMD,196.59M,-,133.75,-,4.54,11.67,22.42,1092.19,26.67%,172.73%,-14.59%,-,11.21%,4.28,2.15%,"93,877"
KRMN,6.13B,204.46,50.49,1.00,11.73,15.11,83.09,-,54.53%,60.27%,-,50.61%,-,46.27,3.19%,"3,389,467"
KRNT,732.18M,-,57.66,5.41,3.48,1.05,1.67,201.15,-42.58%,53.93%,-21.45%,10.65%,0.94%,15.80,-0.94%,"146,451"
KRNY,590.42M,16.03,11.62,0.35,1.71,0.75,-,16.77,48.81%,25.60%,-5.29%,33.53%,6.31%,9.12,2.59%,"1,159,040"
KRO,762.80M,-,23.68,-,0.41,1.02,27.05,61.02,93.23%,530.77%,-,-,2.56%,6.63,1.07%,"269,670"
KROP,-,-,-,-,-,-,-,-,-,-,-,-,-,34.81,1.84%,"1,300"
KROS,206.04M,-,-,-,6.21,0.72,0.73,-,-353.23%,7.14%,-,-,-,10.41,-4.67%,"267,075"
KRP,1.72B,36.54,17.22,8.70,5.46,2.80,46.40,7.14,1.40%,2.81%,-,1.98%,28.19%,14.75,0.82%,"608,462"
KRRO,175.52M,-,-,-,45.71,1.47,1.53,-,56.56%,4.17%,21.21%,25.06%,-29.61%,12.17,-11.62%,"240,517"
KRSP,479.35M,-,-,-,-,1.42,207.51,-,-,-,-,-,-,10.42,-0.48%,"3,413"
KRT,620.47M,19.69,14.07,0.71,1.29,4.21,18.03,21.42,9.11%,25.75%,6.59%,19.83%,9.62%,31.08,1.37%,"174,243"
KRUS,666.55M,-,279.48,-,2.17,2.91,13.87,-,-31.59%,193.25%,40.16%,-,44.32%,54.87,4.24%,"395,595"
KRWX,-,-,-,-,-,-,-,-,-,-,-,-,-,21.11,6.71%,"4,153"
KRYP,-,-,-,-,-,-,-,-,-,-,-,-,-,16.43,-0.96%,137
KRYS,10.61B,48.11,37.08,1.61,25.43,8.30,12.89,44.70,12.20%,26.49%,-,23.10%,-,359.93,3.54%,"329,636"
KSA,-,-,-,-,-,-,-,-,-,-,-,-,-,37.82,-0.68%,"515,268"
KSCP,33.30M,-,-,-,2.31,0.92,2.92,-,36.25%,14.90%,47.26%,-,27.73%,1.93,-0.52%,"291,318"
KSEP,-,-,-,-,-,-,-,-,-,-,-,-,-,30.72,0.15%,723
KSLV,-,-,-,-,-,-,-,-,-,-,-,-,-,24.74,1.56%,"79,483"
KSPI,16.50B,8.06,6.41,0.52,1.98,2.93,-,7.25,2.00%,14.80%,26.88%,12.30%,38.04%,86.85,1.22%,"403,002"
KSPY,-,-,-,-,-,-,-,-,-,-,-,-,-,28.77,-0.10%,"17,662"
KSS,2.16B,8.11,12.88,-,0.14,0.54,5.05,2.06,-13.29%,5.51%,-,-1.47%,-0.54%,19.09,0.95%,"5,604,556"
KSTR,-,-,-,-,-,-,-,-,-,-,-,-,-,29.41,4.66%,"534,037"
KT,8.59B,7.92,8.20,51.23,0.43,0.72,2.79,5.65,-16.22%,9.25%,17.11%,0.16%,-0.39%,17.81,0.00%,"2,236,625"
KTB,4.42B,16.18,12.34,1.19,1.41,7.12,78.29,11.04,-6.91%,24.47%,28.13%,10.37%,8.49%,79.90,2.44%,"698,944"
KTCC,40.39M,-,-,-,0.10,0.39,93.94,2.88,-,-,-,-,0.81%,3.72,-2.36%,"3,739"
KTEC,-,-,-,-,-,-,-,-,-,-,-,-,-,12.00,-2.20%,"79,367"
KTF,360.39M,-,-,-,13.44,0.97,-,-,-,-,-,-,-,9.20,-0.22%,"127,679"
KTOS,8.69B,273.92,43.48,1.20,6.14,2.55,5.93,-,38.96%,39.39%,-27.62%,36.31%,12.49%,46.32,-3.40%,"5,273,347"
KTTA,18.10M,-,-,-,-,0.25,0.36,-,73.88%,-32.89%,-117.71%,23.55%,-,0.54,-2.57%,"143,247"
KTUP,-,-,-,-,-,-,-,-,-,-,-,-,-,5.62,-6.95%,"236,929"
KTWO,198.60M,-,-,-,-,1.17,164.13,-,-,-,-,-,-,9.91,-0.50%,117
KULR,172.99M,-,-,-,9.32,1.83,22.53,-,64.74%,47.27%,-41.15%,-,91.74%,3.74,1.36%,"1,141,146"
KURA,919.70M,-,-,-,12.84,8.52,1.58,-,-11.47%,25.13%,-13.48%,14.34%,-,10.36,-2.45%,"1,508,347"
KURE,-,-,-,-,-,-,-,-,-,-,-,-,-,15.16,0.40%,"55,395"
KUST,0.90M,-,-,-,0.07,0.18,0.73,-,-,-,74.03%,-,5.52%,1.43,0.70%,"85,831,745"
KVAC,66.63M,82.86,-,-,-,11.58,6663.41,-,-,-,-,-,-,12.18,-1.14%,410
KVHI,178.80M,-,12.23,-,1.52,1.36,3.02,134.43,142.11%,368.75%,21.06%,-,-6.90%,9.17,-1.40%,"375,760"
KVLE,-,-,-,-,-,-,-,-,-,-,-,-,-,27.98,0.04%,"2,047"
KVUE,36.40B,22.48,15.08,2.08,2.38,3.43,33.86,19.97,10.59%,5.28%,-,7.24%,0.89%,18.96,0.85%,"28,940,041"
KVYO,4.20B,-,13.57,0.58,3.20,3.68,4.26,20.79,26.53%,21.92%,23.28%,23.56%,43.55%,14.03,-0.21%,"5,217,874"
KW,1.52B,98.91,-,-,3.11,2.09,8.24,4.75,-,-,-,-,1.99%,10.92,0.00%,0
KWEB,-,-,-,-,-,-,-,-,-,-,-,-,-,23.63,-2.76%,"25,562,817"
KWIN,-,-,-,-,-,-,-,-,-,-,-,-,-,25.62,0.06%,"5,573"
KWM,13.42M,-,-,-,-,-,134.21,-,-,-,-648.60%,-,-,0.17,-4.20%,"1,653,899"
KWR,2.72B,562.87,17.85,1.28,1.41,1.98,16.02,30.52,-0.06%,25.07%,-,13.93%,5.90%,156.59,1.91%,"105,677"
KWT,-,-,-,-,-,-,-,-,-,-,-,-,-,36.57,-0.68%,"3,243"
KWY,288.89M,-,-,-,1.96,21.72,18.97,-,-,-,-4.00%,-,16.12%,9.98,-5.76%,"82,442"
KXI,-,-,-,-,-,-,-,-,-,-,-,-,-,68.13,-0.15%,"45,897"
KXIN,6.98M,-,-,-,53.71,0.17,8.12,-,-,-,16.74%,-,-36.06%,4.22,-4.09%,"9,916"
KYC,-,-,-,-,-,-,-,-,-,-,-,-,-,23.27,-1.14%,4
KYIV,3.46B,37.70,9.45,0.21,3.68,2.58,9.80,-,150.86%,10.92%,-,46.04%,-,14.98,3.17%,"776,197"
KYLD,-,-,-,-,-,-,-,-,-,-,-,-,-,22.78,1.83%,"36,143"
KYMR,9.58B,-,-,-,186.09,6.22,14.72,-,5.84%,-23.46%,-3.19%,-8.21%,2.87%,116.46,16.61%,"3,915,253"
KYN,2.33B,-,-,-,23.44,0.87,-,-,-,-,-,-,-,13.77,1.40%,"286,132"
KYNB,28.09M,0.25,-,-,3.78,-,0.32,-,-130.61%,29.95%,-,-,-48.42%,6.94,0.00%,"77,927"
KYTX,498.52M,-,-,-,-,2.54,2.11,-,21.28%,-2.66%,-56.27%,13.10%,-,8.20,-4.87%,"1,586,409"
KZIA,157.85M,-,-,-,5261.76,5.09,3.41,-,18.48%,-50.45%,25.92%,-16.79%,-,13.92,-4.85%,"146,839"
L,22.82B,14.09,-,-,1.23,1.22,-,8.21,-,-,-,-,5.99%,110.90,-0.91%,"748,363"
LAB,288.91M,-,-,-,3.35,0.51,0.63,-,78.00%,-162.58%,23.22%,19.57%,-9.19%,0.74,-1.71%,"3,008,223"
LABD,-,-,-,-,-,-,-,-,-,-,-,-,-,8.82,-3.50%,"12,122,570"
LABT,5.98M,-,-,-,-,-,598.41,-,-,-,-,-,-,3.43,-7.80%,"541,919"
LABU,-,-,-,-,-,-,-,-,-,-,-,-,-,257.80,3.93%,"652,934"
LABX,-,-,-,-,-,-,-,-,-,-,-,-,-,154.79,1.89%,"169,152"
LAC,1.34B,-,-,-,-,1.00,1.11,-,75.13%,30.14%,-26.03%,-,-,3.85,-2.28%,"7,636,420"
LACG,-,-,-,-,-,-,-,-,-,-,-,-,-,5.74,-4.48%,"7,920"
LAD,6.77B,10.41,7.30,0.68,0.18,1.06,15.97,-,2.93%,18.07%,10.58%,10.80%,23.45%,296.73,-2.81%,"291,722"
LADR,1.30B,23.33,8.61,-,3.23,0.90,39.27,13.04,18.71%,18.48%,-,-,1.84%,10.17,-0.59%,"1,012,981"
LAES,729.96M,-,-,-,32.60,1.08,1.35,-,29.17%,11.76%,15.06%,-,7.58%,3.17,-1.86%,"23,897,255"
LAFA,158.39M,-,-,-,-,1.22,226.27,-,-,-,-,-,-,10.11,0.00%,29
LAKE,106.78M,-,19.24,-,0.55,0.82,6.13,-,90.68%,329.59%,-,-,3.91%,10.82,-1.37%,"126,039"
LALT,-,-,-,-,-,-,-,-,-,-,-,-,-,23.96,-0.46%,"121,524"
LAMR,15.66B,28.51,24.40,3.84,6.84,16.15,398.87,22.39,2.43%,7.06%,19.11%,6.36%,7.63%,154.36,0.41%,"501,603"
LAND,366.66M,-,-,-,4.16,0.52,42.54,58.76,-104.41%,21.59%,-7.78%,-,9.15%,8.50,-1.16%,"630,645"
LANV,188.39M,-,-,-,0.70,-,5.67,-,27.59%,6.05%,-645.20%,14.09%,-,1.50,0.00%,"13,607"
LAPR,-,-,-,-,-,-,-,-,-,-,-,-,-,25.35,0.04%,924
LAR,1.32B,-,21.40,-,-,1.68,13.52,-,186.83%,-7.92%,-3.35%,-,-,8.04,-1.47%,"1,431,245"
LARK,185.31M,9.73,-,-,1.91,1.15,-,9.37,-,-,-0.91%,-,7.49%,30.39,0.63%,"6,652"
LASC,-,-,-,-,-,-,-,-,-,-,-,-,-,21.89,-4.82%,872
LASE,67.44M,-,-,-,9.68,-,41.38,-,-,-,-,-,31.09%,1.76,-9.28%,"3,042,690"
LASR,3.52B,-,92.43,1.42,12.15,8.21,10.59,158.87,118.52%,28.81%,2.96%,65.10%,3.24%,62.44,-2.15%,"749,355"
LATA,232.07M,79.89,-,-,-,1.36,301.39,-,-,-,-,-,-,10.09,0.00%,2
LATR,-,-,-,-,-,-,-,-,-,-,-,-,-,26.10,-0.18%,252
LAUR,5.11B,19.25,14.89,0.80,2.94,4.87,31.35,19.38,23.87%,15.09%,-,18.61%,10.68%,36.50,-0.95%,"920,880"
LAW,219.99M,-,-,-,1.36,1.77,2.13,-,-2.53%,84.97%,-12.23%,-,18.04%,3.43,-3.11%,"148,779"
LAZ,4.00B,16.08,9.42,0.33,1.20,4.54,3.89,7.48,12.08%,57.62%,-8.51%,28.67%,3.45%,40.62,0.32%,"2,331,885"
LB,4.69B,63.05,20.30,0.43,22.76,4.92,158.06,-,55.21%,41.21%,-,47.03%,-,60.91,-0.83%,"1,519,138"
LBAY,-,-,-,-,-,-,-,-,-,-,-,-,-,25.44,1.09%,110
LBGJ,3.66M,-,-,-,0.29,0.01,1.04,-,-,-,-,-,2.14%,1.09,-3.54%,"14,066"
LBO,-,-,-,-,-,-,-,-,-,-,-,-,-,23.97,0.08%,941
LBRDA,4.35B,-,4.99,-,16.66,0.74,4.25,-,148.49%,-23.18%,-,-,-,30.27,-1.46%,"377,872"
LBRDK,4.35B,-,-,-,16.66,0.74,4.25,-,-,-,-,-,-,30.30,-1.46%,"2,025,089"
LBRT,4.45B,29.90,42.38,0.44,1.10,2.27,6.36,-,73.65%,146.88%,-,95.96%,32.91%,27.25,3.97%,"3,373,813"
LBRX,888.97M,-,-,-,-,2.35,2.43,-,-12.55%,-24.49%,-,-9.62%,-,31.00,1.71%,"213,094"
LBTYA,3.72B,-,-,-,0.75,0.39,1.98,-,92.26%,20.33%,-50.47%,63.03%,-15.83%,11.09,-0.27%,"3,155,801"
LBTYK,3.70B,-,-,-,0.74,0.38,1.97,-,91.78%,23.76%,-50.47%,63.42%,-15.83%,10.64,-0.75%,"1,043,640"
LCAP,-,-,-,-,-,-,-,-,-,-,-,-,-,32.38,-0.06%,"26,236"
LCCC,92.70M,51.43,-,-,-,1.33,157.12,-,-,-,-,-,-,10.41,0.00%,0
LCDL,-,-,-,-,-,-,-,-,-,-,-,-,-,0.54,-1.44%,"203,220"
LCDS,-,-,-,-,-,-,-,-,-,-,-,-,-,69.79,-0.17%,4
LCF,-,-,-,-,-,-,-,-,-,-,-,-,-,42.14,-0.78%,"1,762"
LCFY,6.73M,-,-,-,3.25,2.68,17.26,-,-,-,-2.36%,-,9.28%,3.74,-1.03%,"2,909"
LCID,2.00B,-,-,-,1.43,-,2.70,-,11.84%,43.37%,47.07%,29.16%,220.94%,5.12,-0.58%,"9,784,578"
LCII,2.33B,11.78,9.53,-,0.56,1.68,16.36,11.55,19.38%,12.90%,3.84%,-,8.07%,95.85,1.82%,"327,668"
LCLG,-,-,-,-,-,-,-,-,-,-,-,-,-,74.14,1.37%,50
LCLN,2.34B,-,-,-,-,6.90,9.47,-,-,-,-,-,-,23.00,-0.09%,"232,883"
LCNB,251.73M,10.92,9.76,-,2.03,0.91,-,7.39,2.76%,8.06%,1.02%,-,9.38%,17.67,0.23%,"20,255"
LCO,-,-,-,-,-,-,-,-,-,-,-,-,-,26.97,1.44%,2
LCOW,-,-,-,-,-,-,-,-,-,-,-,-,-,24.81,0.23%,"13,170"
LCR,-,-,-,-,-,-,-,-,-,-,-,-,-,39.47,0.46%,"14,622"
LCTD,-,-,-,-,-,-,-,-,-,-,-,-,-,57.36,0.94%,"121,999"
LCTU,-,-,-,-,-,-,-,-,-,-,-,-,-,78.63,0.02%,"27,544"
LCTX,304.15M,-,-,-,20.58,5.65,5.70,-,75.51%,-33.33%,-14.94%,-,79.88%,1.22,-3.17%,"1,159,011"
LCUT,191.07M,-,10.10,-,0.29,0.97,13.79,10.60,-14.27%,19.17%,-53.80%,-13.32%,-3.37%,8.36,0.72%,"136,662"
LDDR,-,-,-,-,-,-,-,-,-,-,-,-,-,79.27,0.06%,"1,600"
LDEM,-,-,-,-,-,-,-,-,-,-,-,-,-,59.97,0.41%,"23,910"
LDI,402.01M,-,7.44,-,0.33,1.34,1.13,-,70.24%,366.67%,-,-,-23.27%,1.19,-0.83%,"1,098,763"
LDOS,12.58B,9.15,7.61,1.16,0.73,2.51,23.38,6.77,2.85%,6.53%,20.63%,6.57%,6.91%,100.00,-4.14%,"1,581,982"
LDP,606.01M,9.43,-,-,-,-,-,-,-,-,-,-,-,20.84,0.53%,"44,246"
LDRC,-,-,-,-,-,-,-,-,-,-,-,-,-,25.19,0.04%,"4,880"
LDRH,-,-,-,-,-,-,-,-,-,-,-,-,-,24.64,0.06%,"3,609"
LDRI,-,-,-,-,-,-,-,-,-,-,-,-,-,25.57,0.18%,"1,983"
LDRT,-,-,-,-,-,-,-,-,-,-,-,-,-,25.10,0.00%,"18,386"
LDRX,-,-,-,-,-,-,-,-,-,-,-,-,-,34.47,-0.44%,"15,374"
LDSF,-,-,-,-,-,-,-,-,-,-,-,-,-,18.91,-0.34%,"23,025"
LDUR,-,-,-,-,-,-,-,-,-,-,-,-,-,95.57,0.07%,"47,336"
LE,360.59M,1.07,14.05,-,0.27,0.72,15.29,-,-41.28%,65.35%,-11.77%,-,-1.33%,11.73,-1.59%,"120,036"
LEA,6.92B,13.84,7.99,0.55,0.29,1.37,7.79,9.45,16.10%,16.35%,25.45%,14.51%,6.41%,138.22,1.95%,"439,922"
LEAD,-,-,-,-,-,-,-,-,-,-,-,-,-,89.54,1.54%,743
LECO,15.00B,28.25,22.72,2.33,3.45,9.92,50.17,34.20,10.98%,9.98%,22.18%,9.76%,9.75%,273.72,1.79%,"372,765"
LEDS,13.79M,-,-,-,0.40,9.17,3.46,6.30,-,-,-1.09%,-,47.95%,1.67,-2.34%,"6,437"
LEE,191.84M,-,-,-,0.36,-,3.60,225.70,-,-,-62.37%,-,-1.87%,8.63,-1.26%,"58,353"
LEG,1.58B,7.23,11.46,3.55,0.40,1.52,3.10,7.64,-16.67%,15.71%,-1.81%,3.23%,-1.07%,11.60,1.40%,"2,446,318"
LEGH,604.77M,14.50,11.92,-,3.70,1.12,42.86,20.21,22.41%,0.16%,2.15%,-,-1.42%,25.43,0.39%,"90,454"
LEGN,5.28B,-,33.34,-,4.62,5.46,6.33,-,104.51%,2233.81%,6.49%,-,68.87%,28.43,-3.23%,"2,620,403"
LEGO,310.17M,-,-,-,-,1.38,140.35,-,-,-,-,-,-,9.92,0.00%,"27,737"
LEGR,-,-,-,-,-,-,-,-,-,-,-,-,-,63.96,-0.69%,"1,684"
LEMB,-,-,-,-,-,-,-,-,-,-,-,-,-,42.26,0.17%,"72,926"
LEN,23.06B,14.63,13.98,-,0.71,1.06,12.50,88.41,-29.37%,19.09%,0.35%,-0.82%,8.73%,93.86,0.98%,"2,825,473"
LEND,-,-,-,-,-,-,-,-,-,-,-,-,-,25.14,0.02%,"52,987"
LENS,-,-,-,-,-,-,-,-,-,-,-,-,-,38.77,1.35%,"6,599"
LENZ,172.77M,-,-,-,8.23,0.70,0.67,-,-60.03%,23.95%,19.13%,16.47%,-,5.51,-1.25%,"1,066,539"
LEO,401.78M,32.25,-,-,13.34,0.95,-,-,-,-,-,-,-,6.45,0.16%,"182,934"
LESL,81.80M,-,-,-,0.07,-,4.83,29.53,35.32%,87.17%,-,-,2.23%,8.74,-1.13%,"201,056"
LEU,3.35B,56.43,62.68,-,7.41,4.32,1.79,-,-27.33%,-4.09%,46.79%,-21.77%,12.66%,170.38,-0.44%,"855,421"
LEUX,-,-,-,-,-,-,-,-,-,-,-,-,-,12.85,-0.70%,"72,764"
LEVI,9.23B,20.72,14.26,1.09,1.42,4.18,11.36,18.81,12.05%,12.02%,-,13.14%,7.14%,23.99,1.83%,"2,576,364"
LEXI,-,-,-,-,-,-,-,-,-,-,-,-,-,40.27,0.51%,"12,631"
LEXX,13.56M,-,-,-,36.65,2.06,2.57,-,60.61%,-19.23%,14.15%,24.86%,17.53%,0.55,0.00%,"68,613"
LFAC,191.77M,-,-,-,-,1.39,189.87,-,-,-,-,-,-,9.99,-0.20%,"51,886"
LFAI,-,-,-,-,-,-,-,-,-,-,-,-,-,151.36,0.04%,10
LFAO,-,-,-,-,-,-,-,-,-,-,-,-,-,165.54,0.01%,2
LFAW,-,-,-,-,-,-,-,-,-,-,-,-,-,177.16,-0.01%,60
LFBE,-,-,-,-,-,-,-,-,-,-,-,-,-,187.23,-0.03%,2
LFCR,202.17M,-,-,-,1.57,-,9.72,-,-,-,0.55%,-,-26.24%,5.39,-7.07%,"531,397"
LFDR,-,-,-,-,-,-,-,-,-,-,-,-,-,187.27,-0.03%,5
LFEQ,-,-,-,-,-,-,-,-,-,-,-,-,-,58.30,-0.02%,"2,555"
LFGY,-,-,-,-,-,-,-,-,-,-,-,-,-,21.11,-2.04%,"52,447"
LFMD,203.12M,-,56.54,7.61,0.93,13.28,5.89,53.45,-209.14%,127.23%,44.86%,7.43%,39.08%,4.20,-6.67%,"849,929"
LFS,59.64M,19.86,-,-,0.77,4.87,3.88,21.30,-,-,-,-,-,2.28,-4.60%,"362,985"
LFSC,-,-,-,-,-,-,-,-,-,-,-,-,-,44.13,1.94%,"1,608"
LFST,3.83B,166.89,49.49,0.29,2.56,2.59,19.67,26.87,580.33%,46.72%,-,172.02%,30.44%,9.88,2.38%,"3,343,623"
LFT,55.58M,-,4.24,-,0.71,0.35,1.82,-,89.29%,-5.66%,-,-,18.19%,1.06,0.95%,"222,336"
LFTO,4.29B,192.24,-,-,5.79,-,21.36,-,-,-,-,-,-,25.78,-4.52%,"675,606"
LFUS,12.07B,-,28.06,1.21,4.85,4.78,25.04,31.14,36.02%,17.07%,-,23.24%,10.54%,477.22,2.92%,"276,368"
LFVN,83.90M,14.95,14.56,-,0.43,2.52,6.72,22.31,-30.08%,-20.35%,-0.93%,-20.63%,-0.38%,6.65,6.74%,"172,425"
LFWD,19.50M,-,-,-,0.93,3.06,1.71,-,66.54%,60.43%,24.32%,57.23%,38.06%,6.93,-0.14%,"1,763"
LGCF,-,-,-,-,-,-,-,-,-,-,-,-,-,35.74,0.27%,77
LGCL,40.24M,0.02,-,-,0.28,0.06,8.00,-,-,-,-,-,34.17%,0.94,-34.23%,"209,413"
LGCY,139.55M,18.07,13.85,0.71,1.79,2.81,6.44,29.38,14.12%,18.32%,-,19.43%,31.33%,11.03,0.27%,"29,425"
LGDX,-,-,-,-,-,-,-,-,-,-,-,-,-,24.36,-0.42%,9
LGH,-,-,-,-,-,-,-,-,-,-,-,-,-,62.11,-0.14%,"16,524"
LGHL,1.85M,-,-,-,0.20,0.07,0.08,-,-,-,67.55%,-,-2.36%,0.40,-13.46%,"574,899"
LGHT,-,-,-,-,-,-,-,-,-,-,-,-,-,8.36,0.50%,103
LGI,235.79M,7.08,-,-,49.69,0.99,-,-,-,-,-,-,-,18.12,0.06%,"31,743"
LGIH,1.45B,20.55,17.25,-,0.87,0.69,23.90,-,-13.37%,25.46%,-24.55%,-,-6.35%,62.61,1.90%,"355,288"
LGL,90.00M,277.42,349.42,-,34.09,1.03,1.93,391.30,-208.33%,115.38%,-10.37%,-,-39.85%,6.88,-0.15%,"30,422"
LGLV,-,-,-,-,-,-,-,-,-,-,-,-,-,180.63,0.44%,"29,624"
LGN,8.76B,-,41.06,-,-,17.34,35.82,-,350.35%,38.42%,-,-,-,81.10,1.64%,"1,632,637"
LGND,5.93B,40.12,26.59,1.60,21.61,5.94,7.61,48.18,11.41%,22.87%,-,16.58%,7.54%,295.92,3.86%,"711,066"
LGO,56.44M,-,-,-,0.52,0.45,4.87,-,77.23%,-,-,-,-1.74%,0.67,0.67%,"310,792"
LGOV,-,-,-,-,-,-,-,-,-,-,-,-,-,21.54,-0.42%,"216,469"
LGPS,16.10M,2.74,-,-,0.12,0.60,1.80,-,-,-,-,-,-,0.68,1.49%,"7,828"
LGRO,-,-,-,-,-,-,-,-,-,-,-,-,-,42.09,-0.07%,740
LGVN,23.03M,-,-,-,18.88,1.40,1.46,-,50.39%,27.73%,8.03%,46.28%,-26.60%,0.73,-1.49%,"185,906"
LH,21.84B,23.60,13.66,1.55,1.54,2.51,22.26,15.78,9.57%,8.22%,-8.01%,8.82%,-0.04%,266.34,0.44%,"579,545"
LHAI,10.59M,-,-,-,0.52,1.41,3.05,-,-,-,-,-,-,0.65,-8.18%,"33,077"
LHSW,5.33M,4.37,-,-,0.12,0.31,59.25,-,-,-,-,-,-,1.64,-14.14%,"199,118"
LHX,53.75B,31.32,21.11,1.54,2.39,2.74,91.10,20.76,8.34%,17.55%,10.46%,13.73%,3.74%,288.52,0.44%,"1,430,134"
LI,9.87B,-,17.67,0.46,0.64,1.26,0.73,-,-85.18%,1260.47%,-,38.15%,62.71%,11.83,-4.52%,"2,894,460"
LIAE,-,-,-,-,-,-,-,-,-,-,-,-,-,208.86,0.19%,4
LIAM,-,-,-,-,-,-,-,-,-,-,-,-,-,237.57,0.20%,105
LIAU,-,-,-,-,-,-,-,-,-,-,-,-,-,263.70,0.16%,2
LIBD,-,-,-,-,-,-,-,-,-,-,-,-,-,280.89,0.12%,4
LICN,27.45M,-,-,-,1.12,0.39,1.02,-,-,-,-,-,-4.38%,1.67,32.54%,"1,479,156"
LIDR,59.75M,-,-,-,221.29,0.79,0.77,-,34.92%,6.34%,22.15%,26.60%,-31.80%,1.29,-3.01%,"973,263"
LIEN,238.07M,6.94,6.19,0.81,4.03,0.78,71.06,6.82,13.45%,2.13%,-,7.67%,-,10.40,-0.57%,"172,871"
LIF,3.97B,28.18,26.77,8.02,7.50,6.61,8.67,43.05,-45.63%,38.37%,-,3.34%,43.42%,48.94,-0.97%,"513,243"
LIFE,1.17B,-,25.85,-,2.41,2.66,8.11,-,-306.26%,128.62%,-,-10.66%,-,18.62,2.87%,"679,237"
LIFT,-,-,-,-,-,-,-,-,-,-,-,-,-,24.19,0.07%,11
LII,19.86B,25.70,21.44,2.73,3.78,16.37,395.65,30.06,4.85%,9.62%,19.78%,7.86%,7.41%,570.73,3.44%,"509,033"
LILA,1.40B,-,24.60,-,0.32,2.61,2.06,4.30,95.57%,409.16%,2.57%,-,3.37%,7.00,6.06%,"1,833,583"
LILAK,1.40B,-,19.14,-,0.31,2.57,2.05,4.28,98.97%,1789.87%,2.57%,-,3.37%,6.91,5.50%,"2,538,477"
LILAV,1.32B,-,-,-,-,-,-,-,-,-,-,-,-,5.36,0.00%,0
LILKV,1.32B,-,-,-,-,-,-,-,-,-,-,-,-,5.25,0.00%,0
LIMI,-,-,-,-,-,-,-,-,-,-,-,-,-,49.86,-3.55%,"1,210"
LIMN,4.45M,-,-,-,-,-,2.33,-,-,-,-,-,-,0.10,-3.98%,"900,360"
LIN,241.61B,34.66,26.65,2.83,6.97,6.26,61.03,47.41,8.78%,9.48%,25.41%,9.43%,4.52%,522.28,1.27%,"2,063,308"
LINC,1.55B,68.55,41.46,1.36,2.85,7.81,93.11,-,22.92%,50.21%,-15.53%,30.43%,12.07%,48.99,2.38%,"378,881"
LIND,1.88B,-,96.40,-,2.35,-,5.84,26.29,118.78%,150.71%,20.78%,-,56.41%,28.60,6.00%,"1,509,368"
LINE,9.70B,-,-,-,1.81,1.20,144.79,63.41,-84.63%,24.05%,15.41%,-3.44%,9.67%,42.61,4.05%,"1,017,106"
LINK,64.11M,-,-,-,5.21,7.33,30.38,-,-,-,-,-,11.54%,4.07,4.36%,"18,307"
LINT,-,-,-,-,-,-,-,-,-,-,-,-,-,233.50,1.08%,"161,312"
LION,4.60B,-,38.99,-,1.75,-,10.95,403.32,450.16%,28.75%,-813.68%,-,-,15.82,3.13%,"2,467,153"
LIQT,25.81M,-,-,-,1.61,1.12,9.45,-,11.24%,11.39%,24.85%,-,-6.03%,0.86,1.41%,"128,439"
LIT,-,-,-,-,-,-,-,-,-,-,-,-,-,78.45,-0.58%,"225,318"
LITB,55.17M,5.94,3.39,-,0.24,-,3.22,-,40.00%,42.86%,-8.99%,-,-10.83%,3.05,-0.65%,"8,081"
LITE,67.06B,159.98,46.53,0.33,26.95,20.79,21.14,588.26,298.06%,125.93%,-26.60%,141.94%,-0.40%,861.97,2.31%,"4,462,313"
LITL,-,-,-,-,-,-,-,-,-,-,-,-,-,33.46,0.01%,703
LITP,-,-,-,-,-,-,-,-,-,-,-,-,-,12.73,-3.34%,"57,470"
LITS,27.80M,-,-,-,-,0.51,3.69,-,-,-,25.03%,-,-,0.82,-6.39%,"278,166"
LITU,-,-,-,-,-,-,-,-,-,-,-,-,-,22.19,4.65%,"115,256"
LITX,-,-,-,-,-,-,-,-,-,-,-,-,-,35.14,4.61%,"3,982,176"
LITZ,-,-,-,-,-,-,-,-,-,-,-,-,-,15.88,-4.57%,"466,000"
LIVE,31.79M,13.92,-,-,0.07,0.34,2.10,1.63,-,-,9.77%,-,18.34%,10.35,-0.10%,612
LIVN,4.45B,41.84,17.50,1.88,3.11,3.67,8.25,27.65,8.95%,9.00%,9.06%,9.29%,8.24%,81.05,1.38%,"652,150"
LIXT,115.62M,-,-,-,-,9.74,35.57,-,-,-,15.39%,-,-,6.65,-3.20%,"210,355"
LJAN,-,-,-,-,-,-,-,-,-,-,-,-,-,24.72,0.06%,"1,128"
LJUL,-,-,-,-,-,-,-,-,-,-,-,-,-,23.94,0.02%,116
LKFN,1.54B,14.44,13.62,-,3.61,2.05,-,14.41,8.29%,4.20%,3.97%,-,12.38%,61.64,0.16%,"201,090"
LKFT,1.90B,3.33,-,-,1.57,0.51,0.55,-,-156.99%,13.03%,-,-,18.16%,28.84,-0.59%,"112,443"
LKOR,-,-,-,-,-,-,-,-,-,-,-,-,-,42.24,-0.03%,"1,381"
LKQ,6.82B,13.24,8.05,1.81,0.49,1.06,20.35,8.44,-1.35%,11.96%,2.38%,4.45%,3.26%,26.75,1.98%,"2,758,107"
LKSP,198.20M,116.53,-,-,-,1.42,1101.11,-,-,-,-,-,-,10.15,0.00%,0
LLDR,-,-,-,-,-,-,-,-,-,-,-,-,-,45.33,-0.03%,9
LLY,1061.99B,40.59,25.30,0.89,14.70,34.10,201.06,89.83,51.20%,21.76%,27.59%,28.49%,21.58%,1127.69,0.93%,"2,754,291"
LLYVA,9.25B,-,-,-,-,-,17.64,-,-247.37%,13.33%,-,-,-,98.28,2.01%,"242,947"
LLYVK,9.30B,-,-,-,-,-,17.74,-,-247.37%,13.33%,-,-,-,102.08,2.59%,"417,382"
LLYX,-,-,-,-,-,-,-,-,-,-,-,-,-,24.77,2.14%,"605,371"
LMAT,2.15B,34.61,28.85,2.47,8.38,5.28,5.84,27.13,19.04%,8.53%,19.43%,11.68%,14.05%,93.93,1.82%,"306,357"
LMB,976.45M,29.81,16.08,3.18,1.50,4.97,61.68,29.01,10.47%,2.25%,35.05%,5.06%,2.62%,81.91,2.03%,"129,401"
LMBS,-,-,-,-,-,-,-,-,-,-,-,-,-,49.80,-0.27%,"360,194"
LMFA,2.60M,-,-,-,0.30,0.12,0.60,-,73.17%,39.77%,26.24%,-,47.58%,0.15,-1.70%,"2,455,200"
LMND,4.30B,-,-,-,5.93,8.30,-,220.57,22.14%,51.90%,9.24%,-,50.72%,55.99,-2.06%,"962,347"
LMNR,235.53M,-,25.31,-,1.78,1.75,264.64,-,56.12%,248.08%,0.70%,-,-0.59%,12.99,-1.14%,"60,610"
LMNX,-,-,-,-,-,-,-,-,-,-,-,-,-,12.28,-4.12%,"20,258"
LMRI,1.02B,-,12.43,-,-,1.70,19.84,-,214.55%,12.56%,-,-,-,10.58,6.01%,"679,622"
LMT,116.44B,24.46,15.77,0.94,1.55,15.51,61.48,20.57,39.27%,7.03%,-2.43%,16.78%,2.79%,505.02,2.72%,"1,364,223"
LMTL,-,-,-,-,-,-,-,-,-,-,-,-,-,30.02,4.88%,"25,830"
LMUB,-,-,-,-,-,-,-,-,-,-,-,-,-,51.07,-0.02%,"108,637"
LNAI,16.14M,-,-,-,806.97,-,5.11,-,-,-,-34.35%,-,-,3.56,3.79%,"77,554"
LNC,6.95B,4.20,4.37,1.27,0.35,0.75,-,28.60,-6.80%,8.53%,17.86%,3.44%,1.55%,36.34,0.30%,"1,711,639"
LND,349.63M,-,-,-,2.22,0.89,19.41,224.12,-,-,-12.47%,-,7.07%,3.51,0.57%,"81,677"
LNG,49.27B,38.48,14.50,-,2.35,13.15,27.87,22.39,-104.13%,1727.24%,-,-14.60%,15.90%,235.10,1.84%,"1,985,241"
LNGX,-,-,-,-,-,-,-,-,-,-,-,-,-,41.01,2.27%,"5,253"
LNKS,3.61M,-,-,-,0.70,0.01,0.84,-,-,-,-,-,-7.87%,2.04,-7.69%,"216,057"
LNN,1.30B,22.84,19.43,-,2.04,2.56,6.97,18.04,-25.20%,26.74%,13.78%,-2.58%,7.34%,124.87,3.60%,"103,029"
LNOK,-,-,-,-,-,-,-,-,-,-,-,-,-,72.69,1.99%,"250,097"
LNSR,74.32M,-,-,-,1.29,6.89,5.51,-,127.35%,-144.59%,-9.65%,-,17.24%,6.14,1.32%,"84,983"
LNT,19.68B,23.96,20.68,2.67,4.45,2.65,171.11,-,6.22%,7.71%,4.94%,7.76%,5.01%,76.19,0.79%,"2,744,050"
LNTH,7.10B,26.29,17.08,2.15,4.59,5.20,14.23,18.82,-12.02%,19.30%,-,7.93%,35.35%,109.01,3.97%,"1,105,145"
LNZA,72.26M,-,-,-,1.24,1.16,3.04,-,83.25%,-,-,-,-,5.52,-4.66%,"78,383"
LOAN,50.63M,10.11,10.07,-,5.98,1.17,241.08,10.31,-2.22%,0.00%,0.35%,-,4.34%,4.43,-0.67%,"17,018"
LOAR,7.24B,109.14,51.29,2.68,13.47,6.14,76.35,84.38,20.48%,20.40%,-,19.15%,-,77.37,4.84%,"1,126,485"
LOB,1.89B,15.66,9.92,-,1.81,1.60,-,15.02,65.94%,35.06%,9.39%,-,21.22%,40.96,1.64%,"353,682"
LOBO,9.70M,-,-,-,0.42,1.26,5.85,-,-,-,-,-,13.22%,0.70,-1.47%,"75,082"
LOCL,29.41M,-,-,-,0.59,-,1.57,-,-,-,-12.04%,-,258.21%,1.29,0.00%,"26,717"
LOCO,494.90M,16.42,14.99,-,1.00,1.64,126.90,18.43,-0.82%,11.52%,5.67%,-,2.84%,16.25,0.12%,"201,642"
LOCT,-,-,-,-,-,-,-,-,-,-,-,-,-,23.95,0.08%,107
LODE,302.13M,-,12.44,-,279.75,1.89,5.70,-,64.96%,178.05%,-,-,50.43%,3.98,-3.16%,"1,212,622"
LODI,-,-,-,-,-,-,-,-,-,-,-,-,-,25.27,0.10%,"5,038"
LOFF,-,-,-,-,-,-,-,-,-,-,-,-,-,20.79,-1.93%,"1,059,519"
LOGI,14.47B,21.03,16.42,3.60,2.99,6.54,8.31,14.48,-2.25%,8.72%,-3.11%,4.56%,-1.62%,100.85,-1.48%,"889,152"
LOGO,-,-,-,-,-,-,-,-,-,-,-,-,-,20.05,0.05%,"3,947"
LOHA,-,-,-,-,-,-,-,-,-,-,-,-,-,25.83,1.56%,"29,818"
LOKV,306.19M,-,-,-,-,1.58,273.38,-,-,-,-,-,-,11.52,0.00%,0
LOMA,1.36B,49.87,13.86,0.18,2.19,1.55,40.14,-,187.61%,39.01%,-34.51%,76.31%,2.95%,11.64,1.75%,"295,435"
LONA,81.63M,-,-,-,-,1.66,1.21,-,89.59%,30.37%,-32.09%,56.56%,-,8.69,1.16%,"19,229"
LONZ,-,-,-,-,-,-,-,-,-,-,-,-,-,49.27,-0.08%,"67,325"
LOOP,39.67M,-,-,-,77.79,-,16.81,-,25.00%,-,21.98%,-,-,0.82,3.77%,"94,514"
LOPE,3.79B,17.87,12.81,1.25,3.37,5.49,15.07,14.58,10.94%,10.82%,7.18%,10.26%,5.55%,143.03,-1.12%,"293,493"
LOPP,-,-,-,-,-,-,-,-,-,-,-,-,-,39.66,1.80%,929
LOT,691.92M,-,-,-,1.33,-,1.54,-,3.93%,31.64%,-,-,-,1.08,0.00%,"57,495"
LOTI,-,-,-,-,-,-,-,-,-,-,-,-,-,25.89,-0.04%,"14,098"
LOUP,-,-,-,-,-,-,-,-,-,-,-,-,-,92.22,-0.11%,"8,029"
LOVE,235.82M,62.98,15.77,0.21,0.34,1.15,4.14,6.59,98.81%,83.53%,-22.04%,76.13%,16.80%,16.11,0.50%,"261,152"
LOW,124.44B,18.77,16.52,2.61,1.41,-,100.03,16.33,1.49%,7.71%,8.87%,6.34%,-0.75%,221.93,0.22%,"3,046,084"
LOWV,-,-,-,-,-,-,-,-,-,-,-,-,-,77.78,-0.63%,"3,443"
LPA,125.84M,38.34,9.11,3.57,2.39,0.50,4.45,-,-97.39%,3175.08%,-,2.55%,-,3.98,-1.00%,"115,290"
LPAA,311.94M,40.39,-,-,-,1.32,1155.32,-,-,-,-,-,-,10.85,0.09%,58
LPBB,308.49M,35.66,-,-,-,1.32,2203.48,-,-,-,-,-,-,10.73,0.09%,"235,307"
LPCN,19.62M,-,-,-,9.81,0.78,0.79,-,-12.72%,13.39%,22.70%,17.47%,-,2.38,-3.64%,"21,513"
LPCV,287.21M,-,-,-,-,1.29,315.62,-,-,-,-,-,-,9.99,-0.10%,"32,429"
LPG,1.58B,8.14,9.99,-,3.28,1.39,4.83,13.86,56.89%,-48.43%,19.59%,-5.89%,8.79%,36.95,-7.44%,"840,594"
LPL,3.96B,-,6.26,0.09,0.22,0.94,3.98,33.65,-84.45%,2456.36%,-,66.39%,-2.45%,3.96,-0.75%,"2,716,886"
LPLA,22.18B,24.76,9.72,0.50,1.21,3.91,7.62,-,13.92%,24.61%,13.26%,19.45%,23.68%,277.33,-1.71%,"1,253,116"
LPRE,-,-,-,-,-,-,-,-,-,-,-,-,-,30.37,0.60%,"2,040"
LPRO,369.17M,-,18.00,-,4.13,4.90,2.00,858.53,367.86%,61.78%,49.57%,-,-3.06%,3.12,-0.32%,"4,124,136"
LPSN,22.16M,-,-,-,0.09,-,0.22,-,18.72%,-,12.74%,-,-7.84%,1.82,-5.21%,"78,737"
LPTH,855.82M,-,495.64,-,13.63,9.36,15.49,-,42.36%,113.25%,-,-,1.25%,13.63,4.85%,"2,592,976"
LPX,5.70B,69.66,21.70,0.99,2.23,3.30,34.76,-,-28.12%,97.45%,-14.08%,21.90%,-0.58%,81.60,2.40%,"1,331,082"
LQ,-,-,-,-,-,-,-,-,-,-,-,-,-,23.69,0.04%,"1,435"
LQAI,-,-,-,-,-,-,-,-,-,-,-,-,-,47.57,2.54%,766
LQD,-,-,-,-,-,-,-,-,-,-,-,-,-,109.50,0.08%,"33,756,212"
LQDA,6.84B,543.22,13.62,-,23.75,62.56,30.70,166.23,512.15%,71.27%,14.60%,-,192.49%,76.92,1.83%,"1,572,694"
LQDB,-,-,-,-,-,-,-,-,-,-,-,-,-,86.67,0.07%,"1,939"
LQDH,-,-,-,-,-,-,-,-,-,-,-,-,-,93.21,0.04%,"14,596"
LQDI,-,-,-,-,-,-,-,-,-,-,-,-,-,26.33,-0.05%,"6,917"
LQDM,-,-,-,-,-,-,-,-,-,-,-,-,-,24.79,0.00%,"2,764"
LQDT,1.19B,40.86,22.50,-,2.48,5.35,5.83,15.30,17.58%,12.62%,-,-,18.28%,38.14,-1.95%,"197,038"
LQDW,-,-,-,-,-,-,-,-,-,-,-,-,-,24.04,0.12%,"63,244"
LQID,-,-,-,-,-,-,-,-,-,-,-,-,-,25.00,-0.02%,"16,100"
LQTI,-,-,-,-,-,-,-,-,-,-,-,-,-,19.39,-0.10%,"57,248"
LRCU,-,-,-,-,-,-,-,-,-,-,-,-,-,97.34,16.57%,"225,949"
LRCX,502.50B,75.84,49.76,1.48,23.18,47.47,105.77,83.68,37.36%,42.00%,22.42%,33.61%,12.92%,401.82,7.21%,"16,731,372"
LRE,16.91M,2.48,-,-,0.14,0.59,2.58,-,-,-,45.01%,-,9.42%,1.24,-0.80%,"6,931"
LRGC,-,-,-,-,-,-,-,-,-,-,-,-,-,82.11,-0.27%,"14,917"
LRGE,-,-,-,-,-,-,-,-,-,-,-,-,-,81.98,-0.91%,"6,003"
LRGF,-,-,-,-,-,-,-,-,-,-,-,-,-,74.36,0.03%,"896,560"
LRGG,-,-,-,-,-,-,-,-,-,-,-,-,-,26.55,-1.96%,"105,318"
LRHC,1.69M,-,-,-,0.02,-,0.35,-,-,-,-,-,23.21%,1.05,3.96%,"112,004"
LRMR,363.60M,-,-,-,-,2.31,1.81,-,26.77%,24.28%,8.74%,36.85%,-,3.50,-3.58%,"1,773,384"
LRN,3.66B,13.28,11.47,1.06,1.44,2.23,4.54,8.84,17.98%,6.98%,58.07%,10.78%,18.24%,86.11,1.53%,"485,049"
LRND,-,-,-,-,-,-,-,-,-,-,-,-,-,42.46,-1.16%,138
LRNX,-,-,-,-,-,-,-,-,-,-,-,-,-,25.99,0.00%,0
LRNZ,-,-,-,-,-,-,-,-,-,-,-,-,-,60.16,1.99%,"3,873"
LSAF,-,-,-,-,-,-,-,-,-,-,-,-,-,51.53,0.12%,"4,451"
LSAK,390.38M,-,8.27,-,0.56,2.03,4.30,26.76,170.28%,56.52%,6.41%,-,35.52%,4.55,-1.09%,"49,186"
LSAT,-,-,-,-,-,-,-,-,-,-,-,-,-,43.47,0.18%,"9,296"
LSBK,130.58M,15.66,-,-,3.25,0.87,-,13.53,-,-,11.35%,-,7.51%,16.86,0.54%,"5,624"
LSCC,19.76B,1015.49,61.16,1.34,34.42,26.66,141.16,154.57,72.53%,30.15%,-41.85%,45.56%,5.10%,144.20,0.19%,"2,176,179"
LSCP,-,-,-,-,-,-,-,-,-,-,-,-,-,25.15,0.08%,"7,417"
LSE,69.30M,56.45,-,-,1.43,1.52,2.40,-,-,-,-,-,-,4.07,4.37%,"28,327"
LSEQ,-,-,-,-,-,-,-,-,-,-,-,-,-,35.81,1.84%,5
LSF,55.24M,-,16.19,-,1.06,4.06,5.25,-,168.82%,45.31%,28.34%,-,14.11%,5.02,12.30%,"82,393"
LSGR,-,-,-,-,-,-,-,-,-,-,-,-,-,40.95,-1.33%,"50,093"
LSH,15.15M,-,-,-,0.73,1.01,11.65,-,-,-,-,-,-,0.44,3.26%,"72,927"
LSPD,1.32B,-,10.40,0.32,1.07,0.89,2.89,18.46,40.77%,48.47%,2.56%,32.46%,40.80%,9.56,-1.04%,"905,187"
LST,-,-,-,-,-,-,-,-,-,-,-,-,-,46.25,0.94%,"34,337"
LSTA,30.78M,-,-,-,181.08,2.82,2.36,-,54.58%,-6.42%,24.76%,25.81%,-,3.38,-1.74%,"21,052"
LSTB,-,-,-,-,-,-,-,-,-,-,-,-,-,25.15,0.06%,"4,074"
LSTR,7.13B,58.04,29.54,0.87,1.50,8.92,17.35,30.52,71.69%,25.15%,-7.82%,34.10%,2.79%,210.12,1.17%,"811,561"
LSVD,-,-,-,-,-,-,-,-,-,-,-,-,-,34.04,0.14%,906
LTAX,-,-,-,-,-,-,-,-,-,-,-,-,-,25.24,0.00%,0
LTBR,313.16M,-,-,-,-,1.43,1.45,-,-,-,25.98%,-,-,8.91,-1.76%,"690,033"
LTC,1.97B,15.45,21.24,-,6.33,1.72,90.81,16.11,-25.50%,-3.60%,0.84%,-12.30%,7.70%,38.45,1.00%,"356,718"
LTCC,-,-,-,-,-,-,-,-,-,-,-,-,-,9.89,1.25%,"58,627"
LTGRU,172.85M,-,-,-,-,-,8.23,-,-,-,-,-,-,10.02,-0.10%,"8,188"
LTH,8.87B,23.41,23.37,4.60,2.88,2.75,59.08,-,-9.07%,13.01%,-,5.08%,25.86%,39.86,2.55%,"3,403,262"
LTL,-,-,-,-,-,-,-,-,-,-,-,-,-,22.18,-1.46%,"3,061"
LTM,16.34B,10.00,8.65,0.92,1.09,8.45,6.25,9.34,-2.19%,35.74%,-,9.42%,29.28%,56.90,-0.26%,"641,037"
LTPZ,-,-,-,-,-,-,-,-,-,-,-,-,-,51.16,0.10%,"93,245"
LTRN,46.83M,-,-,-,-,11.99,7.41,-,3.82%,-33.77%,-10.59%,-10.36%,-,3.67,-7.09%,"187,421"
LTRX,237.32M,-,19.28,0.52,2.00,2.84,10.09,28.05,8.57%,81.58%,7.06%,37.00%,15.47%,5.32,-6.17%,"1,487,710"
LTTI,-,-,-,-,-,-,-,-,-,-,-,-,-,18.61,-0.03%,"39,942"
LU,1.03B,-,4.59,-,0.25,0.09,0.18,0.56,98.53%,2663.46%,-,-,-13.48%,1.23,-3.91%,"782,001"
LUCD,211.19M,-,-,-,41.17,-,7.58,-,44.96%,26.76%,-25.34%,29.61%,-,1.04,1.96%,"1,183,174"
LUCK,1.19B,-,66.85,-,0.96,-,20.36,48.44,-25.27%,170.18%,-322.04%,-,-,7.64,-0.13%,"136,435"
LUCY,4.87M,-,-,-,1.63,0.57,0.86,-,35.26%,65.85%,1.99%,-,115.71%,0.76,-0.65%,"53,401"
LUD,112.54M,-,-,-,-,-,-,-,-,-,-,-,-,4.96,-4.80%,"43,430"
LULG,-,-,-,-,-,-,-,-,-,-,-,-,-,5.89,-1.81%,"129,539"
LULU,13.30B,9.05,9.81,-,1.19,2.66,8.78,10.39,-17.13%,3.97%,24.13%,-1.75%,20.33%,112.06,-0.91%,"3,594,929"
LUMN,8.57B,-,-,-,0.71,-,5.27,19.18,-538.31%,58.82%,-8.90%,-,-9.75%,8.32,3.23%,"13,204,241"
LUNG,52.80M,-,-,-,0.60,1.15,0.85,-,14.14%,8.58%,-8.01%,16.03%,22.55%,1.25,-10.07%,"628,922"
LUNL,-,-,-,-,-,-,-,-,-,-,-,-,-,7.58,-5.25%,"696,218"
LUNR,4.06B,-,801.54,-,12.14,-,16.68,-,53.60%,106.89%,-83.76%,-,36.54%,18.70,-2.25%,"10,415,498"
LUV,25.46B,33.19,11.46,0.15,0.88,3.91,7.65,-,192.96%,66.82%,-,77.13%,25.41%,52.09,2.26%,"7,781,112"
LUXE,1.01B,1.81,-,-,0.36,0.71,2.83,-,47.13%,90.42%,139.46%,-,22.53%,7.39,-4.27%,"141,223"
LVDS,-,-,-,-,-,-,-,-,-,-,-,-,-,57.55,1.12%,597
LVHD,-,-,-,-,-,-,-,-,-,-,-,-,-,44.14,0.50%,"90,859"
LVHI,-,-,-,-,-,-,-,-,-,-,-,-,-,40.65,0.35%,"651,509"
LVIG,-,-,-,-,-,-,-,-,-,-,-,-,-,98.94,0.06%,"5,293"
LVLN,-,-,-,-,-,-,-,-,-,-,-,-,-,24.68,-0.04%,"4,462"
LVLU,21.27M,-,-,-,0.08,-,2.86,-,-,-,8.32%,-,2.57%,7.43,-3.19%,"2,661"
LVO,73.69M,-,-,-,0.96,-,13.70,-,61.65%,65.19%,20.62%,-,3.41%,5.47,2.43%,"98,693"
LVS,30.67B,17.13,12.88,1.42,2.23,25.61,9.21,13.89,10.16%,8.40%,-,9.06%,34.66%,46.28,-3.10%,"3,881,247"
LVWR,206.81M,-,-,-,7.38,7.30,3.06,-,-,-,1.68%,-,-,1.01,0.00%,"90,423"
LW,6.17B,20.85,15.31,-,0.95,3.40,107.29,9.73,-17.35%,5.39%,0.13%,-0.28%,11.21%,44.68,-2.23%,"1,302,816"
LWAC,307.78M,56.42,-,-,-,1.43,488.55,-,-,-,-,-,-,10.20,-0.01%,"23,400"
LWAY,463.50M,31.32,20.49,0.93,2.02,5.13,82.77,-,24.72%,33.33%,34.19%,22.10%,15.81%,30.33,1.95%,"234,635"
LWLG,1.26B,-,-,-,5238.71,15.10,16.74,-,-,-,-16.65%,-,-,8.16,-2.74%,"3,825,809"
LX,261.20M,1.71,2.07,0.13,0.14,0.19,0.56,-,1.93%,34.13%,22.69%,15.87%,1.36%,1.97,-1.50%,"806,158"
LXEH,2.71M,-,-,-,0.63,0.13,1.48,-,-,-,-,-,2.87%,1.45,1.40%,"5,547"
LXEO,369.05M,-,-,-,-,1.50,1.91,-,37.66%,-10.51%,-57.31%,25.87%,-,4.70,-3.89%,"866,800"
LXFR,506.17M,87.78,13.24,1.76,1.36,2.24,29.60,31.36,2.25%,24.67%,-17.19%,7.53%,3.44%,18.74,2.80%,"158,858"
LXP,3.21B,36.52,115.70,-,9.23,1.61,24.61,19.22,-95.33%,452.94%,-11.22%,-,1.17%,54.38,1.08%,"374,744"
LXRX,1.02B,-,-,-,14.61,4.78,5.96,-,-13.33%,-30.01%,23.47%,12.50%,15.72%,2.29,3.15%,"3,394,404"
LXU,769.03M,16.85,15.38,0.46,1.20,1.42,4.23,11.49,225.37%,-37.18%,-,33.10%,11.86%,10.69,-0.19%,"934,737"
LYB,18.02B,-,7.31,0.12,0.61,1.80,6.83,19.85,457.58%,-19.45%,-,61.62%,1.68%,55.84,-0.50%,"5,990,875"
LYEL,291.44M,-,-,-,9714.66,1.06,1.15,-,52.16%,-4.00%,0.99%,23.93%,-65.85%,12.49,-3.92%,"127,372"
LYFT,5.35B,1.98,14.03,-,0.82,1.78,3.11,4.76,-91.19%,67.23%,-,-,21.71%,14.08,-2.22%,"11,968,722"
LYG,83.69B,13.71,8.77,0.34,3.14,1.33,-,-,44.70%,19.24%,42.58%,25.62%,14.58%,5.75,2.50%,"22,056,425"
LYLD,-,-,-,-,-,-,-,-,-,-,-,-,-,29.94,0.46%,265
LYTS,983.90M,35.48,19.39,1.23,1.61,2.79,95.25,26.04,4.91%,23.16%,16.90%,15.76%,13.41%,26.80,3.12%,"373,446"
LYV,40.75B,-,71.20,-,1.59,-,4.48,33.59,-7.93%,1049.54%,50.70%,-,68.39%,175.11,2.12%,"2,850,547"
LZ,983.55M,92.27,6.80,0.55,1.26,6.76,5.37,6.70,19.48%,13.68%,17.74%,12.44%,9.94%,5.73,-2.22%,"2,257,783"
LZB,1.63B,16.51,12.35,2.06,0.77,1.57,5.27,12.82,-3.18%,12.23%,1.45%,5.99%,4.16%,40.80,-2.51%,"707,958"
LZM,364.11M,-,-,-,343.50,4.60,18.08,-,-58.82%,-9.26%,-89.25%,-19.25%,-,4.05,0.50%,"531,488"
LZMH,10.05M,-,-,-,-,1.02,4.53,-,-,-,-35.40%,-,88.02%,1.28,-2.29%,"49,397"
M,6.76B,10.57,11.33,226.69,0.30,1.40,5.22,4.74,-5.38%,3.29%,-,0.05%,4.56%,25.70,1.42%,"6,235,549"
MA,432.00B,28.30,21.43,1.35,12.70,64.54,49.26,24.88,15.67%,15.95%,20.99%,15.86%,16.50%,488.92,-1.11%,"3,561,859"
MAA,16.48B,41.87,41.18,-,7.44,2.89,194.15,24.03,-9.79%,-1.68%,11.53%,-0.58%,5.65%,138.08,2.72%,"985,892"
MAAS,7.60B,-,-,-,-,11.42,22351.91,-,-,-,58.10%,-,43.51%,17.45,-4.44%,"80,742"
MAAY,-,-,-,-,-,-,-,-,-,-,-,-,-,6.78,0.19%,"2,424"
MAC,7.51B,-,258.79,-,8.00,2.72,27.74,33.49,81.95%,169.93%,-,-,5.32%,25.48,0.28%,"4,104,496"
MACI,235.24M,49.66,-,-,-,1.42,23524.00,-,-,-,-,-,-,10.88,0.00%,0
MADE,-,-,-,-,-,-,-,-,-,-,-,-,-,39.35,2.37%,"27,849"
MAGA,-,-,-,-,-,-,-,-,-,-,-,-,-,55.97,0.72%,"1,335"
MAGC,-,-,-,-,-,-,-,-,-,-,-,-,-,16.42,-2.81%,"8,831"
MAGG,-,-,-,-,-,-,-,-,-,-,-,-,-,20.34,0.20%,"2,237"
MAGN,444.64M,-,7.38,-,0.14,0.43,1.47,3.47,210.19%,81.96%,6.73%,-,28.13%,12.42,-0.64%,"282,666"
MAGO,-,-,-,-,-,-,-,-,-,-,-,-,-,20.77,-3.16%,"17,691"
MAGS,-,-,-,-,-,-,-,-,-,-,-,-,-,61.07,-2.57%,"10,154,760"
MAGX,-,-,-,-,-,-,-,-,-,-,-,-,-,46.14,-4.67%,"80,149"
MAGY,-,-,-,-,-,-,-,-,-,-,-,-,-,41.25,-2.57%,"72,988"
MAIA,82.08M,-,1.21,-,-,2.95,2.39,-,25.71%,315.38%,-2.25%,-,-,1.35,-2.88%,"365,647"
MAIN,4.67B,10.56,12.79,8.53,6.71,1.50,224.49,13.92,-3.67%,3.12%,65.31%,1.50%,41.38%,50.19,0.78%,"578,391"
MAIR,20.05B,-,31.96,1.68,-,1806.68,87.71,-,24.18%,20.70%,-,18.97%,-,40.00,1.52%,"2,113,432"
MAKO,640.06M,13.49,-,-,3.45,3.67,6.81,14.39,-,-,-,-,154.23%,7.31,0.41%,"132,810"
MAKX,-,-,-,-,-,-,-,-,-,-,-,-,-,69.92,1.91%,585
MAMA,794.60M,132.43,48.60,1.16,4.20,14.35,32.55,87.03,101.28%,53.50%,1.32%,41.72%,33.33%,19.52,1.46%,"845,286"
MAMB,-,-,-,-,-,-,-,-,-,-,-,-,-,24.11,-0.56%,"15,168"
MAMO,40.19M,15.51,-,-,0.58,1.77,9.68,26.09,-,-,-24.97%,-,-3.42%,0.96,-0.43%,"73,454"
MAN,1.57B,-,7.06,0.25,0.09,0.76,6.99,-,23.77%,30.31%,-,28.63%,-0.05%,33.81,3.74%,"1,248,310"
MANE,4.99B,-,-,-,-,11.37,12.76,-,13.45%,10.37%,-,21.23%,-,119.37,1.77%,"1,002,566"
MANH,7.57B,35.82,21.46,2.03,6.87,36.87,33.46,19.93,5.97%,11.10%,21.58%,10.57%,13.02%,127.87,-2.29%,"697,015"
MANI,-,-,-,-,-,-,-,-,-,-,-,-,-,25.58,0.12%,"45,432"
MANU,3.79B,-,165.51,-,4.13,16.01,47.13,34.92,-152.75%,138.86%,-7.01%,-,6.11%,21.96,4.03%,"308,022"
MAPP,-,-,-,-,-,-,-,-,-,-,-,-,-,27.56,0.40%,531
MAR,99.91B,39.76,29.12,2.25,3.76,-,220.08,35.38,15.68%,12.26%,-,12.93%,19.89%,378.91,-1.21%,"1,469,600"
MARA,5.29B,-,-,-,6.10,2.37,10.03,-,28.23%,65.70%,-95.80%,-,190.86%,13.88,-0.86%,"46,037,265"
MARB,-,-,-,-,-,-,-,-,-,-,-,-,-,21.00,0.00%,0
MARM,-,-,-,-,-,-,-,-,-,-,-,-,-,34.07,0.01%,"4,870"
MARO,-,-,-,-,-,-,-,-,-,-,-,-,-,5.97,-3.24%,"851,803"
MARPS,8.62M,13.73,-,-,8.98,9.16,9.17,-,-,-,4.86%,-,5.78%,4.31,-1.60%,"3,164"
MARS,-,-,-,-,-,-,-,-,-,-,-,-,-,27.76,-3.31%,"161,717"
MART,-,-,-,-,-,-,-,-,-,-,-,-,-,41.50,-0.01%,3
MARU,-,-,-,-,-,-,-,-,-,-,-,-,-,29.24,0.02%,"4,883"
MARW,-,-,-,-,-,-,-,-,-,-,-,-,-,35.89,0.01%,"1,190"
MARZ,-,-,-,-,-,-,-,-,-,-,-,-,-,36.20,-0.06%,807
MAS,16.08B,19.81,16.97,1.79,2.09,-,41.45,17.07,7.97%,9.89%,10.68%,9.47%,1.02%,79.72,2.14%,"2,053,532"
MASK,2.48M,1.92,-,-,0.46,0.22,0.97,-,-,-,-,-,-,2.15,7.50%,"2,813,962"
MASS,339.57M,-,-,-,5.87,2.50,3.04,-,-88.03%,-7.76%,-16.61%,-15.88%,15.88%,8.98,0.11%,"398,753"
MAT,4.01B,8.71,8.74,1.07,0.75,1.91,4.63,11.99,-6.15%,19.47%,28.40%,8.13%,3.11%,13.81,-0.50%,"2,908,416"
MATE,-,-,-,-,-,-,-,-,-,-,-,-,-,29.31,0.75%,"2,405"
MATH,42.54M,5.35,-,-,-,1.15,0.10,22.27,-,-,-,-,-,0.98,-2.00%,"78,017"
MATV,440.94M,5.93,6.40,-,0.22,0.93,5.05,3.79,21.43%,47.06%,-,-,13.01%,8.00,-0.87%,"480,753"
MATW,821.87M,90.58,21.33,3.57,0.68,1.60,22.77,-,-13.49%,13.30%,22.39%,5.98%,-0.01%,26.34,0.04%,"496,417"
MATX,5.94B,14.43,12.82,1.81,1.79,2.18,59.37,30.11,4.88%,5.75%,25.49%,7.10%,7.01%,196.37,0.40%,"213,725"
MAUG,-,-,-,-,-,-,-,-,-,-,-,-,-,32.38,-0.29%,"4,073"
MAVF,-,-,-,-,-,-,-,-,-,-,-,-,-,134.25,0.23%,"1,428"
MAX,685.85M,17.29,8.74,0.17,0.59,313.21,26.33,17.14,161.21%,23.56%,-,52.46%,13.75%,11.00,2.23%,"1,036,163"
MAXI,-,-,-,-,-,-,-,-,-,-,-,-,-,8.38,-2.01%,"45,832"
MAXJ,-,-,-,-,-,-,-,-,-,-,-,-,-,29.08,0.00%,"34,754"
MAYM,-,-,-,-,-,-,-,-,-,-,-,-,-,32.83,0.06%,444
MAYP,-,-,-,-,-,-,-,-,-,-,-,-,-,32.12,-0.08%,"1,774"
MAYS,79.42M,-,-,-,3.71,1.56,25.29,-,-,-,31.54%,-,1.93%,39.95,-0.10%,30
MAYT,-,-,-,-,-,-,-,-,-,-,-,-,-,38.56,0.14%,"23,692"
MAYU,-,-,-,-,-,-,-,-,-,-,-,-,-,33.66,-0.06%,"9,121"
MAYW,-,-,-,-,-,-,-,-,-,-,-,-,-,34.58,0.04%,"28,695"
MAYZ,-,-,-,-,-,-,-,-,-,-,-,-,-,35.59,-0.00%,"2,983"
MAZE,1.50B,-,-,-,74.77,3.93,4.24,-,10.51%,-17.97%,-,-6.03%,-,27.02,1.31%,"1,180,539"
MB,95.39M,-,-,-,1.62,15.65,5.03,-,-,-,-,-,-,5.56,0.72%,"3,923"
MBAI,7.80M,1.50,-,-,-,2.27,35.44,-,-,-,-,-,-,1.11,-13.95%,"103,556"
MBAV,388.84M,84.93,-,-,-,1.34,441.86,-,-,-,-,-,-,10.82,0.00%,"51,110"
MBB,-,-,-,-,-,-,-,-,-,-,-,-,-,94.92,0.18%,"1,357,845"
MBBA,-,-,-,-,-,-,-,-,-,-,-,-,-,49.93,0.37%,"9,229"
MBBB,-,-,-,-,-,-,-,-,-,-,-,-,-,21.43,0.02%,"3,277"
MBBC,45.00M,36.69,-,-,3.82,0.95,-,34.88,-,-,-34.52%,-,7.38%,15.25,2.01%,"27,591"
MBC,1.97B,-,18.84,-,0.73,0.93,14.24,157.62,-59.34%,37.84%,-28.91%,-,2.06%,9.61,2.89%,"2,990,047"
MBCE,-,-,-,-,-,-,-,-,-,-,-,-,-,40.30,3.39%,"18,901"
MBI,312.74M,-,-,-,3.47,-,-,6.52,-194.75%,16.93%,18.16%,-,-22.27%,6.14,-1.76%,"213,425"
MBIN,2.30B,12.20,8.78,0.44,1.69,1.29,-,-,37.74%,9.41%,-0.36%,20.05%,26.93%,50.00,-0.08%,"375,217"
MBIO,5.08M,-,-,-,-,0.59,0.31,-,-,-,78.52%,-,-,0.67,-4.23%,"21,052"
MBLY,6.62B,-,22.04,1.07,3.29,0.81,4.93,13.13,-23.15%,28.92%,-14.39%,20.52%,14.39%,7.86,0.90%,"4,022,075"
MBND,-,-,-,-,-,-,-,-,-,-,-,-,-,27.29,-0.02%,"1,096"
MBOT,118.88M,-,-,-,1188.77,1.60,1.62,-,-5.75%,-4.35%,25.94%,10.92%,-,1.77,-1.12%,"612,808"
MBOX,-,-,-,-,-,-,-,-,-,-,-,-,-,40.05,0.51%,"5,724"
MBRX,15.96M,-,-,-,-,1.05,1.55,-,82.01%,24.84%,46.71%,49.99%,-,2.99,2.05%,"565,981"
MBS,-,-,-,-,-,-,-,-,-,-,-,-,-,8.68,0.29%,"80,142"
MBSD,-,-,-,-,-,-,-,-,-,-,-,-,-,20.68,0.12%,"6,644"
MBSF,-,-,-,-,-,-,-,-,-,-,-,-,-,25.76,0.12%,"20,703"
MBSX,-,-,-,-,-,-,-,-,-,-,-,-,-,26.55,0.00%,63
MBUU,571.64M,-,12.82,0.55,0.69,1.10,11.39,14.28,-9.39%,58.66%,-23.86%,23.49%,4.34%,29.11,6.28%,"500,903"
MBVI,437.29M,61.05,-,-,-,1.30,553.53,-,-,-,-,-,-,10.14,0.00%,"8,226"
MBWM,972.03M,10.09,9.53,-,2.56,1.32,-,22.56,-0.30%,8.31%,15.04%,-,13.95%,56.27,0.86%,"166,771"
MBX,2.40B,-,-,-,-,5.47,5.45,-,-17.90%,-38.54%,-,-20.04%,-,50.37,4.07%,"1,232,122"
MC,5.33B,23.50,16.56,1.38,3.48,10.00,34.67,12.78,3.24%,28.02%,-0.03%,11.98%,10.24%,65.46,0.48%,"620,314"
MCAH,89.87M,-,-,-,-,-,2995.55,-,-,-,-,-,-,9.93,0.00%,"17,179"
MCAHU,92.04M,-,-,-,-,-,3067.95,-,-,-,-,-,-,10.17,0.00%,"2,453"
MCB,1.21B,12.01,8.24,0.27,2.23,1.27,-,9.36,57.08%,13.85%,7.28%,30.76%,26.92%,97.55,0.07%,"136,513"
MCBS,1.01B,12.64,10.63,-,3.79,1.81,-,16.17,24.24%,0.61%,13.31%,-,18.57%,35.08,-0.26%,"61,896"
MCD,187.96B,21.81,18.64,2.40,6.85,-,160.65,26.70,6.45%,9.28%,13.64%,7.78%,6.96%,264.54,-3.41%,"5,986,716"
MCDS,-,-,-,-,-,-,-,-,-,-,-,-,-,67.75,1.03%,111
MCFT,626.53M,38.18,13.35,0.41,2.10,2.21,7.40,24.43,79.35%,16.44%,-,32.39%,-4.78%,25.64,2.83%,"197,594"
MCGA,241.00M,163.78,-,-,-,1.41,4016.67,-,-,-,-,-,-,10.22,0.00%,"32,577"
MCH,-,-,-,-,-,-,-,-,-,-,-,-,-,29.13,0.42%,537
MCHB,3.65B,20.87,13.05,-,4.23,1.31,-,17.61,23.23%,19.02%,-18.92%,-,17.92%,15.79,0.77%,"416,566"
MCHG,-,-,-,-,-,-,-,-,-,-,-,-,-,12.76,3.04%,"8,798"
MCHI,-,-,-,-,-,-,-,-,-,-,-,-,-,50.78,-1.26%,"3,091,920"
MCHP,51.02B,435.94,22.92,0.58,10.83,7.93,212.32,58.58,92.21%,30.26%,-19.53%,39.67%,-2.82%,94.12,1.77%,"9,436,707"
MCHS,-,-,-,-,-,-,-,-,-,-,-,-,-,51.02,3.62%,"19,666"
MCHU,-,-,-,-,-,-,-,-,-,-,-,-,-,22.24,3.12%,"3,920"
MCHX,66.48M,-,-,-,1.49,2.30,7.37,-,183.33%,-,32.16%,-,-2.37%,1.50,0.67%,"46,122"
MCI,-,-,-,-,-,-,-,-,-,-,-,-,-,17.46,-0.29%,"59,938"
MCK,89.43B,19.86,15.16,1.10,0.22,-,21.98,15.64,13.17%,13.84%,-,13.77%,11.11%,763.81,-0.36%,"1,186,549"
MCN,115.51M,17.65,-,-,30.84,0.86,-,-,-,-,-,-,-,5.47,0.18%,"56,707"
MCO,76.67B,31.47,23.53,2.05,9.74,25.60,50.77,27.91,11.83%,11.63%,7.79%,11.50%,7.52%,438.85,-2.43%,"1,161,273"
MCOW,-,-,-,-,-,-,-,-,-,-,-,-,-,21.13,0.62%,"8,887"
MCR,247.63M,14.14,-,-,11.08,0.88,-,-,-,-,-,-,-,5.94,0.00%,0
MCRB,66.29M,-,-,-,57.64,2.48,2.22,-,-1274.22%,12.51%,-,-,-52.67%,6.84,0.51%,"119,930"
MCRI,2.32B,22.17,18.87,1.50,4.17,4.21,19.30,14.99,21.75%,4.74%,34.07%,12.55%,24.21%,130.64,0.41%,"112,181"
MCRP,59.65M,-,-,-,-,-,-,-,-,-,-,-,-,1.71,3.01%,"140,883"
MCS,703.30M,52.43,33.70,1.30,0.92,1.59,49.01,18.78,26.22%,34.30%,-,25.99%,26.12%,23.42,0.09%,"220,599"
MCVT,-,-,-,-,-,-,-,-,-,-,-,-,-,27.99,0.46%,"3,414"
MCY,5.77B,6.87,9.68,0.61,0.94,2.23,-,4.06,44.00%,-5.49%,7.62%,15.75%,9.63%,104.12,-2.68%,"200,160"
MD,1.98B,11.75,10.20,2.58,1.02,2.25,6.02,8.34,11.89%,3.52%,-,3.96%,1.99%,24.11,-0.45%,"702,617"
MDA,5.00B,61.24,30.12,3.89,3.96,3.78,12.83,1392.91,-3.78%,16.33%,-,7.75%,39.61%,36.04,-4.15%,"1,497,616"
MDAA,-,-,-,-,-,-,-,-,-,-,-,-,-,115.61,0.71%,4
MDAI,53.15M,-,-,-,3.18,-,4.56,-,-76.70%,-5.12%,-,-26.84%,-,1.67,0.60%,"234,376"
MDB,23.66B,-,40.17,1.80,9.09,8.07,9.75,40.01,23.19%,19.59%,28.00%,22.35%,33.07%,294.10,-2.76%,"1,370,729"
MDBH,28.71M,-,-,-,4.78,0.50,2.29,-,-,-,-93.72%,-,-15.49%,2.75,-0.90%,"1,985"
MDCR,-,-,-,-,-,-,-,-,-,-,-,-,-,32.04,-0.62%,"4,110"
MDCX,25.22M,-,-,-,-,18.73,5.53,-,81.14%,23.87%,-,47.64%,-,0.44,4.63%,"1,725,829"
MDEV,-,-,-,-,-,-,-,-,-,-,-,-,-,19.22,1.60%,"1,823"
MDGL,11.85B,-,50.17,-,10.46,21.78,14.48,-,46.35%,248.54%,0.37%,-,-,513.79,0.79%,"362,443"
MDIA,67.07M,-,-,-,0.49,1.87,21.57,-,-,-,26.86%,-,27.70%,0.82,3.87%,"80,865"
MDIV,-,-,-,-,-,-,-,-,-,-,-,-,-,16.43,-0.67%,"39,096"
MDLN,49.62B,31.59,22.79,2.42,1.70,2.83,22.17,47.48,5.81%,9.46%,-,9.42%,-,37.77,4.77%,"8,816,463"
MDLV,-,-,-,-,-,-,-,-,-,-,-,-,-,31.10,0.53%,"4,740"
MDLZ,78.56B,30.34,18.11,2.32,2.00,3.05,48.17,30.51,4.57%,10.69%,-5.21%,7.82%,7.71%,61.20,-0.87%,"8,942,485"
MDPL,-,-,-,-,-,-,-,-,-,-,-,-,-,24.49,-1.37%,"68,705"
MDRR,22.81M,3.03,-,-,2.23,0.73,2.42,-,-,-,41.54%,-,2.35%,11.42,0.62%,194
MDST,-,-,-,-,-,-,-,-,-,-,-,-,-,29.25,-0.44%,"48,771"
MDT,103.07B,21.61,12.60,1.61,2.83,2.08,11.18,19.00,7.72%,7.31%,6.95%,7.82%,3.84%,80.52,0.49%,"9,044,801"
MDU,4.54B,23.65,20.64,2.85,2.51,1.56,85.09,-,4.76%,7.90%,-13.77%,7.24%,-19.46%,21.70,0.18%,"1,476,576"
MDV,181.90M,-,140.96,-,3.93,1.14,40.60,11.77,127.42%,47.06%,45.05%,-,3.94%,17.62,-1.40%,"52,344"
MDWD,187.42M,-,-,-,12.94,4.52,4.20,-,-9.92%,7.73%,2.36%,18.50%,-4.87%,14.59,-1.75%,"49,684"
MDXG,567.48M,18.65,48.19,-,1.46,2.34,3.55,8.18,-117.97%,237.50%,-,-20.85%,11.02%,3.81,-0.52%,"922,341"
MDXH,23.35M,-,-,-,0.21,-,0.54,-,4.33%,29.97%,27.91%,28.01%,42.48%,0.45,-3.24%,"959,599"
MDY,-,-,-,-,-,-,-,-,-,-,-,-,-,697.38,0.92%,"696,281"
MDYG,-,-,-,-,-,-,-,-,-,-,-,-,-,110.69,0.95%,"168,878"
MDYV,-,-,-,-,-,-,-,-,-,-,-,-,-,94.47,0.85%,"50,242"
MEAR,-,-,-,-,-,-,-,-,-,-,-,-,-,50.36,0.00%,"455,315"
MEC,899.68M,-,37.29,0.56,1.62,3.10,434.63,67.19,-71.72%,979.22%,-2.14%,66.06%,8.85%,35.29,2.62%,"527,542"
MED,113.41M,-,-,-,0.33,0.57,0.67,-,-208.33%,67.57%,-,-,-16.22%,10.20,-1.54%,"436,616"
MEDI,-,-,-,-,-,-,-,-,-,-,-,-,-,32.70,2.55%,"3,164"
MEDP,14.85B,32.71,28.02,2.58,5.54,24.76,22.75,20.89,11.21%,9.19%,31.79%,10.85%,22.27%,519.96,1.40%,"400,881"
MEDX,-,-,-,-,-,-,-,-,-,-,-,-,-,35.63,1.39%,"1,267"
MEGI,788.52M,7.35,-,-,-,-,-,-,-,-,-,-,-,15.15,0.33%,"209,089"
MEGL,5.90M,-,-,-,3.99,0.38,0.38,-,-,-,-,-,-10.89%,1.16,-2.10%,"10,360"
MEI,637.74M,-,189.47,-,0.63,0.94,4.57,40.88,79.21%,145.24%,-,-,-1.30%,18.00,37.51%,"3,542,489"
MELI,82.09B,42.76,28.62,1.10,2.58,11.27,4.80,9.58,-1.14%,45.28%,-,25.96%,48.70%,1619.25,-2.43%,"440,258"
MEM,-,-,-,-,-,-,-,-,-,-,-,-,-,44.64,0.65%,"3,157"
MEMA,-,-,-,-,-,-,-,-,-,-,-,-,-,31.01,1.02%,"5,502"
MEME,-,-,-,-,-,-,-,-,-,-,-,-,-,9.19,-1.08%,"68,423"
MEMS,-,-,-,-,-,-,-,-,-,-,-,-,-,31.03,-0.71%,"1,785"
MEMX,-,-,-,-,-,-,-,-,-,-,-,-,-,49.44,1.43%,"1,148"
MEMY,-,-,-,-,-,-,-,-,-,-,-,-,-,20.90,-0.51%,115
MENS,144.45M,-,-,-,-,-,122.42,-,-,-,-2.18%,-,-,1.90,9.20%,"341,443"
MEOH,3.75B,-,8.52,0.26,1.02,1.56,9.90,6.82,355.23%,-38.39%,-,32.70%,6.26%,48.52,0.79%,"683,636"
MERC,47.42M,-,-,-,0.03,-,0.53,-,66.53%,71.18%,-95.26%,56.32%,5.59%,0.71,-2.69%,"620,918"
MESH,430.82M,-,-,-,-,1.29,473.43,-,-,-,-,-,-,9.99,0.00%,199
MESO,1.87B,-,215.65,-,28.63,3.25,14.42,-,59.69%,119.72%,9.59%,-,-11.49%,14.50,-6.75%,"332,826"
MET,54.45B,16.37,7.70,0.67,0.70,2.00,-,3.29,12.41%,10.74%,-3.68%,11.53%,2.59%,84.63,0.04%,"2,515,751"
META,1378.03B,19.74,15.53,0.79,6.41,5.65,16.90,28.56,40.20%,6.17%,18.41%,19.69%,18.51%,542.87,-2.65%,"16,406,192"
METC,785.54M,-,83.10,-,1.50,1.93,2.21,-,38.61%,125.05%,-49.98%,-,26.01%,12.65,0.64%,"1,167,946"
METD,-,-,-,-,-,-,-,-,-,-,-,-,-,18.17,2.72%,"365,736"
METL,-,-,-,-,-,-,-,-,-,-,-,-,-,25.80,0.60%,"8,708"
METU,-,-,-,-,-,-,-,-,-,-,-,-,-,18.88,-5.32%,"4,831,281"
METV,-,-,-,-,-,-,-,-,-,-,-,-,-,17.53,-1.63%,"47,725"
METW,-,-,-,-,-,-,-,-,-,-,-,-,-,23.42,-3.21%,"17,037"
MEVO,397.00M,-,-,-,-,1.37,381.73,-,-,-,-,-,-,9.93,-0.05%,"143,018"
MEXX,-,-,-,-,-,-,-,-,-,-,-,-,-,28.79,6.51%,"39,525"
MFA,978.37M,11.04,6.52,0.37,1.26,0.55,2.38,6.04,25.31%,17.80%,-,17.46%,-,9.63,0.21%,"1,758,871"
MFC,67.06B,15.95,11.20,1.47,1.51,2.13,-,3.20,4.78%,10.60%,0.16%,7.63%,-5.47%,40.18,1.21%,"1,276,275"
MFDX,-,-,-,-,-,-,-,-,-,-,-,-,-,41.72,0.75%,"9,555"
MFEM,-,-,-,-,-,-,-,-,-,-,-,-,-,27.91,0.30%,"7,328"
MFG,114.67B,14.32,12.05,0.98,2.02,1.64,-,-,11.27%,12.98%,13.76%,12.28%,15.59%,9.59,0.10%,"3,160,553"
MFI,494.23M,-,-,-,134.30,5.76,249.61,-,-,-,-,-,-,9.85,1.44%,"7,971"
MFIC,807.25M,177.54,7.80,-,3.16,0.71,18.91,6.97,-9.38%,-8.83%,-16.95%,-6.01%,6.60%,9.80,0.00%,"780,460"
MFIG,-,-,-,-,-,-,-,-,-,-,-,-,-,19.80,-1.00%,"4,341"
MFIN,230.43M,6.76,7.25,-,0.66,0.58,1.63,1.71,-36.70%,22.04%,-,-,16.23%,9.97,0.20%,"37,320"
MFLX,-,-,-,-,-,-,-,-,-,-,-,-,-,17.31,-0.66%,"3,898"
MFM,227.77M,42.54,-,-,13.13,0.92,-,-,-,-,-,-,-,5.53,-0.18%,"236,142"
MFMO,-,-,-,-,-,-,-,-,-,-,-,-,-,24.73,1.58%,"15,342"
MFSB,-,-,-,-,-,-,-,-,-,-,-,-,-,25.07,0.02%,"67,520"
MFSG,-,-,-,-,-,-,-,-,-,-,-,-,-,29.39,-0.26%,"51,990"
MFSI,-,-,-,-,-,-,-,-,-,-,-,-,-,32.12,0.37%,"150,957"
MFSM,-,-,-,-,-,-,-,-,-,-,-,-,-,25.21,0.13%,"8,180"
MFSV,-,-,-,-,-,-,-,-,-,-,-,-,-,28.45,0.25%,"332,659"
MFUL,-,-,-,-,-,-,-,-,-,-,-,-,-,22.37,0.35%,187
MFUS,-,-,-,-,-,-,-,-,-,-,-,-,-,66.76,1.19%,"9,185"
MFUT,-,-,-,-,-,-,-,-,-,-,-,-,-,18.50,2.00%,"11,426"
MFVL,-,-,-,-,-,-,-,-,-,-,-,-,-,19.86,-0.34%,"7,776"
MG,597.51M,26.82,15.33,0.81,0.82,2.56,23.91,147.17,18.47%,17.51%,-,18.92%,4.09%,18.78,-0.42%,"117,983"
MGA,17.79B,27.45,8.63,0.67,0.42,1.51,10.93,6.05,18.44%,11.57%,3.04%,12.87%,5.18%,65.35,2.00%,"1,221,297"
MGC,-,-,-,-,-,-,-,-,-,-,-,-,-,268.09,-0.09%,"186,820"
MGEE,2.98B,20.21,19.08,3.36,3.88,2.15,293.83,-,5.65%,5.17%,7.44%,5.68%,6.66%,78.86,0.17%,"199,035"
MGF,92.56M,17.75,-,-,21.88,0.89,-,-,-,-,-,-,-,2.84,1.07%,"121,881"
MGIH,16.88M,-,-,-,0.67,0.68,1.57,-,-,-,-,-,-15.95%,1.50,0.00%,"11,218"
MGK,-,-,-,-,-,-,-,-,-,-,-,-,-,84.35,-0.97%,"2,290,511"
MGKX,-,-,-,-,-,-,-,-,-,-,-,-,-,20.85,-1.93%,4
MGLD,45.38M,-,-,-,1.56,1.99,4.16,-,-,-,-,-,2.43%,1.06,-4.50%,"9,481"
MGM,12.08B,65.10,22.45,-,0.68,4.96,5.27,6.85,-48.59%,23.53%,-,-5.92%,27.71%,47.20,0.23%,"3,247,482"
MGMT,-,-,-,-,-,-,-,-,-,-,-,-,-,50.38,1.10%,"3,139"
MGN,6.07M,55.74,-,-,1.24,1.05,3.41,-,-,-,-58.24%,-,-18.76%,0.19,-13.19%,"24,862,957"
MGNI,2.48B,16.73,13.99,1.06,3.43,2.70,13.43,52.46,22.15%,16.51%,-,13.14%,26.36%,17.32,-5.30%,"2,059,077"
MGNR,-,-,-,-,-,-,-,-,-,-,-,-,-,48.83,0.64%,"126,364"
MGNX,296.20M,-,-,-,1.89,13.97,1.92,-,22.47%,-34.81%,13.74%,-3.15%,7.35%,4.66,-2.51%,"1,125,686"
MGOV,-,-,-,-,-,-,-,-,-,-,-,-,-,20.25,-0.30%,"8,893"
MGPI,349.42M,-,8.04,-,0.67,0.60,33.73,6.47,-43.88%,27.23%,-,-3.95%,6.28%,16.35,-2.45%,"153,303"
MGRC,3.03B,19.59,17.58,-,3.20,2.45,1283.35,153.20,0.30%,10.12%,8.83%,-,10.52%,123.31,1.25%,"238,559"
MGRT,1.09B,4762.28,-,-,770.10,546.41,10935.40,-,-,-,-,-,-,79.53,3.27%,"2,880"
MGRX,6.35M,-,-,-,15.48,0.47,37.33,-,-,-,-244.95%,-,-,0.37,3.01%,"676,928"
MGTX,1.07B,-,-,-,13.39,-,14.93,256.68,-13.64%,4.57%,1.58%,-7.28%,39.22%,11.53,-0.60%,"770,153"
MGV,-,-,-,-,-,-,-,-,-,-,-,-,-,165.02,1.49%,"312,656"
MGX,44.80M,-,-,-,2.01,0.33,0.32,-,10.01%,26.30%,-42.49%,2.65%,219.15%,1.19,-0.83%,"112,866"
MGY,5.18B,15.78,10.63,0.71,3.92,2.48,41.66,29.23,66.27%,-12.34%,-,14.92%,19.37%,27.20,1.04%,"2,759,426"
MGYR,115.23M,10.09,-,-,1.89,0.93,-,10.21,-,-,38.39%,-,15.57%,17.83,-0.94%,"1,168"
MH,1.75B,49.35,4.48,3.27,0.83,2.41,6.90,7.11,-4.20%,4.48%,-,1.37%,-,9.15,-5.67%,"741,816"
MHD,2.04B,37.74,-,-,39.08,0.91,-,-,-,-,-,-,-,11.70,-0.34%,"451,568"
MHF,152.34M,38.11,-,-,22.91,0.98,-,-,-,-,-,-,-,6.86,-0.15%,"99,190"
MHH,93.83M,40.21,7.78,-,0.51,1.03,2.80,8.82,-36.81%,120.88%,-42.69%,-,-0.28%,7.82,2.49%,"9,094"
MHIG,-,-,-,-,-,-,-,-,-,-,-,-,-,19.68,0.00%,0
MHIP,-,-,-,-,-,-,-,-,-,-,-,-,-,19.81,0.86%,200
MHK,7.38B,18.16,12.24,1.44,0.67,0.88,8.46,10.40,-4.15%,15.07%,-3.87%,8.50%,2.46%,121.00,1.60%,"1,006,453"
MHM,-,-,-,-,-,-,-,-,-,-,-,-,-,-,-,0
MHO,4.07B,11.99,10.45,17.72,0.94,1.28,5.31,21.13,-21.20%,17.91%,12.37%,0.59%,7.69%,159.19,0.23%,"258,661"
MHY,-,-,-,-,-,-,-,-,-,-,-,-,-,25.35,0.28%,"10,759"
MI,2.54M,-,-,-,3.48,0.02,0.35,-,-,-,43.45%,-,-,10.99,0.00%,335
MIAX,3.49B,54.58,19.95,9.03,2.48,3.25,5.20,18.24,-14.91%,18.91%,-20.10%,2.21%,24.70%,36.74,0.69%,"2,412,521"
MICC,10.54B,34.20,14.57,2.56,1.19,14.35,19.98,821.28,-3.17%,10.38%,-,5.69%,-,17.21,1.06%,"1,172,776"
MID,-,-,-,-,-,-,-,-,-,-,-,-,-,67.23,0.00%,"1,857"
MIDD,7.77B,-,15.76,1.15,2.12,3.37,43.86,15.24,14.51%,13.43%,-,13.73%,4.96%,171.77,1.69%,"1,115,636"
MIDE,-,-,-,-,-,-,-,-,-,-,-,-,-,38.08,0.82%,76
MIDU,-,-,-,-,-,-,-,-,-,-,-,-,-,72.97,2.72%,"39,320"
MIG,-,-,-,-,-,-,-,-,-,-,-,-,-,21.36,0.05%,"3,224"
MIGO,-,-,-,-,-,-,-,-,-,-,-,-,-,29.71,1.24%,3
MILK,-,-,-,-,-,-,-,-,-,-,-,-,-,24.64,-0.38%,140
MILN,-,-,-,-,-,-,-,-,-,-,-,-,-,42.65,-1.43%,"5,084"
MIMI,8.89M,-,-,-,24.03,12.49,16.78,-,-,-,-,-,-,3.23,19.19%,"47,211,289"
MIN,276.53M,15.16,-,-,26.19,0.89,-,-,-,-,-8.13%,-,-16.11%,2.43,0.00%,"126,608"
MIND,43.81M,27.61,7.09,-,1.03,1.06,2.48,-,-71.03%,750.00%,-,-,14.06%,4.82,-1.63%,"83,780"
MINE,154.76M,-,-,-,-,4.66,6.68,-,-,-,-13.69%,-,-,2.31,1.99%,"61,300"
MINN,-,-,-,-,-,-,-,-,-,-,-,-,-,22.40,-0.24%,"3,647"
MINO,-,-,-,-,-,-,-,-,-,-,-,-,-,45.69,0.09%,"83,692"
MINT,-,-,-,-,-,-,-,-,-,-,-,-,-,100.74,0.03%,"1,287,549"
MINV,-,-,-,-,-,-,-,-,-,-,-,-,-,56.36,1.72%,"29,360"
MINY,-,-,-,-,-,-,-,-,-,-,-,-,-,38.69,0.61%,"2,342"
MIR,4.63B,195.66,28.25,1.36,4.72,2.51,11.35,51.58,17.01%,21.47%,-,20.75%,-,18.47,1.43%,"3,518,195"
MIRA,38.15M,-,-,-,-,4.08,4.05,-,-,-,-211.56%,-,-,0.91,-0.30%,"95,724"
MIRM,7.15B,-,-,-,12.56,29.47,18.52,-,-3229.98%,95.73%,35.25%,-,-,117.28,2.01%,"1,880,616"
MISL,-,-,-,-,-,-,-,-,-,-,-,-,-,43.73,-0.55%,"126,771"
MIST,155.62M,-,-,-,87.43,4.08,0.84,-,-24.00%,-9.86%,15.09%,17.74%,-,1.25,-1.57%,"2,829,537"
MITK,797.05M,51.06,14.54,0.91,4.20,3.31,10.27,17.90,17.25%,8.95%,0.40%,16.07%,12.14%,17.65,1.55%,"590,959"
MITQ,5.50M,-,-,-,0.29,1.13,2.33,-,-,-,-2.62%,-,2.09%,0.55,-2.98%,"59,436"
MITT,256.65M,20.08,6.45,0.38,0.52,0.79,3.79,3.59,26.41%,15.13%,-,16.93%,-,8.07,-0.12%,"121,394"
MIVL,-,-,-,-,-,-,-,-,-,-,-,-,-,24.90,0.45%,"7,517"
MIY,353.56M,35.88,-,-,13.42,0.98,-,-,-,-,-,-,-,12.20,0.83%,"34,073"
MJ,-,-,-,-,-,-,-,-,-,-,-,-,-,23.66,-1.62%,"49,346"
MJSC,-,-,-,-,-,-,-,-,-,-,-,-,-,61.53,0.64%,125
MJUN,-,-,-,-,-,-,-,-,-,-,-,-,-,32.03,0.05%,"4,114"
MKAM,-,-,-,-,-,-,-,-,-,-,-,-,-,31.65,-0.02%,8
MKC,13.00B,7.93,14.60,2.24,1.83,1.86,73.16,19.11,3.08%,7.12%,1.08%,6.52%,4.08%,48.35,1.58%,"8,160,560"
MKDW,44.84M,-,-,-,14.80,8.58,4.25,-,-,-,-,-,-,10.68,5.64%,"8,937"
MKL,23.57B,13.63,15.82,5.02,1.47,1.30,-,10.77,-2.84%,7.14%,24.92%,3.15%,11.24%,1883.38,-0.89%,"66,031"
MKLY,247.10M,74.47,-,-,-,1.42,175.25,-,-,-,-,-,-,10.15,-0.10%,319
MKOR,-,-,-,-,-,-,-,-,-,-,-,-,-,65.64,2.68%,"8,623"
MKSI,27.71B,85.76,27.45,0.95,6.81,9.82,48.71,72.93,48.46%,27.76%,-7.20%,28.77%,11.03%,410.31,7.52%,"2,316,433"
MKTN,-,-,-,-,-,-,-,-,-,-,-,-,-,25.84,0.15%,"69,351"
MKTW,275.22M,10.33,20.03,-,0.86,-,5.23,6.66,-97.84%,1604.20%,-,-,-2.06%,17.04,-0.93%,"18,270"
MKTX,3.88B,12.89,12.47,1.28,4.42,3.26,8.80,17.70,8.47%,9.13%,-3.29%,9.75%,4.27%,109.09,-3.85%,"694,056"
MKZR,3.99M,-,-,-,0.21,0.08,0.92,-,-,-,-14.21%,-,15.73%,1.77,-0.56%,"14,027"
MLAA,486.43M,-,-,-,-,1.39,309.83,-,-,-,-,-,-,9.93,0.00%,"5,869"
MLAB,542.27M,81.28,7.94,-,2.18,2.91,20.14,13.70,3.24%,4.92%,13.55%,-,13.22%,98.15,3.92%,"181,065"
MLCI,38.16M,-,10.18,-,-,0.57,0.62,-,98.87%,518.75%,-96.89%,-,-,3.41,18.40%,"97,333"
MLCO,2.01B,8.87,7.38,0.30,0.38,-,2.13,-,19.83%,26.47%,-,24.22%,24.50%,5.17,-5.48%,"3,834,216"
MLDR,-,-,-,-,-,-,-,-,-,-,-,-,-,48.77,0.07%,29
MLEC,5.58M,-,-,-,-,0.60,5.16,-,-,-,-583.54%,-,-,7.68,0.84%,"8,493"
MLGO,50.25M,1.63,-,-,0.84,0.13,0.15,20.26,-,-,-,-,-,4.04,-4.04%,"58,773"
MLI,14.86B,17.61,15.48,1.51,3.40,4.46,10.56,22.78,18.00%,7.23%,40.88%,10.24%,11.75%,134.39,0.92%,"847,664"
MLKN,1.32B,14.59,8.15,-,0.34,0.99,7.87,15.95,6.99%,19.10%,-14.80%,-,9.28%,19.31,12.01%,"2,271,346"
MLM,37.77B,14.99,27.65,1.58,5.76,3.34,138.33,36.52,16.97%,19.02%,10.20%,17.55%,5.39%,628.94,2.00%,"487,063"
MLN,-,-,-,-,-,-,-,-,-,-,-,-,-,17.73,0.06%,"192,769"
MLP,354.39M,-,-,-,20.77,11.02,92.05,-,-,-,-31.80%,-,20.88%,17.84,0.62%,"6,883"
MLPA,-,-,-,-,-,-,-,-,-,-,-,-,-,52.50,1.18%,"123,445"
MLPB,-,-,-,-,-,-,-,-,-,-,-,-,-,28.30,1.35%,"3,607"
MLPD,-,-,-,-,-,-,-,-,-,-,-,-,-,24.96,0.72%,"10,063"
MLPI,-,-,-,-,-,-,-,-,-,-,-,-,-,55.85,0.92%,"194,362"
MLPR,-,-,-,-,-,-,-,-,-,-,-,-,-,68.23,2.73%,560
MLPX,-,-,-,-,-,-,-,-,-,-,-,-,-,74.84,2.21%,"247,370"
MLR,596.34M,39.12,16.67,0.76,0.80,1.43,11.26,5.41,-8.33%,73.00%,-5.40%,22.05%,3.94%,52.33,3.03%,"87,512"
MLSS,28.48M,-,-,-,3.20,11.34,23.93,-,42.86%,12.50%,9.75%,-,10.54%,0.32,3.90%,"185,267"
MLTX,1.47B,-,-,-,-,5.68,4.11,-,-8.61%,4.99%,-256.78%,6.32%,-,19.99,-0.05%,"1,513,841"
MLYS,2.32B,-,-,-,-,3.40,3.59,-,-0.87%,9.25%,-101.68%,20.15%,-,26.34,2.19%,"946,758"
MMA,161.85M,-,-,-,-,-,118.14,-,-,-,-,-,-,0.51,-1.38%,"287,449"
MMAR,-,-,-,-,-,-,-,-,-,-,-,-,-,32.03,-0.75%,"4,110"
MMAX,-,-,-,-,-,-,-,-,-,-,-,-,-,26.98,-0.00%,"2,385"
MMAY,-,-,-,-,-,-,-,-,-,-,-,-,-,32.42,-0.03%,"4,063"
MMCA,-,-,-,-,-,-,-,-,-,-,-,-,-,21.83,0.09%,"4,415"
MMD,291.27M,155.10,-,-,12.76,0.94,-,-,-,-,-,-,-,15.51,0.19%,"37,894"
MMED,3.99B,-,20.83,-,-,1.15,399.33,-,152.32%,1.15%,-,-,-,14.22,0.64%,"653,121"
MMI,1.14B,-,32.68,-,1.46,2.00,5.72,13.77,1000.00%,104.44%,-,-,1.05%,30.07,1.38%,"153,233"
MMID,-,-,-,-,-,-,-,-,-,-,-,-,-,26.21,0.51%,3
MMIN,-,-,-,-,-,-,-,-,-,-,-,-,-,24.21,0.12%,"84,218"
MMIT,-,-,-,-,-,-,-,-,-,-,-,-,-,24.39,0.12%,"189,987"
MMK,-,-,-,-,-,-,-,-,-,-,-,-,-,100.23,0.01%,963
MMKT,-,-,-,-,-,-,-,-,-,-,-,-,-,100.23,-0.00%,"6,994"
MMLP,83.34M,-,-,-,0.12,-,1666.79,-,-,-,-16.68%,-,1.28%,2.13,-6.99%,"26,726"
MMM,87.61B,32.41,17.68,2.10,3.50,26.85,21.12,42.53,7.88%,9.29%,-8.50%,8.43%,-4.97%,167.97,1.24%,"2,381,504"
MMMA,-,-,-,-,-,-,-,-,-,-,-,-,-,25.56,0.14%,121
MMS,2.89B,8.25,6.07,-,0.54,1.72,11.82,7.78,14.61%,7.53%,10.21%,-,9.43%,55.07,-3.01%,"574,411"
MMSC,-,-,-,-,-,-,-,-,-,-,-,-,-,28.81,1.15%,"4,405"
MMSD,-,-,-,-,-,-,-,-,-,-,-,-,-,25.40,0.04%,"4,504"
MMSI,4.23B,30.57,16.11,2.20,2.74,2.60,8.62,19.13,6.29%,8.03%,-,7.33%,9.46%,70.83,2.36%,"647,470"
MMT,241.66M,11.63,-,-,10.85,0.87,-,-,-,-,-,-,-,4.42,0.00%,"387,811"
MMTM,-,-,-,-,-,-,-,-,-,-,-,-,-,307.31,0.73%,534
MMTX,89.73M,3625.00,-,-,-,40.96,8973.36,-,-,-,-,-,-,10.15,0.40%,2
MMU,568.04M,260.00,-,-,14.69,0.94,-,-,-,-,-,-,-,10.40,0.00%,"116,239"
MMYT,4.95B,111.25,53.55,0.72,4.74,-,6.46,-,2.19%,90.51%,-,74.68%,44.90%,52.13,0.87%,"2,225,921"
MNA,-,-,-,-,-,-,-,-,-,-,-,-,-,36.50,0.24%,"23,772"
MNBD,-,-,-,-,-,-,-,-,-,-,-,-,-,26.07,0.13%,"5,352"
MNDO,20.58M,6.99,-,-,1.05,0.87,1.47,5.00,-,-,-14.14%,-,-3.60%,1.01,0.00%,"80,515"
MNDR,2.89M,-,-,-,0.51,0.28,1.07,-,-,-,-127.16%,-,31.71%,0.51,9.34%,"1,170,548"
MNDY,3.43B,29.20,12.44,1.03,2.64,4.52,2.83,10.63,1.18%,21.14%,-,12.11%,50.21%,67.09,-5.40%,"1,299,459"
MNKD,1.21B,-,27.58,0.28,3.37,-,9.07,92.90,-187.50%,914.29%,-,98.20%,39.89%,3.93,2.34%,"3,233,105"
MNOV,64.48M,-,-,-,107.46,1.64,2.36,-,-8.33%,-44.23%,4.75%,-,-,1.31,-1.50%,"34,907"
MNPR,587.04M,-,-,-,-,4.34,4.27,-,-49.98%,-26.54%,8.44%,3.33%,-,87.63,-1.53%,"203,059"
MNR,2.11B,18.00,9.06,1.01,1.74,1.14,39.98,7.40,9.30%,16.95%,-,8.96%,-,12.63,0.88%,"190,741"
MNRO,481.91M,4585.71,27.39,0.94,0.42,0.81,32.94,12.43,-26.19%,89.03%,-51.26%,29.28%,0.55%,16.05,2.16%,"924,892"
MNRS,-,-,-,-,-,-,-,-,-,-,-,-,-,43.76,-2.70%,"9,057"
MNSB,172.89M,12.25,10.04,-,1.30,0.95,-,10.98,28.41%,7.08%,-1.06%,-,14.25%,24.29,-1.82%,"30,770"
MNSO,3.45B,11.93,7.11,0.15,1.08,2.17,3.38,-,150.06%,10.17%,-,47.57%,16.85%,11.30,-0.44%,"876,190"
MNST,93.72B,46.51,37.04,3.00,10.66,10.74,31.40,45.24,11.49%,12.66%,7.99%,12.34%,12.52%,95.83,1.19%,"5,749,840"
MNSX,-,-,-,-,-,-,-,-,-,-,-,-,-,26.16,2.06%,82
MNTK,213.51M,97.40,7.86,-,1.18,0.81,8.23,-,1128.23%,55.39%,-17.74%,-,12.06%,1.50,-3.85%,"120,295"
MNTN,620.96M,27.60,7.36,-,2.08,1.95,2.90,10.08,814.74%,22.77%,-,-,40.97%,8.40,0.24%,"1,059,482"
MNTS,136.75M,-,-,-,34.19,1.56,5.80,-,-,-,75.99%,-,24.91%,7.26,-6.92%,"1,454,168"
MNVT,-,-,-,-,-,-,-,-,-,-,-,-,-,28.46,-2.07%,"78,977"
MNY,38.57M,-,9.78,-,0.51,1.11,1.37,-,80.00%,550.00%,36.96%,-,-,0.88,-8.78%,"64,854"
MNZL,-,-,-,-,-,-,-,-,-,-,-,-,-,60.25,0.99%,"2,766"
MO,122.25B,15.30,12.44,2.93,5.99,-,34.57,14.18,4.86%,3.55%,11.40%,4.25%,-0.71%,73.21,1.58%,"6,585,217"
MOAT,-,-,-,-,-,-,-,-,-,-,-,-,-,102.16,0.02%,"670,560"
MOB,64.43M,-,15.00,-,19.18,7.06,3.37,-,86.75%,195.77%,-224.94%,-,18.78%,5.10,-4.32%,"128,225"
MOBI,432.57M,-,-,-,-,-,7.76,-,95.43%,14.31%,-,66.33%,-,13.01,0.23%,"133,174"
MOBX,29.33M,-,-,-,4.14,2.30,11.46,-,-,-,-,-,-,1.93,-1.53%,"448,451"
MOD,14.98B,126.73,24.96,0.53,4.71,12.54,203.29,142.15,55.57%,45.51%,-,47.54%,11.96%,283.67,2.52%,"1,613,502"
MODD,22.29M,-,-,-,-,1.81,7.58,-,-,-,10.66%,-,-,4.12,-1.79%,"55,215"
MODL,-,-,-,-,-,-,-,-,-,-,-,-,-,49.99,0.10%,"35,539"
MOG-A,13.20B,46.83,35.92,-,3.16,6.44,42.81,42.53,22.06%,9.27%,92.76%,-,6.00%,416.26,2.81%,"312,668"
MOGU,11.67M,-,-,-,0.66,0.17,0.27,-,-,-,-,-,-24.32%,1.63,-11.89%,"25,007"
MOH,11.26B,63.72,22.86,3.76,0.25,2.75,-,44.84,-53.47%,84.13%,-4.51%,6.08%,18.68%,216.04,7.26%,"1,790,688"
MOLN,147.41M,-,-,-,-,1.73,1.50,-,23.07%,46.13%,5.73%,5.28%,-,3.93,3.42%,"3,886"
MOMO,580.82M,8.51,5.65,0.47,0.40,0.51,0.47,6.62,27.01%,7.61%,-14.69%,12.07%,-7.90%,5.40,-2.00%,"666,477"
MOO,-,-,-,-,-,-,-,-,-,-,-,-,-,79.29,2.76%,"638,571"
MOOD,-,-,-,-,-,-,-,-,-,-,-,-,-,43.24,0.35%,"4,391"
MORN,5.39B,14.45,10.55,0.61,2.15,5.29,10.14,12.33,20.93%,12.77%,11.37%,17.40%,11.97%,141.84,-7.43%,"527,527"
MORT,-,-,-,-,-,-,-,-,-,-,-,-,-,10.16,0.40%,"833,392"
MOS,6.91B,170.57,11.47,-,0.56,0.59,24.22,-,-63.77%,130.46%,-0.60%,-4.94%,6.78%,21.73,4.17%,"9,084,609"
MOTG,-,-,-,-,-,-,-,-,-,-,-,-,-,37.66,-0.11%,392
MOTI,-,-,-,-,-,-,-,-,-,-,-,-,-,32.75,-0.41%,"2,236"
MOTO,-,-,-,-,-,-,-,-,-,-,-,-,-,64.75,0.83%,195
MOV,600.74M,27.09,16.49,-,0.88,1.67,2.66,8.84,35.82%,26.92%,-,-,5.51%,38.09,0.13%,"202,561"
MOVE,43.02M,-,-,-,58.14,27.21,1.47,-,-,-,26.66%,-,-,21.72,1.31%,"35,126"
MP,9.90B,-,55.51,-,28.49,5.02,5.69,-,173.07%,471.38%,-13.01%,-,15.45%,55.62,-1.57%,"3,788,657"
MPA,144.91M,33.91,-,-,12.76,0.90,-,-,-,-,-,-,-,11.19,-0.44%,"103,931"
MPAA,282.17M,26.51,7.89,0.28,0.36,1.06,16.92,18.25,77.55%,8.62%,-10.95%,28.10%,7.87%,14.91,-0.67%,"177,490"
MPB,865.79M,15.57,9.42,-,2.37,0.97,-,10.45,4.97%,14.35%,-3.83%,-,22.76%,34.16,-0.38%,"118,971"
MPC,74.02B,16.57,10.58,0.43,0.55,4.43,34.41,12.98,183.76%,-21.05%,-,24.69%,13.89%,253.56,2.86%,"1,795,692"
MPG,-,-,-,-,-,-,-,-,-,-,-,-,-,5.84,-4.58%,"66,365"
MPL,-,-,-,-,-,-,-,-,-,-,-,-,-,15.98,-2.75%,"21,666"
MPLT,1.36B,-,-,-,-,3.61,4.39,-,72.21%,12.77%,-,36.64%,-,31.96,4.27%,"463,273"
MPLX,56.90B,12.16,11.61,4.76,4.85,4.04,37.78,14.61,-10.34%,11.72%,-,2.44%,6.80%,56.07,-0.28%,"1,528,953"
MPLY,-,-,-,-,-,-,-,-,-,-,-,-,-,30.57,-1.11%,"1,334"
MPRO,-,-,-,-,-,-,-,-,-,-,-,-,-,32.48,-0.32%,"19,838"
MPT,2.60B,-,31.45,-,2.60,0.57,6.12,12.04,127.98%,7.45%,-,-,-4.89%,4.35,-2.25%,"8,986,958"
MPTI,394.73M,33.13,30.51,2.40,7.00,4.46,7.60,45.48,-2.25%,20.54%,24.76%,12.69%,12.66%,91.34,1.36%,"80,187"
MPU,20.79M,-,-,-,0.80,1.15,2.85,-,-,-,32.78%,-,10.25%,0.31,-7.45%,"88,083"
MPV,181.31M,13.68,-,-,10.27,1.10,-,-,-,-,-,-,-,16.83,-0.36%,"10,521"
MPWR,70.66B,103.62,47.68,1.88,23.90,19.22,51.69,112.24,34.97%,25.78%,29.77%,25.40%,27.00%,1438.30,0.23%,"996,435"
MPWX,-,-,-,-,-,-,-,-,-,-,-,-,-,18.56,1.48%,"23,191"
MQ,1.67B,731.48,35.07,-,2.57,2.27,1.69,14.28,229.19%,190.58%,19.46%,-,16.57%,3.95,-0.50%,"2,633,304"
MQQQ,-,-,-,-,-,-,-,-,-,-,-,-,-,230.99,1.51%,"69,947"
MQY,1.73B,37.03,-,-,24.75,0.92,-,-,-,-,-,-,-,11.48,-0.35%,"329,579"
MRA,-,-,-,-,-,-,-,-,-,-,-,-,-,24.00,-0.56%,3
MRAL,-,-,-,-,-,-,-,-,-,-,-,-,-,70.82,-1.38%,"87,081"
MRAM,512.10M,2206.06,145.60,-,8.99,7.25,12.65,-,183.33%,500.00%,43.54%,-,5.60%,21.84,2.06%,"1,543,035"
MRBK,238.40M,10.88,7.96,-,1.15,1.19,-,32.48,2.91%,29.56%,-2.40%,-,7.79%,20.05,0.96%,"115,107"
MRCOU,-,-,-,-,-,-,-,-,-,-,-,-,-,-,-,0
MRCP,-,-,-,-,-,-,-,-,-,-,-,-,-,34.09,0.00%,76
MRCY,6.34B,-,68.57,1.39,6.56,4.25,19.10,90.12,68.04%,43.16%,-,49.49%,2.74%,105.57,0.54%,"596,562"
MRDN,154.95M,-,10.31,-,0.81,3.17,9.35,8.07,108.63%,77.11%,-,-,103.63%,12.23,-7.49%,"92,821"
MREO,48.05M,-,-,-,94.21,1.41,1.33,-,76.67%,32.68%,38.96%,-,-,0.30,-1.05%,"1,258,824"
MRGR,-,-,-,-,-,-,-,-,-,-,-,-,-,45.44,0.09%,542
MRK,309.84B,35.31,13.01,2.17,4.73,6.75,53.67,21.95,-42.78%,87.62%,21.23%,5.99%,9.34%,125.45,4.02%,"13,899,975"
MRKR,21.84M,-,-,-,6.82,1.58,1.40,-,-21.94%,-5.19%,33.49%,-,50.02%,1.31,0.00%,"65,552"
MRLN,509.65M,-,-,-,509.65,-,4.14,-,-121.82%,40.98%,-,-,-,5.28,-6.22%,"2,201,970"
MRM,7.98M,2.76,-,-,0.15,4.75,29.55,-,-,-,-,-,-33.60%,1.01,-5.61%,"784,792"
MRNA,23.71B,-,-,-,10.66,3.20,4.55,-,-18.38%,45.10%,-29.93%,26.32%,19.33%,59.75,-1.11%,"6,169,041"
MRNO,19.38M,-,-,-,-,-,-,-,-,-,-363.74%,-,-,0.24,6.58%,"2,753,648"
MRNX,-,-,-,-,-,-,-,-,-,-,-,-,-,31.54,-1.93%,"30,836"
MRNY,-,-,-,-,-,-,-,-,-,-,-,-,-,17.13,-2.55%,"125,055"
MRP,4.61B,10.72,9.24,-,6.47,0.85,93.54,1.04,26.91%,4.41%,-,-,-,29.89,1.67%,"1,258,223"
MRSH,78.16B,20.30,14.33,1.76,2.84,5.37,48.52,15.86,6.69%,8.83%,16.42%,8.13%,9.45%,162.23,-2.25%,"1,937,226"
MRSK,-,-,-,-,-,-,-,-,-,-,-,-,-,37.90,-0.03%,"6,207"
MRT,140.25M,-,-,-,3.57,-,29.40,-,50.31%,74.68%,-83.53%,-,-,1.63,-1.21%,"39,049"
MRTN,1.41B,97.41,30.37,-,1.63,1.85,18.88,-,42.86%,90.00%,-23.85%,-,0.21%,17.31,2.79%,"663,487"
MRVI,1.58B,-,-,-,7.72,4.27,9.52,-,60.65%,18.67%,-,43.44%,-8.15%,6.12,6.25%,"6,472,146"
MRVL,246.05B,96.11,45.52,0.98,28.23,13.52,64.01,147.74,42.66%,52.51%,-,46.60%,22.51%,281.26,1.65%,"38,769,581"
MRVU,-,-,-,-,-,-,-,-,-,-,-,-,-,208.57,3.77%,"427,050"
MRX,4.61B,14.82,11.10,0.64,1.13,3.62,0.31,-,30.41%,11.01%,51.48%,17.38%,43.68%,64.12,-1.11%,"745,312"
MS,348.64B,20.02,17.16,1.53,2.82,3.34,-,8.93,17.05%,7.77%,9.56%,11.25%,17.76%,221.04,0.54%,"5,255,320"
MSA,6.47B,22.63,17.28,1.64,3.38,4.80,35.68,20.91,11.95%,9.28%,17.57%,10.52%,6.82%,167.62,1.41%,"316,710"
MSAI,10.61M,-,-,-,1.77,0.36,0.47,-,67.74%,60.00%,-83.75%,-,-,5.25,-3.31%,"18,112"
MSB,319.47M,28.21,-,-,21.24,17.42,15.75,24.84,-,-,-9.94%,-,-7.55%,24.35,0.16%,"38,628"
MSBI,632.46M,25.84,9.74,-,1.42,1.42,-,5.50,150.85%,0.38%,-,-,8.17%,30.51,1.06%,"217,901"
MSBT,-,-,-,-,-,-,-,-,-,-,-,-,-,16.96,-1.17%,"958,032"
MSC,378.44M,-,-,-,0.53,0.82,4.36,-,-,-,41.26%,-,69.80%,1.97,1.81%,912
MSCI,39.64B,31.10,24.15,1.72,12.24,-,102.89,25.70,13.93%,14.54%,17.11%,14.05%,13.08%,544.56,-5.67%,"926,596"
MSD,149.10M,7.02,-,-,11.20,0.94,-,-,-,-,-,-,-,7.37,0.55%,"66,900"
MSDD,-,-,-,-,-,-,-,-,-,-,-,-,-,47.88,0.00%,0
MSDL,1.29B,15.09,8.33,-,3.59,0.77,12.88,8.62,-8.72%,-0.09%,-10.38%,-4.38%,74.30%,15.27,1.53%,"523,205"
MSEP,-,-,-,-,-,-,-,-,-,-,-,-,-,32.07,-0.40%,"4,107"
MSEX,1.02B,22.73,19.46,1.96,5.11,2.02,498.29,-,6.78%,11.31%,1.54%,9.93%,6.58%,54.58,1.04%,"147,982"
MSFD,-,-,-,-,-,-,-,-,-,-,-,-,-,15.07,3.57%,"1,380,264"
MSFL,-,-,-,-,-,-,-,-,-,-,-,-,-,13.23,-7.03%,"2,960,011"
MSFO,-,-,-,-,-,-,-,-,-,-,-,-,-,9.98,-3.57%,"99,411"
MSFT,2620.97B,21.01,18.14,0.97,8.23,6.33,33.49,35.95,23.18%,15.77%,18.80%,18.67%,14.52%,352.83,-3.46%,"64,572,466"
MSFU,-,-,-,-,-,-,-,-,-,-,-,-,-,19.88,-7.02%,"11,636,000"
MSFW,-,-,-,-,-,-,-,-,-,-,-,-,-,23.05,-4.59%,"23,617"
MSFX,-,-,-,-,-,-,-,-,-,-,-,-,-,13.16,-7.09%,"402,418"
MSFY,-,-,-,-,-,-,-,-,-,-,-,-,-,15.48,-3.65%,"20,806"
MSGE,3.73B,77.51,33.86,0.61,3.66,77.66,11.52,11.93,49.03%,102.94%,-,55.08%,10.03%,78.84,3.05%,"428,225"
MSGM,19.30M,3.38,-,-,1.42,2.85,3.29,3.59,-,-,-,-,-9.92%,3.96,-1.98%,"63,918"
MSGS,9.12B,-,-,-,8.45,-,85.19,167.04,62.27%,-45.93%,34.30%,-,11.49%,378.73,3.46%,"298,863"
MSGY,7.11M,-,-,-,-,6.36,29.63,-,-,-,-,-,-,0.50,-3.90%,"68,715"
MSI,65.90B,32.01,21.44,2.27,5.55,25.94,74.38,26.49,10.26%,9.19%,18.67%,9.46%,9.52%,397.01,-0.90%,"1,074,465"
MSIF,518.75M,6.24,7.72,3.88,3.43,0.72,33.34,11.17,-2.40%,3.25%,-,1.99%,30.65%,11.44,1.96%,"278,602"
MSIX,-,-,-,-,-,-,-,-,-,-,-,-,-,26.70,0.00%,0
MSLC,-,-,-,-,-,-,-,-,-,-,-,-,-,57.78,0.00%,"66,235"
MSLE,139.77M,-,-,-,-,1.98,2.00,-,-22.94%,-4.17%,36.03%,-6.64%,-,6.71,19.40%,"69,761"
MSM,6.66B,32.12,24.23,1.79,1.74,4.82,144.29,31.00,15.92%,13.02%,-4.60%,13.53%,3.38%,119.37,2.42%,"926,765"
MSMR,-,-,-,-,-,-,-,-,-,-,-,-,-,35.38,0.20%,"10,915"
MSN,7.23M,-,-,-,1.09,0.47,0.54,-,-,-,-1.89%,-,11.38%,0.34,-0.55%,"37,694"
MSOO,-,-,-,-,-,-,-,-,-,-,-,-,-,5.63,0.00%,0
MSOS,-,-,-,-,-,-,-,-,-,-,-,-,-,4.62,4.29%,"12,146,039"
MSOX,-,-,-,-,-,-,-,-,-,-,-,-,-,2.87,9.54%,"4,163,732"
MSR,-,-,-,-,-,-,-,-,-,-,-,-,-,12.42,-10.88%,807
MSS,3.84M,-,1.31,-,0.03,0.20,2.53,-,-771.43%,110.64%,3.91%,-,31.78%,0.65,-7.94%,"145,626"
MSSM,-,-,-,-,-,-,-,-,-,-,-,-,-,60.95,1.06%,"6,642"
MSSS,-,-,-,-,-,-,-,-,-,-,-,-,-,34.84,0.05%,"9,006"
MSST,-,-,-,-,-,-,-,-,-,-,-,-,-,20.29,-8.98%,"1,002"
MST,-,-,-,-,-,-,-,-,-,-,-,-,-,7.06,-18.77%,"357,690"
MSTB,-,-,-,-,-,-,-,-,-,-,-,-,-,42.06,-0.11%,935
MSTI,-,-,-,-,-,-,-,-,-,-,-,-,-,20.33,0.10%,439
MSTP,-,-,-,-,-,-,-,-,-,-,-,-,-,11.13,-18.60%,"99,272"
MSTQ,-,-,-,-,-,-,-,-,-,-,-,-,-,38.94,1.14%,"1,096"
MSTR,29.90B,-,8.37,-,60.97,0.81,13.54,-,413.65%,-78.66%,-187.39%,-,-0.15%,85.33,-9.35%,"44,703,721"
MSTU,-,-,-,-,-,-,-,-,-,-,-,-,-,1.60,-18.78%,"93,292,001"
MSTW,-,-,-,-,-,-,-,-,-,-,-,-,-,3.19,-11.88%,"897,027"
MSTX,-,-,-,-,-,-,-,-,-,-,-,-,-,7.33,-18.65%,"11,344,519"
MSTY,-,-,-,-,-,-,-,-,-,-,-,-,-,12.00,-10.11%,"2,345,689"
MSTZ,-,-,-,-,-,-,-,-,-,-,-,-,-,17.33,19.27%,"28,327,645"
MSW,16.35M,-,-,-,5.13,-,204.39,-,-,-,-,-,52.95%,1.26,-3.08%,"51,214"
MT,47.05B,14.95,9.55,0.50,0.76,0.86,8.59,100.16,13.77%,38.37%,-,19.06%,2.79%,61.82,0.57%,"1,034,201"
MTA,647.54M,-,40.49,-,49.51,2.56,64.95,1156.32,248.41%,206.31%,26.62%,-,39.21%,6.93,5.16%,"420,139"
MTAL,311.88M,-,-,-,-,1.15,118.14,-,-,-,-,-,-,10.17,0.10%,"44,922"
MTB,34.67B,13.26,11.35,1.06,2.62,1.36,-,9.97,10.03%,11.54%,11.33%,10.70%,16.66%,236.77,1.50%,"1,043,437"
MTBA,-,-,-,-,-,-,-,-,-,-,-,-,-,49.20,-0.34%,"80,481"
MTC,259.92M,-,-,-,-,17.90,31.74,-,-,-,39.09%,-,-,2.61,-6.12%,"19,827"
MTCH,8.15B,13.33,11.35,0.76,2.32,-,7.96,7.99,11.26%,16.21%,2.63%,14.93%,7.84%,34.94,-1.13%,"5,352,832"
MTD,25.13B,29.16,24.31,2.43,6.14,-,414.83,31.65,9.21%,9.59%,11.04%,10.01%,5.47%,1243.42,3.34%,"389,517"
MTDR,6.23B,12.92,5.78,0.39,1.73,1.12,67.36,104.84,34.62%,11.92%,-,14.72%,33.72%,50.16,0.14%,"1,582,437"
MTEK,10.57M,-,-,-,7.89,14.63,4.15,-,-,-,-50.23%,-,6.31%,1.09,-6.84%,"68,557"
MTEN,12.78M,-,-,-,7.89,0.05,55.56,-,-,-,-,-,20.52%,1.67,-6.18%,"314,124"
MTEX,9.70M,-,-,-,0.09,-,1.36,-,-,-,-,-,-6.53%,5.03,-1.18%,"46,324"
MTG,5.79B,8.70,8.37,4.63,4.80,1.16,-,8.21,-2.84%,7.12%,19.50%,1.81%,0.24%,27.36,1.15%,"1,734,579"
MTGP,-,-,-,-,-,-,-,-,-,-,-,-,-,44.28,-0.08%,"10,893"
MTH,5.56B,15.27,13.05,1.66,0.99,1.09,7.25,23.33,-21.38%,27.94%,2.91%,7.85%,5.41%,83.34,1.15%,"777,112"
MTLS,406.99M,-,23.74,0.52,1.31,2.75,2.66,46.89,41.49%,38.76%,-,45.81%,9.22%,6.89,3.61%,"187,967"
MTN,4.75B,30.29,21.16,-,1.68,8.61,12.27,27.38,-42.53%,45.63%,25.47%,-1.38%,8.59%,133.34,-7.56%,"1,048,224"
MTNB,3.99M,-,-,-,-,1.32,1.63,-,-,-,19.44%,-,-,0.62,-4.18%,"94,751"
MTNE,-,-,-,-,-,-,-,-,-,-,-,-,-,9.87,0.00%,6
MTNE-U,268.70M,-,-,-,-,-,-,-,-,-,-,-,-,10.00,-0.10%,"2,327"
MTR,5.85M,15.17,-,-,9.43,1.86,2.76,-,-,-,-4.45%,-,-4.01%,3.14,-1.57%,"3,069"
MTRA,-,-,-,-,-,-,-,-,-,-,-,-,-,27.06,1.19%,238
MTRN,5.86B,77.01,37.53,-,3.06,6.13,362.07,889.51,17.92%,17.04%,36.67%,-,8.72%,281.80,4.52%,"411,538"
MTRX,388.81M,-,19.88,-,0.46,2.79,1.67,7.79,103.30%,1885.71%,3.11%,-,-6.92%,13.82,3.29%,"180,331"
MTSG,-,-,-,-,-,-,-,-,-,-,-,-,-,14.41,9.87%,"7,756"
MTSI,29.77B,169.18,57.00,1.75,27.72,21.00,44.78,177.54,44.83%,36.20%,-1.16%,32.56%,12.78%,390.19,4.59%,"1,882,760"
MTUL,-,-,-,-,-,-,-,-,-,-,-,-,-,65.17,4.03%,755
MTUM,-,-,-,-,-,-,-,-,-,-,-,-,-,339.30,3.32%,"2,095,476"
MTUS,842.13M,361.90,15.15,-,0.71,1.23,8.04,-,124.32%,60.84%,53.91%,-,6.87%,20.23,3.37%,"339,967"
MTVA,7.91M,-,-,-,-,0.87,0.58,-,66.17%,3.22%,72.69%,40.10%,-,1.53,-1.92%,"336,915"
MTW,519.25M,71.16,15.94,0.32,0.23,0.76,6.62,288.47,49.37%,89.75%,-,50.00%,9.20%,14.46,7.35%,"342,959"
MTX,2.44B,15.24,11.05,-,1.15,1.41,7.61,20.66,13.63%,13.75%,-,-,5.38%,78.82,0.19%,"331,810"
MTYY,-,-,-,-,-,-,-,-,-,-,-,-,-,19.83,-2.19%,"6,112"
MTZ,31.89B,70.55,34.67,1.14,2.09,9.64,116.53,124.22,34.80%,31.84%,2.97%,30.43%,17.73%,403.57,2.65%,"1,017,214"
MU,1368.57B,27.47,8.39,0.05,15.16,18.89,52.59,52.29,772.46%,99.92%,26.19%,164.88%,11.76%,1213.56,15.74%,"81,660,085"
MUA,542.32M,34.74,-,-,16.98,0.95,-,-,-,-,-,-,-,10.77,-0.09%,"91,312"
MUB,-,-,-,-,-,-,-,-,-,-,-,-,-,107.58,0.11%,"2,891,927"
MUC,1.36B,47.39,-,-,15.91,0.92,-,-,-,-,-,-,-,10.90,0.18%,"217,926"
MUD,-,-,-,-,-,-,-,-,-,-,-,-,-,9.32,-16.11%,"41,681,756"
MUFG,225.98B,14.16,12.22,1.41,2.66,1.61,-,-,11.11%,9.87%,19.92%,8.64%,11.04%,20.02,1.06%,"2,988,809"
MUJ,650.99M,26.61,-,-,13.22,0.97,-,-,-,-,-,-,-,12.24,0.08%,"75,307"
MULL,-,-,-,-,-,-,-,-,-,-,-,-,-,1030.59,32.11%,"685,143"
MULT,-,-,-,-,-,-,-,-,-,-,-,-,-,25.18,0.09%,112
MUNA,-,-,-,-,-,-,-,-,-,-,-,-,-,100.50,0.00%,0
MUNB,-,-,-,-,-,-,-,-,-,-,-,-,-,100.89,0.00%,0
MUNC,-,-,-,-,-,-,-,-,-,-,-,-,-,102.68,0.16%,12
MUND,-,-,-,-,-,-,-,-,-,-,-,-,-,103.32,-0.33%,4
MUNI,-,-,-,-,-,-,-,-,-,-,-,-,-,52.57,0.06%,"226,605"
MUNX,-,-,-,-,-,-,-,-,-,-,-,-,-,25.20,0.30%,180
MUNY,-,-,-,-,-,-,-,-,-,-,-,-,-,103.76,0.05%,"33,652"
MUR,5.07B,60.58,10.36,0.26,1.84,0.99,13.39,28.51,184.85%,-12.46%,-,39.82%,8.96%,35.39,0.60%,"1,158,870"
MUSA,9.67B,18.10,17.91,2.14,0.49,14.69,81.57,17.42,27.74%,-8.02%,13.01%,8.35%,11.47%,523.73,-1.39%,"288,960"
MUSE,-,-,-,-,-,-,-,-,-,-,-,-,-,49.89,0.03%,3
MUSI,-,-,-,-,-,-,-,-,-,-,-,-,-,43.79,0.09%,"30,281"
MUSQ,-,-,-,-,-,-,-,-,-,-,-,-,-,24.20,-0.94%,13
MUST,-,-,-,-,-,-,-,-,-,-,-,-,-,20.75,0.43%,"54,483"
MUU,-,-,-,-,-,-,-,-,-,-,-,-,-,1182.40,31.07%,"4,759,228"
MUX,1.03B,15.79,6.45,0.06,4.39,1.57,14.76,-,122.32%,104.82%,-,99.35%,13.52%,17.32,1.64%,"1,276,427"
MUYY,-,-,-,-,-,-,-,-,-,-,-,-,-,24.37,1.59%,"185,178"
MUZ,-,-,-,-,-,-,-,-,-,-,-,-,-,9.08,-33.28%,"30,624,135"
MUZE,271.70M,-,-,-,-,1.38,292.15,-,-,-,-,-,-,9.94,0.00%,282
MVAL,-,-,-,-,-,-,-,-,-,-,-,-,-,36.60,0.43%,712
MVBF,366.99M,13.07,11.36,-,1.93,1.10,-,-,-19.42%,51.41%,-7.63%,-,8.17%,28.56,0.39%,"62,310"
MVFD,-,-,-,-,-,-,-,-,-,-,-,-,-,30.03,0.62%,"6,373"
MVFG,-,-,-,-,-,-,-,-,-,-,-,-,-,34.56,0.12%,"17,365"
MVIS,106.84M,-,-,-,68.93,2.53,2.29,-,-,-,-5.27%,-,-13.54%,0.31,-0.42%,"7,092,528"
MVLL,-,-,-,-,-,-,-,-,-,-,-,-,-,155.42,3.74%,"2,024,111"
MVO,16.56M,1.79,-,-,1.63,9.04,15.33,-,-,-,13.06%,-,10.74%,1.44,-0.69%,"122,928"
MVPA,-,-,-,-,-,-,-,-,-,-,-,-,-,32.92,-1.01%,"2,382"
MVPL,-,-,-,-,-,-,-,-,-,-,-,-,-,40.83,-0.05%,257
MVRL,-,-,-,-,-,-,-,-,-,-,-,-,-,13.39,0.51%,"7,904"
MVST,374.81M,-,7.03,0.09,1.01,0.80,2.15,15.33,175.00%,45.45%,35.68%,79.15%,31.79%,1.12,-4.66%,"3,076,306"
MVV,-,-,-,-,-,-,-,-,-,-,-,-,-,90.47,1.75%,"18,509"
MWA,4.22B,20.47,17.08,2.13,2.88,3.94,10.03,29.90,12.82%,6.90%,21.80%,8.00%,8.20%,26.98,2.86%,"1,132,448"
MWC,203.81M,19.25,-,-,1.37,3.61,3.85,16.97,-,-,-,-,-,3.43,-9.02%,"61,300"
MWG,7.04M,-,-,-,0.21,3.99,4.48,1.76,-,-,-,-,9.60%,1.37,0.00%,"3,399"
MWH,7.73B,-,21.28,0.65,-,17.25,20.08,-,47.76%,41.14%,-,32.86%,-,36.84,6.91%,"2,413,092"
MWYN,22.41M,-,-,-,3.36,9.71,74.71,-,-,-,-,-,-,1.11,0.91%,"133,528"
MX,179.21M,-,-,-,1.00,0.77,1.90,-,-,-,-,-,-18.67%,4.91,1.03%,"1,374,103"
MXC,15.26M,12.29,-,-,2.21,0.79,6.72,7.20,-,-,-,-,21.86%,7.46,0.54%,"8,048"
MXCT,136.04M,-,-,-,4.21,0.81,1.27,-,34.52%,5.97%,-19.78%,21.91%,4.76%,1.27,6.72%,"2,267,440"
MXE,57.03M,2.63,-,-,26.46,0.82,-,-,-,-,-,-,-,12.96,0.00%,"1,720"
MXF,313.06M,4.13,-,-,22.73,0.99,-,-,-,-,-,-,-,21.71,1.88%,"13,005"
MXI,-,-,-,-,-,-,-,-,-,-,-,-,-,106.81,1.04%,"45,397"
MXL,8.46B,-,50.38,0.56,16.62,18.62,135.35,833.44,331.38%,40.21%,-3.21%,89.27%,-0.46%,94.47,11.15%,"4,001,053"
MYCF,-,-,-,-,-,-,-,-,-,-,-,-,-,25.05,-0.04%,"12,338"
MYCG,-,-,-,-,-,-,-,-,-,-,-,-,-,24.99,0.04%,"7,094"
MYCH,-,-,-,-,-,-,-,-,-,-,-,-,-,24.88,0.04%,"288,332"
MYCI,-,-,-,-,-,-,-,-,-,-,-,-,-,24.77,0.08%,"8,656"
MYCJ,-,-,-,-,-,-,-,-,-,-,-,-,-,24.70,0.08%,"9,494"
MYCK,-,-,-,-,-,-,-,-,-,-,-,-,-,24.83,0.13%,"4,621"
MYCL,-,-,-,-,-,-,-,-,-,-,-,-,-,24.71,0.12%,"4,792"
MYCM,-,-,-,-,-,-,-,-,-,-,-,-,-,24.71,0.11%,"2,633"
MYCN,-,-,-,-,-,-,-,-,-,-,-,-,-,24.57,0.14%,"3,456"
MYCO,-,-,-,-,-,-,-,-,-,-,-,-,-,24.55,0.05%,"7,682"
MYE,1.15B,43.68,16.44,0.73,1.47,3.97,25.76,12.96,43.64%,17.72%,-1.90%,22.66%,10.10%,30.58,2.89%,"795,358"
MYFW,305.39M,20.36,11.05,-,1.61,1.12,-,160.73,80.74%,16.39%,-15.32%,-,12.21%,31.39,2.38%,"90,487"
MYGN,512.85M,-,35.93,0.55,0.62,1.52,4.12,-,2.08%,146.71%,-8.03%,65.44%,5.24%,5.43,4.02%,"2,061,090"
MYHA,-,-,-,-,-,-,-,-,-,-,-,-,-,24.97,-0.08%,"1,566"
MYHB,-,-,-,-,-,-,-,-,-,-,-,-,-,25.00,0.06%,361
MYHC,-,-,-,-,-,-,-,-,-,-,-,-,-,25.16,-0.01%,357
MYHD,-,-,-,-,-,-,-,-,-,-,-,-,-,25.07,0.12%,"1,372"
MYHE,-,-,-,-,-,-,-,-,-,-,-,-,-,24.99,0.08%,"1,410"
MYI,1.34B,28.92,-,-,21.80,0.92,-,-,-,-,-,-,-,10.99,-0.27%,"313,716"
MYLD,-,-,-,-,-,-,-,-,-,-,-,-,-,31.66,0.41%,"1,196"
MYMF,-,-,-,-,-,-,-,-,-,-,-,-,-,24.89,0.00%,2
MYMG,-,-,-,-,-,-,-,-,-,-,-,-,-,24.75,0.04%,32
MYMH,-,-,-,-,-,-,-,-,-,-,-,-,-,24.56,0.06%,1
MYMI,-,-,-,-,-,-,-,-,-,-,-,-,-,24.72,0.00%,259
MYMJ,-,-,-,-,-,-,-,-,-,-,-,-,-,24.85,0.00%,269
MYMK,-,-,-,-,-,-,-,-,-,-,-,-,-,25.04,0.00%,370
MYN,949.71M,63.06,-,-,29.96,0.93,-,-,-,-,-,-,-,10.09,0.20%,"121,093"
MYND,18.49M,-,-,-,0.11,-,1.00,-,-,-,38.31%,-,8.91%,0.40,-3.61%,"20,613"
MYO,41.73M,-,-,-,1.01,4.63,2.66,-,17.30%,22.22%,36.74%,-,40.10%,1.08,-8.47%,"893,016"
MYPS,56.48M,-,-,-,0.24,0.26,0.54,2.19,28.13%,42.25%,-,38.63%,-2.72%,0.44,-12.82%,"1,326,921"
MYRG,7.59B,53.72,37.03,1.28,1.98,10.79,46.50,32.91,51.80%,15.14%,16.70%,28.93%,10.23%,487.33,3.67%,"237,511"
MYSE,12.87M,-,-,-,-,2.81,5.43,-,-,-,-18.14%,-,-,2.51,-4.92%,"220,244"
MYSZ,2.09M,-,-,-,0.20,0.53,2.29,-,-,-,61.56%,-,131.11%,0.43,-5.95%,"9,927"
MYX,144.00M,-,-,-,-,41291.67,-,-,-,-,-,-,-,9.91,0.00%,0
MYY,-,-,-,-,-,-,-,-,-,-,-,-,-,15.09,-0.74%,"6,520"
MZTI,3.08B,17.58,15.61,4.76,1.59,2.95,14.11,12.43,0.67%,6.44%,4.08%,3.28%,7.43%,112.41,-0.13%,"243,703"
MZYX,371.63M,-,-,-,-,1.28,288.08,-,-,-,-,-,-,9.91,0.10%,"63,950"
MZZ,-,-,-,-,-,-,-,-,-,-,-,-,-,5.85,-1.18%,"10,348"
NA,41.08M,2.19,-,-,10.90,0.38,7.96,-,-,-,-,-,64.90%,1.77,0.57%,"64,206"
NAAS,31.23M,-,-,-,-,-,2.99,-,-,-,48.32%,-,-,3.08,-0.32%,"13,672"
NABL,600.93M,-,6.65,-,1.14,0.75,5.10,8.07,6.41%,15.66%,-31.92%,-,11.05%,3.19,-1.85%,"1,777,829"
NAC,1.87B,-,-,-,13.91,1.08,-,-,-,-,-,-,-,11.99,0.00%,"363,500"
NACP,-,-,-,-,-,-,-,-,-,-,-,-,-,59.61,1.41%,"4,006"
NAD,2.79B,42.75,-,-,12.18,0.98,-,-,-,-,-,-,-,11.97,-0.25%,"328,983"
NAGE,263.62M,15.16,10.82,0.39,2.02,3.19,3.96,65.25,14.60%,33.49%,-,28.06%,16.91%,3.31,-4.06%,"812,530"
NAII,15.19M,-,-,-,0.11,0.24,1.65,-,-,-,-56.18%,-,2.21%,2.42,-0.41%,"5,953"
NAIL,-,-,-,-,-,-,-,-,-,-,-,-,-,52.55,2.64%,"2,012,028"
NAK,1.01B,-,-,-,-,33.39,26.96,-,78.95%,1.38%,-6.38%,46.20%,-,1.81,0.00%,"7,283,797"
NAKA,68.73M,-,-,-,17.53,0.19,1.95,-,12.21%,81.16%,-,-,-7.65%,3.95,-2.23%,"229,805"
NAMI,13.73M,-,-,-,0.24,1.14,1.21,-,-,-,0.43%,-,10.55%,4.34,-12.76%,"93,494"
NAMM,94.79M,-,-,-,-,2.84,106.51,-,-,-,-,-,-,1.74,0.58%,"281,220"
NAMS,3.71B,-,-,-,164.35,5.56,5.82,-,-4.95%,22.82%,-,45.84%,-,31.73,-2.76%,"1,697,326"
NAN,370.91M,32.25,-,-,12.88,1.07,-,-,-,-,-,-,-,11.61,0.09%,"52,973"
NANC,-,-,-,-,-,-,-,-,-,-,-,-,-,49.31,0.65%,"11,640"
NANR,-,-,-,-,-,-,-,-,-,-,-,-,-,76.20,1.45%,"11,858"
NAPR,-,-,-,-,-,-,-,-,-,-,-,-,-,58.83,0.31%,"5,084"
NASA,-,-,-,-,-,-,-,-,-,-,-,-,-,26.42,-3.37%,"4,689,092"
NAT,1.33B,24.41,20.36,0.42,3.97,2.91,16.34,-,1087.50%,-56.84%,-29.59%,48.12%,-3.83%,6.26,-3.25%,"9,046,543"
NATH,416.08M,20.94,-,-,2.57,-,17.05,23.30,-,-,12.53%,-,16.40%,101.62,0.82%,"18,187"
NATL,3.20B,18.65,8.75,0.60,0.72,8.07,5.47,29.32,1.57%,18.00%,-,14.63%,-,43.31,-0.39%,"824,804"
NATO,-,-,-,-,-,-,-,-,-,-,-,-,-,39.81,0.39%,"8,117"
NATR,363.48M,18.94,15.25,-,0.74,2.18,4.15,15.79,-4.37%,12.45%,-0.22%,-,4.50%,20.67,-0.91%,"107,050"
NAUG,-,-,-,-,-,-,-,-,-,-,-,-,-,31.50,0.24%,"8,371"
NAUT,288.47M,-,-,-,-,2.00,3.01,-,-9.57%,-0.97%,0.21%,2.92%,-,2.27,-3.81%,"556,331"
NAVI,795.15M,-,8.95,-,0.26,0.33,0.37,2.46,304.27%,32.23%,-,-,-2.83%,8.46,0.36%,"1,144,808"
NAVN,5.49B,-,56.20,-,7.18,4.41,6.84,-,-,51.98%,-,-,-,21.59,-0.87%,"3,664,043"
NAZ,162.03M,22.55,-,-,16.90,1.14,-,-,-,-,-,-,-,12.63,0.80%,"25,433"
NB,669.70M,-,-,-,-,1.54,1.59,-,-25.58%,46.07%,-16.23%,0.47%,-,4.60,-0.43%,"2,888,558"
NBB,458.26M,16.59,-,-,-,-,-,-,-,-,-,-,-,15.59,-0.26%,"61,928"
NBBK,879.67M,15.43,8.54,-,2.31,1.04,-,12.08,14.62%,26.28%,20.92%,-,37.39%,21.13,0.57%,"185,365"
NBCE,-,-,-,-,-,-,-,-,-,-,-,-,-,45.24,2.13%,771
NBCM,-,-,-,-,-,-,-,-,-,-,-,-,-,26.69,1.83%,"41,557"
NBCR,-,-,-,-,-,-,-,-,-,-,-,-,-,32.82,-0.33%,"14,926"
NBDS,-,-,-,-,-,-,-,-,-,-,-,-,-,40.81,0.39%,"12,599"
NBET,-,-,-,-,-,-,-,-,-,-,-,-,-,39.33,1.28%,"1,639"
NBFC,-,-,-,-,-,-,-,-,-,-,-,-,-,50.60,-0.41%,859
NBFR,-,-,-,-,-,-,-,-,-,-,-,-,-,26.46,0.83%,717
NBGX,-,-,-,-,-,-,-,-,-,-,-,-,-,28.59,-0.06%,"1,274"
NBH,309.21M,61.41,-,-,11.14,0.92,-,-,-,-,-,-,-,10.44,-0.10%,"64,035"
NBHC,1.99B,16.60,10.78,-,3.26,1.19,-,35.83,13.40%,18.95%,0.05%,-,10.67%,44.51,-0.11%,"450,481"
NBIE,-,-,-,-,-,-,-,-,-,-,-,-,-,26.18,1.06%,"17,693"
NBIG,-,-,-,-,-,-,-,-,-,-,-,-,-,34.86,-2.35%,"659,183"
NBIL,-,-,-,-,-,-,-,-,-,-,-,-,-,50.09,-1.94%,"1,216,961"
NBIS,64.58B,85.62,-,-,73.56,9.00,6.95,-,-15.37%,36.75%,-19.43%,-,-29.39%,256.63,-1.17%,"14,386,254"
NBIX,16.51B,25.24,16.96,0.45,5.32,4.85,12.54,19.86,65.33%,25.37%,2.31%,37.53%,22.29%,164.18,-1.13%,"782,642"
NBIZ,-,-,-,-,-,-,-,-,-,-,-,-,-,8.15,2.00%,"2,439,637"
NBJP,-,-,-,-,-,-,-,-,-,-,-,-,-,37.31,0.89%,"3,158"
NBN,1.04B,11.16,8.98,-,2.74,1.96,-,349.86,20.04%,19.83%,31.86%,-,29.31%,130.25,1.38%,"158,690"
NBOS,-,-,-,-,-,-,-,-,-,-,-,-,-,27.77,-0.15%,"19,586"
NBP,184.61M,-,-,-,-,0.80,0.88,-,-130.95%,-50.52%,-,-,-,1.60,0.00%,"227,805"
NBR,1.24B,6.59,25.61,-,0.39,2.19,2.49,426.29,-109.74%,293.86%,-,-19.99%,8.34%,84.13,2.81%,"210,378"
NBRG,75.35M,-,-,-,-,114.70,313.96,-,-,-,-,-,-,9.97,0.00%,0
NBSD,-,-,-,-,-,-,-,-,-,-,-,-,-,50.50,-0.34%,"160,621"
NBSM,-,-,-,-,-,-,-,-,-,-,-,-,-,28.33,2.05%,"26,250"
NBTB,2.56B,14.03,10.86,-,2.73,1.34,-,11.18,9.14%,8.81%,6.99%,-,12.86%,49.26,1.11%,"249,731"
NBTR,-,-,-,-,-,-,-,-,-,-,-,-,-,50.00,-0.25%,2
NBTX,1.74B,-,-,-,53.24,-,28.12,-,60.10%,58.66%,18.47%,-,257.86%,34.43,0.23%,"55,638"
NBXG,1.27B,3.95,-,-,-,-,-,-,-,-,-,-,-,16.10,0.94%,"240,217"
NC,389.99M,18.01,-,-,1.42,0.89,7.34,-,-,-,2.31%,-,16.63%,51.71,-0.15%,"13,059"
NCA,307.70M,26.54,-,-,23.23,0.99,-,-,-,-,-,-,-,9.29,-0.11%,"22,273"
NCDL,613.88M,10.40,8.10,-,3.23,0.71,12.18,6.17,-15.01%,-2.88%,24.74%,-8.20%,71.23%,12.43,1.72%,"186,233"
NCEL,18.98M,-,-,-,-,0.52,6.18,-,-,-,60.94%,-,-,3.55,-1.11%,"4,413"
NCEW,62.05M,-,-,-,10.96,89.48,517.05,-,-,-,-,-,-11.53%,19.01,-0.47%,295
NCI,26.84M,134.96,-,-,1.52,0.79,89.46,12.03,-,-,-50.38%,-,-13.15%,11.35,4.22%,"373,416"
NCIQ,-,-,-,-,-,-,-,-,-,-,-,-,-,14.60,-1.15%,"9,021"
NCL,8.54M,-,-,-,0.56,0.28,35.58,-,-,-,-,-,0.76%,0.16,0.00%,0
NCLH,9.63B,17.96,10.40,2.55,0.96,3.96,52.05,-,-21.90%,22.45%,-,4.07%,50.33%,20.98,-0.14%,"16,966,489"
NCLO,-,-,-,-,-,-,-,-,-,-,-,-,-,25.31,1.00%,"26,521"
NCMI,332.92M,-,28.40,-,1.37,0.96,6.45,19.82,50.00%,327.27%,57.78%,-,21.89%,3.55,-0.84%,"393,337"
NCNA,6.66M,-,-,-,-,0.39,0.23,-,-,-,68.08%,-,-,1.60,-2.44%,"26,077"
NCNO,1.57B,118.50,9.62,0.57,2.58,1.61,15.26,14.19,18.49%,17.69%,-,16.74%,23.83%,14.35,-2.38%,"3,901,822"
NCPB,-,-,-,-,-,-,-,-,-,-,-,-,-,25.09,0.24%,"7,374"
NCPL,4.08M,-,-,-,5.52,0.17,5.67,-,-,-,-,-,-13.09%,0.52,-6.09%,"135,069"
NCRA,1.42M,-,-,-,0.16,-,0.26,-,-,-,-19.42%,-,56.63%,0.09,0.87%,"2,363,498"
NCSM,119.34M,6.58,11.54,-,0.66,0.96,3.46,5.02,-36.91%,55.73%,-,-,11.54%,45.47,0.46%,"5,371"
NCT,3.50M,-,-,-,0.14,0.14,0.87,-,-,-,-,-,-,2.87,-1.71%,"30,435"
NCTY,73.10M,-,-,-,4.88,2.71,1.64,-,-,-,-,-,177.86%,4.87,-1.62%,"25,000"
NCV,391.09M,4.65,-,-,17.49,0.98,-,-,-,-,-,-,-,17.31,-0.35%,"42,949"
NCZ,297.80M,4.40,-,-,17.87,0.99,-,-,-,-,-,-,-,15.65,1.03%,"52,647"
NDAA,-,-,-,-,-,-,-,-,-,-,-,-,-,23.49,0.28%,"4,373"
NDAQ,43.91B,23.39,17.44,1.29,5.31,3.64,77.86,21.91,13.54%,12.72%,10.65%,13.54%,7.98%,77.65,-4.85%,"5,758,117"
NDEC,-,-,-,-,-,-,-,-,-,-,-,-,-,29.75,0.32%,"6,241"
NDIA,-,-,-,-,-,-,-,-,-,-,-,-,-,27.14,-0.64%,"25,444"
NDIV,-,-,-,-,-,-,-,-,-,-,-,-,-,32.71,1.21%,"9,131"
NDLS,87.85M,-,40.30,-,0.18,-,61.01,-,88.30%,184.09%,-11.84%,-,4.69%,14.91,0.68%,"46,666"
NDMO,619.42M,41.78,-,-,14.58,0.98,152.19,21.13,-,-,-36.62%,-,-7.58%,10.40,-0.10%,"119,896"
NDOW,-,-,-,-,-,-,-,-,-,-,-,-,-,29.34,0.40%,"5,137"
NDRA,5.46M,-,-,-,-,2.99,15.16,-,60.36%,14.12%,79.05%,-,-,4.30,-31.42%,"481,558"
NDSN,16.97B,32.50,24.18,2.56,5.85,5.30,166.38,23.78,13.31%,8.58%,14.81%,9.45%,5.65%,304.64,2.88%,"323,093"
NE,6.25B,27.58,14.21,0.18,1.95,1.36,9.38,15.53,63.99%,150.82%,-,79.82%,27.79%,39.17,0.00%,"1,651,598"
NEA,3.45B,41.25,-,-,12.80,0.98,-,-,-,-,-,-,-,11.55,-0.35%,"618,548"
NEAR,-,-,-,-,-,-,-,-,-,-,-,-,-,50.63,0.00%,"339,498"
NEBX,-,-,-,-,-,-,-,-,-,-,-,-,-,51.71,-2.62%,"1,168,398"
NECB,369.15M,8.30,7.94,4.93,2.39,1.00,-,7.29,-3.69%,7.51%,33.62%,1.61%,25.21%,26.72,-0.34%,"38,262"
NEE,182.91B,22.27,19.84,2.26,6.64,3.31,73.90,77.40,9.58%,8.73%,17.36%,8.79%,9.21%,87.70,0.09%,"12,971,776"
NEGG,347.11M,-,-,-,-,1.89,5.99,-,-,-,-,-,-7.34%,16.55,-2.22%,"34,914"
NEHI,-,-,-,-,-,-,-,-,-,-,-,-,-,23.23,-2.02%,"80,907"
NELS,-,-,-,-,-,-,-,-,-,-,-,-,-,28.16,0.01%,"7,386"
NEM,101.79B,12.37,8.37,0.38,4.17,2.93,11.59,11.02,49.24%,10.75%,12.75%,21.90%,14.12%,95.35,1.39%,"7,949,639"
NEMD,-,-,-,-,-,-,-,-,-,-,-,-,-,52.98,-0.39%,"103,189"
NEMG,-,-,-,-,-,-,-,-,-,-,-,-,-,14.22,3.21%,"6,963"
NEN,166.14M,-,-,-,1.79,-,6.50,6.73,-,-,34.63%,-,7.51%,59.55,-0.08%,"1,740"
NEO,1.79B,-,37.66,0.62,2.40,2.15,12.23,-,50.00%,102.53%,-,61.23%,10.35%,13.73,6.43%,"4,309,321"
NEOG,2.07B,-,31.70,-,2.38,0.98,12.95,506.13,107.36%,-18.92%,-,-,16.43%,9.51,3.59%,"1,641,799"
NEON,15.36M,1.84,-,-,7.11,0.67,0.66,-,-,-,-,-,-19.19%,0.92,-4.66%,"268,703"
NEOV,108.12M,-,-,-,5.98,3.68,9.42,-,-131.11%,42.31%,-5.01%,-,33.17%,1.91,-6.37%,"1,716,796"
NEPH,35.50M,46.25,32.70,-,1.86,3.31,8.83,21.52,-59.09%,122.22%,-,-,17.02%,3.27,-2.39%,"2,849"
NERD,-,-,-,-,-,-,-,-,-,-,-,-,-,19.09,-1.16%,"1,308"
NERV,191.48M,-,-,-,-,-,2.45,-,-87.04%,80.51%,-,23.99%,-,4.11,-5.08%,"211,336"
NESR,2.72B,42.18,11.19,0.20,1.91,2.73,29.27,21.74,98.79%,46.19%,-1.73%,56.18%,9.68%,26.98,7.19%,"5,253,335"
NET,80.49B,-,143.18,4.41,34.57,52.46,19.28,275.86,28.79%,32.17%,5.92%,32.44%,38.13%,226.65,1.42%,"2,962,160"
NETG,-,-,-,-,-,-,-,-,-,-,-,-,-,11.51,2.86%,"80,212"
NETL,-,-,-,-,-,-,-,-,-,-,-,-,-,26.67,0.10%,"4,957"
NEU,7.37B,18.31,-,-,2.74,4.25,100.71,15.23,-,-,12.52%,-,6.27%,801.04,1.29%,"129,238"
NEUP,23.49M,-,-,-,1.50,0.79,1.21,46.06,-1669.57%,40.29%,-20.01%,-,246.61%,4.35,-3.12%,"5,484"
NEWP,708.48M,-,-,-,-,4.45,17.77,-,-25.00%,0.00%,-,-0.00%,-,3.85,2.39%,"658,743"
NEWT,416.44M,6.37,5.78,0.57,1.04,1.17,1.03,-,12.47%,6.00%,6.50%,10.14%,25.48%,14.43,2.20%,"289,302"
NEWZ,-,-,-,-,-,-,-,-,-,-,-,-,-,29.37,0.71%,35
NEXA,1.65B,7.85,4.27,0.12,0.51,1.45,4.17,10.24,185.60%,2.17%,-,34.78%,8.94%,12.46,0.97%,"689,562"
NEXM,78.79M,-,-,-,-,1.53,4.19,-,-,-,0.67%,-,-,2.21,-0.45%,"22,353"
NEXN,473.06M,27.87,6.92,1.03,1.27,1.01,5.00,7.55,8.38%,15.49%,67.36%,6.69%,11.47%,8.49,-0.82%,"422,090"
NEXR,6.71M,-,-,-,0.40,0.02,4.04,-,-,-,-,-,49.03%,1.10,95.56%,"318,385,122"
NEXT,1.97B,-,-,-,-,-,4.24,-,-85.45%,72.28%,-36.70%,11.20%,-,7.44,3.91%,"2,491,746"
NFBK,607.67M,126.08,9.70,-,2.26,0.87,-,9.88,6650.00%,11.11%,-51.76%,-,8.17%,14.55,-0.21%,"284,956"
NFE,106.43M,-,-,-,0.09,-,0.56,-,-,-,-31.14%,-,27.20%,0.37,0.84%,"4,756,102"
NFEB,-,-,-,-,-,-,-,-,-,-,-,-,-,30.06,0.35%,306
NFG,7.27B,10.36,9.63,1.75,3.02,1.90,273.35,23.71,7.49%,6.98%,-,5.50%,9.09%,76.51,-0.16%,"783,945"
NFGC,521.27M,-,9.72,-,45.85,1.79,16.74,-,61.69%,325.27%,7.59%,-,-,1.51,2.72%,"1,236,580"
NFJ,1.40B,9.49,-,-,49.98,1.02,-,-,-,-,-,-,-,15.09,0.80%,"122,504"
NFLP,-,-,-,-,-,-,-,-,-,-,-,-,-,17.47,-1.22%,"3,148"
NFLT,-,-,-,-,-,-,-,-,-,-,-,-,-,22.95,0.13%,"83,620"
NFLU,-,-,-,-,-,-,-,-,-,-,-,-,-,16.36,-2.73%,"491,686"
NFLW,-,-,-,-,-,-,-,-,-,-,-,-,-,16.30,-1.09%,"6,970"
NFLX,298.55B,22.91,18.50,0.84,6.31,9.60,24.28,25.10,40.83%,7.59%,32.98%,21.92%,12.61%,70.90,-1.31%,"44,387,783"
NFLY,-,-,-,-,-,-,-,-,-,-,-,-,-,7.82,-1.64%,"93,797"
NFRA,-,-,-,-,-,-,-,-,-,-,-,-,-,64.84,0.73%,"834,528"
NFRX,-,-,-,-,-,-,-,-,-,-,-,-,-,27.07,0.40%,10
NFTY,-,-,-,-,-,-,-,-,-,-,-,-,-,54.04,-0.41%,"8,174"
NFXL,-,-,-,-,-,-,-,-,-,-,-,-,-,15.44,-2.71%,"791,418"
NFXS,-,-,-,-,-,-,-,-,-,-,-,-,-,21.80,1.37%,"27,597"
NG,2.70B,-,-,-,-,6.41,7.27,-,22.57%,-43.64%,-19.91%,20.97%,-,6.15,-0.81%,"4,902,148"
NGEN,156.98M,-,-,-,-,38.96,13.23,-,33.48%,-24.44%,-10.94%,13.93%,-,1.91,-4.02%,"922,521"
NGG,83.01B,19.11,12.68,1.16,3.50,1.60,22.26,-,14.29%,9.49%,9.47%,10.92%,5.85%,83.42,0.71%,"1,235,666"
NGHT,-,-,-,-,-,-,-,-,-,-,-,-,-,22.86,2.37%,"3,505"
NGL,2.00B,-,12.91,-,0.63,-,234.82,13.81,125.71%,51.22%,9.26%,-,-9.60%,16.01,2.04%,"561,536"
NGNE,480.53M,-,-,-,-,2.00,1.98,-,-31.47%,-0.28%,-45.84%,-4.31%,-,30.41,1.13%,"157,635"
NGS,546.39M,25.22,17.23,0.84,3.05,1.95,236.53,-,30.57%,22.76%,63.03%,20.54%,20.42%,43.37,1.00%,"257,027"
NGVC,726.01M,15.22,13.92,2.27,0.54,3.14,35.04,41.94,-2.32%,6.76%,17.65%,6.14%,5.12%,31.51,-3.61%,"125,779"
NGVT,2.58B,-,12.89,1.13,2.13,66.52,14.29,10.48,8.37%,16.73%,-,11.38%,-0.80%,74.17,-0.78%,"353,521"
NHC,3.15B,25.58,-,-,2.07,2.88,10.10,18.69,-,-,23.00%,-,9.68%,201.53,-0.63%,"105,490"
NHI,3.70B,24.67,22.68,4.39,9.16,2.44,148.46,16.38,16.67%,-4.35%,-6.14%,5.17%,3.07%,76.42,1.61%,"1,062,794"
NHIC,299.46M,57.26,-,-,-,1.48,483.01,-,-,-,-,-,-,10.85,-1.05%,"14,654"
NHIV,274.70M,-,-,-,-,-,-,-,-,-,-,-,-,10.00,0.00%,0
NHP,310.47M,-,246.67,-,0.91,1.69,2.91,32.78,107.10%,-66.04%,-4.72%,-,-2.28%,14.80,3.28%,"948,088"
NHS,191.80M,9.26,-,-,8.24,0.82,-,-,-,-,-,-,-,6.11,0.66%,"321,335"
NHTC,14.59M,-,-,-,0.38,0.89,0.69,-,-,-,-,-,-8.52%,1.70,-2.30%,"81,247"
NHYB,-,-,-,-,-,-,-,-,-,-,-,-,-,24.75,0.02%,58
NHYM,-,-,-,-,-,-,-,-,-,-,-,-,-,25.08,0.12%,"8,532"
NI,22.92B,23.79,21.28,2.42,3.36,2.37,236.07,-,8.26%,9.21%,-,8.80%,7.25%,47.81,0.38%,"5,623,337"
NIC,3.43B,18.94,12.12,-,5.63,1.52,-,27.91,21.51%,11.56%,11.39%,-,21.30%,161.35,3.18%,"286,396"
NICE,5.13B,10.28,6.92,0.89,1.69,1.44,16.55,8.68,-9.82%,14.18%,25.27%,7.76%,12.34%,87.60,0.22%,"661,046"
NICM,-,-,-,-,-,-,-,-,-,-,-,-,-,6.09,-1.14%,"6,576"
NICO,-,-,-,-,-,-,-,-,-,-,-,-,-,25.49,0.00%,0
NIE,725.97M,6.34,-,-,-,-,-,-,-,-,-,-,-,26.20,0.08%,"68,210"
NIHI,-,-,-,-,-,-,-,-,-,-,-,-,-,51.20,0.66%,"39,616"
NIKL,-,-,-,-,-,-,-,-,-,-,-,-,-,12.93,-0.98%,"206,340"
NIM,116.50M,24.63,-,-,23.55,0.95,-,-,-,-,-,-,-,9.36,0.75%,"18,214"
NINE,517.12M,1.81,17.30,-,0.96,1.24,23.66,-,498.40%,-86.14%,37.10%,-,12.57%,11.94,1.27%,"31,007"
NIO,11.00B,-,40.61,-,0.77,16.90,1.58,-,93.10%,267.21%,-6.76%,-,38.88%,4.73,-3.47%,"34,098,532"
NIOG,-,-,-,-,-,-,-,-,-,-,-,-,-,11.31,-7.05%,"19,052"
NIPG,27.48M,-,-,-,0.22,0.44,2.66,-,-,-,-92.70%,-,86.06%,0.28,-4.45%,"109,312"
NIQ,2.35B,-,6.62,0.08,0.55,2.57,6.49,20.52,324.14%,23.44%,-,84.17%,-,7.97,-2.80%,"1,233,480"
NISM,-,-,-,-,-,-,-,-,-,-,-,-,-,24.39,0.27%,"3,030"
NITE,-,-,-,-,-,-,-,-,-,-,-,-,-,35.41,-1.75%,10
NIU,140.95M,-,8.82,-,0.22,1.32,0.71,-,369.09%,127.67%,-,-,11.09%,1.99,-3.40%,"404,986"
NIVF,6.03M,-,0.06,0.00,1.27,0.01,7.93,-,55.92%,97.05%,-,69.10%,-,0.60,-5.64%,"280,996"
NIXT,-,-,-,-,-,-,-,-,-,-,-,-,-,31.58,0.29%,646
NIXX,39.32M,-,-,-,0.31,3.60,12.52,-,-,-,64.40%,-,63.02%,1.35,-8.16%,"2,975,704"
NJAN,-,-,-,-,-,-,-,-,-,-,-,-,-,58.42,0.33%,"24,544"
NJNK,-,-,-,-,-,-,-,-,-,-,-,-,-,20.06,0.08%,"5,094"
NJR,5.72B,16.84,16.52,3.82,2.59,2.16,42.67,-,6.84%,-2.37%,14.21%,4.33%,0.81%,56.70,0.25%,"635,821"
NJUL,-,-,-,-,-,-,-,-,-,-,-,-,-,77.24,0.05%,"3,124"
NJUN,-,-,-,-,-,-,-,-,-,-,-,-,-,32.40,0.47%,"49,416"
NKE,60.57B,26.91,22.70,10.36,1.30,4.30,7.52,57.79,-30.31%,19.70%,6.29%,2.19%,4.40%,40.90,-2.20%,"26,221,024"
NKLR,497.25M,0.90,-,-,-,-,4.83,-,-101.78%,-28.85%,-,-,-,4.50,-3.23%,"299,502"
NKSH,230.86M,13.13,10.82,-,2.68,1.23,-,13.89,16.25%,4.04%,0.06%,-,10.42%,36.25,-0.98%,"13,609"
NKTR,2.10B,-,-,-,37.67,2.19,3.69,-,6.87%,-22.20%,23.59%,-5.42%,-18.43%,62.03,-4.33%,"935,048"
NKTX,198.90M,-,-,-,-,0.69,0.86,-,-2.43%,3.50%,23.69%,4.76%,-,2.78,-3.81%,"473,821"
NKX,661.63M,28.79,-,-,14.21,1.07,-,-,-,-,-,-,-,12.38,0.16%,"80,109"
NL,281.45M,-,-,-,1.77,0.78,2.68,67.01,-,-,-,-,6.68%,5.76,-2.70%,"71,588"
NLOP,164.58M,-,-,-,1.65,0.97,2.33,2.98,-,-,-,-,-,11.11,-1.16%,"254,213"
NLR,-,-,-,-,-,-,-,-,-,-,-,-,-,117.39,-1.72%,"346,568"
NLSI,-,-,-,-,-,-,-,-,-,-,-,-,-,50.67,1.20%,117
NLY,16.53B,7.61,7.56,21.00,2.33,1.14,8.64,-,2.82%,-0.60%,-,0.36%,35.16%,22.56,1.12%,"7,258,745"
NMAI,463.01M,5.70,-,-,6.34,0.97,44.82,54.34,-,-,58.75%,-,-1.72%,13.85,1.39%,"125,081"
NMAR,-,-,-,-,-,-,-,-,-,-,-,-,-,31.93,0.30%,"4,021"
NMAX,861.50M,-,102.62,-,4.40,8.05,5.78,-,88.54%,159.09%,-,-,-,6.67,-4.99%,"1,372,169"
NMAY,-,-,-,-,-,-,-,-,-,-,-,-,-,29.19,0.41%,"4,524"
NMB,-,-,-,-,-,-,-,-,-,-,-,-,-,24.85,-0.48%,"1,271"
NMBL,-,-,-,-,-,-,-,-,-,-,-,-,-,20.43,0.20%,553
NMCO,595.44M,537.50,-,-,9.52,0.98,-,-,-,-,-,-,-,10.75,-0.09%,"93,461"
NMFC,651.72M,-,6.55,-,2.30,0.63,12.75,10.01,-14.29%,-3.99%,-25.76%,-7.56%,6.45%,6.90,-0.72%,"1,219,701"
NMG,477.21M,-,-,-,-,4.20,11.50,-,63.90%,29.83%,0.85%,47.53%,-,1.45,1.40%,"732,164"
NMI,132.71M,39.29,-,-,24.55,1.11,-,-,-,-,-,-,-,11.00,0.27%,"13,723"
NMIH,3.00B,8.04,7.35,1.76,4.19,1.15,-,7.02,4.68%,4.48%,18.26%,4.18%,10.27%,39.55,0.25%,"660,668"
NML,560.36M,109.89,-,-,-,-,-,-,-,-,-,-,-,9.89,1.54%,"109,194"
NMM,1.98B,5.87,4.11,0.18,1.42,0.59,4.71,-,72.32%,-0.97%,-,22.35%,42.75%,69.73,-2.05%,"78,240"
NMP,163.94M,67.63,-,-,-,1.39,1024.62,-,-,-,-,-,-,10.28,0.00%,1
NMR,25.50B,11.08,10.25,1.60,0.81,1.09,0.81,-,5.22%,5.45%,10.83%,6.39%,15.72%,8.79,2.09%,"1,681,283"
NMRA,279.78M,-,-,-,-,3.89,1.90,-,36.94%,15.70%,-17.29%,19.47%,-,1.51,3.42%,"923,936"
NMRK,2.67B,18.54,6.96,0.53,0.76,1.90,7.96,38.27,19.32%,11.65%,11.78%,13.20%,12.29%,15.02,0.00%,"1,049,691"
NMS,74.84M,-,-,-,-,-,-,-,-,-,-,-,-,12.01,0.08%,"14,273"
NMT,130.21M,-,-,-,16.98,1.12,-,-,-,-,-,-,-,12.70,0.36%,"20,657"
NMTC,27.85M,-,-,-,3.03,5.43,9.95,-,-137.04%,-13.02%,48.67%,-10.06%,44.41%,3.20,-2.14%,"17,336"
NMZ,1.22B,49.38,-,-,10.96,0.98,-,-,-,-,-,-,-,10.37,-0.77%,"687,944"
NN,2.27B,-,-,-,564.37,-,15.91,-,63.73%,-30.10%,26.88%,-,51.71%,16.67,-1.83%,"2,184,070"
NNBR,141.43M,-,10.94,-,0.33,5.42,16.70,-,316.67%,276.92%,32.73%,-,-0.25%,2.68,1.90%,"349,007"
NNDM,289.11M,-,-,-,2.44,0.60,0.66,-,-,-,-3.80%,-,97.65%,1.39,1.46%,"3,542,617"
NNE,1.08B,-,-,-,-,1.80,1.89,-,14.91%,-56.10%,-,-26.04%,-,20.65,-10.80%,"3,787,348"
NNI,4.80B,11.85,13.63,-,2.12,1.29,5.78,12.95,-28.21%,13.95%,5.11%,-,4.89%,133.58,0.29%,"98,770"
NNN,8.82B,22.61,22.28,14.19,9.43,2.01,1633.67,13.55,-2.38%,3.01%,11.14%,1.57%,6.99%,46.37,-0.30%,"1,427,390"
NNNN,2.32B,98.35,-,-,237.85,19.95,165.71,-,-,-,23.44%,-,16.85%,16.10,5.57%,"199,160"
NNOV,-,-,-,-,-,-,-,-,-,-,-,-,-,31.05,0.21%,"38,970"
NNOX,61.20M,-,-,-,4.70,0.44,1.03,-,44.25%,45.36%,1.18%,52.41%,-,0.88,-43.99%,"18,075,229"
NNVC,29.88M,-,-,-,-,3.07,9.31,-,36.51%,12.50%,23.52%,17.79%,-,1.30,-4.41%,"288,804"
NNY,163.55M,27.06,-,-,21.53,0.97,-,-,-,-,-,-,-,8.66,0.00%,"17,676"
NOA,384.73M,18.05,6.40,0.19,0.42,1.11,4.43,-,89.66%,35.27%,-8.29%,33.25%,19.85%,13.75,2.15%,"129,080"
NOAH,657.33M,9.29,6.44,1.19,1.77,0.45,0.89,-,11.95%,7.69%,-,5.42%,-5.25%,9.94,-1.97%,"59,825"
NOBL,-,-,-,-,-,-,-,-,-,-,-,-,-,55.81,0.79%,"1,175,424"
NOC,70.92B,15.60,16.57,2.24,1.67,4.14,33.93,21.46,6.05%,7.89%,8.86%,7.40%,2.66%,499.33,-0.73%,"774,109"
NOCT,-,-,-,-,-,-,-,-,-,-,-,-,-,61.96,0.22%,"22,998"
NODE,-,-,-,-,-,-,-,-,-,-,-,-,-,43.77,-0.81%,"12,657"
NODK,324.43M,-,-,-,1.19,1.30,-,-,-,-,-,-,-1.43%,15.84,0.51%,"7,610"
NOEM,99.89M,64.24,-,-,-,1.43,3329.53,-,-,-,-,-,-,10.42,0.10%,"4,325"
NOEQ,-,-,-,-,-,-,-,-,-,-,-,-,-,28.24,0.30%,1
NOG,2.15B,-,4.74,-,1.04,1.17,57.98,-,-13.34%,5.09%,-,-1.49%,45.25%,19.74,1.28%,"3,674,821"
NOK,78.19B,87.21,29.94,1.86,3.37,3.20,11.64,47.77,13.69%,18.71%,-,16.07%,-2.06%,13.98,1.23%,"75,684,496"
NOMA,57.36M,-,-,-,50.31,4.73,29.26,-,-,-,-,-,-,3.30,-0.90%,"1,140"
NOMD,1.48B,10.24,5.57,1.93,0.43,0.51,4.54,10.14,-7.41%,8.50%,-4.90%,2.89%,3.60%,10.56,-0.85%,"679,190"
NORW,-,-,-,-,-,-,-,-,-,-,-,-,-,34.30,-0.64%,"47,171"
NOV,6.80B,79.45,14.29,0.24,0.78,1.10,5.07,9.26,113.24%,59.37%,-,58.99%,7.56%,18.94,3.22%,"3,792,129"
NOVM,-,-,-,-,-,-,-,-,-,-,-,-,-,33.65,0.00%,0
NOVP,-,-,-,-,-,-,-,-,-,-,-,-,-,32.17,-0.02%,110
NOVT,5.71B,115.88,38.72,-,5.69,4.36,14.69,84.88,9.12%,15.41%,2.97%,-,10.67%,160.43,5.55%,"623,110"
NOVZ,-,-,-,-,-,-,-,-,-,-,-,-,-,46.41,-0.06%,141
NOW,92.32B,53.25,17.70,0.85,6.61,7.87,17.79,19.93,18.34%,21.79%,70.18%,20.90%,24.05%,89.52,-4.56%,"20,792,848"
NOWL,-,-,-,-,-,-,-,-,-,-,-,-,-,3.59,-9.11%,"19,641,626"
NP,3.80B,120.77,42.58,1.84,23.79,-,62.85,-,29.85%,21.06%,-,23.20%,-,27.44,-5.35%,"674,229"
NPAC,398.46M,43.76,-,-,-,1.33,1245.19,-,-,-,-,-,-,10.38,-0.00%,198
NPB,643.57M,8.38,6.24,-,1.30,1.09,-,26.06,27.80%,10.63%,-,-,-,18.61,0.27%,"441,389"
NPCE,557.77M,-,-,-,5.60,38.38,10.33,-,2.51%,47.50%,8.43%,34.08%,19.44%,16.36,0.86%,"145,946"
NPCT,284.96M,11.01,-,-,-,-,-,-,-,-,-,-,-,9.91,0.41%,"87,344"
NPFD,448.73M,8.64,-,-,9.32,0.92,-,-,-,-,-,-,-,18.57,0.27%,"52,676"
NPFE,-,-,-,-,-,-,-,-,-,-,-,-,-,27.03,0.97%,560
NPFI,-,-,-,-,-,-,-,-,-,-,-,-,-,26.08,0.10%,"10,454"
NPK,886.58M,27.52,-,-,1.71,2.23,126.84,236.42,-,-,-7.05%,-,7.38%,123.72,-1.80%,"89,726"
NPKI,1.31B,37.46,24.93,-,4.56,3.64,200.40,41.05,26.79%,16.90%,-,-,-10.87%,15.52,5.15%,"1,361,572"
NPO,8.03B,187.37,36.69,-,6.85,5.14,101.42,46.27,16.43%,12.52%,-,-,1.26%,380.22,3.60%,"300,901"
NPT,49.91M,-,-,-,0.06,-,19.81,-,-,-,-,-,-,2.25,-4.26%,"16,092"
NPV,223.60M,-,-,-,13.38,0.99,-,-,-,-,-,-,-,11.43,-0.17%,"29,849"
NPWR,397.83M,-,-,-,-,0.76,1.29,-,97.37%,-17.89%,-138.42%,67.03%,-,1.77,3.51%,"818,851"
NRC,462.90M,52.64,-,-,3.34,34.30,181.53,26.56,-,-,-19.02%,-,0.61%,20.54,-0.77%,"72,701"
NRDS,559.95M,9.14,7.43,0.25,0.66,1.67,9.95,4.56,42.23%,25.90%,51.46%,30.05%,27.81%,8.51,-1.28%,"448,811"
NRDY,169.94M,-,-,-,0.94,5.81,3.80,-,42.00%,24.66%,-,-,11.48%,0.89,-0.59%,"957,382"
NREF,288.38M,5.93,8.58,-,2.19,0.74,11.42,17.71,-7.65%,5.52%,10.37%,-,16.03%,15.30,1.39%,"40,365"
NRES,-,-,-,-,-,-,-,-,-,-,-,-,-,30.95,0.82%,72
NRG,31.04B,171.70,12.92,0.74,0.96,7.41,132.08,-,16.04%,21.56%,14.08%,17.48%,27.88%,147.11,3.45%,"3,201,637"
NRGD,-,-,-,-,-,-,-,-,-,-,-,-,-,30.12,-3.36%,"13,529"
NRGU,-,-,-,-,-,-,-,-,-,-,-,-,-,30.62,2.72%,"59,064"
NRGV,759.33M,-,-,-,3.50,24.33,10.99,-,-32.86%,26.82%,-,36.70%,-,4.26,8.40%,"5,792,125"
NRIM,606.17M,9.44,9.91,-,2.32,1.81,-,3.88,8.82%,6.18%,17.58%,-,11.96%,27.25,2.14%,"191,088"
NRIX,2.32B,-,-,-,32.36,4.83,4.30,-,17.94%,4.57%,-2.04%,20.61%,36.35%,22.46,16.37%,"5,325,874"
NRK,925.57M,33.16,-,-,12.18,0.95,-,-,-,-,-,-,-,10.61,0.09%,"198,549"
NRO,185.02M,-,-,-,15.64,0.90,-,-,-,-,-,-,-,2.92,-0.34%,"154,350"
NRP,1.32B,11.73,-,-,6.82,2.13,41.98,-,-,-,-,-,9.42%,99.81,-0.21%,"86,259"
NRSH,-,-,-,-,-,-,-,-,-,-,-,-,-,33.50,1.45%,"1,532"
NRSN,26.83M,-,-,-,-,-,-,-,12.50%,-112.99%,21.42%,-,-,0.76,-0.13%,"230,558"
NRT,65.99M,7.03,-,-,6.38,34.93,16.88,-,-,-,19.29%,-,16.60%,7.18,-1.91%,"13,391"
NRXP,149.32M,-,10.10,-,65.21,-,22.25,-,72.07%,194.21%,38.42%,-,-,3.56,0.00%,"1,233,673"
NRXS,85.57M,-,-,-,19.99,13.77,12.09,-,28.42%,91.18%,-6.18%,-,13.08%,6.91,1.62%,"49,740"
NSA,6.03B,59.38,66.98,-,8.04,6.08,212.54,20.35,-14.13%,12.98%,5.47%,-5.77%,11.74%,44.84,0.90%,"532,504"
NSC,70.09B,26.30,22.95,3.79,5.75,4.43,52.26,43.32,-2.16%,11.28%,10.22%,6.06%,4.47%,312.06,2.71%,"869,724"
NSCI,-,-,-,-,-,-,-,-,-,-,-,-,-,25.22,0.08%,"3,459"
NSEP,-,-,-,-,-,-,-,-,-,-,-,-,-,31.08,0.29%,"2,237"
NSI,-,-,-,-,-,-,-,-,-,-,-,-,-,37.83,-0.09%,671
NSIT,3.44B,19.90,9.26,-,0.42,2.15,7.81,14.65,15.76%,7.60%,32.83%,-,30.33%,113.90,0.53%,"298,774"
NSP,1.47B,-,13.74,0.26,0.21,21.23,2.31,21.88,99.42%,36.12%,-,52.60%,9.70%,38.41,0.79%,"506,839"
NSPR,30.68M,-,-,-,2.83,0.70,0.74,-,2.63%,17.57%,35.83%,-,29.29%,0.65,-6.44%,"173,428"
NSRX,28.42M,-,-,-,-,34.25,20.90,-,-90.41%,5.04%,-,-5.61%,-,3.30,0.00%,"20,590"
NSSC,1.34B,36.37,22.96,-,6.78,7.52,10.70,23.72,25.21%,9.39%,38.85%,-,12.37%,37.42,0.00%,"541,498"
NSTS,72.35M,-,-,-,5.39,0.85,-,13.63,-,-,-,-,11.74%,13.75,-0.05%,691
NSYS,46.58M,47.64,-,-,0.38,1.35,21.08,13.35,-,-,31.03%,-,2.60%,16.67,3.28%,"17,199"
NTAP,30.29B,24.32,15.67,1.76,4.37,22.43,8.45,16.21,9.52%,10.78%,14.47%,8.90%,3.84%,154.59,-0.62%,"2,070,075"
NTB,2.38B,10.32,11.52,0.83,2.98,2.08,-,9.53,12.55%,-16.03%,14.01%,13.93%,8.32%,59.54,1.60%,"139,647"
NTCL,3.10M,-,-,-,0.32,0.55,1.76,-,-,-,-,-,26.93%,0.16,0.00%,"2,328,670"
NTCT,2.90B,31.31,14.29,-,3.37,1.76,4.34,10.16,9.54%,4.54%,37.80%,-,0.67%,40.57,0.69%,"428,636"
NTES,73.30B,15.37,10.90,1.06,4.55,3.05,2.89,10.13,12.00%,10.15%,22.50%,10.33%,7.98%,114.82,-2.40%,"547,115"
NTGR,611.41M,-,37.55,-,0.88,1.32,2.06,-,-54.55%,203.33%,-,-,-11.02%,22.78,-1.85%,"395,091"
NTHI,116.95M,-,-,-,-,-,835.38,-,78.06%,11.59%,-109.20%,40.67%,-,4.51,-4.25%,"67,714"
NTIC,79.35M,-,18.58,-,0.89,1.08,12.27,-,15100.00%,200.00%,-,-,12.07%,8.36,0.60%,"2,438"
NTIP,33.15M,-,-,-,-,0.87,0.96,-,-,-,-8.26%,-,-9.93%,1.45,-1.36%,"52,163"
NTLA,2.24B,-,-,-,33.89,3.11,5.96,-,15.48%,42.56%,-9.70%,43.90%,3.13%,16.03,3.42%,"3,462,014"
NTNX,12.69B,49.18,21.60,1.70,4.61,-,6.29,16.46,7.48%,13.59%,-,12.67%,14.18%,46.94,-1.18%,"2,780,175"
NTR,29.33B,12.41,11.36,4.49,1.05,1.17,37.75,12.53,27.01%,-7.35%,42.06%,2.53%,5.16%,60.96,0.98%,"1,520,295"
NTRA,37.34B,-,-,-,14.93,20.98,34.32,357.31,-6.31%,81.34%,11.70%,-,42.61%,260.74,0.30%,"2,465,978"
NTRB,36.83M,-,-,-,20.46,6.15,9.19,-,-,-,-42.74%,-,16.63%,3.03,-3.50%,"10,484"
NTRL,-,-,-,-,-,-,-,-,-,-,-,-,-,20.68,-1.26%,446
NTRP,27.98M,-,-,-,7.52,5.02,16.46,-,46.15%,-,45.14%,-,35.70%,1.93,-2.53%,"33,375"
NTRS,32.56B,18.42,14.85,1.12,2.23,2.69,-,13.61,21.30%,8.55%,9.85%,13.25%,17.81%,175.97,1.17%,"968,524"
NTSD,-,-,-,-,-,-,-,-,-,-,-,-,-,45.07,0.22%,"1,918"
NTSE,-,-,-,-,-,-,-,-,-,-,-,-,-,48.32,0.78%,"3,213"
NTSI,-,-,-,-,-,-,-,-,-,-,-,-,-,46.63,-0.36%,"13,225"
NTSK,3.99B,-,458.89,-,5.30,22.72,3.62,-,62.70%,112.03%,-,-,-,9.88,4.00%,"4,540,844"
NTST,2.03B,173.43,48.18,0.68,9.79,1.34,183.33,20.00,301.62%,34.12%,59.27%,71.32%,42.16%,20.76,1.86%,"7,942,273"
NTSX,-,-,-,-,-,-,-,-,-,-,-,-,-,58.01,-0.53%,"29,941"
NTWK,52.97M,29.83,-,-,0.74,1.42,3.59,-,-,-,26.00%,-,3.23%,4.46,-4.50%,"47,371"
NTWO,256.60M,40.56,-,-,-,1.44,513.20,-,-,-,-,-,-,10.63,0.00%,101
NTZ,21.14M,-,-,-,0.06,0.78,0.89,-,-,-,-3.65%,-,-1.46%,1.92,1.05%,170
NU,60.56B,19.21,11.10,0.32,3.76,4.81,-,7.35,44.66%,32.68%,-,35.14%,86.16%,12.46,0.00%,"38,156,814"
NUAG,-,-,-,-,-,-,-,-,-,-,-,-,-,21.07,0.05%,"3,912"
NUAI,595.59M,-,-,-,437.93,35.67,164.53,-,50.96%,-109.80%,-535.98%,11.54%,-,5.88,0.51%,"5,776,456"
NUBD,-,-,-,-,-,-,-,-,-,-,-,-,-,22.19,0.04%,"49,621"
NUCL,296.09M,-,-,-,-,20.52,9.46,-,-,-,-,-,-,10.01,0.70%,"202,757"
NUDM,-,-,-,-,-,-,-,-,-,-,-,-,-,39.63,1.08%,"15,162"
NUDV,-,-,-,-,-,-,-,-,-,-,-,-,-,32.90,0.38%,"12,419"
NUE,56.68B,24.66,14.62,0.49,1.66,2.64,22.85,106.55,104.59%,7.91%,26.03%,30.08%,10.04%,248.89,3.48%,"1,451,112"
NUEM,-,-,-,-,-,-,-,-,-,-,-,-,-,42.01,0.52%,"15,763"
NUG,-,-,-,-,-,-,-,-,-,-,-,-,-,7.76,-0.35%,"13,145"
NUGO,-,-,-,-,-,-,-,-,-,-,-,-,-,41.25,-1.35%,"449,513"
NUGT,-,-,-,-,-,-,-,-,-,-,-,-,-,118.15,3.02%,"736,190"
NUGY,-,-,-,-,-,-,-,-,-,-,-,-,-,13.84,0.25%,"5,486"
NUHY,-,-,-,-,-,-,-,-,-,-,-,-,-,21.44,0.14%,"15,131"
NUIF,-,-,-,-,-,-,-,-,-,-,-,-,-,26.08,1.16%,19
NUKX,-,-,-,-,-,-,-,-,-,-,-,-,-,39.04,-1.11%,"5,480"
NUKZ,-,-,-,-,-,-,-,-,-,-,-,-,-,68.48,-0.91%,"232,430"
NULC,-,-,-,-,-,-,-,-,-,-,-,-,-,53.32,0.19%,479
NULG,-,-,-,-,-,-,-,-,-,-,-,-,-,113.78,0.72%,"32,414"
NULV,-,-,-,-,-,-,-,-,-,-,-,-,-,49.88,-0.04%,"58,586"
NUMG,-,-,-,-,-,-,-,-,-,-,-,-,-,45.29,0.15%,"21,216"
NUMI,-,-,-,-,-,-,-,-,-,-,-,-,-,25.19,0.06%,"1,299"
NUMV,-,-,-,-,-,-,-,-,-,-,-,-,-,43.24,0.76%,"20,202"
NURE,-,-,-,-,-,-,-,-,-,-,-,-,-,32.38,0.96%,"2,385"
NUS,239.84M,4.52,3.74,-,0.17,0.30,1.20,5.77,-21.26%,32.00%,-2.56%,-,-10.47%,4.94,-3.33%,"570,184"
NUSA,-,-,-,-,-,-,-,-,-,-,-,-,-,23.17,0.09%,"4,688"
NUSB,-,-,-,-,-,-,-,-,-,-,-,-,-,25.25,0.02%,301
NUSC,-,-,-,-,-,-,-,-,-,-,-,-,-,51.44,0.90%,"47,763"
NUTX,1.03B,11.51,6.55,-,1.17,2.99,4.87,3.81,102.48%,7.22%,-,-,253.48%,149.10,1.06%,"77,005"
NUV,1.89B,31.48,-,-,20.95,0.99,-,-,-,-,-,-,-,9.13,-0.33%,"508,109"
NUVB,2.03B,-,-,-,14.18,6.30,3.80,-,40.80%,26.06%,-7.00%,36.39%,-,5.81,-10.06%,"24,825,282"
NUVL,9.76B,-,-,-,-,8.30,7.58,-,3.46%,22.91%,-80.97%,39.50%,-,123.53,-0.04%,"1,179,262"
NUW,256.70M,28.60,-,-,-,-,-,-,-,-,-,-,-,14.30,0.21%,"36,629"
NUWE,1.20M,-,-,-,0.14,0.09,0.58,-,-,-,88.99%,-,2.14%,0.09,6.29%,"3,526,070"
NVA,2.43B,-,-,-,-,24.50,61.53,-,-,-,3.15%,-,-,5.30,-9.09%,"484,971"
NVAX,1.41B,-,-,-,2.36,-,1.78,-,-118.29%,42.77%,-,-,18.76%,8.56,-3.82%,"4,352,612"
NVBT,-,-,-,-,-,-,-,-,-,-,-,-,-,39.08,-0.05%,25
NVBU,-,-,-,-,-,-,-,-,-,-,-,-,-,30.41,0.03%,"3,928"
NVBW,-,-,-,-,-,-,-,-,-,-,-,-,-,35.34,0.02%,"27,318"
NVCR,1.74B,-,-,-,2.58,5.27,3.95,-,-30.64%,25.20%,-,15.60%,5.80%,15.05,2.24%,"1,253,488"
NVCT,739.27M,-,-,-,-,51.99,29.42,-,21.52%,-2.70%,-340.28%,-1.86%,-,27.87,13.85%,"732,165"
NVD,-,-,-,-,-,-,-,-,-,-,-,-,-,5.44,3.23%,"81,808,040"
NVDA,4736.91B,29.98,15.65,0.34,18.69,24.25,58.79,39.78,87.39%,39.90%,95.27%,45.51%,66.90%,195.74,-1.64%,"148,409,808"
NVDB,-,-,-,-,-,-,-,-,-,-,-,-,-,26.87,-3.61%,"27,625"
NVDD,-,-,-,-,-,-,-,-,-,-,-,-,-,34.78,1.55%,"114,652"
NVDG,-,-,-,-,-,-,-,-,-,-,-,-,-,16.36,-2.92%,"185,670"
NVDL,-,-,-,-,-,-,-,-,-,-,-,-,-,86.15,-3.04%,"6,515,544"
NVDO,-,-,-,-,-,-,-,-,-,-,-,-,-,21.90,0.00%,0
NVDQ,-,-,-,-,-,-,-,-,-,-,-,-,-,12.45,3.06%,"4,867,278"
NVDS,-,-,-,-,-,-,-,-,-,-,-,-,-,23.61,2.35%,"208,452"
NVDU,-,-,-,-,-,-,-,-,-,-,-,-,-,114.41,-3.21%,"414,060"
NVDW,-,-,-,-,-,-,-,-,-,-,-,-,-,34.97,-1.74%,"56,975"
NVDX,-,-,-,-,-,-,-,-,-,-,-,-,-,16.37,-3.08%,"6,562,825"
NVDY,-,-,-,-,-,-,-,-,-,-,-,-,-,12.23,-2.16%,"3,658,830"
NVEC,456.24M,30.03,-,-,17.33,7.83,23.00,31.53,-,-,5.37%,-,4.27%,94.32,3.46%,"118,479"
NVG,2.70B,46.89,-,-,12.02,0.98,-,-,-,-,-,-,-,12.66,-0.31%,"544,259"
NVGS,1.27B,12.65,11.53,0.80,2.21,1.06,6.37,8.28,75.67%,-13.49%,-,14.36%,12.04%,20.59,-4.41%,"472,115"
NVII,-,-,-,-,-,-,-,-,-,-,-,-,-,23.47,-2.02%,"142,186"
NVIR,-,-,-,-,-,-,-,-,-,-,-,-,-,38.16,1.81%,489
NVIT,-,-,-,-,-,-,-,-,-,-,-,-,-,47.33,-1.19%,"3,319"
NVMI,16.98B,67.00,41.67,2.21,18.81,12.24,15.46,81.85,21.47%,22.44%,36.08%,18.84%,26.73%,534.24,2.36%,"453,270"
NVNI,9.63M,-,-,-,0.27,-,3.93,53.51,-,-,-79.63%,-,-,0.96,-1.01%,"35,371"
NVNO,7.38M,-,-,-,-,0.31,0.30,-,-,-,34.00%,-,-,11.05,-2.81%,"1,162"
NVO,159.97B,11.18,14.28,-,3.14,6.76,47.97,24.94,-8.83%,0.58%,20.36%,-0.45%,19.21%,47.64,0.49%,"10,532,148"
NVOH,-,-,-,-,-,-,-,-,-,-,-,-,-,25.97,0.00%,"1,455"
NVOX,-,-,-,-,-,-,-,-,-,-,-,-,-,15.78,0.00%,"472,342"
NVPS,-,-,-,-,-,-,-,-,-,-,-,-,-,26.82,4.79%,"38,751"
NVR,18.39B,16.61,16.24,2.90,1.91,5.12,10.63,14.94,-18.19%,17.47%,13.67%,5.60%,6.51%,6814.44,0.73%,"22,104"
NVRI,578.30M,-,-,-,-,2.48,4.76,-,-,-,-,-,-,20.58,-5.64%,"456,072"
NVS,283.95B,22.11,15.95,2.55,5.20,7.69,40.70,16.10,-2.99%,11.61%,15.38%,6.25%,2.41%,155.12,1.31%,"4,406,998"
NVST,4.34B,65.99,16.95,1.31,1.54,1.41,4.00,19.69,20.35%,9.75%,6.49%,12.96%,7.11%,26.64,2.30%,"1,956,095"
NVT,27.80B,57.81,30.05,1.10,6.43,7.32,146.32,72.80,36.89%,24.73%,-,27.31%,14.27%,171.91,2.60%,"1,854,164"
NVTS,4.14B,-,-,-,102.14,9.78,18.52,-,15.62%,17.78%,1.13%,30.66%,31.12%,17.70,-3.38%,"21,539,118"
NVTX,-,-,-,-,-,-,-,-,-,-,-,-,-,47.54,-7.33%,"226,377"
NVVE,2.97M,-,-,-,0.62,-,0.51,-,-,-,61.43%,-,2.63%,0.31,-0.63%,"84,472"
NVX,95.95M,-,-,-,17.07,0.59,1.14,-,-,-,-29.91%,-,7.60%,0.45,-1.11%,"220,498"
NVYY,-,-,-,-,-,-,-,-,-,-,-,-,-,12.75,-0.92%,"69,908"
NWAX,504.43M,199.00,-,-,-,1.45,586.55,-,-,-,-,-,-,10.13,0.79%,"73,138"
NWBI,2.21B,16.02,10.46,-,2.44,1.16,-,19.23,9.33%,4.72%,8.22%,-,9.42%,15.09,0.67%,"929,398"
NWE,4.39B,26.26,18.00,3.10,2.68,1.51,159.15,-,4.25%,6.35%,-0.79%,5.80%,6.09%,71.44,-0.43%,"327,859"
NWFL,339.57M,11.48,8.46,-,2.35,1.20,-,12.91,10.13%,7.59%,7.58%,-,15.49%,31.18,0.52%,"86,410"
NWG,69.05B,9.28,7.87,0.85,1.70,1.34,-,-,5.98%,12.38%,-,9.30%,17.39%,17.35,2.12%,"6,830,132"
NWGL,1.21M,-,-,-,0.08,1.07,0.99,-,-,-,-33.01%,-,-17.20%,0.24,-8.77%,"1,638,257"
NWL,2.50B,-,8.83,0.87,0.35,1.07,10.30,131.72,1.05%,15.84%,17.80%,10.12%,-5.15%,5.89,6.90%,"18,189,971"
NWN,2.13B,17.22,15.63,2.97,1.65,1.35,52.64,-,4.30%,5.70%,3.63%,5.27%,10.72%,50.50,-0.06%,"259,619"
NWPX,1.41B,34.36,29.07,1.86,2.58,3.50,99.09,19.70,39.70%,1.41%,13.05%,15.64%,12.94%,146.63,2.16%,"219,041"
NWS,14.32B,37.86,22.31,1.20,1.63,1.82,6.60,25.57,19.00%,19.93%,-,18.54%,-1.27%,28.34,-0.67%,"1,380,616"
NWSA,14.30B,33.44,19.70,1.06,1.63,1.60,6.59,25.54,19.00%,19.93%,-,18.54%,-1.27%,25.03,-0.79%,"4,379,537"
NWTG,4.68M,-,-,-,0.59,-,7.94,-,34.05%,69.77%,30.24%,-,113.82%,1.02,-0.97%,"16,722"
NX,818.44M,-,8.48,-,0.44,1.13,12.40,9.18,-28.26%,27.42%,-,-,16.63%,17.82,0.28%,"453,969"
NXB,52.12M,-,-,-,0.43,4.96,9.78,-,171.43%,-,-,-,-,2.14,2.88%,"13,910"
NXDR,808.54M,-,-,-,3.05,1.99,2.17,120.14,50.00%,23.81%,23.15%,52.50%,15.88%,2.12,-2.30%,"2,331,582"
NXDT,241.03M,-,-,-,2.96,0.36,4.90,1004.29,-,-,-1.26%,-,-,4.66,0.87%,"100,981"
NXE,6.39B,-,-,-,-,5.25,8.75,-,42.58%,27.56%,-11.26%,18.89%,-,9.65,-4.17%,"5,685,316"
NXG,344.13M,10.42,-,-,-,-,-,-,-,-,-,-,-,59.41,1.24%,"53,471"
NXGL,6.08M,-,1.29,-,0.54,1.09,2.87,-,68.42%,433.33%,-77.47%,-,76.12%,0.51,-4.70%,"594,932"
NXL,7.02M,-,-,-,25.08,2.43,2.59,-,24.00%,18.42%,-1.42%,-,4.43%,0.34,1.91%,"443,395"
NXP,896.43M,24.98,-,-,24.14,1.00,-,-,-,-,-,-,-,14.24,-0.07%,"134,833"
NXPG,-,-,-,-,-,-,-,-,-,-,-,-,-,13.21,2.23%,"3,148"
NXPI,75.40B,28.58,16.86,0.81,5.98,6.90,20.33,27.05,24.98%,20.03%,112.19%,20.72%,7.33%,298.64,1.56%,"3,382,175"
NXPL,17.41M,-,11.28,-,0.35,1.05,1.58,-,87.53%,203.64%,46.76%,-,57.03%,6.43,-0.77%,"16,182"
NXPX,-,-,-,-,-,-,-,-,-,-,-,-,-,19.75,2.36%,"2,403"
NXRT,698.98M,-,-,-,2.78,2.56,13.24,8.89,-25.81%,-24.56%,-,-,4.18%,27.31,-1.51%,"146,276"
NXST,4.72B,33.40,7.38,0.05,0.92,2.18,10.84,6.67,1021.72%,-37.74%,-29.63%,140.76%,1.91%,154.70,-7.90%,"541,975"
NXT,17.01B,29.52,20.05,1.37,4.78,7.24,15.53,33.24,2.42%,22.48%,7.19%,14.59%,24.38%,113.18,-2.99%,"2,620,332"
NXTC,5.96M,-,-,-,-,0.22,0.20,-,62.73%,-13.47%,-4.25%,34.63%,-,1.65,-6.78%,"88,961"
NXTE,-,-,-,-,-,-,-,-,-,-,-,-,-,52.66,2.76%,431
NXTG,-,-,-,-,-,-,-,-,-,-,-,-,-,153.71,-0.16%,"16,745"
NXTI,-,-,-,-,-,-,-,-,-,-,-,-,-,34.12,-0.07%,19
NXTS,7.56M,-,-,-,35.99,0.29,1.21,-,-,-,57.47%,-,-,5.20,-12.31%,"274,910"
NXTT,90.75M,0.26,-,-,7.51,0.18,0.57,-,-,-,-28.27%,-,13.12%,1.19,-1.65%,"64,137"
NXUS,-,-,-,-,-,-,-,-,-,-,-,-,-,25.08,-0.00%,413
NXXT,62.33M,-,-,-,0.72,-,296.80,-,63.38%,7.69%,33.87%,31.32%,86.92%,0.40,-3.85%,"4,737,569"
NYAX,2.49B,86.70,50.39,1.50,5.84,10.78,6.16,42.86,-15.63%,69.63%,-,33.59%,38.43%,68.00,1.92%,"9,914"
NYC,24.43M,-,-,-,0.64,0.39,2.99,-,-,-,20.12%,-,-6.30%,8.37,3.85%,"220,374"
NYF,-,-,-,-,-,-,-,-,-,-,-,-,-,53.83,0.07%,"96,905"
NYM,-,-,-,-,-,-,-,-,-,-,-,-,-,25.11,0.00%,"40,470"
NYNY,-,-,-,-,-,-,-,-,-,-,-,-,-,25.92,-0.71%,1
NYSX,-,-,-,-,-,-,-,-,-,-,-,-,-,123.23,0.29%,"1,181"
NYT,11.10B,29.45,21.44,1.65,3.83,5.55,18.67,20.47,16.49%,11.58%,28.48%,13.02%,9.63%,68.57,-3.72%,"1,778,115"
NYXH,162.89M,-,-,-,9.13,1.72,5.45,-,49.79%,27.94%,-28.17%,47.01%,170.10%,1.63,0.62%,"92,123"
NYYY,-,-,-,-,-,-,-,-,-,-,-,-,-,40.80,-1.48%,226
NZAC,-,-,-,-,-,-,-,-,-,-,-,-,-,44.98,-0.09%,"7,680"
NZF,2.44B,41.97,-,-,11.65,0.98,-,-,-,-,-,-,-,12.59,-0.71%,"671,673"
O,57.85B,50.97,34.45,2.08,9.60,1.48,154.87,14.66,36.14%,13.07%,0.30%,16.54%,27.82%,62.04,0.08%,"4,823,280"
OABI,363.88M,-,-,-,12.57,1.38,7.42,-,28.32%,34.73%,-14.88%,38.90%,-14.39%,2.51,10.09%,"662,794"
OACC,263.03M,37.45,-,-,-,1.34,205.49,-,-,-,-,-,-,10.70,0.38%,924
OACP,-,-,-,-,-,-,-,-,-,-,-,-,-,22.83,0.11%,"29,340"
OAEM,-,-,-,-,-,-,-,-,-,-,-,-,-,49.60,2.00%,"10,769"
OAIM,-,-,-,-,-,-,-,-,-,-,-,-,-,47.71,1.68%,"19,381"
OAKG,-,-,-,-,-,-,-,-,-,-,-,-,-,25.00,1.36%,"10,714"
OAKI,-,-,-,-,-,-,-,-,-,-,-,-,-,25.69,1.40%,"20,245"
OAKM,-,-,-,-,-,-,-,-,-,-,-,-,-,28.11,0.39%,"74,525"
OALC,-,-,-,-,-,-,-,-,-,-,-,-,-,40.41,0.67%,"19,168"
OARK,-,-,-,-,-,-,-,-,-,-,-,-,-,30.13,-0.81%,"12,367"
OASC,-,-,-,-,-,-,-,-,-,-,-,-,-,35.41,1.70%,"9,712"
OBA,323.17M,64.54,-,-,-,1.81,557.18,-,-,-,-,-,-,10.21,-0.11%,2
OBAI,13.96M,-,-,-,-,-,3.71,-,-,-,-,-,-,0.57,-23.80%,"2,927,956"
OBDC,5.30B,15.14,8.17,-,3.16,0.74,11.64,12.86,-18.35%,1.16%,4.44%,-7.33%,17.43%,10.68,-0.37%,"3,530,423"
OBE,543.86M,-,5.96,0.23,1.53,0.55,508.28,-,247.86%,8.84%,-,25.96%,13.73%,8.08,0.75%,"793,902"
OBIL,-,-,-,-,-,-,-,-,-,-,-,-,-,50.12,0.04%,"228,476"
OBIO,233.54M,-,-,-,7.14,5.55,2.47,-,-40.88%,7.12%,-164.92%,7.92%,-,3.90,-2.01%,"220,387"
OBK,1.58B,19.87,12.01,-,2.68,1.25,-,9.64,65.00%,7.68%,9.19%,-,16.81%,51.21,-0.39%,"151,887"
OBND,-,-,-,-,-,-,-,-,-,-,-,-,-,25.82,0.17%,"2,879"
OBOR,-,-,-,-,-,-,-,-,-,-,-,-,-,26.08,0.57%,12
OBT,494.62M,10.85,9.62,-,3.08,1.70,-,10.60,20.05%,12.86%,20.76%,-,19.50%,36.89,0.41%,"51,242"
OBTC,-,-,-,-,-,-,-,-,-,-,-,-,-,19.02,-1.11%,"35,939"
OC,10.97B,-,11.56,2.05,1.12,3.01,39.19,13.27,-21.34%,24.35%,-11.88%,5.63%,7.45%,136.26,1.56%,"1,510,672"
OCAC-U,103.56M,-,-,-,-,-,-,-,-,-,-,-,-,10.21,-0.10%,"2,377"
OCC,161.72M,159.72,-,-,2.06,9.85,1078.11,-,-,-,26.31%,-,5.73%,18.32,-2.66%,"453,337"
OCCI,75.34M,-,2.38,-,1.71,0.69,-,-,-26.32%,10.20%,-,-,-,2.57,0.78%,"180,262"
OCDB,-,-,-,-,-,-,-,-,-,-,-,-,-,25.52,0.00%,0
OCFC,1.82B,16.08,8.02,0.33,2.62,0.65,-,18.31,32.44%,24.22%,2.78%,24.36%,9.44%,18.87,0.75%,"809,071"
OCG,3.41M,-,-,-,1.81,0.00,0.10,-,-,-,-,-,-35.89%,1.76,-2.76%,"52,916"
OCGN,463.78M,-,-,-,103.99,79.84,14.56,-,1.86%,-7.22%,5.89%,-,152.94%,1.37,-1.44%,"5,745,155"
OCIO,-,-,-,-,-,-,-,-,-,-,-,-,-,37.49,0.57%,"1,085"
OCS,671.17M,-,-,-,-,2.90,2.43,-,3.72%,2.87%,-,6.97%,-,11.74,1.56%,"527,551"
OCSL,1.01B,20.24,8.08,-,3.60,0.73,19.61,80.28,-14.80%,-6.34%,-13.94%,-8.13%,18.33%,11.41,0.44%,"425,926"
OCTB,-,-,-,-,-,-,-,-,-,-,-,-,-,26.93,0.03%,"1,678"
OCTH,-,-,-,-,-,-,-,-,-,-,-,-,-,24.31,-0.10%,"8,716"
OCTJ,-,-,-,-,-,-,-,-,-,-,-,-,-,24.24,0.04%,"8,573"
OCTM,-,-,-,-,-,-,-,-,-,-,-,-,-,33.51,0.06%,105
OCTP,-,-,-,-,-,-,-,-,-,-,-,-,-,32.00,0.01%,"2,027"
OCTT,-,-,-,-,-,-,-,-,-,-,-,-,-,46.08,0.02%,777
OCTU,-,-,-,-,-,-,-,-,-,-,-,-,-,29.94,0.03%,"4,780"
OCTV,4.39B,-,12.36,23.33,-,0.57,25.04,-,-8.97%,4.26%,-,0.53%,-,16.37,2.18%,"851,535"
OCTW,-,-,-,-,-,-,-,-,-,-,-,-,-,40.67,0.05%,"1,673"
OCTZ,-,-,-,-,-,-,-,-,-,-,-,-,-,44.98,-0.09%,"1,416"
OCUL,2.14B,-,-,-,41.07,3.67,3.21,-,-12.52%,9.93%,11.13%,7.37%,24.45%,9.76,-0.91%,"2,238,700"
ODC,1.35B,26.00,-,-,2.76,4.74,21.48,27.37,-,-,23.20%,-,11.38%,100.69,1.75%,"129,896"
ODD,606.07M,16.62,12.87,-,0.82,2.49,2.05,-,-94.27%,706.14%,54.03%,-19.85%,48.90%,13.14,2.10%,"1,077,079"
ODDS,-,-,-,-,-,-,-,-,-,-,-,-,-,23.20,-1.31%,164
ODDZ,-,-,-,-,-,-,-,-,-,-,-,-,-,25.73,-1.07%,40
ODFL,45.78B,46.03,34.38,2.28,8.39,10.41,158.91,44.98,13.40%,16.64%,11.25%,15.10%,6.48%,220.12,0.49%,"1,252,751"
ODHY,-,-,-,-,-,-,-,-,-,-,-,-,-,9.99,0.00%,2
ODTE,-,-,-,-,-,-,-,-,-,-,-,-,-,26.80,0.27%,"10,921"
ODTX,854.96M,-,-,-,-,-,4.86,-,12.07%,7.61%,-,5.86%,-,17.80,-3.63%,"237,561"
ODV,731.04M,-,-,-,26.95,1.04,1.72,-,-,-,-33.73%,-,-,2.40,1.69%,"3,008,821"
ODYS,67.90M,-,-,-,65.92,3.20,3.12,-,-,-,4.13%,-,43.76%,4.04,-1.94%,"52,993"
OEC,404.87M,-,19.11,1.95,0.23,1.07,7.79,14.79,-70.56%,155.20%,-,9.78%,9.72%,7.18,4.97%,"506,635"
OEF,-,-,-,-,-,-,-,-,-,-,-,-,-,357.55,-0.48%,"362,203"
OEFA,-,-,-,-,-,-,-,-,-,-,-,-,-,34.10,0.67%,718
OEI,-,-,-,-,-,-,-,-,-,-,-,-,-,25.29,-0.25%,"9,409"
OESX,39.67M,-,8.97,-,0.46,2.39,12.13,-,147.57%,157.48%,-,-,-5.88%,9.78,2.19%,"21,426"
OFAL,-,-,-,-,-,-,-,-,-,-,-,-,-,0.17,-16.67%,"2,141,649"
OFG,2.08B,10.19,10.49,2.63,2.28,1.52,-,11.00,2.95%,-0.32%,28.35%,3.99%,8.68%,49.31,1.65%,"548,042"
OFIX,376.33M,-,-,-,0.46,0.86,3.11,-,47.85%,16.87%,-,37.28%,15.13%,9.31,-0.53%,"247,363"
OFLX,317.77M,23.83,-,-,3.24,3.83,6.39,22.30,-,-,-5.73%,-,-1.46%,31.48,2.34%,"26,700"
OFRM,841.40M,-,41.87,-,3.20,5.33,8.42,-,90.94%,310.96%,-,-,-,20.08,-1.86%,"418,216"
OFS,44.41M,-,6.38,-,2.41,0.41,13.62,3.07,-34.78%,-13.33%,-,-,-4.25%,3.32,-1.04%,"27,013"
OGC,5.56B,7.56,-,-,2.47,2.33,8.97,7.69,-,-,-,-,28.13%,24.85,2.10%,"224,386"
OGE,10.10B,21.70,18.77,2.82,3.09,2.05,50510.11,44.90,4.77%,7.29%,-,6.65%,8.96%,48.95,0.72%,"1,584,164"
OGEN,2.59M,-,-,-,-,0.41,0.42,-,-,-,64.78%,-,-,0.57,-2.39%,"28,480"
OGI,131.00M,-,34.65,-,0.66,0.49,3.34,-,165.63%,-68.82%,43.19%,-,23.51%,0.96,1.60%,"418,057"
OGIG,-,-,-,-,-,-,-,-,-,-,-,-,-,41.94,-2.42%,"7,301"
OGN,3.54B,14.35,3.74,3.17,0.57,3.92,3.17,5.18,-7.42%,6.29%,-39.04%,1.18%,-1.00%,13.47,-0.07%,"1,266,800"
OGS,4.94B,17.78,15.63,2.32,2.12,1.40,214.66,-,8.25%,3.74%,3.48%,6.75%,9.67%,78.63,0.72%,"464,704"
OGSP,-,-,-,-,-,-,-,-,-,-,-,-,-,10.04,0.10%,5
OHAC,248.09M,-,-,-,-,-,-,-,-,-,-,-,-,9.90,0.10%,"71,450"
OHI,14.18B,23.08,23.65,9.85,11.39,2.73,265.97,16.53,2.42%,1.34%,23.40%,2.40%,6.42%,47.62,0.51%,"2,078,649"
OI,1.44B,-,4.96,0.34,0.23,1.13,4.55,72.05,-25.42%,58.93%,-,14.62%,1.08%,9.40,-1.78%,"2,799,826"
OIA,295.26M,32.42,-,-,12.95,0.98,-,-,-,-,-,-,-,6.16,-0.48%,"83,883"
OIH,-,-,-,-,-,-,-,-,-,-,-,-,-,380.53,2.49%,"255,496"
OII,3.93B,11.70,17.83,1.78,1.40,3.55,6.46,15.55,-5.56%,21.13%,-,10.03%,8.78%,39.37,8.49%,"1,408,201"
OILD,-,-,-,-,-,-,-,-,-,-,-,-,-,49.94,-2.73%,"49,289"
OILK,-,-,-,-,-,-,-,-,-,-,-,-,-,48.38,2.39%,"58,914"
OILT,-,-,-,-,-,-,-,-,-,-,-,-,-,27.73,0.03%,"3,008"
OILU,-,-,-,-,-,-,-,-,-,-,-,-,-,34.12,2.71%,"98,337"
OIM,361.17M,-,-,-,-,1.32,469.05,-,-,-,-,-,-,10.05,0.00%,0
OIO,709.96M,-,-,-,121.78,2.11,1339.55,-,-,-,-194.91%,-,-,2.04,-15.70%,"50,842"
OIS,478.53M,-,12.11,-,0.73,0.84,8.11,7.07,17.57%,50.96%,24.96%,-,0.95%,7.95,3.65%,"748,221"
OKE,56.40B,15.99,14.42,1.80,1.60,2.52,327.91,25.16,5.44%,8.66%,30.79%,8.00%,31.75%,89.52,2.53%,"2,931,801"
OKLL,-,-,-,-,-,-,-,-,-,-,-,-,-,4.70,-11.32%,"11,816,228"
OKLO,8.88B,-,-,-,-,3.36,4.02,-,-0.54%,-14.98%,-157.20%,-7.54%,-,51.01,-5.64%,"9,633,259"
OKLS,-,-,-,-,-,-,-,-,-,-,-,-,-,26.05,11.06%,"234,246"
OKTA,20.73B,86.62,28.01,2.49,6.92,3.03,8.00,22.75,9.88%,10.72%,-,11.26%,28.43%,119.26,0.57%,"3,325,789"
OKTG,-,-,-,-,-,-,-,-,-,-,-,-,-,22.12,1.45%,"93,837"
OKUR,170.47M,-,-,-,-,0.92,0.89,-,43.11%,14.91%,11.29%,21.79%,-,4.22,-2.76%,"330,579"
OKYO,79.11M,-,-,-,-,-,18.75,-,-,-,-114.91%,-,-,1.54,-0.65%,"87,186"
OLB,5.63M,-,-,-,0.70,0.59,2.42,-,79.89%,-,10.98%,-,-2.34%,0.38,-2.44%,"96,008"
OLED,4.09B,19.52,17.73,2.93,6.53,2.40,7.93,17.26,-16.29%,16.08%,12.62%,6.06%,8.69%,87.54,-0.02%,"707,006"
OLLI,4.32B,17.64,13.95,0.99,1.58,2.29,17.30,20.29,16.47%,13.87%,1.12%,14.15%,7.93%,71.41,-3.62%,"2,274,497"
OLMA,998.38M,-,-,-,-,2.08,1.98,-,-18.74%,-10.28%,-25.06%,0.31%,-,11.43,2.60%,"2,565,160"
OLN,2.44B,-,25.08,-,0.36,1.40,12.68,8.05,190.09%,1105.13%,32.25%,-,3.32%,21.39,1.91%,"4,410,339"
OLOX,5.23M,-,-,-,1.55,0.02,1.73,-,-,-,52.95%,-,10.77%,5.14,-1.25%,"10,100"
OLP,519.08M,19.06,113.29,-,5.12,1.69,25.40,15.26,-8.70%,-80.00%,-2.85%,-,3.51%,23.79,-3.02%,"77,535"
OLPX,1.38B,-,19.70,1.36,3.24,1.57,4.22,20.07,7.81%,20.68%,-,14.47%,8.43%,2.05,0.49%,"6,916,751"
OM,84.99M,-,-,-,0.72,0.76,0.54,-,32.71%,24.65%,28.06%,25.68%,19.06%,4.59,-0.86%,"263,605"
OMAB,4.71B,18.91,12.72,0.77,5.38,7.81,23.20,14.12,19.50%,15.41%,40.74%,16.43%,27.21%,112.01,4.05%,"145,018"
OMAH,-,-,-,-,-,-,-,-,-,-,-,-,-,18.52,-0.38%,"896,053"
OMC,20.93B,183.71,6.09,0.37,1.06,2.44,4.88,7.00,21.41%,14.75%,-,16.42%,5.57%,73.43,-0.31%,"2,762,103"
OMCL,1.80B,89.60,18.01,1.45,1.47,1.43,6.18,16.08,19.60%,13.29%,-43.00%,12.39%,5.84%,39.53,0.10%,"766,606"
OMDA,1.12B,-,43.81,-,3.97,4.78,5.31,52.38,179.76%,54.55%,-,-,-,18.90,1.61%,"908,382"
OMER,775.86M,12.52,-,-,78.45,-,5.73,-,200.00%,-493.33%,53.45%,-,-,10.72,1.32%,"1,139,353"
OMEX,50.37M,-,-,-,209.88,-,23.99,-,-,-,4.83%,-,-29.55%,0.86,1.88%,"438,185"
OMF,6.92B,8.92,6.91,0.45,1.09,2.05,4.43,2.16,9.13%,19.29%,3.94%,15.39%,4.82%,59.89,2.24%,"1,538,389"
OMFL,-,-,-,-,-,-,-,-,-,-,-,-,-,67.51,0.19%,"120,897"
OMFS,-,-,-,-,-,-,-,-,-,-,-,-,-,52.84,0.51%,"6,136"
OMH,14.25M,-,-,-,1.96,5.09,5.14,-,-,-,12.08%,-,24.66%,0.64,0.11%,"15,890"
OMSE,172.34M,-,-,-,-,1.01,1.35,-,38.46%,-,-,-,-,4.06,2.78%,"64,816"
ON,46.53B,84.64,27.59,0.79,7.68,6.37,19.35,39.40,31.87%,38.88%,-12.08%,34.88%,2.67%,118.74,2.59%,"8,279,903"
ONB,10.00B,13.41,8.91,0.65,2.49,1.21,-,13.62,17.79%,11.63%,5.58%,13.67%,32.85%,25.88,0.90%,"4,055,442"
ONC,28.17B,61.44,28.65,0.41,4.89,6.43,5.83,25.20,155.94%,42.77%,-,70.60%,76.88%,275.34,-0.64%,"230,791"
ONCH,220.91M,51.43,-,-,-,1.30,1162.68,-,-,-,-,-,-,10.24,0.00%,"1,910"
ONCO,3.62M,-,-,-,4.89,0.02,0.97,-,-,-,52.21%,-,-,0.98,-2.02%,"134,028"
ONCY,109.84M,-,-,-,-,-,20.01,-,-15.79%,16.48%,6.32%,9.89%,-,0.92,-0.13%,"810,417"
OND,-,-,-,-,-,-,-,-,-,-,-,-,-,33.14,-0.58%,12
ONDG,-,-,-,-,-,-,-,-,-,-,-,-,-,2.88,-2.70%,"1,242,381"
ONDL,-,-,-,-,-,-,-,-,-,-,-,-,-,7.67,-0.13%,"1,599,713"
ONDS,3.99B,38.34,-,-,41.34,3.35,2.69,-,171.64%,-144.00%,1.28%,59.89%,87.94%,7.68,-0.07%,"47,445,745"
ONDU,-,-,-,-,-,-,-,-,-,-,-,-,-,4.65,0.00%,"288,807"
ONEG,24.48M,-,-,-,-,15.05,40.13,-,-,-,-,-,-,1.53,-6.13%,"152,671"
ONEH,-,-,-,-,-,-,-,-,-,-,-,-,-,24.70,-0.15%,"2,019"
ONEO,-,-,-,-,-,-,-,-,-,-,-,-,-,153.18,1.28%,477
ONEQ,-,-,-,-,-,-,-,-,-,-,-,-,-,99.88,-0.48%,"241,453"
ONEV,-,-,-,-,-,-,-,-,-,-,-,-,-,143.11,0.44%,"99,849"
ONEW,191.68M,-,11.89,0.21,0.10,0.71,2.50,2.82,16.84%,88.77%,-,57.75%,12.85%,11.53,1.99%,"114,086"
ONEY,-,-,-,-,-,-,-,-,-,-,-,-,-,129.34,0.94%,"119,539"
ONEZ,-,-,-,-,-,-,-,-,-,-,-,-,-,27.25,-0.17%,"46,226"
ONFO,1.89M,-,-,-,0.19,-,2.24,-,-,-,-21.00%,-,70.20%,0.27,-1.29%,"160,223"
ONG,-,-,-,-,-,-,-,-,-,-,-,-,-,13.33,7.22%,"8,712"
ONIT,311.23M,1.87,5.75,-,0.27,0.49,1.01,-,-77.83%,35.04%,-,-26.45%,3.35%,36.91,0.93%,"39,662"
ONL,155.71M,-,-,-,1.07,0.26,2.57,-,81.45%,52.17%,-31.11%,-,16.65%,2.74,-0.72%,"923,808"
ONLN,-,-,-,-,-,-,-,-,-,-,-,-,-,53.44,-2.82%,"2,805"
ONMD,31.85M,-,-,-,24.13,-,138.48,-,-,-,-,-,-,0.59,-7.27%,"249,611"
ONOF,-,-,-,-,-,-,-,-,-,-,-,-,-,39.27,0.06%,"9,449"
ONON,12.11B,38.65,16.77,0.41,3.11,5.53,9.53,32.69,79.37%,23.16%,-,41.05%,51.61%,36.58,-0.92%,"5,046,778"
ONT,657.37M,1115.95,32.95,-,0.80,1.49,65.41,9.19,185.71%,360.00%,49.40%,-,20.40%,18.19,2.19%,"491,319"
ONTO,17.12B,159.81,35.29,1.02,16.62,8.03,26.18,71.71,45.65%,35.59%,34.65%,34.74%,12.55%,344.24,6.83%,"1,759,938"
ONTX,-,-,-,-,-,-,-,-,-,-,-,-,-,29.33,14.38%,"9,198"
ONX,-,-,-,-,-,-,-,-,-,-,-,-,-,20.85,6.24%,"18,134"
OOMA,482.62M,53.47,11.74,0.58,1.67,5.04,28.12,19.66,25.96%,14.07%,-,20.36%,10.12%,17.55,-5.08%,"266,429"
OOSP,-,-,-,-,-,-,-,-,-,-,-,-,-,10.17,-0.20%,"5,130"
OPAD,20.72M,-,-,-,0.04,0.45,0.50,0.24,60.11%,60.54%,24.23%,51.97%,-11.81%,4.38,-1.79%,"43,666"
OPAL,365.24M,34.15,182.06,6.75,1.09,7.72,2.72,-,-124.70%,130.99%,-,26.98%,20.40%,2.09,3.98%,"265,672"
OPBK,222.67M,8.17,7.47,-,1.31,0.96,-,7.92,9.30%,6.38%,15.15%,-,20.95%,14.95,-0.66%,"35,018"
OPCH,3.37B,16.80,10.45,1.01,0.60,2.50,19.02,16.02,6.90%,11.83%,-,10.32%,13.25%,21.48,-2.41%,"2,121,547"
OPEG,-,-,-,-,-,-,-,-,-,-,-,-,-,3.80,-0.55%,"45,647"
OPEN,4.15B,-,-,-,1.05,4.34,3.89,3.88,77.19%,44.95%,6.03%,49.81%,11.09%,4.30,0.47%,"28,215,398"
OPER,-,-,-,-,-,-,-,-,-,-,-,-,-,100.28,0.01%,"5,925"
OPEX,-,-,-,-,-,-,-,-,-,-,-,-,-,15.35,1.72%,"63,632"
OPFI,1.35B,12.69,4.24,0.19,2.22,10.53,13.50,3.44,12.89%,22.98%,10.28%,22.32%,24.42%,9.36,6.36%,"890,987"
OPHC,70.67M,6.50,6.13,-,0.93,0.55,-,3.28,18.78%,11.46%,-,-,58.98%,5.76,-0.69%,"30,227"
OPI,-,-,-,-,-,-,-,-,-,-,-,-,-,17.80,-5.92%,"15,647"
OPK,1.14B,-,-,-,1.96,0.95,3.34,-,-1.90%,13.55%,-,33.06%,-15.82%,1.51,1.34%,"1,887,277"
OPLN,4.20B,-,23.47,1.32,2.10,3.35,19.36,11.49,12.70%,20.85%,-42.66%,17.73%,-2.43%,39.64,0.58%,"893,713"
OPP,189.18M,7.57,-,-,-,-,-,-,-,-,-,-,-,7.57,0.80%,"79,961"
OPPE,-,-,-,-,-,-,-,-,-,-,-,-,-,55.75,-1.47%,"14,594"
OPPJ,-,-,-,-,-,-,-,-,-,-,-,-,-,58.02,0.33%,"71,724"
OPRA,1.62B,14.33,12.05,0.93,2.50,1.64,11.45,11.60,-1.85%,28.94%,9.60%,12.96%,30.05%,18.14,-0.82%,"262,618"
OPRT,262.08M,15.48,3.10,0.16,0.28,0.66,-,0.64,15.07%,18.00%,-,19.31%,10.39%,5.73,1.24%,"556,088"
OPRX,91.95M,13.87,4.49,-,0.86,0.71,4.56,6.31,-10.70%,16.37%,-,-,20.37%,4.90,3.38%,"613,172"
OPTH,22.86M,-,-,-,58.61,5.17,285.72,-,-,-,-72.14%,-,-,4.06,1.25%,"121,116"
OPTT,63.02M,-,-,-,18.32,2.66,8.93,-,-11.76%,39.47%,34.77%,25.60%,28.36%,0.25,-5.00%,"4,196,305"
OPTU,626.43M,-,-,-,0.07,-,0.56,-,-62.80%,89.13%,-,38.98%,-2.79%,1.60,-0.62%,"28,881,445"
OPTX,394.74M,-,-,-,14.34,41.59,636.68,3289.51,-,-,-53.30%,-,-,9.80,-5.13%,"623,493"
OPTZ,-,-,-,-,-,-,-,-,-,-,-,-,-,48.97,2.77%,"3,787"
OPXS,87.48M,21.15,-,-,2.12,3.32,21.03,121.50,-,-,39.09%,-,9.81%,12.57,0.60%,"114,582"
OPY,1.11B,12.54,-,-,0.65,1.18,32.14,14.90,-,-,6.98%,-,6.45%,104.84,-0.10%,"99,202"
OR,5.90B,23.43,19.13,0.70,18.13,4.00,62.13,41.63,69.41%,10.30%,69.91%,27.38%,11.73%,31.46,0.16%,"1,166,166"
ORA,7.38B,58.05,48.30,4.09,6.34,2.87,9.67,-,3.47%,7.22%,4.18%,11.82%,7.01%,120.03,-3.34%,"701,726"
ORBS,291.05M,-,-,-,9.50,0.86,7.26,-,-,-,-,-,43.06%,0.75,-3.83%,"18,060,170"
ORBX,-,-,-,-,-,-,-,-,-,-,-,-,-,45.56,-4.00%,"96,537"
ORC,1.38B,9.12,4.99,-,2.83,0.97,1.50,9.61,73.04%,16.86%,50.92%,-,34.96%,6.86,0.73%,"3,283,629"
ORCL,439.16B,26.17,13.98,0.53,6.52,11.69,13.77,-,5.42%,35.56%,5.08%,26.24%,10.72%,152.46,-3.22%,"36,121,781"
ORCS,-,-,-,-,-,-,-,-,-,-,-,-,-,29.57,2.91%,"152,003"
ORCU,-,-,-,-,-,-,-,-,-,-,-,-,-,9.02,-6.24%,"1,020,365"
ORCX,-,-,-,-,-,-,-,-,-,-,-,-,-,25.24,-6.17%,"1,621,401"
ORGN,4.73M,-,-,-,0.34,0.05,0.15,-,-,-,-28.31%,-,-,0.86,-3.37%,"69,697"
ORGO,312.68M,-,-,-,0.61,1.28,3.40,18.31,-383.78%,66.67%,-0.14%,-,10.77%,2.43,-0.41%,"473,426"
ORI,9.74B,9.83,11.81,5.71,1.03,1.64,-,8.03,0.78%,6.70%,14.77%,2.07%,4.98%,40.01,-0.72%,"958,031"
ORIC,979.28M,-,-,-,-,2.36,3.47,-,0.47%,-8.73%,15.18%,-4.14%,-,9.46,0.32%,"1,627,863"
ORIO,20.56M,-,58.68,-,0.42,0.43,1.21,1.55,-214.38%,125.00%,24.62%,-,7.20%,0.86,-1.23%,"48,306"
ORIQ,89.05M,113.25,-,-,-,1.66,137.00,-,-,-,-,-,-,10.34,0.19%,2
ORIS,2.31M,3.77,-,-,0.19,0.09,0.05,-,-,-,-66.06%,-,-4.66%,1.83,0.00%,0
ORKA,5.22B,-,-,-,-,8.98,13.44,-,-14.11%,-18.03%,37.79%,-20.58%,-,86.63,5.53%,"1,805,916"
ORKT,6.43M,-,-,-,1.47,0.97,2.77,-,-,-,-,-,4.44%,1.10,-8.33%,"153,676"
ORLA,3.28B,14.33,5.35,0.13,2.53,4.34,7.67,10.05,78.58%,2.31%,-,39.85%,-,9.49,1.17%,"2,563,525"
ORLG,-,-,-,-,-,-,-,-,-,-,-,-,-,11.50,-2.26%,"1,787"
ORLY,72.02B,28.39,24.00,2.30,3.96,-,285.06,37.64,9.79%,11.02%,13.58%,10.45%,8.91%,86.90,-1.05%,"8,149,726"
ORMP,204.63M,1.94,-,-,-,0.86,3.11,-,79.07%,-,-,-,-5.90%,5.00,16.28%,"1,188,424"
ORN,648.47M,74.55,23.79,0.50,0.74,3.89,81.57,-,57.40%,71.14%,-37.74%,47.97%,3.72%,16.02,0.31%,"330,747"
ORO,-,-,-,-,-,-,-,-,-,-,-,-,-,17.84,0.45%,1
ORR,-,-,-,-,-,-,-,-,-,-,-,-,-,35.91,0.39%,"92,872"
ORRF,800.26M,9.33,9.49,-,2.23,1.32,-,9.20,-1.66%,2.00%,11.74%,-,22.75%,40.73,0.15%,"137,239"
OSBC,1.18B,13.71,9.98,-,2.76,1.33,-,8.60,33.83%,6.37%,11.88%,-,23.14%,23.02,0.57%,"392,311"
OSCG,-,-,-,-,-,-,-,-,-,-,-,-,-,26.75,-3.16%,"4,840"
OSCR,8.64B,-,19.82,-,0.65,5.15,-,3.09,161.70%,38.70%,0.13%,-,90.80%,28.67,-1.68%,"5,572,145"
OSCV,-,-,-,-,-,-,-,-,-,-,-,-,-,42.25,0.81%,"29,784"
OSCX,-,-,-,-,-,-,-,-,-,-,-,-,-,104.10,-3.22%,"2,944"
OSEA,-,-,-,-,-,-,-,-,-,-,-,-,-,29.81,-0.30%,"117,556"
OSG,276.84M,-,7.75,-,0.95,0.39,-,-,180.46%,70.00%,18.32%,-,10.00%,6.15,-4.95%,"802,133"
OSIS,3.61B,25.03,19.20,1.64,2.00,4.03,10.45,57.44,11.33%,9.42%,16.58%,11.68%,8.00%,218.93,2.44%,"244,176"
OSK,9.41B,16.82,10.77,0.72,0.90,2.11,37.61,11.53,0.95%,28.73%,16.27%,14.89%,8.73%,150.99,5.33%,"450,142"
OSPN,501.59M,7.44,10.31,-,2.04,1.84,10.08,10.89,-18.39%,7.89%,-,-,2.43%,13.53,0.07%,"328,833"
OSRH,11.25M,-,-,-,4.28,0.10,7.17,-,-,-,-214.49%,-,-,0.32,-4.87%,"943,363"
OSS,401.26M,64.49,173.58,-,7.58,8.85,10.97,-,118.48%,833.33%,-,-,-9.10%,16.20,0.56%,"1,004,018"
OSSL,-,-,-,-,-,-,-,-,-,-,-,-,-,16.01,0.36%,217
OSTX,80.17M,-,-,-,-,-,87.14,-,28.91%,78.47%,67.91%,63.75%,-,1.80,0.00%,"560,825"
OSUR,303.62M,-,-,-,2.69,0.98,1.72,-,-11.70%,21.90%,-33.45%,-,-7.70%,4.41,1.61%,"577,089"
OSW,2.77B,36.17,21.02,1.49,2.80,4.93,160.24,42.72,14.65%,14.24%,-,14.08%,51.37%,27.26,-1.30%,"2,333,911"
OTAI-U,108.55M,-,-,-,-,-,271.36,-,-,-,-,-,-,10.12,-0.20%,"13,083"
OTEX,5.19B,10.43,4.77,0.35,1.00,1.31,4.12,6.23,10.96%,5.76%,13.84%,13.74%,10.69%,21.37,0.80%,"1,545,124"
OTF,4.74B,11.35,7.76,-,3.29,0.62,9.71,18.68,0.29%,5.27%,4.23%,-0.42%,50.76%,10.25,0.29%,"1,794,155"
OTGA,299.98M,77.38,-,-,-,1.27,555.51,-,-,-,-,-,-,10.16,0.10%,"482,355"
OTGL,-,-,-,-,-,-,-,-,-,-,-,-,-,10.41,0.48%,403
OTIS,28.25B,19.52,15.64,1.77,1.93,-,33.48,16.94,3.27%,12.58%,10.95%,8.85%,2.50%,73.63,1.38%,"3,197,364"
OTLK,257.84M,-,-,-,170.75,-,33.27,-,72.79%,53.32%,33.18%,-,-,1.61,-4.17%,"8,991,959"
OTLY,274.20M,-,-,-,0.31,77.60,5.55,-,43.88%,13.45%,-19.67%,33.14%,15.29%,8.78,2.81%,"156,126"
OTTR,3.78B,13.53,17.14,-,2.88,1.98,9.38,2112.11,-12.98%,-7.84%,22.83%,-10.73%,7.94%,90.05,1.38%,"166,401"
OUNZ,-,-,-,-,-,-,-,-,-,-,-,-,-,38.71,0.94%,"551,000"
OUSA,-,-,-,-,-,-,-,-,-,-,-,-,-,57.52,-0.55%,"25,228"
OUSM,-,-,-,-,-,-,-,-,-,-,-,-,-,47.35,0.47%,"43,585"
OUST,2.66B,-,-,-,14.37,9.63,15.32,-,-1237.10%,66.88%,55.26%,-,55.05%,41.82,2.73%,"3,864,332"
OUT,5.57B,30.54,22.60,0.96,2.98,8.42,82.92,22.02,62.15%,5.31%,-,23.65%,8.18%,31.65,-1.40%,"1,321,967"
OVB,-,-,-,-,-,-,-,-,-,-,-,-,-,20.57,0.19%,"33,642"
OVBC,199.93M,12.91,-,-,2.07,1.17,-,8.44,-,-,9.10%,-,11.17%,42.44,-4.46%,"42,481"
OVF,-,-,-,-,-,-,-,-,-,-,-,-,-,31.71,0.75%,"15,851"
OVID,451.67M,-,-,-,63.44,2.04,2.90,-,-110.00%,-10.42%,29.81%,-,-10.48%,2.42,-3.20%,"2,140,000"
OVL,-,-,-,-,-,-,-,-,-,-,-,-,-,55.89,0.00%,"110,608"
OVLH,-,-,-,-,-,-,-,-,-,-,-,-,-,41.22,0.02%,"6,246"
OVLY,279.87M,11.54,-,-,2.90,1.36,-,10.93,-,-,11.39%,-,13.28%,33.26,-1.99%,"19,842"
OVM,-,-,-,-,-,-,-,-,-,-,-,-,-,21.80,0.10%,"46,729"
OVS,-,-,-,-,-,-,-,-,-,-,-,-,-,42.17,1.03%,"5,718"
OVT,-,-,-,-,-,-,-,-,-,-,-,-,-,21.86,-0.20%,"29,011"
OVV,15.05B,17.06,6.91,0.37,1.68,1.31,578.79,8.84,56.93%,-1.38%,-,18.83%,9.38%,53.55,1.50%,"2,628,485"
OWL,13.22B,103.67,8.52,0.85,4.50,2.73,69.41,10.30,5.25%,12.55%,-,10.03%,62.95%,8.48,0.12%,"22,771,450"
OWLS,495.55M,-,21.58,-,-,-,-,-,76.92%,388.89%,-,-,-,5.61,0.54%,"28,371"
OWLT,154.87M,-,-,-,1.45,7.14,3.78,-,83.90%,84.41%,15.22%,-,6.99%,5.34,-4.64%,"378,760"
OWN,-,-,-,-,-,-,-,-,-,-,-,-,-,23.43,-0.98%,884
OWNB,-,-,-,-,-,-,-,-,-,-,-,-,-,17.77,-3.74%,"4,049"
OWNS,-,-,-,-,-,-,-,-,-,-,-,-,-,17.49,0.06%,"8,122"
OXBR,7.61M,-,-,-,3.03,1.22,-,-,71.43%,-125.00%,-100.41%,-,16.25%,0.94,-6.93%,"29,709"
OXLC,829.60M,-,2.05,0.03,2.12,0.81,8.58,1.19,169.60%,23.15%,-,60.31%,46.40%,8.50,0.71%,"799,154"
OXM,525.72M,-,11.66,0.75,0.36,1.00,56.17,22.08,16.75%,22.56%,20.24%,15.60%,14.56%,35.21,-1.70%,"428,904"
OXSQ,124.39M,-,6.05,-,33.53,1.01,3.04,7.54,-43.33%,29.41%,-,-,-3.29%,1.33,1.53%,"976,630"
OXY,50.94B,58.45,12.84,0.64,2.16,1.66,13.30,14.18,154.49%,-29.10%,-,19.97%,4.70%,51.21,0.23%,"7,343,310"
OYSE,347.63M,44.16,-,-,-,1.38,503.81,-,-,-,-,-,-,10.28,-0.48%,"45,002"
OZ,180.91M,-,-,-,15.49,0.66,9.24,-,-,-,-137.82%,-,146.47%,45.25,-2.71%,"21,956"
OZEM,-,-,-,-,-,-,-,-,-,-,-,-,-,31.40,-0.59%,"11,591"
OZK,5.88B,8.43,8.08,1.71,2.10,0.97,-,8.38,-3.98%,8.12%,22.32%,4.71%,18.77%,51.81,1.67%,"1,118,019"
P,23.83B,108.98,24.15,1.18,6.05,16.51,15.81,46.38,16.97%,23.13%,-,20.40%,16.81%,71.69,-1.52%,"2,296,247"
PAA,15.25B,16.19,12.46,1.69,0.34,2.02,89.20,7.15,2.75%,9.70%,-,7.35%,13.42%,21.62,0.70%,"1,196,059"
PAAA,-,-,-,-,-,-,-,-,-,-,-,-,-,51.45,0.04%,"1,188,463"
PAAC,177.06M,-,-,-,-,1.39,239.27,-,-,-,-,-,-,9.99,0.00%,0
PAAS,18.96B,14.42,8.70,0.38,4.74,2.58,11.75,13.96,83.81%,10.75%,24.80%,23.18%,22.00%,44.99,1.35%,"4,241,202"
PAAU,-,-,-,-,-,-,-,-,-,-,-,-,-,11.80,4.51%,"6,943"
PAB,-,-,-,-,-,-,-,-,-,-,-,-,-,42.37,0.08%,"5,290"
PABD,-,-,-,-,-,-,-,-,-,-,-,-,-,68.71,0.91%,"1,089"
PABU,-,-,-,-,-,-,-,-,-,-,-,-,-,73.36,-1.05%,485
PAC,10.83B,23.50,16.13,1.00,4.79,8.95,8.43,47.21,18.48%,14.90%,41.43%,16.20%,31.34%,252.21,2.70%,"94,831"
PACB,496.97M,-,-,-,3.11,209.97,1.80,-,77.47%,-14.15%,-,39.45%,15.19%,1.60,11.11%,"10,573,768"
PACH,290.65M,47.51,-,-,-,1.30,509.91,-,-,-,-,-,-,10.22,-0.20%,105
PACK,619.34M,-,-,-,1.53,1.18,12.77,-,58.89%,59.46%,-7.09%,-,5.78%,7.24,-5.24%,"562,221"
PACS,6.44B,27.03,16.65,1.30,1.19,6.16,23.52,16.91,23.44%,7.34%,-10.97%,12.77%,45.92%,40.68,4.71%,"1,133,162"
PAG,12.09B,13.72,12.71,2.57,0.39,2.13,144.41,19.57,0.50%,7.96%,15.94%,4.94%,9.24%,183.84,0.22%,"356,922"
PAGP,17.93B,25.52,12.16,0.73,0.40,3.66,104.23,8.42,24.57%,19.50%,-,16.69%,13.42%,23.53,0.51%,"1,066,317"
PAGS,2.43B,6.49,4.89,0.60,0.67,0.87,1.88,12.97,10.11%,9.02%,11.05%,8.17%,22.21%,8.74,-0.34%,"1,823,199"
PAHC,1.29B,13.67,9.52,0.46,0.86,3.57,16.67,101.11,47.04%,8.80%,7.45%,20.80%,10.12%,31.83,1.50%,"138,169"
PAI,115.18M,11.87,-,-,16.14,0.91,-,-,-,-,-,-,-,12.11,0.00%,"10,247"
PAII,278.12M,62.89,-,-,-,1.41,13906.00,-,-,-,-,-,-,10.20,0.00%,"8,220"
PAL,197.16M,-,14.41,0.21,0.46,0.64,20.20,6.26,-7.03%,376.78%,-,68.29%,-,7.10,-0.84%,"386,988"
PALC,-,-,-,-,-,-,-,-,-,-,-,-,-,58.58,1.86%,"3,467"
PALD,-,-,-,-,-,-,-,-,-,-,-,-,-,13.86,-2.72%,"35,531"
PALI,312.44M,-,-,-,-,2.37,2.36,-,20.83%,-20.00%,88.75%,-5.87%,-,1.80,-6.25%,"2,813,829"
PALL,-,-,-,-,-,-,-,-,-,-,-,-,-,21.52,1.89%,"2,551,238"
PALO,210.79M,-,-,-,-,1.32,174.20,-,-,-,-,-,-,9.90,-0.10%,"99,794"
PALU,-,-,-,-,-,-,-,-,-,-,-,-,-,38.52,5.45%,"66,170"
PAM,4.35B,9.62,6.31,0.23,2.00,1.15,6.42,-,35.96%,35.03%,26.72%,27.43%,13.44%,79.93,0.05%,"162,034"
PAMC,-,-,-,-,-,-,-,-,-,-,-,-,-,55.45,0.74%,"1,174"
PAMT,316.87M,-,-,-,0.54,1.51,3.90,-,-,-,-,-,4.20%,15.13,-1.56%,"31,455"
PANG,-,-,-,-,-,-,-,-,-,-,-,-,-,23.76,5.52%,"42,495"
PANL,455.29M,12.99,7.88,-,0.67,1.03,5.07,7.67,354.60%,-28.03%,2.93%,-,10.54%,6.96,-4.26%,"472,485"
PANW,238.87B,241.09,71.67,5.67,22.52,8.61,76.54,62.97,13.02%,8.33%,-,12.63%,22.03%,293.09,2.74%,"8,917,391"
PAPI,-,-,-,-,-,-,-,-,-,-,-,-,-,26.98,0.67%,"69,483"
PAPL,21.31M,-,42.77,-,1.21,0.79,1.19,-,-,-,-,-,39.06%,0.82,-8.56%,"100,397"
PAPR,-,-,-,-,-,-,-,-,-,-,-,-,-,41.95,-0.13%,"22,985"
PAR,656.64M,-,12.37,0.09,1.38,0.79,8.44,-,314.83%,106.86%,-1.70%,144.52%,16.34%,15.92,-2.81%,"1,360,581"
PARK,82.38M,-,19.01,-,-,3.24,3.38,-,-65.78%,14.97%,-,-,-,18.25,5.46%,"38,910"
PARR,2.71B,6.04,5.73,-,0.36,1.76,15.73,13.15,68.04%,-25.70%,-,-1.02%,19.02%,54.13,5.60%,"689,288"
PASG,13.89M,-,-,-,-,1.18,0.42,-,27.27%,7.08%,24.41%,14.82%,-,4.33,-26.36%,"791,791"
PASW,-,-,-,-,-,-,-,-,-,-,-,-,-,0.16,-4.14%,"89,356"
PATH,5.14B,16.38,11.02,0.82,3.08,2.72,3.93,13.71,8.71%,15.17%,-,13.43%,21.53%,9.93,-3.69%,"50,695,979"
PATK,3.05B,23.85,15.58,-,0.77,2.58,81.36,15.74,9.48%,22.41%,6.83%,-,9.70%,92.68,2.66%,"524,117"
PATN,-,-,-,-,-,-,-,-,-,-,-,-,-,36.88,1.53%,"104,489"
PATX,-,-,-,-,-,-,-,-,-,-,-,-,-,6.57,-7.46%,"68,270"
PAUG,-,-,-,-,-,-,-,-,-,-,-,-,-,45.39,0.07%,"43,335"
PAVE,-,-,-,-,-,-,-,-,-,-,-,-,-,59.99,2.71%,"2,291,657"
PAVM,31.14M,-,-,-,346.00,0.76,4.82,-,44.23%,59.24%,55.65%,-,-,4.35,-6.85%,"12,479"
PAVS,4.21M,-,-,-,0.34,0.00,0.81,-,-,-,-,-,-74.40%,0.08,-37.43%,"38,746,786"
PAWZ,-,-,-,-,-,-,-,-,-,-,-,-,-,47.31,0.03%,"1,026"
PAX,1.76B,20.45,7.01,0.59,4.33,2.87,20.21,6.80,7.55%,13.60%,2.88%,11.91%,27.59%,10.88,1.12%,"919,309"
PAXS,669.14M,7.82,-,-,-,-,-,-,-,-,-,-,-,14.23,0.78%,"178,283"
PAY,2.68B,37.15,20.91,0.80,2.09,4.59,7.82,18.87,25.11%,23.18%,48.17%,26.10%,31.72%,21.27,-2.12%,"775,910"
PAYC,5.93B,14.38,10.13,0.81,2.83,7.15,38.53,13.30,17.95%,12.79%,26.84%,12.50%,19.51%,124.48,-2.15%,"657,818"
PAYH,-,-,-,-,-,-,-,-,-,-,-,-,-,24.52,-0.35%,"5,659"
PAYM,-,-,-,-,-,-,-,-,-,-,-,-,-,24.77,0.28%,"38,041"
PAYO,2.38B,35.77,20.65,0.54,2.23,3.61,6.92,11.95,40.02%,28.17%,-,38.08%,24.96%,7.04,-0.71%,"4,195,960"
PAYP,9.56B,-,13.87,2.64,-,5.10,4.19,-,-27.80%,31.83%,-,5.26%,-,14.30,2.95%,"1,314,582"
PAYR,-,-,-,-,-,-,-,-,-,-,-,-,-,54.20,0.81%,"11,982"
PAYS,431.60M,45.12,24.70,-,4.72,7.82,2.40,6.16,82.69%,31.58%,-,-,27.74%,7.72,0.39%,"418,217"
PAYX,34.65B,19.79,15.13,2.10,5.32,9.21,29.44,14.93,8.18%,7.27%,10.04%,7.22%,9.93%,96.72,0.44%,"4,266,715"
PB,7.40B,13.30,10.25,0.88,4.13,0.90,-,13.90,-3.06%,29.10%,0.12%,11.71%,6.28%,73.38,1.07%,"1,299,753"
PBA,27.41B,24.44,20.81,3.26,5.05,2.52,221.09,19.21,12.21%,3.10%,-,6.39%,4.37%,47.14,1.40%,"706,904"
PBAP,-,-,-,-,-,-,-,-,-,-,-,-,-,30.87,0.09%,"27,127"
PBAU,-,-,-,-,-,-,-,-,-,-,-,-,-,31.26,0.06%,"23,072"
PBD,-,-,-,-,-,-,-,-,-,-,-,-,-,19.21,-0.36%,"89,975"
PBDC,-,-,-,-,-,-,-,-,-,-,-,-,-,26.30,0.38%,"60,386"
PBDE,-,-,-,-,-,-,-,-,-,-,-,-,-,30.72,-0.00%,"22,620"
PBE,-,-,-,-,-,-,-,-,-,-,-,-,-,88.11,0.82%,"26,441"
PBEU,-,-,-,-,-,-,-,-,-,-,-,-,-,32.49,0.86%,"37,804"
PBF,5.00B,11.36,6.92,-,0.17,0.91,9.23,-,274.29%,-15.06%,34.60%,-,14.18%,42.29,4.83%,"2,361,146"
PBFB,-,-,-,-,-,-,-,-,-,-,-,-,-,31.70,-0.01%,"21,442"
PBFR,-,-,-,-,-,-,-,-,-,-,-,-,-,30.45,0.03%,"288,608"
PBFS,432.32M,21.28,-,-,3.34,1.28,-,20.61,-,-,31.78%,-,12.84%,17.24,0.06%,"9,792"
PBH,2.24B,12.06,9.62,1.35,2.05,1.18,34.99,9.07,3.56%,8.13%,3.72%,7.10%,2.91%,47.18,-0.30%,"415,122"
PBHC,101.73M,-,-,-,1.26,0.82,-,23.44,-,-,-65.07%,-,11.06%,16.26,1.43%,"28,023"
PBI,2.37B,16.92,10.00,0.76,1.26,-,7.55,6.20,19.88%,8.14%,-,13.10%,-11.84%,17.50,0.75%,"2,083,263"
PBJ,-,-,-,-,-,-,-,-,-,-,-,-,-,46.95,-0.55%,"14,239"
PBJA,-,-,-,-,-,-,-,-,-,-,-,-,-,32.08,-0.03%,"21,389"
PBJL,-,-,-,-,-,-,-,-,-,-,-,-,-,31.26,0.04%,"20,741"
PBJN,-,-,-,-,-,-,-,-,-,-,-,-,-,30.59,0.03%,"38,129"
PBK,34.35M,-,22.48,-,1.22,1.67,3.60,-,67.09%,114.22%,-262.55%,-,51.01%,0.73,-1.93%,"32,898,239"
PBL,-,-,-,-,-,-,-,-,-,-,-,-,-,32.81,-0.12%,"1,328"
PBLS,3.11B,-,-,-,-,-,9.47,-,-,-,-,-,-,26.36,-3.51%,"1,042,982"
PBM,0.81M,-,-,-,-,0.07,0.11,-,-,-,-,-,-,2.71,-1.45%,"57,053"
PBMR,-,-,-,-,-,-,-,-,-,-,-,-,-,31.89,0.01%,"20,797"
PBMY,-,-,-,-,-,-,-,-,-,-,-,-,-,30.96,-0.00%,"21,475"
PBNV,-,-,-,-,-,-,-,-,-,-,-,-,-,30.73,0.00%,"24,314"
PBOC,-,-,-,-,-,-,-,-,-,-,-,-,-,30.43,-0.01%,"23,039"
PBOG,-,-,-,-,-,-,-,-,-,-,-,-,-,29.67,0.02%,"41,622"
PBOT,-,-,-,-,-,-,-,-,-,-,-,-,-,32.03,1.88%,837
PBP,-,-,-,-,-,-,-,-,-,-,-,-,-,22.52,0.20%,"81,491"
PBPH,-,-,-,-,-,-,-,-,-,-,-,-,-,26.43,1.26%,"92,174"
PBQQ,-,-,-,-,-,-,-,-,-,-,-,-,-,31.27,0.35%,"52,423"
PBR,61.47B,5.38,4.38,0.83,0.67,1.25,6.74,4.37,38.45%,-10.31%,70.66%,5.30%,11.04%,16.52,0.43%,"9,148,894"
PBR-A,40.52B,4.84,3.92,0.63,0.44,1.12,4.45,2.88,40.08%,-10.92%,70.66%,6.24%,11.04%,14.88,0.95%,"5,131,591"
PBRG,-,-,-,-,-,-,-,-,-,-,-,-,-,28.83,0.34%,"1,383"
PBSC,-,-,-,-,-,-,-,-,-,-,-,-,-,25.07,0.00%,0
PBSE,-,-,-,-,-,-,-,-,-,-,-,-,-,30.71,0.02%,"23,970"
PBT,1.17B,79.15,-,-,70.14,7186.78,728.55,-,-,-,5.47%,-,6.00%,25.01,0.81%,"91,276"
PBTP,-,-,-,-,-,-,-,-,-,-,-,-,-,25.62,0.20%,"47,459"
PBUS,-,-,-,-,-,-,-,-,-,-,-,-,-,73.39,-0.15%,"98,932"
PBW,-,-,-,-,-,-,-,-,-,-,-,-,-,37.47,-0.82%,"573,649"
PBYI,390.40M,16.07,38.35,-,1.72,3.04,3.77,7.28,-52.46%,-31.03%,-,-,0.29%,7.67,-3.52%,"203,928"
PCAP,325.35M,42.44,-,-,-,1.31,365.56,-,-,-,-,-,-,10.27,0.00%,"4,246"
PCAR,64.04B,25.89,18.13,1.18,2.31,3.24,7.23,20.67,13.24%,18.30%,12.60%,15.37%,8.73%,121.68,3.97%,"2,534,199"
PCB,397.86M,10.05,9.06,-,1.88,1.21,-,8.90,12.66%,6.08%,19.83%,-,18.00%,27.95,0.78%,"45,755"
PCCE,-,-,-,-,-,-,-,-,-,-,-,-,-,12.22,-0.25%,10
PCEB,-,-,-,-,-,-,-,-,-,-,-,-,-,24.34,0.08%,"14,561"
PCEF,-,-,-,-,-,-,-,-,-,-,-,-,-,20.05,0.71%,"115,953"
PCF,101.63M,25.86,-,-,15.65,0.81,-,-,-,-,-,-,-,5.43,0.74%,"65,000"
PCFI,-,-,-,-,-,-,-,-,-,-,-,-,-,22.68,-0.13%,29
PCG,37.61B,13.38,9.48,1.00,1.46,1.19,25.24,-,9.79%,9.42%,-,9.50%,6.19%,17.08,-0.23%,"18,022,009"
PCGG,-,-,-,-,-,-,-,-,-,-,-,-,-,10.59,-0.63%,"1,026"
PCHI,-,-,-,-,-,-,-,-,-,-,-,-,-,24.50,-0.14%,"1,260"
PCI,-,-,-,-,-,-,-,-,-,-,-,-,-,50.18,0.08%,"5,180"
PCIG,-,-,-,-,-,-,-,-,-,-,-,-,-,8.54,0.47%,"2,179"
PCL,-,-,-,-,-,-,-,-,-,-,-,-,-,50.36,0.03%,42
PCLA,29.50M,-,-,-,8.06,33.53,8.17,-,-,-,-,-,-,3.07,-10.23%,"86,444"
PCLC,-,-,-,-,-,-,-,-,-,-,-,-,-,24.38,-0.60%,107
PCLG,-,-,-,-,-,-,-,-,-,-,-,-,-,21.19,-1.26%,"153,483"
PCLN,-,-,-,-,-,-,-,-,-,-,-,-,-,33.01,2.25%,11
PCLO,-,-,-,-,-,-,-,-,-,-,-,-,-,24.89,0.04%,869
PCM,68.41M,9.89,-,-,6.37,0.93,-,-,-,-,-,-,-,5.54,0.36%,"60,180"
PCMM,-,-,-,-,-,-,-,-,-,-,-,-,-,49.97,0.18%,"15,487"
PCN,880.21M,9.28,-,-,10.24,0.99,-,-,-,-,-,-,-,11.78,0.34%,"250,589"
PCOR,5.78B,-,17.88,0.76,4.21,4.81,9.55,25.58,23.68%,27.37%,28.36%,23.48%,27.00%,38.30,-1.79%,"3,290,904"
PCPI,-,-,-,-,-,-,-,-,-,-,-,-,-,50.24,0.01%,"1,000"
PCPP,-,-,-,-,-,-,-,-,-,-,-,-,-,25.16,-0.07%,"17,065"
PCQ,168.36M,295.67,-,-,6.29,0.89,-,-,-,-,-,-,-,8.87,0.34%,"80,789"
PCR,-,-,-,-,-,-,-,-,-,-,-,-,-,19.01,-0.56%,4
PCRX,958.60M,195.12,6.74,0.30,1.30,1.47,4.74,7.22,8.57%,25.65%,-45.77%,22.32%,11.07%,24.37,1.71%,"376,162"
PCS,-,-,-,-,-,-,-,-,-,-,-,-,-,50.08,0.06%,335
PCSA,5.23M,-,-,-,-,1.99,3.09,-,-,-,61.77%,-,-,1.89,-2.07%,"25,354"
PCSC,113.03M,1129.90,-,-,-,1.39,198.30,-,-,-,-,-,-,10.96,-0.54%,"279,252"
PCSG,-,-,-,-,-,-,-,-,-,-,-,-,-,25.30,0.62%,"8,050"
PCT,1.57B,-,-,-,143.82,192.45,12.89,-,20.31%,28.89%,25.46%,24.54%,-,7.90,-1.25%,"4,081,953"
PCTY,5.38B,21.43,11.55,1.14,3.11,4.56,17.95,11.05,12.93%,7.43%,28.31%,10.11%,23.23%,100.48,-3.19%,"509,748"
PCVX,7.75B,-,-,-,-,2.59,4.46,-,-48.90%,20.20%,-26.39%,-4.13%,-,53.68,-0.35%,"2,027,535"
PCY,-,-,-,-,-,-,-,-,-,-,-,-,-,21.67,-0.09%,"741,896"
PCYO,264.90M,18.91,-,-,8.65,1.78,54.96,-,-,-,14.10%,-,0.18%,10.99,-3.34%,"56,844"
PD,660.17M,4.19,6.08,1.11,1.34,3.03,1.49,5.75,13.37%,7.12%,-,5.45%,18.19%,8.56,-3.49%,"1,322,555"
PDBA,-,-,-,-,-,-,-,-,-,-,-,-,-,35.88,1.25%,"64,827"
PDBC,-,-,-,-,-,-,-,-,-,-,-,-,-,16.11,2.09%,"5,542,294"
PDC,14.07M,-,-,-,4.89,26.98,19.02,-,-,-,-26.51%,-,9.16%,4.66,-16.19%,"84,361"
PDCC,83.85M,10.71,-,-,4.23,0.85,81.40,3.94,-,-,-,-,-,10.25,-0.77%,"2,341"
PDD,104.34B,7.99,5.91,0.51,1.67,1.70,1.41,-,-3.41%,20.44%,-,11.55%,47.45%,73.30,-3.22%,"15,439,745"
PDDL,-,-,-,-,-,-,-,-,-,-,-,-,-,10.30,-6.83%,"72,855"
PDEC,-,-,-,-,-,-,-,-,-,-,-,-,-,45.50,0.00%,"10,447"
PDEX,208.52M,18.02,23.49,-,2.79,4.62,18.99,29.92,47.57%,-29.44%,12.25%,-,13.84%,65.31,0.91%,"57,741"
PDFS,2.83B,382.99,43.81,1.52,12.22,9.77,90.79,-,32.71%,25.65%,57.47%,28.83%,19.99%,68.67,8.04%,"887,274"
PDI,7.60B,8.00,-,-,-,-,-,-,-,-,-,-,-,16.47,0.43%,"1,890,916"
PDLB,472.88M,14.99,11.05,-,2.39,1.38,-,10.79,37.50%,7.27%,48.52%,-,25.42%,19.55,-0.66%,"44,549"
PDM,1.16B,-,77.66,-,2.04,0.78,182.49,127.36,80.65%,191.76%,-,-,-0.27%,9.24,4.29%,"1,197,397"
PDN,-,-,-,-,-,-,-,-,-,-,-,-,-,44.72,0.52%,"3,364"
PDO,1.85B,7.20,-,-,-,-,-,-,-,-,-,-,-,12.96,0.08%,"551,623"
PDP,-,-,-,-,-,-,-,-,-,-,-,-,-,151.74,1.92%,"21,248"
PDS,1.02B,-,9.38,-,0.76,0.88,34.48,9.91,5292.30%,51.98%,-,-,13.59%,79.16,2.06%,"75,230"
PDSB,49.90M,-,-,-,-,12.82,2.30,-,32.88%,6.04%,3.46%,16.99%,-,0.89,2.31%,"557,427"
PDT,627.60M,9.18,-,-,10.67,0.91,-,-,-,-,-,-,-,12.76,0.24%,"132,140"
PDX,-,-,-,-,-,-,-,-,-,-,-,-,-,20.89,-0.48%,"76,121"
PDYN,275.43M,-,-,-,38.96,3.94,6.31,-,-482.29%,21.80%,-,-,-9.86%,5.83,-2.51%,"1,154,695"
PEB,2.14B,-,-,-,1.43,0.88,10.92,11.00,63.33%,17.58%,22.58%,22.43%,27.21%,18.90,1.50%,"2,725,814"
PEBK,238.07M,11.99,-,-,2.12,1.51,-,12.28,-,-,13.19%,-,9.51%,43.59,-0.75%,"9,420"
PEBO,1.36B,12.13,10.16,-,2.19,1.11,-,9.50,7.62%,8.63%,11.54%,-,22.83%,37.84,0.34%,"185,447"
PECE,59.52M,-,-,-,-,-,-,-,-,-,-,-,-,9.92,-0.10%,"11,071"
PECO,5.85B,49.58,50.53,24.18,7.86,2.33,261.83,28.05,-12.61%,7.40%,-,2.09%,6.90%,42.21,0.17%,"1,069,804"
PED,158.29M,-,14.69,-,2.05,0.87,13.96,10.30,77.11%,257.28%,24.34%,-,41.52%,11.90,-0.25%,"24,595"
PEG,41.18B,18.27,17.57,2.32,3.16,2.38,101.17,225.01,8.17%,7.35%,2.32%,7.58%,5.71%,82.63,0.83%,"2,798,418"
PEGA,4.80B,15.46,9.32,0.52,2.82,6.87,10.07,9.70,29.49%,13.28%,-,17.89%,11.40%,28.72,-4.01%,"2,019,772"
PEJ,-,-,-,-,-,-,-,-,-,-,-,-,-,65.99,-0.08%,"105,731"
PEMX,-,-,-,-,-,-,-,-,-,-,-,-,-,90.49,1.73%,233
PEN,12.48B,73.03,51.49,2.17,8.58,8.47,20.28,58.68,27.75%,25.65%,-,23.72%,20.16%,317.40,0.33%,"617,210"
PENG,3.39B,95385.71,23.77,1.35,2.51,8.66,6.93,32.19,17.56%,25.79%,-,17.60%,4.05%,66.77,3.17%,"3,066,978"
PENN,2.82B,-,15.46,-,0.40,1.54,3.80,-,112.92%,81.12%,-3.14%,-,14.23%,21.08,3.46%,"3,806,086"
PEO,680.24M,12.19,-,-,33.53,1.03,-,-,-,-,-,-,-,24.74,0.98%,"61,620"
PEP,190.69B,21.91,15.37,2.65,2.00,8.93,17.61,21.57,6.12%,5.06%,3.25%,5.80%,5.94%,139.52,-1.93%,"7,098,613"
PEPG,118.28M,-,-,-,-,0.88,0.89,-,47.45%,-6.47%,-63.43%,20.73%,-,1.71,-3.39%,"253,498"
PEPS,-,-,-,-,-,-,-,-,-,-,-,-,-,31.39,-0.19%,25
PERF,169.07M,29.96,23.97,-,2.38,1.10,1.05,13.19,33.00%,4.14%,-,-15.66%,-,1.66,0.61%,"81,993"
PERI,342.17M,-,6.68,-,0.78,0.54,1.16,6.16,3.98%,10.85%,-,-,6.04%,8.70,-2.90%,"537,527"
PESI,259.53M,-,18.91,-,4.41,5.28,38.97,-,-16.16%,196.10%,-,-,-10.17%,12.24,11.48%,"540,895"
PETS,37.81M,-,19.67,-,0.21,1.31,1.77,-,102.55%,28.57%,-,-,-10.35%,1.77,-1.12%,"40,116"
PETZ,14.40M,8.00,-,-,11.52,0.47,0.43,-,-,-,-,-,8.95%,1.39,3.33%,"3,005"
PEVC,-,-,-,-,-,-,-,-,-,-,-,-,-,28.64,-0.39%,7
PEW,67.32M,-,-,-,0.87,0.65,0.63,-,-92.31%,-8.00%,-,-,-,2.29,-0.87%,"467,407"
PEX,-,-,-,-,-,-,-,-,-,-,-,-,-,21.40,1.21%,750
PEXL,-,-,-,-,-,-,-,-,-,-,-,-,-,73.83,1.51%,"1,216"
PEY,-,-,-,-,-,-,-,-,-,-,-,-,-,23.06,0.48%,"219,906"
PEZ,-,-,-,-,-,-,-,-,-,-,-,-,-,103.21,-0.39%,114
PFAI,42.72M,-,-,-,17.44,14.03,61.91,-,-,-,-,-,-,3.64,-2.67%,203
PFBC,1.40B,9.75,9.32,-,2.77,1.61,-,8.55,2.77%,5.10%,17.47%,-,17.76%,104.74,0.77%,"102,619"
PFD,149.48M,12.11,-,-,8.99,0.92,-,-,-,-,-,-,-,11.63,0.95%,"60,504"
PFDE,-,-,-,-,-,-,-,-,-,-,-,-,-,27.49,0.41%,"15,361"
PFE,134.91B,18.15,8.39,-,2.13,1.50,10.32,14.22,-8.17%,-4.54%,-3.57%,-9.13%,8.48%,23.67,-1.54%,"57,107,226"
PFEB,-,-,-,-,-,-,-,-,-,-,-,-,-,42.69,-0.07%,"18,620"
PFF,-,-,-,-,-,-,-,-,-,-,-,-,-,30.44,-0.78%,"4,772,936"
PFFA,-,-,-,-,-,-,-,-,-,-,-,-,-,20.52,-1.06%,"1,915,702"
PFFD,-,-,-,-,-,-,-,-,-,-,-,-,-,18.65,-0.16%,"666,745"
PFFL,-,-,-,-,-,-,-,-,-,-,-,-,-,7.54,-0.66%,204
PFFR,-,-,-,-,-,-,-,-,-,-,-,-,-,17.42,-0.13%,"44,550"
PFFV,-,-,-,-,-,-,-,-,-,-,-,-,-,22.03,-0.07%,"65,421"
PFG,22.78B,15.07,10.32,1.01,1.47,1.93,-,6.27,12.89%,9.42%,0.80%,10.25%,1.17%,105.44,-1.18%,"2,232,257"
PFGC,16.85B,51.19,18.56,1.18,0.25,3.54,367.12,16.59,3.09%,25.14%,-,15.79%,20.33%,107.27,0.79%,"1,506,061"
PFI,-,-,-,-,-,-,-,-,-,-,-,-,-,60.94,-0.11%,977
PFIG,-,-,-,-,-,-,-,-,-,-,-,-,-,23.93,0.09%,"41,205"
PFIS,652.11M,11.13,8.92,-,2.30,1.24,-,15.81,6.51%,12.92%,7.99%,-,20.90%,65.14,0.22%,"50,412"
PFIX,-,-,-,-,-,-,-,-,-,-,-,-,-,41.85,-0.97%,"444,787"
PFL,380.94M,9.70,-,-,9.53,0.96,-,-,-,-,-,-,-,7.66,0.13%,"241,401"
PFLD,-,-,-,-,-,-,-,-,-,-,-,-,-,19.63,-0.08%,"79,020"
PFLT,721.31M,11.64,6.62,-,3.09,0.69,5.92,10.53,-6.90%,1.72%,8.59%,-2.66%,25.26%,7.27,1.25%,"837,765"
PFM,-,-,-,-,-,-,-,-,-,-,-,-,-,55.04,0.32%,"18,428"
PFN,682.31M,13.31,-,-,8.23,0.96,-,-,-,-,-,-,-,6.92,0.73%,"472,881"
PFO,119.79M,11.31,-,-,8.35,0.89,-,-,-,-,-,-,-,9.16,0.33%,"18,003"
PFOE,-,-,-,-,-,-,-,-,-,-,-,-,-,22.62,0.07%,"14,171"
PFRL,-,-,-,-,-,-,-,-,-,-,-,-,-,49.69,0.13%,"35,108"
PFS,3.08B,10.06,9.34,-,2.20,1.08,-,7.25,5.96%,7.01%,9.89%,-,25.93%,23.62,1.07%,"1,005,158"
PFSA,0.55M,-,-,-,-,-,1.46,-,-,-,-,-,-,0.12,-9.23%,"2,765,790"
PFSI,4.38B,8.96,5.88,0.31,0.92,1.01,6.70,-,10.06%,40.07%,-14.97%,18.79%,0.08%,84.30,1.14%,"394,558"
PFX,82.72M,-,21.73,-,6.65,0.54,26.94,-,-6.62%,-17.23%,-,-,-,42.80,-0.70%,331
PFXF,-,-,-,-,-,-,-,-,-,-,-,-,-,17.84,-1.00%,"857,988"
PG,345.80B,21.72,21.01,6.65,3.99,6.43,28.10,23.01,0.83%,2.62%,5.58%,3.16%,3.50%,148.50,-2.33%,"11,029,519"
PGAC,31.68M,52.88,-,-,-,1.09,352.00,-,-,-,-,-,-,10.65,0.00%,0
PGC,822.14M,18.75,9.55,-,1.80,1.23,-,12.98,82.60%,29.51%,8.91%,-,14.30%,46.40,0.26%,"173,993"
PGEN,1.97B,-,27.41,-,62.30,97.08,34.99,-,97.89%,796.39%,-6.02%,-,-37.70%,5.52,2.22%,"5,345,585"
PGF,-,-,-,-,-,-,-,-,-,-,-,-,-,13.65,-0.07%,"124,142"
PGHY,-,-,-,-,-,-,-,-,-,-,-,-,-,19.75,-0.08%,"82,798"
PGJ,-,-,-,-,-,-,-,-,-,-,-,-,-,21.91,-2.80%,"14,813"
PGNY,2.14B,35.56,18.38,0.51,1.66,4.88,9.48,11.63,99.49%,14.91%,6.78%,36.07%,30.17%,27.38,1.82%,"789,271"
PGP,98.26M,4.04,-,-,8.78,0.95,-,-,-,-,-,-,-,8.48,0.24%,"42,386"
PGR,125.95B,10.95,13.21,-,1.41,3.93,-,7.67,-4.79%,-5.14%,14.75%,-3.77%,15.50%,215.54,-2.25%,"3,779,272"
PGRI,-,-,-,-,-,-,-,-,-,-,-,-,-,27.05,0.53%,6
PGRO,-,-,-,-,-,-,-,-,-,-,-,-,-,45.72,-0.66%,"10,305"
PGX,-,-,-,-,-,-,-,-,-,-,-,-,-,10.82,-0.09%,"2,762,820"
PGY,1.28B,15.44,7.96,0.18,1.00,2.42,3.38,5.48,48.75%,40.56%,-10.73%,44.40%,68.91%,15.48,1.84%,"3,690,435"
PGZ,67.41M,13.08,-,-,-,-,-,-,-,-,-,-,-,10.07,0.30%,"9,226"
PH,124.81B,36.52,29.11,2.63,5.95,8.54,262.21,33.93,14.61%,8.58%,23.89%,11.07%,7.71%,989.91,3.00%,"434,263"
PHAR,937.26M,76.97,67.96,0.63,2.53,3.46,5.48,18.47,388.12%,0.00%,-41.23%,108.65%,12.25%,13.27,2.23%,"10,883"
PHAT,824.68M,-,8.68,-,4.02,-,4.56,-,79.43%,291.03%,4.82%,-,-,10.34,-2.54%,"1,082,356"
PHDG,-,-,-,-,-,-,-,-,-,-,-,-,-,40.50,-0.54%,"36,086"
PHEQ,-,-,-,-,-,-,-,-,-,-,-,-,-,34.24,0.25%,"32,830"
PHG,26.51B,23.41,13.76,2.33,1.30,1.98,8.88,12.06,-4.04%,11.20%,-4.98%,5.91%,0.39%,27.29,2.10%,"848,386"
PHGE,4.66M,-,-,-,-,-,3.98,-,-,-,38.28%,-,-,0.40,-5.17%,"315,653"
PHI,3.88B,7.85,6.81,1.19,1.02,1.88,15.70,-,2.66%,6.64%,0.36%,5.73%,0.80%,17.94,0.06%,"159,235"
PHIN,3.15B,23.75,12.60,0.91,0.88,2.03,9.59,15.43,22.87%,10.67%,-,13.87%,27.49%,85.01,1.82%,"456,506"
PHIO,11.15M,-,-,-,-,0.68,0.65,-,5.17%,37.45%,62.91%,-,-,0.96,-5.90%,"429,545"
PHK,855.88M,9.00,-,-,9.17,0.98,-,-,-,-,-,-,-,4.59,0.88%,"601,084"
PHM,25.87B,13.13,12.21,2.09,1.54,2.00,14.03,14.02,-10.08%,11.26%,16.53%,5.84%,9.42%,135.81,0.07%,"1,780,012"
PHO,-,-,-,-,-,-,-,-,-,-,-,-,-,69.15,1.83%,"126,885"
PHOE,385.56M,5100.00,-,-,423.70,400.22,1927.82,-,-,-,-,-,-,17.85,1.65%,"9,221"
PHR,564.35M,61.36,14.10,0.08,1.14,1.57,7.55,8.00,902.56%,61.50%,-,168.43%,26.45%,9.13,-4.80%,"1,266,999"
PHUN,38.64M,-,-,-,16.03,0.41,0.39,-,0.00%,-,53.17%,-,-23.90%,1.89,-1.05%,"78,790"
PHVS,2.33B,-,-,-,-,8.00,8.18,-,11.21%,10.38%,-21.68%,31.70%,-,33.30,0.03%,"496,188"
PHYL,-,-,-,-,-,-,-,-,-,-,-,-,-,35.09,0.09%,"134,643"
PHYS,14.44B,-,-,-,-,-,-,-,-,-,-,-,-,30.30,1.07%,"6,564,051"
PI,4.09B,-,47.63,2.08,11.33,20.06,31.03,66.94,-10.83%,49.90%,30.45%,22.87%,21.05%,134.32,4.95%,"411,493"
PICB,-,-,-,-,-,-,-,-,-,-,-,-,-,23.06,0.17%,"76,597"
PICK,-,-,-,-,-,-,-,-,-,-,-,-,-,58.64,0.58%,"1,584,773"
PICS,1.29B,5835.29,3.10,0.04,0.59,1.11,1.50,0.50,74.04%,119.50%,-,73.77%,-,9.92,-0.50%,"261,496"
PID,-,-,-,-,-,-,-,-,-,-,-,-,-,22.18,0.27%,"147,859"
PIE,-,-,-,-,-,-,-,-,-,-,-,-,-,32.63,1.22%,"75,875"
PIEL,-,-,-,-,-,-,-,-,-,-,-,-,-,29.05,0.00%,0
PIEQ,-,-,-,-,-,-,-,-,-,-,-,-,-,35.27,0.77%,"38,330"
PIFI,-,-,-,-,-,-,-,-,-,-,-,-,-,94.33,0.06%,8
PII,4.10B,-,22.75,-,0.56,5.47,14.55,18.48,18773.96%,69.83%,-,-,0.35%,72.15,1.73%,"616,835"
PIII,77.38M,-,-,-,0.05,-,2.96,-,81.34%,64.54%,-2.64%,-,24.33%,10.68,-4.13%,"26,403"
PILL,-,-,-,-,-,-,-,-,-,-,-,-,-,16.44,-0.48%,"86,448"
PIM,152.26M,14.36,-,-,14.38,0.91,-,-,-,-,-,-,-,3.16,-0.32%,"13,865"
PINC,-,-,-,-,-,-,-,-,-,-,-,-,-,50.21,0.17%,46
PINE,334.63M,-,34.67,-,5.17,1.07,12.37,-,335.97%,12.51%,-,-,25.75%,20.25,0.35%,"302,230"
PINK,-,-,-,-,-,-,-,-,-,-,-,-,-,38.40,0.81%,"163,378"
PINS,10.91B,40.40,8.71,0.55,2.49,3.92,8.40,9.04,18.28%,18.13%,-,15.97%,20.06%,19.48,-1.91%,"14,008,122"
PIO,-,-,-,-,-,-,-,-,-,-,-,-,-,44.96,1.17%,"7,211"
PIPE,-,-,-,-,-,-,-,-,-,-,-,-,-,30.20,1.78%,857
PIPR,5.52B,19.63,13.78,-,2.73,3.93,16.02,9.51,6.37%,19.45%,42.22%,-,8.74%,77.66,-1.80%,"611,670"
PIT,-,-,-,-,-,-,-,-,-,-,-,-,-,66.14,2.13%,"9,182"
PIZ,-,-,-,-,-,-,-,-,-,-,-,-,-,55.54,0.25%,"40,993"
PJAN,-,-,-,-,-,-,-,-,-,-,-,-,-,49.13,-0.05%,"41,741"
PJBF,-,-,-,-,-,-,-,-,-,-,-,-,-,68.33,0.89%,111
PJFG,-,-,-,-,-,-,-,-,-,-,-,-,-,110.65,-1.39%,"29,270"
PJFM,-,-,-,-,-,-,-,-,-,-,-,-,-,69.26,1.24%,2
PJFV,-,-,-,-,-,-,-,-,-,-,-,-,-,97.73,0.97%,"13,282"
PJIO,-,-,-,-,-,-,-,-,-,-,-,-,-,68.99,2.12%,253
PJP,-,-,-,-,-,-,-,-,-,-,-,-,-,115.68,0.68%,"4,780"
PJT,3.94B,34.90,17.83,1.63,2.18,14.48,10.14,6.41,8.11%,13.26%,8.69%,10.93%,10.24%,152.39,-0.51%,"611,408"
PJUL,-,-,-,-,-,-,-,-,-,-,-,-,-,48.75,0.08%,"69,397"
PJUN,-,-,-,-,-,-,-,-,-,-,-,-,-,42.80,-0.12%,"109,789"
PJUS,-,-,-,-,-,-,-,-,-,-,-,-,-,50.19,-0.15%,101
PK,2.93B,-,26.06,-,1.16,0.95,15.44,41.32,132.59%,19.97%,25.27%,-,24.43%,14.57,1.60%,"4,417,485"
PKB,-,-,-,-,-,-,-,-,-,-,-,-,-,113.97,1.95%,"38,455"
PKBK,381.96M,9.29,-,-,2.57,1.14,-,8.44,-,-,5.89%,-,10.42%,32.56,-0.55%,"43,424"
PKE,667.25M,57.15,-,-,9.10,5.13,7.47,70.53,25.00%,-,18.73%,22.92%,9.64%,31.96,0.69%,"278,076"
PKG,21.48B,29.32,19.52,1.92,2.33,4.68,39.51,30.59,5.19%,19.30%,12.11%,10.19%,6.19%,241.09,1.36%,"422,966"
PKOH,551.17M,21.93,11.25,-,0.34,1.45,11.80,1837.22,13.83%,10.74%,-,-,4.31%,38.28,4.79%,"98,723"
PKW,-,-,-,-,-,-,-,-,-,-,-,-,-,140.81,0.38%,"21,425"
PKX,15.78B,27.16,10.21,0.17,0.32,0.43,2.96,-,183.72%,26.43%,-18.57%,59.08%,-0.15%,52.17,-2.52%,"572,263"
PL,9.45B,-,-,-,28.15,21.29,12.91,202.97,-166.12%,78.13%,22.92%,-,22.15%,26.51,0.80%,"11,463,052"
PLA,-,-,-,-,-,-,-,-,-,-,-,-,-,22.63,-2.92%,"14,171"
PLAB,1.94B,12.03,16.22,-,2.25,1.54,3.04,20.11,-8.21%,9.76%,34.53%,-,6.85%,32.85,3.79%,"1,164,575"
PLAG,25.19M,-,-,-,2.94,-,4.60,8.07,-,-,21.08%,-,-3.53%,1.77,10.62%,"41,027"
PLAY,393.12M,-,-,-,0.19,3.95,20.06,-,39.91%,75.63%,21.63%,15.32%,36.95%,11.30,-6.53%,"1,159,251"
PLBC,398.64M,12.11,9.92,-,3.46,1.50,-,17.47,22.13%,2.49%,10.43%,-,17.37%,57.21,-0.69%,"32,289"
PLBL,2.99B,-,-,-,-,1.56,37371.54,-,-,-,-,-,-,8.16,4.75%,"154,601"
PLBY,155.39M,-,22.33,-,1.27,4.62,5.13,-,97.44%,1900.18%,11.84%,-,-3.92%,1.34,-4.29%,"780,717"
PLCE,65.60M,-,-,-,0.06,-,13.72,-,-25.76%,55.98%,16.02%,-,-4.51%,2.95,-1.01%,"232,944"
PLD,131.02B,35.40,35.80,8.01,14.64,2.45,152.15,30.80,-6.37%,17.76%,12.73%,4.47%,14.64%,140.53,-0.24%,"3,895,305"
PLG,164.88M,-,-,-,-,2.28,3.69,-,-100.00%,12.50%,17.97%,-,-,1.30,-1.52%,"1,079,426"
PLGI,-,-,-,-,-,-,-,-,-,-,-,-,-,23.84,-1.72%,775
PLGO,2.03B,6.35,5.72,0.17,0.83,0.90,-,6.83,89.38%,14.20%,14.36%,34.37%,26.40%,23.77,-0.54%,"265,100"
PLMK,257.70M,42.47,-,-,-,1.47,2863.31,-,-,-,-,-,-,10.63,-0.09%,"206,733"
PLMR,3.12B,16.40,10.64,0.67,3.19,3.26,-,8.25,25.00%,12.70%,96.55%,15.85%,39.05%,117.84,-0.90%,"220,344"
PLNT,4.13B,18.77,14.40,1.37,2.98,-,7.43,15.52,4.26%,12.69%,-,10.54%,26.63%,51.94,-3.56%,"1,796,120"
PLOO,-,-,-,-,-,-,-,-,-,-,-,-,-,13.83,0.00%,0
PLOW,1.24B,24.08,16.92,1.01,1.82,4.43,238.56,19.68,30.47%,8.30%,-,16.81%,6.44%,53.54,6.42%,"511,948"
PLPC,1.98B,58.29,35.87,2.54,2.84,4.18,28.50,57.03,12.07%,15.79%,3.61%,14.12%,7.49%,405.00,5.38%,"132,278"
PLRX,69.97M,-,-,-,-,0.42,0.41,-,42.05%,25.19%,-15.81%,26.95%,-,1.13,0.00%,"442,396"
PLRZ,23.80M,-,-,-,-,0.87,1.94,-,-,-,39.74%,-,-,11.42,-4.36%,"14,000"
PLSE,1.90B,-,-,-,2538.15,28.30,27.86,-,-51.54%,-4.96%,12.82%,-6.05%,-,27.50,7.44%,"272,711"
PLSM,38.35M,-,-,-,3.20,1.47,1.76,-,-,-,-1.94%,-,-,5.90,-10.47%,"1,336,774"
PLTA,-,-,-,-,-,-,-,-,-,-,-,-,-,8.21,-10.95%,"71,398"
PLTD,-,-,-,-,-,-,-,-,-,-,-,-,-,9.65,5.23%,"54,898,211"
PLTG,-,-,-,-,-,-,-,-,-,-,-,-,-,7.66,-10.93%,"504,708"
PLTK,1.37B,-,5.19,-,0.49,-,1.76,2.40,177.89%,62.35%,-,-,3.05%,3.61,-6.23%,"1,224,185"
PLTM,-,-,-,-,-,-,-,-,-,-,-,-,-,15.33,1.86%,"268,209"
PLTR,257.16B,120.85,51.77,0.87,49.22,30.43,32.00,95.66,93.87%,42.51%,-,59.78%,32.58%,107.27,-5.49%,"60,618,641"
PLTU,-,-,-,-,-,-,-,-,-,-,-,-,-,21.44,-10.78%,"3,872,242"
PLTW,-,-,-,-,-,-,-,-,-,-,-,-,-,15.16,-6.48%,"223,756"
PLTY,-,-,-,-,-,-,-,-,-,-,-,-,-,26.24,-5.81%,"279,799"
PLTZ,-,-,-,-,-,-,-,-,-,-,-,-,-,43.15,10.73%,"666,279"
PLU,-,-,-,-,-,-,-,-,-,-,-,-,-,15.01,2.18%,"192,030"
PLUG,3.59B,-,-,-,4.85,4.78,8.81,-,76.19%,52.22%,3.27%,57.05%,18.29%,2.57,-1.53%,"46,947,014"
PLUL,-,-,-,-,-,-,-,-,-,-,-,-,-,12.10,-4.49%,"31,645"
PLUN,130.74M,-,-,-,-,-,13073.80,-,-,-,-,-,-,9.98,0.10%,"250,000"
PLUR,23.30M,-,-,-,21.58,-,2.44,-,-,-,22.58%,-,125.33%,2.16,1.89%,"6,096"
PLUS,2.12B,16.57,13.57,-,0.87,1.99,5.16,-,1.95%,8.74%,11.99%,-,9.47%,81.06,0.31%,"200,044"
PLUT,46.05M,-,-,-,-,-,-,-,-,-,-,-,-,3.00,-0.55%,"1,530"
PLX,178.87M,12.11,44.40,-,2.34,2.66,3.45,13.76,343.75%,-74.36%,17.78%,-,-3.46%,2.22,-0.89%,"394,805"
PLXS,7.94B,43.38,31.32,2.67,1.84,5.33,26.19,104.78,10.34%,15.59%,9.78%,11.72%,3.53%,296.79,3.56%,"311,245"
PLYX,109.36M,-,-,-,-,43.96,35.51,-,40.00%,-133.33%,-,-,-,2.31,-3.75%,"32,384"
PLYY,-,-,-,-,-,-,-,-,-,-,-,-,-,8.74,-1.46%,"27,539"
PM,278.87B,25.20,19.60,2.01,6.73,-,50.98,26.15,10.97%,9.08%,7.09%,9.77%,7.15%,178.93,0.08%,"3,149,128"
PMAP,-,-,-,-,-,-,-,-,-,-,-,-,-,27.21,-0.15%,4
PMAR,-,-,-,-,-,-,-,-,-,-,-,-,-,47.42,-0.06%,"13,590"
PMAU,-,-,-,-,-,-,-,-,-,-,-,-,-,26.57,0.00%,0
PMAX,4.05M,-,-,-,0.66,0.02,4.60,-,-,-,-,-,-,2.36,-5.60%,"71,113"
PMAY,-,-,-,-,-,-,-,-,-,-,-,-,-,40.97,-0.05%,"45,859"
PMBS,-,-,-,-,-,-,-,-,-,-,-,-,-,49.55,0.08%,"108,451"
PMCB,8.14M,-,-,-,-,0.21,0.40,-,-,-,-,-,-,0.76,-1.20%,"75,747"
PMEC,26.89M,-,-,-,0.36,1.83,4.72,-,-,-,-,-,9.25%,0.70,-5.21%,"162,038"
PMFB,-,-,-,-,-,-,-,-,-,-,-,-,-,27.27,0.00%,0
PMI,14.79M,-,-,-,2.70,-,123.22,-,77.33%,47.06%,-,-,-,0.16,-5.88%,"2,794,203"
PMIO,-,-,-,-,-,-,-,-,-,-,-,-,-,51.20,0.09%,"1,541"
PMJA,-,-,-,-,-,-,-,-,-,-,-,-,-,27.36,0.00%,0
PMJL,-,-,-,-,-,-,-,-,-,-,-,-,-,26.59,-0.02%,159
PMJN,-,-,-,-,-,-,-,-,-,-,-,-,-,26.57,-0.02%,8
PML,943.52M,752.00,-,-,15.11,0.93,-,-,-,-,-,-,-,7.52,-0.27%,"557,013"
PMM,271.99M,35.28,-,-,13.78,0.95,-,-,-,-,-,-,-,6.35,-0.47%,"57,637"
PMMF,-,-,-,-,-,-,-,-,-,-,-,-,-,100.27,0.00%,"182,370"
PMMR,-,-,-,-,-,-,-,-,-,-,-,-,-,27.01,-0.00%,4
PMMY,-,-,-,-,-,-,-,-,-,-,-,-,-,26.74,0.00%,0
PMN,22.06M,-,-,-,-,1.51,0.35,-,76.54%,23.32%,-0.39%,45.06%,-,10.25,0.10%,"12,100"
PMNV,-,-,-,-,-,-,-,-,-,-,-,-,-,25.83,0.00%,0
PMO,292.90M,59.39,-,-,13.57,0.94,-,-,-,-,-,-,-,10.69,0.09%,"76,297"
PMOC,-,-,-,-,-,-,-,-,-,-,-,-,-,25.97,0.02%,87
PMSE,-,-,-,-,-,-,-,-,-,-,-,-,-,26.25,0.02%,10
PMT,916.50M,9.07,7.00,0.42,0.51,0.69,2.28,-,21.95%,24.36%,29.31%,16.50%,3.52%,10.51,0.48%,"1,232,396"
PMTR,321.20M,46.98,-,-,-,1.33,642.40,-,-,-,-,-,-,10.42,0.10%,316
PMTS,222.97M,18.81,6.35,-,0.39,-,11.55,4.36,8.59%,31.33%,-2.67%,-,11.73%,19.43,2.91%,"28,154"
PMVP,61.33M,-,-,-,-,0.70,0.66,-,1.13%,23.69%,-13.98%,13.14%,-,1.15,-2.54%,"223,371"
PN,51.81M,-,-,-,5.90,1.75,32.18,1295.30,-,-,-,-,9.11%,3.62,-2.43%,"52,632"
PNBK,124.73M,-,-,-,2.04,1.38,-,-,-,-,29.80%,-,7.91%,1.06,-1.85%,"261,304"
PNC,98.50B,14.24,11.62,0.98,2.85,1.71,-,10.45,11.70%,13.95%,-0.44%,11.90%,13.20%,245.28,2.23%,"2,583,161"
PNFP,14.91B,13.67,8.37,0.49,3.55,1.08,-,8.90,22.94%,14.61%,14.90%,16.99%,20.59%,98.70,1.73%,"1,060,929"
PNI,78.46M,-,-,-,7.57,0.90,-,-,-,-,-,-,-,7.00,0.14%,"225,117"
PNNT,216.13M,15.65,5.87,-,1.48,0.49,4.82,1.85,-21.35%,1.00%,-,-16.05%,-2.50%,3.31,-2.07%,"1,152,847"
PNOV,-,-,-,-,-,-,-,-,-,-,-,-,-,43.98,0.02%,"23,237"
PNQI,-,-,-,-,-,-,-,-,-,-,-,-,-,43.92,-2.67%,"36,826"
PNR,12.28B,18.65,13.06,1.56,2.92,3.22,181.42,17.16,8.79%,8.69%,13.02%,8.40%,6.71%,76.00,1.59%,"4,785,182"
PNRG,276.36M,19.06,29.35,-,1.55,1.27,14.27,8.69,-9.81%,-58.34%,-,-0.41%,28.80%,170.80,-0.62%,"45,998"
PNTG,1.25B,41.95,22.53,1.28,1.22,3.60,253.85,30.54,14.65%,17.63%,9.97%,17.62%,19.37%,35.85,3.67%,"198,260"
PNW,13.00B,20.01,19.33,2.92,2.38,1.84,1911.91,-,-6.09%,17.01%,0.73%,6.62%,8.28%,107.28,1.81%,"1,510,453"
POAS,7.87M,-,-,-,-,-,262.22,-,-,-,-,-,-,0.27,-4.88%,"381,412"
POCI,55.71M,-,-,-,1.93,2.77,5.22,-,-,-,-20.93%,-,13.98%,5.09,-0.97%,"36,100"
POCT,-,-,-,-,-,-,-,-,-,-,-,-,-,46.03,-0.09%,"38,979"
PODC,107.20M,-,52.00,-,1.74,5.10,30.54,37.75,106.67%,1024.94%,7.03%,-,20.94%,3.90,-3.47%,"76,957"
PODD,10.65B,35.80,18.96,0.70,3.67,8.18,22.18,25.63,30.46%,25.16%,102.14%,27.14%,24.53%,153.82,3.32%,"2,007,554"
POEL,-,-,-,-,-,-,-,-,-,-,-,-,-,20.74,-10.99%,"1,193,204"
POET,1.75B,-,-,-,1240.00,3.45,4.07,-,-90.36%,41.18%,-1.65%,-,-,10.13,-4.97%,"20,419,011"
POLA,6.04M,-,-,-,0.96,2.53,201.35,-,-,-,12.57%,-,-6.94%,1.66,-7.78%,"76,182"
POLE,317.65M,40.08,-,-,-,1.35,2117.70,-,-,-,-,-,-,10.76,0.13%,"3,974"
POM,9.61M,-,-,-,-,-,-,-,-,-,-10.17%,-,22.15%,1.42,6.77%,"102,150"
PONO,173.07M,-,-,-,-,1.20,293.33,-,-,-,-,-,-,9.98,0.05%,100
PONX,-,-,-,-,-,-,-,-,-,-,-,-,-,3.20,-8.81%,"105,481"
PONY,2.44B,-,-,-,22.08,1.86,2.28,-,-77.83%,2.73%,16.69%,-2.99%,82.54%,6.93,-3.88%,"3,382,945"
POOL,7.56B,19.08,17.24,2.40,1.41,6.67,117.24,24.17,3.19%,8.65%,3.86%,7.18%,6.09%,207.38,0.98%,"944,247"
POR,5.97B,23.04,14.46,1.96,1.79,1.45,746.46,90.48,11.19%,5.24%,9.83%,7.37%,10.15%,51.60,-0.92%,"1,049,441"
POST,4.05B,15.02,10.29,0.97,0.48,1.27,14.91,7.83,6.70%,12.48%,244.23%,10.56%,7.44%,89.26,-1.74%,"953,291"
POW,-,-,-,-,-,-,-,-,-,-,-,-,-,30.48,0.73%,"32,241"
POWA,-,-,-,-,-,-,-,-,-,-,-,-,-,87.94,0.25%,"3,618"
POWI,4.73B,284.88,45.65,1.59,10.59,7.02,18.37,55.92,6.72%,39.28%,-19.63%,28.79%,-1.91%,84.81,3.60%,"1,014,104"
POWL,11.26B,60.43,47.08,2.77,9.95,15.89,20.67,58.51,10.30%,20.21%,59.82%,17.02%,16.32%,309.20,5.00%,"765,122"
POWR,-,-,-,-,-,-,-,-,-,-,-,-,-,27.99,1.52%,"237,481"
POWW,255.56M,-,220.00,-,5.00,1.09,3.75,-,140.00%,-50.00%,16.88%,-,-3.93%,2.20,-5.98%,"1,364,329"
PPA,-,-,-,-,-,-,-,-,-,-,-,-,-,171.69,0.37%,"246,476"
PPBT,2.83M,-,-,-,-,0.17,0.44,-,90.34%,83.43%,29.92%,86.03%,-,1.75,0.00%,"26,504"
PPC,6.37B,7.19,7.47,-,0.34,1.71,11.74,11.84,-36.27%,8.77%,63.80%,-10.63%,8.88%,26.77,-2.87%,"1,556,139"
PPCB,3.44M,-,-,-,-,0.13,7.81,-,-,-,98.33%,-,-,1.51,1.34%,"122,438"
PPG,27.28B,17.54,14.16,1.83,1.69,3.37,16.80,22.24,3.90%,9.79%,9.22%,7.73%,2.79%,122.40,1.17%,"1,622,616"
PPH,-,-,-,-,-,-,-,-,-,-,-,-,-,106.81,1.02%,"381,421"
PPHC,215.43M,-,5.80,-,1.30,1.95,5.03,13.11,-15.56%,7.84%,-165.77%,-1.72%,19.21%,7.34,-4.43%,"112,916"
PPI,-,-,-,-,-,-,-,-,-,-,-,-,-,21.33,0.75%,"15,162"
PPIH,221.83M,16.11,10.83,1.29,1.03,2.40,6.97,58.69,0.96%,19.43%,-,8.37%,20.02%,27.30,-0.44%,"94,474"
PPL,27.84B,22.75,17.47,2.10,2.99,1.85,22.25,-,7.83%,8.51%,-3.63%,8.31%,10.56%,37.00,0.22%,"11,551,714"
PPLI,3.15B,31.27,41.45,-,1.40,0.69,2.83,55.39,43.57%,239.19%,-,-,-2.84%,42.33,-0.59%,"676,088"
PPLT,-,-,-,-,-,-,-,-,-,-,-,-,-,14.49,1.83%,"2,915,321"
PPSI,42.28M,-,-,-,1.68,1.58,3.11,-,19.83%,74.19%,-11.16%,-,7.23%,3.81,-3.30%,"82,399"
PPT,328.75M,11.10,-,-,15.71,0.91,-,-,-,-,-,-,-,3.44,0.58%,"67,141"
PPTA,2.65B,-,-,-,-,3.25,3.96,-,13.33%,42.84%,30.08%,-,-,21.20,0.38%,"1,263,963"
PPTY,-,-,-,-,-,-,-,-,-,-,-,-,-,34.21,0.62%,"1,689"
PQAP,-,-,-,-,-,-,-,-,-,-,-,-,-,31.74,0.23%,"2,577"
PQDI,-,-,-,-,-,-,-,-,-,-,-,-,-,19.43,0.05%,621
PQJA,-,-,-,-,-,-,-,-,-,-,-,-,-,31.36,0.19%,"2,306"
PQJL,-,-,-,-,-,-,-,-,-,-,-,-,-,31.16,0.05%,"2,751"
PQNT,-,-,-,-,-,-,-,-,-,-,-,-,-,22.51,0.70%,146
PQOC,-,-,-,-,-,-,-,-,-,-,-,-,-,30.94,0.15%,"2,731"
PQUS,-,-,-,-,-,-,-,-,-,-,-,-,-,27.21,-0.12%,"1,714"
PR,15.79B,21.95,8.98,0.48,3.11,1.39,92.47,46.79,29.87%,26.40%,-,18.53%,54.23%,18.86,0.86%,"11,609,469"
PRA,1.29B,19.85,20.00,7.66,1.19,0.96,-,-,-24.27%,1.89%,-,2.61%,4.66%,25.00,0.00%,"3,381,597"
PRAA,693.41M,-,6.44,-,0.54,0.69,3.72,-,132.28%,12.33%,-,-,3.40%,18.18,1.00%,"603,401"
PRAB,-,-,-,-,-,-,-,-,-,-,-,-,-,25.01,0.04%,"213,359"
PRAE,-,-,-,-,-,-,-,-,-,-,-,-,-,39.58,0.86%,4
PRAX,9.14B,-,-,-,-,6.48,11.62,-,-12.53%,30.29%,13.34%,-,-,327.86,6.12%,"859,525"
PRAY,-,-,-,-,-,-,-,-,-,-,-,-,-,35.08,0.56%,"15,589"
PRCH,1.41B,-,64.65,-,2.93,-,18.50,15.71,-41.67%,570.59%,56.28%,-,46.17%,12.93,-1.67%,"1,510,023"
PRCS,-,-,-,-,-,-,-,-,-,-,-,-,-,28.03,0.92%,"14,761"
PRCT,1.22B,-,-,-,3.80,3.52,4.98,-,11.01%,39.73%,-7.02%,27.78%,109.04%,21.49,3.07%,"1,738,560"
PRDO,2.07B,12.61,10.47,-,2.42,2.07,3.04,9.36,20.66%,7.88%,6.75%,-,4.24%,32.98,0.27%,"505,436"
PRE,332.36M,-,-,-,2.99,2.73,3.13,-,13.93%,81.61%,34.71%,-,-23.93%,19.75,0.15%,"55,895"
PREF,-,-,-,-,-,-,-,-,-,-,-,-,-,19.03,-0.08%,"148,627"
PRF,-,-,-,-,-,-,-,-,-,-,-,-,-,53.74,0.45%,"437,118"
PRFD,-,-,-,-,-,-,-,-,-,-,-,-,-,51.31,0.08%,"4,756"
PRFX,1.38M,-,-,-,69.22,0.16,0.33,-,-,-,55.23%,-,-,1.60,13.48%,"14,669,241"
PRFZ,-,-,-,-,-,-,-,-,-,-,-,-,-,54.12,0.99%,"114,507"
PRG,1.74B,11.90,8.14,0.43,0.69,2.25,21.88,6.09,32.48%,14.68%,-,19.10%,-0.61%,43.41,5.06%,"938,279"
PRGO,1.34B,-,4.09,-,0.32,0.53,3.75,12.44,-23.02%,11.77%,-53.83%,-0.92%,0.80%,9.68,-0.82%,"2,655,698"
PRGS,1.25B,15.22,4.92,1.95,1.27,2.51,11.08,4.99,4.57%,1.33%,-1.14%,2.52%,17.20%,29.81,-0.50%,"961,595"
PRHI,17.31M,-,-,-,0.44,0.69,-,-,-,-,-,-,-15.95%,4.62,-0.43%,"21,002"
PRI,8.77B,11.79,10.60,1.30,2.57,3.50,-,10.21,6.63%,8.58%,19.08%,8.13%,8.05%,281.37,-0.05%,"183,676"
PRIM,5.17B,21.07,17.65,4.64,0.69,3.07,14.09,31.45,-62.03%,153.30%,18.37%,3.80%,16.75%,95.38,2.90%,"1,865,703"
PRIV,-,-,-,-,-,-,-,-,-,-,-,-,-,25.19,-0.16%,"119,104"
PRIZ,-,-,-,-,-,-,-,-,-,-,-,-,-,25.07,0.08%,"2,097"
PRK,3.29B,16.65,14.36,-,4.73,1.93,-,15.91,9.18%,2.90%,7.35%,-,6.57%,181.62,0.44%,"73,284"
PRKS,2.19B,17.53,11.42,1.05,1.32,-,75.57,11.45,14.84%,15.66%,-,10.89%,30.95%,46.40,-1.00%,"458,228"
PRLB,1.93B,76.32,36.65,-,3.54,2.83,14.18,34.18,21.79%,9.61%,-14.26%,-,4.18%,81.22,1.74%,"190,132"
PRLD,326.55M,-,-,-,19.53,4.29,4.00,-,50.00%,4.91%,0.15%,62.14%,-,4.10,-3.98%,"375,180"
PRM,6.02B,-,18.95,1.11,8.53,5.00,65.70,59.36,30.15%,11.66%,-,17.08%,13.97%,36.90,3.25%,"2,015,249"
PRMB,9.06B,158.70,16.90,1.80,1.36,3.07,31.45,26.84,-3.51%,15.20%,-,9.41%,27.82%,24.98,2.17%,"3,149,931"
PRME,574.37M,-,-,-,142.52,7.49,4.24,-,25.99%,9.17%,-91.28%,15.54%,-2.32%,3.18,1.92%,"2,831,977"
PRMR,-,-,-,-,-,-,-,-,-,-,-,-,-,27.74,1.29%,"8,785"
PRN,-,-,-,-,-,-,-,-,-,-,-,-,-,257.78,2.20%,"85,819"
PRNT,-,-,-,-,-,-,-,-,-,-,-,-,-,24.26,1.08%,"14,350"
PROF,231.49M,-,-,-,12.31,3.90,4.60,-,40.14%,10.90%,-2.41%,-,17.12%,6.37,-2.15%,"35,543"
PROK,513.51M,-,-,-,576.97,-,2.28,-,-23.95%,-2.89%,12.93%,10.52%,-,1.70,-3.95%,"1,116,207"
PROP,68.25M,-,0.85,-,0.22,149.06,262.48,33.45,149.68%,22.28%,39.42%,-,257.76%,0.70,6.72%,"3,509,126"
PROV,107.37M,18.50,13.11,-,1.81,0.86,-,14.51,19.35%,18.02%,-1.83%,-,5.07%,17.17,0.29%,"2,696"
PRPL,42.61M,-,-,-,0.09,-,1.71,-,17.10%,23.17%,39.84%,32.80%,-6.29%,0.39,0.39%,"428,252"
PRPO,40.04M,-,-,-,1.55,2.82,15.40,71.51,-,-,57.83%,-,31.60%,22.41,-2.42%,"18,353"
PRQR,164.89M,-,-,-,10.62,3.81,1.76,-,-25.21%,-16.40%,15.68%,8.84%,-,1.57,-13.54%,"10,260,774"
PRSD,-,-,-,-,-,-,-,-,-,-,-,-,-,25.06,0.12%,"18,201"
PRSO,11.66M,-,-,-,1.26,2.17,4.37,-,-1.67%,49.18%,65.81%,-,6.05%,0.79,-3.55%,"465,380"
PRSU,1.48B,51.75,29.22,0.72,3.17,2.36,42.92,-,104.38%,13.46%,-,40.74%,1.72%,54.20,1.40%,"337,738"
PRT,27.49M,7.53,-,-,6.06,1.05,26.44,-,-,-,19.80%,-,11.96%,2.26,-1.74%,"50,727"
PRTA,485.31M,-,-,-,8.38,1.57,1.47,-,101.03%,-2307.13%,-10.24%,-,62.56%,9.27,-1.38%,"964,889"
PRTH,577.31M,9.97,5.60,0.59,0.59,-,5.32,30.27,8.50%,12.08%,12.37%,9.44%,18.71%,7.01,-1.13%,"363,907"
PRTO,-,-,-,-,-,-,-,-,-,-,-,-,-,27.53,1.12%,225
PRTS,50.13M,-,-,-,0.09,0.80,1.32,-,61.59%,11.11%,-85.61%,-,4.29%,6.19,-0.48%,"20,578"
PRU,37.14B,11.00,7.34,2.29,0.59,1.16,-,3.80,-4.97%,6.37%,-,3.21%,1.28%,107.03,0.72%,"1,350,863"
PRVA,3.09B,146.19,60.40,1.28,1.38,4.09,7.37,22.60,35.83%,66.11%,-9.67%,47.36%,21.04%,24.53,0.08%,"736,060"
PRVS,-,-,-,-,-,-,-,-,-,-,-,-,-,32.53,2.37%,"6,457"
PRXG,-,-,-,-,-,-,-,-,-,-,-,-,-,37.46,-0.87%,"2,994"
PRXI,-,-,-,-,-,-,-,-,-,-,-,-,-,24.55,0.73%,"12,974"
PRXV,-,-,-,-,-,-,-,-,-,-,-,-,-,35.14,1.19%,"4,643"
PRZO,13.15M,-,-,-,42.42,10.07,10.04,-,-,-,1.35%,-,6.48%,0.51,-0.98%,"496,372"
PS,11.85B,-,29.13,1.09,-,14.13,252.30,-,39.27%,25.87%,-,26.78%,-,29.62,-4.14%,"361,191"
PSA,56.32B,33.11,32.38,6.11,11.59,11.55,418.36,19.59,12.20%,-2.02%,7.46%,5.30%,10.60%,320.74,0.89%,"766,490"
PSAI,-,-,-,-,-,-,-,-,-,-,-,-,-,27.57,0.57%,"2,167"
PSBD,336.10M,-,7.70,-,3.31,0.81,7.84,7.65,52.53%,3056.21%,-,-,35.38%,10.80,0.37%,"178,985"
PSC,-,-,-,-,-,-,-,-,-,-,-,-,-,68.80,0.88%,"77,862"
PSCC,-,-,-,-,-,-,-,-,-,-,-,-,-,35.56,-0.44%,"9,761"
PSCD,-,-,-,-,-,-,-,-,-,-,-,-,-,117.39,0.47%,104
PSCE,-,-,-,-,-,-,-,-,-,-,-,-,-,55.98,2.12%,"43,285"
PSCF,-,-,-,-,-,-,-,-,-,-,-,-,-,64.74,0.33%,437
PSCH,-,-,-,-,-,-,-,-,-,-,-,-,-,51.50,2.19%,"53,543"
PSCI,-,-,-,-,-,-,-,-,-,-,-,-,-,184.53,2.14%,"5,062"
PSCJ,-,-,-,-,-,-,-,-,-,-,-,-,-,31.62,0.00%,0
PSCM,-,-,-,-,-,-,-,-,-,-,-,-,-,105.63,0.92%,532
PSCQ,-,-,-,-,-,-,-,-,-,-,-,-,-,30.94,0.03%,"8,857"
PSCT,-,-,-,-,-,-,-,-,-,-,-,-,-,86.32,2.37%,"44,802"
PSCU,-,-,-,-,-,-,-,-,-,-,-,-,-,63.85,0.13%,304
PSCW,-,-,-,-,-,-,-,-,-,-,-,-,-,29.95,0.00%,0
PSCX,-,-,-,-,-,-,-,-,-,-,-,-,-,32.41,0.07%,879
PSDM,-,-,-,-,-,-,-,-,-,-,-,-,-,51.10,0.08%,"14,307"
PSEC,1.14B,-,6.43,-,9.53,0.38,32.88,4.86,-39.94%,-23.65%,-98.19%,-25.37%,-20.09%,2.27,2.25%,"6,645,615"
PSEP,-,-,-,-,-,-,-,-,-,-,-,-,-,45.77,0.02%,"56,818"
PSET,-,-,-,-,-,-,-,-,-,-,-,-,-,74.39,-0.16%,982
PSF,238.52M,9.49,-,-,-,-,-,-,-,-,-,-,-,19.83,0.05%,"35,089"
PSFD,-,-,-,-,-,-,-,-,-,-,-,-,-,39.44,0.01%,86
PSFE,339.81M,-,2.57,0.12,0.19,0.55,1.32,1.42,11.50%,18.46%,-8.39%,21.73%,3.59%,6.63,-1.78%,"209,924"
PSFF,-,-,-,-,-,-,-,-,-,-,-,-,-,34.09,0.12%,"34,913"
PSFJ,-,-,-,-,-,-,-,-,-,-,-,-,-,35.13,0.10%,"2,064"
PSFM,-,-,-,-,-,-,-,-,-,-,-,-,-,34.58,0.00%,0
PSFO,-,-,-,-,-,-,-,-,-,-,-,-,-,34.29,0.04%,209
PSH,-,-,-,-,-,-,-,-,-,-,-,-,-,50.07,0.12%,"31,727"
PSHG,21.01M,1.40,2.19,-,0.22,0.06,0.17,-,0.78%,-40.31%,-40.05%,-8.48%,14.89%,1.69,-0.59%,"22,892"
PSI,-,-,-,-,-,-,-,-,-,-,-,-,-,177.33,5.08%,"528,586"
PSIG,181.44M,-,-,-,3.41,-,11.26,-,-,-,-289.18%,-,-,11.80,-0.42%,"2,491,132"
PSIL,-,-,-,-,-,-,-,-,-,-,-,-,-,22.67,4.36%,"56,273"
PSIX,892.28M,8.74,10.09,1.70,1.25,4.80,18.01,35.95,-52.21%,61.13%,-,5.93%,11.58%,38.71,0.70%,"307,610"
PSK,-,-,-,-,-,-,-,-,-,-,-,-,-,30.42,-0.39%,"141,942"
PSKY,10.55B,-,11.57,0.29,0.36,0.90,5.44,32.37,50.11%,29.29%,-,39.80%,2.70%,9.43,-3.28%,"6,563,875"
PSL,-,-,-,-,-,-,-,-,-,-,-,-,-,111.00,-0.24%,315
PSLV,11.68B,-,-,-,-,-,-,-,-,-,-,-,-,18.37,1.38%,"9,282,465"
PSMD,-,-,-,-,-,-,-,-,-,-,-,-,-,34.05,0.06%,"4,614"
PSMJ,-,-,-,-,-,-,-,-,-,-,-,-,-,33.79,0.04%,"5,783"
PSMO,-,-,-,-,-,-,-,-,-,-,-,-,-,32.27,-0.09%,"4,382"
PSMR,-,-,-,-,-,-,-,-,-,-,-,-,-,32.00,0.10%,"4,993"
PSMT,6.05B,38.69,29.06,1.68,1.10,4.54,19.25,71.60,12.97%,23.82%,13.55%,17.25%,9.62%,195.92,4.04%,"447,736"
PSN,5.03B,22.51,12.77,1.31,0.80,1.90,17.73,12.07,3.85%,11.95%,17.69%,9.76%,10.18%,47.05,-3.67%,"1,554,052"
PSNL,1.32B,-,-,-,20.43,5.17,5.65,-,-12.40%,12.43%,2.91%,6.66%,-2.40%,12.59,10.83%,"4,940,584"
PSNY,2.73B,-,-,-,0.89,-,2.32,-,48.21%,33.20%,-,36.04%,38.04%,18.97,-5.95%,"271,027"
PSO,9.06B,22.85,14.29,1.26,1.92,2.05,20.22,7.15,11.62%,10.97%,5.19%,11.31%,1.59%,15.13,0.46%,"609,501"
PSP,-,-,-,-,-,-,-,-,-,-,-,-,-,54.87,1.03%,"124,468"
PSQ,-,-,-,-,-,-,-,-,-,-,-,-,-,25.74,-0.81%,"13,410,658"
PSQA,-,-,-,-,-,-,-,-,-,-,-,-,-,20.37,-0.59%,"132,982"
PSQH,20.55M,-,-,-,0.76,2.41,1.11,-,40.74%,25.00%,-,-,-,0.39,-5.59%,"421,732"
PSQO,-,-,-,-,-,-,-,-,-,-,-,-,-,20.66,0.17%,"23,774"
PSR,-,-,-,-,-,-,-,-,-,-,-,-,-,103.65,0.11%,"1,878"
PST,-,-,-,-,-,-,-,-,-,-,-,-,-,22.63,-0.18%,"15,249"
PSTL,805.06M,47.25,36.94,3.10,7.99,2.30,288.55,21.61,30.18%,7.69%,-,11.92%,31.53%,24.34,3.14%,"412,819"
PSTP,-,-,-,-,-,-,-,-,-,-,-,-,-,36.44,0.02%,"7,628"
PSTR,-,-,-,-,-,-,-,-,-,-,-,-,-,30.08,-0.16%,"3,142"
PSTV,29.33M,-,-,-,5.66,1.98,1.94,-,45.10%,40.70%,59.95%,64.84%,76.66%,4.26,7.58%,"1,032,406"
PSUS,3.71B,-,5.32,-,-,-,-,-,-,243.84%,-,-,-,37.12,-1.64%,"670,534"
PSWD,-,-,-,-,-,-,-,-,-,-,-,-,-,37.66,0.23%,258
PSX,68.86B,16.90,9.97,0.29,0.51,2.41,13.37,578.69,175.49%,-2.92%,-,33.87%,15.72%,171.76,1.85%,"2,772,796"
PTA,1.05B,11.69,-,-,-,-,-,-,-,-,-,-,-,19.06,0.47%,"103,860"
PTACU,174.48M,-,-,-,-,-,-,-,-,-,-,-,-,9.97,-0.10%,103
PTBD,-,-,-,-,-,-,-,-,-,-,-,-,-,19.12,-0.60%,"6,366"
PTC,13.00B,10.74,13.03,1.94,4.34,3.37,29.57,14.02,0.56%,7.39%,40.15%,6.73%,13.44%,112.55,-0.34%,"2,355,195"
PTCT,7.01B,-,33.84,-,8.48,-,3.70,-,-88.61%,181.89%,-,-28.50%,35.37%,84.51,0.12%,"1,978,030"
PTEN,3.71B,-,56.18,-,0.80,1.17,11.00,13.58,40.02%,229.98%,43.59%,-,33.83%,9.77,2.63%,"8,766,849"
PTEU,-,-,-,-,-,-,-,-,-,-,-,-,-,32.90,1.02%,669
PTF,-,-,-,-,-,-,-,-,-,-,-,-,-,132.24,4.41%,"78,066"
PTGX,7.89B,-,-,-,106.49,12.02,14.40,-,294.11%,-122.75%,-1.26%,-,9.96%,122.63,0.39%,"1,037,823"
PTH,-,-,-,-,-,-,-,-,-,-,-,-,-,56.71,1.90%,"12,672"
PTHS,101.53M,-,-,-,3.67,2.80,3.15,-,55.07%,83.89%,-82.26%,-,142.58%,29.21,1.74%,"27,377"
PTIN,-,-,-,-,-,-,-,-,-,-,-,-,-,36.69,1.26%,"4,340"
PTIR,-,-,-,-,-,-,-,-,-,-,-,-,-,7.99,-10.83%,"7,003,027"
PTL,-,-,-,-,-,-,-,-,-,-,-,-,-,284.57,0.94%,"86,582"
PTLC,-,-,-,-,-,-,-,-,-,-,-,-,-,57.18,0.03%,"92,078"
PTLE,46.30M,28.19,-,-,5.04,7.86,330.70,-,-,-,-,-,-,7.37,40.38%,"312,169"
PTLO,333.55M,19.87,18.20,1.58,0.45,0.67,13.90,-,-28.92%,25.94%,-,11.51%,9.96%,4.40,1.38%,"1,466,703"
PTMC,-,-,-,-,-,-,-,-,-,-,-,-,-,41.41,0.71%,"13,165"
PTN,18.24M,-,-,-,1.42,1.72,1.80,-,93.50%,-10.69%,23.09%,53.79%,-,10.25,-3.30%,"11,692"
PTNQ,-,-,-,-,-,-,-,-,-,-,-,-,-,86.36,0.78%,"22,903"
PTNT,-,-,-,-,-,-,-,-,-,-,-,-,-,25.94,-0.45%,132
PTON,2.47B,127.17,18.95,-,1.01,-,2.20,6.16,144.46%,125.92%,1.21%,-,6.41%,5.71,-0.35%,"7,064,023"
PTOR,337.03M,-,-,-,-,1.35,168.52,-,-,-,-,-,-,9.94,-0.05%,31
PTRB,-,-,-,-,-,-,-,-,-,-,-,-,-,41.72,0.05%,"117,249"
PTRN,3.85B,-,31.32,-,1.41,6.31,11.20,-,140.55%,26.17%,-,-,-,21.79,0.00%,"899,664"
PTY,2.50B,10.09,-,-,9.76,0.99,-,-,-,-,-,-,-,11.80,0.85%,"919,419"
PUBM,534.56M,-,-,-,1.90,2.14,3.69,10.78,-17.89%,47.30%,-,-,13.72%,11.51,-3.44%,"486,548"
PUI,-,-,-,-,-,-,-,-,-,-,-,-,-,47.96,1.09%,"3,694"
PUK,33.29B,8.68,9.23,0.56,1.20,1.68,-,15.40,22.29%,16.45%,13.46%,16.57%,-5.30%,26.65,1.56%,"932,119"
PULM,6.10M,-,-,-,-,2.31,1.52,-,-,-,36.26%,-,-,1.67,9.15%,"146,852"
PULS,-,-,-,-,-,-,-,-,-,-,-,-,-,49.69,0.04%,"2,239,439"
PUMP,1.81B,-,40.43,0.42,1.54,1.84,11.58,-,-82.18%,957.92%,-,97.00%,9.97%,14.80,5.87%,"4,301,855"
PURR,1.58B,-,-,-,-,1.34,13.94,-,-,-,-,-,-,8.02,1.52%,"10,156,701"
PUSA,83.61M,-,-,-,26.88,1.88,2.23,-,-,-,-8.63%,-,23.34%,3.87,-0.51%,"341,336"
PUSH,-,-,-,-,-,-,-,-,-,-,-,-,-,50.49,0.03%,"6,298"
PVAL,-,-,-,-,-,-,-,-,-,-,-,-,-,51.36,0.57%,"1,362,252"
PVEX,-,-,-,-,-,-,-,-,-,-,-,-,-,29.97,-0.98%,"9,127"
PVH,3.32B,22.86,5.78,0.73,0.37,0.68,5.60,6.03,5.51%,3.64%,-,7.93%,4.64%,72.01,-0.96%,"1,588,333"
PVI,-,-,-,-,-,-,-,-,-,-,-,-,-,24.86,-0.16%,"5,932"
PVL,56.43M,11.43,-,-,8.43,1.48,17.69,-,-,-,-6.87%,-,-3.17%,1.71,-4.47%,"358,072"
PVLA,1.95B,-,-,-,-,9.23,7.46,-,-49.81%,-15.73%,41.62%,12.81%,-,136.20,4.90%,"277,799"
PW,3.39M,-,-,-,1.69,-,1.66,15.42,-,-,-,-,-13.98%,9.25,-6.54%,"40,921"
PWB,-,-,-,-,-,-,-,-,-,-,-,-,-,165.03,2.26%,"76,149"
PWER,-,-,-,-,-,-,-,-,-,-,-,-,-,41.29,1.38%,"2,049"
PWP,1.53B,66.94,10.71,0.28,2.22,-,19.41,15.88,48.53%,49.01%,-,38.07%,7.67%,16.12,-0.25%,"1,108,597"
PWR,107.83B,98.59,43.86,1.98,3.58,11.92,293.06,64.11,30.25%,17.01%,17.25%,22.17%,20.52%,718.59,2.38%,"1,429,739"
PWRD,-,-,-,-,-,-,-,-,-,-,-,-,-,120.81,3.10%,"124,066"
PWRL,605.83M,-,-,-,-,-,-,-,-,-,-,-,-,14.01,-0.14%,"253,486"
PWS,-,-,-,-,-,-,-,-,-,-,-,-,-,32.61,0.81%,612
PWV,-,-,-,-,-,-,-,-,-,-,-,-,-,76.72,0.92%,"75,772"
PWZ,-,-,-,-,-,-,-,-,-,-,-,-,-,24.46,0.12%,"96,378"
PXE,-,-,-,-,-,-,-,-,-,-,-,-,-,33.97,0.80%,"18,561"
PXED,1.10B,11.17,6.29,0.98,1.08,3.76,4.60,-,-2.07%,10.40%,-,6.41%,-,30.58,-2.95%,"51,499"
PXF,-,-,-,-,-,-,-,-,-,-,-,-,-,75.66,0.93%,"68,220"
PXH,-,-,-,-,-,-,-,-,-,-,-,-,-,27.71,-0.47%,"490,824"
PXI,-,-,-,-,-,-,-,-,-,-,-,-,-,55.83,2.55%,"17,545"
PXJ,-,-,-,-,-,-,-,-,-,-,-,-,-,39.82,0.22%,"55,077"
PXLW,36.84M,-,-,-,1.11,0.64,0.64,-,35.33%,-14.43%,12.19%,-,-55.75%,5.79,0.52%,"18,078"
PXS,45.22M,12.60,-,-,1.15,0.47,0.83,3.56,410.53%,-,-,-,12.43%,4.42,0.68%,"162,897"
PY,-,-,-,-,-,-,-,-,-,-,-,-,-,53.46,-0.58%,"15,440"
PYLD,-,-,-,-,-,-,-,-,-,-,-,-,-,26.52,0.11%,"4,072,871"
PYPD,87.21M,-,-,-,-,9.98,7.86,-,31.71%,12.14%,14.14%,-,-,4.57,-3.99%,"127,566"
PYPG,-,-,-,-,-,-,-,-,-,-,-,-,-,4.96,-0.69%,"577,262"
PYPL,37.38B,7.95,7.37,1.28,1.10,1.89,4.00,6.79,-0.08%,8.39%,8.84%,5.75%,9.24%,42.38,-0.24%,"10,347,136"
PYPU,-,-,-,-,-,-,-,-,-,-,-,-,-,21.62,-0.36%,"6,680"
PYPY,-,-,-,-,-,-,-,-,-,-,-,-,-,24.67,-0.36%,"3,082"
PYXS,141.28M,-,-,-,10.19,4.48,3.33,-,2.83%,-1.71%,-27.93%,0.59%,-,2.23,2.76%,"666,251"
PYZ,-,-,-,-,-,-,-,-,-,-,-,-,-,127.26,1.53%,"1,731"
PZA,-,-,-,-,-,-,-,-,-,-,-,-,-,23.49,0.17%,"1,101,021"
PZG,95.22M,-,-,-,-,2.70,7.50,-,-,-,10.55%,-15.44%,-,1.11,2.78%,"248,358"
PZIV,-,-,-,-,-,-,-,-,-,-,-,-,-,28.21,0.95%,"1,605"
PZLV,-,-,-,-,-,-,-,-,-,-,-,-,-,28.38,0.43%,"1,290"
PZT,-,-,-,-,-,-,-,-,-,-,-,-,-,22.66,0.09%,"51,428"
PZZA,1.19B,43.43,20.78,1.75,0.59,-,30.48,45.49,3.51%,17.60%,-6.79%,11.87%,2.52%,36.17,0.42%,"554,414"
Q,35.06B,54.02,35.31,2.31,7.08,4.88,40.91,39.04,22.13%,15.95%,-,15.28%,-,167.49,5.52%,"1,354,967"
QABA,-,-,-,-,-,-,-,-,-,-,-,-,-,66.71,0.22%,"3,115"
QADR,248.00M,-,-,-,-,1.29,200.00,-,-,-,-,-,-,9.92,-0.05%,1
QAI,-,-,-,-,-,-,-,-,-,-,-,-,-,36.53,0.52%,"46,576"
QALT,-,-,-,-,-,-,-,-,-,-,-,-,-,26.39,0.15%,"4,417"
QARP,-,-,-,-,-,-,-,-,-,-,-,-,-,64.20,0.07%,"1,199"
QAT,-,-,-,-,-,-,-,-,-,-,-,-,-,18.05,-0.88%,"23,642"
QB,-,-,-,-,-,-,-,-,-,-,-,-,-,46.06,-0.08%,114
QBER,-,-,-,-,-,-,-,-,-,-,-,-,-,23.84,-0.10%,"13,231"
QBF,-,-,-,-,-,-,-,-,-,-,-,-,-,14.89,-0.89%,"9,194"
QBIF,-,-,-,-,-,-,-,-,-,-,-,-,-,26.01,0.33%,"25,118"
QBIG,-,-,-,-,-,-,-,-,-,-,-,-,-,37.20,-2.37%,"9,944"
QBIV,-,-,-,-,-,-,-,-,-,-,-,-,-,26.50,0.84%,"6,990"
QBKF,-,-,-,-,-,-,-,-,-,-,-,-,-,26.08,-0.02%,427
QBKV,-,-,-,-,-,-,-,-,-,-,-,-,-,27.52,-0.02%,888
QBQF,-,-,-,-,-,-,-,-,-,-,-,-,-,25.94,0.02%,2
QBQV,-,-,-,-,-,-,-,-,-,-,-,-,-,27.00,0.00%,0
QBSF,-,-,-,-,-,-,-,-,-,-,-,-,-,26.95,0.00%,941
QBSV,-,-,-,-,-,-,-,-,-,-,-,-,-,26.61,0.00%,"1,303"
QBTS,8.12B,-,-,-,652.45,7.27,13.79,-,-13.49%,-26.61%,-8.63%,-13.27%,-,21.91,-4.66%,"20,522,808"
QBTX,-,-,-,-,-,-,-,-,-,-,-,-,-,12.57,-6.19%,"2,253,068"
QBTZ,-,-,-,-,-,-,-,-,-,-,-,-,-,4.67,8.86%,"5,000,338"
QBUF,-,-,-,-,-,-,-,-,-,-,-,-,-,30.73,-0.06%,"21,857"
QBUL,-,-,-,-,-,-,-,-,-,-,-,-,-,24.02,-0.14%,806
QBY,-,-,-,-,-,-,-,-,-,-,-,-,-,8.16,-1.23%,"7,866"
QCAP,-,-,-,-,-,-,-,-,-,-,-,-,-,24.70,0.32%,"5,606"
QCJA,-,-,-,-,-,-,-,-,-,-,-,-,-,23.18,0.20%,"20,547"
QCJL,-,-,-,-,-,-,-,-,-,-,-,-,-,24.97,0.08%,"2,620"
QCLN,-,-,-,-,-,-,-,-,-,-,-,-,-,60.78,0.43%,"211,584"
QCLR,-,-,-,-,-,-,-,-,-,-,-,-,-,28.44,0.35%,982
QCLS,29.13M,-,-,-,-,1.42,2.25,-,-,-,77.48%,-,-,3.71,-2.62%,"165,927"
QCMD,-,-,-,-,-,-,-,-,-,-,-,-,-,14.97,-4.04%,"86,578"
QCML,-,-,-,-,-,-,-,-,-,-,-,-,-,24.58,7.81%,"4,359,407"
QCMU,-,-,-,-,-,-,-,-,-,-,-,-,-,30.61,7.67%,"550,445"
QCOC,-,-,-,-,-,-,-,-,-,-,-,-,-,23.75,0.22%,"15,934"
QCOM,215.96B,22.29,18.79,6.22,4.85,7.95,22.04,17.27,-10.54%,1.33%,2.08%,3.02%,13.48%,204.90,3.79%,"34,007,915"
QCRH,1.60B,12.12,11.12,-,2.60,1.42,-,22.37,6.86%,6.44%,14.56%,-,14.09%,96.62,0.41%,"104,712"
QDEC,-,-,-,-,-,-,-,-,-,-,-,-,-,35.20,0.31%,"34,161"
QDEF,-,-,-,-,-,-,-,-,-,-,-,-,-,85.40,-0.34%,"5,836"
QDEL,921.94M,-,5.42,0.45,0.35,0.50,6.57,-,-13.41%,35.83%,-,12.16%,10.42%,13.52,10.73%,"1,458,406"
QDF,-,-,-,-,-,-,-,-,-,-,-,-,-,88.32,0.08%,"25,261"
QDIV,-,-,-,-,-,-,-,-,-,-,-,-,-,37.05,-0.25%,852
QDPL,-,-,-,-,-,-,-,-,-,-,-,-,-,44.97,-0.04%,"127,346"
QDTE,-,-,-,-,-,-,-,-,-,-,-,-,-,30.52,0.36%,"532,551"
QDTY,-,-,-,-,-,-,-,-,-,-,-,-,-,41.37,0.73%,"17,400"
QDVO,-,-,-,-,-,-,-,-,-,-,-,-,-,29.08,-0.45%,"340,291"
QEFA,-,-,-,-,-,-,-,-,-,-,-,-,-,95.31,0.39%,"56,040"
QEMM,-,-,-,-,-,-,-,-,-,-,-,-,-,78.95,0.36%,"3,912"
QETA,44.86M,-,-,-,-,3.17,-,-,-,-,-,-,-,11.97,2.31%,252
QETH,-,-,-,-,-,-,-,-,-,-,-,-,-,15.49,-1.65%,"84,494"
QEW,-,-,-,-,-,-,-,-,-,-,-,-,-,29.64,0.80%,"16,633"
QFHD,-,-,-,-,-,-,-,-,-,-,-,-,-,26.16,0.00%,0
QFIN,1.83B,2.78,3.37,-,0.71,0.52,1.21,-,-36.44%,7.98%,12.50%,-7.65%,6.34%,15.01,-1.12%,"933,229"
QFLR,-,-,-,-,-,-,-,-,-,-,-,-,-,35.56,0.62%,"373,580"
QFRD,-,-,-,-,-,-,-,-,-,-,-,-,-,26.76,-0.21%,9
QGEN,8.02B,20.12,14.88,2.35,3.82,2.41,12.42,19.52,1.73%,8.11%,3.60%,6.33%,2.25%,38.94,0.54%,"3,461,426"
QGRD,-,-,-,-,-,-,-,-,-,-,-,-,-,29.74,0.61%,"5,601"
QGRO,-,-,-,-,-,-,-,-,-,-,-,-,-,115.37,0.51%,"119,769"
QGRW,-,-,-,-,-,-,-,-,-,-,-,-,-,63.95,-0.08%,"371,480"
QH,0.79M,-,-,-,0.00,0.02,0.14,-,-,-,-,-,-1.24%,5.67,-9.42%,"95,206"
QHDG,-,-,-,-,-,-,-,-,-,-,-,-,-,30.26,0.03%,5
QHY,-,-,-,-,-,-,-,-,-,-,-,-,-,45.76,-0.55%,"22,004"
QID,-,-,-,-,-,-,-,-,-,-,-,-,-,14.33,-1.58%,"23,172,789"
QIDX,-,-,-,-,-,-,-,-,-,-,-,-,-,11.64,0.56%,"7,690"
QIG,-,-,-,-,-,-,-,-,-,-,-,-,-,44.49,-0.36%,218
QINT,-,-,-,-,-,-,-,-,-,-,-,-,-,69.14,0.77%,"28,693"
QIS,-,-,-,-,-,-,-,-,-,-,-,-,-,10.03,0.63%,33
QJN,-,-,-,-,-,-,-,-,-,-,-,-,-,24.47,0.62%,2
QJUN,-,-,-,-,-,-,-,-,-,-,-,-,-,33.14,0.67%,"73,069"
QLC,-,-,-,-,-,-,-,-,-,-,-,-,-,88.34,0.00%,"35,819"
QLD,-,-,-,-,-,-,-,-,-,-,-,-,-,91.77,1.55%,"4,713,040"
QLDY,-,-,-,-,-,-,-,-,-,-,-,-,-,45.17,1.08%,"52,118"
QLEP,-,-,-,-,-,-,-,-,-,-,-,-,-,9.94,0.00%,"313,828"
QLEP-U,206.56M,-,-,-,-,-,2295.11,-,-,-,-,-,-,10.03,0.00%,0
QLTA,-,-,-,-,-,-,-,-,-,-,-,-,-,47.67,0.06%,"242,923"
QLTI,-,-,-,-,-,-,-,-,-,-,-,-,-,26.71,0.42%,"3,619"
QLTY,-,-,-,-,-,-,-,-,-,-,-,-,-,40.67,0.17%,"272,194"
QLV,-,-,-,-,-,-,-,-,-,-,-,-,-,73.98,-0.65%,"7,136"
QLVD,-,-,-,-,-,-,-,-,-,-,-,-,-,32.43,0.69%,"2,103"
QLVE,-,-,-,-,-,-,-,-,-,-,-,-,-,33.65,0.51%,201
QLYS,4.09B,20.85,13.99,1.93,5.97,7.21,8.68,14.09,7.53%,9.26%,19.39%,7.23%,13.07%,116.19,0.74%,"463,523"
QMAG,-,-,-,-,-,-,-,-,-,-,-,-,-,25.18,0.16%,"2,462"
QMAR,-,-,-,-,-,-,-,-,-,-,-,-,-,36.88,0.38%,"8,151"
QMCO,189.27M,-,30.07,-,0.72,-,13.68,-,86.80%,221.13%,-51.81%,-,-7.42%,12.93,-3.65%,"1,299,386"
QMFE,-,-,-,-,-,-,-,-,-,-,-,-,-,24.09,0.42%,429
QMID,-,-,-,-,-,-,-,-,-,-,-,-,-,28.88,0.05%,161
QMMY,-,-,-,-,-,-,-,-,-,-,-,-,-,26.13,0.42%,"14,502"
QMNV,-,-,-,-,-,-,-,-,-,-,-,-,-,24.90,0.31%,"61,868"
QMOM,-,-,-,-,-,-,-,-,-,-,-,-,-,78.82,1.73%,"62,735"
QMY,-,-,-,-,-,-,-,-,-,-,-,-,-,25.77,0.00%,0
QNC,682.24M,-,-,-,34112.03,23.25,25.46,-,-3.59%,0.00%,-32.75%,-,-,3.11,1.63%,"564,430"
QNCX,15.91M,-,-,-,-,0.86,0.88,-,-,-,8.64%,54.30%,-,0.98,2.56%,"197,405"
QNDX,-,-,-,-,-,-,-,-,-,-,-,-,-,24.21,0.73%,"312,830"
QNRX,8.23M,-,-,-,-,0.94,0.59,-,57.06%,54.84%,61.71%,58.47%,-,4.20,9.66%,"664,109"
QNST,765.18M,11.83,8.74,0.34,0.65,2.47,7.50,8.01,37.72%,25.74%,-24.96%,25.40%,17.40%,13.32,0.45%,"564,172"
QNT,37.41B,-,-,-,-,729.49,54.79,-,-,-,-,-,-,71.68,0.82%,"2,828,611"
QNTM,25.15M,-,-,-,-,38.66,2.51,-,77.44%,-,-24.71%,-,-,3.93,0.51%,"114,653"
QNXT,-,-,-,-,-,-,-,-,-,-,-,-,-,30.96,0.10%,"4,908"
QOWZ,-,-,-,-,-,-,-,-,-,-,-,-,-,32.94,-0.15%,"2,447"
QPUX,-,-,-,-,-,-,-,-,-,-,-,-,-,24.63,-11.28%,"299,967"
QPX,-,-,-,-,-,-,-,-,-,-,-,-,-,47.87,0.72%,"1,633"
QQA,-,-,-,-,-,-,-,-,-,-,-,-,-,56.25,0.72%,"174,730"
QQDN,-,-,-,-,-,-,-,-,-,-,-,-,-,26.09,5.19%,"11,496"
QQEW,-,-,-,-,-,-,-,-,-,-,-,-,-,154.52,0.80%,"33,224"
QQH,-,-,-,-,-,-,-,-,-,-,-,-,-,82.23,0.21%,"118,542"
QQHG,-,-,-,-,-,-,-,-,-,-,-,-,-,65.50,0.38%,"5,414"
QQJN,-,-,-,-,-,-,-,-,-,-,-,-,-,24.53,0.00%,0
QQLV,-,-,-,-,-,-,-,-,-,-,-,-,-,24.35,-0.42%,75
QQMG,-,-,-,-,-,-,-,-,-,-,-,-,-,49.52,0.77%,"28,903"
QQMY,-,-,-,-,-,-,-,-,-,-,-,-,-,25.62,0.45%,330
QQQ,-,-,-,-,-,-,-,-,-,-,-,-,-,716.38,0.81%,"49,241,558"
QQQA,-,-,-,-,-,-,-,-,-,-,-,-,-,82.68,1.95%,"49,430"
QQQD,-,-,-,-,-,-,-,-,-,-,-,-,-,13.91,2.43%,"189,595"
QQQE,-,-,-,-,-,-,-,-,-,-,-,-,-,119.49,0.68%,"387,046"
QQQG,-,-,-,-,-,-,-,-,-,-,-,-,-,32.42,3.15%,"10,727"
QQQH,-,-,-,-,-,-,-,-,-,-,-,-,-,54.80,0.41%,"75,675"
QQQI,-,-,-,-,-,-,-,-,-,-,-,-,-,55.33,0.71%,"6,842,918"
QQQJ,-,-,-,-,-,-,-,-,-,-,-,-,-,44.55,0.09%,"144,475"
QQQM,-,-,-,-,-,-,-,-,-,-,-,-,-,294.88,0.77%,"4,456,131"
QQQP,-,-,-,-,-,-,-,-,-,-,-,-,-,221.99,1.21%,"1,257"
QQQS,-,-,-,-,-,-,-,-,-,-,-,-,-,42.26,0.31%,"7,970"
QQQT,-,-,-,-,-,-,-,-,-,-,-,-,-,18.47,0.74%,"42,527"
QQQU,-,-,-,-,-,-,-,-,-,-,-,-,-,46.33,-4.93%,"97,441"
QQQX,1.39B,7.63,-,-,-,-,-,-,-,-,-,-,-,28.55,-0.14%,"128,059"
QQQY,-,-,-,-,-,-,-,-,-,-,-,-,-,23.48,0.17%,"96,319"
QQUP,-,-,-,-,-,-,-,-,-,-,-,-,-,51.27,-5.22%,"28,545"
QQWZ,-,-,-,-,-,-,-,-,-,-,-,-,-,28.54,0.68%,"9,829"
QQXL,-,-,-,-,-,-,-,-,-,-,-,-,-,55.61,1.80%,650
QQXT,-,-,-,-,-,-,-,-,-,-,-,-,-,96.78,-0.47%,"2,062"
QRED,159.60M,-,-,-,-,1.37,197.04,-,-,-,-,-,-,9.95,0.00%,"1,710"
QRFT,-,-,-,-,-,-,-,-,-,-,-,-,-,68.33,0.32%,"1,223"
QRHC,28.87M,-,45.67,-,0.12,0.74,25.32,2.64,65.20%,124.00%,-,-,20.46%,1.37,-1.44%,"31,054"
QRMI,-,-,-,-,-,-,-,-,-,-,-,-,-,15.43,0.21%,"3,962"
QRVO,8.39B,26.33,12.34,1.54,2.28,2.50,6.89,12.35,-2.15%,12.79%,-10.54%,8.00%,-1.74%,95.37,-1.86%,"1,341,737"
QS,4.39B,-,-,-,-,3.95,4.85,-,12.29%,4.17%,35.31%,20.17%,-,7.13,0.14%,"18,464,418"
QSEA,120.37M,112.35,-,-,-,1.47,12037.23,-,-,-,-,-,-,10.55,0.29%,"43,148"
QSI,186.68M,-,-,-,100.91,0.93,1.47,-,15.03%,8.46%,40.39%,15.29%,-,0.86,3.64%,"8,167,322"
QSIG,-,-,-,-,-,-,-,-,-,-,-,-,-,48.34,-0.29%,"2,073"
QSIX,-,-,-,-,-,-,-,-,-,-,-,-,-,42.58,0.64%,"1,996"
QSML,-,-,-,-,-,-,-,-,-,-,-,-,-,32.38,0.12%,934
QSOL,-,-,-,-,-,-,-,-,-,-,-,-,-,6.63,0.30%,"15,788"
QSPT,-,-,-,-,-,-,-,-,-,-,-,-,-,34.42,0.38%,"17,497"
QSR,33.42B,29.14,16.48,1.76,3.49,6.80,33.02,22.78,10.10%,9.35%,7.87%,9.36%,13.68%,73.23,0.65%,"2,992,822"
QSU,-,-,-,-,-,-,-,-,-,-,-,-,-,11.82,-0.34%,"44,259"
QTAC,-,-,-,-,-,-,-,-,-,-,-,-,-,24.37,1.24%,"9,078"
QTAP,-,-,-,-,-,-,-,-,-,-,-,-,-,50.71,0.41%,"1,530"
QTEC,-,-,-,-,-,-,-,-,-,-,-,-,-,322.84,1.66%,"319,271"
QTEX,71.47M,-,-,-,246.43,25.38,21.92,-,122.22%,-,14.99%,-,-,1.64,-3.53%,"5,108,371"
QTI,52.33M,-,380.00,-,2.31,12.05,7.53,-,73.63%,101.89%,-105.48%,-,-,3.80,0.40%,"23,462"
QTJA,-,-,-,-,-,-,-,-,-,-,-,-,-,32.55,0.38%,"2,239"
QTJL,-,-,-,-,-,-,-,-,-,-,-,-,-,42.24,0.01%,"2,727"
QTOC,-,-,-,-,-,-,-,-,-,-,-,-,-,37.56,0.28%,"1,274"
QTOP,-,-,-,-,-,-,-,-,-,-,-,-,-,37.40,0.80%,"174,141"
QTPI,-,-,-,-,-,-,-,-,-,-,-,-,-,25.50,0.26%,"7,425"
QTR,-,-,-,-,-,-,-,-,-,-,-,-,-,34.61,0.52%,"2,157"
QTRX,177.12M,-,-,-,1.22,0.63,1.78,-,48.84%,-3.25%,-18.72%,22.35%,9.97%,3.76,-0.53%,"1,022,785"
QTTB,202.63M,4.49,-,-,3.77,3.77,3.99,-,-175.04%,-22.80%,-,-,81.85%,11.95,7.08%,"273,561"
QTUM,-,-,-,-,-,-,-,-,-,-,-,-,-,160.24,0.22%,"623,881"
QTUP,-,-,-,-,-,-,-,-,-,-,-,-,-,20.85,-5.42%,"62,225"
QTWO,2.76B,39.64,13.41,0.93,3.36,4.51,7.24,13.67,9.18%,17.82%,-,14.48%,14.56%,44.04,-2.20%,"505,771"
QUAD,414.02M,14.58,5.90,-,0.17,3.27,59.15,9.41,20.31%,12.09%,-,-,-3.75%,8.03,1.39%,"137,168"
QUAL,-,-,-,-,-,-,-,-,-,-,-,-,-,213.25,0.03%,"1,546,202"
QUBT,2.05B,-,-,-,473.47,1.28,2.08,-,-47.27%,-21.29%,33.68%,-15.21%,-,9.09,-6.29%,"14,818,951"
QUBX,-,-,-,-,-,-,-,-,-,-,-,-,-,9.75,-12.79%,"438,613"
QUCY,33.01M,-,-,-,-,3.99,7.42,-,-,-,8.38%,-,1.70%,1.45,-1.36%,"1,043,623"
QUIK,335.52M,-,133.29,-,23.14,13.45,55.46,-,96.73%,897.26%,4.36%,-,9.79%,18.41,3.84%,"448,297"
QUIZ,-,-,-,-,-,-,-,-,-,-,-,-,-,29.04,1.16%,"31,290"
QULL,-,-,-,-,-,-,-,-,-,-,-,-,-,63.63,-0.11%,3
QUMS,116.52M,119.11,-,-,-,1.43,613.27,-,-,-,-,-,-,10.22,-0.20%,20
QURE,3.07B,-,-,-,169.72,20.72,5.23,-,-5.94%,16.30%,-4.24%,18.21%,-15.57%,49.10,0.51%,"2,911,459"
QUS,-,-,-,-,-,-,-,-,-,-,-,-,-,183.57,0.11%,"9,174"
QUSA,-,-,-,-,-,-,-,-,-,-,-,-,-,18.50,0.66%,"11,377"
QVAL,-,-,-,-,-,-,-,-,-,-,-,-,-,56.01,0.16%,"11,064"
QVML,-,-,-,-,-,-,-,-,-,-,-,-,-,43.31,-0.04%,"8,424"
QVMM,-,-,-,-,-,-,-,-,-,-,-,-,-,35.72,0.80%,52
QVMS,-,-,-,-,-,-,-,-,-,-,-,-,-,34.49,1.31%,444
QVMT,-,-,-,-,-,-,-,-,-,-,-,-,-,68.81,2.60%,"8,114"
QVOL,-,-,-,-,-,-,-,-,-,-,-,-,-,101.68,1.17%,"8,780"
QVOY,-,-,-,-,-,-,-,-,-,-,-,-,-,30.76,1.58%,"5,466"
QWLD,-,-,-,-,-,-,-,-,-,-,-,-,-,149.88,0.12%,782
QXL,78.55M,-,-,-,7.10,3.64,42.69,-,-,-,0.12%,-,74.85%,5.89,-2.81%,"112,811"
QXO,13.06B,-,26.96,0.53,1.53,1.40,4.28,66.97,-4.90%,106.47%,-,51.13%,177.98%,18.00,6.32%,"29,932,823"
QXQ,-,-,-,-,-,-,-,-,-,-,-,-,-,31.84,0.68%,"17,044"
QYLD,-,-,-,-,-,-,-,-,-,-,-,-,-,18.01,0.56%,"9,301,270"
QYLG,-,-,-,-,-,-,-,-,-,-,-,-,-,29.57,0.47%,"47,978"
R,10.37B,22.55,15.24,0.89,0.82,3.63,56.96,21.69,13.16%,20.22%,-,17.05%,8.51%,267.92,2.65%,"286,414"
RA,705.60M,11.40,-,-,-,-,-,-,-,-,-,-,-,12.77,0.47%,"187,391"
RAA,-,-,-,-,-,-,-,-,-,-,-,-,-,29.26,0.55%,"64,201"
RAAA,-,-,-,-,-,-,-,-,-,-,-,-,-,25.11,-0.02%,33
RAAQ,245.64M,44.50,-,-,-,1.42,292.43,-,-,-,-,-,-,10.68,-1.48%,"538,635"
RAAR,-,-,-,-,-,-,-,-,-,-,-,-,-,50.89,0.02%,3
RAAX,-,-,-,-,-,-,-,-,-,-,-,-,-,39.86,2.36%,"407,895"
RAC,221.76M,34.01,-,-,-,1.32,1385.98,-,-,-,-,-,-,10.42,-0.10%,"90,101"
RACC,95.99M,-,-,-,-,-,-,-,-,-,-,-,-,10.55,0.09%,"3,825"
RACE,62.17B,33.85,28.54,3.54,7.45,13.33,28.52,27.68,4.61%,10.49%,21.96%,8.07%,15.38%,352.20,0.99%,"380,754"
RACK,-,-,-,-,-,-,-,-,-,-,-,-,-,52.32,2.01%,"54,720"
RADX,51.14M,-,-,-,21.85,1.48,2.22,-,8.87%,-21.77%,-71.93%,4.33%,-,4.33,4.59%,"24,688"
RAFE,-,-,-,-,-,-,-,-,-,-,-,-,-,47.65,0.45%,"10,828"
RAIL,183.33M,12.76,10.23,0.45,0.39,-,3.47,11.60,-8.67%,105.11%,-,22.98%,35.81%,9.58,3.46%,"265,036"
RAIN,16.38M,-,-,-,1638.18,-,28.24,-,-,-,-,-,-,2.00,-0.05%,"10,010"
RAL,8.23B,-,23.86,2.58,3.88,5.26,30.71,-,-1.44%,16.24%,-,9.26%,-,73.54,1.86%,"2,069,818"
RAM,-,-,-,-,-,-,-,-,-,-,-,-,-,28.71,20.68%,"26,296,765"
RAMP,2.25B,16.61,9.78,-,2.77,2.33,5.81,13.42,30.84%,28.84%,-,-,12.91%,37.43,-0.05%,"794,411"
RAND,30.29M,-,-,-,7.85,0.59,91.78,20.60,-,-,-,-,-,10.20,-0.17%,"1,335"
RANG,171.12M,42.92,-,-,-,1.41,-,-,-,-,-,-,-,10.67,0.57%,"18,789"
RANI,101.22M,-,-,-,31.93,2.61,2.32,-,57.22%,-11.69%,11.92%,22.74%,28.73%,0.74,-3.22%,"460,022"
RAPP,1.86B,-,-,-,93.05,3.95,3.90,-,-20.88%,-26.14%,-,-19.85%,-,38.91,-2.73%,"410,201"
RARE,2.88B,-,-,-,4.30,-,6.84,-,23.11%,84.40%,-13.72%,-,19.95%,29.25,0.48%,"1,906,272"
RAUS,-,-,-,-,-,-,-,-,-,-,-,-,-,28.73,-0.01%,"10,447"
RAVE,45.90M,15.73,-,-,3.63,2.79,3.83,14.34,-,-,-,-,3.72%,3.23,0.31%,"39,789"
RAVI,-,-,-,-,-,-,-,-,-,-,-,-,-,75.38,0.02%,"34,455"
RAY,17.15M,3.95,-,-,1.83,0.53,1.10,25.99,-,-,-,-,-,2.92,2.10%,"13,703"
RAYA,2.70M,-,-,-,0.12,0.01,0.54,-,-,-,-,-,10.17%,2.75,7.28%,"195,178"
RAYJ,-,-,-,-,-,-,-,-,-,-,-,-,-,40.14,1.36%,"1,012"
RB,-,-,-,-,-,-,-,-,-,-,-,-,-,46.97,-0.11%,17
RBA,21.52B,53.52,23.66,-,4.56,3.83,25.04,27.21,10.96%,9.98%,5.57%,-,27.23%,115.50,2.62%,"1,378,865"
RBB,449.65M,11.24,10.58,-,1.84,0.85,-,10.09,27.43%,7.63%,2.03%,-,9.23%,26.55,-0.21%,"151,377"
RBBN,396.31M,13.18,11.54,-,0.48,0.94,5.69,23.77,-80.61%,52.34%,-18.49%,-,0.02%,2.25,-2.60%,"734,818"
RBC,20.53B,71.38,40.13,3.11,10.97,6.11,358.25,59.92,16.03%,12.49%,20.50%,12.90%,25.17%,648.89,1.56%,"236,253"
RBCAA,1.54B,13.61,13.30,-,3.07,1.51,-,11.19,1.19%,-2.65%,18.60%,-,9.26%,88.07,0.23%,"109,202"
RBIL,-,-,-,-,-,-,-,-,-,-,-,-,-,49.87,0.05%,"52,018"
RBKB,192.46M,18.95,-,-,2.55,1.39,-,20.01,-,-,10.72%,-,7.62%,17.23,0.29%,"129,035"
RBLD,-,-,-,-,-,-,-,-,-,-,-,-,-,90.63,1.17%,"2,982"
RBLU,-,-,-,-,-,-,-,-,-,-,-,-,-,6.61,-6.24%,"133,543"
RBLX,33.21B,-,-,-,6.27,76.87,10.38,21.78,1.83%,24.81%,-27.41%,20.06%,39.56%,46.39,-3.23%,"9,416,209"
RBLY,-,-,-,-,-,-,-,-,-,-,-,-,-,12.30,-4.63%,"5,639"
RBNE,4.85M,-,-,-,0.30,0.09,0.18,-,-,-,-,-,-,0.64,-4.33%,"319,731"
RBRK,14.62B,-,111.58,-,10.26,-,8.36,52.56,3196.39%,105.57%,-7.95%,-,27.69%,71.02,-4.70%,"3,524,507"
RBUF,-,-,-,-,-,-,-,-,-,-,-,-,-,31.07,-0.02%,"5,182"
RC,285.82M,-,-,-,0.81,0.23,1.19,-,-20.13%,69.50%,-,-,-5.77%,1.73,1.17%,"1,423,449"
RCAT,1.36B,-,-,-,24.85,4.55,10.28,-,13.89%,9.58%,-5.42%,6.15%,52.12%,8.91,-4.60%,"9,583,631"
RCAX,-,-,-,-,-,-,-,-,-,-,-,-,-,4.33,-8.84%,"548,499"
RCEL,97.37M,-,-,-,1.35,-,6.83,-,36.56%,37.58%,3.38%,74.26%,38.09%,3.92,-0.76%,"576,249"
RCG,18.87M,24.45,-,-,57.63,0.95,-,-,-,-,-,-,-,2.69,-1.50%,"17,095"
RCGE,-,-,-,-,-,-,-,-,-,-,-,-,-,29.42,0.33%,903
RCI,18.80B,3.69,9.50,4.87,1.17,1.46,18.93,9.90,-8.43%,8.03%,31.20%,1.95%,8.41%,34.80,-1.92%,"969,373"
RCKT,353.79M,-,-,-,-,1.49,2.45,-,90.11%,-549.44%,4.46%,22.83%,-,3.24,-1.82%,"1,438,144"
RCKY,304.75M,16.41,9.88,-,0.62,1.21,182.49,30.66,12.58%,11.44%,0.70%,-,11.69%,40.41,-0.59%,"46,910"
RCL,86.53B,19.69,16.17,1.21,4.71,8.82,169.01,63.12,11.00%,14.92%,-,13.33%,52.02%,322.65,0.53%,"1,651,513"
RCLO,-,-,-,-,-,-,-,-,-,-,-,-,-,24.94,0.02%,227
RCLR,-,-,-,-,-,-,-,-,-,-,-,-,-,50.53,-0.09%,70
RCMT,194.70M,12.95,8.67,-,0.61,4.36,74.31,52.48,9.00%,16.33%,-,-,16.26%,27.47,-2.42%,"77,321"
RCON,27.97M,-,-,-,1.83,0.01,2.60,-,13.64%,-1.75%,42.86%,-,-0.36%,0.39,0.52%,"32,378"
RCS,246.03M,6.77,-,-,8.52,1.10,-,-,-,-,-,-,-,5.21,-1.14%,"186,985"
RCT,16.80M,-,-,-,-,-,-,-,-,-,-,-,-,0.28,-44.15%,"15,708,308"
RCTR,-,-,-,-,-,-,-,-,-,-,-,-,-,33.91,-0.80%,"2,529"
RCUS,3.80B,-,-,-,16.12,7.24,4.63,-,-11.81%,6.39%,-7.95%,11.07%,26.08%,30.25,5.03%,"2,505,678"
RDAC,33.33M,31.89,-,-,-,0.79,3333.00,-,-,-,-,-,-,5.60,0.00%,899
RDAG,387.37M,37.54,-,-,-,1.30,445.25,-,-,-,-,-,-,10.33,0.00%,1
RDCM,210.57M,16.89,9.79,-,2.87,1.70,1.94,-,9.17%,7.98%,-,-,13.74%,12.58,-0.47%,"219,318"
RDDT,30.42B,44.81,24.28,0.51,12.30,9.56,10.98,35.02,88.33%,31.89%,-,47.40%,57.27%,158.02,-1.68%,"2,771,953"
RDFI,-,-,-,-,-,-,-,-,-,-,-,-,-,23.53,0.56%,"10,710"
RDGT,1.34M,-,-,-,0.01,0.00,0.07,0.08,-,-,52.73%,-,0.45%,1.50,-8.54%,"1,944,393"
RDHL,4.46M,-,-,-,-,-,1.47,-,-,-,86.32%,-,-66.14%,0.86,-5.38%,"30,307"
RDI,41.60M,-,-,-,0.20,-,5.28,35.25,-,-,26.94%,-,21.12%,1.31,-1.87%,"13,177"
RDIV,-,-,-,-,-,-,-,-,-,-,-,-,-,58.91,0.96%,"84,567"
RDN,4.92B,9.10,6.82,0.93,3.54,1.04,-,14.76,13.33%,7.58%,15.63%,7.32%,-3.64%,37.00,1.20%,"1,193,086"
RDNT,4.72B,-,63.62,1.38,2.20,4.36,10.36,46.28,32.23%,82.92%,3.18%,46.15%,13.74%,60.01,3.18%,"838,773"
RDNW,262.78M,-,42.56,-,0.24,-,5.66,-,97.33%,633.33%,34.49%,-,21.05%,6.81,5.91%,"120,524"
RDOG,-,-,-,-,-,-,-,-,-,-,-,-,-,41.12,0.34%,161
RDTE,-,-,-,-,-,-,-,-,-,-,-,-,-,29.44,0.24%,"151,228"
RDTL,-,-,-,-,-,-,-,-,-,-,-,-,-,17.44,-3.81%,"338,821"
RDTY,-,-,-,-,-,-,-,-,-,-,-,-,-,38.80,0.91%,"10,256"
RDVI,-,-,-,-,-,-,-,-,-,-,-,-,-,28.97,0.45%,"731,786"
RDVT,793.20M,57.90,34.60,-,8.43,7.59,18.26,26.13,14.23%,9.43%,-,-,21.15%,56.22,1.13%,"173,082"
RDVY,-,-,-,-,-,-,-,-,-,-,-,-,-,79.75,1.03%,"1,318,495"
RDW,2.58B,-,-,-,6.95,1.97,17.76,-,64.20%,38.22%,-40.08%,52.78%,42.32%,10.80,-5.10%,"27,120,593"
RDWR,1.21B,64.84,21.65,-,3.92,3.71,4.82,32.18,1.45%,11.43%,16.92%,-,3.84%,28.14,0.14%,"154,481"
RDWU,-,-,-,-,-,-,-,-,-,-,-,-,-,7.84,-10.09%,"1,567,985"
RDY,12.70B,25.97,23.05,1.63,3.33,3.06,13.72,36.55,-0.25%,23.38%,15.78%,14.12%,8.27%,15.25,4.02%,"4,615,209"
RDYY,-,-,-,-,-,-,-,-,-,-,-,-,-,18.80,-3.39%,"57,569"
RDZN,122.38M,-,-,-,2.43,-,8.74,-,74.04%,77.78%,-,-,-,1.45,0.69%,"694,655"
REA,279.70M,-,-,-,-,29.33,13.74,-,-11.18%,6.08%,-,-1.45%,-,14.05,-6.89%,"207,275"
REAI,-,-,-,-,-,-,-,-,-,-,-,-,-,21.37,-0.61%,7
REAL,1.50B,-,54.48,-,2.07,-,12.08,199.42,150.39%,277.28%,18.94%,-,18.23%,12.43,-3.34%,"5,969,242"
REAX,371.28M,-,39.32,-,0.18,5.62,3.72,5.13,80.00%,650.00%,-0.78%,-,160.03%,1.73,-2.26%,"2,839,529"
REBN,11.99M,-,-,-,1.03,4.03,44.40,-,-,-,-172.93%,-,59.14%,1.46,-3.95%,"8,824"
RECS,-,-,-,-,-,-,-,-,-,-,-,-,-,42.50,-0.75%,"364,412"
RECT,17.40M,8.01,-,-,0.67,1.07,4.89,-,-,-,-,-,-,1.20,-3.23%,"14,561"
REE,6.45M,-,-,-,4.96,0.89,0.45,-,-,-,-,-,27.30%,0.21,-2.53%,"468,052"
REED,12.45M,-,-,-,0.40,4.78,2.72,-,20.42%,54.45%,48.03%,-,-3.92%,1.05,-6.67%,"18,999"
REET,-,-,-,-,-,-,-,-,-,-,-,-,-,27.81,0.58%,"1,470,648"
REFA,-,-,-,-,-,-,-,-,-,-,-,-,-,22.25,0.00%,0
REFI,235.10M,7.69,5.57,1.80,3.73,0.77,8.44,9.66,1.06%,4.21%,32.56%,3.09%,54.40%,11.03,0.64%,"149,482"
REFR,21.62M,-,-,-,30.89,12.12,16.89,-,-,-,3.93%,-,6.24%,0.62,-0.32%,"73,562"
REG,14.69B,27.53,31.47,-,9.25,2.20,100.94,38.41,-12.27%,3.07%,60.48%,-0.31%,7.48%,80.25,0.48%,"1,445,247"
REGL,-,-,-,-,-,-,-,-,-,-,-,-,-,91.75,0.79%,"30,993"
REGN,65.01B,15.11,11.45,1.03,4.36,2.07,7.42,15.81,4.85%,16.56%,6.33%,11.17%,11.04%,620.14,-0.53%,"696,691"
REGS,-,-,-,-,-,-,-,-,-,-,-,-,-,10.94,-0.98%,"4,341"
REI,264.00M,-,2.94,-,0.87,0.35,253.85,5.63,35.09%,37.66%,45.35%,-,22.14%,1.04,-2.80%,"5,981,454"
REIT,-,-,-,-,-,-,-,-,-,-,-,-,-,30.53,0.46%,"19,807"
REK,-,-,-,-,-,-,-,-,-,-,-,-,-,15.46,-0.00%,"4,156"
REKR,83.52M,-,-,-,1.69,2.42,6.63,-,50.00%,69.23%,16.33%,-,39.31%,0.61,-1.40%,"1,941,604"
RELL,259.22M,66.01,46.31,-,1.21,1.62,8.79,-,418.75%,52.94%,10.70%,-,6.03%,18.06,2.58%,"153,174"
RELX,54.30B,20.92,14.80,1.42,4.30,17.67,308.19,14.20,7.41%,10.89%,12.73%,10.40%,6.75%,30.92,-0.74%,"3,508,959"
RELY,4.58B,44.58,24.61,0.48,2.65,5.04,7.05,19.07,106.74%,37.85%,-,50.95%,44.79%,21.74,1.35%,"2,884,803"
REM,-,-,-,-,-,-,-,-,-,-,-,-,-,21.63,0.46%,"226,236"
REMC,-,-,-,-,-,-,-,-,-,-,-,-,-,22.23,0.78%,526
REMG,-,-,-,-,-,-,-,-,-,-,-,-,-,36.97,1.04%,"11,567"
REMX,-,-,-,-,-,-,-,-,-,-,-,-,-,89.21,-1.61%,"658,518"
RENT,104.12M,0.43,-,-,0.30,-,2.53,-,-,-,-,-,15.93%,3.10,-3.43%,"79,434"
RENX,4.52M,-,-,-,0.37,3.50,8.87,-,93.02%,40.61%,-64.93%,-,-,1.73,4.22%,"77,800"
REPL,919.03M,-,-,-,-,4.21,3.41,-,-5.96%,44.44%,-14.85%,27.37%,-,11.13,-1.24%,"2,216,838"
REPX,711.63M,11.86,3.98,0.14,1.76,1.28,45.01,10.95,16.99%,55.48%,-,29.38%,164.32%,32.80,0.34%,"167,767"
RERE,489.14M,14.93,5.51,0.13,0.15,1.43,2.68,-,64.56%,33.94%,-,43.80%,32.99%,3.72,-1.59%,"810,015"
RES,1.32B,63.33,23.57,3.17,0.75,1.20,6.56,29.65,-22.40%,29.90%,-,7.43%,22.14%,5.94,3.85%,"1,807,887"
RESM,-,-,-,-,-,-,-,-,-,-,-,-,-,24.16,1.03%,632
RETL,-,-,-,-,-,-,-,-,-,-,-,-,-,9.01,-2.70%,"664,732"
RETO,9.94M,-,-,-,2.95,0.05,38.25,-,-,-,59.73%,-,-16.57%,2.33,-12.08%,"7,002"
REVB,3.76M,-,-,-,-,0.29,0.27,-,79.14%,44.44%,76.86%,-,-,0.96,-6.80%,"32,624"
REVS,-,-,-,-,-,-,-,-,-,-,-,-,-,31.77,0.57%,"17,059"
REW,-,-,-,-,-,-,-,-,-,-,-,-,-,12.13,-2.01%,"8,732"
REX,1.43B,15.47,-,-,2.17,2.27,3.90,31.06,-,-,98.48%,-,11.72%,43.41,0.23%,"143,083"
REXC,-,-,-,-,-,-,-,-,-,-,-,-,-,19.44,-2.70%,"85,019"
REXR,7.56B,35.63,30.20,4.09,7.63,0.94,146.23,35.44,45.11%,-11.11%,11.20%,7.39%,24.39%,33.50,-0.48%,"2,033,393"
REYN,5.55B,16.85,15.82,5.27,1.47,2.45,78.10,17.01,-2.22%,3.74%,-4.22%,3.00%,2.66%,26.31,2.25%,"1,911,253"
REZ,-,-,-,-,-,-,-,-,-,-,-,-,-,93.51,1.07%,"18,375"
REZI,4.90B,-,10.65,-,0.64,2.01,11.18,-,4.14%,8.78%,-,-,8.06%,32.34,1.47%,"876,681"
RF,25.58B,12.43,10.50,0.98,2.67,1.47,-,12.91,12.33%,9.06%,17.43%,10.69%,8.44%,29.98,1.66%,"9,941,755"
RFAI,38.83M,79.78,-,-,-,2.48,1294.47,-,-,-,-,-,-,11.05,0.19%,3
RFAM,138.01M,-,-,-,-,1.76,191.68,-,-,-,-,-,-,9.90,0.00%,61
RFCI,-,-,-,-,-,-,-,-,-,-,-,-,-,22.36,0.04%,787
RFDA,-,-,-,-,-,-,-,-,-,-,-,-,-,69.86,0.40%,612
RFDI,-,-,-,-,-,-,-,-,-,-,-,-,-,86.91,0.14%,"5,320"
RFEM,-,-,-,-,-,-,-,-,-,-,-,-,-,91.58,-1.17%,"1,582"
RFFC,-,-,-,-,-,-,-,-,-,-,-,-,-,73.48,-0.10%,"2,925"
RFG,-,-,-,-,-,-,-,-,-,-,-,-,-,63.58,0.86%,"1,991"
RFI,298.26M,26.55,-,-,27.43,1.01,-,-,-,-,-,-,-,11.15,-0.36%,"74,181"
RFIL,227.33M,168.41,23.54,-,2.77,6.16,67.06,184.82,72.50%,28.99%,-,-,13.36%,20.95,8.32%,"235,935"
RFIX,-,-,-,-,-,-,-,-,-,-,-,-,-,39.50,-1.59%,"570,114"
RFL,140.95M,-,-,-,143.83,1.87,4.62,-,-,-,-9.76%,-,-28.51%,2.71,-2.87%,"320,043"
RFLR,-,-,-,-,-,-,-,-,-,-,-,-,-,32.06,0.30%,"84,741"
RFM,89.27M,177.52,-,-,17.57,0.93,12.48,212.54,-,-,-,-,32.88%,14.61,0.00%,"5,419"
RFMZ,328.24M,206.12,-,-,18.94,0.94,13.82,132.89,-,-,-,-,51.23%,13.48,0.00%,"36,774"
RFV,-,-,-,-,-,-,-,-,-,-,-,-,-,143.82,0.81%,"8,937"
RGA,13.66B,11.31,7.17,0.62,0.55,1.03,-,2.47,18.13%,8.29%,22.91%,11.65%,10.18%,208.50,0.34%,"298,360"
RGC,3.71B,-,-,-,-,3032.39,1572.50,-,-,-,-33.47%,-,-,7.49,-12.50%,"417,105"
RGCO,256.43M,18.33,-,-,2.39,2.07,75.64,68.75,-,-,-0.12%,-,8.61%,24.64,-1.56%,"6,266"
RGEF,-,-,-,-,-,-,-,-,-,-,-,-,-,34.40,0.63%,"1,473"
RGEN,8.19B,159.87,56.22,2.33,10.73,3.89,10.44,78.42,17.19%,28.92%,-4.91%,24.08%,15.05%,145.23,4.93%,"1,948,976"
RGLD,17.37B,24.35,15.27,0.64,13.30,2.34,74.17,-,55.76%,17.36%,17.16%,23.88%,15.62%,204.62,1.18%,"634,224"
RGLO,-,-,-,-,-,-,-,-,-,-,-,-,-,32.02,0.02%,"31,687"
RGNT,21.49M,-,-,-,-,4.53,2.91,-,-,-,-71.58%,-,-,4.15,-1.19%,"168,284"
RGNX,529.39M,-,-,-,6.03,25.07,3.52,-,24.71%,-3.07%,-4.73%,18.88%,1.97%,10.24,2.71%,"1,546,932"
RGP,132.51M,-,128.67,-,0.27,0.70,1.60,8.89,98.15%,127.91%,-,-,-4.75%,3.86,-6.76%,"1,054,387"
RGR,612.74M,-,19.41,-,1.11,2.16,5.83,14.45,102.38%,16.47%,-,-,-0.82%,38.43,-0.31%,"182,187"
RGS,66.22M,0.60,16.67,-,0.29,0.35,1.62,4.82,-,-,-,-,-20.69%,26.50,1.77%,"3,426"
RGT,93.13M,4.89,-,-,-,-,-,-,-,-,-,-,-,14.19,0.71%,"14,714"
RGTI,6.12B,-,-,-,610.72,10.48,14.63,-,-18.77%,-4.59%,-371.35%,-9.05%,-,18.41,-5.73%,"27,824,886"
RGTU,-,-,-,-,-,-,-,-,-,-,-,-,-,17.59,-11.74%,"153,004"
RGTX,-,-,-,-,-,-,-,-,-,-,-,-,-,16.87,-12.00%,"1,354,115"
RGTZ,-,-,-,-,-,-,-,-,-,-,-,-,-,4.18,10.88%,"10,062,676"
RGYY,-,-,-,-,-,-,-,-,-,-,-,-,-,7.95,-1.03%,"53,837"
RH,3.02B,30.85,17.49,0.63,0.88,53.10,56.18,13.51,-21.81%,85.92%,-8.73%,27.70%,3.84%,159.92,2.16%,"931,305"
RHI,3.08B,23.27,14.52,0.54,0.58,2.50,11.06,14.14,-0.76%,57.02%,-13.28%,26.99%,1.03%,30.09,0.03%,"1,804,956"
RHLD,1.03B,18.14,-,-,1.35,34.08,8.60,21.86,-,-,-,-,-,125.06,2.17%,"163,615"
RHP,8.26B,34.68,27.96,1.70,3.11,11.14,18.31,12.49,8.61%,14.35%,-,16.49%,37.49%,130.91,0.88%,"696,790"
RHRX,-,-,-,-,-,-,-,-,-,-,-,-,-,21.92,0.41%,"2,385"
RHTX,-,-,-,-,-,-,-,-,-,-,-,-,-,19.59,0.34%,117
RIBB,67.02M,13437.50,-,-,-,247.98,-,-,-,-,-,-,-,10.75,-0.83%,195
RICK,206.86M,-,-,-,0.73,0.90,7.69,5.89,-,-,-,-,16.13%,27.06,-2.98%,"43,433"
RIET,-,-,-,-,-,-,-,-,-,-,-,-,-,9.61,0.21%,"81,076"
RIFR,-,-,-,-,-,-,-,-,-,-,-,-,-,28.85,0.81%,"13,901"
RIG,5.82B,-,18.98,0.19,1.41,0.70,9.46,7.31,215.59%,117.42%,-26.92%,99.59%,4.70%,5.21,3.37%,"31,857,500"
RIGL,684.39M,1.98,8.25,-,2.28,1.71,4.67,8.63,-84.82%,51.66%,-,-,22.06%,36.99,1.20%,"271,747"
RIGS,-,-,-,-,-,-,-,-,-,-,-,-,-,22.82,0.06%,"2,691"
RILA,-,-,-,-,-,-,-,-,-,-,-,-,-,11.65,-0.02%,"7,809"
RILY,285.78M,0.49,-,-,0.22,3.23,0.35,0.78,-,-,0.13%,-,2.19%,7.11,-5.26%,"1,687,303"
RIME,8.96M,-,-,-,1.09,1.64,0.82,-,73.55%,30.97%,57.07%,-,-35.22%,0.58,-6.85%,"228,958"
RINF,-,-,-,-,-,-,-,-,-,-,-,-,-,32.06,0.28%,"6,033"
RING,-,-,-,-,-,-,-,-,-,-,-,-,-,65.01,1.48%,"819,551"
RINT,-,-,-,-,-,-,-,-,-,-,-,-,-,31.62,0.78%,"24,401"
RIO,119.32B,15.60,10.92,1.50,2.07,2.48,12.63,24.89,27.78%,1.86%,0.21%,7.27%,5.14%,95.11,1.15%,"2,949,396"
RIOT,10.50B,-,-,-,16.07,4.39,37.15,-,1.92%,60.10%,-45.17%,41.88%,121.73%,27.76,1.24%,"16,669,649"
RIOX,-,-,-,-,-,-,-,-,-,-,-,-,-,61.20,2.34%,"189,616"
RISE,-,-,-,-,-,-,-,-,-,-,-,-,-,17.98,-0.15%,444
RISN,-,-,-,-,-,-,-,-,-,-,-,-,-,30.39,0.14%,"4,024"
RISR,-,-,-,-,-,-,-,-,-,-,-,-,-,36.26,0.11%,"105,932"
RITA,-,-,-,-,-,-,-,-,-,-,-,-,-,21.32,0.75%,461
RITM,5.20B,8.52,3.96,2.44,0.94,0.75,2.11,-,-3.80%,4.09%,-,1.62%,31.34%,9.32,0.87%,"6,593,540"
RITR,31.04M,-,-,-,1.01,1.28,9.10,-,-,-,15.24%,-,50.65%,0.50,0.91%,"52,478"
RIV,313.81M,4.96,-,-,-,-,-,-,-,-,-,-,-,11.47,0.04%,"27,564"
RIVN,18.73B,-,-,-,3.39,4.25,3.88,-,-1.77%,20.68%,-22.15%,18.50%,-,14.86,1.50%,"26,345,329"
RIZE,-,-,-,-,-,-,-,-,-,-,-,-,-,24.94,0.08%,308
RJDI,-,-,-,-,-,-,-,-,-,-,-,-,-,29.13,0.87%,"220,637"
RJET,846.67M,5.74,-,-,0.72,0.61,2.86,-,-,-,-30.63%,-,25.20%,18.08,-1.09%,"176,485"
RJF,29.33B,14.23,11.14,0.84,1.78,2.33,1.92,13.20,11.47%,13.70%,21.52%,13.28%,14.17%,150.52,-2.76%,"2,111,958"
RJMI,-,-,-,-,-,-,-,-,-,-,-,-,-,25.75,0.04%,"2,314"
RJVI,-,-,-,-,-,-,-,-,-,-,-,-,-,25.12,0.00%,0
RKDA,1.39M,-,-,-,0.29,0.48,0.37,-,-,-,38.02%,-,-9.57%,0.68,0.67%,"47,836"
RKLB,46.71B,-,128079.37,-,68.73,20.52,33.77,-,39.00%,100.28%,11.84%,-,76.47%,80.69,-5.53%,"26,293,794"
RKLX,-,-,-,-,-,-,-,-,-,-,-,-,-,28.87,-11.09%,"3,061,776"
RKLZ,-,-,-,-,-,-,-,-,-,-,-,-,-,4.45,10.97%,"13,638,200"
RKNG,-,-,-,-,-,-,-,-,-,-,-,-,-,27.70,0.95%,"4,253"
RKSG,-,-,-,-,-,-,-,-,-,-,-,-,-,26.56,-0.73%,106
RKT,41.82B,250.51,13.94,0.22,5.02,1.80,14.07,-,161.95%,44.60%,-,63.14%,-14.60%,14.78,0.34%,"50,829,662"
RKTL,-,-,-,-,-,-,-,-,-,-,-,-,-,11.64,1.44%,"25,185"
RKTO,19.54M,-,-,-,-,3.42,4.82,-,-,-,42.65%,-,-,0.88,-13.37%,"1,023,472"
RL,24.42B,27.14,20.13,1.82,3.01,8.67,11.82,32.72,10.53%,11.10%,-,11.04%,13.02%,410.11,-1.00%,"499,728"
RLAY,3.89B,-,-,-,363.85,5.25,6.05,-,3.76%,-3.40%,8.85%,1.49%,-28.58%,17.83,-1.05%,"6,067,375"
RLGT,428.98M,27.55,29.55,-,0.48,1.83,10.81,15.21,-17.14%,6.90%,11.45%,-,1.09%,9.16,0.77%,"161,709"
RLI,5.07B,12.89,19.57,-,2.68,2.82,-,9.25,-20.45%,2.03%,20.32%,-8.01%,13.86%,55.13,0.69%,"682,155"
RLJ,1.76B,-,524.33,-,1.29,0.99,4.54,12.08,-193.46%,335.26%,-,-,23.33%,11.53,1.86%,"1,464,078"
RLMD,676.55M,-,-,-,-,3.09,2.89,-,42.99%,-16.73%,17.54%,13.22%,-,6.45,-0.92%,"2,398,870"
RLTY,261.20M,14.46,-,-,-,-,-,-,-,-,-,-,-,15.62,-0.38%,"55,204"
RLX,1.63B,16.56,11.32,0.56,2.63,0.95,1.16,-,34.24%,14.63%,-,20.05%,-1.88%,1.79,0.00%,"1,605,957"
RLY,-,-,-,-,-,-,-,-,-,-,-,-,-,34.73,0.40%,"337,201"
RLYB,83.27M,-,-,-,96.82,1.65,1.78,-,-,-,24.69%,-,-,15.71,-1.32%,"51,008"
RM,358.48M,7.90,5.28,0.29,0.54,0.97,3.47,1.11,25.62%,31.91%,13.15%,18.38%,11.54%,38.93,-0.05%,"32,458"
RMAX,321.03M,513.51,7.22,-,1.12,0.45,1.76,12.82,-0.77%,1.94%,-8.22%,-,1.85%,9.50,-3.85%,"176,346"
RMBC,-,-,-,-,-,-,-,-,-,-,-,-,-,23.11,-1.15%,"4,413"
RMBI,158.88M,12.04,-,-,1.74,1.10,-,11.14,-,-,7.48%,-,12.86%,15.13,-0.85%,"25,432"
RMBS,13.38B,58.79,33.11,1.32,18.55,9.60,17.01,39.90,19.33%,25.27%,-,25.07%,23.50%,123.69,-0.67%,"2,525,093"
RMCA,-,-,-,-,-,-,-,-,-,-,-,-,-,24.50,0.06%,102
RMCF,13.97M,-,-,-,0.51,2.65,11.45,-,-,-,-30.63%,-,3.21%,1.48,-1.33%,"43,955"
RMCO,36.96M,-,4.07,-,6.53,3.44,108.71,184.81,1700.00%,233.33%,-,-,-,2.44,-2.40%,"20,029"
RMD,28.81B,19.15,16.22,1.35,5.20,4.44,17.29,16.42,16.36%,10.17%,17.37%,12.06%,11.72%,198.60,1.07%,"1,810,365"
RMHY,-,-,-,-,-,-,-,-,-,-,-,-,-,25.00,0.07%,"297,362"
RMI,98.03M,126.46,-,-,19.15,0.97,15.74,87.53,-,-,-,-,-6.27%,15.39,-0.10%,"3,183"
RMIF,-,-,-,-,-,-,-,-,-,-,-,-,-,24.24,0.04%,"4,426"
RMIX,1.52B,-,51.17,0.26,-,-,-,-,420.00%,167.95%,-,199.17%,-,21.39,2.44%,"419,295"
RMM,289.19M,77.11,-,-,-,-,-,-,-,-,-,-,-,14.65,0.27%,"21,582"
RMME,-,-,-,-,-,-,-,-,-,-,-,-,-,100.29,0.00%,0
RMMZ,-,-,-,-,-,-,-,-,-,-,-,-,-,14.89,0.27%,"5,860"
RMNI,376.72M,10.92,8.61,-,0.89,-,2.84,8.06,59.37%,33.10%,-,-,5.22%,4.07,-3.55%,"658,373"
RMNY,-,-,-,-,-,-,-,-,-,-,-,-,-,24.80,0.06%,835
RMOP,-,-,-,-,-,-,-,-,-,-,-,-,-,25.56,0.20%,"53,177"
RMR,667.86M,17.19,26.68,-,1.04,1.56,8.34,7.26,-39.38%,13.87%,-9.97%,-,3.50%,20.81,0.43%,"91,179"
RMRC,-,-,-,-,-,-,-,-,-,-,-,-,-,25.27,0.19%,160
RMSG,2.48M,-,-,-,-,-,-,-,-,-,-,-,-,0.49,-1.80%,"141,653"
RMT,755.12M,8.51,-,-,153.34,1.20,-,-,-,-,-,-,-,14.12,0.50%,"206,885"
RMTI,25.69M,-,-,-,0.38,0.72,1.08,14.59,40.00%,94.44%,49.20%,-,2.17%,0.65,-4.20%,"373,157"
RNA,218.61M,-,-,-,-,0.93,0.82,-,-4.84%,-19.45%,-,-10.69%,-,12.78,-0.39%,"262,222"
RNAC,262.38M,-,-,-,148.24,-,2.21,-,17.31%,7.84%,24.48%,10.72%,-29.96%,8.93,-7.37%,"265,809"
RNAZ,4.32M,-,-,-,-,3.33,0.34,-,-,-,79.17%,-,-,4.55,-7.05%,"29,616"
RND,-,-,-,-,-,-,-,-,-,-,-,-,-,30.69,-0.53%,500
RNEM,-,-,-,-,-,-,-,-,-,-,-,-,-,55.05,-0.50%,563
RNG,2.91B,36.58,6.36,0.53,1.14,-,24.92,5.45,12.52%,11.06%,-,11.92%,16.27%,34.65,-3.35%,"1,398,902"
RNGR,370.44M,24.40,10.85,0.24,0.65,1.23,53.69,20.81,103.09%,31.00%,-,45.69%,23.83%,15.59,2.77%,"181,383"
RNGT,316.09M,85.87,-,-,-,1.39,343.58,-,-,-,-,-,-,10.09,0.00%,0
RNIN,-,-,-,-,-,-,-,-,-,-,-,-,-,31.53,-1.63%,"5,798"
RNP,970.08M,16.84,-,-,13.78,0.98,-,-,-,-,-,-,-,20.21,-0.54%,"149,451"
RNR,13.09B,5.13,7.48,1.52,1.14,1.23,-,3.10,4.19%,0.76%,29.62%,4.93%,19.90%,307.14,-0.95%,"223,235"
RNRG,-,-,-,-,-,-,-,-,-,-,-,-,-,36.06,0.17%,194
RNST,4.00B,18.03,10.89,-,2.55,1.04,-,17.38,80.95%,6.25%,6.93%,-,14.91%,43.34,0.12%,"583,237"
RNTX,80.01M,-,-,-,-,-,17.98,-,72.96%,5.66%,30.56%,30.43%,-,0.94,-7.39%,"450,534"
RNTY,-,-,-,-,-,-,-,-,-,-,-,-,-,50.50,0.30%,701
RNW,2.32B,19.65,9.95,0.23,1.55,1.69,2.86,-,-19.68%,151.85%,-,43.70%,17.93%,6.37,2.25%,"1,330,792"
RNWZ,-,-,-,-,-,-,-,-,-,-,-,-,-,31.45,1.16%,174
RNXT,41.90M,-,-,-,28.12,3.72,3.39,-,7.81%,50.85%,6.34%,-,-,0.93,-2.41%,"305,745"
ROAD,7.11B,55.30,33.50,-,2.18,7.26,92.39,37.17,36.63%,24.66%,18.69%,-,29.05%,125.80,0.52%,"527,682"
ROAM,-,-,-,-,-,-,-,-,-,-,-,-,-,35.88,-0.53%,"7,349"
ROBN,-,-,-,-,-,-,-,-,-,-,-,-,-,26.33,-8.07%,"656,437"
ROBO,-,-,-,-,-,-,-,-,-,-,-,-,-,83.44,1.32%,"266,852"
ROBT,-,-,-,-,-,-,-,-,-,-,-,-,-,53.67,0.07%,"32,130"
ROC,99.40M,-,-,-,-,5.43,5.98,-,-72.22%,100.00%,-,-,-,5.21,14.76%,"201,659"
ROCK,1.31B,-,9.32,-,1.05,1.49,64.41,18.35,-3.15%,24.85%,-,-,1.92%,44.19,2.30%,"361,162"
ROCQ,-,-,-,-,-,-,-,-,-,-,-,-,-,56.33,0.58%,"88,572"
ROCY,-,-,-,-,-,-,-,-,-,-,-,-,-,53.35,-0.08%,"50,763"
RODM,-,-,-,-,-,-,-,-,-,-,-,-,-,40.30,-0.87%,"198,429"
ROE,-,-,-,-,-,-,-,-,-,-,-,-,-,42.29,0.92%,"18,491"
ROG,2.98B,-,38.26,1.14,3.63,2.49,15.23,42.54,52.30%,19.96%,-,33.61%,0.20%,167.09,3.05%,"249,673"
ROIV,24.47B,-,-,-,2962.42,5.41,5.70,-,-132.02%,21.77%,34.68%,-,-19.07%,34.02,0.03%,"9,800,878"
ROK,53.34B,49.81,33.04,2.18,6.06,15.15,126.11,39.84,23.26%,11.78%,-2.65%,15.13%,5.68%,479.39,4.13%,"656,822"
ROKT,-,-,-,-,-,-,-,-,-,-,-,-,-,112.22,0.35%,"19,978"
ROKU,19.99B,101.32,37.33,0.34,4.03,7.44,8.40,48.59,318.63%,46.12%,-,109.44%,21.65%,134.73,-0.88%,"7,333,278"
ROL,20.61B,39.10,31.01,2.66,5.36,14.91,176.82,33.18,13.03%,12.03%,15.44%,11.66%,11.72%,42.80,-3.91%,"6,155,358"
ROLR,64.72M,12.73,-,-,3.80,2.05,2.80,-,-,-,32.10%,-,11.06%,5.90,11.32%,"1,206,102"
ROM,-,-,-,-,-,-,-,-,-,-,-,-,-,145.88,1.62%,"73,058"
ROMA,427.41M,-,-,-,260.62,43.70,158.30,-,-,-,-,-,-2.94%,7.99,1.01%,"4,898"
ROMO,-,-,-,-,-,-,-,-,-,-,-,-,-,33.21,0.24%,"4,841"
RONB,-,-,-,-,-,-,-,-,-,-,-,-,-,23.08,-1.62%,"408,102"
ROOT,826.77M,16.55,19.98,4.32,0.53,2.52,-,4.37,29.75%,-14.63%,-,4.63%,34.33%,52.24,-1.62%,"231,557"
ROP,33.55B,20.77,13.92,1.60,4.13,1.81,87.61,13.15,9.57%,9.00%,9.58%,8.71%,10.24%,332.42,0.25%,"852,735"
ROPE,-,-,-,-,-,-,-,-,-,-,-,-,-,30.00,0.74%,"6,589"
ROSC,-,-,-,-,-,-,-,-,-,-,-,-,-,55.06,-0.14%,484
ROST,69.01B,29.98,24.96,1.99,2.90,10.95,16.62,26.22,18.42%,10.11%,93.97%,12.56%,12.67%,215.13,-5.89%,"4,328,073"
ROUS,-,-,-,-,-,-,-,-,-,-,-,-,-,66.73,0.48%,"67,314"
RPAR,-,-,-,-,-,-,-,-,-,-,-,-,-,22.55,0.39%,"23,710"
RPAY,280.11M,-,3.13,0.19,0.90,0.55,3.74,2.66,13.08%,9.49%,-8.20%,16.69%,14.81%,3.18,-2.45%,"306,752"
RPC,832.08M,36.79,6.28,0.46,2.73,2.37,27.79,20.37,12.04%,17.34%,-20.12%,13.64%,34.57%,7.60,0.80%,"409,189"
RPD,472.49M,20.56,4.58,-,0.55,2.70,0.70,3.07,-25.21%,-0.85%,-,-8.05%,15.88%,7.07,-0.14%,"1,165,016"
RPG,-,-,-,-,-,-,-,-,-,-,-,-,-,62.95,3.38%,"604,917"
RPGL,2.19M,-,-,-,-,-,-,-,-,-,-29.50%,-,-12.40%,2.02,-2.88%,"14,965"
RPHS,-,-,-,-,-,-,-,-,-,-,-,-,-,10.59,0.45%,"5,779"
RPID,84.70M,-,-,-,2.46,3.81,3.69,-,11.43%,15.05%,2.04%,23.50%,15.88%,1.70,1.19%,"223,875"
RPM,14.26B,21.53,18.82,2.38,1.85,4.54,48.45,24.78,3.74%,7.97%,17.97%,7.91%,6.01%,111.70,1.82%,"723,774"
RPRX,31.50B,28.64,9.73,1.06,12.90,3.52,51.78,11.57,6.24%,9.59%,-7.26%,9.16%,2.30%,54.69,0.76%,"2,461,153"
RPT,111.69M,-,65.32,-,2.14,0.47,1.15,-,-1058.33%,147.48%,-,-,-12.80%,14.37,-0.42%,"56,911"
RPV,-,-,-,-,-,-,-,-,-,-,-,-,-,114.57,0.88%,"136,601"
RQI,1.67B,35.46,-,-,19.50,1.03,-,-,-,-,-,-,-,12.41,-1.43%,"775,421"
RR,422.60M,-,-,-,85.72,1.19,1.29,-,-,-,-12.38%,-,-4.36%,1.89,-1.05%,"7,719,807"
RRBI,594.33M,13.53,11.98,-,3.45,1.59,-,13.36,13.64%,3.91%,10.73%,-,11.06%,90.26,-1.29%,"74,411"
RRC,8.56B,9.59,8.00,0.46,2.66,1.86,34221.78,10.57,43.01%,5.74%,-,17.32%,10.95%,36.31,-0.03%,"2,489,420"
RREV,329.33M,-,-,-,-,-,-,-,-,-,-,-,-,9.88,0.10%,"75,103"
RRGB,125.06M,-,62.88,-,0.10,-,3.69,-,50.00%,133.59%,41.61%,-,6.86%,6.76,2.11%,"290,945"
RRR,6.63B,20.48,21.69,1.19,3.28,26.04,49.49,26.17,53.90%,3.87%,-,18.20%,11.21%,63.57,1.71%,"500,579"
RRX,15.12B,52.81,16.81,1.02,2.52,2.22,37.71,18.91,10.13%,27.19%,-1.99%,16.41%,15.34%,227.18,3.85%,"1,345,747"
RS,20.71B,26.48,18.88,1.58,1.40,2.91,82.96,33.84,40.76%,7.09%,19.85%,11.94%,10.16%,405.78,2.25%,"291,121"
RSBA,-,-,-,-,-,-,-,-,-,-,-,-,-,21.11,0.39%,"1,851"
RSBT,-,-,-,-,-,-,-,-,-,-,-,-,-,19.02,0.58%,"7,830"
RSBY,-,-,-,-,-,-,-,-,-,-,-,-,-,18.41,-0.67%,"1,354"
RSDE,-,-,-,-,-,-,-,-,-,-,-,-,-,23.37,0.26%,357
RSEE,-,-,-,-,-,-,-,-,-,-,-,-,-,38.68,0.65%,"2,889"
RSF,56.12M,13.09,7.69,3.73,7.65,0.95,12.39,7.19,-,-,-,2.06%,-,14.61,0.17%,"8,226"
RSG,65.69B,30.61,26.47,3.18,3.93,5.49,556.66,25.32,3.77%,10.72%,17.78%,8.32%,10.32%,213.50,-0.04%,"1,435,903"
RSI,7.07B,94.93,36.40,0.90,5.69,19.69,21.33,45.48,62.44%,38.79%,-,40.46%,32.43%,30.36,1.78%,"1,989,013"
RSIT,-,-,-,-,-,-,-,-,-,-,-,-,-,20.29,1.29%,"17,993"
RSJN,-,-,-,-,-,-,-,-,-,-,-,-,-,37.10,0.34%,"36,164"
RSKD,722.78M,-,13.45,0.79,2.06,2.60,2.62,17.71,21.25%,50.52%,-6.48%,16.96%,15.31%,4.91,0.61%,"1,430,202"
RSMC,-,-,-,-,-,-,-,-,-,-,-,-,-,28.88,0.80%,"3,940"
RSMR,-,-,-,-,-,-,-,-,-,-,-,-,-,23.58,0.29%,200
RSMV,-,-,-,-,-,-,-,-,-,-,-,-,-,29.83,1.33%,"1,182"
RSP,-,-,-,-,-,-,-,-,-,-,-,-,-,211.75,0.65%,"13,446,129"
RSPA,-,-,-,-,-,-,-,-,-,-,-,-,-,53.33,0.51%,"190,130"
RSPC,-,-,-,-,-,-,-,-,-,-,-,-,-,34.88,-0.89%,"27,398"
RSPD,-,-,-,-,-,-,-,-,-,-,-,-,-,55.78,-0.84%,"72,109"
RSPE,-,-,-,-,-,-,-,-,-,-,-,-,-,33.85,0.89%,"59,728"
RSPF,-,-,-,-,-,-,-,-,-,-,-,-,-,76.72,-0.50%,"35,068"
RSPG,-,-,-,-,-,-,-,-,-,-,-,-,-,98.99,1.47%,"142,559"
RSPH,-,-,-,-,-,-,-,-,-,-,-,-,-,32.80,1.55%,"80,271"
RSPM,-,-,-,-,-,-,-,-,-,-,-,-,-,39.34,1.27%,"13,708"
RSPN,-,-,-,-,-,-,-,-,-,-,-,-,-,63.76,1.84%,"542,733"
RSPR,-,-,-,-,-,-,-,-,-,-,-,-,-,36.70,0.35%,"15,420"
RSPS,-,-,-,-,-,-,-,-,-,-,-,-,-,30.30,0.00%,"85,112"
RSPT,-,-,-,-,-,-,-,-,-,-,-,-,-,63.07,1.24%,"884,863"
RSPU,-,-,-,-,-,-,-,-,-,-,-,-,-,81.91,0.81%,"64,573"
RSSB,-,-,-,-,-,-,-,-,-,-,-,-,-,30.54,0.33%,"68,266"
RSSE,-,-,-,-,-,-,-,-,-,-,-,-,-,23.05,0.33%,"9,437"
RSSL,-,-,-,-,-,-,-,-,-,-,-,-,-,117.07,0.58%,"3,250"
RSSS,75.26M,16.13,14.67,0.28,1.55,3.91,6.25,13.16,225.00%,17.95%,-,51.83%,9.57%,2.25,0.00%,"24,471"
RSST,-,-,-,-,-,-,-,-,-,-,-,-,-,31.94,0.64%,"104,096"
RSSX,-,-,-,-,-,-,-,-,-,-,-,-,-,22.64,0.30%,"15,583"
RSSY,-,-,-,-,-,-,-,-,-,-,-,-,-,24.89,-0.41%,"18,206"
RSVR,661.87M,80.70,57.60,-,3.77,1.75,21.15,13.33,-3.85%,40.00%,-9.52%,-,16.96%,10.08,-1.27%,"27,299"
RTAC,324.39M,47.25,-,-,-,1.35,32439.00,-,-,-,-,-,-,10.41,0.00%,"13,065"
RTAI,-,-,-,-,-,-,-,-,-,-,-,-,-,21.53,0.02%,218
RTB,151.59M,-,-,-,13.91,-,26.32,-,-,-,20.65%,-,5.48%,11.13,-7.40%,"52,673"
RTH,-,-,-,-,-,-,-,-,-,-,-,-,-,253.73,-1.65%,"4,807"
RTO,14.53B,31.12,17.87,1.64,2.10,2.65,6.26,18.97,11.64%,12.27%,7.73%,10.92%,14.12%,28.89,-0.38%,"927,386"
RTRE,-,-,-,-,-,-,-,-,-,-,-,-,-,25.01,0.12%,"3,968"
RTX,251.28B,34.97,24.47,2.38,2.78,3.79,36.86,29.71,10.40%,9.79%,-,10.28%,9.35%,186.59,0.83%,"3,581,763"
RTXG,-,-,-,-,-,-,-,-,-,-,-,-,-,21.67,1.13%,"9,527"
RTYY,-,-,-,-,-,-,-,-,-,-,-,-,-,11.91,0.32%,"4,299"
RUBI,-,-,-,-,-,-,-,-,-,-,-,-,-,0.24,-21.10%,"3,635,372"
RULE,-,-,-,-,-,-,-,-,-,-,-,-,-,33.60,2.98%,"1,830"
RUM,2.72B,-,-,-,26.57,8.47,12.42,-,12.50%,51.79%,-,-,-,6.24,0.65%,"4,303,360"
RUN,3.24B,6.36,24.02,-,1.02,0.96,2.98,-,-23.28%,-56.84%,-,-17.88%,26.24%,13.60,-5.69%,"17,094,418"
RUNN,-,-,-,-,-,-,-,-,-,-,-,-,-,32.05,-0.20%,"18,647"
RUSC,-,-,-,-,-,-,-,-,-,-,-,-,-,38.64,1.28%,"20,307"
RUSHA,5.73B,22.15,16.09,1.39,0.79,2.50,23.91,10.26,13.44%,22.74%,19.13%,11.61%,9.44%,73.25,1.41%,"365,046"
RVER,-,-,-,-,-,-,-,-,-,-,-,-,-,33.94,-0.57%,"48,953"
RVI,410.78M,-,-,-,-,3.04,-,-,-,-,-,-,-,32.55,-7.53%,"1,365,883"
RVLV,1.63B,25.58,21.30,1.24,1.28,3.09,4.86,35.40,4.59%,18.94%,1.67%,17.17%,16.12%,22.79,-0.65%,"936,484"
RVMD,37.88B,-,-,-,-,23.78,19.85,-,-33.63%,31.04%,-29.13%,33.02%,-,178.17,4.95%,"5,503,112"
RVNL,-,-,-,-,-,-,-,-,-,-,-,-,-,24.66,0.80%,"28,550"
RVNU,-,-,-,-,-,-,-,-,-,-,-,-,-,25.25,-0.10%,"6,028"
RVP,20.81M,-,-,-,0.56,0.30,0.58,-,-,-,-,-,-14.11%,0.70,-3.44%,"264,815"
RVSB,110.76M,-,13.65,-,1.71,0.77,-,9.84,52.38%,25.00%,-,-,1.73%,5.46,-3.36%,"190,882"
RVSN,9.36M,-,-,-,6.28,0.42,0.46,-,34.47%,-,48.00%,-,-,4.27,-4.69%,"23,688"
RVT,2.24B,6.31,-,-,82.21,1.04,-,-,-,-,-,-,-,18.31,1.38%,"320,062"
RVTY,12.67B,53.81,19.46,2.28,4.36,1.76,14.71,25.71,3.66%,11.24%,-20.40%,8.55%,-5.47%,113.53,7.48%,"2,192,640"
RW,-,-,-,-,-,-,-,-,-,-,-,-,-,25.09,0.44%,"1,250"
RWAY,223.36M,-,4.12,-,1.73,0.43,96.69,7.89,-20.46%,3.59%,-3.96%,-8.43%,21.80%,5.26,-0.38%,"552,189"
RWEM,-,-,-,-,-,-,-,-,-,-,-,-,-,35.23,-0.66%,"4,716"
RWIN,-,-,-,-,-,-,-,-,-,-,-,-,-,26.53,0.00%,0
RWJ,-,-,-,-,-,-,-,-,-,-,-,-,-,59.04,1.06%,"68,273"
RWK,-,-,-,-,-,-,-,-,-,-,-,-,-,145.66,0.52%,"15,241"
RWL,-,-,-,-,-,-,-,-,-,-,-,-,-,127.44,0.06%,"205,620"
RWLC,-,-,-,-,-,-,-,-,-,-,-,-,-,36.84,0.74%,"9,594"
RWM,-,-,-,-,-,-,-,-,-,-,-,-,-,13.37,-0.59%,"15,118,783"
RWO,-,-,-,-,-,-,-,-,-,-,-,-,-,49.65,0.04%,"235,811"
RWR,-,-,-,-,-,-,-,-,-,-,-,-,-,113.41,0.66%,"253,121"
RWT,592.27M,-,4.36,-,0.48,0.66,2.01,-,268.37%,5.74%,34.14%,-,22.36%,4.73,-1.66%,"2,183,547"
RWX,-,-,-,-,-,-,-,-,-,-,-,-,-,26.96,1.01%,"8,610"
RXD,-,-,-,-,-,-,-,-,-,-,-,-,-,17.71,-3.08%,828
RXI,-,-,-,-,-,-,-,-,-,-,-,-,-,189.85,-1.22%,"9,362"
RXL,-,-,-,-,-,-,-,-,-,-,-,-,-,51.06,3.16%,"10,378"
RXO,4.44B,-,53.65,-,0.77,2.94,201.65,-,229.70%,866.51%,-,-,11.33%,26.90,6.32%,"1,486,168"
RXRX,1.77B,-,-,-,26.69,1.73,2.69,-,35.88%,5.29%,-22.39%,19.19%,79.91%,3.34,3.41%,"15,561,760"
RXST,212.37M,-,-,-,1.67,0.79,0.97,-,-49.16%,9.53%,-,-7.89%,55.74%,5.13,-3.39%,"665,255"
RXT,1.59B,-,122.28,-,0.59,-,16.93,20.61,11.57%,132.68%,7.12%,-,-0.16%,6.36,-6.74%,"11,834,390"
RY,284.53B,18.27,16.08,1.61,2.85,2.97,-,10.60,11.98%,9.34%,11.56%,10.02%,16.80%,203.73,0.78%,"1,710,650"
RYAAY,33.39B,13.72,13.46,1.88,1.86,2.88,8.10,16.00,-7.54%,8.44%,-,7.17%,56.71%,64.17,0.69%,"801,109"
RYAM,534.78M,-,11.38,-,0.37,2.33,7.87,-,85.24%,174.64%,-382.85%,-,1.76%,7.93,-0.75%,"727,840"
RYAN,9.48B,48.85,15.43,1.47,2.99,7.28,61.29,17.16,4.20%,14.05%,-6.16%,10.53%,24.67%,35.95,1.90%,"2,723,198"
RYDE,109.71M,-,-,-,11.45,3.33,28.20,-,-,-,-58.50%,-,20.04%,0.66,-8.31%,"64,185"
RYET,34.42M,-,-,-,-,4.65,12.38,-,-,-,-,-,-12.68%,1.02,-5.56%,"30,346"
RYLD,-,-,-,-,-,-,-,-,-,-,-,-,-,15.87,0.44%,"882,845"
RYLG,-,-,-,-,-,-,-,-,-,-,-,-,-,24.53,0.45%,"5,863"
RYM,58.87M,-,-,-,1.96,1.61,1.77,-,-,-,64.33%,-,7.41%,27.39,10.44%,"8,971"
RYN,6.62B,52.82,34.63,3.23,9.75,1.24,9.70,32.26,-20.49%,39.42%,10.22%,10.72%,-,21.88,0.92%,"2,412,671"
RYOJ,24.08M,20850.00,-,-,401.32,618.69,601.97,-,-,-,-,-,-,2.09,-7.74%,"170,923"
RYTM,7.43B,-,-,-,34.20,60.29,21.80,-,-1.25%,75.80%,-0.46%,-,-,108.26,0.66%,"690,625"
RYZ,1.44B,-,11.86,-,0.29,1.13,54.07,-,179.49%,89.11%,-0.30%,-,5.69%,27.82,0.22%,"407,780"
RZG,-,-,-,-,-,-,-,-,-,-,-,-,-,70.73,1.28%,"75,485"
RZLT,484.35M,-,-,-,-,4.15,4.03,-,28.58%,7.06%,22.65%,30.63%,-,5.03,0.00%,"1,260,738"
RZLV,1.01B,-,-,-,21.48,3.43,9.05,-,48.42%,40.05%,-104.82%,-,-,2.52,-3.82%,"9,664,969"
RZV,-,-,-,-,-,-,-,-,-,-,-,-,-,146.50,1.35%,"2,329"
S,5.13B,-,29.93,0.56,4.89,3.55,7.64,115.19,74.29%,43.38%,-27.12%,53.39%,60.83%,14.96,-1.06%,"3,913,261"
SA,2.75B,-,-,-,-,3.19,26.52,-,60.26%,-40.32%,-17.59%,-18.87%,-,25.54,3.19%,"561,829"
SAA,-,-,-,-,-,-,-,-,-,-,-,-,-,36.78,2.23%,"37,842"
SAAQ,317.19M,-,-,-,-,1.38,205.97,-,-,-,-,-,-,10.13,0.00%,"5,770"
SABA,232.86M,7.05,-,-,4.38,0.83,0.80,-,-,-,-,-,-,8.24,0.12%,"62,294"
SABR,739.24M,1.73,14.10,-,0.26,-,1.11,-,59.81%,924.80%,-,-,15.74%,1.87,-0.53%,"8,022,855"
SABS,295.91M,-,-,-,-,1.29,2.76,-,-32.73%,31.78%,-,3.03%,-,3.87,0.78%,"353,555"
SAC,314.33M,-,-,-,-,1.40,222.93,-,-,-,-,-,-,10.02,0.00%,0
SACH,44.84M,-,62.33,-,0.99,0.27,0.94,128.11,-95.00%,650.00%,-37.36%,-,19.58%,0.94,0.52%,"115,159"
SAEF,-,-,-,-,-,-,-,-,-,-,-,-,-,31.52,1.22%,"1,553"
SAFE,1.12B,9.89,9.05,3.71,2.85,0.46,39.96,37.07,-0.23%,5.27%,-,2.44%,3.63%,15.69,-0.32%,"306,795"
SAFT,1.06B,17.11,10.74,-,0.84,1.24,-,6.25,-17.96%,42.11%,-6.11%,-,8.60%,72.49,-1.47%,"105,110"
SAFX,174.00M,1.15,-,-,8.36,6.01,165.72,-,-130.77%,84.38%,4.73%,-,-,0.52,21.82%,"8,740,336"
SAGP,-,-,-,-,-,-,-,-,-,-,-,-,-,34.71,0.35%,"4,802"
SAGT,28.59M,10.82,-,-,1.59,1.13,10.67,-,-,-,-,-,-,1.44,19.01%,"17,639,357"
SAGU,159.98M,-,-,-,-,-,-,-,-,-,-,-,-,9.90,0.10%,"252,124"
SAH,2.61B,26.28,10.97,1.48,0.17,2.67,458.59,11.44,4.55%,9.30%,-,7.40%,9.18%,82.71,-1.09%,"187,399"
SAIA,11.57B,45.55,29.99,1.31,3.56,4.39,295.23,59.42,25.15%,26.86%,12.85%,22.89%,12.16%,433.69,1.23%,"238,647"
SAIC,4.51B,11.99,9.69,2.03,0.62,3.22,40.25,7.48,-5.56%,8.44%,16.68%,4.76%,0.58%,106.63,-1.70%,"556,279"
SAIH,21.31M,-,-,-,4.72,2.88,106.56,-,-,-,35.36%,-,-28.22%,11.63,-2.60%,"3,806"
SAIL,7.20B,-,31.74,1.30,6.42,1.05,18.27,38.84,35.04%,23.38%,-47.01%,24.44%,24.22%,12.69,0.95%,"5,751,300"
SAM,1.88B,-,16.50,2.56,0.96,2.75,11.43,9.83,-3.62%,14.56%,-8.62%,6.44%,2.47%,180.21,-1.44%,"237,001"
SAMG,121.87M,34.45,10.92,0.88,0.97,1.69,10.47,13.88,-44.51%,87.13%,-11.91%,12.34%,3.00%,10.32,0.49%,"89,649"
SAMM,-,-,-,-,-,-,-,-,-,-,-,-,-,32.40,0.87%,"15,873"
SAMT,-,-,-,-,-,-,-,-,-,-,-,-,-,45.43,1.29%,"178,942"
SAN,196.39B,10.69,9.28,0.57,1.60,1.61,-,-,12.35%,20.88%,-,16.18%,13.80%,13.38,0.07%,"6,254,771"
SANA,907.23M,-,-,-,-,7.38,8.61,-,36.26%,5.75%,8.72%,14.86%,-,3.26,-0.61%,"2,850,945"
SANG,123.14M,-,-,-,0.58,0.50,8.10,4.54,-78.67%,89.55%,-,-,19.31%,3.70,-0.54%,500
SANM,13.59B,53.69,19.54,0.73,1.20,5.60,8.42,18.51,84.82%,16.26%,17.69%,26.72%,3.15%,253.56,1.91%,"629,468"
SAP,172.87B,19.99,15.03,0.91,3.99,3.34,15.55,18.31,14.74%,17.01%,6.91%,16.49%,5.91%,148.06,-3.07%,"2,684,645"
SAPH,-,-,-,-,-,-,-,-,-,-,-,-,-,27.82,-2.96%,320
SAR,359.52M,9.47,-,-,2.73,0.91,16.50,9.76,-4.96%,-,11.83%,-,21.85%,22.10,0.00%,"83,616"
SARK,-,-,-,-,-,-,-,-,-,-,-,-,-,28.45,0.19%,"160,027"
SARO,9.24B,31.54,17.44,0.55,1.48,3.43,103.62,62.23,55.37%,23.57%,-,31.67%,14.89%,27.79,2.47%,"5,296,904"
SASS,-,-,-,-,-,-,-,-,-,-,-,-,-,25.33,1.93%,4
SATA,967.21M,-,-,-,-,-,-,-,-,-,-,-,-,83.53,-5.62%,"813,517"
SATG,-,-,-,-,-,-,-,-,-,-,-,-,-,10.08,-6.23%,"275,137"
SATL,678.96M,-,-,-,33.23,-,5.27,-,-414.81%,89.39%,62.16%,37.00%,-,4.58,-9.13%,"8,370,221"
SATO,-,-,-,-,-,-,-,-,-,-,-,-,-,16.38,-2.63%,783
SAUG,-,-,-,-,-,-,-,-,-,-,-,-,-,27.70,0.11%,"4,738"
SAWG,-,-,-,-,-,-,-,-,-,-,-,-,-,23.41,-0.03%,"1,509"
SAWS,-,-,-,-,-,-,-,-,-,-,-,-,-,25.91,2.05%,"5,155"
SB,672.05M,14.82,12.57,0.59,2.35,0.80,3.91,-,176.56%,-40.68%,-,21.22%,6.83%,6.60,-2.65%,"901,746"
SBAC,19.19B,19.03,21.55,-,6.72,-,43.63,-,-24.30%,13.17%,115.18%,-2.22%,6.21%,180.95,-2.43%,"1,059,672"
SBAR,-,-,-,-,-,-,-,-,-,-,-,-,-,25.44,-0.70%,"140,808"
SBB,-,-,-,-,-,-,-,-,-,-,-,-,-,22.38,-1.22%,148
SBC,327.05M,8.00,6.63,-,1.93,1.28,1.95,7.42,-7.60%,3.90%,-,0.00%,-,3.18,3.58%,"94,620"
SBCF,3.16B,21.32,11.86,-,3.26,1.17,-,14.60,36.54%,8.97%,1.78%,-,21.99%,32.46,0.62%,"989,949"
SBET,968.53M,-,46.77,-,24.60,0.52,57.38,-,79.49%,106.45%,22.18%,-,65.22%,4.56,-3.39%,"11,830,691"
SBEV,2.41M,-,-,-,2.37,-,6.35,-,-,-,42.21%,-,-49.84%,0.16,-4.27%,"756,010"
SBFG,147.03M,9.21,9.08,-,1.57,1.03,-,11.83,6.93%,4.45%,3.21%,-,4.61%,23.43,-1.60%,"59,073"
SBFM,4.54M,-,10.70,-,0.13,0.05,0.66,-,56.25%,103.17%,80.76%,-,247.73%,2.14,4.90%,"665,294"
SBGI,933.82M,14.32,-,-,0.29,2.00,1.11,6.06,225.15%,-162.27%,44.29%,-,-11.82%,12.94,-7.77%,"629,826"
SBH,1.35B,7.80,6.31,0.66,0.36,1.62,8.57,5.90,8.42%,8.74%,13.82%,9.51%,1.04%,14.14,-1.26%,"2,033,155"
SBI,110.69M,71.45,-,-,15.66,0.92,-,-,-,-,-,-,-,7.86,0.13%,"34,679"
SBIL,-,-,-,-,-,-,-,-,-,-,-,-,-,100.02,-0.28%,"348,888"
SBIO,-,-,-,-,-,-,-,-,-,-,-,-,-,61.37,0.87%,"46,523"
SBIT,-,-,-,-,-,-,-,-,-,-,-,-,-,68.69,2.31%,"1,406,301"
SBLK,2.88B,20.14,6.47,0.09,2.64,1.16,7.05,10.69,328.87%,-5.87%,48.64%,68.69%,8.54%,25.33,-1.32%,"1,204,052"
SBMT,181.60M,-,-,-,-,3.22,24.15,-,14.75%,9.62%,-,15.35%,-,6.15,-0.65%,"271,324"
SBND,-,-,-,-,-,-,-,-,-,-,-,-,-,18.77,-0.02%,"47,355"
SBR,1.06B,15.45,-,-,14.60,153.10,127.81,-,-,-,17.13%,-,16.35%,72.41,1.02%,"20,943"
SBRA,4.87B,30.55,25.81,3.01,6.01,1.75,39.45,13.04,5.44%,10.88%,-0.96%,8.58%,5.48%,19.31,1.15%,"3,026,628"
SBS,98.71B,33.65,10.46,0.48,13.53,2.36,26.85,69.65,20.20%,27.85%,52.55%,21.99%,14.59%,5.63,1.81%,"8,588,602"
SBSI,1.05B,14.87,10.12,-,2.47,1.22,-,10.74,47.14%,2.12%,-1.50%,-,8.27%,35.13,0.66%,"111,190"
SBSW,6.23B,-,3.90,-,0.85,2.61,6.01,59.46,745.35%,-23.29%,-,-,-1.28%,8.80,2.44%,"4,836,943"
SBTU,-,-,-,-,-,-,-,-,-,-,-,-,-,1.37,-7.12%,"160,307"
SBU,-,-,-,-,-,-,-,-,-,-,-,-,-,20.17,-0.94%,810
SBUX,117.57B,78.74,33.72,1.66,3.06,-,69.15,43.13,12.23%,27.99%,15.70%,20.32%,9.59%,103.16,-0.36%,"6,750,681"
SBXD,275.42M,53.38,-,-,-,1.36,-,-,-,-,-,-,-,10.82,0.09%,165
SBXE,346.73M,-,-,-,-,1.35,517.50,-,-,-,-,-,-,10.05,0.00%,13
SCA,-,-,-,-,-,-,-,-,-,-,-,-,-,22.61,-0.69%,32
SCAG,47.74M,-,-,-,4.29,-,477.36,-,-,-,-56.73%,-,-,0.66,-7.01%,"3,944,322"
SCAP,-,-,-,-,-,-,-,-,-,-,-,-,-,39.09,0.76%,"2,038"
SCC,-,-,-,-,-,-,-,-,-,-,-,-,-,15.60,3.53%,"5,406"
SCCO,145.78B,29.60,25.27,2.62,10.02,12.37,27.25,34.09,44.14%,-6.74%,22.29%,9.65%,10.94%,174.73,1.68%,"1,751,570"
SCCR,-,-,-,-,-,-,-,-,-,-,-,-,-,25.65,0.20%,"362,372"
SCD,354.36M,-,-,-,30.38,0.94,-,-,-,-,-,-,-,15.47,0.85%,"46,662"
SCDL,-,-,-,-,-,-,-,-,-,-,-,-,-,53.51,1.45%,17
SCDS,-,-,-,-,-,-,-,-,-,-,-,-,-,76.50,0.69%,296
SCDV,-,-,-,-,-,-,-,-,-,-,-,-,-,27.75,1.01%,"6,550"
SCEC,-,-,-,-,-,-,-,-,-,-,-,-,-,25.09,0.08%,"77,084"
SCEP,-,-,-,-,-,-,-,-,-,-,-,-,-,24.64,-0.08%,"36,427"
SCHA,-,-,-,-,-,-,-,-,-,-,-,-,-,35.66,2.21%,"2,462,870"
SCHB,-,-,-,-,-,-,-,-,-,-,-,-,-,28.42,0.07%,"7,903,892"
SCHC,-,-,-,-,-,-,-,-,-,-,-,-,-,47.81,0.06%,"229,758"
SCHD,-,-,-,-,-,-,-,-,-,-,-,-,-,31.96,0.76%,"16,428,787"
SCHE,-,-,-,-,-,-,-,-,-,-,-,-,-,35.65,-0.36%,"4,659,599"
SCHF,-,-,-,-,-,-,-,-,-,-,-,-,-,27.64,1.39%,"6,308,664"
SCHG,-,-,-,-,-,-,-,-,-,-,-,-,-,32.62,-1.09%,"9,555,813"
SCHH,-,-,-,-,-,-,-,-,-,-,-,-,-,23.89,0.25%,"6,439,734"
SCHI,-,-,-,-,-,-,-,-,-,-,-,-,-,22.68,0.13%,"2,705,535"
SCHJ,-,-,-,-,-,-,-,-,-,-,-,-,-,24.65,0.04%,"363,221"
SCHK,-,-,-,-,-,-,-,-,-,-,-,-,-,35.40,0.06%,"789,693"
SCHL,955.14M,17.69,16.45,0.20,0.59,1.10,9.13,43.22,278.12%,47.11%,44.15%,83.17%,1.80%,43.93,2.42%,"350,447"
SCHM,-,-,-,-,-,-,-,-,-,-,-,-,-,36.50,1.96%,"967,551"
SCHO,-,-,-,-,-,-,-,-,-,-,-,-,-,24.13,0.00%,"3,103,510"
SCHP,-,-,-,-,-,-,-,-,-,-,-,-,-,26.52,0.19%,"3,884,463"
SCHQ,-,-,-,-,-,-,-,-,-,-,-,-,-,31.58,-0.06%,"544,766"
SCHR,-,-,-,-,-,-,-,-,-,-,-,-,-,24.69,0.00%,"2,138,490"
SCHV,-,-,-,-,-,-,-,-,-,-,-,-,-,34.84,1.43%,"3,025,806"
SCHW,155.55B,17.74,12.20,0.59,5.49,3.66,2.31,15.94,26.35%,19.18%,17.02%,20.74%,17.98%,89.44,-2.13%,"10,356,302"
SCHX,-,-,-,-,-,-,-,-,-,-,-,-,-,28.88,-0.07%,"13,464,574"
SCHY,-,-,-,-,-,-,-,-,-,-,-,-,-,31.66,0.76%,"853,557"
SCHZ,-,-,-,-,-,-,-,-,-,-,-,-,-,23.21,0.09%,"1,486,885"
SCI,10.04B,19.18,15.96,1.67,2.32,6.34,38.57,20.66,7.21%,10.33%,5.70%,9.58%,4.18%,72.68,-1.84%,"1,686,049"
SCII,250.22M,-,-,-,-,1.43,269.05,-,-,-,-,-,-,10.05,0.00%,0
SCIO,-,-,-,-,-,-,-,-,-,-,-,-,-,20.66,-0.39%,"83,596"
SCJ,-,-,-,-,-,-,-,-,-,-,-,-,-,105.22,0.76%,"35,708"
SCJN,-,-,-,-,-,-,-,-,-,-,-,-,-,25.29,0.00%,0
SCKT,4.92M,-,-,-,0.33,1.38,2.88,-,-,-,-28.80%,-,-0.80%,0.60,-4.57%,"135,876"
SCL,1.26B,-,14.16,-,0.54,1.06,8.94,33.83,39.29%,54.44%,-17.78%,-,4.52%,55.44,0.71%,"122,147"
SCLS,-,-,-,-,-,-,-,-,-,-,-,-,-,24.10,0.00%,0
SCLX,60.20M,-,-,-,1.78,-,17.92,16.23,-,-,-392.41%,-,-,7.09,3.35%,"68,537"
SCLZ,-,-,-,-,-,-,-,-,-,-,-,-,-,55.04,-0.85%,490
SCM,231.87M,9.66,7.76,-,2.13,0.64,1.46,6.58,-19.23%,-1.71%,-1.66%,-8.07%,17.38%,8.01,0.75%,"311,099"
SCMB,-,-,-,-,-,-,-,-,-,-,-,-,-,25.79,0.00%,"626,803"
SCMC,-,-,-,-,-,-,-,-,-,-,-,-,-,25.08,0.12%,"22,186"
SCMY,-,-,-,-,-,-,-,-,-,-,-,-,-,25.72,0.40%,3
SCNI,0.90M,-,-,-,0.74,0.15,0.29,-,-,-,21.04%,-,-,0.25,-6.32%,"103,518"
SCNM,-,-,-,-,-,-,-,-,-,-,-,-,-,25.15,0.08%,"24,203"
SCNX,14.84M,-,-,-,22.83,0.22,4.19,-,88.89%,80.00%,11.34%,-,-52.10%,0.37,-0.79%,"123,984"
SCO,-,-,-,-,-,-,-,-,-,-,-,-,-,33.78,-4.68%,"6,211,338"
SCOP,-,-,-,-,-,-,-,-,-,-,-,-,-,11.40,0.51%,"39,317"
SCOR,99.16M,1.37,6.26,-,0.28,0.94,3.95,32.09,-91.20%,128.26%,-,-,0.08%,6.57,-4.85%,"21,127"
SCOW,-,-,-,-,-,-,-,-,-,-,-,-,-,21.38,0.28%,"3,633"
SCPQ,136.49M,-,-,-,-,1.39,262.48,-,-,-,-,-,-,9.99,0.00%,6
SCSB,-,-,-,-,-,-,-,-,-,-,-,-,-,24.97,0.04%,215
SCSC,1.03B,15.34,11.45,0.78,0.33,1.16,8.54,8.30,10.45%,11.92%,-,14.65%,-0.05%,50.53,1.65%,"179,920"
SCUB,-,-,-,-,-,-,-,-,-,-,-,-,-,25.06,0.00%,4
SCUS,-,-,-,-,-,-,-,-,-,-,-,-,-,25.18,0.04%,"50,481"
SCWO,34.64M,-,-,-,18.14,9.47,76.98,-,-,-,-,-,19.96%,1.98,1.02%,"47,361"
SCYB,-,-,-,-,-,-,-,-,-,-,-,-,-,26.16,0.08%,"1,240,638"
SCYX,37.83M,-,-,-,1.86,0.72,0.64,-,-139.22%,40.16%,49.30%,-4.98%,-,3.81,-1.55%,"47,373"
SCZ,-,-,-,-,-,-,-,-,-,-,-,-,-,82.45,0.46%,"1,574,943"
SCZM,597.25M,9.87,4.62,-,1.56,2.85,10.11,11.76,135.11%,26.24%,-,-,58.05%,6.44,1.74%,"349,482"
SD,500.98M,6.59,9.11,20.24,2.90,0.95,4.81,28.35,58.78%,-36.60%,-,0.45%,7.04%,13.57,-1.24%,"281,788"
SDA,76.70M,417.72,4.70,-,0.15,2.31,2.00,11.48,375.00%,45.45%,-53.03%,-,-,0.75,-3.65%,"150,305"
SDCI,-,-,-,-,-,-,-,-,-,-,-,-,-,26.46,1.53%,"1,901,180"
SDCP,-,-,-,-,-,-,-,-,-,-,-,-,-,25.57,0.08%,2
SDD,-,-,-,-,-,-,-,-,-,-,-,-,-,8.25,-2.43%,188
SDEM,-,-,-,-,-,-,-,-,-,-,-,-,-,31.84,-0.22%,"3,693"
SDEV,56.50M,-,-,-,19.97,0.22,3.07,-,-,-,43.57%,-,-,1.12,0.90%,"85,909"
SDFI,-,-,-,-,-,-,-,-,-,-,-,-,-,35.52,0.00%,"31,373"
SDG,-,-,-,-,-,-,-,-,-,-,-,-,-,88.24,0.21%,"1,569"
SDGR,1.21B,-,-,-,4.73,3.84,2.97,-,-43.82%,38.19%,-28.10%,63.20%,18.81%,16.14,5.28%,"1,751,989"
SDHC,725.18M,15.04,21.36,-,0.76,1.51,25.91,-,-56.39%,28.80%,-38.53%,-25.10%,16.96%,14.28,-0.42%,"67,534"
SDHI,363.01M,176.31,-,-,-,1.33,789.15,-,-,-,-,-,-,10.42,0.00%,"300,007"
SDHY,-,-,-,-,-,-,-,-,-,-,-,-,-,16.16,-0.25%,"94,343"
SDIV,-,-,-,-,-,-,-,-,-,-,-,-,-,24.24,0.12%,"264,406"
SDMF,-,-,-,-,-,-,-,-,-,-,-,-,-,25.26,-0.10%,"40,351"
SDOG,-,-,-,-,-,-,-,-,-,-,-,-,-,69.08,0.89%,"26,171"
SDOT,4.60M,-,-,-,0.04,-,6.77,-,-,-,3.10%,-,123.05%,6.18,-14.76%,"214,096"
SDOW,-,-,-,-,-,-,-,-,-,-,-,-,-,24.65,-0.40%,"5,662,056"
SDP,-,-,-,-,-,-,-,-,-,-,-,-,-,20.99,-1.12%,"9,457"
SDRL,2.39B,-,11.06,-,1.64,0.84,7.27,-,155.03%,408.54%,51.57%,-,6.29%,38.38,1.80%,"792,215"
SDS,-,-,-,-,-,-,-,-,-,-,-,-,-,58.84,-0.08%,"3,339,818"
SDSI,-,-,-,-,-,-,-,-,-,-,-,-,-,51.30,0.02%,"18,304"
SDST,16.50M,-,-,-,-,-,13.31,-,28.64%,40.79%,-339.39%,-,-,1.56,-6.02%,"64,988"
SDTY,-,-,-,-,-,-,-,-,-,-,-,-,-,41.15,0.01%,"26,943"
SDVD,-,-,-,-,-,-,-,-,-,-,-,-,-,23.04,0.35%,"338,461"
SDVY,-,-,-,-,-,-,-,-,-,-,-,-,-,43.02,0.75%,"1,481,617"
SDY,-,-,-,-,-,-,-,-,-,-,-,-,-,152.15,0.65%,"171,743"
SE,50.47B,34.13,18.17,0.85,2.00,4.24,3.95,-,0.87%,38.80%,-,21.30%,39.28%,89.01,-4.03%,"2,993,473"
SEA,-,-,-,-,-,-,-,-,-,-,-,-,-,16.67,-1.02%,"3,335"
SEAT,71.75M,-,-,-,0.13,-,0.50,-,93.85%,25.53%,-,64.93%,74.70%,6.53,-11.99%,"134,897"
SEB,4.54B,7.80,-,-,0.46,0.85,3.86,-,-,-,16.12%,-,6.46%,4735.67,-0.87%,"6,106"
SECR,-,-,-,-,-,-,-,-,-,-,-,-,-,25.56,0.09%,481
SECT,-,-,-,-,-,-,-,-,-,-,-,-,-,71.00,0.47%,"90,326"
SECU,-,-,-,-,-,-,-,-,-,-,-,-,-,49.93,0.28%,"31,860"
SEDG,3.16B,-,33.04,-,2.47,7.68,5.42,40.55,100.53%,12277.23%,-,-,-4.09%,51.88,4.30%,"3,011,931"
SEED,12.26M,-,-,-,1.27,-,6.32,-,-,-,16.41%,-,11.05%,1.01,0.00%,"59,683"
SEEM,-,-,-,-,-,-,-,-,-,-,-,-,-,39.87,1.25%,"51,214"
SEER,95.69M,-,-,-,6.36,0.39,0.57,-,35.55%,11.52%,-18.95%,20.22%,89.71%,1.73,2.37%,"90,086"
SEF,-,-,-,-,-,-,-,-,-,-,-,-,-,31.47,0.58%,"7,646"
SEG,337.33M,-,292.78,-,2.65,0.82,2.33,-,46.95%,103.98%,-,-,-,26.35,-2.48%,"53,840"
SEGG,10.92M,-,-,-,12.13,0.12,34.12,-,-,-,-,-,-,0.86,-5.64%,"333,098"
SEI,5.84B,95.81,28.98,0.30,8.44,5.93,16.96,-,105.41%,102.15%,-,98.12%,43.30%,79.43,4.54%,"1,690,830"
SEIC,10.58B,15.00,13.19,0.91,4.46,4.32,26.76,16.13,15.55%,12.42%,13.40%,14.54%,6.44%,87.93,-1.08%,"554,256"
SEIE,-,-,-,-,-,-,-,-,-,-,-,-,-,35.35,0.83%,"76,894"
SEIM,-,-,-,-,-,-,-,-,-,-,-,-,-,55.27,1.45%,"71,095"
SEIQ,-,-,-,-,-,-,-,-,-,-,-,-,-,38.54,-1.15%,"39,164"
SEIS,-,-,-,-,-,-,-,-,-,-,-,-,-,33.11,0.77%,"60,981"
SEIV,-,-,-,-,-,-,-,-,-,-,-,-,-,47.93,0.29%,"72,168"
SEIX,-,-,-,-,-,-,-,-,-,-,-,-,-,23.16,0.14%,"254,125"
SELF,58.14M,29.87,-,-,4.56,1.26,7.84,14.36,-,-,43.13%,-,6.68%,5.09,-0.97%,"16,343"
SELV,-,-,-,-,-,-,-,-,-,-,-,-,-,32.23,-0.58%,"5,163"
SEM,2.05B,15.56,12.38,2.26,0.37,1.17,79.88,13.50,5.19%,9.55%,-9.58%,5.48%,-0.29%,16.55,-0.12%,"8,569,894"
SEMG,-,-,-,-,-,-,-,-,-,-,-,-,-,25.69,-0.65%,"8,709"
SEMI,-,-,-,-,-,-,-,-,-,-,-,-,-,39.31,2.14%,"5,488"
SEMY,-,-,-,-,-,-,-,-,-,-,-,-,-,16.20,1.38%,"173,713"
SENEA,1.14B,10.13,12.07,-,0.69,1.51,22.80,6.32,-10.55%,-6.13%,3.88%,-3.15%,2.49%,168.16,1.01%,"89,272"
SENS,281.38M,-,-,-,6.91,6.56,4.35,-,-44.52%,10.49%,35.96%,1.93%,48.10%,5.39,-5.44%,"722,492"
SEPI,-,-,-,-,-,-,-,-,-,-,-,-,-,27.73,-0.04%,"35,896"
SEPM,-,-,-,-,-,-,-,-,-,-,-,-,-,32.72,0.02%,318
SEPN,1.56B,-,-,-,21.55,4.10,4.48,14.56,-48.73%,-43.95%,-,-,-,34.54,-4.19%,"324,464"
SEPP,-,-,-,-,-,-,-,-,-,-,-,-,-,32.25,0.03%,"3,129"
SEPT,-,-,-,-,-,-,-,-,-,-,-,-,-,37.19,0.01%,"1,025"
SEPU,-,-,-,-,-,-,-,-,-,-,-,-,-,30.55,-0.12%,"6,946"
SEPW,-,-,-,-,-,-,-,-,-,-,-,-,-,33.23,0.03%,"7,163"
SEPZ,-,-,-,-,-,-,-,-,-,-,-,-,-,44.66,-0.10%,"8,627"
SER,27.30M,-,-,-,210.00,2.14,1.11,-,3.66%,31.52%,28.41%,18.87%,19.21%,1.82,-1.09%,"77,867"
SERA,70.49M,-,-,-,1174.83,1.04,1.49,-,2.24%,14.50%,-0.71%,7.37%,26.51%,1.80,0.00%,"32,252"
SERV,456.50M,-,-,-,87.79,1.41,2.43,-,-63.91%,14.35%,-29.19%,-6.20%,-,5.90,-3.59%,"4,754,691"
SES,325.08M,-,-,-,14.83,1.60,1.83,-,-4.17%,21.00%,-366.40%,2.97%,-,0.88,-2.74%,"10,639,044"
SETH,-,-,-,-,-,-,-,-,-,-,-,-,-,59.43,1.54%,"27,926"
SETM,-,-,-,-,-,-,-,-,-,-,-,-,-,31.30,-0.35%,"234,050"
SEV,80.64M,-,-,-,-,2.72,4.55,-,44.40%,28.61%,-59.29%,33.14%,-,2.20,-0.90%,"122,541"
SEVN,189.35M,9.52,7.25,-,3.19,0.58,3.34,11.57,-14.67%,11.02%,-,-3.12%,22.98%,8.38,-0.71%,"81,419"
SEZL,5.51B,38.97,25.08,0.93,11.45,27.96,43.98,23.03,42.50%,27.62%,-,26.98%,50.26%,163.74,2.81%,"492,825"
SF,10.96B,13.91,10.00,0.74,1.68,2.07,3.74,9.66,18.88%,13.93%,7.16%,13.53%,10.65%,71.47,-1.93%,"1,652,641"
SFBC,113.12M,15.05,-,-,1.82,1.03,-,17.01,-,-,-4.30%,-,7.77%,44.08,0.87%,"12,951"
SFBS,4.76B,16.08,12.15,-,4.67,2.49,-,12.88,21.90%,12.08%,10.10%,-,19.54%,87.16,2.80%,"326,841"
SFD,9.60B,9.53,9.43,8.82,0.62,1.40,6.93,12.04,4.16%,-2.57%,20.28%,1.07%,0.65%,24.41,-1.09%,"1,152,116"
SFEB,-,-,-,-,-,-,-,-,-,-,-,-,-,26.11,0.27%,"1,250"
SFGV,-,-,-,-,-,-,-,-,-,-,-,-,-,35.29,0.40%,"3,169"
SFHG,9.38M,-,-,-,0.43,1.41,1.58,-,-,-,-,-,1.18%,2.31,-1.70%,"16,222"
SFIX,573.73M,-,-,-,0.43,2.85,3.07,31.49,30.55%,59.05%,19.39%,53.65%,-5.84%,4.30,-2.49%,"2,423,528"
SFL,1.55B,46.68,15.45,0.13,2.16,1.61,11.62,9.43,203.06%,124.19%,37.36%,122.71%,9.25%,10.74,-3.76%,"1,471,027"
SFLO,-,-,-,-,-,-,-,-,-,-,-,-,-,33.01,-1.38%,"33,987"
SFLR,-,-,-,-,-,-,-,-,-,-,-,-,-,38.00,-0.11%,"602,359"
SFM,7.72B,15.77,13.81,1.91,0.87,5.41,30.29,21.40,5.27%,6.29%,16.89%,7.24%,6.36%,82.05,-3.91%,"1,699,786"
SFNC,3.33B,-,10.39,0.86,5.38,0.97,-,7.62,19.24%,7.13%,-,12.15%,-8.92%,22.97,1.19%,"1,437,178"
SFST,561.16M,13.84,9.63,0.46,2.44,1.29,-,19.53,34.53%,22.20%,9.70%,20.74%,13.17%,59.35,-1.02%,"178,485"
SFTX,-,-,-,-,-,-,-,-,-,-,-,-,-,30.92,1.40%,"33,231"
SFTY,-,-,-,-,-,-,-,-,-,-,-,-,-,30.19,-0.10%,"42,267"
SFWL,72.60M,6.09,-,-,0.13,0.55,1.88,-,-,-,14.37%,-,14.77%,0.88,1.14%,"2,022"
SFY,-,-,-,-,-,-,-,-,-,-,-,-,-,146.35,0.29%,"17,705"
SFYF,-,-,-,-,-,-,-,-,-,-,-,-,-,59.44,-0.77%,"5,172"
SG,1.06B,72.03,-,-,1.58,2.18,6.79,-,84.33%,-310.16%,2.73%,18.90%,25.23%,8.96,0.67%,"7,033,250"
SGA,53.65M,-,-,-,0.51,0.36,1.76,38.88,49.52%,30.77%,-30.59%,-,2.25%,8.43,0.00%,"21,817"
SGC,205.75M,23.06,15.79,0.74,0.36,1.07,8.88,7.44,31.88%,37.36%,-29.62%,21.25%,1.46%,13.16,-1.57%,"31,550"
SGDJ,-,-,-,-,-,-,-,-,-,-,-,-,-,75.62,0.49%,"32,768"
SGDM,-,-,-,-,-,-,-,-,-,-,-,-,-,62.52,1.63%,"64,144"
SGHC,6.79B,27.60,13.49,0.37,2.92,9.28,16.10,-,98.57%,16.07%,-32.32%,36.93%,16.60%,13.37,0.38%,"2,439,806"
SGHT,297.07M,-,-,-,3.73,5.47,3.50,-,-5.87%,15.11%,0.13%,8.87%,22.86%,5.46,-0.73%,"262,008"
SGI,16.53B,32.05,20.12,0.92,2.15,5.25,149.19,22.44,16.81%,23.82%,-9.69%,21.99%,8.68%,78.59,2.71%,"3,860,812"
SGLC,-,-,-,-,-,-,-,-,-,-,-,-,-,42.68,-0.21%,"22,503"
SGLY,2.20M,-,-,-,1.66,0.24,0.99,-,-,-,53.35%,-,-22.62%,0.30,-11.20%,"130,572"
SGML,1.35B,-,7.57,-,12.93,18.70,89.58,-,390.91%,43.30%,-94.97%,-,-,12.15,-2.64%,"1,497,650"
SGMT,419.73M,-,-,-,-,2.18,4.01,-,24.06%,-4.23%,-24.29%,-0.98%,-,6.86,-1.01%,"1,461,261"
SGOL,-,-,-,-,-,-,-,-,-,-,-,-,-,38.34,1.00%,"3,559,709"
SGOV,-,-,-,-,-,-,-,-,-,-,-,-,-,100.63,0.01%,"17,633,123"
SGP,628.88M,-,-,-,-,2.51,2.51,-,87.35%,-18.13%,-,43.50%,-,18.81,-3.79%,"109,831"
SGRP,21.05M,-,-,-,0.16,342.04,4.88,-,-,-,-,-,-10.00%,0.84,1.76%,"29,313"
SGRT,-,-,-,-,-,-,-,-,-,-,-,-,-,37.40,3.17%,"69,248"
SGRW,-,-,-,-,-,-,-,-,-,-,-,-,-,25.18,1.21%,960
SGRY,2.02B,-,24.62,1.16,0.60,1.20,11.09,9.72,-8.72%,46.38%,28.11%,21.27%,12.21%,15.46,1.58%,"1,150,389"
SGU,417.65M,5.26,-,-,0.22,0.97,34.26,43.01,-,-,11.29%,-,3.99%,12.72,0.87%,"26,863"
SGVA,-,-,-,-,-,-,-,-,-,-,-,-,-,100.14,-0.01%,"46,216"
SGVT,-,-,-,-,-,-,-,-,-,-,-,-,-,100.70,0.01%,"221,592"
SH,-,-,-,-,-,-,-,-,-,-,-,-,-,33.59,0.00%,"18,860,848"
SHAG,-,-,-,-,-,-,-,-,-,-,-,-,-,47.32,-0.34%,"5,226"
SHAK,2.36B,56.11,36.94,2.74,1.58,4.24,7.53,148.30,-13.07%,30.27%,-,13.48%,22.55%,55.22,0.86%,"1,298,058"
SHAZ,1.34B,-,-,-,-,14.67,7.76,-,31.66%,18.97%,-,-,-,80.77,-3.49%,"811,984"
SHBI,762.79M,12.13,10.30,-,2.21,1.27,-,8.59,16.77%,6.49%,6.99%,-,37.25%,22.80,0.53%,"185,928"
SHC,4.88B,41.68,16.09,1.51,4.10,7.83,15.43,52.73,12.77%,9.59%,-,10.67%,7.30%,17.10,2.46%,"2,379,344"
SHDG,-,-,-,-,-,-,-,-,-,-,-,-,-,32.66,0.13%,"43,423"
SHE,-,-,-,-,-,-,-,-,-,-,-,-,-,153.43,0.33%,"11,695"
SHEH,-,-,-,-,-,-,-,-,-,-,-,-,-,57.06,-0.76%,"9,495"
SHEL,215.60B,12.04,8.51,0.59,0.81,1.25,9.33,11.83,59.55%,-9.59%,-,14.35%,8.53%,77.33,-0.48%,"6,218,643"
SHEN,831.49M,-,-,-,2.30,0.96,11.70,-,-37.11%,21.11%,-,22.54%,10.14%,15.03,2.80%,"494,625"
SHFS,1.51M,-,-,-,0.20,0.16,0.21,-,-,-,-,-,2.30%,0.23,-1.10%,"816,320"
SHG,29.30B,8.64,7.21,0.63,1.04,0.83,-,9.60,17.62%,9.45%,4.13%,11.44%,3.51%,61.99,-0.85%,"511,338"
SHIM,167.22M,-,9.95,-,0.36,-,10.07,-,111.63%,720.00%,-,-,-3.68%,4.08,12.09%,"146,830"
SHIP,302.14M,7.99,4.83,0.11,1.71,1.04,4.39,11.64,161.88%,-11.55%,-,45.59%,20.07%,14.31,-2.52%,"156,493"
SHLD,-,-,-,-,-,-,-,-,-,-,-,-,-,58.20,-1.15%,"2,683,328"
SHLS,1.65B,49.50,19.20,1.05,3.09,2.75,879.91,-,13.58%,25.58%,-1.10%,18.33%,22.05%,9.86,-3.33%,"4,227,279"
SHM,-,-,-,-,-,-,-,-,-,-,-,-,-,47.95,0.02%,"182,282"
SHMD,394.65M,-,-,-,5.14,-,213.32,-,-,-,-,-,-,5.69,-2.57%,"547,203"
SHNY,-,-,-,-,-,-,-,-,-,-,-,-,-,8.02,2.56%,"624,594"
SHO,2.16B,96.99,63.10,-,2.19,1.33,12.96,24.20,243.31%,33.88%,-,-,29.08%,11.60,-0.34%,"4,017,430"
SHOC,-,-,-,-,-,-,-,-,-,-,-,-,-,119.53,4.03%,"57,924"
SHOE,424.11M,11.54,8.47,5.47,0.38,0.63,3.28,6.82,-21.23%,23.16%,27.60%,1.55%,3.05%,15.62,-2.25%,"664,025"
SHOO,3.03B,39.38,15.40,0.55,1.15,3.32,39.29,34.85,24.80%,26.97%,-,28.17%,16.09%,41.48,-1.92%,"865,704"
SHOP,144.84B,109.72,47.31,1.57,11.71,11.61,25.22,68.19,28.91%,28.36%,28.70%,30.19%,31.58%,111.62,-2.23%,"7,808,315"
SHOTU,201.70M,-,-,-,-,-,-,-,-,-,-,-,-,9.98,-0.10%,"13,005"
SHPH,2.41M,-,-,-,-,0.63,2.21,-,-,-,11.76%,-,-,3.78,2.44%,"6,992,939"
SHPP,-,-,-,-,-,-,-,-,-,-,-,-,-,33.21,1.37%,8
SHPU,-,-,-,-,-,-,-,-,-,-,-,-,-,10.65,-4.90%,"42,362"
SHRD,-,-,-,-,-,-,-,-,-,-,-,-,-,25.10,0.10%,"8,776"
SHRT,-,-,-,-,-,-,-,-,-,-,-,-,-,6.24,-1.73%,"4,238"
SHRY,-,-,-,-,-,-,-,-,-,-,-,-,-,42.26,-0.19%,527
SHV,-,-,-,-,-,-,-,-,-,-,-,-,-,110.30,0.02%,"2,867,447"
SHW,83.63B,32.54,25.71,2.86,3.49,18.87,385.57,28.79,2.57%,12.51%,6.86%,8.99%,5.12%,339.08,1.79%,"2,548,067"
SHY,-,-,-,-,-,-,-,-,-,-,-,-,-,82.09,0.02%,"4,006,286"
SHYD,-,-,-,-,-,-,-,-,-,-,-,-,-,22.88,-0.02%,"168,554"
SHYG,-,-,-,-,-,-,-,-,-,-,-,-,-,42.38,0.07%,"1,101,130"
SHYL,-,-,-,-,-,-,-,-,-,-,-,-,-,44.31,0.03%,"13,446"
SHYM,-,-,-,-,-,-,-,-,-,-,-,-,-,22.40,0.00%,"104,437"
SI,448.15M,-,-,-,8.32,3.36,4.13,-,63.43%,19.24%,-,38.02%,-,21.61,9.31%,"195,176"
SIBN,743.30M,-,-,-,3.60,4.14,5.14,-,1.15%,16.62%,21.79%,18.87%,22.32%,16.76,2.57%,"418,242"
SID,1.27B,-,-,-,0.16,0.52,0.49,-,78.38%,33.46%,-,-,6.59%,0.96,-2.48%,"6,081,936"
SIDU,251.37M,-,-,-,71.82,3.51,9.19,-,-,-,34.02%,-,13.37%,2.50,-7.75%,"9,818,661"
SIEB,79.84M,-,-,-,0.90,0.91,0.39,1.59,-,-,5.33%,-,11.41%,1.95,3.17%,"73,276"
SIF,131.27M,17.42,-,-,1.38,3.17,94.44,23.03,-,-,-,-,-5.67%,20.99,1.75%,"59,411"
SIFI,-,-,-,-,-,-,-,-,-,-,-,-,-,43.64,0.16%,7
SIFY,1.08B,-,302.83,-,2.13,5.96,23.17,-,140.03%,150.00%,-,-,9.17%,14.99,1.01%,"69,479"
SIG,3.29B,11.73,6.80,0.60,0.48,1.75,5.46,5.79,12.48%,13.90%,-,11.39%,5.45%,83.63,-1.72%,"775,686"
SIGA,283.31M,14.03,-,-,3.02,1.87,1.95,10.33,-,-,-14.51%,-,-5.42%,3.95,-8.56%,"815,582"
SIGI,5.66B,12.92,10.80,1.52,1.04,1.67,-,4.81,5.45%,12.43%,12.88%,7.12%,12.77%,94.51,-0.92%,"458,744"
SIHY,-,-,-,-,-,-,-,-,-,-,-,-,-,45.61,0.07%,"10,263"
SII,2.71B,32.05,20.34,0.58,6.93,7.13,15.52,21.45,80.69%,9.96%,18.83%,35.02%,17.55%,105.07,-1.47%,"168,714"
SIJ,-,-,-,-,-,-,-,-,-,-,-,-,-,15.69,-3.98%,"4,459"
SIL,-,-,-,-,-,-,-,-,-,-,-,-,-,77.09,2.01%,"1,478,957"
SILA,1.68B,44.72,48.17,-,8.31,1.26,54.47,14.79,8.33%,-3.08%,-2.11%,0.00%,3.57%,30.35,0.07%,"1,058,591"
SILC,230.99M,-,-,-,3.47,1.99,6.60,-,37.53%,48.16%,-,-,-10.43%,40.48,3.85%,"181,063"
SILJ,-,-,-,-,-,-,-,-,-,-,-,-,-,25.55,2.61%,"3,907,815"
SILO,6.50M,-,-,-,92.87,1.10,1.04,-,-,-,26.52%,-,-,5.76,-7.40%,"31,696"
SIM,5.00B,41.04,-,-,3.02,1.35,3.19,-,-,-,-10.63%,-,-1.11%,30.13,0.00%,130
SIMA,89.35M,38.78,-,-,-,1.35,190.10,-,-,-,-,-,-,10.87,-0.18%,"2,921"
SIMO,10.92B,64.69,30.83,0.56,10.28,12.05,52.75,-,148.40%,19.62%,9.77%,54.88%,10.39%,325.26,1.12%,"771,691"
SIMS,-,-,-,-,-,-,-,-,-,-,-,-,-,45.92,0.36%,562
SIMX,-,-,-,-,-,-,-,-,-,-,-,-,-,25.95,2.82%,"4,108"
SINT,8.04M,-,-,-,7.80,8.48,4.25,-,65.21%,33.13%,80.47%,50.66%,11.38%,1.86,-5.10%,"45,631"
SIO,-,-,-,-,-,-,-,-,-,-,-,-,-,25.84,0.19%,"86,740"
SION,1.93B,-,-,-,-,6.69,8.93,-,-37.12%,-8.15%,-,-19.37%,-,42.77,4.09%,"475,583"
SIOO,-,-,-,-,-,-,-,-,-,-,-,-,-,19.48,-0.20%,"11,364"
SIRI,9.34B,11.54,8.15,0.47,1.09,0.80,124.59,6.88,40.58%,8.70%,50.12%,17.24%,1.26%,27.76,-0.50%,"3,777,311"
SITC,240.86M,1.39,-,-,2.58,0.72,1.22,-,-,-,61.11%,-,-24.20%,4.59,-3.77%,"599,545"
SITE,5.10B,34.07,21.84,1.48,1.08,3.14,60.65,20.70,3.96%,21.97%,4.12%,14.76%,11.71%,114.99,3.10%,"1,115,203"
SITM,17.84B,-,62.48,0.94,46.95,15.39,22.62,328.66,145.12%,37.88%,-24.12%,66.16%,22.97%,675.70,-2.42%,"554,759"
SIVR,-,-,-,-,-,-,-,-,-,-,-,-,-,55.01,1.08%,"1,436,848"
SIXA,-,-,-,-,-,-,-,-,-,-,-,-,-,56.27,0.67%,"15,482"
SIXD,-,-,-,-,-,-,-,-,-,-,-,-,-,30.51,-0.02%,"41,994"
SIXF,-,-,-,-,-,-,-,-,-,-,-,-,-,33.77,0.10%,"1,834"
SIXH,-,-,-,-,-,-,-,-,-,-,-,-,-,43.16,0.71%,"5,630"
SIXJ,-,-,-,-,-,-,-,-,-,-,-,-,-,36.30,0.15%,"11,342"
SIXL,-,-,-,-,-,-,-,-,-,-,-,-,-,38.81,-0.19%,"5,067"
SIXO,-,-,-,-,-,-,-,-,-,-,-,-,-,35.69,0.11%,"38,608"
SIXP,-,-,-,-,-,-,-,-,-,-,-,-,-,33.50,0.03%,143
SIXS,-,-,-,-,-,-,-,-,-,-,-,-,-,57.30,-0.10%,"2,289"
SIXZ,-,-,-,-,-,-,-,-,-,-,-,-,-,31.25,0.05%,"2,674"
SIZE,-,-,-,-,-,-,-,-,-,-,-,-,-,176.49,0.50%,802
SJ,39.86M,-,-,-,0.23,0.44,0.82,-,-,-,-,-,-1.06%,0.94,-0.14%,"12,802"
SJB,-,-,-,-,-,-,-,-,-,-,-,-,-,15.15,-0.07%,"113,138"
SJCP,-,-,-,-,-,-,-,-,-,-,-,-,-,24.92,-0.18%,413
SJLD,-,-,-,-,-,-,-,-,-,-,-,-,-,25.11,0.08%,143
SJM,12.00B,-,10.44,1.34,1.33,2.16,204.77,10.38,9.78%,7.28%,-,7.79%,2.49%,112.50,0.78%,"1,276,462"
SJNK,-,-,-,-,-,-,-,-,-,-,-,-,-,25.01,0.08%,"2,684,920"
SJT,136.57M,-,-,-,-,70.86,13656.73,-,-,-,-,-,-73.35%,2.93,-2.33%,"244,598"
SKAIU,-,-,-,-,-,-,-,-,-,-,-,-,-,-,-,0
SKE,3.23B,-,-,-,-,24.52,103.95,-,-,-,-1.31%,-,-,26.02,1.96%,"1,160,539"
SKF,-,-,-,-,-,-,-,-,-,-,-,-,-,26.19,1.12%,"13,972"
SKIL,55.15M,-,-,-,0.11,-,0.47,2.62,0.96%,-,1.82%,-,-,6.15,-13.14%,"110,227"
SKIN,82.91M,-,-,-,0.28,1.50,0.41,2.91,-84.72%,61.94%,28.16%,-2.70%,20.36%,0.64,-3.08%,"1,131,494"
SKK,11.52M,-,-,-,1.16,1.58,18.29,-,-,-,-,-,2.82%,4.73,-3.07%,"9,394"
SKM,12.75B,55.14,4.40,0.08,1.07,1.53,11.02,10.78,212.73%,9.05%,-25.81%,55.28%,-2.47%,33.55,1.79%,"2,285,742"
SKOR,-,-,-,-,-,-,-,-,-,-,-,-,-,48.56,0.11%,"27,878"
SKRE,-,-,-,-,-,-,-,-,-,-,-,-,-,6.33,-2.00%,"33,279"
SKT,4.72B,38.47,35.02,3.08,7.91,7.04,17.94,25.17,7.41%,10.38%,-,11.37%,8.15%,41.10,1.38%,"1,047,147"
SKWD,2.25B,13.35,10.06,0.67,1.43,2.01,-,5.31,22.82%,12.10%,-,15.12%,25.94%,55.40,1.86%,"749,193"
SKY,4.78B,23.82,21.64,3.52,1.79,3.03,7.48,17.77,-11.75%,18.29%,19.72%,6.15%,13.39%,86.99,-1.41%,"717,786"
SKYA,40.21M,-,-,-,3.89,0.21,3.16,-,-,-,63.36%,-,-,0.95,-6.86%,"377,323"
SKYE,24.89M,-,-,-,-,2.76,1.45,-,33.33%,-16.21%,28.34%,5.13%,-,0.71,4.33%,"51,636"
SKYH,706.35M,56.42,-,-,23.03,2.55,3.76,-,-733.33%,72.51%,-,112.75%,-,9.23,-2.74%,"99,798"
SKYQ,12.66M,-,-,-,2.05,4.97,180.80,-,-,-,-101.38%,-,163.02%,2.64,0.76%,"9,798,895"
SKYT,1.71B,14.91,-,-,3.16,9.49,76.98,-,-3400.00%,60.61%,-,-,25.78%,34.78,-0.77%,"459,998"
SKYU,-,-,-,-,-,-,-,-,-,-,-,-,-,31.96,-3.96%,"4,324"
SKYW,3.90B,9.42,8.20,0.98,0.95,1.43,6.21,17.31,5.32%,9.97%,-,8.36%,13.79%,98.29,1.64%,"430,040"
SKYX,139.86M,-,-,-,1.49,12.42,4.62,-,30.73%,49.73%,-16.30%,68.50%,223.83%,1.04,1.96%,"661,595"
SKYY,-,-,-,-,-,-,-,-,-,-,-,-,-,126.52,-1.98%,"196,548"
SLAB,7.19B,-,51.68,-,8.76,6.54,16.38,408.20,200.69%,52.44%,-,-,8.96%,217.95,-0.02%,"573,234"
SLAI,8.79M,-,-,-,0.36,0.31,1.52,-,-,-,23.53%,-,48.81%,0.46,14.28%,"122,445"
SLB,70.90B,20.79,14.21,1.48,1.97,2.71,20.93,15.16,-11.58%,28.81%,-,9.57%,8.62%,47.42,1.74%,"21,389,619"
SLBT,-,-,-,-,-,-,-,-,-,-,-,-,-,4.19,11.73%,"141,841"
SLDB,872.26M,-,-,-,-,2.33,2.29,-,2.82%,0.23%,39.94%,12.46%,-,8.86,-4.22%,"1,529,956"
SLDE,2.07B,5.01,5.12,2.57,1.64,1.91,-,2.10,5.17%,-0.19%,-,1.99%,-,18.06,-1.37%,"820,802"
SLDP,584.96M,-,-,-,31.11,1.11,2.29,-,14.71%,-11.49%,-19.69%,-1.29%,59.56%,2.60,-1.52%,"3,971,386"
SLDR,-,-,-,-,-,-,-,-,-,-,-,-,-,49.76,-0.09%,"26,215"
SLE,4.96M,-,-,-,0.43,0.31,0.44,-,73.71%,31.14%,69.66%,-,40.60%,3.08,-0.65%,"15,546"
SLF,42.94B,20.03,12.40,2.07,1.51,2.63,-,3.71,5.21%,8.43%,7.57%,5.98%,-2.08%,77.50,0.31%,"412,810"
SLG,3.86B,-,-,-,3.72,1.17,11.41,90.56,-56.74%,21.79%,-,3.22%,-0.40%,50.17,1.11%,"896,451"
SLGB,23.14M,-,-,-,0.26,1.19,51.42,-,-,-,-,-,-,0.54,-7.26%,"80,445"
SLGL,237.55M,-,-,-,12.87,4.62,4.50,-,-314.43%,-1.17%,29.88%,-,17.19%,72.67,-0.99%,"16,616"
SLGN,4.79B,17.06,11.10,1.86,0.73,2.06,11.00,15.60,2.35%,7.26%,-0.52%,5.96%,5.66%,45.33,1.48%,"897,574"
SLI,714.51M,-,-,-,-,1.97,5.03,-,73.91%,-58.33%,-7.52%,-,-,2.93,-5.79%,"1,900,820"
SLJY,-,-,-,-,-,-,-,-,-,-,-,-,-,27.62,1.06%,"25,805"
SLM,4.64B,6.84,7.25,1.84,1.50,2.12,0.86,-,-8.96%,7.69%,8.97%,3.94%,6.50%,24.61,3.23%,"2,660,596"
SLMT,50.43M,-,-,-,9.68,0.02,2.65,-,-,-,-,-,83.26%,4.72,-5.98%,"29,172"
SLN,472.30M,-,-,-,562.26,9.56,6.74,-,15.22%,-17.06%,-4.20%,-0.94%,-39.70%,10.00,9.17%,"1,306,943"
SLND,35.95M,-,-,-,0.05,-,1.13,-,75.31%,44.29%,-517.53%,-,-,0.66,-9.10%,"527,670"
SLNG,73.83M,-,8.36,-,1.20,1.17,5.38,10.44,-335.71%,255.74%,28.89%,-,10.43%,3.97,-9.57%,"75,563"
SLNH,227.15M,-,-,-,6.85,3.41,2.91,-,-,-,-,-,118.62%,1.44,5.11%,"26,789,464"
SLNZ,-,-,-,-,-,-,-,-,-,-,-,-,-,45.73,0.03%,"1,010"
SLON,-,-,-,-,-,-,-,-,-,-,-,-,-,14.37,-0.65%,"31,614"
SLP,366.52M,-,20.04,-,4.55,2.74,8.76,15.42,-15.78%,4.32%,-,-,13.74%,18.14,-0.17%,"651,230"
SLQD,-,-,-,-,-,-,-,-,-,-,-,-,-,50.34,0.05%,"214,803"
SLQT,156.95M,72.95,-,-,0.10,0.41,4.46,-,-119.64%,-363.64%,-,-,23.49%,0.89,-6.26%,"1,760,909"
SLRC,671.57M,7.48,9.21,-,3.10,0.68,1.68,89.30,-14.54%,-1.59%,35.92%,-6.25%,18.28%,12.31,0.82%,"408,291"
SLS,1.96B,-,-,-,-,17.78,18.27,-,16.00%,28.57%,34.92%,50.68%,-,10.53,14.83%,"15,016,944"
SLSN,73.81M,85.66,-,-,1.22,4.35,129.49,-,-,-,-0.94%,-,29.38%,1.04,-5.43%,"86,221"
SLSR,1.36B,-,-,-,-,-,105.22,23.03,-3.27%,53.46%,5.25%,-,-,8.12,2.40%,"122,244"
SLTY,-,-,-,-,-,-,-,-,-,-,-,-,-,23.20,-0.67%,"12,433"
SLV,-,-,-,-,-,-,-,-,-,-,-,-,-,52.36,1.12%,"24,516,438"
SLVM,1.57B,15.60,6.90,0.28,0.48,1.60,12.06,156.72,-34.89%,148.16%,-3.39%,24.61%,2.18%,39.44,-0.95%,"212,147"
SLVO,-,-,-,-,-,-,-,-,-,-,-,-,-,63.55,1.75%,"71,600"
SLVP,-,-,-,-,-,-,-,-,-,-,-,-,-,30.54,3.18%,"372,683"
SLVR,-,-,-,-,-,-,-,-,-,-,-,-,-,49.18,3.21%,"149,486"
SLVX,-,-,-,-,-,-,-,-,-,-,-,-,-,14.00,2.20%,"5,774"
SLWS,-,-,-,-,-,-,-,-,-,-,-,-,-,101.40,-0.04%,202
SLX,-,-,-,-,-,-,-,-,-,-,-,-,-,101.05,0.87%,"58,352"
SLXN,2.90M,-,-,-,-,2.93,1.19,-,44.98%,58.82%,-38.17%,43.92%,-,2.73,1.11%,"27,868"
SLYG,-,-,-,-,-,-,-,-,-,-,-,-,-,116.92,1.42%,"177,552"
SLYV,-,-,-,-,-,-,-,-,-,-,-,-,-,108.20,1.13%,"203,218"
SM,6.36B,11.20,3.38,0.25,1.68,0.93,14.16,11.16,41.68%,2.06%,-,13.66%,22.86%,26.52,0.11%,"2,785,143"
SMA,1.95B,212.72,66.92,-,6.62,1.55,44.35,17.61,363.67%,-7.11%,26.29%,-,17.78%,32.78,-0.21%,"499,773"
SMAX,-,-,-,-,-,-,-,-,-,-,-,-,-,27.75,0.00%,"3,127"
SMAY,-,-,-,-,-,-,-,-,-,-,-,-,-,28.25,0.41%,"14,061"
SMB,-,-,-,-,-,-,-,-,-,-,-,-,-,17.35,0.03%,"129,649"
SMBC,823.53M,12.48,11.16,-,2.62,1.44,-,9.16,21.75%,6.24%,11.58%,-,20.17%,74.76,0.47%,"105,443"
SMBK,797.81M,14.95,11.12,-,2.45,1.42,-,14.21,20.79%,14.66%,12.96%,-,18.75%,46.66,0.97%,"90,321"
SMBS,-,-,-,-,-,-,-,-,-,-,-,-,-,25.54,0.31%,"801,450"
SMC,591.24M,-,30.28,-,1.04,0.76,11.94,16.10,42.24%,203.23%,-,-,7.95%,29.07,-0.38%,"52,621"
SMCF,-,-,-,-,-,-,-,-,-,-,-,-,-,38.32,0.05%,266
SMCI,20.49B,16.71,10.00,0.48,0.61,2.51,15.70,-,26.05%,22.00%,59.92%,21.01%,45.76%,31.68,-2.37%,"43,803,464"
SMCL,-,-,-,-,-,-,-,-,-,-,-,-,-,43.36,-4.74%,"230,468"
SMCO,-,-,-,-,-,-,-,-,-,-,-,-,-,30.64,1.08%,"20,914"
SMCP,-,-,-,-,-,-,-,-,-,-,-,-,-,24.91,0.20%,"3,072"
SMCX,-,-,-,-,-,-,-,-,-,-,-,-,-,10.58,-4.77%,"5,785,421"
SMCY,-,-,-,-,-,-,-,-,-,-,-,-,-,5.30,-3.28%,"596,226"
SMCZ,-,-,-,-,-,-,-,-,-,-,-,-,-,7.93,4.00%,"567,864"
SMDD,-,-,-,-,-,-,-,-,-,-,-,-,-,7.71,-2.21%,"9,646"
SMDV,-,-,-,-,-,-,-,-,-,-,-,-,-,76.83,1.09%,"48,106"
SMDX,-,-,-,-,-,-,-,-,-,-,-,-,-,26.82,0.85%,3
SMFG,150.77B,14.37,12.06,1.13,2.27,1.52,-,-,14.28%,10.03%,18.38%,10.66%,14.20%,23.70,0.34%,"1,626,334"
SMG,4.03B,38.69,14.49,1.22,1.19,-,650.61,10.62,16.39%,9.93%,-18.33%,11.88%,-3.75%,69.33,1.15%,"834,227"
SMH,-,-,-,-,-,-,-,-,-,-,-,-,-,636.88,2.90%,"14,814,561"
SMHB,-,-,-,-,-,-,-,-,-,-,-,-,-,3.83,-1.09%,"8,684"
SMHC,-,-,-,-,-,-,-,-,-,-,-,-,-,65.32,7.34%,"81,342"
SMHI,204.32M,-,-,-,0.94,0.83,2.71,-,-206.60%,20.92%,19.72%,-,9.94%,7.55,4.43%,"209,000"
SMHX,-,-,-,-,-,-,-,-,-,-,-,-,-,61.91,-0.16%,"92,862"
SMID,159.94M,15.20,-,-,1.73,2.87,12.10,33.05,-,-,35.62%,-,16.33%,30.14,1.45%,"6,544"
SMIG,-,-,-,-,-,-,-,-,-,-,-,-,-,32.84,0.83%,"530,244"
SMIN,-,-,-,-,-,-,-,-,-,-,-,-,-,69.68,-0.73%,"129,042"
SMIZ,-,-,-,-,-,-,-,-,-,-,-,-,-,44.30,1.24%,"40,555"
SMJF,147.13M,-,-,-,-,27.99,156.52,-,-,-,-,-,-,5.35,2.88%,"247,912"
SMLF,-,-,-,-,-,-,-,-,-,-,-,-,-,87.80,0.66%,"116,078"
SMLL,-,-,-,-,-,-,-,-,-,-,-,-,-,20.93,0.28%,144
SMLV,-,-,-,-,-,-,-,-,-,-,-,-,-,154.99,0.36%,"3,747"
SMMD,-,-,-,-,-,-,-,-,-,-,-,-,-,91.24,1.59%,"176,171"
SMMT,11.01B,-,-,-,-,20.16,18.37,-,24.45%,-1.67%,-13.76%,29.98%,-,14.18,-0.49%,"4,793,567"
SMMU,-,-,-,-,-,-,-,-,-,-,-,-,-,50.47,-0.01%,"119,130"
SMMV,-,-,-,-,-,-,-,-,-,-,-,-,-,45.09,0.12%,"5,593"
SMN,-,-,-,-,-,-,-,-,-,-,-,-,-,19.49,-2.51%,"9,536"
SMOG,-,-,-,-,-,-,-,-,-,-,-,-,-,142.51,-0.59%,"2,622"
SMOM,-,-,-,-,-,-,-,-,-,-,-,-,-,27.87,1.07%,"2,360"
SMOT,-,-,-,-,-,-,-,-,-,-,-,-,-,38.82,0.92%,"20,023"
SMOX,-,-,-,-,-,-,-,-,-,-,-,-,-,30.46,1.01%,"4,940"
SMP,885.19M,19.59,8.05,1.04,0.48,1.28,14.95,22.47,9.45%,12.27%,-6.07%,7.76%,9.68%,39.76,0.84%,"106,639"
SMPL,1.11B,-,6.93,-,0.79,0.75,10.35,7.62,-12.93%,6.05%,8.87%,-0.59%,12.18%,12.29,-2.69%,"1,301,078"
SMQ,-,-,-,-,-,-,-,-,-,-,-,-,-,39.22,0.00%,0
SMR,3.68B,-,-,-,197.13,2.79,4.11,-,73.92%,-18.06%,-36.94%,38.41%,-,10.07,-1.37%,"22,316,677"
SMRF,-,-,-,-,-,-,-,-,-,-,-,-,-,26.65,0.21%,"46,416"
SMRI,-,-,-,-,-,-,-,-,-,-,-,-,-,40.80,0.37%,"8,990"
SMRT,219.84M,-,-,-,1.47,0.95,2.22,-,71.88%,38.89%,38.32%,-,23.73%,1.14,1.79%,"2,361,923"
SMSI,13.96M,-,-,-,0.82,0.76,8.02,-,71.92%,78.05%,-,-,-19.48%,2.73,-1.09%,"27,149"
SMST,-,-,-,-,-,-,-,-,-,-,-,-,-,88.03,18.45%,"421,805"
SMTC,15.12B,-,41.76,0.81,13.87,26.36,92.56,93.27,55.41%,46.20%,-,51.57%,12.03%,162.27,2.39%,"3,403,788"
SMTG,-,-,-,-,-,-,-,-,-,-,-,-,-,12.83,5.73%,"2,046"
SMTH,-,-,-,-,-,-,-,-,-,-,-,-,-,25.80,0.08%,"281,026"
SMTI,211.87M,-,49.72,-,1.97,30.15,15.59,62.87,440.00%,173.53%,-41.80%,-,45.92%,23.12,1.00%,"53,108"
SMTK,4.99M,-,-,-,7.23,0.91,0.66,-,-,-,-7.22%,-,49.32%,0.23,-8.78%,"606,422"
SMU,-,-,-,-,-,-,-,-,-,-,-,-,-,8.59,-2.94%,"1,054,544"
SMUP,-,-,-,-,-,-,-,-,-,-,-,-,-,6.72,-2.61%,"159,398"
SMWB,451.14M,-,21.89,0.27,1.56,21.66,6.29,47.49,136.11%,66.09%,24.47%,81.88%,24.76%,5.15,-0.19%,"978,958"
SMX,9.90M,-,-,-,-,3.18,0.81,-,-,-,-,-,-,15.24,3.04%,"46,961"
SMXT,17.84M,-,-,-,0.18,-,4.14,-,-,-,-,-,-6.86%,0.31,-3.09%,"237,530"
SMYY,-,-,-,-,-,-,-,-,-,-,-,-,-,7.38,-0.46%,"12,552"
SMZ,-,-,-,-,-,-,-,-,-,-,-,-,-,22.66,2.49%,"12,928"
SN,20.22B,28.80,20.41,1.45,3.07,7.32,39.50,52.46,16.00%,14.24%,15.96%,14.06%,18.37%,142.85,1.90%,"1,568,885"
SNA,20.77B,20.71,19.01,-,3.98,3.49,11.85,19.27,3.06%,6.66%,10.89%,-,5.52%,400.95,2.25%,"331,447"
SNAG,-,-,-,-,-,-,-,-,-,-,-,-,-,3.90,-7.19%,"156,155"
SNAL,25.85M,-,2.19,-,0.29,-,1.79,3.13,118.92%,92.86%,-,-,-8.25%,0.59,-4.25%,"550,071"
SNAP,7.19B,-,36.38,-,1.18,3.53,2.55,11.81,74.53%,273.49%,15.99%,-,18.80%,4.34,-4.19%,"45,165,051"
SNAV,-,-,-,-,-,-,-,-,-,-,-,-,-,38.13,0.29%,"2,930"
SNBR,2.88M,-,0.61,-,0.00,-,1.95,-,82.83%,120.75%,-,-,-5.33%,0.12,0.00%,0
SND,202.03M,8.53,-,-,0.56,0.79,10.39,7.17,-,-,-48.55%,-,21.96%,4.70,1.08%,"311,960"
SNDA,1.86B,-,-,-,4.52,2.10,18.25,-,12.09%,74.66%,49.98%,-,-0.14%,39.28,1.81%,"823,611"
SNDG,-,-,-,-,-,-,-,-,-,-,-,-,-,28.55,41.34%,"2,548,563"
SNDK,345.79B,81.17,12.35,-,26.23,25.08,92.58,77.53,2091.97%,188.59%,-,-,-,2335.00,21.97%,"14,782,326"
SNDL,348.80M,-,40.74,-,0.51,0.45,2.08,8.54,65.42%,325.00%,64.21%,-,71.68%,1.34,-3.60%,"2,587,070"
SNDQ,-,-,-,-,-,-,-,-,-,-,-,-,-,1.98,-43.75%,"168,820,363"
SNDR,6.34B,65.01,23.38,0.49,1.12,2.10,23.91,24.39,46.30%,68.01%,-13.15%,48.00%,4.50%,36.20,3.52%,"810,621"
SNDU,-,-,-,-,-,-,-,-,-,-,-,-,-,73.42,43.96%,"3,734,403"
SNDX,1.76B,-,-,-,8.07,42.14,4.99,-,45.95%,62.33%,-12.05%,-,157.68%,19.81,-0.85%,"1,470,276"
SNES,8.06M,-,-,-,3.61,1.05,1.18,-,24.10%,15.88%,80.37%,29.96%,51.10%,1.52,-2.56%,"56,834"
SNEX,10.88B,24.49,21.91,1.16,0.07,4.02,5.13,1.09,56.74%,1.79%,8.97%,18.93%,19.58%,137.28,0.84%,"747,906"
SNFCA,248.70M,6.58,-,-,0.73,0.56,-,3.69,-,-,-11.01%,-,-6.44%,9.59,-0.62%,"16,226"
SNGX,5.86M,-,-,-,-,1.34,0.97,-,81.31%,37.50%,57.52%,-,-,0.40,1.02%,"909,129"
SNK,-,-,-,-,-,-,-,-,-,-,-,-,-,21.57,1.94%,"4,098,083"
SNN,12.80B,21.06,12.28,1.18,2.07,2.43,22.98,15.08,8.29%,11.42%,6.97%,10.39%,6.10%,30.22,-0.13%,"1,319,001"
SNOA,5.45M,-,-,-,0.28,0.66,2.27,-,-,-,47.50%,-,0.95%,1.14,-0.87%,"25,087"
SNOU,-,-,-,-,-,-,-,-,-,-,-,-,-,32.83,0.71%,"63,743"
SNOV,-,-,-,-,-,-,-,-,-,-,-,-,-,26.96,0.24%,"5,360"
SNOW,78.70B,-,83.54,1.88,15.64,40.57,26.63,67.28,54.47%,40.77%,-16.08%,44.34%,51.23%,227.06,0.49%,"5,401,910"
SNOY,-,-,-,-,-,-,-,-,-,-,-,-,-,9.62,-1.94%,"85,143"
SNPD,-,-,-,-,-,-,-,-,-,-,-,-,-,29.67,0.73%,"2,666"
SNPE,-,-,-,-,-,-,-,-,-,-,-,-,-,68.01,0.76%,"1,024,239"
SNPG,-,-,-,-,-,-,-,-,-,-,-,-,-,60.14,2.57%,266
SNPS,87.13B,105.27,26.29,1.58,10.04,2.86,35.02,33.08,14.53%,17.03%,13.58%,16.66%,13.86%,455.02,-1.92%,"1,556,508"
SNSR,-,-,-,-,-,-,-,-,-,-,-,-,-,49.14,0.47%,"5,587"
SNT,46.67M,-,-,-,-,1.11,4.06,-,-,-,1.38%,-,-17.05%,2.00,-1.96%,"58,825"
SNTG,5.84M,-,-,-,83.39,0.74,11.67,-,-,-,-,-,-54.66%,2.08,-4.15%,"7,650"
SNTH,-,-,-,-,-,-,-,-,-,-,-,-,-,29.37,-0.02%,"822,671"
SNTI,33.33M,-,-,-,833.21,12.99,3.73,-,62.03%,8.36%,65.37%,24.71%,-70.12%,1.07,-0.93%,"294,094"
SNWV,65.61M,23.34,-,-,1.48,35.68,6.09,16.74,-,-,-,-,61.12%,7.63,-10.97%,"201,867"
SNX,22.32B,23.07,14.09,0.69,0.34,2.52,14.28,17.86,33.13%,12.25%,-0.52%,20.29%,25.63%,277.63,-1.97%,"1,604,807"
SNXX,-,-,-,-,-,-,-,-,-,-,-,-,-,45.82,42.96%,"51,103,165"
SNY,100.50B,17.51,7.87,1.08,2.03,1.20,11.15,9.59,6.74%,6.58%,-15.52%,7.26%,3.69%,41.80,1.14%,"4,522,646"
SNYR,3.02M,-,1.35,-,0.11,-,7.75,-,85.04%,178.95%,37.04%,-,0.69%,0.20,-2.82%,"144,432"
SO,108.12B,24.53,19.47,2.53,3.58,2.91,109.54,-,6.42%,7.63%,6.75%,7.69%,7.86%,95.91,0.14%,"7,199,339"
SOAR,4.93M,0.13,-,-,0.09,-,1.50,5.87,-,-,-,-,-,0.15,-5.12%,"1,840,380"
SOBO,7.63B,19.25,18.50,11.01,4.69,2.87,12.73,12.58,-10.95%,12.71%,-,1.68%,-,36.57,2.12%,"1,181,951"
SOBR,2.11M,-,-,-,4.90,0.78,1.00,-,-,-,75.14%,-,-,0.75,1.79%,"23,419"
SOC,1.17B,-,3.08,-,922.53,2.70,22.46,-,103.73%,1383.13%,-,-,-,7.59,-4.29%,"3,459,858"
SOCA,240.13M,69.50,-,-,-,1.41,218.30,-,-,-,-,-,-,10.27,-0.24%,33
SOCL,-,-,-,-,-,-,-,-,-,-,-,-,-,41.71,-1.60%,"6,732"
SOEZ,-,-,-,-,-,-,-,-,-,-,-,-,-,11.48,0.35%,"10,593"
SOFA,-,-,-,-,-,-,-,-,-,-,-,-,-,14.03,-0.26%,"74,931"
SOFI,22.19B,39.24,21.50,0.56,4.32,2.05,5.90,22.16,52.84%,34.99%,-,38.38%,44.73%,17.30,-0.06%,"88,149,423"
SOFR,-,-,-,-,-,-,-,-,-,-,-,-,-,100.53,0.13%,"5,239"
SOFX,-,-,-,-,-,-,-,-,-,-,-,-,-,9.61,-0.41%,"964,323"
SOGP,30.91M,1.57,-,-,0.07,0.75,0.33,-,-,-,-,-,14.67%,10.27,-5.26%,"21,550"
SOHU,306.06M,1.49,-,-,0.52,0.24,0.38,-,-115.99%,-72.26%,-,-,-4.85%,11.74,-3.14%,"46,039"
SOLC,-,-,-,-,-,-,-,-,-,-,-,-,-,13.15,-0.06%,442
SOLM,-,-,-,-,-,-,-,-,-,-,-,-,-,7.51,-0.42%,"2,352"
SOLR,-,-,-,-,-,-,-,-,-,-,-,-,-,34.90,-0.21%,239
SOLS,13.80B,-,27.30,0.77,-,9.28,21.50,-,78.03%,20.01%,-,35.50%,-,86.91,0.29%,"1,216,619"
SOLT,-,-,-,-,-,-,-,-,-,-,-,-,-,26.14,-0.11%,"932,973"
SOLV,13.49B,9.54,11.03,1.35,1.63,2.72,24.05,-,7.12%,7.88%,1.23%,8.17%,0.47%,77.92,3.08%,"999,624"
SOLZ,-,-,-,-,-,-,-,-,-,-,-,-,-,6.60,-0.10%,"838,353"
SON,5.37B,13.25,8.47,1.17,0.72,1.51,23.93,24.82,1.98%,10.13%,14.20%,7.26%,7.46%,54.34,1.49%,"1,153,494"
SONM,7.02M,-,-,-,0.12,-,5.85,-,-,-,52.37%,-,-,4.72,-3.28%,"15,803"
SONO,1.64B,80.89,26.46,-,1.12,4.40,6.58,14.04,176.47%,33.33%,-22.55%,-,1.70%,13.76,-2.20%,"2,185,051"
SONY,110.57B,-,13.68,1.17,1.34,2.33,7.96,11.24,17.69%,8.97%,-,11.70%,-0.48%,19.32,-3.45%,"6,664,604"
SOPH,477.36M,-,-,-,5.88,8.94,7.30,-,25.85%,24.50%,-13.68%,27.28%,22.16%,5.69,3.08%,"364,027"
SOR,370.48M,6.22,-,-,17.87,0.93,-,-,-,-,-,-,-,45.01,0.38%,"13,111"
SORA,51.22M,-,-,-,-,18.29,20.91,-,-,-,-,-,-,2.06,-3.74%,"1,030"
SORN,344.56M,-,-,-,-,1.34,174.02,-,-,-,-,-,-,9.92,-0.20%,1
SOS,9.99M,-,-,-,0.06,0.04,1.85,-,-,-,-,-,25.13%,1.05,-1.87%,"13,286"
SOTK,79.35M,43.99,-,-,3.79,4.01,5.36,26.27,-4.55%,-,9.93%,-23.11%,7.11%,5.05,-3.99%,"15,040"
SOUL,270.03M,45.04,-,-,-,1.41,4500.53,-,-,-,-,-,-,10.35,-0.10%,242
SOUN,2.69B,-,-,-,14.61,5.75,12.46,-,-1305.56%,-9.57%,-,-,-,6.21,-2.05%,"30,168,691"
SOUX,-,-,-,-,-,-,-,-,-,-,-,-,-,10.69,-4.33%,"119,051"
SOVF,-,-,-,-,-,-,-,-,-,-,-,-,-,28.87,0.53%,"5,949"
SOWG,55.13M,-,-,-,7.58,-,23.76,-,-,-,0.85%,-,-,2.74,5.38%,"47,281"
SOXL,-,-,-,-,-,-,-,-,-,-,-,-,-,252.61,10.04%,"56,902,559"
SOXQ,-,-,-,-,-,-,-,-,-,-,-,-,-,109.80,3.74%,"4,297,470"
SOXS,-,-,-,-,-,-,-,-,-,-,-,-,-,3.63,-11.03%,"771,913,890"
SOXX,-,-,-,-,-,-,-,-,-,-,-,-,-,625.20,3.94%,"12,680,949"
SOXY,-,-,-,-,-,-,-,-,-,-,-,-,-,109.86,3.94%,"19,896"
SOYB,-,-,-,-,-,-,-,-,-,-,-,-,-,24.56,1.97%,"55,481"
SPAB,-,-,-,-,-,-,-,-,-,-,-,-,-,25.58,0.04%,"1,858,000"
SPAI,81.44M,-,-,-,49.66,5.27,5.50,-,40.00%,56.21%,-,-,-,3.95,-3.19%,"159,487"
SPAL,-,-,-,-,-,-,-,-,-,-,-,-,-,20.71,-2.36%,"2,974,626"
SPAM,-,-,-,-,-,-,-,-,-,-,-,-,-,38.20,0.47%,253
SPAQ,-,-,-,-,-,-,-,-,-,-,-,-,-,93.79,0.14%,11
SPAX,-,-,-,-,-,-,-,-,-,-,-,-,-,12.50,-2.04%,"2,400,358"
SPB,1.99B,16.52,15.74,3.69,0.71,1.05,15.94,6.88,-3.01%,3.70%,12.93%,4.27%,1.39%,85.96,-0.29%,"272,174"
SPBC,-,-,-,-,-,-,-,-,-,-,-,-,-,46.30,-0.29%,"7,156"
SPBO,-,-,-,-,-,-,-,-,-,-,-,-,-,29.14,0.10%,"427,793"
SPBU,-,-,-,-,-,-,-,-,-,-,-,-,-,29.70,-0.29%,"17,347"
SPBW,-,-,-,-,-,-,-,-,-,-,-,-,-,28.53,0.01%,"11,737"
SPBX,-,-,-,-,-,-,-,-,-,-,-,-,-,28.94,0.05%,"14,795"
SPCB,48.75M,32.61,8.21,-,1.71,1.35,4.40,-,-43.72%,-3.96%,-,-,18.84%,10.96,2.33%,"31,329"
SPCE,261.13M,-,-,-,199.33,0.91,1.04,-,54.15%,74.82%,37.89%,-,45.35%,2.50,-8.42%,"17,077,395"
SPCF,-,-,-,-,-,-,-,-,-,-,-,-,-,20.82,-1.84%,"2,021,375"
SPCG,-,-,-,-,-,-,-,-,-,-,-,-,-,21.91,1.91%,"3,740,875"
SPCH,-,-,-,-,-,-,-,-,-,-,-,-,-,12.35,-2.45%,"23,955,212"
SPCI,-,-,-,-,-,-,-,-,-,-,-,-,-,26.25,-4.92%,"22,928"
SPCK,-,-,-,-,-,-,-,-,-,-,-,-,-,21.99,-0.63%,"3,581"
SPCL,-,-,-,-,-,-,-,-,-,-,-,-,-,37.45,-1.65%,"298,234"
SPCM,-,-,-,-,-,-,-,-,-,-,-,-,-,20.91,-2.06%,"715,936"
SPCQ,-,-,-,-,-,-,-,-,-,-,-,-,-,17.35,1.88%,"3,852,766"
SPCT,-,-,-,-,-,-,-,-,-,-,-,-,-,27.11,-0.32%,"9,914"
SPCU,-,-,-,-,-,-,-,-,-,-,-,-,-,16.60,-2.01%,"2,624,400"
SPCX,2017.12B,-,-,-,-,57.93,84.96,-,-,-,-,-,-,153.00,-1.00%,"61,776,473"
SPCZ,-,-,-,-,-,-,-,-,-,-,-,-,-,26.03,-0.12%,5
SPD,-,-,-,-,-,-,-,-,-,-,-,-,-,40.72,-0.35%,"6,365"
SPDF,-,-,-,-,-,-,-,-,-,-,-,-,-,26.91,-0.07%,"3,411"
SPDG,-,-,-,-,-,-,-,-,-,-,-,-,-,46.44,0.92%,485
SPDN,-,-,-,-,-,-,-,-,-,-,-,-,-,8.83,0.00%,"81,211,357"
SPDV,-,-,-,-,-,-,-,-,-,-,-,-,-,39.12,1.06%,"28,001"
SPDW,-,-,-,-,-,-,-,-,-,-,-,-,-,50.25,1.17%,"3,363,450"
SPE,140.01M,6.66,-,-,18.33,0.81,-,-,-,-,-,-,-,13.18,0.30%,"36,028"
SPEG,157.63M,153.43,-,-,-,1.43,656.79,-,-,-,-,-,-,10.28,0.00%,11
SPEM,-,-,-,-,-,-,-,-,-,-,-,-,-,51.03,-0.27%,"1,781,235"
SPEU,-,-,-,-,-,-,-,-,-,-,-,-,-,54.44,1.06%,"18,277"
SPFF,-,-,-,-,-,-,-,-,-,-,-,-,-,9.38,-0.40%,"35,988"
SPFI,820.40M,11.98,10.35,-,2.73,1.39,-,10.81,12.50%,6.98%,6.84%,-,-0.20%,42.85,1.59%,"179,200"
SPG,73.12B,41.26,32.72,-,11.00,15.18,134.68,20.56,-53.46%,4.48%,6.99%,-18.36%,6.70%,225.49,1.50%,"2,859,330"
SPGI,116.96B,25.00,17.74,1.42,7.44,3.75,64.62,21.05,10.14%,13.40%,8.69%,12.49%,15.56%,395.14,-1.79%,"2,938,901"
SPGM,-,-,-,-,-,-,-,-,-,-,-,-,-,84.55,0.38%,"126,870"
SPGP,-,-,-,-,-,-,-,-,-,-,-,-,-,120.16,-0.28%,"54,987"
SPH,1.15B,8.77,8.83,-,0.83,1.55,133.61,8.70,0.06%,-3.43%,10.90%,-0.47%,5.27%,17.40,2.96%,"121,006"
SPHB,-,-,-,-,-,-,-,-,-,-,-,-,-,154.35,2.22%,"259,636"
SPHD,-,-,-,-,-,-,-,-,-,-,-,-,-,51.08,0.89%,"725,689"
SPHL,34.09M,-,-,-,5.70,6.03,11.52,-,-,-,-,-,-,2.78,-3.14%,"20,308"
SPHQ,-,-,-,-,-,-,-,-,-,-,-,-,-,88.52,1.74%,"2,092,737"
SPHR,5.78B,83.74,-,-,4.36,2.64,9.16,17.32,-432.88%,24.99%,-1.70%,-,9.84%,161.35,4.02%,"566,781"
SPHY,-,-,-,-,-,-,-,-,-,-,-,-,-,23.42,0.09%,"3,667,510"
SPIB,-,-,-,-,-,-,-,-,-,-,-,-,-,33.49,0.09%,"6,096,511"
SPIN,-,-,-,-,-,-,-,-,-,-,-,-,-,31.53,-0.10%,"1,470"
SPIP,-,-,-,-,-,-,-,-,-,-,-,-,-,25.69,0.16%,"446,193"
SPIR,643.10M,10.17,-,-,10.13,5.88,13.00,-,41.37%,55.39%,-,-,20.22%,15.99,-6.65%,"860,574"
SPIT,-,-,-,-,-,-,-,-,-,-,-,-,-,33.63,1.19%,"20,527"
SPKL,106.16M,-,-,-,-,5.93,816.59,-,-,-,-,-,-,12.26,0.08%,"51,455"
SPLB,-,-,-,-,-,-,-,-,-,-,-,-,-,22.58,0.04%,"3,520,929"
SPLS,-,-,-,-,-,-,-,-,-,-,-,-,-,53.13,0.03%,"2,000"
SPLV,-,-,-,-,-,-,-,-,-,-,-,-,-,74.90,0.28%,"3,776,100"
SPMB,-,-,-,-,-,-,-,-,-,-,-,-,-,22.38,0.09%,"1,027,246"
SPMC,199.24M,-,7.07,-,3.01,1.01,34.29,2.33,-26.35%,0.73%,-,-,-,9.70,1.04%,"17,541"
SPMD,-,-,-,-,-,-,-,-,-,-,-,-,-,66.98,0.92%,"1,867,971"
SPMO,-,-,-,-,-,-,-,-,-,-,-,-,-,159.64,3.80%,"2,729,965"
SPNT,2.71B,5.74,8.32,1.24,0.83,1.16,-,8.29,0.95%,7.70%,19.84%,6.73%,29.83%,23.06,-1.62%,"685,606"
SPOG,-,-,-,-,-,-,-,-,-,-,-,-,-,5.80,-5.45%,"24,699"
SPOK,218.06M,17.26,-,-,1.60,1.55,12.77,8.54,-,-,-,-,-1.17%,10.44,-0.10%,"148,526"
SPOT,90.82B,35.15,24.65,1.04,4.47,9.83,9.01,23.79,20.78%,24.01%,-,23.66%,16.64%,441.21,-3.03%,"1,451,975"
SPPL,37.18M,-,-,-,8.24,8.24,11.55,-,-,-,-17.76%,-,11.97%,3.80,2.15%,"385,721"
SPPP,-,-,-,-,-,-,-,-,-,-,-,-,-,12.55,2.28%,"396,397"
SPRB,145.24M,-,130.99,2.69,-,2.09,2.69,-,50.47%,101.60%,11.80%,48.67%,-,52.77,1.74%,"56,438"
SPRC,3.51M,-,-,-,4.08,0.06,0.76,-,-,-,-13.87%,-,-,6.12,4.35%,"13,827"
SPRE,-,-,-,-,-,-,-,-,-,-,-,-,-,21.35,-0.16%,"61,401"
SPRO,116.96M,8.29,3.01,-,2.14,2.21,2.08,16.15,-293.33%,331.03%,-,-,197.00%,2.02,-3.81%,"1,140,525"
SPRU,47.21M,-,-,-,0.42,0.40,0.55,55.54,-,-,24.18%,-,40.62%,2.57,-3.02%,"29,369"
SPRX,-,-,-,-,-,-,-,-,-,-,-,-,-,54.73,1.64%,"83,132"
SPRY,796.41M,-,-,-,8.05,12.99,3.96,-,4.11%,49.66%,-12.85%,67.72%,-,8.02,-23.91%,"8,075,232"
SPSB,-,-,-,-,-,-,-,-,-,-,-,-,-,30.00,0.03%,"7,211,921"
SPSC,2.05B,23.19,10.66,0.89,2.68,2.14,13.26,12.25,10.88%,10.35%,14.36%,12.02%,19.17%,55.71,0.31%,"473,835"
SPSK,-,-,-,-,-,-,-,-,-,-,-,-,-,18.00,-0.17%,"248,477"
SPSM,-,-,-,-,-,-,-,-,-,-,-,-,-,56.87,1.30%,"1,445,707"
SPT,394.56M,-,5.49,0.25,0.84,1.83,3.47,8.45,13.02%,28.84%,-3.70%,21.81%,28.04%,6.56,-2.09%,"889,277"
SPTB,-,-,-,-,-,-,-,-,-,-,-,-,-,30.12,0.02%,"21,570"
SPTE,-,-,-,-,-,-,-,-,-,-,-,-,-,47.01,0.21%,"31,656"
SPTI,-,-,-,-,-,-,-,-,-,-,-,-,-,28.43,0.14%,"3,641,539"
SPTL,-,-,-,-,-,-,-,-,-,-,-,-,-,26.46,-0.04%,"5,386,473"
SPTM,-,-,-,-,-,-,-,-,-,-,-,-,-,89.22,0.08%,"704,631"
SPTS,-,-,-,-,-,-,-,-,-,-,-,-,-,29.00,0.03%,"1,633,616"
SPTU,-,-,-,-,-,-,-,-,-,-,-,-,-,25.07,0.00%,"2,458"
SPTX,1.04B,-,-,-,-,-,5.68,-,78.13%,64.63%,-,56.70%,-,19.36,0.26%,"194,965"
SPUC,-,-,-,-,-,-,-,-,-,-,-,-,-,48.14,-1.01%,"39,508"
SPUS,-,-,-,-,-,-,-,-,-,-,-,-,-,56.15,0.29%,"467,273"
SPUT,-,-,-,-,-,-,-,-,-,-,-,-,-,27.95,0.00%,639
SPUU,-,-,-,-,-,-,-,-,-,-,-,-,-,207.78,0.03%,"11,448"
SPVM,-,-,-,-,-,-,-,-,-,-,-,-,-,74.58,0.80%,"12,115"
SPWH,47.60M,-,-,-,0.04,0.28,23.22,3.57,30.36%,26.92%,-,-,-3.59%,1.22,-1.61%,"319,889"
SPWO,-,-,-,-,-,-,-,-,-,-,-,-,-,33.73,0.51%,"35,840"
SPWR,91.06M,-,1.21,-,0.32,-,9.60,-,39.29%,705.88%,-453.75%,-,-,0.62,0.08%,"2,732,451"
SPXC,12.24B,46.60,26.96,1.93,5.21,5.36,78.24,45.40,18.69%,13.07%,17.66%,14.00%,14.96%,244.56,3.09%,"870,892"
SPXD,-,-,-,-,-,-,-,-,-,-,-,-,-,28.48,0.31%,136
SPXE,-,-,-,-,-,-,-,-,-,-,-,-,-,79.06,-0.06%,848
SPXL,-,-,-,-,-,-,-,-,-,-,-,-,-,257.53,0.16%,"1,878,014"
SPXN,-,-,-,-,-,-,-,-,-,-,-,-,-,80.41,0.05%,634
SPXS,-,-,-,-,-,-,-,-,-,-,-,-,-,27.93,0.04%,"13,101,465"
SPXT,-,-,-,-,-,-,-,-,-,-,-,-,-,106.74,-0.25%,"39,487"
SPXU,-,-,-,-,-,-,-,-,-,-,-,-,-,39.02,-0.13%,"10,251,164"
SPXV,-,-,-,-,-,-,-,-,-,-,-,-,-,80.49,-0.18%,64
SPXX,322.86M,8.05,-,-,80.72,0.93,-,-,-,-,-,-,-,17.96,0.00%,"273,749"
SPY,-,-,-,-,-,-,-,-,-,-,-,-,-,734.30,0.14%,"53,053,890"
SPYA,-,-,-,-,-,-,-,-,-,-,-,-,-,29.48,-0.07%,4
SPYC,-,-,-,-,-,-,-,-,-,-,-,-,-,44.74,-0.01%,"10,599"
SPYD,-,-,-,-,-,-,-,-,-,-,-,-,-,48.13,0.75%,"1,152,866"
SPYG,-,-,-,-,-,-,-,-,-,-,-,-,-,115.53,0.06%,"3,197,538"
SPYH,-,-,-,-,-,-,-,-,-,-,-,-,-,54.88,-0.05%,"6,991"
SPYI,-,-,-,-,-,-,-,-,-,-,-,-,-,52.18,0.02%,"2,636,458"
SPYM,-,-,-,-,-,-,-,-,-,-,-,-,-,86.31,0.06%,"8,208,365"
SPYQ,-,-,-,-,-,-,-,-,-,-,-,-,-,180.06,-0.10%,"1,957"
SPYT,-,-,-,-,-,-,-,-,-,-,-,-,-,17.23,-0.12%,"124,723"
SPYU,-,-,-,-,-,-,-,-,-,-,-,-,-,31.12,0.00%,"838,484"
SPYV,-,-,-,-,-,-,-,-,-,-,-,-,-,60.55,-0.08%,"2,605,301"
SPYX,-,-,-,-,-,-,-,-,-,-,-,-,-,60.03,-0.08%,"38,459"
SQFT,3.66M,-,-,-,0.22,0.19,0.71,-,-,-,-0.35%,-,-7.14%,2.55,-5.56%,"4,785"
SQLT,-,-,-,-,-,-,-,-,-,-,-,-,-,28.60,0.97%,143
SQLV,-,-,-,-,-,-,-,-,-,-,-,-,-,50.57,-0.09%,"1,106"
SQM,10.44B,25.70,11.00,0.21,1.97,3.57,2.70,9.68,228.43%,-1.77%,27.12%,51.77%,20.12%,73.11,-3.27%,"1,079,861"
SQMX,-,-,-,-,-,-,-,-,-,-,-,-,-,34.01,0.09%,"8,543"
SQNS,47.34M,-,-,-,1.85,0.66,4.45,-,36.04%,84.71%,-,-,-12.42%,3.16,2.93%,"95,842"
SQQQ,-,-,-,-,-,-,-,-,-,-,-,-,-,39.47,-2.42%,"74,142,445"
SQS,-,-,-,-,-,-,-,-,-,-,-,-,-,27.24,0.12%,"8,571"
SR,4.69B,13.92,14.43,1.27,1.85,1.37,94.69,-,-3.47%,28.19%,24.93%,11.36%,5.94%,79.29,-0.24%,"698,286"
SRAD,4.45B,58.13,18.52,0.42,2.90,4.30,12.00,9.16,30.49%,69.61%,57.89%,44.00%,25.83%,14.45,-2.23%,"1,371,712"
SRBK,141.29M,46.36,-,-,2.79,0.78,-,18.79,-,-,-,-,-,19.25,-0.93%,"25,189"
SRCE,1.95B,12.34,11.55,-,3.25,1.53,-,9.66,6.14%,3.28%,15.32%,-,11.31%,81.19,1.15%,"164,919"
SRE,61.07B,31.75,16.92,1.99,4.53,1.89,76.73,-,8.97%,8.05%,-15.67%,8.49%,3.85%,93.43,0.75%,"4,571,255"
SRET,-,-,-,-,-,-,-,-,-,-,-,-,-,22.47,0.21%,"39,535"
SRFM,91.39M,-,-,-,0.84,-,21.97,-,79.11%,33.13%,-6.05%,53.34%,70.02%,0.91,8.13%,"3,586,286"
SRG,148.69M,-,-,-,9.59,0.50,2.53,-,-,-,14.67%,-,-31.14%,2.64,1.54%,"89,369"
SRHQ,-,-,-,-,-,-,-,-,-,-,-,-,-,44.88,0.05%,8
SRHR,-,-,-,-,-,-,-,-,-,-,-,-,-,59.22,0.04%,77
SRI,199.34M,-,-,-,0.25,1.28,2.83,-,-,-,-65.92%,-,5.85%,7.06,1.29%,"280,311"
SRLN,-,-,-,-,-,-,-,-,-,-,-,-,-,40.19,0.00%,"1,690,653"
SROI,-,-,-,-,-,-,-,-,-,-,-,-,-,36.60,0.32%,276
SRPT,1.69B,-,16.41,-,0.77,1.12,2.59,17.29,149.44%,-72.30%,-0.05%,-,32.41%,16.02,-4.04%,"2,539,457"
SRPU,-,-,-,-,-,-,-,-,-,-,-,-,-,5.89,0.00%,0
SRRK,6.45B,-,-,-,-,23.21,13.43,-,3.00%,21.94%,-3.21%,24.98%,-,53.79,2.79%,"2,130,568"
SRS,-,-,-,-,-,-,-,-,-,-,-,-,-,39.28,-0.42%,"8,112"
SRTA,463.78M,-,-,-,1.82,1.62,7.85,-,74.27%,84.62%,20.42%,-,-,5.36,-2.72%,"914,472"
SRTS,48.56M,-,-,-,2.16,1.07,2.65,-,17.02%,84.62%,-2.60%,-,23.47%,2.95,-2.64%,"39,278"
SRTY,-,-,-,-,-,-,-,-,-,-,-,-,-,21.71,-2.07%,"3,697,073"
SRV,302.93M,441.73,-,-,-,-,-,-,-,-,-,-,-,48.59,-1.56%,"59,515"
SRVR,-,-,-,-,-,-,-,-,-,-,-,-,-,32.50,-1.27%,"53,577"
SRXH,53.54M,0.04,-,-,1.56,2.06,2.05,-,-,-,63.29%,-,-31.27%,0.09,0.00%,0
SRZN,284.69M,-,-,-,38.01,-,2.66,-,59.65%,69.00%,4.68%,52.75%,-,24.52,-0.93%,"67,408"
SSAC,237.21M,453.64,-,-,-,1.49,765.19,-,-,-,-,-,-,9.98,0.10%,"65,428"
SSB,9.84B,10.86,9.65,0.68,2.60,1.09,-,-,20.28%,10.31%,29.14%,14.10%,26.55%,100.77,1.02%,"779,212"
SSBI,90.87M,15.34,-,-,1.55,0.90,-,6.73,-,-,-8.50%,-,7.49%,13.61,-1.73%,"1,479"
SSCP,-,-,-,-,-,-,-,-,-,-,-,-,-,25.58,-0.32%,"3,637"
SSD,8.62B,24.55,21.46,2.16,3.62,4.18,25.29,24.22,10.05%,7.74%,14.09%,9.94%,12.97%,209.64,1.48%,"422,103"
SSEA,78.19M,106.11,-,-,-,1.32,1303.11,-,-,-,-,-,-,10.24,0.10%,"4,701"
SSFI,-,-,-,-,-,-,-,-,-,-,-,-,-,21.57,0.04%,"1,481"
SSG,-,-,-,-,-,-,-,-,-,-,-,-,-,11.89,-5.03%,"1,162,810"
SSII,724.47M,-,-,-,14.97,13.29,30.69,-,0.00%,0.00%,33.24%,44.97%,-,3.62,2.84%,"37,135"
SSK,-,-,-,-,-,-,-,-,-,-,-,-,-,8.94,-0.03%,"39,309"
SSL,6.44B,50.05,3.84,-,0.46,0.72,2.67,7.99,-39.13%,12.68%,-,-9.45%,2.45%,10.15,-3.33%,"1,136,176"
SSM,10.35M,-,-,-,73.95,-,43.14,-,-,-,-,-,-,4.27,-0.93%,"38,749"
SSMG,-,-,-,-,-,-,-,-,-,-,-,-,-,27.84,0.56%,2
SSMR,1.87B,-,-,-,-,37.30,100.55,-,-,-,-,-,-,13.29,4.07%,"67,023"
SSNC,15.18B,19.52,8.38,0.94,2.37,2.22,4.96,8.94,12.65%,8.79%,6.07%,8.89%,6.09%,63.02,-4.47%,"1,806,066"
SSO,-,-,-,-,-,-,-,-,-,-,-,-,-,65.05,-0.02%,"3,105,450"
SSP,242.58M,-,-,-,0.11,0.29,2.55,15.92,117.38%,-286.92%,-,-,2.97%,2.65,-5.69%,"719,741"
SSPC,-,-,-,-,-,-,-,-,-,-,-,-,-,13.03,1.24%,"23,193,090"
SSPY,-,-,-,-,-,-,-,-,-,-,-,-,-,96.69,0.38%,"5,473"
SSRM,5.91B,27.42,5.73,0.18,3.12,1.70,8.76,15.60,122.16%,11.28%,12.99%,32.24%,13.82%,28.46,0.39%,"3,035,652"
SSS,-,-,-,-,-,-,-,-,-,-,-,-,-,19.18,-0.03%,10
SSSS,307.63M,1.73,-,-,8.53,0.83,7.10,-,137.06%,-111.65%,-13.79%,-,13.82%,11.80,-2.80%,"249,576"
SST,22.81M,-,-,-,0.10,-,0.44,-,-,-,-12.46%,-,-,2.28,-4.20%,"57,282"
SSTI,108.69M,-,-,-,1.09,1.61,7.63,24.81,8.56%,61.58%,-,-,17.89%,8.39,1.08%,"265,135"
SSTK,510.66M,-,-,-,0.54,0.93,3.14,4.43,-213.20%,81.63%,-8.66%,-,8.23%,13.90,-2.04%,"305,827"
SSUS,-,-,-,-,-,-,-,-,-,-,-,-,-,53.94,-0.29%,"24,137"
SSXU,-,-,-,-,-,-,-,-,-,-,-,-,-,35.35,0.30%,"2,454"
SSYS,717.82M,-,46.28,-,1.31,0.88,3.02,-,-20.00%,50.00%,30.84%,-,1.14%,8.33,-0.12%,"645,549"
ST,7.15B,151.98,12.21,1.44,1.93,2.50,11.26,13.66,8.05%,9.01%,-27.19%,8.49%,4.05%,49.18,2.03%,"1,459,396"
STAA,1.55B,-,32.62,-,5.35,4.38,9.48,-,171.29%,34.18%,-,-,7.93%,31.21,7.92%,"630,752"
STAG,7.47B,30.19,34.36,-,8.65,2.08,190.91,94.02,-23.44%,1.79%,2.07%,-4.04%,11.82%,39.09,-0.05%,"2,085,934"
STAK,-,-,-,-,-,-,-,-,-,-,-,-,-,4.05,10.05%,"842,927"
STAX,-,-,-,-,-,-,-,-,-,-,-,-,-,25.47,-0.05%,806
STBA,1.76B,13.76,12.83,-,3.08,1.24,-,12.23,6.84%,2.57%,45.61%,-,8.41%,49.05,0.99%,"216,025"
STBF,-,-,-,-,-,-,-,-,-,-,-,-,-,25.36,0.13%,"34,721"
STBQ,-,-,-,-,-,-,-,-,-,-,-,-,-,19.37,-0.96%,139
STC,1.96B,14.41,8.87,0.59,0.64,1.20,-,12.79,21.97%,21.98%,-8.24%,14.92%,5.01%,64.56,-5.14%,"258,253"
STCE,-,-,-,-,-,-,-,-,-,-,-,-,-,71.30,-3.36%,"145,665"
STE,20.52B,26.55,17.28,1.90,3.46,2.87,46.69,21.11,9.76%,9.19%,11.37%,9.08%,13.82%,210.60,1.66%,"819,261"
STEL,2.00B,19.11,-,-,3.33,1.20,-,17.31,-,-,13.32%,-,31.18%,39.19,0.56%,"890,519"
STEM,64.85M,-,-,-,0.42,-,1.77,-,25.44%,25.08%,34.80%,31.95%,33.90%,7.24,-2.82%,"122,982"
STEN,-,-,-,-,-,-,-,-,-,-,-,-,-,27.15,-0.04%,483
STEP,4.88B,-,12.34,0.86,2.44,-,4.36,11.94,15.59%,32.75%,-,14.43%,20.01%,40.91,-0.66%,"1,046,737"
STEW,1.72B,9.88,-,-,52.90,0.77,-,-,-,-,-,-,-,17.79,-0.17%,"48,952"
STEX,77.18M,-,2.24,-,-,0.45,2.52,-,96.99%,213.79%,12.41%,-,-,0.74,-5.43%,"802,457"
STFS,15.93M,-,-,-,0.80,0.82,144.84,-,-,-,-,-,-,13.35,3.93%,"16,741"
STG,22.76M,1.17,-,-,0.08,0.41,0.20,-,-,-,-,-,-2.52%,4.48,9.54%,"32,749"
STGW,1.68B,94.57,5.62,0.23,0.57,2.37,14.64,6.13,26.97%,14.73%,-35.60%,24.74%,26.71%,6.79,-3.96%,"1,388,917"
STHH,-,-,-,-,-,-,-,-,-,-,-,-,-,151.33,4.09%,"1,914"
STHO,108.73M,-,-,-,0.93,0.46,2.34,-,-,-,-,-,-20.86%,9.00,0.00%,"7,768"
STI,105.60M,-,-,-,1055.97,-,2639.93,-,-,-,-575.18%,-,-,12.43,5.07%,"337,692"
STIM,88.38M,-,-,-,0.58,6.66,4.60,-,21.52%,27.01%,16.51%,19.31%,24.81%,1.27,0.79%,"703,625"
STIP,-,-,-,-,-,-,-,-,-,-,-,-,-,102.04,0.14%,"1,103,224"
STK,942.62M,6.01,-,-,-,-,-,-,-,-,-,-,-,53.36,0.62%,"80,615"
STKE,34.63M,-,-,-,-,1.11,133.21,-,-76.25%,87.34%,-160.48%,-,135.00%,0.97,-5.57%,"165,464"
STKH,0.98M,-,-,-,-,0.20,0.30,-,-,-,52.35%,-,-,0.64,-19.90%,"117,163"
STKS,57.45M,-,2.16,-,0.07,-,8.68,-,118.03%,153.00%,-55.59%,-,41.52%,1.82,-3.19%,"14,609"
STLA,16.60B,-,3.65,-,0.10,0.24,0.44,-,269.21%,87.50%,-,-,26.10%,5.74,-1.71%,"19,671,262"
STLD,36.20B,26.89,13.27,0.42,1.90,3.96,65.04,54.45,104.83%,15.57%,25.23%,31.68%,13.61%,251.00,3.96%,"1,119,068"
STLR,-,-,-,-,-,-,-,-,-,-,-,-,-,20.78,-5.17%,641
STLU,-,-,-,-,-,-,-,-,-,-,-,-,-,17.29,-10.40%,"21,105"
STM,66.55B,486.87,29.22,0.32,5.36,3.75,14.56,414.40,141.20%,100.46%,-31.59%,90.58%,2.85%,74.88,4.23%,"10,996,765"
STN,7.75B,21.85,13.70,0.93,1.29,3.21,30.25,15.79,15.70%,10.73%,21.34%,14.70%,10.57%,67.97,-2.13%,"421,178"
STNC,-,-,-,-,-,-,-,-,-,-,-,-,-,38.05,1.33%,690
STNE,2.62B,4.32,4.53,0.42,4.41,1.12,1.34,5.05,12.42%,13.39%,22.14%,10.69%,15.31%,10.79,-0.28%,"3,336,794"
STNG,3.91B,7.42,11.56,3.01,3.77,1.15,3.97,8.35,127.37%,-47.90%,34.68%,3.84%,0.48%,75.46,-3.74%,"1,116,221"
STOK,1.89B,-,-,-,59.02,4.79,5.51,-,-2594.70%,3.60%,40.50%,-,-,30.40,0.03%,"906,249"
STOT,-,-,-,-,-,-,-,-,-,-,-,-,-,47.03,0.07%,"41,504"
STOX,-,-,-,-,-,-,-,-,-,-,-,-,-,30.29,-0.08%,"9,466"
STPZ,-,-,-,-,-,-,-,-,-,-,-,-,-,53.30,0.16%,"133,013"
STRA,1.73B,13.53,9.47,0.58,1.36,1.06,10.34,9.96,16.29%,12.62%,7.47%,16.25%,4.30%,76.61,-0.39%,"152,709"
STRC,30.89B,-,-,-,-,-,-,-,-,-,-,-,-,75.69,-6.37%,"8,527,318"
STRL,27.06B,78.85,36.67,0.95,9.38,22.75,52.87,61.47,73.65%,27.31%,44.26%,38.51%,11.77%,881.92,1.69%,"657,046"
STRN,-,-,-,-,-,-,-,-,-,-,-,-,-,27.80,0.78%,"9,579"
STRO,489.66M,-,-,-,4.92,-,2.42,-,61.19%,14.17%,-17.92%,30.85%,19.12%,29.55,-1.60%,"298,699"
STRR,40.10M,-,10.78,-,0.21,0.66,2.88,-,-130.00%,318.84%,-37.28%,-,11.16%,10.85,-1.72%,"7,289"
STRS,230.54M,10.72,-,-,8.04,1.09,3.10,-,-,-,-,-,-7.57%,28.88,-0.41%,"19,220"
STRT,337.56M,13.33,14.34,3.69,0.58,1.37,3.16,5.84,15.06%,-8.97%,-,3.88%,7.96%,80.78,0.29%,"131,031"
STRW,179.38M,21.03,16.62,1.30,1.14,14.64,2.58,2.03,12.67%,18.93%,-,12.75%,-,13.36,1.14%,"46,435"
STRZ,442.91M,-,-,-,-,0.93,4.34,-,-,-,-70.97%,-,-18.84%,26.38,2.85%,"139,560"
STSM,-,-,-,-,-,-,-,-,-,-,-,-,-,18.41,2.91%,"15,198"
STT,46.91B,17.19,12.01,0.74,2.17,1.94,-,-,22.25%,11.90%,8.26%,16.30%,14.10%,169.51,0.38%,"2,370,314"
STTK,534.10M,-,-,-,534.10,4.66,5.91,-,27.44%,-2.43%,4.36%,5.91%,-36.82%,5.91,-1.66%,"1,276,804"
STUB,4.33B,-,17.13,-,2.41,2.75,2.83,13.04,107.24%,48.06%,-17.13%,-,117.76%,11.52,2.22%,"5,767,573"
STVN,5.02B,30.61,22.30,1.30,3.60,2.85,39.02,867.10,12.90%,18.97%,11.33%,17.21%,12.15%,18.39,6.67%,"243,087"
STWD,6.16B,17.25,8.68,1.88,3.10,0.92,9.25,10.29,-0.11%,13.34%,-0.11%,4.62%,10.58%,16.61,0.00%,"3,666,335"
STX,229.92B,97.33,37.05,0.50,20.88,210.14,200.45,95.32,84.03%,85.66%,12.31%,73.69%,-2.84%,1025.36,3.23%,"5,499,130"
STXD,-,-,-,-,-,-,-,-,-,-,-,-,-,39.35,0.76%,"1,477"
STXE,-,-,-,-,-,-,-,-,-,-,-,-,-,52.71,2.16%,"7,978"
STXF,-,-,-,-,-,-,-,-,-,-,-,-,-,47.46,-0.09%,"41,600"
STXG,-,-,-,-,-,-,-,-,-,-,-,-,-,53.69,-0.10%,"6,500"
STXK,-,-,-,-,-,-,-,-,-,-,-,-,-,38.35,1.33%,"8,269"
STXL,-,-,-,-,-,-,-,-,-,-,-,-,-,56.35,7.27%,"199,155"
STXS,158.33M,-,-,-,5.07,11.00,10.83,-,23.00%,32.47%,-17.98%,-,3.99%,1.62,-0.61%,"425,904"
STXT,-,-,-,-,-,-,-,-,-,-,-,-,-,19.53,-0.35%,"32,583"
STXU,-,-,-,-,-,-,-,-,-,-,-,-,-,21.17,7.19%,"81,540"
STXV,-,-,-,-,-,-,-,-,-,-,-,-,-,38.24,1.17%,"4,918"
STXX,-,-,-,-,-,-,-,-,-,-,-,-,-,69.54,7.30%,"72,432"
STYL,-,-,-,-,-,-,-,-,-,-,-,-,-,26.13,-1.07%,10
STZ,24.77B,15.06,-,-,2.71,3.09,241.91,13.81,-0.32%,-,0.84%,3.94%,1.19%,144.45,1.00%,"2,113,301"
SU,64.19B,14.28,10.28,0.50,1.74,1.96,27.38,12.29,95.28%,-19.72%,-,20.45%,13.74%,54.36,-0.18%,"4,155,173"
SUB,-,-,-,-,-,-,-,-,-,-,-,-,-,106.39,-0.01%,"514,772"
SUGP,4.01M,-,-,-,0.16,0.12,1.23,-,-,-,-,-,16.60%,0.90,-3.32%,"734,011"
SUI,14.61B,10.78,41.82,-,6.19,2.16,29.40,16.53,-78.76%,23.16%,51.87%,-,10.68%,118.58,-1.13%,"1,080,835"
SUIG,89.47M,-,-,-,-,0.89,14.29,-,78.45%,69.37%,-,-,-,1.16,0.43%,"218,830"
SUIL,-,-,-,-,-,-,-,-,-,-,-,-,-,5.56,-0.52%,"5,178"
SUIS,-,-,-,-,-,-,-,-,-,-,-,-,-,17.43,-0.21%,704
SUJA,378.53M,-,21.49,-,-,9.36,13.33,-,115.67%,385.11%,-,-,-,9.80,-0.81%,"157,871"
SUMA,224.01M,-,-,-,-,1.68,266.68,-,-,-,-,-,-,9.87,-0.10%,"96,532"
SUN,13.26B,16.39,8.84,0.16,0.43,1.29,18.46,15.17,256.65%,-16.87%,7.19%,55.37%,18.67%,64.72,4.19%,"308,230"
SUNB,30.81B,-,15.98,1.18,-,4.16,1062.27,-,11.78%,13.10%,-,13.50%,-,75.18,2.68%,"3,504,988"
SUNC,3.35B,-,15.68,12.54,-,1.30,4.67,-,-2.11%,-13.71%,-,1.25%,-,65.10,2.81%,"429,047"
SUNE,10.47M,-,-,-,0.16,0.43,6.19,-,-,-,79.13%,-,54.84%,2.54,-0.39%,"274,436"
SUNS,116.12M,8.62,6.52,-,3.66,0.64,20.52,-,37.10%,3.33%,-,-,-,8.59,0.47%,"168,642"
SUPL,-,-,-,-,-,-,-,-,-,-,-,-,-,45.73,1.66%,549
SUPN,2.60B,-,11.42,0.61,3.34,2.41,6.76,31.58,-23.13%,57.64%,-,18.58%,6.68%,44.75,-0.86%,"697,624"
SUPP,-,-,-,-,-,-,-,-,-,-,-,-,-,86.57,1.78%,145
SUPV,745.76M,-,6.38,-,0.48,1.05,-,-,318.82%,98.76%,-,-,-1.35%,9.44,0.96%,"437,862"
SUPX,205.61M,-,-,-,36.14,1.61,1.09,-,-,-,-147.69%,-,-11.19%,7.71,-7.33%,"182,455"
SURE,-,-,-,-,-,-,-,-,-,-,-,-,-,144.68,0.54%,11
SURG,9.55M,-,7.60,-,0.15,-,3.95,-,61.11%,107.14%,18.59%,-,0.92%,0.38,-3.06%,"150,892"
SURI,-,-,-,-,-,-,-,-,-,-,-,-,-,16.88,-1.87%,"11,476"
SUSA,-,-,-,-,-,-,-,-,-,-,-,-,-,151.54,0.30%,"24,120"
SUSB,-,-,-,-,-,-,-,-,-,-,-,-,-,24.99,0.04%,"412,793"
SUSC,-,-,-,-,-,-,-,-,-,-,-,-,-,23.23,0.11%,"201,984"
SUSL,-,-,-,-,-,-,-,-,-,-,-,-,-,129.53,0.19%,"116,699"
SUZ,10.01B,4.82,6.22,-,1.10,1.09,2.34,12.99,-32.02%,-8.13%,-,-18.15%,8.72%,8.10,-0.12%,"2,174,058"
SVAC,313.72M,-,-,-,-,-,468.23,-,-,-,-,-,-,10.23,-0.49%,"326,206"
SVAL,-,-,-,-,-,-,-,-,-,-,-,-,-,41.38,0.22%,"8,063"
SVAQ,295.55M,-,-,-,-,1.41,208.14,-,-,-,-,-,-,10.08,0.10%,"6,937"
SVC,1.10B,-,-,-,0.63,0.58,27.95,-,34.84%,68.55%,8.43%,-,7.46%,1.70,-3.41%,"10,811,539"
SVCC,168.31M,41.18,-,-,-,1.49,935.06,-,-,-,-,-,-,10.53,0.00%,137
SVCO,390.54M,-,43.25,-,5.85,5.02,35.73,-,116.55%,405.98%,-,-,-,11.95,1.10%,"396,467"
SVIV,312.19M,-,-,-,-,1.40,289.06,-,-,-,-,-,-,10.18,-0.20%,113
SVIX,-,-,-,-,-,-,-,-,-,-,-,-,-,22.64,2.03%,"3,518,220"
SVM,2.35B,-,6.94,0.19,5.36,2.49,5.56,13.40,46.26%,51.49%,-,37.23%,17.93%,10.61,2.02%,"3,420,858"
SVOL,-,-,-,-,-,-,-,-,-,-,-,-,-,15.74,-2.11%,"457,435"
SVRA,1.24B,-,-,-,-,7.02,6.09,-,-0.94%,44.73%,8.57%,-,-,6.03,3.43%,"2,632,610"
SVRE,3.04M,-,-,-,10.49,0.20,0.68,-,-,-,68.50%,-,26.24%,3.27,-4.39%,"21,047"
SVRN,14.09M,-,-,-,-,-,-,-,-,-,66.49%,-,8.42%,7.51,-9.63%,"10,264"
SVV,1.60B,79.10,17.69,1.04,0.94,3.74,26.02,27.20,7.37%,21.77%,-,16.96%,15.02%,10.41,1.76%,"1,658,291"
SVXY,-,-,-,-,-,-,-,-,-,-,-,-,-,55.61,0.82%,"1,998,350"
SW,24.49B,65.27,14.68,0.68,0.78,1.36,36.33,23.11,13.78%,36.76%,-12.44%,21.68%,26.24%,46.84,0.60%,"7,811,355"
SWAG,42.05M,111.44,-,-,0.35,1.34,3.30,26.95,-,-,-,-,25.21%,2.24,0.90%,"26,695"
SWAN,-,-,-,-,-,-,-,-,-,-,-,-,-,33.28,-0.27%,"4,851"
SWBI,701.77M,38.49,-,-,1.34,1.86,21.04,7.76,23.17%,-,-38.18%,-,-13.13%,15.69,-2.67%,"830,210"
SWIM,744.39M,92.55,23.86,1.11,1.35,1.88,27.09,40.99,15.93%,37.54%,-6.90%,21.54%,6.24%,6.34,4.79%,"635,682"
SWK,14.35B,37.82,14.87,1.06,0.94,1.60,41.85,19.78,15.23%,15.36%,-18.72%,14.00%,2.99%,92.31,2.96%,"2,483,844"
SWKS,10.52B,29.08,13.54,12.20,2.60,1.82,7.40,14.97,-15.83%,3.49%,-8.50%,1.11%,4.02%,69.94,-2.04%,"4,557,107"
SWMR,396.08M,-,135.11,-,-,22.04,16.88,-,96.08%,162.79%,-,-,-,36.48,-4.58%,"232,726"
SWP,-,-,-,-,-,-,-,-,-,-,-,-,-,28.28,-0.47%,"11,687"
SWVL,14.35M,11.82,-,-,0.59,2.43,3.25,-,-,-,-,-,-,1.44,0.70%,"13,900"
SWX,6.44B,13.90,18.34,1.14,2.57,1.57,13.30,-,16.35%,14.36%,7.97%,16.08%,-10.07%,89.05,0.32%,"595,838"
SWZ,77.06M,-,-,-,-,-,-,-,-,-,-,-,-,5.94,0.34%,"90,514"
SXC,713.61M,-,62.30,-,0.38,1.23,6.84,9.26,141.35%,-37.21%,-,-,6.63%,8.41,3.19%,"1,050,666"
SXI,4.10B,41.21,33.95,2.26,4.63,5.40,39.50,75.44,8.55%,14.98%,7.42%,15.03%,5.50%,338.14,6.39%,"311,823"
SXQG,-,-,-,-,-,-,-,-,-,-,-,-,-,30.49,-1.60%,"2,516"
SXT,5.19B,36.03,25.70,1.25,3.13,4.25,134.56,236.90,12.87%,20.68%,4.08%,20.52%,3.89%,121.82,0.76%,"534,079"
SXTC,89.81M,-,-,-,58.32,0.09,4.24,-,-,-,79.65%,-,-19.54%,2.35,-7.48%,"15,429"
SXTP,4.36M,-,-,-,3.33,-,1.30,-,71.91%,35.05%,37.74%,62.88%,-11.18%,1.64,-2.96%,"30,500"
SY,111.91M,-,-,-,0.48,0.61,0.88,-,46.52%,77.93%,-,-,2.47%,1.32,-5.71%,"367,601"
SYBT,2.24B,15.60,13.66,-,3.91,2.03,-,15.37,4.51%,11.89%,12.93%,-,23.10%,75.85,1.17%,"166,482"
SYF,26.41B,8.13,7.49,0.94,1.39,1.73,1.28,2.69,0.08%,12.89%,32.48%,7.96%,8.31%,78.52,2.88%,"3,574,566"
SYFI,-,-,-,-,-,-,-,-,-,-,-,-,-,35.69,0.06%,"175,093"
SYK,121.18B,36.62,18.89,1.71,4.80,5.27,40.87,26.51,9.90%,11.71%,14.84%,11.03%,11.84%,316.11,0.77%,"2,297,252"
SYLD,-,-,-,-,-,-,-,-,-,-,-,-,-,79.34,0.61%,"11,929"
SYM,24.57B,-,50.08,0.85,9.76,7.55,12.23,32.82,128.76%,57.86%,-278.76%,59.18%,-,40.77,3.40%,"2,368,808"
SYNA,4.85B,-,23.90,1.11,4.14,3.58,12.00,50.19,27.21%,14.11%,-,21.53%,-4.24%,125.62,-3.45%,"1,075,106"
SYNX,6.83M,-,-,-,1.18,1.26,2.24,-,-,-,-77.96%,-,-11.77%,1.03,-3.92%,"58,258"
SYPR,52.24M,-,-,-,0.45,3.77,10.77,-,-,-,-,-,7.80%,2.27,-2.16%,"38,454"
SYRE,7.70B,-,-,-,-,13.57,10.39,-,-52.10%,-6.57%,44.61%,-23.61%,-,88.67,2.82%,"2,108,932"
SYSB,-,-,-,-,-,-,-,-,-,-,-,-,-,88.91,0.07%,"46,438"
SYY,38.66B,22.43,16.33,2.73,0.46,16.83,20.35,21.23,2.84%,7.91%,54.79%,5.99%,9.00%,80.85,0.32%,"3,344,178"
SYZ,-,-,-,-,-,-,-,-,-,-,-,-,-,30.49,0.89%,"1,909"
SZK,-,-,-,-,-,-,-,-,-,-,-,-,-,21.57,1.08%,"1,766"
SZZL,218.25M,39.94,-,-,-,1.42,335.78,-,-,-,-,-,-,10.36,-0.05%,682
T,155.78B,7.52,8.83,0.84,1.23,1.42,12.66,8.98,9.17%,9.74%,-,10.55%,-6.06%,22.42,0.22%,"41,263,579"
TABD,-,-,-,-,-,-,-,-,-,-,-,-,-,25.10,0.00%,0
TAC,4.11B,-,39.77,0.75,2.57,12.34,17.18,11.12,58.34%,57.44%,12.86%,53.19%,3.29%,13.81,0.88%,"863,930"
TACH,359.14M,39.22,-,-,-,1.31,718.28,-,-,-,-,-,-,10.41,0.00%,"1,800"
TACK,-,-,-,-,-,-,-,-,-,-,-,-,-,31.77,0.83%,"17,027"
TACN,-,-,-,-,-,-,-,-,-,-,-,-,-,28.14,0.81%,"1,800"
TACO,390.20M,38.59,-,-,-,1.30,1858.07,-,-,-,-,-,-,10.40,0.10%,"199,522"
TACT,56.32M,-,-,-,1.07,1.74,2.99,8.39,58.33%,-100.00%,29.77%,-,10.97%,5.48,2.62%,"30,580"
TACU,-,-,-,-,-,-,-,-,-,-,-,-,-,26.80,-0.01%,"5,149"
TAFI,-,-,-,-,-,-,-,-,-,-,-,-,-,25.21,-0.04%,"570,866"
TAFL,-,-,-,-,-,-,-,-,-,-,-,-,-,25.26,0.14%,"3,812"
TAFM,-,-,-,-,-,-,-,-,-,-,-,-,-,25.63,0.14%,"175,215"
TAGG,-,-,-,-,-,-,-,-,-,-,-,-,-,42.58,-0.16%,"172,433"
TAGS,-,-,-,-,-,-,-,-,-,-,-,-,-,23.81,1.20%,"10,996"
TAIL,-,-,-,-,-,-,-,-,-,-,-,-,-,10.79,0.19%,"239,629"
TAJX,-,-,-,-,-,-,-,-,-,-,-,-,-,26.47,0.00%,0
TAK,49.45B,-,25.80,1.04,1.65,1.06,13.22,9.80,-4.43%,64.89%,-,24.72%,-0.17%,15.65,-0.45%,"2,865,936"
TAL,3.63B,9.53,-,-,1.20,1.31,1.05,-,-12.72%,-,-,8.98%,-7.71%,8.95,-2.29%,"3,316,774"
TALK,869.39M,910.53,26.28,0.27,3.65,7.69,10.32,-,223.25%,52.75%,-,95.74%,24.61%,5.19,0.00%,"2,241,715"
TALO,2.29B,-,550.56,-,1.32,1.22,5.93,6.95,151.83%,-94.28%,16.33%,-,25.32%,13.72,0.07%,"1,837,852"
TALV,-,-,-,-,-,-,-,-,-,-,-,-,-,27.58,0.12%,"16,177"
TAN,-,-,-,-,-,-,-,-,-,-,-,-,-,57.87,-0.50%,"1,140,205"
TANH,5.57M,0.77,-,-,0.15,0.02,0.17,-,-,-,63.54%,-,-1.93%,0.39,-12.90%,"169,458"
TAOP,14.02M,-,-,-,0.45,0.71,6.58,-,-,-,59.47%,-,22.74%,1.46,0.34%,"4,293"
TAOX,25.33M,-,-,-,36.71,1.09,0.88,-,-,-,50.64%,-,-,3.39,0.00%,"62,229"
TAOZ,-,-,-,-,-,-,-,-,-,-,-,-,-,85.43,0.17%,275
TAP,7.65B,-,8.18,-,0.68,0.72,20.01,6.56,-12.74%,4.77%,-19.68%,-0.24%,2.91%,40.54,0.02%,"3,134,485"
TAPR,-,-,-,-,-,-,-,-,-,-,-,-,-,26.39,-0.06%,3
TARA,224.81M,-,-,-,-,1.22,1.66,-,1.60%,-19.50%,22.18%,25.24%,-,4.00,-0.74%,"331,104"
TARK,-,-,-,-,-,-,-,-,-,-,-,-,-,43.02,-0.56%,"12,900"
TARS,2.77B,-,21.21,-,5.17,7.93,7.12,-,61.06%,590.05%,-3.80%,-,-,64.34,-4.13%,"507,723"
TASK,418.51M,4.03,2.97,1.54,0.35,1.52,2.75,4.75,-18.23%,15.43%,25.37%,1.93%,19.88%,4.57,-6.35%,"1,257,528"
TATT,569.31M,34.16,21.75,1.12,3.22,3.15,11.11,44.86,12.93%,30.29%,-,19.37%,18.76%,43.85,3.08%,"272,497"
TAVI,170.04M,49.24,-,-,-,1.41,500.11,-,-,-,-,-,-,10.68,0.28%,"4,739"
TAX,-,-,-,-,-,-,-,-,-,-,-,-,-,31.06,0.87%,5
TAXE,-,-,-,-,-,-,-,-,-,-,-,-,-,51.22,-0.34%,"13,719"
TAXF,-,-,-,-,-,-,-,-,-,-,-,-,-,50.75,0.06%,"27,567"
TAXI,-,-,-,-,-,-,-,-,-,-,-,-,-,51.34,0.00%,71
TAXM,-,-,-,-,-,-,-,-,-,-,-,-,-,50.40,0.10%,789
TAXS,-,-,-,-,-,-,-,-,-,-,-,-,-,50.36,0.04%,"16,038"
TAXT,-,-,-,-,-,-,-,-,-,-,-,-,-,51.65,0.04%,"1,259"
TAXX,-,-,-,-,-,-,-,-,-,-,-,-,-,50.71,-0.10%,"216,530"
TAYD,187.42M,18.40,15.12,1.24,3.88,2.67,4.49,33.41,3.99%,23.00%,27.02%,12.19%,10.28%,58.22,1.20%,"32,043"
TBBB,5.11B,-,-,-,1.12,21.02,22.65,48.98,28.36%,71.79%,0.15%,-,37.13%,42.40,0.88%,"485,525"
TBBK,2.58B,12.05,7.67,-,3.00,3.72,-,12.22,20.12%,36.49%,29.10%,-,23.92%,61.91,2.08%,"364,349"
TBCH,243.13M,386.44,10.01,0.46,0.82,2.15,19.73,10.64,-8.31%,73.37%,-20.14%,21.61%,-2.34%,12.25,2.00%,"206,351"
TBF,-,-,-,-,-,-,-,-,-,-,-,-,-,23.95,0.08%,"406,854"
TBFC,-,-,-,-,-,-,-,-,-,-,-,-,-,29.37,0.00%,0
TBFG,-,-,-,-,-,-,-,-,-,-,-,-,-,32.44,0.14%,145
TBG,-,-,-,-,-,-,-,-,-,-,-,-,-,36.84,0.44%,"15,131"
TBH,13.74M,-,-,-,-,5.75,98.11,-,-,-,-,-,-,4.06,1.00%,"38,774"
TBI,198.54M,-,10.48,-,0.12,0.77,8.23,-,64.22%,356.16%,16.72%,-,-2.63%,6.53,-1.95%,"328,610"
TBIL,-,-,-,-,-,-,-,-,-,-,-,-,-,49.98,0.02%,"2,242,494"
TBJL,-,-,-,-,-,-,-,-,-,-,-,-,-,19.84,0.20%,865
TBLA,1.22B,11.83,14.83,0.40,0.62,1.27,8.09,5.34,237.18%,-31.56%,-,37.10%,753.13%,4.45,-4.30%,"2,542,307"
TBLD,700.99M,4.92,-,-,-,-,-,-,-,-,-,-,-,21.85,1.02%,"32,769"
TBLL,-,-,-,-,-,-,-,-,-,-,-,-,-,105.52,0.02%,"89,570"
TBLU,-,-,-,-,-,-,-,-,-,-,-,-,-,51.50,0.68%,"6,472"
TBN,1.12B,-,-,-,-,1.83,10.95,-,64.27%,86.13%,2.95%,41.76%,-,32.01,-1.54%,"333,483"
TBPH,896.51M,7.89,13.08,-,8.17,3.08,2.27,3.34,14.17%,-43.45%,-,-,8.38%,17.39,0.69%,"310,536"
TBRG,392.68M,86.46,8.85,-,1.14,2.18,11.09,8.80,0.38%,10.74%,-21.66%,-,5.57%,26.18,0.00%,"142,624"
TBT,-,-,-,-,-,-,-,-,-,-,-,-,-,34.13,0.18%,"406,684"
TBUX,-,-,-,-,-,-,-,-,-,-,-,-,-,49.76,-0.35%,"179,703"
TBX,-,-,-,-,-,-,-,-,-,-,-,-,-,28.18,-0.16%,"16,954"
TBXU,-,-,-,-,-,-,-,-,-,-,-,-,-,30.55,1.46%,917
TC,12.90M,-,-,-,2.54,0.25,18.17,-,-,-,-,-,-55.62%,7.50,-12.94%,"132,412"
TCAF,-,-,-,-,-,-,-,-,-,-,-,-,-,40.12,0.07%,"536,396"
TCAI,-,-,-,-,-,-,-,-,-,-,-,-,-,56.31,2.81%,"93,310"
TCAL,-,-,-,-,-,-,-,-,-,-,-,-,-,22.21,-0.26%,"109,955"
TCAN,-,-,-,-,-,-,-,-,-,-,-,-,-,24.85,-2.30%,"8,969"
TCBI,4.52B,13.93,12.36,0.98,2.24,1.37,-,10.24,12.60%,9.59%,43.43%,12.68%,10.06%,103.59,0.50%,"483,935"
TCBK,1.71B,13.57,12.32,-,3.14,1.29,-,12.37,14.01%,3.08%,11.38%,-,10.80%,53.55,0.62%,"174,216"
TCBS,51.85M,16.86,-,-,2.01,0.96,-,21.97,-,-,44.92%,-,15.65%,17.97,1.81%,"2,014"
TCBX,669.49M,11.12,9.30,-,1.74,1.03,-,-,2.97%,11.15%,31.13%,-,34.06%,40.35,-0.69%,"61,898"
TCHI,-,-,-,-,-,-,-,-,-,-,-,-,-,26.04,1.60%,"26,871"
TCHP,-,-,-,-,-,-,-,-,-,-,-,-,-,48.39,-1.02%,"865,608"
TCI,359.92M,38.48,-,-,7.29,0.42,3.54,-,-,-,15.66%,-,-2.96%,41.66,0.41%,"5,583"
TCMD,631.57M,31.59,17.89,0.45,1.84,2.92,8.42,16.10,38.41%,37.89%,-,39.58%,11.98%,28.00,1.86%,"130,615"
TCOM,26.30B,6.08,9.24,-,3.03,1.08,2.34,-,-44.10%,16.82%,-,-9.55%,26.75%,40.49,-12.55%,"14,375,234"
TCPB,-,-,-,-,-,-,-,-,-,-,-,-,-,51.01,0.11%,"16,436"
TCPC,263.45M,-,4.50,-,-,0.47,2.82,3.79,-36.83%,-13.73%,-,-22.97%,-,3.14,-0.95%,"1,236,423"
TCRT,5.05M,-,-,-,-,3.82,14.44,-,-,-,47.89%,-,-,2.07,-3.72%,"13,717"
TCRX,54.90M,-,-,-,6.01,0.52,0.43,-,-2.91%,5.97%,2.08%,5.09%,56.92%,0.84,-4.64%,"646,935"
TCV,-,-,-,-,-,-,-,-,-,-,-,-,-,32.17,2.45%,362
TCX,148.73M,-,-,-,0.38,-,2.99,-,-,-,-,-,4.63%,13.34,-0.97%,"16,190"
TD,203.57B,19.61,15.59,1.18,2.48,2.40,-,6.23,15.90%,11.02%,11.56%,13.22%,16.41%,120.49,1.41%,"1,422,456"
TDAC,284.78M,37.80,-,-,-,1.33,14238.94,-,-,-,-,-,-,10.72,-0.19%,"1,311"
TDAQ,-,-,-,-,-,-,-,-,-,-,-,-,-,27.40,0.92%,"155,372"
TDAX,-,-,-,-,-,-,-,-,-,-,-,-,-,24.73,0.98%,"32,163"
TDAY,1.16B,178.83,33.94,0.36,0.51,8.21,13.67,19.32,307.18%,-3.57%,-,95.46%,-7.53%,7.94,-0.87%,"1,438,392"
TDC,2.93B,7.14,10.84,1.49,1.74,5.28,3.59,4.38,2.84%,8.33%,3.09%,7.28%,-1.96%,31.17,-1.64%,"3,745,052"
TDEC,-,-,-,-,-,-,-,-,-,-,-,-,-,26.11,0.42%,"1,015"
TDF,264.41M,3.45,-,-,41.28,0.81,-,-,-,-,-,-,-,10.50,-1.13%,"59,832"
TDG,74.53B,41.57,28.37,2.17,7.84,-,19.19,40.29,7.20%,17.38%,31.12%,13.08%,11.58%,1332.56,0.75%,"358,343"
TDI,-,-,-,-,-,-,-,-,-,-,-,-,-,44.51,0.58%,"15,259"
TDIC,9.82M,-,-,-,1.40,12.00,2.77,-,-,-,-,-,-,6.51,-3.41%,"70,337"
TDIV,-,-,-,-,-,-,-,-,-,-,-,-,-,113.80,-0.11%,"241,159"
TDOC,1.43B,-,-,-,0.57,1.07,1.90,5.17,20.08%,30.16%,26.67%,26.53%,18.26%,7.91,1.28%,"3,924,524"
TDOG,-,-,-,-,-,-,-,-,-,-,-,-,-,14.73,-1.03%,454
TDOT,-,-,-,-,-,-,-,-,-,-,-,-,-,10.18,-2.91%,539
TDS,3.96B,69.53,295.41,6.82,1.85,1.10,2.89,65.13,300.94%,-90.35%,-,43.33%,-25.14%,37.24,-0.83%,"740,166"
TDSB,-,-,-,-,-,-,-,-,-,-,-,-,-,24.60,0.56%,909
TDSC,-,-,-,-,-,-,-,-,-,-,-,-,-,27.56,0.72%,"1,430"
TDTF,-,-,-,-,-,-,-,-,-,-,-,-,-,23.75,0.21%,"76,985"
TDTH,5.43M,-,-,-,45.22,-,45.22,-,-,-,-,-,-29.15%,1.52,-2.56%,"23,308"
TDTT,-,-,-,-,-,-,-,-,-,-,-,-,-,23.88,0.15%,"157,603"
TDUP,858.12M,-,-,-,2.67,14.44,17.27,-,45.10%,36.54%,20.31%,46.78%,10.81%,6.65,1.68%,"1,503,847"
TDV,-,-,-,-,-,-,-,-,-,-,-,-,-,102.07,1.37%,"2,579"
TDVG,-,-,-,-,-,-,-,-,-,-,-,-,-,48.61,0.16%,"53,825"
TDVI,-,-,-,-,-,-,-,-,-,-,-,-,-,31.51,-0.44%,"156,746"
TDW,3.27B,11.01,10.99,3.19,2.43,2.39,5.92,11.60,-50.90%,83.57%,-,3.44%,27.78%,65.76,1.80%,"573,886"
TDWD,236.39M,119.67,-,-,-,1.40,238.78,-,-,-,-,-,-,10.04,0.00%,2
TDY,29.06B,31.74,24.05,2.83,4.67,2.71,55.73,27.58,9.93%,7.89%,12.23%,8.50%,14.84%,627.19,2.45%,"233,378"
TE,2.37B,-,47.53,-,2.70,10.02,20.37,-,88.59%,181.20%,-45.25%,-,-,8.50,-0.35%,"20,576,230"
TEAD,105.72M,-,-,-,0.08,2.10,1.07,-,-85.71%,16.15%,-,-1.87%,11.13%,1.09,-6.84%,"325,132"
TEAM,18.95B,-,12.04,0.46,3.06,21.74,16.68,14.91,48.95%,13.12%,7.30%,26.33%,26.43%,74.68,-8.42%,"6,229,153"
TEC,-,-,-,-,-,-,-,-,-,-,-,-,-,31.76,-0.46%,278
TECB,-,-,-,-,-,-,-,-,-,-,-,-,-,69.16,0.14%,"6,605"
TECH,11.07B,101.55,34.31,5.18,9.14,5.31,52.76,41.06,0.24%,7.05%,-20.58%,6.63%,10.55%,70.70,20.08%,"51,503,197"
TECK,28.89B,21.62,17.82,4.06,3.21,1.56,7.43,155.90,59.37%,-7.99%,-,4.39%,2.90%,59.00,2.25%,"1,987,311"
TECL,-,-,-,-,-,-,-,-,-,-,-,-,-,210.65,2.18%,"1,094,644"
TECS,-,-,-,-,-,-,-,-,-,-,-,-,-,6.82,-2.43%,"12,257,550"
TECX,585.51M,-,-,-,-,2.31,2.47,-,-31.73%,-6.43%,36.65%,-16.40%,-,31.03,1.01%,"79,987"
TECY,-,-,-,-,-,-,-,-,-,-,-,-,-,23.30,0.28%,478
TEI,309.35M,3.28,-,-,7.83,0.97,-,-,-,-,-,-,-,6.55,0.92%,"91,827"
TEK,-,-,-,-,-,-,-,-,-,-,-,-,-,41.20,1.79%,"4,159"
TEKX,-,-,-,-,-,-,-,-,-,-,-,-,-,69.13,0.32%,"2,810"
TEKY,-,-,-,-,-,-,-,-,-,-,-,-,-,45.35,1.42%,902
TEL,58.40B,20.44,15.89,0.95,3.12,4.42,52.61,17.22,28.19%,12.13%,-,16.75%,7.24%,200.07,0.77%,"2,230,601"
TELA,33.13M,-,-,-,0.41,-,0.84,-,21.22%,17.78%,17.97%,22.32%,34.54%,0.74,-1.35%,"127,432"
TELG,-,-,-,-,-,-,-,-,-,-,-,-,-,12.73,1.44%,692
TELO,84.59M,-,-,-,-,8.52,15.21,-,-,-,-189.25%,-,-,1.23,0.00%,"61,907"
TEM,9.85B,-,-,-,7.22,23.62,15.42,-,40.40%,77.28%,1.21%,-,46.57%,54.87,5.64%,"9,246,501"
TEMD,-,-,-,-,-,-,-,-,-,-,-,-,-,25.23,0.10%,1
TEMT,-,-,-,-,-,-,-,-,-,-,-,-,-,22.04,11.14%,"459,122"
TEMX,-,-,-,-,-,-,-,-,-,-,-,-,-,38.58,1.32%,272
TEN,1.11B,6.14,10.33,-,1.30,0.60,3.45,-,83.32%,-50.65%,-,-0.20%,4.40%,37.68,-3.73%,"243,853"
TENB,3.03B,-,12.69,0.89,2.96,12.67,8.40,11.98,22.75%,10.82%,6.60%,14.33%,17.82%,27.44,-1.72%,"1,297,316"
TEND,-,-,-,-,-,-,-,-,-,-,-,-,-,26.90,-0.02%,"2,803"
TENJ,-,-,-,-,-,-,-,-,-,-,-,-,-,27.10,0.03%,"2,685"
TENM,-,-,-,-,-,-,-,-,-,-,-,-,-,26.73,0.06%,797
TENX,341.91M,-,-,-,-,2.73,2.88,-,-37.31%,-5.71%,77.09%,-3.83%,-,12.89,-0.31%,"675,482"
TEO,1.60B,24.30,12.92,-,0.24,0.94,2.07,3.07,692.49%,-40.70%,-11.04%,-,8.40%,12.75,0.08%,"588,850"
TEQI,-,-,-,-,-,-,-,-,-,-,-,-,-,50.60,0.88%,"15,858"
TER,73.88B,87.35,46.98,0.92,19.52,23.50,300.82,133.56,88.32%,34.72%,-4.13%,50.81%,0.43%,471.96,10.48%,"6,672,538"
TERG,-,-,-,-,-,-,-,-,-,-,-,-,-,76.12,20.81%,"80,826"
TESL,-,-,-,-,-,-,-,-,-,-,-,-,-,14.71,-0.75%,"9,221"
TEST,-,-,-,-,-,-,-,-,-,-,-,-,-,41.75,-0.24%,110
TETH,-,-,-,-,-,-,-,-,-,-,-,-,-,7.78,-1.64%,"510,319"
TEUP,-,-,-,-,-,-,-,-,-,-,-,-,-,12.78,-2.38%,"89,205"
TEVA,39.16B,24.98,10.94,2.09,2.23,4.76,10.47,88.15,-25.57%,40.86%,-,5.23%,0.80%,33.62,-1.75%,"7,062,107"
TEX,8.52B,36.26,12.85,1.24,1.44,1.76,21.73,26.45,-0.69%,18.53%,93.56%,10.37%,12.00%,74.58,6.39%,"1,772,363"
TEXN,-,-,-,-,-,-,-,-,-,-,-,-,-,32.27,0.85%,"1,029"
TEXU,-,-,-,-,-,-,-,-,-,-,-,-,-,33.77,1.27%,"3,488"
TEXX,-,-,-,-,-,-,-,-,-,-,-,-,-,28.29,1.15%,710
TFC,63.13B,12.56,9.89,0.68,2.07,1.06,-,12.45,18.93%,12.77%,4.39%,14.58%,4.64%,50.67,1.77%,"9,297,002"
TFFI,-,-,-,-,-,-,-,-,-,-,-,-,-,19.67,0.13%,"38,829"
TFGZ,-,-,-,-,-,-,-,-,-,-,-,-,-,35.32,-0.09%,565
TFI,-,-,-,-,-,-,-,-,-,-,-,-,-,45.73,0.04%,"310,648"
TFII,11.98B,40.59,20.27,0.73,1.52,4.50,64.49,18.65,21.75%,35.16%,3.86%,27.82%,15.83%,145.79,1.82%,"198,085"
TFIN,1.83B,64.53,27.92,-,3.51,2.02,-,31.51,89.46%,56.07%,-18.17%,-,6.22%,76.77,1.51%,"230,863"
TFJL,-,-,-,-,-,-,-,-,-,-,-,-,-,19.77,-0.10%,135
TFLO,-,-,-,-,-,-,-,-,-,-,-,-,-,50.62,0.04%,"1,124,774"
TFLR,-,-,-,-,-,-,-,-,-,-,-,-,-,50.40,-0.56%,"58,992"
TFNS,-,-,-,-,-,-,-,-,-,-,-,-,-,27.40,-0.43%,104
TFPM,5.82B,18.64,17.29,0.91,12.83,2.71,27.75,33.68,48.49%,8.65%,26.90%,19.09%,28.12%,28.17,0.36%,"392,916"
TFPN,-,-,-,-,-,-,-,-,-,-,-,-,-,31.64,0.66%,"12,244"
TFSL,4.91B,53.53,47.32,-,6.02,2.55,-,52.64,4.69%,10.45%,1.69%,-,9.53%,17.51,2.76%,"1,133,437"
TFX,5.66B,-,12.12,0.66,2.01,1.83,17.45,24.32,-3.96%,57.31%,-,18.26%,-4.72%,127.79,1.01%,"310,304"
TG,282.59M,9.85,-,-,0.38,1.26,18.10,13.78,-,-,-,-,-0.87%,8.07,-0.74%,"98,767"
TGB,2.40B,234.64,9.62,0.07,4.33,4.10,19.66,-,606.62%,89.02%,1.02%,147.76%,14.27%,6.57,3.14%,"4,257,224"
TGE,53.31M,-,-,-,0.98,0.07,3.02,-,-,-,-,-,-,1.10,-4.34%,"99,593"
TGEN,155.57M,-,28.36,-,5.95,7.89,16.67,-,21.11%,177.46%,-4.12%,-,-0.85%,5.20,-3.35%,"339,047"
TGHL,11.51M,-,-,-,-,-,-,-,-,-,-,-,-,0.45,1.65%,"243,181"
TGL,7.49M,-,-,-,1.91,0.41,2.57,-,-,-,11.61%,-,54.10%,3.83,-3.04%,"33,366"
TGLB,-,-,-,-,-,-,-,-,-,-,-,-,-,28.39,0.09%,116
TGLR,-,-,-,-,-,-,-,-,-,-,-,-,-,40.38,0.18%,"4,238"
TGLS,2.04B,13.65,12.34,-,2.02,2.66,21.67,124.81,-22.84%,29.23%,46.04%,-0.37%,21.13%,44.07,-2.74%,"302,992"
TGRT,-,-,-,-,-,-,-,-,-,-,-,-,-,44.02,-0.95%,"73,434"
TGRW,-,-,-,-,-,-,-,-,-,-,-,-,-,45.62,-0.61%,"207,707"
TGS,2.06B,13.37,10.94,0.70,1.53,1.72,1.58,14.65,35.20%,-0.40%,49.07%,15.66%,11.76%,29.62,0.61%,"154,109"
TGT,63.39B,18.42,15.55,2.01,0.60,3.87,17.94,20.91,10.85%,6.96%,-1.21%,7.73%,2.29%,139.57,-1.15%,"4,039,400"
TGTX,8.21B,18.69,20.14,2.94,11.72,14.08,15.96,-,-50.99%,96.13%,-,6.84%,426.73%,53.63,0.06%,"2,301,487"
TH,2.01B,-,32.05,-,6.21,5.36,368.25,-,48.11%,428.12%,-7.34%,-,7.33%,20.19,0.90%,"1,074,794"
THC,15.84B,9.56,10.37,1.76,0.74,3.29,5.34,4.73,6.90%,-1.16%,32.77%,5.88%,3.85%,183.94,0.54%,"682,966"
THCH,56.18M,-,-,-,0.31,-,3.48,-,-,-,-399.13%,-,-,1.69,16.55%,"16,757"
THD,-,-,-,-,-,-,-,-,-,-,-,-,-,69.47,0.38%,"24,387"
THEQ,-,-,-,-,-,-,-,-,-,-,-,-,-,29.44,0.09%,792
THFF,905.33M,11.20,10.05,-,2.56,1.38,-,10.44,9.81%,3.27%,11.23%,-,11.36%,76.13,0.01%,"130,258"
THG,7.26B,10.44,11.24,-,1.09,2.04,-,5.82,-2.94%,-0.32%,14.03%,-1.92%,6.44%,207.56,-1.35%,"259,776"
THH,15.01M,-,-,-,-,-,-,-,-,-,-,-,-,0.30,-3.16%,"137,657"
THIR,-,-,-,-,-,-,-,-,-,-,-,-,-,33.93,0.33%,"10,881"
THLV,-,-,-,-,-,-,-,-,-,-,-,-,-,33.13,0.40%,"12,574"
THM,512.81M,-,-,-,-,3.01,4.47,-,-,-,1.29%,-,-,1.96,3.70%,"1,558,452"
THMR,-,-,-,-,-,-,-,-,-,-,-,-,-,25.02,-0.09%,"4,684"
THMZ,-,-,-,-,-,-,-,-,-,-,-,-,-,33.05,0.29%,"2,501"
THNQ,-,-,-,-,-,-,-,-,-,-,-,-,-,86.01,0.34%,"16,927"
THNR,-,-,-,-,-,-,-,-,-,-,-,-,-,24.94,0.25%,"3,138"
THO,4.06B,15.71,16.68,4.93,0.41,0.94,10.91,20.32,-27.02%,32.33%,3.76%,3.38%,3.24%,77.95,3.26%,"780,471"
THOR,-,-,-,-,-,-,-,-,-,-,-,-,-,25.09,0.64%,"102,387"
THQ,759.55M,-,-,-,-,-,-,-,-,-,-,-,-,18.33,1.55%,"403,002"
THRM,1.11B,49.14,11.84,-,0.72,1.55,6.25,14.09,19.40%,12.59%,-20.03%,-,10.42%,36.14,2.12%,"229,886"
THRO,-,-,-,-,-,-,-,-,-,-,-,-,-,42.29,0.17%,"1,042,219"
THRV,-,-,-,-,-,-,-,-,-,-,-,-,-,24.17,0.09%,605
THRY,164.09M,11.55,18.97,-,0.21,0.73,20.33,3.79,1975.00%,-6.02%,-72.54%,-,-6.68%,3.70,-2.12%,"374,787"
THTA,-,-,-,-,-,-,-,-,-,-,-,-,-,15.52,0.03%,"54,370"
THW,519.24M,6.04,-,-,-,-,-,-,-,-,-,-,-,12.87,0.70%,"221,942"
THY,-,-,-,-,-,-,-,-,-,-,-,-,-,21.84,0.00%,"12,517"
THYF,-,-,-,-,-,-,-,-,-,-,-,-,-,51.58,-0.47%,"7,461"
THYM,-,-,-,-,-,-,-,-,-,-,-,-,-,50.92,-0.59%,"1,276"
THYP,-,-,-,-,-,-,-,-,-,-,-,-,-,36.70,4.59%,"93,943"
TIC,1.81B,-,78.45,-,1.01,0.85,4.24,46.55,84.53%,212.47%,-,-,-,8.19,-0.85%,"1,332,447"
TIER,-,-,-,-,-,-,-,-,-,-,-,-,-,32.13,0.88%,729
TIGO,14.82B,12.03,15.22,-,2.31,4.73,12.18,10.31,-51.30%,52.47%,-,-5.33%,6.89%,88.46,1.07%,"892,520"
TIGR,836.16M,7.67,5.63,-,1.29,1.03,0.18,-,-47.42%,53.95%,51.69%,-4.54%,34.19%,4.61,-1.07%,"3,711,762"
TII,219.19M,-,-,-,2.84,11.74,15.86,-,-,48.39%,65.39%,-,18.77%,2.23,2.76%,"980,812"
TIIV,-,-,-,-,-,-,-,-,-,-,-,-,-,29.31,0.43%,310
TIL,50.59M,-,-,-,-,0.46,0.68,-,89.07%,-,-12.70%,-,-,7.46,-2.36%,"19,944"
TILC,-,-,-,-,-,-,-,-,-,-,-,-,-,25.17,1.02%,3
TILE,2.06B,16.57,15.22,-,1.45,3.25,33.67,17.09,9.92%,9.38%,-,-,4.68%,35.51,3.71%,"600,352"
TILL,-,-,-,-,-,-,-,-,-,-,-,-,-,17.32,1.33%,"28,997"
TILT,-,-,-,-,-,-,-,-,-,-,-,-,-,271.20,0.15%,"2,973"
TIMB,10.47B,13.26,10.05,0.82,2.11,2.24,9.31,6.41,6.67%,18.52%,16.72%,12.24%,7.32%,21.92,2.10%,"250,123"
TIME,-,-,-,-,-,-,-,-,-,-,-,-,-,26.02,-0.43%,"1,953"
TINS,-,-,-,-,-,-,-,-,-,-,-,-,-,29.71,0.00%,0
TINT,-,-,-,-,-,-,-,-,-,-,-,-,-,39.58,0.46%,712
TINY,-,-,-,-,-,-,-,-,-,-,-,-,-,92.03,3.29%,"22,756"
TIP,-,-,-,-,-,-,-,-,-,-,-,-,-,109.50,0.16%,"2,946,733"
TIPA,-,-,-,-,-,-,-,-,-,-,-,-,-,100.08,0.19%,700
TIPB,-,-,-,-,-,-,-,-,-,-,-,-,-,99.40,0.23%,1
TIPC,-,-,-,-,-,-,-,-,-,-,-,-,-,99.57,0.28%,1
TIPD,-,-,-,-,-,-,-,-,-,-,-,-,-,99.51,0.25%,113
TIPT,650.71M,51.59,-,-,0.61,1.29,-,3.53,-,-,-,-,-68.12%,17.32,-1.76%,"280,546"
TIPX,-,-,-,-,-,-,-,-,-,-,-,-,-,18.90,0.16%,"1,855,976"
TIPZ,-,-,-,-,-,-,-,-,-,-,-,-,-,52.35,0.24%,"19,913"
TISC,-,-,-,-,-,-,-,-,-,-,-,-,-,22.94,0.24%,10
TISI,77.26M,-,-,-,0.08,-,6.02,-,-,-,31.47%,-,1.01%,16.90,0.06%,"3,565"
TITN,500.29M,-,-,-,0.21,0.88,16.91,2.43,34.91%,68.69%,-,38.36%,11.45%,21.47,2.29%,"134,153"
TJAN,-,-,-,-,-,-,-,-,-,-,-,-,-,28.05,-0.07%,970
TJGC,44.14M,-,-,-,10.77,9.46,63.97,-,-,-,-,-,-,4.37,0.23%,"555,822"
TJUL,-,-,-,-,-,-,-,-,-,-,-,-,-,30.16,0.00%,"24,080"
TJUN,-,-,-,-,-,-,-,-,-,-,-,-,-,22.90,0.81%,"25,273"
TJX,171.44B,30.15,26.92,2.55,2.78,16.48,30.72,31.30,10.68%,10.11%,130.72%,10.55%,13.44%,155.19,-6.04%,"8,525,686"
TK,965.83M,10.71,-,-,0.96,1.32,0.99,-,-,-,-,-,-3.70%,11.10,-7.96%,"556,769"
TKC,5.24B,11.77,5.83,0.16,0.87,0.80,1.94,3.40,48.22%,50.25%,-5.86%,37.41%,8.06%,6.02,0.33%,"3,487,883"
TKLF,8.46M,1.35,-,-,0.04,0.20,1.76,-,-,-,-3.02%,-,8.51%,2.00,-1.96%,"5,952"
TKNO,292.73M,-,-,-,7.00,4.51,16.46,-,-4.69%,17.91%,-,-,5.30%,5.46,5.00%,"104,624"
TKNQ,-,-,-,-,-,-,-,-,-,-,-,-,-,21.01,-1.05%,152
TKNS,-,-,-,-,-,-,-,-,-,-,-,-,-,20.09,-0.79%,316
TKO,38.95B,74.83,38.45,0.87,7.69,4.53,22.56,22.94,107.36%,13.11%,7.62%,44.31%,37.19%,203.80,0.14%,"926,768"
TKR,10.01B,32.77,19.89,1.16,2.14,3.12,27.52,26.12,15.52%,17.56%,1.98%,17.16%,5.45%,144.01,4.36%,"780,468"
TKVA,-,-,-,-,-,-,-,-,-,-,-,-,-,-,-,0
TLA,-,-,-,-,-,-,-,-,-,-,-,-,-,24.30,0.12%,"6,718"
TLCI,-,-,-,-,-,-,-,-,-,-,-,-,-,26.48,0.46%,"1,002"
TLDR,-,-,-,-,-,-,-,-,-,-,-,-,-,25.00,-0.02%,535
TLF,19.05M,-,-,-,0.25,0.41,1.89,-,-,-,-,-,3.56%,2.34,1.30%,"11,171"
TLG,-,-,-,-,-,-,-,-,-,-,-,-,-,25.65,-0.63%,"3,647"
TLH,-,-,-,-,-,-,-,-,-,-,-,-,-,101.11,0.01%,"629,288"
TLIH,13.53M,3.07,-,-,0.23,1.04,1.63,1.93,-,-,34.81%,-,8.20%,4.60,8.49%,"10,952"
TLK,14.03B,14.24,11.24,1.19,1.58,1.78,6.09,5.51,15.26%,8.67%,-5.47%,9.47%,-1.07%,14.19,-0.28%,"889,526"
TLN,18.92B,-,13.50,-,4.06,17.63,18.42,25.16,560.19%,40.01%,-,-,-,416.80,2.69%,"948,430"
TLNC,347.61M,75.61,-,-,-,1.41,131.17,-,-,-,-,-,-,10.23,0.10%,207
TLPH,55.53M,-,-,-,-,2.90,2.63,-,30.15%,-2.11%,48.69%,23.87%,-65.11%,1.07,0.94%,"203,607"
TLRY,535.21M,-,-,-,0.62,0.33,2.02,-,97.41%,40.11%,-62.75%,-,31.30%,4.46,-2.83%,"3,555,290"
TLS,315.74M,-,16.25,0.18,1.74,3.27,6.29,9.88,40.27%,105.69%,-,88.21%,-1.74%,4.22,-2.76%,"1,028,510"
TLSA,134.30M,-,-,-,-,2627.91,33.49,-,-0.06%,-,-0.19%,-,-,1.13,0.89%,"182,591"
TLSI,268.39M,-,-,-,5.98,20.96,4.75,-,82.50%,49.07%,-140.62%,-,-,4.37,5.05%,"679,791"
TLT,-,-,-,-,-,-,-,-,-,-,-,-,-,87.35,-0.03%,"28,365,262"
TLTD,-,-,-,-,-,-,-,-,-,-,-,-,-,97.75,0.35%,"36,572"
TLTE,-,-,-,-,-,-,-,-,-,-,-,-,-,77.04,0.85%,679
TLTI,-,-,-,-,-,-,-,-,-,-,-,-,-,46.09,0.04%,"22,932"
TLTP,-,-,-,-,-,-,-,-,-,-,-,-,-,21.34,0.00%,"115,467"
TLTW,-,-,-,-,-,-,-,-,-,-,-,-,-,22.50,0.07%,"2,398,317"
TLTX,-,-,-,-,-,-,-,-,-,-,-,-,-,22.89,0.05%,"4,931"
TLX,3.69B,-,104.53,-,4.58,8.86,25.98,-,250.37%,227.44%,29.38%,-,195.21%,10.86,-0.37%,"106,903"
TLYS,128.36M,-,29.03,-,0.22,1.65,3.12,33.96,90.52%,363.64%,-71.93%,-,0.82%,4.21,-2.09%,"102,317"
TM,197.15B,8.51,7.73,1.00,0.59,0.86,2.48,53.39,-0.21%,14.47%,5.28%,7.73%,5.56%,166.50,-0.75%,"571,502"
TMAR,-,-,-,-,-,-,-,-,-,-,-,-,-,25.83,0.65%,"299,764"
TMAT,-,-,-,-,-,-,-,-,-,-,-,-,-,30.49,2.90%,"13,209"
TMB,-,-,-,-,-,-,-,-,-,-,-,-,-,25.52,0.10%,"32,833"
TMC,1.92B,-,-,-,-,-,16.07,-,73.49%,11.36%,-21.27%,-,-,4.44,-2.63%,"3,924,200"
TMCI,288.69M,-,-,-,1.39,3.73,5.57,-,3.17%,7.21%,-61.76%,8.07%,29.96%,4.45,7.75%,"662,200"
TMCR,379.92M,-,-,-,-,8.92,12.13,-,-137.50%,73.68%,-,-,-,6.90,-4.56%,"149,405"
TMDE,17.20M,-,-,-,0.12,3.36,10.24,-,-,-,-,-,-,0.73,3.69%,"137,878"
TMDV,-,-,-,-,-,-,-,-,-,-,-,-,-,51.25,0.65%,88
TMDX,2.69B,17.84,21.84,24.01,4.23,5.44,5.82,17.75,-58.40%,75.69%,-,0.91%,88.21%,77.75,0.17%,"902,773"
TME,4.88B,9.97,8.27,3.35,1.04,1.08,1.26,-,-14.23%,9.91%,22.52%,2.47%,1.62%,8.16,-0.24%,"8,239,664"
TMED,-,-,-,-,-,-,-,-,-,-,-,-,-,33.20,1.12%,"1,529"
TMF,-,-,-,-,-,-,-,-,-,-,-,-,-,36.70,-0.11%,"2,137,315"
TMFC,-,-,-,-,-,-,-,-,-,-,-,-,-,73.92,-1.18%,"82,659"
TMFE,-,-,-,-,-,-,-,-,-,-,-,-,-,28.62,-0.98%,"19,116"
TMFG,-,-,-,-,-,-,-,-,-,-,-,-,-,30.30,-0.46%,"3,997"
TMFM,-,-,-,-,-,-,-,-,-,-,-,-,-,21.05,-0.07%,"13,136"
TMFS,-,-,-,-,-,-,-,-,-,-,-,-,-,35.28,1.25%,"3,251"
TMFX,-,-,-,-,-,-,-,-,-,-,-,-,-,22.02,-0.34%,"2,101"
TMH,-,-,-,-,-,-,-,-,-,-,-,-,-,44.94,-0.76%,324
TMHC,6.62B,10.73,11.01,-,0.87,1.09,10.13,9.11,-31.86%,23.48%,32.75%,-,5.79%,71.98,0.07%,"1,899,205"
TMLP,-,-,-,-,-,-,-,-,-,-,-,-,-,27.52,-0.23%,555
TMNL,-,-,-,-,-,-,-,-,-,-,-,-,-,50.64,0.00%,0
TMNS,-,-,-,-,-,-,-,-,-,-,-,-,-,50.26,0.00%,0
TMO,187.95B,27.81,18.60,1.96,4.16,3.62,57.65,27.85,8.68%,9.42%,2.11%,9.50%,6.70%,505.75,2.75%,"2,663,844"
TMP,1.34B,7.99,11.45,-,3.43,1.41,-,16.33,-33.05%,8.31%,16.64%,-,3.65%,93.30,0.39%,"91,919"
TMQ,586.34M,-,-,-,-,4.74,12.27,-,67.31%,35.29%,-,46.42%,-,3.34,0.30%,"1,677,763"
TMS,307.63M,-,-,-,-,1.46,274.67,-,-,-,-,-,-,10.70,0.47%,"13,373"
TMSF,-,-,-,-,-,-,-,-,-,-,-,-,-,50.07,-0.18%,2
TMSL,-,-,-,-,-,-,-,-,-,-,-,-,-,43.47,1.78%,"429,788"
TMTS,306.67M,-,-,-,-,-,322.81,-,-,-,-,-,-,10.00,-0.15%,4
TMUS,196.50B,19.31,13.38,0.67,2.17,3.53,51.43,12.57,7.23%,30.18%,29.65%,19.86%,5.24%,181.57,0.43%,"4,190,054"
TMV,-,-,-,-,-,-,-,-,-,-,-,-,-,35.92,0.25%,"477,747"
TMVE,-,-,-,-,-,-,-,-,-,-,-,-,-,18.05,1.36%,"20,388"
TMYY,-,-,-,-,-,-,-,-,-,-,-,-,-,24.45,-0.52%,"2,422"
TNA,-,-,-,-,-,-,-,-,-,-,-,-,-,73.93,2.01%,"8,049,677"
TNC,1.55B,55.17,14.20,-,1.28,2.92,18.78,97.57,11.96%,25.28%,5.45%,-,3.73%,91.05,2.57%,"114,809"
TNDM,1.08B,-,182.75,-,1.05,8.15,1.89,-,52.58%,112.46%,-40.10%,-,15.27%,15.76,4.93%,"2,304,418"
TNET,2.17B,14.16,9.77,1.44,0.44,26.26,1.48,7.81,-4.13%,6.64%,-4.59%,6.80%,4.43%,47.25,0.08%,"342,293"
TNGX,4.91B,-,-,-,86.11,11.10,12.92,-,-49.43%,-18.53%,11.68%,-24.39%,52.13%,30.14,3.50%,"4,540,015"
TNGY,-,-,-,-,-,-,-,-,-,-,-,-,-,9.80,-0.03%,"51,481"
TNK,2.43B,5.71,8.68,2.95,2.42,1.11,2.44,17.61,110.36%,-44.72%,31.28%,2.94%,1.43%,70.28,-7.94%,"478,778"
TNL,4.76B,21.31,9.00,0.55,1.18,-,10.44,10.77,16.28%,14.93%,-,16.25%,11.20%,76.24,-0.57%,"465,845"
TNMG,1.24M,-,-,-,0.03,1.35,0.43,-,84.87%,-,-,-,-,0.49,-6.47%,"22,663"
TNON,5.84M,-,-,-,1.27,-,1.27,-,50.29%,28.40%,16.41%,43.91%,145.95%,0.49,23.18%,"25,776,288"
TNUK,-,-,-,-,-,-,-,-,-,-,-,-,-,25.21,-0.55%,"1,027"
TNXP,190.97M,-,-,-,10.88,0.75,1.03,-,29.53%,37.06%,86.72%,41.56%,-,11.98,-0.99%,"716,526"
TNXT,-,-,-,-,-,-,-,-,-,-,-,-,-,26.98,0.19%,643
TNYA,154.06M,-,-,-,669.85,1.45,1.90,-,32.45%,-4.12%,8.63%,-,-,0.71,-2.86%,"1,289,929"
TOAK,-,-,-,-,-,-,-,-,-,-,-,-,-,28.83,0.00%,"1,964"
TOAO,-,-,-,-,-,-,-,-,-,-,-,-,-,25.83,0.00%,0
TOCT,-,-,-,-,-,-,-,-,-,-,-,-,-,26.98,0.06%,"1,180"
TOGA,-,-,-,-,-,-,-,-,-,-,-,-,-,29.81,-0.83%,"4,379"
TOI,511.91M,-,-,-,0.94,-,16.91,-,72.22%,46.67%,-17.58%,-,21.80%,5.12,-2.48%,"1,026,318"
TOK,-,-,-,-,-,-,-,-,-,-,-,-,-,147.46,0.08%,330
TOL,15.15B,12.27,11.48,1.96,1.37,1.79,13.70,12.46,-5.18%,10.42%,31.72%,5.85%,9.15%,162.08,0.65%,"1,144,946"
TOLL,-,-,-,-,-,-,-,-,-,-,-,-,-,41.17,1.68%,"150,849"
TOLZ,-,-,-,-,-,-,-,-,-,-,-,-,-,59.96,0.78%,"5,485"
TOMZ,16.91M,-,18.13,-,2.96,-,60.39,-,21.05%,126.67%,-,-,-25.78%,0.73,-3.05%,"89,409"
TONX,137.37M,-,-,-,8.21,0.43,3.93,-,-,-,75.25%,-,5.10%,2.43,-5.45%,"445,750"
TOON,43.77M,-,-,-,3.96,1.96,7.28,-,-,-,55.57%,-,73.53%,0.74,-2.62%,"266,944"
TOP,52.82M,-,-,-,12.12,1.51,2.15,94.32,-,-,-,-,-27.39%,1.42,-3.06%,"169,701"
TOPC,-,-,-,-,-,-,-,-,-,-,-,-,-,34.00,0.41%,"3,597"
TOPP,22.85M,-,-,-,1.36,2.87,27.20,-,-,-,-,-,-,1.16,-5.69%,"34,800"
TOPS,6.05M,1.21,-,-,0.08,0.04,0.30,0.35,-,-,-,-,5.95%,0.81,-10.69%,"355,658"
TOPT,-,-,-,-,-,-,-,-,-,-,-,-,-,31.97,-0.84%,"464,081"
TOPW,-,-,-,-,-,-,-,-,-,-,-,-,-,32.39,-2.44%,"226,597"
TORO,142.82M,454.13,-,-,5.72,0.64,1.52,-,-,-,-,-,-8.93%,4.95,-1.20%,"37,867"
TOS,-,-,-,-,-,-,-,-,-,-,-,-,-,30.20,0.92%,"3,647"
TOST,14.95B,39.41,15.25,0.49,2.32,7.51,8.44,22.85,37.68%,25.66%,-,31.00%,49.53%,25.77,-0.96%,"14,447,195"
TOT,-,-,-,-,-,-,-,-,-,-,-,-,-,23.17,0.04%,245
TOTL,-,-,-,-,-,-,-,-,-,-,-,-,-,39.47,0.15%,"358,253"
TOTR,-,-,-,-,-,-,-,-,-,-,-,-,-,40.15,-0.35%,"5,661"
TOUR,44.46M,15.73,-,-,0.53,0.32,0.32,-,-,-,-,-,4.27%,4.56,-1.94%,"11,621"
TOUS,-,-,-,-,-,-,-,-,-,-,-,-,-,37.95,0.74%,"111,483"
TOV,-,-,-,-,-,-,-,-,-,-,-,-,-,31.22,0.87%,"8,774"
TOVX,10.97M,-,-,-,36.57,0.71,0.76,-,89.18%,-6.67%,58.31%,46.42%,-,0.24,0.00%,"947,919"
TOWN,3.33B,18.12,10.19,-,2.83,1.15,-,26.04,5.22%,11.57%,1.89%,-,9.06%,36.13,0.42%,"466,844"
TOXR,-,-,-,-,-,-,-,-,-,-,-,-,-,10.07,-2.04%,"24,090"
TOYO,270.93M,6.78,1.95,0.02,0.63,1.99,4.61,6.57,141.84%,59.28%,-,79.42%,-,7.38,-6.70%,"1,918,058"
TPAY,-,-,-,-,-,-,-,-,-,-,-,-,-,52.74,0.01%,"3,673"
TPB,1.62B,28.57,39.58,-,3.38,4.44,8.44,-,-54.66%,50.35%,10.94%,-,2.71%,83.90,-0.99%,"400,143"
TPC,4.29B,55.96,15.46,0.21,0.75,3.53,3.96,6.10,127.99%,53.27%,-6.63%,74.70%,0.83%,81.56,-0.97%,"465,141"
TPCS,37.64M,-,-,-,1.19,4.91,87.53,-,-,-,-,-,15.20%,3.76,-2.34%,"43,799"
TPET,12.75M,-,-,-,18.21,0.34,0.58,-,-,-,-73.38%,-,-,0.29,0.00%,"2,016,784"
TPFC,-,-,-,-,-,-,-,-,-,-,-,-,-,24.85,0.40%,"2,769"
TPFG,-,-,-,-,-,-,-,-,-,-,-,-,-,27.13,1.62%,"1,629"
TPFI,-,-,-,-,-,-,-,-,-,-,-,-,-,25.03,0.02%,727
TPG,15.38B,182.99,11.29,0.60,3.72,5.66,17.79,-,16.55%,26.23%,-49.33%,18.91%,17.18%,40.02,3.30%,"2,906,731"
TPHD,-,-,-,-,-,-,-,-,-,-,-,-,-,42.35,0.82%,"19,448"
TPIF,-,-,-,-,-,-,-,-,-,-,-,-,-,37.13,0.71%,"33,990"
TPL,26.97B,53.59,38.78,-,32.15,17.33,108.23,55.25,31.54%,9.97%,22.56%,-,21.41%,391.04,3.57%,"373,554"
TPLC,-,-,-,-,-,-,-,-,-,-,-,-,-,50.06,0.65%,"19,323"
TPLS,-,-,-,-,-,-,-,-,-,-,-,-,-,25.32,0.02%,"2,023"
TPLX,-,-,-,-,-,-,-,-,-,-,-,-,-,28.04,7.28%,5
TPOR,-,-,-,-,-,-,-,-,-,-,-,-,-,42.20,4.84%,"21,693"
TPR,29.50B,46.91,18.75,0.97,3.76,43.28,27.60,16.81,36.76%,11.65%,-,19.36%,7.16%,146.00,-2.50%,"2,317,452"
TPRY,-,-,-,-,-,-,-,-,-,-,-,-,-,20.35,2.98%,"8,050"
TPSC,-,-,-,-,-,-,-,-,-,-,-,-,-,47.57,0.87%,"17,572"
TPST,15.55M,-,-,-,-,18.32,8.64,-,78.83%,9.70%,76.03%,48.00%,-,1.05,-9.48%,"246,870"
TPUT,-,-,-,-,-,-,-,-,-,-,-,-,-,25.17,0.16%,"9,661"
TPVG,186.35M,4.34,5.58,-,1.96,0.53,20.59,9.65,-10.95%,-12.03%,1.13%,-13.06%,-0.51%,4.59,-0.86%,"310,382"
TPYP,-,-,-,-,-,-,-,-,-,-,-,-,-,42.62,0.70%,"231,505"
TPZ,-,-,-,-,-,-,-,-,-,-,-,-,-,22.22,0.54%,"11,155"
TQQQ,-,-,-,-,-,-,-,-,-,-,-,-,-,74.95,2.25%,"104,896,749"
TQQY,-,-,-,-,-,-,-,-,-,-,-,-,-,12.99,0.58%,"6,450"
TR,2.82B,27.76,-,-,3.83,2.91,16.57,28.51,-,-,12.40%,-,9.23%,36.86,-2.85%,"346,309"
TRAD,144.89M,-,-,-,-,1.26,249.80,-,-,-,-,-,-,9.95,0.10%,712
TRAK,157.20M,23.01,20.12,1.69,6.70,3.11,5.95,20.96,5.71%,16.22%,46.80%,11.87%,2.44%,8.65,-3.35%,"59,579"
TRAW,12.60M,-,-,-,4.62,-,4.03,-,-273.78%,10.53%,-,-,64.59%,0.83,-3.37%,"96,985"
TRAX,-,-,-,-,-,-,-,-,-,-,-,-,-,16.37,-1.92%,"579,016"
TRBF,-,-,-,-,-,-,-,-,-,-,-,-,-,49.66,0.05%,"1,876"
TRC,498.50M,295.36,-,-,9.80,1.05,25.08,-,1000.00%,-,-,-,5.56%,18.46,-0.27%,"92,766"
TRDA,277.57M,-,-,-,48.36,1.02,1.09,-,-12.62%,8.20%,-32.56%,0.81%,-,7.15,-5.17%,"244,902"
TREE,531.88M,2.96,5.62,0.17,0.44,1.75,6.22,7.23,67.01%,20.17%,-,32.54%,4.19%,38.12,-0.24%,"173,699"
TREX,5.19B,27.84,26.94,4.42,4.41,5.21,1156.54,22.93,-10.90%,10.74%,3.31%,6.09%,5.92%,49.98,2.25%,"1,745,403"
TRFK,-,-,-,-,-,-,-,-,-,-,-,-,-,106.01,3.53%,"181,057"
TRFM,-,-,-,-,-,-,-,-,-,-,-,-,-,60.93,0.83%,"41,145"
TRGP,58.69B,27.86,22.25,1.16,3.52,18.72,292.45,224.11,26.67%,13.58%,-,19.20%,15.75%,273.45,2.68%,"1,193,762"
TRGS,257.29M,-,-,-,-,1.34,214.41,-,-,-,-,-,-,9.89,-0.10%,"124,914"
TRI,35.36B,23.45,16.07,1.22,4.61,3.00,88.41,17.03,10.84%,14.26%,8.16%,13.12%,4.55%,81.01,0.04%,"1,759,383"
TRIB,6.75M,-,-,-,0.14,-,1.31,-,-,-,-5.58%,-,-15.62%,0.35,2.05%,"1,198,735"
TRIN,1.52B,8.97,8.09,-,6.08,1.27,77.39,11.58,0.32%,0.05%,-,-3.66%,38.51%,16.90,0.36%,"977,593"
TRIO,-,-,-,-,-,-,-,-,-,-,-,-,-,64.19,0.14%,"4,367"
TRIP,1.49B,132.64,7.88,0.45,0.79,2.39,1.33,8.22,5.18%,21.62%,-,17.44%,25.64%,12.80,-1.39%,"2,723,938"
TRLV,1.64B,-,24.34,-,1.40,1.40,4.64,6.90,128.20%,103.49%,-,-,17.76%,8.52,0.24%,"1,999,279"
TRMB,11.71B,26.35,12.32,0.82,3.18,2.06,50.03,24.37,14.63%,13.62%,2.58%,15.10%,2.65%,50.24,0.20%,"2,581,085"
TRMD,2.84B,8.13,7.52,-,2.01,1.24,14.44,31.67,144.91%,-48.33%,19.63%,-8.01%,12.44%,27.70,-3.48%,"1,321,636"
TRMK,2.72B,12.28,11.33,-,2.43,1.28,-,13.14,5.54%,4.69%,8.05%,-,11.03%,46.34,0.67%,"284,117"
TRN,2.89B,11.67,15.32,-,1.40,2.68,11.45,-,-25.95%,2.15%,-,-6.70%,4.27%,36.38,3.00%,"550,309"
TRND,-,-,-,-,-,-,-,-,-,-,-,-,-,36.68,0.58%,185
TRNO,6.95B,16.03,36.04,-,14.17,1.61,78.45,29.92,-50.34%,-6.85%,27.38%,-21.45%,21.29%,65.35,-0.14%,"622,988"
TRNR,1.26M,-,-,-,0.08,0.20,0.27,-,89.11%,19.52%,77.71%,-,-,0.54,-2.50%,"150,152"
TRNS,858.23M,160.77,42.88,2.14,2.59,2.85,173.73,43.90,-4.35%,21.73%,-11.10%,20.01%,13.87%,91.88,2.51%,"97,320"
TRON,645.16M,-,-,-,133.30,1.49,65.04,-,-,-,-,-,-,1.36,-4.90%,"1,024,138"
TROO,309.06M,-,-,-,18.07,6.30,76.88,-,-,-,19.69%,-,31.83%,2.53,-2.32%,"168,667"
TROW,22.79B,11.40,11.11,-,3.08,2.12,6.11,8.45,-2.37%,0.89%,-1.52%,-1.21%,3.34%,106.34,1.08%,"1,757,948"
TROX,1.09B,-,-,-,0.37,0.85,7.91,-,20.88%,79.11%,-,-,0.87%,6.84,-0.15%,"3,466,305"
TRP,70.19B,30.42,24.96,5.45,6.18,4.04,90.45,25.55,3.24%,5.82%,-7.92%,4.58%,2.60%,70.19,1.20%,"2,336,367"
TRPA,-,-,-,-,-,-,-,-,-,-,-,-,-,39.00,0.02%,"8,718"
TRS,1.58B,1.83,20.31,-,1.82,1.10,1.21,32.72,-19.95%,29.71%,-,-,-3.46%,44.07,1.08%,"417,291"
TRSG,26.00M,-,-,-,2.17,1.82,5.03,-,-,-,-,-,11.65%,1.59,-3.03%,663
TRST,948.19M,15.88,-,-,3.38,1.42,-,16.02,-,-,3.67%,-,7.23%,54.26,0.69%,"90,319"
TRSY,-,-,-,-,-,-,-,-,-,-,-,-,-,30.17,0.00%,"42,918"
TRT,122.06M,366.87,-,-,2.09,3.15,7.47,554.83,-,-,-,-,1.14%,12.07,-3.36%,"548,053"
TRTX,659.44M,13.35,7.53,1.02,1.95,0.62,7.13,7.49,7.73%,8.45%,-,7.35%,32.70%,8.53,-0.47%,"833,496"
TRTY,-,-,-,-,-,-,-,-,-,-,-,-,-,30.17,0.53%,"6,480"
TRU,12.92B,18.58,12.05,0.81,2.73,2.72,17.62,18.57,11.09%,16.39%,5.34%,14.95%,12.58%,67.00,-1.47%,"3,390,775"
TRUC,-,-,-,-,-,-,-,-,-,-,-,-,-,24.26,-0.92%,"24,284"
TRUD,-,-,-,-,-,-,-,-,-,-,-,-,-,24.82,-1.87%,"23,942"
TRUF,-,-,-,-,-,-,-,-,-,-,-,-,-,27.98,-0.53%,15
TRUG,1.39M,-,-,-,0.08,0.33,0.13,-,89.63%,68.48%,-131.00%,-,-,1.25,-7.41%,"164,059"
TRUH,-,-,-,-,-,-,-,-,-,-,-,-,-,27.24,1.50%,479
TRUI,-,-,-,-,-,-,-,-,-,-,-,-,-,26.34,2.07%,4
TRUO,-,-,-,-,-,-,-,-,-,-,-,-,-,25.36,-1.02%,40
TRUP,1.05B,40.42,35.08,2.00,0.71,2.65,-,13.93,20.37%,26.15%,-,17.50%,23.45%,23.97,0.33%,"283,736"
TRUT,-,-,-,-,-,-,-,-,-,-,-,-,-,30.30,-0.50%,"113,255"
TRV,67.68B,9.47,11.12,7.08,1.38,2.12,-,5.91,1.84%,1.86%,21.13%,1.57%,8.83%,318.29,-0.76%,"1,437,525"
TRVG,114.68M,25.91,46.89,1.23,0.17,10.28,0.72,8.33,96.91%,57.48%,-,38.19%,16.90%,4.96,-3.50%,"96,003"
TRVI,2.56B,-,-,-,-,13.43,14.88,-,-47.34%,-25.23%,29.44%,-29.80%,-,18.00,2.74%,"3,596,509"
TRX,267.46M,-,4.69,-,2.81,3.14,10.27,137.16,-,2233.33%,-,-,-,0.82,4.27%,"1,171,365"
TS,28.96B,15.07,13.56,1.89,2.37,1.69,8.47,15.28,3.49%,11.68%,-,7.17%,18.33%,57.36,1.49%,"864,969"
TSAT,635.74M,-,-,-,2.26,1.71,1.70,-,28.65%,-14.26%,-,-0.84%,-13.33%,41.77,-1.97%,"261,061"
TSBK,345.45M,11.32,-,-,2.93,1.28,-,10.97,-,-,4.94%,-,9.63%,44.13,-1.08%,"29,400"
TSCM,-,-,-,-,-,-,-,-,-,-,-,-,-,20.44,0.37%,"1,810"
TSCO,16.13B,15.11,13.41,1.80,1.03,6.43,71.91,29.14,2.45%,8.64%,10.06%,7.45%,7.89%,30.75,2.30%,"13,008,223"
TSCV,-,-,-,-,-,-,-,-,-,-,-,-,-,32.58,1.58%,"1,622"
TSDD,-,-,-,-,-,-,-,-,-,-,-,-,-,9.02,0.17%,"22,244,101"
TSEC,-,-,-,-,-,-,-,-,-,-,-,-,-,25.90,0.23%,"37,706"
TSEG,-,-,-,-,-,-,-,-,-,-,-,-,-,12.84,-2.21%,"29,696"
TSEL,-,-,-,-,-,-,-,-,-,-,-,-,-,28.77,0.95%,"4,670"
TSEM,30.16B,125.35,47.03,0.86,18.60,10.14,20.13,94.49,45.94%,71.69%,20.39%,54.68%,4.35%,269.88,-1.98%,"1,507,154"
TSEP,-,-,-,-,-,-,-,-,-,-,-,-,-,25.85,0.21%,"18,719"
TSES,-,-,-,-,-,-,-,-,-,-,-,-,-,30.62,0.96%,"3,395"
TSHA,1.78B,-,-,-,238.89,8.42,6.44,-,-37.78%,5.18%,36.86%,10.52%,-,6.21,-10.52%,"11,762,595"
TSI,213.36M,11.16,-,-,12.88,0.87,-,-,-,-,-,-,-,4.47,0.11%,"86,112"
TSIC,-,-,-,-,-,-,-,-,-,-,-,-,-,25.14,-0.73%,"2,786"
TSII,-,-,-,-,-,-,-,-,-,-,-,-,-,15.98,0.25%,"47,788"
TSL,-,-,-,-,-,-,-,-,-,-,-,-,-,14.49,-0.22%,"481,375"
TSLA,1408.85B,342.70,154.91,6.32,14.39,16.75,31.26,201.26,13.93%,28.04%,38.32%,24.53%,24.63%,375.12,-0.11%,"30,058,381"
TSLG,-,-,-,-,-,-,-,-,-,-,-,-,-,5.65,-0.35%,"27,497,558"
TSLI,-,-,-,-,-,-,-,-,-,-,-,-,-,21.17,-0.80%,"36,302"
TSLL,-,-,-,-,-,-,-,-,-,-,-,-,-,11.38,-0.35%,"42,330,685"
TSLO,-,-,-,-,-,-,-,-,-,-,-,-,-,18.28,0.00%,0
TSLP,-,-,-,-,-,-,-,-,-,-,-,-,-,16.83,-0.30%,"8,367"
TSLQ,-,-,-,-,-,-,-,-,-,-,-,-,-,21.33,0.09%,"4,165,951"
TSLR,-,-,-,-,-,-,-,-,-,-,-,-,-,19.56,-0.10%,"2,165,998"
TSLS,-,-,-,-,-,-,-,-,-,-,-,-,-,57.68,0.12%,"492,218"
TSLT,-,-,-,-,-,-,-,-,-,-,-,-,-,15.94,-0.25%,"1,489,424"
TSLW,-,-,-,-,-,-,-,-,-,-,-,-,-,20.88,-0.29%,"38,379"
TSLX,1.54B,14.18,8.93,-,4.75,1.00,52.75,10.68,-20.19%,4.30%,-7.32%,-6.39%,7.62%,16.20,-2.82%,"1,596,973"
TSLY,-,-,-,-,-,-,-,-,-,-,-,-,-,26.16,-1.10%,"384,688"
TSLZ,-,-,-,-,-,-,-,-,-,-,-,-,-,13.62,0.15%,"2,170,249"
TSM,2256.07B,36.15,21.77,0.66,16.98,12.24,21.31,62.34,49.73%,27.16%,25.67%,32.80%,21.86%,434.99,-1.32%,"14,710,238"
TSME,-,-,-,-,-,-,-,-,-,-,-,-,-,51.66,2.18%,"89,975"
TSMG,-,-,-,-,-,-,-,-,-,-,-,-,-,42.77,-1.97%,"92,121"
TSMU,-,-,-,-,-,-,-,-,-,-,-,-,-,76.52,-2.72%,"70,465"
TSMX,-,-,-,-,-,-,-,-,-,-,-,-,-,87.99,-2.61%,"1,154,874"
TSMY,-,-,-,-,-,-,-,-,-,-,-,-,-,16.72,-1.65%,"123,209"
TSMZ,-,-,-,-,-,-,-,-,-,-,-,-,-,7.80,1.30%,"36,433"
TSN,19.95B,44.36,12.91,1.15,0.36,1.10,39.90,16.26,-2.04%,10.92%,-25.04%,11.26%,4.74%,57.80,-0.02%,"2,410,102"
TSNF,-,-,-,-,-,-,-,-,-,-,-,-,-,31.13,-0.98%,"18,680"
TSOL,-,-,-,-,-,-,-,-,-,-,-,-,-,6.40,-0.07%,"8,043"
TSPA,-,-,-,-,-,-,-,-,-,-,-,-,-,46.53,0.04%,"722,630"
TSPX,-,-,-,-,-,-,-,-,-,-,-,-,-,29.37,0.00%,0
TSPY,-,-,-,-,-,-,-,-,-,-,-,-,-,25.16,-0.17%,"270,077"
TSQ,115.62M,-,22.21,-,0.27,-,53.04,5.66,180.28%,-49.12%,30.61%,-,2.85%,6.44,-1.23%,"36,406"
TSRS,-,-,-,-,-,-,-,-,-,-,-,-,-,27.42,0.26%,"1,326"
TSSD,-,-,-,-,-,-,-,-,-,-,-,-,-,26.03,0.04%,"1,763"
TSSI,327.06M,22.53,38.74,-,1.62,4.16,4.83,-,-52.95%,14.12%,171.02%,-,40.39%,11.65,-2.92%,"800,457"
TSUI,-,-,-,-,-,-,-,-,-,-,-,-,-,13.44,-0.13%,"9,862"
TSXD,-,-,-,-,-,-,-,-,-,-,-,-,-,5.51,-3.63%,"37,735"
TSXU,-,-,-,-,-,-,-,-,-,-,-,-,-,64.74,5.58%,"25,604"
TSYW,-,-,-,-,-,-,-,-,-,-,-,-,-,44.91,-0.16%,"1,105"
TSYX,-,-,-,-,-,-,-,-,-,-,-,-,-,22.89,-0.22%,"32,013"
TSYY,-,-,-,-,-,-,-,-,-,-,-,-,-,22.79,-0.13%,"38,073"
TT,111.29B,38.95,29.58,2.08,5.15,12.96,103.61,34.53,14.20%,14.11%,29.52%,14.20%,11.35%,503.46,4.20%,"1,946,286"
TTAM,3.56B,19.23,15.38,1.16,2.13,3.35,15.59,30.97,8.22%,14.77%,31.55%,13.24%,9.62%,19.30,2.82%,"252,545"
TTAN,6.05B,-,38.78,1.47,5.96,3.88,14.35,51.30,28.32%,24.91%,-,26.44%,-,63.40,-2.51%,"1,444,871"
TTC,9.24B,27.97,19.14,1.90,1.98,6.77,51.23,12.17,9.63%,10.13%,0.86%,10.07%,5.99%,97.05,2.40%,"753,591"
TTD,8.15B,19.53,14.44,0.88,2.74,3.33,5.79,9.67,10.61%,20.56%,12.67%,16.34%,28.21%,17.33,-2.09%,"14,836,683"
TTDU,-,-,-,-,-,-,-,-,-,-,-,-,-,2.51,-3.65%,"1,669,189"
TTE,173.88B,11.34,8.14,0.75,0.95,1.36,5.82,15.64,58.24%,-11.75%,-,10.91%,8.78%,78.28,-0.52%,"1,275,793"
TTEC,99.99M,-,1.65,0.22,0.05,1.20,1.13,1.16,5.68%,7.31%,-,7.59%,1.87%,2.06,-2.61%,"631,665"
TTEK,7.38B,17.02,16.59,2.47,1.44,3.96,33.01,11.04,-0.93%,10.92%,7.97%,6.71%,12.69%,28.44,-0.49%,"3,289,184"
TTEQ,-,-,-,-,-,-,-,-,-,-,-,-,-,42.94,1.04%,"116,371"
TTGT,266.06M,-,-,-,0.54,0.51,5.58,73.30,91.51%,61.03%,-,-,26.82%,3.68,-0.54%,"336,947"
TTI,1.49B,193.18,25.25,0.93,2.37,4.81,41.98,554.37,4.62%,48.53%,-,27.19%,10.81%,10.20,2.20%,"1,599,029"
TTMI,21.87B,114.46,39.58,1.04,7.05,11.90,53.33,-,64.72%,31.29%,-,38.07%,6.66%,210.57,0.40%,"1,605,437"
TTOP,-,-,-,-,-,-,-,-,-,-,-,-,-,13.79,-0.90%,183
TTRX,203.16M,-,-,-,-,33.21,18.11,-,-,-,-,-,-,6.82,11.99%,"47,942"
TTT,-,-,-,-,-,-,-,-,-,-,-,-,-,64.20,0.36%,"3,493"
TTWO,44.32B,-,23.98,0.64,6.66,12.61,22.13,96.04,65.17%,47.06%,-,37.35%,14.56%,238.72,1.25%,"2,765,660"
TTXD,-,-,-,-,-,-,-,-,-,-,-,-,-,15.07,-2.59%,"5,809"
TTXU,-,-,-,-,-,-,-,-,-,-,-,-,-,30.76,2.48%,"30,429"
TU,17.44B,25.47,15.53,2.43,1.19,1.55,18.69,13.05,-1.28%,6.82%,-5.92%,6.38%,4.95%,11.08,-1.34%,"4,774,129"
TUA,-,-,-,-,-,-,-,-,-,-,-,-,-,20.48,-0.05%,"1,128,537"
TUG,-,-,-,-,-,-,-,-,-,-,-,-,-,45.93,0.32%,"4,791"
TUGN,-,-,-,-,-,-,-,-,-,-,-,-,-,27.54,-0.89%,"19,865"
TULP,17.47M,-,-,-,0.36,1.07,19.63,-,-,-,0.15%,-,11.90%,3.66,-2.40%,989
TUR,-,-,-,-,-,-,-,-,-,-,-,-,-,39.25,-0.78%,"218,837"
TURB,16.97M,-,-,-,0.74,9.03,27.37,-,-,-,-,-,2.56%,1.54,4.76%,"67,361"
TURF,-,-,-,-,-,-,-,-,-,-,-,-,-,31.08,0.44%,"6,706"
TUSB,-,-,-,-,-,-,-,-,-,-,-,-,-,50.47,0.00%,"10,242"
TUSI,-,-,-,-,-,-,-,-,-,-,-,-,-,25.36,0.02%,"302,561"
TUSK,131.02M,-,-,-,2.09,0.50,0.95,-,-,-,7.09%,-,-32.37%,2.72,-10.82%,"958,737"
TUYA,955.61M,17.20,13.28,2.72,2.90,1.07,1.00,-,-9.62%,12.77%,-,4.89%,12.36%,1.76,-1.12%,"841,566"
TV,1.17B,-,11.08,-,0.37,0.27,0.61,7.19,129.46%,13.92%,-54.43%,-,-7.50%,2.72,-0.73%,"526,620"
TVA,315.00M,57.35,-,-,-,1.41,670.21,-,-,-,-,-,-,10.50,0.38%,"119,597"
TVAI,280.39M,55.64,-,-,-,1.41,2156.85,572.22,-,-,-,-,-,10.31,0.00%,0
TVAL,-,-,-,-,-,-,-,-,-,-,-,-,-,41.53,0.61%,"83,872"
TVGN,40.25M,-,-,-,-,-,58.33,-,-,-,-305.12%,-,-,9.54,-2.85%,"25,787"
TVIVU,150.30M,-,-,-,-,-,-,-,-,-,-,-,-,10.02,0.10%,"2,175"
TVRD,22.14M,-,-,-,-,1.53,0.89,-,22.19%,-5.17%,-,5.77%,-,2.36,0.43%,"52,530"
TVTX,5.49B,-,24.30,-,10.24,55.25,20.74,138.59,167.29%,1144.85%,30.85%,-,19.87%,59.03,2.32%,"2,699,473"
TW,21.60B,22.58,20.01,1.42,10.00,2.94,11.14,18.57,16.74%,12.87%,33.73%,14.11%,18.12%,91.50,-4.74%,"2,481,911"
TWAV,4.46M,-,-,-,1.77,0.49,2.09,-,-,-,68.50%,-,-30.78%,1.29,-0.77%,"82,884"
TWFG,1.16B,39.57,19.47,1.53,4.36,4.38,8.07,19.33,16.16%,7.48%,-,12.75%,-,21.39,-3.13%,"138,535"
TWG,3.46M,3.88,-,-,2.96,0.97,11.17,-,-,-,-,-,364.11%,2.17,-2.69%,"37,283"
TWI,508.53M,-,22.30,-,0.28,1.03,2.97,-,49.94%,383.12%,-0.07%,-,7.74%,7.90,5.19%,"376,462"
TWIN,334.76M,12.54,-,-,0.92,1.80,20.78,434.75,-,-,46.18%,-,6.66%,23.21,3.76%,"108,834"
TWLO,28.97B,296.08,28.78,1.76,5.46,3.73,12.35,32.21,16.87%,16.04%,-,16.31%,23.53%,190.88,1.35%,"2,656,193"
TWLV,234.14M,161.47,-,-,-,1.39,468.29,-,-,-,-,-,-,9.99,-0.05%,107
TWM,-,-,-,-,-,-,-,-,-,-,-,-,-,20.89,-1.46%,"491,906"
TWN,550.78M,2.47,-,-,83.29,1.62,-,-,-,-,-,-,-,95.92,-0.21%,"72,177"
TWO,1.30B,-,10.69,-,1.81,1.15,1.71,38.76,-0.95%,1.62%,27.83%,-,-,12.39,0.16%,"791,207"
TWOX,-,-,-,-,-,-,-,-,-,-,-,-,-,28.85,0.03%,67
TWST,6.02B,-,-,-,14.70,13.20,35.06,-,-59.78%,34.77%,18.31%,12.16%,33.11%,96.65,5.80%,"2,781,264"
TX,8.91B,15.80,7.51,0.17,0.58,0.73,2.84,-,128.81%,20.02%,-11.30%,45.43%,11.95%,45.37,0.91%,"146,093"
TXBC,-,-,-,-,-,-,-,-,-,-,-,-,-,11.81,-1.06%,"2,450"
TXG,4.54B,-,-,-,7.10,5.66,8.40,37.13,-117.52%,15.67%,42.10%,-9.01%,16.55%,35.73,3.27%,"2,833,752"
TXMD,23.49M,131.82,-,-,7.01,0.87,2.79,8.80,-,-,72.84%,-,-45.84%,2.03,1.00%,"33,253"
TXN,283.78B,53.34,34.84,1.53,15.39,16.91,55.61,76.26,41.37%,16.17%,-1.81%,22.76%,4.10%,311.81,2.87%,"8,617,244"
TXNM,6.36B,41.55,17.41,1.14,2.91,1.84,1132.48,-,25.79%,12.67%,-7.23%,15.28%,7.30%,57.49,0.03%,"1,111,971"
TXNU,-,-,-,-,-,-,-,-,-,-,-,-,-,58.31,5.63%,"60,464"
TXO,689.98M,-,13.99,-,1.58,1.14,87.45,-,18.69%,355.27%,39.68%,-,36.93%,12.49,1.22%,"210,195"
TXRH,12.53B,30.46,24.85,1.69,2.07,8.27,58.39,34.74,5.30%,19.43%,68.63%,14.67%,19.64%,190.61,1.92%,"1,367,097"
TXS,-,-,-,-,-,-,-,-,-,-,-,-,-,39.76,0.30%,"2,900"
TXT,15.49B,17.01,12.16,1.22,1.02,1.94,9.62,18.03,6.80%,12.42%,30.51%,9.95%,4.90%,89.06,2.91%,"2,004,194"
TXUE,-,-,-,-,-,-,-,-,-,-,-,-,-,34.31,0.45%,"41,955"
TXUG,-,-,-,-,-,-,-,-,-,-,-,-,-,26.66,0.20%,5
TXXD,-,-,-,-,-,-,-,-,-,-,-,-,-,3.28,-3.47%,"84,194"
TXXH,-,-,-,-,-,-,-,-,-,-,-,-,-,47.50,8.63%,"15,903"
TXXI,-,-,-,-,-,-,-,-,-,-,-,-,-,50.86,0.20%,"6,526"
TXXS,-,-,-,-,-,-,-,-,-,-,-,-,-,1.96,-1.49%,"152,832"
TY,1.86B,7.10,-,-,27.19,0.96,-,-,-,-,-,-,-,34.86,-0.06%,"100,647"
TYA,-,-,-,-,-,-,-,-,-,-,-,-,-,12.87,0.08%,"27,282"
TYD,-,-,-,-,-,-,-,-,-,-,-,-,-,23.95,0.17%,"21,091"
TYG,911.11M,-,-,-,36.61,0.93,-,-,-,-,-,-,-,43.13,0.07%,"134,871"
TYGO,176.88M,69.97,16.64,-,1.61,4.33,15.29,242.30,241.67%,229.41%,-210.58%,-,-,2.33,-2.92%,"1,097,013"
TYL,11.85B,38.83,18.98,1.25,4.98,3.35,34.22,17.23,13.78%,15.09%,8.96%,15.16%,15.87%,281.09,-1.73%,"833,371"
TYLD,-,-,-,-,-,-,-,-,-,-,-,-,-,25.26,0.04%,300
TYLG,-,-,-,-,-,-,-,-,-,-,-,-,-,41.34,0.68%,"3,537"
TYO,-,-,-,-,-,-,-,-,-,-,-,-,-,13.81,-0.29%,"18,121"
TYRA,1.84B,-,-,-,-,4.75,4.80,-,-29.08%,-9.22%,-55.76%,-13.96%,-,30.94,1.88%,"634,165"
TYYY,-,-,-,-,-,-,-,-,-,-,-,-,-,41.52,-0.38%,13
TZA,-,-,-,-,-,-,-,-,-,-,-,-,-,3.86,-2.03%,"369,108,031"
TZOO,111.64M,29.98,11.06,0.35,1.20,-,10.56,18.06,66.83%,43.57%,-,31.39%,11.34%,10.86,1.31%,"206,852"
U,11.66B,-,50.16,-,6.06,3.92,5.45,25.18,1.17%,156.12%,1.50%,-,19.08%,26.71,-1.62%,"4,559,695"
UA,2.55B,-,24.95,0.50,0.51,1.77,2.78,-,-5.83%,108.90%,0.80%,49.64%,2.22%,5.89,0.17%,"3,140,386"
UAA,2.56B,-,26.18,0.55,0.51,1.83,2.79,-,-5.83%,105.54%,0.80%,47.34%,2.22%,6.08,0.33%,"9,142,305"
UAC,137.56M,-,-,-,-,1.36,63.98,-,-,-,-,-,-,9.93,-0.59%,810
UAE,-,-,-,-,-,-,-,-,-,-,-,-,-,19.10,-3.63%,"274,342"
UAL,43.69B,12.01,9.35,0.56,0.72,2.75,3.08,13.62,-10.53%,51.57%,-,16.73%,30.93%,134.60,3.11%,"7,323,115"
UAMY,1.02B,-,22.23,-,26.04,7.44,129.66,-,225.00%,517.07%,5.21%,-,49.62%,6.86,4.41%,"6,252,884"
UAN,1.16B,9.53,-,-,1.80,3.71,9.04,10.33,-,-,-,-,11.61%,109.55,1.40%,"42,172"
UAPR,-,-,-,-,-,-,-,-,-,-,-,-,-,34.88,0.19%,"6,338"
UAUG,-,-,-,-,-,-,-,-,-,-,-,-,-,41.84,0.01%,"15,767"
UAVS,48.03M,-,-,-,4.55,1.15,1.32,-,-,-,72.72%,-,58.38%,0.82,-5.13%,"946,933"
UBCP,91.17M,11.71,9.73,0.91,1.91,1.35,-,-,0.75%,20.00%,-0.59%,10.74%,6.58%,15.77,-1.44%,711
UBER,147.07B,18.01,16.40,4.06,2.74,5.94,21.72,15.01,-30.37%,33.78%,-,4.04%,36.10%,72.25,-2.17%,"14,521,682"
UBEW,-,-,-,-,-,-,-,-,-,-,-,-,-,27.80,-2.63%,"3,957"
UBND,-,-,-,-,-,-,-,-,-,-,-,-,-,21.77,0.11%,"171,841"
UBOT,-,-,-,-,-,-,-,-,-,-,-,-,-,24.25,0.00%,"8,662"
UBR,-,-,-,-,-,-,-,-,-,-,-,-,-,28.85,2.05%,171
UBRL,-,-,-,-,-,-,-,-,-,-,-,-,-,15.06,-4.62%,"127,017"
UBS,151.80B,17.89,12.16,0.63,1.91,1.68,-,-,25.33%,19.13%,6.13%,19.24%,19.62%,49.94,1.09%,"1,673,727"
UBSI,6.36B,12.97,12.16,-,3.46,1.16,-,12.21,10.50%,5.12%,6.37%,-,16.00%,46.18,1.09%,"1,234,180"
UBT,-,-,-,-,-,-,-,-,-,-,-,-,-,16.62,-0.24%,"61,154"
UBXG,16.64M,-,-,-,0.69,0.27,1.69,-,-,-,-21.88%,-,-13.58%,8.32,-2.00%,"1,120,932"
UCAR,30.89M,-,-,-,5.39,0.02,9.68,-,-,-,-6.60%,-,93.28%,1.20,-6.25%,"169,241"
UCB,4.20B,12.82,10.75,-,2.72,1.15,-,9.72,9.07%,10.34%,6.49%,-,16.39%,35.06,1.48%,"1,067,400"
UCC,-,-,-,-,-,-,-,-,-,-,-,-,-,44.78,-3.26%,"4,838"
UCIB,-,-,-,-,-,-,-,-,-,-,-,-,-,32.48,0.86%,274
UCL,24.33M,10.42,15.69,-,0.30,1.39,0.60,-,-239.53%,700.00%,-,-,-1.86%,0.94,-5.87%,"10,539"
UCO,-,-,-,-,-,-,-,-,-,-,-,-,-,34.26,4.80%,"2,973,642"
UCON,-,-,-,-,-,-,-,-,-,-,-,-,-,24.90,-0.32%,"484,499"
UCOP,-,-,-,-,-,-,-,-,-,-,-,-,-,38.14,3.91%,"1,272"
UCRD,-,-,-,-,-,-,-,-,-,-,-,-,-,21.58,0.05%,121
UCTT,5.41B,-,24.93,0.28,2.61,8.61,16.72,-,146.77%,86.77%,-,89.64%,7.99%,120.66,11.29%,"1,497,591"
UCYB,-,-,-,-,-,-,-,-,-,-,-,-,-,66.19,-0.13%,"1,185"
UDEC,-,-,-,-,-,-,-,-,-,-,-,-,-,41.36,-0.02%,"4,843"
UDI,-,-,-,-,-,-,-,-,-,-,-,-,-,35.57,0.47%,419
UDIV,-,-,-,-,-,-,-,-,-,-,-,-,-,59.26,0.14%,"6,157"
UDN,-,-,-,-,-,-,-,-,-,-,-,-,-,17.80,0.17%,"177,400"
UDOW,-,-,-,-,-,-,-,-,-,-,-,-,-,68.71,0.42%,"1,541,516"
UDR,20.53B,26.61,73.93,-,11.96,3.93,589.89,23.08,-26.33%,-36.47%,40.79%,-16.56%,6.65%,39.10,1.85%,"3,716,021"
UE,3.12B,27.38,46.52,3.16,6.41,2.29,41.08,45.48,48.23%,-2.62%,-1.32%,14.70%,7.41%,23.38,0.65%,"1,206,571"
UEC,5.24B,-,-,-,259.44,3.68,10.74,-,9.52%,76.59%,-20.77%,-,-,10.59,-2.84%,"7,604,948"
UECG,-,-,-,-,-,-,-,-,-,-,-,-,-,4.08,-5.95%,"106,614"
UEIC,53.81M,-,6.55,-,0.15,0.39,1.80,5.24,12.90%,85.71%,-,-,-9.74%,4.26,0.24%,"35,279"
UEVM,-,-,-,-,-,-,-,-,-,-,-,-,-,58.07,-0.11%,"6,466"
UFCS,1.29B,10.01,10.82,-,0.90,1.35,-,4.49,-1.74%,2.58%,-,-,5.34%,50.15,-1.78%,"122,886"
UFEB,-,-,-,-,-,-,-,-,-,-,-,-,-,38.37,-0.05%,"6,782"
UFG,27.59M,-,-,-,0.14,3.38,2.83,-,120.00%,-,-,-,-,0.85,-2.30%,"184,008"
UFI,86.99M,-,78.00,-,0.17,0.38,3.28,5.23,50.19%,104.62%,18.54%,-,-1.19%,4.68,0.21%,"108,597"
UFIV,-,-,-,-,-,-,-,-,-,-,-,-,-,48.46,0.08%,"5,976"
UFO,-,-,-,-,-,-,-,-,-,-,-,-,-,45.56,-1.98%,"1,238,470"
UFOD,-,-,-,-,-,-,-,-,-,-,-,-,-,24.85,-0.14%,510
UFOX,-,-,-,-,-,-,-,-,-,-,-,-,-,88.43,-0.51%,"50,937"
UFPI,5.20B,20.21,16.67,1.57,0.84,1.69,6.77,17.30,-7.15%,18.69%,4.53%,10.59%,4.16%,92.07,2.53%,"477,646"
UFPT,1.96B,28.69,23.70,2.12,3.21,4.46,97.87,28.16,8.60%,12.21%,37.73%,11.16%,27.43%,252.73,4.03%,"195,294"
UG,32.75M,13.86,-,-,2.99,3.00,4.07,15.02,-,-,-8.62%,-,-0.82%,7.13,-0.84%,"4,094"
UGA,-,-,-,-,-,-,-,-,-,-,-,-,-,102.56,4.14%,"40,007"
UGE,-,-,-,-,-,-,-,-,-,-,-,-,-,19.12,-0.64%,"56,883"
UGI,7.54B,12.31,10.53,3.66,1.02,1.39,14.22,31.67,-11.22%,13.29%,4.06%,2.88%,2.16%,35.16,0.89%,"1,056,438"
UGL,-,-,-,-,-,-,-,-,-,-,-,-,-,44.11,1.78%,"2,001,081"
UGLD,-,-,-,-,-,-,-,-,-,-,-,-,-,19.51,1.78%,"15,443"
UGP,5.19B,9.70,8.63,0.62,0.19,1.57,3.62,11.95,22.01%,3.18%,20.85%,13.93%,12.16%,4.86,-0.41%,"1,879,822"
UHAL,11.54B,270.57,31.14,-,1.91,1.70,10.30,-,381.25%,83.55%,-62.09%,-,5.85%,66.02,3.01%,"274,090"
UHAL-B,11.54B,237.95,-,-,1.91,1.50,10.30,-,-,-,-62.09%,-,5.85%,58.06,3.02%,"500,621"
UHS,8.74B,6.02,5.71,0.62,0.49,1.17,73.45,9.58,8.00%,7.81%,15.93%,9.26%,8.48%,144.46,-0.65%,"757,675"
UHT,579.17M,32.43,-,-,5.84,3.92,82.04,11.56,-,-,-2.11%,-,4.92%,41.74,0.17%,"223,087"
UI,32.75B,34.78,31.40,-,10.58,27.24,88.83,44.20,39.16%,13.00%,15.17%,-,14.91%,541.10,-1.62%,"118,510"
UIS,255.17M,-,2.92,0.23,0.13,-,0.67,-,-10.42%,43.78%,0.57%,12.93%,-0.76%,3.50,-3.05%,"544,028"
UITB,-,-,-,-,-,-,-,-,-,-,-,-,-,46.93,0.06%,"108,764"
UIVM,-,-,-,-,-,-,-,-,-,-,-,-,-,71.94,0.75%,"1,411"
UJAN,-,-,-,-,-,-,-,-,-,-,-,-,-,45.01,0.01%,"145,757"
UJB,-,-,-,-,-,-,-,-,-,-,-,-,-,78.40,0.05%,522
UJUL,-,-,-,-,-,-,-,-,-,-,-,-,-,40.67,0.05%,"8,636"
UJUN,-,-,-,-,-,-,-,-,-,-,-,-,-,38.13,0.00%,"45,910"
UK,1.39M,-,-,-,0.08,0.03,0.14,-,-,-,62.43%,-,-50.88%,2.06,2.49%,"345,443"
UL,130.43B,19.36,15.52,3.43,2.30,7.24,21.94,17.18,1.44%,5.08%,2.89%,4.52%,-0.29%,60.54,0.95%,"3,407,276"
ULBI,103.77M,-,-,-,0.55,0.80,11.67,16.98,-,-,-,-,12.16%,6.23,0.00%,"18,909"
ULCC,1.85B,-,33.31,-,0.49,8.34,2.40,-,-59.01%,125.36%,10.48%,-,24.40%,8.06,8.48%,"5,150,594"
ULE,-,-,-,-,-,-,-,-,-,-,-,-,-,12.24,0.12%,"1,476"
ULH,401.61M,-,12.69,-,0.26,0.75,22.41,-,114.51%,118.18%,-,-,2.30%,15.23,0.66%,"44,014"
ULS,19.32B,55.86,37.16,3.06,6.22,14.62,74.87,42.92,15.58%,12.13%,6.75%,12.14%,5.82%,95.83,3.47%,"1,555,170"
ULST,-,-,-,-,-,-,-,-,-,-,-,-,-,40.40,0.01%,"18,893"
ULTA,20.87B,18.20,15.20,1.34,1.64,8.14,94.32,18.47,12.27%,10.93%,52.49%,11.31%,15.04%,485.52,1.38%,"985,619"
ULTI,-,-,-,-,-,-,-,-,-,-,-,-,-,11.15,-2.66%,"121,221"
ULTY,-,-,-,-,-,-,-,-,-,-,-,-,-,29.22,0.27%,"539,300"
ULVM,-,-,-,-,-,-,-,-,-,-,-,-,-,106.65,0.60%,585
UMAC,899.01M,-,-,-,52.12,2.71,3.17,-,57.66%,-74.47%,-141.20%,18.54%,588.32%,18.81,-3.64%,"3,171,942"
UMAL,-,-,-,-,-,-,-,-,-,-,-,-,-,11.50,-5.91%,"4,068"
UMAR,-,-,-,-,-,-,-,-,-,-,-,-,-,41.85,-0.08%,"7,606"
UMAY,-,-,-,-,-,-,-,-,-,-,-,-,-,37.62,0.03%,"6,141"
UMBF,10.90B,12.72,10.41,0.92,2.54,1.45,-,11.05,14.00%,6.51%,9.41%,11.32%,26.89%,143.41,1.37%,"702,542"
UMC,69.75B,42.99,30.16,0.95,8.94,5.48,16.61,41.40,38.18%,24.60%,5.48%,31.76%,4.89%,27.73,-1.00%,"20,932,071"
UMCX,-,-,-,-,-,-,-,-,-,-,-,-,-,27.85,-1.63%,"10,953"
UMDD,-,-,-,-,-,-,-,-,-,-,-,-,-,36.67,2.53%,"9,147"
UMH,1.29B,146.23,87.65,-,4.83,2.26,34.42,14.30,100.00%,23.21%,-,-,9.85%,15.12,-1.37%,"391,954"
UMI,-,-,-,-,-,-,-,-,-,-,-,-,-,59.66,1.55%,"22,463"
UMMA,-,-,-,-,-,-,-,-,-,-,-,-,-,39.33,2.26%,"37,044"
UNB,120.89M,10.43,-,-,1.37,1.50,-,-,-,-,-3.27%,-,10.66%,26.20,4.88%,"20,134"
UNCY,219.20M,-,1.39,-,-,5.50,4.02,-,14.40%,514.49%,-2.40%,-,-,8.21,4.06%,"1,261,598"
UNF,4.56B,35.58,33.01,44.01,1.85,2.09,28.95,50.47,-14.14%,12.09%,2.28%,0.75%,6.16%,262.41,-0.46%,"136,060"
UNFI,3.04B,-,15.31,0.20,0.10,1.91,70.79,9.25,258.34%,29.17%,17.38%,74.81%,3.66%,50.30,-1.72%,"589,860"
UNG,-,-,-,-,-,-,-,-,-,-,-,-,-,11.75,0.17%,"6,257,997"
UNH,377.36B,31.38,19.85,1.31,0.84,3.85,-,19.19,12.48%,13.84%,-3.76%,15.15%,11.72%,415.53,2.40%,"5,928,029"
UNHG,-,-,-,-,-,-,-,-,-,-,-,-,-,23.01,4.82%,"929,558"
UNHU,-,-,-,-,-,-,-,-,-,-,-,-,-,55.69,5.12%,"1,715"
UNHW,-,-,-,-,-,-,-,-,-,-,-,-,-,54.13,3.00%,"4,102"
UNIT,2.78B,3.50,-,-,0.95,8.42,2.46,-,-133.34%,1.90%,-,-,15.93%,11.46,1.24%,"1,131,866"
UNIY,-,-,-,-,-,-,-,-,-,-,-,-,-,48.50,-0.30%,256
UNL,-,-,-,-,-,-,-,-,-,-,-,-,-,6.49,0.08%,"44,015"
UNM,14.21B,19.31,9.15,0.91,1.07,1.31,-,26.37,8.09%,10.61%,1.87%,10.08%,-0.16%,88.92,0.30%,"1,077,520"
UNOV,-,-,-,-,-,-,-,-,-,-,-,-,-,39.78,-0.03%,"3,813"
UNP,158.95B,22.04,19.47,2.17,6.44,8.19,152.26,27.90,8.32%,8.89%,8.75%,8.96%,4.64%,267.73,2.99%,"2,929,023"
UNTY,581.77M,9.75,9.16,-,3.01,1.62,-,14.10,15.14%,8.35%,10.60%,-,14.24%,57.94,-0.34%,"41,426"
UNX,-,-,-,-,-,-,-,-,-,-,-,-,-,40.70,-2.99%,"1,272"
UOCT,-,-,-,-,-,-,-,-,-,-,-,-,-,40.80,-0.01%,"6,798"
UONE,19.95M,-,-,-,0.06,1.03,0.71,2.25,-,-,-78.83%,-,-0.10%,5.26,-3.66%,"32,152"
UP,257.45M,-,-,-,0.35,-,4.76,-,98.94%,-41.44%,38.76%,-,1.17%,7.10,2.31%,"89,066"
UPAL,-,-,-,-,-,-,-,-,-,-,-,-,-,21.57,3.61%,413
UPAR,-,-,-,-,-,-,-,-,-,-,-,-,-,16.53,0.67%,"2,094"
UPB,346.11M,-,-,-,104.25,1.14,1.17,-,-5.35%,-1.88%,-,-5.14%,-,6.36,0.16%,"469,883"
UPBD,1.16B,13.84,4.17,0.43,0.24,1.62,11.75,4.34,1.66%,13.27%,-19.66%,9.65%,10.78%,19.84,1.28%,"1,292,599"
UPC,1.79M,-,-,-,0.10,0.03,0.05,-,-,-,-,-,-10.27%,2.84,-3.73%,"2,411"
UPGD,-,-,-,-,-,-,-,-,-,-,-,-,-,81.22,0.07%,"1,193"
UPGR,-,-,-,-,-,-,-,-,-,-,-,-,-,26.81,-0.38%,"1,145"
UPLD,12.65M,-,0.61,-,0.06,-,0.42,0.58,-22.83%,0.00%,4.05%,-,-5.76%,4.31,-3.79%,"22,601"
UPLT,-,-,-,-,-,-,-,-,-,-,-,-,-,21.93,3.53%,822
UPRO,-,-,-,-,-,-,-,-,-,-,-,-,-,134.73,0.02%,"2,307,359"
UPS,92.91B,17.70,13.80,2.23,1.05,5.89,16.01,20.57,-0.91%,11.65%,33.57%,6.18%,0.98%,109.31,2.99%,"5,049,843"
UPSD,-,-,-,-,-,-,-,-,-,-,-,-,-,27.46,-0.21%,"7,136"
UPSG,-,-,-,-,-,-,-,-,-,-,-,-,-,17.11,5.71%,510
UPST,3.16B,85.11,15.58,0.51,2.77,4.30,3.39,-,-29.69%,81.71%,40.90%,30.36%,34.93%,32.97,0.98%,"3,901,572"
UPSX,-,-,-,-,-,-,-,-,-,-,-,-,-,19.95,2.52%,"95,229"
UPV,-,-,-,-,-,-,-,-,-,-,-,-,-,97.28,1.88%,422
UPW,-,-,-,-,-,-,-,-,-,-,-,-,-,24.47,1.02%,"6,318"
UPWK,970.85M,9.79,4.48,0.34,1.23,1.71,1.67,4.73,9.65%,13.43%,-,13.21%,16.09%,7.86,-4.38%,"2,239,945"
UPXI,53.40M,-,-,-,2.04,-,0.45,-,-96.20%,91.29%,25.24%,-,16.36%,0.76,-3.80%,"1,803,794"
URA,-,-,-,-,-,-,-,-,-,-,-,-,-,43.92,-1.79%,"2,828,686"
URAA,-,-,-,-,-,-,-,-,-,-,-,-,-,25.85,-3.76%,"57,887"
URAN,-,-,-,-,-,-,-,-,-,-,-,-,-,38.85,-0.30%,"3,784"
URBN,6.11B,13.70,10.65,1.32,0.97,2.34,14.79,40.64,13.04%,8.95%,231.76%,8.10%,12.31%,71.37,-1.31%,"945,768"
URE,-,-,-,-,-,-,-,-,-,-,-,-,-,70.55,0.19%,561
URG,516.53M,-,61.18,-,16.59,6.23,4.19,-,41.11%,118.04%,-17.70%,-,26.75%,1.30,-3.70%,"11,815,286"
URGN,1.68B,-,27.97,-,11.92,-,11.83,-,71.64%,235.86%,11.57%,-,56.22%,34.38,-2.94%,"404,046"
URI,71.39B,29.09,21.18,1.65,4.36,7.97,457.60,107.67,11.67%,14.52%,25.90%,12.83%,13.55%,1139.51,5.15%,"755,778"
URNJ,-,-,-,-,-,-,-,-,-,-,-,-,-,23.35,-2.14%,"127,840"
URNM,-,-,-,-,-,-,-,-,-,-,-,-,-,53.26,-1.90%,"596,000"
UROY,399.89M,118.18,186.48,-,10.12,1.42,3.90,13.55,175.19%,-33.05%,2.97%,-,-,2.73,-1.80%,"1,843,844"
URSP,-,-,-,-,-,-,-,-,-,-,-,-,-,48.63,1.34%,"289,344"
URTH,-,-,-,-,-,-,-,-,-,-,-,-,-,199.29,0.15%,"1,167,776"
URTY,-,-,-,-,-,-,-,-,-,-,-,-,-,86.05,1.93%,"1,721,243"
USA,1.72B,10.20,-,-,56.75,0.84,-,-,-,-,-,-,-,5.71,1.06%,"1,407,191"
USAC,3.83B,26.97,17.35,0.60,3.53,12.08,263.49,12.64,36.69%,30.92%,-,29.10%,8.37%,26.39,6.37%,"174,191"
USAF,-,-,-,-,-,-,-,-,-,-,-,-,-,27.24,-0.01%,319
USAI,-,-,-,-,-,-,-,-,-,-,-,-,-,45.88,1.31%,"7,118"
USAR,4.72B,-,-,-,643.23,2.40,2.70,-,37.34%,59.62%,-,-,-,20.66,-3.55%,"11,779,286"
USAS,1.57B,-,10.32,-,9.61,6.56,12.79,-,160.02%,134.29%,11.57%,-,32.33%,4.79,5.04%,"3,895,672"
USAU,238.45M,-,-,-,-,4.52,6.61,-,58.33%,20.67%,10.69%,-,-,14.45,0.21%,"160,893"
USAX,-,-,-,-,-,-,-,-,-,-,-,-,-,17.78,-6.52%,"98,235"
USB,95.02B,12.82,10.75,0.98,2.19,1.61,-,9.90,10.47%,11.55%,8.57%,10.97%,13.15%,61.21,1.83%,"11,418,614"
USBC,120.33M,-,-,-,-,2.01,58.98,-,-,-,56.54%,-,-,0.31,-8.82%,"586,156"
USCA,-,-,-,-,-,-,-,-,-,-,-,-,-,42.75,-0.55%,"32,706"
USCB,363.27M,13.87,9.05,-,2.34,1.63,-,8.47,19.95%,9.76%,11.61%,-,20.96%,19.89,-0.45%,"31,169"
USCI,-,-,-,-,-,-,-,-,-,-,-,-,-,92.66,1.60%,"30,798"
USCL,-,-,-,-,-,-,-,-,-,-,-,-,-,81.21,-0.55%,291
USD,-,-,-,-,-,-,-,-,-,-,-,-,-,100.65,4.73%,"1,022,086"
USDU,-,-,-,-,-,-,-,-,-,-,-,-,-,26.77,-0.11%,"400,768"
USDX,-,-,-,-,-,-,-,-,-,-,-,-,-,25.80,-0.12%,"29,826"
USE,-,-,-,-,-,-,-,-,-,-,-,-,-,26.95,2.72%,147
USEA,25.27M,-,-,-,0.67,0.43,2.50,-,119.57%,-111.11%,-,-,55.74%,2.65,-0.38%,"67,533"
USEP,-,-,-,-,-,-,-,-,-,-,-,-,-,41.11,0.06%,"23,725"
USEW,-,-,-,-,-,-,-,-,-,-,-,-,-,55.16,0.49%,16
USFD,21.19B,32.41,17.42,1.01,0.53,4.89,432.44,24.99,18.51%,17.11%,-,17.22%,11.49%,96.22,0.91%,"5,155,904"
USFE,-,-,-,-,-,-,-,-,-,-,-,-,-,33.59,-0.05%,109
USFR,-,-,-,-,-,-,-,-,-,-,-,-,-,50.33,-0.28%,"6,868,902"
USG,-,-,-,-,-,-,-,-,-,-,-,-,-,31.84,0.88%,"2,374"
USGG,-,-,-,-,-,-,-,-,-,-,-,-,-,10.82,-5.98%,"317,554"
USGO,106.04M,-,-,-,-,16.95,22.32,-,10.91%,-,-62.17%,-,-,7.94,-1.49%,"41,023"
USHY,-,-,-,-,-,-,-,-,-,-,-,-,-,36.99,0.08%,"10,907,651"
USIG,-,-,-,-,-,-,-,-,-,-,-,-,-,51.41,0.07%,"1,451,061"
USIN,-,-,-,-,-,-,-,-,-,-,-,-,-,49.73,-0.26%,149
USIO,59.33M,-,34.40,-,0.67,3.28,7.68,-,100.00%,-,13.11%,-,21.50%,2.15,-0.46%,"157,543"
USL,-,-,-,-,-,-,-,-,-,-,-,-,-,46.18,2.34%,"10,702"
USLM,3.07B,23.56,18.35,1.87,8.32,4.65,8.02,33.62,10.06%,13.62%,36.10%,9.79%,18.32%,107.15,-0.03%,"163,871"
USLN,-,-,-,-,-,-,-,-,-,-,-,-,-,50.51,-0.02%,2
USLV,-,-,-,-,-,-,-,-,-,-,-,-,-,13.49,1.58%,"38,519"
USMC,-,-,-,-,-,-,-,-,-,-,-,-,-,72.83,0.43%,"38,751"
USMD,-,-,-,-,-,-,-,-,-,-,-,-,-,30.82,0.07%,2
USMF,-,-,-,-,-,-,-,-,-,-,-,-,-,53.73,0.86%,"13,533"
USML,-,-,-,-,-,-,-,-,-,-,-,-,-,41.94,0.00%,29
USMV,-,-,-,-,-,-,-,-,-,-,-,-,-,94.89,0.03%,"2,061,732"
USNA,363.35M,41.40,7.10,-,0.39,0.67,2.23,122.75,9.84%,30.66%,-37.06%,-,-4.00%,19.68,-1.30%,"97,203"
USNG,-,-,-,-,-,-,-,-,-,-,-,-,-,37.36,1.33%,"3,067"
USNZ,-,-,-,-,-,-,-,-,-,-,-,-,-,46.17,-0.24%,29
USO,-,-,-,-,-,-,-,-,-,-,-,-,-,109.31,2.84%,"6,171,000"
USOI,-,-,-,-,-,-,-,-,-,-,-,-,-,44.38,2.76%,"46,300"
USOY,-,-,-,-,-,-,-,-,-,-,-,-,-,6.72,1.74%,"461,569"
USPH,1.01B,133.49,19.47,1.76,1.27,2.15,35.49,14.85,6.36%,21.80%,-10.50%,11.03%,13.05%,66.32,0.17%,"281,893"
USPX,-,-,-,-,-,-,-,-,-,-,-,-,-,64.24,-0.02%,"53,874"
USRD,-,-,-,-,-,-,-,-,-,-,-,-,-,36.75,-0.12%,6
USRT,-,-,-,-,-,-,-,-,-,-,-,-,-,66.79,0.57%,"610,284"
USSE,-,-,-,-,-,-,-,-,-,-,-,-,-,39.23,0.00%,"53,033"
USSG,-,-,-,-,-,-,-,-,-,-,-,-,-,67.83,-0.02%,"10,536"
USSH,-,-,-,-,-,-,-,-,-,-,-,-,-,50.24,-0.26%,928
UST,-,-,-,-,-,-,-,-,-,-,-,-,-,42.51,0.16%,"13,473"
USTB,-,-,-,-,-,-,-,-,-,-,-,-,-,50.59,0.02%,"127,184"
USVM,-,-,-,-,-,-,-,-,-,-,-,-,-,109.01,0.79%,"50,268"
USVN,-,-,-,-,-,-,-,-,-,-,-,-,-,47.85,0.09%,"2,927"
USX,-,-,-,-,-,-,-,-,-,-,-,-,-,23.42,0.06%,3
USXF,-,-,-,-,-,-,-,-,-,-,-,-,-,68.40,1.24%,"42,570"
UTEN,-,-,-,-,-,-,-,-,-,-,-,-,-,43.47,0.06%,"52,243"
UTES,-,-,-,-,-,-,-,-,-,-,-,-,-,83.94,1.41%,"108,646"
UTF,3.08B,6.95,-,-,21.12,1.08,-,-,-,-,-,-,-,27.54,0.92%,"220,775"
UTG,3.78B,4.82,-,-,40.51,1.06,-,-,-,-,-,-,-,41.34,0.58%,"302,419"
UTHR,23.07B,20.06,16.41,1.23,7.28,3.88,10.71,22.68,1.85%,16.71%,19.27%,13.37%,16.50%,543.39,-1.18%,"272,742"
UTHY,-,-,-,-,-,-,-,-,-,-,-,-,-,41.26,-0.07%,"392,754"
UTI,2.20B,52.24,46.53,6.08,2.54,6.48,13.09,1172.11,-31.48%,11.07%,84.22%,7.66%,22.68%,40.02,1.65%,"621,833"
UTL,943.08M,16.75,15.11,2.78,1.62,1.48,55.80,-,3.32%,6.24%,6.66%,5.44%,5.07%,52.42,-1.11%,"572,019"
UTMD,212.91M,19.79,-,-,5.67,1.77,2.44,16.35,-,-,3.45%,-,-1.80%,66.87,0.60%,"9,741"
UTRE,-,-,-,-,-,-,-,-,-,-,-,-,-,49.19,0.04%,276
UTSI,21.36M,-,-,-,2.38,0.57,0.52,-,-,-,20.00%,-,-18.06%,2.25,-4.26%,"66,536"
UTSL,-,-,-,-,-,-,-,-,-,-,-,-,-,47.33,1.96%,"143,448"
UTWO,-,-,-,-,-,-,-,-,-,-,-,-,-,48.10,0.03%,"94,327"
UTWY,-,-,-,-,-,-,-,-,-,-,-,-,-,43.17,-0.02%,"1,546"
UTZ,1.04B,-,8.63,1.94,0.72,0.90,14.10,24.50,-5.29%,7.77%,-,4.44%,8.33%,7.22,-1.77%,"1,294,332"
UUP,-,-,-,-,-,-,-,-,-,-,-,-,-,28.48,-0.18%,"2,075,739"
UUPP,-,-,-,-,-,-,-,-,-,-,-,-,-,25.19,0.00%,0
UUU,13.70M,-,-,-,1.27,4.61,3.19,13.17,-,-,-,-,9.74%,4.53,-2.69%,"5,850"
UUUG,-,-,-,-,-,-,-,-,-,-,-,-,-,5.24,-7.35%,"266,941"
UUUU,3.60B,-,81.19,-,42.46,4.87,3.96,-,53.76%,201.07%,-10.70%,-,108.88%,14.42,-4.06%,"6,918,763"
UVE,1.10B,5.84,8.40,-,0.69,1.88,-,3.20,-25.40%,1.62%,60.26%,-,8.38%,39.47,-3.05%,"157,745"
UVIX,-,-,-,-,-,-,-,-,-,-,-,-,-,3.47,-3.07%,"31,332,522"
UVSP,1.21B,13.10,11.55,-,2.32,1.28,-,12.81,15.87%,3.77%,14.37%,-,13.48%,43.48,0.23%,"283,547"
UVV,1.33B,41.27,12.14,-,0.45,0.94,21.31,16.51,62.88%,1.86%,-18.13%,-,8.08%,53.17,0.62%,"175,192"
UVXY,-,-,-,-,-,-,-,-,-,-,-,-,-,26.97,-2.46%,"5,348,933"
UWM,-,-,-,-,-,-,-,-,-,-,-,-,-,66.58,1.39%,"334,395"
UWMC,3.39B,7.88,4.21,0.06,1.01,2.89,8.01,-,218.66%,31.62%,-,75.47%,-,2.12,4.95%,"23,154,247"
UX,-,-,-,-,-,-,-,-,-,-,-,-,-,27.52,0.47%,943
UXAP,-,-,-,-,-,-,-,-,-,-,-,-,-,42.10,-0.02%,133
UXI,-,-,-,-,-,-,-,-,-,-,-,-,-,62.63,3.89%,"7,023"
UXIN,356.14M,-,-,-,0.66,-,51.84,-,-,47.17%,59.50%,-,35.98%,1.62,2.53%,"219,689"
UXJA,-,-,-,-,-,-,-,-,-,-,-,-,-,37.21,-0.09%,522
UXJL,-,-,-,-,-,-,-,-,-,-,-,-,-,35.57,-0.05%,194
UXOC,-,-,-,-,-,-,-,-,-,-,-,-,-,38.34,-0.03%,427
UXRP,-,-,-,-,-,-,-,-,-,-,-,-,-,9.71,-4.62%,"328,933"
UYG,-,-,-,-,-,-,-,-,-,-,-,-,-,85.06,-0.95%,"27,522"
UYLD,-,-,-,-,-,-,-,-,-,-,-,-,-,51.16,0.02%,"125,438"
UYM,-,-,-,-,-,-,-,-,-,-,-,-,-,30.91,2.46%,"10,595"
UYSC,81.83M,145.57,-,-,-,1.39,8183.34,-,-,-,-,-,-,10.67,0.19%,2
UZX,4.23M,-,-,-,141.07,35.62,-,-,-,-,-,-,-30.18%,0.35,-5.11%,"194,569"
V,622.74B,29.06,22.17,1.62,14.47,17.73,39.11,29.40,14.68%,13.32%,16.47%,13.67%,12.86%,330.52,-0.51%,"7,038,062"
VABK,246.67M,12.33,-,-,2.97,1.32,-,9.50,-,-,3.83%,-,19.78%,45.49,0.57%,"3,377"
VABS,-,-,-,-,-,-,-,-,-,-,-,-,-,24.17,0.06%,"1,164"
VAC,3.39B,-,11.87,2.19,0.67,1.70,5.69,-,3.32%,12.43%,-5.80%,5.41%,11.76%,98.73,-0.42%,"312,706"
VACI,319.85M,-,-,-,-,1.42,319.85,-,-,-,-,-,-,10.21,-0.10%,"31,799"
VAIE,-,-,-,-,-,-,-,-,-,-,-,-,-,24.31,-0.04%,"40,675"
VAL,5.36B,5.41,10.50,-,2.42,1.70,9.16,43.56,-78.26%,142.14%,-,-11.60%,10.67%,77.33,2.40%,"724,595"
VALE,64.48B,23.08,7.80,0.15,1.63,1.76,12.22,19.24,269.87%,-4.74%,-10.52%,52.14%,-0.88%,15.12,1.89%,"32,039,904"
VALG,-,-,-,-,-,-,-,-,-,-,-,-,-,18.34,3.52%,"1,070"
VALN,494.01M,-,6.76,-,2.73,5.07,4.07,-,44.45%,187.13%,0.90%,-,9.40%,5.21,-0.38%,"52,119"
VALQ,-,-,-,-,-,-,-,-,-,-,-,-,-,69.10,0.83%,"3,826"
VALU,341.61M,15.56,-,-,10.10,3.17,4.04,17.66,-,-,7.24%,-,-2.74%,36.39,4.42%,"2,063"
VAMO,-,-,-,-,-,-,-,-,-,-,-,-,-,35.95,0.75%,"2,872"
VANI,98.31M,-,-,-,-,5.06,4.98,-,21.71%,-55.94%,27.77%,-0.00%,-,1.14,-6.56%,"297,528"
VATE,253.20M,-,-,-,0.19,-,1.88,1.44,-,-,13.79%,-,11.69%,18.56,-1.43%,"108,565"
VAVX,-,-,-,-,-,-,-,-,-,-,-,-,-,12.73,-0.53%,"1,421"
VAW,-,-,-,-,-,-,-,-,-,-,-,-,-,233.08,1.47%,"45,411"
VB,-,-,-,-,-,-,-,-,-,-,-,-,-,299.61,0.80%,"585,811"
VBCA,-,-,-,-,-,-,-,-,-,-,-,-,-,75.60,0.02%,"5,424"
VBCB,-,-,-,-,-,-,-,-,-,-,-,-,-,75.58,0.05%,"9,702"
VBCC,-,-,-,-,-,-,-,-,-,-,-,-,-,75.53,0.06%,"5,654"
VBCD,-,-,-,-,-,-,-,-,-,-,-,-,-,75.59,0.09%,"5,842"
VBCE,-,-,-,-,-,-,-,-,-,-,-,-,-,75.69,0.11%,"3,521"
VBCF,-,-,-,-,-,-,-,-,-,-,-,-,-,75.78,0.11%,"6,246"
VBCG,-,-,-,-,-,-,-,-,-,-,-,-,-,75.57,0.07%,"1,053"
VBCH,-,-,-,-,-,-,-,-,-,-,-,-,-,75.79,0.11%,"2,067"
VBCI,-,-,-,-,-,-,-,-,-,-,-,-,-,75.89,0.10%,"2,146"
VBCJ,-,-,-,-,-,-,-,-,-,-,-,-,-,75.86,0.06%,"1,273"
VBF,171.95M,14.75,-,-,16.36,0.92,-,-,-,-,-,-,-,15.05,0.20%,"32,542"
VBIL,-,-,-,-,-,-,-,-,-,-,-,-,-,75.65,0.01%,"2,232,110"
VBIO,1.85M,-,-,-,3.85,0.15,0.26,-,-,-,59.16%,-,-,0.58,6.93%,"1,690,878"
VBK,-,-,-,-,-,-,-,-,-,-,-,-,-,357.83,0.97%,"319,636"
VBNB,-,-,-,-,-,-,-,-,-,-,-,-,-,21.49,-0.15%,412
VBND,-,-,-,-,-,-,-,-,-,-,-,-,-,43.71,-0.05%,"8,065"
VBNK,613.09M,27.76,10.14,-,2.60,1.51,-,11.08,50.30%,47.93%,1.24%,-,27.67%,19.04,-1.09%,"34,688"
VBR,-,-,-,-,-,-,-,-,-,-,-,-,-,242.45,0.81%,"192,635"
VBX,-,-,-,-,-,-,-,-,-,-,-,-,-,25.42,1.47%,67
VC,2.98B,18.46,11.41,0.87,0.79,1.91,4.36,14.04,10.39%,14.20%,-,13.13%,8.14%,111.50,-5.64%,"1,141,937"
VCEB,-,-,-,-,-,-,-,-,-,-,-,-,-,63.02,0.09%,"39,616"
VCEL,2.19B,104.89,48.92,0.78,7.50,6.14,15.07,46.13,47.52%,85.75%,39.20%,62.51%,17.34%,42.90,2.90%,"554,732"
VCHY,-,-,-,-,-,-,-,-,-,-,-,-,-,75.18,-0.00%,"10,685"
VCIG,25.01M,-,-,-,-,-,-,-,-,-,32.62%,-,136.56%,3.77,-16.22%,"69,332"
VCIT,-,-,-,-,-,-,-,-,-,-,-,-,-,82.79,0.12%,"12,528,371"
VCLN,-,-,-,-,-,-,-,-,-,-,-,-,-,30.86,-2.15%,"1,841"
VCLT,-,-,-,-,-,-,-,-,-,-,-,-,-,75.80,0.00%,"6,893,788"
VCOB,-,-,-,-,-,-,-,-,-,-,-,-,-,49.90,0.06%,"10,925"
VCR,-,-,-,-,-,-,-,-,-,-,-,-,-,383.73,-1.10%,"49,705"
VCRB,-,-,-,-,-,-,-,-,-,-,-,-,-,77.41,0.03%,"306,371"
VCRM,-,-,-,-,-,-,-,-,-,-,-,-,-,76.24,0.06%,"136,808"
VCSH,-,-,-,-,-,-,-,-,-,-,-,-,-,79.03,0.06%,"2,831,164"
VCTR,5.14B,18.44,10.59,0.99,3.46,2.18,67.71,12.17,12.06%,8.44%,7.17%,10.68%,11.30%,82.13,-1.61%,"349,930"
VCV,522.58M,40.92,-,-,13.86,1.09,-,-,-,-,-,-,-,10.64,0.47%,"125,164"
VCX,2.32B,-,-,-,-,-,-,-,-,-,-,-,-,81.68,-1.59%,"129,505"
VCYT,4.67B,53.90,30.85,8.20,8.62,3.48,10.64,30.08,2.73%,3.79%,-,3.76%,34.50%,58.55,3.15%,"1,470,770"
VDC,-,-,-,-,-,-,-,-,-,-,-,-,-,227.23,-0.88%,"134,697"
VDE,-,-,-,-,-,-,-,-,-,-,-,-,-,152.54,1.10%,"624,990"
VDG,-,-,-,-,-,-,-,-,-,-,-,-,-,80.76,1.46%,"5,761"
VDI,-,-,-,-,-,-,-,-,-,-,-,-,-,35.18,0.95%,27
VDIG,-,-,-,-,-,-,-,-,-,-,-,-,-,61.43,-0.17%,"17,063"
VDV,-,-,-,-,-,-,-,-,-,-,-,-,-,76.12,0.91%,"5,351"
VEA,-,-,-,-,-,-,-,-,-,-,-,-,-,71.16,1.25%,"8,489,455"
VECA,131.60M,-,-,-,-,-,13160.32,-,-,-,-,-,-,9.95,-0.30%,"8,229"
VECO,4.60B,196.74,22.58,-,7.03,5.21,12.01,109.64,22.75%,104.66%,-,-,7.90%,75.45,6.03%,"1,354,158"
VEEA,15.23M,-,-,-,56.39,3.04,9.58,-,-,-,-,-,-,0.30,-3.82%,"159,795"
VEEE,2.49M,-,-,-,0.16,0.14,0.44,-,90.39%,-,-,-,6.02%,4.70,-7.84%,"42,428"
VEEV,25.68B,28.15,15.76,1.33,7.74,3.53,3.51,15.66,11.87%,10.70%,18.15%,11.85%,16.88%,158.08,-2.03%,"1,690,196"
VEFA,-,-,-,-,-,-,-,-,-,-,-,-,-,80.91,0.00%,0
VEGA,-,-,-,-,-,-,-,-,-,-,-,-,-,51.94,0.19%,"3,508"
VEGI,-,-,-,-,-,-,-,-,-,-,-,-,-,43.95,1.92%,"14,887"
VEGN,-,-,-,-,-,-,-,-,-,-,-,-,-,80.08,2.09%,"8,471"
VEL,696.79M,6.42,5.92,1.38,1.05,1.00,6.22,34.29,-6.87%,10.70%,-,4.28%,29.35%,17.75,0.11%,"83,639"
VELL,-,-,-,-,-,-,-,-,-,-,-,-,-,11.51,-8.43%,"383,639"
VELO,517.94M,-,-,-,10.26,8.84,31.28,-,72.98%,43.87%,47.31%,58.48%,19.36%,17.38,-3.71%,"8,661,541"
VEM,-,-,-,-,-,-,-,-,-,-,-,-,-,27.42,1.48%,"2,114"
VEMY,-,-,-,-,-,-,-,-,-,-,-,-,-,28.76,-0.09%,"19,197"
VENU,182.23M,-,-,-,9.96,1.10,3.22,-,-4.55%,67.83%,-,-,-,3.05,-7.29%,"626,421"
VEON,3.56B,6.68,5.52,0.35,0.77,2.43,1.63,6.60,-6.60%,34.54%,-,15.99%,-9.10%,51.47,-0.17%,"85,933"
VERA,2.91B,-,-,-,-,5.81,4.87,-,-30.94%,38.97%,-13.19%,-,-,40.50,2.51%,"2,669,066"
VERI,118.98M,-,-,-,1.34,2.43,7.17,-,53.74%,66.52%,-0.34%,-,9.82%,1.28,-4.48%,"2,353,099"
VERS,-,-,-,-,-,-,-,-,-,-,-,-,-,73.29,0.25%,535
VERU,47.19M,-,-,-,-,1.36,1.53,-,34.52%,2.96%,14.86%,24.70%,-,2.94,-1.01%,"214,097"
VERX,1.75B,-,10.55,0.47,2.28,7.08,6.49,19.66,24.77%,28.62%,-,22.56%,14.84%,10.84,-2.61%,"1,503,546"
VET,1.44B,-,9.69,-,1.11,0.98,123.14,6.46,123.42%,33.68%,15.76%,-,8.23%,9.42,0.00%,"1,069,192"
VETZ,-,-,-,-,-,-,-,-,-,-,-,-,-,19.86,0.05%,"4,236"
VEU,-,-,-,-,-,-,-,-,-,-,-,-,-,83.29,0.93%,"2,014,207"
VEXC,-,-,-,-,-,-,-,-,-,-,-,-,-,94.23,-0.14%,"37,779"
VFC,6.65B,26.67,12.60,0.61,0.69,3.59,8.08,12.23,28.68%,24.57%,-9.15%,20.62%,0.78%,16.96,-1.51%,"5,194,118"
VFF,224.13M,5.06,6.63,0.21,0.99,0.71,4.04,15.46,-12.50%,76.19%,-11.92%,32.11%,4.89%,1.84,0.00%,"1,217,708"
VFH,-,-,-,-,-,-,-,-,-,-,-,-,-,131.01,-0.37%,"384,395"
VFL,126.95M,43.08,-,-,10.15,0.91,-,-,-,-,-,-,-,10.34,0.10%,"51,771"
VFLO,-,-,-,-,-,-,-,-,-,-,-,-,-,45.55,0.11%,"1,321,168"
VFMF,-,-,-,-,-,-,-,-,-,-,-,-,-,176.25,0.45%,"31,175"
VFMO,-,-,-,-,-,-,-,-,-,-,-,-,-,244.30,2.05%,"69,086"
VFMV,-,-,-,-,-,-,-,-,-,-,-,-,-,138.58,-0.27%,"40,900"
VFQY,-,-,-,-,-,-,-,-,-,-,-,-,-,167.69,0.65%,"13,091"
VFS,7.21B,-,-,-,1.94,-,20.75,-,7.03%,33.64%,-76.22%,20.79%,-,3.08,-1.60%,"296,822"
VFVA,-,-,-,-,-,-,-,-,-,-,-,-,-,146.61,-0.02%,"10,744"
VG,26.91B,11.30,15.27,1.29,1.74,3.72,13.91,-,71.12%,-51.82%,-,11.80%,-,10.83,3.04%,"15,227,615"
VGAS,66.82M,-,-,-,-,1.13,1.23,-,-,-,-355.00%,-,-,1.50,-0.66%,"32,303"
VGHY,-,-,-,-,-,-,-,-,-,-,-,-,-,74.76,-0.03%,"37,930"
VGI,83.38M,9.96,-,-,-,-,-,-,-,-,-,-,-,7.37,0.55%,"37,427"
VGIT,-,-,-,-,-,-,-,-,-,-,-,-,-,59.05,0.08%,"1,672,799"
VGK,-,-,-,-,-,-,-,-,-,-,-,-,-,87.83,1.01%,"2,208,355"
VGLT,-,-,-,-,-,-,-,-,-,-,-,-,-,55.68,-0.05%,"1,833,491"
VGM,569.44M,33.87,-,-,13.16,1.05,-,-,-,-,-,-,-,10.50,0.86%,"209,140"
VGMS,-,-,-,-,-,-,-,-,-,-,-,-,-,51.31,-0.02%,"60,972"
VGNT,3.00B,-,5.49,-,-,-,10.64,-,-22.57%,10.05%,-,-1.35%,-,42.31,0.21%,"1,143,149"
VGRO,-,-,-,-,-,-,-,-,-,-,-,-,-,24.72,-1.46%,214
VGSH,-,-,-,-,-,-,-,-,-,-,-,-,-,58.20,0.03%,"2,425,025"
VGSR,-,-,-,-,-,-,-,-,-,-,-,-,-,11.49,0.15%,"154,428"
VGT,-,-,-,-,-,-,-,-,-,-,-,-,-,115.47,0.30%,"7,001,470"
VGUS,-,-,-,-,-,-,-,-,-,-,-,-,-,75.62,0.02%,"109,729"
VGVT,-,-,-,-,-,-,-,-,-,-,-,-,-,75.33,0.09%,"12,334"
VGZ,274.42M,-,-,-,-,5.14,5.20,-,0.00%,-,-,-,-,1.88,-2.08%,"1,723,007"
VHC,49.35M,-,-,-,308.47,2.62,2.87,-,-,-,-,-,-77.83%,11.79,-1.59%,"30,400"
VHCP,306.67M,-,-,-,-,-,131.06,-,-,-,-,-,-,9.98,0.00%,"18,497"
VHI,375.29M,-,-,-,0.18,0.37,1.78,12.55,-,-,-,-,2.35%,13.26,-1.56%,"18,840"
VHT,-,-,-,-,-,-,-,-,-,-,-,-,-,293.03,1.49%,"494,508"
VHUB,112.99M,-,-,-,262.76,31.82,19.48,-,-,-,-,-,-,1.25,-4.58%,"44,603"
VIA,1.25B,-,27.08,-,2.70,2.01,3.59,-,96.55%,1957.62%,-,-,-,15.37,1.79%,"1,144,564"
VIAV,12.44B,-,39.40,0.69,9.11,13.94,24.49,273.47,99.52%,36.51%,4.66%,57.36%,-0.93%,50.44,2.08%,"4,842,237"
VICE,-,-,-,-,-,-,-,-,-,-,-,-,-,33.20,-0.01%,401
VICI,28.36B,9.10,9.02,1.77,7.02,1.01,59.06,11.13,12.50%,0.19%,8.40%,5.09%,26.73%,26.53,-0.71%,"9,837,426"
VICR,15.11B,111.05,55.68,1.25,35.42,20.04,37.39,173.09,16.60%,95.69%,44.90%,44.62%,6.57%,331.59,2.89%,"494,047"
VIDA,-,-,-,-,-,-,-,-,-,-,-,-,-,2.97,-13.91%,"151,590"
VIDI,-,-,-,-,-,-,-,-,-,-,-,-,-,39.11,0.33%,"10,312"
VIG,-,-,-,-,-,-,-,-,-,-,-,-,-,235.17,0.38%,"888,250"
VIGI,-,-,-,-,-,-,-,-,-,-,-,-,-,92.83,0.06%,"220,100"
VIK,45.91B,38.32,23.63,0.91,6.90,42.50,11.34,41.01,27.04%,31.32%,-,25.95%,79.58%,102.90,-0.15%,"2,622,177"
VINP,629.62M,13.25,7.80,0.34,3.36,1.63,3.41,20.81,15.57%,26.21%,1.16%,23.00%,21.58%,9.61,0.52%,"70,314"
VIOG,-,-,-,-,-,-,-,-,-,-,-,-,-,150.72,1.30%,"25,417"
VIOO,-,-,-,-,-,-,-,-,-,-,-,-,-,135.52,1.22%,"52,908"
VIOT,26.79M,2.85,13.50,-,0.08,0.25,0.14,-,-59.46%,50.00%,-4.31%,-,-16.74%,0.81,-4.95%,"126,758"
VIOV,-,-,-,-,-,-,-,-,-,-,-,-,-,116.38,1.16%,"45,254"
VIPS,5.20B,6.12,4.81,1.31,0.35,1.04,1.16,-,2.04%,4.72%,9.21%,3.68%,-0.03%,12.92,-3.58%,"2,898,354"
VIR,1.67B,-,-,-,25.44,1.96,3.48,-,38.81%,-20.57%,-4.76%,19.38%,-2.14%,9.88,-0.70%,"1,337,029"
VIRC,104.91M,-,20.21,0.41,0.53,1.02,28.13,22.18,-93.75%,3200.00%,-,49.07%,5.50%,6.67,-1.19%,"64,536"
VIRT,9.47B,10.11,10.27,32.09,2.64,3.06,9.19,19.02,11.08%,-6.60%,-0.13%,0.32%,2.26%,61.05,-2.09%,"1,100,385"
VIS,-,-,-,-,-,-,-,-,-,-,-,-,-,358.22,1.96%,"122,045"
VISN,2.85B,-,11.88,-,0.71,0.61,1.13,12.58,49.13%,-7.52%,-,-,-25.53%,12.62,0.56%,"4,514,196"
VIST,6.19B,9.46,5.80,0.30,2.13,2.60,10.06,-,64.62%,-0.16%,-,19.14%,55.33%,65.03,0.95%,"760,656"
VITL,457.63M,10.29,32.76,-,0.58,1.42,8.90,-,-122.43%,200.93%,40.04%,-25.31%,28.80%,10.68,-3.87%,"2,580,549"
VIV,21.36B,18.31,10.65,0.44,1.91,1.61,12.03,10.07,34.92%,25.49%,4.58%,24.15%,4.99%,13.37,1.67%,"1,087,858"
VIVK,1.81M,-,-,-,0.02,0.04,5.83,-,-,-,-47.39%,-,134.97%,0.42,-0.19%,"13,968,688"
VIVO,94.19M,-,-,-,-,-,-,-,-,-,-38.56%,-,-73.65%,5.61,1.63%,"1,680,336"
VIVS,2.79M,2.30,-,-,19.91,0.63,0.65,-,-,-,45.28%,-,-42.01%,1.07,-1.83%,"38,979"
VIXM,-,-,-,-,-,-,-,-,-,-,-,-,-,14.69,-1.24%,"218,070"
VIXY,-,-,-,-,-,-,-,-,-,-,-,-,-,22.48,-1.88%,"2,554,141"
VKI,414.86M,37.36,-,-,13.07,1.02,-,-,-,-,-,-,-,9.34,-0.21%,"95,604"
VKQ,551.14M,33.20,-,-,12.58,1.03,-,-,-,-,-,-,-,9.96,0.00%,"233,917"
VKTX,4.29B,-,-,-,-,8.54,7.12,-,-48.95%,-0.37%,-42.46%,-7.01%,-,36.99,-2.32%,"4,307,442"
VLGEA,557.24M,11.11,-,-,0.23,1.08,4.33,9.88,-,-,17.24%,-,5.16%,41.70,-3.07%,"43,375"
VLLU,-,-,-,-,-,-,-,-,-,-,-,-,-,26.43,1.22%,122
VLN,214.80M,-,-,-,3.04,2.15,2.46,-,4.76%,37.50%,33.55%,24.61%,4.41%,2.04,0.99%,"2,158,255"
VLO,75.74B,18.52,12.31,0.73,0.61,3.17,13.15,13.64,167.26%,-26.94%,-,16.96%,13.60%,255.06,5.21%,"3,274,662"
VLRS,1.09B,-,328.83,-,0.35,5.27,1.40,2.17,-59.10%,102.02%,14.24%,-,23.76%,9.50,2.93%,"735,184"
VLT,67.52M,14.61,-,-,9.26,0.92,-,-,-,-,-,-,-,10.37,0.58%,"7,964"
VLTO,21.61B,22.71,18.86,1.96,3.86,7.19,15.10,20.74,8.88%,9.89%,5.00%,9.61%,4.82%,87.99,1.93%,"2,235,422"
VLU,-,-,-,-,-,-,-,-,-,-,-,-,-,236.67,0.24%,"20,644"
VLUE,-,-,-,-,-,-,-,-,-,-,-,-,-,204.59,4.04%,"2,980,342"
VLY,8.19B,13.25,9.53,0.40,2.32,1.10,-,14.53,29.70%,20.78%,1.58%,23.66%,17.53%,14.78,1.16%,"6,195,870"
VMAR,1.39M,-,-,-,0.10,0.02,0.33,-,-,-,38.88%,-,50.42%,1.91,-2.55%,"171,102"
VMAX,-,-,-,-,-,-,-,-,-,-,-,-,-,62.39,0.30%,70
VMBS,-,-,-,-,-,-,-,-,-,-,-,-,-,46.96,0.09%,"1,058,488"
VMC,40.61B,37.24,28.82,1.69,5.04,4.83,282.60,36.38,15.50%,17.53%,13.09%,17.03%,10.33%,312.97,1.85%,"1,105,419"
VMD,448.15M,31.12,19.16,0.60,1.56,3.13,45.92,17.29,22.97%,34.07%,-14.01%,31.95%,15.53%,11.69,1.92%,"511,909"
VMET,578.34M,13.54,-,-,10.46,1.51,31.31,27.57,-,-,-,-,-,11.36,1.79%,"128,402"
VMI,11.33B,32.39,22.72,1.48,2.72,6.58,70.72,32.79,19.62%,12.46%,20.66%,15.35%,7.24%,583.55,3.57%,"243,147"
VMO,666.31M,35.29,-,-,12.45,0.97,-,-,-,-,-,-,-,9.88,0.10%,"199,798"
VMSB,-,-,-,-,-,-,-,-,-,-,-,-,-,49.69,0.31%,2
VNAM,-,-,-,-,-,-,-,-,-,-,-,-,-,25.04,-1.27%,"8,927"
VNCE,101.10M,11.29,11.08,-,0.33,2.10,133.03,35.98,34.09%,20.34%,-,-,6.41%,7.87,5.78%,"297,892"
VNDA,351.79M,-,-,-,1.62,1.25,1.74,-,39.77%,66.15%,-,45.07%,-2.73%,5.85,-0.85%,"583,075"
VNET,2.15B,-,94.51,-,1.47,3.58,1.69,-,74.69%,327.72%,49.08%,-,14.62%,7.70,-5.52%,"7,653,219"
VNIE,-,-,-,-,-,-,-,-,-,-,-,-,-,26.30,1.31%,2
VNLA,-,-,-,-,-,-,-,-,-,-,-,-,-,49.03,0.02%,"391,777"
VNM,-,-,-,-,-,-,-,-,-,-,-,-,-,18.16,-1.14%,"504,275"
VNME,254.50M,46.51,-,-,-,1.24,620.73,-,-,-,-,-,-,10.18,-0.20%,486
VNO,7.81B,10.46,112.92,-,4.32,1.48,6.44,5.98,-99.75%,3106.26%,-,-,3.45%,38.08,0.26%,"1,225,828"
VNOM,15.64B,-,18.47,1.46,9.78,1.65,558.41,13.25,58.56%,-10.43%,29.81%,12.66%,40.37%,43.55,0.53%,"2,000,016"
VNQ,-,-,-,-,-,-,-,-,-,-,-,-,-,97.19,0.19%,"3,996,121"
VNQI,-,-,-,-,-,-,-,-,-,-,-,-,-,44.81,0.40%,"550,827"
VNRX,11.13M,-,-,-,4.51,-,3.59,-,49.32%,48.99%,13.42%,47.32%,164.15%,1.29,4.88%,"195,449"
VNSE,-,-,-,-,-,-,-,-,-,-,-,-,-,40.93,-0.17%,5
VNT,4.28B,10.73,8.19,0.94,1.39,3.40,18.29,11.46,6.10%,9.22%,6.42%,8.75%,2.60%,30.37,0.40%,"1,383,848"
VNTG,24.44M,-,-,-,-,1.95,2.10,-,-,-,-,-,-,0.77,18.46%,"39,486,887"
VO,-,-,-,-,-,-,-,-,-,-,-,-,-,80.61,0.61%,"2,098,714"
VOC,46.41M,6.20,-,-,5.58,4.78,26.22,-,-,-,14.09%,-,11.48%,2.73,2.25%,"49,624"
VOD,31.92B,-,9.64,1.01,0.68,0.55,1.76,3.21,-2.16%,16.75%,-,9.54%,-1.68%,13.86,0.36%,"2,945,217"
VOE,-,-,-,-,-,-,-,-,-,-,-,-,-,199.82,0.81%,"301,516"
VOLT,-,-,-,-,-,-,-,-,-,-,-,-,-,41.79,2.25%,"517,298"
VONE,-,-,-,-,-,-,-,-,-,-,-,-,-,332.03,0.11%,"129,825"
VONG,-,-,-,-,-,-,-,-,-,-,-,-,-,121.64,-1.22%,"1,160,335"
VONV,-,-,-,-,-,-,-,-,-,-,-,-,-,107.22,1.43%,"960,758"
VOO,-,-,-,-,-,-,-,-,-,-,-,-,-,675.71,0.00%,"26,243,787"
VOOG,-,-,-,-,-,-,-,-,-,-,-,-,-,80.23,0.14%,"2,502,009"
VOOV,-,-,-,-,-,-,-,-,-,-,-,-,-,218.43,-0.06%,"84,520"
VOOX,-,-,-,-,-,-,-,-,-,-,-,-,-,23.21,-0.07%,592
VOR,808.99M,-,-,-,-,-,1.65,-,90.78%,46.39%,-21.58%,61.94%,-,14.93,3.11%,"903,628"
VOT,-,-,-,-,-,-,-,-,-,-,-,-,-,302.56,0.35%,"350,301"
VOTE,-,-,-,-,-,-,-,-,-,-,-,-,-,86.28,-0.07%,"13,068"
VOX,-,-,-,-,-,-,-,-,-,-,-,-,-,179.12,-1.13%,"364,789"
VOXP,-,-,-,-,-,-,-,-,-,-,-,-,-,37.89,-0.08%,98
VOXR,330.73M,11.08,21.65,-,11.03,2.48,20.80,49.22,2716.67%,-21.30%,-,-,165.40%,4.80,1.05%,"625,489"
VOYA,8.11B,13.53,8.14,0.66,0.98,1.78,-,5.67,7.83%,15.23%,61.06%,12.30%,1.37%,89.50,-0.72%,"1,164,929"
VOYG,1.74B,-,-,-,10.39,4.85,4.05,-,-46.99%,56.30%,-,33.66%,-,29.32,-3.43%,"2,103,105"
VPC,-,-,-,-,-,-,-,-,-,-,-,-,-,14.55,0.26%,"9,409"
VPG,1.78B,302.80,74.06,0.88,5.57,5.33,21.61,-,105.78%,79.46%,-12.87%,84.44%,2.63%,134.02,0.47%,"447,864"
VPL,-,-,-,-,-,-,-,-,-,-,-,-,-,116.30,1.70%,"268,802"
VPLS,-,-,-,-,-,-,-,-,-,-,-,-,-,77.74,0.02%,"139,309"
VPU,-,-,-,-,-,-,-,-,-,-,-,-,-,198.16,0.66%,"228,603"
VPV,198.46M,39.64,-,-,13.65,1.00,-,-,-,-,-,-,-,11.10,-0.45%,"26,293"
VRA,109.20M,-,-,-,0.40,0.86,8.73,117.42,52.54%,89.29%,-,-,-10.45%,3.84,-0.52%,"133,824"
VRAI,-,-,-,-,-,-,-,-,-,-,-,-,-,27.77,0.88%,"3,139"
VRAX,2.69M,-,-,-,-,0.17,0.80,-,-,-,-21.07%,-,-42.40%,0.14,2.27%,"804,258"
VRCA,106.68M,-,-,-,2.87,6.64,5.18,-,5.95%,41.61%,37.12%,40.72%,-,6.21,6.15%,"62,471"
VRDN,1.92B,-,-,-,27.08,3.54,2.52,-,-13.60%,35.80%,36.07%,61.40%,132.18%,17.39,0.40%,"1,878,004"
VREX,433.21M,-,9.36,0.93,0.51,0.91,4.91,-,0.74%,21.25%,-2.62%,10.06%,2.73%,10.29,-0.77%,"290,516"
VRIG,-,-,-,-,-,-,-,-,-,-,-,-,-,25.06,-0.04%,"470,513"
VRM,46.84M,-,-,-,0.64,0.47,0.64,0.66,-,-,63.01%,-,-39.26%,8.95,-4.38%,"30,531"
VRME,8.01M,-,-,-,0.58,0.77,2.27,28.59,-,-,23.49%,-,116.72%,0.61,-1.28%,"97,872"
VRNS,4.43B,-,100.70,1.79,6.70,9.76,5.63,37.14,-33.92%,221.94%,-2.55%,56.13%,16.30%,38.56,3.41%,"3,882,033"
VRP,-,-,-,-,-,-,-,-,-,-,-,-,-,24.30,0.04%,"541,375"
VRRM,636.49M,5.11,4.08,-,0.65,2.34,11.33,6.28,-7.00%,-16.26%,-,-4.89%,19.99%,4.19,-4.56%,"4,826,914"
VRSK,23.20B,26.96,20.40,1.89,7.48,-,44.17,20.58,7.07%,13.23%,8.51%,10.79%,1.99%,177.04,-1.68%,"1,725,230"
VRSN,22.83B,27.74,22.99,1.93,13.56,-,41.03,21.78,11.65%,10.93%,4.49%,11.92%,5.54%,250.85,-0.49%,"744,030"
VRT,125.05B,81.73,37.02,0.96,11.53,29.45,49.21,54.82,54.43%,35.59%,-,38.54%,18.54%,325.57,2.89%,"6,168,191"
VRTL,-,-,-,-,-,-,-,-,-,-,-,-,-,150.00,5.63%,"113,029"
VRTS,906.70M,7.99,5.39,-,1.10,0.99,3.30,3.81,-2.68%,3.29%,14.78%,-0.20%,6.40%,135.69,-2.11%,"109,208"
VRTX,121.87B,28.47,22.21,2.06,9.88,6.30,16.79,32.85,4.92%,11.98%,8.28%,10.76%,14.23%,480.18,1.05%,"1,520,323"
VRXA,74.32M,10.97,-,-,-,-,2477.38,-,-,-,-,-,-,2.35,2.17%,"480,675"
VS,6.05M,-,-,-,3.03,0.63,14.42,-,-,-,69.68%,-,9.45%,1.24,0.41%,"50,588"
VSA,2.49M,-,-,-,0.03,-,7.31,-,-,-,-,-,-77.91%,4.01,-4.07%,"18,244"
VSAT,8.19B,-,-,-,1.77,1.76,4.69,13.72,-386.39%,3.84%,-,-24.95%,15.51%,60.00,-3.58%,"2,328,504"
VSDA,-,-,-,-,-,-,-,-,-,-,-,-,-,57.93,0.76%,"4,978"
VSDB,-,-,-,-,-,-,-,-,-,-,-,-,-,76.30,0.13%,"40,602"
VSDM,-,-,-,-,-,-,-,-,-,-,-,-,-,76.57,0.02%,"105,716"
VSEC,6.28B,86.10,39.01,1.79,5.32,2.35,5.06,-,11.33%,31.40%,-,21.85%,10.95%,223.69,2.76%,"610,389"
VSEE,5.36M,-,-,-,0.37,0.83,3.97,-,-,-,-149.66%,-,-,0.11,-2.30%,"2,872,268"
VSGX,-,-,-,-,-,-,-,-,-,-,-,-,-,81.80,1.10%,"190,637"
VSH,8.15B,3744.37,38.81,-,2.55,3.93,17.00,-,1580.87%,108.48%,-,-,4.17%,59.91,7.77%,"6,254,833"
VSHY,-,-,-,-,-,-,-,-,-,-,-,-,-,21.69,0.00%,930
VSLU,-,-,-,-,-,-,-,-,-,-,-,-,-,45.54,0.13%,"16,424"
VSME,4.89M,-,-,-,5.10,9.16,34.95,-,-,-,-17.67%,-,-9.02%,1.77,-7.33%,"129,052"
VSMV,-,-,-,-,-,-,-,-,-,-,-,-,-,58.88,0.07%,"3,279"
VSNT,5.06B,6.06,4.95,0.54,0.76,0.63,4.24,-,-25.20%,70.27%,-,9.09%,-,35.85,-6.05%,"2,123,359"
VSOL,-,-,-,-,-,-,-,-,-,-,-,-,-,8.79,-0.14%,"10,319"
VSS,-,-,-,-,-,-,-,-,-,-,-,-,-,153.38,-0.08%,"224,705"
VST,56.57B,28.01,14.80,0.18,3.44,18.17,84.31,31.37,324.41%,22.55%,10.93%,81.34%,8.94%,167.77,3.01%,"3,574,968"
VSTD,3.13M,-,-,-,0.23,0.49,2.35,-,-,-,-82.59%,-,25.90%,0.22,-2.48%,"37,859"
VSTL,-,-,-,-,-,-,-,-,-,-,-,-,-,32.24,5.98%,"51,253"
VSTM,303.16M,-,-,-,6.11,3.71,1.67,-,48.19%,29.24%,10.63%,37.38%,10.80%,3.45,-10.39%,"4,596,719"
VSTS,1.82B,-,20.56,0.51,0.67,2.09,36.06,18.63,94.51%,37.46%,-,40.10%,1.31%,13.74,1.85%,"1,298,493"
VSXY,6.60B,33.99,15.33,0.60,0.98,8.30,31.87,21.01,53.15%,17.84%,-,25.75%,3.90%,83.00,2.93%,"2,173,591"
VT,-,-,-,-,-,-,-,-,-,-,-,-,-,154.85,0.38%,"3,833,469"
VTAK,3.25M,-,-,-,2.93,0.34,7.39,-,-,-,84.88%,-,25.89%,1.21,1.68%,"2,826,447"
VTC,-,-,-,-,-,-,-,-,-,-,-,-,-,77.09,0.09%,"66,528"
VTEB,-,-,-,-,-,-,-,-,-,-,-,-,-,50.53,0.08%,"5,601,473"
VTEC,-,-,-,-,-,-,-,-,-,-,-,-,-,100.43,0.09%,"163,302"
VTEI,-,-,-,-,-,-,-,-,-,-,-,-,-,100.94,0.02%,"73,858"
VTEL,-,-,-,-,-,-,-,-,-,-,-,-,-,104.62,0.20%,"17,866"
VTES,-,-,-,-,-,-,-,-,-,-,-,-,-,101.31,0.09%,"125,205"
VTEX,627.39M,36800.00,14.76,1.59,2.54,2.70,3.24,15.64,-5.75%,29.97%,-,9.27%,19.51%,3.68,0.00%,"2,027,259"
VTG,-,-,-,-,-,-,-,-,-,-,-,-,-,75.48,0.05%,"36,705"
VTGN,25.30M,-,-,-,19.92,0.69,0.56,-,19.40%,-4.41%,34.11%,3.20%,3.10%,0.62,-7.25%,"1,028,091"
VTHR,-,-,-,-,-,-,-,-,-,-,-,-,-,324.36,-0.07%,"13,248"
VTI,-,-,-,-,-,-,-,-,-,-,-,-,-,363.98,0.09%,"2,755,981"
VTIP,-,-,-,-,-,-,-,-,-,-,-,-,-,50.20,0.16%,"1,407,979"
VTIX,105.93M,-,-,-,23.75,-,99.00,-,30.62%,32.96%,-,-,-,3.18,1.60%,"287,110"
VTMX,2.96B,8.74,18.26,-,9.78,1.00,14.35,19.28,-17.06%,-21.77%,19.58%,-10.17%,14.14%,33.53,3.68%,"79,351"
VTN,166.74M,37.93,-,-,13.98,1.02,-,-,-,-,-,-,-,11.38,0.98%,"22,031"
VTOL,1.23B,10.78,7.84,0.63,0.80,1.16,3.56,20.68,-11.81%,38.58%,13.24%,12.37%,4.82%,41.39,0.58%,"276,962"
VTP,-,-,-,-,-,-,-,-,-,-,-,-,-,76.67,0.17%,"18,016"
VTR,43.50B,158.36,85.44,2.57,7.09,3.24,216.12,31.62,15.55%,64.00%,-14.17%,33.21%,8.99%,87.43,0.99%,"3,320,127"
VTRS,18.86B,-,6.02,0.74,1.29,1.28,8.34,10.52,5.03%,8.20%,-21.93%,8.13%,3.66%,16.07,0.88%,"8,364,144"
VTS,649.88M,-,42.25,-,2.36,1.11,204.36,10.72,-147.52%,200.77%,-,-5.75%,21.47%,15.58,-0.64%,"442,837"
VTSI,35.39M,-,39.13,-,1.89,0.80,1.98,12.82,-1225.00%,135.56%,-34.41%,-,3.25%,3.13,-2.19%,"42,693"
VTV,-,-,-,-,-,-,-,-,-,-,-,-,-,220.49,1.33%,"3,177,178"
VTVT,145.03M,-,-,-,3.94,1.61,1.48,-,51.48%,-184.22%,14.99%,-17.04%,-,36.82,3.02%,"82,355"
VTWG,-,-,-,-,-,-,-,-,-,-,-,-,-,285.88,0.67%,"34,167"
VTWO,-,-,-,-,-,-,-,-,-,-,-,-,-,120.74,0.72%,"1,994,977"
VTWV,-,-,-,-,-,-,-,-,-,-,-,-,-,194.11,0.79%,"65,092"
VUG,-,-,-,-,-,-,-,-,-,-,-,-,-,83.05,-0.93%,"9,618,059"
VUS,-,-,-,-,-,-,-,-,-,-,-,-,-,29.44,0.71%,843
VUSB,-,-,-,-,-,-,-,-,-,-,-,-,-,49.73,-0.02%,"1,511,187"
VUSE,-,-,-,-,-,-,-,-,-,-,-,-,-,70.96,0.37%,"4,323"
VUSG,-,-,-,-,-,-,-,-,-,-,-,-,-,61.65,-1.11%,"109,397"
VUSI,-,-,-,-,-,-,-,-,-,-,-,-,-,50.21,0.01%,2
VUSV,-,-,-,-,-,-,-,-,-,-,-,-,-,67.62,0.56%,"5,226"
VUZI,228.68M,-,-,-,37.55,9.53,11.34,-,0.00%,-,4.52%,-,-11.52%,2.75,-2.14%,"1,050,452"
VV,-,-,-,-,-,-,-,-,-,-,-,-,-,338.45,0.01%,"323,167"
VVOS,6.03M,-,-,-,0.31,-,2.86,-,32.13%,40.21%,39.15%,-,5.95%,0.43,-1.68%,"154,945"
VVR,460.24M,33.22,-,-,5.72,0.80,-,-,-,-,-,-,-,2.99,-0.66%,"620,916"
VVV,5.07B,54.60,19.25,1.20,2.73,14.34,59.81,50.66,10.00%,17.98%,-0.57%,16.06%,-6.18%,39.72,0.28%,"1,514,321"
VVX,2.26B,25.81,10.61,0.79,0.48,2.05,10.82,16.60,16.21%,11.67%,-4.89%,13.50%,26.27%,72.14,-5.12%,"651,374"
VWAV,109.93M,-,-,-,-,0.89,7.71,-,-,-,-108.70%,-,-,4.33,-2.70%,"570,621"
VWO,-,-,-,-,-,-,-,-,-,-,-,-,-,58.80,-0.29%,"6,942,331"
VWOB,-,-,-,-,-,-,-,-,-,-,-,-,-,67.29,0.00%,"559,224"
VXF,-,-,-,-,-,-,-,-,-,-,-,-,-,240.47,0.54%,"354,892"
VXUS,-,-,-,-,-,-,-,-,-,-,-,-,-,85.08,0.88%,"4,745,884"
VXX,-,-,-,-,-,-,-,-,-,-,-,-,-,23.25,-1.86%,"9,478,625"
VXZ,-,-,-,-,-,-,-,-,-,-,-,-,-,51.65,-0.94%,"3,528"
VYGR,214.50M,-,-,-,5.88,1.23,1.52,-,16.62%,13.58%,-,14.19%,-25.09%,3.55,-3.53%,"499,565"
VYLD,-,-,-,-,-,-,-,-,-,-,-,-,-,29.31,0.29%,54
VYM,-,-,-,-,-,-,-,-,-,-,-,-,-,158.95,0.61%,"1,419,003"
VYMI,-,-,-,-,-,-,-,-,-,-,-,-,-,98.10,0.46%,"971,144"
VYNE,21.76M,-,-,-,48.35,0.88,0.87,-,-,-,66.27%,-,-51.39%,0.65,0.17%,"107,614"
VYX,1.03B,19.46,7.69,1.81,0.39,1.12,4.26,-,0.56%,7.92%,-,4.26%,-15.42%,7.51,0.13%,"1,800,045"
VZ,192.37B,11.23,8.80,1.41,1.38,1.86,22.64,9.49,5.15%,5.68%,-1.14%,6.23%,1.50%,46.07,0.85%,"17,494,997"
VZLA,1.09B,-,-,-,-,3.07,2.53,-,-638.14%,49.32%,23.49%,-,-,3.13,0.64%,"4,035,468"
W,12.34B,-,25.56,1.23,0.98,-,11.62,34.10,4.93%,34.13%,-,20.70%,-2.51%,93.52,0.79%,"3,285,587"
WAB,47.93B,39.98,23.24,1.56,4.16,4.32,90.25,31.84,18.37%,14.48%,25.74%,14.88%,8.13%,282.45,3.66%,"896,558"
WABC,1.38B,13.15,13.72,-,5.18,1.58,-,11.95,-1.66%,-3.37%,8.69%,-,5.50%,58.94,-0.36%,"210,695"
WABF,-,-,-,-,-,-,-,-,-,-,-,-,-,25.01,0.20%,104
WAFD,2.81B,12.42,11.15,-,2.03,1.05,-,12.96,24.14%,4.36%,3.11%,-,14.32%,38.01,0.72%,"563,223"
WAFU,6.66M,-,-,-,1.03,0.62,0.70,22.20,-,-,21.96%,-,1.88%,1.51,-6.21%,"41,891"
WAGN,-,-,-,-,-,-,-,-,-,-,-,-,-,14.10,-0.28%,"171,117"
WAI,4.53M,-,-,-,4.04,1.04,2.42,-,-,-,-,-,42.06%,1.92,-1.54%,"28,663"
WAL,8.90B,9.49,7.05,0.44,1.60,1.22,-,-,9.41%,20.94%,11.62%,16.07%,32.53%,81.48,1.48%,"906,322"
WALD,189.83M,-,-,-,0.70,0.38,5.95,-,69.15%,6.93%,-625.80%,-,-,1.48,-3.27%,"511,744"
WAMA,-,-,-,-,-,-,-,-,-,-,-,-,-,25.61,-0.63%,"10,445"
WANT,-,-,-,-,-,-,-,-,-,-,-,-,-,39.07,-4.08%,"26,613"
WAR,-,-,-,-,-,-,-,-,-,-,-,-,-,32.14,1.42%,"18,111"
WARP,-,-,-,-,-,-,-,-,-,-,-,-,-,21.79,-3.19%,"49,386"
WASH,691.70M,13.25,10.61,-,1.81,1.26,-,8.14,14.99%,9.72%,-7.51%,-,8.26%,36.28,0.75%,"127,829"
WAT,37.01B,47.98,22.94,1.96,9.81,2.42,80.10,153.75,10.61%,13.12%,5.19%,11.68%,6.00%,376.89,2.09%,"923,642"
WATS,-,-,-,-,-,-,-,-,-,-,-,-,-,25.62,-0.73%,914
WATT,131.97M,-,32.86,-,15.77,3.09,3.61,-,68.58%,135.96%,57.37%,-,76.64%,23.99,4.08%,"122,683"
WAVE,57.93M,-,-,-,1448.32,11.58,10.95,-,-26.98%,-15.00%,-45.83%,-,-,9.92,9.98%,"2,494,319"
WAY,3.64B,28.32,10.27,0.68,3.14,0.92,19.42,12.37,15.63%,12.41%,-,15.04%,17.41%,18.96,-0.21%,"1,974,892"
WB,1.14B,5.14,4.94,-,0.64,0.46,0.44,-,-14.71%,3.79%,4.27%,-2.73%,0.80%,7.21,-1.10%,"932,540"
WBD,67.64B,-,-,-,1.82,2.08,20.49,29.28,-554.04%,96.19%,-30.70%,-28.63%,28.53%,26.98,-0.81%,"20,417,128"
WBI,3.75B,-,40.24,-,-,2.17,73.97,-,206.15%,46.89%,-,-,-,30.36,7.24%,"1,918,693"
WBIF,-,-,-,-,-,-,-,-,-,-,-,-,-,35.12,0.17%,93
WBIG,-,-,-,-,-,-,-,-,-,-,-,-,-,25.66,0.34%,"1,141"
WBIL,-,-,-,-,-,-,-,-,-,-,-,-,-,39.16,0.02%,101
WBIY,-,-,-,-,-,-,-,-,-,-,-,-,-,35.43,0.48%,"5,154"
WBS,12.24B,12.37,10.27,0.93,2.75,1.32,-,10.20,11.04%,11.49%,20.26%,11.01%,28.17%,75.52,0.15%,"2,571,927"
WBTN,1.49B,-,112.79,-,1.08,1.26,2.51,191.66,93.29%,154.85%,-,-,-,11.04,0.55%,"243,129"
WBUY,3.93M,-,-,-,0.21,0.50,1.29,-,-,-,24.88%,-,-4.13%,0.72,-4.27%,"52,894"
WBX,68.80M,-,-,-,0.42,-,6.22,-,-325.66%,50.65%,-10.51%,-,48.83%,3.83,1.06%,"19,950"
WCAP,-,-,-,-,-,-,-,-,-,-,-,-,-,9.44,1.20%,"1,361"
WCBR,-,-,-,-,-,-,-,-,-,-,-,-,-,32.31,-0.06%,"23,260"
WCC,17.41B,25.41,18.85,0.95,0.72,3.41,25.00,80.77,24.62%,17.88%,53.91%,19.84%,13.79%,357.53,1.58%,"648,664"
WCEO,-,-,-,-,-,-,-,-,-,-,-,-,-,37.69,0.31%,"2,221"
WCLD,-,-,-,-,-,-,-,-,-,-,-,-,-,28.98,-1.73%,"1,506,233"
WCME,-,-,-,-,-,-,-,-,-,-,-,-,-,19.42,0.57%,"12,685"
WCMG,-,-,-,-,-,-,-,-,-,-,-,-,-,21.50,1.33%,"1,493"
WCMI,-,-,-,-,-,-,-,-,-,-,-,-,-,19.44,1.14%,"791,453"
WCN,42.23B,40.56,26.90,2.67,4.39,5.24,375.55,36.97,6.85%,12.28%,39.94%,10.08%,11.69%,166.21,-0.14%,"2,536,577"
WCPB,-,-,-,-,-,-,-,-,-,-,-,-,-,25.48,0.06%,"26,376"
WCT,3.68M,-,-,-,21.63,2.57,10.21,-,-,-,-,-,18.94%,1.20,9.09%,"245,732"
WD,1.82B,26.24,11.04,0.20,1.43,1.02,3.99,-,136.28%,23.94%,-26.54%,54.73%,3.23%,53.00,0.00%,"196,344"
WDAF,-,-,-,-,-,-,-,-,-,-,-,-,-,30.36,-3.39%,"8,734"
WDAI,-,-,-,-,-,-,-,-,-,-,-,-,-,27.02,0.29%,589
WDAY,28.10B,35.49,9.01,0.53,2.85,4.24,6.44,9.46,16.25%,17.71%,-,16.96%,17.27%,113.77,-3.66%,"3,870,535"
WDC,232.79B,40.32,37.65,0.49,19.77,24.07,71.92,80.14,102.58%,79.62%,-,76.79%,-10.67%,675.39,4.90%,"11,689,642"
WDCX,-,-,-,-,-,-,-,-,-,-,-,-,-,48.98,9.99%,"2,587,588"
WDE,-,-,-,-,-,-,-,-,-,-,-,-,-,25.40,0.43%,102
WDEF,-,-,-,-,-,-,-,-,-,-,-,-,-,26.65,-1.70%,"38,118"
WDFC,3.31B,41.78,38.27,15.43,5.20,12.32,65.76,39.36,-10.50%,7.39%,8.72%,2.48%,8.70%,246.06,0.81%,"110,413"
WDGF,-,-,-,-,-,-,-,-,-,-,-,-,-,29.62,-1.30%,"1,281"
WDH,309.81M,5.24,5.09,0.04,0.49,0.54,1.17,-,691.58%,24.71%,-,128.63%,4.75%,1.11,-3.48%,"260,438"
WDI,-,-,-,-,-,-,-,-,-,-,-,-,-,13.42,0.52%,"164,030"
WDIG,-,-,-,-,-,-,-,-,-,-,-,-,-,42.24,0.64%,"1,055"
WDIV,-,-,-,-,-,-,-,-,-,-,-,-,-,79.98,0.74%,"7,951"
WDNA,-,-,-,-,-,-,-,-,-,-,-,-,-,19.85,1.33%,"1,503"
WDRN,-,-,-,-,-,-,-,-,-,-,-,-,-,28.11,0.07%,"53,234"
WDS,36.13B,13.40,10.08,4.71,2.79,1.01,6.33,-,44.08%,-8.20%,-,2.14%,29.05%,19.06,0.00%,"637,473"
WDTE,-,-,-,-,-,-,-,-,-,-,-,-,-,29.53,-0.61%,"22,984"
WEA,125.18M,9.02,-,-,9.07,0.92,-,-,-,-,-,-,-,10.55,0.19%,"33,572"
WEAT,-,-,-,-,-,-,-,-,-,-,-,-,-,22.56,0.89%,"432,310"
WEAV,433.63M,-,23.19,0.37,1.74,5.20,5.96,63.77,109.38%,40.30%,11.11%,61.98%,24.50%,5.45,0.37%,"906,195"
WEBL,-,-,-,-,-,-,-,-,-,-,-,-,-,20.77,-3.84%,"524,765"
WEBS,-,-,-,-,-,-,-,-,-,-,-,-,-,21.63,4.12%,"158,008"
WEBX,-,-,-,-,-,-,-,-,-,-,-,-,-,17.17,-7.47%,4
WEC,38.13B,23.34,19.51,2.71,3.78,2.70,483.92,-,6.22%,7.21%,4.88%,7.20%,6.24%,117.07,1.26%,"2,006,918"
WEED,-,-,-,-,-,-,-,-,-,-,-,-,-,19.84,3.05%,"40,684"
WEEI,-,-,-,-,-,-,-,-,-,-,-,-,-,22.64,0.71%,"23,226"
WEEK,-,-,-,-,-,-,-,-,-,-,-,-,-,100.02,0.00%,"35,347"
WEEL,-,-,-,-,-,-,-,-,-,-,-,-,-,19.69,-2.58%,"14,274"
WELD,-,-,-,-,-,-,-,-,-,-,-,-,-,62.83,3.19%,"254,777"
WELL,157.93B,-,68.69,1.63,13.44,3.60,32.77,72.26,108.38%,12.45%,-22.65%,42.15%,18.69%,223.73,1.04%,"2,795,018"
WEN,1.40B,9.45,11.44,-,0.64,12.08,3.12,6.28,-34.86%,11.80%,-0.96%,-6.71%,2.79%,7.33,-6.74%,"102,086,593"
WENC,159.45M,-,-,-,-,7948.00,-,-,-,-,-,-,-,9.94,0.05%,"30,211"
WENN,386.07M,41.01,-,-,-,1.30,1103.06,-,-,-,-,-,-,10.29,0.00%,"15,087"
WEPN,-,-,-,-,-,-,-,-,-,-,-,-,-,40.66,-0.81%,"2,227"
WERN,2.53B,-,20.79,-,0.82,1.87,41.11,-,5007.48%,106.79%,-,-,4.63%,42.20,2.95%,"1,078,624"
WES,16.85B,13.98,11.38,0.97,4.16,5.00,26.02,12.29,16.04%,8.69%,20.24%,11.73%,8.56%,42.78,1.59%,"675,231"
WEST,949.24M,-,-,-,0.74,-,22.58,-,73.26%,83.43%,8.34%,-,14.24%,9.73,0.52%,"1,223,688"
WETH,13.72M,1.62,-,-,0.30,0.10,0.11,2.47,-,-,-37.24%,-,7.56%,1.15,-1.71%,"148,895"
WETO,70.93M,-,-,-,18.42,2.97,102.79,-,-,-,-9.99%,-,32.35%,0.87,1.65%,"34,372"
WEX,4.61B,14.93,6.56,0.60,1.71,3.62,0.77,10.04,20.73%,4.43%,-,10.84%,11.27%,133.08,-1.04%,"550,973"
WEYS,364.41M,15.38,-,-,1.32,1.50,4.02,7.49,-,-,-,-,7.17%,38.23,-1.06%,"14,201"
WF,13.92B,6.66,5.92,0.94,0.68,0.62,-,1.71,1.60%,10.81%,14.07%,6.30%,14.27%,57.36,-0.71%,"258,456"
WFC,259.32B,13.09,10.72,0.81,2.06,1.59,-,-,11.97%,12.81%,70.67%,13.26%,8.60%,84.74,0.52%,"11,302,920"
WFCF,61.03M,40.23,-,-,2.44,6.64,18.61,50.02,-,-,5.97%,-,4.39%,12.11,-0.70%,983
WFF,14.21M,-,-,-,2.51,3.85,7.94,-,-,-,-266.87%,-,7.05%,2.82,-0.35%,"1,968"
WFG,5.47B,-,38.37,-,1.03,0.97,67.57,-,68.42%,147.75%,-,-,4.60%,69.90,0.76%,"184,240"
WFRD,6.10B,13.26,11.30,1.38,1.25,3.47,5.81,13.07,-11.03%,29.06%,-,8.21%,5.94%,84.84,0.41%,"1,551,218"
WGMI,-,-,-,-,-,-,-,-,-,-,-,-,-,64.93,-2.74%,"848,069"
WGO,872.85M,20.98,11.18,0.46,0.30,0.71,18.41,6.94,28.08%,29.15%,-13.14%,24.55%,3.50%,30.88,13.24%,"1,943,351"
WGRX,4.77M,-,-,-,0.34,-,95.33,-,-,-,-,-,-,2.86,1.42%,"24,497"
WGS,2.04B,-,55.77,5.85,4.61,8.02,11.94,-,-105.10%,1823.74%,94.57%,9.54%,18.98%,68.67,8.07%,"1,191,919"
WH,6.45B,34.43,16.12,1.63,4.48,14.49,81.61,21.21,4.73%,11.38%,-,9.87%,1.77%,86.12,0.36%,"984,559"
WHD,4.29B,50.69,15.55,0.90,3.61,3.12,14.72,14.09,1.26%,26.37%,27.27%,17.37%,25.36%,53.52,4.98%,"1,072,887"
WHF,139.81M,16.11,6.52,-,4.57,0.57,2.83,9.97,-8.97%,-2.66%,-16.70%,-,-10.45%,6.51,-0.31%,"52,969"
WHG,173.47M,22.23,-,-,1.69,1.30,7.41,10.56,-,-,-,-,8.28%,18.29,1.22%,"14,343"
WHK,721.23M,-,-,-,-,3.55,11.17,-,-,-,-,-,-,27.77,3.39%,"115,905"
WHLR,1.03M,-,-,-,0.01,-,0.02,0.24,-,-,89.77%,-,10.07%,1.89,-22.22%,"273,753"
WHR,2.45B,12.65,8.71,-,0.16,0.65,3.91,-,-61.78%,81.92%,-19.73%,-0.12%,-4.41%,37.74,-0.32%,"2,266,124"
WHWK,221.05M,-,-,-,-,1.67,1.80,-,-288.31%,3.88%,58.28%,-,-13.29%,4.11,-6.38%,"595,016"
WIA,188.44M,12.06,-,-,13.02,0.88,-,-,-,-,-,-,-,8.08,0.25%,"44,231"
WILC,442.98M,16.45,-,-,2.36,2.14,5.10,30.74,-,-,10.78%,-,6.04%,31.80,-0.63%,586
WIMA,-,-,-,-,-,-,-,-,-,-,-,-,-,41.76,-0.23%,"1,181"
WIMI,26.85M,0.66,-,-,0.46,0.08,0.06,3.24,-,-,-,-,-11.95%,1.46,-3.95%,"78,904"
WINA,1.53B,38.68,33.30,-,18.05,-,76.99,36.94,5.13%,8.42%,7.92%,-,5.43%,428.89,-0.32%,"36,841"
WING,4.50B,41.15,29.76,1.55,6.35,-,24.25,34.12,11.73%,21.94%,51.34%,19.20%,22.87%,165.42,6.18%,"1,513,813"
WINN,-,-,-,-,-,-,-,-,-,-,-,-,-,31.32,-1.14%,"106,571"
WIP,-,-,-,-,-,-,-,-,-,-,-,-,-,39.31,0.26%,"43,293"
WISE,-,-,-,-,-,-,-,-,-,-,-,-,-,36.81,-0.97%,"1,777"
WIT,22.98B,15.39,14.37,2.87,2.19,2.46,4.01,12.91,5.37%,5.03%,2.07%,5.01%,4.67%,2.19,0.00%,"14,487,355"
WIW,512.11M,11.79,-,-,12.57,0.86,-,-,-,-,-,-,-,8.37,0.24%,"411,128"
WIX,2.30B,-,5.73,0.66,1.11,-,1.14,4.24,-32.79%,48.08%,-,8.68%,15.15%,41.72,-2.07%,"1,532,397"
WK,2.60B,200.48,13.22,0.35,2.81,-,3.01,15.12,63.55%,20.32%,14.18%,37.95%,20.26%,46.31,-3.18%,"746,933"
WKC,1.65B,-,13.23,-,0.04,1.37,10.94,31.13,46.25%,-12.89%,-,-14.11%,12.95%,32.19,1.87%,"736,094"
WKEY,59.32M,-,-,-,3.07,1.80,0.14,-,-651.65%,1.75%,42.59%,-,5.45%,7.36,1.80%,"101,370"
WKHS,30.83M,-,-,-,1.24,1.13,24.09,-,30.04%,58.63%,-,-,72.41%,2.83,2.54%,"185,895"
WKSP,14.19M,-,-,-,0.83,0.58,24.90,-,59.81%,32.28%,6.22%,-,115.54%,0.96,-6.31%,"7,667,442"
WLCOU,198.40M,-,-,-,-,-,9920.00,-,-,-,-,-,-,9.92,-0.05%,"61,652"
WLDN,1.19B,21.24,15.36,-,1.74,3.81,35.53,27.54,0.68%,4.40%,-,-,11.76%,78.93,-2.23%,"239,188"
WLDR,-,-,-,-,-,-,-,-,-,-,-,-,-,46.76,2.09%,"32,141"
WLDS,3.90M,-,-,-,6.00,0.09,0.21,-,-,-,24.74%,-,62.56%,1.78,-5.82%,"70,700"
WLDU,-,-,-,-,-,-,-,-,-,-,-,-,-,16.93,0.64%,"9,628"
WLFC,1.56B,13.51,12.38,1.76,2.23,2.48,7.08,-,-7.86%,26.73%,71.25%,7.05%,18.83%,222.52,2.89%,"180,123"
WLII,205.32M,-,-,-,-,1.46,141.60,-,-,-,-,-,-,10.19,0.10%,"9,894"
WLK,9.81B,-,20.07,-,0.89,1.15,3.96,-,526.38%,-0.62%,-,-,8.28%,76.54,0.88%,"1,863,373"
WLKP,794.09M,13.71,13.18,0.92,0.64,1.59,17.93,2.87,36.23%,-9.04%,-5.97%,14.29%,3.82%,22.53,-0.53%,"11,299"
WLTG,-,-,-,-,-,-,-,-,-,-,-,-,-,36.87,0.35%,768
WLTH,1.21B,-,15.62,-,3.25,1.96,2.73,-,149.12%,38.39%,-,-,-,8.07,0.00%,"2,422,397"
WLY,2.34B,10.78,8.60,-,1.40,2.73,30.98,11.20,14.56%,10.42%,9.65%,-,-2.89%,45.56,2.89%,"541,233"
WM,89.58B,32.29,24.21,2.27,3.53,8.96,520.83,27.23,9.10%,12.61%,13.74%,10.67%,10.62%,223.08,-0.08%,"1,546,357"
WMB,94.82B,34.07,30.63,2.23,7.81,7.32,99.81,131.33,12.61%,7.04%,65.64%,13.71%,8.91%,77.53,2.19%,"6,440,564"
WMG,13.71B,30.91,14.86,0.35,1.92,18.58,18.51,18.81,105.37%,24.85%,-,42.75%,8.49%,26.29,-2.38%,"1,758,431"
WMK,1.93B,19.62,-,-,0.39,1.41,8.36,80.20,-,-,-3.77%,-,3.81%,78.01,-2.92%,"112,048"
WMS,11.90B,28.50,21.06,1.77,3.90,6.07,53.36,20.90,0.26%,17.29%,16.00%,11.92%,9.00%,155.26,4.17%,"1,013,702"
WMSB,-,-,-,-,-,-,-,-,-,-,-,-,-,25.18,0.17%,69
WMT,921.39B,40.79,35.28,3.07,1.27,9.77,85.88,73.41,10.03%,12.98%,11.53%,11.51%,4.99%,115.78,-2.71%,"20,133,085"
WMTI,-,-,-,-,-,-,-,-,-,-,-,-,-,22.79,-3.38%,"34,503"
WNC,567.00M,-,8.88,-,0.39,1.77,13.06,-,18.60%,189.71%,-,-,0.81%,13.94,6.41%,"973,886"
WNDR,-,-,-,-,-,-,-,-,-,-,-,-,-,28.11,-0.58%,303
WNEB,282.96M,16.01,12.67,-,2.12,1.15,-,15.73,31.56%,12.50%,10.92%,-,7.34%,14.06,-1.06%,"29,880"
WNTR,-,-,-,-,-,-,-,-,-,-,-,-,-,31.50,4.48%,"146,876"
WNW,4.69M,-,-,-,0.66,0.01,0.26,0.52,-,-,57.70%,-,-20.38%,3.53,-6.12%,"74,230"
WOK,5.42M,-,-,-,0.55,0.00,1.32,1.10,-,-,-,-,-28.45%,2.24,-8.94%,"336,580"
WOLF,2.48B,-,-,-,3.49,2.26,2.13,-,-272.59%,31.29%,-45.01%,-,9.99%,47.79,4.19%,"4,060,938"
WOMN,-,-,-,-,-,-,-,-,-,-,-,-,-,42.26,-0.13%,710
WOOD,-,-,-,-,-,-,-,-,-,-,-,-,-,67.76,0.97%,"33,122"
WOOF,733.90M,137.43,10.38,0.49,0.12,0.63,4.37,5.55,16.42%,26.55%,-,21.23%,3.91%,2.57,-0.77%,"1,983,069"
WOR,2.76B,17.83,13.73,1.55,1.99,2.75,99.36,16.19,11.57%,8.33%,-25.22%,8.88%,-15.32%,55.94,-2.37%,"536,045"
WPAC,157.13M,-,-,-,-,10.48,628.53,-,-,-,-,-,-,10.03,0.20%,400
WPC,16.34B,31.40,23.38,2.07,9.28,1.96,68.28,14.92,21.17%,6.64%,-4.13%,11.28%,7.26%,73.35,0.99%,"1,361,556"
WPM,51.35B,28.58,19.92,0.83,18.70,5.56,23.72,51.29,78.19%,5.33%,23.43%,24.12%,16.12%,113.08,0.26%,"3,048,276"
WPP,3.58B,-,4.65,-,0.20,1.05,0.99,4.23,-20.76%,5.59%,39.00%,-2.31%,3.02%,16.61,0.24%,"744,949"
WPRT,40.89M,-,-,-,2.24,0.65,1.67,-,67.56%,34.63%,-21.16%,58.74%,-37.90%,2.35,8.80%,"564,403"
WQTM,-,-,-,-,-,-,-,-,-,-,-,-,-,36.45,-0.71%,"519,895"
WR,-,-,-,-,-,-,-,-,-,-,-,-,-,23.94,0.24%,12
WRAP,59.09M,-,-,-,11.77,4.08,8.14,-,-,-,9.71%,-,3.45%,1.06,-5.36%,"318,163"
WRB,25.80B,14.71,14.40,2.40,1.74,2.65,-,7.58,8.15%,2.74%,28.92%,5.99%,12.67%,69.29,-1.08%,"2,027,659"
WRBY,3.37B,2894.74,47.24,1.16,3.79,8.98,11.71,86.75,32.52%,22.19%,-,40.71%,17.23%,27.50,2.42%,"3,019,693"
WRD,1.65B,-,-,-,16.10,1.80,1.83,-,-122.45%,16.56%,-14.99%,1.83%,104.92%,5.42,-3.21%,"3,895,134"
WRLD,936.60M,27.35,14.29,-,1.60,2.68,31.89,3.67,57.68%,28.48%,-12.26%,-,2.17%,201.84,3.64%,"110,886"
WRN,489.62M,-,-,-,-,2.44,5.09,-,-32.45%,25.62%,3.41%,0.50%,-,2.17,3.83%,"4,072,947"
WRND,-,-,-,-,-,-,-,-,-,-,-,-,-,40.79,-0.26%,30
WRTH,-,-,-,-,-,-,-,-,-,-,-,-,-,25.43,-0.20%,"61,726"
WS,1.87B,116.33,-,-,0.54,1.71,22.12,23.39,12.11%,-,-44.78%,-,-4.08%,36.83,-7.04%,"537,463"
WSBC,3.71B,12.42,9.73,-,2.44,0.96,-,8.84,5.59%,10.34%,4.64%,-,16.27%,38.54,1.81%,"1,274,801"
WSBF,364.31M,12.14,-,-,1.77,1.05,-,-,-,-,-14.83%,-,-8.97%,20.18,2.02%,"110,138"
WSBK,115.33M,51.07,-,-,2.32,1.00,-,18.97,-,-,-,-,-,12.87,-0.50%,"7,157"
WSC,5.26B,-,21.67,1.42,2.32,6.04,338.58,13.99,-9.78%,23.89%,-,15.24%,10.78%,29.07,0.76%,"1,709,474"
WSDB,-,-,-,-,-,-,-,-,-,-,-,-,-,25.06,0.10%,371
WSE,13.32B,22.91,18.00,1.05,5.43,5.74,6.25,16.95,11.55%,13.74%,93.06%,17.11%,43.17%,11.06,1.10%,"1,329,491"
WSFS,4.05B,13.87,11.73,-,2.97,1.49,-,13.88,20.22%,5.99%,17.51%,-,14.21%,77.87,1.63%,"476,055"
WSGE,-,-,-,-,-,-,-,-,-,-,-,-,-,27.73,0.50%,"6,223"
WSHP,110.51M,-,-,-,200.93,13.80,-,-,-,-,-,-,-,4.71,-5.61%,"48,814"
WSM,28.27B,26.87,23.43,2.37,3.59,15.12,43.38,25.88,9.58%,9.23%,15.47%,9.88%,2.85%,240.06,1.87%,"1,438,707"
WSML,-,-,-,-,-,-,-,-,-,-,-,-,-,34.91,1.22%,"58,347"
WSO,16.79B,34.27,29.87,4.24,2.32,5.46,28.34,24.19,3.45%,8.89%,11.80%,7.04%,7.45%,412.19,2.80%,"373,616"
WSR,1.94B,19.69,43.71,-,11.76,2.10,254.85,37.42,-59.47%,12.55%,46.71%,-22.05%,5.53%,18.94,-0.11%,"457,310"
WST,24.48B,46.33,36.18,2.54,7.60,8.22,46.96,53.46,18.13%,11.23%,8.26%,14.24%,7.45%,346.56,1.81%,"1,591,359"
WSTN,81.76M,210.39,-,-,-,1.88,292.00,-,-,-,-,-,-,10.12,0.10%,2
WT,2.65B,42.57,13.52,0.81,4.86,5.55,4.23,16.62,33.55%,11.44%,-,16.70%,14.59%,17.31,-2.92%,"3,113,287"
WTAI,-,-,-,-,-,-,-,-,-,-,-,-,-,46.46,4.08%,"146,623"
WTBA,440.85M,12.56,9.08,-,2.20,1.63,-,9.32,34.90%,10.04%,-0.67%,-,12.56%,25.89,-0.69%,"68,831"
WTBN,-,-,-,-,-,-,-,-,-,-,-,-,-,25.25,-0.08%,"10,091"
WTF,124.66M,-,-,-,91.66,35.51,31.01,3116.60,-,-,-,-,-,2.62,4.38%,"10,421"
WTFC,10.92B,13.57,11.65,1.13,2.54,1.57,-,6.51,14.28%,6.68%,19.49%,10.29%,17.97%,161.88,1.30%,"622,282"
WTG,76.58M,52.75,-,-,-,20.92,64.90,-,-,-,-,-,-,10.46,0.53%,23
WTI,474.60M,-,-,-,0.91,-,3.63,15.26,92.32%,-248.48%,-,41.26%,7.66%,3.19,1.92%,"3,251,316"
WTIB,-,-,-,-,-,-,-,-,-,-,-,-,-,19.09,1.94%,709
WTID,-,-,-,-,-,-,-,-,-,-,-,-,-,5.55,-1.94%,"61,932"
WTIP,-,-,-,-,-,-,-,-,-,-,-,-,-,34.55,0.35%,"2,174"
WTIU,-,-,-,-,-,-,-,-,-,-,-,-,-,13.60,2.10%,"24,762"
WTLS,-,-,-,-,-,-,-,-,-,-,-,-,-,58.87,0.03%,500
WTM,5.00B,4.97,15.54,-,1.77,0.93,-,6.92,-73.27%,13.05%,13.56%,-,19.57%,2019.70,-0.13%,"14,352"
WTMF,-,-,-,-,-,-,-,-,-,-,-,-,-,40.63,0.17%,"29,741"
WTMU,-,-,-,-,-,-,-,-,-,-,-,-,-,25.71,-0.04%,579
WTMY,-,-,-,-,-,-,-,-,-,-,-,-,-,25.38,-0.39%,2
WTO,1.25M,-,-,-,0.04,0.04,0.03,-,-,-,21.82%,-,4.64%,6.35,7.24%,"19,991"
WTPI,-,-,-,-,-,-,-,-,-,-,-,-,-,32.48,-0.98%,"113,523"
WTRE,-,-,-,-,-,-,-,-,-,-,-,-,-,24.87,-1.38%,"10,386"
WTRG,10.76B,19.26,16.06,3.95,4.21,1.56,141.69,-,1.80%,5.48%,14.45%,4.06%,11.09%,37.93,0.40%,"2,056,412"
WTS,12.52B,34.29,28.82,2.92,4.90,5.98,33.43,39.47,12.90%,8.96%,24.79%,9.88%,10.08%,375.09,5.65%,"367,800"
WTTR,2.70B,94.48,27.05,0.68,1.93,2.36,48.17,-,21.31%,34.02%,-,39.78%,18.39%,19.18,4.30%,"1,592,520"
WTV,-,-,-,-,-,-,-,-,-,-,-,-,-,101.86,-0.43%,"105,147"
WTW,24.34B,15.08,11.64,0.85,2.46,3.05,10.51,15.53,14.36%,13.35%,16.17%,13.69%,2.43%,257.69,-1.46%,"490,391"
WU,2.27B,5.32,3.79,0.66,0.56,2.49,2.49,4.90,0.05%,9.37%,-3.18%,5.77%,-3.48%,7.26,0.28%,"5,901,701"
WUGI,-,-,-,-,-,-,-,-,-,-,-,-,-,92.74,3.29%,"1,141"
WULF,12.91B,-,-,-,76.84,-,4.57,-,17.66%,96.83%,-49.56%,49.34%,65.83%,26.06,-3.37%,"18,465,946"
WULX,-,-,-,-,-,-,-,-,-,-,-,-,-,51.84,-6.68%,"43,437"
WVE,1.11B,-,-,-,15.41,2.16,2.03,-,10.49%,-17.72%,20.52%,1.46%,16.31%,5.75,-3.36%,"3,185,499"
WVVI,11.95M,-,-,-,0.32,0.55,29.88,-,-,-,-,-,6.37%,2.40,-4.38%,"17,713"
WW,162.78M,0.15,-,-,0.24,0.61,1.29,-,-257.23%,68.10%,150.47%,39.05%,-12.41%,16.28,-7.24%,"111,585"
WWD,26.00B,52.26,40.84,1.82,6.50,10.29,51.89,66.92,35.62%,14.37%,13.95%,22.43%,7.41%,436.44,0.84%,"437,454"
WWJD,-,-,-,-,-,-,-,-,-,-,-,-,-,38.56,1.02%,"78,436"
WWR,62.14M,-,-,-,-,0.34,1.50,-,52.08%,57.61%,34.72%,-,-,0.49,0.80%,"681,801"
WWW,1.39B,13.71,9.66,0.64,0.72,3.35,11.63,10.86,15.80%,13.25%,-,15.10%,0.91%,16.97,-3.25%,"684,998"
WX,-,-,-,-,-,-,-,-,-,-,-,-,-,23.57,0.75%,"2,101"
WXET,-,-,-,-,-,-,-,-,-,-,-,-,-,17.79,1.68%,"16,523"
WXM,5.18M,-,-,-,-,-,-,-,-,-,-,-,-3.28%,4.60,-1.50%,"11,725"
WY,18.57B,46.86,36.98,0.49,2.70,1.97,61.71,-,67.90%,107.42%,-15.92%,74.77%,-1.72%,25.76,1.82%,"4,508,057"
WYFI,1.42B,-,116.92,-,2090.85,501.84,2221.53,-,-5.95%,138.10%,-,-,-,36.82,-4.88%,"2,749,836"
WYFL,-,-,-,-,-,-,-,-,-,-,-,-,-,28.07,-9.66%,"76,370"
WYHG,49.69M,8.42,-,-,0.38,0.29,0.55,-,-,-,-7.85%,-,4.09%,3.95,-39.79%,"494,998"
WYNN,10.31B,28.44,18.90,1.40,1.41,-,5.75,14.88,11.62%,12.45%,-,13.47%,27.77%,99.38,-4.21%,"1,988,927"
WYY,199.72M,-,17.34,-,1.27,16.97,17.71,25.94,116.67%,2396.41%,-,-,-3.55%,20.20,14.64%,"5,874,986"
WZRD,-,-,-,-,-,-,-,-,-,-,-,-,-,5.59,-1.25%,"1,684"
XA,-,-,-,-,-,-,-,-,-,-,-,-,-,32.73,-0.32%,"1,573"
XAGG,-,-,-,-,-,-,-,-,-,-,-,-,-,50.19,0.29%,"174,721"
XAGI,-,-,-,-,-,-,-,-,-,-,-,-,-,20.39,0.22%,659
XAIR,6.06M,-,-,-,0.88,0.49,0.34,-,72.66%,52.83%,17.29%,56.32%,21.66%,0.48,-0.35%,"308,812"
XAIX,-,-,-,-,-,-,-,-,-,-,-,-,-,57.03,2.25%,"44,442"
XAPR,-,-,-,-,-,-,-,-,-,-,-,-,-,37.50,0.07%,"8,879"
XAR,-,-,-,-,-,-,-,-,-,-,-,-,-,272.78,0.14%,"224,358"
XAUG,-,-,-,-,-,-,-,-,-,-,-,-,-,38.96,0.10%,"3,399"
XB,-,-,-,-,-,-,-,-,-,-,-,-,-,39.22,0.10%,814
XBAP,-,-,-,-,-,-,-,-,-,-,-,-,-,41.59,0.02%,"11,229"
XBB,-,-,-,-,-,-,-,-,-,-,-,-,-,40.96,0.05%,"9,565"
XBCI,-,-,-,-,-,-,-,-,-,-,-,-,-,30.06,-1.60%,"147,489"
XBFR,-,-,-,-,-,-,-,-,-,-,-,-,-,26.12,-0.27%,"19,233"
XBI,-,-,-,-,-,-,-,-,-,-,-,-,-,151.59,1.26%,"12,248,086"
XBIL,-,-,-,-,-,-,-,-,-,-,-,-,-,50.12,0.01%,"164,416"
XBIO,6.46M,-,-,-,2.02,0.93,0.88,-,-,-,37.89%,-,46.78%,2.82,-2.76%,"1,597"
XBIT,71.04M,-,-,-,-,0.53,0.62,-,-,-,-32.63%,-,-,2.33,-0.43%,"17,142"
XBIX,-,-,-,-,-,-,-,-,-,-,-,-,-,34.70,2.41%,"1,559"
XBJA,-,-,-,-,-,-,-,-,-,-,-,-,-,33.55,0.06%,"3,213"
XBJL,-,-,-,-,-,-,-,-,-,-,-,-,-,39.92,-0.03%,"2,932"
XBNB,-,-,-,-,-,-,-,-,-,-,-,-,-,18.22,-0.21%,357
XBOC,-,-,-,-,-,-,-,-,-,-,-,-,-,35.29,0.05%,"2,679"
XBOX,-,-,-,-,-,-,-,-,-,-,-,-,-,99.88,-0.13%,"187,538"
XBP,27.19M,0.03,-,-,0.04,0.43,0.51,-,-104.80%,66.52%,-,-,-,2.31,-2.94%,"9,423"
XBTY,-,-,-,-,-,-,-,-,-,-,-,-,-,5.61,-0.71%,"24,387"
XC,-,-,-,-,-,-,-,-,-,-,-,-,-,31.66,0.02%,"2,688"
XCBE,279.28M,-,-,-,-,1.26,303.57,-,-,-,-,-,-,9.93,0.00%,2
XCCC,-,-,-,-,-,-,-,-,-,-,-,-,-,36.56,-0.04%,"79,182"
XCEM,-,-,-,-,-,-,-,-,-,-,-,-,-,52.10,0.77%,"275,032"
XCH,48.20M,-,-,-,1.92,3.62,3.47,-,67.39%,46.67%,-48.96%,-,17.53%,0.89,11.55%,"14,946,171"
XCHG,-,-,-,-,-,-,-,-,-,-,-,-,-,25.98,-0.44%,299
XCLR,-,-,-,-,-,-,-,-,-,-,-,-,-,27.27,-0.09%,17
XCNY,-,-,-,-,-,-,-,-,-,-,-,-,-,32.97,-0.17%,103
XCOM,-,-,-,-,-,-,-,-,-,-,-,-,-,19.79,3.86%,15
XCOR,-,-,-,-,-,-,-,-,-,-,-,-,-,88.54,1.12%,"1,017"
XCUR,16.07M,-,-,-,-,7.66,6.18,-,-,-,54.97%,-,-,2.52,-6.32%,"44,363"
XDAT,-,-,-,-,-,-,-,-,-,-,-,-,-,23.37,-0.28%,24
XDEC,-,-,-,-,-,-,-,-,-,-,-,-,-,42.58,-0.12%,"8,785"
XDEF,-,-,-,-,-,-,-,-,-,-,-,-,-,20.42,-1.21%,501
XDIV,-,-,-,-,-,-,-,-,-,-,-,-,-,29.90,-0.14%,"7,281"
XDQQ,-,-,-,-,-,-,-,-,-,-,-,-,-,40.65,-0.06%,389
XDSQ,-,-,-,-,-,-,-,-,-,-,-,-,-,42.91,-0.01%,"2,351"
XDTE,-,-,-,-,-,-,-,-,-,-,-,-,-,38.62,-0.41%,"147,818"
XE,7.51B,-,-,-,-,-,11.15,-,-35.14%,1.15%,-,3.91%,-,18.48,-3.25%,"3,647,292"
XEL,51.03B,23.53,18.01,1.88,3.46,2.14,26.89,-,8.21%,10.38%,4.20%,9.57%,4.94%,81.75,0.34%,"5,896,065"
XELB,10.64M,-,-,-,2.24,0.68,59.13,-,7.24%,65.96%,5.57%,-,-30.03%,1.76,-7.85%,"127,241"
XEMD,-,-,-,-,-,-,-,-,-,-,-,-,-,44.93,-0.02%,"14,416"
XEML,-,-,-,-,-,-,-,-,-,-,-,-,-,25.69,1.59%,1
XENE,5.49B,-,-,-,-,4.10,5.01,-,-8.99%,-2.89%,-40.02%,9.02%,-25.26%,56.78,2.16%,"1,114,988"
XERS,1.28B,112.98,20.27,-,4.06,98.14,11.43,26.88,4425.82%,151.48%,-,-,70.20%,7.40,0.00%,"1,914,094"
XES,-,-,-,-,-,-,-,-,-,-,-,-,-,113.35,3.31%,"173,386"
XEUR,-,-,-,-,-,-,-,-,-,-,-,-,-,24.34,0.00%,0
XEY,-,-,-,-,-,-,-,-,-,-,-,-,-,20.35,-0.53%,23
XFEB,-,-,-,-,-,-,-,-,-,-,-,-,-,37.17,0.00%,565
XFIV,-,-,-,-,-,-,-,-,-,-,-,-,-,48.73,0.10%,"31,855"
XFLH,171.87M,-,-,-,-,115.54,291.31,-,-,-,-,-,-,9.98,0.00%,0
XFLT,261.82M,-,-,-,-,-,-,-,-,-,-,-,-,17.19,0.12%,"56,600"
XFLX,-,-,-,-,-,-,-,-,-,-,-,-,-,22.68,0.11%,19
XFOR,376.34M,-,-,-,41.77,2.23,1.61,-,60.96%,-9.25%,54.19%,27.70%,63.56%,3.99,-2.44%,"633,032"
XGN,112.10M,-,-,-,1.64,7.74,5.21,-,25.81%,27.17%,6.84%,25.79%,9.66%,4.64,2.65%,"181,531"
XHB,-,-,-,-,-,-,-,-,-,-,-,-,-,115.92,1.44%,"3,285,529"
XHE,-,-,-,-,-,-,-,-,-,-,-,-,-,84.48,2.12%,"14,669"
XHG,43.01M,-,-,-,0.85,-,24.03,-,-,-,58.21%,-,-21.93%,0.92,-5.33%,"29,347"
XHLD,5.42M,-,-,-,1.68,2.90,67.76,-,-,-,-,-,-,1.21,-1.63%,"14,446"
XHLF,-,-,-,-,-,-,-,-,-,-,-,-,-,50.27,0.02%,"1,014,622"
XHOA,-,-,-,-,-,-,-,-,-,-,-,-,-,26.46,0.16%,101
XHR,1.88B,29.57,37.09,-,1.73,1.65,10.48,19.34,-30.47%,23.60%,-,-,23.87%,20.40,0.89%,"571,542"
XHS,-,-,-,-,-,-,-,-,-,-,-,-,-,127.97,1.84%,"103,744"
XIDE,-,-,-,-,-,-,-,-,-,-,-,-,-,30.32,0.13%,239
XIDV,-,-,-,-,-,-,-,-,-,-,-,-,-,37.61,0.27%,969
XIFR,2.23B,10.46,42.13,-,1.89,0.34,2.23,37.86,1153.43%,-62.76%,18.00%,-,5.31%,11.57,-0.94%,"818,030"
XIGV,-,-,-,-,-,-,-,-,-,-,-,-,-,24.72,-,860
XIJN,-,-,-,-,-,-,-,-,-,-,-,-,-,30.47,0.06%,"4,032"
XIMR,-,-,-,-,-,-,-,-,-,-,-,-,-,31.45,0.06%,"1,726"
XISE,-,-,-,-,-,-,-,-,-,-,-,-,-,30.43,0.05%,"2,960"
XITK,-,-,-,-,-,-,-,-,-,-,-,-,-,181.80,-1.25%,669
XIWC,-,-,-,-,-,-,-,-,-,-,-,-,-,25.06,0.58%,"1,403"
XJAN,-,-,-,-,-,-,-,-,-,-,-,-,-,38.19,0.06%,"2,664"
XJH,-,-,-,-,-,-,-,-,-,-,-,-,-,51.72,1.10%,"29,704"
XJR,-,-,-,-,-,-,-,-,-,-,-,-,-,51.94,1.43%,"5,792"
XJUL,-,-,-,-,-,-,-,-,-,-,-,-,-,40.66,0.17%,"5,455"
XJUN,-,-,-,-,-,-,-,-,-,-,-,-,-,44.00,-0.02%,"10,484"
XKRE,-,-,-,-,-,-,-,-,-,-,-,-,-,28.86,1.93%,10
XLB,-,-,-,-,-,-,-,-,-,-,-,-,-,51.84,1.33%,"9,639,426"
XLBI,-,-,-,-,-,-,-,-,-,-,-,-,-,24.34,1.09%,"10,660"
XLBX,-,-,-,-,-,-,-,-,-,-,-,-,-,25.24,3.56%,81
XLC,-,-,-,-,-,-,-,-,-,-,-,-,-,105.58,-0.90%,"5,295,225"
XLCI,-,-,-,-,-,-,-,-,-,-,-,-,-,22.78,-0.76%,"3,230"
XLE,-,-,-,-,-,-,-,-,-,-,-,-,-,54.09,0.97%,"28,127,953"
XLEI,-,-,-,-,-,-,-,-,-,-,-,-,-,25.52,0.91%,"33,801"
XLEX,-,-,-,-,-,-,-,-,-,-,-,-,-,21.83,1.81%,16
XLF,-,-,-,-,-,-,-,-,-,-,-,-,-,53.45,-0.50%,"31,243,128"
XLFI,-,-,-,-,-,-,-,-,-,-,-,-,-,23.18,-0.43%,"4,022"
XLFX,-,-,-,-,-,-,-,-,-,-,-,-,-,26.95,-0.94%,"1,118"
XLG,-,-,-,-,-,-,-,-,-,-,-,-,-,59.56,-0.27%,"3,863,590"
XLI,-,-,-,-,-,-,-,-,-,-,-,-,-,184.12,2.17%,"7,842,303"
XLII,-,-,-,-,-,-,-,-,-,-,-,-,-,26.24,1.25%,"11,404"
XLIX,-,-,-,-,-,-,-,-,-,-,-,-,-,27.74,4.03%,1
XLK,-,-,-,-,-,-,-,-,-,-,-,-,-,184.57,0.83%,"13,185,355"
XLKI,-,-,-,-,-,-,-,-,-,-,-,-,-,26.81,0.64%,"9,823"
XLKX,-,-,-,-,-,-,-,-,-,-,-,-,-,21.25,1.66%,353
XLO,58.45M,-,-,-,1.09,0.71,0.39,-,27.92%,14.24%,31.67%,4.58%,-,8.89,-1.33%,"9,456"
XLP,-,-,-,-,-,-,-,-,-,-,-,-,-,83.94,-0.59%,"11,958,620"
XLPX,-,-,-,-,-,-,-,-,-,-,-,-,-,26.50,-1.07%,204
XLRE,-,-,-,-,-,-,-,-,-,-,-,-,-,44.59,0.18%,"5,582,373"
XLRI,-,-,-,-,-,-,-,-,-,-,-,-,-,23.85,0.17%,"1,845"
XLSI,-,-,-,-,-,-,-,-,-,-,-,-,-,23.62,-0.47%,"5,553"
XLSR,-,-,-,-,-,-,-,-,-,-,-,-,-,63.51,-0.23%,"63,101"
XLU,-,-,-,-,-,-,-,-,-,-,-,-,-,45.85,0.68%,"19,180,461"
XLUI,-,-,-,-,-,-,-,-,-,-,-,-,-,24.81,0.56%,"45,839"
XLUX,-,-,-,-,-,-,-,-,-,-,-,-,-,27.44,1.28%,24
XLV,-,-,-,-,-,-,-,-,-,-,-,-,-,155.63,1.49%,"9,391,435"
XLVI,-,-,-,-,-,-,-,-,-,-,-,-,-,26.04,0.85%,"23,723"
XLVX,-,-,-,-,-,-,-,-,-,-,-,-,-,28.32,3.01%,792
XLY,-,-,-,-,-,-,-,-,-,-,-,-,-,113.35,-1.49%,"7,016,549"
XLYI,-,-,-,-,-,-,-,-,-,-,-,-,-,22.35,-1.35%,"2,616"
XLYX,-,-,-,-,-,-,-,-,-,-,-,-,-,23.84,0.00%,0
XMAG,-,-,-,-,-,-,-,-,-,-,-,-,-,25.76,1.18%,"865,824"
XMAR,-,-,-,-,-,-,-,-,-,-,-,-,-,42.50,-0.07%,"16,154"
XMAX,550.16M,-,-,-,34.67,11.48,55.52,-,-,-,62.55%,-,8.06%,8.65,3.72%,"901,419"
XMAY,-,-,-,-,-,-,-,-,-,-,-,-,-,35.81,0.05%,"7,960"
XME,-,-,-,-,-,-,-,-,-,-,-,-,-,108.74,1.42%,"1,328,258"
XMHQ,-,-,-,-,-,-,-,-,-,-,-,-,-,111.17,0.40%,"141,922"
XMLV,-,-,-,-,-,-,-,-,-,-,-,-,-,66.23,0.49%,"24,123"
XMMO,-,-,-,-,-,-,-,-,-,-,-,-,-,171.12,1.28%,"470,579"
XMPT,-,-,-,-,-,-,-,-,-,-,-,-,-,22.12,0.07%,"19,463"
XMTR,5.11B,-,74.08,1.12,6.90,17.14,22.82,-,86.50%,76.24%,-6.20%,66.31%,37.17%,92.53,0.93%,"466,845"
XMVM,-,-,-,-,-,-,-,-,-,-,-,-,-,71.30,0.65%,"71,551"
XNAV,-,-,-,-,-,-,-,-,-,-,-,-,-,95.62,1.18%,82
XNCR,1.09B,-,-,-,11.22,2.12,2.46,-,-213.13%,15.67%,-0.43%,-,0.47%,14.74,2.01%,"874,724"
XNDU,3.64B,-,-,-,1287.92,13.91,13.38,-,4.21%,-20.49%,-,-28.49%,-,12.21,3.47%,"2,075,356"
XNDX,-,-,-,-,-,-,-,-,-,-,-,-,-,13.53,8.41%,"182,561"
XNET,316.19M,0.38,-,-,0.67,0.26,1.04,-,-,-,-,-,19.68%,5.03,3.50%,"384,056"
XNOV,-,-,-,-,-,-,-,-,-,-,-,-,-,39.46,0.10%,"5,740"
XNTK,-,-,-,-,-,-,-,-,-,-,-,-,-,376.42,2.35%,"65,463"
XOCT,-,-,-,-,-,-,-,-,-,-,-,-,-,39.34,0.05%,"5,686"
XOEF,-,-,-,-,-,-,-,-,-,-,-,-,-,29.88,1.12%,"1,783"
XOEX,-,-,-,-,-,-,-,-,-,-,-,-,-,40.26,1.08%,858
XOM,570.14B,23.21,12.99,0.79,1.73,2.24,67.59,30.34,58.70%,-4.56%,-,16.51%,12.70%,137.55,0.47%,"13,230,756"
XOMA,746.04M,26.86,-,-,15.37,5.41,7.86,112.53,-46.22%,-106.10%,13.20%,-,12.16%,42.20,0.12%,"122,047"
XOMO,-,-,-,-,-,-,-,-,-,-,-,-,-,10.50,-0.47%,"29,435"
XOMX,-,-,-,-,-,-,-,-,-,-,-,-,-,35.15,0.72%,"4,348"
XONE,-,-,-,-,-,-,-,-,-,-,-,-,-,49.35,0.02%,"61,573"
XOP,-,-,-,-,-,-,-,-,-,-,-,-,-,154.74,1.12%,"2,477,728"
XOS,38.83M,-,-,-,0.76,1.71,3.94,4.56,15.66%,6.11%,24.00%,-,77.09%,2.83,-4.39%,"201,575"
XOVL,-,-,-,-,-,-,-,-,-,-,-,-,-,20.12,-1.57%,"47,323"
XOVR,-,-,-,-,-,-,-,-,-,-,-,-,-,19.47,-1.27%,"2,999,148"
XP,8.16B,8.66,6.74,0.54,2.35,1.72,4.85,1.00,8.17%,14.68%,19.21%,12.47%,15.03%,15.78,1.41%,"4,580,263"
XPAV,-,-,-,-,-,-,-,-,-,-,-,-,-,27.40,4.94%,6
XPAY,-,-,-,-,-,-,-,-,-,-,-,-,-,52.56,0.17%,"38,986"
XPEG,-,-,-,-,-,-,-,-,-,-,-,-,-,4.42,-4.81%,"10,653"
XPEL,1.32B,25.06,17.46,0.58,2.70,4.59,29.27,22.62,8.83%,36.26%,22.82%,30.06%,24.54%,47.90,4.49%,"363,509"
XPER,371.69M,-,5.92,0.21,0.83,0.91,5.28,-,18.81%,40.46%,26.37%,28.63%,-2.03%,7.70,-1.91%,"322,006"
XPEV,9.53B,-,67.25,-,0.92,2.82,1.77,-,25.20%,237.14%,27.62%,-,66.00%,12.19,-2.32%,"5,226,887"
XPH,-,-,-,-,-,-,-,-,-,-,-,-,-,64.53,0.12%,"199,549"
XPL,68.29M,-,-,-,-,2.67,7.87,-,-50.00%,-16.67%,-22.23%,-,-,0.73,-1.58%,"46,675"
XPND,-,-,-,-,-,-,-,-,-,-,-,-,-,40.15,1.53%,"7,905"
XPO,23.84B,69.56,33.59,1.33,2.87,12.88,100.58,51.71,32.21%,22.55%,-,25.18%,-4.37%,203.02,3.14%,"1,661,083"
XPOF,310.81M,-,9.62,-,1.04,-,14.48,-,195.07%,55.93%,-20.82%,-,24.19%,6.99,-0.57%,"471,987"
XPON,5.16M,-,-,-,0.56,0.85,1.69,-,-,-,39.19%,-,43.76%,0.45,-0.22%,"67,921"
XPP,-,-,-,-,-,-,-,-,-,-,-,-,-,17.05,-4.68%,"7,866"
XPRO,1.58B,43.93,12.86,0.28,1.00,1.04,9.27,17.80,103.88%,18.32%,-,45.75%,18.94%,13.96,6.65%,"1,766,499"
XQQI,-,-,-,-,-,-,-,-,-,-,-,-,-,51.28,1.12%,"251,117"
XRAY,2.16B,-,6.94,3.34,0.59,1.64,11.37,20.76,-11.28%,9.42%,-51.27%,2.08%,1.95%,10.78,2.47%,"3,875,348"
XRLX,-,-,-,-,-,-,-,-,-,-,-,-,-,48.90,0.77%,794
XRMI,-,-,-,-,-,-,-,-,-,-,-,-,-,17.05,-0.12%,"13,506"
XRN,522.92M,-,-,-,3.19,1.27,45.43,20.55,51.28%,-134.59%,-1.58%,28.33%,11.43%,36.12,-0.28%,"47,338"
XRP,-,-,-,-,-,-,-,-,-,-,-,-,-,11.55,-2.12%,"1,637,052"
XRPC,-,-,-,-,-,-,-,-,-,-,-,-,-,10.97,-2.23%,"244,671"
XRPI,-,-,-,-,-,-,-,-,-,-,-,-,-,5.69,-2.57%,"198,944"
XRPM,-,-,-,-,-,-,-,-,-,-,-,-,-,10.48,-1.91%,"9,332"
XRPN,328.53M,139.97,-,-,-,1.46,3650.38,-,-,-,-,-,-,10.40,-0.10%,"81,185"
XRPR,-,-,-,-,-,-,-,-,-,-,-,-,-,8.45,-1.97%,"12,207"
XRPT,-,-,-,-,-,-,-,-,-,-,-,-,-,21.34,-4.69%,"117,476"
XRPZ,-,-,-,-,-,-,-,-,-,-,-,-,-,11.22,-2.09%,"332,304"
XRT,-,-,-,-,-,-,-,-,-,-,-,-,-,87.56,-0.75%,"5,604,757"
XRTX,3.74M,-,-,-,-,2.34,14.94,-,-,-,15.39%,-,-,2.16,2.32%,"4,140"
XRX,421.11M,-,3.74,-,0.06,1.41,0.68,5.47,60.86%,466.96%,-,-,0.00%,3.22,2.55%,"3,118,838"
XSD,-,-,-,-,-,-,-,-,-,-,-,-,-,597.58,1.29%,"161,017"
XSEM,-,-,-,-,-,-,-,-,-,-,-,-,-,24.32,5.79%,"3,640"
XSEP,-,-,-,-,-,-,-,-,-,-,-,-,-,44.19,-0.06%,"7,604"
XSHD,-,-,-,-,-,-,-,-,-,-,-,-,-,13.92,0.51%,"28,978"
XSHP,-,-,-,-,-,-,-,-,-,-,-,-,-,19.24,-1.20%,"11,183"
XSHQ,-,-,-,-,-,-,-,-,-,-,-,-,-,47.50,0.90%,"20,415"
XSLL,274.59M,-,-,-,-,1.33,157.81,-,-,-,-,-,-,9.92,0.10%,"186,084"
XSLV,-,-,-,-,-,-,-,-,-,-,-,-,-,52.12,0.41%,"5,761"
XSMO,-,-,-,-,-,-,-,-,-,-,-,-,-,91.22,1.54%,"212,558"
XSOE,-,-,-,-,-,-,-,-,-,-,-,-,-,48.65,0.52%,"44,655"
XSPC,-,-,-,-,-,-,-,-,-,-,-,-,-,21.79,-0.99%,"2,778"
XSPI,-,-,-,-,-,-,-,-,-,-,-,-,-,48.35,-0.13%,"55,245"
XSVM,-,-,-,-,-,-,-,-,-,-,-,-,-,69.74,0.53%,"93,600"
XSVN,-,-,-,-,-,-,-,-,-,-,-,-,-,47.38,0.07%,"27,364"
XSW,-,-,-,-,-,-,-,-,-,-,-,-,-,159.67,-1.44%,"39,908"
XT,-,-,-,-,-,-,-,-,-,-,-,-,-,80.78,0.96%,"63,568"
XTAI,-,-,-,-,-,-,-,-,-,-,-,-,-,23.35,0.29%,"3,578"
XTAP,-,-,-,-,-,-,-,-,-,-,-,-,-,44.96,0.30%,"1,094"
XTEN,-,-,-,-,-,-,-,-,-,-,-,-,-,45.81,0.01%,"77,607"
XTIA,61.95M,-,-,-,1.16,-,4.08,-,60.00%,64.62%,92.60%,-,19.32%,1.61,-3.01%,"973,439"
XTJA,-,-,-,-,-,-,-,-,-,-,-,-,-,33.67,0.02%,783
XTJL,-,-,-,-,-,-,-,-,-,-,-,-,-,41.07,0.02%,"1,048"
XTL,-,-,-,-,-,-,-,-,-,-,-,-,-,215.54,0.07%,"95,619"
XTLB,6.08M,-,-,-,-,-,-,-,-,-,10.17%,-,-,2.57,-8.01%,"22,775"
XTN,-,-,-,-,-,-,-,-,-,-,-,-,-,115.50,1.39%,"26,691"
XTNT,59.12M,38.67,-,-,0.48,1.21,4.86,7.63,-103.67%,59.09%,-,-,20.22%,0.42,-1.98%,"15,794"
XTOC,-,-,-,-,-,-,-,-,-,-,-,-,-,35.82,0.07%,"2,584"
XTR,-,-,-,-,-,-,-,-,-,-,-,-,-,28.02,0.08%,"2,177"
XTRE,-,-,-,-,-,-,-,-,-,-,-,-,-,49.04,0.06%,"83,472"
XTWO,-,-,-,-,-,-,-,-,-,-,-,-,-,48.94,0.03%,"16,736"
XTWY,-,-,-,-,-,-,-,-,-,-,-,-,-,38.04,-0.04%,"14,278"
XUDV,-,-,-,-,-,-,-,-,-,-,-,-,-,31.70,0.83%,"9,225"
XUSP,-,-,-,-,-,-,-,-,-,-,-,-,-,51.27,-0.01%,"1,512"
XV,-,-,-,-,-,-,-,-,-,-,-,-,-,24.46,-1.05%,"44,678"
XVO,-,-,-,-,-,-,-,-,-,-,-,-,-,25.14,0.00%,0
XVUG,-,-,-,-,-,-,-,-,-,-,-,-,-,21.01,-1.96%,109
XVV,-,-,-,-,-,-,-,-,-,-,-,-,-,55.75,-0.09%,"8,570"
XW,-,-,-,-,-,-,-,-,-,-,-,-,-,23.84,1.65%,11
XWEL,8.78M,-,-,-,0.30,21.19,0.52,-,-,-,34.16%,-,28.35%,1.04,-5.45%,"93,571"
XXI,3.38B,15.27,-,-,-,0.63,112735.66,7352.33,-,-,-,-,-,5.19,-3.71%,"1,278,674"
XXII,1.67M,-,-,-,0.11,0.01,0.18,-,-,-,87.27%,-,-8.95%,4.85,1.46%,"16,893"
XXRP,-,-,-,-,-,-,-,-,-,-,-,-,-,2.01,-5.63%,"3,577,575"
XXV,-,-,-,-,-,-,-,-,-,-,-,-,-,22.80,-3.47%,"77,744"
XXX,-,-,-,-,-,-,-,-,-,-,-,-,-,19.33,-0.66%,16
XYF,109.08M,1.40,-,-,0.11,0.17,0.20,-,-,-,-,-,27.14%,4.78,-1.04%,"26,508"
XYL,27.81B,29.07,19.24,1.95,3.06,2.55,34.42,29.94,8.93%,9.91%,22.83%,9.85%,13.14%,117.00,4.43%,"2,374,517"
XYLD,-,-,-,-,-,-,-,-,-,-,-,-,-,40.25,0.07%,"1,547,971"
XYLG,-,-,-,-,-,-,-,-,-,-,-,-,-,28.44,0.33%,"11,561"
XYZ,44.09B,57.55,14.60,0.38,1.80,2.03,5.55,13.53,64.37%,30.26%,36.61%,38.51%,20.56%,74.08,-2.11%,"5,008,225"
XYZG,-,-,-,-,-,-,-,-,-,-,-,-,-,15.62,-4.13%,"10,038"
XYZY,-,-,-,-,-,-,-,-,-,-,-,-,-,25.11,-2.88%,"15,683"
XZO,1.34B,-,12.40,-,-,4.86,5.78,-,1.68%,17.88%,-,-,59.02%,14.71,1.94%,"281,473"
YAAS,9.11M,-,-,-,16.87,1.11,0.92,-,-,-,44.38%,-,-16.45%,0.81,-0.25%,"226,223"
YALA,650.13M,6.40,6.00,-,1.93,0.93,0.81,-,1.81%,0.00%,-,-,20.44%,5.07,-1.36%,"361,561"
YALL,-,-,-,-,-,-,-,-,-,-,-,-,-,41.56,-0.60%,"6,144"
YANG,-,-,-,-,-,-,-,-,-,-,-,-,-,40.34,6.41%,"1,162,308"
YB,472.08M,2.39,2.60,0.02,0.71,1.24,0.70,-,597.05%,19.47%,-,114.66%,78.62%,14.57,1.64%,"47,745"
YBIT,-,-,-,-,-,-,-,-,-,-,-,-,-,18.23,-1.62%,"21,270"
YBMN,-,-,-,-,-,-,-,-,-,-,-,-,-,9.65,-4.86%,"3,418"
YBST,-,-,-,-,-,-,-,-,-,-,-,-,-,13.81,-0.73%,"2,295"
YBTC,-,-,-,-,-,-,-,-,-,-,-,-,-,16.59,-0.86%,"219,624"
YBTY,-,-,-,-,-,-,-,-,-,-,-,-,-,12.61,-0.91%,"5,899"
YCBD,7.38M,-,-,-,0.37,0.79,2.80,-,82.57%,63.16%,-,-,-14.45%,0.70,6.34%,"448,389"
YCL,-,-,-,-,-,-,-,-,-,-,-,-,-,17.53,-0.17%,"32,314"
YCLO,-,-,-,-,-,-,-,-,-,-,-,-,-,25.16,0.00%,0
YCS,-,-,-,-,-,-,-,-,-,-,-,-,-,56.00,-0.03%,"4,568"
YCY,149.86M,111.62,-,-,-,1.31,483.42,-,-,-,-,-,-,10.18,0.00%,2
YDDL,112.94M,9.43,8.32,0.80,1.72,2.70,117.65,-,-13.04%,25.00%,-,10.46%,-,2.08,-13.69%,"54,345"
YDEC,-,-,-,-,-,-,-,-,-,-,-,-,-,27.45,0.37%,"26,507"
YDES,171.31M,-,-,-,-,-,17131.39,-,-,-,6.41%,-,-,2.42,-7.98%,"24,478"
YDKG,4.66M,-,-,-,0.17,0.01,4.66,-,-,-,-,-,3.74%,0.84,-4.39%,"18,962"
YEAR,-,-,-,-,-,-,-,-,-,-,-,-,-,50.33,0.02%,"174,151"
YELP,1.26B,10.46,8.75,0.75,0.86,2.03,11.42,4.49,-15.90%,39.02%,-,11.64%,10.91%,22.92,-1.88%,"917,496"
YETH,-,-,-,-,-,-,-,-,-,-,-,-,-,7.79,-1.27%,"79,668"
YETI,3.79B,25.39,15.11,1.10,2.00,5.74,29.65,14.71,16.06%,14.96%,2.71%,13.77%,11.35%,50.01,0.75%,"708,968"
YEXT,416.03M,55.41,6.29,0.97,0.93,16.98,4.53,8.00,28.30%,-2.94%,-,6.49%,4.72%,4.15,-0.24%,"816,443"
YFFI,-,-,-,-,-,-,-,-,-,-,-,-,-,10.07,0.15%,40
YFYA,-,-,-,-,-,-,-,-,-,-,-,-,-,9.77,-0.41%,"3,312"
YGLD,-,-,-,-,-,-,-,-,-,-,-,-,-,31.48,0.21%,"17,193"
YHC,20.30M,-,-,-,14.93,0.71,4.57,-,-,-,63.57%,-,49.26%,0.95,16.01%,"2,125,164"
YHGJ,7.88M,-,-,-,0.37,1.17,43.76,112.53,-,-,44.33%,-,-1.32%,3.02,-0.41%,"3,476"
YHNA,46.54M,666.26,-,-,-,14.62,-,-,-,-,-,-,-,10.86,0.00%,0
YI,20.76M,-,-,-,0.01,-,0.36,-,-,-,33.28%,-,8.01%,4.00,-0.25%,"6,471"
YIBO,63.97M,-,-,-,0.41,1.10,1.15,-,-,-,-,-,3.17%,1.08,17.38%,"23,345"
YICCU,200.80M,-,-,-,-,18254.55,-,-,-,-,-,-,-,10.04,0.05%,"95,661"
YINN,-,-,-,-,-,-,-,-,-,-,-,-,-,21.72,-6.38%,"3,736,259"
YJ,3.96M,-,-,-,-,-,-,-,-,-,1.16%,-,-44.01%,1.55,-1.74%,"1,111"
YJUN,-,-,-,-,-,-,-,-,-,-,-,-,-,26.75,0.45%,"33,844"
YLD,-,-,-,-,-,-,-,-,-,-,-,-,-,19.05,-0.10%,"166,797"
YLDE,-,-,-,-,-,-,-,-,-,-,-,-,-,55.39,0.20%,"7,232"
YLDW,-,-,-,-,-,-,-,-,-,-,-,-,-,25.51,-0.14%,433
YMAG,-,-,-,-,-,-,-,-,-,-,-,-,-,11.00,-2.40%,"2,450,812"
YMAR,-,-,-,-,-,-,-,-,-,-,-,-,-,28.56,0.32%,"3,547"
YMAT,13.06M,17.80,-,-,0.65,0.86,8.59,-,-,-,-,-,-14.85%,0.65,4.93%,"1,420,693"
YMAX,-,-,-,-,-,-,-,-,-,-,-,-,-,7.75,-0.51%,"1,988,998"
YMM,7.03B,13.78,8.95,0.62,3.95,1.35,2.62,-,4.74%,20.59%,-,14.33%,35.97%,7.54,-3.46%,"4,499,848"
YMT,56.33M,-,-,-,-,-,244.93,-,-,-,60.80%,-,-0.86%,0.56,-5.49%,"199,637"
YNOT,-,-,-,-,-,-,-,-,-,-,-,-,-,31.98,0.73%,"11,139"
YOKE,-,-,-,-,-,-,-,-,-,-,-,-,-,32.55,1.40%,"30,426"
YOLO,-,-,-,-,-,-,-,-,-,-,-,-,-,2.66,0.76%,"23,848"
YOOV,94.43M,-,-,-,7.57,3.13,57.93,-,-,-,-,-,-,0.42,-9.90%,"47,724"
YORW,491.79M,20.60,17.34,1.70,6.22,1.81,-,-,15.11%,9.37%,1.80%,10.20%,7.55%,30.34,-0.30%,"116,717"
YOU,7.11B,42.95,20.77,0.59,7.54,28.88,8.88,16.25,50.00%,52.38%,-,35.18%,31.30%,53.18,0.43%,"1,077,661"
YOUL,27.25M,5.36,-,-,0.11,0.30,1.32,16.22,-,-,-,-,-,0.42,-2.30%,"120,650"
YPF,18.00B,-,7.49,-,0.96,1.56,10.68,38.06,384.38%,1.82%,2.51%,-,14.65%,45.76,0.31%,"1,617,154"
YQ,14.71M,-,-,-,0.56,0.60,0.29,-,-,-,49.15%,-,-39.86%,2.15,3.37%,"3,143"
YQQQ,-,-,-,-,-,-,-,-,-,-,-,-,-,10.02,-0.48%,"38,768"
YRD,96.07M,28.95,-,-,0.12,0.07,0.17,-,-,-,-,-,6.43%,1.10,-2.65%,"62,762"
YSEP,-,-,-,-,-,-,-,-,-,-,-,-,-,27.44,0.51%,"5,423"
YSG,199.15M,-,10.35,-,0.32,0.69,1.47,-,1496.03%,266.57%,51.72%,-,-4.64%,3.12,-6.59%,"137,196"
YSPY,-,-,-,-,-,-,-,-,-,-,-,-,-,15.04,0.17%,"8,164"
YSS,3.16B,-,46.27,-,-,1.81,4.82,-,2.19%,160.55%,-,-,-,24.39,-0.61%,"1,042,565"
YSWY,1.24B,-,18.77,6.43,-,-,-,-,41.13%,-30.81%,70.37%,2.92%,-,19.61,-5.31%,"423,972"
YSXT,24.61M,5.09,-,-,0.31,0.80,76.90,-,-,-,-,-,-,1.05,-15.32%,"40,458"
YTRA,58.60M,-,-,-,0.51,1.07,2.24,-,-,-,32.00%,-,46.11%,0.94,-0.81%,"27,173"
YUM,41.66B,24.37,20.33,1.86,4.91,-,48.16,25.29,11.50%,10.23%,13.51%,10.90%,7.76%,151.14,-1.23%,"1,408,574"
YUMC,14.03B,15.46,12.40,0.99,1.16,2.60,9.82,14.88,15.72%,11.56%,4.49%,12.56%,7.38%,40.18,-2.12%,"1,471,580"
YUNG,-,-,-,-,-,-,-,-,-,-,-,-,-,28.43,0.73%,230
YXI,-,-,-,-,-,-,-,-,-,-,-,-,-,24.49,2.00%,"3,640"
YXT,19.95M,-,-,-,-,-,-,-,71.35%,57.14%,-,-,-,0.37,-4.94%,"236,524"
YYAI,6.74M,0.05,-,-,0.42,0.04,0.18,1.98,-,-,-,-,79.59%,6.40,-7.51%,"8,949"
YYGH,13.94M,-,-,-,0.24,0.18,9.23,-,-,-,-,-,34.56%,1.27,-26.16%,"1,945,537"
YYY,-,-,-,-,-,-,-,-,-,-,-,-,-,11.51,0.61%,"270,877"
YYYM,-,-,-,-,-,-,-,-,-,-,-,-,-,20.16,-0.01%,"12,463"
Z,6.73B,117.26,9.84,0.29,2.50,1.53,8.54,20.32,38.87%,31.21%,-,33.85%,-5.01%,29.41,-3.70%,"5,082,722"
ZALT,-,-,-,-,-,-,-,-,-,-,-,-,-,33.83,0.03%,"194,137"
ZAP,-,-,-,-,-,-,-,-,-,-,-,-,-,35.00,0.69%,"147,404"
ZAPR,-,-,-,-,-,-,-,-,-,-,-,-,-,26.57,0.04%,"5,018"
ZAUG,-,-,-,-,-,-,-,-,-,-,-,-,-,27.46,-0.04%,"1,309"
ZBAO,17.10M,-,-,-,0.36,5.96,3.35,-,-,-,-10.33%,-,53.65%,0.51,11.23%,"294,574"
ZBH,17.60B,23.62,10.10,1.82,2.09,1.39,41.48,15.44,3.51%,6.10%,-,5.56%,3.22%,90.96,0.44%,"1,654,906"
ZBIO,1.56B,-,-,-,-,4.58,2.17,-,43.01%,1.67%,-,21.09%,-,24.67,13.17%,"1,590,451"
ZBRA,11.59B,29.43,11.83,1.03,2.06,3.39,101.70,13.87,17.13%,10.89%,-2.63%,11.50%,4.06%,243.39,-1.77%,"786,660"
ZCBA,-,-,-,-,-,-,-,-,-,-,-,-,-,49.30,0.06%,236
ZCBB,-,-,-,-,-,-,-,-,-,-,-,-,-,49.32,0.06%,3
ZCBC,-,-,-,-,-,-,-,-,-,-,-,-,-,49.47,0.07%,2
ZCBE,-,-,-,-,-,-,-,-,-,-,-,-,-,49.53,0.06%,2
ZCBF,-,-,-,-,-,-,-,-,-,-,-,-,-,49.56,0.05%,3
ZCBG,-,-,-,-,-,-,-,-,-,-,-,-,-,49.69,0.03%,2
ZCMD,1.16M,-,-,-,0.10,0.00,0.08,1.69,-,-,-,-,-8.76%,0.36,-11.22%,"413,479"
ZD,1.79B,42.71,8.72,-,1.29,1.05,3.44,6.17,-22.71%,8.62%,-18.45%,-1.70%,4.60%,48.55,0.77%,"615,958"
ZDAI,17.30M,-,-,-,-,6.14,864.80,-,-,-,-,-,-,2.15,-4.02%,"101,038"
ZDEK,-,-,-,-,-,-,-,-,-,-,-,-,-,26.33,-0.02%,"2,527"
ZDGE,39.34M,-,16.72,0.30,1.26,1.60,2.00,12.69,-120.00%,1900.00%,-28.24%,56.05%,25.43%,3.01,-0.66%,"92,366"
ZECP,-,-,-,-,-,-,-,-,-,-,-,-,-,37.09,-0.03%,"63,589"
ZENA,122.23M,-,-,-,8.36,-,11.40,-,18.06%,40.09%,-,-,50.05%,1.40,0.00%,"1,472,526"
ZEO,40.04M,-,-,-,0.54,1.77,23.14,-,-,-,-,-,-,0.69,-2.71%,"56,540"
ZEPP,39.18M,-,66.00,-,0.14,0.35,0.38,-,108.33%,600.00%,-,-,-22.56%,4.62,3.82%,"121,574"
ZETA,4.46B,-,15.21,0.54,3.10,5.05,15.43,22.31,30.64%,23.23%,17.79%,28.34%,28.80%,17.88,-5.10%,"10,073,242"
ZETX,-,-,-,-,-,-,-,-,-,-,-,-,-,15.25,-10.35%,"105,659"
ZFEB,-,-,-,-,-,-,-,-,-,-,-,-,-,25.92,0.00%,"4,461"
ZG,6.67B,116.19,9.70,0.28,2.48,1.51,8.47,20.16,39.17%,31.64%,-,34.20%,-5.01%,29.14,-4.46%,"1,582,013"
ZGN,5.46B,30.20,20.81,1.12,2.52,2.86,15.72,18.57,9.45%,31.10%,-,18.63%,-,12.90,-1.60%,"1,158,677"
ZH,181.69M,-,-,-,0.48,0.43,0.29,-,46.97%,91.63%,28.76%,-,14.31%,2.95,-3.91%,"409,162"
ZHDG,-,-,-,-,-,-,-,-,-,-,-,-,-,23.13,-0.04%,"12,807"
ZHOG,-,-,-,-,-,-,-,-,-,-,-,-,-,51.42,-0.01%,456
ZIG,-,-,-,-,-,-,-,-,-,-,-,-,-,39.34,0.47%,"1,931"
ZIM,3.11B,31.77,-,-,0.49,0.81,1.91,2.66,-174.72%,-28.49%,-1.60%,-,11.58%,25.80,0.86%,"857,122"
ZINC,-,-,-,-,-,-,-,-,-,-,-,-,-,25.80,1.01%,883
ZION,10.20B,10.78,10.15,1.41,2.07,1.41,-,8.24,7.90%,5.29%,14.71%,7.20%,10.90%,69.33,1.51%,"1,583,925"
ZIP,323.64M,-,-,-,0.72,-,0.82,19.66,75.94%,31.69%,-,-,1.43%,3.97,19.94%,"2,058,305"
ZJAN,-,-,-,-,-,-,-,-,-,-,-,-,-,27.93,-0.01%,"2,286"
ZJK,127.04M,12.31,5.64,0.13,2.26,2.90,6.82,70.19,50.00%,45.83%,-,44.22%,-,1.98,-5.05%,"13,365"
ZJUL,-,-,-,-,-,-,-,-,-,-,-,-,-,29.92,0.03%,"9,030"
ZJUN,-,-,-,-,-,-,-,-,-,-,-,-,-,27.27,-0.04%,"84,037"
ZJYL,18.16M,15.24,-,-,0.88,0.61,0.61,-,-,-,-11.20%,-,5.02%,2.32,-5.69%,"13,942"
ZKH,332.51M,-,15.06,-,0.26,0.97,1.25,-,155.43%,143.16%,25.70%,-,12.99%,2.57,9.83%,"140,636"
ZKIN,23.49M,-,-,-,0.33,0.37,6.15,-,-,-,-15.00%,-,-3.88%,1.36,-8.72%,"6,586"
ZKP,388.98M,-,-,-,-,1.39,457.62,-,-,-,-,-,-,9.95,0.10%,"883,933"
ZLAB,2.08B,-,-,-,4.58,3.11,2.74,-,-31.61%,19.75%,14.26%,16.75%,56.57%,18.52,0.82%,"710,552"
ZM,24.30B,12.16,13.20,3.19,4.93,2.44,3.13,12.39,2.03%,3.96%,22.38%,4.14%,12.92%,82.88,-3.03%,"3,265,002"
ZMAR,-,-,-,-,-,-,-,-,-,-,-,-,-,28.12,0.01%,"1,200"
ZMAY,-,-,-,-,-,-,-,-,-,-,-,-,-,25.84,-0.12%,"7,084"
ZMUN,-,-,-,-,-,-,-,-,-,-,-,-,-,50.21,0.03%,"2,360"
ZNB,0.93M,-,-,-,0.04,0.00,0.56,-,-,-,76.31%,-,-,0.58,-9.92%,"386,280"
ZNOV,-,-,-,-,-,-,-,-,-,-,-,-,-,27.36,0.00%,"2,042"
ZNTL,269.80M,-,-,-,-,1.48,1.27,-,-1.45%,13.53%,7.86%,7.13%,-,3.79,-4.53%,"937,253"
ZOCT,-,-,-,-,-,-,-,-,-,-,-,-,-,27.53,0.00%,"14,284"
ZONE,180.77M,-,-,-,53.01,2.98,10.60,-,-,-,-45.29%,-,5.51%,0.81,1.24%,"1,467,414"
ZOOZ,45.12M,-,2.46,-,180.47,0.38,1.62,-,105.55%,117.31%,15.70%,-,-10.12%,5.57,-2.45%,"24,666"
ZROZ,-,-,-,-,-,-,-,-,-,-,-,-,-,65.44,-0.20%,"312,318"
ZS,20.02B,-,26.92,1.47,6.31,8.46,5.66,22.50,25.56%,11.67%,21.31%,18.36%,44.03%,123.80,-2.73%,"2,312,858"
ZSB,-,-,-,-,-,-,-,-,-,-,-,-,-,21.51,0.04%,65
ZSC,-,-,-,-,-,-,-,-,-,-,-,-,-,29.44,0.72%,7
ZSEP,-,-,-,-,-,-,-,-,-,-,-,-,-,27.49,0.02%,"2,651"
ZSL,-,-,-,-,-,-,-,-,-,-,-,-,-,32.25,-2.18%,"2,109,214"
ZSQR,627.46M,-,-,-,445.01,3.84,119.29,-,-,-,40.22%,-,-,12.20,-10.03%,"378,875"
ZSTK,8.63M,-,-,-,0.21,0.23,3.75,-,-,-,19.15%,-,220.19%,3.55,-0.14%,"10,959"
ZTAX,-,-,-,-,-,-,-,-,-,-,-,-,-,25.48,0.00%,18
ZTEK,41.94M,-,-,-,63.55,4.65,32.02,-,-,-,-35.94%,-,-,0.39,-6.02%,"96,145"
ZTEN,-,-,-,-,-,-,-,-,-,-,-,-,-,50.77,0.12%,"17,337"
ZTG,-,-,-,-,-,-,-,-,-,-,-,-,-,1.64,-7.34%,"72,152"
ZTO,12.22B,13.63,9.59,0.65,1.68,1.86,2.77,-,22.74%,12.38%,14.67%,14.85%,13.33%,21.80,-0.73%,"1,751,042"
ZTOP,-,-,-,-,-,-,-,-,-,-,-,-,-,51.58,0.00%,"11,275"
ZTR,339.96M,12.06,-,-,16.16,0.94,-,-,-,-,-,-,-,6.80,1.04%,"190,755"
ZTRE,-,-,-,-,-,-,-,-,-,-,-,-,-,50.74,0.11%,"7,716"
ZTS,32.62B,12.89,10.53,1.37,3.43,10.12,16.81,15.27,7.70%,7.07%,11.96%,7.67%,7.24%,77.82,-0.45%,"5,756,274"
ZTWO,-,-,-,-,-,-,-,-,-,-,-,-,-,50.47,0.04%,435
ZUMZ,307.08M,21.79,13.28,0.50,0.33,1.01,2.47,8.32,-7.53%,59.30%,-23.71%,26.67%,-1.28%,18.20,-4.76%,"182,601"
ZURA,431.29M,-,-,-,-,1.99,1.91,-,26.53%,11.40%,-,6.55%,-,4.54,6.57%,"1,288,949"
ZVIA,109.32M,-,-,-,0.65,2.25,4.11,-,11.11%,43.75%,-,44.97%,7.95%,1.42,-4.05%,"1,976,953"
ZVOL,-,-,-,-,-,-,-,-,-,-,-,-,-,8.23,2.75%,"35,153"
ZVRA,782.10M,6.14,14.24,1.42,6.40,3.80,3.90,65.23,-21.07%,-12.83%,-,10.02%,51.62%,13.23,1.15%,"1,118,394"
ZWS,8.56B,40.89,26.69,2.27,4.92,5.33,31.29,26.94,15.61%,9.37%,-2.00%,11.77%,-2.36%,51.29,2.17%,"1,096,573"
ZYBT,22.62M,-,-,-,1.40,1.01,3.04,13.08,-,-,-,-,-16.43%,0.76,-1.46%,"28,132"
ZYME,1.75B,-,51.51,0.75,21.52,10.70,4.79,-,226.55%,-66.24%,21.35%,69.06%,22.16%,23.77,-2.18%,"425,105"
