Ticker,MarketCap,Dividend,ROA,ROE,ROIC,CurrR,QuickR,LTDebtEq,DebtEq,GrossM,OperM,ProfitM,Earnings,Price,Change,Volume
AA,45.67B,0.63%,11.00%,20.97%,13.08%,2.05,1.56,0.50,0.54,53.72%,24.09%,19.53%,Aug 26/a,161.98,0.02%,50
AAA,11.78B,0.90%,8.10%,19.10%,13.45%,1.53,0.92,0.30,0.30,14.20%,11.66%,9.33%,Oct 15/a,44.62,-0.04%,"2,328"
AAAA,-,4.69%,-,-,-,-,-,-,-,-,-,-,-,24.93,0.00%,0
AAAAA,-,1.25%,-,-,-,-,-,-,-,-,-,-,-,31.02,0.00%,0
AAAAC,-,3.27%,-,-,-,-,-,-,-,-,-,-,-,20.11,0.00%,0
AAAAD,-,1.21%,-,-,-,-,-,-,-,-,-,-,-,48.91,0.00%,0
AAAAP,-,0.60%,-,-,-,-,-,-,-,-,-,-,-,25.48,0.00%,0
AAAAU,-,-,-,-,-,-,-,-,-,-,-,-,-,42.59,-0.56%,"1,795"
AAAC,497.75M,-,-,-,-,0.30,0.30,-,-,-,-,-,-,10.08,0.00%,0
AAACG,34.85M,-,-10.59%,-86.43%,-75.90%,0.32,0.32,0.92,1.43,48.70%,-11.16%,-17.93%,Mar 25/a,0.81,0.00%,0
AAACI,341.66M,-,-,-,0.97%,2.65,2.65,0.00,0.00,-,-,-,-,10.04,0.00%,0
AAACO,313.62M,-,-,-,-,13.84,13.84,0.00,0.00,-,-,-,-,10.00,0.00%,0
AAACP,236.58M,-,-,-,-,8.63,8.63,0.00,0.00,-,-,-,-,10.08,0.00%,0
AAADR,-,0.82%,-,-,-,-,-,-,-,-,-,-,-,84.54,0.00%,0
AAADX,2.24B,-,-1.66%,-10.47%,-13.91%,2.51,2.08,0.51,0.52,20.15%,-10.22%,-30.24%,Aug 12/b,13.02,1.01%,210
AAAEQ,-,0.09%,-,-,-,-,-,-,-,-,-,-,-,55.52,0.00%,0
AAAL,9.08B,-,-0.51%,-,-1.18%,0.53,0.42,-,-,17.86%,1.83%,-0.56%,Jul 23/b,13.71,1.03%,"75,891"
AAALG,-,2.58%,-,-,-,-,-,-,-,-,-,-,-,10.71,-0.74%,25
AAAME,27.54M,-,1.32%,4.75%,3.36%,0.99,-,0.39,0.39,-,4.67%,2.26%,-,1.35,0.00%,0
AAAMI,3.34B,0.44%,13.26%,200.40%,29.42%,1.06,1.06,2.75,2.80,96.56%,26.60%,14.59%,Jul 30/b,94.11,0.00%,0
AAAOG,-,-,-,-,-,-,-,-,-,-,-,-,-,2.43,-1.62%,"126,605"
AAAOI,9.16B,-,-3.68%,-5.45%,-3.04%,2.78,2.13,0.12,0.18,28.85%,-11.31%,-9.57%,Aug 06/a,107.94,-0.67%,"241,724"
AAAON,6.27B,0.53%,9.76%,17.28%,10.76%,3.01,2.01,0.47,0.48,24.05%,11.05%,8.24%,Aug 10/b,75.99,-0.54%,120
AAAOX,-,-,-,-,-,-,-,-,-,-,-,-,-,10.95,-1.71%,"942,555"
AAAOZ,-,-,-,-,-,-,-,-,-,-,-,-,-,12.29,1.40%,"62,774"
AAAP,2.49B,2.44%,0.96%,4.84%,1.12%,1.75,0.85,2.31,2.31,45.03%,3.91%,0.97%,Aug 20/b,41.20,0.46%,737
AAAPB,-,-,-,-,-,-,-,-,-,-,-,-,-,45.12,0.00%,0
AAAPD,-,4.45%,-,-,-,-,-,-,-,-,-,-,-,10.10,-1.74%,"9,788"
AAAPE,-,-,-,-,-,-,-,-,-,-,-,-,-,16.94,0.00%,0
AAAPG,1.47B,-,-46.64%,-240.66%,-121.48%,1.22,1.18,1.11,3.76,83.18%,-220.00%,-229.27%,Aug 18/a,15.86,0.00%,0
AAAPL,4959.39B,0.32%,36.08%,148.75%,72.08%,1.00,0.93,0.66,0.78,48.65%,33.17%,27.62%,Jul 30/a,339.82,0.25%,"83,708"
AAAPR,-,-,-,-,-,-,-,-,-,-,-,-,-,29.80,0.00%,0
AAAPU,-,1.66%,-,-,-,-,-,-,-,-,-,-,-,46.09,-0.17%,"4,101"
AAAPW,-,26.66%,-,-,-,-,-,-,-,-,-,-,-,42.06,0.44%,61
AAAPX,-,0.49%,-,-,-,-,-,-,-,-,-,-,-,41.62,0.00%,0
AAAPY,-,10.83%,-,-,-,-,-,-,-,-,-,-,-,28.17,0.00%,0
AAARD,121.90M,-,-61.06%,-66.02%,-93.09%,12.63,12.63,0.00,0.01,-,-,-,Aug 11/a,5.57,0.00%,0
AAAT,1.35B,6.19%,0.65%,1.64%,0.67%,2.46,2.46,1.53,1.53,31.27%,22.77%,4.09%,Jul 28/a,21.98,0.00%,0
AAAUA,-,-,-,-,-,-,-,-,-,-,-,-,-,59.48,0.00%,0
AAAUB,-,-,-,-,-,-,-,-,-,-,-,-,-,51.99,0.00%,0
AAAUC,3.12B,-,-3.38%,-14.17%,-11.90%,0.60,0.39,0.05,0.39,42.74%,32.08%,-4.19%,Aug 05/a,22.38,0.00%,0
AAAUS,-,0.33%,-,-,-,-,-,-,-,-,-,-,-,62.38,0.00%,0
AAAVM,-,1.79%,-,-,-,-,-,-,-,-,-,-,-,33.92,0.00%,0
AAAXJ,-,1.29%,-,-,-,-,-,-,-,-,-,-,-,119.68,-0.08%,1
AAB,3.39B,9.58%,19.36%,19.39%,25.12%,-,-,0.00,0.00,-,-,-,Jul 28/b,36.37,0.00%,0
AABAT,329.43M,-,-67.54%,-74.50%,-58.03%,9.53,9.44,0.00,0.00,-23.94%,-343.62%,-337.50%,Sep 14/b,2.31,-0.84%,"2,174"
AABBV,467.46B,2.60%,4.60%,15221.82%,11.08%,0.81,0.69,-,-,71.42%,34.18%,9.74%,Jul 31/b,264.53,0.02%,958
AABCB,5.57B,0.98%,1.36%,9.40%,8.87%,0.16,-,0.04,0.34,-,33.34%,22.11%,Jul 23/a,83.00,0.00%,0
AABCL,4.08B,-,-12.15%,-17.30%,-16.05%,12.77,12.63,0.15,0.15,50.74%,-340.25%,-248.83%,Aug 05/a,12.60,-0.47%,"7,067"
AABCS,-,1.15%,-,-,-,-,-,-,-,-,-,-,-,34.46,0.00%,0
AABEO,328.22M,-,-29.54%,-43.13%,-47.17%,6.63,6.40,0.04,0.16,47.17%,-327.64%,-246.42%,Aug 13/b,5.74,1.23%,519
AABEQ,-,1.18%,-,-,-,-,-,-,-,-,-,-,-,38.31,0.00%,0
AABEV,45.22B,5.91%,11.37%,18.02%,17.58%,1.02,0.76,0.02,0.03,48.45%,23.24%,18.36%,Jul 30/b,2.98,0.00%,3
AABFL,-,0.55%,-,-,-,-,-,-,-,-,-,-,-,81.54,0.00%,0
AABG,3.31B,-,4.73%,13.23%,7.13%,0.91,0.29,0.82,1.41,16.61%,5.08%,2.83%,Jul 28/b,184.55,0.00%,0
AABI,-,6.38%,-,-,-,-,-,-,-,-,-,-,-,24.58,0.02%,1
AABIG,-,0.09%,-,-,-,-,-,-,-,-,-,-,-,35.61,0.00%,0
AABLD,-,3.43%,-,-,-,-,-,-,-,-,-,-,-,31.95,0.00%,0
AABLG,-,2.40%,-,-,-,-,-,-,-,-,-,-,-,31.45,0.00%,0
AABLS,-,13.69%,-,-,-,-,-,-,-,-,-,-,-,20.96,0.00%,0
AABLV,52.46M,-,-6.73%,-37.24%,-39.16%,1.62,1.27,0.29,1.50,11.32%,-0.46%,-3.75%,-,0.95,0.00%,0
AABM,2.90B,2.34%,3.06%,9.19%,4.62%,1.42,1.42,1.01,1.05,11.34%,4.68%,1.82%,Sep 08/b,49.43,0.00%,0
AABNB,100.18B,-,9.65%,34.54%,26.19%,1.41,1.41,0.32,0.32,72.56%,21.21%,20.35%,Aug 06/a,167.31,0.28%,786
AABND,-,5.49%,-,-,-,-,-,-,-,-,-,-,-,42.52,0.00%,0
AABOS,187.30M,-,-72.97%,-120.50%,-151.89%,2.47,2.47,0.21,0.55,-,-,-,Aug 12/b,2.59,0.00%,0
AABOT,-,0.30%,-,-,-,-,-,-,-,-,-,-,-,44.43,0.00%,0
AABR,809.66M,18.66%,0.41%,2.01%,0.48%,0.55,0.24,3.35,3.99,94.25%,70.95%,1.36%,Jul 31/b,4.34,0.00%,185
AABSI,1.67B,-,-50.57%,-57.72%,-48.87%,10.63,10.63,0.01,0.02,-610.70%,-8411.27%,-7756.37%,Aug 11/a,9.76,-0.61%,"4,926"
AABT,179.80B,2.48%,5.59%,10.63%,6.70%,1.38,0.97,0.58,0.64,52.81%,16.44%,11.60%,Jul 16/b,103.91,0.90%,382
AABTC,752.22M,-,-29.63%,-58.97%,-24.33%,0.19,0.19,0.19,0.31,17.05%,7.12%,-71.75%,Aug 03/b,10.33,0.29%,"9,286"
AABTS,4.05M,-,-25.75%,-31.60%,-35.18%,0.33,0.33,0.05,0.24,1.72%,-26.17%,-31.43%,-,1.26,0.00%,0
AABUF,-,-,-,-,-,-,-,-,-,-,-,-,-,27.91,0.00%,0
AABUS,990.53M,-,81.13%,89.58%,58.45%,81.42,81.42,0.01,0.01,99.98%,81.13%,84.23%,Aug 12/b,5.00,0.00%,0
AABVC,38.95M,-,-39.88%,-82.15%,-60.78%,0.07,0.07,0.14,0.28,-,-,-,-,1.25,8.70%,699
AABVX,8.91B,-,-95.27%,-158.32%,-72.44%,8.25,8.25,0.08,0.08,-,-,-,Sep 21/a,101.95,-1.45%,"4,865"
AABX,805.17M,2.43%,3.29%,6.55%,3.80%,0.70,0.70,0.69,0.78,82.18%,33.42%,10.55%,Aug 06/a,8.23,2.28%,727
AABXB,-,5.15%,-,-,-,-,-,-,-,-,-,-,-,19.04,0.00%,0
AACA,7.18B,0.14%,3.86%,7.24%,2.93%,3.12,2.31,0.50,0.51,23.04%,11.18%,4.78%,Aug 05/a,146.22,0.00%,2
AACAA,356.12M,-,-,-,-,3.25,3.25,0.00,0.00,-,-,-,-,9.98,0.00%,0
AACAD,4.57B,-,25.64%,35.74%,27.85%,3.39,3.30,0.05,0.06,91.13%,7.59%,33.42%,Aug 04/a,26.53,0.51%,"17,523"
AACB,258.71M,-,-5.24%,-7.10%,-20.99%,5.36,2.80,0.03,0.04,9.77%,-56.85%,-38.37%,Aug 05/b,3.99,-0.99%,317
AACBE,-,-,-,-,-,-,-,-,-,-,-,-,-,25.28,0.00%,0
AACBH,-,-,-,-,-,-,-,-,-,-,-,-,-,25.47,0.00%,0
AACCL,40.04M,-,10.21%,14.77%,9.40%,4.22,4.22,0.01,0.04,41.69%,11.63%,11.29%,-,2.87,0.00%,0
AACCO,384.92M,7.19%,2.50%,8.85%,3.58%,1.97,1.22,1.38,1.46,29.87%,6.85%,3.74%,Jul 30/a,4.17,0.00%,0
AACCS,19.16M,-,-3.55%,-5.07%,-5.59%,0.82,0.82,0.05,0.09,63.09%,-7.41%,-7.63%,Aug 11/b,5.01,0.00%,0
AACDC,903.33M,-,-15.24%,-52.29%,-25.03%,0.84,0.59,1.65,1.98,-0.86%,-10.72%,-23.06%,Aug 06/b,4.96,0.00%,0
AACEI,-,10.47%,-,-,-,-,-,-,-,-,-,-,-,24.06,0.00%,0
AACEL,898.14M,-,5.26%,20.82%,6.76%,2.47,2.40,1.95,2.07,25.50%,8.21%,4.08%,Aug 04/a,11.06,-0.35%,1
AACEP,-,0.11%,-,-,-,-,-,-,-,-,-,-,-,20.31,0.00%,0
AACES,-,0.64%,-,-,-,-,-,-,-,-,-,-,-,29.31,0.00%,0
AACET,83.60M,-,-63.62%,-78.08%,-76.04%,6.71,6.71,0.08,0.11,-,-,-,Aug 05/a,8.93,0.00%,0
AACFN,52.20M,-,11.90%,19.73%,16.13%,2.12,1.78,0.09,0.11,80.29%,7.15%,16.12%,Aug 06/b,20.80,0.00%,0
AACGC,292.46M,-,-,-,-,5.83,5.83,0.00,0.00,-,-,-,-,10.05,0.00%,0
AACGL,32.76B,0.18%,6.80%,19.94%,17.02%,0.50,-,0.15,0.18,-,25.11%,25.03%,Jul 28/a,96.00,0.23%,417
AACGO,-,-,-,-,-,-,-,-,-,-,-,-,-,39.33,0.00%,0
AACGR,-,0.11%,-,-,-,-,-,-,-,-,-,-,-,71.01,0.00%,0
AACH,67.15M,-,-3.53%,-198.35%,-24.56%,0.41,0.30,-,-,39.89%,1.35%,-11.41%,Aug 10/b,0.87,0.00%,0
AACHC,2.64B,-,-19.00%,-44.54%,-25.08%,1.57,1.56,1.27,1.30,16.26%,10.06%,-33.44%,Jul 28/a,28.37,0.00%,15
AACHR,4.17B,-,-38.52%,-44.76%,-39.81%,10.21,10.21,0.06,0.07,-392.75%,-13569.57%,-11589.86%,Aug 10/a,5.42,-0.18%,"60,173"
AACHV,828.37M,-,-91.46%,-844.99%,-,0.95,0.95,-,-,-,-,-,Aug 11/b,8.05,0.00%,0
AACHX,-,-,-,-,-,-,-,-,-,-,-,-,-,27.99,0.00%,0
AACI,5.95B,4.44%,0.25%,2.72%,0.42%,0.84,0.21,8.81,9.74,24.96%,1.96%,0.08%,Jul 23/b,12.25,1.07%,106
AACIC,441.50M,-,11.00%,31.65%,20.32%,2.39,-,0.45,0.45,-,43.27%,30.31%,Aug 05/a,9.11,-0.87%,2
AACII,-,7.48%,-,-,-,-,-,-,-,-,-,-,-,25.64,0.00%,0
AACIO,-,0.37%,-,-,-,-,-,-,-,-,-,-,-,47.48,0.00%,0
AACIU,270.21M,-,-25.54%,-79.01%,-113.99%,0.93,0.93,0.09,0.12,-,-249.40%,-245.27%,Aug 05/b,2.65,0.00%,0
AACIW,5.01B,-,7.24%,15.62%,9.83%,1.58,1.58,0.53,0.58,43.70%,19.02%,12.40%,Aug 06/b,49.59,0.00%,0
AACKY,-,15.98%,-,-,-,-,-,-,-,-,-,-,-,17.71,0.00%,0
AACLC,-,0.56%,-,-,-,-,-,-,-,-,-,-,-,86.27,0.00%,0
AACLO,-,4.87%,-,-,-,-,-,-,-,-,-,-,-,50.51,0.00%,0
AACLS,3.46B,-,6.85%,8.89%,8.22%,4.90,3.21,0.06,0.07,43.01%,10.33%,10.71%,Aug 06/b,112.10,-0.93%,728
AACLZ,-,-,-,-,-,-,-,-,-,-,-,-,-,8.96,0.00%,0
AACM,8.10B,1.36%,3.07%,15.91%,6.77%,1.06,1.06,1.43,1.52,5.68%,4.65%,2.35%,Aug 10/a,62.93,0.00%,43
AACMM,-,-,-,-,-,-,-,-,-,-,-,-,-,10.27,0.00%,0
AACMR,4.98B,0.21%,5.52%,10.55%,7.30%,3.65,2.66,0.11,0.19,43.84%,13.29%,14.48%,Aug 07/b,71.50,-1.75%,"13,222"
AACN,114.32B,3.47%,11.79%,24.95%,19.76%,1.34,1.34,0.24,0.26,31.73%,15.47%,10.66%,Oct 01/b,186.81,0.38%,932
AACNB,649.35M,3.35%,1.66%,13.34%,9.88%,0.04,-,0.30,0.77,-,34.48%,27.15%,Jul 23/b,63.85,0.00%,0
AACNT,131.36M,-,-2.13%,-2.88%,-4.82%,4.33,3.63,0.15,0.17,20.73%,-6.93%,-5.27%,Aug 04/a,14.58,0.00%,0
AACOG,195.35M,-,-42.76%,-55.25%,-44.26%,9.00,8.00,0.00,0.00,89.24%,-190.62%,-153.61%,Aug 13/a,8.97,0.00%,0
AACOM,-,-,-,-,-,-,-,-,-,-,-,-,-,24.08,0.00%,0
AACON,7.09M,-,-56.09%,-58.97%,-54.09%,16.20,16.20,0.00,0.00,-267.68%,-11592.14%,-10978.48%,Jun 03,2.46,0.00%,0
AACP,589.71M,19.91%,-,-,-,-,-,-,-,-,-,-,-,4.70,0.00%,0
AACQQ,-,-,-,-,-,-,-,-,-,-,-,-,-,25.41,0.00%,0
AACR,169.10M,-,0.66%,3.33%,0.67%,7.05,3.20,4.04,4.04,90.30%,63.07%,-3.85%,Jul 29/a,12.57,0.00%,0
AACRE,243.01M,13.20%,-0.27%,-0.88%,-0.30%,0.21,0.21,2.03,2.58,78.65%,51.37%,-3.77%,Aug 04/b,4.38,0.00%,0
AACRS,819.90M,-,-41.07%,-59.10%,-60.18%,3.46,3.46,0.01,0.01,12.90%,-1040.43%,-921.50%,Aug 06/b,5.57,0.00%,0
AACRT,-,-,-,-,-,-,-,-,-,-,-,-,-,23.60,0.00%,0
AACRV,79.71M,-,-57.61%,-64.63%,-84.69%,7.99,7.99,0.01,0.02,-,-,-,Aug 12/a,1.86,-7.46%,5
AACSG,-,-,-,-,-,-,-,-,-,-,-,-,-,46.98,0.00%,0
AACSI,-,0.79%,-,-,-,-,-,-,-,-,-,-,-,77.52,0.00%,0
AACSP,-,-,-,-,-,-,-,-,-,-,-,-,-,24.63,0.00%,0
AACSV,-,1.06%,-,-,-,-,-,-,-,-,-,-,-,47.72,0.00%,0
AACT,6.61B,1.94%,9.95%,12.87%,11.13%,1.62,-,0.14,0.14,-,73.11%,54.51%,Aug 05/a,48.05,0.00%,0
AACTG,425.48M,-,-1.92%,-2.82%,-2.40%,4.76,4.51,0.19,0.19,22.17%,-6.95%,-5.39%,Aug 05/b,4.36,0.00%,0
AACTU,21.24M,-,-336.18%,-553.75%,-1467.12%,1.25,1.25,0.40,0.40,-,-,-,Sep 02,0.88,-2.52%,"1,701"
AACU,236.74M,1.04%,5.28%,8.35%,6.21%,3.23,1.39,0.30,0.32,40.08%,7.08%,4.64%,Jul 23/b,61.75,0.00%,0
AACV,267.28M,8.37%,-,-,-,-,-,-,-,-,-,-,-,25.71,0.00%,0
AACVA,1.77B,-,-5.69%,-15.06%,-10.61%,1.52,1.52,0.53,0.53,45.21%,-7.09%,-7.88%,Aug 10/a,10.45,-0.28%,502
AACVF,-,0.51%,-,-,-,-,-,-,-,-,-,-,-,55.18,0.00%,0
AACVT,-,1.34%,-,-,-,-,-,-,-,-,-,-,-,28.57,0.00%,0
AACVU,-,1.70%,-,-,-,-,-,-,-,-,-,-,-,31.69,0.00%,0
AACWI,-,1.39%,-,-,-,-,-,-,-,-,-,-,-,161.18,-0.41%,24
AACWV,-,1.89%,-,-,-,-,-,-,-,-,-,-,-,125.00,-0.28%,4
AACWX,-,2.45%,-,-,-,-,-,-,-,-,-,-,-,77.47,0.00%,0
AACXP,7.39M,-,-87.57%,-128.11%,-92.08%,3.88,3.88,0.00,0.00,-,-,-,Aug 14/b,1.33,0.00%,0
AACYN,-,4.33%,-,-,-,-,-,-,-,-,-,-,-,20.89,0.00%,0
AACYQ,-,1.77%,-,-,-,-,-,-,-,-,-,-,-,21.05,0.00%,0
AACYS,-,1.90%,-,-,-,-,-,-,-,-,-,-,-,20.59,0.00%,0
AAD,3.08B,-,9.41%,22.06%,30.59%,0.95,0.95,0.93,0.95,34.34%,0.83%,349.27%,Aug 07/b,35.56,0.00%,0
AADAC,289.23M,-,-,-,1.09%,0.69,0.69,0.00,0.00,-,-,-,-,10.06,0.00%,0
AADAG,215.52M,-,-20.55%,-28.57%,-19.17%,5.02,5.02,0.01,0.06,94.22%,-240.31%,-220.66%,Aug 12/b,3.21,0.00%,0
AADAM,801.73M,11.70%,1.72%,14.17%,3.53%,0.06,0.06,2.89,7.69,85.74%,82.71%,18.60%,Jul 29/a,8.92,0.00%,0
AADBE,100.38B,-,24.80%,61.90%,43.25%,0.77,0.75,0.43,0.57,88.68%,36.35%,28.05%,Sep 10/a,252.52,1.20%,"24,188"
AADBG,-,-,-,-,-,-,-,-,-,-,-,-,-,4.17,2.58%,"29,104"
AADBT,62.39M,-,-,-,-,9.23,9.23,0.00,0.00,-,-,-,-,0.13,-3.47%,"1,253,916"
AADBU,-,1.04%,-,-,-,-,-,-,-,-,-,-,-,23.46,2.25%,103
AADC,8.46B,4.70%,2.29%,3.69%,2.38%,0.16,0.16,0.45,0.60,54.25%,48.43%,27.83%,Jul 30/a,68.05,0.64%,4
AADCT,137.22M,-,-32.25%,-,-,3.03,2.97,-,-,88.42%,-121.82%,-121.77%,Aug 13/b,1.07,-4.04%,"1,190"
AADDS,-,-,-,-,-,-,-,-,-,-,-,-,-,25.15,0.00%,0
AADEA,2.83B,0.78%,11.70%,27.88%,14.42%,3.25,3.25,0.78,0.83,86.76%,46.81%,26.05%,Aug 03/a,25.66,0.51%,120
AADGM,11.17M,-,-77.80%,-657.76%,-107.02%,1.41,1.15,-,-,-,-,-,Aug 11/b,0.50,0.00%,0
AADI,184.87B,1.12%,8.56%,12.23%,10.25%,1.25,0.91,0.20,0.27,60.39%,35.89%,29.79%,Aug 19/b,381.51,-0.39%,"8,606"
AADIG,1.59B,-,-,-,-,2.80,1.62,0.49,0.51,-,-,-,Aug 13/b,20.92,0.00%,0
AADIL,11.55M,-,-322.10%,-265.94%,-241.16%,5.63,5.63,-,-,-,-,-,Aug 17/b,4.40,0.00%,0
AADIU,-,-,-,-,-,-,-,-,-,-,-,-,-,11.18,0.00%,0
AADIV,-,3.00%,-,-,-,-,-,-,-,-,-,-,-,19.68,0.00%,0
AADM,40.27B,2.55%,3.35%,7.70%,5.70%,1.39,0.86,0.32,0.40,7.02%,2.49%,2.15%,Aug 04/b,83.55,0.20%,173
AADMA,2.13B,-,27.19%,41.90%,27.83%,6.97,3.81,0.49,0.50,64.67%,42.26%,32.98%,Aug 05/a,9.51,0.04%,60
AADME,-,0.35%,-,-,-,-,-,-,-,-,-,-,-,57.02,0.00%,0
AADNT,1.35B,1.82%,0.54%,2.73%,1.12%,1.10,0.91,1.48,1.53,6.15%,2.58%,0.32%,Aug 05/b,17.46,0.00%,0
AADP,107.98B,2.57%,7.57%,72.24%,39.05%,1.05,1.05,0.87,0.91,50.67%,26.41%,20.11%,Jul 29/b,271.80,0.69%,323
AADPT,4.44B,-,-11.23%,-39.58%,-11.73%,4.79,4.68,2.81,2.87,72.71%,-11.81%,-20.73%,Jul 29/a,27.80,-0.22%,"1,421"
AADPV,-,0.67%,-,-,-,-,-,-,-,-,-,-,-,44.28,0.00%,0
AADSE,844.34M,-,-49.36%,-,-,0.77,0.18,-,-,-55.25%,-181.96%,-177.12%,-,11.23,0.00%,0
AADSK,46.17B,-,13.78%,53.85%,29.62%,0.86,0.86,0.64,1.10,85.81%,23.39%,21.01%,Aug 27/a,220.90,0.94%,"2,931"
AADT,4.82B,3.33%,3.87%,17.20%,5.57%,0.69,0.52,2.16,2.24,48.75%,25.19%,11.86%,Jul 30/b,6.60,-0.30%,"1,005"
AADTN,587.48M,-,-1.91%,-15.11%,-6.07%,1.79,1.19,1.87,1.87,38.46%,-0.18%,-1.99%,Aug 04/b,7.21,0.00%,0
AADUR,450.18M,-,-87.90%,-128.80%,-88.71%,49.41,49.41,0.01,0.02,-323.19%,-10848.67%,-16180.96%,Sep 01/b,12.61,0.00%,0
AADUS,2.15B,-,7.35%,9.71%,8.47%,1.69,1.69,0.08,0.09,31.23%,10.85%,7.13%,Aug 03/a,115.36,0.00%,0
AADV,419.22M,-,-9.90%,-50.09%,-14.38%,1.79,1.79,3.68,3.74,7.71%,2.44%,-7.65%,Aug 05/b,32.69,0.00%,0
AADVB,10.69M,-,59.90%,84.61%,58.89%,7.38,7.38,0.00,0.07,-,-,-,-,6.47,0.00%,0
AADVE,-,1.67%,-,-,-,-,-,-,-,-,-,-,-,47.06,0.00%,0
AADX,3.15B,7.58%,-,-,-,-,-,-,-,-,-,-,-,25.19,-3.79%,1
AADXN,3.49M,-,-106.04%,-131.07%,-210.77%,0.97,0.97,0.01,0.03,84.96%,-2465.90%,-6401.70%,Jun 25/b,3.53,0.00%,0
AAEAQ,315.62M,-,3.33%,3.45%,1.72%,2.70,2.70,0.00,0.00,-,-,-,-,10.08,0.00%,0
AAEBI,935.90M,0.62%,1.31%,3.58%,1.39%,1.98,1.14,0.85,0.95,17.70%,5.87%,1.13%,Aug 13/b,12.06,0.00%,0
AAEC,74.61M,-,-31.59%,-56.86%,-46.45%,0.92,0.92,0.29,0.29,-531.48%,-3539.96%,-3849.57%,-,3.74,0.00%,0
AAEE,28.19B,2.97%,3.19%,12.02%,4.77%,0.53,0.37,1.39,1.59,31.72%,24.87%,17.86%,Jul 30/a,101.83,0.00%,1
AAEF,408.04M,7.86%,-,-,-,-,-,-,-,-,-,-,-,10.05,0.00%,0
AAEG,13.29B,5.60%,0.30%,10.57%,8.05%,1.16,-,0.43,0.43,-,2.48%,3.86%,Aug 20/b,9.00,-0.99%,"8,009"
AAEHG,-,-,-,-,-,-,-,-,-,-,-,-,-,8.05,-5.63%,"43,643"
AAEHL,143.19M,-,-23.58%,-34.83%,-24.71%,3.48,3.48,0.02,0.08,-1.55%,-9.19%,-7.85%,Jul 06/b,7.55,9.10%,"10,808"
AAEHR,3.12B,-,-3.61%,-4.16%,-3.11%,10.33,8.01,0.04,0.05,35.30%,-28.29%,-14.25%,Jul 14/a,95.41,-1.57%,"51,272"
AAEI,32.28M,-,-38.54%,-43.41%,-35.42%,11.97,11.97,0.00,0.01,24.84%,-285.24%,-951.44%,-,0.83,0.00%,0
AAEIS,10.49B,0.11%,7.60%,16.27%,8.18%,3.79,2.94,0.84,0.95,38.90%,14.62%,10.77%,Aug 03/a,261.92,-0.31%,638
AAELV,-,1.34%,-,-,-,-,-,-,-,-,-,-,-,26.62,0.00%,0
AAEM,99.86B,0.83%,16.91%,22.97%,20.33%,2.86,2.02,0.01,0.01,61.34%,58.76%,40.44%,Jul 29/a,196.00,-0.75%,"2,936"
AAEMC,-,-,-,-,-,-,-,-,-,-,-,-,-,19.71,0.00%,0
AAEMD,9.92M,-,-120.22%,-160.91%,-133.43%,5.04,5.04,0.00,0.07,-,-,-,Aug 13/a,6.18,-2.22%,"3,545"
AAEMG,-,-,-,-,-,-,-,-,-,-,-,-,-,19.58,0.00%,0
AAEMV,-,-,-,-,-,-,-,-,-,-,-,-,-,19.49,0.00%,0
AAENT,258.98M,-,3.31%,11.88%,6.38%,1.34,0.65,0.75,0.80,12.79%,3.12%,1.14%,Sep 10/a,5.08,0.20%,453
AAEO,2.57B,2.65%,8.08%,20.36%,9.98%,1.59,0.62,0.91,1.09,37.23%,9.34%,5.91%,Sep 09/a,15.33,-0.82%,3
AAEON,12.68M,-,-621.70%,-,-,0.54,0.54,-,-,-,-,-,Aug 12/a,0.25,0.08%,"9,260"
AAEP,65.33B,3.20%,2.74%,10.14%,3.90%,0.50,0.38,1.51,1.67,30.87%,23.33%,13.82%,Jul 30/b,120.00,-0.02%,799
AAER,22.08B,1.07%,4.69%,18.66%,5.54%,0.68,0.66,2.33,2.33,55.84%,48.98%,44.96%,Jul 29/b,143.00,0.00%,0
AAERO,2.33B,-,3.04%,-,7.29%,0.62,0.56,-,-,20.39%,12.51%,3.80%,Jul 13/a,15.95,0.00%,0
AAERT,35.95M,-,7.05%,-,74.34%,0.85,0.85,-,-,25.98%,9.21%,3.68%,-,6.85,0.00%,0
AAES,10.58B,4.79%,3.72%,28.22%,5.21%,0.75,0.67,3.58,4.02,20.26%,18.69%,14.68%,Aug 04/a,14.83,0.00%,0
AAESB,-,-,-,-,-,-,-,-,-,-,-,-,-,19.64,0.00%,0
AAESG,-,-,-,-,-,-,-,-,-,-,-,-,-,19.61,0.00%,0
AAESI,1.66B,-,-4.93%,-9.93%,-5.65%,1.82,1.58,0.88,0.94,4.16%,-9.39%,-11.08%,Aug 03/a,13.27,0.00%,0
AAESL,-,-,-,-,-,-,-,-,-,-,-,-,-,19.59,0.00%,0
AAESP,213.26M,-,-,-,0.12%,17.62,17.62,0.00,0.00,-,-,-,-,9.97,0.00%,0
AAESR,-,-,-,-,-,-,-,-,-,-,-,-,-,20.21,0.00%,0
AAETH,-,2.24%,-,-,-,-,-,-,-,-,-,-,-,38.79,0.00%,0
AAEVA,1.05B,-,-20.33%,-516.07%,-25.36%,7.85,7.56,3.64,3.72,26.30%,-610.95%,-150.12%,Aug 05/a,15.04,-1.59%,505
AAEXA,555.94M,-,-,-,-0.44%,2.58,2.58,0.00,0.00,-,-,-,-,11.24,0.00%,0
AAEYE,86.98M,-,-13.33%,-86.74%,-24.06%,1.06,1.06,4.92,5.20,78.29%,-8.78%,-10.92%,Aug 13/a,6.92,0.00%,0
AAFB,288.60M,5.95%,-,-,-,-,-,-,-,-,-,-,-,10.04,0.00%,0
AAFCG,77.52M,17.54%,1.51%,2.80%,1.32%,18.51,18.51,1.10,1.10,85.48%,39.29%,15.21%,Aug 13/b,3.45,0.00%,0
AAFDM,-,3.06%,-,-,-,-,-,-,-,-,-,-,-,91.37,0.00%,0
AAFEM,-,2.46%,-,-,-,-,-,-,-,-,-,-,-,100.64,0.00%,0
AAFG,11.71B,5.02%,3.73%,20.41%,13.91%,0.50,-,0.42,0.42,-,14.31%,11.69%,Aug 04/a,141.24,0.00%,0
AAFGR,-,-,-,-,-,-,-,-,-,-,-,-,-,38.08,0.00%,0
AAFIF,-,3.92%,-,-,-,-,-,-,-,-,-,-,-,9.39,0.00%,0
AAFIX,-,4.83%,-,-,-,-,-,-,-,-,-,-,-,24.12,0.00%,0
AAFJK,38.00M,-,1.44%,1.66%,5.15%,0.01,0.01,0.00,0.28,-,-,-,-,12.00,0.00%,0
AAFK,-,0.93%,-,-,-,-,-,-,-,-,-,-,-,29.32,0.69%,11
AAFL,57.65B,2.13%,4.05%,16.91%,12.69%,1.00,-,0.26,0.29,-,33.36%,26.91%,Aug 06/a,115.00,-0.16%,14
AAFLG,-,0.69%,-,-,-,-,-,-,-,-,-,-,-,44.88,0.00%,0
AAFMC,-,0.70%,-,-,-,-,-,-,-,-,-,-,-,40.23,0.00%,0
AAFNXU,-,-,-,-,-,-,-,-,-,-,-,-,-,-,-,0
AAFOS,-,0.22%,-,-,-,-,-,-,-,-,-,-,-,45.67,0.00%,0
AAFRI,303.34M,-,-5.36%,-898.36%,-133.98%,0.33,0.24,-,-,10.43%,-2.00%,-8.44%,-,11.25,0.00%,0
AAFRM,23.90B,-,14.32%,45.13%,12.80%,7.52,7.52,1.75,1.79,76.78%,22.05%,48.87%,Aug 27/a,70.82,-0.32%,"4,205"
AAFRU,-,-,-,-,-,-,-,-,-,-,-,-,-,9.04,0.00%,0
AAFSC,-,0.07%,-,-,-,-,-,-,-,-,-,-,-,36.92,0.00%,0
AAFSM,-,0.51%,-,-,-,-,-,-,-,-,-,-,-,39.86,0.00%,0
AAFYA,1.24B,4.66%,8.50%,16.62%,9.82%,2.20,2.20,0.60,0.64,64.02%,32.46%,20.48%,Aug 13/a,13.55,0.00%,0
AAG,9.49B,0.21%,7.70%,12.73%,10.77%,2.57,2.38,0.09,0.11,49.63%,43.97%,21.18%,Jul 30/b,19.25,-0.31%,"74,782"
AAGBK,993.17M,1.59%,-,-,9.22%,0.20,0.20,1.09,1.25,53.64%,15.30%,10.54%,Aug 05/a,6.21,0.00%,0
AAGCC,779.10M,-,3.79%,10.36%,6.10%,1.53,1.20,0.01,1.29,30.43%,12.63%,9.82%,-,13.60,0.00%,0
AAGCO,8.40B,1.00%,4.41%,12.93%,8.37%,1.32,0.58,0.56,0.70,24.56%,6.59%,5.15%,Jul 30/b,119.90,0.00%,0
AAGD,317.49M,11.79%,-,-,-,-,-,-,-,-,-,-,-,12.13,0.00%,1
AAGEM,-,1.82%,-,-,-,-,-,-,-,-,-,-,-,50.64,0.00%,0
AAGEN,376.20M,-,51.42%,-,-,0.34,0.34,-,-,95.95%,27.04%,69.18%,Aug 06/b,8.33,0.00%,0
AAGG,-,4.10%,-,-,-,-,-,-,-,-,-,-,-,96.46,0.26%,"2,143"
AAGGA,-,4.24%,-,-,-,-,-,-,-,-,-,-,-,24.69,0.00%,0
AAGGH,-,6.99%,-,-,-,-,-,-,-,-,-,-,-,19.50,0.00%,0
AAGGM,-,3.94%,-,-,-,-,-,-,-,-,-,-,-,100.66,0.00%,0
AAGGS,-,5.27%,-,-,-,-,-,-,-,-,-,-,-,39.79,0.00%,0
AAGGY,-,4.66%,-,-,-,-,-,-,-,-,-,-,-,42.27,0.00%,0
AAGI,14.65B,0.46%,19.15%,27.41%,23.40%,1.78,1.38,0.04,0.05,60.13%,56.55%,52.64%,Jul 29/a,34.99,-0.62%,"3,890"
AAGIG,53.42M,-,-125.87%,-196.10%,-126.56%,0.59,0.59,0.00,0.40,18.88%,-989.18%,-1441.38%,-,1.21,0.00%,0
AAGIO,2.03B,-,-31.89%,-34.34%,-39.62%,10.22,9.79,0.01,0.03,86.55%,-466.78%,-418.24%,Jul 30/b,33.95,0.00%,0
AAGIQ,-,1.70%,-,-,-,-,-,-,-,-,-,-,-,26.65,0.00%,0
AAGIX,-,-,-,-,-,-,-,-,-,-,-,-,-,48.17,-0.04%,231
AAGL,1.48B,-,-15.21%,-78.94%,-102.10%,1.08,1.08,0.08,0.15,-0.24%,-4.29%,-4.24%,Aug 05/a,88.03,0.00%,0
AAGM,2.31B,2.95%,0.63%,13.48%,0.97%,0.11,0.11,11.74,18.71,100.00%,89.76%,15.22%,Jul 30/a,218.97,0.00%,988
AAGMB,576.22M,-,-,-,-,12.88,12.88,0.00,0.00,-,-,-,Aug 06/a,11.70,0.00%,0
AAGMH,3.60M,-,1.09%,1.89%,20.50%,13.27,11.06,0.05,0.06,10.30%,-15.32%,27.53%,-,0.75,-5.04%,390
AAGMI,-,2.84%,-,-,-,-,-,-,-,-,-,-,-,74.65,0.00%,0
AAGNC,11.85B,14.40%,2.03%,19.80%,18.07%,0.19,0.19,0.00,8.61,100.00%,103.31%,41.73%,Jul 20/a,10.00,0.29%,"27,451"
AAGNG,-,0.88%,-,-,-,-,-,-,-,-,-,-,-,37.08,0.00%,0
AAGNT,643.40M,5.19%,-3.37%,-6.89%,-6.12%,1.52,1.52,0.00,0.02,6.83%,-0.23%,-0.35%,Aug 04/a,3.85,0.00%,0
AAGO,3.13B,2.14%,2.84%,6.27%,4.72%,5.80,-,0.34,0.34,-,55.94%,37.47%,Aug 06/a,71.07,0.00%,0
AAGOX,-,-,-,-,-,-,-,-,-,-,-,-,-,34.06,0.00%,0
AAGPU,145.47M,-,-488.39%,-1565.24%,-733.09%,1.45,1.45,0.02,0.05,-14.84%,-953.64%,-7770.02%,Aug 17/b,12.55,-0.24%,275
AAGQ,-,-,-,-,-,-,-,-,-,-,-,-,-,79.41,-1.64%,"233,361"
AAGQI,-,1.68%,-,-,-,-,-,-,-,-,-,-,-,18.55,0.00%,0
AAGRO,1.62B,1.91%,1.16%,3.18%,1.38%,1.73,0.81,1.06,1.34,19.00%,1.86%,3.10%,Aug 11/a,11.20,0.56%,22
AAGRW,-,0.11%,-,-,-,-,-,-,-,-,-,-,-,33.17,0.00%,0
AAGRZ,5.17M,-,-,-,-,1.27,1.27,0.35,0.70,-,-,-,-,0.24,5.67%,493
AAGX,5.33B,0.50%,15.70%,39.85%,35.38%,1.50,1.49,0.00,0.02,20.68%,15.36%,15.09%,Sep 02/a,380.25,0.03%,89
AAGYS,2.83B,-,9.54%,13.80%,12.20%,1.74,1.67,0.04,0.05,60.20%,12.00%,12.99%,Jul 27/a,100.25,0.00%,0
AAGZ,-,3.69%,-,-,-,-,-,-,-,-,-,-,-,107.47,0.00%,0
AAGZD,-,3.99%,-,-,-,-,-,-,-,-,-,-,-,22.63,0.00%,0
AAHBM,-,-,-,-,-,-,-,-,-,-,-,-,-,26.38,0.00%,0
AAHCO,783.98M,-,-5.50%,-16.12%,-6.73%,1.12,0.98,1.45,1.50,15.94%,4.54%,-7.05%,Aug 04/b,5.75,0.00%,0
AAHD,-,9.39%,-,-,-,-,-,-,-,-,-,-,-,26.49,0.00%,0
AAHG,649.07M,-,-8.35%,-9.86%,-10.36%,21.77,21.74,0.00,0.01,-8.39%,-28.93%,-135.08%,-,0.76,0.00%,0
AAHLT,-,1.45%,-,-,-,-,-,-,-,-,-,-,-,30.78,0.00%,0
AAHMA,37.16M,-,9.77%,12.97%,9.79%,4.18,4.18,0.00,0.01,23.56%,6.38%,6.05%,-,1.25,0.00%,0
AAHR,11.48B,1.93%,2.37%,3.96%,2.33%,1.19,1.19,0.41,0.42,9.45%,6.82%,4.84%,Aug 06/a,52.30,0.00%,0
AAHRT,606.15M,8.86%,0.39%,1.50%,-2.48%,1.79,1.79,1.79,2.03,33.03%,26.75%,-17.29%,Aug 03/a,6.32,0.00%,0
AAHT,17.34M,-,-2.42%,-,-7.10%,0.55,0.55,-,-,13.37%,6.34%,-13.09%,-,2.68,0.00%,0
AAHYB,-,6.13%,-,-,-,-,-,-,-,-,-,-,-,45.54,0.00%,0
AAI,1.75B,-,-48.43%,-59.77%,-64.24%,6.16,6.16,0.00,0.01,29.09%,-198.13%,-192.10%,Sep 02/a,10.90,0.55%,"2,698"
AAIA,-,0.85%,-,-,-,-,-,-,-,-,-,-,-,148.25,1.55%,1
AAIAI,270.41M,-,-,-,-,0.76,0.74,0.03,0.04,-,-,-,-,3.46,0.15%,"1,526"
AAIB,111.36M,-,-557.73%,-,-7.37%,7.55,7.55,0.00,0.00,29.88%,-1705.69%,-1662.17%,Aug 14/b,1.47,2.50%,"2,908"
AAIBD,-,4.49%,-,-,-,-,-,-,-,-,-,-,-,43.69,0.00%,0
AAIBU,-,-,-,-,-,-,-,-,-,-,-,-,-,71.64,0.00%,0
AAIBZ,278.61M,-,-,-,-,0.34,0.34,0.98,3.00,-,-,-,-,5.01,0.20%,"3,000"
AAICH,-,-,-,-,-,-,-,-,-,-,-,-,-,28.08,0.00%,0
AAIDX,6.00M,-,-,-,-164.30%,1.99,1.95,0.12,0.18,31.52%,-215.69%,-343.43%,Aug 17/b,0.47,0.00%,0
AAIEQ,-,0.39%,-,-,-,-,-,-,-,-,-,-,-,49.99,0.00%,0
AAIFA,20.99M,-,-33.84%,-66.40%,-97.84%,1.69,1.69,0.00,0.48,13.85%,-406.51%,-439.00%,-,3.27,0.00%,0
AAIFC,66.98M,-,-203.54%,-237.36%,-119.81%,0.60,0.60,0.03,0.04,40.47%,-112.47%,-4152.54%,-,0.48,0.00%,0
AAIFD,-,-,-,-,-,-,-,-,-,-,-,-,-,54.02,0.00%,0
AAIFF,18.21M,-,-59.52%,-70.52%,-64.35%,4.87,4.85,0.00,0.00,38.47%,-494.16%,-524.51%,-,1.16,-5.67%,378
AAIFR,-,-,-,-,-,-,-,-,-,-,-,-,-,26.67,0.00%,0
AAIFU,64.28M,-,-82.78%,-156.16%,-460.62%,1.18,1.18,0.03,0.18,49.28%,-291.82%,-408.83%,-,10.97,0.00%,0
AAIG,39.31B,2.58%,2.36%,7.22%,5.97%,0.91,-,0.22,0.22,-,16.86%,11.13%,Aug 06/a,75.17,0.85%,14
AAIHY,-,-,-,-,-,-,-,-,-,-,-,-,-,22.40,0.00%,0
AAII,506.69M,-,11.92%,26.24%,21.88%,1.46,-,0.09,0.09,-,36.21%,26.20%,Aug 11/a,25.86,0.00%,0
AAIIA,199.07M,-,4.56%,4.57%,2.28%,8.30,8.30,0.00,0.00,-,-,-,-,10.25,0.00%,0
AAIIO,195.22M,-,-254.26%,-1342.79%,-123.03%,0.60,0.58,0.00,0.05,7.65%,-347.17%,-214.70%,Aug 24/b,1.64,1.86%,"11,613"
AAIIR,1.21B,-,-13.69%,-30.21%,-13.02%,1.41,1.12,1.82,2.19,56.58%,16.10%,-52.23%,Aug 20/b,7.53,0.00%,0
AAIM,7.32M,-,-169.28%,-2382.30%,-183.30%,2.11,2.11,0.01,0.51,-726.32%,-11148.42%,-15021.05%,Aug 10/b,0.21,-1.67%,"22,396"
AAIMD,10.78M,-,-66.48%,-196.30%,-440.15%,0.13,0.12,0.00,4.21,-34987.54%,-101210.17%,-106283.32%,-,1.46,0.00%,0
AAIMG,-,-,-,-,-,-,-,-,-,-,-,-,-,20.45,0.00%,0
AAIMS,-,-,-,-,-,-,-,-,-,-,-,-,-,27.31,0.00%,0
AAIN,1.68B,1.87%,-2.98%,-6.26%,-4.28%,2.24,1.89,0.60,0.60,21.06%,-0.90%,-4.18%,Aug 04/b,59.33,0.00%,1
AAINF,-,-,-,-,-,-,-,-,-,-,-,-,-,20.35,0.00%,0
AAINP,-,5.46%,-,-,-,-,-,-,-,-,-,-,-,24.57,0.00%,0
AAINT,-,-,-,-,-,-,-,-,-,-,-,-,-,33.14,0.00%,0
AAIO,865.45M,7.54%,-,-,-,-,-,-,-,-,-,-,-,25.13,0.00%,4
AAIOO,-,-,-,-,-,-,-,-,-,-,-,-,-,26.56,0.00%,0
AAIOS,47.93M,-,-31.54%,-45.69%,-269.28%,89.99,89.99,0.00,0.00,10.00%,-1.51%,-33.31%,-,14.75,0.00%,0
AAIOT,382.54M,-,-1.98%,-3.98%,-2.59%,1.10,0.96,0.50,0.61,55.74%,6.51%,-4.16%,Aug 10/b,2.85,0.00%,0
AAIP,1.18B,-,-23.84%,-131.41%,-53.70%,1.53,1.53,0.09,0.13,84.60%,-44.42%,-46.70%,Aug 06/a,24.00,-0.66%,"1,886"
AAIPI,-,32.40%,-,-,-,-,-,-,-,-,-,-,-,37.61,-0.03%,266
AAIPO,-,0.01%,-,-,-,-,-,-,-,-,-,-,-,28.90,-0.55%,"9,853"
AAIQ,-,0.07%,-,-,-,-,-,-,-,-,-,-,-,66.10,-0.32%,"6,048"
AAIQD,-,-,-,-,-,-,-,-,-,-,-,-,-,39.77,0.00%,0
AAIQU,-,-,-,-,-,-,-,-,-,-,-,-,-,21.34,0.00%,0
AAIR,4.78B,-,5.95%,12.88%,6.95%,2.84,1.24,0.58,0.59,18.80%,8.44%,5.67%,Sep 29/a,118.80,2.18%,2
AAIRE,8.47M,-,-117.57%,-648.51%,-268.08%,1.02,1.02,0.01,0.32,-140.96%,-386.91%,-424.48%,Aug 14/a,1.41,0.00%,0
AAIRG,70.22M,-,-15.18%,-23.72%,-21.32%,2.01,1.71,0.12,0.15,43.44%,-13.99%,-13.65%,Aug 05/a,5.36,0.00%,0
AAIRI,12.85M,-,-3.21%,-10.56%,-9.02%,1.24,0.31,0.08,1.70,18.64%,-1.14%,-3.77%,-,2.65,0.00%,0
AAIRJ,329.86M,-,-24.83%,-31.57%,-34.09%,19.70,19.70,0.00,0.00,-,-,-,Aug 13/a,4.39,-0.09%,"3,319"
AAIRO,226.25M,-,-3.38%,-3.64%,-3.52%,2.87,2.30,0.00,0.01,49.20%,-19.56%,-23.86%,Aug 13/b,7.17,-0.14%,"3,301"
AAIRR,-,0.10%,-,-,-,-,-,-,-,-,-,-,-,106.45,0.04%,4
AAIRS,175.19M,-,-5.99%,-11.98%,-7.45%,0.79,0.79,0.50,0.68,51.60%,-0.72%,-7.79%,Aug 10/b,2.43,0.00%,0
AAIRT,85.59M,-,19.36%,210.70%,20.13%,1.43,0.61,3.86,4.06,17.03%,-7.67%,17.17%,-,31.92,0.00%,0
AAIS,-,-,-,-,-,-,-,-,-,-,-,-,-,74.76,-0.19%,667
AAISP,67.02M,-,188.65%,-,-,3.18,3.02,-,-,56.17%,-36.10%,144.60%,Aug 06/b,1.95,-0.21%,56
AAIT,11.77B,0.65%,13.40%,22.37%,18.08%,2.58,1.75,0.23,0.26,29.01%,11.69%,8.35%,Aug 13/b,320.39,0.00%,0
AAIUP,-,-,-,-,-,-,-,-,-,-,-,-,-,31.96,0.00%,0
AAIV,312.26M,-,32.33%,242.28%,49.31%,2.37,2.37,2.07,2.41,18.42%,-5.10%,0.71%,Mar 02/a,2.15,-0.46%,15
AAIVC,-,0.10%,-,-,-,-,-,-,-,-,-,-,-,116.23,0.00%,0
AAIVI,-,4.94%,-,-,-,-,-,-,-,-,-,-,-,59.36,0.00%,0
AAIVL,-,1.48%,-,-,-,-,-,-,-,-,-,-,-,130.68,0.00%,0
AAIX,-,-,-,-,-,-,-,-,-,-,-,-,-,25.18,0.00%,0
AAIXC,22.80M,-,-402.99%,-1136.66%,-403.06%,3.68,3.68,0.00,0.01,-,-,-,May 11/a,1.08,-2.70%,590
AAIXI,0.24M,-,-200.17%,-,-,0.10,0.10,-,-,48.53%,-783.83%,-821.30%,-,1.84,-2.30%,"4,898"
AAIYY,-,115.96%,-,-,-,-,-,-,-,-,-,-,-,7.57,0.00%,"4,400"
AAIZ,13.68B,1.26%,3.67%,18.34%,13.28%,3.28,-,0.31,0.36,-,10.71%,7.90%,Aug 04/a,277.38,0.00%,0
AAJAN,-,-,-,-,-,-,-,-,-,-,-,-,-,28.58,0.00%,0
AAJG,60.64B,1.18%,1.94%,6.72%,4.34%,1.05,1.05,0.53,0.59,90.43%,17.08%,9.96%,Jul 30/a,236.61,0.00%,1
AAJUL,-,-,-,-,-,-,-,-,-,-,-,-,-,30.32,0.00%,0
AAKA,117.82M,-,-6.56%,-25.52%,-9.19%,1.11,0.38,2.05,2.26,56.48%,-0.39%,-4.43%,Aug 05/a,10.72,0.00%,0
AAKAF,-,3.34%,-,-,-,-,-,-,-,-,-,-,-,31.81,0.00%,0
AAKAL,-,-,-,-,-,-,-,-,-,-,-,-,-,21.63,0.00%,0
AAKAM,16.85B,-,3.21%,8.92%,3.42%,1.61,1.61,1.53,1.97,53.37%,11.92%,9.51%,Aug 06/a,117.26,-0.13%,"1,425"
AAKAN,2.38M,-,-654.33%,-62.26%,-3843.99%,0.58,0.58,-,-,-382.68%,-2022.32%,-17896.95%,-,3.03,-0.95%,"11,216"
AAKBA,262.94M,-,-8.53%,-109.38%,-15.93%,1.43,1.35,6.44,8.43,78.92%,-6.02%,-13.54%,Aug 05/a,0.95,1.11%,291
AAKO-A,1.83B,6.24%,8.78%,24.84%,11.76%,1.61,1.08,0.90,0.94,39.59%,13.34%,8.42%,Jul 28/b,23.21,0.00%,0
AAKO-B,2.41B,4.75%,8.78%,24.84%,11.76%,1.61,1.08,0.90,0.94,39.59%,13.34%,8.42%,Jul 28/b,30.50,0.00%,0
AAKR,2.70B,4.14%,0.94%,1.93%,1.13%,1.29,1.29,0.69,0.76,31.69%,19.41%,11.01%,Jul 28/a,19.35,0.00%,0
AAKRE,-,-,-,-,-,-,-,-,-,-,-,-,-,55.50,0.00%,0
AAKTS,1.19B,-,-,-,-,16.33,16.33,0.02,0.02,-,-,-,Aug 13/a,21.43,0.00%,0
AAKTX,16.42M,-,-69.02%,-139.80%,-166.16%,0.60,0.60,0.00,0.04,-,-,-,Aug 13/a,9.38,0.00%,0
AALA,-,-,-,-,-,-,-,-,-,-,-,-,-,13.25,0.00%,0
AALAB,58.29B,-,23.07%,25.83%,20.95%,10.05,9.36,0.02,0.03,75.13%,22.75%,30.74%,Aug 04/a,336.00,-1.39%,"51,227"
AALAI,-,-,-,-,-,-,-,-,-,-,-,-,-,46.96,0.00%,0
AALAR,14.99M,-,2.91%,3.79%,3.29%,2.58,2.58,0.05,0.08,57.91%,1.49%,2.53%,Sep 02,2.04,0.00%,0
AALB,13.43B,1.42%,1.35%,2.19%,1.84%,2.09,1.35,0.18,0.19,23.84%,14.12%,0.97%,Aug 05/a,113.82,0.80%,"3,926"
AALBG,-,-,-,-,-,-,-,-,-,-,-,-,-,4.97,0.91%,"1,124"
AALC,31.46B,0.56%,2.06%,2.94%,2.45%,2.09,1.30,0.22,0.25,56.85%,10.93%,5.92%,Aug 10/a,65.25,0.59%,173
AALCO,291.40M,0.51%,0.75%,1.41%,0.81%,7.96,7.93,0.81,0.81,-74.23%,-140.77%,8.98%,Aug 10/a,39.28,0.00%,0
AALDB,-,-,-,-,-,-,-,-,-,-,-,-,-,25.95,0.00%,0
AALDF,323.17M,-,3.53%,3.53%,3.47%,16.76,16.76,0.00,0.00,-,-,-,-,10.82,0.00%,0
AALDX,81.44M,-,-34.80%,-49.48%,-60.85%,4.84,4.84,0.00,0.00,-,-,-,Jul 31,1.35,0.00%,0
AALEC,215.50M,-,-42.15%,-385.11%,-3160.47%,5.26,5.26,-,-,37.07%,-856.86%,-850.13%,Aug 06/a,1.93,0.00%,0
AALF,131.78M,-,5.20%,5.64%,23.21%,0.22,0.22,0.00,0.00,-,-,-,-,10.81,0.00%,0
AALG,2.00B,0.83%,6.16%,8.77%,6.94%,4.39,2.48,0.23,0.23,23.11%,8.91%,6.08%,Aug 03/a,164.00,-0.53%,"1,799"
AALGM,6.54B,-,1.01%,1.51%,1.13%,3.70,2.33,0.31,0.32,47.20%,6.22%,1.50%,Jul 30/b,35.06,-1.24%,"4,434"
AALGN,10.43B,-,6.55%,10.16%,9.58%,1.40,1.28,0.02,0.03,70.65%,18.38%,9.99%,Jul 29/a,146.88,0.00%,0
AALGS,34.28M,-,-75.57%,-113.59%,-236.11%,2.19,2.19,0.01,0.11,96.58%,-250.63%,-241.01%,Aug 06/b,5.49,0.00%,0
AALGT,2.21B,-,0.46%,1.76%,0.58%,0.83,0.80,1.42,1.60,12.71%,8.64%,0.86%,Aug 04/a,80.71,0.27%,87
AALH,4.31B,-,-,-,8.12%,1.43,1.14,3.39,3.79,36.49%,19.22%,10.08%,Aug 13/b,21.66,0.00%,0
AALHC,1.74B,-,3.57%,20.04%,6.83%,1.70,-,1.25,1.25,-,1.20%,0.89%,Jul 30/a,8.40,0.84%,757
AALIL,-,0.22%,-,-,-,-,-,-,-,-,-,-,-,30.43,0.00%,0
AALIS,87.22M,-,-,-,0.95%,3.05,3.05,0.00,0.00,-,-,-,-,10.35,0.53%,466
AALIT,320.84M,0.16%,-36.51%,-97.34%,-66.00%,1.38,1.38,2.00,2.06,18.92%,2.91%,-90.86%,Aug 04/a,11.91,0.00%,0
AALK,4.69B,-,-0.85%,-4.60%,-1.65%,0.55,0.51,1.89,2.08,10.78%,-0.32%,-1.19%,Jul 21/a,42.00,0.24%,140
AALKS,7.48B,-,1.99%,3.85%,1.98%,2.30,1.85,0.85,0.87,82.13%,8.62%,3.97%,Jul 28/b,44.60,0.95%,88
AALKT,1.98B,-,-5.40%,-12.77%,-6.28%,1.92,1.92,0.98,0.99,55.97%,-7.08%,-9.21%,Jul 29/a,18.51,0.00%,0
AALL,61.57B,1.77%,11.93%,46.11%,32.30%,0.43,-,0.22,0.22,-,23.82%,18.80%,Aug 06/b,243.50,0.26%,395
AALLE,12.87B,1.43%,12.82%,33.73%,15.34%,1.93,1.23,1.03,1.05,44.80%,20.83%,15.36%,Jul 23/b,151.36,0.00%,0
AALLO,584.99M,-,-32.43%,-42.39%,-32.67%,10.72,10.72,0.16,0.18,-151.47%,-3886.14%,-3566.68%,Aug 12/a,1.69,0.19%,479
AALLR,18.62M,-,-46.26%,-157.09%,-348.81%,1.11,1.11,0.00,6.30,100.00%,-3128.99%,-3575.07%,Aug 14/b,1.17,0.00%,0
AALLT,396.89M,-,5.73%,9.35%,8.22%,2.26,2.01,0.04,0.06,70.53%,6.74%,9.40%,Aug 12/b,8.05,0.00%,0
AALLW,-,4.32%,-,-,-,-,-,-,-,-,-,-,-,29.73,-0.02%,740
AALLY,12.13B,3.02%,0.75%,9.68%,4.93%,0.98,-,0.90,1.49,-,11.32%,8.41%,Jul 21/b,39.89,0.00%,292
AALM,4.20B,-,10.92%,39.58%,8.49%,9.58,9.51,1.37,1.48,48.59%,5.27%,125.91%,Aug 11/a,14.55,-0.75%,"19,577"
AALMR,2.43B,-,-,-,-,11.85,10.23,0.16,0.16,-,-,-,Aug 10/a,35.05,0.00%,0
AALMS,1.05B,-,-74.94%,-93.65%,-90.74%,6.74,6.74,0.07,0.08,52.31%,-5479.55%,-5933.45%,Aug 13/a,7.87,-0.33%,366
AALMU,259.51M,-,-22.88%,-24.48%,-15.58%,30.32,30.32,0.03,0.04,35.24%,-228.33%,-205.31%,Sep 16/a,13.47,-1.03%,"2,231"
AALNT,1.86B,0.14%,4.84%,9.51%,5.68%,3.42,1.95,0.61,0.63,31.15%,8.94%,4.98%,Aug 05/a,109.35,0.00%,0
AALNY,32.77B,-,15.96%,100.70%,20.01%,3.05,2.99,1.98,2.21,79.65%,20.81%,16.82%,Jul 30/b,244.87,0.23%,92
AALOV,375.75M,-,-,-,0.96%,9.88,9.88,0.00,0.00,-,-,-,-,10.02,0.00%,0
AALOY,659.48M,-,-132.81%,-150.23%,-76.33%,30.68,30.68,0.00,0.00,57.98%,-4460.02%,-5144.43%,Aug 13/a,9.50,1.82%,"9,173"
AALP,7.55M,-,-,-,-,0.88,0.88,0.00,0.00,-,-,-,Aug 31,4.87,6.83%,287
AALPS,64.90M,-,-17.24%,-62.50%,-,0.04,0.04,-,-,-,-,-,Aug 07/b,0.39,-2.50%,347
AALPX,147.16M,-,-,-,-,3.68,3.68,0.00,0.00,-,-,-,-,9.95,0.00%,0
AALRG,-,0.41%,-,-,-,-,-,-,-,-,-,-,-,31.62,0.00%,0
AALRM,2.61B,-,6.28%,14.19%,8.28%,4.96,4.38,0.65,0.66,62.57%,13.01%,11.11%,Aug 06/a,53.14,0.00%,0
AALRS,808.65M,2.68%,0.52%,4.95%,4.06%,0.03,-,0.17,0.77,-,10.79%,8.24%,Jul 29/a,32.44,0.00%,0
AALSN,9.82B,0.94%,7.49%,28.35%,8.57%,1.81,1.17,2.12,2.14,35.35%,21.40%,12.02%,Aug 03/a,118.86,0.00%,0
AALT,657.43M,-,-25.58%,-28.87%,-17.99%,26.77,26.77,0.08,0.08,-219.35%,-320725.81%,-296000.00%,Aug 12/b,3.38,3.36%,"3,270"
AALTG,196.98M,-,-5.82%,-2085.71%,-10.33%,1.38,0.51,-,-,24.42%,0.90%,-4.58%,Aug 06/a,6.03,0.00%,0
AALTI,485.73M,-,-4.97%,-9.00%,-11.52%,1.11,1.11,0.12,0.13,-,-26.71%,-46.90%,Aug 10/a,3.11,0.15%,3
AALTL,-,1.32%,-,-,-,-,-,-,-,-,-,-,-,44.68,0.00%,0
AALTO,303.29M,-,13.16%,22.23%,15.39%,3.19,2.17,0.30,0.32,6.72%,5.49%,5.38%,Aug 05/a,3.91,0.00%,0
AALTY,-,7.73%,-,-,-,-,-,-,-,-,-,-,-,12.08,0.00%,0
AALUB,363.69M,-,-,-,-1.07%,1.98,1.98,0.00,0.00,-,-,-,-,10.12,0.00%,0
AALV,8.54B,2.94%,7.58%,25.93%,15.00%,1.03,0.79,0.72,0.88,19.22%,9.97%,5.79%,Jul 17/b,116.67,-0.92%,"1,331"
AALVO,2.30B,-,-12.05%,-,-14.88%,1.65,0.96,-,-,60.45%,9.12%,-36.51%,Aug 19/a,5.88,0.00%,0
AALX,1.26B,7.28%,13.46%,92.02%,16.05%,16.17,16.17,3.73,3.73,31.18%,28.61%,79.06%,Aug 03/b,247.41,0.00%,0
AALXO,229.54M,-,-63.16%,-80.65%,-55.41%,9.71,9.71,0.07,0.08,-,-,-,Aug 06/b,1.66,0.00%,0
AALZN,9.36M,-,-122.36%,-163.23%,-156.77%,3.01,3.01,0.00,0.00,-,-,-,Jul 01,1.94,0.00%,0
AAM,9.99B,4.29%,6.61%,19.82%,7.21%,0.84,0.84,1.85,1.86,62.92%,56.10%,30.41%,Jul 29/a,21.04,0.00%,32
AAMA,-,-,-,-,-,-,-,-,-,-,-,-,-,20.55,-2.38%,"15,384"
AAMAA,-,-,-,-,-,-,-,-,-,-,-,-,-,30.49,0.00%,0
AAMAC,356.00M,-,-,-,-,0.00,0.00,-,-,-,-,-,-,9.81,0.00%,0
AAMAL,1.45B,1.40%,1.26%,14.28%,12.41%,0.04,-,0.09,0.09,-,30.77%,23.41%,Jul 23/b,48.47,0.93%,1
AAMAN,106.53M,-,-,-,-,3.86,3.86,0.00,0.00,-,-,-,-,10.70,0.00%,0
AAMAT,364.15B,0.42%,23.84%,41.07%,29.37%,2.42,1.79,0.23,0.29,49.40%,31.09%,30.05%,Aug 13/a,458.86,-1.16%,"53,376"
AAMAU,-,-,-,-,-,-,-,-,-,-,-,-,-,12.28,-3.84%,"24,695"
AAMAX,-,11.64%,-,-,-,-,-,-,-,-,-,-,-,7.67,0.00%,0
AAMBA,3.02B,-,-7.58%,-9.41%,-8.93%,2.85,2.29,0.02,0.02,57.51%,-14.61%,-13.48%,Sep 03/a,68.36,-0.71%,"3,029"
AAMBO,5.52M,-,-,-,-,2.44,2.28,0.79,1.02,-,-,-,Aug 14/a,2.11,0.00%,0
AAMBP,2.78B,8.61%,0.74%,-,1.19%,1.06,0.73,-,-,10.40%,5.26%,0.52%,Jul 23/b,4.65,2.65%,2
AAMBQ,1.70B,-,-14.09%,-15.55%,-9.06%,15.95,14.83,0.01,0.01,43.62%,-43.32%,-37.77%,Aug 11/b,70.20,-1.25%,"1,140"
AAMBR,144.75M,-,0.26%,0.74%,-0.15%,1.22,1.22,0.00,0.01,75.98%,0.66%,-0.28%,Sep 03/b,1.67,1.49%,"2,406"
AAMC,2.57B,-,-6.83%,-,-9.99%,0.55,0.55,-,-,26.71%,5.23%,-10.59%,Jul 20/b,2.88,-0.31%,"23,253"
AAMCI,75.03M,-,-5.95%,-6.54%,-20.74%,11.39,9.31,0.00,0.01,-,-,-,Apr 21/a,3.32,0.00%,0
AAMCR,19.43B,6.19%,2.98%,9.41%,4.17%,1.25,0.76,1.25,1.28,17.54%,8.61%,4.71%,Aug 12/b,42.02,-0.31%,110
AAMCX,493.76M,-,-0.48%,-2.10%,-0.75%,1.76,1.76,1.91,1.92,44.46%,7.72%,-0.88%,Jul 30/b,11.97,0.00%,0
AAMD,994.75B,-,8.12%,10.20%,9.11%,2.61,1.91,0.05,0.06,50.37%,15.71%,15.58%,Aug 04/a,609.35,-1.00%,"331,977"
AAMDC,-,-,-,-,-,-,-,-,-,-,-,-,-,28.98,0.00%,0
AAMDD,-,14.17%,-,-,-,-,-,-,-,-,-,-,-,22.57,-0.26%,"66,212"
AAMDG,-,2.23%,-,-,-,-,-,-,-,-,-,-,-,132.87,-2.79%,188
AAMDL,-,-,-,-,-,-,-,-,-,-,-,-,-,79.00,-1.70%,"74,248"
AAMDW,-,46.73%,-,-,-,-,-,-,-,-,-,-,-,102.27,-1.76%,"1,133"
AAMDY,-,68.84%,-,-,-,-,-,-,-,-,-,-,-,50.61,-2.95%,"4,583"
AAME,55.30B,0.56%,9.89%,14.56%,12.58%,1.21,0.76,0.11,0.21,40.94%,26.45%,20.04%,Aug 04/b,241.23,0.00%,0
AAMEI,-,-,-,-,-,-,-,-,-,-,-,-,-,25.77,0.00%,0
AAMEM,-,-,-,-,-,-,-,-,-,-,-,-,-,25.17,0.00%,0
AAMG,9.43B,0.01%,9.40%,27.29%,14.17%,1.29,1.29,0.99,0.99,93.99%,21.70%,37.63%,Jul 30/b,364.66,0.00%,0
AAMGN,212.59B,2.57%,9.53%,91.47%,13.76%,1.37,1.13,4.44,4.90,72.71%,33.31%,22.89%,Aug 04/a,393.22,0.02%,"1,225"
AAMGR,-,-,-,-,-,-,-,-,-,-,-,-,-,25.64,0.00%,0
AAMH,11.24B,4.22%,3.57%,6.83%,4.00%,1.00,1.00,0.75,0.76,31.24%,24.78%,24.50%,Jul 30/a,31.24,0.00%,0
AAMHI,-,0.82%,-,-,-,-,-,-,-,-,-,-,-,23.78,0.00%,0
AAMID,-,0.33%,-,-,-,-,-,-,-,-,-,-,-,36.19,0.00%,0
AAMIX,7.87M,-,-248.22%,-315.99%,-509.36%,4.85,4.85,0.00,0.00,-,-,-,Sep 02,4.02,-0.86%,"5,759"
AAMJB,-,5.45%,-,-,-,-,-,-,-,-,-,-,-,36.87,0.00%,0
AAMKL,-,-,-,-,-,-,-,-,-,-,-,-,-,6.49,-2.99%,"2,827"
AAMKR,12.84B,0.67%,6.38%,12.56%,7.81%,2.17,1.91,0.53,0.58,15.51%,8.92%,7.45%,Jul 27/a,51.70,-0.94%,"37,898"
AAMKX,-,-,-,-,-,-,-,-,-,-,-,-,-,10.75,0.00%,0
AAMLP,-,7.49%,-,-,-,-,-,-,-,-,-,-,-,54.35,0.00%,0
AAMLX,4.08B,-,-66.25%,-74.73%,-62.48%,12.12,12.12,0.02,0.02,-,-,-,Aug 06/b,32.48,0.28%,"3,097"
AAMMO,-,-,-,-,-,-,-,-,-,-,-,-,-,24.98,0.00%,0
AAMN,1.33B,-,4.59%,15.56%,6.94%,1.13,1.13,1.04,1.05,23.80%,4.68%,3.05%,Aug 06/a,34.24,0.00%,0
AAMOD,9.66M,-,-544.55%,-,-,0.34,0.34,-,-,-,-127536.19%,-155449.47%,Jun 03,1.96,0.00%,0
AAMOM,-,0.03%,-,-,-,-,-,-,-,-,-,-,-,61.27,0.00%,0
AAMP,47.35B,1.26%,2.06%,63.43%,31.09%,8.47,8.47,0.99,1.03,51.56%,27.14%,19.91%,Jul 23/b,536.00,0.05%,4
AAMPG,101.25M,-,-14.94%,-19.39%,-15.97%,3.76,2.61,0.07,0.08,29.83%,-34.68%,-33.37%,Aug 13/a,3.37,-0.59%,"2,208"
AAMPH,1.04B,-,4.68%,10.30%,5.44%,2.40,1.71,0.88,0.90,45.61%,15.66%,10.76%,Aug 06/a,24.55,0.29%,110
AAMPL,1.67B,-,-24.48%,-47.89%,-70.23%,0.95,0.95,0.04,0.07,72.28%,-27.22%,-26.59%,Aug 05/a,13.37,-0.45%,40
AAMPU,-,-,-,-,-,-,-,-,-,-,-,-,-,2.08,0.00%,0
AAMPX,1.42B,-,-28.21%,-37.97%,-29.35%,7.17,6.54,0.04,0.05,22.25%,-17.05%,-35.16%,Aug 04/a,9.74,1.35%,"9,851"
AAMPY,178.68M,-,2.90%,4.60%,4.43%,1.31,1.31,0.00,0.01,28.61%,3.37%,9.18%,Aug 10/a,4.31,0.00%,0
AAMR,2.23B,-,-1.99%,-2.96%,-3.06%,3.41,2.37,0.01,0.01,0.93%,-2.17%,-2.23%,Aug 07/b,175.49,0.00%,0
AAMRC,1.28B,-,0.62%,2.49%,0.92%,1.49,1.47,1.49,1.63,15.91%,6.83%,1.40%,Aug 03/a,24.08,0.00%,0
AAMRN,284.70M,-,-4.18%,-5.96%,-6.03%,3.67,2.67,0.01,0.01,40.42%,-12.88%,-14.57%,Jul 29/b,13.48,0.00%,0
AAMRX,6.48B,-,4.37%,-,5.82%,2.20,1.44,80.87,84.55,39.32%,15.30%,5.05%,Jul 30/b,20.30,0.69%,602
AAMRZ,21.24B,1.55%,4.98%,9.53%,6.72%,1.10,0.73,0.39,0.55,25.02%,15.63%,9.89%,Aug 06/a,38.83,0.62%,"8,526"
AAMS,9.64M,-,-3.06%,-7.46%,-6.51%,0.77,0.77,0.18,0.89,17.07%,-7.44%,-5.83%,Aug 13/b,1.45,0.00%,0
AAMSC,1.45B,-,22.48%,30.16%,23.75%,2.43,1.74,0.00,0.01,27.77%,4.41%,42.56%,Aug 05/a,29.92,-1.06%,758
AAMSF,455.25M,6.68%,4.56%,18.23%,18.79%,0.64,-,0.00,0.00,-,17.45%,14.00%,Jul 21/a,24.56,0.00%,0
AAMSS,8.83M,-,-,-,-,0.70,0.26,-,-,-,-,-,Aug 14/a,0.76,2.63%,202
AAMST,6.86M,-,-112.30%,-121.49%,-228.57%,4.33,4.33,0.00,0.00,11.66%,-863.74%,-871.86%,-,1.05,-2.07%,142
AAMT,81.50B,4.10%,5.35%,91.52%,7.94%,0.35,0.35,10.51,12.09,54.84%,45.16%,31.08%,Jul 28/b,174.90,0.17%,33
AAMTB,1.16B,1.22%,0.55%,6.13%,3.09%,0.04,-,1.00,1.00,-,12.64%,9.09%,Jul 23/a,29.54,0.00%,0
AAMTD,30.24M,-,1.89%,2.87%,2.13%,8.83,8.83,0.28,0.33,27.78%,81.04%,72.38%,-,0.71,0.00%,0
AAMTM,4.87B,-,1.77%,4.46%,2.41%,1.52,1.52,0.80,0.81,7.40%,3.93%,1.44%,Aug 10/a,19.90,0.00%,0
AAMTX,152.27M,-,-22.74%,-,-,0.08,0.05,-,-,10.40%,-5.02%,-26.14%,Aug 06/b,2.11,0.96%,900
AAMUB,-,5.55%,-,-,-,-,-,-,-,-,-,-,-,22.94,0.00%,0
AAMUN,-,2.62%,-,-,-,-,-,-,-,-,-,-,-,26.02,0.00%,0
AAMUU,-,0.50%,-,-,-,-,-,-,-,-,-,-,-,279.60,-1.93%,"6,183"
AAMWL,228.26M,-,-21.82%,-31.01%,-35.31%,2.87,2.86,0.00,0.01,37.05%,-33.15%,-35.75%,Aug 04/a,13.42,0.00%,0
AAMX,68.71B,3.07%,5.00%,24.05%,9.22%,0.71,0.66,1.52,1.84,43.88%,22.02%,9.38%,Jul 21/a,22.45,0.00%,0
AAMYY,-,118.59%,-,-,-,-,-,-,-,-,-,-,-,13.65,0.00%,0
AAMZA,-,7.94%,-,-,-,-,-,-,-,-,-,-,-,49.50,0.00%,0
AAMZD,-,2.84%,-,-,-,-,-,-,-,-,-,-,-,8.37,-1.18%,"7,824"
AAMZE,2.94M,-,-24.93%,-36.05%,-135.40%,0.16,0.16,0.01,0.66,86.87%,-501.64%,-560.90%,Aug 17/b,0.14,-0.77%,"515,158"
AAMZG,-,-,-,-,-,-,-,-,-,-,-,-,-,15.83,0.83%,201
AAMZN,2809.62B,-,15.22%,30.56%,17.46%,1.03,0.87,0.40,0.44,50.77%,12.68%,17.44%,Jul 30/a,260.48,0.79%,"177,274"
AAMZO,-,-,-,-,-,-,-,-,-,-,-,-,-,13.56,-0.99%,"1,200"
AAMZP,-,19.06%,-,-,-,-,-,-,-,-,-,-,-,25.98,0.00%,0
AAMZU,-,2.10%,-,-,-,-,-,-,-,-,-,-,-,37.30,0.96%,"41,816"
AAMZW,-,40.42%,-,-,-,-,-,-,-,-,-,-,-,36.05,0.00%,0
AAMZY,-,47.39%,-,-,-,-,-,-,-,-,-,-,-,10.63,0.60%,112
AAMZZ,-,-,-,-,-,-,-,-,-,-,-,-,-,34.68,0.73%,"26,038"
AAN,5.58B,-,5.33%,32.77%,8.87%,0.78,0.18,2.87,5.02,16.92%,4.69%,2.82%,Jul 31/b,168.76,0.00%,0
AANAB,1.72B,-,-7.13%,-114.55%,-9.30%,7.58,7.58,21.59,21.75,98.96%,17.56%,-11.53%,Sep 21/a,58.00,5.61%,693
AANDE,2.33B,1.17%,5.12%,13.22%,9.42%,1.51,0.81,0.43,0.68,7.01%,1.24%,1.62%,Aug 03/a,68.48,0.00%,0
AANDG,6.17B,-,22.00%,206.05%,-,2.19,2.19,-,-,34.12%,14.47%,11.86%,Aug 12/a,54.65,0.00%,0
AANEL,-,-,-,-,-,-,-,-,-,-,-,-,-,28.13,0.00%,0
AANET,257.91B,-,20.10%,31.48%,27.33%,2.96,2.59,0.00,0.00,63.00%,43.14%,38.37%,Aug 04/a,204.49,-0.45%,"11,381"
AANEW,-,0.50%,-,-,-,-,-,-,-,-,-,-,-,54.83,0.00%,0
AANF,5.81B,-,15.54%,40.50%,22.52%,1.41,0.87,0.76,0.95,60.71%,13.90%,10.04%,Aug 26/b,136.80,0.03%,122
AANGH,34.63M,-,-75.20%,-205.22%,-326.04%,0.49,0.49,0.00,0.00,-26.06%,-73.99%,-90.10%,-,3.82,0.00%,0
AANGI,223.87M,-,-14.25%,-26.25%,-20.42%,1.20,1.20,0.58,0.58,89.39%,4.86%,-22.35%,Aug 04/a,5.52,0.73%,16
AANGL,-,6.64%,-,-,-,-,-,-,-,-,-,-,-,28.55,0.00%,0
AANGO,637.35M,-,-13.43%,-20.77%,-20.40%,2.18,1.48,0.05,0.06,51.29%,-6.97%,-11.48%,Jul 14/b,15.42,0.00%,0
AANGU,-,-,-,-,-,-,-,-,-,-,-,-,-,25.65,0.00%,0
AANGX,974.87M,-,-131.22%,-221.24%,-526.81%,0.65,0.64,-,-,63.04%,-30.10%,-37.45%,Aug 04/a,5.22,0.00%,0
AANIK,277.03M,-,-1.68%,-2.19%,-2.36%,4.48,3.19,0.17,0.18,62.16%,-4.24%,-3.14%,Jul 29/b,20.70,0.00%,0
AANIP,1.81B,-,7.05%,19.33%,8.42%,2.91,2.40,0.99,1.02,51.63%,13.34%,10.18%,Aug 07/b,78.85,0.00%,0
AANIX,93.86M,-,-63.45%,-66.84%,-71.11%,8.54,8.54,0.01,0.01,-,-,-,Jun 05,2.70,0.00%,0
AANL,914.43M,-,-14.10%,-20.28%,-10.12%,9.55,9.55,0.04,0.12,-,-133.92%,-124.82%,Aug 14/b,15.57,0.00%,0
AANNA,194.78M,-,8.00%,21.82%,19.50%,1.90,1.90,0.00,0.00,69.24%,28.95%,19.76%,-,2.91,0.00%,0
AANNX,800.02M,-,-79.38%,-105.26%,-97.63%,5.53,5.53,0.12,0.13,-,-,-,Aug 12/b,4.22,0.00%,0
AANPA,30.52M,-,1.77%,3.20%,2.23%,2.68,2.68,0.04,0.12,37.54%,1.53%,2.11%,-,2.02,-4.21%,"2,305"
AANRO,1.20B,-,-40.90%,-49.17%,-35.48%,14.85,14.85,0.08,0.11,-,-,-,Aug 12/a,30.63,0.00%,0
AANTA,83.73M,-,0.45%,6.10%,3.15%,1.29,1.29,0.84,3.72,48.91%,-5.04%,7.94%,Aug 19/b,3.49,10.80%,"1,014"
AANTW,-,-,-,-,-,-,-,-,-,-,-,-,-,26.00,0.12%,279
AANTX,187.17M,-,-46.06%,-50.12%,-47.78%,14.32,14.32,0.00,0.00,-,-,-,Aug 11/a,4.96,0.00%,0
AANV,-,9.30%,-,-,-,-,-,-,-,-,-,-,-,25.44,0.00%,0
AANVS,50.79M,-,-227.74%,-703.68%,-,3.47,3.47,-,-,-,-,-,Aug 14/b,1.19,0.00%,0
AAOA,-,2.10%,-,-,-,-,-,-,-,-,-,-,-,98.05,-1.02%,118
AAOCT,-,-,-,-,-,-,-,-,-,-,-,-,-,27.66,0.00%,0
AAOD,1.11B,11.65%,-,-,-,-,-,-,-,-,-,-,-,10.56,0.00%,0
AAOHY,-,6.64%,-,-,-,-,-,-,-,-,-,-,-,10.93,0.00%,0
AAOK,-,3.40%,-,-,-,-,-,-,-,-,-,-,-,41.02,0.00%,0
AAOM,-,3.06%,-,-,-,-,-,-,-,-,-,-,-,49.58,0.00%,1
AAOMR,185.02M,16.06%,0.67%,7.77%,0.82%,0.10,0.10,8.76,10.62,91.18%,87.93%,12.20%,Aug 04/b,7.97,0.00%,0
AAON,61.52B,1.10%,7.29%,44.88%,16.82%,1.03,1.03,1.42,1.65,89.58%,28.47%,22.27%,Jul 29/b,290.00,-0.28%,6
AAOR,-,2.53%,-,-,-,-,-,-,-,-,-,-,-,69.76,0.00%,0
AAORT,1.15B,-,-0.33%,-0.73%,-0.37%,2.97,2.01,0.90,0.92,61.17%,6.63%,-0.67%,Aug 06/a,23.63,0.00%,0
AAOS,7.74B,2.53%,14.52%,27.13%,20.18%,1.59,1.04,0.35,0.37,38.51%,18.09%,13.15%,Jul 30/b,56.96,0.00%,1
AAOSL,794.91M,-,-4.23%,-5.22%,-5.18%,3.44,1.85,0.02,0.04,22.32%,-6.36%,-6.23%,Aug 12/a,26.27,0.00%,0
AAOTG,-,-,-,-,-,-,-,-,-,-,-,-,-,68.61,0.00%,0
AAOUT,212.42M,-,-1.66%,-2.35%,-2.01%,4.93,1.97,0.18,0.19,45.97%,-0.44%,-1.97%,Sep 03/a,16.83,0.00%,11
AAP,177.66M,-,-11.53%,-126.34%,-38.23%,1.78,0.96,3.98,4.56,14.11%,2.04%,-13.84%,Aug 11/b,8.60,0.00%,0
AAPA,15.43B,2.28%,9.30%,25.95%,15.58%,0.95,0.79,0.53,0.55,48.00%,41.32%,19.04%,Aug 05/a,44.03,0.50%,584
AAPAC,82.68M,-,3.53%,3.55%,1.78%,4.88,4.88,0.00,0.00,-,-,-,-,10.24,0.00%,0
AAPAM,2.94B,9.75%,18.73%,67.84%,37.01%,2.89,2.89,0.75,0.75,-,36.65%,20.63%,Jul 28/a,36.32,-1.25%,12
AAPC,856.74M,8.38%,-,-,-,1.18,1.03,2.91,3.04,-,-,-,Aug 06/a,18.01,0.00%,0
AAPCB,-,4.18%,-,-,-,-,-,-,-,-,-,-,-,28.59,0.00%,0
AAPD,62.51B,2.58%,-0.12%,-0.32%,-0.15%,1.08,0.92,1.24,1.31,32.11%,24.29%,-0.38%,Jul 30/b,280.70,0.44%,267
AAPDB,-,-,-,-,-,-,-,-,-,-,-,-,-,26.31,0.00%,0
AAPEI,794.84M,-,8.50%,15.58%,10.13%,3.25,3.25,0.44,0.49,53.43%,10.20%,6.84%,Aug 10/a,43.43,0.00%,0
AAPG,16.34B,-,3.74%,10.35%,4.98%,1.39,1.32,0.98,1.09,28.47%,6.41%,-3.19%,Jul 30/b,37.46,0.00%,0
AAPH,198.83B,0.66%,14.60%,38.08%,15.74%,1.89,1.41,1.11,1.21,38.95%,28.13%,17.73%,Jul 29/b,80.63,-0.11%,"5,328"
AAPHG,-,-,-,-,-,-,-,-,-,-,-,-,-,14.30,0.00%,0
AAPHU,-,-,-,-,-,-,-,-,-,-,-,-,-,24.35,0.00%,0
AAPI,323.94M,-,1.54%,1.96%,1.68%,5.11,5.11,0.18,0.18,64.49%,-4.81%,7.23%,Aug 13/a,4.35,0.58%,63
AAPIE,-,3.35%,-,-,-,-,-,-,-,-,-,-,-,39.36,0.00%,0
AAPLD,8.16B,-,-4.48%,-21.89%,-3.59%,4.01,4.01,2.82,2.86,22.38%,-29.73%,-43.39%,Jul 27/a,27.99,-0.71%,"106,654"
AAPLE,3.70B,6.12%,3.58%,5.53%,3.87%,0.39,0.39,0.44,0.51,20.52%,17.81%,12.17%,Aug 05/a,15.68,0.00%,0
AAPLM,69.70M,-,-110.43%,-1305.37%,-,0.96,-,-,-,-,-304.27%,-128.69%,Apr 27/b,23.91,0.00%,0
AAPLU,-,4.89%,-,-,-,-,-,-,-,-,-,-,-,23.94,0.00%,0
AAPLX,-,-,-,-,-,-,-,-,-,-,-,-,-,9.00,-2.97%,"20,877"
AAPLY,-,31.96%,-,-,-,-,-,-,-,-,-,-,-,12.02,0.00%,89
AAPLZ,-,-,-,-,-,-,-,-,-,-,-,-,-,18.59,1.78%,515
AAPMC,198.79M,-,-,-,-,4.69,4.69,0.00,0.00,-,-,-,-,9.96,0.00%,0
AAPMD,1.11B,-,-,-,-,5.06,5.06,1.15,1.15,-,-,-,Sep 08/a,26.72,1.91%,515
AAPMI,-,-,-,-,-,-,-,-,-,-,-,-,-,13.71,0.00%,0
AAPMU,-,2.67%,-,-,-,-,-,-,-,-,-,-,-,24.32,0.00%,0
AAPNAU,-,-,-,-,-,-,-,-,-,-,-,-,-,-,-,0
AAPO,76.18B,1.73%,0.38%,8.63%,5.01%,0.11,0.11,0.65,0.65,60.37%,21.34%,4.57%,Aug 04/b,129.00,0.85%,16
AAPOC,-,-,-,-,-,-,-,-,-,-,-,-,-,26.58,0.00%,0
AAPOG,771.50M,2.89%,6.05%,13.76%,8.71%,1.76,1.34,0.53,0.56,23.84%,9.02%,4.88%,Oct 06/b,36.97,0.00%,0
AAPP,110.89B,-,61.99%,203.68%,66.03%,4.30,4.30,1.11,1.11,87.65%,77.74%,64.57%,Aug 05/a,331.35,0.36%,"15,059"
AAPPC,-,-,-,-,-,-,-,-,-,-,-,-,-,11.67,0.00%,0
AAPPF,7.55B,-,25.91%,32.09%,28.29%,3.69,3.69,0.06,0.07,61.56%,17.52%,15.13%,Jul 23/a,213.14,1.57%,1
AAPPN,2.77B,-,-1.81%,-,-6.38%,0.90,0.90,-,-,71.35%,4.37%,-1.34%,Aug 06/b,38.61,-0.03%,147
AAPPS,1.46B,-,-4.21%,-20.39%,-6.55%,1.20,1.20,1.80,1.87,38.26%,10.33%,-5.82%,Aug 04/a,12.09,0.33%,530
AAPPX,-,70.34%,-,-,-,-,-,-,-,-,-,-,-,14.18,0.78%,"57,048"
AAPRB,-,-,-,-,-,-,-,-,-,-,-,-,-,27.54,0.00%,0
AAPRE,9.70M,-,-41.30%,-46.15%,-31.40%,13.55,13.55,0.00,0.00,-324.92%,-255025.52%,-237362.80%,Aug 12/b,0.77,4.48%,6
AAPRH,-,6.89%,-,-,-,-,-,-,-,-,-,-,-,25.26,0.00%,0
AAPRJ,-,5.69%,-,-,-,-,-,-,-,-,-,-,-,25.01,0.00%,0
AAPRP,-,-,-,-,-,-,-,-,-,-,-,-,-,33.44,0.00%,0
AAPRT,-,-,-,-,-,-,-,-,-,-,-,-,-,47.10,0.00%,0
AAPRW,-,-,-,-,-,-,-,-,-,-,-,-,-,37.86,0.00%,0
AAPRZ,-,3.07%,-,-,-,-,-,-,-,-,-,-,-,40.88,0.00%,0
AAPT,52.36M,-,5.66%,6.61%,5.88%,17.04,11.18,0.10,0.12,36.42%,7.50%,6.79%,Aug 06/b,5.13,0.00%,0
AAPTV,9.14B,-,1.29%,2.93%,1.54%,2.02,1.33,0.64,0.65,17.56%,9.65%,1.17%,Aug 04/b,44.00,0.99%,27
AAPUE,-,0.73%,-,-,-,-,-,-,-,-,-,-,-,47.68,0.00%,0
AAPUR,147.59M,-,-,-,-0.03%,4.97,4.97,0.00,0.00,-,-,-,-,10.02,0.00%,0
AAPUS,2.40M,-,-84.20%,-100.13%,-54.59%,0.51,0.51,0.00,0.14,-,-,-,-,1.59,-4.71%,"2,611"
AAPVO,3.41M,-,-185.67%,-445.43%,-299.90%,2.08,2.08,0.54,0.70,-,-,-,Aug 14/b,1.88,3.97%,"1,076"
AAPWC,27.42M,-,1.69%,3.70%,3.30%,2.39,1.29,0.01,0.30,8.28%,2.41%,1.28%,Aug 14/b,1.33,0.00%,0
AAPXM,-,-,-,-,-,-,-,-,-,-,-,-,-,32.15,0.00%,0
AAPXT,465.12M,-,3.53%,3.69%,1.84%,0.44,0.44,0.00,0.00,-,-,-,-,10.12,0.00%,0
AAPYX,122.58M,-,-14.48%,-96.38%,-17.33%,5.68,4.53,3.67,3.72,38.70%,-6.06%,-14.78%,Aug 06/a,2.91,0.00%,0
AAQB,5.97M,-,-8.91%,-20.81%,-652.65%,4.26,4.26,0.00,0.00,-,-,-,-,1.16,4.50%,804
AAQEC,-,0.88%,-,-,-,-,-,-,-,-,-,-,-,26.05,0.00%,0
AAQLG,-,-,-,-,-,-,-,-,-,-,-,-,-,26.55,0.00%,0
AAQLT,-,0.96%,-,-,-,-,-,-,-,-,-,-,-,32.26,0.00%,0
AAQMS,9.01M,-,-146.30%,-218.39%,-165.20%,2.43,2.35,0.02,0.05,-,-,-,Jul 30/a,2.53,1.61%,6
AAQN,4.15B,4.96%,1.44%,4.28%,1.39%,0.88,0.69,1.32,1.44,19.91%,19.91%,5.52%,Aug 07/b,5.24,0.00%,0
AAQST,599.95M,-,-69.29%,-,-86.35%,7.19,6.74,-,-,67.04%,-97.52%,-144.63%,Aug 11/a,4.78,0.00%,0
AAQWA,-,1.63%,-,-,-,-,-,-,-,-,-,-,-,18.33,0.00%,0
AAR,10.44B,-,7.74%,13.87%,8.87%,0.40,0.40,0.47,0.55,25.75%,21.80%,18.32%,Jul 29/a,33.96,0.00%,0
AARAI,12.45M,-,-274.94%,-621.87%,-456.87%,0.92,0.91,0.32,1.14,-228.52%,-24765.17%,-55216.79%,Aug 13/b,0.24,0.00%,"20,150"
AARAY,28.67M,-,-10.77%,-80.08%,-22.79%,1.49,0.72,4.18,4.50,27.71%,-2.88%,-12.24%,Aug 19/a,0.24,0.00%,0
AARB,-,0.42%,-,-,-,-,-,-,-,-,-,-,-,29.94,0.00%,0
AARBB,8.56M,-,-22.26%,-28.26%,-31.43%,2.81,2.81,0.00,0.00,-3.34%,-15.34%,-21.77%,-,4.85,10.23%,38
AARBE,87.57M,-,-53.65%,-80.64%,-94.83%,2.30,2.30,0.03,0.64,-24.09%,-2359.86%,-2116.84%,Aug 06/b,0.69,0.01%,"2,242"
AARBK,41.11M,-,-,-,33.83%,0.51,0.51,0.14,0.27,-1.69%,-63.10%,31.95%,-,2.81,7.66%,"2,523"
AARCB,2.90B,0.39%,0.66%,1.27%,1.02%,0.97,0.97,0.26,0.36,7.16%,3.07%,0.39%,Jul 29/b,129.75,0.00%,0
AARCC,14.01B,9.84%,3.22%,6.88%,3.24%,1.36,1.36,1.14,1.14,78.21%,58.03%,29.21%,Jul 29/b,19.52,0.39%,741
AARCI,356.15M,-,-,-,-,9.50,9.50,0.00,0.00,-,-,-,-,10.10,0.00%,0
AARCL,179.51M,-,-,-,0.47%,0.00,0.00,0.00,0.00,-,-,-,-,9.97,0.00%,0
AARCM,-,3.57%,-,-,-,-,-,-,-,-,-,-,-,100.14,0.00%,0
AARCO,1.57B,3.50%,7.07%,36.38%,8.95%,0.88,0.81,2.45,2.65,12.38%,5.98%,5.15%,Aug 13/b,7.52,0.00%,0
AARCP,-,0.18%,-,-,-,-,-,-,-,-,-,-,-,24.78,0.00%,0
AARCT,422.08M,-,-34.96%,-46.31%,-48.89%,5.88,5.88,0.11,0.13,85.37%,-563.29%,-498.16%,Aug 06/a,14.85,1.09%,"1,684"
AARCX,-,-,-,-,-,-,-,-,-,-,-,-,-,11.80,0.00%,0
AARDC,284.72M,11.31%,-,-,-,-,-,-,-,-,-,-,-,11.88,0.00%,0
AARDT,1.50B,-,1.52%,6.01%,2.18%,2.10,1.99,1.66,1.68,14.84%,4.03%,1.22%,Aug 04/a,10.61,0.00%,0
AARDX,877.14M,-,-10.68%,-38.61%,-13.80%,3.34,3.15,1.71,1.72,93.62%,-7.86%,-12.35%,Aug 06/a,3.52,0.57%,296
AARE,9.32B,5.39%,-2.86%,-6.30%,-3.62%,1.57,1.57,0.83,0.85,23.41%,27.28%,-36.32%,Aug 03/a,53.49,0.28%,111
AAREC,221.43M,-,-17.90%,-,-34.10%,0.10,0.09,-,-,-,-31609.89%,-39087.51%,Aug 18,2.07,4.81%,"6,871"
AARES,41.84B,4.28%,2.07%,14.13%,3.13%,0.53,0.53,3.74,3.75,78.90%,30.39%,6.96%,Jul 31/b,126.67,0.00%,1
AARGT,-,1.04%,-,-,-,-,-,-,-,-,-,-,-,98.72,6.85%,16
AARGX,61.82B,-,19.92%,23.62%,20.27%,5.12,4.89,0.00,0.01,89.49%,28.83%,32.82%,Jul 23/b,988.20,0.00%,0
AARHS,1.24B,-,5.00%,17.28%,7.20%,1.33,0.60,1.32,1.47,39.65%,6.62%,4.91%,Aug 06/b,8.73,0.00%,0
AARI,829.11M,67.55%,2.03%,7.83%,7.47%,2.43,2.43,0.30,0.30,45.00%,224.12%,46.79%,Aug 10/a,6.45,0.31%,211
AARIA,-,-,-,-,-,-,-,-,-,-,-,-,-,26.76,0.00%,0
AARIS,3.91B,-,11.34%,21.13%,12.84%,1.91,1.68,0.26,0.29,51.24%,46.31%,22.43%,Jul 29/a,18.94,-0.47%,122
AARKB,-,-,-,-,-,-,-,-,-,-,-,-,-,28.43,-0.84%,"35,938"
AARKD,-,-,-,-,-,-,-,-,-,-,-,-,-,21.69,0.00%,0
AARKE,-,-,-,-,-,-,-,-,-,-,-,-,-,21.31,0.00%,0
AARKF,-,0.09%,-,-,-,-,-,-,-,-,-,-,-,47.45,-0.10%,149
AARKG,-,-,-,-,-,-,-,-,-,-,-,-,-,51.53,-0.55%,"1,466"
AARKI,-,-,-,-,-,-,-,-,-,-,-,-,-,23.87,0.00%,0
AARKK,-,-,-,-,-,-,-,-,-,-,-,-,-,89.94,-0.86%,"2,535"
AARKO,475.67M,2.83%,0.41%,3.41%,0.54%,1.60,1.15,4.44,4.65,3.53%,1.52%,0.11%,Aug 07/b,4.24,0.00%,0
AARKQ,-,0.24%,-,-,-,-,-,-,-,-,-,-,-,125.00,-0.39%,256
AARKR,16.30M,-,-2.40%,-9.60%,-2.92%,0.78,0.68,2.45,2.66,5.53%,-1.56%,-2.04%,Aug 11/b,4.52,0.00%,0
AARKT,-,0.23%,-,-,-,-,-,-,-,-,-,-,-,20.18,0.00%,0
AARKW,-,1.42%,-,-,-,-,-,-,-,-,-,-,-,165.24,0.00%,2
AARKX,-,-,-,-,-,-,-,-,-,-,-,-,-,32.74,-0.47%,277
AARKY,-,-,-,-,-,-,-,-,-,-,-,-,-,20.79,0.00%,0
AARL,251.00M,-,0.77%,1.36%,1.03%,10.84,10.84,0.30,0.35,-5.73%,-18.30%,16.36%,-,15.54,0.00%,0
AARLI,-,-,-,-,-,-,-,-,-,-,-,-,-,26.47,0.00%,0
AARLO,1.43B,-,8.80%,22.07%,18.60%,1.40,1.15,0.04,0.05,45.97%,3.17%,5.20%,Aug 06/a,13.33,0.00%,0
AARLP,3.32B,9.30%,9.07%,14.79%,11.56%,1.75,1.32,0.29,0.33,20.68%,16.44%,12.12%,Jul 27/b,25.80,0.00%,0
AARLU,-,-,-,-,-,-,-,-,-,-,-,-,-,32.78,0.00%,0
AARM,342.03B,-,10.14%,13.35%,11.53%,5.25,5.25,0.05,0.06,93.88%,17.26%,20.25%,Jul 29/a,320.25,-0.82%,"135,421"
AARMA,-,-,-,-,-,-,-,-,-,-,-,-,-,18.58,1.14%,12
AARMG,-,1.05%,-,-,-,-,-,-,-,-,-,-,-,26.40,-1.31%,"109,187"
AARMH,-,1.15%,-,-,-,-,-,-,-,-,-,-,-,13.63,0.00%,0
AARMK,14.89B,0.85%,2.81%,11.82%,3.92%,1.28,1.14,1.88,1.91,5.90%,4.39%,1.93%,Aug 11/b,56.48,0.00%,0
AARMP,158.40M,-,-225.11%,-,-,0.11,0.11,-,-,66.88%,-636.55%,-3467.04%,Aug 12/a,4.26,0.00%,0
AARMS,-,0.18%,-,-,-,-,-,-,-,-,-,-,-,24.93,0.00%,0
AARMW,-,61.34%,-,-,-,-,-,-,-,-,-,-,-,50.58,-2.86%,781
AARMY,-,-,-,-,-,-,-,-,-,-,-,-,-,23.99,0.00%,0
AAROC,5.39B,2.99%,7.32%,21.95%,8.31%,1.39,0.94,1.52,1.52,48.91%,38.33%,21.59%,Aug 04/a,30.73,0.00%,41
AAROW,697.42M,3.19%,1.15%,11.95%,10.61%,0.11,-,0.08,0.75,-,25.89%,20.47%,Jul 23/b,37.65,0.00%,0
AARP,-,5.71%,-,-,-,-,-,-,-,-,-,-,-,34.57,0.00%,0
AARQ,88.21M,-,-20.19%,-27.15%,-28.85%,1.03,0.61,0.08,0.23,18.11%,-6.55%,-42.33%,Aug 10/a,2.02,0.00%,0
AARQQ,400.26M,-,-156.14%,-230.33%,-172.74%,4.88,4.88,0.04,0.08,9.30%,-4855.25%,-4715.38%,May 21/b,23.00,-2.25%,"2,695"
AARQT,3.26B,-,6.78%,15.86%,8.70%,2.92,2.67,0.49,0.52,91.14%,7.38%,6.15%,Aug 05/a,25.96,0.00%,301
AARR,2.10B,19.41%,2.21%,20.33%,16.71%,1.12,1.12,0.00,7.54,95.53%,114.37%,41.46%,Jul 22/a,14.84,0.47%,"1,409"
AARRY,628.35M,-,-5.58%,-25.98%,-8.25%,2.20,1.81,2.52,2.54,21.62%,3.63%,-12.48%,Aug 05/a,4.08,0.25%,"8,730"
AARTC,348.16M,-,-,-,1.32%,20.59,20.59,0.00,0.00,-,-,-,-,9.99,0.00%,0
AARTL,2.24M,-,-234.30%,-705.71%,-253.22%,3.00,3.00,0.00,0.01,-,-,-,Aug 13/b,4.09,-0.24%,212
AARTNA,354.37M,3.69%,2.77%,9.42%,5.37%,1.01,0.89,0.71,0.72,37.35%,31.99%,20.18%,Aug 06/a,34.39,0.00%,0
AARTV,381.34M,-,-33.76%,-36.58%,-25.65%,24.16,24.16,0.02,0.03,-,-,-,Aug 06/a,7.80,-0.38%,"1,017"
AARTW,16.75M,-,-0.10%,-0.16%,-0.13%,2.17,0.61,0.18,0.47,24.16%,1.51%,-0.08%,-,3.22,0.00%,0
AARTY,-,0.06%,-,-,-,-,-,-,-,-,-,-,-,77.71,-1.09%,602
AARVN,542.71M,-,1.17%,1.59%,1.64%,7.91,7.91,0.01,0.01,95.64%,-4.01%,2.94%,Aug 04/b,8.30,0.00%,0
AARVR,-,0.62%,-,-,-,-,-,-,-,-,-,-,-,58.97,0.00%,0
AARW,11.15B,-,2.59%,12.17%,8.96%,1.22,1.01,0.29,0.31,10.92%,3.76%,2.26%,Aug 06/a,219.10,0.00%,47
AARWG,-,0.13%,-,-,-,-,-,-,-,-,-,-,-,26.06,0.00%,0
AARWR,9.91B,-,-18.32%,-64.78%,-17.81%,5.90,5.90,2.86,2.96,96.15%,-33.82%,-47.79%,Aug 04/a,70.15,1.98%,14
AARX,4.30B,-,-28.10%,-380.14%,-154.73%,1.64,-,0.17,0.17,-,23.37%,-181.92%,Aug 13/b,19.78,0.00%,0
AARXS,22.06B,-,-,-,-,5.21,3.79,0.40,0.40,-,-,-,Jul 29/a,51.21,0.00%,0
AAS,16.02B,-,5.68%,8.83%,7.15%,1.76,0.80,0.11,0.16,59.81%,12.86%,7.35%,Aug 18/b,27.53,0.29%,807
AASA,1.06B,0.12%,-,-,-,-,-,-,-,-,-,-,-,57.96,0.00%,0
AASAN,2.18B,-,-18.15%,-93.80%,-51.69%,0.87,0.87,1.86,2.48,87.56%,-14.97%,-18.63%,Sep 03/a,9.54,0.00%,0
AASB,5.54B,3.29%,1.05%,9.66%,7.78%,0.05,-,0.15,1.02,-,24.31%,19.17%,Jul 23/a,29.36,0.00%,0
AASBH,-,-,-,-,-,-,-,-,-,-,-,-,-,18.33,0.00%,0
AASBP,12.23M,-,-152.09%,-1032.14%,-93.97%,7.99,7.81,0.00,0.00,18.35%,-7259.85%,-11314.12%,-,8.72,0.00%,0
AASC,728.79M,10.45%,14.95%,16.23%,14.88%,5.45,4.84,0.05,0.05,35.27%,28.48%,28.67%,Jul 29/b,17.84,-4.09%,20
AASCE,-,0.17%,-,-,-,-,-,-,-,-,-,-,-,33.83,0.00%,0
AASCI,-,0.74%,-,-,-,-,-,-,-,-,-,-,-,37.11,0.00%,0
AASD,-,0.02%,-,-,-,-,-,-,-,-,-,-,-,27.28,0.00%,0
AASEA,-,3.66%,-,-,-,-,-,-,-,-,-,-,-,21.21,0.00%,0
AASEC,-,1.32%,-,-,-,-,-,-,-,-,-,-,-,49.39,0.00%,0
AASG,322.41M,9.29%,-,-,-,-,-,-,-,-,-,-,-,5.06,0.00%,0
AASGI,632.58M,13.15%,-,-,-,-,-,-,-,-,-,-,-,20.00,0.00%,0
AASGM,-,1.59%,-,-,-,-,-,-,-,-,-,-,-,33.41,0.00%,0
AASH,3.20B,1.92%,1.63%,3.99%,1.56%,3.05,1.89,0.78,0.79,26.59%,8.57%,2.82%,Jul 28/a,69.79,1.06%,3
AASHR,-,2.21%,-,-,-,-,-,-,-,-,-,-,-,34.23,0.00%,0
AASHS,-,-,-,-,-,-,-,-,-,-,-,-,-,43.13,0.00%,0
AASIA,-,0.84%,-,-,-,-,-,-,-,-,-,-,-,42.29,0.00%,0
AASIC,1.30B,-,8.43%,17.46%,16.04%,0.89,-,0.00,0.00,-,28.38%,20.67%,Jul 29/a,27.07,0.00%,0
AASIX,438.77M,3.94%,-1.07%,-2.19%,-1.50%,1.28,0.70,0.48,0.53,5.62%,-0.61%,-1.14%,Aug 07/b,16.25,0.00%,0
AASLE,261.07M,-,-0.56%,-0.90%,-0.63%,3.27,0.69,0.41,0.42,28.86%,0.61%,-1.23%,Aug 06/a,5.47,0.00%,0
AASLV,-,0.80%,-,-,-,-,-,-,-,-,-,-,-,30.43,0.00%,0
AASM,1.04B,-,18.09%,21.05%,15.65%,5.85,5.31,0.02,0.03,55.48%,43.86%,37.02%,Aug 12/b,6.11,-1.08%,"3,779"
AASMB,517.97M,-,-0.02%,-0.03%,-0.01%,13.99,13.99,0.01,0.01,99.85%,-11.75%,-0.06%,Aug 13/a,25.44,0.00%,0
AASMF,-,0.19%,-,-,-,-,-,-,-,-,-,-,-,26.97,0.00%,0
AASMG,-,5.85%,-,-,-,-,-,-,-,-,-,-,-,43.26,-3.34%,433
AASMH,-,1.70%,-,-,-,-,-,-,-,-,-,-,-,11.74,0.00%,0
AASML,654.53B,0.63%,22.54%,54.37%,45.57%,1.33,0.80,0.09,0.09,52.73%,35.42%,30.11%,Oct 14/b,1698.22,-0.77%,"12,423"
AASMU,-,1.41%,-,-,-,-,-,-,-,-,-,-,-,28.43,-3.07%,438
AASMZ,-,-,-,-,-,-,-,-,-,-,-,-,-,19.18,0.00%,0
AASND,15.71B,-,44.55%,121.87%,41.62%,2.99,2.32,0.27,0.31,89.84%,10.32%,70.99%,Aug 13/b,239.19,0.67%,4
AASO,2.99B,0.91%,7.34%,18.61%,9.86%,1.74,0.35,0.84,0.90,35.78%,9.55%,6.39%,Sep 09/b,48.49,0.00%,0
AASPC,25.32M,-,1.27%,1.29%,12.93%,1.42,1.42,0.00,0.00,-,-,-,-,10.83,0.00%,0
AASPI,485.99M,-,-42.84%,-104.60%,-27.59%,3.86,3.84,0.81,1.02,-0.49%,-312.31%,-428.00%,Jun 03,3.17,-0.31%,"10,420"
AASPN,435.69M,-,-27.49%,-50.36%,-44.35%,2.51,2.22,0.48,0.65,5.31%,-41.49%,-62.45%,Aug 06/b,5.25,1.16%,79
AASPS,64.87M,-,-7.74%,-,-14.39%,1.17,1.17,-,-,42.52%,2.48%,-6.23%,Jul 23/b,5.68,0.00%,0
AASR,6.79B,5.72%,11.74%,26.22%,13.07%,3.29,3.27,0.79,0.83,43.15%,42.15%,26.07%,Jul 23/a,245.07,0.00%,0
AASRV,78.95M,2.58%,0.59%,7.28%,4.72%,0.25,-,0.47,0.54,-,11.59%,9.51%,Apr 21/b,4.65,0.00%,0
AASST,2.84B,-,-134.96%,-137.87%,-68.90%,7.62,7.62,0.00,0.00,-10.89%,-14415.58%,-17113.26%,Aug 10/b,29.74,-1.95%,"152,893"
AASSX,-,-,-,-,-,-,-,-,-,-,-,-,-,27.07,-4.88%,"3,077"
AASTC,13.57M,-,-64.54%,-76.35%,-98.81%,6.17,4.07,0.17,0.20,-88.10%,-1369.84%,-1397.82%,-,6.44,0.00%,13
AASTE,959.47M,1.25%,1.58%,2.87%,1.86%,2.51,1.09,0.53,0.57,25.96%,5.38%,1.26%,Aug 05/b,41.67,0.00%,0
AASTG,-,-,-,-,-,-,-,-,-,-,-,-,-,7.90,0.00%,0
AASTH,1.66B,-,2.18%,5.08%,2.32%,1.23,1.23,1.10,1.18,8.82%,2.61%,1.05%,Aug 06/a,33.55,0.00%,0
AASTI,28.99M,-,-65.05%,-86.58%,-51.65%,6.31,6.08,0.03,0.07,-447.04%,-4310.16%,-4252.98%,Aug 17,2.95,1.14%,105
AASTL,460.68M,-,-44.25%,-138.29%,-86.59%,2.49,1.35,3.43,3.68,-47.45%,-54.29%,-71.60%,Jul 29/a,4.36,2.11%,25
AASTN,-,-,-,-,-,-,-,-,-,-,-,-,-,17.51,1.45%,481
AASTS,23.98B,-,-16.00%,-44.82%,-12.69%,13.05,12.90,1.57,1.58,-242.79%,-410.26%,-536.66%,Aug 10/a,61.63,-0.42%,"90,413"
AASTT,-,-,-,-,-,-,-,-,-,-,-,-,-,17.35,0.00%,0
AASTX,-,-,-,-,-,-,-,-,-,-,-,-,-,10.61,-0.75%,"86,846"
AASTY,-,-,-,-,-,-,-,-,-,-,-,-,-,5.65,-1.22%,195
AASUP,-,-,-,-,-,-,-,-,-,-,-,-,-,7.30,0.00%,0
AASUR,235.37M,-,-1.71%,-4.30%,-3.19%,1.06,1.05,0.34,0.38,55.60%,-1.16%,-5.42%,Jul 30/a,8.15,0.00%,0
AASX,95.60B,1.34%,6.52%,17.52%,9.98%,1.07,0.81,0.60,0.76,18.58%,9.90%,8.52%,Jul 30/b,43.48,-0.57%,"26,069"
AASYS,267.87M,-,3.25%,4.78%,3.05%,5.41,4.54,0.14,0.15,46.86%,8.25%,4.90%,Aug 05/a,15.30,2.14%,20
AAT,-,-,-,-,-,-,-,-,-,-,-,-,-,20.53,0.00%,0
AATAI,2.73B,-,-,-,-375.52%,8.58,8.58,0.01,0.01,-,-3274.31%,-14938.36%,Aug 12,7.35,0.00%,0
AATAT,3.73B,2.52%,23.00%,58.78%,45.76%,1.93,1.89,0.24,0.38,43.09%,21.23%,16.75%,Aug 20/b,33.07,0.00%,0
AATC,-,10.56%,-,-,-,-,-,-,-,-,-,-,-,24.94,0.00%,0
AATCH,28.57M,-,4.25%,65.63%,7.55%,1.52,1.52,0.63,0.68,71.79%,-18.64%,16.82%,May 13/a,0.19,-2.96%,"12,683"
AATCL,-,8.05%,-,-,-,-,-,-,-,-,-,-,-,24.52,0.00%,0
AATCX,16.09M,-,-140.76%,-166.08%,-101.70%,11.68,11.62,0.00,0.00,-147.98%,-7345.14%,-7269.15%,-,3.16,0.00%,0
AATEC,1.58B,-,-13.91%,-373.44%,-20.22%,1.89,1.07,46.18,52.39,61.37%,-4.76%,-13.50%,Aug 04/a,10.21,0.39%,309
AATEN,1.96B,0.91%,6.68%,19.45%,17.99%,1.27,1.18,0.00,0.95,78.51%,16.56%,13.85%,Aug 05/a,26.94,0.00%,0
AATER,12.01M,-,-51.13%,-95.51%,-133.58%,2.13,2.13,0.00,0.00,56.08%,-36.65%,-49.30%,-,0.67,0.00%,0
AATEX,1.64B,-,15.32%,27.92%,22.78%,4.85,4.85,0.01,0.01,93.74%,-578.88%,933.04%,Aug 11/a,83.62,0.00%,0
AATFV,-,-,-,-,-,-,-,-,-,-,-,-,-,40.96,0.00%,0
AATGL,83.96M,-,-148.02%,-183.99%,-280.83%,3.25,3.25,0.02,0.20,49.18%,-769.45%,-950.55%,-,5.10,0.00%,0
AATHE,72.20M,-,-51.53%,-55.71%,-53.83%,14.52,14.52,0.00,0.00,-,-,-,Aug 28/b,3.78,0.00%,0
AATHM,2.47B,9.27%,3.35%,4.05%,4.14%,6.75,6.75,0.00,0.00,72.81%,1.49%,17.05%,Aug 20/b,21.35,0.00%,0
AATHR,44.42M,-,-91.26%,-146.55%,-133.68%,3.37,3.37,2.77,2.77,79.44%,-383.68%,-378.47%,Sep 02,3.63,0.00%,0
AATI,25.76B,-,8.84%,26.29%,12.91%,2.33,1.14,0.96,1.17,23.52%,16.01%,10.09%,Aug 06/b,189.16,0.00%,0
AATII,316.17M,-,-54.23%,-79.91%,-133.10%,0.00,0.00,0.00,0.00,-,-,-,-,10.69,0.00%,0
AATKR,3.19B,1.40%,-5.75%,-11.87%,-7.53%,2.73,2.04,0.69,0.72,19.09%,4.91%,-5.55%,Aug 03/b,94.47,0.00%,0
AATLC,1.38B,-,2.77%,22.90%,2.20%,1.28,1.28,8.43,8.48,92.13%,24.52%,5.46%,Aug 06/a,91.03,0.00%,0
AATLO,283.61M,3.00%,1.09%,11.31%,10.00%,0.32,-,0.08,0.22,-,28.97%,22.64%,Jul 20,32.02,0.00%,0
AATLQ,283.80M,-,-,-,-,9.58,9.58,0.00,0.00,-,-,-,-,9.97,0.00%,0
AATLX,89.09M,-,-48.88%,-103.01%,-78.28%,2.43,2.40,0.00,0.22,85.09%,-40347.94%,-33954.36%,-,2.96,0.68%,"4,202"
AATMP,-,4.46%,-,-,-,-,-,-,-,-,-,-,-,35.84,0.00%,0
AATMU,3.64B,0.49%,13.43%,55.79%,14.49%,2.65,1.83,2.26,2.32,28.65%,16.85%,11.32%,Aug 07/b,44.59,0.00%,0
AATNI,460.42M,3.85%,9.23%,31.31%,13.56%,1.63,1.59,1.04,1.13,39.31%,8.40%,21.68%,Aug 05/a,29.89,0.74%,1
AATNM,37.73M,-,21.92%,45.86%,36.60%,4.08,4.08,0.02,0.04,96.97%,27.23%,32.23%,Aug 03,1.20,0.00%,0
AATO,26.74B,2.53%,4.73%,9.79%,5.59%,0.81,0.73,0.64,0.68,46.41%,36.97%,28.49%,Aug 05/a,158.26,-0.01%,5
AATOM,168.20M,-,-69.69%,-76.78%,-59.07%,17.02,17.02,0.02,0.03,-566.52%,-10212.17%,-9742.17%,Aug 04/a,4.31,-1.82%,"1,270"
AATOS,22.45M,-,-77.91%,-89.23%,-140.55%,5.69,5.69,0.00,0.00,-,-,-,Aug 07/b,2.25,0.00%,0
AATPC,2.20M,-,-4.84%,-5.30%,-5.49%,8.45,8.37,0.00,0.00,56.99%,-295.88%,-114.76%,-,2.20,-3.93%,520
AATR,7.85B,1.59%,7.25%,13.61%,9.56%,1.61,1.10,0.44,0.54,28.26%,12.37%,9.22%,Jul 30/a,123.40,0.00%,0
AATRA,94.15M,-,-57.62%,-,-135.76%,1.98,1.98,-,-,91.38%,-238.73%,-269.42%,Aug 12/a,9.38,0.00%,0
AATRC,2.97B,-,1.64%,2.15%,1.80%,4.22,3.19,0.14,0.14,75.77%,2.44%,1.85%,Jul 23/a,58.32,0.00%,0
AATRO,2.99B,-,11.24%,33.68%,14.51%,2.97,1.63,1.75,1.78,32.54%,13.66%,8.40%,Aug 11/a,69.50,1.29%,21
AATS,1.88B,-,1.09%,2.70%,1.53%,1.63,1.31,0.75,0.77,25.11%,6.81%,1.60%,Aug 06/b,19.16,0.00%,0
AATTO,972.37M,-,-,-,-,9.39,9.39,0.02,0.04,-,-,-,Sep 02/a,21.30,0.00%,0
AATTR,-,-,-,-,-,-,-,-,-,-,-,-,-,96.13,0.00%,0
AATTT,16.40M,-,10.77%,16.20%,11.64%,2.36,2.36,0.11,0.11,27.61%,12.64%,11.70%,Aug 05/b,2.79,-5.39%,765
AATXG,7.36M,-,-5.81%,-9.55%,-6.64%,3.71,3.65,0.00,0.21,12.30%,-23.18%,-21.14%,-,3.50,0.00%,0
AATYR,36.79M,-,-70.97%,-98.37%,-103.73%,5.12,5.12,0.20,0.23,-732.63%,-33609.47%,-32003.68%,Aug 07/a,0.38,0.59%,"2,050"
AAU,51.03B,4.80%,25.65%,46.50%,35.67%,2.71,2.07,0.19,0.20,57.69%,50.68%,32.19%,Jul 31/b,101.04,-0.87%,"47,423"
AAUAU,-,0.56%,-,-,-,-,-,-,-,-,-,-,-,40.78,0.00%,0
AAUB,5.55B,3.83%,1.29%,9.76%,8.06%,0.07,-,0.17,0.39,-,31.55%,21.44%,Jul 21/b,38.89,0.00%,0
AAUBN,93.29M,4.01%,0.79%,9.32%,8.94%,0.27,-,0.00,0.00,-,23.69%,18.60%,Apr 28/b,26.90,0.00%,0
AAUC,169.50M,-,-68.36%,-80.54%,-11.88%,23.67,23.67,0.00,0.00,-,-70.20%,-383.17%,-,7.66,0.00%,0
AAUDC,247.75M,3.87%,2.18%,4.23%,3.93%,1.90,1.63,0.23,0.28,65.73%,5.76%,2.83%,Aug 04/b,10.34,-1.05%,636
AAUGC,-,-,-,-,-,-,-,-,-,-,-,-,-,25.52,0.00%,0
AAUGM,-,-,-,-,-,-,-,-,-,-,-,-,-,35.44,0.00%,0
AAUGO,7.44B,3.12%,20.81%,100.16%,35.85%,1.06,0.82,0.82,1.00,57.56%,53.42%,23.18%,Aug 05/a,88.85,-0.34%,45
AAUGP,-,-,-,-,-,-,-,-,-,-,-,-,-,34.18,0.00%,0
AAUGT,-,-,-,-,-,-,-,-,-,-,-,-,-,39.49,0.00%,0
AAUGU,-,-,-,-,-,-,-,-,-,-,-,-,-,32.42,0.00%,0
AAUGW,-,-,-,-,-,-,-,-,-,-,-,-,-,34.89,0.00%,0
AAUGZ,-,3.30%,-,-,-,-,-,-,-,-,-,-,-,46.47,0.00%,0
AAUID,7.44M,-,-159.32%,-245.13%,-902.27%,0.55,0.55,0.00,1.87,95.96%,-1404.38%,-1450.45%,May 14/a,0.44,-1.85%,"1,521"
AAUMI,-,0.79%,-,-,-,-,-,-,-,-,-,-,-,98.25,0.00%,0
AAUNA,383.39M,-,0.19%,0.81%,0.27%,1.08,1.00,1.77,2.01,36.89%,12.51%,0.30%,Aug 18/a,5.18,0.00%,0
AAUPH,2.21B,-,48.52%,66.12%,47.53%,5.42,4.97,0.07,0.10,90.36%,45.15%,100.84%,Aug 06/b,16.61,0.00%,0
AAUR,12.95B,-,-41.09%,-45.64%,-44.49%,11.38,11.38,0.04,0.04,-1560.00%,-19400.00%,-18000.00%,Jul 29/a,6.46,-0.76%,"3,223"
AAURA,659.56M,-,-47.42%,-53.49%,-39.87%,16.82,16.82,0.04,0.05,-,-,-,Aug 11/b,6.36,0.00%,0
AAURE,46.84M,-,-2.51%,-3.34%,-1.56%,59.93,59.93,0.36,0.36,-130.14%,-52.60%,-136.76%,-,1.21,5.22%,"4,365"
AAUSF,-,2.74%,-,-,-,-,-,-,-,-,-,-,-,50.33,0.00%,0
AAUSM,-,2.72%,-,-,-,-,-,-,-,-,-,-,-,24.98,0.00%,0
AAUST,15.20M,-,-32.54%,-32.98%,-38.23%,19.45,19.45,0.00,0.00,-,-,-,-,1.11,0.00%,0
AAUTL,524.34M,-,-46.04%,-132.68%,-65.92%,4.85,4.36,4.66,4.91,12.87%,-210.52%,-238.34%,Aug 11/b,1.97,1.55%,333
AAUUD,7.25M,-,-128.56%,-142.00%,-90.08%,11.34,11.34,0.00,0.00,-19599.70%,-100698.17%,-126962.00%,-,1.25,-7.39%,"20,606"
AAUXX,589.94M,-,-30.58%,-36.49%,-33.23%,3.68,3.68,0.00,0.00,-,-,-,-,5.83,0.00%,0
AAV,-,-,-,-,-,-,-,-,-,-,-,-,-,26.00,0.00%,0
AAVA,3.02B,5.50%,2.73%,8.31%,3.82%,1.10,0.69,1.11,1.19,24.96%,18.76%,11.83%,Aug 03/b,36.10,0.00%,174
AAVAH,2.93B,-,14.17%,199.62%,17.20%,1.16,1.16,4.56,5.24,31.84%,11.39%,10.56%,Aug 13/b,13.44,0.00%,0
AAVAL,1.92B,4.67%,0.57%,10.82%,1.84%,0.66,-,3.79,3.81,-,10.37%,3.81%,Aug 12/a,5.08,0.00%,0
AAVAT,79.28M,-,-22.16%,-24.50%,-44.23%,1.11,1.11,0.00,0.26,0.00%,-202.63%,-2514.88%,Aug 26/a,1.81,-3.04%,"49,854"
AAVAV,8.16B,-,-3.57%,-4.60%,-3.88%,4.26,3.33,0.19,0.19,21.31%,0.73%,-10.13%,Sep 09/a,160.62,-0.17%,"4,271"
AAVAZ,-,0.14%,-,-,-,-,-,-,-,-,-,-,-,19.09,0.00%,0
AAVBC,437.75M,0.73%,0.61%,6.06%,4.17%,0.04,-,0.08,0.50,-,15.34%,11.51%,Jul 23/a,21.92,0.00%,0
AAVBH,343.53M,-,-0.56%,-5.64%,-4.39%,0.07,-,0.09,0.09,-,-20.04%,-14.12%,Jul 23/a,31.30,0.00%,0
AAVBP,1.47B,-,-49.30%,-53.10%,-44.63%,14.16,14.16,0.00,0.00,-,-,-,Aug 12/a,29.74,0.00%,0
AAVD,60.77M,-,-8.48%,-26.48%,-11.92%,2.47,1.40,1.52,1.57,27.02%,1.79%,-10.70%,Aug 10/a,2.06,0.00%,0
AAVDE,-,2.74%,-,-,-,-,-,-,-,-,-,-,-,92.41,0.00%,0
AAVDS,-,2.55%,-,-,-,-,-,-,-,-,-,-,-,79.65,0.00%,0
AAVDV,-,2.96%,-,-,-,-,-,-,-,-,-,-,-,117.12,4.96%,1
AAVEE,-,2.91%,-,-,-,-,-,-,-,-,-,-,-,69.63,0.00%,0
AAVEM,-,2.49%,-,-,-,-,-,-,-,-,-,-,-,96.33,0.00%,0
AAVES,-,3.36%,-,-,-,-,-,-,-,-,-,-,-,66.44,0.00%,0
AAVEX,1.88B,0.08%,-2.85%,-7.69%,-,5.66,5.50,-,-,23.00%,11.38%,6.34%,Aug 12/a,16.52,0.06%,955
AAVGB,-,3.65%,-,-,-,-,-,-,-,-,-,-,-,50.08,0.00%,0
AAVGC,-,-,-,-,-,-,-,-,-,-,-,-,-,22.31,0.00%,0
AAVGE,-,1.72%,-,-,-,-,-,-,-,-,-,-,-,100.43,0.00%,0
AAVGG,-,2.63%,-,-,-,-,-,-,-,-,-,-,-,23.25,-1.51%,"18,515"
AAVGO,1730.35B,0.72%,21.63%,44.25%,24.39%,2.50,2.29,0.57,0.60,66.54%,48.57%,42.94%,Sep 02/a,362.48,-0.05%,"223,887"
AAVGU,-,-,-,-,-,-,-,-,-,-,-,-,-,30.05,-0.37%,"2,180"
AAVGV,-,1.97%,-,-,-,-,-,-,-,-,-,-,-,86.69,0.00%,0
AAVGW,-,69.78%,-,-,-,-,-,-,-,-,-,-,-,33.87,0.78%,"1,473"
AAVGX,-,1.92%,-,-,-,-,-,-,-,-,-,-,-,40.35,-0.17%,"23,594"
AAVIE,-,1.49%,-,-,-,-,-,-,-,-,-,-,-,78.75,0.00%,0
AAVIG,-,4.45%,-,-,-,-,-,-,-,-,-,-,-,40.09,0.00%,0
AAVIR,435.51M,-,-52.99%,-58.14%,-80.96%,8.13,8.13,0.00,0.00,-,-,-,Aug 12/a,5.43,0.00%,0
AAVIV,-,2.77%,-,-,-,-,-,-,-,-,-,-,-,81.86,0.00%,0
AAVK,538.17M,11.52%,-,-,-,-,-,-,-,-,-,-,-,12.19,0.00%,0
AAVL,-,2.12%,-,-,-,-,-,-,-,-,-,-,-,38.25,-0.44%,"34,114"
AAVLC,-,0.86%,-,-,-,-,-,-,-,-,-,-,-,91.67,0.00%,0
AAVLN,1.40B,-,-,-,-,33.10,33.10,0.04,0.04,-,-,-,Aug 12/b,31.62,0.00%,0
AAVLV,-,1.11%,-,-,-,-,-,-,-,-,-,-,-,92.55,0.00%,0
AAVMA,-,2.43%,-,-,-,-,-,-,-,-,-,-,-,73.01,0.00%,0
AAVMC,-,1.00%,-,-,-,-,-,-,-,-,-,-,-,77.79,0.00%,0
AAVMU,-,3.69%,-,-,-,-,-,-,-,-,-,-,-,43.51,0.00%,0
AAVMV,-,1.12%,-,-,-,-,-,-,-,-,-,-,-,78.47,0.23%,"1,019"
AAVNM,-,2.76%,-,-,-,-,-,-,-,-,-,-,-,85.15,0.00%,0
AAVNT,3.71B,2.73%,2.80%,7.09%,3.94%,1.90,1.35,0.77,0.77,32.15%,10.79%,5.10%,Aug 06/b,40.44,0.00%,0
AAVNV,-,3.07%,-,-,-,-,-,-,-,-,-,-,-,86.68,0.00%,0
AAVNW,261.03M,-,0.41%,0.96%,0.71%,1.97,1.66,0.34,0.37,30.81%,4.86%,0.58%,Aug 27/b,20.30,0.00%,0
AAVO,1.14B,-,0.12%,0.24%,0.13%,1.92,1.24,0.64,0.68,11.28%,3.83%,0.12%,Sep 08/a,12.95,1.17%,9
AAVOS,-,-,-,-,-,-,-,-,-,-,-,-,-,27.47,0.00%,0
AAVPT,2.83B,-,9.81%,16.25%,15.77%,2.00,2.00,0.04,0.06,73.33%,9.78%,15.33%,Aug 06/a,13.39,0.22%,"4,635"
AAVR,794.29M,-,-66.31%,-75.10%,-40.82%,14.20,14.20,0.01,0.01,-2.54%,-4738.36%,-4619.27%,Aug 10/a,8.15,0.00%,0
AAVRE,-,3.01%,-,-,-,-,-,-,-,-,-,-,-,45.79,0.31%,"9,204"
AAVRY,-,-,-,-,-,-,-,-,-,-,-,-,-,25.39,0.00%,0
AAVS,-,3.36%,-,-,-,-,-,-,-,-,-,-,-,8.00,-0.12%,"2,602"
AAVSC,-,0.99%,-,-,-,-,-,-,-,-,-,-,-,70.57,0.00%,0
AAVSD,-,2.70%,-,-,-,-,-,-,-,-,-,-,-,81.50,0.00%,0
AAVSE,-,2.64%,-,-,-,-,-,-,-,-,-,-,-,80.98,0.00%,0
AAVSF,-,4.39%,-,-,-,-,-,-,-,-,-,-,-,45.85,0.00%,0
AAVSU,-,0.88%,-,-,-,-,-,-,-,-,-,-,-,89.42,0.00%,0
AAVT,7.80B,1.47%,2.42%,6.67%,4.34%,1.78,0.97,0.53,0.69,10.43%,3.11%,1.21%,Aug 05/b,95.00,-0.50%,34
AAVTM,-,0.53%,-,-,-,-,-,-,-,-,-,-,-,55.54,0.00%,0
AAVTR,10.25B,-,-4.74%,-9.70%,-6.22%,1.78,1.18,0.65,0.66,30.67%,8.20%,-8.81%,Jul 29/b,15.15,0.33%,401
AAVTX,867.20M,0.07%,-32.50%,-36.27%,-22.26%,19.31,19.31,0.00,0.00,-84.75%,-154844.07%,-170055.93%,Aug 06/b,16.17,0.00%,0
AAVUQ,-,0.30%,-,-,-,-,-,-,-,-,-,-,-,68.37,0.00%,0
AAVUS,-,0.92%,-,-,-,-,-,-,-,-,-,-,-,130.26,0.00%,0
AAVUV,-,1.24%,-,-,-,-,-,-,-,-,-,-,-,122.15,0.57%,122
AAVX,32.60M,-,-137.45%,-165.28%,-85.31%,2.16,2.16,0.00,0.11,25.95%,-105.70%,-1534.26%,Aug 13/a,4.41,-0.32%,699
AAVXC,-,2.12%,-,-,-,-,-,-,-,-,-,-,-,84.38,0.00%,0
AAVXL,225.25M,-,-11.70%,-12.80%,-11.58%,15.62,15.62,0.00,0.00,-,-,-,Aug 25/b,2.43,1.25%,283
AAVXX,-,1.57%,-,-,-,-,-,-,-,-,-,-,-,27.40,0.15%,951
AAVY,12.83B,2.34%,7.93%,31.16%,12.82%,1.13,0.79,1.37,1.58,28.98%,13.32%,7.62%,Jul 30/b,169.33,0.00%,0
AAWAY,-,-,-,-,-,-,-,-,-,-,-,-,-,17.54,0.00%,0
AAWF,854.54M,7.50%,-,-,-,-,-,-,-,-,-,-,-,9.91,0.00%,0
AAWI,6.84B,0.86%,16.30%,36.62%,21.97%,1.52,1.06,0.62,0.66,40.30%,19.31%,18.60%,Jul 28/b,161.88,0.00%,50
AAWK,26.83B,2.61%,3.21%,10.10%,4.38%,0.52,0.49,1.21,1.38,43.79%,37.11%,21.35%,Jul 29/a,135.00,0.77%,4
AAWP,339.41M,13.09%,-,-,-,-,-,-,-,-,-,-,-,11.00,0.00%,0
AAWR,3.36B,2.46%,5.30%,13.62%,7.26%,0.98,0.90,0.75,0.82,50.92%,31.85%,20.45%,Aug 05/a,84.85,0.00%,0
AAWRE,25.96M,-,-25.20%,-35.04%,-35.89%,3.73,3.73,0.15,0.18,89.31%,-54.23%,-51.92%,Jul 29/a,1.19,0.00%,0
AAWX,10.10M,-,1.36%,3.19%,1.68%,1.02,0.92,0.87,0.90,16.12%,3.55%,1.39%,-,2.59,0.00%,0
AAX,5.11B,-,1.78%,16.77%,12.34%,0.37,-,0.26,0.42,-,29.52%,22.39%,Jul 30/a,90.03,-0.66%,"4,155"
AAXG,343.77M,-,-41.96%,-88.44%,-50.14%,1.55,1.55,0.05,0.31,20.43%,-46.35%,-46.95%,-,1.78,-0.55%,500
AAXGN,2.69B,-,-13.15%,-18.21%,-12.23%,6.60,5.04,0.07,0.08,74.56%,-5.12%,-13.36%,Jul 29/b,45.80,-0.28%,"7,007"
AAXIL,42.78M,-,17.51%,23.67%,20.21%,3.19,2.20,0.02,0.03,62.44%,9.65%,8.75%,Aug 18/a,6.27,0.00%,0
AAXIN,281.66M,-,2.87%,3.00%,3.01%,0.46,0.46,0.00,0.00,-,-,-,-,10.33,0.00%,0
AAXON,36.85B,-,2.91%,6.22%,3.62%,2.15,1.80,0.50,0.50,59.41%,1.15%,6.19%,Aug 05/a,453.60,0.34%,393
AAXP,212.21B,1.21%,3.77%,34.15%,12.45%,2.59,2.59,1.66,1.72,59.74%,20.94%,13.45%,Jul 24/b,314.24,0.21%,816
AAXR,121.67M,-,4.10%,4.26%,4.16%,26.02,10.82,0.00,0.00,38.17%,14.82%,14.31%,Sep 11/a,22.85,0.00%,0
AAXS,7.15B,1.81%,3.35%,17.42%,13.82%,0.70,-,0.23,0.23,-,20.45%,15.83%,Jul 28/a,97.97,0.00%,0
AAXSM,10.31B,-,-27.35%,-245.10%,-82.65%,1.43,1.34,1.78,2.70,91.96%,-23.55%,-24.68%,Aug 10/b,196.87,-4.19%,24
AAXTA,6.86B,-,4.51%,14.58%,6.88%,1.53,1.12,1.01,1.22,32.16%,14.12%,6.78%,Jul 28/b,32.06,0.63%,"4,882"
AAXTC,-,-,-,-,-,-,-,-,-,-,-,-,-,22.32,0.00%,0
AAXTI,5.11B,-,0.57%,0.76%,0.45%,4.77,4.00,0.02,0.11,32.18%,3.09%,3.09%,Jul 30/a,77.93,-2.50%,"293,249"
AAXTL,-,-,-,-,-,-,-,-,-,-,-,-,-,3.48,-4.40%,"51,035"
AAXTQ,-,-,-,-,-,-,-,-,-,-,-,-,-,24.57,5.45%,"31,044"
AAXTU,-,-,-,-,-,-,-,-,-,-,-,-,-,46.97,-7.36%,"3,800"
AAXTX,-,-,-,-,-,-,-,-,-,-,-,-,-,35.80,-4.89%,"21,509"
AAYA,4.03B,-,17.78%,25.70%,20.61%,2.02,1.70,0.12,0.18,61.36%,53.03%,32.79%,-,28.00,-2.37%,40
AAYI,9.16B,0.23%,10.18%,17.38%,13.02%,2.05,1.47,0.27,0.28,47.11%,14.67%,10.25%,Oct 01/b,306.03,-0.14%,"1,446"
AAYTU,22.81M,-,-28.93%,-97.42%,-74.66%,1.12,1.00,0.30,0.65,60.09%,-12.19%,-60.17%,Sep 22/a,2.12,0.00%,0
AAZ,256.67M,-,-,-,-49.47%,7.52,6.56,0.04,0.07,17.86%,-268.48%,-229.06%,Aug 12/a,5.83,0.00%,0
AAZI,80.28M,-,-112.19%,-,-,1.16,0.98,-,-,1.42%,-46.93%,-51.82%,May 29/b,1.21,3.42%,"1,599"
AAZIO,22.52M,-,-159.61%,-5847.81%,-,0.15,0.15,-,-,-130.01%,-286.09%,-331.80%,-,1.31,-1.60%,"2,587"
AAZN,260.89B,1.98%,9.15%,21.99%,13.69%,0.89,0.67,0.52,0.64,73.93%,22.38%,17.02%,Jul 27/b,168.22,0.07%,"1,827"
AAZO,45.87B,-,12.54%,-,26.06%,0.89,0.14,-,-,51.75%,18.02%,12.40%,Sep 22/b,2810.00,0.24%,248
AAZTA,1.48B,-,-5.75%,-7.04%,-7.86%,2.50,2.21,0.04,0.04,44.05%,-2.57%,-20.02%,Aug 04/a,33.79,0.12%,143
AAZTD,-,0.96%,-,-,-,-,-,-,-,-,-,-,-,31.06,0.00%,0
AAZTR,10.51M,-,-190.69%,-256.67%,-166.18%,4.86,4.86,0.01,0.06,-,-,-,Aug 12/a,0.17,1.40%,"11,243"
AAZUL,1.23B,1.73%,5.80%,-,13.24%,0.42,0.32,-,-,20.99%,13.60%,7.67%,Aug 13/b,6.65,0.00%,0
AAZYY,-,55.77%,-,-,-,-,-,-,-,-,-,-,-,14.33,0.00%,0
AAZZ,4.02B,0.69%,8.99%,15.32%,10.39%,1.92,1.39,0.39,0.39,24.04%,16.23%,11.83%,Jul 08/a,133.63,0.00%,0
BB,69.85B,2.52%,13.10%,25.04%,20.41%,3.01,2.36,0.17,0.17,53.19%,52.17%,31.60%,Aug 10/b,42.44,-0.59%,"46,588"
BBA,159.06B,0.02%,1.52%,173.55%,5.13%,1.14,0.33,6.78,7.52,4.71%,-5.38%,2.22%,Jul 28/b,201.25,0.05%,"12,719"
BBAB,-,4.38%,-,-,-,-,-,-,-,-,-,-,-,25.93,0.00%,1
BBABA,293.63B,0.94%,3.83%,7.07%,5.52%,1.36,1.36,0.22,0.25,37.70%,4.06%,7.00%,Aug 20/b,118.13,2.06%,"326,784"
BBABC,-,-,-,-,-,-,-,-,-,-,-,-,-,25.86,0.00%,0
BBABO,-,93.25%,-,-,-,-,-,-,-,-,-,-,-,7.68,1.62%,228
BBABU,-,1.39%,-,-,-,-,-,-,-,-,-,-,-,10.50,2.52%,"6,078"
BBABW,-,60.32%,-,-,-,-,-,-,-,-,-,-,-,21.55,1.73%,10
BBABX,-,-,-,-,-,-,-,-,-,-,-,-,-,19.70,4.07%,"154,546"
BBAC,405.05B,2.06%,0.97%,11.25%,5.34%,1.03,-,1.10,2.47,-,21.32%,16.53%,Oct 14/b,57.92,-0.06%,"7,185"
BBACC,293.60M,-,2.13%,2.22%,2.20%,0.14,0.14,0.00,0.00,-,-,-,-,10.50,0.00%,0
BBAER,54.71M,-,-4.12%,-32.42%,-4.19%,1.73,1.68,7.64,7.81,36.28%,10.58%,-35.04%,Aug 06/a,0.93,0.00%,0
BBAFE,-,0.27%,-,-,-,-,-,-,-,-,-,-,-,29.94,0.00%,0
BBAFN,244.28M,-,-4.95%,-54.74%,-45.67%,0.16,-,0.16,0.17,-,-94.65%,-79.06%,Aug 13/a,9.06,0.00%,0
BBAGX,-,-,-,-,-,-,-,-,-,-,-,-,-,100.80,0.00%,0
BBAGY,-,47.82%,-,-,-,-,-,-,-,-,-,-,-,24.61,0.00%,0
BBAH,9.31B,3.11%,10.45%,68.11%,14.53%,1.59,1.59,3.42,3.46,20.91%,9.74%,6.96%,Jul 24/b,77.38,0.00%,75
BBAI,-,1.27%,-,-,-,-,-,-,-,-,-,-,-,46.60,-0.70%,890
BBAIG,-,33.75%,-,-,-,-,-,-,-,-,-,-,-,14.09,0.00%,0
BBAIV,-,-,-,-,-,-,-,-,-,-,-,-,-,28.31,0.00%,0
BBAK,298.48M,-,-6.11%,-,-15.10%,0.77,0.42,-,-,9.24%,0.76%,-7.30%,Aug 13/a,1.73,0.00%,0
BBALI,-,7.72%,-,-,-,-,-,-,-,-,-,-,-,34.75,0.00%,0
BBALL,15.81B,1.34%,4.88%,17.26%,7.54%,1.07,0.66,1.18,1.32,15.16%,11.48%,6.55%,Aug 04/b,59.71,0.00%,0
BBALQ,-,7.46%,-,-,-,-,-,-,-,-,-,-,-,57.34,0.00%,0
BBALT,-,-,-,-,-,-,-,-,-,-,-,-,-,34.98,0.00%,0
BBALY,532.96M,-,-8.22%,-119.88%,-10.36%,0.91,0.85,10.44,10.70,40.41%,-0.30%,-25.83%,Aug 14/a,10.56,0.00%,0
BBAM,76.34B,4.24%,15.49%,35.10%,25.55%,1.24,1.24,0.46,0.71,94.81%,61.57%,48.89%,Aug 05/b,46.60,0.82%,"1,451"
BBAMA,-,1.41%,-,-,-,-,-,-,-,-,-,-,-,37.11,0.00%,0
BBAMB,-,3.11%,-,-,-,-,-,-,-,-,-,-,-,25.22,0.00%,0
BBAMD,-,3.39%,-,-,-,-,-,-,-,-,-,-,-,33.56,0.00%,0
BBAMG,-,0.01%,-,-,-,-,-,-,-,-,-,-,-,45.28,0.00%,0
BBAMO,-,1.36%,-,-,-,-,-,-,-,-,-,-,-,34.97,0.00%,0
BBAMU,-,2.92%,-,-,-,-,-,-,-,-,-,-,-,25.20,0.00%,0
BBAMV,-,1.22%,-,-,-,-,-,-,-,-,-,-,-,37.13,0.00%,0
BBAMY,-,7.00%,-,-,-,-,-,-,-,-,-,-,-,27.01,0.00%,0
BBANC,2.90B,2.47%,-0.06%,-0.66%,-0.49%,0.11,-,0.35,0.89,-,-3.06%,-4.02%,Jul 29/b,18.29,0.00%,0
BBAND,1.75B,-,0.21%,0.59%,0.24%,2.01,2.01,1.45,1.47,34.10%,-1.82%,0.27%,Jul 29/b,54.31,0.00%,20
BBANF,3.68B,1.81%,1.73%,13.67%,12.32%,0.47,-,0.04,0.05,-,33.28%,26.23%,Jul 23/a,109.46,0.00%,0
BBANL,11.06M,-,-0.56%,-1.89%,-1.88%,1.25,1.25,0.00,0.01,0.96%,-0.08%,-0.06%,-,5.27,0.00%,0
BBANR,2.55B,2.96%,1.26%,10.78%,9.87%,0.06,-,0.06,0.27,-,28.78%,23.54%,Jul 22/a,69.72,0.00%,0
BBANX,204.20M,9.90%,-,-,-,-,-,-,-,-,-,-,Mar 10,21.08,0.00%,0
BBAOS,9.07M,-,-71.42%,-132.75%,-365.70%,0.75,0.75,0.00,0.22,-26.44%,-1310.33%,-2112.79%,-,0.27,0.00%,"14,124"
BBAP,30.97B,3.94%,2.80%,20.56%,13.11%,0.37,-,0.46,0.95,-,33.73%,23.18%,Aug 14/b,389.97,0.00%,0
BBAPR,-,-,-,-,-,-,-,-,-,-,-,-,-,54.73,0.00%,0
BBAR,-,-,-,-,-,-,-,-,-,-,-,-,-,42.50,-0.63%,701
BBARK,79.04M,-,-14.58%,-36.70%,-29.03%,2.02,0.84,0.41,0.48,61.15%,-7.02%,-8.42%,Aug 06/a,8.75,0.00%,0
BBASG,-,-,-,-,-,-,-,-,-,-,-,-,-,28.38,0.00%,0
BBASV,-,0.37%,-,-,-,-,-,-,-,-,-,-,-,30.84,0.00%,0
BBATL,65.87M,-,-8.57%,-40.33%,-11.10%,2.19,2.19,0.77,0.78,12.72%,-3.19%,-51.40%,Aug 12/a,1.15,0.00%,"113,026"
BBATRA,3.35B,-,-3.75%,-12.38%,-5.99%,0.49,0.49,1.08,1.73,14.00%,-5.40%,-8.56%,Aug 05/b,57.34,0.00%,1
BBATRK,3.35B,-,-3.75%,-12.38%,-5.99%,0.49,0.49,1.08,1.73,14.00%,-5.40%,-8.56%,Aug 05/b,52.22,0.00%,2
BBATT,-,1.73%,-,-,-,-,-,-,-,-,-,-,-,14.83,0.00%,0
BBAUG,-,-,-,-,-,-,-,-,-,-,-,-,-,55.69,0.00%,0
BBAVA,-,-,-,-,-,-,-,-,-,-,-,-,-,30.04,0.00%,0
BBAX,11.74B,0.17%,-4.74%,-14.31%,-6.96%,1.95,1.32,1.29,1.43,31.85%,5.62%,-8.63%,Jul 30/b,22.70,-1.00%,432
BBAY,-,-,-,-,-,-,-,-,-,-,-,-,-,30.66,0.00%,0
BBB,5.01B,-,4.88%,8.10%,6.15%,2.20,2.20,0.29,0.29,75.43%,13.23%,10.31%,Sep 24/b,8.54,0.12%,"70,333"
BBBAG,-,4.48%,-,-,-,-,-,-,-,-,-,-,-,44.62,0.00%,0
BBBAI,1.39B,-,-11.91%,-16.55%,-11.07%,5.67,5.67,0.01,0.03,27.92%,-71.17%,-65.20%,Jul 30/a,2.90,0.00%,"15,967"
BBBAR,2.92B,3.62%,1.19%,7.97%,6.22%,0.38,-,0.19,0.35,-,16.65%,4.24%,Aug 27/a,14.30,0.00%,0
BBBAX,-,3.53%,-,-,-,-,-,-,-,-,-,-,-,63.68,0.00%,0
BBBB,-,0.14%,-,-,-,-,-,-,-,-,-,-,-,32.73,0.00%,0
BBBBI,-,4.97%,-,-,-,-,-,-,-,-,-,-,-,49.76,0.00%,0
BBBBL,-,5.90%,-,-,-,-,-,-,-,-,-,-,-,45.76,0.00%,0
BBBBS,-,4.16%,-,-,-,-,-,-,-,-,-,-,-,50.19,0.00%,0
BBBC,-,1.35%,-,-,-,-,-,-,-,-,-,-,-,48.69,0.00%,0
BBBCA,-,1.70%,-,-,-,-,-,-,-,-,-,-,-,104.24,0.00%,0
BBBCB,-,5.15%,-,-,-,-,-,-,-,-,-,-,-,43.97,0.00%,0
BBBCP,500.91M,1.31%,1.15%,3.58%,1.42%,1.71,1.60,1.49,1.51,35.92%,11.54%,2.03%,Sep 03/a,9.94,0.00%,0
BBBD,20.03B,8.29%,1.06%,13.79%,4.06%,0.69,-,2.25,4.62,-,7.99%,6.15%,Aug 05/a,3.59,1.99%,"43,480"
BBBDC,921.42M,11.82%,3.24%,7.50%,3.43%,3.15,3.15,1.22,1.22,79.00%,64.46%,32.95%,Aug 05/a,8.80,0.00%,1
BBBEM,-,2.69%,-,-,-,-,-,-,-,-,-,-,-,79.17,0.00%,0
BBBEU,-,2.92%,-,-,-,-,-,-,-,-,-,-,-,78.07,0.00%,0
BBBGI,31.07M,-,-25.66%,-115.84%,-50.93%,1.23,1.23,4.37,4.55,3.55%,-4.82%,-55.68%,Aug 12/a,16.77,0.00%,0
BBBH,-,0.40%,-,-,-,-,-,-,-,-,-,-,-,237.72,0.00%,1
BBBHL,-,-,-,-,-,-,-,-,-,-,-,-,-,17.28,0.00%,0
BBBHM,-,-,-,-,-,-,-,-,-,-,-,-,-,11.51,0.00%,0
BBBHY,-,7.13%,-,-,-,-,-,-,-,-,-,-,-,45.20,0.00%,0
BBBIB,-,4.03%,-,-,-,-,-,-,-,-,-,-,-,94.99,0.00%,0
BBBIN,-,3.59%,-,-,-,-,-,-,-,-,-,-,-,79.93,0.00%,0
BBBIO,13.02B,-,-60.23%,-,-225.61%,1.23,1.17,-,-,94.12%,-67.01%,-97.03%,Aug 10/a,66.58,0.00%,501
BBBJP,-,4.48%,-,-,-,-,-,-,-,-,-,-,-,78.99,0.00%,0
BBBLB,-,5.03%,-,-,-,-,-,-,-,-,-,-,-,77.22,0.00%,0
BBBLG,1.28M,-,-50.55%,-54.96%,-73.66%,8.67,8.67,0.00,0.00,-,-,-,Sep 02,0.47,-1.91%,"1,466"
BBBLS,-,-,-,-,-,-,-,-,-,-,-,-,-,24.42,0.00%,0
BBBLU,-,1.09%,-,-,-,-,-,-,-,-,-,-,-,17.51,0.00%,0
BBBMC,-,1.14%,-,-,-,-,-,-,-,-,-,-,-,123.25,0.00%,0
BBBN,923.80M,7.95%,-,-,-,-,-,-,-,-,-,-,-,14.95,0.00%,1
BBBNX,1.19B,-,-23.45%,-26.16%,-27.93%,8.88,7.96,0.02,0.03,58.31%,-69.75%,-61.32%,Jul 29/a,22.05,0.05%,"5,611"
BBBOT,373.61M,-,-63.44%,-71.09%,-56.02%,4.69,4.69,0.01,0.01,-,-,-,Aug 11/a,4.66,0.00%,0
BBBP,-,-,-,-,-,-,-,-,-,-,-,-,-,105.21,0.00%,0
BBBRE,-,2.75%,-,-,-,-,-,-,-,-,-,-,-,103.22,0.00%,0
BBBSB,-,3.80%,-,-,-,-,-,-,-,-,-,-,-,97.29,0.00%,0
BBBSC,-,1.04%,-,-,-,-,-,-,-,-,-,-,-,87.34,0.00%,0
BBBSI,796.37M,0.97%,4.92%,16.33%,15.87%,1.14,1.14,0.08,0.12,19.30%,4.13%,2.77%,Aug 05/a,32.86,0.00%,0
BBBT,2.41B,4.49%,0.66%,6.05%,3.24%,0.13,-,0.38,0.39,-,19.14%,9.49%,Jul 29/a,28.75,0.00%,0
BBBUC,5.29B,0.97%,-1.30%,-23.52%,-1.27%,1.44,1.22,8.01,8.41,17.68%,13.30%,-3.81%,Jul 31/b,25.73,0.00%,0
BBBUL,-,-,-,-,-,-,-,-,-,-,-,-,-,12.48,-0.37%,"1,072"
BBBUS,-,0.97%,-,-,-,-,-,-,-,-,-,-,-,140.07,0.00%,0
BBBVA,159.18B,4.12%,1.26%,18.97%,5.37%,0.28,-,2.52,3.44,-,31.32%,14.80%,Jul 30/b,28.92,0.03%,126
BBBW,304.90M,3.72%,15.81%,32.81%,20.12%,1.60,0.55,0.61,0.79,56.15%,12.34%,9.96%,Aug 27/b,24.75,0.00%,0
BBBWI,3.43B,4.76%,15.67%,-,24.10%,1.20,0.68,-,-,43.05%,14.87%,10.83%,Aug 26/b,16.99,0.47%,309
BBBY,19.61B,4.14%,8.11%,43.13%,19.01%,1.12,0.41,1.10,1.30,22.66%,4.34%,3.01%,Aug 27/b,93.50,0.30%,177
BBBYY,-,125.59%,-,-,-,-,-,-,-,-,-,-,-,8.88,0.00%,0
BBC,4.28B,2.67%,-1.53%,-4.83%,-2.34%,1.45,0.65,1.19,1.36,24.73%,5.88%,-1.53%,Jul 30/b,66.00,0.00%,0
BBCACU,-,-,-,-,-,-,-,-,-,-,-,-,-,-,-,0
BBCAL,691.56M,1.98%,1.51%,10.61%,10.02%,0.13,-,0.02,0.09,-,36.87%,26.03%,Jul 27/b,21.51,0.00%,0
BBCAT,1.50B,21.96%,-,-,-,-,-,-,-,-,-,-,-,14.18,0.28%,81
BBCAX,1.46B,-,-38.38%,-41.01%,-39.54%,11.59,11.59,0.00,0.00,-,-,-,Aug 11/b,22.01,0.00%,0
BBCBP,253.19M,1.84%,-0.54%,-5.81%,-3.76%,0.42,-,0.61,0.61,-,-11.44%,-12.12%,Aug 03/b,8.70,0.00%,0
BBCC,2.64B,1.18%,3.09%,5.06%,4.12%,2.71,1.31,0.26,0.27,13.95%,2.54%,1.64%,Aug 03/a,75.66,0.00%,0
BBCCC,-,41.70%,-,-,-,-,-,-,-,-,-,-,-,13.80,0.95%,27
BBCCQ,457.70M,-,-,-,-,0.04,0.04,-,-,-,-,-,-,9.95,-0.30%,2
BBCD,-,13.66%,-,-,-,-,-,-,-,-,-,-,-,39.02,0.00%,0
BBCDA,15.15M,-,-214.47%,-1803.19%,-271.81%,2.09,2.09,0.00,0.11,-,-,-,Aug 12/a,1.00,-7.33%,"11,545"
BBCDF,-,2.32%,-,-,-,-,-,-,-,-,-,-,-,32.93,0.00%,0
BBCE,20.67B,5.64%,8.52%,30.98%,10.76%,0.65,0.60,1.57,1.75,30.77%,21.57%,25.34%,Aug 06/b,22.17,0.82%,15
BBCEM,-,-,-,-,-,-,-,-,-,-,-,-,-,27.52,0.00%,0
BBCFN,-,-,-,-,-,-,-,-,-,-,-,-,-,22.40,0.00%,0
BBCG,21.15M,-,5.99%,22.41%,9.40%,0.97,0.97,1.13,1.23,20.80%,3.56%,1.35%,-,1.24,0.00%,0
BBCGD,-,-,-,-,-,-,-,-,-,-,-,-,-,26.46,0.00%,0
BBCGS,-,0.44%,-,-,-,-,-,-,-,-,-,-,-,27.31,0.00%,0
BBCH,21.02B,5.33%,2.27%,21.80%,7.68%,0.38,-,1.79,2.45,-,33.17%,26.25%,Jul 30/b,41.62,0.00%,0
BBCHP,-,-,-,-,-,-,-,-,-,-,-,-,-,37.99,0.00%,0
BBCHT,45.77M,-,-29.78%,-134.41%,-50.01%,1.42,1.38,0.02,0.03,38.53%,-16.81%,-21.73%,Aug 13/a,1.74,0.00%,0
BBCI,-,12.09%,-,-,-,-,-,-,-,-,-,-,-,26.63,1.33%,5
BBCIC,88.05M,16.00%,-0.88%,-2.30%,-0.86%,1.45,1.45,1.56,1.56,78.46%,40.18%,-7.72%,Aug 06/a,7.11,0.00%,0
BBCIL,-,0.75%,-,-,-,-,-,-,-,-,-,-,-,29.38,0.00%,0
BBCKT,-,25.48%,-,-,-,-,-,-,-,-,-,-,-,39.22,0.00%,0
BBCLO,-,6.43%,-,-,-,-,-,-,-,-,-,-,-,49.79,0.00%,0
BBCML,323.02M,4.06%,0.50%,3.93%,3.69%,0.11,-,0.06,0.14,-,14.01%,9.20%,Jul 23/a,29.58,-0.51%,1
BBCO,4.41B,0.99%,2.51%,64.13%,4.00%,1.62,1.62,13.55,14.67,26.43%,10.38%,3.30%,Aug 05/b,107.05,0.00%,0
BBCOR,-,2.75%,-,-,-,-,-,-,-,-,-,-,-,29.12,0.00%,0
BBCPC,5.33B,0.70%,9.77%,12.79%,11.22%,2.66,1.56,0.13,0.13,36.29%,21.25%,15.14%,Jul 31/b,167.34,0.00%,0
BBCPL,-,2.78%,-,-,-,-,-,-,-,-,-,-,-,24.17,0.00%,0
BBCRX,2.24B,-,-75.79%,-,-114.64%,2.32,2.29,-,-,97.53%,40.89%,-40.90%,Aug 05/b,8.77,0.13%,774
BBCS,84.09B,3.26%,0.41%,10.59%,2.92%,5.97,-,2.59,3.05,-,33.77%,22.27%,Jul 28/b,25.11,-0.75%,"2,334"
BBCSF,730.42M,14.92%,2.37%,5.76%,2.48%,7.30,7.30,1.39,1.39,75.96%,66.66%,28.56%,Aug 10/a,11.26,0.45%,99
BBCSM,-,-,-,-,-,-,-,-,-,-,-,-,-,24.64,0.00%,0
BBCSS,598.02M,-,5.18%,5.37%,2.68%,1.36,1.36,0.00,0.00,-,-,-,-,10.24,0.00%,0
BBCTK,-,-,-,-,-,-,-,-,-,-,-,-,-,31.13,0.00%,0
BBCTX,36.11M,-,-139.20%,-168.21%,-127.51%,7.07,7.07,0.00,0.00,-,-,-,Jun 10/b,4.15,0.00%,0
BBCUS,-,0.29%,-,-,-,-,-,-,-,-,-,-,-,34.47,0.00%,0
BBCV,135.68M,6.06%,-,-,-,-,-,-,-,-,-,-,-,24.11,0.00%,0
BBCX,935.44M,6.85%,-,-,-,-,-,-,-,-,-,-,-,12.27,0.00%,0
BBCYC,182.88M,-,-26.41%,-32.23%,-36.23%,12.08,12.08,0.03,0.03,91.36%,-387.53%,-311.16%,Jul 30/b,3.63,0.00%,0
BBD,-,0.93%,-,-,-,-,-,-,-,-,-,-,-,24.31,0.00%,0
BBDBT,-,4.01%,-,-,-,-,-,-,-,-,-,-,-,24.52,0.00%,0
BBDC,4.30B,0.18%,7.01%,18.64%,9.01%,2.14,1.49,0.96,0.97,35.82%,12.67%,8.52%,Jul 30/b,110.00,-0.50%,165
BBDCI,352.68M,-,-,-,-,8.73,8.73,-,-,-,-,-,-,10.15,0.00%,0
BBDCX,-,20.04%,-,-,-,-,-,-,-,-,-,-,-,20.40,0.00%,0
BBDCZ,-,11.48%,-,-,-,-,-,-,-,-,-,-,-,15.25,0.00%,0
BBDEC,-,-,-,-,-,-,-,-,-,-,-,-,-,55.08,0.00%,0
BBDGS,-,0.50%,-,-,-,-,-,-,-,-,-,-,-,38.10,0.00%,0
BBDIV,-,1.06%,-,-,-,-,-,-,-,-,-,-,-,24.52,0.00%,0
BBDJ,1.70B,7.74%,-,-,-,-,-,-,-,-,-,-,-,9.59,0.00%,0
BBDL,76.69M,1.45%,4.45%,9.90%,5.40%,2.04,1.68,0.76,0.83,20.44%,4.70%,3.09%,-,41.26,0.00%,0
BBDMD,37.27M,-,-21.18%,-45.40%,-45.93%,1.29,1.26,0.00,0.41,85.63%,-58.52%,-65.20%,Sep 03/b,0.88,5.01%,100
BBDN,513.02M,10.92%,-4.15%,-18.29%,-4.30%,4.40,4.40,3.83,3.83,23.32%,15.93%,-28.83%,Jul 22/a,2.93,0.00%,0
BBDRX,0.72M,-,-31.88%,-41.72%,-46.48%,2.41,2.41,0.00,0.00,-,-,-,Sep 11/a,0.70,2.31%,"4,290"
BBDRY,-,-,-,-,-,-,-,-,-,-,-,-,-,16.08,0.00%,0
BBDSX,299.97M,-,-30.33%,-540.01%,-35.00%,2.85,2.77,7.68,7.86,82.50%,-19.99%,-26.97%,Aug 05/a,28.43,0.00%,0
BBDTX,112.03M,-,-29.21%,-37.21%,-38.97%,7.28,7.28,0.14,0.18,-,-,-,Aug 05/a,1.95,0.00%,0
BBDVG,-,1.42%,-,-,-,-,-,-,-,-,-,-,-,15.01,0.00%,0
BBDVL,-,-,-,-,-,-,-,-,-,-,-,-,-,26.54,0.00%,0
BBDX,49.22B,2.21%,2.44%,5.17%,2.48%,0.87,0.51,0.55,0.69,46.44%,14.54%,4.52%,Aug 06/b,180.70,0.00%,0
BBDYN,-,0.31%,-,-,-,-,-,-,-,-,-,-,-,28.32,0.00%,0
BBE,80.54B,-,6.00%,22.20%,5.65%,4.03,3.32,1.69,1.74,31.22%,11.21%,7.87%,Jul 28/a,273.44,0.20%,"137,722"
BBEAG,341.37M,-,2.94%,3.05%,3.00%,0.29,0.29,0.00,0.00,-,-,-,-,10.90,0.00%,0
BBEAM,2.61B,-,-6.15%,-8.08%,-6.57%,14.57,14.57,0.22,0.23,85.74%,-242.27%,-54.75%,Aug 04/b,25.28,0.08%,"2,510"
BBEAT,24.27M,-,-244.27%,-328.44%,-248.21%,3.66,3.61,0.00,0.00,-,-,-,Aug 13/a,0.43,-0.09%,"4,840"
BBEBE,200.60M,-,-,-,1.69%,2.60,2.60,0.00,0.00,-,-,-,-,10.04,0.00%,0
BBEC,-,-,-,-,-,-,-,-,-,-,-,-,-,17.96,0.00%,0
BBEDY,-,5.28%,-,-,-,-,-,-,-,-,-,-,-,29.27,0.00%,0
BBEEM,32.82M,-,-40.37%,-72.69%,-79.01%,1.46,0.67,0.07,0.09,9.42%,-64.95%,-64.60%,Aug 19/a,1.45,8.21%,"5,624"
BBEEP,117.29M,-,-6.10%,-16.08%,-7.66%,0.40,0.40,1.35,1.52,34.74%,6.66%,-69.65%,Aug 11/a,2.84,0.00%,0
BBEEX,-,0.32%,-,-,-,-,-,-,-,-,-,-,-,27.60,0.00%,0
BBEEZ,-,0.53%,-,-,-,-,-,-,-,-,-,-,-,34.27,0.00%,0
BBEG,-,-,-,-,-,-,-,-,-,-,-,-,-,50.42,-0.34%,"6,001"
BBEGS,-,55.18%,-,-,-,-,-,-,-,-,-,-,-,19.90,0.00%,0
BBEKE,17.26B,2.51%,4.04%,7.11%,6.57%,1.69,1.61,0.08,0.22,24.04%,5.56%,5.39%,Aug 21/b,16.35,-1.33%,"75,794"
BBELFA,3.42B,0.18%,4.85%,8.17%,5.74%,4.48,3.20,0.03,0.04,39.52%,16.48%,6.75%,Jul 29/a,197.66,0.00%,0
BBELFB,3.42B,0.11%,4.85%,8.17%,5.74%,4.48,3.20,0.03,0.04,39.52%,16.48%,6.75%,Jul 29/a,243.46,0.00%,0
BBEMB,-,6.14%,-,-,-,-,-,-,-,-,-,-,-,52.13,0.00%,0
BBEMD,-,-,-,-,-,-,-,-,-,-,-,-,-,24.66,0.00%,0
BBEN,17.09B,4.23%,2.21%,6.34%,2.67%,1.48,1.48,1.42,1.42,73.05%,15.21%,8.11%,Jul 31/b,33.64,0.00%,10
BBENF,8.25M,-,-3.09%,-,-,0.12,0.12,-,-,-28.11%,-10018.13%,-1844.40%,Aug 14/b,0.53,-4.24%,"143,290"
BBENJ,-,-,-,-,-,-,-,-,-,-,-,-,-,53.22,0.00%,0
BBEP,8.92B,5.28%,-0.11%,-2.61%,-0.31%,0.80,0.79,7.01,8.43,16.64%,12.53%,-2.16%,Jul 31/b,29.72,0.00%,0
BBEPC,5.56B,4.69%,-8.19%,-473.82%,-35.18%,0.40,0.40,-,-,25.53%,21.56%,-102.02%,Jul 31,29.95,0.00%,0
BBERZ,-,-,-,-,-,-,-,-,-,-,-,-,-,15.90,0.00%,113
BBESF,-,5.86%,-,-,-,-,-,-,-,-,-,-,-,39.14,0.00%,0
BBESO,-,-,-,-,-,-,-,-,-,-,-,-,-,37.19,0.00%,0
BBESS,19.87M,-,-17.61%,-20.21%,-16.23%,2.94,2.93,0.01,0.01,60.90%,-68.93%,-68.55%,Aug 17/b,2.80,0.00%,0
BBETA,5.19B,-,-,-,-47.38%,14.47,14.47,0.12,0.13,12.95%,-1129.31%,-2343.89%,Aug 12/b,22.18,0.50%,62
BBETE,-,33.64%,-,-,-,-,-,-,-,-,-,-,-,42.61,0.00%,0
BBETH,-,23.57%,-,-,-,-,-,-,-,-,-,-,-,48.16,0.00%,0
BBETR,236.11M,-,-11.56%,-224.02%,-70.10%,0.30,0.30,3.43,11.36,85.28%,-52.35%,-83.29%,Aug 06/a,12.42,0.00%,0
BBETZ,-,5.28%,-,-,-,-,-,-,-,-,-,-,-,18.15,0.00%,0
BBEX,-,-,-,-,-,-,-,-,-,-,-,-,-,36.50,0.83%,"62,439"
BBEZ,-,-,-,-,-,-,-,-,-,-,-,-,-,5.63,-0.53%,"105,507"
BBF-A,12.10B,3.55%,9.01%,18.12%,11.91%,3.26,1.14,0.52,0.62,60.84%,28.53%,18.33%,Sep 02/b,26.73,0.00%,0
BBF-B,12.21B,3.60%,9.01%,18.12%,11.91%,3.26,1.14,0.52,0.62,60.84%,28.53%,18.33%,Sep 02/b,26.40,0.96%,1
BBFAM,3.08B,-,4.54%,14.94%,6.55%,0.48,0.48,1.83,2.18,23.74%,10.91%,5.78%,Jul 30/a,63.28,0.00%,0
BBFAP,-,1.54%,-,-,-,-,-,-,-,-,-,-,-,16.25,0.00%,0
BBFC,1.68B,1.50%,1.56%,11.27%,8.97%,0.18,-,0.10,0.13,-,33.88%,27.88%,Jul 24/b,151.56,0.01%,15
BBFEB,-,-,-,-,-,-,-,-,-,-,-,-,-,54.36,0.00%,0
BBFEW,-,-,-,-,-,-,-,-,-,-,-,-,-,21.59,0.00%,0
BBFH,4.15B,0.86%,2.57%,17.39%,8.54%,1.44,-,0.98,0.98,-,14.37%,11.86%,Jul 23/b,108.00,0.00%,0
BBFIX,-,3.56%,-,-,-,-,-,-,-,-,-,-,-,24.75,0.00%,0
BBFJA,-,-,-,-,-,-,-,-,-,-,-,-,-,19.65,0.00%,0
BBFJL,-,0.77%,-,-,-,-,-,-,-,-,-,-,-,19.17,0.00%,0
BBFLB,-,-,-,-,-,-,-,-,-,-,-,-,-,55.84,0.00%,0
BBFLX,-,-,-,-,-,-,-,-,-,-,-,-,-,25.99,0.00%,0
BBFLY,2.22B,-,-25.11%,-35.46%,-36.39%,4.06,3.02,0.09,0.10,52.64%,-60.03%,-66.74%,Jul 30/b,8.19,0.64%,"1,031"
BBFOC,-,-,-,-,-,-,-,-,-,-,-,-,-,17.21,0.00%,0
BBFOR,-,0.53%,-,-,-,-,-,-,-,-,-,-,-,23.35,0.00%,0
BBFRG,9.27M,-,-113.54%,-130.71%,-85.82%,10.57,10.57,0.00,0.01,40.34%,-2042.19%,-2006.87%,Sep 02,0.50,1.44%,1
BBFRI,17.23M,-,-28.80%,-988.35%,-49.01%,1.18,1.08,1.18,1.26,89.47%,-2.97%,-13.78%,Aug 13/b,1.16,0.00%,0
BBFRZ,-,0.26%,-,-,-,-,-,-,-,-,-,-,-,27.23,0.00%,0
BBFS,747.20M,7.81%,1.62%,11.28%,1.88%,0.91,0.91,5.25,5.42,49.98%,40.29%,7.79%,Aug 06/a,30.23,0.00%,0
BBFST,999.28M,1.99%,1.10%,10.01%,6.99%,0.26,-,0.32,0.61,-,22.29%,16.32%,Jul 23/a,30.70,0.00%,0
BBFXU,-,-,-,-,-,-,-,-,-,-,-,-,-,24.01,0.00%,0
BBG,21.67B,2.55%,2.59%,7.53%,3.81%,1.57,0.63,0.66,1.06,4.87%,2.19%,1.10%,Jul 29/b,112.80,0.17%,85
BBGB,504.42M,8.24%,-,-,-,-,-,-,-,-,-,-,-,11.29,0.00%,0
BBGC,5.92B,0.64%,3.74%,19.54%,6.44%,1.94,1.94,1.79,1.81,93.25%,9.03%,5.80%,Jul 30/b,12.45,0.00%,0
BBGCG,-,-,-,-,-,-,-,-,-,-,-,-,-,27.52,0.00%,0
BBGDE,35.34M,-,-39.28%,-1076.32%,-166.45%,0.71,0.71,0.07,2.61,19.00%,-96.38%,-80.68%,Aug 12/a,6.24,-2.04%,23
BBGDV,-,0.98%,-,-,-,-,-,-,-,-,-,-,-,30.64,0.00%,0
BBGEG,-,-,-,-,-,-,-,-,-,-,-,-,-,24.03,0.00%,0
BBGFI,-,-,-,-,-,-,-,-,-,-,-,-,-,24.78,0.00%,0
BBGGG,-,-,-,-,-,-,-,-,-,-,-,-,-,35.46,0.00%,0
BBGH,273.32M,10.76%,-,-,-,-,-,-,-,-,-,-,-,13.61,0.00%,0
BBGIA,-,-,-,-,-,-,-,-,-,-,-,-,-,25.47,0.00%,0
BBGIG,-,1.71%,-,-,-,-,-,-,-,-,-,-,-,36.10,0.00%,1
BBGIN,213.83M,-,-,-,-324.03%,1.68,1.47,0.00,0.00,-112.16%,-163.28%,-262.42%,Apr 24/a,1.89,0.00%,0
BBGL,10.39M,-,-,-,-,-,-,-,-,-,-,-,-,0.24,-0.54%,"1,767"
BBGLC,4.40M,-,-28.38%,-33.66%,-32.54%,6.08,5.28,0.02,0.03,10.73%,-87.18%,-82.36%,-,1.50,0.00%,0
BBGLD,-,45.11%,-,-,-,-,-,-,-,-,-,-,-,16.81,0.00%,0
BBGM,107.68M,-,-6.58%,-7.30%,-5.32%,1.25,0.65,0.00,0.00,12.81%,-23.42%,-44.22%,-,0.26,0.00%,0
BBGMS,6.28M,-,-215.98%,-245.28%,-184.83%,8.63,7.22,0.00,0.00,19.29%,-147.13%,-715.48%,May 14/a,0.95,-0.05%,69
BBGR,439.12M,6.75%,-,-,-,-,-,-,-,-,-,-,-,17.25,0.00%,11
BBGRN,-,4.41%,-,-,-,-,-,-,-,-,-,-,-,46.28,0.00%,0
BBGRO,-,0.03%,-,-,-,-,-,-,-,-,-,-,-,44.56,0.00%,0
BBGS,236.51M,16.15%,-2.25%,-15.80%,-2.90%,1.62,1.09,5.18,6.52,21.00%,11.28%,-4.00%,Aug 11/a,2.91,-0.68%,232
BBGSF,53.72M,-,-6.48%,-10.56%,-11.82%,5.11,5.11,0.00,0.01,34.08%,-6.40%,-5.94%,Aug 05/a,5.03,0.00%,0
BBGSI,2.22B,0.56%,0.27%,0.70%,0.25%,0.58,0.45,1.07,1.17,38.39%,4.53%,0.25%,Aug 12/b,79.82,0.00%,0
BBGT,320.62M,13.40%,-,-,-,-,-,-,-,-,-,-,-,10.75,0.00%,0
BBGUS,-,-,-,-,-,-,-,-,-,-,-,-,-,27.22,0.00%,0
BBGX,135.98M,9.11%,-,-,-,-,-,-,-,-,-,-,-,10.70,0.00%,0
BBGY,530.09M,8.82%,-,-,-,-,-,-,-,-,-,-,-,5.85,0.00%,0
BBH,1.09B,-,-3.10%,-5.25%,-3.45%,2.45,2.42,0.58,0.66,29.01%,5.17%,-7.33%,-,343.13,0.00%,0
BBHAV,140.82M,-,-,-,-,3.65,3.65,0.00,0.00,-,-,-,-,10.02,0.00%,0
BBHB,675.34M,3.33%,1.12%,9.70%,7.21%,0.04,-,0.25,0.51,-,23.34%,18.46%,Jul 21/b,40.28,0.00%,0
BBHC,2.09B,-,-4.22%,-,-6.06%,1.44,1.08,-,-,63.02%,25.17%,-10.12%,Jul 29/a,5.58,-1.06%,63
BBHDG,-,-,-,-,-,-,-,-,-,-,-,-,-,20.66,0.00%,0
BBHE,2.77B,0.88%,2.50%,4.78%,3.82%,1.99,1.31,0.25,0.26,10.23%,4.29%,1.89%,Jul 29/a,77.16,0.00%,0
BBHF,2.87B,-,0.34%,13.60%,8.56%,5.24,-,0.48,0.48,-,16.94%,10.96%,Aug 05/a,49.84,0.00%,0
BBHK,613.18M,10.60%,-,-,-,-,-,-,-,-,-,-,-,8.49,0.00%,0
BBHM,94.49M,6.07%,0.20%,0.81%,0.32%,8.64,8.64,1.49,1.54,-12.67%,-30.39%,-18.30%,-,8.24,0.00%,0
BBHP,218.82B,3.38%,8.56%,20.00%,13.08%,1.88,1.48,0.48,0.53,39.13%,39.13%,16.73%,Aug 17/a,86.10,0.01%,"28,799"
BBHR,124.31M,5.52%,-0.17%,-0.56%,-0.27%,1.48,1.47,1.52,1.74,13.46%,6.11%,-7.22%,Aug 05/a,1.81,0.00%,0
BBHRB,1.40B,3.19%,1.02%,9.79%,7.01%,0.04,-,0.15,0.59,-,23.81%,18.68%,Jul 23/a,69.43,-0.17%,1
BBHST,36.72M,-,-30.60%,-142.50%,-33.66%,2.24,1.75,0.66,0.89,58.95%,-17.99%,-31.21%,Aug 11/b,1.62,0.00%,0
BBHV,20.31M,4.41%,-,-,-,-,-,-,-,-,-,-,-,12.79,0.00%,0
BBHVN,2.15B,-,-127.41%,-799.46%,-192.67%,4.73,4.73,23.93,24.31,-,-,-,Aug 10/a,14.22,0.00%,0
BBHYB,-,6.31%,-,-,-,-,-,-,-,-,-,-,-,53.44,0.00%,0
BBHYP,-,-,-,-,-,-,-,-,-,-,-,-,-,53.24,1.35%,"20,995"
BBIAF,8.64M,-,-245.51%,-1860.15%,-307.49%,1.44,1.41,0.31,0.38,27.61%,-209.82%,-257.33%,Aug 07/b,7.41,-3.80%,"2,551"
BBIB,-,0.28%,-,-,-,-,-,-,-,-,-,-,-,113.47,0.00%,0
BBIBL,-,0.94%,-,-,-,-,-,-,-,-,-,-,-,54.73,0.00%,0
BBID,190.87M,-,-,-,-,1.24,1.24,0.00,0.00,-,-,-,-,9.90,0.00%,0
BBIDD,-,2.17%,-,-,-,-,-,-,-,-,-,-,-,30.99,0.00%,0
BBIDG,-,-,-,-,-,-,-,-,-,-,-,-,-,6.84,0.00%,0
BBIDU,25.42B,1.93%,-0.92%,-1.56%,-1.18%,2.33,2.16,0.29,0.42,40.84%,6.96%,-3.35%,Aug 18/b,92.02,-0.21%,"71,132"
BBIGY,-,11.91%,-,-,-,-,-,-,-,-,-,-,-,52.94,0.00%,0
BBIIB,32.03B,-,2.76%,4.58%,3.16%,1.87,1.26,0.40,0.44,64.29%,19.50%,8.64%,Jul 29/b,216.81,-1.03%,364
BBIII,231.15M,-,-,-,1.10%,0.93,0.93,0.00,0.00,-,-,-,-,10.05,0.00%,0
BBIL,-,3.71%,-,-,-,-,-,-,-,-,-,-,-,91.57,0.00%,"180,011"
BBILD,-,5.06%,-,-,-,-,-,-,-,-,-,-,-,28.40,0.00%,0
BBILI,5.14B,-,3.75%,10.12%,7.21%,1.32,1.32,0.29,0.60,37.01%,4.44%,4.87%,Aug 27/b,15.17,-0.07%,"29,116"
BBILL,4.01B,-,-0.11%,-0.30%,-0.21%,1.51,1.51,0.50,0.54,76.87%,1.06%,-0.68%,Aug 19/a,47.06,0.00%,0
BBILS,-,3.81%,-,-,-,-,-,-,-,-,-,-,-,96.21,-3.06%,318
BBILT,-,6.17%,-,-,-,-,-,-,-,-,-,-,-,26.56,0.00%,0
BBILZ,-,3.90%,-,-,-,-,-,-,-,-,-,-,-,100.81,0.00%,0
BBINC,-,5.65%,-,-,-,-,-,-,-,-,-,-,-,51.37,0.06%,851
BBINT,-,1.69%,-,-,-,-,-,-,-,-,-,-,-,33.16,0.00%,0
BBINV,-,2.11%,-,-,-,-,-,-,-,-,-,-,-,44.10,0.00%,0
BBIO,10.13B,-,2.17%,3.11%,2.74%,3.14,2.33,0.13,0.19,51.86%,9.08%,8.59%,Aug 04/a,377.33,0.00%,17
BBIOA,371.38M,-,-26.27%,-28.21%,-25.05%,17.19,17.19,0.01,0.01,97.58%,-1026.28%,-912.25%,Aug 05/a,8.09,0.02%,355
BBIOT,12.77M,-,-99.87%,-,-,0.00,0.00,-,-,-,-,-,-,0.44,0.00%,0
BBIOX,22.70M,-,-8.17%,-34.19%,-44.63%,0.81,0.63,1.76,6.06,38.10%,-1.26%,-19.59%,Sep 14/a,0.36,0.00%,0
BBIOY,-,25.22%,-,-,-,-,-,-,-,-,-,-,-,20.45,0.00%,0
BBIP,23.32B,5.08%,0.28%,6.13%,0.48%,0.89,0.84,12.05,12.99,26.53%,24.75%,1.11%,Jul 30/b,35.83,0.00%,0
BBIPC,4.92B,5.23%,-1.44%,-,-3.29%,0.53,0.53,-,-,62.43%,60.16%,-9.41%,Jul 30/b,36.15,0.00%,0
BBIRD,28.10M,-,-80.26%,-156.38%,-209.40%,3.70,3.70,0.56,0.64,30.88%,-62.63%,-69.42%,Aug 12,2.38,0.41%,257
BBIRK,5.64B,-,6.40%,12.45%,7.34%,3.78,2.09,0.67,0.69,52.96%,24.46%,14.82%,Aug 13/b,31.73,1.24%,"1,729"
BBIS,-,6.83%,-,-,-,-,-,-,-,-,-,-,-,11.53,0.00%,0
BBIT,663.64M,12.79%,-,-,-,-,-,-,-,-,-,-,-,11.63,0.00%,0
BBITA,-,3.06%,-,-,-,-,-,-,-,-,-,-,-,64.68,-0.04%,16
BBITB,-,-,-,-,-,-,-,-,-,-,-,-,-,46.54,-0.89%,927
BBITC,-,3.08%,-,-,-,-,-,-,-,-,-,-,-,39.82,0.00%,0
BBITI,-,32.60%,-,-,-,-,-,-,-,-,-,-,-,17.07,0.35%,"29,524"
BBITO,-,27.77%,-,-,-,-,-,-,-,-,-,-,-,11.55,-0.60%,"109,680"
BBITQ,-,-,-,-,-,-,-,-,-,-,-,-,-,27.85,-1.21%,368
BBITS,-,19.78%,-,-,-,-,-,-,-,-,-,-,-,71.93,0.00%,0
BBITU,-,9.52%,-,-,-,-,-,-,-,-,-,-,-,16.17,-1.16%,"288,406"
BBITW,-,-,-,-,-,-,-,-,-,-,-,-,-,56.77,0.00%,0
BBITX,-,12.64%,-,-,-,-,-,-,-,-,-,-,-,20.93,-0.88%,"526,684"
BBITY,-,30.41%,-,-,-,-,-,-,-,-,-,-,-,29.16,0.00%,0
BBIV,-,4.42%,-,-,-,-,-,-,-,-,-,-,-,74.19,0.00%,3
BBIVI,13.91M,-,-123.27%,-150.76%,-211.13%,3.59,3.59,0.02,0.03,-,-,-,-,1.63,0.00%,0
BBIXI,310.97M,-,-,-,1.59%,12.07,12.07,0.00,0.00,-,-,-,-,10.33,0.00%,0
BBIYA,13.17M,-,-58.15%,-81.28%,-41.51%,5.54,5.54,0.00,0.01,11.54%,-58.12%,-57.85%,-,2.09,-1.89%,"1,588"
BBIZD,-,11.57%,-,-,-,-,-,-,-,-,-,-,-,13.17,0.00%,0
BBJ,11.66B,-,7.81%,27.67%,13.06%,0.73,0.19,1.07,1.26,18.24%,3.94%,2.61%,Aug 21/b,92.31,0.00%,0
BBJAN,-,-,-,-,-,-,-,-,-,-,-,-,-,60.87,0.00%,0
BBJDX,4.06M,-,-81.07%,-98.89%,-77.21%,4.64,4.64,0.00,0.01,-,-,-,Aug 13/b,0.91,-0.23%,900
BBJRI,1.30B,-,4.06%,10.44%,5.19%,0.29,0.22,0.99,1.09,9.72%,3.03%,2.86%,Jul 30/a,61.11,0.00%,0
BBJUL,-,-,-,-,-,-,-,-,-,-,-,-,-,55.83,0.00%,0
BBJUN,-,-,-,-,-,-,-,-,-,-,-,-,-,50.10,0.00%,0
BBKAG,-,4.35%,-,-,-,-,-,-,-,-,-,-,-,40.80,0.00%,0
BBKCG,-,0.58%,-,-,-,-,-,-,-,-,-,-,-,39.85,0.00%,0
BBKCH,-,1.54%,-,-,-,-,-,-,-,-,-,-,-,78.86,-0.62%,37
BBKCI,-,1.36%,-,-,-,-,-,-,-,-,-,-,-,52.60,0.00%,0
BBKD,2.72B,-,-2.30%,-362.06%,-2.60%,1.14,1.14,-,-,10.55%,5.00%,-4.53%,Aug 10/a,11.38,0.00%,0
BBKDV,-,0.52%,-,-,-,-,-,-,-,-,-,-,-,34.39,0.00%,0
BBKE,2.10B,11.69%,20.80%,45.76%,26.65%,2.08,1.39,0.69,0.86,48.95%,22.27%,16.62%,Aug 21/b,40.79,0.00%,0
BBKEM,-,1.85%,-,-,-,-,-,-,-,-,-,-,-,31.33,0.00%,0
BBKF,-,1.58%,-,-,-,-,-,-,-,-,-,-,-,40.27,0.00%,0
BBKFI,-,2.96%,-,-,-,-,-,-,-,-,-,-,-,23.22,0.00%,0
BBKGI,-,3.01%,-,-,-,-,-,-,-,-,-,-,-,43.51,0.00%,0
BBKH,5.49B,3.91%,2.83%,7.89%,3.77%,0.52,0.41,1.01,1.21,26.87%,23.86%,13.00%,Aug 05/a,71.96,0.00%,0
BBKHA,49.34M,-,0.77%,0.83%,1.88%,0.02,0.02,0.00,0.13,-,-,-,-,11.97,0.00%,0
BBKHY,-,7.46%,-,-,-,-,-,-,-,-,-,-,-,46.70,0.00%,0
BBKIE,-,3.12%,-,-,-,-,-,-,-,-,-,-,-,34.16,0.00%,0
BBKKT,413.25M,-,-2.25%,-3.42%,-8.74%,3.14,3.14,0.00,0.00,-5.36%,-10.65%,-2.78%,Aug 10/a,9.17,0.32%,"7,667"
BBKLC,-,1.02%,-,-,-,-,-,-,-,-,-,-,-,49.60,0.00%,0
BBKLG,-,-,-,-,-,-,-,-,-,-,-,-,-,26.21,0.00%,0
BBKLN,-,6.38%,-,-,-,-,-,-,-,-,-,-,-,20.56,0.00%,1
BBKMC,-,1.44%,-,-,-,-,-,-,-,-,-,-,-,39.58,0.00%,0
BBKMI,-,1.90%,-,-,-,-,-,-,-,-,-,-,-,25.24,-0.28%,335
BBKMS,-,1.94%,-,-,-,-,-,-,-,-,-,-,-,25.21,0.00%,0
BBKNG,127.36B,0.90%,23.88%,-,91.13%,1.09,1.09,-,-,97.47%,35.17%,25.53%,Aug 04/a,169.50,0.58%,"2,015"
BBKR,57.45B,1.61%,6.78%,16.47%,8.75%,2.09,1.76,0.78,0.82,23.57%,12.96%,11.17%,Jul 26/a,57.87,0.07%,"2,302"
BBKSE,-,1.25%,-,-,-,-,-,-,-,-,-,-,-,42.69,0.00%,0
BBKSY,949.87M,-,-16.12%,-44.75%,-15.85%,5.83,5.72,0.99,1.05,39.42%,-43.44%,-61.24%,Aug 06/b,23.21,0.17%,987
BBKT,315.14M,10.85%,-,-,-,-,-,-,-,-,-,-,-,9.73,0.00%,0
BBKTI,281.65M,-,20.27%,30.64%,25.83%,4.20,3.15,0.01,0.03,50.99%,17.87%,15.00%,Aug 13/b,74.72,0.00%,0
BBKU,3.16B,2.98%,0.76%,9.01%,7.48%,0.03,-,0.19,0.74,-,19.63%,14.47%,Jul 22/b,44.29,-0.35%,2
BBKUI,-,4.11%,-,-,-,-,-,-,-,-,-,-,-,49.58,0.00%,0
BBKV,2.51B,-,8.24%,13.86%,8.02%,1.15,1.10,0.46,0.54,17.59%,-0.86%,19.32%,Aug 06/b,22.95,0.00%,0
BBKYI,3.55M,-,-38.54%,-62.01%,-78.50%,1.26,1.14,0.02,0.20,81.75%,-47.00%,-50.58%,Aug 13/a,2.47,0.00%,0
BBL,1.65B,-,2.13%,9.53%,3.47%,1.72,1.72,2.17,2.18,75.53%,6.72%,4.75%,Aug 04/a,28.42,-0.53%,5
BBLBD,1.85B,-,32.36%,64.29%,36.85%,1.64,0.67,0.17,0.18,20.57%,11.77%,17.48%,Aug 05/a,58.40,-0.41%,127
BBLCK,-,-,-,-,-,-,-,-,-,-,-,-,-,26.29,0.00%,0
BBLCO,6.00B,-,-1.24%,-2.67%,-1.49%,1.55,1.02,0.80,0.80,56.97%,7.61%,-3.21%,Jul 29/b,16.80,0.00%,0
BBLCR,-,0.32%,-,-,-,-,-,-,-,-,-,-,-,49.79,0.00%,0
BBLCV,-,1.27%,-,-,-,-,-,-,-,-,-,-,-,42.33,0.00%,0
BBLDG,-,5.59%,-,-,-,-,-,-,-,-,-,-,-,25.52,0.00%,0
BBLDP,782.93M,-,-11.20%,-12.92%,-13.41%,11.19,10.36,0.03,0.04,14.74%,-47.54%,-72.78%,Jul 31/b,2.23,0.45%,446
BBLDR,6.30B,-,0.90%,2.51%,1.12%,1.79,1.09,1.28,1.31,29.19%,3.01%,0.71%,Jul 30/b,58.52,0.00%,0
BBLDX,-,1.01%,-,-,-,-,-,-,-,-,-,-,-,25.16,0.00%,0
BBLES,-,1.80%,-,-,-,-,-,-,-,-,-,-,-,48.57,0.00%,0
BBLFS,1.82B,-,12.09%,13.15%,11.00%,9.69,7.14,0.03,0.04,64.76%,2.90%,46.35%,Aug 06/a,37.18,0.00%,0
BBLGR,-,0.31%,-,-,-,-,-,-,-,-,-,-,-,33.16,0.00%,0
BBLIN,10.58M,-,-8.58%,-14.34%,-14.09%,0.61,0.61,0.08,0.11,60.31%,-8.78%,-8.65%,Aug 13/a,0.84,0.00%,0
BBLIV,23.36M,-,-129.64%,-151.45%,-74.43%,17.14,17.14,0.00,0.00,-1.27%,-857.58%,-877.03%,-,2.15,0.00%,0
BBLK,178.60B,2.07%,4.08%,12.32%,9.06%,4.46,4.46,0.26,0.26,76.80%,33.95%,23.80%,Jul 15/b,1099.25,0.82%,118
BBLKB,1.95B,-,5.77%,194.45%,12.61%,0.81,0.81,16.82,17.16,59.41%,20.18%,13.13%,Jul 29/b,43.04,0.00%,0
BBLLN,4.93B,-,6.13%,9.05%,4.74%,11.69,11.31,0.26,0.27,71.27%,10.90%,8.04%,Aug 05/a,104.38,0.50%,178
BBLMN,721.78M,-,0.89%,6.91%,1.35%,0.24,0.17,4.03,4.45,8.85%,2.84%,0.74%,Aug 05/b,8.43,0.00%,0
BBLND,295.66M,-,-10.65%,-48.15%,-20.43%,1.59,1.59,0.02,0.02,74.47%,-11.08%,-15.16%,Aug 06/a,1.25,0.01%,"20,699"
BBLNE,32.54M,-,-32.29%,-40.40%,-40.61%,1.07,1.07,0.00,0.21,28.21%,-205.02%,-220.62%,Aug 13/a,0.99,0.00%,0
BBLNK,85.52M,-,-34.68%,-85.07%,-99.47%,1.17,0.98,0.06,0.09,-18.99%,-48.86%,-52.24%,Aug 06/a,0.59,1.04%,"12,555"
BBLOK,-,0.73%,-,-,-,-,-,-,-,-,-,-,-,66.79,0.00%,0
BBLOX,-,41.77%,-,-,-,-,-,-,-,-,-,-,-,14.55,-1.80%,"2,142"
BBLRK,177.68M,-,-,-,1.61%,3.31,3.31,0.00,0.00,-,-,-,-,10.11,0.00%,0
BBLRX,12.03M,-,-20.94%,-47.48%,-47.39%,1.20,1.04,0.23,0.58,55.01%,-875.98%,-574.29%,Aug 31/b,2.48,0.00%,0
BBLSG,-,-,-,-,-,-,-,-,-,-,-,-,-,4.17,0.00%,0
BBLSH,5.97B,-,-43.56%,-55.73%,-47.16%,23.52,22.41,0.21,0.21,79.64%,18.09%,-390.07%,Aug 13/b,39.70,-1.10%,"5,438"
BBLSM,851.84M,-,-,-,-,5.26,5.26,-,-,-,-,-,Sep 18/b,26.80,0.00%,0
BBLST,-,3.85%,-,-,-,-,-,-,-,-,-,-,-,24.59,0.00%,0
BBLTD,-,4.53%,-,-,-,-,-,-,-,-,-,-,-,24.17,0.00%,0
BBLTE,7.02B,-,-21.60%,-22.10%,-13.28%,50.02,50.02,0.00,0.00,-,-,-,Aug 13/b,174.28,0.51%,"1,391"
BBLUC,-,0.61%,-,-,-,-,-,-,-,-,-,-,-,32.42,0.00%,0
BBLUI,-,5.18%,-,-,-,-,-,-,-,-,-,-,-,25.35,0.00%,0
BBLUW,334.71M,-,3.21%,3.33%,3.28%,0.16,0.16,0.00,0.00,-,-,-,-,10.36,0.00%,0
BBLUX,-,0.99%,-,-,-,-,-,-,-,-,-,-,-,32.12,0.00%,0
BBLV,-,5.01%,-,-,-,-,-,-,-,-,-,-,-,65.58,0.00%,7
BBLW,462.93M,11.45%,-,-,-,-,-,-,-,-,-,-,-,11.84,0.00%,0
BBLX,1.92B,4.91%,1.67%,15.21%,5.06%,0.78,-,1.87,2.95,-,27.75%,26.84%,Jul 27/a,54.76,0.00%,0
BBLZE,841.84M,-,-9.97%,-24.29%,-13.66%,1.00,1.00,0.69,0.93,62.17%,-6.98%,-13.07%,Aug 03/a,13.60,0.00%,435
BBLZR,350.97M,-,5.38%,5.61%,2.81%,5.94,5.94,0.00,0.00,-,-,-,-,10.21,0.00%,0
BBMA,4.72B,4.21%,1.82%,7.46%,5.79%,0.71,-,0.22,0.27,-,26.67%,5.95%,Aug 19/a,75.21,0.00%,0
BBMAR,-,-,-,-,-,-,-,-,-,-,-,-,-,59.43,0.00%,0
BBMAY,-,-,-,-,-,-,-,-,-,-,-,-,-,48.85,0.00%,0
BBMBL,376.11M,-,-31.16%,-96.36%,-57.28%,1.59,1.59,0.78,0.89,70.87%,27.90%,-58.99%,Aug 05/a,2.85,0.00%,0
BBME,575.51M,7.06%,-,-,-,-,-,-,-,-,-,-,-,44.53,0.00%,0
BBMEA,128.30M,-,-59.14%,-164.14%,-268.09%,3.47,3.47,0.00,0.07,-,-,-,Aug 05/a,1.77,3.51%,49
BBMED,-,0.24%,-,-,-,-,-,-,-,-,-,-,-,34.23,0.00%,0
BBMEZ,1.05B,7.88%,-,-,-,-,-,-,-,-,-,-,-,16.75,0.00%,0
BBMGL,6.79M,-,-57.05%,-148.66%,-79.19%,1.88,1.84,0.96,1.57,-2.33%,-31.64%,-68.00%,-,4.34,-5.51%,434
BBMHL,140.36M,-,9.60%,16.26%,11.78%,7.80,5.97,0.00,0.04,25.93%,4.57%,16.33%,-,5.48,0.00%,0
BBMI,3.81B,1.28%,13.00%,18.48%,18.41%,2.42,1.39,0.00,0.00,41.31%,18.58%,14.27%,Jul 22/b,131.50,0.00%,0
BBMM,471.86M,-,-29.16%,-32.40%,-22.71%,3.85,3.85,0.00,0.04,-,-,-,Aug 13/a,5.37,1.32%,"14,093"
BBMN,147.73M,4.69%,-,-,-,-,-,-,-,-,-,-,-,24.03,0.00%,0
BBMNG,-,-,-,-,-,-,-,-,-,-,-,-,-,32.20,-1.35%,"4,327"
BBMNR,16.86B,0.04%,-150.74%,-151.21%,-75.62%,36.68,36.68,0.00,0.00,81.88%,-484.57%,-14335.10%,Jul 29,27.95,-1.06%,"826,311"
BBMNU,-,-,-,-,-,-,-,-,-,-,-,-,-,23.40,-2.74%,"143,113"
BBMNZ,-,-,-,-,-,-,-,-,-,-,-,-,-,3.92,2.62%,"155,325"
BBMO,123.11B,2.76%,0.62%,10.63%,7.56%,0.56,-,0.42,1.93,-,15.26%,11.20%,Aug 25/b,177.19,0.00%,0
BBMOP,-,2.26%,-,-,-,-,-,-,-,-,-,-,-,23.98,0.00%,0
BBMR,19.87M,-,-45.14%,-48.40%,-62.01%,8.08,8.08,0.00,0.00,88.25%,-256.87%,-248.76%,-,1.28,-0.47%,108
BBMRA,11.93M,-,-59.43%,-112.10%,-88.24%,1.62,0.93,0.63,0.90,8.09%,-119.54%,-84.79%,Sep 01/b,2.60,0.00%,0
BBMRC,455.06M,3.56%,-0.38%,-3.41%,-3.08%,0.10,-,0.17,0.17,-,-21.53%,-13.07%,Jul 27/b,28.10,0.00%,0
BBMRN,12.40B,-,0.76%,1.18%,0.74%,2.39,1.32,0.56,0.67,73.93%,18.50%,2.11%,Aug 06/a,64.06,0.00%,0
BBMSI,-,0.46%,-,-,-,-,-,-,-,-,-,-,-,24.96,0.00%,0
BBMVP,-,1.79%,-,-,-,-,-,-,-,-,-,-,-,53.06,0.00%,0
BBMY,127.94B,3.73%,10.18%,46.70%,14.03%,1.53,1.38,1.96,2.02,66.64%,32.35%,18.87%,Jul 30/b,62.63,0.02%,"3,303"
BBN,84.92B,0.78%,0.28%,3.07%,0.50%,0.83,0.71,5.16,5.77,25.87%,24.86%,1.59%,Aug 13/b,38.04,0.16%,"1,833"
BBNAI,53.76M,-,-51.73%,-98.11%,-61.63%,0.28,0.28,0.03,0.10,-1092.55%,-2385.37%,-2353.53%,Aug 14/b,7.18,1.56%,"4,240"
BBNAV,-,-,-,-,-,-,-,-,-,-,-,-,-,33.28,0.00%,0
BBNC,263.10M,-,63.36%,74.03%,37.76%,0.62,0.46,0.00,0.06,27.61%,-128.45%,378.32%,Sep 11/a,6.39,-2.74%,"41,770"
BBND,-,4.11%,-,-,-,-,-,-,-,-,-,-,-,71.31,-0.13%,305
BBNDC,-,4.26%,-,-,-,-,-,-,-,-,-,-,-,21.47,0.00%,0
BBNDD,-,3.61%,-,-,-,-,-,-,-,-,-,-,-,98.31,0.00%,0
BBNDI,-,5.68%,-,-,-,-,-,-,-,-,-,-,-,45.66,0.00%,0
BBNDP,-,3.30%,-,-,-,-,-,-,-,-,-,-,-,72.17,0.00%,0
BBNDS,-,8.10%,-,-,-,-,-,-,-,-,-,-,-,50.12,0.00%,0
BBNDW,-,4.25%,-,-,-,-,-,-,-,-,-,-,-,68.32,2.41%,25
BBNDX,-,4.63%,-,-,-,-,-,-,-,-,-,-,-,47.21,0.00%,0
BBNDY,-,6.69%,-,-,-,-,-,-,-,-,-,-,-,24.44,0.00%,0
BBNED,372.30M,0.74%,2.47%,8.29%,4.58%,1.66,0.62,0.74,0.98,19.57%,2.80%,1.29%,Sep 08/a,10.74,0.00%,0
BBNGE,-,0.38%,-,-,-,-,-,-,-,-,-,-,-,32.03,0.00%,0
BBNGO,21.88M,-,-52.04%,-83.56%,-85.92%,2.48,1.96,0.18,0.21,47.50%,-106.67%,-106.58%,Aug 10/a,1.86,1.54%,"1,495"
BBNKD,-,-,-,-,-,-,-,-,-,-,-,-,-,29.79,0.00%,0
BBNKK,11.76M,-,-228.40%,-332.40%,-305.61%,1.05,0.91,0.00,0.01,46.78%,-272.55%,-909.56%,-,1.47,-0.68%,945
BBNKU,-,-,-,-,-,-,-,-,-,-,-,-,-,39.61,0.00%,0
BBNL,3.70B,6.04%,2.54%,4.91%,2.53%,2.83,2.83,0.95,0.95,58.72%,49.66%,29.46%,Jul 29/a,19.28,0.00%,0
BBNMC,-,-,-,-,-,-,-,-,-,-,-,-,-,76.76,0.00%,0
BBNO,-,-,-,-,-,-,-,-,-,-,-,-,-,58.38,-0.83%,"17,338"
BBNOV,-,-,-,-,-,-,-,-,-,-,-,-,-,49.53,0.00%,0
BBNR,129.48M,-,-8.63%,-12.81%,-12.69%,3.03,2.87,0.05,0.09,74.52%,-13.02%,-13.60%,Sep 10/b,14.73,0.00%,0
BBNS,121.49B,3.29%,0.68%,11.64%,8.11%,0.67,-,0.40,3.06,-,16.94%,13.48%,Aug 25/b,98.57,3.37%,1
BBNT,11.31B,-,0.06%,0.66%,0.46%,-,-,0.33,0.33,-,5.96%,0.91%,-,38.04,0.00%,0
BBNTC,379.49M,-,-32.28%,-33.21%,-25.69%,34.00,34.00,0.00,0.00,-,-,-,Sep 14/a,10.88,0.00%,0
BBNTX,24.73B,-,-8.08%,-9.35%,-9.54%,7.85,7.80,0.01,0.02,63.87%,-37.57%,-63.55%,Aug 04/b,98.44,0.45%,"1,179"
BBNY,104.42B,1.51%,1.25%,14.22%,8.40%,1.59,-,0.68,1.96,-,19.32%,14.87%,Oct 15/b,153.89,0.00%,45
BBOAT,-,5.30%,-,-,-,-,-,-,-,-,-,-,-,52.85,-0.75%,16
BBOBP,-,0.69%,-,-,-,-,-,-,-,-,-,-,-,30.24,0.00%,0
BBOBS,1.89B,-,6.18%,38.76%,10.25%,0.90,0.28,1.46,1.68,46.92%,8.79%,5.43%,Aug 06/b,14.44,0.00%,0
BBOC,405.50M,-,-1.94%,-2.65%,-2.21%,2.05,2.05,0.19,0.20,13.38%,-4.91%,-12.12%,Aug 13/a,13.46,0.00%,0
BBOCT,-,-,-,-,-,-,-,-,-,-,-,-,-,55.19,0.00%,0
BBODI,36.35M,-,8.80%,43.32%,21.00%,0.78,0.60,0.59,0.67,71.68%,8.18%,5.66%,Aug 10/a,4.99,0.00%,0
BBOE,681.66M,8.12%,-,-,-,-,-,-,-,-,-,-,-,12.26,0.00%,0
BBOEG,-,-,-,-,-,-,-,-,-,-,-,-,-,11.01,-0.18%,40
BBOEU,-,2.34%,-,-,-,-,-,-,-,-,-,-,-,27.78,-0.27%,500
BBOF,60.57M,-,-53.34%,-202.60%,-85.28%,1.03,0.55,1.13,2.00,9.60%,-49.79%,-56.77%,Aug 13/a,3.72,0.00%,0
BBOH,2.87B,3.85%,0.99%,13.02%,9.51%,0.04,-,0.32,0.35,-,25.97%,20.09%,Jul 27/b,72.82,0.00%,0
BBOIL,-,-,-,-,-,-,-,-,-,-,-,-,-,19.54,0.36%,"63,665"
BBOKF,8.09B,1.90%,1.24%,10.81%,6.77%,0.19,-,0.57,0.82,-,24.47%,18.78%,Jul 20/a,133.13,0.00%,0
BBOLD,64.38M,-,-50.56%,-67.86%,-97.02%,9.48,9.48,0.00,0.00,-,-,-,Aug 17,2.83,0.00%,0
BBOLT,6.92M,-,-49.62%,-111.65%,-92.19%,2.61,2.61,1.47,1.71,80.45%,-605.85%,-611.47%,Aug 11/a,3.59,0.00%,0
BBON,9.82M,-,-2.71%,-3.93%,-3.41%,1.74,1.01,0.02,0.21,20.77%,-8.69%,-10.68%,-,1.21,0.00%,0
BBOND,-,5.34%,-,-,-,-,-,-,-,-,-,-,-,88.98,0.00%,1
BBOOM,125.30M,-,-2.88%,-7.59%,-5.66%,2.56,1.19,0.39,0.44,16.83%,-1.00%,-3.17%,Jul 29/a,6.10,0.00%,0
BBOOT,3.77B,-,10.41%,19.18%,11.68%,2.53,0.44,0.53,0.59,38.45%,13.61%,10.35%,Jul 29/a,124.33,0.00%,0
BBORR,1.36B,-,-6.83%,-24.37%,-6.98%,2.42,2.42,2.58,2.58,26.19%,20.84%,-23.69%,Aug 11/a,4.42,-0.23%,"23,965"
BBOSC,33.20M,-,8.43%,13.16%,11.12%,2.73,2.18,0.06,0.07,24.07%,6.63%,7.22%,Aug 20/b,4.71,0.00%,0
BBOT,690.92M,-,-,-,-,-,-,-,-,-,-,-,-,29.17,-0.71%,"2,409"
BBOTJ,122.44M,1.86%,1.12%,14.84%,12.51%,0.28,-,0.10,0.10,-,21.98%,17.72%,-,26.95,0.00%,0
BBOTT,-,-,-,-,-,-,-,-,-,-,-,-,-,43.25,0.00%,0
BBOTZ,-,0.49%,-,-,-,-,-,-,-,-,-,-,-,35.61,-0.59%,"1,382"
BBOUT,-,0.29%,-,-,-,-,-,-,-,-,-,-,-,43.49,0.00%,0
BBOW,1.11B,-,3.62%,14.10%,10.02%,0.40,-,0.31,0.31,-,14.87%,10.16%,Aug 03/b,33.78,0.00%,0
BBOX,4.61B,0.11%,8.63%,70.23%,19.46%,1.00,1.00,3.59,3.59,79.55%,9.44%,8.14%,Aug 25/a,33.61,0.00%,1
BBOXA,-,0.13%,-,-,-,-,-,-,-,-,-,-,-,103.68,0.00%,0
BBOXL,3.13M,-,-23.82%,-677.22%,-586.64%,0.94,0.40,-,-,23.28%,-12.09%,-22.17%,Aug 12/a,4.69,-3.10%,79
BBOXX,-,-,-,-,-,-,-,-,-,-,-,-,-,118.26,0.01%,"13,013"
BBP,110.07B,4.73%,1.90%,9.33%,4.49%,1.27,0.95,1.09,1.24,19.55%,11.07%,2.53%,Aug 04/b,42.74,-0.97%,"107,683"
BBPAC,75.47M,-,0.89%,0.92%,0.46%,0.22,0.22,0.00,0.00,-,-,-,-,10.21,0.00%,0
BBPAY,-,3.09%,-,-,-,-,-,-,-,-,-,-,-,26.05,0.00%,0
BBPH,-,2.48%,-,-,-,-,-,-,-,-,-,-,-,68.26,0.00%,0
BBPI,-,19.05%,-,-,-,-,-,-,-,-,-,-,-,26.03,0.00%,0
BBPOP,10.37B,1.94%,1.25%,15.65%,13.36%,0.10,-,0.13,0.25,-,24.90%,21.28%,Jul 23/b,162.58,0.00%,0
BBPRE,-,9.45%,-,-,-,-,-,-,-,-,-,-,-,11.92,0.00%,0
BBPRN,294.19M,3.24%,1.15%,9.54%,8.71%,0.06,-,0.06,0.07,-,24.54%,18.98%,Jul 23/a,43.18,0.00%,0
BBPRO,-,-,-,-,-,-,-,-,-,-,-,-,-,21.34,0.00%,0
BBQ,2.33M,-,-1.70%,-2.48%,-2.40%,3.25,1.87,0.01,0.16,26.27%,-7.21%,-1.28%,-,0.81,-0.04%,947
BBR,18.72B,2.62%,12.86%,40.92%,17.79%,1.24,1.21,1.22,1.24,31.78%,17.63%,15.04%,Aug 04/b,164.16,-0.28%,8
BBRAG,44.42M,-,-8.06%,-12.26%,-12.76%,0.89,0.89,0.03,0.11,35.97%,-4.53%,-7.48%,Aug 13/b,1.43,0.00%,0
BBRAI,1.17B,-,-346.48%,-,-,0.03,0.03,-,-,-,-,-,Sep 02,5.70,1.06%,1
BBRAZ,-,2.45%,-,-,-,-,-,-,-,-,-,-,-,32.60,0.00%,0
BBRBI,-,9.24%,-,-,-,-,-,-,-,-,-,-,-,11.24,0.00%,0
BBRBR,1.04B,-,16.76%,-,25.65%,2.25,0.86,-,-,27.33%,12.71%,7.28%,Aug 04/b,8.95,0.00%,0
BBRBS,349.96M,-,0.38%,3.03%,2.71%,0.07,-,0.26,0.62,-,9.07%,6.88%,Apr 23/a,3.96,0.00%,0
BBRC,3.92B,1.17%,11.45%,16.11%,14.42%,1.94,1.30,0.05,0.06,51.72%,15.83%,12.36%,Sep 03/b,83.64,-0.23%,209
BBRCB,366.03M,-,-,-,0.65%,0.71,0.62,3.30,3.50,23.65%,3.27%,0.69%,Aug 11/a,7.31,0.27%,2
BBRCC,215.25M,-,-1.77%,-13.06%,-3.76%,1.42,0.80,1.10,1.19,18.59%,0.67%,-0.89%,Aug 03/a,8.60,-3.37%,80
BBRCE,-,0.49%,-,-,-,-,-,-,-,-,-,-,-,30.55,0.00%,0
BBREE,-,-,-,-,-,-,-,-,-,-,-,-,-,27.97,0.00%,0
BBREM,-,5.43%,-,-,-,-,-,-,-,-,-,-,-,50.22,0.00%,0
BBRES,-,0.16%,-,-,-,-,-,-,-,-,-,-,-,26.88,0.00%,0
BBREW,-,-,-,-,-,-,-,-,-,-,-,-,-,25.72,0.00%,0
BBREZ,144.79M,-,-,-,-,0.12,0.12,-,-,-,-,-,-,10.02,0.00%,0
BBRF,-,5.33%,-,-,-,-,-,-,-,-,-,-,-,16.68,0.00%,0
BBRFH,18.10M,-,-43.36%,-364.24%,-48.43%,0.71,0.31,-,-,12.60%,-18.90%,-17.88%,Aug 14/a,1.11,0.00%,0
BBRHY,-,6.34%,-,-,-,-,-,-,-,-,-,-,-,50.27,0.00%,0
BBRIA,44.10M,9.24%,-,-,-,-,-,-,-,-,-,-,-,1.44,0.00%,0
BBRID,53.51M,-,-9.89%,-12.67%,-13.29%,2.38,0.96,0.01,0.09,18.84%,-8.82%,-6.36%,-,5.89,0.00%,0
BBRIE,-,0.35%,-,-,-,-,-,-,-,-,-,-,-,31.11,0.00%,0
BBRIF,-,0.42%,-,-,-,-,-,-,-,-,-,-,-,37.42,0.00%,0
BBRK-A,965.95B,-,7.07%,12.11%,9.82%,7.29,6.88,0.17,0.17,23.52%,16.25%,22.30%,Aug 08/a,752180.00,0.00%,0
BBRK-B,967.86B,-,7.07%,12.11%,9.82%,7.29,6.88,0.17,0.17,23.52%,16.25%,22.30%,Aug 08/a,503.00,0.20%,"9,219"
BBRKC,-,21.32%,-,-,-,-,-,-,-,-,-,-,-,39.60,0.00%,0
BBRKH,117.66M,-,-,-,-,2.51,2.51,0.00,0.00,-,-,-,May 14/a,10.01,0.00%,0
BBRKL,-,-,-,-,-,-,-,-,-,-,-,-,-,24.00,0.00%,0
BBRKR,9.43B,0.24%,-1.15%,-3.40%,-1.70%,1.85,0.92,0.76,0.77,47.29%,8.54%,-3.05%,Aug 04/b,61.90,0.52%,202
BBRKU,-,2.44%,-,-,-,-,-,-,-,-,-,-,-,22.52,-0.54%,"1,847"
BBRKW,-,19.62%,-,-,-,-,-,-,-,-,-,-,-,38.29,0.00%,0
BBRLN,-,6.11%,-,-,-,-,-,-,-,-,-,-,-,50.90,0.00%,0
BBRLS,29.64M,-,-33.48%,-5302.44%,-,0.09,0.05,-,-,11.28%,-39.83%,-59.81%,-,1.38,6.25%,10
BBRLT,142.59M,-,-1.96%,-32.76%,-9.55%,1.58,0.97,2.87,3.45,54.86%,-2.02%,-1.00%,Aug 06/b,1.40,0.00%,0
BBRN,14.00M,-,-24.07%,-62.45%,-58.84%,1.90,1.90,0.01,0.01,7.72%,-46.54%,-45.31%,-,0.97,0.00%,0
BBRNX,1.73M,-,-109.91%,-433.39%,-154.36%,1.58,1.18,0.77,1.20,-,-,-,Sep 09/b,2.40,0.06%,"10,170"
BBRNY,-,0.20%,-,-,-,-,-,-,-,-,-,-,-,58.54,0.00%,0
BBRO,21.52B,1.06%,4.29%,9.85%,5.90%,1.13,1.13,0.60,0.64,92.59%,29.50%,17.54%,Jul 27/a,64.30,0.00%,0
BBROL,-,-,-,-,-,-,-,-,-,-,-,-,-,26.20,0.00%,0
BBROS,6.83B,-,2.99%,12.88%,4.71%,1.35,1.19,1.46,1.51,24.82%,9.66%,4.91%,Aug 05/a,39.11,-0.11%,"3,724"
BBRRR,-,-,-,-,-,-,-,-,-,-,-,-,-,24.40,0.00%,0
BBRSL,1.89B,8.95%,1.94%,15.73%,3.24%,1.10,1.00,5.23,5.23,39.51%,24.59%,6.93%,Aug 04/b,10.28,0.00%,0
BBRSM,-,-,-,-,-,-,-,-,-,-,-,-,-,25.23,0.00%,0
BBRSP,528.87M,15.31%,-0.75%,-2.89%,-0.80%,1.92,1.92,2.90,2.96,59.96%,34.54%,-8.60%,Jul 28/a,4.18,0.00%,0
BBRSV,-,-,-,-,-,-,-,-,-,-,-,-,-,43.36,0.00%,0
BBRT,261.98M,7.17%,-1.86%,-7.34%,-1.93%,1.02,1.02,3.17,3.17,27.45%,11.99%,-12.93%,Aug 11,13.94,0.00%,0
BBRTM,466.66M,-,-,-,-,0.11,0.11,-,-,-,-,-,-,9.81,0.00%,0
BBRTR,-,4.70%,-,-,-,-,-,-,-,-,-,-,-,48.70,0.00%,0
BBRTX,3.74M,-,-147.75%,-241.14%,-365.43%,2.35,2.35,0.00,0.01,33.24%,-3975.00%,-3089.55%,May 20,2.71,0.00%,0
BBRUN,1.43B,-,-16.97%,-65.36%,-17.88%,0.87,0.87,3.14,4.36,36.21%,-47.10%,-238.02%,Aug 14/b,17.09,-0.47%,"2,941"
BBRVE,2.21B,-,-,-,-,13.63,13.63,0.00,0.00,-,-,-,Sep 08/a,24.57,-1.79%,40
BBRW,313.51M,16.56%,-,-,-,-,-,-,-,-,-,-,-,6.16,0.00%,0
BBRX,8.62B,4.43%,4.90%,14.46%,5.05%,65.19,65.19,1.83,1.83,44.76%,36.82%,30.74%,Jul 27/a,28.09,0.00%,0
BBRZD,-,-,-,-,-,-,-,-,-,-,-,-,-,35.46,0.00%,0
BBRZE,2.88B,-,-10.50%,-18.86%,-16.78%,1.27,1.27,0.12,0.16,65.98%,-13.19%,-13.55%,Sep 08/a,25.36,-0.16%,"1,924"
BBRZL,-,-,-,-,-,-,-,-,-,-,-,-,-,33.12,0.00%,0
BBRZU,-,1.68%,-,-,-,-,-,-,-,-,-,-,-,105.72,0.00%,0
BBRZX,-,-,-,-,-,-,-,-,-,-,-,-,-,27.44,0.00%,0
BBSAA,23.04M,-,4.16%,4.18%,42.82%,6.25,6.25,0.00,0.00,-,-,-,-,11.15,0.00%,0
BBSAC,16.26B,4.47%,1.67%,24.05%,7.98%,0.48,-,1.86,3.37,-,26.41%,21.09%,Jul 29/b,34.52,0.00%,0
BBSBK,117.40M,-,0.29%,1.85%,1.34%,0.26,-,0.36,1.07,-,6.84%,5.99%,Jul 30/a,9.20,0.00%,0
BBSBR,22.01B,6.67%,1.10%,11.11%,2.42%,3.61,-,3.38,3.38,-,9.20%,7.16%,Jul 29/b,5.88,0.00%,0
BBSCA,-,1.57%,-,-,-,-,-,-,-,-,-,-,-,19.39,0.00%,0
BBSCQ,-,4.06%,-,-,-,-,-,-,-,-,-,-,-,19.50,0.00%,0
BBSCR,-,4.25%,-,-,-,-,-,-,-,-,-,-,-,19.55,0.00%,0
BBSCS,-,4.45%,-,-,-,-,-,-,-,-,-,-,-,20.20,0.22%,38
BBSCT,-,4.57%,-,-,-,-,-,-,-,-,-,-,-,18.28,0.00%,0
BBSCU,-,4.67%,-,-,-,-,-,-,-,-,-,-,-,16.27,0.00%,0
BBSCV,-,4.79%,-,-,-,-,-,-,-,-,-,-,-,15.95,0.00%,0
BBSCW,-,4.94%,-,-,-,-,-,-,-,-,-,-,-,19.88,0.00%,0
BBSCX,-,5.04%,-,-,-,-,-,-,-,-,-,-,-,20.39,0.00%,0
BBSCY,-,5.02%,-,-,-,-,-,-,-,-,-,-,-,19.95,0.00%,0
BBSCZ,-,4.79%,-,-,-,-,-,-,-,-,-,-,-,19.70,0.00%,0
BBSEM,78.46M,-,-35.05%,-74.74%,-102.44%,0.98,0.76,0.00,0.04,76.08%,-67.47%,-81.80%,Aug 12/a,4.40,0.00%,0
BBSEP,-,-,-,-,-,-,-,-,-,-,-,-,-,54.53,0.00%,0
BBSET,150.91M,4.59%,1.69%,3.31%,2.34%,1.97,1.05,0.43,0.53,56.32%,2.21%,1.65%,Sep 30/a,17.43,0.00%,0
BBSGR,-,1.05%,-,-,-,-,-,-,-,-,-,-,-,24.95,0.00%,0
BBSGT,-,1.19%,-,-,-,-,-,-,-,-,-,-,-,24.65,0.00%,0
BBSIN,84.64M,-,-19.95%,-32.83%,-25.63%,1.13,1.13,0.12,0.13,-8.56%,-141.28%,-155.30%,Aug 11/b,1.61,1.42%,955
BBSJQ,-,5.43%,-,-,-,-,-,-,-,-,-,-,-,22.83,0.00%,0
BBSJR,-,5.47%,-,-,-,-,-,-,-,-,-,-,-,22.28,0.07%,"205,590"
BBSJS,-,6.09%,-,-,-,-,-,-,-,-,-,-,-,21.63,0.07%,"317,350"
BBSJT,-,6.58%,-,-,-,-,-,-,-,-,-,-,-,20.95,0.00%,0
BBSJU,-,6.77%,-,-,-,-,-,-,-,-,-,-,-,25.36,0.00%,0
BBSJV,-,6.64%,-,-,-,-,-,-,-,-,-,-,-,25.58,0.00%,0
BBSJW,-,6.65%,-,-,-,-,-,-,-,-,-,-,-,24.82,0.00%,0
BBSJX,-,6.90%,-,-,-,-,-,-,-,-,-,-,-,24.60,0.00%,0
BBSJY,-,1.88%,-,-,-,-,-,-,-,-,-,-,-,24.42,0.00%,0
BBSL,169.78M,8.14%,-,-,-,-,-,-,-,-,-,-,-,13.04,0.00%,0
BBSM,3.16B,8.48%,21.53%,25.59%,21.66%,3.76,3.76,0.18,0.18,76.57%,63.30%,56.93%,Aug 03/a,14.86,0.00%,0
BBSMA,-,-,-,-,-,-,-,-,-,-,-,-,-,25.07,0.00%,0
BBSMC,-,0.93%,-,-,-,-,-,-,-,-,-,-,-,38.74,0.00%,0
BBSMQ,-,2.76%,-,-,-,-,-,-,-,-,-,-,-,23.42,0.00%,0
BBSMR,-,2.72%,-,-,-,-,-,-,-,-,-,-,-,23.44,0.00%,0
BBSMS,-,2.82%,-,-,-,-,-,-,-,-,-,-,-,23.08,0.00%,0
BBSMT,-,2.78%,-,-,-,-,-,-,-,-,-,-,-,22.53,0.00%,0
BBSMU,-,2.89%,-,-,-,-,-,-,-,-,-,-,-,21.18,0.00%,0
BBSMV,-,3.03%,-,-,-,-,-,-,-,-,-,-,-,20.27,0.00%,0
BBSMW,-,3.37%,-,-,-,-,-,-,-,-,-,-,-,24.02,0.00%,0
BBSMY,-,3.83%,-,-,-,-,-,-,-,-,-,-,-,23.26,0.00%,0
BBSMZ,-,3.50%,-,-,-,-,-,-,-,-,-,-,-,24.09,0.00%,0
BBSOL,-,-,-,-,-,-,-,-,-,-,-,-,-,16.29,-0.12%,"17,160"
BBSP,24.48B,-,-,-,-,0.64,0.64,3.30,3.94,-,-,-,Aug 13/b,38.54,-0.70%,149
BBSR,-,1.02%,-,-,-,-,-,-,-,-,-,-,-,30.90,0.00%,0
BBSRR,514.64M,2.66%,1.20%,12.46%,7.41%,0.07,-,0.66,0.99,-,29.71%,22.48%,Jul 27/b,39.70,-0.75%,1
BBSSX,-,3.47%,-,-,-,-,-,-,-,-,-,-,-,24.58,0.00%,0
BBST,1.72B,5.77%,-,-,-,-,-,-,-,-,-,-,-,49.61,0.00%,0
BBSTP,-,-,-,-,-,-,-,-,-,-,-,-,-,40.46,0.00%,0
BBSTS,-,1.17%,-,-,-,-,-,-,-,-,-,-,-,24.78,0.00%,0
BBSTU,-,1.20%,-,-,-,-,-,-,-,-,-,-,-,24.54,0.00%,0
BBSTV,-,1.23%,-,-,-,-,-,-,-,-,-,-,-,24.45,0.00%,0
BBSTZ,2.03B,6.29%,-,-,-,-,-,-,-,-,-,-,-,29.46,0.00%,1
BBSV,-,4.08%,-,-,-,-,-,-,-,-,-,-,-,76.68,-0.03%,13
BBSVN,513.82M,2.06%,2.24%,16.85%,15.76%,0.14,-,0.00,0.00,-,39.91%,30.36%,Jul 16/b,53.94,0.00%,0
BBSVO,-,1.23%,-,-,-,-,-,-,-,-,-,-,-,28.78,0.00%,0
BBSX,63.32B,-,8.47%,15.52%,10.25%,1.24,0.74,0.44,0.51,66.36%,21.80%,17.50%,Jul 29/b,43.69,-0.06%,"8,406"
BBSY,9.76B,0.86%,8.28%,24.53%,11.83%,0.59,0.59,1.04,1.05,79.78%,24.37%,18.10%,Aug 06/b,32.31,1.10%,100
BBTA,-,-,-,-,-,-,-,-,-,-,-,-,-,25.37,0.00%,0
BBTAL,-,2.96%,-,-,-,-,-,-,-,-,-,-,-,12.10,0.41%,20
BBTBD,10.27M,-,-5.42%,-8.95%,-6.39%,4.34,3.85,0.45,0.54,7.96%,-1.09%,-4.57%,-,1.72,-1.15%,5
BBTBT,649.57M,-,-29.74%,-56.67%,-37.99%,1.50,1.50,0.94,1.15,23.85%,-60.18%,-237.19%,Aug 13/b,1.80,-1.03%,"167,509"
BBTC,-,-,-,-,-,-,-,-,-,-,-,-,-,38.16,-0.24%,"12,247"
BBTCC,-,63.41%,-,-,-,-,-,-,-,-,-,-,-,13.77,0.00%,0
BBTCI,-,29.41%,-,-,-,-,-,-,-,-,-,-,-,34.46,-0.17%,477
BBTCK,-,-,-,-,-,-,-,-,-,-,-,-,-,29.00,0.00%,0
BBTCL,-,2.38%,-,-,-,-,-,-,-,-,-,-,-,20.59,-4.37%,"2,202"
BBTCO,-,-,-,-,-,-,-,-,-,-,-,-,-,85.09,-1.05%,101
BBTCS,85.53M,-,-190.71%,-354.79%,-268.40%,2.06,2.06,0.19,1.28,26.90%,-41.18%,-746.26%,Aug 20/b,1.63,-0.31%,"2,701"
BBTCT,12.85M,-,-,-,-,-,-,-,-,-,-,-,-,1.35,-4.26%,"303,324"
BBTCU,-,0.72%,-,-,-,-,-,-,-,-,-,-,-,28.61,-3.01%,"1,896"
BBTCW,-,-,-,-,-,-,-,-,-,-,-,-,-,91.39,0.00%,0
BBTCZ,-,-,-,-,-,-,-,-,-,-,-,-,-,2.78,1.09%,"84,337"
BBTDL,-,-,-,-,-,-,-,-,-,-,-,-,-,20.95,0.00%,0
BBTDR,3.54B,-,-16.33%,-49.51%,-17.74%,1.01,1.01,1.29,1.77,0.47%,-29.95%,-55.15%,Aug 10/b,13.04,-0.76%,"115,889"
BBTE,3.37B,1.34%,2.77%,5.16%,9.51%,2.82,2.79,0.06,0.07,23.47%,20.11%,7.03%,Jul 30/a,4.82,3.27%,133
BBTF,-,153.02%,-,-,-,-,-,-,-,-,-,-,-,24.50,1.35%,447
BBTG,6.99B,1.51%,14.60%,22.29%,18.36%,1.58,0.58,0.11,0.11,49.13%,45.95%,21.33%,Aug 06/a,5.29,-1.26%,38
BBTGD,-,4.04%,-,-,-,-,-,-,-,-,-,-,-,28.53,-2.73%,703
BBTGO,905.10M,-,-,-,-22.54%,1.07,1.07,0.01,1.06,1.00%,-0.70%,-0.48%,Aug 12/a,7.70,-2.04%,"4,979"
BBTI,121.14B,6.01%,5.78%,13.27%,8.08%,0.84,0.50,0.64,0.72,60.95%,37.94%,24.63%,Jul 30/b,56.27,0.93%,"19,925"
BBTLN,15.41M,-,-125.04%,-154.41%,-551.91%,3.42,3.42,0.00,0.06,63.79%,-66.49%,-218.91%,May 14/a,0.71,0.00%,0
BBTMD,47.60M,-,5.67%,-,9.92%,1.43,0.81,-,-,66.93%,12.03%,3.19%,Aug 05/a,1.33,0.00%,0
BBTO,737.00M,7.00%,-,-,-,-,-,-,-,-,-,-,-,37.16,0.00%,0
BBTOC,12.27M,-,-12.88%,-94.99%,-21.15%,0.54,0.54,6.28,8.98,-2.83%,-10.31%,-10.70%,May 13/a,0.27,0.00%,0
BBTOT,-,3.35%,-,-,-,-,-,-,-,-,-,-,-,48.10,0.00%,0
BBTQ,415.22M,-,-377.52%,-497.88%,-313.44%,1.94,1.94,0.05,0.06,-,-,-,Aug 14/b,2.82,-1.63%,"28,556"
BBTR,-,1.18%,-,-,-,-,-,-,-,-,-,-,-,27.69,0.00%,0
BBTRN,-,27.24%,-,-,-,-,-,-,-,-,-,-,-,28.02,0.00%,0
BBTSG,11.05B,-,4.17%,13.11%,6.77%,1.59,1.22,1.12,1.17,12.38%,3.68%,2.05%,Jul 31/b,55.86,0.00%,3
BBTT,1.41B,2.49%,-,-,-,-,-,-,-,-,-,-,-,22.20,0.00%,0
BBTTC,6.91M,-,-69.73%,-124.41%,-159.81%,1.40,1.40,0.00,0.00,-,-,-,-,0.64,-19.30%,"776,842"
BBTU,3.07B,1.20%,-3.26%,-5.32%,-4.99%,2.01,1.46,0.13,0.13,-0.76%,-3.71%,-4.56%,Jul 29/b,25.20,0.52%,126
BBTX,-,6.96%,-,-,-,-,-,-,-,-,-,-,-,8.96,0.00%,0
BBTZ,892.18M,10.54%,-,-,-,-,-,-,-,-,-,-,-,9.56,0.00%,0
BBUCK,-,6.43%,-,-,-,-,-,-,-,-,-,-,-,23.39,0.00%,0
BBUD,136.87B,1.84%,4.34%,10.71%,5.74%,0.66,0.50,0.74,0.77,56.50%,25.77%,14.90%,Jul 30/b,78.23,0.36%,"1,732"
BBUDA,95.51M,-,-,-,10.87%,15.21,14.77,0.03,0.03,38.78%,18.16%,17.15%,Aug 13/b,7.60,0.00%,0
BBUFB,-,-,-,-,-,-,-,-,-,-,-,-,-,40.56,0.00%,0
BBUFC,-,-,-,-,-,-,-,-,-,-,-,-,-,43.48,0.00%,0
BBUFD,-,-,-,-,-,-,-,-,-,-,-,-,-,30.49,0.00%,0
BBUFE,-,-,-,-,-,-,-,-,-,-,-,-,-,22.20,0.00%,0
BBUFF,-,-,-,-,-,-,-,-,-,-,-,-,-,54.08,0.00%,0
BBUFG,-,-,-,-,-,-,-,-,-,-,-,-,-,30.12,0.00%,0
BBUFH,-,-,-,-,-,-,-,-,-,-,-,-,-,21.69,0.00%,0
BBUFI,-,-,-,-,-,-,-,-,-,-,-,-,-,43.12,0.00%,0
BBUFM,-,-,-,-,-,-,-,-,-,-,-,-,-,41.39,0.00%,0
BBUFP,-,0.01%,-,-,-,-,-,-,-,-,-,-,-,33.01,0.00%,0
BBUFQ,-,-,-,-,-,-,-,-,-,-,-,-,-,40.51,0.00%,0
BBUFR,-,-,-,-,-,-,-,-,-,-,-,-,-,37.69,0.00%,0
BBUFS,-,-,-,-,-,-,-,-,-,-,-,-,-,25.00,0.00%,0
BBUFT,-,-,-,-,-,-,-,-,-,-,-,-,-,26.47,0.00%,0
BBUFX,-,-,-,-,-,-,-,-,-,-,-,-,-,22.69,0.00%,0
BBUFY,-,-,-,-,-,-,-,-,-,-,-,-,-,23.97,0.00%,0
BBUFZ,-,-,-,-,-,-,-,-,-,-,-,-,-,28.64,0.00%,0
BBUG,-,0.03%,-,-,-,-,-,-,-,-,-,-,-,46.07,0.22%,554
BBUI,676.99M,6.51%,-,-,-,-,-,-,-,-,-,-,-,25.50,0.00%,0
BBUIL,-,-,-,-,-,-,-,-,-,-,-,-,-,25.71,0.00%,0
BBUL,-,0.16%,-,-,-,-,-,-,-,-,-,-,-,62.39,0.00%,0
BBULD,-,0.26%,-,-,-,-,-,-,-,-,-,-,-,34.87,0.00%,0
BBULG,-,-,-,-,-,-,-,-,-,-,-,-,-,44.65,0.00%,0
BBULL,4.33B,-,1.26%,4.75%,4.05%,1.29,1.29,0.01,0.08,77.46%,12.44%,6.26%,Aug 19/a,8.18,-0.90%,"11,556"
BBULZ,-,-,-,-,-,-,-,-,-,-,-,-,-,45.85,-0.62%,"4,809"
BBUR,865.16M,0.79%,-31.82%,-101.53%,-52.14%,9.37,9.37,2.95,2.95,-,97.92%,110.36%,Aug 06/b,3.94,0.00%,0
BBURL,15.72B,-,7.38%,41.41%,9.60%,1.17,0.47,2.72,2.95,40.89%,8.15%,5.85%,Aug 27/b,250.21,-0.63%,295
BBURU,9.54M,-,-161.41%,-,-555.20%,0.60,0.60,0.00,3.97,-61.54%,-2562.80%,-6349.97%,-,1.03,0.00%,"13,098"
BBUSA,-,1.43%,-,-,-,-,-,-,-,-,-,-,-,40.58,0.00%,0
BBUSE,2.47B,3.48%,1.24%,9.62%,8.63%,0.14,-,0.12,0.19,-,27.32%,19.29%,Jul 28/a,29.90,-0.21%,1
BBUSM,-,-,-,-,-,-,-,-,-,-,-,-,-,16.44,0.00%,0
BBUUU,803.41M,-,-,-,-,4.73,4.73,0.03,0.10,-,-,-,-,48.18,5.13%,6
BBUXX,-,4.50%,-,-,-,-,-,-,-,-,-,-,-,20.21,0.00%,0
BBUYB,-,0.12%,-,-,-,-,-,-,-,-,-,-,-,41.83,0.00%,0
BBUYO,-,0.00%,-,-,-,-,-,-,-,-,-,-,-,32.55,0.00%,0
BBUYW,-,5.91%,-,-,-,-,-,-,-,-,-,-,-,14.56,0.00%,0
BBUYZ,-,-,-,-,-,-,-,-,-,-,-,-,-,35.20,0.00%,0
BBUZZ,-,-,-,-,-,-,-,-,-,-,-,-,-,39.15,-0.62%,1
BBV,985.26M,-,0.60%,1.15%,0.76%,1.28,1.28,0.53,0.55,20.39%,4.23%,-0.81%,Aug 04/a,10.64,0.00%,0
BBVAL,-,1.30%,-,-,-,-,-,-,-,-,-,-,-,31.90,0.00%,0
BBVC,107.35M,-,10.79%,19.70%,17.41%,610.62,609.67,0.00,0.00,91.69%,-639.38%,521.23%,-,12.78,0.00%,0
BBVFL,176.44M,-,1.47%,6.87%,7.13%,0.21,-,0.00,0.00,-,36.54%,24.93%,-,20.83,0.00%,0
BBVN,8.52B,2.99%,19.49%,28.77%,22.44%,2.59,2.43,0.16,0.16,50.76%,44.43%,50.90%,Jul 31/b,33.59,0.00%,0
BBVS,1.12B,-,7.89%,27.96%,11.61%,1.69,1.17,1.05,1.16,67.82%,10.56%,9.36%,Aug 05/b,13.26,-0.38%,3
BBW,1.11B,-,-8.37%,-,-29.79%,1.45,1.33,4.45,5.62,19.97%,4.00%,-12.79%,Aug 10/a,7.45,1.53%,"4,122"
BBWA,12.90B,1.05%,2.93%,7.19%,4.30%,2.13,1.76,0.72,0.72,19.52%,10.19%,2.89%,Aug 05/b,63.32,0.00%,2
BBWAY,550.89M,-,8.14%,12.90%,11.17%,3.59,3.27,0.07,0.09,75.32%,12.47%,15.56%,Aug 12/b,13.69,0.88%,1
BBWB,583.33M,-,1.05%,11.00%,8.16%,0.04,-,0.26,0.79,-,24.05%,17.10%,Jul 21/a,20.92,0.00%,0
BBWEN,101.96M,-,4.47%,8.69%,6.78%,2.72,1.73,0.27,0.33,11.24%,0.45%,4.06%,Aug 11/b,4.31,0.00%,16
BBWET,-,-,-,-,-,-,-,-,-,-,-,-,-,815.00,-2.28%,"1,367"
BBWFG,525.67M,1.21%,1.26%,13.90%,10.72%,0.09,-,0.22,0.31,-,26.92%,19.45%,Jul 23/b,65.94,0.00%,0
BBWG,122.92M,13.11%,-,-,-,-,-,-,-,-,-,-,-,7.32,0.00%,0
BBWIN,4.32B,-,-1.64%,-10.72%,-2.38%,1.07,1.07,2.86,2.90,19.48%,-2.65%,-4.67%,Jul 30/a,31.89,0.00%,0
BBWIV,177.58M,-,-,-,0.51%,10.19,10.19,0.00,0.00,-,-,-,-,10.00,0.00%,0
BBWLP,3.77B,10.36%,13.16%,24.19%,17.25%,1.44,1.18,0.35,0.49,22.35%,15.48%,12.64%,Aug 28/b,24.85,-1.74%,"6,588"
BBWMN,735.82M,-,1.19%,2.72%,1.94%,0.90,0.90,0.38,1.11,47.53%,4.83%,1.30%,Aug 10/b,42.45,0.00%,0
BBWMX,621.60M,7.60%,9.88%,71.90%,13.42%,1.11,0.58,2.96,3.42,66.21%,16.50%,8.35%,Jul 23/a,16.69,0.00%,0
BBWOW,-,-,-,-,-,-,-,-,-,-,-,-,-,16.07,0.00%,0
BBWQG,-,-,-,-,-,-,-,-,-,-,-,-,-,26.88,0.00%,0
BBWTG,-,0.33%,-,-,-,-,-,-,-,-,-,-,-,42.13,0.00%,0
BBWX,-,2.43%,-,-,-,-,-,-,-,-,-,-,-,21.54,0.00%,0
BBWXT,13.65B,0.73%,8.75%,28.20%,10.59%,2.40,2.33,1.51,1.51,22.07%,9.67%,10.10%,Aug 03/a,148.94,1.00%,557
BBWZ,-,2.09%,-,-,-,-,-,-,-,-,-,-,-,27.01,0.00%,0
BBX,156.65B,4.15%,7.39%,40.53%,15.83%,0.70,0.70,1.47,1.56,99.43%,53.86%,22.15%,Jul 23/b,126.14,-0.21%,93
BBXBL,1.16B,-,-15.73%,-17.26%,-18.89%,0.01,0.01,0.00,0.00,-,-,-,-,4.81,14.80%,11
BBXC,593.52M,-,-0.12%,-0.31%,-0.15%,4.01,2.59,1.03,1.08,14.38%,1.02%,-0.06%,Aug 04/a,75.51,0.00%,0
BBXDC,1.94B,-,-,-,-,224.15,224.15,0.00,0.00,-,-,-,Aug 04/b,19.30,0.00%,0
BBXMT,2.24B,13.73%,0.08%,0.45%,0.10%,0.14,0.14,3.64,4.85,77.13%,61.14%,1.02%,Jul 30/b,13.27,0.00%,0
BBXP,11.19B,4.37%,1.17%,5.69%,1.51%,0.91,0.91,2.81,3.17,33.53%,28.27%,8.44%,Jul 28/a,64.13,0.00%,0
BBXSL,5.81B,12.14%,2.13%,4.80%,2.18%,1.37,1.37,1.27,1.27,82.21%,59.12%,24.91%,Aug 06/b,24.96,0.00%,0
BBY,1.69B,1.33%,1.52%,11.97%,10.25%,0.03,-,0.12,0.47,-,31.56%,23.43%,Jul 23/a,37.47,0.00%,0
BBYAH,5.54M,-,-81.95%,-113.04%,-100.03%,3.36,3.31,0.01,0.04,87.46%,-212.16%,-214.17%,-,2.36,-3.67%,185
BBYD,5.27B,1.07%,27.44%,93.33%,32.22%,0.77,0.74,1.26,1.30,40.45%,18.71%,44.34%,Jul 23/a,72.58,0.00%,0
BBYFC,112.18M,-,-1.48%,-7.59%,-5.82%,0.05,-,0.36,0.67,-,9.88%,-34.68%,Apr 28/a,12.09,0.00%,0
BBYLD,-,5.44%,-,-,-,-,-,-,-,-,-,-,-,22.03,0.00%,0
BBYND,206.33M,-,31.19%,-,45.09%,2.63,2.07,6.63,7.25,2.17%,-73.97%,75.40%,Aug 05/a,12.00,0.67%,378
BBYRE,-,2.79%,-,-,-,-,-,-,-,-,-,-,-,26.60,0.00%,0
BBYRN,81.93M,-,-5.06%,-6.30%,-6.33%,4.86,1.86,0.02,0.04,48.37%,-8.31%,-3.39%,Jul 09/b,3.50,-0.55%,1
BBYSI,30.43M,-,-31.92%,-,-,0.70,0.70,-,-,-,-,-,Mar 25/b,0.74,0.00%,0
BBZ,5.65B,1.85%,19.18%,24.39%,21.29%,4.19,4.19,0.00,0.01,85.92%,33.14%,53.22%,Aug 25/b,14.44,0.00%,0
BBZAI,88.49M,-,-121.52%,-426.62%,-189.33%,3.72,3.21,0.00,0.00,11.67%,-194.43%,-160.85%,Aug 13/a,0.61,3.56%,"5,729"
BBZFD,95.24M,-,-26.48%,-52.66%,-32.49%,1.01,1.01,0.25,0.33,30.10%,-13.88%,-35.83%,Aug 04/a,1.12,0.00%,0
BBZH,890.03M,-,-0.28%,-0.65%,-0.30%,9.99,0.87,1.25,1.25,12.08%,-1.80%,-0.37%,Aug 07/b,33.36,0.00%,0
BBZQ,-,8.86%,-,-,-,-,-,-,-,-,-,-,-,18.63,0.00%,0
BBZUN,157.64M,-,-1.37%,-3.55%,-3.15%,1.90,1.59,0.12,0.58,73.92%,1.55%,-1.26%,Aug 27/b,2.93,0.00%,0
BBZZ,-,-,-,-,-,-,-,-,-,-,-,-,-,23.10,0.00%,0
CC,226.12B,1.91%,0.64%,8.31%,3.22%,1.51,-,1.59,3.85,-,14.30%,9.35%,Oct 13/b,134.80,-0.19%,715
CCAAA,-,4.74%,-,-,-,-,-,-,-,-,-,-,-,19.94,0.00%,0
CCAAP,3.95B,2.36%,6.36%,17.54%,10.44%,1.51,1.48,0.50,0.58,33.88%,23.04%,13.54%,Aug 18/b,24.19,0.00%,0
CCAAS,153.27M,-,4.63%,11.41%,9.65%,1.45,1.20,0.00,0.17,18.61%,6.14%,5.59%,Aug 13/b,5.08,0.00%,0
CCABA,417.08M,-,-75.36%,-93.20%,-83.63%,5.79,5.79,0.03,0.12,-,-,-,Aug 13/b,2.46,0.00%,0
CCABO,102.19M,-,-20.20%,-126.21%,-31.26%,0.46,0.46,9.29,9.41,50.49%,25.88%,-72.83%,Aug 06/a,18.01,0.00%,0
CCABR,-,-,-,-,-,-,-,-,-,-,-,-,-,1.30,0.00%,0
CCABZ,-,-,-,-,-,-,-,-,-,-,-,-,-,20.72,0.00%,0
CCAC,969.21M,2.94%,1.28%,12.87%,10.89%,0.03,-,0.12,0.83,-,30.01%,23.65%,Jul 28/b,57.36,0.30%,25
CCACC,5.86B,-,5.79%,31.93%,7.69%,0.29,0.29,3.11,3.96,97.69%,48.56%,21.54%,Aug 04/a,564.27,0.00%,0
CCACI,14.12B,-,5.24%,12.82%,5.50%,1.48,1.37,1.18,1.21,30.63%,9.61%,5.60%,Aug 05/a,638.90,0.95%,2
CCADL,895.55M,-,-56.37%,-81.84%,-50.54%,16.09,16.09,0.39,0.39,-,-,-,Aug 13/b,11.70,4.40%,"1,030"
CCAE,7.86B,-,2.62%,5.60%,3.66%,0.83,0.65,0.48,0.59,28.57%,12.63%,5.75%,Aug 12/a,24.54,0.00%,0
CCAES,320.89M,-,-,-,-,7.07,7.07,0.00,0.00,-,-,-,-,10.07,0.00%,0
CCAF,246.18M,1.43%,-,-,-,-,-,-,-,-,-,-,-,18.43,0.00%,0
CCAFG,-,0.36%,-,-,-,-,-,-,-,-,-,-,-,32.61,0.00%,0
CCAFX,-,4.11%,-,-,-,-,-,-,-,-,-,-,-,24.19,0.00%,0
CCAG,7.13B,4.85%,-10.03%,-25.06%,-14.76%,0.90,0.31,1.04,1.18,23.97%,11.49%,-16.99%,Sep 30/b,14.90,0.27%,"3,993"
CCAGE,-,-,-,-,-,-,-,-,-,-,-,-,-,29.42,0.00%,0
CCAH,52.50B,0.92%,3.10%,-,34.40%,0.88,0.49,-,-,3.70%,1.29%,0.67%,Aug 11/b,225.75,0.00%,0
CCAI,8.57B,-,9.62%,20.13%,10.13%,5.53,4.88,0.75,0.76,69.66%,15.49%,10.62%,Aug 05/a,30.34,-1.01%,70
CCAIE,-,11.64%,-,-,-,-,-,-,-,-,-,-,-,27.01,0.00%,0
CCAII,338.89M,-,-,-,-,4.08,4.08,0.00,0.00,-,-,-,-,9.98,0.00%,0
CCAIQ,-,11.51%,-,-,-,-,-,-,-,-,-,-,-,26.21,0.00%,0
CCAKE,4.97B,1.23%,5.54%,38.83%,7.36%,0.59,0.52,3.68,4.01,13.58%,6.98%,4.61%,Jul 28/a,99.91,0.44%,29
CCAL,410.95M,2.35%,2.32%,7.72%,4.36%,1.11,0.31,0.69,1.30,45.67%,3.51%,1.74%,Sep 09/b,11.91,0.00%,7
CCALC,12.70M,-,-110.10%,-365.70%,-144.36%,5.58,5.58,1.67,1.67,-,-,-,Aug 11/b,1.86,0.00%,14
CCALF,-,1.16%,-,-,-,-,-,-,-,-,-,-,-,55.08,0.00%,0
CCALI,-,2.53%,-,-,-,-,-,-,-,-,-,-,-,50.08,0.00%,0
CCALM,3.40B,0.49%,10.16%,12.20%,12.03%,7.70,5.87,0.00,0.00,23.08%,11.79%,10.88%,Sep 30/b,72.53,0.00%,0
CCALX,2.23B,-,5.46%,6.91%,7.10%,2.83,1.97,0.02,0.02,56.58%,5.51%,4.61%,Jul 20/a,35.42,0.00%,0
CCALY,2.62B,-,1.35%,3.01%,-9.94%,3.04,1.78,0.09,0.13,56.25%,8.61%,-9.03%,Aug 04/a,14.65,-0.54%,799
CCAM,-,3.06%,-,-,-,-,-,-,-,-,-,-,-,24.42,0.00%,0
CCAMC,-,-,-,-,-,-,-,-,-,-,-,-,-,16.61,0.00%,0
CCAML,-,-,-,-,-,-,-,-,-,-,-,-,-,41.01,0.00%,0
CCAMP,261.68M,-,-148.23%,-545.85%,-12228.51%,4.70,4.70,-,-,57.12%,-1242.50%,-2543.74%,Aug 13/a,4.17,0.00%,0
CCAMT,6.94B,-,3.26%,5.64%,3.14%,7.38,6.58,0.69,0.69,50.05%,23.19%,7.40%,Aug 10/b,148.68,-0.63%,860
CCAMX,-,1.67%,-,-,-,-,-,-,-,-,-,-,-,34.21,0.00%,0
CCAN,287.87M,-,-57.77%,-97.34%,-91.43%,2.84,1.45,0.12,0.21,-4.76%,-34.71%,-67.77%,Sep 08/b,0.41,-1.94%,"224,825"
CCANC,-,0.05%,-,-,-,-,-,-,-,-,-,-,-,42.43,0.75%,3
CCANE,-,-,-,-,-,-,-,-,-,-,-,-,-,11.13,0.00%,0
CCANF,6.84M,-,-121.89%,-212.72%,-197.98%,3.60,3.60,0.00,0.01,99.51%,-2402.92%,-2358.72%,Sep 08/b,2.26,1.74%,252
CCANG,93.53M,-,-83.32%,-149.94%,-344.54%,1.00,1.00,0.33,0.39,-5.57%,-11.09%,-107.22%,Aug 31/a,2.28,0.00%,"3,819"
CCANQ,-,4.27%,-,-,-,-,-,-,-,-,-,-,-,30.14,0.00%,0
CCAOS,-,-,-,-,-,-,-,-,-,-,-,-,-,90.48,0.00%,0
CCAPA,-,-,-,-,-,-,-,-,-,-,-,-,-,26.19,0.00%,0
CCAPE,-,1.42%,-,-,-,-,-,-,-,-,-,-,-,31.75,0.00%,0
CCAPL,841.34M,9.53%,5.22%,-,7.28%,0.76,0.37,-,-,9.31%,5.18%,1.36%,Aug 05/a,22.04,0.00%,0
CCAPN,59.07M,-,2.46%,2.62%,3.59%,0.05,0.05,0.00,0.05,-,-,-,-,11.17,0.00%,0
CCAPR,529.07M,-,-51.53%,-73.70%,-38.54%,7.35,7.35,0.36,0.37,-,-,-,Aug 13/a,9.10,2.25%,"4,416"
CCAPS,3.80M,-,-41.47%,-114.21%,-89.92%,0.99,0.39,0.98,2.46,25.21%,-4.82%,-36.68%,Aug 12/b,0.17,2.04%,"35,937"
CCAQ,311.31M,-,-,-,-,7.47,7.47,0.00,0.00,-,-,-,-,9.99,0.00%,0
CCAR,4.16B,-,-1.97%,-,-2.53%,0.81,0.81,-,-,25.61%,11.22%,-5.43%,Jul 28/a,117.90,0.55%,100
CCARD,-,-,-,-,-,-,-,-,-,-,-,-,-,2.66,0.00%,0
CCARE,674.24M,0.66%,2.65%,26.87%,23.54%,0.08,-,0.00,0.00,-,47.36%,36.32%,Jul 23/b,30.42,-0.91%,1
CCARG,2.94B,-,28.08%,51.41%,40.02%,1.71,1.71,0.66,0.70,89.85%,25.71%,18.06%,Aug 06/a,33.00,-0.51%,6
CCARK,-,0.01%,-,-,-,-,-,-,-,-,-,-,-,48.78,0.00%,0
CCARL,425.92M,-,-42.39%,-66.14%,-34.46%,8.84,8.66,0.25,0.26,76.63%,-61.09%,-57.42%,Aug 05/a,15.60,0.00%,0
CCARR,44.93B,1.74%,3.10%,8.44%,5.02%,1.02,0.72,0.82,0.94,24.69%,8.21%,5.43%,Jul 28/b,54.50,-0.22%,467
CCARS,612.95M,-,3.30%,7.40%,3.85%,2.00,2.00,1.01,1.01,57.05%,11.45%,4.73%,Aug 06/b,11.45,0.00%,0
CCART,10.55B,-,12.09%,15.96%,18.79%,2.28,2.28,0.01,0.01,71.98%,16.68%,11.80%,Aug 06/a,45.56,0.00%,0
CCARU,-,-,-,-,-,-,-,-,-,-,-,-,-,19.60,0.00%,0
CCARX,-,-,-,-,-,-,-,-,-,-,-,-,-,22.73,0.00%,0
CCARY,-,5.99%,-,-,-,-,-,-,-,-,-,-,-,20.45,0.00%,0
CCARZ,-,1.25%,-,-,-,-,-,-,-,-,-,-,-,109.57,0.00%,0
CCAS,-,39.84%,-,-,-,-,-,-,-,-,-,-,-,26.26,0.00%,0
CCASH,1.57B,0.26%,2.41%,21.03%,19.37%,0.03,-,0.07,0.26,-,25.59%,21.00%,Jul 22/a,75.65,-0.33%,1
CCASS,705.49M,2.34%,1.52%,15.13%,14.76%,0.21,0.21,0.01,0.34,89.32%,21.33%,17.03%,Jul 23/b,55.09,0.00%,0
CCAST,69.47M,-,-1195.70%,-,-,0.08,0.08,-,-,59.68%,-2305.36%,-2366.79%,Jun 03,1.46,0.69%,"7,188"
CCASY,21.73B,0.44%,8.84%,19.98%,11.24%,1.02,0.61,0.68,0.71,21.37%,5.88%,4.14%,Sep 08/a,588.00,0.45%,186
CCAT,372.67B,0.77%,11.24%,56.99%,21.08%,1.37,0.85,1.65,2.33,32.83%,18.32%,14.51%,Aug 04/b,810.73,-0.71%,"5,064"
CCATF,-,3.74%,-,-,-,-,-,-,-,-,-,-,-,48.17,0.00%,0
CCATG,-,-,-,-,-,-,-,-,-,-,-,-,-,10.47,0.00%,0
CCATH,-,0.75%,-,-,-,-,-,-,-,-,-,-,-,91.93,0.00%,0
CCATL,266.27M,-,-,-,-,0.09,0.09,-,-,-,-,-,-,9.80,0.00%,0
CCATO,48.78M,-,-1.35%,-3.42%,-2.25%,1.36,0.82,0.54,0.83,32.16%,-2.29%,-0.90%,Aug 20/b,2.45,0.00%,0
CCATX,339.03M,-,-33.19%,-39.57%,-35.64%,6.61,6.61,0.01,0.01,-890.95%,-28174.08%,-28467.97%,Aug 10/a,2.97,0.00%,0
CCATY,4.08B,2.49%,1.44%,11.71%,10.85%,0.07,-,0.05,0.05,-,32.74%,25.17%,Jul 22/a,61.19,-0.47%,1
CCAUG,-,-,-,-,-,-,-,-,-,-,-,-,-,25.46,0.00%,0
CCAVA,6.10B,-,4.75%,8.32%,5.07%,2.48,2.43,0.55,0.62,18.63%,7.32%,4.82%,Aug 11/a,52.20,0.38%,453
CCB,130.57B,1.18%,4.53%,15.45%,11.84%,0.46,-,0.25,0.31,-,23.22%,18.00%,Jul 21/a,338.45,0.35%,143
CCBAN,441.40M,2.26%,0.97%,9.57%,5.81%,0.12,-,0.44,0.60,-,21.50%,15.42%,Jul 22/a,20.80,0.00%,0
CCBAT,102.83M,-,-4.26%,-15.12%,-14.84%,0.65,0.44,0.09,0.49,6.38%,-11.00%,-7.43%,May 18/b,1.16,0.00%,535
CCBC,7.62B,1.51%,2.18%,12.20%,11.11%,0.13,-,0.00,0.24,-,43.47%,33.53%,Aug 04/b,31.81,0.00%,0
CCBFV,187.46M,3.02%,0.45%,4.65%,3.62%,0.07,-,0.23,0.63,-,10.84%,9.91%,Jul 27/a,36.89,0.00%,0
CCBIL,-,1.79%,-,-,-,-,-,-,-,-,-,-,-,24.80,0.00%,0
CCBIO,603.59M,-,-97.08%,-109.17%,-100.55%,9.66,9.66,0.01,0.01,98.22%,-1417.74%,-1389.58%,Jul 30/b,16.25,0.00%,0
CCBK,447.48M,1.35%,1.69%,14.55%,10.91%,0.12,-,0.19,0.58,-,38.67%,30.08%,Jul 27/a,32.66,0.00%,0
CCBL,1.66B,4.67%,8.30%,60.64%,9.53%,0.68,0.68,4.34,4.76,38.81%,27.50%,36.26%,Aug 06/a,53.51,0.00%,0
CCBLL,930.67M,-,-35.29%,-43.93%,-44.28%,9.05,8.66,0.16,0.17,88.90%,-68.62%,-64.73%,Aug 10/a,24.25,0.00%,0
CCBLS,-,0.79%,-,-,-,-,-,-,-,-,-,-,-,31.39,0.00%,0
CCBNA,310.08M,-,1.46%,15.64%,14.50%,0.49,-,0.00,0.00,-,48.60%,38.65%,Jul 28/a,47.22,0.00%,0
CCBNK,586.46M,1.42%,1.55%,14.05%,13.09%,0.13,-,0.02,0.14,-,17.58%,18.69%,Jul 27/a,36.00,0.00%,0
CCBOA,-,2.30%,-,-,-,-,-,-,-,-,-,-,-,25.11,0.00%,0
CCBOE,28.35B,1.16%,13.71%,26.19%,20.63%,1.57,1.57,0.16,0.28,51.71%,35.28%,26.62%,Jul 31/b,271.43,0.00%,0
CCBOJ,-,3.10%,-,-,-,-,-,-,-,-,-,-,-,24.49,0.00%,0
CCBOL,-,1.78%,-,-,-,-,-,-,-,-,-,-,-,24.08,0.00%,0
CCBON,-,1.45%,-,-,-,-,-,-,-,-,-,-,-,24.20,0.00%,0
CCBOO,-,0.57%,-,-,-,-,-,-,-,-,-,-,-,24.67,0.00%,0
CCBOT,-,-,-,-,-,-,-,-,-,-,-,-,-,24.50,0.00%,0
CCBOX,-,-,-,-,-,-,-,-,-,-,-,-,-,101.65,0.00%,0
CCBOY,-,1.33%,-,-,-,-,-,-,-,-,-,-,-,25.22,0.00%,0
CCBRE,41.47B,-,4.47%,15.63%,7.91%,1.14,1.14,0.96,1.29,16.74%,2.83%,2.98%,Jul 29/b,143.21,0.00%,0
CCBRG,-,-,-,-,-,-,-,-,-,-,-,-,-,3.67,-2.65%,"129,408"
CCBRL,1.01B,2.22%,1.24%,5.61%,1.86%,0.50,0.19,2.03,2.35,5.81%,-0.05%,0.79%,Sep 23/b,45.05,0.40%,71
CCBRS,46.26B,-,13.83%,38.42%,-5.22%,5.82,5.80,0.07,0.16,39.00%,-81.17%,-75.27%,Aug 12/a,206.66,-0.88%,"30,182"
CCBRX,-,-,-,-,-,-,-,-,-,-,-,-,-,10.82,-3.38%,"2,653"
CCBRZ,-,-,-,-,-,-,-,-,-,-,-,-,-,8.10,2.52%,"10,521"
CCBSE,-,0.29%,-,-,-,-,-,-,-,-,-,-,-,47.47,0.00%,0
CCBSH,8.11B,1.94%,1.71%,14.46%,13.19%,0.40,-,0.01,0.56,-,33.74%,25.69%,Jul 16/b,56.55,0.00%,0
CCBT,3.95B,2.43%,4.79%,11.89%,7.69%,1.47,0.97,0.52,0.79,24.16%,15.13%,5.15%,Aug 03/a,76.59,0.00%,1
CCBTA,-,1.00%,-,-,-,-,-,-,-,-,-,-,-,24.81,0.00%,0
CCBTJ,-,1.49%,-,-,-,-,-,-,-,-,-,-,-,21.21,0.00%,0
CCBTL,-,1.02%,-,-,-,-,-,-,-,-,-,-,-,20.06,0.00%,0
CCBTO,-,0.24%,-,-,-,-,-,-,-,-,-,-,-,19.87,0.00%,0
CCBTY,-,1.43%,-,-,-,-,-,-,-,-,-,-,-,22.65,0.00%,0
CCBU,3.19B,3.14%,1.32%,11.49%,9.07%,0.08,-,0.21,0.37,-,29.12%,21.70%,Jul 28/b,60.66,-0.71%,1
CCBUS,119.23M,-,-29.77%,-225.93%,-33.02%,1.62,1.62,19.09,19.34,-17.97%,-1240.90%,-2258.89%,Aug 13/a,1.56,0.00%,0
CCBXA,-,2.23%,-,-,-,-,-,-,-,-,-,-,-,23.85,0.00%,0
CCBXJ,-,1.99%,-,-,-,-,-,-,-,-,-,-,-,22.40,0.00%,0
CCBXL,-,1.47%,-,-,-,-,-,-,-,-,-,-,-,21.55,0.00%,0
CCBXO,-,0.52%,-,-,-,-,-,-,-,-,-,-,-,22.22,0.00%,0
CCBXY,-,1.32%,-,-,-,-,-,-,-,-,-,-,-,24.11,0.00%,0
CCBZ,2.97B,-,2.87%,6.97%,3.61%,1.47,1.47,0.94,1.02,15.09%,10.90%,4.73%,Jul 29/b,54.68,0.00%,0
CCC,2.19B,2.40%,-4.15%,-323.40%,-7.64%,1.66,0.88,-,-,15.21%,3.26%,-5.24%,Aug 04/a,14.53,0.00%,2
CCCAP,361.83M,15.84%,-0.19%,-0.46%,-0.20%,2.26,2.26,1.41,1.41,75.97%,63.86%,-2.54%,Aug 10/a,9.82,0.00%,0
CCCAQ,214.06M,-,2.51%,2.62%,2.59%,0.36,0.36,0.00,0.00,-,-,-,-,10.69,0.00%,0
CCCB,690.02M,-,-0.08%,-0.83%,-0.75%,0.28,-,0.11,0.11,-,-0.76%,-0.53%,Jul 30/b,45.14,0.00%,0
CCCBG,858.92M,2.15%,1.40%,11.26%,9.83%,0.35,-,0.10,0.19,-,28.25%,21.38%,Jul 21/b,50.19,0.00%,0
CCCC,3.83B,-,1.19%,2.17%,1.37%,1.45,1.45,0.75,0.78,66.09%,15.49%,3.81%,Jul 30/b,6.50,0.00%,0
CCCCC,405.98M,-,-30.92%,-48.14%,-34.10%,5.45,5.45,0.20,0.23,78.68%,-288.34%,-289.44%,Aug 11/b,3.30,0.00%,53
CCCCT,308.29M,-,-,-,-,0.01,0.01,-,-,-,-,-,-,9.84,0.00%,0
CCCD,685.72M,9.77%,-,-,-,-,-,-,-,-,-,-,-,23.96,0.00%,0
CCCEC,1.32B,2.74%,2.24%,6.61%,2.56%,1.15,1.13,1.81,1.89,53.78%,49.98%,27.73%,Jul 29/b,21.89,0.00%,0
CCCEF,-,7.36%,-,-,-,-,-,-,-,-,-,-,-,29.34,0.00%,0
CCCEL,32.25M,-,-3.94%,-,-,0.71,0.69,-,-,75.56%,-0.33%,-7.92%,Jul 15/a,4.00,13.31%,200
CCCEP,44.94B,2.52%,6.25%,24.65%,10.83%,0.89,0.68,1.27,1.47,34.95%,13.54%,9.35%,Aug 04/b,101.40,0.87%,"2,897"
CCCFE,-,0.02%,-,-,-,-,-,-,-,-,-,-,-,24.23,0.00%,0
CCCG,31.09M,-,-3.24%,-11.51%,-11.84%,1.30,1.30,0.00,0.51,5.98%,-1.80%,-1.47%,Sep 04/a,12.41,0.00%,0
CCCHH,18.19M,-,-,-,-21.57%,2.11,2.04,0.32,0.54,14.08%,-23.84%,-28.57%,-,0.92,-2.34%,723
CCCI,30.85B,5.87%,-0.17%,-276.36%,4.89%,0.52,0.52,-,-,57.52%,48.27%,47.57%,Jul 22/a,72.50,-0.98%,5
CCCIF,51.94M,38.57%,-,-,-,-,-,-,-,-,-,-,Aug 19/a,2.45,0.00%,0
CCCII,357.34M,-,6.24%,6.52%,3.26%,7.18,7.18,0.00,0.00,-,-,-,-,10.30,0.00%,0
CCCJ,40.80B,0.19%,3.59%,5.14%,4.46%,3.06,2.10,0.14,0.14,25.62%,13.97%,10.20%,Jul 31/b,93.68,0.49%,"3,277"
CCCK,11.73B,1.30%,5.40%,27.23%,9.19%,1.05,0.65,1.97,2.19,17.59%,12.75%,5.89%,Jul 20/a,107.81,-0.85%,"1,056"
CCCL,30.93B,2.51%,5.94%,26.72%,8.18%,0.30,0.26,1.89,2.02,29.22%,16.34%,11.24%,Sep 29/b,22.58,1.21%,"46,578"
CCCLD,91.36M,-,9.45%,21.75%,13.53%,1.02,1.01,2.40,3.10,34.06%,7.89%,2.30%,Aug 06/b,2.15,0.00%,0
CCCM,10.55M,-,-1.39%,-,-17.80%,0.48,0.46,-,-,5.67%,-51.81%,-20.21%,-,3.74,0.00%,0
CCCML,-,-,-,-,-,-,-,-,-,-,-,-,-,27.50,0.55%,630
CCCNE,1.01B,2.23%,1.29%,12.32%,9.31%,0.16,-,0.13,0.31,-,26.42%,18.33%,Jul 23/a,33.95,0.00%,0
CCCNR,-,2.84%,-,-,-,-,-,-,-,-,-,-,-,40.14,0.00%,0
CCCO,1.21B,-,-3.14%,-,-3.44%,1.25,1.25,-,-,43.93%,20.63%,-5.89%,Aug 05/b,2.38,0.00%,0
CCCOI,475.79M,0.89%,-1.42%,-721.50%,-2.54%,0.63,0.63,-,-,22.68%,-6.58%,-4.73%,Aug 06/b,9.29,0.00%,0
CCCOM,-,1.27%,-,-,-,-,-,-,-,-,-,-,-,23.53,0.00%,0
CCCOR,-,0.97%,-,-,-,-,-,-,-,-,-,-,-,25.83,0.00%,0
CCCPX,-,-,-,-,-,-,-,-,-,-,-,-,-,22.46,0.00%,0
CCCRP,-,3.31%,-,-,-,-,-,-,-,-,-,-,-,19.17,0.00%,0
CCCS,1.75B,2.03%,2.89%,5.22%,3.33%,5.63,0.29,0.57,0.66,16.19%,3.17%,3.46%,Jul 22/a,61.66,0.00%,0
CCCSB,-,4.59%,-,-,-,-,-,-,-,-,-,-,-,19.62,0.00%,0
CCCSI,652.00M,-,14.14%,1254.76%,15.83%,1.90,1.90,13.39,13.61,80.24%,41.80%,26.69%,Aug 06/a,35.58,0.00%,100
CCCSO,-,0.62%,-,-,-,-,-,-,-,-,-,-,-,25.20,0.00%,0
CCCTG,6.29M,-,-28.64%,-41.11%,-36.94%,2.09,1.62,0.03,0.08,29.27%,-20.00%,-27.79%,-,0.46,-11.85%,"1,666"
CCCU,2.05B,3.76%,2.91%,7.22%,4.11%,1.84,1.16,0.78,0.90,44.70%,7.64%,3.53%,Aug 04/b,11.11,0.00%,0
CCCUP,-,-,-,-,-,-,-,-,-,-,-,-,-,26.26,-4.92%,"11,723"
CCCXI,751.95M,-,-62.03%,-97.74%,-48.87%,0.01,0.01,0.00,0.00,-,-,-,-,13.50,-0.59%,"3,124"
CCD,431.33M,-,-5.57%,-6.73%,-10.56%,27.53,27.53,0.01,0.02,77.87%,-177.49%,-273.04%,-,3.92,0.80%,22
CCDC,-,3.22%,-,-,-,-,-,-,-,-,-,-,-,73.74,0.00%,0
CCDE,19.86B,0.21%,8.79%,12.85%,7.65%,3.65,2.43,0.07,0.07,37.69%,35.41%,26.88%,Aug 05/a,19.32,-1.00%,"19,495"
CCDEI,-,0.93%,-,-,-,-,-,-,-,-,-,-,-,94.86,0.00%,0
CCDIG,-,-,-,-,-,-,-,-,-,-,-,-,-,25.94,0.00%,0
CCDIO,5.68M,-,-70.62%,-75.44%,-85.50%,17.15,17.15,0.02,0.05,-2622.67%,-44690.68%,-44771.83%,-,1.92,0.00%,0
CCDL,-,3.21%,-,-,-,-,-,-,-,-,-,-,-,76.94,0.00%,0
CCDLR,2.51B,-,6.39%,12.83%,6.29%,1.62,1.61,0.83,0.91,47.48%,36.21%,27.45%,Aug 25/b,25.97,0.00%,0
CCDLX,21.67M,-,-34.70%,-484.19%,-66.19%,1.62,1.62,-,-,45.75%,-16.14%,-63.65%,Aug 05/a,3.68,0.00%,0
CCDNA,2.81B,-,22.72%,29.49%,25.30%,4.58,4.51,0.03,0.05,70.11%,-0.40%,24.23%,Jul 30/a,54.33,0.00%,0
CCDNG,-,-,-,-,-,-,-,-,-,-,-,-,-,8.00,0.00%,0
CCDNL,1.50B,-,3.00%,13.73%,4.01%,3.59,3.59,0.84,0.93,13.36%,8.24%,2.74%,Aug 11/b,31.52,0.00%,0
CCDNS,81.44B,-,12.77%,23.23%,14.75%,1.74,1.53,0.36,0.36,84.56%,31.40%,23.61%,Jul 27/a,295.74,0.28%,"2,069"
CCDP,7.82B,3.68%,3.73%,10.85%,3.95%,1.72,1.72,1.72,1.75,36.65%,30.32%,20.85%,Jul 27/a,34.58,0.00%,1
CCDPI,-,0.69%,-,-,-,-,-,-,-,-,-,-,-,19.95,0.00%,0
CCDRE,1.14B,1.50%,4.21%,10.62%,5.02%,2.14,1.35,1.07,1.15,40.50%,11.09%,5.26%,Aug 05/a,26.63,0.00%,0
CCDRO,423.32M,-,-2.25%,-6.63%,-4.22%,1.77,1.77,0.05,0.05,-,-,-0.82%,Jul 30/b,9.31,0.00%,0
CCDT,2.10M,-,-55.16%,-69.68%,-36.03%,0.13,0.13,0.00,0.01,-,-,-,-,0.15,-0.32%,"103,637"
CCDTG,3.63M,-,-11.44%,-30.10%,-32.23%,1.46,1.46,0.01,0.20,41.49%,-64.28%,-56.23%,-,1.20,-1.64%,"2,705"
CCDW,18.30B,1.74%,6.64%,44.01%,14.60%,1.17,1.05,2.03,2.63,21.36%,7.17%,4.60%,Aug 05/b,146.41,0.00%,0
CCDX,-,7.56%,-,-,-,-,-,-,-,-,-,-,-,20.54,0.00%,0
CCDXS,163.53M,-,-23.79%,-69.36%,-32.27%,3.06,2.99,1.89,2.20,80.47%,-31.23%,-39.55%,Aug 11/a,1.49,8.21%,63
CCDZI,325.16M,-,-27.17%,-183.13%,-29.65%,1.16,0.96,25.60,25.69,15.07%,-236.05%,-353.94%,Aug 14,3.84,1.59%,418
CCE,4.99B,0.28%,-5.14%,-24.57%,-7.70%,1.45,0.87,2.64,2.98,19.56%,8.74%,-12.04%,Aug 04/a,45.49,2.51%,44
CCECO,4.19B,-,-1.33%,-2.58%,-1.08%,1.50,1.18,0.36,0.37,29.72%,5.82%,-3.39%,Aug 10/b,71.53,0.00%,0
CCEE,127.99M,1.97%,-,-,-,-,-,-,-,-,-,-,-,19.63,0.00%,0
CCEF,7.46B,-,-,-,-,-,-,-,-,-,-,-,-,43.75,-1.35%,236
CCEFA,-,2.64%,-,-,-,-,-,-,-,-,-,-,-,41.00,0.00%,0
CCEFD,-,15.21%,-,-,-,-,-,-,-,-,-,-,-,18.25,0.00%,0
CCEFS,-,6.10%,-,-,-,-,-,-,-,-,-,-,-,25.14,0.00%,0
CCEFZ,-,10.12%,-,-,-,-,-,-,-,-,-,-,-,8.07,0.00%,0
CCEG,93.18B,0.64%,4.58%,15.26%,6.78%,1.46,1.20,0.60,0.77,17.37%,14.93%,11.25%,Aug 06/b,263.00,0.34%,"5,822"
CCEGX,-,-,-,-,-,-,-,-,-,-,-,-,-,12.43,0.58%,"1,571"
CCELC,4.11B,-,-44.77%,-1433.70%,-30.55%,8.93,8.93,-,-,-,-,-,Aug 13/a,84.00,0.00%,0
CCELH,7.11B,-,2.75%,7.48%,3.39%,1.75,1.38,2.02,2.03,47.53%,19.20%,1.97%,Aug 06/b,28.11,0.32%,"9,394"
CCELU,35.89M,-,-29.73%,-6367.24%,-446.63%,0.15,0.15,-,-,-3.08%,-230.91%,-345.76%,-,1.24,0.00%,50
CCELZ,5.92M,-,-73.30%,-78.03%,-69.79%,12.91,12.91,0.00,0.00,-3725.83%,-208004.40%,-201355.37%,Sep 02,0.90,-10.65%,"267,184"
CCEMB,-,5.28%,-,-,-,-,-,-,-,-,-,-,-,44.68,0.00%,0
CCENN,11.40M,-,-69.49%,-117.98%,-181.74%,1.65,0.92,0.12,0.24,-11.61%,-158.21%,-407.31%,-,4.64,0.00%,0
CCENT,2.23B,-,4.47%,9.98%,5.36%,3.79,2.67,0.78,0.81,31.72%,8.81%,5.39%,Aug 05/a,40.10,0.00%,0
CCENTA,2.23B,-,4.47%,9.98%,5.36%,3.79,2.67,0.78,0.81,31.72%,8.81%,5.39%,Aug 05/a,34.55,0.00%,0
CCENX,3.92B,-,25.02%,56.73%,32.05%,2.75,1.61,0.34,0.34,19.27%,14.87%,22.60%,Aug 06/a,39.62,1.33%,463
CCEPF,588.65M,-,6.12%,6.13%,3.06%,0.51,0.51,0.00,0.00,-,-,-,-,10.30,0.00%,0
CCEPI,-,40.38%,-,-,-,-,-,-,-,-,-,-,-,32.33,0.17%,11
CCEPL,201.95M,-,3.80%,-,-,1.00,0.65,-,-,34.03%,4.70%,-47.40%,Aug 12/a,6.13,0.00%,0
CCEPO,274.89M,-,-3.49%,-3.63%,-3.69%,0.11,0.11,0.00,0.00,-,-,-,-,10.78,0.00%,0
CCEPS,151.15M,-,-90.89%,-,1.07%,1.27,1.27,0.00,0.00,-,-,-,-,10.30,0.00%,0
CCEPU,2.01B,-,11.46%,17.78%,13.93%,1.28,1.16,0.24,0.35,33.91%,28.60%,28.82%,May 12/a,13.38,0.00%,0
CCEPV,327.44M,-,4.35%,4.36%,2.18%,0.82,0.82,0.00,0.00,-,-,-,-,10.35,0.00%,0
CCERS,527.99M,-,-3.24%,-10.81%,-5.98%,1.83,1.07,0.62,1.10,51.84%,-12.67%,-3.06%,Jul 30/a,2.62,2.34%,4
CCERT,1.30B,-,-1.31%,-1.89%,-0.23%,2.55,2.55,0.31,0.31,48.49%,4.63%,-0.72%,Aug 04/b,8.54,0.23%,2
CCERY,-,3.59%,-,-,-,-,-,-,-,-,-,-,-,39.70,0.00%,0
CCET,1.68B,1.53%,-,-,-,-,-,-,-,-,-,-,-,56.74,0.00%,0
CCETX,3.56M,-,-46.12%,-151.47%,-64.91%,1.54,1.21,0.32,0.69,35.46%,-10.33%,-38.56%,Aug 14/a,2.07,0.98%,84
CCETY,12.41M,-,-49.45%,-109.57%,-111.72%,0.98,0.63,0.02,0.64,-3.81%,-117.56%,-258.72%,-,1.02,7.13%,"2,485"
CCEV,69.07M,6.11%,-,-,-,-,-,-,-,-,-,-,-,9.82,0.00%,0
CCEVA,900.65M,-,-3.16%,-3.62%,-3.09%,10.12,10.12,0.04,0.05,86.98%,-9.63%,-9.48%,Aug 10/b,31.99,-0.81%,"1,138"
CCEW,-,2.36%,-,-,-,-,-,-,-,-,-,-,-,19.78,0.00%,0
CCF,18.61B,1.77%,14.55%,39.19%,22.67%,4.86,4.32,0.61,0.63,45.69%,41.45%,27.12%,Aug 05/a,123.00,-0.22%,"1,510"
CCFA,-,1.26%,-,-,-,-,-,-,-,-,-,-,-,97.73,0.00%,0
CCFBK,223.72M,1.04%,0.86%,9.92%,6.18%,0.90,-,0.53,0.62,-,18.18%,14.75%,Jul 28/b,34.46,0.00%,0
CCFFI,302.74M,2.04%,1.06%,11.23%,8.29%,0.12,-,0.26,0.43,-,18.44%,14.91%,-,93.10,0.11%,"2,226"
CCFFN,1.11B,4.29%,0.85%,8.00%,3.27%,0.03,-,1.48,1.60,-,23.15%,18.67%,Jul 29/b,8.85,0.00%,0
CCFG,28.37B,2.81%,0.94%,8.27%,5.20%,0.10,-,0.56,0.62,-,22.14%,16.20%,Oct 16/b,67.36,0.00%,6
CCFIT,-,3.02%,-,-,-,-,-,-,-,-,-,-,-,25.48,0.00%,0
CCFND,-,-,-,-,-,-,-,-,-,-,-,-,Aug 31/b,3.34,0.00%,1
CCFO,-,1.25%,-,-,-,-,-,-,-,-,-,-,-,79.23,0.00%,0
CCFR,9.87B,2.57%,1.28%,15.33%,13.17%,0.21,-,0.11,1.17,-,27.82%,22.91%,Jul 30/b,158.74,0.00%,0
CCG,14.56B,3.43%,1.37%,6.56%,1.89%,0.52,0.52,2.67,2.72,75.09%,14.38%,10.43%,Aug 05/b,40.86,0.00%,0
CCGAU,4.46B,0.88%,23.52%,32.89%,28.88%,2.42,1.49,0.02,0.02,32.74%,26.71%,37.72%,Jul 28/a,22.81,-0.62%,"1,349"
CCGBD,792.63M,12.63%,1.47%,3.25%,1.56%,1.27,1.27,1.19,1.19,72.15%,58.12%,17.45%,Aug 07/b,11.52,0.00%,0
CCGBL,-,1.86%,-,-,-,-,-,-,-,-,-,-,-,37.78,0.19%,111
CCGC,389.83M,-,-23.51%,-40.16%,-26.05%,3.04,2.39,0.34,0.40,18.25%,-25.43%,-79.75%,Aug 07/b,0.92,-0.25%,"1,006"
CCGCB,-,4.30%,-,-,-,-,-,-,-,-,-,-,-,25.53,0.00%,0
CCGCF,340.13M,-,-,-,-,2.04,2.04,0.00,0.00,-,-,-,-,9.80,0.00%,0
CCGCP,-,5.18%,-,-,-,-,-,-,-,-,-,-,-,21.70,0.00%,0
CCGCV,-,1.46%,-,-,-,-,-,-,-,-,-,-,-,32.67,0.00%,0
CCGDG,-,2.26%,-,-,-,-,-,-,-,-,-,-,-,37.97,0.00%,0
CCGDV,-,1.18%,-,-,-,-,-,-,-,-,-,-,-,49.51,-0.42%,1
CCGEM,1.37B,-,-46.30%,-50.30%,-63.34%,8.42,8.42,0.00,0.01,-,-,-,Aug 06/b,21.35,0.00%,0
CCGEN,230.66M,-,28.74%,50.64%,38.61%,5.72,5.72,0.03,0.03,86.89%,40.94%,47.55%,Aug 03/b,2.43,0.00%,0
CCGFS,-,-,-,-,-,-,-,-,-,-,-,-,-,25.51,0.00%,0
CCGGE,-,0.36%,-,-,-,-,-,-,-,-,-,-,-,35.22,0.00%,0
CCGGG,-,0.09%,-,-,-,-,-,-,-,-,-,-,-,29.38,0.00%,0
CCGGO,-,0.99%,-,-,-,-,-,-,-,-,-,-,-,40.33,0.00%,0
CCGGR,-,0.14%,-,-,-,-,-,-,-,-,-,-,-,49.04,1.93%,408
CCGHM,-,4.29%,-,-,-,-,-,-,-,-,-,-,-,24.73,0.00%,0
CCGHY,-,5.51%,-,-,-,-,-,-,-,-,-,-,-,24.93,0.00%,0
CCGIB,-,1.47%,-,-,-,-,-,-,-,-,-,-,-,25.05,0.00%,0
CCGIC,-,1.64%,-,-,-,-,-,-,-,-,-,-,-,36.88,0.00%,0
CCGIE,-,1.34%,-,-,-,-,-,-,-,-,-,-,-,37.32,0.00%,0
CCGMM,-,0.38%,-,-,-,-,-,-,-,-,-,-,-,31.70,0.00%,0
CCGMS,-,6.11%,-,-,-,-,-,-,-,-,-,-,-,26.89,0.00%,0
CCGMU,-,3.47%,-,-,-,-,-,-,-,-,-,-,-,26.47,0.00%,0
CCGNG,-,0.58%,-,-,-,-,-,-,-,-,-,-,-,37.38,0.00%,0
CCGNT,636.55M,-,-0.01%,-0.03%,-0.03%,1.34,1.22,0.18,0.18,72.85%,4.88%,-0.01%,Sep 09/b,8.62,1.06%,1
CCGNX,10.35B,0.56%,8.36%,11.15%,10.34%,3.84,3.18,0.04,0.04,68.87%,21.90%,16.05%,Aug 05/a,61.51,-0.77%,30
CCGO,129.52M,7.51%,-,-,-,-,-,-,-,-,-,-,-,13.18,0.00%,0
CCGON,6.94B,-,-25.11%,-26.41%,-21.64%,22.22,22.20,0.01,0.01,-93.32%,-4056.18%,-3602.68%,Aug 06/b,78.25,0.00%,0
CCGOV,-,0.97%,-,-,-,-,-,-,-,-,-,-,-,25.05,0.00%,0
CCGPT,-,-,-,-,-,-,-,-,-,-,-,-,-,20.28,0.00%,0
CCGRO,-,3.53%,-,-,-,-,-,-,-,-,-,-,-,21.22,0.00%,0
CCGSD,-,4.47%,-,-,-,-,-,-,-,-,-,-,-,25.47,0.00%,0
CCGSM,-,2.93%,-,-,-,-,-,-,-,-,-,-,-,26.02,0.00%,0
CCGTL,6.24M,-,-11.46%,-11.74%,-13.15%,46.70,23.42,0.01,0.01,-11.14%,-13.63%,-6.86%,-,3.63,-0.82%,355
CCGTX,95.09M,-,-57.33%,-83.76%,-50.16%,7.03,7.03,0.01,0.02,-,-,-,Aug 06/a,1.00,0.00%,0
CCGUI,-,3.86%,-,-,-,-,-,-,-,-,-,-,-,25.28,0.00%,0
CCGUS,-,0.82%,-,-,-,-,-,-,-,-,-,-,-,45.07,0.00%,0
CCGV,-,4.69%,-,-,-,-,-,-,-,-,-,-,-,16.07,0.00%,0
CCGVV,-,0.83%,-,-,-,-,-,-,-,-,-,-,-,31.64,0.00%,0
CCGW,-,1.57%,-,-,-,-,-,-,-,-,-,-,-,63.50,0.01%,6
CCGXU,-,4.75%,-,-,-,-,-,-,-,-,-,-,-,35.48,0.00%,0
CCHA,1.52B,0.52%,11.54%,16.59%,14.36%,3.37,3.25,0.11,0.17,41.12%,11.40%,10.25%,Aug 28/b,12.10,-0.95%,258
CCHAI,7.34M,-,-110.64%,-172.80%,-901.11%,1.08,1.08,0.00,0.07,-7.26%,-175.37%,-225.51%,Aug 18/b,0.28,2.57%,"4,090"
CCHAR,120.18M,-,3.05%,3.13%,3.09%,0.04,0.04,0.00,0.01,-,-,-,-,10.96,0.00%,0
CCHAT,-,1.81%,-,-,-,-,-,-,-,-,-,-,-,92.86,-0.78%,"2,663"
CCHAU,-,2.12%,-,-,-,-,-,-,-,-,-,-,-,21.44,0.00%,0
CCHCI,206.35M,-,31.57%,36.37%,29.22%,7.67,7.67,0.05,0.06,26.43%,21.48%,32.16%,Aug 13/b,20.07,0.00%,0
CCHCO,1.97B,2.50%,1.95%,16.61%,13.62%,0.09,-,0.19,0.65,-,40.83%,32.53%,Jul 22/b,140.24,0.00%,0
CCHCT,412.04M,11.27%,1.82%,4.21%,1.83%,2.24,2.24,1.36,1.36,46.07%,30.50%,14.37%,Aug 04/a,14.38,0.00%,0
CCHD,22.65B,1.29%,8.32%,17.04%,11.11%,1.15,0.69,0.54,0.56,43.49%,17.47%,11.96%,Jul 31/b,95.49,0.00%,0
CCHDG,-,-,-,-,-,-,-,-,-,-,-,-,-,25.30,0.00%,0
CCHDN,5.71B,0.57%,5.49%,34.31%,7.50%,0.36,0.35,3.06,3.57,34.19%,25.81%,13.66%,Jul 29/a,81.92,0.00%,0
CCHE,6.52B,0.49%,16.68%,27.11%,25.37%,0.91,0.89,0.31,0.40,30.44%,13.47%,10.60%,Jul 28/a,498.54,-0.22%,"2,286"
CCHEC,177.41M,-,4.28%,4.49%,2.25%,1.46,1.46,0.00,0.00,-,-,-,-,10.29,0.00%,0
CCHEF,4.52B,-,4.68%,15.25%,5.97%,2.15,1.31,1.38,1.46,24.46%,4.14%,2.09%,Jul 29/b,110.70,0.00%,0
CCHGA,2.41M,-,-78.94%,-214.52%,-180.84%,0.11,0.09,0.01,0.13,44.40%,-733.08%,-1743.75%,-,2.15,4.37%,742
CCHGG,79.94M,-,-16.77%,-38.34%,-40.39%,1.17,1.17,0.11,0.43,58.46%,-7.05%,-19.96%,Aug 06/b,0.72,0.00%,0
CCHGX,-,0.55%,-,-,-,-,-,-,-,-,-,-,-,33.33,0.00%,0
CCHH,4.46B,1.17%,11.56%,563.79%,14.53%,0.93,0.93,14.82,14.82,47.87%,25.52%,20.19%,Aug 05/b,99.05,0.00%,0
CCHI,1.01B,9.16%,-,-,-,-,-,-,-,-,-,-,-,12.44,0.00%,0
CCHIQ,-,1.75%,-,-,-,-,-,-,-,-,-,-,-,16.33,0.00%,0
CCHKP,13.71B,-,15.89%,37.64%,22.25%,1.67,1.67,0.72,0.72,85.52%,29.02%,37.93%,Jul 30/b,134.25,0.00%,0
CCHMG,392.22M,1.72%,1.17%,13.14%,10.30%,0.05,-,0.19,0.53,-,27.32%,20.51%,Jul 22/a,81.35,-1.25%,"4,447"
CCHMI,105.30M,14.04%,1.13%,7.15%,4.45%,0.09,0.09,0.62,5.10,90.79%,66.58%,6.49%,Aug 10/b,2.85,0.00%,0
CCHNL,-,0.77%,-,-,-,-,-,-,-,-,-,-,-,30.35,0.00%,0
CCHNR,4.90M,-,-0.48%,-1.39%,-1.37%,0.12,0.12,0.00,0.00,-,-,-,May 15/a,3.90,4.68%,"1,224"
CCHNU,-,0.26%,-,-,-,-,-,-,-,-,-,-,-,34.01,-4.09%,94
CCHOW,20.69M,-,-32.41%,-57.35%,-32.56%,3.44,3.44,0.06,0.07,12.59%,-9.36%,-9.36%,-,0.58,-0.09%,"1,669"
CCHPG,104.27M,-,3.26%,3.35%,3.29%,0.20,0.20,0.00,0.00,-,-,-,-,10.44,0.00%,0
CCHPS,-,0.34%,-,-,-,-,-,-,-,-,-,-,-,89.00,-0.03%,30
CCHPT,253.37M,-,-22.44%,-1015.08%,-91.64%,1.07,0.57,-,-,31.02%,-39.11%,-40.59%,Sep 02/a,9.44,0.28%,"1,597"
CCHPX,-,0.03%,-,-,-,-,-,-,-,-,-,-,-,101.93,0.71%,"2,223"
CCHPY,-,38.51%,-,-,-,-,-,-,-,-,-,-,-,69.72,-0.04%,"5,549"
CCHR,3.71M,-,6.63%,7.29%,6.66%,12.48,12.48,0.00,0.01,73.58%,20.57%,18.74%,Mar 23/b,1.58,0.00%,31
CCHRD,7.65B,3.79%,6.41%,10.24%,8.55%,1.22,1.15,0.18,0.18,20.84%,18.93%,13.32%,Aug 05/a,139.79,0.26%,70
CCHRI,-,0.37%,-,-,-,-,-,-,-,-,-,-,-,92.09,0.00%,0
CCHRN,3.16B,-,-68.39%,-217.36%,-251.76%,1.55,1.03,2.05,3.81,52.86%,-134.06%,-138.91%,-,21.69,0.00%,0
CCHRS,216.31M,-,-51.10%,-178.39%,-115.55%,1.77,1.70,0.86,0.89,61.86%,-307.43%,-256.49%,Aug 05/a,1.40,2.19%,9
CCHRW,19.43B,1.51%,11.34%,37.12%,17.94%,1.58,1.58,1.17,1.21,8.14%,4.91%,3.73%,Jul 29/a,166.27,8.79%,1
CCHSN,3.93M,-,2.80%,4.39%,2.68%,1.37,1.31,0.10,0.18,46.49%,-8.27%,11.66%,-,1.08,0.00%,312
CCHT,35.61B,3.63%,7.06%,10.57%,10.22%,1.22,1.07,0.08,0.10,35.49%,20.39%,16.12%,Aug 05/b,45.90,0.00%,0
CCHTR,21.71B,0.05%,3.21%,29.70%,4.48%,0.36,0.36,5.48,5.61,45.98%,23.98%,9.05%,Jul 24/b,124.00,0.53%,748
CCHW,533.27M,7.54%,-,-,-,-,-,-,-,-,-,-,-,8.35,0.00%,0
CCHWY,8.26B,-,7.98%,71.99%,18.41%,0.84,0.42,3.01,3.13,28.86%,2.75%,2.09%,Sep 09/b,20.56,0.24%,351
CCHY,1.02B,9.47%,-,-,-,-,-,-,-,-,-,-,-,12.67,0.00%,0
CCHYG,-,0.86%,-,-,-,-,-,-,-,-,-,-,-,25.02,0.00%,0
CCHYM,11.32B,-,-0.93%,-1.28%,-1.19%,4.62,4.62,0.08,0.09,86.81%,-0.83%,-0.82%,Aug 05/a,29.89,-0.10%,1
CCI,72.53B,2.26%,4.27%,15.49%,8.95%,0.85,-,0.68,0.75,-,3.86%,2.27%,Jul 30/b,274.47,0.00%,9
CCIA,185.86M,-,0.67%,5.00%,4.93%,606.61,-,0.00,0.00,-,5.56%,4.55%,Aug 07/b,3.67,1.66%,9
CCIB,10.83B,6.82%,2.03%,18.88%,7.40%,0.17,-,0.47,0.64,-,23.30%,5.84%,Aug 11/b,97.27,0.00%,0
CCIBR,-,0.38%,-,-,-,-,-,-,-,-,-,-,-,103.11,0.02%,"3,505"
CCIEG,-,-,-,-,-,-,-,-,-,-,-,-,-,4.30,-3.37%,"16,980"
CCIEI,-,0.93%,-,-,-,-,-,-,-,-,-,-,-,24.51,0.00%,0
CCIEN,51.62B,-,9.52%,22.40%,10.35%,3.80,3.17,1.07,1.07,41.61%,14.12%,10.87%,Sep 03/b,364.00,-0.54%,"22,350"
CCIEX,-,-,-,-,-,-,-,-,-,-,-,-,-,11.66,0.00%,0
CCIFC,-,-,-,-,-,-,-,-,-,-,-,-,-,9.46,0.00%,0
CCIFG,-,-,-,-,-,-,-,-,-,-,-,-,-,4.80,-7.41%,"6,530"
CCIFR,7.76B,-,-26.27%,-170.77%,-18.51%,3.00,3.00,9.76,9.94,-88.43%,-112.80%,-585.75%,Aug 04/b,18.69,-1.11%,"148,777"
CCIFU,-,-,-,-,-,-,-,-,-,-,-,-,-,11.77,-7.40%,"4,053"
CCIG,4.09B,7.40%,6.85%,15.97%,8.92%,1.17,1.17,0.72,0.78,15.25%,12.74%,10.47%,Aug 14/b,2.15,0.00%,0
CCIGI,4.72B,0.32%,1.50%,7.36%,2.37%,1.19,1.19,1.95,2.15,35.47%,7.10%,1.81%,Jul 30/b,92.40,0.00%,0
CCIGL,98.10M,-,-141.52%,-535.26%,-266.90%,1.28,1.28,0.59,1.42,-78.44%,-110.96%,-122.18%,-,0.43,0.00%,0
CCII,1.06B,8.39%,-,-,-,-,-,-,-,-,-,-,-,24.28,0.00%,0
CCIIT,2.36M,-,-57.62%,-59.12%,-79.03%,29.02,25.98,0.00,0.03,8.79%,-14.62%,-14.74%,-,2.44,0.21%,532
CCIK,131.11M,10.46%,-,-,-,-,-,-,-,-,-,-,-,2.39,0.00%,0
CCIM,922.50M,16.33%,0.01%,0.05%,0.02%,0.06,0.06,2.07,5.57,93.98%,70.15%,-9.22%,Aug 05/b,11.02,0.00%,0
CCINF,25.61B,2.25%,8.27%,21.48%,18.98%,0.56,-,0.05,0.05,-,30.16%,23.84%,Jul 27/a,166.85,0.00%,0
CCING,76.05M,-,-123.76%,-198.74%,-117.85%,3.50,3.50,0.04,0.27,-,-,-,Aug 13/b,5.23,0.00%,0
CCINT,405.72M,-,6.37%,11.72%,9.84%,1.31,1.31,0.15,0.44,28.36%,10.97%,6.79%,Aug 11/a,3.17,0.00%,0
CCION,352.29M,16.76%,0.15%,0.38%,0.15%,10.48,10.48,1.74,1.74,76.27%,46.85%,1.32%,Aug 06/b,7.16,0.00%,0
CCIR,-,-,-,-,-,-,-,-,-,-,-,-,-,38.84,0.00%,0
CCIRC,49.20M,-,-49.61%,-4295.48%,-,0.71,0.71,-,-,9.42%,-11.52%,-13.63%,Aug 19/b,0.43,1.42%,52
CCISO,11.62M,-,-11.67%,-28.83%,-22.85%,0.21,0.21,0.01,0.36,26.87%,-31.03%,-15.48%,-,0.26,0.00%,0
CCISS,1.83M,-,17.90%,22.22%,18.34%,1.68,1.57,0.00,0.00,33.68%,27.60%,22.51%,Aug 27/b,1.23,0.00%,"50,929"
CCITR,107.58M,-,-257.87%,-431.00%,-251.08%,8.77,7.39,0.07,0.09,-29.74%,-1330.49%,-1788.44%,Sep 02,4.77,0.00%,0
CCIVB,562.81M,2.66%,1.28%,11.16%,8.01%,0.07,-,0.19,0.41,-,25.10%,20.74%,Jul 23/b,27.08,0.00%,0
CCIVG,-,1.01%,-,-,-,-,-,-,-,-,-,-,-,24.70,0.00%,0
CCIX,474.84M,3.12%,13.49%,14.97%,15.12%,6.69,4.68,0.01,0.01,32.08%,16.30%,13.60%,Aug 04/a,38.49,0.00%,0
CCJMB,12.08M,-,-,-,-,1.25,1.10,2.63,3.15,-,-,-,-,2.10,-6.67%,"2,243"
CCJUL,-,-,-,-,-,-,-,-,-,-,-,-,-,25.78,0.00%,0
CCJUN,-,-,-,-,-,-,-,-,-,-,-,-,-,25.58,0.00%,0
CCKX,22.15M,-,14.28%,14.43%,13.46%,124.62,124.62,0.00,0.00,95.09%,-7.37%,419.79%,-,10.79,0.00%,0
CCL,68.72B,2.46%,11.89%,434.33%,25.28%,1.03,0.67,33.15,33.29,60.42%,21.84%,9.68%,Jul 31/b,86.20,-0.07%,89
CCLAR,136.69M,2.80%,-11.62%,-14.87%,-14.79%,4.45,2.09,0.07,0.09,32.24%,-3.40%,-12.38%,Aug 06/a,3.57,0.00%,0
CCLB,501.98M,0.37%,4.46%,9.92%,6.22%,2.12,1.55,0.56,0.61,16.66%,7.60%,5.10%,Jul 29/a,10.94,0.00%,0
CCLBK,3.13B,0.85%,0.51%,5.02%,2.39%,0.14,-,1.03,1.03,-,15.58%,11.18%,Jul 30/a,11.60,0.00%,0
CCLBR,408.97M,-,-,-,0.91%,8.66,8.66,0.00,0.00,-,-,-,-,10.22,0.00%,0
CCLBT,2.91B,-,6.54%,12.31%,10.48%,1.60,1.58,0.03,0.04,82.96%,11.36%,11.33%,Aug 13/b,11.58,0.17%,"1,875"
CCLCG,-,0.06%,-,-,-,-,-,-,-,-,-,-,-,29.47,0.00%,0
CCLCV,-,0.34%,-,-,-,-,-,-,-,-,-,-,-,31.14,0.00%,0
CCLDI,2.86M,-,-283.36%,-957.93%,-601.56%,1.68,1.68,0.25,0.62,-,-,-,Aug 13/a,1.11,-0.21%,152
CCLDT,611.87M,3.01%,0.97%,1.60%,1.02%,0.54,0.54,0.60,0.60,25.12%,10.19%,1.29%,Aug 04/b,13.14,0.00%,0
CCLDX,2.98B,-,-40.76%,-43.88%,-41.86%,11.82,11.82,0.00,0.01,-2049.37%,-206220.25%,-190220.89%,Aug 06/a,37.89,0.00%,0
CCLF,6.90B,-,-4.27%,-15.16%,-6.58%,1.89,0.63,1.37,1.37,-0.80%,-3.90%,-4.56%,Jul 23/b,12.10,0.25%,284
CCLFD,419.47M,-,2.57%,2.93%,-2.72%,12.53,10.08,0.03,0.04,37.96%,2.31%,-5.29%,Aug 05/a,30.88,0.00%,0
CCLGN,7.92M,-,-99.53%,-151.99%,-194.84%,2.27,1.99,0.38,0.54,-373.26%,-3329.05%,-3376.35%,May 29/b,4.19,-2.56%,4
CCLH,16.44B,-,5.75%,15.56%,7.48%,2.13,1.80,1.00,1.04,24.74%,11.84%,7.03%,Jul 29/b,311.43,0.00%,0
CCLIK,10.45M,-,-,-,-,3.26,3.26,0.01,0.02,-,-,-,-,1.22,0.00%,0
CCLIP,-,3.77%,-,-,-,-,-,-,-,-,-,-,-,100.01,-0.25%,2
CCLIR,25.80M,-,-39.64%,-51.73%,-53.16%,4.58,4.58,0.00,0.01,18.49%,-115.83%,-96.07%,Aug 19/a,3.79,0.00%,0
CCLIX,-,0.54%,-,-,-,-,-,-,-,-,-,-,-,58.57,0.00%,0
CCLLS,115.73M,-,-21.03%,-94.56%,-49.84%,1.37,1.37,2.19,2.54,66.25%,-116.10%,-115.79%,Aug 06/a,1.60,5.96%,"4,156"
CCLM,1.97B,23.06%,-,-,-,-,-,-,-,-,-,-,-,6.35,0.00%,9
CCLMB,532.95M,0.15%,4.59%,17.61%,16.04%,1.13,1.11,0.01,0.02,14.63%,4.03%,2.85%,Jul 29/a,28.56,0.00%,0
CCLMT,5.11B,-,-4.90%,-,-12.57%,0.84,0.49,-,-,6.57%,1.19%,-2.98%,Aug 07/b,58.12,0.00%,0
CCLNE,385.78M,-,-8.79%,-16.45%,-10.88%,2.48,2.15,0.56,0.58,16.70%,-7.27%,-21.26%,Aug 06/a,1.75,1.74%,"3,020"
CCLNK,-,-,-,-,-,-,-,-,-,-,-,-,-,23.84,0.00%,0
CCLNN,64.53M,-,-174.99%,-,-,3.07,3.07,-,-,-657.36%,-10431.98%,-20059.90%,Aug 14/b,4.54,0.00%,0
CCLOA,-,4.81%,-,-,-,-,-,-,-,-,-,-,-,51.94,0.00%,0
CCLOB,-,6.16%,-,-,-,-,-,-,-,-,-,-,-,50.35,0.00%,0
CCLOC,-,5.23%,-,-,-,-,-,-,-,-,-,-,-,25.02,0.00%,0
CCLOD,-,-,-,-,-,-,-,-,-,-,-,-,-,35.58,0.00%,0
CCLOI,-,5.15%,-,-,-,-,-,-,-,-,-,-,-,52.93,0.00%,0
CCLOO,-,1.40%,-,-,-,-,-,-,-,-,-,-,-,25.20,0.00%,0
CCLOU,-,-,-,-,-,-,-,-,-,-,-,-,-,28.93,0.00%,0
CCLOV,2.41B,-,-2.84%,-5.10%,-4.88%,1.50,-,0.00,0.00,-,-0.74%,-0.74%,Aug 05/a,4.54,0.00%,67
CCLOX,-,4.82%,-,-,-,-,-,-,-,-,-,-,-,25.58,0.00%,0
CCLOZ,-,7.33%,-,-,-,-,-,-,-,-,-,-,-,25.51,-2.97%,145
CCLPR,53.16M,11.55%,-1.23%,-,-1.22%,1.90,1.90,-,-,33.53%,22.81%,-10.00%,Aug 06/a,3.29,0.00%,0
CCLPS,30.34M,-,-5.58%,-11.10%,-11.26%,1.69,1.69,0.01,0.50,22.00%,-3.22%,-3.94%,Mar 06/b,1.02,0.00%,0
CCLPT,426.14M,-,-46.21%,-226.52%,-46.38%,4.73,3.87,5.91,5.93,61.63%,-73.42%,-81.76%,Aug 03/a,13.97,0.00%,0
CCLRB,22.21M,-,-88.70%,-119.57%,-71.09%,6.66,6.66,0.05,0.05,-,-,-,Aug 13/b,2.35,0.00%,0
CCLRO,11.93M,-,-31.89%,-54.73%,-,1.05,0.72,-,-,-,-,-,-,4.46,0.00%,252
CCLRS,-,-,-,-,13.10%,0.81,0.81,0.43,25.95,78.11%,31.47%,18.60%,-,-,-,0
CCLS,43.26B,-,13.93%,52.69%,32.82%,1.23,0.68,0.37,0.40,11.55%,8.42%,7.16%,Jul 27/a,343.00,-0.41%,"4,917"
CCLSE,-,0.76%,-,-,-,-,-,-,-,-,-,-,-,34.42,0.00%,0
CCLSK,3.76B,-,-34.38%,-68.62%,-39.26%,5.91,5.91,2.34,2.34,-36.91%,-51.83%,-151.38%,Aug 06/a,14.64,-0.81%,"44,679"
CCLSM,-,0.75%,-,-,-,-,-,-,-,-,-,-,-,27.89,0.00%,0
CCLST,73.21M,-,0.72%,2.48%,2.20%,0.49,-,0.12,0.12,-,16.13%,13.02%,-,18.15,0.00%,0
CCLSX,-,-,-,-,-,-,-,-,-,-,-,-,-,16.01,-3.46%,"1,914"
CCLUB,-,0.07%,-,-,-,-,-,-,-,-,-,-,-,26.40,0.00%,0
CCLVT,1.23B,-,-3.05%,-7.01%,-3.81%,0.85,0.85,0.93,0.94,35.71%,7.51%,-13.84%,Jul 29/b,1.93,0.00%,0
CCLW,343.36M,-,-5.29%,-10.42%,-4.51%,2.29,1.17,0.45,0.47,1.62%,-3.60%,-3.43%,Jul 28/a,21.29,0.00%,0
CCLWT,9.79M,-,0.75%,1.00%,0.99%,2.01,1.94,0.01,0.02,27.70%,-1.76%,1.18%,-,1.32,-13.11%,117
CCLX,10.31B,5.98%,8.79%,285.64%,13.05%,0.66,0.38,48.99,62.02,41.95%,13.21%,8.74%,Aug 03/a,85.22,0.40%,610
CCLYM,783.43M,-,-26.27%,-27.10%,-23.97%,31.45,31.45,0.00,0.01,-,-,-,Aug 06/b,13.64,0.00%,0
CCM,105.56B,2.68%,0.89%,15.68%,12.12%,0.28,-,0.26,2.65,-,19.36%,15.48%,Aug 27/b,116.26,0.00%,0
CCMAG,-,-,-,-,-,-,-,-,-,-,-,-,-,27.27,0.00%,0
CCMAY,-,-,-,-,-,-,-,-,-,-,-,-,-,26.03,0.00%,0
CCMBO,-,-,-,-,-,-,-,-,-,-,-,-,-,101.66,0.00%,0
CCMBS,-,3.69%,-,-,-,-,-,-,-,-,-,-,-,47.60,0.00%,0
CCMBT,5.70B,11.56%,9.78%,37.86%,10.54%,1.12,0.97,1.56,1.75,36.49%,30.13%,37.15%,Aug 27/b,19.65,-0.03%,"2,578"
CCMC,7.08B,1.18%,7.09%,13.79%,7.42%,2.33,1.54,0.77,0.80,18.24%,9.08%,6.72%,Jun 25/b,63.98,0.00%,0
CCMCI,-,7.48%,-,-,-,-,-,-,-,-,-,-,-,31.68,0.00%,0
CCMCL,466.75M,2.26%,13.76%,24.60%,16.24%,5.73,5.03,0.37,0.40,53.24%,44.88%,23.61%,Aug 10/b,24.14,0.00%,0
CCMCM,26.99M,-,-6.35%,-19.18%,-21.24%,1.23,1.23,0.00,0.00,61.80%,-14.57%,-28.03%,Sep 11/b,2.61,0.00%,0
CCMCO,448.26M,1.80%,-9.80%,-27.78%,-8.66%,2.00,1.00,1.67,1.81,23.79%,1.44%,-18.10%,Jul 30/b,15.53,0.00%,0
CCMCSA,81.90B,5.76%,4.21%,12.00%,6.44%,0.80,0.80,0.94,1.01,56.77%,14.85%,8.97%,Jul 23/b,23.08,0.65%,"9,961"
CCMCT,7.37M,-,-5.05%,-15.45%,-6.51%,0.41,0.41,1.64,2.03,12.03%,7.24%,-69.41%,Aug 14/b,2.50,0.00%,0
CCMDB,587.12M,-,-,-,-,3.33,3.17,0.20,0.25,-,-,-,Aug 03/b,24.16,0.00%,0
CCMDT,-,2.38%,-,-,-,-,-,-,-,-,-,-,-,35.34,0.00%,0
CCMDY,-,9.40%,-,-,-,-,-,-,-,-,-,-,-,66.91,3.57%,1
CCME,98.90B,4.18%,2.29%,15.80%,14.13%,1.02,1.02,0.14,0.15,82.65%,65.10%,63.11%,Jul 22/b,275.05,-0.17%,221
CCMF,-,3.06%,-,-,-,-,-,-,-,-,-,-,-,55.11,0.00%,0
CCMG,41.89B,-,15.66%,49.56%,19.44%,0.72,0.68,2.32,2.46,21.09%,15.41%,11.42%,Jul 29/a,33.10,-0.12%,"2,010"
CCMI,73.21B,1.65%,7.77%,22.04%,13.55%,1.73,1.13,0.56,0.64,25.13%,11.44%,7.82%,Aug 04/b,531.79,-0.56%,26
CCMMB,20.01M,-,-71.19%,-82.74%,-87.57%,6.41,6.41,0.00,0.00,-,-,-,Aug 19/b,2.76,11.29%,47
CCMND,2.61M,-,-71.81%,-106.98%,-57.44%,4.31,4.31,0.01,0.14,-,-,-,-,0.77,-2.05%,"2,749"
CCMP,989.49M,-,1.24%,6.97%,1.76%,2.01,0.98,2.86,2.94,16.76%,8.48%,1.39%,Aug 05/a,23.57,0.00%,0
CCMPR,1.94B,-,4.60%,-,7.71%,0.73,0.55,-,-,45.92%,6.89%,2.57%,Jul 29/a,79.75,0.00%,0
CCMPS,2.08B,-,-102.08%,-329.72%,-296.74%,1.30,1.30,0.62,0.65,-,-,-,Aug 05/b,15.01,0.00%,0
CCMPX,332.87M,-,-47.87%,-56.66%,-42.20%,11.22,11.22,0.05,0.06,-,-,-,Aug 06/b,1.85,1.56%,"17,315"
CCMRC,280.06M,-,-1.84%,-12.78%,-2.75%,1.98,1.98,3.07,3.19,75.27%,2.85%,-1.67%,Aug 06/b,3.38,1.50%,32
CCMRE,1.82B,3.11%,8.75%,16.26%,9.70%,1.61,1.57,0.57,0.68,52.47%,46.09%,38.72%,Jul 27/b,15.09,0.00%,0
CCMS,20.29B,3.53%,2.61%,11.29%,3.64%,0.94,0.67,1.89,1.97,25.00%,18.95%,11.53%,Jul 28/b,64.70,0.00%,4
CCMT,208.13M,-,4.13%,6.24%,5.09%,2.41,1.95,0.08,0.10,16.41%,1.77%,3.78%,Aug 04/b,23.52,0.00%,0
CCMTG,208.80M,-,-11.15%,-35.96%,-22.69%,2.01,2.01,0.92,2.07,26.24%,-278.25%,-302.09%,Jul 29/a,1.48,0.00%,0
CCMTL,44.94M,-,-3.47%,-9.13%,-4.97%,1.61,1.19,0.92,0.96,28.62%,0.70%,-14.48%,Jun 15/b,1.50,0.00%,0
CCMTV,224.88M,2.49%,1.58%,16.23%,13.68%,0.05,-,0.11,0.49,-,29.17%,26.25%,-,40.15,0.00%,0
CCNA,12.93B,8.20%,1.97%,11.32%,8.74%,0.39,-,0.27,0.27,-,11.23%,8.16%,Aug 03/b,47.79,0.00%,0
CCNAV,-,-,-,-,-,-,-,-,-,-,-,-,-,41.02,0.00%,0
CCNBS,-,-,-,-,-,-,-,-,-,-,-,-,-,28.53,0.00%,0
CCNC,32.33B,-,-6.02%,-20.41%,-13.22%,1.15,-,0.71,0.71,-,0.83%,-2.51%,Jul 28/b,65.44,0.69%,589
CCNCK,368.26M,-,-,-,-,1.21,1.21,0.10,0.10,-,-,-,Aug 06/b,1.92,3.78%,492
CCNDT,253.50M,-,-7.65%,-22.81%,-15.75%,1.55,1.55,1.17,1.26,11.90%,-1.22%,-8.53%,Aug 10/b,1.63,0.00%,36
CCNEQ,-,-,-,-,-,-,-,-,-,-,-,-,-,40.89,0.00%,0
CCNET,4.81M,-,-8.70%,-21.65%,-19.46%,1.45,1.45,0.03,0.04,1.68%,-28.82%,-23.95%,-,1.31,0.00%,0
CCNEY,4.48M,-,-78.65%,-84.27%,-116.33%,2.77,1.67,0.00,0.14,2.29%,-154.62%,-183.15%,-,0.55,0.00%,0
CCNF,12.76M,-,-7.67%,-23.01%,-22.41%,0.09,0.09,0.13,0.95,98.76%,-197.73%,-269.47%,Aug 28/a,1.86,0.00%,0
CCNH,16.55B,1.09%,0.72%,4.02%,0.91%,7.29,6.06,3.39,3.39,30.13%,13.32%,1.71%,Aug 03/b,13.37,-0.79%,14
CCNI,71.11B,2.24%,8.24%,22.16%,11.15%,0.87,0.61,1.01,1.03,44.42%,37.54%,26.92%,Jul 24/b,117.51,0.00%,0
CCNK,4.20B,0.86%,4.53%,45.43%,6.64%,0.84,0.81,5.51,5.99,20.77%,13.44%,6.37%,Jul 30/b,36.25,0.00%,0
CCNL,1.12B,-,-44.61%,-60.81%,-39.55%,3.99,3.99,0.24,0.35,-,-,-,Aug 12/b,12.92,0.00%,0
CCNM,8.11B,-,7.05%,23.44%,9.80%,2.47,1.51,1.31,1.35,24.69%,9.68%,5.96%,Sep 09/b,42.55,-1.18%,2
CCNMD,1.34B,0.45%,2.44%,5.53%,3.33%,1.48,0.69,0.63,0.80,53.68%,10.95%,4.11%,Jul 29/a,44.69,0.00%,2
CCNNE,660.59M,3.94%,-9.55%,-12.43%,-12.79%,1.24,1.24,0.19,0.21,12.82%,-17.28%,-35.58%,Aug 10/a,15.23,0.00%,0
CCNO,5.03B,1.31%,0.80%,10.93%,3.91%,-,-,1.76,1.76,-,14.45%,6.00%,Jul 30/a,54.40,0.00%,0
CCNOB,1.59B,2.46%,1.13%,10.22%,8.57%,0.04,-,0.14,0.58,-,28.79%,19.41%,Jul 23/b,31.52,0.00%,0
CCNP,24.89B,2.44%,2.42%,9.82%,3.23%,1.12,0.97,1.95,2.14,29.37%,23.24%,11.61%,Jul 28/b,37.78,-0.55%,1
CCNQ,98.23B,3.75%,12.98%,26.80%,18.67%,1.00,0.75,0.38,0.43,29.37%,26.63%,26.21%,Aug 06/b,47.65,-1.30%,"2,274"
CCNQQ,-,0.39%,-,-,-,-,-,-,-,-,-,-,-,23.11,0.00%,0
CCNR,4.50B,0.44%,1.62%,2.67%,2.43%,1.83,1.32,0.11,0.12,2.27%,-1.32%,2.34%,Aug 06/b,90.75,0.00%,0
CCNRG,-,1.44%,-,-,-,-,-,-,-,-,-,-,-,88.11,0.00%,0
CCNS,3.83B,3.60%,20.38%,30.11%,23.25%,5.22,5.22,0.23,0.23,86.06%,33.56%,27.45%,Jul 16/a,74.43,0.00%,0
CCNSP,7.63M,-,-91.64%,-106.62%,-91.75%,5.85,5.85,0.00,0.00,-,-,-,Aug 13/b,5.22,0.00%,0
CCNSY,14.42M,-,-214.01%,-614.05%,-477.54%,1.35,1.35,0.00,0.01,89.58%,-628.12%,-620.70%,Aug 14/a,1.90,0.00%,0
CCNTB,83.12M,-,-109.34%,-140.51%,-254.92%,2.37,2.37,0.01,0.02,-,-2384.49%,-2336.30%,Aug 12/a,1.32,0.00%,"8,373"
CCNTN,195.22M,-,-34.14%,-42.53%,-21.57%,15.70,15.70,0.00,0.00,0.00%,-3595.17%,-6559.27%,-,2.45,0.41%,"1,172"
CCNTX,34.42M,-,-68.96%,-76.14%,-120.15%,5.79,5.79,0.00,0.01,-,-,-,Aug 05/a,0.37,0.00%,0
CCNTY,31.37M,-,-4.89%,-,-6.00%,1.19,1.15,-,-,34.74%,9.94%,-9.62%,Aug 07/b,1.12,0.00%,0
CCNVS,49.92M,-,-11.15%,-28.43%,-20.33%,0.75,0.75,0.35,0.65,37.20%,-14.35%,-13.28%,Aug 13/a,2.10,0.00%,0
CCNX,4.85B,-,10.48%,21.25%,13.24%,0.72,0.67,0.48,0.49,48.44%,39.77%,42.85%,Jul 30/b,32.77,-0.03%,"1,032"
CCNXC,1.65B,5.34%,-11.50%,-37.73%,-18.03%,1.18,1.18,1.70,2.04,27.97%,7.37%,-13.17%,Sep 29/a,26.99,-1.96%,19
CCNXN,2.17B,0.87%,7.11%,10.43%,9.99%,2.88,2.42,0.01,0.01,18.51%,4.12%,3.21%,Jul 29/a,85.90,0.00%,0
CCNXT,-,0.16%,-,-,-,-,-,-,-,-,-,-,-,49.39,0.00%,0
CCNXU,133.98M,-,-,-,-231.59%,5.31,5.31,0.01,0.01,-,-,-,Jul 01,4.75,0.00%,0
CCNYA,-,1.82%,-,-,-,-,-,-,-,-,-,-,-,35.64,0.00%,0
CCOAG,1.79B,-,-,-,-,35.85,35.85,0.00,0.00,-,-,-,Aug 11/b,38.24,0.71%,4
CCOAL,-,2.40%,-,-,-,-,-,-,-,-,-,-,-,24.98,0.00%,0
CCOCH,54.99M,-,-138.27%,-,-587.82%,1.73,1.61,0.21,0.25,-385.51%,-11411.11%,-13747.34%,Aug 10/b,0.71,0.00%,0
CCOCO,3.27B,-,22.02%,31.37%,26.48%,3.36,2.83,0.03,0.04,40.90%,19.10%,15.50%,Jul 23/b,57.00,-0.44%,3
CCOCP,22.92M,-,-151.10%,-311.68%,-488.83%,1.24,1.24,0.95,1.29,37.27%,-3063.64%,-3011.52%,Aug 17,1.19,0.00%,0
CCODA,126.03M,-,7.71%,8.41%,8.00%,10.06,7.58,0.01,0.01,61.14%,20.08%,17.63%,Sep 14/b,11.17,0.00%,0
CCODI,843.40M,4.46%,-3.39%,-18.99%,-4.78%,2.26,1.10,3.52,3.70,39.45%,4.61%,-8.72%,Aug 10/a,11.21,0.00%,0
CCODX,7.21M,-,-149.25%,-174.77%,-342.80%,1.81,1.52,0.08,0.14,-170.74%,-5857.07%,-9100.00%,Aug 13/a,1.01,0.00%,0
CCOE,49.63M,-,-27.15%,-,-,0.62,0.62,-,-,73.32%,-10.68%,-13.77%,Sep 15/b,11.65,0.00%,0
CCOF,126.48B,1.57%,1.51%,8.94%,6.57%,2.03,-,0.39,0.40,-,16.55%,12.93%,Jul 21/a,206.17,0.61%,33
CCOFS,490.53M,3.56%,1.25%,11.97%,9.93%,0.08,-,0.14,0.71,-,27.85%,22.80%,Jul 24/b,32.80,-0.49%,1
CCOGT,5.62B,-,-68.00%,-109.74%,-48.66%,13.57,13.57,0.46,0.46,-,-,-,Aug 10/b,32.40,1.25%,166
CCOHC,-,-,-,-,-,-,-,-,-,-,-,-,-,17.63,0.00%,0
CCOHH,-,-,-,-,-,-,-,-,-,-,-,-,-,6.77,-3.01%,"32,980"
CCOHN,32.61M,9.65%,1.84%,33.31%,16.62%,1.06,1.06,0.69,7.74,95.38%,22.35%,4.16%,Aug 03/b,10.10,0.00%,0
CCOHQ,-,-,-,-,-,-,-,-,-,-,-,-,-,25.68,4.18%,223
CCOHR,61.81B,0.01%,4.85%,8.46%,5.60%,2.43,1.52,0.32,0.33,38.38%,13.79%,10.82%,Aug 12/a,315.65,-1.83%,"81,815"
CCOHU,2.88B,-,-3.42%,-4.84%,-3.56%,5.74,4.72,0.41,0.43,37.81%,-6.38%,-7.43%,Jul 30/a,60.90,0.46%,"2,290"
CCOHX,-,-,-,-,-,-,-,-,-,-,-,-,-,27.29,-3.33%,"82,201"
CCOIA,-,4.90%,-,-,-,-,-,-,-,-,-,-,-,9.61,-5.69%,"2,472"
CCOIG,-,-,-,-,-,-,-,-,-,-,-,-,-,6.19,-5.78%,"3,619"
CCOIN,52.11B,-,-3.96%,-7.85%,-5.14%,2.42,2.42,0.47,0.51,60.31%,-37.56%,-20.60%,Jul 30/a,197.49,-1.77%,"175,827"
CCOIW,-,128.30%,-,-,-,-,-,-,-,-,-,-,-,9.53,-3.30%,"2,268"
CCOIX,-,-,-,-,-,-,-,-,-,-,-,-,-,41.69,0.00%,0
CCOKE,12.78B,0.52%,11.03%,97.33%,27.51%,1.21,0.92,-,-,37.65%,13.02%,7.15%,Aug 05/a,191.94,1.07%,192
CCOLA,50.56M,-,1.84%,1.85%,3.10%,0.16,0.16,0.00,0.01,-,-,-,-,11.25,0.00%,0
CCOLB,8.46B,4.95%,1.21%,11.01%,8.89%,0.04,-,0.06,0.65,-,30.62%,19.94%,Jul 23/a,29.90,0.00%,0
CCOLD,4.21B,6.22%,-5.74%,-16.50%,-7.12%,0.36,0.36,1.65,1.91,17.12%,6.42%,-17.44%,Aug 06/b,14.73,0.00%,0
CCOLL,764.08M,-,2.57%,17.61%,3.25%,1.03,0.84,3.72,3.90,60.02%,20.12%,5.93%,Aug 06/b,23.47,1.87%,17
CCOLM,2.90B,2.07%,7.24%,12.66%,10.41%,2.49,1.32,0.24,0.29,52.02%,7.64%,6.05%,Jul 30/a,56.73,0.00%,0
CCOLO,-,4.03%,-,-,-,-,-,-,-,-,-,-,-,49.48,0.00%,0
CCOM,-,2.38%,-,-,-,-,-,-,-,-,-,-,-,35.65,0.00%,0
CCOMB,-,6.72%,-,-,-,-,-,-,-,-,-,-,-,28.41,0.00%,0
CCOMD,-,-,-,-,-,-,-,-,-,-,-,-,-,30.37,0.00%,0
CCOMP,7.78B,-,1.35%,3.61%,0.99%,1.06,1.06,1.25,1.38,9.43%,-0.17%,0.63%,Aug 04/a,10.14,0.10%,"1,123"
CCOMT,-,5.22%,-,-,-,-,-,-,-,-,-,-,-,36.92,0.00%,13
CCON,4.43B,0.37%,6.71%,47.89%,7.79%,1.38,1.38,4.28,4.49,25.83%,16.71%,8.53%,Aug 06/a,34.77,0.00%,0
CCONI,-,2.76%,-,-,-,-,-,-,-,-,-,-,-,21.60,3.07%,"35,539"
CCONL,-,-,-,-,-,-,-,-,-,-,-,-,-,6.48,-3.28%,"1,202,198"
CCONX,-,2.65%,-,-,-,-,-,-,-,-,-,-,-,7.82,-4.17%,"10,712"
CCONY,-,114.46%,-,-,-,-,-,-,-,-,-,-,-,21.34,-0.93%,"26,340"
CCOO,10.36B,-,4.55%,6.84%,5.57%,1.22,0.73,0.23,0.31,61.39%,19.26%,13.46%,Sep 09/a,54.50,0.70%,436
CCOOK,136.55M,-,-15.70%,-51.03%,-19.11%,3.49,2.29,2.52,2.54,32.59%,-0.01%,-23.23%,Aug 05/a,48.80,-0.10%,"4,140"
CCOOL,-,-,-,-,-,-,-,-,-,-,-,-,-,21.37,0.00%,0
CCOOT,21.26M,-,-,-,-17.21%,0.59,0.35,1.63,4.11,8.06%,-0.27%,-3.13%,-,0.46,0.00%,109
CCOP,153.35B,2.65%,7.50%,14.13%,10.49%,1.54,1.39,0.35,0.36,27.18%,22.14%,14.66%,Aug 06/b,127.65,0.09%,"1,682"
CCOPA,-,3.35%,-,-,-,-,-,-,-,-,-,-,-,54.89,0.00%,0
CCOPJ,-,10.08%,-,-,-,-,-,-,-,-,-,-,-,45.09,-0.07%,7
CCOPL,191.59M,-,3.42%,3.53%,3.47%,0.23,0.23,0.00,0.00,-,-,-,-,10.55,0.00%,0
CCOPP,-,1.89%,-,-,-,-,-,-,-,-,-,-,-,43.53,1.35%,5
CCOPR,58.96M,-,-71.59%,-187.52%,-45.75%,5.49,5.49,0.03,0.12,-,-,-,Jul 01,3.14,0.00%,0
CCOPX,-,2.20%,-,-,-,-,-,-,-,-,-,-,-,87.75,0.30%,"14,062"
CCOPY,-,0.79%,-,-,-,-,-,-,-,-,-,-,-,15.62,0.00%,0
CCOPZ,-,-,-,-,-,-,-,-,-,-,-,-,-,16.38,0.00%,0
CCOR,60.11B,0.76%,3.33%,104.34%,18.11%,0.93,0.58,3.75,3.84,3.62%,1.32%,0.79%,Aug 05/b,315.01,-0.47%,119
CCORB,-,3.49%,-,-,-,-,-,-,-,-,-,-,-,28.59,0.00%,0
CCORD,-,-,-,-,-,-,-,-,-,-,-,-,-,3.15,2.27%,"145,310"
CCORN,-,-,-,-,-,-,-,-,-,-,-,-,-,20.27,0.00%,0
CCORO,-,2.12%,-,-,-,-,-,-,-,-,-,-,-,37.12,0.00%,0
CCORP,-,5.03%,-,-,-,-,-,-,-,-,-,-,-,93.86,0.00%,0
CCORT,12.22B,-,6.41%,8.08%,7.60%,2.83,2.74,0.01,0.01,98.30%,0.77%,6.52%,Jul 29/a,113.01,-0.66%,29
CCORZ,5.82B,-,-38.77%,-,-69.78%,0.89,0.89,-,-,28.09%,-30.62%,-312.93%,Jul 28/b,18.11,-1.36%,"9,177"
CCOSM,34.00M,-,-39.56%,-104.00%,-101.02%,1.05,0.92,0.17,0.80,8.39%,-24.65%,-33.08%,Aug 19/b,0.34,-0.21%,"1,084"
CCOSO,319.66M,0.75%,1.19%,11.50%,10.00%,0.03,-,0.02,0.30,-,24.64%,19.59%,Jul 20/a,26.74,0.00%,0
CCOST,400.24B,0.57%,10.92%,29.15%,21.22%,1.07,0.61,0.24,0.25,12.88%,3.82%,3.01%,Sep 24/a,902.49,0.45%,"4,497"
CCOSW,-,28.56%,-,-,-,-,-,-,-,-,-,-,-,36.11,0.00%,0
CCOTG,-,-,-,-,-,-,-,-,-,-,-,-,-,11.46,1.00%,"1,122"
CCOTY,2.21B,-,-5.47%,-18.52%,-9.53%,0.75,0.42,1.12,1.15,58.54%,5.47%,-10.64%,Aug 19/a,2.51,0.00%,0
CCOUR,1.37B,-,-9.31%,-15.20%,-11.68%,1.56,1.56,0.00,0.00,55.88%,-6.23%,-15.39%,Jul 29/a,5.17,0.19%,6
CCOWG,-,0.74%,-,-,-,-,-,-,-,-,-,-,-,40.08,0.00%,0
CCOWS,-,1.48%,-,-,-,-,-,-,-,-,-,-,-,37.61,0.00%,0
CCOWZ,-,1.98%,-,-,-,-,-,-,-,-,-,-,-,68.69,0.00%,1
CCOYA,116.12M,-,-53.66%,-60.54%,-50.07%,13.40,13.40,0.00,0.00,99.76%,-260.00%,-270.22%,Aug 11/b,4.95,0.00%,0
CCOYY,-,305.87%,-,-,-,-,-,-,-,-,-,-,-,15.26,0.00%,0
CCOZX,-,-,-,-,-,-,-,-,-,-,-,-,-,9.19,0.00%,0
CCP,76.31B,0.82%,4.46%,8.38%,5.76%,0.59,0.50,0.48,0.54,39.71%,37.13%,25.02%,Jul 29/a,86.81,0.00%,4
CCPA,5.64B,5.14%,9.54%,23.07%,12.13%,1.06,0.97,0.80,0.89,27.93%,19.36%,15.71%,Aug 05/a,137.11,0.00%,0
CCPAC,1.05B,5.85%,6.53%,16.10%,9.72%,1.22,0.50,0.60,1.03,38.99%,23.00%,9.42%,Jul 20/b,12.39,0.00%,0
CCPAG,-,-,-,-,-,-,-,-,-,-,-,-,-,100.54,0.00%,0
CCPAI,-,0.68%,-,-,-,-,-,-,-,-,-,-,-,52.56,0.00%,0
CCPAY,25.88B,-,4.67%,30.39%,11.77%,0.97,0.97,1.72,3.00,73.16%,45.75%,22.61%,Aug 05/a,394.22,-0.76%,16
CCPB,5.98B,5.48%,2.61%,10.27%,3.98%,0.82,0.33,1.60,1.85,30.95%,9.56%,4.08%,Sep 03/b,20.04,0.55%,943
CCPBI,85.36M,-,0.85%,5.15%,4.99%,0.10,-,0.00,0.00,-,17.85%,14.33%,-,20.46,0.00%,0
CCPER,-,-,-,-,-,-,-,-,-,-,-,-,-,40.80,0.32%,"2,187"
CCPF,949.13M,3.19%,1.12%,14.25%,12.00%,0.12,-,0.16,0.17,-,27.91%,22.63%,Jul 24/b,36.86,-0.34%,1
CCPHC,80.99M,1.79%,0.10%,0.14%,0.14%,2.24,2.21,0.00,0.00,28.72%,4.50%,0.20%,Aug 11/a,15.62,0.00%,0
CCPHI,29.31M,-,-15.21%,-20.81%,-12.28%,0.26,0.08,0.00,0.11,-47.35%,-111.84%,-114.33%,-,0.68,-0.03%,768
CCPHY,-,-,-,-,-,-,-,-,-,-,-,-,-,51.45,0.00%,0
CCPII,-,4.66%,-,-,-,-,-,-,-,-,-,-,-,18.96,0.00%,0
CCPIX,113.72M,-,-14.91%,-42.92%,-50.43%,0.96,0.96,0.24,0.27,86.22%,-29.58%,-34.92%,Aug 04/a,7.59,0.00%,0
CCPK,3.16B,2.90%,3.80%,9.47%,5.01%,0.32,0.27,0.79,1.01,31.09%,27.31%,15.11%,Aug 06/a,131.15,0.00%,0
CCPLB,-,5.55%,-,-,-,-,-,-,-,-,-,-,-,20.45,0.00%,0
CCPLS,-,4.77%,-,-,-,-,-,-,-,-,-,-,-,34.11,0.00%,0
CCPNG,26.30B,-,-4.35%,-19.99%,-12.63%,0.87,0.68,1.03,1.89,28.35%,-1.77%,-2.16%,Aug 04/a,14.63,0.07%,"15,026"
CCPNJ,-,-,-,-,-,-,-,-,-,-,-,-,-,27.77,0.00%,0
CCPNM,-,-,-,-,-,-,-,-,-,-,-,-,-,27.14,0.00%,0
CCPNQ,-,-,-,-,-,-,-,-,-,-,-,-,-,27.82,0.00%,0
CCPNS,-,-,-,-,-,-,-,-,-,-,-,-,-,28.48,0.00%,0
CCPNX,-,-,-,-,-,-,-,-,-,-,-,-,-,10.74,0.00%,0
CCPOP,4.14M,-,-9.87%,-21.15%,-15.49%,2.00,2.00,0.02,0.13,3.31%,-0.24%,-6.84%,-,4.10,-4.43%,"4,624"
CCPRA,-,-,-,-,-,-,-,-,-,-,-,-,-,27.88,0.00%,0
CCPRI,1.63B,-,2.12%,152.07%,8.38%,1.19,0.54,8.34,10.09,59.34%,2.35%,3.13%,Aug 05/b,14.31,0.00%,0
CCPRJ,-,-,-,-,-,-,-,-,-,-,-,-,-,27.47,0.00%,0
CCPRO,-,-,-,-,-,-,-,-,-,-,-,-,-,28.53,0.00%,0
CCPRT,26.78B,-,14.76%,16.24%,16.19%,7.74,7.66,0.01,0.01,44.06%,35.42%,31.81%,Sep 10/a,28.93,0.07%,"2,022"
CCPRY,-,-,-,-,-,-,-,-,-,-,-,-,-,28.27,0.00%,0
CCPS,406.38M,-,-3.06%,-,-5.40%,1.36,1.08,-,-,10.96%,3.14%,-2.03%,Aug 05/a,22.87,0.00%,0
CCPSA,-,-,-,-,-,-,-,-,-,-,-,-,-,28.13,0.00%,0
CCPSD,-,-,-,-,-,-,-,-,-,-,-,-,-,27.14,0.00%,0
CCPSF,-,-,-,-,-,-,-,-,-,-,-,-,-,26.62,0.00%,0
CCPSH,79.30M,-,-0.12%,-0.15%,-0.11%,7.14,5.28,0.00,0.01,14.09%,-1.87%,-0.11%,Aug 04/a,4.09,0.00%,0
CCPSJ,-,-,-,-,-,-,-,-,-,-,-,-,-,28.00,0.00%,0
CCPSL,-,-,-,-,-,-,-,-,-,-,-,-,-,28.34,0.00%,0
CCPSM,-,-,-,-,-,-,-,-,-,-,-,-,-,29.59,0.00%,0
CCPSN,-,-,-,-,-,-,-,-,-,-,-,-,-,28.20,0.00%,0
CCPSO,-,-,-,-,-,-,-,-,-,-,-,-,-,28.30,0.00%,0
CCPSP,-,-,-,-,-,-,-,-,-,-,-,-,-,27.23,0.00%,0
CCPSR,-,-,-,-,-,-,-,-,-,-,-,-,-,26.19,0.00%,0
CCPSS,207.36M,-,0.53%,6.94%,0.50%,2.37,2.37,12.61,12.62,99.81%,60.69%,4.79%,Aug 04/a,9.62,0.00%,0
CCPST,-,-,-,-,-,-,-,-,-,-,-,-,-,28.12,0.00%,0
CCPSU,-,-,-,-,-,-,-,-,-,-,-,-,-,27.91,0.00%,0
CCPSY,-,-,-,-,-,-,-,-,-,-,-,-,-,26.10,0.00%,0
CCPT,13.36B,4.29%,3.50%,7.76%,4.70%,0.31,0.31,0.82,1.28,22.55%,17.71%,20.60%,Jul 30/a,98.82,0.00%,0
CCPTL,-,2.32%,-,-,-,-,-,-,-,-,-,-,-,49.04,0.00%,0
CCPXR,-,0.56%,-,-,-,-,-,-,-,-,-,-,-,33.24,0.00%,0
CCPZ,251.68M,13.10%,-,-,-,-,-,-,-,-,-,-,-,12.82,0.00%,0
CCQP,31.95B,5.01%,15.54%,91.32%,14.92%,1.22,1.09,3.88,3.91,32.47%,31.50%,23.39%,Aug 06/b,66.01,0.00%,0
CCQQQ,-,2.26%,-,-,-,-,-,-,-,-,-,-,-,49.91,4.11%,97
CCQTM,-,-,-,-,-,-,-,-,-,-,-,-,-,23.87,0.00%,0
CCR,11.50B,0.51%,10.27%,16.54%,10.29%,2.80,1.84,0.50,0.51,41.74%,17.93%,12.97%,Jul 28/a,198.96,0.00%,1
CCRAC,228.83M,-,2.51%,2.56%,1.28%,0.03,0.03,0.00,0.00,-,-,-,-,10.23,0.00%,0
CCRAI,1.02B,1.40%,7.67%,26.01%,19.81%,0.82,0.82,0.37,1.67,27.26%,9.99%,6.20%,Aug 06/b,162.88,0.56%,"5,064"
CCRAK,-,1.18%,-,-,-,-,-,-,-,-,-,-,-,64.00,-1.34%,"3,784"
CCRAM,-,-,-,-,-,-,-,-,-,-,-,-,-,26.15,0.00%,0
CCRAN,365.68M,-,3.43%,3.58%,1.79%,15.82,15.82,0.00,0.00,-,-,-,-,10.10,0.00%,0
CCRAQ,325.16M,-,3.44%,3.59%,3.52%,2.40,2.40,0.00,0.00,-,-,-,-,10.39,0.00%,0
CCRBG,15.51B,2.89%,0.24%,7.90%,4.21%,0.48,-,1.02,1.02,-,8.49%,4.70%,Aug 04/a,34.80,0.00%,0
CCRBN,-,1.96%,-,-,-,-,-,-,-,-,-,-,-,260.38,0.00%,0
CCRBP,145.64M,-,-80.85%,-95.58%,-96.59%,5.71,5.71,0.03,0.04,-,-,-,Aug 06/b,7.53,-1.57%,526
CCRBU,139.37M,-,-56.87%,-78.27%,-83.81%,6.49,6.49,0.26,0.27,74.22%,-1090.90%,-1030.42%,Aug 13/a,1.30,0.00%,20
CCRC,4.69B,3.26%,-1.75%,-3.55%,-2.55%,0.66,0.56,0.39,0.40,39.73%,21.58%,-3.24%,Aug 10/b,52.76,0.00%,0
CCRCA,-,3.92%,-,-,-,-,-,-,-,-,-,-,-,22.36,-3.91%,"39,625"
CCRCD,-,-,-,-,-,-,-,-,-,-,-,-,-,1.82,4.00%,"275,639"
CCRCG,-,-,-,-,-,-,-,-,-,-,-,-,-,15.20,-4.10%,"167,198"
CCRCL,23.45B,-,0.64%,15.35%,12.82%,1.03,1.03,0.00,0.00,18.38%,8.25%,15.53%,Aug 05/b,92.35,-2.26%,"382,296"
CCRCO,-,145.54%,-,-,-,-,-,-,-,-,-,-,-,14.70,-0.34%,"2,506"
CCRCT,1.18B,3.54%,13.41%,25.90%,23.36%,2.49,1.96,0.02,0.03,57.94%,15.50%,12.71%,Aug 04/a,5.65,0.00%,0
CCRD,-,-,-,-,-,-,-,-,-,-,-,-,-,12.31,0.00%,0
CCRD-A,582.90M,2.48%,3.02%,12.95%,6.16%,1.19,1.19,1.05,1.45,27.30%,5.96%,1.80%,Aug 03/a,12.51,0.00%,0
CCRD-B,582.90M,2.62%,3.02%,12.95%,6.16%,1.19,1.19,1.05,1.45,27.30%,5.96%,1.80%,Aug 03/a,11.85,0.00%,0
CCRDD,-,0.68%,-,-,-,-,-,-,-,-,-,-,-,18.61,0.00%,0
CCRDF,104.25M,-,-70.84%,-94.08%,-150.95%,3.30,3.30,0.00,0.02,-75.20%,-8320.08%,-7888.98%,Aug 11/a,1.34,-2.19%,60
CCRDL,217.29M,-,-139.86%,-192.95%,-145.37%,5.55,5.55,0.00,0.00,-,-,-,Aug 13/b,1.86,0.00%,0
CCRDO,34.62B,-,27.48%,30.67%,19.58%,7.40,5.82,0.01,0.01,67.04%,32.32%,33.83%,Sep 01/a,184.18,-1.65%,"163,941"
CCRDT,-,5.60%,-,-,-,-,-,-,-,-,-,-,-,22.22,0.00%,0
CCRDU,-,-,-,-,-,-,-,-,-,-,-,-,-,8.23,-3.18%,"430,834"
CCRDX,-,0.45%,-,-,-,-,-,-,-,-,-,-,-,13.56,0.00%,0
CCRE,6.18M,-,6.09%,17.19%,8.51%,1.57,1.57,0.20,0.56,40.90%,4.48%,4.03%,-,3.07,0.00%,0
CCRESY,922.09M,3.46%,2.61%,13.32%,5.86%,1.46,1.13,1.08,1.50,36.97%,16.31%,12.93%,-,13.00,2.04%,273
CCREX,35.71M,-,-20.51%,-54.96%,-20.42%,0.90,0.75,1.18,1.42,41.67%,-13.90%,-30.71%,Aug 13/b,2.64,0.00%,0
CCRF,1.03B,23.09%,-,-,-,-,-,-,-,-,-,-,-,6.12,0.00%,0
CCRGO,55.20M,-,-26.42%,-39.43%,-44.08%,1.88,1.85,0.04,0.06,66.89%,-60.97%,-56.24%,Aug 17/b,1.06,0.00%,0
CCRGY,4.38B,3.62%,0.50%,1.14%,0.53%,0.94,0.94,1.00,1.00,31.59%,24.67%,1.27%,Aug 03/a,13.26,0.00%,46
CCRH,57.97B,1.80%,6.78%,16.45%,9.31%,1.58,1.07,0.70,0.82,36.25%,14.05%,9.87%,Jul 30/b,87.14,0.00%,0
CCRI,1.13B,3.27%,7.32%,20.18%,9.13%,2.47,1.50,1.02,1.15,48.60%,8.92%,6.37%,Jul 31/b,30.69,0.00%,0
CCRIB,-,-,-,-,-,-,-,-,-,-,-,-,-,24.21,0.00%,0
CCRIS,2.20M,-,-87.76%,-693.93%,-450.54%,0.49,0.49,0.00,0.22,97.71%,-833.40%,-490.33%,Jul 30,1.05,7.74%,366
CCRK,3.86B,-,7.10%,20.92%,8.83%,0.48,0.48,1.21,1.23,22.50%,19.28%,26.77%,Jul 29/a,13.14,0.93%,"2,062"
CCRL,13.28B,-,-3.16%,-7.70%,-4.06%,1.35,1.04,1.07,1.07,32.63%,13.51%,-5.96%,Aug 05/b,278.09,-0.33%,7
CCRM,197.42B,0.47%,9.33%,19.38%,12.07%,0.76,0.76,1.09,1.10,74.69%,21.52%,21.99%,Aug 26/a,239.88,1.46%,"43,925"
CCRMD,605.63M,-,32.36%,54.93%,30.89%,2.56,2.36,0.31,0.31,82.78%,46.95%,40.49%,Aug 13/b,7.77,0.00%,0
CCRMG,-,-,-,-,-,-,-,-,-,-,-,-,-,8.69,3.08%,"22,138"
CCRML,1.34B,-,-74.13%,-138.75%,-106.55%,0.75,0.75,0.00,0.02,-,-,-,Sep 02,9.13,-2.14%,"208,063"
CCRMT,13.76M,-,-14.05%,-41.98%,-18.99%,8.32,8.05,1.76,1.78,47.77%,-7.10%,-18.22%,Sep 09/b,1.65,0.00%,0
CCRMU,-,-,-,-,-,-,-,-,-,-,-,-,-,3.29,-4.64%,"16,245"
CCRMX,-,-,-,-,-,-,-,-,-,-,-,-,-,29.00,-9.83%,"2,294"
CCRNC,368.63M,-,-2.45%,-9.56%,-4.41%,2.04,2.03,1.10,1.12,78.69%,11.90%,-4.97%,Aug 06/a,8.15,0.00%,310
CCRNT,191.79M,-,-1.02%,-1.91%,-1.77%,1.85,1.35,0.07,0.17,33.48%,2.80%,-0.95%,Aug 11/b,2.11,0.00%,0
CCROB,-,-,-,-,-,-,-,-,-,-,-,-,-,22.06,0.00%,0
CCRON,1.23B,-,5.94%,6.51%,6.54%,16.18,15.25,0.00,0.00,44.99%,-2.19%,39.08%,Aug 06/b,3.33,0.00%,0
CCROX,5.90B,-,13.48%,42.30%,19.89%,1.49,0.96,1.15,1.22,57.47%,20.81%,14.63%,Jul 30/b,123.05,-0.52%,20
CCRPT,-,0.68%,-,-,-,-,-,-,-,-,-,-,-,16.73,0.00%,0
CCRS,19.97B,0.20%,14.46%,25.74%,17.97%,3.81,2.23,0.32,0.33,30.66%,22.54%,16.95%,Jul 30/b,402.90,0.00%,0
CCRSH,-,81.80%,-,-,-,-,-,-,-,-,-,-,-,18.95,0.00%,0
CCRSP,5.60B,-,-19.28%,-26.09%,-17.96%,17.85,17.85,0.44,0.45,-1510.66%,-3971.53%,-3368.72%,Aug 03/a,57.93,-0.69%,"2,858"
CCRSR,1.46B,-,2.73%,5.25%,4.03%,1.75,1.04,0.24,0.28,31.55%,2.94%,2.29%,Aug 06/a,13.52,0.00%,0
CCRT,73.92M,4.99%,84.63%,145.08%,151.94%,6.66,6.66,0.00,0.00,-,73.82%,73.82%,-,12.32,0.00%,0
CCRTC,-,0.92%,-,-,-,-,-,-,-,-,-,-,-,41.55,0.00%,0
CCRTO,937.94M,-,5.06%,9.42%,8.49%,1.29,1.29,0.09,0.13,53.60%,9.97%,5.60%,Aug 05/b,16.80,0.00%,0
CCRUC,-,-,-,-,-,-,-,-,-,-,-,-,-,13.65,0.00%,0
CCRUS,6.01B,-,17.74%,20.90%,18.73%,7.58,6.23,0.05,0.06,52.78%,23.05%,21.00%,Aug 05/a,120.00,0.02%,22
CCRUX,-,2.23%,-,-,-,-,-,-,-,-,-,-,-,29.09,0.00%,0
CCRVL,3.63B,-,17.92%,30.70%,26.84%,1.94,1.94,0.05,0.07,22.28%,15.37%,11.72%,Aug 05/b,71.83,0.00%,0
CCRVO,37.80M,-,-94.73%,-107.62%,-132.18%,8.47,8.47,0.00,0.00,-,-9406.96%,-9160.94%,Aug 10/b,2.50,3.73%,17
CCRVS,1.04B,-,-32.93%,-35.43%,-23.99%,16.16,16.16,0.00,0.00,-,-,-,Aug 06/a,12.42,0.00%,0
CCRWC,-,-,-,-,-,-,-,-,-,-,-,-,-,38.83,0.00%,0
CCRWD,256.67B,-,0.35%,0.85%,0.64%,1.48,1.48,0.16,0.16,75.12%,-1.23%,0.70%,Aug 26/a,250.67,0.53%,"28,617"
CCRWG,-,11.62%,-,-,-,-,-,-,-,-,-,-,-,17.24,-2.43%,"88,188"
CCRWL,-,-,-,-,-,-,-,-,-,-,-,-,-,94.24,0.75%,"1,178"
CCRWS,27.01M,10.76%,6.93%,12.82%,9.38%,3.20,1.40,0.33,0.48,28.54%,6.51%,5.99%,Aug 12/a,2.51,0.00%,0
CCRWU,-,12.90%,-,-,-,-,-,-,-,-,-,-,-,33.18,-2.59%,"4,441"
CCRWV,46.57B,-,-3.73%,-43.60%,-3.97%,0.46,0.46,8.66,10.27,24.39%,-3.03%,-25.41%,Aug 11/a,84.44,-1.16%,"357,867"
CCRWX,-,-,-,-,-,-,-,-,-,-,-,-,-,19.08,0.00%,0
CCRXP,-,3.41%,-,-,-,-,-,-,-,-,-,-,-,19.17,0.00%,0
CCRY,-,44.12%,-,-,-,-,-,-,-,-,-,-,-,16.93,0.00%,0
CCSAI,2.89M,-,-111.90%,-145.18%,-174.47%,4.96,4.71,0.37,0.37,35.86%,-115.71%,-189.03%,Aug 17/b,3.31,0.00%,0
CCSAN,2.71B,-,-6.97%,-145.58%,-14.32%,1.67,1.55,11.06,12.26,34.51%,23.29%,-21.84%,Aug 14/a,2.75,0.00%,0
CCSB,-,3.32%,-,-,-,-,-,-,-,-,-,-,-,63.14,0.00%,0
CCSBR,73.21M,-,-3.46%,-29.83%,-7.89%,1.03,1.03,2.60,2.82,47.69%,-1.54%,-1.82%,Sep 10/a,5.26,0.00%,0
CCSCL,-,1.42%,-,-,-,-,-,-,-,-,-,-,-,53.28,0.00%,0
CCSCO,439.09B,1.53%,10.53%,27.32%,18.71%,0.93,0.79,0.41,0.62,63.41%,25.16%,20.95%,Aug 12/a,111.37,-0.08%,"17,804"
CCSCS,-,4.45%,-,-,-,-,-,-,-,-,-,-,-,13.74,0.00%,0
CCSD,-,0.12%,-,-,-,-,-,-,-,-,-,-,-,129.78,0.00%,0
CCSEN,-,0.31%,-,-,-,-,-,-,-,-,-,-,-,25.68,0.00%,0
CCSEP,-,-,-,-,-,-,-,-,-,-,-,-,-,25.40,0.00%,0
CCSEX,-,-,-,-,-,-,-,-,-,-,-,-,-,13.75,-2.14%,"3,086"
CCSGP,11.79B,-,0.72%,0.90%,0.82%,2.21,2.21,0.14,0.15,74.55%,2.43%,2.08%,Jul 28/a,29.09,0.17%,710
CCSHI,-,4.66%,-,-,-,-,-,-,-,-,-,-,-,49.66,0.00%,0
CCSHP,-,3.98%,-,-,-,-,-,-,-,-,-,-,-,100.26,0.00%,0
CCSHR,790.80M,-,2.41%,2.48%,1.22%,1.14,1.14,0.00,0.00,-,-,-,Sep 14/b,6.00,0.67%,111
CCSIO,-,1.50%,-,-,-,-,-,-,-,-,-,-,-,27.85,0.00%,0
CCSIQ,787.60M,-,-1.21%,-6.64%,-2.77%,0.89,0.62,1.44,2.89,16.43%,-1.72%,-3.73%,Aug 27/b,11.60,-1.44%,242
CCSL,12.62B,1.44%,12.53%,39.40%,16.18%,2.60,2.04,1.78,1.78,35.21%,20.55%,14.29%,Jul 29/a,317.85,0.00%,0
CCSM,-,1.01%,-,-,-,-,-,-,-,-,-,-,-,88.69,0.00%,0
CCSMD,-,-,-,-,-,-,-,-,-,-,-,-,-,33.85,0.00%,0
CCSNR,-,1.79%,-,-,-,-,-,-,-,-,-,-,-,37.48,0.00%,0
CCSPF,-,5.39%,-,-,-,-,-,-,-,-,-,-,-,25.71,0.00%,0
CCSPI,75.81M,1.60%,-1.01%,-1.52%,-1.53%,2.40,2.31,0.03,0.08,33.08%,-5.35%,-1.22%,Aug 14/b,7.52,0.00%,0
CCSQ,3.35B,6.90%,-,-,-,-,-,-,-,-,-,-,-,20.92,0.00%,0
CCSQR,3.04B,-,-,-,-,1.63,1.63,-,-,-,-,-,Sep 02,18.25,0.00%,0
CCSR,978.92M,8.78%,1.13%,3.09%,1.30%,3.11,3.11,1.44,1.44,36.16%,29.41%,6.15%,Aug 03/a,55.37,0.00%,0
CCSRA,-,-,-,-,-,-,-,-,-,-,-,-,-,25.14,0.00%,0
CCSRE,-,2.26%,-,-,-,-,-,-,-,-,-,-,-,27.79,0.00%,0
CCSSD,-,4.13%,-,-,-,-,-,-,-,-,-,-,-,24.94,0.00%,0
CCSTE,95.78M,-,-32.35%,-81.82%,-72.17%,1.59,1.05,0.94,0.94,19.70%,-11.96%,-37.38%,Aug 05/b,2.77,0.00%,0
CCSTK,-,2.12%,-,-,-,-,-,-,-,-,-,-,-,33.24,0.00%,0
CCSTL,1.07B,-,-3.51%,-4.20%,-3.86%,6.04,5.85,0.07,0.08,74.13%,-8.99%,-5.43%,Jul 30/a,34.99,0.00%,0
CCSTM,3.46B,-,9.53%,53.80%,17.43%,1.43,0.61,1.51,1.54,12.78%,8.43%,5.69%,Jul 29/b,25.50,0.00%,0
CCSV,490.45M,1.46%,3.34%,17.13%,5.35%,1.46,1.29,1.95,1.97,35.07%,23.38%,10.57%,Aug 05/a,30.88,0.00%,0
CCSW,4.72B,0.39%,6.25%,11.07%,6.17%,2.70,1.36,0.82,0.86,42.38%,18.17%,10.34%,Jul 30/b,289.58,0.00%,0
CCSWC,1.49B,10.92%,5.21%,11.08%,4.94%,1.43,1.43,1.09,1.16,96.91%,81.45%,47.67%,Aug 03/a,23.44,0.00%,0
CCSX,85.95B,1.21%,7.35%,24.37%,10.16%,0.82,0.72,1.25,1.37,35.27%,35.27%,22.21%,Jul 22/a,46.40,0.89%,"2,269"
CCTA,-,4.60%,-,-,-,-,-,-,-,-,-,-,-,29.10,-0.21%,"1,051"
CCTAA,169.17M,-,-,-,-,269.22,269.22,0.00,0.00,-,-,-,-,9.95,0.00%,0
CCTAP,-,1.64%,-,-,-,-,-,-,-,-,-,-,-,30.51,0.00%,0
CCTAS,78.77B,0.96%,18.94%,40.58%,29.36%,0.92,0.76,0.32,0.53,48.95%,23.26%,17.70%,Sep 23/b,196.58,-0.15%,"2,586"
CCTAU,-,-,-,-,-,-,-,-,-,-,-,-,-,25.41,0.00%,0
CCTBI,1.37B,2.96%,1.61%,12.72%,11.11%,0.15,-,0.09,0.42,-,33.24%,25.65%,Jul 15/b,75.56,0.00%,0
CCTEC,-,0.62%,-,-,-,-,-,-,-,-,-,-,-,57.40,0.00%,0
CCTEF,-,0.06%,-,-,-,-,-,-,-,-,-,-,-,86.46,0.00%,0
CCTEV,535.88M,-,-5.76%,-646.34%,-6.47%,1.00,1.00,-,-,28.18%,4.21%,-28.46%,Aug 07/b,31.62,0.00%,"2,956"
CCTEX,-,2.28%,-,-,-,-,-,-,-,-,-,-,-,32.37,0.00%,0
CCTGO,632.36M,-,-12.00%,-23.69%,-11.11%,1.06,1.06,0.06,0.10,-,-,-,Aug 14/b,18.91,0.00%,0
CCTIF,-,4.83%,-,-,-,-,-,-,-,-,-,-,-,53.08,0.00%,0
CCTJL,-,-,-,-,-,-,-,-,-,-,-,-,-,25.69,0.00%,0
CCTJN,-,-,-,-,-,-,-,-,-,-,-,-,-,25.47,0.00%,0
CCTKB,721.41M,-,-17.14%,-23.04%,-23.55%,4.48,3.86,0.06,0.11,53.23%,-21.60%,-38.98%,Aug 05/a,5.55,5.11%,218
CCTM,61.55M,-,-5.36%,-6.75%,-6.26%,4.71,4.71,0.02,0.03,35.30%,-4.95%,-4.32%,Aug 06/a,0.65,2.72%,536
CCTMA,-,-,-,-,-,-,-,-,-,-,-,-,-,25.85,0.00%,0
CCTMX,599.22M,-,-28.64%,-37.75%,-26.01%,9.36,9.36,0.01,0.02,94.85%,-476.74%,-451.62%,Aug 06/a,2.75,-0.36%,10
CCTNM,509.77M,-,-26.57%,-28.01%,-23.60%,37.17,37.17,0.02,0.03,-,-,-,Jul 30/a,13.55,0.00%,0
CCTNT,0.14M,-,-6.03%,-6.39%,-3.62%,47.55,47.55,0.01,0.01,-48.95%,-264.76%,-206.78%,Aug 13/a,0.05,3.07%,"29,000,171"
CCTO,762.08M,7.48%,3.98%,8.50%,3.94%,1.86,1.86,1.01,1.04,36.49%,24.64%,27.97%,Jul 28/a,20.33,0.00%,0
CCTOR,97.17M,-,-45.20%,-126.58%,-91.04%,0.73,0.34,0.25,0.25,28.92%,-665.63%,-648.32%,Aug 14/a,1.04,0.00%,0
CCTOS,2.13B,-,0.60%,2.67%,0.83%,1.34,0.29,2.17,3.12,20.17%,8.86%,1.05%,Aug 03/a,9.38,0.00%,0
CCTRE,8.90B,4.13%,6.70%,9.11%,6.23%,6.76,6.76,0.27,0.27,78.63%,64.87%,62.07%,Aug 06/a,37.68,0.00%,0
CCTRI,2.08B,-,1.28%,4.02%,1.67%,1.82,1.82,0.99,1.07,6.86%,2.91%,0.85%,Aug 04/b,20.60,1.28%,191
CCTRM,20.00M,-,12.37%,18.32%,13.44%,4.68,4.64,0.26,0.28,29.97%,7.60%,99.68%,Sep 14/b,2.07,0.00%,0
CCTRN,461.50M,-,1.55%,6.17%,2.41%,1.13,0.43,1.45,1.80,37.54%,0.59%,0.84%,Aug 25/b,55.34,0.00%,0
CCTS,1.68B,0.27%,8.85%,12.43%,10.60%,2.61,2.07,0.15,0.16,39.01%,15.91%,12.35%,Jul 28/b,58.67,0.00%,207
CCTSE,-,-,-,-,-,-,-,-,-,-,-,-,-,25.40,0.00%,0
CCTSH,26.77B,2.22%,10.83%,14.92%,13.55%,2.18,2.18,0.13,0.14,30.66%,16.11%,10.26%,Jul 29/b,59.42,0.07%,187
CCTSO,17.36M,-,-42.38%,-336.19%,-130.68%,0.66,0.50,-,-,71.61%,-31.60%,-48.94%,Aug 06/a,5.51,0.00%,0
CCTVA,53.08B,0.93%,2.60%,4.25%,3.76%,1.52,1.10,0.07,0.19,45.41%,16.67%,5.66%,Jul 30/a,79.55,0.56%,28
CCTW,126.05M,-,8.08%,14.87%,12.01%,1.98,1.98,0.15,0.25,75.69%,2.84%,4.24%,May 13/b,2.02,0.00%,0
CCTWO,-,-,-,-,-,-,-,-,-,-,-,-,-,19.33,0.00%,0
CCTXR,15.83M,-,-34.29%,-70.29%,-62.86%,0.84,0.40,0.11,0.11,19.97%,-863.92%,-651.27%,Aug 14/a,0.58,0.00%,0
CCUB,284.39M,-,0.74%,0.86%,0.95%,0.00,0.00,0.00,0.00,-,-,-,-,10.87,0.00%,0
CCUBE,8.98B,5.36%,5.03%,12.39%,5.78%,0.06,0.06,1.24,1.37,45.84%,39.85%,29.41%,Jul 30/a,39.72,0.00%,0
CCUBI,2.66B,0.12%,1.19%,14.32%,6.52%,0.33,-,1.03,1.07,-,24.76%,18.70%,Jul 23/a,78.87,0.00%,0
CCUE,197.08M,-,-459.60%,-1603.48%,-1729.46%,1.25,1.25,3.11,3.81,99.31%,-261.97%,-435.83%,Aug 14/a,27.13,-4.03%,"4,054"
CCULP,45.85M,-,-3.40%,-7.15%,-7.26%,1.81,0.84,0.02,0.28,16.56%,-0.01%,-1.93%,Sep 09/a,3.60,0.00%,0
CCUPR,10.22M,-,-90.82%,-1082.72%,-85.52%,2.35,2.35,0.07,0.10,-54.48%,-9692.62%,-9376.19%,-,1.95,3.17%,"1,748"
CCURB,3.30B,2.37%,1.16%,1.44%,1.05%,9.72,9.72,0.32,0.32,33.66%,17.17%,12.80%,Jul 28/b,28.66,0.00%,0
CCURE,-,0.97%,-,-,-,-,-,-,-,-,-,-,-,130.88,-0.21%,109
CCURI,167.93M,11.66%,0.03%,0.05%,0.05%,0.78,0.78,0.08,0.09,62.89%,-0.30%,0.03%,Aug 12/a,2.83,-0.35%,324
CCURR,362.67M,-,-16.56%,-,-,1.12,1.11,-,-,40.77%,-20.99%,-48.74%,-,3.23,0.00%,0
CCURV,231.35M,-,-2.28%,-,-6.93%,0.79,0.26,-,-,34.69%,1.93%,-0.94%,Sep 03/a,2.32,0.00%,0
CCURX,6.85M,-,-357.22%,-411.08%,-210.65%,45.95,45.95,0.04,0.06,-,-,-,-,4.37,0.00%,0
CCUST,-,0.83%,-,-,-,-,-,-,-,-,-,-,-,24.83,0.00%,0
CCUT,-,2.46%,-,-,-,-,-,-,-,-,-,-,-,29.14,0.00%,0
CCUVL,292.49M,0.68%,12.16%,13.45%,12.27%,14.81,14.45,0.01,0.01,82.84%,43.47%,36.28%,Aug 26/a,5.80,0.00%,0
CCUZ,4.72B,4.50%,0.07%,0.14%,0.08%,1.73,1.73,0.87,0.87,26.90%,22.66%,0.62%,Jul 30/a,28.66,0.00%,0
CCV,329.37M,-,-212.19%,-335.06%,-222.42%,3.35,2.44,0.02,0.05,50.88%,-217.14%,-214.74%,Aug 13/a,6.19,0.00%,0
CCVAR,-,1.34%,-,-,-,-,-,-,-,-,-,-,-,30.69,0.00%,0
CCVBF,3.92B,3.61%,1.12%,7.60%,5.44%,0.10,-,0.19,0.37,-,43.64%,28.84%,Jul 22/a,22.28,-0.66%,1
CCVCO,4.18B,-,12.24%,16.66%,15.74%,2.23,1.41,0.04,0.04,23.15%,9.62%,7.89%,Jul 30/a,543.39,0.00%,0
CCVE,57.65B,2.00%,11.11%,21.12%,15.05%,1.63,1.04,0.33,0.34,18.81%,16.79%,12.36%,Jul 29/b,31.26,-0.98%,"1,858"
CCVEO,355.90M,-,-2.66%,-7.18%,-3.48%,1.89,1.81,1.39,1.39,13.13%,1.86%,-1.93%,Jul 30/b,34.43,0.00%,0
CCVGD,-,0.26%,-,-,-,-,-,-,-,-,-,-,-,26.08,0.00%,0
CCVGI,121.49M,-,-4.77%,-15.12%,-8.53%,1.98,1.16,0.98,1.08,12.77%,1.58%,-3.42%,Aug 03/a,2.99,0.00%,0
CCVI,5.34B,0.71%,1.71%,13.93%,3.01%,1.42,0.92,3.37,3.43,8.55%,6.80%,0.81%,Jul 29/a,53.15,0.00%,0
CCVIE,-,2.33%,-,-,-,-,-,-,-,-,-,-,-,85.40,0.00%,0
CCVKD,3.71M,-,-199.59%,-275.16%,-282.13%,3.67,3.67,0.00,0.00,-,-,-,Aug 13/a,1.04,-4.59%,433
CCVLC,-,0.92%,-,-,-,-,-,-,-,-,-,-,-,95.92,0.00%,0
CCVLG,859.80M,0.83%,0.10%,0.23%,0.57%,1.14,1.10,0.60,0.79,7.11%,0.81%,0.31%,Jul 29/a,33.88,0.00%,0
CCVLT,6.05B,-,4.45%,32.77%,7.10%,2.04,2.04,17.49,17.63,80.26%,9.01%,5.62%,Jul 28/b,145.87,0.10%,22
CCVM,29.37M,-,-108.91%,-252.53%,-140.57%,1.48,1.42,0.47,0.72,-,-,-,Aug 17/b,1.67,0.00%,0
CCVMC,-,1.21%,-,-,-,-,-,-,-,-,-,-,-,74.39,0.00%,0
CCVNA,74.04B,-,13.11%,54.46%,16.92%,3.93,2.33,1.30,1.44,18.68%,8.93%,6.26%,Jul 29/a,67.28,0.15%,"1,702"
CCVNY,-,108.70%,-,-,-,-,-,-,-,-,-,-,-,18.68,-0.69%,17
CCVR,9.90M,0.59%,-10.33%,-13.04%,-13.76%,3.03,1.55,0.02,0.11,10.99%,-9.49%,-8.90%,-,10.25,0.00%,0
CCVRD,-,7.57%,-,-,-,-,-,-,-,-,-,-,-,18.55,0.00%,0
CCVRT,-,1.52%,-,-,-,-,-,-,-,-,-,-,-,47.19,0.00%,0
CCVRX,79.13M,-,-49.06%,-133.44%,-65.81%,8.04,6.87,2.96,2.98,85.62%,-79.49%,-84.93%,Aug 06/a,2.97,0.00%,170
CCVS,112.04B,3.12%,1.91%,6.23%,3.21%,0.87,0.66,0.91,0.96,14.16%,3.54%,1.18%,Aug 05/b,87.60,0.00%,428
CCVSA,4.28B,-,9.09%,18.57%,11.57%,1.09,1.09,0.60,0.63,60.28%,19.94%,13.68%,Aug 06/a,125.79,0.00%,0
CCVSB,-,4.21%,-,-,-,-,-,-,-,-,-,-,-,50.67,0.00%,0
CCVSM,-,0.24%,-,-,-,-,-,-,-,-,-,-,-,25.13,0.00%,0
CCVU,66.91M,-,4.94%,14.37%,6.84%,1.97,1.95,0.94,1.00,22.54%,8.18%,5.06%,Aug 13/a,5.05,0.00%,0
CCVV,31.42M,-,-11.63%,-13.01%,-9.66%,11.52,11.42,0.00,0.00,24.73%,-26.47%,-21.56%,Aug 12/a,4.52,0.00%,0
CCVX,400.69B,3.52%,7.09%,12.25%,9.09%,1.25,0.98,0.19,0.20,18.48%,13.33%,9.74%,Jul 31/b,202.80,-0.43%,"11,554"
CCVY,-,3.95%,-,-,-,-,-,-,-,-,-,-,-,29.52,0.00%,0
CCW,20.98B,0.18%,10.16%,19.75%,14.55%,1.60,1.12,0.34,0.41,37.73%,18.89%,14.81%,Aug 05/a,568.02,0.00%,0
CCWB,-,1.53%,-,-,-,-,-,-,-,-,-,-,-,102.92,0.00%,1
CCWBC,703.78M,1.85%,0.84%,7.33%,5.30%,0.07,-,0.12,0.41,-,27.38%,16.86%,Jul 23/a,25.94,0.00%,0
CCWCO,455.25M,1.97%,6.30%,7.41%,7.10%,5.95,5.81,0.01,0.01,34.86%,12.26%,12.64%,Aug 10/a,28.43,0.00%,0
CCWD,5.30M,-,-16.10%,-15216.77%,-21.23%,0.67,0.67,-,-,-22.03%,-111.05%,-117.41%,Aug 13/a,0.51,-1.71%,"10,823"
CCWEB,-,7.70%,-,-,-,-,-,-,-,-,-,-,-,19.54,0.05%,"206,288"
CCWEN,6.34B,6.10%,0.55%,4.92%,0.81%,1.21,1.11,5.04,5.34,16.16%,13.17%,5.91%,Aug 05/a,30.89,0.00%,3
CCWH,566.05M,4.56%,-1.94%,-33.19%,-3.80%,1.22,0.30,9.41,15.21,27.12%,2.44%,-1.55%,Jul 29/a,5.48,0.00%,0
CCWI,-,2.64%,-,-,-,-,-,-,-,-,-,-,-,41.36,0.00%,0
CCWK,3.03B,-,0.91%,3.52%,1.44%,1.08,1.08,1.38,1.50,16.80%,3.84%,0.64%,Aug 05/b,12.90,0.00%,0
CCWS,-,0.32%,-,-,-,-,-,-,-,-,-,-,-,68.04,0.00%,0
CCWST,5.54B,-,0.17%,0.36%,0.19%,0.99,0.99,0.89,0.91,16.81%,4.82%,0.29%,Aug 06/a,87.05,0.00%,0
CCWT,2.92B,2.83%,2.35%,7.70%,4.06%,0.70,0.67,0.81,0.93,37.26%,19.20%,12.63%,Jul 30/b,47.26,0.00%,200
CCWVX,-,3.20%,-,-,-,-,-,-,-,-,-,-,-,14.33,-2.78%,"45,482"
CCWY,-,47.44%,-,-,-,-,-,-,-,-,-,-,-,15.37,0.00%,0
CCX,15.37B,1.26%,1.80%,3.97%,2.54%,0.92,0.68,0.51,0.55,32.06%,12.26%,2.83%,Jul 23/b,10.17,1.50%,14
CCXAI,5.87M,-,-64.56%,-131.89%,-75.46%,1.64,1.64,0.57,0.58,20.21%,-330.88%,-446.46%,Aug 14/b,2.51,0.00%,421
CCXDO,190.21M,-,4.98%,6.30%,5.19%,1.81,1.73,0.06,0.07,57.80%,6.12%,5.31%,Aug 04/a,5.72,-1.21%,107
CCXII,602.72M,-,-,-,-,12.07,12.07,0.00,0.00,-,-,-,-,10.85,0.00%,0
CCXM,1.25B,-,2.17%,4.36%,4.18%,1.41,1.41,0.07,0.08,65.59%,5.53%,2.65%,Sep 02/b,5.39,0.00%,0
CCXRN,-,1.70%,-,-,-,-,-,-,-,-,-,-,-,22.55,0.00%,0
CCXSE,-,1.55%,-,-,-,-,-,-,-,-,-,-,-,37.22,0.00%,0
CCXT,2.63B,1.57%,4.31%,11.49%,5.55%,1.42,1.07,1.00,1.16,42.12%,16.32%,7.78%,Aug 05/a,45.77,0.00%,1
CCXW,3.21B,-,3.92%,8.77%,4.79%,1.32,1.32,0.86,0.94,17.09%,9.94%,5.15%,Aug 05/a,32.41,0.00%,0
CCYAB,4.94M,-,-137.94%,-554.50%,-,0.14,0.14,-,-,84.39%,-502.17%,-667.32%,Aug 13/b,0.28,-3.17%,"426,677"
CCYCU,10.87M,-,-40.85%,-76.70%,-60.28%,0.30,0.30,0.03,0.32,17.34%,-91.50%,-98.00%,Aug 14/b,3.37,1.36%,299
CCYD,1.31B,1.74%,2.77%,7.53%,6.19%,2.11,1.68,0.14,0.14,17.90%,4.13%,2.79%,Aug 07/b,35.04,0.00%,7
CCYH,407.52M,-,1.95%,-,2.90%,1.53,1.39,-,-,7.99%,7.99%,2.10%,Jul 22/a,2.89,0.00%,0
CCYN,11.97M,-,-48.49%,-59.00%,-51.55%,16.20,15.58,0.17,0.19,-258.08%,-7405.04%,-6961.64%,Aug 12/a,0.78,2.66%,502
CCYPH,367.48M,-,-1.08%,-1.21%,-0.63%,79.19,79.19,0.00,0.00,-,-,-,Aug 12/b,3.41,0.29%,"104,366"
CCYRX,892.44M,-,-4.30%,-6.54%,-6.17%,2.08,1.98,0.09,0.47,40.16%,-21.25%,-21.92%,Aug 06/a,17.62,0.00%,0
CCYTK,9.39B,-,-56.76%,-,-85.25%,6.66,6.66,-,-,69.42%,-1046.12%,-1321.12%,Aug 06/a,67.52,-0.06%,16
CCZA,-,1.43%,-,-,-,-,-,-,-,-,-,-,-,120.87,0.00%,0
CCZFS,384.84M,2.52%,1.33%,12.32%,5.50%,0.04,-,1.12,1.12,-,28.65%,23.37%,Jul 30/b,80.01,0.00%,"1,145"
CCZNC,457.98M,4.39%,0.88%,7.99%,5.30%,0.16,-,0.38,0.49,-,20.40%,13.24%,Jul 23/a,25.54,-0.87%,1
CCZR,6.04B,-,-1.45%,-12.79%,-1.65%,0.85,0.83,7.33,7.36,37.69%,17.69%,-3.99%,Jul 28/a,29.65,0.00%,0
CCZWI,206.32M,1.96%,0.72%,6.84%,5.26%,0.10,-,0.27,0.27,-,15.55%,13.03%,Jul 27/b,21.38,0.00%,0
DD,55.58B,4.23%,2.22%,9.08%,3.35%,0.81,0.64,1.62,1.85,51.99%,27.47%,13.44%,Jul 31/b,63.19,0.59%,35
DDAAQ,240.35M,-,3.18%,3.31%,3.26%,12.83,12.83,0.00,0.00,-,-,-,-,10.45,0.00%,0
DDABS,-,4.90%,-,-,-,-,-,-,-,-,-,-,-,49.95,0.00%,0
DDAC,2.91B,2.26%,10.85%,14.14%,10.32%,9.30,9.15,0.29,0.30,55.10%,48.42%,51.26%,Aug 03/a,159.61,0.00%,0
DDACL,-,0.55%,-,-,-,-,-,-,-,-,-,-,-,24.98,0.00%,0
DDADS,-,4.61%,-,-,-,-,-,-,-,-,-,-,-,20.50,0.00%,0
DDAIC,6.99M,-,-553.21%,-,-,0.39,0.14,-,-,39.20%,-219.39%,-730.20%,May 11/a,3.56,-1.18%,"9,362"
DDAIO,30.15M,-,-35.53%,-59.53%,-67.10%,1.93,1.39,0.09,0.67,50.59%,-43.67%,-48.73%,Aug 12/a,2.90,0.00%,0
DDAK,-,0.72%,-,-,-,-,-,-,-,-,-,-,-,30.24,0.00%,0
DDAKT,853.08M,-,8.38%,16.18%,14.58%,2.17,1.66,0.04,0.05,27.57%,7.25%,5.66%,Sep 02/b,17.66,0.00%,0
DDAL,54.70B,0.87%,4.80%,20.13%,10.54%,0.42,0.35,0.72,0.92,15.96%,8.08%,5.79%,Oct 09/b,83.18,0.82%,"9,613"
DDALI,-,1.16%,-,-,-,-,-,-,-,-,-,-,-,29.23,0.00%,0
DDAMD,-,-,-,-,-,-,-,-,-,-,-,-,-,9.03,1.80%,"382,526"
DDAN,3.23B,1.54%,-0.63%,-2.88%,-2.11%,1.49,1.03,0.75,0.78,9.10%,4.02%,-0.93%,Aug 06/b,29.99,0.00%,0
DDANA,-,2.32%,-,-,-,-,-,-,-,-,-,-,-,25.00,0.00%,0
DDAO,475.06M,-,8.52%,-,-,0.58,0.55,-,-,45.19%,4.33%,2.71%,Aug 20/b,14.55,0.00%,0
DDAPP,-,-,-,-,-,-,-,-,-,-,-,-,-,21.43,0.00%,0
DDAPR,-,-,-,-,-,-,-,-,-,-,-,-,-,41.87,0.00%,0
DDAR,9.98B,-,5.63%,12.13%,6.46%,1.56,1.03,0.76,0.80,18.29%,8.90%,9.13%,Jul 30/b,63.26,0.00%,0
DDARE,15.93M,-,-62.16%,-,-201.69%,0.99,0.99,-,-,-128.01%,-813.38%,-804.37%,Aug 13/a,0.81,0.00%,0
DDARP,-,0.33%,-,-,-,-,-,-,-,-,-,-,-,58.69,0.00%,0
DDASH,84.06B,-,4.61%,8.93%,6.41%,1.36,1.36,0.32,0.33,45.12%,5.46%,5.29%,Aug 05/a,194.00,0.09%,"1,465"
DDAT,-,-,-,-,-,-,-,-,-,-,-,-,-,50.77,0.00%,0
DDAUG,-,-,-,-,-,-,-,-,-,-,-,-,-,47.81,0.00%,0
DDAVA,104.99M,-,-56.36%,-103.70%,-104.94%,2.07,2.07,1.30,1.38,18.09%,-0.13%,-56.42%,May 21/b,2.46,-11.79%,"49,543"
DDAVE,3.98B,-,47.66%,104.78%,55.50%,4.22,4.22,0.93,1.29,88.15%,33.54%,34.59%,Aug 05/a,311.69,-11.11%,23
DDAX,-,2.07%,-,-,-,-,-,-,-,-,-,-,-,45.48,0.00%,0
DDB,71.42B,3.46%,0.45%,9.82%,3.44%,4.68,-,1.80,2.22,-,16.49%,10.74%,Jul 29/b,38.01,-0.63%,"6,569"
DDBA,-,-,-,-,-,-,-,-,-,-,-,-,-,28.57,-0.38%,427
DDBAW,-,1.66%,-,-,-,-,-,-,-,-,-,-,-,48.67,0.00%,0
DDBB,-,-,-,-,-,-,-,-,-,-,-,-,-,25.88,0.00%,0
DDBC,-,-,-,-,-,-,-,-,-,-,-,-,-,32.45,-0.40%,"1,465"
DDBCA,436.18M,-,-,-,-,8.41,8.41,0.00,0.00,-,-,-,-,10.08,0.00%,0
DDBD,2.19B,-,2.97%,10.76%,5.50%,1.27,0.83,1.09,1.14,26.28%,9.00%,2.87%,Jul 29/b,64.39,1.61%,4
DDBE,-,-,-,-,-,-,-,-,-,-,-,-,-,36.31,0.00%,0
DDBEF,-,2.26%,-,-,-,-,-,-,-,-,-,-,-,55.45,0.00%,0
DDBEM,-,2.07%,-,-,-,-,-,-,-,-,-,-,-,40.17,0.00%,0
DDBEU,-,1.41%,-,-,-,-,-,-,-,-,-,-,-,54.22,0.00%,0
DDBEZ,-,1.26%,-,-,-,-,-,-,-,-,-,-,-,62.63,0.00%,0
DDBGI,4.07M,-,-119.26%,-1161.90%,-464.94%,0.58,0.41,16.69,40.04,-29.57%,-601.36%,-804.65%,-,4.36,-3.33%,"1,133"
DDBI,317.99M,3.63%,0.83%,5.82%,1.27%,1.22,0.27,3.42,4.02,44.25%,3.35%,0.59%,Sep 10/b,6.22,0.00%,0
DDBJP,-,1.21%,-,-,-,-,-,-,-,-,-,-,-,117.04,0.00%,0
DDBL,271.67M,9.61%,-,-,-,-,-,-,-,-,-,-,-,13.74,0.00%,0
DDBMF,-,4.93%,-,-,-,-,-,-,-,-,-,-,-,32.06,0.00%,0
DDBND,-,4.89%,-,-,-,-,-,-,-,-,-,-,-,44.18,0.00%,0
DDBO,-,-,-,-,-,-,-,-,-,-,-,-,-,24.50,1.37%,"3,978"
DDBP,-,-,-,-,-,-,-,-,-,-,-,-,-,100.77,0.00%,0
DDBRG,3.03B,0.25%,9.66%,15.87%,12.71%,-,-,0.14,0.14,95.90%,34.56%,46.91%,Aug 04/a,15.92,0.00%,0
DDBVT,760.49M,-,-95.96%,-142.66%,-105.15%,3.72,3.72,0.04,0.13,-,-,-,Jul 16/a,12.10,0.00%,0
DDBX,7.89B,-,15.80%,-,28.10%,1.06,1.06,-,-,79.59%,26.50%,17.49%,Aug 06/a,36.30,0.81%,203
DDC,858.71M,-,-22.90%,-23.44%,-19.55%,33.50,33.50,0.01,0.01,-,-,-,Sep 02,6.40,0.95%,"11,428"
DDCBO,580.09M,-,16.23%,195.48%,36.71%,0.76,0.76,-,-,77.21%,8.64%,12.98%,Aug 07/b,23.25,0.00%,0
DDCGO,35.61M,-,-64.67%,-92.44%,-142.24%,1.66,1.66,0.14,0.22,25.62%,-32.00%,-65.29%,Aug 17/a,0.36,-0.22%,26
DDCH,1.44B,-,-2.00%,-14.99%,-2.45%,1.40,1.02,3.42,3.44,9.54%,3.44%,-1.99%,Aug 07/b,6.05,2.37%,20
DDCI,9.98B,1.50%,13.03%,28.20%,14.91%,2.08,1.41,0.73,0.75,34.90%,15.70%,11.68%,Aug 26/b,86.07,0.00%,0
DDCMT,-,2.55%,-,-,-,-,-,-,-,-,-,-,-,37.52,0.00%,0
DDCO,2.54B,-,-2.10%,-3.55%,-2.45%,3.36,2.35,0.47,0.48,27.21%,10.36%,-2.87%,Aug 06/b,168.09,0.00%,0
DDCOM,1.81B,2.45%,0.87%,8.58%,6.87%,0.47,-,0.21,0.43,-,24.15%,15.93%,Jul 23/b,40.89,0.00%,0
DDCOR,-,0.91%,-,-,-,-,-,-,-,-,-,-,-,84.29,0.00%,0
DDCOY,1.68M,-,-278.04%,-827.77%,-334.41%,1.83,1.83,0.00,0.00,89.24%,-2679.30%,-6347.85%,Mar 30,2.56,0.00%,0
DDCRE,-,4.94%,-,-,-,-,-,-,-,-,-,-,-,51.17,0.00%,0
DDCTH,559.00M,-,0.42%,0.47%,0.43%,9.83,8.95,0.02,0.02,87.05%,-1.90%,0.56%,Aug 06/b,16.11,0.00%,0
DDCX,39.20M,-,-13.18%,-,-7.12%,13551.44,13551.44,0.00,0.00,-669.37%,-2398.54%,-1590.48%,-,0.11,-7.55%,"1,324,020"
DDD,17.53B,2.29%,1.78%,2.78%,0.33%,2.43,1.82,0.23,0.23,32.74%,15.32%,0.67%,Aug 04/b,129.79,0.00%,2
DDDC,12.23M,-,-,-,-,-,-,-,-,-,-,-,Jun 03,0.21,-3.78%,"323,955"
DDDD,581.51M,-,-9.77%,-21.31%,-13.35%,3.40,2.27,0.50,0.56,33.24%,-14.95%,-14.15%,Aug 03/a,3.50,0.57%,"3,013"
DDDDD,-,1.53%,-,-,-,-,-,-,-,-,-,-,-,33.05,0.00%,0
DDDEC,-,-,-,-,-,-,-,-,-,-,-,-,-,48.72,0.00%,0
DDDFA,-,-,-,-,-,-,-,-,-,-,-,-,-,20.59,0.00%,0
DDDFD,-,-,-,-,-,-,-,-,-,-,-,-,-,20.37,0.00%,0
DDDFF,-,-,-,-,-,-,-,-,-,-,-,-,-,20.33,0.00%,0
DDDFG,-,-,-,-,-,-,-,-,-,-,-,-,-,19.51,0.00%,0
DDDFJ,-,-,-,-,-,-,-,-,-,-,-,-,-,20.14,0.00%,0
DDDFL,-,-,-,-,-,-,-,-,-,-,-,-,-,21.72,0.00%,0
DDDFM,-,-,-,-,-,-,-,-,-,-,-,-,-,20.16,0.00%,0
DDDFN,-,-,-,-,-,-,-,-,-,-,-,-,-,20.51,0.00%,0
DDDFO,-,-,-,-,-,-,-,-,-,-,-,-,-,22.92,0.00%,0
DDDFS,-,-,-,-,-,-,-,-,-,-,-,-,-,22.38,0.00%,0
DDDFY,-,-,-,-,-,-,-,-,-,-,-,-,-,20.48,0.00%,0
DDDFZ,-,-,-,-,-,-,-,-,-,-,-,-,-,19.78,0.00%,0
DDDI,649.11M,-,11.63%,12.71%,11.67%,18.82,18.82,0.03,0.04,95.25%,38.12%,33.05%,Aug 11/a,13.10,0.00%,0
DDDIV,-,1.59%,-,-,-,-,-,-,-,-,-,-,-,45.27,0.00%,0
DDDL,415.62M,-,-0.44%,-2.80%,35.87%,1.23,1.22,0.04,0.05,6.92%,-0.86%,4.27%,Aug 20/b,2.28,0.00%,0
DDDLS,-,3.50%,-,-,-,-,-,-,-,-,-,-,-,46.44,0.00%,0
DDDM,-,0.95%,-,-,-,-,-,-,-,-,-,-,-,64.39,0.16%,"2,202"
DDDNQ,-,-,-,-,-,-,-,-,-,-,-,-,-,21.09,0.00%,0
DDDOG,88.87B,-,2.66%,4.70%,3.17%,3.16,3.16,0.28,0.29,79.48%,0.48%,4.48%,Aug 06/b,247.50,1.00%,"2,785"
DDDS,9.93B,5.14%,18.34%,33.75%,27.40%,3.03,1.58,0.17,0.22,38.52%,11.11%,10.33%,Aug 13/b,636.00,-0.49%,"1,609"
DDDSQ,-,-,-,-,-,-,-,-,-,-,-,-,-,21.64,0.00%,0
DDDTA,-,-,-,-,-,-,-,-,-,-,-,-,-,20.98,0.00%,0
DDDTD,-,-,-,-,-,-,-,-,-,-,-,-,-,20.92,0.00%,0
DDDTF,-,-,-,-,-,-,-,-,-,-,-,-,-,20.79,0.00%,0
DDDTG,-,-,-,-,-,-,-,-,-,-,-,-,-,19.60,0.00%,0
DDDTJ,-,-,-,-,-,-,-,-,-,-,-,-,-,20.64,0.00%,0
DDDTL,-,-,-,-,-,-,-,-,-,-,-,-,-,22.59,0.00%,0
DDDTM,-,-,-,-,-,-,-,-,-,-,-,-,-,20.58,0.00%,0
DDDTN,-,-,-,-,-,-,-,-,-,-,-,-,-,21.05,0.00%,0
DDDTO,-,-,-,-,-,-,-,-,-,-,-,-,-,23.62,0.00%,0
DDDTS,-,-,-,-,-,-,-,-,-,-,-,-,-,23.10,0.00%,0
DDDTY,-,-,-,-,-,-,-,-,-,-,-,-,-,20.78,0.00%,0
DDDTZ,-,-,-,-,-,-,-,-,-,-,-,-,-,19.93,0.00%,0
DDDV,-,1.63%,-,-,-,-,-,-,-,-,-,-,-,25.28,0.00%,0
DDDWM,-,2.53%,-,-,-,-,-,-,-,-,-,-,-,46.75,0.00%,0
DDDX,-,3.33%,-,-,-,-,-,-,-,-,-,-,-,25.20,0.00%,0
DDDXX,-,1.75%,-,-,-,-,-,-,-,-,-,-,-,28.50,0.00%,0
DDE,184.69B,0.95%,4.52%,18.33%,7.10%,0.77,0.55,1.45,2.29,36.78%,19.98%,10.16%,Aug 20/b,684.99,0.04%,29
DDEA,1.10B,7.72%,0.28%,0.71%,0.31%,5.82,5.82,1.30,1.31,32.79%,23.65%,2.63%,Aug 03/b,23.33,0.00%,0
DDEC,1.07B,8.59%,-2.83%,-21.47%,-3.54%,0.57,0.57,2.99,3.12,23.61%,15.10%,-11.42%,Aug 05/a,13.54,-1.21%,539
DDECK,10.99B,-,26.33%,42.56%,37.58%,2.75,1.99,0.17,0.21,56.29%,22.43%,18.42%,Jul 23/a,80.73,0.62%,643
DDECM,-,-,-,-,-,-,-,-,-,-,-,-,-,34.28,0.00%,0
DDECO,-,0.66%,-,-,-,-,-,-,-,-,-,-,-,79.66,0.00%,0
DDECP,-,-,-,-,-,-,-,-,-,-,-,-,-,33.60,0.00%,0
DDECT,-,-,-,-,-,-,-,-,-,-,-,-,-,40.61,0.00%,0
DDECU,-,-,-,-,-,-,-,-,-,-,-,-,-,29.94,0.00%,0
DDECW,-,-,-,-,-,-,-,-,-,-,-,-,-,36.60,0.00%,0
DDECZ,-,2.97%,-,-,-,-,-,-,-,-,-,-,-,44.40,0.00%,0
DDEED,-,4.59%,-,-,-,-,-,-,-,-,-,-,-,20.81,0.00%,0
DDEEF,-,2.36%,-,-,-,-,-,-,-,-,-,-,-,39.88,0.00%,0
DDEEP,-,1.92%,-,-,-,-,-,-,-,-,-,-,-,42.08,0.00%,0
DDEFR,-,-,-,-,-,-,-,-,-,-,-,-,-,26.39,0.00%,0
DDEFT,219.62M,-,3.27%,22.54%,16.59%,1.16,1.16,0.00,0.00,76.68%,108.45%,88.09%,Aug 13/a,0.57,-2.87%,"11,871"
DDEHP,-,1.31%,-,-,-,-,-,-,-,-,-,-,-,42.63,0.00%,0
DDEI,1.74B,7.35%,-0.26%,-1.28%,-0.36%,0.47,0.47,2.72,3.12,23.86%,19.00%,-2.43%,Aug 04/a,10.41,0.00%,0
DDELL,364.14B,0.44%,10.51%,-,45.31%,0.96,0.71,-,-,19.70%,9.89%,7.53%,Sep 01/a,572.72,-0.45%,"34,673"
DDEM,-,3.93%,-,-,-,-,-,-,-,-,-,-,-,57.19,0.00%,0
DDEMZ,-,0.42%,-,-,-,-,-,-,-,-,-,-,-,48.31,0.00%,0
DDEO,48.29B,2.55%,3.60%,15.75%,5.67%,1.60,0.62,1.81,2.04,59.46%,28.93%,8.82%,Aug 06/b,86.82,0.00%,0
DDEPW,-,-,-,-,-,-,-,-,-,-,-,-,-,25.48,0.00%,0
DDERM,197.29M,-,-6.80%,-23.77%,-11.61%,1.59,1.41,0.64,0.80,59.26%,-4.41%,-8.95%,Aug 12/a,6.99,0.00%,0
DDES,-,2.37%,-,-,-,-,-,-,-,-,-,-,-,38.79,0.00%,0
DDESK,-,5.06%,-,-,-,-,-,-,-,-,-,-,-,38.94,0.00%,0
DDETX,11.96M,-,-,-,-,2.78,2.35,0.03,0.11,-,-,-,-,2.11,0.00%,0
DDEUS,-,1.43%,-,-,-,-,-,-,-,-,-,-,-,64.91,0.00%,0
DDEW,-,3.16%,-,-,-,-,-,-,-,-,-,-,-,71.28,0.00%,0
DDEXC,-,1.50%,-,-,-,-,-,-,-,-,-,-,-,82.22,0.00%,0
DDFAC,-,0.89%,-,-,-,-,-,-,-,-,-,-,-,45.31,0.00%,0
DDFAE,-,1.85%,-,-,-,-,-,-,-,-,-,-,-,39.87,-1.99%,"10,072"
DDFAI,-,2.28%,-,-,-,-,-,-,-,-,-,-,-,42.55,0.00%,0
DDFAL,-,-,-,-,-,-,-,-,-,-,-,-,-,51.20,-1.82%,"1,996"
DDFAR,-,2.79%,-,-,-,-,-,-,-,-,-,-,-,25.27,0.00%,0
DDFAS,-,1.00%,-,-,-,-,-,-,-,-,-,-,-,80.43,1.28%,"2,069"
DDFAT,-,1.36%,-,-,-,-,-,-,-,-,-,-,-,68.50,-0.33%,1
DDFAU,-,0.88%,-,-,-,-,-,-,-,-,-,-,-,53.29,0.00%,0
DDFAW,-,1.28%,-,-,-,-,-,-,-,-,-,-,-,84.50,-0.35%,"8,709"
DDFAX,-,2.25%,-,-,-,-,-,-,-,-,-,-,-,38.14,0.00%,0
DDFCA,-,2.80%,-,-,-,-,-,-,-,-,-,-,-,48.55,0.00%,0
DDFCF,-,4.43%,-,-,-,-,-,-,-,-,-,-,-,41.04,0.00%,0
DDFDV,211.17M,-,-128.23%,-589.29%,-183.47%,1.20,1.20,-,-,88.43%,-54.24%,-1319.46%,Aug 12/a,6.47,-0.56%,"18,408"
DDFE,-,3.88%,-,-,-,-,-,-,-,-,-,-,-,76.82,0.00%,0
DDFEB,-,-,-,-,-,-,-,-,-,-,-,-,-,51.76,0.00%,0
DDFEM,-,1.81%,-,-,-,-,-,-,-,-,-,-,-,41.02,0.00%,0
DDFEN,-,0.13%,-,-,-,-,-,-,-,-,-,-,-,54.00,0.19%,"2,609"
DDFEV,-,2.08%,-,-,-,-,-,-,-,-,-,-,-,42.80,-2.37%,43
DDFGP,-,5.63%,-,-,-,-,-,-,-,-,-,-,-,52.81,0.00%,0
DDFGR,-,3.82%,-,-,-,-,-,-,-,-,-,-,-,28.10,0.00%,0
DDFGX,-,4.55%,-,-,-,-,-,-,-,-,-,-,-,51.60,0.00%,0
DDFH,1.03B,-,3.86%,9.58%,4.32%,4.92,0.53,1.15,1.15,15.68%,4.37%,3.22%,Jul 30/b,11.40,0.00%,0
DDFIC,-,2.34%,-,-,-,-,-,-,-,-,-,-,-,38.68,0.00%,0
DDFII,-,19.37%,-,-,-,-,-,-,-,-,-,-,-,14.71,0.00%,0
DDFIN,1.19B,-,4.12%,8.59%,5.97%,1.33,1.33,0.52,0.55,56.48%,19.92%,4.53%,Jul 30/b,48.41,0.00%,0
DDFIP,-,5.89%,-,-,-,-,-,-,-,-,-,-,-,39.68,0.00%,0
DDFIS,-,1.93%,-,-,-,-,-,-,-,-,-,-,-,37.07,0.00%,0
DDFIV,-,2.56%,-,-,-,-,-,-,-,-,-,-,-,57.63,0.00%,0
DDFJ,-,2.41%,-,-,-,-,-,-,-,-,-,-,-,115.81,0.00%,0
DDFLI,13.48M,-,-94.49%,-6579.40%,-125.86%,2.34,0.97,-,-,25.38%,-43.09%,-135.32%,Aug 06/a,0.90,3.45%,160
DDFLV,-,1.34%,-,-,-,-,-,-,-,-,-,-,-,41.29,0.00%,0
DDFMC,-,0.22%,-,-,-,-,-,-,-,-,-,-,-,58.47,0.00%,0
DDFNL,-,1.32%,-,-,-,-,-,-,-,-,-,-,-,50.19,0.00%,0
DDFNM,-,3.00%,-,-,-,-,-,-,-,-,-,-,-,46.74,0.00%,0
DDFNS,23.01M,-,-88.91%,-295.64%,-90.28%,0.14,0.11,0.04,0.10,12.33%,-434.77%,-1847.64%,Sep 02,8.10,-1.22%,803
DDFP,402.75M,7.73%,-,-,-,-,-,-,-,-,-,-,-,19.61,0.00%,0
DDFSB,-,6.46%,-,-,-,-,-,-,-,-,-,-,-,50.31,0.00%,0
DDFSC,3.31M,-,-89.17%,-189.22%,-147.59%,2.13,1.95,0.24,0.25,25.29%,-122.63%,-120.93%,-,1.24,0.00%,0
DDFSD,-,4.49%,-,-,-,-,-,-,-,-,-,-,-,46.92,0.00%,0
DDFSE,-,1.82%,-,-,-,-,-,-,-,-,-,-,-,49.94,0.00%,0
DDFSI,-,2.15%,-,-,-,-,-,-,-,-,-,-,-,46.43,0.00%,0
DDFSU,-,0.81%,-,-,-,-,-,-,-,-,-,-,-,48.16,0.00%,0
DDFSV,-,1.38%,-,-,-,-,-,-,-,-,-,-,-,38.77,0.00%,0
DDFTT,-,0.13%,-,-,-,-,-,-,-,-,-,-,-,31.07,0.00%,0
DDFTX,5.28B,-,-51.35%,-64.09%,-37.04%,6.95,6.95,0.04,0.04,-,-,-,Aug 06/a,39.28,0.00%,73
DDFUS,-,0.83%,-,-,-,-,-,-,-,-,-,-,-,84.44,0.00%,0
DDFUV,-,1.30%,-,-,-,-,-,-,-,-,-,-,-,56.46,0.00%,200
DDFVE,-,1.38%,-,-,-,-,-,-,-,-,-,-,-,35.94,0.00%,0
DDFVX,-,1.12%,-,-,-,-,-,-,-,-,-,-,-,84.98,0.00%,0
DDG,27.00B,1.95%,5.34%,19.69%,7.26%,1.21,0.31,1.53,1.70,28.67%,5.59%,3.90%,Aug 27/b,122.40,0.40%,99
DDGAC,220.60M,-,-,-,-,2.42,2.42,0.00,0.00,-,-,-,-,10.00,0.00%,0
DDGAP,-,-,-,-,-,-,-,-,-,-,-,-,-,31.17,0.00%,0
DDGCB,-,5.67%,-,-,-,-,-,-,-,-,-,-,-,52.74,0.00%,0
DDGICA,690.31M,4.07%,3.86%,11.18%,10.14%,0.44,-,0.05,0.05,-,9.24%,7.38%,Jul 30/b,18.60,0.00%,0
DDGII,2.76B,-,5.62%,7.46%,6.08%,1.13,0.78,0.17,0.17,61.69%,15.10%,9.63%,Aug 05/a,72.74,0.00%,0
DDGIN,-,0.36%,-,-,-,-,-,-,-,-,-,-,-,36.82,0.00%,0
DDGJA,-,-,-,-,-,-,-,-,-,-,-,-,-,32.22,0.00%,0
DDGJL,-,-,-,-,-,-,-,-,-,-,-,-,-,30.42,0.00%,0
DDGLO,-,0.60%,-,-,-,-,-,-,-,-,-,-,-,22.89,0.00%,0
DDGNX,41.54M,-,-94.97%,-250.43%,-153.31%,1.72,1.72,0.00,0.01,-,-688.26%,-861.41%,Aug 13/a,1.43,-0.28%,201
DDGOC,-,-,-,-,-,-,-,-,-,-,-,-,-,32.94,0.00%,0
DDGP,-,-,-,-,-,-,-,-,-,-,-,-,-,152.72,0.00%,0
DDGRE,-,1.23%,-,-,-,-,-,-,-,-,-,-,-,41.84,0.00%,0
DDGRO,-,1.94%,-,-,-,-,-,-,-,-,-,-,-,77.12,0.03%,562
DDGRS,-,2.16%,-,-,-,-,-,-,-,-,-,-,-,57.01,0.00%,0
DDGRW,-,1.23%,-,-,-,-,-,-,-,-,-,-,-,97.84,-1.15%,125
DDGS,-,3.72%,-,-,-,-,-,-,-,-,-,-,-,64.82,0.00%,0
DDGT,-,2.51%,-,-,-,-,-,-,-,-,-,-,-,189.76,0.00%,0
DDGX,25.39B,1.45%,6.43%,14.35%,7.72%,1.59,1.46,0.82,0.85,31.87%,14.56%,9.15%,Jul 23/b,230.00,-6.08%,"2,059"
DDGXX,447.02M,-,-27.22%,-34.34%,-4.62%,11.25,11.25,0.00,0.00,-25.36%,-61.20%,-39.25%,Aug 14/b,4.38,0.46%,"5,038"
DDGZ,-,-,-,-,-,-,-,-,-,-,-,-,-,5.20,0.00%,0
DDH,130.36M,-,-26.55%,-75.04%,-56.01%,1.77,1.77,1.08,1.15,60.13%,-8.45%,-72.28%,Aug 10/a,0.90,0.00%,0
DDHC,1.97B,0.49%,-5.91%,-15.47%,-6.65%,6.65,6.65,1.53,1.53,2.89%,-2.15%,-17.73%,Aug 03/a,8.12,0.00%,0
DDHDG,-,-,-,-,-,-,-,-,-,-,-,-,-,37.92,0.00%,0
DDHF,164.38M,8.81%,-,-,-,-,-,-,-,-,-,-,-,2.26,0.00%,0
DDHI,38.68B,1.29%,8.37%,12.75%,9.85%,10.45,0.96,0.30,0.30,22.61%,12.08%,9.15%,Jul 21/b,138.30,-0.68%,460
DDHLX,-,0.64%,-,-,-,-,-,-,-,-,-,-,-,13.57,0.00%,0
DDHR,151.61B,0.65%,4.59%,7.61%,5.15%,1.65,1.25,0.48,0.53,58.97%,21.19%,15.95%,Jul 21/b,215.67,-0.08%,81
DDHS,-,3.32%,-,-,-,-,-,-,-,-,-,-,-,115.04,0.00%,0
DDHSB,-,0.11%,-,-,-,-,-,-,-,-,-,-,-,27.65,0.00%,0
DDHT,3.56B,17.41%,29.26%,39.18%,27.56%,3.64,3.32,0.29,0.33,59.47%,56.66%,65.60%,Aug 05/a,22.10,-1.56%,"8,842"
DDHX,205.40M,-,0.62%,1.23%,0.91%,0.44,0.44,0.42,0.43,73.66%,13.67%,0.97%,Aug 05/a,4.73,0.00%,0
DDHY,230.70M,11.50%,-,-,-,-,-,-,-,-,-,-,-,1.67,-0.60%,102
DDIA,-,1.39%,-,-,-,-,-,-,-,-,-,-,-,520.20,0.08%,"6,260"
DDIAL,-,5.30%,-,-,-,-,-,-,-,-,-,-,-,17.65,0.00%,0
DDIBS,136.81M,-,-6.22%,-9.19%,-9.05%,3.35,3.35,0.16,0.22,74.06%,-12.22%,-8.54%,Aug 05/b,4.07,0.00%,0
DDICE,-,-,-,-,-,-,-,-,-,-,-,-,-,26.01,0.00%,0
DDIEM,-,2.58%,-,-,-,-,-,-,-,-,-,-,-,44.00,0.00%,0
DDIG,-,1.32%,-,-,-,-,-,-,-,-,-,-,-,66.98,0.00%,0
DDIHP,-,1.92%,-,-,-,-,-,-,-,-,-,-,-,34.48,0.00%,0
DDIM,-,2.95%,-,-,-,-,-,-,-,-,-,-,-,88.62,0.00%,0
DDIME,-,-,-,-,-,-,-,-,-,-,-,-,-,11.25,0.00%,0
DDIN,359.65M,2.68%,0.35%,-,0.48%,0.86,0.86,-,-,38.38%,14.53%,0.70%,Aug 05/b,28.41,0.00%,0
DDINE,-,0.20%,-,-,-,-,-,-,-,-,-,-,-,25.08,0.00%,0
DDINO,19.23B,1.89%,10.60%,19.41%,14.15%,1.97,1.10,0.31,0.32,10.13%,8.58%,6.08%,Jul 28/b,108.14,-1.05%,203
DDINT,-,1.65%,-,-,-,-,-,-,-,-,-,-,-,28.80,0.00%,0
DDIOD,4.15B,-,3.41%,4.50%,4.28%,3.17,1.99,0.03,0.05,30.61%,4.80%,5.27%,Aug 05/a,90.20,-0.58%,337
DDIPR,-,-,-,-,-,-,-,-,-,-,-,-,-,23.33,0.00%,0
DDIPS,-,68.16%,-,-,-,-,-,-,-,-,-,-,-,31.69,0.00%,0
DDIS,180.78B,1.33%,4.29%,7.85%,5.83%,0.65,0.59,0.34,0.42,32.19%,15.43%,8.68%,Aug 05/b,104.70,0.45%,"2,169"
DDISK,-,-,-,-,-,-,-,-,-,-,-,-,-,39.84,-1.39%,522
DDISV,-,2.34%,-,-,-,-,-,-,-,-,-,-,-,44.15,0.00%,0
DDIT,65.94M,0.71%,0.45%,1.57%,0.59%,2.75,1.05,1.63,1.74,5.95%,0.38%,0.06%,Aug 05/a,67.56,0.00%,0
DDIV,-,6.45%,-,-,-,-,-,-,-,-,-,-,-,19.65,1.18%,4
DDIVB,-,2.22%,-,-,-,-,-,-,-,-,-,-,-,66.80,0.00%,7
DDIVD,-,2.71%,-,-,-,-,-,-,-,-,-,-,-,43.96,0.00%,0
DDIVE,-,1.03%,-,-,-,-,-,-,-,-,-,-,-,27.49,0.00%,0
DDIVG,-,3.09%,-,-,-,-,-,-,-,-,-,-,-,36.89,0.00%,0
DDIVH,-,-,-,-,-,-,-,-,-,-,-,-,-,24.67,0.00%,0
DDIVI,-,3.61%,-,-,-,-,-,-,-,-,-,-,-,43.67,0.00%,0
DDIVL,-,1.79%,-,-,-,-,-,-,-,-,-,-,-,24.80,0.00%,0
DDIVN,-,3.69%,-,-,-,-,-,-,-,-,-,-,-,29.99,0.00%,0
DDIVO,-,5.07%,-,-,-,-,-,-,-,-,-,-,-,47.51,-0.13%,"2,230"
DDIVP,-,5.75%,-,-,-,-,-,-,-,-,-,-,-,26.89,0.00%,0
DDIVS,-,1.94%,-,-,-,-,-,-,-,-,-,-,-,33.76,0.00%,0
DDIVY,-,2.82%,-,-,-,-,-,-,-,-,-,-,-,29.87,0.00%,0
DDIVZ,-,2.59%,-,-,-,-,-,-,-,-,-,-,-,37.41,0.00%,0
DDJAN,-,-,-,-,-,-,-,-,-,-,-,-,-,46.76,0.00%,0
DDJCO,921.16M,-,-2.35%,-3.31%,-3.17%,11.65,11.65,0.06,0.06,26.28%,13.45%,-11.63%,Aug 12/a,668.50,0.04%,51
DDJD,-,2.37%,-,-,-,-,-,-,-,-,-,-,-,64.08,0.00%,0
DDJIA,-,7.75%,-,-,-,-,-,-,-,-,-,-,-,23.37,4.19%,1
DDJP,-,-,-,-,-,-,-,-,-,-,-,-,-,52.44,0.00%,0
DDJT,2.53B,-,-49.53%,-78.93%,-127.22%,0.96,0.96,0.00,0.95,-133.25%,-4052.33%,-28860.41%,Aug 10/a,9.10,-0.22%,"19,957"
DDJTU,-,-,-,-,-,-,-,-,-,-,-,-,-,11.50,0.47%,203
DDJUL,-,-,-,-,-,-,-,-,-,-,-,-,-,51.46,0.00%,0
DDJUN,-,-,-,-,-,-,-,-,-,-,-,-,-,50.37,0.00%,0
DDK,4.61B,1.34%,3.09%,212.71%,6.59%,0.76,0.47,17.26,17.45,7.51%,6.06%,1.86%,Aug 05/b,75.33,1.29%,510
DDKI,5.66M,-,-212.75%,-313.69%,-235.45%,1.19,1.19,0.00,0.00,25.98%,-106.52%,-105.89%,Aug 13/b,2.70,0.00%,102
DDKL,3.22B,8.20%,5.48%,439.37%,6.62%,0.96,0.91,-,-,17.33%,15.39%,12.85%,Aug 05/b,55.75,0.00%,0
DDKNG,19.60B,-,-3.81%,-21.14%,-6.74%,1.02,1.02,3.35,3.36,40.54%,-2.83%,-2.68%,Aug 06/a,22.04,0.32%,"11,776"
DDKS,10.99B,4.00%,5.80%,18.47%,6.60%,1.48,0.36,1.22,1.39,32.25%,6.43%,3.97%,Aug 25/b,123.60,-0.02%,121
DDLAG,-,-,-,-,-,-,-,-,-,-,-,-,-,33.87,0.00%,0
DDLB,5.37B,2.51%,7.12%,8.72%,8.63%,3.19,3.11,0.01,0.02,87.61%,19.33%,16.70%,Jul 30/a,57.33,0.00%,0
DDLCU,-,-,-,-,-,-,-,-,-,-,-,-,-,50.28,0.00%,0
DDLFE,-,-,-,-,-,-,-,-,-,-,-,-,-,32.55,0.00%,0
DDLHC,57.97M,-,-7.78%,-20.84%,-10.26%,0.67,0.67,1.25,1.51,11.29%,-0.11%,-8.51%,Jul 29/a,4.00,0.00%,0
DDLLL,-,-,-,-,-,-,-,-,-,-,-,-,-,37.19,-0.83%,"18,633"
DDLMY,-,-,-,-,-,-,-,-,-,-,-,-,-,30.71,0.00%,0
DDLN,-,1.75%,-,-,-,-,-,-,-,-,-,-,-,99.45,0.00%,0
DDLNG,133.89M,5.43%,8.10%,13.98%,9.29%,0.88,0.86,0.42,0.51,51.45%,46.04%,41.13%,Sep 08/b,3.68,0.00%,0
DDLNV,-,-,-,-,-,-,-,-,-,-,-,-,-,33.79,0.00%,0
DDLO,4.04B,2.00%,11.95%,41.28%,37.64%,1.25,1.25,0.00,0.12,33.91%,17.68%,15.04%,Aug 13/a,14.31,0.00%,365
DDLPN,14.20M,-,-6.42%,-51.60%,-14.45%,0.77,0.77,3.05,4.48,15.71%,-3.70%,-6.32%,Aug 12/a,1.09,0.00%,0
DDLR,68.77B,2.64%,1.55%,3.17%,1.72%,2.66,2.66,0.69,0.72,28.41%,19.14%,11.07%,Jul 23/a,185.36,-0.52%,24
DDLS,-,3.39%,-,-,-,-,-,-,-,-,-,-,-,89.26,0.00%,0
DDLTH,159.05M,-,1.43%,3.39%,1.98%,1.85,0.56,0.68,0.79,54.04%,2.51%,1.07%,Sep 03/b,4.18,0.00%,0
DDLTR,21.04B,-,11.80%,46.03%,15.99%,1.13,0.39,1.94,2.24,38.74%,10.54%,8.03%,Aug 27/b,112.13,-0.18%,114
DDLUX,-,1.53%,-,-,-,-,-,-,-,-,-,-,-,50.16,0.00%,0
DDLX,1.08B,5.12%,3.95%,14.95%,4.63%,1.20,1.08,2.07,2.08,52.54%,12.55%,4.76%,Aug 05/a,23.45,0.00%,0
DDLXY,9.32M,-,-18.92%,-646.69%,-4251.07%,1.00,1.00,0.00,39.00,0.82%,-1.49%,-1.47%,-,0.57,-4.70%,"52,638"
DDLY,647.03M,10.53%,-,-,-,-,-,-,-,-,-,-,-,13.33,0.00%,0
DDMA,68.30M,17.11%,-,-,-,-,-,-,-,-,-,-,-,7.62,0.00%,0
DDMAA,263.40M,-,3.18%,3.33%,4.42%,0.02,0.02,0.00,0.01,-,-,-,-,10.85,0.00%,0
DDMAC,391.50M,-,-98.18%,-114.62%,-97.75%,6.72,6.72,0.00,0.00,-,-,-,Aug 10/a,7.26,0.00%,0
DDMAR,-,-,-,-,-,-,-,-,-,-,-,-,-,45.70,0.00%,0
DDMAX,-,0.87%,-,-,-,-,-,-,-,-,-,-,-,27.78,0.00%,0
DDMAY,-,-,-,-,-,-,-,-,-,-,-,-,-,48.21,0.00%,0
DDMB,182.22M,5.45%,-,-,-,-,-,-,-,-,-,-,-,9.90,0.00%,0
DDMBS,-,5.41%,-,-,-,-,-,-,-,-,-,-,-,47.42,0.00%,0
DDMC,1.46B,3.86%,1.04%,1.67%,1.33%,2.23,1.04,0.27,0.30,9.27%,3.77%,0.79%,Jul 29/b,31.06,0.00%,0
DDMII,646.87M,-,5.06%,5.25%,2.62%,0.34,0.34,0.00,0.00,-,-,-,-,10.15,0.00%,0
DDMLP,1.44B,10.86%,26.40%,26.71%,27.07%,13.85,13.85,0.01,0.01,52.85%,45.45%,43.92%,May 06/a,29.42,0.00%,0
DDMO,111.53M,15.06%,-,-,-,-,-,-,-,-,-,-,-,9.76,0.00%,0
DDMRA,1.41B,-,-94.32%,-100.00%,-50.93%,19.73,19.73,0.00,0.00,-,-,-,Aug 10/a,22.85,0.00%,0
DDMRC,114.40M,-,-58.99%,-82.96%,-94.90%,1.42,1.42,0.13,0.16,51.33%,-102.50%,-99.80%,Aug 13/a,5.09,0.00%,0
DDMX,-,5.88%,-,-,-,-,-,-,-,-,-,-,-,49.62,0.00%,0
DDMXF,-,4.12%,-,-,-,-,-,-,-,-,-,-,-,85.78,0.00%,0
DDMXU,-,3.81%,-,-,-,-,-,-,-,-,-,-,-,38.68,0.00%,0
DDNA,536.01M,-,-26.55%,-57.08%,-38.25%,4.57,4.57,0.96,0.96,34.59%,-257.99%,-281.87%,Aug 05/a,7.96,-0.25%,"10,385"
DDNL,-,1.31%,-,-,-,-,-,-,-,-,-,-,-,45.26,0.00%,0
DDNLI,3.27B,-,-44.01%,-54.93%,-59.29%,8.37,8.32,0.03,0.05,-318.04%,-15058.19%,-14191.20%,Aug 06/a,20.48,0.05%,"14,001"
DDNMX,269.94M,-,2.99%,-,-,1.41,1.41,-,-,-,-,-,-,10.06,0.00%,0
DDNN,2.65B,-,-32.14%,-67.10%,-29.08%,9.41,9.14,2.38,2.38,-1876.61%,-2101.05%,-6755.49%,Aug 12/a,2.93,1.25%,"1,557"
DDNOV,-,-,-,-,-,-,-,-,-,-,-,-,-,52.74,0.00%,0
DDNOW,2.81B,-,-6.87%,-11.57%,-7.03%,2.14,1.06,0.28,0.30,15.90%,-2.55%,-4.60%,Aug 06/b,15.57,0.00%,0
DDNP,3.77B,7.83%,-,-,-,-,-,-,-,-,-,-,-,9.96,0.00%,2
DDNTH,5.40B,-,-24.98%,-26.07%,-16.39%,26.10,26.10,0.00,0.00,80.09%,-11441.39%,-10096.95%,Aug 04/a,96.47,0.00%,0
DDNUT,523.96M,-,-3.83%,-14.56%,-5.43%,0.36,0.29,1.85,2.04,16.32%,-0.10%,-6.53%,Aug 06/b,3.02,0.33%,201
DDOC,14.55B,5.95%,1.17%,3.08%,1.39%,3.40,3.40,1.22,1.32,20.87%,17.95%,8.23%,Aug 04/a,20.60,-0.58%,11
DDOCK,-,-,-,-,-,-,-,-,-,-,-,-,-,25.40,0.00%,0
DDOCN,17.19B,-,9.71%,62.27%,10.05%,1.31,1.31,1.52,2.13,57.22%,14.80%,23.27%,Aug 04/b,146.20,0.03%,"1,042"
DDOCS,4.78B,-,14.60%,17.21%,18.09%,6.04,6.04,0.01,0.01,87.41%,30.57%,25.48%,Aug 06/a,26.82,-0.07%,"2,064"
DDOCT,-,-,-,-,-,-,-,-,-,-,-,-,-,48.03,0.00%,0
DDOCU,12.81B,-,8.34%,17.80%,17.49%,0.64,0.64,0.10,0.11,79.16%,11.96%,9.82%,Sep 03/a,68.56,-0.01%,600
DDOG,-,3.34%,-,-,-,-,-,-,-,-,-,-,-,21.94,0.09%,405
DDOGG,-,8.88%,-,-,-,-,-,-,-,-,-,-,-,21.46,0.00%,0
DDOGZ,15.60M,-,-7.97%,-9.96%,-7.92%,1.75,1.45,0.12,0.16,15.16%,-53.39%,-51.80%,-,0.89,0.00%,74
DDOJE,-,-,-,-,-,-,-,-,-,-,-,-,-,9.53,4.61%,"2,994"
DDOL,-,2.41%,-,-,-,-,-,-,-,-,-,-,-,76.81,0.00%,0
DDOLE,1.23B,2.67%,1.54%,5.23%,2.82%,1.28,0.98,0.98,1.09,7.46%,1.93%,0.78%,Aug 10/b,13.00,0.00%,0
DDOMH,60.61M,-,-82.63%,-125.96%,-288.85%,1.19,1.19,0.09,0.12,-,-35.61%,-54.29%,-,2.50,-1.19%,"1,050"
DDOMO,174.97M,-,-22.74%,-,-,0.23,0.23,-,-,75.36%,-9.79%,-13.37%,Sep 03/a,3.72,0.00%,0
DDON,-,2.39%,-,-,-,-,-,-,-,-,-,-,-,55.62,0.00%,0
DDOO,4.14B,1.24%,1.82%,28.91%,3.61%,1.19,0.52,8.80,9.13,21.37%,7.15%,1.23%,Sep 03/b,58.16,0.00%,330
DDORM,3.57B,-,8.82%,15.05%,10.73%,3.60,1.73,0.35,0.35,41.83%,17.15%,10.18%,Aug 03/a,120.42,0.00%,0
DDOUG,145.42M,-,5.33%,16.33%,10.18%,1.52,1.52,0.46,0.59,13.85%,-4.70%,2.47%,Aug 07/b,1.60,0.00%,0
DDOV,25.06B,1.16%,8.41%,14.91%,11.04%,1.98,1.41,0.33,0.42,40.09%,18.09%,13.48%,Jul 23/b,186.09,0.00%,2
DDOW,20.77B,4.85%,-2.16%,-7.89%,-3.83%,1.75,1.14,1.15,1.22,9.44%,3.64%,-3.16%,Jul 23/b,28.75,1.70%,570
DDOX,6.36B,3.57%,6.98%,13.11%,10.97%,0.94,0.94,0.24,0.33,36.28%,16.86%,9.56%,Aug 05/a,59.09,-0.66%,119
DDOYU,143.66M,-,-1.08%,-1.75%,-1.75%,2.19,2.19,0.00,0.01,14.46%,0.07%,-0.94%,Aug 20/b,4.76,0.00%,0
DDPC,6.15B,-,-,-,-,1.48,1.22,0.13,0.76,-,-,-,Aug 11/b,41.18,0.00%,0
DDPG,483.80M,6.32%,-,-,-,-,-,-,-,-,-,-,-,13.44,0.00%,0
DDPRE,-,1.65%,-,-,-,-,-,-,-,-,-,-,-,25.18,0.00%,0
DDPRO,210.64M,-,-36.24%,-38.52%,-22.34%,29.62,27.54,0.00,0.00,10.27%,-398.85%,-358.20%,Aug 10/a,5.67,0.00%,0
DDPST,-,1.71%,-,-,-,-,-,-,-,-,-,-,-,122.86,-0.15%,32
DDPU,5.26M,-,-146.92%,-170.92%,-345.86%,5.64,5.64,0.00,0.00,6.84%,-407.21%,-384.81%,-,1.75,8.70%,560
DDPZ,9.79B,2.69%,33.38%,-,54.88%,1.54,1.41,-,-,40.02%,19.30%,11.86%,Oct 13/b,296.01,0.02%,159
DDQ,812.04M,-,-3.04%,-4.42%,-4.39%,5.81,4.99,0.00,0.00,-35.44%,-53.78%,-34.49%,Aug 20/b,12.00,0.00%,0
DDQJN,-,-,-,-,-,-,-,-,-,-,-,-,-,30.21,0.00%,0
DDQSE,-,-,-,-,-,-,-,-,-,-,-,-,-,30.80,0.00%,0
DDRAI,-,1.71%,-,-,-,-,-,-,-,-,-,-,-,33.49,0.00%,0
DDRAL,-,-,-,-,-,-,-,-,-,-,-,-,-,11.62,-4.05%,"5,904"
DDRAM,-,-,-,-,-,-,-,-,-,-,-,-,-,60.92,-1.07%,"1,449,628"
DDRAY,-,108.83%,-,-,-,-,-,-,-,-,-,-,-,12.92,0.00%,0
DDRCT,1.36M,-,-108.82%,-,-,0.14,0.14,-,-,-19.14%,-47.19%,-91.97%,Aug 12/a,1.70,0.00%,0
DDRD,2.21B,3.31%,28.83%,39.57%,32.48%,3.62,3.07,0.00,0.00,53.12%,51.05%,38.13%,-,25.40,-1.44%,"30,473"
DDRDB,327.98M,-,2.26%,2.28%,2.25%,0.06,0.06,0.00,0.00,-,-,-,-,10.71,0.00%,0
DDRES,-,0.56%,-,-,-,-,-,-,-,-,-,-,-,28.79,0.00%,0
DDRGN,-,1.15%,-,-,-,-,-,-,-,-,-,-,-,34.40,0.00%,0
DDRH,2.52B,3.35%,5.02%,9.92%,5.65%,1.32,1.32,0.79,0.79,19.38%,16.26%,13.09%,Jul 30/a,12.27,0.00%,0
DDRI,24.11B,3.08%,8.36%,53.72%,12.99%,0.31,0.21,3.21,3.63,17.43%,12.17%,9.13%,Sep 24/b,212.35,0.49%,23
DDRIO,69.28M,-,-32.34%,-55.65%,-38.12%,2.31,1.92,0.58,0.59,58.15%,-151.60%,-199.33%,Aug 11/b,7.07,0.00%,0
DDRIP,-,3.40%,-,-,-,-,-,-,-,-,-,-,-,36.24,1.74%,748
DDRIV,-,0.65%,-,-,-,-,-,-,-,-,-,-,-,33.83,-1.20%,"1,262"
DDRK,25.59M,-,-108.96%,-130.19%,-177.55%,1.03,1.03,0.08,0.08,-44.31%,-138.53%,-332.50%,Aug 14/b,2.94,-1.34%,997
DDRKY,-,12.83%,-,-,-,-,-,-,-,-,-,-,-,22.17,0.00%,0
DDRLL,-,2.11%,-,-,-,-,-,-,-,-,-,-,-,40.64,0.00%,0
DDRMA,4.63M,-,-139.93%,-183.89%,-239.95%,2.80,2.72,0.00,0.00,-,-,-,Aug 11/a,1.15,0.00%,0
DDRMP,-,9.69%,-,-,-,-,-,-,-,-,-,-,-,22.09,0.00%,0
DDRMY,-,3.73%,-,-,-,-,-,-,-,-,-,-,-,51.28,0.00%,0
DDRN,-,2.38%,-,-,-,-,-,-,-,-,-,-,-,9.42,-0.42%,139
DDRNZ,-,-,-,-,-,-,-,-,-,-,-,-,-,20.94,0.00%,131
DDRS,10.27B,0.94%,7.78%,11.92%,10.63%,1.92,1.56,0.08,0.10,24.29%,10.56%,8.52%,Jul 30/b,38.48,1.40%,54
DDRSK,-,3.80%,-,-,-,-,-,-,-,-,-,-,-,27.94,0.00%,0
DDRTS,1.40B,-,-75.51%,-141.68%,-159.91%,11.09,11.09,0.31,0.34,-,-,-,Aug 10/a,15.19,-2.00%,"1,341"
DDRUG,586.52M,-,-13.80%,-13.93%,-8.18%,121.97,121.97,0.00,0.00,-,-,-,Aug 17/b,59.46,0.00%,0
DDRUP,-,-,-,-,-,-,-,-,-,-,-,-,-,71.00,0.00%,0
DDRV,-,3.21%,-,-,-,-,-,-,-,-,-,-,-,20.70,-0.38%,1
DDRVN,2.00B,-,4.15%,20.58%,4.87%,1.47,1.33,2.63,2.66,39.91%,14.52%,7.42%,Aug 06/b,12.11,0.00%,0
DDRVR,-,0.23%,-,-,-,-,-,-,-,-,-,-,-,24.67,0.00%,0
DDSAC,345.80M,-,-,-,1.86%,9.81,9.81,0.00,0.00,-,-,-,-,10.16,0.00%,0
DDSC,226.86M,-,-6.26%,-12.48%,-7.26%,1.87,1.28,0.28,0.51,38.44%,-14.97%,-13.96%,Aug 26/b,6.77,0.00%,0
DDSCO,-,3.27%,-,-,-,-,-,-,-,-,-,-,-,24.53,0.00%,0
DDSEP,-,-,-,-,-,-,-,-,-,-,-,-,-,49.15,0.00%,0
DDSGN,845.87M,-,-32.33%,-34.13%,-34.72%,18.86,18.86,0.01,0.01,-,-,-,Aug 03/b,13.52,7.70%,"1,740"
DDSGR,1.61B,-,0.50%,1.37%,0.62%,2.54,1.39,1.20,1.29,29.95%,4.21%,0.44%,Aug 06/b,34.87,0.00%,0
DDSGX,7.34B,-,10.12%,11.95%,11.39%,2.02,2.02,0.00,0.00,67.69%,33.24%,24.25%,Sep 10/a,85.80,8.07%,142
DDSI,-,0.87%,-,-,-,-,-,-,-,-,-,-,-,147.66,0.00%,0
DDSL,1.19B,12.69%,-,-,-,-,-,-,-,-,-,-,-,10.40,2.36%,8
DDSM,268.89M,5.81%,-,-,-,-,-,-,-,-,-,-,-,5.44,0.00%,0
DDSMC,-,1.09%,-,-,-,-,-,-,-,-,-,-,-,42.69,0.00%,0
DDSP,833.90M,-,1.94%,12.33%,6.66%,2.34,2.34,0.15,0.20,76.51%,36.49%,2.24%,Aug 10/a,12.54,-0.95%,577
DDSPC,-,-,-,-,-,-,-,-,-,-,-,-,-,13.66,0.00%,0
DDSPY,-,0.73%,-,-,-,-,-,-,-,-,-,-,-,66.99,0.00%,0
DDSS,7.20M,-,-34.19%,-361.77%,-269.07%,0.19,0.15,-,-,-20.80%,-89.83%,-149.84%,May 19,0.72,-3.01%,14
DDSTL,-,1.11%,-,-,-,-,-,-,-,-,-,-,-,66.31,0.00%,0
DDSTX,-,2.88%,-,-,-,-,-,-,-,-,-,-,-,35.00,0.00%,0
DDSU,589.52M,13.05%,-,-,-,-,-,-,-,-,-,-,-,9.10,0.00%,0
DDSWL,49.56M,6.25%,8.50%,10.05%,9.71%,5.25,4.67,0.00,0.00,22.37%,3.53%,17.33%,Jun 17/b,3.12,0.00%,0
DDSX,394.46M,3.78%,5.17%,11.53%,5.69%,2.05,2.01,0.92,1.10,34.52%,18.27%,25.20%,Jul 30/b,3.17,6.75%,2
DDSY,31.94M,-,-364.18%,-9117.54%,-536.55%,1.51,1.51,0.92,1.72,1.01%,-1889.49%,-1800.55%,-,3.87,10.28%,120
DDT,16.30B,-,3.70%,5.88%,5.85%,1.12,1.12,0.06,0.06,81.35%,13.03%,7.22%,Aug 05/b,56.40,0.00%,0
DDTAN,-,2.68%,-,-,-,-,-,-,-,-,-,-,-,33.35,0.00%,0
DDTCR,-,0.86%,-,-,-,-,-,-,-,-,-,-,-,28.70,0.03%,"1,274"
DDTCX,82.70M,-,-63.30%,-64.69%,-22.12%,183.58,183.58,0.00,0.00,-21985.43%,-,-,Apr 13/a,2.06,0.00%,0
DDTD,-,1.83%,-,-,-,-,-,-,-,-,-,-,-,95.64,0.00%,0
DDTE,26.40B,3.75%,2.47%,11.01%,3.43%,0.80,0.53,2.15,2.29,16.03%,12.64%,8.05%,Jul 28/b,126.88,0.59%,3
DDTEC,-,0.03%,-,-,-,-,-,-,-,-,-,-,-,51.63,0.00%,0
DDTF,79.72M,3.39%,-,-,-,-,-,-,-,-,-,-,-,11.34,0.00%,0
DDTH,-,3.76%,-,-,-,-,-,-,-,-,-,-,-,58.08,0.00%,0
DDTI,86.79M,-,-1.31%,-2.49%,-1.60%,2.18,1.50,0.58,0.66,54.52%,2.53%,-1.97%,Aug 06/a,2.46,0.00%,0
DDTIL,179.41M,-,-45.66%,-135.15%,-74.69%,12.82,12.82,0.58,0.62,94.24%,-80.78%,-119.00%,Aug 06/b,6.50,0.00%,0
DDTM,12.76B,2.79%,4.64%,9.90%,5.75%,1.37,1.37,0.70,0.71,53.05%,49.69%,35.73%,Jul 30/b,125.05,0.00%,0
DDTRE,-,3.73%,-,-,-,-,-,-,-,-,-,-,-,41.90,0.00%,0
DDTSQ,42.05M,-,1.76%,1.81%,4.75%,0.04,0.04,0.00,0.00,-,-,-,-,11.53,0.00%,0
DDTSS,14.47M,-,-37.50%,-81.19%,-75.52%,0.60,0.57,0.04,1.15,3.96%,-4.73%,-4.79%,-,0.89,-8.23%,"15,218"
DDTST,6.73M,-,-7.80%,-8.72%,-20.92%,10.69,10.69,0.00,0.00,47.28%,-309.16%,-149.30%,Aug 14/b,2.88,0.00%,0
DDUBS,-,1.91%,-,-,-,-,-,-,-,-,-,-,-,43.61,0.00%,0
DDUG,-,5.13%,-,-,-,-,-,-,-,-,-,-,-,15.04,0.00%,0
DDUHP,-,0.90%,-,-,-,-,-,-,-,-,-,-,-,42.33,0.00%,0
DDUK,90.99B,3.74%,2.68%,9.91%,3.80%,0.66,0.43,1.52,1.68,31.37%,26.62%,15.61%,Aug 04/b,116.70,-0.03%,57
DDUKH,-,5.49%,-,-,-,-,-,-,-,-,-,-,-,23.54,0.00%,0
DDUKQ,-,0.31%,-,-,-,-,-,-,-,-,-,-,-,31.74,0.00%,0
DDUKR,18.74M,-,-54.10%,-66.63%,-33.37%,14.47,14.47,0.06,0.07,-4.96%,-550.65%,-610.97%,Aug 13/b,5.47,0.00%,0
DDUKX,-,1.87%,-,-,-,-,-,-,-,-,-,-,-,29.18,0.00%,0
DDUKZ,-,3.96%,-,-,-,-,-,-,-,-,-,-,-,24.90,0.00%,0
DDULL,-,-,-,-,-,-,-,-,-,-,-,-,-,57.03,0.00%,0
DDUNK,-,-,-,-,-,-,-,-,-,-,-,-,-,28.17,0.00%,0
DDUO,20.71M,-,-11.61%,-17.61%,-14.82%,1.93,1.90,0.00,0.00,29.25%,-32.57%,-30.17%,Aug 28/b,0.54,-2.77%,"1,973"
DDUOG,-,-,-,-,-,-,-,-,-,-,-,-,-,57.70,0.12%,7
DDUOL,6.99B,-,22.72%,34.42%,27.46%,2.72,2.72,0.06,0.06,72.22%,14.21%,35.87%,Aug 05/a,149.50,0.05%,925
DDUOT,277.91M,-,30.05%,38.58%,19.29%,8.47,8.47,0.00,0.00,44.54%,-32.16%,158.98%,Aug 17/a,8.83,-0.34%,169
DDURA,-,3.12%,-,-,-,-,-,-,-,-,-,-,-,38.78,0.00%,0
DDUSA,-,0.87%,-,-,-,-,-,-,-,-,-,-,-,56.40,0.00%,0
DDUSB,-,3.97%,-,-,-,-,-,-,-,-,-,-,-,50.59,-0.20%,2
DDUSG,-,0.15%,-,-,-,-,-,-,-,-,-,-,-,50.17,0.00%,0
DDUSL,-,0.42%,-,-,-,-,-,-,-,-,-,-,-,78.47,0.00%,0
DDUST,-,5.72%,-,-,-,-,-,-,-,-,-,-,-,35.32,-0.08%,"6,056"
DDUTY,-,-,-,-,-,-,-,-,-,-,-,-,-,27.31,0.00%,0
DDV,2.08B,-,4.52%,5.39%,4.96%,4.50,4.50,0.08,0.10,74.44%,12.69%,7.66%,Aug 06/a,13.44,0.00%,0
DDVA,11.63B,-,4.67%,635.30%,6.81%,1.47,1.41,-,-,27.29%,14.93%,5.87%,Aug 04/a,182.34,0.00%,0
DDVAL,-,1.79%,-,-,-,-,-,-,-,-,-,-,-,16.12,0.00%,0
DDVDN,-,16.19%,-,-,-,-,-,-,-,-,-,-,-,14.65,0.00%,0
DDVGR,-,0.62%,-,-,-,-,-,-,-,-,-,-,-,26.08,0.00%,0
DDVLT,154.99M,-,-87.32%,-108.43%,-70.55%,4.76,4.72,0.00,0.03,44.77%,-145.10%,-370.21%,Aug 19/b,0.16,0.18%,"407,539"
DDVLU,-,0.67%,-,-,-,-,-,-,-,-,-,-,-,40.09,0.00%,0
DDVN,52.07B,2.43%,6.41%,11.55%,6.31%,0.72,0.67,0.25,0.28,27.09%,24.36%,16.55%,Aug 04/a,47.33,-0.54%,"3,801"
DDVND,-,1.76%,-,-,-,-,-,-,-,-,-,-,-,39.16,0.00%,0
DDVOL,-,0.79%,-,-,-,-,-,-,-,-,-,-,-,35.73,0.00%,0
DDVQQ,-,0.03%,-,-,-,-,-,-,-,-,-,-,-,33.28,0.00%,0
DDVSP,-,0.25%,-,-,-,-,-,-,-,-,-,-,-,30.33,0.00%,0
DDVVY,-,0.45%,-,-,-,-,-,-,-,-,-,-,-,27.02,0.00%,0
DDVY,-,3.40%,-,-,-,-,-,-,-,-,-,-,-,157.23,0.00%,2
DDVYA,-,4.58%,-,-,-,-,-,-,-,-,-,-,-,50.79,0.00%,0
DDVYE,-,4.96%,-,-,-,-,-,-,-,-,-,-,-,35.09,0.00%,0
DDWAS,-,0.03%,-,-,-,-,-,-,-,-,-,-,-,110.42,0.00%,0
DDWAW,-,0.68%,-,-,-,-,-,-,-,-,-,-,-,49.83,0.00%,0
DDWLD,-,1.58%,-,-,-,-,-,-,-,-,-,-,-,46.18,0.00%,0
DDWM,-,2.71%,-,-,-,-,-,-,-,-,-,-,-,74.84,0.00%,0
DDWMF,-,3.08%,-,-,-,-,-,-,-,-,-,-,-,33.94,0.00%,0
DDWSH,-,6.96%,-,-,-,-,-,-,-,-,-,-,-,5.84,0.00%,0
DDWSN,97.51M,-,7.20%,19.96%,11.42%,0.87,0.87,0.59,1.00,15.40%,7.39%,3.49%,Aug 13/a,3.14,0.00%,0
DDWTX,59.40M,-,-40.68%,-47.77%,-52.66%,3.89,3.89,0.00,0.00,-,-,-,Aug 13/b,1.75,9.21%,524
DDWUS,-,0.03%,-,-,-,-,-,-,-,-,-,-,-,59.24,0.00%,0
DDWWN,-,1.42%,-,-,-,-,-,-,-,-,-,-,-,24.28,0.00%,0
DDWX,-,4.09%,-,-,-,-,-,-,-,-,-,-,-,47.06,0.00%,0
DDX,3.00B,16.86%,2.31%,18.23%,13.74%,0.06,0.06,0.00,7.13,100.00%,120.13%,47.49%,Jul 20/b,12.10,0.25%,"1,509"
DDXC,1.74B,-,0.94%,3.98%,1.91%,1.41,1.41,1.12,1.37,14.00%,1.59%,0.99%,Jul 30/a,10.91,0.18%,"1,147"
DDXCM,33.77B,-,14.51%,38.49%,25.00%,1.73,1.43,0.53,0.53,63.57%,22.92%,20.12%,Jul 30/a,89.48,0.35%,348
DDXD,-,3.94%,-,-,-,-,-,-,-,-,-,-,-,17.48,0.00%,0
DDXF,1.58M,-,-10.25%,-21.21%,-16.48%,0.78,0.78,0.01,0.13,41.48%,-77.48%,-90.86%,-,0.49,1.45%,"3,412"
DDXIV,-,2.30%,-,-,-,-,-,-,-,-,-,-,-,73.91,0.00%,0
DDXJ,-,0.93%,-,-,-,-,-,-,-,-,-,-,-,180.99,0.46%,38
DDXLG,35.17M,-,-9.83%,-30.63%,-13.69%,1.31,0.38,1.63,1.98,39.92%,-3.26%,-8.77%,Sep 09/b,0.63,0.00%,0
DDXPE,2.92B,-,5.86%,18.47%,6.60%,2.99,2.58,1.61,1.66,31.76%,8.93%,4.35%,Aug 05/a,188.19,0.00%,0
DDXR,65.29M,-,14.20%,14.24%,12.02%,245.27,245.27,0.00,0.00,-106.52%,4024.05%,4021.89%,Mar 03/b,11.18,0.00%,0
DDXST,4.63M,-,-3.89%,-8.55%,-6.36%,1.68,1.68,0.03,0.05,31.01%,-2.11%,-3.51%,-,2.55,-1.46%,"1,076"
DDXUV,-,0.96%,-,-,-,-,-,-,-,-,-,-,-,68.62,0.00%,0
DDXYZ,941.52M,-,32.18%,32.39%,16.94%,113.65,113.65,0.00,0.00,-730.85%,15530.52%,15530.52%,-,30.90,-0.29%,"2,133"
DDY,8.75B,-,6.75%,19.20%,6.54%,2.35,2.24,1.44,1.48,15.04%,8.06%,4.79%,Aug 26/b,290.00,-0.53%,39
DDYAI,16.07M,-,-103.88%,-2826.92%,-287.21%,1.65,1.65,-,-,16.24%,-194.50%,-200.46%,Aug 12/b,0.40,0.00%,0
DDYFI,-,4.64%,-,-,-,-,-,-,-,-,-,-,-,22.50,0.00%,0
DDYLD,-,4.25%,-,-,-,-,-,-,-,-,-,-,-,22.24,0.00%,0
DDYLG,-,4.04%,-,-,-,-,-,-,-,-,-,-,-,28.06,0.00%,0
DDYN,3.27B,-,-60.29%,-81.57%,-56.70%,12.02,12.02,0.30,0.33,-,-,-,Jul 29/a,17.50,2.22%,16
DDYNB,-,3.76%,-,-,-,-,-,-,-,-,-,-,-,38.42,0.00%,0
DDYNC,242.36M,-,-1.84%,-1.99%,-2.01%,0.07,0.07,0.00,0.00,-,-,-,-,10.95,0.00%,0
DDYNF,-,0.80%,-,-,-,-,-,-,-,-,-,-,-,70.37,0.00%,0
DDYOR,232.99M,-,-,-,2.08%,9.28,9.28,0.00,0.00,-,-,-,-,10.13,0.00%,0
DDYTA,-,1.50%,-,-,-,-,-,-,-,-,-,-,-,31.91,0.00%,0
DDZZ,-,-,-,-,-,-,-,-,-,-,-,-,-,1.73,0.00%,0
EE,77.20B,4.89%,2.34%,6.97%,6.71%,1.23,1.05,0.74,0.93,5.63%,7.36%,6.37%,Jul 29/b,52.98,-1.96%,"1,049"
EEAD,364.01M,10.39%,-,-,-,-,-,-,-,-,-,-,-,6.16,0.00%,0
EEAF,244.22M,-,-16.46%,-,-20.79%,4.13,2.24,-,-,-5.73%,-17.45%,-34.58%,Jul 24/b,9.36,0.00%,0
EEAFG,-,2.01%,-,-,-,-,-,-,-,-,-,-,-,25.51,0.00%,0
EEAGG,-,4.13%,-,-,-,-,-,-,-,-,-,-,-,46.05,0.00%,0
EEAGL,-,0.51%,-,-,-,-,-,-,-,-,-,-,-,34.73,0.00%,0
EEALT,-,-,-,-,-,-,-,-,-,-,-,-,-,37.01,0.00%,0
EEAPR,-,-,-,-,-,-,-,-,-,-,-,-,-,34.20,0.00%,0
EEARN,163.75M,22.38%,-6.42%,-22.36%,-18.18%,0.15,0.43,0.34,1.29,77.51%,-68.03%,-82.15%,Aug 12/a,4.29,0.23%,2
EEART,-,0.64%,-,-,-,-,-,-,-,-,-,-,-,29.27,0.00%,0
EEASY,-,1.05%,-,-,-,-,-,-,-,-,-,-,-,26.28,0.00%,0
EEAT,8.37B,-,14.80%,119.57%,23.67%,0.45,0.32,3.64,3.96,14.88%,10.82%,8.39%,Aug 12/b,200.30,0.00%,0
EEBAY,48.27B,1.13%,12.18%,46.44%,22.03%,1.02,1.02,1.16,1.53,72.59%,21.44%,18.36%,Aug 05/a,108.47,0.16%,303
EEBC,4.91B,2.72%,1.33%,9.44%,7.87%,0.03,-,0.12,0.12,-,26.92%,25.21%,Jul 23/a,21.48,0.00%,0
EEBF,543.66M,4.65%,10.71%,12.57%,12.37%,3.79,2.41,0.01,0.01,29.54%,13.64%,9.81%,Sep 21/b,21.49,0.00%,0
EEBI,-,1.09%,-,-,-,-,-,-,-,-,-,-,-,66.82,0.00%,0
EEBIT,-,1.74%,-,-,-,-,-,-,-,-,-,-,-,38.60,0.00%,0
EEBIZ,-,0.53%,-,-,-,-,-,-,-,-,-,-,-,28.70,0.00%,0
EEBMT,172.93M,2.74%,0.75%,8.50%,5.46%,0.04,-,0.49,0.49,-,16.45%,12.61%,Jul 28/a,21.71,0.00%,0
EEBND,-,5.91%,-,-,-,-,-,-,-,-,-,-,-,20.89,0.00%,0
EEBON,13.82M,-,-4.84%,-5.04%,-5.16%,28.65,28.11,0.00,0.01,25.74%,-323.33%,-181.47%,-,2.20,0.00%,0
EEBS,335.84M,-,-13.95%,-40.29%,-19.05%,5.42,2.95,1.72,1.72,47.17%,17.77%,-22.96%,Aug 05/a,6.55,0.00%,0
EEBUF,-,-,-,-,-,-,-,-,-,-,-,-,-,32.25,0.00%,0
EEC,34.54B,6.64%,4.53%,15.90%,6.75%,1.51,1.23,1.10,1.24,30.98%,22.50%,10.84%,Aug 03/a,16.80,-0.24%,"10,393"
EECAT,1.44B,22.89%,-,-,-,-,-,-,-,-,-,-,-,14.43,0.00%,2
EECBK,184.54M,-,0.72%,6.56%,2.46%,1.37,-,1.58,1.58,-,17.88%,13.19%,-,21.12,0.00%,0
EECC,478.84M,33.33%,-,-,-,-,-,-,-,-,-,-,Aug 13/b,3.60,0.00%,1
EECF,169.08M,8.16%,-,-,-,-,-,-,-,-,-,-,-,12.38,0.00%,0
EECG,5.82B,-,14.38%,39.52%,23.40%,1.59,1.53,0.41,0.47,12.94%,7.83%,5.96%,Aug 04/a,114.06,-2.32%,10
EECH,-,1.97%,-,-,-,-,-,-,-,-,-,-,-,39.96,0.00%,0
EECHO,27.91B,-,-11.42%,-33.48%,-18.68%,5.20,5.12,1.15,1.25,23.55%,7.15%,-38.71%,Aug 03/b,95.97,0.64%,142
EECHX,-,-,-,-,-,-,-,-,-,-,-,-,-,8.98,0.00%,0
EECL,76.11B,1.08%,7.89%,21.85%,9.39%,1.84,1.57,1.24,1.38,44.24%,18.22%,12.57%,Jul 28/b,271.50,0.56%,13
EECML,-,1.13%,-,-,-,-,-,-,-,-,-,-,-,40.55,0.00%,0
EECNS,-,6.73%,-,-,-,-,-,-,-,-,-,-,-,28.22,0.00%,0
EECO,3.09B,19.57%,29.44%,61.59%,25.97%,4.43,4.13,0.76,0.82,65.87%,62.34%,56.92%,Aug 04/a,80.50,-2.58%,"6,225"
EECON,-,1.33%,-,-,-,-,-,-,-,-,-,-,-,36.51,0.00%,0
EECOR,108.15M,-,-93.41%,-478.70%,-274.03%,1.21,1.00,-,-,85.47%,-37.64%,-39.96%,Aug 06/a,11.99,0.00%,0
EECOW,-,5.64%,-,-,-,-,-,-,-,-,-,-,-,26.81,0.00%,0
EECPG,2.11B,-,5.61%,30.54%,5.73%,1.29,1.29,3.87,3.87,70.81%,37.77%,15.92%,Aug 05/a,99.37,0.00%,0
EECVT,1.14B,-,1.62%,4.07%,-5.59%,1.70,1.44,0.91,0.93,20.30%,12.07%,-7.20%,Aug 05/b,10.39,0.00%,0
EECX,392.42M,-,-2.67%,-,-,0.72,0.59,-,-,20.88%,-1.00%,-2.25%,Aug 11/b,1.10,0.00%,0
EED,38.28B,3.43%,3.00%,8.96%,4.19%,1.27,1.17,1.06,1.11,61.56%,17.98%,12.53%,Aug 06/a,103.86,0.00%,3
EEDBL,2.71M,-,-68.23%,-152.43%,-91.81%,0.73,0.56,2.30,2.64,-34.39%,-138.41%,-173.35%,Aug 14/b,1.39,2.96%,40
EEDC,-,1.35%,-,-,-,-,-,-,-,-,-,-,-,81.25,-3.84%,300
EEDD,373.20M,10.88%,-,-,-,-,-,-,-,-,-,-,-,5.79,0.00%,0
EEDEN,-,3.05%,-,-,-,-,-,-,-,-,-,-,-,112.89,0.00%,0
EEDF,171.81M,13.48%,-,-,-,-,-,-,-,-,-,-,-,5.34,0.00%,0
EEDGE,-,-,-,-,-,-,-,-,-,-,-,-,-,52.23,0.00%,0
EEDGF,-,3.23%,-,-,-,-,-,-,-,-,-,-,-,24.61,0.00%,0
EEDGH,-,1.03%,-,-,-,-,-,-,-,-,-,-,-,34.60,0.00%,0
EEDGI,-,1.33%,-,-,-,-,-,-,-,-,-,-,-,32.05,0.00%,0
EEDGQ,-,7.41%,-,-,-,-,-,-,-,-,-,-,-,28.00,0.11%,17
EEDGU,-,0.68%,-,-,-,-,-,-,-,-,-,-,-,32.03,0.00%,0
EEDGX,-,5.16%,-,-,-,-,-,-,-,-,-,-,-,27.03,0.00%,0
EEDHL,-,-,-,-,-,-,-,-,-,-,-,-,-,5.05,-2.56%,559
EEDIT,434.63M,-,-33.02%,-118.82%,-45.50%,3.19,3.19,0.54,0.68,94.84%,-177.56%,-157.32%,Aug 05/a,2.83,0.00%,0
EEDIV,-,4.25%,-,-,-,-,-,-,-,-,-,-,-,41.19,0.00%,0
EEDN,521.38M,-,4.05%,10.36%,6.42%,1.46,1.27,0.49,0.61,22.92%,5.89%,7.35%,-,23.56,0.00%,0
EEDOG,-,5.01%,-,-,-,-,-,-,-,-,-,-,-,24.45,0.00%,0
EEDOW,-,1.24%,-,-,-,-,-,-,-,-,-,-,-,45.40,0.00%,0
EEDRY,194.84M,-,4.46%,9.82%,5.32%,1.28,1.23,0.76,0.97,36.62%,24.49%,15.02%,Aug 06/b,67.97,0.00%,0
EEDSA,55.53M,-,-102.46%,-122.93%,-160.05%,2.76,2.76,0.00,0.00,-,-,-,Aug 13/a,4.11,0.00%,0
EEDTK,15.93M,-,-71.40%,-82.75%,-125.08%,0.17,0.17,0.00,0.15,-802.38%,-15622.08%,-60136.23%,-,1.00,0.00%,0
EEDU,8.63B,3.51%,5.74%,12.47%,10.48%,1.50,1.47,0.14,0.21,54.64%,11.36%,8.39%,Jul 29/b,54.25,-1.61%,582
EEDUC,11.17M,-,3.03%,4.96%,4.28%,3.20,0.55,0.13,0.16,59.76%,-33.53%,9.75%,Oct 14/a,1.31,0.00%,0
EEDV,-,5.37%,-,-,-,-,-,-,-,-,-,-,-,60.30,0.00%,0
EEDVA,1.55M,-,-201.40%,-,-,0.03,0.03,-,-,-191.86%,-1463.75%,-3033.60%,Aug 20/b,0.24,0.00%,"2,684"
EEDZ,-,8.66%,-,-,-,-,-,-,-,-,-,-,-,13.47,0.00%,0
EEE,3.85B,1.02%,1.16%,7.03%,2.38%,1.80,1.70,1.90,2.03,28.79%,21.98%,3.23%,Aug 05/a,33.92,0.00%,0
EEEA,73.66M,9.00%,-,-,-,-,-,-,-,-,-,-,-,10.75,0.00%,0
EEEE,-,0.08%,-,-,-,-,-,-,-,-,-,-,-,23.51,0.00%,0
EEEFT,2.47B,-,4.42%,22.34%,9.14%,1.37,1.37,1.56,2.28,20.52%,11.55%,6.59%,Jul 30/b,66.10,0.00%,0
EEEIQ,6.39M,-,-24.55%,-79.81%,-56.18%,1.91,1.91,0.23,0.33,58.19%,-47.14%,-51.07%,Jun 25/a,3.88,0.00%,74
EEELV,-,4.28%,-,-,-,-,-,-,-,-,-,-,-,28.52,0.00%,0
EEEM,-,1.63%,-,-,-,-,-,-,-,-,-,-,-,68.50,-0.48%,"13,094"
EEEMA,-,1.29%,-,-,-,-,-,-,-,-,-,-,-,119.27,0.00%,0
EEEMO,-,1.68%,-,-,-,-,-,-,-,-,-,-,-,23.03,0.00%,0
EEEMS,-,2.79%,-,-,-,-,-,-,-,-,-,-,-,76.65,0.00%,0
EEEMV,-,2.12%,-,-,-,-,-,-,-,-,-,-,-,76.65,0.00%,0
EEEMX,-,1.76%,-,-,-,-,-,-,-,-,-,-,-,54.55,0.00%,0
EEES,-,1.16%,-,-,-,-,-,-,-,-,-,-,-,66.18,0.00%,0
EEET,-,1.39%,-,-,-,-,-,-,-,-,-,-,-,115.48,0.00%,0
EEETH,-,38.28%,-,-,-,-,-,-,-,-,-,-,-,33.30,-0.34%,"14,555"
EEEV,-,8.40%,-,-,-,-,-,-,-,-,-,-,-,10.18,0.00%,0
EEFA,-,3.17%,-,-,-,-,-,-,-,-,-,-,-,106.05,-0.08%,472
EEFAA,-,8.28%,-,-,-,-,-,-,-,-,-,-,-,55.70,0.00%,0
EEFAD,-,2.56%,-,-,-,-,-,-,-,-,-,-,-,44.07,0.00%,0
EEFAS,-,4.70%,-,-,-,-,-,-,-,-,-,-,-,22.76,0.00%,0
EEFAV,-,3.06%,-,-,-,-,-,-,-,-,-,-,-,93.42,0.00%,0
EEFAX,-,3.11%,-,-,-,-,-,-,-,-,-,-,-,54.82,0.00%,0
EEFC,1.64B,12.29%,1.18%,12.35%,1.48%,0.21,0.20,6.73,9.40,82.52%,81.18%,31.12%,Aug 06/a,12.69,0.63%,253
EEFFE,-,2.43%,-,-,-,-,-,-,-,-,-,-,-,28.67,0.00%,0
EEFFI,-,3.89%,-,-,-,-,-,-,-,-,-,-,-,26.94,0.00%,0
EEFG,-,2.29%,-,-,-,-,-,-,-,-,-,-,-,121.59,0.00%,0
EEFIV,-,0.99%,-,-,-,-,-,-,-,-,-,-,-,74.76,0.00%,0
EEFNL,-,0.97%,-,-,-,-,-,-,-,-,-,-,-,55.62,0.00%,0
EEFO,-,1.57%,-,-,-,-,-,-,-,-,-,-,-,75.02,0.00%,0
EEFOI,17.55M,-,-23.88%,-50.21%,-46.23%,1.54,0.82,0.00,0.32,4.43%,-23.56%,-23.77%,-,2.76,0.00%,0
EEFOR,1.35B,-,2.15%,4.57%,2.53%,2.13,2.13,0.82,0.83,26.88%,5.70%,2.09%,Jul 29/a,32.89,0.00%,0
EEFR,306.46M,8.48%,-,-,-,-,-,-,-,-,-,-,-,10.38,0.00%,0
EEFRA,-,1.66%,-,-,-,-,-,-,-,-,-,-,-,34.85,0.00%,0
EEFSC,2.21B,2.24%,1.14%,9.60%,7.57%,0.05,-,0.23,0.33,-,26.85%,18.31%,Jul 22/a,60.98,0.00%,0
EEFSI,247.20M,2.71%,0.96%,9.98%,8.01%,0.14,-,0.20,0.20,-,19.25%,15.20%,Jul 23/a,45.68,0.00%,0
EEFT,278.80M,8.66%,-,-,-,-,-,-,-,-,-,-,-,10.49,0.00%,0
EEFU,-,5.19%,-,-,-,-,-,-,-,-,-,-,-,7.03,0.00%,0
EEFV,-,4.48%,-,-,-,-,-,-,-,-,-,-,-,81.50,0.00%,0
EEFX,18.29B,1.44%,5.79%,14.58%,8.19%,0.60,0.60,0.93,1.25,44.05%,18.53%,10.73%,Jul 21/b,155.68,-1.86%,1
EEFXT,2.74B,0.61%,1.86%,4.61%,3.04%,1.19,0.86,0.49,0.51,22.61%,11.09%,2.06%,Aug 06/b,22.43,0.00%,0
EEFZ,-,4.03%,-,-,-,-,-,-,-,-,-,-,-,22.70,0.00%,0
EEG,14.11B,2.22%,3.40%,12.57%,10.06%,0.40,-,0.23,0.23,-,14.23%,11.27%,Jul 29/a,368.00,-0.38%,"1,081"
EEGAN,151.01M,-,5.99%,10.76%,10.35%,1.71,1.71,0.02,0.03,72.06%,8.74%,9.74%,Sep 03/a,5.77,0.00%,0
EEGBN,852.33M,0.14%,-0.38%,-3.28%,-3.05%,0.17,-,0.09,0.18,-,-9.38%,-6.45%,Jul 22/a,27.96,0.00%,0
EEGG,79.81M,-,-23.98%,-31.40%,-18.22%,6.94,6.94,0.03,0.06,31.06%,-108.81%,-96.45%,-,2.85,0.00%,0
EEGGQ,-,7.27%,-,-,-,-,-,-,-,-,-,-,-,54.54,0.00%,0
EEGGS,-,19.30%,-,-,-,-,-,-,-,-,-,-,-,37.28,0.00%,0
EEGGY,-,32.58%,-,-,-,-,-,-,-,-,-,-,-,35.50,0.55%,16
EEGHA,213.20M,-,2.41%,2.52%,2.49%,0.29,0.29,0.00,0.00,-,-,-,-,10.40,0.00%,0
EEGHT,267.56M,-,0.70%,3.45%,1.04%,0.94,0.94,2.09,2.42,63.38%,3.60%,0.64%,Aug 04/a,1.85,-0.94%,8
EEGLE,-,1.11%,-,-,-,-,-,-,-,-,-,-,-,32.34,0.00%,0
EEGO,10.93B,0.47%,7.47%,11.28%,7.23%,1.31,0.85,0.22,0.26,47.86%,44.69%,29.83%,Jul 30/a,41.84,-1.26%,611
EEGP,10.89B,3.16%,5.69%,8.73%,5.97%,0.43,0.43,0.43,0.47,44.05%,40.54%,40.47%,Jul 22/a,202.57,0.00%,0
EEGUS,-,0.19%,-,-,-,-,-,-,-,-,-,-,-,59.65,0.00%,0
EEGY,621.68M,4.23%,-11.41%,-24.74%,-17.72%,0.44,0.41,0.64,0.69,20.08%,9.12%,-31.54%,Aug 06/a,5.91,-0.84%,26
EEH,266.20M,-,-14.74%,-27.91%,-22.66%,1.84,1.65,0.27,0.64,61.69%,-86.18%,-61.35%,Aug 25/b,4.73,0.00%,0
EEHC,11.99B,0.49%,8.48%,24.75%,11.52%,1.19,1.19,1.07,1.09,21.95%,18.00%,9.98%,Aug 05/a,121.56,0.00%,0
EEHCC,-,13.65%,-,-,-,-,-,-,-,-,-,-,-,24.36,0.00%,0
EEHGO,4.55M,-,-49.67%,-117.31%,-126.79%,3.23,2.45,0.01,0.25,15.14%,-73.47%,-69.39%,-,0.92,-2.04%,"3,973"
EEHI,168.47M,15.11%,-,-,-,-,-,-,-,-,-,-,-,5.56,0.00%,0
EEHLD,35.97M,4.38%,27.75%,43.05%,21.76%,3.10,2.89,0.68,0.73,51.02%,42.04%,40.00%,Aug 12/b,12.77,0.00%,0
EEHLS,-,-,-,-,-,-,-,-,-,-,-,-,-,25.73,0.00%,0
EEHTH,28.49M,-,2.43%,2.92%,2.53%,9.95,9.95,0.13,0.14,-,12.22%,-5.24%,Aug 04/a,0.89,0.00%,0
EEHY,-,56.15%,-,-,-,-,-,-,-,-,-,-,-,8.78,0.00%,0
EEIC,221.91M,14.33%,-,-,-,-,-,-,-,-,-,-,Aug 13/b,9.63,0.00%,0
EEIDO,-,3.20%,-,-,-,-,-,-,-,-,-,-,-,12.19,-1.38%,536
EEIG,870.19M,2.77%,0.25%,0.78%,0.77%,0.38,-,0.15,0.15,-,1.12%,0.91%,Jul 29/a,48.45,0.00%,0
EEIKN,476.66M,-,-,-,-,9.89,9.89,0.52,0.54,-,-,-,Aug 13/a,8.80,-0.34%,974
EEIM,463.89M,6.78%,-,-,-,-,-,-,-,-,-,-,-,9.03,0.00%,0
EEINC,-,3.43%,-,-,-,-,-,-,-,-,-,-,-,117.84,0.00%,0
EEIPI,-,6.76%,-,-,-,-,-,-,-,-,-,-,-,22.18,0.00%,0
EEIPX,-,2.67%,-,-,-,-,-,-,-,-,-,-,-,32.76,0.00%,0
EEIRL,-,2.28%,-,-,-,-,-,-,-,-,-,-,-,82.88,0.00%,0
EEIS,-,1.46%,-,-,-,-,-,-,-,-,-,-,-,127.63,0.00%,0
EEIX,21.16B,6.36%,4.18%,22.58%,6.94%,0.66,0.61,2.17,2.48,34.12%,29.88%,19.28%,Jul 30/a,54.98,0.05%,492
EEJAN,-,-,-,-,-,-,-,-,-,-,-,-,-,37.29,0.00%,0
EEJH,3.88M,-,1.42%,1.48%,1.26%,30.98,30.98,0.00,0.00,23.01%,-6.43%,8.18%,-,1.21,-1.50%,154
EEJUL,-,-,-,-,-,-,-,-,-,-,-,-,-,31.90,0.00%,0
EEKG,-,-,-,-,-,-,-,-,-,-,-,-,-,22.94,0.00%,0
EEL,34.86B,1.54%,0.92%,4.75%,1.50%,1.22,0.90,2.19,2.43,75.55%,11.21%,1.21%,Aug 19/b,96.36,0.02%,681
EELA,336.23M,-,23.45%,32.45%,24.98%,4.24,2.61,0.12,0.24,21.03%,9.57%,7.63%,Aug 05,12.95,0.00%,0
EELAB,3.51M,-,-59.06%,-105.22%,-63.60%,1.36,1.30,0.27,0.85,10.31%,-477.02%,-522.97%,Mar 30/b,4.33,-1.95%,204
EELAN,11.45B,-,-1.46%,-2.98%,-1.91%,2.05,1.10,0.58,0.59,44.28%,6.63%,-3.96%,Aug 05/b,22.92,2.19%,8
EELBM,61.90M,-,-47.50%,-110.03%,-56.28%,0.88,0.88,0.51,0.51,-,-,-,Aug 13/b,0.58,-0.02%,"1,356"
EELCV,-,2.17%,-,-,-,-,-,-,-,-,-,-,-,31.03,0.00%,0
EELD,-,6.06%,-,-,-,-,-,-,-,-,-,-,-,28.57,0.00%,0
EELDN,218.59M,-,-72.74%,-110.71%,-136.67%,7.90,7.90,0.00,0.01,-,-,-,Aug 13/a,2.69,0.00%,0
EELE,1.57B,0.55%,0.50%,0.58%,0.36%,5.48,5.48,0.00,0.00,65.86%,20.63%,4.01%,Aug 11/a,21.72,0.00%,0
EELF,5.88B,-,3.16%,6.04%,2.89%,2.55,1.82,0.76,0.80,69.20%,12.00%,3.38%,Aug 05/a,99.68,1.93%,80
EELFY,-,1.12%,-,-,-,-,-,-,-,-,-,-,-,39.36,0.00%,0
EELIL,-,1.42%,-,-,-,-,-,-,-,-,-,-,-,28.23,0.26%,41
EELLO,294.89M,-,-2.80%,-14.40%,7.93%,1.24,1.23,2.64,3.16,15.11%,-7.79%,136.17%,Aug 18/a,21.40,0.00%,0
EELM,-,2.49%,-,-,-,-,-,-,-,-,-,-,-,29.63,0.00%,0
EELMD,225.89M,-,18.53%,23.26%,20.91%,4.69,4.39,0.00,0.00,78.54%,18.82%,15.32%,Aug 25/a,27.00,0.00%,0
EELME,155.50M,1.60%,-7.61%,-13.43%,-8.33%,1.03,1.03,0.78,0.78,21.15%,6.06%,-54.70%,-,1.75,0.00%,0
EELMT,670.11M,-,-,-,-,3.03,1.60,0.10,0.12,-,-,-,Aug 13/b,22.00,0.78%,582
EELOG,5.49M,-,-4.04%,-8.64%,-7.01%,1.71,1.71,0.08,0.45,9.30%,-2.30%,-2.52%,-,0.43,-16.87%,"13,087"
EELOL,-,-,-,-,-,-,-,-,-,-,-,-,-,24.61,0.00%,0
EELOX,69.39M,-,-,-,-,3.74,3.74,0.00,0.00,-,-,-,Aug 12/b,17.19,0.00%,0
EELPC,9.40B,5.72%,5.14%,12.67%,6.79%,1.30,1.28,0.88,0.98,23.11%,19.29%,11.25%,Aug 06/b,12.66,0.00%,0
EELPW,2.27M,-,-,-,-,0.46,0.46,-,-,-17.40%,-81.06%,-271.27%,-,2.44,-2.01%,603
EELS,12.12B,3.60%,6.98%,23.03%,7.92%,0.25,0.25,1.88,1.88,38.20%,34.27%,25.69%,Jul 22/a,60.44,0.00%,0
EELTK,54.91M,-,-8.92%,-13.79%,-10.85%,2.15,1.51,0.28,0.29,-0.13%,-11.65%,-12.66%,Aug 18/b,8.17,0.00%,0
EELTX,50.20M,-,-124.36%,-774.56%,-180.09%,2.77,2.77,1.65,1.78,-,-,-,Aug 13/a,1.91,0.00%,0
EELUT,37.80M,-,-57.89%,-,-128.03%,1.77,1.64,0.23,0.69,69.41%,-177.07%,-205.11%,Aug 13/a,0.85,0.00%,0
EELV,88.77B,1.69%,4.00%,11.20%,6.57%,1.52,-,0.68,0.69,-,3.63%,2.47%,Jul 15/b,409.31,0.00%,0
EELVA,339.00M,-,5.12%,9.85%,4.09%,7.53,5.72,0.60,0.62,30.42%,9.21%,6.14%,Aug 10/a,6.78,0.15%,250
EELVN,3.58B,-,-14.98%,-15.31%,-11.82%,64.07,64.07,0.00,0.00,-,-,-,Aug 05/a,48.87,0.00%,0
EELVR,878.34M,-,6.27%,8.60%,5.70%,3.44,2.95,0.04,0.11,-38.44%,-35.28%,30.08%,Aug 27/a,45.51,0.00%,0
EELWT,46.64M,-,-79.65%,-,-1198.54%,0.88,0.56,-,-,17.69%,-43.55%,-45.34%,Aug 18/b,7.05,0.00%,0
EEMA,14.98B,4.32%,2.36%,7.64%,3.16%,0.73,0.59,1.36,1.54,25.27%,19.32%,11.30%,Aug 07/b,48.76,0.00%,0
EEMAT,2.15B,-,-842.91%,-,-52793.94%,0.16,0.14,-,-,9.39%,-548.27%,-12886.83%,Aug 17/b,3.44,0.29%,"9,570"
EEMAU,-,-,-,-,-,-,-,-,-,-,-,-,-,25.89,0.00%,0
EEMB,-,5.21%,-,-,-,-,-,-,-,-,-,-,-,93.78,0.00%,0
EEMBC,302.00M,4.73%,7.22%,-,11.83%,1.68,1.17,-,-,59.63%,26.38%,8.59%,Aug 07/b,5.33,0.57%,7
EEMBD,-,5.83%,-,-,-,-,-,-,-,-,-,-,-,23.29,0.00%,0
EEMBJ,13.71B,0.69%,3.52%,13.18%,7.57%,1.44,0.72,0.71,0.75,17.90%,8.35%,5.34%,Aug 10/b,77.02,0.00%,0
EEMBX,-,5.24%,-,-,-,-,-,-,-,-,-,-,-,50.44,0.00%,0
EEMC,-,0.54%,-,-,-,-,-,-,-,-,-,-,-,38.42,0.00%,0
EEMCB,-,5.42%,-,-,-,-,-,-,-,-,-,-,-,65.35,0.00%,0
EEMCR,-,1.44%,-,-,-,-,-,-,-,-,-,-,-,44.50,0.00%,0
EEMCS,-,1.40%,-,-,-,-,-,-,-,-,-,-,-,48.10,0.00%,0
EEMD,581.89M,11.39%,-,-,-,-,-,-,-,-,-,-,-,10.01,0.00%,0
EEMDM,-,2.71%,-,-,-,-,-,-,-,-,-,-,-,43.52,0.00%,0
EEMDV,-,1.91%,-,-,-,-,-,-,-,-,-,-,-,46.99,0.00%,0
EEME,33.30B,0.20%,15.51%,40.37%,31.85%,1.28,1.25,0.11,0.13,19.43%,9.60%,7.74%,Jul 30/b,755.01,-0.36%,36
EEMEM,-,-,-,-,-,-,-,-,-,-,-,-,-,25.59,0.00%,0
EEMEQ,-,1.63%,-,-,-,-,-,-,-,-,-,-,-,67.91,0.00%,0
EEMES,-,0.41%,-,-,-,-,-,-,-,-,-,-,-,29.00,0.00%,0
EEMET,-,1.59%,-,-,-,-,-,-,-,-,-,-,-,42.96,0.00%,0
EEMF,344.70M,3.86%,-,-,-,-,-,-,-,-,-,-,-,23.06,0.00%,0
EEMFI,-,2.10%,-,-,-,-,-,-,-,-,-,-,-,49.65,0.00%,0
EEMGF,-,1.96%,-,-,-,-,-,-,-,-,-,-,-,73.77,0.00%,0
EEMHC,-,6.21%,-,-,-,-,-,-,-,-,-,-,-,24.62,0.00%,0
EEMHY,-,6.61%,-,-,-,-,-,-,-,-,-,-,-,39.78,0.00%,0
EEMIF,-,4.14%,-,-,-,-,-,-,-,-,-,-,-,26.79,0.00%,0
EEMIS,161.86M,-,4.34%,4.35%,2.17%,7.19,7.19,0.00,0.00,-,-,-,-,10.26,0.00%,0
EEMJL,-,-,-,-,-,-,-,-,-,-,-,-,-,25.05,0.00%,0
EEMJN,-,-,-,-,-,-,-,-,-,-,-,-,-,23.63,0.00%,0
EEMKT,-,0.43%,-,-,-,-,-,-,-,-,-,-,-,32.01,0.00%,0
EEML,154.05M,1.72%,3.39%,6.33%,4.31%,2.80,1.32,0.44,0.47,23.72%,2.32%,3.43%,Aug 11/a,25.60,0.00%,0
EEMLC,-,6.26%,-,-,-,-,-,-,-,-,-,-,-,25.30,0.00%,0
EEMLP,-,2.84%,-,-,-,-,-,-,-,-,-,-,-,42.74,-0.54%,"19,954"
EEMM,-,0.71%,-,-,-,-,-,-,-,-,-,-,-,45.87,0.00%,0
EEMMF,-,1.89%,-,-,-,-,-,-,-,-,-,-,-,39.05,0.00%,0
EEMMY,-,-,-,-,-,-,-,-,-,-,-,-,-,25.02,0.00%,0
EEMN,7.44B,5.19%,2.88%,7.41%,4.19%,1.50,0.76,0.73,0.86,19.97%,9.52%,4.98%,Jul 30/a,65.09,0.00%,21
EEMNT,-,3.89%,-,-,-,-,-,-,-,-,-,-,-,98.75,0.00%,0
EEMO,1.08B,8.03%,-,-,-,-,-,-,-,-,-,-,-,53.77,0.00%,0
EEMOP,-,0.21%,-,-,-,-,-,-,-,-,-,-,-,52.33,0.00%,0
EEMOT,-,1.09%,-,-,-,-,-,-,-,-,-,-,-,26.30,0.00%,0
EEMPB,-,0.72%,-,-,-,-,-,-,-,-,-,-,-,34.99,0.00%,0
EEMPD,89.27M,-,-18.37%,-20.84%,-27.33%,0.47,0.44,0.49,0.49,-104.65%,-1214.07%,-1757.98%,May 08,3.17,0.00%,0
EEMQQ,-,3.88%,-,-,-,-,-,-,-,-,-,-,-,32.16,0.00%,0
EEMR,84.23B,1.46%,6.08%,12.81%,9.06%,0.90,0.66,0.40,0.68,48.67%,20.60%,13.84%,Aug 04/a,151.00,-0.47%,6
EEMSC,-,-,-,-,-,-,-,-,-,-,-,-,-,25.00,0.00%,0
EEMSE,-,-,-,-,-,-,-,-,-,-,-,-,-,25.39,0.00%,0
EEMSF,-,4.79%,-,-,-,-,-,-,-,-,-,-,-,40.17,0.00%,0
EEMTY,-,3.14%,-,-,-,-,-,-,-,-,-,-,-,24.96,0.00%,0
EEMXC,-,1.86%,-,-,-,-,-,-,-,-,-,-,-,103.60,1.47%,40
EEMXF,-,2.59%,-,-,-,-,-,-,-,-,-,-,-,59.12,0.00%,0
EEMXX,-,-,-,-,-,-,-,-,-,-,-,-,-,24.18,0.00%,0
EENB,107.15B,5.78%,2.78%,9.42%,3.71%,0.72,0.66,1.59,1.72,25.44%,13.31%,6.84%,Jul 31/b,48.20,0.00%,"1,498"
EENDW,-,2.39%,-,-,-,-,-,-,-,-,-,-,-,35.00,0.00%,0
EENFR,-,4.03%,-,-,-,-,-,-,-,-,-,-,-,38.30,-1.08%,"15,854"
EENGN,131.35M,-,-48.84%,-60.50%,-49.92%,10.21,10.21,0.13,0.14,-,-,-,Sep 08/b,1.96,0.00%,100
EENGS,126.01M,-,-37.30%,-,-1809.75%,0.70,0.59,0.71,60.86,-16.30%,-53.68%,-58.28%,-,2.83,0.00%,0
EENHA,589.11M,-,-254.91%,-4186.30%,-1892.79%,0.89,0.89,0.00,0.05,-194.38%,-296.12%,-327.06%,Aug 13/a,1.49,4.20%,"5,412"
EENHI,-,1.16%,-,-,-,-,-,-,-,-,-,-,-,27.27,0.00%,0
EENHU,-,0.74%,-,-,-,-,-,-,-,-,-,-,-,28.86,0.00%,0
EENIC,5.96B,2.43%,4.42%,10.90%,6.67%,0.79,0.74,0.59,0.72,21.79%,19.32%,12.95%,Jul 30/a,4.31,0.00%,50
EENLT,10.46B,-,1.04%,5.19%,1.15%,1.12,1.12,2.65,3.01,40.59%,49.88%,15.33%,Aug 04/b,74.78,-0.76%,399
EENLV,12.11M,-,104.94%,126.17%,63.84%,193.24,193.24,0.00,0.00,-,-,-,Aug 24,0.69,0.00%,0
EENOR,-,5.03%,-,-,-,-,-,-,-,-,-,-,-,36.55,0.00%,0
EENOV,1.04B,-,-25.03%,-54.25%,-39.52%,1.98,1.00,0.88,0.93,53.34%,3.41%,-47.90%,Aug 06/b,18.04,0.00%,0
EENPH,4.57B,-,4.40%,13.00%,7.50%,3.45,2.95,0.51,0.52,62.84%,25.63%,10.09%,Jul 28/a,34.59,-0.49%,"20,253"
EENR,1.48B,5.78%,1.81%,42.18%,2.28%,2.07,1.10,16.62,16.88,38.37%,15.69%,2.73%,Aug 04/b,21.63,0.00%,3
EENRD,539.56M,-,3.47%,3.59%,15.45%,0.43,0.43,-,-,-,-,-,Aug 18/b,3.79,1.18%,"3,832"
EENRG,-,-,-,-,-,-,-,-,-,-,-,-,-,-,-,-
EENS,6.44B,0.63%,8.74%,18.40%,11.83%,2.80,1.83,0.51,0.53,30.65%,14.54%,9.29%,Aug 12/a,178.58,0.00%,0
EENSC,8.23M,-,-295.93%,-968.33%,-,0.60,0.60,-,-,-,-281.32%,-280.48%,Aug 19,0.42,0.55%,"3,122"
EENSG,10.17B,0.15%,7.09%,16.98%,8.29%,1.21,1.21,0.87,0.92,13.96%,8.78%,6.90%,Jul 27/b,174.47,0.00%,0
EENTA,352.71M,-,-21.15%,-70.12%,-26.08%,3.76,3.76,1.40,1.80,92.48%,-89.99%,-96.89%,Aug 10/a,12.11,0.00%,0
EENTG,21.68B,0.23%,3.62%,7.67%,3.96%,3.05,1.85,0.86,0.86,39.92%,17.09%,9.18%,Aug 04/b,141.91,-0.86%,"1,784"
EENTL,-,-,-,-,-,-,-,-,-,-,-,-,-,7.39,0.00%,0
EENTX,514.55M,-,-87.02%,-138.92%,-227.35%,8.98,8.98,0.03,0.06,-,-,-,Aug 07/a,2.96,0.00%,0
EENVA,4.27B,-,5.49%,26.08%,5.43%,20.20,20.20,3.37,3.37,-,24.14%,10.31%,Jul 23/a,171.36,0.00%,0
EENVB,6.98M,-,-139.75%,-170.04%,-108.00%,10.21,10.21,0.00,0.00,-,-,-,Aug 14/a,1.56,0.00%,0
EENVX,658.17M,-,-26.80%,-82.20%,-23.08%,9.71,9.37,2.51,2.56,-24.62%,-496.54%,-473.89%,Aug 12/a,3.00,0.64%,"6,958"
EENZL,-,2.21%,-,-,-,-,-,-,-,-,-,-,-,45.85,0.00%,0
EEO,-,-,-,-,-,-,-,-,-,-,-,-,-,8.77,0.00%,0
EEOCN,3.65M,-,-55.03%,-68.21%,-88.73%,4.16,4.16,0.00,0.01,-,-,-,Jul 30,3.50,0.00%,0
EEOCT,-,-,-,-,-,-,-,-,-,-,-,-,-,35.26,0.00%,0
EEOD,279.93M,8.58%,-,-,-,-,-,-,-,-,-,-,-,6.50,0.00%,0
EEOG,74.16B,2.92%,13.61%,22.51%,17.29%,1.85,1.68,0.25,0.26,43.24%,35.12%,25.75%,Aug 04/a,141.38,0.00%,213
EEOI,815.52M,8.08%,-,-,-,-,-,-,-,-,-,-,-,19.89,0.00%,0
EEOLS,527.74M,-,-14.40%,-18729.61%,-26.14%,1.70,1.28,-,-,64.95%,-6.51%,-10.85%,Aug 05/a,7.99,0.00%,0
EEONR,27.79M,-,1.99%,7.04%,2.94%,0.35,0.35,0.07,0.09,27.38%,-31.13%,11.08%,Apr 28/b,0.56,2.07%,"7,211"
EEOS,1.15B,8.48%,-,-,-,-,-,-,-,-,-,-,-,21.50,0.00%,1
EEOSE,1.48B,-,-111.95%,-,-220.74%,3.26,2.68,-,-,-84.75%,-158.78%,-331.22%,Aug 05/b,4.06,-0.25%,"65,247"
EEOSU,-,-,-,-,-,-,-,-,-,-,-,-,-,8.12,-0.12%,239
EEOT,248.28M,5.14%,-,-,-,-,-,-,-,-,-,-,-,15.89,0.00%,0
EEP,94.85M,-,-69.31%,-230.66%,-336.94%,0.42,0.37,1.89,2.19,-4.65%,-39.95%,-202.22%,Aug 17/b,2.28,0.00%,0
EEPAC,1.80B,0.11%,11.38%,21.64%,15.58%,2.67,2.04,0.41,0.44,49.05%,21.76%,14.72%,Jul 07/a,35.29,0.00%,0
EEPAI,-,-,-,-,-,-,-,-,-,-,-,-,-,27.10,0.00%,0
EEPAM,5.86B,-,8.65%,11.18%,11.06%,2.75,2.75,0.03,0.04,26.94%,9.80%,7.15%,Aug 06/b,113.50,0.33%,145
EEPC,1.28B,3.55%,-1.19%,-2.87%,-3.45%,1.84,1.12,0.85,0.88,41.70%,6.46%,-4.55%,Aug 05/b,27.71,2.33%,19
EEPD,83.33B,5.81%,7.84%,21.07%,10.02%,0.93,0.66,1.06,1.13,12.98%,12.54%,10.73%,Jul 30/b,38.59,0.31%,202
EEPEM,-,2.78%,-,-,-,-,-,-,-,-,-,-,-,30.88,0.00%,0
EEPHE,-,2.91%,-,-,-,-,-,-,-,-,-,-,-,23.31,0.00%,0
EEPI,-,-,-,-,-,-,-,-,-,-,-,-,-,42.07,0.00%,1
EEPIN,-,0.63%,-,-,-,-,-,-,-,-,-,-,-,28.66,0.00%,0
EEPM,144.62M,13.33%,-1.65%,-4.27%,-2.41%,0.92,0.92,0.94,0.94,15.32%,4.03%,-3.27%,Sep 15/a,3.60,1.12%,29
EEPMB,-,0.41%,-,-,-,-,-,-,-,-,-,-,-,26.13,0.00%,0
EEPMV,-,0.56%,-,-,-,-,-,-,-,-,-,-,-,25.69,0.00%,0
EEPOL,-,3.22%,-,-,-,-,-,-,-,-,-,-,-,45.67,0.00%,0
EEPOW,14.19M,-,-11.11%,-,-60.32%,0.72,0.48,-,-,-12.60%,-34.53%,-35.84%,-,6.10,-0.33%,56
EEPP,-,3.32%,-,-,-,-,-,-,-,-,-,-,-,56.26,0.00%,0
EEPR,4.40B,6.42%,4.53%,11.35%,4.51%,7.95,7.95,1.53,1.53,51.22%,36.64%,32.18%,Jul 29/a,57.43,0.00%,0
EEPRF,-,6.29%,-,-,-,-,-,-,-,-,-,-,-,16.21,0.00%,0
EEPRT,5.87B,4.73%,3.89%,6.50%,3.65%,3.19,3.19,0.66,0.66,71.46%,64.81%,42.74%,Jul 22/a,26.93,0.64%,48
EEPRX,569.46M,-,-61.39%,-65.25%,-37.75%,16.00,16.00,0.01,0.01,-,-,-,Aug 11/a,8.64,0.00%,0
EEPS,-,1.10%,-,-,-,-,-,-,-,-,-,-,-,81.51,0.00%,0
EEPSB,-,0.31%,-,-,-,-,-,-,-,-,-,-,-,26.52,0.00%,0
EEPSM,3.33M,-,-,-,-13.00%,7.35,1.91,0.00,0.02,14.73%,-29.23%,-29.26%,-,1.25,0.00%,0
EEPSN,181.70M,4.13%,-1.95%,-3.05%,-2.05%,0.96,0.96,0.31,0.32,49.12%,35.90%,-5.18%,Aug 12/a,6.00,0.00%,0
EEPSV,-,0.45%,-,-,-,-,-,-,-,-,-,-,-,29.42,0.00%,0
EEPU,-,1.87%,-,-,-,-,-,-,-,-,-,-,-,91.14,0.00%,0
EEPV,-,4.78%,-,-,-,-,-,-,-,-,-,-,-,18.00,0.00%,0
EEQ,118.57M,-,-50.68%,-58.98%,-32.05%,23.40,23.40,0.00,0.01,-,-,-,Aug 13/a,1.87,-1.32%,13
EEQAL,-,1.72%,-,-,-,-,-,-,-,-,-,-,-,58.87,0.00%,0
EEQBK,997.68M,1.51%,0.55%,4.90%,3.82%,0.19,-,0.13,0.65,-,15.47%,9.45%,Jul 14/a,48.45,-0.33%,1
EEQH,14.71B,2.13%,-0.30%,-508.79%,-30.32%,11.62,-,-,-,-,-3.26%,-8.34%,Aug 04/a,53.87,0.00%,0
EEQIN,-,1.85%,-,-,-,-,-,-,-,-,-,-,-,52.94,0.00%,0
EEQIX,105.90B,1.93%,3.84%,10.77%,4.23%,1.13,1.13,1.52,1.62,31.69%,9.22%,15.63%,Jul 29/a,1073.21,1.51%,25
EEQL,-,1.35%,-,-,-,-,-,-,-,-,-,-,-,51.34,0.00%,0
EEQLT,-,1.55%,-,-,-,-,-,-,-,-,-,-,-,39.35,0.00%,0
EEQNR,99.72B,3.77%,6.48%,21.36%,13.48%,1.16,1.08,0.56,0.75,30.28%,29.28%,7.98%,Jul 22/b,41.71,-1.84%,"49,317"
EEQPT,4.61B,-,0.63%,4.24%,0.96%,2.42,1.91,2.90,3.04,28.10%,6.84%,0.45%,Aug 12/a,18.17,0.00%,0
EEQQQ,-,-,-,-,-,-,-,-,-,-,-,-,-,41.18,0.00%,0
EEQRR,-,1.02%,-,-,-,-,-,-,-,-,-,-,-,86.48,0.00%,0
EEQS,12.00M,-,-62.57%,-72.77%,-111.02%,1.15,1.15,0.00,0.14,100.00%,-11061.88%,-11538.75%,-,0.86,-9.59%,9
EEQT,31.57B,1.31%,6.70%,11.62%,8.80%,0.67,0.67,0.22,0.22,48.14%,42.38%,28.61%,Jul 21/a,50.47,0.67%,"1,313"
EEQTY,-,0.02%,-,-,-,-,-,-,-,-,-,-,-,29.30,0.00%,0
EEQWL,-,1.57%,-,-,-,-,-,-,-,-,-,-,-,131.74,0.00%,0
EEQX,14.11B,0.55%,5.79%,9.84%,10.20%,1.33,0.77,0.09,0.09,42.55%,36.24%,22.55%,Aug 05/a,12.09,-0.58%,"25,601"
EERAS,5.26B,-,-65.25%,-78.25%,-71.60%,8.29,8.29,0.11,0.12,-,-,-,Aug 11/a,15.04,0.00%,0
EERC,248.00M,9.85%,-,-,-,-,-,-,-,-,-,-,-,8.84,0.00%,0
EERET,-,3.47%,-,-,-,-,-,-,-,-,-,-,-,27.77,0.00%,0
EERH,95.03M,9.54%,-,-,-,-,-,-,-,-,-,-,-,10.76,0.00%,0
EERIC,29.96B,3.27%,8.98%,26.30%,19.10%,1.12,0.89,0.27,0.38,48.13%,13.75%,10.75%,Oct 15/b,9.84,-4.00%,"55,416"
EERIE,10.99B,2.48%,17.26%,24.81%,23.39%,1.25,1.25,0.00,0.00,17.90%,17.93%,14.01%,Jul 30/a,235.95,0.00%,0
EERII,358.85M,-,7.48%,8.58%,8.61%,8.05,5.99,0.03,0.05,65.36%,16.33%,12.72%,Aug 05/a,7.03,0.00%,0
EERNA,6.28M,-,-176.37%,-320.70%,-362.42%,2.01,2.01,0.06,0.11,-,-,-,Aug 17,3.85,-2.78%,22
EERO,3.66B,-,15.85%,30.56%,17.90%,1.37,0.81,0.43,0.47,42.52%,35.85%,29.79%,Aug 05/a,35.10,1.15%,"7,420"
EEROC,2.87B,-,-,-,-,1.42,1.25,0.51,0.61,-,-,-,Aug 11/a,13.10,-2.09%,"27,070"
EEROK,3.11B,-,-,-,-,2.06,2.06,0.00,0.00,-,-,-,Aug 10/a,23.62,0.00%,0
EERTH,-,1.88%,-,-,-,-,-,-,-,-,-,-,-,44.16,0.00%,0
EERX,-,1.33%,-,-,-,-,-,-,-,-,-,-,-,104.77,0.86%,139
EERY,-,3.33%,-,-,-,-,-,-,-,-,-,-,-,9.22,-0.43%,"1,205"
EES,25.20B,4.69%,2.33%,9.06%,3.35%,0.80,0.74,1.64,1.82,30.41%,22.34%,10.35%,Jul 30/a,66.89,0.00%,0
EESAB,4.17B,0.30%,3.60%,8.58%,3.39%,1.96,1.22,0.99,1.00,33.46%,14.15%,5.66%,Aug 06/b,67.01,0.00%,0
EESBA,1.15B,3.41%,0.17%,0.70%,0.22%,3.03,3.03,2.18,2.18,27.04%,16.78%,0.39%,-,4.10,0.00%,0
EESBG,-,1.06%,-,-,-,-,-,-,-,-,-,-,-,21.58,0.00%,0
EESCA,267.47M,3.11%,10.19%,13.15%,12.59%,3.21,1.63,0.00,0.09,27.22%,12.39%,9.46%,Jul 30/b,19.43,0.00%,0
EESE,6.80B,0.12%,5.65%,9.50%,8.17%,1.38,0.94,0.08,0.09,35.68%,15.66%,11.01%,Aug 06/a,262.41,0.00%,0
EESEA,494.37M,4.19%,19.21%,29.49%,19.21%,5.46,5.38,0.36,0.40,66.03%,59.35%,59.98%,Aug 13/b,75.19,0.00%,0
EESG,-,0.82%,-,-,-,-,-,-,-,-,-,-,-,182.08,0.00%,0
EESGD,-,3.25%,-,-,-,-,-,-,-,-,-,-,-,105.25,0.00%,0
EESGE,-,2.03%,-,-,-,-,-,-,-,-,-,-,-,55.85,0.00%,0
EESGG,-,1.24%,-,-,-,-,-,-,-,-,-,-,-,241.44,0.00%,0
EESGU,-,0.92%,-,-,-,-,-,-,-,-,-,-,-,169.28,0.00%,0
EESGV,-,0.87%,-,-,-,-,-,-,-,-,-,-,-,136.78,-0.55%,1
EESI,8.14B,0.64%,3.31%,6.57%,3.67%,2.91,2.11,0.73,0.75,38.42%,14.77%,5.67%,Jul 27/a,33.42,0.00%,0
EESIM,-,1.19%,-,-,-,-,-,-,-,-,-,-,-,29.23,0.00%,0
EESLA,21.84M,-,-416.74%,-,-,0.20,0.20,-,-,-,-,-,Sep 02,0.50,0.00%,0
EESLG,-,0.27%,-,-,-,-,-,-,-,-,-,-,-,28.53,0.00%,0
EESLT,35.66B,0.53%,4.90%,15.23%,12.53%,1.39,0.89,0.15,0.19,25.03%,9.22%,7.44%,Aug 11/b,760.95,1.37%,302
EESLV,-,0.92%,-,-,-,-,-,-,-,-,-,-,-,28.25,0.00%,0
EESML,-,0.95%,-,-,-,-,-,-,-,-,-,-,-,53.21,0.00%,0
EESMV,-,1.40%,-,-,-,-,-,-,-,-,-,-,-,31.15,0.00%,0
EESN,-,0.74%,-,-,-,-,-,-,-,-,-,-,-,20.71,0.00%,0
EESNT,5.97B,2.11%,9.19%,12.01%,11.05%,3.22,-,0.09,0.09,-,65.77%,52.46%,Aug 07/b,66.47,0.00%,0
EESOA,202.08M,1.20%,4.99%,15.08%,9.34%,1.50,1.50,0.33,0.58,11.77%,3.87%,2.24%,Aug 10/a,10.83,0.00%,0
EESP,190.81M,1.56%,12.76%,20.97%,19.09%,2.28,1.61,0.00,0.00,36.52%,25.45%,25.49%,May 12/a,63.69,0.00%,366
EESPO,-,1.31%,-,-,-,-,-,-,-,-,-,-,-,98.44,0.00%,0
EESQ,1.48B,0.66%,2.31%,18.26%,16.71%,0.46,-,0.01,0.01,-,40.28%,29.30%,Jul 23/b,122.06,0.00%,0
EESRT,720.02M,3.37%,0.17%,0.70%,0.22%,3.03,3.03,2.18,2.18,27.04%,16.78%,0.39%,Jul 29/a,4.16,0.45%,21
EESS,18.14B,3.80%,3.17%,7.55%,3.56%,0.09,0.09,1.18,1.27,36.84%,29.26%,21.48%,Jul 29/a,273.00,0.59%,2
EESSC,-,0.43%,-,-,-,-,-,-,-,-,-,-,-,29.41,0.17%,5
EESTA,2.01B,-,-11.41%,-175.30%,-13.63%,3.84,2.52,12.20,12.20,70.49%,-7.63%,-15.82%,Aug 06/b,67.42,-0.47%,458
EESTC,9.77B,0.02%,13.60%,33.12%,19.91%,1.71,1.71,0.46,0.46,75.50%,-1.40%,20.84%,Aug 27/a,93.02,3.69%,"1,573"
EESUM,-,0.95%,-,-,-,-,-,-,-,-,-,-,-,30.57,0.00%,0
EESYN,18.15M,-,-35.07%,-88.91%,-94.29%,1.82,1.81,0.03,0.08,63.16%,-787.50%,-680.01%,-,2.35,-12.34%,"17,220"
EET,71.73B,6.56%,3.87%,15.07%,5.02%,1.16,0.94,1.98,1.99,10.94%,9.62%,4.70%,Aug 04/b,20.83,-0.33%,40
EETB,459.13M,8.14%,-,-,-,-,-,-,-,-,-,-,-,15.63,0.00%,0
EETCO,-,117.95%,-,-,-,-,-,-,-,-,-,-,-,9.16,0.00%,0
EETD,528.50M,6.49%,5.48%,8.36%,7.06%,2.06,1.06,0.20,0.26,61.16%,7.71%,6.88%,Jul 29/a,20.97,0.00%,0
EETEC,-,0.52%,-,-,-,-,-,-,-,-,-,-,-,24.99,0.00%,0
EETFT,-,-,-,-,-,-,-,-,-,-,-,-,-,9.92,0.00%,0
EETG,1.79B,6.60%,-,-,-,-,-,-,-,-,-,-,-,23.45,0.00%,0
EETH,-,0.13%,-,-,-,-,-,-,-,-,-,-,-,26.28,-0.30%,"28,302"
EETHA,-,-,-,-,-,-,-,-,-,-,-,-,-,20.68,-0.82%,"733,328"
EETHB,-,0.33%,-,-,-,-,-,-,-,-,-,-,-,35.05,-1.48%,"3,129"
EETHD,-,26.00%,-,-,-,-,-,-,-,-,-,-,-,23.57,1.33%,"78,550"
EETHE,-,1.22%,-,-,-,-,-,-,-,-,-,-,-,22.05,-0.77%,"9,627"
EETHO,-,0.70%,-,-,-,-,-,-,-,-,-,-,-,80.07,0.00%,0
EETHT,-,1.03%,-,-,-,-,-,-,-,-,-,-,-,20.55,-0.97%,"146,188"
EETHU,-,1.87%,-,-,-,-,-,-,-,-,-,-,-,31.93,-1.21%,"537,762"
EETHV,-,-,-,-,-,-,-,-,-,-,-,-,-,39.97,-0.95%,13
EETHW,-,-,-,-,-,-,-,-,-,-,-,-,-,19.45,-1.57%,101
EETJ,559.95M,9.38%,-,-,-,-,-,-,-,-,-,-,-,8.32,0.00%,0
EETN,168.12B,0.99%,7.92%,19.71%,9.70%,1.24,0.79,0.95,1.05,35.90%,19.44%,12.75%,Jul 31/b,432.85,-0.59%,"1,097"
EETNG,-,-,-,-,-,-,-,-,-,-,-,-,-,14.14,0.00%,0
EETO,504.59M,6.74%,-,-,-,-,-,-,-,-,-,-,-,30.79,0.00%,1
EETON,1.58B,-,11.67%,35.97%,19.01%,1.52,1.30,0.43,0.63,57.87%,15.63%,12.02%,Aug 13/a,55.31,0.00%,226
EETOR,2.27B,-,14.65%,19.50%,18.78%,4.02,4.02,0.02,0.03,94.40%,31.96%,26.96%,Aug 11/b,28.00,-2.34%,246
EETR,48.53B,2.54%,2.47%,10.42%,3.64%,0.88,0.66,1.71,1.88,28.57%,22.23%,13.33%,Jul 29/b,101.58,0.00%,2
EETRA,-,-,-,-,-,-,-,-,-,-,-,-,-,13.16,-5.48%,99
EETS,-,-,-,-,-,-,-,-,-,-,-,-,Apr 13/a,2.14,0.00%,0
EETSS,198.80M,-,-,-,0.27%,4.20,4.20,0.00,0.00,-,-,-,-,9.94,0.00%,0
EETSY,6.74B,-,16.22%,-,20.29%,1.48,1.48,-,-,72.30%,16.10%,7.32%,Aug 05/a,73.48,0.00%,0
EETTY,-,35.16%,-,-,-,-,-,-,-,-,-,-,-,10.32,0.00%,0
EETU,-,-,-,-,-,-,-,-,-,-,-,-,-,8.35,-1.76%,579
EETV,1.81B,7.67%,-,-,-,-,-,-,-,-,-,-,-,15.48,0.00%,0
EETW,1.05B,8.16%,-,-,-,-,-,-,-,-,-,-,-,9.71,0.00%,0
EETX,191.01M,5.34%,-,-,-,-,-,-,-,-,-,-,-,17.53,0.00%,0
EETY,2.27B,8.35%,-,-,-,-,-,-,-,-,-,-,-,14.23,0.00%,0
EEU,198.17M,-,-16.00%,-25.60%,-18.20%,8.00,6.84,0.51,0.51,-0.03%,-152.73%,-113.40%,Aug 13/b,1.02,-2.86%,"6,216"
EEUAD,-,0.39%,-,-,-,-,-,-,-,-,-,-,-,43.31,0.00%,0
EEUDA,52.04M,-,-,-,-,0.18,0.18,-,-,43.88%,-35.78%,-40.65%,-,17.38,0.00%,0
EEUDG,-,2.39%,-,-,-,-,-,-,-,-,-,-,-,38.60,0.00%,0
EEUDV,-,2.09%,-,-,-,-,-,-,-,-,-,-,-,53.03,0.00%,0
EEUFN,-,4.05%,-,-,-,-,-,-,-,-,-,-,-,40.82,-2.18%,10
EEUHY,-,6.69%,-,-,-,-,-,-,-,-,-,-,-,52.78,0.00%,0
EEUIG,-,2.41%,-,-,-,-,-,-,-,-,-,-,-,49.10,0.00%,0
EEUM,-,4.34%,-,-,-,-,-,-,-,-,-,-,-,15.37,0.00%,0
EEUO,-,-,-,-,-,-,-,-,-,-,-,-,-,30.75,0.00%,0
EEURK,24.96M,-,0.38%,273.15%,-,0.00,0.00,-,-,-,-,-,-,11.50,0.00%,0
EEURL,-,1.79%,-,-,-,-,-,-,-,-,-,-,-,46.87,1.80%,81
EEUSA,-,1.41%,-,-,-,-,-,-,-,-,-,-,-,114.01,0.00%,0
EEUSB,-,4.07%,-,-,-,-,-,-,-,-,-,-,-,42.27,0.00%,0
EEUV,-,-,-,-,-,-,-,-,-,-,-,-,-,24.03,-1.52%,"7,888"
EEUVX,-,-,-,-,-,-,-,-,-,-,-,-,-,14.39,0.00%,0
EEVAC,602.01M,-,7.02%,7.33%,3.66%,11.36,11.36,0.00,0.00,-,-,-,-,10.30,0.00%,0
EEVAX,26.77M,-,-41.51%,-110.21%,-53.95%,5.06,5.06,0.69,0.75,-,-116.83%,-116.42%,Aug 20/b,3.21,0.00%,0
EEVC,737.38M,2.50%,1.13%,5.67%,1.90%,1.48,1.48,2.09,2.47,22.94%,8.43%,0.72%,Aug 10/a,7.99,0.00%,0
EEVCM,1.46B,-,2.04%,3.89%,2.84%,2.03,2.03,0.73,0.75,67.14%,13.42%,5.88%,Aug 05/a,8.25,0.00%,0
EEVER,804.52M,-,39.31%,53.61%,44.48%,3.33,3.33,0.00,0.01,97.65%,11.00%,15.16%,Aug 03/a,22.83,0.00%,14
EEVEX,728.34M,-,-59.50%,-1179.21%,-65.60%,3.48,3.48,13.28,13.53,-,-,-,Aug 04/b,2.09,0.00%,0
EEVF,88.13M,8.80%,-,-,-,-,-,-,-,-,-,-,-,4.85,0.00%,0
EEVG,137.13M,8.74%,-,-,-,-,-,-,-,-,-,-,-,10.19,0.00%,0
EEVGN,7.67M,-,-71.03%,-,-,3.57,3.54,-,-,-14.15%,-1019.82%,-694.19%,Aug 18/b,0.49,4.77%,814
EEVGO,467.88M,-,-5.91%,-4730.75%,-14.18%,2.03,2.03,-,-,16.15%,-26.58%,-13.43%,Aug 05/b,1.49,-0.16%,"1,078"
EEVH,417.19M,-,-22.78%,-78.95%,-37.35%,1.24,1.24,2.53,2.53,11.89%,-1.33%,-24.37%,Aug 06/b,3.69,0.00%,0
EEVHY,-,7.16%,-,-,-,-,-,-,-,-,-,-,-,51.65,0.00%,0
EEVI,237.09M,-,2.09%,4.47%,3.13%,1.64,0.85,0.39,0.42,29.70%,3.52%,1.47%,Sep 08/b,18.41,0.00%,0
EEVIM,-,3.64%,-,-,-,-,-,-,-,-,-,-,-,51.17,0.00%,0
EEVLN,-,6.66%,-,-,-,-,-,-,-,-,-,-,-,48.88,0.00%,0
EEVLU,-,3.64%,-,-,-,-,-,-,-,-,-,-,-,42.50,0.00%,0
EEVLV,918.31M,-,-1.79%,-4.94%,-3.32%,1.18,1.11,0.32,0.35,49.98%,-19.95%,-3.05%,Aug 11/a,5.07,2.84%,423
EEVMN,342.96M,-,-47.55%,-178.03%,-33.28%,11.68,11.68,0.02,0.03,84.62%,-1018.93%,-946.68%,Aug 06/a,9.45,0.00%,0
EEVMO,-,5.12%,-,-,-,-,-,-,-,-,-,-,-,48.86,0.00%,0
EEVMT,-,11.18%,-,-,-,-,-,-,-,-,-,-,-,17.90,0.00%,0
EEVMU,-,0.12%,-,-,-,-,-,-,-,-,-,-,-,38.32,0.00%,0
EEVN,407.61M,5.99%,-,-,-,-,-,-,-,-,-,-,-,10.21,0.00%,0
EEVNT,-,0.40%,-,-,-,-,-,-,-,-,-,-,-,12.24,0.00%,0
EEVO,567.79M,-,-11.74%,-26.25%,-18.65%,2.33,2.21,0.62,0.71,10.47%,-18.62%,-27.53%,Aug 13/b,1.60,3.81%,"15,720"
EEVOX,324.16M,-,-0.17%,-0.17%,-0.09%,3.50,3.50,0.00,0.00,-,-,-,-,10.13,0.00%,0
EEVPF,-,2.62%,-,-,-,-,-,-,-,-,-,-,-,49.31,0.00%,0
EEVR,10.35B,1.32%,17.76%,42.41%,25.81%,2.47,2.47,0.55,0.59,98.79%,22.57%,15.71%,Jul 29/b,269.01,0.00%,0
EEVRG,18.27B,3.50%,2.71%,9.17%,4.11%,0.36,0.21,1.20,1.61,32.48%,25.55%,15.33%,Aug 06/b,79.26,0.00%,0
EEVSB,-,4.53%,-,-,-,-,-,-,-,-,-,-,-,50.82,0.00%,0
EEVSD,-,4.64%,-,-,-,-,-,-,-,-,-,-,-,50.28,0.00%,0
EEVSM,-,3.04%,-,-,-,-,-,-,-,-,-,-,-,49.66,0.00%,0
EEVT,2.12B,6.95%,-,-,-,-,-,-,-,-,-,-,Aug 13/b,28.48,0.00%,1
EEVTC,1.66B,0.72%,4.39%,15.57%,5.15%,1.70,1.70,1.95,2.06,36.81%,19.93%,9.80%,Aug 04/a,27.82,0.00%,0
EEVTL,106.75M,-,1.47%,-,-,0.71,0.71,-,-,-,-,-,Aug 13/b,0.63,0.46%,"1,168"
EEVTR,-,4.88%,-,-,-,-,-,-,-,-,-,-,-,49.39,0.00%,0
EEVUS,-,1.43%,-,-,-,-,-,-,-,-,-,-,-,36.94,0.00%,0
EEVV,1.00B,10.00%,-,-,-,-,-,-,-,-,-,-,-,8.63,0.00%,0
EEVX,-,0.18%,-,-,-,-,-,-,-,-,-,-,-,39.38,0.00%,0
EEVYM,-,5.05%,-,-,-,-,-,-,-,-,-,-,-,48.45,0.00%,0
EEW,50.92B,-,7.16%,9.26%,8.67%,4.52,3.77,0.06,0.07,78.28%,28.53%,15.05%,Jul 23/a,88.34,0.00%,0
EEWA,-,2.92%,-,-,-,-,-,-,-,-,-,-,-,29.04,0.00%,0
EEWAV,130.88M,-,-,-,-,0.80,0.80,-,-,-,-,-,-,9.90,0.00%,0
EEWBC,17.59B,2.49%,1.78%,16.58%,12.11%,0.13,-,0.29,0.45,-,39.68%,30.90%,Jul 21/a,128.37,0.47%,92
EEWC,-,1.24%,-,-,-,-,-,-,-,-,-,-,-,60.57,0.23%,3
EEWD,-,3.47%,-,-,-,-,-,-,-,-,-,-,-,51.76,0.00%,1
EEWG,-,1.96%,-,-,-,-,-,-,-,-,-,-,-,42.41,-0.45%,127
EEWH,-,4.55%,-,-,-,-,-,-,-,-,-,-,-,22.76,0.00%,43
EEWI,-,3.06%,-,-,-,-,-,-,-,-,-,-,-,61.24,0.00%,0
EEWJ,-,3.47%,-,-,-,-,-,-,-,-,-,-,-,98.00,0.04%,"4,191"
EEWJV,-,4.54%,-,-,-,-,-,-,-,-,-,-,-,49.11,0.00%,0
EEWK,-,1.83%,-,-,-,-,-,-,-,-,-,-,-,26.97,0.00%,0
EEWL,-,1.79%,-,-,-,-,-,-,-,-,-,-,-,60.81,0.00%,0
EEWM,-,3.60%,-,-,-,-,-,-,-,-,-,-,-,27.66,0.00%,0
EEWN,-,4.18%,-,-,-,-,-,-,-,-,-,-,-,67.85,0.00%,0
EEWO,-,1.92%,-,-,-,-,-,-,-,-,-,-,-,43.80,0.00%,0
EEWP,-,2.71%,-,-,-,-,-,-,-,-,-,-,-,61.42,0.00%,0
EEWQ,-,2.97%,-,-,-,-,-,-,-,-,-,-,-,44.22,0.00%,0
EEWS,-,3.52%,-,-,-,-,-,-,-,-,-,-,-,33.60,1.33%,30
EEWT,-,0.89%,-,-,-,-,-,-,-,-,-,-,-,114.48,-1.00%,"13,297"
EEWTX,4.89B,-,-36.09%,-38.03%,-43.76%,16.24,16.24,0.01,0.01,-,-,-,Aug 06/b,44.99,0.78%,"5,115"
EEWU,-,3.13%,-,-,-,-,-,-,-,-,-,-,-,47.69,0.00%,210
EEWUS,-,3.07%,-,-,-,-,-,-,-,-,-,-,-,44.36,0.00%,0
EEWV,-,5.66%,-,-,-,-,-,-,-,-,-,-,-,15.93,0.00%,0
EEWW,-,3.34%,-,-,-,-,-,-,-,-,-,-,-,73.70,0.00%,39
EEWX,-,2.52%,-,-,-,-,-,-,-,-,-,-,-,73.16,0.00%,0
EEWY,-,1.09%,-,-,-,-,-,-,-,-,-,-,-,187.68,-0.78%,"344,704"
EEWZ,-,3.58%,-,-,-,-,-,-,-,-,-,-,-,37.81,-0.68%,811
EEWZS,-,3.08%,-,-,-,-,-,-,-,-,-,-,-,13.57,0.00%,0
EEXC,43.04B,4.03%,2.40%,9.71%,3.46%,1.09,0.99,1.71,1.78,27.53%,20.79%,10.99%,Jul 30/b,41.70,-0.67%,"1,212"
EEXE,21.08B,2.53%,9.97%,14.89%,12.04%,0.96,0.96,0.19,0.19,48.69%,21.53%,22.08%,Jul 28/a,91.04,3.87%,413
EEXEL,14.16B,-,33.28%,44.39%,42.82%,3.46,3.38,0.09,0.09,96.48%,40.72%,35.33%,Aug 05/a,57.16,-0.10%,"13,005"
EEXFY,211.55M,-,-8.39%,-11.73%,-11.21%,3.48,3.48,0.04,0.04,47.68%,-8.03%,-11.31%,Aug 06/a,2.32,0.00%,0
EEXG,2.96B,8.20%,-,-,-,-,-,-,-,-,-,-,-,9.66,0.00%,0
EEXI,-,1.09%,-,-,-,-,-,-,-,-,-,-,-,193.91,0.00%,0
EEXK,2.96B,-,5.79%,10.58%,6.86%,1.97,1.65,0.34,0.35,27.64%,26.29%,8.89%,Jul 29/a,9.99,-1.33%,"14,239"
EEXLS,5.35B,-,14.47%,25.94%,26.20%,1.23,1.23,0.10,0.56,35.44%,14.42%,11.17%,Jul 28/a,35.26,0.00%,0
EEXOD,247.97M,-,-19.09%,-36.35%,-43.24%,1.06,1.06,0.00,0.00,35.72%,-50.13%,-79.94%,Aug 10/a,8.21,1.36%,136
EEXOZ,56.99M,-,-115.42%,-187.16%,-231.85%,3.81,3.81,0.20,0.30,-,-,-,Aug 20/a,6.14,0.00%,0
EEXP,5.50B,0.53%,11.02%,27.03%,12.34%,3.23,1.91,1.19,1.21,27.02%,23.21%,17.32%,Jul 29/b,179.14,0.00%,0
EEXPD,24.98B,0.84%,18.52%,42.60%,35.75%,1.46,1.46,0.21,0.27,15.20%,9.90%,7.63%,Aug 04/b,192.15,0.00%,0
EEXPE,33.70B,0.53%,7.27%,199.12%,29.53%,0.80,0.80,4.70,4.70,84.69%,16.64%,12.97%,Aug 05/a,280.80,-0.08%,9
EEXPN,-,-,-,-,-,-,-,-,-,-,-,-,-,25.38,0.00%,0
EEXPO,3.19B,1.85%,15.83%,31.20%,30.83%,1.98,1.98,0.26,0.28,24.60%,20.17%,17.67%,Jul 30/a,67.12,0.00%,0
EEXR,30.33B,4.73%,3.24%,7.07%,3.75%,0.80,0.80,0.92,1.09,34.60%,26.06%,27.74%,Jul 28/a,137.46,0.00%,0
EEXTR,3.01B,-,3.61%,54.64%,16.68%,0.93,0.81,1.85,2.20,60.24%,5.05%,3.28%,Aug 05/b,22.75,0.09%,209
EEXUS,-,0.03%,-,-,-,-,-,-,-,-,-,-,-,28.72,0.00%,0
EEXYN,20.84M,-,-,-,-,1.84,1.56,0.01,0.35,-,-,-,Aug 19/a,2.62,0.00%,0
EEYE,1.29B,-,2.54%,5.75%,3.39%,0.59,0.27,0.65,0.78,54.08%,4.25%,2.47%,Aug 12/b,16.30,-0.91%,7
EEYEG,-,5.01%,-,-,-,-,-,-,-,-,-,-,-,34.15,0.00%,0
EEYES,-,-,-,-,-,-,-,-,-,-,-,-,-,28.90,0.00%,0
EEYLD,-,4.33%,-,-,-,-,-,-,-,-,-,-,-,49.02,0.00%,0
EEYPT,343.12M,-,-115.86%,-148.70%,-164.66%,4.50,4.46,0.12,0.13,-18.29%,-11365.22%,-10994.73%,Aug 06/b,3.98,-1.00%,608
EEZA,-,7.39%,-,-,-,-,-,-,-,-,-,-,-,68.23,0.00%,0
EEZBC,-,-,-,-,-,-,-,-,-,-,-,-,-,49.96,0.00%,0
EEZET,-,-,-,-,-,-,-,-,-,-,-,-,-,20.94,0.00%,0
EEZGO,1.94M,-,-14.63%,-20.36%,-17.21%,3.07,1.52,0.10,0.19,5.15%,-19.79%,-55.05%,-,0.84,-0.01%,177
EEZJ,-,1.73%,-,-,-,-,-,-,-,-,-,-,-,70.11,0.00%,0
EEZM,-,1.24%,-,-,-,-,-,-,-,-,-,-,-,73.65,0.00%,0
EEZMO,-,-,-,-,-,-,-,-,-,-,-,-,-,27.18,0.00%,0
EEZPW,1.85B,-,7.82%,14.69%,8.31%,4.81,3.45,0.64,0.70,56.27%,13.97%,9.99%,Aug 05/a,30.11,0.00%,0
EEZPZ,-,-,-,-,-,-,-,-,-,-,-,-,-,21.88,0.00%,0
EEZRA,4.45M,-,-38.89%,-123.42%,-54.90%,1.63,1.63,0.65,0.79,47.96%,-74.88%,-54.37%,-,2.65,0.00%,0
EEZRO,-,-,-,-,-,-,-,-,-,-,-,-,-,25.48,0.00%,0
EEZU,-,2.67%,-,-,-,-,-,-,-,-,-,-,-,68.99,0.00%,0
FF,52.64B,4.54%,-2.56%,-18.31%,-5.03%,1.09,0.93,3.12,4.57,8.00%,1.98%,-3.93%,Jul 28/a,13.20,0.23%,"21,098"
FFA,3.52B,-,0.66%,1.94%,0.75%,2.53,2.53,1.57,1.58,28.81%,10.89%,1.51%,Aug 06/b,20.49,0.00%,0
FFAAA,-,2.40%,-,-,-,-,-,-,-,-,-,-,-,50.37,0.00%,0
FFAAR,-,9.55%,-,-,-,-,-,-,-,-,-,-,-,32.21,0.00%,0
FFAB,-,1.57%,-,-,-,-,-,-,-,-,-,-,-,102.32,0.00%,0
FFABC,14.78M,-,-77.03%,-298.03%,-80.08%,18.63,18.63,0.00,0.01,-,-,-,-,2.11,-3.21%,297
FFAC,695.66M,-,-2.25%,-2.71%,-5.18%,17.52,17.52,0.08,0.09,-,-,-,Aug 11/a,6.50,4.17%,71
FFACT,260.73M,-,2.08%,2.19%,2.16%,1.69,1.69,0.00,0.00,-,-,-,-,10.72,0.00%,0
FFAD,-,0.10%,-,-,-,-,-,-,-,-,-,-,-,183.73,0.00%,0
FFAF,7.07B,3.18%,4.23%,13.87%,10.11%,1.97,-,0.31,0.31,-,14.42%,9.33%,Jul 22/a,69.26,0.00%,0
FFAI,-,-,-,-,-,-,-,-,-,-,-,-,-,56.96,0.00%,0
FFALN,-,6.62%,-,-,-,-,-,-,-,-,-,-,-,26.56,0.00%,0
FFAMI,5.22M,-,-49.63%,-65.36%,-75.16%,5.64,5.64,0.10,0.15,-6.05%,-428.40%,-494.82%,-,0.14,4.19%,"206,565"
FFAN,-,1.00%,-,-,-,-,-,-,-,-,-,-,-,23.55,0.06%,122
FFANG,52.85B,2.31%,2.05%,3.79%,2.97%,0.47,0.45,0.29,0.33,37.37%,35.05%,8.51%,Aug 03/a,188.73,-0.29%,"1,897"
FFAPR,-,-,-,-,-,-,-,-,-,-,-,-,-,48.06,0.00%,0
FFARX,-,2.78%,-,-,-,-,-,-,-,-,-,-,-,30.03,0.00%,0
FFAS,-,1.58%,-,-,-,-,-,-,-,-,-,-,-,160.04,-1.88%,410
FFAST,57.02B,1.99%,26.23%,34.34%,31.20%,4.18,2.21,0.07,0.11,42.77%,20.29%,15.45%,Oct 14/b,49.69,0.08%,884
FFATE,299.56M,-,-39.89%,-60.75%,-56.20%,4.85,4.85,0.46,0.49,-84.69%,-2058.08%,-1941.09%,Aug 13/b,2.50,-1.19%,5
FFATN,82.09M,-,16.16%,23.26%,17.47%,3.98,3.79,0.18,0.21,76.38%,17.18%,26.87%,Jul 30/a,5.81,0.00%,0
FFAUG,-,-,-,-,-,-,-,-,-,-,-,-,-,58.10,0.00%,0
FFAX,584.56M,13.98%,-,-,-,-,-,-,-,-,-,-,-,14.16,0.00%,0
FFAZ,-,2.87%,-,-,-,-,-,-,-,-,-,-,-,34.87,0.52%,380
FFB,-,1.94%,-,-,-,-,-,-,-,-,-,-,-,45.70,0.00%,0
FFBCG,-,0.04%,-,-,-,-,-,-,-,-,-,-,-,63.78,0.00%,0
FFBCV,-,2.38%,-,-,-,-,-,-,-,-,-,-,-,42.22,0.00%,0
FFBDC,-,11.79%,-,-,-,-,-,-,-,-,-,-,-,17.39,0.00%,0
FFBDT,48.69M,-,-,-,-,0.46,0.41,0.74,8.74,-,-,-,-,0.87,-1.92%,"4,841"
FFBGL,9.00M,-,-,-,-,-,-,-,-,-,-,-,-,0.67,65.14%,"26,586,725"
FFBIN,4.73B,2.61%,2.30%,6.41%,2.91%,2.01,1.05,1.21,1.21,44.88%,15.16%,3.39%,Aug 04/a,39.60,0.00%,0
FFBIO,80.38M,-,46.92%,107.48%,53.19%,3.96,3.83,0.28,0.32,58.88%,-42.86%,150.97%,Aug 13/a,2.41,0.00%,0
FFBIZ,594.99M,1.91%,1.30%,14.74%,10.76%,0.06,-,0.28,0.89,-,22.51%,18.65%,Jul 30/a,71.10,0.00%,0
FFBK,2.69B,1.47%,1.30%,11.08%,8.56%,0.11,-,0.19,0.19,-,26.15%,19.10%,Jul 13/a,53.77,0.32%,123
FFBL,-,1.99%,-,-,-,-,-,-,-,-,-,-,-,33.83,0.95%,"44,121"
FFBLA,259.32M,-,0.23%,0.91%,-0.08%,0.11,-,0.27,0.39,-,4.02%,-0.37%,-,16.26,0.00%,0
FFBLG,9.06M,-,-166.14%,-660.08%,-317.34%,2.64,2.64,0.23,0.31,-,-,-,Jul 31/a,1.36,0.00%,748
FFBNC,2.58B,1.54%,1.03%,8.10%,7.35%,0.06,-,0.05,0.05,-,28.77%,23.09%,Jul 22/a,62.46,-0.46%,"2,331"
FFBND,-,4.77%,-,-,-,-,-,-,-,-,-,-,-,44.33,0.00%,0
FFBOT,-,0.40%,-,-,-,-,-,-,-,-,-,-,-,38.75,0.00%,0
FFBP,4.19B,2.90%,1.95%,19.49%,17.11%,0.05,-,0.10,0.10,-,35.12%,29.21%,Jul 22/b,27.46,0.00%,0
FFBRT,679.31M,9.78%,1.01%,4.00%,1.19%,0.88,0.61,2.50,2.85,93.73%,57.66%,6.08%,Jul 29/a,8.18,6.10%,13
FFBT,-,-,-,-,-,-,-,-,-,-,-,-,-,269.73,0.00%,0
FFBTC,-,-,-,-,-,-,-,-,-,-,-,-,-,74.96,-0.46%,"17,556"
FFBUF,-,0.57%,-,-,-,-,-,-,-,-,-,-,-,33.74,0.00%,0
FFBX,-,-,-,-,-,-,-,-,-,-,-,-,-,45.05,4.83%,5
FFBY,-,46.42%,-,-,-,-,-,-,-,-,-,-,-,9.90,0.20%,"2,243"
FFBYD,823.35M,-,-0.46%,-4.59%,-1.46%,0.66,0.66,0.61,1.24,62.30%,-66.86%,-16.42%,-,6.79,0.00%,0
FFBYY,-,58.73%,-,-,-,-,-,-,-,-,-,-,-,10.84,0.00%,0
FFC,198.09M,-,1.05%,4.03%,5.09%,0.66,0.61,0.00,0.00,72.30%,5.68%,0.83%,Jul 01/a,17.54,0.00%,0
FFCA,-,2.88%,-,-,-,-,-,-,-,-,-,-,-,27.35,0.00%,0
FFCAL,-,3.55%,-,-,-,-,-,-,-,-,-,-,-,47.31,0.00%,0
FFCAP,205.86M,2.03%,1.46%,13.89%,12.95%,0.71,-,0.00,0.00,-,33.25%,26.97%,-,61.55,0.00%,0
FFCBC,889.35M,3.57%,1.75%,11.38%,10.99%,0.28,-,0.00,0.01,-,36.74%,30.38%,Jul 21/a,47.03,0.00%,0
FFCBD,-,4.20%,-,-,-,-,-,-,-,-,-,-,-,25.00,0.00%,0
FFCBM,396.14M,-,-,-,-,0.05,-,0.16,0.28,-,-,-,Jul 30/b,12.75,0.00%,0
FFCCO,314.80M,1.95%,1.05%,12.06%,9.43%,0.13,-,0.07,0.50,-,25.19%,18.32%,Jul 22/b,33.49,0.00%,0
FFCEF,-,5.81%,-,-,-,-,-,-,-,-,-,-,-,23.27,0.00%,0
FFCEL,1.43B,-,-16.35%,-21.21%,-14.82%,8.67,7.77,0.14,0.16,-32.39%,-87.95%,-115.68%,Sep 02/b,17.86,-0.56%,"17,915"
FFCF,2.13B,2.66%,1.38%,10.91%,9.73%,0.04,-,0.10,0.19,-,29.04%,22.65%,Jul 28/a,21.03,0.00%,0
FFCFS,9.37B,0.80%,7.76%,17.40%,7.90%,4.89,3.51,1.12,1.16,51.52%,16.11%,9.42%,Jul 23/b,216.12,0.00%,1
FFCFY,-,1.34%,-,-,-,-,-,-,-,-,-,-,-,30.04,0.00%,0
FFCG,-,2.13%,-,-,-,-,-,-,-,-,-,-,-,29.82,0.00%,0
FFCHL,1.37M,-,-135.25%,-359.49%,-144.61%,3.95,3.95,0.14,0.15,21.17%,-113.43%,-111.89%,-,1.04,0.00%,0
FFCLD,-,0.01%,-,-,-,-,-,-,-,-,-,-,-,45.38,0.00%,0
FFCLO,-,3.15%,-,-,-,-,-,-,-,-,-,-,-,50.58,0.00%,0
FFCN,3.89B,-,7.19%,15.63%,9.87%,2.03,2.03,0.92,0.95,31.76%,9.69%,6.44%,Jul 30/b,140.74,0.00%,0
FFCNCA,27.00B,0.35%,1.01%,10.65%,4.34%,0.20,-,1.48,1.48,-,21.14%,15.75%,Jul 23/b,2426.14,14.35%,3
FFCOM,-,0.91%,-,-,-,-,-,-,-,-,-,-,-,74.43,0.00%,0
FFCOR,-,4.76%,-,-,-,-,-,-,-,-,-,-,-,45.75,0.00%,0
FFCPI,-,1.51%,-,-,-,-,-,-,-,-,-,-,-,56.83,0.00%,0
FFCPT,2.48B,6.52%,4.12%,7.65%,4.34%,0.44,0.44,0.68,0.78,64.68%,55.70%,38.70%,Jul 29/a,22.62,0.00%,0
FFCRS,368.36M,-,4.35%,4.56%,2.28%,0.85,0.85,0.00,0.00,-,-,-,-,10.25,0.00%,0
FFCSH,-,4.27%,-,-,-,-,-,-,-,-,-,-,-,23.82,0.00%,0
FFCTE,-,0.08%,-,-,-,-,-,-,-,-,-,-,-,28.87,0.00%,0
FFCTR,-,0.49%,-,-,-,-,-,-,-,-,-,-,-,38.95,0.00%,0
FFCUS,-,3.26%,-,-,-,-,-,-,-,-,-,-,-,41.73,0.00%,0
FFCUV,4.77M,-,-50.45%,-121.07%,-28.62%,2.44,2.34,1.33,1.36,18.54%,-651.13%,-727.60%,-,4.86,1.46%,5
FFCVT,-,1.12%,-,-,-,-,-,-,-,-,-,-,-,49.64,0.00%,0
FFCX,103.64B,0.83%,5.03%,15.26%,9.99%,2.07,0.92,0.45,0.52,24.55%,22.11%,11.62%,Jul 23/b,72.17,0.01%,"7,180"
FFCXG,-,-,-,-,-,-,-,-,-,-,-,-,-,15.76,0.00%,0
FFDAT,-,5.82%,-,-,-,-,-,-,-,-,-,-,-,22.46,0.00%,0
FFDBC,317.14M,3.15%,1.08%,13.07%,11.51%,0.13,-,0.06,0.54,-,24.69%,21.11%,-,54.60,0.00%,0
FFDCF,-,-,-,-,-,-,-,-,-,-,-,-,-,52.51,0.00%,0
FFDD,-,4.96%,-,-,-,-,-,-,-,-,-,-,-,20.30,0.00%,0
FFDEC,-,-,-,-,-,-,-,-,-,-,-,-,-,56.22,0.00%,0
FFDEM,-,3.18%,-,-,-,-,-,-,-,-,-,-,-,36.59,0.00%,0
FFDEV,-,3.26%,-,-,-,-,-,-,-,-,-,-,-,37.29,0.00%,0
FFDFF,-,0.97%,-,-,-,-,-,-,-,-,-,-,-,36.08,0.00%,0
FFDG,-,-,-,-,-,-,-,-,-,-,-,-,-,135.27,0.00%,0
FFDHY,-,6.54%,-,-,-,-,-,-,-,-,-,-,-,48.69,0.00%,0
FFDIF,-,0.25%,-,-,-,-,-,-,-,-,-,-,-,41.96,0.00%,0
FFDIG,-,1.34%,-,-,-,-,-,-,-,-,-,-,-,46.73,0.00%,0
FFDIQ,-,2.10%,-,-,-,-,-,-,-,-,-,-,-,71.04,0.00%,0
FFDIS,-,0.79%,-,-,-,-,-,-,-,-,-,-,-,97.70,0.00%,0
FFDIV,-,2.46%,-,-,-,-,-,-,-,-,-,-,-,26.89,0.00%,0
FFDL,-,3.63%,-,-,-,-,-,-,-,-,-,-,-,50.90,0.00%,1
FFDLO,-,1.38%,-,-,-,-,-,-,-,-,-,-,-,71.96,0.00%,0
FFDLS,-,0.81%,-,-,-,-,-,-,-,-,-,-,-,42.07,0.00%,0
FFDM,-,1.38%,-,-,-,-,-,-,-,-,-,-,-,90.28,0.00%,0
FFDMM,369.28M,-,-,-,-,0.09,0.09,-,-,-,-,-,-,9.85,0.00%,0
FFDMO,-,0.61%,-,-,-,-,-,-,-,-,-,-,-,96.09,0.00%,0
FFDMT,841.92M,-,-37.09%,-43.25%,-40.58%,8.03,8.03,0.08,0.10,91.17%,-214.24%,-194.74%,Aug 13/a,15.24,0.00%,0
FFDN,-,-,-,-,-,-,-,-,-,-,-,-,-,296.85,0.00%,0
FFDND,-,7.51%,-,-,-,-,-,-,-,-,-,-,-,23.17,0.00%,0
FFDNI,-,1.43%,-,-,-,-,-,-,-,-,-,-,-,26.48,0.00%,0
FFDRR,-,2.00%,-,-,-,-,-,-,-,-,-,-,-,69.95,0.00%,0
FFDRS,-,-,-,-,-,-,-,-,-,-,-,-,-,26.19,0.00%,0
FFDRV,-,1.31%,-,-,-,-,-,-,-,-,-,-,-,16.70,0.28%,2
FFDRX,-,-,-,-,-,-,-,-,-,-,-,-,-,25.56,0.00%,0
FFDS,10.12B,1.58%,13.27%,27.03%,18.44%,0.68,0.68,0.51,0.77,51.38%,30.79%,23.21%,Sep 30/b,284.49,0.14%,9
FFDSB,96.36M,-,0.31%,1.27%,1.28%,14.18,-,0.00,0.00,-,8.54%,6.97%,-,18.41,0.00%,0
FFDT,-,2.74%,-,-,-,-,-,-,-,-,-,-,-,95.81,-0.59%,2
FFDTS,-,2.62%,-,-,-,-,-,-,-,-,-,-,-,71.60,0.00%,0
FFDTX,-,-,-,-,-,-,-,-,-,-,-,-,-,57.79,0.00%,0
FFDUS,767.57M,11.10%,5.60%,10.81%,5.29%,5.37,5.37,0.98,0.98,72.47%,74.43%,47.64%,Aug 06/a,19.30,0.00%,0
FFDV,-,2.78%,-,-,-,-,-,-,-,-,-,-,-,32.45,0.00%,0
FFDVV,-,2.74%,-,-,-,-,-,-,-,-,-,-,-,62.54,0.00%,15
FFDX,70.16B,1.61%,4.75%,14.83%,6.37%,1.48,1.44,1.20,1.36,21.77%,6.99%,4.67%,Jun 24,296.46,0.23%,24
FFDXF,17.57B,-,-,-,-,167.41,167.41,-,-,-,-,-,Jul 29,117.50,-0.09%,11
FFE,26.02B,4.12%,1.93%,8.42%,2.71%,0.54,0.45,2.10,2.24,27.34%,18.57%,6.86%,Jul 28/a,44.97,0.00%,0
FFEAC,-,0.81%,-,-,-,-,-,-,-,-,-,-,-,33.30,0.00%,0
FFEAM,103.29M,-,-61.87%,-67.42%,-66.95%,7.12,7.12,0.00,0.00,-,-,-,May 12/a,2.48,0.00%,0
FFEBM,-,-,-,-,-,-,-,-,-,-,-,-,-,31.70,0.00%,0
FFEBO,1.93M,-,-12.65%,-26.16%,-24.87%,2.07,1.72,0.20,0.40,17.49%,-12.79%,-12.52%,-,0.63,-4.53%,"1,106"
FFEBP,-,-,-,-,-,-,-,-,-,-,-,-,-,35.08,0.00%,0
FFEBT,-,-,-,-,-,-,-,-,-,-,-,-,-,42.40,0.00%,0
FFEBU,-,-,-,-,-,-,-,-,-,-,-,-,-,30.40,0.00%,0
FFEBW,-,-,-,-,-,-,-,-,-,-,-,-,-,36.41,0.00%,0
FFEBZ,-,2.21%,-,-,-,-,-,-,-,-,-,-,-,41.31,0.00%,0
FFECM,-,0.71%,-,-,-,-,-,-,-,-,-,-,-,24.22,0.00%,0
FFEDM,-,2.85%,-,-,-,-,-,-,-,-,-,-,-,65.24,0.00%,0
FFEDU,23.10M,-,4.16%,6.59%,5.29%,1.85,1.85,0.19,0.24,25.79%,2.60%,12.17%,-,10.22,0.00%,0
FFEGE,-,1.14%,-,-,-,-,-,-,-,-,-,-,-,51.64,0.00%,0
FFEIG,-,4.89%,-,-,-,-,-,-,-,-,-,-,-,39.52,0.00%,0
FFEIM,1.00B,-,2.17%,3.04%,2.14%,5.34,4.27,0.04,0.06,38.20%,8.24%,3.68%,Sep 10/a,89.00,0.00%,0
FFELC,-,0.82%,-,-,-,-,-,-,-,-,-,-,-,44.01,0.00%,0
FFELE,4.21B,4.17%,7.45%,11.63%,9.78%,2.41,1.10,0.13,0.22,35.52%,13.10%,7.02%,Jul 28/b,95.21,0.00%,0
FFELG,-,0.34%,-,-,-,-,-,-,-,-,-,-,-,45.42,0.00%,0
FFELV,-,1.40%,-,-,-,-,-,-,-,-,-,-,-,42.28,0.00%,0
FFEM,-,2.14%,-,-,-,-,-,-,-,-,-,-,-,33.36,0.00%,0
FFEMB,-,6.35%,-,-,-,-,-,-,-,-,-,-,-,29.22,0.00%,0
FFEMD,-,-,-,-,-,-,-,-,-,-,-,-,-,34.55,0.00%,0
FFEMG,-,0.18%,-,-,-,-,-,-,-,-,-,-,-,26.22,0.00%,0
FFEMR,-,1.78%,-,-,-,-,-,-,-,-,-,-,-,42.45,0.00%,0
FFEMS,-,4.21%,-,-,-,-,-,-,-,-,-,-,-,45.86,0.00%,0
FFEMV,-,0.59%,-,-,-,-,-,-,-,-,-,-,-,26.83,0.00%,0
FFEMY,21.19M,-,-94.25%,-443.65%,-147.17%,2.14,0.55,1.07,1.19,25.45%,-763.90%,-534.27%,Aug 14/a,2.53,0.00%,0
FFENC,382.58M,-,-5.98%,-20.63%,-8.50%,5.85,5.66,0.00,0.00,93.73%,-2.68%,-6.09%,Aug 11/b,10.91,0.00%,0
FFENG,7.88M,-,1.85%,2.58%,2.43%,2.89,2.89,0.02,0.03,53.69%,-2.95%,3.58%,-,1.46,0.00%,0
FFENI,-,2.99%,-,-,-,-,-,-,-,-,-,-,-,40.70,0.00%,0
FFENY,-,2.28%,-,-,-,-,-,-,-,-,-,-,-,34.46,0.00%,0
FFEOE,-,1.35%,-,-,-,-,-,-,-,-,-,-,-,54.83,0.00%,0
FFEP,-,2.71%,-,-,-,-,-,-,-,-,-,-,-,58.96,0.00%,0
FFEPI,-,23.25%,-,-,-,-,-,-,-,-,-,-,-,43.44,0.00%,612
FFER,40.59B,2.04%,2.22%,10.25%,3.86%,1.20,1.09,1.80,1.86,10.42%,10.42%,6.15%,Jul 28/a,55.96,0.02%,783
FFERA,329.08M,-,2.19%,2.33%,2.30%,0.07,0.07,0.00,0.00,-,-,-,-,10.52,0.00%,0
FFERG,41.81B,1.49%,12.22%,37.47%,18.01%,1.73,0.93,0.96,1.11,29.98%,9.64%,6.77%,Aug 10/b,216.14,0.00%,5
FFESC,-,-,-,-,-,-,-,-,-,-,-,-,-,23.05,0.00%,0
FFESM,-,0.86%,-,-,-,-,-,-,-,-,-,-,-,45.86,0.00%,0
FFET,899.46M,-,-0.20%,-0.51%,-0.31%,2.19,1.13,0.78,0.79,28.04%,4.09%,-0.19%,Jul 30/a,78.40,-3.04%,4
FFETH,-,-,-,-,-,-,-,-,-,-,-,-,-,27.36,-0.61%,"2,363"
FFEUS,-,0.98%,-,-,-,-,-,-,-,-,-,-,-,84.32,0.00%,0
FFEUZ,-,2.68%,-,-,-,-,-,-,-,-,-,-,-,66.95,0.00%,0
FFEX,-,0.96%,-,-,-,-,-,-,-,-,-,-,-,135.39,0.00%,0
FFEZ,-,2.66%,-,-,-,-,-,-,-,-,-,-,-,68.88,-0.13%,7
FFF,237.74M,2.58%,-14.10%,-18.44%,-19.92%,4.06,2.64,0.00,0.00,-5.05%,-14.77%,-19.94%,Aug 10/a,5.42,0.00%,0
FFFA,462.12M,6.71%,-,-,-,-,-,-,-,-,-,-,-,23.12,0.00%,0
FFFAI,9.79M,-,-97.31%,-2030.50%,-305.75%,0.38,0.36,-,-,-4750.53%,-10533.42%,-21852.64%,Aug 13/a,1.64,0.61%,"13,385"
FFFBC,3.33B,3.21%,1.39%,10.29%,8.32%,0.11,-,0.15,0.35,-,26.06%,20.77%,Jul 21/a,31.74,0.00%,0
FFFC,748.20M,7.73%,-,-,-,-,-,-,-,-,-,-,-,15.53,0.00%,0
FFFDI,-,2.12%,-,-,-,-,-,-,-,-,-,-,-,32.46,0.00%,0
FFFEB,-,-,-,-,-,-,-,-,-,-,-,-,-,62.85,0.00%,0
FFFEM,-,1.48%,-,-,-,-,-,-,-,-,-,-,-,43.46,0.00%,0
FFFF,-,-,-,-,-,-,-,-,-,-,-,-,-,27.46,0.00%,0
FFFGX,-,1.64%,-,-,-,-,-,-,-,-,-,-,-,34.72,0.00%,0
FFFIN,4.69B,2.59%,1.81%,14.41%,13.33%,0.16,-,0.01,0.04,-,37.86%,31.02%,Jul 16/a,32.74,0.00%,0
FFFIU,-,4.19%,-,-,-,-,-,-,-,-,-,-,-,21.20,0.00%,0
FFFIV,25.20B,-,11.23%,19.83%,17.83%,1.64,1.57,0.06,0.07,80.60%,24.96%,21.95%,Jul 27/a,445.00,-1.13%,624
FFFLC,-,1.00%,-,-,-,-,-,-,-,-,-,-,-,60.09,0.00%,0
FFFLG,-,0.07%,-,-,-,-,-,-,-,-,-,-,-,34.32,0.00%,0
FFFLS,-,0.13%,-,-,-,-,-,-,-,-,-,-,-,23.38,0.00%,0
FFFLV,-,1.32%,-,-,-,-,-,-,-,-,-,-,-,28.38,0.00%,0
FFFLX,-,0.51%,-,-,-,-,-,-,-,-,-,-,-,9.56,0.00%,0
FFFND,-,0.59%,-,-,-,-,-,-,-,-,-,-,-,32.84,0.00%,0
FFFOG,-,-,-,-,-,-,-,-,-,-,-,-,-,51.98,0.00%,0
FFFOX,-,0.01%,-,-,-,-,-,-,-,-,-,-,-,28.48,0.00%,0
FFFSM,-,0.48%,-,-,-,-,-,-,-,-,-,-,-,34.74,0.00%,0
FFFTY,-,1.32%,-,-,-,-,-,-,-,-,-,-,-,35.51,0.00%,0
FFFUT,-,0.67%,-,-,-,-,-,-,-,-,-,-,-,64.90,0.00%,0
FFG,2.99B,4.37%,0.53%,9.24%,6.44%,0.08,-,0.41,0.49,-,11.16%,6.62%,Aug 05/a,22.86,0.00%,0
FFGBI,140.42M,0.47%,-0.93%,-14.84%,-8.95%,0.36,-,0.79,0.82,-,-14.02%,-18.05%,Jul 28/b,8.49,0.00%,0
FFGD,-,4.96%,-,-,-,-,-,-,-,-,-,-,-,34.97,0.00%,0
FFGDL,-,-,-,-,-,-,-,-,-,-,-,-,-,57.80,0.00%,0
FFGI,16.78M,-,-5.67%,-20.60%,-15.21%,1.18,0.90,0.52,1.39,26.51%,0.33%,-3.07%,Aug 12/a,8.69,0.80%,36
FFGII,347.31M,-,-,-,1.43%,820.47,820.47,0.00,0.00,-,-,-,-,10.03,0.00%,0
FFGL,0.31M,-,-,-,-,-,-,-,-,-,-,-,-,4.20,3.19%,711
FFGM,-,1.43%,-,-,-,-,-,-,-,-,-,-,-,61.81,0.00%,0
FFGNX,37.43M,-,-140.45%,-170.67%,-173.65%,6.80,6.80,0.00,0.03,-,517.71%,573.40%,Aug 13,7.95,0.00%,0
FFGRU,-,-,-,-,-,-,-,-,-,-,-,-,-,11.54,0.00%,0
FFGSI,-,8.27%,-,-,-,-,-,-,-,-,-,-,-,20.59,0.00%,0
FFGSM,-,1.28%,-,-,-,-,-,-,-,-,-,-,-,34.97,0.00%,0
FFHB,3.10B,4.08%,1.20%,10.32%,10.08%,0.08,-,0.00,0.00,-,31.73%,24.31%,Jul 24/b,25.50,0.00%,0
FFHDG,-,-,-,-,-,-,-,-,-,-,-,-,-,37.37,0.00%,0
FFHEQ,-,0.58%,-,-,-,-,-,-,-,-,-,-,-,34.11,0.00%,0
FFHI,4.34B,2.59%,17.55%,33.23%,23.34%,2.59,2.59,0.34,0.36,73.88%,27.98%,20.22%,Jul 30/a,58.18,0.00%,0
FFHIL,-,-,-,-,-,-,-,-,-,-,-,-,-,24.41,0.00%,0
FFHLC,-,1.24%,-,-,-,-,-,-,-,-,-,-,-,81.95,0.00%,0
FFHN,11.35B,2.77%,1.27%,11.65%,10.07%,0.23,-,0.14,0.47,-,27.37%,20.56%,Jul 15/b,23.96,0.13%,105
FFHTX,246.45M,-,-30.06%,-,-,3.36,3.36,-,-,94.18%,-186.38%,-175.78%,Aug 06/b,4.15,0.00%,0
FFHYS,-,6.04%,-,-,-,-,-,-,-,-,-,-,-,22.89,0.00%,0
FFIAT,-,126.65%,-,-,-,-,-,-,-,-,-,-,-,14.83,1.51%,"2,356"
FFIAX,-,8.33%,-,-,-,-,-,-,-,-,-,-,-,17.07,0.00%,0
FFIBK,3.50B,5.11%,1.21%,9.62%,8.96%,0.11,-,0.09,0.23,-,29.41%,23.97%,Jul 23/a,36.76,-0.19%,1
FFICO,19.97B,-,41.80%,-,67.87%,1.18,1.18,-,-,85.10%,52.11%,34.05%,Jul 29/a,924.52,0.00%,0
FFICS,-,1.86%,-,-,-,-,-,-,-,-,-,-,-,41.19,0.00%,0
FFID,-,3.98%,-,-,-,-,-,-,-,-,-,-,-,22.92,0.00%,0
FFIDI,-,4.28%,-,-,-,-,-,-,-,-,-,-,-,28.73,0.00%,0
FFIDU,-,0.92%,-,-,-,-,-,-,-,-,-,-,-,90.26,0.00%,0
FFIEE,32.49M,-,41.10%,64.02%,40.34%,2.84,2.84,0.00,0.00,81.87%,42.98%,26.52%,Aug 14/a,3.81,0.00%,0
FFIG,12.00B,-,-71.96%,-108.64%,-102.68%,2.45,2.45,0.04,0.05,79.14%,-123.84%,-123.15%,Aug 05/a,22.52,0.84%,"49,913"
FFIGB,-,4.18%,-,-,-,-,-,-,-,-,-,-,-,41.73,0.00%,0
FFIGG,-,-,-,-,-,-,-,-,-,-,-,-,-,17.88,2.35%,788
FFIGR,7.89B,-,11.05%,26.22%,13.69%,1.40,1.40,0.23,1.04,82.68%,42.11%,32.72%,Aug 13/b,35.17,-0.34%,"4,935"
FFIGS,2.18B,-,11.26%,14.76%,12.61%,4.96,3.65,0.11,0.13,67.40%,9.60%,8.72%,Aug 06/a,13.13,0.00%,0
FFIGX,200.06M,-,3.39%,3.55%,3.49%,5.35,5.35,0.00,0.00,-,-,-,-,10.32,0.00%,0
FFIIG,-,4.81%,-,-,-,-,-,-,-,-,-,-,-,20.15,0.00%,0
FFIMU,-,0.65%,-,-,-,-,-,-,-,-,-,-,-,19.37,0.00%,0
FFINA,-,0.17%,-,-,-,-,-,-,-,-,-,-,-,25.95,0.00%,0
FFINS,-,11.36%,-,-,-,-,-,-,-,-,-,-,-,12.15,0.00%,0
FFINT,-,1.83%,-,-,-,-,-,-,-,-,-,-,-,36.98,0.00%,0
FFINV,422.34M,9.13%,7.33%,11.68%,10.36%,3.98,3.98,0.07,0.09,76.52%,17.92%,14.49%,Aug 27/a,3.25,0.00%,0
FFINW,170.20M,-,1.49%,6.93%,6.63%,0.38,-,0.00,0.00,-,8.51%,6.58%,Jul 29/a,12.26,0.00%,0
FFINX,-,0.82%,-,-,-,-,-,-,-,-,-,-,-,25.99,-0.01%,"1,968"
FFINY,-,7.43%,-,-,-,-,-,-,-,-,-,-,-,25.79,0.00%,0
FFIP,362.82M,3.91%,-8.29%,-48.02%,-13.02%,0.27,0.27,2.91,3.50,13.22%,11.04%,-91.29%,Aug 05/a,3.07,0.00%,0
FFIRY,177.86M,-,-23.59%,-62.95%,-80.81%,1.03,1.03,0.04,1.57,87.76%,-59.82%,-60.23%,Aug 13/a,10.70,0.00%,0
FFIS,18.16B,5.15%,8.70%,22.33%,10.71%,0.53,0.53,0.96,1.33,35.95%,22.98%,27.64%,Aug 04/b,35.21,0.06%,431
FFISI,794.76M,3.17%,1.32%,13.27%,10.98%,0.07,-,0.17,0.45,-,26.32%,21.60%,Jul 23/a,40.33,0.00%,0
FFISN,460.64M,-,-,-,-107.53%,11.47,11.47,0.00,0.00,-,-,-,Sep 02,7.82,0.00%,0
FFISR,-,4.31%,-,-,-,-,-,-,-,-,-,-,-,24.92,0.00%,0
FFISV,24.83B,-,3.45%,10.75%,5.23%,1.04,1.04,0.99,1.04,56.38%,21.57%,13.42%,Aug 06/b,46.70,0.49%,"6,742"
FFITB,48.62B,3.04%,0.92%,8.44%,4.50%,0.13,-,0.51,0.65,-,19.70%,14.44%,Jul 17/b,53.61,0.56%,"3,571"
FFITE,-,0.11%,-,-,-,-,-,-,-,-,-,-,-,112.65,0.00%,0
FFITZ,-,0.22%,-,-,-,-,-,-,-,-,-,-,-,25.90,0.00%,0
FFIVA,-,2.76%,-,-,-,-,-,-,-,-,-,-,-,39.18,0.00%,0
FFIVE,13.00B,-,12.53%,28.25%,14.72%,2.22,1.29,0.70,0.82,36.49%,14.75%,11.65%,Sep 02/a,236.14,0.00%,0
FFIVN,2.80B,-,3.36%,7.92%,3.79%,3.74,3.74,1.00,1.03,54.09%,6.05%,4.94%,Aug 06/a,37.46,1.22%,"1,680"
FFIW,-,0.74%,-,-,-,-,-,-,-,-,-,-,-,105.39,0.00%,0
FFIX,57.56B,0.20%,21.17%,55.29%,40.46%,1.21,1.19,0.10,0.11,25.08%,16.45%,12.78%,Jul 23/a,1635.46,0.18%,287
FFIXD,-,4.85%,-,-,-,-,-,-,-,-,-,-,-,42.38,0.00%,0
FFIXP,-,5.26%,-,-,-,-,-,-,-,-,-,-,-,19.52,0.00%,0
FFIXT,-,5.70%,-,-,-,-,-,-,-,-,-,-,-,36.66,0.00%,0
FFIXX,-,-,-,-,-,-,-,-,-,-,-,-,-,12.68,0.00%,0
FFIYY,-,1.50%,-,-,-,-,-,-,-,-,-,-,-,24.79,0.00%,0
FFIZY,-,1.32%,-,-,-,-,-,-,-,-,-,-,-,26.19,0.00%,0
FFIZZ,2.94B,10.35%,26.50%,40.12%,42.45%,2.39,1.66,0.12,0.16,36.04%,18.28%,14.81%,Sep 10/a,31.39,0.00%,0
FFJAN,-,-,-,-,-,-,-,-,-,-,-,-,-,56.87,0.00%,0
FFJDIU,110.71M,-,-,-,-,0.06,0.06,-,-,-,-,-,-,10.01,0.00%,0
FFJET,110.54M,-,-92.27%,-,-92.97%,11.94,11.94,0.01,0.02,-,-,-,-,2.01,2.03%,"2,128"
FFJP,-,2.47%,-,-,-,-,-,-,-,-,-,-,-,78.21,0.00%,0
FFJUL,-,-,-,-,-,-,-,-,-,-,-,-,-,61.68,0.00%,0
FFJUN,-,-,-,-,-,-,-,-,-,-,-,-,-,61.61,0.00%,0
FFKU,-,3.67%,-,-,-,-,-,-,-,-,-,-,-,55.38,0.00%,0
FFKWL,28.52M,-,-1.45%,-2.11%,-2.12%,3.38,2.77,0.02,0.03,19.22%,-6.25%,-2.07%,-,2.42,0.00%,0
FFLAG,-,2.03%,-,-,-,-,-,-,-,-,-,-,-,27.99,0.00%,0
FFLAO,-,-,-,-,-,-,-,-,-,-,-,-,-,28.70,0.00%,0
FFLAU,-,3.07%,-,-,-,-,-,-,-,-,-,-,-,34.73,0.00%,0
FFLAX,-,1.96%,-,-,-,-,-,-,-,-,-,-,-,37.64,0.00%,0
FFLBL,-,7.46%,-,-,-,-,-,-,-,-,-,-,-,23.03,0.00%,0
FFLBR,-,5.44%,-,-,-,-,-,-,-,-,-,-,-,23.80,0.00%,0
FFLC,168.56M,7.67%,-,-,-,-,-,-,-,-,-,-,-,16.12,0.00%,0
FFLCA,-,1.71%,-,-,-,-,-,-,-,-,-,-,-,53.96,0.00%,0
FFLCB,-,4.43%,-,-,-,-,-,-,-,-,-,-,-,20.79,0.00%,0
FFLCC,-,0.45%,-,-,-,-,-,-,-,-,-,-,-,36.84,0.00%,0
FFLCE,-,0.31%,-,-,-,-,-,-,-,-,-,-,-,32.03,0.00%,0
FFLCG,-,0.04%,-,-,-,-,-,-,-,-,-,-,-,35.94,0.00%,0
FFLCH,-,2.40%,-,-,-,-,-,-,-,-,-,-,-,21.33,0.00%,0
FFLCO,-,4.83%,-,-,-,-,-,-,-,-,-,-,-,20.77,0.00%,0
FFLCV,-,0.70%,-,-,-,-,-,-,-,-,-,-,-,36.89,0.00%,0
FFLD,32.34M,-,-62.20%,-121.82%,-233.45%,1.84,1.80,0.00,0.40,35.33%,-10.15%,-258.60%,Aug 11/a,0.59,0.00%,0
FFLDB,-,4.34%,-,-,-,-,-,-,-,-,-,-,-,50.28,0.00%,0
FFLDR,-,4.20%,-,-,-,-,-,-,-,-,-,-,-,50.01,0.00%,0
FFLDZ,-,1.53%,-,-,-,-,-,-,-,-,-,-,-,28.99,0.00%,0
FFLEE,-,3.14%,-,-,-,-,-,-,-,-,-,-,-,38.93,0.00%,0
FFLEL,-,-,-,-,-,-,-,-,-,-,-,-,-,12.37,0.00%,0
FFLEU,-,2.69%,-,-,-,-,-,-,-,-,-,-,-,35.64,0.00%,0
FFLEX,40.63B,-,4.39%,18.38%,8.51%,1.38,0.89,1.08,1.08,9.29%,5.58%,3.32%,Jul 29/b,110.00,-1.44%,"2,812"
FFLG,5.22B,0.32%,0.05%,0.59%,0.33%,0.33,-,0.81,1.39,-,2.66%,0.34%,Jul 24/b,12.58,-0.08%,84
FFLGB,-,2.88%,-,-,-,-,-,-,-,-,-,-,-,36.75,0.00%,0
FFLGR,-,3.34%,-,-,-,-,-,-,-,-,-,-,-,33.15,0.00%,0
FFLGT,592.68M,-,-7.37%,-7.97%,-8.37%,6.34,6.33,0.01,0.01,32.90%,-36.06%,-26.05%,Jul 30/a,21.54,0.00%,0
FFLGV,-,4.28%,-,-,-,-,-,-,-,-,-,-,-,19.72,0.00%,0
FFLHY,-,6.56%,-,-,-,-,-,-,-,-,-,-,-,23.86,0.00%,0
FFLIA,-,3.02%,-,-,-,-,-,-,-,-,-,-,-,20.14,0.00%,0
FFLIN,-,0.44%,-,-,-,-,-,-,-,-,-,-,-,34.90,0.00%,0
FFLJH,-,4.09%,-,-,-,-,-,-,-,-,-,-,-,46.43,0.00%,0
FFLJJ,-,-,-,-,-,-,-,-,-,-,-,-,-,34.59,0.00%,0
FFLJP,-,4.06%,-,-,-,-,-,-,-,-,-,-,-,41.61,0.00%,0
FFLKR,-,2.40%,-,-,-,-,-,-,-,-,-,-,-,61.44,-0.94%,"2,032"
FFLL,71.09M,-,-5.76%,-936.37%,-7.27%,0.62,0.59,-,-,37.68%,2.42%,-12.06%,Aug 06/a,1.94,0.00%,0
FFLLA,-,4.64%,-,-,-,-,-,-,-,-,-,-,-,28.08,0.00%,0
FFLMB,-,4.26%,-,-,-,-,-,-,-,-,-,-,-,22.63,0.00%,0
FFLMI,-,4.12%,-,-,-,-,-,-,-,-,-,-,-,23.86,0.00%,0
FFLMX,-,3.96%,-,-,-,-,-,-,-,-,-,-,-,35.83,0.00%,0
FFLN,-,3.32%,-,-,-,-,-,-,-,-,-,-,-,26.53,0.00%,0
FFLNA,35.26M,-,-35.34%,-55.78%,-66.47%,2.08,2.08,0.00,0.00,-,-,-,Jul 29/b,0.73,-1.28%,4
FFLNC,1.36B,-,-3.45%,-20.72%,-10.40%,1.34,0.76,1.08,1.11,8.76%,-3.74%,-3.07%,Aug 05/a,7.37,-0.28%,"74,358"
FFLNG,1.70B,9.35%,3.96%,14.03%,4.31%,2.69,2.64,2.40,2.55,51.67%,49.46%,28.50%,Aug 19/b,32.07,0.00%,0
FFLNT,110.62M,-,-31.02%,-170.46%,-156.41%,0.88,0.88,0.83,4.27,22.44%,-8.14%,-11.48%,Aug 10/a,3.50,0.00%,0
FFLO,1.26B,10.40%,1.29%,4.01%,1.93%,0.77,0.47,1.15,1.52,45.43%,6.29%,1.06%,Aug 20/a,5.96,0.00%,0
FFLOC,1.80B,2.29%,2.82%,19.29%,7.25%,2.67,1.33,0.88,0.94,33.15%,18.95%,6.07%,Aug 11/b,19.87,0.00%,0
FFLOT,-,4.33%,-,-,-,-,-,-,-,-,-,-,-,51.02,0.00%,101
FFLOW,-,1.81%,-,-,-,-,-,-,-,-,-,-,-,42.77,0.00%,0
FFLQL,-,1.05%,-,-,-,-,-,-,-,-,-,-,-,79.32,0.00%,0
FFLQM,-,1.67%,-,-,-,-,-,-,-,-,-,-,-,58.94,0.00%,0
FFLQS,-,1.54%,-,-,-,-,-,-,-,-,-,-,-,47.61,0.00%,0
FFLR,7.41B,-,-20.66%,-46.23%,-53.11%,1.80,1.80,0.40,0.40,-0.80%,-2.15%,-12.85%,Aug 07/b,55.41,1.23%,208
FFLRG,-,1.40%,-,-,-,-,-,-,-,-,-,-,-,42.00,0.00%,0
FFLRN,-,4.31%,-,-,-,-,-,-,-,-,-,-,-,30.81,0.00%,0
FFLRT,-,6.74%,-,-,-,-,-,-,-,-,-,-,-,46.86,0.00%,0
FFLS,9.49B,1.17%,6.19%,16.56%,8.20%,2.15,1.58,1.00,1.03,35.80%,13.02%,8.01%,Jul 29/a,74.67,0.00%,0
FFLSA,-,3.10%,-,-,-,-,-,-,-,-,-,-,-,32.09,0.00%,0
FFLSP,-,2.47%,-,-,-,-,-,-,-,-,-,-,-,28.87,0.00%,0
FFLSW,-,2.35%,-,-,-,-,-,-,-,-,-,-,-,42.11,0.00%,0
FFLTB,-,4.43%,-,-,-,-,-,-,-,-,-,-,-,49.49,0.00%,0
FFLTR,-,4.49%,-,-,-,-,-,-,-,-,-,-,-,25.59,0.00%,0
FFLTW,-,1.47%,-,-,-,-,-,-,-,-,-,-,-,111.46,0.00%,0
FFLUD,-,4.05%,-,-,-,-,-,-,-,-,-,-,-,24.96,0.00%,0
FFLUT,15.18B,-,-2.60%,-7.95%,-3.58%,0.89,0.89,1.41,1.44,42.46%,2.84%,-4.39%,Aug 05/b,87.50,0.74%,8
FFLUX,11.46M,-,-25.27%,-5240.66%,-193.40%,1.03,0.30,0.50,3.32,28.23%,-15.37%,-17.68%,Aug 20/a,0.53,-2.00%,343
FFLV,-,1.68%,-,-,-,-,-,-,-,-,-,-,-,84.49,0.00%,0
FFLWS,180.36M,-,-18.00%,-65.43%,-38.36%,0.92,0.26,1.45,1.73,34.43%,-5.04%,-8.96%,Sep 10/b,2.81,9.34%,294
FFLX,39.30M,-,-1.11%,-1.70%,-1.71%,2.41,2.41,0.01,0.03,10.84%,0.91%,-0.34%,Aug 20/b,0.75,-5.76%,954
FFLXI,-,3.11%,-,-,-,-,-,-,-,-,-,-,-,47.49,0.00%,0
FFLXN,-,8.95%,-,-,-,-,-,-,-,-,-,-,-,24.70,0.00%,0
FFLXR,-,6.18%,-,-,-,-,-,-,-,-,-,-,-,38.33,0.00%,0
FFLXS,332.09M,1.05%,12.35%,21.99%,18.72%,2.09,0.90,0.33,0.39,24.70%,9.27%,7.21%,Aug 17/a,81.16,0.00%,0
FFLY,3.83B,-,-34.52%,-56.87%,-28.74%,2.73,2.73,0.03,0.04,16.49%,-116.40%,-129.06%,Aug 11/a,22.89,0.28%,"3,265"
FFLYD,-,-,-,-,-,-,-,-,-,-,-,-,-,53.62,0.00%,0
FFLYE,2.40M,-,-35.09%,-80.94%,-60.72%,2.02,1.67,0.34,0.74,15.61%,-51.38%,-67.88%,-,1.47,0.00%,0
FFLYT,-,-,-,-,-,-,-,-,-,-,-,-,-,5.28,-2.58%,812
FFLYU,-,-,-,-,-,-,-,-,-,-,-,-,-,36.01,0.00%,0
FFLYW,2.08B,-,2.99%,4.23%,4.17%,1.52,1.52,0.00,0.00,55.26%,5.94%,4.77%,Aug 04/a,17.12,0.00%,0
FFLYX,125.56M,-,-4.83%,-,-,0.22,0.20,-,-,12.58%,-8.79%,-7.35%,Aug 12/b,1.23,-0.81%,"20,614"
FFMAC,159.07M,-,-,-,-,37.47,37.47,0.00,0.00,-,-,-,-,10.09,0.00%,0
FFMAG,-,0.00%,-,-,-,-,-,-,-,-,-,-,-,36.36,0.00%,0
FFMAO,488.81M,2.64%,1.15%,10.75%,6.72%,0.12,-,0.53,0.57,-,26.19%,20.23%,Jul 27/a,35.49,0.00%,0
FFMAR,-,-,-,-,-,-,-,-,-,-,-,-,-,53.71,0.00%,0
FFMAT,-,1.43%,-,-,-,-,-,-,-,-,-,-,-,57.28,0.69%,1
FFMAY,-,-,-,-,-,-,-,-,-,-,-,-,-,57.82,0.00%,0
FFMB,-,3.74%,-,-,-,-,-,-,-,-,-,-,-,49.02,0.00%,0
FFMBH,1.32B,2.06%,1.19%,10.05%,7.35%,0.11,-,0.24,0.44,-,25.45%,19.78%,Jul 23/b,49.68,0.00%,0
FFMC,1.29B,3.46%,-25.12%,-89.27%,-48.54%,1.99,1.48,2.47,2.69,33.06%,-1.89%,-84.88%,Jul 29/a,10.28,0.00%,0
FFMCE,-,0.67%,-,-,-,-,-,-,-,-,-,-,-,28.77,0.00%,0
FFMCX,-,0.29%,-,-,-,-,-,-,-,-,-,-,-,36.71,0.00%,0
FFMDE,-,1.05%,-,-,-,-,-,-,-,-,-,-,-,41.07,0.00%,0
FFMED,-,-,-,-,-,-,-,-,-,-,-,-,-,31.93,0.00%,0
FFMET,-,0.68%,-,-,-,-,-,-,-,-,-,-,-,39.90,0.00%,0
FFMF,-,4.83%,-,-,-,-,-,-,-,-,-,-,-,52.23,0.00%,0
FFMFC,3.57M,-,2.22%,5.59%,2.93%,2.61,1.80,0.00,0.01,18.73%,1.88%,1.38%,-,0.20,-4.27%,633
FFMHI,-,4.51%,-,-,-,-,-,-,-,-,-,-,-,46.20,0.00%,0
FFMKT,-,2.07%,-,-,-,-,-,-,-,-,-,-,-,22.46,0.00%,0
FFMN,81.47M,5.18%,-,-,-,-,-,-,-,-,-,-,-,10.42,0.00%,0
FFMNB,902.15M,6.65%,1.08%,10.87%,7.47%,0.10,-,0.13,0.60,-,27.55%,20.51%,Jul 22/b,15.23,-0.58%,1
FFMNY,-,3.92%,-,-,-,-,-,-,-,-,-,-,-,25.42,0.00%,0
FFMQQ,-,0.68%,-,-,-,-,-,-,-,-,-,-,-,12.49,0.00%,0
FFMS,11.83B,3.72%,3.02%,7.30%,4.51%,1.07,0.75,0.69,0.87,26.36%,10.90%,4.82%,Aug 03/a,22.22,0.00%,0
FFMST,12.49M,-,-23.95%,-25.91%,-24.42%,1.84,1.84,0.00,0.00,-,-,-,-,0.72,0.00%,0
FFMTL,-,1.48%,-,-,-,-,-,-,-,-,-,-,-,35.86,0.00%,0
FFMTM,-,0.25%,-,-,-,-,-,-,-,-,-,-,-,38.74,-0.22%,12
FFMUB,-,3.64%,-,-,-,-,-,-,-,-,-,-,-,49.43,0.00%,0
FFMUN,-,3.44%,-,-,-,-,-,-,-,-,-,-,-,48.02,0.00%,0
FFMX,24.15B,6.44%,4.00%,14.16%,6.80%,1.14,0.85,1.08,1.51,40.50%,8.58%,3.61%,Jul 28/b,119.86,0.00%,0
FFMY,48.54M,6.77%,-,-,-,-,-,-,-,-,-,-,-,11.52,0.00%,0
FFN,14.32B,-,14.03%,21.33%,19.25%,2.25,1.52,0.00,0.00,12.06%,10.06%,10.19%,Aug 17/a,399.52,-0.51%,"2,642"
FFNB,6.32B,2.86%,1.20%,9.05%,6.65%,0.08,-,0.33,0.73,-,26.38%,22.39%,Jul 16/a,17.90,-0.06%,329
FFNCL,-,1.63%,-,-,-,-,-,-,-,-,-,-,-,79.35,0.00%,8
FFND,5.03B,-,4.17%,9.69%,5.34%,1.33,0.45,0.74,0.81,39.75%,6.56%,4.93%,Jul 30/a,47.25,0.00%,0
FFNDA,-,1.16%,-,-,-,-,-,-,-,-,-,-,-,35.94,0.00%,0
FFNDB,-,1.41%,-,-,-,-,-,-,-,-,-,-,-,31.40,0.00%,0
FFNDC,-,3.55%,-,-,-,-,-,-,-,-,-,-,-,50.80,0.00%,0
FFNDE,-,3.46%,-,-,-,-,-,-,-,-,-,-,-,42.94,0.00%,0
FFNDF,-,2.83%,-,-,-,-,-,-,-,-,-,-,-,57.90,4.91%,"1,032"
FFNDX,-,1.43%,-,-,-,-,-,-,-,-,-,-,-,32.28,0.00%,0
FFNF,11.39B,4.82%,0.86%,10.05%,6.33%,-,-,0.64,0.64,-,12.93%,5.03%,Aug 05/a,42.46,0.00%,0
FFNG,-,-,-,-,-,-,-,-,-,-,-,-,-,4.61,-2.41%,"1,364"
FFNGD,-,-,-,-,-,-,-,-,-,-,-,-,-,23.71,-0.29%,"2,339"
FFNGG,-,0.58%,-,-,-,-,-,-,-,-,-,-,-,283.10,0.00%,0
FFNGO,-,-,-,-,-,-,-,-,-,-,-,-,-,162.39,0.00%,0
FFNGR,10.84M,-,-11.89%,-47.25%,-52.25%,1.09,1.05,0.00,0.29,1.30%,-42.18%,-42.82%,-,0.14,0.42%,"90,861"
FFNGS,-,-,-,-,-,-,-,-,-,-,-,-,-,83.20,0.02%,289
FFNGU,-,-,-,-,-,-,-,-,-,-,-,-,-,36.06,0.56%,"39,329"
FFNK,-,1.47%,-,-,-,-,-,-,-,-,-,-,-,61.47,0.00%,0
FFNKO,304.55M,-,-0.29%,-1.07%,-0.48%,1.16,0.79,1.20,1.39,38.49%,2.75%,-0.21%,Aug 06/a,5.43,0.00%,0
FFNLC,392.63M,4.28%,1.18%,13.54%,11.51%,0.02,-,0.12,0.73,-,25.66%,21.12%,Jul 22/a,34.80,0.00%,0
FFNOV,-,-,-,-,-,-,-,-,-,-,-,-,-,60.32,0.00%,0
FFNRN,283.15M,-,1.19%,10.98%,10.18%,0.21,-,0.02,0.03,-,32.15%,24.79%,Apr 29/a,17.27,0.00%,0
FFNUC,54.56M,-,-,-,-,2.16,2.16,0.07,0.12,-,-,-,-,1.51,0.00%,0
FFNV,50.45B,0.67%,18.54%,19.91%,17.93%,9.38,9.37,0.00,0.00,77.30%,75.38%,63.85%,Aug 11/a,261.60,-0.03%,174
FFNWB,97.11M,-,0.07%,0.97%,0.87%,0.07,-,0.09,2.08,-,0.69%,1.32%,Jul 29/b,10.21,0.00%,0
FFNWD,182.81M,1.14%,0.48%,5.90%,4.53%,0.07,-,0.22,0.61,-,10.51%,9.66%,Jul 28/a,42.19,0.00%,0
FFNX,-,0.84%,-,-,-,-,-,-,-,-,-,-,-,139.18,0.00%,0
FFNY,-,-,-,-,-,-,-,-,-,-,-,-,-,100.51,0.00%,0
FFOA,370.78M,-,0.00%,0.27%,-0.00%,0.10,0.10,95.98,106.04,51.65%,-4.43%,-0.99%,Aug 04/a,14.60,0.00%,0
FFOCL,158.92M,-,-50.16%,-263.75%,-111.73%,1.60,1.38,-,-,48.73%,-39.32%,-56.25%,Aug 13/a,4.24,0.00%,0
FFOCT,-,-,-,-,-,-,-,-,-,-,-,-,-,54.22,0.00%,0
FFOF,348.10M,8.35%,-,-,-,-,-,-,-,-,-,-,-,12.51,0.00%,0
FFOFO,21.29M,-,-164.41%,-170.19%,-131.59%,36.70,36.70,0.00,0.01,94.00%,-824.10%,-771.22%,-,1.84,0.00%,0
FFOIL,1.56B,-,-,-,2.64%,0.90,0.67,0.54,1.87,9.39%,4.91%,1.72%,Sep 02,19.96,0.00%,0
FFOMG,-,-,-,-,-,-,-,-,-,-,-,-,-,6.19,0.00%,0
FFOPC,-,4.27%,-,-,-,-,-,-,-,-,-,-,-,24.96,0.00%,0
FFOR,1.35B,-,5.38%,9.64%,6.39%,0.05,0.05,0.44,0.44,23.74%,14.73%,9.89%,Jul 21/b,26.38,0.00%,0
FFORH,-,1.81%,-,-,-,-,-,-,-,-,-,-,-,24.20,0.00%,0
FFORM,9.16B,-,9.15%,10.99%,10.20%,4.08,3.34,0.02,0.03,43.97%,15.06%,12.80%,Jul 29/a,117.25,-1.73%,"5,666"
FFORR,215.90M,-,-9.99%,-30.28%,-22.93%,0.98,0.98,0.53,0.53,53.34%,-0.92%,-11.17%,Jul 30/a,11.34,0.00%,0
FFORTY,1.95B,0.74%,2.02%,7.02%,41.19%,1.48,1.44,0.28,0.56,19.84%,7.66%,21.56%,Aug 25/b,127.35,0.00%,0
FFOSL,346.55M,-,-10.30%,-58.22%,-17.49%,1.76,1.05,3.45,3.92,56.73%,2.00%,-7.10%,Aug 12/a,5.86,0.00%,0
FFOTO,-,-,-,-,-,-,-,-,-,-,-,-,-,18.11,-0.11%,572
FFOUR,3.14B,-,1.34%,6.54%,1.71%,1.21,1.21,2.81,2.82,28.29%,9.66%,0.92%,Aug 06/b,39.80,1.09%,290
FFOWF,-,0.75%,-,-,-,-,-,-,-,-,-,-,-,34.64,0.00%,0
FFOX,25.80B,1.00%,7.38%,14.29%,8.80%,3.17,2.99,0.65,0.65,34.23%,20.41%,9.84%,Aug 06/b,57.90,0.00%,0
FFOXA,26.03B,0.88%,7.38%,14.29%,8.80%,3.17,2.99,0.65,0.65,34.23%,20.41%,9.84%,Aug 06/b,65.35,0.86%,50
FFOXF,776.31M,-,-16.58%,-36.73%,-22.83%,3.10,1.55,0.96,1.02,27.50%,4.75%,-20.39%,Aug 06/a,18.47,0.00%,0
FFOXX,17.39M,-,-155.84%,-,-,0.38,0.20,-,-,8.45%,-22.36%,-79.80%,-,2.47,-1.59%,1
FFOXY,-,8.94%,-,-,-,-,-,-,-,-,-,-,-,27.74,0.00%,0
FFPA,-,3.55%,-,-,-,-,-,-,-,-,-,-,-,50.52,0.00%,0
FFPAA,-,-,-,-,-,-,-,-,-,-,-,-,-,25.30,0.00%,0
FFPAG,-,1.30%,-,-,-,-,-,-,-,-,-,-,-,41.67,0.00%,0
FFPAS,-,4.97%,-,-,-,-,-,-,-,-,-,-,-,24.02,0.00%,0
FFPE,-,6.03%,-,-,-,-,-,-,-,-,-,-,-,17.54,0.00%,0
FFPEI,-,5.89%,-,-,-,-,-,-,-,-,-,-,-,18.89,0.00%,0
FFPF,1.01B,9.94%,-,-,-,-,-,-,-,-,-,-,-,16.66,0.00%,0
FFPFD,-,5.34%,-,-,-,-,-,-,-,-,-,-,-,21.01,0.00%,0
FFPH,539.61M,-,1.65%,6.47%,4.00%,-,-,0.55,0.55,47.54%,-3.20%,45.09%,Jul 23/a,4.92,0.00%,0
FFPI,478.20M,3.28%,3.45%,5.50%,3.72%,12.20,11.82,0.49,0.49,75.65%,45.66%,46.97%,Jul 29/a,10.96,0.09%,255
FFPRO,-,2.50%,-,-,-,-,-,-,-,-,-,-,-,24.04,0.00%,0
FFPS,11.42B,0.13%,-,-,6.53%,1.54,1.07,1.22,1.25,31.36%,14.47%,5.76%,Sep 15/b,37.51,-0.64%,"27,394"
FFPSX,-,-,-,-,-,-,-,-,-,-,-,-,-,4.40,0.00%,0
FFPWR,-,2.00%,-,-,-,-,-,-,-,-,-,-,-,35.68,0.00%,0
FFPX,-,0.47%,-,-,-,-,-,-,-,-,-,-,-,180.99,0.00%,0
FFPXE,-,1.43%,-,-,-,-,-,-,-,-,-,-,-,33.49,0.00%,0
FFPXI,-,0.67%,-,-,-,-,-,-,-,-,-,-,-,69.85,0.00%,0
FFQAL,-,1.15%,-,-,-,-,-,-,-,-,-,-,-,84.42,0.00%,0
FFR,8.50B,3.22%,6.48%,13.44%,6.79%,4.45,4.45,0.93,0.93,48.09%,41.59%,47.94%,Jul 22/a,62.00,0.00%,0
FFRA,375.25M,14.05%,-,-,-,-,-,-,-,-,-,-,-,10.59,0.00%,0
FFRAF,284.46M,2.09%,1.07%,14.45%,12.41%,0.11,-,0.08,1.17,-,22.66%,18.20%,Jul 24/b,63.22,0.00%,0
FFRBA,438.39M,2.03%,1.05%,9.72%,6.99%,0.15,-,0.34,0.63,-,22.93%,17.31%,Jul 23/a,17.71,0.00%,0
FFRBT,888.30M,-,-,-,-,0.42,-,0.16,0.16,-,-,-,Jul 30/b,18.00,0.00%,0
FFRD,286.27M,0.40%,9.03%,17.75%,10.13%,2.90,1.00,0.61,0.62,9.79%,5.27%,3.56%,Aug 06/a,39.69,-0.68%,1
FFRDM,-,1.51%,-,-,-,-,-,-,-,-,-,-,-,72.79,0.00%,0
FFREI,-,0.73%,-,-,-,-,-,-,-,-,-,-,-,24.52,0.00%,0
FFREL,-,3.45%,-,-,-,-,-,-,-,-,-,-,-,28.21,0.00%,0
FFRGN,-,0.20%,-,-,-,-,-,-,-,-,-,-,-,31.89,0.00%,0
FFRGT,0.31M,-,-,-,-134.32%,1.00,1.00,0.11,0.65,-25.49%,-45.12%,-60.49%,-,0.50,-0.08%,"31,482"
FFRHC,11.11B,-,1.30%,11.18%,5.06%,1.01,1.01,0.99,1.81,72.67%,29.17%,6.87%,-,174.13,0.00%,0
FFRI,-,2.55%,-,-,-,-,-,-,-,-,-,-,-,30.55,0.00%,0
FFRIZ,-,0.98%,-,-,-,-,-,-,-,-,-,-,-,26.83,0.00%,0
FFRME,2.57B,3.59%,0.93%,7.37%,5.11%,0.13,-,0.35,0.59,-,18.91%,16.93%,Jul 22/a,40.90,0.00%,0
FFRMI,3.23B,-,-,-,-43.25%,0.61,0.61,0.56,0.56,-,-,-,Aug 13/b,5.05,-0.30%,"17,387"
FFRMM,64.94M,-,-624.64%,-796.12%,-343.04%,2.69,2.69,0.20,0.20,0.00%,-2271.61%,-4896.82%,Aug 13/b,4.92,0.00%,0
FFRNM,1.82B,-,-0.86%,-0.92%,-0.97%,0.20,0.20,0.00,0.00,-,-,-,Sep 02,16.97,2.23%,6
FFRNW,-,1.10%,-,-,-,-,-,-,-,-,-,-,-,22.09,0.00%,0
FFRO,10.94B,18.77%,24.94%,53.84%,27.92%,1.87,1.87,0.69,0.77,51.53%,49.14%,54.76%,Aug 28/b,49.13,-1.37%,"39,238"
FFROG,11.37B,-,-3.27%,-4.93%,-4.54%,2.08,2.08,0.01,0.02,77.53%,-12.93%,-7.35%,Aug 06/a,92.20,0.22%,"1,279"
FFRPH,410.08M,-,0.01%,0.02%,0.01%,4.82,4.82,0.50,0.50,41.46%,11.57%,0.22%,Aug 04/a,21.36,0.00%,0
FFRPT,2.95B,-,11.76%,17.62%,11.78%,6.05,5.03,0.40,0.40,39.41%,8.26%,17.28%,Aug 05/b,61.37,0.00%,0
FFRSH,3.25B,-,12.47%,19.70%,20.10%,1.63,1.63,0.03,0.04,83.93%,4.13%,20.49%,Aug 04/a,12.45,0.00%,0
FFRST,394.80M,2.51%,1.29%,13.11%,9.48%,0.08,-,0.29,1.03,-,21.72%,16.99%,Jul 23/a,15.92,0.00%,0
FFRSX,6.00M,-,-132.90%,-178.07%,-140.85%,3.73,3.73,0.16,0.22,55.06%,-2641.81%,-2608.29%,Aug 14/a,1.15,-6.48%,2
FFRT,9.67B,4.13%,4.92%,13.14%,5.46%,0.61,0.61,1.37,1.44,38.21%,34.50%,31.95%,Jul 31/b,110.63,0.00%,0
FFRTT,-,-,-,-,-,-,-,-,-,-,-,-,-,0.92,0.00%,0
FFRTY,-,0.18%,-,-,-,-,-,-,-,-,-,-,-,23.23,0.00%,0
FFRUT,-,-,-,-,-,-,-,-,-,-,-,-,-,28.48,1.22%,3
FFRVO,4.90B,-,-,-,-,8.62,8.62,0.11,0.12,-,-,-,Aug 12/b,16.63,-1.19%,"7,692"
FFRWD,-,-,-,-,-,-,-,-,-,-,-,-,-,32.65,0.00%,0
FFSBC,1.09B,2.26%,1.47%,16.17%,12.88%,0.15,-,0.18,0.18,-,34.59%,25.85%,Jul 22/a,44.28,-0.16%,1
FFSBW,341.85M,2.68%,1.03%,10.64%,4.69%,0.03,-,1.19,1.19,-,19.07%,14.69%,Jul 21/a,43.48,0.00%,0
FFSCC,-,0.23%,-,-,-,-,-,-,-,-,-,-,-,34.49,0.00%,0
FFSCO,1.09B,14.04%,-,-,-,-,-,-,-,-,-,-,Aug 25/a,5.39,0.00%,0
FFSCS,-,1.02%,-,-,-,-,-,-,-,-,-,-,-,36.33,0.00%,0
FFSEA,80.82M,-,-0.14%,-1.35%,-1.17%,0.02,-,0.13,0.80,-,-5.16%,-2.94%,-,17.17,0.00%,0
FFSEC,-,4.54%,-,-,-,-,-,-,-,-,-,-,-,42.78,0.00%,0
FFSEG,-,0.08%,-,-,-,-,-,-,-,-,-,-,-,26.47,0.00%,0
FFSEP,-,-,-,-,-,-,-,-,-,-,-,-,-,57.55,0.00%,0
FFSEV,-,0.63%,-,-,-,-,-,-,-,-,-,-,-,26.09,0.00%,0
FFSGS,-,0.03%,-,-,-,-,-,-,-,-,-,-,-,32.54,0.00%,0
FFSHP,39.79M,-,1.89%,2.42%,7.43%,0.00,0.00,0.00,0.15,-,-,-,-,11.25,0.00%,0
FFSI,74.97M,-,-5.32%,-8.16%,-7.00%,2.82,1.35,0.20,0.27,7.68%,-5.61%,-8.76%,Aug 14/a,5.87,0.00%,0
FFSIG,-,4.65%,-,-,-,-,-,-,-,-,-,-,-,18.60,0.00%,0
FFSK,3.16B,15.16%,-2.82%,-6.57%,-3.19%,2.13,2.13,1.23,1.23,63.99%,6.26%,-44.27%,Aug 06/b,11.43,0.00%,0
FFSLR,21.58B,-,13.30%,18.51%,16.69%,2.52,2.00,0.01,0.02,44.00%,34.98%,32.47%,Jul 30/a,200.81,0.49%,"1,025"
FFSLY,4.43B,-,-5.47%,-8.39%,-5.97%,3.36,3.36,0.37,0.40,59.07%,-11.96%,-11.80%,Aug 05/a,27.78,1.31%,"6,313"
FFSM,3.48B,-,16.32%,23.19%,19.19%,3.00,2.50,0.12,0.13,56.78%,48.63%,32.02%,Aug 05/a,11.76,0.00%,0
FFSMB,-,3.20%,-,-,-,-,-,-,-,-,-,-,-,19.72,0.00%,0
FFSMD,-,1.30%,-,-,-,-,-,-,-,-,-,-,-,49.99,0.00%,0
FFSML,-,0.50%,-,-,-,-,-,-,-,-,-,-,-,29.51,0.00%,0
FFSOL,-,2.34%,-,-,-,-,-,-,-,-,-,-,-,13.93,0.00%,0
FFSP,35.36M,5.88%,-4.73%,-6.94%,-7.20%,0.22,0.22,0.00,0.44,4.50%,-5.63%,-39.45%,Jul 28/a,0.34,0.00%,0
FFSPC,-,-,-,-,-,-,-,-,-,-,-,-,-,19.07,0.00%,0
FFSS,7.03B,0.52%,13.10%,20.61%,14.42%,2.74,1.21,0.31,0.32,28.56%,16.84%,11.66%,Jul 30/b,115.09,0.00%,0
FFSSL,904.94M,12.89%,-,-,-,-,-,-,-,-,-,-,-,11.92,0.00%,0
FFSTA,-,2.28%,-,-,-,-,-,-,-,-,-,-,-,51.64,0.00%,0
FFSTB,-,0.82%,-,-,-,-,-,-,-,-,-,-,-,19.83,0.00%,0
FFSTR,392.91M,-,3.33%,6.46%,4.59%,2.00,1.15,0.39,0.40,21.07%,4.75%,2.04%,Aug 10/b,37.35,0.00%,0
FFSUN,1.74B,-,0.39%,3.19%,2.24%,0.10,-,0.14,0.15,-,16.90%,6.49%,Jul 27/a,39.52,0.00%,0
FFSV,6.08B,0.92%,3.70%,13.07%,5.97%,1.67,1.34,1.22,1.28,29.90%,6.17%,2.88%,Jul 23/b,132.95,0.00%,0
FFSYD,-,6.33%,-,-,-,-,-,-,-,-,-,-,-,47.84,0.00%,0
FFSZ,-,2.06%,-,-,-,-,-,-,-,-,-,-,-,79.38,0.00%,0
FFT,183.71M,6.89%,-,-,-,-,-,-,-,-,-,-,-,7.31,0.00%,0
FFTA,-,1.65%,-,-,-,-,-,-,-,-,-,-,-,98.75,0.00%,0
FFTAG,-,1.27%,-,-,-,-,-,-,-,-,-,-,-,29.92,0.00%,0
FFTAI,19.82B,0.95%,11.55%,174.46%,12.87%,5.28,2.07,8.55,8.55,25.40%,25.12%,15.35%,Jul 29/a,193.00,0.13%,32
FFTBD,-,5.08%,-,-,-,-,-,-,-,-,-,-,-,47.99,0.00%,0
FFTBI,-,7.71%,-,-,-,-,-,-,-,-,-,-,-,21.53,0.00%,0
FFTC,-,0.15%,-,-,-,-,-,-,-,-,-,-,-,178.32,0.00%,0
FFTCA,-,3.56%,-,-,-,-,-,-,-,-,-,-,-,7.03,0.00%,0
FFTCB,-,5.14%,-,-,-,-,-,-,-,-,-,-,-,20.25,0.00%,0
FFTCE,-,0.64%,-,-,-,-,-,-,-,-,-,-,-,27.63,0.00%,0
FFTCI,38.66M,-,-57.67%,-863.70%,-,0.91,0.71,-,-,4.55%,-36.30%,-51.02%,Aug 05/b,2.34,0.00%,0
FFTCS,-,1.10%,-,-,-,-,-,-,-,-,-,-,-,96.44,0.00%,0
FFTDR,5.49B,-,12.57%,101.86%,19.15%,1.59,1.59,4.04,4.15,51.61%,20.12%,12.76%,Aug 06/b,79.73,0.00%,0
FFTDS,-,1.54%,-,-,-,-,-,-,-,-,-,-,-,64.00,0.00%,0
FFTEC,-,0.37%,-,-,-,-,-,-,-,-,-,-,-,300.00,0.20%,53
FFTEK,57.75M,-,-7.72%,-8.94%,-9.21%,5.10,5.03,0.01,0.02,41.99%,-16.78%,-12.75%,Aug 04/a,1.85,0.00%,0
FFTF,226.67M,13.26%,-,-,-,-,-,-,-,-,-,-,-,5.61,0.00%,0
FFTFT,34.73M,-,-13.05%,-17.15%,-11.65%,6.71,6.71,0.00,0.07,7.23%,-148.49%,-160.89%,-,4.30,-4.66%,"10,932"
FFTG,-,-,-,-,-,-,-,-,-,-,-,-,-,23.86,0.00%,0
FFTGC,-,14.19%,-,-,-,-,-,-,-,-,-,-,-,31.06,0.00%,50
FFTGS,-,0.08%,-,-,-,-,-,-,-,-,-,-,-,38.44,0.00%,0
FFTH,860.23M,-,-176.88%,-188.88%,-108.79%,19.69,19.69,0.00,0.00,-,-,-,Aug 04/b,33.29,0.00%,0
FFTHA,136.76M,-,-,-,-,9.81,9.81,0.00,0.00,-,-,-,-,9.98,0.00%,0
FFTHF,-,1.91%,-,-,-,-,-,-,-,-,-,-,-,51.07,0.00%,0
FFTHI,-,8.79%,-,-,-,-,-,-,-,-,-,-,-,23.97,0.00%,0
FFTHM,18.99M,-,-33.15%,-79.01%,-95.35%,0.77,0.77,0.12,1.24,6.50%,-4.55%,-6.27%,May 07,0.56,0.00%,0
FFTHY,479.15M,11.51%,-,-,-,-,-,-,-,-,-,-,-,13.03,0.00%,0
FFTI,27.77B,0.28%,11.50%,36.04%,27.83%,1.08,0.83,0.29,0.38,22.70%,14.71%,11.37%,Jul 30/b,70.80,-0.72%,14
FFTIF,-,1.06%,-,-,-,-,-,-,-,-,-,-,-,28.51,0.00%,0
FFTK,1.11B,-,17.26%,37.80%,21.86%,1.78,1.50,0.35,0.44,23.82%,13.05%,12.97%,Aug 04/a,30.71,0.00%,0
FFTKI,-,11.57%,-,-,-,-,-,-,-,-,-,-,-,19.78,0.00%,0
FFTLF,87.15M,-,7.53%,14.11%,7.84%,1.46,0.45,0.68,0.81,35.66%,11.90%,6.15%,Aug 13/b,9.28,0.00%,0
FFTLS,-,0.85%,-,-,-,-,-,-,-,-,-,-,-,77.04,0.00%,0
FFTMA,-,3.01%,-,-,-,-,-,-,-,-,-,-,-,8.70,0.00%,0
FFTMH,-,4.12%,-,-,-,-,-,-,-,-,-,-,-,11.15,0.00%,0
FFTMN,-,2.77%,-,-,-,-,-,-,-,-,-,-,-,8.42,0.00%,0
FFTMS,-,2.84%,-,-,-,-,-,-,-,-,-,-,-,9.80,0.00%,0
FFTMU,-,3.68%,-,-,-,-,-,-,-,-,-,-,-,7.52,0.00%,0
FFTNJ,-,3.01%,-,-,-,-,-,-,-,-,-,-,-,8.43,0.00%,0
FFTNT,130.59B,-,19.73%,117.44%,103.55%,1.28,1.19,0.32,0.32,80.20%,32.37%,28.17%,Jul 29/a,177.99,1.58%,"8,383"
FFTNY,-,3.45%,-,-,-,-,-,-,-,-,-,-,-,7.51,0.00%,0
FFTOH,-,3.32%,-,-,-,-,-,-,-,-,-,-,-,8.07,0.00%,0
FFTPA,-,3.16%,-,-,-,-,-,-,-,-,-,-,-,8.30,0.00%,0
FFTQI,-,11.00%,-,-,-,-,-,-,-,-,-,-,-,22.47,0.00%,0
FFTRA,284.05M,-,-,-,-,10.00,10.00,0.00,0.00,-,-,-,-,9.88,0.00%,0
FFTRB,-,4.43%,-,-,-,-,-,-,-,-,-,-,-,24.47,0.00%,0
FFTRE,1.90B,-,-3.07%,-15.30%,-5.27%,0.96,0.96,2.08,2.13,16.38%,0.97%,-3.18%,Jul 29/b,20.02,0.00%,0
FFTRI,-,1.95%,-,-,-,-,-,-,-,-,-,-,-,17.81,0.00%,0
FFTS,27.33B,3.45%,2.41%,7.48%,3.20%,0.56,0.47,1.30,1.44,28.19%,28.19%,14.02%,Jul 31/b,53.49,-0.22%,546
FFTSD,-,4.43%,-,-,-,-,-,-,-,-,-,-,-,89.42,0.00%,0
FFTSL,-,6.30%,-,-,-,-,-,-,-,-,-,-,-,45.00,0.00%,0
FFTSM,-,4.10%,-,-,-,-,-,-,-,-,-,-,-,59.71,0.00%,0
FFTV,16.64B,0.45%,4.03%,7.32%,5.58%,1.24,1.00,0.58,0.58,61.11%,18.23%,12.38%,Jul 29/b,55.09,0.00%,13
FFTW,320.15M,3.31%,1.91%,2.01%,1.14%,1.18,1.18,1.05,1.17,-,-,-,Aug 11/a,10.22,0.00%,0
FFTWO,-,0.89%,-,-,-,-,-,-,-,-,-,-,-,45.94,0.00%,0
FFTXG,-,2.61%,-,-,-,-,-,-,-,-,-,-,-,22.00,0.00%,0
FFTXH,-,1.02%,-,-,-,-,-,-,-,-,-,-,-,41.37,0.00%,0
FFTXL,-,0.10%,-,-,-,-,-,-,-,-,-,-,-,243.76,-1.68%,82
FFTXN,-,1.65%,-,-,-,-,-,-,-,-,-,-,-,39.34,0.00%,0
FFTXO,-,1.79%,-,-,-,-,-,-,-,-,-,-,-,40.78,0.00%,0
FFTXR,-,1.03%,-,-,-,-,-,-,-,-,-,-,-,42.27,0.00%,0
FFUBO,1.11B,-,10.69%,38.60%,10.15%,1.00,1.00,0.49,0.50,15.82%,-5.33%,7.61%,Aug 05/b,10.14,-1.58%,9
FFUFU,245.83M,-,-32.23%,-80.07%,-62.67%,4.22,4.22,1.08,1.10,2.26%,-1.80%,-29.28%,Aug 17/b,1.48,1.73%,846
FFUL,2.75B,1.58%,3.55%,9.39%,4.47%,1.80,1.12,1.00,1.00,32.39%,11.35%,5.29%,Sep 23/a,51.05,2.86%,15
FFULC,289.93M,-,-30.75%,-32.38%,-27.12%,31.35,31.35,0.01,0.02,-,-,-,Aug 05,3.80,0.00%,0
FFULT,4.45B,3.26%,1.19%,11.10%,7.17%,0.10,-,0.45,0.45,-,26.54%,20.10%,Jul 22/a,23.30,0.09%,3
FFUMB,-,2.73%,-,-,-,-,-,-,-,-,-,-,-,20.01,0.00%,0
FFUN,1.27B,-,-20.74%,-185.33%,-33.31%,0.42,0.36,44.82,44.95,23.01%,10.76%,-57.25%,Aug 06/b,12.37,0.00%,0
FFUNC,280.36M,2.39%,1.23%,12.42%,10.26%,0.07,-,0.15,0.48,-,27.04%,20.35%,Jul 20/a,43.44,-0.46%,6
FFUND,298.14M,6.14%,-,-,-,-,-,-,-,-,-,-,-,10.05,0.00%,0
FFURY,107.42M,-,-1.19%,-1.28%,-1.19%,21.45,21.45,0.00,0.00,-,-,-,Aug 13/a,0.56,0.00%,0
FFUSB,89.56M,1.72%,0.68%,7.53%,6.66%,0.18,-,0.12,0.36,-,15.83%,12.12%,Jul 29/a,16.27,0.00%,0
FFUSD,-,0.73%,-,-,-,-,-,-,-,-,-,-,-,25.73,0.00%,0
FFUSE,16.99M,-,-15.45%,46.84%,-,0.11,0.11,-,-,54.61%,-95.70%,-21.67%,-,0.59,0.00%,0
FFUSI,-,5.07%,-,-,-,-,-,-,-,-,-,-,-,50.45,0.00%,0
FFUTG,-,-,-,-,-,-,-,-,-,-,-,-,-,4.31,0.23%,"6,853"
FFUTU,10.94B,0.78%,4.55%,30.94%,28.32%,1.13,1.13,0.01,0.73,94.52%,69.06%,42.92%,Aug 20/b,114.28,0.20%,"13,484"
FFUTY,-,2.89%,-,-,-,-,-,-,-,-,-,-,-,52.96,0.78%,2
FFV,-,0.49%,-,-,-,-,-,-,-,-,-,-,-,73.85,0.00%,0
FFVAL,-,1.49%,-,-,-,-,-,-,-,-,-,-,-,82.56,0.00%,0
FFVAV,369.14M,-,-,-,-,0.96,0.96,0.00,0.00,-,-,-,-,10.16,0.00%,0
FFVC,-,1.29%,-,-,-,-,-,-,-,-,-,-,-,42.58,0.00%,0
FFVCB,326.78M,1.49%,1.12%,10.14%,8.71%,0.64,-,0.11,0.11,-,25.89%,20.59%,Jul 21/a,18.12,0.00%,0
FFVD,-,2.31%,-,-,-,-,-,-,-,-,-,-,-,48.42,0.00%,0
FFVN,71.67M,-,3.02%,3.05%,2.92%,64.74,64.74,0.00,0.01,-,-,-,-,9.50,0.00%,0
FFVR,524.57M,4.89%,0.17%,0.36%,0.17%,0.90,0.90,0.96,0.98,41.89%,21.35%,0.39%,Aug 06/b,17.68,0.00%,0
FFVRR,314.93M,-,3.27%,7.13%,6.86%,1.82,1.82,0.00,0.01,81.20%,4.20%,7.18%,Jul 29/b,8.76,0.46%,189
FFWAC,127.62M,-,-,-,-,9.61,9.61,0.00,0.00,-,-,-,May 12/a,9.94,0.00%,0
FFWD,-,0.09%,-,-,-,-,-,-,-,-,-,-,-,132.33,0.00%,0
FFWDI,603.33M,-,-360.71%,-461.37%,-232.04%,0.17,0.17,0.00,0.25,70.46%,18.86%,-2073.88%,Aug 12/a,8.17,0.00%,"30,162"
FFWONA,23.96B,-,3.17%,5.80%,3.27%,1.27,1.27,0.64,0.65,24.94%,12.45%,9.40%,Aug 06/b,88.15,0.00%,0
FFWONK,23.96B,-,3.17%,5.80%,3.27%,1.27,1.27,0.64,0.65,24.94%,12.45%,9.40%,Aug 06/b,96.43,0.00%,0
FFWRD,492.86M,-,-11.00%,-1564.53%,-15.29%,1.32,1.32,-,-,2.99%,2.99%,-11.37%,Aug 05/a,14.59,0.00%,0
FFWRG,625.76M,-,1.02%,2.88%,1.10%,0.27,0.22,1.54,1.70,13.30%,2.50%,1.35%,Aug 04/b,10.14,0.00%,0
FFXA,-,1.18%,-,-,-,-,-,-,-,-,-,-,-,70.54,0.00%,0
FFXAC,127.46M,-,-,-,-,77.26,77.26,0.00,0.00,-,-,-,-,10.09,0.00%,0
FFXB,-,2.12%,-,-,-,-,-,-,-,-,-,-,-,128.56,0.00%,0
FFXC,-,0.16%,-,-,-,-,-,-,-,-,-,-,-,69.60,0.00%,0
FFXD,-,0.65%,-,-,-,-,-,-,-,-,-,-,-,65.17,0.00%,0
FFXE,-,0.78%,-,-,-,-,-,-,-,-,-,-,-,105.80,0.00%,0
FFXED,-,7.10%,-,-,-,-,-,-,-,-,-,-,-,16.99,0.00%,0
FFXF,-,-,-,-,-,-,-,-,-,-,-,-,-,110.66,3.19%,1
FFXG,-,2.53%,-,-,-,-,-,-,-,-,-,-,-,60.44,0.00%,0
FFXH,-,0.78%,-,-,-,-,-,-,-,-,-,-,-,130.87,0.00%,0
FFXHO,295.87M,-,-8.60%,-331.77%,-18.64%,1.41,1.26,0.04,0.49,0.94%,-1.89%,-14.49%,-,11.26,0.00%,50
FFXI,-,1.94%,-,-,-,-,-,-,-,-,-,-,-,35.04,0.37%,"20,608"
FFXL,-,0.00%,-,-,-,-,-,-,-,-,-,-,-,221.18,0.00%,0
FFXN,-,1.57%,-,-,-,-,-,-,-,-,-,-,-,22.83,0.00%,0
FFXNC,276.89M,2.23%,1.05%,11.81%,9.18%,0.33,-,0.22,0.22,-,22.77%,18.48%,Jul 29/b,30.62,0.00%,0
FFXO,-,2.05%,-,-,-,-,-,-,-,-,-,-,-,63.68,0.00%,0
FFXP,-,3.11%,-,-,-,-,-,-,-,-,-,-,-,20.96,0.00%,0
FFXR,-,0.70%,-,-,-,-,-,-,-,-,-,-,-,83.44,0.00%,0
FFXU,-,2.35%,-,-,-,-,-,-,-,-,-,-,-,45.23,0.00%,0
FFXY,-,-,-,-,-,-,-,-,-,-,-,-,-,58.18,-0.03%,974
FFXZ,-,1.35%,-,-,-,-,-,-,-,-,-,-,-,80.88,0.00%,0
FFYC,-,0.18%,-,-,-,-,-,-,-,-,-,-,-,118.02,0.00%,0
FFYEE,-,9.09%,-,-,-,-,-,-,-,-,-,-,-,30.03,0.00%,0
FFYLD,-,2.84%,-,-,-,-,-,-,-,-,-,-,-,40.55,0.00%,0
FFYT,-,1.49%,-,-,-,-,-,-,-,-,-,-,-,69.05,0.00%,0
FFYX,-,0.93%,-,-,-,-,-,-,-,-,-,-,-,138.23,0.00%,0
GG,5.73B,1.46%,10.87%,22.45%,14.86%,2.00,2.00,0.51,0.54,36.90%,16.07%,11.06%,Aug 06/a,34.08,0.00%,0
GGAA,-,3.40%,-,-,-,-,-,-,-,-,-,-,-,35.86,0.00%,0
GGAB,1.87B,10.97%,-,-,-,-,-,-,-,-,-,-,-,5.44,0.00%,0
GGABC,1.85B,2.52%,1.70%,12.46%,10.50%,0.07,-,0.12,0.14,-,35.28%,28.26%,Jul 27/a,49.18,0.00%,0
GGABF,-,2.06%,-,-,-,-,-,-,-,-,-,-,-,44.05,0.00%,0
GGAEM,-,6.95%,-,-,-,-,-,-,-,-,-,-,-,26.61,0.00%,0
GGAIA,31.53M,-,-3.97%,-6.89%,-6.05%,0.41,0.41,0.16,0.17,78.19%,-6.66%,-6.03%,Aug 10/a,1.24,0.00%,0
GGAIN,630.78M,7.64%,14.01%,29.17%,13.56%,0.26,0.26,0.88,0.88,19.67%,308.46%,245.38%,Aug 06/a,15.84,0.00%,0
GGAIQ,-,-,-,-,-,-,-,-,-,-,-,-,-,65.33,0.00%,0
GGAL,-,2.70%,-,-,-,-,-,-,-,-,-,-,-,53.75,0.00%,0
GGALT,399.36M,-,-183.01%,-,-,0.10,0.10,-,-,-,-,-,Aug 14/b,3.96,0.00%,0
GGALX,-,-,-,-,-,-,-,-,-,-,-,-,-,23.57,0.00%,0
GGAM,1.74B,0.69%,-,-,-,-,-,-,-,-,-,-,-,65.51,0.00%,0
GGAME,42.57M,-,-98.00%,-2323.94%,-557.63%,0.90,0.90,0.09,1.36,43.12%,-7.70%,-96.06%,Aug 10/a,3.33,0.00%,0
GGAMR,-,0.46%,-,-,-,-,-,-,-,-,-,-,-,101.60,0.00%,0
GGANX,80.55M,-,-159.22%,-268.30%,-172.31%,4.36,4.36,0.03,0.05,-,-,-,Aug 11/b,1.85,0.32%,100
GGAP,7.45B,3.25%,9.98%,33.78%,13.77%,1.82,1.11,1.29,1.45,43.18%,10.79%,8.14%,Aug 27/a,21.20,-0.24%,637
GGAPR,-,-,-,-,-,-,-,-,-,-,-,-,-,42.70,0.00%,0
GGARA,-,2.39%,-,-,-,-,-,-,-,-,-,-,-,26.36,0.00%,0
GGARP,-,0.24%,-,-,-,-,-,-,-,-,-,-,-,86.68,1.50%,316
GGARY,-,0.04%,-,-,-,-,-,-,-,-,-,-,-,27.66,0.00%,0
GGASS,352.96M,-,7.81%,8.28%,7.91%,9.30,9.18,0.00,0.00,35.21%,27.89%,33.90%,Sep 02/b,9.38,0.00%,0
GGASZ,-,-,-,-,-,-,-,-,-,-,-,-,-,22.19,0.00%,0
GGATX,6.37B,1.46%,2.34%,13.27%,2.48%,1.12,1.12,4.23,4.48,46.48%,29.05%,17.64%,Jul 30/b,180.40,0.00%,1
GGAU,551.95M,-,11.37%,26.18%,19.48%,1.23,0.74,0.18,0.24,47.93%,44.23%,12.19%,Aug 06/a,2.11,0.00%,0
GGAUG,-,-,-,-,-,-,-,-,-,-,-,-,-,42.32,0.00%,0
GGAUZ,7.37M,-,-23.26%,-94.46%,-63.23%,0.66,0.41,2.40,3.54,21.77%,-35.53%,-39.63%,-,6.45,0.00%,0
GGAVA,-,0.09%,-,-,-,-,-,-,-,-,-,-,-,26.99,0.00%,0
GGBAB,360.23M,11.63%,-,-,-,-,-,-,-,-,-,-,-,13.01,0.00%,1
GGBCI,5.84B,2.95%,1.03%,7.95%,6.74%,0.06,-,0.07,0.53,-,25.96%,19.73%,Jul 23/a,44.82,0.00%,0
GGBDC,3.26B,11.00%,1.95%,4.46%,2.35%,0.13,0.13,0.97,1.22,77.69%,60.15%,23.15%,Aug 03/a,12.55,0.00%,0
GGBFH,278.57M,-,1.39%,11.39%,8.88%,0.27,-,0.20,0.21,-,19.76%,15.44%,Jul 29/a,19.19,0.00%,0
GGBHI,-,3.27%,-,-,-,-,-,-,-,-,-,-,-,25.18,0.00%,0
GGBIL,-,3.65%,-,-,-,-,-,-,-,-,-,-,-,100.03,0.01%,9
GGBLI,381.79M,5.37%,1.99%,4.88%,4.77%,1.31,-,0.01,0.01,-,9.91%,7.42%,Aug 05/b,26.08,0.00%,0
GGBND,-,3.92%,-,-,-,-,-,-,-,-,-,-,-,49.07,0.00%,0
GGBR,3.65M,-,-1.93%,-1.98%,-2.00%,3.18,3.18,0.00,0.00,64.97%,-187.26%,-56.05%,-,0.71,0.00%,0
GGBTC,-,-,-,-,-,-,-,-,-,-,-,-,-,66.50,-0.57%,"32,654"
GGBTG,4.94B,-,1.97%,6.20%,2.79%,1.20,1.20,0.92,0.98,51.42%,7.97%,2.77%,Aug 04/b,9.46,0.00%,0
GGBUG,-,1.38%,-,-,-,-,-,-,-,-,-,-,-,49.45,0.00%,0
GGBX,1.30B,3.18%,2.46%,6.96%,3.11%,2.82,1.59,1.19,1.19,14.93%,5.66%,4.08%,Jul 02/b,41.96,0.00%,0
GGCAD,-,0.77%,-,-,-,-,-,-,-,-,-,-,-,50.02,0.00%,0
GGCAL,-,3.71%,-,-,-,-,-,-,-,-,-,-,-,49.38,0.00%,0
GGCBC,606.11M,1.15%,1.32%,15.88%,12.99%,0.06,-,0.14,0.57,-,32.12%,28.14%,-,35.60,1.14%,2
GGCC,-,5.17%,-,-,-,-,-,-,-,-,-,-,-,27.14,0.00%,0
GGCDT,-,-,-,-,-,-,-,-,-,-,-,-,-,0.35,-4.62%,"1,401"
GGCGR,468.56M,-,-,-,-,1.42,1.42,0.00,0.00,-,-,-,-,10.10,0.00%,0
GGCL,84.34M,-,-,-,-35.13%,1.52,1.13,0.93,1.63,10.30%,-5.56%,-10.46%,Jul 31/b,0.66,-0.18%,664
GGCLO,-,0.12%,-,-,-,-,-,-,-,-,-,-,-,50.23,0.00%,0
GGCMG,2.70B,3.65%,6.77%,682.08%,10.28%,1.81,1.81,16.09,16.30,-,28.25%,7.88%,Aug 10/b,13.29,0.00%,0
GGCO,363.88M,-,2.84%,7.83%,4.03%,1.58,0.32,0.85,1.05,46.65%,1.35%,1.71%,Sep 03/b,33.63,0.00%,0
GGCOR,-,4.29%,-,-,-,-,-,-,-,-,-,-,-,40.01,0.00%,0
GGCOW,-,4.95%,-,-,-,-,-,-,-,-,-,-,-,45.93,0.00%,0
GGCPB,-,0.26%,-,-,-,-,-,-,-,-,-,-,-,49.40,0.00%,0
GGCPU,-,0.42%,-,-,-,-,-,-,-,-,-,-,-,38.56,0.00%,0
GGCSH,-,0.89%,-,-,-,-,-,-,-,-,-,-,-,49.99,0.00%,0
GGCT,1.91B,-,13.25%,32.34%,16.99%,2.09,1.47,0.72,0.95,23.96%,11.65%,10.65%,Aug 06/b,53.46,0.75%,475
GGCTK,1.84M,-,-272.48%,-620.63%,-,0.46,0.46,-,-,-,-,-,-,2.30,0.00%,0
GGCTS,202.30M,-,-157.47%,-,-,0.82,0.80,-,-,-38.29%,-852.05%,-1301.99%,Aug 10/a,2.20,0.44%,"38,887"
GGCV,88.45M,10.93%,-,-,-,-,-,-,-,-,-,-,-,4.39,0.00%,0
GGD,96.17B,1.77%,7.63%,17.80%,12.92%,1.44,0.96,0.29,0.35,15.38%,10.32%,8.18%,Jul 29/b,355.45,0.44%,11
GGDC,7.50M,-,-156.79%,-158.19%,-80.30%,31.47,31.47,0.00,0.00,-,-,-,-,1.80,23.42%,"1,937,747"
GGDDY,13.27B,-,11.19%,442.86%,23.75%,0.63,0.63,571.10,573.34,60.58%,25.22%,17.83%,Jul 30/a,104.78,0.01%,48
GGDE,-,3.96%,-,-,-,-,-,-,-,-,-,-,-,67.27,0.00%,5
GGDEC,-,-,-,-,-,-,-,-,-,-,-,-,-,40.89,0.00%,0
GGDEV,208.30M,-,33.27%,-,-,0.75,0.75,-,-,64.64%,19.92%,19.69%,Sep 09,11.46,0.00%,0
GGDHG,67.82M,-,-2.20%,-2.72%,-2.06%,3.05,3.05,0.01,0.01,58.11%,-33.42%,-39.79%,Jul 07/a,1.14,0.00%,170
GGDIV,-,1.14%,-,-,-,-,-,-,-,-,-,-,-,18.56,0.00%,0
GGDL,89.92M,5.73%,-,-,-,-,-,-,-,-,-,-,-,8.37,0.00%,0
GGDLC,-,-,-,-,-,-,-,-,-,-,-,-,-,39.79,0.00%,0
GGDMA,-,2.59%,-,-,-,-,-,-,-,-,-,-,-,41.57,0.00%,0
GGDMN,-,2.72%,-,-,-,-,-,-,-,-,-,-,-,92.26,0.00%,0
GGDO,73.61M,14.95%,-,-,-,-,-,-,-,-,-,-,-,9.79,0.00%,0
GGDOC,-,0.30%,-,-,-,-,-,-,-,-,-,-,-,37.30,0.00%,0
GGDOG,-,-,-,-,-,-,-,-,-,-,-,-,-,12.11,4.40%,"9,618"
GGDOT,749.36M,-,-0.44%,-2.79%,-2.58%,0.45,0.45,0.07,0.07,22.66%,2.10%,-1.14%,Aug 10/a,13.15,0.00%,0
GGDRX,1.16B,-,0.89%,2.52%,1.38%,1.38,1.38,0.82,0.83,79.54%,12.00%,2.07%,Aug 05/a,3.39,0.00%,0
GGDS,6.63B,-,4.56%,13.00%,5.21%,1.78,1.78,1.18,1.46,23.00%,16.95%,30.12%,Aug 13/b,34.01,-0.70%,"1,225"
GGDT,-,3.32%,-,-,-,-,-,-,-,-,-,-,-,35.26,0.00%,0
GGDTC,11.48M,-,-44.76%,-52.16%,-56.14%,5.17,5.17,0.06,0.07,-278.46%,-1434.50%,-1224.43%,-,0.97,0.00%,0
GGDV,2.52B,6.08%,-,-,-,-,-,-,-,-,-,-,-,29.11,0.00%,0
GGDX,-,0.67%,-,-,-,-,-,-,-,-,-,-,-,93.96,-0.50%,"156,817"
GGDXD,-,-,-,-,-,-,-,-,-,-,-,-,-,18.82,1.40%,"197,563"
GGDXJ,-,2.17%,-,-,-,-,-,-,-,-,-,-,-,122.01,-0.55%,"16,845"
GGDXU,-,-,-,-,-,-,-,-,-,-,-,-,-,133.97,-1.69%,"112,656"
GGDXW,-,57.70%,-,-,-,-,-,-,-,-,-,-,-,41.37,-1.08%,"3,666"
GGDXY,-,75.81%,-,-,-,-,-,-,-,-,-,-,-,10.75,-0.37%,"11,232"
GGDYN,624.68M,-,0.47%,0.54%,0.54%,7.22,7.22,0.02,0.03,34.72%,1.12%,0.68%,Jul 30/a,7.70,0.00%,0
GGE,332.61B,0.56%,7.08%,48.75%,25.18%,0.98,0.67,1.02,1.15,35.23%,18.52%,17.69%,Jul 16/b,320.57,0.49%,959
GGECC,74.59M,19.55%,-11.11%,-30.59%,-14.07%,1.31,1.31,1.47,1.47,87.51%,-45.88%,-89.08%,Aug 05/a,5.37,0.00%,0
GGEEQ,-,0.78%,-,-,-,-,-,-,-,-,-,-,-,47.76,0.00%,0
GGEF,4.42B,2.82%,3.61%,8.65%,5.85%,1.29,0.99,0.28,0.41,22.41%,6.82%,5.71%,Jul 28/a,83.54,0.26%,"4,129"
GGEG,66.85M,-,-26.49%,-63.79%,-33.80%,12.89,12.58,1.57,1.58,-3.77%,-50.44%,-127.61%,Aug 26/a,2.15,0.00%,0
GGEHC,29.27B,0.16%,5.46%,19.19%,9.28%,1.21,0.91,0.95,0.96,39.37%,13.73%,9.33%,Jul 29/b,64.81,0.00%,"1,172"
GGEL,1.84B,5.19%,1.54%,58.85%,2.55%,0.93,0.90,-,-,21.84%,18.60%,1.34%,Aug 06/b,15.03,0.00%,0
GGELS,6.53M,-,-31.56%,-43.32%,-48.23%,0.09,0.27,0.00,0.36,-869.36%,-4107.16%,-4350.49%,-,0.61,6.76%,"1,368"
GGEM,-,1.82%,-,-,-,-,-,-,-,-,-,-,-,52.50,-0.36%,"2,406"
GGEMD,-,5.89%,-,-,-,-,-,-,-,-,-,-,-,40.97,0.00%,0
GGEME,-,3.83%,-,-,-,-,-,-,-,-,-,-,-,42.25,0.00%,0
GGEMG,-,-,-,-,-,-,-,-,-,-,-,-,-,12.49,-2.69%,120
GGEMI,777.53M,-,-33.62%,-416.47%,-107.52%,1.30,1.30,0.03,1.11,81.44%,-293.27%,-320.04%,Aug 13/a,6.00,0.12%,"5,357"
GGEMQ,-,-,-,-,-,-,-,-,-,-,-,-,-,24.98,0.00%,0
GGEN,17.49B,1.75%,6.58%,41.94%,9.90%,0.47,0.47,3.00,3.08,73.68%,42.80%,20.73%,Aug 06/a,29.22,0.24%,823
GGENB,2.23B,-,-,-,-,8.30,8.30,0.11,0.14,-,-,-,Aug 06/b,17.40,0.12%,222
GGENC,251.53M,-,6.49%,6.85%,6.62%,19.16,15.12,0.00,0.00,28.58%,11.74%,13.53%,Aug 10/a,17.16,0.00%,0
GGEND,-,2.67%,-,-,-,-,-,-,-,-,-,-,-,13.17,0.00%,0
GGENI,1.62B,-,-16.51%,-22.60%,-22.04%,1.59,1.59,0.04,0.04,22.50%,-16.52%,-22.27%,Aug 06/b,5.82,1.11%,151
GGENK,56.70M,-,-1.77%,-30.38%,-2.43%,0.29,0.25,12.31,13.87,2.14%,-10.81%,-2.09%,Aug 10/a,1.72,0.00%,0
GGENM,-,2.99%,-,-,-,-,-,-,-,-,-,-,-,10.05,0.00%,0
GGENT,-,4.28%,-,-,-,-,-,-,-,-,-,-,-,10.02,0.00%,0
GGENW,-,2.25%,-,-,-,-,-,-,-,-,-,-,-,15.13,0.00%,0
GGENZ,-,3.57%,-,-,-,-,-,-,-,-,-,-,-,38.19,0.00%,0
GGEO,3.99B,-,7.88%,20.11%,9.38%,1.65,1.65,1.05,1.08,21.26%,12.49%,10.31%,Aug 06/b,30.30,0.17%,219
GGEOS,67.52M,-,-28.79%,-34.42%,-41.27%,2.44,1.04,0.00,0.01,8.00%,-44.42%,-43.10%,Aug 06/a,5.22,0.00%,0
GGEQ,-,-,-,-,-,-,-,-,-,-,-,-,-,51.71,0.00%,0
GGERN,835.22M,-,-13.01%,-29.24%,-15.58%,6.92,5.16,1.05,1.15,96.45%,-18.36%,-34.17%,Aug 05/b,1.30,0.00%,0
GGETY,95.40M,-,-5.62%,-29.92%,-8.80%,0.78,0.78,3.00,4.57,65.68%,22.14%,-16.24%,Aug 10/a,0.23,-1.37%,"4,719"
GGEV,250.62B,0.21%,14.24%,91.48%,64.60%,0.84,0.62,0.23,0.24,20.16%,5.32%,23.05%,Jul 22/b,941.00,-0.55%,"3,226"
GGEVC,-,-,-,-,-,-,-,-,-,-,-,-,-,17.96,0.00%,0
GGEVG,-,-,-,-,-,-,-,-,-,-,-,-,-,21.71,0.00%,0
GGEVO,385.69M,-,-35.69%,-56.98%,-48.06%,2.70,2.19,0.62,0.62,34.17%,-29.94%,-119.93%,Aug 06/a,1.56,1.30%,508
GGEVX,-,-,-,-,-,-,-,-,-,-,-,-,-,17.08,0.04%,"1,284"
GGEW,-,1.23%,-,-,-,-,-,-,-,-,-,-,-,56.21,0.00%,0
GGF,179.38M,2.58%,-,-,-,-,-,-,-,-,-,-,-,11.00,0.00%,0
GGFAI,10.11M,-,-11.27%,-15.99%,-18.35%,5.32,5.31,0.06,0.12,12.76%,-16.68%,-18.89%,Apr 21/b,0.32,0.00%,0
GGFEB,-,-,-,-,-,-,-,-,-,-,-,-,-,45.12,0.00%,0
GGFF,4.31B,0.93%,11.28%,229.23%,14.26%,2.41,1.79,10.16,10.35,42.85%,19.69%,9.28%,Aug 05/b,95.12,0.00%,0
GGFGF,-,0.21%,-,-,-,-,-,-,-,-,-,-,-,36.58,0.00%,0
GGFI,37.35B,5.35%,33.44%,58.76%,38.29%,1.87,1.87,0.28,0.29,57.32%,52.56%,39.21%,Aug 25/b,41.73,-0.62%,"20,457"
GGFL,18.64B,0.14%,-0.91%,-2.42%,-1.04%,0.75,0.75,1.37,1.38,19.98%,5.64%,-2.86%,Jul 29/a,42.76,0.00%,0
GGFLW,-,0.34%,-,-,-,-,-,-,-,-,-,-,-,33.73,0.00%,0
GGFR,1.56B,-,-2.91%,-3.72%,-3.27%,0.96,0.76,0.03,0.03,20.08%,16.68%,-6.20%,May 05/a,6.48,0.00%,0
GGFS,26.61B,0.36%,4.25%,6.16%,5.37%,2.48,1.74,0.13,0.14,27.14%,11.59%,10.32%,Aug 05/b,48.49,-0.16%,"27,521"
GGFSG,-,-,-,-,-,-,-,-,-,-,-,-,-,3.75,-1.57%,"4,080"
GGFUZ,486.39M,-,-13.43%,-15.58%,-7.79%,0.06,0.06,0.00,0.01,-,-,-,-,8.00,0.25%,364
GGGAL,5.53B,1.56%,0.37%,2.00%,1.81%,2.29,-,0.07,0.46,-,13.53%,1.18%,Aug 20,41.76,0.00%,0
GGGB,6.20B,4.11%,2.75%,4.27%,3.34%,2.87,1.30,0.26,0.28,13.16%,7.38%,3.31%,Aug 04/a,5.00,0.00%,0
GGGG,12.40B,1.54%,17.28%,21.24%,21.02%,2.99,2.14,0.01,0.02,52.64%,27.44%,23.53%,Jul 22/a,76.59,0.00%,0
GGGLL,-,1.95%,-,-,-,-,-,-,-,-,-,-,-,108.40,1.33%,"29,562"
GGGLS,-,3.35%,-,-,-,-,-,-,-,-,-,-,-,56.03,-1.23%,25
GGGM,-,1.38%,-,-,-,-,-,-,-,-,-,-,-,31.09,0.00%,0
GGGME,-,0.07%,-,-,-,-,-,-,-,-,-,-,-,67.85,0.00%,0
GGGN,854.55M,6.58%,-,-,-,-,-,-,-,-,-,-,-,5.47,0.00%,0
GGGOV,-,3.22%,-,-,-,-,-,-,-,-,-,-,-,50.31,0.00%,0
GGGR,41.37M,-,-7.29%,-36.71%,-13.05%,0.69,0.54,2.31,3.16,17.12%,-11.81%,-16.98%,Aug 24/b,2.80,0.00%,0
GGGRW,-,0.40%,-,-,-,-,-,-,-,-,-,-,-,37.79,0.00%,0
GGGT,190.15M,21.89%,-,-,-,-,-,-,-,-,-,-,-,4.02,0.00%,0
GGGTL,-,0.82%,-,-,-,-,-,-,-,-,-,-,-,40.49,0.00%,0
GGGUS,-,0.40%,-,-,-,-,-,-,-,-,-,-,-,68.75,0.00%,0
GGGZ,118.41M,5.34%,-,-,-,-,-,-,-,-,-,-,-,15.73,0.00%,0
GGH,23.37B,-,-27.95%,-,-31.35%,4.03,3.71,-,-,65.01%,-39.70%,-38.33%,Jul 30/a,174.17,0.17%,29
GGHC,4.87B,0.65%,6.84%,11.82%,9.21%,1.86,1.59,0.23,0.28,27.86%,5.80%,10.63%,Jul 30/b,1150.00,0.34%,437
GGHG,68.11M,5.83%,0.83%,2.53%,1.49%,1.70,1.70,0.67,0.93,35.56%,12.21%,4.20%,-,1.03,0.00%,0
GGHI,139.37M,9.35%,-0.29%,-1.12%,-0.35%,0.24,0.24,2.22,2.73,89.53%,75.32%,-10.86%,Aug 11,5.99,0.00%,0
GGHM,1.01B,-,3.83%,7.49%,5.99%,1.23,0.92,0.03,0.04,22.58%,6.58%,4.53%,Aug 06/b,85.87,0.00%,0
GGHRS,1.92B,-,-18.16%,-18.79%,-17.32%,28.70,28.70,0.00,0.00,-,-,-,Aug 06/b,28.00,0.25%,20
GGHTA,-,3.72%,-,-,-,-,-,-,-,-,-,-,-,30.87,0.00%,0
GGHXI,367.19M,-,-,-,-,20.86,20.86,0.00,0.00,-,-,-,-,10.00,0.00%,400
GGHY,459.58M,11.23%,-,-,-,-,-,-,-,-,-,-,-,11.22,0.00%,0
GGHYB,-,6.77%,-,-,-,-,-,-,-,-,-,-,-,44.10,0.00%,0
GGHYG,-,6.31%,-,-,-,-,-,-,-,-,-,-,-,44.59,0.00%,0
GGIAX,-,23.26%,-,-,-,-,-,-,-,-,-,-,-,16.45,0.00%,0
GGIB,14.19B,0.70%,9.00%,17.14%,13.23%,0.93,0.93,0.33,0.43,16.74%,16.74%,10.54%,Jul 29/b,69.42,0.00%,0
GGIBO,81.30M,-,-,-,-,0.35,0.35,-,-,-,-,-,-,33.31,0.00%,0
GGIC,1.55B,2.70%,13.96%,26.18%,19.85%,2.24,1.43,0.25,0.29,36.37%,8.06%,5.90%,Aug 04/a,40.80,0.00%,0
GGIEQ,-,-,-,-,-,-,-,-,-,-,-,-,-,42.28,0.00%,0
GGIFT,24.12M,-,-27.81%,-40.23%,-38.45%,1.02,0.58,0.06,0.22,16.60%,-10.26%,-10.32%,Aug 03/b,0.68,0.00%,0
GGIGB,-,4.78%,-,-,-,-,-,-,-,-,-,-,-,44.48,0.00%,0
GGIGL,-,4.23%,-,-,-,-,-,-,-,-,-,-,-,49.03,0.00%,0
GGIGM,14.87M,-,-4.65%,-5.00%,-4.92%,10.94,10.94,0.00,0.00,54.91%,-59.68%,-43.36%,May 04/b,1.32,0.00%,0
GGII,-,2.81%,-,-,-,-,-,-,-,-,-,-,-,71.94,0.00%,0
GGIII,1.19B,1.45%,4.98%,7.68%,6.43%,2.70,1.74,0.16,0.19,43.08%,7.76%,4.75%,Sep 02/b,27.66,0.00%,0
GGIL,8.55B,2.15%,2.94%,8.68%,0.84%,1.93,1.01,1.15,1.45,27.74%,15.19%,1.28%,Jul 30/b,46.16,0.00%,0
GGILD,188.71B,2.14%,-6.17%,-20.57%,-9.09%,1.27,1.09,2.01,2.22,79.66%,39.05%,-10.61%,Aug 04/a,152.19,1.08%,"1,931"
GGILT,769.53M,-,4.53%,7.04%,5.51%,1.97,1.65,0.01,0.02,30.33%,4.65%,6.21%,Aug 05/b,9.99,-0.70%,"3,855"
GGINC,-,0.60%,-,-,-,-,-,-,-,-,-,-,-,49.35,0.00%,0
GGIND,-,-,-,-,-,-,-,-,-,-,-,-,-,24.63,0.00%,0
GGINN,-,1.11%,-,-,-,-,-,-,-,-,-,-,-,82.75,0.00%,0
GGINX,-,4.01%,-,-,-,-,-,-,-,-,-,-,-,36.48,0.00%,0
GGIPR,1.99M,-,-6.67%,-1295.88%,-13.03%,0.26,0.26,-,-,24.19%,-10.90%,-68.94%,Aug 14/b,0.66,-4.04%,"12,957"
GGIS,19.01B,6.91%,-0.28%,-1.06%,-0.44%,0.68,0.40,1.73,1.89,33.59%,15.33%,-0.48%,Sep 23/b,35.55,0.40%,"1,230"
GGISC,-,1.07%,-,-,-,-,-,-,-,-,-,-,-,49.63,0.00%,0
GGITS,8.99M,-,-85.26%,-100.22%,-126.94%,1.03,1.03,0.00,0.04,-41687.25%,-113461.04%,-225580.52%,-,2.14,0.00%,0
GGIW,370.56M,-,-,-,2.22%,7.10,7.10,0.00,0.00,-,-,-,-,10.16,0.00%,0
GGIX,365.65M,-,-,-,-,12.57,12.57,0.00,0.00,-,-,-,-,10.01,0.00%,0
GGIXI,12.95M,-,-45.32%,-245.46%,-65.94%,0.28,0.28,0.00,0.25,3.52%,-44.64%,-94.47%,-,5.20,-1.53%,132
GGJAN,-,-,-,-,-,-,-,-,-,-,-,-,-,46.20,0.00%,0
GGJUL,-,-,-,-,-,-,-,-,-,-,-,-,-,44.75,0.00%,0
GGJUN,-,-,-,-,-,-,-,-,-,-,-,-,-,42.15,0.00%,0
GGK,-,0.08%,-,-,-,-,-,-,-,-,-,-,-,29.20,0.00%,0
GGKAT,-,0.64%,-,-,-,-,-,-,-,-,-,-,-,45.06,0.00%,0
GGKOS,9.52B,-,-19.72%,-25.98%,-23.95%,5.04,4.46,0.15,0.15,79.12%,-12.89%,-30.68%,Jul 29/a,161.40,-0.08%,"2,414"
GGL,13.23B,0.71%,3.95%,20.95%,13.74%,1.02,-,0.43,0.48,-,26.86%,19.58%,Jul 22/a,172.16,0.00%,0
GGLAD,435.82M,9.33%,5.74%,9.86%,5.23%,1.29,1.29,0.81,0.81,74.77%,83.39%,52.12%,Aug 04/a,19.29,0.00%,0
GGLAM,-,-,-,-,-,-,-,-,-,-,-,-,-,28.08,0.00%,0
GGLAS,614.79M,-,-15.42%,-24.83%,-22.56%,1.33,0.70,0.34,0.43,21.40%,-25.12%,-37.52%,Aug 13/a,7.94,0.00%,0
GGLBE,6.69B,-,11.96%,16.96%,16.65%,2.07,2.07,0.02,0.03,44.30%,14.28%,13.87%,Aug 12/b,39.80,0.28%,40
GGLBL,-,0.72%,-,-,-,-,-,-,-,-,-,-,-,28.94,0.00%,0
GGLBS,83.09M,-,2.23%,3.80%,2.41%,2.77,2.68,0.54,0.59,36.45%,20.88%,12.72%,Aug 07/a,3.85,0.00%,0
GGLCR,-,0.73%,-,-,-,-,-,-,-,-,-,-,-,24.38,0.00%,0
GGLD,-,-,-,-,-,-,-,-,-,-,-,-,-,396.44,-0.49%,"153,918"
GGLDB,-,0.19%,-,-,-,-,-,-,-,-,-,-,-,23.67,0.00%,0
GGLDG,219.10M,-,-11.58%,-12.32%,-9.53%,39.65,39.65,0.00,0.00,-,-,-,Jul 14/b,1.02,0.00%,0
GGLDI,-,25.09%,-,-,-,-,-,-,-,-,-,-,-,149.27,0.00%,0
GGLDM,-,-,-,-,-,-,-,-,-,-,-,-,-,85.53,-0.50%,"30,782"
GGLDN,-,8.47%,-,-,-,-,-,-,-,-,-,-,-,16.63,0.00%,0
GGLDW,-,30.38%,-,-,-,-,-,-,-,-,-,-,-,41.58,-0.62%,108
GGLE,9.01M,-,-14.23%,-15.89%,-17.28%,3.67,3.67,0.00,0.00,5.72%,-108.02%,-91.42%,-,0.49,-3.32%,"1,820"
GGLED,160.46M,-,-,-,-,1.40,1.40,0.00,0.00,-,-,-,-,10.04,0.00%,0
GGLGG,-,-,-,-,-,-,-,-,-,-,-,-,-,5.30,-3.28%,"1,200"
GGLIBA,968.79M,1.53%,-9.81%,-20.98%,-11.25%,3.37,3.37,0.73,0.73,27.22%,13.03%,-32.53%,Aug 06/b,24.26,0.00%,0
GGLIBK,968.79M,-,-9.81%,-20.98%,-11.25%,3.37,3.37,0.73,0.73,27.22%,13.03%,-32.53%,Aug 06/b,24.26,0.00%,0
GGLIN,-,0.86%,-,-,-,-,-,-,-,-,-,-,-,44.91,0.00%,0
GGLIX,-,2.52%,-,-,-,-,-,-,-,-,-,-,-,25.86,0.00%,0
GGLL,-,-,-,-,-,-,-,-,-,-,-,-,-,23.06,0.96%,"133,775"
GGLND,122.03M,-,-6.17%,-6.23%,-7.22%,27.94,27.94,0.00,0.00,-,-,-,-,2.79,-3.11%,"1,150,142"
GGLNG,5.22B,1.75%,3.24%,8.55%,3.75%,2.34,2.34,1.25,1.38,55.10%,45.51%,31.27%,Aug 13/b,51.36,0.00%,0
GGLNK,-,-,-,-,-,-,-,-,-,-,-,-,-,11.53,0.00%,0
GGLO,235.64M,11.54%,-,-,-,-,-,-,-,-,-,-,-,5.51,0.00%,0
GGLOB,1.55B,0.84%,3.42%,5.36%,4.39%,1.84,1.84,0.22,0.25,30.06%,9.71%,4.63%,Aug 13/a,35.84,0.00%,0
GGLOF,-,1.51%,-,-,-,-,-,-,-,-,-,-,-,61.68,0.00%,0
GGLOO,437.51M,-,-54.94%,-262.68%,-71.65%,1.23,1.21,0.28,0.33,21.22%,-65.44%,-90.10%,Sep 09/a,4.78,-1.04%,488
GGLOW,-,1.21%,-,-,-,-,-,-,-,-,-,-,-,35.06,0.00%,0
GGLP,1.72B,5.99%,4.46%,24.42%,6.69%,1.19,0.71,2.50,2.70,4.41%,2.28%,0.78%,Aug 07/b,50.62,0.00%,0
GGLPI,11.54B,8.15%,7.27%,20.30%,7.25%,2.40,2.40,1.68,1.68,80.72%,82.62%,58.49%,Jul 30/a,39.67,0.00%,0
GGLQ,145.41M,10.98%,-,-,-,-,-,-,-,-,-,-,-,7.76,0.00%,0
GGLRE,492.56M,-,2.47%,7.50%,7.22%,1.26,-,0.01,0.01,-,5.24%,7.56%,Aug 04/a,15.09,0.00%,0
GGLRY,-,0.19%,-,-,-,-,-,-,-,-,-,-,-,38.11,0.00%,0
GGLSI,274.77M,-,-361.30%,-951.64%,-695.56%,1.54,1.54,0.00,0.00,-,-,-,Aug 17,18.72,0.67%,250
GGLTR,-,-,-,-,-,-,-,-,-,-,-,-,-,196.03,-1.12%,103
GGLU,110.31M,7.01%,-,-,-,-,-,-,-,-,-,-,-,18.41,0.00%,0
GGLUE,1.05B,-,-30.67%,-42.66%,-30.95%,10.58,10.58,0.07,0.08,71.72%,-633.04%,-560.85%,Aug 06/b,12.26,0.00%,0
GGLV,73.96M,11.28%,-,-,-,-,-,-,-,-,-,-,-,5.96,0.00%,0
GGLW,136.45B,0.74%,6.16%,16.05%,8.97%,1.81,1.24,0.69,0.75,35.54%,16.48%,11.20%,Jul 28/b,158.41,-0.36%,"128,328"
GGLWG,-,-,-,-,-,-,-,-,-,-,-,-,-,14.09,-1.05%,"90,007"
GGLX,-,-,-,-,-,-,-,-,-,-,-,-,-,16.45,0.00%,0
GGLXG,2.48M,-,-40.19%,-56.56%,-79.22%,2.39,2.39,0.00,0.02,44.48%,-76.25%,-75.09%,-,0.98,0.00%,99
GGLXU,-,12.56%,-,-,-,-,-,-,-,-,-,-,-,6.22,-2.66%,157
GGLXY,10.03B,-,-0.97%,-5.83%,-2.07%,1.50,1.50,1.56,2.78,61.22%,29.72%,-7.79%,Aug 05/b,25.65,-1.61%,"6,601"
GGM,73.63B,0.86%,0.68%,3.04%,1.28%,1.14,0.97,1.46,2.06,5.74%,0.98%,1.01%,Jul 21/b,83.91,-0.05%,66
GGMAB,20.73B,-,8.28%,13.96%,7.20%,2.46,2.44,0.83,0.89,93.03%,32.27%,19.04%,Aug 06/a,34.69,0.00%,0
GGMAR,-,-,-,-,-,-,-,-,-,-,-,-,-,45.28,0.00%,0
GGMAY,-,-,-,-,-,-,-,-,-,-,-,-,-,44.15,0.00%,0
GGME,11.88B,-,8.32%,15.79%,8.59%,8.72,8.07,0.69,0.71,37.89%,13.90%,25.16%,Sep 08/b,23.55,3.47%,"171,351"
GGMEC,-,-,-,-,-,-,-,-,-,-,-,-,-,25.14,0.00%,0
GGMED,9.97B,-,10.25%,11.81%,11.00%,4.62,2.93,0.02,0.02,64.90%,21.53%,17.03%,Aug 06/a,74.29,0.00%,0
GGMEU,-,-,-,-,-,-,-,-,-,-,-,-,-,8.39,6.20%,"15,193"
GGMEX,0.37M,12295.68%,-22.74%,-85.84%,-13.56%,4.88,3.98,3.78,3.79,9.04%,-86.86%,-171.17%,-,0.41,0.29%,"13,297"
GGMEY,-,70.11%,-,-,-,-,-,-,-,-,-,-,-,25.92,3.09%,4
GGMF,-,1.16%,-,-,-,-,-,-,-,-,-,-,-,160.15,0.00%,0
GGMHS,43.82M,-,8.98%,12.69%,11.28%,2.84,3.15,0.04,0.07,52.71%,1.59%,4.39%,Sep 08/b,0.76,0.00%,0
GGMM,20.47M,-,-135.35%,-186.57%,-240.18%,1.89,1.89,0.00,0.08,27.79%,-15.84%,-108.44%,-,2.10,0.96%,"1,034"
GGMMA,-,3.36%,-,-,-,-,-,-,-,-,-,-,-,22.12,0.00%,0
GGMMF,-,3.85%,-,-,-,-,-,-,-,-,-,-,-,100.30,0.00%,0
GGMNY,-,3.54%,-,-,-,-,-,-,-,-,-,-,-,48.52,0.00%,0
GGMOC,-,3.34%,-,-,-,-,-,-,-,-,-,-,-,50.15,0.00%,0
GGMOD,-,1.35%,-,-,-,-,-,-,-,-,-,-,-,27.86,0.00%,0
GGMOI,-,2.61%,-,-,-,-,-,-,-,-,-,-,-,41.00,0.00%,0
GGMOM,-,1.41%,-,-,-,-,-,-,-,-,-,-,-,38.71,0.00%,0
GGMOV,-,1.82%,-,-,-,-,-,-,-,-,-,-,-,32.52,0.00%,0
GGMRS,623.95M,-,-,-,-,2.01,1.88,5.73,6.02,-,-,-,Aug 12/a,11.55,0.00%,202
GGMTL,432.59M,-,-17.10%,-17.93%,-10.71%,15.32,15.32,0.00,0.00,-,-,-,Sep 17/b,10.88,0.00%,0
GGMUB,-,3.51%,-,-,-,-,-,-,-,-,-,-,-,49.67,0.00%,0
GGNE,426.90M,1.85%,7.92%,13.00%,9.56%,2.89,2.75,0.03,0.03,24.09%,2.77%,5.12%,Aug 06/b,16.22,0.00%,0
GGNK,1.21B,11.36%,3.50%,4.53%,3.32%,2.97,2.41,0.37,0.37,24.83%,16.51%,9.15%,Aug 05/a,27.83,0.00%,0
GGNL,2.02B,8.70%,-0.35%,-0.96%,-0.39%,5.06,5.06,1.63,1.63,51.30%,34.88%,-13.26%,Aug 05/a,8.74,0.00%,0
GGNLN,1.73M,-,-381.46%,-533.99%,-477.54%,2.36,2.36,0.00,0.00,-1603.46%,-2081.62%,-4630.56%,Aug 14/a,2.50,0.81%,26
GGNLX,115.83M,-,-121.80%,-177.93%,-195.51%,2.39,2.39,0.13,0.15,-5925.00%,-455275.00%,-444950.00%,Aug 13/a,2.56,0.00%,0
GGNMA,-,4.37%,-,-,-,-,-,-,-,-,-,-,-,42.83,0.00%,0
GGNMX,-,-,-,-,-,-,-,-,-,-,-,-,-,36.86,0.00%,0
GGNOM,-,0.95%,-,-,-,-,-,-,-,-,-,-,-,68.21,0.90%,329
GGNOV,-,-,-,-,-,-,-,-,-,-,-,-,-,42.91,0.00%,0
GGNPX,2.79M,-,-157.40%,-203.86%,-111.51%,6.77,6.77,0.00,0.00,-,-,-,-,3.40,-2.25%,303
GGNR,-,2.38%,-,-,-,-,-,-,-,-,-,-,-,76.41,0.00%,0
GGNRC,12.08B,-,4.63%,9.48%,6.26%,2.04,1.00,0.43,0.47,37.38%,13.22%,5.82%,Jul 29/b,204.76,-0.10%,"2,195"
GGNS,30.20M,-,-46.89%,-68.45%,-60.52%,0.86,0.84,0.02,0.12,13.40%,-323.21%,-658.94%,Sep 28/b,0.16,1.88%,"59,403"
GGNSS,69.68M,-,-10.69%,-672.00%,-81.40%,0.76,0.40,-,-,54.03%,-3.16%,-10.86%,Aug 13/a,1.53,0.00%,0
GGNT,150.13M,7.73%,-,-,-,-,-,-,-,-,-,-,-,8.93,0.00%,0
GGNTA,15.87M,-,-27.77%,-38.00%,-21.20%,14.16,14.16,0.35,0.35,-,-,-,Jul 22/b,0.68,0.00%,0
GGNTX,4.66B,2.17%,13.78%,16.13%,15.76%,3.04,1.76,0.00,0.00,35.00%,19.55%,15.26%,Jul 24/b,22.13,0.00%,0
GGNW,3.79B,-,0.29%,2.31%,2.07%,-,-,0.17,0.17,-,7.23%,3.04%,Aug 05/a,10.03,0.00%,0
GGO,1.11B,-,-12.07%,-38.06%,-14.89%,1.29,0.30,2.14,2.27,29.99%,4.47%,-8.04%,Aug 12/a,11.23,0.00%,0
GGOAI,70.39M,-,-40.65%,-58.45%,-37.39%,13.07,13.07,0.06,0.14,34.66%,-36.84%,-39.29%,-,1.76,0.57%,1
GGOAU,-,0.86%,-,-,-,-,-,-,-,-,-,-,-,46.51,0.00%,0
GGOCT,-,-,-,-,-,-,-,-,-,-,-,-,-,42.69,0.00%,0
GGOEX,-,1.99%,-,-,-,-,-,-,-,-,-,-,-,88.80,0.00%,0
GGOF,1.93B,25.34%,-,-,-,-,-,-,-,-,-,-,-,8.62,-0.12%,4
GGOGL,-,-,-,-,-,-,-,-,-,-,-,-,-,26.27,3.71%,100
GGOGO,340.12M,-,-0.07%,-0.76%,-0.09%,1.73,1.21,7.16,7.30,34.61%,12.12%,-0.09%,Aug 06/b,2.51,0.00%,0
GGOIB,-,2.42%,-,-,-,-,-,-,-,-,-,-,-,25.33,0.00%,0
GGOLD,1.26B,1.85%,2.58%,10.80%,9.14%,1.15,0.40,0.03,1.03,1.59%,0.52%,0.32%,Sep 02/a,43.34,-1.04%,431
GGOLF,4.76B,1.16%,8.84%,25.37%,11.81%,2.55,1.48,1.01,1.04,48.89%,13.79%,8.12%,Aug 06/b,81.51,-0.50%,424
GGOLI,-,44.30%,-,-,-,-,-,-,-,-,-,-,-,12.71,0.00%,0
GGOLS,-,-,-,-,-,-,-,-,-,-,-,-,-,26.33,0.00%,0
GGOLY,-,8.27%,-,-,-,-,-,-,-,-,-,-,-,26.17,0.00%,0
GGOOD,614.61M,9.52%,1.99%,7.22%,2.09%,1.63,1.63,2.57,2.63,43.55%,38.97%,7.15%,Aug 05/a,12.60,0.00%,0
GGOOG,4359.86B,0.23%,34.30%,48.68%,32.33%,2.72,2.64,0.18,0.18,60.94%,33.96%,54.70%,Jul 22/a,354.22,0.95%,"92,172"
GGOOGL,4359.14B,0.23%,34.30%,48.68%,32.33%,2.72,2.64,0.18,0.18,60.94%,33.96%,54.70%,Jul 22/a,358.30,0.94%,"202,645"
GGOOL,-,-,-,-,-,-,-,-,-,-,-,-,-,13.54,0.94%,"1,402"
GGOOP,-,14.61%,-,-,-,-,-,-,-,-,-,-,-,36.96,0.00%,3
GGOOS,733.43M,-,3.50%,11.80%,4.61%,2.33,0.97,1.37,1.58,61.63%,10.23%,3.64%,Jul 30/b,7.51,0.00%,0
GGOOW,-,39.45%,-,-,-,-,-,-,-,-,-,-,-,62.55,1.08%,341
GGOOX,-,0.28%,-,-,-,-,-,-,-,-,-,-,-,76.71,1.68%,"9,872"
GGOOY,-,51.56%,-,-,-,-,-,-,-,-,-,-,-,12.37,0.00%,"1,630"
GGOP,-,0.55%,-,-,-,-,-,-,-,-,-,-,-,45.24,0.00%,0
GGORO,473.42M,-,-48.89%,-,-,0.49,0.36,-,-,19.15%,3.13%,-46.56%,May 07/a,3.49,-1.13%,"5,751"
GGOSS,71.31M,-,-78.81%,-783.37%,-,0.53,0.53,-,-,98.25%,-297.67%,-235.00%,Aug 13/a,11.67,3.46%,37
GGOTU,275.22M,-,-5.42%,-25.08%,-21.59%,0.86,0.85,0.42,0.93,67.54%,-6.60%,-5.00%,Aug 27/b,2.20,0.00%,0
GGOU,-,-,-,-,-,-,-,-,-,-,-,-,-,27.39,1.91%,171
GGOVI,-,4.04%,-,-,-,-,-,-,-,-,-,-,-,26.07,0.00%,0
GGOVM,-,1.21%,-,-,-,-,-,-,-,-,-,-,-,24.53,0.00%,0
GGOVT,-,3.72%,-,-,-,-,-,-,-,-,-,-,-,22.21,0.13%,140
GGOVX,3.53M,-,-408.80%,-891.59%,-1058.19%,1.54,1.54,0.10,0.18,-,-,-,Aug 12,0.35,-2.43%,"3,472"
GGOVZ,-,5.45%,-,-,-,-,-,-,-,-,-,-,-,33.75,-0.15%,450
GGP,8.02M,-,-11.50%,-1018.97%,-30.88%,1.49,0.11,4.20,8.34,52.13%,2.94%,-24.28%,Aug 14/a,0.81,0.00%,0
GGPAC,296.45M,-,-,-,1.63%,2.40,2.40,0.00,0.00,-,-,-,-,10.08,0.00%,0
GGPAT,177.29M,-,4.20%,4.56%,10.30%,0.05,0.05,0.00,0.01,-,-,-,-,10.97,0.00%,0
GGPC,17.43B,3.35%,0.16%,0.71%,0.32%,1.16,0.50,1.25,1.47,34.65%,4.85%,0.13%,Jul 21/b,126.45,0.00%,0
GGPCR,2.63B,-,-19.20%,-20.24%,-15.84%,20.75,20.75,0.00,0.00,-,-,-,Aug 06/a,36.85,0.11%,970
GGPGI,3.59B,0.05%,-16.72%,-20.62%,-9.96%,1.14,1.14,0.00,0.00,-,-,-,Aug 06/b,12.39,0.00%,0
GGPI,3.00B,0.88%,2.79%,9.40%,4.61%,1.02,0.25,1.10,1.96,15.38%,4.23%,1.29%,Jul 30/b,252.04,0.47%,57
GGPIQ,-,9.84%,-,-,-,-,-,-,-,-,-,-,-,58.08,0.09%,"22,143"
GGPIX,-,8.11%,-,-,-,-,-,-,-,-,-,-,-,56.20,-0.37%,"1,097"
GGPK,2.74B,4.76%,1.65%,6.01%,2.32%,1.38,0.60,1.58,1.75,15.53%,6.94%,2.25%,Aug 04/b,9.25,0.00%,1
GGPMT,39.13M,21.35%,-4.87%,-15.47%,-14.45%,0.23,0.13,0.19,1.98,79.51%,9.28%,-78.13%,Aug 05/a,0.81,-1.90%,25
GGPN,22.57B,1.35%,0.89%,2.18%,1.69%,0.82,0.82,0.93,1.02,63.89%,20.57%,7.40%,Aug 05/b,85.29,0.00%,0
GGPOR,2.76B,-,16.21%,27.41%,18.07%,0.58,0.58,0.50,0.50,45.11%,42.18%,31.88%,Aug 03/a,156.16,0.00%,0
GGPRE,1.04B,-,7.58%,15.44%,9.55%,1.99,1.58,0.49,0.63,11.77%,7.01%,6.61%,Aug 06/b,14.85,0.00%,0
GGPRF,-,5.74%,-,-,-,-,-,-,-,-,-,-,-,48.92,0.00%,0
GGPRK,699.58M,0.65%,6.88%,28.57%,9.81%,1.17,1.15,1.27,1.81,42.81%,29.04%,16.00%,Aug 04/a,10.78,0.00%,0
GGPRO,243.27M,-,-38.73%,-497.15%,-,0.57,0.35,-,-,28.59%,-20.25%,-28.52%,Aug 10/a,1.30,-0.01%,"68,190"
GGPT,-,0.66%,-,-,-,-,-,-,-,-,-,-,-,34.40,0.00%,0
GGPTY,-,35.39%,-,-,-,-,-,-,-,-,-,-,-,43.51,-1.22%,2
GGPUS,35.76M,-,-31.96%,-153.16%,-59.69%,0.57,0.54,0.34,1.22,26.14%,-55.67%,-78.15%,Aug 04/a,0.19,-1.95%,"482,203"
GGPZ,-,1.00%,-,-,-,-,-,-,-,-,-,-,-,22.61,-0.35%,"25,588"
GGQGU,-,0.94%,-,-,-,-,-,-,-,-,-,-,-,26.61,0.00%,0
GGQI,-,8.57%,-,-,-,-,-,-,-,-,-,-,-,61.05,0.00%,0
GGQQQ,-,0.45%,-,-,-,-,-,-,-,-,-,-,-,36.44,0.00%,0
GGQRE,-,4.33%,-,-,-,-,-,-,-,-,-,-,-,61.16,0.00%,0
GGRAB,12.44B,-,4.85%,9.08%,8.31%,1.52,1.51,0.06,0.30,43.63%,8.84%,15.97%,Aug 04/b,3.05,4.81%,"2,338,605"
GGRAG,-,-,-,-,-,-,-,-,-,-,-,-,-,4.27,11.17%,"7,492"
GGRAL,4.82B,-,-14.12%,-16.12%,-14.93%,10.95,10.74,0.03,0.04,-36.99%,-323.02%,-236.95%,Aug 05/a,108.00,0.03%,781
GGRAN,24.35M,-,-,-,-46.46%,0.54,0.54,0.03,0.05,43.74%,-52.89%,-134.75%,-,0.98,-10.72%,50
GGRBK,2.91B,-,11.83%,15.74%,12.85%,8.99,0.67,0.15,0.15,30.71%,19.50%,14.77%,Jul 29/a,67.56,0.00%,0
GGRC,1.95B,1.03%,7.22%,14.86%,8.70%,2.81,1.82,0.62,0.62,29.68%,14.84%,8.88%,Jul 24/b,73.74,-0.01%,3
GGRCE,44.18M,-,-33.74%,-36.19%,-41.94%,11.47,11.47,0.00,0.00,-,-,-,Aug 13/b,2.10,0.00%,0
GGRDN,2.80B,-,16.48%,31.75%,24.10%,1.65,1.33,0.11,0.14,21.63%,5.72%,4.50%,Aug 06/a,44.16,0.00%,0
GGRDX,24.25M,-,-32.94%,-56.50%,-111.81%,0.16,0.16,0.00,0.10,-815.60%,-7655.42%,-12999.98%,-,3.40,0.00%,0
GGREK,-,2.27%,-,-,-,-,-,-,-,-,-,-,-,86.10,0.05%,302
GGRF,40.39M,0.88%,-,-,-,-,-,-,-,-,-,-,-,10.18,0.00%,0
GGRFS,1.89B,3.66%,2.28%,8.50%,3.38%,2.37,0.81,1.46,1.54,36.98%,16.23%,6.09%,Jul 28/a,7.34,-0.29%,169
GGRI,4.17M,-,-113.27%,-142.02%,-93.96%,10.30,10.30,0.00,0.00,-,-,-,Aug 19,1.91,-1.55%,"2,826"
GGRID,-,0.79%,-,-,-,-,-,-,-,-,-,-,-,181.84,0.42%,100
GGRIN,-,0.50%,-,-,-,-,-,-,-,-,-,-,-,33.08,0.00%,0
GGRML,33.32M,-,-57.39%,-63.50%,-37.59%,10.09,10.09,0.00,0.01,-,-,-,-,10.49,11.31%,"3,371,510"
GGRMN,54.06B,1.47%,17.26%,21.89%,20.39%,3.02,2.08,0.02,0.02,60.08%,27.61%,24.47%,Jul 29/b,280.31,0.00%,0
GGRN,-,-,-,-,-,-,-,-,-,-,-,-,-,34.69,0.00%,0
GGRNB,-,4.48%,-,-,-,-,-,-,-,-,-,-,-,23.57,0.00%,0
GGRND,2.76B,-,18.92%,108.65%,26.81%,1.05,1.05,-,-,74.12%,31.13%,18.75%,Aug 06/a,15.89,0.00%,0
GGRNI,-,7.19%,-,-,-,-,-,-,-,-,-,-,-,21.44,0.00%,0
GGRNJ,-,-,-,-,-,-,-,-,-,-,-,-,-,29.57,0.00%,0
GGRNQ,19.85M,-,-22.82%,-26.78%,-16.50%,0.87,0.87,0.00,0.00,77.17%,-125.98%,-169.57%,-,10.95,0.00%,0
GGRNT,612.02M,9.48%,-2.40%,-4.66%,-2.84%,1.02,1.02,0.76,0.82,27.39%,20.68%,-5.66%,Aug 06/a,4.64,0.00%,0
GGRNY,-,0.07%,-,-,-,-,-,-,-,-,-,-,-,28.44,0.00%,0
GGRO,143.10M,-,-14.83%,-15.60%,-12.65%,42.20,42.20,0.00,0.00,-,-,-,Aug 13/b,2.31,0.00%,0
GGROV,44.41M,-,-11.92%,-71.89%,-27.97%,1.26,0.54,2.20,2.63,53.64%,-1.77%,-5.02%,Aug 06/a,1.04,0.00%,0
GGROW,36.89M,3.20%,6.30%,6.76%,6.75%,19.71,19.71,0.00,0.00,99.46%,29.18%,39.35%,Sep 03/a,3.00,0.00%,0
GGROY,759.91M,-,0.19%,0.23%,0.21%,4.80,4.80,0.00,0.00,70.42%,22.94%,6.65%,Aug 05/a,3.28,0.61%,239
GGROZ,-,0.04%,-,-,-,-,-,-,-,-,-,-,-,34.03,0.00%,0
GGRPM,-,0.56%,-,-,-,-,-,-,-,-,-,-,-,138.84,0.00%,0
GGRPN,886.50M,-,-20.12%,-19.11%,-65.76%,0.79,0.79,-,-,89.14%,1.55%,-25.26%,Aug 06/a,21.80,-1.13%,479
GGRPZ,-,0.84%,-,-,-,-,-,-,-,-,-,-,-,31.48,0.00%,0
GGRRR,375.51M,-,-17.97%,-36.92%,-21.15%,2.24,2.24,0.37,0.44,17.29%,-25.49%,-35.38%,Aug 24/a,13.65,0.81%,"3,256"
GGRSD,55.80M,-,-12.32%,-29.92%,-16.63%,0.59,1.31,1.10,1.11,77.51%,10.04%,-22.37%,Aug 13/a,1.59,0.00%,0
GGRVY,483.79M,-,11.14%,13.24%,12.99%,7.20,7.20,0.01,0.01,33.64%,16.21%,14.89%,Aug 07/b,69.61,0.00%,0
GGRW,-,0.27%,-,-,-,-,-,-,-,-,-,-,-,30.88,0.00%,0
GGRWG,92.51M,-,-11.30%,-17.07%,-15.19%,3.89,2.51,0.23,0.29,21.54%,-10.61%,-10.07%,Aug 11/a,1.57,0.00%,0
GGRX,140.21M,7.05%,-,-,-,-,-,-,-,-,-,-,-,9.64,0.00%,0
GGS,280.59B,1.98%,1.07%,16.99%,4.33%,1.19,-,2.94,6.50,-,19.52%,14.72%,Oct 13/b,963.67,0.45%,"1,345"
GGSAT,11.00B,-,-2.50%,-16.68%,-8.34%,1.55,1.51,1.23,1.41,34.70%,4.79%,-23.19%,Aug 06/b,84.88,2.22%,4
GGSBC,856.00M,2.23%,1.18%,10.65%,10.02%,0.15,-,0.05,0.80,-,25.03%,20.62%,Jul 15/a,78.55,0.00%,0
GGSBD,1.11B,13.61%,1.75%,4.07%,1.82%,0.49,0.49,1.36,1.36,84.57%,48.29%,16.07%,Aug 06/a,9.82,0.20%,328
GGSC,-,0.14%,-,-,-,-,-,-,-,-,-,-,-,62.39,0.00%,0
GGSEE,-,2.01%,-,-,-,-,-,-,-,-,-,-,-,70.85,0.00%,0
GGSEP,-,-,-,-,-,-,-,-,-,-,-,-,-,42.32,0.00%,0
GGSEU,-,2.75%,-,-,-,-,-,-,-,-,-,-,-,49.04,0.00%,0
GGSEW,-,1.37%,-,-,-,-,-,-,-,-,-,-,-,95.44,0.00%,0
GGSG,-,-,-,-,-,-,-,-,-,-,-,-,-,35.88,0.00%,0
GGSGO,-,-,-,-,-,-,-,-,-,-,-,-,-,45.90,0.00%,0
GGSHD,1.84B,-,8.37%,-,14.22%,1.54,1.54,-,-,-,23.31%,8.78%,Jul 22/a,51.70,0.00%,0
GGSHR,216.00M,-,2.65%,2.75%,2.71%,1.00,1.00,0.00,0.00,-,-,-,-,10.56,0.00%,0
GGSIB,-,1.37%,-,-,-,-,-,-,-,-,-,-,-,64.86,0.13%,2
GGSID,-,2.42%,-,-,-,-,-,-,-,-,-,-,-,76.79,0.00%,0
GGSIE,-,2.48%,-,-,-,-,-,-,-,-,-,-,-,47.28,0.00%,0
GGSIT,213.30M,-,-19.90%,-24.48%,-16.03%,9.16,8.70,0.07,0.09,53.33%,-82.25%,-62.90%,Jul 30/a,5.55,-0.36%,"3,697"
GGSIW,165.61M,-,-47.86%,-89.50%,-57.13%,1.72,1.67,0.00,0.00,28.14%,-190.43%,-190.12%,-,15.46,0.00%,0
GGSJY,-,1.91%,-,-,-,-,-,-,-,-,-,-,-,56.05,0.00%,0
GGSK,101.42B,3.70%,7.95%,29.69%,15.47%,0.82,0.52,0.79,1.03,73.29%,25.00%,14.56%,Jul 28/b,50.62,-0.90%,662
GGSKH,-,2.89%,-,-,-,-,-,-,-,-,-,-,-,71.87,0.00%,0
GGSL,1.64B,5.48%,13.62%,21.35%,15.55%,2.13,2.06,0.27,0.35,52.24%,48.47%,47.87%,Aug 05/b,45.59,0.00%,0
GGSLC,-,0.91%,-,-,-,-,-,-,-,-,-,-,-,147.52,0.00%,1
GGSM,747.44M,1.47%,-2.52%,-5.28%,-4.99%,1.29,0.74,0.13,0.31,11.85%,-4.13%,-2.96%,Aug 04/a,4.00,-3.85%,"2,380"
GGSOL,-,0.33%,-,-,-,-,-,-,-,-,-,-,-,8.97,0.00%,0
GGSPY,-,2.21%,-,-,-,-,-,-,-,-,-,-,-,42.94,0.00%,0
GGSRF,301.11M,-,4.92%,5.12%,2.56%,34.73,34.73,0.00,0.00,-,-,-,-,10.25,0.00%,0
GGSRV,301.01M,-,-,-,-,34.31,34.31,0.00,0.00,-,-,-,-,9.90,0.00%,0
GGSSC,-,1.07%,-,-,-,-,-,-,-,-,-,-,-,87.77,0.00%,0
GGSST,-,4.27%,-,-,-,-,-,-,-,-,-,-,-,50.46,0.00%,0
GGSUI,-,0.06%,-,-,-,-,-,-,-,-,-,-,-,15.05,0.00%,0
GGSUN,2.32M,-,-18.00%,-221.90%,-35.83%,1.02,1.02,0.44,0.56,1.83%,-10.21%,-9.30%,-,0.23,-2.53%,"1,414"
GGSUS,-,0.95%,-,-,-,-,-,-,-,-,-,-,-,107.39,0.00%,0
GGSWO,-,1.47%,-,-,-,-,-,-,-,-,-,-,-,65.99,0.00%,0
GGSY,-,4.21%,-,-,-,-,-,-,-,-,-,-,-,49.94,0.00%,0
GGT,1.45B,-,-12.43%,-63.93%,-26.93%,1.09,0.55,2.33,2.89,18.34%,2.81%,-14.37%,Aug 05/a,5.04,0.40%,"2,946"
GGTBP,12.96M,-,-342.05%,-1446.48%,-618.74%,2.38,2.38,0.00,0.00,-,-,-,Aug 14/b,7.18,0.00%,0
GGTE,350.62M,-,-15.66%,-97.85%,-37.34%,0.48,0.39,4.17,4.52,16.96%,3.88%,-40.01%,Aug 05/b,9.91,0.00%,0
GGTEC,28.31M,-,9.34%,16.03%,14.26%,1.97,1.59,0.00,0.29,32.48%,16.30%,12.32%,Aug 14/b,1.07,-3.89%,"6,495"
GGTEK,-,-,-,-,-,-,-,-,-,-,-,-,-,59.16,0.00%,0
GGTEN,473.51M,-,1.65%,1.79%,1.77%,0.13,0.13,0.00,0.00,-,-,-,-,10.47,0.00%,0
GGTERA,247.47M,-,5.92%,6.01%,3.00%,5.74,5.74,0.00,0.00,-,-,-,-,10.43,0.00%,0
GGTES,6.44B,-,4.98%,10.72%,6.23%,3.24,2.36,0.66,0.67,40.55%,15.07%,10.39%,Jul 31/b,25.45,0.00%,0
GGTIM,16.15M,-,2.69%,6.53%,3.44%,0.47,0.37,0.84,1.01,10.50%,1.00%,1.65%,Aug 06/a,1.53,0.00%,0
GGTIP,-,5.57%,-,-,-,-,-,-,-,-,-,-,-,47.05,0.00%,0
GGTLB,8.31B,-,-3.33%,-5.88%,-5.69%,2.35,2.35,0.00,0.00,85.77%,-8.07%,-4.99%,Sep 01/a,49.87,0.16%,"2,000"
GGTM,1.14B,-,-8.92%,-45.45%,-23.17%,0.65,0.65,1.82,1.83,82.24%,22.52%,-43.02%,Aug 05/a,3.90,0.00%,0
GGTN,489.21M,6.82%,-0.25%,-0.94%,-0.30%,0.95,0.94,2.15,2.16,18.61%,14.42%,-1.84%,Aug 07/b,4.69,1.52%,24
GGTND,-,0.15%,-,-,-,-,-,-,-,-,-,-,-,26.04,0.00%,0
GGTO,-,4.93%,-,-,-,-,-,-,-,-,-,-,-,45.42,0.00%,0
GGTOC,-,4.39%,-,-,-,-,-,-,-,-,-,-,-,24.32,0.00%,0
GGTOH,-,5.98%,-,-,-,-,-,-,-,-,-,-,-,25.06,0.00%,0
GGTOP,-,-,-,-,-,-,-,-,-,-,-,-,-,51.47,0.00%,0
GGTOQ,-,7.06%,-,-,-,-,-,-,-,-,-,-,-,21.99,0.00%,0
GGTOS,-,4.52%,-,-,-,-,-,-,-,-,-,-,-,24.67,0.00%,0
GGTPE,-,-,-,-,-,-,-,-,-,-,-,-,-,61.09,0.00%,0
GGTR,-,2.15%,-,-,-,-,-,-,-,-,-,-,-,27.79,0.00%,0
GGTX,4.92B,0.91%,14.64%,-,49.45%,1.00,0.76,-,-,24.77%,14.81%,9.51%,Jul 29/b,26.40,0.00%,0
GGTY,1.83B,6.63%,4.63%,9.46%,4.53%,1.48,1.48,0.96,0.96,69.99%,61.64%,41.93%,Jul 22/a,29.47,0.00%,0
GGUAC,390.35M,-,-,-,-,8.17,8.17,0.00,0.00,-,-,-,-,9.91,0.00%,0
GGUG,-,9.85%,-,-,-,-,-,-,-,-,-,-,-,14.50,0.00%,1
GGUMI,-,2.66%,-,-,-,-,-,-,-,-,-,-,-,50.23,0.00%,0
GGUNR,-,2.27%,-,-,-,-,-,-,-,-,-,-,-,54.34,0.00%,0
GGURE,6.40M,-,-28.95%,-34.23%,-35.47%,2.34,2.30,0.11,0.16,52.85%,-12.98%,-165.06%,-,3.53,7.21%,"1,991,969"
GGURU,-,0.08%,-,-,-,-,-,-,-,-,-,-,-,68.81,0.00%,0
GGUSA,-,0.95%,-,-,-,-,-,-,-,-,-,-,-,66.99,0.00%,0
GGUSE,-,0.64%,-,-,-,-,-,-,-,-,-,-,-,46.33,0.00%,0
GGUSH,-,1.11%,-,-,-,-,-,-,-,-,-,-,-,43.14,0.00%,"3,763"
GGUT,555.47M,9.72%,-,-,-,-,-,-,-,-,-,-,-,6.17,0.00%,0
GGUTS,90.73M,-,-146.75%,-778.33%,-196.04%,3.15,3.15,-,-,-,-,-,Aug 10/a,0.57,-0.30%,"1,800"
GGVA,5.09B,0.45%,-4.18%,-18.17%,-7.97%,1.01,0.94,1.75,2.30,15.64%,6.16%,-3.32%,Jul 30/b,116.20,0.00%,0
GGVAL,-,2.43%,-,-,-,-,-,-,-,-,-,-,-,38.60,-1.48%,2
GGVH,5.30M,-,2.21%,2.44%,1.83%,9.58,9.58,0.00,0.00,7.53%,-0.86%,0.79%,Jul 14/b,1.23,4.24%,"1,156"
GGVI,-,3.72%,-,-,-,-,-,-,-,-,-,-,-,103.94,0.00%,0
GGVIP,-,0.30%,-,-,-,-,-,-,-,-,-,-,-,173.54,0.00%,0
GGVLE,-,0.98%,-,-,-,-,-,-,-,-,-,-,-,48.46,0.00%,0
GGVLU,-,2.81%,-,-,-,-,-,-,-,-,-,-,-,27.80,0.00%,0
GGVUS,-,1.47%,-,-,-,-,-,-,-,-,-,-,-,65.31,0.00%,0
GGWAV,7.58M,-,-28.68%,-56.67%,-72.99%,0.23,0.12,0.08,0.61,17.07%,-25.52%,-27.67%,-,2.54,0.00%,0
GGWH,15.30M,-,-182.63%,-21339.71%,-928.93%,0.68,0.67,-,-,2669.65%,4382.86%,5612.36%,Aug 11/a,0.38,2.76%,"3,585"
GGWRE,12.35B,-,5.26%,10.51%,7.34%,1.74,1.74,0.59,0.60,64.14%,10.26%,9.44%,Sep 03/a,150.65,0.85%,160
GGWRS,242.17M,3.57%,0.67%,3.88%,1.41%,0.68,0.68,1.62,1.67,43.61%,13.60%,5.22%,Aug 13/b,8.41,0.00%,0
GGWW,60.19B,0.76%,20.16%,47.92%,27.28%,2.81,1.70,0.66,0.68,39.40%,15.55%,9.92%,Aug 04/b,1277.79,0.00%,0
GGWX,-,2.57%,-,-,-,-,-,-,-,-,-,-,-,46.45,0.00%,0
GGXAI,6.86M,-,-23.68%,-24.09%,-22.50%,10.57,10.57,0.00,0.00,96.03%,-115.80%,-64.79%,Aug 12/a,0.62,2.72%,"1,228"
GGXC,-,2.22%,-,-,-,-,-,-,-,-,-,-,-,89.55,0.00%,0
GGXDW,-,1.43%,-,-,-,-,-,-,-,-,-,-,-,25.05,0.00%,0
GGXIG,-,5.03%,-,-,-,-,-,-,-,-,-,-,-,24.10,0.00%,0
GGXLC,-,0.88%,-,-,-,-,-,-,-,-,-,-,-,93.40,0.00%,0
GGXO,5.21B,-,1.08%,4.42%,1.73%,0.79,0.79,1.54,2.05,11.81%,3.28%,0.96%,Aug 04/a,45.40,0.00%,0
GGXPC,-,0.30%,-,-,-,-,-,-,-,-,-,-,-,31.69,0.00%,0
GGXPD,-,0.35%,-,-,-,-,-,-,-,-,-,-,-,25.65,0.00%,0
GGXPE,-,1.97%,-,-,-,-,-,-,-,-,-,-,-,36.58,0.00%,0
GGXPS,-,1.29%,-,-,-,-,-,-,-,-,-,-,-,26.06,0.00%,0
GGXPT,-,0.20%,-,-,-,-,-,-,-,-,-,-,-,35.18,0.00%,0
GGXRP,-,-,-,-,-,-,-,-,-,-,-,-,-,29.19,0.00%,0
GGXUS,-,2.23%,-,-,-,-,-,-,-,-,-,-,-,64.67,0.00%,0
GGYGY,11.55M,-,-,-,-,0.88,0.13,-,-,-,-,-,-,0.80,-0.05%,"4,875"
GGYLD,-,7.37%,-,-,-,-,-,-,-,-,-,-,-,14.11,0.00%,0
GGYRE,788.89M,-,-9.89%,-15.66%,-13.15%,4.26,3.66,0.02,0.03,94.30%,-11.41%,-15.47%,Aug 07/b,7.44,0.13%,3
GGYRO,11.01M,-,-,-,-,-,-,-,-,-,-,-,-,5.01,0.00%,0
HH,14.81B,0.40%,0.53%,2.30%,1.10%,0.62,0.62,1.18,1.36,15.76%,7.47%,1.09%,Jul 30/b,156.95,0.00%,1
HHACK,-,0.05%,-,-,-,-,-,-,-,-,-,-,-,124.45,1.20%,136
HHACQ,375.99M,-,-,-,-0.41%,0.70,0.70,0.00,0.00,-,-,-,-,10.06,0.00%,0
HHAE,4.95B,0.92%,3.99%,11.20%,4.80%,3.08,1.91,1.40,1.40,55.91%,18.37%,7.12%,Aug 06/b,108.73,0.00%,0
HHAFC,955.30M,3.48%,1.12%,11.26%,9.09%,0.13,-,0.20,0.21,-,27.51%,19.67%,Jul 21/a,32.22,0.00%,0
HHAFN,4.79B,14.63%,17.26%,26.61%,19.94%,1.66,1.49,0.25,0.33,23.46%,20.21%,24.70%,Aug 28/b,9.58,-1.34%,"11,640"
HHAIL,-,1.93%,-,-,-,-,-,-,-,-,-,-,-,35.10,0.00%,0
HHAIN,50.32M,-,-22.64%,-96.83%,-152.85%,0.50,0.32,0.29,3.94,19.30%,2.06%,-22.53%,Sep 14/b,0.55,0.00%,0
HHAKY,-,8.61%,-,-,-,-,-,-,-,-,-,-,-,31.83,-2.15%,9
HHAL,27.83B,2.05%,6.26%,14.89%,8.51%,2.02,1.50,0.71,0.74,15.08%,13.14%,7.16%,Jul 21/b,33.41,0.06%,195
HHALO,12.87B,-,17.86%,173.67%,19.87%,2.71,2.31,13.50,14.96,76.40%,56.77%,24.86%,Aug 06/a,113.40,1.75%,48
HHALX,-,-,-,-,-,-,-,-,-,-,-,-,-,24.80,0.00%,0
HHAO,1.68M,-,-12.97%,-15.98%,-17.09%,3.45,3.45,0.02,0.10,4.79%,-17.69%,-6.50%,-,2.75,0.00%,105
HHAP,-,1.81%,-,-,-,-,-,-,-,-,-,-,-,75.38,0.00%,0
HHAPI,-,0.77%,-,-,-,-,-,-,-,-,-,-,-,46.48,0.00%,0
HHAPN,1.88B,-,1.68%,13.15%,12.08%,9.70,9.70,0.03,0.03,75.43%,14.89%,11.63%,Jul 27/a,16.30,0.62%,240
HHAPS,-,0.48%,-,-,-,-,-,-,-,-,-,-,-,37.16,0.00%,0
HHARD,-,3.40%,-,-,-,-,-,-,-,-,-,-,-,34.46,0.00%,0
HHAS,12.37B,3.18%,14.17%,167.83%,19.58%,1.66,1.46,4.75,5.50,62.69%,28.13%,15.97%,Jul 21/b,87.72,0.00%,0
HHASI,4.76B,4.63%,1.01%,3.31%,1.00%,8.65,8.65,2.29,2.29,100.00%,69.40%,18.09%,Aug 06/a,37.03,0.00%,0
HHAUG,-,-,-,-,-,-,-,-,-,-,-,-,-,25.27,0.00%,0
HHAUS,-,3.39%,-,-,-,-,-,-,-,-,-,-,-,17.47,0.00%,0
HHAUZ,-,3.75%,-,-,-,-,-,-,-,-,-,-,-,21.77,0.00%,0
HHAVA,211.48M,-,-,-,2.18%,1.36,1.36,0.00,0.00,-,-,-,-,10.22,0.00%,0
HHAWG,-,-,-,-,-,-,-,-,-,-,-,-,-,30.57,0.00%,0
HHAWK,1.61B,-,0.69%,-,-2.67%,9.80,9.72,0.02,0.02,57.15%,-8.36%,-6.70%,Aug 13/a,16.41,0.92%,199
HHAWX,-,2.44%,-,-,-,-,-,-,-,-,-,-,-,46.25,0.00%,0
HHAYW,2.73B,-,5.25%,10.41%,6.22%,3.33,2.49,0.62,0.63,44.10%,21.29%,13.83%,Jul 29/b,12.88,0.00%,0
HHBAN,32.33B,3.96%,0.98%,8.96%,4.67%,0.10,-,0.57,0.67,-,20.51%,15.73%,Jul 23/b,16.00,-0.25%,"1,067"
HHBB,427.86M,1.54%,14.82%,30.18%,19.10%,3.13,2.04,0.39,0.41,33.06%,12.53%,9.41%,Aug 05/a,31.83,0.00%,0
HHBCP,536.23M,1.86%,1.32%,10.84%,9.20%,0.10,-,0.12,0.12,-,28.09%,22.32%,Jul 20/a,68.13,0.00%,0
HHBDC,-,4.44%,-,-,-,-,-,-,-,-,-,-,-,24.58,0.00%,0
HHBIL,-,0.08%,-,-,-,-,-,-,-,-,-,-,-,20.06,0.00%,0
HHBIO,36.42M,-,-13.32%,-89.95%,-20.81%,1.87,0.98,5.74,5.96,54.35%,0.65%,-11.86%,Aug 11/b,8.00,0.00%,0
HHBIT,-,-,-,-,-,-,-,-,-,-,-,-,-,25.88,0.00%,0
HHBM,11.83B,0.07%,9.91%,17.71%,11.93%,2.24,1.93,0.18,0.19,36.31%,31.65%,27.26%,Jul 29/b,26.63,-0.08%,"8,083"
HHBMX,-,-,-,-,-,-,-,-,-,-,-,-,-,24.17,0.21%,20
HHBNB,1.22B,-,-12.82%,-28.96%,-59.26%,0.96,0.96,0.04,0.06,41.18%,9.77%,-66.52%,-,5.20,6.78%,"1,195"
HHBNC,988.46M,3.32%,-2.02%,-18.98%,-13.03%,0.23,-,0.52,0.52,-,-183.69%,-138.81%,Jul 22/a,19.25,-0.61%,1
HHBR,-,-,-,-,-,-,-,-,-,-,-,-,-,13.08,5.13%,286
HHBT,1.30B,2.68%,1.32%,11.56%,8.51%,0.05,-,0.20,0.20,-,31.94%,23.46%,Jul 27/b,35.69,0.00%,0
HHBTA,-,0.02%,-,-,-,-,-,-,-,-,-,-,-,33.20,0.00%,0
HHBTC,-,0.29%,-,-,-,-,-,-,-,-,-,-,-,22.55,0.00%,0
HHCA,92.41B,0.66%,11.14%,-,17.70%,0.99,0.90,-,-,15.48%,15.48%,8.77%,Jul 24/b,426.81,0.20%,24
HHCAC,294.89M,-,-,-,-,1.23,1.23,0.00,0.00,-,-,-,-,10.10,0.00%,0
HHCAI,4.25M,-,0.19%,0.58%,0.44%,2.72,2.51,0.12,0.47,23.30%,4.80%,0.60%,-,0.52,-0.02%,"19,520"
HHCAT,136.21M,-,-54.33%,-118.12%,-99.75%,2.68,2.68,1.63,1.69,34.54%,-11.25%,-90.61%,Aug 06/a,1.81,0.00%,0
HHCC,4.67B,0.36%,7.91%,10.04%,8.71%,3.93,2.79,0.10,0.12,17.97%,13.61%,13.05%,Aug 05/a,88.47,0.00%,0
HHCI,2.29B,0.87%,14.41%,33.76%,27.05%,2.27,-,0.06,0.06,-,51.04%,31.28%,Aug 06/a,184.19,0.00%,0
HHCIC,354.42M,-,-,-,-,4.30,4.30,0.00,0.00,-,-,-,-,9.98,0.00%,0
HHCKT,255.99M,4.66%,8.23%,17.90%,11.23%,1.94,1.94,1.20,1.22,39.28%,12.80%,5.86%,Aug 04/a,10.29,0.00%,0
HHCM,2.49B,-,1.02%,1.44%,1.34%,5.64,5.50,0.06,0.07,41.55%,-6.34%,3.26%,Jul 30/a,14.25,-1.56%,204
HHCMA,347.45M,-,4.21%,4.47%,2.23%,0.51,0.51,0.00,0.00,-,-,-,-,10.30,0.00%,0
HHCMT,-,0.54%,-,-,-,-,-,-,-,-,-,-,-,43.25,0.00%,0
HHCOW,-,11.75%,-,-,-,-,-,-,-,-,-,-,-,24.36,0.00%,0
HHCRB,-,4.31%,-,-,-,-,-,-,-,-,-,-,-,34.04,0.00%,0
HHCSG,1.46B,-,15.15%,24.69%,23.19%,3.02,2.94,0.02,0.03,18.07%,6.47%,6.59%,Jul 22/b,21.20,-0.46%,12
HHCTI,11.68M,-,-38.60%,-57.32%,-32.36%,0.60,0.60,0.07,0.26,13.61%,-57.36%,-66.30%,Aug 13/b,0.78,0.00%,706
HHCWB,4.45M,-,-79.52%,-600.31%,-298.06%,0.06,0.06,0.00,0.88,86.99%,-90.06%,-329.38%,Aug 14/b,1.99,4.19%,259
HHD,298.89B,3.08%,13.59%,104.30%,20.70%,1.08,0.31,3.14,3.77,31.22%,12.43%,8.41%,Aug 18/b,299.58,0.80%,"3,927"
HHDB,122.00B,1.81%,1.67%,13.70%,7.05%,0.32,-,0.93,0.93,-,21.91%,15.96%,Jul 18/a,23.74,0.40%,66
HHDEF,-,3.81%,-,-,-,-,-,-,-,-,-,-,-,33.22,0.00%,0
HHDG,-,2.35%,-,-,-,-,-,-,-,-,-,-,-,54.82,0.00%,0
HHDGE,-,3.79%,-,-,-,-,-,-,-,-,-,-,-,14.90,0.00%,0
HHDL,696.08M,-,1.41%,2.67%,1.75%,2.50,2.14,0.48,0.59,23.39%,6.04%,1.16%,Aug 26/a,11.83,0.00%,0
HHDLB,-,11.03%,-,-,-,-,-,-,-,-,-,-,-,16.26,0.00%,0
HHDMV,-,4.08%,-,-,-,-,-,-,-,-,-,-,-,38.03,0.00%,0
HHDRN,106.53M,-,15.64%,15.96%,94.07%,13.26,13.26,0.00,0.00,-,-,-,Aug 12/a,1.49,0.00%,0
HHDSN,216.35M,-,2.82%,3.62%,3.67%,3.23,1.33,0.01,0.02,21.95%,6.09%,3.51%,Aug 05/a,5.14,-0.96%,313
HHDUS,-,1.27%,-,-,-,-,-,-,-,-,-,-,-,74.03,0.00%,0
HHDV,-,2.98%,-,-,-,-,-,-,-,-,-,-,-,28.64,0.53%,548
HHE,1.65B,-,2.71%,13.58%,4.96%,0.99,0.99,1.59,1.59,11.48%,11.48%,6.82%,Aug 07/a,9.57,0.00%,0
HHEAL,-,0.24%,-,-,-,-,-,-,-,-,-,-,-,29.57,0.00%,0
HHECA,-,1.12%,-,-,-,-,-,-,-,-,-,-,-,27.37,0.00%,0
HHECO,-,-,-,-,-,-,-,-,-,-,-,-,-,69.19,0.00%,0
HHEDG,-,1.13%,-,-,-,-,-,-,-,-,-,-,-,30.91,0.00%,0
HHEDJ,-,1.80%,-,-,-,-,-,-,-,-,-,-,-,56.36,0.00%,0
HHEEM,-,1.68%,-,-,-,-,-,-,-,-,-,-,-,43.35,0.00%,0
HHEFA,-,3.06%,-,-,-,-,-,-,-,-,-,-,-,46.97,0.00%,0
HHEFT,-,0.02%,-,-,-,-,-,-,-,-,-,-,-,26.44,0.00%,0
HHEGD,-,0.33%,-,-,-,-,-,-,-,-,-,-,-,27.16,0.00%,0
HHEI,36.04B,0.08%,9.18%,18.65%,11.33%,2.72,1.27,0.51,0.51,43.05%,23.77%,16.38%,Aug 25/a,304.20,0.39%,48
HHEI-A,35.90B,0.11%,9.18%,18.65%,11.33%,2.72,1.27,0.51,0.51,43.05%,23.77%,16.38%,Aug 25/a,226.67,0.00%,0
HHELE,644.03M,-,-17.43%,-39.83%,-25.95%,1.78,0.81,0.88,0.91,45.64%,6.11%,-22.62%,Oct 08/b,27.65,0.00%,0
HHELO,-,0.57%,-,-,-,-,-,-,-,-,-,-,-,69.60,-0.24%,"48,742"
HHELP,1.02B,-,-72.78%,-86.94%,-70.72%,10.97,10.97,0.00,0.00,-,-,-,Aug 14/b,14.00,2.49%,"2,879"
HHELS,-,0.02%,-,-,-,-,-,-,-,-,-,-,-,23.80,0.00%,0
HHELX,-,0.33%,-,-,-,-,-,-,-,-,-,-,-,43.10,0.00%,0
HHEMI,-,5.71%,-,-,-,-,-,-,-,-,-,-,-,41.93,0.00%,0
HHEPS,889.50M,-,-23.52%,-575.14%,-2833.56%,0.77,0.49,-,-,21.86%,-2.69%,-7.78%,Aug 06/a,2.49,0.00%,0
HHEQ,136.46M,8.74%,-,-,-,-,-,-,-,-,-,-,-,11.44,0.00%,0
HHEQQ,-,0.21%,-,-,-,-,-,-,-,-,-,-,-,62.55,0.00%,0
HHEQT,-,1.16%,-,-,-,-,-,-,-,-,-,-,-,34.61,0.00%,0
HHERD,-,3.43%,-,-,-,-,-,-,-,-,-,-,-,50.26,0.00%,0
HHERE,71.37M,-,1.37%,2.77%,6.46%,4.82,4.19,0.03,0.05,57.87%,0.82%,5.05%,Sep 22/b,1.89,2.16%,"1,353"
HHERO,-,1.68%,-,-,-,-,-,-,-,-,-,-,-,27.40,0.00%,0
HHERZ,31.50M,50.08%,-0.66%,-0.66%,-0.71%,10.48,10.48,0.00,0.00,84.91%,-5.60%,-5.60%,-,15.75,0.00%,0
HHESM,8.26B,7.95%,8.64%,65.24%,9.02%,0.77,0.77,7.08,7.15,63.69%,62.06%,23.23%,Aug 03/b,40.04,1.16%,1
HHEWJ,-,3.55%,-,-,-,-,-,-,-,-,-,-,-,65.46,0.00%,0
HHEZU,-,2.56%,-,-,-,-,-,-,-,-,-,-,-,49.08,0.04%,"23,373"
HHF,-,0.88%,-,-,-,-,-,-,-,-,-,-,-,22.62,0.00%,0
HHFBL,74.54M,2.27%,0.98%,10.84%,9.91%,0.06,-,0.06,0.06,-,22.26%,17.66%,Apr 30/a,24.50,0.00%,0
HHFEQ,-,4.48%,-,-,-,-,-,-,-,-,-,-,-,23.67,0.00%,0
HHFFG,86.78M,-,-6.02%,-15.50%,-9.92%,1.11,0.48,0.69,1.16,14.21%,0.55%,-2.77%,Aug 10/a,1.61,6.62%,2
HHFGM,-,5.45%,-,-,-,-,-,-,-,-,-,-,-,32.12,0.00%,0
HHFGO,-,-,-,-,-,-,-,-,-,-,-,-,-,30.64,0.00%,0
HHFMF,-,1.64%,-,-,-,-,-,-,-,-,-,-,-,22.09,0.00%,0
HHFND,-,3.78%,-,-,-,-,-,-,-,-,-,-,-,24.33,0.00%,0
HHFRO,400.89M,6.28%,-,-,-,-,-,-,-,-,-,-,-,7.26,0.00%,0
HHFSI,-,5.64%,-,-,-,-,-,-,-,-,-,-,-,34.39,0.00%,0
HHFSP,-,-,-,-,-,-,-,-,-,-,-,-,-,13.17,0.00%,0
HHFWA,1.14B,3.49%,1.01%,7.80%,6.88%,0.04,-,0.02,0.17,-,23.91%,20.45%,Jul 23/b,27.77,-0.81%,1
HHFXI,-,3.08%,-,-,-,-,-,-,-,-,-,-,-,37.93,0.00%,0
HHG,3.34B,5.90%,7.21%,21.65%,19.52%,0.67,-,0.05,0.05,-,29.02%,19.70%,Aug 06/a,33.87,0.00%,0
HHGBL,46.76M,-,-18.08%,-24.29%,-25.27%,1.69,1.29,0.09,0.10,63.48%,-0.32%,-29.63%,Aug 13/a,1.35,0.00%,0
HHGER,-,4.92%,-,-,-,-,-,-,-,-,-,-,-,35.76,0.00%,0
HHGLB,171.74M,14.18%,-,-,-,-,-,-,-,-,-,-,-,7.28,0.00%,0
HHGRO,-,0.08%,-,-,-,-,-,-,-,-,-,-,-,30.43,0.00%,0
HHGTY,4.67B,-,1.23%,9.17%,4.56%,1.88,-,0.86,0.87,-,4.14%,1.14%,Aug 05/b,13.59,0.00%,0
HHGV,2.76B,-,1.26%,11.66%,1.69%,5.02,3.20,7.12,7.12,56.46%,12.17%,2.86%,Jul 30/b,35.56,0.00%,0
HHHH,4.05B,-,2.23%,6.79%,2.87%,-,-,1.06,1.10,25.96%,14.98%,12.51%,Aug 05/a,67.76,3.29%,137
HHHS,34.44M,-,-6.24%,-30.41%,-17.65%,1.30,1.30,1.11,1.57,13.92%,-2.41%,-3.70%,-,4.62,0.00%,0
HHIAI,-,-,-,-,-,-,-,-,-,-,-,-,-,25.58,0.00%,0
HHIBL,-,0.07%,-,-,-,-,-,-,-,-,-,-,-,112.25,0.00%,0
HHIBS,-,10.22%,-,-,-,-,-,-,-,-,-,-,-,17.21,0.00%,0
HHIDE,-,2.91%,-,-,-,-,-,-,-,-,-,-,-,24.70,0.00%,0
HHIDV,-,2.50%,-,-,-,-,-,-,-,-,-,-,-,91.01,0.00%,0
HHIFS,669.36M,0.82%,1.46%,13.91%,3.46%,0.15,-,2.77,2.77,-,35.78%,27.02%,Jul 17/a,307.01,-0.50%,23
HHIG,35.41B,1.87%,5.14%,21.79%,18.18%,0.32,-,0.22,0.22,-,17.96%,14.95%,Jul 23/a,130.73,0.00%,0
HHIGH,-,6.03%,-,-,-,-,-,-,-,-,-,-,-,21.61,0.00%,0
HHIHO,4.21M,5.49%,-15.07%,-26.02%,-21.43%,2.42,1.84,0.38,0.59,31.84%,-37.76%,-28.08%,-,0.91,-0.82%,549
HHII,10.88B,2.03%,5.33%,12.97%,8.02%,1.23,1.14,0.55,0.55,12.40%,4.89%,5.01%,Jul 30/b,276.10,0.00%,14
HHIMC,-,-,-,-,-,-,-,-,-,-,-,-,-,15.13,0.00%,0
HHIMS,6.81B,-,-5.16%,-32.03%,-7.64%,0.93,0.87,4.74,4.77,54.19%,-0.03%,-5.51%,Aug 10/a,29.18,-0.59%,"56,096"
HHIMU,-,5.41%,-,-,-,-,-,-,-,-,-,-,-,46.79,0.00%,0
HHIMX,2.48B,2.54%,2.02%,4.00%,3.84%,1.55,1.36,0.02,0.66,31.08%,4.96%,4.27%,Aug 06/b,14.55,-0.41%,"5,522"
HHIMZ,-,7.38%,-,-,-,-,-,-,-,-,-,-,-,26.84,-1.54%,"1,707"
HHIND,13.55M,-,-124.23%,-190.41%,-186.95%,4.37,4.37,0.00,0.00,44.49%,-3250.25%,-8716.77%,Aug 25/b,1.93,0.00%,0
HHIO,324.29M,12.67%,-,-,-,-,-,-,-,-,-,-,-,3.41,0.00%,0
HHIPO,832.06M,-,9.60%,30.40%,23.49%,1.47,-,0.11,0.11,-,6.64%,23.92%,Jul 30/b,31.53,0.00%,0
HHIPS,-,11.42%,-,-,-,-,-,-,-,-,-,-,-,11.35,0.00%,0
HHIS,-,-,-,-,-,-,-,-,-,-,-,-,-,26.50,0.00%,0
HHISF,-,5.19%,-,-,-,-,-,-,-,-,-,-,-,43.31,0.00%,0
HHIT,56.19M,-,-14.79%,-21.96%,-20.18%,2.17,2.17,0.00,0.01,53.93%,-17.22%,-12.03%,Aug 13/a,0.86,0.00%,0
HHITI,234.44M,-,-10.66%,-27.16%,-16.64%,1.50,0.81,0.93,1.17,10.29%,4.02%,-4.63%,Sep 14/a,2.63,0.00%,0
HHIVE,951.75M,-,-42.02%,-66.39%,-41.76%,1.96,1.96,0.85,0.89,-25.91%,-43.99%,-98.51%,Aug 14/a,3.47,-0.29%,"64,244"
HHIW,3.43B,6.44%,2.69%,7.08%,2.85%,-,-,1.48,1.48,30.44%,25.59%,19.78%,Jul 28/a,31.08,0.00%,0
HHIX,337.76M,15.68%,-,-,-,-,-,-,-,-,-,-,-,3.75,0.00%,0
HHIYY,-,142.79%,-,-,-,-,-,-,-,-,-,-,-,11.85,0.00%,0
HHJLY,-,-,-,-,-,-,-,-,-,-,-,-,-,25.42,0.00%,0
HHJUN,-,-,-,-,-,-,-,-,-,-,-,-,-,25.34,0.00%,0
HHKD,332.96M,-,7.50%,38.49%,12.36%,1.92,1.92,0.67,0.98,-,22.32%,109.25%,-,1.69,0.00%,0
HHKIT,22.75M,-,0.43%,0.51%,0.50%,8.23,8.16,0.00,0.07,6.06%,-27.41%,2.76%,Apr 24/b,2.53,2.85%,"1,830"
HHKPD,-,-,-,-,-,-,-,-,-,-,-,-,-,0.12,0.08%,"5,915"
HHL,12.36B,0.10%,15.94%,20.76%,19.53%,5.20,4.55,0.01,0.01,51.08%,47.20%,32.83%,Aug 04/a,18.41,0.30%,"40,431"
HHLAL,-,0.43%,-,-,-,-,-,-,-,-,-,-,-,75.52,0.36%,41
HHLF,1.25B,-,5.87%,-,9.77%,1.20,0.68,-,-,75.28%,8.95%,3.16%,Aug 05/a,11.92,0.00%,0
HHLI,9.27B,2.08%,11.23%,18.33%,14.78%,1.63,1.63,0.22,0.22,-,20.42%,16.10%,Jul 29/a,132.61,0.00%,1
HHLIO,2.25B,0.69%,4.61%,7.68%,5.51%,2.74,1.53,0.37,0.37,30.12%,12.95%,8.01%,Aug 10/a,68.26,0.00%,0
HHLIT,1.24B,-,4.18%,7.34%,-9.79%,3.05,2.56,0.34,0.36,49.66%,11.94%,-9.51%,Aug 12/a,11.40,0.71%,25
HHLLY,300.35M,-,0.89%,2.33%,1.03%,3.06,1.39,1.23,1.27,40.79%,14.35%,1.68%,Aug 05/b,2.50,0.00%,0
HHLMN,1.38B,-,1.74%,3.39%,2.07%,2.71,0.87,0.62,0.65,38.92%,6.55%,2.57%,Aug 03/a,7.11,0.00%,2
HHLN,41.16B,2.34%,5.02%,9.99%,7.24%,0.69,0.52,0.38,0.50,65.46%,23.31%,14.55%,Jul 30/b,9.36,0.00%,"67,966"
HHLNE,4.88B,2.72%,12.71%,32.49%,21.16%,4.24,4.24,0.39,0.39,-,54.62%,32.14%,Aug 04/b,88.34,0.00%,0
HHLP,151.72M,-,2.83%,3.49%,3.36%,1.12,0.89,0.00,0.20,32.54%,12.41%,9.91%,-,2.03,0.00%,0
HHLSQ,1.98M,-,-136.51%,-299.52%,-397.51%,0.24,0.24,0.02,0.30,-691.87%,-6759.34%,-13704.82%,Apr 01,0.72,0.30%,"1,007"
HHLT,69.11B,0.20%,9.65%,-,22.32%,0.65,0.65,-,-,27.79%,23.35%,12.69%,Jul 28/b,307.08,0.00%,1
HHLTH,-,-,-,-,-,-,-,-,-,-,-,-,-,29.35,0.00%,0
HHLXC,234.94M,-,-,-,-,12.30,12.30,0.00,0.00,-,-,-,-,10.55,0.00%,0
HHMAY,-,-,-,-,-,-,-,-,-,-,-,-,-,25.39,0.00%,0
HHMC,42.21B,4.15%,-0.51%,-1.35%,-0.82%,1.29,1.04,0.70,1.14,17.27%,-0.53%,-0.73%,Aug 05/a,32.53,0.00%,3
HHMH,817.62M,-,2.81%,8.84%,8.68%,2.97,1.82,1.13,1.17,33.24%,11.91%,5.09%,Aug 05/a,18.61,0.00%,0
HHMN,1.95B,2.97%,1.39%,12.38%,8.45%,-,-,0.40,0.40,-,14.57%,10.15%,Aug 05/a,48.20,0.00%,0
HHMOP,-,3.63%,-,-,-,-,-,-,-,-,-,-,-,37.72,0.00%,0
HHMR,112.21M,-,-15.67%,-59.73%,-213.43%,0.82,0.82,0.00,0.00,95.04%,-8.84%,-63.43%,Sep 01/b,1.90,5.09%,"9,017"
HHMY,11.73B,4.94%,29.14%,48.12%,38.31%,0.84,0.64,0.00,0.13,46.85%,44.65%,27.13%,Aug 27/b,18.73,-1.42%,"33,894"
HHMYY,-,160.72%,-,-,-,-,-,-,-,-,-,-,-,5.43,0.00%,0
HHNDL,-,7.11%,-,-,-,-,-,-,-,-,-,-,-,22.14,0.00%,0
HHNGE,7.64B,-,13.98%,29.63%,30.74%,1.25,1.16,0.00,0.02,84.49%,13.50%,14.77%,Aug 04/a,94.70,0.26%,"1,086"
HHNI,3.34B,3.22%,0.13%,0.33%,0.13%,1.36,0.88,0.86,0.91,39.51%,5.59%,0.10%,Jul 30/b,46.21,0.00%,0
HHNNA,82.44M,5.64%,5.88%,8.36%,8.16%,9.39,9.39,0.00,0.00,83.86%,33.42%,24.78%,May 06/a,10.43,0.00%,0
HHNRG,707.62M,-,-0.21%,-0.58%,-0.40%,0.72,0.24,0.21,0.25,7.63%,1.72%,-0.20%,Aug 10/a,15.01,0.00%,0
HHNST,575.05M,-,-5.19%,-6.87%,-7.19%,3.94,2.97,0.01,0.06,36.27%,-2.36%,-3.56%,Aug 05/a,5.36,0.56%,626
HHNVR,189.37M,1.49%,0.40%,4.60%,3.04%,0.61,-,0.50,0.50,-,9.36%,6.55%,Jul 23/a,26.84,0.00%,0
HHODL,-,-,-,-,-,-,-,-,-,-,-,-,-,24.20,-1.02%,50
HHODO,16.05M,-,-59.98%,-212.72%,-126.31%,0.18,0.18,0.00,0.67,0.00%,-30006.88%,-28248.55%,-,0.18,0.93%,"7,475"
HHODU,-,1.51%,-,-,-,-,-,-,-,-,-,-,-,15.38,-4.44%,"1,147"
HHOFT,143.70M,3.42%,-3.78%,-5.25%,-9.60%,3.03,1.63,0.11,0.14,28.33%,1.02%,-6.66%,Sep 11/b,13.44,0.00%,0
HHOG,2.73B,2.82%,2.10%,6.32%,4.72%,1.90,1.70,0.39,0.74,26.29%,6.24%,4.78%,Jul 23/b,26.19,-0.09%,820
HHOLA,-,2.80%,-,-,-,-,-,-,-,-,-,-,-,56.35,0.00%,0
HHOLD,-,5.35%,-,-,-,-,-,-,-,-,-,-,-,32.78,0.00%,0
HHOLO,39.87M,-,-14.62%,-15.08%,-15.76%,34.60,34.60,0.00,0.02,16.91%,2.56%,-88.44%,Mar 27/a,1.74,-0.57%,"2,428"
HHOMB,5.88B,2.92%,2.01%,11.11%,9.12%,0.26,-,0.16,0.20,-,42.44%,32.14%,Oct 14/a,29.41,-0.66%,1
HHOMZ,-,2.91%,-,-,-,-,-,-,-,-,-,-,-,42.18,0.00%,0
HHON,66.63B,2.16%,11.09%,49.90%,18.93%,1.21,0.93,1.46,1.89,37.84%,19.17%,22.09%,Jul 23/b,210.22,1.81%,230
HHONA,54.41B,-,-,-,-,1.53,0.83,-,-,-,-,-,Aug 05/a,171.66,1.55%,69
HHONG,-,-,-,-,-,-,-,-,-,-,-,-,-,11.98,0.00%,0
HHOOC,-,-,-,-,-,-,-,-,-,-,-,-,-,25.00,0.00%,0
HHOOD,109.57B,-,4.50%,23.56%,17.45%,1.22,1.22,0.25,2.92,94.99%,44.22%,41.43%,Jul 29/a,121.87,-1.16%,"227,460"
HHOOG,-,17.58%,-,-,-,-,-,-,-,-,-,-,-,38.04,-2.06%,"26,600"
HHOOW,-,92.26%,-,-,-,-,-,-,-,-,-,-,-,30.20,-0.89%,"5,759"
HHOOX,-,20.85%,-,-,-,-,-,-,-,-,-,-,-,42.00,-4.43%,82
HHOOY,-,107.80%,-,-,-,-,-,-,-,-,-,-,-,29.40,-1.18%,"1,712"
HHOPE,1.77B,4.05%,0.68%,5.66%,4.37%,0.05,-,0.27,0.28,-,16.82%,12.56%,Jul 27/b,13.84,0.14%,9
HHOS,1.85B,-,1.23%,2.04%,1.11%,3.39,3.39,0.34,0.39,13.94%,7.67%,1.80%,Aug 06/b,8.33,0.00%,0
HHOST,7.42M,-,-,-,-,0.42,0.13,3.03,4.31,-,-,-,-,8.00,0.00%,0
HHOUR,60.95M,-,7.12%,21.79%,19.59%,1.49,0.26,0.00,0.88,51.44%,1.53%,1.14%,Aug 11/a,1.73,-0.49%,15
HHOV,666.82M,-,0.64%,2.13%,0.98%,2.64,0.50,1.19,1.19,13.55%,2.98%,0.24%,Aug 20/b,115.26,0.00%,0
HHOVR,118.13M,-,-71.61%,-89.72%,-46.48%,22.76,22.76,0.00,0.00,-,-,-,Jul 17/b,1.76,2.33%,"5,095"
HHOWL,46.65M,-,-59.31%,-119.86%,-212.45%,2.91,2.91,0.00,0.00,82.61%,-121.78%,-164.82%,Jul 31/b,0.96,-2.06%,693
HHOYY,-,255.92%,-,-,-,-,-,-,-,-,-,-,-,4.85,-0.82%,211
HHP,4.03B,2.53%,-2.12%,-5.23%,-3.15%,1.96,1.55,0.72,0.72,10.49%,2.68%,-3.49%,Aug 05/a,40.29,0.00%,0
HHPAI,11.28M,-,-2.01%,-5.21%,-4.74%,1.05,1.05,0.06,0.31,53.26%,-8.33%,-2.44%,-,0.30,-0.07%,126
HHPE,81.67B,0.92%,3.47%,10.96%,6.36%,1.11,0.72,0.65,0.76,33.81%,8.03%,6.39%,Sep 02/a,61.52,-0.37%,"27,437"
HHPEL,-,-,-,-,-,-,-,-,-,-,-,-,-,21.15,-0.09%,750
HHPF,309.82M,10.40%,-,-,-,-,-,-,-,-,-,-,-,14.31,0.00%,0
HHPI,386.34M,10.32%,-,-,-,-,-,-,-,-,-,-,-,14.42,0.00%,0
HHPK,1.01B,0.50%,-2.99%,-6.07%,-3.71%,0.87,0.85,0.69,0.77,19.44%,15.71%,-11.55%,Aug 10/a,8.00,0.63%,17
HHPP,680.16M,0.61%,-7.21%,-17.83%,-10.08%,0.02,0.02,0.94,1.33,6.04%,-0.90%,-69.85%,Aug 05/b,12.26,0.00%,0
HHPQ,29.67B,3.64%,5.73%,-,28.68%,0.79,0.48,-,-,19.73%,6.93%,4.13%,Aug 26/a,32.90,-0.14%,"3,727"
HHPS,409.19M,10.38%,-,-,-,-,-,-,-,-,-,-,-,12.72,0.00%,0
HHQ,809.58M,-,-166.53%,-493.21%,-287.48%,33.84,33.84,0.00,0.01,-,-,-,Aug 04/b,15.00,-2.60%,415
HHQDG,-,-,-,-,-,-,-,-,-,-,-,-,-,24.66,0.00%,0
HHQGO,-,0.44%,-,-,-,-,-,-,-,-,-,-,-,68.00,0.00%,0
HHQH,1.23B,11.45%,-,-,-,-,-,-,-,-,-,-,-,21.58,0.00%,0
HHQI,242.14M,1.38%,8.97%,12.49%,11.85%,2.74,2.74,0.00,0.00,89.79%,31.99%,27.06%,Aug 10/a,17.42,0.00%,0
HHQL,595.69M,11.43%,-,-,-,-,-,-,-,-,-,-,-,19.59,0.00%,0
HHQY,7.82B,-,7.07%,11.43%,8.01%,2.99,2.99,0.48,0.49,63.41%,26.12%,17.36%,Aug 27/b,94.52,0.00%,0
HHR,6.26B,5.25%,-0.93%,-1.98%,-1.04%,0.91,0.91,1.04,1.04,17.41%,11.54%,-7.80%,Jul 30/a,18.27,0.00%,0
HHRB,5.49B,4.16%,22.39%,707.45%,36.53%,1.13,1.13,15.95,17.89,44.33%,23.95%,18.43%,Aug 11/a,44.50,0.00%,0
HHRI,4.71B,2.05%,0.35%,2.58%,0.43%,1.10,1.10,5.01,5.06,25.89%,13.12%,1.01%,Jul 28/b,140.74,0.00%,0
HHRL,11.30B,5.70%,2.56%,4.30%,3.36%,1.88,0.92,0.30,0.36,15.43%,7.37%,2.82%,Aug 27/b,20.54,0.39%,54
HHRMY,2.48B,-,14.61%,20.46%,15.93%,3.48,3.45,0.14,0.22,72.94%,24.03%,18.88%,Aug 04/b,42.54,1.05%,1
HHROW,1.27B,-,-9.77%,-114.80%,-11.82%,2.24,2.08,19.72,19.79,73.28%,2.07%,-13.51%,Aug 10/a,33.92,0.00%,0
HHRSK,-,-,-,-,-,-,-,-,-,-,-,-,-,25.53,0.00%,0
HHRTG,1.02B,-,13.37%,45.27%,32.84%,1.14,-,0.15,0.16,-,34.46%,25.19%,Aug 05/a,34.15,0.00%,0
HHRTS,-,1.30%,-,-,-,-,-,-,-,-,-,-,-,36.28,0.00%,0
HHRTX,53.35M,-,-14.06%,-,-21.96%,2.49,1.51,21.44,21.47,70.07%,-6.99%,-22.52%,Aug 10/b,0.28,4.07%,"52,419"
HHRZN,329.14M,19.25%,0.65%,1.45%,0.68%,1.69,1.69,0.78,0.96,65.02%,102.00%,11.52%,Aug 04/a,4.91,5.36%,5
HHSAI,2.24B,-,5.64%,7.31%,5.16%,5.37,4.73,0.03,0.09,40.64%,0.72%,14.76%,Aug 18/b,17.18,-1.09%,"8,965"
HHSBC,351.33B,4.06%,0.73%,14.03%,5.74%,1.63,-,1.43,3.29,-,15.27%,17.79%,Aug 04/b,102.45,-0.74%,"22,036"
HHSBH,-,2.19%,-,-,-,-,-,-,-,-,-,-,-,114.33,0.00%,0
HHSCS,21.15M,-,-201.67%,-1851.90%,-,0.12,0.05,-,-,-2908.87%,-209733.08%,-227024.23%,Sep 16/b,4.41,-5.81%,491
HHSCZ,-,3.06%,-,-,-,-,-,-,-,-,-,-,-,43.78,0.00%,0
HHSDT,183.80M,-,-171.00%,-179.01%,-92.68%,13.31,13.31,0.00,0.00,95.53%,-200.47%,-1302.78%,Aug 14/a,3.04,-2.25%,"3,159"
HHSEP,-,-,-,-,-,-,-,-,-,-,-,-,-,25.17,0.00%,0
HHSHP,877.37M,11.53%,6.10%,32.66%,6.44%,1.19,1.13,4.01,4.16,64.49%,60.91%,31.44%,Aug 11/b,18.60,-1.38%,"2,031"
HHSIC,9.50B,-,3.62%,12.21%,7.03%,1.32,0.73,0.82,1.21,29.30%,5.98%,2.96%,Aug 04/b,85.20,0.00%,0
HHSLV,1.16B,-,0.92%,1.30%,0.69%,3.52,3.26,0.00,0.00,9.10%,-59.55%,4.95%,-,5.70,0.00%,0
HHSMV,-,1.97%,-,-,-,-,-,-,-,-,-,-,-,37.05,0.00%,0
HHST,15.22B,7.07%,7.84%,15.77%,8.53%,3.13,3.13,0.88,0.88,16.37%,14.36%,16.51%,Aug 05/a,22.22,-0.40%,101
HHSTM,889.73M,0.47%,4.15%,6.00%,5.73%,1.06,1.06,0.04,0.04,51.22%,8.04%,6.60%,Aug 03/a,29.08,0.00%,0
HHSY,33.73B,3.44%,10.78%,32.81%,15.66%,1.18,0.66,1.08,1.30,37.93%,17.71%,12.24%,Jul 30/b,167.88,-0.01%,458
HHTAB,-,3.96%,-,-,-,-,-,-,-,-,-,-,-,18.43,0.00%,0
HHTAX,-,4.77%,-,-,-,-,-,-,-,-,-,-,-,23.64,0.00%,0
HHTB,786.25M,1.24%,1.43%,10.89%,10.57%,0.09,-,0.01,0.31,-,27.86%,22.44%,Jul 23/b,47.10,0.00%,0
HHTCO,19.58M,-,-33.67%,-93.68%,-213.34%,1.46,1.46,0.00,0.01,2.58%,-3.87%,-5.03%,-,2.16,-2.70%,18
HHTCR,3.26M,-,-41.39%,-95.19%,85.60%,1.10,1.10,0.03,0.10,31.28%,-56.19%,64.39%,Aug 13/b,2.15,6.80%,3
HHTD,831.58M,8.08%,-,-,-,-,-,-,-,-,-,-,-,23.47,0.00%,0
HHTEC,-,0.80%,-,-,-,-,-,-,-,-,-,-,-,43.15,0.00%,0
HHTFL,4.38B,-,-46.99%,-154.23%,-39.45%,4.87,4.87,0.07,0.10,80.08%,-34.31%,-55.82%,Aug 13/a,50.33,0.00%,0
HHTGC,3.25B,9.21%,8.46%,17.16%,9.62%,0.12,0.12,0.74,1.03,97.99%,82.66%,64.16%,Jul 30/a,17.37,0.00%,0
HHTH,2.20B,2.13%,1.03%,7.48%,6.83%,0.25,-,0.11,0.71,-,13.36%,10.12%,Jul 23/a,38.42,-0.88%,1
HHTHT,13.23B,4.84%,7.82%,38.20%,11.16%,1.21,1.20,2.11,2.43,40.86%,27.27%,18.93%,Aug 17/b,43.06,-1.35%,659
HHTLD,900.15M,0.69%,-1.78%,-2.85%,-2.44%,1.58,1.58,0.19,0.19,-0.21%,-6.67%,-2.98%,Jul 30/b,11.64,0.00%,0
HHTLM,165.03M,-,28.06%,114.64%,54.63%,1.25,1.14,0.17,0.36,28.12%,5.16%,4.22%,-,1.84,0.00%,0
HHTO,2.62B,2.82%,2.08%,6.46%,2.87%,1.67,1.67,1.02,1.03,45.51%,21.53%,12.91%,Jul 27/a,62.61,0.00%,0
HHTOO,14.73M,-,-5.04%,-11.18%,-9.33%,0.53,0.51,0.02,0.14,27.92%,-64.92%,-11.05%,May 15/b,2.09,0.00%,0
HHTRB,-,4.79%,-,-,-,-,-,-,-,-,-,-,-,32.82,0.00%,0
HHTT,231.11M,-,5.36%,6.10%,5.89%,5.85,5.82,0.00,0.14,8.07%,-379.74%,1714.48%,-,2.48,0.00%,0
HHTUS,-,1.18%,-,-,-,-,-,-,-,-,-,-,-,46.01,0.00%,0
HHTZ,662.72M,-,-1.19%,-567.03%,-1.62%,0.64,0.64,-,-,14.63%,3.73%,-3.13%,Aug 06/b,1.86,0.50%,"4,370"
HHUBB,24.17B,1.26%,9.48%,24.34%,10.17%,1.61,0.93,1.26,1.42,35.34%,20.87%,14.47%,Jul 28/b,457.49,0.00%,0
HHUBC,8.56M,-,-,-,-,0.12,0.12,-,-,16.71%,-234.92%,-372.85%,-,4.77,-20.50%,"30,600"
HHUBG,1.94B,1.58%,3.66%,6.31%,5.10%,1.47,1.47,0.21,0.29,7.91%,3.81%,2.82%,Jul 30,31.68,0.00%,0
HHUBS,10.91B,-,4.09%,7.89%,7.91%,1.22,1.22,0.12,0.14,83.24%,3.89%,4.26%,Aug 05/a,218.86,2.34%,"2,712"
HHUDI,11.44M,-,-2.41%,-3.47%,-2.92%,2.61,1.47,0.18,0.42,9.64%,-6.71%,-4.55%,-,0.80,2.76%,2
HHUHU,157.81M,-,-80.88%,-246.80%,-180.17%,1.32,1.14,0.26,0.83,30.99%,-79.53%,-80.86%,-,6.19,0.00%,0
HHUIZ,11.98M,-,1.99%,4.56%,3.90%,1.44,1.44,0.02,0.19,29.10%,0.08%,1.36%,Aug 20/b,1.39,-1.19%,128
HHULL,-,-,-,-,-,-,-,-,-,-,-,-,-,27.77,0.00%,0
HHUM,45.46B,0.97%,2.38%,6.83%,4.10%,1.74,-,0.62,0.74,-,1.86%,0.88%,Jul 29/b,378.58,0.00%,0
HHUMA,158.40M,-,-69.87%,-547.87%,-100.85%,6.21,5.74,2.07,2.12,-708.91%,-5240.78%,-4560.82%,Aug 12/b,0.57,-3.36%,181
HHUMM,-,-,-,-,-,-,-,-,-,-,-,-,-,26.72,0.00%,0
HHUMN,-,0.72%,-,-,-,-,-,-,-,-,-,-,-,29.99,-0.37%,556
HHUN,1.55B,4.32%,-2.34%,-6.09%,-3.56%,1.33,0.78,0.77,0.93,13.50%,-0.10%,-2.88%,Jul 30/a,8.86,0.00%,0
HHURA,138.92M,-,-92.29%,-161.39%,-137.37%,0.18,0.18,0.20,0.22,-,-,-,Aug 14/b,2.18,0.00%,0
HHURC,142.80M,-,-2.48%,-3.32%,-3.32%,3.98,1.54,0.03,0.05,22.68%,-1.51%,-3.58%,Sep 04/b,22.05,0.00%,0
HHURN,2.53B,-,7.39%,26.88%,9.48%,1.71,1.71,2.17,2.25,29.93%,11.62%,6.38%,Jul 28/a,159.18,0.00%,0
HHUSV,-,1.31%,-,-,-,-,-,-,-,-,-,-,-,39.76,0.00%,0
HHUT,12.56B,-,-9.99%,-44.23%,-6.75%,19.35,19.35,5.15,5.32,16.50%,-54.09%,-188.45%,Aug 04/b,101.86,-1.51%,"12,077"
HHUTG,-,-,-,-,-,-,-,-,-,-,-,-,-,17.39,-4.56%,"4,969"
HHUYA,175.46M,2.08%,-1.69%,-2.25%,-2.28%,2.29,2.29,0.00,0.00,14.22%,-2.19%,-1.58%,Aug 11/b,2.25,0.00%,0
HHVAC,-,0.19%,-,-,-,-,-,-,-,-,-,-,-,33.73,0.00%,0
HHVII,283.13M,-,1.33%,1.40%,1.39%,4.75,4.75,0.00,0.00,-,-,-,Jun 03,10.88,0.00%,0
HHVMC,303.07M,-,5.66%,5.91%,2.95%,1.98,1.98,0.00,0.00,-,-,-,-,10.25,0.00%,0
HHVT,436.20M,4.72%,3.52%,7.62%,4.66%,1.69,0.97,0.66,0.78,60.12%,3.34%,2.93%,Aug 04/b,27.94,0.98%,"2,041"
HHWBK,265.54M,2.16%,1.39%,14.95%,9.55%,0.10,-,0.45,0.46,-,27.09%,22.11%,-,38.48,0.00%,0
HHWC,6.01B,2.66%,1.19%,9.67%,8.95%,0.11,-,0.07,0.42,-,27.36%,21.88%,Jul 21/a,74.89,0.51%,130
HHWGV,-,-,-,-,-,-,-,-,-,-,-,-,-,24.67,0.00%,0
HHWIV,-,-,-,-,-,-,-,-,-,-,-,-,-,26.09,0.00%,0
HHWKN,2.62B,0.63%,8.08%,15.61%,10.00%,2.27,1.54,0.47,0.47,22.30%,10.36%,7.29%,Jul 29/a,125.39,0.00%,0
HHWM,90.92B,0.22%,15.40%,34.73%,18.90%,1.82,0.87,0.73,0.81,32.71%,27.31%,20.51%,Aug 06/b,227.99,0.27%,613
HHWO,-,-,-,-,-,-,-,-,-,-,-,-,-,26.58,0.00%,0
HHWSM,-,1.18%,-,-,-,-,-,-,-,-,-,-,-,30.62,0.00%,0
HHXA,-,-,-,-,-,-,-,-,-,-,-,-,-,24.76,0.00%,0
HHXC,-,-,-,-,-,-,-,-,-,-,-,-,-,26.21,0.00%,0
HHXE,-,-,-,-,-,-,-,-,-,-,-,-,-,25.72,0.00%,0
HHXF,-,0.13%,-,-,-,-,-,-,-,-,-,-,-,25.42,0.00%,0
HHXHX,6.27M,-,9.50%,17.08%,12.46%,2.37,2.37,0.12,0.42,25.09%,23.57%,12.03%,-,0.43,3.88%,925
HHXL,6.52B,0.84%,5.51%,10.76%,6.80%,2.43,1.37,0.74,0.74,23.51%,10.54%,7.84%,Jul 29/a,86.26,-0.78%,2
HHY,584.54M,4.45%,-5.84%,-25.01%,-18.01%,1.28,0.65,0.66,1.28,15.51%,-1.43%,-3.33%,Aug 04/a,32.60,0.00%,0
HHYAC-U,251.25M,-,-,-,-,-,-,-,-,-,-,-,-,10.05,0.00%,0
HHYBB,-,6.01%,-,-,-,-,-,-,-,-,-,-,-,45.88,0.00%,0
HHYBI,-,8.32%,-,-,-,-,-,-,-,-,-,-,-,48.24,0.00%,0
HHYBL,-,7.04%,-,-,-,-,-,-,-,-,-,-,-,27.85,0.00%,0
HHYBX,-,8.11%,-,-,-,-,-,-,-,-,-,-,-,29.33,0.00%,0
HHYD,-,4.52%,-,-,-,-,-,-,-,-,-,-,-,48.90,0.00%,0
HHYDB,-,7.01%,-,-,-,-,-,-,-,-,-,-,-,45.95,0.00%,0
HHYDR,-,2.91%,-,-,-,-,-,-,-,-,-,-,-,45.37,0.76%,4
HHYDW,-,5.54%,-,-,-,-,-,-,-,-,-,-,-,46.26,0.00%,0
HHYEM,-,6.86%,-,-,-,-,-,-,-,-,-,-,-,19.80,0.00%,0
HHYFI,-,6.72%,-,-,-,-,-,-,-,-,-,-,-,36.72,0.00%,0
HHYFM,4.72M,-,-115.49%,-535.51%,-,0.27,0.12,-,-,5.16%,-27.11%,-267.20%,Aug 14/a,0.98,0.00%,0
HHYFT,72.08M,-,-58.96%,-123.73%,-174.26%,1.84,1.75,0.43,0.50,60.79%,-104.08%,-105.08%,Sep 14/a,1.53,4.08%,"1,005"
HHYG,-,6.02%,-,-,-,-,-,-,-,-,-,-,-,78.80,0.15%,33
HHYGD,-,-,-,-,-,-,-,-,-,-,-,-,-,50.90,0.00%,0
HHYGH,-,6.47%,-,-,-,-,-,-,-,-,-,-,-,86.65,0.00%,0
HHYGM,-,3.40%,-,-,-,-,-,-,-,-,-,-,-,24.29,0.00%,0
HHYGU,-,-,-,-,-,-,-,-,-,-,-,-,-,24.14,0.00%,0
HHYGV,-,7.46%,-,-,-,-,-,-,-,-,-,-,-,39.66,0.00%,0
HHYGW,-,10.54%,-,-,-,-,-,-,-,-,-,-,-,28.56,0.00%,0
HHYHG,-,6.65%,-,-,-,-,-,-,-,-,-,-,-,64.84,0.00%,0
HHYI,130.19M,11.22%,-,-,-,-,-,-,-,-,-,-,-,10.16,0.00%,0
HHYIN,-,13.93%,-,-,-,-,-,-,-,-,-,-,-,13.52,0.00%,0
HHYLB,-,6.58%,-,-,-,-,-,-,-,-,-,-,-,35.89,0.00%,0
HHYLN,800.62M,-,-25.53%,-27.08%,-30.68%,7.59,7.47,0.00,0.02,-77.32%,-648.68%,-564.35%,Aug 11/a,4.48,2.35%,532
HHYLS,-,6.79%,-,-,-,-,-,-,-,-,-,-,-,40.22,0.00%,0
HHYMB,-,4.77%,-,-,-,-,-,-,-,-,-,-,-,24.15,0.00%,0
HHYMC,1.89B,-,-37.87%,-73.18%,-34.36%,39.21,38.93,0.00,0.00,-,-,-,Jul 29,20.27,-1.27%,"3,247"
HHYNE,133.68M,-,0.05%,0.20%,0.15%,0.09,-,0.00,0.00,-,0.14%,1.10%,-,16.51,0.00%,0
HHYNX,-,-,-,-,-,-,-,-,-,-,-,-,-,28.70,-4.11%,"36,243"
HHYP,-,0.11%,-,-,-,-,-,-,-,-,-,-,-,28.35,0.00%,0
HHYPD,62.01M,-,7.88%,9.55%,6.18%,2.34,2.34,0.06,0.09,-274.43%,-1095.70%,-1528.45%,Aug 12/a,3.99,3.64%,621
HHYPG,-,0.19%,-,-,-,-,-,-,-,-,-,-,-,33.02,0.00%,0
HHYPR,82.83M,-,-64.40%,-96.97%,-69.71%,6.15,5.45,0.36,0.36,51.41%,-203.27%,-210.75%,Aug 06/a,0.78,0.00%,0
HHYS,-,7.44%,-,-,-,-,-,-,-,-,-,-,-,91.89,0.00%,0
HHYSA,-,6.74%,-,-,-,-,-,-,-,-,-,-,-,14.65,0.00%,0
HHYSD,-,5.95%,-,-,-,-,-,-,-,-,-,-,-,19.88,0.00%,0
HHYT,1.56B,11.73%,-,-,-,-,-,-,-,-,-,-,-,7.98,0.00%,0
HHYTI,-,10.59%,-,-,-,-,-,-,-,-,-,-,-,18.66,0.00%,0
HHYTR,-,5.90%,-,-,-,-,-,-,-,-,-,-,-,20.99,0.00%,0
HHYUP,-,7.53%,-,-,-,-,-,-,-,-,-,-,-,40.75,0.00%,0
HHYXF,-,6.12%,-,-,-,-,-,-,-,-,-,-,-,45.92,0.00%,0
HHYZD,-,5.78%,-,-,-,-,-,-,-,-,-,-,-,22.70,0.00%,0
HHZO,1.16B,-,0.16%,0.42%,0.28%,1.23,0.34,0.49,1.17,34.21%,2.90%,0.18%,Jul 23/b,52.41,0.00%,0
IIA,329.17M,-,15.93%,28.50%,15.17%,2.95,1.47,0.63,0.70,52.22%,27.37%,20.50%,Aug 13/b,18.39,0.00%,0
IIACL,-,0.42%,-,-,-,-,-,-,-,-,-,-,-,25.15,0.00%,0
IIACO,437.06M,-,-,-,-0.47%,2.95,2.95,0.00,0.00,-,-,-,-,9.99,0.00%,0
IIACQ,322.38M,-,-,-,-,8.33,8.33,0.00,0.00,-,-,-,-,9.99,0.00%,0
IIAE,95.79M,8.75%,-,-,-,-,-,-,-,-,-,-,-,8.91,0.00%,0
IIAF,124.38M,11.17%,-,-,-,-,-,-,-,-,-,-,-,12.98,0.00%,0
IIAG,11.38B,-,20.50%,29.53%,23.56%,1.71,1.05,0.12,0.12,49.33%,47.49%,31.40%,Aug 06/a,19.93,-0.99%,"2,534"
IIAGG,-,4.56%,-,-,-,-,-,-,-,-,-,-,-,49.44,-0.25%,1
IIAI,-,1.14%,-,-,-,-,-,-,-,-,-,-,-,187.00,-0.05%,1
IIAK,-,2.52%,-,-,-,-,-,-,-,-,-,-,-,141.34,0.00%,0
IIALT,-,0.26%,-,-,-,-,-,-,-,-,-,-,-,29.90,0.00%,0
IIAPR,-,-,-,-,-,-,-,-,-,-,-,-,-,33.92,0.00%,0
IIART,1.21B,-,-0.20%,-0.70%,-0.24%,3.60,2.11,1.91,1.96,55.25%,10.71%,-0.44%,Jul 29/b,15.59,0.00%,0
IIAT,-,2.74%,-,-,-,-,-,-,-,-,-,-,-,59.76,0.00%,0
IIAU,-,-,-,-,-,-,-,-,-,-,-,-,-,81.25,-0.51%,"16,590"
IIAUG,-,-,-,-,-,-,-,-,-,-,-,-,-,30.65,0.00%,0
IIAUI,-,13.50%,-,-,-,-,-,-,-,-,-,-,-,50.00,-0.83%,"1,442"
IIAUM,-,-,-,-,-,-,-,-,-,-,-,-,-,43.09,-0.49%,"22,919"
IIAUX,1.51B,-,-26.43%,-71.66%,-36.77%,8.63,8.05,1.72,1.73,-54.71%,-91.93%,-198.82%,Aug 10/a,1.74,0.00%,0
IIBAC,55.29M,-,-0.61%,-0.63%,-6.58%,0.10,0.10,0.00,0.08,-,-,-,-,11.04,0.00%,0
IIBAT,-,0.75%,-,-,-,-,-,-,-,-,-,-,-,40.51,0.00%,0
IIBB,-,0.16%,-,-,-,-,-,-,-,-,-,-,-,206.15,-0.49%,240
IIBBQ,-,1.12%,-,-,-,-,-,-,-,-,-,-,-,34.85,0.00%,0
IIBCA,-,4.94%,-,-,-,-,-,-,-,-,-,-,-,24.67,0.00%,0
IIBCB,-,1.79%,-,-,-,-,-,-,-,-,-,-,-,24.24,0.00%,0
IIBCP,792.77M,3.14%,1.29%,14.38%,10.23%,0.18,-,0.33,0.33,-,26.49%,22.44%,Jul 23/b,35.71,-0.50%,1
IIBD,-,4.35%,-,-,-,-,-,-,-,-,-,-,-,23.33,0.00%,0
IIBDR,-,4.06%,-,-,-,-,-,-,-,-,-,-,-,24.21,0.00%,0
IIBDS,-,4.29%,-,-,-,-,-,-,-,-,-,-,-,24.14,0.00%,0
IIBDT,-,4.54%,-,-,-,-,-,-,-,-,-,-,-,25.00,0.00%,0
IIBDU,-,4.70%,-,-,-,-,-,-,-,-,-,-,-,22.79,0.00%,0
IIBDV,-,4.65%,-,-,-,-,-,-,-,-,-,-,-,21.32,0.00%,0
IIBDW,-,4.89%,-,-,-,-,-,-,-,-,-,-,-,20.30,0.00%,0
IIBDX,-,4.93%,-,-,-,-,-,-,-,-,-,-,-,24.40,0.00%,0
IIBDY,-,5.01%,-,-,-,-,-,-,-,-,-,-,-,24.96,0.00%,0
IIBDZ,-,5.03%,-,-,-,-,-,-,-,-,-,-,-,25.18,0.00%,0
IIBEX,538.45M,-,15.66%,30.43%,21.27%,2.10,2.10,0.28,0.37,26.69%,8.71%,7.19%,Sep 10/a,40.55,0.00%,0
IIBFR,-,0.79%,-,-,-,-,-,-,-,-,-,-,-,50.75,0.00%,0
IIBG,3.80M,-,-,-,-,0.27,0.10,-,-,-27.66%,-194.28%,-223.44%,-,0.90,-1.13%,"1,540"
IIBGA,-,4.83%,-,-,-,-,-,-,-,-,-,-,-,23.28,0.00%,0
IIBGB,-,4.84%,-,-,-,-,-,-,-,-,-,-,-,23.20,0.00%,0
IIBGC,-,2.01%,-,-,-,-,-,-,-,-,-,-,-,23.80,0.00%,0
IIBGK,-,4.87%,-,-,-,-,-,-,-,-,-,-,-,22.12,0.00%,0
IIBGL,-,4.91%,-,-,-,-,-,-,-,-,-,-,-,22.73,0.00%,0
IIBGM,-,2.06%,-,-,-,-,-,-,-,-,-,-,-,23.64,0.00%,0
IIBHF,-,5.78%,-,-,-,-,-,-,-,-,-,-,-,22.51,0.00%,0
IIBHG,-,5.95%,-,-,-,-,-,-,-,-,-,-,-,21.85,0.00%,0
IIBHH,-,6.19%,-,-,-,-,-,-,-,-,-,-,-,23.32,0.00%,0
IIBHI,-,6.66%,-,-,-,-,-,-,-,-,-,-,-,23.16,0.00%,0
IIBHJ,-,6.70%,-,-,-,-,-,-,-,-,-,-,-,26.07,0.00%,0
IIBHK,-,6.61%,-,-,-,-,-,-,-,-,-,-,-,25.17,0.00%,0
IIBHL,-,6.34%,-,-,-,-,-,-,-,-,-,-,-,25.02,0.00%,0
IIBHM,-,2.73%,-,-,-,-,-,-,-,-,-,-,-,24.90,0.00%,0
IIBIC,-,4.59%,-,-,-,-,-,-,-,-,-,-,-,25.72,0.00%,0
IIBID,-,4.88%,-,-,-,-,-,-,-,-,-,-,-,25.82,0.00%,0
IIBIE,-,4.97%,-,-,-,-,-,-,-,-,-,-,-,25.64,0.00%,0
IIBIF,-,4.98%,-,-,-,-,-,-,-,-,-,-,-,25.48,0.00%,0
IIBIG,-,5.23%,-,-,-,-,-,-,-,-,-,-,-,25.28,0.00%,0
IIBIH,-,5.05%,-,-,-,-,-,-,-,-,-,-,-,25.21,0.00%,0
IIBII,-,5.29%,-,-,-,-,-,-,-,-,-,-,-,24.83,0.00%,0
IIBIJ,-,5.61%,-,-,-,-,-,-,-,-,-,-,-,24.80,0.00%,0
IIBIK,-,5.69%,-,-,-,-,-,-,-,-,-,-,-,24.58,0.00%,0
IIBIL,-,4.97%,-,-,-,-,-,-,-,-,-,-,-,24.33,0.00%,0
IIBIM,-,1.90%,-,-,-,-,-,-,-,-,-,-,-,24.22,0.00%,0
IIBIO,79.72M,-,-54.04%,-65.70%,-37.82%,7.85,7.85,0.02,0.03,-930.00%,-30138.00%,-33044.00%,Aug 28/b,1.31,3.97%,697
IIBIT,-,-,-,-,-,-,-,-,-,-,-,-,-,48.73,-0.57%,"1,206,941"
IIBKR,42.12B,0.37%,0.53%,20.99%,18.68%,1.05,1.05,0.02,7.72,95.31%,86.66%,9.97%,Jul 21/a,92.96,-0.27%,"5,562"
IIBLC,-,1.14%,-,-,-,-,-,-,-,-,-,-,-,50.21,-1.34%,14
IIBM,219.33B,2.90%,7.12%,34.55%,11.51%,0.76,0.71,1.70,1.89,57.56%,20.91%,15.52%,Jul 22/a,232.80,0.38%,"18,333"
IIBMO,-,2.39%,-,-,-,-,-,-,-,-,-,-,-,25.65,0.00%,0
IIBMP,-,2.52%,-,-,-,-,-,-,-,-,-,-,-,25.30,0.00%,0
IIBMQ,-,2.49%,-,-,-,-,-,-,-,-,-,-,-,25.31,0.00%,0
IIBMR,-,2.57%,-,-,-,-,-,-,-,-,-,-,-,24.97,0.00%,0
IIBMS,-,2.53%,-,-,-,-,-,-,-,-,-,-,-,25.34,0.00%,0
IIBMT,-,2.46%,-,-,-,-,-,-,-,-,-,-,-,25.04,0.00%,0
IIBMU,-,1.06%,-,-,-,-,-,-,-,-,-,-,-,24.51,0.00%,0
IIBMV,-,1.17%,-,-,-,-,-,-,-,-,-,-,-,24.34,0.00%,0
IIBMW,-,1.14%,-,-,-,-,-,-,-,-,-,-,-,24.03,0.00%,0
IIBMX,-,1.12%,-,-,-,-,-,-,-,-,-,-,-,23.75,0.00%,0
IIBN,101.64B,0.99%,1.97%,15.72%,9.64%,0.37,-,0.59,0.59,-,24.84%,17.66%,Jul 18/a,28.32,0.00%,0
IIBND,-,2.88%,-,-,-,-,-,-,-,-,-,-,-,30.39,0.00%,0
IIBO,58.19M,-,4.41%,371.29%,7.33%,0.16,0.13,0.00,0.00,-4377.14%,-14562.86%,2254.29%,-,0.54,-2.88%,"6,575"
IIBOC,4.36B,2.08%,2.47%,12.92%,11.83%,0.10,-,0.04,0.22,-,49.28%,38.88%,Aug 06/b,70.16,0.00%,0
IIBOT,-,0.31%,-,-,-,-,-,-,-,-,-,-,-,64.07,0.00%,0
IIBP,5.38B,1.66%,11.74%,38.45%,14.28%,2.98,2.41,1.75,1.87,32.22%,12.51%,8.46%,Aug 06/b,202.48,0.00%,1
IIBRN,-,0.91%,-,-,-,-,-,-,-,-,-,-,-,35.32,0.00%,0
IIBRX,8.85B,-,-192.58%,-,-569.64%,5.72,5.70,-,-,89.33%,-151.88%,-598.56%,Aug 04/b,8.35,-1.18%,"18,047"
IIBTA,952.30M,-,-2.03%,-3.70%,-4.13%,1.71,1.71,0.10,0.10,76.70%,-3.38%,-3.21%,Aug 03/a,41.09,0.00%,0
IIBTG,-,3.87%,-,-,-,-,-,-,-,-,-,-,-,22.86,0.00%,1
IIBTH,-,3.77%,-,-,-,-,-,-,-,-,-,-,-,22.30,0.00%,0
IIBTI,-,3.78%,-,-,-,-,-,-,-,-,-,-,-,21.92,0.00%,0
IIBTJ,-,3.82%,-,-,-,-,-,-,-,-,-,-,-,21.29,0.00%,0
IIBTK,-,3.83%,-,-,-,-,-,-,-,-,-,-,-,19.09,0.00%,0
IIBTL,-,4.01%,-,-,-,-,-,-,-,-,-,-,-,19.64,0.00%,0
IIBTM,-,4.02%,-,-,-,-,-,-,-,-,-,-,-,22.00,0.00%,0
IIBTO,-,4.27%,-,-,-,-,-,-,-,-,-,-,-,23.33,0.00%,0
IIBTP,-,4.14%,-,-,-,-,-,-,-,-,-,-,-,24.50,0.00%,0
IIBTQ,-,4.01%,-,-,-,-,-,-,-,-,-,-,-,24.15,0.00%,0
IIBTR,-,1.65%,-,-,-,-,-,-,-,-,-,-,-,23.97,0.00%,0
IIBUF,-,-,-,-,-,-,-,-,-,-,-,-,-,32.09,0.00%,0
IIBUY,-,0.12%,-,-,-,-,-,-,-,-,-,-,-,68.07,0.00%,0
IIBX,-,-,-,-,-,-,-,-,-,-,-,-,-,17.25,0.58%,"9,067"
IICAP,-,10.03%,-,-,-,-,-,-,-,-,-,-,-,28.59,0.00%,0
IICCC,92.00M,-,1.69%,2.57%,1.87%,4.75,2.71,0.34,0.40,40.32%,6.08%,2.57%,Aug 13/a,10.13,0.00%,0
IICCM,6.51M,-,-119.31%,-228.31%,-141.65%,2.87,2.44,0.00,0.01,36.10%,-423.69%,-427.67%,Aug 12/b,1.90,-2.56%,"1,462"
IICE,87.41B,1.34%,2.54%,13.93%,8.26%,1.01,1.01,0.65,0.69,68.57%,46.06%,30.74%,Jul 30/b,155.70,0.21%,33
IICF,-,2.68%,-,-,-,-,-,-,-,-,-,-,-,65.08,0.00%,0
IICFI,1.51B,0.67%,4.24%,8.64%,5.55%,1.39,1.39,0.52,0.54,34.13%,8.08%,4.86%,Aug 06/a,84.10,0.00%,0
IICG,26.54M,-,-5.02%,-5.33%,-5.31%,14.10,12.76,0.00,0.00,6.43%,-48.42%,-24.30%,Aug 20/a,0.92,-0.77%,466
IICHR,2.08B,-,-3.71%,-5.17%,-4.02%,3.70,2.07,0.16,0.18,9.51%,1.32%,-3.97%,Aug 03/a,55.49,-1.16%,"6,532"
IICL,6.87B,3.76%,2.39%,5.02%,3.47%,1.58,0.94,0.43,0.54,30.63%,10.61%,3.95%,Aug 05/b,5.32,-0.37%,349
IICLN,-,1.04%,-,-,-,-,-,-,-,-,-,-,-,17.72,-0.42%,262
IICLO,-,4.88%,-,-,-,-,-,-,-,-,-,-,-,25.57,0.00%,0
IICLR,13.08B,-,0.26%,0.45%,0.37%,0.95,0.95,0.24,0.38,19.45%,10.14%,0.51%,Jul 29/a,169.55,0.00%,0
IICMB,12.43M,27.74%,-10.56%,-32.40%,-12.89%,7.14,7.14,2.18,2.18,72.01%,-111.20%,-194.02%,Aug 15/a,0.86,0.00%,0
IICON,-,-,-,-,-,-,-,-,-,-,-,-,-,0.97,0.00%,0
IICOP,-,1.57%,-,-,-,-,-,-,-,-,-,-,-,54.97,0.00%,0
IICOW,-,3.99%,-,-,-,-,-,-,-,-,-,-,-,43.42,0.00%,0
IICPI,-,3.22%,-,-,-,-,-,-,-,-,-,-,-,50.25,0.00%,0
IICPY,-,0.23%,-,-,-,-,-,-,-,-,-,-,-,13.21,0.00%,0
IICSH,-,4.17%,-,-,-,-,-,-,-,-,-,-,-,50.38,0.00%,"1,464"
IICU,15.78M,-,-160.02%,-356.87%,-317.20%,1.89,1.87,0.00,0.03,92.64%,-816.64%,-795.50%,Aug 12/a,3.58,0.00%,43
IICUI,3.88B,-,0.74%,1.41%,0.88%,2.39,1.17,0.58,0.60,34.50%,6.68%,1.39%,Aug 06/a,155.22,0.00%,0
IICVT,-,1.46%,-,-,-,-,-,-,-,-,-,-,-,109.60,-4.67%,14
IIDA,7.55B,2.74%,3.26%,9.44%,4.42%,0.99,0.75,1.03,1.06,21.93%,21.62%,18.80%,Jul 30/b,130.47,0.00%,0
IIDAC,213.06M,-,-,-,0.39%,136.79,136.79,0.00,0.00,-,-,-,-,10.05,0.00%,0
IIDAI,15.68M,-,-103.46%,-264.87%,-86.81%,6.48,6.48,1.33,1.34,32.32%,-246.68%,-272.85%,Aug 19,2.78,0.00%,0
IIDAU,-,-,-,-,-,-,-,-,-,-,-,-,-,24.81,0.00%,0
IIDCC,8.43B,0.86%,14.47%,26.40%,24.66%,1.74,1.74,0.02,0.33,78.66%,43.77%,38.32%,Jul 30/b,326.70,0.00%,0
IIDE,189.61M,9.59%,-,-,-,-,-,-,-,-,-,-,-,12.51,0.00%,0
IIDEC,-,-,-,-,-,-,-,-,-,-,-,-,-,35.14,0.00%,0
IIDEF,-,0.33%,-,-,-,-,-,-,-,-,-,-,-,32.19,0.00%,0
IIDEQ,-,1.29%,-,-,-,-,-,-,-,-,-,-,-,36.16,0.00%,0
IIDEV,-,3.14%,-,-,-,-,-,-,-,-,-,-,-,91.45,0.00%,201
IIDGT,-,0.78%,-,-,-,-,-,-,-,-,-,-,-,117.74,0.00%,0
IIDHQ,-,1.92%,-,-,-,-,-,-,-,-,-,-,-,44.12,0.00%,0
IIDIAU,-,-,-,-,-,0.26,0.26,-,-,-,-,-,-,-,-,0
IIDJL,-,-,-,-,-,-,-,-,-,-,-,-,-,25.29,0.00%,0
IIDJN,-,-,-,-,-,-,-,-,-,-,-,-,-,25.37,0.00%,0
IIDLV,-,4.95%,-,-,-,-,-,-,-,-,-,-,-,35.13,0.00%,0
IIDMO,-,2.26%,-,-,-,-,-,-,-,-,-,-,-,62.08,0.00%,0
IIDMY,-,-,-,-,-,-,-,-,-,-,-,-,-,25.54,0.00%,0
IIDN,47.63M,-,12.92%,15.51%,13.97%,4.98,4.98,0.00,0.00,91.02%,11.81%,13.03%,Aug 13/a,2.35,0.00%,0
IIDNA,-,0.68%,-,-,-,-,-,-,-,-,-,-,-,41.07,1.08%,5
IIDOG,-,4.29%,-,-,-,-,-,-,-,-,-,-,-,43.61,0.00%,0
IIDR,459.75M,-,23.84%,26.36%,18.37%,12.17,11.66,0.01,0.02,50.11%,45.14%,44.00%,Aug 13/b,29.05,0.00%,0
IIDRV,-,1.84%,-,-,-,-,-,-,-,-,-,-,-,34.78,0.00%,0
IIDSE,-,-,-,-,-,-,-,-,-,-,-,-,-,24.98,0.00%,0
IIDT,1.71B,0.38%,12.60%,25.40%,22.82%,1.90,1.90,0.00,0.00,37.35%,9.07%,6.41%,Sep 28/a,68.84,0.00%,0
IIDU,-,2.49%,-,-,-,-,-,-,-,-,-,-,-,103.68,0.00%,1
IIDUB,-,4.43%,-,-,-,-,-,-,-,-,-,-,-,28.31,0.00%,0
IIDV,-,5.52%,-,-,-,-,-,-,-,-,-,-,-,43.90,0.00%,0
IIDVO,-,5.72%,-,-,-,-,-,-,-,-,-,-,-,42.91,0.05%,147
IIDVY,-,0.74%,-,-,-,-,-,-,-,-,-,-,-,26.86,0.00%,0
IIDVZ,-,3.02%,-,-,-,-,-,-,-,-,-,-,-,34.00,0.00%,0
IIDX,-,3.07%,-,-,-,-,-,-,-,-,-,-,-,11.20,0.00%,0
IIDXX,40.60B,-,33.65%,74.21%,56.62%,1.11,0.81,0.25,0.68,62.53%,32.12%,25.03%,Aug 04/b,515.30,0.00%,0
IIDYA,3.75B,-,-14.89%,-16.22%,-14.26%,10.45,10.45,0.02,0.02,98.08%,-92.66%,-74.75%,Aug 04/b,38.86,0.00%,0
IIDYN,-,1.71%,-,-,-,-,-,-,-,-,-,-,-,31.07,0.00%,0
IIE,1.56B,-,-6.99%,-8.40%,-6.54%,5.05,5.05,0.00,0.07,-2610.62%,-3915.94%,-1138.74%,Aug 07/b,9.77,-0.81%,182
IIEAG,444.77M,-,-,-,1.19%,7.08,7.08,0.00,0.00,-,-,-,-,10.26,0.00%,0
IIEF,-,4.06%,-,-,-,-,-,-,-,-,-,-,-,91.17,0.02%,"1,817"
IIEFA,-,3.32%,-,-,-,-,-,-,-,-,-,-,-,99.06,0.00%,0
IIEI,-,3.79%,-,-,-,-,-,-,-,-,-,-,-,114.48,0.02%,25
IIEMG,-,2.17%,-,-,-,-,-,-,-,-,-,-,-,83.00,-0.91%,486
IIEO,-,1.61%,-,-,-,-,-,-,-,-,-,-,-,135.64,0.00%,0
IIEP,5.08B,27.97%,-3.72%,-23.75%,-5.96%,3.36,2.80,3.77,4.32,8.94%,1.24%,-4.72%,Aug 05/b,7.15,0.00%,0
IIESC,12.79B,-,24.25%,45.18%,34.77%,1.63,1.49,0.06,0.06,24.85%,12.38%,11.39%,Jul 31/b,321.01,-0.21%,2
IIETC,-,0.36%,-,-,-,-,-,-,-,-,-,-,-,114.63,0.00%,0
IIEUR,-,3.15%,-,-,-,-,-,-,-,-,-,-,-,75.79,0.00%,0
IIEUS,-,3.13%,-,-,-,-,-,-,-,-,-,-,-,72.08,0.00%,0
IIEV,-,2.78%,-,-,-,-,-,-,-,-,-,-,-,73.13,0.00%,0
IIEX,16.40B,1.33%,7.53%,12.96%,8.86%,3.05,2.15,0.46,0.47,42.83%,21.05%,14.49%,Jul 29/b,222.53,0.00%,0
IIEZ,-,1.18%,-,-,-,-,-,-,-,-,-,-,-,27.97,0.00%,1
IIFBD,7.53M,-,-107.44%,-126.32%,-292.93%,1.98,1.98,0.01,0.06,29.50%,-18.91%,-598.07%,-,0.92,0.00%,0
IIFEB,-,-,-,-,-,-,-,-,-,-,-,-,-,31.88,0.00%,0
IIFED,-,-,-,-,-,-,-,-,-,-,-,-,-,46.90,0.00%,0
IIFF,21.33B,1.96%,1.01%,1.83%,1.44%,2.06,1.71,0.37,0.45,32.44%,10.48%,2.78%,Aug 04/a,83.60,0.00%,0
IIFGL,-,4.49%,-,-,-,-,-,-,-,-,-,-,-,21.27,0.00%,0
IIFLN,-,6.06%,-,-,-,-,-,-,-,-,-,-,-,17.88,0.00%,0
IIFLO,-,1.58%,-,-,-,-,-,-,-,-,-,-,-,36.54,0.00%,0
IIFLR,-,0.94%,-,-,-,-,-,-,-,-,-,-,-,53.62,0.00%,0
IIFN,477.70M,14.60%,-,-,-,-,-,-,-,-,-,-,-,11.03,0.00%,0
IIFRA,-,1.80%,-,-,-,-,-,-,-,-,-,-,-,56.40,0.00%,0
IIFRX,312.42M,-,-,-,-,8.22,8.22,0.00,0.01,-,-,-,Aug 06/b,2.12,0.00%,0
IIFS,6.49B,3.32%,2.09%,17.45%,9.71%,0.41,-,0.66,1.09,-,26.46%,20.19%,Aug 11/a,55.52,0.00%,0
IIFV,-,1.86%,-,-,-,-,-,-,-,-,-,-,-,25.75,0.00%,0
IIG,-,5.23%,-,-,-,-,-,-,-,-,-,-,-,20.01,0.00%,0
IIGA,164.92M,9.49%,-,-,-,-,-,-,-,-,-,-,-,10.75,0.00%,0
IIGAC,182.47M,-,2.60%,2.72%,1.36%,0.67,0.67,0.00,0.01,-,-,-,-,10.07,0.00%,0
IIGBH,-,5.33%,-,-,-,-,-,-,-,-,-,-,-,24.70,0.00%,0
IIGC,28.01M,-,-90.43%,-129.16%,-125.54%,0.39,0.19,0.02,0.18,0.71%,-986.82%,-702.14%,Aug 14/b,0.27,-1.13%,318
IIGCB,-,4.82%,-,-,-,-,-,-,-,-,-,-,-,44.40,0.00%,0
IIGD,503.18M,9.40%,-,-,-,-,-,-,-,-,-,-,-,6.38,0.00%,0
IIGE,-,1.89%,-,-,-,-,-,-,-,-,-,-,-,63.58,0.00%,0
IIGEB,-,5.24%,-,-,-,-,-,-,-,-,-,-,-,43.70,0.00%,0
IIGF,-,3.05%,-,-,-,-,-,-,-,-,-,-,-,63.33,0.00%,0
IIGGY,-,-,-,-,-,-,-,-,-,-,-,-,-,28.69,0.00%,0
IIGHG,-,5.11%,-,-,-,-,-,-,-,-,-,-,-,77.97,0.00%,0
IIGI,96.56M,5.29%,-,-,-,-,-,-,-,-,-,-,-,16.11,0.00%,0
IIGIB,-,5.02%,-,-,-,-,-,-,-,-,-,-,-,51.42,0.00%,0
IIGIC,1.06B,5.52%,6.06%,16.26%,16.18%,0.89,-,0.00,0.00,-,22.61%,20.65%,Aug 04/a,25.00,0.00%,0
IIGLB,-,5.47%,-,-,-,-,-,-,-,-,-,-,-,47.72,0.00%,2
IIGLD,-,23.42%,-,-,-,-,-,-,-,-,-,-,-,21.38,0.99%,291
IIGM,-,0.13%,-,-,-,-,-,-,-,-,-,-,-,169.32,0.00%,0
IIGOV,-,1.45%,-,-,-,-,-,-,-,-,-,-,-,40.60,0.00%,0
IIGPT,-,0.01%,-,-,-,-,-,-,-,-,-,-,-,103.20,0.24%,100
IIGR,617.66M,17.69%,-,-,-,-,-,-,-,-,-,-,-,12.21,0.00%,0
IIGRO,-,2.65%,-,-,-,-,-,-,-,-,-,-,-,90.94,0.00%,0
IIGSB,-,4.65%,-,-,-,-,-,-,-,-,-,-,-,51.56,0.00%,3
IIGV,-,0.02%,-,-,-,-,-,-,-,-,-,-,-,107.95,0.77%,"34,997"
IIH,24.93M,-,5.38%,7.63%,7.32%,3.50,3.42,0.01,0.01,67.48%,4.41%,9.35%,-,1.12,-2.82%,"7,731"
IIHAK,-,0.06%,-,-,-,-,-,-,-,-,-,-,-,67.78,0.00%,0
IIHD,137.45M,8.52%,-,-,-,-,-,-,-,-,-,-,-,7.75,0.00%,0
IIHDG,-,1.82%,-,-,-,-,-,-,-,-,-,-,-,52.48,0.00%,1
IIHE,-,1.40%,-,-,-,-,-,-,-,-,-,-,-,102.24,0.00%,0
IIHF,-,0.97%,-,-,-,-,-,-,-,-,-,-,-,55.86,0.00%,0
IIHG,22.93B,1.33%,14.02%,-,146.98%,0.66,0.66,-,-,23.57%,23.57%,13.40%,Aug 11/b,156.47,1.21%,261
IIHI,-,0.50%,-,-,-,-,-,-,-,-,-,-,-,51.95,0.00%,0
IIHRT,405.91M,-,-5.59%,-,-7.94%,1.41,1.41,-,-,50.35%,7.14%,-7.17%,Aug 10/a,2.40,0.00%,0
IIHS,2.85B,2.14%,13.67%,-,4.87%,1.93,1.89,-,-,51.92%,33.40%,9.15%,Aug 11/b,8.42,0.00%,0
IIHT,20.10M,0.69%,-8.33%,-34.88%,-7.14%,1.30,1.30,5.03,5.31,28.61%,-7.26%,-15.31%,-,1.45,0.00%,0
IIHY,-,5.88%,-,-,-,-,-,-,-,-,-,-,-,21.40,0.00%,0
IIIF,209.13M,-,-,-,-,-,-,-,-,-,-,-,-,22.28,0.00%,0
IIIGD,-,4.29%,-,-,-,-,-,-,-,-,-,-,-,23.97,0.00%,0
IIII,259.50M,3.36%,5.77%,12.31%,7.15%,2.81,2.81,0.70,0.70,43.06%,9.27%,4.67%,Aug 05/a,5.36,0.00%,0
IIIIN,577.46M,3.75%,7.69%,10.00%,9.77%,3.57,1.43,0.00,0.01,11.77%,6.58%,5.14%,Jul 16/b,29.83,0.00%,0
IIIIV,388.25M,-,0.99%,1.86%,2.24%,1.21,1.15,0.42,0.42,55.22%,3.11%,4.09%,Aug 06/a,14.75,0.00%,0
IIIM,563.81M,7.72%,-,-,-,-,-,-,-,-,-,-,-,11.97,0.00%,1
IIINC,-,1.72%,-,-,-,-,-,-,-,-,-,-,-,25.40,0.00%,0
IIIPR,1.55B,13.52%,5.49%,7.19%,5.45%,2.03,2.03,0.33,0.33,60.08%,46.91%,47.87%,Aug 03/a,56.20,0.07%,6
IIJAN,-,-,-,-,-,-,-,-,-,-,-,-,-,38.94,0.00%,0
IIJH,-,1.23%,-,-,-,-,-,-,-,-,-,-,-,73.25,0.00%,0
IIJJ,-,1.66%,-,-,-,-,-,-,-,-,-,-,-,141.50,0.00%,0
IIJK,-,0.58%,-,-,-,-,-,-,-,-,-,-,-,110.72,0.00%,0
IIJR,-,1.23%,-,-,-,-,-,-,-,-,-,-,-,138.89,-0.25%,106
IIJS,-,1.41%,-,-,-,-,-,-,-,-,-,-,-,131.30,0.00%,1
IIJT,-,0.77%,-,-,-,-,-,-,-,-,-,-,-,164.10,0.09%,"8,881"
IIJUL,-,-,-,-,-,-,-,-,-,-,-,-,-,36.59,0.00%,0
IIJUN,-,-,-,-,-,-,-,-,-,-,-,-,-,31.66,0.00%,0
IIKT,306.98M,-,-48.04%,-51.96%,-39.55%,15.82,15.82,0.00,0.00,-,-,-,Aug 11/a,2.20,0.00%,0
IILAG,5.91M,-,-168.81%,-221.18%,-385.00%,1.97,0.41,0.03,0.42,2.89%,-368.52%,-430.56%,-,2.85,0.00%,0
IILCB,-,0.97%,-,-,-,-,-,-,-,-,-,-,-,107.26,0.00%,0
IILCG,-,0.41%,-,-,-,-,-,-,-,-,-,-,-,117.89,0.00%,0
IILCV,-,1.54%,-,-,-,-,-,-,-,-,-,-,-,107.55,0.00%,0
IILDR,-,-,-,-,-,-,-,-,-,-,-,-,-,40.19,0.00%,0
IILF,-,2.75%,-,-,-,-,-,-,-,-,-,-,-,35.49,0.00%,0
IILIT,-,2.31%,-,-,-,-,-,-,-,-,-,-,-,13.97,0.00%,0
IILLR,11.67M,-,-377.98%,-,-,0.03,0.03,-,-,23.52%,-596.71%,-694.40%,-,0.57,2.65%,"2,589"
IILLU,312.29M,-,-,-,-,6.04,6.04,0.00,0.00,-,-,-,-,9.98,0.00%,0
IILMN,35.89B,-,12.95%,32.38%,17.25%,1.80,1.40,0.69,0.89,66.81%,19.87%,18.35%,Jul 30/a,237.70,-0.47%,940
IILOW,-,1.46%,-,-,-,-,-,-,-,-,-,-,-,46.82,0.00%,0
IILPT,521.29M,3.84%,-0.91%,-9.63%,-1.01%,33.54,33.54,9.09,9.09,49.80%,32.85%,-10.37%,Jul 29/a,7.81,0.00%,0
IILS,-,7.90%,-,-,-,-,-,-,-,-,-,-,-,20.45,0.00%,0
IILTB,-,5.18%,-,-,-,-,-,-,-,-,-,-,-,46.87,0.00%,0
IIMA,54.60M,-,-37.73%,-40.69%,-36.29%,21.47,21.47,0.02,0.03,-,-,-,Aug 05/b,4.81,0.00%,0
IIMAR,-,-,-,-,-,-,-,-,-,-,-,-,-,30.91,0.00%,0
IIMAX,2.97B,-,4.58%,12.10%,6.41%,2.09,1.86,0.79,0.79,57.74%,22.77%,9.84%,Jul 23/b,54.15,0.20%,8
IIMAY,-,-,-,-,-,-,-,-,-,-,-,-,-,32.32,0.00%,0
IIMC,-,-,-,-,-,-,-,-,-,-,-,-,-,7.19,0.00%,0
IIMCB,-,1.24%,-,-,-,-,-,-,-,-,-,-,-,96.57,0.00%,0
IIMCC,2.16M,-,-54.47%,-25089.74%,-,0.56,0.46,-,-,12.57%,-25.87%,-39.06%,Aug 13/a,3.49,13.11%,"71,028"
IIMCG,-,0.65%,-,-,-,-,-,-,-,-,-,-,-,95.23,0.00%,0
IIMCR,1.66B,-,-1.64%,-4.47%,-2.12%,4.47,4.44,1.03,1.04,98.06%,-5.24%,-4.20%,Aug 06/b,32.18,0.00%,0
IIMCV,-,1.94%,-,-,-,-,-,-,-,-,-,-,-,94.32,0.00%,0
IIMDX,126.97M,-,-123.46%,-23603.11%,-,2.00,1.98,-,-,-93.38%,-2217.90%,-2955.63%,Aug 10/a,3.88,-3.24%,16
IIMF,-,0.86%,-,-,-,-,-,-,-,-,-,-,-,54.12,0.00%,0
IIMFL,-,2.91%,-,-,-,-,-,-,-,-,-,-,-,34.10,0.00%,0
IIMKTA,1.54B,0.79%,4.01%,6.34%,4.75%,3.21,1.75,0.30,0.31,24.49%,2.65%,1.92%,May 07/b,83.10,0.00%,0
IIMMP,42.91M,-,-66.76%,-78.38%,-124.19%,5.69,5.69,0.01,0.02,85.21%,-586.33%,-534.13%,Aug 30/a,0.29,-0.03%,"2,611"
IIMMR,244.06M,3.67%,0.92%,3.77%,2.22%,2.14,1.16,0.69,0.91,19.09%,1.79%,0.65%,Sep 14/b,7.35,0.00%,0
IIMMX,892.10M,-,-31.34%,-34.18%,-17.37%,25.13,25.13,0.00,0.00,-,-,-,Sep 02,12.47,0.00%,0
IIMNM,2.79B,-,-59.03%,-64.03%,-48.02%,15.08,15.08,0.01,0.01,-,-,-,Aug 11/a,24.59,-1.91%,19
IIMNN,8.35M,-,-123.77%,-429.72%,-145.66%,1.82,1.82,1.41,1.87,-,-,-,Aug 11/b,1.49,4.14%,"1,443"
IIMO,61.01B,1.95%,9.11%,16.91%,14.91%,1.38,1.09,0.17,0.17,13.26%,10.45%,8.25%,Jul 31/b,126.17,0.00%,0
IIMOM,-,2.35%,-,-,-,-,-,-,-,-,-,-,-,41.02,0.00%,0
IIMOS,2.28B,2.99%,4.86%,9.14%,6.38%,2.39,1.94,0.45,0.64,14.70%,8.07%,8.30%,Aug 11/a,65.18,0.00%,0
IIMPP,250.92M,-,14.14%,16.99%,14.94%,4.77,4.59,0.00,0.00,37.35%,34.18%,35.97%,Sep 10/b,5.50,-2.83%,"1,178"
IIMRN,10.01M,-,-33.33%,-40.36%,-29.89%,7.17,5.90,0.00,0.00,64.54%,-61.63%,-49.91%,-,1.24,0.00%,0
IIMRX,287.26M,-,-47.31%,-52.15%,-29.53%,19.47,19.47,0.02,0.02,-,-,-,Aug 06/b,4.44,0.00%,0
IIMSR,476.73M,-,-18.56%,-19.38%,-17.35%,44.53,44.53,0.01,0.01,-,-,-,Aug 11/b,4.50,0.00%,0
IIMTB,-,4.65%,-,-,-,-,-,-,-,-,-,-,-,42.21,0.00%,0
IIMTE,1.71M,-,-1.16%,-1.83%,-1.85%,0.72,0.72,0.00,0.02,-346.89%,-1111.65%,-374.93%,-,0.49,0.00%,0
IIMTG,-,2.22%,-,-,-,-,-,-,-,-,-,-,-,47.42,0.00%,0
IIMTM,-,2.24%,-,-,-,-,-,-,-,-,-,-,-,53.55,0.00%,2
IIMTX,1.30B,-,-39.45%,-48.08%,-51.20%,7.54,7.54,0.03,0.04,-,-555.60%,-495.72%,Aug 18/b,8.72,0.00%,0
IIMUX,147.77M,-,-101.15%,-138.17%,-87.22%,5.05,5.05,0.00,0.00,-,-,-,Aug 11/b,10.83,0.00%,0
IIMVP,-,2.63%,-,-,-,-,-,-,-,-,-,-,-,22.25,14.51%,16
IIMVT,7.66B,-,-71.10%,-80.10%,-73.19%,7.27,7.27,0.00,0.00,-,-,-,Aug 06/b,37.08,-0.27%,"26,854"
IIMXI,370.70M,-,3.85%,11.94%,6.23%,1.96,1.96,0.76,0.80,5.92%,-6.50%,3.88%,Aug 05,12.27,0.00%,0
IINAB,10.36M,-,-90.80%,-111.11%,-95.77%,8.21,8.21,0.06,0.12,-,-,-,Aug 06/a,1.05,-0.85%,1
IINAC,153.30M,-,6.36%,6.61%,3.30%,6.52,6.52,0.00,0.00,-,-,-,-,10.39,0.00%,0
IINBK,241.13M,0.87%,-0.54%,-8.34%,-4.43%,0.15,-,0.95,0.95,-,-14.20%,-9.77%,Jul 30/a,27.61,0.00%,0
IINBS,6.00M,-,-121.00%,-292.25%,-173.06%,1.44,1.35,0.30,0.33,21.02%,-306.76%,-294.91%,Aug 19/b,1.81,0.00%,0
IINBX,1.65B,-,-75.44%,-1773.60%,-109.53%,5.07,5.07,-,-,-,-,-,Aug 13/a,112.04,0.00%,0
IINCE,-,4.94%,-,-,-,-,-,-,-,-,-,-,-,67.41,0.00%,0
IINCM,-,5.22%,-,-,-,-,-,-,-,-,-,-,-,29.12,0.00%,0
IINCO,-,-,-,-,-,-,-,-,-,-,-,-,-,60.54,0.00%,0
IINCR,62.15M,-,-,-,-7.21%,1.48,0.95,0.20,0.46,8.70%,-27.06%,-13.69%,-,5.24,0.00%,0
IINCY,25.07B,-,23.55%,30.67%,25.30%,4.59,4.51,0.00,0.01,91.42%,31.61%,27.71%,Jul 28/b,123.70,-0.76%,"1,125"
IIND,-,0.35%,-,-,-,-,-,-,-,-,-,-,-,22.43,0.00%,0
IINDA,-,-,-,-,-,-,-,-,-,-,-,-,-,48.40,-0.21%,"10,341"
IINDB,3.84B,3.13%,1.21%,8.24%,6.44%,0.10,-,0.20,0.20,-,30.28%,20.41%,Jul 16/a,81.20,0.00%,0
IINDE,-,1.76%,-,-,-,-,-,-,-,-,-,-,-,29.88,0.00%,0
IINDH,-,-,-,-,-,-,-,-,-,-,-,-,-,38.30,0.00%,0
IINDI,739.47M,-,-17.63%,-43.98%,-21.21%,3.65,2.86,1.41,1.46,37.77%,-62.40%,-65.18%,Aug 06/a,3.19,-0.62%,"3,124"
IINDL,-,1.49%,-,-,-,-,-,-,-,-,-,-,-,42.85,0.00%,0
IINDO,45.08M,-,-22.83%,-26.95%,-25.58%,5.13,4.39,0.01,0.04,-55.89%,-268.35%,-253.40%,-,2.93,0.00%,33
IINDP,471.50M,-,-163.84%,-318.04%,-135.62%,19.48,19.48,0.00,0.00,-,-,-,Aug 13/b,3.07,-0.65%,"5,047"
IINDQ,-,0.31%,-,-,-,-,-,-,-,-,-,-,-,25.45,0.00%,0
IINDS,-,4.50%,-,-,-,-,-,-,-,-,-,-,-,38.90,0.00%,0
IINDV,4.19B,-,26.44%,-,121.58%,0.84,0.66,-,-,83.78%,39.94%,26.65%,Aug 03/b,35.53,0.00%,0
IINDY,-,0.94%,-,-,-,-,-,-,-,-,-,-,-,42.51,0.00%,0
IINDZ,-,-,-,-,-,-,-,-,-,-,-,-,-,24.98,0.00%,0
IINEO,6.49M,-,-0.98%,-5.73%,-5.79%,1.06,0.52,0.38,3.99,17.81%,-0.09%,-0.68%,-,0.53,0.00%,0
IINEQ,-,2.81%,-,-,-,-,-,-,-,-,-,-,-,41.32,0.00%,0
IINFH,-,-,-,-,-,-,-,-,-,-,-,-,-,8.84,-2.43%,389
IINFL,-,0.78%,-,-,-,-,-,-,-,-,-,-,-,52.95,0.00%,0
IINFO,-,0.30%,-,-,-,-,-,-,-,-,-,-,-,28.51,0.00%,0
IINFQ,3.13B,-,-23.38%,-25.04%,-21.07%,9.34,9.24,0.02,0.03,18.08%,-314.96%,-538.48%,Aug 12/a,13.89,-0.50%,"51,184"
IINFU,254.94M,-,8.61%,15.03%,10.37%,2.50,2.14,0.39,0.39,56.05%,9.26%,5.96%,Aug 04/b,12.80,0.00%,0
IINFY,43.87B,5.74%,19.76%,32.27%,32.78%,1.84,1.84,0.06,0.10,30.34%,20.72%,16.40%,Jul 23/a,10.81,-0.73%,"43,766"
IING,103.81B,4.11%,0.60%,13.58%,2.56%,0.19,-,4.31,4.31,-,41.30%,28.15%,Jul 30/b,36.91,0.00%,0
IINGM,6.20B,1.22%,2.10%,10.34%,5.99%,1.31,0.88,0.68,0.99,6.65%,1.85%,0.77%,Jul 30/a,26.96,0.00%,0
IINGN,135.35M,-,-8.23%,-13.14%,-13.12%,2.74,2.34,0.07,0.09,51.66%,-8.39%,-6.94%,Aug 06/a,5.10,0.00%,0
IINGR,6.12B,3.60%,7.47%,13.58%,9.45%,2.80,1.92,0.39,0.39,23.62%,12.24%,8.21%,Aug 04/b,97.03,0.00%,0
IINHD,8.75M,-,-12.36%,-12.61%,-7.24%,137.23,127.14,0.00,0.01,3.68%,-67.86%,-72.70%,-,3.47,-3.34%,"7,141"
IINIO,15.26B,-,-,-,-,1.25,0.79,12.75,12.91,-,-,-,Jul 28/b,20.34,0.20%,"2,107"
IINKM,-,4.81%,-,-,-,-,-,-,-,-,-,-,-,34.21,0.00%,0
IINKT,62.51M,-,-187.78%,-,-,1.23,1.23,-,-,-,-,-,Aug 13/b,12.25,0.00%,0
IINLF,2.88M,-,-25.19%,-41.26%,-33.72%,2.11,1.48,0.00,0.29,22.21%,-31.60%,-29.59%,-,2.74,3.11%,13
IINLX,23.87M,-,-17.33%,-26.60%,-27.03%,0.73,0.70,0.07,0.16,57.69%,-17.73%,-17.56%,Aug 12/a,5.31,0.00%,0
IINM,7.58M,-,-122.41%,-157.00%,-1168.44%,1.37,1.37,0.00,0.00,-6.30%,-510.84%,-669.61%,Sep 09/a,1.38,0.00%,0
IINMB,66.06M,-,-56.37%,-73.60%,-84.60%,4.04,4.04,0.03,0.07,-,-,-,Aug 06/a,2.38,3.93%,420
IINMD,833.47M,-,10.85%,12.33%,12.23%,8.18,7.28,0.01,0.01,76.52%,18.47%,20.69%,Aug 05/b,14.50,0.00%,0
IINMU,-,3.48%,-,-,-,-,-,-,-,-,-,-,-,23.25,0.00%,0
IINN,695.54M,5.53%,-0.19%,-0.61%,-0.24%,10.55,10.55,1.66,1.66,13.20%,8.82%,-3.29%,Aug 05/a,5.76,1.77%,8
IINNV,1.45B,-,-0.44%,-1.08%,-0.82%,1.05,1.05,0.31,0.37,20.88%,6.70%,-0.26%,Sep 08/a,10.60,0.00%,0
IINO,130.28M,-,-114.64%,-409.87%,-711.67%,1.00,1.00,1.17,1.83,-,-,-,Aug 12/a,1.26,1.61%,"1,917"
IINOD,2.09B,-,19.00%,37.74%,28.67%,1.72,1.72,0.02,0.02,42.31%,17.08%,14.66%,Aug 06/a,60.77,-0.46%,"5,474"
IINOV,-,-,-,-,-,-,-,-,-,-,-,-,-,37.52,0.00%,0
IINQQ,-,1.06%,-,-,-,-,-,-,-,-,-,-,-,13.82,0.00%,0
IINR,808.00M,-,3.80%,16.20%,4.76%,0.87,0.87,0.73,0.73,50.56%,43.86%,9.82%,Aug 10/a,12.74,0.00%,0
IINRO,-,0.58%,-,-,-,-,-,-,-,-,-,-,-,37.21,0.00%,0
IINSE,119.67M,-,-2.14%,-,-2.93%,2.27,1.95,-,-,57.25%,16.56%,-3.34%,Aug 05/a,4.54,0.00%,0
IINSG,67.27M,-,-12.77%,-,-34.48%,1.07,0.91,-,-,36.15%,-2.14%,1.27%,Aug 05/a,4.10,-1.99%,19
IINSM,26.74B,-,-38.20%,-87.22%,-58.85%,3.72,3.40,0.96,0.99,82.78%,-71.43%,-76.94%,Aug 06/b,122.45,1.20%,100
IINSP,2.19B,-,15.63%,17.96%,15.80%,8.55,6.16,0.04,0.04,86.13%,6.02%,15.03%,Aug 03/a,75.72,0.00%,0
IINSW,5.37B,13.90%,28.12%,37.41%,27.08%,5.94,5.76,0.27,0.29,59.53%,55.65%,61.86%,Aug 10/b,108.40,-0.64%,33
IINT,-,-,-,-,-,-,-,-,-,-,-,-,-,24.97,-2.65%,205
IINTA,2.81B,-,-5.01%,-9.87%,-12.39%,0.73,0.73,0.05,0.07,74.98%,-6.06%,-7.15%,Aug 04/a,36.70,0.00%,0
IINTC,642.05B,0.03%,-5.72%,-12.18%,-8.30%,1.60,1.25,0.55,0.58,39.05%,8.03%,-19.79%,Jul 23/a,121.46,-0.26%,"2,077,593"
IINTF,-,2.93%,-,-,-,-,-,-,-,-,-,-,-,42.48,0.00%,0
IINTG,81.74M,-,-0.20%,-,-0.19%,0.80,0.80,-,-,18.28%,14.37%,-0.29%,-,38.04,0.00%,6
IINTJ,5.66M,-,-20.35%,-21.86%,-17.62%,27.28,27.28,0.02,0.03,63.74%,-108.03%,-98.17%,-,2.65,0.00%,0
IINTL,-,3.30%,-,-,-,-,-,-,-,-,-,-,-,31.32,0.00%,0
IINTM,-,3.64%,-,-,-,-,-,-,-,-,-,-,-,50.19,0.00%,0
IINTR,2.46B,2.40%,1.64%,15.50%,12.50%,0.38,-,0.14,3.10,-,11.39%,8.99%,Aug 05/a,5.58,0.18%,"9,124"
IINTS,13.12M,-,-139.85%,-195.88%,-120.34%,5.00,5.00,0.01,0.01,-,-,-,Aug 11/b,4.02,0.00%,0
IINTT,140.96M,-,1.05%,1.49%,1.36%,2.49,1.62,0.07,0.14,40.88%,1.95%,1.22%,Aug 10/b,10.99,0.00%,0
IINTU,82.30B,1.73%,12.38%,23.60%,17.51%,1.51,1.51,0.37,0.44,77.91%,28.80%,21.29%,Aug 25/a,307.97,1.26%,"5,200"
IINTW,-,-,-,-,-,-,-,-,-,-,-,-,-,32.41,-0.52%,"397,219"
IINTZ,18.50M,-,-76.85%,-153.59%,-214.26%,0.39,0.39,0.85,1.72,55.23%,-190.86%,-191.35%,Aug 11/a,0.75,0.48%,722
IINUV,9.56M,-,-16.00%,-43.91%,-29.73%,0.60,0.60,0.81,1.24,40.51%,-18.75%,-8.56%,Aug 11/a,0.58,0.00%,0
IINV,70.23M,-,-20.07%,-52.63%,-51.91%,1.20,1.15,0.03,0.12,-1199.71%,-3190.62%,-3024.36%,Aug 13/a,0.83,-5.68%,"110,887"
IINVA,1.52B,-,23.53%,36.68%,23.78%,16.01,15.18,0.22,0.22,69.98%,35.83%,78.72%,Aug 05/a,21.04,0.00%,0
IINVE,60.59M,-,-10.37%,-10.93%,-11.44%,20.35,19.04,0.00,0.01,15.66%,-78.62%,-66.38%,Aug 12/a,2.50,0.00%,0
IINVG,-,4.60%,-,-,-,-,-,-,-,-,-,-,-,24.74,0.00%,0
IINVH,15.99B,4.44%,3.55%,7.04%,3.74%,0.69,0.69,0.95,0.95,30.94%,25.90%,11.82%,Jul 29/a,27.08,0.00%,0
IINVN,-,0.24%,-,-,-,-,-,-,-,-,-,-,-,26.23,0.00%,0
IINVX,1.90B,-,4.82%,5.99%,5.52%,5.01,3.32,0.05,0.07,26.06%,11.18%,6.17%,Aug 03/a,27.22,-0.41%,70
IINVZ,103.18M,-,-60.11%,-114.79%,-104.46%,1.73,1.60,0.60,0.73,6.54%,-153.51%,-153.10%,Aug 05/b,0.35,3.62%,180
IINYY,-,25.23%,-,-,-,-,-,-,-,-,-,-,-,41.89,0.00%,0
IIOCT,-,-,-,-,-,-,-,-,-,-,-,-,-,38.24,0.00%,0
IION,-,1.56%,-,-,-,-,-,-,-,-,-,-,-,48.90,0.00%,0
IIONC,-,-,-,-,-,-,-,-,-,-,-,-,-,11.98,0.00%,0
IIOND,3.87B,-,-,-,-,24.39,24.39,0.00,0.00,-,-,-,Sep 19/a,86.00,0.13%,15
IIONL,-,-,-,-,-,-,-,-,-,-,-,-,-,12.79,-1.97%,"42,252"
IIONQ,16.29B,-,-34.03%,-61.59%,-41.02%,10.66,10.19,0.01,0.02,-33.18%,-392.49%,-560.87%,Aug 05/a,40.20,-0.77%,"336,848"
IIONR,250.87M,-,-3.16%,-3.19%,-2.93%,25.76,25.76,0.00,0.00,-,-,-,Aug 12/a,3.25,0.00%,0
IIONS,7.48B,-,-18.89%,-105.42%,-21.59%,7.89,7.73,4.95,4.98,95.66%,-68.09%,-64.64%,Jul 29/b,45.00,0.22%,"4,663"
IIONX,-,7.15%,-,-,-,-,-,-,-,-,-,-,-,23.23,-1.73%,"27,575"
IIONZ,-,-,-,-,-,-,-,-,-,-,-,-,-,25.51,4.21%,"6,340"
IIOO,-,0.80%,-,-,-,-,-,-,-,-,-,-,-,146.12,0.00%,0
IIOPP,-,0.38%,-,-,-,-,-,-,-,-,-,-,-,26.50,0.00%,0
IIOR,69.13M,-,2.96%,2.96%,2.92%,29169.00,29169.00,0.00,0.00,-,-,-,-,17.00,0.00%,0
IIOSP,2.28B,2.04%,6.65%,9.21%,8.82%,2.78,1.87,0.03,0.04,27.46%,8.13%,6.60%,Aug 04/a,92.56,0.00%,202
IIOSX,-,-,-,-,-,-,-,-,-,-,-,-,-,34.76,0.00%,0
IIOT,22.43B,-,3.64%,6.43%,5.46%,1.37,1.31,0.04,0.04,76.38%,1.05%,4.90%,Sep 03/a,38.30,0.66%,"2,684"
IIOTR,9.17M,-,-16.73%,-37.91%,-21.68%,1.80,1.41,0.20,0.35,21.42%,-7.37%,-7.91%,-,1.88,0.00%,0
IIOVA,4.61B,-,-31.76%,-40.36%,-37.15%,4.35,3.82,0.06,0.06,37.14%,-91.17%,-89.11%,Aug 06/b,10.18,-0.10%,"3,734"
IIOYY,-,221.43%,-,-,-,-,-,-,-,-,-,-,-,5.87,0.00%,0
IIP,18.78B,5.29%,-6.91%,-16.48%,-13.54%,1.10,0.84,0.75,0.83,18.92%,0.86%,-14.14%,Jul 30/b,35.47,0.40%,8
IIPAC,-,3.72%,-,-,-,-,-,-,-,-,-,-,-,86.01,0.00%,0
IIPAR,3.61B,2.84%,10.99%,19.62%,17.12%,3.31,2.00,0.13,0.19,63.82%,17.26%,11.17%,Aug 04/a,112.76,0.00%,0
IIPAV,-,1.51%,-,-,-,-,-,-,-,-,-,-,-,31.67,0.00%,0
IIPAY,-,0.85%,-,-,-,-,-,-,-,-,-,-,-,48.16,0.00%,0
IIPDN,2.24M,-,-70.22%,-95.70%,-63.07%,0.78,0.78,0.00,0.01,-2.34%,-144.29%,-143.85%,-,3.36,0.00%,413
IIPEX,45.34M,-,-0.28%,-0.29%,-0.29%,0.05,0.05,0.01,0.01,-,-,-,Sep 02,10.23,0.00%,0
IIPFX,338.35M,-,-,-,-,1.55,1.55,0.00,0.00,-,-,-,-,10.03,0.00%,0
IIPGP,3.31B,-,1.15%,1.30%,1.29%,6.18,4.80,0.01,0.01,39.87%,3.96%,2.58%,Aug 04/b,77.75,0.00%,0
IIPHA,207.76M,-,-74.40%,-271.32%,-,0.60,0.60,-,-,-,-1257.04%,-1121.55%,Sep 17/b,1.86,0.00%,0
IIPHXU,290.09M,-,-,-,-,0.57,0.57,0.00,1.00,-,-,-,-,10.09,0.00%,0
IIPI,496.82M,-,2.00%,2.52%,2.53%,6.33,4.21,0.01,0.01,19.50%,5.95%,4.46%,Aug 04/a,36.92,0.00%,0
IIPKW,-,3.31%,-,-,-,-,-,-,-,-,-,-,-,60.57,0.00%,0
IIPM,16.35M,-,-12.81%,-20.68%,-18.82%,1.40,1.40,0.23,0.26,39.90%,-12.98%,-14.80%,Aug 11/a,1.81,0.00%,0
IIPO,-,0.44%,-,-,-,-,-,-,-,-,-,-,-,53.89,0.00%,0
IIPOS,-,0.64%,-,-,-,-,-,-,-,-,-,-,-,22.50,0.00%,0
IIPSC,334.99M,-,-38.41%,-49.65%,-41.12%,8.28,8.28,0.15,0.17,-,-,-,Aug 12/b,1.85,0.00%,0
IIPST,2.07M,-,-576.88%,-1255.58%,-592.80%,0.43,0.26,0.05,0.14,53.92%,-110.09%,-1881.60%,-,2.87,3.99%,"1,602"
IIPVV,253.15M,-,-,-,-,51.24,51.24,0.00,0.00,-,-,-,-,9.85,0.00%,0
IIPW,1.43M,-,-26.82%,-51.77%,-40.94%,2.20,1.81,0.37,0.46,39.95%,-25.81%,-28.16%,-,1.50,-1.32%,"2,673"
IIPWR,70.18M,-,-39.61%,-43.05%,-27.81%,27.86,27.82,0.01,0.01,-1564.66%,-39893.89%,-39282.85%,Aug 13/b,4.27,0.00%,0
IIPX,762.43M,-,-44.04%,-50.48%,-48.36%,4.03,4.00,0.03,0.04,-,-,-,Mar 12/b,21.05,0.00%,177
IIPXG,314.41M,-,-,-,-,0.79,0.79,0.00,0.00,-,-,-,-,10.03,0.00%,0
IIQ,537.22M,-,-1.83%,-6.42%,-3.53%,0.45,0.45,0.83,1.12,17.92%,-1.55%,-3.24%,Aug 18/b,1.02,0.86%,"4,478"
IIQDF,-,3.36%,-,-,-,-,-,-,-,-,-,-,-,35.43,0.00%,0
IIQDG,-,2.38%,-,-,-,-,-,-,-,-,-,-,-,43.40,0.00%,0
IIQDY,-,3.24%,-,-,-,-,-,-,-,-,-,-,-,43.08,0.00%,0
IIQGR,-,-,-,-,-,-,-,-,-,-,-,-,-,25.55,0.00%,0
IIQHI,-,6.68%,-,-,-,-,-,-,-,-,-,-,-,25.64,0.00%,0
IIQI,515.62M,7.75%,-,-,-,-,-,-,-,-,-,-,-,9.75,0.00%,0
IIQLT,-,2.36%,-,-,-,-,-,-,-,-,-,-,-,50.55,0.00%,0
IIQM,-,-,-,-,-,-,-,-,-,-,-,-,-,109.86,0.00%,0
IIQMM,-,2.04%,-,-,-,-,-,-,-,-,-,-,-,99.98,-0.13%,16
IIQMX,1.96B,-,-16.35%,-20.20%,-16.98%,3.11,2.67,0.07,0.12,45.79%,-492.10%,-489.45%,Aug 04/b,10.36,0.97%,68
IIQQ,-,0.08%,-,-,-,-,-,-,-,-,-,-,-,25.09,0.00%,"12,782"
IIQQQ,-,5.77%,-,-,-,-,-,-,-,-,-,-,-,48.90,0.06%,2
IIQSI,-,2.70%,-,-,-,-,-,-,-,-,-,-,-,38.69,0.00%,0
IIQSM,-,1.05%,-,-,-,-,-,-,-,-,-,-,-,39.19,0.00%,0
IIQST,11.78M,-,-19.24%,-85.97%,-74.97%,1.09,1.09,0.00,0.21,2.49%,-0.74%,-2.63%,Aug 19/b,1.08,11.91%,594
IIQSU,-,0.90%,-,-,-,-,-,-,-,-,-,-,-,63.46,0.00%,0
IIQSZ,-,1.56%,-,-,-,-,-,-,-,-,-,-,-,32.55,0.00%,0
IIQV,44.38B,-,4.70%,23.01%,6.83%,0.71,0.71,2.26,2.63,26.02%,13.90%,8.09%,Jul 28/b,269.65,-0.08%,3
IIR,28.06B,0.07%,5.29%,9.47%,6.73%,1.62,1.15,0.40,0.47,37.60%,18.62%,12.08%,Jul 30/a,72.31,0.00%,0
IIRAB,229.05M,-,-,-,1.20%,2.04,2.04,0.00,0.00,-,-,-,-,10.00,0.00%,0
IIRD,432.62M,-,-163.50%,-4796.52%,-463.48%,12.19,12.19,-,-,99.46%,-513.47%,-1091.82%,Aug 06/b,5.20,-0.38%,636
IIRDM,5.28B,1.24%,3.63%,19.72%,4.20%,2.78,2.31,3.70,3.73,47.73%,23.76%,10.55%,Jul 22/b,49.83,3.36%,166
IIRE,-,-,-,-,-,-,-,-,-,-,-,-,-,12.20,-1.53%,"98,484"
IIREC,-,-,-,-,-,-,-,-,-,-,-,-,-,27.29,0.00%,0
IIREG,-,-,-,-,-,-,-,-,-,-,-,-,-,10.05,-1.76%,"17,612"
IIREN,18.50B,-,-7.34%,-23.41%,-5.99%,3.55,3.55,1.80,1.87,9.84%,-53.68%,-99.38%,Aug 27/a,47.00,-0.49%,"419,833"
IIREX,-,-,-,-,-,-,-,-,-,-,-,-,-,17.77,-1.50%,"29,056"
IIREZ,-,-,-,-,-,-,-,-,-,-,-,-,-,7.58,1.47%,"69,675"
IIRHO,294.67M,-,2.18%,2.29%,1.15%,2.94,2.94,0.00,0.00,-,-,-,-,10.05,0.00%,0
IIRIX,11.29M,-,-12.06%,-73.15%,-47.22%,1.82,1.08,1.06,1.10,35.31%,-5.39%,-6.88%,Aug 18/a,0.64,0.00%,0
IIRM,34.83B,2.91%,1.99%,-,2.31%,0.73,0.73,-,-,39.81%,20.65%,5.54%,Aug 05/b,117.00,0.09%,51
IIRMD,1.05B,0.93%,20.82%,23.52%,22.66%,9.46,8.13,0.00,0.00,75.86%,31.92%,26.70%,Jul 31/b,82.45,-0.01%,243
IIROC,-,5.31%,-,-,-,-,-,-,-,-,-,-,-,49.05,0.00%,0
IIRON,2.63B,-,-35.12%,-39.08%,-34.89%,24.14,24.14,0.09,0.09,-,-,-,Jul 30/b,68.47,-0.03%,45
IIRS,1.32B,3.75%,8.55%,18.21%,12.39%,1.75,1.71,0.37,0.45,60.86%,41.85%,57.47%,May 06/a,15.60,0.00%,0
IIRT,3.56B,4.74%,0.72%,1.29%,0.76%,0.53,0.53,0.70,0.73,20.61%,17.04%,6.54%,Aug 03/a,14.74,0.55%,19
IIRTC,3.64B,-,-1.36%,-9.63%,-1.56%,3.85,3.74,3.82,3.91,71.45%,1.38%,-1.69%,Aug 06/a,110.38,0.00%,0
IIRTR,-,3.13%,-,-,-,-,-,-,-,-,-,-,-,31.82,0.00%,0
IIRVH,-,5.86%,-,-,-,-,-,-,-,-,-,-,-,18.68,0.00%,0
IIRWD,727.06M,-,41.35%,-,56.04%,6.06,6.06,-,-,99.53%,60.64%,33.36%,Aug 06/b,4.40,-0.23%,"1,166"
IISBA,291.42M,2.93%,0.91%,8.51%,7.17%,0.04,-,0.12,0.59,-,21.64%,16.78%,Jul 23/a,38.20,0.00%,0
IISBG,-,12.23%,-,-,-,-,-,-,-,-,-,-,-,17.20,0.00%,0
IISCB,-,1.34%,-,-,-,-,-,-,-,-,-,-,-,72.93,0.00%,0
IISCF,-,3.54%,-,-,-,-,-,-,-,-,-,-,-,45.53,0.00%,0
IISCG,-,0.64%,-,-,-,-,-,-,-,-,-,-,-,62.24,0.00%,0
IISCV,-,1.93%,-,-,-,-,-,-,-,-,-,-,-,77.23,0.00%,0
IISD,399.46M,10.52%,-,-,-,-,-,-,-,-,-,-,-,11.98,0.00%,0
IISEP,-,-,-,-,-,-,-,-,-,-,-,-,-,35.37,0.00%,0
IISHG,-,1.46%,-,-,-,-,-,-,-,-,-,-,-,74.94,0.00%,0
IISHP,-,1.16%,-,-,-,-,-,-,-,-,-,-,-,34.79,0.00%,0
IISMD,-,1.16%,-,-,-,-,-,-,-,-,-,-,-,47.43,0.00%,0
IISMF,-,2.50%,-,-,-,-,-,-,-,-,-,-,-,28.96,0.00%,0
IISNR,277.13M,-,-,-,-,10.63,10.63,0.00,0.00,-,-,-,-,9.81,0.00%,0
IISOU,669.57M,-,-2.59%,-2.74%,-2.36%,10.20,10.20,0.00,0.01,-,-,-,-,10.26,0.00%,0
IISPC,3.32M,-,-170.10%,-968.47%,-596.00%,0.82,0.82,0.10,0.14,-355.95%,-2020.04%,-2449.04%,-,1.32,0.00%,187
IISPR,72.19M,-,-39.67%,-428.57%,-,1.02,0.93,-,-,12.69%,-33.95%,-34.58%,Sep 16/b,1.25,0.00%,0
IISPY,-,5.17%,-,-,-,-,-,-,-,-,-,-,-,48.43,0.00%,0
IISRA,-,1.27%,-,-,-,-,-,-,-,-,-,-,-,68.40,0.00%,0
IISRG,142.71B,-,15.30%,17.43%,17.28%,4.96,3.91,0.00,0.00,66.66%,31.28%,28.45%,Jul 16/a,403.95,0.57%,"3,145"
IISRL,-,-,-,-,-,-,-,-,-,-,-,-,-,25.42,0.00%,0
IISSB,-,9.84%,-,-,-,-,-,-,-,-,-,-,-,24.60,0.00%,0
IISTB,-,4.33%,-,-,-,-,-,-,-,-,-,-,-,47.49,0.00%,0
IISTM,-,13.45%,-,-,-,-,-,-,-,-,-,-,-,31.24,0.00%,0
IISTR,412.21M,1.52%,1.02%,9.94%,5.63%,0.05,-,0.42,0.47,-,24.23%,16.50%,Jul 20/b,29.92,0.00%,0
IISUL,-,-,-,-,-,-,-,-,-,-,-,-,-,16.02,0.08%,77
IISVL,-,2.95%,-,-,-,-,-,-,-,-,-,-,-,54.54,0.00%,0
IISWN,-,2.91%,-,-,-,-,-,-,-,-,-,-,-,21.84,0.00%,0
IIT,11.58B,-,9.99%,113.57%,25.29%,0.78,0.78,-,-,66.70%,18.79%,11.99%,Aug 04/b,183.32,0.00%,24
IITA,-,0.26%,-,-,-,-,-,-,-,-,-,-,-,216.15,0.00%,451
IITAN,-,0.98%,-,-,-,-,-,-,-,-,-,-,-,44.80,0.00%,0
IITB,-,0.82%,-,-,-,-,-,-,-,-,-,-,-,87.93,-0.31%,112
IITDB,-,1.91%,-,-,-,-,-,-,-,-,-,-,-,35.26,0.00%,0
IITDC,-,1.85%,-,-,-,-,-,-,-,-,-,-,-,37.08,0.00%,0
IITDD,-,1.64%,-,-,-,-,-,-,-,-,-,-,-,39.06,0.00%,0
IITDE,-,1.65%,-,-,-,-,-,-,-,-,-,-,-,40.78,0.00%,0
IITDF,-,1.45%,-,-,-,-,-,-,-,-,-,-,-,42.41,0.00%,0
IITDG,-,1.40%,-,-,-,-,-,-,-,-,-,-,-,43.24,0.00%,0
IITDH,-,1.39%,-,-,-,-,-,-,-,-,-,-,-,43.29,0.00%,0
IITDI,-,1.41%,-,-,-,-,-,-,-,-,-,-,-,43.26,0.00%,0
IITDJ,-,1.22%,-,-,-,-,-,-,-,-,-,-,-,33.63,0.00%,0
IITEQ,-,0.78%,-,-,-,-,-,-,-,-,-,-,-,63.05,0.00%,0
IITG,564.81M,-,-,-,-,2.80,2.80,23.99,25.46,-,-,-,Aug 12/a,11.66,0.00%,0
IITGR,4.30B,-,3.78%,7.50%,4.18%,3.73,2.41,0.79,0.79,22.80%,10.03%,6.98%,Aug 03/b,126.38,0.00%,0
IITHA,308.51M,-,-,-,1.64%,7.62,7.62,0.00,0.00,-,-,-,-,10.06,0.00%,0
IITIC,544.63M,0.64%,11.14%,14.63%,13.78%,3.05,-,0.02,0.03,-,17.70%,13.80%,-,288.47,0.04%,"1,077"
IITM,-,3.13%,-,-,-,-,-,-,-,-,-,-,-,44.85,0.00%,0
IITOC,37.47M,-,-64.45%,-82.84%,-83.26%,8.83,8.72,0.00,0.02,62.59%,-991.71%,-974.68%,-,0.32,-3.00%,76
IITOT,-,1.00%,-,-,-,-,-,-,-,-,-,-,-,168.81,0.00%,0
IITP,2.56M,-,-5.99%,-6.92%,-6.97%,1.92,1.34,0.03,0.07,5.69%,-12.45%,-13.87%,-,0.15,-7.87%,"21,489"
IITRG,574.12M,-,3.23%,5.15%,3.63%,5.31,3.42,0.08,0.12,29.68%,25.68%,4.14%,Aug 11/a,2.83,2.17%,1
IITRI,4.05B,-,7.19%,16.97%,8.51%,2.75,2.29,0.99,0.99,38.75%,13.87%,11.90%,Jul 28/b,92.43,0.00%,0
IITRN,1.05B,5.71%,16.57%,30.17%,28.77%,2.03,1.82,0.02,0.02,49.95%,21.76%,16.28%,Aug 12/b,52.55,0.00%,0
IITT,18.39B,0.71%,5.25%,11.46%,5.44%,1.26,0.85,0.61,0.80,33.32%,17.45%,8.90%,Aug 06/b,205.68,0.00%,0
IITUB,45.39B,6.93%,1.54%,22.09%,7.05%,0.73,-,1.99,4.82,-,12.96%,11.69%,Aug 04/a,8.40,-0.59%,90
IITW,76.55B,2.41%,19.63%,104.65%,33.82%,1.11,0.81,2.26,3.35,43.72%,26.50%,19.39%,Jul 28/b,268.77,0.47%,248
IITWO,-,7.53%,-,-,-,-,-,-,-,-,-,-,-,44.25,0.00%,0
IIUS,-,1.24%,-,-,-,-,-,-,-,-,-,-,-,69.08,0.00%,0
IIUSB,-,4.36%,-,-,-,-,-,-,-,-,-,-,-,44.89,0.00%,0
IIUSG,-,0.47%,-,-,-,-,-,-,-,-,-,-,-,195.29,0.00%,2
IIUSV,-,1.67%,-,-,-,-,-,-,-,-,-,-,-,112.82,0.00%,0
IIVA,838.65M,-,-192.65%,-,-,3.15,3.15,-,-,33.27%,-3159.89%,-8165.65%,Sep 28/a,3.55,-2.74%,"4,053"
IIVAL,-,2.56%,-,-,-,-,-,-,-,-,-,-,-,36.88,0.00%,0
IIVDA,4.25M,-,-55.68%,-91.95%,-55.55%,4.39,4.20,0.05,0.14,32.22%,-68.54%,-69.23%,-,0.34,0.92%,"2,178"
IIVE,-,1.54%,-,-,-,-,-,-,-,-,-,-,-,235.01,0.67%,22
IIVEP,-,-,-,-,-,-,-,-,-,-,-,-,-,25.76,0.00%,0
IIVES,-,0.32%,-,-,-,-,-,-,-,-,-,-,-,41.45,0.00%,14
IIVF,4.68M,-,-26.06%,-61.53%,-31.16%,0.71,0.67,0.14,0.24,27.82%,-78.72%,-78.11%,Aug 17/b,0.98,2.33%,524
IIVLU,-,3.19%,-,-,-,-,-,-,-,-,-,-,-,44.10,0.00%,0
IIVOG,-,0.56%,-,-,-,-,-,-,-,-,-,-,-,138.19,0.00%,0
IIVOL,-,4.08%,-,-,-,-,-,-,-,-,-,-,-,16.32,0.00%,0
IIVOO,-,1.21%,-,-,-,-,-,-,-,-,-,-,-,124.38,0.00%,0
IIVOV,-,1.68%,-,-,-,-,-,-,-,-,-,-,-,109.78,0.00%,0
IIVR,701.82M,22.09%,1.90%,14.12%,12.12%,0.04,0.04,0.00,6.27,96.52%,100.49%,31.68%,Jul 30/a,6.52,0.15%,110
IIVSI,-,0.03%,-,-,-,-,-,-,-,-,-,-,-,29.44,0.00%,0
IIVSS,-,0.06%,-,-,-,-,-,-,-,-,-,-,-,29.40,0.00%,0
IIVSX,-,-,-,-,-,-,-,-,-,-,-,-,-,26.09,0.00%,0
IIVT,2.40B,3.21%,0.53%,0.85%,0.53%,1.72,1.72,0.62,0.62,28.03%,16.35%,4.78%,Aug 03/a,30.80,0.00%,0
IIVV,-,1.08%,-,-,-,-,-,-,-,-,-,-,-,777.15,0.04%,"13,814"
IIVVB,-,1.13%,-,-,-,-,-,-,-,-,-,-,-,35.70,0.00%,0
IIVVD,298.03M,-,-69.69%,-95.89%,-57.14%,5.87,5.86,0.04,0.05,88.78%,-192.81%,-183.90%,Aug 13/a,1.01,-0.87%,"50,538"
IIVVM,-,0.57%,-,-,-,-,-,-,-,-,-,-,-,38.06,0.00%,0
IIVVW,-,15.73%,-,-,-,-,-,-,-,-,-,-,-,45.49,0.00%,0
IIVW,-,0.34%,-,-,-,-,-,-,-,-,-,-,-,143.71,0.23%,7
IIVZ,13.85B,2.74%,-0.23%,-0.49%,-0.46%,0.99,0.99,0.13,0.13,65.11%,22.63%,-4.34%,Jul 28/b,31.38,0.00%,0
IIWB,-,0.90%,-,-,-,-,-,-,-,-,-,-,-,422.38,-0.02%,3
IIWC,-,0.88%,-,-,-,-,-,-,-,-,-,-,-,190.52,0.00%,0
IIWD,-,1.39%,-,-,-,-,-,-,-,-,-,-,-,253.45,0.00%,1
IIWF,-,0.34%,-,-,-,-,-,-,-,-,-,-,-,126.25,0.00%,27
IIWFG,-,-,-,-,-,-,-,-,-,-,-,-,-,55.72,0.00%,0
IIWL,-,0.83%,-,-,-,-,-,-,-,-,-,-,-,192.88,0.00%,0
IIWLG,-,0.00%,-,-,-,-,-,-,-,-,-,-,-,57.66,0.00%,0
IIWM,-,0.95%,-,-,-,-,-,-,-,-,-,-,-,285.84,0.09%,"209,282"
IIWMI,-,14.46%,-,-,-,-,-,-,-,-,-,-,-,50.20,-0.02%,"2,539"
IIWMW,-,20.18%,-,-,-,-,-,-,-,-,-,-,-,38.38,0.00%,0
IIWMY,-,37.09%,-,-,-,-,-,-,-,-,-,-,-,17.88,1.51%,95
IIWN,-,1.51%,-,-,-,-,-,-,-,-,-,-,-,215.37,-0.27%,31
IIWO,-,0.46%,-,-,-,-,-,-,-,-,-,-,-,363.45,-0.47%,"10,287"
IIWP,-,0.38%,-,-,-,-,-,-,-,-,-,-,-,139.44,0.00%,0
IIWR,-,1.16%,-,-,-,-,-,-,-,-,-,-,-,109.52,0.48%,25
IIWS,-,1.34%,-,-,-,-,-,-,-,-,-,-,-,164.69,0.00%,4
IIWV,-,0.86%,-,-,-,-,-,-,-,-,-,-,-,438.33,-0.02%,"2,776"
IIWX,-,1.37%,-,-,-,-,-,-,-,-,-,-,-,111.87,0.00%,0
IIWY,-,0.33%,-,-,-,-,-,-,-,-,-,-,-,296.99,0.00%,12
IIX,43.45B,3.07%,3.46%,13.81%,6.24%,1.12,0.95,1.22,1.34,44.10%,22.01%,18.04%,Aug 06/a,39.67,0.00%,0
IIXC,-,2.73%,-,-,-,-,-,-,-,-,-,-,-,57.65,0.00%,0
IIXG,-,2.14%,-,-,-,-,-,-,-,-,-,-,-,132.64,-0.00%,2
IIXHL,41.50M,-,-100.36%,-117.17%,-64.32%,41.56,41.56,0.00,0.00,-,-,-,May 14,3.47,-0.57%,407
IIXJ,-,1.40%,-,-,-,-,-,-,-,-,-,-,-,103.18,0.00%,0
IIXN,-,0.23%,-,-,-,-,-,-,-,-,-,-,-,146.98,-0.62%,39
IIXP,-,3.20%,-,-,-,-,-,-,-,-,-,-,-,122.68,0.00%,0
IIXUS,-,2.89%,-,-,-,-,-,-,-,-,-,-,-,97.00,-0.50%,8
IIYC,-,0.54%,-,-,-,-,-,-,-,-,-,-,-,97.35,0.00%,0
IIYE,-,2.05%,-,-,-,-,-,-,-,-,-,-,-,65.84,0.00%,0
IIYF,-,1.47%,-,-,-,-,-,-,-,-,-,-,-,132.31,0.00%,0
IIYG,-,1.09%,-,-,-,-,-,-,-,-,-,-,-,94.38,0.00%,0
IIYH,-,1.12%,-,-,-,-,-,-,-,-,-,-,-,71.61,0.00%,0
IIYJ,-,0.68%,-,-,-,-,-,-,-,-,-,-,-,156.52,0.00%,0
IIYK,-,2.62%,-,-,-,-,-,-,-,-,-,-,-,71.83,-0.11%,59
IIYLD,-,4.67%,-,-,-,-,-,-,-,-,-,-,-,22.08,0.00%,0
IIYM,-,1.27%,-,-,-,-,-,-,-,-,-,-,-,181.49,0.00%,0
IIYR,-,2.41%,-,-,-,-,-,-,-,-,-,-,-,98.90,0.00%,2
IIYRI,-,11.34%,-,-,-,-,-,-,-,-,-,-,-,47.30,0.70%,7
IIYT,-,0.95%,-,-,-,-,-,-,-,-,-,-,-,79.86,0.00%,1
IIYW,-,0.09%,-,-,-,-,-,-,-,-,-,-,-,269.15,1.77%,"1,196"
IIYY,-,0.86%,-,-,-,-,-,-,-,-,-,-,-,188.07,0.00%,0
IIYZ,-,1.58%,-,-,-,-,-,-,-,-,-,-,-,42.45,0.00%,0
IIZEA,44.93M,-,-4.37%,-5.13%,-5.23%,7.83,7.83,0.00,0.00,42.17%,-15.76%,-9.36%,Aug 11/a,2.58,0.00%,0
IIZM,2.55M,-,2.94%,7.76%,7.53%,1.58,1.46,0.03,0.99,3.27%,0.58%,0.64%,-,1.06,-10.17%,"14,382"
IIZRL,-,2.67%,-,-,-,-,-,-,-,-,-,-,-,28.99,0.00%,0
JJ,16.83B,0.90%,3.10%,10.14%,4.72%,1.29,1.29,1.21,1.24,22.01%,4.87%,2.40%,Aug 04/a,143.76,0.00%,2
JJA,-,2.53%,-,-,-,-,-,-,-,-,-,-,-,50.29,0.00%,0
JJAAA,-,4.88%,-,-,-,-,-,-,-,-,-,-,-,50.69,0.02%,580
JJABS,-,4.90%,-,-,-,-,-,-,-,-,-,-,-,49.46,0.00%,0
JJACK,255.85M,-,2.39%,-,5.79%,0.58,0.57,-,-,24.97%,15.11%,6.83%,Aug 12/a,13.34,0.00%,0
JJACS,319.57M,-,3.51%,6.89%,3.45%,0.77,0.77,0.00,0.00,-,-,-,-,10.80,0.00%,0
JJADB,-,-,-,-,-,-,-,-,-,-,-,-,-,26.40,0.00%,0
JJADE,-,1.77%,-,-,-,-,-,-,-,-,-,-,-,81.35,0.00%,0
JJAGU,32.51M,-,-123.75%,-138.29%,-88.92%,37.62,37.62,0.00,0.00,-,-,-,Sep 02,1.61,0.00%,0
JJAGX,0.93M,-,-88.27%,-498.47%,-395.01%,0.69,0.40,0.39,2.76,75.00%,-90.22%,-188.46%,Aug 19/b,2.70,1.12%,"1,174"
JJAJL,-,-,-,-,-,-,-,-,-,-,-,-,-,30.33,0.00%,0
JJAKK,277.88M,4.12%,3.64%,6.67%,5.77%,1.72,1.36,0.13,0.19,32.01%,2.57%,2.77%,Jul 23/a,24.28,0.00%,0
JJAN,9.24B,1.64%,-,-,-,-,-,0.00,0.00,-,-,-,Aug 04/a,30.00,-0.37%,376
JJANB,-,-,-,-,-,-,-,-,-,-,-,-,-,28.08,0.00%,0
JJANH,-,6.14%,-,-,-,-,-,-,-,-,-,-,-,25.13,0.00%,0
JJANI,-,-,-,-,-,-,-,-,-,-,-,-,-,25.89,0.00%,0
JJANJ,-,4.97%,-,-,-,-,-,-,-,-,-,-,-,25.02,0.00%,0
JJANM,-,-,-,-,-,-,-,-,-,-,-,-,-,34.40,0.00%,0
JJANP,-,-,-,-,-,-,-,-,-,-,-,-,-,35.80,0.00%,0
JJANT,-,-,-,-,-,-,-,-,-,-,-,-,-,45.43,0.00%,0
JJANU,-,-,-,-,-,-,-,-,-,-,-,-,-,30.85,0.00%,0
JJANW,-,-,-,-,-,-,-,-,-,-,-,-,-,39.62,0.00%,0
JJANX,1.04B,-,-10.06%,-10.70%,-10.84%,16.35,16.35,0.02,0.02,92.08%,-598.15%,-427.47%,Aug 06/a,17.01,0.00%,0
JJANZ,-,1.29%,-,-,-,-,-,-,-,-,-,-,-,42.06,0.00%,0
JJAPN,-,0.24%,-,-,-,-,-,-,-,-,-,-,-,25.66,0.00%,0
JJATT,100.43M,-,-,-,-,5.19,5.19,0.00,0.00,-,-,-,-,12.88,5.24%,202
JJAVA,-,1.16%,-,-,-,-,-,-,-,-,-,-,-,81.65,0.10%,"5,522"
JJAZZ,15.61B,-,8.54%,22.11%,11.50%,1.78,1.58,0.70,0.92,73.63%,20.76%,20.45%,Aug 03/a,240.50,-0.40%,"1,795"
JJBBB,-,6.33%,-,-,-,-,-,-,-,-,-,-,-,47.62,0.16%,1
JJBDI,-,-,-,-,-,-,-,-,-,-,-,-,-,1.10,0.00%,0
JJBGS,837.22M,6.24%,-3.49%,-12.89%,-4.23%,4.89,4.89,2.41,2.41,25.46%,0.36%,-30.28%,Aug 10/b,11.22,0.09%,249
JJBHT,21.69B,0.78%,8.33%,18.45%,14.05%,1.26,1.26,0.31,0.31,10.50%,7.59%,5.31%,Oct 15/a,231.00,-2.19%,128
JJBI,600.32M,-,2.54%,5.95%,2.81%,2.94,2.50,1.06,1.09,30.88%,10.84%,3.68%,Aug 11/b,4.40,0.00%,0
JJBIO,1.06B,-,-44.03%,-47.78%,-34.78%,14.93,14.93,0.00,0.00,-,-,-,Aug 10/b,16.74,0.00%,0
JJBL,31.79B,0.11%,4.07%,66.10%,18.67%,0.98,0.66,2.49,2.94,8.98%,5.03%,2.57%,Sep 30/b,303.33,-0.11%,303
JJBLG,-,-,-,-,-,-,-,-,-,-,-,-,-,11.07,0.00%,0
JJBLU,1.75B,-,-5.33%,-44.36%,-8.52%,0.70,0.63,5.55,5.91,12.73%,-5.88%,-9.32%,Jul 28/b,4.65,1.77%,"34,423"
JJBND,-,4.49%,-,-,-,-,-,-,-,-,-,-,-,52.01,0.00%,0
JJBS,12.88B,8.47%,2.54%,13.39%,3.60%,1.53,0.77,2.77,2.97,11.47%,3.52%,1.22%,Aug 11/b,12.03,0.00%,0
JJBSS,776.91M,1.43%,9.86%,16.72%,13.94%,2.08,0.62,0.17,0.29,17.87%,7.59%,5.27%,Aug 19/a,66.44,0.00%,0
JJBTM,5.73B,0.37%,2.37%,4.36%,3.13%,1.24,0.70,0.37,0.38,35.82%,10.24%,4.90%,Aug 03/a,110.52,0.00%,0
JJCAL,-,0.87%,-,-,-,-,-,-,-,-,-,-,-,48.26,0.00%,0
JJCAP,1.16B,4.59%,7.64%,33.16%,9.27%,0.11,0.11,2.33,2.96,64.32%,45.82%,22.30%,Aug 13/a,20.25,0.00%,0
JJCE,289.05M,8.16%,-,-,-,-,-,-,-,-,-,-,-,17.00,0.00%,0
JJCHI,-,1.86%,-,-,-,-,-,-,-,-,-,-,-,53.22,0.00%,0
JJCI,87.94B,1.07%,5.31%,14.87%,16.43%,0.97,0.80,0.62,0.70,36.61%,14.39%,14.32%,Jul 29/b,145.18,0.00%,185
JJCPB,-,5.01%,-,-,-,-,-,-,-,-,-,-,-,45.58,0.00%,0
JJCPI,-,4.25%,-,-,-,-,-,-,-,-,-,-,-,46.75,0.00%,0
JJCSE,7.43M,-,9.83%,18.39%,14.21%,2.73,1.81,0.16,0.22,27.83%,0.94%,16.18%,-,1.49,0.00%,0
JJCTC,10.28M,-,-34.66%,-43.68%,-55.88%,4.22,2.17,0.00,0.09,-4.72%,-18.01%,-20.95%,Apr 13/a,2.92,0.00%,0
JJD,32.80B,3.31%,2.08%,6.68%,4.88%,1.14,0.80,0.36,0.48,16.51%,0.18%,1.14%,Aug 13/b,27.27,-0.04%,"60,717"
JJDIV,-,1.70%,-,-,-,-,-,-,-,-,-,-,-,57.22,0.00%,0
JJDOC,-,0.83%,-,-,-,-,-,-,-,-,-,-,-,61.60,0.00%,0
JJDST,-,6.78%,-,-,-,-,-,-,-,-,-,-,-,22.55,0.31%,"1,155"
JJDVI,-,2.09%,-,-,-,-,-,-,-,-,-,-,-,40.96,0.00%,0
JJDVL,-,1.44%,-,-,-,-,-,-,-,-,-,-,-,32.01,0.00%,0
JJDZG,21.13M,-,-,-,-8.45%,4.03,4.03,0.01,0.14,37.03%,-45.58%,-41.19%,-,3.89,0.00%,0
JJEDI,-,-,-,-,-,-,-,-,-,-,-,-,-,26.39,0.00%,0
JJEF,11.03B,3.44%,1.13%,7.96%,2.83%,1.51,1.51,1.76,3.49,91.24%,39.13%,6.82%,Sep 28/a,47.85,0.00%,0
JJELD,147.51M,-,-22.38%,-227.72%,-38.14%,1.73,0.98,-,-,14.88%,-0.38%,-16.37%,Aug 03/a,1.70,-0.58%,"214,923"
JJELH,-,2.93%,-,-,-,-,-,-,-,-,-,-,-,25.72,0.00%,0
JJELM,-,1.83%,-,-,-,-,-,-,-,-,-,-,-,25.60,0.00%,0
JJEM,-,-,-,-,-,-,-,-,-,-,-,-,-,3.87,-2.87%,266
JJEMA,-,2.24%,-,-,-,-,-,-,-,-,-,-,-,64.05,0.00%,0
JJEMB,-,6.36%,-,-,-,-,-,-,-,-,-,-,-,52.46,0.00%,0
JJENA,301.92M,-,3.14%,3.34%,3.28%,6.03,6.03,0.00,0.00,-,-,-,-,10.48,0.00%,0
JJEPI,-,8.08%,-,-,-,-,-,-,-,-,-,-,-,56.69,0.07%,"10,181"
JJEPQ,-,11.09%,-,-,-,-,-,-,-,-,-,-,-,61.00,-0.02%,"50,607"
JJETD,-,-,-,-,-,-,-,-,-,-,-,-,-,3.20,0.00%,0
JJETS,-,0.80%,-,-,-,-,-,-,-,-,-,-,-,29.01,0.00%,0
JJETU,-,-,-,-,-,-,-,-,-,-,-,-,-,24.99,0.00%,0
JJF,17.03M,-,-11.28%,-,-,0.18,0.18,-,-,60.79%,-34.48%,-33.49%,-,1.00,0.00%,0
JJFIN,39.26M,-,2.71%,5.32%,4.48%,1.79,1.79,0.11,0.15,62.74%,5.35%,5.36%,Aug 28/b,1.55,0.00%,0
JJFLI,-,6.68%,-,-,-,-,-,-,-,-,-,-,-,53.62,0.00%,0
JJFLX,-,4.34%,-,-,-,-,-,-,-,-,-,-,-,49.41,0.00%,0
JJFR,1.21B,12.96%,-,-,-,-,-,-,-,-,-,-,-,7.49,0.00%,0
JJFU,22.37M,-,3.88%,4.50%,4.34%,2.71,2.71,-0.00,0.01,82.00%,118.70%,35.06%,-,2.57,0.00%,0
JJG,30.21M,-,1.51%,9.69%,8.51%,0.73,0.73,0.17,0.32,68.85%,0.70%,1.52%,Aug 20/b,6.40,5.26%,20
JJGH,334.42M,10.50%,-,-,-,-,-,-,-,-,-,-,-,11.89,0.00%,0
JJGLO,-,1.11%,-,-,-,-,-,-,-,-,-,-,-,73.13,0.00%,0
JJGRO,-,0.15%,-,-,-,-,-,-,-,-,-,-,-,97.07,0.00%,0
JJGRW,-,0.39%,-,-,-,-,-,-,-,-,-,-,-,27.62,0.00%,0
JJHAC,-,2.28%,-,-,-,-,-,-,-,-,-,-,-,15.63,0.00%,0
JJHAI,-,0.32%,-,-,-,-,-,-,-,-,-,-,-,35.06,0.00%,0
JJHCB,-,5.27%,-,-,-,-,-,-,-,-,-,-,-,20.60,0.00%,0
JJHCP,-,4.54%,-,-,-,-,-,-,-,-,-,-,-,24.40,0.00%,0
JJHCR,-,4.29%,-,-,-,-,-,-,-,-,-,-,-,24.59,0.00%,0
JJHDG,-,0.10%,-,-,-,-,-,-,-,-,-,-,-,28.20,0.00%,0
JJHDV,-,2.04%,-,-,-,-,-,-,-,-,-,-,-,46.94,0.00%,0
JJHEM,-,1.73%,-,-,-,-,-,-,-,-,-,-,-,40.97,0.00%,0
JJHHY,-,7.00%,-,-,-,-,-,-,-,-,-,-,-,25.29,0.00%,0
JJHI,108.69M,9.81%,-,-,-,-,-,-,-,-,-,-,-,12.43,0.00%,0
JJHID,-,3.34%,-,-,-,-,-,-,-,-,-,-,-,43.74,0.00%,0
JJHLN,-,5.46%,-,-,-,-,-,-,-,-,-,-,-,24.57,0.00%,0
JJHMB,-,4.90%,-,-,-,-,-,-,-,-,-,-,-,21.27,0.00%,0
JJHMD,-,2.99%,-,-,-,-,-,-,-,-,-,-,-,45.54,0.00%,0
JJHML,-,0.94%,-,-,-,-,-,-,-,-,-,-,-,90.58,0.00%,0
JJHMM,-,0.90%,-,-,-,-,-,-,-,-,-,-,-,72.98,0.00%,0
JJHMU,-,3.94%,-,-,-,-,-,-,-,-,-,-,-,25.22,0.00%,0
JJHPI,-,6.04%,-,-,-,-,-,-,-,-,-,-,-,22.29,0.00%,0
JJHS,122.52M,5.99%,-,-,-,-,-,-,-,-,-,-,-,10.52,0.00%,0
JJHSC,-,1.05%,-,-,-,-,-,-,-,-,-,-,-,46.60,0.00%,0
JJHX,15.43B,-,1.44%,3.31%,1.33%,1.59,1.03,0.68,0.69,35.88%,13.72%,2.69%,Aug 06/a,26.58,-0.26%,"6,101"
JJIDE,-,-,-,-,-,-,-,-,-,-,-,-,-,52.02,0.00%,0
JJIG,-,1.93%,-,-,-,-,-,-,-,-,-,-,-,85.31,0.00%,0
JJIII,-,6.56%,-,-,-,-,-,-,-,-,-,-,-,48.95,0.00%,0
JJILL,355.97M,1.50%,6.07%,20.78%,8.48%,1.30,0.86,1.29,1.57,66.05%,8.49%,4.62%,Sep 09/b,23.95,0.00%,0
JJINT,-,-,-,-,-,-,-,-,-,-,-,-,-,25.36,0.00%,0
JJIRE,-,2.68%,-,-,-,-,-,-,-,-,-,-,-,83.57,0.00%,0
JJIVE,-,1.87%,-,-,-,-,-,-,-,-,-,-,-,98.21,0.00%,0
JJJSF,1.46B,4.10%,3.56%,5.29%,4.65%,2.34,1.47,0.19,0.22,30.69%,6.04%,3.23%,Aug 05/b,78.04,0.00%,0
JJKHY,10.63B,1.63%,15.91%,24.04%,23.71%,1.03,1.03,0.03,0.04,43.60%,24.93%,19.85%,Aug 18/a,151.56,0.00%,0
JJKS,557.28M,13.53%,-2.82%,-21.40%,-7.77%,1.13,0.82,1.90,3.40,4.76%,-8.66%,-5.84%,Aug 26/b,11.09,5.00%,3
JJL,16.54M,-,10.76%,17.88%,14.25%,2.84,2.31,0.20,0.28,33.97%,7.00%,6.54%,-,4.64,0.00%,0
JJLCO,-,-,-,-,-,-,-,-,-,-,-,-,-,25.74,0.00%,0
JJLHL,119.69M,-,8.66%,47.23%,31.68%,1.21,1.21,0.00,0.13,15.77%,11.21%,9.57%,Aug 18/b,5.58,2.76%,"4,653"
JJLL,15.65B,-,5.74%,13.78%,10.72%,1.13,1.13,0.25,0.46,99.17%,4.89%,3.64%,Jul 30/b,340.07,0.00%,0
JJLQD,-,5.60%,-,-,-,-,-,-,-,-,-,-,-,39.92,0.00%,0
JJLS,89.82M,11.27%,-,-,-,-,-,-,-,-,-,-,-,16.40,0.00%,0
JJLVP,-,-,-,-,-,-,-,-,-,-,-,-,-,49.94,0.00%,0
JJMBS,-,5.38%,-,-,-,-,-,-,-,-,-,-,-,43.56,0.00%,0
JJMEE,-,0.97%,-,-,-,-,-,-,-,-,-,-,-,74.77,0.00%,0
JJMHI,-,4.61%,-,-,-,-,-,-,-,-,-,-,-,48.15,0.00%,0
JJMIA,867.01M,-,-42.90%,-211.87%,-556.96%,0.88,0.76,10.64,15.65,52.44%,-27.46%,-27.54%,Aug 12/b,6.96,-0.14%,45
JJMID,-,0.56%,-,-,-,-,-,-,-,-,-,-,-,31.73,0.00%,0
JJMKE,6.08B,-,-,-,-,1.82,1.82,0.35,0.36,-,-,-,Sep 09/b,19.14,-0.21%,3
JJMM,53.08M,6.20%,-,-,-,-,-,-,-,-,-,-,-,5.61,0.00%,0
JJMMF,-,2.67%,-,-,-,-,-,-,-,-,-,-,-,100.17,0.00%,0
JJMOM,-,0.73%,-,-,-,-,-,-,-,-,-,-,-,84.04,0.00%,0
JJMSB,326.41M,1.64%,1.04%,9.23%,6.78%,0.12,-,0.31,0.46,-,26.09%,20.40%,Jul 22/b,23.13,0.00%,0
JJMSI,-,3.82%,-,-,-,-,-,-,-,-,-,-,-,48.18,0.00%,0
JJMST,-,2.59%,-,-,-,-,-,-,-,-,-,-,-,50.74,0.00%,0
JJMTG,-,4.45%,-,-,-,-,-,-,-,-,-,-,-,49.20,0.00%,0
JJMUB,-,3.75%,-,-,-,-,-,-,-,-,-,-,-,48.55,0.00%,0
JJNEU,-,-,-,-,-,-,-,-,-,-,-,-,-,33.81,0.00%,0
JJNJ,647.73B,2.00%,10.67%,25.74%,17.20%,1.09,0.81,0.44,0.58,68.03%,26.99%,21.48%,Oct 13/b,268.78,-0.26%,"1,286"
JJNK,-,6.69%,-,-,-,-,-,-,-,-,-,-,-,94.71,0.00%,0
JJNUG,-,2.04%,-,-,-,-,-,-,-,-,-,-,-,171.95,-1.91%,"11,607"
JJOB,26.03M,-,-0.30%,-0.36%,-0.16%,4.95,4.95,0.05,0.07,36.83%,-0.67%,-0.10%,Aug 12/a,0.24,0.00%,0
JJOBC,-,-,-,-,-,-,-,-,-,-,-,-,-,14.65,0.00%,0
JJOBX,-,-,-,-,-,-,-,-,-,-,-,-,-,8.25,-0.48%,"1,726"
JJOBY,6.36B,-,-43.78%,-65.90%,-35.10%,17.98,17.98,0.42,0.42,-3.65%,-754.04%,-755.11%,Aug 05/a,6.40,-0.16%,"173,273"
JJOE,3.68B,0.99%,8.05%,16.37%,10.88%,29.92,29.92,0.48,0.49,35.63%,30.18%,22.46%,Jul 29/a,64.56,0.00%,0
JJOET,-,0.60%,-,-,-,-,-,-,-,-,-,-,-,45.58,0.00%,0
JJOF,357.57M,8.63%,-,-,-,-,-,-,-,-,-,-,-,12.62,0.00%,0
JJOJO,-,5.29%,-,-,-,-,-,-,-,-,-,-,-,14.85,0.00%,0
JJONE,282.77M,-,-,-,-,0.24,0.24,-,-,-,-,-,-,9.85,0.00%,2
JJOUL,-,-,-,-,-,-,-,-,-,-,-,-,-,22.54,0.00%,0
JJOUT,452.03M,3.03%,-1.25%,-1.81%,-1.69%,3.37,1.95,0.10,0.12,39.67%,2.66%,-1.21%,Aug 07/b,43.59,-0.66%,6
JJOYT,-,0.60%,-,-,-,-,-,-,-,-,-,-,-,59.72,0.00%,0
JJOYY,2.60B,6.03%,2.91%,3.37%,3.39%,2.01,2.01,0.00,0.01,34.81%,2.47%,9.58%,Aug 25/a,79.54,0.00%,0
JJPAN,-,3.22%,-,-,-,-,-,-,-,-,-,-,-,42.98,0.00%,0
JJPC,2.62B,10.77%,-,-,-,-,-,-,-,-,-,-,-,6.98,0.00%,1
JJPEF,-,0.64%,-,-,-,-,-,-,-,-,-,-,-,82.22,0.00%,0
JJPEM,-,4.19%,-,-,-,-,-,-,-,-,-,-,-,66.18,0.00%,0
JJPFP,-,-,-,-,-,-,-,-,-,-,-,-,-,52.87,0.00%,0
JJPHY,-,6.46%,-,-,-,-,-,-,-,-,-,-,-,49.57,0.00%,0
JJPIB,-,4.80%,-,-,-,-,-,-,-,-,-,-,-,47.22,0.00%,0
JJPIE,-,5.67%,-,-,-,-,-,-,-,-,-,-,-,45.27,0.00%,0
JJPIN,-,4.13%,-,-,-,-,-,-,-,-,-,-,-,76.18,0.16%,1
JJPLD,-,4.30%,-,-,-,-,-,-,-,-,-,-,-,51.58,0.00%,0
JJPM,938.21B,1.81%,1.35%,17.71%,7.41%,1.15,-,1.33,3.41,-,28.36%,21.39%,Oct 13/b,352.95,0.26%,"3,415"
JJPMB,-,5.81%,-,-,-,-,-,-,-,-,-,-,-,39.19,0.00%,0
JJPME,-,1.79%,-,-,-,-,-,-,-,-,-,-,-,122.71,0.00%,0
JJPND,-,-,-,-,-,-,-,-,-,-,-,-,-,44.80,0.00%,0
JJPNU,-,-,-,-,-,-,-,-,-,-,-,-,-,27.02,0.00%,0
JJPO,-,31.42%,-,-,-,-,-,-,-,-,-,-,-,14.10,0.00%,0
JJPRE,-,2.29%,-,-,-,-,-,-,-,-,-,-,-,51.35,0.00%,0
JJPRF,-,0.93%,-,-,-,-,-,-,-,-,-,-,-,49.21,0.00%,0
JJPSE,-,1.37%,-,-,-,-,-,-,-,-,-,-,-,57.76,0.00%,0
JJPST,-,4.17%,-,-,-,-,-,-,-,-,-,-,-,50.36,-0.02%,201
JJPSV,-,1.23%,-,-,-,-,-,-,-,-,-,-,-,67.01,0.00%,0
JJPUS,-,2.01%,-,-,-,-,-,-,-,-,-,-,-,139.55,0.00%,0
JJPXN,-,2.64%,-,-,-,-,-,-,-,-,-,-,-,103.95,0.00%,0
JJPY,-,1.12%,-,-,-,-,-,-,-,-,-,-,-,39.31,0.00%,0
JJQC,690.30M,13.28%,-,-,-,-,-,-,-,-,-,-,-,4.67,0.00%,0
JJQUA,-,1.05%,-,-,-,-,-,-,-,-,-,-,-,74.67,0.00%,0
JJRI,417.00M,13.96%,-,-,-,-,-,-,-,-,-,-,-,11.52,0.00%,0
JJRS,223.05M,9.33%,-,-,-,-,-,-,-,-,-,-,-,7.72,0.00%,0
JJRSH,72.90M,3.48%,5.79%,7.61%,7.08%,3.11,1.21,0.05,0.14,15.87%,4.52%,2.77%,Aug 10/b,5.74,0.00%,0
JJRVR,172.51M,1.07%,1.24%,4.93%,3.20%,0.40,-,0.50,0.50,-,7.41%,3.63%,Aug 10/a,3.73,0.00%,0
JJSCP,-,4.50%,-,-,-,-,-,-,-,-,-,-,-,46.31,0.00%,0
JJSI,-,5.78%,-,-,-,-,-,-,-,-,-,-,-,50.53,0.00%,0
JJSMD,-,0.44%,-,-,-,-,-,-,-,-,-,-,-,91.49,0.00%,0
JJSML,-,0.35%,-,-,-,-,-,-,-,-,-,-,-,87.53,0.00%,0
JJSPR,20.05M,-,-109.05%,-255.05%,-2248.48%,1.47,1.47,0.00,0.19,-,-,-,Aug 14/b,0.60,0.00%,0
JJSTC,-,1.21%,-,-,-,-,-,-,-,-,-,-,-,22.79,0.00%,0
JJTAI,5.27M,-,18.34%,20.21%,12.97%,5.17,5.17,0.00,0.00,-4.70%,-95.12%,49.50%,May 15/b,1.48,0.00%,"1,360"
JJTEK,-,-,-,-,-,-,-,-,-,-,-,-,-,104.73,-0.01%,1
JJTNY,-,0.93%,-,-,-,-,-,-,-,-,-,-,-,47.90,0.00%,0
JJTTT,96.65M,-,-,-,-,0.28,0.28,0.00,0.00,-,-,-,-,10.91,0.00%,0
JJUCY,-,8.19%,-,-,-,-,-,-,-,-,-,-,-,21.85,0.00%,0
JJUDB,-,-,-,-,-,-,-,-,-,-,-,-,-,26.43,0.00%,0
JJUDO,-,2.30%,-,-,-,-,-,-,-,-,-,-,-,28.50,0.00%,0
JJULB,-,-,-,-,-,-,-,-,-,-,-,-,-,28.33,0.00%,0
JJULC,-,-,-,-,-,-,-,-,-,-,-,-,-,25.87,0.00%,0
JJULH,-,6.30%,-,-,-,-,-,-,-,-,-,-,-,25.34,0.00%,0
JJULI,-,-,-,-,-,-,-,-,-,-,-,-,-,25.24,0.00%,0
JJULJ,-,5.58%,-,-,-,-,-,-,-,-,-,-,-,25.15,0.00%,0
JJULM,-,-,-,-,-,-,-,-,-,-,-,-,-,34.98,0.00%,0
JJULP,-,-,-,-,-,-,-,-,-,-,-,-,-,33.55,0.00%,0
JJULT,-,-,-,-,-,-,-,-,-,-,-,-,-,49.14,0.00%,0
JJULU,-,-,-,-,-,-,-,-,-,-,-,-,-,32.77,0.00%,0
JJULV,-,-,-,-,-,-,-,-,-,-,-,-,-,30.86,0.00%,0
JJULW,-,-,-,-,-,-,-,-,-,-,-,-,-,41.66,0.00%,0
JJULZ,-,5.50%,-,-,-,-,-,-,-,-,-,-,-,46.57,0.00%,0
JJUNC,-,-,-,-,-,-,-,-,-,-,-,-,-,25.59,0.00%,0
JJUNM,-,-,-,-,-,-,-,-,-,-,-,-,-,35.45,0.00%,0
JJUNP,-,-,-,-,-,-,-,-,-,-,-,-,-,32.55,0.00%,0
JJUNS,3.73M,-,-239.36%,-1888.70%,-,0.66,0.62,-,-,81.80%,-15166.68%,-14220.12%,-,2.83,-1.39%,134
JJUNT,-,-,-,-,-,-,-,-,-,-,-,-,-,38.87,0.00%,0
JJUNW,-,-,-,-,-,-,-,-,-,-,-,-,-,35.09,0.00%,0
JJUNZ,-,2.08%,-,-,-,-,-,-,-,-,-,-,-,36.12,0.00%,0
JJUSA,-,0.73%,-,-,-,-,-,-,-,-,-,-,-,69.56,0.00%,0
JJUST,-,0.92%,-,-,-,-,-,-,-,-,-,-,-,110.73,0.00%,0
JJVA,23.98M,1.90%,10.96%,16.32%,14.71%,4.14,1.75,0.03,0.13,16.26%,3.64%,4.86%,Sep 11/b,4.20,-0.71%,2
JJVAL,-,1.60%,-,-,-,-,-,-,-,-,-,-,-,59.27,0.00%,0
JJWEL,5.54M,-,-26.31%,-44.27%,-50.91%,1.68,0.43,0.08,0.13,6.99%,-3.04%,-3.81%,-,2.33,0.00%,0
JJXG,74.77M,-,-30.28%,-48.53%,-45.02%,1.33,1.33,0.00,0.15,12.58%,-13.10%,-13.26%,May 15/b,6.20,0.00%,190
JJXI,-,2.59%,-,-,-,-,-,-,-,-,-,-,-,79.15,0.00%,0
JJXN,8.93B,2.73%,0.03%,1.01%,0.85%,-,-,0.21,0.28,-,1.25%,0.91%,Aug 03/a,131.87,0.00%,0
JJXX,-,-,-,-,-,-,-,-,-,-,-,-,-,31.83,0.00%,0
JJYD,7.72M,-,-17.28%,-36.52%,-30.82%,1.51,1.51,0.08,0.31,3.32%,-5.90%,-5.98%,-,0.93,0.00%,0
JJYNT,121.49M,-,3.33%,10.64%,21.65%,1.79,1.79,0.11,0.13,78.82%,6.10%,6.49%,Aug 06/a,8.59,1.18%,3
JJZ,0.92M,-,-22.56%,-39.91%,-23.15%,3.58,3.58,0.00,0.08,16.25%,-30.11%,-28.85%,-,0.54,-2.72%,"21,856"
JJZXN,56.48M,-,-53.02%,-57.16%,-31.51%,17.00,17.00,0.00,0.01,0.52%,-116.83%,-251.48%,-,1.10,0.12%,872
KKAI,3.14B,0.53%,6.50%,11.26%,7.17%,2.59,1.63,0.50,0.50,44.44%,15.54%,9.52%,Aug 04/a,265.84,0.00%,0
KKAIT,-,-,-,-,-,-,-,-,-,-,-,-,-,26.38,0.00%,0
KKALA,11.02M,-,-43.23%,-345.32%,-111.46%,6.88,6.88,0.00,0.00,-,-,-,-,0.57,1.79%,3
KKALU,2.47B,2.08%,8.37%,26.40%,11.33%,2.50,1.17,1.12,1.13,11.55%,8.24%,5.49%,Jul 22/a,150.94,0.00%,0
KKAMO,-,1.81%,-,-,-,-,-,-,-,-,-,-,-,24.57,0.00%,0
KKAPA,6.06M,-,-104.32%,-113.96%,-138.51%,11.98,11.98,0.00,0.00,-,-,-,Sep 02,1.79,0.00%,0
KKAPR,-,-,-,-,-,-,-,-,-,-,-,-,-,39.85,0.00%,0
KKARD,1.52B,-,-,-,-,8.72,8.72,0.02,0.02,-,-,-,Aug 11/b,16.30,0.00%,0
KKARO,2.02B,1.23%,17.58%,29.19%,23.63%,1.02,1.01,0.15,0.30,67.96%,25.23%,17.74%,Jul 15/a,65.43,0.00%,0
KKARS,-,0.19%,-,-,-,-,-,-,-,-,-,-,-,28.95,0.00%,0
KKAT,-,0.45%,-,-,-,-,-,-,-,-,-,-,-,57.88,0.00%,0
KKATT,-,-,-,-,-,-,-,-,-,-,-,-,-,30.76,0.00%,0
KKAUG,-,-,-,-,-,-,-,-,-,-,-,-,-,28.67,0.00%,0
KKAZR,43.51M,-,12.12%,20.65%,9.18%,2.99,2.99,0.25,0.40,6.57%,-24.14%,-15.05%,-,2.42,0.00%,0
KKB,45.66B,2.63%,0.74%,10.97%,5.75%,0.18,-,1.00,2.88,-,17.71%,11.32%,Jul 23/b,129.20,0.00%,0
KKBA,-,1.48%,-,-,-,-,-,-,-,-,-,-,-,32.69,0.00%,0
KKBAB,-,115.56%,-,-,-,-,-,-,-,-,-,-,-,7.39,0.00%,0
KKBDC,864.43M,12.22%,3.24%,6.72%,3.27%,1.25,1.25,1.15,1.15,83.94%,70.08%,33.70%,Aug 10/a,13.09,0.00%,0
KKBDU,-,-,-,-,-,-,-,-,-,-,-,-,-,11.79,0.00%,0
KKBE,-,2.23%,-,-,-,-,-,-,-,-,-,-,-,66.07,0.00%,0
KKBFR,-,0.30%,-,-,-,-,-,-,-,-,-,-,-,26.86,0.00%,0
KKBH,2.93B,1.98%,3.92%,6.95%,4.67%,6.80,0.64,0.53,0.53,17.02%,5.96%,4.92%,Sep 22/a,47.86,0.00%,104
KKBON,443.89M,-,-,-,1.34%,1.58,1.58,0.00,0.00,-,-,-,-,10.09,0.00%,0
KKBR,4.51B,1.86%,6.29%,27.09%,9.62%,1.15,1.15,1.68,1.71,14.48%,9.97%,5.46%,Jul 30/b,35.74,0.00%,0
KKBSX,47.90M,-,-0.65%,-1.98%,-1.57%,0.94,0.54,0.91,2.34,45.28%,1.07%,-0.89%,Jul 28/a,1.07,0.00%,0
KKBUF,-,7.30%,-,-,-,-,-,-,-,-,-,-,-,25.84,0.00%,0
KKBWB,-,2.02%,-,-,-,-,-,-,-,-,-,-,-,92.36,0.00%,1
KKBWD,-,13.72%,-,-,-,-,-,-,-,-,-,-,-,12.50,7.01%,3
KKBWP,-,1.92%,-,-,-,-,-,-,-,-,-,-,-,127.26,0.00%,1
KKBWY,-,8.62%,-,-,-,-,-,-,-,-,-,-,-,17.17,0.00%,0
KKC,3.05B,-,-2.17%,-7.70%,-4.73%,1.01,1.01,0.39,0.77,15.04%,-3.19%,-5.49%,Aug 19/b,10.22,-0.49%,"14,847"
KKCA-U,237.47M,-,-,-,-,-,-,-,-,-,-,-,-,10.04,0.00%,0
KKCAI,-,3.47%,-,-,-,-,-,-,-,-,-,-,-,33.67,0.00%,0
KKCCA,-,2.94%,-,-,-,-,-,-,-,-,-,-,-,16.45,0.00%,0
KKCE,-,1.68%,-,-,-,-,-,-,-,-,-,-,-,160.63,0.00%,0
KKCHP,-,-,-,-,-,-,-,-,-,-,-,-,-,26.21,0.00%,0
KKCHV,358.16M,-,3.46%,3.55%,3.49%,11.47,11.47,0.00,0.00,-,-,-,-,10.48,0.00%,0
KKCOP,-,8.86%,-,-,-,-,-,-,-,-,-,-,-,23.69,0.00%,0
KKCSH,-,3.86%,-,-,-,-,-,-,-,-,-,-,-,25.08,0.00%,0
KKD,2.66B,-,0.74%,7.55%,2.20%,0.66,0.66,2.70,4.61,21.85%,3.97%,0.58%,Aug 05/b,12.20,0.00%,1
KKDEC,-,-,-,-,-,-,-,-,-,-,-,-,-,28.59,0.00%,0
KKDEF,-,1.71%,-,-,-,-,-,-,-,-,-,-,-,43.31,0.00%,0
KKDK,686.11M,-,-80.66%,-107.22%,-453.10%,5.52,5.52,0.96,1.39,-298.81%,-2100.21%,-4960.84%,Aug 06/a,3.42,4.59%,"1,856"
KKDP,41.59B,3.07%,2.01%,5.71%,2.70%,0.48,0.28,1.11,1.50,46.56%,16.95%,6.69%,Aug 06/b,30.56,-0.20%,"1,546"
KKDRN,-,3.37%,-,-,-,-,-,-,-,-,-,-,-,22.87,0.00%,0
KKDVD,-,1.32%,-,-,-,-,-,-,-,-,-,-,-,28.33,0.00%,0
KKE,619.54M,-,2.58%,4.84%,3.95%,2.09,1.27,0.21,0.23,7.91%,3.63%,1.95%,Aug 12/a,25.82,0.71%,1
KKEAT,-,2.46%,-,-,-,-,-,-,-,-,-,-,-,33.85,0.00%,0
KKEEL,2.48B,-,-33.49%,-75.62%,-31.93%,16.26,16.10,3.13,3.16,-68.22%,-121.10%,-230.59%,Aug 10/b,4.02,-1.23%,"139,772"
KKEEX,-,-,-,-,-,-,-,-,-,-,-,-,-,9.00,-3.02%,"1,054"
KKELYA,585.54M,1.84%,-11.43%,-24.38%,-24.91%,1.50,1.50,0.12,0.13,18.54%,0.76%,-6.74%,Aug 06/b,16.28,0.00%,0
KKEMQ,-,5.01%,-,-,-,-,-,-,-,-,-,-,-,25.88,0.00%,0
KKEMX,-,2.30%,-,-,-,-,-,-,-,-,-,-,-,52.78,0.00%,0
KKEN,3.52B,5.71%,2.08%,8.16%,2.68%,3.22,3.22,1.88,2.02,18.31%,8.11%,10.12%,Sep 08/a,67.46,2.08%,234
KKEO,-,1.30%,-,-,-,-,-,-,-,-,-,-,-,25.62,0.00%,0
KKEP,14.56B,1.68%,3.10%,17.14%,6.27%,0.44,0.29,1.68,2.69,16.58%,12.91%,8.15%,Aug 14/b,11.34,0.98%,"1,306"
KKEQU,100.38M,-,4.46%,11.59%,6.86%,2.20,1.57,0.60,0.74,28.55%,5.43%,2.97%,Sep 09/a,34.67,0.00%,0
KKEX,7.16B,-,5.78%,10.40%,7.68%,1.68,1.12,0.34,0.36,25.36%,13.86%,10.18%,Jul 29/b,135.63,0.00%,352
KKEY,22.41B,3.93%,1.08%,10.33%,6.60%,0.45,-,0.55,0.74,-,23.00%,17.04%,Jul 21/b,21.00,0.62%,604
KKEYG,-,-,-,-,-,-,-,-,-,-,-,-,-,12.47,0.00%,0
KKEYS,59.57B,-,11.33%,20.90%,14.67%,2.01,1.54,0.30,0.42,64.83%,24.35%,19.08%,Aug 18/a,349.91,2.30%,281
KKEYX,-,-,-,-,-,-,-,-,-,-,-,-,-,21.71,0.00%,0
KKEYY,376.40M,-,-,-,-,2.79,2.79,0.00,0.00,-,-,-,-,9.82,-0.91%,1
KKF,279.96M,0.65%,-,-,-,-,-,-,-,-,-,-,-,67.32,0.00%,0
KKFEB,-,-,-,-,-,-,-,-,-,-,-,-,-,30.94,0.00%,0
KKFFB,47.91M,0.84%,0.52%,3.87%,1.93%,0.68,-,0.97,0.97,-,11.72%,8.94%,-,5.93,0.00%,0
KKFII,418.67M,-,3.52%,3.64%,3.58%,36.73,36.73,0.00,0.00,-,-,-,-,10.67,0.00%,0
KKFRC,923.75M,3.10%,9.31%,28.27%,15.06%,1.93,1.93,0.96,0.99,27.28%,4.04%,2.71%,Jul 27/a,51.58,0.00%,0
KKFY,4.19B,2.89%,7.42%,14.21%,10.80%,2.37,2.37,0.28,0.30,21.71%,13.38%,9.24%,Sep 09/b,76.77,0.00%,0
KKG,43.74M,-,-6.20%,-26.91%,-13.18%,0.61,-,1.55,1.55,-,-54.92%,-86.31%,Aug 07/b,5.59,0.00%,0
KKGC,32.81B,0.54%,25.37%,36.95%,30.59%,2.89,1.95,0.08,0.08,53.64%,50.08%,37.52%,Jul 29/a,27.66,-0.47%,"7,362"
KKGEI,240.33M,-,6.78%,9.30%,7.39%,0.46,0.46,0.20,0.21,56.46%,44.80%,26.96%,Aug 13/b,6.70,0.00%,0
KKGLD,-,15.62%,-,-,-,-,-,-,-,-,-,-,-,27.20,0.26%,270
KKGRN,-,1.06%,-,-,-,-,-,-,-,-,-,-,-,21.77,0.00%,0
KKGS,5.69B,3.55%,1.63%,4.60%,1.62%,1.45,1.15,1.30,1.31,43.25%,32.65%,5.63%,Aug 06/a,56.24,0.00%,0
KKHC,28.93B,6.57%,-4.39%,-8.78%,-6.33%,1.06,0.68,0.49,0.53,33.22%,17.12%,-13.64%,Aug 05/b,24.40,0.12%,"5,376"
KKHPI,-,8.85%,-,-,-,-,-,-,-,-,-,-,-,26.17,0.00%,0
KKHYB,-,8.48%,-,-,-,-,-,-,-,-,-,-,-,24.03,0.00%,0
KKIDS,583.55M,-,-7.83%,-11.36%,-8.91%,4.78,2.17,0.30,0.31,64.77%,-9.01%,-15.72%,Aug 04/a,22.35,0.00%,0
KKIDZ,2.48M,-,-52.99%,-151.17%,-83.24%,3.89,3.89,0.15,0.20,38.91%,-128.81%,-338.49%,-,2.88,-6.49%,637
KKIE,-,1.62%,-,-,-,-,-,-,-,-,-,-,-,61.39,0.00%,0
KKIM,15.12B,4.77%,3.04%,5.82%,3.25%,0.97,0.97,0.81,0.89,40.98%,34.51%,26.13%,Aug 04/b,22.54,0.00%,0
KKINS,277.65M,1.09%,9.17%,31.51%,26.52%,0.41,-,0.03,0.03,-,19.78%,15.68%,Aug 06/a,19.18,0.00%,0
KKIO,435.67M,13.77%,-,-,-,-,-,-,-,-,-,-,-,10.63,0.00%,0
KKIQQ,-,5.66%,-,-,-,-,-,-,-,-,-,-,-,25.65,0.00%,0
KKITT,4.70M,-,-118.72%,-1474.41%,-889.77%,0.13,0.13,0.00,4.25,-269.45%,-568.30%,-1142.13%,Aug 13/b,0.63,2.22%,213
KKJAN,-,-,-,-,-,-,-,-,-,-,-,-,-,46.07,0.00%,0
KKJD,-,-,-,-,-,-,-,-,-,-,-,-,-,15.26,0.00%,0
KKJUL,-,-,-,-,-,-,-,-,-,-,-,-,-,33.38,0.00%,0
KKJUN,-,-,-,-,-,-,-,-,-,-,-,-,-,29.34,0.00%,0
KKKR,93.37B,0.75%,0.79%,10.64%,3.69%,5.25,5.25,1.75,1.78,46.05%,23.46%,12.71%,Jul 30/b,104.02,3.16%,940
KKLAC,238.68B,0.51%,28.40%,87.50%,38.81%,2.82,1.97,0.96,0.97,60.13%,41.68%,35.59%,Jul 28/a,182.68,-0.70%,"60,005"
KKLAG,-,-,-,-,-,-,-,-,-,-,-,-,-,23.78,-3.02%,"2,172"
KKLAR,5.19B,-,-0.77%,-5.98%,-5.86%,0.86,0.86,0.00,0.69,57.51%,-1.24%,-3.54%,Aug 18/b,13.76,0.58%,"5,057"
KKLC,284.44M,-,-13.10%,-67.78%,-16.79%,0.74,0.74,5.02,5.39,13.62%,2.98%,-17.23%,Aug 13/a,2.40,4.80%,8
KKLIC,4.34B,0.99%,9.47%,13.23%,12.26%,3.44,2.74,0.04,0.04,48.15%,13.06%,12.18%,Aug 05/a,83.00,-1.28%,"2,370"
KKLIP,-,28.26%,-,-,-,-,-,-,-,-,-,-,-,22.73,0.00%,1
KKLMN,-,1.14%,-,-,-,-,-,-,-,-,-,-,-,31.84,0.00%,0
KKLMT,-,1.76%,-,-,-,-,-,-,-,-,-,-,-,35.41,0.00%,0
KKLRA,1.55B,-,-,-,-,11.11,11.11,0.01,0.01,-,-,-,Aug 12/a,11.99,0.00%,0
KKLRS,70.87M,-,-46.02%,-79.91%,-75.37%,10.92,10.92,0.02,0.02,-,-,-,Aug 11/b,3.24,0.00%,0
KKLTR,205.94M,-,-7.40%,-134.25%,-80.58%,0.51,0.51,8.19,25.75,71.72%,-1.99%,-6.92%,Aug 05/b,1.35,0.00%,0
KKLXE,155.97M,-,-16.64%,-,-28.10%,1.18,0.97,-,-,6.92%,-3.19%,-9.71%,Aug 10/a,1.49,0.00%,0
KKMAR,-,-,-,-,-,-,-,-,-,-,-,-,-,32.03,0.00%,0
KKMAY,-,-,-,-,-,-,-,-,-,-,-,-,-,30.03,0.00%,0
KKMB,32.51B,5.26%,9.54%,111.55%,23.77%,0.91,0.69,3.70,3.72,36.76%,14.24%,11.79%,Aug 04/b,97.74,0.00%,205
KKMCA,-,-,-,-,-,-,-,-,-,-,-,-,-,20.12,0.00%,0
KKMDA,504.21M,4.81%,5.92%,8.40%,7.97%,4.06,2.29,0.04,0.04,40.82%,14.50%,11.60%,Aug 12/b,8.74,0.00%,0
KKMEM,-,-,-,-,-,-,-,-,-,-,-,-,-,20.62,0.00%,0
KKMI,70.71B,3.75%,4.71%,11.05%,5.61%,0.46,0.36,0.94,1.02,36.32%,29.61%,19.27%,Jul 22/a,31.76,0.11%,697
KKMID,-,0.12%,-,-,-,-,-,-,-,-,-,-,-,23.54,0.00%,0
KKMLI,-,16.20%,-,-,-,-,-,-,-,-,-,-,-,9.06,0.00%,0
KKMLM,-,4.25%,-,-,-,-,-,-,-,-,-,-,-,30.69,0.00%,0
KKMPR,1.56B,4.90%,-4.04%,-19.26%,-15.79%,0.25,-,0.43,0.43,-,1.14%,-10.76%,Aug 05/a,26.47,-0.30%,17
KKMRK,21.10M,-,-,-,2.23%,3.69,3.69,0.10,0.14,12.84%,1.80%,1.07%,-,1.00,0.00%,0
KKMT,2.25B,4.38%,11.99%,24.00%,14.95%,2.62,0.87,0.46,0.49,40.77%,20.44%,14.53%,Aug 05/b,29.47,0.00%,0
KKMTS,1.48B,-,-48.85%,-73.74%,-50.16%,4.69,4.53,0.34,0.34,53.89%,-134.48%,-140.43%,Sep 14/a,24.77,0.00%,1
KKMX,8.21B,-,0.82%,3.59%,0.92%,2.70,0.82,2.97,3.08,10.68%,2.06%,0.79%,Sep 29/b,57.86,0.00%,0
KKN,3.08B,-,6.76%,9.50%,7.21%,3.20,1.75,0.18,0.19,42.19%,14.63%,10.69%,Jul 23/a,36.01,0.00%,0
KKNCT,-,0.79%,-,-,-,-,-,-,-,-,-,-,-,207.99,0.00%,0
KKNDI,53.09M,-,-,-,-,-,-,-,-,-,-,-,Apr 28/b,0.53,0.00%,0
KKNF,3.15B,-,3.58%,9.12%,4.32%,2.66,1.60,1.02,1.04,17.83%,8.96%,4.23%,Aug 04/b,55.41,0.00%,11
KKNG,-,7.85%,-,-,-,-,-,-,-,-,-,-,-,49.27,0.00%,0
KKNGZ,-,2.47%,-,-,-,-,-,-,-,-,-,-,-,41.74,0.00%,0
KKNO,-,0.88%,-,-,-,-,-,-,-,-,-,-,-,62.91,0.00%,0
KKNOP,386.30M,1.58%,0.91%,2.44%,1.24%,0.34,0.33,0.96,1.48,25.59%,23.43%,3.90%,Sep 03/a,11.18,0.00%,0
KKNOV,-,-,-,-,-,-,-,-,-,-,-,-,-,32.00,0.00%,0
KKNOW,-,1.29%,-,-,-,-,-,-,-,-,-,-,-,12.81,0.00%,0
KKNRG,-,6.89%,-,-,-,-,-,-,-,-,-,-,-,25.54,0.00%,0
KKNRX,-,-,-,-,-,-,-,-,-,-,-,-,Aug 19/b,0.30,0.00%,0
KKNSA,6.10B,-,10.36%,14.04%,12.24%,3.90,3.49,0.01,0.01,54.45%,11.92%,9.59%,Jul 28/b,78.13,0.00%,0
KKNSL,8.16B,0.28%,10.26%,30.27%,25.17%,0.15,-,0.11,0.11,-,36.33%,28.49%,Jul 23/a,358.19,0.00%,0
KKNTK,8.70B,6.06%,2.74%,-,7.76%,0.68,0.68,-,-,15.20%,9.01%,10.15%,Aug 05/a,53.58,0.64%,50
KKNX,10.84B,1.10%,0.35%,0.61%,0.46%,0.88,0.88,0.34,0.38,11.03%,2.96%,0.56%,Jul 22/a,66.62,0.00%,0
KKO,376.43B,2.51%,13.49%,44.23%,19.57%,1.30,1.12,1.02,1.20,61.95%,31.93%,28.31%,Jul 28/b,87.49,0.42%,"30,729"
KKOCT,-,-,-,-,-,-,-,-,-,-,-,-,-,38.13,0.00%,0
KKOD,2.07B,-,-94.25%,-368.37%,-118.60%,2.49,2.49,2.34,2.50,-,-,-,Aug 13/a,33.00,1.79%,82
KKODK,955.50M,-,-5.43%,-12.99%,-11.30%,2.91,1.95,0.19,0.21,24.14%,4.67%,-10.84%,Aug 04/a,9.76,0.00%,0
KKOF,5.84B,3.96%,7.42%,17.27%,10.69%,1.04,0.87,0.53,0.63,46.47%,14.13%,8.05%,Jul 27/b,111.16,0.00%,0
KKOID,-,0.01%,-,-,-,-,-,-,-,-,-,-,-,36.49,0.77%,"1,262"
KKOKU,-,1.30%,-,-,-,-,-,-,-,-,-,-,-,134.39,0.00%,0
KKOLD,-,-,-,-,-,-,-,-,-,-,-,-,-,29.54,-0.51%,"22,557"
KKOMP,-,1.50%,-,-,-,-,-,-,-,-,-,-,-,68.08,0.00%,0
KKONG,-,0.34%,-,-,-,-,-,-,-,-,-,-,-,32.81,0.00%,0
KKOOL,-,0.42%,-,-,-,-,-,-,-,-,-,-,-,14.85,0.00%,0
KKOP,862.56M,0.77%,-4.76%,-19.02%,-6.41%,2.33,1.01,2.50,2.59,18.41%,10.12%,-4.59%,Aug 06/b,45.61,0.00%,0
KKOPN,901.48M,-,9.45%,18.55%,11.35%,2.18,2.05,0.01,0.02,41.93%,-34.56%,18.05%,Aug 10/a,4.85,0.00%,0
KKORP,-,5.22%,-,-,-,-,-,-,-,-,-,-,-,45.44,0.00%,0
KKORU,-,0.36%,-,-,-,-,-,-,-,-,-,-,-,21.92,-2.79%,"4,629,231"
KKOS,1.57B,-,-11.39%,-62.95%,-16.74%,0.59,0.38,3.60,3.91,17.15%,12.44%,-32.87%,Aug 03/b,2.63,0.00%,"48,123"
KKOSS,32.85M,-,-1.06%,-1.29%,-1.22%,13.96,11.49,0.07,0.08,41.87%,-11.62%,-3.01%,Aug 27/a,3.47,0.00%,0
KKOYN,322.68M,-,3.99%,4.17%,2.08%,2.93,2.93,0.00,0.00,-,-,-,-,10.23,0.00%,0
KKPDD,-,139.68%,-,-,-,-,-,-,-,-,-,-,-,4.76,0.85%,"8,394"
KKPET,291.44M,-,-,-,-,10.28,10.28,0.00,0.00,-,-,-,-,9.99,0.00%,0
KKPHO,-,0.12%,-,-,-,-,-,-,-,-,-,-,-,22.96,0.00%,0
KKPLT,748.37M,-,16.81%,-,-,0.90,0.90,-,-,27.85%,17.02%,1.86%,Aug 04/b,8.82,0.00%,0
KKPO,-,-,-,-,-,-,-,-,-,-,-,-,-,24.90,0.00%,0
KKPRO,-,6.80%,-,-,-,-,-,-,-,-,-,-,-,26.51,0.00%,0
KKPRX,11.86M,-,-39.43%,-56.36%,-64.56%,8.97,8.97,0.01,0.02,-,-,-,Aug 07/b,2.68,0.00%,0
KKPTI,41.74M,-,-207.90%,-,-,0.79,0.76,-,-,95.89%,-56.17%,-153.28%,Aug 13/b,1.84,-1.08%,15
KKQQQ,-,15.42%,-,-,-,-,-,-,-,-,-,-,-,30.10,0.50%,101
KKR,35.28B,2.51%,2.08%,14.15%,3.89%,0.70,0.31,3.71,4.14,20.95%,3.17%,0.72%,Sep 11/b,59.73,0.07%,144
KKRAQ,432.11M,-,-,-,-1.87%,9.06,9.06,0.00,0.00,-,-,-,-,10.02,0.00%,0
KKRBN,-,1.96%,-,-,-,-,-,-,-,-,-,-,-,34.26,0.00%,0
KKRC,4.06B,6.25%,1.57%,3.19%,1.77%,1.41,1.41,0.83,0.89,31.75%,24.68%,15.42%,Jul 27/a,34.59,0.00%,0
KKRE,-,2.24%,-,-,-,-,-,-,-,-,-,-,-,72.06,0.09%,140
KKREF,398.91M,7.77%,-2.80%,-17.15%,-4.42%,0.57,0.10,3.52,4.63,86.44%,26.35%,-50.12%,Jul 21/a,6.76,0.00%,0
KKRG,5.05B,4.80%,5.14%,10.90%,6.17%,0.77,0.77,0.90,1.05,31.59%,23.42%,39.93%,Jul 30/b,25.20,0.00%,0
KKRKR,5.47M,-,11.60%,24.11%,20.02%,1.40,1.40,0.05,0.18,63.09%,14.82%,12.00%,Aug 20/b,3.07,0.00%,0
KKRMD,149.14M,-,-6.80%,-10.52%,-8.75%,2.72,2.09,0.15,0.18,60.67%,-3.66%,-4.03%,Aug 05/a,3.23,0.00%,3
KKRMN,4.69B,-,3.10%,9.50%,2.90%,3.56,3.40,2.05,2.08,34.28%,19.45%,6.31%,Aug 06/a,35.40,0.53%,"3,293"
KKRNT,670.28M,-,-2.68%,-2.97%,-2.99%,8.81,7.97,0.02,0.03,44.08%,-17.11%,-9.42%,Aug 12/b,15.60,2.16%,10
KKRNY,622.02M,4.59%,0.47%,4.79%,3.72%,0.03,-,0.27,1.51,-,13.66%,10.45%,Jul 23/b,9.58,0.00%,0
KKRO,928.84M,1.24%,-5.94%,-13.69%,-8.19%,3.30,1.55,0.78,0.78,12.01%,-0.83%,-5.63%,Aug 06/a,8.07,0.00%,0
KKROP,-,2.01%,-,-,-,-,-,-,-,-,-,-,-,37.07,0.00%,0
KKROS,227.62M,-,-15.92%,-17.16%,-30.19%,21.96,21.96,0.05,0.06,89.34%,-675.27%,-553.88%,Aug 03/a,11.48,0.00%,0
KKRP,1.86B,12.50%,6.82%,12.29%,7.31%,7.30,7.30,0.66,0.66,57.68%,40.80%,22.78%,Aug 07/b,14.44,0.00%,0
KKRRO,146.96M,-,-62.03%,-97.69%,-74.84%,9.55,9.55,0.38,0.41,-10.37%,-3176.57%,-4477.08%,Aug 06/b,9.98,0.00%,152
KKRSA,1.51B,-,-82.29%,-98.22%,-131.85%,0.82,0.82,0.00,0.00,-,-359.16%,-353.00%,Aug 11,33.21,0.00%,2
KKRSP,485.33M,-,-,-,2.39%,11.66,11.66,0.00,0.00,-,-,-,-,10.50,0.00%,0
KKRT,1.01B,3.54%,15.74%,31.15%,23.37%,2.25,1.25,0.29,0.44,39.78%,12.76%,10.18%,Aug 06/a,50.61,0.00%,0
KKRUS,434.11M,-,-0.47%,-0.91%,-0.49%,1.26,1.20,0.83,0.90,11.14%,-0.88%,-0.65%,Jul 07/a,35.73,0.00%,0
KKRWX,-,-,-,-,-,-,-,-,-,-,-,-,-,15.89,0.00%,0
KKRYP,-,0.22%,-,-,-,-,-,-,-,-,-,-,-,24.79,0.00%,0
KKRYS,9.88B,-,18.30%,20.12%,17.67%,8.32,7.96,0.01,0.01,93.31%,44.89%,54.82%,Aug 03/b,333.85,0.00%,0
KKSA,-,2.79%,-,-,-,-,-,-,-,-,-,-,-,37.00,-0.43%,2
KKSCP,26.58M,-,-105.70%,-201.29%,-123.56%,1.16,0.98,0.23,0.27,-10.43%,-213.51%,-217.29%,Aug 12/a,1.13,2.32%,762
KKSEP,-,-,-,-,-,-,-,-,-,-,-,-,-,30.94,0.00%,0
KKSLV,-,29.45%,-,-,-,-,-,-,-,-,-,-,-,26.15,0.00%,42
KKSMH,-,-,-,-,-,-,-,-,-,-,-,-,-,27.85,0.00%,0
KKSPI,18.53B,8.42%,9.45%,45.35%,30.93%,1.08,-,0.23,0.23,-,30.37%,24.00%,Aug 10/b,97.53,1.12%,183
KKSPY,-,0.27%,-,-,-,-,-,-,-,-,-,-,-,30.18,0.00%,0
KKSS,1.98B,2.87%,2.01%,6.67%,2.60%,1.49,0.41,1.50,1.54,36.65%,3.86%,1.75%,Aug 26/b,17.43,0.00%,0
KKSTR,-,-,-,-,-,-,-,-,-,-,-,-,-,24.70,0.53%,"1,953"
KKT,9.28B,4.49%,2.97%,7.23%,5.19%,1.13,1.08,0.43,0.68,33.54%,6.81%,4.71%,Aug 11/a,19.45,0.00%,0
KKTB,3.63B,3.18%,8.50%,40.96%,14.53%,1.83,0.99,1.98,2.06,48.89%,13.14%,8.74%,Aug 12/b,66.41,0.00%,0
KKTCC,25.41M,-,-15.53%,-51.30%,-25.37%,2.10,1.20,1.72,1.83,8.18%,-5.19%,-12.36%,Aug 27/a,2.34,0.00%,0
KKTEC,-,4.25%,-,-,-,-,-,-,-,-,-,-,-,12.36,0.00%,0
KKTF,328.75M,9.12%,-,-,-,-,-,-,-,-,-,-,-,8.39,0.00%,0
KKTOS,9.12B,-,0.93%,1.15%,0.86%,5.54,4.99,0.05,0.06,21.65%,1.60%,2.03%,Aug 04/a,48.59,0.00%,"8,918"
KKTTA,17.05M,-,-61.97%,-65.49%,-42.72%,26.25,26.25,0.00,0.00,-,-,-,Sep 02,0.51,0.00%,0
KKTUP,-,9.14%,-,-,-,-,-,-,-,-,-,-,-,5.38,-0.19%,"8,517"
KKTWO,201.40M,-,-,-,0.84%,3.17,3.17,0.00,0.00,-,-,-,-,10.05,0.00%,0
KKULR,110.15M,-,-83.90%,-96.95%,-135.10%,3.32,3.25,0.03,0.31,3.77%,-258.40%,-607.64%,Aug 13/a,2.38,-1.65%,"1,250"
KKURA,1.03B,-,-46.73%,-167.71%,-440.46%,4.73,4.71,0.39,0.50,97.60%,-411.90%,-384.30%,Aug 12/a,11.60,0.00%,227
KKURE,-,3.70%,-,-,-,-,-,-,-,-,-,-,-,19.32,0.00%,0
KKUST,4.41M,-,-47.30%,-177.95%,-439.59%,0.80,0.78,0.54,0.85,-4.14%,-74.67%,-115.56%,-,0.68,0.00%,0
KKVHI,130.43M,-,-3.86%,-4.35%,-4.36%,7.07,6.36,0.03,0.04,24.49%,-7.00%,-4.68%,Aug 06/b,7.19,0.00%,0
KKVLE,-,2.18%,-,-,-,-,-,-,-,-,-,-,-,28.44,0.00%,0
KKVUE,33.81B,4.80%,6.16%,15.58%,9.36%,1.01,0.71,0.68,0.82,58.36%,19.24%,10.76%,Aug 06/b,17.60,-0.40%,128
KKVYO,4.52B,-,0.49%,0.66%,0.64%,3.01,3.01,0.09,0.12,73.79%,-1.86%,0.49%,Aug 05/a,15.88,0.38%,"1,568"
KKWEB,-,8.30%,-,-,-,-,-,-,-,-,-,-,-,25.26,0.31%,"123,658"
KKWH,-,-,-,-,-,-,-,-,-,-,-,-,-,24.24,0.00%,0
KKWIN,-,-,-,-,-,-,-,-,-,-,-,-,-,25.83,0.00%,0
KKWR,2.67B,0.88%,3.42%,7.17%,4.29%,2.46,1.70,0.65,0.67,32.78%,9.08%,4.93%,Jul 30/a,155.42,0.00%,0
KKWT,-,2.18%,-,-,-,-,-,-,-,-,-,-,-,36.99,0.00%,0
KKWY,283.23M,-,-3.35%,-23.22%,-9.20%,0.45,0.45,1.72,2.55,39.19%,-2.17%,-5.44%,May 07/a,9.79,0.00%,0
KKXI,-,2.41%,-,-,-,-,-,-,-,-,-,-,-,66.71,0.00%,0
KKXIN,2.45M,-,-105.78%,-138.17%,-119.54%,0.17,0.17,0.00,0.00,-374.89%,-3550.64%,-6763.34%,-,1.48,-3.83%,"5,910"
KKYC,-,-,-,-,-,-,-,-,-,-,-,-,-,26.08,0.00%,0
KKYIV,3.10B,-,13.03%,20.23%,9.37%,1.26,1.25,0.26,0.39,70.62%,36.17%,12.73%,Jul 31/b,13.41,0.00%,0
KKYLD,-,25.90%,-,-,-,-,-,-,-,-,-,-,-,20.64,0.00%,0
KKYMR,9.78B,-,-21.58%,-24.15%,-19.03%,10.34,10.34,0.04,0.05,92.16%,-329.83%,-285.34%,Aug 05/b,117.67,0.00%,0
KKYN,2.44B,7.07%,-,-,-,-,-,-,-,-,-,-,-,14.42,0.00%,0
KKYNB,29.15M,-,-22.15%,-,-,2.69,2.59,-,-,1.65%,-1088.33%,2830.95%,Aug 13/a,7.20,0.00%,0
KKYTX,440.33M,-,-68.40%,-87.24%,-77.47%,9.06,9.06,0.19,0.20,-,-,-,Aug 11/a,7.12,0.00%,0
KKZIA,121.73M,-,-50.34%,-102.88%,-47.53%,2.87,2.87,0.00,0.00,-,-49070.50%,-55271.07%,Sep 04,10.65,0.00%,0
LL,21.82B,0.23%,1.96%,9.21%,6.02%,0.70,-,0.47,0.47,-,14.04%,9.02%,Aug 03/b,106.75,0.00%,0
LLAB,286.58M,-,-9.11%,-11.18%,-15.54%,9.10,8.80,0.04,0.05,49.14%,-74.04%,-103.29%,Aug 05/a,0.73,-1.60%,22
LLABD,-,6.43%,-,-,-,-,-,-,-,-,-,-,-,7.15,0.70%,"14,483"
LLABT,4.77M,-,-225.45%,-402.84%,-169.64%,7.70,7.70,0.00,0.02,-,-,-,Sep 02,2.01,-1.95%,157
LLABU,-,0.38%,-,-,-,-,-,-,-,-,-,-,-,270.00,0.07%,"1,556"
LLABX,-,-,-,-,-,-,-,-,-,-,-,-,-,13.58,-1.88%,"54,560"
LLAC,1.07B,-,-3.99%,-9.56%,-3.78%,5.47,5.47,0.81,0.82,-,-,-,Aug 13/b,2.96,0.03%,"7,220"
LLAD,6.95B,0.69%,2.83%,10.67%,4.35%,1.00,0.21,1.57,2.59,14.45%,3.80%,1.88%,Jul 29/b,316.15,0.00%,0
LLADM,-,-,-,-,-,-,-,-,-,-,-,-,-,32.99,0.00%,0
LLADR,1.20B,9.74%,1.04%,3.57%,1.14%,0.08,0.08,2.22,2.81,79.40%,60.37%,12.52%,Jul 23/b,9.45,0.00%,0
LLAES,541.02M,-,-11.26%,-12.67%,-7.62%,14.43,14.37,0.01,0.01,50.49%,-214.77%,-171.08%,Sep 11/b,2.35,-0.44%,"34,724"
LLAFA,159.65M,-,-,-,2.05%,5.08,5.08,0.00,0.00,-,-,-,-,10.16,0.00%,0
LLAKE,100.80M,0.30%,-12.35%,-19.62%,-16.86%,2.98,1.34,0.27,0.31,32.62%,-6.83%,-13.99%,Sep 09/a,10.15,0.00%,0
LLALT,-,3.63%,-,-,-,-,-,-,-,-,-,-,-,24.85,0.00%,0
LLAMR,14.83B,4.51%,8.14%,58.93%,10.10%,0.63,0.63,4.60,5.07,53.55%,31.64%,23.89%,Aug 06/b,146.08,0.00%,1
LLAND,411.52M,5.87%,-0.53%,-0.96%,-0.56%,1.01,0.80,0.71,0.73,30.98%,24.01%,-33.02%,Aug 11/a,9.54,-0.63%,325
LLANV,126.85M,-,-41.78%,-2353.49%,-,0.20,0.11,-,-,61.31%,-54.40%,-108.07%,Aug 26/b,1.01,0.00%,0
LLAPR,-,5.89%,-,-,-,-,-,-,-,-,-,-,-,25.26,0.00%,0
LLAR,955.49M,-,-4.70%,-6.68%,-6.84%,0.47,0.47,0.00,0.32,-,-,-,Aug 11/b,5.92,0.00%,0
LLARK,195.52M,2.59%,1.25%,12.77%,7.40%,0.03,-,0.63,0.64,-,25.66%,20.64%,Jul 29/a,32.05,0.00%,0
LLASC,-,-,-,-,-,-,-,-,-,-,-,-,-,6.70,0.00%,0
LLASE,43.65M,-,-158.51%,-1180.95%,-704.56%,0.60,0.44,-,-,-15.99%,-190.81%,-596.66%,Aug 14/a,0.87,-0.64%,597
LLASR,2.31B,-,-3.07%,-3.80%,-2.76%,8.17,7.29,0.03,0.03,31.52%,-4.62%,-4.02%,Aug 06/a,40.09,-0.25%,"1,530"
LLATA,234.60M,-,4.86%,5.04%,2.52%,9.04,9.04,0.00,0.00,-,-,-,-,10.20,0.00%,0
LLATR,-,-,-,-,-,-,-,-,-,-,-,-,-,26.59,0.00%,0
LLAUR,5.00B,2.60%,14.43%,29.35%,18.15%,0.71,0.71,0.55,0.64,27.26%,24.42%,17.57%,Jul 30/b,36.28,0.00%,0
LLAW,273.31M,-,-24.79%,-31.34%,-32.87%,3.77,3.77,0.02,0.05,74.83%,-25.74%,-24.20%,Aug 05/a,4.21,0.00%,0
LLAZ,3.56B,5.48%,4.95%,26.45%,7.14%,2.63,2.63,2.35,2.35,94.91%,12.04%,6.59%,Jul 23/b,36.48,0.00%,0
LLAZR,-,-,-,-,-,-,-,-,-,-,-,-,-,45.60,-1.08%,"6,825"
LLB,6.75B,0.55%,2.98%,11.72%,4.09%,7.21,7.21,1.51,1.51,89.95%,63.89%,16.17%,Aug 05/a,87.55,0.00%,0
LLBAY,-,3.82%,-,-,-,-,-,-,-,-,-,-,-,26.02,0.00%,0
LLBGJ,1.05M,-,-1.05%,-2.09%,-1.16%,1.15,1.02,0.09,0.32,31.50%,-7.44%,-3.71%,-,1.93,-1.07%,513
LLBO,-,6.27%,-,-,-,-,-,-,-,-,-,-,-,25.63,0.00%,0
LLBOX,-,-,-,-,-,-,-,-,-,-,-,-,-,25.09,0.00%,0
LLBRT,3.11B,1.85%,3.09%,6.12%,3.54%,1.99,1.75,0.76,0.82,7.29%,1.33%,2.92%,Jul 22/a,19.03,0.95%,129
LLBRX,1.39B,-,-14.55%,-15.70%,-25.45%,15.08,15.08,0.01,0.02,-,-,-,Aug 11/b,42.99,0.00%,0
LLBTYA,3.41B,-,-12.46%,-27.32%,-17.17%,1.28,1.28,0.92,0.99,26.70%,-0.63%,-62.14%,Jul 24/b,9.99,0.00%,1
LLBTYK,3.41B,-,-12.46%,-27.32%,-17.17%,1.28,1.28,0.92,0.99,26.70%,-0.63%,-62.14%,Jul 24/b,9.81,0.00%,1
LLCAP,-,0.19%,-,-,-,-,-,-,-,-,-,-,-,33.93,0.00%,0
LLCCC,40.48M,-,2.69%,2.79%,2.75%,8.76,8.76,0.00,0.00,-,-,-,-,10.54,0.00%,0
LLCDS,-,0.83%,-,-,-,-,-,-,-,-,-,-,-,74.49,0.00%,0
LLCF,-,0.49%,-,-,-,-,-,-,-,-,-,-,-,46.69,0.00%,0
LLCFY,4.20M,-,-70.24%,-118.06%,-90.49%,1.38,1.38,0.00,0.08,-45.55%,-105.07%,-134.35%,-,2.33,0.00%,0
LLCID,1.69B,-,-46.54%,-125.99%,-81.59%,1.14,0.57,1.56,1.98,-96.56%,-258.99%,-297.64%,Aug 04/a,4.29,-0.23%,"25,321"
LLCII,2.11B,5.29%,6.56%,15.00%,8.35%,2.49,1.20,0.77,0.80,25.65%,7.49%,5.24%,Aug 05/b,86.95,0.00%,0
LLCLG,-,-,-,-,-,-,-,-,-,-,-,-,-,70.82,0.00%,0
LLCLN,2.52B,0.28%,-,-,-,1.65,1.65,1.80,1.80,-,-,-,Aug 06/b,24.68,0.00%,0
LLCNB,269.85M,4.65%,1.08%,8.96%,6.68%,0.02,-,0.30,0.39,-,24.03%,19.57%,Jul 16/b,18.93,0.00%,0
LLCO,-,-,-,-,-,-,-,-,-,-,-,-,-,28.45,0.00%,0
LLCOW,-,0.64%,-,-,-,-,-,-,-,-,-,-,-,26.89,0.00%,0
LLCR,-,1.29%,-,-,-,-,-,-,-,-,-,-,-,40.50,0.00%,0
LLCTD,-,3.30%,-,-,-,-,-,-,-,-,-,-,-,59.26,0.00%,0
LLCTO,-,0.18%,-,-,-,-,-,-,-,-,-,-,-,25.19,0.00%,0
LLCTU,-,0.95%,-,-,-,-,-,-,-,-,-,-,-,83.01,0.00%,0
LLCTX,263.03M,-,-32.75%,-59.03%,-51.81%,6.61,6.61,0.02,0.04,93.81%,-205.23%,-246.58%,Aug 06/a,1.04,2.97%,"2,040"
LLCUT,193.57M,2.00%,5.44%,15.77%,7.49%,2.11,0.99,0.95,1.19,43.37%,10.13%,4.81%,Aug 06/b,8.42,0.00%,0
LLDDR,-,13.23%,-,-,-,-,-,-,-,-,-,-,-,75.53,0.00%,0
LLDEM,-,2.83%,-,-,-,-,-,-,-,-,-,-,-,62.50,0.00%,0
LLDI,240.23M,-,-1.08%,-29.33%,-2.84%,0.14,0.14,11.16,22.93,113.73%,17.45%,-5.49%,Aug 04/a,0.71,0.00%,"1,500"
LLDOS,16.09B,1.36%,9.43%,27.67%,11.62%,1.63,1.60,1.24,1.24,17.80%,11.80%,7.80%,Aug 04/b,128.23,0.00%,0
LLDP,570.24M,8.02%,-,-,-,-,-,-,-,-,-,-,-,19.61,0.00%,0
LLDRC,-,4.20%,-,-,-,-,-,-,-,-,-,-,-,24.77,0.00%,0
LLDRH,-,6.45%,-,-,-,-,-,-,-,-,-,-,-,24.31,0.00%,0
LLDRI,-,4.99%,-,-,-,-,-,-,-,-,-,-,-,24.81,0.00%,0
LLDRT,-,3.76%,-,-,-,-,-,-,-,-,-,-,-,24.65,0.00%,0
LLDRX,-,0.55%,-,-,-,-,-,-,-,-,-,-,-,37.43,0.00%,0
LLDSF,-,4.74%,-,-,-,-,-,-,-,-,-,-,-,18.67,0.00%,0
LLDUR,-,4.25%,-,-,-,-,-,-,-,-,-,-,-,94.46,0.00%,0
LLE,309.03M,-,40.18%,97.93%,62.23%,1.58,0.32,0.15,0.16,46.64%,3.45%,26.62%,Sep 03/b,10.46,0.00%,0
LLEA,5.93B,2.65%,3.59%,10.84%,6.55%,1.31,1.04,0.64,0.68,7.05%,4.06%,2.35%,Jul 31/b,120.22,0.00%,0
LLECO,13.91B,1.25%,14.68%,37.74%,20.19%,1.98,1.20,0.76,0.80,35.95%,17.58%,12.37%,Jul 30/b,255.14,-1.23%,2
LLEDRU,149.40M,-,-,-,-,0.86,0.86,-,-,-,-,-,-,9.96,0.00%,0
LLEDS,19.77M,-,-4.99%,-28.73%,-25.05%,1.03,0.68,0.32,1.15,10.46%,-5.61%,-3.92%,-,2.39,0.00%,0
LLEE,160.50M,-,-1.52%,-,-2.04%,1.17,1.11,-,-,57.87%,6.64%,-1.84%,Aug 06/b,7.20,0.00%,0
LLEGH,679.96M,-,8.78%,9.53%,9.10%,3.56,2.69,0.00,0.00,47.96%,32.89%,28.56%,Aug 05/a,28.59,0.00%,0
LLEGN,3.57B,-,-5.34%,-8.11%,-6.86%,3.04,2.94,0.09,0.23,53.00%,-4.12%,-7.21%,Aug 11/b,18.40,-0.70%,"1,403"
LLEGO,312.35M,-,-,-,-,75.52,75.52,0.00,0.00,-,-,-,-,9.99,0.00%,0
LLEGR,-,1.75%,-,-,-,-,-,-,-,-,-,-,-,67.08,0.00%,0
LLEMB,-,2.37%,-,-,-,-,-,-,-,-,-,-,-,42.85,0.00%,0
LLEN,18.94B,2.54%,3.80%,5.88%,5.02%,4.94,0.69,0.20,0.20,16.38%,5.48%,4.06%,Sep 16/a,78.80,0.92%,"8,875"
LLEND,-,2.06%,-,-,-,-,-,-,-,-,-,-,-,24.65,0.00%,0
LLENS,-,1.37%,-,-,-,-,-,-,-,-,-,-,-,45.09,0.00%,0
LLENZ,128.19M,-,-55.52%,-59.21%,-57.43%,13.55,13.31,0.00,0.00,90.14%,-631.70%,-586.74%,Aug 11/a,4.08,0.00%,300
LLEO,361.29M,5.45%,-,-,-,-,-,-,-,-,-,-,-,5.80,0.00%,0
LLESL,4.05M,-,-29.27%,-,-54.50%,1.35,0.45,-,-,33.71%,-0.59%,-21.24%,Aug 12/a,0.43,0.00%,0
LLEU,3.18B,-,2.52%,8.05%,2.40%,5.32,4.44,1.39,1.39,21.86%,1.56%,10.23%,Aug 05/a,155.43,0.37%,"8,571"
LLEUX,-,-,-,-,-,-,-,-,-,-,-,-,-,8.77,-1.79%,723
LLEVI,7.62B,3.02%,8.42%,25.40%,11.23%,1.60,0.98,0.89,1.01,61.93%,11.60%,7.31%,Jul 08/a,19.80,-0.10%,13
LLEXI,-,0.82%,-,-,-,-,-,-,-,-,-,-,-,40.78,0.00%,0
LLEXX,7.21M,-,-134.21%,-150.28%,-161.36%,10.60,10.60,0.01,0.02,48.98%,-3862.94%,-3985.58%,Jul 17,3.42,0.00%,0
LLFAC,197.77M,-,-,-,1.69%,18.77,18.77,0.00,0.00,-,-,-,-,10.07,0.00%,0
LLFAI,-,6.96%,-,-,-,-,-,-,-,-,-,-,-,143.60,0.00%,0
LLFAO,-,6.38%,-,-,-,-,-,-,-,-,-,-,-,156.64,0.00%,0
LLFAW,-,5.98%,-,-,-,-,-,-,-,-,-,-,-,167.07,0.00%,0
LLFBE,-,5.68%,-,-,-,-,-,-,-,-,-,-,-,175.94,0.00%,0
LLFCR,169.58M,-,-,-,-,3.87,2.69,9.64,9.72,-,-,-,Aug 05/b,4.48,0.00%,0
LLFDR,-,5.68%,-,-,-,-,-,-,-,-,-,-,-,176.06,0.00%,0
LLFEQ,-,0.79%,-,-,-,-,-,-,-,-,-,-,-,61.66,0.00%,0
LLFGY,-,68.12%,-,-,-,-,-,-,-,-,-,-,-,20.98,0.24%,57
LLFMD,149.91M,-,-31.25%,-674.34%,-160.04%,0.90,0.84,0.67,0.76,82.43%,-9.35%,-11.92%,Aug 05/a,3.11,-3.57%,200
LLFS,56.15M,-,9.70%,31.43%,17.76%,1.68,1.67,0.33,0.60,29.53%,5.32%,3.72%,-,2.15,-0.17%,367
LLFSC,-,-,-,-,-,-,-,-,-,-,-,-,-,45.22,0.00%,0
LLFST,4.84B,-,2.34%,3.43%,2.68%,1.38,1.38,0.28,0.32,30.12%,5.07%,3.19%,Aug 06/b,12.67,0.00%,0
LLFT,26.02M,32.32%,-1.30%,-6.29%,-1.24%,7.80,7.80,4.40,4.40,90.04%,59.44%,-24.16%,Aug 13/a,4.95,-11.61%,102
LLFTO,2.98B,-,2.10%,-,3.02%,1.36,1.36,-,-,74.75%,35.84%,5.24%,Aug 12/a,17.57,-0.45%,101
LLFUS,10.40B,0.46%,-0.20%,-0.31%,-0.25%,2.76,2.00,0.23,0.27,36.68%,16.25%,-0.31%,Jul 29/b,409.53,-0.00%,34
LLFVN,78.31M,3.05%,7.57%,14.87%,12.22%,1.89,1.09,0.24,0.29,77.56%,3.34%,2.78%,Aug 27/a,6.22,0.00%,0
LLFWD,19.82M,-,-99.81%,-225.65%,-136.75%,2.33,1.77,0.85,0.91,24.48%,-81.79%,-141.28%,Aug 14/b,7.00,0.00%,0
LLGCF,-,1.63%,-,-,-,-,-,-,-,-,-,-,-,38.34,0.00%,0
LLGCL,0.93M,-,2.20%,3.28%,2.96%,1.61,1.61,0.00,0.30,33.78%,1.87%,0.91%,-,2.70,-1.43%,"2,051"
LLGCY,127.66M,-,11.91%,19.11%,13.61%,3.36,3.36,0.26,0.31,46.50%,14.36%,10.89%,Sep 24/a,10.09,0.00%,0
LLGDS,-,-,-,-,-,-,-,-,-,-,-,-,-,50.84,0.00%,0
LLGDX,-,0.46%,-,-,-,-,-,-,-,-,-,-,-,25.77,0.00%,0
LLGH,-,0.35%,-,-,-,-,-,-,-,-,-,-,-,67.12,0.00%,0
LLGHL,0.40M,-,-10.87%,-27.32%,-11.32%,4.11,4.11,0.71,0.71,65.32%,-30.94%,-93.24%,-,7.95,-7.45%,"1,960"
LLGHT,-,-,-,-,-,-,-,-,-,-,-,-,-,10.21,0.00%,0
LLGI,227.45M,10.41%,-,-,-,-,-,-,-,-,-,-,-,17.46,0.00%,0
LLGIH,1.16B,-,1.67%,3.16%,1.78%,17.97,0.47,0.74,0.74,19.39%,4.01%,3.88%,Aug 04/b,49.91,0.00%,0
LLGL,90.06M,-,-0.50%,-0.55%,-0.52%,25.96,25.61,0.00,0.00,50.90%,-91.92%,-7.94%,Aug 14/a,7.14,0.00%,0
LLGLV,-,2.17%,-,-,-,-,-,-,-,-,-,-,-,178.44,0.00%,0
LLGN,5.88B,-,-2.38%,-20.10%,-2.59%,1.34,1.33,1.90,1.99,15.44%,3.04%,-1.20%,Aug 13/b,54.41,-0.33%,345
LLGND,5.78B,-,12.58%,21.96%,9.40%,31.18,30.96,1.17,1.17,84.28%,34.45%,67.88%,Aug 06/b,290.07,0.00%,0
LLGO,64.97M,-,-23.90%,-55.52%,-61.97%,0.54,0.19,0.00,0.86,-13.22%,-31.72%,-64.59%,Aug 14/a,0.63,0.00%,"1,445"
LLGOV,-,4.54%,-,-,-,-,-,-,-,-,-,-,-,20.47,0.00%,0
LLGPS,19.70M,1.44%,3.00%,20.37%,4.38%,2.40,0.39,3.39,5.05,19.77%,7.12%,3.46%,Jul 13/b,0.83,1.31%,"1,014"
LLGRO,-,0.32%,-,-,-,-,-,-,-,-,-,-,-,47.25,0.00%,0
LLGVN,8.03M,-,-145.64%,-203.61%,-225.67%,2.63,2.63,0.00,0.06,-15.92%,-1992.84%,-1977.59%,Aug 12/a,2.52,2.77%,112
LLH,26.03B,0.92%,5.48%,11.74%,6.60%,1.80,1.53,0.76,0.79,26.82%,11.35%,6.99%,Jul 30/b,320.99,0.00%,0
LLHAI,17.30M,-,-4.76%,-5.60%,-3.63%,10.16,10.16,0.03,0.05,2.95%,-2.27%,-1.36%,-,1.05,-4.85%,"7,811"
LLHSW,1.48M,-,-15.88%,-44.73%,-37.51%,1.07,1.04,0.09,0.59,21.40%,-15.77%,-13.16%,Aug 13/a,0.43,-1.15%,"26,881"
LLHX,46.51B,2.00%,4.45%,9.57%,6.24%,1.18,1.03,0.51,0.60,22.54%,11.11%,8.11%,Jul 29/a,249.78,1.15%,430
LLI,9.38B,-,-3.09%,-6.73%,-5.79%,1.81,1.65,0.20,0.46,13.53%,-6.73%,-4.46%,Aug 26/b,11.52,0.00%,"57,077"
LLIAE,-,5.26%,-,-,-,-,-,-,-,-,-,-,-,199.55,0.00%,0
LLIAM,-,4.65%,-,-,-,-,-,-,-,-,-,-,-,226.00,0.00%,0
LLIAU,-,4.20%,-,-,-,-,-,-,-,-,-,-,-,250.08,0.00%,0
LLIBD,-,3.85%,-,-,-,-,-,-,-,-,-,-,-,265.96,0.00%,0
LLICN,17.59M,-,-28.26%,-30.56%,-30.98%,7.73,7.73,0.00,0.01,23.13%,-58.76%,-89.58%,-,1.07,0.00%,397
LLIDR,55.69M,-,-71.02%,-89.28%,-50.59%,10.83,10.68,0.01,0.02,-103.11%,-8002.22%,-7786.44%,Aug 06/a,1.19,0.27%,"8,539"
LLIEN,234.37M,13.24%,9.38%,10.48%,9.61%,0.45,0.45,0.09,0.09,74.91%,57.54%,52.82%,Aug 13/b,10.27,0.00%,0
LLIF,3.34B,-,16.32%,30.06%,15.92%,5.59,5.45,0.51,0.51,77.59%,1.14%,25.72%,Aug 10/a,41.04,-0.07%,"1,956"
LLIFE,2.33B,-,-18.31%,-26.11%,-21.91%,1.52,1.52,0.02,0.04,97.01%,-17.67%,-19.11%,Aug 03/a,36.49,0.00%,0
LLIFT,-,45.93%,-,-,-,-,-,-,-,-,-,-,-,21.76,0.00%,0
LLII,12.70B,1.41%,18.90%,70.48%,27.64%,1.57,0.77,1.16,1.56,32.98%,19.68%,14.61%,Jul 29/b,367.34,1.02%,40
LLILA,1.72B,0.49%,-0.81%,-17.28%,-1.09%,1.19,1.19,15.99,16.97,57.89%,16.65%,-2.24%,Aug 05/a,8.77,0.00%,1
LLILAK,1.72B,0.37%,-0.81%,-17.28%,-1.09%,1.19,1.19,15.99,16.97,57.89%,16.65%,-2.24%,Aug 05/a,8.80,0.00%,1
LLIME,1.94B,-,-,-,-,1.55,1.38,0.21,0.40,-,-,-,Aug 04/a,29.83,2.83%,285
LLIMI,-,0.63%,-,-,-,-,-,-,-,-,-,-,-,40.13,0.00%,0
LLIMN,4.86M,-,-471.47%,-,-4165.92%,1.12,1.12,0.00,4.80,-,-,-,-,3.62,-0.55%,125
LLIN,211.38B,1.40%,8.31%,18.67%,12.12%,0.88,0.75,0.53,0.72,37.56%,27.10%,20.43%,Jul 31/b,458.55,0.23%,"1,161"
LLINC,798.75M,-,4.67%,11.90%,5.44%,0.96,0.92,1.07,1.13,59.84%,5.92%,3.99%,Aug 10/b,25.18,0.00%,0
LLIND,1.86B,-,-1.75%,-,-3.69%,0.84,0.84,-,-,38.34%,6.99%,-2.44%,Aug 03/b,28.29,0.00%,0
LLINE,8.54B,5.68%,-0.86%,-1.98%,-1.03%,0.78,0.70,1.01,1.03,14.67%,4.32%,-3.05%,Aug 05/b,37.52,0.00%,0
LLINK,80.03M,-,-8.42%,-10.49%,-10.37%,4.58,3.21,0.07,0.11,33.89%,-9.88%,-8.95%,Aug 13/b,5.08,0.00%,0
LLINT,-,0.78%,-,-,-,-,-,-,-,-,-,-,-,164.10,-1.44%,"6,785"
LLION,3.42B,-,-2.24%,-,-12.47%,0.44,0.44,-,-,38.88%,6.25%,-4.13%,Aug 06/a,11.48,0.00%,0
LLIQT,22.22M,-,-27.99%,-48.95%,-30.80%,4.37,3.43,0.22,0.31,9.07%,-55.87%,-63.18%,Aug 12/b,0.67,0.00%,0
LLIT,-,0.71%,-,-,-,-,-,-,-,-,-,-,-,70.50,-0.47%,244
LLITB,55.36M,-,13.54%,-,12533.81%,0.42,0.34,-,-,65.05%,3.73%,3.91%,Aug 26/b,3.06,0.00%,0
LLITC,-,-,-,-,-,-,-,-,-,-,-,-,-,29.41,0.00%,0
LLITE,84.54B,-,-120.34%,-240.03%,-147.41%,1.68,1.40,0.01,0.36,39.74%,17.89%,-230.15%,Aug 11/a,942.50,-1.26%,"56,474"
LLITG,-,-,-,-,-,-,-,-,-,-,-,-,-,18.39,0.00%,0
LLITL,-,2.00%,-,-,-,-,-,-,-,-,-,-,-,33.68,0.00%,0
LLITP,-,8.66%,-,-,-,-,-,-,-,-,-,-,-,10.32,0.00%,0
LLITS,42.61M,-,-154.82%,-159.26%,-107.01%,11.53,11.53,0.00,0.00,-,-,-,-,1.25,-2.16%,137
LLITU,-,-,-,-,-,-,-,-,-,-,-,-,-,20.34,-1.02%,"1,221"
LLITX,-,-,-,-,-,-,-,-,-,-,-,-,-,32.28,-2.03%,"101,783"
LLITZ,-,-,-,-,-,-,-,-,-,-,-,-,-,25.20,0.00%,0
LLIVE,23.62M,-,-0.67%,-2.76%,-1.05%,1.35,0.42,1.67,2.44,32.56%,3.34%,-0.59%,Aug 13/b,7.69,0.00%,0
LLIVN,4.32B,-,7.33%,15.40%,11.32%,1.45,1.21,0.26,0.27,68.24%,15.01%,12.81%,Aug 05/b,78.47,0.38%,7
LLJAN,-,4.91%,-,-,-,-,-,-,-,-,-,-,-,24.76,0.00%,0
LLJUL,-,5.18%,-,-,-,-,-,-,-,-,-,-,-,24.00,0.00%,0
LLKFN,1.49B,3.47%,1.57%,15.00%,14.25%,0.16,-,0.01,0.10,-,31.77%,26.04%,Jul 27/b,59.93,0.00%,0
LLKFT,1.94B,-,16.62%,20.22%,18.56%,32.82,32.70,0.00,0.00,97.45%,59.54%,60.14%,Aug 10/a,29.59,0.00%,0
LLKOR,-,5.95%,-,-,-,-,-,-,-,-,-,-,-,39.86,0.00%,0
LLKQ,5.87B,5.17%,3.00%,7.16%,4.24%,1.58,0.61,0.70,0.82,35.66%,7.24%,3.40%,Jul 30/b,23.20,0.00%,0
LLKSP,199.86M,-,3.82%,4.00%,2.00%,0.58,0.58,0.00,0.00,-,-,-,-,10.23,0.00%,0
LLLDR,-,4.85%,-,-,-,-,-,-,-,-,-,-,-,42.65,0.00%,0
LLLY,1097.07B,0.59%,21.96%,102.43%,32.68%,1.35,1.00,1.41,1.62,83.40%,49.72%,33.53%,Aug 05/b,1165.41,0.04%,"3,095"
LLLYVA,8.99B,-,-22.66%,-,-,0.25,0.25,-,-,-,-,-,Aug 06,95.24,0.00%,0
LLLYVK,8.99B,-,-22.66%,-,-,0.25,0.25,-,-,-,-,-,Aug 06,98.38,0.00%,0
LLLYX,-,2.81%,-,-,-,-,-,-,-,-,-,-,-,25.04,0.36%,"1,847"
LLMAT,1.81B,1.26%,10.78%,16.77%,10.82%,15.89,13.96,0.44,0.45,71.27%,29.46%,25.02%,Aug 04/a,79.20,0.00%,0
LLMB,622.60M,-,8.09%,16.17%,11.93%,1.49,1.49,0.25,0.29,22.38%,5.65%,4.42%,Aug 04/a,52.21,0.00%,0
LLMBS,-,4.15%,-,-,-,-,-,-,-,-,-,-,-,49.15,0.00%,0
LLMND,3.69B,-,-8.57%,-26.96%,-25.69%,2.42,-,0.04,0.41,-,-13.79%,-15.99%,Jul 29/b,47.70,-0.33%,"1,180"
LLMNR,228.46M,0.60%,-14.29%,-26.47%,-17.23%,1.51,1.51,0.74,0.76,-5.83%,-21.66%,-33.44%,Sep 09/a,12.60,0.00%,0
LLMRI,1.03B,-,-,-,-,1.42,1.42,1.52,1.59,-,-,-,Aug 12/a,10.68,0.00%,0
LLMT,123.60B,2.62%,10.36%,89.16%,21.45%,1.19,1.01,2.34,2.34,12.66%,11.80%,8.16%,Jul 23/b,535.53,0.02%,"1,032"
LLMTL,-,2.16%,-,-,-,-,-,-,-,-,-,-,-,32.64,0.00%,0
LLMUB,-,4.02%,-,-,-,-,-,-,-,-,-,-,-,47.70,0.00%,0
LLNAI,10.20M,-,-201.09%,-325.46%,-,0.19,0.19,-,-,-360.71%,-46991.98%,-612568.11%,-,2.25,-2.16%,"1,032"
LLNC,7.98B,4.33%,0.61%,22.58%,13.24%,-,-,0.57,0.60,-,15.34%,10.97%,Jul 30/b,41.68,0.00%,0
LLND,359.59M,3.91%,-2.37%,-4.25%,-3.00%,1.54,0.75,0.43,0.71,31.77%,-0.42%,-9.98%,May 07/a,3.61,0.00%,0
LLNG,56.71B,0.84%,6.28%,45.06%,9.44%,0.87,0.72,3.97,4.29,31.99%,30.21%,13.15%,Aug 06/b,274.58,-0.15%,84
LLNGX,-,0.82%,-,-,-,-,-,-,-,-,-,-,-,42.88,0.00%,0
LLNKS,1.64M,-,-13.01%,-16.51%,-17.36%,4.69,3.48,0.02,0.03,9.79%,-29.19%,-29.03%,-,0.93,-2.11%,"9,208"
LLNN,1.17B,1.28%,6.64%,10.74%,8.72%,2.93,2.04,0.27,0.28,29.46%,9.95%,8.79%,Jul 02/b,115.00,0.00%,0
LLNOK,-,-,-,-,-,-,-,-,-,-,-,-,-,18.53,-2.22%,"4,437"
LLNSR,88.58M,-,22.16%,159.72%,51.23%,2.39,1.13,0.06,0.08,46.82%,-13.48%,25.74%,Aug 13/b,7.21,0.00%,0
LLNT,16.85B,3.30%,3.33%,11.14%,4.50%,0.47,0.35,1.41,1.61,24.90%,22.10%,18.45%,Jul 30/a,64.97,0.00%,0
LLNTH,6.55B,-,12.15%,22.21%,14.22%,3.06,2.89,0.48,0.48,60.14%,19.45%,17.69%,Aug 06/b,100.28,0.00%,0
LLNZA,86.39M,-,78.55%,138.69%,59.64%,2.48,2.48,0.11,0.11,37.24%,-60.96%,295.27%,Aug 14/b,6.60,8.55%,151
LLOAN,44.90M,11.20%,7.22%,11.00%,7.60%,1.31,1.31,0.45,0.45,99.87%,77.24%,58.30%,Jul 23/a,3.93,0.00%,0
LLOAR,6.06B,-,3.56%,5.84%,3.15%,4.91,3.24,0.80,0.80,45.44%,24.68%,11.60%,Aug 06/b,64.73,0.00%,0
LLOB,1.76B,0.32%,0.93%,11.75%,9.88%,1.70,-,0.08,0.08,-,15.44%,12.51%,Jul 22/a,38.02,0.00%,0
LLOBO,8.76M,-,-24.61%,-67.16%,-73.09%,1.39,0.63,0.07,0.67,13.33%,-17.46%,-23.59%,Sep 18/a,0.61,-13.37%,"368,703"
LLOCL,25.25M,-,-16.32%,-,-19.67%,1.07,0.72,-,-,-15.51%,-106.08%,-130.52%,Aug 12/b,1.08,0.00%,0
LLOCO,433.67M,-,5.74%,11.79%,6.73%,0.41,0.38,0.63,0.69,22.03%,9.81%,6.96%,Aug 06/a,14.25,0.00%,0
LLOCT,-,5.17%,-,-,-,-,-,-,-,-,-,-,-,23.90,0.00%,0
LLODE,199.10M,-,-35.70%,-54.01%,-36.58%,3.20,3.20,0.21,0.22,-694.80%,-4424.33%,-6012.27%,Jul 23/b,2.62,0.00%,0
LLODI,-,5.04%,-,-,-,-,-,-,-,-,-,-,-,25.04,0.00%,0
LLOEV,-,-,-,-,-,-,-,-,-,-,-,-,-,16.19,0.00%,0
LLOFD,-,-,-,-,-,-,-,-,-,-,-,-,-,6.33,0.00%,0
LLOFF,-,0.20%,-,-,-,-,-,-,-,-,-,-,-,17.29,0.23%,"9,308"
LLOGI,15.22B,1.57%,20.60%,35.29%,33.09%,2.31,1.95,0.03,0.04,43.94%,18.14%,16.28%,Jul 28/a,106.00,0.84%,"3,149"
LLOGO,-,-,-,-,-,-,-,-,-,-,-,-,-,20.67,0.00%,0
LLOHA,-,-,-,-,-,-,-,-,-,-,-,-,-,25.15,0.00%,0
LLOMA,1.12B,2.96%,2.24%,3.87%,3.07%,2.25,0.70,0.20,0.24,20.74%,9.08%,5.05%,Aug 06/a,9.62,0.00%,0
LLONA,59.64M,-,-306.05%,-431.39%,-419.98%,7.01,7.01,0.00,0.02,-,-,-,Aug 14/a,6.33,0.00%,0
LLONZ,-,9.09%,-,-,-,-,-,-,-,-,-,-,-,49.28,0.00%,0
LLOOP,24.64M,-,-108.17%,-,-467.56%,0.68,0.68,-,-,-67.35%,-2240.36%,-2774.60%,Jul 14/a,0.51,1.54%,16
LLOPE,3.92B,-,23.11%,30.98%,29.56%,2.82,2.82,0.13,0.16,52.53%,27.77%,19.63%,Jul 30/a,150.55,0.00%,0
LLOPP,-,0.76%,-,-,-,-,-,-,-,-,-,-,-,36.16,0.00%,0
LLOT,608.44M,-,-21.22%,-,-,0.38,0.33,-,-,8.70%,-78.97%,-89.47%,Aug 27/b,0.95,0.00%,0
LLOTI,-,2.28%,-,-,-,-,-,-,-,-,-,-,-,25.70,0.00%,0
LLOUP,-,-,-,-,-,-,-,-,-,-,-,-,-,90.24,0.00%,0
LLOVE,195.58M,-,3.46%,8.78%,4.75%,1.47,0.67,0.79,0.91,56.52%,3.25%,2.56%,Sep 10/b,13.56,0.00%,0
LLOVIU,-,-,-,-,-,-,-,-,-,-,-,-,-,-,-,0
LLOW,107.41B,2.58%,12.93%,-,21.03%,1.10,0.27,-,-,30.59%,11.29%,7.32%,Aug 19/b,191.44,0.24%,780
LLOWV,-,0.85%,-,-,-,-,-,-,-,-,-,-,-,83.47,0.00%,0
LLPA,97.95M,-,2.51%,6.80%,2.89%,1.80,1.80,1.18,1.22,83.91%,55.27%,30.97%,Aug 12/a,3.09,-1.90%,40
LLPAA,81.22M,-,3.01%,3.17%,3.12%,0.22,0.22,0.00,0.00,-,-,-,-,10.76,0.00%,0
LLPBB,311.07M,-,3.06%,3.21%,3.16%,0.11,0.11,0.00,0.00,-,-,-,-,10.82,0.00%,0
LLPCN,18.47M,-,-55.89%,-60.94%,-54.45%,11.48,11.48,0.00,0.00,96.27%,-800.82%,-755.13%,Aug 04/b,2.24,0.00%,0
LLPCV,289.37M,-,-,-,1.63%,5.64,5.64,0.00,0.00,-,-,-,-,10.06,0.00%,0
LLPG,2.49B,6.93%,17.63%,28.34%,19.16%,3.26,3.24,0.36,0.52,60.50%,52.02%,55.00%,Aug 05/b,58.16,2.68%,1
LLPL,3.04B,-,-4.78%,-20.74%,-10.45%,0.63,0.37,1.16,2.13,13.65%,2.60%,-5.25%,Jul 21/a,3.04,0.00%,"2,090"
LLPLA,26.16B,0.38%,5.40%,18.59%,7.43%,2.07,2.07,1.35,1.43,28.25%,12.77%,5.13%,Jul 30/a,332.26,0.00%,0
LLPRE,-,1.83%,-,-,-,-,-,-,-,-,-,-,-,27.54,0.00%,0
LLPSV,-,-,-,-,-,-,-,-,-,-,-,-,-,24.07,0.00%,0
LLPTH,707.37M,-,-14.91%,-19.73%,-12.25%,4.96,4.27,0.06,0.07,33.42%,-2.33%,-28.65%,Sep 10/a,10.10,-0.98%,"7,162"
LLPX,4.55B,1.80%,2.05%,3.10%,2.56%,3.22,1.66,0.21,0.22,17.99%,4.54%,2.19%,Aug 05/b,65.05,0.00%,0
LLQ,-,0.21%,-,-,-,-,-,-,-,-,-,-,-,24.35,0.00%,0
LLQAI,-,0.89%,-,-,-,-,-,-,-,-,-,-,-,47.27,0.00%,0
LLQD,-,4.77%,-,-,-,-,-,-,-,-,-,-,-,105.10,0.01%,"50,025"
LLQDA,5.99B,-,35.57%,131.82%,42.89%,2.31,2.12,0.66,0.94,92.30%,37.39%,30.74%,Aug 12/b,66.88,0.68%,1
LLQDB,-,4.86%,-,-,-,-,-,-,-,-,-,-,-,84.02,0.00%,0
LLQDD,-,-,-,-,-,-,-,-,-,-,-,-,-,50.84,0.00%,0
LLQDH,-,5.80%,-,-,-,-,-,-,-,-,-,-,-,93.06,0.00%,0
LLQDI,-,4.77%,-,-,-,-,-,-,-,-,-,-,-,25.45,0.00%,0
LLQDM,-,4.15%,-,-,-,-,-,-,-,-,-,-,-,23.57,0.00%,0
LLQDT,1.34B,-,8.39%,14.96%,13.57%,1.57,1.48,0.04,0.06,45.47%,9.00%,6.79%,Aug 06/b,42.83,0.00%,0
LLQDU,-,-,-,-,-,-,-,-,-,-,-,-,-,24.26,0.00%,0
LLQDW,-,11.65%,-,-,-,-,-,-,-,-,-,-,-,23.08,0.00%,0
LLQID,-,1.77%,-,-,-,-,-,-,-,-,-,-,-,24.81,0.00%,0
LLQTI,-,9.39%,-,-,-,-,-,-,-,-,-,-,-,18.52,0.00%,0
LLRCC,-,-,-,-,-,-,-,-,-,-,-,-,-,16.36,0.00%,0
LLRCU,-,-,-,-,-,-,-,-,-,-,-,-,-,45.77,-1.87%,"3,359"
LLRCX,375.07B,0.40%,32.38%,65.07%,44.04%,2.63,1.91,0.32,0.33,50.47%,35.29%,31.27%,Jul 29/a,299.74,-0.84%,"37,332"
LLRE,14.87M,-,4.73%,26.51%,10.17%,1.22,0.13,1.35,4.03,20.61%,9.14%,5.70%,-,1.09,0.00%,0
LLRGC,-,0.52%,-,-,-,-,-,-,-,-,-,-,-,86.80,0.00%,0
LLRGE,-,0.11%,-,-,-,-,-,-,-,-,-,-,-,91.07,0.00%,0
LLRGF,-,1.05%,-,-,-,-,-,-,-,-,-,-,-,78.95,0.00%,0
LLRGG,-,0.15%,-,-,-,-,-,-,-,-,-,-,-,30.12,0.00%,0
LLRHC,1.33M,-,-131.49%,-856.84%,-356.15%,1.35,1.35,-,-,12.10%,-18.55%,-59.68%,-,2.35,-3.46%,282
LLRMR,423.03M,-,-109.49%,-139.63%,-131.62%,4.70,4.70,0.03,0.04,-,-,-,Aug 04/b,4.07,6.32%,2
LLRN,3.30B,-,14.30%,21.74%,15.99%,5.94,5.81,0.30,0.33,37.03%,18.12%,13.43%,Aug 04/a,79.50,0.00%,0
LLRND,-,0.39%,-,-,-,-,-,-,-,-,-,-,-,48.09,0.00%,0
LLRNX,-,-,-,-,-,-,-,-,-,-,-,-,-,21.06,0.00%,0
LLRNZ,-,-,-,-,-,-,-,-,-,-,-,-,-,67.92,0.00%,0
LLSAF,-,0.56%,-,-,-,-,-,-,-,-,-,-,-,54.75,0.00%,0
LLSAK,358.74M,-,0.44%,1.11%,0.60%,1.59,1.47,0.75,0.90,25.44%,2.61%,0.42%,Sep 09/a,4.18,0.00%,0
LLSAT,-,1.62%,-,-,-,-,-,-,-,-,-,-,-,45.58,0.00%,0
LLSBK,143.80M,1.97%,1.14%,7.06%,5.80%,0.24,-,0.00,0.00,-,25.22%,20.76%,Jul 22/a,18.31,0.00%,0
LLSCC,16.49B,-,4.07%,4.93%,4.43%,3.02,2.33,0.04,0.05,63.35%,8.47%,5.58%,Aug 04/a,116.07,-1.00%,"1,369"
LLSCP,-,0.89%,-,-,-,-,-,-,-,-,-,-,-,24.38,0.00%,0
LLSE,84.27M,-,0.06%,0.10%,0.09%,2.39,2.12,0.01,0.08,21.52%,6.94%,0.10%,-,4.95,1.02%,419
LLSEQ,-,1.81%,-,-,-,-,-,-,-,-,-,-,-,33.54,0.00%,0
LLSF,40.63M,-,-3.36%,-4.14%,-2.24%,3.05,1.73,0.02,0.03,32.31%,-4.03%,-4.74%,Aug 13/a,3.63,0.00%,0
LLSGR,-,-,-,-,-,-,-,-,-,-,-,-,-,45.96,0.00%,0
LLSPD,1.27B,-,-5.92%,-6.65%,-6.93%,3.44,3.35,0.01,0.01,33.32%,-8.65%,-7.81%,Jul 30/b,9.56,0.00%,0
LLST,-,1.13%,-,-,-,-,-,-,-,-,-,-,-,47.87,0.00%,0
LLSTA,13.82M,-,-80.81%,-99.89%,-177.35%,3.69,3.69,0.00,0.00,36.00%,-16427.00%,-14621.00%,-,1.53,-1.73%,385
LLSTB,-,1.00%,-,-,-,-,-,-,-,-,-,-,-,24.43,0.00%,0
LLSTR,5.77B,1.48%,7.65%,14.98%,14.98%,1.82,1.82,0.05,0.17,13.34%,3.92%,2.64%,Jul 28/a,169.88,-0.26%,"1,148"
LLSVD,-,0.26%,-,-,-,-,-,-,-,-,-,-,-,36.80,0.00%,0
LLTAX,-,2.44%,-,-,-,-,-,-,-,-,-,-,-,24.02,0.00%,0
LLTBR,254.34M,-,-13.77%,-13.91%,-9.80%,116.56,116.56,0.00,0.00,-,-,-,Aug 05/a,6.79,0.00%,141
LLTC,2.31B,5.32%,6.78%,12.11%,6.58%,63.27,63.27,0.61,0.61,58.63%,36.17%,38.53%,Aug 05/a,42.88,0.00%,0
LLTCC,-,-,-,-,-,-,-,-,-,-,-,-,-,15.16,0.00%,0
LLTGO,1.40B,-,-,-,-,1.15,1.15,0.05,2.50,-,-,-,Sep 03/a,21.11,0.00%,0
LLTGR,228.85M,-,-,-,-,11.20,11.20,0.00,0.00,-,-,-,-,9.95,0.00%,0
LLTH,8.92B,-,5.20%,13.45%,5.57%,0.66,0.56,1.26,1.29,36.36%,17.20%,13.04%,Jul 30/b,39.91,0.00%,0
LLTL,-,0.95%,-,-,-,-,-,-,-,-,-,-,-,25.70,0.00%,0
LLTM,15.38B,1.97%,8.63%,107.34%,15.61%,0.66,0.59,4.02,4.51,26.38%,15.17%,9.85%,Aug 05/b,53.56,0.47%,107
LLTPZ,-,6.51%,-,-,-,-,-,-,-,-,-,-,-,47.62,0.00%,0
LLTRN,18.80M,-,-143.36%,-400.92%,-,1.96,1.96,-,-,-,-,-,Aug 14/b,1.47,-2.00%,897
LLTRX,288.64M,-,-2.94%,-4.32%,-3.32%,3.66,2.86,0.06,0.07,41.83%,-2.68%,-3.46%,Aug 26/a,6.18,0.00%,0
LLTTI,-,9.58%,-,-,-,-,-,-,-,-,-,-,-,17.34,0.00%,0
LLU,1.01B,-,-1.11%,-2.76%,-1.43%,1.29,1.29,0.91,1.08,78.37%,-4.81%,-7.92%,-,1.20,3.45%,"8,770"
LLUCD,171.76M,-,-134.66%,-556.27%,-457.21%,1.33,1.30,0.05,2.28,-37.78%,-930.85%,-1193.87%,Aug 13/b,0.85,0.00%,0
LLUCK,740.26M,4.42%,-1.12%,-,-1.21%,0.50,0.42,-,-,24.68%,12.76%,-3.74%,Aug 27/b,5.43,0.00%,0
LLUCY,8.18M,-,-79.21%,-84.58%,-111.35%,12.06,8.10,0.00,0.01,22.79%,-249.03%,-225.28%,Aug 14/b,0.95,0.00%,0
LLUD,93.48M,-,-,-,-,-,-,-,-,-,-,-,May 15/b,4.12,0.00%,0
LLULG,-,-,-,-,-,-,-,-,-,-,-,-,-,4.26,0.68%,"4,680"
LLULU,11.79B,-,17.72%,30.90%,21.60%,2.19,1.24,0.37,0.45,56.04%,18.03%,12.78%,Sep 03/a,101.78,0.47%,"7,503"
LLUMA,-,-,-,-,-,-,-,-,-,-,-,-,-,26.19,0.00%,0
LLUMN,6.66B,-,-3.21%,-,-8.78%,0.91,0.88,-,-,25.14%,-3.10%,-8.65%,Aug 04/a,6.46,0.00%,"10,227"
LLUNG,85.47M,-,-36.74%,-88.87%,-51.17%,4.32,3.52,1.40,1.43,76.71%,-52.96%,-55.03%,Jul 29/a,1.99,0.00%,0
LLUNL,-,-,-,-,-,-,-,-,-,-,-,-,-,3.92,-5.08%,"18,263"
LLUNR,3.58B,-,-11.05%,-,-107.92%,1.66,1.43,-,-,10.19%,-19.62%,-26.77%,Aug 13/b,15.66,-0.38%,"117,375"
LLUV,20.55B,1.87%,2.85%,11.11%,7.27%,0.49,0.42,0.63,0.97,18.89%,4.33%,2.79%,Jul 22/a,42.00,0.55%,"1,815"
LLUXE,1.34B,-,-7.01%,-12.05%,-12.53%,2.20,0.79,0.12,0.15,44.18%,-5.52%,-6.71%,Sep 16/b,9.57,-0.93%,10
LLVDS,-,0.94%,-,-,-,-,-,-,-,-,-,-,-,59.71,0.00%,0
LLVHD,-,3.50%,-,-,-,-,-,-,-,-,-,-,-,42.60,0.00%,0
LLVHI,-,3.86%,-,-,-,-,-,-,-,-,-,-,-,42.45,-0.09%,3
LLVIG,-,-,-,-,-,-,-,-,-,-,-,-,-,96.98,0.00%,0
LLVLN,-,5.43%,-,-,-,-,-,-,-,-,-,-,-,24.89,0.00%,0
LLVLU,32.48M,-,-8.84%,-602.91%,-125.61%,0.54,0.13,-,-,45.12%,-2.55%,-3.17%,Aug 12/a,11.31,0.00%,0
LLVO,44.70M,-,-40.88%,-,-,0.62,0.60,-,-,14.87%,-19.57%,-27.15%,Aug 12/b,3.26,0.00%,0
LLVS,26.11B,2.85%,8.27%,134.29%,12.10%,1.00,0.99,23.57,26.27,37.43%,23.40%,12.59%,Jul 22/a,40.31,0.12%,8
LLVWR,314.28M,-,-64.43%,-160.16%,-82.41%,4.16,3.41,6.47,6.49,41.48%,-163.20%,-234.48%,Jul 23/b,1.53,0.00%,212
LLW,6.50B,3.59%,3.93%,16.28%,5.26%,1.42,0.71,2.02,2.21,19.47%,10.20%,4.39%,Oct 06/b,47.30,0.02%,582
LLWAC,312.48M,-,3.36%,3.49%,3.43%,1.84,1.84,0.00,0.00,-,-,-,-,10.39,0.00%,0
LLWAY,357.27M,-,9.43%,13.32%,10.17%,2.09,1.47,0.26,0.27,25.41%,6.49%,4.48%,Aug 13/b,23.65,0.00%,0
LLWLG,837.15M,-,-32.54%,-34.36%,-21.46%,62.82,62.82,0.02,0.02,-764.24%,-9688.21%,-9134.42%,Aug 11/b,5.43,-0.91%,"1,655"
LLWLX,-,-,-,-,-,-,-,-,-,-,-,-,-,12.50,0.00%,0
LLX,100.77M,6.51%,4.56%,8.68%,7.20%,2.09,2.08,0.15,0.31,70.66%,11.64%,7.89%,Aug 31/b,0.76,-1.16%,834
LLXEH,2.66M,-,-31.90%,-57.33%,-74.68%,0.25,0.25,0.06,0.67,-13.17%,-102.41%,-376.23%,-,1.42,0.00%,0
LLXEO,334.75M,-,-40.50%,-46.76%,-36.48%,13.89,13.89,0.02,0.03,-,-,-,Aug 12/b,4.08,0.00%,0
LLXFR,465.31M,3.02%,2.84%,4.87%,2.77%,2.33,1.05,0.30,0.31,24.83%,10.46%,2.20%,Jul 28/a,17.24,0.00%,0
LLXP,3.59B,4.63%,1.80%,3.21%,1.94%,2.25,2.25,0.71,0.71,26.35%,14.85%,16.73%,Jul 29/b,60.86,0.00%,0
LLXRX,907.71M,-,-25.70%,-40.21%,-26.33%,13.37,13.29,0.33,0.34,97.98%,-131.43%,-147.38%,Aug 06/b,2.04,0.00%,0
LLXU,751.65M,-,3.12%,7.10%,3.62%,2.43,1.99,0.88,0.91,17.32%,9.48%,5.58%,Jul 29/a,10.44,0.00%,0
LLYB,19.43B,5.21%,-0.74%,-2.29%,-1.52%,1.64,1.07,1.17,1.33,13.30%,7.82%,-1.15%,Jul 31/b,60.14,-0.17%,121
LLYEL,267.84M,-,-71.34%,-93.28%,-91.77%,5.36,5.36,0.16,0.20,-35148.15%,-729281.48%,-920285.19%,Aug 12/a,10.93,0.00%,0
LLYFT,5.80B,-,39.59%,152.58%,68.21%,0.59,0.59,0.39,0.43,38.02%,-1.67%,42.32%,Aug 06/a,15.31,0.26%,647
LLYG,84.67B,4.28%,0.49%,11.56%,3.10%,2.12,-,2.75,3.89,-,36.04%,23.02%,Jul 30/b,5.86,-0.51%,"1,499"
LLYLD,-,2.15%,-,-,-,-,-,-,-,-,-,-,-,32.55,0.00%,0
LLYNX,1.55B,-,-,-,-,-,-,-,-,-,-,-,Sep 02,13.33,0.00%,0
LLYTE,-,-,-,-,-,-,-,-,-,-,-,-,-,26.11,-2.43%,"29,167"
LLYTS,770.94M,0.97%,3.59%,7.64%,3.50%,1.97,1.22,0.79,0.85,25.14%,7.01%,3.28%,Aug 20/b,20.69,0.00%,0
LLYV,39.86B,-,-1.01%,-116.65%,-3.07%,0.85,0.85,100.99,137.04,23.16%,5.60%,-0.98%,Jul 30/a,169.18,0.00%,0
LLZ,1.02B,-,3.34%,10.49%,12.28%,0.65,0.65,0.08,0.12,63.44%,4.41%,2.13%,Aug 05/a,5.95,0.00%,0
LLZB,1.19B,3.40%,4.16%,8.03%,5.56%,1.66,1.14,0.45,0.53,44.64%,6.65%,3.86%,Aug 18/a,29.70,0.00%,0
LLZM,353.36M,-,-12.99%,-24.73%,-17.78%,0.67,0.66,0.38,0.90,-28.49%,-849.79%,-966.75%,Jul 29/b,3.93,0.00%,0
LLZMH,9.50M,-,-,-,-,1.13,-,0.03,0.43,-,-,-,-,1.21,-0.41%,582
MM,5.79B,3.31%,4.80%,15.99%,7.49%,1.59,0.48,1.03,1.03,38.87%,4.28%,3.29%,Sep 10/b,22.16,-0.14%,"1,192"
MMA,498.10B,0.63%,29.80%,241.49%,58.49%,1.06,1.06,3.95,4.39,96.60%,59.19%,46.27%,Jul 30/b,568.61,0.17%,179
MMAA,14.14B,5.16%,3.38%,7.09%,4.14%,0.09,0.09,0.79,1.05,29.51%,27.78%,18.00%,Jul 29/a,118.86,0.00%,0
MMAAS,6.91B,-,-,-,-,53.07,6.39,0.00,0.01,-,-,-,-,15.86,0.00%,0
MMAAY,-,215.09%,-,-,-,-,-,-,-,-,-,-,-,5.14,0.00%,0
MMAC,6.66B,3.05%,-4.54%,-14.47%,-5.60%,0.25,0.25,1.48,1.76,-1.80%,-5.66%,-30.25%,Aug 04/a,22.58,0.00%,0
MMACI,105.48M,-,3.61%,3.87%,9.90%,0.70,0.70,0.00,0.11,-,-,-,-,11.05,0.00%,0
MMADE,-,0.64%,-,-,-,-,-,-,-,-,-,-,-,35.38,0.00%,0
MMAGA,-,1.50%,-,-,-,-,-,-,-,-,-,-,-,54.96,0.00%,0
MMAGC,-,5.27%,-,-,-,-,-,-,-,-,-,-,-,18.51,0.00%,0
MMAGG,-,4.94%,-,-,-,-,-,-,-,-,-,-,-,19.58,0.00%,0
MMAGN,423.51M,-,-2.82%,-10.43%,-3.78%,2.45,1.57,1.91,1.93,10.63%,4.38%,-3.41%,Aug 05/a,11.83,0.00%,0
MMAGS,-,1.33%,-,-,-,-,-,-,-,-,-,-,-,73.20,0.32%,"156,108"
MMAGX,-,1.84%,-,-,-,-,-,-,-,-,-,-,-,63.75,0.02%,962
MMAGY,-,33.32%,-,-,-,-,-,-,-,-,-,-,-,43.35,0.00%,0
MMAIA,80.30M,-,-136.67%,-218.68%,-129.84%,4.51,4.51,0.00,0.00,-,-,-,Aug 11,1.32,-0.75%,"1,128"
MMAIN,5.28B,7.40%,8.04%,14.92%,9.08%,0.13,0.13,0.57,0.80,100.00%,90.77%,66.18%,Aug 06/a,56.44,0.28%,440
MMAIR,12.11B,-,-,-,-,1.82,1.21,0.87,0.87,-,-,-,Jul 30/b,24.13,0.00%,0
MMAKO,889.24M,-,23.82%,36.63%,24.00%,3.11,2.35,0.15,0.22,47.58%,40.67%,25.11%,-,10.15,0.00%,0
MMAKX,-,0.14%,-,-,-,-,-,-,-,-,-,-,-,66.88,0.00%,0
MMAMA,636.49M,-,5.85%,7.51%,4.17%,6.93,6.48,0.06,0.08,24.25%,5.17%,3.54%,Sep 03/a,13.50,0.00%,0
MMAMB,-,2.70%,-,-,-,-,-,-,-,-,-,-,-,23.66,0.00%,0
MMAMO,38.31M,-,8.11%,17.93%,13.87%,1.85,0.67,0.19,0.35,42.98%,7.87%,6.04%,-,0.92,0.00%,0
MMAN,2.63B,2.80%,1.23%,5.08%,3.53%,1.04,1.04,0.40,0.67,16.24%,1.84%,0.56%,Jul 16/b,56.55,0.00%,0
MMANE,4.71B,-,-,-,-,70.53,70.53,0.00,0.00,-,-,-,Aug 11/b,112.80,0.00%,27
MMANH,12.19B,-,29.13%,96.38%,99.45%,0.95,0.95,0.34,0.34,55.22%,25.06%,18.67%,Jul 28/a,209.11,-0.11%,522
MMANI,-,4.56%,-,-,-,-,-,-,-,-,-,-,-,26.25,0.00%,0
MMANU,3.44B,-,-1.18%,-9.96%,-2.76%,0.37,0.35,2.75,4.21,0.22%,0.07%,-2.67%,Sep 23/b,19.94,-2.30%,32
MMAR,89.40B,0.84%,9.33%,-,20.23%,0.53,0.53,-,-,19.13%,15.73%,9.62%,Aug 03/b,342.83,0.05%,242
MMARA,5.08B,-,-57.26%,-107.12%,-95.00%,0.89,0.89,1.19,1.49,-75.61%,-122.80%,-429.71%,Aug 06/a,13.15,-0.98%,"147,062"
MMARM,-,-,-,-,-,-,-,-,-,-,-,-,-,34.56,0.00%,0
MMARO,-,177.21%,-,-,-,-,-,-,-,-,-,-,-,4.51,0.22%,"4,953"
MMARPS,9.00M,7.60%,65.62%,65.62%,66.73%,-,-,0.00,0.00,-,65.24%,65.24%,-,4.50,0.00%,0
MMARS,-,-,-,-,-,-,-,-,-,-,-,-,-,26.35,0.46%,148
MMART,-,-,-,-,-,-,-,-,-,-,-,-,-,43.19,0.00%,0
MMARU,-,-,-,-,-,-,-,-,-,-,-,-,-,30.38,0.00%,0
MMARW,-,-,-,-,-,-,-,-,-,-,-,-,-,36.88,0.00%,0
MMARZ,-,3.00%,-,-,-,-,-,-,-,-,-,-,-,37.63,0.00%,0
MMAS,13.49B,1.87%,16.54%,-,28.28%,1.86,1.22,-,-,36.93%,17.70%,11.60%,Jul 29/b,68.41,0.99%,51
MMASK,3.33M,-,2.12%,3.22%,3.62%,3.01,3.01,0.18,0.18,50.71%,8.91%,6.75%,-,0.92,4.25%,473
MMASS,449.71M,-,-17.61%,-24.88%,-26.45%,2.67,2.38,0.03,0.03,48.76%,-35.42%,-56.68%,Aug 11/b,10.88,0.00%,0
MMAT,3.77B,-,6.78%,20.50%,9.16%,1.90,1.26,1.34,1.37,47.13%,8.68%,7.79%,Aug 04/a,13.21,0.99%,126
MMATE,-,-,-,-,-,-,-,-,-,-,-,-,-,32.36,0.00%,0
MMATH,47.58M,-,0.35%,2.87%,2.41%,1.12,1.12,0.00,0.01,-,-,-,-,1.01,0.00%,0
MMATR,-,2.74%,-,-,-,-,-,-,-,-,-,-,-,28.30,0.00%,0
MMATV,673.32M,3.28%,4.36%,19.99%,5.94%,1.98,0.95,2.17,2.20,16.15%,4.05%,4.46%,Aug 05/a,12.20,0.00%,0
MMATW,617.40M,5.16%,-1.83%,-5.87%,-2.69%,1.76,1.02,1.25,1.29,36.25%,-1.47%,-2.65%,Aug 06/a,19.78,0.00%,0
MMATX,7.02B,0.62%,10.09%,17.21%,15.13%,0.89,0.82,0.11,0.12,23.02%,14.36%,13.41%,Aug 03/a,234.72,0.00%,0
MMAUG,-,-,-,-,-,-,-,-,-,-,-,-,-,33.50,0.00%,0
MMAVF,-,0.22%,-,-,-,-,-,-,-,-,-,-,-,140.47,0.00%,0
MMAX,661.04M,-,31.91%,789.17%,49.11%,1.29,1.29,5.97,6.22,14.55%,7.06%,7.94%,Jul 29/a,10.79,0.00%,0
MMAXI,-,22.73%,-,-,-,-,-,-,-,-,-,-,-,16.85,0.00%,0
MMAXJ,-,0.73%,-,-,-,-,-,-,-,-,-,-,-,29.52,0.00%,0
MMAYC,-,-,-,-,-,-,-,-,-,-,-,-,-,26.30,0.00%,0
MMAYM,-,-,-,-,-,-,-,-,-,-,-,-,-,33.30,0.00%,0
MMAYP,-,-,-,-,-,-,-,-,-,-,-,-,-,33.40,0.00%,0
MMAYS,82.34M,-,-1.29%,-2.20%,-1.44%,1.35,1.35,0.55,0.60,15.89%,-7.74%,-5.37%,-,40.85,0.00%,0
MMAYT,-,-,-,-,-,-,-,-,-,-,-,-,-,40.18,0.00%,0
MMAYU,-,-,-,-,-,-,-,-,-,-,-,-,-,34.92,0.00%,0
MMAYW,-,-,-,-,-,-,-,-,-,-,-,-,-,35.62,0.00%,0
MMAYZ,-,1.94%,-,-,-,-,-,-,-,-,-,-,-,37.05,0.00%,0
MMAZE,1.24B,-,-31.99%,-37.35%,-26.26%,18.31,18.31,0.12,0.13,90.47%,-728.06%,-667.95%,Aug 11/a,22.39,0.00%,0
MMB,68.79M,-,-17.11%,-137.98%,-31.80%,1.55,1.38,2.48,4.45,5.27%,-4.99%,-11.44%,-,4.01,-0.99%,4
MMBAI,94.97M,-,-,-,120.45%,0.05,0.05,0.00,0.01,-,-,-,-,6.21,0.00%,0
MMBB,-,4.41%,-,-,-,-,-,-,-,-,-,-,-,91.59,0.00%,0
MMBBA,-,3.07%,-,-,-,-,-,-,-,-,-,-,-,47.92,0.00%,0
MMBBB,-,5.23%,-,-,-,-,-,-,-,-,-,-,-,20.72,0.00%,0
MMBBC,46.02M,-,0.72%,3.82%,2.63%,0.16,-,0.42,0.42,-,16.82%,14.13%,-,15.29,0.00%,0
MMBC,1.39B,-,-2.61%,-5.82%,-2.70%,1.76,1.04,0.82,0.86,25.59%,-0.59%,-3.49%,Aug 04/a,6.82,0.00%,0
MMBCE,-,0.24%,-,-,-,-,-,-,-,-,-,-,-,38.65,0.00%,0
MMBGL,5.66B,0.31%,-,-,-,1.88,1.88,0.20,0.20,-,-,-,Aug 07/b,19.20,0.00%,0
MMBI,228.55M,-,-6.96%,-,-11.70%,1.43,-,-,-,-,50.00%,-154.26%,Aug 06/a,4.48,-1.32%,5
MMBIN,2.40B,0.87%,1.33%,11.73%,10.80%,0.06,-,0.04,1.80,-,23.98%,17.01%,Jul 28/a,52.35,0.00%,0
MMBIO,4.17M,-,-21.17%,-58.12%,-40.20%,1.97,1.97,0.00,0.00,-,-,-,-,0.55,0.00%,0
MMBLY,6.79B,-,-37.93%,-40.07%,-49.48%,4.60,3.92,0.00,0.00,45.63%,-19.20%,-201.49%,Jul 23/b,7.99,0.00%,"2,932"
MMBND,-,3.62%,-,-,-,-,-,-,-,-,-,-,-,26.00,0.00%,0
MMBOT,91.34M,-,-30.68%,-32.91%,-23.52%,18.56,17.82,0.01,0.01,-198.84%,-5348.84%,-4722.25%,Aug 18,1.36,0.74%,"11,100"
MMBOX,-,1.86%,-,-,-,-,-,-,-,-,-,-,-,41.33,0.00%,0
MMBRX,10.69M,-,-142.11%,-1371.64%,-258.45%,0.94,0.94,0.01,0.03,-,-,-,Aug 14/b,0.55,5.56%,"4,312"
MMBS,-,5.65%,-,-,-,-,-,-,-,-,-,-,-,8.40,0.00%,0
MMBSD,-,4.19%,-,-,-,-,-,-,-,-,-,-,-,20.15,0.00%,0
MMBSF,-,4.28%,-,-,-,-,-,-,-,-,-,-,-,25.68,0.00%,0
MMBSX,-,2.22%,-,-,-,-,-,-,-,-,-,-,-,26.66,0.00%,0
MMBUU,464.99M,-,0.19%,0.32%,0.24%,1.43,0.60,0.33,0.34,15.10%,1.33%,0.18%,Aug 27/b,23.63,0.00%,0
MMBVI,441.17M,-,5.66%,5.95%,2.97%,2.81,2.81,0.00,0.00,-,-,-,-,10.23,0.00%,0
MMBWM,1.03B,2.64%,1.46%,13.73%,8.51%,0.07,-,0.48,0.92,-,29.67%,24.75%,Jul 21/b,59.67,0.00%,0
MMBX,2.93B,-,-31.25%,-33.17%,-25.30%,18.08,18.08,0.01,0.01,-,-,-,Aug 06/b,60.94,0.00%,0
MMC,4.91B,4.29%,16.60%,44.68%,30.30%,0.63,0.63,0.49,0.52,-,18.42%,14.50%,Jul 29/a,60.56,0.00%,0
MMCAH,86.77M,-,-,-,-,0.16,0.16,0.00,0.01,-,-,-,-,10.02,0.00%,0
MMCB,1.11B,1.29%,1.04%,10.24%,8.62%,0.00,-,0.04,0.04,-,22.23%,15.58%,Jul 21/a,89.26,-0.01%,132
MMCBS,1.01B,3.20%,1.97%,15.94%,13.80%,0.25,-,0.02,0.69,-,40.31%,28.40%,Jul 24/a,34.97,0.00%,0
MMCD,176.10B,3.01%,14.71%,-,16.62%,1.08,1.07,-,-,57.38%,45.72%,31.72%,Aug 04/b,248.85,0.39%,"11,039"
MMCDS,-,1.06%,-,-,-,-,-,-,-,-,-,-,-,66.27,0.00%,0
MMCFT,479.00M,-,-0.40%,-0.57%,-0.44%,1.56,0.72,0.00,0.00,21.52%,2.62%,-0.48%,Sep 10/b,19.68,0.00%,0
MMCGA,244.07M,-,1.67%,1.73%,1.72%,0.14,0.14,0.00,0.00,-,-,-,-,10.35,0.00%,0
MMCH,-,1.76%,-,-,-,-,-,-,-,-,-,-,-,28.26,0.00%,0
MMCHB,3.53B,11.07%,1.95%,18.19%,9.70%,0.04,-,0.08,0.11,-,26.52%,27.34%,Jul 29/b,15.27,0.00%,0
MMCHG,-,-,-,-,-,-,-,-,-,-,-,-,-,7.49,0.00%,0
MMCHI,-,2.03%,-,-,-,-,-,-,-,-,-,-,-,54.03,0.06%,"1,933"
MMCHP,40.40B,2.53%,3.26%,7.19%,4.05%,1.92,1.11,0.83,0.84,47.42%,16.23%,7.17%,Aug 06/a,74.40,-0.51%,"10,092"
MMCHS,-,1.93%,-,-,-,-,-,-,-,-,-,-,-,40.94,0.00%,0
MMCHU,-,-,-,-,-,-,-,-,-,-,-,-,-,13.27,0.00%,0
MMCHX,61.63M,-,-13.74%,-17.91%,-18.78%,2.21,2.21,0.00,0.02,61.21%,-8.34%,-12.44%,Aug 12/a,1.39,0.00%,0
MMCI,-,8.46%,-,-,-,-,-,-,-,-,-,-,-,18.92,0.00%,0
MMCK,103.35B,0.37%,5.41%,-,78.20%,0.89,0.52,-,-,3.43%,1.63%,1.12%,Aug 05/a,886.47,0.00%,6
MMCN,113.99M,13.26%,-,-,-,-,-,-,-,-,-,-,-,5.43,0.00%,0
MMCO,80.92B,0.81%,18.53%,80.15%,28.28%,1.15,1.15,2.27,2.49,68.82%,46.00%,34.25%,Jul 22/b,467.22,0.00%,0
MMCOW,-,0.26%,-,-,-,-,-,-,-,-,-,-,-,21.72,0.00%,0
MMCRB,41.65M,-,-18.31%,-66.57%,-28.31%,2.11,2.11,1.30,1.64,-83.17%,-4095.43%,-1192.94%,Aug 05/b,4.19,2.95%,3
MMCRI,2.15B,1.00%,15.85%,20.54%,19.48%,1.21,1.15,0.02,0.02,46.89%,26.48%,20.40%,Jul 20/a,119.86,0.00%,0
MMCRP,30.35M,-,-,-,-,-,-,-,-,-,-,-,-,0.87,0.13%,440
MMCS,837.11M,1.19%,2.25%,5.01%,2.99%,0.44,0.44,0.66,0.70,28.51%,4.76%,2.87%,Jul 30/b,27.78,0.00%,0
MMCVT,-,0.12%,-,-,-,-,-,-,-,-,-,-,-,27.59,0.00%,0
MMCY,5.56B,1.27%,9.76%,38.99%,24.67%,0.84,-,0.34,0.34,-,18.78%,14.77%,Aug 04/a,100.34,0.00%,0
MMD,2.09B,-,8.26%,20.39%,13.42%,1.32,1.32,0.48,0.70,25.05%,12.34%,8.96%,Aug 04/b,25.77,0.00%,0
MMDA,5.15B,-,3.09%,6.75%,4.83%,0.75,0.72,0.19,0.20,18.81%,5.49%,5.66%,Aug 07/b,31.76,-0.09%,105
MMDAA,-,0.39%,-,-,-,-,-,-,-,-,-,-,-,118.07,0.00%,0
MMDAI,53.42M,-,-59.24%,-,-,0.90,0.85,-,-,41.51%,-79.95%,-69.27%,Aug 11/a,1.66,0.00%,320
MMDB,32.95B,-,1.61%,1.99%,1.95%,4.66,4.66,0.01,0.02,72.55%,-0.54%,2.12%,Sep 01/a,409.07,0.43%,"4,121"
MMDBH,27.87M,-,-39.31%,-40.29%,-45.26%,10.52,10.52,0.00,0.01,-,-233.99%,-323.54%,Aug 13/a,2.67,0.00%,0
MMDCR,-,-,-,-,-,-,-,-,-,-,-,-,-,33.06,0.00%,0
MMDCX,10.33M,-,-233.02%,-5705.59%,-283.63%,1.57,1.57,-,-,-,-,-,Aug 12/a,0.16,-4.33%,"76,214"
MMDEV,-,0.11%,-,-,-,-,-,-,-,-,-,-,-,20.59,0.00%,0
MMDGL,12.06B,-,-28.77%,-53.31%,-37.35%,3.20,2.94,0.66,0.66,91.36%,-25.13%,-25.32%,Jul 30/b,521.96,0.00%,0
MMDIA,94.10M,-,-23.23%,-108.36%,-65.52%,0.22,0.22,2.63,5.47,-12.10%,-13.80%,-48.92%,-,1.12,-1.75%,5
MMDIV,-,7.01%,-,-,-,-,-,-,-,-,-,-,-,16.34,0.00%,0
MMDLN,42.03B,0.13%,1.83%,4.86%,2.87%,4.33,2.61,1.08,1.09,23.85%,6.50%,2.31%,Aug 05/b,31.97,0.03%,"1,338"
MMDLV,-,2.74%,-,-,-,-,-,-,-,-,-,-,-,31.00,0.00%,0
MMDLZ,76.65B,3.43%,4.94%,13.31%,8.04%,0.60,0.40,0.64,0.83,35.01%,15.84%,8.86%,Jul 28/a,60.06,-0.18%,"2,890"
MMDPL,-,1.42%,-,-,-,-,-,-,-,-,-,-,-,28.78,0.00%,0
MMDRR,26.25M,2.29%,11.35%,41.05%,23.10%,1.77,1.77,0.38,0.39,47.61%,16.90%,80.24%,-,11.88,0.00%,0
MMDST,-,9.30%,-,-,-,-,-,-,-,-,-,-,-,29.03,0.00%,0
MMDT,117.19B,3.07%,5.68%,10.66%,6.90%,2.07,1.54,0.51,0.56,60.56%,19.93%,13.93%,Sep 01/b,91.61,-0.15%,113
MMDU,3.90B,3.14%,2.66%,6.89%,3.58%,0.99,0.95,0.88,0.88,23.12%,16.98%,10.75%,Aug 06/b,18.56,0.00%,1
MMDWD,171.84M,-,-29.06%,-72.37%,-45.60%,2.32,2.09,0.24,0.27,15.46%,-271.59%,-170.10%,Aug 13/b,13.31,0.00%,0
MMDXG,701.11M,-,2.18%,2.88%,2.69%,5.33,4.79,0.07,0.08,78.61%,2.46%,1.76%,Jul 29/a,4.81,0.00%,0
MMDXH,50.55M,-,-25.87%,-2440.41%,-50.70%,1.15,0.98,-,-,59.15%,-19.01%,-33.46%,Aug 13/a,0.53,-11.70%,78
MMDY,-,1.05%,-,-,-,-,-,-,-,-,-,-,-,668.33,0.00%,0
MMDYG,-,0.67%,-,-,-,-,-,-,-,-,-,-,-,105.55,0.00%,0
MMDYV,-,1.74%,-,-,-,-,-,-,-,-,-,-,-,90.90,0.00%,0
MMEAR,-,2.83%,-,-,-,-,-,-,-,-,-,-,-,49.93,0.00%,0
MMEC,435.29M,-,-3.39%,-6.05%,-3.58%,1.70,0.92,0.49,0.51,7.14%,-1.17%,-2.95%,Aug 04/a,17.07,0.00%,0
MMED,137.08M,-,-9.67%,-12.42%,-11.70%,4.86,4.35,0.11,0.14,69.24%,-5.46%,-8.08%,Aug 03/a,12.26,0.00%,0
MMEDI,-,0.04%,-,-,-,-,-,-,-,-,-,-,-,33.13,0.00%,0
MMEDP,17.42B,-,27.09%,162.15%,88.72%,0.73,0.73,0.28,0.33,27.76%,20.97%,17.67%,Jul 22/a,624.20,0.00%,0
MMEDS,13.87M,-,-202.97%,-927.67%,-,0.14,0.10,-,-,-119.55%,-719.27%,-1100.30%,Aug 17/b,4.37,4.54%,"38,150"
MMEDX,-,1.15%,-,-,-,-,-,-,-,-,-,-,-,35.60,0.00%,0
MMEGI,729.19M,10.71%,-,-,-,-,-,-,-,-,-,-,-,14.01,0.00%,2
MMEGL,5.77M,-,-6.33%,-6.61%,-6.76%,38.87,38.87,0.01,0.03,-,-104.24%,-72.07%,-,1.14,0.00%,0
MMEGX,-,-,-,-,-,-,-,-,-,-,-,-,-,24.72,0.00%,0
MMEI,477.64M,1.49%,-2.88%,-5.45%,-3.73%,2.41,1.65,0.49,0.50,17.64%,0.81%,-3.52%,Sep 02/a,13.40,0.00%,0
MMEIB,-,1.92%,-,-,-,-,-,-,-,-,-,-,-,30.74,0.00%,0
MMELI,92.83B,-,4.42%,27.50%,13.12%,1.12,1.10,0.81,2.34,42.68%,8.26%,5.30%,Aug 05/a,1831.15,0.59%,126
MMEM,-,1.55%,-,-,-,-,-,-,-,-,-,-,-,44.83,0.00%,0
MMEMA,-,0.28%,-,-,-,-,-,-,-,-,-,-,-,32.08,0.00%,0
MMEME,-,-,-,-,-,-,-,-,-,-,-,-,-,8.66,0.00%,0
MMEMS,-,2.31%,-,-,-,-,-,-,-,-,-,-,-,31.02,0.00%,0
MMEMX,-,1.53%,-,-,-,-,-,-,-,-,-,-,-,49.30,0.00%,0
MMEMY,-,15.17%,-,-,-,-,-,-,-,-,-,-,-,16.41,0.00%,0
MMENS,159.60M,-,-34.42%,-,-,0.45,0.45,-,-,-,-,-,-,2.15,0.00%,0
MMEOH,4.54B,1.27%,1.18%,3.41%,1.59%,2.07,1.35,1.17,1.22,17.37%,17.37%,2.07%,Jul 28/a,58.70,0.00%,0
MMERC,23.25M,-,-24.36%,-296.95%,-42.74%,1.30,0.68,-,-,-5.81%,-11.97%,-27.86%,Aug 06/a,0.35,1.31%,"13,537"
MMESH,434.27M,-,-,-,1.85%,4.33,4.33,0.00,0.00,-,-,-,-,10.07,0.00%,0
MMESO,2.01B,-,-7.40%,-9.89%,-8.45%,2.43,2.09,0.20,0.22,84.10%,-42.63%,-47.80%,Aug 26/a,15.48,0.00%,0
MMET,61.90B,2.41%,0.50%,13.16%,7.46%,4.83,-,0.77,0.79,-,7.69%,4.33%,Aug 05/a,97.41,0.80%,"4,119"
MMETA,1897.18B,0.26%,18.29%,29.85%,18.35%,2.23,2.23,0.42,0.43,81.75%,38.08%,29.84%,Jul 29/a,744.72,0.47%,"261,641"
MMETC,550.16M,0.21%,-7.27%,-17.07%,-7.38%,4.23,3.31,1.23,1.25,0.93%,-13.61%,-11.98%,Aug 04/a,9.45,0.85%,450
MMETD,-,2.88%,-,-,-,-,-,-,-,-,-,-,-,12.55,-0.87%,"14,492"
MMETG,-,-,-,-,-,-,-,-,-,-,-,-,-,21.37,0.23%,"1,587"
MMETL,-,0.93%,-,-,-,-,-,-,-,-,-,-,-,27.01,0.00%,0
MMETQ,-,-,-,-,-,-,-,-,-,-,-,-,-,13.59,-1.02%,"20,528"
MMETU,-,2.20%,-,-,-,-,-,-,-,-,-,-,-,32.58,0.49%,"85,043"
MMETV,-,0.16%,-,-,-,-,-,-,-,-,-,-,-,21.74,0.00%,0
MMETW,-,39.78%,-,-,-,-,-,-,-,-,-,-,-,30.30,0.13%,387
MMEVO,400.40M,-,-,-,-1.53%,10.42,10.42,0.00,0.00,-,-,-,-,10.01,0.00%,0
MMEXX,-,1.87%,-,-,-,-,-,-,-,-,-,-,-,24.28,-5.23%,82
MMF,24.81M,-,-43.43%,-46.59%,-,20.55,-,0.00,0.01,0.31%,-53.85%,-55.08%,-,13.63,0.00%,0
MMFA,854.19M,17.04%,1.16%,8.18%,1.10%,2.66,1.99,6.57,6.57,95.49%,80.26%,12.18%,Aug 05/b,8.45,0.00%,0
MMFC,72.88B,3.17%,0.64%,13.02%,10.12%,38.97,-,0.27,0.27,-,15.18%,9.49%,Aug 05/a,43.92,-1.47%,719
MMFDX,-,2.85%,-,-,-,-,-,-,-,-,-,-,-,42.39,0.00%,0
MMFEB,-,-,-,-,-,-,-,-,-,-,-,-,-,33.51,0.00%,0
MMFEM,-,2.16%,-,-,-,-,-,-,-,-,-,-,-,29.20,0.00%,0
MMFG,132.63B,1.74%,0.47%,12.46%,4.37%,1.68,-,1.90,5.91,-,17.98%,15.67%,Jul 30/a,10.90,-1.71%,168
MMFI,478.18M,-,-210.87%,-214.12%,-108.30%,254.01,254.01,0.00,0.00,34.00%,-150.54%,-6608.26%,-,9.53,0.00%,0
MMFIC,746.30M,13.69%,-0.94%,-2.39%,-1.09%,0.46,0.46,1.47,1.58,86.36%,36.12%,-11.40%,Aug 06/b,9.06,0.00%,0
MMFIG,-,-,-,-,-,-,-,-,-,-,-,-,-,21.90,0.00%,0
MMFIN,274.37M,4.57%,1.06%,8.13%,1.49%,2.78,2.78,4.36,6.50,71.31%,24.22%,9.25%,Jul 29/a,11.95,0.00%,0
MMFLX,-,4.41%,-,-,-,-,-,-,-,-,-,-,-,16.26,0.00%,0
MMFM,509.08M,6.09%,-,-,-,-,-,-,-,-,-,-,-,5.12,0.00%,1
MMFMO,-,-,-,-,-,-,-,-,-,-,-,-,-,23.08,0.00%,0
MMFP,2.04B,-,-,-,-,1.84,1.15,0.32,0.34,-,-,-,Aug 13/a,45.12,0.00%,0
MMFSB,-,4.68%,-,-,-,-,-,-,-,-,-,-,-,24.34,0.00%,0
MMFSD,-,-,-,-,-,-,-,-,-,-,-,-,-,24.83,0.00%,0
MMFSG,-,0.07%,-,-,-,-,-,-,-,-,-,-,-,30.74,0.00%,0
MMFSI,-,0.76%,-,-,-,-,-,-,-,-,-,-,-,33.27,0.00%,0
MMFSM,-,3.70%,-,-,-,-,-,-,-,-,-,-,-,24.08,0.00%,0
MMFSV,-,1.35%,-,-,-,-,-,-,-,-,-,-,-,28.81,0.00%,0
MMFSX,-,-,-,-,-,-,-,-,-,-,-,-,-,24.93,0.00%,0
MMFUL,-,2.42%,-,-,-,-,-,-,-,-,-,-,-,22.30,0.00%,0
MMFUS,-,1.37%,-,-,-,-,-,-,-,-,-,-,-,65.82,0.00%,0
MMFUT,-,-,-,-,-,-,-,-,-,-,-,-,-,20.11,0.00%,0
MMFVL,-,-,-,-,-,-,-,-,-,-,-,-,-,21.62,0.00%,0
MMG,675.34M,-,4.67%,11.84%,6.43%,1.71,1.58,0.75,0.88,27.12%,7.71%,3.65%,Aug 10/a,21.20,0.99%,4
MMGA,16.73B,3.14%,2.36%,6.28%,4.25%,1.22,0.88,0.52,0.55,10.78%,5.48%,1.78%,Jul 31/b,63.01,0.00%,0
MMGC,-,0.88%,-,-,-,-,-,-,-,-,-,-,-,286.70,0.00%,0
MMGEE,2.75B,2.68%,4.86%,11.04%,6.45%,1.14,0.79,0.61,0.65,25.20%,21.99%,19.45%,Aug 05/b,72.86,0.00%,0
MMGF,89.95M,8.30%,-,-,-,-,-,-,-,-,-,-,-,2.76,0.00%,0
MMGIH,17.21M,-,-18.20%,-26.27%,-29.33%,1.61,1.44,0.02,0.25,13.57%,-30.40%,-29.72%,-,1.53,0.00%,0
MMGK,-,0.31%,-,-,-,-,-,-,-,-,-,-,-,93.81,0.51%,"1,391"
MMGLD,42.07M,-,-16.14%,-20.80%,-22.55%,4.35,4.06,0.01,0.02,56.32%,-7.94%,-15.22%,-,0.99,0.00%,0
MMGM,9.80B,-,1.04%,15.44%,1.30%,1.33,1.30,11.93,12.00,38.05%,6.49%,2.38%,Jul 29/a,38.94,0.54%,163
MMGMT,-,0.31%,-,-,-,-,-,-,-,-,-,-,-,49.26,0.00%,0
MMGN,4.49M,-,0.43%,0.89%,1.60%,2.05,2.05,0.01,0.01,1.63%,0.61%,0.96%,-,3.77,-0.26%,"3,580"
MMGNI,3.63B,-,5.60%,19.58%,12.59%,1.03,1.03,0.42,0.45,64.64%,15.65%,22.49%,Aug 05/a,25.31,0.00%,0
MMGNR,-,0.75%,-,-,-,-,-,-,-,-,-,-,-,54.99,5.56%,"6,768"
MMGNX,262.44M,-,-35.12%,-231.86%,-6.18%,2.96,2.96,4.51,4.62,77.86%,-24.30%,-8.70%,Aug 13/a,4.12,0.00%,0
MMGOV,-,4.94%,-,-,-,-,-,-,-,-,-,-,-,19.59,0.00%,0
MMGPI,286.73M,3.58%,-19.70%,-33.61%,-25.02%,6.99,1.65,0.63,0.64,35.55%,13.19%,-48.15%,Jul 29/b,13.39,0.00%,0
MMGRC,2.73B,1.77%,6.33%,12.69%,8.33%,1.27,1.19,0.47,0.47,46.31%,25.32%,16.38%,Jul 29/a,111.76,0.00%,0
MMGRT,1.62B,-,16.30%,21.09%,11.19%,4.88,4.88,0.03,0.04,50.62%,20.29%,16.13%,-,117.61,0.00%,0
MMGRX,9.58M,-,-85.72%,-94.42%,-118.21%,0.18,0.18,0.02,0.03,-384.90%,-4272.95%,-5071.14%,-,0.44,-1.44%,"1,288"
MMGTX,1.26B,-,26.54%,72.28%,24.26%,3.76,3.76,0.51,0.52,94.90%,45.94%,19.87%,Aug 13/b,13.08,0.00%,0
MMGV,-,1.84%,-,-,-,-,-,-,-,-,-,-,-,165.50,0.22%,25
MMGX,42.31M,-,-41.91%,-60.61%,-64.88%,4.50,4.50,0.28,0.34,61.92%,-741.58%,-689.20%,Aug 10/a,1.12,0.00%,0
MMGY,5.76B,2.70%,13.99%,20.54%,16.53%,1.58,1.58,0.18,0.19,50.85%,38.25%,28.37%,Aug 05/a,24.30,0.16%,127
MMGYR,124.27M,1.96%,1.16%,9.70%,6.63%,0.03,-,0.40,0.40,-,26.56%,18.89%,-,19.35,0.00%,0
MMH,2.54B,-,1.68%,17.30%,2.71%,0.71,0.55,3.33,3.37,64.76%,16.38%,4.38%,Aug 13/b,13.26,0.00%,0
MMHD,1.91B,6.58%,-,-,-,-,-,-,-,-,-,-,-,10.94,0.00%,0
MMHF,143.12M,6.34%,-,-,-,-,-,-,-,-,-,-,-,6.44,0.00%,0
MMHH,89.73M,-,1.89%,2.31%,2.24%,4.10,4.10,0.01,0.02,26.58%,0.88%,1.18%,Aug 06/b,7.47,0.00%,0
MMHIG,-,-,-,-,-,-,-,-,-,-,-,-,-,20.13,0.00%,0
MMHIP,-,-,-,-,-,-,-,-,-,-,-,-,-,20.84,0.00%,0
MMHK,7.97B,-,3.36%,5.51%,4.63%,1.92,1.13,0.17,0.28,25.60%,6.50%,4.15%,Jul 30/a,117.66,0.33%,2
MMHO,3.55B,-,6.61%,10.06%,7.94%,7.71,1.71,0.24,0.32,21.64%,9.29%,7.45%,Jul 29/b,140.34,0.00%,0
MMHX,-,-,-,-,-,-,-,-,-,-,-,-,-,24.23,0.00%,0
MMHY,-,5.11%,-,-,-,-,-,-,-,-,-,-,-,26.25,0.00%,0
MMI,1.25M,-,-1.42%,-1.51%,-1.37%,17.13,17.13,0.00,0.00,73.54%,-148.09%,-187.70%,-,2.45,-0.41%,3
MMIAC,246.78M,-,-,-,-,0.00,0.00,-,-,-,-,-,-,9.81,0.00%,0
MMIAX,3.75B,-,10.85%,18.14%,12.21%,2.61,2.61,0.01,0.02,32.09%,9.19%,9.70%,Aug 05/a,37.84,0.00%,0
MMIC,-,-,-,-,-,-,-,-,-,-,-,-,-,15.41,0.00%,0
MMICC,11.79B,2.56%,2.28%,9.25%,4.06%,1.01,0.78,3.21,3.56,-,7.62%,2.24%,Jul 30/b,19.25,0.00%,0
MMID,-,0.14%,-,-,-,-,-,-,-,-,-,-,-,69.72,0.00%,0
MMIDD,5.03B,-,-4.53%,-9.85%,-9.08%,1.99,1.10,0.88,0.91,36.48%,17.10%,-10.56%,Aug 11/b,111.25,0.00%,1
MMIDE,-,1.30%,-,-,-,-,-,-,-,-,-,-,-,36.80,0.00%,0
MMIDU,-,0.58%,-,-,-,-,-,-,-,-,-,-,-,62.65,0.00%,0
MMIG,-,4.80%,-,-,-,-,-,-,-,-,-,-,-,20.64,0.00%,0
MMIGO,-,-,-,-,-,-,-,-,-,-,-,-,-,30.25,0.00%,0
MMILK,-,7.05%,-,-,-,-,-,-,-,-,-,-,-,24.05,0.00%,0
MMILN,-,0.32%,-,-,-,-,-,-,-,-,-,-,-,43.49,0.00%,0
MMIMI,12.01M,-,-159.20%,-226.86%,-249.94%,1.78,1.78,0.26,0.33,10.92%,-450.34%,-449.90%,-,0.81,0.01%,"1,395"
MMIN,267.43M,9.87%,3.52%,3.54%,3.63%,10.13,10.13,0.00,0.00,81.98%,93.12%,93.12%,-,2.35,0.00%,0
MMIND,39.26M,-,-5.71%,-6.81%,-5.81%,6.92,5.22,0.00,0.02,39.70%,-2.67%,-6.77%,Sep 08/a,4.32,3.10%,5
MMINE,196.72M,-,-66.42%,-70.32%,-53.92%,8.90,8.90,0.00,0.00,-,-,-,-,2.93,0.00%,0
MMINN,-,3.23%,-,-,-,-,-,-,-,-,-,-,-,21.18,0.00%,0
MMINO,-,4.04%,-,-,-,-,-,-,-,-,-,-,-,43.61,0.00%,0
MMINT,-,4.13%,-,-,-,-,-,-,-,-,-,-,-,100.71,0.02%,539
MMINV,-,1.07%,-,-,-,-,-,-,-,-,-,-,-,49.76,0.00%,0
MMINY,-,18.60%,-,-,-,-,-,-,-,-,-,-,-,37.05,0.00%,0
MMIR,4.04B,-,0.78%,1.49%,0.80%,3.20,2.63,0.67,0.68,38.52%,6.82%,2.39%,Jul 28/a,16.21,0.00%,520
MMIRA,36.14M,-,-684.27%,-710.85%,-380.24%,200.08,200.08,0.00,0.00,-,-,-,Sep 02,0.86,-2.16%,"1,025"
MMIRM,6.04B,-,-97.15%,-702.97%,-114.68%,2.86,2.74,-,-,81.65%,-14.76%,-139.18%,Aug 05/a,93.00,1.09%,254
MMISL,-,0.32%,-,-,-,-,-,-,-,-,-,-,-,42.96,0.00%,0
MMIST,114.26M,-,-73.36%,-35522.62%,-52.71%,8.13,7.92,7.75,7.78,90.70%,-3360.86%,-3585.62%,Aug 12/b,0.92,0.00%,"2,919"
MMITK,758.06M,-,5.53%,9.23%,7.55%,2.74,2.74,0.19,0.21,75.56%,18.06%,11.39%,Aug 06/a,16.80,-1.98%,83
MMITQ,6.25M,-,-1.57%,-3.18%,-2.80%,2.33,1.35,0.15,0.20,27.63%,-2.03%,-0.84%,Sep 24/b,0.63,-0.14%,"1,113"
MMITT,204.18M,14.95%,0.57%,8.12%,0.63%,0.15,0.13,11.82,13.45,94.75%,94.37%,4.53%,Aug 10/b,6.42,0.00%,0
MMIVL,-,-,-,-,-,-,-,-,-,-,-,-,-,26.11,0.00%,0
MMIY,352.12M,5.33%,-,-,-,-,-,-,-,-,-,-,-,12.15,0.00%,0
MMJ,-,2.26%,-,-,-,-,-,-,-,-,-,-,-,26.21,0.00%,0
MMJSC,-,0.53%,-,-,-,-,-,-,-,-,-,-,-,62.09,0.00%,0
MMJUN,-,-,-,-,-,-,-,-,-,-,-,-,-,33.12,0.00%,0
MMKAM,-,1.66%,-,-,-,-,-,-,-,-,-,-,-,32.56,0.00%,0
MMKC,13.17B,3.94%,10.91%,25.70%,15.28%,0.78,0.39,0.51,0.71,38.92%,16.72%,21.91%,Oct 01/b,48.89,0.00%,0
MMKDW,72.16M,-,-50.64%,-387.85%,-1093.94%,0.47,0.45,-,-,8.77%,-233.33%,-231.71%,-,2.11,-2.31%,"8,104"
MMKL,21.99B,-,4.52%,12.57%,9.76%,0.71,-,0.23,0.23,-,18.63%,13.75%,Jul 29/a,1774.64,0.00%,0
MMKLY,249.41M,-,4.75%,4.90%,2.45%,3.62,3.62,0.00,0.00,-,-,-,-,10.24,0.00%,0
MMKOR,-,-,-,-,-,-,-,-,-,-,-,-,-,63.90,0.00%,0
MMKSI,17.33B,0.39%,4.96%,15.92%,7.64%,1.14,0.72,0.93,1.40,41.25%,16.72%,10.14%,Aug 05/a,256.28,-0.25%,426
MMKTN,-,0.24%,-,-,-,-,-,-,-,-,-,-,-,27.80,0.00%,0
MMKTW,276.37M,6.85%,1.12%,-,-,0.18,0.18,-,-,85.53%,9.00%,0.70%,Aug 06/b,17.52,0.00%,0
MMKTX,5.75B,1.91%,13.94%,23.34%,22.62%,1.71,1.71,0.09,0.14,79.67%,40.28%,35.15%,Jul 30/b,163.44,0.00%,0
MMKZR,3.11M,-,-7.18%,-29.13%,-8.69%,0.73,0.73,2.88,2.88,-17.62%,-28.51%,-96.94%,-,1.38,0.00%,0
MMLAA,490.53M,-,-,-,-,34.71,34.71,0.00,0.00,-,-,-,-,10.01,0.00%,0
MMLAB,732.50M,0.49%,1.12%,2.66%,1.40%,1.79,1.32,0.81,0.85,57.35%,9.00%,1.92%,Aug 10/a,130.90,-0.74%,"20,629"
MMLCC,-,-,-,-,-,-,-,-,-,-,-,-,-,52.63,0.00%,0
MMLCI,35.25M,3.81%,-3.86%,-118.90%,-37.09%,0.14,0.14,1.81,1.81,457.13%,1202.75%,830.89%,Aug 11/a,3.15,0.00%,0
MMLCO,1.79B,0.44%,3.10%,-,4.20%,1.01,0.98,-,-,26.49%,12.23%,4.50%,Aug 13/b,4.72,0.00%,0
MMLDR,-,3.96%,-,-,-,-,-,-,-,-,-,-,-,47.26,0.00%,0
MMLEC,3.99M,-,-,-,-,0.15,0.08,1.30,7.21,-,-,-,-,5.50,0.00%,0
MMLGO,38.18M,-,-6.71%,-7.12%,-7.33%,16.79,16.79,0.00,0.02,25.92%,0.85%,-40.82%,-,3.49,1.45%,77
MMLI,13.26B,1.08%,21.96%,26.31%,23.86%,4.78,3.76,0.00,0.01,26.75%,21.33%,18.25%,Jul 21/b,59.93,0.00%,0
MMLKN,1.38B,3.73%,2.30%,6.99%,3.01%,1.58,0.90,1.26,1.34,38.78%,5.50%,2.38%,Sep 22/b,20.10,-1.08%,"2,968"
MMLM,35.49B,0.69%,4.72%,8.89%,14.49%,1.41,0.73,0.47,0.55,28.17%,21.30%,36.73%,Jul 30/b,499.67,0.00%,0
MMLN,-,4.04%,-,-,-,-,-,-,-,-,-,-,-,16.73,0.00%,0
MMLP,317.35M,-,-9.70%,-16.14%,-11.53%,1.17,1.17,0.29,0.30,19.80%,-36.33%,-28.64%,Aug 14/a,15.98,0.00%,0
MMLPA,-,7.20%,-,-,-,-,-,-,-,-,-,-,-,55.85,0.00%,0
MMLPB,-,5.66%,-,-,-,-,-,-,-,-,-,-,-,30.75,0.00%,0
MMLPD,-,11.30%,-,-,-,-,-,-,-,-,-,-,-,24.91,0.00%,0
MMLPI,-,12.42%,-,-,-,-,-,-,-,-,-,-,-,53.52,1.50%,200
MMLPR,-,8.84%,-,-,-,-,-,-,-,-,-,-,-,75.50,0.00%,0
MMLPX,-,4.18%,-,-,-,-,-,-,-,-,-,-,-,73.31,0.00%,0
MMLR,609.72M,1.55%,2.32%,3.41%,3.38%,2.46,1.61,0.01,0.01,14.71%,2.86%,1.86%,Aug 05/a,53.71,-0.67%,3
MMLSS,35.42M,-,-50.54%,-121.67%,-104.89%,1.85,1.14,0.14,0.18,69.40%,-43.56%,-43.98%,Aug 14/b,0.39,0.00%,0
MMLTX,1.07B,-,-51.00%,-67.44%,-49.89%,12.56,12.56,0.23,0.24,-,-,-,Aug 10/b,12.54,-0.08%,85
MMLYS,2.50B,-,-69.67%,-80.88%,-53.90%,34.46,34.46,0.18,0.18,-,-,-,Aug 11/a,28.31,0.00%,0
MMMA,10.64M,-,-,-,-,0.78,0.34,0.00,0.01,-,-,-,-,0.40,-3.92%,70
MMMAR,-,-,-,-,-,-,-,-,-,-,-,-,-,33.10,0.00%,0
MMMAX,-,0.76%,-,-,-,-,-,-,-,-,-,-,-,27.46,0.00%,0
MMMAY,-,-,-,-,-,-,-,-,-,-,-,-,-,33.51,0.00%,0
MMMCA,-,3.35%,-,-,-,-,-,-,-,-,-,-,-,20.94,0.00%,0
MMMD,264.98M,5.55%,-,-,-,-,-,-,-,-,-,-,-,14.11,0.00%,0
MMMED,5.94B,-,-,-,-,1.81,1.36,0.01,0.02,-,-,-,Sep 01/b,21.12,0.00%,0
MMMI,1.17B,1.62%,1.84%,2.42%,2.26%,2.92,2.92,0.10,0.13,36.39%,1.34%,1.77%,Aug 06/b,30.86,0.00%,0
MMMID,-,0.70%,-,-,-,-,-,-,-,-,-,-,-,26.35,0.00%,0
MMMIN,-,4.19%,-,-,-,-,-,-,-,-,-,-,-,22.92,0.00%,0
MMMIT,-,3.75%,-,-,-,-,-,-,-,-,-,-,-,23.37,0.00%,0
MMMK,-,1.99%,-,-,-,-,-,-,-,-,-,-,-,100.20,0.00%,0
MMMKT,-,3.49%,-,-,-,-,-,-,-,-,-,-,-,100.18,0.00%,0
MMMLP,84.90M,0.92%,-2.83%,-,-3.73%,1.21,0.76,-,-,29.06%,5.50%,-2.02%,Jul 22/a,2.17,0.00%,0
MMMM,84.57B,1.91%,8.22%,82.77%,20.95%,1.24,0.91,3.85,4.46,39.44%,20.87%,11.90%,Jul 21/b,163.99,-0.60%,79
MMMMA,-,3.14%,-,-,-,-,-,-,-,-,-,-,-,24.43,0.00%,0
MMMS,2.93B,2.30%,8.40%,21.11%,11.03%,2.42,2.42,0.93,0.99,24.00%,10.85%,7.07%,Aug 06/b,55.97,0.00%,0
MMMSC,-,-,-,-,-,-,-,-,-,-,-,-,-,27.16,0.00%,0
MMMSD,-,3.48%,-,-,-,-,-,-,-,-,-,-,-,24.95,0.00%,0
MMMSI,5.10B,-,5.34%,9.19%,5.85%,4.20,2.79,0.48,0.49,49.43%,12.69%,9.21%,Jul 30/a,85.49,0.00%,0
MMMT,506.89M,9.54%,-,-,-,-,-,-,-,-,-,-,-,4.37,0.00%,0
MMMTM,-,0.88%,-,-,-,-,-,-,-,-,-,-,-,310.10,0.00%,0
MMMTX,89.96M,-,2.56%,2.60%,1.30%,0.24,0.24,0.00,0.00,-,-,-,-,10.19,0.00%,0
MMMU,512.87M,6.90%,-,-,-,-,-,-,-,-,-,-,-,9.39,0.00%,0
MMMYT,4.51B,-,1.03%,12.46%,2.52%,3.13,3.13,-,-,56.04%,14.95%,3.23%,Aug 03/b,47.97,0.00%,0
MMNA,-,-,-,-,-,-,-,-,-,-,-,-,-,36.90,0.00%,0
MMNBD,-,3.40%,-,-,-,-,-,-,-,-,-,-,-,25.07,0.00%,0
MMNDO,21.19M,-,11.07%,14.38%,13.31%,4.66,4.66,0.02,0.03,54.40%,15.77%,16.87%,May 11/b,1.04,0.00%,0
MMNDR,1.56M,-,-36.36%,-47.26%,-30.34%,4.22,4.15,0.00,0.02,-1.47%,-36.32%,-35.14%,-,1.31,0.00%,0
MMNDY,3.77B,-,6.77%,13.39%,14.64%,1.46,1.46,0.34,0.38,88.74%,2.90%,8.87%,Aug 10/b,89.26,1.48%,"1,318"
MMNGB,-,-,-,-,-,-,-,-,-,-,-,-,-,-,-,-
MMNGU,-,-,-,-,-,-,-,-,-,-,-,-,-,32.26,0.00%,0
MMNGZ,-,-,-,-,-,-,-,-,-,-,-,-,-,28.58,0.00%,0
MMNKD,1.11B,-,-7.62%,-,-12.25%,1.72,1.41,-,-,72.16%,3.37%,-11.08%,Aug 05/a,3.46,-1.14%,143
MMNOV,168.34M,-,-23.83%,-25.56%,-28.85%,8.75,8.75,0.00,0.00,31.14%,-1287.41%,-1168.20%,Aug 13/a,3.42,3.64%,47
MMNPR,642.49M,-,-18.90%,-19.50%,-13.63%,33.56,33.56,0.00,0.00,-,-,-,Aug 12/b,95.72,0.00%,0
MMNR,1.83B,18.20%,3.35%,6.25%,3.32%,0.88,0.76,0.64,0.65,25.65%,21.50%,7.40%,Aug 06/a,10.97,0.00%,0
MMNRO,403.31M,8.68%,0.51%,1.36%,0.78%,0.49,0.16,0.78,0.91,34.88%,2.29%,0.59%,Jul 29/b,12.90,0.00%,0
MMNSB,175.68M,1.62%,0.80%,8.10%,6.09%,0.12,-,0.33,0.33,-,16.50%,11.63%,Jul 20/b,24.67,0.00%,0
MMNSO,2.68B,5.01%,4.39%,11.85%,6.08%,1.57,1.18,0.95,1.28,44.94%,13.19%,5.34%,Aug 28/b,9.12,1.45%,"1,437"
MMNST,86.34B,-,21.16%,25.70%,22.72%,3.73,3.22,0.00,0.00,55.55%,29.16%,23.08%,Aug 06/a,44.07,0.17%,"3,322"
MMNSX,-,-,-,-,-,-,-,-,-,-,-,-,-,21.15,0.00%,0
MMNTK,331.65M,-,1.86%,3.05%,1.89%,0.62,0.62,0.58,0.59,34.75%,1.60%,4.19%,Aug 05/a,2.33,0.00%,0
MMNTN,852.00M,-,15.25%,19.68%,16.87%,4.86,4.86,0.00,0.00,79.91%,15.05%,18.00%,Aug 04/a,11.39,0.26%,"1,086"
MMNTS,96.88M,-,-51.32%,-68.26%,-29.38%,13.70,13.70,0.06,0.07,16.21%,-831.98%,-927.68%,Aug 18,4.41,-1.55%,"1,224"
MMNVR,-,-,-,-,-,-,-,-,-,-,-,-,-,33.45,0.00%,0
MMNVT,-,-,-,-,-,-,-,-,-,-,-,-,-,29.53,0.00%,0
MMNY,30.24M,-,-14.98%,-28.15%,-31.46%,1.98,1.98,0.00,0.02,1.86%,-11.83%,-14.85%,Sep 11/b,0.69,0.00%,0
MMNZL,-,0.03%,-,-,-,-,-,-,-,-,-,-,-,61.31,0.00%,0
MMO,115.10B,6.28%,24.21%,-,39.32%,0.52,0.38,-,-,83.00%,71.58%,38.87%,Jul 30/b,68.93,0.59%,"2,535"
MMOAT,-,1.29%,-,-,-,-,-,-,-,-,-,-,-,108.59,0.00%,61
MMOB,69.96M,-,-218.67%,-374.88%,-261.43%,10.77,10.15,0.02,0.04,51.70%,-442.66%,-834.08%,Aug 13/a,5.44,2.58%,571
MMOBI,323.26M,-,-,-,-,13.28,12.80,0.05,0.05,-,-,-,Aug 11/a,9.71,0.00%,0
MMOBX,16.52M,-,-139.60%,-1453.68%,-589.62%,0.27,0.21,0.32,1.26,32.96%,-688.36%,-879.30%,-,0.91,-1.09%,"3,317"
MMOD,10.47B,-,5.74%,13.03%,8.04%,2.04,1.22,0.49,0.56,22.38%,10.95%,4.28%,Jul 29/a,197.05,-0.29%,259
MMODD,18.66M,-,-212.13%,-247.94%,-260.37%,3.25,3.25,0.00,0.03,-,-,-,-,2.29,1.33%,17
MMODL,-,0.70%,-,-,-,-,-,-,-,-,-,-,-,53.10,0.00%,0
MMOG-A,11.81B,0.32%,8.23%,18.11%,11.33%,2.09,1.34,0.50,0.52,28.24%,12.11%,8.73%,Jul 31/b,372.00,0.70%,40
MMOGU,13.39M,-,0.06%,0.11%,0.10%,1.07,1.07,0.00,0.00,28.33%,-63.97%,0.43%,-,1.87,0.00%,0
MMOH,10.33B,-,-0.04%,-0.16%,-0.09%,1.68,-,0.95,0.95,-,0.66%,-0.02%,Jul 22/a,197.80,0.00%,0
MMOLN,152.86M,-,-51.65%,-62.49%,-86.24%,7.27,7.27,0.03,0.05,-,-,-,Aug 25/b,3.99,0.00%,0
MMOMO,516.22M,2.83%,7.45%,10.15%,9.91%,5.13,5.13,0.00,0.01,37.21%,11.47%,11.03%,Sep 03/b,4.99,0.00%,0
MMOO,-,2.14%,-,-,-,-,-,-,-,-,-,-,-,84.03,0.00%,0
MMOOD,-,0.35%,-,-,-,-,-,-,-,-,-,-,-,44.68,0.00%,0
MMORN,7.56B,0.99%,11.13%,31.96%,14.70%,1.02,1.02,1.80,1.86,54.47%,23.29%,16.43%,Jul 29/a,201.47,0.00%,0
MMORT,-,16.17%,-,-,-,-,-,-,-,-,-,-,-,9.18,0.66%,3
MMOS,7.69B,3.62%,-2.61%,-5.34%,-3.90%,1.34,0.43,0.43,0.53,10.97%,6.79%,-5.21%,Aug 04/a,24.20,0.54%,287
MMOTG,-,2.37%,-,-,-,-,-,-,-,-,-,-,-,39.58,0.00%,0
MMOTI,-,3.35%,-,-,-,-,-,-,-,-,-,-,-,35.24,0.00%,0
MMOTO,-,0.91%,-,-,-,-,-,-,-,-,-,-,-,61.82,0.00%,0
MMOV,526.09M,4.55%,5.55%,8.31%,7.45%,4.26,2.67,0.10,0.13,56.16%,7.07%,5.99%,Aug 26/b,32.97,0.00%,0
MMOVE,356.23M,-,-9.14%,-9.62%,-4.75%,1.80,1.80,0.01,0.03,-55.60%,-594.11%,-626.99%,Aug 14/a,11.29,0.00%,2
MMP,8.91B,-,-2.00%,-3.59%,-1.83%,9.51,8.56,0.40,0.40,14.51%,-16.71%,-14.56%,Aug 06/a,50.05,0.10%,"31,889"
MMPA,131.83M,6.01%,-,-,-,-,-,-,-,-,-,-,-,10.18,0.00%,0
MMPAA,199.56M,-,-0.41%,-1.59%,-1.14%,1.44,0.39,0.41,0.92,19.90%,6.12%,-0.53%,Aug 10/b,10.54,0.00%,0
MMPB,928.54M,2.54%,1.02%,8.12%,7.40%,0.03,-,0.02,0.17,-,25.38%,17.61%,Jul 22/a,36.65,0.00%,0
MMPC,111.77B,1.03%,9.89%,47.88%,16.84%,1.25,0.89,1.66,1.80,10.70%,8.44%,5.58%,Aug 04/b,398.00,-1.09%,"3,835"
MMPDB,-,-,-,-,-,-,-,-,-,-,-,-,-,24.99,0.00%,0
MMPDY,-,1.37%,-,-,-,-,-,-,-,-,-,-,-,24.63,0.00%,0
MMPG,-,-,-,-,-,-,-,-,-,-,-,-,-,4.04,-2.94%,"27,130"
MMPIA,-,2.45%,-,-,-,-,-,-,-,-,-,-,-,25.55,0.00%,0
MMPIM,-,1.82%,-,-,-,-,-,-,-,-,-,-,-,24.19,0.00%,0
MMPLT,576.05M,-,-101.59%,-111.55%,-65.84%,16.52,16.52,0.00,0.01,-,-,-,Aug 13/a,10.90,0.00%,0
MMPLX,59.91B,7.71%,11.69%,33.93%,12.16%,0.89,0.83,1.77,1.86,43.71%,38.80%,39.25%,Aug 04/b,59.09,0.00%,1
MMPLY,-,-,-,-,-,-,-,-,-,-,-,-,-,33.24,0.00%,0
MMPRO,-,1.97%,-,-,-,-,-,-,-,-,-,-,-,32.22,0.00%,0
MMPT,2.18B,9.86%,-0.21%,-0.68%,-0.24%,0.78,0.78,1.87,2.16,69.30%,57.35%,-3.10%,Aug 10/b,3.65,0.00%,0
MMPTI,322.81M,-,11.49%,12.40%,8.01%,16.63,15.09,0.00,0.00,44.28%,18.49%,16.35%,Aug 12/a,74.27,0.00%,0
MMPU,9.23M,-,-163.75%,-213.15%,-189.78%,4.06,4.06,0.00,0.00,55.14%,-110.82%,-131.38%,-,2.70,-1.46%,545
MMPV,179.48M,8.90%,-,-,-,-,-,-,-,-,-,-,-,16.63,0.00%,0
MMPWC,-,-,-,-,-,-,-,-,-,-,-,-,-,20.78,0.00%,0
MMPWR,62.51B,0.59%,18.45%,21.90%,20.41%,4.98,3.62,0.00,0.00,55.20%,28.72%,24.41%,Jul 30/a,1272.00,-0.44%,"2,589"
MMPWX,-,-,-,-,-,-,-,-,-,-,-,-,-,13.12,-1.40%,771
MMQ,1.62B,-,0.80%,1.33%,1.44%,1.66,1.66,0.01,0.02,16.39%,-0.42%,1.53%,Aug 04/a,15.59,0.00%,0
MMQQQ,-,-,-,-,-,-,-,-,-,-,-,-,-,242.88,0.00%,0
MMQY,1.56B,6.72%,-,-,-,-,-,-,-,-,-,-,-,10.35,0.00%,0
MMRA,-,14.46%,-,-,-,-,-,-,-,-,-,-,-,23.69,0.00%,0
MMRAL,-,-,-,-,-,-,-,-,-,-,-,-,-,49.13,-3.19%,521
MMRAM,413.95M,-,-3.13%,-3.84%,-3.53%,4.74,3.84,0.02,0.05,52.28%,-7.42%,-4.22%,Aug 05/a,17.00,-0.99%,"11,609"
MMRAX,-,-,-,-,-,-,-,-,-,-,-,-,-,26.53,0.00%,0
MMRBK,229.40M,2.73%,0.85%,11.31%,8.51%,0.10,-,0.24,0.77,-,13.70%,10.58%,Jul 30/a,19.23,0.00%,0
MMRCO,226.78M,-,-,-,-,0.01,0.01,-,-,-,-,-,-,9.86,0.00%,0
MMRCP,-,-,-,-,-,-,-,-,-,-,-,-,-,35.38,0.00%,0
MMRCY,5.21B,-,-1.15%,-2.00%,-1.50%,2.96,1.85,0.33,0.33,24.63%,2.13%,-3.02%,Aug 18/a,85.64,-0.02%,7
MMRDN,174.84M,-,-50.18%,-95.47%,-153.13%,0.59,0.51,0.07,0.33,55.72%,-44.73%,-41.41%,Sep 02,13.80,0.00%,0
MMREO,46.24M,-,-57.62%,-67.72%,-97.88%,5.88,5.88,0.00,0.04,-,-,-,Aug 11/b,0.29,-0.14%,"2,183"
MMRGR,-,2.99%,-,-,-,-,-,-,-,-,-,-,-,45.06,0.00%,0
MMRK,369.36B,2.28%,2.57%,6.98%,3.41%,1.32,1.10,1.22,1.29,72.43%,18.81%,4.79%,Aug 04/b,149.71,0.14%,"12,317"
MMRKR,20.01M,-,-59.33%,-76.87%,-71.57%,6.03,6.03,0.00,0.00,-,-458.56%,-372.69%,Aug 19,1.20,0.00%,0
MMRLN,193.04M,-,-63.32%,-94.69%,-231.23%,14.67,14.67,0.02,0.04,-16.71%,-2017.50%,-6822.66%,Aug 13/a,1.91,2.69%,"4,380"
MMRM,5.93M,-,0.43%,48.22%,1.22%,0.24,0.21,4.22,8.83,24.96%,-2.59%,0.36%,-,0.75,0.00%,0
MMRNA,67.83B,-,-27.43%,-39.00%,-39.41%,2.29,2.18,0.18,0.19,12.57%,-149.01%,-141.43%,Jul 31/b,169.90,-1.76%,"106,371"
MMRNO,25.50M,-,-,-,-,-,-,-,-,-,-,-,-,0.32,2.37%,"36,339"
MMRNX,-,-,-,-,-,-,-,-,-,-,-,-,-,110.78,-3.35%,"6,467"
MMRNY,-,44.53%,-,-,-,-,-,-,-,-,-,-,-,36.65,-0.76%,"6,562"
MMRP,4.64B,10.44%,5.39%,8.12%,5.71%,0.09,0.09,0.42,0.43,-,85.11%,62.60%,Aug 04/b,30.10,4.95%,1
MMRSH,82.42B,2.19%,6.73%,25.72%,11.19%,1.14,1.14,1.34,1.47,-,24.29%,14.23%,Oct 15/b,172.72,0.00%,0
MMRSK,-,0.35%,-,-,-,-,-,-,-,-,-,-,-,39.82,0.00%,0
MMRT,170.36M,-,-165.19%,-,-221.29%,1.26,1.12,-,-,59.85%,-50.57%,-105.62%,Aug 19/b,1.98,2.06%,398
MMRTN,1.08B,1.82%,1.30%,1.65%,1.65%,2.50,2.50,0.00,0.00,5.18%,0.88%,1.47%,Jul 23/a,13.22,0.00%,0
MMRVI,1.87B,-,-10.31%,-32.90%,-20.35%,4.05,2.98,0.86,0.86,34.32%,-13.40%,-37.07%,Aug 06/a,7.21,0.56%,13
MMRVL,222.91B,0.09%,10.97%,16.52%,11.05%,3.17,2.62,0.29,0.30,51.42%,16.81%,27.93%,Aug 27/a,254.20,-1.24%,"308,630"
MMRVU,-,0.59%,-,-,-,-,-,-,-,-,-,-,-,133.49,-4.91%,"3,483"
MMRVX,-,-,-,-,-,-,-,-,-,-,-,-,-,29.80,0.00%,0
MMRX,5.47B,0.83%,1.07%,26.20%,9.02%,1.13,1.11,1.52,6.12,75.28%,32.19%,9.40%,Aug 12/b,76.00,0.38%,16
MMS,322.25B,2.10%,1.33%,17.95%,3.97%,1.40,-,3.37,4.69,-,20.10%,15.17%,Oct 14/b,205.18,-0.46%,450
MMSA,6.84B,1.21%,12.19%,23.66%,15.41%,3.24,2.02,0.45,0.46,48.33%,22.30%,16.13%,Jul 30/a,177.25,0.00%,0
MMSAI,10.10M,-,-37.04%,-46.47%,-31.19%,7.19,6.37,0.00,0.00,26.50%,-148.27%,-141.70%,Aug 13/a,4.58,-4.98%,6
MMSB,267.65M,4.36%,29.07%,32.13%,36.87%,8.81,8.81,0.00,0.00,54.47%,54.47%,54.47%,-,20.40,0.00%,0
MMSBI,696.23M,3.83%,0.61%,7.33%,4.58%,0.07,-,0.61,0.62,-,13.50%,7.59%,Jul 23/a,33.55,0.00%,0
MMSBT,-,-,-,-,-,-,-,-,-,-,-,-,-,24.73,-0.24%,82
MMSC,171.75M,-,-1.84%,-10.18%,-2.11%,0.76,0.72,4.07,4.10,38.45%,10.93%,-7.57%,Aug 13/b,0.89,4.91%,"24,473"
MMSCI,37.81B,1.58%,24.75%,-,35.46%,0.89,0.89,-,-,77.19%,55.66%,40.74%,Jul 21/b,520.05,-6.96%,5
MMSD,144.25M,8.56%,-,-,-,-,-,-,-,-,-,-,-,7.13,0.00%,0
MMSDL,1.23B,12.34%,1.57%,3.48%,1.65%,1.69,1.69,1.20,1.20,80.41%,55.50%,17.48%,Aug 06/a,14.65,0.00%,0
MMSEP,-,-,-,-,-,-,-,-,-,-,-,-,-,33.00,0.00%,0
MMSEX,1.04B,2.61%,3.50%,9.77%,5.21%,0.50,0.41,0.76,0.84,40.23%,29.22%,23.22%,Jul 30/a,55.23,0.00%,0
MMSFC,-,-,-,-,-,-,-,-,-,-,-,-,-,47.70,0.00%,0
MMSFD,-,4.09%,-,-,-,-,-,-,-,-,-,-,-,10.17,-1.01%,548
MMSFL,-,-,-,-,-,-,-,-,-,-,-,-,-,25.59,1.28%,"5,102"
MMSFO,-,38.54%,-,-,-,-,-,-,-,-,-,-,-,12.15,-0.29%,499
MMSFT,3747.15B,0.77%,19.42%,34.04%,24.22%,1.23,1.22,0.25,0.29,67.94%,46.78%,40.31%,Jul 29/a,504.63,0.60%,"71,281"
MMSFU,-,2.21%,-,-,-,-,-,-,-,-,-,-,-,38.15,0.21%,"11,242"
MMSFW,-,31.82%,-,-,-,-,-,-,-,-,-,-,-,31.94,-0.30%,12
MMSFX,-,-,-,-,-,-,-,-,-,-,-,-,-,25.45,1.39%,500
MMSFY,-,22.19%,-,-,-,-,-,-,-,-,-,-,-,20.28,0.00%,0
MMSGE,3.84B,-,3.50%,407.54%,5.77%,0.70,0.69,24.04,25.67,39.82%,15.96%,6.24%,Aug 12/b,81.20,0.00%,0
MMSGM,19.50M,-,24.09%,53.91%,46.14%,1.85,1.85,0.31,0.37,83.71%,21.30%,16.16%,Aug 14/a,4.25,0.00%,0
MMSGS,9.63B,-,0.48%,-,0.94%,0.50,0.50,-,-,27.47%,2.68%,0.67%,Aug 13/b,400.09,0.00%,0
MMSGY,4.24M,-,-,-,-96.27%,3.13,3.13,0.00,0.00,4.41%,-33.20%,-34.01%,-,2.00,4.17%,530
MMSI,76.79B,0.99%,11.97%,91.98%,18.51%,1.08,0.84,3.32,3.60,49.31%,25.29%,17.44%,Aug 05/a,463.99,0.57%,9
MMSIF,569.99M,11.42%,7.24%,13.46%,7.03%,1.66,1.66,0.88,0.88,75.77%,90.91%,63.31%,Aug 06/a,12.57,0.00%,0
MMSIX,-,-,-,-,-,-,-,-,-,-,-,-,-,33.68,0.00%,0
MMSLC,-,0.79%,-,-,-,-,-,-,-,-,-,-,-,60.92,0.00%,0
MMSLE,194.80M,-,-64.76%,-70.45%,-57.77%,11.22,11.22,0.00,0.00,-,-,-,Aug 13/a,9.18,0.00%,0
MMSM,6.79B,2.87%,9.30%,16.59%,15.06%,1.55,0.72,0.08,0.39,40.81%,8.80%,5.91%,Jul 01/b,121.63,0.00%,0
MMSMR,-,1.85%,-,-,-,-,-,-,-,-,-,-,-,34.73,0.00%,0
MMSN,9.89M,-,-17.95%,-20.15%,-22.25%,12.13,8.79,0.01,0.02,10.60%,-74.65%,-65.49%,-,0.47,0.00%,107
MMSOL,-,0.32%,-,-,-,-,-,-,-,-,-,-,-,32.18,0.00%,0
MMSOS,-,-,-,-,-,-,-,-,-,-,-,-,-,4.98,0.81%,21
MMSOX,-,-,-,-,-,-,-,-,-,-,-,-,-,2.97,0.00%,0
MMSR,-,8.53%,-,-,-,-,-,-,-,-,-,-,-,14.87,0.00%,0
MMSS,1.36M,-,-14.76%,-116.25%,-23.57%,0.67,0.37,5.35,6.17,19.65%,-7.63%,-10.13%,Jul 01,1.59,0.00%,0
MMSSE,-,-,-,-,-,-,-,-,-,-,-,-,-,29.69,0.00%,0
MMSSM,-,0.56%,-,-,-,-,-,-,-,-,-,-,-,58.04,0.00%,0
MMSSS,-,0.28%,-,-,-,-,-,-,-,-,-,-,-,35.26,0.00%,0
MMSST,-,21.22%,-,-,-,-,-,-,-,-,-,-,-,33.29,-2.30%,2
MMST,-,259.11%,-,-,-,-,-,-,-,-,-,-,-,16.77,-5.01%,"1,342"
MMSTB,-,0.37%,-,-,-,-,-,-,-,-,-,-,-,44.50,0.00%,0
MMSTC,-,-,-,-,-,-,-,-,-,-,-,-,-,78.66,0.00%,0
MMSTI,-,5.45%,-,-,-,-,-,-,-,-,-,-,-,19.97,0.00%,0
MMSTP,-,-,-,-,-,-,-,-,-,-,-,-,-,33.35,-2.71%,"1,258"
MMSTQ,-,11.99%,-,-,-,-,-,-,-,-,-,-,-,40.22,0.00%,0
MMSTR,63.44B,-,-51.84%,-63.56%,-58.42%,5.39,5.39,0.15,0.15,67.60%,-8.13%,-6294.26%,Jul 30/a,165.10,-2.02%,"927,711"
MMSTU,-,-,-,-,-,-,-,-,-,-,-,-,-,46.60,-4.04%,"341,395"
MMSTW,-,140.76%,-,-,-,-,-,-,-,-,-,-,-,5.43,-2.95%,"47,517"
MMSTX,-,-,-,-,-,-,-,-,-,-,-,-,-,21.41,-3.99%,"347,706"
MMSTY,-,125.74%,-,-,-,-,-,-,-,-,-,-,-,17.67,-1.09%,"68,631"
MMSTZ,-,-,-,-,-,-,-,-,-,-,-,-,-,2.37,3.49%,"2,666,980"
MMT,55.18B,0.84%,1.83%,3.32%,2.72%,1.43,0.57,0.21,0.26,8.68%,4.27%,2.89%,Jul 30/b,73.18,0.88%,"14,200"
MMTA,949.02M,-,-0.16%,-0.17%,-0.16%,4.50,4.50,0.05,0.06,87.07%,16.80%,-2.82%,Aug 13/a,10.15,0.00%,0
MMTAK,269.23M,-,-,-,-,0.10,0.10,-,-,-,-,-,-,9.85,0.00%,0
MMTAL,311.57M,-,-,-,-,7.89,7.89,0.00,0.00,-,-,-,-,10.16,0.00%,0
MMTAW,-,-,-,-,-,-,-,-,-,-,-,-,-,26.60,0.00%,0
MMTB,32.78B,2.72%,1.40%,10.72%,7.29%,0.33,-,0.49,0.65,-,28.81%,21.69%,Oct 16/b,226.96,0.00%,0
MMTBA,-,5.06%,-,-,-,-,-,-,-,-,-,-,-,47.83,0.00%,0
MMTC,628.40M,-,-60.75%,-272.72%,-69.94%,11.27,11.27,0.24,0.26,-,-,-,-,6.31,0.00%,0
MMTCH,9.91B,1.52%,17.91%,-,21.35%,1.72,1.72,-,-,71.47%,28.15%,20.17%,Aug 04/a,43.18,0.05%,500
MMTD,28.66B,-,25.61%,-,44.02%,1.12,0.78,159.49,164.74,58.35%,28.41%,21.91%,Jul 30/a,1430.44,0.00%,0
MMTDR,6.69B,2.82%,5.84%,12.81%,7.13%,0.65,0.62,0.71,0.71,45.69%,35.62%,18.85%,Aug 05/a,54.04,-0.09%,97
MMTEK,10.88M,-,-73.53%,-174.40%,-179.32%,1.69,1.00,0.02,0.73,15.82%,-185.76%,-215.27%,May 15/a,1.03,0.00%,0
MMTEN,7.80M,-,-3.70%,-5.32%,-2.71%,1.18,0.99,0.03,0.13,12.56%,-5.95%,-8.66%,-,1.02,0.00%,"2,141"
MMTEX,15.73M,-,-24.58%,-1490.14%,-,1.09,0.52,-,-,75.10%,2.49%,-6.90%,Aug 12/a,8.15,0.00%,0
MMTG,6.04B,2.34%,10.95%,13.92%,12.51%,3.02,-,0.13,0.13,-,76.96%,59.20%,Jul 29/a,29.45,0.00%,0
MMTGP,-,4.49%,-,-,-,-,-,-,-,-,-,-,-,43.01,0.00%,0
MMTH,4.19B,2.99%,4.30%,6.38%,4.77%,11.04,1.71,0.37,0.38,18.03%,7.14%,6.11%,Jul 29/a,64.35,0.00%,0
MMTLS,455.60M,-,3.23%,5.25%,4.39%,2.41,2.22,0.20,0.23,57.23%,2.45%,4.84%,Aug 27/b,7.78,0.00%,0
MMTN,5.00B,6.32%,2.66%,21.04%,4.11%,0.91,0.79,5.71,5.90,30.98%,16.14%,5.38%,Sep 28/a,140.43,0.00%,0
MMTNB,2.50M,-,-98.53%,-154.28%,-404.93%,0.85,0.85,0.01,0.01,-,-,-,-,0.17,-2.36%,664
MMTNE,292.52M,-,-,-,-,0.68,0.68,0.00,0.00,-,-,-,-,9.91,0.00%,0
MMTR,4.53M,5.84%,10.02%,10.49%,10.49%,17.12,17.12,0.00,0.00,85.35%,66.04%,59.69%,-,2.43,0.00%,0
MMTRA,-,0.09%,-,-,-,-,-,-,-,-,-,-,-,26.74,0.00%,0
MMTRN,5.30B,0.22%,4.99%,9.46%,6.05%,2.94,1.29,0.50,0.51,15.50%,6.19%,4.30%,Aug 05/b,254.63,0.00%,0
MMTRX,283.77M,-,-0.43%,-1.81%,-1.64%,0.98,0.97,0.11,0.14,7.32%,0.04%,-0.30%,Sep 02/a,10.03,0.00%,0
MMTSG,-,-,-,-,-,-,-,-,-,-,-,-,-,6.12,0.00%,0
MMTSI,21.23B,-,11.61%,17.18%,14.99%,2.34,1.78,0.04,0.27,55.02%,18.11%,20.70%,Aug 06/b,277.96,-0.41%,"3,566"
MMTUM,-,0.59%,-,-,-,-,-,-,-,-,-,-,-,316.25,0.00%,0
MMTUS,772.61M,-,0.72%,1.17%,1.15%,1.75,0.88,0.01,0.02,8.20%,0.61%,0.66%,Aug 03/a,18.64,0.00%,0
MMTVA,11.17M,-,-91.06%,-175.68%,-208.61%,2.06,2.73,0.01,0.03,-,-,-,Aug 06/a,1.70,1.56%,"2,310"
MMTW,833.79M,-,1.06%,2.92%,1.67%,2.11,0.75,0.73,0.74,18.71%,3.47%,0.87%,Aug 06/a,23.12,1.59%,1
MMTX,2.08B,0.80%,-1.94%,-4.21%,-2.69%,1.43,1.00,0.62,0.62,24.52%,13.37%,-3.13%,Jul 30/a,66.67,0.00%,0
MMTYY,-,240.37%,-,-,-,-,-,-,-,-,-,-,-,17.77,0.00%,0
MMTZ,17.93B,-,4.93%,15.39%,7.77%,1.40,1.37,0.83,0.93,10.05%,5.21%,3.07%,Jul 30/a,223.30,0.18%,236
MMU,1164.87B,0.06%,47.50%,66.64%,47.38%,3.42,2.98,0.06,0.06,72.60%,65.75%,55.91%,Sep 30/a,1031.41,-1.20%,"370,320"
MMUA,487.94M,6.83%,-,-,-,-,-,-,-,-,-,-,-,9.69,0.00%,2
MMUB,-,3.33%,-,-,-,-,-,-,-,-,-,-,-,102.86,0.00%,1
MMUC,1.27B,6.40%,-,-,-,-,-,-,-,-,-,-,-,10.12,0.00%,0
MMUD,-,9.05%,-,-,-,-,-,-,-,-,-,-,-,9.41,-0.53%,"147,945"
MMUFG,260.98B,2.69%,0.64%,12.53%,5.74%,1.79,-,1.18,3.16,-,20.86%,20.15%,Aug 03/a,23.19,-1.00%,"3,698"
MMUG,-,-,-,-,-,-,-,-,-,-,-,-,-,17.82,-0.28%,653
MMUIB,-,2.28%,-,-,-,-,-,-,-,-,-,-,-,31.75,0.00%,0
MMUJ,622.27M,5.54%,-,-,-,-,-,-,-,-,-,-,-,11.70,0.00%,0
MMULL,-,-,-,-,-,-,-,-,-,-,-,-,-,24.17,-2.15%,"209,079"
MMULT,-,4.78%,-,-,-,-,-,-,-,-,-,-,-,24.64,0.00%,0
MMUNA,-,2.22%,-,-,-,-,-,-,-,-,-,-,-,99.56,0.00%,0
MMUNB,-,2.40%,-,-,-,-,-,-,-,-,-,-,-,98.35,0.00%,0
MMUNC,-,3.34%,-,-,-,-,-,-,-,-,-,-,-,98.18,0.00%,0
MMUND,-,3.88%,-,-,-,-,-,-,-,-,-,-,-,98.39,0.00%,0
MMUNF,-,-,-,-,-,-,-,-,-,-,-,-,-,97.97,0.00%,0
MMUNG,-,-,-,-,-,-,-,-,-,-,-,-,-,97.50,0.00%,0
MMUNH,-,-,-,-,-,-,-,-,-,-,-,-,-,97.20,0.00%,0
MMUNI,-,3.40%,-,-,-,-,-,-,-,-,-,-,-,50.57,0.00%,0
MMUNJ,-,-,-,-,-,-,-,-,-,-,-,-,-,98.93,0.00%,0
MMUNX,-,3.01%,-,-,-,-,-,-,-,-,-,-,-,23.97,0.00%,0
MMUNY,-,3.36%,-,-,-,-,-,-,-,-,-,-,-,98.97,0.00%,0
MMUR,5.23B,3.82%,2.94%,5.65%,4.06%,0.85,0.80,0.38,0.43,28.87%,21.61%,9.82%,Aug 05/a,36.47,0.80%,389
MMUSA,9.36B,0.50%,12.72%,86.39%,17.64%,0.92,0.54,3.47,3.53,5.49%,4.39%,2.87%,Aug 05/a,508.98,0.00%,0
MMUSE,-,7.92%,-,-,-,-,-,-,-,-,-,-,-,49.13,0.00%,0
MMUSQ,-,0.70%,-,-,-,-,-,-,-,-,-,-,-,25.33,0.00%,0
MMUST,-,3.50%,-,-,-,-,-,-,-,-,-,-,-,19.62,0.00%,0
MMUU,-,1.04%,-,-,-,-,-,-,-,-,-,-,-,34.52,-2.92%,"623,650"
MMUX,1.16B,-,9.34%,13.54%,9.74%,2.04,1.61,0.17,0.18,17.06%,-2.74%,32.46%,Aug 06/b,18.88,0.00%,0
MMUYY,-,46.65%,-,-,-,-,-,-,-,-,-,-,-,18.88,0.00%,0
MMUZ,-,-,-,-,-,-,-,-,-,-,-,-,-,7.41,2.21%,"389,976"
MMUZE,273.20M,-,-,-,-,6.40,6.40,0.00,0.00,-,-,-,-,10.00,0.00%,0
MMVAL,-,1.69%,-,-,-,-,-,-,-,-,-,-,-,37.35,0.00%,0
MMVBF,392.92M,2.24%,1.15%,12.00%,9.73%,0.15,-,0.16,0.17,-,4.23%,19.59%,Jul 28/a,30.30,0.00%,0
MMVFD,-,1.51%,-,-,-,-,-,-,-,-,-,-,-,30.70,0.00%,0
MMVFG,-,1.54%,-,-,-,-,-,-,-,-,-,-,-,34.57,0.00%,0
MMVIS,51.08M,-,-99.65%,-233.74%,-313.94%,0.68,0.61,0.76,2.20,-785.24%,-3083.32%,-3976.67%,Aug 06/a,1.67,0.00%,0
MMVLL,-,-,-,-,-,-,-,-,-,-,-,-,-,33.59,-1.98%,"144,194"
MMVPA,-,0.52%,-,-,-,-,-,-,-,-,-,-,-,36.01,0.00%,0
MMVPL,-,0.64%,-,-,-,-,-,-,-,-,-,-,-,45.02,0.00%,0
MMVRL,-,24.11%,-,-,-,-,-,-,-,-,-,-,-,11.36,0.00%,0
MMVST,250.79M,-,5.24%,11.40%,8.97%,1.09,0.82,0.05,0.36,33.00%,-1.84%,13.95%,Aug 10/a,0.65,0.00%,0
MMVV,-,0.73%,-,-,-,-,-,-,-,-,-,-,-,82.19,0.00%,0
MMWA,3.42B,1.28%,12.06%,21.68%,14.14%,4.64,3.08,0.40,0.40,37.86%,20.95%,15.02%,Aug 05/a,21.91,0.00%,7
MMWC,105.77M,-,6.23%,21.87%,11.95%,1.66,1.65,0.66,1.15,36.00%,10.74%,7.31%,Jul 01/b,1.78,0.00%,0
MMWG,6.53M,-,-0.71%,-2.19%,-1.77%,1.57,0.32,0.13,0.66,23.18%,1.65%,-1.03%,-,1.27,0.00%,0
MMWH,6.37B,-,-,-,-,1.09,1.00,0.12,0.17,-,-,-,Aug 13/b,31.45,16.96%,8
MMWHS,-,-,-,-,-,-,-,-,-,-,-,-,-,20.32,0.00%,0
MMWYN,21.61M,-,-10.09%,-31.09%,-52.31%,4.94,4.94,0.00,0.07,15.09%,-13.81%,-24.74%,-,1.07,9.41%,348
MMX,116.46M,-,-9.12%,-12.76%,-12.63%,2.43,1.92,0.07,0.19,16.26%,-20.37%,-17.18%,Jul 29/a,3.19,-0.31%,"3,829"
MMXC,22.51M,0.91%,7.32%,8.00%,7.70%,6.16,6.16,0.00,0.00,41.72%,25.23%,23.25%,-,11.00,0.00%,0
MMXCT,125.91M,-,-17.62%,-20.39%,-20.42%,12.26,11.47,0.10,0.11,66.17%,-103.98%,-114.77%,Aug 12/a,1.22,0.00%,0
MMXE,58.57M,1.76%,-,-,-,-,-,-,-,-,-,-,-,13.31,0.00%,0
MMXF,301.52M,6.22%,-,-,-,-,-,-,-,-,-,-,-,20.91,0.00%,0
MMXI,-,1.67%,-,-,-,-,-,-,-,-,-,-,-,109.88,0.00%,0
MMXL,7.67B,-,-12.31%,-21.32%,-16.62%,1.78,1.15,0.29,0.31,55.74%,-11.60%,-18.24%,Jul 23/a,84.59,-1.62%,"33,073"
MMXLL,-,-,-,-,-,-,-,-,-,-,-,-,-,19.27,-6.37%,249
MMYCF,-,4.32%,-,-,-,-,-,-,-,-,-,-,-,25.03,0.00%,0
MMYCG,-,4.28%,-,-,-,-,-,-,-,-,-,-,-,24.92,0.00%,0
MMYCH,-,4.34%,-,-,-,-,-,-,-,-,-,-,-,24.67,0.00%,0
MMYCI,-,4.58%,-,-,-,-,-,-,-,-,-,-,-,24.40,0.00%,0
MMYCJ,-,4.66%,-,-,-,-,-,-,-,-,-,-,-,24.15,0.00%,0
MMYCK,-,4.63%,-,-,-,-,-,-,-,-,-,-,-,24.15,0.00%,0
MMYCL,-,4.77%,-,-,-,-,-,-,-,-,-,-,-,23.94,0.00%,0
MMYCM,-,4.85%,-,-,-,-,-,-,-,-,-,-,-,23.89,0.00%,0
MMYCN,-,5.15%,-,-,-,-,-,-,-,-,-,-,-,23.69,0.00%,0
MMYCO,-,4.72%,-,-,-,-,-,-,-,-,-,-,-,23.59,0.00%,0
MMYE,1.17B,1.73%,5.97%,17.25%,6.11%,1.61,1.21,0.96,1.11,31.87%,13.06%,4.86%,Jul 30/b,31.18,0.00%,0
MMYFW,301.06M,-,0.59%,6.84%,5.32%,0.07,-,0.24,0.37,-,12.31%,9.49%,Jul 23/a,30.83,0.00%,0
MMYGN,383.56M,-,-17.11%,-32.54%,-22.20%,2.21,1.98,0.67,0.69,65.10%,-11.22%,-13.96%,Jul 30/a,4.01,0.00%,0
MMYHA,-,3.00%,-,-,-,-,-,-,-,-,-,-,-,24.84,0.00%,0
MMYHB,-,3.26%,-,-,-,-,-,-,-,-,-,-,-,24.91,0.00%,0
MMYHC,-,3.63%,-,-,-,-,-,-,-,-,-,-,-,24.93,0.00%,0
MMYHD,-,3.67%,-,-,-,-,-,-,-,-,-,-,-,24.76,0.00%,0
MMYHE,-,3.61%,-,-,-,-,-,-,-,-,-,-,-,24.49,0.00%,0
MMYI,1.23B,6.71%,-,-,-,-,-,-,-,-,-,-,-,10.02,0.00%,0
MMYLD,-,2.35%,-,-,-,-,-,-,-,-,-,-,-,32.56,0.00%,0
MMYMF,-,2.48%,-,-,-,-,-,-,-,-,-,-,-,24.88,0.00%,0
MMYMG,-,2.76%,-,-,-,-,-,-,-,-,-,-,-,24.69,0.00%,0
MMYMH,-,2.80%,-,-,-,-,-,-,-,-,-,-,-,24.44,0.00%,0
MMYMI,-,2.85%,-,-,-,-,-,-,-,-,-,-,-,24.08,0.00%,0
MMYMJ,-,2.95%,-,-,-,-,-,-,-,-,-,-,-,24.39,0.00%,0
MMYMK,-,2.51%,-,-,-,-,-,-,-,-,-,-,-,24.42,0.00%,0
MMYN,853.70M,6.75%,-,-,-,-,-,-,-,-,-,-,-,9.07,0.00%,0
MMYND,16.50M,-,-24.29%,-998.16%,-155.48%,0.63,0.42,-,-,21.99%,-20.53%,-29.82%,Aug 27/b,0.35,0.00%,0
MMYO,61.78M,-,-39.20%,-123.76%,-58.66%,2.31,2.01,3.24,3.44,68.35%,-27.05%,-33.53%,Aug 05/a,1.56,-0.64%,201
MMYPS,55.14M,-,-15.92%,-20.65%,-22.27%,2.99,2.99,0.01,0.03,60.82%,-12.82%,-20.65%,Aug 11/b,0.46,0.00%,0
MMYRG,4.49B,-,10.14%,24.71%,20.58%,1.40,1.40,0.06,0.09,12.37%,5.52%,4.13%,Jul 29/a,288.45,0.00%,0
MMYSE,9.65M,-,-126.28%,-118.38%,-178.26%,5.34,5.34,0.03,0.04,-14974.55%,-,-,-,1.88,2.17%,28
MMYSZ,1.20M,-,-92.63%,-155.11%,-238.20%,1.29,0.70,0.35,0.46,29.71%,-63.62%,-66.75%,-,1.64,0.73%,182
MMYX,145.31M,-,1.45%,1.45%,0.73%,2.62,2.62,0.00,0.00,-,-,-,-,9.97,0.00%,0
MMYY,-,4.15%,-,-,-,-,-,-,-,-,-,-,-,15.86,0.00%,0
MMZTI,2.80B,4.05%,12.93%,18.64%,14.87%,1.56,0.67,0.22,0.24,24.65%,11.54%,9.91%,Aug 25/b,102.50,0.00%,0
MMZYX,374.81M,-,-,-,-,7.42,7.42,0.00,0.00,-,-,-,-,9.99,0.00%,0
MMZZ,-,5.26%,-,-,-,-,-,-,-,-,-,-,-,6.41,0.00%,0
NNA,53.15M,-,-15.94%,-34.43%,-29.42%,1.20,1.17,0.45,0.57,-162.68%,-518.04%,-827.21%,Aug 28/b,2.29,-2.55%,"1,835"
NNAAS,74.86M,-,-,-,-,0.35,0.35,-,-,-,-,-,-,3.10,0.00%,0
NNABL,740.51M,-,-0.38%,-0.66%,-0.43%,1.28,1.28,0.53,0.54,76.28%,2.57%,-1.00%,Aug 10/b,3.92,0.00%,0
NNAC,1.65B,8.26%,-,-,-,-,-,-,-,-,-,-,-,10.56,0.00%,0
NNACP,-,0.54%,-,-,-,-,-,-,-,-,-,-,-,61.73,0.00%,0
NNAD,2.45B,8.00%,-,-,-,-,-,-,-,-,-,-,-,10.50,0.00%,2
NNAGE,240.54M,-,16.14%,21.80%,19.05%,6.50,5.13,0.02,0.03,64.24%,6.67%,12.39%,Aug 04/a,3.04,0.00%,0
NNAII,11.73M,-,-9.28%,-20.57%,-12.43%,1.64,0.87,0.83,1.03,6.95%,-4.79%,-10.20%,-,1.87,0.00%,0
NNAIL,-,1.13%,-,-,-,-,-,-,-,-,-,-,-,29.99,1.28%,"6,823"
NNAK,781.35M,-,-55.19%,-257.92%,-582.01%,0.50,0.50,0.02,8.90,-,-,-,Aug 11/b,1.39,0.00%,0
NNAKA,178.59M,-,-193.69%,-341.31%,-177.89%,0.15,0.15,0.00,0.70,-7.62%,-74.84%,-1067.92%,Aug 13/b,9.98,-0.70%,760
NNAMI,5.80M,-,-43.36%,-87.69%,-107.54%,1.53,1.47,0.02,0.24,10.88%,-25.37%,-22.96%,-,1.84,0.00%,0
NNAMM,74.40M,-,-,-,-,-,-,-,-,-,-,-,Apr 02/b,1.33,-1.33%,"2,268"
NNAMS,2.71B,-,-34.16%,-36.81%,-41.09%,9.03,9.03,0.00,0.00,96.57%,-3432.20%,-3644.21%,Aug 05/b,22.64,0.27%,"10,529"
NNAN,345.43M,8.24%,-,-,-,-,-,-,-,-,-,-,-,10.29,0.00%,0
NNANC,-,0.18%,-,-,-,-,-,-,-,-,-,-,-,52.66,0.00%,0
NNANR,-,1.63%,-,-,-,-,-,-,-,-,-,-,-,86.90,0.00%,0
NNAPR,-,-,-,-,-,-,-,-,-,-,-,-,-,60.88,0.00%,0
NNASA,-,-,-,-,-,-,-,-,-,-,-,-,-,24.77,0.07%,"41,361"
NNAT,1.69B,10.06%,13.17%,25.66%,14.55%,3.27,2.78,0.78,0.85,37.96%,28.69%,33.20%,Aug 31,8.00,0.00%,0
NNATH,399.44M,1.54%,31.07%,-,50.42%,2.45,2.39,-,-,28.53%,17.73%,11.78%,Aug 07/b,97.48,0.00%,0
NNATL,3.41B,-,3.42%,48.16%,5.91%,1.03,0.83,6.15,6.33,25.46%,12.45%,4.44%,Aug 05/b,46.08,0.00%,0
NNATO,-,0.45%,-,-,-,-,-,-,-,-,-,-,-,38.26,0.00%,0
NNATR,229.09M,-,7.03%,11.07%,9.71%,2.60,1.55,0.10,0.13,70.45%,5.96%,3.68%,Aug 06/a,13.02,0.00%,0
NNAUG,-,-,-,-,-,-,-,-,-,-,-,-,-,33.37,0.00%,0
NNAUT,121.49M,-,-30.00%,-36.21%,-36.48%,10.14,10.14,0.18,0.21,-3048.42%,-33043.68%,-29747.89%,Jul 28/b,0.95,0.00%,0
NNAVI,900.32M,6.67%,-0.10%,-1.98%,-0.12%,0.90,0.90,16.73,18.49,92.41%,78.94%,-1.64%,Aug 06/a,9.60,0.31%,554
NNAVN,5.57B,-,-23.61%,-49.39%,-23.63%,4.33,4.33,0.12,0.13,68.54%,-24.79%,-42.11%,Sep 09/a,21.36,-0.79%,"16,687"
NNAZ,148.56M,6.70%,-,-,-,-,-,-,-,-,-,-,-,11.58,0.00%,0
NNB,550.32M,-,-19.96%,-21.97%,-11.17%,31.08,31.08,0.00,0.00,-,-,-,Sep 09,3.78,1.61%,"3,202"
NNBB,431.81M,7.84%,-,-,-,-,-,-,-,-,-,-,-,14.69,0.00%,0
NNBBK,928.44M,0.92%,0.93%,7.49%,5.78%,19.89,-,0.22,0.22,-,24.11%,14.27%,Jul 22/a,22.74,0.00%,0
NNBCE,-,1.13%,-,-,-,-,-,-,-,-,-,-,-,39.37,0.00%,0
NNBCM,-,6.08%,-,-,-,-,-,-,-,-,-,-,-,31.44,0.00%,0
NNBCR,-,0.41%,-,-,-,-,-,-,-,-,-,-,-,34.66,0.00%,0
NNBDS,-,-,-,-,-,-,-,-,-,-,-,-,-,41.22,0.00%,0
NNBET,-,2.37%,-,-,-,-,-,-,-,-,-,-,-,41.08,0.00%,0
NNBFC,-,6.54%,-,-,-,-,-,-,-,-,-,-,-,50.28,0.00%,0
NNBFR,-,0.02%,-,-,-,-,-,-,-,-,-,-,-,27.03,0.00%,0
NNBGX,-,0.26%,-,-,-,-,-,-,-,-,-,-,-,30.46,0.00%,0
NNBH,284.33M,6.75%,-,-,-,-,-,-,-,-,-,-,-,9.60,0.00%,0
NNBHC,1.79B,3.19%,0.86%,6.45%,4.88%,0.04,-,0.20,0.21,-,18.73%,15.10%,Jul 21/a,40.23,0.00%,0
NNBIC,-,-,-,-,-,-,-,-,-,-,-,-,-,20.47,0.00%,0
NNBIE,-,-,-,-,-,-,-,-,-,-,-,-,-,27.10,0.00%,0
NNBIG,-,-,-,-,-,-,-,-,-,-,-,-,-,17.54,-2.34%,"57,345"
NNBIL,-,-,-,-,-,-,-,-,-,-,-,-,-,25.54,-1.92%,"130,055"
NNBIS,62.70B,-,0.37%,0.87%,0.30%,4.03,8.33,0.97,0.97,18.81%,-49.34%,4.55%,Aug 12/b,230.62,-0.94%,"264,275"
NNBIX,14.67B,-,15.26%,22.09%,17.23%,1.87,1.75,0.11,0.11,97.48%,23.90%,20.91%,Jul 30/a,144.34,0.26%,"4,443"
NNBIZ,-,-,-,-,-,-,-,-,-,-,-,-,-,22.65,4.09%,"2,993"
NNBJP,-,1.97%,-,-,-,-,-,-,-,-,-,-,-,35.71,0.00%,0
NNBN,1.13B,0.03%,2.26%,19.57%,8.61%,0.14,-,1.07,1.42,-,38.39%,28.03%,Jul 27/b,132.50,0.00%,0
NNBOS,-,7.74%,-,-,-,-,-,-,-,-,-,-,-,28.72,0.00%,0
NNBP,192.56M,-,-,-,-22.73%,7.64,7.64,0.02,0.02,-,-,-,Aug 20/b,1.66,3.11%,"1,135"
NNBR,1.27B,-,4.44%,49.24%,7.87%,1.89,1.75,3.90,3.91,18.62%,7.90%,6.50%,Jul 28/a,83.93,0.00%,363
NNBRG,76.03M,-,-,-,0.44%,0.70,0.70,0.00,0.04,-,-,-,-,10.08,0.00%,0
NNBSD,-,4.76%,-,-,-,-,-,-,-,-,-,-,-,50.24,0.00%,0
NNBSM,-,0.36%,-,-,-,-,-,-,-,-,-,-,-,27.83,0.00%,0
NNBTB,2.66B,3.00%,1.33%,11.42%,10.20%,0.08,-,0.08,0.24,-,29.36%,22.59%,Jul 27/a,51.22,0.00%,0
NNBTR,-,5.20%,-,-,-,-,-,-,-,-,-,-,-,48.56,0.00%,0
NNBTX,1.72B,-,-,-,-359.34%,1.09,1.09,-,-,-,-49.09%,-84.17%,Mar 31/a,33.95,-1.59%,9
NNBXG,1.23B,9.22%,-,-,-,-,-,-,-,-,-,-,-,15.62,0.00%,0
NNC,280.89M,2.76%,2.64%,4.07%,3.12%,3.30,2.33,0.27,0.29,18.24%,-10.18%,6.21%,Aug 05/a,37.22,0.00%,0
NNCA,285.51M,4.12%,-,-,-,-,-,-,-,-,-,-,-,8.62,0.00%,0
NNCDL,595.61M,12.69%,2.31%,5.40%,2.42%,1.19,1.19,1.28,1.28,82.92%,65.48%,25.92%,Aug 06/b,12.06,0.00%,0
NNCEL,15.99M,-,-78.31%,-,-35.85%,0.32,0.32,0.00,0.06,-,-,-,Sep 02,2.97,0.00%,0
NNCEW,55.10M,-,-70.04%,-143.48%,-174.72%,1.56,1.56,0.06,0.70,0.29%,-18.62%,-17.79%,-,17.06,0.00%,0
NNCI,32.23M,-,0.26%,0.59%,0.36%,2.61,2.01,0.65,0.82,33.85%,1.32%,0.24%,-,13.63,0.00%,0
NNCIQ,-,-,-,-,-,-,-,-,-,-,-,-,-,21.87,0.00%,0
NNCLD,-,-,-,-,-,-,-,-,-,-,-,-,-,24.51,-1.33%,"7,687"
NNCLH,6.61B,-,3.34%,36.73%,4.38%,0.20,0.17,5.75,6.21,31.82%,15.81%,7.49%,Jul 30/b,14.40,1.12%,"47,765"
NNCLO,-,5.54%,-,-,-,-,-,-,-,-,-,-,-,25.11,0.00%,0
NNCMI,210.72M,2.68%,-1.67%,-2.22%,-2.14%,1.84,1.84,0.06,0.07,27.83%,-7.11%,-3.05%,Aug 11/a,2.24,0.00%,1
NNCNA,5.69M,-,-46.15%,-70.39%,-46.96%,4.73,4.73,0.03,0.03,-,-,-,Aug 13/a,1.32,0.00%,0
NNCNO,2.15B,-,2.11%,3.38%,2.68%,0.79,0.79,0.35,0.36,59.21%,8.77%,5.40%,Aug 25/a,20.37,-0.29%,156
NNCO,145.97M,-,-,-,-,0.42,0.42,-,-,-,-,-,-,9.91,0.00%,0
NNCPB,-,5.36%,-,-,-,-,-,-,-,-,-,-,-,24.30,0.00%,0
NNCPL,7.93M,-,-85.30%,-99.45%,-127.32%,0.26,0.26,0.02,0.11,87.13%,-1294.15%,-3804.10%,Mar 19/a,1.01,-0.02%,"118,799"
NNCRA,5.30M,-,-71.98%,-99.06%,-62.28%,9.42,9.42,0.40,0.41,1.99%,-53.57%,-71.31%,-,2.23,10.38%,"1,348"
NNCT,6.86M,-,-0.75%,-2.51%,-1.38%,0.44,0.44,0.40,0.59,28.84%,5.40%,-1.95%,-,5.60,-1.75%,"1,111"
NNCTY,60.54M,-,-65.41%,-114.73%,-56.03%,2.57,2.57,0.01,0.31,1.72%,-230.86%,-375.73%,Aug 24/b,4.02,0.00%,0
NNCV,364.21M,10.12%,-,-,-,-,-,-,-,-,-,-,-,16.12,0.00%,0
NNCZ,289.43M,9.47%,-,-,-,-,-,-,-,-,-,-,-,15.21,0.00%,0
NNDAA,-,2.43%,-,-,-,-,-,-,-,-,-,-,-,24.28,0.00%,0
NNDAQ,52.82B,1.26%,6.82%,16.54%,9.39%,1.01,1.01,0.75,0.78,57.02%,30.78%,22.60%,Jul 23/b,94.50,-0.20%,907
NNDEC,-,-,-,-,-,-,-,-,-,-,-,-,-,30.94,0.00%,0
NNDIA,-,0.37%,-,-,-,-,-,-,-,-,-,-,-,26.72,0.00%,0
NNDIV,-,8.27%,-,-,-,-,-,-,-,-,-,-,-,34.41,0.00%,0
NNDLS,77.86M,-,-8.80%,-,-13.79%,0.29,0.15,-,-,11.52%,1.37%,-4.71%,Jul 24/b,13.05,0.00%,0
NNDMO,552.79M,7.96%,3.92%,5.85%,4.11%,0.99,0.99,0.42,0.42,82.00%,105.81%,84.81%,-,9.14,0.00%,0
NNDOW,-,1.18%,-,-,-,-,-,-,-,-,-,-,-,28.90,0.00%,0
NNDRA,9.46M,-,-110.08%,-152.04%,-89.64%,7.10,7.10,0.05,0.07,-,-,-,Aug 17/b,6.31,0.00%,0
NNDSN,17.51B,1.07%,9.29%,17.76%,11.42%,1.82,1.18,0.49,0.56,55.29%,26.93%,18.63%,Aug 19/a,314.35,0.00%,0
NNE,7.06B,4.53%,2.01%,3.28%,2.35%,1.91,1.91,0.42,0.42,16.55%,12.64%,4.88%,Jul 27/a,44.20,0.00%,0
NNEA,3.11B,7.91%,-,-,-,-,-,-,-,-,-,-,-,10.31,0.00%,0
NNEAR,-,4.48%,-,-,-,-,-,-,-,-,-,-,-,49.92,-0.38%,"1,135"
NNEBX,-,-,-,-,-,-,-,-,-,-,-,-,-,26.14,-2.39%,"118,859"
NNECB,373.06M,3.32%,2.07%,12.13%,7.61%,0.26,-,0.54,0.54,-,39.31%,27.76%,Jul 24/b,27.10,0.00%,0
NNEE,166.44B,3.11%,4.31%,17.23%,5.96%,0.53,0.44,1.73,1.93,35.80%,26.76%,33.12%,Jul 24/b,79.79,0.20%,"3,437"
NNEGG,292.59M,-,-,-,-,1.55,0.64,0.20,0.28,-,-,-,Aug 27/a,13.95,0.00%,0
NNEHI,-,28.13%,-,-,-,-,-,-,-,-,-,-,-,34.45,0.00%,0
NNELS,-,-,-,-,-,-,-,-,-,-,-,-,-,29.40,0.00%,0
NNEM,129.17B,0.85%,15.24%,25.53%,21.12%,2.55,2.01,0.16,0.16,56.40%,53.98%,33.98%,Jul 23/a,122.59,-0.37%,"24,230"
NNEMD,-,5.85%,-,-,-,-,-,-,-,-,-,-,-,52.12,0.00%,0
NNEMG,-,-,-,-,-,-,-,-,-,-,-,-,-,22.24,0.00%,0
NNEN,141.78M,3.14%,-1.41%,-,-1.60%,1.12,1.12,-,-,31.34%,14.60%,-7.28%,-,51.00,0.00%,0
NNEO,2.49B,-,-3.78%,-6.33%,-4.22%,3.60,3.34,0.56,0.57,41.74%,-7.03%,-6.77%,Jul 28/a,19.41,0.00%,0
NNEOG,2.97B,-,-0.23%,-0.38%,-0.27%,3.82,2.91,0.39,0.39,36.38%,-1.73%,-0.91%,Oct 06/a,13.61,0.00%,0
NNEON,13.76M,-,40.42%,46.80%,37.64%,10.86,10.86,0.04,0.05,80.45%,-408.57%,397.84%,Aug 12/b,0.82,0.00%,0
NNEOV,202.51M,-,-73.05%,-88.13%,-50.00%,8.10,7.30,0.03,0.07,20.01%,-51.96%,-63.42%,Sep 23/a,3.44,1.19%,"17,470"
NNEPH,47.51M,-,12.39%,16.10%,13.97%,4.07,2.71,0.04,0.07,60.66%,7.92%,8.38%,Aug 06/a,4.38,0.00%,0
NNERD,-,0.67%,-,-,-,-,-,-,-,-,-,-,-,22.66,0.00%,0
NNERV,175.95M,-,-628.40%,-,-,20.14,20.14,-,-,-,-,-,Aug 07/b,3.68,0.00%,0
NNESR,3.27B,0.25%,4.76%,9.44%,7.62%,1.02,0.86,0.18,0.29,12.23%,9.34%,5.77%,Aug 10/b,32.40,0.00%,0
NNET,125.66B,-,-3.43%,-14.43%,-5.46%,1.82,1.82,1.33,2.18,72.55%,-7.88%,-8.21%,Aug 06/a,352.90,0.35%,"11,770"
NNETG,-,-,-,-,-,-,-,-,-,-,-,-,-,24.71,0.00%,226
NNETL,-,5.08%,-,-,-,-,-,-,-,-,-,-,-,24.72,0.00%,0
NNEU,8.14B,1.36%,12.67%,25.02%,15.64%,2.25,1.23,0.50,0.51,31.49%,20.04%,15.74%,Jul 29/a,884.98,0.00%,0
NNEUP,20.03M,-,-,-,-54.68%,27.85,27.85,0.00,0.00,43.54%,-835.53%,-1145.66%,Sep 02,3.71,0.00%,0
NNEWP,1.19B,-,-2.83%,-2.85%,-2.63%,34.54,34.54,0.00,0.00,-,-,-,Sep 03/a,6.41,0.00%,0
NNEWT,333.91M,6.57%,2.46%,18.04%,2.10%,6.14,6.14,6.55,6.55,73.78%,37.23%,16.23%,Aug 06/a,11.56,-0.69%,2
NNEWZ,-,0.04%,-,-,-,-,-,-,-,-,-,-,-,29.79,0.00%,0
NNEXA,1.70B,2.66%,5.41%,26.52%,9.52%,0.80,0.46,1.42,1.54,25.59%,20.75%,8.08%,Aug 05/a,12.86,0.00%,0
NNEXM,77.00M,-,-87.96%,-105.51%,-83.54%,5.16,5.16,0.02,0.03,-,-,-,-,2.16,0.00%,0
NNEXN,505.15M,-,1.71%,2.73%,2.63%,1.26,1.26,0.05,0.08,65.17%,5.12%,3.41%,Aug 12/b,8.87,0.00%,0
NNEXR,0.91M,-,-35.04%,-75.88%,-151.80%,2.41,0.63,0.16,0.18,7.07%,-42.83%,-43.84%,Apr 01/b,1.64,-2.96%,"1,709"
NNEXT,1.87B,-,-3.11%,-352.95%,-3.42%,0.37,0.37,-,-,-,-,-,Jul 30/b,7.04,0.30%,112
NNFE,62.10M,-,-17.01%,-538.09%,-110.28%,0.16,0.14,-,-,3.77%,-22.48%,-152.97%,Mar 03,10.87,0.46%,97
NNFEB,-,-,-,-,-,-,-,-,-,-,-,-,-,31.20,0.00%,0
NNFG,7.60B,2.72%,7.15%,19.58%,9.01%,3.20,3.07,0.91,0.91,40.86%,36.82%,28.60%,Jul 29/a,80.00,0.00%,0
NNFGC,677.93M,-,-14.54%,-19.82%,-10.53%,5.36,5.01,0.12,0.13,-121.92%,-232.93%,-185.58%,Aug 13/b,1.76,0.00%,0
NNFJ,1.43B,7.96%,-,-,-,-,-,-,-,-,-,-,-,15.33,0.00%,1
NNFLP,-,26.45%,-,-,-,-,-,-,-,-,-,-,-,17.39,0.06%,2
NNFLT,-,5.45%,-,-,-,-,-,-,-,-,-,-,-,22.50,0.00%,0
NNFLU,-,-,-,-,-,-,-,-,-,-,-,-,-,16.67,1.96%,32
NNFLW,-,60.54%,-,-,-,-,-,-,-,-,-,-,-,15.24,0.00%,0
NNFLX,308.29B,-,24.47%,49.54%,31.11%,1.14,1.14,0.46,0.55,49.53%,30.25%,27.99%,Jul 16/a,74.04,0.92%,"126,021"
NNFLY,-,59.82%,-,-,-,-,-,-,-,-,-,-,-,7.16,0.69%,208
NNFRA,-,5.75%,-,-,-,-,-,-,-,-,-,-,-,64.41,0.00%,0
NNFRX,-,1.05%,-,-,-,-,-,-,-,-,-,-,-,25.23,0.00%,0
NNFTY,-,1.93%,-,-,-,-,-,-,-,-,-,-,-,53.16,0.00%,0
NNFX,-,-,-,-,-,-,-,-,-,-,-,-,-,22.15,0.00%,0
NNFXL,-,3.58%,-,-,-,-,-,-,-,-,-,-,-,15.74,1.03%,"6,376"
NNFXS,-,2.55%,-,-,-,-,-,-,-,-,-,-,-,20.45,-0.95%,100
NNG,3.26B,-,-15.56%,-24.63%,-12.13%,112.82,112.82,0.41,0.41,-,-,-,Jun 24/b,7.43,0.95%,"9,783"
NNGEN,213.97M,-,-117.52%,-776.07%,-366.59%,1.23,1.23,0.00,0.00,-,-,-,Aug 13/b,1.99,0.00%,0
NNGG,76.43B,4.37%,3.09%,8.63%,4.01%,0.76,0.71,1.09,1.19,31.27%,28.51%,18.31%,May 14/b,76.02,-0.86%,"2,381"
NNGHT,-,-,-,-,-,-,-,-,-,-,-,-,-,22.36,0.00%,0
NNGL,2.03B,-,-3.16%,-35.32%,-3.84%,1.14,1.04,38.98,39.57,22.58%,11.97%,-9.96%,Aug 04/a,16.28,0.00%,0
NNGNE,651.77M,-,-41.02%,-45.32%,-49.95%,10.63,10.63,0.02,0.04,-,-,-,Aug 11/b,32.57,0.00%,0
NNGS,446.93M,1.62%,3.29%,7.30%,3.29%,2.01,1.12,1.11,1.12,38.41%,23.08%,10.81%,Aug 10/a,34.65,0.00%,0
NNGVC,712.12M,1.61%,7.08%,21.56%,9.16%,1.10,0.25,1.17,1.35,27.29%,4.70%,3.55%,Aug 06/a,30.90,0.00%,0
NNGVT,2.37B,-,1.48%,30.07%,4.92%,1.61,1.15,23.03,26.36,39.04%,24.59%,4.77%,Jul 29/a,68.96,0.00%,0
NNHC,3.50B,1.16%,9.05%,13.08%,12.35%,1.86,1.83,0.01,0.03,53.41%,-7.51%,9.04%,May 08/b,223.31,0.00%,0
NNHI,3.33B,5.47%,5.89%,10.92%,5.85%,3.93,3.93,0.81,0.81,52.55%,45.30%,38.27%,Aug 10/a,67.87,0.00%,0
NNHIC,238.57M,-,-0.00%,-0.00%,-0.00%,0.08,0.08,0.00,0.00,-,-,-,-,8.64,0.00%,0
NNHIV,276.12M,-,-,-,-,4.07,4.07,0.00,0.00,-,-,-,-,10.05,0.00%,0
NNHP,310.63M,0.92%,-2.41%,-5.28%,-2.84%,0.86,0.86,0.50,0.82,17.10%,9.48%,-16.74%,Aug 05/a,16.32,0.00%,0
NNHS,235.65M,19.18%,-,-,-,-,-,-,-,-,-,-,-,5.63,0.00%,0
NNHTC,10.04M,34.19%,-4.37%,-7.37%,-9.50%,1.99,1.81,0.12,0.18,73.91%,-6.24%,-4.51%,Jul 29/b,1.17,0.00%,0
NNHYB,-,6.09%,-,-,-,-,-,-,-,-,-,-,-,24.36,0.00%,0
NNHYM,-,4.73%,-,-,-,-,-,-,-,-,-,-,-,23.91,0.00%,0
NNI,19.50B,2.95%,2.52%,9.78%,3.58%,0.50,0.41,1.63,1.82,59.16%,27.02%,13.17%,Aug 05/b,40.67,0.37%,1
NNIC,3.47B,0.85%,1.27%,8.91%,6.52%,0.11,-,0.04,0.04,-,34.41%,21.77%,Jul 21/a,165.77,0.00%,0
NNICE,6.72B,-,8.21%,11.41%,11.12%,1.33,1.33,0.02,0.02,65.12%,18.91%,13.87%,Aug 05/b,115.00,0.40%,940
NNICM,112.48M,-,-58.16%,-,-149.49%,8.34,8.34,0.04,0.06,-144.37%,-321.73%,-252.38%,Aug 14/b,5.88,0.00%,0
NNICO,-,-,-,-,-,-,-,-,-,-,-,-,-,25.00,0.00%,0
NNIE,706.58M,8.43%,-,-,-,-,-,-,-,-,-,-,-,25.50,0.00%,0
NNIHI,-,9.83%,-,-,-,-,-,-,-,-,-,-,-,52.50,0.99%,"1,102"
NNIKI,15.50M,-,-11.54%,-9.02%,-8.94%,0.78,0.78,0.00,0.15,-,-,-,-,4.97,0.00%,0
NNIKL,-,2.78%,-,-,-,-,-,-,-,-,-,-,-,14.30,0.00%,0
NNIM,111.27M,3.89%,-,-,-,-,-,-,-,-,-,-,-,8.94,0.00%,0
NNINE,131.41M,-,20.00%,283.76%,27.80%,2.34,1.68,0.88,0.99,7.82%,-1.51%,12.66%,Aug 05/a,9.42,0.00%,0
NNIO,8.61B,-,-3.95%,-311.99%,-20.69%,1.02,0.89,4.42,7.13,17.43%,-3.65%,-4.11%,Sep 01/b,3.65,-0.54%,"176,004"
NNIOG,-,-,-,-,-,-,-,-,-,-,-,-,-,6.34,0.00%,0
NNIPG,43.46M,-,-92.24%,-147.13%,-250.28%,0.87,0.79,0.07,0.62,-1.17%,-46.48%,-187.72%,-,13.25,0.00%,0
NNIQ,5.42B,-,-5.17%,-65.35%,-7.73%,1.09,1.09,4.01,4.19,40.86%,7.77%,-8.01%,Aug 10/a,18.39,0.00%,0
NNISM,-,0.24%,-,-,-,-,-,-,-,-,-,-,-,25.28,0.00%,0
NNITE,-,-,-,-,-,-,-,-,-,-,-,-,-,39.79,0.00%,0
NNIU,151.58M,-,-6.26%,-25.52%,-27.86%,1.03,0.77,0.00,0.93,18.22%,-5.29%,-4.38%,Aug 10/b,2.14,3.88%,137
NNIVF,1.75M,-,-,-,31.87%,3.07,2.90,0.16,0.18,24.20%,-226.95%,209.02%,Sep 02,0.78,8.32%,286
NNIXT,-,1.29%,-,-,-,-,-,-,-,-,-,-,-,33.28,0.00%,0
NNIXX,11.15M,-,-42.55%,-81.34%,-72.93%,0.78,0.78,0.00,0.13,-2.07%,-4.45%,-4.70%,-,0.39,6.28%,3
NNJAN,-,-,-,-,-,-,-,-,-,-,-,-,-,60.67,0.00%,0
NNJNK,-,6.44%,-,-,-,-,-,-,-,-,-,-,-,19.76,0.00%,0
NNJR,5.37B,3.64%,4.79%,14.45%,6.09%,0.66,0.45,1.28,1.47,24.49%,24.49%,16.37%,Aug 03/a,52.92,0.00%,0
NNJUL,-,-,-,-,-,-,-,-,-,-,-,-,-,78.65,0.00%,0
NNJUN,-,-,-,-,-,-,-,-,-,-,-,-,-,33.40,0.00%,0
NNKE,53.87B,4.50%,8.29%,22.14%,13.27%,1.96,1.36,0.58,0.74,43.14%,8.77%,6.70%,Oct 01/a,36.31,0.58%,"55,627"
NNKLR,456.37M,-,307.94%,925.89%,-,14.85,14.85,-,-,-,-,-,Aug 17/a,4.13,0.00%,0
NNKSH,271.77M,3.54%,1.12%,11.25%,10.50%,0.05,-,0.01,0.01,-,28.34%,23.22%,Jul 22,42.66,0.00%,0
NNKTR,2.28B,-,-24.12%,-35.75%,-15.46%,10.42,10.42,0.13,0.15,98.73%,-239.32%,-287.84%,Aug 13/a,66.84,0.00%,0
NNKTX,206.28M,-,-29.86%,-38.76%,-37.36%,7.98,7.98,0.27,0.30,-,-,-,Aug 10/a,2.88,0.00%,0
NNKX,637.12M,7.92%,-,-,-,-,-,-,-,-,-,-,-,11.31,0.00%,0
NNL,333.98M,5.71%,-5.14%,-6.72%,-7.01%,9.02,7.27,0.00,0.00,32.08%,11.10%,-15.79%,Aug 05/a,6.83,0.00%,0
NNLOP,152.44M,-,-10.44%,-13.68%,-27.72%,1.25,1.25,0.00,0.13,46.62%,37.26%,-59.16%,-,10.29,-1.91%,9
NNLR,-,2.85%,-,-,-,-,-,-,-,-,-,-,-,111.27,0.49%,33
NNLSI,-,3.46%,-,-,-,-,-,-,-,-,-,-,-,58.03,0.00%,0
NNLY,16.11B,13.78%,2.31%,19.48%,5.43%,0.04,0.04,2.21,7.38,99.87%,105.32%,36.02%,Jul 21/a,21.38,0.31%,780
NNMAD,56.67M,-,-62.04%,-70.31%,-35.87%,12.87,12.87,0.01,0.05,-,-,-,-,3.52,-4.35%,38
NNMAI,477.71M,9.88%,12.99%,19.02%,13.34%,0.37,0.37,0.36,0.42,92.29%,121.52%,110.55%,-,14.29,0.00%,0
NNMAR,-,-,-,-,-,-,-,-,-,-,-,-,-,33.12,0.00%,0
NNMAX,1.41B,-,-2.62%,-5.82%,-5.32%,2.37,2.35,0.06,0.10,38.45%,-7.40%,-3.15%,Aug 13/a,10.95,0.64%,104
NNMAY,-,-,-,-,-,-,-,-,-,-,-,-,-,30.24,0.00%,0
NNMB,-,6.03%,-,-,-,-,-,-,-,-,-,-,-,23.73,0.00%,0
NNMBL,-,0.86%,-,-,-,-,-,-,-,-,-,-,-,21.36,0.00%,0
NNMCO,556.46M,8.40%,-,-,-,-,-,-,-,-,-,-,-,9.71,0.00%,0
NNMFC,679.12M,14.90%,-1.74%,-4.14%,-2.13%,0.78,0.78,1.21,1.31,76.21%,31.52%,-23.81%,Aug 03/a,7.19,1.13%,1
NNMG,454.34M,-,-17.45%,-22.25%,-14.02%,4.10,4.10,0.00,0.04,-,-,-,Aug 12/a,1.38,-0.70%,630
NNMI,116.56M,4.73%,-,-,-,-,-,-,-,-,-,-,-,9.65,0.00%,0
NNMIH,3.20B,-,10.52%,15.43%,12.66%,3.39,-,0.15,0.15,-,73.24%,54.10%,Jul 30/a,42.51,0.00%,0
NNML,592.65M,7.34%,-,-,-,-,-,-,-,-,-,-,-,10.46,0.00%,0
NNMM,2.58B,0.26%,7.22%,13.16%,7.63%,1.53,1.53,0.63,0.70,66.97%,34.70%,29.64%,Aug 20/b,91.14,0.05%,14
NNMP,165.86M,-,5.41%,5.51%,2.75%,0.59,0.59,0.00,0.00,-,-,-,-,10.37,0.00%,0
NNMR,29.64B,3.84%,0.63%,10.93%,1.73%,1.41,1.41,5.38,10.19,40.28%,11.86%,8.09%,Jul 29/a,10.14,0.00%,0
NNMRA,129.99M,-,-121.89%,-187.11%,-218.26%,4.50,4.50,1.19,1.20,-,-,-,Aug 14/b,0.69,0.00%,0
NNMRK,2.53B,1.40%,2.80%,10.83%,5.47%,1.09,1.09,0.87,1.57,-,7.59%,4.07%,Jul 29/b,13.97,0.00%,0
NNMS,65.12M,7.68%,-,-,-,-,-,-,-,-,-,-,-,10.16,0.00%,0
NNMT,114.01M,6.76%,-,-,-,-,-,-,-,-,-,-,-,11.12,0.00%,0
NNMTC,11.84M,-,-87.56%,-124.66%,-193.85%,2.82,1.70,0.02,0.05,55.65%,-83.43%,-78.63%,Aug 19,1.30,0.00%,0
NNMZ,2.01B,8.50%,-,-,-,-,-,-,-,-,-,-,-,9.32,0.00%,0
NNN,2.59B,-,-34.64%,-77.87%,-32.40%,25.63,25.63,0.03,0.04,-301.08%,-1900.43%,-2812.55%,Aug 11/a,15.34,-2.04%,"2,695"
NNNBR,276.64M,-,-6.23%,-18.54%,-8.22%,1.79,1.08,1.40,1.50,6.93%,-3.01%,-10.51%,Aug 05/a,3.35,0.00%,254
NNNDM,326.41M,-,-19.40%,-24.57%,-32.67%,10.66,10.06,0.04,0.06,47.24%,-72.06%,-134.65%,Aug 06/a,1.55,0.00%,0
NNNE,911.83M,-,-7.88%,-8.04%,-5.48%,79.18,79.18,0.00,0.00,-590.38%,-24545.37%,-15815.12%,Aug 12/a,16.98,-0.70%,"3,623"
NNNI,4.52B,1.05%,2.12%,8.08%,2.74%,1.96,1.96,1.87,1.87,88.45%,42.87%,14.14%,Aug 06/a,126.29,0.00%,0
NNNN,8.03B,5.83%,4.10%,8.72%,4.22%,0.11,0.11,1.04,1.12,67.00%,61.44%,40.28%,Aug 05/b,41.83,0.48%,76
NNNNN,817.30M,-,26.08%,27.01%,20.29%,344.31,344.31,0.00,0.00,87.06%,66.47%,73.75%,-,5.68,0.00%,0
NNNOV,-,-,-,-,-,-,-,-,-,-,-,-,-,32.48,0.00%,0
NNNOX,58.14M,-,-84.82%,-98.98%,-153.10%,2.84,2.59,0.05,0.11,-79.87%,-387.33%,-747.20%,Sep 09/b,0.74,0.35%,"1,639"
NNNVC,45.25M,-,-79.91%,-89.97%,-88.39%,3.17,3.17,0.00,0.00,-,-,-,Sep 02,1.77,4.90%,"1,712"
NNNY,147.85M,4.60%,-,-,-,-,-,-,-,-,-,-,-,7.83,0.00%,0
NNOA,335.57M,2.77%,1.61%,6.95%,2.18%,1.07,0.90,2.18,2.47,12.82%,7.55%,2.42%,Aug 12/a,12.47,0.00%,0
NNOAH,550.43M,16.77%,5.04%,6.21%,6.11%,3.53,3.53,0.01,0.01,97.04%,31.97%,22.47%,Aug 25/a,8.18,0.00%,0
NNOBL,-,2.10%,-,-,-,-,-,-,-,-,-,-,-,55.50,0.00%,4
NNOC,74.87B,1.84%,8.97%,26.96%,13.16%,1.15,1.05,0.91,0.95,20.06%,10.72%,10.48%,Jul 21/b,527.00,0.06%,105
NNOCT,-,-,-,-,-,-,-,-,-,-,-,-,-,64.30,0.00%,0
NNODE,-,0.67%,-,-,-,-,-,-,-,-,-,-,-,43.57,0.00%,0
NNODK,305.46M,-,1.42%,3.18%,3.13%,1.19,-,0.00,0.00,-,4.18%,2.93%,-,14.97,0.00%,0
NNOEM,39.43M,-,2.03%,2.11%,2.08%,0.21,0.21,0.00,0.00,-,-,-,-,10.58,0.00%,0
NNOEQ,-,0.40%,-,-,-,-,-,-,-,-,-,-,-,29.92,0.00%,0
NNOG,2.56B,8.25%,-8.43%,-22.05%,-10.30%,0.80,0.80,1.37,1.37,33.57%,29.64%,-22.54%,Aug 06/a,24.05,1.14%,658
NNOK,60.57B,1.59%,1.98%,3.54%,2.98%,1.51,1.22,0.13,0.16,44.14%,11.13%,3.44%,Jul 23/b,10.82,-1.11%,"1,108,504"
NNOMA,27.56M,-,-27.91%,-39.56%,-28.30%,1.13,1.13,0.00,0.13,80.47%,-202.36%,-259.41%,-,1.55,0.00%,0
NNOMD,1.48B,7.29%,1.96%,4.93%,2.65%,1.10,0.66,0.90,0.92,26.91%,12.77%,4.20%,Aug 13/b,10.60,0.00%,0
NNORW,-,6.81%,-,-,-,-,-,-,-,-,-,-,-,37.20,0.40%,22
NNOV,7.10B,2.22%,0.84%,1.50%,1.13%,2.42,1.61,0.36,0.37,21.42%,6.91%,1.10%,Jul 28/a,19.93,-1.09%,10
NNOVM,-,-,-,-,-,-,-,-,-,-,-,-,-,34.26,0.00%,0
NNOVP,-,-,-,-,-,-,-,-,-,-,-,-,-,33.73,0.00%,0
NNOVT,5.36B,-,3.38%,5.11%,3.34%,4.57,3.79,0.14,0.18,41.90%,11.65%,6.00%,Aug 05/a,141.66,5.47%,12
NNOVZ,-,3.27%,-,-,-,-,-,-,-,-,-,-,-,48.14,0.00%,0
NNOW,145.44B,-,6.22%,14.24%,8.90%,0.65,0.65,0.50,0.68,74.77%,13.58%,11.34%,Jul 22/a,140.66,2.16%,"136,431"
NNOWL,-,-,-,-,-,-,-,-,-,-,-,-,-,7.83,4.26%,"314,741"
NNOWX,-,-,-,-,-,-,-,-,-,-,-,-,-,34.98,0.00%,0
NNP,4.00B,-,42.58%,-,219.60%,1.05,1.05,-,-,67.43%,43.71%,18.12%,Jul 21/a,29.17,1.89%,593
NNPAC,401.95M,-,2.99%,3.13%,3.08%,0.16,0.16,0.00,0.00,-,-,-,-,10.47,0.00%,0
NNPB,558.84M,2.78%,1.28%,14.76%,4.94%,0.11,-,1.97,2.67,-,23.52%,16.05%,Jul 21/a,16.16,0.00%,0
NNPCE,499.07M,-,-18.82%,-122.05%,-24.03%,4.94,3.91,5.70,5.89,79.63%,-15.26%,-19.34%,Aug 11/a,14.54,0.00%,0
NNPCT,272.60M,12.34%,-,-,-,-,-,-,-,-,-,-,-,9.48,0.00%,0
NNPFD,427.46M,10.72%,-,-,-,-,-,-,-,-,-,-,-,17.69,0.00%,0
NNPFE,-,-,-,-,-,-,-,-,-,-,-,-,-,28.19,0.00%,0
NNPFI,-,6.53%,-,-,-,-,-,-,-,-,-,-,-,25.59,0.00%,0
NNPK,1.08B,0.66%,8.82%,10.90%,10.19%,5.22,0.97,0.02,0.02,16.17%,9.33%,7.86%,-,151.36,0.00%,0
NNPKI,1.06B,-,9.28%,11.18%,10.05%,1.61,1.40,0.04,0.05,35.13%,17.42%,12.88%,Jul 29/a,12.48,0.00%,0
NNPO,6.27B,0.44%,1.75%,2.86%,2.04%,2.28,1.43,0.36,0.37,42.78%,15.47%,3.60%,Aug 04/b,296.19,0.00%,0
NNPT,63.23M,-,-2.12%,-212.81%,-7.41%,0.33,0.24,7.41,14.38,0.45%,-0.30%,-0.46%,-,2.85,0.00%,0
NNPV,190.74M,7.88%,-,-,-,-,-,-,-,-,-,-,-,9.75,0.00%,0
NNPWR,407.00M,-,-49.00%,-149.00%,-608.22%,17.80,17.80,0.03,0.04,-,-,-,Aug 13/a,1.81,1.12%,"1,409"
NNQLT,-,-,-,-,-,-,-,-,-,-,-,-,-,25.44,0.00%,0
NNRAM,-,-,-,-,-,-,-,-,-,-,-,-,-,24.79,0.00%,0
NNRC,470.48M,2.82%,3.93%,39.17%,5.90%,0.65,0.65,13.13,13.75,55.58%,10.53%,3.90%,Jul 28/a,21.27,0.00%,0
NNRDS,559.96M,-,14.54%,18.16%,19.64%,2.62,2.62,0.02,0.04,93.50%,10.56%,7.56%,Aug 06/a,8.76,-3.52%,82
NNRDY,110.88M,-,-43.76%,-123.23%,-82.09%,2.70,2.70,1.13,1.13,60.32%,-5.41%,-16.99%,Aug 06/a,8.68,-1.92%,100
NNREF,307.22M,12.27%,1.87%,27.82%,2.14%,1.07,1.07,11.39,11.79,89.64%,112.91%,46.43%,Aug 06/b,16.30,0.00%,0
NNRES,-,2.11%,-,-,-,-,-,-,-,-,-,-,-,34.56,0.00%,0
NNRG,21.85B,1.86%,2.65%,23.77%,3.17%,0.97,0.89,4.51,4.83,12.97%,5.47%,2.36%,Aug 04/b,103.96,0.66%,763
NNRGD,-,-,-,-,-,-,-,-,-,-,-,-,-,14.01,0.00%,0
NNRGU,-,-,-,-,-,-,-,-,-,-,-,-,-,54.00,0.31%,462
NNRGV,858.29M,-,-36.49%,-232.49%,-65.20%,1.19,0.99,24.16,35.55,19.45%,-32.84%,-50.03%,Aug 11/a,4.72,0.43%,"1,903"
NNRIM,561.01M,2.54%,2.06%,21.49%,15.59%,0.13,-,0.26,0.27,-,34.76%,26.04%,Jul 22/a,25.22,0.00%,0
NNRIX,2.68B,-,-60.57%,-80.30%,-74.60%,6.34,6.34,0.14,0.14,53.06%,-982.37%,-928.44%,Jul 09/a,25.85,1.73%,3
NNRK,853.16M,8.34%,-,-,-,-,-,-,-,-,-,-,-,9.78,0.00%,0
NNRO,172.98M,13.63%,-,-,-,-,-,-,-,-,-,-,-,2.73,0.00%,0
NNRP,1.43B,2.78%,13.76%,17.17%,16.06%,2.12,2.12,0.02,0.04,75.50%,63.77%,52.29%,Aug 05/b,107.74,0.00%,0
NNRSH,-,0.31%,-,-,-,-,-,-,-,-,-,-,-,30.59,0.00%,0
NNRSN,12.56M,-,-,-,-,-,-,-,-,-,-,-,Sep 02,6.62,0.00%,0
NNRT,80.60M,11.52%,218.59%,491.65%,476.46%,1.83,1.83,0.00,0.00,90.78%,90.70%,90.70%,-,8.77,0.00%,0
NNRXP,142.01M,-,-120.42%,-,-8209.79%,0.86,0.86,-,-,32.68%,-588.13%,-691.81%,Aug 17/b,3.28,-0.30%,708
NNRXS,89.66M,-,-89.89%,-139.76%,-111.29%,3.04,2.95,0.02,0.04,85.55%,-144.51%,-159.01%,Aug 11/b,7.14,0.00%,0
NNSAI,190.11M,-,-,-,-,0.43,0.43,0.00,2.00,-,-,-,-,9.87,0.00%,0
NNSC,69.42B,1.75%,5.90%,16.97%,8.17%,0.83,0.73,0.98,1.02,32.11%,32.11%,21.00%,Jul 23/b,309.07,0.00%,1
NNSCI,-,4.30%,-,-,-,-,-,-,-,-,-,-,-,25.00,0.00%,0
NNSEP,-,-,-,-,-,-,-,-,-,-,-,-,-,32.33,0.00%,0
NNSI,-,1.18%,-,-,-,-,-,-,-,-,-,-,-,38.75,0.00%,0
NNSIG,-,-,-,-,-,-,-,-,-,-,-,-,-,25.81,0.00%,0
NNSIT,4.60B,-,2.09%,13.11%,6.83%,1.18,1.15,0.92,1.09,22.10%,5.74%,2.45%,Aug 06/b,156.70,0.00%,0
NNSIV,-,-,-,-,-,-,-,-,-,-,-,-,-,25.87,0.00%,0
NNSLR,211.52M,10.01%,34.74%,43.19%,29.70%,6.91,6.91,0.18,0.18,100.00%,645.44%,620.63%,Aug 05/a,7.99,0.13%,304
NNSP,1.92B,4.78%,-0.75%,-18.50%,-2.97%,1.11,1.11,7.84,7.84,12.25%,-0.04%,-0.23%,Jul 29/a,50.26,0.00%,1
NNSPR,34.87M,-,-134.60%,-202.81%,-156.76%,3.80,3.52,0.06,0.10,18.05%,-494.03%,-484.11%,Aug 17/b,0.75,0.00%,0
NNSRX,40.29M,-,-153.55%,-278.36%,-90.35%,8.77,8.77,0.01,0.01,-,-,-,Aug 17/b,3.44,0.00%,0
NNSSC,1.28B,1.70%,19.49%,23.93%,21.93%,4.90,4.19,0.03,0.03,59.21%,30.47%,21.27%,Aug 24/b,35.82,0.00%,0
NNSTS,74.07M,-,-0.02%,-0.05%,-0.05%,0.40,-,0.00,0.00,-,-0.31%,-0.31%,-,14.10,0.00%,0
NNSYS,32.33M,-,1.33%,3.00%,2.37%,1.78,1.10,0.23,0.50,16.44%,2.02%,0.83%,Aug 12/a,11.33,0.00%,0
NNTAL,-,-,-,-,-,-,-,-,-,-,-,-,-,34.31,0.00%,0
NNTAP,38.43B,1.09%,13.74%,114.82%,41.30%,1.24,1.16,1.30,1.69,70.54%,26.04%,19.18%,Sep 02/a,195.66,-1.26%,703
NNTB,2.33B,3.38%,1.64%,21.14%,19.82%,0.41,-,0.03,0.03,-,30.13%,29.31%,Jul 27/a,59.15,0.00%,0
NNTCL,4.28M,-,-86.46%,-211.30%,-213.74%,0.92,0.85,0.20,0.67,15.48%,-79.66%,-94.56%,-,2.02,0.00%,0
NNTCT,2.83B,-,5.42%,7.54%,7.15%,1.81,1.76,0.02,0.02,74.01%,14.88%,13.71%,Aug 06/b,38.94,0.00%,0
NNTES,75.06B,2.68%,14.69%,20.44%,18.89%,3.45,3.44,0.00,0.08,67.21%,35.34%,27.87%,Aug 20/b,117.85,0.32%,87
NNTGR,603.92M,-,-3.23%,-5.26%,-5.24%,2.48,1.80,0.08,0.10,40.06%,-3.52%,-3.71%,Aug 06/a,22.22,0.00%,0
NNTHI,95.92M,-,-1148.42%,-,-,0.14,0.14,-,-,-,-,-,Aug 10/b,3.33,0.00%,0
NNTIC,74.93M,0.25%,-1.12%,-1.60%,-1.58%,1.72,1.15,0.01,0.22,35.76%,-6.83%,-1.26%,Jul 09/b,7.89,0.00%,0
NNTIP,34.75M,6.58%,-6.79%,-6.92%,-7.36%,46.95,46.95,0.00,0.00,-,-,-,-,1.52,0.00%,0
NNTLA,1.71B,-,-45.55%,-55.44%,-51.43%,6.65,6.65,0.07,0.10,74.37%,-711.66%,-672.16%,Aug 06/b,12.22,0.00%,"7,904"
NNTNX,18.98B,-,36.06%,37460.21%,68.91%,1.71,1.71,2.11,2.17,86.78%,10.80%,52.81%,Aug 26/a,70.16,0.17%,689
NNTR,35.44B,2.96%,4.46%,9.33%,6.56%,1.39,0.86,0.40,0.49,31.02%,13.83%,8.44%,Aug 05/a,74.26,-0.38%,95
NNTRA,53.39B,-,-8.71%,-12.54%,-9.79%,3.00,2.85,0.08,0.13,64.74%,-10.56%,-7.11%,Aug 06/a,370.39,-0.07%,219
NNTRB,94.45M,-,-84.55%,-100.75%,-129.28%,4.21,4.02,0.01,0.04,31.06%,-435.58%,-430.43%,May 01,7.77,0.00%,0
NNTRL,-,2.91%,-,-,-,-,-,-,-,-,-,-,-,21.41,0.00%,0
NNTRP,30.17M,-,-125.29%,-271.03%,-177.22%,0.61,0.61,1.01,1.28,-68.85%,-281.90%,-295.74%,Jul 14,2.00,-0.99%,100
NNTRS,32.74B,1.88%,1.27%,16.93%,11.82%,1.55,-,0.40,1.18,-,13.39%,14.34%,Jul 22/b,178.95,0.00%,0
NNTSD,-,0.13%,-,-,-,-,-,-,-,-,-,-,-,48.18,0.00%,0
NNTSE,-,2.58%,-,-,-,-,-,-,-,-,-,-,-,47.88,0.00%,0
NNTSI,-,3.49%,-,-,-,-,-,-,-,-,-,-,-,47.36,0.00%,0
NNTSK,7.55B,-,-58.05%,-,-83.88%,1.93,1.92,4.60,4.67,69.90%,-94.23%,-91.84%,Sep 02/a,18.47,0.38%,"5,564"
NNTST,1.85B,4.91%,0.52%,0.96%,0.47%,236.55,236.55,0.90,0.90,47.22%,36.89%,6.32%,Jul 22/a,18.15,0.00%,0
NNTSX,-,1.07%,-,-,-,-,-,-,-,-,-,-,-,60.24,0.00%,0
NNTWK,54.28M,-,2.72%,4.86%,4.67%,1.94,1.94,0.02,0.25,50.40%,7.86%,2.45%,Sep 28/b,4.57,0.00%,0
NNTWO,264.07M,-,2.71%,2.81%,2.78%,0.40,0.40,0.00,0.00,-,-,-,-,10.95,0.00%,0
NNU,67.96B,-,4.96%,31.61%,22.88%,0.66,-,0.19,3.17,-,24.54%,20.16%,Aug 13/a,14.07,0.06%,"45,223"
NNUAG,-,4.63%,-,-,-,-,-,-,-,-,-,-,-,20.38,0.00%,0
NNUAI,804.52M,-,-57.21%,-77.90%,-35.07%,14.21,14.21,0.11,0.11,-165.01%,-3824.76%,-5985.71%,Aug 14/a,7.55,-1.31%,"50,637"
NNUBD,-,4.13%,-,-,-,-,-,-,-,-,-,-,-,21.50,0.00%,0
NNUCL,183.10M,-,-3.09%,-3.26%,-15.46%,15.88,15.88,0.03,0.04,-,-,-,-,6.19,0.00%,0
NNUDM,-,4.93%,-,-,-,-,-,-,-,-,-,-,-,40.49,0.00%,0
NNUDV,-,2.13%,-,-,-,-,-,-,-,-,-,-,-,33.09,0.00%,0
NNUE,55.33B,0.92%,8.07%,13.52%,10.08%,2.51,1.36,0.29,0.32,15.44%,11.52%,7.96%,Jul 27/a,243.88,0.61%,112
NNUEM,-,2.90%,-,-,-,-,-,-,-,-,-,-,-,43.86,0.00%,0
NNUG,-,-,-,-,-,-,-,-,-,-,-,-,-,9.26,0.00%,0
NNUGO,-,-,-,-,-,-,-,-,-,-,-,-,-,44.40,0.00%,0
NNUGT,-,0.65%,-,-,-,-,-,-,-,-,-,-,-,171.14,-0.91%,"10,466"
NNUGY,-,111.20%,-,-,-,-,-,-,-,-,-,-,-,11.99,0.00%,0
NNUHY,-,6.85%,-,-,-,-,-,-,-,-,-,-,-,20.90,0.00%,0
NNUIB,-,-,-,-,-,-,-,-,-,-,-,-,-,25.12,0.00%,0
NNUIF,-,-,-,-,-,-,-,-,-,-,-,-,-,24.01,0.00%,0
NNUKX,-,8.83%,-,-,-,-,-,-,-,-,-,-,-,33.70,0.00%,0
NNUKZ,-,0.91%,-,-,-,-,-,-,-,-,-,-,-,63.31,0.00%,0
NNULC,-,0.88%,-,-,-,-,-,-,-,-,-,-,-,55.97,0.00%,0
NNULG,-,0.10%,-,-,-,-,-,-,-,-,-,-,-,114.50,0.62%,7
NNULV,-,1.38%,-,-,-,-,-,-,-,-,-,-,-,53.52,0.00%,0
NNUMG,-,0.01%,-,-,-,-,-,-,-,-,-,-,-,46.25,0.00%,0
NNUMI,-,3.64%,-,-,-,-,-,-,-,-,-,-,-,24.08,0.00%,0
NNUMV,-,1.38%,-,-,-,-,-,-,-,-,-,-,-,43.61,0.00%,0
NNUR,17.21M,-,-79.75%,-,-3123.98%,0.59,0.34,2.20,69.13,22.27%,-295.11%,-695.13%,-,1.30,-3.36%,"44,712"
NNURE,-,4.38%,-,-,-,-,-,-,-,-,-,-,-,30.02,0.00%,0
NNUS,227.81M,5.13%,-16.87%,-32.53%,-27.51%,1.98,1.24,0.45,0.49,69.19%,5.11%,-15.73%,Aug 10/a,4.68,0.00%,16
NNUSA,-,3.92%,-,-,-,-,-,-,-,-,-,-,-,22.78,0.00%,0
NNUSB,-,4.18%,-,-,-,-,-,-,-,-,-,-,-,25.20,0.00%,0
NNUSC,-,0.94%,-,-,-,-,-,-,-,-,-,-,-,49.80,0.00%,0
NNUTX,1.38B,-,19.93%,57.16%,24.87%,5.00,4.96,0.83,0.88,51.26%,43.02%,21.25%,Aug 06/a,201.48,0.00%,0
NNUV,1.78B,4.53%,-,-,-,-,-,-,-,-,-,-,-,8.47,0.00%,0
NNUVB,2.14B,-,-21.53%,-47.81%,-23.07%,8.37,8.14,1.56,1.64,86.91%,-81.00%,-88.19%,Aug 06/b,6.08,0.16%,341
NNUW,238.57M,4.33%,-,-,-,-,-,-,-,-,-,-,-,13.29,0.00%,0
NNUWE,2.99M,-,-123.57%,-609.44%,-,1.97,1.54,-,-,69.69%,-142.87%,-125.57%,Aug 13/b,0.82,-6.12%,"3,618"
NNVA,222.98M,-,-13.22%,-16.42%,-12.89%,3.63,3.63,0.03,0.04,-,-,-,Mar 13/b,5.84,0.00%,0
NNVAX,1.70B,-,-21.62%,-,-241.68%,2.33,2.30,-,-,78.65%,-28.82%,-59.87%,Aug 06/b,10.32,-0.86%,"6,719"
NNVBT,-,-,-,-,-,-,-,-,-,-,-,-,-,41.05,0.00%,0
NNVBU,-,-,-,-,-,-,-,-,-,-,-,-,-,31.60,0.00%,0
NNVBW,-,-,-,-,-,-,-,-,-,-,-,-,-,36.61,0.00%,0
NNVC,-,-,-,-,-,-,-,-,-,-,-,-,-,31.77,0.00%,0
NNVCR,1.91B,-,-14.56%,-43.22%,-26.00%,2.89,2.70,0.69,0.69,76.13%,-22.08%,-21.25%,Jul 23/b,16.38,-0.92%,104
NNVCT,717.52M,-,-122.61%,-233.30%,-333.35%,1.68,1.68,0.00,0.00,-,-,-,Aug 04/b,21.98,0.00%,0
NNVD,-,22.99%,-,-,-,-,-,-,-,-,-,-,-,3.68,0.55%,"72,894"
NNVDA,5463.12B,0.33%,83.68%,117.21%,72.42%,4.59,3.85,0.16,0.17,74.67%,65.21%,63.66%,Aug 26/a,226.69,-0.31%,"774,228"
NNVDB,-,1.32%,-,-,-,-,-,-,-,-,-,-,-,34.13,0.00%,0
NNVDD,-,4.69%,-,-,-,-,-,-,-,-,-,-,-,28.98,-1.26%,96
NNVDG,-,9.69%,-,-,-,-,-,-,-,-,-,-,-,20.53,-1.25%,"1,265"
NNVDL,-,-,-,-,-,-,-,-,-,-,-,-,-,36.31,-0.52%,"166,712"
NNVDQ,-,0.53%,-,-,-,-,-,-,-,-,-,-,-,8.29,0.61%,"31,067"
NNVDS,-,22.16%,-,-,-,-,-,-,-,-,-,-,-,17.94,0.79%,"2,186"
NNVDU,-,1.83%,-,-,-,-,-,-,-,-,-,-,-,143.75,-1.20%,"6,295"
NNVDW,-,50.56%,-,-,-,-,-,-,-,-,-,-,-,37.18,-0.58%,385
NNVDX,-,2.81%,-,-,-,-,-,-,-,-,-,-,-,20.43,-0.68%,"44,554"
NNVDY,-,54.13%,-,-,-,-,-,-,-,-,-,-,-,12.68,-0.39%,"24,034"
NNVEC,502.78M,3.85%,28.67%,29.81%,29.79%,23.72,19.28,0.01,0.02,79.26%,62.07%,57.64%,Jul 22/a,103.94,0.00%,0
NNVG,2.45B,8.35%,-,-,-,-,-,-,-,-,-,-,-,11.35,0.00%,0
NNVGS,1.48B,1.73%,5.96%,11.42%,6.92%,1.71,1.62,0.63,0.75,32.39%,25.96%,22.80%,Aug 04/a,24.13,-0.94%,1
NNVIB,-,2.42%,-,-,-,-,-,-,-,-,-,-,-,28.13,0.00%,0
NNVII,-,51.89%,-,-,-,-,-,-,-,-,-,-,-,24.70,-0.52%,"3,992"
NNVIR,-,0.76%,-,-,-,-,-,-,-,-,-,-,-,39.17,0.00%,0
NNVIT,-,19.38%,-,-,-,-,-,-,-,-,-,-,-,51.49,0.00%,0
NNVMI,11.46B,-,13.44%,21.11%,17.73%,1.55,1.35,0.04,0.55,57.12%,28.97%,28.84%,Aug 06/b,360.23,-0.71%,"1,462"
NNVNI,11.34M,-,-19.97%,-,-,0.14,0.14,-,-,67.45%,14.38%,-35.62%,Sep 21/b,0.97,0.00%,0
NNVNO,6.29M,-,-53.09%,-58.53%,-75.69%,11.70,11.70,0.00,0.02,-,-,-,Jul 31/b,9.05,0.00%,0
NNVO,132.16B,4.59%,21.81%,60.35%,34.67%,0.87,0.66,0.55,0.63,80.65%,45.38%,35.36%,Aug 04/a,39.50,-0.75%,"383,152"
NNVOC,-,-,-,-,-,-,-,-,-,-,-,-,-,15.72,0.00%,0
NNVOH,-,7.11%,-,-,-,-,-,-,-,-,-,-,-,21.95,0.00%,0
NNVOX,-,-,-,-,-,-,-,-,-,-,-,-,-,10.30,-1.34%,"33,878"
NNVPS,-,-,-,-,-,-,-,-,-,-,-,-,-,23.64,0.00%,0
NNVR,16.49B,-,20.01%,31.54%,25.69%,3.38,1.21,0.31,0.31,20.40%,13.01%,12.22%,Jul 23/b,6188.95,0.00%,0
NNVRI,584.10M,-,-,-,-,1.43,1.19,0.63,0.66,-,-,-,Aug 11/b,20.72,0.00%,0
NNVS,259.00B,3.10%,11.27%,30.56%,15.82%,0.86,0.67,0.94,1.18,74.08%,29.58%,23.29%,Jul 21/b,141.49,0.36%,668
NNVST,3.76B,-,1.69%,3.06%,2.05%,2.43,2.07,0.50,0.52,55.86%,10.61%,3.33%,Aug 05/a,23.43,0.00%,8
NNVT,26.45B,0.42%,8.51%,15.75%,10.65%,1.80,1.33,0.40,0.41,36.97%,17.40%,12.28%,Jul 31/b,163.44,2.51%,669
NNVTC,-,-,-,-,-,-,-,-,-,-,-,-,-,12.85,0.00%,0
NNVTS,3.15B,-,-48.84%,-52.60%,-38.92%,21.79,21.09,0.00,0.01,-13.71%,-269.30%,-856.86%,Jul 27/a,12.08,-0.66%,"187,755"
NNVTX,-,21.07%,-,-,-,-,-,-,-,-,-,-,-,16.69,-3.60%,"46,358"
NNVX,70.86M,-,-38.24%,-65.99%,-51.70%,0.97,0.97,0.23,0.63,-434.25%,-1740.00%,-3478.95%,Aug 31/b,2.84,0.00%,3
NNVYY,-,115.94%,-,-,-,-,-,-,-,-,-,-,-,11.22,-0.80%,225
NNWAX,502.48M,-,-,-,1.26%,0.39,0.39,0.00,0.00,-,-,-,-,10.09,0.00%,0
NNWBI,2.24B,5.23%,0.97%,8.57%,6.21%,0.03,-,0.28,0.44,-,25.03%,16.25%,Jul 27/a,15.30,0.00%,0
NNWCL,-,-,-,-,-,-,-,-,-,-,-,-,-,9.11,5.44%,"135,595"
NNWE,4.30B,3.84%,2.04%,5.94%,2.70%,0.83,0.58,1.19,1.24,59.19%,18.84%,10.13%,Jul 29/a,69.83,0.00%,0
NNWFL,374.49M,3.70%,1.09%,11.20%,8.15%,0.06,-,0.22,0.23,-,26.80%,18.69%,Jul 22/b,34.35,0.00%,0
NNWG,74.09B,5.39%,0.81%,16.07%,3.53%,1.62,-,3.45,4.29,-,27.46%,19.60%,Jul 31/b,18.67,-1.48%,161
NNWGL,24.14M,-,-23.32%,-99.93%,-153.56%,1.31,1.08,0.01,1.61,9.60%,-19.89%,-40.16%,-,1.40,6.06%,152
NNWL,2.39B,5.17%,-1.96%,-8.59%,-2.98%,1.11,0.59,2.02,2.26,35.47%,8.36%,-3.05%,Jul 31/b,5.60,0.00%,0
NNWN,2.02B,4.11%,2.06%,8.35%,3.14%,0.77,0.55,1.57,1.73,43.75%,35.65%,9.75%,Aug 05/b,48.07,0.00%,0
NNWPX,987.91M,-,7.83%,12.22%,9.54%,2.71,1.94,0.22,0.24,20.88%,11.47%,8.49%,Jul 29/a,102.51,0.00%,231
NNWS,16.64B,0.61%,3.69%,6.62%,5.05%,1.62,1.51,0.33,0.34,51.50%,12.64%,6.35%,Aug 05/a,32.86,0.00%,0
NNWSA,16.73B,0.67%,3.69%,6.62%,5.05%,1.62,1.51,0.33,0.34,51.50%,12.64%,6.35%,Aug 05/a,29.86,0.54%,404
NNWTG,6.48M,-,-197.78%,-2023.16%,-,0.35,0.25,-,-,50.22%,-114.81%,-124.40%,Aug 14/a,1.15,0.00%,0
NNX,921.11M,1.59%,2.30%,6.20%,2.94%,2.23,1.21,1.07,1.13,21.29%,5.96%,2.43%,Sep 03/a,20.10,0.00%,0
NNXAT,3.44M,-,-,-,-,-,-,-,-,-,-,-,-,1.27,7.63%,394
NNXB,52.30M,-,-11.98%,-127.29%,-25.00%,1.04,0.16,1.63,6.63,3.05%,-3.55%,-5.36%,Aug 13/a,2.08,0.00%,0
NNXDR,1.02B,-,-6.39%,-7.24%,-7.09%,13.27,13.27,0.05,0.07,83.62%,-16.62%,-11.08%,Aug 04/a,2.64,0.00%,0
NNXDT,278.28M,9.16%,-6.24%,-9.12%,-7.90%,0.30,0.30,0.19,0.39,23.61%,-52.40%,-96.24%,-,5.24,0.00%,0
NNXE,6.64B,-,-12.65%,-17.98%,-14.19%,1.46,1.46,0.00,0.33,-,-,-,Aug 05/b,9.91,1.09%,"3,464"
NNXG,408.48M,12.06%,-,-,-,-,-,-,-,-,-,-,-,55.71,0.00%,0
NNXGL,3.27M,-,-34.21%,-128.59%,-53.83%,0.43,0.27,1.32,1.51,34.73%,-44.77%,-51.26%,Aug 14/b,0.26,0.00%,0
NNXH,338.06M,-,-16.39%,-47.04%,-26.11%,0.76,0.59,0.45,0.71,23.71%,-7.34%,-7.13%,Aug 04/a,3.54,1.43%,258
NNXL,3.54M,-,-187.89%,-240.25%,-591.60%,1.25,1.10,0.00,0.00,-931.75%,-4202.54%,-4139.38%,Jun 03,4.27,0.00%,0
NNXP,847.56M,4.82%,-,-,-,-,-,-,-,-,-,-,-,13.45,0.00%,0
NNXPG,-,-,-,-,-,-,-,-,-,-,-,-,-,7.52,0.00%,0
NNXPI,58.31B,1.92%,11.46%,28.38%,13.92%,2.04,1.36,0.88,0.96,55.15%,28.70%,22.56%,Jul 28/a,231.25,-0.50%,"3,766"
NNXPL,25.33M,-,-28.78%,-43.10%,-48.85%,2.29,1.92,0.07,0.10,4.28%,-13.80%,-20.38%,Aug 13/b,9.34,0.00%,0
NNXPX,-,-,-,-,-,-,-,-,-,-,-,-,-,11.41,0.00%,0
NNXRT,548.20M,9.92%,-1.70%,-9.78%,-1.73%,2.60,2.60,5.83,5.83,56.06%,11.11%,-12.60%,Aug 04/b,21.37,0.00%,0
NNXST,5.12B,4.45%,1.14%,7.34%,1.19%,1.56,1.56,5.17,5.34,40.64%,18.01%,2.83%,Aug 06/b,166.15,0.00%,0
NNXT,12.63B,-,15.53%,27.22%,22.89%,2.69,2.43,0.02,0.02,32.99%,19.70%,16.36%,Jul 30/a,83.25,0.12%,288
NNXTC,26.18M,-,-121.60%,-195.22%,-271.38%,3.47,3.47,0.30,0.35,-,-,-,Aug 06/a,5.72,4.76%,7
NNXTE,-,0.51%,-,-,-,-,-,-,-,-,-,-,-,49.04,0.00%,0
NNXTG,-,1.16%,-,-,-,-,-,-,-,-,-,-,-,158.53,0.00%,0
NNXTI,-,0.53%,-,-,-,-,-,-,-,-,-,-,-,36.39,0.00%,0
NNXTS,2.01M,-,-79.42%,-93.11%,-316.15%,3.72,3.72,0.11,0.23,63.56%,-2641.93%,-3208.23%,-,1.38,0.00%,0
NNXTT,9.48M,-,-53.14%,-59.40%,-62.72%,175.57,175.57,0.00,0.00,16.94%,-703.80%,-2355.98%,-,6.44,-4.77%,442
NNXUS,-,2.55%,-,-,-,-,-,-,-,-,-,-,-,24.43,0.00%,0
NNXXT,14.74M,-,-307.26%,-,-,0.18,0.16,-,-,5.09%,-41.89%,-62.16%,Aug 13/a,0.88,-3.10%,"3,537"
NNYAX,1.58B,-,1.01%,3.52%,1.32%,2.12,2.03,1.43,1.46,44.37%,4.32%,1.74%,Aug 10/b,42.19,-4.48%,110
NNYC,18.89M,-,2.86%,29.37%,3.67%,9.60,9.60,5.68,6.62,-13.74%,-39.15%,35.78%,Aug 12/b,5.97,0.00%,0
NNYF,-,3.26%,-,-,-,-,-,-,-,-,-,-,-,51.47,0.00%,0
NNYM,-,2.52%,-,-,-,-,-,-,-,-,-,-,-,24.40,0.00%,0
NNYNY,-,-,-,-,-,-,-,-,-,-,-,-,-,27.16,0.00%,0
NNYSX,-,0.04%,-,-,-,-,-,-,-,-,-,-,-,132.12,-0.00%,6
NNYT,11.38B,1.28%,13.57%,19.72%,19.19%,1.58,1.58,0.00,0.00,48.59%,16.82%,13.19%,Aug 05/b,70.53,0.00%,19
NNYXH,150.72M,-,-67.96%,-123.53%,-81.97%,2.37,2.29,0.44,0.72,30.34%,-393.88%,-443.15%,Aug 05/a,1.48,0.00%,"2,598"
NNYYY,-,6.27%,-,-,-,-,-,-,-,-,-,-,-,45.25,0.00%,0
NNZAC,-,1.99%,-,-,-,-,-,-,-,-,-,-,-,47.43,0.00%,0
NNZF,2.23B,8.46%,-,-,-,-,-,-,-,-,-,-,-,11.35,0.00%,0
OO,53.88B,5.73%,1.71%,3.22%,1.82%,0.50,0.50,0.76,0.83,50.82%,45.61%,20.88%,Aug 05/a,56.94,0.51%,"28,719"
OOABI,668.80M,-,-15.11%,-16.95%,-16.09%,4.80,4.72,0.06,0.07,36.40%,-125.96%,-115.12%,Aug 06/a,4.60,0.44%,3
OOACC,264.02M,-,3.33%,3.47%,3.41%,0.73,0.73,0.00,0.00,-,-,-,-,10.74,0.00%,0
OOACP,-,4.42%,-,-,-,-,-,-,-,-,-,-,-,22.15,0.00%,0
OOAEM,-,0.56%,-,-,-,-,-,-,-,-,-,-,-,50.28,0.00%,0
OOAIM,-,0.83%,-,-,-,-,-,-,-,-,-,-,-,49.11,0.00%,0
OOAIW,-,-,-,-,-,-,-,-,-,-,-,-,-,24.92,0.00%,266
OOAKG,-,0.04%,-,-,-,-,-,-,-,-,-,-,-,26.80,0.00%,0
OOAKI,-,0.04%,-,-,-,-,-,-,-,-,-,-,-,26.43,0.00%,0
OOAKM,-,0.62%,-,-,-,-,-,-,-,-,-,-,-,30.49,0.00%,0
OOALC,-,0.52%,-,-,-,-,-,-,-,-,-,-,-,41.57,0.00%,0
OOARK,-,55.54%,-,-,-,-,-,-,-,-,-,-,-,30.42,0.00%,0
OOASC,-,0.46%,-,-,-,-,-,-,-,-,-,-,-,34.05,0.00%,0
OOBA,326.37M,-,3.52%,3.69%,3.70%,5.25,5.25,0.00,0.00,-,-,-,-,10.32,0.00%,0
OOBAI,8.09M,-,-,-,-,0.88,0.88,-,-,0.30%,-151.52%,-169.59%,Aug 14/b,0.27,0.00%,"1,352"
OOBDC,5.52B,11.77%,1.76%,3.92%,1.93%,1.42,1.42,1.12,1.12,75.01%,54.12%,18.52%,Aug 05/a,11.19,0.00%,0
OOBE,772.07M,-,1.43%,2.00%,1.61%,0.78,0.78,0.27,0.27,29.10%,21.99%,5.10%,Jul 30/b,11.57,0.00%,0
OOBIL,-,3.62%,-,-,-,-,-,-,-,-,-,-,-,49.94,0.00%,0
OOBIO,370.25M,-,-74.47%,-397.30%,-59.40%,8.26,8.24,2.38,2.41,98.64%,-181.36%,-186.30%,Aug 10/a,6.16,-1.44%,9
OOBK,1.65B,1.72%,1.00%,8.02%,7.65%,0.07,-,0.02,0.12,-,19.81%,16.44%,Jul 22/a,53.64,0.00%,0
OOBND,-,6.48%,-,-,-,-,-,-,-,-,-,-,-,25.24,0.00%,0
OOBOR,-,1.84%,-,-,-,-,-,-,-,-,-,-,-,28.06,0.00%,0
OOBT,501.86M,1.82%,1.75%,16.95%,13.89%,0.22,-,0.11,0.11,-,33.30%,29.88%,Jul 28/a,37.43,0.00%,0
OOBTC,-,-,-,-,-,-,-,-,-,-,-,-,-,27.68,0.00%,0
OOBX,1.07B,-,432.24%,-,397.65%,2.30,2.30,0.03,0.10,-,-,-,Aug 12,17.33,0.00%,0
OOC,9.61B,2.54%,-3.15%,-9.60%,-7.97%,1.16,0.67,1.23,1.52,26.51%,14.92%,-6.81%,Aug 05/b,121.59,0.00%,0
OOCAC,156.19M,-,-,-,-,0.01,0.01,-,-,-,-,-,-,9.98,0.00%,0
OOCC,130.69M,-,6.03%,11.22%,9.02%,2.17,0.77,0.17,0.46,34.22%,4.23%,3.10%,Sep 09/b,14.78,0.00%,40
OOCCI,69.03M,39.36%,-,-,-,-,-,-,-,-,-,-,-,2.35,-0.42%,18
OOCDB,-,-,-,-,-,-,-,-,-,-,-,-,-,26.72,0.00%,0
OOCFC,1.73B,4.57%,0.26%,2.36%,1.02%,0.03,-,0.95,0.98,-,16.87%,6.38%,Jul 30/a,17.57,0.00%,0
OOCG,3.06M,-,-6.45%,-6.74%,-5.97%,30.14,29.84,0.00,0.00,85.66%,-203.48%,-204.25%,-,1.58,-0.63%,480
OOCGN,345.89M,-,-92.03%,-660.00%,-,0.80,0.80,-,-,43.36%,-1504.43%,-1786.27%,Aug 06/b,1.02,-0.97%,"5,901"
OOCIO,-,1.99%,-,-,-,-,-,-,-,-,-,-,-,38.31,0.00%,0
OOCLT,145.38M,-,-,-,-,-,-,-,-,-,-,-,-,9.89,0.00%,0
OOCNL,-,-,-,-,-,-,-,-,-,-,-,-,-,30.99,0.00%,0
OOCS,624.50M,-,-37.11%,-44.24%,-36.45%,8.35,8.35,0.01,0.01,-,-,-,Aug 06/a,10.14,0.00%,0
OOCSL,1.10B,11.38%,1.45%,2.95%,1.76%,0.22,0.22,0.73,1.04,83.05%,61.45%,17.79%,Aug 05/b,12.46,0.00%,0
OOCTB,-,-,-,-,-,-,-,-,-,-,-,-,-,28.14,0.00%,0
OOCTH,-,6.35%,-,-,-,-,-,-,-,-,-,-,-,24.25,0.00%,0
OOCTJ,-,5.24%,-,-,-,-,-,-,-,-,-,-,-,24.14,0.00%,0
OOCTM,-,-,-,-,-,-,-,-,-,-,-,-,-,34.16,0.00%,0
OOCTP,-,-,-,-,-,-,-,-,-,-,-,-,-,33.45,0.00%,0
OOCTT,-,-,-,-,-,-,-,-,-,-,-,-,-,48.44,0.00%,0
OOCTU,-,-,-,-,-,-,-,-,-,-,-,-,-,31.26,0.00%,0
OOCTV,5.14B,-,-,-,-,1.03,1.03,0.13,0.14,-,-,-,Aug 12/b,19.13,-0.42%,"6,418"
OOCTW,-,-,-,-,-,-,-,-,-,-,-,-,-,41.95,0.00%,0
OOCTZ,-,1.98%,-,-,-,-,-,-,-,-,-,-,-,46.90,0.00%,0
OOCUL,2.23B,-,-53.70%,-72.99%,-50.55%,13.11,13.03,0.15,0.15,87.11%,-603.04%,-579.10%,Aug 03/b,10.16,1.70%,13
OODC,1.21B,0.91%,13.66%,19.98%,15.88%,3.28,2.40,0.17,0.19,26.68%,13.35%,10.85%,Oct 08/a,89.90,0.02%,222
OODD,880.22M,-,1.49%,5.10%,1.90%,3.45,2.11,2.28,2.30,70.01%,-1.14%,2.23%,Sep 09/b,19.08,4.34%,2
OODDS,-,0.75%,-,-,-,-,-,-,-,-,-,-,-,24.80,0.00%,0
OODDZ,-,-,-,-,-,-,-,-,-,-,-,-,-,22.51,0.00%,0
OODFL,36.42B,0.66%,19.30%,24.82%,23.95%,1.89,1.89,0.00,0.00,32.30%,25.99%,19.44%,Jul 29/b,175.62,0.15%,197
OODHY,-,5.26%,-,-,-,-,-,-,-,-,-,-,-,9.86,0.00%,0
OODTE,-,6.60%,-,-,-,-,-,-,-,-,-,-,-,25.27,0.00%,0
OODTX,1.11B,-,-,-,-,11.36,11.36,0.05,0.06,-,-,-,Sep 02,23.06,0.00%,0
OODYS,67.82M,-,-62.83%,-72.81%,-103.19%,5.82,5.75,0.01,0.05,34.86%,-1743.67%,-1669.72%,Aug 13/b,3.35,0.00%,0
OOEC,335.18M,1.36%,-4.80%,-22.74%,-9.32%,1.03,0.64,1.72,2.66,18.40%,3.85%,-5.28%,Aug 05/a,5.93,0.00%,0
OOEF,-,0.84%,-,-,-,-,-,-,-,-,-,-,-,387.11,-0.01%,27
OOEFA,-,1.63%,-,-,-,-,-,-,-,-,-,-,-,35.02,0.00%,0
OOEI,-,8.05%,-,-,-,-,-,-,-,-,-,-,-,26.52,0.00%,0
OOESX,113.48M,-,0.08%,0.27%,0.15%,1.54,1.13,0.45,0.51,33.63%,1.60%,0.04%,Aug 05/b,27.75,0.00%,0
OOFAL,13.38M,-,-,-,-,0.25,0.25,0.24,0.27,-,-,-,-,0.56,-2.60%,"21,082"
OOFG,2.21B,2.68%,1.81%,16.08%,15.47%,0.11,-,0.01,0.41,-,27.43%,23.99%,Jul 21/b,52.24,0.00%,0
OOFIX,367.55M,-,-7.22%,-13.91%,-8.97%,2.84,1.67,0.60,0.61,69.84%,-4.34%,-7.41%,Aug 05/b,9.02,0.82%,1
OOFLX,259.93M,5.28%,11.65%,14.27%,13.80%,5.63,4.58,0.05,0.06,52.23%,14.00%,12.27%,Aug 12/a,25.75,0.00%,0
OOFRM,688.65M,-,-6.51%,-16.01%,-6.12%,4.01,2.90,0.00,0.00,41.18%,-6.36%,-3.30%,Aug 06/a,16.40,0.00%,0
OOFS,49.57M,18.38%,-6.34%,-17.15%,-7.50%,0.74,0.74,1.63,1.63,41.51%,-34.73%,-171.24%,Jul 30/a,3.70,0.00%,0
OOGC,6.22B,1.07%,27.12%,37.90%,33.66%,1.63,1.24,0.01,0.02,51.61%,44.31%,35.14%,Aug 05/a,27.95,0.00%,0
OOGE,9.31B,3.79%,3.25%,9.70%,4.41%,0.77,0.47,1.12,1.17,44.81%,24.24%,14.43%,Jul 29/b,45.05,0.00%,0
OOGEN,2.34M,-,-264.23%,-1307.06%,-274.70%,3.01,3.01,0.00,0.00,-,-,-,-,0.52,0.00%,0
OOGG,805.15M,-,4.58%,7.79%,6.20%,3.58,3.53,0.40,0.41,21.45%,-51.88%,148.73%,-,2.63,0.00%,0
OOGI,159.34M,-,12.56%,19.95%,17.27%,2.61,1.07,0.05,0.06,4.11%,-30.10%,27.86%,Aug 11/b,1.13,0.89%,35
OOGIG,-,0.08%,-,-,-,-,-,-,-,-,-,-,-,50.96,0.00%,0
OOGN,3.59B,0.58%,1.57%,24.04%,2.20%,1.95,1.44,8.43,8.50,53.09%,19.41%,3.41%,Aug 11,13.68,0.00%,3
OOGS,4.67B,3.66%,3.36%,8.58%,4.90%,0.48,0.30,0.66,0.96,24.72%,20.65%,12.47%,Aug 04/a,74.31,0.00%,0
OOGSP,-,5.87%,-,-,-,-,-,-,-,-,-,-,-,9.97,0.00%,0
OOHAC,250.10M,-,-,-,-,0.63,0.63,0.00,0.00,-,-,-,-,9.98,0.00%,0
OOHI,13.94B,5.87%,8.20%,16.24%,8.95%,2.46,2.46,0.75,0.75,72.24%,63.30%,65.26%,Jul 29/a,46.00,-1.77%,17
OOI,937.53M,-,-13.35%,-142.43%,-22.28%,1.26,0.77,12.51,13.02,14.37%,9.79%,-18.13%,Jul 28/a,6.10,0.19%,3
OOIA,276.57M,6.03%,-,-,-,-,-,-,-,-,-,-,-,5.77,0.00%,1
OOIG,1.09B,-,-,-,-,0.71,-,-,-,-,-,-,-,11.01,-3.25%,16
OOIH,-,1.23%,-,-,-,-,-,-,-,-,-,-,-,396.63,0.00%,0
OOII,4.57B,-,13.96%,34.90%,18.70%,2.18,1.90,0.61,0.71,19.82%,10.37%,12.19%,Jul 22/a,45.93,0.00%,28
OOILD,-,-,-,-,-,-,-,-,-,-,-,-,-,30.01,-1.28%,"1,578"
OOILK,-,12.42%,-,-,-,-,-,-,-,-,-,-,-,56.97,0.00%,0
OOILT,-,2.47%,-,-,-,-,-,-,-,-,-,-,-,31.41,0.00%,0
OOILU,-,-,-,-,-,-,-,-,-,-,-,-,-,48.72,0.58%,"1,127"
OOIM,366.98M,-,-,-,1.52%,4.55,4.55,0.00,0.00,-,-,-,-,10.12,0.00%,0
OOIO,650.80M,-,-18.40%,-33.54%,-30.70%,0.19,0.15,0.13,0.41,-24.76%,-84.68%,-81.64%,-,1.87,-6.03%,2
OOIS,501.28M,-,-11.82%,-17.04%,-17.73%,2.35,1.29,0.05,0.06,13.73%,0.35%,-16.78%,Jul 30/b,8.31,0.00%,0
OOKE,57.87B,4.69%,5.49%,16.33%,6.81%,0.74,0.59,1.34,1.44,17.16%,16.12%,9.22%,Aug 03/a,91.80,0.00%,5
OOKLC,-,-,-,-,-,-,-,-,-,-,-,-,-,12.36,0.00%,0
OOKLL,-,-,-,-,-,-,-,-,-,-,-,-,-,11.16,-2.02%,"11,237"
OOKLO,7.44B,-,-7.47%,-7.70%,-4.66%,48.46,48.46,0.00,0.00,-23.47%,-17969.75%,-12625.54%,Aug 07/b,39.99,-0.47%,"64,428"
OOKTA,33.66B,-,3.17%,4.31%,4.21%,1.44,1.44,0.01,0.01,78.13%,7.68%,9.63%,Aug 26/a,192.55,0.64%,"2,106"
OOKTG,-,-,-,-,-,-,-,-,-,-,-,-,-,48.65,0.00%,0
OOKUR,123.92M,-,-44.24%,-46.91%,-33.99%,26.75,26.75,0.00,0.01,-,-,-,Aug 04/a,3.06,0.00%,0
OOKYO,69.80M,-,-72.60%,-263.78%,-72.55%,2.43,2.43,0.00,0.00,-,-,-,Jun 03,1.33,0.00%,0
OOLB,5.38M,-,-36.42%,-70.79%,-67.11%,0.40,0.40,0.00,0.03,-32.73%,-73.32%,-68.24%,Aug 14/b,0.22,0.63%,"3,254"
OOLED,3.58B,2.61%,10.24%,11.51%,11.50%,8.50,6.25,0.01,0.01,71.89%,34.40%,32.24%,Jul 30/a,77.98,0.00%,0
OOLLI,4.78B,-,9.39%,14.86%,10.85%,2.23,0.52,0.33,0.38,40.04%,13.03%,9.79%,Sep 02/b,80.50,0.99%,10
OOLMA,842.60M,-,-47.10%,-52.74%,-47.18%,8.86,8.86,0.01,0.01,-,-,-,Aug 10/a,9.63,0.00%,0
OOLN,1.89B,4.84%,-1.84%,-7.59%,-2.76%,1.42,0.87,1.95,1.99,7.02%,0.62%,-2.08%,Jul 30/a,16.54,0.00%,0
OOLOX,1.49M,-,-29.53%,-80.78%,-48.32%,0.13,0.12,0.86,1.36,-148.99%,-353.18%,-437.62%,-,0.90,-6.24%,"93,430"
OOLP,499.79M,7.86%,4.17%,11.45%,4.17%,1.24,1.24,1.74,1.79,50.44%,34.29%,32.01%,Aug 05/a,22.90,0.00%,0
OOM,58.58M,-,-27.97%,-59.17%,-37.48%,5.19,4.11,1.06,1.08,41.76%,-55.82%,-63.06%,Aug 06/a,3.12,0.00%,0
OOMAB,4.19B,5.69%,17.57%,61.97%,27.32%,0.66,0.66,1.12,1.57,60.63%,55.09%,33.17%,Jul 27/a,99.56,0.00%,0
OOMAH,-,15.43%,-,-,-,-,-,-,-,-,-,-,-,18.21,-0.11%,"1,126"
OOMC,20.74B,4.61%,0.99%,5.52%,1.86%,0.92,0.92,1.18,1.18,17.00%,14.30%,1.74%,Jul 28/a,75.59,0.00%,2
OOMCL,1.48B,-,1.89%,3.06%,2.64%,1.61,1.40,0.15,0.15,44.77%,4.73%,3.13%,Jul 30/b,32.43,0.00%,0
OOMDA,1.26B,-,1.36%,1.84%,1.70%,3.85,3.80,0.00,0.00,68.08%,-0.15%,1.39%,Aug 06/a,20.61,0.00%,0
OOMER,1.33B,-,47.82%,-,67.05%,1.95,1.94,-,-,94.02%,-189.53%,324.88%,Aug 12/a,18.34,-0.81%,1
OOMEX,46.72M,-,-264.64%,-,-,0.12,0.12,-,-,-1501.88%,-11369.99%,-21426.84%,-,0.80,5.63%,"2,370"
OOMF,6.95B,6.96%,2.89%,23.28%,2.99%,53.78,53.78,6.73,6.73,84.18%,44.06%,12.17%,Jul 29/b,60.44,0.00%,0
OOMFL,-,0.79%,-,-,-,-,-,-,-,-,-,-,-,70.39,0.00%,0
OOMFS,-,1.13%,-,-,-,-,-,-,-,-,-,-,-,50.53,0.00%,0
OOMH,4.44M,-,-90.74%,-126.37%,-250.77%,4.84,4.84,0.00,0.00,25.15%,-42.82%,-101.52%,-,2.32,-0.73%,516
OOMSE,186.21M,-,-,-,16.54%,6.65,6.08,0.03,0.03,30.29%,22.36%,20.66%,Jun 25/a,4.39,0.00%,0
OON,27.83B,-,4.74%,8.31%,5.68%,3.46,2.49,0.54,0.65,37.13%,18.16%,10.17%,Aug 03/a,71.49,-0.32%,"26,741"
OONB,9.68B,2.29%,1.22%,10.61%,6.84%,0.04,-,0.51,1.01,-,30.14%,21.20%,Jul 22/b,25.29,0.16%,18
OONC,37.57B,-,8.49%,14.70%,9.50%,3.40,3.06,0.34,0.40,86.76%,15.06%,10.70%,Aug 05/b,360.33,-1.46%,"7,044"
OONCH,222.52M,-,6.41%,6.75%,3.37%,1.54,1.54,0.00,0.00,-,-,-,-,10.32,0.00%,0
OONCO,2.72M,-,-57.37%,-102.87%,-75.63%,2.21,2.14,0.00,0.01,80.40%,-1190.29%,-1578.79%,-,0.62,-5.18%,208
OONCY,98.25M,-,-277.89%,-11838.99%,-,1.35,1.35,-,-,-,-,-,Aug 12/b,0.77,0.55%,"1,508"
OOND,-,-,-,-,-,-,-,-,-,-,-,-,-,33.61,0.00%,0
OONDC,-,-,-,-,-,-,-,-,-,-,-,-,-,18.02,0.00%,0
OONDG,-,-,-,-,-,-,-,-,-,-,-,-,-,2.18,-0.23%,"30,722"
OONDL,-,-,-,-,-,-,-,-,-,-,-,-,-,5.29,-2.04%,"24,020"
OONDS,4.30B,-,4.05%,7.66%,3.97%,9.85,9.39,0.02,0.03,25.82%,-127.28%,34.08%,Aug 13/b,7.39,0.14%,"239,219"
OONDU,-,-,-,-,-,-,-,-,-,-,-,-,-,14.08,0.00%,0
OONEG,16.32M,-,-,-,-58.81%,2.54,2.54,71.25,74.75,-14.45%,-26.60%,-26.80%,-,1.02,0.00%,0
OONEH,-,-,-,-,-,-,-,-,-,-,-,-,-,24.42,0.00%,0
OONEO,-,1.25%,-,-,-,-,-,-,-,-,-,-,-,151.10,0.00%,0
OONEQ,-,0.48%,-,-,-,-,-,-,-,-,-,-,-,106.84,0.00%,0
OONEV,-,1.96%,-,-,-,-,-,-,-,-,-,-,-,142.87,0.00%,0
OONEW,159.49M,-,-8.57%,-35.89%,-17.06%,1.22,0.34,1.50,3.06,22.52%,3.85%,-6.72%,Jul 30/b,9.57,0.00%,0
OONEY,-,2.99%,-,-,-,-,-,-,-,-,-,-,-,127.46,0.00%,0
OONEZ,-,3.64%,-,-,-,-,-,-,-,-,-,-,-,28.30,0.00%,0
OONFO,2.02M,-,-99.68%,-250.70%,-,0.09,0.08,-,-,42.71%,-34.69%,-108.36%,Aug 20/b,0.82,0.00%,92
OONG,-,-,-,-,-,-,-,-,-,-,-,-,-,3.94,0.00%,0
OONIT,264.92M,-,0.98%,23.78%,1.31%,0.87,0.69,15.39,16.44,93.36%,30.86%,11.45%,Aug 06/b,31.71,0.00%,0
OONL,140.90M,3.24%,-7.73%,-13.79%,-8.66%,3.93,3.93,0.71,0.71,20.16%,5.95%,-65.60%,Aug 06/a,2.47,0.00%,0
OONLN,-,0.30%,-,-,-,-,-,-,-,-,-,-,-,56.48,0.00%,0
OONMD,40.77M,-,-459.66%,-,-,0.28,0.28,-,-,-71.22%,-695.74%,-584.20%,Apr 06/b,0.69,0.00%,13
OONOF,-,0.85%,-,-,-,-,-,-,-,-,-,-,-,41.42,0.00%,0
OONON,9.45B,-,13.85%,24.23%,16.85%,2.83,2.25,0.25,0.32,64.82%,13.79%,12.31%,Aug 11/b,28.68,4.98%,"159,214"
OONT,613.85M,-,-1.14%,-2.39%,-1.36%,2.00,2.00,0.91,0.97,33.92%,1.05%,-1.44%,Aug 05/a,17.48,0.00%,0
OONTO,13.40B,-,4.54%,6.82%,3.91%,9.73,8.33,0.77,0.77,49.36%,19.84%,11.84%,Aug 06/a,272.98,-1.09%,"4,328"
OONTX,-,-,-,-,-,-,-,-,-,-,-,-,-,14.69,0.00%,0
OONX,-,-,-,-,-,-,-,-,-,-,-,-,-,6.26,0.00%,0
OOOMA,633.70M,-,5.81%,11.72%,7.13%,0.81,0.52,0.56,0.62,61.47%,4.81%,3.57%,Aug 26/a,22.96,0.00%,0
OOOSP,-,6.36%,-,-,-,-,-,-,-,-,-,-,-,10.10,0.00%,0
OOPAD,16.48M,-,-18.61%,-128.86%,-61.69%,1.44,0.46,0.73,3.04,7.42%,-7.75%,-9.85%,Aug 03/a,3.41,0.00%,0
OOPAL,338.90M,-,1.92%,2839.33%,4.26%,1.82,1.68,15.67,16.38,22.89%,2.13%,-0.13%,Aug 10/b,1.94,0.00%,0
OOPBK,228.32M,3.66%,1.09%,12.81%,8.32%,0.08,-,0.46,0.46,-,23.38%,16.87%,Jul 23/a,15.29,0.00%,0
OOPCH,3.59B,-,6.20%,16.00%,8.39%,1.47,0.98,0.98,1.01,17.87%,5.86%,3.68%,Jul 29/b,23.95,0.00%,0
OOPEG,-,-,-,-,-,-,-,-,-,-,-,-,-,1.25,-0.26%,"1,923"
OOPEN,2.61B,-,-51.84%,-196.89%,-76.39%,2.94,1.04,1.18,2.15,8.64%,-15.73%,-46.74%,Aug 04/a,2.69,0.35%,"104,105"
OOPER,-,3.87%,-,-,-,-,-,-,-,-,-,-,-,100.32,0.00%,0
OOPEX,-,-,-,-,-,-,-,-,-,-,-,-,-,4.87,0.00%,0
OOPFI,561.52M,-,14.09%,47.58%,14.40%,10.00,10.00,0.71,0.71,96.13%,39.30%,16.64%,Aug 10/a,6.59,2.17%,10
OOPHC,116.13M,-,1.71%,16.68%,13.58%,0.44,-,0.12,0.31,-,32.77%,24.73%,Jul 24/b,9.20,0.00%,0
OOPI,389.24M,-,-36.07%,-135.72%,-48.49%,24.17,24.17,3.32,3.36,35.44%,7.02%,-243.21%,Aug 05/a,17.73,0.00%,0
OOPK,1.26B,-,-3.83%,-5.88%,-4.67%,3.35,2.93,0.32,0.34,27.75%,-28.56%,-12.40%,Jul 27/a,1.69,0.00%,0
OOPLN,4.27B,-,3.77%,10.11%,8.46%,1.17,1.17,0.37,1.57,41.45%,16.96%,-4.11%,Aug 04/b,34.77,0.00%,0
OOPP,177.43M,15.55%,-,-,-,-,-,-,-,-,-,-,-,7.10,0.00%,0
OOPPE,-,2.56%,-,-,-,-,-,-,-,-,-,-,-,59.48,0.00%,0
OOPPG,-,0.53%,-,-,-,-,-,-,-,-,-,-,-,37.43,0.00%,0
OOPPJ,-,1.07%,-,-,-,-,-,-,-,-,-,-,-,60.42,0.00%,0
OOPRA,1.61B,4.41%,11.36%,12.88%,12.47%,2.05,2.05,0.00,0.01,42.94%,16.32%,18.53%,Aug 19/b,18.13,0.00%,0
OOPRT,382.61M,-,0.62%,4.97%,0.64%,3.97,-,6.53,6.54,-,4.23%,2.05%,Aug 05/a,8.32,0.00%,0
OOPRX,140.52M,-,2.76%,3.68%,3.09%,5.58,5.58,0.14,0.15,68.88%,11.45%,4.66%,Aug 12/a,7.46,-1.32%,6
OOPTH,27.73M,-,-27.66%,-43.87%,-23.59%,1.73,1.69,0.01,0.29,-324.40%,-824.18%,-751.47%,Aug 14/b,4.84,0.00%,0
OOPTT,21.07M,-,-138.24%,-319.00%,-580.11%,0.52,0.37,0.06,1.16,-205.00%,-1088.84%,-1222.76%,Sep 14/a,2.34,1.74%,191
OOPTU,411.95M,-,-16.32%,-,-27.69%,0.32,0.32,-,-,49.82%,16.76%,-58.23%,Aug 06/b,1.08,0.00%,0
OOPTX,314.95M,-,-7.53%,-11.64%,-7.13%,5.97,4.45,0.11,0.14,19.58%,-4.63%,-8.26%,May 18/a,7.82,-0.90%,"2,211"
OOPTZ,-,0.46%,-,-,-,-,-,-,-,-,-,-,-,45.64,0.00%,0
OOPXS,72.73M,-,12.61%,15.28%,13.62%,7.09,2.91,0.03,0.05,30.68%,13.24%,9.77%,Aug 11/a,10.45,0.00%,0
OOPY,1.26B,0.64%,2.56%,10.94%,9.33%,1.17,1.17,0.12,1.51,96.36%,12.87%,5.72%,-,119.17,0.00%,"2,084"
OOR,6.73B,0.57%,17.17%,20.41%,16.63%,2.28,2.28,0.15,0.15,84.49%,76.61%,78.03%,Aug 05/a,36.11,0.00%,0
OORA,5.94B,0.50%,1.98%,4.98%,2.42%,1.05,1.00,1.01,1.31,27.93%,19.35%,10.66%,Aug 05/a,96.61,0.09%,595
OORAC,-,-,-,-,-,-,-,-,-,-,-,-,-,22.97,0.00%,0
OORBS,442.89M,-,-138.86%,-157.03%,-80.29%,21.72,21.68,0.00,0.02,-4.81%,-150.68%,-1260.92%,-,1.03,-1.86%,"64,086"
OORBX,-,-,-,-,-,-,-,-,-,-,-,-,-,43.74,0.00%,0
OORC,1.21B,20.62%,2.36%,20.80%,16.98%,0.09,0.09,0.00,8.04,97.03%,110.31%,43.20%,Jul 23/a,6.11,0.49%,"1,869"
OORCL,450.81B,1.32%,7.82%,41.62%,8.46%,1.17,1.17,2.35,2.53,61.93%,34.24%,26.10%,Sep 10/a,149.09,0.36%,"112,604"
OORCS,-,1.36%,-,-,-,-,-,-,-,-,-,-,-,28.60,0.00%,0
OORCU,-,2.48%,-,-,-,-,-,-,-,-,-,-,-,7.82,0.51%,"91,794"
OORCX,-,-,-,-,-,-,-,-,-,-,-,-,-,21.89,0.92%,"26,657"
OORCZ,-,-,-,-,-,-,-,-,-,-,-,-,-,15.34,-0.71%,"1,147"
OORGO,180.14M,-,-19.40%,-25.92%,-24.34%,3.52,3.00,0.20,0.23,63.15%,-5.40%,-23.14%,Aug 06/a,1.40,0.00%,0
OORI,9.47B,3.21%,5.09%,18.57%,13.62%,0.68,-,0.38,0.38,-,15.63%,11.71%,Jul 23/b,39.22,0.00%,0
OORIC,1.32B,-,-37.35%,-39.80%,-36.81%,13.19,13.19,0.00,0.01,-,-,-,Aug 03/a,12.77,0.79%,"5,037"
OORIO,25.09M,-,-9.74%,-22.82%,-11.66%,1.55,1.55,1.24,1.24,85.11%,-10.96%,-24.95%,Aug 06/b,1.05,0.00%,0
OORIQ,89.79M,-,4.33%,4.37%,2.18%,5.33,5.33,0.00,0.00,-,-,-,-,10.43,0.00%,0
OORKA,6.18B,-,-17.76%,-18.23%,-11.90%,38.51,38.51,0.00,0.00,-,-,-,Aug 10/b,93.38,0.00%,0
OORKT,6.19M,-,-32.41%,-41.01%,-44.76%,2.43,2.43,0.15,0.18,36.75%,-131.17%,-77.97%,-,1.06,0.00%,0
OORLY,67.17B,-,15.96%,-,36.31%,0.75,0.13,-,-,51.64%,19.56%,14.27%,Jul 29/a,83.03,0.18%,869
OORMP,195.51M,-,65.52%,73.75%,54.74%,4.98,4.98,0.00,0.00,-,-,-,Aug 12,4.70,0.00%,0
OORN,371.75M,-,0.78%,2.27%,1.23%,1.52,1.51,0.78,0.90,11.74%,0.72%,0.40%,Jul 28/a,9.18,0.00%,0
OORO,-,-,-,-,-,-,-,-,-,-,-,-,-,21.47,0.00%,0
OORR,-,-,-,-,-,-,-,-,-,-,-,-,-,38.45,0.00%,0
OORRF,826.91M,2.85%,1.57%,14.75%,9.41%,0.08,-,0.48,0.49,-,29.85%,24.00%,Jul 21/a,42.04,0.00%,0
OOSBC,1.26B,1.15%,1.47%,11.40%,9.50%,0.05,-,0.08,0.52,-,27.13%,20.21%,Jul 22/a,24.83,0.00%,0
OOSCR,9.65B,-,6.40%,34.31%,22.17%,1.08,-,0.21,0.21,-,4.11%,3.60%,Aug 06/b,31.25,-0.13%,"2,228"
OOSCV,-,1.11%,-,-,-,-,-,-,-,-,-,-,-,40.28,0.00%,0
OOSCX,-,-,-,-,-,-,-,-,-,-,-,-,-,35.59,0.00%,0
OOSEA,-,1.26%,-,-,-,-,-,-,-,-,-,-,-,29.74,0.00%,0
OOSG,199.13M,-,-1.90%,-11.74%,-14.33%,2.02,-,0.22,0.22,-,-20.42%,-38.17%,Aug 06/a,4.42,0.00%,0
OOSIS,3.19B,-,6.52%,17.34%,8.29%,3.15,2.34,1.24,1.26,30.82%,12.93%,8.66%,Aug 20/a,200.40,0.00%,0
OOSK,8.85B,1.58%,5.54%,12.39%,10.85%,1.72,0.96,0.13,0.24,15.37%,7.52%,5.24%,Jul 28/b,143.38,0.00%,0
OOSPN,648.60M,2.90%,18.38%,26.51%,24.10%,1.27,1.17,0.04,0.05,70.32%,18.58%,27.76%,Aug 04/a,17.60,0.00%,0
OOSPR,401.59M,-,-,-,-,0.04,0.04,-,-,-,-,-,-,9.79,-0.31%,10
OOSS,233.24M,-,-11.31%,-16.60%,3.63%,3.37,2.51,0.03,0.04,42.99%,0.84%,3.00%,Aug 05/b,9.35,0.32%,723
OOSSL,-,-,-,-,-,-,-,-,-,-,-,-,-,4.03,0.00%,0
OOSTX,83.31M,-,-389.65%,-914.04%,-,0.18,0.18,-,-,-,-,-,Aug 14/b,1.78,2.30%,749
OOSUR,248.97M,-,-12.20%,-14.07%,-14.75%,8.88,7.68,0.05,0.05,38.89%,-64.85%,-43.70%,Aug 05/a,3.61,-2.17%,2
OOSW,2.29B,0.89%,11.08%,14.32%,12.05%,2.91,1.93,0.15,0.16,11.76%,9.50%,8.02%,Jul 29/b,22.54,0.00%,0
OOTAI,137.58M,-,-,-,-,11.76,11.76,0.00,0.00,-,-,-,-,10.01,0.00%,0
OOTAX,-,-,-,-,-,-,-,-,-,-,-,-,-,50.63,0.00%,0
OOTEX,5.59B,4.93%,4.78%,16.19%,6.50%,0.79,0.79,1.46,1.49,65.49%,23.17%,12.26%,Aug 06/b,23.10,0.09%,6
OOTF,4.88B,13.16%,2.67%,4.83%,2.55%,0.92,0.92,0.95,0.95,78.27%,52.13%,25.76%,Aug 05/a,10.64,0.00%,0
OOTGA,302.63M,-,4.72%,4.72%,2.36%,4.97,4.97,0.00,0.00,-,-,-,-,10.25,0.00%,0
OOTGL,-,2.51%,-,-,-,-,-,-,-,-,-,-,-,10.94,0.00%,0
OOTIS,25.48B,2.61%,14.00%,-,88.76%,0.83,0.75,-,-,30.24%,15.63%,10.17%,Jul 22/b,66.94,0.45%,107
OOTLK,170.24M,-,-125.04%,-,-,0.81,0.63,-,-,63.07%,-4824.52%,-2885.82%,Aug 14/b,0.70,1.89%,"7,174"
OOTLY,373.35M,-,-16.49%,-359.63%,-75.87%,0.43,0.29,-,-,32.95%,-5.33%,-13.79%,Jul 22/b,11.70,-5.87%,85
OOTTR,3.70B,2.60%,4.84%,10.68%,6.48%,1.71,1.36,0.60,0.67,26.02%,24.64%,14.83%,Aug 03/a,88.13,0.00%,0
OOUNZ,-,-,-,-,-,-,-,-,-,-,-,-,-,41.35,-0.96%,"1,014"
OOUSA,-,1.37%,-,-,-,-,-,-,-,-,-,-,-,60.70,0.00%,1
OOUSL,-,-,-,-,-,-,-,-,-,-,-,-,-,13.80,-2.75%,"5,425"
OOUSM,-,2.06%,-,-,-,-,-,-,-,-,-,-,-,46.98,0.00%,0
OOUST,2.76B,-,-13.39%,-18.01%,-13.93%,4.16,3.79,0.03,0.04,48.43%,-34.41%,-26.02%,Aug 06/a,38.24,0.30%,"26,341"
OOUT,4.97B,4.44%,4.70%,36.19%,5.38%,0.67,0.67,5.56,5.96,43.32%,20.21%,12.48%,Aug 05/a,28.22,0.00%,2
OOVB,-,7.16%,-,-,-,-,-,-,-,-,-,-,-,19.97,0.00%,0
OOVBC,211.29M,2.14%,0.90%,8.50%,6.64%,0.15,-,0.23,0.30,-,17.74%,14.36%,-,44.85,0.00%,0
OOVF,-,10.45%,-,-,-,-,-,-,-,-,-,-,-,31.98,0.00%,0
OOVID,529.26M,-,-22.30%,-25.96%,-15.60%,12.39,12.39,0.05,0.06,92.92%,-3686.67%,-2178.84%,Aug 13/b,2.71,0.00%,0
OOVL,-,8.00%,-,-,-,-,-,-,-,-,-,-,-,58.00,0.17%,19
OOVLH,-,0.28%,-,-,-,-,-,-,-,-,-,-,-,42.65,0.00%,0
OOVLY,289.14M,2.18%,1.20%,11.64%,10.81%,0.13,-,0.00,0.00,-,30.69%,24.06%,-,34.37,0.00%,0
OOVM,-,6.37%,-,-,-,-,-,-,-,-,-,-,-,20.89,0.00%,0
OOVS,-,8.63%,-,-,-,-,-,-,-,-,-,-,-,39.59,0.00%,0
OOVT,-,7.65%,-,-,-,-,-,-,-,-,-,-,-,21.55,0.00%,0
OOVV,16.56B,2.01%,4.72%,8.41%,5.60%,1.01,1.01,0.43,0.44,32.82%,26.16%,9.59%,Jul 23/a,60.12,-0.10%,22
OOWL,15.62B,9.24%,0.66%,3.72%,1.28%,1.52,1.52,2.18,2.18,85.72%,16.66%,2.71%,Jul 30/b,10.02,0.00%,702
OOWLS,517.63M,-,-,-,-,0.55,0.55,-,-,-,-,-,Aug 21/a,5.86,0.00%,0
OOWLT,142.60M,-,-11.31%,-374.14%,-22.89%,1.64,1.35,0.00,0.44,54.63%,-5.24%,-11.08%,Aug 11/a,4.88,-2.01%,4
OOWN,-,-,-,-,-,-,-,-,-,-,-,-,-,25.53,0.00%,0
OOWNB,-,-,-,-,-,-,-,-,-,-,-,-,-,24.01,0.00%,0
OOWNS,-,4.40%,-,-,-,-,-,-,-,-,-,-,-,16.89,0.00%,0
OOXBR,11.48M,-,0.89%,1.02%,0.68%,79.56,-,0.01,0.01,-,-10.85%,4.71%,Aug 13/a,1.41,0.00%,0
OOXLC,928.74M,25.33%,-25.05%,-39.16%,-32.44%,4.41,4.41,0.75,0.75,68.25%,-135.44%,-149.35%,Jul 28/b,9.47,4.86%,25
OOXM,421.94M,10.13%,-0.52%,-1.17%,-0.66%,1.17,0.56,0.82,0.93,60.03%,2.76%,-0.46%,Sep 03/a,28.17,0.46%,71
OOXSQ,136.73M,33.08%,-12.92%,-24.98%,-12.72%,10.53,10.53,1.13,1.13,-500.94%,-3639.63%,-5220.61%,Jul 31/b,1.27,0.75%,546
OOXY,56.78B,1.79%,5.11%,10.87%,7.33%,1.41,1.13,0.34,0.35,38.08%,23.09%,14.03%,Aug 05/a,56.80,-0.79%,"35,639"
OOYSE,352.37M,-,3.56%,3.69%,3.62%,6.38,6.38,0.00,0.00,-,-,-,-,10.39,0.00%,0
OOZ,181.08M,-,-7.81%,-16.00%,-8.16%,1.59,1.59,1.09,1.09,-94.98%,-137.13%,-290.46%,-,44.67,0.00%,0
OOZEM,-,1.30%,-,-,-,-,-,-,-,-,-,-,-,31.49,0.00%,0
OOZK,5.21B,3.97%,1.66%,11.33%,9.95%,0.07,-,0.11,0.11,-,32.35%,24.37%,Jul 21/a,47.75,0.00%,0
PP,37.16B,-,5.48%,17.71%,14.76%,1.44,1.39,0.11,0.15,69.73%,5.26%,5.94%,Aug 26/a,111.52,-1.88%,"8,802"
PPAA,17.63B,6.83%,3.66%,9.94%,14.00%,1.12,1.10,0.78,0.78,3.46%,2.78%,4.88%,Aug 07/b,24.99,0.00%,0
PPAAA,-,4.71%,-,-,-,-,-,-,-,-,-,-,-,51.49,0.00%,0
PPAAC,178.65M,-,-,-,1.07%,10.47,10.47,0.00,0.00,-,-,-,-,10.08,0.00%,0
PPAAI,54.75M,-,8.01%,-,10.19%,2.37,2.37,-,-,39.26%,18.88%,9.31%,Aug 10/a,1.15,-7.27%,"141,840"
PPAAS,20.01B,1.20%,15.77%,22.43%,16.95%,2.94,2.23,0.11,0.11,43.92%,39.30%,32.03%,Aug 12/a,48.26,-1.00%,"10,291"
PPAB,-,4.64%,-,-,-,-,-,-,-,-,-,-,-,41.06,0.00%,0
PPABD,-,2.99%,-,-,-,-,-,-,-,-,-,-,-,69.58,0.00%,0
PPABU,-,0.93%,-,-,-,-,-,-,-,-,-,-,-,79.89,0.00%,0
PPAC,10.80B,5.14%,9.41%,28.62%,9.85%,0.74,0.74,0.93,1.23,43.96%,43.60%,24.36%,Jul 14/b,208.00,0.00%,20
PPACB,427.95M,-,-16.66%,-929.32%,-19.56%,4.92,4.03,-,-,34.29%,-101.67%,-82.49%,Aug 05/a,1.38,1.24%,"7,254"
PPACH,293.78M,-,3.42%,3.59%,3.53%,1.86,1.86,0.00,0.00,-,-,-,-,10.33,0.00%,0
PPACK,345.61M,-,-3.40%,-7.18%,-4.05%,1.79,1.39,0.80,0.82,25.01%,-2.35%,-9.09%,Jul 30/b,4.03,0.00%,0
PPACS,6.72B,-,4.82%,28.08%,6.23%,0.91,0.91,2.89,3.07,15.37%,7.41%,4.85%,Aug 04/a,42.47,0.97%,3
PPAG,13.93B,1.98%,4.98%,15.64%,8.66%,0.98,0.21,0.78,1.61,15.61%,3.39%,2.81%,Jul 29/b,212.16,0.00%,0
PPAGP,20.82B,5.99%,-0.01%,-0.27%,5.43%,1.12,1.10,5.46,5.47,3.46%,2.83%,1.06%,Aug 07/b,27.33,0.00%,0
PPAGS,2.63B,7.37%,2.94%,14.62%,6.85%,1.55,1.55,1.05,3.11,51.19%,37.73%,10.87%,Aug 11/a,9.47,0.00%,0
PPAHC,1.41B,1.38%,6.97%,29.72%,8.76%,2.96,1.27,1.95,2.05,33.61%,13.23%,6.57%,Aug 26/a,34.68,0.00%,0
PPAI,110.86M,5.35%,-,-,-,-,-,-,-,-,-,-,-,11.66,0.00%,0
PPAII,280.71M,-,5.79%,6.08%,3.04%,1.17,1.17,0.00,0.00,-,-,-,-,10.30,0.00%,0
PPAL,112.49M,-,-7.97%,-12.16%,-10.74%,1.18,1.15,0.20,0.27,6.56%,2.31%,-9.24%,Aug 10/a,4.01,0.00%,0
PPALC,-,1.25%,-,-,-,-,-,-,-,-,-,-,-,55.66,0.00%,0
PPALD,-,6.15%,-,-,-,-,-,-,-,-,-,-,-,10.05,0.00%,0
PPALI,297.95M,-,-47.68%,-51.37%,-26.24%,24.25,24.25,0.00,0.00,-0.40%,-7069.80%,-6388.20%,Aug 10/a,1.71,1.17%,"2,580"
PPALL,-,-,-,-,-,-,-,-,-,-,-,-,-,23.43,-1.26%,"8,225"
PPALO,210.92M,-,-,-,-,4.65,4.65,0.00,0.00,-,-,-,-,10.00,0.00%,0
PPALU,-,0.72%,-,-,-,-,-,-,-,-,-,-,-,56.00,1.34%,398
PPAM,4.29B,-,8.30%,15.33%,8.75%,3.63,3.21,0.64,0.65,34.59%,21.05%,23.75%,Aug 04/a,80.18,-1.45%,1
PPAMC,-,1.24%,-,-,-,-,-,-,-,-,-,-,-,52.74,0.00%,0
PPAMT,241.88M,-,-6.14%,-18.88%,-8.87%,1.32,1.29,1.35,1.67,-9.38%,-13.08%,-7.07%,Aug 04/a,11.55,0.00%,0
PPANG,-,3.75%,-,-,-,-,-,-,-,-,-,-,-,34.58,1.70%,264
PPANL,557.84M,2.93%,5.08%,11.03%,6.62%,1.38,1.10,0.60,0.78,13.96%,8.95%,6.70%,Aug 10/a,8.52,0.00%,0
PPANW,306.85B,-,0.85%,1.74%,1.02%,0.82,0.82,0.09,0.09,65.48%,5.42%,2.67%,Sep 01/a,375.12,0.90%,"16,009"
PPAPI,-,7.65%,-,-,-,-,-,-,-,-,-,-,-,26.95,0.00%,0
PPAPL,22.34M,-,-6.22%,-9.55%,-4.81%,1.00,1.00,0.01,0.43,11.28%,1.55%,-15.62%,Jul 20/a,0.88,0.00%,74
PPAPR,-,-,-,-,-,-,-,-,-,-,-,-,-,43.19,0.00%,0
PPAR,627.47M,-,-5.22%,-8.62%,-5.80%,2.14,1.81,0.53,0.53,39.42%,-9.51%,-14.52%,Aug 06/a,15.17,0.00%,0
PPARA,3.78M,-,-73.67%,-315.84%,-198.53%,0.10,0.10,0.00,0.55,69.78%,-177.74%,-228.73%,Aug 14/a,1.06,15.26%,"1,504"
PPARK,98.39M,-,-,-,-4.36%,1.12,1.10,1.72,2.02,10.42%,-2.42%,-1.41%,Aug 12/a,20.69,0.00%,0
PPARR,4.15B,-,20.33%,54.74%,28.53%,1.84,0.76,0.51,0.66,14.51%,13.31%,9.94%,Aug 04/a,82.91,1.11%,4
PPASG,15.54M,-,-69.20%,-169.09%,-810.41%,1.22,1.22,0.00,0.00,-,-,-,Jul 30,4.83,0.00%,0
PPASW,16.85M,-,-,-,-,-,-,-,-,-,-,-,-,0.13,0.00%,0
PPATH,7.16B,-,13.16%,20.03%,17.93%,2.28,2.28,0.04,0.04,82.14%,9.37%,21.03%,Sep 03/a,13.73,1.03%,"36,897"
PPATK,2.22B,2.68%,4.68%,12.95%,5.42%,2.67,0.96,1.40,1.46,20.62%,7.02%,3.74%,Jul 30/b,69.11,0.00%,0
PPATN,-,1.73%,-,-,-,-,-,-,-,-,-,-,-,36.33,0.00%,0
PPATX,-,-,-,-,-,-,-,-,-,-,-,-,-,10.45,0.00%,0
PPAUG,-,-,-,-,-,-,-,-,-,-,-,-,-,46.89,0.00%,0
PPAVE,-,0.81%,-,-,-,-,-,-,-,-,-,-,-,53.35,0.51%,115
PPAVM,31.74M,-,-28.75%,-31.88%,-23.45%,1.19,1.19,0.47,0.49,-291.07%,-23842.86%,-18416.96%,Aug 14/b,3.97,0.00%,0
PPAVS,3.48M,-,-35.16%,-45.88%,-40.42%,8.18,8.13,0.01,0.02,1.04%,-23.11%,-87.20%,-,4.00,-1.46%,"1,103"
PPAWZ,-,0.71%,-,-,-,-,-,-,-,-,-,-,-,48.70,0.00%,0
PPAX,1.68B,6.24%,4.45%,12.27%,7.69%,0.99,0.62,0.61,1.06,96.39%,34.35%,15.92%,Jul 31/b,10.38,0.00%,0
PPAXS,625.24M,13.48%,-,-,-,-,-,-,-,-,-,-,-,13.26,0.00%,0
PPAY,4.34B,-,12.71%,15.02%,13.70%,4.89,4.41,0.01,0.01,24.37%,7.58%,6.24%,Aug 03/a,34.50,0.00%,0
PPAYC,10.05B,0.66%,10.56%,41.09%,31.96%,1.02,1.02,1.67,1.72,74.35%,30.30%,22.78%,Aug 05/a,226.90,0.29%,312
PPAYH,-,10.73%,-,-,-,-,-,-,-,-,-,-,-,24.96,0.00%,0
PPAYM,-,6.54%,-,-,-,-,-,-,-,-,-,-,-,25.26,0.00%,0
PPAYO,2.41B,-,0.60%,7.06%,6.89%,1.00,1.00,0.12,0.13,78.58%,12.47%,4.65%,Aug 06/b,7.11,0.00%,0
PPAYP,11.83B,-,2.59%,49.00%,16.75%,2.26,2.26,0.91,1.85,58.55%,23.55%,31.56%,Jul 31/b,17.70,-0.11%,211
PPAYR,-,7.31%,-,-,-,-,-,-,-,-,-,-,-,54.22,0.00%,0
PPAYS,713.12M,-,6.17%,30.82%,24.28%,1.14,1.14,0.08,0.09,51.68%,17.01%,15.67%,Aug 05/a,12.63,0.00%,0
PPAYX,41.01B,4.33%,10.75%,44.77%,21.10%,1.26,1.26,1.23,1.24,72.43%,45.08%,27.03%,Sep 23/b,115.21,0.17%,200
PPB,8.40B,3.45%,1.37%,7.07%,6.69%,0.14,-,0.01,0.33,-,40.72%,29.98%,Jul 29/b,69.91,0.00%,0
PPBA,26.98B,4.51%,5.01%,10.53%,6.19%,0.62,0.50,0.73,0.81,36.86%,30.98%,21.06%,Jul 30/a,46.39,0.00%,0
PPBAM,506.28M,-,1.73%,16.73%,14.30%,0.32,-,0.09,0.09,-,35.75%,25.39%,Jul 16/b,88.36,0.00%,0
PPBAP,-,-,-,-,-,-,-,-,-,-,-,-,-,31.67,0.00%,0
PPBAU,-,-,-,-,-,-,-,-,-,-,-,-,-,32.22,0.00%,0
PPBD,-,1.48%,-,-,-,-,-,-,-,-,-,-,-,17.42,0.00%,0
PPBDC,-,11.07%,-,-,-,-,-,-,-,-,-,-,-,27.60,0.00%,0
PPBDE,-,-,-,-,-,-,-,-,-,-,-,-,-,31.79,0.00%,0
PPBE,-,1.39%,-,-,-,-,-,-,-,-,-,-,-,95.97,0.00%,0
PPBEU,-,0.01%,-,-,-,-,-,-,-,-,-,-,-,35.63,0.00%,0
PPBF,8.53B,1.53%,9.77%,23.55%,15.49%,1.33,0.67,0.36,0.39,4.39%,3.17%,3.94%,Jul 30/b,71.99,-0.68%,"2,756"
PPBFB,-,-,-,-,-,-,-,-,-,-,-,-,-,32.69,0.00%,0
PPBFR,-,0.01%,-,-,-,-,-,-,-,-,-,-,-,31.32,0.00%,0
PPBFS,448.14M,-,0.76%,5.24%,5.13%,0.28,-,0.00,0.00,-,17.36%,12.49%,-,18.04,0.00%,0
PPBH,2.22B,-,4.30%,9.12%,4.34%,3.23,1.99,1.07,1.08,51.59%,26.26%,15.57%,Aug 06/b,46.80,0.00%,0
PPBHC,108.62M,2.31%,0.07%,0.89%,0.61%,0.04,-,0.44,1.44,-,-1.42%,-3.37%,Jul 30/a,17.30,0.00%,0
PPBI,2.27B,2.20%,5.99%,-,15.09%,0.73,0.69,-,-,54.08%,24.00%,10.04%,Jul 29/a,16.54,0.00%,1
PPBJ,-,1.28%,-,-,-,-,-,-,-,-,-,-,-,45.91,0.00%,0
PPBJA,-,-,-,-,-,-,-,-,-,-,-,-,-,33.06,0.00%,0
PPBJL,-,-,-,-,-,-,-,-,-,-,-,-,-,31.98,0.00%,0
PPBJN,-,-,-,-,-,-,-,-,-,-,-,-,-,31.54,0.00%,0
PPBK,17.30M,-,-6.21%,-25.40%,-10.64%,1.41,0.79,2.28,2.76,28.25%,-32.45%,-25.43%,May 15/b,0.32,10.15%,"927,231"
PPBL,-,2.02%,-,-,-,-,-,-,-,-,-,-,-,33.83,0.00%,0
PPBLS,4.56B,-,-,-,-,17.91,17.91,0.03,0.05,-,-,-,Aug 13/b,36.93,0.00%,186
PPBM,25.75M,-,-,-,-,8.09,8.09,0.00,0.00,-,-,-,-,6.75,3.53%,45
PPBMR,-,-,-,-,-,-,-,-,-,-,-,-,-,32.83,0.00%,0
PPBMY,-,0.07%,-,-,-,-,-,-,-,-,-,-,-,31.88,0.00%,0
PPBNV,-,-,-,-,-,-,-,-,-,-,-,-,-,31.88,0.00%,0
PPBOC,-,-,-,-,-,-,-,-,-,-,-,-,-,31.41,0.00%,0
PPBOG,-,0.13%,-,-,-,-,-,-,-,-,-,-,-,34.68,0.00%,0
PPBOT,-,0.07%,-,-,-,-,-,-,-,-,-,-,-,34.56,0.00%,0
PPBP,-,11.29%,-,-,-,-,-,-,-,-,-,-,-,23.30,0.00%,0
PPBPH,-,0.08%,-,-,-,-,-,-,-,-,-,-,-,28.58,0.00%,0
PPBQQ,-,0.01%,-,-,-,-,-,-,-,-,-,-,-,32.38,0.00%,0
PPBR,76.13B,8.49%,11.02%,30.69%,16.76%,0.85,0.58,0.64,0.76,47.49%,34.79%,24.46%,Aug 07/b,20.46,-0.82%,"16,924"
PPBR-A,50.65B,8.00%,11.02%,30.69%,16.76%,0.85,0.58,0.64,0.76,47.49%,34.79%,24.46%,Aug 07/b,18.60,-0.75%,"1,117"
PPBRG,-,-,-,-,-,-,-,-,-,-,-,-,-,44.81,0.00%,0
PPBSC,-,0.75%,-,-,-,-,-,-,-,-,-,-,-,25.24,0.00%,0
PPBSE,-,-,-,-,-,-,-,-,-,-,-,-,-,31.47,0.00%,0
PPBT,1.55B,1.14%,757.26%,9976.55%,10019.76%,1.96,1.96,0.00,0.00,-,91.58%,91.58%,-,33.26,0.00%,0
PPBTP,-,4.84%,-,-,-,-,-,-,-,-,-,-,-,25.51,0.00%,0
PPBUS,-,0.99%,-,-,-,-,-,-,-,-,-,-,-,77.62,0.00%,0
PPBW,-,2.16%,-,-,-,-,-,-,-,-,-,-,-,30.96,0.00%,0
PPBYI,500.20M,-,13.78%,21.97%,18.70%,2.91,2.64,0.03,0.03,74.83%,13.16%,11.55%,Aug 06/a,9.69,1.04%,11
PPCAP,328.52M,-,3.39%,3.55%,3.49%,28.27,28.27,0.00,0.00,-,-,-,-,10.37,0.00%,0
PPCAR,60.54B,2.84%,5.69%,12.76%,7.15%,2.39,2.00,0.72,0.72,15.20%,10.37%,9.00%,Jul 28/b,115.01,0.24%,753
PPCB,387.91M,3.21%,1.23%,10.69%,9.97%,0.09,-,0.04,0.27,-,27.54%,19.35%,Jul 23/a,27.62,0.00%,0
PPCEB,-,1.21%,-,-,-,-,-,-,-,-,-,-,-,23.98,0.00%,0
PPCEF,-,7.62%,-,-,-,-,-,-,-,-,-,-,-,19.76,0.00%,0
PPCF,100.69M,13.01%,-,-,-,-,-,-,-,-,-,-,-,5.38,0.00%,0
PPCFI,-,10.25%,-,-,-,-,-,-,-,-,-,-,-,22.62,0.00%,0
PPCG,28.63B,1.52%,2.25%,9.73%,3.30%,1.22,1.15,1.83,1.91,20.13%,20.13%,11.83%,Jul 23/b,13.00,0.45%,"12,972"
PPCHI,-,7.72%,-,-,-,-,-,-,-,-,-,-,-,24.02,0.00%,0
PPCI,-,5.14%,-,-,-,-,-,-,-,-,-,-,-,48.40,0.00%,0
PPCL,-,6.02%,-,-,-,-,-,-,-,-,-,-,-,47.55,0.00%,0
PPCLA,65.86M,-,-371.06%,-889.56%,-1502.98%,1.76,0.95,0.00,0.37,54.33%,-432.32%,-432.04%,-,6.85,3.06%,"2,874"
PPCLC,-,-,-,-,-,-,-,-,-,-,-,-,-,25.88,0.00%,0
PPCLG,-,0.04%,-,-,-,-,-,-,-,-,-,-,-,22.95,0.00%,0
PPCLN,-,0.06%,-,-,-,-,-,-,-,-,-,-,-,30.12,0.00%,0
PPCLO,-,5.05%,-,-,-,-,-,-,-,-,-,-,-,24.89,0.00%,0
PPCM,62.69M,15.21%,-,-,-,-,-,-,-,-,-,-,-,5.05,0.00%,0
PPCMM,-,6.24%,-,-,-,-,-,-,-,-,-,-,-,49.91,0.00%,0
PPCN,838.66M,12.13%,-,-,-,-,-,-,-,-,-,-,-,11.08,0.00%,0
PPCOR,8.05B,-,-1.83%,-3.12%,-2.91%,1.17,1.17,0.05,0.05,79.38%,-3.60%,-2.73%,Jul 29/a,53.00,2.53%,51
PPCOV,-,-,-,-,-,-,-,-,-,-,-,-,-,24.39,0.00%,0
PPCPC,-,-,-,-,-,-,-,-,-,-,-,-,-,24.67,0.00%,0
PPCPI,-,1.84%,-,-,-,-,-,-,-,-,-,-,-,50.05,0.00%,0
PPCPP,-,-,-,-,-,-,-,-,-,-,-,-,-,27.23,0.00%,0
PPCQ,156.21M,5.25%,-,-,-,-,-,-,-,-,-,-,-,8.23,0.00%,0
PPCR,-,10.21%,-,-,-,-,-,-,-,-,-,-,-,18.70,0.00%,0
PPCRX,961.07M,-,1.05%,2.05%,1.36%,5.04,3.94,0.60,0.61,71.53%,3.70%,1.96%,Aug 04/a,24.11,0.00%,0
PPCS,-,4.41%,-,-,-,-,-,-,-,-,-,-,-,49.35,0.00%,0
PPCSA,5.20M,-,-262.17%,-464.20%,-,0.87,0.87,-,-,-,-,-,-,1.86,1.09%,"1,174"
PPCSG,-,-,-,-,-,-,-,-,-,-,-,-,-,22.53,0.00%,0
PPCT,1.17B,-,-21.79%,-389.63%,-27.21%,2.60,2.42,51.83,52.46,-857.64%,-1207.32%,-1775.62%,Aug 06/a,5.80,2.29%,39
PPCTY,7.69B,-,5.82%,21.97%,20.06%,1.05,1.05,0.10,0.11,68.30%,22.14%,15.23%,Aug 04/a,145.00,0.40%,"5,037"
PPCVX,8.65B,-,-33.03%,-36.51%,-37.12%,5.72,5.72,0.04,0.04,-,-,-,Aug 05/a,58.12,-1.36%,222
PPCY,-,6.07%,-,-,-,-,-,-,-,-,-,-,-,20.78,0.00%,4
PPCYO,268.20M,-,8.99%,10.22%,8.97%,1.53,1.13,0.08,0.09,59.82%,37.67%,43.66%,Jul 08/a,11.13,0.00%,0
PPD,1.13B,-,20.06%,89.92%,29.05%,1.95,1.95,1.75,1.78,84.96%,7.31%,37.50%,Aug 27/a,14.39,-0.48%,1
PPDBA,-,2.96%,-,-,-,-,-,-,-,-,-,-,-,38.23,0.00%,0
PPDBC,-,2.62%,-,-,-,-,-,-,-,-,-,-,-,19.44,0.00%,"9,345"
PPDC,22.14M,-,-52.67%,-76.03%,-33.80%,0.12,0.12,0.14,0.14,59.50%,-1043.03%,-1039.36%,-,3.27,1.55%,23
PPDCC,72.23M,25.82%,-4.15%,-4.38%,-5.29%,0.56,0.56,0.00,0.04,95.32%,34.49%,-34.12%,Aug 27/b,8.83,0.00%,0
PPDD,113.57B,-,15.11%,22.94%,20.14%,2.62,2.62,0.01,0.01,56.32%,22.20%,20.73%,Aug 24/b,79.79,0.62%,"60,027"
PPDDL,-,-,-,-,-,-,-,-,-,-,-,-,-,11.34,1.26%,676
PPDEC,-,-,-,-,-,-,-,-,-,-,-,-,-,47.29,0.00%,0
PPDEX,232.31M,-,19.70%,32.43%,22.21%,4.10,2.44,0.29,0.40,31.87%,16.75%,17.62%,Sep 03/a,72.52,0.00%,0
PPDFS,1.94B,-,2.26%,3.27%,2.35%,3.41,3.41,0.18,0.19,69.70%,8.15%,4.27%,Aug 06/a,46.00,-1.52%,46
PPDI,6.75B,18.47%,-,-,-,-,-,-,-,-,-,-,-,14.29,0.56%,"1,512"
PPDLB,495.85M,-,1.02%,6.24%,3.35%,0.08,-,0.80,1.16,-,21.74%,16.02%,Jul 27/b,20.50,0.00%,0
PPDM,1.17B,-,-2.01%,-5.35%,-2.17%,1.38,1.38,1.53,1.53,18.94%,13.46%,-14.18%,Jul 28/a,9.33,0.00%,0
PPDN,-,3.24%,-,-,-,-,-,-,-,-,-,-,-,46.76,0.00%,0
PPDO,1.73B,12.84%,-,-,-,-,-,-,-,-,-,-,-,11.96,0.00%,0
PPDP,-,0.08%,-,-,-,-,-,-,-,-,-,-,-,137.53,0.00%,0
PPDS,1.07B,-,-1.19%,-1.99%,-1.45%,1.46,1.29,0.42,0.44,13.45%,6.77%,-1.68%,Jul 29/b,84.02,0.00%,0
PPDSB,47.01M,-,-136.65%,-543.97%,-,0.57,0.57,-,-,-,-,-,Aug 13/b,0.84,-0.23%,"67,394"
PPDT,597.60M,8.25%,-,-,-,-,-,-,-,-,-,-,-,12.15,0.00%,0
PPDX,-,7.51%,-,-,-,-,-,-,-,-,-,-,-,20.52,0.00%,0
PPDYN,278.76M,-,-34.94%,-48.39%,-37.61%,6.30,6.19,0.13,0.15,21.74%,-360.67%,-254.75%,Aug 06/b,5.65,0.00%,"1,454"
PPEB,2.06B,0.22%,-0.85%,-1.84%,-1.03%,0.12,0.12,0.87,1.02,10.90%,7.45%,-5.25%,Jul 29/a,18.23,0.00%,0
PPEBK,237.96M,1.90%,1.15%,13.07%,11.10%,0.15,-,0.11,0.12,-,20.34%,17.71%,-,43.57,0.00%,0
PPEBO,1.40B,4.27%,1.23%,9.80%,8.36%,0.05,-,0.13,0.60,-,24.90%,19.00%,Jul 21/b,39.04,0.00%,0
PPECE,84.38M,-,-,-,-,15.38,15.38,0.00,0.00,-,-,-,-,10.00,0.00%,0
PPECO,5.22B,3.55%,2.68%,6.16%,2.90%,182.15,182.15,1.09,1.09,36.53%,28.91%,19.00%,Jul 23/a,37.00,0.00%,0
PPED,177.85M,-,-6.85%,-10.60%,-5.96%,0.78,0.78,0.42,0.43,32.03%,21.24%,-14.61%,Aug 13/a,13.38,0.00%,0
PPEG,34.55B,3.85%,3.50%,11.84%,5.00%,0.88,0.67,1.32,1.42,26.85%,26.85%,15.26%,Aug 04/b,69.31,0.00%,4
PPEGA,5.75B,0.33%,23.93%,54.69%,52.49%,1.06,1.06,0.10,0.13,75.48%,11.32%,18.66%,Jul 21/a,34.97,0.00%,0
PPEJ,-,0.54%,-,-,-,-,-,-,-,-,-,-,-,62.69,0.00%,0
PPEMX,-,1.14%,-,-,-,-,-,-,-,-,-,-,-,88.35,0.00%,0
PPEN,12.56B,-,8.80%,11.37%,9.30%,5.75,3.86,0.13,0.14,66.72%,12.45%,10.67%,Jul 30/a,318.78,0.00%,0
PPENG,2.79B,-,4.40%,17.17%,8.83%,1.54,1.10,1.27,1.61,27.92%,8.13%,5.04%,Oct 06/a,54.41,-0.91%,"10,046"
PPENN,2.17B,-,-6.19%,-37.40%,-7.33%,0.89,0.89,5.65,5.94,28.69%,6.03%,-12.66%,Aug 06/b,16.16,0.19%,20
PPENU,-,-,-,-,-,-,-,-,-,-,-,-,-,22.13,2.78%,100
PPEO,792.26M,7.22%,-,-,-,-,-,-,-,-,-,-,Apr 22/a,28.26,0.00%,0
PPEP,177.41B,4.49%,9.61%,51.59%,16.15%,0.93,0.74,1.93,2.41,53.98%,15.55%,10.78%,Oct 08/b,129.98,0.30%,"19,803"
PPEPG,194.62M,-,-59.06%,-75.45%,-54.34%,13.36,13.36,0.11,0.13,-,-,-,Aug 06/b,2.81,-1.06%,1
PPEPS,-,0.96%,-,-,-,-,-,-,-,-,-,-,-,33.17,0.00%,0
PPERF,196.57M,-,3.00%,3.76%,3.68%,4.63,4.63,0.00,0.00,79.73%,4.54%,8.13%,Jul 27/b,1.93,0.00%,0
PPERI,345.71M,-,-1.46%,-1.96%,-2.00%,2.53,2.53,0.03,0.04,29.44%,-3.96%,-2.95%,Aug 10/b,8.79,0.00%,0
PPESI,370.26M,-,-18.97%,-31.64%,-34.19%,1.67,1.58,0.06,0.09,-2.93%,-33.38%,-37.04%,Aug 12/a,17.45,0.63%,5
PPETS,34.69M,-,-33.73%,-78.56%,-127.36%,0.68,0.47,0.00,0.02,22.44%,-18.22%,-17.34%,Aug 13/a,1.60,0.00%,0
PPETZ,15.23M,-,4.89%,6.21%,5.37%,5.08,5.08,0.09,0.13,-36.85%,-146.31%,143.82%,Apr 20/a,1.48,10.14%,175
PPEVC,-,3.95%,-,-,-,-,-,-,-,-,-,-,-,32.39,0.00%,0
PPEW,62.86M,-,-11.34%,-13.46%,-6.26%,9.39,8.58,0.07,0.08,12.56%,-10.13%,-6.83%,Aug 13/a,2.13,0.00%,0
PPEX,-,8.34%,-,-,-,-,-,-,-,-,-,-,-,23.48,0.00%,0
PPEXL,-,0.35%,-,-,-,-,-,-,-,-,-,-,-,73.53,0.00%,0
PPEY,-,4.46%,-,-,-,-,-,-,-,-,-,-,-,23.45,0.00%,0
PPEZ,-,0.41%,-,-,-,-,-,-,-,-,-,-,-,94.10,0.00%,0
PPFAI,32.28M,-,-,-,-23.76%,2.20,2.19,0.24,0.28,38.17%,-56.10%,-55.64%,-,2.98,0.00%,0
PPFBC,1.26B,3.02%,1.80%,17.58%,11.55%,0.28,-,0.48,0.48,-,38.25%,26.77%,Jul 22/b,106.36,0.00%,0
PPFD,141.76M,7.28%,-,-,-,-,-,-,-,-,-,-,-,11.03,0.00%,0
PPFDE,-,0.17%,-,-,-,-,-,-,-,-,-,-,-,28.70,0.00%,0
PPFE,158.05B,6.22%,2.13%,4.99%,2.97%,1.27,0.96,0.71,0.74,64.83%,26.57%,6.80%,Aug 04/b,27.73,-0.04%,"15,815"
PPFEB,-,-,-,-,-,-,-,-,-,-,-,-,-,44.19,0.00%,0
PPFF,-,5.43%,-,-,-,-,-,-,-,-,-,-,-,30.25,0.13%,6
PPFFA,-,9.86%,-,-,-,-,-,-,-,-,-,-,-,20.87,1.26%,2
PPFFD,-,6.63%,-,-,-,-,-,-,-,-,-,-,-,18.10,0.00%,0
PPFFL,-,12.57%,-,-,-,-,-,-,-,-,-,-,-,7.08,0.00%,0
PPFFR,-,8.51%,-,-,-,-,-,-,-,-,-,-,-,17.23,0.00%,0
PPFFV,-,8.11%,-,-,-,-,-,-,-,-,-,-,-,21.95,0.00%,0
PPFG,24.74B,2.86%,0.49%,13.23%,9.47%,0.40,-,0.36,0.36,-,11.87%,9.93%,Jul 27/a,115.55,-0.79%,26
PPFGC,14.56B,-,1.93%,7.67%,2.92%,1.51,0.67,1.51,1.59,10.73%,1.37%,0.53%,Aug 12/b,92.41,0.00%,0
PPFI,-,1.18%,-,-,-,-,-,-,-,-,-,-,-,59.99,0.00%,0
PPFIG,-,4.51%,-,-,-,-,-,-,-,-,-,-,-,23.33,0.00%,0
PPFIS,700.33M,3.58%,1.08%,11.02%,7.80%,0.07,-,0.36,0.62,-,24.86%,19.88%,Jul 30/a,69.96,0.00%,0
PPFIX,-,2.10%,-,-,-,-,-,-,-,-,-,-,-,53.02,0.00%,0
PPFL,355.58M,13.65%,-,-,-,-,-,-,-,-,-,-,-,7.12,0.00%,0
PPFLD,-,5.46%,-,-,-,-,-,-,-,-,-,-,-,19.45,0.00%,0
PPFLT,701.19M,16.07%,1.95%,4.77%,1.94%,3.04,3.04,1.55,1.55,80.48%,53.37%,17.44%,Aug 10/a,7.07,-0.32%,6
PPFM,-,1.35%,-,-,-,-,-,-,-,-,-,-,-,55.94,0.00%,0
PPFN,634.42M,13.46%,-,-,-,-,-,-,-,-,-,-,-,6.42,0.00%,0
PPFO,116.19M,7.35%,-,-,-,-,-,-,-,-,-,-,-,8.89,0.00%,0
PPFOE,-,0.22%,-,-,-,-,-,-,-,-,-,-,-,22.44,0.00%,0
PPFRL,-,6.28%,-,-,-,-,-,-,-,-,-,-,-,49.94,0.00%,0
PPFS,2.97B,4.22%,1.25%,11.14%,8.20%,0.02,-,0.31,0.99,-,30.47%,22.15%,Jul 29/a,22.75,-0.79%,1
PPFSA,1.12M,-,-2860.46%,-,-,0.03,0.03,-,-,-,-,-,-,1.86,-4.09%,679
PPFSI,3.46B,1.20%,1.45%,9.38%,3.67%,0.09,0.09,1.47,3.57,86.65%,30.07%,8.21%,Jul 29/a,66.60,0.00%,0
PPFX,89.92M,-,1.52%,2.97%,1.52%,1.37,1.37,0.94,0.94,98.32%,57.43%,18.59%,Aug 05/a,46.56,0.00%,0
PPFXF,-,6.16%,-,-,-,-,-,-,-,-,-,-,-,17.90,0.00%,0
PPG,338.88B,3.01%,12.75%,30.25%,20.69%,0.68,0.47,0.43,0.65,50.87%,23.86%,18.10%,Jul 29/b,145.90,-0.12%,"1,101"
PPGAC,32.13M,-,3.45%,3.55%,7.48%,0.06,0.06,0.00,0.04,-,-,-,-,10.75,0.00%,0
PPGC,800.77M,0.44%,0.68%,7.72%,6.88%,0.08,-,0.05,0.16,-,15.51%,11.05%,Jul 27/a,45.17,0.00%,0
PPGEN,2.77B,-,-115.88%,-837.08%,-111.95%,4.58,3.89,2.23,2.26,89.19%,-46.08%,-392.81%,Aug 04/a,7.75,0.65%,"1,915"
PPGF,-,6.66%,-,-,-,-,-,-,-,-,-,-,-,13.13,0.00%,1
PPGHY,-,7.14%,-,-,-,-,-,-,-,-,-,-,-,19.48,0.00%,0
PPGJ,-,1.92%,-,-,-,-,-,-,-,-,-,-,-,22.41,0.00%,0
PPGNY,2.06B,-,10.65%,16.24%,16.53%,2.14,2.14,0.05,0.06,24.57%,8.55%,6.00%,Aug 06/a,26.86,0.00%,0
PPGP,97.95M,9.80%,-,-,-,-,-,-,-,-,-,-,-,8.45,0.00%,0
PPGR,123.33B,4.58%,10.09%,34.94%,28.03%,0.74,-,0.22,0.24,-,16.56%,12.85%,Aug 04/b,212.24,0.00%,19
PPGRI,-,0.11%,-,-,-,-,-,-,-,-,-,-,-,26.47,0.00%,0
PPGRO,-,0.02%,-,-,-,-,-,-,-,-,-,-,-,48.29,0.00%,0
PPGX,-,6.64%,-,-,-,-,-,-,-,-,-,-,-,10.39,0.00%,1
PPGY,1.75B,-,8.20%,26.39%,9.92%,1.47,1.47,1.15,1.58,39.76%,22.87%,9.25%,Jul 30/b,21.00,0.48%,"3,703"
PPGZ,61.99M,13.61%,-,-,-,-,-,-,-,-,-,-,-,9.26,0.00%,0
PPH,120.84B,0.84%,12.09%,25.08%,16.33%,1.26,0.74,0.45,0.57,37.89%,21.95%,16.97%,Aug 06/b,958.17,0.00%,3
PPHAR,777.66M,-,2.00%,3.77%,2.44%,3.01,2.31,0.46,0.49,84.83%,6.10%,2.49%,Jul 30/b,10.99,1.64%,468
PPHAT,602.71M,-,-34.32%,-,-58.35%,1.92,1.87,-,-,82.92%,-16.96%,-41.34%,Jul 30/b,7.45,0.00%,0
PPHAXU,-,-,-,-,-,0.32,0.32,-,-,-,-,-,-,-,-,0
PPHDG,-,1.41%,-,-,-,-,-,-,-,-,-,-,-,41.65,0.00%,0
PPHEQ,-,0.82%,-,-,-,-,-,-,-,-,-,-,-,35.46,0.00%,0
PPHG,24.34B,3.96%,4.21%,10.24%,6.39%,1.26,0.82,0.55,0.65,45.93%,9.12%,6.30%,Jul 27/a,24.90,0.00%,0
PPHI,3.79B,8.62%,4.24%,20.84%,6.18%,0.44,0.43,2.39,2.70,57.74%,22.13%,12.17%,Jul 30,17.56,0.00%,0
PPHIN,2.21B,1.95%,3.49%,8.52%,5.33%,1.81,1.34,0.64,0.69,21.16%,8.82%,3.73%,Jul 30/b,60.34,0.00%,0
PPHIO,12.31M,-,-100.78%,-113.71%,-102.40%,8.39,8.39,0.00,0.00,-,-,-,Aug 07/b,1.06,4.95%,677
PPHK,809.22M,13.32%,-,-,-,-,-,-,-,-,-,-,-,4.32,1.72%,5
PPHM,22.30B,0.82%,10.64%,14.90%,12.76%,5.28,0.48,0.15,0.19,25.04%,15.57%,11.62%,Jul 22/b,118.97,0.00%,0
PPHO,-,0.54%,-,-,-,-,-,-,-,-,-,-,-,68.27,0.00%,5
PPHOE,423.58M,-,-18.98%,-26.01%,-19.50%,5.46,5.46,0.00,0.01,4.56%,-16.82%,-16.69%,-,19.61,0.00%,0
PPHOS,-,-,-,-,-,-,-,-,-,-,-,-,-,17.00,0.00%,0
PPHOX,-,-,-,-,-,-,-,-,-,-,-,-,-,24.89,0.00%,0
PPHR,622.57M,-,1.98%,3.12%,2.41%,1.76,1.76,0.17,0.18,60.12%,5.01%,2.06%,Sep 02/a,10.03,0.00%,0
PPHUN,39.93M,-,-12.87%,-13.72%,-14.65%,19.84,19.84,0.00,0.01,60.96%,-643.98%,-471.72%,Aug 06/a,1.95,-2.44%,1
PPHVS,2.48B,-,-64.08%,-71.14%,-57.86%,11.94,11.94,0.00,0.00,-,-,-,Aug 12/b,35.50,-1.44%,121
PPHYL,-,7.02%,-,-,-,-,-,-,-,-,-,-,-,34.31,0.00%,0
PPHYS,15.84B,-,-,-,-,-,-,-,-,-,-,-,-,32.69,-0.43%,"9,861"
PPI,5.61B,-,-5.17%,-12.87%,-6.14%,3.28,2.29,0.90,1.15,52.28%,-1.80%,-7.26%,Jul 29/a,183.62,-0.23%,6
PPICB,-,3.52%,-,-,-,-,-,-,-,-,-,-,-,22.68,0.00%,0
PPICK,-,2.14%,-,-,-,-,-,-,-,-,-,-,-,61.72,0.00%,0
PPICS,1.26B,-,3.08%,30.55%,3.09%,5.56,5.56,5.69,5.69,55.91%,5.69%,9.79%,Aug 24/a,9.71,0.00%,0
PPID,-,3.58%,-,-,-,-,-,-,-,-,-,-,-,21.93,0.00%,0
PPIE,-,2.16%,-,-,-,-,-,-,-,-,-,-,-,34.44,0.00%,0
PPIEL,-,-,-,-,-,-,-,-,-,-,-,-,-,28.86,0.00%,0
PPIEQ,-,1.15%,-,-,-,-,-,-,-,-,-,-,-,36.93,0.00%,0
PPIFI,-,4.53%,-,-,-,-,-,-,-,-,-,-,-,92.07,0.00%,0
PPII,3.10B,4.95%,-4.92%,-25.76%,-9.18%,1.20,0.47,2.39,2.46,19.56%,1.76%,-3.50%,Jul 28/b,54.41,0.00%,0
PPIII,55.18M,-,-14.20%,-168.78%,-54.49%,0.46,0.46,1.50,1.81,-0.90%,-9.89%,-7.19%,Aug 10/a,7.60,0.00%,0
PPILL,-,0.39%,-,-,-,-,-,-,-,-,-,-,-,17.90,0.00%,19
PPIM,144.55M,8.80%,-,-,-,-,-,-,-,-,-,-,-,3.00,0.00%,0
PPINC,-,1.21%,-,-,-,-,-,-,-,-,-,-,-,49.39,0.00%,0
PPINE,308.01M,7.03%,0.93%,2.31%,0.89%,-,-,1.17,1.17,42.06%,38.78%,5.26%,Jul 23/a,17.48,0.00%,0
PPINK,-,0.64%,-,-,-,-,-,-,-,-,-,-,-,38.94,0.00%,0
PPINS,11.03B,-,4.90%,6.46%,6.09%,3.81,3.81,0.41,0.41,79.47%,6.27%,5.46%,Aug 04/a,19.47,0.59%,639
PPIO,-,0.93%,-,-,-,-,-,-,-,-,-,-,-,43.30,0.00%,0
PPIPE,-,3.81%,-,-,-,-,-,-,-,-,-,-,-,29.92,0.00%,0
PPIPR,5.22B,2.96%,14.34%,23.62%,22.39%,0.82,0.82,0.00,0.13,93.74%,23.06%,14.49%,Jul 30/b,73.87,0.00%,0
PPIT,-,5.72%,-,-,-,-,-,-,-,-,-,-,-,82.33,0.00%,0
PPIZ,-,1.73%,-,-,-,-,-,-,-,-,-,-,-,53.92,0.00%,0
PPJAN,-,-,-,-,-,-,-,-,-,-,-,-,-,50.85,0.00%,0
PPJFG,-,-,-,-,-,-,-,-,-,-,-,-,-,121.55,0.00%,0
PPJFM,-,0.59%,-,-,-,-,-,-,-,-,-,-,-,65.55,0.00%,0
PPJFV,-,0.56%,-,-,-,-,-,-,-,-,-,-,-,101.26,0.00%,0
PPJIN,-,-,-,-,-,-,-,-,-,-,-,-,-,50.09,0.00%,0
PPJIO,-,0.19%,-,-,-,-,-,-,-,-,-,-,-,62.51,0.00%,0
PPJP,-,0.89%,-,-,-,-,-,-,-,-,-,-,-,126.48,0.00%,0
PPJSM,-,-,-,-,-,-,-,-,-,-,-,-,-,49.61,0.00%,0
PPJT,3.87B,0.66%,12.21%,83.23%,27.83%,2.28,2.28,1.30,1.34,-,21.02%,10.58%,Jul 28/b,151.39,0.00%,0
PPJUL,-,-,-,-,-,-,-,-,-,-,-,-,-,49.99,0.00%,0
PPJUN,-,-,-,-,-,-,-,-,-,-,-,-,-,44.27,0.00%,0
PPJUS,-,-,-,-,-,-,-,-,-,-,-,-,-,53.21,0.00%,0
PPK,3.05B,6.67%,-1.98%,-5.02%,-2.87%,0.28,0.28,0.85,1.33,18.34%,11.92%,-6.45%,Aug 06/a,15.15,0.00%,0
PPKB,-,0.20%,-,-,-,-,-,-,-,-,-,-,-,92.62,0.00%,0
PPKBK,399.18M,2.18%,2.05%,13.92%,12.74%,0.18,-,0.04,0.51,-,39.40%,30.09%,Jul 22/b,33.94,0.00%,0
PPKE,659.06M,1.25%,9.60%,10.79%,9.69%,15.29,14.20,0.00,0.00,31.92%,19.81%,16.70%,Jul 20/a,30.30,0.00%,0
PPKG,21.23B,2.22%,6.85%,14.79%,7.67%,2.94,1.86,0.92,0.94,20.11%,12.63%,7.21%,Jul 22/a,238.31,0.00%,325
PPKOH,662.63M,1.09%,1.89%,7.19%,2.55%,2.40,1.26,1.75,1.80,17.31%,5.26%,1.66%,Aug 05/a,45.73,0.00%,0
PPKW,-,0.65%,-,-,-,-,-,-,-,-,-,-,-,148.11,0.00%,0
PPKX,17.57B,3.05%,1.27%,2.38%,1.83%,1.98,1.37,0.36,0.55,7.93%,3.04%,1.88%,Jul 29/a,58.07,0.00%,0
PPL,6.23B,-,-33.83%,-71.97%,-33.97%,2.84,2.81,0.88,0.88,55.38%,-25.68%,-95.13%,Sep 03/a,17.13,0.35%,"61,558"
PPLA,-,6.68%,-,-,-,-,-,-,-,-,-,-,-,25.81,0.00%,0
PPLAB,1.73B,-,8.82%,13.72%,12.89%,4.94,4.61,0.00,0.00,33.65%,22.47%,19.04%,Aug 26/b,29.29,-0.17%,"1,085"
PPLAG,10.28M,-,-100.22%,-461.66%,-,0.30,0.24,-,-,1.80%,-201.80%,-308.01%,-,0.72,-6.06%,"17,385"
PPLAY,237.72M,-,-2.16%,-69.74%,-2.48%,0.30,0.21,39.68,40.79,10.04%,4.50%,-4.26%,Sep 14/a,6.83,0.52%,"1,542"
PPLBC,432.02M,2.13%,1.83%,15.41%,11.32%,0.10,-,0.16,0.38,-,34.36%,28.60%,Jul 15/b,62.08,0.00%,0
PPLBL,2.33B,-,-,-,-,0.93,0.71,-,-,-,-,-,-,6.37,0.00%,0
PPLBY,130.83M,-,0.10%,2.39%,0.15%,0.79,0.64,7.74,8.05,72.70%,4.82%,0.23%,Aug 10/a,1.09,0.18%,61
PPLCE,48.48M,-,-17.19%,-,-54.76%,0.89,0.18,-,-,26.29%,-7.70%,-11.82%,Sep 14/a,2.18,0.00%,0
PPLCI,104.70M,-,-,-,-,-,-,-,-,-,-,-,-,9.89,0.00%,0
PPLD,130.33B,3.18%,4.24%,7.91%,4.69%,0.89,0.89,0.67,0.69,44.51%,38.58%,45.73%,Oct 15/b,134.46,-1.00%,"5,513"
PPLG,180.32M,-,-5.15%,-7.86%,-5.45%,58.49,58.49,0.00,0.00,-,-,-,Jul 15/a,1.41,0.00%,45
PPLGI,-,0.32%,-,-,-,-,-,-,-,-,-,-,-,25.75,0.00%,0
PPLGO,1.96B,2.58%,3.89%,17.64%,13.62%,1.42,-,0.32,0.32,-,21.06%,16.14%,Aug 12/a,23.67,0.00%,0
PPLIB,-,2.36%,-,-,-,-,-,-,-,-,-,-,-,34.82,0.00%,0
PPLMK,114.25M,-,2.76%,2.89%,2.85%,0.21,0.21,0.00,0.00,-,-,-,-,10.71,0.00%,0
PPLMR,3.53B,0.67%,8.13%,22.23%,15.91%,1.20,-,0.30,0.30,-,24.87%,18.61%,Aug 04/a,134.09,0.00%,0
PPLNT,3.57B,-,7.77%,-,10.56%,1.56,1.54,-,-,39.32%,30.95%,16.88%,Aug 06/b,47.26,0.45%,85
PPLOW,920.54M,2.96%,7.37%,17.96%,10.06%,2.16,1.03,0.71,0.97,26.42%,11.27%,7.36%,Aug 03/b,39.89,0.00%,0
PPLPC,2.06B,0.20%,6.49%,9.02%,8.02%,2.99,1.88,0.09,0.10,31.44%,8.98%,5.82%,Jul 29/a,421.59,0.00%,0
PPLRX,68.73M,-,-37.69%,-50.29%,-53.22%,9.90,9.90,0.18,0.20,-,-,-,Aug 11/a,1.11,0.00%,0
PPLRZ,25.86M,-,-24.72%,-25.38%,-15.89%,29.03,29.03,0.00,0.00,-,-,-,-,10.90,0.00%,0
PPLSE,3.88B,-,-67.90%,-78.49%,-76.55%,9.63,9.61,0.05,0.07,-43.21%,-7007.76%,-6755.78%,Aug 06/a,53.31,0.00%,0
PPLSM,15.28M,-,-26.98%,-48.74%,-57.23%,1.84,1.69,0.01,0.71,81.24%,-33.20%,-72.48%,Aug 31/b,2.35,0.87%,60
PPLTA,-,2.00%,-,-,-,-,-,-,-,-,-,-,-,20.70,0.05%,161
PPLTD,-,3.81%,-,-,-,-,-,-,-,-,-,-,-,4.86,-1.22%,"40,624"
PPLTG,-,24.48%,-,-,-,-,-,-,-,-,-,-,-,19.39,1.16%,"1,076"
PPLTK,896.34M,5.15%,-8.07%,-,-13.49%,1.14,1.14,-,-,73.48%,17.08%,-9.89%,Aug 06/b,2.35,1.73%,4
PPLTL,-,-,-,-,-,-,-,-,-,-,-,-,-,63.41,0.00%,0
PPLTM,-,-,-,-,-,-,-,-,-,-,-,-,-,17.21,-0.58%,"2,131"
PPLTR,442.43B,-,31.68%,38.42%,30.21%,7.23,7.23,0.02,0.02,84.80%,42.80%,49.00%,Aug 03/a,184.11,0.56%,"122,070"
PPLTU,-,2.47%,-,-,-,-,-,-,-,-,-,-,-,54.90,1.09%,"8,735"
PPLTW,-,74.18%,-,-,-,-,-,-,-,-,-,-,-,24.45,0.11%,615
PPLTY,-,79.14%,-,-,-,-,-,-,-,-,-,-,-,36.39,0.78%,"2,347"
PPLTZ,-,-,-,-,-,-,-,-,-,-,-,-,-,8.23,-1.32%,"57,388"
PPLU,-,-,-,-,-,-,-,-,-,-,-,-,-,5.07,-0.39%,"3,586"
PPLUG,2.93B,-,-59.19%,-145.07%,-109.79%,2.32,1.32,1.57,1.78,-18.55%,-67.50%,-220.59%,Aug 10/a,2.10,0.44%,"86,577"
PPLUL,-,-,-,-,-,-,-,-,-,-,-,-,-,7.14,0.11%,35
PPLUN,141.56M,-,-,-,-,11.19,11.19,0.00,0.00,-,-,-,-,10.06,0.00%,0
PPLUR,13.21M,-,-74.95%,-,-,0.27,0.27,-,-,-5.71%,-2454.53%,-2344.59%,-,1.07,0.00%,0
PPLUS,2.41B,1.13%,6.94%,12.16%,11.73%,2.02,1.81,0.00,0.00,24.20%,6.88%,5.12%,Aug 04/a,92.25,0.00%,0
PPLUT,36.99M,-,-,-,-,-,-,-,-,-,-,-,-,2.41,0.00%,0
PPLX,221.57M,-,20.07%,31.23%,24.00%,2.94,1.91,0.11,0.13,69.20%,28.89%,23.50%,Aug 12/b,2.75,0.00%,0
PPLXS,6.73B,-,5.50%,12.58%,11.28%,1.49,0.72,0.08,0.20,9.58%,4.53%,4.03%,Jul 29/a,252.53,0.07%,"1,545"
PPLYX,106.67M,-,-89.21%,-96.56%,-62.61%,13.53,13.53,0.00,0.00,-,-,-,Sep 02,2.14,0.00%,0
PPLYY,-,146.70%,-,-,-,-,-,-,-,-,-,-,-,8.14,0.00%,0
PPM,292.54B,3.20%,15.86%,-,32.10%,0.98,0.55,-,-,65.33%,37.32%,25.55%,Jul 22/b,187.69,0.11%,129
PPMA,16.22M,-,-59.67%,-,-,0.71,0.71,-,-,-18.37%,-37.40%,-39.40%,-,1.25,0.00%,0
PPMAP,-,-,-,-,-,-,-,-,-,-,-,-,-,27.61,0.00%,0
PPMAR,-,-,-,-,-,-,-,-,-,-,-,-,-,49.01,0.00%,0
PPMAU,-,-,-,-,-,-,-,-,-,-,-,-,-,26.98,0.00%,0
PPMAX,1.86M,-,-44.67%,-101.54%,-87.73%,1.80,1.80,0.07,0.19,42.00%,-30.46%,-49.33%,-,0.95,0.07%,10
PPMAY,-,-,-,-,-,-,-,-,-,-,-,-,-,42.40,0.00%,0
PPMBS,-,4.97%,-,-,-,-,-,-,-,-,-,-,-,47.51,0.00%,0
PPMCB,4.67M,-,-39.47%,-44.24%,-54.92%,40.30,40.30,0.00,0.00,-,-,-,-,0.44,-3.46%,600
PPMDE,-,-,-,-,-,-,-,-,-,-,-,-,-,26.25,0.00%,0
PPMEC,23.21M,-,-5.82%,-17.31%,-12.03%,1.36,1.36,0.53,1.40,13.47%,-6.40%,-3.12%,-,0.60,0.00%,0
PPMFB,-,-,-,-,-,-,-,-,-,-,-,-,-,27.70,0.00%,0
PPMI,10.65M,-,-268.26%,-,-1631.29%,1.02,0.22,0.00,0.92,17.90%,-248.10%,-444.33%,Aug 20/b,4.55,8.08%,"3,218"
PPMIO,-,3.97%,-,-,-,-,-,-,-,-,-,-,-,49.47,0.00%,0
PPMJA,-,-,-,-,-,-,-,-,-,-,-,-,-,27.85,0.00%,0
PPMJL,-,-,-,-,-,-,-,-,-,-,-,-,-,26.97,0.00%,0
PPMJN,-,-,-,-,-,-,-,-,-,-,-,-,-,27.01,0.00%,0
PPML,856.95M,7.03%,-,-,-,-,-,-,-,-,-,-,-,6.83,0.00%,0
PPMM,247.15M,5.77%,-,-,-,-,-,-,-,-,-,-,-,5.77,0.00%,0
PPMMF,-,4.04%,-,-,-,-,-,-,-,-,-,-,-,100.29,0.00%,0
PPMMR,-,-,-,-,-,-,-,-,-,-,-,-,-,27.46,0.00%,0
PPMMY,-,-,-,-,-,-,-,-,-,-,-,-,-,27.12,0.00%,0
PPMN,122.23M,-,-127.57%,-172.30%,-85.48%,7.85,7.85,0.00,0.00,-,-,-,Aug 13/a,13.63,0.00%,0
PPMNV,-,-,-,-,-,-,-,-,-,-,-,-,-,26.43,0.00%,0
PPMO,265.23M,5.24%,-,-,-,-,-,-,-,-,-,-,-,9.68,0.00%,0
PPMOC,-,-,-,-,-,-,-,-,-,-,-,-,-,26.49,0.00%,0
PPMSE,-,-,-,-,-,-,-,-,-,-,-,-,-,26.70,0.00%,0
PPMT,774.36M,18.02%,0.79%,8.94%,1.20%,0.04,0.04,6.50,12.37,92.54%,81.85%,6.62%,Jul 29/a,8.88,0.00%,0
PPMTL,-,-,-,-,-,-,-,-,-,-,-,-,-,25.51,0.00%,0
PPMTR,320.89M,-,3.18%,3.31%,3.25%,0.60,0.60,0.00,0.00,-,-,-,-,10.41,0.00%,0
PPMTS,284.12M,-,3.48%,-,5.49%,2.09,1.39,-,-,31.40%,9.22%,2.34%,Aug 06/b,24.51,-0.57%,52
PPMVP,112.51M,-,-64.04%,-70.93%,-105.20%,7.70,7.70,0.00,0.00,-,-,-,Aug 14/b,1.49,1.02%,50
PPN,41.48M,-,-19.50%,-37.71%,-29.84%,1.50,1.05,0.08,0.25,8.62%,-15.80%,-15.68%,Aug 04/b,2.81,-0.65%,389
PPNAQ-U,202.25M,-,-,-,-,0.15,0.15,-,-,-,-,-,-,10.00,0.00%,0
PPNBK,115.24M,-,-0.58%,-8.44%,-6.21%,0.37,-,0.19,0.19,-,-11.86%,-9.76%,-,0.97,0.00%,0
PPNC,92.59B,3.15%,1.29%,12.47%,5.89%,0.11,-,1.01,1.36,-,26.27%,20.32%,Oct 15/b,232.08,-0.50%,4
PPNFP,14.51B,2.08%,0.89%,7.65%,3.27%,0.09,-,0.69,0.75,-,23.36%,15.06%,Jul 22/a,96.01,-0.50%,222
PPNI,154.06M,5.58%,-,-,-,-,-,-,-,-,-,-,-,6.45,0.00%,0
PPNNT,225.27M,27.83%,0.81%,2.23%,1.04%,0.24,0.24,1.28,1.28,82.68%,32.23%,6.58%,Aug 10/a,3.45,0.00%,0
PPNOV,-,-,-,-,-,-,-,-,-,-,-,-,-,45.76,0.00%,0
PPNQI,-,-,-,-,-,-,-,-,-,-,-,-,-,51.98,0.00%,0
PPNR,8.90B,1.93%,9.63%,17.13%,11.87%,1.45,0.76,0.46,0.47,41.35%,21.83%,16.24%,Jul 28/b,55.78,0.00%,34
PPNRG,329.96M,-,7.54%,11.72%,11.36%,1.49,1.49,0.00,0.00,25.76%,15.35%,14.08%,Aug 14/b,208.49,0.00%,0
PPNTG,1.36B,-,3.61%,9.61%,3.96%,1.20,1.20,1.27,1.38,13.10%,6.30%,2.93%,Aug 05/a,38.96,0.00%,215
PPNW,11.31B,3.97%,2.07%,9.30%,2.94%,0.59,0.41,2.09,2.35,27.69%,23.19%,11.52%,Aug 04/b,93.31,0.00%,0
PPOAS,5.49M,-,-,-,-111.69%,5.11,4.67,0.02,0.09,-656.81%,-4713.43%,-4668.92%,-,0.17,2.78%,"15,491"
PPOCI,48.70M,-,-18.49%,-29.62%,-20.98%,2.10,1.74,0.17,0.21,13.85%,-16.44%,-17.03%,May 13/a,4.45,0.00%,0
PPOCT,-,-,-,-,-,-,-,-,-,-,-,-,-,47.78,0.00%,0
PPODC,77.44M,-,-10.39%,-16.21%,-12.99%,1.05,1.05,0.00,0.01,11.81%,-5.01%,-5.01%,Aug 12/b,2.56,7.11%,61
PPODD,9.88B,-,11.31%,26.02%,15.96%,2.45,1.80,0.65,0.67,72.16%,16.88%,12.29%,Aug 05/b,142.50,1.40%,30
PPOEL,-,-,-,-,-,-,-,-,-,-,-,-,-,9.61,-2.83%,"9,367"
PPOET,1.44B,-,-15.59%,-16.89%,-8.92%,24.46,24.46,0.00,0.01,-120.72%,-3624.61%,-4420.65%,Aug 13/b,8.34,-0.83%,"170,113"
PPOLA,5.39M,-,-71.82%,-245.02%,-1120.89%,1.07,0.09,0.00,4.58,-78.14%,-181.88%,-207.92%,-,1.25,0.00%,0
PPOLE,209.06M,-,3.13%,3.27%,3.20%,43.94,43.94,0.01,0.01,-,-,-,-,10.73,0.00%,0
PPOM,5.42M,-,-,-,-,-,-,-,-,-,-,-,May 14/a,0.80,0.00%,0
PPONO,174.00M,-,-,-,-,8.52,8.52,0.00,0.00,-,-,-,-,10.04,0.00%,0
PPONX,-,-,-,-,-,-,-,-,-,-,-,-,-,14.06,-0.78%,320
PPONY,2.43B,-,-10.87%,-12.22%,-9.34%,15.94,15.94,0.01,0.01,16.23%,-214.04%,-118.35%,Aug 18/b,6.88,0.02%,"12,175"
PPOOL,6.10B,2.83%,10.70%,31.08%,14.05%,2.67,0.91,1.25,1.35,29.58%,10.76%,7.37%,Jul 23/b,167.92,0.00%,1
PPOR,5.54B,4.61%,1.95%,6.45%,2.76%,0.98,0.86,1.26,1.26,35.09%,17.28%,7.67%,Jul 31/b,47.07,0.00%,112
PPOST,3.31B,-,2.24%,8.29%,2.74%,1.85,0.99,2.48,2.48,26.33%,10.29%,3.48%,Aug 06/a,75.26,0.00%,1
PPOW,-,0.14%,-,-,-,-,-,-,-,-,-,-,-,26.25,0.00%,0
PPOWA,-,0.97%,-,-,-,-,-,-,-,-,-,-,-,87.46,0.00%,0
PPOWI,2.74B,1.74%,3.18%,3.62%,3.68%,7.07,4.70,0.00,0.00,53.64%,7.93%,5.58%,Aug 05/a,49.11,-0.81%,"1,067"
PPOWL,6.74B,0.58%,15.59%,28.25%,25.19%,1.97,1.82,0.00,0.00,30.01%,19.79%,16.49%,Aug 03/a,184.99,-1.37%,"2,485"
PPOWR,-,2.08%,-,-,-,-,-,-,-,-,-,-,-,25.22,1.69%,453
PPOWW,258.82M,-,1.68%,1.96%,2.64%,4.74,4.74,0.04,0.05,59.37%,10.45%,6.42%,Aug 10/b,2.23,0.00%,0
PPPA,-,0.41%,-,-,-,-,-,-,-,-,-,-,-,161.18,0.01%,18
PPPBT,2.17M,-,-101.51%,-111.29%,-200.79%,3.70,3.70,0.00,0.01,-,-,-,Aug 07/b,1.34,-6.36%,16
PPPC,7.02B,3.57%,5.42%,14.57%,8.02%,1.36,0.62,0.81,0.83,9.51%,6.42%,2.96%,Jul 29/a,29.48,0.00%,12
PPPCB,2.18M,-,-99.62%,-131.52%,-169.10%,2.37,2.37,0.10,0.16,-,-,-,-,0.62,-1.48%,537
PPPG,23.33B,2.77%,7.02%,19.56%,10.39%,1.58,1.15,0.79,0.88,37.46%,13.22%,9.54%,Jul 28/a,104.93,0.00%,1
PPPH,-,1.95%,-,-,-,-,-,-,-,-,-,-,-,111.66,0.00%,0
PPPHC,355.95M,2.98%,-16.50%,-39.74%,-23.58%,1.60,1.60,0.51,0.65,14.84%,-3.15%,-19.72%,Aug 10/a,11.78,0.00%,0
PPPI,-,1.34%,-,-,-,-,-,-,-,-,-,-,-,20.63,0.00%,0
PPPIH,247.82M,-,7.39%,17.94%,11.27%,2.19,1.92,0.48,0.57,30.26%,12.06%,6.89%,Sep 09/b,30.24,0.00%,0
PPPL,24.86B,3.46%,2.85%,8.63%,3.63%,0.91,0.73,1.32,1.35,28.72%,24.09%,13.46%,Aug 07/b,33.04,-0.03%,"2,917"
PPPLI,2.74B,-,5.53%,8.24%,6.41%,3.69,3.69,0.27,0.28,60.13%,0.92%,19.79%,Aug 03/a,36.76,0.00%,0
PPPLT,-,-,-,-,-,-,-,-,-,-,-,-,-,16.23,-0.55%,"10,205"
PPPSI,37.63M,-,-21.83%,-26.68%,-29.97%,4.11,2.92,0.04,0.05,16.08%,-30.11%,-35.37%,Aug 17/b,3.39,0.00%,200
PPPT,316.33M,9.43%,-,-,-,-,-,-,-,-,-,-,-,3.31,0.00%,0
PPPTA,2.92B,-,-35.98%,-37.79%,-32.15%,12.30,12.30,0.00,0.01,-,-,-,Aug 15/a,23.34,-1.44%,"1,030"
PPPTY,-,2.65%,-,-,-,-,-,-,-,-,-,-,-,32.21,0.00%,0
PPQAP,-,0.02%,-,-,-,-,-,-,-,-,-,-,-,32.99,0.00%,0
PPQDI,-,5.74%,-,-,-,-,-,-,-,-,-,-,-,19.03,0.00%,0
PPQJA,-,0.01%,-,-,-,-,-,-,-,-,-,-,-,32.73,0.00%,0
PPQJL,-,0.01%,-,-,-,-,-,-,-,-,-,-,-,31.70,0.00%,0
PPQNT,-,0.35%,-,-,-,-,-,-,-,-,-,-,-,23.33,0.00%,0
PPQOC,-,0.00%,-,-,-,-,-,-,-,-,-,-,-,32.33,0.00%,0
PPQUS,-,-,-,-,-,-,-,-,-,-,-,-,-,28.88,0.00%,0
PPQV,-,-,-,-,-,-,-,-,-,-,-,-,-,25.87,0.00%,0
PPQX,-,-,-,-,-,-,-,-,-,-,-,-,-,25.73,0.00%,0
PPQXV,-,-,-,-,-,-,-,-,-,-,-,-,-,25.60,0.00%,0
PPQXX,-,-,-,-,-,-,-,-,-,-,-,-,-,25.51,0.00%,0
PPR,18.38B,2.91%,6.86%,11.51%,8.19%,0.62,0.62,0.26,0.26,39.18%,35.95%,21.52%,Aug 05/a,21.94,-0.14%,87
PPRAA,775.55M,-,-4.97%,-22.25%,-5.49%,27.91,27.91,3.62,3.72,65.99%,37.18%,-19.90%,Aug 06/a,20.60,0.00%,0
PPRAB,-,2.34%,-,-,-,-,-,-,-,-,-,-,-,24.84,0.00%,0
PPRAE,-,0.47%,-,-,-,-,-,-,-,-,-,-,-,41.66,0.00%,0
PPRAM,-,-,-,-,-,-,-,-,-,-,-,-,-,25.48,-2.34%,2
PPRAX,8.37B,-,-36.80%,-38.86%,-25.29%,15.73,15.73,0.00,0.00,-,-,-,Aug 06/b,299.94,0.36%,"1,704"
PPRAY,-,0.61%,-,-,-,-,-,-,-,-,-,-,-,35.17,0.00%,0
PPRCH,1.89B,-,-1.69%,-,-3.49%,1.45,1.45,-,-,62.29%,8.37%,-2.67%,Jul 29/a,16.64,0.00%,0
PPRCS,-,0.12%,-,-,-,-,-,-,-,-,-,-,-,28.74,0.00%,0
PPRCT,1.06B,-,-22.12%,-30.24%,-26.44%,6.54,5.34,0.22,0.23,63.74%,-33.86%,-32.54%,Aug 04/a,18.51,0.00%,0
PPRDO,2.02B,1.92%,13.47%,17.55%,16.46%,4.69,4.68,0.04,0.05,72.62%,24.56%,20.63%,Aug 06/a,32.33,0.00%,0
PPRE,417.27M,-,-39.86%,-57.62%,-72.58%,4.04,3.66,0.00,0.01,63.22%,-35.48%,-47.43%,Aug 18/b,24.34,0.00%,0
PPREF,-,5.38%,-,-,-,-,-,-,-,-,-,-,-,18.67,0.00%,0
PPRF,-,1.33%,-,-,-,-,-,-,-,-,-,-,-,55.62,0.00%,0
PPRFD,-,5.94%,-,-,-,-,-,-,-,-,-,-,-,50.03,0.00%,0
PPRFX,3.03M,-,-35.16%,-43.75%,-33.51%,5.07,5.07,0.00,0.00,-3716.13%,-16629.03%,-17158.06%,Sep 03/b,0.99,3.37%,30
PPRFZ,-,0.83%,-,-,-,-,-,-,-,-,-,-,-,53.22,0.00%,0
PPRG,1.38B,1.62%,7.23%,17.18%,8.67%,7.48,3.91,1.10,1.10,37.08%,8.50%,5.57%,Jul 29/b,34.63,-0.67%,30
PPRGO,1.94B,8.24%,-19.24%,-48.75%,-29.22%,2.32,1.32,1.36,1.37,33.32%,6.42%,-41.85%,Aug 05/b,14.01,-0.85%,14
PPRGS,1.66B,-,3.74%,18.57%,4.88%,0.81,0.81,2.61,2.62,71.41%,18.54%,8.87%,Sep 30/a,40.41,0.00%,0
PPRHI,28.06M,-,-9.49%,-56.67%,-32.99%,1.11,-,0.73,0.73,-,-35.38%,-49.57%,-,7.49,0.00%,0
PPRI,8.79B,1.68%,6.49%,32.86%,18.72%,2.43,-,0.68,0.68,-,31.69%,22.76%,Aug 05/a,285.51,0.00%,0
PPRIM,4.14B,0.42%,3.04%,8.89%,5.22%,1.18,1.15,0.66,0.80,8.62%,3.03%,1.92%,Aug 04/a,76.91,0.00%,0
PPRIV,-,4.65%,-,-,-,-,-,-,-,-,-,-,-,24.42,0.00%,0
PPRIZ,-,0.54%,-,-,-,-,-,-,-,-,-,-,-,25.02,0.00%,0
PPRK,3.30B,2.74%,1.68%,12.59%,10.82%,0.13,-,0.02,0.09,-,33.59%,25.13%,Jul 27/a,182.89,0.00%,0
PPRKS,1.54B,0.62%,4.97%,-,7.54%,0.48,0.36,-,-,34.87%,20.67%,8.11%,Aug 04/b,34.01,0.00%,0
PPRLB,2.10B,-,3.97%,4.49%,4.40%,3.64,3.43,0.00,0.00,45.42%,7.33%,5.44%,Jul 31/b,87.68,0.00%,0
PPRLD,375.08M,-,-39.76%,-57.73%,-40.70%,4.07,4.07,0.11,0.13,92.92%,-300.56%,-269.75%,Aug 11/b,4.70,0.00%,0
PPRM,5.18B,-,-11.85%,-30.87%,-14.19%,1.57,0.93,1.34,1.35,44.45%,-50.60%,-44.86%,Jul 31/b,31.63,0.00%,0
PPRMB,7.41B,2.34%,1.03%,3.59%,1.18%,1.05,0.86,1.86,1.91,31.04%,10.36%,1.49%,Aug 05/b,20.48,0.00%,0
PPRME,582.22M,-,-71.16%,-373.29%,-131.10%,3.05,3.05,2.60,2.83,-81.64%,-4824.94%,-4613.11%,Aug 06/b,3.21,0.63%,551
PPRMR,-,-,-,-,-,-,-,-,-,-,-,-,-,28.93,0.00%,0
PPRN,-,0.11%,-,-,-,-,-,-,-,-,-,-,-,199.16,0.00%,0
PPRNT,-,0.71%,-,-,-,-,-,-,-,-,-,-,-,24.66,0.00%,0
PPROF,222.83M,-,-58.45%,-73.53%,-62.30%,6.46,5.31,0.06,0.15,71.79%,-185.31%,-171.57%,Aug 06/a,6.10,0.00%,0
PPROK,535.11M,-,-27.10%,-,-,8.36,8.36,-,-,-600.61%,-21664.55%,-10288.39%,Aug 10/a,1.77,-0.28%,10
PPROP,47.38M,-,-5.46%,-32.09%,-7.22%,0.25,0.23,2.16,2.17,60.12%,35.02%,-0.80%,Aug 17/b,0.42,2.02%,137
PPROV,116.08M,3.01%,0.54%,5.22%,3.85%,0.07,-,0.37,1.26,-,16.15%,11.15%,Jul 28/b,18.62,0.00%,0
PPRPL,11.86M,-,-17.14%,-11027.43%,-654.43%,0.52,0.27,-,-,41.78%,-6.64%,-10.74%,Aug 10/a,2.72,0.00%,0
PPRPO,47.96M,-,-6.05%,-8.98%,-6.90%,1.77,1.56,0.19,0.24,37.35%,-5.68%,-4.47%,Aug 14/a,26.79,0.00%,0
PPRQR,260.98M,-,-31.23%,-57.88%,-48.66%,3.49,3.49,0.11,0.17,85.00%,-234.12%,-229.34%,Aug 13/b,1.89,1.61%,300
PPRSD,-,4.06%,-,-,-,-,-,-,-,-,-,-,-,24.75,0.00%,0
PPRSO,7.24M,-,-116.42%,-181.24%,-144.64%,3.17,2.23,0.01,0.03,56.60%,-85.86%,-85.63%,Aug 11/a,0.48,0.73%,"1,065"
PPRSU,1.32B,-,4.38%,7.88%,5.31%,1.61,1.47,0.45,0.45,34.17%,16.12%,8.54%,Aug 05/a,48.38,0.00%,0
PPRT,24.09M,11.06%,5.77%,5.94%,10.98%,3.70,3.70,0.00,0.00,-,77.48%,77.48%,-,1.98,0.00%,0
PPRTA,436.88M,-,-12.54%,-14.39%,-15.12%,25.05,25.05,0.01,0.02,93.18%,-109.79%,-80.67%,Aug 06/a,8.51,0.00%,0
PPRTH,643.03M,-,2.48%,-,5.82%,1.10,1.10,-,-,20.71%,13.77%,5.61%,Aug 06/b,7.80,0.00%,"1,236"
PPRTO,-,-,-,-,-,-,-,-,-,-,-,-,-,27.79,0.00%,0
PPRTS,68.56M,-,-14.78%,-46.31%,-27.39%,1.67,0.66,0.77,0.90,29.37%,-5.08%,-5.35%,Aug 06/a,8.50,0.00%,0
PPRU,40.89B,4.72%,0.51%,12.61%,7.09%,2.28,-,0.75,1.10,-,7.58%,5.98%,Aug 04/a,118.53,0.00%,0
PPRVA,2.50B,-,2.04%,3.84%,3.56%,1.62,1.62,0.01,0.01,9.52%,1.90%,1.19%,Aug 06/b,19.54,0.00%,0
PPRVS,-,0.51%,-,-,-,-,-,-,-,-,-,-,-,32.94,0.00%,0
PPRXG,-,0.09%,-,-,-,-,-,-,-,-,-,-,-,41.17,0.00%,0
PPRXI,-,-,-,-,-,-,-,-,-,-,-,-,-,25.45,0.00%,0
PPRXV,-,1.50%,-,-,-,-,-,-,-,-,-,-,-,35.60,0.00%,0
PPRZO,20.41M,-,-93.27%,-132.67%,-90.21%,5.10,4.88,0.04,0.08,29.25%,-448.87%,-425.97%,Aug 26/b,0.70,4.09%,111
PPS,20.00B,0.59%,-,-,-,0.60,0.60,0.19,0.19,-,-,-,Aug 12/a,49.99,3.65%,18
PPSA,55.43B,4.05%,10.06%,22.03%,10.92%,0.67,0.67,1.04,1.11,48.63%,45.75%,37.74%,Jul 29/a,296.67,0.00%,1
PPSAI,-,0.09%,-,-,-,-,-,-,-,-,-,-,-,27.90,0.00%,0
PPSBD,318.16M,14.49%,-2.51%,-6.75%,-2.79%,1.96,1.96,1.71,1.71,84.67%,15.08%,-30.91%,Aug 05/b,10.38,0.00%,0
PPSC,-,0.53%,-,-,-,-,-,-,-,-,-,-,-,67.80,0.00%,0
PPSCC,-,1.96%,-,-,-,-,-,-,-,-,-,-,-,34.17,0.00%,0
PPSCD,-,1.07%,-,-,-,-,-,-,-,-,-,-,-,108.10,0.00%,0
PPSCE,-,2.43%,-,-,-,-,-,-,-,-,-,-,-,59.78,0.00%,0
PPSCF,-,2.21%,-,-,-,-,-,-,-,-,-,-,-,62.96,0.00%,0
PPSCH,-,0.01%,-,-,-,-,-,-,-,-,-,-,-,53.24,0.00%,0
PPSCI,-,0.52%,-,-,-,-,-,-,-,-,-,-,-,163.98,0.00%,0
PPSCJ,-,-,-,-,-,-,-,-,-,-,-,-,-,32.40,0.00%,0
PPSCM,-,1.10%,-,-,-,-,-,-,-,-,-,-,-,94.05,0.00%,0
PPSCQ,-,-,-,-,-,-,-,-,-,-,-,-,-,32.17,0.00%,0
PPSCT,-,0.00%,-,-,-,-,-,-,-,-,-,-,-,80.23,0.00%,0
PPSCU,-,0.81%,-,-,-,-,-,-,-,-,-,-,-,62.87,0.00%,0
PPSCW,-,-,-,-,-,-,-,-,-,-,-,-,-,30.68,0.00%,0
PPSCX,-,-,-,-,-,-,-,-,-,-,-,-,-,33.56,0.00%,0
PPSDM,-,4.45%,-,-,-,-,-,-,-,-,-,-,-,50.42,0.00%,0
PPSEC,1.16B,19.00%,2.32%,3.37%,2.57%,0.16,0.16,0.33,0.41,66.16%,67.36%,7.19%,Aug 20/a,2.21,0.45%,11
PPSEP,-,-,-,-,-,-,-,-,-,-,-,-,-,47.17,0.00%,0
PPSET,-,0.66%,-,-,-,-,-,-,-,-,-,-,-,78.73,0.00%,0
PPSF,226.25M,8.04%,-,-,-,-,-,-,-,-,-,-,-,18.81,0.00%,0
PPSFD,-,-,-,-,-,-,-,-,-,-,-,-,-,41.07,0.00%,0
PPSFE,335.75M,-,-4.39%,-30.25%,-6.72%,1.17,1.17,4.43,4.47,40.41%,5.68%,-11.82%,Aug 13/b,6.43,-0.77%,2
PPSFF,-,-,-,-,-,-,-,-,-,-,-,-,-,35.24,0.00%,0
PPSFJ,-,-,-,-,-,-,-,-,-,-,-,-,-,36.17,0.00%,0
PPSFM,-,-,-,-,-,-,-,-,-,-,-,-,-,35.74,0.00%,0
PPSFO,-,-,-,-,-,-,-,-,-,-,-,-,-,35.86,0.00%,0
PPSH,-,5.88%,-,-,-,-,-,-,-,-,-,-,-,49.50,0.00%,0
PPSHG,23.00M,-,6.94%,10.98%,5.72%,3.91,3.85,0.84,0.90,50.91%,41.83%,30.24%,Jul 29/b,1.85,0.00%,0
PPSI,-,0.03%,-,-,-,-,-,-,-,-,-,-,-,143.01,-1.29%,"3,416"
PPSIG,67.06M,-,-,-,-,0.79,0.79,-,-,1.87%,-5.69%,-28.63%,-,4.36,0.00%,12
PPSIL,-,6.85%,-,-,-,-,-,-,-,-,-,-,-,24.86,0.00%,0
PPSIX,1.06B,-,15.23%,40.07%,20.70%,2.57,1.49,0.61,0.66,23.69%,13.00%,10.03%,Aug 06/a,45.84,-0.15%,7
PPSK,-,7.32%,-,-,-,-,-,-,-,-,-,-,-,29.22,0.00%,0
PPSKY,11.37B,2.17%,-1.39%,-4.36%,-2.27%,1.04,0.88,1.32,1.38,28.57%,7.85%,-2.13%,Aug 04/a,10.13,2.25%,"40,839"
PPSL,-,0.74%,-,-,-,-,-,-,-,-,-,-,-,108.42,0.00%,0
PPSLV,12.99B,-,-,-,-,-,-,-,-,-,-,-,-,21.36,-0.94%,"45,264"
PPSMD,-,-,-,-,-,-,-,-,-,-,-,-,-,35.25,0.00%,0
PPSMJ,-,-,-,-,-,-,-,-,-,-,-,-,-,34.67,0.00%,0
PPSMO,-,-,-,-,-,-,-,-,-,-,-,-,-,33.50,0.00%,0
PPSMR,-,-,-,-,-,-,-,-,-,-,-,-,-,32.94,0.00%,0
PPSMT,5.27B,0.81%,6.74%,12.06%,9.58%,1.28,0.53,0.18,0.23,17.63%,4.56%,2.76%,Jul 08/a,170.61,0.00%,0
PPSN,4.84B,-,2.66%,6.12%,3.72%,1.66,1.66,0.61,0.63,21.96%,5.40%,2.50%,Jul 29/b,45.33,0.00%,0
PPSNL,1.73B,-,-37.55%,-50.32%,-40.39%,5.24,5.08,0.13,0.16,12.69%,-164.07%,-153.84%,Aug 04/a,16.24,0.00%,0
PPSNY,1.28B,-,-56.06%,-,-,0.32,0.22,-,-,-16.87%,-47.18%,-66.99%,Sep 03/b,7.86,0.64%,80
PPSO,9.64B,2.21%,5.04%,9.15%,6.41%,2.00,1.94,0.50,0.53,52.03%,14.53%,8.78%,Jul 31/b,16.09,1.19%,"4,938"
PPSOX,-,-,-,-,-,-,-,-,-,-,-,-,-,47.27,0.00%,0
PPSP,-,5.34%,-,-,-,-,-,-,-,-,-,-,-,58.77,0.00%,1
PPSQ,-,4.57%,-,-,-,-,-,-,-,-,-,-,-,25.00,0.08%,"50,879"
PPSQA,-,4.07%,-,-,-,-,-,-,-,-,-,-,-,20.82,0.00%,0
PPSQH,18.24M,-,-50.68%,-218.18%,-109.25%,1.47,1.46,6.84,8.67,34.50%,-96.44%,-132.73%,Jul 29/b,5.42,0.00%,0
PPSQL,1.55B,-,-,-,-0.89%,0.17,0.17,0.00,0.00,-,-,-,-,7.28,-0.41%,"4,916"
PPSQO,-,4.43%,-,-,-,-,-,-,-,-,-,-,-,20.90,0.00%,0
PPSR,-,2.73%,-,-,-,-,-,-,-,-,-,-,-,99.66,0.00%,0
PPST,-,2.68%,-,-,-,-,-,-,-,-,-,-,-,24.51,0.00%,0
PPSTL,831.11M,4.21%,1.88%,4.90%,1.94%,9.15,9.15,1.21,1.21,54.60%,37.62%,13.54%,Aug 04/a,23.28,-1.44%,9
PPSTP,-,-,-,-,-,-,-,-,-,-,-,-,-,37.65,0.00%,0
PPSTR,-,4.57%,-,-,-,-,-,-,-,-,-,-,-,32.07,0.00%,0
PPSUS,3.96B,-,-,-,-,-,-,-,-,-,-,-,Aug 13/b,39.58,0.00%,0
PPSWD,-,0.23%,-,-,-,-,-,-,-,-,-,-,-,48.28,0.00%,0
PPSX,104.03B,1.95%,8.98%,24.01%,14.09%,1.32,1.00,0.60,0.65,7.92%,5.90%,4.62%,Aug 05/b,260.71,-0.40%,"1,663"
PPTA,996.03M,8.92%,-,-,-,-,-,-,-,-,-,-,-,18.02,0.00%,3
PPTAC,218.53M,-,-,-,-,2.08,2.08,0.00,0.00,-,-,-,-,9.99,0.00%,0
PPTBD,-,6.15%,-,-,-,-,-,-,-,-,-,-,-,18.83,0.00%,0
PPTC,14.76B,-,19.32%,35.25%,24.48%,1.02,1.02,0.45,0.46,82.89%,39.78%,41.67%,Jul 29/a,136.00,0.53%,785
PPTCT,5.47B,-,-1.30%,-,-8.39%,3.39,3.28,-,-,89.00%,11.57%,-3.80%,Jul 30/a,65.48,0.34%,"11,669"
PPTEN,4.34B,3.51%,-1.64%,-2.79%,-2.06%,1.75,1.57,0.41,0.41,4.86%,-0.71%,-1.92%,Jul 29/a,11.39,-0.26%,"4,586"
PPTEU,-,1.76%,-,-,-,-,-,-,-,-,-,-,-,33.48,0.00%,0
PPTF,-,0.01%,-,-,-,-,-,-,-,-,-,-,-,107.47,0.09%,10
PPTGX,9.35B,-,10.34%,10.98%,9.77%,21.71,21.71,0.01,0.01,99.45%,20.69%,29.40%,Aug 05/a,144.52,-0.32%,"3,939"
PPTH,-,2.48%,-,-,-,-,-,-,-,-,-,-,-,61.52,0.00%,0
PPTHS,88.63M,-,-124.96%,-881.53%,-121.74%,1.98,1.31,-,-,66.80%,-133.42%,-199.50%,Aug 13/b,23.15,0.00%,0
PPTIN,-,2.13%,-,-,-,-,-,-,-,-,-,-,-,37.45,0.00%,0
PPTIR,-,-,-,-,-,-,-,-,-,-,-,-,-,20.55,1.53%,"29,414"
PPTL,-,1.17%,-,-,-,-,-,-,-,-,-,-,-,276.71,0.00%,0
PPTLC,-,0.98%,-,-,-,-,-,-,-,-,-,-,-,60.40,0.00%,0
PPTLE,45.54M,-,-9.49%,-24.75%,-13.23%,2.60,2.60,0.00,0.00,1.27%,-0.62%,-1.65%,-,7.25,0.00%,0
PPTLO,283.27M,-,0.87%,2.95%,1.31%,0.26,0.20,1.21,1.44,16.59%,6.48%,1.85%,Aug 05/a,3.73,0.00%,0
PPTMC,-,1.65%,-,-,-,-,-,-,-,-,-,-,-,39.79,0.00%,0
PPTN,18.18M,-,-73.72%,-297.24%,-58.46%,5.04,5.04,0.01,0.03,-3.40%,-68.70%,-48.50%,May 13/b,10.22,0.00%,0
PPTNQ,-,0.77%,-,-,-,-,-,-,-,-,-,-,-,89.45,0.00%,0
PPTNT,-,-,-,-,-,-,-,-,-,-,-,-,-,24.57,0.00%,0
PPTON,2.17B,-,3.02%,-,4.21%,2.84,2.58,-,-,51.34%,8.71%,2.58%,Aug 06/b,4.95,0.00%,153
PPTOR,338.55M,-,-,-,-,1.58,1.58,0.00,0.00,-,-,-,-,9.98,0.00%,0
PPTRB,-,4.82%,-,-,-,-,-,-,-,-,-,-,-,40.35,0.00%,0
PPTRN,3.59B,-,-15.41%,-25.68%,-20.04%,2.35,1.51,0.06,0.08,43.23%,1.36%,-4.57%,Aug 05/a,20.24,0.00%,0
PPTY,2.45B,12.69%,-,-,-,-,-,-,-,-,-,-,-,11.25,0.00%,0
PPUBM,814.44M,-,-1.96%,-5.59%,-4.96%,1.27,1.27,0.14,0.17,64.43%,-4.69%,-4.66%,Aug 06/a,17.88,0.00%,0
PPUI,-,2.29%,-,-,-,-,-,-,-,-,-,-,-,42.09,0.00%,0
PPUK,32.37B,2.37%,1.72%,19.19%,14.14%,5.10,-,0.30,0.30,-,9.34%,12.10%,Aug 26/a,26.25,0.00%,0
PPUL,-,-,-,-,-,-,-,-,-,-,-,-,-,46.29,0.00%,0
PPULM,6.40M,-,-85.40%,-98.35%,-156.94%,4.70,4.70,0.00,0.00,-,-,-,Aug 13/b,1.75,4.17%,"1,873"
PPULS,-,4.41%,-,-,-,-,-,-,-,-,-,-,-,49.63,0.02%,648
PPUMP,1.25B,-,-0.81%,-1.50%,-0.77%,4.09,4.00,0.82,0.90,8.30%,-0.86%,-1.15%,Jul 29/b,10.15,-0.10%,661
PPUR,-,-,-,-,-,-,-,-,-,-,-,-,-,41.70,1.83%,"5,761"
PPURR,3.26B,-,30.85%,33.94%,16.96%,41.62,41.62,0.00,0.00,-,-60.10%,2552.32%,Aug 27/b,13.70,1.11%,"332,019"
PPUSA,101.61M,-,-16.30%,-17.20%,-10.49%,52.40,52.37,0.01,0.02,-101.18%,-205.79%,-154.23%,Sep 02,3.68,2.96%,202
PPUSH,-,3.18%,-,-,-,-,-,-,-,-,-,-,-,50.14,0.00%,0
PPVAL,-,0.90%,-,-,-,-,-,-,-,-,-,-,-,53.73,0.00%,2
PPVEX,-,0.07%,-,-,-,-,-,-,-,-,-,-,-,31.35,0.00%,0
PPVH,3.39B,0.21%,-1.47%,-3.50%,-1.97%,1.65,0.93,0.79,0.87,59.03%,8.55%,-1.89%,Sep 02/a,73.40,0.00%,0
PPVI,-,2.21%,-,-,-,-,-,-,-,-,-,-,-,24.88,0.00%,0
PPVL,60.72M,11.85%,14.79%,14.92%,15.91%,33.48,33.48,0.00,0.00,80.29%,69.14%,73.08%,-,1.84,0.00%,0
PPVLA,2.18B,-,-37.70%,-46.63%,-25.78%,21.18,21.18,0.10,0.10,-,-,-,Aug 04/b,151.48,-1.26%,"2,937"
PPW,2.53M,-,-5.78%,-29.35%,-6.62%,3.44,3.44,4.02,4.19,75.62%,41.13%,-79.35%,-,6.90,0.00%,0
PPWB,-,-,-,-,-,-,-,-,-,-,-,-,-,161.91,0.00%,0
PPWCM,1.85M,-,-95.39%,-147.82%,-184.97%,0.99,0.99,0.14,1.16,-31.04%,-328.27%,-432.41%,Aug 14/b,1.03,0.00%,9
PPWER,-,1.10%,-,-,-,-,-,-,-,-,-,-,-,44.68,0.00%,0
PPWP,1.31B,2.08%,3.55%,-,17.91%,1.94,1.94,-,-,96.74%,2.84%,3.22%,Jul 31/b,13.45,0.00%,0
PPWR,96.37B,0.07%,5.51%,15.17%,8.60%,1.10,1.05,0.60,0.69,13.68%,6.41%,4.03%,Jul 30/b,641.00,-0.25%,540
PPWRD,-,0.06%,-,-,-,-,-,-,-,-,-,-,-,106.20,0.00%,"7,961"
PPWRL,490.31M,-,-,-,-,-,-,-,-,-,-,-,-,11.36,0.00%,0
PPWRZ,-,1.89%,-,-,-,-,-,-,-,-,-,-,-,29.88,0.00%,0
PPWS,-,2.08%,-,-,-,-,-,-,-,-,-,-,-,32.63,0.00%,0
PPWV,-,1.74%,-,-,-,-,-,-,-,-,-,-,-,79.03,0.00%,0
PPWZ,-,3.96%,-,-,-,-,-,-,-,-,-,-,-,22.96,0.00%,0
PPXE,-,1.55%,-,-,-,-,-,-,-,-,-,-,-,40.32,0.00%,0
PPXED,953.09M,2.52%,13.64%,26.16%,21.81%,1.92,1.92,0.17,0.20,56.50%,17.10%,8.18%,Jul 14/a,26.44,0.00%,0
PPXF,-,3.18%,-,-,-,-,-,-,-,-,-,-,-,78.28,0.00%,0
PPXH,-,3.89%,-,-,-,-,-,-,-,-,-,-,-,29.82,0.00%,0
PPXI,-,1.14%,-,-,-,-,-,-,-,-,-,-,-,63.29,0.00%,0
PPXJ,-,2.72%,-,-,-,-,-,-,-,-,-,-,-,45.45,0.00%,0
PPXLW,42.47M,-,-39.89%,-,-46.53%,35.56,35.56,0.00,0.01,50.13%,-79.15%,-73.07%,Aug 11/a,7.02,0.00%,0
PPXS,72.19M,-,4.43%,8.83%,4.84%,4.72,4.68,0.75,0.83,42.15%,30.65%,20.00%,Aug 31/a,7.05,0.00%,0
PPY,-,1.78%,-,-,-,-,-,-,-,-,-,-,-,57.21,0.00%,0
PPYLD,-,6.06%,-,-,-,-,-,-,-,-,-,-,-,25.84,0.00%,0
PPYPD,105.01M,-,-119.05%,-243.59%,-555.57%,1.35,1.14,0.05,0.29,-,-,-,Aug 12/b,5.17,0.00%,0
PPYPG,-,-,-,-,-,-,-,-,-,-,-,-,-,6.97,0.00%,0
PPYPL,45.08B,0.64%,6.03%,24.50%,15.62%,1.29,1.29,0.58,0.72,40.86%,18.94%,14.27%,Jul 28/b,52.70,0.15%,"6,444"
PPYPU,-,0.55%,-,-,-,-,-,-,-,-,-,-,-,30.50,0.00%,0
PPYPY,-,63.15%,-,-,-,-,-,-,-,-,-,-,-,25.82,0.00%,0
PPYXS,269.41M,-,-99.62%,-179.10%,-323.25%,1.34,1.34,1.40,1.56,40.46%,-834.44%,-803.83%,Aug 13/b,3.23,1.25%,1
PPYZ,-,0.49%,-,-,-,-,-,-,-,-,-,-,-,116.67,0.00%,0
PPZA,-,4.00%,-,-,-,-,-,-,-,-,-,-,-,21.95,0.00%,0
PPZG,114.67M,-,-27.48%,-46.11%,-34.03%,3.08,3.08,0.35,0.35,-,-,-,May 13,1.33,0.00%,0
PPZIV,-,-,-,-,-,-,-,-,-,-,-,-,-,29.94,0.00%,0
PPZLV,-,-,-,-,-,-,-,-,-,-,-,-,-,30.53,0.00%,0
PPZT,-,3.98%,-,-,-,-,-,-,-,-,-,-,-,21.07,0.00%,0
PPZZA,669.30M,4.67%,3.22%,-,6.24%,0.83,0.71,-,-,15.69%,4.69%,1.34%,Aug 06/b,20.33,0.20%,58
QQ,25.42B,0.20%,4.36%,6.44%,5.00%,2.01,1.50,0.61,0.62,42.30%,21.71%,11.25%,Aug 04/b,121.50,-0.26%,174
QQABA,-,2.30%,-,-,-,-,-,-,-,-,-,-,-,66.57,0.00%,0
QQADR,251.50M,-,-,-,0.44%,3.49,3.49,0.00,0.00,-,-,-,-,10.10,0.00%,0
QQAI,-,1.38%,-,-,-,-,-,-,-,-,-,-,-,36.42,0.00%,0
QQALT,-,3.73%,-,-,-,-,-,-,-,-,-,-,-,25.95,0.00%,0
QQARP,-,1.01%,-,-,-,-,-,-,-,-,-,-,-,67.63,0.00%,0
QQAT,-,5.04%,-,-,-,-,-,-,-,-,-,-,-,16.88,0.00%,0
QQAU,-,-,-,-,-,-,-,-,-,-,-,-,-,26.09,0.00%,0
QQB,-,0.74%,-,-,-,-,-,-,-,-,-,-,-,49.48,0.00%,0
QQBER,-,3.29%,-,-,-,-,-,-,-,-,-,-,-,23.78,0.00%,0
QQBF,-,1.54%,-,-,-,-,-,-,-,-,-,-,-,19.24,0.00%,0
QQBIF,-,-,-,-,-,-,-,-,-,-,-,-,-,26.52,0.00%,0
QQBIG,-,-,-,-,-,-,-,-,-,-,-,-,-,42.58,0.00%,0
QQBIV,-,-,-,-,-,-,-,-,-,-,-,-,-,27.24,0.00%,0
QQBKF,-,-,-,-,-,-,-,-,-,-,-,-,-,26.00,0.00%,0
QQBKV,-,-,-,-,-,-,-,-,-,-,-,-,-,27.24,0.00%,0
QQBQF,-,-,-,-,-,-,-,-,-,-,-,-,-,26.25,0.00%,0
QQBQV,-,-,-,-,-,-,-,-,-,-,-,-,-,27.35,0.00%,0
QQBSF,-,-,-,-,-,-,-,-,-,-,-,-,-,27.58,0.00%,0
QQBSV,-,-,-,-,-,-,-,-,-,-,-,-,-,27.54,0.00%,0
QQBTS,6.64B,-,-24.84%,-27.98%,-22.01%,20.55,20.42,0.04,0.04,-7.31%,-1372.88%,-2001.59%,Aug 06/b,17.50,-1.14%,"119,440"
QQBTX,-,-,-,-,-,-,-,-,-,-,-,-,-,41.86,59.77%,221
QQBTZ,-,-,-,-,-,-,-,-,-,-,-,-,-,15.84,4.42%,906
QQBUF,-,-,-,-,-,-,-,-,-,-,-,-,-,31.12,0.00%,0
QQBUL,-,8.82%,-,-,-,-,-,-,-,-,-,-,-,24.13,0.00%,0
QQBY,-,191.77%,-,-,-,-,-,-,-,-,-,-,-,5.72,0.00%,0
QQCAP,-,-,-,-,-,-,-,-,-,-,-,-,-,25.48,0.00%,0
QQCJA,-,-,-,-,-,-,-,-,-,-,-,-,-,23.94,0.00%,0
QQCJL,-,-,-,-,-,-,-,-,-,-,-,-,-,26.06,0.00%,0
QQCLN,-,0.17%,-,-,-,-,-,-,-,-,-,-,-,48.00,-1.86%,289
QQCLR,-,0.48%,-,-,-,-,-,-,-,-,-,-,-,28.09,0.00%,0
QQCLS,6.43M,-,-82.79%,-108.00%,-85.83%,3.29,3.29,0.01,0.02,-,-,-,-,0.78,-0.03%,"12,334"
QQCMD,-,3.67%,-,-,-,-,-,-,-,-,-,-,-,15.08,0.01%,"1,077"
QQCML,-,-,-,-,-,-,-,-,-,-,-,-,-,20.20,-1.46%,"81,093"
QQCMU,-,2.41%,-,-,-,-,-,-,-,-,-,-,-,24.59,-3.84%,"5,763"
QQCOC,-,-,-,-,-,-,-,-,-,-,-,-,-,24.53,0.00%,0
QQCOM,202.42B,1.88%,16.50%,33.75%,22.90%,2.02,1.26,0.46,0.55,54.23%,23.50%,21.01%,Jul 29/a,192.74,-0.77%,"101,762"
QQCRH,1.62B,0.39%,1.51%,12.91%,9.20%,0.05,-,0.34,0.57,-,25.23%,22.90%,Jul 22/a,98.83,-0.72%,"4,007"
QQDEC,-,-,-,-,-,-,-,-,-,-,-,-,-,36.80,0.00%,0
QQDEF,-,1.57%,-,-,-,-,-,-,-,-,-,-,-,90.65,0.00%,0
QQDEL,744.73M,-,-17.34%,-45.91%,-23.49%,1.39,0.76,1.51,1.73,37.68%,-1.16%,-39.21%,Aug 06/a,10.86,0.00%,73
QQDF,-,1.50%,-,-,-,-,-,-,-,-,-,-,-,91.54,0.00%,1
QQDIV,-,2.82%,-,-,-,-,-,-,-,-,-,-,-,39.20,0.00%,0
QQDPL,-,4.57%,-,-,-,-,-,-,-,-,-,-,-,46.69,0.00%,0
QQDTE,-,43.13%,-,-,-,-,-,-,-,-,-,-,-,29.34,0.12%,"2,123"
QQDTY,-,35.06%,-,-,-,-,-,-,-,-,-,-,-,39.36,-0.09%,4
QQDVO,-,10.42%,-,-,-,-,-,-,-,-,-,-,-,30.35,-0.23%,873
QQEFA,-,2.75%,-,-,-,-,-,-,-,-,-,-,-,99.72,0.00%,0
QQEMM,-,4.25%,-,-,-,-,-,-,-,-,-,-,-,82.98,0.00%,0
QQETA,43.92M,-,4.57%,6.10%,5.92%,0.05,0.05,0.00,0.06,-,-,-,-,11.61,0.00%,0
QQETH,-,-,-,-,-,-,-,-,-,-,-,-,-,27.49,0.00%,0
QQEW,-,0.28%,-,-,-,-,-,-,-,-,-,-,-,29.88,0.00%,0
QQFF,-,-,-,-,-,-,-,-,-,-,-,-,-,24.41,0.00%,0
QQFHD,-,2.00%,-,-,-,-,-,-,-,-,-,-,-,27.09,0.00%,0
QQFIN,981.38M,12.70%,6.58%,15.18%,14.14%,0.69,0.69,0.03,0.12,78.85%,27.64%,22.21%,Aug 25/a,8.05,1.51%,43
QQFLR,-,-,-,-,-,-,-,-,-,-,-,-,-,36.03,0.00%,0
QQFRD,-,0.12%,-,-,-,-,-,-,-,-,-,-,-,30.60,0.00%,0
QQGEN,9.19B,0.59%,6.99%,11.93%,8.21%,2.85,2.31,0.48,0.49,61.80%,24.62%,19.49%,Aug 05/a,44.60,-0.41%,"2,550"
QQGRD,-,-,-,-,-,-,-,-,-,-,-,-,-,30.04,0.00%,0
QQGRO,-,0.20%,-,-,-,-,-,-,-,-,-,-,-,118.34,0.00%,0
QQGRW,-,0.07%,-,-,-,-,-,-,-,-,-,-,-,69.11,0.00%,0
QQH,404.59M,-,-17.89%,-36.43%,-41.05%,1.03,1.03,0.00,0.32,0.49%,-7.23%,-5.93%,-,3.90,0.78%,152
QQHY,-,6.30%,-,-,-,-,-,-,-,-,-,-,-,45.32,0.00%,0
QQID,-,6.86%,-,-,-,-,-,-,-,-,-,-,-,13.29,0.08%,"163,793"
QQIDX,-,0.88%,-,-,-,-,-,-,-,-,-,-,-,11.49,0.00%,0
QQIG,-,5.02%,-,-,-,-,-,-,-,-,-,-,-,43.11,0.00%,0
QQINT,-,2.73%,-,-,-,-,-,-,-,-,-,-,-,71.12,0.00%,0
QQIS,-,1.71%,-,-,-,-,-,-,-,-,-,-,-,11.71,0.00%,0
QQJL,-,-,-,-,-,-,-,-,-,-,-,-,-,25.73,0.00%,0
QQJN,-,-,-,-,-,-,-,-,-,-,-,-,-,25.37,0.00%,0
QQJUN,-,-,-,-,-,-,-,-,-,-,-,-,-,34.31,0.00%,0
QQLC,-,0.94%,-,-,-,-,-,-,-,-,-,-,-,92.68,0.00%,0
QQLD,-,0.12%,-,-,-,-,-,-,-,-,-,-,-,96.14,-0.14%,"240,413"
QQLDY,-,42.57%,-,-,-,-,-,-,-,-,-,-,-,41.70,0.32%,270
QQLEP,300.09M,-,-,-,-,8.28,8.28,0.00,0.00,-,-,-,-,10.01,0.00%,0
QQLTA,-,4.65%,-,-,-,-,-,-,-,-,-,-,-,46.01,0.00%,0
QQLTI,-,0.61%,-,-,-,-,-,-,-,-,-,-,-,26.85,0.00%,0
QQLTY,-,0.69%,-,-,-,-,-,-,-,-,-,-,-,43.21,0.00%,0
QQLV,-,1.48%,-,-,-,-,-,-,-,-,-,-,-,79.34,0.00%,0
QQLVD,-,3.06%,-,-,-,-,-,-,-,-,-,-,-,33.78,0.00%,0
QQLVE,-,2.95%,-,-,-,-,-,-,-,-,-,-,-,34.53,0.00%,0
QQLYS,6.27B,-,19.92%,38.59%,34.02%,1.38,1.38,0.08,0.09,83.56%,35.04%,29.28%,Aug 04/a,181.23,0.11%,338
QQMAG,-,-,-,-,-,-,-,-,-,-,-,-,-,26.27,0.00%,0
QQMAR,-,-,-,-,-,-,-,-,-,-,-,-,-,38.39,0.00%,0
QQMCO,1.04B,-,-132.46%,-,-,0.93,0.83,-,-,37.81%,-0.39%,-80.76%,Aug 10/a,26.27,0.65%,791
QQMFE,-,-,-,-,-,-,-,-,-,-,-,-,-,24.95,0.00%,0
QQMID,-,0.49%,-,-,-,-,-,-,-,-,-,-,-,29.35,0.00%,0
QQMLS,271.01M,-,-,-,-,0.80,0.80,-,-,-,-,-,Aug 25/a,8.10,0.00%,"1,259"
QQMMY,-,-,-,-,-,-,-,-,-,-,-,-,-,27.02,0.00%,0
QQMNV,-,-,-,-,-,-,-,-,-,-,-,-,-,25.82,0.00%,0
QQMOM,-,0.49%,-,-,-,-,-,-,-,-,-,-,-,72.80,0.00%,0
QQMY,-,-,-,-,-,-,-,-,-,-,-,-,-,26.51,0.00%,0
QQNBC,283.01M,3.40%,0.63%,9.04%,5.65%,0.06,-,0.29,0.71,-,20.64%,12.44%,-,45.56,0.00%,0
QQNC,388.28M,-,-38.90%,-45.48%,-37.56%,33.33,33.33,0.00,0.00,-2382.76%,-63156.98%,-60292.70%,Aug 14/b,1.77,0.00%,0
QQNCX,31.97M,-,-76.68%,-153.84%,-85.24%,14.52,14.52,0.00,0.00,-,-,-,Aug 14/b,31.43,1.39%,110
QQNDX,-,0.11%,-,-,-,-,-,-,-,-,-,-,-,25.14,0.03%,"5,950"
QQNME,33.47M,-,-35.44%,-67.93%,-41.07%,4.27,4.27,0.01,0.04,26.71%,-23.58%,-30.11%,-,0.97,52.00%,"6,922,203"
QQNRX,13.87M,-,-179.96%,-579.57%,-477.79%,1.76,1.76,0.00,0.00,-,-,-,Aug 14/b,6.90,0.00%,21
QQNST,985.31M,-,14.10%,28.65%,20.41%,1.22,1.22,0.23,0.24,11.27%,3.28%,6.28%,Aug 06/a,17.26,0.00%,0
QQNT,13.55B,-,-,-,-,15.49,15.49,0.07,0.08,-,-,-,Aug 11/a,51.47,0.62%,"5,593"
QQNTM,29.20M,-,-169.48%,-429.58%,-316.49%,1.20,1.19,0.00,0.12,-,-,-,Aug 13/a,3.61,0.00%,0
QQNTU,-,-,-,-,-,-,-,-,-,-,-,-,-,7.81,0.00%,0
QQNXT,-,0.70%,-,-,-,-,-,-,-,-,-,-,-,31.02,0.00%,0
QQOWZ,-,0.24%,-,-,-,-,-,-,-,-,-,-,-,36.49,0.00%,0
QQPUX,-,-,-,-,-,-,-,-,-,-,-,-,-,13.40,-3.11%,"3,445"
QQPX,-,-,-,-,-,-,-,-,-,-,-,-,-,49.06,0.00%,0
QQQA,-,9.77%,-,-,-,-,-,-,-,-,-,-,-,57.29,0.00%,0
QQQAU,-,-,-,-,-,-,-,-,-,-,-,-,-,26.01,0.00%,0
QQQBF,-,-,-,-,-,-,-,-,-,-,-,-,-,20.30,0.00%,0
QQQDN,-,6.32%,-,-,-,-,-,-,-,-,-,-,-,19.60,0.00%,0
QQQEW,-,0.19%,-,-,-,-,-,-,-,-,-,-,-,162.69,0.00%,0
QQQH,-,0.19%,-,-,-,-,-,-,-,-,-,-,-,88.08,0.00%,0
QQQHG,-,0.20%,-,-,-,-,-,-,-,-,-,-,-,67.60,0.00%,0
QQQJL,-,-,-,-,-,-,-,-,-,-,-,-,-,25.70,0.00%,0
QQQJN,-,-,-,-,-,-,-,-,-,-,-,-,-,25.38,0.00%,0
QQQLV,-,2.01%,-,-,-,-,-,-,-,-,-,-,-,24.26,0.00%,0
QQQMG,-,0.35%,-,-,-,-,-,-,-,-,-,-,-,51.80,0.00%,0
QQQMY,-,-,-,-,-,-,-,-,-,-,-,-,-,26.44,0.00%,0
QQQQ,-,0.42%,-,-,-,-,-,-,-,-,-,-,-,740.91,-0.08%,"365,317"
QQQQA,-,0.02%,-,-,-,-,-,-,-,-,-,-,-,72.18,1.44%,11
QQQQB,-,-,-,-,-,-,-,-,-,-,-,-,-,-,-,-
QQQQD,-,3.55%,-,-,-,-,-,-,-,-,-,-,-,11.66,-0.43%,50
QQQQE,-,0.56%,-,-,-,-,-,-,-,-,-,-,-,120.69,0.00%,0
QQQQG,-,0.07%,-,-,-,-,-,-,-,-,-,-,-,32.13,0.00%,0
QQQQH,-,8.76%,-,-,-,-,-,-,-,-,-,-,-,55.95,0.00%,0
QQQQI,-,13.76%,-,-,-,-,-,-,-,-,-,-,-,55.53,-0.01%,"70,061"
QQQQJ,-,0.74%,-,-,-,-,-,-,-,-,-,-,-,44.35,-0.27%,9
QQQQM,-,0.43%,-,-,-,-,-,-,-,-,-,-,-,305.05,-0.07%,"45,744"
QQQQP,-,-,-,-,-,-,-,-,-,-,-,-,-,233.46,0.00%,0
QQQQS,-,1.71%,-,-,-,-,-,-,-,-,-,-,-,43.43,0.00%,0
QQQQT,-,19.70%,-,-,-,-,-,-,-,-,-,-,-,18.42,0.47%,19
QQQQU,-,0.10%,-,-,-,-,-,-,-,-,-,-,-,65.65,2.12%,2
QQQQX,1.51B,8.58%,-,-,-,-,-,-,-,-,-,-,-,30.91,0.00%,1
QQQQY,-,32.62%,-,-,-,-,-,-,-,-,-,-,-,22.71,-0.46%,211
QQQSE,-,-,-,-,-,-,-,-,-,-,-,-,-,25.60,0.00%,0
QQQUP,-,0.57%,-,-,-,-,-,-,-,-,-,-,-,66.34,0.00%,0
QQQWZ,-,0.62%,-,-,-,-,-,-,-,-,-,-,-,28.35,0.00%,0
QQQXL,-,0.68%,-,-,-,-,-,-,-,-,-,-,-,59.71,0.00%,0
QQQXT,-,1.26%,-,-,-,-,-,-,-,-,-,-,-,97.60,0.00%,0
QQRED,161.12M,-,-,-,-,2.43,2.43,0.00,0.00,-,-,-,-,10.05,0.00%,0
QQRHC,29.53M,-,-12.21%,-50.31%,-19.52%,1.18,1.18,2.35,2.40,14.57%,1.04%,-7.07%,Aug 06/a,1.40,0.00%,0
QQRMI,-,12.37%,-,-,-,-,-,-,-,-,-,-,-,15.23,0.00%,0
QQRVO,10.28B,-,6.69%,11.56%,7.95%,3.54,2.68,0.45,0.45,48.47%,18.17%,10.95%,Jul 28/a,116.47,-0.63%,14
QQS,3.14B,-,-34.66%,-39.08%,-36.60%,18.42,18.42,0.06,0.06,-,-,-,Jul 22/a,5.07,-0.49%,"28,544"
QQSE,-,-,-,-,-,-,-,-,-,-,-,-,-,25.71,0.00%,0
QQSEA,107.83M,-,1.95%,2.05%,2.03%,0.10,0.10,0.00,0.00,-,-,-,-,10.64,0.00%,0
QQSI,165.49M,-,-43.98%,-49.11%,-54.25%,9.97,9.80,0.01,0.02,-262.24%,-5929.72%,-6138.26%,Aug 13/a,0.76,0.03%,"22,243"
QQSIG,-,4.48%,-,-,-,-,-,-,-,-,-,-,-,47.71,0.00%,0
QQSIX,-,3.67%,-,-,-,-,-,-,-,-,-,-,-,43.49,0.00%,0
QQSML,-,0.54%,-,-,-,-,-,-,-,-,-,-,-,33.14,0.00%,0
QQSOL,-,0.57%,-,-,-,-,-,-,-,-,-,-,-,11.87,0.00%,0
QQSPT,-,-,-,-,-,-,-,-,-,-,-,-,-,36.52,0.00%,0
QQSR,32.98B,3.56%,5.51%,38.96%,6.63%,1.01,0.92,3.99,4.07,48.64%,27.20%,13.13%,Aug 06/b,72.56,0.00%,0
QQSU,-,-,-,-,-,-,-,-,-,-,-,-,-,4.90,0.00%,0
QQTAC,-,0.05%,-,-,-,-,-,-,-,-,-,-,-,25.57,0.00%,0
QQTAP,-,-,-,-,-,-,-,-,-,-,-,-,-,53.11,0.00%,0
QQTEC,-,0.01%,-,-,-,-,-,-,-,-,-,-,-,328.08,0.60%,3
QQTEX,57.65M,-,-197.15%,-397.89%,-525.23%,1.56,1.30,0.08,0.67,-154.67%,-4710.73%,-4574.39%,Mar 26/a,0.86,0.37%,"52,123"
QQTI,37.76M,-,-96.64%,-2125.24%,-116.44%,3.10,2.06,6.80,6.99,40.39%,-24.84%,-77.26%,Aug 12/a,2.58,0.00%,0
QQTJA,-,-,-,-,-,-,-,-,-,-,-,-,-,34.33,0.00%,0
QQTJL,-,-,-,-,-,-,-,-,-,-,-,-,-,43.54,0.00%,0
QQTOC,-,-,-,-,-,-,-,-,-,-,-,-,-,39.24,0.00%,0
QQTOP,-,0.31%,-,-,-,-,-,-,-,-,-,-,-,39.12,-0.31%,38
QQTPI,-,4.27%,-,-,-,-,-,-,-,-,-,-,-,25.29,0.00%,0
QQTR,-,16.27%,-,-,-,-,-,-,-,-,-,-,-,34.86,0.00%,0
QQTRX,147.08M,-,-35.42%,-46.49%,-46.85%,3.40,2.45,0.11,0.14,42.69%,-63.91%,-80.25%,Aug 10/b,3.11,2.30%,50
QQTTB,317.05M,-,37.13%,72.14%,30.58%,20.28,20.28,0.04,0.05,99.34%,39.94%,62.87%,Aug 05/b,10.65,1.72%,21
QQTUM,-,0.77%,-,-,-,-,-,-,-,-,-,-,-,152.34,-0.46%,692
QQTUP,-,-,-,-,-,-,-,-,-,-,-,-,-,16.49,0.00%,0
QQTWO,3.60B,-,7.82%,14.98%,13.61%,0.80,0.80,0.05,0.06,56.99%,10.44%,10.87%,Jul 29/a,57.81,-0.21%,5
QQUA,-,-,-,-,-,-,-,-,-,-,-,-,-,14.48,0.00%,0
QQUAD,489.24M,4.21%,2.56%,29.48%,6.00%,0.87,0.60,3.17,3.76,18.54%,5.06%,1.31%,Jul 28/a,9.50,0.00%,0
QQUAL,-,0.85%,-,-,-,-,-,-,-,-,-,-,-,222.93,0.00%,3
QQUBT,2.01B,-,-1.45%,-1.51%,-0.93%,53.13,52.44,0.01,0.01,-107.73%,-775.48%,-152.45%,Aug 10/a,8.86,-1.12%,"73,487"
QQUBX,-,-,-,-,-,-,-,-,-,-,-,-,-,31.88,0.00%,0
QQUCY,109.76M,-,-,-,-,5.56,5.56,0.00,0.01,-,-,-,Apr 14,1.31,0.43%,152
QQUIK,201.17M,-,-22.94%,-36.29%,-40.62%,2.11,2.02,0.03,0.25,27.32%,-68.85%,-80.18%,Aug 11/a,10.98,2.26%,17
QQUIZ,-,0.16%,-,-,-,-,-,-,-,-,-,-,-,29.36,0.00%,0
QQUMS,112.97M,-,3.65%,3.82%,1.91%,0.37,0.37,0.00,0.00,-,-,-,-,10.33,0.00%,0
QQURE,3.08B,-,-32.13%,-157.61%,-28.88%,10.01,10.01,1.69,1.70,15.02%,-1093.18%,-1350.73%,Jul 29/b,44.45,0.32%,"1,282"
QQUS,-,1.26%,-,-,-,-,-,-,-,-,-,-,-,192.98,0.00%,0
QQUSA,-,15.31%,-,-,-,-,-,-,-,-,-,-,-,18.02,0.00%,0
QQVAL,-,1.39%,-,-,-,-,-,-,-,-,-,-,-,59.74,0.00%,0
QQVC,-,-,-2.98%,-,-,3.36,2.49,-,-,22.83%,2.50%,-2.31%,-,-,-,0
QQVCG,794.00M,-,-2.98%,-,-,3.36,2.49,-,-,22.83%,2.50%,-2.31%,-,15.88,0.00%,0
QQVML,-,0.98%,-,-,-,-,-,-,-,-,-,-,-,45.78,0.00%,0
QQVMM,-,1.27%,-,-,-,-,-,-,-,-,-,-,-,34.11,0.00%,0
QQVMS,-,1.28%,-,-,-,-,-,-,-,-,-,-,-,32.68,0.00%,0
QQVMT,-,1.66%,-,-,-,-,-,-,-,-,-,-,-,65.47,0.00%,0
QQVOL,-,4.05%,-,-,-,-,-,-,-,-,-,-,-,101.78,0.00%,0
QQVOY,-,0.58%,-,-,-,-,-,-,-,-,-,-,-,28.78,0.00%,0
QQWLD,-,1.77%,-,-,-,-,-,-,-,-,-,-,-,156.95,0.00%,0
QQXL,116.46M,-,-92.30%,-301.51%,-84.71%,0.86,0.86,0.01,0.07,72.68%,41.70%,-199.04%,-,5.40,2.47%,562
QQXO,12.68B,1.99%,-2.57%,-4.60%,-2.67%,4.11,3.29,0.55,0.57,17.19%,-1.42%,-6.64%,Aug 13/a,12.22,0.16%,"9,235"
QQXQ,-,0.97%,-,-,-,-,-,-,-,-,-,-,-,33.07,0.00%,0
QQYLD,-,11.52%,-,-,-,-,-,-,-,-,-,-,-,18.50,-0.16%,"3,268"
QQYLG,-,7.40%,-,-,-,-,-,-,-,-,-,-,-,30.40,-0.09%,7
RR,9.09B,1.51%,3.03%,16.60%,5.40%,0.65,0.65,2.15,2.94,19.35%,8.18%,3.82%,Jul 23/b,237.14,0.00%,1
RRA,712.79M,10.98%,-,-,-,-,-,-,-,-,-,-,-,12.90,7.95%,2
RRAA,-,2.05%,-,-,-,-,-,-,-,-,-,-,-,30.40,0.00%,0
RRAAA,-,5.37%,-,-,-,-,-,-,-,-,-,-,-,25.11,0.00%,0
RRAAR,-,-,-,-,-,-,-,-,-,-,-,-,-,51.54,0.00%,0
RRAAX,-,1.99%,-,-,-,-,-,-,-,-,-,-,-,40.97,0.00%,0
RRAC,256.00M,-,3.65%,3.78%,3.71%,7.72,7.72,0.00,0.00,-,-,-,-,10.57,0.00%,0
RRACC,100.99M,-,-,-,-,17.30,17.30,0.00,0.00,-,-,-,-,11.10,0.00%,0
RRACD,105.82M,-,-,-,-,0.25,0.25,-,-,-,-,-,-,11.63,0.00%,0
RRACE,66.14B,1.08%,16.59%,45.76%,28.37%,2.37,1.81,0.61,0.87,51.87%,29.78%,22.25%,Jul 30/b,415.30,-0.20%,"1,308"
RRACK,-,-,-,-,-,-,-,-,-,-,-,-,-,49.45,0.00%,0
RRADX,25.28M,-,-76.21%,-161.31%,-108.51%,1.16,3.01,0.00,0.00,9.59%,-2556.26%,-1994.08%,Aug 28/a,1.61,0.00%,0
RRAFE,-,1.44%,-,-,-,-,-,-,-,-,-,-,-,50.00,0.00%,0
RRAIL,246.92M,-,-4.25%,-,-7.29%,1.81,1.12,3.87,4.00,11.77%,3.03%,-2.77%,Aug 03/a,7.53,0.00%,0
RRAIN,8.04M,-,-593.22%,-,-,0.03,0.03,-,-,-274.08%,-96339.02%,-112028.80%,-,0.69,3.87%,"6,840"
RRAL,7.62B,0.23%,-27.75%,-53.90%,-45.95%,1.52,1.00,0.75,0.75,46.87%,12.61%,-56.38%,Jul 30/b,68.91,0.00%,0
RRAM,-,-,-,-,-,-,-,-,-,-,-,-,-,14.03,-2.57%,"1,801,878"
RRAML,-,-,-,-,-,-,-,-,-,-,-,-,-,14.86,-0.75%,220
RRAMP,2.29B,-,12.31%,16.05%,15.46%,2.66,2.66,0.02,0.03,70.82%,12.92%,18.57%,Aug 05/a,37.61,0.00%,0
RRAMZ,-,-,-,-,-,-,-,-,-,-,-,-,-,13.83,2.75%,"64,233"
RRAND,31.63M,10.89%,-0.25%,-0.27%,-0.26%,1.83,1.83,0.10,0.10,77.18%,3.41%,-3.17%,Aug 05/b,10.65,0.00%,0
RRANG,72.64M,-,5.16%,5.19%,16.08%,0.23,0.23,0.00,0.01,-,-,-,-,10.83,0.00%,0
RRANI,117.08M,-,-77.54%,-179.10%,-72.71%,5.31,5.31,0.06,0.09,84.21%,-675.78%,-618.04%,Aug 13/a,0.84,6.40%,130
RRANK,-,-,-,-,-,-,-,-,-,-,-,-,-,19.34,0.00%,0
RRAPP,1.90B,-,-36.85%,-39.96%,-31.86%,15.72,15.72,0.02,0.02,95.20%,-767.58%,-685.80%,Aug 05/b,39.66,0.00%,0
RRARE,1.45B,-,-45.63%,-656.54%,-70.23%,1.73,1.56,-,-,78.47%,-73.77%,-81.79%,Aug 04/a,14.71,0.41%,"3,300"
RRAUS,-,0.22%,-,-,-,-,-,-,-,-,-,-,-,30.43,0.00%,0
RRAVE,38.23M,-,17.08%,19.66%,17.79%,8.62,8.62,0.00,0.02,72.38%,28.40%,23.19%,-,2.69,0.00%,0
RRAVI,-,4.26%,-,-,-,-,-,-,-,-,-,-,-,75.22,0.00%,0
RRAYA,1.92M,-,-2.64%,-4.49%,-3.59%,2.09,1.26,0.10,0.35,18.14%,-7.19%,-6.09%,-,1.82,0.00%,4
RRB,-,2.27%,-,-,-,-,-,-,-,-,-,-,-,46.87,0.00%,0
RRBA,15.45B,1.58%,3.93%,8.08%,4.68%,1.31,1.22,0.71,0.75,35.06%,17.81%,9.00%,Aug 04/a,83.46,-0.29%,2
RRBB,452.50M,2.41%,1.00%,7.93%,4.90%,0.12,-,0.59,0.60,-,23.06%,17.26%,Jul 20/a,26.75,0.00%,0
RRBBN,332.61M,-,1.37%,4.09%,2.03%,1.31,1.03,0.96,1.01,45.91%,-1.50%,1.96%,Jul 28/a,1.86,1.64%,12
RRBC,15.59B,-,6.42%,9.75%,7.58%,2.53,0.98,0.22,0.25,41.96%,25.18%,16.40%,Jul 31/b,492.56,0.00%,1
RRBCAA,1.64B,2.11%,1.82%,11.55%,9.74%,0.09,-,0.14,0.22,-,32.84%,25.38%,Jul 24/b,93.76,0.00%,0
RRBIL,-,4.16%,-,-,-,-,-,-,-,-,-,-,-,49.81,0.00%,0
RRBKB,203.74M,-,0.72%,7.35%,6.48%,0.32,-,0.09,0.12,-,16.43%,12.99%,-,13.03,0.00%,0
RRBLD,-,1.00%,-,-,-,-,-,-,-,-,-,-,-,84.12,0.00%,0
RRBLU,-,6.13%,-,-,-,-,-,-,-,-,-,-,-,6.15,-0.65%,"2,425"
RRBLX,36.57B,-,-11.38%,-396.11%,-54.68%,0.66,0.66,11.04,12.08,25.67%,-20.72%,-17.60%,Jul 30/a,51.20,-0.10%,"7,010"
RRBLY,-,157.30%,-,-,-,-,-,-,-,-,-,-,-,10.39,0.00%,0
RRBNE,3.19M,-,-,-,0.79%,10.33,10.33,0.00,0.00,38.29%,15.53%,0.51%,-,2.30,-3.75%,523
RRBRK,23.48B,-,-9.72%,-,-40.16%,1.56,1.55,-,-,80.21%,-18.31%,-16.50%,Aug 27/a,113.28,0.28%,"4,551"
RRBUF,-,-,-,-,-,-,-,-,-,-,-,-,-,30.96,0.00%,0
RRC,275.87M,2.40%,-7.15%,-36.11%,-10.18%,1.45,0.50,3.38,3.74,48.74%,-96.05%,-230.67%,Aug 06/a,1.67,0.00%,0
RRCAT,1.07B,-,-30.05%,-34.40%,-20.15%,14.86,12.29,0.03,0.03,9.75%,-150.15%,-136.26%,Aug 06/a,7.00,0.66%,"38,650"
RRCAX,-,-,-,-,-,-,-,-,-,-,-,-,-,9.92,0.00%,0
RRCBC,747.05M,0.36%,1.38%,14.52%,13.78%,0.08,-,0.00,0.00,-,37.03%,26.86%,Sep 02,52.61,0.00%,205
RRCEL,269.27M,-,-81.36%,-1746.27%,-,0.41,0.34,-,-,81.56%,-46.57%,-56.96%,Aug 06/a,10.84,0.00%,0
RRCG,21.29M,0.69%,-,-,-,-,-,-,-,-,-,-,-,3.04,0.00%,0
RRCGE,-,1.70%,-,-,-,-,-,-,-,-,-,-,-,30.07,0.00%,0
RRCI,18.69B,4.13%,7.45%,45.01%,11.67%,0.55,0.51,2.29,2.76,22.73%,22.73%,27.36%,Jul 22/b,34.59,0.52%,102
RRCKT,358.52M,-,-4.09%,-4.77%,-4.42%,9.24,9.24,0.06,0.07,-,-,-,Aug 10/a,3.27,-0.12%,644
RRCKY,327.77M,1.49%,6.01%,11.48%,7.54%,2.97,1.12,0.45,0.49,42.22%,8.84%,5.72%,Jul 28/a,43.75,0.00%,0
RRCL,67.59B,2.12%,10.58%,45.34%,13.70%,0.18,0.16,2.14,2.30,39.09%,27.09%,23.54%,Jul 28/b,252.00,0.70%,"1,302"
RRCLO,-,5.72%,-,-,-,-,-,-,-,-,-,-,-,25.16,0.00%,0
RRCLR,-,-,-,-,-,-,-,-,-,-,-,-,-,51.75,0.00%,0
RRCMT,285.14M,-,12.69%,39.51%,22.47%,1.92,1.92,0.56,0.60,26.25%,7.73%,5.13%,Aug 14/b,40.10,0.00%,0
RRCON,2.61M,-,-5.07%,-5.77%,-5.67%,4.24,4.23,0.02,0.08,27.87%,-38.88%,-25.20%,Mar 13/b,1.26,0.00%,"4,672"
RRCS,235.31M,9.66%,-,-,-,-,-,-,-,-,-,-,-,4.97,0.00%,0
RRCT,14.36M,-,-,-,-,-,-,-,-,-,-,-,-,0.21,6.60%,402
RRCTR,-,0.63%,-,-,-,-,-,-,-,-,-,-,-,33.21,0.00%,0
RRCUS,3.30B,-,-46.02%,-90.82%,-81.42%,3.82,3.82,0.22,0.25,92.31%,-415.38%,-393.16%,Aug 05/a,25.95,0.00%,0
RRDAC,18.49M,-,2.61%,2.79%,6.71%,0.04,0.04,0.00,0.04,-,-,-,-,5.38,-4.04%,92
RRDAG,391.13M,-,3.61%,3.77%,3.70%,21.95,21.95,0.00,0.00,-,-,-,-,10.42,0.00%,0
RRDCM,174.08M,-,5.00%,6.39%,5.94%,6.20,6.17,0.01,0.02,75.89%,5.21%,10.47%,Aug 12/b,10.40,0.00%,0
RRDDC,-,-,-,-,-,-,-,-,-,-,-,-,-,13.03,0.00%,0
RRDDT,30.55B,-,27.79%,30.71%,26.41%,10.49,10.49,0.00,0.01,90.85%,28.25%,31.35%,Jul 30/a,158.80,0.04%,"8,551"
RRDFI,-,8.70%,-,-,-,-,-,-,-,-,-,-,-,22.34,0.00%,0
RRDGT,3.18M,-,-1.87%,-3.55%,-3.07%,2.31,2.01,0.00,0.00,3.60%,-1.41%,-0.95%,-,0.87,-2.79%,741
RRDHL,3.28M,-,-,-,-,0.56,0.42,-,-,-,-,-,Apr 27/b,0.54,-1.80%,364
RRDI,60.82M,-,-2.90%,-,-6.14%,0.23,0.22,-,-,9.54%,1.18%,-5.87%,Aug 14/b,1.78,-11.44%,3
RRDIV,-,3.59%,-,-,-,-,-,-,-,-,-,-,-,59.18,0.00%,1
RRDN,4.54B,2.97%,5.65%,12.03%,9.68%,1.13,-,0.15,0.26,-,51.11%,32.60%,Aug 05/a,34.32,0.00%,0
RRDNT,5.72B,-,-0.55%,-2.08%,-0.66%,1.48,1.48,1.90,1.99,4.63%,4.63%,-0.93%,Aug 09/a,72.67,0.00%,0
RRDNW,234.85M,-,-1.15%,-878.50%,-2.53%,1.14,0.27,-,-,26.92%,3.58%,-0.76%,Aug 11/a,6.02,0.00%,0
RRDOG,-,6.32%,-,-,-,-,-,-,-,-,-,-,-,38.93,0.00%,0
RRDTE,-,43.04%,-,-,-,-,-,-,-,-,-,-,-,26.94,-0.19%,532
RRDTL,-,-,-,-,-,-,-,-,-,-,-,-,-,14.05,-0.78%,"5,178"
RRDTY,-,41.73%,-,-,-,-,-,-,-,-,-,-,-,35.60,0.00%,0
RRDVI,-,8.00%,-,-,-,-,-,-,-,-,-,-,-,28.57,0.00%,0
RRDVT,1.21B,-,14.54%,15.76%,14.39%,10.88,10.88,0.02,0.02,73.52%,17.94%,16.54%,Aug 10/a,75.50,0.00%,0
RRDVY,-,0.84%,-,-,-,-,-,-,-,-,-,-,-,80.14,0.00%,0
RRDW,2.90B,-,-14.14%,-19.24%,-14.30%,3.92,3.48,0.05,0.06,20.10%,-40.65%,-61.08%,Aug 05/a,11.60,0.00%,"124,065"
RRDWR,1.24B,-,3.30%,6.61%,5.15%,1.63,1.56,0.04,0.05,80.81%,4.52%,5.34%,Jul 29/b,29.50,0.00%,0
RRDWU,-,-,-,-,-,-,-,-,-,-,-,-,-,6.89,-3.50%,"11,805"
RRDY,10.42B,0.64%,6.12%,9.13%,8.89%,1.90,1.39,0.03,0.19,54.19%,10.08%,10.14%,Jul 21/a,12.51,0.89%,"1,059"
RRDYY,-,139.78%,-,-,-,-,-,-,-,-,-,-,-,15.74,0.00%,0
RRDZN,104.75M,-,-70.17%,-,-,0.45,0.41,-,-,55.96%,-21.57%,-46.90%,Aug 13/a,1.23,0.00%,0
RREA,223.08M,-,-,-,-,31.80,31.80,0.00,0.00,-,-,-,Sep 02,11.18,0.00%,0
RREAI,-,2.23%,-,-,-,-,-,-,-,-,-,-,-,21.06,0.00%,0
RREAL,1.18B,-,-22.30%,-,-129.84%,0.83,0.68,-,-,70.19%,-0.55%,-10.82%,Aug 06/a,9.70,0.47%,3
RREAX,377.27M,-,-8.87%,-25.17%,-20.45%,1.44,1.44,0.00,0.00,8.13%,-0.16%,-0.72%,Aug 06/b,17.21,0.00%,0
RREBN,7.50M,-,-66.50%,-517.50%,-280.29%,0.65,0.64,4.84,22.59,34.74%,-20.63%,-37.56%,-,0.87,0.00%,0
RRECI,-,0.66%,-,-,-,-,-,-,-,-,-,-,-,20.60,0.00%,0
RRECS,-,0.71%,-,-,-,-,-,-,-,-,-,-,-,45.77,0.00%,0
RRECT,20.44M,7.58%,8.08%,14.12%,10.25%,2.53,1.71,0.25,0.33,28.02%,8.31%,7.00%,Jul 30/b,1.32,0.00%,0
RREED,7.61M,-,-94.50%,-14800.00%,-,0.85,0.41,-,-,17.98%,-60.90%,-63.48%,Aug 11/a,0.64,0.00%,0
RREET,-,3.52%,-,-,-,-,-,-,-,-,-,-,-,26.46,0.00%,0
RREF,790.49M,-,-,-,-,1.58,0.96,1.11,1.16,-,-,-,Sep 10/a,13.38,0.00%,0
RREFA,-,0.03%,-,-,-,-,-,-,-,-,-,-,-,23.41,0.00%,0
RREFI,255.41M,18.86%,6.41%,9.61%,6.65%,1.00,1.00,0.47,0.47,87.27%,60.34%,47.65%,Aug 11/b,9.97,-7.70%,9
RREFR,23.72M,-,-79.65%,-154.02%,-108.96%,3.54,3.54,0.84,0.97,72.25%,-348.14%,-343.85%,Aug 06/a,0.68,-10.34%,"23,158"
RREG,13.35B,4.17%,4.30%,8.21%,4.56%,1.91,1.91,0.77,0.80,44.30%,37.27%,33.46%,Jul 29/a,72.92,0.00%,0
RREGL,-,2.28%,-,-,-,-,-,-,-,-,-,-,-,89.24,0.00%,0
RREGN,83.56B,0.42%,10.83%,14.04%,12.85%,3.34,2.78,0.06,0.09,81.46%,26.87%,27.86%,Jul 30/b,811.57,1.68%,54
RREGS,-,-,-,-,-,-,-,-,-,-,-,-,-,11.69,0.00%,0
RREI,364.75M,-,-15.75%,-26.68%,-19.76%,0.54,0.49,0.48,0.48,40.59%,30.63%,-68.02%,Aug 05/a,1.40,1.45%,60
RREIT,-,2.99%,-,-,-,-,-,-,-,-,-,-,-,29.17,0.00%,0
RREIX,-,2.74%,-,-,-,-,-,-,-,-,-,-,-,29.02,0.00%,0
RREK,-,3.11%,-,-,-,-,-,-,-,-,-,-,-,16.21,0.00%,0
RREKR,67.41M,-,-28.29%,-62.82%,-50.97%,0.78,0.68,0.26,0.78,46.25%,-33.74%,-43.84%,Aug 13/b,0.49,5.86%,"13,382"
RRELL,243.22M,1.45%,3.21%,3.98%,3.88%,4.75,1.92,0.00,0.01,31.22%,2.46%,2.79%,Jul 22/a,16.59,0.00%,0
RRELX,58.39B,2.91%,15.34%,131.14%,29.32%,0.45,0.40,5.30,7.19,63.92%,32.06%,23.27%,Jul 23/b,33.56,0.45%,"18,777"
RRELY,4.56B,-,22.32%,32.25%,26.42%,3.18,3.18,0.02,0.03,60.03%,10.36%,16.85%,Aug 05/a,21.52,-0.32%,2
RREM,-,10.03%,-,-,-,-,-,-,-,-,-,-,-,19.76,0.00%,0
RREMC,-,0.07%,-,-,-,-,-,-,-,-,-,-,-,22.94,0.00%,0
RREMG,-,1.07%,-,-,-,-,-,-,-,-,-,-,-,37.73,0.00%,0
RREMX,-,1.87%,-,-,-,-,-,-,-,-,-,-,-,69.51,-1.08%,"1,383"
RRENT,65.52M,-,21.05%,-,34.70%,0.67,0.67,-,-,19.60%,-12.32%,11.80%,Sep 11/b,1.94,0.00%,0
RRENX,4.73M,-,-65.32%,-451.35%,-172.50%,0.24,0.21,1.09,3.48,2.43%,-73.61%,-193.37%,Aug 13/b,1.79,2.87%,2
RREPL,1.21B,-,-82.28%,-134.29%,-139.06%,5.23,5.23,1.02,1.06,-,-,-,Aug 14/b,12.87,-0.01%,2
RREPX,899.89M,3.94%,10.30%,19.94%,13.47%,0.45,0.41,0.39,0.42,54.48%,39.43%,24.53%,Aug 05/a,40.62,0.00%,0
RRERE,520.29M,2.53%,8.41%,12.33%,11.39%,2.36,1.68,0.02,0.13,20.72%,2.51%,2.01%,Aug 20/b,3.95,0.25%,17
RRES,1.26B,2.82%,1.47%,1.95%,1.87%,3.34,2.76,0.03,0.05,13.80%,3.10%,1.20%,Jul 30/b,5.68,0.00%,0
RRESM,-,0.08%,-,-,-,-,-,-,-,-,-,-,-,23.42,0.00%,0
RRETL,-,1.01%,-,-,-,-,-,-,-,-,-,-,-,7.34,0.96%,92
RRETO,6.54M,-,-,-,-57.60%,0.21,0.12,0.01,0.12,35.29%,-87.85%,-366.08%,-,0.18,-6.03%,"2,665,278"
RREVB,3.89M,-,-120.17%,-154.77%,-101.25%,6.21,6.21,0.05,0.07,-,-,-,Aug 06/a,0.98,0.00%,0
RREVS,-,0.90%,-,-,-,-,-,-,-,-,-,-,-,33.58,0.00%,0
RREW,-,10.24%,-,-,-,-,-,-,-,-,-,-,-,10.47,0.00%,0
RREX,1.43B,-,15.49%,19.77%,17.63%,6.88,6.45,0.02,0.03,21.89%,15.22%,17.56%,Sep 02/b,43.13,0.00%,0
RREXC,-,-,-,-,-,-,-,-,-,-,-,-,-,17.00,1.13%,30
RREXR,8.63B,4.52%,-3.17%,-4.78%,-3.60%,1.49,1.49,0.44,0.45,45.94%,39.41%,-40.53%,Jul 23/a,38.72,0.00%,0
RREYN,4.66B,4.15%,6.94%,15.48%,8.78%,1.80,0.71,0.70,0.71,25.12%,14.13%,9.11%,Jul 29/b,22.09,0.00%,0
RREZ,-,2.16%,-,-,-,-,-,-,-,-,-,-,-,90.30,0.00%,0
RREZI,2.81B,-,4.94%,15.20%,6.25%,2.22,1.41,1.27,1.30,27.94%,8.34%,4.56%,Aug 12/a,18.51,-1.59%,8
RRF,24.21B,3.99%,1.39%,11.90%,9.51%,0.10,-,0.25,0.40,-,30.03%,22.60%,Oct 16/b,28.42,-0.46%,92
RRFAI,150.53M,-,1.66%,1.76%,3.07%,0.06,0.06,0.00,0.00,-,-,-,-,37.65,0.37%,53
RRFAM,139.33M,-,-,-,-,2.70,2.70,0.00,0.00,-,-,-,-,10.00,0.00%,0
RRFCI,-,4.69%,-,-,-,-,-,-,-,-,-,-,-,21.74,0.00%,0
RRFDA,-,1.96%,-,-,-,-,-,-,-,-,-,-,-,72.31,0.00%,0
RRFFC,-,0.63%,-,-,-,-,-,-,-,-,-,-,-,77.27,0.00%,0
RRFG,-,0.11%,-,-,-,-,-,-,-,-,-,-,-,59.53,0.00%,0
RRFI,289.83M,8.86%,-,-,-,-,-,-,-,-,-,-,-,10.83,0.00%,0
RRFIL,88.30M,-,3.36%,6.67%,4.55%,2.02,1.29,0.39,0.60,30.65%,5.52%,2.83%,Sep 14/b,8.14,0.00%,0
RRFIX,-,4.38%,-,-,-,-,-,-,-,-,-,-,-,36.08,0.00%,0
RRFL,104.02M,-,-32.54%,-41.74%,-43.18%,3.16,3.14,0.00,0.01,74.39%,-3717.24%,-3321.73%,Mar 16/a,2.00,0.00%,0
RRFLR,-,0.61%,-,-,-,-,-,-,-,-,-,-,-,31.83,0.00%,0
RRFM,82.30M,7.97%,6.78%,11.37%,6.65%,4.05,4.05,0.67,0.67,71.14%,160.02%,136.63%,-,13.47,0.00%,0
RRFMZ,299.02M,7.96%,6.62%,11.24%,6.61%,4.78,4.78,0.67,0.67,68.99%,173.92%,147.36%,-,12.28,0.00%,0
RRFV,-,1.64%,-,-,-,-,-,-,-,-,-,-,-,145.22,0.00%,0
RRGA,16.01B,1.57%,1.05%,11.71%,7.77%,-,-,0.42,0.42,-,8.80%,5.80%,Aug 06/a,245.13,0.00%,1
RRGC,2.90B,-,-134.35%,-177.66%,-523.06%,1.42,1.42,0.11,0.32,-,-,-,-,5.86,-1.01%,88
RRGCO,222.14M,4.04%,4.21%,11.69%,5.20%,0.94,0.67,1.19,1.21,20.26%,17.29%,13.05%,Aug 05/a,21.32,0.00%,0
RRGEF,-,0.93%,-,-,-,-,-,-,-,-,-,-,-,35.60,0.00%,0
RRGEN,10.20B,-,1.42%,1.99%,1.49%,9.05,7.64,0.32,0.33,48.79%,9.03%,5.29%,Jul 28/b,180.71,0.00%,0
RRGLD,20.95B,0.78%,11.33%,13.55%,9.24%,2.92,2.68,0.05,0.05,66.77%,62.97%,47.70%,Aug 05/a,247.31,-1.12%,110
RRGLO,-,0.56%,-,-,-,-,-,-,-,-,-,-,-,33.75,0.00%,0
RRGNT,16.08M,-,-265.04%,-,-169.11%,5.62,5.62,0.00,0.00,-,-,-,-,2.29,2.69%,"1,646"
RRGNX,520.18M,-,-40.60%,-137.63%,-68.18%,2.86,2.86,3.01,3.49,77.57%,-94.08%,-112.58%,Aug 06/b,7.88,0.00%,0
RRGP,137.76M,1.76%,-14.45%,-21.55%,-21.63%,2.51,2.51,0.11,0.13,36.40%,-6.27%,-8.98%,Jul 22/a,3.97,0.00%,0
RRGR,657.19M,1.29%,3.41%,4.20%,4.19%,3.35,2.87,0.00,0.01,18.70%,1.66%,2.11%,Jul 29/a,41.13,-0.94%,2
RRGS,69.35M,-,1.05%,3.66%,1.58%,0.62,0.60,1.26,1.56,28.81%,11.06%,3.09%,Sep 01/b,27.74,0.00%,0
RRGT,95.62M,1.30%,-,-,-,-,-,-,-,-,-,-,-,14.57,0.00%,0
RRGTC,-,-,-,-,-,-,-,-,-,-,-,-,-,24.76,0.00%,0
RRGTI,5.44B,-,-37.15%,-43.77%,-44.00%,3.94,3.94,0.01,0.01,-39.75%,-727.62%,-1787.40%,Aug 06/a,16.31,-1.33%,"156,776"
RRGTU,-,-,-,-,-,-,-,-,-,-,-,-,-,11.54,-1.37%,463
RRGTX,-,2.59%,-,-,-,-,-,-,-,-,-,-,-,10.25,-2.75%,"8,341"
RRGTZ,-,-,-,-,-,-,-,-,-,-,-,-,-,14.69,2.66%,"2,514"
RRGYY,-,195.11%,-,-,-,-,-,-,-,-,-,-,-,5.83,0.00%,0
RRH,2.42B,-,2.27%,280.72%,2.74%,1.10,0.33,32.79,34.14,44.29%,10.38%,3.23%,Sep 10/a,127.71,0.40%,349
RRHI,3.78B,5.74%,4.03%,9.11%,8.31%,1.46,1.46,0.14,0.20,35.39%,0.20%,2.17%,Jul 23/a,36.96,0.00%,0
RRHLD,926.15M,-,1.48%,300.97%,2.17%,1.35,0.82,-,-,40.86%,9.40%,4.21%,Aug 06/b,118.44,0.00%,0
RRHP,8.30B,3.98%,4.42%,35.12%,5.57%,0.98,0.98,5.52,5.52,21.59%,19.87%,9.91%,Aug 06/a,121.68,0.00%,0
RRHRX,-,-,-,-,-,-,-,-,-,-,-,-,-,21.60,0.00%,0
RRHTX,-,-,-,-,-,-,-,-,-,-,-,-,-,20.19,0.00%,0
RRIBB,47.45M,-,0.91%,0.97%,1.26%,0.00,0.00,0.00,0.05,-,-,-,-,7.57,0.00%,0
RRICK,217.25M,1.09%,-0.72%,-1.67%,-0.89%,0.56,0.48,1.00,1.14,50.90%,13.68%,-1.48%,Aug 06/a,28.42,0.57%,2
RRIET,-,11.61%,-,-,-,-,-,-,-,-,-,-,-,8.89,0.00%,0
RRIFR,-,0.92%,-,-,-,-,-,-,-,-,-,-,-,27.47,0.00%,0
RRIG,6.07B,-,-10.05%,-18.70%,-12.66%,1.59,1.27,0.56,0.61,27.10%,22.63%,-40.24%,Aug 05/a,5.43,-0.36%,"4,583"
RRIGL,879.63M,-,88.46%,126.90%,75.66%,1.94,1.79,0.00,0.09,91.39%,31.45%,116.30%,Aug 04/a,47.09,0.00%,0
RRIGS,-,4.95%,-,-,-,-,-,-,-,-,-,-,-,22.32,0.00%,0
RRILA,-,0.11%,-,-,-,-,-,-,-,-,-,-,-,12.21,0.00%,0
RRILY,233.16M,-,23.55%,-,28.10%,2.63,2.49,9.31,9.31,77.32%,38.24%,30.72%,Aug 06/a,5.80,0.00%,0
RRIME,3.25M,-,-95.58%,-305.24%,-262.57%,0.90,0.90,0.04,1.60,-26.26%,-148.71%,-179.69%,Aug 14/b,0.19,-10.79%,"67,220"
RRINF,-,3.63%,-,-,-,-,-,-,-,-,-,-,-,32.79,0.00%,0
RRING,-,1.13%,-,-,-,-,-,-,-,-,-,-,-,79.99,-3.69%,41
RRINT,-,0.79%,-,-,-,-,-,-,-,-,-,-,-,32.69,0.00%,0
RRIO,121.45B,5.10%,9.50%,19.54%,13.95%,1.42,0.93,0.32,0.35,26.70%,26.70%,19.59%,Jul 28/a,96.80,-0.25%,"2,227"
RRIOT,8.96B,-,-35.08%,-48.24%,-47.19%,1.59,1.59,0.28,0.40,-28.26%,-74.16%,-196.28%,Aug 10/a,23.87,-1.28%,"224,769"
RRIOX,-,39.61%,-,-,-,-,-,-,-,-,-,-,-,32.44,-4.25%,281
RRISE,-,0.47%,-,-,-,-,-,-,-,-,-,-,-,18.99,0.00%,0
RRISN,-,1.16%,-,-,-,-,-,-,-,-,-,-,-,30.65,0.00%,0
RRISR,-,5.86%,-,-,-,-,-,-,-,-,-,-,-,36.61,0.00%,0
RRITA,-,2.45%,-,-,-,-,-,-,-,-,-,-,-,20.67,0.00%,0
RRITM,5.37B,10.41%,0.95%,5.44%,1.04%,0.66,0.66,4.04,4.53,87.93%,42.32%,5.72%,Jul 28/b,9.61,0.63%,"1,363"
RRITR,3.47M,-,-,-,-,-,-,-,-,-,-,-,-,0.08,0.00%,0
RRIV,288.13M,14.72%,-,-,-,-,-,-,-,-,-,-,-,10.62,0.00%,0
RRIVC,-,-,-,-,-,-,-,-,-,-,-,-,-,18.46,0.00%,0
RRIVN,22.29B,-,-21.04%,-57.87%,-31.26%,2.10,1.65,1.03,1.05,2.06%,-60.05%,-54.95%,Jul 30/a,15.40,0.24%,"34,403"
RRIZE,-,1.85%,-,-,-,-,-,-,-,-,-,-,-,24.36,0.00%,0
RRJCA,-,-,-,-,-,-,-,-,-,-,-,-,-,74.85,0.00%,0
RRJDI,-,0.78%,-,-,-,-,-,-,-,-,-,-,-,29.15,0.00%,0
RRJET,846.03M,-,2.85%,7.28%,2.06%,1.03,0.84,0.71,0.86,26.47%,10.18%,2.96%,Jul 30/b,18.07,0.00%,0
RRJF,31.78B,1.30%,2.57%,18.46%,12.98%,1.98,1.98,0.40,0.46,88.12%,18.58%,13.55%,Jul 22/a,165.19,0.00%,0
RRJMI,-,2.94%,-,-,-,-,-,-,-,-,-,-,-,24.45,0.00%,0
RRJVI,-,3.72%,-,-,-,-,-,-,-,-,-,-,-,24.56,0.00%,0
RRKDA,1.06M,-,-162.72%,-430.93%,-1758.45%,3.49,2.92,0.00,0.00,34.58%,-85.52%,-234.53%,Aug 13/a,0.44,0.00%,0
RRKLB,42.13B,-,-5.76%,-7.92%,-4.56%,5.48,4.98,0.04,0.04,34.11%,-29.06%,-21.51%,Aug 10/a,70.40,0.72%,"582,336"
RRKLX,-,33.59%,-,-,-,-,-,-,-,-,-,-,-,17.70,1.61%,"246,786"
RRKLZ,-,-,-,-,-,-,-,-,-,-,-,-,-,15.63,-2.13%,"19,111"
RRKNG,-,-,-,-,-,-,-,-,-,-,-,-,-,24.78,0.00%,0
RRKSG,-,-,-,-,-,-,-,-,-,-,-,-,-,28.65,0.00%,0
RRKT,35.54B,-,1.03%,3.04%,1.12%,0.34,0.34,0.79,1.41,94.55%,24.40%,4.87%,Aug 06/a,12.55,1.54%,"16,386"
RRKTO,18.62M,-,-135.29%,-148.47%,-162.43%,6.20,6.20,0.00,0.00,-,-,-,-,0.75,-0.12%,229
RRKX,-,-,-,-,-,-,-,-,-,-,-,-,-,10.80,-1.14%,51
RRL,20.84B,1.10%,12.76%,37.54%,17.95%,2.04,1.42,1.01,1.10,67.69%,16.67%,11.76%,Aug 06/b,350.00,3.00%,5
RRLAY,3.99B,-,-33.72%,-36.77%,-31.20%,18.27,18.27,0.03,0.03,78.64%,-2999.37%,-2763.64%,Aug 06/a,18.19,0.00%,0
RRLGT,401.79M,-,4.31%,8.04%,6.09%,1.60,1.60,0.28,0.33,15.32%,1.99%,2.01%,Sep 14/a,8.57,0.09%,19
RRLI,5.42B,6.25%,8.22%,25.16%,21.21%,0.31,-,0.18,0.18,-,28.66%,22.17%,Jul 22/a,59.07,0.00%,0
RRLJ,1.68B,5.48%,0.55%,1.26%,0.62%,1.68,1.68,1.08,1.31,13.24%,9.51%,0.08%,Aug 06/a,10.94,0.00%,0
RRLMD,443.75M,-,-51.57%,-55.66%,-29.98%,29.52,29.52,0.00,0.00,-,-,-,Aug 06/a,4.16,0.00%,0
RRLTY,244.31M,9.03%,-,-,-,-,-,-,-,-,-,-,-,14.61,0.00%,0
RRLX,1.58B,7.49%,5.72%,6.20%,6.14%,10.61,10.20,0.00,0.02,34.97%,13.09%,21.87%,Aug 14/b,1.73,0.58%,16
RRLY,-,2.97%,-,-,-,-,-,-,-,-,-,-,-,37.10,0.00%,0
RRLYB,89.91M,-,61.12%,64.86%,48.20%,27.26,27.26,0.00,0.00,93.34%,-3409.13%,7051.24%,Mar 17,16.93,0.00%,0
RRM,290.61M,3.81%,2.29%,12.63%,2.23%,64.04,64.04,4.54,4.54,97.26%,22.53%,6.98%,Jul 29/a,31.50,0.00%,19
RRMBC,-,-,-,-,-,-,-,-,-,-,-,-,-,12.23,0.00%,0
RRMBI,265.63M,3.79%,0.79%,8.57%,3.06%,0.43,-,1.65,1.65,-,17.56%,13.00%,-,15.85,0.00%,0
RRMBS,10.45B,-,15.56%,17.79%,16.17%,9.75,9.08,0.01,0.01,74.46%,35.95%,31.69%,Jul 27/a,96.37,-0.61%,"20,392"
RRMBX,-,-,-,-,-,-,-,-,-,-,-,-,-,11.10,-4.95%,"3,440"
RRMCA,-,4.57%,-,-,-,-,-,-,-,-,-,-,-,23.29,0.00%,0
RRMCF,8.02M,-,-27.46%,-99.37%,-44.97%,1.13,0.65,1.90,2.00,8.08%,-16.33%,-19.84%,Jun 02/b,0.85,0.00%,47
RRMCO,38.99M,0.31%,-5.32%,-6.43%,-6.23%,1.41,1.41,0.03,0.03,9.65%,-5.05%,-14.52%,Aug 19,2.57,0.00%,0
RRMD,32.33B,1.18%,17.77%,24.27%,21.39%,3.10,2.42,0.08,0.13,60.25%,34.01%,26.94%,Aug 06/a,224.15,0.24%,182
RRMHY,-,1.08%,-,-,-,-,-,-,-,-,-,-,-,24.74,0.00%,0
RRMI,92.51M,7.47%,6.87%,11.41%,6.71%,5.42,5.42,0.66,0.66,72.71%,163.02%,139.63%,-,14.50,0.00%,0
RRMIX,990.59M,-,-9.06%,-14.34%,-7.55%,1.40,1.15,0.60,0.65,25.64%,1.46%,-56.61%,Aug 14/b,13.48,0.00%,0
RRML,-,-,-,-,-,-,-,-,-,-,-,-,-,6.06,-2.34%,289
RRMM,262.54M,7.78%,-,-,-,-,-,-,-,-,-,-,-,13.30,0.00%,0
RRMME,-,2.47%,-,-,-,-,-,-,-,-,-,-,-,100.24,0.00%,0
RRMMZ,-,7.90%,-,-,-,-,-,-,-,-,-,-,-,13.75,0.00%,0
RRMNI,405.17M,-,1.85%,-,15.59%,0.78,0.78,-,-,60.07%,5.83%,1.69%,Jul 30/a,4.34,0.00%,0
RRMNY,-,4.47%,-,-,-,-,-,-,-,-,-,-,-,23.67,0.00%,0
RRMOP,-,5.37%,-,-,-,-,-,-,-,-,-,-,-,24.27,0.00%,0
RRMR,605.03M,9.54%,2.82%,8.44%,4.78%,1.40,1.40,0.79,0.82,19.36%,10.25%,3.01%,Aug 05/a,18.86,0.00%,0
RRMRC,-,0.59%,-,-,-,-,-,-,-,-,-,-,-,25.46,0.00%,0
RRMSG,4.22M,-,-,-,-,1.80,1.80,0.14,0.33,-,-,-,-,0.26,-4.99%,"1,847"
RRMT,733.21M,6.43%,-,-,-,-,-,-,-,-,-,-,-,13.53,0.00%,0
RRMTI,35.07M,-,-9.32%,-15.53%,-11.21%,3.25,3.00,0.29,0.40,17.71%,-6.52%,-7.55%,Aug 13/b,8.70,0.00%,0
RRNA,157.37M,-,-,-,-,8.73,8.73,0.00,0.01,-,-,-,Aug 13/a,9.20,0.11%,58
RRNAC,240.23M,-,-43.52%,-,-,7.48,7.48,-,-,-76.57%,-6679.69%,-10422.48%,Aug 06/b,7.94,0.00%,0
RRNAQ,115.59M,-,-,-,-,-,-,-,-,-,-,-,-,10.10,0.00%,0
RRNAZ,29.80M,-,-53.79%,-59.28%,-30.96%,1.97,1.97,0.00,0.00,-,-,-,-,1.76,0.00%,134
RRND,-,-,-,-,-,-,-,-,-,-,-,-,-,33.71,0.00%,0
RRNEM,-,2.29%,-,-,-,-,-,-,-,-,-,-,-,57.09,0.00%,0
RRNG,6.47B,0.29%,7.38%,-,16.05%,0.87,0.87,-,-,72.02%,7.43%,4.27%,Jul 23/a,77.46,0.21%,431
RRNGR,366.71M,1.53%,3.37%,4.93%,4.37%,1.73,1.70,0.08,0.16,8.34%,3.99%,2.36%,Jul 27/a,15.67,0.00%,0
RRNGT,319.06M,-,4.74%,4.91%,2.46%,6.58,6.58,0.00,0.00,-,-,-,-,10.17,0.00%,0
RRNIN,-,0.78%,-,-,-,-,-,-,-,-,-,-,-,36.79,0.00%,0
RRNMN,-,9.63%,-,-,-,-,-,-,-,-,-,-,-,26.09,0.00%,0
RRNP,932.64M,8.40%,-,-,-,-,-,-,-,-,-,-,-,19.43,0.00%,0
RRNR,13.56B,0.50%,5.24%,22.90%,18.30%,0.72,-,0.20,0.20,-,40.36%,23.09%,Jul 22/a,326.29,0.00%,0
RRNRG,-,1.75%,-,-,-,-,-,-,-,-,-,-,-,33.47,0.00%,0
RRNST,3.70B,2.36%,1.17%,8.21%,6.73%,0.18,-,0.21,0.29,-,26.75%,20.04%,Jul 28/a,40.52,0.00%,0
RRNTX,69.01M,-,-80.62%,-96.42%,-90.14%,4.27,4.27,0.00,0.00,-,-,-,Aug 14/b,0.80,0.69%,500
RRNTY,-,12.71%,-,-,-,-,-,-,-,-,-,-,-,47.21,0.00%,0
RRNW,2.49B,-,1.08%,8.91%,1.76%,0.43,0.40,4.05,6.14,56.45%,42.05%,8.09%,Aug 18/b,6.84,0.00%,0
RRNXT,76.27M,-,-97.83%,-125.23%,-132.98%,5.74,5.53,0.03,0.04,84.41%,-685.22%,-621.71%,Aug 12/a,1.69,1.20%,7
RROAD,5.36B,-,4.36%,15.05%,4.98%,1.57,1.26,1.75,1.82,15.85%,8.79%,4.10%,Aug 07/b,94.46,0.00%,3
RROAM,-,2.32%,-,-,-,-,-,-,-,-,-,-,-,36.39,0.00%,0
RROBN,-,6.36%,-,-,-,-,-,-,-,-,-,-,-,38.17,-2.03%,"13,614"
RROBO,-,0.36%,-,-,-,-,-,-,-,-,-,-,-,80.28,-0.01%,67
RROBT,-,0.02%,-,-,-,-,-,-,-,-,-,-,-,59.94,-0.01%,9
RROBX,-,-,-,-,-,-,-,-,-,-,-,-,-,23.18,0.00%,0
RROC,80.90M,-,-36.11%,-343.63%,-34.35%,5.37,5.36,0.04,0.06,79.75%,-33.96%,-38.69%,Aug 13/a,4.24,0.00%,0
RROCK,1.24B,-,2.82%,6.24%,-6.67%,1.46,0.91,1.54,1.54,25.45%,10.94%,-10.43%,Aug 05/b,41.77,0.12%,31
RROCQ,-,5.09%,-,-,-,-,-,-,-,-,-,-,-,56.77,0.00%,0
RROCY,-,3.28%,-,-,-,-,-,-,-,-,-,-,-,55.32,0.00%,0
RRODM,-,2.76%,-,-,-,-,-,-,-,-,-,-,-,41.97,0.00%,0
RROE,-,0.99%,-,-,-,-,-,-,-,-,-,-,-,43.29,0.00%,0
RROG,2.32B,-,2.16%,2.60%,2.55%,3.99,3.03,0.02,0.02,32.44%,9.01%,3.75%,Jul 28/a,129.85,0.00%,0
RROIV,28.03B,-,-5.15%,-6.21%,-6.15%,16.72,16.72,0.02,0.03,43.37%,-18146.12%,-3534.96%,Aug 06/b,38.80,-0.49%,"2,510"
RROK,47.33B,1.27%,10.76%,34.47%,18.94%,1.08,0.74,0.81,1.03,49.18%,14.45%,13.36%,Aug 04/b,426.21,0.31%,31
RROKT,-,0.20%,-,-,-,-,-,-,-,-,-,-,-,107.64,0.00%,0
RROKU,22.77B,-,8.02%,13.12%,11.07%,2.86,2.77,0.14,0.17,45.50%,5.25%,6.82%,Aug 06/a,153.32,-0.66%,16
RROL,15.37B,2.33%,16.27%,37.01%,24.28%,0.59,0.54,0.53,0.78,49.06%,18.91%,13.55%,Jul 22/a,31.95,-1.23%,276
RROLR,68.71M,-,-3.17%,-4.82%,6.68%,4.14,4.14,0.02,0.02,50.58%,-58.66%,15.59%,Aug 11/a,6.23,0.00%,330
RROM,-,0.06%,-,-,-,-,-,-,-,-,-,-,-,157.89,0.00%,0
RROMA,557.23M,-,-42.55%,-44.23%,-36.60%,22.19,22.19,0.00,0.00,16.22%,-314.86%,-287.60%,-,9.00,0.00%,0
RROMO,-,8.11%,-,-,-,-,-,-,-,-,-,-,-,34.76,0.00%,0
RRONB,-,-,-,-,-,-,-,-,-,-,-,-,-,23.76,0.00%,0
RROOT,789.06M,-,4.10%,15.37%,9.61%,1.76,-,0.45,0.45,-,5.51%,3.70%,Aug 05/a,50.95,2.35%,5
RROP,36.33B,0.98%,7.32%,13.07%,8.55%,0.55,0.51,0.57,0.61,69.53%,27.97%,30.24%,Jul 23/b,367.35,0.53%,332
RROPE,-,1.90%,-,-,-,-,-,-,-,-,-,-,-,29.57,0.00%,0
RROSC,-,1.84%,-,-,-,-,-,-,-,-,-,-,-,54.43,0.00%,0
RROST,74.30B,0.77%,17.45%,42.63%,25.35%,1.61,0.98,0.56,0.70,28.64%,12.72%,10.85%,Aug 20/a,232.57,0.57%,229
RROUS,-,1.31%,-,-,-,-,-,-,-,-,-,-,-,67.62,0.00%,0
RRPAR,-,2.40%,-,-,-,-,-,-,-,-,-,-,-,22.15,0.00%,0
RRPAY,346.57M,-,-11.08%,-30.27%,-13.56%,1.45,1.43,1.61,1.64,42.57%,0.27%,-49.57%,Aug 10/a,3.93,0.00%,0
RRPC,869.80M,1.96%,2.63%,7.77%,3.13%,1.82,1.82,1.38,1.41,-,23.64%,8.75%,Aug 05/b,7.89,0.00%,0
RRPD,840.49M,-,1.19%,14.03%,3.71%,0.76,0.76,1.76,4.89,68.39%,1.54%,2.35%,Aug 10/a,12.47,0.00%,0
RRPG,-,0.15%,-,-,-,-,-,-,-,-,-,-,-,58.56,0.00%,1
RRPGL,22.76M,-,-,-,-,1.68,1.68,0.00,0.02,-,-,-,-,1.41,-2.42%,36
RRPID,56.68M,-,-76.40%,-141.65%,-128.81%,2.52,1.48,1.24,1.31,5.54%,-141.45%,-145.56%,Aug 07/b,1.13,0.00%,0
RRPM,12.63B,2.30%,8.17%,21.26%,11.40%,1.68,1.16,0.74,0.89,41.44%,12.48%,8.38%,Oct 06/b,99.01,0.00%,0
RRPRX,33.61B,1.77%,4.27%,12.36%,5.29%,2.80,2.80,1.26,1.31,99.81%,62.33%,32.13%,Aug 05/b,58.44,0.00%,5
RRPT,87.44M,12.80%,0.31%,1.03%,0.49%,0.21,0.21,1.13,2.22,83.02%,90.70%,-4.38%,Jul 28/a,11.25,0.00%,0
RRPV,-,2.13%,-,-,-,-,-,-,-,-,-,-,-,118.41,0.00%,0
RRQI,1.59B,9.92%,-,-,-,-,-,-,-,-,-,-,-,11.83,2.25%,30
RRR,393.86M,-,-23.85%,-24.12%,-15.51%,93.61,92.88,0.00,0.00,4.06%,-465.02%,-1063.57%,Sep 02,1.75,0.56%,"66,710"
RRRBI,669.04M,0.98%,1.42%,12.77%,11.91%,0.10,-,0.00,0.00,-,32.61%,26.21%,Jul 30/b,101.61,0.00%,0
RRRC,8.79B,1.03%,11.72%,19.45%,15.16%,0.65,0.65,0.20,0.22,38.00%,32.08%,26.28%,Jul 21/a,37.60,-0.58%,352
RRREV,330.83M,-,-,-,-,2.82,2.82,0.00,0.00,-,-,-,-,9.91,0.00%,0
RRRGB,132.52M,-,-5.44%,-,-8.90%,0.71,0.62,-,-,10.37%,0.98%,-2.55%,Aug 12/a,7.01,0.00%,0
RRRR,5.28B,3.55%,4.02%,90.22%,4.48%,0.68,0.63,21.04,21.25,51.36%,28.58%,8.43%,Aug 04/a,50.32,0.04%,1
RRRX,9.99B,0.82%,2.34%,4.76%,2.79%,2.28,1.16,0.68,0.69,37.99%,12.12%,5.35%,Aug 05/b,149.96,-0.51%,329
RRS,19.64B,1.29%,8.25%,12.21%,9.58%,4.30,2.27,0.26,0.27,26.45%,7.88%,5.65%,Jul 22/a,384.65,0.00%,0
RRSBA,-,3.48%,-,-,-,-,-,-,-,-,-,-,-,20.23,0.00%,0
RRSBT,-,2.95%,-,-,-,-,-,-,-,-,-,-,-,19.46,0.00%,0
RRSBY,-,1.76%,-,-,-,-,-,-,-,-,-,-,-,18.05,0.00%,0
RRSDE,-,-,-,-,-,-,-,-,-,-,-,-,-,23.81,0.00%,0
RRSEE,-,-,-,-,-,-,-,-,-,-,-,-,-,39.67,0.00%,0
RRSF,49.34M,12.62%,9.66%,9.69%,9.46%,27.41,27.41,0.00,0.00,71.75%,75.33%,74.39%,Sep 02,14.26,0.00%,0
RRSG,65.51B,1.19%,6.38%,18.15%,8.50%,0.64,0.62,1.14,1.19,30.26%,20.02%,12.94%,Aug 06/a,213.93,0.00%,94
RRSI,5.05B,-,4.78%,20.72%,16.29%,2.12,2.12,0.06,0.08,31.86%,10.09%,2.33%,Jul 29/a,21.80,1.07%,5
RRSIT,-,-,-,-,-,-,-,-,-,-,-,-,-,21.84,0.00%,0
RRSJN,-,-,-,-,-,-,-,-,-,-,-,-,-,37.52,0.00%,0
RRSKD,850.32M,-,-4.01%,-5.69%,-6.88%,3.62,3.62,0.08,0.11,50.64%,-4.46%,-4.23%,Aug 12/b,6.44,1.42%,10
RRSMC,-,-,-,-,-,-,-,-,-,-,-,-,-,27.88,0.00%,0
RRSMR,-,-,-,-,-,-,-,-,-,-,-,-,-,24.00,0.00%,0
RRSMV,-,0.95%,-,-,-,-,-,-,-,-,-,-,-,28.92,0.00%,0
RRSP,-,1.50%,-,-,-,-,-,-,-,-,-,-,-,212.00,-0.32%,188
RRSPA,-,9.25%,-,-,-,-,-,-,-,-,-,-,-,52.51,0.00%,0
RRSPC,-,1.11%,-,-,-,-,-,-,-,-,-,-,-,36.47,0.00%,0
RRSPD,-,0.97%,-,-,-,-,-,-,-,-,-,-,-,52.73,0.00%,0
RRSPE,-,1.44%,-,-,-,-,-,-,-,-,-,-,-,34.01,0.00%,0
RRSPF,-,1.54%,-,-,-,-,-,-,-,-,-,-,-,81.18,0.00%,0
RRSPG,-,1.85%,-,-,-,-,-,-,-,-,-,-,-,111.68,0.00%,0
RRSPH,-,0.61%,-,-,-,-,-,-,-,-,-,-,-,36.92,0.22%,150
RRSPM,-,1.80%,-,-,-,-,-,-,-,-,-,-,-,38.22,0.00%,0
RRSPN,-,0.91%,-,-,-,-,-,-,-,-,-,-,-,59.04,0.00%,0
RRSPR,-,2.96%,-,-,-,-,-,-,-,-,-,-,-,34.57,0.00%,0
RRSPS,-,3.02%,-,-,-,-,-,-,-,-,-,-,-,29.35,0.00%,0
RRSPT,-,0.23%,-,-,-,-,-,-,-,-,-,-,-,66.26,0.00%,0
RRSPU,-,2.84%,-,-,-,-,-,-,-,-,-,-,-,72.01,0.00%,0
RRSSB,-,3.18%,-,-,-,-,-,-,-,-,-,-,-,30.77,0.00%,0
RRSSE,-,-,-,-,-,-,-,-,-,-,-,-,-,23.57,0.00%,0
RRSSL,-,1.26%,-,-,-,-,-,-,-,-,-,-,-,112.17,0.00%,0
RRSSS,71.91M,-,6.15%,16.30%,13.63%,0.83,0.83,0.00,0.00,49.30%,7.54%,5.84%,Sep 09/a,2.13,0.00%,0
RRSST,-,0.90%,-,-,-,-,-,-,-,-,-,-,-,35.38,0.00%,0
RRSSX,-,1.38%,-,-,-,-,-,-,-,-,-,-,-,28.49,0.00%,0
RRSSY,-,1.48%,-,-,-,-,-,-,-,-,-,-,-,26.38,0.00%,0
RRSVR,631.62M,-,0.97%,2.35%,1.03%,1.31,1.31,1.24,1.24,47.02%,21.20%,4.87%,Aug 04/b,9.58,0.00%,0
RRTAC,326.26M,-,3.13%,3.28%,3.21%,2.90,2.90,0.00,0.00,-,-,-,-,10.47,0.00%,0
RRTAI,-,5.28%,-,-,-,-,-,-,-,-,-,-,-,19.64,0.00%,0
RRTB,116.41M,-,-59.48%,-164.43%,-58.23%,1.37,1.37,0.09,0.11,10.35%,-138.16%,-184.17%,-,8.31,-1.54%,644
RRTH,-,0.95%,-,-,-,-,-,-,-,-,-,-,-,255.37,0.00%,0
RRTO,10.74B,3.04%,2.23%,5.96%,5.02%,1.06,0.98,0.72,1.10,13.95%,13.95%,6.70%,Jul 30/b,21.36,0.00%,0
RRTOO,-,-,-,-,-,-,-,-,-,-,-,-,-,24.19,0.00%,0
RRTRE,-,4.70%,-,-,-,-,-,-,-,-,-,-,-,24.10,0.00%,0
RRTX,261.51B,1.48%,4.54%,12.02%,7.76%,1.01,0.78,0.50,0.59,20.35%,10.68%,8.28%,Jul 23/b,194.03,-0.16%,692
RRTXG,-,6.34%,-,-,-,-,-,-,-,-,-,-,-,22.81,0.00%,0
RRTYY,-,159.16%,-,-,-,-,-,-,-,-,-,-,-,8.32,0.00%,0
RRUBI,2.19M,-,-,-,-,-,-,-,-,-,-,-,Aug 17/b,1.22,-2.40%,"56,553"
RRULE,-,-,-,-,-,-,-,-,-,-,-,-,-,30.65,0.00%,0
RRUM,4.54B,-,-12.65%,-19.18%,-8.80%,2.12,2.12,0.35,0.38,-15.88%,-100.96%,-134.60%,Aug 10/a,9.15,-0.22%,"6,590"
RRUN,2.11B,-,1.82%,12.62%,2.23%,1.42,1.00,4.20,4.36,32.12%,2.46%,11.65%,Aug 05/a,8.75,-0.46%,"16,762"
RRUNN,-,0.56%,-,-,-,-,-,-,-,-,-,-,-,33.28,0.00%,0
RRUSC,-,0.32%,-,-,-,-,-,-,-,-,-,-,-,36.92,0.00%,0
RRUSHA,5.75B,1.08%,5.66%,11.83%,9.46%,1.45,0.38,0.20,0.64,18.72%,5.13%,3.67%,Jul 28/a,48.09,0.00%,4
RRVER,-,0.06%,-,-,-,-,-,-,-,-,-,-,-,37.50,0.00%,0
RRVI,359.67M,-,-,-,-,0.26,0.26,0.00,0.00,-,-,-,-,28.50,0.00%,0
RRVII,207.30M,-,-,-,-,-,-,-,-,-,-,-,-,22.80,0.00%,0
RRVLV,1.50B,-,9.28%,14.43%,13.02%,2.48,1.42,0.04,0.06,54.32%,6.30%,5.54%,Aug 04/a,21.15,0.00%,0
RRVMD,41.16B,-,-52.37%,-79.09%,-46.78%,11.38,11.38,0.45,0.46,-,-,-,Aug 05/a,192.02,-0.38%,290
RRVNL,-,-,-,-,-,-,-,-,-,-,-,-,-,22.45,-0.25%,800
RRVNU,-,3.78%,-,-,-,-,-,-,-,-,-,-,-,23.77,0.00%,0
RRVP,21.25M,-,-2.33%,-4.52%,-4.61%,4.93,3.74,0.00,0.01,1.16%,-64.09%,-10.62%,-,0.71,0.00%,0
RRVSB,118.52M,1.35%,-0.26%,-2.52%,-2.19%,1.22,-,0.22,0.34,-,-7.97%,-5.87%,Jul 28/a,5.94,0.00%,0
RRVSN,8.22M,-,-59.02%,-65.88%,-80.27%,9.60,9.27,0.00,0.00,29.89%,-620.71%,-559.65%,Aug 26/b,3.75,0.00%,0
RRVT,2.17B,8.48%,-,-,-,-,-,-,-,-,-,-,-,17.46,0.00%,0
RRVTY,15.91B,0.20%,1.94%,3.21%,2.38%,1.80,1.50,0.38,0.46,48.19%,15.45%,8.18%,Aug 04/b,142.55,-0.72%,5
RRW,-,0.11%,-,-,-,-,-,-,-,-,-,-,-,24.65,0.00%,0
RRWAY,280.38M,19.69%,0.69%,1.55%,0.65%,1.05,1.05,1.38,1.38,72.30%,59.25%,8.87%,Aug 06/a,6.69,0.00%,0
RRWEM,-,1.73%,-,-,-,-,-,-,-,-,-,-,-,37.18,0.00%,0
RRWIN,-,0.97%,-,-,-,-,-,-,-,-,-,-,-,27.53,0.00%,0
RRWJ,-,1.12%,-,-,-,-,-,-,-,-,-,-,-,57.94,0.00%,0
RRWK,-,1.07%,-,-,-,-,-,-,-,-,-,-,-,142.53,0.00%,0
RRWL,-,1.22%,-,-,-,-,-,-,-,-,-,-,-,132.00,0.00%,0
RRWLC,-,0.56%,-,-,-,-,-,-,-,-,-,-,-,38.97,0.00%,0
RRWM,-,3.66%,-,-,-,-,-,-,-,-,-,-,-,14.07,-0.14%,"10,225"
RRWO,-,3.41%,-,-,-,-,-,-,-,-,-,-,-,47.83,0.00%,0
RRWR,-,3.50%,-,-,-,-,-,-,-,-,-,-,-,107.51,-0.24%,"4,746"
RRWT,507.47M,17.86%,0.00%,0.02%,0.00%,0.22,0.18,25.95,29.44,97.26%,95.43%,-0.51%,Jul 28/b,4.04,0.00%,0
RRWX,-,4.14%,-,-,-,-,-,-,-,-,-,-,-,26.11,0.00%,0
RRXD,-,3.58%,-,-,-,-,-,-,-,-,-,-,-,14.89,0.00%,0
RRXI,-,1.49%,-,-,-,-,-,-,-,-,-,-,-,190.15,0.00%,0
RRXL,-,1.19%,-,-,-,-,-,-,-,-,-,-,-,59.32,0.00%,0
RRXO,3.21B,-,-3.15%,-6.79%,-4.92%,1.27,1.27,0.42,0.48,16.42%,-0.23%,-1.72%,Aug 06/b,19.47,-1.27%,318
RRXRX,2.11B,-,-41.26%,-56.58%,-54.11%,5.03,5.03,0.05,0.07,-88.39%,-991.72%,-945.92%,Aug 05/b,3.94,-0.76%,"108,199"
RRXST,213.79M,-,-14.19%,-17.35%,-17.24%,4.07,3.61,0.03,0.04,77.50%,-43.20%,-36.80%,Aug 05/a,5.14,0.00%,0
RRXT,1.02B,-,-5.64%,-,-8.45%,0.76,0.76,-,-,12.15%,-1.70%,-5.88%,Aug 10/a,3.99,-1.22%,"10,667"
RRY,285.90B,2.40%,0.97%,16.30%,4.19%,0.81,-,2.79,2.88,-,19.50%,15.69%,Aug 27/b,206.19,0.00%,1
RRYAAY,28.42B,1.76%,10.51%,22.60%,20.06%,0.79,0.79,0.01,0.02,18.65%,13.61%,12.14%,Jul 20/b,54.85,1.01%,"3,733"
RRYAM,573.62M,-,-8.35%,-52.44%,-14.98%,1.37,0.85,3.83,3.98,5.90%,0.75%,-9.61%,Aug 04/a,8.48,0.00%,0
RRYAN,10.25B,1.28%,0.88%,17.69%,2.34%,1.00,1.00,7.30,7.47,-,20.48%,3.07%,Jul 30/a,40.06,0.00%,0
RRYDE,113.75M,-,-74.73%,-98.46%,-56.47%,3.41,5.63,0.00,0.00,-68.69%,-120.24%,-142.18%,May 06/b,0.68,-0.58%,"1,960,444"
RRYET,31.81M,-,-,-,-138.43%,1.33,1.33,0.00,0.75,26.17%,-97.77%,-104.96%,-,0.85,-0.05%,63
RRYLD,-,11.98%,-,-,-,-,-,-,-,-,-,-,-,15.62,0.00%,0
RRYLG,-,7.59%,-,-,-,-,-,-,-,-,-,-,-,23.86,0.00%,0
RRYM,50.73M,-,-3.08%,-10.51%,-8.10%,0.59,0.56,0.00,2.06,50.94%,-30.32%,-40.77%,-,23.28,0.00%,0
RRYN,5.99B,5.28%,1.38%,2.02%,1.07%,3.56,2.18,0.36,0.36,24.22%,14.94%,7.83%,Aug 05/a,20.03,0.00%,0
RRYOJ,46.20M,-,0.79%,3.05%,0.97%,2.70,2.68,1.25,1.50,26.56%,-7.91%,1.34%,-,4.00,0.25%,1
RRYTM,6.87B,-,-50.70%,-199.95%,-65.46%,3.45,3.20,0.44,0.51,88.91%,-83.62%,-87.62%,Aug 04/b,99.74,0.92%,221
RRYZ,1.24B,3.14%,-1.03%,-3.11%,-1.27%,2.21,1.04,1.00,1.03,17.35%,0.34%,-0.56%,Jul 29/a,23.94,0.00%,0
RRZG,-,0.56%,-,-,-,-,-,-,-,-,-,-,-,64.19,0.00%,0
RRZLT,372.65M,-,-74.01%,-81.73%,-69.48%,15.84,15.84,0.00,0.01,-,-,-,May 12/a,3.87,-1.02%,58
RRZLV,950.46M,-,-36.68%,-94.36%,-41.04%,0.49,0.49,0.11,0.43,36.75%,-94.06%,-106.87%,Sep 01/b,2.28,-0.87%,"148,975"
RRZV,-,1.44%,-,-,-,-,-,-,-,-,-,-,-,141.68,0.00%,0
SS,8.38B,-,-14.37%,-23.01%,-23.48%,1.34,1.34,0.00,0.00,72.31%,-26.28%,-30.95%,Aug 27/a,24.07,1.13%,"8,542"
SSA,3.34B,-,2.07%,3.30%,2.14%,2.08,2.08,0.51,0.51,-,-,-,Aug 13/a,30.92,0.00%,0
SSAA,-,0.85%,-,-,-,-,-,-,-,-,-,-,-,33.10,0.00%,0
SSAAQ,475.74M,-,-,-,1.23%,32.55,32.55,0.00,0.00,-,-,-,-,10.06,0.00%,0
SSABA,215.61M,8.60%,5.81%,9.42%,9.48%,1.42,1.42,0.00,0.00,91.68%,75.61%,57.09%,-,8.06,0.00%,0
SSABR,948.42M,-,-1.76%,-,23.97%,1.02,1.02,-,-,56.18%,13.63%,25.14%,Aug 06/b,2.35,0.86%,65
SSABS,308.44M,-,-28.97%,-34.27%,-17.73%,9.22,9.22,0.02,0.02,-,-,-,Aug 06/b,3.39,0.00%,0
SSAC,316.49M,-,-,-,1.75%,10.48,10.48,0.00,0.00,-,-,-,-,10.09,0.00%,0
SSACH,45.78M,8.38%,-1.63%,-4.71%,-1.85%,1.66,1.66,1.70,1.93,98.99%,42.11%,-28.35%,Aug 05/a,0.95,0.00%,0
SSAFE,948.94M,5.35%,1.59%,4.83%,1.62%,-,-,1.94,1.94,90.61%,75.76%,28.07%,Jul 30/a,13.40,0.00%,0
SSAFT,1.52B,3.55%,3.09%,7.84%,7.34%,0.65,-,0.07,0.07,-,6.49%,5.33%,Aug 05/a,103.64,0.00%,0
SSAFX,207.45M,-,-14.94%,-,-35.71%,0.05,0.02,3.56,6.91,-18.11%,-275.33%,-291.80%,Sep 02,0.50,-0.58%,"14,531"
SSAGP,-,0.51%,-,-,-,-,-,-,-,-,-,-,-,36.09,0.00%,0
SSAGT,14.63M,-,9.25%,11.23%,6.17%,2.83,2.83,0.05,0.06,22.40%,11.03%,8.95%,Jul 23/b,0.64,-1.53%,734
SSAGU,162.09M,-,-,-,-,0.01,0.01,-,-,-,-,-,-,10.05,0.00%,0
SSAH,2.08B,2.42%,3.44%,20.62%,6.61%,1.01,0.25,2.12,4.56,14.66%,3.29%,1.37%,Jul 30/b,65.92,0.00%,0
SSAIA,9.28B,-,7.74%,10.77%,9.37%,1.58,1.58,0.09,0.10,10.75%,10.75%,8.19%,Jul 30/b,348.04,0.00%,0
SSAIC,5.59B,1.12%,7.15%,25.74%,9.25%,1.20,1.20,1.86,1.88,12.65%,7.82%,5.13%,Aug 31/b,133.35,0.00%,0
SSAIH,49.05M,-,-41.31%,-59.31%,-82.42%,2.30,2.29,0.06,0.57,-51.88%,-116.45%,-142.72%,-,27.02,0.00%,0
SSAIL,11.47B,-,-2.62%,-2.88%,-2.87%,1.23,1.23,0.00,0.00,58.00%,-18.77%,-16.92%,Sep 09/b,20.09,-1.13%,"1,027"
SSALI,-,-,-,-,-,-,-,-,-,-,-,-,-,25.43,0.00%,0
SSAM,1.76B,-,-5.55%,-8.61%,-9.51%,1.05,0.81,0.03,0.04,48.88%,5.41%,-3.64%,Jul 23/a,171.40,0.00%,0
SSAMG,107.70M,9.46%,0.62%,1.64%,1.29%,1.09,1.09,0.52,0.60,-,2.20%,0.72%,Jul 30/a,9.09,0.00%,0
SSAMM,-,0.89%,-,-,-,-,-,-,-,-,-,-,-,34.99,0.00%,0
SSAMO,281.75M,-,-,-,-,0.00,0.00,-,-,-,-,-,-,9.80,0.00%,0
SSAMT,-,0.63%,-,-,-,-,-,-,-,-,-,-,-,42.59,0.00%,0
SSAN,211.34B,2.13%,0.72%,12.99%,2.96%,1.76,-,4.12,4.12,-,15.19%,13.14%,Jul 22/b,14.53,-0.62%,"2,888"
SSANA,928.02M,-,-53.41%,-152.87%,-99.07%,1.38,1.38,0.38,0.48,-,-,-,Aug 10/a,3.10,0.00%,"1,557"
SSANG,115.81M,-,-1.90%,-2.56%,-2.43%,0.90,0.74,0.07,0.16,52.97%,-2.12%,-3.04%,May 13/a,3.48,0.00%,0
SSANM,11.18B,-,4.12%,12.70%,6.51%,1.78,1.06,0.85,0.95,8.98%,5.49%,2.41%,Jul 27/a,208.52,-0.45%,226
SSAP,244.37B,1.43%,11.14%,18.71%,15.35%,1.15,1.15,0.18,0.22,75.80%,28.45%,20.85%,Jul 23/a,211.72,1.19%,"6,084"
SSAPH,-,3.09%,-,-,-,-,-,-,-,-,-,-,-,38.56,0.00%,0
SSAR,282.54M,17.12%,1.31%,4.07%,1.79%,0.22,0.22,1.33,2.12,74.58%,52.05%,12.40%,Oct 06/a,17.57,0.00%,0
SSARK,-,3.65%,-,-,-,-,-,-,-,-,-,-,-,23.37,0.27%,28
SSARO,7.57B,-,4.86%,12.30%,6.15%,2.13,1.59,0.91,0.93,13.49%,9.75%,5.12%,Aug 06/a,22.88,0.00%,0
SSASS,-,-,-,-,-,-,-,-,-,-,-,-,-,24.00,0.00%,0
SSATA,2.90B,1.94%,-,-,-,-,-,-,-,-,-,-,-,100.01,0.05%,149
SSATL,841.70M,-,-76.94%,-,-80.48%,2.34,2.30,2.81,2.85,60.93%,-66.80%,-325.65%,Aug 05/a,5.47,-1.89%,"18,174"
SSATO,-,5.80%,-,-,-,-,-,-,-,-,-,-,-,20.47,0.00%,0
SSAUG,-,-,-,-,-,-,-,-,-,-,-,-,-,27.49,0.00%,0
SSAWG,-,0.25%,-,-,-,-,-,-,-,-,-,-,-,24.71,0.00%,0
SSAWS,-,0.02%,-,-,-,-,-,-,-,-,-,-,-,22.95,0.00%,0
SSB,903.26M,3.27%,6.13%,10.32%,7.19%,0.90,0.90,0.39,0.59,44.24%,33.28%,25.69%,Jul 28/a,8.87,0.00%,0
SSBAC,18.70B,2.84%,8.80%,-,21.91%,0.17,0.17,-,-,63.75%,53.70%,34.51%,Aug 03/a,176.28,0.00%,2
SSBAR,-,11.18%,-,-,-,-,-,-,-,-,-,-,-,25.78,0.00%,0
SSBB,-,3.55%,-,-,-,-,-,-,-,-,-,-,-,23.62,0.00%,0
SSBC,528.63M,-,13.58%,19.29%,16.63%,3.31,3.20,0.12,0.18,71.02%,37.34%,27.99%,Aug 13/b,5.14,0.00%,0
SSBCF,3.21B,2.31%,0.84%,5.85%,3.89%,0.04,-,0.31,0.43,-,24.52%,14.43%,Jul 28/a,33.12,-0.50%,1
SSBET,2.11B,-,-182.89%,-183.58%,-121.23%,10.45,10.45,0.00,0.00,97.04%,-18.64%,-3406.29%,Aug 10/b,9.71,-2.71%,"75,514"
SSBFG,186.84M,2.01%,1.08%,11.93%,8.61%,0.18,-,0.32,0.40,-,21.87%,17.65%,Jul 23/a,29.88,0.00%,0
SSBFM,3.74M,-,-17.78%,-21.92%,-20.82%,5.46,3.30,0.02,0.02,29.31%,-14.71%,-16.50%,Aug 05,0.97,6.38%,"1,144"
SSBGI,955.32M,7.57%,0.93%,14.04%,1.15%,1.94,1.94,10.91,11.03,37.41%,5.87%,1.60%,Aug 05/a,13.21,0.00%,0
SSBH,1.52B,-,6.83%,23.53%,8.66%,2.37,0.57,1.55,1.74,52.06%,8.55%,5.16%,Aug 03/b,16.21,0.56%,206
SSBI,101.96M,6.96%,-,-,-,-,-,-,-,-,-,-,-,7.24,0.00%,0
SSBIL,-,3.70%,-,-,-,-,-,-,-,-,-,-,-,100.26,0.00%,0
SSBIO,-,-,-,-,-,-,-,-,-,-,-,-,-,62.38,0.00%,0
SSBIT,-,10.43%,-,-,-,-,-,-,-,-,-,-,-,28.85,1.73%,"47,944"
SSBLK,3.58B,12.44%,7.41%,11.68%,8.66%,1.91,1.91,0.32,0.41,35.36%,27.84%,23.87%,Aug 05/a,31.94,0.65%,"3,376"
SSBMT,231.80M,-,-14.64%,-15.46%,-10.47%,26.95,26.95,0.04,0.04,-,-,-,-,7.85,0.00%,0
SSBND,-,4.64%,-,-,-,-,-,-,-,-,-,-,-,18.46,0.00%,0
SSBR,1.05B,6.25%,806.27%,914.24%,848.81%,7.25,7.25,0.00,0.00,-,94.71%,94.71%,-,72.36,0.00%,0
SSBRA,5.08B,6.04%,1.21%,2.40%,1.21%,2.05,2.05,0.96,0.96,37.40%,18.80%,7.62%,Aug 03/a,19.87,0.00%,0
SSBS,19.08B,2.90%,7.63%,18.75%,8.56%,1.47,1.47,1.03,1.14,35.42%,30.97%,19.56%,Aug 12/b,5.44,0.00%,0
SSBSI,931.28M,4.62%,0.89%,8.99%,6.87%,0.16,-,0.25,1.86,-,21.26%,17.64%,Jul 24/b,31.24,-0.88%,1
SSBSW,7.87B,7.26%,11.08%,35.70%,17.91%,2.72,1.37,0.69,0.70,29.29%,25.79%,10.11%,Sep 01/b,11.12,-0.09%,"22,695"
SSBTU,-,-,-,-,-,-,-,-,-,-,-,-,-,54.95,0.00%,0
SSBUX,108.56B,2.65%,6.40%,-,16.54%,0.76,0.54,-,-,16.53%,10.01%,5.17%,Jul 29/a,95.23,0.35%,"3,479"
SSBXD,69.87M,-,2.51%,2.66%,2.63%,0.13,0.13,0.00,0.00,-,-,-,-,10.88,0.00%,0
SSBXE,350.42M,-,-3.79%,-4.11%,-2.06%,5.70,5.70,0.00,0.00,-,-,-,-,10.10,0.00%,0
SSCA,-,12.54%,-,-,-,-,-,-,-,-,-,-,-,25.81,0.00%,0
SSCAG,17.56M,-,-37.98%,-,-,0.32,0.27,-,-,2.39%,-72.22%,-71.84%,-,0.24,0.00%,0
SSCAP,-,7.54%,-,-,-,-,-,-,-,-,-,-,-,37.41,0.00%,0
SSCATU,79.01M,-,-,-,-,0.29,0.29,-,-,-,-,-,-,10.03,0.00%,0
SSCAU,-,-,-,-,-,-,-,-,-,-,-,-,-,24.76,0.00%,0
SSCC,-,3.25%,-,-,-,-,-,-,-,-,-,-,-,15.71,0.00%,0
SSCCO,166.34B,2.03%,25.93%,50.07%,26.76%,5.06,4.56,0.68,0.68,57.82%,56.90%,35.87%,Jul 22/b,197.00,-0.54%,98
SSCCR,-,4.61%,-,-,-,-,-,-,-,-,-,-,-,24.77,0.00%,0
SSCD,350.47M,9.41%,-,-,-,-,-,-,-,-,-,-,-,15.30,0.00%,0
SSCDS,-,0.95%,-,-,-,-,-,-,-,-,-,-,-,72.99,0.00%,0
SSCDV,-,0.45%,-,-,-,-,-,-,-,-,-,-,-,26.14,0.00%,0
SSCEC,-,5.08%,-,-,-,-,-,-,-,-,-,-,-,24.26,0.00%,0
SSCEP,-,4.97%,-,-,-,-,-,-,-,-,-,-,-,25.03,0.00%,0
SSCHA,-,1.06%,-,-,-,-,-,-,-,-,-,-,-,33.61,0.00%,0
SSCHB,-,1.00%,-,-,-,-,-,-,-,-,-,-,-,29.97,0.42%,170
SSCHC,-,3.31%,-,-,-,-,-,-,-,-,-,-,-,50.74,0.00%,0
SSCHD,-,3.10%,-,-,-,-,-,-,-,-,-,-,-,33.73,0.03%,"211,175"
SSCHE,-,2.54%,-,-,-,-,-,-,-,-,-,-,-,37.53,0.00%,0
SSCHF,-,3.00%,-,-,-,-,-,-,-,-,-,-,-,28.13,0.04%,146
SSCHG,-,0.36%,-,-,-,-,-,-,-,-,-,-,-,36.26,-0.03%,"1,260"
SSCHH,-,2.88%,-,-,-,-,-,-,-,-,-,-,-,22.93,0.00%,0
SSCHI,-,5.02%,-,-,-,-,-,-,-,-,-,-,-,22.63,3.41%,3
SSCHJ,-,4.57%,-,-,-,-,-,-,-,-,-,-,-,24.25,0.00%,0
SSCHK,-,1.00%,-,-,-,-,-,-,-,-,-,-,-,37.31,0.00%,0
SSCHL,662.06M,2.86%,3.01%,6.68%,5.07%,1.23,0.78,0.49,0.56,52.68%,1.52%,3.58%,Sep 24/a,34.91,0.00%,0
SSCHM,-,1.26%,-,-,-,-,-,-,-,-,-,-,-,35.06,0.17%,2
SSCHO,-,3.83%,-,-,-,-,-,-,-,-,-,-,-,23.89,-0.04%,6
SSCHP,-,5.03%,-,-,-,-,-,-,-,-,-,-,-,25.48,-0.23%,190
SSCHQ,-,4.93%,-,-,-,-,-,-,-,-,-,-,-,29.75,0.00%,0
SSCHR,-,4.03%,-,-,-,-,-,-,-,-,-,-,-,23.98,0.00%,0
SSCHV,-,1.79%,-,-,-,-,-,-,-,-,-,-,-,34.21,0.00%,0
SSCHW,184.81B,1.19%,2.07%,20.27%,13.96%,1.16,1.16,0.44,0.74,85.03%,49.70%,33.10%,Jul 21/b,106.87,-0.01%,39
SSCHX,-,0.99%,-,-,-,-,-,-,-,-,-,-,-,30.50,-0.13%,515
SSCHY,-,3.39%,-,-,-,-,-,-,-,-,-,-,-,32.75,0.15%,131
SSCHZ,-,4.23%,-,-,-,-,-,-,-,-,-,-,-,22.64,0.71%,"1,001"
SSCI,10.57B,1.80%,2.89%,34.71%,8.09%,0.53,0.49,3.32,3.45,26.03%,22.42%,12.30%,Jul 29/a,77.56,0.00%,0
SSCII,252.96M,-,-,-,1.54%,3.48,3.48,0.00,0.00,-,-,-,-,10.18,0.00%,0
SSCIO,-,5.81%,-,-,-,-,-,-,-,-,-,-,-,20.23,0.00%,0
SSCJ,-,2.66%,-,-,-,-,-,-,-,-,-,-,-,109.58,0.00%,0
SSCJL,-,-,-,-,-,-,-,-,-,-,-,-,-,24.68,0.00%,0
SSCJN,-,-,-,-,-,-,-,-,-,-,-,-,-,25.24,0.00%,0
SSCKT,4.35M,-,-75.44%,-155.71%,-391.20%,0.84,0.39,0.59,3.30,49.10%,-26.10%,-107.49%,Jul 30/a,0.53,0.00%,0
SSCL,1.41B,2.56%,-0.11%,-0.22%,-0.18%,1.15,0.77,0.24,0.58,11.81%,3.32%,-0.11%,Jul 29/b,61.81,0.00%,0
SSCLX,36.30M,-,-265.83%,-,-,0.07,0.06,-,-,29.18%,-903.52%,-1418.45%,-,5.16,0.00%,0
SSCLZ,-,7.94%,-,-,-,-,-,-,-,-,-,-,-,57.46,0.00%,0
SSCM,225.00M,15.09%,2.95%,8.02%,3.08%,9.34,9.34,1.63,1.63,76.12%,67.23%,30.08%,Aug 10/a,7.90,-0.63%,12
SSCMB,-,3.68%,-,-,-,-,-,-,-,-,-,-,-,24.53,0.00%,0
SSCMC,-,3.48%,-,-,-,-,-,-,-,-,-,-,-,24.71,0.00%,0
SSCMY,-,-,-,-,-,-,-,-,-,-,-,-,-,25.30,0.00%,0
SSCNI,1.14M,-,-18.38%,-27.22%,-17.84%,1.56,1.56,0.27,0.31,-,-435.17%,-178.14%,Aug 24/b,1.61,-4.73%,"37,451"
SSCNM,-,2.46%,-,-,-,-,-,-,-,-,-,-,-,24.13,0.00%,0
SSCNX,12.75M,-,-20.29%,-24.07%,-27.90%,3.04,2.97,0.15,0.17,82.75%,-2648.49%,-3145.84%,Aug 14/b,0.31,1.94%,213
SSCO,-,-,-,-,-,-,-,-,-,-,-,-,-,20.63,0.79%,"274,182"
SSCOP,-,-,-,-,-,-,-,-,-,-,-,-,-,12.08,0.00%,0
SSCOR,73.95M,-,-4.72%,-9.62%,-9.71%,0.76,0.76,0.01,0.05,37.36%,-1.60%,6.90%,Aug 12/a,4.87,0.00%,0
SSCOW,-,0.55%,-,-,-,-,-,-,-,-,-,-,-,22.38,0.00%,0
SSCPQ,137.38M,-,-,-,0.76%,4.27,4.27,0.00,0.00,-,-,-,-,10.04,0.00%,0
SSCSB,-,2.55%,-,-,-,-,-,-,-,-,-,-,-,24.68,0.00%,0
SSCSC,1.15B,-,4.20%,8.68%,7.78%,1.76,1.15,0.11,0.12,12.85%,3.18%,2.44%,Aug 20/b,57.29,0.00%,0
SSCSE,-,-,-,-,-,-,-,-,-,-,-,-,-,24.96,0.00%,0
SSCTX,547.12M,-,-,-,-,0.57,0.57,-,-,-,-,-,Sep 02/a,28.90,3.03%,95
SSCUB,-,2.14%,-,-,-,-,-,-,-,-,-,-,-,24.96,0.00%,0
SSCUS,-,3.89%,-,-,-,-,-,-,-,-,-,-,-,25.08,0.00%,0
SSCWO,50.67M,-,-162.48%,-232.63%,-253.85%,1.67,1.22,1.29,1.37,-432.90%,-922.63%,-911.01%,Aug 14/a,2.86,0.00%,0
SSCYB,-,6.97%,-,-,-,-,-,-,-,-,-,-,-,25.71,0.00%,0
SSCYX,43.78M,-,-15.09%,-18.38%,-14.97%,9.56,9.56,0.02,0.03,-,-117.61%,-53.27%,Aug 10/a,4.40,0.00%,0
SSCZ,-,3.10%,-,-,-,-,-,-,-,-,-,-,-,85.91,0.00%,0
SSCZM,835.98M,-,9.83%,22.48%,19.82%,1.51,1.08,0.00,0.21,35.72%,29.97%,9.97%,Aug 15/a,8.99,-0.44%,"1,615"
SSD,518.31M,4.39%,13.06%,16.22%,15.29%,2.62,2.62,0.00,0.00,48.65%,41.73%,43.86%,Aug 05/a,13.98,0.00%,439
SSDA,47.03M,-,0.07%,0.55%,0.53%,1.28,1.28,0.08,2.58,50.12%,1.90%,0.04%,May 27/b,0.46,-4.97%,"4,935"
SSDCI,-,2.59%,-,-,-,-,-,-,-,-,-,-,-,31.30,0.00%,0
SSDCP,-,5.05%,-,-,-,-,-,-,-,-,-,-,-,25.19,0.00%,0
SSDD,-,5.76%,-,-,-,-,-,-,-,-,-,-,-,9.13,0.00%,0
SSDEM,-,4.91%,-,-,-,-,-,-,-,-,-,-,-,33.73,0.00%,0
SSDEV,48.57M,-,-215.92%,-587.58%,-6.34%,28.94,28.94,0.00,0.00,51.27%,-249.12%,-285.09%,-,0.96,-4.05%,"35,722"
SSDFI,-,4.55%,-,-,-,-,-,-,-,-,-,-,-,35.04,0.00%,0
SSDG,-,1.68%,-,-,-,-,-,-,-,-,-,-,-,89.99,0.00%,0
SSDGR,2.27B,-,-8.18%,-16.18%,-12.92%,2.71,2.71,0.28,0.33,56.87%,-59.24%,-20.98%,Aug 05/a,30.30,0.20%,"6,331"
SSDHC,502.69M,-,1.11%,8.10%,4.38%,5.73,0.24,0.86,0.86,19.47%,4.51%,0.64%,Aug 06/b,9.89,0.00%,0
SSDHI,367.02M,-,3.55%,3.77%,3.70%,9.45,9.45,0.00,0.00,-,-,-,-,10.56,0.00%,0
SSDHY,-,8.37%,-,-,-,-,-,-,-,-,-,-,-,15.49,0.00%,0
SSDIV,-,9.08%,-,-,-,-,-,-,-,-,-,-,-,24.63,1.11%,42
SSDMF,-,0.38%,-,-,-,-,-,-,-,-,-,-,-,26.62,0.00%,0
SSDOG,-,3.49%,-,-,-,-,-,-,-,-,-,-,-,70.31,0.00%,0
SSDOT,17.02M,-,-81.97%,-480.15%,-,0.01,0.01,-,-,-6157.91%,-15991.48%,-14485.89%,Aug 14/b,11.70,3.91%,417
SSDOW,-,5.31%,-,-,-,-,-,-,-,-,-,-,-,24.58,-0.24%,"104,524"
SSDP,-,3.45%,-,-,-,-,-,-,-,-,-,-,-,26.59,0.00%,0
SSDRL,2.90B,-,0.02%,0.03%,0.03%,2.28,2.28,0.26,0.26,16.38%,9.33%,0.07%,Aug 10/b,46.58,0.00%,0
SSDS,-,5.66%,-,-,-,-,-,-,-,-,-,-,-,53.51,0.02%,"4,961"
SSDSI,-,4.67%,-,-,-,-,-,-,-,-,-,-,-,50.71,0.00%,0
SSDST,1.74M,-,-170.42%,-,-,0.05,0.05,-,-,-,-,-,Aug 13/a,0.12,-5.20%,"462,432"
SSDTY,-,26.75%,-,-,-,-,-,-,-,-,-,-,-,41.25,0.00%,0
SSDUR,-,0.26%,-,-,-,-,-,-,-,-,-,-,-,24.91,0.00%,0
SSDVD,-,8.39%,-,-,-,-,-,-,-,-,-,-,-,22.24,0.00%,0
SSDVY,-,0.99%,-,-,-,-,-,-,-,-,-,-,-,41.80,0.00%,0
SSDY,-,2.50%,-,-,-,-,-,-,-,-,-,-,-,150.77,0.65%,13
SSE,58.12B,-,5.70%,14.50%,10.72%,1.49,1.48,0.18,0.32,44.34%,7.86%,5.91%,Aug 11/b,102.52,-0.13%,"14,195"
SSEA,-,4.67%,-,-,-,-,-,-,-,-,-,-,-,20.59,0.00%,0
SSEAT,49.46M,-,-34.02%,-557.00%,-107.06%,0.66,0.59,-,-,58.68%,-9.36%,-60.26%,Aug 04/b,4.40,14.29%,"1,962"
SSEB,3.99B,0.22%,7.67%,12.29%,9.45%,2.40,1.33,0.22,0.36,8.32%,3.63%,6.17%,May 05/a,4168.88,0.00%,0
SSECA,-,-,-,-,-,-,-,-,-,-,-,-,-,25.44,0.00%,0
SSECR,-,5.60%,-,-,-,-,-,-,-,-,-,-,-,24.70,0.00%,0
SSECT,-,0.72%,-,-,-,-,-,-,-,-,-,-,-,72.50,0.00%,0
SSECU,-,3.43%,-,-,-,-,-,-,-,-,-,-,-,48.88,0.00%,0
SSECZ,2.24B,-,-10.37%,-20.77%,-64.61%,1.51,0.07,-,-,-0.65%,-88.63%,-142.99%,Aug 12/a,13.71,1.56%,"63,167"
SSEDG,2.17B,-,-11.28%,-58.42%,-33.54%,2.03,1.38,0.96,0.99,22.08%,-9.97%,-20.29%,Aug 05/b,35.25,-1.02%,"2,392"
SSEED,11.17M,-,-46.09%,-,-,0.39,0.16,-,-,5.68%,-60.94%,-61.16%,May 21/a,0.92,0.00%,0
SSEEM,-,2.56%,-,-,-,-,-,-,-,-,-,-,-,39.98,0.00%,0
SSEER,102.99M,-,-23.47%,-26.45%,-27.70%,14.74,14.06,0.09,0.10,47.22%,-503.63%,-482.39%,Aug 11/a,1.86,0.00%,0
SSEF,-,3.36%,-,-,-,-,-,-,-,-,-,-,-,30.30,0.00%,0
SSEG,309.99M,-,-19.78%,-27.04%,-25.13%,3.62,3.62,0.23,0.23,-29.49%,-86.09%,-102.53%,Aug 05/a,24.20,0.00%,0
SSEGG,10.07M,-,-37.20%,-92.32%,-86.77%,0.40,0.40,0.00,0.27,-1237.33%,-3192.98%,-3609.48%,-,3.09,0.00%,0
SSEI,5.55B,0.69%,1.85%,8.09%,1.55%,4.12,4.03,2.77,2.79,35.47%,24.26%,6.91%,Aug 05/a,69.17,0.12%,"4,799"
SSEIC,12.65B,1.02%,23.76%,29.22%,27.68%,5.06,5.06,0.02,0.03,85.33%,29.48%,28.81%,Jul 22/a,105.38,0.00%,0
SSEIE,-,2.21%,-,-,-,-,-,-,-,-,-,-,-,36.55,0.00%,0
SSEIM,-,0.54%,-,-,-,-,-,-,-,-,-,-,-,54.18,0.00%,0
SSEIQ,-,0.89%,-,-,-,-,-,-,-,-,-,-,-,41.57,0.00%,0
SSEIS,-,0.34%,-,-,-,-,-,-,-,-,-,-,-,31.60,0.00%,0
SSEIV,-,1.40%,-,-,-,-,-,-,-,-,-,-,-,50.53,0.00%,0
SSEIX,-,6.99%,-,-,-,-,-,-,-,-,-,-,-,23.26,0.00%,0
SSELF,57.22M,5.75%,3.24%,4.45%,3.38%,23.99,23.99,0.33,0.33,47.32%,20.80%,16.30%,Aug 07/a,5.01,0.00%,0
SSELV,-,1.66%,-,-,-,-,-,-,-,-,-,-,-,34.59,0.00%,0
SSEMG,-,0.05%,-,-,-,-,-,-,-,-,-,-,-,27.85,0.00%,0
SSEMI,-,-,-,-,-,-,-,-,-,-,-,-,-,39.62,0.00%,0
SSEMY,-,136.77%,-,-,-,-,-,-,-,-,-,-,-,12.80,1.59%,3
SSENEA,1.23B,-,9.84%,16.80%,12.04%,3.77,0.88,0.28,0.31,13.42%,8.57%,6.74%,Aug 06/a,180.86,0.00%,0
SSENS,525.17M,-,-66.88%,-118.24%,-71.89%,6.74,6.40,0.68,0.70,54.87%,-223.22%,-225.34%,Aug 06/a,9.93,1.56%,36
SSEPC,-,-,-,-,-,-,-,-,-,-,-,-,-,25.49,0.00%,0
SSEPI,-,7.13%,-,-,-,-,-,-,-,-,-,-,-,29.35,0.00%,0
SSEPM,-,-,-,-,-,-,-,-,-,-,-,-,-,33.42,0.00%,0
SSEPN,1.80B,-,-4.94%,-6.34%,-5.96%,4.99,4.99,0.05,0.06,98.33%,-56.68%,-24.51%,Aug 10/a,38.54,0.00%,0
SSEPP,-,-,-,-,-,-,-,-,-,-,-,-,-,33.40,0.00%,0
SSEPQ,-,11.01%,-,-,-,-,-,-,-,-,-,-,-,28.15,0.00%,0
SSEPT,-,-,-,-,-,-,-,-,-,-,-,-,-,38.67,0.00%,0
SSEPU,-,-,-,-,-,-,-,-,-,-,-,-,-,31.99,0.00%,0
SSEPW,-,-,-,-,-,-,-,-,-,-,-,-,-,34.05,0.00%,0
SSEPZ,-,1.99%,-,-,-,-,-,-,-,-,-,-,-,46.68,0.00%,0
SSER,58.68M,-,-121.85%,-206.26%,-96.52%,6.65,6.65,0.17,0.17,-,-,-,Aug 13/a,2.31,0.00%,0
SSERA,83.63M,-,-33.47%,-45.03%,-53.27%,1.98,1.98,0.05,0.05,-1228.57%,-53282.86%,-47475.71%,Aug 12/a,2.12,0.00%,0
SSERV,385.33M,-,-60.86%,-64.55%,-50.24%,12.83,12.83,0.02,0.03,-370.09%,-2447.95%,-2315.80%,Aug 06/a,4.44,0.09%,"5,417"
SSES,213.52M,-,-25.81%,-31.15%,-35.37%,6.52,6.22,0.03,0.04,-17.50%,-312.83%,-289.64%,Aug 11/a,0.58,0.89%,"17,068"
SSETH,-,33.83%,-,-,-,-,-,-,-,-,-,-,-,29.30,0.00%,0
SSETM,-,1.44%,-,-,-,-,-,-,-,-,-,-,-,31.49,0.00%,0
SSEUS,-,-,-,-,-,-,-,-,-,-,-,-,-,26.07,0.00%,0
SSEV,83.12M,-,-125.38%,-163.62%,-164.94%,1.68,1.68,0.04,0.09,-,-,-,Aug 12/a,2.05,-1.91%,10
SSEVN,166.07M,15.28%,1.56%,3.93%,2.13%,0.29,0.29,0.69,1.47,82.12%,68.00%,19.32%,Jul 28/a,7.33,0.00%,0
SSEZL,4.03B,-,40.00%,88.84%,45.50%,4.02,4.02,0.52,0.52,74.65%,40.39%,30.35%,Aug 06/a,119.68,2.69%,99
SSF,11.43B,1.80%,2.25%,16.43%,12.04%,1.49,1.49,0.32,0.51,87.47%,21.25%,13.70%,Jul 22/b,75.72,0.00%,0
SSFBC,124.11M,1.70%,0.76%,7.35%,6.54%,0.16,-,0.09,0.10,-,15.60%,12.82%,-,48.33,0.00%,0
SSFBS,4.58B,1.81%,1.80%,17.34%,15.74%,0.10,-,0.03,0.83,-,38.08%,30.95%,Jul 20/a,41.92,0.00%,0
SSFD,7.82B,6.29%,9.12%,15.90%,12.13%,2.56,1.34,0.25,0.34,13.44%,8.56%,6.85%,Aug 11/b,19.86,0.00%,0
SSFEB,-,-,-,-,-,-,-,-,-,-,-,-,-,26.11,0.00%,0
SSFGV,-,2.32%,-,-,-,-,-,-,-,-,-,-,-,36.02,0.00%,0
SSFHG,9.42M,-,-11.75%,-31.86%,-23.79%,1.14,1.00,0.61,1.16,20.64%,-12.72%,-11.67%,-,2.32,0.00%,0
SSFIX,380.26M,-,-3.86%,-9.51%,-7.51%,1.50,0.97,0.26,0.37,41.86%,-2.13%,-1.43%,Sep 23/a,2.85,0.00%,0
SSFL,2.03B,6.52%,1.71%,6.25%,2.24%,0.38,0.38,1.75,2.30,30.90%,27.75%,8.76%,Aug 26/b,13.49,0.00%,0
SSFLO,-,0.73%,-,-,-,-,-,-,-,-,-,-,-,38.46,0.00%,0
SSFLR,-,0.27%,-,-,-,-,-,-,-,-,-,-,-,39.42,0.00%,0
SSFM,6.44B,-,12.39%,35.20%,14.68%,0.99,0.43,1.28,1.40,36.89%,7.49%,5.58%,Jul 29/a,69.10,0.64%,"1,032"
SSFNC,3.39B,3.67%,-1.36%,-9.94%,-9.09%,0.13,-,0.10,0.38,-,-74.60%,-56.67%,Jul 16/a,23.44,3.49%,8
SSFST,578.43M,-,0.88%,9.93%,5.41%,0.10,-,0.62,0.62,-,21.63%,16.78%,Jul 21/b,61.07,-0.26%,"4,000"
SSFTX,-,0.20%,-,-,-,-,-,-,-,-,-,-,-,31.48,0.00%,0
SSFTY,-,0.17%,-,-,-,-,-,-,-,-,-,-,-,32.06,0.00%,0
SSFWL,46.64M,-,3.85%,9.37%,6.74%,1.32,1.27,0.30,0.70,8.99%,2.92%,2.01%,-,8.48,0.00%,0
SSFY,-,0.80%,-,-,-,-,-,-,-,-,-,-,-,155.14,0.00%,0
SSFYF,-,0.34%,-,-,-,-,-,-,-,-,-,-,-,65.83,0.00%,0
SSFYI,-,3.97%,-,-,-,-,-,-,-,-,-,-,-,25.19,0.00%,0
SSG,884.48M,-,1.58%,3.07%,1.75%,1.43,1.41,0.67,0.76,0.92%,-17.91%,2.01%,Aug 06/a,7.43,-0.67%,369
SSGA,57.22M,8.33%,-4.07%,-5.43%,-5.55%,2.24,2.24,0.03,0.07,5.73%,-16.75%,-8.15%,Aug 13/b,9.00,0.00%,0
SSGC,196.76M,4.54%,1.99%,4.29%,3.01%,2.60,1.76,0.42,0.48,37.57%,2.91%,1.44%,Aug 04/b,12.34,0.00%,0
SSGDJ,-,7.36%,-,-,-,-,-,-,-,-,-,-,-,95.74,0.00%,0
SSGDM,-,0.91%,-,-,-,-,-,-,-,-,-,-,-,79.49,0.00%,0
SSGHC,6.20B,1.64%,29.79%,49.43%,40.79%,1.83,1.83,0.09,0.13,28.79%,21.27%,15.22%,Aug 04/a,12.20,-2.56%,"1,804"
SSGHT,467.70M,-,-26.24%,-48.42%,-35.28%,4.95,4.67,0.59,0.79,87.96%,-33.43%,-35.69%,Aug 05/a,8.49,0.00%,0
SSGI,14.59B,1.07%,4.64%,17.57%,5.85%,0.75,0.37,1.82,1.99,44.65%,13.52%,7.00%,Aug 06/b,63.36,0.00%,0
SSGLC,-,0.19%,-,-,-,-,-,-,-,-,-,-,-,46.08,0.00%,0
SSGLD,69.12M,-,10.60%,19.09%,11.01%,1.58,1.58,0.00,0.00,-,-,-,-,3.97,0.76%,"2,232"
SSGLY,5.68M,-,-32.65%,-57.83%,-68.59%,1.63,1.63,0.05,0.84,3.65%,-97.58%,-493.51%,-,1.05,-2.78%,"4,631"
SSGML,1.18B,-,-6.77%,-31.65%,-14.92%,0.34,0.24,1.25,3.26,42.70%,24.04%,-19.35%,Aug 14/b,10.47,1.95%,"7,679"
SSGMT,665.18M,-,-23.49%,-24.37%,-18.25%,44.94,44.94,0.01,0.01,-,-,-,Aug 11/b,10.80,0.00%,0
SSGOL,-,-,-,-,-,-,-,-,-,-,-,-,-,40.89,-1.11%,"1,876"
SSGOV,-,3.69%,-,-,-,-,-,-,-,-,-,-,-,100.61,0.01%,"133,564"
SSGP,935.21M,-,-,-,-,25.06,25.06,0.01,0.01,-,-,-,Aug 06/a,27.96,0.00%,0
SSGRT,-,0.12%,-,-,-,-,-,-,-,-,-,-,-,33.85,0.00%,0
SSGRW,-,-,-,-,-,-,-,-,-,-,-,-,-,25.19,0.00%,0
SSGRX,1.46M,-,-193.76%,-348.73%,-117.02%,6.98,6.98,1.08,1.08,-,-,-,-,1.78,-0.54%,802
SSGRY,1.80B,-,-1.11%,-5.18%,-1.59%,1.95,1.78,2.34,2.43,17.25%,13.64%,-2.63%,Aug 10/b,13.75,0.66%,4
SSGU,419.33M,5.99%,6.82%,18.22%,10.79%,0.86,0.69,0.58,0.68,29.96%,5.95%,3.52%,Aug 05/a,12.78,0.00%,0
SSGVA,-,-,-,-,-,-,-,-,-,-,-,-,-,100.93,0.00%,0
SSGVT,-,3.31%,-,-,-,-,-,-,-,-,-,-,-,100.68,0.00%,0
SSH,-,4.32%,-,-,-,-,-,-,-,-,-,-,-,32.18,0.00%,"48,226"
SSHAG,-,4.27%,-,-,-,-,-,-,-,-,-,-,-,46.70,0.00%,0
SSHAK,2.44B,-,2.13%,7.65%,2.79%,1.67,1.64,1.61,1.75,17.85%,5.45%,2.56%,Aug 05/b,56.92,-0.07%,492
SSHAZ,2.11B,-,-6708.01%,-,-0.11%,10.55,10.55,0.89,0.90,-,-,-,Aug 06/b,58.98,-1.59%,"5,716"
SSHBI,771.15M,2.34%,1.09%,11.21%,9.26%,0.08,-,0.16,0.16,-,24.67%,19.15%,Jul 23/a,23.11,-0.35%,1
SSHC,5.34B,0.05%,5.01%,27.78%,5.62%,2.80,2.53,3.37,3.41,53.97%,36.90%,13.44%,Aug 06/b,18.70,0.00%,0
SSHDG,-,0.47%,-,-,-,-,-,-,-,-,-,-,-,33.87,0.00%,0
SSHE,-,1.10%,-,-,-,-,-,-,-,-,-,-,-,159.77,0.00%,0
SSHEH,-,1.79%,-,-,-,-,-,-,-,-,-,-,-,68.22,0.00%,0
SSHEL,265.55B,3.37%,6.75%,14.34%,10.57%,1.43,1.12,0.36,0.40,18.12%,13.68%,8.76%,Jul 30/b,92.84,-0.46%,"17,837"
SSHEN,678.21M,0.90%,-2.37%,-5.09%,-2.83%,0.81,0.81,0.84,0.85,28.71%,-4.49%,-12.23%,Jul 29/b,12.25,0.99%,10
SSHFS,1.99M,-,-36.76%,-229.75%,-56.57%,1.76,1.76,0.07,0.10,95.03%,-66.95%,-64.13%,Apr 01/b,0.16,0.00%,0
SSHG,38.20B,2.53%,0.65%,9.51%,4.22%,0.22,-,1.34,2.79,-,18.28%,12.19%,Jul 23/b,82.29,0.00%,0
SSHIM,137.65M,-,-7.78%,-,-54.98%,1.00,1.00,-,-,9.44%,-2.44%,-3.81%,Aug 10/a,3.33,0.00%,0
SSHIP,403.03M,7.31%,9.65%,20.97%,10.66%,0.89,0.87,0.79,0.94,50.70%,37.03%,30.69%,Jul 30/b,18.60,0.27%,82
SSHLD,-,0.53%,-,-,-,-,-,-,-,-,-,-,-,63.00,-0.28%,195
SSHLS,1.33B,-,3.51%,5.34%,3.74%,2.25,1.12,0.38,0.38,30.16%,10.63%,5.41%,Aug 04/b,7.90,0.79%,139
SSHM,-,2.72%,-,-,-,-,-,-,-,-,-,-,-,47.15,0.00%,0
SSHMD,236.64M,-,-91.40%,-,-367.95%,0.86,0.61,-,-,30.54%,-0.42%,-112.74%,Aug 25/b,3.55,0.68%,158
SSHNY,-,-,-,-,-,-,-,-,-,-,-,-,-,9.06,-1.63%,"32,801"
SSHO,2.06B,3.25%,1.75%,2.74%,1.85%,6.54,6.54,0.52,0.52,19.63%,9.72%,4.18%,Aug 06/b,11.09,0.00%,0
SSHOC,-,0.13%,-,-,-,-,-,-,-,-,-,-,-,109.85,0.00%,0
SSHOE,354.48M,5.21%,2.09%,3.61%,2.48%,4.04,1.12,0.45,0.52,34.47%,2.85%,2.20%,Sep 10/b,13.04,0.00%,0
SSHOO,3.13B,1.32%,7.68%,16.16%,11.39%,1.91,1.13,0.34,0.40,44.75%,9.03%,5.23%,Jul 30/b,42.83,0.00%,0
SSHOP,179.47B,-,13.28%,15.54%,15.00%,5.35,5.35,0.01,0.01,47.61%,17.82%,14.53%,Aug 05/b,139.49,1.14%,"63,423"
SSHOT,286.55M,-,-,-,-,10.36,10.36,0.00,0.00,-,-,-,-,9.85,0.00%,0
SSHPH,2.21M,-,-126.42%,-326.36%,-310.93%,0.30,0.30,0.04,0.06,-,-,-,-,3.47,0.00%,0
SSHPP,-,2.91%,-,-,-,-,-,-,-,-,-,-,-,33.62,0.00%,0
SSHPU,-,2.54%,-,-,-,-,-,-,-,-,-,-,-,15.00,2.88%,"4,986"
SSHRD,-,0.78%,-,-,-,-,-,-,-,-,-,-,-,24.38,0.00%,0
SSHRT,-,0.08%,-,-,-,-,-,-,-,-,-,-,-,6.66,0.00%,0
SSHRY,-,1.61%,-,-,-,-,-,-,-,-,-,-,-,46.09,0.00%,0
SSHV,-,3.70%,-,-,-,-,-,-,-,-,-,-,-,110.23,0.01%,"1,167"
SSHW,78.00B,0.92%,10.28%,65.12%,18.41%,0.73,0.46,2.79,3.90,48.26%,16.53%,11.01%,Jul 28/b,321.31,0.00%,0
SSHY,-,3.64%,-,-,-,-,-,-,-,-,-,-,-,81.28,-0.01%,"1,078"
SSHYD,-,3.69%,-,-,-,-,-,-,-,-,-,-,-,22.29,0.00%,0
SSHYG,-,7.06%,-,-,-,-,-,-,-,-,-,-,-,41.83,0.00%,0
SSHYL,-,6.90%,-,-,-,-,-,-,-,-,-,-,-,43.70,0.00%,0
SSHYM,-,4.41%,-,-,-,-,-,-,-,-,-,-,-,21.68,0.00%,0
SSI,364.75M,-,-30.49%,-40.54%,-25.18%,10.71,8.92,0.12,0.12,70.53%,-58.53%,-58.33%,Aug 06/a,17.52,0.00%,0
SSIBN,826.90M,-,-6.10%,-8.30%,-6.51%,9.15,7.55,0.23,0.23,79.53%,-8.31%,-6.85%,Aug 03/a,18.45,0.00%,0
SSID,1.56B,-,-2.63%,-20.40%,-4.46%,1.15,0.79,3.77,4.47,27.22%,9.89%,-5.86%,Aug 12/a,1.18,0.85%,133
SSIDU,210.55M,-,-24.44%,-27.00%,-14.47%,33.29,33.29,0.00,0.01,-169.98%,-982.74%,-970.26%,Aug 14/a,2.08,0.48%,"31,975"
SSIEB,90.83M,-,-0.15%,-1.26%,-1.20%,0.36,0.36,0.06,0.13,94.84%,0.51%,-1.07%,-,2.21,0.00%,0
SSIF,138.84M,-,4.97%,10.11%,7.49%,1.75,1.35,0.28,0.47,16.57%,5.18%,4.00%,-,22.20,0.00%,0
SSIFI,-,6.47%,-,-,-,-,-,-,-,-,-,-,-,42.76,0.00%,0
SSIFY,1.02B,-,-1.59%,-8.53%,-1.86%,0.73,0.65,2.32,3.40,24.20%,6.96%,-1.97%,Jul 15/b,14.08,0.00%,0
SSIG,3.78B,1.40%,6.47%,19.85%,12.74%,1.62,0.44,0.51,0.67,38.90%,7.44%,5.19%,Sep 09/b,98.63,0.00%,0
SSIGA,233.52M,-,-1.36%,-1.49%,-1.69%,21.72,16.48,0.00,0.00,54.35%,-20.76%,-5.19%,Aug 06/a,3.25,2.85%,64
SSIGI,5.23B,2.03%,3.59%,14.15%,10.90%,0.39,-,0.25,0.25,-,12.71%,8.90%,Jul 23/a,87.78,0.00%,0
SSIHY,-,7.03%,-,-,-,-,-,-,-,-,-,-,-,45.03,0.00%,0
SSII,3.29B,1.28%,22.06%,28.57%,26.87%,3.43,3.43,0.00,0.00,92.49%,35.59%,26.00%,Aug 05/b,128.00,0.00%,0
SSIJ,-,4.29%,-,-,-,-,-,-,-,-,-,-,-,18.41,0.00%,0
SSIL,-,1.10%,-,-,-,-,-,-,-,-,-,-,-,92.75,-1.08%,"8,121"
SSILC,284.51M,-,-6.30%,-8.28%,-8.21%,3.06,1.31,0.04,0.06,30.16%,-14.17%,-12.98%,Jul 29/b,49.50,1.58%,62
SSILJ,-,1.89%,-,-,-,-,-,-,-,-,-,-,-,29.26,-1.78%,"6,843"
SSILO,2.71M,-,-70.96%,-91.23%,-91.52%,5.36,5.36,0.00,0.00,-1329.43%,-8250.46%,-8269.53%,-,1.71,-2.01%,134
SSIM,4.31B,-,5.00%,5.98%,5.69%,5.78,4.51,0.00,0.00,25.73%,16.45%,11.28%,Jul 21/a,26.00,0.00%,0
SSIMA,89.55M,-,5.40%,5.68%,125.58%,0.30,0.30,0.00,0.14,-,-,-,-,10.90,0.00%,0
SSIMO,8.95B,0.74%,21.92%,31.51%,27.63%,2.52,1.13,0.00,0.06,48.87%,16.32%,22.08%,Jul 29/a,264.00,-1.86%,"3,728"
SSIMS,-,0.58%,-,-,-,-,-,-,-,-,-,-,-,43.20,0.00%,0
SSIMX,-,-,-,-,-,-,-,-,-,-,-,-,-,13.29,0.00%,0
SSIND,2.25B,-,-,-,-,16.35,16.35,0.00,0.01,-,-,-,Aug 14/b,14.18,0.00%,0
SSINT,11.73M,-,-114.97%,-255.86%,-151.36%,2.36,1.60,0.54,0.65,28.87%,-884.81%,-1423.01%,Aug 11/a,1.76,0.00%,0
SSIO,-,5.19%,-,-,-,-,-,-,-,-,-,-,-,25.07,0.00%,0
SSION,280.95M,-,-30.66%,-32.34%,-35.74%,20.05,20.05,0.03,0.03,-,-,-,Aug 06/b,6.21,3.57%,592
SSIOO,-,11.14%,-,-,-,-,-,-,-,-,-,-,-,19.92,0.00%,0
SSIRI,9.25B,3.94%,3.23%,7.57%,4.12%,0.46,0.46,0.79,0.79,40.40%,22.53%,10.23%,Jul 30/b,27.44,0.00%,1
SSITC,160.05M,-,19.08%,32.87%,44.23%,5.39,5.39,0.01,0.01,22.55%,-32.22%,178.00%,Aug 03/a,3.05,0.99%,6
SSITE,3.99B,-,4.75%,9.81%,6.09%,2.30,1.01,0.59,0.67,32.10%,4.86%,3.41%,Jul 29/b,91.32,0.00%,0
SSITM,19.01B,-,0.75%,1.33%,0.60%,19.45,18.50,1.29,1.29,58.71%,0.19%,3.01%,Aug 05/a,632.03,-0.98%,975
SSITX,-,-,-,-,-,-,-,-,-,-,-,-,-,19.62,0.00%,0
SSIVR,-,-,-,-,-,-,-,-,-,-,-,-,-,62.28,-0.73%,"30,299"
SSIXA,-,1.91%,-,-,-,-,-,-,-,-,-,-,-,57.78,0.00%,0
SSIXD,-,-,-,-,-,-,-,-,-,-,-,-,-,31.65,0.00%,0
SSIXF,-,-,-,-,-,-,-,-,-,-,-,-,-,35.34,0.00%,0
SSIXH,-,1.75%,-,-,-,-,-,-,-,-,-,-,-,44.29,0.00%,0
SSIXJ,-,-,-,-,-,-,-,-,-,-,-,-,-,37.54,0.00%,0
SSIXL,-,2.23%,-,-,-,-,-,-,-,-,-,-,-,38.38,0.00%,0
SSIXO,-,-,-,-,-,-,-,-,-,-,-,-,-,36.58,0.00%,0
SSIXP,-,-,-,-,-,-,-,-,-,-,-,-,-,34.69,0.00%,0
SSIXS,-,1.86%,-,-,-,-,-,-,-,-,-,-,-,56.03,0.00%,0
SSIXZ,-,-,-,-,-,-,-,-,-,-,-,-,-,32.49,0.00%,0
SSIZE,-,1.39%,-,-,-,-,-,-,-,-,-,-,-,177.90,0.00%,0
SSJ,31.00M,-,-54.34%,-63.90%,-88.84%,3.45,3.45,0.02,0.02,17.91%,-6.58%,-46.35%,Apr 23/a,0.73,0.00%,0
SSJB,-,3.56%,-,-,-,-,-,-,-,-,-,-,-,15.30,0.00%,0
SSJCP,-,3.88%,-,-,-,-,-,-,-,-,-,-,-,24.80,0.00%,0
SSJLD,-,5.16%,-,-,-,-,-,-,-,-,-,-,-,24.85,0.00%,0
SSJM,12.81B,3.74%,1.35%,3.93%,1.86%,0.87,0.35,1.14,1.21,35.28%,18.69%,2.51%,Aug 26/b,119.88,0.00%,0
SSJNK,-,7.01%,-,-,-,-,-,-,-,-,-,-,-,24.64,0.00%,0
SSJT,138.89M,-,-28.99%,-36.80%,-29.19%,-,-,0.54,0.54,-,-74517.45%,-74517.45%,-,2.98,0.00%,0
SSK,-,-,-,-,-,-,-,-,-,-,-,-,-,28.60,-3.83%,"14,103"
SSKAIU,-,-,-,-,-,-,-,-,-,-,-,-,-,-,-,0
SSKDD,-,-,-,-,-,-,-,-,-,-,-,-,-,7.06,2.77%,"1,072,738"
SSKE,3.99B,-,-21.36%,-177.19%,-21.50%,3.15,3.15,5.95,6.57,-,-,-,-,31.80,0.00%,0
SSKF,-,4.47%,-,-,-,-,-,-,-,-,-,-,-,24.05,0.00%,0
SSKHA,-,-,-,-,-,-,-,-,-,-,-,-,-,37.53,-2.93%,"4,614"
SSKHL,-,0.35%,-,-,-,-,-,-,-,-,-,-,-,11.23,-2.77%,"58,891"
SSKHN,-,-,-,-,-,-,-,-,-,-,-,-,-,10.16,0.00%,0
SSKHQ,-,-,-,-,-,-,-,-,-,-,-,-,-,10.04,0.30%,"8,501"
SSKHU,-,-,-,-,-,-,-,-,-,-,-,-,-,22.67,-3.37%,"26,905"
SSKHX,-,-,-,-,-,-,-,-,-,-,-,-,-,17.39,-2.36%,"106,838"
SSKHY,1355.84B,0.26%,68.32%,93.70%,61.27%,2.59,2.29,0.06,0.08,75.63%,67.76%,84.95%,Jul 29/b,186.02,-1.50%,"617,942"
SSKHZ,-,-,-,-,-,-,-,-,-,-,-,-,-,9.55,1.27%,"100,378"
SSKIL,59.16M,-,-12.87%,-439.57%,-28.72%,0.87,0.87,-,-,52.27%,-2.89%,-30.08%,Sep 09/a,6.50,9.43%,270
SSKIN,87.85M,-,-5.72%,-43.88%,-9.01%,1.76,1.48,4.68,6.61,66.37%,-1.47%,-9.80%,Aug 06/a,0.68,0.00%,0
SSKK,11.76M,-,-10.17%,-40.17%,-17.29%,0.74,0.74,1.27,1.64,-0.11%,-28.23%,-22.31%,-,4.09,0.00%,0
SSKM,13.51B,3.90%,2.27%,5.31%,3.12%,1.25,1.22,0.60,0.70,19.11%,7.33%,4.11%,Aug 04/a,35.53,-0.48%,561
SSKOR,-,4.78%,-,-,-,-,-,-,-,-,-,-,-,47.35,0.00%,0
SSKRE,-,0.35%,-,-,-,-,-,-,-,-,-,-,-,6.64,0.00%,0
SSKT,4.10B,3.46%,4.75%,19.26%,5.54%,0.62,0.62,2.38,2.90,43.48%,30.20%,20.59%,Aug 04/a,35.66,0.00%,0
SSKUU,-,-,-,-,-,-,-,-,-,-,-,-,-,29.15,-2.54%,"268,520"
SSKWD,2.50B,-,4.63%,17.34%,11.02%,0.80,-,0.34,0.34,-,15.19%,10.83%,Aug 04/a,56.29,0.00%,0
SSKY,4.69B,-,8.91%,12.18%,12.06%,2.74,1.97,0.01,0.08,25.47%,8.93%,7.16%,Aug 04/a,86.49,0.00%,0
SSKYA,78.27M,-,-434.20%,-448.39%,-251.79%,5.35,5.29,0.00,0.00,-4.85%,-939.25%,-3187.56%,Apr 06/b,1.81,1.12%,845
SSKYE,7.88M,-,-159.80%,-233.87%,-,0.95,0.95,-,-,-,-,-,Aug 14/b,1.78,0.00%,0
SSKYH,819.56M,-,0.13%,0.76%,0.13%,4.76,4.76,4.79,4.81,-8.44%,-80.78%,2.73%,Aug 12/a,10.04,0.00%,0
SSKYQ,23.46M,-,-50.98%,-132.79%,-91.18%,0.74,0.64,0.22,1.03,-210.77%,-557.78%,-805.90%,-,2.66,-0.54%,"10,239"
SSKYU,-,0.55%,-,-,-,-,-,-,-,-,-,-,-,54.64,0.00%,0
SSKYW,3.89B,-,5.62%,15.34%,9.17%,0.57,0.46,0.62,0.86,22.12%,14.03%,9.78%,Jul 23/a,100.20,0.00%,0
SSKYX,174.70M,-,-47.69%,-271.40%,-65.76%,1.46,1.28,1.69,1.91,25.23%,-30.26%,-35.46%,Aug 12/a,1.29,2.38%,678
SSKYY,-,-,-,-,-,-,-,-,-,-,-,-,-,168.19,-0.01%,15
SSLAB,7.37B,-,-3.16%,-3.63%,-3.57%,5.41,4.41,0.00,0.00,59.10%,-2.63%,-4.57%,Aug 11/a,220.87,0.00%,0
SSLB,76.76B,2.27%,5.95%,13.37%,8.33%,1.44,1.05,0.43,0.49,16.81%,13.98%,8.54%,Jul 24/b,51.72,-0.08%,494
SSLBT,964.51M,-,-,-,-,-,-,-,-,-,-,-,-,1.72,0.00%,8
SSLDB,915.70M,-,-56.83%,-65.50%,-52.83%,13.82,13.82,0.05,0.05,-,-,-,Aug 06/a,8.54,0.00%,0
SSLDE,2.86B,0.57%,20.86%,53.88%,45.21%,1.56,-,0.03,0.03,-,53.05%,40.02%,Jul 28/a,24.50,1.16%,5
SSLDP,567.94M,-,-19.41%,-20.57%,-17.64%,14.61,14.61,0.01,0.02,-113.97%,-978.25%,-816.40%,Aug 04/a,2.49,0.36%,"79,901"
SSLDR,-,3.66%,-,-,-,-,-,-,-,-,-,-,-,49.42,0.00%,0
SSLE,12.86M,-,-170.08%,-526.79%,-179.36%,1.82,1.82,0.00,0.00,15.27%,-120.32%,-193.44%,Aug 14/b,5.20,0.78%,190
SSLF,45.35B,3.38%,0.85%,13.55%,9.95%,1.04,-,0.35,0.35,-,11.58%,7.47%,Aug 06/a,81.44,0.00%,1
SSLG,4.04B,4.69%,-1.46%,-4.43%,-1.78%,1.00,1.00,1.62,1.75,33.59%,11.15%,-18.25%,Jul 22/a,52.94,0.00%,0
SSLGB,13.32M,-,-,-,-13.18%,2.33,2.33,0.00,0.26,4.66%,-2.30%,-2.94%,-,0.31,4.63%,"18,022"
SSLGL,194.08M,-,-35.11%,-40.85%,-33.79%,10.37,10.37,0.01,0.02,-,-989.97%,-910.14%,Aug 20/b,59.28,0.00%,0
SSLGN,3.92B,2.27%,2.84%,11.75%,4.48%,1.27,0.80,1.54,2.03,17.07%,9.59%,4.05%,Jul 29/b,37.09,0.00%,0
SSLI,528.11M,-,-14.17%,-15.55%,-12.91%,17.87,17.87,0.00,0.00,-,-,-,Aug 10/b,2.14,0.47%,10
SSLJY,-,23.38%,-,-,-,-,-,-,-,-,-,-,-,30.34,0.00%,0
SSLM,4.71B,1.83%,2.53%,30.33%,8.84%,14.47,14.47,2.36,2.36,73.55%,42.43%,23.39%,Jul 23/a,25.07,0.00%,0
SSLMT,43.27M,-,-430.35%,-512.39%,-258.11%,3.50,3.50,0.02,0.02,22.80%,-6766.25%,-8418.06%,-,3.93,-1.50%,"2,866"
SSLN,795.52M,-,-44.03%,-90.18%,-155.41%,7.42,7.42,0.00,0.00,15.82%,-10478.17%,-9751.68%,Aug 10/b,12.80,4.49%,"3,241"
SSLND,33.53M,-,-41.05%,-2697.94%,-,1.27,1.27,-,-,-44.13%,-54.61%,-67.05%,Aug 12/a,0.62,0.00%,0
SSLNG,100.98M,-,-8.60%,-12.68%,-12.08%,1.59,1.57,0.11,0.14,7.90%,-10.75%,-14.06%,Aug 11/a,5.43,0.00%,0
SSLNH,313.31M,-,-39.77%,-112.33%,-46.46%,2.06,2.06,0.06,0.25,-6.72%,-126.87%,-219.50%,Aug 13/a,1.27,-0.78%,"10,152"
SSLNZ,-,7.40%,-,-,-,-,-,-,-,-,-,-,-,45.67,0.00%,0
SSLON,-,9.96%,-,-,-,-,-,-,-,-,-,-,-,40.57,-3.61%,"2,847"
SSLP,372.74M,-,5.64%,6.17%,5.81%,5.54,5.54,0.00,0.00,62.40%,14.63%,9.88%,Jul 09/a,18.43,0.00%,0
SSLQD,-,4.41%,-,-,-,-,-,-,-,-,-,-,-,49.70,0.00%,0
SSLQT,85.62M,-,4.14%,10.15%,6.09%,1.82,1.82,0.57,0.61,35.50%,4.70%,-0.72%,Aug 25/b,0.48,0.00%,0
SSLRC,656.29M,11.02%,2.89%,7.47%,3.95%,0.66,0.66,0.90,1.17,73.23%,67.37%,34.94%,Aug 04/a,12.03,0.00%,0
SSLS,2.28B,-,-36.54%,-39.63%,-23.55%,18.83,18.83,0.00,0.01,-,-,-,Aug 11/a,11.30,-0.60%,"3,445"
SSLSN,57.51M,-,-3.54%,-12.00%,-9.30%,0.97,0.47,0.54,1.73,26.88%,-0.07%,-3.40%,Aug 19/b,0.81,0.00%,0
SSLSR,1.24B,-,-34.04%,-,-,8.42,8.39,-,-,-,-,-,Aug 05/a,7.41,0.00%,0
SSLTY,-,92.78%,-,-,-,-,-,-,-,-,-,-,-,20.59,0.00%,0
SSLV,-,-,-,-,-,-,-,-,-,-,-,-,-,58.95,-1.14%,"487,205"
SSLVM,1.44B,4.98%,2.74%,7.94%,4.12%,1.47,0.80,0.93,1.08,15.20%,5.82%,2.31%,Aug 07/b,36.11,0.00%,0
SSLVO,-,67.18%,-,-,-,-,-,-,-,-,-,-,-,68.90,-3.65%,"1,621"
SSLVP,-,1.87%,-,-,-,-,-,-,-,-,-,-,-,37.50,-1.47%,17
SSLVR,-,3.41%,-,-,-,-,-,-,-,-,-,-,-,60.31,0.03%,123
SSLVX,-,14.89%,-,-,-,-,-,-,-,-,-,-,-,15.34,0.00%,0
SSLVY,-,1.09%,-,-,-,-,-,-,-,-,-,-,-,22.33,0.00%,0
SSLWS,-,3.93%,-,-,-,-,-,-,-,-,-,-,-,100.69,0.00%,0
SSLX,-,1.24%,-,-,-,-,-,-,-,-,-,-,-,106.08,0.00%,0
SSLXN,3.80M,-,-277.96%,-17021.95%,-5169.63%,0.94,0.94,5.75,35.25,-,-,-,Aug 14/b,0.66,21.28%,"3,577,477"
SSLYG,-,0.71%,-,-,-,-,-,-,-,-,-,-,-,109.44,0.00%,0
SSLYV,-,1.95%,-,-,-,-,-,-,-,-,-,-,-,104.95,0.27%,"3,465"
SSM,8.25B,2.80%,7.18%,16.13%,6.93%,0.62,0.62,0.85,0.90,42.41%,37.43%,18.20%,Aug 05/a,34.67,-0.23%,"2,600"
SSMA,1.94B,4.90%,1.19%,2.37%,1.29%,0.31,0.31,0.89,0.97,34.64%,22.45%,9.17%,Aug 05/a,32.66,0.00%,0
SSMAX,-,0.93%,-,-,-,-,-,-,-,-,-,-,-,28.36,0.00%,0
SSMAY,-,-,-,-,-,-,-,-,-,-,-,-,-,28.04,0.00%,0
SSMB,-,2.83%,-,-,-,-,-,-,-,-,-,-,-,17.06,0.00%,0
SSMBC,788.71M,1.51%,1.39%,12.60%,10.56%,0.04,-,0.15,0.29,-,27.52%,22.60%,Jul 22/a,71.61,-0.58%,1
SSMBK,881.26M,0.65%,0.99%,10.47%,8.37%,0.20,-,0.19,0.19,-,21.69%,17.21%,Jul 20/a,51.54,0.00%,0
SSMBS,-,5.30%,-,-,-,-,-,-,-,-,-,-,-,24.56,0.00%,0
SSMC,647.02M,-,0.32%,1.21%,0.42%,0.94,0.94,2.07,2.07,26.32%,15.95%,-2.29%,Aug 10/a,31.86,0.00%,0
SSMCC,-,-,-,-,-,-,-,-,-,-,-,-,-,42.35,0.00%,0
SSMCF,-,3.30%,-,-,-,-,-,-,-,-,-,-,-,38.77,0.00%,0
SSMCI,26.90B,-,10.00%,21.26%,10.20%,3.87,2.07,0.50,0.64,10.82%,7.09%,5.62%,Aug 11/a,40.94,-0.63%,"248,116"
SSMCL,-,-,-,-,-,-,-,-,-,-,-,-,-,18.91,-3.09%,"20,283"
SSMCO,-,0.96%,-,-,-,-,-,-,-,-,-,-,-,28.10,0.00%,0
SSMCP,-,-,-,-,-,-,-,-,-,-,-,-,-,27.17,0.00%,0
SSMCX,-,7.25%,-,-,-,-,-,-,-,-,-,-,-,13.79,-1.08%,"161,846"
SSMCY,-,118.67%,-,-,-,-,-,-,-,-,-,-,-,5.47,-0.55%,"5,440"
SSMCZ,-,50.58%,-,-,-,-,-,-,-,-,-,-,-,4.67,1.29%,"38,255"
SSMDD,-,5.21%,-,-,-,-,-,-,-,-,-,-,-,8.79,0.00%,0
SSMDV,-,2.39%,-,-,-,-,-,-,-,-,-,-,-,73.91,0.00%,0
SSMDX,-,0.53%,-,-,-,-,-,-,-,-,-,-,-,25.86,0.00%,0
SSMFG,167.66B,2.65%,0.54%,11.16%,4.21%,2.27,-,1.67,3.67,-,22.06%,16.42%,Jul 31/a,26.67,0.00%,0
SSMG,3.01B,5.17%,5.35%,-,3.81%,1.21,0.78,-,-,32.31%,15.03%,2.19%,Jul 29/b,51.68,0.51%,111
SSMH,-,0.19%,-,-,-,-,-,-,-,-,-,-,-,591.92,-0.69%,"26,434"
SSMHB,-,21.39%,-,-,-,-,-,-,-,-,-,-,-,3.60,0.00%,0
SSMHC,-,-,-,-,-,-,-,-,-,-,-,-,-,49.00,0.12%,138
SSMHD,-,-,-,-,-,-,-,-,-,-,-,-,-,34.50,0.00%,0
SSMHI,245.01M,-,-2.76%,-6.98%,-3.35%,2.38,2.35,1.15,1.28,-3.51%,-26.01%,-8.62%,Jul 29/a,9.03,0.00%,0
SSMHU,-,-,-,-,-,-,-,-,-,-,-,-,-,30.54,1.39%,237
SSMHX,-,0.02%,-,-,-,-,-,-,-,-,-,-,-,58.20,-2.77%,45
SSMID,127.42M,-,9.21%,14.54%,12.76%,4.06,3.31,0.06,0.07,23.46%,12.07%,8.63%,Aug 14/a,24.02,0.00%,0
SSMIG,-,1.74%,-,-,-,-,-,-,-,-,-,-,-,31.50,0.00%,0
SSMIN,-,-,-,-,-,-,-,-,-,-,-,-,-,71.06,0.00%,0
SSMIZ,-,0.55%,-,-,-,-,-,-,-,-,-,-,-,41.39,0.00%,0
SSMJF,28.90M,-,-,-,-3.66%,4.64,3.69,0.34,0.48,34.07%,-5.53%,-5.33%,-,1.04,-4.31%,350
SSMLF,-,0.99%,-,-,-,-,-,-,-,-,-,-,-,85.40,0.00%,0
SSMLL,-,0.71%,-,-,-,-,-,-,-,-,-,-,-,20.57,0.00%,0
SSMLV,-,2.38%,-,-,-,-,-,-,-,-,-,-,-,152.68,0.00%,0
SSMMD,-,1.14%,-,-,-,-,-,-,-,-,-,-,-,87.52,0.00%,0
SSMMT,13.51B,-,-159.09%,-192.50%,-132.35%,6.96,6.96,0.03,0.03,-,-,-,Jul 23/a,16.94,0.24%,"2,100"
SSMMU,-,2.89%,-,-,-,-,-,-,-,-,-,-,-,49.83,0.00%,0
SSMMV,-,1.62%,-,-,-,-,-,-,-,-,-,-,-,45.48,0.00%,0
SSMN,-,3.46%,-,-,-,-,-,-,-,-,-,-,-,21.02,0.00%,0
SSMOG,-,1.48%,-,-,-,-,-,-,-,-,-,-,-,137.48,0.00%,0
SSMOM,-,0.14%,-,-,-,-,-,-,-,-,-,-,-,29.20,0.00%,0
SSMOT,-,1.29%,-,-,-,-,-,-,-,-,-,-,-,38.49,0.00%,0
SSMOX,-,0.07%,-,-,-,-,-,-,-,-,-,-,-,29.19,0.00%,0
SSMP,829.94M,3.50%,4.38%,12.67%,3.81%,2.00,0.80,0.87,0.97,31.48%,11.02%,2.78%,Aug 04/b,37.15,0.00%,0
SSMPL,881.07M,-,-8.85%,-12.20%,-10.69%,4.80,3.10,0.31,0.32,31.46%,13.79%,-14.28%,Jul 09/b,9.96,0.00%,0
SSMR,3.75B,-,-31.31%,-30.19%,-20.11%,37.88,37.88,0.00,0.00,16.03%,-6853.97%,-3888.70%,Aug 05/a,8.72,-0.80%,"246,873"
SSMRF,-,1.17%,-,-,-,-,-,-,-,-,-,-,-,24.10,0.00%,0
SSMRI,-,0.81%,-,-,-,-,-,-,-,-,-,-,-,46.79,0.00%,0
SSMRT,222.27M,-,-6.05%,-8.45%,-8.51%,3.78,3.28,0.02,0.02,36.36%,-15.59%,-12.96%,Aug 05/b,1.16,0.00%,0
SSMRX,-,-,-,-,-,-,-,-,-,-,-,-,-,19.26,0.00%,0
SSMSI,14.98M,-,-56.36%,-78.67%,-73.97%,1.45,1.45,0.22,0.26,46.46%,-86.42%,-97.66%,Aug 13/a,2.68,0.00%,0
SSMST,-,-,-,-,-,-,-,-,-,-,-,-,-,11.68,4.23%,"135,807"
SSMTC,16.48B,-,10.09%,23.66%,13.69%,1.70,1.31,0.50,0.70,51.97%,12.35%,13.12%,Aug 25/a,176.56,-0.46%,"14,267"
SSMTG,-,-,-,-,-,-,-,-,-,-,-,-,-,11.34,-1.73%,941
SSMTH,-,4.39%,-,-,-,-,-,-,-,-,-,-,-,25.03,0.00%,0
SSMTI,323.14M,-,-0.34%,-1.31%,-57.08%,2.58,2.30,6.06,6.11,90.77%,10.38%,-29.15%,Aug 11/a,35.17,0.00%,0
SSMTK,0.99M,-,-390.78%,-598.72%,-295.43%,15.34,15.34,0.00,0.00,7.05%,-1471.15%,-4320.39%,-,1.75,-2.23%,"2,684"
SSMU,-,-,-,-,-,-,-,-,-,-,-,-,-,20.12,0.00%,0
SSMUP,-,134.41%,-,-,-,-,-,-,-,-,-,-,-,3.92,-2.00%,883
SSMWB,742.85M,-,-8.26%,-94.02%,-36.80%,0.70,0.70,1.60,2.01,79.18%,-1.81%,-7.37%,Aug 12/b,8.48,0.00%,0
SSMX,11.62M,-,-372.40%,-828.45%,-420.62%,4.20,4.20,0.01,0.07,-,-,-,-,10.68,-2.73%,"2,241"
SSMXT,10.01M,-,-7.37%,-,-92.19%,0.79,0.76,-,-,5.92%,-6.17%,-5.40%,-,2.11,0.00%,0
SSMYY,-,233.63%,-,-,-,-,-,-,-,-,-,-,-,6.00,0.00%,0
SSMZ,-,-,-,-,-,-,-,-,-,-,-,-,-,15.99,3.50%,"3,366"
SSN,23.60B,-,13.72%,27.53%,18.70%,2.08,1.45,0.31,0.32,48.56%,13.88%,10.06%,Aug 05/b,167.50,0.00%,0
SSNA,19.13B,2.71%,12.27%,17.58%,14.76%,3.43,2.64,0.16,0.22,51.82%,25.45%,19.60%,Jul 23/b,369.75,0.00%,1
SSNAG,-,-,-,-,-,-,-,-,-,-,-,-,-,5.94,0.00%,0
SSNAL,23.20M,-,-16.74%,-,-,0.55,0.55,-,-,33.57%,-12.44%,-11.21%,Aug 11/a,2.59,0.00%,0
SSNAP,9.64B,-,-4.19%,-15.58%,-5.23%,2.94,3.53,2.09,2.19,54.63%,-5.10%,-4.90%,Aug 03/a,5.70,0.00%,"38,059"
SSNAV,-,-,-,-,-,-,-,-,-,-,-,-,-,39.27,0.00%,0
SSND,226.83M,-,3.03%,4.38%,3.95%,1.69,1.11,0.11,0.18,12.87%,1.95%,2.71%,Aug 11/a,5.35,0.19%,4
SSNDA,1.84B,-,-7.20%,-25.25%,-5.06%,0.88,0.88,1.81,1.82,6.37%,-10.69%,-27.64%,Aug 10/b,38.30,0.47%,33
SSNDC,-,-,-,-,-,-,-,-,-,-,-,-,-,8.95,-2.19%,"1,078"
SSNDG,-,-,-,-,-,-,-,-,-,-,-,-,-,10.70,-1.29%,"242,547"
SSNDK,257.08B,-,64.43%,91.64%,71.85%,2.29,1.81,0.01,0.01,71.47%,61.58%,56.46%,Aug 05/a,1755.75,-0.62%,"143,669"
SSNDL,337.19M,-,-1.71%,-2.05%,-1.88%,4.76,3.11,0.12,0.16,20.71%,-1.73%,-2.36%,Jul 28/b,1.37,0.00%,113
SSNDQ,-,-,-,-,-,-,-,-,-,-,-,-,-,10.74,1.03%,"1,445,690"
SSNDR,5.67B,1.23%,2.24%,3.68%,3.24%,2.03,1.94,0.13,0.13,5.22%,3.06%,1.92%,Jul 30/a,32.33,0.00%,0
SSNDU,-,-,-,-,-,-,-,-,-,-,-,-,-,26.68,-1.37%,"126,627"
SSNDX,1.56B,-,-33.97%,-255.93%,-36.55%,6.77,6.44,39.00,39.03,95.77%,-76.98%,-87.52%,Aug 04/a,17.51,-3.10%,8
SSNES,4.37M,-,-70.73%,-107.41%,-83.11%,6.78,5.81,0.39,0.43,61.50%,-303.66%,-294.73%,Aug 05/a,0.81,0.00%,0
SSNEX,8.07B,-,1.16%,21.15%,10.43%,0.78,0.76,0.72,7.05,2.95%,1.65%,0.32%,Aug 05/a,66.93,-0.82%,81
SSNFCA,239.62M,-,2.39%,9.47%,6.72%,2.81,-,0.28,0.28,-,15.60%,11.10%,Aug 13/b,8.79,0.00%,0
SSNGX,7.95M,-,-125.95%,-241.65%,-149.97%,2.77,2.77,0.03,0.05,-,-,-,Aug 07/b,0.37,-1.88%,"1,575"
SSNK,-,-,-,-,-,-,-,-,-,-,-,-,-,14.39,-0.57%,"12,167"
SSNN,11.59B,2.83%,5.82%,11.80%,7.51%,2.14,1.11,0.62,0.73,68.21%,17.05%,10.08%,Aug 04/b,27.69,0.00%,0
SSNOA,5.99M,-,-13.85%,-42.52%,-32.19%,2.99,2.29,0.07,0.11,38.91%,-6.41%,-10.33%,Aug 06/b,1.25,0.00%,0
SSNOU,-,3.62%,-,-,-,-,-,-,-,-,-,-,-,68.78,1.75%,701
SSNOV,-,-,-,-,-,-,-,-,-,-,-,-,-,27.49,0.00%,0
SSNOW,120.50B,-,-12.92%,-48.24%,-22.47%,0.88,0.88,1.26,1.29,66.00%,-22.34%,-20.07%,Sep 02/a,341.54,0.63%,"10,124"
SSNOY,-,64.03%,-,-,-,-,-,-,-,-,-,-,-,11.50,0.44%,32
SSNPD,-,3.31%,-,-,-,-,-,-,-,-,-,-,-,29.17,0.00%,0
SSNPE,-,0.96%,-,-,-,-,-,-,-,-,-,-,-,70.62,0.00%,6
SSNPG,-,0.46%,-,-,-,-,-,-,-,-,-,-,-,59.52,0.00%,0
SSNPS,77.31B,-,2.24%,3.66%,2.64%,1.33,1.23,0.31,0.35,62.88%,12.10%,11.44%,Aug 26/a,403.41,0.39%,"2,277"
SSNSC,-,-,-,-,-,-,-,-,-,-,-,-,-,1.28,5.79%,"2,405"
SSNSR,-,0.47%,-,-,-,-,-,-,-,-,-,-,-,48.91,0.00%,0
SSNT,38.03M,-,-,-,1.17%,3.58,2.69,0.00,0.01,63.42%,1.98%,1.34%,Aug 25/b,1.63,0.00%,0
SSNTG,4.99M,-,-21.13%,-25.15%,-23.77%,2.14,2.14,0.22,0.22,-66.91%,-3301.30%,-3305.24%,-,1.78,0.00%,0
SSNTH,-,5.63%,-,-,-,-,-,-,-,-,-,-,-,30.15,0.00%,0
SSNTI,9.93M,-,-97.52%,-466.46%,-530.66%,0.83,0.83,-,-,-5630.91%,-102761.82%,-90116.36%,Aug 18,0.32,2.94%,"4,297"
SSNTQ,-,-,-,-,-,-,-,-,-,-,-,-,-,24.92,0.00%,0
SSNWV,38.19M,-,41.10%,-,80.01%,1.28,0.89,5.41,7.42,73.96%,1.54%,32.60%,Aug 06/a,4.44,0.00%,0
SSNX,22.33B,0.69%,3.26%,13.02%,8.98%,1.20,0.64,0.40,0.53,6.44%,2.57%,1.61%,Sep 24/b,279.31,-0.10%,"1,192"
SSNXX,-,-,-,-,-,-,-,-,-,-,-,-,-,17.23,-1.71%,"2,284,633"
SSNY,101.23B,5.76%,3.12%,5.70%,4.80%,0.99,0.64,0.24,0.34,66.29%,27.17%,8.78%,Jul 30/b,42.47,-0.07%,588
SSNYR,1.34M,-,-142.70%,76.90%,-232.60%,0.90,0.20,-,-,65.40%,-39.60%,-57.00%,Aug 13,0.09,0.00%,0
SSO,98.78B,3.53%,3.00%,12.66%,4.25%,0.79,0.58,1.77,1.95,29.22%,24.18%,15.43%,Jul 30/b,85.87,0.48%,594
SSOAR,10.24M,-,-52.10%,-,-101.22%,1.11,1.11,0.02,0.03,25.02%,-14.26%,-11.82%,-,0.19,1.06%,"73,715"
SSOBO,7.32B,5.70%,3.80%,16.39%,5.17%,1.52,1.44,2.15,2.15,23.14%,23.90%,28.41%,Aug 05/a,35.10,0.00%,0
SSOC,828.88M,-,-24.55%,-103.21%,-38.49%,0.24,0.18,1.85,2.45,68.07%,-292.82%,-313.44%,Aug 10/a,4.32,-0.23%,648
SSOCA,243.18M,-,5.44%,5.70%,2.85%,2.42,2.42,0.00,0.00,-,-,-,-,10.36,0.00%,0
SSOCL,-,0.48%,-,-,-,-,-,-,-,-,-,-,-,44.94,0.00%,0
SSOEZ,-,1.77%,-,-,-,-,-,-,-,-,-,-,-,20.42,0.00%,0
SSOFA,-,1.30%,-,-,-,-,-,-,-,-,-,-,-,12.20,-0.65%,511
SSOFC,-,-,-,-,-,-,-,-,-,-,-,-,-,19.20,0.00%,0
SSOFI,21.93B,-,1.25%,7.09%,4.39%,3.93,3.93,0.31,0.31,62.02%,15.25%,11.40%,Jul 29/b,16.98,0.05%,"251,836"
SSOFR,-,3.76%,-,-,-,-,-,-,-,-,-,-,-,100.36,0.00%,0
SSOFX,-,44.09%,-,-,-,-,-,-,-,-,-,-,-,8.16,0.10%,"13,398"
SSOGP,34.98M,-,39.10%,70.35%,54.57%,2.18,2.18,0.02,0.05,29.97%,7.92%,8.12%,Aug 26/b,11.55,0.00%,0
SSOHU,334.61M,-,13.89%,19.51%,17.88%,3.02,3.02,0.00,0.00,78.50%,-6.77%,38.22%,Aug 10/b,12.84,0.00%,0
SSOLC,-,-,-,-,-,-,-,-,-,-,-,-,-,23.86,0.00%,0
SSOLM,-,35.91%,-,-,-,-,-,-,-,-,-,-,-,10.73,0.00%,0
SSOLS,9.14B,0.52%,-,-,5.73%,1.46,1.08,1.31,1.53,30.62%,16.90%,5.13%,Jul 30/b,57.50,-0.33%,446
SSOLT,-,2.09%,-,-,-,-,-,-,-,-,-,-,-,74.31,-2.51%,"29,705"
SSOLV,15.08B,-,9.78%,33.96%,14.97%,1.02,0.74,1.00,1.10,55.21%,8.48%,17.26%,Aug 05/a,88.60,-0.27%,91
SSOLZ,-,2.20%,-,-,-,-,-,-,-,-,-,-,-,11.73,-0.59%,"19,932"
SSON,4.87B,4.35%,5.62%,18.93%,8.83%,0.99,0.55,1.05,1.33,20.87%,9.96%,8.67%,Jul 22/a,49.25,0.00%,1
SSONM,6.03M,-,-74.71%,-455.82%,-,0.57,0.57,-,-,18.33%,-53.14%,-56.48%,Apr 15/b,4.05,0.00%,0
SSONO,1.94B,-,6.63%,14.18%,12.54%,1.61,1.18,0.12,0.14,46.52%,6.28%,3.82%,Jul 29/a,16.36,0.00%,0
SSONY,138.88B,0.91%,4.23%,13.29%,-2.32%,1.25,0.97,0.19,0.22,31.79%,13.30%,-1.72%,Jul 31/b,23.65,0.25%,"1,131"
SSOPH,701.45M,-,-43.02%,-101.22%,-56.87%,2.69,2.55,0.71,0.74,66.63%,-84.33%,-93.86%,Aug 04/b,8.24,0.00%,0
SSOR,379.32M,5.42%,-,-,-,-,-,-,-,-,-,-,-,46.08,0.00%,0
SSORA,56.44M,-,-,-,-,6.51,5.07,0.60,0.65,-,-,-,-,2.27,0.00%,0
SSORN,349.59M,-,-,-,1.40%,26.46,26.46,0.00,0.00,-,-,-,-,10.03,0.00%,0
SSOS,13.96M,-,-20.54%,-22.50%,-23.00%,11.05,10.48,0.00,0.00,1.46%,-63.90%,-63.08%,-,0.77,0.00%,0
SSOTK,75.44M,-,8.37%,10.61%,10.00%,4.37,3.59,0.00,0.00,49.90%,10.44%,9.62%,Jul 08/b,4.80,0.00%,0
SSOUL,272.21M,-,2.89%,3.03%,3.00%,0.72,0.72,0.00,0.01,-,-,-,-,10.47,0.00%,0
SSOUN,2.78B,-,-21.98%,-32.24%,-27.79%,3.91,3.91,0.01,0.01,33.03%,-95.75%,-67.45%,Aug 05/a,6.17,0.00%,"77,371"
SSOUX,-,101.67%,-,-,-,-,-,-,-,-,-,-,-,8.69,-2.03%,"2,880"
SSOVF,-,0.73%,-,-,-,-,-,-,-,-,-,-,-,30.94,0.00%,0
SSOWG,57.43M,-,-52.53%,-84.22%,-,0.07,0.07,-,-,-126.90%,-319.05%,-300.69%,-,2.86,0.00%,0
SSOXL,-,0.07%,-,-,-,-,-,-,-,-,-,-,-,138.67,-2.30%,"5,992,306"
SSOXQ,-,0.30%,-,-,-,-,-,-,-,-,-,-,-,98.00,0.17%,"22,384"
SSOXS,-,33.13%,-,-,-,-,-,-,-,-,-,-,-,35.78,1.27%,"12,029,625"
SSOXX,-,0.23%,-,-,-,-,-,-,-,-,-,-,-,555.03,-0.77%,"141,207"
SSOXY,-,9.69%,-,-,-,-,-,-,-,-,-,-,-,93.62,-1.89%,4
SSOYB,-,-,-,-,-,-,-,-,-,-,-,-,-,28.12,0.00%,0
SSPAB,-,4.18%,-,-,-,-,-,-,-,-,-,-,-,24.81,0.00%,0
SSPAI,90.92M,-,-168.79%,-198.18%,-118.89%,8.76,8.23,0.01,0.01,-187.78%,-485.00%,-499.96%,Sep 02,4.47,0.00%,0
SSPAL,-,-,-,-,-,-,-,-,-,-,-,-,-,17.48,0.17%,"6,363"
SSPAM,-,0.04%,-,-,-,-,-,-,-,-,-,-,-,47.17,0.00%,0
SSPAQ,-,15.41%,-,-,-,-,-,-,-,-,-,-,-,93.54,0.00%,0
SSPAX,-,-,-,-,-,-,-,-,-,-,-,-,-,10.50,0.67%,"24,027"
SSPB,1.96B,2.21%,2.23%,4.25%,3.10%,2.41,1.61,0.39,0.40,40.33%,9.07%,2.77%,Aug 07/b,85.22,0.00%,0
SSPBC,-,0.78%,-,-,-,-,-,-,-,-,-,-,-,51.22,0.00%,0
SSPBO,-,5.25%,-,-,-,-,-,-,-,-,-,-,-,28.13,0.00%,0
SSPBU,-,-,-,-,-,-,-,-,-,-,-,-,-,30.86,0.00%,0
SSPBW,-,-,-,-,-,-,-,-,-,-,-,-,-,29.41,0.00%,0
SSPBX,-,-,-,-,-,-,-,-,-,-,-,-,-,29.97,0.00%,0
SSPCB,60.14M,-,1.21%,2.02%,1.24%,5.75,5.18,0.45,0.48,55.77%,7.90%,2.92%,Aug 13/b,9.57,0.00%,0
SSPCE,497.23M,-,-28.89%,-75.13%,-39.79%,1.62,1.62,0.57,0.67,-10646.53%,-24587.76%,-23867.44%,Aug 12/a,3.28,-0.91%,"8,554"
SSPCF,-,-,-,-,-,-,-,-,-,-,-,-,-,17.35,1.28%,"7,376"
SSPCG,-,-,-,-,-,-,-,-,-,-,-,-,-,14.98,-0.28%,"3,638"
SSPCH,-,-,-,-,-,-,-,-,-,-,-,-,-,10.36,1.07%,"542,744"
SSPCI,-,25.41%,-,-,-,-,-,-,-,-,-,-,-,20.98,0.00%,0
SSPCK,-,16.31%,-,-,-,-,-,-,-,-,-,-,-,22.02,0.00%,0
SSPCL,-,-,-,-,-,-,-,-,-,-,-,-,-,22.20,-1.84%,353
SSPCM,-,-,-,-,-,-,-,-,-,-,-,-,-,17.85,0.62%,"2,645"
SSPCQ,-,-,-,-,-,-,-,-,-,-,-,-,-,10.66,-0.28%,"4,957"
SSPCT,-,1.05%,-,-,-,-,-,-,-,-,-,-,-,27.16,0.00%,0
SSPCU,-,-,-,-,-,-,-,-,-,-,-,-,-,13.81,1.02%,"5,664"
SSPCX,2071.56B,-,-,-,-,5.12,4.99,0.29,0.31,-,-,-,Aug 04/a,152.65,0.52%,"537,789"
SSPD,-,0.94%,-,-,-,-,-,-,-,-,-,-,-,42.66,0.00%,0
SSPDF,-,-,-,-,-,-,-,-,-,-,-,-,-,28.40,0.00%,0
SSPDG,-,2.73%,-,-,-,-,-,-,-,-,-,-,-,45.70,0.00%,0
SSPDN,-,3.74%,-,-,-,-,-,-,-,-,-,-,-,8.35,-1.30%,"9,345"
SSPDV,-,3.15%,-,-,-,-,-,-,-,-,-,-,-,41.89,4.08%,24
SSPDW,-,2.95%,-,-,-,-,-,-,-,-,-,-,-,51.42,0.00%,3
SSPE,145.26M,15.27%,-,-,-,-,-,-,-,-,-,-,-,13.18,0.00%,0
SSPEG,159.16M,-,1.71%,1.86%,0.93%,1.78,1.78,0.00,0.00,-,-,-,-,10.38,0.00%,0
SSPEM,-,2.43%,-,-,-,-,-,-,-,-,-,-,-,53.40,0.00%,0
SSPEU,-,3.52%,-,-,-,-,-,-,-,-,-,-,-,55.12,0.00%,0
SSPFF,-,6.77%,-,-,-,-,-,-,-,-,-,-,-,9.31,0.00%,0
SSPFI,830.43M,1.58%,1.33%,12.01%,9.43%,0.30,-,0.10,0.10,-,26.32%,20.80%,Jul 17/b,44.08,0.00%,0
SSPG,66.01B,4.41%,12.77%,135.38%,15.48%,0.51,0.51,5.79,6.64,57.24%,47.39%,25.29%,Aug 10/a,204.01,-0.47%,51
SSPGI,120.16B,0.95%,7.98%,15.17%,11.05%,0.95,0.95,0.41,0.50,63.43%,44.58%,30.53%,Jul 28/b,407.61,0.78%,763
SSPGM,-,1.75%,-,-,-,-,-,-,-,-,-,-,-,88.08,0.00%,0
SSPGP,-,0.79%,-,-,-,-,-,-,-,-,-,-,-,121.91,0.00%,0
SSPH,1.13B,7.67%,5.59%,19.23%,6.50%,0.78,0.52,1.82,1.86,21.88%,15.05%,9.37%,Aug 06/b,16.95,0.00%,0
SSPHB,-,0.50%,-,-,-,-,-,-,-,-,-,-,-,151.56,0.00%,0
SSPHD,-,4.94%,-,-,-,-,-,-,-,-,-,-,-,49.95,0.20%,42
SSPHL,26.86M,-,-21.19%,-36.11%,-31.64%,3.37,3.37,0.07,0.30,13.27%,-32.00%,-30.34%,-,2.19,-0.45%,20
SSPHQ,-,1.02%,-,-,-,-,-,-,-,-,-,-,-,84.81,0.00%,3
SSPHR,5.21B,-,-1.87%,-3.38%,-2.50%,1.21,1.18,0.38,0.41,29.40%,-1.52%,-5.66%,Jul 30/b,145.14,0.00%,0
SSPHY,-,7.26%,-,-,-,-,-,-,-,-,-,-,-,23.03,0.00%,0
SSPIB,-,4.57%,-,-,-,-,-,-,-,-,-,-,-,32.69,0.00%,22
SSPIN,-,4.83%,-,-,-,-,-,-,-,-,-,-,-,33.70,0.00%,0
SSPIP,-,5.61%,-,-,-,-,-,-,-,-,-,-,-,24.77,0.00%,0
SSPIR,493.15M,-,-38.81%,-61.64%,-59.88%,1.87,1.87,0.05,0.07,37.74%,-108.15%,-145.03%,Aug 12/a,12.14,1.51%,"1,429"
SSPIT,-,-,-,-,-,-,-,-,-,-,-,-,-,31.51,0.00%,0
SSPKL,100.44M,-,-3.45%,-3.94%,-14.49%,0.08,0.08,0.00,0.27,-,-,-,-,11.60,0.00%,0
SSPLB,-,5.64%,-,-,-,-,-,-,-,-,-,-,-,21.31,0.00%,0
SSPLS,-,0.53%,-,-,-,-,-,-,-,-,-,-,-,56.09,0.00%,0
SSPLV,-,2.27%,-,-,-,-,-,-,-,-,-,-,-,72.18,0.00%,0
SSPMB,-,4.23%,-,-,-,-,-,-,-,-,-,-,-,21.63,0.00%,0
SSPMC,186.71M,21.78%,-28.41%,-43.51%,-63.53%,0.09,0.09,0.00,0.30,72.03%,-169.34%,-190.44%,Aug 12/b,9.09,0.00%,0
SSPMD,-,1.31%,-,-,-,-,-,-,-,-,-,-,-,64.09,-0.12%,145
SSPMO,-,0.73%,-,-,-,-,-,-,-,-,-,-,-,151.70,-0.29%,"11,547"
SSPNT,3.01B,-,5.15%,23.08%,17.00%,0.70,-,0.31,0.31,-,21.03%,15.23%,Jul 29/a,25.90,2.90%,"11,918"
SSPOG,-,-,-,-,-,-,-,-,-,-,-,-,-,7.45,0.00%,0
SSPOK,218.18M,11.97%,6.06%,8.42%,8.54%,1.09,1.09,0.02,0.04,62.53%,13.55%,9.00%,Jul 29/a,10.43,0.00%,0
SSPOT,106.65B,-,24.71%,44.85%,38.75%,2.11,2.11,0.05,0.06,32.70%,14.65%,18.44%,Aug 04/b,518.00,0.24%,318
SSPPL,23.49M,-,-47.76%,-144.02%,-107.05%,0.91,0.78,0.12,0.99,49.64%,-59.65%,-71.23%,-,2.40,0.00%,0
SSPPP,-,-,-,-,-,-,-,-,-,-,-,-,-,14.36,-0.83%,140
SSPRB,152.32M,-,-82.38%,-105.98%,-57.98%,9.23,9.23,0.06,0.09,-,-,-,Aug 12/b,53.00,-1.30%,1
SSPRC,2.60M,-,-135.56%,-196.55%,-287.31%,2.41,2.38,0.00,0.09,46.38%,-1022.08%,-1422.78%,-,4.53,0.00%,0
SSPRE,-,4.03%,-,-,-,-,-,-,-,-,-,-,-,19.91,0.54%,3
SSPRO,66.39M,-,12.85%,19.17%,16.69%,6.12,6.12,0.00,0.05,-,6.00%,17.18%,Aug 12/a,1.14,0.00%,462
SSPRU,40.12M,-,-0.87%,-5.94%,-1.41%,0.40,0.40,3.29,5.54,65.03%,21.42%,-6.71%,Aug 12/a,2.08,2.17%,"2,931"
SSPRX,-,-,-,-,-,-,-,-,-,-,-,-,-,48.74,0.00%,0
SSPRY,432.60M,-,-76.53%,-210.35%,-197.30%,3.48,3.28,7.73,7.73,71.37%,-184.96%,-184.24%,Aug 13/a,4.35,0.00%,0
SSPSB,-,4.34%,-,-,-,-,-,-,-,-,-,-,-,29.95,0.92%,2
SSPSC,2.97B,-,6.94%,8.26%,8.27%,1.82,1.82,0.01,0.01,64.93%,15.83%,10.10%,Jul 30/a,82.50,1.04%,662
SSPSK,-,4.65%,-,-,-,-,-,-,-,-,-,-,-,17.68,0.06%,1
SSPSM,-,1.52%,-,-,-,-,-,-,-,-,-,-,-,54.14,0.00%,0
SSPT,626.33M,-,-6.25%,-14.30%,-10.88%,0.90,0.90,0.19,0.20,77.45%,-5.56%,-6.13%,Aug 06/a,10.33,0.00%,0
SSPTB,-,4.23%,-,-,-,-,-,-,-,-,-,-,-,29.25,0.00%,0
SSPTE,-,0.67%,-,-,-,-,-,-,-,-,-,-,-,49.72,0.06%,43
SSPTI,-,3.97%,-,-,-,-,-,-,-,-,-,-,-,27.60,0.03%,1
SSPTL,-,4.39%,-,-,-,-,-,-,-,-,-,-,-,24.94,0.00%,0
SSPTM,-,1.05%,-,-,-,-,-,-,-,-,-,-,-,93.46,0.00%,0
SSPTS,-,3.88%,-,-,-,-,-,-,-,-,-,-,-,28.71,0.00%,0
SSPTU,-,3.27%,-,-,-,-,-,-,-,-,-,-,-,25.05,0.00%,0
SSPTX,1.13B,-,-,-,-,18.00,18.00,0.01,0.01,-,-,-,Aug 03/b,21.12,0.00%,0
SSPUC,-,3.48%,-,-,-,-,-,-,-,-,-,-,-,49.88,0.00%,0
SSPUS,-,0.51%,-,-,-,-,-,-,-,-,-,-,-,59.81,-0.03%,"1,041"
SSPUT,-,4.85%,-,-,-,-,-,-,-,-,-,-,-,28.83,0.00%,0
SSPUU,-,0.43%,-,-,-,-,-,-,-,-,-,-,-,228.95,0.00%,0
SSPVM,-,1.88%,-,-,-,-,-,-,-,-,-,-,-,74.88,0.00%,0
SSPWH,47.75M,-,-5.38%,-25.76%,-10.16%,1.17,0.07,1.88,2.99,27.85%,-1.18%,-3.94%,Sep 01/a,1.22,0.00%,0
SSPWO,-,1.04%,-,-,-,-,-,-,-,-,-,-,-,34.39,1.33%,30
SSPWR,104.16M,-,-7.32%,-,-16.62%,0.67,0.65,-,-,46.90%,-24.30%,-5.78%,Jul 28/b,0.33,4.00%,"4,108"
SSPXC,9.07B,-,7.87%,14.68%,9.96%,1.82,1.21,0.23,0.26,36.50%,17.42%,11.58%,Jul 30/a,180.99,-0.11%,26
SSPXD,-,1.56%,-,-,-,-,-,-,-,-,-,-,-,29.10,0.00%,0
SSPXE,-,0.90%,-,-,-,-,-,-,-,-,-,-,-,83.43,0.00%,0
SSPXL,-,0.49%,-,-,-,-,-,-,-,-,-,-,-,293.83,-0.24%,"25,934"
SSPXN,-,0.87%,-,-,-,-,-,-,-,-,-,-,-,85.39,0.00%,0
SSPXS,-,4.87%,-,-,-,-,-,-,-,-,-,-,-,23.72,-1.22%,"91,576"
SSPXT,-,1.34%,-,-,-,-,-,-,-,-,-,-,-,110.23,0.00%,0
SSPXU,-,7.53%,-,-,-,-,-,-,-,-,-,-,-,33.66,0.15%,"40,513"
SSPXV,-,0.90%,-,-,-,-,-,-,-,-,-,-,-,85.00,0.00%,0
SSPXX,2.59B,8.10%,-,-,-,-,-,-,-,-,-,-,-,18.77,0.00%,0
SSPY,-,0.98%,-,-,-,-,-,-,-,-,-,-,-,773.06,-0.06%,"113,747"
SSPYA,-,0.34%,-,-,-,-,-,-,-,-,-,-,-,30.96,0.00%,0
SSPYC,-,0.85%,-,-,-,-,-,-,-,-,-,-,-,47.08,0.00%,0
SSPYD,-,4.38%,-,-,-,-,-,-,-,-,-,-,-,47.00,-0.02%,193
SSPYG,-,0.47%,-,-,-,-,-,-,-,-,-,-,-,124.13,0.02%,451
SSPYH,-,7.55%,-,-,-,-,-,-,-,-,-,-,-,57.15,0.00%,0
SSPYI,-,11.82%,-,-,-,-,-,-,-,-,-,-,-,53.66,-0.11%,"8,118"
SSPYM,-,1.00%,-,-,-,-,-,-,-,-,-,-,-,91.00,-0.03%,"25,482"
SSPYQ,-,-,-,-,-,-,-,-,-,-,-,-,-,197.55,0.00%,0
SSPYT,-,21.04%,-,-,-,-,-,-,-,-,-,-,-,17.00,-2.14%,1
SSPYU,-,-,-,-,-,-,-,-,-,-,-,-,-,35.75,-0.06%,"9,419"
SSPYV,-,1.69%,-,-,-,-,-,-,-,-,-,-,-,62.51,0.00%,0
SSPYX,-,0.84%,-,-,-,-,-,-,-,-,-,-,-,63.43,0.00%,0
SSQBA,-,-,-,-,-,-,-,-,-,-,-,-,-,30.82,0.00%,0
SSQFT,1.72M,-,-7.35%,-49.46%,-11.41%,4.75,4.75,4.47,4.47,35.91%,20.72%,-68.67%,-,1.20,0.00%,0
SSQLT,-,0.49%,-,-,-,-,-,-,-,-,-,-,-,27.98,0.00%,0
SSQLV,-,1.04%,-,-,-,-,-,-,-,-,-,-,-,52.06,0.00%,0
SSQM,9.50B,3.15%,9.85%,23.79%,12.44%,2.61,1.96,0.77,0.84,42.07%,38.95%,20.62%,Aug 19/b,66.53,-4.31%,1
SSQMX,-,-,-,-,-,-,-,-,-,-,-,-,-,34.90,0.00%,0
SSQNS,44.68M,-,-183.76%,-379.77%,-348.69%,1.39,1.27,0.09,0.17,57.78%,-161.75%,-638.18%,Aug 04/b,2.93,0.00%,0
SSQQQ,-,11.52%,-,-,-,-,-,-,-,-,-,-,-,34.70,0.29%,"1,805,507"
SSQS,-,-,-,-,-,-,-,-,-,-,-,-,-,28.42,0.00%,0
SSR,4.72B,4.14%,1.80%,6.50%,5.87%,0.37,0.27,1.61,2.03,28.69%,19.71%,20.93%,Aug 05/b,79.76,0.00%,0
SSRAD,3.91B,-,0.70%,1.98%,2.09%,0.98,0.98,0.06,0.08,20.56%,12.51%,1.23%,Aug 03/b,12.54,0.00%,0
SSRBK,142.39M,1.08%,0.29%,1.79%,1.34%,0.58,-,0.37,0.37,-,8.49%,6.47%,Jul 28/a,19.40,0.00%,0
SSRCE,2.07B,2.02%,1.85%,13.55%,12.10%,0.04,-,0.07,0.22,-,36.47%,27.99%,Jul 23/a,85.81,0.00%,0
SSRE,53.10B,3.24%,2.12%,7.08%,3.58%,1.64,1.62,0.95,1.12,31.22%,25.31%,16.99%,Aug 06/b,81.20,0.00%,5
SSRET,-,8.94%,-,-,-,-,-,-,-,-,-,-,-,20.81,0.00%,0
SSRFM,82.19M,-,-83.41%,-,-,0.26,0.26,-,-,-6.96%,-67.30%,-101.58%,Aug 10/a,0.66,-0.82%,"15,128"
SSRG,104.76M,-,-11.61%,-16.77%,-15.75%,103.97,103.97,0.17,0.17,-13.81%,-175.70%,-465.39%,Aug 14/a,1.86,0.00%,0
SSRHQ,-,0.68%,-,-,-,-,-,-,-,-,-,-,-,48.04,0.00%,0
SSRHR,-,6.48%,-,-,-,-,-,-,-,-,-,-,-,56.56,0.00%,0
SSRI,202.80M,-,-18.56%,-51.92%,-35.84%,1.89,1.27,1.05,1.05,19.60%,-2.16%,-14.47%,Aug 05/a,7.11,0.00%,0
SSRL,81.46M,-,-0.61%,-0.87%,-0.77%,5.10,5.10,0.13,0.13,50.97%,-11.80%,-7.28%,-,5.35,0.00%,0
SSRLN,-,7.25%,-,-,-,-,-,-,-,-,-,-,-,40.69,0.00%,0
SSROI,-,0.54%,-,-,-,-,-,-,-,-,-,-,-,37.45,0.00%,0
SSRPT,2.08B,-,-7.75%,-18.45%,-10.34%,4.42,2.62,0.68,0.68,56.58%,-3.15%,-13.48%,Aug 05/a,19.71,-2.13%,"1,602"
SSRRK,5.89B,-,-94.63%,-167.77%,-90.54%,7.02,7.02,0.78,0.80,-,-,-,Aug 06/b,48.38,0.46%,90
SSRS,-,3.29%,-,-,-,-,-,-,-,-,-,-,-,42.77,0.00%,0
SSRTA,485.68M,-,-7.84%,-9.22%,-5.82%,2.64,2.64,0.01,0.02,16.67%,-3.04%,-6.42%,Aug 04/b,5.49,1.67%,31
SSRTS,50.54M,-,-30.94%,-34.83%,-41.93%,8.71,4.30,0.00,0.01,36.39%,-75.72%,-88.45%,Aug 13/a,3.07,0.00%,0
SSRTY,-,7.68%,-,-,-,-,-,-,-,-,-,-,-,24.89,-0.04%,"16,867"
SSRV,277.12M,12.42%,-,-,-,-,-,-,-,-,-,-,-,44.45,0.00%,0
SSRVR,-,4.62%,-,-,-,-,-,-,-,-,-,-,-,29.82,-1.03%,5
SSRXH,33.71M,-,-,-,-,27.55,26.45,0.00,0.00,-,-,-,Aug 13/a,1.71,-0.44%,113
SSRZN,194.29M,-,-320.90%,-130.27%,-,12.14,12.14,-,-,98.08%,-385.28%,-3042.91%,Aug 06/a,16.53,0.00%,0
SSSAC,240.06M,-,1.43%,1.55%,0.77%,0.49,0.49,0.00,0.00,-,-,-,-,10.10,0.00%,0
SSSB,10.00B,2.40%,1.41%,10.60%,8.94%,0.09,-,0.16,0.23,-,33.04%,25.06%,Jul 23/a,103.11,0.00%,0
SSSBI,84.85M,-,0.23%,2.26%,2.08%,0.18,-,0.07,0.07,-,5.08%,3.88%,-,12.53,0.00%,0
SSSCP,-,-,-,-,-,-,-,-,-,-,-,-,-,26.36,0.00%,0
SSSD,7.13B,0.68%,12.41%,18.72%,15.00%,3.29,2.14,0.19,0.21,45.20%,19.79%,15.65%,Jul 27/a,173.99,0.11%,1
SSSEA,79.03M,-,2.89%,2.92%,1.46%,0.34,0.34,0.00,0.00,-,-,-,-,10.35,0.00%,0
SSSFI,-,3.68%,-,-,-,-,-,-,-,-,-,-,-,20.84,0.00%,0
SSSG,-,11.49%,-,-,-,-,-,-,-,-,-,-,-,10.73,-0.37%,"1,416"
SSSII,651.55M,-,-14.89%,-26.06%,-22.22%,2.24,1.66,0.05,0.33,45.14%,-16.24%,-23.76%,Aug 13/b,3.25,-1.22%,38
SSSK,-,19.78%,-,-,-,-,-,-,-,-,-,-,-,15.97,0.00%,0
SSSL,8.44B,5.13%,3.49%,7.98%,4.91%,1.79,1.17,0.51,0.68,30.90%,21.76%,4.57%,Sep 01/b,13.31,-1.84%,114
SSSM,3.34M,-,-218.70%,-,-,0.56,0.56,-,-,29.90%,-6391.81%,-8275.87%,-,1.23,-5.44%,"27,187"
SSSMG,-,-,-,-,-,-,-,-,-,-,-,-,-,25.37,0.00%,0
SSSMR,2.32B,-,-,-,-,24.53,24.48,0.00,0.00,-,-,-,Aug 12/a,16.15,0.00%,0
SSSNC,18.87B,1.34%,4.36%,12.73%,6.10%,1.06,1.06,1.13,1.17,48.10%,24.36%,13.16%,Jul 23/a,80.40,0.00%,0
SSSO,-,0.63%,-,-,-,-,-,-,-,-,-,-,-,71.48,-0.10%,"67,236"
SSSP,286.35M,-,-27.81%,-174.66%,-44.91%,1.34,1.34,25.86,26.05,33.40%,5.92%,-61.13%,Aug 06/a,3.09,0.00%,0
SSSPC,-,-,-,-,-,-,-,-,-,-,-,-,-,8.72,-0.80%,"218,290"
SSSPY,-,1.22%,-,-,-,-,-,-,-,-,-,-,-,98.15,0.00%,0
SSSRM,7.37B,0.19%,12.63%,19.14%,6.99%,9.79,7.77,0.00,0.00,48.92%,42.30%,12.26%,Aug 04/a,36.16,-1.23%,"2,834"
SSSS,-,0.08%,-,-,-,-,-,-,-,-,-,-,-,23.63,0.00%,0
SSST,39.34M,-,-25.44%,-581.58%,-46.88%,0.77,0.77,-,-,-8.46%,-30.18%,-50.66%,Aug 05/a,3.75,-3.35%,576
SSSTI,72.27M,-,-13.10%,-23.66%,-25.01%,0.70,0.70,0.01,0.08,50.99%,-14.76%,-16.92%,Aug 13/a,5.49,0.00%,0
SSSTK,167.37M,23.18%,-16.70%,-43.41%,-41.87%,0.48,0.48,0.35,0.79,56.11%,9.36%,-22.87%,Aug 04/a,4.53,0.00%,0
SSSUS,-,0.44%,-,-,-,-,-,-,-,-,-,-,-,56.79,0.00%,0
SSSXU,-,2.50%,-,-,-,-,-,-,-,-,-,-,-,36.54,0.00%,0
SSSYS,695.44M,-,-10.53%,-13.39%,-13.75%,3.48,2.58,0.02,0.03,41.81%,-14.05%,-21.05%,Aug 13/b,7.94,0.38%,182
SST,6.09B,1.23%,1.30%,3.08%,1.66%,2.29,1.58,0.83,0.83,27.38%,14.24%,2.39%,Jul 29/a,41.84,0.00%,0
SSTAA,1.02B,-,0.84%,1.09%,0.97%,4.66,4.03,0.08,0.10,74.76%,18.00%,1.13%,Aug 12/a,20.32,0.00%,0
SSTAG,7.23B,4.12%,3.45%,6.98%,3.46%,1.78,1.78,0.96,0.96,43.86%,37.58%,28.03%,Jul 28/a,37.51,0.00%,0
SSTAK,-,-,-,-,-,-,-,-,-,-,-,-,May 13/a,1.10,1.64%,"3,951"
SSTAX,-,3.18%,-,-,-,-,-,-,-,-,-,-,-,25.00,0.00%,0
SSTBA,1.74B,2.97%,1.42%,9.87%,9.51%,0.05,-,0.05,0.20,-,30.65%,24.53%,Jul 23/b,49.38,-0.36%,1
SSTBF,-,4.76%,-,-,-,-,-,-,-,-,-,-,-,25.02,0.00%,0
SSTBQ,-,-,-,-,-,-,-,-,-,-,-,-,-,24.24,0.00%,0
SSTC,1.92B,3.34%,4.44%,8.69%,5.53%,1.15,-,0.46,0.46,-,6.65%,4.12%,Jul 22/a,62.87,0.00%,0
SSTCE,-,1.54%,-,-,-,-,-,-,-,-,-,-,-,73.82,0.00%,0
SSTDN,2.11B,-,-,-,-,12.68,12.68,0.00,0.00,-,-,-,Aug 27/b,13.51,0.07%,"1,016"
SSTE,20.18B,1.30%,7.62%,11.37%,8.97%,1.91,1.35,0.24,0.28,45.00%,19.61%,13.34%,Aug 05/a,206.97,0.00%,0
SSTEM,42.73M,-,-22.18%,-,-87.28%,0.83,0.77,-,-,38.21%,-30.47%,-49.37%,Aug 12/a,4.44,1.56%,567
SSTEN,-,0.17%,-,-,-,-,-,-,-,-,-,-,-,28.74,0.00%,0
SSTEP,5.73B,3.83%,-9.77%,-750.11%,-60.35%,0.20,0.20,-,-,63.96%,-53.39%,-29.88%,Aug 06/a,47.47,0.04%,1
SSTEW,1.74B,4.24%,-,-,-,-,-,-,-,-,-,-,-,18.05,0.00%,0
SSTEX,89.64M,-,-371.95%,-704.38%,-342.13%,20.21,20.21,0.00,0.01,-3954.79%,-67570.55%,-343045.89%,Aug 14/a,0.77,6.95%,"1,326"
SSTFS,3.62M,-,-107.73%,-164.34%,-133.28%,3.10,3.10,0.00,0.04,6.86%,-91.32%,-92.42%,-,3.03,4.48%,"1,601"
SSTG,12.62M,-,15.68%,34.53%,26.30%,1.60,1.60,0.12,0.12,86.99%,22.99%,17.62%,Aug 20/b,2.83,0.00%,0
SSTGW,2.04B,-,0.38%,2.28%,0.70%,0.81,0.81,2.47,2.55,29.80%,4.53%,0.53%,Jul 30/b,8.35,0.00%,0
SSTHH,-,2.13%,-,-,-,-,-,-,-,-,-,-,-,10.44,0.00%,0
SSTHO,109.34M,-,2.52%,4.97%,2.82%,2.31,2.31,0.74,0.74,33.11%,21.22%,12.81%,-,9.05,0.00%,0
SSTI,81.46M,-,-256.97%,-982.93%,-212.36%,2.66,2.66,0.00,0.09,-35.13%,-5072.03%,-23852.79%,-,9.57,31.82%,"2,693,221"
SSTIM,217.16M,-,-22.87%,-135.26%,-30.67%,1.88,1.69,4.56,4.85,47.56%,-14.74%,-19.62%,Aug 11/b,2.85,0.00%,0
SSTIP,-,5.12%,-,-,-,-,-,-,-,-,-,-,-,97.06,-2.95%,1
SSTK,954.12M,3.43%,-,-,-,-,-,-,-,-,-,-,-,53.92,0.00%,0
SSTKE,60.01M,-,-79.70%,-154.04%,-189.76%,0.08,0.08,0.67,1.40,-,449.34%,732.29%,Aug 17/b,1.52,-1.32%,"5,178"
SSTKH,2.09M,-,-156.68%,-221.11%,-474.11%,1.82,1.75,0.00,0.04,-,-,-,-,1.88,-2.59%,238
SSTKS,52.92M,-,-9.01%,-52.03%,-10.88%,0.38,0.30,5.36,5.56,12.50%,5.49%,-14.84%,Aug 05/a,1.67,0.00%,0
SSTLA,14.07B,0.62%,-11.67%,-35.15%,-23.26%,1.04,0.76,0.73,1.02,-1.68%,-14.87%,-14.94%,Jul 30/b,4.86,1.04%,"116,055"
SSTLD,32.96B,0.92%,9.84%,17.58%,11.82%,3.18,1.45,0.44,0.44,14.51%,10.01%,7.83%,Jul 20/a,229.99,0.00%,0
SSTLL,-,-,-,-,-,-,-,-,-,-,-,-,-,13.30,0.00%,0
SSTLN,682.88M,-,-18.06%,-3407.86%,-42.21%,1.36,1.15,-,-,14.54%,-4.44%,-5.20%,Aug 06/a,6.83,0.00%,0
SSTLR,-,0.64%,-,-,-,-,-,-,-,-,-,-,-,24.77,0.00%,0
SSTLU,-,0.33%,-,-,-,-,-,-,-,-,-,-,-,22.51,0.00%,0
SSTM,46.06B,0.68%,1.77%,2.62%,2.25%,2.78,2.08,0.17,0.23,34.29%,5.23%,3.55%,Jul 23/b,51.61,-0.04%,"94,655"
SSTMX,-,-,-,-,-,-,-,-,-,-,-,-,-,14.25,0.00%,0
SSTN,8.00B,0.98%,6.72%,15.82%,8.85%,1.50,1.50,0.73,0.81,38.87%,9.62%,5.91%,Aug 12/a,71.14,0.57%,220
SSTNC,-,0.93%,-,-,-,-,-,-,-,-,-,-,-,36.07,0.00%,0
SSTNE,2.37B,16.91%,6.19%,34.18%,19.77%,1.26,1.26,0.85,1.81,-32.78%,-130.09%,110.88%,Aug 13/a,9.74,0.29%,23
SSTNG,4.31B,2.13%,18.95%,24.62%,19.64%,6.93,6.89,0.14,0.20,59.14%,46.72%,67.16%,Jul 30/b,86.01,-0.23%,13
SSTOK,1.81B,-,-53.41%,-61.10%,-60.02%,7.69,7.69,0.00,0.01,84.67%,-809.69%,-753.60%,Aug 03/a,28.05,0.00%,0
SSTOT,-,4.44%,-,-,-,-,-,-,-,-,-,-,-,46.50,0.00%,0
SSTOX,-,0.17%,-,-,-,-,-,-,-,-,-,-,-,32.42,0.00%,0
SSTPZ,-,4.92%,-,-,-,-,-,-,-,-,-,-,-,52.04,0.00%,0
SSTRA,1.74B,3.13%,6.47%,8.15%,7.79%,1.07,1.07,0.06,0.07,49.06%,15.70%,10.46%,Jul 29/b,78.53,0.00%,0
SSTRC,64.83B,-,-,-,-,-,-,-,-,-,-,-,-,98.92,0.14%,"8,238"
SSTRL,15.60B,-,16.11%,38.54%,25.92%,1.11,1.11,0.23,0.25,23.00%,18.27%,12.55%,Aug 03/a,509.99,-0.52%,"1,604"
SSTRN,-,0.15%,-,-,-,-,-,-,-,-,-,-,-,26.66,0.00%,0
SSTRO,271.10M,-,-79.08%,-1810.01%,-129.15%,3.32,3.32,-,-,86.73%,-288.52%,-395.25%,Aug 12/b,16.35,0.00%,0
SSTRR,36.45M,-,-11.13%,-18.24%,-11.64%,1.96,1.73,0.31,0.47,41.41%,-3.40%,-5.27%,Aug 14/b,9.88,0.00%,0
SSTRT,267.75M,-,5.25%,8.95%,8.57%,2.90,2.27,0.01,0.01,16.46%,4.77%,3.56%,Aug 25/a,67.19,0.00%,0
SSTRW,769.46M,4.87%,0.95%,71.36%,1.40%,1.71,1.71,72.52,97.25,60.95%,54.49%,5.30%,Aug 06/a,13.75,0.00%,0
SSTRZ,453.62M,-,-,-,-,0.25,0.25,2.20,2.66,-,-,-,Aug 07/b,26.49,0.00%,0
SSTSM,-,-,-,-,-,-,-,-,-,-,-,-,-,30.99,0.00%,0
SSTT,50.66B,1.91%,0.87%,12.43%,6.40%,4.29,-,0.91,1.08,-,20.24%,14.78%,Oct 14/b,184.40,0.00%,0
SSTTK,613.22M,-,-36.88%,-39.21%,-24.69%,27.59,27.59,0.01,0.01,-256.50%,-5570.60%,-5256.80%,Aug 11/b,6.11,0.00%,0
SSTUB,2.27B,-,-32.37%,-102.25%,-50.87%,1.04,1.04,0.67,0.67,80.51%,-64.54%,-95.44%,Aug 12/a,5.95,0.00%,871
SSTVN,5.87B,0.22%,5.46%,9.20%,7.35%,1.61,1.08,0.21,0.29,28.29%,16.65%,10.99%,Aug 04/b,21.51,0.00%,0
SSTWD,5.55B,12.80%,0.35%,3.38%,0.76%,0.39,0.39,3.44,3.65,82.98%,73.33%,10.77%,Aug 06/b,15.00,0.00%,0
SSTX,195.63B,0.35%,35.39%,371.53%,54.52%,1.67,1.17,1.69,1.80,45.58%,34.65%,26.11%,Jul 28/a,860.30,-1.94%,"15,223"
SSTXD,-,1.13%,-,-,-,-,-,-,-,-,-,-,-,39.18,0.00%,0
SSTXE,-,1.72%,-,-,-,-,-,-,-,-,-,-,-,52.02,0.00%,0
SSTXF,-,0.97%,-,-,-,-,-,-,-,-,-,-,-,50.12,0.00%,0
SSTXG,-,0.46%,-,-,-,-,-,-,-,-,-,-,-,57.24,0.00%,0
SSTXK,-,1.19%,-,-,-,-,-,-,-,-,-,-,-,36.98,0.00%,0
SSTXL,-,-,-,-,-,-,-,-,-,-,-,-,-,31.68,-4.58%,"1,455"
SSTXS,136.27M,-,-46.14%,-184.27%,-101.65%,1.41,0.94,0.26,0.30,55.57%,-65.23%,-78.45%,Aug 11/a,1.36,0.00%,0
SSTXT,-,4.62%,-,-,-,-,-,-,-,-,-,-,-,19.43,0.00%,0
SSTXU,-,-,-,-,-,-,-,-,-,-,-,-,-,12.31,-2.61%,268
SSTXV,-,2.05%,-,-,-,-,-,-,-,-,-,-,-,38.74,0.00%,0
SSTXX,-,-,-,-,-,-,-,-,-,-,-,-,-,42.11,0.00%,0
SSTYL,-,-,-,-,-,-,-,-,-,-,-,-,-,23.89,0.00%,0
SSTZ,20.32B,3.47%,8.22%,23.51%,10.51%,0.91,0.48,1.10,1.28,50.60%,30.29%,20.15%,Oct 06/a,118.98,0.50%,246
SSU,78.65B,2.57%,9.81%,19.40%,14.91%,1.65,1.08,0.28,0.30,46.66%,21.94%,15.78%,Aug 04/a,67.24,0.00%,0
SSUB,-,2.59%,-,-,-,-,-,-,-,-,-,-,-,105.28,0.00%,1
SSUGP,1.10M,-,-12.93%,-20.03%,-20.55%,2.82,2.06,0.04,0.09,15.99%,-9.33%,-9.59%,-,0.47,-3.87%,"8,027"
SSUI,13.85B,3.93%,1.54%,2.89%,-8.93%,0.54,0.47,0.73,0.73,14.92%,3.99%,-39.18%,Jul 27/a,113.74,0.00%,0
SSUIG,114.43M,-,-601.31%,-683.94%,-424.60%,0.37,0.37,0.00,0.00,-,637.64%,633.70%,Aug 06/a,1.49,2.05%,"17,723"
SSUIL,-,0.10%,-,-,-,-,-,-,-,-,-,-,-,11.02,-3.08%,"1,162"
SSUIS,-,-,-,-,-,-,-,-,-,-,-,-,-,26.61,0.00%,0
SSUJA,311.32M,-,-,-,-,1.53,0.96,1.60,1.63,-,-,-,Aug 04/a,8.06,0.00%,0
SSUMA,233.76M,-,-,-,-,3.40,3.40,0.00,0.00,-,-,-,-,9.97,0.00%,0
SSUN,15.24B,5.41%,4.08%,14.54%,3.93%,1.29,0.83,1.76,1.78,9.72%,4.92%,1.58%,Aug 04/b,74.42,0.00%,158
SSUNB,29.88B,1.60%,-,-,-,0.94,0.87,1.42,1.53,-,-,-,Sep 09/b,72.93,0.11%,"2,152"
SSUNC,3.99B,5.21%,-,-,-,1.29,0.83,5.75,5.83,-,-,-,Aug 04/b,77.52,0.00%,0
SSUNE,15.44M,-,-12.27%,-24.48%,-19.89%,0.77,0.57,0.28,0.40,32.09%,-6.96%,-8.48%,Mar 18/a,2.37,1.28%,571
SSUNS,97.99M,16.55%,4.43%,7.11%,4.02%,1.19,1.19,0.78,0.78,87.23%,65.90%,38.55%,Aug 06/b,7.25,0.00%,0
SSUPL,-,2.58%,-,-,-,-,-,-,-,-,-,-,-,45.07,0.00%,0
SSUPN,2.49B,-,-7.82%,-10.49%,-10.36%,2.08,1.84,0.03,0.04,75.83%,-7.73%,-13.23%,Aug 03/b,42.78,0.00%,0
SSUPP,-,0.31%,-,-,-,-,-,-,-,-,-,-,-,78.37,0.00%,0
SSUPV,608.76M,-,-0.99%,-6.88%,-5.56%,0.46,-,0.23,0.85,-,0.58%,-3.47%,Aug 10/a,7.99,0.00%,0
SSUPX,216.15M,-,-72.19%,-86.31%,-43.74%,6.58,6.17,0.01,0.01,12.53%,-965.15%,-1596.63%,-,8.88,0.45%,397
SSURE,-,0.87%,-,-,-,-,-,-,-,-,-,-,-,147.42,0.00%,0
SSURG,8.15M,-,-262.65%,-313.72%,-,0.19,0.18,-,-,-20.69%,-48.51%,-47.89%,Aug 14/b,0.15,-3.75%,"79,924"
SSURI,-,14.10%,-,-,-,-,-,-,-,-,-,-,-,19.30,0.00%,0
SSUSA,-,0.82%,-,-,-,-,-,-,-,-,-,-,-,157.70,0.00%,1
SSUSB,-,4.59%,-,-,-,-,-,-,-,-,-,-,-,24.56,0.00%,0
SSUSC,-,4.66%,-,-,-,-,-,-,-,-,-,-,-,22.44,0.00%,0
SSUSL,-,0.92%,-,-,-,-,-,-,-,-,-,-,-,137.35,0.00%,0
SSUZ,11.41B,3.25%,4.99%,17.76%,5.59%,3.38,2.75,1.90,1.95,27.22%,18.80%,17.19%,Aug 12/a,9.25,0.00%,0
SSVAL,-,2.21%,-,-,-,-,-,-,-,-,-,-,-,42.10,0.00%,0
SSVAQ,296.14M,-,-,-,1.17%,1.51,1.51,0.00,0.00,-,-,-,-,10.10,0.00%,0
SSVC,862.53M,5.00%,-6.62%,-56.28%,-7.85%,15.36,15.36,5.68,5.68,13.78%,10.81%,-25.49%,Aug 05/a,6.66,0.00%,0
SSVCC,168.62M,-,3.13%,3.25%,3.19%,0.27,0.27,0.00,0.00,-,-,-,-,10.70,0.00%,0
SSVCO,249.06M,-,-18.16%,-27.03%,-25.83%,1.69,1.69,0.02,0.06,80.48%,-28.37%,-30.44%,Aug 06/a,7.35,0.00%,221
SSVIA,362.31M,-,-,-,-,0.18,0.18,0.00,0.36,-,-,-,-,4.10,0.74%,"1,528"
SSVIV,311.27M,-,-,-,-,12.80,12.80,0.00,0.00,-,-,-,-,10.15,0.00%,0
SSVIX,-,-,-,-,-,-,-,-,-,-,-,-,-,28.57,0.00%,0
SSVM,2.58B,0.26%,2.30%,3.66%,2.83%,3.51,3.46,0.12,0.12,60.77%,56.51%,6.32%,Aug 10/a,11.68,-1.29%,"2,173"
SSVOL,-,16.83%,-,-,-,-,-,-,-,-,-,-,-,16.84,0.00%,0
SSVRA,1.12B,-,-78.28%,-105.48%,-80.17%,10.13,10.13,0.21,0.21,-,-,-,Aug 11/a,5.45,0.00%,0
SSVRE,5.06M,-,-121.47%,-149.85%,-108.73%,8.39,7.53,0.00,0.01,-52.59%,-6262.21%,-7041.48%,-,2.19,0.00%,0
SSVRN,59.91M,-,-,-,-,-,-,-,-,-,-,-,-,31.93,8.25%,"7,340"
SSVV,1.42B,-,1.24%,5.72%,1.39%,0.84,0.66,3.01,3.23,30.61%,7.98%,1.42%,Aug 06/a,9.22,0.00%,0
SSVXY,-,-,-,-,-,-,-,-,-,-,-,-,-,63.83,0.41%,"4,274"
SSW,23.74B,4.04%,1.09%,2.74%,1.59%,1.45,0.96,0.73,0.79,17.93%,5.76%,1.59%,Jul 29/b,45.41,0.00%,0
SSWAG,27.96M,-,0.09%,0.18%,0.17%,1.96,1.51,0.05,0.07,29.74%,-0.91%,0.05%,Aug 12/b,1.50,0.00%,0
SSWAN,-,3.21%,-,-,-,-,-,-,-,-,-,-,-,33.09,0.00%,0
SSWBI,619.24M,3.77%,4.54%,6.63%,5.51%,3.62,0.98,0.19,0.19,27.44%,6.61%,4.44%,Sep 03/a,13.81,0.00%,0
SSWIM,757.64M,-,0.63%,1.32%,0.75%,2.16,1.44,0.74,0.76,28.35%,6.25%,0.92%,Aug 04/a,6.44,0.62%,149
SSWK,13.13B,3.87%,2.91%,6.89%,4.54%,1.43,0.55,0.53,0.53,31.47%,9.15%,4.07%,Jul 29/b,86.94,-1.96%,31
SSWKS,13.29B,2.81%,3.83%,5.09%,4.54%,3.10,1.94,0.11,0.12,40.71%,8.70%,7.23%,Jul 28/a,88.31,-0.48%,524
SSWMR,371.17M,-,-,-,-,12.28,12.28,0.00,0.00,-,-,-,Aug 13/a,23.29,-0.68%,"2,373"
SSWP,-,5.80%,-,-,-,-,-,-,-,-,-,-,-,28.24,0.00%,0
SSWRD,420.13M,-,-29.83%,-,-25.11%,0.85,0.85,57.89,59.20,-0.71%,-100.23%,-195.39%,-,1.99,0.00%,"1,082"
SSWVL,74.75M,-,7.22%,32.06%,18.97%,1.08,1.08,0.17,0.33,16.19%,-14.37%,5.43%,-,4.20,-1.87%,100
SSWX,6.13B,3.01%,2.27%,6.59%,6.89%,1.12,0.99,0.83,0.85,34.19%,28.68%,29.83%,Aug 05/b,84.65,0.00%,0
SSWZ,76.81M,-,-,-,-,-,-,-,-,-,-,-,-,5.92,0.00%,0
SSXC,806.31M,5.05%,-3.23%,-8.66%,-4.40%,2.25,1.37,1.12,1.13,7.94%,3.16%,-2.88%,Jul 30/b,9.50,0.00%,0
SSXI,3.22B,0.52%,6.65%,14.29%,7.99%,2.40,1.84,0.73,0.75,41.65%,17.13%,11.74%,Jul 30/a,262.51,0.00%,0
SSXQG,-,-,-,-,-,-,-,-,-,-,-,-,-,33.64,0.00%,0
SSXT,5.52B,1.29%,6.90%,13.07%,7.81%,4.39,1.72,0.61,0.61,34.65%,14.05%,9.27%,Jul 24/b,129.65,0.00%,0
SSXTC,3.09M,-,-22.00%,-27.49%,-20.41%,7.93,7.25,0.02,0.04,21.85%,-630.63%,-545.24%,-,2.34,-1.68%,"1,447"
SSXTP,3.55M,-,-191.39%,-321.29%,-293.13%,2.32,1.78,0.06,0.06,26.32%,-708.59%,-709.19%,Aug 14/b,1.01,0.00%,136
SSY,232.93M,-,-9.09%,-15.18%,-14.35%,1.61,1.33,0.13,0.26,44.35%,-15.44%,-13.60%,Aug 31/b,2.74,0.00%,0
SSYBT,2.44B,1.65%,1.53%,13.28%,9.32%,0.17,-,0.29,0.38,-,32.72%,25.43%,Jul 29/b,78.42,-0.49%,"2,035"
SSYF,24.40B,1.71%,2.90%,20.79%,12.14%,3.72,3.72,0.72,0.97,81.40%,28.54%,18.12%,Jul 21/b,75.00,0.00%,1
SSYFI,-,5.98%,-,-,-,-,-,-,-,-,-,-,-,35.35,0.00%,0
SSYK,107.06B,1.27%,7.91%,16.51%,9.68%,2.16,1.33,0.61,0.64,62.97%,24.27%,14.43%,Jul 30/a,279.10,1.79%,860
SSYLD,-,1.77%,-,-,-,-,-,-,-,-,-,-,-,82.97,0.00%,0
SSYM,26.60B,-,0.47%,2.75%,1.74%,1.30,1.20,0.03,0.04,20.34%,1.43%,0.48%,Aug 05/a,43.98,0.04%,"1,503"
SSYNA,3.77B,-,-20.95%,-42.23%,-36.15%,1.12,0.90,0.46,0.94,45.52%,-2.93%,-41.00%,Aug 06/a,95.03,-0.35%,41
SSYNX,6.60M,-,-24.19%,-37.23%,-36.08%,3.11,1.97,0.20,0.24,49.80%,-22.30%,-22.16%,-,1.00,0.00%,0
SSYPR,39.61M,-,-10.09%,-70.01%,-31.98%,1.26,0.44,1.84,2.26,5.43%,-9.64%,-9.25%,Aug 18/b,1.72,0.00%,0
SSYRE,8.11B,-,-19.65%,-21.61%,-15.28%,18.53,18.53,0.00,0.00,-,-,-,Aug 04/a,92.03,0.00%,0
SSYSB,-,4.62%,-,-,-,-,-,-,-,-,-,-,-,86.09,0.00%,0
SSYY,38.54B,2.83%,6.37%,78.11%,10.80%,1.28,0.77,5.10,5.61,18.37%,4.17%,2.08%,Aug 04/b,78.34,-0.11%,1
SSYZ,-,0.44%,-,-,-,-,-,-,-,-,-,-,-,29.52,0.00%,0
SSZK,-,2.60%,-,-,-,-,-,-,-,-,-,-,-,22.55,0.00%,0
SSZZL,219.39M,-,3.31%,3.47%,3.41%,1.13,1.13,0.00,0.00,-,-,-,-,10.46,0.00%,0
TT,175.01B,4.35%,5.19%,20.05%,8.17%,0.87,0.83,1.39,1.47,43.71%,21.23%,16.83%,Jul 22/b,25.54,0.35%,"1,613"
TTABD,-,2.96%,-,-,-,-,-,-,-,-,-,-,-,24.33,0.00%,0
TTAC,3.89B,1.61%,-0.26%,-1.37%,-0.46%,0.84,0.77,1.85,2.38,39.84%,-1.16%,-3.34%,Jul 31/b,12.31,0.00%,0
TTACH,362.60M,-,3.01%,3.16%,3.11%,0.25,0.25,0.00,0.00,-,-,-,-,10.51,0.00%,0
TTACK,-,1.29%,-,-,-,-,-,-,-,-,-,-,-,32.05,0.00%,0
TTACN,-,-,-,-,-,-,-,-,-,-,-,-,-,29.01,0.00%,0
TTACO,392.07M,-,3.03%,3.17%,3.12%,0.13,0.13,0.00,0.00,-,-,-,-,10.45,0.00%,0
TTACT,53.17M,-,-0.84%,-1.25%,-1.13%,2.65,2.06,0.08,0.19,48.69%,-0.80%,-0.75%,Aug 11/a,5.15,0.00%,0
TTACU,-,-,-,-,-,-,-,-,-,-,-,-,-,28.36,0.00%,0
TTAFI,-,3.14%,-,-,-,-,-,-,-,-,-,-,-,24.81,0.00%,0
TTAFL,-,4.25%,-,-,-,-,-,-,-,-,-,-,-,24.00,0.00%,0
TTAFM,-,3.76%,-,-,-,-,-,-,-,-,-,-,-,24.49,0.00%,0
TTAGG,-,4.62%,-,-,-,-,-,-,-,-,-,-,-,41.39,0.00%,0
TTAGS,-,-,-,-,-,-,-,-,-,-,-,-,-,28.09,0.00%,0
TTAIL,-,3.49%,-,-,-,-,-,-,-,-,-,-,-,9.97,0.00%,0
TTAJX,-,-,-,-,-,-,-,-,-,-,-,-,-,24.47,0.00%,0
TTAK,60.75B,3.37%,-1.08%,-2.22%,-1.42%,1.14,0.62,0.58,0.65,54.53%,15.28%,-3.49%,Jul 30/a,19.09,1.06%,10
TTAL,3.95B,-,14.58%,23.80%,20.85%,1.69,1.61,0.07,0.10,56.01%,12.44%,28.43%,Jul 30/b,11.82,0.00%,0
TTALO,2.74B,-,-7.13%,-17.80%,-12.09%,1.61,1.61,0.65,0.66,15.84%,6.28%,-20.46%,Aug 04/a,16.42,0.00%,0
TTALV,-,0.44%,-,-,-,-,-,-,-,-,-,-,-,28.70,0.00%,0
TTAN,-,-,-,-,-,-,-,-,-,-,-,-,-,46.65,-0.13%,525
TTANH,8.61M,-,-23.20%,-25.62%,-27.93%,6.59,6.57,0.01,0.04,18.56%,-31.82%,-80.88%,-,12.87,0.00%,0
TTAOP,5.86M,-,-26.98%,-56.83%,-39.71%,1.87,1.08,0.30,0.50,10.93%,-28.99%,-32.65%,Apr 30/b,0.61,0.00%,0
TTAOX,38.31M,-,-81.43%,-94.45%,-96.28%,19.99,19.99,0.00,0.00,99.59%,-955.39%,-2856.13%,-,5.12,6.67%,"4,303"
TTAOZ,-,-,-,-,-,-,-,-,-,-,-,-,-,89.91,0.00%,0
TTAP,7.06B,5.13%,-9.01%,-19.58%,-14.46%,0.88,0.72,0.58,0.78,33.76%,12.02%,-20.81%,Aug 06/b,37.56,0.00%,1
TTAPR,-,-,-,-,-,-,-,-,-,-,-,-,-,26.83,0.00%,0
TTARA,207.43M,-,-42.05%,-45.80%,-43.01%,10.97,10.97,0.01,0.02,-,-,-,Aug 11/b,3.51,0.00%,0
TTARK,-,25.64%,-,-,-,-,-,-,-,-,-,-,-,57.36,-0.16%,195
TTARS,3.62B,-,-8.40%,-13.68%,-10.67%,3.20,3.17,0.26,0.26,93.28%,-8.00%,-7.67%,Aug 06/b,77.46,0.00%,0
TTASK,793.09M,13.83%,10.65%,25.43%,13.38%,2.95,2.95,1.68,1.82,31.03%,12.36%,8.75%,Aug 05/a,8.65,0.00%,0
TTATT,491.72M,-,9.14%,11.86%,10.31%,4.83,2.61,0.08,0.09,24.98%,9.85%,11.26%,Aug 05/b,37.83,-0.58%,835
TTAVI,94.19M,-,2.91%,2.98%,5.50%,0.10,0.10,0.00,0.02,-,-,-,-,10.76,0.00%,0
TTAWN,-,-,-,-,-,-,-,-,-,-,-,-,-,32.49,0.00%,0
TTAX,-,0.32%,-,-,-,-,-,-,-,-,-,-,-,30.67,0.00%,0
TTAXE,-,3.79%,-,-,-,-,-,-,-,-,-,-,-,49.44,0.00%,0
TTAXF,-,3.96%,-,-,-,-,-,-,-,-,-,-,-,48.47,0.00%,0
TTAXI,-,2.70%,-,-,-,-,-,-,-,-,-,-,-,49.76,0.00%,0
TTAXM,-,3.35%,-,-,-,-,-,-,-,-,-,-,-,48.35,0.00%,0
TTAXS,-,2.39%,-,-,-,-,-,-,-,-,-,-,-,49.74,0.00%,0
TTAXT,-,3.38%,-,-,-,-,-,-,-,-,-,-,-,49.81,0.00%,0
TTAXX,-,3.01%,-,-,-,-,-,-,-,-,-,-,-,50.13,0.00%,0
TTAYD,195.11M,-,11.28%,12.70%,11.75%,12.76,11.22,0.00,0.00,44.05%,17.63%,20.56%,Aug 18/b,60.50,0.00%,0
TTBBB,5.99B,-,-10.91%,-66.67%,-17.26%,0.68,0.44,2.16,2.65,16.38%,-0.92%,-3.68%,Aug 12/a,55.12,5.05%,231
TTBBK,2.05B,-,2.57%,29.63%,25.22%,0.02,-,0.30,1.36,-,37.46%,27.72%,Jul 30/a,50.30,0.04%,14
TTBCH,227.27M,-,-1.40%,-3.23%,-2.03%,2.38,1.30,0.95,1.00,34.54%,4.00%,-1.07%,Aug 06/a,12.69,0.00%,0
TTBCVU,304.85M,-,-,-,-,0.26,0.26,-,-,-,-,-,-,9.91,0.00%,0
TTBF,-,2.65%,-,-,-,-,-,-,-,-,-,-,-,25.59,0.00%,0
TTBFC,-,2.94%,-,-,-,-,-,-,-,-,-,-,-,29.36,0.00%,0
TTBFG,-,2.36%,-,-,-,-,-,-,-,-,-,-,-,33.09,0.00%,0
TTBG,-,2.45%,-,-,-,-,-,-,-,-,-,-,-,37.49,0.00%,0
TTBI,280.39M,-,-8.74%,-20.23%,-14.83%,2.28,2.28,0.50,0.54,19.77%,-1.69%,-3.35%,Aug 04/a,9.21,0.00%,0
TTBIL,-,3.65%,-,-,-,-,-,-,-,-,-,-,-,49.96,-0.00%,3
TTBJL,-,-,-,-,-,-,-,-,-,-,-,-,-,18.95,0.00%,0
TTBLA,977.96M,-,7.72%,12.75%,11.19%,1.11,1.11,0.13,0.17,29.15%,2.63%,6.05%,Aug 05/b,3.62,0.00%,0
TTBLD,663.77M,6.03%,-,-,-,-,-,-,-,-,-,-,-,20.69,0.00%,0
TTBLL,-,3.61%,-,-,-,-,-,-,-,-,-,-,-,105.48,0.00%,0
TTBLU,-,3.60%,-,-,-,-,-,-,-,-,-,-,-,49.42,0.00%,0
TTBN,1.27B,-,-6.53%,-10.82%,-7.64%,2.00,2.00,0.14,0.18,-,-,-,May 13/a,36.52,0.00%,0
TTBPH,885.21M,-,12.01%,20.91%,15.36%,13.54,13.54,0.21,0.25,94.45%,2.12%,51.58%,Aug 10/b,17.05,0.00%,0
TTBT,-,2.51%,-,-,-,-,-,-,-,-,-,-,-,38.60,0.00%,0
TTBUX,-,4.27%,-,-,-,-,-,-,-,-,-,-,-,50.03,0.48%,3
TTBX,-,2.17%,-,-,-,-,-,-,-,-,-,-,-,29.45,0.00%,0
TTBXU,-,0.78%,-,-,-,-,-,-,-,-,-,-,-,40.01,0.00%,0
TTC,3.30M,-,-100.70%,-1080.13%,-331.48%,1.49,1.49,0.35,1.27,73.24%,-217.46%,-406.11%,-,1.92,0.00%,105
TTCAF,-,0.45%,-,-,-,-,-,-,-,-,-,-,-,42.95,0.00%,0
TTCAI,-,0.03%,-,-,-,-,-,-,-,-,-,-,-,48.18,0.00%,0
TTCAL,-,11.68%,-,-,-,-,-,-,-,-,-,-,-,22.21,0.00%,0
TTCAN,-,-,-,-,-,-,-,-,-,-,-,-,-,19.47,0.00%,0
TTCBI,4.13B,0.63%,1.11%,10.19%,8.79%,0.48,-,0.14,0.23,-,23.39%,17.05%,Jul 22/a,95.00,0.00%,0
TTCBK,1.70B,2.73%,1.36%,10.38%,9.63%,0.03,-,0.05,0.06,-,33.89%,24.68%,Jul 23/b,53.03,0.00%,0
TTCBS,48.82M,1.29%,0.75%,6.16%,3.27%,0.52,-,0.84,0.84,-,14.84%,12.68%,-,17.00,0.00%,0
TTCBX,730.15M,-,1.27%,12.74%,8.97%,0.09,-,0.24,0.24,-,22.29%,17.07%,Jul 22/a,43.84,-0.48%,1
TTCGX,161.76M,-,-,-,-,0.02,0.02,-,-,-,-,-,-,14.31,0.00%,0
TTCHI,-,2.33%,-,-,-,-,-,-,-,-,-,-,-,23.18,0.00%,0
TTCHP,-,-,-,-,-,-,-,-,-,-,-,-,-,51.76,0.00%,0
TTCI,348.06M,-,0.71%,0.96%,0.76%,97.05,97.05,0.25,0.25,-6.82%,-18.34%,16.08%,-,39.67,0.00%,0
TTCMD,517.60M,-,9.00%,11.88%,10.58%,4.12,3.68,0.05,0.06,76.08%,10.00%,7.10%,Aug 10/a,22.85,0.00%,0
TTCOM,26.64B,0.16%,9.21%,15.31%,14.31%,1.33,1.33,0.01,0.17,80.04%,15.90%,36.08%,Sep 15/a,41.02,0.90%,"11,206"
TTCPB,-,4.57%,-,-,-,-,-,-,-,-,-,-,-,49.35,0.00%,0
TTCPC,338.97M,16.58%,-6.36%,-16.78%,-7.51%,6.74,6.74,1.62,1.65,143.95%,101.36%,262.23%,Aug 06/b,4.04,0.00%,35
TTCRT,3.07M,-,-128.30%,-185.95%,-615.03%,0.77,0.77,0.00,0.00,-700.00%,-135266.67%,-142700.00%,-,1.21,-4.13%,"12,958"
TTCRX,22.41M,-,-50.09%,-95.80%,-83.79%,3.37,3.37,1.04,1.32,59.47%,-1695.15%,-1655.35%,Aug 12/b,0.33,0.00%,0
TTCV,-,0.25%,-,-,-,-,-,-,-,-,-,-,-,32.11,0.00%,0
TTCX,115.96M,-,-11.38%,-,-23.42%,0.28,0.27,-,-,25.72%,-1.87%,-21.20%,Aug 06/a,10.37,0.00%,0
TTD,209.57B,2.57%,0.78%,12.89%,8.81%,0.53,-,0.46,2.35,-,18.15%,13.80%,Aug 27/b,124.04,0.00%,0
TTDAC,209.89M,-,3.30%,3.44%,3.70%,0.06,0.06,0.00,0.01,-,-,-,-,10.87,0.00%,0
TTDAQ,-,16.42%,-,-,-,-,-,-,-,-,-,-,-,27.43,-0.22%,"1,589"
TTDAX,-,14.49%,-,-,-,-,-,-,-,-,-,-,-,24.45,0.19%,86
TTDAY,938.17M,-,-2.12%,-20.62%,-3.46%,0.81,0.78,6.58,7.23,33.07%,5.57%,-1.81%,Aug 06/b,6.39,0.00%,0
TTDC,2.70B,-,26.98%,119.12%,71.12%,0.91,0.91,0.09,0.17,61.21%,7.92%,27.08%,Aug 04/a,29.02,-1.15%,40
TTDCL,-,-,-,-,-,-,-,-,-,-,-,-,-,15.70,0.00%,0
TTDEC,-,-,-,-,-,-,-,-,-,-,-,-,-,27.38,0.00%,0
TTDF,259.03M,4.36%,-,-,-,-,-,-,-,-,-,-,-,10.33,0.00%,0
TTDG,61.63B,0.02%,7.73%,-,8.38%,3.02,2.01,-,-,57.39%,46.67%,19.09%,Aug 04/b,1115.00,0.48%,2
TTDI,-,1.57%,-,-,-,-,-,-,-,-,-,-,-,47.76,0.00%,0
TTDIC,6.66M,-,-102.97%,-1011.48%,-468.33%,1.23,1.23,1.78,3.30,1.21%,-124.23%,-146.21%,-,1.91,0.00%,"1,216"
TTDIV,-,1.31%,-,-,-,-,-,-,-,-,-,-,-,115.63,0.00%,0
TTDNA,-,-,-,-,-,-,-,-,-,-,-,-,-,25.18,0.00%,0
TTDOC,1.14B,-,-6.28%,-12.99%,-13.24%,0.81,0.78,0.02,0.79,54.25%,-5.85%,-7.13%,Jul 29/a,6.26,-0.16%,126
TTDOG,-,-,-,-,-,-,-,-,-,-,-,-,-,19.80,0.00%,0
TTDOT,-,1.04%,-,-,-,-,-,-,-,-,-,-,-,14.19,0.00%,0
TTDS,3.95B,0.45%,4.90%,10.56%,6.06%,3.82,3.81,0.23,0.24,31.03%,-2.69%,25.23%,Aug 07/b,36.73,0.00%,0
TTDSB,-,2.25%,-,-,-,-,-,-,-,-,-,-,-,24.88,0.00%,0
TTDSC,-,1.56%,-,-,-,-,-,-,-,-,-,-,-,28.58,0.00%,0
TTDTF,-,5.45%,-,-,-,-,-,-,-,-,-,-,-,22.92,0.00%,0
TTDTH,1.96B,-,-503.87%,-,-,0.11,0.11,-,-,-248.66%,-11884.05%,-14045.63%,-,1.73,-1.14%,209
TTDTT,-,5.19%,-,-,-,-,-,-,-,-,-,-,-,23.31,0.00%,0
TTDUP,320.46M,-,-12.93%,-36.76%,-21.05%,0.99,0.99,0.74,0.83,75.33%,-6.68%,-6.65%,Aug 05/a,2.44,1.24%,25
TTDV,-,1.04%,-,-,-,-,-,-,-,-,-,-,-,100.53,0.00%,0
TTDVG,-,0.97%,-,-,-,-,-,-,-,-,-,-,-,49.05,0.00%,0
TTDVI,-,7.37%,-,-,-,-,-,-,-,-,-,-,-,31.51,0.00%,0
TTDW,4.29B,0.22%,11.12%,19.49%,12.10%,3.58,3.47,0.46,0.47,28.36%,17.77%,18.34%,Aug 03/a,86.29,0.84%,22
TTDWD,238.51M,-,3.70%,3.86%,1.93%,4.81,4.81,0.00,0.00,-,-,-,-,10.13,0.00%,0
TTDY,28.23B,-,6.41%,9.16%,7.53%,2.18,1.39,0.19,0.19,39.82%,19.43%,15.30%,Jul 22/b,609.08,0.00%,3
TTE,1.30B,-,-20.53%,-123.16%,-39.08%,1.30,0.67,2.57,2.83,8.35%,-16.98%,-39.80%,Aug 12/b,4.41,-0.90%,"69,476"
TTEAD,45.42M,-,-36.03%,-196.24%,-83.31%,0.98,0.98,85.42,87.75,33.18%,-1.51%,-43.32%,Aug 06/b,0.46,0.00%,0
TTEAM,49.63B,-,-0.89%,-4.48%,-2.40%,0.76,0.76,1.12,1.16,85.30%,4.22%,-0.82%,Aug 06/a,196.06,0.20%,"5,767"
TTEC,-,-,-,-,-,-,-,-,-,-,-,-,-,34.60,0.00%,0
TTECB,-,0.27%,-,-,-,-,-,-,-,-,-,-,-,79.41,0.00%,0
TTECH,11.51B,0.44%,6.95%,9.03%,7.63%,4.55,3.35,0.13,0.14,66.03%,22.42%,14.97%,Aug 12/b,73.37,1.24%,6
TTECK,32.68B,0.58%,5.53%,9.69%,6.98%,3.12,2.33,0.33,0.35,33.97%,29.32%,17.85%,Jul 23/b,66.62,-0.21%,"1,181"
TTECL,-,0.23%,-,-,-,-,-,-,-,-,-,-,-,227.81,-0.88%,"4,902"
TTECS,-,7.82%,-,-,-,-,-,-,-,-,-,-,-,53.50,0.83%,"5,622"
TTECX,520.80M,-,-32.23%,-33.80%,-37.85%,22.29,22.29,0.01,0.02,-,-,-,Aug 06/a,26.64,0.04%,6
TTECY,-,20.28%,-,-,-,-,-,-,-,-,-,-,-,21.08,0.00%,0
TTEI,309.82M,8.86%,-,-,-,-,-,-,-,-,-,-,-,6.56,0.00%,0
TTEK,-,1.17%,-,-,-,-,-,-,-,-,-,-,-,40.53,0.00%,0
TTEKX,-,0.21%,-,-,-,-,-,-,-,-,-,-,-,68.51,0.00%,0
TTEKY,-,0.17%,-,-,-,-,-,-,-,-,-,-,-,45.88,0.00%,0
TTEL,60.80B,1.36%,11.85%,23.55%,16.06%,1.88,1.23,0.42,0.43,36.85%,21.23%,15.61%,Jul 22/b,210.01,0.00%,0
TTELA,58.69M,-,-64.71%,-616.62%,-102.40%,2.99,2.38,-,-,67.81%,-42.56%,-51.53%,Aug 10/a,1.30,0.00%,150
TTELG,-,-,-,-,-,-,-,-,-,-,-,-,-,13.35,0.00%,0
TTELO,88.22M,-,-189.68%,-213.10%,-116.74%,16.14,16.14,0.00,0.03,-,-,-,Sep 02,1.28,3.45%,"1,315"
TTEM,13.98B,-,-12.75%,-67.44%,-13.56%,3.30,3.16,3.22,3.25,62.92%,-18.92%,-17.77%,Jul 30/a,77.46,-0.74%,"25,100"
TTEMC,-,-,-,-,-,-,-,-,-,-,-,-,-,33.06,0.00%,0
TTEMD,-,4.24%,-,-,-,-,-,-,-,-,-,-,-,24.70,0.00%,0
TTEMT,-,-,-,-,-,-,-,-,-,-,-,-,-,36.05,0.19%,360
TTEMX,-,0.83%,-,-,-,-,-,-,-,-,-,-,-,38.57,0.00%,0
TTEN,1.50B,3.93%,7.88%,16.89%,7.76%,0.95,0.92,1.02,1.02,43.10%,38.29%,30.79%,Sep 10/b,50.92,0.00%,0
TTENB,3.99B,-,0.42%,2.46%,1.11%,0.72,0.72,2.06,2.12,78.05%,4.20%,0.65%,Jul 29/a,36.20,0.00%,723
TTEND,-,0.09%,-,-,-,-,-,-,-,-,-,-,-,28.17,0.00%,0
TTENJ,-,0.23%,-,-,-,-,-,-,-,-,-,-,-,28.47,0.00%,0
TTENM,-,0.27%,-,-,-,-,-,-,-,-,-,-,-,27.80,0.00%,0
TTENX,70.42M,-,-57.02%,-59.80%,-57.10%,15.07,15.07,0.00,0.00,-,-,-,Jul 31/b,1.88,0.09%,"2,709"
TTEO,1.77B,2.53%,4.00%,9.02%,5.50%,0.58,0.55,0.54,0.64,29.89%,9.36%,7.30%,Aug 07/b,14.09,0.00%,0
TTEQI,-,1.46%,-,-,-,-,-,-,-,-,-,-,-,52.06,0.00%,0
TTER,59.10B,0.14%,26.48%,36.66%,32.68%,2.12,1.39,0.02,0.03,59.06%,30.88%,25.77%,Jul 28/a,378.00,-0.93%,"9,141"
TTERC,-,-,-,-,-,-,-,-,-,-,-,-,-,21.64,0.00%,0
TTERG,-,-,-,-,-,-,-,-,-,-,-,-,-,39.83,-0.37%,"1,013"
TTESC,-,-,-,-,-,-,-,-,-,-,-,-,-,22.40,0.00%,0
TTESL,-,33.37%,-,-,-,-,-,-,-,-,-,-,-,14.36,0.00%,0
TTEST,-,24.16%,-,-,-,-,-,-,-,-,-,-,-,37.98,0.00%,0
TTETH,-,0.23%,-,-,-,-,-,-,-,-,-,-,-,13.80,0.00%,0
TTEUP,-,-,-,-,-,-,-,-,-,-,-,-,-,24.61,0.00%,0
TTEVA,46.38B,-,1.77%,9.68%,3.51%,0.88,0.67,1.60,2.18,52.52%,18.83%,4.07%,Jul 29/b,39.80,-0.65%,"1,729"
TTEX,6.73B,1.11%,1.76%,4.21%,1.91%,1.82,0.93,0.54,0.55,16.25%,7.04%,2.17%,Jul 30/b,58.92,0.00%,0
TTEXN,-,1.39%,-,-,-,-,-,-,-,-,-,-,-,33.57,0.00%,0
TTEXU,-,1.35%,-,-,-,-,-,-,-,-,-,-,-,38.86,0.00%,0
TTEXX,-,-,-,-,-,-,-,-,-,-,-,-,-,29.63,0.00%,0
TTFC,59.86B,4.28%,1.06%,9.06%,5.39%,0.47,-,0.69,1.11,-,22.31%,18.07%,Oct 16/b,49.00,0.00%,9
TTFFI,-,-,-,-,-,-,-,-,-,-,-,-,-,21.43,0.00%,0
TTFGZ,-,-,-,-,-,-,-,-,-,-,-,-,-,35.97,0.00%,0
TTFI,-,3.70%,-,-,-,-,-,-,-,-,-,-,-,43.59,0.00%,0
TTFII,10.31B,1.28%,4.57%,12.41%,6.18%,1.09,1.08,0.98,1.11,12.38%,7.09%,4.13%,Jul 27/a,125.49,0.00%,0
TTFIN,1.49B,-,0.56%,4.12%,3.59%,0.17,-,0.12,0.12,-,9.29%,6.56%,Jul 21/a,62.37,0.00%,0
TTFJL,-,-,-,-,-,-,-,-,-,-,-,-,-,18.63,0.00%,0
TTFLO,-,3.74%,-,-,-,-,-,-,-,-,-,-,-,50.66,0.06%,24
TTFLR,-,6.58%,-,-,-,-,-,-,-,-,-,-,-,50.89,0.00%,0
TTFNS,-,0.47%,-,-,-,-,-,-,-,-,-,-,-,28.71,0.00%,0
TTFPM,6.75B,0.72%,18.64%,20.15%,16.36%,3.67,3.67,0.10,0.10,70.51%,64.33%,84.32%,Aug 05/a,32.76,0.00%,0
TTFPN,-,-,-,-,-,-,-,-,-,-,-,-,-,30.40,0.00%,0
TTFSL,4.70B,6.98%,0.57%,5.25%,1.30%,0.19,-,2.97,2.97,-,15.66%,12.21%,Jul 30/a,16.76,-0.37%,1
TTFX,5.29B,0.92%,-5.30%,-10.51%,-18.13%,2.60,2.12,0.96,0.99,60.89%,11.02%,-39.67%,Aug 06/b,124.80,0.00%,0
TTG,244.96M,-,8.34%,15.47%,11.43%,1.73,1.01,0.25,0.27,13.72%,4.18%,4.19%,Aug 07/b,7.01,0.00%,0
TTGB,3.17B,-,0.64%,2.23%,0.89%,1.24,0.76,1.11,1.18,32.71%,28.30%,1.60%,Aug 05/a,8.67,0.00%,0
TTGE,42.16M,-,-0.59%,-1.11%,-0.72%,1.67,1.67,0.47,0.54,-68.32%,-105.86%,-14.27%,Apr 29/a,0.87,0.00%,0
TTGEN,99.92M,-,-34.67%,-77.52%,-53.24%,2.93,1.46,0.10,0.15,36.22%,-38.26%,-42.28%,Aug 12/a,3.31,0.00%,0
TTGHL,19.73M,-,-,-,-,-,-,-,-,-,-,-,-,0.78,-4.76%,561
TTGL,5.75M,-,-117.44%,-136.20%,-198.62%,3.57,3.57,0.00,0.00,15.30%,-293.86%,-791.47%,-,2.94,-0.68%,"1,585"
TTGLB,-,0.17%,-,-,-,-,-,-,-,-,-,-,-,30.72,0.00%,0
TTGLR,-,0.60%,-,-,-,-,-,-,-,-,-,-,-,39.65,0.00%,0
TTGLS,1.62B,1.65%,9.94%,17.02%,12.87%,1.86,1.17,0.28,0.29,38.72%,18.13%,12.36%,Aug 06/b,36.46,0.00%,0
TTGRT,-,0.07%,-,-,-,-,-,-,-,-,-,-,-,47.52,0.00%,0
TTGRW,-,-,-,-,-,-,-,-,-,-,-,-,-,48.76,0.00%,0
TTGRZ,-,-,-,-,-,-,-,-,-,-,-,-,-,17.12,0.00%,0
TTGS,1.94B,-,10.32%,16.37%,10.58%,3.67,3.43,0.39,0.42,53.44%,43.73%,27.57%,Aug 04/b,27.89,0.00%,0
TTGT,71.65B,2.59%,7.38%,26.41%,12.41%,0.99,0.36,0.98,1.07,26.83%,5.74%,4.08%,Aug 19/b,157.72,0.01%,"1,633"
TTGTX,8.75B,-,37.70%,100.28%,32.54%,4.27,3.72,1.25,1.25,82.37%,17.05%,55.22%,Aug 03/b,57.16,0.00%,0
TTH,2.12B,-,-6.34%,-9.77%,-9.13%,0.65,0.65,0.11,0.13,5.16%,-9.44%,-10.85%,Aug 10/b,21.32,0.19%,13
TTHC,21.01B,-,7.55%,53.31%,12.63%,1.41,1.35,2.81,2.84,16.47%,16.47%,10.27%,Jul 23/a,260.97,0.00%,0
TTHCH,43.25M,-,-42.07%,-,-,0.28,0.25,-,-,4.91%,-21.65%,-42.48%,Aug 18/b,1.35,0.00%,0
TTHD,-,3.44%,-,-,-,-,-,-,-,-,-,-,-,73.49,0.00%,0
TTHEO,205.27M,-,-,-,-,0.00,0.00,-,-,-,-,-,-,9.89,0.00%,0
TTHEQ,-,0.47%,-,-,-,-,-,-,-,-,-,-,-,30.48,0.00%,0
TTHFF,1.21B,2.95%,1.44%,13.42%,12.36%,0.08,-,0.01,0.90,-,28.83%,23.30%,Jul 28/b,75.94,0.00%,0
TTHG,7.77B,1.73%,5.28%,21.88%,16.92%,0.37,-,0.22,0.23,-,14.98%,11.17%,Jul 28/a,223.21,0.00%,0
TTHH,7.93M,-,-,-,-,-,-,-,-,-,-,-,-,1.59,0.00%,0
TTHIR,-,0.33%,-,-,-,-,-,-,-,-,-,-,-,34.06,0.00%,0
TTHLV,-,1.68%,-,-,-,-,-,-,-,-,-,-,-,31.55,0.00%,0
TTHM,688.11M,-,-2.79%,-2.82%,-1.91%,46.12,46.12,0.00,0.00,-,-,-,Aug 12/a,2.63,0.00%,0
TTHMR,-,-,-,-,-,-,-,-,-,-,-,-,-,26.18,0.00%,0
TTHMZ,-,0.39%,-,-,-,-,-,-,-,-,-,-,-,34.63,0.00%,0
TTHNQ,-,0.14%,-,-,-,-,-,-,-,-,-,-,-,96.14,0.22%,400
TTHNR,-,1.61%,-,-,-,-,-,-,-,-,-,-,-,25.67,0.00%,0
TTHO,3.65B,2.96%,3.66%,6.15%,5.03%,1.71,0.80,0.21,0.23,12.06%,2.54%,2.67%,Sep 22/b,70.12,0.26%,431
TTHOR,-,0.41%,-,-,-,-,-,-,-,-,-,-,-,26.08,0.00%,0
TTHQ,798.09M,11.16%,-,-,-,-,-,-,-,-,-,-,-,19.26,0.00%,1
TTHRM,1.12B,-,1.86%,3.74%,2.56%,2.06,1.49,0.44,0.45,23.70%,5.01%,1.68%,Jul 23/b,36.28,0.00%,0
TTHRO,-,0.29%,-,-,-,-,-,-,-,-,-,-,-,44.60,0.00%,0
TTHRV,-,7.58%,-,-,-,-,-,-,-,-,-,-,-,23.54,0.00%,0
TTHRY,90.66M,-,-2.40%,-7.56%,-3.84%,0.94,0.94,0.99,1.15,66.14%,9.20%,-2.27%,Aug 04/b,2.04,2.00%,"2,401"
TTHTA,-,10.65%,-,-,-,-,-,-,-,-,-,-,-,15.66,0.00%,0
TTHW,552.73M,10.27%,-,-,-,-,-,-,-,-,-,-,-,13.70,0.00%,1
TTHY,-,5.30%,-,-,-,-,-,-,-,-,-,-,-,21.33,0.00%,0
TTHYF,-,6.92%,-,-,-,-,-,-,-,-,-,-,-,50.78,0.00%,0
TTHYM,-,3.45%,-,-,-,-,-,-,-,-,-,-,-,48.76,0.00%,0
TTHYP,-,0.07%,-,-,-,-,-,-,-,-,-,-,-,54.15,0.00%,0
TTIC,2.02B,-,-3.53%,-7.04%,-3.08%,2.91,2.91,0.79,0.81,25.90%,-0.96%,-5.94%,Aug 06/b,9.24,0.00%,0
TTIER,-,0.64%,-,-,-,-,-,-,-,-,-,-,-,32.97,0.00%,0
TTIGO,15.75B,4.34%,3.72%,22.16%,5.15%,0.53,0.51,4.26,4.85,53.43%,23.01%,9.19%,Aug 06/b,94.01,-1.16%,12
TTIGR,847.63M,-,1.22%,13.63%,11.87%,1.10,1.10,0.06,0.07,95.25%,43.97%,16.21%,Aug 26/b,4.89,0.00%,603
TTIH,-,-,-,-,-,-,-,-,-,-,-,-,-,25.20,0.00%,0
TTII,293.98M,-,-12.91%,-59.85%,-21.27%,1.82,1.22,0.63,1.02,26.24%,8.73%,-10.58%,Aug 12/b,2.97,-0.67%,936
TTIIV,-,2.88%,-,-,-,-,-,-,-,-,-,-,-,30.61,0.00%,0
TTIL,47.95M,-,-14.13%,-25.33%,-15.58%,21.67,21.67,0.81,0.81,-,-,-,Aug 13/a,7.07,0.00%,0
TTILC,-,-,-,-,-,-,-,-,-,-,-,-,-,25.66,0.00%,0
TTILE,1.98B,0.35%,11.42%,23.23%,15.45%,2.53,1.35,0.39,0.43,39.40%,12.32%,10.10%,Aug 07/b,34.24,0.00%,0
TTILL,-,4.02%,-,-,-,-,-,-,-,-,-,-,-,20.58,0.00%,0
TTILT,-,1.06%,-,-,-,-,-,-,-,-,-,-,-,282.43,0.00%,0
TTIMB,9.04B,11.10%,7.59%,17.29%,10.90%,0.85,0.82,0.55,0.66,51.25%,25.00%,15.72%,Jul 27/a,18.93,0.00%,0
TTIME,-,0.67%,-,-,-,-,-,-,-,-,-,-,-,27.86,0.00%,0
TTINS,-,0.21%,-,-,-,-,-,-,-,-,-,-,-,29.05,0.00%,0
TTINT,-,1.19%,-,-,-,-,-,-,-,-,-,-,-,38.10,0.00%,0
TTINY,-,0.19%,-,-,-,-,-,-,-,-,-,-,-,75.96,0.00%,0
TTIP,-,4.64%,-,-,-,-,-,-,-,-,-,-,-,105.68,0.00%,78
TTIPA,-,4.24%,-,-,-,-,-,-,-,-,-,-,-,98.17,0.00%,0
TTIPB,-,5.24%,-,-,-,-,-,-,-,-,-,-,-,96.43,0.00%,0
TTIPC,-,6.22%,-,-,-,-,-,-,-,-,-,-,-,94.90,0.00%,0
TTIPD,-,7.55%,-,-,-,-,-,-,-,-,-,-,-,93.42,0.00%,0
TTIPE,-,-,-,-,-,-,-,-,-,-,-,-,-,98.68,0.00%,0
TTIPF,-,-,-,-,-,-,-,-,-,-,-,-,-,98.11,0.00%,0
TTIPG,-,-,-,-,-,-,-,-,-,-,-,-,-,97.91,0.00%,0
TTIPH,-,-,-,-,-,-,-,-,-,-,-,-,-,97.94,0.00%,0
TTIPT,650.58M,1.37%,-0.66%,-2.34%,-9.18%,5.07,-,0.01,0.01,-,4.96%,-15.51%,Jul 29/b,17.47,0.00%,0
TTIPX,-,5.26%,-,-,-,-,-,-,-,-,-,-,-,18.36,0.00%,0
TTIPZ,-,5.93%,-,-,-,-,-,-,-,-,-,-,-,50.42,0.00%,0
TTISC,-,-,-,-,-,-,-,-,-,-,-,-,-,24.13,0.00%,0
TTISI,128.38M,-,-6.37%,-336.96%,-9.19%,2.29,1.96,43.63,46.19,22.28%,1.14%,-4.78%,Aug 10/a,28.01,0.00%,0
TTITN,560.08M,-,-3.24%,-9.72%,-7.20%,1.35,0.21,0.41,1.59,15.69%,-0.22%,-2.46%,Aug 27/b,23.80,0.00%,0
TTIZE,-,-,-,-,-,-,-,-,-,-,-,-,-,34.05,0.00%,0
TTJAN,-,-,-,-,-,-,-,-,-,-,-,-,-,28.62,0.00%,0
TTJGC,154.94M,-,-61.36%,-130.83%,-187.56%,1.08,1.08,1.04,2.61,21.53%,-73.82%,-81.88%,-,15.34,-12.74%,110
TTJUL,-,-,-,-,-,-,-,-,-,-,-,-,-,30.65,0.00%,0
TTJUN,-,-,-,-,-,-,-,-,-,-,-,-,-,23.48,0.00%,0
TTJX,144.19B,1.41%,17.33%,62.17%,27.26%,1.15,0.56,1.09,1.34,31.87%,12.45%,9.73%,Aug 19/b,131.08,0.09%,939
TTK,1.26B,-,7.41%,25.64%,23.24%,10.36,10.10,0.03,0.05,-,47.50%,15.78%,Jul 29/a,14.36,0.00%,0
TTKC,4.50B,4.03%,3.53%,7.43%,4.35%,1.49,1.48,0.57,0.69,27.33%,15.36%,7.22%,Aug 13/a,5.17,0.00%,0
TTKLF,7.25M,7.00%,0.36%,1.69%,1.16%,1.30,1.22,0.49,1.83,7.53%,0.87%,0.19%,-,1.72,0.00%,0
TTKNO,447.76M,-,-16.25%,-24.19%,-19.04%,4.49,3.48,0.41,0.44,31.97%,-35.08%,-38.37%,Aug 05/a,8.34,0.00%,0
TTKNQ,-,-,-,-,-,-,-,-,-,-,-,-,-,26.58,0.00%,0
TTKNS,-,-,-,-,-,-,-,-,-,-,-,-,-,29.77,0.00%,0
TTKNZ,-,-,-,-,-,-,-,-,-,-,-,-,-,34.45,0.00%,0
TTKO,36.18B,0.82%,1.45%,5.99%,2.78%,1.22,1.20,1.43,1.46,49.51%,21.93%,4.33%,Aug 03/a,191.15,0.02%,14
TTKR,7.96B,1.25%,3.79%,8.23%,4.86%,3.10,1.74,0.67,0.69,31.14%,15.03%,5.43%,Aug 04/b,114.84,0.00%,0
TTKVA,-,-,-,-,-,5.85,5.85,-,-,-,-,-,-,-,-,0
TTLA,-,11.17%,-,-,-,-,-,-,-,-,-,-,-,24.76,0.00%,0
TTLAC,102.54M,-,-,-,-,0.00,0.00,0.00,0.02,-,-,-,-,9.86,0.00%,0
TTLCI,-,0.58%,-,-,-,-,-,-,-,-,-,-,-,26.80,0.00%,0
TTLDR,-,2.24%,-,-,-,-,-,-,-,-,-,-,-,25.01,0.00%,0
TTLF,21.30M,-,-2.09%,-3.17%,-2.31%,4.55,0.76,0.52,0.60,50.71%,-0.49%,-2.14%,Aug 11/a,2.60,0.00%,0
TTLG,-,-,-,-,-,-,-,-,-,-,-,-,-,28.14,0.00%,0
TTLH,-,4.66%,-,-,-,-,-,-,-,-,-,-,-,95.58,-0.22%,14
TTLIH,16.91M,-,7.63%,48.83%,22.71%,0.87,0.56,0.45,1.86,22.67%,9.90%,7.35%,-,5.75,0.00%,0
TTLK,13.67B,8.41%,5.90%,14.00%,11.22%,0.78,0.77,0.39,0.68,30.72%,23.86%,11.61%,Aug 05,13.87,0.00%,0
TTLN,14.37B,-,-1.77%,-12.93%,-1.66%,0.78,0.55,5.91,5.92,61.66%,31.09%,-3.95%,Aug 05/a,300.00,0.01%,379
TTLNC,347.27M,-,4.59%,4.80%,2.40%,3.40,3.40,0.00,0.00,-,-,-,-,10.22,0.00%,0
TTLPH,60.73M,-,-69.60%,-143.36%,-72.12%,4.29,4.29,0.45,0.45,-,-,-,Aug 12/a,1.17,0.00%,0
TTLRY,554.35M,-,-5.43%,-7.77%,-6.15%,2.21,1.37,0.22,0.25,26.31%,-6.04%,-13.26%,Jul 28/a,4.07,-0.25%,"1,409"
TTLS,301.19M,-,-10.33%,-14.86%,-16.06%,2.04,1.92,0.05,0.07,36.66%,-1.96%,-8.13%,Aug 10/b,4.03,0.00%,0
TTLSA,116.07M,-,-161.82%,-924.32%,-6444.41%,0.76,0.76,4.60,9.20,-,-,-,Sep 18,0.90,0.00%,0
TTLSI,306.64M,-,-54.38%,-,-69.26%,5.35,4.97,5.22,5.26,85.79%,-67.68%,-130.17%,Aug 06/a,4.98,0.00%,0
TTLT,-,4.75%,-,-,-,-,-,-,-,-,-,-,-,81.96,0.20%,"188,699"
TTLTD,-,3.22%,-,-,-,-,-,-,-,-,-,-,-,103.11,0.00%,0
TTLTE,-,3.19%,-,-,-,-,-,-,-,-,-,-,-,78.38,0.00%,0
TTLTI,-,6.40%,-,-,-,-,-,-,-,-,-,-,-,43.22,0.00%,0
TTLTP,-,13.53%,-,-,-,-,-,-,-,-,-,-,-,20.32,2.49%,1
TTLTW,-,10.61%,-,-,-,-,-,-,-,-,-,-,-,21.15,0.14%,"2,511"
TTLTX,-,19.39%,-,-,-,-,-,-,-,-,-,-,-,21.03,0.00%,0
TTLX,4.06B,-,2.63%,7.39%,3.20%,2.01,1.85,1.16,1.19,52.13%,-0.81%,3.76%,Aug 19/a,11.94,5.57%,"3,810"
TTLYS,120.21M,-,0.57%,2.32%,0.95%,1.16,0.59,1.39,1.95,32.29%,-8.73%,0.34%,Sep 02/a,3.93,0.00%,0
TTM,229.45B,3.38%,4.53%,12.09%,7.43%,1.17,1.00,0.70,1.18,16.74%,7.05%,8.61%,Aug 04/b,193.76,0.65%,20
TTMAR,-,-,-,-,-,-,-,-,-,-,-,-,-,27.17,0.00%,0
TTMAT,-,0.02%,-,-,-,-,-,-,-,-,-,-,-,29.22,0.00%,0
TTMB,-,4.33%,-,-,-,-,-,-,-,-,-,-,-,24.99,0.00%,0
TTMC,1.82B,-,-172.41%,-1123.19%,-259.98%,1.93,1.93,-,-,-,-,-,Aug 13/a,4.13,-0.26%,"8,948"
TTMCI,291.35M,-,-30.72%,-71.99%,-43.48%,2.90,1.95,1.02,1.08,79.45%,-26.17%,-28.99%,Aug 07/b,4.48,0.00%,0
TTMCR,307.05M,-,-,-,-9.71%,1.67,1.67,0.35,0.35,-,-,-,Sep 02,4.87,0.00%,0
TTMDE,17.19M,-,-2.90%,-17.10%,-22.99%,0.85,0.77,0.04,7.27,1.55%,0.64%,-0.54%,-,0.73,4.18%,190
TTMDV,-,2.56%,-,-,-,-,-,-,-,-,-,-,-,50.79,0.00%,0
TTMDX,3.03B,-,12.88%,36.28%,11.14%,6.62,6.07,1.63,1.67,57.75%,12.21%,22.69%,Aug 04/a,87.48,0.22%,16
TTME,4.89B,2.16%,7.91%,10.98%,9.73%,1.74,1.74,0.14,0.22,44.32%,29.40%,26.30%,Aug 11/b,8.17,-0.01%,"7,394"
TTMED,-,0.47%,-,-,-,-,-,-,-,-,-,-,-,34.23,0.00%,0
TTMF,-,4.64%,-,-,-,-,-,-,-,-,-,-,-,30.13,-0.33%,"188,615"
TTMFC,-,0.11%,-,-,-,-,-,-,-,-,-,-,-,80.95,-0.21%,15
TTMFE,-,0.17%,-,-,-,-,-,-,-,-,-,-,-,30.84,0.00%,0
TTMFG,-,0.26%,-,-,-,-,-,-,-,-,-,-,-,30.70,0.00%,0
TTMFM,-,-,-,-,-,-,-,-,-,-,-,-,-,21.52,0.00%,0
TTMFS,-,-,-,-,-,-,-,-,-,-,-,-,-,33.47,0.00%,0
TTMFX,-,0.05%,-,-,-,-,-,-,-,-,-,-,-,23.94,0.00%,0
TTMGN,-,1.58%,-,-,-,-,-,-,-,-,-,-,-,26.53,0.00%,0
TTMH,-,15.85%,-,-,-,-,-,-,-,-,-,-,-,50.48,0.00%,0
TTMID,-,-,-,-,-,-,-,-,-,-,-,-,-,25.30,0.00%,0
TTMLP,-,3.63%,-,-,-,-,-,-,-,-,-,-,-,29.89,0.00%,0
TTMNL,-,3.31%,-,-,-,-,-,-,-,-,-,-,-,48.39,0.00%,0
TTMNS,-,2.59%,-,-,-,-,-,-,-,-,-,-,-,49.29,0.00%,0
TTMO,243.99B,0.28%,6.50%,13.51%,7.59%,1.55,1.18,0.74,0.81,40.19%,19.09%,15.04%,Jul 23/b,659.88,0.17%,128
TTMP,1.42B,2.78%,2.04%,20.36%,11.64%,0.09,-,0.57,0.76,-,14.12%,44.53%,Jul 24/b,98.67,0.19%,35
TTMQ,587.35M,-,-35.33%,-40.54%,-42.98%,1.11,1.11,0.00,0.00,-,-,-,Jul 08/b,3.40,1.80%,"3,540"
TTMS,579.71M,-,-0.77%,-1.99%,-1.23%,0.73,0.53,1.47,3.47,39.41%,0.41%,-2.21%,Aug 14/b,7.87,0.00%,0
TTMSF,-,4.21%,-,-,-,-,-,-,-,-,-,-,-,49.78,0.00%,0
TTMSL,-,0.49%,-,-,-,-,-,-,-,-,-,-,-,41.40,0.00%,0
TTMTS,307.59M,-,-,-,-,10.29,10.29,0.00,0.00,-,-,-,-,10.03,0.00%,0
TTMUS,178.28B,2.49%,4.96%,17.99%,6.41%,0.92,0.83,1.93,2.12,46.59%,21.17%,11.45%,Jul 23/b,166.20,0.56%,"2,506"
TTMV,-,2.25%,-,-,-,-,-,-,-,-,-,-,-,42.58,-1.55%,"13,133"
TTMVE,-,0.10%,-,-,-,-,-,-,-,-,-,-,-,17.33,0.00%,0
TTMYY,-,30.52%,-,-,-,-,-,-,-,-,-,-,-,22.06,0.00%,0
TTNA,-,0.29%,-,-,-,-,-,-,-,-,-,-,-,62.95,0.11%,"31,688"
TTNC,1.12B,1.88%,1.46%,3.09%,1.98%,2.04,1.37,0.73,0.73,38.77%,3.81%,1.50%,Aug 05/a,65.83,0.00%,0
TTNDM,1.23B,-,-6.24%,-48.03%,-7.45%,3.18,2.65,5.51,5.67,55.99%,-4.17%,-6.08%,Aug 06/a,17.62,0.00%,0
TTNET,3.06B,1.71%,4.98%,150.86%,16.43%,1.13,1.13,7.52,7.60,17.71%,6.61%,3.58%,Jul 30/b,66.66,0.00%,0
TTNGX,3.88B,-,-18.86%,-21.34%,-11.74%,50.82,50.82,0.03,0.03,96.43%,-253.38%,-229.92%,Aug 11/b,22.99,2.95%,110
TTNGY,-,4.24%,-,-,-,-,-,-,-,-,-,-,-,11.03,0.00%,0
TTNK,3.30B,2.37%,25.45%,28.04%,24.80%,9.99,9.73,0.00,0.01,42.92%,38.75%,51.35%,Jul 29/a,95.12,-3.69%,2
TTNL,3.86B,3.84%,3.47%,-,5.74%,6.47,4.83,-,-,30.14%,17.59%,5.81%,Jul 22/b,63.04,0.00%,1
TTNMG,3.03M,-,-62.37%,-238.76%,-574.99%,0.50,0.50,7.42,17.92,31.05%,-23.04%,-98.96%,May 12/b,3.99,-8.06%,"4,025"
TTNON,3.86M,-,-130.22%,-551.19%,-,0.58,0.48,-,-,66.81%,-228.03%,-257.85%,Aug 13/a,3.74,0.34%,"8,922"
TTNUK,-,-,-,-,-,-,-,-,-,-,-,-,-,23.24,0.00%,0
TTNXP,187.80M,-,-72.34%,-81.82%,-71.50%,6.61,6.46,0.00,0.01,76.53%,-568.43%,-548.64%,Aug 10/b,10.95,2.15%,89
TTNXT,-,-,-,-,-,-,-,-,-,-,-,-,-,28.75,0.00%,0
TTNYA,151.25M,-,-95.61%,-121.86%,-146.31%,4.52,4.52,0.02,0.06,-435.73%,-6192.88%,-7723.97%,Aug 05/a,0.67,0.10%,"1,191"
TTOAK,-,-,-,-,-,-,-,-,-,-,-,-,-,29.06,0.00%,0
TTOAO,-,-,-,-,-,-,-,-,-,-,-,-,-,27.59,0.00%,0
TTOCT,-,-,-,-,-,-,-,-,-,-,-,-,-,27.31,0.00%,0
TTOGA,-,-,-,-,-,-,-,-,-,-,-,-,-,29.92,0.00%,0
TTOK,-,1.27%,-,-,-,-,-,-,-,-,-,-,-,155.35,0.00%,0
TTOL,12.49B,0.76%,8.24%,14.42%,10.61%,3.77,0.32,0.32,0.34,24.34%,14.43%,11.14%,Aug 18/a,135.50,0.00%,0
TTOLL,-,0.25%,-,-,-,-,-,-,-,-,-,-,-,40.80,0.00%,0
TTOLZ,-,3.10%,-,-,-,-,-,-,-,-,-,-,-,57.16,0.00%,0
TTOMZ,12.22M,-,-40.92%,-168.84%,-73.84%,1.49,0.67,2.27,2.37,49.48%,-40.95%,-49.77%,Aug 14/b,1.50,5.01%,"19,863"
TTONT,154.27M,-,3.10%,3.33%,6.56%,0.01,0.01,0.00,0.00,-,-,-,-,10.90,0.00%,0
TTONX,213.13M,-,-70.71%,-72.24%,-38.08%,6.39,6.39,0.00,0.00,80.75%,-104.95%,-516.22%,Aug 11/b,3.87,0.78%,92
TTOON,35.95M,-,10.67%,21.74%,15.59%,2.00,2.00,0.07,0.34,-1746.54%,-3056.45%,619.82%,Aug 14/b,0.58,0.00%,0
TTOP,1.87B,-,-1.76%,-3.40%,-3.07%,2.69,2.69,0.04,0.06,70.75%,-14.34%,-24.79%,-,15.14,0.00%,23
TTOPC,-,1.02%,-,-,-,-,-,-,-,-,-,-,-,35.12,0.00%,0
TTOPP,3.27M,-,-47.75%,-58.59%,-50.73%,5.65,5.65,0.04,0.11,-1.40%,-40.60%,-35.65%,Aug 12/a,0.13,-5.16%,"13,900"
TTOPS,11.12M,-,0.50%,1.83%,0.59%,0.48,0.46,2.69,2.81,55.72%,31.66%,-1.00%,Sep 16/b,1.49,107.52%,"17,391,305"
TTOPT,-,0.35%,-,-,-,-,-,-,-,-,-,-,-,35.21,-0.22%,590
TTOPW,-,49.15%,-,-,-,-,-,-,-,-,-,-,-,34.50,-1.09%,57
TTORO,203.90M,-,1.48%,1.50%,1.53%,22.23,22.23,0.00,0.00,29.40%,-21.02%,1.50%,-,5.90,0.00%,25
TTOS,-,-,-,-,-,-,-,-,-,-,-,-,-,30.43,0.00%,0
TTOST,17.43B,-,16.34%,25.16%,23.77%,2.30,2.11,0.00,0.00,26.68%,6.39%,7.14%,Aug 04/a,29.99,0.65%,72
TTOT,-,-,-,-,-,-,-,-,-,-,-,-,-,24.34,0.00%,0
TTOTL,-,5.46%,-,-,-,-,-,-,-,-,-,-,-,38.03,0.00%,0
TTOTR,-,5.40%,-,-,-,-,-,-,-,-,-,-,-,39.10,0.00%,0
TTOUR,51.36M,22.58%,1.34%,2.26%,2.33%,1.94,1.94,0.00,0.00,55.21%,0.65%,3.73%,Aug 25/b,5.30,0.00%,0
TTOUS,-,1.53%,-,-,-,-,-,-,-,-,-,-,-,39.14,0.00%,0
TTOV,-,0.82%,-,-,-,-,-,-,-,-,-,-,-,32.72,0.00%,0
TTOVX,10.61M,-,-32.87%,-101.87%,-76.53%,1.13,1.13,0.25,0.29,65.67%,-4224.33%,-4376.00%,Aug 11/b,0.23,0.17%,"1,686"
TTOWN,3.35B,4.96%,1.54%,12.01%,9.22%,0.12,-,0.14,0.17,-,36.59%,22.15%,Jul 23/b,36.37,-0.90%,1
TTOXR,-,-,-,-,-,-,-,-,-,-,-,-,-,14.65,0.00%,0
TTOYO,190.95M,-,11.54%,46.52%,16.27%,1.12,0.58,0.16,0.30,22.54%,13.81%,9.28%,Aug 19/b,4.47,0.00%,16
TTP,104.63M,-,-,-,-,1.10,1.10,1.65,1.84,-,-,-,Sep 02,8.19,0.00%,0
TTPAY,-,5.45%,-,-,-,-,-,-,-,-,-,-,-,54.19,0.00%,0
TTPB,1.23B,0.52%,6.14%,13.74%,6.06%,5.67,3.78,0.71,0.72,59.16%,16.90%,8.78%,Aug 04/b,61.31,0.00%,0
TTPC,4.52B,0.35%,2.42%,10.11%,7.23%,1.29,1.29,0.35,0.37,11.48%,4.49%,2.08%,Aug 05/a,86.02,0.00%,0
TTPCS,53.03M,-,-3.85%,-15.42%,-11.83%,1.00,0.81,0.35,1.10,16.02%,-1.95%,-3.66%,Aug 13/a,5.25,0.00%,0
TTPEI,-,-,-,-,-,-,-,-,-,-,-,-,-,35.76,0.00%,0
TTPET,9.53M,-,-27.75%,-29.50%,-19.37%,20.55,20.55,0.00,0.00,4.74%,-802.48%,-830.23%,-,1.79,1.13%,"11,621"
TTPFC,-,0.26%,-,-,-,-,-,-,-,-,-,-,-,27.68,0.00%,0
TTPFG,-,-,-,-,-,-,-,-,-,-,-,-,-,25.95,0.00%,0
TTPFI,-,1.41%,-,-,-,-,-,-,-,-,-,-,-,24.30,0.00%,0
TTPG,17.89B,5.12%,1.38%,16.14%,4.25%,1.33,1.33,2.43,2.42,96.72%,15.36%,3.56%,Aug 04/b,46.52,0.00%,0
TTPHD,-,2.01%,-,-,-,-,-,-,-,-,-,-,-,41.62,0.00%,0
TTPIF,-,2.66%,-,-,-,-,-,-,-,-,-,-,-,38.08,0.00%,0
TTPL,25.50B,0.65%,33.17%,36.57%,32.08%,4.55,4.55,0.01,0.01,85.81%,74.92%,60.32%,Aug 05/a,369.69,0.79%,352
TTPLC,-,0.85%,-,-,-,-,-,-,-,-,-,-,-,49.05,0.00%,0
TTPLS,-,4.90%,-,-,-,-,-,-,-,-,-,-,-,24.56,0.00%,0
TTPLX,-,-,-,-,-,-,-,-,-,-,-,-,-,22.97,0.00%,0
TTPOR,-,0.90%,-,-,-,-,-,-,-,-,-,-,-,32.00,0.22%,55
TTPR,22.56B,1.61%,23.02%,197.14%,35.22%,1.75,1.25,5.27,5.71,74.91%,23.98%,19.09%,Aug 13/b,113.14,0.06%,436
TTPRY,-,7.59%,-,-,-,-,-,-,-,-,-,-,-,19.19,0.00%,0
TTPSC,-,1.16%,-,-,-,-,-,-,-,-,-,-,-,45.67,0.00%,0
TTPST,12.62M,-,-237.25%,-931.14%,-780.86%,0.38,0.38,-,-,-,-,-,Aug 13/a,0.79,2.09%,"19,260"
TTPUT,-,1.39%,-,-,-,-,-,-,-,-,-,-,-,25.25,0.00%,0
TTPVG,197.04M,20.25%,5.03%,11.45%,5.04%,4.12,4.12,1.26,1.26,84.22%,65.28%,37.61%,Aug 05/a,4.84,0.00%,0
TTPYP,-,3.26%,-,-,-,-,-,-,-,-,-,-,-,42.08,0.00%,0
TTPZ,-,3.25%,-,-,-,-,-,-,-,-,-,-,-,20.90,0.00%,0
TTQQQ,-,0.48%,-,-,-,-,-,-,-,-,-,-,-,78.75,-0.20%,"1,799,884"
TTQQY,-,52.67%,-,-,-,-,-,-,-,-,-,-,-,12.26,0.00%,0
TTR,2.87B,0.93%,7.79%,10.35%,9.98%,2.89,1.86,0.00,0.01,34.73%,12.12%,12.99%,-,37.45,0.51%,1
TTRAD,146.96M,-,-,-,-,0.33,0.33,0.00,0.00,-,-,-,-,10.04,0.00%,0
TTRAK,149.93M,0.97%,12.99%,14.66%,14.40%,4.89,4.89,0.00,0.01,81.59%,32.16%,30.15%,Sep 28/a,8.25,0.00%,0
TTRAW,7.07M,-,-159.21%,-433.36%,-1275.34%,0.93,0.93,0.00,0.00,-,-,-,Aug 14/a,0.46,-7.88%,"1,000"
TTRAX,1.39B,-,-,-,-,14.28,14.28,0.01,0.03,-,-,-,Aug 12/a,39.00,0.03%,438
TTRBF,-,4.42%,-,-,-,-,-,-,-,-,-,-,-,47.98,0.00%,0
TTRBG,84.67M,-,-543.03%,-,-,0.65,0.65,-,-,-,-,-,-,3.62,-1.09%,"3,694"
TTRC,438.29M,-,0.96%,1.27%,1.05%,2.92,2.06,0.20,0.20,16.08%,-0.91%,10.62%,Aug 06/b,16.22,0.00%,0
TTRDA,258.54M,-,-44.35%,-54.09%,-59.74%,10.89,10.89,0.19,0.21,21.23%,-3767.07%,-3537.73%,Aug 05/b,6.64,0.00%,0
TTREE,378.51M,-,20.79%,82.78%,24.25%,1.85,1.85,1.34,1.36,94.71%,8.55%,14.32%,Jul 29/a,26.96,0.00%,0
TTREO,-,-,-,-,-,-,-,-,-,-,-,-,-,4.06,0.00%,0
TTREX,4.37B,-,11.21%,17.74%,16.92%,1.06,0.64,0.04,0.30,38.20%,20.17%,14.68%,Aug 04/b,42.90,0.00%,0
TTRFK,-,0.02%,-,-,-,-,-,-,-,-,-,-,-,101.99,0.00%,0
TTRFM,-,0.14%,-,-,-,-,-,-,-,-,-,-,-,59.48,0.00%,0
TTRGP,62.05B,1.72%,8.67%,72.23%,9.95%,0.77,0.68,5.20,5.35,26.97%,24.78%,13.15%,Aug 06/b,289.36,0.00%,0
TTRGS,259.11M,-,-,-,-,10.57,10.57,0.00,0.00,-,-,-,-,9.96,0.00%,0
TTRI,41.34B,2.68%,9.33%,14.17%,13.16%,0.51,0.51,0.14,0.29,26.85%,26.85%,21.17%,Aug 05/b,95.43,0.00%,0
TTRIB,4.70M,-,-35.91%,-,-,0.25,0.12,-,-,32.95%,-23.88%,-70.10%,-,7.35,0.00%,0
TTRIN,1.68B,11.51%,5.83%,12.91%,5.10%,1.28,1.28,1.19,1.19,100.00%,85.33%,51.30%,Aug 05/b,17.72,0.00%,0
TTRIO,-,-,-,-,-,-,-,-,-,-,-,-,-,66.25,0.00%,0
TTRIP,1.04B,-,0.20%,0.84%,0.33%,1.56,1.56,1.32,1.35,58.64%,4.95%,0.28%,Aug 06/b,8.87,0.80%,1
TTRLV,2.21B,-,-18.72%,-46.96%,-35.90%,5.94,3.98,0.72,0.75,49.43%,13.75%,-41.55%,Aug 07/b,11.50,0.00%,0
TTRMB,13.50B,-,-1.19%,-1.94%,-1.60%,0.95,0.82,0.28,0.29,66.92%,18.67%,-2.77%,Aug 12/b,57.89,0.24%,39
TTRMD,3.76B,16.19%,17.32%,26.84%,18.44%,2.27,1.97,0.33,0.42,45.34%,39.06%,35.52%,Aug 26/b,36.75,-1.00%,"3,549"
TTRMK,2.70B,2.15%,1.24%,11.12%,9.19%,0.06,-,0.19,0.36,-,24.51%,20.71%,Jul 28/a,46.44,0.00%,0
TTRN,2.20B,4.52%,4.09%,32.39%,5.33%,2.09,1.12,4.57,4.57,25.80%,15.19%,16.62%,Jul 30/b,27.63,-0.93%,2
TTRND,-,2.09%,-,-,-,-,-,-,-,-,-,-,-,37.26,0.00%,0
TTRNO,7.23B,3.27%,7.23%,9.24%,7.11%,0.35,0.35,0.23,0.24,51.26%,41.39%,76.92%,Aug 05/a,66.38,0.00%,0
TTRNR,4.54M,-,-46.28%,-336.77%,-949.80%,0.21,0.10,0.04,6.47,19.99%,-69.85%,-159.26%,Aug 14/b,2.80,0.00%,0
TTRNS,825.16M,-,0.78%,1.16%,0.78%,2.49,2.11,0.46,0.47,32.50%,4.43%,0.99%,Aug 04/a,88.16,0.00%,0
TTRON,711.57M,-,3.73%,3.77%,2.71%,27.40,26.79,0.00,0.00,24.65%,-44.62%,135.61%,-,1.50,0.67%,"3,042"
TTROO,240.66M,-,-37.65%,-47.59%,-56.92%,0.92,0.92,0.00,0.00,9.15%,-97.60%,-163.23%,-,1.97,0.00%,0
TTROW,21.60B,5.10%,14.59%,20.10%,18.60%,2.41,2.41,0.06,0.06,79.54%,36.93%,28.55%,Jul 31/b,101.28,-3.20%,1
TTROX,688.31M,2.32%,-9.05%,-39.12%,-12.36%,2.55,0.81,2.82,2.99,5.24%,-3.41%,-17.99%,Aug 05/a,4.31,0.00%,0
TTRP,60.48B,4.15%,3.16%,13.76%,4.32%,0.61,0.54,2.08,2.30,51.61%,46.25%,21.64%,Jul 30/b,60.48,0.00%,0
TTRPA,-,4.98%,-,-,-,-,-,-,-,-,-,-,-,39.05,0.00%,0
TTRS,1.36B,0.42%,5.29%,9.05%,48.35%,5.44,5.03,0.30,0.30,21.68%,5.70%,117.92%,Jul 30/b,37.86,0.00%,0
TTRSG,24.84M,-,-0.09%,-0.16%,-0.14%,1.94,1.59,0.10,0.16,45.88%,-1.61%,-0.18%,-,1.50,0.00%,0
TTRST,954.74M,2.75%,1.01%,9.65%,9.45%,0.16,-,0.05,0.22,-,28.38%,22.78%,Jul 21/a,56.07,-0.48%,1
TTRSY,-,3.50%,-,-,-,-,-,-,-,-,-,-,-,30.17,0.00%,0
TTRT,112.06M,-,0.70%,0.89%,0.95%,3.38,3.13,0.07,0.10,17.60%,0.90%,0.60%,-,10.88,-1.26%,7
TTRTX,553.50M,13.31%,1.27%,5.22%,1.29%,1.22,0.36,3.15,3.36,85.18%,75.75%,12.66%,Jul 28/a,7.21,0.00%,0
TTRTY,-,2.78%,-,-,-,-,-,-,-,-,-,-,-,32.01,0.00%,0
TTRU,13.68B,0.71%,6.33%,15.77%,7.19%,1.90,1.90,1.12,1.17,46.35%,14.92%,15.08%,Jul 28/b,71.41,0.00%,0
TTRUC,-,0.22%,-,-,-,-,-,-,-,-,-,-,-,26.48,0.00%,0
TTRUD,-,0.49%,-,-,-,-,-,-,-,-,-,-,-,25.42,0.00%,0
TTRUF,-,0.36%,-,-,-,-,-,-,-,-,-,-,-,29.26,0.00%,0
TTRUG,1.93M,-,-52.56%,-349.27%,-321.23%,0.84,0.74,0.68,2.43,34.82%,-13.16%,-55.68%,Aug 26,0.42,-2.32%,"79,112"
TTRUH,-,0.29%,-,-,-,-,-,-,-,-,-,-,-,29.60,0.00%,0
TTRUI,-,-,-,-,-,-,-,-,-,-,-,-,-,24.39,0.00%,0
TTRUM,-,-,-,-,-,-,-,-,-,-,-,-,-,24.67,0.00%,0
TTRUN,-,-,-,-,-,-,-,-,-,-,-,-,-,29.50,0.00%,0
TTRUO,-,-,-,-,-,-,-,-,-,-,-,-,-,24.89,0.00%,0
TTRUP,1.09B,-,2.61%,6.07%,4.58%,1.77,-,0.24,0.26,-,1.66%,1.53%,Aug 05/a,24.86,-0.56%,12
TTRUR,-,-,-,-,-,-,-,-,-,-,-,-,-,24.35,0.00%,0
TTRUT,-,0.28%,-,-,-,-,-,-,-,-,-,-,-,33.38,-0.04%,2
TTRUU,-,-,-,-,-,-,-,-,-,-,-,-,-,22.38,0.00%,0
TTRV,76.98B,1.32%,6.31%,26.51%,19.73%,0.34,-,0.27,0.27,-,22.03%,16.83%,Oct 16/b,369.09,-0.55%,189
TTRVG,145.28M,-,3.68%,6.75%,5.62%,1.65,1.65,0.16,0.17,94.51%,0.95%,2.19%,Aug 04/a,6.30,0.00%,0
TTRVI,2.12B,-,-18.97%,-19.66%,-15.88%,37.28,37.28,0.00,0.00,-,-,-,Aug 06/a,14.89,0.00%,0
TTRX,430.89M,-,-13.45%,-26.92%,-20.97%,2.19,1.44,0.04,0.06,58.07%,47.87%,-16.67%,Jul 16/b,1.31,-0.58%,"7,626"
TTRXS,-,-,-,-,-,-,-,-,-,-,-,-,-,25.45,0.00%,0
TTS,30.00B,4.00%,9.39%,11.40%,11.20%,4.07,2.39,0.01,0.03,33.18%,18.84%,15.89%,Aug 05/a,55.97,0.00%,0
TTSAT,782.31M,-,-5.53%,-70.58%,-26.68%,0.17,0.17,2.79,10.07,29.08%,0.76%,-102.62%,Aug 13/b,51.40,0.00%,0
TTSBK,351.77M,2.56%,1.57%,11.89%,11.36%,0.23,-,0.02,0.05,-,32.85%,26.48%,-,45.24,-0.68%,7
TTSCM,-,-,-,-,-,-,-,-,-,-,-,-,-,19.26,0.00%,0
TTSCO,16.91B,2.98%,8.91%,39.51%,11.63%,1.33,0.23,2.31,2.49,33.23%,8.91%,6.42%,Jul 23/b,32.45,0.37%,166
TTSCV,-,0.25%,-,-,-,-,-,-,-,-,-,-,-,30.00,0.00%,0
TTSCZ,-,-,-,-,-,-,-,-,-,-,-,-,-,49.79,0.00%,0
TTSDD,-,8.97%,-,-,-,-,-,-,-,-,-,-,-,7.26,-0.41%,"39,850"
TTSEC,-,7.16%,-,-,-,-,-,-,-,-,-,-,-,25.32,0.00%,0
TTSEE,-,-,-,-,-,-,-,-,-,-,-,-,-,25.24,0.00%,0
TTSEG,-,-,-,-,-,-,-,-,-,-,-,-,-,7.26,-3.56%,"11,734"
TTSEL,-,-,-,-,-,-,-,-,-,-,-,-,-,29.79,0.00%,0
TTSEM,26.13B,-,8.30%,9.88%,9.02%,4.91,4.31,0.04,0.05,26.87%,16.16%,16.94%,Aug 04/b,231.58,-0.96%,"7,728"
TTSEP,-,-,-,-,-,-,-,-,-,-,-,-,-,27.30,0.00%,0
TTSES,-,1.14%,-,-,-,-,-,-,-,-,-,-,-,30.93,0.00%,0
TTSEU,-,-,-,-,-,-,-,-,-,-,-,-,-,16.16,0.00%,0
TTSHA,1.64B,-,-37.23%,-47.05%,-33.79%,17.76,17.76,0.14,0.15,78.65%,-2854.91%,-2728.04%,Aug 11/a,5.04,0.00%,0
TTSI,275.24M,6.85%,-,-,-,-,-,-,-,-,-,-,-,4.32,0.00%,0
TTSIB,-,2.38%,-,-,-,-,-,-,-,-,-,-,-,29.44,0.00%,0
TTSIC,-,0.98%,-,-,-,-,-,-,-,-,-,-,-,24.12,0.00%,0
TTSII,-,87.97%,-,-,-,-,-,-,-,-,-,-,-,13.77,-0.65%,"4,142"
TTSL,-,-,-,-,-,-,-,-,-,-,-,-,-,14.26,0.34%,"7,212"
TTSLA,1486.10B,-,2.75%,4.64%,3.79%,1.94,1.55,0.16,0.19,18.85%,4.61%,3.67%,Jul 22/a,376.27,0.26%,"206,915"
TTSLG,-,12.06%,-,-,-,-,-,-,-,-,-,-,-,5.06,0.00%,"24,979"
TTSLI,-,2.19%,-,-,-,-,-,-,-,-,-,-,-,19.07,0.38%,90
TTSLL,-,3.81%,-,-,-,-,-,-,-,-,-,-,-,10.17,-0.20%,"820,669"
TTSLP,-,32.21%,-,-,-,-,-,-,-,-,-,-,-,15.40,0.00%,0
TTSLQ,-,11.09%,-,-,-,-,-,-,-,-,-,-,-,17.29,-0.69%,"70,978"
TTSLR,-,-,-,-,-,-,-,-,-,-,-,-,-,17.67,0.34%,"6,165"
TTSLS,-,2.91%,-,-,-,-,-,-,-,-,-,-,-,53.94,-0.99%,316
TTSLT,-,-,-,-,-,-,-,-,-,-,-,-,-,14.26,0.56%,"55,245"
TTSLW,-,80.88%,-,-,-,-,-,-,-,-,-,-,-,18.39,0.11%,"4,365"
TTSLX,1.72B,9.59%,2.56%,5.62%,2.81%,0.71,0.71,1.05,1.24,75.27%,55.55%,25.69%,Aug 04/a,18.04,0.00%,1
TTSLY,-,95.38%,-,-,-,-,-,-,-,-,-,-,-,22.83,0.22%,"2,719"
TTSLZ,-,0.74%,-,-,-,-,-,-,-,-,-,-,-,10.95,-0.45%,"26,943"
TTSM,2278.94B,0.95%,26.90%,40.06%,31.23%,2.46,2.25,0.14,0.17,63.08%,55.84%,50.31%,Jul 16/b,439.40,-1.29%,"93,385"
TTSME,-,0.15%,-,-,-,-,-,-,-,-,-,-,-,46.30,0.00%,0
TTSMG,-,6.72%,-,-,-,-,-,-,-,-,-,-,-,40.56,-2.78%,379
TTSMU,-,-,-,-,-,-,-,-,-,-,-,-,-,72.90,-2.62%,283
TTSMX,-,1.40%,-,-,-,-,-,-,-,-,-,-,-,84.18,-2.61%,"16,683"
TTSMY,-,53.93%,-,-,-,-,-,-,-,-,-,-,-,15.38,-0.97%,579
TTSMZ,-,4.22%,-,-,-,-,-,-,-,-,-,-,-,7.48,0.81%,600
TTSN,17.94B,4.06%,1.59%,3.15%,2.33%,1.43,0.55,0.36,0.44,6.21%,2.55%,1.03%,Aug 03/b,52.02,0.00%,0
TTSNF,-,-,-,-,-,-,-,-,-,-,-,-,-,31.92,0.00%,0
TTSOL,-,3.20%,-,-,-,-,-,-,-,-,-,-,-,11.56,0.00%,0
TTSPA,-,0.55%,-,-,-,-,-,-,-,-,-,-,-,48.97,0.00%,0
TTSPX,-,1.93%,-,-,-,-,-,-,-,-,-,-,-,30.76,0.00%,0
TTSPY,-,13.86%,-,-,-,-,-,-,-,-,-,-,-,25.75,0.27%,20
TTSQ,93.71M,15.56%,-9.67%,-,-13.01%,0.92,0.92,-,-,20.40%,12.45%,-11.83%,Aug 06/b,5.14,0.00%,0
TTSRS,-,2.57%,-,-,-,-,-,-,-,-,-,-,-,25.34,0.00%,0
TTSSD,-,0.09%,-,-,-,-,-,-,-,-,-,-,-,30.31,-1.04%,10
TTSSI,243.53M,-,9.13%,31.99%,12.74%,1.66,1.38,0.40,0.48,16.30%,4.86%,7.44%,Aug 13/a,8.63,-1.60%,"5,044"
TTSUI,-,0.31%,-,-,-,-,-,-,-,-,-,-,-,20.83,0.00%,0
TTSXD,-,6.53%,-,-,-,-,-,-,-,-,-,-,-,4.80,0.00%,0
TTSXU,-,0.66%,-,-,-,-,-,-,-,-,-,-,-,61.68,0.00%,0
TTSYW,-,11.73%,-,-,-,-,-,-,-,-,-,-,-,40.54,0.00%,0
TTSYX,-,11.45%,-,-,-,-,-,-,-,-,-,-,-,23.42,0.00%,0
TTSYY,-,182.35%,-,-,-,-,-,-,-,-,-,-,-,20.32,-0.67%,319
TTT,97.90B,0.93%,13.36%,36.45%,23.50%,1.07,0.76,0.46,0.54,35.39%,18.14%,13.28%,Jul 30/b,444.97,2.69%,10
TTTAM,2.55B,0.69%,8.96%,17.44%,10.76%,2.08,1.17,0.51,0.53,25.47%,15.27%,10.35%,Jul 28/a,13.81,0.00%,0
TTTAN,5.49B,-,-7.19%,-8.34%,-7.86%,4.44,4.44,0.02,0.03,68.78%,-12.60%,-12.12%,Sep 08/a,56.89,0.64%,"2,634"
TTTC,8.84B,1.67%,10.30%,26.45%,15.17%,1.58,0.74,0.79,0.81,33.38%,11.31%,7.64%,Sep 03/b,93.39,0.00%,0
TTTD,6.55B,-,6.94%,15.44%,13.90%,1.72,1.72,0.14,0.17,76.87%,19.61%,13.61%,Aug 06/a,13.93,0.36%,"42,778"
TTTDU,-,-,-,-,-,-,-,-,-,-,-,-,-,13.24,0.00%,0
TTTE,197.53B,4.57%,5.88%,14.56%,10.02%,1.06,0.85,0.39,0.49,14.24%,14.24%,9.08%,Jul 23/b,88.81,-1.39%,"1,264"
TTTEC,63.10M,-,-13.61%,-119.31%,-21.41%,1.87,1.87,12.51,12.93,17.24%,4.14%,-10.23%,Aug 10/a,1.28,4.49%,"2,663"
TTTEK,9.21B,0.71%,9.97%,24.26%,15.57%,1.18,1.18,0.51,0.55,18.78%,11.73%,8.60%,Jul 29/a,35.96,0.00%,0
TTTEQ,-,-,-,-,-,-,-,-,-,-,-,-,-,44.61,0.00%,0
TTTGT,277.76M,-,-18.34%,-30.42%,-28.11%,1.15,1.15,0.25,0.26,40.52%,-5.88%,-36.85%,Aug 06/a,3.84,0.00%,0
TTTI,901.76M,-,1.03%,2.12%,1.01%,2.46,1.76,0.50,0.55,23.73%,7.81%,0.97%,Aug 03/a,6.09,0.00%,0
TTTMI,12.95B,-,5.92%,13.26%,7.83%,1.78,1.54,0.56,0.57,20.26%,9.96%,7.01%,Aug 05/a,122.89,-0.91%,"9,713"
TTTMX,-,-,-,-,-,-,-,-,-,-,-,-,-,8.51,-3.41%,"2,084"
TTTOP,-,-,-,-,-,-,-,-,-,-,-,-,-,20.61,0.00%,0
TTTRX,456.95M,-,-76.99%,-543.37%,-124.96%,1.19,1.19,8.80,8.87,-,-,-,Aug 12/a,15.34,0.00%,0
TTTT,-,1.80%,-,-,-,-,-,-,-,-,-,-,-,76.75,0.00%,0
TTTWO,39.09B,-,-3.42%,-9.04%,-5.48%,1.06,1.06,0.62,0.82,54.56%,-0.96%,-4.79%,Aug 07/b,209.05,-0.41%,"4,214"
TTTXD,-,4.13%,-,-,-,-,-,-,-,-,-,-,-,12.08,0.00%,0
TTTXU,-,0.44%,-,-,-,-,-,-,-,-,-,-,-,36.48,0.00%,0
TTU,14.03B,10.07%,-1.57%,-6.46%,-2.37%,0.67,0.62,1.99,2.37,15.49%,15.49%,-4.53%,Jul 31/b,8.83,1.73%,613
TTUA,-,3.10%,-,-,-,-,-,-,-,-,-,-,-,19.33,0.00%,0
TTUG,-,2.42%,-,-,-,-,-,-,-,-,-,-,-,47.80,0.00%,0
TTULP,16.75M,-,-2.80%,-20.74%,-16.61%,1.69,1.19,4.06,4.33,16.22%,-7.69%,-23.23%,-,3.51,0.00%,0
TTUR,-,2.21%,-,-,-,-,-,-,-,-,-,-,-,37.85,0.56%,4
TTURB,12.45M,-,-5.96%,-54.18%,6.82%,0.96,0.63,1.29,4.36,6.02%,54.78%,0.80%,-,1.13,-0.89%,"17,527"
TTURF,-,1.25%,-,-,-,-,-,-,-,-,-,-,-,34.55,0.00%,0
TTUSB,-,4.22%,-,-,-,-,-,-,-,-,-,-,-,50.49,0.00%,0
TTUSI,-,4.46%,-,-,-,-,-,-,-,-,-,-,-,25.31,0.00%,0
TTUSK,151.12M,-,-5.89%,-7.97%,-8.25%,1.93,1.79,0.01,0.02,-1.92%,-27.82%,-30.14%,Aug 07/b,3.14,0.00%,0
TTUYA,921.51M,6.48%,6.07%,6.76%,6.67%,8.74,8.23,0.01,0.01,47.24%,5.01%,20.16%,Aug 24/a,1.70,-1.90%,8
TTV,1.03B,0.49%,-3.79%,-8.74%,-4.60%,2.40,2.38,0.84,0.86,38.35%,10.58%,-15.28%,Jul 23/a,2.40,-6.61%,29
TTVA,316.95M,-,1.68%,1.77%,1.74%,0.13,0.13,0.00,0.00,-,-,-,-,10.56,0.00%,0
TTVAI,282.56M,-,2.89%,3.02%,2.97%,0.22,0.22,0.00,0.00,-,-,-,-,10.39,0.00%,0
TTVAL,-,0.95%,-,-,-,-,-,-,-,-,-,-,-,42.92,0.00%,0
TTVGN,48.38M,-,-480.45%,-,-,0.33,0.33,-,-,-,-,-,-,7.43,0.00%,0
TTVIV,229.08M,-,-,-,-,0.13,0.13,0.00,0.00,-,-,-,-,9.96,0.00%,0
TTVRD,21.48M,-,-85.08%,-126.19%,-310.13%,1.87,1.87,0.00,0.02,-,-,-,Aug 14/b,1.61,0.00%,0
TTVTX,5.80B,-,-9.99%,-236.35%,-10.65%,4.05,3.99,24.91,25.16,87.89%,-6.84%,-11.45%,Aug 04/a,61.56,-2.07%,"1,093"
TTW,24.44B,0.53%,11.00%,14.09%,13.22%,6.23,6.23,0.02,0.02,88.82%,43.61%,40.64%,Jul 30/b,104.45,0.00%,0
TTWAV,6.13M,-,-67.25%,-79.68%,-121.47%,4.45,4.45,0.00,0.00,52.28%,-121.82%,-272.68%,-,1.58,-1.78%,"1,695"
TTWFG,1.39B,-,2.43%,13.63%,16.82%,2.56,2.56,0.10,0.17,41.55%,17.92%,2.90%,Aug 05/a,25.72,0.00%,0
TTWG,17.96M,-,6.16%,6.33%,3.88%,17.44,12.84,0.00,0.00,72.23%,32.31%,32.31%,-,0.29,0.35%,"4,767"
TTWI,475.03M,-,-4.42%,-14.32%,-6.57%,2.11,1.15,1.33,1.43,14.03%,1.30%,-4.11%,Jul 30/b,7.36,0.00%,0
TTWIN,368.42M,0.67%,9.13%,18.00%,13.08%,2.35,0.84,0.20,0.23,26.90%,4.67%,9.06%,Aug 20/b,25.34,0.00%,0
TTWLO,41.47B,-,11.11%,13.50%,11.47%,4.62,4.62,0.12,0.12,47.90%,5.93%,20.62%,Aug 06/a,270.00,1.48%,"3,491"
TTWLV,235.78M,-,3.27%,3.41%,1.71%,3.04,3.04,0.00,0.00,-,-,-,-,10.06,0.00%,0
TTWM,-,5.11%,-,-,-,-,-,-,-,-,-,-,-,23.01,0.00%,0
TTWN,589.88M,0.04%,-,-,-,-,-,-,-,-,-,-,-,102.73,0.00%,0
TTWOX,-,0.46%,-,-,-,-,-,-,-,-,-,-,-,30.62,0.00%,0
TTWSC,-,-,-,-,-,-,-,-,-,-,-,-,-,24.74,0.00%,0
TTWST,10.96B,-,-20.78%,-29.59%,-25.76%,2.67,2.38,0.19,0.21,51.97%,-31.91%,-31.66%,Aug 03/b,166.52,0.42%,"3,114"
TTX,11.16B,4.26%,2.87%,5.72%,4.74%,2.58,1.43,0.19,0.25,17.39%,7.81%,4.37%,Aug 04/a,56.84,0.00%,0
TTXBC,-,-,-,-,-,-,-,-,-,-,-,-,-,19.06,0.00%,0
TTXG,10.31B,-,-7.47%,-9.40%,-8.42%,5.69,5.25,0.08,0.10,70.58%,-14.12%,-12.18%,Aug 06/a,79.10,0.00%,598
TTXMD,24.31M,-,-0.78%,-1.08%,-0.69%,2.76,2.76,0.17,0.20,49.36%,-117.80%,-6.64%,Aug 11/a,2.10,0.00%,0
TTXN,243.91B,2.15%,16.99%,34.97%,19.47%,4.86,3.44,0.72,0.78,58.33%,38.07%,30.93%,Jul 22/a,267.08,-1.40%,"7,917"
TTXNM,6.45B,2.86%,1.62%,5.82%,2.23%,0.56,0.39,1.47,1.67,39.56%,22.21%,8.77%,Jul 31/b,58.57,0.00%,0
TTXNU,-,1.23%,-,-,-,-,-,-,-,-,-,-,-,41.35,-0.67%,42
TTXO,798.43M,10.42%,-3.26%,-5.35%,-4.08%,1.05,1.05,0.42,0.42,32.69%,29.37%,-6.51%,Aug 04/b,14.40,0.00%,0
TTXRH,10.87B,1.81%,11.93%,27.46%,15.81%,0.46,0.39,0.68,0.70,12.12%,8.24%,6.63%,Aug 06/a,165.54,0.00%,0
TTXS,-,0.76%,-,-,-,-,-,-,-,-,-,-,-,42.24,0.00%,0
TTXT,13.59B,0.10%,5.33%,12.13%,7.90%,1.75,0.74,0.47,0.52,17.77%,6.71%,6.12%,Jul 28/b,79.03,-0.48%,16
TTXUE,-,0.95%,-,-,-,-,-,-,-,-,-,-,-,35.62,0.00%,0
TTXUG,-,0.46%,-,-,-,-,-,-,-,-,-,-,-,27.41,0.00%,0
TTXXD,-,0.06%,-,-,-,-,-,-,-,-,-,-,-,55.42,5.12%,650
TTXXH,-,-,-,-,-,-,-,-,-,-,-,-,-,80.17,0.00%,0
TTXXI,-,3.57%,-,-,-,-,-,-,-,-,-,-,-,48.91,0.00%,0
TTXXS,-,0.14%,-,-,-,-,-,-,-,-,-,-,-,38.51,0.00%,0
TTY,1.87B,3.22%,-,-,-,-,-,-,-,-,-,-,-,35.05,0.00%,0
TTYA,-,3.97%,-,-,-,-,-,-,-,-,-,-,-,11.58,0.00%,0
TTYD,-,3.82%,-,-,-,-,-,-,-,-,-,-,-,21.34,-0.56%,57
TTYG,1.09B,12.81%,-,-,-,-,-,-,-,-,-,-,-,42.79,0.00%,1
TTYGO,77.54M,-,12.59%,43.06%,19.86%,3.04,1.90,0.12,0.15,42.43%,-2.79%,8.97%,Aug 04/a,1.01,0.00%,0
TTYL,13.80B,-,5.78%,9.73%,7.24%,1.55,1.55,0.48,0.48,44.81%,15.14%,13.36%,Jul 29/a,337.00,1.37%,293
TTYLD,-,3.61%,-,-,-,-,-,-,-,-,-,-,-,25.32,0.00%,0
TTYLG,-,8.53%,-,-,-,-,-,-,-,-,-,-,-,43.22,0.00%,0
TTYO,-,2.33%,-,-,-,-,-,-,-,-,-,-,-,15.59,0.00%,0
TTYRA,1.76B,-,-42.15%,-45.31%,-41.41%,14.91,14.91,0.01,0.02,-,-,-,Aug 04/a,25.65,0.00%,0
TTYYY,-,6.82%,-,-,-,-,-,-,-,-,-,-,-,39.07,0.00%,0
TTZA,-,4.35%,-,-,-,-,-,-,-,-,-,-,-,43.72,-1.07%,"23,444"
TTZOO,58.36M,-,1.00%,-,-,0.64,0.64,-,-,76.34%,1.87%,0.51%,Jul 28/b,5.72,0.00%,0
UU,19.20B,-,-8.78%,-18.89%,-12.32%,2.02,2.02,0.57,0.76,58.44%,-13.93%,-28.97%,Aug 06/b,43.63,0.98%,"2,549"
UUA,2.03B,-,-10.99%,-29.82%,-18.57%,1.81,0.96,0.86,0.96,46.37%,0.67%,-9.94%,Aug 07/b,4.68,0.00%,2
UUAA,2.03B,-,-10.99%,-29.82%,-18.57%,1.81,0.96,0.86,0.96,46.37%,0.67%,-9.94%,Aug 07/b,4.76,-0.21%,802
UUAC,138.19M,-,-,-,-,8.26,8.26,0.00,0.00,-,-,-,-,9.97,0.00%,0
UUAE,-,4.24%,-,-,-,-,-,-,-,-,-,-,-,20.06,0.00%,0
UUAL,37.48B,-,4.32%,23.26%,7.38%,0.78,0.72,1.84,2.02,26.87%,6.77%,5.56%,Jul 15/a,115.46,0.94%,"5,226"
UUAMY,730.24M,-,-13.65%,-14.87%,-8.97%,11.54,8.29,0.00,0.00,-35.57%,-65.18%,-44.62%,Aug 11/a,4.88,-0.63%,"23,456"
UUAN,1.36B,11.21%,15.59%,48.30%,17.40%,3.01,2.11,1.65,1.67,33.53%,28.48%,23.67%,Jul 29/a,129.10,0.00%,0
UUAPR,-,-,-,-,-,-,-,-,-,-,-,-,-,35.92,0.00%,0
UUAUG,-,-,-,-,-,-,-,-,-,-,-,-,-,43.21,0.00%,0
UUAVS,64.16M,-,-81.99%,-106.05%,-75.31%,6.43,5.15,0.07,0.11,49.78%,-183.08%,-324.74%,Aug 14/a,1.02,0.00%,"1,453"
UUBCP,90.91M,5.96%,0.88%,11.47%,4.91%,0.14,-,1.14,1.54,-,15.98%,15.68%,Jul 23/b,15.85,0.00%,0
UUBER,145.12B,-,15.73%,38.38%,24.02%,0.84,0.84,0.46,0.54,35.42%,13.32%,17.34%,Aug 05/b,71.05,0.30%,"55,612"
UUBEW,-,50.43%,-,-,-,-,-,-,-,-,-,-,-,24.32,0.00%,0
UUBND,-,5.02%,-,-,-,-,-,-,-,-,-,-,-,21.08,0.00%,0
UUBOT,-,1.12%,-,-,-,-,-,-,-,-,-,-,-,22.54,0.00%,0
UUBR,-,1.47%,-,-,-,-,-,-,-,-,-,-,-,34.88,0.00%,0
UUBRL,-,-,-,-,-,-,-,-,-,-,-,-,-,13.84,0.79%,"1,591"
UUBS,153.33B,2.51%,0.56%,10.67%,2.23%,0.72,-,3.79,4.52,-,13.97%,11.82%,Jul 29/b,50.08,-1.92%,"12,196"
UUBSI,6.37B,3.27%,1.55%,9.46%,8.74%,0.10,-,0.07,0.15,-,35.00%,27.93%,Jul 23/b,46.76,0.00%,0
UUBT,-,3.80%,-,-,-,-,-,-,-,-,-,-,-,14.77,0.00%,0
UUCAR,8.02M,-,-17.92%,-24.37%,-24.51%,1.80,1.51,0.01,0.09,15.57%,-142.02%,-167.44%,May 15/a,4.43,0.00%,0
UUCB,4.13B,2.96%,1.31%,10.21%,8.22%,0.05,-,0.22,0.32,-,32.26%,24.04%,Jul 21/b,34.29,-0.88%,1
UUCBG,-,0.09%,-,-,-,-,-,-,-,-,-,-,-,50.78,0.00%,0
UUCC,-,1.38%,-,-,-,-,-,-,-,-,-,-,-,43.15,0.00%,0
UUCIB,-,-,-,-,-,-,-,-,-,-,-,-,-,38.48,0.00%,0
UUCL,10.20M,-,-0.41%,-1.13%,-0.98%,1.58,1.46,0.14,0.60,51.26%,-4.00%,-0.33%,Aug 18/b,0.39,2.90%,"2,853"
UUCO,-,-,-,-,-,-,-,-,-,-,-,-,-,51.04,-1.33%,"23,349"
UUCON,-,4.78%,-,-,-,-,-,-,-,-,-,-,-,24.36,0.00%,0
UUCOP,-,0.12%,-,-,-,-,-,-,-,-,-,-,-,43.69,0.00%,0
UUCRD,-,4.22%,-,-,-,-,-,-,-,-,-,-,-,20.91,0.00%,0
UUCTT,3.24B,-,-1.28%,-3.44%,-1.68%,2.73,1.25,1.18,1.21,15.83%,2.84%,-1.07%,Aug 03/a,71.50,-2.12%,"4,470"
UUCTX,-,-,-,-,-,-,-,-,-,-,-,-,-,6.49,0.00%,0
UUCYB,-,1.25%,-,-,-,-,-,-,-,-,-,-,-,96.47,0.00%,0
UUDEC,-,-,-,-,-,-,-,-,-,-,-,-,-,42.91,0.00%,0
UUDI,-,2.64%,-,-,-,-,-,-,-,-,-,-,-,36.28,0.00%,0
UUDIV,-,1.40%,-,-,-,-,-,-,-,-,-,-,-,62.18,0.00%,0
UUDN,-,-,-,-,-,-,-,-,-,-,-,-,-,18.08,0.00%,0
UUDOW,-,1.14%,-,-,-,-,-,-,-,-,-,-,-,67.66,0.10%,"30,552"
UUDR,17.70B,5.13%,4.99%,16.67%,6.84%,0.16,0.16,1.60,2.04,23.84%,18.96%,30.14%,Jul 27/a,33.89,0.00%,0
UUE,2.67B,4.20%,2.03%,5.24%,2.21%,1.44,1.44,1.39,1.48,39.79%,30.06%,13.71%,Aug 06/a,20.00,0.00%,0
UUEC,4.96B,-,-8.14%,-8.96%,-7.29%,32.67,27.81,0.00,0.00,-99.39%,-629.32%,-513.24%,Jun 09/b,10.03,-0.50%,"10,636"
UUECG,-,-,-,-,-,-,-,-,-,-,-,-,-,3.26,0.00%,0
UUEIC,66.36M,-,-5.29%,-10.22%,-10.10%,1.77,1.16,0.05,0.21,28.21%,-0.38%,-4.57%,Aug 06/a,5.15,0.00%,0
UUEVM,-,2.96%,-,-,-,-,-,-,-,-,-,-,-,60.06,0.00%,0
UUFCS,1.37B,1.50%,3.96%,15.46%,12.54%,0.41,-,0.15,0.15,-,12.80%,9.58%,Aug 03/a,53.44,0.00%,0
UUFEB,-,-,-,-,-,-,-,-,-,-,-,-,-,39.65,0.00%,0
UUFG,16.56M,-,-1.18%,-3.71%,-3.59%,1.34,1.34,0.06,0.46,2.30%,0.05%,-0.13%,Sep 09/b,0.51,0.00%,0
UUFI,123.24M,-,-6.04%,-10.20%,-7.76%,3.33,1.71,0.36,0.43,5.57%,-2.65%,-4.62%,Aug 19/a,6.63,0.00%,0
UUFIV,-,3.73%,-,-,-,-,-,-,-,-,-,-,-,47.06,0.00%,0
UUFO,-,0.34%,-,-,-,-,-,-,-,-,-,-,-,44.10,-0.16%,52
UUFOD,-,-,-,-,-,-,-,-,-,-,-,-,-,24.02,0.00%,0
UUFOX,-,0.44%,-,-,-,-,-,-,-,-,-,-,-,86.73,0.00%,0
UUFPI,4.47B,1.76%,5.83%,7.74%,7.01%,3.98,2.64,0.12,0.13,16.13%,5.09%,3.84%,Jul 29/a,81.07,1.00%,1
UUFPT,2.17B,-,10.98%,17.05%,12.43%,3.00,1.72,0.26,0.29,28.50%,15.23%,11.45%,Aug 04/b,280.70,-0.35%,301
UUG,32.94M,7.67%,18.27%,21.35%,21.20%,7.32,6.64,0.00,0.00,46.38%,20.82%,22.00%,-,7.17,0.00%,0
UUGA,-,-,-,-,-,-,-,-,-,-,-,-,-,142.31,0.00%,0
UUGE,-,2.24%,-,-,-,-,-,-,-,-,-,-,-,18.01,0.00%,0
UUGI,7.99B,4.03%,4.33%,13.30%,5.63%,1.44,1.22,1.28,1.35,42.65%,14.46%,9.20%,Aug 05/a,37.23,0.00%,0
UUGL,-,-,-,-,-,-,-,-,-,-,-,-,-,49.52,-1.20%,"193,738"
UUGLD,-,0.61%,-,-,-,-,-,-,-,-,-,-,-,21.46,-1.74%,177
UUGP,8.12B,5.29%,7.46%,21.75%,10.48%,1.64,1.26,0.82,1.09,8.45%,5.04%,2.28%,Aug 12/a,7.59,-0.13%,"6,698"
UUHAL,10.97B,0.32%,0.13%,0.37%,0.18%,1.74,1.54,1.06,1.06,8.77%,8.53%,0.47%,Aug 05/a,63.46,0.05%,353
UUHAL-B,10.97B,0.36%,0.13%,0.37%,0.18%,1.74,1.54,1.06,1.06,8.77%,8.53%,0.47%,-,55.65,0.00%,0
UUHS,10.37B,0.47%,9.87%,20.99%,12.79%,1.12,1.04,0.59,0.70,11.36%,11.36%,8.42%,Jul 27/a,176.00,0.72%,18
UUHT,542.47M,7.66%,3.38%,12.47%,3.58%,7.82,7.82,2.74,2.75,35.30%,37.79%,19.40%,Jul 27/a,39.03,0.00%,0
UUI,35.48B,0.58%,52.41%,91.09%,63.79%,2.93,1.57,0.05,0.06,46.16%,36.21%,29.33%,Aug 21/b,586.17,0.00%,0
UUIS,177.91M,-,-24.51%,-,-110.93%,1.41,1.38,-,-,28.53%,8.40%,-21.65%,Jul 29/a,2.44,0.00%,1
UUITB,-,4.36%,-,-,-,-,-,-,-,-,-,-,-,45.46,0.00%,0
UUIVM,-,4.00%,-,-,-,-,-,-,-,-,-,-,-,76.38,0.00%,0
UUJAN,-,-,-,-,-,-,-,-,-,-,-,-,-,46.52,0.00%,0
UUJB,-,3.24%,-,-,-,-,-,-,-,-,-,-,-,77.32,0.00%,0
UUJUL,-,-,-,-,-,-,-,-,-,-,-,-,-,41.64,0.00%,0
UUJUN,-,-,-,-,-,-,-,-,-,-,-,-,-,39.34,0.00%,0
UUK,1.28M,-,-6.70%,-39.46%,-21.44%,1.00,1.00,0.08,0.10,5.07%,-29.29%,-18.51%,-,1.89,0.00%,0
UUL,134.90B,3.50%,6.84%,30.75%,14.23%,0.74,0.58,1.48,1.98,-,20.32%,12.18%,Jul 28/b,62.62,0.72%,"8,511"
UULBI,93.98M,-,-3.00%,-4.83%,-3.69%,2.87,1.30,0.34,0.36,23.72%,2.69%,-3.50%,Aug 07/b,5.64,0.00%,0
UULCC,1.41B,-,-5.61%,-120.25%,-8.73%,0.58,0.54,31.50,38.54,-5.25%,-17.19%,-9.29%,Jul 29/b,6.12,0.00%,0
UULE,-,-,-,-,-,-,-,-,-,-,-,-,-,12.43,0.00%,0
UULH,451.42M,2.45%,-5.17%,-15.07%,-7.18%,1.20,1.16,1.27,1.49,9.73%,2.16%,-5.99%,Jul 31/a,17.12,0.00%,0
UULS,13.39B,0.87%,16.69%,37.50%,24.80%,1.42,1.42,0.27,0.30,50.06%,19.04%,16.02%,Aug 04/b,66.32,0.00%,0
UULST,-,4.11%,-,-,-,-,-,-,-,-,-,-,-,40.29,0.00%,0
UULTA,23.75B,-,17.80%,46.12%,26.80%,1.35,0.29,0.71,0.95,39.32%,12.60%,9.34%,Aug 27/a,555.46,-0.43%,402
UULTI,-,116.98%,-,-,-,-,-,-,-,-,-,-,-,7.10,0.00%,0
UULTY,-,92.89%,-,-,-,-,-,-,-,-,-,-,-,26.15,0.15%,"1,475"
UULVM,-,1.76%,-,-,-,-,-,-,-,-,-,-,-,105.10,0.00%,0
UUMAC,1.21B,-,-2.87%,-2.94%,-1.66%,53.82,47.66,0.01,0.01,34.01%,-93.52%,-20.29%,Aug 06/b,24.29,0.15%,"12,282"
UUMAL,-,-,-,-,-,-,-,-,-,-,-,-,-,11.93,0.00%,0
UUMAR,-,-,-,-,-,-,-,-,-,-,-,-,-,43.26,0.00%,0
UUMAY,-,-,-,-,-,-,-,-,-,-,-,-,-,38.91,0.00%,0
UUMBF,2.75B,1.36%,1.31%,12.31%,11.08%,0.37,-,0.06,0.44,-,27.29%,21.06%,Jul 28/a,133.53,0.00%,0
UUMC,63.03B,2.15%,13.25%,20.65%,16.93%,2.17,1.81,0.11,0.14,28.64%,18.88%,32.57%,Jul 29/a,25.07,-1.42%,"37,057"
UUMCU,-,-,-,-,-,-,-,-,-,-,-,-,-,44.23,0.00%,0
UUMCX,-,-,-,-,-,-,-,-,-,-,-,-,-,20.59,0.00%,0
UUMDD,-,0.75%,-,-,-,-,-,-,-,-,-,-,-,31.51,0.00%,0
UUMH,1.35B,5.68%,1.88%,3.44%,1.87%,5.73,4.41,0.89,0.89,28.93%,34.04%,3.94%,Aug 05/a,15.84,0.44%,45
UUMI,-,3.92%,-,-,-,-,-,-,-,-,-,-,-,59.61,0.00%,0
UUMMA,-,0.96%,-,-,-,-,-,-,-,-,-,-,-,37.30,0.00%,126
UUN,-,-,-,-,-,-,-,-,-,-,-,-,-,19.96,0.00%,0
UUNB,116.92M,6.09%,0.80%,14.98%,2.86%,0.19,-,3.68,3.91,-,14.59%,13.46%,-,23.64,0.00%,0
UUNCY,132.87M,-,-69.05%,-101.07%,-66.06%,3.81,3.81,0.00,0.01,-,-,-,Aug 12/b,4.77,0.00%,0
UUNF,4.59B,0.55%,4.15%,5.30%,5.12%,3.04,1.73,0.03,0.04,30.91%,5.77%,4.65%,Jul 01/b,264.00,0.00%,0
UUNFI,2.79B,-,1.07%,5.30%,1.86%,1.29,0.49,1.78,1.87,12.56%,1.12%,0.27%,Sep 08/b,46.23,0.00%,0
UUNG,-,-,-,-,-,-,-,-,-,-,-,-,-,10.28,0.19%,"57,855"
UUNH,339.08B,2.40%,4.57%,14.62%,8.41%,0.78,-,0.71,0.74,-,4.82%,3.14%,Oct 13/b,377.76,0.05%,"5,596"
UUNHG,-,10.44%,-,-,-,-,-,-,-,-,-,-,-,18.18,-0.21%,"4,782"
UUNHU,-,0.55%,-,-,-,-,-,-,-,-,-,-,-,44.69,0.00%,0
UUNHW,-,29.98%,-,-,-,-,-,-,-,-,-,-,-,44.43,0.00%,0
UUNIT,2.30B,-,11.36%,-,9.46%,1.22,1.19,67.90,68.69,27.90%,9.74%,28.15%,Jul 30/b,9.46,0.00%,0
UUNIY,-,4.91%,-,-,-,-,-,-,-,-,-,-,-,47.15,0.00%,0
UUNL,-,-,-,-,-,-,-,-,-,-,-,-,-,5.72,0.00%,0
UUNM,14.81B,2.07%,1.31%,6.35%,4.82%,-,-,0.35,0.35,-,8.68%,5.27%,Jul 28/a,93.56,0.00%,0
UUNOV,-,-,-,-,-,-,-,-,-,-,-,-,-,41.44,0.00%,0
UUNP,160.28B,2.04%,10.49%,39.70%,14.57%,0.99,0.82,1.43,1.51,45.47%,39.87%,28.85%,Jul 23/b,269.80,0.06%,164
UUNTY,588.09M,1.17%,1.91%,16.95%,11.77%,0.25,-,0.34,0.88,-,39.08%,30.26%,Jul 14/b,58.56,0.00%,0
UUNX,-,-,-,-,-,-,-,-,-,-,-,-,-,25.67,4.02%,6
UUOCT,-,-,-,-,-,-,-,-,-,-,-,-,-,42.31,0.00%,0
UUONE,18.49M,-,-10.52%,-136.81%,-15.02%,1.39,1.39,26.50,28.19,57.46%,1.76%,-19.04%,Aug 04/b,4.28,0.00%,0
UUP,132.77M,-,-31.34%,-,-227.61%,0.28,0.27,-,-,3.06%,-30.63%,-42.04%,Aug 04/b,3.66,0.00%,0
UUPAL,-,0.26%,-,-,-,-,-,-,-,-,-,-,-,23.76,0.00%,0
UUPAR,-,3.32%,-,-,-,-,-,-,-,-,-,-,-,16.04,0.00%,0
UUPB,293.85M,-,-44.61%,-46.05%,-57.71%,27.99,27.99,0.00,0.00,94.08%,-5382.65%,-4955.67%,Aug 11/b,5.36,0.00%,0
UUPBD,980.60M,9.31%,2.91%,12.73%,3.70%,3.13,0.87,2.33,2.33,33.44%,7.48%,1.90%,Jul 30/b,16.82,-0.41%,"3,696"
UUPC,23.11M,-,-2.55%,-3.50%,-3.36%,4.05,3.75,0.04,0.17,35.86%,-11.78%,-10.95%,-,4.60,-0.86%,892
UUPGD,-,1.59%,-,-,-,-,-,-,-,-,-,-,-,81.09,0.00%,0
UUPGR,-,2.81%,-,-,-,-,-,-,-,-,-,-,-,22.43,0.00%,0
UUPLD,10.56M,-,-9.16%,-,-13.86%,0.81,0.81,-,-,64.55%,12.26%,-21.53%,Aug 14/b,3.57,0.00%,0
UUPLT,-,0.24%,-,-,-,-,-,-,-,-,-,-,-,25.70,0.00%,0
UUPRO,-,0.70%,-,-,-,-,-,-,-,-,-,-,-,153.91,-0.11%,"34,602"
UUPS,80.63B,6.92%,6.43%,29.66%,10.78%,1.18,1.18,1.81,1.90,18.30%,9.31%,5.08%,Jul 28/b,94.77,0.02%,"5,364"
UUPSC,-,-,-,-,-,-,-,-,-,-,-,-,-,13.77,0.00%,0
UUPSD,-,0.63%,-,-,-,-,-,-,-,-,-,-,-,30.49,0.00%,0
UUPST,2.51B,-,2.14%,7.94%,2.19%,2.91,2.91,2.45,2.54,-,3.99%,4.84%,Aug 04/a,25.80,0.86%,"5,966"
UUPSX,-,-,-,-,-,-,-,-,-,-,-,-,-,10.89,0.00%,0
UUPV,-,1.47%,-,-,-,-,-,-,-,-,-,-,-,99.24,0.00%,0
UUPW,-,1.76%,-,-,-,-,-,-,-,-,-,-,-,19.12,0.00%,0
UUPWK,1.04B,-,8.03%,16.70%,16.28%,1.42,1.42,0.02,0.62,77.24%,16.84%,12.93%,Aug 10/a,8.36,-0.12%,901
UUPXI,102.61M,-,-161.92%,-1356.34%,-225.77%,1.64,1.64,-,-,87.65%,-127.65%,-984.34%,Sep 17/a,1.25,-0.81%,"15,963"
UURA,-,4.84%,-,-,-,-,-,-,-,-,-,-,-,43.04,0.14%,"8,460"
UURAA,-,3.44%,-,-,-,-,-,-,-,-,-,-,-,22.64,-0.14%,390
UURAN,-,2.87%,-,-,-,-,-,-,-,-,-,-,-,37.08,0.00%,0
UURBN,6.36B,-,11.57%,20.94%,14.80%,1.58,0.91,0.35,0.43,37.51%,11.33%,8.79%,Aug 26/a,74.21,0.00%,0
UURE,-,2.21%,-,-,-,-,-,-,-,-,-,-,-,64.38,0.00%,0
UURG,493.35M,-,-40.05%,-103.50%,-63.41%,4.00,3.25,1.02,1.03,-186.48%,-218.24%,-252.34%,Aug 10/a,1.24,0.81%,"4,620"
UURGN,2.11B,-,-42.33%,-,-158.40%,3.80,3.41,-,-,90.85%,-35.32%,-51.73%,Aug 05/b,43.20,0.00%,0
UURI,64.10B,0.75%,8.72%,28.90%,11.44%,0.76,0.70,1.50,1.67,35.71%,25.17%,15.67%,Jul 22/a,1029.92,0.00%,0
UURNJ,-,7.17%,-,-,-,-,-,-,-,-,-,-,-,23.15,0.83%,45
UURNM,-,3.34%,-,-,-,-,-,-,-,-,-,-,-,52.11,0.21%,"1,184"
UUROY,1.61B,-,1.31%,1.31%,0.21%,0.88,0.87,0.56,0.62,15.57%,3.37%,8.08%,Sep 14/a,4.27,0.71%,"2,745"
UURSP,-,0.94%,-,-,-,-,-,-,-,-,-,-,-,48.59,0.00%,0
UURTH,-,1.35%,-,-,-,-,-,-,-,-,-,-,-,209.87,0.08%,1
UURTY,-,0.87%,-,-,-,-,-,-,-,-,-,-,-,72.35,-1.04%,"6,149"
UUSA,1.82B,11.32%,-,-,-,-,-,-,-,-,-,-,-,5.92,0.00%,1
UUSAC,3.79B,8.02%,4.60%,122.35%,4.51%,1.35,0.68,10.30,10.30,38.51%,30.11%,12.27%,Aug 04/b,26.18,0.00%,0
UUSAF,-,2.39%,-,-,-,-,-,-,-,-,-,-,-,28.07,0.00%,0
UUSAI,-,4.19%,-,-,-,-,-,-,-,-,-,-,-,45.79,0.00%,0
UUSAR,6.29B,-,-17.88%,-23.65%,-11.14%,32.79,31.63,0.01,0.01,-54.06%,-949.48%,-2286.01%,Aug 10/a,16.77,-0.06%,"188,999"
UUSAS,1.67B,-,-14.32%,-27.49%,-14.21%,1.62,1.41,0.15,0.19,35.68%,19.18%,-26.15%,Aug 14/b,4.95,-1.37%,"1,678"
UUSAU,257.68M,-,-52.72%,-55.24%,-43.91%,37.15,37.15,0.00,0.00,-,-,-,Jul 01,15.59,0.00%,0
UUSAX,-,-,-,-,-,-,-,-,-,-,-,-,-,9.61,-1.07%,"3,486"
UUSB,94.18B,3.50%,1.15%,12.60%,6.44%,0.56,-,0.87,1.42,-,24.76%,17.92%,Oct 15/b,60.45,0.01%,48
UUSBC,205.56M,-,-178.67%,-297.27%,-129.50%,0.23,0.23,0.00,0.33,-,-,-,-,0.53,-0.04%,190
UUSCA,-,1.03%,-,-,-,-,-,-,-,-,-,-,-,46.06,0.00%,0
UUSCB,426.39M,2.06%,1.00%,12.36%,6.94%,0.17,-,0.78,1.26,-,24.80%,18.05%,Jul 23/a,23.08,0.00%,0
UUSCI,-,-,-,-,-,-,-,-,-,-,-,-,-,109.65,0.00%,0
UUSCL,-,1.04%,-,-,-,-,-,-,-,-,-,-,-,87.35,-0.16%,1
UUSD,-,0.32%,-,-,-,-,-,-,-,-,-,-,-,93.97,-0.87%,"15,432"
UUSDE,351.61M,-,-40.41%,-46.24%,-22.52%,1.40,1.40,0.00,0.03,19.95%,-3147.57%,-77375.31%,-,12.93,2.64%,"373,607"
UUSDU,-,3.72%,-,-,-,-,-,-,-,-,-,-,-,26.58,0.00%,0
UUSDX,-,3.25%,-,-,-,-,-,-,-,-,-,-,-,25.58,0.00%,0
UUSE,-,1.96%,-,-,-,-,-,-,-,-,-,-,-,35.85,0.00%,0
UUSEA,29.00M,13.16%,-1.11%,-3.30%,-1.39%,0.96,0.94,1.47,1.80,29.31%,8.99%,-5.08%,Jul 30/b,3.04,0.00%,0
UUSEP,-,-,-,-,-,-,-,-,-,-,-,-,-,42.28,0.00%,0
UUSEW,-,0.55%,-,-,-,-,-,-,-,-,-,-,-,56.42,0.00%,0
UUSFD,20.48B,-,5.18%,16.35%,7.77%,1.14,0.70,1.19,1.26,17.55%,3.43%,1.81%,Aug 06/b,94.65,0.46%,21
UUSFE,-,-,-,-,-,-,-,-,-,-,-,-,-,36.96,0.00%,0
UUSFR,-,3.74%,-,-,-,-,-,-,-,-,-,-,-,50.50,-0.02%,"7,114"
UUSG,-,28.84%,-,-,-,-,-,-,-,-,-,-,-,33.03,0.00%,0
UUSGG,-,-,-,-,-,-,-,-,-,-,-,-,-,5.89,1.28%,"5,739"
UUSGO,99.93M,-,-159.24%,-177.22%,-125.02%,24.11,22.54,0.00,0.01,-,-,-,Aug 12/a,7.12,0.00%,35
UUSGX,-,-,-,-,-,-,-,-,-,-,-,-,-,24.60,0.00%,0
UUSHY,-,6.99%,-,-,-,-,-,-,-,-,-,-,-,36.41,0.00%,3
UUSIG,-,4.89%,-,-,-,-,-,-,-,-,-,-,-,49.74,0.00%,0
UUSIN,-,4.18%,-,-,-,-,-,-,-,-,-,-,-,47.96,0.00%,0
UUSIO,66.39M,-,-1.30%,-8.04%,-6.76%,1.10,1.09,0.19,0.25,20.64%,-1.21%,-1.63%,Aug 12/a,2.33,0.00%,0
UUSL,-,-,-,-,-,-,-,-,-,-,-,-,-,56.18,0.00%,0
UUSLM,3.29B,0.21%,19.84%,21.35%,19.27%,27.54,25.78,0.00,0.00,48.42%,42.11%,35.66%,Jul 29/a,114.55,0.00%,207
UUSLN,-,3.44%,-,-,-,-,-,-,-,-,-,-,-,50.62,0.00%,0
UUSLV,-,0.67%,-,-,-,-,-,-,-,-,-,-,-,16.18,-1.70%,95
UUSLX,-,-,-,-,-,-,-,-,-,-,-,-,-,25.39,0.00%,0
UUSMC,-,0.73%,-,-,-,-,-,-,-,-,-,-,-,77.55,0.00%,0
UUSMD,-,-,-,-,-,-,-,-,-,-,-,-,-,32.81,0.00%,0
UUSMF,-,1.32%,-,-,-,-,-,-,-,-,-,-,-,52.87,0.00%,0
UUSMV,-,1.42%,-,-,-,-,-,-,-,-,-,-,-,99.07,0.00%,0
UUSMX,-,-,-,-,-,-,-,-,-,-,-,-,-,24.77,0.00%,0
UUSNA,267.72M,-,-3.08%,-4.19%,-4.21%,2.66,1.84,0.00,0.00,73.90%,4.54%,-2.43%,Aug 04/a,14.49,0.00%,0
UUSNG,-,1.47%,-,-,-,-,-,-,-,-,-,-,-,35.72,1.05%,1
UUSNZ,-,0.89%,-,-,-,-,-,-,-,-,-,-,-,49.43,0.00%,0
UUSO,-,-,-,-,-,-,-,-,-,-,-,-,-,146.21,-1.32%,"123,240"
UUSOI,-,53.28%,-,-,-,-,-,-,-,-,-,-,-,45.01,-3.35%,164
UUSOY,-,49.62%,-,-,-,-,-,-,-,-,-,-,-,7.59,1.34%,"1,455"
UUSPH,1.23B,2.23%,0.21%,0.54%,0.33%,1.27,1.27,0.75,0.86,17.45%,9.85%,0.32%,Aug 05/a,82.45,0.00%,0
UUSPX,-,1.02%,-,-,-,-,-,-,-,-,-,-,-,67.74,0.00%,0
UUSRT,-,2.77%,-,-,-,-,-,-,-,-,-,-,-,63.34,0.00%,0
UUSSE,-,-,-,-,-,-,-,-,-,-,-,-,-,41.12,0.00%,0
UUSSG,-,0.95%,-,-,-,-,-,-,-,-,-,-,-,71.99,0.00%,0
UUSSH,-,3.58%,-,-,-,-,-,-,-,-,-,-,-,49.86,0.00%,0
UUSSX,-,-,-,-,-,-,-,-,-,-,-,-,-,23.32,0.00%,0
UUST,-,3.75%,-,-,-,-,-,-,-,-,-,-,-,39.72,0.00%,0
UUSTB,-,4.57%,-,-,-,-,-,-,-,-,-,-,-,50.10,0.00%,0
UUSVM,-,1.88%,-,-,-,-,-,-,-,-,-,-,-,105.19,0.00%,0
UUSVN,-,3.94%,-,-,-,-,-,-,-,-,-,-,-,46.16,0.00%,0
UUSX,-,-,-,-,-,-,-,-,-,-,-,-,-,25.23,0.00%,0
UUSXF,-,0.83%,-,-,-,-,-,-,-,-,-,-,-,68.75,0.00%,0
UUTEN,-,4.20%,-,-,-,-,-,-,-,-,-,-,-,41.63,0.00%,0
UUTES,-,1.70%,-,-,-,-,-,-,-,-,-,-,-,71.51,0.00%,0
UUTF,2.76B,7.78%,-,-,-,-,-,-,-,-,-,-,-,24.69,0.00%,0
UUTG,3.50B,6.39%,-,-,-,-,-,-,-,-,-,-,-,38.00,5.61%,8
UUTHR,21.15B,-,17.33%,19.32%,20.48%,5.73,5.41,0.00,0.00,86.14%,44.49%,41.56%,Aug 05/b,493.10,0.00%,0
UUTHY,-,4.88%,-,-,-,-,-,-,-,-,-,-,-,38.63,0.00%,0
UUTI,1.14B,-,4.19%,10.53%,5.00%,1.30,1.30,0.99,1.04,47.93%,5.13%,3.88%,Aug 05/a,20.72,0.00%,0
UUTL,945.57M,3.66%,2.75%,9.62%,4.26%,0.49,0.45,1.06,1.50,25.20%,19.38%,9.44%,Aug 03/a,51.85,0.00%,0
UUTMD,237.13M,1.66%,8.55%,8.75%,8.58%,48.62,44.27,0.00,0.00,53.59%,28.97%,29.04%,-,74.48,0.00%,0
UUTRE,-,3.59%,-,-,-,-,-,-,-,-,-,-,-,48.29,0.00%,0
UUTSI,19.72M,-,-16.85%,-25.51%,-30.07%,2.83,2.83,0.01,0.02,-2.05%,-135.12%,-120.65%,Aug 14/b,2.08,-4.25%,298
UUTSL,-,2.93%,-,-,-,-,-,-,-,-,-,-,-,31.50,-2.87%,185
UUTWO,-,3.59%,-,-,-,-,-,-,-,-,-,-,-,47.53,0.00%,0
UUTWY,-,4.88%,-,-,-,-,-,-,-,-,-,-,-,40.75,0.00%,0
UUTZ,2.05B,1.63%,-1.03%,-4.06%,-1.75%,1.06,0.69,1.39,1.48,25.33%,3.86%,-2.00%,Aug 05/b,14.22,0.00%,1
UUUP,-,-,-,-,-,-,-,-,-,-,-,-,-,28.48,0.00%,0
UUUPP,-,1.35%,-,-,-,-,-,-,-,-,-,-,-,25.15,0.00%,0
UUUU,14.87M,-,-79.53%,-95.03%,-143.27%,3.39,3.10,0.00,0.21,10.35%,-429.14%,-437.82%,-,4.91,0.00%,0
UUUUC,-,-,-,-,-,-,-,-,-,-,-,-,-,18.35,0.00%,0
UUUUG,-,-,-,-,-,-,-,-,-,-,-,-,-,3.23,-1.22%,"5,999"
UUUUU,3.25B,-,-7.31%,-11.41%,-5.56%,27.90,25.87,0.86,0.86,29.97%,-78.65%,-77.30%,Aug 05/a,12.29,-0.08%,"58,375"
UUVE,1.21B,1.47%,9.12%,40.17%,29.92%,0.75,-,0.15,0.15,-,18.37%,13.49%,Jul 23/a,43.62,0.00%,0
UUVIX,-,-,-,-,-,-,-,-,-,-,-,-,-,36.84,-1.23%,"26,154"
UUVSP,1.16B,2.18%,1.22%,10.52%,8.17%,0.04,-,0.26,0.28,-,23.67%,18.91%,Jul 22/a,41.90,-0.59%,1
UUVV,1.09B,7.52%,0.61%,1.34%,0.94%,2.57,0.88,0.46,0.88,16.73%,6.22%,0.67%,Aug 05/a,43.75,1.02%,2
UUVXY,-,-,-,-,-,-,-,-,-,-,-,-,-,17.17,-1.21%,"70,779"
UUWM,-,0.88%,-,-,-,-,-,-,-,-,-,-,-,60.15,0.00%,0
UUWMC,2.06B,18.13%,-0.23%,-23.96%,-0.25%,0.42,0.42,108.18,118.64,83.42%,39.68%,-1.28%,Aug 05/a,1.28,1.59%,"2,341"
UUX,-,1.54%,-,-,-,-,-,-,-,-,-,-,-,28.62,0.00%,0
UUXAP,-,-,-,-,-,-,-,-,-,-,-,-,-,44.47,0.00%,0
UUXI,-,0.57%,-,-,-,-,-,-,-,-,-,-,-,52.83,0.00%,0
UUXIN,237.43M,-,-14.82%,-,-30.41%,0.79,0.22,-,-,6.73%,-6.67%,-8.46%,Sep 24/b,1.08,0.00%,0
UUXJA,-,-,-,-,-,-,-,-,-,-,-,-,-,39.41,0.00%,0
UUXJL,-,-,-,-,-,-,-,-,-,-,-,-,-,37.63,0.00%,0
UUXOC,-,-,-,-,-,-,-,-,-,-,-,-,-,40.67,0.00%,0
UUXRP,-,0.01%,-,-,-,-,-,-,-,-,-,-,-,18.83,5.49%,"4,328"
UUYG,-,0.88%,-,-,-,-,-,-,-,-,-,-,-,92.06,0.00%,0
UUYLD,-,4.59%,-,-,-,-,-,-,-,-,-,-,-,50.98,0.00%,0
UUYM,-,1.23%,-,-,-,-,-,-,-,-,-,-,-,28.15,0.00%,0
UUYSC,56.88M,-,1.31%,1.33%,1.81%,0.03,0.03,0.00,0.03,-,-,-,-,10.82,0.00%,0
UUZX,4.50M,-,-29.92%,-54.00%,-37.43%,4.47,4.20,0.10,0.20,78.82%,-113.16%,-144.21%,-,1.72,-1.69%,"3,531"
VV,688.04B,0.73%,23.02%,60.67%,39.97%,0.99,0.99,0.59,0.68,77.16%,67.04%,50.35%,Jul 28/a,368.52,-0.39%,"1,715"
VVABK,261.61M,2.99%,1.52%,13.57%,11.08%,0.23,-,0.15,0.15,-,35.31%,28.18%,Jul 23/b,48.22,0.00%,0
VVABS,-,5.09%,-,-,-,-,-,-,-,-,-,-,-,23.91,0.00%,0
VVAC,3.54B,2.63%,-3.45%,-14.71%,-4.47%,1.22,0.75,2.63,2.69,17.37%,10.40%,-6.47%,Aug 06/b,103.03,0.00%,0
VVACI,251.87M,-,-,-,1.23%,0.71,0.71,0.00,0.00,-,-,-,-,8.04,0.00%,0
VVAI,29.12M,-,-377.24%,-,-,0.27,0.27,-,-,18.71%,-1886.85%,-1931.55%,-,2.00,-3.85%,800
VVAIE,-,5.57%,-,-,-,-,-,-,-,-,-,-,-,24.81,0.00%,0
VVAL,5.68B,-,18.88%,33.86%,21.57%,1.48,1.48,0.35,0.36,17.07%,12.09%,43.95%,Aug 05/a,81.79,0.00%,0
VVALE,57.58B,7.11%,2.26%,5.26%,3.65%,1.19,0.77,0.47,0.50,34.32%,28.32%,4.92%,Jul 31/b,14.14,-0.07%,"6,810"
VVALG,-,-,-,-,-,-,-,-,-,-,-,-,-,15.94,0.00%,0
VVALN,627.71M,-,-36.82%,-118.01%,-59.52%,2.16,1.69,2.33,2.59,16.40%,-86.72%,-110.32%,Aug 13/b,6.62,0.00%,0
VVALQ,-,1.70%,-,-,-,-,-,-,-,-,-,-,-,70.92,0.00%,0
VVALU,360.37M,3.51%,13.18%,18.69%,18.08%,4.09,4.09,0.00,0.02,38.91%,10.83%,60.27%,Mar 16/a,38.41,0.00%,0
VVAMO,-,0.67%,-,-,-,-,-,-,-,-,-,-,-,35.55,0.00%,0
VVANI,111.85M,-,-74.60%,-220.40%,-75.22%,3.25,3.25,0.84,0.94,-,-,-,Aug 13/a,1.24,0.00%,0
VVATE,111.59M,-,-2.36%,-,-,0.44,0.43,-,-,14.85%,4.60%,-1.58%,Aug 06/a,8.18,0.00%,0
VVAVX,-,0.74%,-,-,-,-,-,-,-,-,-,-,-,23.10,0.00%,0
VVAW,-,1.42%,-,-,-,-,-,-,-,-,-,-,-,223.35,0.00%,1
VVB,-,1.24%,-,-,-,-,-,-,-,-,-,-,-,291.09,0.00%,10
VVBCA,-,1.41%,-,-,-,-,-,-,-,-,-,-,-,75.44,0.00%,0
VVBCB,-,1.31%,-,-,-,-,-,-,-,-,-,-,-,75.03,0.00%,0
VVBCC,-,1.52%,-,-,-,-,-,-,-,-,-,-,-,74.41,0.00%,0
VVBCD,-,1.55%,-,-,-,-,-,-,-,-,-,-,-,73.95,0.00%,0
VVBCE,-,1.60%,-,-,-,-,-,-,-,-,-,-,-,73.70,0.00%,0
VVBCF,-,1.70%,-,-,-,-,-,-,-,-,-,-,-,73.40,0.00%,0
VVBCG,-,2.03%,-,-,-,-,-,-,-,-,-,-,-,73.18,0.00%,0
VVBCH,-,2.14%,-,-,-,-,-,-,-,-,-,-,-,73.19,0.00%,0
VVBCI,-,2.21%,-,-,-,-,-,-,-,-,-,-,-,72.91,0.00%,0
VVBCJ,-,2.20%,-,-,-,-,-,-,-,-,-,-,-,72.75,0.00%,0
VVBF,164.52M,5.63%,-,-,-,-,-,-,-,-,-,-,-,14.40,0.00%,0
VVBIL,-,3.54%,-,-,-,-,-,-,-,-,-,-,-,75.64,-0.01%,54
VVBIO,1.96M,-,-156.00%,-178.18%,-26.10%,1.11,0.86,1.42,1.47,-58.51%,-1548.96%,-1557.26%,May 14/a,2.21,-7.06%,"1,545"
VVBK,-,0.45%,-,-,-,-,-,-,-,-,-,-,-,340.58,-0.33%,5
VVBNB,-,-,-,-,-,-,-,-,-,-,-,-,-,31.08,0.00%,0
VVBND,-,4.49%,-,-,-,-,-,-,-,-,-,-,-,42.34,0.00%,0
VVBNK,738.85M,0.31%,0.55%,6.22%,5.09%,45.19,-,0.19,0.19,-,14.48%,9.92%,Sep 03/b,22.79,0.00%,0
VVBR,-,1.81%,-,-,-,-,-,-,-,-,-,-,-,238.38,0.00%,1
VVC,2.45B,1.18%,4.54%,9.96%,7.53%,1.78,1.45,0.25,0.27,12.81%,7.33%,4.00%,Jul 23/b,91.89,0.00%,0
VVCEB,-,4.83%,-,-,-,-,-,-,-,-,-,-,-,60.85,0.00%,0
VVCEL,2.02B,-,5.16%,7.16%,5.38%,5.04,4.69,0.22,0.26,74.56%,5.95%,7.91%,Jul 30/b,39.46,-0.23%,746
VVCHY,-,1.50%,-,-,-,-,-,-,-,-,-,-,-,74.21,0.00%,0
VVCIG,2.00M,-,-,-,-,-,-,-,-,-,-,-,-,1.58,-0.18%,"1,675"
VVCIT,-,4.97%,-,-,-,-,-,-,-,-,-,-,-,79.92,0.00%,12
VVCLN,-,1.88%,-,-,-,-,-,-,-,-,-,-,-,28.33,0.00%,0
VVCLT,-,5.73%,-,-,-,-,-,-,-,-,-,-,-,71.63,0.00%,0
VVCOB,-,3.16%,-,-,-,-,-,-,-,-,-,-,-,48.36,0.00%,0
VVCR,-,0.76%,-,-,-,-,-,-,-,-,-,-,-,376.65,0.00%,0
VVCRB,-,4.66%,-,-,-,-,-,-,-,-,-,-,-,74.98,0.00%,0
VVCRE,286.00M,-,-54.03%,-58.46%,-60.81%,12.68,12.68,0.00,0.00,-,-13128.66%,-12573.17%,Aug 21/b,10.16,-0.39%,"1,504"
VVCRM,-,3.86%,-,-,-,-,-,-,-,-,-,-,-,73.06,0.00%,0
VVCSH,-,4.52%,-,-,-,-,-,-,-,-,-,-,-,77.83,0.11%,476
VVCTR,6.63B,1.86%,10.94%,19.04%,13.61%,2.07,2.07,0.43,0.43,77.38%,45.87%,22.38%,Aug 05/a,107.76,0.00%,0
VVCV,474.45M,8.07%,-,-,-,-,-,-,-,-,-,-,-,9.66,0.00%,0
VVCX,1.10B,-,-,-,-,-,-,-,-,-,-,-,-,30.78,-0.03%,"3,726"
VVCYT,3.34B,-,8.09%,8.77%,8.05%,9.16,8.80,0.02,0.03,71.08%,17.22%,20.37%,Jul 30/a,41.55,0.07%,"1,344"
VVDC,-,2.16%,-,-,-,-,-,-,-,-,-,-,-,222.00,-0.42%,64
VVDE,-,2.29%,-,-,-,-,-,-,-,-,-,-,-,176.00,-0.06%,58
VVDG,-,0.65%,-,-,-,-,-,-,-,-,-,-,-,80.88,0.00%,0
VVDI,-,3.26%,-,-,-,-,-,-,-,-,-,-,-,36.68,0.00%,0
VVDIG,-,0.12%,-,-,-,-,-,-,-,-,-,-,-,62.66,0.00%,0
VVDV,-,1.41%,-,-,-,-,-,-,-,-,-,-,-,78.42,0.00%,0
VVEA,-,2.36%,-,-,-,-,-,-,-,-,-,-,-,72.22,-0.11%,"1,676"
VVECA,132.37M,-,-,-,-,18.28,18.28,0.00,0.00,-,-,-,-,10.02,0.00%,0
VVECO,2.68B,-,1.73%,2.64%,2.00%,3.93,2.63,0.28,0.29,37.51%,4.26%,3.40%,Aug 05/a,43.80,-0.95%,"1,669"
VVEEA,11.38M,-,-7.15%,-460.94%,-14.96%,1.57,0.66,1.21,1.67,-197.53%,-11105.26%,-1002.84%,-,3.66,0.83%,"5,245"
VVEEE,9.84M,-,-48.06%,-62.58%,-60.73%,2.36,1.49,0.18,0.21,-12.65%,-69.34%,-76.31%,May 07/b,16.85,-2.26%,"31,104"
VVEEM,-,-,-,-,-,-,-,-,-,-,-,-,-,25.48,0.00%,0
VVEEV,42.14B,-,11.90%,14.42%,13.41%,5.46,5.46,0.02,0.02,74.83%,29.93%,29.34%,Aug 26/a,260.27,-0.40%,52
VVEFA,-,0.75%,-,-,-,-,-,-,-,-,-,-,-,83.07,0.00%,0
VVEGA,-,1.23%,-,-,-,-,-,-,-,-,-,-,-,53.26,0.00%,0
VVEGI,-,1.86%,-,-,-,-,-,-,-,-,-,-,-,46.01,-1.72%,264
VVEGN,-,0.55%,-,-,-,-,-,-,-,-,-,-,-,79.48,0.00%,0
VVEGX,-,-,-,-,-,-,-,-,-,-,-,-,-,24.80,0.00%,0
VVEL,637.63M,-,1.47%,16.10%,1.42%,1.20,0.92,9.34,9.77,90.43%,86.99%,15.43%,Aug 05/a,16.15,0.00%,0
VVELL,-,-,-,-,-,-,-,-,-,-,-,-,-,3.09,0.00%,0
VVELO,363.93M,-,-37.48%,-62.15%,-30.01%,6.33,5.22,0.19,0.21,0.54%,-87.64%,-90.74%,Aug 11/a,11.32,0.62%,"1,489"
VVEM,-,2.87%,-,-,-,-,-,-,-,-,-,-,-,28.68,0.00%,0
VVEMY,-,7.34%,-,-,-,-,-,-,-,-,-,-,-,28.15,0.00%,0
VVENU,87.60M,-,-12.27%,-38.34%,-14.42%,0.25,0.24,1.12,1.22,-40.03%,-263.39%,-251.33%,Aug 13/b,1.55,0.00%,0
VVEON,4.44B,-,0.64%,4.22%,1.00%,0.97,0.96,2.92,3.87,69.38%,23.04%,1.25%,Jul 31/b,69.67,0.00%,0
VVERA,2.45B,-,-72.32%,-91.75%,-83.21%,10.65,10.65,0.18,0.18,-,-,-,Aug 10/a,34.00,-0.73%,"2,135"
VVERI,118.53M,-,-64.36%,-552.14%,-271.97%,0.47,0.47,0.05,1.44,39.26%,-84.36%,-120.90%,Aug 13/a,1.18,0.85%,"9,887"
VVERS,-,0.12%,-,-,-,-,-,-,-,-,-,-,-,75.63,0.00%,0
VVERU,41.60M,-,-43.85%,-64.54%,-46.59%,4.42,4.42,0.07,0.09,-,-,-,Aug 10/b,2.44,0.00%,0
VVERX,1.96B,-,0.30%,1.46%,0.61%,0.86,0.86,1.43,1.45,59.86%,1.08%,0.45%,Aug 03/a,12.08,0.00%,0
VVET,1.82B,3.24%,-7.36%,-18.49%,-12.95%,1.00,0.90,0.63,0.63,19.96%,14.09%,-23.68%,Jul 29/a,11.91,0.00%,0
VVETZ,-,6.11%,-,-,-,-,-,-,-,-,-,-,-,19.17,0.00%,0
VVEU,-,2.33%,-,-,-,-,-,-,-,-,-,-,-,84.13,-1.12%,404
VVEXC,-,1.93%,-,-,-,-,-,-,-,-,-,-,-,98.33,0.00%,0
VVFC,5.15B,2.77%,2.80%,17.94%,4.66%,1.43,0.78,2.33,2.81,55.63%,7.13%,2.88%,Jul 29/b,13.11,0.46%,11
VVFF,352.18M,-,5.50%,7.67%,6.45%,3.17,2.25,0.13,0.15,44.29%,16.09%,9.85%,Aug 10/b,2.88,0.00%,0
VVFH,-,1.70%,-,-,-,-,-,-,-,-,-,-,-,136.76,0.00%,0
VVFLO,-,0.99%,-,-,-,-,-,-,-,-,-,-,-,52.69,0.02%,137
VVFMF,-,1.33%,-,-,-,-,-,-,-,-,-,-,-,183.22,0.00%,0
VVFMO,-,0.61%,-,-,-,-,-,-,-,-,-,-,-,229.63,0.00%,0
VVFMV,-,1.75%,-,-,-,-,-,-,-,-,-,-,-,143.64,0.00%,0
VVFQY,-,1.04%,-,-,-,-,-,-,-,-,-,-,-,173.25,0.00%,0
VVFS,7.79B,-,-61.99%,-,-,0.48,0.20,-,-,-51.16%,-82.53%,-110.54%,Sep 18,3.33,-1.49%,"2,937"
VVFVA,-,1.78%,-,-,-,-,-,-,-,-,-,-,-,156.35,0.00%,0
VVG,33.85B,0.72%,6.92%,48.40%,7.32%,1.19,1.11,4.95,4.99,47.80%,37.66%,19.65%,Aug 11/b,13.54,-0.88%,"20,485"
VVGAS,59.09M,-,-10.46%,-21.22%,-22.77%,26.16,26.16,0.00,0.01,-,-,-,-,1.34,0.00%,0
VVGHY,-,5.61%,-,-,-,-,-,-,-,-,-,-,-,73.54,0.00%,0
VVGI,78.74M,13.79%,-,-,-,-,-,-,-,-,-,-,-,6.96,0.00%,0
VVGIT,-,3.99%,-,-,-,-,-,-,-,-,-,-,-,57.30,-0.02%,288
VVGK,-,2.90%,-,-,-,-,-,-,-,-,-,-,-,89.00,-0.27%,230
VVGLT,-,4.80%,-,-,-,-,-,-,-,-,-,-,-,52.58,0.31%,70
VVGM,523.34M,8.08%,-,-,-,-,-,-,-,-,-,-,-,9.65,0.00%,0
VVGMS,-,5.31%,-,-,-,-,-,-,-,-,-,-,-,50.34,0.00%,0
VVGNT,3.38B,0.54%,-,-,-,1.40,1.09,26.06,28.51,-,-,-,Aug 04/b,47.67,1.27%,98
VVGRO,-,-,-,-,-,-,-,-,-,-,-,-,-,25.87,0.00%,0
VVGSH,-,3.79%,-,-,-,-,-,-,-,-,-,-,-,57.62,-0.02%,104
VVGSR,-,3.42%,-,-,-,-,-,-,-,-,-,-,-,10.97,0.00%,0
VVGT,-,0.35%,-,-,-,-,-,-,-,-,-,-,-,125.48,-0.06%,"9,688"
VVGUS,-,3.58%,-,-,-,-,-,-,-,-,-,-,-,75.56,0.00%,0
VVGVT,-,4.13%,-,-,-,-,-,-,-,-,-,-,-,73.19,0.00%,0
VVGZ,385.61M,-,-25.30%,-26.40%,-16.82%,34.21,34.21,0.00,0.00,-,-,-,Jul 29/a,2.64,-3.59%,"14,486"
VVHC,54.61M,-,-61.14%,-82.13%,-131.50%,6.24,6.24,0.00,0.00,77.19%,-17639.47%,-17373.68%,Aug 16/a,12.95,0.00%,0
VVHCP,308.66M,-,-,-,1.43%,6.27,6.27,0.00,0.00,-,-,-,-,10.06,0.00%,0
VVHI,476.36M,1.90%,-1.91%,-4.83%,-3.10%,3.37,1.90,0.58,0.58,14.69%,0.53%,-2.36%,Aug 06/a,16.82,0.00%,0
VVHT,-,1.48%,-,-,-,-,-,-,-,-,-,-,-,317.99,0.00%,1
VVHUB,59.43M,-,-818.26%,-,-10623.24%,0.77,0.44,-,-,-66.16%,-8466.02%,-11799.23%,-,0.61,0.00%,110
VVIA,2.23B,-,-17.64%,-,-15.73%,5.04,5.04,0.01,0.03,39.09%,-17.43%,-20.04%,Aug 06/b,27.33,0.00%,0
VVIAG,-,-,-,-,-,-,-,-,-,-,-,-,-,9.01,0.00%,0
VVIAV,8.86B,-,-1.29%,-2.73%,-1.61%,1.85,1.59,0.30,0.48,56.17%,10.97%,-2.00%,Aug 05/a,35.90,-0.83%,"13,641"
VVICI,26.60B,7.54%,5.86%,9.84%,6.12%,0.14,0.14,0.55,0.61,99.23%,88.72%,67.50%,Jul 29/a,24.16,0.46%,"2,563"
VVICR,11.30B,-,18.30%,20.13%,17.29%,13.25,11.18,0.01,0.01,60.00%,18.64%,30.65%,Jul 21/b,245.17,9.50%,"8,429"
VVIDA,27.71M,-,-,-,-,18.31,18.31,0.00,0.01,-,-,-,-,1.90,3.83%,668
VVIDI,-,3.84%,-,-,-,-,-,-,-,-,-,-,-,40.78,0.00%,0
VVIG,-,1.50%,-,-,-,-,-,-,-,-,-,-,-,238.17,-0.08%,79
VVIGI,-,2.16%,-,-,-,-,-,-,-,-,-,-,-,96.65,0.00%,0
VVII,307.45M,-,-,-,-,0.00,0.00,-,-,-,-,-,May 15/a,9.83,0.00%,0
VVIK,38.82B,-,10.82%,139.54%,17.70%,0.81,0.79,3.61,3.75,38.76%,23.27%,19.33%,Aug 19/b,87.00,1.10%,166
VVINP,621.10M,8.17%,6.53%,12.49%,8.38%,3.58,3.58,0.40,0.49,-,37.43%,23.12%,Aug 11/a,9.48,0.00%,0
VVIOG,-,0.81%,-,-,-,-,-,-,-,-,-,-,-,141.21,0.00%,0
VVIOO,-,1.16%,-,-,-,-,-,-,-,-,-,-,-,129.51,0.00%,0
VVIOT,41.87M,-,-0.23%,-0.39%,-0.39%,2.53,2.36,0.03,0.08,23.75%,-5.59%,-0.35%,Aug 27/b,1.32,0.00%,0
VVIOV,-,1.73%,-,-,-,-,-,-,-,-,-,-,-,113.17,0.00%,0
VVIP,71.40M,-,1.06%,-,-,0.41,0.41,-,-,-13.63%,-42.01%,0.96%,-,2.01,5.56%,56
VVIPS,4.97B,4.37%,12.97%,24.49%,22.15%,1.28,1.15,0.01,0.26,23.41%,6.81%,9.89%,Aug 25/b,12.50,0.00%,0
VVIR,1.87B,-,-20.91%,-26.08%,-23.60%,6.04,6.04,0.09,0.09,96.20%,-92.16%,-83.00%,Aug 05/a,11.08,1.84%,1
VVIRC,102.94M,1.53%,-1.29%,-2.23%,-1.79%,2.53,1.43,0.27,0.34,37.33%,-2.46%,-1.31%,Sep 04/b,6.53,0.00%,0
VVIRT,8.99B,1.66%,2.22%,31.65%,12.56%,0.94,0.94,1.21,2.83,50.39%,37.84%,13.84%,Jul 30/b,57.94,0.00%,0
VVIS,-,0.95%,-,-,-,-,-,-,-,-,-,-,-,327.12,0.00%,0
VVISN,1.49B,-,5.59%,47.40%,10.37%,2.57,2.15,0.01,0.02,37.80%,12.32%,7.31%,Aug 06/b,6.48,0.00%,0
VVIST,7.77B,1.13%,10.80%,30.42%,13.06%,0.69,0.68,0.91,1.13,52.61%,38.02%,23.55%,Jul 17/b,70.00,-0.47%,"1,231"
VVITL,523.76M,-,0.03%,0.05%,0.04%,1.08,0.58,0.25,0.38,29.05%,0.48%,0.02%,Aug 06/b,12.20,-0.25%,372
VVIV,19.21B,7.89%,5.18%,9.90%,8.05%,0.95,0.89,0.22,0.30,40.78%,15.67%,10.65%,Jul 27/a,12.02,0.00%,0
VVIVK,5.19M,-,-54.36%,-136.53%,-211.99%,0.20,0.19,0.13,0.96,-4.09%,-16.75%,-115.30%,-,0.59,0.24%,"14,118"
VVIVO,121.90M,-,-,-,-,-,-,-,-,-,-,-,-,3.81,-1.30%,"1,080"
VVIVS,4.31M,-,-155.93%,-343.10%,-,1.70,1.70,-,-,-73.21%,-10116.96%,-11016.07%,-,0.26,4.71%,"1,372"
VVIXM,-,-,-,-,-,-,-,-,-,-,-,-,-,13.06,0.00%,0
VVIXY,-,-,-,-,-,-,-,-,-,-,-,-,-,16.82,-0.71%,"6,619"
VVKI,369.72M,8.08%,-,-,-,-,-,-,-,-,-,-,-,8.32,0.00%,0
VVKQ,506.32M,8.26%,-,-,-,-,-,-,-,-,-,-,-,9.15,0.00%,0
VVKTX,3.62B,-,-79.24%,-88.85%,-129.73%,4.72,4.72,0.01,0.01,-,-,-,Jul 29/a,31.06,3.16%,"30,878"
VVLGEA,591.98M,2.26%,5.26%,10.60%,6.57%,1.17,0.88,0.56,0.62,26.73%,2.87%,2.20%,-,44.30,0.00%,0
VVLN,192.74M,-,-24.08%,-30.38%,-31.37%,5.21,4.62,0.07,0.08,61.78%,-47.25%,-45.23%,Aug 12/b,1.78,0.56%,"2,685"
VVLO,112.15B,1.24%,11.59%,29.30%,20.30%,1.64,1.23,0.42,0.45,8.41%,7.60%,5.15%,Jul 30/b,389.50,-0.96%,"7,538"
VVLOS,326.51M,-,1.32%,1.41%,1.40%,0.03,0.03,0.00,0.01,-,-,-,-,10.65,0.00%,0
VVLRS,788.56M,-,-3.28%,-116.75%,-5.79%,0.64,0.64,47.02,57.18,3.90%,-4.81%,-5.70%,Jul 21/b,6.86,0.00%,0
VVLT,61.21M,11.81%,-,-,-,-,-,-,-,-,-,-,-,9.40,0.00%,0
VVLTO,23.20B,0.50%,12.56%,34.37%,17.11%,1.78,1.61,0.87,1.09,59.34%,22.74%,17.35%,Jul 28/a,95.18,0.00%,0
VVLU,-,1.62%,-,-,-,-,-,-,-,-,-,-,-,244.51,0.00%,0
VVLUE,-,1.54%,-,-,-,-,-,-,-,-,-,-,-,201.06,-0.44%,23
VVLY,7.42B,3.28%,1.08%,8.95%,6.34%,0.06,-,0.38,0.44,-,24.20%,18.66%,Jul 23/b,13.42,0.15%,638
VVMAR,4.91M,-,-46.09%,-337.93%,-94.07%,1.26,0.47,2.19,4.49,7.67%,-56.46%,-132.06%,Jul 14/b,7.52,0.00%,0
VVMAX,-,1.81%,-,-,-,-,-,-,-,-,-,-,-,64.36,0.00%,0
VVMBS,-,4.31%,-,-,-,-,-,-,-,-,-,-,-,45.39,0.00%,0
VVMC,31.91B,0.85%,6.69%,13.24%,8.61%,1.76,1.20,0.53,0.58,27.51%,20.74%,13.75%,Jul 29/b,246.25,0.02%,6
VVMD,337.08M,-,7.46%,10.22%,9.45%,1.13,1.02,0.07,0.08,56.95%,8.47%,4.81%,Aug 03/a,8.85,0.00%,0
VVMET,1.03B,-,7.00%,12.17%,5.15%,0.71,0.71,0.82,0.95,49.64%,39.06%,49.92%,-,9.42,0.00%,0
VVMI,9.06B,0.65%,14.85%,31.07%,19.46%,2.35,1.55,0.50,0.50,30.32%,13.80%,11.95%,Jul 21/b,469.15,0.00%,512
VVMO,614.38M,8.17%,-,-,-,-,-,-,-,-,-,-,-,9.11,0.00%,0
VVMRK,47.48B,4.56%,4.24%,8.13%,4.66%,0.07,0.07,0.79,0.79,30.79%,28.82%,27.68%,Jul 22/a,61.36,0.00%,0
VVMSB,-,3.68%,-,-,-,-,-,-,-,-,-,-,-,48.59,0.00%,0
VVNAM,-,0.50%,-,-,-,-,-,-,-,-,-,-,-,24.35,0.00%,0
VVNCE,118.19M,-,3.26%,14.09%,4.87%,1.49,0.46,1.66,1.95,52.52%,4.13%,2.42%,Sep 10/b,9.13,0.00%,0
VVNDA,311.69M,-,-53.00%,-77.81%,-115.30%,1.61,1.60,0.08,0.10,89.32%,-86.07%,-127.41%,Aug 05/a,5.16,0.00%,0
VVNET,2.02B,-,-5.36%,-47.05%,-7.99%,0.97,0.97,6.17,7.52,20.48%,7.16%,-22.38%,Aug 18/b,7.24,0.07%,"9,079"
VVNIE,-,0.32%,-,-,-,-,-,-,-,-,-,-,-,24.84,0.00%,0
VVNLA,-,4.73%,-,-,-,-,-,-,-,-,-,-,-,48.77,0.00%,0
VVNM,-,0.22%,-,-,-,-,-,-,-,-,-,-,-,17.43,0.11%,603
VVNME,256.87M,-,6.76%,6.80%,3.40%,1.86,1.86,0.00,0.00,-,-,-,-,10.26,0.00%,0
VVNO,7.24B,2.35%,0.43%,1.14%,0.49%,4.77,4.77,1.41,1.41,19.82%,10.43%,0.32%,Aug 03/a,35.58,0.00%,0
VVNOM,15.29B,6.86%,0.52%,1.35%,0.85%,6.37,6.37,0.33,0.33,51.70%,48.86%,2.89%,Aug 03/a,42.57,2.04%,42
VVNQ,-,3.74%,-,-,-,-,-,-,-,-,-,-,-,92.74,-1.14%,696
VVNQI,-,4.94%,-,-,-,-,-,-,-,-,-,-,-,43.67,0.00%,0
VVNRX,4.99M,-,-306.96%,-,-,0.30,0.30,-,-,53.07%,-790.23%,-1061.82%,Aug 13/a,0.27,0.64%,"35,997"
VVNSE,-,0.20%,-,-,-,-,-,-,-,-,-,-,-,42.13,0.00%,0
VVNT,4.22B,0.16%,8.28%,29.07%,12.40%,1.25,0.94,1.35,1.62,44.96%,19.15%,11.34%,Aug 06/b,31.24,0.00%,0
VVNTG,19.82M,-,-,-,-14.08%,1.48,1.48,0.06,0.11,38.19%,-4.21%,-7.38%,Jul 28/b,0.64,-4.73%,"6,340"
VVO,-,1.33%,-,-,-,-,-,-,-,-,-,-,-,80.56,0.00%,3
VVOC,57.46M,17.01%,68.29%,68.29%,75.91%,-,-,0.00,0.00,104.23%,91.52%,91.52%,-,3.38,0.00%,0
VVOD,39.32B,3.33%,-0.24%,-0.61%,-0.43%,1.07,1.05,0.90,1.04,31.46%,9.58%,-1.02%,-,16.99,-0.18%,"3,002"
VVOE,-,1.84%,-,-,-,-,-,-,-,-,-,-,-,202.07,0.00%,0
VVOGX,438.23M,-,-,-,-,0.06,0.06,-,-,-,-,-,Sep 02,29.50,0.00%,0
VVOLT,-,0.25%,-,-,-,-,-,-,-,-,-,-,-,35.81,0.00%,0
VVONE,-,0.99%,-,-,-,-,-,-,-,-,-,-,-,350.31,0.00%,0
VVONG,-,0.45%,-,-,-,-,-,-,-,-,-,-,-,130.08,0.00%,1
VVONV,-,1.54%,-,-,-,-,-,-,-,-,-,-,-,111.59,0.00%,2
VVOO,-,1.03%,-,-,-,-,-,-,-,-,-,-,-,712.32,-0.06%,"30,344"
VVOOB,-,-,-,-,-,-,-,-,-,-,-,-,-,-,-,-
VVOOG,-,0.43%,-,-,-,-,-,-,-,-,-,-,-,86.12,-0.16%,"1,565"
VVOOV,-,1.64%,-,-,-,-,-,-,-,-,-,-,-,226.33,-0.00%,12
VVOOY,-,-,-,-,-,-,-,-,-,-,-,-,-,25.53,0.00%,0
VVOR,1.37B,-,182.91%,-,-,19.15,19.15,-,-,-,-,-,Aug 11/b,23.08,5.44%,122
VVOT,-,0.61%,-,-,-,-,-,-,-,-,-,-,-,297.61,0.00%,1
VVOTE,-,0.91%,-,-,-,-,-,-,-,-,-,-,-,91.49,0.00%,0
VVOX,-,0.99%,-,-,-,-,-,-,-,-,-,-,-,197.50,0.00%,0
VVOXP,-,1.68%,-,-,-,-,-,-,-,-,-,-,-,40.43,0.00%,0
VVOXR,389.17M,1.07%,42.70%,49.39%,31.54%,7.50,7.50,0.00,0.00,65.68%,29.26%,144.32%,Aug 12/a,5.60,0.00%,0
VVOYA,9.04B,1.93%,0.36%,13.06%,7.17%,-,-,0.81,0.84,-,12.07%,6.94%,Aug 04/a,99.75,-0.78%,8
VVOYG,2.31B,-,-16.16%,-31.11%,-16.93%,3.80,3.72,1.48,1.51,2.59%,-83.77%,-78.61%,Aug 03/a,37.92,0.69%,572
VVPC,-,14.60%,-,-,-,-,-,-,-,-,-,-,-,15.16,0.00%,0
VVPFF,-,1.35%,-,-,-,-,-,-,-,-,-,-,-,24.68,0.00%,0
VVPG,859.03M,-,0.86%,1.19%,1.07%,4.15,2.72,0.10,0.12,38.68%,2.38%,1.20%,Aug 05/b,64.49,-0.71%,483
VVPL,-,2.56%,-,-,-,-,-,-,-,-,-,-,-,117.98,0.00%,0
VVPLS,-,4.64%,-,-,-,-,-,-,-,-,-,-,-,75.37,0.00%,0
VVPU,-,2.91%,-,-,-,-,-,-,-,-,-,-,-,177.38,0.00%,2
VVPV,195.07M,7.37%,-,-,-,-,-,-,-,-,-,-,-,10.91,0.00%,0
VVRA,119.34M,-,-3.97%,-7.36%,-5.34%,2.44,1.10,0.42,0.54,50.43%,-3.29%,-3.66%,Sep 15/b,4.16,0.00%,0
VVRAI,-,3.17%,-,-,-,-,-,-,-,-,-,-,-,27.61,0.00%,0
VVRAX,2.99M,-,-68.11%,-75.70%,-63.74%,9.97,9.97,0.04,0.05,-3472.01%,-51515.17%,-40439.10%,-,2.22,-3.91%,150
VVRC,-,-,-,-,-,-,-,-,-,-,-,-,-,14.88,0.00%,0
VVRCA,77.13M,-,-83.02%,-240.35%,-604.20%,1.33,1.21,0.20,0.42,85.89%,-87.18%,-102.84%,Aug 06/a,4.49,0.00%,0
VVRDN,2.44B,-,-43.89%,-62.62%,-40.76%,16.95,16.95,0.37,0.37,98.78%,-569.68%,-518.22%,Aug 06/b,21.58,0.00%,0
VVREX,778.48M,-,2.03%,4.64%,2.59%,3.38,1.53,0.72,0.76,34.32%,8.35%,2.55%,Aug 10/b,18.47,0.00%,0
VVRIG,-,4.55%,-,-,-,-,-,-,-,-,-,-,-,25.03,0.00%,0
VVRM,49.36M,-,-5.95%,-41.88%,-6.63%,16.89,16.89,6.10,6.43,81.35%,-14.88%,-62.76%,Aug 04/a,9.43,0.00%,0
VVRME,15.55M,-,-36.61%,-42.84%,-52.43%,4.32,4.29,0.00,0.08,40.79%,-14.66%,-47.08%,Aug 14/b,1.18,-14.42%,"225,120"
VVRNS,5.59B,-,-8.65%,-35.97%,-14.72%,1.65,1.65,1.16,1.19,77.10%,-24.01%,-20.50%,Jul 28/a,48.65,0.40%,33
VVRP,-,6.14%,-,-,-,-,-,-,-,-,-,-,-,24.02,0.00%,0
VVRRM,534.98M,-,2.67%,15.38%,3.42%,2.05,1.95,4.79,4.86,79.29%,24.19%,4.40%,Aug 05/a,3.52,0.00%,801
VVRSK,22.39B,1.16%,19.06%,444.05%,28.15%,1.01,1.01,-,-,59.78%,44.81%,28.24%,Jul 29/b,172.02,0.00%,0
VVRSN,28.01B,0.91%,52.95%,-,-,0.59,0.59,-,-,88.47%,67.86%,49.77%,Jul 23/a,310.14,0.64%,107
VVRT,96.19B,0.09%,13.17%,43.94%,21.61%,1.38,1.03,0.68,0.70,35.73%,19.81%,15.09%,Jul 29/b,249.84,-0.41%,"32,186"
VVRTL,-,-,-,-,-,-,-,-,-,-,-,-,-,24.56,-1.29%,"7,514"
VVRTS,859.96M,7.39%,2.91%,13.01%,8.22%,1.72,1.72,0.54,0.54,81.61%,14.91%,14.39%,Jul 30/b,129.85,0.00%,0
VVRTX,129.04B,-,17.12%,23.54%,19.82%,3.19,2.74,0.10,0.10,86.12%,39.54%,34.69%,Aug 03/a,509.10,-0.32%,322
VVRXA,215.79M,-,2.52%,5.72%,-,0.00,0.00,-,-,-,-,-,-,1.46,2.87%,670
VVS,6.71M,-,-42.01%,-14.58%,-14.47%,4.00,4.00,0.00,0.00,142.94%,-142.20%,-113.18%,-,1.08,0.00%,0
VVSA,1.28M,-,-128.57%,-,-,0.00,0.00,-,-,39.53%,-67.93%,-69.95%,-,2.07,0.00%,113
VVSAT,10.50B,-,-0.20%,-0.64%,-0.27%,1.68,1.52,1.34,1.49,27.60%,2.35%,-0.64%,Aug 04/a,76.21,-0.22%,108
VVSDA,-,2.62%,-,-,-,-,-,-,-,-,-,-,-,57.09,0.00%,0
VVSDB,-,4.06%,-,-,-,-,-,-,-,-,-,-,-,75.15,0.00%,0
VVSDM,-,3.16%,-,-,-,-,-,-,-,-,-,-,-,75.23,0.00%,0
VVSEC,5.06B,0.22%,2.78%,4.27%,1.91%,3.77,1.30,0.34,0.35,12.61%,11.75%,5.52%,Aug 05/a,180.14,0.00%,89
VVSGX,-,2.92%,-,-,-,-,-,-,-,-,-,-,-,83.12,0.00%,0
VVSH,4.86B,1.25%,0.61%,1.13%,0.88%,1.80,1.27,0.11,0.38,20.93%,3.30%,0.86%,Aug 05/b,31.71,-2.78%,"8,588"
VVSHY,-,6.28%,-,-,-,-,-,-,-,-,-,-,-,21.42,0.00%,0
VVSLU,-,0.42%,-,-,-,-,-,-,-,-,-,-,-,49.23,0.00%,0
VVSME,2.36M,-,-104.03%,-317.28%,-200.28%,1.47,1.47,0.04,0.70,23.31%,-85.45%,-114.50%,-,0.86,0.00%,"1,056"
VVSMV,-,1.31%,-,-,-,-,-,-,-,-,-,-,-,60.46,0.00%,0
VVSNT,4.82B,3.61%,6.22%,8.15%,6.91%,2.38,2.38,0.35,0.36,40.85%,19.29%,11.46%,Aug 06/b,34.70,0.00%,1
VVSOL,-,-,-,-,-,-,-,-,-,-,-,-,-,15.92,0.00%,0
VVSS,-,2.83%,-,-,-,-,-,-,-,-,-,-,-,159.02,0.00%,0
VVST,47.38B,0.71%,5.50%,43.07%,9.56%,0.97,0.87,3.23,3.63,20.18%,10.73%,11.52%,Aug 07/b,141.17,0.28%,"29,462"
VVSTL,-,-,-,-,-,-,-,-,-,-,-,-,-,21.08,1.01%,"1,710"
VVSTM,728.69M,-,-100.65%,-471.16%,-157.89%,2.25,2.22,1.57,1.69,86.35%,-182.57%,-231.59%,Aug 06/a,8.05,0.70%,1
VVSTS,1.88B,-,-0.18%,-0.60%,-0.25%,2.17,0.73,1.46,1.53,21.20%,4.18%,-0.20%,Aug 11/b,14.23,0.00%,0
VVSXY,6.55B,-,7.62%,45.23%,10.48%,1.36,0.57,2.64,2.93,39.51%,9.76%,5.46%,Sep 03/b,82.16,0.65%,86
VVT,-,1.50%,-,-,-,-,-,-,-,-,-,-,-,160.74,-0.09%,"9,138"
VVTAK,2.80M,-,-41.66%,-106.82%,-57.05%,0.19,0.18,0.30,0.82,-68.83%,-629.77%,-711.49%,-,0.15,-0.34%,"6,432"
VVTC,-,5.09%,-,-,-,-,-,-,-,-,-,-,-,74.40,0.00%,0
VVTEB,-,3.40%,-,-,-,-,-,-,-,-,-,-,-,50.19,3.99%,12
VVTEC,-,3.27%,-,-,-,-,-,-,-,-,-,-,-,96.05,0.00%,0
VVTEI,-,3.22%,-,-,-,-,-,-,-,-,-,-,-,96.82,0.00%,0
VVTEL,-,3.95%,-,-,-,-,-,-,-,-,-,-,-,98.45,0.00%,0
VVTES,-,2.75%,-,-,-,-,-,-,-,-,-,-,-,99.50,0.00%,0
VVTEX,603.75M,0.92%,8.57%,12.76%,13.22%,2.89,2.89,0.02,0.03,78.11%,12.66%,11.98%,Aug 06/a,3.59,0.00%,0
VVTG,-,3.75%,-,-,-,-,-,-,-,-,-,-,-,73.32,0.00%,0
VVTGN,10.33M,-,-129.22%,-166.46%,-275.51%,3.07,3.07,0.00,0.03,69.58%,-2784.33%,-2702.64%,Aug 14/b,0.23,-0.13%,"1,576"
VVTHR,-,1.00%,-,-,-,-,-,-,-,-,-,-,-,341.28,0.00%,1
VVTI,-,1.02%,-,-,-,-,-,-,-,-,-,-,-,381.08,-0.01%,"2,071"
VVTIP,-,4.18%,-,-,-,-,-,-,-,-,-,-,-,49.35,0.00%,1
VVTIX,40.74M,-,-241.46%,-1490.57%,-,0.71,0.61,-,-,27.53%,-305.42%,-543.22%,Aug 19/a,1.20,0.76%,255
VVTMX,2.97B,2.32%,9.09%,14.14%,9.30%,4.26,4.26,0.37,0.37,88.96%,76.24%,126.55%,Jul 22/b,33.66,0.00%,0
VVTN,145.47M,8.23%,-,-,-,-,-,-,-,-,-,-,-,9.92,0.00%,0
VVTOL,1.24B,0.89%,4.46%,10.05%,5.31%,2.26,1.85,0.80,0.89,19.92%,8.79%,6.66%,Aug 04/a,41.96,0.00%,0
VVTP,-,3.03%,-,-,-,-,-,-,-,-,-,-,-,74.27,0.00%,0
VVTR,45.63B,2.39%,0.94%,2.01%,0.98%,0.71,0.71,0.84,0.89,18.38%,14.83%,4.08%,Jul 29/a,87.03,0.00%,1
VVTRS,19.57B,3.04%,-1.12%,-2.75%,-1.58%,1.49,0.87,0.83,0.96,39.58%,9.69%,-2.78%,Aug 06/b,17.04,-0.35%,"1,680"
VVTS,723.77M,5.62%,-1.20%,-1.74%,-1.44%,1.06,1.06,0.25,0.25,19.45%,6.99%,-3.95%,Aug 03/a,17.19,1.84%,5
VVTSI,32.83M,-,-4.15%,-6.06%,-5.02%,3.85,2.41,0.25,0.26,61.39%,-19.20%,-15.83%,Aug 13/a,2.90,0.00%,0
VVTV,-,1.87%,-,-,-,-,-,-,-,-,-,-,-,219.12,-1.27%,28
VVTVT,123.76M,-,-8.34%,-11.69%,-6.05%,12.48,12.48,0.00,0.00,99.98%,-25.11%,-12.91%,Aug 06/b,31.30,0.00%,0
VVTWG,-,0.63%,-,-,-,-,-,-,-,-,-,-,-,267.02,0.00%,0
VVTWO,-,1.13%,-,-,-,-,-,-,-,-,-,-,-,115.74,0.00%,0
VVTWV,-,1.64%,-,-,-,-,-,-,-,-,-,-,-,191.42,0.00%,0
VVUG,-,0.37%,-,-,-,-,-,-,-,-,-,-,-,90.93,-0.10%,171
VVUS,-,2.27%,-,-,-,-,-,-,-,-,-,-,-,30.15,0.00%,0
VVUSB,-,4.29%,-,-,-,-,-,-,-,-,-,-,-,49.57,-0.01%,52
VVUSE,-,0.33%,-,-,-,-,-,-,-,-,-,-,-,73.19,0.00%,0
VVUSG,-,0.02%,-,-,-,-,-,-,-,-,-,-,-,67.24,0.00%,0
VVUSI,-,3.12%,-,-,-,-,-,-,-,-,-,-,-,50.13,0.00%,0
VVUSV,-,0.18%,-,-,-,-,-,-,-,-,-,-,-,70.01,0.00%,0
VVUZI,257.46M,-,-85.08%,-94.40%,-97.82%,5.70,5.15,0.01,0.02,-55.67%,-520.09%,-521.31%,Aug 13/a,3.05,0.33%,567
VVV,-,0.98%,-,-,-,-,-,-,-,-,-,-,-,357.79,0.00%,0
VVVOS,5.37M,-,-101.47%,-6629.43%,-35356.94%,0.21,0.21,-,-,53.33%,-107.92%,-121.80%,Aug 14/a,0.16,-0.25%,"3,786"
VVVR,441.76M,14.32%,-,-,-,-,-,-,-,-,-,-,-,2.87,0.00%,0
VVVV,3.41B,-,3.43%,28.40%,4.29%,0.70,0.58,4.68,4.75,38.28%,17.72%,5.17%,Aug 05/b,26.73,0.42%,22
VVVX,2.42B,-,2.90%,8.35%,4.21%,1.32,1.25,0.92,0.94,8.47%,4.19%,1.88%,Aug 03/a,77.27,0.00%,0
VVWAV,9.37M,-,-16.69%,-48.65%,-1.19%,0.16,0.16,0.00,0.22,-,-,-,-,6.20,0.00%,0
VVWO,-,2.01%,-,-,-,-,-,-,-,-,-,-,-,60.63,-0.84%,852
VVWOB,-,5.95%,-,-,-,-,-,-,-,-,-,-,-,65.10,0.00%,0
VVXF,-,1.03%,-,-,-,-,-,-,-,-,-,-,-,237.44,0.00%,22
VVXUS,-,2.28%,-,-,-,-,-,-,-,-,-,-,-,87.14,-0.01%,643
VVXX,-,-,-,-,-,-,-,-,-,-,-,-,-,17.55,-0.79%,"47,518"
VVXZ,-,-,-,-,-,-,-,-,-,-,-,-,-,46.03,0.00%,0
VVYGR,189.78M,-,-41.45%,-54.09%,-59.83%,7.51,7.51,0.17,0.21,88.91%,-340.08%,-312.63%,Aug 06/a,3.08,0.00%,0
VVYLD,-,-,-,-,-,-,-,-,-,-,-,-,-,31.05,0.00%,0
VVYM,-,2.30%,-,-,-,-,-,-,-,-,-,-,-,159.98,0.34%,139
VVYMI,-,3.64%,-,-,-,-,-,-,-,-,-,-,-,102.10,-1.84%,64
VVYX,1.01B,1.23%,1.48%,5.10%,3.11%,1.07,0.95,1.16,1.16,24.83%,6.67%,2.29%,Aug 05/b,7.30,0.14%,62
VVZ,198.14B,5.92%,4.08%,15.63%,6.09%,0.55,0.52,1.56,1.81,45.71%,22.73%,11.64%,Jul 24/b,47.69,0.02%,"3,842"
VVZLA,1.46B,-,-23.51%,-38.97%,-17.95%,55.18,55.18,0.57,0.57,-,-,-,Sep 04/b,4.10,0.74%,1
WW,14.50B,0.01%,-10.26%,-,-46.59%,0.74,0.71,-,-,29.47%,1.77%,-2.49%,Aug 04/b,105.89,0.90%,155
WWAB,47.87B,0.43%,5.82%,11.50%,7.69%,1.12,0.59,0.47,0.62,32.24%,16.74%,10.57%,Jul 22/b,283.38,0.00%,21
WWABC,1.37B,3.19%,1.91%,12.49%,12.71%,0.15,-,0.02,0.18,-,56.09%,41.71%,Jul 16/b,59.48,0.00%,0
WWABF,-,5.31%,-,-,-,-,-,-,-,-,-,-,-,24.15,0.00%,0
WWAFD,2.39B,3.34%,0.94%,8.50%,4.05%,0.07,-,1.10,1.10,-,23.63%,17.42%,Jul 16/a,32.29,0.00%,0
WWAFU,5.97M,-,-7.40%,-10.66%,-10.94%,4.12,4.12,0.01,0.02,29.08%,-13.47%,-17.40%,-,1.35,-4.70%,222
WWAGN,-,-,-,-,-,-,-,-,-,-,-,-,-,15.29,0.00%,0
WWAL,8.58B,2.13%,1.06%,13.11%,9.30%,0.11,-,0.34,0.95,-,20.86%,16.98%,Jul 21/a,78.65,0.00%,0
WWALD,141.25M,-,-25.64%,-40.87%,-37.79%,1.70,0.97,0.32,0.32,45.52%,-22.67%,-84.44%,Mar 13/b,1.08,-1.82%,12
WWAMA,-,0.40%,-,-,-,-,-,-,-,-,-,-,-,27.25,0.00%,0
WWANT,-,0.62%,-,-,-,-,-,-,-,-,-,-,-,36.06,0.00%,0
WWAR,-,0.14%,-,-,-,-,-,-,-,-,-,-,-,31.75,-1.24%,5
WWARP,-,-,-,-,-,-,-,-,-,-,-,-,-,20.70,-1.96%,506
WWASH,746.95M,5.72%,0.83%,10.25%,6.52%,0.04,-,0.54,0.93,-,18.67%,14.58%,Jul 20/a,39.16,0.00%,0
WWAT,41.65B,-,1.13%,1.91%,0.81%,1.86,1.29,0.34,0.36,41.95%,11.83%,3.58%,Aug 04/b,423.92,0.00%,0
WWATR,60.14M,-,2.05%,2.16%,2.14%,5.36,5.36,0.00,0.00,-,-,-,Sep 02,1.90,2.20%,"8,589"
WWATS,-,-,-,-,-,-,-,-,-,-,-,-,-,20.75,0.00%,0
WWATT,71.47M,-,-27.74%,-32.77%,-19.82%,8.78,8.28,0.01,0.03,26.08%,-81.90%,-76.37%,Aug 12/a,12.93,0.00%,0
WWAVE,38.88M,-,-35.78%,-46.78%,-44.56%,3.49,3.49,0.00,0.16,57.90%,-8006.91%,-9155.28%,Aug 11/b,6.23,4.88%,771
WWAY,4.93B,-,2.56%,3.77%,2.47%,1.85,1.85,0.37,0.37,56.11%,25.36%,11.18%,Jul 29/a,25.71,0.00%,0
WWB,1.06B,7.84%,4.66%,8.41%,5.44%,3.59,3.59,0.47,0.47,73.36%,24.50%,17.77%,Aug 19/b,6.72,-0.22%,96
WWBD,77.46B,-,-3.18%,-9.19%,-5.00%,0.78,0.78,0.93,0.98,33.28%,7.00%,-8.75%,Aug 06/b,30.85,0.16%,"10,582"
WWBI,3.70B,0.67%,0.17%,0.68%,0.17%,1.53,1.53,2.13,2.14,25.06%,16.98%,0.54%,Aug 05/a,29.93,0.00%,0
WWBIF,-,0.06%,-,-,-,-,-,-,-,-,-,-,-,35.65,0.00%,0
WWBIG,-,0.96%,-,-,-,-,-,-,-,-,-,-,-,26.23,0.00%,0
WWBIL,-,0.04%,-,-,-,-,-,-,-,-,-,-,-,40.08,0.00%,0
WWBIY,-,4.09%,-,-,-,-,-,-,-,-,-,-,-,36.52,0.00%,0
WWBTN,1.49B,-,-19.12%,-25.73%,-29.20%,2.63,2.63,0.01,0.02,24.45%,-3.34%,-25.16%,Aug 10/a,11.01,-0.90%,"2,366"
WWBUY,4.59M,-,-27.63%,-102.06%,-120.39%,1.15,1.15,0.28,0.68,7.99%,-35.13%,-28.85%,-,0.84,-3.39%,"4,827"
WWBX,75.46M,-,-35.92%,-777.73%,-222.06%,0.57,0.29,-,-,-16.30%,-45.73%,-94.47%,Jul 30/b,3.06,0.00%,0
WWCAP,-,0.04%,-,-,-,-,-,-,-,-,-,-,-,9.34,0.00%,0
WWCBR,-,-,-,-,-,-,-,-,-,-,-,-,-,45.40,0.00%,0
WWCC,17.28B,0.56%,4.21%,14.34%,6.01%,2.09,1.23,1.28,1.28,20.31%,5.71%,2.86%,Jul 30/b,354.53,-0.22%,31
WWCCB,625.67M,1.65%,1.89%,14.03%,13.30%,0.07,-,0.00,0.00,-,41.55%,29.80%,Jul 21/b,59.51,0.00%,0
WWCEO,-,0.56%,-,-,-,-,-,-,-,-,-,-,-,38.00,0.00%,0
WWCLD,-,-,-,-,-,-,-,-,-,-,-,-,-,41.28,0.00%,0
WWCME,-,0.34%,-,-,-,-,-,-,-,-,-,-,-,19.46,0.00%,0
WWCMG,-,-,-,-,-,-,-,-,-,-,-,-,-,21.46,0.00%,0
WWCMI,-,0.53%,-,-,-,-,-,-,-,-,-,-,-,19.58,0.00%,0
WWCN,39.21B,0.90%,5.04%,13.03%,6.07%,0.66,0.66,1.21,1.22,29.47%,17.58%,10.86%,Jul 22/a,155.55,0.00%,0
WWCPB,-,4.46%,-,-,-,-,-,-,-,-,-,-,-,24.82,0.00%,0
WWCT,94.84M,-,-,-,-65.27%,4.59,4.59,0.01,0.05,-58.03%,-470.31%,-542.98%,-,7.77,0.00%,0
WWD,1.32B,7.09%,0.78%,2.17%,1.48%,0.58,0.58,0.48,1.39,74.77%,15.17%,2.95%,Aug 06/b,38.38,0.00%,0
WWDAF,-,0.12%,-,-,-,-,-,-,-,-,-,-,-,31.03,0.00%,0
WWDAI,-,0.40%,-,-,-,-,-,-,-,-,-,-,-,28.93,0.00%,0
WWDAY,46.90B,-,7.40%,16.01%,13.74%,0.86,0.86,0.41,0.58,75.82%,12.64%,12.31%,Aug 27/a,194.61,1.40%,"2,674"
WWDC,159.00B,0.13%,66.83%,131.36%,103.78%,1.33,0.97,0.01,0.13,48.83%,35.58%,71.97%,Aug 05/a,441.00,-1.60%,"49,404"
WWDCC,-,-,-,-,-,-,-,-,-,-,-,-,-,12.77,0.00%,0
WWDCX,-,-,-,-,-,-,-,-,-,-,-,-,-,16.53,-2.65%,"68,964"
WWDE,-,1.34%,-,-,-,-,-,-,-,-,-,-,-,24.44,0.00%,0
WWDEF,-,0.07%,-,-,-,-,-,-,-,-,-,-,-,29.43,0.00%,0
WWDFC,2.57B,2.09%,18.62%,33.22%,23.77%,2.65,1.95,0.34,0.41,54.75%,17.48%,13.19%,Jul 09/a,191.54,0.00%,0
WWDGF,-,0.05%,-,-,-,-,-,-,-,-,-,-,-,31.11,0.00%,0
WWDH,291.92M,5.77%,7.50%,10.60%,10.11%,2.19,2.19,0.00,0.10,57.22%,7.65%,10.68%,Sep 08/b,1.04,-1.89%,132
WWDI,-,14.49%,-,-,-,-,-,-,-,-,-,-,-,12.26,0.00%,0
WWDIG,-,-,-,-,-,-,-,-,-,-,-,-,-,44.05,0.00%,0
WWDIV,-,4.17%,-,-,-,-,-,-,-,-,-,-,-,83.30,0.00%,0
WWDNA,-,3.29%,-,-,-,-,-,-,-,-,-,-,-,23.43,0.00%,0
WWDRN,-,-,-,-,-,-,-,-,-,-,-,-,-,26.45,0.00%,0
WWDS,43.07B,6.24%,4.65%,8.60%,6.36%,1.39,1.28,0.34,0.38,29.82%,26.46%,22.23%,Aug 24/a,22.71,0.00%,0
WWDTE,-,31.77%,-,-,-,-,-,-,-,-,-,-,-,29.18,0.00%,0
WWEA,119.25M,8.36%,-,-,-,-,-,-,-,-,-,-,-,10.05,0.00%,0
WWEAT,-,-,-,-,-,-,-,-,-,-,-,-,-,26.27,-0.15%,"3,808"
WWEAV,585.70M,-,-9.95%,-25.08%,-16.51%,1.07,1.07,0.46,0.60,72.18%,-7.99%,-7.97%,Aug 06/a,7.32,0.00%,0
WWEBL,-,0.14%,-,-,-,-,-,-,-,-,-,-,-,30.92,0.00%,0
WWEBS,-,4.08%,-,-,-,-,-,-,-,-,-,-,-,13.31,0.00%,0
WWEBX,-,-,-,-,-,-,-,-,-,-,-,-,-,18.78,0.00%,0
WWEC,33.76B,3.68%,3.34%,12.35%,5.01%,0.53,0.39,1.39,1.62,38.58%,23.91%,16.69%,Jul 29/b,103.60,0.12%,22
WWEED,-,-,-,-,-,-,-,-,-,-,-,-,-,22.29,0.00%,0
WWEEI,-,10.69%,-,-,-,-,-,-,-,-,-,-,-,25.26,0.00%,0
WWEEK,-,3.40%,-,-,-,-,-,-,-,-,-,-,-,100.03,0.00%,0
WWEEL,-,12.33%,-,-,-,-,-,-,-,-,-,-,-,20.67,0.00%,0
WWELD,-,0.25%,-,-,-,-,-,-,-,-,-,-,-,53.17,0.00%,0
WWELL,167.10B,1.36%,2.47%,3.77%,2.35%,13.31,13.31,0.42,0.42,20.26%,5.30%,-2.75%,Jul 27/a,231.84,-0.40%,25
WWEN,1.28B,6.48%,2.58%,108.04%,3.09%,1.90,1.88,32.90,33.81,25.08%,13.10%,5.72%,Aug 07/b,6.70,0.00%,"6,026"
WWENC,160.82M,-,-,-,-,6.76,6.76,0.00,0.00,-,-,-,-,10.02,0.00%,0
WWENN,390.19M,-,3.51%,3.69%,3.62%,1.97,1.97,0.00,0.00,-,-,-,-,10.40,0.00%,0
WWEPN,-,6.83%,-,-,-,-,-,-,-,-,-,-,-,43.53,0.00%,0
WWERN,2.10B,1.63%,-1.52%,-3.33%,-2.08%,1.45,1.42,0.64,0.70,4.07%,0.70%,-1.42%,Jul 28/a,35.01,0.00%,0
WWES,19.25B,8.00%,8.82%,33.74%,9.56%,0.91,0.90,2.09,2.14,50.79%,39.25%,29.00%,Aug 05/a,46.58,0.00%,0
WWEST,750.75M,-,-5.69%,-23.92%,-8.73%,0.97,0.48,2.02,2.37,12.16%,-0.45%,-4.85%,Aug 06/a,7.69,0.00%,0
WWETH,13.40M,-,5.79%,5.98%,5.64%,35.99,35.99,0.00,0.00,29.87%,23.38%,17.57%,-,1.00,0.00%,0
WWETO,1.77M,-,-31.33%,-59.76%,-45.73%,1.09,1.09,0.00,0.55,14.17%,-74.48%,-76.15%,-,1.64,-0.57%,"40,177"
WWEX,6.38B,-,2.25%,30.19%,7.20%,1.04,1.04,2.62,3.98,57.37%,25.96%,12.56%,Jul 22/a,187.31,0.00%,1
WWEYS,424.06M,2.48%,11.34%,13.81%,13.34%,7.55,5.68,0.02,0.04,49.08%,15.27%,12.39%,Aug 04/a,44.40,0.00%,0
WWF,19.44B,4.03%,0.52%,9.22%,4.27%,0.73,-,1.15,2.93,-,12.44%,9.76%,Jul 24/b,79.47,0.00%,0
WWFC,260.82B,2.21%,1.06%,12.52%,6.39%,0.96,-,0.96,2.57,-,21.92%,16.83%,Oct 13/b,86.25,-0.34%,214
WWFCF,54.83M,-,9.59%,15.41%,15.88%,1.67,1.45,0.03,0.08,36.94%,5.90%,5.78%,Aug 06/b,11.01,0.00%,0
WWFF,93.90M,-,-,-,-94.61%,2.51,2.23,0.06,0.08,31.88%,-17.97%,-65.10%,-,2.24,0.90%,"4,064"
WWFG,5.65B,1.78%,-14.86%,-19.32%,-20.44%,2.06,0.83,0.06,0.07,-3.44%,-13.28%,-22.98%,Jul 29/a,72.10,0.00%,0
WWFRD,5.97B,1.33%,7.15%,22.20%,10.96%,2.34,1.77,0.87,0.91,29.24%,14.42%,7.66%,Jul 21/a,82.20,0.00%,0
WWGMI,-,-,-,-,-,-,-,-,-,-,-,-,-,50.15,-1.55%,"1,776"
WWGO,769.20M,5.04%,1.85%,3.14%,2.25%,2.37,0.92,0.39,0.39,12.24%,2.42%,1.36%,Jun 25/b,27.21,0.00%,0
WWGS,2.88B,-,-22.50%,-40.80%,-26.20%,3.30,3.06,0.66,0.69,64.81%,-12.49%,-23.40%,Aug 03/a,96.50,-1.36%,15
WWH,4.98B,2.57%,4.82%,39.62%,6.64%,0.99,0.99,5.53,5.57,45.20%,38.15%,14.67%,Jul 22/a,67.15,0.00%,0
WWHD,5.41B,0.86%,3.71%,6.85%,6.40%,2.59,1.81,0.03,0.05,30.66%,19.17%,6.01%,Jul 29/a,67.45,0.00%,0
WWHF,152.05M,14.24%,2.75%,6.65%,3.04%,1.32,1.32,1.29,1.29,65.54%,80.59%,37.03%,Aug 10/a,7.08,0.00%,0
WWHG,177.36M,3.21%,5.21%,6.38%,6.22%,2.09,2.09,0.00,0.10,84.80%,8.83%,7.54%,Aug 06/a,18.70,0.00%,0
WWHK,725.00M,0.42%,-,-,-,1.39,1.39,0.22,0.22,-,-,-,Aug 12/a,26.32,0.00%,0
WWHLR,1.18M,-,2.78%,26.14%,3.13%,73.67,73.67,6.13,6.14,45.10%,49.88%,10.31%,-,2.07,0.00%,0
WWHR,2.14B,2.95%,1.10%,5.98%,1.59%,1.15,0.71,1.99,2.05,13.53%,3.08%,1.17%,Aug 03/a,32.75,0.34%,83
WWHWK,230.32M,-,-42.60%,-44.98%,-43.64%,17.38,17.38,0.00,0.00,-,-,-,Aug 06/b,4.04,0.00%,0
WWIA,182.38M,7.98%,-,-,-,-,-,-,-,-,-,-,-,7.82,0.00%,0
WWIMA,-,0.97%,-,-,-,-,-,-,-,-,-,-,-,43.32,0.00%,0
WWIMI,17.98M,-,3.27%,6.17%,5.10%,3.56,3.56,0.01,0.11,25.80%,-1.15%,30.11%,-,0.98,0.00%,0
WWINA,1.03B,1.38%,94.36%,-,166.98%,3.75,3.67,-,-,96.66%,62.33%,47.09%,Jul 15/b,286.19,0.00%,0
WWING,2.93B,1.18%,17.04%,-,23.48%,2.97,2.97,-,-,82.62%,28.77%,16.15%,Jul 29/b,107.64,0.29%,228
WWINN,-,-,-,-,-,-,-,-,-,-,-,-,-,34.53,0.00%,0
WWIP,-,5.97%,-,-,-,-,-,-,-,-,-,-,-,39.26,0.00%,0
WWISE,-,4.47%,-,-,-,-,-,-,-,-,-,-,-,35.97,0.00%,0
WWIT,16.42B,6.00%,10.00%,16.43%,17.77%,1.67,1.66,0.04,0.28,29.06%,16.13%,13.92%,Jul 16/a,1.66,-0.60%,422
WWIW,495.59M,9.19%,-,-,-,-,-,-,-,-,-,-,-,8.10,0.00%,0
WWIX,3.54B,-,-9.04%,-,-,0.61,0.61,-,-,66.64%,-3.14%,-8.19%,Aug 04/b,84.54,1.21%,657
WWK,3.96B,-,3.46%,-,7.59%,1.38,1.38,-,-,80.21%,3.26%,4.87%,Aug 04/a,72.84,0.00%,0
WWKC,1.82B,2.50%,-2.83%,-12.56%,-8.99%,1.06,0.91,0.59,0.59,1.62%,0.81%,-0.43%,Jul 23/a,35.59,0.00%,0
WWKEY,50.68M,-,-7.64%,-10.03%,-5.24%,14.43,14.37,0.01,0.01,43.75%,-215.32%,-116.85%,Apr 30/a,6.07,0.00%,0
WWKHS,32.79M,-,-65.63%,-465.47%,-107.79%,1.28,0.41,7.88,10.60,-31.46%,-266.09%,-301.49%,Aug 13/a,3.00,0.00%,0
WWKSP,6.49M,-,-81.10%,-115.13%,-86.72%,3.79,0.72,0.27,0.29,30.06%,-110.35%,-114.49%,Aug 11/a,0.42,0.14%,"1,748"
WWLCO,283.33M,-,-,-,-,2.28,2.28,0.00,0.00,-,-,-,-,9.85,0.00%,0
WWLDN,1.21B,-,11.67%,21.19%,15.15%,1.37,1.37,0.23,0.25,34.93%,7.08%,8.80%,Aug 06/a,79.26,-1.20%,20
WWLDR,-,1.17%,-,-,-,-,-,-,-,-,-,-,-,48.24,0.00%,0
WWLDS,3.80M,-,-79.88%,-88.65%,-53.30%,13.68,13.27,0.00,0.01,1.42%,-1485.21%,-1409.96%,-,1.55,-0.16%,"1,034"
WWLDU,-,-,-,-,-,-,-,-,-,-,-,-,-,17.92,0.00%,0
WWLFC,1.16B,0.97%,2.41%,12.59%,2.99%,1.90,1.53,2.96,3.01,66.84%,31.34%,12.42%,Aug 04/b,54.74,0.00%,0
WWLII,206.93M,-,-,-,-,12.98,12.98,0.00,0.00,-,-,-,-,10.22,0.00%,0
WWLK,8.66B,3.22%,-6.11%,-12.95%,-8.50%,2.45,1.70,0.66,0.68,8.52%,0.19%,-10.88%,Aug 04/b,67.77,0.00%,0
WWLKP,750.38M,8.85%,4.56%,11.51%,6.43%,3.44,3.36,0.81,0.81,31.16%,28.80%,4.66%,Aug 04/b,21.29,0.00%,0
WWLTG,-,0.39%,-,-,-,-,-,-,-,-,-,-,-,38.69,0.00%,0
WWLTH,1.56B,-,-5.94%,-15.50%,-11.57%,1.43,1.43,0.01,0.02,17.66%,-40.82%,-19.42%,Sep 09/a,9.96,-0.99%,20
WWLY,2.40B,3.01%,7.01%,25.91%,9.25%,0.64,0.61,1.69,1.72,71.23%,17.56%,11.90%,Sep 03/b,47.33,0.08%,1
WWM,82.90B,1.82%,6.19%,29.83%,8.86%,0.91,0.87,2.24,2.35,29.15%,18.51%,11.12%,Jul 28/a,207.41,0.18%,"1,839"
WWMB,87.49B,2.95%,5.26%,23.98%,7.44%,0.48,0.43,2.13,2.33,43.93%,37.99%,24.91%,Aug 03/a,71.53,-0.17%,78
WWMG,14.48B,2.80%,6.49%,92.17%,11.61%,0.73,0.72,5.71,5.76,40.06%,18.77%,9.10%,Aug 05/a,27.69,0.00%,0
WWMK,1.81B,1.86%,4.86%,7.17%,6.42%,2.03,1.14,0.09,0.12,22.99%,2.32%,1.92%,-,73.04,0.00%,0
WWMS,9.57B,0.61%,10.87%,25.27%,12.59%,2.12,1.18,0.92,0.95,35.33%,21.50%,14.00%,Aug 06/b,126.88,0.00%,0
WWMSB,-,4.08%,-,-,-,-,-,-,-,-,-,-,-,24.64,0.00%,0
WWMT,855.58B,0.92%,7.82%,23.44%,14.20%,0.77,0.23,0.58,0.75,25.23%,4.39%,3.00%,Aug 20/b,107.84,0.37%,"24,112"
WWMTI,-,36.20%,-,-,-,-,-,-,-,-,-,-,-,19.10,0.00%,0
WWNC,480.29M,2.71%,-5.96%,-23.01%,-9.42%,1.31,0.80,1.83,1.86,-0.13%,-5.13%,-5.48%,Jul 29/b,11.79,0.00%,0
WWNDR,-,-,-,-,-,-,-,-,-,-,-,-,-,25.72,0.00%,0
WWNEB,277.03M,2.03%,0.62%,6.87%,5.72%,0.03,-,0.18,0.25,-,16.17%,12.43%,Jul 28/a,13.82,0.00%,0
WWNTR,-,168.61%,-,-,-,-,-,-,-,-,-,-,-,15.13,3.10%,"3,055"
WWNW,64.51M,-,-33.29%,-34.18%,-37.62%,15.81,14.77,0.00,0.00,9.88%,-263.00%,-262.54%,-,2.45,2.51%,890
WWOK,8.44M,-,-10.83%,-20.87%,-14.92%,1.37,0.82,0.00,0.22,12.25%,-41.68%,-41.95%,-,1.89,0.00%,"1,076"
WWOLF,1.47B,-,-21.49%,-438.63%,-38.97%,6.86,5.85,1.92,1.93,-28.63%,-67.22%,-159.30%,Aug 19/a,27.70,-0.04%,"23,290"
WWOMN,-,0.80%,-,-,-,-,-,-,-,-,-,-,-,44.66,0.00%,0
WWOOD,-,2.38%,-,-,-,-,-,-,-,-,-,-,-,70.84,0.00%,0
WWOOF,678.81M,-,0.59%,2.58%,0.82%,0.90,0.39,2.05,2.34,37.03%,2.90%,0.51%,Sep 02/a,2.37,0.00%,0
WWOR,2.85B,1.43%,8.63%,15.89%,11.40%,2.37,1.43,0.33,0.34,27.26%,5.90%,11.30%,Sep 22/a,58.15,0.00%,0
WWPAC,157.76M,-,-,-,1.05%,7.11,7.11,0.00,0.00,-,-,-,-,10.05,0.00%,0
WWPC,15.15B,5.64%,3.55%,7.71%,3.77%,0.30,0.30,0.99,1.03,59.97%,53.17%,36.34%,Jul 28/a,66.50,0.45%,"4,873"
WWPM,66.23B,0.53%,20.36%,23.55%,17.58%,0.47,0.47,0.20,0.20,75.21%,72.99%,64.66%,Aug 06/a,145.82,-1.24%,"7,839"
WWPP,5.57B,3.82%,-1.01%,-8.25%,-3.00%,0.87,0.87,2.10,2.76,15.94%,9.42%,-1.81%,Aug 06/b,25.82,0.66%,720
WWPRT,36.67M,-,-20.34%,-45.05%,-65.19%,1.14,1.05,0.02,0.05,5.84%,-237.91%,-409.26%,Aug 11/a,1.93,0.00%,0
WWQTM,-,-,-,-,-,-,-,-,-,-,-,-,-,32.78,0.00%,64
WWR,-,-,-,-,-,-,-,-,-,-,-,-,-,26.74,0.00%,0
WWRAP,92.66M,-,-87.33%,-107.65%,-98.71%,8.04,5.42,0.03,0.04,63.60%,-226.56%,-239.35%,Aug 11/a,1.50,0.00%,0
WWRB,25.54B,2.03%,4.86%,20.16%,14.94%,0.42,-,0.31,0.32,-,16.89%,12.94%,Jul 20/a,68.79,0.00%,0
WWRBY,2.91B,-,1.05%,2.06%,1.27%,2.18,1.93,0.55,0.64,52.61%,0.25%,0.85%,Aug 06/b,23.56,1.33%,"2,591"
WWRD,1.80B,-,-22.09%,-25.63%,-24.71%,5.36,4.92,0.01,0.10,33.10%,-220.91%,-199.17%,Aug 12/b,5.80,0.69%,"25,341"
WWRLD,797.82M,-,3.78%,10.07%,4.01%,0.43,0.43,1.74,1.79,98.51%,17.39%,6.71%,Jul 24/b,171.09,0.00%,0
WWRN,536.05M,-,-2.55%,-2.61%,-2.23%,31.48,31.48,0.00,0.00,-,-,-,Aug 07/b,2.37,0.00%,0
WWRND,-,0.88%,-,-,-,-,-,-,-,-,-,-,-,43.91,0.00%,0
WWRTH,-,1.57%,-,-,-,-,-,-,-,-,-,-,-,25.98,0.00%,0
WWS,1.70B,1.92%,0.38%,0.75%,0.67%,1.46,0.92,0.12,0.33,11.32%,3.14%,0.23%,Oct 06/a,33.34,0.00%,0
WWSBC,3.75B,3.90%,1.29%,8.98%,6.17%,0.06,-,0.40,0.43,-,30.67%,21.83%,Jul 21/a,39.10,0.00%,0
WWSBF,371.94M,3.09%,1.33%,8.69%,5.34%,0.03,-,0.61,1.17,-,18.42%,14.56%,-,20.69,0.00%,0
WWSBK,116.12M,-,0.43%,3.75%,2.35%,0.09,-,0.56,1.32,-,11.07%,8.56%,Apr 29/a,12.96,0.00%,0
WWSC,3.29B,1.29%,-1.15%,-7.08%,-1.50%,0.81,0.74,4.05,4.17,46.38%,20.55%,-3.00%,Aug 06/a,18.14,0.22%,95
WWSDB,-,1.42%,-,-,-,-,-,-,-,-,-,-,-,24.72,0.00%,0
WWSE,13.71B,-,1.94%,28.81%,21.79%,1.08,1.08,0.20,0.21,71.48%,26.43%,20.56%,Oct 15/a,11.47,-1.46%,"3,379"
WWSFS,3.96B,0.99%,1.48%,11.85%,10.21%,0.17,-,0.15,0.16,-,31.20%,23.34%,Jul 23/a,77.54,-0.33%,1
WWSGE,-,0.24%,-,-,-,-,-,-,-,-,-,-,-,28.73,0.00%,0
WWSHP,60.93M,-,-528.77%,-1399.60%,-1192.50%,0.08,0.08,0.00,0.47,-1364.87%,-32987.16%,-32943.87%,Aug 24/a,5.20,0.00%,100
WWSM,26.75B,1.31%,21.97%,54.96%,34.16%,1.45,0.68,0.61,0.71,47.19%,19.23%,14.73%,Aug 26/b,227.16,0.00%,0
WWSMD,-,-,-,-,-,-,-,-,-,-,-,-,-,23.89,0.00%,0
WWSML,-,2.02%,-,-,-,-,-,-,-,-,-,-,-,34.74,0.00%,0
WWSO,13.11B,3.87%,9.00%,15.35%,12.95%,3.20,1.45,0.14,0.18,26.91%,9.02%,6.06%,Jul 29/b,317.69,0.00%,0
WWSPC,-,-,-,-,-,-,-,-,-,-,-,-,-,27.75,0.00%,0
WWST,25.46B,0.23%,14.07%,19.09%,17.20%,2.82,2.12,0.10,0.11,36.82%,21.97%,16.98%,Jul 23/b,361.78,0.00%,2
WWSTN,81.92M,-,-,-,0.89%,0.71,0.71,0.00,0.01,-,-,-,-,10.17,0.00%,0
WWT,3.59B,0.51%,5.87%,18.56%,5.43%,3.00,3.00,2.53,2.58,78.31%,39.75%,13.15%,Jul 31/b,23.72,0.00%,0
WWTAI,-,1.20%,-,-,-,-,-,-,-,-,-,-,-,43.91,0.00%,0
WWTBA,498.02M,3.49%,0.95%,14.71%,9.97%,0.33,-,0.37,1.33,-,24.34%,19.12%,Jul 23/b,29.22,0.00%,0
WWTBN,-,4.14%,-,-,-,-,-,-,-,-,-,-,-,24.44,0.00%,0
WWTF,122.52M,-,-35.56%,-88.00%,-68.61%,1.54,1.54,0.02,0.12,63.89%,-126.60%,-139.08%,-,2.54,0.00%,0
WWTFC,9.92B,1.50%,1.25%,12.21%,7.57%,0.09,-,0.58,0.58,-,27.98%,19.53%,Jul 20/a,147.08,0.00%,1
WWTG,18.09M,-,2.89%,31.32%,86.08%,450.84,450.84,0.00,0.00,-,-,-,-,10.57,0.00%,0
WWTI,563.02M,1.07%,-10.95%,-,-73.75%,1.17,1.17,-,-,17.80%,0.99%,-19.32%,Aug 05/a,3.73,-0.27%,"9,345"
WWTIB,-,-,-,-,-,-,-,-,-,-,-,-,-,39.15,0.00%,0
WWTID,-,-,-,-,-,-,-,-,-,-,-,-,-,2.81,-0.37%,427
WWTIP,-,3.64%,-,-,-,-,-,-,-,-,-,-,-,37.28,0.00%,0
WWTIU,-,-,-,-,-,-,-,-,-,-,-,-,-,22.32,0.00%,0
WWTLS,-,-,-,-,-,-,-,-,-,-,-,-,-,61.77,0.00%,0
WWTM,4.91B,0.05%,9.49%,21.89%,17.38%,1.15,-,0.17,0.17,-,24.05%,36.87%,Aug 06/b,2056.85,0.00%,0
WWTMF,-,2.63%,-,-,-,-,-,-,-,-,-,-,-,44.00,0.00%,0
WWTMU,-,3.28%,-,-,-,-,-,-,-,-,-,-,-,24.75,0.00%,0
WWTMY,-,3.84%,-,-,-,-,-,-,-,-,-,-,-,24.50,0.00%,0
WWTPI,-,9.83%,-,-,-,-,-,-,-,-,-,-,-,33.34,0.00%,0
WWTRE,-,2.39%,-,-,-,-,-,-,-,-,-,-,-,23.71,0.00%,0
WWTRG,11.49B,3.48%,2.88%,8.08%,3.59%,0.78,0.62,1.20,1.21,38.94%,35.06%,21.60%,Aug 04/a,40.48,0.00%,1
WWTS,11.70B,0.69%,13.72%,18.81%,16.71%,2.66,1.60,0.05,0.05,48.79%,19.46%,14.34%,Aug 05/a,350.62,0.00%,0
WWTTR,2.66B,1.41%,1.92%,3.46%,2.53%,1.58,1.40,0.21,0.28,15.81%,4.40%,2.24%,Aug 04/a,20.60,0.00%,0
WWTV,-,1.81%,-,-,-,-,-,-,-,-,-,-,-,108.84,2.30%,"3,034"
WWTW,28.49B,1.24%,5.30%,19.83%,11.24%,1.10,1.10,0.81,0.92,81.24%,23.40%,15.49%,Jul 30/b,306.82,0.00%,0
WWU,1.94B,14.68%,4.96%,43.97%,11.74%,0.22,0.22,2.68,2.95,30.51%,16.77%,9.81%,Jul 30/a,6.23,0.48%,"4,645"
WWUGI,-,0.22%,-,-,-,-,-,-,-,-,-,-,-,89.76,0.00%,0
WWULF,8.67B,-,-43.71%,-1212.12%,-46.53%,0.75,0.75,27.44,35.56,6.33%,-227.32%,-1179.94%,Aug 05/b,17.37,-0.46%,"37,709"
WWULX,-,-,-,-,-,-,-,-,-,-,-,-,-,17.12,-3.60%,"1,621"
WWVE,829.57M,-,-49.95%,-67.42%,-41.02%,9.99,9.99,0.09,0.10,85.98%,-333.36%,-309.73%,Jul 30/b,4.21,-1.06%,198
WWVVI,10.11M,-,-2.13%,-3.31%,-2.53%,2.92,0.36,0.33,0.42,59.12%,-7.94%,-12.12%,-,2.03,0.00%,0
WWW,163.88M,-,-10.81%,-30.71%,-14.39%,1.38,1.38,1.53,1.53,58.26%,-6.93%,-15.22%,Aug 05/a,16.39,0.00%,0
WWWD,19.16B,0.38%,11.14%,22.34%,17.75%,1.65,1.14,0.26,0.55,29.47%,15.84%,13.17%,Jul 29/a,324.50,-0.20%,334
WWWJD,-,2.47%,-,-,-,-,-,-,-,-,-,-,-,40.05,0.00%,0
WWWR,71.65M,-,-17.70%,-19.10%,-16.82%,5.14,5.14,0.00,0.01,-,-,-,Aug 10/b,0.56,0.96%,"8,112"
WWWW,1.60B,2.05%,6.00%,26.60%,9.56%,1.55,0.98,1.46,1.66,46.90%,8.69%,5.41%,Aug 13/b,19.48,0.00%,0
WWX,-,-,-,-,-,-,-,-,-,-,-,-,-,25.00,0.00%,0
WWXET,-,1.41%,-,-,-,-,-,-,-,-,-,-,-,24.00,0.00%,0
WWXM,34.34M,-,-,-,-83.80%,1.31,1.11,0.09,0.60,14.28%,-71.07%,-77.41%,-,4.23,0.00%,0
WWY,15.14B,4.00%,2.86%,4.97%,3.20%,1.82,1.15,0.56,0.58,14.51%,6.16%,6.89%,Jul 30/a,21.01,0.00%,"1,848"
WWYFI,756.26M,-,-7.06%,-13.77%,-7.60%,0.77,0.77,0.76,0.95,32.15%,-37.13%,-47.07%,Aug 12/b,19.47,-1.98%,"3,146"
WWYFL,-,-,-,-,-,-,-,-,-,-,-,-,-,4.70,-2.49%,715
WWYHG,149.08M,-,2.85%,3.53%,3.11%,5.62,5.42,0.09,0.17,26.42%,6.32%,4.45%,-,4.19,0.00%,"1,001"
WWYNN,8.58B,1.26%,3.47%,-,4.18%,0.91,0.88,-,-,32.09%,16.30%,6.06%,Aug 04/a,83.33,0.01%,330
WWYY,122.28M,-,-1.53%,-10.44%,-8.30%,0.98,0.97,0.30,0.37,13.55%,-0.83%,-0.81%,Aug 13/a,12.23,0.00%,0
WWZRD,-,54.33%,-,-,-,-,-,-,-,-,-,-,-,6.81,0.00%,0
XXA,-,-,-,-,-,-,-,-,-,-,-,-,-,43.39,0.00%,0
XXAGG,-,5.67%,-,-,-,-,-,-,-,-,-,-,-,49.20,0.00%,0
XXAGI,-,-,-,-,-,-,-,-,-,-,-,-,-,21.95,0.00%,0
XXAIR,2.99M,-,-109.80%,-561.77%,-133.22%,3.31,3.12,11.57,11.80,4.18%,-364.76%,-435.71%,Aug 13/b,3.04,-2.88%,95
XXAIW,-,-,-,-,-,-,-,-,-,-,-,-,-,25.22,0.00%,0
XXAIX,-,0.37%,-,-,-,-,-,-,-,-,-,-,-,59.81,0.00%,0
XXAPR,-,-,-,-,-,-,-,-,-,-,-,-,-,38.63,0.00%,0
XXAR,-,0.17%,-,-,-,-,-,-,-,-,-,-,-,243.55,0.00%,0
XXAUG,-,-,-,-,-,-,-,-,-,-,-,-,-,39.76,0.00%,0
XXB,-,6.99%,-,-,-,-,-,-,-,-,-,-,-,38.76,0.00%,0
XXBAP,-,-,-,-,-,-,-,-,-,-,-,-,-,42.97,0.00%,0
XXBB,-,5.52%,-,-,-,-,-,-,-,-,-,-,-,40.28,0.00%,0
XXBCI,-,24.86%,-,-,-,-,-,-,-,-,-,-,-,42.31,-0.34%,201
XXBFR,-,0.10%,-,-,-,-,-,-,-,-,-,-,-,27.08,0.00%,0
XXBI,-,0.36%,-,-,-,-,-,-,-,-,-,-,-,158.14,-0.06%,"6,756"
XXBIL,-,3.65%,-,-,-,-,-,-,-,-,-,-,-,50.08,0.00%,0
XXBIO,6.99M,-,-40.17%,-47.04%,-40.76%,7.43,7.43,0.00,0.00,-,-81.01%,-75.91%,Aug 07/b,2.98,-0.33%,135
XXBIT,66.46M,-,-28.90%,-29.94%,-35.13%,33.15,33.15,0.00,0.00,-,-,-,-,2.18,0.00%,0
XXBIX,-,-,-,-,-,-,-,-,-,-,-,-,-,36.21,0.00%,0
XXBJA,-,-,-,-,-,-,-,-,-,-,-,-,-,34.70,0.00%,0
XXBJL,-,-,-,-,-,-,-,-,-,-,-,-,-,41.16,0.00%,0
XXBNB,-,0.01%,-,-,-,-,-,-,-,-,-,-,-,34.99,0.00%,0
XXBOC,-,-,-,-,-,-,-,-,-,-,-,-,-,36.38,0.00%,0
XXBOX,-,-,-,-,-,-,-,-,-,-,-,-,-,101.03,0.00%,0
XXBP,39.09M,-,232.70%,11938.45%,259.86%,0.64,0.60,7.99,8.92,14.88%,-2.27%,134.93%,Aug 13/a,3.29,0.00%,0
XXBTY,-,132.03%,-,-,-,-,-,-,-,-,-,-,-,5.61,0.36%,114
XXC,-,1.99%,-,-,-,-,-,-,-,-,-,-,-,32.03,0.00%,0
XXCBE,282.23M,-,-,-,1.20%,5.10,5.10,0.00,0.00,-,-,-,-,10.01,0.00%,0
XXCCC,-,9.26%,-,-,-,-,-,-,-,-,-,-,-,34.99,0.00%,0
XXCEM,-,2.36%,-,-,-,-,-,-,-,-,-,-,-,52.97,0.40%,104
XXCH,9.89M,-,-81.96%,-204.68%,-315.19%,1.23,0.76,0.10,0.93,40.60%,-158.89%,-158.33%,Sep 18/a,3.22,0.00%,0
XXCHG,-,0.49%,-,-,-,-,-,-,-,-,-,-,-,27.68,0.00%,0
XXCLR,-,1.00%,-,-,-,-,-,-,-,-,-,-,-,28.14,0.00%,0
XXCNY,-,2.16%,-,-,-,-,-,-,-,-,-,-,-,34.49,0.00%,0
XXCOM,-,-,-,-,-,-,-,-,-,-,-,-,-,27.50,0.00%,0
XXCOR,-,0.38%,-,-,-,-,-,-,-,-,-,-,-,90.53,0.00%,0
XXCSH,-,-,-,-,-,-,-,-,-,-,-,-,-,100.39,0.00%,0
XXCUR,8.32M,-,-54.98%,-168.37%,-847.90%,0.56,0.56,0.00,0.00,-,-,-,Mar 25/a,1.27,0.79%,248
XXDAT,-,-,-,-,-,-,-,-,-,-,-,-,-,28.19,0.00%,0
XXDEC,-,-,-,-,-,-,-,-,-,-,-,-,-,43.83,0.00%,0
XXDEF,-,1.58%,-,-,-,-,-,-,-,-,-,-,-,22.05,0.00%,0
XXDIV,-,-,-,-,-,-,-,-,-,-,-,-,-,31.62,0.00%,0
XXDQQ,-,-,-,-,-,-,-,-,-,-,-,-,-,41.52,0.00%,0
XXDSQ,-,-,-,-,-,-,-,-,-,-,-,-,-,45.36,0.00%,0
XXDTE,-,29.90%,-,-,-,-,-,-,-,-,-,-,-,38.73,0.08%,845
XXE,6.65B,-,-,-,-,17.20,17.20,0.01,0.01,-,-,-,Aug 13/b,16.37,0.00%,"17,674"
XXEL,44.88B,3.33%,2.75%,9.92%,3.60%,0.70,0.62,1.58,1.73,25.98%,21.16%,15.29%,Jul 30/b,71.85,0.00%,3
XXELB,5.58M,-,-39.27%,-81.50%,-58.23%,0.28,0.28,0.94,1.20,23.09%,-159.72%,-343.68%,Aug 13/a,0.85,0.00%,0
XXEMD,-,5.54%,-,-,-,-,-,-,-,-,-,-,-,43.97,0.00%,0
XXEML,-,1.97%,-,-,-,-,-,-,-,-,-,-,-,24.87,0.00%,0
XXENE,3.78B,-,-41.54%,-43.62%,-32.80%,21.02,21.02,0.00,0.01,-,-,-,Aug 06/a,39.00,0.03%,957
XXERS,1.63B,-,-4.60%,-,-8.19%,1.45,1.02,-,-,83.34%,10.91%,-5.12%,Aug 06/b,8.96,1.82%,"1,237"
XXES,-,1.05%,-,-,-,-,-,-,-,-,-,-,-,114.05,0.00%,0
XXEUR,-,-,-,-,-,-,-,-,-,-,-,-,-,24.94,0.00%,0
XXEY,-,20.83%,-,-,-,-,-,-,-,-,-,-,-,20.37,0.00%,0
XXFEB,-,-,-,-,-,-,-,-,-,-,-,-,-,38.26,0.00%,0
XXFIV,-,4.00%,-,-,-,-,-,-,-,-,-,-,-,47.21,0.00%,0
XXFLH,173.80M,-,-,-,-,14.32,14.32,0.00,0.00,-,-,-,-,10.06,0.00%,0
XXFLT,298.07M,16.86%,-,-,-,-,-,-,-,-,-,-,-,19.57,0.00%,0
XXFLX,-,9.66%,-,-,-,-,-,-,-,-,-,-,-,22.69,0.00%,0
XXFOR,346.52M,-,-50.32%,-113.08%,-38.82%,11.30,11.02,0.49,0.50,80.77%,-554.71%,-568.80%,Aug 06/a,3.49,0.00%,0
XXGN,208.82M,-,-34.19%,-113.82%,-50.75%,3.18,2.88,2.05,2.26,58.64%,-18.58%,-26.61%,Aug 04/b,8.62,0.00%,0
XXHB,-,1.13%,-,-,-,-,-,-,-,-,-,-,-,96.96,0.00%,0
XXHE,-,0.06%,-,-,-,-,-,-,-,-,-,-,-,91.26,0.00%,0
XXHG,110.91M,-,-97.62%,-,-,0.04,0.03,-,-,2.42%,-7.45%,-22.69%,-,2.38,0.00%,0
XXHLD,125.28M,-,-173.20%,-302.77%,-277.77%,3.01,3.01,0.00,0.08,63.64%,-463.85%,-627.50%,Aug 10/b,10.46,0.00%,"3,795"
XXHLF,-,3.46%,-,-,-,-,-,-,-,-,-,-,-,50.20,0.00%,0
XXHOA,-,-,-,-,-,-,-,-,-,-,-,-,-,23.79,0.00%,0
XXHR,1.65B,3.14%,-0.26%,-0.62%,-0.29%,2.18,2.18,1.24,1.25,14.36%,6.64%,-0.70%,Jul 30/b,17.86,0.00%,0
XXHS,-,0.16%,-,-,-,-,-,-,-,-,-,-,-,135.33,0.00%,0
XXIDE,-,6.27%,-,-,-,-,-,-,-,-,-,-,-,30.37,0.00%,0
XXIDV,-,5.74%,-,-,-,-,-,-,-,-,-,-,-,38.99,0.00%,0
XXIFR,2.09B,-,0.33%,2.05%,0.69%,1.27,1.14,1.83,1.86,5.26%,-0.33%,5.26%,Jul 28/b,10.84,0.00%,0
XXIGV,-,-,-,-,-,-,-,-,-,-,-,-,-,24.42,0.00%,0
XXIII,-,-,-,-,-,-,-,-,-,-,-,-,-,10.11,-0.20%,100
XXIJN,-,6.92%,-,-,-,-,-,-,-,-,-,-,-,30.83,0.00%,0
XXIMR,-,6.72%,-,-,-,-,-,-,-,-,-,-,-,31.39,0.00%,0
XXISE,-,6.03%,-,-,-,-,-,-,-,-,-,-,-,30.23,0.00%,0
XXITK,-,-,-,-,-,-,-,-,-,-,-,-,-,202.73,0.00%,0
XXIWC,-,-,-,-,-,-,-,-,-,-,-,-,-,23.70,0.00%,0
XXJAN,-,-,-,-,-,-,-,-,-,-,-,-,-,39.31,0.00%,0
XXJH,-,1.14%,-,-,-,-,-,-,-,-,-,-,-,49.62,0.00%,0
XXJR,-,0.94%,-,-,-,-,-,-,-,-,-,-,-,49.34,0.00%,0
XXJUL,-,-,-,-,-,-,-,-,-,-,-,-,-,41.79,0.00%,0
XXJUN,-,-,-,-,-,-,-,-,-,-,-,-,-,45.42,0.00%,0
XXKRE,-,-,-,-,-,-,-,-,-,-,-,-,-,26.30,0.00%,0
XXLAB,85.68M,-,5.79%,5.81%,2.90%,0.24,0.24,0.00,0.00,-,-,-,-,3.00,7.14%,27
XXLB,-,1.74%,-,-,-,-,-,-,-,-,-,-,-,49.55,-0.32%,50
XXLBI,-,15.50%,-,-,-,-,-,-,-,-,-,-,-,23.28,0.00%,0
XXLBX,-,-,-,-,-,-,-,-,-,-,-,-,-,22.67,0.00%,0
XXLC,-,1.23%,-,-,-,-,-,-,-,-,-,-,-,112.69,-1.79%,454
XXLCD,-,-,-,-,-,-,-,-,-,-,-,-,-,43.88,0.00%,0
XXLCI,-,11.60%,-,-,-,-,-,-,-,-,-,-,-,24.25,0.00%,0
XXLCU,-,-,-,-,-,-,-,-,-,-,-,-,-,27.70,0.00%,0
XXLE,-,2.45%,-,-,-,-,-,-,-,-,-,-,-,62.11,-0.56%,"72,169"
XXLEI,-,18.55%,-,-,-,-,-,-,-,-,-,-,-,27.91,0.54%,"2,330"
XXLEX,-,-,-,-,-,-,-,-,-,-,-,-,-,28.34,0.00%,0
XXLF,-,1.48%,-,-,-,-,-,-,-,-,-,-,-,55.70,-0.36%,"14,035"
XXLFI,-,11.55%,-,-,-,-,-,-,-,-,-,-,-,23.82,0.00%,0
XXLFX,-,-,-,-,-,-,-,-,-,-,-,-,-,28.77,0.00%,0
XXLG,-,0.61%,-,-,-,-,-,-,-,-,-,-,-,64.41,0.00%,0
XXLI,-,1.12%,-,-,-,-,-,-,-,-,-,-,-,168.50,-0.87%,260
XXLII,-,12.90%,-,-,-,-,-,-,-,-,-,-,-,24.49,0.00%,0
XXLIX,-,-,-,-,-,-,-,-,-,-,-,-,-,23.05,0.00%,0
XXLK,-,0.43%,-,-,-,-,-,-,-,-,-,-,-,194.30,-0.28%,"8,451"
XXLKI,-,17.89%,-,-,-,-,-,-,-,-,-,-,-,27.25,0.00%,0
XXLKX,-,-,-,-,-,-,-,-,-,-,-,-,-,22.83,0.00%,0
XXLO,59.35M,-,-15.16%,-55.03%,-28.30%,4.25,4.25,0.07,0.09,97.91%,-48.94%,-34.06%,Aug 12/b,9.02,0.00%,0
XXLP,-,2.68%,-,-,-,-,-,-,-,-,-,-,-,82.12,0.24%,"1,202"
XXLPD,-,-,-,-,-,-,-,-,-,-,-,-,-,51.10,0.00%,0
XXLPU,-,-,-,-,-,-,-,-,-,-,-,-,-,24.27,0.00%,0
XXLPX,-,-,-,-,-,-,-,-,-,-,-,-,-,24.85,0.00%,0
XXLRE,-,3.38%,-,-,-,-,-,-,-,-,-,-,-,42.64,0.12%,55
XXLRI,-,13.42%,-,-,-,-,-,-,-,-,-,-,-,22.72,0.00%,0
XXLSI,-,12.64%,-,-,-,-,-,-,-,-,-,-,-,22.81,0.00%,0
XXLSR,-,0.44%,-,-,-,-,-,-,-,-,-,-,-,67.29,0.00%,0
XXLU,-,2.98%,-,-,-,-,-,-,-,-,-,-,-,40.64,-0.05%,"16,005"
XXLUI,-,16.05%,-,-,-,-,-,-,-,-,-,-,-,21.31,-4.43%,44
XXLUX,-,-,-,-,-,-,-,-,-,-,-,-,-,21.26,0.00%,0
XXLV,-,1.51%,-,-,-,-,-,-,-,-,-,-,-,168.65,-0.21%,539
XXLVI,-,12.40%,-,-,-,-,-,-,-,-,-,-,-,26.33,0.00%,0
XXLVX,-,-,-,-,-,-,-,-,-,-,-,-,-,32.71,0.00%,0
XXLY,-,0.83%,-,-,-,-,-,-,-,-,-,-,-,112.49,0.23%,14
XXLYI,-,15.25%,-,-,-,-,-,-,-,-,-,-,-,21.93,0.00%,0
XXLYX,-,-,-,-,-,-,-,-,-,-,-,-,-,22.03,0.00%,0
XXMAG,-,0.45%,-,-,-,-,-,-,-,-,-,-,-,25.87,0.00%,0
XXMAR,-,-,-,-,-,-,-,-,-,-,-,-,-,43.58,0.00%,0
XXMAX,555.46M,-,44.95%,52.87%,26.72%,28.80,27.57,0.05,0.05,22.86%,-20.51%,185.87%,-,8.61,-1.16%,264
XXMAY,-,-,-,-,-,-,-,-,-,-,-,-,-,36.99,0.00%,0
XXME,-,0.32%,-,-,-,-,-,-,-,-,-,-,-,109.00,0.00%,0
XXMHQ,-,0.58%,-,-,-,-,-,-,-,-,-,-,-,114.08,0.00%,0
XXMLV,-,3.08%,-,-,-,-,-,-,-,-,-,-,-,64.90,0.00%,0
XXMMO,-,0.67%,-,-,-,-,-,-,-,-,-,-,-,146.53,-0.81%,"2,476"
XXMPT,-,6.31%,-,-,-,-,-,-,-,-,-,-,-,20.12,0.00%,0
XXMTR,5.68B,-,-3.53%,-7.12%,-3.64%,3.21,3.19,0.42,0.57,36.28%,-3.76%,-3.82%,Aug 04/b,99.00,-0.53%,96
XXMVM,-,1.88%,-,-,-,-,-,-,-,-,-,-,-,72.23,0.00%,0
XXNAV,-,0.50%,-,-,-,-,-,-,-,-,-,-,-,93.23,0.00%,0
XXNCR,1.86B,-,-20.36%,-29.07%,-25.44%,6.39,6.39,0.28,0.34,90.30%,-205.84%,-155.59%,Aug 05/a,25.03,0.00%,0
XXNDU,2.24B,-,-19.85%,-22.86%,-16.23%,25.54,25.09,0.19,0.19,9.66%,-1410.00%,-1386.81%,Aug 05/a,7.35,-0.27%,"41,037"
XXNDX,-,-,-,-,-,-,-,-,-,-,-,-,-,4.04,-1.70%,"9,398"
XXNET,318.70M,-,-7.37%,-8.92%,-9.14%,2.03,2.03,0.03,0.06,50.62%,1.48%,-19.65%,Aug 13/b,5.00,0.00%,0
XXNOV,-,-,-,-,-,-,-,-,-,-,-,-,-,40.46,0.00%,0
XXNTK,-,0.13%,-,-,-,-,-,-,-,-,-,-,-,401.76,5.54%,1
XXOCT,-,-,-,-,-,-,-,-,-,-,-,-,-,40.33,0.00%,0
XXOEF,-,1.11%,-,-,-,-,-,-,-,-,-,-,-,29.52,0.00%,0
XXOEX,-,1.47%,-,-,-,-,-,-,-,-,-,-,-,40.37,0.00%,0
XXOM,651.00B,2.62%,7.18%,12.55%,11.23%,1.13,0.85,0.12,0.16,20.88%,11.30%,9.01%,Jul 31/b,158.32,0.01%,"21,637"
XXOMO,-,39.17%,-,-,-,-,-,-,-,-,-,-,-,10.66,0.00%,0
XXOMX,-,1.88%,-,-,-,-,-,-,-,-,-,-,-,44.90,-1.04%,57
XXONE,-,3.94%,-,-,-,-,-,-,-,-,-,-,-,49.17,0.00%,0
XXOP,-,1.70%,-,-,-,-,-,-,-,-,-,-,-,183.51,-0.67%,"21,694"
XXOS,35.77M,-,-28.90%,-94.57%,-61.81%,2.00,0.94,0.38,0.80,12.74%,-80.29%,-51.68%,Aug 13/a,2.52,-0.94%,14
XXOVL,-,-,-,-,-,-,-,-,-,-,-,-,-,21.66,0.00%,0
XXOVR,-,-,-,-,-,-,-,-,-,-,-,-,-,21.30,-0.72%,809
XXP,10.74B,4.99%,1.37%,22.69%,18.73%,0.31,0.31,0.12,3.74,68.44%,31.87%,27.62%,Aug 17/a,20.78,0.00%,0
XXPAV,-,-,-,-,-,-,-,-,-,-,-,-,-,20.95,0.00%,0
XXPAY,-,20.80%,-,-,-,-,-,-,-,-,-,-,-,52.68,0.00%,520
XXPEG,-,-,-,-,-,-,-,-,-,-,-,-,-,2.96,-1.53%,347
XXPEL,1.25B,-,13.84%,19.48%,15.08%,2.61,1.14,0.19,0.21,42.90%,13.41%,10.77%,Aug 05/b,45.36,-0.33%,10
XXPER,270.68M,-,-5.22%,-7.79%,-6.88%,2.48,2.48,0.14,0.16,61.57%,0.98%,-7.12%,Aug 05/a,5.55,0.00%,0
XXPEV,8.17B,-,-3.25%,-11.04%,-7.20%,1.11,0.86,0.58,1.51,20.70%,-6.91%,-4.21%,Aug 24/b,10.43,-0.39%,"75,933"
XXPH,-,0.41%,-,-,-,-,-,-,-,-,-,-,-,67.52,0.00%,0
XXPL,59.18M,-,-17.78%,-18.27%,-18.48%,14.21,14.21,0.00,0.00,-,-,-,Aug 06/b,0.62,0.00%,0
XXPND,-,0.08%,-,-,-,-,-,-,-,-,-,-,-,39.76,0.00%,0
XXPO,20.41B,-,4.91%,21.59%,7.19%,1.01,1.01,1.86,2.03,12.75%,9.82%,4.71%,Jul 30/b,174.34,0.00%,0
XXPOF,192.57M,-,-10.93%,-,-20.53%,0.71,0.67,-,-,78.85%,22.51%,-18.15%,Aug 06/a,3.91,0.77%,4
XXPON,4.91M,-,-91.67%,-196.30%,-130.49%,5.55,2.86,0.07,0.15,14.29%,-137.39%,-82.32%,Mar 17/b,4.85,0.00%,148
XXPP,-,2.67%,-,-,-,-,-,-,-,-,-,-,-,20.36,0.00%,0
XXPRO,1.84B,-,0.90%,1.37%,1.25%,2.05,1.69,0.10,0.11,10.08%,5.11%,1.33%,Jul 28/b,16.41,0.00%,0
XXQBT,-,-,-,-,-,-,-,-,-,-,-,-,-,24.54,0.00%,0
XXQQI,-,13.42%,-,-,-,-,-,-,-,-,-,-,-,50.30,-0.79%,934
XXQTM,-,-,-,-,-,-,-,-,-,-,-,-,-,15.26,14.99%,119
XXRAY,1.90B,0.67%,-9.69%,-32.98%,-15.90%,1.63,1.07,1.54,1.71,49.52%,5.08%,-14.99%,Aug 06/a,9.51,0.74%,2
XXRLX,-,2.57%,-,-,-,-,-,-,-,-,-,-,-,49.52,0.00%,0
XXRMI,-,12.45%,-,-,-,-,-,-,-,-,-,-,-,17.22,0.00%,0
XXRN,525.00M,6.42%,4.34%,9.99%,4.43%,0.78,0.78,0.99,0.99,41.17%,28.53%,30.06%,Aug 05/a,36.22,0.00%,0
XXRP,-,-,-,-,-,-,-,-,-,-,-,-,-,17.34,2.85%,"29,200"
XXRPC,-,-,-,-,-,-,-,-,-,-,-,-,-,16.36,2.31%,48
XXRPI,-,2.68%,-,-,-,-,-,-,-,-,-,-,-,8.35,2.20%,"4,887"
XXRPM,-,38.65%,-,-,-,-,-,-,-,-,-,-,-,10.36,-0.05%,1
XXRPN,342.08M,-,1.30%,1.37%,1.36%,0.03,0.03,0.00,0.00,-,-,-,-,10.83,2.45%,68
XXRPR,-,-,-,-,-,-,-,-,-,-,-,-,-,12.28,0.00%,0
XXRPT,-,3.23%,-,-,-,-,-,-,-,-,-,-,-,40.99,4.43%,"38,424"
XXRPZ,-,-,-,-,-,-,-,-,-,-,-,-,-,16.71,2.13%,583
XXRT,-,0.90%,-,-,-,-,-,-,-,-,-,-,-,82.56,0.00%,0
XXRTX,3.36M,-,-83.78%,-99.24%,-67.93%,3.59,3.59,0.00,0.00,-,-,-,Aug 17/b,1.85,-5.08%,647
XXRX,437.28M,9.76%,-9.95%,-98.77%,-19.72%,1.18,0.85,7.73,7.86,27.46%,1.08%,-12.11%,Jul 30/b,3.33,0.00%,0
XXSD,-,0.15%,-,-,-,-,-,-,-,-,-,-,-,524.56,0.00%,0
XXSEM,-,-,-,-,-,-,-,-,-,-,-,-,-,20.04,0.00%,0
XXSEP,-,-,-,-,-,-,-,-,-,-,-,-,-,45.40,0.00%,0
XXSHD,-,5.11%,-,-,-,-,-,-,-,-,-,-,-,13.44,0.00%,0
XXSHP,-,9.27%,-,-,-,-,-,-,-,-,-,-,-,18.66,0.00%,0
XXSHQ,-,1.23%,-,-,-,-,-,-,-,-,-,-,-,46.01,0.00%,0
XXSLL,276.39M,-,-,-,1.29%,4.55,4.55,0.00,0.00,-,-,-,-,9.98,0.00%,0
XXSLV,-,2.42%,-,-,-,-,-,-,-,-,-,-,-,50.48,0.00%,0
XXSMO,-,0.62%,-,-,-,-,-,-,-,-,-,-,-,82.39,0.00%,0
XXSOE,-,1.56%,-,-,-,-,-,-,-,-,-,-,-,48.63,0.00%,0
XXSPC,-,-,-,-,-,-,-,-,-,-,-,-,-,21.62,0.00%,0
XXSPI,-,11.17%,-,-,-,-,-,-,-,-,-,-,-,49.37,-1.95%,47
XXSVM,-,1.88%,-,-,-,-,-,-,-,-,-,-,-,67.17,0.00%,0
XXSVN,-,4.13%,-,-,-,-,-,-,-,-,-,-,-,45.58,0.00%,0
XXSW,-,-,-,-,-,-,-,-,-,-,-,-,-,201.68,0.00%,0
XXT,-,1.01%,-,-,-,-,-,-,-,-,-,-,-,83.96,0.00%,0
XXTAI,-,-,-,-,-,-,-,-,-,-,-,-,-,26.62,0.00%,0
XXTAP,-,-,-,-,-,-,-,-,-,-,-,-,-,46.83,0.00%,0
XXTEN,-,4.51%,-,-,-,-,-,-,-,-,-,-,-,43.69,0.00%,0
XXTER,204.02M,-,-,-,-,-,-,-,-,-,-,-,-,9.79,0.00%,0
XXTIA,40.01M,-,-153.49%,-457.54%,-,0.55,0.34,-,-,20.91%,-85.92%,-171.97%,Aug 12/b,1.04,2.97%,104
XXTJA,-,-,-,-,-,-,-,-,-,-,-,-,-,35.26,0.00%,0
XXTJL,-,-,-,-,-,-,-,-,-,-,-,-,-,42.69,0.00%,0
XXTL,-,0.93%,-,-,-,-,-,-,-,-,-,-,-,208.63,0.00%,0
XXTLB,10.08M,-,-,-,-,-,-,-,-,-,-,-,-,2.38,0.00%,0
XXTN,-,0.74%,-,-,-,-,-,-,-,-,-,-,-,100.98,0.00%,0
XXTND,1.11B,-,-30.76%,-35.23%,-21.35%,3.07,3.07,0.00,0.04,8.91%,-24.98%,-23.88%,Sep 02,4.45,0.00%,0
XXTNT,50.41M,-,-12.16%,-25.16%,-22.41%,2.16,1.05,0.24,0.65,59.39%,-9.58%,-10.17%,Aug 11/b,0.36,6.62%,"1,449"
XXTOC,-,-,-,-,-,-,-,-,-,-,-,-,-,37.22,0.00%,0
XXTR,-,0.85%,-,-,-,-,-,-,-,-,-,-,-,29.19,0.00%,0
XXTRE,-,4.06%,-,-,-,-,-,-,-,-,-,-,-,48.10,0.00%,0
XXTWO,-,3.94%,-,-,-,-,-,-,-,-,-,-,-,48.40,0.00%,0
XXTWY,-,4.68%,-,-,-,-,-,-,-,-,-,-,-,35.20,0.00%,0
XXUDV,-,3.39%,-,-,-,-,-,-,-,-,-,-,-,32.60,0.00%,0
XXUSM,-,-,-,-,-,-,-,-,-,-,-,-,-,25.03,0.00%,0
XXUSP,-,-,-,-,-,-,-,-,-,-,-,-,-,54.68,0.00%,0
XXV,-,12.31%,-,-,-,-,-,-,-,-,-,-,-,24.72,0.00%,0
XXVAP,-,-,-,-,-,-,-,-,-,-,-,-,-,32.57,0.00%,0
XXVNV,-,-,-,-,-,-,-,-,-,-,-,-,-,30.99,0.00%,0
XXVSP,-,-,-,-,-,-,-,-,-,-,-,-,-,32.86,0.00%,0
XXVTS,-,-,-,-,-,-,-,-,-,-,-,-,-,33.43,0.00%,0
XXVV,-,0.92%,-,-,-,-,-,-,-,-,-,-,-,59.03,0.00%,0
XXW,-,-,-,-,-,-,-,-,-,-,-,-,-,24.30,0.00%,0
XXWEL,7.77M,-,-119.98%,-1069.01%,-687.07%,2.27,2.21,-,-,31.36%,-38.13%,-117.83%,-,0.90,0.00%,0
XXWNG,-,-,-,-,-,-,-,-,-,-,-,-,-,23.48,0.00%,0
XXXI,4.26B,-,4.17%,4.22%,0.14%,25.22,25.22,0.19,0.19,-,-,-,-,6.54,-1.08%,"4,880"
XXXII,1.26M,-,-52.86%,-105.73%,-20.03%,2.61,1.90,0.05,0.09,-22.15%,-84.00%,-237.82%,Aug 13/b,1.77,0.00%,0
XXXRP,-,6.27%,-,-,-,-,-,-,-,-,-,-,-,38.50,5.29%,"56,626"
XXXV,-,16.40%,-,-,-,-,-,-,-,-,-,-,-,24.37,2.78%,12
XXXX,-,0.08%,-,-,-,-,-,-,-,-,-,-,-,22.34,0.00%,0
XXYF,114.10M,11.20%,4.29%,7.14%,6.94%,1.22,1.22,0.00,0.05,65.25%,12.85%,9.95%,Aug 24/b,5.00,-2.34%,150
XXYL,25.55B,1.58%,5.90%,9.47%,7.94%,1.61,1.24,0.23,0.29,39.09%,15.37%,11.17%,Jul 28/b,109.41,2.02%,505
XXYLD,-,10.38%,-,-,-,-,-,-,-,-,-,-,-,41.63,0.00%,23
XXYLG,-,5.40%,-,-,-,-,-,-,-,-,-,-,-,29.79,0.00%,0
XXYZ,46.74B,-,0.94%,1.62%,1.25%,2.21,2.19,0.30,0.33,45.81%,17.59%,1.43%,Aug 05/a,77.80,-0.14%,957
XXYZG,-,6.12%,-,-,-,-,-,-,-,-,-,-,-,16.12,0.00%,0
XXYZY,-,77.35%,-,-,-,-,-,-,-,-,-,-,-,23.56,0.00%,0
XXZO,1.51B,-,-,-,28.65%,1.85,1.85,0.01,0.02,62.07%,48.51%,37.76%,Aug 06/a,16.75,0.00%,0
YYAAS,20.39M,-,-115.08%,-191.88%,-142.10%,1.76,1.76,0.01,0.20,39.62%,-166.42%,-473.84%,Aug 27/b,1.30,-4.57%,116
YYALA,714.24M,-,15.46%,17.09%,15.92%,10.30,10.30,0.00,0.01,67.75%,30.81%,40.78%,Aug 17/a,5.57,0.00%,0
YYALL,-,0.49%,-,-,-,-,-,-,-,-,-,-,-,43.60,0.00%,0
YYANG,-,3.32%,-,-,-,-,-,-,-,-,-,-,-,29.60,-1.25%,"15,304"
YYARW,267.09M,-,-55.24%,-61.93%,-84.80%,15.26,15.26,0.00,0.00,95.23%,-4134.65%,-3881.54%,Aug 13/b,28.30,0.00%,0
YYB,399.93M,1.76%,30.28%,46.88%,38.74%,2.91,2.91,0.00,0.00,95.47%,32.49%,29.91%,Sep 10/b,12.35,0.00%,0
YYBIT,-,72.83%,-,-,-,-,-,-,-,-,-,-,-,21.78,-0.37%,307
YYBST,-,65.32%,-,-,-,-,-,-,-,-,-,-,-,12.06,0.00%,0
YYBTC,-,58.24%,-,-,-,-,-,-,-,-,-,-,-,19.30,-0.10%,38
YYBTY,-,82.95%,-,-,-,-,-,-,-,-,-,-,-,10.31,0.00%,0
YYCBD,4.61M,-,-25.07%,-40.33%,-28.69%,2.50,1.37,0.23,0.27,52.81%,-13.87%,-14.71%,Aug 13/a,0.41,-6.48%,"754,146"
YYCL,-,-,-,-,-,-,-,-,-,-,-,-,-,17.90,-2.20%,30
YYCLO,-,1.11%,-,-,-,-,-,-,-,-,-,-,-,25.22,0.00%,0
YYCS,-,-,-,-,-,-,-,-,-,-,-,-,-,53.75,0.00%,0
YYCY,150.74M,-,3.90%,4.02%,2.01%,1.51,1.51,0.00,0.00,-,-,-,-,10.23,0.00%,0
YYDDL,80.45M,-,-,-,26.17%,3.57,2.73,0.08,0.09,23.63%,18.02%,17.94%,Apr 28/b,1.48,0.79%,478
YYDEC,-,-,-,-,-,-,-,-,-,-,-,-,-,28.21,0.00%,0
YYDES,194.11M,-,-43.61%,-,-66.49%,5.23,3.46,0.00,0.00,-,-,-,-,2.74,4.18%,103
YYDKG,4.67M,-,-86.57%,-103.48%,-54.97%,203.48,203.48,0.00,0.00,-29.92%,-149.24%,-373.39%,-,0.84,-4.16%,152
YYEAR,-,4.03%,-,-,-,-,-,-,-,-,-,-,-,50.05,-0.08%,2
YYELP,1.05B,-,12.84%,18.19%,16.64%,1.75,1.75,0.18,0.19,85.59%,12.69%,8.59%,Aug 06/a,19.41,0.00%,0
YYETH,-,79.59%,-,-,-,-,-,-,-,-,-,-,-,10.19,0.99%,24
YYETI,3.12B,1.01%,13.73%,25.32%,21.22%,1.75,0.87,0.38,0.42,59.21%,12.18%,9.24%,Aug 13/b,42.79,0.00%,0
YYEXT,635.44M,-,4.71%,27.76%,10.96%,0.76,0.76,5.68,6.22,74.49%,10.05%,5.90%,Sep 01/b,6.42,0.00%,0
YYFFI,-,4.92%,-,-,-,-,-,-,-,-,-,-,-,9.70,0.00%,0
YYFOR,20.83M,-,-86.17%,-260.44%,-178.13%,0.90,0.90,0.17,0.78,13.80%,-25.35%,-37.42%,Sep 02,1.62,-2.27%,"3,492"
YYFYA,-,5.21%,-,-,-,-,-,-,-,-,-,-,-,9.76,0.00%,0
YYGLD,-,19.35%,-,-,-,-,-,-,-,-,-,-,-,33.71,0.00%,0
YYHC,1.79M,-,-24.79%,-88.17%,-26.88%,0.96,0.96,1.28,1.28,2.73%,-908.28%,-1589.21%,-,1.37,0.00%,120
YYHGJ,7.03M,-,-13.60%,-29.50%,-27.45%,1.41,0.47,0.33,1.11,16.92%,-10.03%,-15.31%,-,2.68,0.00%,0
YYHNA,47.57M,-,2.25%,2.37%,4.06%,0.05,0.05,0.00,0.00,-,-,-,-,11.03,0.00%,0
YYI,18.92M,-,-4.99%,-,-,1.07,0.51,-,-,5.73%,-0.52%,-1.02%,Sep 17/b,3.64,0.00%,0
YYIBO,71.67M,-,-0.89%,-2.16%,-1.73%,1.68,1.43,0.26,0.97,27.53%,-1.96%,-0.84%,-,1.21,3.42%,1
YYICC,380.46M,-,-,-,-,9.49,9.49,0.00,0.00,-,-,-,-,9.93,0.00%,0
YYINN,-,3.44%,-,-,-,-,-,-,-,-,-,-,-,27.20,-1.59%,"25,217"
YYJ,4.79M,-,-,-,-,-,-,-,-,-,-,-,Aug 20/b,1.88,-3.09%,940
YYJUN,-,-,-,-,-,-,-,-,-,-,-,-,-,27.31,0.00%,0
YYLD,-,7.41%,-,-,-,-,-,-,-,-,-,-,-,18.84,0.00%,0
YYLDE,-,7.37%,-,-,-,-,-,-,-,-,-,-,-,55.80,0.00%,0
YYLDW,-,5.24%,-,-,-,-,-,-,-,-,-,-,-,25.77,0.00%,0
YYLDY,-,0.05%,-,-,-,-,-,-,-,-,-,-,-,25.05,0.00%,0
YYMAG,-,46.72%,-,-,-,-,-,-,-,-,-,-,-,11.64,0.52%,466
YYMAR,-,-,-,-,-,-,-,-,-,-,-,-,-,29.28,0.00%,0
YYMAT,5.53M,-,2.19%,4.97%,4.47%,1.03,0.99,0.09,1.15,30.97%,3.20%,3.14%,-,1.38,0.00%,411
YYMAX,-,60.23%,-,-,-,-,-,-,-,-,-,-,-,7.86,-0.02%,"9,108"
YYMM,7.65B,3.01%,9.55%,10.58%,10.15%,7.96,7.96,0.00,0.00,65.83%,33.58%,33.08%,Aug 19/b,8.20,0.00%,0
YYMT,12.14M,-,-,-,-,0.09,0.09,-,-,-,-,-,-,1.93,0.00%,"1,055"
YYNOT,-,-,-,-,-,-,-,-,-,-,-,-,-,34.13,0.00%,0
YYOKE,-,0.74%,-,-,-,-,-,-,-,-,-,-,-,31.30,0.00%,0
YYOLO,-,-,-,-,-,-,-,-,-,-,-,-,-,3.02,0.00%,0
YYORW,522.40M,2.81%,3.51%,9.00%,4.92%,1.05,0.88,0.64,0.64,55.40%,36.56%,28.53%,Aug 06/b,32.19,0.00%,0
YYOU,5.31B,1.78%,10.72%,90.29%,47.70%,1.04,1.04,0.50,0.53,63.18%,25.13%,14.78%,Aug 05/b,39.26,0.00%,0
YYOUL,31.82M,-,-,-,5.47%,2.02,2.01,0.03,0.22,10.32%,0.32%,2.31%,-,0.46,0.00%,0
YYPF,21.30B,-,2.69%,6.83%,3.87%,0.93,0.72,0.71,0.87,34.87%,20.07%,3.99%,Aug 10/b,54.16,1.84%,41
YYQ,24.76M,-,-20.87%,-37.11%,-39.88%,1.77,1.77,0.03,0.04,61.33%,-48.44%,-45.50%,Sep 08/a,3.62,0.00%,0
YYQQQ,-,29.67%,-,-,-,-,-,-,-,-,-,-,-,9.40,0.00%,0
YYRAM,-,1.47%,-,-,-,-,-,-,-,-,-,-,-,54.68,0.00%,0
YYRD,85.59M,22.45%,-5.61%,-7.81%,-8.01%,6.38,6.38,0.00,0.00,84.72%,4.03%,-14.29%,Jun 25/b,0.98,0.00%,0
YYSAG,-,-,-,-,-,-,-,-,-,-,-,-,-,66.15,0.00%,0
YYSAU,-,-,-,-,-,-,-,-,-,-,-,-,-,43.65,0.00%,0
YYSEP,-,-,-,-,-,-,-,-,-,-,-,-,-,28.65,0.00%,0
YYSG,166.44M,-,-5.28%,-7.31%,-6.38%,3.70,2.78,0.20,0.22,77.38%,-7.26%,-4.65%,Sep 02/b,2.61,0.00%,0
YYSPC,-,11.56%,-,-,-,-,-,-,-,-,-,-,-,47.29,0.00%,0
YYSPY,-,41.64%,-,-,-,-,-,-,-,-,-,-,-,15.10,0.00%,0
YYSS,1.34B,-,-,-,-,5.31,5.02,0.10,0.10,-,-,-,Aug 13/a,9.73,-0.31%,"3,403"
YYSWY,1.29B,-,-,-,-,1.48,0.91,2.39,2.42,-,-,-,Aug 13/b,20.40,0.00%,0
YYSXT,44.64M,-,5.84%,9.15%,7.90%,2.79,2.79,0.05,0.25,6.42%,4.24%,3.36%,-,1.40,0.00%,0
YYTRA,67.82M,-,-1.79%,-4.45%,-4.39%,2.24,2.24,0.04,0.28,23.57%,-3.69%,-2.43%,Aug 12/a,1.03,0.00%,0
YYUM,38.21B,2.13%,28.42%,-,63.45%,0.59,0.59,-,-,45.33%,32.42%,25.42%,Jul 30/b,140.02,0.50%,9
YYUMC,14.15B,2.68%,8.92%,17.50%,13.63%,0.96,0.78,0.34,0.43,17.23%,12.50%,7.84%,Jul 30/b,41.31,-0.39%,"4,037"
YYUNG,-,-,-,-,-,-,-,-,-,-,-,-,-,26.62,0.00%,0
YYXI,-,2.59%,-,-,-,-,-,-,-,-,-,-,-,22.24,0.00%,0
YYXT,12.37M,-,-,-,-,0.33,0.33,0.30,2.03,-,-,-,Aug 13/b,2.29,0.00%,0
YYYAI,3.26M,-,-14.44%,-17.93%,-10.30%,2.75,2.75,0.00,0.00,-4.52%,-41.18%,-68.04%,-,0.71,-4.22%,"95,416"
YYYY,-,13.30%,-,-,-,-,-,-,-,-,-,-,-,10.83,0.00%,0
YYYYM,-,3.21%,-,-,-,-,-,-,-,-,-,-,-,18.30,0.00%,0
ZZ,6.92B,-,1.03%,1.21%,1.25%,1.92,1.92,0.02,0.13,72.88%,1.78%,1.96%,Aug 05/a,30.70,0.16%,"1,586"
ZZALT,-,-,-,-,-,-,-,-,-,-,-,-,-,34.81,0.00%,0
ZZAP,-,1.77%,-,-,-,-,-,-,-,-,-,-,-,30.60,-1.51%,"1,201"
ZZAPR,-,-,-,-,-,-,-,-,-,-,-,-,-,27.00,0.00%,0
ZZAUG,-,-,-,-,-,-,-,-,-,-,-,-,-,27.87,0.00%,0
ZZBAO,5.59M,-,-20.94%,-141.52%,-292.76%,0.86,0.86,0.09,2.92,41.33%,-16.19%,-19.33%,Mar 31,0.11,-5.79%,"52,078"
ZZBH,17.99B,1.10%,3.53%,6.42%,4.27%,1.69,0.94,0.50,0.59,61.43%,16.33%,9.48%,Aug 05/b,94.32,0.00%,6
ZZBIO,2.14B,-,-97.39%,-199.04%,-76.18%,9.93,9.93,1.57,1.58,96.90%,-27390.10%,-48438.40%,Aug 13/b,32.80,0.77%,354
ZZBRA,16.65B,-,6.50%,15.29%,13.20%,0.52,0.33,0.19,0.86,47.56%,17.16%,9.16%,Aug 04/b,352.00,0.33%,440
ZZCBA,-,2.62%,-,-,-,-,-,-,-,-,-,-,-,48.05,0.00%,0
ZZCBB,-,2.65%,-,-,-,-,-,-,-,-,-,-,-,47.75,0.00%,0
ZZCBC,-,2.73%,-,-,-,-,-,-,-,-,-,-,-,47.62,0.00%,0
ZZCBE,-,2.81%,-,-,-,-,-,-,-,-,-,-,-,47.47,0.00%,0
ZZCBF,-,2.89%,-,-,-,-,-,-,-,-,-,-,-,47.31,0.00%,0
ZZCBG,-,2.95%,-,-,-,-,-,-,-,-,-,-,-,47.28,0.00%,0
ZZCMD,6.83M,-,-25.14%,-31.98%,-33.87%,11.11,11.11,0.00,0.00,42.47%,-54.43%,-55.47%,-,0.77,-2.92%,"12,604"
ZZCSH,-,-,-,-,-,-,-,-,-,-,-,-,-,121.42,2.93%,"11,866"
ZZD,1.97B,-,-1.49%,-2.75%,-1.12%,2.16,2.16,0.32,0.39,69.25%,10.20%,-2.50%,Aug 06/a,57.47,0.00%,0
ZZDAI,13.25M,-,-,-,-88.74%,3.90,3.90,0.11,0.19,-27.98%,-153.74%,-148.83%,-,1.58,0.00%,0
ZZDEK,-,-,-,-,-,-,-,-,-,-,-,-,-,26.84,0.00%,0
ZZDGE,40.25M,2.34%,-3.14%,-4.26%,-4.62%,3.21,3.21,0.00,0.01,90.72%,8.50%,-3.62%,Jun 11/a,3.08,0.00%,0
ZZDIS,-,-,-,-,-,-,-,-,-,-,-,-,-,60.10,0.00%,0
ZZECP,-,0.73%,-,-,-,-,-,-,-,-,-,-,-,37.58,0.00%,0
ZZENA,137.17M,-,-92.65%,-134.07%,-71.51%,2.64,2.47,0.14,0.20,83.01%,-217.50%,-332.51%,Aug 18,1.54,0.65%,"13,045"
ZZEO,16.74M,-,-21.68%,-,-109.32%,1.43,1.37,0.09,0.19,48.55%,-16.60%,-15.43%,-,0.27,-13.69%,"1,670,696"
ZZEPP,37.23M,-,-7.88%,-21.29%,-18.02%,0.90,0.70,0.31,1.33,38.59%,-12.59%,-15.79%,Sep 02/b,4.39,0.00%,0
ZZETA,7.89B,-,-0.17%,-0.27%,-0.19%,2.38,2.38,0.23,0.24,54.19%,3.40%,-0.14%,Aug 04/a,31.45,0.96%,"15,434"
ZZFEB,-,-,-,-,-,-,-,-,-,-,-,-,-,26.37,0.00%,0
ZZG,6.91B,-,1.03%,1.21%,1.25%,1.92,1.92,0.02,0.13,72.88%,1.78%,1.96%,Aug 05/a,31.13,0.00%,0
ZZGN,7.09B,1.21%,2.73%,8.24%,4.12%,1.47,0.80,0.88,1.11,56.07%,8.54%,3.98%,Sep 03/b,12.42,0.00%,0
ZZH,205.45M,-,-5.52%,-7.63%,-7.89%,3.73,3.72,0.00,0.03,57.87%,-14.16%,-11.28%,Aug 26/b,3.45,0.00%,0
ZZHDG,-,2.41%,-,-,-,-,-,-,-,-,-,-,-,24.04,0.00%,0
ZZHOG,-,5.17%,-,-,-,-,-,-,-,-,-,-,-,50.48,0.00%,0
ZZIG,-,1.78%,-,-,-,-,-,-,-,-,-,-,-,38.83,0.00%,0
ZZIM,3.67B,7.85%,1.27%,3.56%,1.71%,1.24,1.15,1.09,1.37,10.97%,5.67%,2.15%,Aug 19/b,30.48,0.07%,"1,259"
ZZINC,-,-,-,-,-,-,-,-,-,-,-,-,-,26.02,0.00%,0
ZZINN,-,-,-,-,-,-,-,-,-,-,-,-,-,41.14,0.00%,0
ZZION,9.48B,2.82%,1.30%,16.19%,11.71%,0.15,-,0.29,0.45,-,29.06%,22.30%,Jul 20/a,64.98,0.00%,0
ZZIP,319.04M,-,6.14%,-,12.24%,2.99,2.99,-,-,89.12%,0.35%,6.20%,Aug 05/a,3.88,0.00%,0
ZZJAN,-,-,-,-,-,-,-,-,-,-,-,-,-,28.41,0.00%,0
ZZJK,129.93M,-,15.06%,27.71%,21.98%,1.85,1.47,0.07,0.17,43.67%,16.88%,18.15%,Sep 21/b,2.02,-0.98%,"1,020"
ZZJUL,-,-,-,-,-,-,-,-,-,-,-,-,-,30.34,0.00%,0
ZZJUN,-,-,-,-,-,-,-,-,-,-,-,-,-,27.79,0.00%,0
ZZJYL,162.36M,-,2.25%,4.03%,3.53%,1.95,1.64,0.09,0.68,30.62%,2.12%,5.94%,-,2.07,0.00%,198
ZZKH,371.32M,-,-0.03%,-0.06%,-0.06%,1.77,1.59,0.04,0.14,16.64%,-0.83%,-0.02%,Aug 21/b,2.87,0.00%,0
ZZKIN,77.80M,-,-29.09%,-46.97%,-34.03%,6.00,6.00,0.00,0.09,5.78%,-30.97%,-62.68%,-,1.07,0.00%,0
ZZKP,392.11M,-,-,-,1.49%,5.16,5.16,0.00,0.00,-,-,-,-,10.03,0.00%,0
ZZLAB,3.01B,-,-16.86%,-26.98%,-30.51%,2.13,1.92,0.02,0.42,56.47%,-58.74%,-41.86%,Aug 06/b,26.69,0.98%,805
ZZM,26.60B,-,26.43%,32.14%,28.71%,3.76,3.76,0.00,0.01,77.30%,23.73%,65.19%,Aug 25/a,91.17,0.30%,215
ZZMAR,-,-,-,-,-,-,-,-,-,-,-,-,-,28.67,0.00%,0
ZZMAY,-,-,-,-,-,-,-,-,-,-,-,-,-,26.35,0.00%,0
ZZMUN,-,3.26%,-,-,-,-,-,-,-,-,-,-,-,49.84,0.00%,0
ZZNB,1.48M,-,-111.19%,-126.46%,-62.65%,21.17,21.17,0.04,0.07,-4.65%,-65.14%,-457.77%,-,1.52,7.04%,715
ZZNOV,-,-,-,-,-,-,-,-,-,-,-,-,-,27.94,0.00%,0
ZZNTL,286.86M,-,-49.22%,-66.75%,-78.75%,4.82,4.82,0.23,0.26,-,-,-,Aug 06/a,3.03,0.00%,0
ZZOCT,-,-,-,-,-,-,-,-,-,-,-,-,-,28.05,0.00%,0
ZZONE,30.37M,-,-431.22%,-513.26%,-262.95%,2.94,2.82,0.00,0.01,29.09%,-1512.09%,-4664.66%,-,0.13,1.98%,"103,675"
ZZOOZ,62.40M,-,-203.02%,-224.23%,-111.54%,12.93,12.93,0.00,0.01,-,-,-,Sep 01,7.80,-2.62%,829
ZZROZ,-,5.50%,-,-,-,-,-,-,-,-,-,-,-,59.13,0.00%,0
ZZS,34.02B,-,-0.88%,-2.87%,-1.44%,1.63,1.63,0.69,0.71,76.38%,-3.65%,-1.88%,Sep 03/a,208.62,0.72%,"4,237"
ZZSB,-,0.90%,-,-,-,-,-,-,-,-,-,-,-,21.61,0.00%,0
ZZSC,-,1.57%,-,-,-,-,-,-,-,-,-,-,-,31.22,0.00%,0
ZZSEP,-,-,-,-,-,-,-,-,-,-,-,-,-,27.91,0.00%,0
ZZSL,-,-,-,-,-,-,-,-,-,-,-,-,-,23.83,2.63%,"119,218"
ZZSQR,139.92M,-,-29.91%,-31.66%,-16.57%,7.66,7.66,0.00,0.00,-429.84%,-779.25%,-785.07%,-,2.64,0.00%,0
ZZSTK,94.26M,-,-730.58%,-1959.59%,-1263.05%,0.95,0.81,0.02,0.20,-14.24%,-25.38%,-444.23%,Jul 31/b,4.32,0.00%,26
ZZTAX,-,2.22%,-,-,-,-,-,-,-,-,-,-,-,24.93,0.00%,0
ZZTEN,-,5.20%,-,-,-,-,-,-,-,-,-,-,-,48.86,0.00%,0
ZZTG,-,-,-,-,-,-,-,-,-,-,-,-,-,1.67,-0.23%,"49,373"
ZZTO,10.83B,4.11%,10.64%,16.11%,13.55%,1.67,1.64,0.16,0.35,25.10%,20.22%,19.03%,Aug 18/a,19.78,1.70%,"32,691"
ZZTOP,-,6.29%,-,-,-,-,-,-,-,-,-,-,-,50.93,0.00%,0
ZZTR,310.96M,9.97%,-,-,-,-,-,-,-,-,-,-,-,6.22,0.00%,0
ZZTRE,-,4.28%,-,-,-,-,-,-,-,-,-,-,-,49.98,0.00%,0
ZZTS,29.55B,3.00%,17.70%,64.39%,21.12%,3.08,1.84,2.93,2.93,70.22%,37.65%,27.49%,Aug 06/b,71.50,0.24%,"1,766"
ZZTWO,-,4.15%,-,-,-,-,-,-,-,-,-,-,-,50.06,0.00%,0
ZZUMZ,213.00M,-,2.03%,4.45%,2.84%,1.71,0.80,0.60,0.81,36.12%,2.36%,1.36%,Sep 10/a,13.89,0.25%,70
ZZURA,431.23M,-,-62.74%,-72.10%,-59.08%,12.90,12.90,0.00,0.00,-,-,-,Aug 11/b,4.50,0.00%,0
ZZVIA,107.51M,-,-14.39%,-18.76%,-20.64%,1.90,1.33,0.00,0.01,47.28%,-5.07%,-5.37%,Aug 05/a,1.39,0.00%,0
ZZVOL,-,71.83%,-,-,-,-,-,-,-,-,-,-,-,8.10,-0.03%,21
ZZVRA,693.01M,-,20.03%,33.44%,25.62%,5.17,5.12,0.00,0.01,94.46%,28.71%,41.15%,Aug 05/a,11.67,0.00%,0
ZZWS,7.66B,0.97%,10.03%,16.92%,12.59%,3.05,2.13,0.32,0.33,45.72%,21.33%,15.45%,Jul 28/a,46.20,0.00%,0
ZZYBT,40.30M,-,-14.98%,-26.09%,-26.28%,1.14,0.80,0.04,0.30,20.41%,-60.73%,-60.22%,-,1.36,0.41%,102
ZZYME,1.92B,-,-37.25%,-72.31%,-43.39%,6.32,6.32,3.30,3.34,75.55%,-418.99%,-404.00%,Aug 06/a,26.84,0.11%,"3,538"
